# DW1000 CIR capture - initialising
# DEV_ID (before)      : DECA - model: 1, version: 3, revision: 0
# PMSC_CTRL0 (before)  : 0xF0300400
# PMSC_CTRL0 (clks on) : 0xF0308448   RXCLKS=10 FACE=1 AMCE=1
# ACC clock enable  : OK
# DEV_ID (clks on)     : DECA - model: 1, version: 3, revision: 0
# DEV_ID (after)       : DECA - model: 1, version: 3, revision: 0
# Mode: Data rate: 110 kb/s, PRF: 64 MHz, Preamble: 2048 symbols (code #10), Channel: #5
# Waiting for frames...
# FRAME,1,RX_TS,3913995716,FP_INDEX,748.6719,FP_INT,748,RXPACC,260,RXPWR,-68.95,STD_NOISE,120.00,NTM,13,NOISE_THRESH,1560.00,PEAK_IDX,751,PEAK_AMPL,16820,START,698,elapsed_s,0.2185
sample,real,imag,amplitude,amplitude_norm
698,74,45,86.61,0.33311
699,196,300,358.35,1.37828
700,59,275,281.26,1.08176
701,27,-271,272.34,1.04747
702,165,-864,879.61,3.38313
703,241,-933,963.62,3.70624
704,422,-625,754.13,2.90049
705,-56,352,356.43,1.37087
706,-130,578,592.44,2.27861
707,62,217,225.68,0.86801
708,410,-3,410.01,1.57697
709,138,-46,145.46,0.55948
710,-43,-207,211.42,0.81315
711,34,-207,209.77,0.80682
712,-14,-230,230.43,0.88625
713,-10,-41,42.20,0.16231
714,39,161,165.66,0.63714
715,22,80,82.97,0.31911
716,211,21,212.04,0.81555
717,-5,-556,556.02,2.13855
718,222,-905,931.83,3.58397
719,181,-858,876.88,3.37263
720,210,-510,551.54,2.12132
721,108,433,446.27,1.71641
722,-19,486,486.37,1.87066
723,146,-81,166.96,0.64217
724,235,-359,429.08,1.65029
725,274,-383,470.92,1.81123
726,99,-701,707.96,2.72291
727,-130,-741,752.32,2.89353
728,-58,-594,596.82,2.29548
729,331,134,357.10,1.37344
730,174,531,558.78,2.14916
731,17,183,183.79,0.70688
732,-2,211,211.01,0.81157
733,-56,755,757.07,2.91182
734,-107,1124,1129.08,4.34262
735,-217,966,990.07,3.80797
736,-265,725,771.91,2.96890
737,-55,-87,102.93,0.39587
738,82,-360,369.22,1.42008
739,-5,233,233.05,0.89636
740,139,558,575.05,2.21174
741,144,749,762.72,2.93353
742,143,921,932.04,3.58475
743,-116,1037,1043.47,4.01334
744,-85,756,760.76,2.92601
745,229,7,229.11,0.88118
746,-15,-179,179.63,0.69087
747,-474,34,475.22,1.82776
748,-2892,63,2892.69,11.12572
749,-11617,-1037,11663.19,44.85843
750,-16348,-1142,16387.84,63.03015
751,-16464,-1295,16514.85,63.51866
752,-12697,-3190,13091.60,50.35229
753,4395,-3665,5722.61,22.01003
754,10772,-1752,10913.55,41.97518
755,2201,369,2231.72,8.58353
756,-2769,1167,3004.87,11.55720
757,236,1210,1232.80,4.74154
758,1905,1289,2300.12,8.84661
759,1170,1243,1707.03,6.56550
760,524,1117,1233.80,4.74539
761,618,454,766.84,2.94938
762,1313,150,1321.54,5.08285
763,1777,-331,1807.56,6.95217
764,1017,-440,1108.10,4.26193
765,162,93,186.80,0.71845
766,241,1179,1203.38,4.62838
767,939,1502,1771.36,6.81293
768,1869,205,1880.21,7.23157
769,2202,-1069,2447.77,9.41449
770,327,253,413.45,1.59018
771,-1463,1472,2075.37,7.98219
772,-796,-241,831.68,3.19878
773,1300,-2663,2963.37,11.39758
774,1264,-1459,1930.38,7.42455
775,336,1344,1385.36,5.32832
776,-484,2597,2641.72,10.16045
777,-107,1352,1356.23,5.21626
778,963,-354,1026.00,3.94617
779,2258,-758,2381.83,9.16090
780,3658,-102,3659.42,14.07470
781,2894,528,2941.77,11.31451
782,896,120,904.00,3.47692
783,-376,-192,422.18,1.62379
784,-1356,-551,1463.67,5.62951
785,-693,-1321,1491.74,5.73746
786,2064,-2753,3440.80,13.23385
787,5476,-3183,6333.88,24.36109
788,5640,-1597,5861.74,22.54516
789,2089,128,2092.92,8.04968
790,-379,187,422.62,1.62547
791,-442,-560,713.42,2.74391
792,110,-1051,1056.74,4.06439
793,543,-392,669.71,2.57581
794,449,88,457.54,1.75978
795,-167,87,188.30,0.72424
796,-245,-342,420.70,1.61808
797,162,-637,657.28,2.52799
798,428,-675,799.26,3.07406
799,295,-665,727.50,2.79806
800,-84,-78,114.63,0.44088
801,-837,1318,1561.31,6.00504
802,-955,1993,2209.99,8.49998
803,-583,1601,1703.85,6.55325
804,271,826,869.32,3.34354
805,827,740,1109.74,4.26824
806,520,695,868.00,3.33846
807,459,565,727.95,2.79979
808,596,841,1030.77,3.96452
809,67,673,676.33,2.60126
810,-305,539,619.31,2.38197
811,-129,572,586.37,2.25525
812,190,302,356.80,1.37230
813,393,-25,393.79,1.51459
814,473,-168,501.95,1.93057
815,689,-148,704.72,2.71045
816,739,-329,808.93,3.11126
817,459,-126,475.98,1.83069
818,589,226,630.87,2.42642
819,655,364,749.35,2.88210
820,291,-104,309.03,1.18856
821,-249,-716,758.06,2.91562
822,-130,-294,321.46,1.23638
823,231,455,510.28,1.96262
824,657,827,1056.21,4.06234
825,1063,777,1316.70,5.06423
826,879,1242,1521.58,5.85223
827,125,1441,1446.41,5.56312
828,-811,736,1095.18,4.21223
829,-664,-413,781.96,3.00755
830,315,-589,667.94,2.56901
831,581,-30,581.77,2.23759
832,549,559,783.51,3.01349
833,53,780,781.80,3.00692
834,-17,384,384.38,1.47837
835,535,8,535.06,2.05792
836,1102,-53,1103.27,4.24336
837,705,26,705.48,2.71338
838,389,32,390.31,1.50121
839,304,-180,353.29,1.35882
840,766,-176,785.96,3.02292
841,927,224,953.68,3.66800
842,327,288,435.74,1.67594
843,-150,-1,150.00,0.57694
844,-212,43,216.32,0.83199
845,116,217,246.06,0.94638
846,193,272,333.52,1.28275
847,51,234,239.49,0.92113
# END
# FRAME,2,RX_TS,10303791601,FP_INDEX,749.7500,FP_INT,749,RXPACC,266,RXPWR,-68.62,STD_NOISE,120.00,NTM,13,NOISE_THRESH,1560.00,PEAK_IDX,752,PEAK_AMPL,17954,START,699,elapsed_s,0.3221
sample,real,imag,amplitude,amplitude_norm
699,-1,84,84.01,0.31581
700,-222,-56,228.95,0.86073
701,-62,-221,229.53,0.86290
702,123,267,293.97,1.10515
703,188,975,992.96,3.73293
704,217,1024,1046.74,3.93511
705,-10,778,778.06,2.92505
706,-19,-255,255.71,0.96130
707,-89,-476,484.25,1.82048
708,-90,-91,127.99,0.48116
709,-270,255,371.38,1.39617
710,-41,213,216.91,0.81545
711,190,184,264.49,0.99433
712,75,242,253.36,0.95246
713,153,260,301.68,1.13412
714,88,114,144.01,0.54141
715,-56,-98,112.87,0.42433
716,-78,-16,79.62,0.29934
717,-105,121,160.21,0.60228
718,271,474,546.00,2.05263
719,224,989,1014.05,3.81222
720,241,992,1020.86,3.83780
721,92,609,615.91,2.31545
722,-114,-264,287.56,1.08106
723,-126,-416,434.66,1.63407
724,10,170,170.29,0.64020
725,-1,452,452.00,1.69925
726,-47,495,497.23,1.86927
727,245,714,754.86,2.83784
728,505,713,873.72,3.28468
729,435,478,646.30,2.42971
730,-248,54,253.81,0.95418
731,-328,-355,483.33,1.81703
732,90,-145,170.66,0.64158
733,104,-177,205.29,0.77178
734,-103,-671,678.86,2.55210
735,-281,-1042,1079.22,4.05723
736,-208,-955,977.39,3.67439
737,22,-815,815.30,3.06503
738,147,24,148.95,0.55995
739,135,390,412.70,1.55152
740,19,-201,201.90,0.75901
741,-281,-500,573.55,2.15621
742,-410,-592,720.11,2.70720
743,-498,-730,883.69,3.32213
744,-189,-969,987.26,3.71150
745,-122,-772,781.58,2.93827
746,-84,-8,84.38,0.31722
747,184,250,310.41,1.16696
748,401,-38,402.80,1.51427
749,2510,-1028,2712.36,10.19683
750,10924,-3440,11452.83,43.05576
751,16266,-5882,17296.84,65.02571
752,16457,-6112,17555.32,65.99746
753,14181,-2561,14410.40,54.17442
754,-1417,5157,5348.13,20.10577
755,-9392,6357,11341.12,42.63581
756,-2472,804,2599.46,9.77241
757,2234,-2285,3195.62,12.01361
758,-512,-1178,1284.46,4.82878
759,-2282,-321,2304.47,8.66341
760,-1595,-585,1698.90,6.38683
761,-857,-773,1154.11,4.33877
762,-631,-274,687.92,2.58617
763,-1118,350,1171.51,4.40415
764,-1496,1043,1823.70,6.85600
765,-740,932,1190.05,4.47388
766,-168,94,192.51,0.72372
767,-574,-933,1095.43,4.11816
768,-1416,-1003,1735.24,6.52347
769,-1819,419,1866.63,7.01742
770,-1622,1894,2493.62,9.37450
771,-479,136,497.93,1.87193
772,789,-1955,2108.21,7.92560
773,937,-282,978.52,3.67863
774,-42,2959,2959.30,11.12518
775,-607,2121,2206.15,8.29379
776,-814,-990,1281.68,4.81833
777,-548,-2698,2753.09,10.34996
778,-409,-1494,1548.97,5.82321
779,-683,686,968.03,3.63922
780,-1671,1698,2382.32,8.95609
781,-3295,1641,3681.02,13.83842
782,-3108,774,3202.93,12.04108
783,-1025,256,1056.49,3.97175
784,503,18,503.32,1.89219
785,1618,-2,1618.00,6.08271
786,1438,944,1720.17,6.46680
787,-572,3244,3294.04,12.38362
788,-3502,5201,6270.12,23.57188
789,-4391,4127,6026.03,22.65424
790,-1979,1065,2247.37,8.44875
791,234,-399,462.55,1.73893
792,700,141,714.06,2.68443
793,491,891,1017.33,3.82455
794,-249,660,705.41,2.65191
795,-514,192,548.69,2.06274
796,4,-40,40.20,0.15113
797,312,205,373.32,1.40346
798,109,609,618.68,2.32586
799,-154,821,835.32,3.14030
800,-17,867,867.17,3.26003
801,153,215,263.88,0.99204
802,290,-1345,1375.91,5.17259
803,190,-2138,2146.43,8.06927
804,-11,-1666,1666.04,6.26329
805,-437,-692,818.43,3.07682
806,-1016,-341,1071.70,4.02894
807,-764,-386,855.97,3.21795
808,-697,-361,784.94,2.95090
809,-925,-571,1087.04,4.08663
810,-394,-650,760.09,2.85748
811,119,-609,620.52,2.33277
812,-46,-596,597.77,2.24727
813,-314,-52,318.28,1.19653
814,-368,283,464.23,1.74524
815,-304,336,453.11,1.70343
816,-542,417,683.85,2.57087
817,-579,685,896.92,3.37188
818,-328,440,548.80,2.06317
819,-473,31,474.01,1.78201
820,-665,-15,665.17,2.50064
821,-148,291,326.47,1.22734
822,478,654,810.06,3.04534
823,360,348,500.70,1.88234
824,-239,-233,333.78,1.25482
825,-910,-451,1015.63,3.81815
826,-1286,-330,1327.67,4.99122
827,-1211,-818,1461.38,5.49393
828,-690,-1305,1476.19,5.54957
829,407,-1026,1103.78,4.14954
830,827,174,845.11,3.17709
831,47,766,767.44,2.88511
832,-469,368,596.14,2.24113
833,-680,-248,723.81,2.72110
834,-359,-710,795.60,2.99098
835,-44,-364,366.65,1.37838
836,-425,326,535.63,2.01365
837,-969,671,1178.64,4.43099
838,-763,314,825.08,3.10182
839,-430,199,473.82,1.78126
840,-222,352,416.16,1.56451
841,-594,515,786.17,2.95552
842,-875,290,921.81,3.46543
843,-365,-74,372.43,1.40010
844,206,-50,211.98,0.79692
845,300,-26,301.12,1.13205
846,-106,-98,144.36,0.54271
847,-244,-123,273.25,1.02725
848,-148,-99,178.06,0.66939
# END
# FRAME,3,RX_TS,16693536284,FP_INDEX,749.7969,FP_INT,749,RXPACC,268,RXPWR,-68.60,STD_NOISE,124.00,NTM,13,NOISE_THRESH,1612.00,PEAK_IDX,752,PEAK_AMPL,18100,START,699,elapsed_s,0.3813
sample,real,imag,amplitude,amplitude_norm
699,-15,24,28.30,0.10560
700,-73,-259,269.09,1.00407
701,76,-279,289.17,1.07898
702,-33,305,306.78,1.14470
703,-392,874,957.88,3.57419
704,-463,984,1087.49,4.05778
705,-541,596,804.92,3.00343
706,118,-217,247.01,0.92167
707,340,-418,538.82,2.01051
708,66,-134,149.37,0.55736
709,-353,-36,354.83,1.32400
710,-135,45,142.30,0.53098
711,61,229,236.99,0.88427
712,-117,283,306.23,1.14266
713,-28,287,288.36,1.07598
714,22,163,164.48,0.61372
715,91,-90,127.99,0.47757
716,31,-22,38.01,0.14184
717,-202,-8,202.16,0.75432
718,-78,553,558.47,2.08386
719,-454,901,1008.92,3.76462
720,-357,871,941.32,3.51240
721,-361,527,638.79,2.38354
722,109,-307,325.78,1.21558
723,226,-449,502.67,1.87563
724,-102,97,140.76,0.52522
725,-239,302,385.13,1.43705
726,-271,222,350.32,1.30717
727,-230,603,645.38,2.40812
728,-76,760,763.79,2.84996
729,18,664,664.24,2.47852
730,-184,-76,199.08,0.74283
731,22,-510,510.47,1.90475
732,219,-61,227.34,0.84827
733,215,-66,224.90,0.83919
734,411,-542,680.21,2.53810
735,491,-1011,1123.92,4.19374
736,514,-844,988.20,3.68730
737,547,-593,806.76,3.01029
738,163,65,175.48,0.65478
739,-75,350,357.95,1.33562
740,181,-193,264.59,0.98729
741,88,-558,564.90,2.10782
742,92,-691,697.10,2.60111
743,159,-891,905.08,3.37715
744,487,-887,1011.90,3.77574
745,430,-718,836.91,3.12281
746,-24,-57,61.85,0.23077
747,20,332,332.60,1.24105
748,438,243,500.89,1.86900
749,2457,713,2558.36,9.54613
750,10394,4132,11185.20,41.73581
751,16199,6336,17394.04,64.90312
752,16471,6689,17777.42,66.33365
753,13118,7403,15062.75,56.20428
754,-3966,3203,5097.88,19.02193
755,-11445,-914,11481.44,42.84119
756,-2732,-947,2891.48,10.78909
757,3109,-360,3129.77,11.67826
758,430,-1179,1254.97,4.68271
759,-1553,-1792,2371.30,8.84814
760,-917,-1520,1775.19,6.62383
761,-152,-1241,1250.27,4.66520
762,-269,-609,665.76,2.48419
763,-1143,-501,1247.98,4.65664
764,-1827,-115,1830.62,6.83066
765,-1126,257,1154.96,4.30954
766,-255,-22,255.95,0.95503
767,142,-1102,1111.11,4.14594
768,-479,-1714,1779.67,6.64057
769,-1627,-786,1806.91,6.74220
770,-2477,454,2518.26,9.39650
771,-559,-143,577.00,2.15299
772,1759,-993,2019.93,7.53706
773,996,372,1063.20,3.96717
774,-1772,2245,2860.07,10.67191
775,-1751,1336,2202.48,8.21819
776,2,-1306,1306.00,4.87314
777,1319,-2507,2832.81,10.57018
778,698,-1462,1620.08,6.04506
779,-842,91,846.90,3.16009
780,-2340,262,2354.62,8.78590
781,-3577,-817,3669.12,13.69073
782,-2946,-1324,3229.84,12.05166
783,-937,-496,1060.18,3.95590
784,339,217,402.50,1.50188
785,1308,903,1589.43,5.93069
786,603,1539,1652.92,6.16760
787,-2390,2123,3196.75,11.92818
788,-5929,1643,6152.44,22.95686
789,-6172,172,6174.40,23.03879
790,-2244,-505,2300.12,8.58255
791,515,118,528.35,1.97144
792,530,779,942.20,3.51567
793,-215,950,974.03,3.63442
794,-694,262,741.81,2.76794
795,-540,-260,599.33,2.23632
796,30,78,83.57,0.31183
797,163,457,485.20,1.81044
798,-230,547,593.39,2.21413
799,-622,577,848.42,3.16574
800,-568,715,913.15,3.40729
801,-46,316,319.33,1.19153
802,1080,-924,1421.33,5.30347
803,1519,-1643,2237.59,8.34922
804,1094,-1370,1753.21,6.54182
805,155,-831,845.33,3.15422
806,-497,-868,1000.22,3.73215
807,-323,-784,847.93,3.16392
808,-294,-688,748.18,2.79173
809,-305,-1049,1092.44,4.07627
810,237,-836,868.94,3.24233
811,636,-471,791.41,2.95304
812,384,-514,641.60,2.39403
813,-92,-389,399.73,1.49153
814,-411,-53,414.40,1.54628
815,-495,77,500.95,1.86923
816,-726,50,727.72,2.71537
817,-892,122,900.30,3.35934
818,-573,-7,573.04,2.13822
819,-477,-199,516.85,1.92853
820,-416,-325,527.90,1.96979
821,-259,151,299.80,1.11867
822,62,786,788.44,2.94195
823,135,425,445.93,1.66390
824,-48,-393,395.92,1.47732
825,-296,-885,933.19,3.48205
826,-728,-1071,1295.00,4.83209
827,-569,-1369,1482.54,5.53186
828,189,-1431,1443.43,5.38592
829,1039,-535,1168.65,4.36064
830,617,587,851.62,3.17769
831,-423,559,701.01,2.61570
832,-544,-64,547.75,2.04385
833,-327,-640,718.70,2.68171
834,220,-703,736.62,2.74858
835,275,-204,342.40,1.27763
836,-440,33,441.24,1.64640
837,-1043,-161,1055.35,3.93788
838,-738,-251,779.52,2.90864
839,-414,-188,454.69,1.69659
840,-363,52,366.71,1.36830
841,-752,-9,752.05,2.80617
842,-839,-382,921.87,3.43981
843,-189,-383,427.09,1.59364
844,91,58,107.91,0.40266
845,154,133,203.48,0.75926
846,-36,-196,199.28,0.74358
847,-9,-314,314.13,1.17212
848,26,-219,220.54,0.82290
# END
# FRAME,4,RX_TS,23083332135,FP_INDEX,750.7187,FP_INT,750,RXPACC,288,RXPWR,-68.62,STD_NOISE,128.00,NTM,13,NOISE_THRESH,1664.00,PEAK_IDX,753,PEAK_AMPL,19474,START,700,elapsed_s,0.4500
sample,real,imag,amplitude,amplitude_norm
700,-13,-40,42.06,0.14604
701,-303,-126,328.15,1.13942
702,-163,-203,260.34,0.90397
703,247,320,404.24,1.40361
704,600,969,1139.72,3.95736
705,593,1126,1272.61,4.41877
706,167,737,755.68,2.62390
707,-187,-383,426.21,1.47991
708,-239,-590,636.57,2.21031
709,-112,-180,212.00,0.73611
710,-206,350,406.12,1.41015
711,21,210,211.05,0.73280
712,218,191,289.84,1.00638
713,141,288,320.66,1.11341
714,317,284,425.61,1.47782
715,50,189,195.50,0.67883
716,-196,-67,207.14,0.71922
717,-62,-32,69.77,0.24226
718,-26,139,141.41,0.49101
719,456,527,696.90,2.41978
720,455,1034,1129.68,3.92251
721,534,945,1085.44,3.76889
722,172,642,664.64,2.30778
723,-388,-261,467.62,1.62367
724,-281,-408,495.40,1.72015
725,92,248,264.51,0.91845
726,56,440,443.55,1.54010
727,34,470,471.23,1.63621
728,402,726,829.87,2.88148
729,687,542,875.06,3.03841
730,506,393,640.69,2.22462
731,-350,86,360.41,1.25143
732,-466,-280,543.65,1.88768
733,24,-86,89.29,0.31002
734,43,-246,249.73,0.86712
735,-313,-707,773.19,2.68468
736,-666,-1030,1226.56,4.25890
737,-507,-1032,1149.81,3.99241
738,-215,-783,811.98,2.81938
739,213,58,220.76,0.76651
740,303,330,448.01,1.55557
741,-70,-298,306.11,1.06289
742,-391,-417,571.64,1.98485
743,-604,-511,791.16,2.74709
744,-696,-686,977.25,3.39322
745,-429,-968,1058.80,3.67640
746,-330,-655,733.43,2.54664
747,-47,221,225.94,0.78452
748,328,140,356.63,1.23829
749,513,-319,604.09,2.09755
750,2651,-2082,3370.83,11.70429
751,11200,-7508,13483.70,46.81839
752,16120,-11851,20007.51,69.47054
753,16475,-12065,20420.33,70.90392
754,13541,-5997,14809.55,51.42204
755,-1618,7868,8032.64,27.89112
756,-7770,9878,12567.73,43.63794
757,-1629,934,1877.76,6.52001
758,1675,-3276,3679.38,12.77561
759,-1251,-818,1494.70,5.18993
760,-2503,446,2542.43,8.82786
761,-1798,-169,1805.92,6.27057
762,-1187,-554,1309.92,4.54833
763,-722,-69,725.29,2.51837
764,-1122,771,1361.37,4.72697
765,-1175,1511,1914.09,6.64615
766,-374,1051,1115.56,3.87348
767,-218,42,222.01,0.77086
768,-917,-786,1207.76,4.19361
769,-1850,-479,1911.01,6.63544
770,-1689,1284,2121.64,7.36682
771,-977,2458,2645.05,9.18420
772,-418,137,439.88,1.52736
773,224,-2125,2136.77,7.41935
774,858,-135,868.56,3.01582
775,766,3258,3346.84,11.62096
776,-114,2014,2017.22,7.00425
777,-1273,-1128,1700.86,5.90575
778,-1388,-2629,2972.91,10.32260
779,-774,-1128,1368.01,4.75005
780,-521,1060,1181.12,4.10111
781,-1457,2299,2721.81,9.45073
782,-3146,2567,4060.39,14.09859
783,-2805,1525,3192.75,11.08594
784,-790,580,980.05,3.40296
785,573,-172,598.26,2.07729
786,1722,-565,1812.32,6.29278
787,1603,764,1775.75,6.16582
788,-13,3724,3724.02,12.93063
789,-2741,6199,6777.96,23.53457
790,-3855,4881,6219.74,21.59632
791,-1648,1110,1986.96,6.89916
792,549,-426,694.89,2.41282
793,1066,247,1094.24,3.79945
794,764,859,1149.60,3.99166
795,-209,695,725.75,2.51995
796,-361,454,580.03,2.01400
797,203,177,269.33,0.93517
798,459,361,583.95,2.02762
799,302,704,766.04,2.65987
800,150,1021,1031.96,3.58319
801,295,880,928.13,3.22267
802,175,-20,176.14,0.61159
803,-327,-1774,1803.89,6.26349
804,-541,-2369,2429.99,8.43746
805,-425,-1592,1647.75,5.72136
806,-580,-391,699.49,2.42877
807,-1042,10,1042.05,3.61822
808,-893,-168,908.67,3.15509
809,-772,-142,784.95,2.72552
810,-1104,-433,1185.88,4.11763
811,-460,-850,966.49,3.35586
812,30,-809,809.56,2.81096
813,-121,-530,543.64,1.88763
814,-324,1,324.00,1.12501
815,-198,427,470.67,1.63428
816,-116,543,555.25,1.92796
817,-334,747,818.27,2.84121
818,-362,875,946.93,3.28794
819,-300,490,574.54,1.99494
820,-509,250,567.08,1.96903
821,-538,116,550.36,1.91098
822,62,289,295.58,1.02630
823,850,482,977.15,3.39289
824,465,105,476.71,1.65523
825,-373,-225,435.61,1.51253
826,-1012,-129,1020.19,3.54232
827,-1411,84,1413.50,4.90798
828,-1436,-423,1497.01,5.19794
829,-1007,-1125,1509.86,5.24257
830,294,-1176,1212.19,4.20900
831,885,-39,885.86,3.07590
832,122,758,767.76,2.66582
833,-501,388,633.68,2.20026
834,-798,-119,806.82,2.80147
835,-433,-498,659.92,2.29139
836,26,-122,124.74,0.43312
837,-302,420,517.30,1.79620
838,-825,764,1124.42,3.90424
839,-639,546,840.50,2.91840
840,-339,449,562.60,1.95348
841,-114,545,556.80,1.93332
842,-566,791,972.64,3.37724
843,-911,417,1001.90,3.47883
844,-472,-31,473.02,1.64242
845,113,-36,118.60,0.41179
846,265,-83,277.69,0.96422
847,-141,-79,161.62,0.56119
848,-265,-44,268.63,0.93274
849,-184,-108,213.35,0.74081
# END
# FRAME,5,RX_TS,29473195038,FP_INDEX,750.1875,FP_INT,750,RXPACC,264,RXPWR,-68.39,STD_NOISE,120.00,NTM,13,NOISE_THRESH,1560.00,PEAK_IDX,752,PEAK_AMPL,17980,START,700,elapsed_s,0.5287
sample,real,imag,amplitude,amplitude_norm
700,73,279,288.39,1.09239
701,-16,371,371.34,1.40661
702,-6,28,28.64,0.10847
703,345,-638,725.31,2.74737
704,456,-937,1042.07,3.94723
705,628,-811,1025.72,3.88531
706,145,18,146.11,0.55346
707,-244,563,613.60,2.32424
708,-174,352,392.66,1.48734
709,234,141,273.20,1.03484
710,330,45,333.05,1.26157
711,54,-84,99.86,0.37826
712,144,-192,240.00,0.90909
713,141,-203,247.16,0.93623
714,39,-180,184.18,0.69764
715,63,179,189.76,0.71880
716,44,167,172.70,0.65416
717,264,80,275.86,1.04491
718,122,-286,310.93,1.17778
719,367,-736,822.43,3.11525
720,493,-806,944.82,3.57886
721,429,-705,825.27,3.12601
722,160,98,187.63,0.71071
723,-162,667,686.39,2.59997
724,-20,222,222.90,0.84431
725,297,-299,421.44,1.59636
726,354,-186,399.89,1.51473
727,279,-476,551.74,2.08992
728,216,-709,741.17,2.80747
729,-37,-657,658.04,2.49258
730,179,-131,221.82,0.84021
731,171,526,553.10,2.09507
732,-46,269,272.90,1.03373
733,-14,38,40.50,0.15340
734,-164,417,448.09,1.69731
735,-431,979,1069.67,4.05180
736,-397,986,1062.92,4.02622
737,-518,850,995.40,3.77046
738,-234,263,352.03,1.33345
739,158,-432,459.99,1.74237
740,-39,-30,49.20,0.18638
741,-29,567,567.74,2.15053
742,-28,649,649.60,2.46062
743,24,898,898.32,3.40273
744,-304,891,941.43,3.56604
745,-438,858,963.33,3.64898
746,-2,362,362.01,1.37123
747,87,-231,246.84,0.93500
748,-213,-269,343.12,1.29969
749,-1168,-298,1205.42,4.56597
750,-6782,-2467,7216.76,27.33621
751,-15110,-5557,16099.45,60.98277
752,-16483,-5904,17508.47,66.31995
753,-15487,-6727,16884.90,63.95794
754,-1955,-4714,5103.31,19.33074
755,12083,-53,12083.12,45.76938
756,6513,1242,6630.36,25.11502
757,-2332,525,2390.37,9.05442
758,-1899,791,2057.15,7.79225
759,1464,1743,2276.26,8.62218
760,1381,1678,2173.21,8.23186
761,367,1351,1399.96,5.30288
762,202,865,888.27,3.36467
763,691,483,843.07,3.19345
764,1651,362,1690.22,6.40235
765,1481,-46,1481.71,5.61255
766,545,-214,585.51,2.21784
767,-113,662,671.58,2.54384
768,298,1590,1617.68,6.12759
769,1146,1349,1770.06,6.70478
770,2407,-121,2410.04,9.12894
771,1425,-356,1468.80,5.56362
772,-1030,878,1353.43,5.12664
773,-1538,416,1593.27,6.03510
774,1096,-1709,2030.25,7.69032
775,2195,-1992,2964.13,11.22778
776,815,438,925.24,3.50470
777,-904,2452,2613.33,9.89900
778,-1055,2130,2376.96,9.00362
779,346,396,525.86,1.99191
780,1826,-345,1858.31,7.03904
781,3211,331,3228.02,12.22733
782,3397,1359,3658.76,13.85892
783,1509,807,1711.24,6.48196
784,116,-118,165.47,0.62678
785,-860,-561,1026.80,3.88940
786,-1075,-1283,1673.83,6.34027
787,1079,-1516,1860.78,7.04840
788,4863,-1390,5057.75,19.15816
789,6561,-231,6565.06,24.86767
790,3788,849,3881.98,14.70446
791,65,381,386.50,1.46403
792,-615,-530,811.87,3.07525
793,11,-1063,1063.06,4.02673
794,542,-708,891.64,3.37744
795,673,103,680.84,2.57893
796,322,-24,322.89,1.22308
797,-30,-371,372.21,1.40989
798,252,-472,535.06,2.02674
799,606,-535,808.37,3.06201
800,662,-574,876.20,3.31893
801,267,-378,462.79,1.75299
802,-729,627,961.55,3.64222
803,-1396,1515,2060.11,7.80344
804,-1301,1498,1984.09,7.51548
805,-480,887,1008.55,3.82026
806,389,801,890.46,3.37296
807,384,869,950.06,3.59872
808,286,710,765.44,2.89939
809,347,990,1049.05,3.97368
810,46,1126,1126.94,4.26871
811,-542,439,697.48,2.64199
812,-556,325,644.02,2.43947
813,-52,408,411.30,1.55796
814,318,238,397.20,1.50455
815,494,-50,496.52,1.88077
816,694,-57,696.34,2.63764
817,892,-159,906.06,3.43205
818,704,-60,706.55,2.67633
819,319,344,469.14,1.77706
820,449,610,757.43,2.86906
821,434,337,549.48,2.08135
822,15,-561,561.20,2.12576
823,-95,-702,708.40,2.68333
824,-52,66,84.02,0.31827
825,247,699,741.36,2.80817
826,748,877,1152.66,4.36615
827,710,1098,1307.56,4.95287
828,113,1473,1477.33,5.59594
829,-801,1017,1294.56,4.90364
830,-903,-194,923.60,3.49850
831,130,-713,724.75,2.74528
832,660,-110,669.10,2.53448
833,519,437,678.48,2.56999
834,72,770,773.36,2.92939
835,-250,384,458.21,1.73564
836,96,-50,108.24,0.41000
837,791,133,802.10,3.03827
838,962,257,995.74,3.77173
839,497,209,539.16,2.04226
840,446,-8,446.07,1.68967
841,609,-72,613.24,2.32288
842,1013,362,1075.74,4.07477
843,412,559,694.42,2.63039
844,-38,86,94.02,0.35614
845,-111,-230,255.38,0.96736
846,-63,-38,73.57,0.27869
847,193,254,319.01,1.20836
848,94,257,273.65,1.03656
849,20,296,296.67,1.12377
# END
# FRAME,6,RX_TS,35862990809,FP_INDEX,749.7500,FP_INT,749,RXPACC,265,RXPWR,-68.80,STD_NOISE,124.00,NTM,13,NOISE_THRESH,1612.00,PEAK_IDX,752,PEAK_AMPL,17619,START,699,elapsed_s,0.5914
sample,real,imag,amplitude,amplitude_norm
699,0,1,1.00,0.00377
700,250,-117,276.02,1.04160
701,314,65,320.66,1.21003
702,-186,136,230.42,0.86950
703,-856,134,866.42,3.26953
704,-1032,160,1044.33,3.94087
705,-787,-46,788.34,2.97488
706,315,-15,315.36,1.19003
707,639,-19,639.28,2.41239
708,207,-70,218.52,0.82459
709,-113,-238,263.46,0.99420
710,-109,-113,157.00,0.59246
711,-141,138,197.29,0.74451
712,-201,106,227.24,0.85750
713,-263,123,290.34,1.09563
714,-38,69,78.77,0.29725
715,228,-54,234.31,0.88418
716,122,-56,134.24,0.50656
717,-88,-112,142.44,0.53749
718,-506,233,557.07,2.10214
719,-910,72,912.84,3.44469
720,-889,183,907.64,3.42506
721,-648,102,655.98,2.47539
722,387,-109,402.06,1.51720
723,610,-65,613.45,2.31492
724,-10,47,48.05,0.18133
725,-299,14,299.33,1.12954
726,-348,-106,363.79,1.37278
727,-619,139,634.41,2.39402
728,-692,417,807.93,3.04880
729,-474,338,582.17,2.19686
730,49,-283,287.21,1.08381
731,471,-230,524.16,1.97795
732,159,97,186.25,0.70284
733,194,81,210.23,0.79332
734,790,39,790.96,2.98476
735,1136,-108,1141.12,4.30612
736,1058,-134,1066.45,4.02435
737,873,-87,877.32,3.31066
738,4,116,116.07,0.43800
739,-294,136,323.93,1.22239
740,319,24,319.90,1.20718
741,601,-184,628.54,2.37183
742,699,-325,770.86,2.90891
743,842,-421,941.38,3.55239
744,1066,-190,1082.80,4.08604
745,815,-139,826.77,3.11988
746,51,-112,123.07,0.46440
747,-235,185,299.08,1.12861
748,142,381,406.60,1.53435
749,839,2460,2599.14,9.80807
750,2518,11022,11305.96,42.66401
751,4445,16290,16885.56,63.71909
752,4704,16485,17143.01,64.69061
753,1677,13729,13831.04,52.19262
754,-4431,-2785,5233.54,19.74922
755,-4910,-10327,11434.82,43.15025
756,-270,-2355,2370.43,8.94501
757,1995,2652,3318.60,12.52303
758,1162,-433,1240.05,4.67945
759,682,-2447,2540.26,9.58590
760,897,-1579,1816.00,6.85282
761,938,-697,1168.61,4.40985
762,331,-570,659.14,2.48731
763,-182,-1253,1266.15,4.77792
764,-769,-1535,1716.85,6.47869
765,-772,-737,1067.31,4.02759
766,-127,-150,196.54,0.74167
767,946,-456,1050.17,3.96290
768,1165,-1325,1764.33,6.65784
769,-271,-1867,1886.57,7.11912
770,-1746,-1708,2442.49,9.21696
771,-121,-429,445.74,1.68203
772,1745,857,1944.09,7.33618
773,129,790,800.46,3.02062
774,-2957,-601,3017.46,11.38663
775,-2025,-913,2221.30,8.38228
776,1093,-743,1321.63,4.98727
777,2890,-172,2895.11,10.92496
778,1541,-69,1542.54,5.82092
779,-692,-632,937.17,3.53649
780,-1664,-1943,2558.15,9.65341
781,-1249,-3529,3743.51,14.12644
782,-348,-3212,3230.80,12.19169
783,-109,-1061,1066.58,4.02485
784,-144,446,468.67,1.76857
785,-151,1587,1594.17,6.01573
786,-869,1326,1585.38,5.98257
787,-2887,-1037,3067.59,11.57583
788,-4443,-4474,6305.31,23.79362
789,-3243,-5295,6209.19,23.43091
790,-464,-2305,2351.24,8.87260
791,405,455,609.14,2.29864
792,-327,776,842.08,3.17767
793,-1102,401,1172.69,4.42525
794,-792,-266,835.48,3.15274
795,-325,-494,591.32,2.23140
796,-261,-30,262.72,0.99139
797,-352,275,446.69,1.68561
798,-668,31,668.72,2.52347
799,-840,-196,862.56,3.25496
800,-694,-73,697.83,2.63332
801,8,190,190.17,0.71762
802,1460,500,1543.24,5.82356
803,2177,496,2232.79,8.42562
804,1661,263,1681.69,6.34601
805,708,-238,746.93,2.81861
806,367,-856,931.36,3.51455
807,459,-652,797.36,3.00891
808,396,-580,702.29,2.65016
809,770,-839,1138.78,4.29729
810,874,-287,919.92,3.47138
811,772,297,827.16,3.12136
812,646,193,674.21,2.54421
813,192,-238,305.79,1.15393
814,-183,-364,407.41,1.53741
815,-297,-363,469.02,1.76988
816,-405,-492,637.25,2.40472
817,-568,-579,811.09,3.06071
818,-198,-452,493.47,1.86213
819,167,-554,578.62,2.18348
820,316,-690,758.92,2.86384
821,-93,-235,252.73,0.95371
822,-677,532,861.02,3.24913
823,-331,471,575.68,2.17236
824,264,-101,282.66,1.06664
825,575,-750,945.05,3.56624
826,483,-1181,1275.95,4.81491
827,992,-1148,1517.22,5.72537
828,1439,-502,1524.05,5.75113
829,948,589,1116.08,4.21161
830,-182,824,843.86,3.18438
831,-635,-6,635.03,2.39633
832,-188,-482,517.37,1.95233
833,390,-616,729.08,2.75124
834,682,-200,710.72,2.68197
835,297,182,348.33,1.31445
836,-167,-160,231.28,0.87274
837,-353,-712,794.70,2.99888
838,-107,-717,724.94,2.73562
839,-35,-457,458.34,1.72958
840,-233,-279,363.50,1.37169
841,-342,-629,715.96,2.70175
842,-47,-883,884.25,3.33679
843,258,-358,441.28,1.66521
844,69,199,210.62,0.79480
845,15,312,312.36,1.17872
846,170,-44,175.60,0.66265
847,238,-295,379.04,1.43033
848,250,-184,310.41,1.17137
# END
# FRAME,7,RX_TS,42252786546,FP_INDEX,748.5156,FP_INT,748,RXPACC,264,RXPWR,-69.03,STD_NOISE,128.00,NTM,13,NOISE_THRESH,1664.00,PEAK_IDX,751,PEAK_AMPL,17122,START,698,elapsed_s,0.7081
sample,real,imag,amplitude,amplitude_norm
698,-84,-63,105.00,0.39773
699,-109,-243,266.33,1.00881
700,72,-160,175.45,0.66460
701,-35,479,480.28,1.81923
702,-262,974,1008.62,3.82054
703,-280,1005,1043.28,3.95180
704,-257,498,560.40,2.12274
705,146,-361,389.41,1.47502
706,120,-482,496.71,1.88149
707,-78,-120,143.12,0.54213
708,-344,104,359.38,1.36128
709,-33,162,165.33,0.62624
710,84,315,326.01,1.23488
711,20,291,291.69,1.10487
712,25,305,306.02,1.15918
713,-53,91,105.31,0.39890
714,12,-128,128.56,0.48697
715,-21,-99,101.20,0.38334
716,-133,105,169.45,0.64186
717,-41,729,730.15,2.76573
718,-242,980,1009.44,3.82363
719,-160,934,947.61,3.58941
720,-162,417,447.36,1.69455
721,107,-451,463.52,1.75575
722,178,-388,426.88,1.61698
723,-64,231,239.70,0.90796
724,-220,340,404.97,1.53397
725,-233,432,490.83,1.85920
726,-17,741,741.20,2.80756
727,183,817,837.24,3.17138
728,108,487,498.83,1.88951
729,-181,-220,284.89,1.07912
730,2,-309,309.01,1.17048
731,130,1,130.00,0.49244
732,131,-168,213.04,0.80696
733,292,-725,781.59,2.96058
734,341,-1006,1062.22,4.02357
735,373,-888,963.16,3.64833
736,300,-567,641.47,2.42983
737,92,276,290.93,1.10201
738,4,273,273.03,1.03420
739,73,-377,384.00,1.45456
740,-114,-636,646.14,2.44749
741,-139,-850,861.29,3.26246
742,-38,-969,969.74,3.67328
743,250,-958,990.08,3.75031
744,119,-626,637.21,2.41368
745,-97,93,134.38,0.50902
746,122,316,338.73,1.28308
747,610,130,623.70,2.36249
748,3887,507,3919.93,14.84820
749,12851,2247,13045.97,49.41654
750,16448,2550,16644.49,63.04733
751,16462,2849,16706.71,63.28300
752,10826,3778,11466.28,43.43288
753,-6830,2308,7209.42,27.30842
754,-9655,420,9664.13,36.60656
755,-145,-339,368.71,1.39662
756,3327,-697,3399.23,12.87586
757,-525,-1613,1696.29,6.42533
758,-1944,-1693,2577.86,9.76464
759,-925,-1167,1489.13,5.64065
760,-333,-800,866.54,3.28234
761,-588,-447,738.62,2.79779
762,-1433,-417,1492.44,5.65318
763,-1801,94,1803.45,6.83126
764,-980,502,1101.09,4.17080
765,-209,-91,227.95,0.86345
766,-215,-1217,1235.85,4.68123
767,-907,-1362,1636.37,6.19836
768,-2107,123,2110.59,7.99465
769,-2192,1097,2451.18,9.28477
770,-42,-356,358.47,1.35784
771,1803,-1371,2265.05,8.57973
772,418,490,644.07,2.43965
773,-1918,2346,3030.25,11.47824
774,-1574,875,1800.86,6.82144
775,-183,-1670,1680.00,6.36362
776,758,-2389,2506.37,9.49382
777,234,-909,938.64,3.55544
778,-986,650,1180.97,4.47338
779,-2379,624,2459.47,9.31619
780,-3413,-448,3442.28,13.03893
781,-2472,-888,2626.66,9.94946
782,-778,-120,787.20,2.98182
783,484,390,621.58,2.35445
784,1369,886,1630.69,6.17686
785,292,1551,1578.25,5.97821
786,-3203,2629,4143.77,15.69611
787,-6419,2652,6945.26,26.30781
788,-5568,1064,5668.75,21.47254
789,-1422,-138,1428.68,5.41167
790,583,16,583.22,2.20916
791,375,588,697.40,2.64167
792,-178,896,913.51,3.46026
793,-338,331,473.08,1.79197
794,-193,232,301.78,1.14312
795,12,382,382.19,1.44768
796,-118,682,692.13,2.62172
797,-365,789,869.34,3.29294
798,-464,751,882.78,3.34386
799,-249,627,674.63,2.55543
800,368,-64,373.52,1.41486
801,1029,-1179,1564.89,5.92762
802,1096,-1604,1942.69,7.35866
803,632,-1152,1313.97,4.97717
804,-258,-690,736.66,2.79037
805,-747,-733,1046.56,3.96426
806,-378,-630,734.70,2.78295
807,-433,-594,735.07,2.78435
808,-588,-986,1148.02,4.34854
809,239,-770,806.24,3.05393
810,605,-571,831.91,3.15116
811,313,-486,578.07,2.18966
812,-304,-139,334.27,1.26618
813,-693,147,708.42,2.68341
814,-639,222,676.47,2.56237
815,-746,256,788.70,2.98751
816,-882,225,910.25,3.44790
817,-424,-64,428.80,1.62425
818,-445,-287,529.52,2.00577
819,-577,-230,621.15,2.35285
820,-288,319,429.77,1.62793
821,201,856,879.28,3.33061
822,239,347,421.34,1.59600
823,-107,-293,311.93,1.18154
824,-636,-668,922.34,3.49373
825,-902,-820,1219.02,4.61749
826,-510,-1400,1490.00,5.64394
827,230,-1367,1386.21,5.25081
828,860,-387,943.06,3.57221
829,361,696,784.05,2.96989
830,-499,579,764.36,2.89529
831,-559,-43,560.65,2.12368
832,-328,-638,717.38,2.71733
833,274,-635,691.59,2.61967
834,295,-137,325.26,1.23205
835,-334,96,347.52,1.31637
836,-904,46,905.17,3.42867
837,-617,-143,633.35,2.39907
838,-408,-116,424.17,1.60670
839,-316,121,338.37,1.28172
840,-796,34,796.73,3.01790
841,-754,-258,796.92,3.01863
842,-160,-282,324.23,1.22814
843,210,129,246.46,0.93355
844,310,105,327.30,1.23977
845,40,-198,202.00,0.76515
846,-94,-290,304.85,1.15475
847,-36,-198,201.25,0.76230
# END
# FRAME,8,RX_TS,48642572535,FP_INDEX,745.0937,FP_INT,745,RXPACC,260,RXPWR,-69.06,STD_NOISE,120.00,NTM,13,NOISE_THRESH,1560.00,PEAK_IDX,747,PEAK_AMPL,16866,START,695,elapsed_s,0.7985
sample,real,imag,amplitude,amplitude_norm
695,217,170,275.66,1.06023
696,-2,287,287.01,1.10387
697,-46,-17,49.04,0.18862
698,216,-723,754.58,2.90222
699,266,-966,1001.95,3.85367
700,353,-827,899.19,3.45841
701,95,119,152.27,0.58565
702,-20,679,679.29,2.61267
703,19,391,391.46,1.50562
704,357,10,357.14,1.37362
705,287,-62,293.62,1.12931
706,-27,-197,198.84,0.76478
707,28,-282,283.39,1.08995
708,87,-307,319.09,1.22727
709,37,-119,124.62,0.47931
710,83,148,169.68,0.65263
711,167,212,269.88,1.03798
712,354,90,365.26,1.40485
713,42,-278,281.15,1.08136
714,198,-862,884.45,3.40172
715,218,-945,969.82,3.73007
716,205,-623,655.86,2.52254
717,102,330,345.40,1.32848
718,-21,726,726.30,2.79348
719,91,91,128.69,0.49497
720,242,-378,448.83,1.72627
721,204,-257,328.12,1.26201
722,14,-505,505.19,1.94305
723,-76,-713,717.04,2.75784
724,-209,-590,625.92,2.40740
725,-36,21,41.68,0.16030
726,100,508,517.75,1.99134
727,26,210,211.60,0.81386
728,-8,137,137.23,0.52782
729,-15,529,529.21,2.03543
730,-248,1055,1083.76,4.16830
731,-131,1074,1081.96,4.16138
732,-234,858,889.34,3.42053
733,1,24,24.02,0.09239
734,39,-392,393.94,1.51514
735,-103,74,126.83,0.48779
736,7,517,517.05,1.98864
737,48,736,737.56,2.83678
738,260,934,969.51,3.72890
739,-59,988,989.76,3.80677
740,-175,845,862.93,3.31897
741,115,142,182.73,0.70279
742,118,-292,314.94,1.21131
743,-104,-195,221.00,0.85000
744,-1424,-21,1424.15,5.47752
745,-7736,-1005,7801.01,30.00388
746,-15587,-1803,15690.93,60.34974
747,-16475,-1488,16542.06,63.62331
748,-14596,-2120,14749.16,56.72752
749,1361,-1688,2168.33,8.33974
750,11938,-255,11940.72,45.92586
751,4993,245,4999.01,19.22695
752,-2654,-56,2654.59,10.20996
753,-1437,137,1443.52,5.55198
754,1833,1367,2286.61,8.79465
755,1717,1768,2464.53,9.47897
756,680,1227,1402.83,5.39550
757,390,422,574.62,2.21006
758,1198,311,1237.71,4.76042
759,1804,139,1809.35,6.95903
760,1256,-370,1309.36,5.03602
761,471,-424,633.73,2.43743
762,157,581,601.84,2.31476
763,691,1455,1610.75,6.19518
764,1785,750,1936.16,7.44678
765,2686,-878,2825.86,10.86869
766,1259,-706,1443.44,5.55169
767,-1285,1205,1761.60,6.77540
768,-1482,614,1604.16,6.16984
769,1263,-2211,2546.31,9.79350
770,2076,-2521,3265.76,12.56063
771,955,481,1069.29,4.11266
772,-558,3015,3066.20,11.79308
773,-741,2084,2211.82,8.50699
774,339,53,343.12,1.31968
775,1817,-1034,2090.61,8.04080
776,3250,-301,3263.91,12.55350
777,3466,695,3534.99,13.59613
778,1614,565,1710.04,6.57706
779,141,-11,141.43,0.54396
780,-1230,-353,1279.65,4.92174
781,-1394,-887,1652.27,6.35490
782,855,-1988,2164.06,8.32332
783,4923,-2852,5689.45,21.88250
784,6468,-2074,6792.39,26.12456
785,3717,-451,3744.26,14.40100
786,151,197,248.21,0.95467
787,-595,-78,600.09,2.30804
788,-184,-539,569.54,2.19054
789,271,-454,528.73,2.03358
790,236,-154,281.80,1.08385
791,-19,-242,242.74,0.93363
792,-33,-346,347.57,1.33681
793,219,-469,517.61,1.99081
794,491,-670,830.65,3.19481
795,516,-657,835.41,3.21310
796,56,-261,266.94,1.02669
797,-650,916,1123.19,4.31996
798,-1005,1773,2038.03,7.83857
799,-807,1618,1808.09,6.95417
800,-57,978,979.66,3.76792
801,718,701,1003.46,3.85945
802,595,752,958.92,3.68816
803,404,660,773.83,2.97628
804,680,885,1116.08,4.29260
805,294,810,861.71,3.31425
806,-445,619,762.36,2.93214
807,-583,436,728.00,2.80000
808,-290,296,414.39,1.59379
809,149,31,152.19,0.58535
810,502,-180,533.30,2.05114
811,749,-141,762.16,2.93137
812,968,-268,1004.41,3.86313
813,731,-107,738.79,2.84150
814,447,213,495.15,1.90444
815,761,352,838.47,3.22487
816,589,160,610.34,2.34748
817,40,-607,608.32,2.33968
818,-210,-734,763.45,2.93635
819,-84,53,99.32,0.38201
820,562,769,952.47,3.66336
821,1116,841,1397.40,5.37463
822,955,1175,1514.15,5.82365
823,388,1454,1504.88,5.78800
824,-509,1102,1213.87,4.66874
825,-734,-79,738.24,2.83938
826,121,-715,725.17,2.78910
827,598,-122,610.32,2.34738
828,553,639,845.06,3.25024
829,47,1010,1011.09,3.88882
830,-198,558,592.09,2.27726
831,130,-170,214.01,0.82311
832,817,-189,838.58,3.22529
833,1118,203,1136.28,4.37031
834,710,278,762.49,2.93264
835,494,9,494.08,1.90032
836,652,-128,664.45,2.55556
837,1033,175,1047.72,4.02969
838,654,449,793.30,3.05113
839,20,144,145.38,0.55916
840,-213,-136,252.72,0.97198
841,-63,89,109.04,0.41939
842,305,320,442.07,1.70027
843,152,270,309.85,1.19171
844,156,200,253.65,0.97556
# END
# FRAME,9,RX_TS,55032368203,FP_INDEX,751.2812,FP_INT,751,RXPACC,283,RXPWR,-68.74,STD_NOISE,176.00,NTM,13,NOISE_THRESH,2288.00,PEAK_IDX,753,PEAK_AMPL,19330,START,701,elapsed_s,1.0434
sample,real,imag,amplitude,amplitude_norm
701,54,304,308.76,1.09102
702,-49,387,390.09,1.37841
703,-7,60,60.41,0.21345
704,763,-252,803.54,2.83936
705,986,-409,1067.46,3.77195
706,1071,-432,1154.84,4.08072
707,741,-87,746.09,2.63636
708,-206,11,206.29,0.72895
709,-242,96,260.35,0.91995
710,27,274,275.33,0.97289
711,122,284,309.10,1.09221
712,87,-199,217.19,0.76744
713,194,-235,304.73,1.07679
714,257,-193,321.40,1.13569
715,221,-280,356.71,1.26045
716,17,-14,22.02,0.07782
717,-114,-9,114.35,0.40408
718,-27,102,105.51,0.37284
719,169,-102,197.40,0.69751
720,781,-362,860.82,3.04175
721,1028,-380,1095.99,3.87274
722,941,-442,1039.64,3.67363
723,478,-155,502.50,1.77563
724,-225,-12,225.32,0.79618
725,-110,17,111.31,0.39331
726,498,162,523.69,1.85048
727,466,226,517.91,1.83007
728,520,-270,585.92,2.07038
729,588,-590,832.97,2.94337
730,431,-724,842.58,2.97731
731,304,-412,512.02,1.80924
732,-47,269,273.08,0.96493
733,-231,75,242.87,0.85820
734,-151,10,151.33,0.53474
735,-385,346,517.63,1.82908
736,-1066,510,1181.72,4.17568
737,-1043,599,1202.77,4.25006
738,-997,464,1099.68,3.88581
739,-639,388,747.57,2.64160
740,27,2,27.07,0.09567
741,-58,-42,71.61,0.25304
742,-392,224,451.49,1.59536
743,-467,568,735.33,2.59835
744,-569,881,1048.77,3.70591
745,-805,778,1119.51,3.95588
746,-1007,541,1143.12,4.03930
747,-451,560,719.03,2.54073
748,21,273,273.81,0.96751
749,34,-73,80.53,0.28456
750,-503,-774,923.08,3.26178
751,-3428,-5812,6747.63,23.84322
752,-8888,-14621,17110.53,60.46123
753,-11381,-16458,20009.82,70.70608
754,-11395,-16288,19878.25,70.24118
755,-6789,-10452,12463.34,44.04007
756,1949,2749,3369.81,11.90745
757,3277,4102,5250.25,18.55212
758,161,-539,562.53,1.98774
759,-898,-189,917.67,3.24266
760,-447,3046,3078.62,10.87853
761,-418,2890,2920.07,10.31828
762,-320,1586,1617.96,5.71717
763,151,1289,1297.81,4.58592
764,549,1383,1487.98,5.25789
765,958,1654,1911.41,6.75409
766,1586,1164,1967.31,6.95161
767,1477,367,1521.91,5.37778
768,99,486,495.98,1.75258
769,-641,1552,1679.16,5.93343
770,69,2037,2038.17,7.20201
771,2005,1792,2689.11,9.50214
772,2011,985,2239.27,7.91263
773,-893,-170,909.04,3.21215
774,-1848,-941,2073.79,7.32786
775,1653,-497,1726.10,6.09929
776,3344,278,3355.54,11.85702
777,574,1191,1322.10,4.67174
778,-2246,1660,2792.87,9.86879
779,-2119,986,2337.17,8.25855
780,65,261,268.97,0.95043
781,1860,748,2004.77,7.08399
782,2363,2481,3426.24,12.10686
783,2224,4180,4734.83,16.73083
784,1110,2642,2865.70,10.12617
785,350,454,573.25,2.02562
786,-184,-865,884.35,3.12492
787,-66,-1929,1930.13,6.82024
788,1995,-1151,2303.22,8.13859
789,5769,1411,5939.05,20.98603
790,7138,3870,8119.60,28.69118
791,4066,3305,5239.79,18.51515
792,369,492,615.00,2.17314
793,-234,-644,685.19,2.42118
794,487,-621,789.18,2.78863
795,732,-221,764.63,2.70189
796,350,384,519.57,1.83595
797,251,301,391.92,1.38488
798,349,-169,387.77,1.37020
799,419,-420,593.26,2.09634
800,636,-213,670.72,2.37003
801,909,-40,909.88,3.21512
802,732,-180,753.81,2.66363
803,-356,-97,368.98,1.30381
804,-1755,193,1765.58,6.23880
805,-2065,516,2128.49,7.52118
806,-1111,731,1329.92,4.69936
807,-159,1278,1287.85,4.55072
808,4,1212,1212.01,4.28271
809,-25,845,845.37,2.98717
810,-17,1047,1047.14,3.70013
811,-318,1416,1451.27,5.12816
812,-697,450,829.64,2.93160
813,-734,196,759.72,2.68452
814,-285,289,405.89,1.43424
815,238,412,475.80,1.68128
816,612,324,692.47,2.44690
817,770,435,884.38,3.12501
818,1101,514,1215.07,4.29354
819,1102,536,1225.44,4.33017
820,347,468,582.61,2.05869
821,137,682,695.62,2.45804
822,339,619,705.75,2.49381
823,598,-219,636.84,2.25032
824,695,-650,951.59,3.36251
825,105,-141,175.80,0.62121
826,-156,647,665.54,2.35174
827,-114,1193,1198.43,4.23475
828,-202,1412,1426.38,5.04020
829,-991,1395,1711.17,6.04654
830,-1301,563,1417.59,5.00916
831,-531,-599,800.48,2.82854
832,688,-554,883.32,3.12128
833,662,319,734.85,2.59664
834,174,759,778.69,2.75155
835,-316,834,891.86,3.15144
836,-543,308,624.27,2.20590
837,4,100,100.08,0.35364
838,717,582,923.48,3.26318
839,722,1102,1317.46,4.65532
840,288,1007,1047.37,3.70097
841,321,553,639.41,2.25941
842,437,306,533.48,1.88510
843,686,834,1079.89,3.81585
844,435,902,1001.41,3.53856
845,86,304,315.93,1.11636
846,8,-83,83.38,0.29465
847,-122,137,183.45,0.64822
848,15,515,515.22,1.82056
849,-106,417,430.26,1.52036
850,-114,344,362.40,1.28056
# END
# FRAME,10,RX_TS,61422163834,FP_INDEX,747.6406,FP_INT,747,RXPACC,270,RXPWR,-68.83,STD_NOISE,124.00,NTM,13,NOISE_THRESH,1612.00,PEAK_IDX,750,PEAK_AMPL,18573,START,697,elapsed_s,1.1214
sample,real,imag,amplitude,amplitude_norm
697,38,112,118.27,0.43804
698,-67,305,312.27,1.15656
699,-120,124,172.56,0.63910
700,442,-64,446.61,1.65411
701,989,-241,1017.94,3.77015
702,951,-288,993.65,3.68019
703,622,-44,623.55,2.30946
704,-234,164,285.75,1.05833
705,-304,238,386.08,1.42994
706,-58,165,174.90,0.64777
707,259,248,358.59,1.32810
708,204,6,204.09,0.75588
709,236,-177,295.00,1.09259
710,273,-58,279.09,1.03368
711,288,-57,293.59,1.08736
712,78,96,123.69,0.45812
713,-94,144,171.97,0.63691
714,48,91,102.88,0.38105
715,194,114,225.02,0.83339
716,547,-243,598.55,2.21684
717,986,-219,1010.03,3.74085
718,989,-214,1011.89,3.74773
719,505,-47,507.18,1.87845
720,-297,223,371.40,1.37556
721,-326,175,370.00,1.37038
722,317,44,320.04,1.18533
723,473,14,473.21,1.75262
724,524,-53,526.67,1.95064
725,711,-449,840.91,3.11446
726,578,-577,816.71,3.02485
727,291,-266,394.26,1.46020
728,-21,313,313.70,1.16187
729,-213,311,376.95,1.39610
730,-94,36,100.66,0.37281
731,-252,17,252.57,0.93545
732,-730,251,771.95,2.85906
733,-1017,436,1106.52,4.09822
734,-940,380,1013.90,3.75520
735,-621,221,659.15,2.44131
736,74,-91,117.29,0.43441
737,27,-216,217.68,0.80623
738,-365,34,366.58,1.35770
739,-475,454,657.07,2.43359
740,-704,565,902.69,3.34328
741,-783,621,999.36,3.70135
742,-1034,307,1078.61,3.99486
743,-701,240,740.95,2.74424
744,-4,3,5.00,0.01852
745,171,-167,239.02,0.88525
746,-187,-441,479.01,1.77411
747,-1534,-3230,3575.76,13.24355
748,-4964,-12073,13053.68,48.34697
749,-7978,-16415,18251.05,67.59647
750,-8288,-16482,18448.50,68.32779
751,-3589,-11194,11755.28,43.53807
752,5107,3547,6217.93,23.02937
753,6544,7036,9608.81,35.58819
754,1044,443,1134.10,4.20037
755,-2465,-2663,3628.75,13.43980
756,-1754,605,1855.41,6.87188
757,-591,2466,2535.83,9.39196
758,-316,1887,1913.28,7.08621
759,-374,1097,1159.00,4.29260
760,-175,923,939.44,3.47942
761,410,1598,1649.76,6.11022
762,1270,1528,1986.88,7.35881
763,1138,589,1281.39,4.74590
764,147,219,263.76,0.97689
765,-770,818,1123.40,4.16074
766,-600,1707,1809.38,6.70140
767,1213,2079,2406.99,8.91479
768,2283,1651,2817.43,10.43491
769,59,755,757.30,2.80482
770,-1833,-344,1865.00,6.90741
771,283,-319,426.44,1.57940
772,2773,349,2794.88,10.35139
773,979,820,1277.04,4.72979
774,-2029,1333,2427.70,8.99148
775,-2746,1002,2923.10,10.82630
776,-336,403,524.70,1.94332
777,1542,612,1659.01,6.14447
778,1825,1822,2578.82,9.55118
779,1500,3700,3992.49,14.78701
780,953,3134,3275.69,12.13220
781,701,912,1150.28,4.26030
782,237,-470,526.37,1.94953
783,-191,-1673,1683.87,6.23655
784,1095,-1005,1486.29,5.50477
785,4251,1239,4427.88,16.39956
786,6118,3776,7189.44,26.62757
787,4376,4108,6002.09,22.22995
788,1073,1533,1871.21,6.93040
789,-197,-287,348.11,1.28928
790,249,-513,570.24,2.11199
791,534,58,537.14,1.98941
792,11,724,724.08,2.68179
793,-310,632,703.93,2.60717
794,-81,-71,107.71,0.39894
795,548,-220,590.51,2.18708
796,746,15,746.15,2.76352
797,669,164,688.81,2.55114
798,681,90,686.92,2.54415
799,21,104,106.10,0.39296
800,-1224,174,1236.31,4.57891
801,-1899,218,1911.47,7.07953
802,-1382,347,1424.90,5.27740
803,-491,844,976.43,3.61641
804,-277,1373,1400.66,5.18764
805,-239,962,991.24,3.67127
806,-167,872,887.85,3.28832
807,-413,1163,1234.15,4.57094
808,-697,276,749.66,2.77651
809,-797,-148,810.63,3.00232
810,-467,169,496.64,1.83940
811,90,412,421.72,1.56191
812,364,295,468.53,1.73530
813,475,278,550.37,2.03841
814,704,569,905.19,3.35257
815,878,567,1045.17,3.87099
816,303,242,387.78,1.43622
817,23,412,412.64,1.52830
818,-24,497,497.58,1.84289
819,346,-48,349.31,1.29375
820,696,-710,994.24,3.68238
821,320,-349,473.50,1.75370
822,-247,379,452.38,1.67549
823,-340,1270,1314.72,4.86935
824,-233,1479,1497.24,5.54534
825,-887,1402,1659.03,6.14455
826,-1212,708,1403.64,5.19867
827,-863,-339,927.19,3.43405
828,270,-682,733.50,2.71667
829,659,127,671.13,2.48565
830,241,743,781.11,2.89299
831,-324,892,949.02,3.51489
832,-557,328,646.40,2.39407
833,-89,124,152.63,0.56531
834,447,611,757.05,2.80390
835,568,1147,1279.93,4.74050
836,248,985,1015.74,3.76200
837,98,642,649.44,2.40532
838,331,357,486.84,1.80310
839,559,731,920.24,3.40830
840,459,962,1065.89,3.94775
841,203,527,564.75,2.09165
842,105,-17,106.37,0.39395
843,12,-165,165.44,0.61273
844,-79,296,306.36,1.13467
845,-185,360,404.75,1.49909
846,-170,280,327.57,1.21321
# END
# FRAME,11,RX_TS,67811952787,FP_INDEX,752.1562,FP_INT,752,RXPACC,272,RXPWR,-68.66,STD_NOISE,164.00,NTM,13,NOISE_THRESH,2132.00,PEAK_IDX,754,PEAK_AMPL,18585,START,702,elapsed_s,1.2155
sample,real,imag,amplitude,amplitude_norm
702,76,-123,144.59,0.53156
703,244,-80,256.78,0.94404
704,-16,10,18.87,0.06937
705,-709,232,745.99,2.74262
706,-933,403,1016.32,3.73646
707,-970,272,1007.41,3.70373
708,-141,94,169.46,0.62302
709,512,-39,513.48,1.88781
710,271,-37,273.51,1.00557
711,-70,-249,258.65,0.95093
712,-254,-256,360.63,1.32584
713,-79,136,157.28,0.57824
714,-244,184,305.60,1.12353
715,-222,149,267.37,0.98297
716,-94,152,178.72,0.65705
717,41,-28,49.65,0.18253
718,68,-73,99.76,0.36678
719,38,-171,175.17,0.64401
720,-173,216,276.74,1.01743
721,-778,293,831.34,3.05641
722,-910,357,977.52,3.59383
723,-703,284,758.20,2.78749
724,85,16,86.49,0.31799
725,640,-175,663.49,2.43932
726,139,1,139.00,0.51104
727,-447,54,450.25,1.65533
728,-486,-150,508.62,1.86993
729,-575,165,598.21,2.19929
730,-671,452,809.04,2.97441
731,-406,592,717.84,2.63913
732,-15,99,100.13,0.36812
733,437,-311,536.37,1.97194
734,268,41,271.12,0.99676
735,99,96,137.90,0.50699
736,501,-177,531.35,1.95348
737,1059,-332,1109.82,4.08023
738,1022,-409,1100.80,4.04707
739,919,-223,945.67,3.47672
740,177,-16,177.72,0.65339
741,-367,141,393.15,1.44542
742,98,86,130.38,0.47935
743,497,-242,552.79,2.03230
744,643,-382,747.91,2.74968
745,824,-545,987.93,3.63209
746,983,-424,1070.54,3.93582
747,924,-292,969.04,3.56265
748,197,-267,331.81,1.21989
749,-233,32,235.19,0.86466
750,-79,263,274.61,1.00959
751,746,1307,1504.91,5.53277
752,3086,7436,8050.93,29.59901
753,6958,15662,17138.03,63.00745
754,8662,16458,18598.28,68.37603
755,8106,15521,17510.24,64.37590
756,864,2679,2814.88,10.34881
757,-5282,-10375,11642.17,42.80210
758,-2735,-5532,6171.16,22.68810
759,1306,1980,2371.93,8.72032
760,1193,1536,1944.88,7.15028
761,248,-1860,1876.46,6.89875
762,465,-2045,2097.20,7.71030
763,554,-1394,1500.05,5.51489
764,-11,-1100,1100.06,4.04432
765,-339,-1102,1152.96,4.23884
766,-818,-1395,1617.14,5.94538
767,-1178,-784,1415.04,5.20236
768,-814,-53,815.72,2.99898
769,376,-207,429.21,1.57799
770,820,-1179,1436.12,5.27985
771,-58,-1730,1730.97,6.36387
772,-1857,-1891,2650.35,9.74392
773,-1300,-1063,1679.28,6.17381
774,1701,172,1709.67,6.28557
775,1861,1053,2138.25,7.86123
776,-1780,483,1844.37,6.78076
777,-2766,-41,2766.30,10.17023
778,-33,-647,647.84,2.38177
779,2885,-921,3028.44,11.13398
780,2556,-506,2605.60,9.57943
781,344,-567,663.19,2.43821
782,-1325,-1000,1660.01,6.10297
783,-1783,-2452,3031.73,11.14607
784,-1434,-3489,3772.20,13.86837
785,-648,-1670,1791.31,6.58571
786,-233,-47,237.69,0.87387
787,223,1244,1263.83,4.64643
788,32,2174,2174.24,7.99351
789,-2162,905,2343.77,8.61681
790,-5287,-2228,5737.28,21.09293
791,-5635,-4331,7107.09,26.12902
792,-2617,-3102,4058.46,14.92081
793,-34,-160,163.57,0.60137
794,53,888,889.58,3.27052
795,-353,1013,1072.74,3.94391
796,54,712,714.04,2.62516
797,365,-170,402.65,1.48032
798,-58,-225,232.36,0.85425
799,-559,131,574.14,2.11083
800,-662,358,752.60,2.76691
801,-646,138,660.58,2.42859
802,-758,47,759.46,2.79212
803,-545,244,597.13,2.19532
804,672,400,782.04,2.87514
805,1828,334,1858.26,6.83185
806,1885,85,1886.92,6.93719
807,1009,-295,1051.24,3.86485
808,216,-977,1000.59,3.67865
809,248,-867,901.77,3.31534
810,231,-647,687.00,2.52574
811,178,-887,904.68,3.32604
812,480,-552,731.51,2.68937
813,881,382,960.25,3.53034
814,700,339,777.77,2.85944
815,241,-129,273.35,1.00498
816,-201,-455,497.42,1.82875
817,-387,-311,496.48,1.82529
818,-415,-501,650.56,2.39176
819,-730,-739,1038.76,3.81897
820,-704,-531,881.80,3.24192
821,-118,-123,170.45,0.62665
822,85,-455,462.87,1.70173
823,-46,-362,364.91,1.34158
824,-414,403,577.76,2.12411
825,-476,629,788.81,2.90003
826,-18,48,51.26,0.18847
827,308,-765,824.68,3.03189
828,139,-1243,1250.75,4.59834
829,591,-1434,1551.01,5.70225
830,1282,-1138,1714.23,6.30230
831,1393,-166,1402.86,5.15756
832,323,704,774.56,2.84765
833,-720,368,808.59,2.97277
834,-458,-304,549.71,2.02099
835,229,-753,787.05,2.89357
836,691,-628,933.74,3.43286
837,582,-117,593.64,2.18251
838,-336,-131,360.63,1.32586
839,-759,-747,1064.94,3.91521
840,-507,-1019,1138.16,4.18441
841,-94,-521,529.41,1.94637
842,-184,-269,325.91,1.19820
843,-359,-283,457.13,1.68063
844,-298,-838,889.41,3.26989
845,122,-821,830.02,3.05153
846,143,-181,230.67,0.84806
847,164,233,284.93,1.04754
848,133,20,134.50,0.49447
849,83,-410,418.32,1.53793
850,135,-251,285.00,1.04780
851,162,-216,270.00,0.99265
# END
# FRAME,12,RX_TS,74201748345,FP_INDEX,747.5000,FP_INT,747,RXPACC,284,RXPWR,-69.27,STD_NOISE,172.00,NTM,13,NOISE_THRESH,2236.00,PEAK_IDX,750,PEAK_AMPL,19233,START,697,elapsed_s,1.3933
sample,real,imag,amplitude,amplitude_norm
697,-69,-240,249.72,0.87930
698,248,-244,347.91,1.22503
699,200,-22,201.21,0.70847
700,-304,460,551.38,1.94147
701,-671,825,1063.42,3.74444
702,-652,795,1028.17,3.62031
703,-528,515,737.57,2.59708
704,173,61,183.44,0.64591
705,261,-38,263.75,0.92870
706,-117,3,117.04,0.41211
707,-237,-53,242.85,0.85512
708,68,143,158.34,0.55755
709,-38,285,287.52,1.01240
710,-134,288,317.65,1.11848
711,-50,370,373.36,1.31466
712,114,66,131.73,0.46383
713,105,36,111.00,0.39085
714,-134,-122,181.22,0.63809
715,-160,35,163.78,0.57670
716,-460,509,686.06,2.41571
717,-749,698,1023.82,3.60500
718,-560,852,1019.56,3.59000
719,-297,532,609.29,2.14538
720,279,-47,282.93,0.99624
721,154,16,154.83,0.54517
722,-235,284,368.62,1.29796
723,-366,172,404.40,1.42395
724,-339,315,462.76,1.62943
725,-352,738,817.65,2.87904
726,-160,831,846.26,2.97980
727,2,537,537.00,1.89086
728,87,-216,232.86,0.81994
729,204,-144,249.70,0.87924
730,190,101,215.18,0.75766
731,266,-199,332.20,1.16972
732,755,-755,1067.73,3.75962
733,824,-953,1259.84,4.43604
734,762,-820,1119.39,3.94153
735,500,-561,751.48,2.64605
736,-29,66,72.09,0.25384
737,75,-51,90.70,0.31936
738,321,-512,604.31,2.12784
739,397,-651,762.50,2.68487
740,380,-924,999.09,3.51791
741,515,-998,1123.04,3.95438
742,737,-846,1122.00,3.95071
743,325,-689,761.80,2.68241
744,-282,-275,393.89,1.38694
745,-86,-42,95.71,0.33700
746,597,272,656.04,2.31001
747,4122,3129,5175.09,18.22214
748,12306,9693,15664.99,55.15841
749,16128,11724,19939.02,70.20782
750,16469,11179,19904.72,70.08705
751,11537,6993,13490.90,47.50317
752,-1774,-2596,3144.25,11.07129
753,-2762,-3715,4629.24,16.30014
754,2617,546,2673.35,9.41321
755,2331,1157,2602.35,9.16319
756,-1194,-1760,2126.79,7.48870
757,-1118,-2481,2721.27,9.58192
758,-197,-1763,1773.97,6.24638
759,-424,-1268,1337.01,4.70779
760,-1276,-1316,1833.04,6.45436
761,-1743,-1472,2281.41,8.03314
762,-1792,-739,1938.40,6.82534
763,-1544,17,1544.09,5.43695
764,-597,-61,600.11,2.11306
765,84,-1058,1061.33,3.73708
766,-456,-1588,1652.17,5.81752
767,-2082,-1138,2372.71,8.35462
768,-2717,-641,2791.59,9.82954
769,108,-641,650.03,2.28885
770,2434,-231,2444.94,8.60893
771,-103,1126,1130.70,3.98134
772,-2934,1438,3267.45,11.50509
773,-1485,-289,1512.86,5.32697
774,1072,-2102,2359.57,8.30836
775,2006,-1920,2776.77,9.77735
776,570,-141,587.18,2.06754
777,-1251,610,1391.80,4.90070
778,-2782,-844,2907.21,10.23665
779,-3555,-2874,4571.42,16.09656
780,-2464,-2244,3332.69,11.73483
781,-852,-439,958.45,3.37482
782,331,593,679.12,2.39128
783,1100,1697,2022.33,7.12087
784,-399,2051,2089.45,7.35722
785,-4350,1325,4547.32,16.01169
786,-7308,-560,7329.42,25.80783
787,-5586,-1717,5843.93,20.57721
788,-1285,-532,1390.77,4.89709
789,330,662,739.69,2.60455
790,-48,997,998.15,3.51463
791,-231,655,694.54,2.44556
792,4,-213,213.04,0.75013
793,-141,-73,158.78,0.55907
794,-658,633,913.05,3.21495
795,-671,943,1157.36,4.07522
796,-730,669,990.18,3.48656
797,-838,436,944.64,3.32619
798,-651,605,888.72,3.12930
799,56,280,285.55,1.00544
800,1466,-484,1543.83,5.43602
801,1973,-1001,2212.40,7.79015
802,1161,-1128,1618.74,5.69977
803,28,-1315,1315.30,4.63133
804,-396,-1409,1463.59,5.15349
805,-251,-921,954.59,3.36123
806,-283,-808,856.13,3.01453
807,-189,-1241,1255.31,4.42010
808,422,-699,816.51,2.87503
809,486,-435,652.24,2.29663
810,76,-323,331.82,1.16838
811,-446,-322,550.09,1.93694
812,-570,-166,593.68,2.09042
813,-611,-113,621.36,2.18789
814,-888,-99,893.50,3.14613
815,-1065,51,1066.22,3.75430
816,-617,-23,617.43,2.17404
817,-461,-345,575.80,2.02747
818,-468,-387,607.28,2.13832
819,-216,467,514.53,1.81174
820,-138,1044,1053.08,3.70803
821,33,426,427.28,1.50449
822,-86,-516,523.12,1.84196
823,-609,-1267,1405.76,4.94987
824,-925,-1620,1865.48,6.56860
825,-202,-1715,1726.86,6.08048
826,947,-1187,1518.48,5.34676
827,956,89,960.13,3.38075
828,-160,683,701.49,2.47004
829,-815,107,821.99,2.89434
830,-448,-433,623.05,2.19384
831,-43,-833,834.11,2.93700
832,507,-528,732.01,2.57749
833,2,-15,15.13,0.05328
834,-1093,-162,1104.94,3.89063
835,-1379,-650,1524.51,5.36800
836,-688,-562,888.36,3.12804
837,-434,-358,562.60,1.98099
838,-406,-109,420.38,1.48020
839,-762,-342,835.23,2.94095
840,-685,-682,966.62,3.40358
841,-170,-231,286.81,1.00990
842,-31,129,132.67,0.46716
843,9,63,63.64,0.22408
844,-152,-336,368.78,1.29853
845,-27,-345,346.05,1.21850
846,89,-249,264.43,0.93108
# END
# FRAME,13,RX_TS,80591492684,FP_INDEX,751.2969,FP_INT,751,RXPACC,264,RXPWR,-69.14,STD_NOISE,136.00,NTM,13,NOISE_THRESH,1768.00,PEAK_IDX,753,PEAK_AMPL,17020,START,701,elapsed_s,1.4689
sample,real,imag,amplitude,amplitude_norm
701,16,-95,96.34,0.36492
702,100,-167,194.65,0.73731
703,93,-7,93.26,0.35327
704,-128,630,642.87,2.43512
705,-134,1057,1065.46,4.03583
706,-220,1048,1070.84,4.05622
707,-312,288,424.60,1.60835
708,-32,-392,393.30,1.48979
709,-137,-291,321.64,1.21832
710,-235,-8,235.14,0.89067
711,-301,91,314.46,1.19112
712,128,245,276.42,1.04705
713,124,372,392.12,1.48531
714,-11,390,390.16,1.47786
715,43,322,324.86,1.23052
716,-54,16,56.32,0.21334
717,-84,-85,119.50,0.45266
718,-241,-84,255.22,0.96674
719,-23,198,199.33,0.75504
720,-107,745,752.64,2.85093
721,-243,906,938.02,3.55311
722,-162,889,903.64,3.42288
723,-112,177,209.46,0.79340
724,-16,-515,515.25,1.95170
725,-24,-255,256.13,0.97018
726,-325,359,484.26,1.83431
727,-277,270,386.82,1.46522
728,-71,525,529.78,2.00674
729,71,796,799.16,3.02712
730,260,798,839.29,3.17912
731,5,369,369.03,1.39786
732,-244,-312,396.08,1.50031
733,-79,-154,173.08,0.65561
734,30,122,125.63,0.47589
735,87,-275,288.43,1.09255
736,285,-920,963.13,3.64823
737,266,-1045,1078.32,4.08456
738,340,-844,909.91,3.44663
739,229,-396,457.45,1.73275
740,198,314,371.21,1.40611
741,287,99,303.60,1.14998
742,293,-433,522.82,1.98037
743,12,-672,672.11,2.54586
744,-155,-838,852.21,3.22808
745,36,-959,959.68,3.63513
746,311,-957,1006.27,3.81161
747,95,-448,457.96,1.73470
748,52,123,133.54,0.50583
749,402,0,402.00,1.52273
750,1065,-45,1065.95,4.03769
751,5642,944,5720.43,21.66829
752,14632,2341,14818.09,56.12912
753,16488,2105,16621.83,62.96147
754,16330,2504,16520.86,62.57903
755,7313,4032,8350.87,31.63208
756,-7850,4985,9299.07,35.22375
757,-5812,4483,7340.07,27.80330
758,2503,2514,3547.56,13.43774
759,2927,7,2927.01,11.08715
760,-1207,-1880,2234.11,8.46254
761,-1616,-1931,2517.98,9.53780
762,-788,-1407,1612.64,6.10847
763,-599,-962,1133.25,4.29260
764,-789,-437,901.94,3.41643
765,-1262,-388,1320.30,5.00113
766,-1376,182,1387.98,5.25752
767,-763,654,1004.93,3.80655
768,-187,-28,189.08,0.71623
769,-392,-1091,1159.29,4.39124
770,-1188,-1260,1731.75,6.55964
771,-2366,348,2391.46,9.05854
772,-1654,1378,2152.81,8.15459
773,1113,-70,1115.20,4.22424
774,2404,-765,2522.78,9.55600
775,46,885,886.19,3.35680
776,-1742,1870,2555.67,9.68058
777,-907,-87,911.16,3.45137
778,358,-2405,2431.50,9.21022
779,647,-2659,2736.58,10.36585
780,-518,-794,948.03,3.59102
781,-1645,503,1720.18,6.51585
782,-2886,125,2888.71,10.94207
783,-3745,-751,3819.56,14.46802
784,-2372,-698,2472.57,9.36578
785,-682,22,682.35,2.58468
786,713,228,748.57,2.83548
787,1767,749,1919.19,7.26966
788,89,1542,1544.57,5.85063
789,-3741,2974,4779.10,18.10263
790,-6315,2362,6742.27,25.53892
791,-4479,547,4512.28,17.09196
792,-599,-208,634.09,2.40184
793,800,312,858.69,3.25260
794,573,818,998.73,3.78305
795,335,569,660.29,2.50111
796,-187,-193,268.73,1.01793
797,-435,-19,435.41,1.64930
798,-401,512,650.34,2.46342
799,-348,617,708.37,2.68323
800,-437,483,651.35,2.46724
801,-500,406,644.08,2.43969
802,-226,420,476.94,1.80661
803,304,-477,565.64,2.14256
804,934,-1653,1898.62,7.19175
805,829,-1981,2147.46,8.13433
806,-7,-1516,1516.02,5.74249
807,-793,-914,1210.06,4.58356
808,-786,-989,1263.30,4.78521
809,-443,-678,809.90,3.06779
810,-484,-641,803.20,3.04244
811,-366,-1065,1126.14,4.26566
812,601,-769,975.99,3.69694
813,708,-648,959.77,3.63551
814,138,-393,416.52,1.57775
815,-632,-254,681.13,2.58004
816,-623,20,623.32,2.36106
817,-523,-27,523.70,1.98370
818,-721,108,729.04,2.76153
819,-692,276,745.01,2.82201
820,-481,177,512.53,1.94141
821,-641,54,643.27,2.43663
822,-481,-12,481.15,1.82254
823,99,418,429.56,1.62714
824,362,765,846.33,3.20578
825,195,187,270.17,1.02339
826,-211,-486,529.83,2.00692
827,-890,-808,1202.07,4.55328
828,-1103,-1097,1555.64,5.89258
829,-572,-1680,1774.71,6.72237
830,364,-1540,1582.43,5.99407
831,794,-261,835.80,3.16590
832,140,663,677.62,2.56674
833,-605,229,646.89,2.45034
834,-661,-414,779.95,2.95434
835,-475,-899,1016.77,3.85141
836,73,-746,749.56,2.83925
837,-107,-152,185.88,0.70411
838,-932,177,948.66,3.59340
839,-1106,56,1107.42,4.19476
840,-531,-130,546.68,2.07076
841,-366,-80,374.64,1.41910
842,-377,124,396.87,1.50329
843,-1036,-150,1046.80,3.96516
844,-800,-484,935.02,3.54173
845,-241,-287,374.77,1.41957
846,16,59,61.13,0.23156
847,36,-11,37.64,0.14259
848,-137,-246,281.58,1.06658
849,-34,-249,251.31,0.95193
850,-19,-330,330.55,1.25207
# END
# FRAME,14,RX_TS,86981288180,FP_INDEX,753.2969,FP_INT,753,RXPACC,261,RXPWR,-69.04,STD_NOISE,132.00,NTM,13,NOISE_THRESH,1716.00,PEAK_IDX,755,PEAK_AMPL,17538,START,703,elapsed_s,1.5589
sample,real,imag,amplitude,amplitude_norm
703,-102,182,208.63,0.79936
704,-417,-3,417.01,1.59774
705,-122,34,126.65,0.48525
706,632,11,632.10,2.42182
707,1030,-68,1032.24,3.95495
708,966,-49,967.24,3.70591
709,25,76,80.01,0.30654
710,-600,243,647.34,2.48023
711,-177,182,253.88,0.97270
712,286,199,348.42,1.33495
713,284,213,355.00,1.36015
714,64,1,64.01,0.24524
715,238,-2,238.01,0.91191
716,351,-38,353.05,1.35269
717,277,-21,277.79,1.06435
718,-34,-17,38.01,0.14564
719,-67,144,158.82,0.60852
720,80,297,307.59,1.17849
721,305,73,313.61,1.20159
722,808,73,811.29,3.10839
723,1067,104,1072.06,4.10750
724,896,-66,898.43,3.44225
725,-19,44,47.93,0.18363
726,-558,180,586.31,2.24641
727,9,46,46.87,0.17959
728,502,-87,509.48,1.95204
729,425,95,435.49,1.66854
730,483,18,483.34,1.85186
731,691,-139,704.84,2.70054
732,614,-395,730.08,2.79725
733,175,-39,179.29,0.68695
734,-422,318,528.40,2.02453
735,-180,94,203.07,0.77803
736,79,-148,167.76,0.64278
737,-293,43,296.14,1.13463
738,-982,196,1001.37,3.83666
739,-1031,425,1115.16,4.27265
740,-911,161,925.12,3.54451
741,-18,55,57.87,0.22173
742,369,59,373.69,1.43175
743,-111,-33,115.80,0.44368
744,-591,292,659.20,2.52567
745,-623,318,699.47,2.67995
746,-693,466,835.11,3.19965
747,-795,334,862.31,3.30388
748,-844,70,846.90,3.24482
749,-221,124,253.41,0.97092
750,311,-6,311.06,1.19179
751,139,-57,150.23,0.57561
752,-501,-783,929.56,3.56155
753,-1108,-5724,5830.25,22.33813
754,-2672,-14690,14931.03,57.20702
755,-4218,-16471,17002.51,65.14372
756,-3920,-15643,16126.68,61.78805
757,1054,-1683,1985.80,7.60843
758,4712,10441,11455.02,43.88896
759,1532,3779,4077.73,15.62348
760,-2575,-4728,5383.74,20.62734
761,-2178,-2642,3424.01,13.11881
762,-216,2935,2942.94,11.27562
763,-32,2881,2881.18,11.03899
764,-753,1042,1285.60,4.92568
765,-872,244,905.49,3.46933
766,-118,1198,1203.80,4.61225
767,675,1953,2066.36,7.91708
768,853,1205,1476.36,5.65655
769,687,336,764.76,2.93013
770,-26,260,261.30,1.00114
771,-789,852,1161.22,4.44911
772,-327,1575,1608.59,6.16317
773,1494,1939,2447.81,9.37857
774,1768,1093,2078.57,7.96389
775,-485,-444,657.54,2.51932
776,-1148,-1196,1657.81,6.35175
777,1512,6,1512.01,5.79315
778,2675,1036,2868.61,10.99084
779,85,1010,1013.57,3.88341
780,-2746,607,2812.29,10.77505
781,-2304,39,2304.33,8.82885
782,86,282,294.82,1.12959
783,1604,1081,1934.26,7.41097
784,1375,2566,2911.18,11.15395
785,553,3546,3588.86,13.75043
786,393,2291,2324.46,8.90599
787,514,669,843.66,3.23240
788,333,-759,828.84,3.17562
789,114,-1566,1570.14,6.01588
790,1451,-473,1526.15,5.84731
791,3800,2665,4641.36,17.78299
792,4367,5397,6942.50,26.59961
793,1967,4087,4535.71,17.37819
794,-161,580,601.93,2.30625
795,-115,-789,797.34,3.05493
796,667,-765,1014.95,3.88868
797,577,-120,589.35,2.25803
798,21,573,573.38,2.19688
799,36,471,472.37,1.80986
800,595,34,595.97,2.28341
801,988,-75,990.84,3.79633
802,967,102,972.36,3.72553
803,895,374,970.00,3.71648
804,505,105,515.80,1.97625
805,-552,-58,555.04,2.12659
806,-1493,-304,1523.64,5.83768
807,-1479,-202,1492.73,5.71927
808,-949,276,988.32,3.78667
809,-496,1009,1124.32,4.30774
810,-348,1079,1133.73,4.34380
811,-180,779,799.53,3.06332
812,-366,764,847.14,3.24576
813,-558,700,895.19,3.42984
814,-774,80,778.12,2.98132
815,-817,9,817.05,3.13046
816,-449,202,492.35,1.88638
817,120,364,383.27,1.46847
818,519,368,636.23,2.43765
819,370,510,630.08,2.41410
820,325,736,804.56,3.08262
821,314,537,622.07,2.38339
822,22,358,358.68,1.37424
823,-131,414,434.23,1.66372
824,49,263,267.53,1.02500
825,506,-415,654.42,2.50734
826,771,-549,946.49,3.62640
827,206,-153,256.60,0.98315
828,-344,618,707.29,2.70993
829,-99,1417,1420.45,5.44235
830,-422,1435,1495.76,5.73090
831,-1114,840,1395.20,5.34561
832,-1464,-231,1482.11,5.67859
833,-350,-829,899.86,3.44772
834,755,-216,785.29,3.00878
835,503,587,773.03,2.96181
836,-287,694,751.00,2.87740
837,-804,486,939.47,3.59952
838,-505,166,531.58,2.03672
839,232,355,424.09,1.62485
840,451,846,958.71,3.67320
841,202,1055,1074.16,4.11557
842,-177,817,835.95,3.20289
843,70,723,726.38,2.78307
844,318,554,638.78,2.44743
845,175,920,936.50,3.58811
846,-261,745,789.40,3.02451
847,-180,126,219.72,0.84183
848,157,-135,207.06,0.79333
849,67,-26,71.87,0.27536
850,-172,408,442.77,1.69645
851,-200,415,460.68,1.76505
852,-191,197,274.39,1.05130
# END
# FRAME,15,RX_TS,93371083662,FP_INDEX,748.3281,FP_INT,748,RXPACC,289,RXPWR,-68.76,STD_NOISE,132.00,NTM,13,NOISE_THRESH,1716.00,PEAK_IDX,750,PEAK_AMPL,19572,START,698,elapsed_s,1.8075
sample,real,imag,amplitude,amplitude_norm
698,56,121,133.33,0.46135
699,181,91,202.59,0.70100
700,50,-39,63.41,0.21942
701,-275,-576,638.28,2.20858
702,-453,-905,1012.04,3.50188
703,-460,-905,1015.20,3.51279
704,-69,-412,417.74,1.44546
705,214,582,620.10,2.14566
706,402,487,631.48,2.18507
707,406,140,429.46,1.48602
708,315,-76,324.04,1.12124
709,-158,-91,182.33,0.63091
710,-317,-154,352.43,1.21947
711,-181,-184,258.10,0.89309
712,-129,-91,157.87,0.54625
713,115,2,115.02,0.39798
714,198,111,226.99,0.78544
715,172,50,179.12,0.61979
716,-144,-81,165.22,0.57169
717,-406,-719,825.71,2.85713
718,-420,-902,994.99,3.44287
719,-494,-792,933.43,3.22988
720,-127,-136,186.08,0.64387
721,292,643,706.20,2.44359
722,292,463,547.39,1.89407
723,300,-252,391.80,1.35570
724,295,-513,591.77,2.04765
725,-172,-588,612.64,2.11986
726,-591,-590,835.09,2.88960
727,-663,-487,822.64,2.84651
728,-199,-159,254.72,0.88138
729,430,245,494.90,1.71245
730,291,223,366.62,1.26858
731,233,65,241.90,0.83701
732,382,275,470.69,1.62868
733,488,846,976.66,3.37944
734,609,1000,1170.85,4.05137
735,552,962,1109.12,3.83779
736,249,323,407.84,1.41120
737,-222,-351,415.31,1.43707
738,-180,-163,242.84,0.84026
739,12,387,387.19,1.33974
740,351,644,733.44,2.53786
741,767,698,1037.06,3.58844
742,780,776,1100.26,3.80713
743,599,920,1097.82,3.79867
744,521,236,571.96,1.97910
745,51,-326,329.97,1.14175
746,-423,-115,438.35,1.51679
747,-1128,589,1272.52,4.40318
748,-5694,3373,6618.06,22.89987
749,-14466,9458,17283.49,59.80445
750,-16477,12322,20574.82,71.19315
751,-15762,12355,20027.15,69.29809
752,-5865,4786,7569.94,26.19357
753,8825,-7060,11301.51,39.10559
754,7305,-8726,11380.07,39.37742
755,-690,-3974,4033.46,13.95660
756,-1756,-328,1786.37,6.18121
757,2030,809,2185.26,7.56147
758,2801,944,2955.80,10.22767
759,1685,458,1746.14,6.04199
760,1007,-395,1081.70,3.74291
761,1033,-546,1168.42,4.04298
762,1314,-612,1449.53,5.01568
763,994,-1341,1669.23,5.77587
764,333,-1280,1322.61,4.57649
765,471,-105,482.56,1.66976
766,1306,630,1450.01,5.01734
767,1592,117,1596.29,5.52351
768,1247,-1812,2199.63,7.61116
769,542,-2072,2141.72,7.41078
770,339,647,730.43,2.52744
771,-90,1750,1752.31,6.06337
772,-673,-1189,1366.25,4.72752
773,-596,-2822,2884.25,9.98010
774,597,-638,873.76,3.02338
775,1513,1891,2421.79,8.37988
776,915,2028,2224.86,7.69848
777,43,184,188.96,0.65383
778,251,-1295,1319.10,4.56436
779,1944,-1634,2539.51,8.78722
780,3317,-1705,3729.55,12.90500
781,1767,-1260,2170.23,7.50944
782,74,-854,857.20,2.96609
783,-796,-114,804.12,2.78243
784,-1593,544,1683.33,5.82466
785,-1164,-1056,1571.63,5.43818
786,947,-4925,5015.22,17.35370
787,3378,-6712,7514.11,26.00038
788,3220,-3621,4845.62,16.76685
789,562,-119,574.46,1.98775
790,-705,252,748.68,2.59061
791,-959,-307,1006.94,3.48422
792,-707,-199,734.47,2.54143
793,-49,8,49.65,0.17180
794,2,-102,102.02,0.35301
795,-363,124,383.59,1.32732
796,-328,-63,334.00,1.15569
797,-101,-475,485.62,1.68034
798,-156,-699,716.20,2.47819
799,-375,-400,548.29,1.89721
800,-356,763,841.96,2.91337
801,119,2010,2013.52,6.96720
802,617,2211,2295.48,7.94282
803,841,1822,2006.73,6.94370
804,1270,529,1375.77,4.76045
805,1218,195,1233.51,4.26820
806,773,225,805.08,2.78574
807,868,345,934.05,3.23201
808,1061,564,1201.59,4.15775
809,204,898,920.88,3.18644
810,-167,998,1011.88,3.50130
811,-11,534,534.11,1.84814
812,268,46,271.92,0.94090
813,234,-267,355.03,1.22847
814,391,-297,491.01,1.69899
815,431,-469,636.96,2.20402
816,313,-477,570.52,1.97413
817,196,-77,210.58,0.72866
818,483,-32,484.06,1.67494
819,121,-32,125.16,0.43308
820,-622,-337,707.43,2.44784
821,-826,-627,1037.02,3.58830
822,-155,-186,242.12,0.83778
823,625,182,650.96,2.25246
824,1314,-16,1314.10,4.54705
825,1604,258,1624.62,5.62151
826,1542,1267,1995.76,6.90574
827,591,1593,1699.10,5.87923
828,-686,548,878.01,3.03809
829,-743,-557,928.60,3.21315
830,173,-626,649.47,2.24728
831,634,8,634.05,2.19395
832,643,675,932.24,3.22575
833,245,861,895.18,3.09751
834,225,-90,242.33,0.83852
835,552,-902,1057.50,3.65917
836,772,-672,1023.51,3.54155
837,578,-95,585.76,2.02683
838,414,-142,437.68,1.51445
839,284,-319,427.10,1.47787
840,844,-501,981.50,3.39618
841,795,114,803.13,2.77900
842,222,313,383.74,1.32780
843,-136,188,232.03,0.80289
844,-52,-13,53.60,0.18547
845,414,55,417.64,1.44511
846,383,253,459.02,1.58830
847,381,298,483.70,1.67370
# END
# FRAME,16,RX_TS,99760946178,FP_INDEX,750.3750,FP_INT,750,RXPACC,260,RXPWR,-67.88,STD_NOISE,124.00,NTM,13,NOISE_THRESH,1612.00,PEAK_IDX,752,PEAK_AMPL,16960,START,700,elapsed_s,1.8830
sample,real,imag,amplitude,amplitude_norm
700,15,-31,34.44,0.13246
701,-30,133,136.34,0.52439
702,-76,40,85.88,0.33032
703,66,-516,520.20,2.00078
704,-23,-860,860.31,3.30888
705,35,-903,903.68,3.47568
706,37,-50,62.20,0.23924
707,54,845,846.72,3.25663
708,182,831,850.70,3.27191
709,222,290,365.22,1.40468
710,440,-128,458.24,1.76246
711,85,-210,226.55,0.87135
712,-58,-271,277.14,1.06591
713,-60,-201,209.76,0.80679
714,-27,-47,54.20,0.20847
715,45,173,178.76,0.68753
716,178,187,258.17,0.99297
717,215,36,217.99,0.83844
718,100,-239,259.08,0.99645
719,-103,-769,775.87,2.98410
720,44,-904,905.07,3.48104
721,68,-749,752.08,2.89262
722,21,-9,22.85,0.08787
723,102,825,831.28,3.19724
724,124,627,639.14,2.45825
725,274,29,275.53,1.05973
726,287,-444,528.68,2.03339
727,171,-616,639.29,2.45882
728,-76,-752,755.83,2.90704
729,-258,-610,662.32,2.54737
730,-32,-70,76.97,0.29603
731,78,579,584.23,2.24704
732,106,547,557.18,2.14298
733,122,168,207.62,0.79856
734,226,269,351.34,1.35129
735,69,712,715.34,2.75129
736,3,903,903.01,3.47310
737,-36,952,952.68,3.66416
738,47,134,142.00,0.54617
739,-10,-704,704.07,2.70797
740,-48,-630,631.83,2.43010
741,-65,108,126.05,0.48481
742,100,589,597.43,2.29780
743,95,854,859.27,3.30488
744,156,878,891.75,3.42981
745,37,795,795.86,3.06100
746,212,40,215.74,0.82977
747,6,-589,589.03,2.26550
748,-172,-564,589.64,2.26786
749,-1036,-97,1040.53,4.00204
750,-5156,141,5157.93,19.83818
751,-14227,933,14257.56,54.83677
752,-16470,1939,16583.75,63.78364
753,-15778,1920,15894.39,61.13227
754,-1556,-450,1619.76,6.22986
755,14798,-2701,15042.48,57.85569
756,14419,-3258,14782.49,56.85575
757,3890,-2452,4598.30,17.68579
758,-3236,-902,3359.36,12.92062
759,-735,460,867.08,3.33492
760,1331,1129,1745.34,6.71284
761,1263,897,1549.12,5.95816
762,714,121,724.18,2.78531
763,149,-43,155.08,0.59646
764,464,-191,501.77,1.92990
765,1019,-633,1199.60,4.61386
766,424,-557,700.02,2.69238
767,107,382,396.70,1.52578
768,441,1182,1261.59,4.85226
769,883,914,1270.86,4.88792
770,1084,-685,1282.30,4.93190
771,280,-1138,1171.94,4.50746
772,-527,518,738.95,2.84213
773,-1146,1222,1675.29,6.44343
774,-270,-429,506.89,1.94959
775,629,-1398,1532.99,5.89610
776,582,24,582.49,2.24036
777,257,1936,1952.98,7.51148
778,-198,1581,1593.35,6.12827
779,21,350,350.63,1.34857
780,591,-387,706.43,2.71706
781,1632,-144,1638.34,6.30131
782,2637,148,2641.15,10.15827
783,1541,-275,1565.35,6.02056
784,473,-468,665.40,2.55922
785,-391,-184,432.13,1.66204
786,-1311,35,1311.47,5.04410
787,-482,-861,986.73,3.79513
788,1725,-2565,3091.09,11.88882
789,4902,-3218,5863.88,22.55340
790,3713,-1169,3892.68,14.97183
791,617,208,651.12,2.50430
792,-580,-58,582.89,2.24190
793,-693,-570,897.30,3.45116
794,-652,-365,747.21,2.87390
795,-73,-157,173.14,0.66593
796,62,-263,270.21,1.03927
797,-73,-143,160.56,0.61752
798,-159,-115,196.23,0.75473
799,-88,-362,372.54,1.43286
800,-45,-623,624.62,2.40240
801,-182,-453,488.19,1.87767
802,-553,628,836.78,3.21837
803,-212,1593,1607.04,6.18094
804,-187,1941,1949.99,7.49995
805,-264,1512,1534.87,5.90336
806,271,750,797.46,3.06715
807,484,507,700.93,2.69589
808,309,506,592.89,2.28034
809,448,694,826.04,3.17707
810,509,487,704.45,2.70942
811,81,166,184.71,0.71041
812,-411,187,451.54,1.73670
813,-567,395,691.02,2.65778
814,-119,200,232.73,0.89510
815,199,-67,209.98,0.80760
816,263,-114,286.64,1.10248
817,403,-195,447.70,1.72192
818,267,-247,363.73,1.39895
819,170,60,180.28,0.69338
820,296,307,426.46,1.64022
821,265,157,308.02,1.18468
822,-316,-204,376.13,1.44664
823,-391,-613,727.08,2.79647
824,-157,-242,288.47,1.10949
825,289,406,498.35,1.91675
826,902,432,1000.11,3.84659
827,730,835,1109.11,4.26581
828,397,1394,1449.43,5.57473
829,-260,1299,1324.76,5.09525
830,-655,216,689.70,2.65268
831,-341,-630,716.37,2.75526
832,236,-408,471.34,1.81284
833,481,149,503.55,1.93673
834,313,591,668.77,2.57218
835,103,667,674.91,2.59579
836,193,267,329.45,1.26712
837,565,-247,616.63,2.37166
838,623,-146,639.88,2.46107
839,341,7,341.07,1.31181
840,185,-61,194.80,0.74922
841,329,-202,386.06,1.48486
842,698,15,698.16,2.68524
843,321,472,570.81,2.19543
844,-33,464,465.17,1.78912
845,-314,29,315.34,1.21283
846,-19,-140,141.28,0.54340
847,127,102,162.89,0.62650
848,151,258,298.94,1.14977
849,99,277,294.16,1.13138
# END
# FRAME,17,RX_TS,106150741586,FP_INDEX,750.7500,FP_INT,750,RXPACC,268,RXPWR,-68.30,STD_NOISE,132.00,NTM,13,NOISE_THRESH,1716.00,PEAK_IDX,753,PEAK_AMPL,18469,START,700,elapsed_s,2.0378
sample,real,imag,amplitude,amplitude_norm
700,26,32,41.23,0.15385
701,-150,155,215.70,0.80484
702,-234,7,234.10,0.87352
703,312,-153,347.50,1.29662
704,913,-271,952.37,3.55362
705,1082,-307,1124.71,4.19668
706,746,-43,747.24,2.78820
707,-312,171,355.79,1.32757
708,-448,328,555.24,2.07178
709,2,270,270.01,1.00749
710,371,282,466.01,1.73884
711,228,0,228.00,0.85075
712,171,-312,355.79,1.32757
713,344,-149,374.88,1.39882
714,247,-57,253.49,0.94586
715,77,110,134.27,0.50102
716,-51,218,223.89,0.83540
717,21,246,246.89,0.92125
718,127,191,229.37,0.85585
719,527,-270,592.14,2.20948
720,938,-174,954.00,3.55971
721,913,-218,938.67,3.50248
722,538,-49,540.23,2.01577
723,-271,264,378.33,1.41170
724,-392,374,541.79,2.02162
725,43,208,212.40,0.79253
726,361,99,374.33,1.39675
727,553,-15,553.20,2.06419
728,790,-293,842.58,3.14397
729,643,-361,737.41,2.75152
730,371,-315,486.69,1.81600
731,-49,282,286.23,1.06801
732,-257,436,506.11,1.88846
733,-39,39,55.15,0.20580
734,-202,-109,229.53,0.85646
735,-754,94,759.84,2.83521
736,-1049,364,1110.36,4.14313
737,-1031,379,1098.45,4.09871
738,-796,277,842.82,3.14485
739,108,-83,136.21,0.50824
740,329,-288,437.25,1.63152
741,-273,-117,297.02,1.10827
742,-505,340,608.79,2.27160
743,-616,562,833.85,3.11137
744,-729,629,962.85,3.59273
745,-931,318,983.81,3.67094
746,-636,263,688.23,2.56803
747,10,106,106.47,0.39728
748,-2,-344,344.01,1.28360
749,-323,-534,624.09,2.32868
750,-1228,-2799,3056.53,11.40497
751,-4010,-11234,11928.24,44.50835
752,-7186,-16319,17831.11,66.53397
753,-7835,-16495,18261.22,68.13889
754,-4274,-12699,13398.94,49.99606
755,5920,2699,6506.23,24.27697
756,9959,7004,12175.29,45.43019
757,4048,-528,4082.29,15.23242
758,-1830,-3607,4044.67,15.09205
759,-2776,1018,2956.77,11.03273
760,-1269,2961,3221.47,12.02042
761,-110,1534,1537.94,5.73858
762,205,692,721.73,2.69301
763,-67,741,744.02,2.77620
764,-214,1231,1249.46,4.66217
765,719,1328,1510.15,5.63488
766,1192,639,1352.47,5.04654
767,589,504,775.20,2.89254
768,-670,840,1074.48,4.00924
769,-841,1333,1576.13,5.88106
770,320,1319,1357.26,5.06441
771,1495,1094,1852.53,6.91242
772,112,620,630.03,2.35088
773,-1454,-28,1454.27,5.42638
774,241,-256,351.59,1.31191
775,2775,145,2778.79,10.36860
776,1440,642,1576.63,5.88295
777,-1344,1015,1684.21,6.28436
778,-2163,930,2354.46,8.78529
779,-236,904,934.30,3.48619
780,1509,1039,1832.10,6.83621
781,1558,1833,2405.67,8.97638
782,1006,3212,3365.85,12.55916
783,410,3426,3450.45,12.87480
784,315,1731,1759.43,6.56503
785,90,202,221.14,0.82516
786,-198,-1131,1148.20,4.28433
787,628,-1379,1515.26,5.65397
788,3311,422,3337.78,12.45442
789,5534,3435,6513.40,24.30373
790,3957,4310,5850.98,21.83201
791,982,1717,1977.98,7.38053
792,-209,-502,543.77,2.02899
793,131,-792,802.76,2.99538
794,306,-717,779.57,2.90883
795,68,-234,243.68,0.90925
796,242,135,277.11,1.03399
797,469,6,469.04,1.75014
798,436,-62,440.39,1.64323
799,319,83,329.62,1.22993
800,522,106,532.65,1.98751
801,701,-106,708.97,2.64541
802,159,-311,349.29,1.30331
803,-1309,63,1310.52,4.88998
804,-2005,617,2097.79,7.82757
805,-1895,674,2011.29,7.50483
806,-840,471,963.04,3.59342
807,-368,578,685.21,2.55674
808,-211,532,572.32,2.13551
809,-215,728,759.08,2.83240
810,-345,1137,1188.19,4.43354
811,-617,611,868.34,3.24007
812,-982,-128,990.31,3.69518
813,-898,-225,925.76,3.45432
814,-357,71,363.99,1.35818
815,453,210,499.31,1.86309
816,586,241,633.62,2.36426
817,473,372,601.76,2.24537
818,562,488,744.30,2.77725
819,226,296,372.41,1.38960
820,-5,309,309.04,1.15314
821,10,282,282.18,1.05290
822,201,-100,224.50,0.83769
823,657,-612,897.88,3.35031
824,457,-267,529.28,1.97493
825,-147,350,379.62,1.41648
826,-273,1204,1234.56,4.60658
827,-287,1629,1654.09,6.17197
828,-851,1528,1749.00,6.52610
829,-1274,871,1543.28,5.75851
830,-975,-264,1010.11,3.76906
831,-2,-617,617.00,2.30225
832,553,129,567.85,2.11883
833,265,487,554.43,2.06877
834,-169,677,697.78,2.60364
835,-525,535,749.57,2.79689
836,-216,459,507.28,1.89285
837,419,558,697.80,2.60373
838,490,837,969.88,3.61896
839,232,667,706.20,2.63506
840,101,621,629.16,2.34761
841,203,347,402.02,1.50006
842,374,582,691.81,2.58138
843,271,786,831.41,3.10226
844,97,443,453.50,1.69215
845,92,54,106.68,0.39805
846,158,-90,181.84,0.67849
847,-133,80,155.21,0.57913
848,-266,299,400.20,1.49327
849,-295,235,377.16,1.40732
# END
# FRAME,18,RX_TS,112540536972,FP_INDEX,752.0312,FP_INT,752,RXPACC,262,RXPWR,-68.46,STD_NOISE,136.00,NTM,13,NOISE_THRESH,1768.00,PEAK_IDX,754,PEAK_AMPL,17842,START,702,elapsed_s,2.0782
sample,real,imag,amplitude,amplitude_norm
702,264,147,302.17,1.15331
703,141,264,299.29,1.14234
704,26,-54,59.93,0.22875
705,0,-786,786.00,3.00000
706,-103,-983,988.38,3.77245
707,37,-989,989.69,3.77745
708,98,-35,104.06,0.39719
709,35,698,698.88,2.66747
710,-66,429,434.05,1.65667
711,219,-42,222.99,0.85111
712,154,-152,216.38,0.82588
713,-87,-67,109.81,0.41912
714,-95,-230,248.85,0.94980
715,-81,-302,312.67,1.19341
716,-44,-120,127.81,0.48783
717,82,165,184.25,0.70325
718,85,138,162.08,0.61862
719,212,-22,213.14,0.81351
720,-45,-321,324.14,1.23717
721,-75,-855,858.28,3.27589
722,-90,-932,936.34,3.57380
723,-149,-719,734.28,2.80258
724,-55,131,142.08,0.54228
725,8,704,704.05,2.68720
726,-148,211,257.73,0.98370
727,-59,-275,281.26,1.07350
728,235,-423,483.89,1.84693
729,-14,-644,644.15,2.45860
730,-256,-716,760.39,2.90225
731,-396,-553,680.17,2.59605
732,39,-40,55.87,0.21323
733,307,531,613.36,2.34107
734,-41,356,358.35,1.36776
735,-117,149,189.45,0.72308
736,59,513,516.38,1.97092
737,305,1020,1064.62,4.06345
738,286,1058,1095.97,4.18311
739,70,923,925.65,3.53302
740,17,105,106.37,0.40598
741,23,-471,471.56,1.79985
742,157,4,157.05,0.59943
743,328,393,511.89,1.95378
744,392,585,704.19,2.68776
745,459,835,952.84,3.63680
746,281,1020,1058.00,4.03816
747,178,892,909.59,3.47171
748,232,135,268.42,1.02450
749,67,-364,370.11,1.41265
750,-67,-151,165.20,0.63052
751,-1386,544,1488.94,5.68296
752,-8528,2037,8767.90,33.46528
753,-15889,4300,16460.57,62.82660
754,-16458,5392,17318.76,66.10213
755,-15249,4577,15921.08,60.76750
756,-656,-594,884.97,3.37775
757,12115,-2910,12459.59,47.55568
758,6872,614,6899.38,26.33349
759,-881,3028,3153.56,12.03649
760,-553,1646,1736.41,6.62752
761,1888,209,1899.53,7.25013
762,1861,483,1922.66,7.33839
763,1275,1030,1639.06,6.25596
764,1036,497,1149.05,4.38567
765,1003,-175,1018.15,3.88608
766,1355,-990,1678.13,6.40508
767,1086,-1227,1638.57,6.25410
768,706,-633,948.22,3.61917
769,495,493,698.62,2.66650
770,1031,910,1375.16,5.24870
771,1358,274,1385.37,5.28766
772,1667,-1246,2081.20,7.94352
773,1138,-971,1495.96,5.70976
774,-62,1408,1409.36,5.37925
775,-1242,1388,1862.55,7.10899
776,-510,-1691,1766.23,6.74135
777,597,-2225,2303.70,8.79275
778,963,261,997.74,3.80818
779,766,2351,2472.64,9.43756
780,329,1707,1738.42,6.63518
781,294,-102,311.19,1.18775
782,1061,-1069,1506.15,5.74866
783,2625,-909,2777.93,10.60279
784,3384,-309,3398.08,12.96976
785,1607,-68,1608.44,6.13908
786,80,-139,160.38,0.61213
787,-1231,-107,1235.64,4.71619
788,-1859,-452,1913.16,7.30214
789,-284,-2188,2206.35,8.42120
790,2733,-4244,5047.85,19.26662
791,4403,-4290,6147.40,23.46335
792,2755,-1897,3344.94,12.76695
793,70,-178,191.27,0.73004
794,-661,-184,686.13,2.61882
795,-784,-506,933.11,3.56148
796,-476,-175,507.15,1.93569
797,244,19,244.74,0.93412
798,152,-297,333.64,1.27342
799,-103,-787,793.71,3.02943
800,176,-931,947.49,3.61637
801,397,-782,877.00,3.34734
802,234,-760,795.21,3.03515
803,-114,-445,459.37,1.75332
804,-148,719,734.07,2.80181
805,9,1877,1877.02,7.16420
806,303,1846,1870.70,7.14008
807,310,954,1003.10,3.82864
808,707,350,788.89,3.01103
809,508,250,566.18,2.16101
810,463,241,521.97,1.99224
811,894,447,999.52,3.81497
812,819,492,955.42,3.64664
813,174,598,622.80,2.37710
814,-149,630,647.38,2.47092
815,-87,222,238.44,0.91007
816,132,-358,381.56,1.45634
817,332,-633,714.78,2.72817
818,547,-525,758.18,2.89381
819,527,-642,830.60,3.17022
820,101,-556,565.10,2.15687
821,68,-168,181.24,0.69176
822,405,120,422.40,1.61223
823,48,-23,53.23,0.20315
824,-653,-563,862.19,3.29082
825,-483,-799,933.64,3.56352
826,45,-67,80.71,0.30805
827,778,574,966.83,3.69019
828,1387,575,1501.46,5.73078
829,1404,763,1597.93,6.09898
830,1095,1068,1529.59,5.83813
831,-130,1060,1067.94,4.07611
832,-777,12,777.09,2.96600
833,-183,-798,818.71,3.12486
834,420,-505,656.83,2.50698
835,632,33,632.86,2.41550
836,444,559,713.87,2.72471
837,39,574,575.32,2.19589
838,225,-78,238.14,0.90892
839,746,-567,937.02,3.57641
840,848,-352,918.15,3.50441
841,557,-78,562.43,2.14670
842,388,-212,442.14,1.68756
843,389,-433,582.07,2.22166
844,841,-342,907.88,3.46519
845,524,40,525.52,2.00582
846,68,77,102.73,0.39209
847,10,5,11.18,0.04267
848,161,143,215.34,0.82190
849,206,205,290.62,1.10924
850,35,214,216.84,0.82765
851,62,156,167.87,0.64072
# END
# FRAME,19,RX_TS,118930322598,FP_INDEX,752.3281,FP_INT,752,RXPACC,265,RXPWR,-68.72,STD_NOISE,152.00,NTM,13,NOISE_THRESH,1976.00,PEAK_IDX,754,PEAK_AMPL,18199,START,702,elapsed_s,2.1212
sample,real,imag,amplitude,amplitude_norm
702,270,-4,270.03,1.01898
703,261,257,366.29,1.38223
704,94,131,161.24,0.60844
705,-121,-577,589.55,2.22472
706,-235,-927,956.32,3.60877
707,-234,-980,1007.55,3.80207
708,2,-325,325.01,1.22644
709,26,544,544.62,2.05517
710,31,414,415.16,1.56664
711,213,-178,277.58,1.04749
712,199,-294,355.02,1.33969
713,-22,-119,121.02,0.45667
714,-49,-175,181.73,0.68578
715,-50,-221,226.59,0.85504
716,-50,-202,208.10,0.78527
717,195,8,195.16,0.73647
718,40,133,138.88,0.52409
719,171,10,171.29,0.64639
720,-18,-299,299.54,1.13034
721,-207,-725,753.97,2.84518
722,-32,-983,983.52,3.71140
723,-206,-805,830.94,3.13562
724,-40,-143,148.49,0.56034
725,81,635,640.15,2.41564
726,-69,356,362.63,1.36840
727,-132,-265,296.06,1.11719
728,20,-314,314.64,1.18731
729,-59,-572,575.03,2.16994
730,-224,-668,704.56,2.65870
731,-443,-569,721.12,2.72120
732,-236,-259,350.40,1.32225
733,403,275,487.89,1.84108
734,124,428,445.60,1.68151
735,-136,159,209.23,0.78955
736,18,323,323.50,1.22076
737,291,885,931.61,3.51553
738,515,1083,1199.21,4.52534
739,301,1055,1097.10,4.14000
740,152,520,541.76,2.04438
741,-68,-239,248.49,0.93768
742,-22,60,63.91,0.24116
743,344,614,703.80,2.65584
744,551,636,841.48,3.17542
745,582,676,892.02,3.36611
746,418,885,978.75,3.69339
747,181,1045,1060.56,4.00211
748,320,463,562.82,2.12386
749,141,-201,245.52,0.92651
750,-166,-112,200.25,0.75566
751,-735,525,903.24,3.40847
752,-5330,1914,5663.24,21.37072
753,-14470,4976,15301.68,57.74220
754,-16473,6831,17833.18,67.29502
755,-16292,6835,17667.67,66.67045
756,-7676,1912,7910.54,29.85111
757,7685,-4600,8956.52,33.79818
758,6138,-2495,6625.71,25.00269
759,-2073,2897,3562.29,13.44262
760,-2481,3693,4449.00,16.78868
761,2103,1130,2387.36,9.00892
762,2680,188,2686.59,10.13806
763,1492,485,1568.85,5.92019
764,983,622,1163.26,4.38966
765,970,89,974.07,3.67575
766,1722,-871,1929.75,7.28207
767,1512,-1408,2066.06,7.79646
768,694,-1003,1219.69,4.60261
769,472,159,498.06,1.87948
770,942,798,1234.57,4.65876
771,1467,431,1529.00,5.76982
772,1852,-1201,2207.33,8.32955
773,1663,-1946,2559.78,9.65956
774,846,74,849.23,3.20464
775,-502,1453,1537.27,5.80104
776,-625,-718,951.92,3.59215
777,143,-2500,2504.09,9.44938
778,727,-471,866.24,3.26883
779,911,2119,2306.53,8.70389
780,523,2347,2404.57,9.07383
781,296,150,331.84,1.25222
782,709,-1618,1766.52,6.66613
783,2077,-1800,2748.44,10.37148
784,3369,-1108,3546.52,13.38311
785,2060,-849,2228.09,8.40790
786,450,-910,1015.18,3.83089
787,-619,-377,724.77,2.73498
788,-1555,-17,1555.09,5.86828
789,-829,-1362,1594.45,6.01681
790,1546,-4144,4422.99,16.69053
791,4088,-5431,6797.61,25.65136
792,3770,-3341,5037.38,19.00898
793,742,-571,936.27,3.53310
794,-722,-6,722.02,2.72462
795,-986,-386,1058.86,3.99571
796,-919,-209,942.47,3.55648
797,-9,272,272.15,1.02698
798,258,87,272.27,1.02745
799,-124,-360,380.76,1.43682
800,-344,-572,667.47,2.51877
801,-9,-749,749.05,2.82662
802,301,-978,1023.27,3.86140
803,58,-767,769.19,2.90260
804,88,243,258.44,0.97526
805,189,1640,1650.85,6.22964
806,344,1912,1942.70,7.33094
807,453,1080,1171.16,4.41946
808,846,294,895.63,3.37973
809,896,232,925.55,3.49264
810,666,269,718.27,2.71047
811,921,466,1032.18,3.89502
812,1219,676,1393.89,5.25997
813,425,999,1085.65,4.09678
814,-125,1154,1160.75,4.38019
815,-21,534,534.41,2.01665
816,314,-287,425.40,1.60528
817,489,-760,903.73,3.41029
818,603,-476,768.23,2.89900
819,662,-470,811.88,3.06369
820,506,-614,795.63,3.00239
821,293,-169,338.25,1.27640
822,518,277,587.41,2.21665
823,446,222,498.20,1.87999
824,-446,-339,560.21,2.11401
825,-719,-706,1007.67,3.80252
826,-162,-172,236.28,0.89162
827,565,529,773.99,2.92073
828,1381,454,1453.71,5.48570
829,1565,438,1625.14,6.13259
830,1253,935,1563.40,5.89964
831,245,1436,1456.75,5.49717
832,-637,735,972.62,3.67027
833,-399,-534,666.60,2.51548
834,422,-710,825.94,3.11677
835,707,-101,714.18,2.69501
836,634,512,814.92,3.07518
837,176,647,670.51,2.53023
838,192,-17,192.75,0.72736
839,725,-577,926.58,3.49654
840,906,-463,1017.45,3.83943
841,489,-93,497.77,1.87836
842,346,-253,428.63,1.61748
843,326,-492,590.20,2.22718
844,736,-676,999.34,3.77108
845,682,-267,732.40,2.76378
846,88,-117,146.40,0.55245
847,-76,-202,215.82,0.81443
848,126,-55,137.48,0.51880
849,272,235,359.46,1.35644
850,255,294,389.18,1.46860
851,174,295,342.49,1.29242
# END
# FRAME,20,RX_TS,125320117933,FP_INDEX,752.9375,FP_INT,752,RXPACC,264,RXPWR,-69.29,STD_NOISE,164.00,NTM,13,NOISE_THRESH,2132.00,PEAK_IDX,755,PEAK_AMPL,16904,START,702,elapsed_s,2.1717
sample,real,imag,amplitude,amplitude_norm
702,0,-47,47.00,0.17803
703,219,-117,248.29,0.94051
704,227,-2,227.01,0.85988
705,-86,83,119.52,0.45273
706,-757,-53,758.85,2.87444
707,-937,8,937.03,3.54937
708,-947,-116,954.08,3.61393
709,3,30,30.15,0.11420
710,630,100,637.89,2.41624
711,326,-2,326.01,1.23487
712,-116,-295,316.99,1.20071
713,-154,-192,246.13,0.93231
714,-194,197,276.49,1.04730
715,-264,223,345.58,1.30901
716,-322,188,372.86,1.41237
717,-103,35,108.78,0.41206
718,53,-92,106.17,0.40218
719,114,-20,115.74,0.43841
720,120,-172,209.72,0.79441
721,-284,145,318.87,1.20786
722,-824,-47,825.34,3.12629
723,-790,-8,790.04,2.99258
724,-682,143,696.83,2.63951
725,139,58,150.62,0.57051
726,564,30,564.80,2.13938
727,92,4,92.09,0.34881
728,-383,-220,441.69,1.67306
729,-396,-360,535.18,2.02719
730,-676,-35,676.91,2.56404
731,-759,224,791.36,2.99759
732,-598,343,689.39,2.61131
733,57,-17,59.48,0.22531
734,527,-235,577.02,2.18569
735,210,55,217.08,0.82228
736,145,140,201.56,0.76347
737,633,12,633.11,2.39816
738,1104,19,1104.16,4.18244
739,1068,149,1078.34,4.08463
740,877,233,907.42,3.43721
741,181,101,207.27,0.78512
742,-310,28,311.26,1.17902
743,200,108,227.30,0.86097
744,624,67,627.59,2.37722
745,805,-69,807.95,3.06042
746,910,-283,952.99,3.60981
747,1063,-132,1071.16,4.05744
748,889,67,891.52,3.37697
749,157,-94,182.99,0.69314
750,-306,13,306.28,1.16014
751,-83,451,458.57,1.73702
752,120,2135,2138.37,8.09988
753,115,9512,9512.70,36.03294
754,942,16124,16151.49,61.17990
755,1778,16469,16564.70,62.74507
756,1185,15312,15357.79,58.17343
757,-1506,430,1566.19,5.93252
758,-2898,-10717,11101.91,42.05270
759,-1913,-3812,4265.08,16.15561
760,-1327,3739,3967.50,15.02841
761,-978,2278,2479.07,9.39040
762,616,-1288,1427.73,5.40805
763,1795,-1590,2397.94,9.08311
764,1537,-1043,1857.48,7.03589
765,185,-879,898.26,3.40249
766,-343,-1071,1124.58,4.25979
767,-324,-1566,1599.17,6.05745
768,-568,-1243,1366.63,5.17662
769,-497,-739,890.58,3.37340
770,520,-369,637.62,2.41523
771,1211,-932,1528.12,5.78833
772,669,-1405,1556.14,5.89449
773,-1071,-1921,2199.38,8.33099
774,-1177,-1490,1898.80,7.19241
775,757,16,757.17,2.86806
776,628,928,1120.52,4.24440
777,-1829,-84,1830.93,6.93533
778,-1637,-854,1846.37,6.99383
779,1157,-869,1447.00,5.48106
780,2985,-372,3008.09,11.39428
781,1580,-290,1606.39,6.08482
782,-387,-599,713.14,2.70129
783,-726,-1555,1716.13,6.50049
784,112,-3459,3460.81,13.10914
785,540,-4165,4199.86,15.90856
786,-13,-2045,2045.04,7.74637
787,-246,-336,416.43,1.57738
788,-107,1126,1131.07,4.28437
789,-612,1767,1869.98,7.08327
790,-2238,-451,2282.99,8.64769
791,-3633,-4331,5652.99,21.41282
792,-2755,-5717,6346.19,24.03860
793,-875,-2967,3093.33,11.71717
794,-115,293,314.76,1.19227
795,-393,974,1050.30,3.97840
796,-482,859,984.99,3.73102
797,79,359,367.59,1.39238
798,356,-524,633.49,2.39959
799,104,-394,407.49,1.54354
800,-277,241,367.16,1.39078
801,-391,288,485.62,1.83946
802,-439,-308,536.27,2.03132
803,-724,-426,840.03,3.18194
804,-654,-149,670.76,2.54075
805,686,173,707.48,2.67984
806,1996,385,2032.79,7.69997
807,2007,130,2011.21,7.61820
808,1182,-480,1275.74,4.83237
809,547,-873,1030.21,3.90232
810,365,-527,641.06,2.42825
811,455,-425,622.62,2.35839
812,1015,-790,1286.21,4.87199
813,1217,-524,1325.02,5.01900
814,1103,600,1255.63,4.75618
815,687,854,1096.03,4.15163
816,186,60,195.44,0.74030
817,-2,-626,626.00,2.37122
818,50,-462,464.70,1.76022
819,51,-549,551.36,2.08850
820,-350,-545,647.71,2.45344
821,-335,-269,429.63,1.62740
822,114,-414,429.41,1.62655
823,440,-748,867.82,3.28718
824,278,-437,517.93,1.96186
825,-585,301,657.90,2.49203
826,-784,324,848.31,3.21330
827,-21,-2,21.10,0.07991
828,778,-576,968.02,3.66674
829,872,-1100,1403.70,5.31706
830,1187,-918,1500.56,5.68396
831,1451,-371,1497.68,5.67303
832,1095,477,1194.38,4.52418
833,-101,728,734.97,2.78399
834,-756,87,760.99,2.88254
835,-269,-489,558.11,2.11404
836,164,-542,566.27,2.14496
837,525,-223,570.40,2.16060
838,415,-68,420.53,1.59293
839,-231,-432,489.88,1.85562
840,-291,-1003,1044.36,3.95591
841,41,-775,776.08,2.93971
842,143,-287,320.65,1.21459
843,-30,-262,263.71,0.99891
844,-260,-513,575.13,2.17850
845,-150,-875,887.76,3.36274
846,-44,-362,364.66,1.38130
847,-224,162,276.44,1.04713
848,-207,76,220.51,0.83527
849,208,-135,247.97,0.93928
850,487,-133,504.83,1.91225
851,421,65,425.99,1.61359
# END
# FRAME,21,RX_TS,131709913237,FP_INDEX,752.5781,FP_INT,752,RXPACC,308,RXPWR,-69.55,STD_NOISE,144.00,NTM,13,NOISE_THRESH,1872.00,PEAK_IDX,754,PEAK_AMPL,20125,START,702,elapsed_s,2.2169
sample,real,imag,amplitude,amplitude_norm
702,-211,143,254.89,0.82757
703,-314,26,315.07,1.02297
704,-93,-68,115.21,0.37405
705,418,431,600.40,1.94936
706,768,961,1230.18,3.99409
707,887,958,1305.58,4.23889
708,381,461,598.07,1.94177
709,-331,-419,533.97,1.73366
710,-386,-312,496.33,1.61145
711,-204,189,278.10,0.90291
712,-23,431,431.61,1.40134
713,172,195,260.02,0.84421
714,374,224,435.95,1.41542
715,287,387,481.81,1.56431
716,227,389,450.39,1.46230
717,-18,68,70.34,0.22838
718,-138,-127,187.54,0.60891
719,-89,29,93.61,0.30391
720,61,234,241.82,0.78513
721,614,530,811.11,2.63347
722,733,892,1154.54,3.74849
723,848,729,1118.28,3.63077
724,203,299,361.40,1.17338
725,-619,-331,701.94,2.27903
726,-392,-287,485.83,1.57738
727,102,417,429.29,1.39381
728,168,466,495.36,1.60831
729,339,561,655.47,2.12815
730,644,581,867.35,2.81607
731,820,427,924.52,3.00167
732,372,117,389.97,1.26612
733,-400,-89,409.78,1.33046
734,-379,-267,463.61,1.50521
735,-11,-189,189.32,0.61467
736,-175,-279,329.34,1.06929
737,-649,-711,962.66,3.12553
738,-911,-788,1204.52,3.91077
739,-812,-849,1174.80,3.81427
740,-350,-340,487.95,1.58427
741,247,440,504.59,1.63827
742,160,190,248.39,0.80648
743,-350,-359,501.38,1.62785
744,-698,-398,803.50,2.60876
745,-856,-506,994.37,3.22847
746,-898,-626,1094.66,3.55409
747,-738,-844,1121.15,3.64010
748,-306,-317,440.60,1.43051
749,228,320,392.92,1.27571
750,342,170,381.92,1.24000
751,550,-615,825.06,2.67877
752,3692,-3811,5306.09,17.22756
753,11762,-12070,16853.18,54.71810
754,14695,-16477,22077.92,71.68156
755,14203,-16425,21714.19,70.50060
756,6002,-5134,7898.23,25.64359
757,-6264,10561,12278.94,39.86670
758,-5836,9502,11151.09,36.20485
759,1099,-236,1124.05,3.64953
760,2663,-3166,4137.04,13.43196
761,-1049,-194,1066.79,3.46360
762,-2524,979,2707.22,8.78966
763,-1705,409,1753.37,5.69276
764,-491,-121,505.69,1.64185
765,-434,336,548.86,1.78203
766,-1231,1461,1910.47,6.20281
767,-892,2041,2227.41,7.23184
768,-96,1504,1507.06,4.89305
769,-320,431,536.81,1.74288
770,-1211,-350,1260.56,4.09274
771,-1852,-7,1852.01,6.01303
772,-714,1512,1672.11,5.42892
773,609,2462,2536.20,8.23442
774,285,951,992.79,3.22333
775,-409,-750,854.27,2.77361
776,94,783,788.62,2.56046
777,874,2785,2918.92,9.47702
778,-267,1322,1348.69,4.37887
779,-2148,-1357,2540.74,8.24915
780,-2304,-1943,3013.91,9.78543
781,-820,4,820.01,2.66237
782,-139,2017,2021.78,6.56423
783,-1292,2878,3154.70,10.24254
784,-3132,2933,4290.91,13.93153
785,-2318,1783,2924.42,9.49486
786,-408,856,948.26,3.07877
787,884,12,884.08,2.87039
788,1832,-914,2047.34,6.64722
789,1617,554,1709.27,5.54958
790,507,4765,4791.90,15.55811
791,-1564,7610,7769.05,25.22420
792,-2384,5870,6335.64,20.57026
793,-646,1428,1567.32,5.08871
794,732,-425,846.43,2.74816
795,1176,-269,1206.37,3.91680
796,795,13,795.11,2.58151
797,-476,341,585.54,1.90110
798,-911,476,1027.86,3.33721
799,-265,-30,266.69,0.86589
800,459,143,480.76,1.56091
801,448,849,959.95,3.11672
802,126,1291,1297.13,4.21147
803,279,1011,1048.79,3.40516
804,-129,-272,301.04,0.97740
805,-794,-1597,1783.49,5.79056
806,-1328,-1573,2058.62,6.68383
807,-1283,-767,1494.78,4.85319
808,-1155,134,1162.75,3.77515
809,-1027,199,1046.10,3.39644
810,-771,13,771.11,2.50360
811,-1028,3,1028.00,3.33768
812,-1368,-306,1401.81,4.55132
813,-588,-978,1141.15,3.70504
814,-139,-1174,1182.20,3.83831
815,-178,-505,535.45,1.73848
816,-523,207,562.47,1.82622
817,-424,424,599.63,1.94684
818,-366,528,642.45,2.08587
819,-289,694,751.77,2.44081
820,96,465,474.81,1.54158
821,-90,188,208.43,0.67673
822,-770,161,786.65,2.55406
823,-839,45,840.21,2.72794
824,166,173,239.76,0.77844
825,1033,440,1122.80,3.64547
826,416,255,487.94,1.58421
827,-769,-115,777.55,2.52452
828,-1720,99,1722.85,5.59366
829,-1796,99,1798.73,5.84002
830,-1728,-407,1775.28,5.76391
831,-975,-848,1292.18,4.19539
832,327,-733,802.63,2.60595
833,1058,300,1099.71,3.57049
834,210,932,955.37,3.10184
835,-469,690,834.30,2.70877
836,-661,126,672.90,2.18475
837,-398,-304,500.82,1.62604
838,-147,147,207.89,0.67497
839,-241,882,914.33,2.96861
840,-637,889,1093.66,3.55084
841,-408,376,554.83,1.80141
842,-242,364,437.10,1.41917
843,-113,491,503.84,1.63583
844,-626,973,1156.98,3.75643
845,-860,744,1137.16,3.69208
846,-127,96,159.20,0.51689
847,436,-5,436.03,1.41568
848,230,95,248.85,0.80795
849,-334,90,345.91,1.12310
850,-424,-165,454.97,1.47719
851,-268,-259,372.70,1.21006
# END
# FRAME,22,RX_TS,138099701847,FP_INDEX,751.7187,FP_INT,751,RXPACC,274,RXPWR,-68.64,STD_NOISE,132.00,NTM,13,NOISE_THRESH,1716.00,PEAK_IDX,754,PEAK_AMPL,18920,START,701,elapsed_s,2.2626
sample,real,imag,amplitude,amplitude_norm
701,-6,76,76.24,0.27824
702,-265,50,269.68,0.98422
703,-189,-34,192.03,0.70085
704,319,275,421.17,1.53712
705,891,611,1080.37,3.94296
706,1022,608,1189.18,4.34007
707,624,622,881.06,3.21553
708,-167,-101,195.17,0.71229
709,-545,-241,595.91,2.17485
710,-228,29,229.84,0.83882
711,-15,273,273.41,0.99785
712,199,139,242.74,0.88591
713,389,28,390.01,1.42338
714,316,165,356.48,1.30104
715,296,106,314.41,1.14747
716,-1,26,26.02,0.09496
717,-101,-34,106.57,0.38894
718,-66,5,66.19,0.24157
719,32,163,166.11,0.60625
720,561,300,636.18,2.32181
721,773,717,1054.33,3.84793
722,878,569,1046.25,3.81844
723,530,341,630.22,2.30008
724,-283,-54,288.11,1.05148
725,-390,-239,457.41,1.66937
726,121,239,267.88,0.97768
727,248,380,453.77,1.65608
728,245,403,471.63,1.72127
729,617,403,736.95,2.68961
730,753,264,797.94,2.91218
731,602,114,612.70,2.23613
732,-154,69,168.75,0.61588
733,-416,-66,421.20,1.53724
734,-65,-90,111.02,0.40518
735,-87,-100,132.55,0.48375
736,-645,-464,794.56,2.89984
737,-984,-660,1184.84,4.32425
738,-908,-600,1088.33,3.97201
739,-636,-513,817.11,2.98215
740,198,136,240.21,0.87667
741,407,266,486.21,1.77451
742,-203,-195,281.49,1.02732
743,-673,-210,705.00,2.57300
744,-838,-252,875.07,3.19369
745,-887,-252,922.10,3.36534
746,-805,-562,981.77,3.58310
747,-576,-327,662.35,2.41733
748,-21,314,314.70,1.14855
749,302,236,383.28,1.39882
750,183,-404,443.51,1.61867
751,1575,-2991,3380.34,12.33701
752,6706,-10933,12825.79,46.80946
753,9559,-16057,18686.94,68.20051
754,9462,-16478,19001.42,69.34824
755,7393,-11815,13937.38,50.86636
756,-764,5238,5293.42,19.31907
757,-3678,10318,10953.94,39.97788
758,-205,1551,1564.49,5.70981
759,1263,-3050,3301.16,12.04804
760,-1016,32,1016.50,3.70987
761,-1920,1708,2569.76,9.37868
762,-1116,997,1496.48,5.46162
763,-595,699,917.95,3.35017
764,-610,742,960.55,3.50567
765,-860,961,1289.62,4.70664
766,-376,1429,1477.64,5.39284
767,260,1200,1227.84,4.48118
768,-70,646,649.78,2.37147
769,-958,-23,958.28,3.49736
770,-1657,158,1664.52,6.07488
771,-975,936,1351.56,4.93271
772,560,1467,1570.25,5.73084
773,984,144,994.48,3.62949
774,466,-1355,1432.89,5.22954
775,722,21,722.31,2.63615
776,1086,2412,2645.21,9.65405
777,5,1664,1664.01,6.07302
778,-1759,-527,1836.25,6.70164
779,-2067,-1508,2558.62,9.33804
780,-698,-395,802.02,2.92706
781,454,1056,1149.46,4.19510
782,-57,2364,2364.69,8.63024
783,-1718,3588,3978.10,14.51861
784,-1980,3523,4041.28,14.74919
785,-519,1935,2003.39,7.31166
786,357,203,410.68,1.49883
787,1104,-1342,1737.75,6.34216
788,1664,-839,1863.55,6.80128
789,1726,2971,3435.97,12.54005
790,466,6861,6876.81,25.09784
791,-847,6327,6383.44,23.29724
792,-557,2127,2198.72,8.02453
793,488,-457,668.58,2.44006
794,954,-480,1067.95,3.89763
795,884,-273,925.19,3.37662
796,13,215,215.39,0.78610
797,-422,814,916.89,3.34630
798,-102,799,805.48,2.93972
799,319,596,676.00,2.46716
800,412,545,683.20,2.49345
801,283,793,841.98,3.07294
802,407,779,878.91,3.20772
803,183,216,283.10,1.03321
804,-612,-910,1096.65,4.00238
805,-1252,-1292,1799.10,6.56607
806,-1300,-831,1542.91,5.63105
807,-997,-290,1038.32,3.78949
808,-922,74,924.96,3.37578
809,-621,189,649.12,2.36907
810,-700,401,806.72,2.94424
811,-1261,404,1324.14,4.83261
812,-970,-357,1033.61,3.77230
813,-345,-1176,1225.56,4.47285
814,-48,-1012,1013.14,3.69758
815,-79,-220,233.75,0.85312
816,-257,339,425.41,1.55258
817,-226,362,426.76,1.55750
818,-194,540,573.79,2.09413
819,76,618,622.66,2.27247
820,-7,402,402.06,1.46738
821,-773,372,857.85,3.13085
822,-1074,184,1089.65,3.97682
823,-241,-187,305.04,1.11329
824,927,-160,940.71,3.43324
825,571,-51,573.27,2.09224
826,-440,-20,440.45,1.60750
827,-1241,217,1259.83,4.59792
828,-1401,642,1541.09,5.62442
829,-1556,262,1577.90,5.75877
830,-1277,-420,1344.29,4.90619
831,-367,-686,778.00,2.83942
832,706,41,707.19,2.58098
833,474,781,913.58,3.33425
834,-108,635,644.12,2.35080
835,-585,404,710.94,2.59469
836,-679,27,679.54,2.48006
837,-434,188,472.97,1.72617
838,-200,624,655.27,2.39149
839,-221,872,899.57,3.28310
840,-173,565,590.89,2.15654
841,-258,442,511.79,1.86784
842,-198,371,420.53,1.53478
843,-360,690,778.27,2.84039
844,-366,662,756.44,2.76073
845,-39,261,263.90,0.96313
846,421,43,423.19,1.54449
847,235,129,268.08,0.97839
848,-380,163,413.48,1.50907
849,-498,104,508.74,1.85673
850,-368,-95,380.06,1.38710
# END
# FRAME,23,RX_TS,144489497091,FP_INDEX,750.7812,FP_INT,750,RXPACC,260,RXPWR,-69.11,STD_NOISE,120.00,NTM,13,NOISE_THRESH,1560.00,PEAK_IDX,753,PEAK_AMPL,16764,START,700,elapsed_s,2.3080
sample,real,imag,amplitude,amplitude_norm
700,25,17,30.23,0.11628
701,-200,124,235.32,0.90508
702,-265,-34,267.17,1.02759
703,221,10,221.23,0.85087
704,901,283,944.40,3.63230
705,1018,217,1040.87,4.00335
706,867,285,912.64,3.51016
707,-44,-5,44.28,0.17032
708,-513,-60,516.50,1.98653
709,-224,101,245.72,0.94507
710,73,364,371.25,1.42788
711,129,142,191.85,0.73787
712,267,-87,280.82,1.08006
713,290,19,290.62,1.11778
714,361,-28,362.08,1.39263
715,107,120,160.78,0.61837
716,-293,74,302.20,1.16231
717,-197,-22,198.22,0.76240
718,15,105,106.07,0.40795
719,486,-3,486.01,1.86927
720,882,315,936.56,3.60216
721,917,205,939.64,3.61398
722,712,75,715.94,2.75361
723,-203,-19,203.89,0.78418
724,-499,-114,511.86,1.96868
725,119,16,120.07,0.46181
726,412,203,459.30,1.76652
727,263,309,405.77,1.56066
728,638,153,656.09,2.52342
729,760,-71,763.31,2.93580
730,657,-210,689.75,2.65287
731,-54,77,94.05,0.36172
732,-496,132,513.26,1.97409
733,-135,35,139.46,0.53640
734,-128,-144,192.67,0.74102
735,-651,-177,674.63,2.59474
736,-1038,-178,1053.15,4.05058
737,-943,-135,952.61,3.66390
738,-773,-194,796.97,3.06528
739,89,-57,105.69,0.40649
740,351,-1,351.00,1.35001
741,-187,-27,188.94,0.72669
742,-558,143,576.03,2.21551
743,-762,228,795.38,3.05915
744,-936,207,958.62,3.68699
745,-1002,-178,1017.69,3.91418
746,-744,-132,755.62,2.90623
747,-61,175,185.33,0.71280
748,327,56,331.76,1.27600
749,107,-320,337.42,1.29775
750,126,-2371,2374.35,9.13210
751,1299,-10465,10545.31,40.55890
752,1530,-16237,16308.93,62.72664
753,992,-16494,16523.80,63.55310
754,1361,-14148,14213.31,54.66658
755,1493,2373,2803.60,10.78308
756,1086,11013,11066.42,42.56314
757,573,2887,2943.31,11.32044
758,-156,-2955,2959.11,11.38121
759,-1058,-85,1061.41,4.08234
760,-1678,2255,2810.82,10.81085
761,-1544,1505,2156.15,8.29287
762,-1158,702,1354.17,5.20833
763,-451,724,852.98,3.28070
764,-157,1471,1479.35,5.68983
765,423,2119,2160.81,8.31080
766,765,1447,1636.78,6.29529
767,454,534,700.91,2.69580
768,-639,312,711.10,2.73500
769,-1306,911,1592.34,6.12440
770,-692,1404,1565.27,6.02028
771,420,1603,1657.11,6.37349
772,112,237,262.13,1.00820
773,-874,-1531,1762.91,6.78041
774,130,-787,797.66,3.06794
775,2099,1614,2647.79,10.18381
776,1193,1558,1962.30,7.54730
777,-1498,418,1555.23,5.98164
778,-2886,-452,2921.18,11.23531
779,-1278,-5,1278.01,4.91542
780,596,869,1053.74,4.05286
781,808,1788,1962.09,7.54651
782,-165,3080,3084.42,11.86314
783,-647,3030,3098.31,11.91657
784,115,1303,1308.06,5.03102
785,651,-148,667.61,2.56774
786,888,-1243,1527.61,5.87542
787,1213,-984,1561.93,6.00742
788,2528,1610,2997.15,11.52748
789,3392,5285,6279.88,24.15338
790,2265,5913,6331.97,24.35371
791,507,2496,2546.97,9.79605
792,86,-521,528.05,2.03096
793,470,-879,996.77,3.83371
794,830,-613,1031.83,3.96857
795,480,1,480.00,1.84616
796,302,845,897.35,3.45133
797,297,664,727.40,2.79768
798,526,433,681.30,2.62037
799,658,457,801.13,3.08128
800,665,784,1028.05,3.95403
801,698,643,949.03,3.65011
802,452,181,486.89,1.87267
803,-561,-259,617.90,2.37654
804,-1345,-445,1416.70,5.44886
805,-1352,-126,1357.86,5.22253
806,-859,342,924.58,3.55607
807,-661,964,1168.85,4.49559
808,-502,651,822.07,3.16182
809,-468,601,761.73,2.92971
810,-1137,639,1304.26,5.01638
811,-1022,-270,1057.06,4.06563
812,-509,-1054,1170.47,4.50180
813,-18,-815,815.20,3.13538
814,134,127,184.62,0.71008
815,-112,790,797.90,3.06885
816,-166,642,663.11,2.55044
817,-81,674,678.85,2.61096
818,314,586,664.82,2.55702
819,318,351,473.63,1.82165
820,-246,512,568.03,2.18474
821,-752,580,949.69,3.65264
822,-412,115,427.75,1.64519
823,475,-291,557.05,2.14250
824,523,-148,543.54,2.09053
825,-243,226,331.85,1.27635
826,-959,661,1164.73,4.47974
827,-968,1122,1481.86,5.69946
828,-1117,1043,1528.25,5.87787
829,-1209,445,1288.30,4.95498
830,-780,-498,925.42,3.55931
831,329,-633,713.39,2.74382
832,680,313,748.58,2.87915
833,161,662,681.30,2.62037
834,-359,618,714.71,2.74887
835,-622,429,755.60,2.90614
836,-220,304,375.25,1.44329
837,246,477,536.70,2.06422
838,238,708,746.93,2.87282
839,-24,586,586.49,2.25574
840,-76,491,496.85,1.91095
841,59,353,357.90,1.37653
842,201,486,525.92,2.02279
843,-42,720,721.22,2.77394
844,-41,332,334.52,1.28662
845,298,-69,305.88,1.17648
846,270,-104,289.34,1.11284
847,-202,60,210.72,0.81047
848,-457,122,473.00,1.81925
849,-373,51,376.47,1.44796
# END
# FRAME,24,RX_TS,150879241107,FP_INDEX,748.7812,FP_INT,748,RXPACC,265,RXPWR,-68.91,STD_NOISE,160.00,NTM,13,NOISE_THRESH,2080.00,PEAK_IDX,751,PEAK_AMPL,17770,START,698,elapsed_s,2.3546
sample,real,imag,amplitude,amplitude_norm
698,-74,56,92.80,0.35019
699,-204,-190,278.78,1.05198
700,-65,-261,268.97,1.01499
701,84,234,248.62,0.93819
702,83,934,937.68,3.53842
703,246,983,1013.31,3.82383
704,55,855,856.77,3.23308
705,44,-84,94.83,0.35783
706,-75,-429,435.51,1.64342
707,-23,-167,168.58,0.63614
708,-178,121,215.23,0.81220
709,1,148,148.00,0.55850
710,363,143,390.15,1.47227
711,228,318,391.29,1.47657
712,178,375,415.10,1.56642
713,6,166,166.11,0.62682
714,-105,-154,186.39,0.70336
715,-80,-90,120.42,0.45440
716,-109,65,126.91,0.47890
717,251,387,461.27,1.74064
718,122,814,823.09,3.10601
719,235,948,976.69,3.68563
720,210,753,781.73,2.94994
721,-3,-177,177.03,0.66802
722,-117,-485,498.91,1.88269
723,-53,164,172.35,0.65038
724,-80,434,441.31,1.66533
725,-146,391,417.37,1.57498
726,216,638,673.57,2.54178
727,451,753,877.73,3.31219
728,463,636,786.68,2.96860
729,-100,-15,101.12,0.38158
730,-266,-438,512.45,1.93376
731,51,-256,261.03,0.98502
732,28,-189,191.06,0.72099
733,-82,-736,740.55,2.79454
734,-85,-1160,1163.11,4.38909
735,-49,-1023,1024.17,3.86480
736,-55,-841,842.80,3.18036
737,53,51,73.55,0.27756
738,126,293,318.94,1.20356
739,-1,-248,248.00,0.93586
740,-182,-539,568.90,2.14679
741,-357,-711,795.59,3.00224
742,-502,-811,953.80,3.59923
743,-208,-939,961.76,3.62929
744,-117,-864,871.89,3.29014
745,-160,-38,164.45,0.62057
746,64,306,312.62,1.17970
747,371,30,372.21,1.40457
748,2403,-681,2497.63,9.42503
749,10747,-2331,10996.89,41.49769
750,16280,-4467,16881.72,63.70461
751,16452,-5311,17288.00,65.23774
752,14028,-3622,14488.05,54.67190
753,-2353,2400,3361.04,12.68318
754,-10183,4622,11182.86,42.19947
755,-2255,1313,2609.41,9.84681
756,2793,-1175,3030.09,11.43432
757,-398,-982,1059.59,3.99845
758,-2420,-670,2511.04,9.47561
759,-1360,-820,1588.08,5.99276
760,-343,-982,1040.18,3.92520
761,-544,-429,692.80,2.61435
762,-1504,248,1524.31,5.75211
763,-1492,1042,1819.84,6.86733
764,-552,1042,1179.18,4.44974
765,-319,479,575.50,2.17170
766,-710,-555,901.18,3.40068
767,-1351,-924,1636.76,6.17645
768,-1642,-7,1642.01,6.19628
769,-1676,1167,2042.27,7.70668
770,-677,138,690.92,2.60725
771,698,-1457,1615.57,6.09647
772,611,-31,611.79,2.30863
773,-725,2828,2919.45,11.01681
774,-1066,1864,2147.29,8.10298
775,-913,-1199,1507.04,5.68694
776,-414,-2831,2861.11,10.79665
777,-320,-1126,1170.59,4.41731
778,-769,898,1182.27,4.46140
779,-1722,1452,2252.46,8.49986
780,-3363,1078,3531.55,13.32661
781,-3781,945,3897.30,14.70681
782,-1822,980,2068.84,7.80693
783,-40,696,697.15,2.63075
784,1392,309,1425.88,5.38069
785,1564,721,1722.19,6.49883
786,-537,2953,3001.43,11.32615
787,-3916,5054,6393.59,24.12675
788,-4624,4067,6158.07,23.23801
789,-1830,1242,2211.67,8.34591
790,632,-148,649.10,2.44943
791,956,123,963.88,3.63728
792,683,600,909.11,3.43062
793,91,436,445.40,1.68074
794,-433,434,613.06,2.31344
795,-196,527,562.27,2.12176
796,-48,636,637.81,2.40683
797,-166,805,821.94,3.10165
798,-467,831,953.23,3.59710
799,-261,665,714.39,2.69579
800,222,243,329.14,1.24204
801,380,-690,787.72,2.97252
802,226,-1356,1374.70,5.18756
803,-119,-1222,1227.78,4.63313
804,-531,-734,905.93,3.41862
805,-907,-642,1111.22,4.19329
806,-665,-446,800.71,3.02156
807,-628,-371,729.40,2.75245
808,-893,-930,1289.32,4.86536
809,-88,-969,972.99,3.67165
810,831,-684,1076.30,4.06150
811,634,-196,663.61,2.50417
812,-114,76,137.01,0.51702
813,-659,-17,659.22,2.48762
814,-513,-30,513.88,1.93916
815,-427,237,488.36,1.84288
816,-316,556,639.52,2.41330
817,-116,225,253.14,0.95525
818,-552,-238,601.12,2.26839
819,-821,-515,969.16,3.65720
820,-361,-238,432.39,1.63168
821,312,352,470.37,1.77498
822,94,286,301.05,1.13604
823,-321,-272,420.74,1.58771
824,-915,-575,1080.67,4.07800
825,-1272,-393,1331.33,5.02388
826,-1304,-675,1468.35,5.54093
827,-830,-967,1274.36,4.80890
828,168,-712,731.55,2.76057
829,722,163,740.17,2.79310
830,-13,595,595.14,2.24582
831,-496,244,552.77,2.08592
832,-722,-123,732.40,2.76378
833,-592,-375,700.78,2.64444
834,-308,-53,312.53,1.17935
835,-255,527,585.45,2.20925
836,-464,587,748.24,2.82355
837,-388,307,494.77,1.86704
838,-372,38,373.94,1.41108
839,-262,110,284.15,1.07228
840,-527,401,662.22,2.49893
841,-864,342,929.23,3.50651
842,-462,253,526.74,1.98769
843,-5,353,353.04,1.33221
844,149,263,302.27,1.14066
845,-31,-148,151.21,0.57061
846,-202,-265,333.21,1.25740
847,-139,-266,300.13,1.13256
# END
# FRAME,25,RX_TS,157269036293,FP_INDEX,746.8125,FP_INT,746,RXPACC,273,RXPWR,-68.79,STD_NOISE,164.00,NTM,13,NOISE_THRESH,2132.00,PEAK_IDX,749,PEAK_AMPL,18638,START,696,elapsed_s,2.4773
sample,real,imag,amplitude,amplitude_norm
696,132,-61,145.41,0.53265
697,334,-23,334.79,1.22634
698,233,162,283.78,1.03950
699,-238,-98,257.39,0.94281
700,-772,-530,936.42,3.43011
701,-885,-517,1024.95,3.75438
702,-666,-477,819.20,3.00072
703,76,222,234.65,0.85952
704,476,288,556.35,2.03789
705,185,-16,185.69,0.68019
706,111,-398,413.19,1.51351
707,-43,-168,173.42,0.63522
708,-253,113,277.09,1.01498
709,-282,-21,282.78,1.03583
710,-298,-42,300.95,1.10236
711,-5,-74,74.17,0.27168
712,266,21,266.83,0.97739
713,127,86,153.38,0.56183
714,72,-46,85.44,0.31297
715,-463,-152,487.31,1.78503
716,-706,-562,902.37,3.30540
717,-704,-560,899.56,3.29511
718,-590,-321,671.67,2.46033
719,240,174,296.44,1.08586
720,501,305,586.54,2.14849
721,-47,-41,62.37,0.22846
722,-206,-318,378.89,1.38789
723,-137,-282,313.52,1.14841
724,-502,-292,580.75,2.12728
725,-762,-179,782.74,2.86719
726,-624,-14,624.16,2.28629
727,142,-47,149.58,0.54790
728,481,111,493.64,1.80821
729,119,194,227.59,0.83366
730,64,262,269.70,0.98793
731,572,513,768.34,2.81445
732,1011,651,1202.46,4.40463
733,1027,652,1216.48,4.45599
734,777,602,982.92,3.60044
735,21,28,35.00,0.12821
736,-281,-181,334.25,1.22435
737,242,203,315.87,1.15703
738,609,259,661.79,2.42413
739,803,266,845.91,3.09857
740,1011,277,1048.26,3.83978
741,1008,674,1212.58,4.44167
742,803,535,964.90,3.53444
743,275,-88,288.74,1.05764
744,-184,-105,211.85,0.77601
745,-163,376,409.81,1.50114
746,-1059,2441,2660.82,9.74659
747,-5746,10103,11622.70,42.57399
748,-8689,15971,18181.63,66.59937
749,-8591,16485,18589.26,68.09252
750,-7275,13511,15345.12,56.20924
751,-266,-3150,3161.21,11.57953
752,3370,-10946,11453.03,41.95248
753,516,-2754,2801.92,10.26345
754,-987,3019,3176.24,11.63460
755,1082,539,1208.82,4.42791
756,2412,-1414,2795.91,10.24145
757,1786,-823,1966.50,7.20330
758,719,-264,765.94,2.80562
759,201,-503,541.67,1.98415
760,520,-1135,1248.45,4.57307
761,486,-1619,1690.37,6.19184
762,-50,-1267,1267.99,4.64464
763,-123,-684,694.97,2.54568
764,858,-114,865.54,3.17048
765,1673,-386,1716.95,6.28920
766,1049,-1204,1596.88,5.84937
767,37,-2373,2373.29,8.69336
768,196,-1051,1069.12,3.91619
769,529,1431,1525.65,5.58845
770,-642,916,1118.58,4.09736
771,-1784,-2106,2760.05,10.11008
772,-473,-1838,1897.89,6.95197
773,1806,296,1830.10,6.70365
774,2440,1532,2881.08,10.55341
775,768,200,793.61,2.90701
776,-526,-1399,1494.62,5.47478
777,36,-2158,2158.30,7.90586
778,1631,-2678,3135.58,11.48563
779,1874,-2397,3042.61,11.14510
780,351,-1280,1327.25,4.86173
781,-662,-344,746.04,2.73276
782,-1341,510,1434.71,5.25533
783,-1481,297,1510.49,5.53292
784,-1596,-2464,2935.73,10.75359
785,-870,-6107,6168.66,22.59582
786,335,-6217,6226.02,22.80593
787,432,-2102,2145.93,7.86056
788,-164,840,855.86,3.13502
789,-544,998,1136.64,4.16350
790,-664,466,811.20,2.97144
791,-250,-66,258.57,0.94713
792,106,-616,625.05,2.28957
793,-77,-365,373.03,1.36642
794,-337,-230,408.01,1.49453
795,-478,-646,803.62,2.94365
796,-285,-1089,1125.68,4.12335
797,-226,-841,870.84,3.18988
798,-43,75,86.45,0.31668
799,550,1036,1172.94,4.29650
800,1362,1066,1729.57,6.33541
801,1512,532,1602.86,5.87129
802,1111,-5,1111.01,4.06964
803,761,-314,823.24,3.01552
804,692,-363,781.43,2.86238
805,955,-489,1072.91,3.93009
806,1699,-217,1712.80,6.27400
807,1107,705,1312.43,4.80744
808,170,1511,1520.53,5.56972
809,-164,931,945.33,3.46276
810,214,-189,285.51,1.04583
811,681,-675,958.85,3.51226
812,588,-548,803.77,2.94422
813,329,-587,672.91,2.46488
814,-55,-702,704.15,2.57931
815,-7,-332,332.07,1.21639
816,629,-125,641.30,2.34909
817,887,-226,915.34,3.35289
818,291,-63,297.74,1.09063
819,-528,-12,528.14,1.93457
820,-250,95,267.44,0.97964
821,532,11,532.11,1.94913
822,1326,-338,1368.40,5.01246
823,1406,-811,1623.13,5.94554
824,1508,-481,1582.85,5.79800
825,1337,230,1356.64,4.96937
826,508,840,981.66,3.59584
827,-517,478,704.11,2.57916
828,-320,-455,556.26,2.03758
829,397,-578,701.21,2.56853
830,874,-417,968.38,3.54719
831,873,-81,876.75,3.21154
832,314,76,323.07,1.18339
833,-199,-391,438.73,1.60706
834,-36,-951,951.68,3.48601
835,260,-725,770.21,2.82129
836,331,-392,513.05,1.87932
837,151,-358,388.54,1.42323
838,38,-575,576.25,2.11082
839,345,-834,902.54,3.30601
840,432,-416,599.73,2.19683
841,-8,-42,42.76,0.15661
842,-274,136,305.90,1.12050
843,103,163,192.82,0.70629
844,500,184,532.78,1.95158
845,503,216,547.42,2.00519
# END
# FRAME,26,RX_TS,163658831455,FP_INDEX,751.4687,FP_INT,751,RXPACC,262,RXPWR,-68.82,STD_NOISE,128.00,NTM,13,NOISE_THRESH,1664.00,PEAK_IDX,753,PEAK_AMPL,17524,START,701,elapsed_s,2.5943
sample,real,imag,amplitude,amplitude_norm
701,-119,132,177.72,0.67833
702,-250,123,278.62,1.06343
703,-150,31,153.17,0.58462
704,454,262,524.18,2.00067
705,934,387,1011.00,3.85879
706,973,342,1031.35,3.93647
707,524,311,609.34,2.32573
708,-327,-161,364.49,1.39117
709,-380,-157,411.16,1.56930
710,-104,96,141.53,0.54021
711,62,330,335.77,1.28158
712,138,55,148.56,0.56701
713,411,-133,431.98,1.64879
714,454,20,454.44,1.73450
715,390,-18,390.42,1.49013
716,68,146,161.06,0.61473
717,-211,0,211.00,0.80534
718,-101,37,107.56,0.41055
719,92,100,135.88,0.51863
720,572,185,601.17,2.29455
721,846,404,937.51,3.57830
722,834,292,883.64,3.37267
723,425,197,468.44,1.78793
724,-424,-55,427.55,1.63188
725,-349,-40,351.28,1.34078
726,214,171,273.93,1.04553
727,338,354,489.45,1.86812
728,461,304,552.21,2.10768
729,726,214,756.88,2.88887
730,835,-49,836.44,3.19251
731,450,-68,455.11,1.73706
732,-237,114,262.99,1.00379
733,-322,-11,322.19,1.22972
734,-52,-107,118.97,0.45407
735,-213,-188,284.10,1.08435
736,-784,-344,856.15,3.26775
737,-1025,-333,1077.74,4.11349
738,-912,-374,985.71,3.76224
739,-561,-89,568.02,2.16800
740,171,185,251.92,0.96154
741,213,-35,215.86,0.82388
742,-315,-175,360.35,1.37537
743,-608,1,608.00,2.32061
744,-820,119,828.59,3.16256
745,-903,-13,903.09,3.44692
746,-879,-393,962.86,3.67502
747,-573,-102,582.01,2.22140
748,56,242,248.39,0.94807
749,302,16,302.42,1.15429
750,232,-521,570.32,2.17679
751,1110,-4068,4216.72,16.09435
752,3819,-13006,13555.10,51.73703
753,4340,-16438,17001.28,64.89037
754,4042,-16457,16946.11,64.67981
755,3318,-9747,10296.27,39.29873
756,226,7362,7365.47,28.11247
757,-621,9190,9210.96,35.15633
758,326,293,438.32,1.67298
759,24,-2669,2669.11,10.18744
760,-1556,943,1819.45,6.94445
761,-1823,1928,2653.40,10.12747
762,-1221,938,1539.70,5.87673
763,-629,605,872.73,3.33105
764,-368,952,1020.65,3.89561
765,-519,1550,1634.58,6.23887
766,74,1852,1853.48,7.07434
767,629,1194,1349.55,5.15094
768,57,560,562.89,2.14845
769,-1067,324,1115.11,4.25614
770,-1251,753,1460.14,5.57305
771,200,1624,1636.27,6.24530
772,1260,2151,2492.87,9.51477
773,-36,522,523.24,1.99710
774,-1018,-1480,1796.31,6.85614
775,750,-556,933.61,3.56341
776,2300,1718,2870.81,10.95727
777,403,1446,1501.11,5.72942
778,-2319,-104,2321.33,8.86004
779,-2825,-858,2952.42,11.26878
780,-648,111,657.44,2.50931
781,870,1507,1740.10,6.64160
782,377,2552,2579.70,9.84617
783,-999,3601,3737.00,14.26338
784,-975,3073,3223.97,12.30521
785,140,1433,1439.82,5.49551
786,935,17,935.15,3.56929
787,1422,-1033,1757.60,6.70841
788,1642,-103,1645.23,6.27949
789,2223,3298,3977.25,15.18035
790,2214,6133,6520.39,24.88698
791,1000,4918,5018.64,19.15511
792,172,773,791.90,3.02254
793,37,-940,940.73,3.59056
794,291,-705,762.70,2.91106
795,552,-415,690.60,2.63588
796,222,105,245.58,0.93732
797,83,467,474.32,1.81038
798,414,175,449.47,1.71552
799,714,246,755.19,2.88240
800,764,811,1114.19,4.25263
801,435,1024,1112.57,4.24643
802,341,378,509.08,1.94306
803,48,-625,626.84,2.39252
804,-658,-1363,1513.52,5.77678
805,-1285,-1025,1643.73,6.27378
806,-1364,-413,1425.15,5.43952
807,-998,282,1037.08,3.95831
808,-820,596,1013.71,3.86914
809,-690,541,876.80,3.34657
810,-960,458,1063.66,4.05976
811,-1357,190,1370.24,5.22991
812,-707,-999,1223.87,4.67125
813,57,-1292,1293.26,4.93609
814,213,-506,549.00,2.09543
815,-74,496,501.49,1.91408
816,-481,764,902.81,3.44582
817,-398,664,774.14,2.95475
818,-27,703,703.52,2.68518
819,418,751,859.49,3.28050
820,120,395,412.83,1.57567
821,-571,411,703.54,2.68525
822,-677,340,757.58,2.89153
823,89,155,178.73,0.68219
824,806,83,810.26,3.09260
825,327,8,327.10,1.24847
826,-532,240,583.63,2.22760
827,-1001,796,1278.91,4.88135
828,-1093,1033,1503.91,5.74011
829,-1392,625,1525.87,5.82394
830,-1319,-265,1345.36,5.13495
831,-484,-778,916.26,3.49719
832,412,-231,472.34,1.80282
833,214,585,622.91,2.37753
834,-375,629,732.30,2.79505
835,-910,585,1081.82,4.12907
836,-779,97,785.02,2.99624
837,11,121,121.50,0.46374
838,416,624,749.95,2.86242
839,161,991,1003.99,3.83203
840,-241,693,733.71,2.80042
841,-310,565,644.46,2.45976
842,27,346,347.05,1.32463
843,56,686,688.28,2.62703
844,-134,754,765.81,2.92296
845,-43,408,410.26,1.56588
846,151,118,191.64,0.73144
847,119,20,120.67,0.46057
848,-252,77,263.50,1.00573
849,-419,55,422.59,1.61296
850,-355,74,362.63,1.38409
# END
# FRAME,27,RX_TS,170048693675,FP_INDEX,749.1562,FP_INT,749,RXPACC,264,RXPWR,-68.68,STD_NOISE,124.00,NTM,13,NOISE_THRESH,1612.00,PEAK_IDX,751,PEAK_AMPL,17935,START,699,elapsed_s,2.7107
sample,real,imag,amplitude,amplitude_norm
699,-107,106,150.62,0.57051
700,-159,-21,160.38,0.60750
701,115,15,115.97,0.43930
702,695,336,771.96,2.92409
703,955,411,1039.69,3.93820
704,954,465,1061.29,4.02005
705,205,215,297.07,1.12526
706,-436,-213,485.25,1.83806
707,-313,-95,327.10,1.23901
708,-87,256,270.38,1.02416
709,39,251,254.01,0.96217
710,202,-65,212.20,0.80379
711,351,7,351.07,1.32981
712,359,115,376.97,1.42791
713,225,135,262.39,0.99391
714,-62,92,110.94,0.42023
715,-131,-86,156.71,0.59359
716,-112,135,175.41,0.66444
717,340,135,365.82,1.38569
718,801,433,910.54,3.44903
719,865,476,987.32,3.73985
720,847,354,918.00,3.47727
721,91,132,160.33,0.60730
722,-522,-109,533.26,2.01992
723,-161,-72,176.37,0.66805
724,270,255,371.38,1.40675
725,290,350,454.53,1.72171
726,588,306,662.86,2.51082
727,789,204,814.95,3.08692
728,777,-29,777.54,2.94523
729,196,140,240.87,0.91237
730,-478,170,507.33,1.92171
731,-225,-166,279.61,1.05912
732,-17,-240,240.60,0.91137
733,-384,-165,417.95,1.58314
734,-1025,-359,1086.05,4.11383
735,-1017,-370,1082.21,4.09930
736,-823,-487,956.29,3.62233
737,-227,-87,243.10,0.92084
738,425,177,460.38,1.74388
739,-3,-129,129.03,0.48877
740,-553,-184,582.81,2.20761
741,-656,-6,656.03,2.48495
742,-806,-60,808.23,3.06148
743,-898,-358,966.73,3.66186
744,-783,-420,888.53,3.36565
745,-403,121,420.77,1.59384
746,120,367,386.12,1.46258
747,134,-69,150.72,0.57092
748,368,-1316,1366.48,5.17608
749,2950,-7148,7732.81,29.29096
750,5967,-15213,16341.37,61.89914
751,5963,-16455,17502.13,66.29594
752,5621,-15816,16785.16,63.58014
753,2456,-3036,3905.03,14.79177
754,-1598,11004,11119.42,42.11903
755,-713,5976,6018.38,22.79691
756,747,-2279,2398.30,9.08448
757,-395,-1706,1751.13,6.63307
758,-2031,1554,2557.32,9.68681
759,-1900,1461,2396.77,9.07869
760,-1071,501,1182.39,4.47874
761,-434,412,598.41,2.26672
762,-345,824,893.31,3.38375
763,-196,1580,1592.11,6.03072
764,492,1581,1655.79,6.27191
765,676,985,1194.66,4.52521
766,-291,285,407.32,1.54286
767,-1349,357,1395.44,5.28575
768,-1134,760,1365.12,5.17091
769,549,1920,1996.95,7.56420
770,1011,1805,2068.85,7.83656
771,-599,4,599.01,2.26899
772,-855,-1044,1349.43,5.11148
773,1300,750,1500.83,5.68497
774,1902,1811,2626.28,9.94801
775,-442,780,896.53,3.39594
776,-2296,-627,2380.07,9.01543
777,-1584,-739,1747.91,6.62086
778,307,325,447.07,1.69346
779,598,1409,1530.65,5.79791
780,-719,2517,2617.68,9.91545
781,-1702,3038,3482.28,13.19044
782,-475,1702,1767.04,6.69333
783,745,718,1034.67,3.91922
784,1268,-100,1271.94,4.81794
785,1404,-577,1517.94,5.74978
786,1437,990,1745.01,6.60990
787,1651,4557,4846.86,18.35932
788,1151,6147,6253.83,23.68876
789,185,3507,3511.88,13.30256
790,-5,-153,153.08,0.57985
791,135,-954,963.50,3.64964
792,441,-592,738.20,2.79623
793,557,-327,645.89,2.44657
794,18,398,398.41,1.50912
795,30,613,613.73,2.32475
796,414,444,607.07,2.29950
797,808,659,1042.66,3.94948
798,598,1032,1192.74,4.51795
799,321,875,932.02,3.53039
800,125,70,143.27,0.54267
801,-291,-907,952.54,3.60810
802,-1067,-1219,1620.02,6.13642
803,-1616,-662,1746.34,6.61492
804,-1479,-35,1479.41,5.60384
805,-1048,486,1155.21,4.37578
806,-699,460,836.78,3.16962
807,-718,490,869.27,3.29268
808,-1353,286,1382.90,5.23825
809,-1148,-313,1189.90,4.50721
810,11,-1010,1010.06,3.82598
811,418,-382,566.26,2.14492
812,8,596,596.05,2.25778
813,-627,931,1122.45,4.25170
814,-612,626,875.45,3.31611
815,-339,655,737.53,2.79366
816,83,784,788.38,2.98629
817,193,757,781.22,2.95915
818,-407,375,553.42,2.09629
819,-966,415,1051.37,3.98247
820,-569,418,706.03,2.67437
821,398,326,514.47,1.94875
822,662,277,717.62,2.71824
823,-93,66,114.04,0.43197
824,-981,234,1008.52,3.82016
825,-1157,746,1376.65,5.21458
826,-1218,713,1411.34,5.34600
827,-1291,280,1321.02,5.00385
828,-900,-445,1004.00,3.80305
829,228,-577,620.41,2.35005
830,552,317,636.55,2.41117
831,-26,718,718.47,2.72148
832,-533,464,706.67,2.67679
833,-814,152,828.07,3.13663
834,-413,-42,415.13,1.57246
835,292,384,482.41,1.82731
836,227,1098,1121.22,4.24704
837,-188,1109,1124.82,4.26069
838,-351,670,756.37,2.86505
839,-205,410,458.39,1.73634
840,135,373,396.68,1.50257
841,-148,960,971.34,3.67932
842,-374,710,802.48,3.03970
843,20,277,277.72,1.05197
844,238,88,253.75,0.96117
845,5,-36,36.35,0.13767
846,-427,37,428.60,1.62348
847,-361,-13,361.23,1.36831
848,-299,-11,299.20,1.13334
# END
# FRAME,28,RX_TS,176438488772,FP_INDEX,752.7969,FP_INT,752,RXPACC,276,RXPWR,-69.17,STD_NOISE,160.00,NTM,13,NOISE_THRESH,2080.00,PEAK_IDX,755,PEAK_AMPL,18876,START,702,elapsed_s,2.7619
sample,real,imag,amplitude,amplitude_norm
702,-20,30,36.06,0.13064
703,174,-144,225.86,0.81833
704,235,-38,238.05,0.86251
705,-305,118,327.03,1.18489
706,-897,376,972.62,3.52398
707,-942,489,1061.36,3.84551
708,-644,216,679.26,2.46108
709,283,-156,323.15,1.17083
710,534,-277,601.57,2.17960
711,141,-232,271.49,0.98365
712,-168,-162,233.38,0.84559
713,-101,90,135.28,0.49015
714,-126,473,489.49,1.77353
715,-256,328,416.08,1.50752
716,-303,192,358.71,1.29967
717,-32,54,62.77,0.22743
718,166,-114,201.38,0.72962
719,87,-156,178.62,0.64717
720,-57,-152,162.34,0.58817
721,-314,298,432.90,1.56847
722,-839,329,901.20,3.26522
723,-881,397,966.32,3.50115
724,-473,213,518.75,1.87952
725,398,-193,442.33,1.60263
726,560,-232,606.16,2.19621
727,-130,-83,154.24,0.55883
728,-426,-8,426.08,1.54375
729,-373,76,380.66,1.37922
730,-558,381,675.67,2.44807
731,-651,567,863.30,3.12791
732,-408,458,613.37,2.22237
733,159,-195,251.61,0.91162
734,403,-286,494.17,1.79047
735,256,-31,257.87,0.93431
736,369,22,369.66,1.33933
737,756,-174,775.77,2.81074
738,1106,-440,1190.31,4.31271
739,1088,-386,1154.44,4.18277
740,720,-227,754.94,2.73528
741,-302,162,342.71,1.24169
742,-367,268,454.44,1.64651
743,310,-9,310.13,1.12366
744,490,-332,591.88,2.14450
745,688,-397,794.33,2.87799
746,752,-582,950.91,3.44532
747,1048,-326,1097.53,3.97657
748,693,-244,734.70,2.66196
749,-203,-22,204.19,0.73981
750,-318,101,333.65,1.20889
751,179,296,345.91,1.25331
752,1318,2391,2730.20,9.89204
753,4956,10620,11719.49,42.46190
754,8815,16234,18472.87,66.93069
755,9719,16469,19122.94,69.28603
756,5438,11045,12311.13,44.60554
757,-4806,-5166,7055.86,25.56472
758,-7206,-9819,12179.46,44.12847
759,-1555,-1604,2234.02,8.09427
760,1957,2669,3309.59,11.99128
761,1071,-736,1299.51,4.70838
762,272,-3044,3056.13,11.07293
763,418,-1975,2018.75,7.31431
764,476,-671,822.69,2.98076
765,183,-536,566.38,2.05210
766,-32,-1432,1432.36,5.18970
767,-784,-1533,1721.84,6.23856
768,-1172,-633,1332.02,4.82615
769,-920,-214,944.56,3.42232
770,356,-641,733.22,2.65661
771,788,-1454,1653.80,5.99203
772,-415,-1224,1292.44,4.68275
773,-2039,-334,2066.17,7.48614
774,-1405,280,1432.63,5.19068
775,547,529,760.95,2.75708
776,-122,513,527.31,1.91053
777,-2515,127,2518.20,9.12393
778,-1739,-442,1794.29,6.50106
779,1144,-1135,1611.51,5.83880
780,2941,-1157,3160.40,11.45073
781,1414,-352,1457.15,5.27955
782,-760,-303,818.17,2.96440
783,-1752,-1404,2245.15,8.13462
784,-1747,-3339,3768.41,13.65367
785,-1389,-3695,3947.45,14.30235
786,-1140,-1657,2011.28,7.28725
787,-863,383,944.17,3.42091
788,-331,2008,2035.10,7.37354
789,-517,1667,1745.33,6.32366
790,-2878,-381,2903.11,10.51851
791,-5330,-3107,6169.47,22.35315
792,-4642,-3526,5829.31,21.12068
793,-1346,-1256,1840.99,6.67026
794,617,526,810.78,2.93761
795,502,681,846.03,3.06532
796,71,690,693.64,2.51320
797,-248,186,310.00,1.12319
798,-454,-414,614.42,2.22616
799,-486,-352,600.08,2.17421
800,-694,-42,695.27,2.51909
801,-936,-5,936.01,3.39135
802,-913,-395,994.78,3.60429
803,-487,-280,561.76,2.03535
804,516,295,594.37,2.15353
805,1614,555,1706.76,6.18390
806,1794,109,1797.31,6.51199
807,1326,-449,1399.96,5.07230
808,737,-633,971.52,3.52001
809,282,-900,943.15,3.41720
810,307,-873,925.41,3.35292
811,608,-1107,1262.98,4.57601
812,1175,-1156,1648.32,5.97218
813,974,187,991.79,3.59344
814,470,936,1047.38,3.79484
815,-122,460,475.90,1.72429
816,-287,-346,449.54,1.62876
817,5,-762,762.02,2.76093
818,138,-537,554.45,2.00887
819,-262,-450,520.71,1.88665
820,-771,-148,785.08,2.84448
821,-541,-321,629.06,2.27922
822,152,-942,954.18,3.45719
823,571,-998,1149.80,4.16595
824,252,-250,354.97,1.28612
825,-453,468,651.33,2.35990
826,-318,232,393.63,1.42621
827,253,-356,436.74,1.58240
828,383,-1127,1190.30,4.31269
829,136,-1442,1448.40,5.24782
830,406,-1402,1459.60,5.28842
831,832,-896,1222.72,4.43014
832,749,-23,749.35,2.71505
833,-39,451,452.68,1.64016
834,-534,-105,544.23,1.97183
835,-247,-606,654.40,2.37103
836,230,-857,887.33,3.21495
837,576,-549,795.72,2.88306
838,157,-97,184.55,0.66865
839,-655,-162,674.74,2.44470
840,-937,-705,1172.60,4.24856
841,-385,-828,913.13,3.30845
842,-37,-620,621.10,2.25037
843,-182,-182,257.39,0.93256
844,-393,-438,588.47,2.13213
845,-252,-879,914.41,3.31308
846,-58,-608,610.76,2.21290
847,-210,38,213.41,0.77323
848,-132,244,277.42,1.00513
849,182,-120,218.00,0.78986
850,373,-374,528.21,1.91380
851,468,-279,544.85,1.97411
# END
# FRAME,29,RX_TS,182828274128,FP_INDEX,749.7500,FP_INT,749,RXPACC,260,RXPWR,-69.34,STD_NOISE,124.00,NTM,13,NOISE_THRESH,1612.00,PEAK_IDX,752,PEAK_AMPL,16604,START,699,elapsed_s,2.8614
sample,real,imag,amplitude,amplitude_norm
699,45,-49,66.53,0.25588
700,162,181,242.91,0.93427
701,14,205,205.48,0.79030
702,13,-206,206.41,0.79388
703,164,-839,854.88,3.28799
704,122,-898,906.25,3.48557
705,215,-767,796.56,3.06371
706,70,122,140.66,0.54098
707,-15,610,610.18,2.34686
708,133,248,281.41,1.08236
709,313,-64,319.48,1.22875
710,168,-96,193.49,0.74421
711,-210,-209,296.28,1.13953
712,-145,-281,316.21,1.21618
713,-95,-258,274.93,1.05744
714,-55,-61,82.13,0.31590
715,35,242,244.52,0.94045
716,36,262,264.46,1.01716
717,123,10,123.41,0.47464
718,2,-526,526.00,2.02309
719,252,-792,831.12,3.19663
720,176,-768,787.91,3.03042
721,66,-588,591.69,2.27574
722,6,178,178.10,0.68500
723,-43,429,431.15,1.65827
724,209,-116,239.03,0.91936
725,329,-258,418.10,1.60807
726,239,-246,342.98,1.31916
727,28,-633,633.62,2.43700
728,-129,-741,752.14,2.89287
729,-233,-632,673.58,2.59070
730,234,75,245.73,0.94510
731,180,544,573.01,2.20387
732,-20,309,309.65,1.19095
733,-115,296,317.55,1.22136
734,-76,776,779.71,2.99890
735,-95,1174,1177.84,4.53014
736,-59,1086,1087.60,4.18308
737,-165,903,917.95,3.53058
738,-13,-22,25.55,0.09828
739,47,-388,390.84,1.50322
740,39,272,274.78,1.05685
741,244,669,712.11,2.73887
742,248,806,843.29,3.24343
743,300,910,958.18,3.68529
744,-85,1021,1024.53,3.94051
745,14,861,861.11,3.31198
746,247,91,263.23,1.01242
747,-17,-272,272.53,1.04820
748,-227,-35,229.68,0.88339
749,-2489,98,2490.93,9.58049
750,-10814,-454,10823.53,41.62894
751,-16290,-118,16290.43,62.65549
752,-16495,484,16502.10,63.46961
753,-14209,-178,14210.11,54.65429
754,2489,-1708,3018.67,11.61028
755,11092,-1903,11254.06,43.28485
756,2725,-632,2797.33,10.75896
757,-2980,480,3018.41,11.60927
758,59,1094,1095.59,4.21381
759,2522,1422,2895.27,11.13564
760,1621,1253,2048.82,7.88006
761,607,823,1022.63,3.93320
762,642,335,724.15,2.78518
763,1363,281,1391.66,5.35256
764,1905,-173,1912.84,7.35707
765,1235,-725,1432.08,5.50800
766,427,-459,626.91,2.41117
767,268,706,755.16,2.90444
768,884,1300,1572.09,6.04649
769,1145,556,1272.86,4.89560
770,1044,-1032,1467.98,5.64607
771,-160,-928,941.69,3.62189
772,-1367,434,1434.24,5.51631
773,-611,-288,675.47,2.59798
774,1395,-2218,2620.22,10.07777
775,1472,-1260,1937.62,7.45240
776,501,1440,1524.66,5.86409
777,-193,2595,2602.17,10.00834
778,254,963,995.93,3.83052
779,1072,-826,1353.31,5.20506
780,2021,-875,2202.29,8.47033
781,2932,-25,2932.11,11.27733
782,2976,122,2978.50,11.45577
783,1602,-712,1753.10,6.74268
784,277,-1199,1230.58,4.73300
785,-913,-1260,1556.01,5.98466
786,-1113,-1046,1527.38,5.87453
787,1130,-1979,2278.89,8.76496
788,4613,-2978,5490.74,21.11824
789,5116,-2352,5630.75,21.65674
790,2068,-707,2185.51,8.40582
791,-507,262,570.70,2.19498
792,-693,205,722.69,2.77956
793,-528,10,528.09,2.03113
794,-145,70,161.01,0.61928
795,627,69,630.79,2.42610
796,621,13,621.14,2.38898
797,366,-300,473.24,1.82015
798,367,-873,947.00,3.64233
799,697,-984,1205.85,4.63787
800,619,-568,840.11,3.23119
801,-39,280,282.70,1.08732
802,-909,1416,1682.66,6.47176
803,-927,1926,2137.48,8.22106
804,-354,1419,1462.49,5.62496
805,286,845,892.09,3.43111
806,756,747,1062.80,4.08769
807,706,811,1075.25,4.13557
808,684,1032,1238.10,4.76191
809,690,1483,1635.66,6.29101
810,-146,782,795.51,3.05966
811,-649,-147,665.44,2.55938
812,12,-374,374.19,1.43920
813,745,-144,758.79,2.91842
814,924,350,988.07,3.80026
815,609,416,737.52,2.83662
816,605,61,608.07,2.33872
817,684,-494,843.74,3.24514
818,602,-378,710.84,2.73399
819,787,328,852.62,3.27929
820,808,665,1046.46,4.02487
821,484,281,559.66,2.15253
822,-76,-434,440.60,1.69463
823,-173,-254,307.32,1.18200
824,202,333,389.48,1.49799
825,718,832,1098.98,4.22683
826,1197,836,1460.04,5.61552
827,1030,1132,1530.47,5.88640
828,443,1222,1299.82,4.99931
829,-111,777,784.89,3.01880
830,-84,-151,172.79,0.66458
831,480,-512,701.81,2.69929
832,590,-33,590.92,2.27278
833,520,322,611.62,2.35240
834,428,471,636.42,2.44775
835,235,61,242.79,0.93380
836,548,-420,690.44,2.65553
837,1113,-294,1151.18,4.42760
838,957,64,959.14,3.68899
839,563,225,606.30,2.33190
840,348,34,349.66,1.34483
841,602,10,602.08,2.31570
842,887,264,925.45,3.55944
843,530,314,616.03,2.36936
844,11,-178,178.34,0.68592
845,-182,-224,288.62,1.11007
846,30,218,220.05,0.84636
847,218,413,467.00,1.79617
848,197,403,448.57,1.72528
# END
# FRAME,30,RX_TS,189218069191,FP_INDEX,752.9844,FP_INT,752,RXPACC,308,RXPWR,-69.98,STD_NOISE,180.00,NTM,13,NOISE_THRESH,2340.00,PEAK_IDX,755,PEAK_AMPL,20226,START,702,elapsed_s,2.9513
sample,real,imag,amplitude,amplitude_norm
702,22,89,91.68,0.29766
703,285,37,287.39,0.93309
704,243,165,293.72,0.95365
705,-123,-189,225.50,0.73214
706,-636,-813,1032.21,3.35134
707,-842,-822,1176.71,3.82049
708,-492,-661,824.01,2.67534
709,225,288,365.47,1.18659
710,537,496,731.02,2.37343
711,234,95,252.55,0.81996
712,198,-241,311.91,1.01268
713,24,-29,37.64,0.12222
714,-294,107,312.87,1.01580
715,-238,-66,246.98,0.80189
716,-184,-204,274.72,0.89195
717,-34,-51,61.29,0.19901
718,242,115,267.93,0.86992
719,210,120,241.87,0.78528
720,145,-4,145.06,0.47096
721,-331,-215,394.70,1.28148
722,-490,-806,943.26,3.06253
723,-654,-821,1049.65,3.40794
724,-505,-460,683.10,2.21786
725,310,338,458.63,1.48907
726,528,602,800.74,2.59981
727,134,-138,192.35,0.62453
728,-130,-386,407.30,1.32241
729,-122,-244,272.80,0.88572
730,-522,-386,649.21,2.10784
731,-776,-399,872.57,2.83302
732,-613,-270,669.83,2.17476
733,222,58,229.45,0.74497
734,614,328,696.12,2.26012
735,258,356,439.66,1.42746
736,107,477,488.85,1.58719
737,572,675,884.76,2.87261
738,943,1049,1410.55,4.57971
739,847,909,1242.45,4.03394
740,542,746,922.11,2.99385
741,-103,-237,258.41,0.83901
742,-305,-358,470.31,1.52697
743,154,235,280.96,0.91222
744,622,450,767.71,2.49258
745,841,647,1061.08,3.44506
746,1037,594,1195.08,3.88011
747,817,976,1272.82,4.13252
748,514,700,868.44,2.81963
749,52,-164,172.05,0.55859
750,-313,-277,417.97,1.35704
751,-290,182,342.38,1.11162
752,-1734,1956,2613.94,8.48682
753,-8536,8252,11872.61,38.54743
754,-14523,15111,20958.53,68.04716
755,-14902,16496,22230.33,72.17640
756,-10865,11200,15604.11,50.66269
757,2837,-5693,6360.72,20.65170
758,8093,-11624,14163.83,45.98645
759,1790,-3092,3572.75,11.59985
760,-2044,2820,3482.86,11.30800
761,659,1104,1285.73,4.17444
762,3254,-848,3362.68,10.91779
763,2538,-431,2574.34,8.35823
764,1107,153,1117.52,3.62832
765,662,-244,705.54,2.29070
766,1513,-1244,1958.75,6.35958
767,1781,-2250,2869.57,9.31680
768,932,-2313,2493.71,8.09646
769,413,-1206,1274.76,4.13882
770,861,271,902.64,2.93065
771,1770,473,1832.11,5.94841
772,1638,-744,1799.05,5.84107
773,731,-1977,2107.82,6.84356
774,172,-361,399.88,1.29832
775,-126,2144,2147.70,6.97305
776,-797,737,1085.53,3.52445
777,-1079,-3028,3214.50,10.43670
778,-125,-2564,2567.05,8.33456
779,1770,762,1927.06,6.25667
780,2600,3013,3979.72,12.92117
781,1078,1264,1661.26,5.39370
782,16,-1212,1212.11,3.93541
783,639,-2381,2465.25,8.00407
784,2737,-2805,3919.08,12.72429
785,3436,-2763,4409.11,14.31530
786,1163,-1921,2245.62,7.29097
787,-887,-1051,1375.27,4.46517
788,-2234,226,2245.40,7.29027
789,-1648,361,1687.08,5.47752
790,-339,-2628,2649.77,8.60316
791,1567,-6474,6660.94,21.62644
792,2409,-6208,6659.02,21.62019
793,1304,-2312,2654.39,8.61813
794,-141,658,672.94,2.18486
795,-495,649,816.23,2.65009
796,-661,202,691.18,2.24408
797,-212,-155,262.62,0.85266
798,328,-593,677.67,2.20022
799,264,-502,567.19,1.84151
800,-233,-487,539.87,1.75282
801,-677,-879,1109.49,3.60224
802,-483,-1409,1489.49,4.83600
803,-210,-1064,1084.53,3.52119
804,98,410,421.55,1.36867
805,248,2143,2157.30,7.00423
806,580,2417,2485.62,8.07018
807,878,1352,1612.08,5.23401
808,944,324,998.05,3.24044
809,1225,53,1226.15,3.98099
810,1154,198,1170.86,3.80150
811,1147,220,1167.91,3.79191
812,1476,340,1514.65,4.91771
813,340,431,548.96,1.78235
814,-576,113,586.98,1.90578
815,-289,-292,410.83,1.33388
816,309,-325,448.45,1.45600
817,647,-141,662.19,2.14995
818,580,-167,603.56,1.95962
819,434,-496,659.07,2.13983
820,-57,-970,971.67,3.15478
821,-74,-769,772.55,2.50829
822,608,-500,787.19,2.55580
823,968,-144,978.65,3.17744
824,314,-84,325.04,1.05533
825,-722,-321,790.14,2.56540
826,-546,-291,618.71,2.00879
827,327,6,327.06,1.06187
828,1309,-143,1316.79,4.27528
829,1598,-376,1641.64,5.33000
830,1657,120,1661.34,5.39396
831,1394,722,1569.88,5.09701
832,397,987,1063.85,3.45406
833,-411,170,444.77,1.44406
834,-13,-727,727.12,2.36077
835,633,-572,853.15,2.76998
836,1171,0,1171.00,3.80195
837,833,609,1031.88,3.35025
838,155,366,397.47,1.29048
839,-33,-599,599.91,1.94775
840,525,-1237,1343.80,4.36298
841,741,-919,1180.53,3.83288
842,604,-321,684.00,2.22078
843,244,-266,360.96,1.17195
844,420,-614,743.91,2.41528
845,903,-644,1109.12,3.60104
846,632,-226,671.19,2.17920
847,-17,-112,113.28,0.36780
848,-162,34,165.53,0.53743
849,311,194,366.55,1.19009
850,628,161,648.31,2.10490
851,505,179,535.79,1.73956
# END
# FRAME,31,RX_TS,195607864216,FP_INDEX,747.8594,FP_INT,747,RXPACC,276,RXPWR,-68.87,STD_NOISE,124.00,NTM,13,NOISE_THRESH,1612.00,PEAK_IDX,750,PEAK_AMPL,18890,START,697,elapsed_s,3.0688
sample,real,imag,amplitude,amplitude_norm
697,-16,27,31.38,0.11371
698,-33,-192,194.82,0.70585
699,192,-176,260.46,0.94370
700,-124,280,306.23,1.10952
701,-551,800,971.39,3.51953
702,-534,948,1088.05,3.94222
703,-415,581,713.99,2.58693
704,190,-282,340.04,1.23201
705,338,-529,627.76,2.27450
706,77,-173,189.36,0.68609
707,-226,-99,246.73,0.89396
708,-84,92,124.58,0.45137
709,91,339,351.00,1.27174
710,-18,375,375.43,1.36026
711,-104,359,373.76,1.35421
712,53,43,68.25,0.24728
713,207,-217,299.90,1.08658
714,30,-151,153.95,0.55779
715,-185,-17,185.78,0.67311
716,-218,466,514.47,1.86402
717,-599,742,953.61,3.45510
718,-464,847,965.77,3.49915
719,-261,525,586.30,2.12427
720,349,-354,497.11,1.80112
721,480,-450,657.95,2.38388
722,-70,68,97.59,0.35359
723,-309,232,386.40,1.40000
724,-246,178,303.64,1.10016
725,-216,600,637.70,2.31049
726,-133,836,846.51,3.06708
727,-9,682,682.06,2.47123
728,70,-124,142.39,0.51592
729,218,-475,522.64,1.89361
730,246,-143,284.54,1.03095
731,200,-103,224.96,0.81509
732,522,-519,736.10,2.66703
733,810,-906,1215.29,4.40323
734,698,-880,1123.21,4.06961
735,442,-615,757.36,2.74405
736,-132,175,219.20,0.79421
737,-222,375,435.79,1.57893
738,235,-77,247.29,0.89599
739,270,-489,558.59,2.02387
740,270,-796,840.55,3.04545
741,259,-956,990.46,3.58863
742,667,-790,1033.92,3.74608
743,416,-505,654.28,2.37058
744,-60,109,124.42,0.45081
745,-111,371,387.25,1.40308
746,262,224,344.70,1.24892
747,2289,1239,2602.81,9.43049
748,9682,6119,11453.53,41.49829
749,15871,9524,18509.33,67.06278
750,16502,9502,19042.16,68.99335
751,11295,7042,13310.40,48.22609
752,-6563,-1518,6736.27,24.40676
753,-11795,-4404,12590.36,45.61726
754,-2498,-643,2579.43,9.34576
755,3145,1294,3400.80,12.32175
756,698,-900,1138.95,4.12663
757,-1378,-2584,2928.47,10.61040
758,-791,-2009,2159.11,7.82287
759,-18,-881,881.18,3.19270
760,-413,-424,591.90,2.14456
761,-1162,-843,1435.58,5.20138
762,-1763,-531,1841.23,6.67113
763,-1244,446,1321.53,4.78817
764,-401,444,598.28,2.16768
765,321,-931,984.79,3.56806
766,55,-1941,1941.78,7.03543
767,-1213,-1279,1762.73,6.38670
768,-2247,17,2247.06,8.14154
769,-588,-77,593.02,2.14862
770,1724,-574,1817.04,6.58350
771,513,510,723.37,2.62092
772,-2703,1795,3244.72,11.75625
773,-2176,670,2276.81,8.24932
774,348,-1679,1714.69,6.21263
775,2009,-2523,3225.15,11.68534
776,719,-884,1139.48,4.12855
777,-1208,243,1232.20,4.46449
778,-2223,-61,2223.84,8.05738
779,-2663,-1406,3011.38,10.91079
780,-2491,-1637,2980.75,10.79981
781,-1495,-245,1514.94,5.48892
782,-623,900,1094.59,3.96591
783,508,1696,1770.45,6.41466
784,406,1552,1604.23,5.81241
785,-2338,1456,2754.30,9.97935
786,-5929,373,5940.72,21.52435
787,-5874,-822,5931.24,21.48998
788,-2288,-884,2452.84,8.88708
789,402,-67,407.55,1.47661
790,578,443,728.24,2.63855
791,255,443,511.15,1.85199
792,-82,-39,90.80,0.32899
793,-685,-199,713.32,2.58449
794,-793,35,793.77,2.87599
795,-596,317,675.06,2.44587
796,-622,624,881.06,3.19223
797,-859,569,1030.36,3.73319
798,-676,334,754.01,2.73192
799,495,-77,500.95,1.81505
800,1788,-616,1891.14,6.85195
801,1727,-1042,2017.00,7.30797
802,834,-1032,1326.87,4.80749
803,-58,-731,733.30,2.65687
804,-494,-763,908.96,3.29333
805,-171,-849,866.05,3.13786
806,-23,-1148,1148.23,4.16025
807,29,-1505,1505.28,5.45391
808,275,-446,523.97,1.89843
809,176,280,330.72,1.19826
810,-4,227,227.04,0.82259
811,-108,51,119.44,0.43274
812,-290,-183,342.91,1.24244
813,-298,-286,413.04,1.49651
814,-565,-197,598.36,2.16797
815,-653,420,776.41,2.81307
816,-565,438,714.89,2.59018
817,-676,-317,746.64,2.70520
818,-489,-799,936.76,3.39406
819,-182,-242,302.80,1.09710
820,-151,608,626.47,2.26982
821,-87,326,337.41,1.22250
822,-40,-494,495.62,1.79571
823,-280,-1122,1156.41,4.18989
824,-638,-1112,1282.02,4.64502
825,-389,-1457,1508.04,5.46390
826,194,-1326,1340.12,4.85549
827,647,-515,826.94,2.99617
828,190,518,551.75,1.99908
829,-589,295,658.75,2.38676
830,-538,-365,650.13,2.35554
831,-270,-869,909.98,3.29702
832,309,-633,704.39,2.55215
833,285,-120,309.23,1.12041
834,-559,183,588.19,2.13113
835,-1027,-195,1045.35,3.78750
836,-718,-495,872.09,3.15976
837,-392,-356,529.53,1.91858
838,-373,-63,378.28,1.37059
839,-767,-191,790.42,2.86385
840,-680,-685,965.21,3.49713
841,-159,-564,585.98,2.12313
842,-4,220,220.04,0.79723
843,82,278,289.84,1.05015
844,62,-153,165.08,0.59813
845,30,-371,372.21,1.34859
846,73,-352,359.49,1.30250
# END
# FRAME,32,RX_TS,201997652552,FP_INDEX,750.6250,FP_INT,750,RXPACC,309,RXPWR,-69.63,STD_NOISE,144.00,NTM,13,NOISE_THRESH,1872.00,PEAK_IDX,752,PEAK_AMPL,20114,START,700,elapsed_s,3.1907
sample,real,imag,amplitude,amplitude_norm
700,63,70,94.18,0.30477
701,315,194,369.95,1.19724
702,143,249,287.14,0.92926
703,-254,-359,439.77,1.42320
704,-551,-912,1065.53,3.44830
705,-657,-890,1106.23,3.58004
706,-159,-349,383.51,1.24114
707,259,613,665.47,2.15362
708,399,464,611.96,1.98046
709,193,-6,193.09,0.62490
710,202,-261,330.04,1.06808
711,-52,-94,107.42,0.34765
712,-360,-31,361.33,1.16936
713,-288,-218,361.20,1.16894
714,-221,-172,280.04,0.90629
715,31,108,112.36,0.36363
716,206,302,365.57,1.18307
717,235,80,248.24,0.80338
718,101,-26,104.29,0.33752
719,-464,-371,594.09,1.92261
720,-475,-907,1023.85,3.31344
721,-649,-835,1057.56,3.42251
722,-212,-255,331.62,1.07319
723,439,488,656.40,2.12428
724,288,476,556.35,1.80047
725,-2,-249,249.01,0.80585
726,-49,-434,436.76,1.41345
727,-83,-351,360.68,1.16725
728,-530,-519,741.80,2.40063
729,-660,-424,784.46,2.53870
730,-324,-155,359.17,1.16235
731,490,227,540.03,1.74766
732,482,317,576.90,1.86699
733,127,218,252.30,0.81649
734,232,312,388.80,1.25826
735,561,890,1052.06,3.40471
736,835,1180,1445.55,4.67817
737,680,1075,1272.02,4.11656
738,350,460,578.01,1.87059
739,-138,-372,396.77,1.28405
740,-182,-127,221.93,0.71822
741,207,454,498.96,1.61477
742,556,528,766.76,2.48142
743,803,610,1008.42,3.26349
744,979,801,1264.93,4.09362
745,687,1091,1289.28,4.17244
746,388,518,647.20,2.09450
747,37,-155,159.35,0.51571
748,-148,-195,244.80,0.79225
749,-446,342,562.03,1.81887
750,-3483,2851,4501.05,14.56652
751,-12206,9588,15521.47,50.23131
752,-16486,14455,21925.68,70.95688
753,-16244,14814,21984.59,71.14754
754,-7977,5677,9790.86,31.68562
755,6783,-8846,11147.23,36.07519
756,7878,-9209,12118.93,39.21985
757,24,-468,468.61,1.51655
758,-2140,2820,3540.06,11.45649
759,1857,475,1916.79,6.20320
760,3372,-494,3407.99,11.02911
761,2151,65,2151.98,6.96434
762,821,195,843.84,2.73087
763,823,-397,913.75,2.95712
764,1600,-1110,1947.33,6.30204
765,1264,-1764,2170.11,7.02302
766,159,-1504,1512.38,4.89444
767,89,-657,663.00,2.14563
768,1235,505,1334.26,4.31799
769,2134,314,2156.98,6.98051
770,1607,-1694,2334.97,7.55654
771,727,-2553,2654.49,8.59060
772,462,-32,463.11,1.49873
773,-206,2187,2196.68,7.10900
774,-1233,-200,1249.12,4.04244
775,-1229,-3662,3862.73,12.50074
776,525,-1790,1865.40,6.03690
777,2425,1902,3081.92,9.97385
778,2444,3017,3882.71,12.56540
779,959,359,1023.99,3.31389
780,392,-1869,1909.67,6.18015
781,1487,-2382,2808.04,9.08751
782,3703,-2522,4480.26,14.49921
783,3275,-2247,3971.73,12.85349
784,679,-1592,1730.75,5.60114
785,-1271,-750,1475.78,4.77600
786,-2352,440,2392.80,7.74370
787,-1412,-208,1427.24,4.61889
788,389,-3655,3675.64,11.89528
789,2532,-6305,6794.41,21.98839
790,3091,-4961,5845.15,18.91635
791,1127,-1171,1625.23,5.25964
792,-405,586,712.33,2.30529
793,-661,352,748.88,2.42357
794,-491,114,504.06,1.63126
795,161,-231,281.57,0.91123
796,437,-707,831.15,2.68982
797,76,-603,607.77,1.96689
798,-381,-486,617.54,1.99851
799,-521,-629,816.75,2.64321
800,-186,-1059,1075.21,3.47964
801,-257,-660,708.27,2.29214
802,-220,785,815.25,2.63833
803,157,2074,2079.93,6.73118
804,788,1929,2083.74,6.74350
805,1035,990,1432.24,4.63510
806,1200,137,1207.80,3.90872
807,1388,-3,1388.00,4.49192
808,1147,294,1184.08,3.83197
809,1308,514,1405.37,4.54812
810,1317,662,1474.02,4.77029
811,126,435,452.88,1.46563
812,-344,-2,344.01,1.11329
813,-16,-92,93.38,0.30220
814,344,-30,345.31,1.11749
815,507,60,510.54,1.65223
816,471,-217,518.58,1.67827
817,333,-670,748.19,2.42133
818,-280,-1009,1047.13,3.38877
819,40,-773,774.03,2.50497
820,1017,-504,1135.04,3.67325
821,1092,42,1092.81,3.53659
822,156,174,233.69,0.75629
823,-468,-256,533.44,1.72635
824,-106,-158,190.26,0.61574
825,677,100,684.35,2.21471
826,1395,-212,1411.02,4.56640
827,1623,-277,1646.47,5.32838
828,1783,199,1794.07,5.80605
829,1156,865,1443.80,4.67249
830,-77,987,990.00,3.20388
831,-410,-61,414.51,1.34147
832,385,-757,849.28,2.74847
833,1022,-347,1079.30,3.49289
834,1222,360,1273.92,4.12273
835,521,885,1026.97,3.32353
836,-133,171,216.63,0.70108
837,110,-1046,1051.77,3.40378
838,830,-1251,1501.30,4.85858
839,942,-577,1104.67,3.57498
840,529,-286,601.36,1.94616
841,138,-475,494.64,1.60078
842,719,-770,1053.50,3.40938
843,1119,-391,1185.34,3.83607
844,559,-11,559.11,1.80941
845,-31,-73,79.31,0.25667
846,-191,-118,224.51,0.72657
847,398,55,401.78,1.30027
848,607,270,664.34,2.14997
849,471,398,616.64,1.99560
# END
# FRAME,33,RX_TS,208387447522,FP_INDEX,753.9062,FP_INT,753,RXPACC,310,RXPWR,-69.80,STD_NOISE,140.00,NTM,13,NOISE_THRESH,1820.00,PEAK_IDX,756,PEAK_AMPL,20240,START,703,elapsed_s,3.2907
sample,real,imag,amplitude,amplitude_norm
703,-51,37,63.01,0.20325
704,77,-161,178.47,0.57570
705,314,-75,322.83,1.04140
706,-98,203,225.42,0.72715
707,-813,628,1027.30,3.31388
708,-941,746,1200.83,3.87365
709,-691,523,866.61,2.79551
710,296,-133,324.51,1.04680
711,583,-522,782.54,2.52433
712,207,-224,305.00,0.98387
713,-204,-202,287.09,0.92609
714,-217,38,220.30,0.71065
715,-43,390,392.36,1.26569
716,-174,387,424.32,1.36876
717,-212,285,355.20,1.14582
718,-55,109,122.09,0.39384
719,190,-100,214.71,0.69261
720,188,-135,231.45,0.74661
721,19,-63,65.80,0.21227
722,-335,421,538.02,1.73555
723,-954,532,1092.31,3.52358
724,-849,649,1068.64,3.44724
725,-505,463,685.12,2.21008
726,263,-234,352.03,1.13558
727,647,-315,719.61,2.32131
728,-30,26,39.70,0.12806
729,-326,211,388.33,1.25266
730,-370,116,387.76,1.25083
731,-486,532,720.57,2.32442
732,-484,792,928.18,2.99413
733,-279,658,714.71,2.30550
734,84,-186,204.09,0.65835
735,451,-474,654.28,2.11057
736,289,-40,291.76,0.94115
737,281,80,292.17,0.94247
738,692,-420,809.48,2.61124
739,1091,-871,1396.04,4.50335
740,1006,-742,1250.04,4.03239
741,765,-462,893.68,2.88285
742,-147,180,232.40,0.74967
743,-293,370,471.96,1.52246
744,409,11,409.15,1.31983
745,528,-488,718.98,2.31928
746,642,-709,956.48,3.08540
747,690,-904,1137.24,3.66852
748,1063,-666,1254.40,4.04646
749,736,-421,847.90,2.73517
750,-90,-68,112.80,0.36387
751,-321,273,421.39,1.35932
752,135,319,346.39,1.11739
753,1742,2022,2668.90,8.60937
754,7543,9652,12249.81,39.51553
755,13835,16089,21219.40,68.44969
756,15309,16441,22464.90,72.46743
757,10074,11928,15612.90,50.36419
758,-5571,-3157,6403.33,20.65592
759,-11017,-8984,14215.71,45.85714
760,-2914,-1921,3490.22,11.25877
761,2826,2451,3740.81,12.06714
762,1350,-415,1412.35,4.55596
763,-429,-3132,3161.24,10.19756
764,-179,-2467,2473.49,7.97898
765,282,-913,955.56,3.08245
766,-86,-551,557.67,1.79894
767,-867,-1430,1672.30,5.39452
768,-1758,-1396,2244.86,7.24147
769,-1650,-262,1670.67,5.38926
770,-934,66,936.33,3.02042
771,215,-669,702.70,2.26677
772,413,-1707,1756.25,5.66533
773,-885,-1434,1685.11,5.43582
774,-2651,-447,2688.42,8.67233
775,-1696,-197,1707.40,5.50775
776,1097,-459,1189.16,3.83598
777,680,295,741.23,2.39107
778,-2746,1231,3009.30,9.70741
779,-2580,600,2648.85,8.54467
780,574,-1442,1552.04,5.00659
781,3032,-2313,3813.53,12.30170
782,1363,-913,1640.53,5.29203
783,-1078,-33,1078.51,3.47905
784,-2134,-809,2282.20,7.36194
785,-2242,-2516,3369.99,10.87093
786,-2056,-2626,3335.12,10.75844
787,-1551,-635,1675.96,5.40631
788,-1056,909,1393.35,4.49467
789,-62,2034,2034.94,6.56434
790,34,1697,1697.34,5.47529
791,-2826,429,2858.38,9.22057
792,-6462,-2005,6765.90,21.82550
793,-6252,-3384,7109.08,22.93250
794,-2332,-2110,3144.89,10.14480
795,486,121,500.84,1.61560
796,487,788,926.34,2.98821
797,201,738,764.88,2.46736
798,21,162,163.36,0.52695
799,-483,-335,587.80,1.89614
800,-534,-53,536.62,1.73104
801,-334,465,572.52,1.84684
802,-436,628,764.51,2.46617
803,-1018,289,1058.23,3.41364
804,-959,142,969.46,3.12728
805,227,181,290.33,0.93654
806,1827,-42,1827.48,5.89511
807,2123,-536,2189.62,7.06328
808,1141,-1045,1547.23,4.99105
809,220,-1159,1179.70,3.80547
810,-13,-1274,1274.07,4.10989
811,238,-1123,1147.94,3.70304
812,361,-1181,1234.94,3.98368
813,605,-1475,1594.26,5.14276
814,498,-503,707.82,2.28330
815,129,277,305.57,0.98569
816,-14,173,173.57,0.55989
817,-7,-54,54.45,0.17565
818,-11,-409,409.15,1.31983
819,-200,-534,570.22,1.83943
820,-586,-464,747.46,2.41115
821,-1100,168,1112.76,3.58953
822,-1037,119,1043.81,3.36711
823,-838,-836,1183.70,3.81838
824,-236,-1412,1431.59,4.61802
825,100,-534,543.28,1.75252
826,-60,763,765.36,2.46889
827,-272,612,669.72,2.16039
828,-84,-271,283.72,0.91523
829,-216,-1169,1188.79,3.83480
830,-315,-1510,1542.51,4.97583
831,337,-1571,1606.74,5.18303
832,964,-1214,1550.19,5.00062
833,1346,-237,1366.71,4.40873
834,445,521,685.18,2.21024
835,-645,-48,646.78,2.08640
836,-464,-703,842.32,2.71717
837,172,-1114,1127.20,3.63613
838,977,-707,1205.98,3.89024
839,612,-88,618.29,1.99450
840,-781,133,792.24,2.55562
841,-1414,-572,1525.31,4.92036
842,-883,-933,1284.59,4.14385
843,-274,-704,755.44,2.43691
844,-343,-327,473.90,1.52870
845,-745,-460,875.57,2.82442
846,-483,-936,1053.27,3.39766
847,127,-585,598.63,1.93105
848,45,156,162.36,0.52374
849,-134,315,342.32,1.10425
850,13,-164,164.51,0.53069
851,225,-552,596.09,1.92289
852,392,-490,627.51,2.02421
# END
# FRAME,34,RX_TS,214777191271,FP_INDEX,747.9687,FP_INT,747,RXPACC,266,RXPWR,-69.01,STD_NOISE,144.00,NTM,13,NOISE_THRESH,1872.00,PEAK_IDX,750,PEAK_AMPL,17785,START,697,elapsed_s,3.4215
sample,real,imag,amplitude,amplitude_norm
697,-43,140,146.45,0.55058
698,230,66,239.28,0.89956
699,258,130,288.90,1.08610
700,-63,-26,68.15,0.25622
701,-750,-307,810.40,3.04662
702,-937,-291,981.15,3.68852
703,-695,-243,736.26,2.76788
704,190,140,236.01,0.88725
705,545,187,576.19,2.16612
706,282,-32,283.81,1.06695
707,40,-313,315.55,1.18626
708,-104,-63,121.59,0.45712
709,-237,185,300.66,1.13029
710,-350,35,351.75,1.32235
711,-319,-79,328.64,1.23548
712,-48,-2,48.04,0.18061
713,244,132,277.42,1.04292
714,179,88,199.46,0.74986
715,139,-72,156.54,0.58850
716,-295,-58,300.65,1.13025
717,-731,-330,802.04,3.01517
718,-844,-347,912.55,3.43063
719,-630,-247,676.69,2.54395
720,290,74,299.29,1.12516
721,662,253,708.70,2.66428
722,93,-12,93.77,0.35252
723,-266,-227,349.69,1.31463
724,-231,-195,302.30,1.13647
725,-568,-19,568.32,2.13653
726,-785,32,785.65,2.95358
727,-625,22,625.39,2.35108
728,147,46,154.03,0.57906
729,659,112,668.45,2.51297
730,330,153,363.74,1.36746
731,255,261,364.89,1.37177
732,586,304,660.16,2.48181
733,1040,478,1144.59,4.30297
734,1020,433,1108.10,4.16580
735,727,359,810.81,3.04815
736,-104,-58,119.08,0.44767
737,-375,-184,417.71,1.57034
738,164,108,196.37,0.73822
739,564,200,598.41,2.24967
740,709,231,745.68,2.80332
741,931,79,934.35,3.51258
742,992,441,1085.61,4.08123
743,741,440,861.79,3.23981
744,27,-12,29.55,0.11108
745,-359,-50,362.47,1.36265
746,-104,185,212.23,0.79785
747,-446,1829,1882.59,7.07742
748,-3309,8852,9450.26,35.52729
749,-5458,15842,16755.86,62.99194
750,-5208,16486,17289.06,64.99645
751,-4393,13062,13780.94,51.80804
752,-323,-4221,4233.34,15.91481
753,1827,-12299,12433.96,46.74421
754,315,-3863,3875.82,14.57076
755,-657,2963,3034.97,11.40965
756,776,1036,1294.40,4.86617
757,2215,-1731,2811.15,10.56825
758,1868,-1298,2274.69,8.55148
759,922,-249,955.03,3.59034
760,394,-307,499.48,1.87776
761,633,-1197,1354.07,5.09048
762,385,-1846,1885.72,7.08917
763,-347,-1326,1370.65,5.15282
764,-495,-706,862.24,3.24151
765,495,-121,509.57,1.91569
766,1458,-356,1500.83,5.64223
767,917,-980,1342.12,5.04557
768,-751,-1644,1807.41,6.79478
769,-1086,-1010,1483.07,5.57545
770,25,382,382.82,1.43916
771,-242,72,252.48,0.94919
772,-1624,-1870,2476.75,9.31108
773,-1207,-1767,2139.89,8.04471
774,1194,-248,1219.48,4.58452
775,2844,853,2969.17,11.16228
776,1622,255,1641.92,6.17264
777,11,-754,754.08,2.83489
778,-194,-1723,1733.89,6.51837
779,1059,-3206,3376.38,12.69314
780,1712,-3716,4091.41,15.38122
781,407,-1996,2037.07,7.65817
782,-940,-362,1007.30,3.78682
783,-1700,1076,2011.91,7.56357
784,-1480,917,1741.06,6.54534
785,-1442,-1677,2211.72,8.31473
786,-1258,-5255,5403.48,20.31383
787,-225,-5978,5982.23,22.48960
788,533,-3038,3084.40,11.59550
789,167,70,181.08,0.68074
790,-293,611,677.62,2.54745
791,-394,533,662.82,2.49179
792,-72,294,302.69,1.13792
793,100,-320,335.26,1.26038
794,-80,-468,474.79,1.78492
795,-320,-12,320.22,1.20385
796,-530,259,589.90,2.21767
797,-531,-270,595.70,2.23948
798,-656,-555,859.28,3.23037
799,-255,36,257.53,0.96815
800,718,980,1214.88,4.56720
801,1420,1331,1946.27,7.31680
802,1493,808,1697.62,6.38203
803,1131,68,1133.04,4.25956
804,1126,-446,1211.11,4.55305
805,1114,-361,1171.03,4.40238
806,1113,-322,1158.64,4.35580
807,1465,-186,1476.76,5.55173
808,896,264,934.08,3.51159
809,103,474,485.06,1.82354
810,-296,185,349.06,1.31225
811,-197,-130,236.03,0.88732
812,213,-185,282.12,1.06062
813,416,-239,479.77,1.80364
814,249,-459,522.19,1.96312
815,-458,-592,748.48,2.81385
816,-678,-675,956.72,3.59668
817,107,-1006,1011.67,3.80329
818,879,-849,1222.06,4.59423
819,519,-201,556.56,2.09234
820,-488,117,501.83,1.88658
821,-472,-141,492.61,1.85192
822,287,-181,339.31,1.27559
823,916,-695,1149.82,4.32262
824,947,-1027,1396.97,5.25178
825,1215,-637,1371.86,5.15736
826,1231,215,1249.63,4.69787
827,611,977,1152.32,4.33204
828,-254,617,667.24,2.50841
829,-258,-483,547.59,2.05860
830,383,-789,877.05,3.29717
831,1003,-407,1082.43,4.06929
832,941,315,992.32,3.73054
833,164,387,420.32,1.58013
834,-481,-546,727.65,2.73553
835,-126,-1336,1341.93,5.04484
836,421,-1171,1244.38,4.67812
837,461,-528,700.93,2.63508
838,146,-314,346.28,1.30182
839,38,-602,603.20,2.26766
840,446,-794,910.69,3.42364
841,574,-363,679.15,2.55320
842,34,-15,37.16,0.13971
843,-229,-18,229.71,0.86356
844,174,-57,183.10,0.68834
845,526,-120,539.51,2.02825
846,560,108,570.32,2.14406
# END
# FRAME,35,RX_TS,221166986193,FP_INDEX,749.8906,FP_INT,749,RXPACC,305,RXPWR,-69.52,STD_NOISE,172.00,NTM,13,NOISE_THRESH,2236.00,PEAK_IDX,752,PEAK_AMPL,20085,START,699,elapsed_s,3.4700
sample,real,imag,amplitude,amplitude_norm
699,1,111,111.00,0.36395
700,134,-171,217.25,0.71229
701,253,-107,274.70,0.90064
702,-151,163,222.19,0.72850
703,-871,642,1082.04,3.54766
704,-897,812,1209.94,3.96701
705,-798,523,954.11,3.12824
706,102,4,102.08,0.33468
707,593,-364,695.81,2.28133
708,183,-242,303.40,0.99476
709,-254,-248,354.99,1.16391
710,-194,7,194.13,0.63648
711,-37,381,382.79,1.25506
712,-144,374,400.76,1.31398
713,-229,382,445.38,1.46027
714,-36,172,175.73,0.57615
715,171,-153,229.46,0.75231
716,150,-72,166.39,0.54552
717,-27,-19,33.02,0.10825
718,-270,381,466.97,1.53105
719,-809,429,915.71,3.00232
720,-815,530,972.18,3.18746
721,-617,563,835.26,2.73855
722,82,-53,97.64,0.32012
723,550,-404,682.43,2.23749
724,-60,-135,147.73,0.48437
725,-455,31,456.05,1.49526
726,-422,-39,423.80,1.38950
727,-530,543,758.78,2.48781
728,-503,788,934.85,3.06510
729,-303,734,794.08,2.60354
730,-79,-36,86.82,0.28464
731,370,-454,585.68,1.92025
732,384,-109,399.17,1.30876
733,311,-2,311.01,1.01969
734,742,-343,817.44,2.68014
735,1153,-620,1309.13,4.29221
736,981,-655,1179.57,3.86744
737,852,-549,1013.56,3.32315
738,6,14,15.23,0.04994
739,-317,371,487.99,1.59995
740,277,80,288.32,0.94531
741,492,-494,697.21,2.28593
742,602,-785,989.26,3.24346
743,679,-836,1077.00,3.53116
744,1054,-632,1228.96,4.02937
745,871,-469,989.24,3.24342
746,9,-179,179.23,0.58763
747,-246,240,343.68,1.12682
748,297,328,442.49,1.45077
749,1805,2080,2753.98,9.02945
750,7278,9825,12227.02,40.08858
751,13236,16106,20846.94,68.35062
752,14674,16474,22061.71,72.33347
753,11708,14099,18326.46,60.08675
754,-2527,-128,2530.24,8.29587
755,-10035,-8448,13117.54,43.00834
756,-3098,-2231,3817.72,12.51711
757,2625,2544,3655.48,11.98519
758,1167,-412,1237.59,4.05768
759,-519,-3154,3196.42,10.48005
760,-70,-2464,2464.99,8.08195
761,266,-1266,1293.64,4.24145
762,-131,-762,773.18,2.53501
763,-722,-1200,1400.46,4.59167
764,-1510,-1341,2019.50,6.62131
765,-1671,-606,1777.49,5.82784
766,-1057,-136,1065.71,3.49414
767,193,-811,833.65,2.73327
768,516,-1709,1785.20,5.85311
769,-296,-1501,1529.91,5.01609
770,-1585,-237,1602.62,5.25450
771,-578,703,910.11,2.98395
772,1590,1053,1907.07,6.25268
773,291,1240,1273.69,4.17603
774,-3158,907,3285.67,10.77268
775,-2519,-55,2519.60,8.26098
776,884,-1560,1793.06,5.87888
777,2771,-1965,3397.01,11.13773
778,1193,-997,1554.75,5.09755
779,-1150,-295,1187.23,3.89257
780,-2165,-1034,2399.25,7.86638
781,-2272,-2604,3455.84,11.33061
782,-2196,-2719,3495.05,11.45918
783,-1744,-632,1854.98,6.08191
784,-1112,843,1395.42,4.57514
785,-371,1827,1864.29,6.11242
786,-274,1776,1797.01,5.89184
787,-2821,431,2853.73,9.35651
788,-6220,-2152,6581.76,21.57952
789,-6003,-3717,7060.60,23.14951
790,-2369,-2271,3281.71,10.75970
791,331,82,341.01,1.11805
792,405,796,893.11,2.92822
793,290,746,800.38,2.62421
794,274,440,518.34,1.69947
795,-400,-121,417.90,1.37017
796,-618,-34,618.93,2.02929
797,-248,353,431.41,1.41445
798,-34,485,486.19,1.59407
799,-751,326,818.70,2.68428
800,-1082,508,1195.32,3.91908
801,-433,669,796.90,2.61279
802,1194,218,1213.74,3.97947
803,2030,-660,2134.60,6.99868
804,1402,-1062,1758.82,5.76662
805,399,-1205,1269.34,4.16177
806,32,-1440,1440.36,4.72248
807,267,-1145,1175.72,3.85481
808,455,-1069,1161.80,3.80919
809,870,-1423,1667.88,5.46846
810,783,-703,1052.28,3.45011
811,243,-20,243.82,0.79942
812,-266,21,266.83,0.87484
813,-315,-223,385.95,1.26540
814,-127,-612,625.04,2.04931
815,-5,-629,629.02,2.06236
816,-370,-558,669.53,2.19516
817,-1154,-14,1154.08,3.78389
818,-1299,13,1299.07,4.25923
819,-844,-754,1131.75,3.71065
820,-268,-1205,1234.44,4.04735
821,-50,-568,570.20,1.86950
822,-296,419,513.01,1.68199
823,-276,327,427.91,1.40298
824,143,-337,366.08,1.20028
825,93,-1131,1134.82,3.72071
826,-386,-1646,1690.65,5.54313
827,129,-1691,1695.91,5.56037
828,983,-1090,1467.78,4.81241
829,1338,8,1338.02,4.38696
830,227,569,612.61,2.00855
831,-884,-107,890.45,2.91952
832,-513,-742,902.07,2.95761
833,286,-1090,1126.90,3.69474
834,739,-767,1065.09,3.49209
835,281,-115,303.62,0.99548
836,-965,-59,966.80,3.16984
837,-1261,-687,1436.00,4.70819
838,-607,-939,1118.11,3.66593
839,-101,-631,639.03,2.09519
840,-264,-258,369.13,1.21028
841,-642,-284,702.01,2.30168
842,-560,-788,966.72,3.16957
843,48,-503,505.29,1.65667
844,43,214,218.28,0.71566
845,-113,350,367.79,1.20587
846,20,-127,128.57,0.42153
847,119,-445,460.64,1.51028
848,285,-429,515.04,1.68866
# END
# FRAME,36,RX_TS,227556848146,FP_INDEX,750.6562,FP_INT,750,RXPACC,264,RXPWR,-69.44,STD_NOISE,160.00,NTM,13,NOISE_THRESH,2080.00,PEAK_IDX,752,PEAK_AMPL,16843,START,700,elapsed_s,3.5699
sample,real,imag,amplitude,amplitude_norm
700,62,127,141.33,0.53533
701,262,91,277.35,1.05058
702,223,131,258.63,0.97966
703,-284,-11,284.21,1.07656
704,-873,-141,884.31,3.34967
705,-996,-83,999.45,3.78580
706,-485,-91,493.46,1.86918
707,422,196,465.30,1.76248
708,551,138,568.02,2.15159
709,189,-61,198.60,0.75227
710,-55,-321,325.68,1.23363
711,-136,-11,136.44,0.51683
712,-218,229,316.17,1.19762
713,-235,14,235.42,0.89173
714,-281,-95,296.62,1.12358
715,78,19,80.28,0.30409
716,273,-25,274.14,1.03842
717,137,-114,178.23,0.67510
718,5,-125,125.10,0.47386
719,-458,95,467.75,1.77178
720,-825,-187,845.93,3.20427
721,-871,-89,875.54,3.31642
722,-398,-90,408.05,1.54564
723,413,74,419.58,1.58931
724,402,79,409.69,1.55185
725,-124,-175,214.48,0.81242
726,-211,-149,258.31,0.97843
727,-259,-164,306.56,1.16120
728,-664,66,667.27,2.52755
729,-777,154,792.11,3.00043
730,-422,84,430.28,1.62984
731,298,-100,314.33,1.19065
732,500,-14,500.20,1.89468
733,231,137,268.57,1.01731
734,315,140,344.71,1.30572
735,865,279,908.88,3.44273
736,1202,287,1235.79,4.68102
737,1141,188,1156.38,4.38024
738,665,158,683.51,2.58906
739,-242,-55,248.17,0.94004
740,-324,60,329.51,1.24814
741,293,183,345.45,1.30854
742,662,88,667.82,2.52963
743,881,-40,881.91,3.34056
744,1018,-106,1023.50,3.87691
745,1053,289,1091.94,4.13613
746,613,128,626.22,2.37205
747,-189,-72,202.25,0.76610
748,-356,54,360.07,1.36391
749,-79,397,404.78,1.53327
750,-286,3092,3105.20,11.76212
751,-1792,11591,11728.71,44.42692
752,-1886,16389,16497.16,62.48924
753,-1409,16479,16539.13,62.64821
754,-1568,9980,10102.43,38.26677
755,-975,-7915,7974.83,30.20767
756,-517,-11159,11170.97,42.31428
757,-258,-1380,1403.91,5.31784
758,201,3233,3239.24,12.26986
759,1244,-242,1267.32,4.80045
760,1692,-2223,2793.67,10.58208
761,1366,-1324,1902.35,7.20587
762,705,-456,839.62,3.18038
763,309,-657,726.04,2.75014
764,381,-1571,1616.54,6.12326
765,-135,-1847,1851.93,7.01488
766,-729,-1131,1345.59,5.09692
767,-361,-544,652.88,2.47304
768,972,-363,1037.57,3.93019
769,1729,-830,1917.90,7.26477
770,804,-1359,1579.02,5.98113
771,-416,-1241,1308.87,4.95784
772,300,409,507.23,1.92132
773,1130,1941,2245.97,8.50746
774,-436,645,778.54,2.94901
775,-2493,-1786,3066.73,11.61641
776,-1234,-1572,1998.48,7.57002
777,1630,-390,1676.01,6.34851
778,2829,315,2846.48,10.78213
779,1143,-104,1147.72,4.34743
780,-471,-878,996.36,3.77408
781,-543,-2156,2223.33,8.42169
782,571,-3857,3899.04,14.76908
783,824,-3642,3734.05,14.14413
784,-124,-1377,1382.57,5.23701
785,-977,258,1010.49,3.82762
786,-1296,1560,2028.11,7.68222
787,-1188,662,1360.00,5.15150
788,-2092,-2434,3209.49,12.15716
789,-2405,-5501,6003.75,22.74148
790,-1208,-5423,5555.92,21.04513
791,16,-2148,2148.06,8.13659
792,90,282,296.01,1.12126
793,-230,591,634.18,2.40219
794,-261,668,717.18,2.71659
795,122,382,401.01,1.51897
796,-4,-221,221.04,0.83726
797,-367,-209,422.34,1.59977
798,-590,117,601.49,2.27837
799,-663,-18,663.24,2.51229
800,-698,-581,908.17,3.44002
801,-902,-359,970.82,3.67734
802,-390,375,541.04,2.04940
803,892,1169,1470.45,5.56989
804,1665,850,1869.42,7.08113
805,1418,197,1431.62,5.42280
806,886,-467,1001.54,3.79372
807,847,-657,1071.94,4.06038
808,791,-397,885.04,3.35241
809,917,-353,982.60,3.72196
810,1167,-227,1188.87,4.50330
811,579,173,604.29,2.28899
812,95,-36,101.59,0.38482
813,-16,-316,316.40,1.19850
814,80,-409,416.75,1.57860
815,272,-302,406.43,1.53952
816,340,-381,510.65,1.93427
817,-98,-595,603.02,2.28415
818,-745,-640,982.15,3.72028
819,-534,-628,824.34,3.12251
820,266,-665,716.23,2.71298
821,674,-342,755.80,2.86289
822,111,131,171.70,0.65039
823,-628,196,657.88,2.49195
824,-260,48,264.39,1.00149
825,371,-199,421.00,1.59470
826,678,-868,1101.41,4.17201
827,603,-1289,1423.07,5.39042
828,1032,-856,1340.81,5.07881
829,1269,111,1273.85,4.82517
830,650,941,1143.67,4.33208
831,-287,474,554.12,2.09893
832,-361,-542,651.22,2.46674
833,260,-641,691.72,2.62016
834,779,-362,859.00,3.25380
835,606,237,650.70,2.46476
836,-130,133,185.98,0.70447
837,-569,-850,1022.87,3.87450
838,-200,-1419,1433.03,5.42813
839,301,-1047,1089.41,4.12655
840,331,-485,587.18,2.22418
841,-5,-315,315.04,1.19333
842,-43,-806,807.15,3.05737
843,292,-745,800.18,3.03099
844,175,-84,194.12,0.73529
845,-198,297,356.95,1.35208
846,-253,186,314.01,1.18945
847,183,-164,245.73,0.93081
848,341,-135,366.75,1.38921
849,452,32,453.13,1.71641
# END
# FRAME,37,RX_TS,233946643023,FP_INDEX,751.7187,FP_INT,751,RXPACC,264,RXPWR,-69.04,STD_NOISE,128.00,NTM,13,NOISE_THRESH,1664.00,PEAK_IDX,754,PEAK_AMPL,17392,START,701,elapsed_s,3.6664
sample,real,imag,amplitude,amplitude_norm
701,-23,-35,41.88,0.15864
702,17,-197,197.73,0.74899
703,192,-159,249.29,0.94428
704,-104,289,307.14,1.16342
705,-349,851,919.78,3.48403
706,-232,963,990.55,3.75209
707,-237,682,722.01,2.73487
708,193,-130,232.70,0.88144
709,265,-547,607.81,2.30231
710,40,-185,189.27,0.71695
711,-316,10,316.16,1.19757
712,-71,81,107.71,0.40800
713,200,275,340.04,1.28802
714,11,317,317.19,1.20148
715,-56,373,377.18,1.42871
716,-30,90,94.87,0.35935
717,40,-150,155.24,0.58804
718,-24,-121,123.36,0.46726
719,-131,6,131.14,0.49673
720,-54,526,528.76,2.00290
721,-328,795,860.01,3.25760
722,-269,919,957.56,3.62712
723,-142,690,704.46,2.66841
724,170,-145,223.44,0.84636
725,223,-453,504.91,1.91255
726,-131,56,142.47,0.53965
727,-264,316,411.77,1.55972
728,-208,295,360.96,1.36726
729,-34,669,669.86,2.53736
730,52,797,798.69,3.02536
731,150,649,666.11,2.52314
732,-155,-106,187.78,0.71128
733,-2,-564,564.00,2.13638
734,244,-207,319.98,1.21203
735,269,-157,311.46,1.17979
736,314,-649,720.97,2.73095
737,416,-1024,1105.27,4.18665
738,364,-995,1059.49,4.01322
739,322,-705,775.05,2.93581
740,-19,117,118.53,0.44899
741,-21,346,346.64,1.31302
742,228,-173,286.20,1.08411
743,58,-520,523.22,1.98191
744,23,-739,739.36,2.80060
745,24,-868,868.33,3.28914
746,399,-907,990.88,3.75335
747,250,-725,766.89,2.90490
748,-197,-41,201.22,0.76220
749,-48,292,295.92,1.12090
750,383,169,418.63,1.58571
751,2755,637,2827.68,10.71092
752,11091,3107,11517.97,43.62869
753,16284,4092,16790.27,63.59951
754,16462,3752,16884.16,63.95516
755,13233,3438,13672.31,51.78906
756,-3637,1111,3802.91,14.40495
757,-10927,-467,10936.97,41.42793
758,-2417,113,2419.64,9.16530
759,3088,232,3096.70,11.72993
760,128,-1086,1093.52,4.14211
761,-1934,-1899,2710.45,10.26687
762,-1169,-1572,1959.02,7.42052
763,-446,-967,1064.90,4.03370
764,-616,-373,720.13,2.72776
765,-1221,-471,1308.69,4.95718
766,-1767,-53,1767.79,6.69619
767,-1245,534,1354.69,5.13140
768,-626,300,694.17,2.62944
769,-347,-864,931.08,3.52681
770,-726,-1469,1638.61,6.20685
771,-1492,-681,1640.07,6.21238
772,-1984,408,2025.52,7.67241
773,-434,-221,487.03,1.84481
774,1453,-1057,1796.79,6.80603
775,568,416,704.05,2.66684
776,-1893,2370,3033.21,11.48942
777,-1643,1073,1962.34,7.43311
778,-55,-1755,1755.86,6.65099
779,982,-2748,2918.19,11.05375
780,234,-1081,1106.04,4.18953
781,-1131,571,1266.97,4.79911
782,-2102,496,2159.73,8.18078
783,-2921,-451,2955.61,11.19550
784,-2840,-328,2858.88,10.82908
785,-1407,601,1529.98,5.79539
786,-100,963,968.18,3.66734
787,1003,1222,1580.92,5.98832
788,590,1342,1465.97,5.55291
789,-2284,2019,3048.45,11.54714
790,-5505,1846,5806.27,21.99344
791,-5401,510,5425.03,20.54934
792,-2038,-275,2056.47,7.78966
793,310,19,310.58,1.17645
794,489,416,642.01,2.43186
795,412,447,607.91,2.30268
796,340,-9,340.12,1.28833
797,-429,-6,429.04,1.62516
798,-459,284,539.76,2.04453
799,-124,504,519.03,1.96602
800,-28,536,536.73,2.03307
801,-449,633,776.07,2.93967
802,-360,909,977.69,3.70338
803,342,804,873.72,3.30953
804,1370,-241,1391.04,5.26908
805,1196,-1199,1693.52,6.41486
806,300,-1418,1449.39,5.49010
807,-428,-1026,1111.69,4.21096
808,-680,-912,1137.60,4.30911
809,-353,-785,860.72,3.26029
810,-321,-864,921.70,3.49130
811,-228,-1333,1352.36,5.12257
812,194,-1019,1037.30,3.92918
813,174,-356,396.25,1.50094
814,-322,16,322.40,1.22120
815,-584,-105,593.36,2.24759
816,-397,-279,485.23,1.83800
817,-280,-248,374.04,1.41681
818,-532,95,540.42,2.04703
819,-745,681,1009.35,3.82329
820,-836,273,879.45,3.33123
821,-760,-531,927.13,3.51184
822,-178,-656,679.72,2.57470
823,168,55,176.77,0.66960
824,127,842,851.52,3.22547
825,-116,311,331.93,1.25731
826,-177,-556,583.49,2.21020
827,-611,-925,1108.58,4.19916
828,-1103,-730,1322.69,5.01019
829,-829,-1073,1355.94,5.13613
830,39,-1257,1257.60,4.76365
831,981,-637,1169.67,4.43057
832,593,365,696.33,2.63761
833,-529,351,634.86,2.40476
834,-643,-224,680.90,2.57917
835,-393,-758,853.82,3.23418
836,3,-648,648.01,2.45457
837,-260,109,281.92,1.06789
838,-957,527,1092.51,4.13830
839,-1193,102,1197.35,4.53543
840,-818,-351,890.13,3.37169
841,-510,-274,578.94,2.19297
842,-323,73,331.15,1.25434
843,-599,23,599.44,2.27061
844,-625,-294,690.70,2.61627
845,-56,-223,229.92,0.87092
846,170,211,270.96,1.02638
847,142,306,337.34,1.27781
848,-13,4,13.60,0.05152
849,-145,-261,298.57,1.13096
850,-64,-361,366.63,1.38875
# END
# FRAME,38,RX_TS,240336437891,FP_INDEX,752.2812,FP_INT,752,RXPACC,261,RXPWR,-68.83,STD_NOISE,160.00,NTM,13,NOISE_THRESH,2080.00,PEAK_IDX,754,PEAK_AMPL,17552,START,702,elapsed_s,3.7499
sample,real,imag,amplitude,amplitude_norm
702,174,104,202.71,0.77667
703,85,226,241.46,0.92512
704,10,58,58.86,0.22550
705,-101,-672,679.55,2.60363
706,-73,-1009,1011.64,3.87600
707,-52,-908,909.49,3.48463
708,100,-333,347.69,1.33215
709,-42,541,542.63,2.07903
710,97,498,507.36,1.94390
711,294,-12,294.24,1.12737
712,271,-218,347.80,1.33257
713,-66,-125,141.35,0.54159
714,-219,-237,322.69,1.23637
715,-91,-302,315.41,1.20848
716,-116,-180,214.14,0.82046
717,109,81,135.80,0.52031
718,118,210,240.88,0.92292
719,109,97,145.91,0.55905
720,-75,-169,184.89,0.70841
721,-140,-626,641.46,2.45772
722,-79,-836,839.72,3.21733
723,-119,-803,811.77,3.11023
724,-22,-233,234.04,0.89669
725,69,593,597.00,2.28736
726,65,408,413.15,1.58293
727,158,-309,347.05,1.32970
728,274,-327,426.62,1.63456
729,156,-499,522.82,2.00313
730,-182,-716,738.77,2.83053
731,-421,-694,811.71,3.11001
732,-95,-341,353.99,1.35627
733,410,395,569.32,2.18130
734,60,486,489.69,1.87621
735,-174,268,319.53,1.22426
736,-60,496,499.62,1.91424
737,72,1045,1047.48,4.01332
738,147,1138,1147.45,4.39638
739,134,1076,1084.31,4.15445
740,176,471,502.81,1.92647
741,13,-244,244.35,0.93619
742,-143,10,143.35,0.54923
743,51,567,569.29,2.18118
744,320,632,708.40,2.71416
745,430,800,908.24,3.47985
746,292,973,1015.87,3.89222
747,111,1054,1059.83,4.06065
748,238,481,536.66,2.05617
749,160,-175,237.12,0.90850
750,-217,-154,266.09,1.01951
751,-1073,273,1107.18,4.24209
752,-6006,937,6078.65,23.28985
753,-14830,2729,15079.00,57.77396
754,-16478,4171,16997.70,65.12527
755,-16300,4131,16815.33,64.42654
756,-7088,474,7103.83,27.21774
757,8813,-3941,9654.04,36.98865
758,7151,-2883,7710.28,29.54132
759,-1350,242,1371.52,5.25486
760,-1977,1276,2353.02,9.01540
761,2069,1107,2346.53,8.99054
762,2359,1028,2573.26,9.85923
763,1176,872,1464.02,5.60928
764,719,334,792.79,3.03751
765,998,-85,1001.61,3.83760
766,1624,-285,1648.82,6.31731
767,1406,-929,1685.19,6.45668
768,685,-988,1202.23,4.60626
769,441,-89,449.89,1.72372
770,863,896,1244.02,4.76636
771,1234,657,1398.00,5.35632
772,1554,-955,1823.99,6.98847
773,1466,-1429,2047.24,7.84384
774,405,606,728.88,2.79263
775,-980,1310,1636.00,6.26820
776,-833,-1416,1642.85,6.29443
777,378,-2956,2980.07,11.41790
778,955,-343,1014.73,3.88785
779,815,2382,2517.57,9.64585
780,542,2299,2362.03,9.04991
781,564,148,583.10,2.23408
782,1262,-1132,1695.31,6.49543
783,2828,-698,2912.87,11.16041
784,4321,76,4321.67,16.55812
785,2771,15,2771.04,10.61701
786,552,-751,932.04,3.57105
787,-841,-1063,1355.45,5.19330
788,-1710,-883,1924.52,7.37365
789,-219,-1303,1321.28,5.06236
790,2840,-3186,4268.04,16.35266
791,4991,-3869,6315.00,24.19541
792,3870,-2060,4384.12,16.79739
793,641,-139,655.90,2.51302
794,-424,221,478.14,1.83195
795,-401,-77,408.33,1.56447
796,-376,-62,381.08,1.46007
797,279,86,291.95,1.11860
798,561,-182,589.78,2.25971
799,134,-225,261.88,1.00337
800,-223,-371,432.86,1.65848
801,136,-548,564.62,2.16331
802,291,-717,773.80,2.96476
803,-198,-641,670.88,2.57044
804,-954,323,1007.20,3.85899
805,-1132,1407,1805.84,6.91894
806,-82,1513,1515.22,5.80544
807,670,1023,1222.88,4.68535
808,1108,652,1285.60,4.92567
809,835,681,1077.49,4.12832
810,621,695,932.02,3.57097
811,721,894,1148.51,4.40042
812,756,1043,1288.17,4.93552
813,62,677,679.83,2.60472
814,76,314,323.07,1.23780
815,576,-36,577.12,2.21120
816,663,-73,667.01,2.55558
817,356,9,356.11,1.36442
818,393,-45,395.57,1.51559
819,495,-507,708.57,2.71483
820,570,-795,978.23,3.74799
821,907,-93,911.76,3.49332
822,982,502,1102.87,4.22557
823,421,386,571.17,2.18840
824,-96,-358,370.65,1.42011
825,28,-681,681.58,2.61140
826,216,22,217.12,0.83187
827,536,612,813.54,3.11699
828,1081,381,1146.18,4.39148
829,1320,170,1330.90,5.09924
830,1152,751,1375.17,5.26887
831,101,1278,1281.98,4.91182
832,-834,695,1085.62,4.15948
833,-258,-410,484.42,1.85602
834,578,-417,712.72,2.73074
835,715,174,735.87,2.81942
836,632,727,963.30,3.69082
837,150,578,597.15,2.28792
838,359,-422,554.04,2.12277
839,989,-857,1308.65,5.01399
840,1150,-479,1245.77,4.77306
841,781,159,797.02,3.05372
842,464,15,464.24,1.77871
843,365,-187,410.11,1.57132
844,869,-154,882.54,3.38138
845,560,205,596.34,2.28484
846,-59,180,189.42,0.72576
847,-265,-19,265.68,1.01793
848,-144,18,145.12,0.55602
849,211,208,296.29,1.13519
850,193,209,284.48,1.08997
851,166,198,258.38,0.98996
# END
# FRAME,39,RX_TS,246726222970,FP_INDEX,752.7656,FP_INT,752,RXPACC,267,RXPWR,-68.77,STD_NOISE,124.00,NTM,13,NOISE_THRESH,1612.00,PEAK_IDX,755,PEAK_AMPL,18029,START,702,elapsed_s,3.8604
sample,real,imag,amplitude,amplitude_norm
702,-16,98,99.30,0.37190
703,-150,-115,189.01,0.70790
704,-10,-150,150.33,0.56304
705,100,336,350.57,1.31298
706,166,980,993.96,3.72270
707,286,1018,1057.41,3.96034
708,104,848,854.35,3.19983
709,54,-279,284.18,1.06434
710,-57,-659,661.46,2.47738
711,-173,-177,247.50,0.92698
712,-284,241,372.47,1.39503
713,-3,282,282.02,1.05624
714,287,203,351.54,1.31662
715,204,280,346.43,1.29750
716,239,352,425.47,1.59352
717,107,120,160.78,0.60216
718,-69,-101,122.32,0.45812
719,-57,-105,119.47,0.44747
720,-84,20,86.35,0.32340
721,179,430,465.77,1.74445
722,111,917,923.69,3.45953
723,309,924,974.30,3.64906
724,278,723,774.61,2.90114
725,61,-204,212.92,0.79747
726,-51,-583,585.23,2.19186
727,-24,27,36.12,0.13530
728,1,390,390.00,1.46068
729,51,443,445.93,1.67013
730,263,728,774.05,2.89906
731,456,701,836.26,3.13207
732,460,527,699.52,2.61993
733,-83,23,86.13,0.32258
734,-275,-431,511.26,1.91483
735,85,-278,290.70,1.08878
736,158,-268,311.11,1.16520
737,-90,-619,625.51,2.34273
738,-279,-1028,1065.19,3.98947
739,-240,-960,989.55,3.70616
740,-156,-797,812.12,3.04166
741,-17,129,130.12,0.48732
742,74,369,376.35,1.40954
743,96,-242,260.35,0.97508
744,-221,-549,591.81,2.21653
745,-376,-678,775.28,2.90367
746,-437,-766,881.89,3.30295
747,-205,-970,991.43,3.71320
748,-122,-787,796.40,2.98277
749,-181,-11,181.33,0.67915
750,44,283,286.40,1.07266
751,469,-72,474.49,1.77713
752,2590,-769,2701.75,10.11892
753,11051,-2790,11397.75,42.68820
754,16383,-5338,17230.70,64.53445
755,16489,-6318,17657.98,66.13476
756,14243,-4572,14958.82,56.02554
757,-1904,2583,3208.91,12.01839
758,-10083,5472,11472.13,42.96676
759,-2366,1712,2920.43,10.93793
760,2941,-1263,3200.73,11.98774
761,-304,-1052,1095.04,4.10129
762,-2706,-628,2777.92,10.40418
763,-1836,-626,1939.79,7.26512
764,-760,-470,893.59,3.34677
765,-596,92,603.06,2.25865
766,-1225,306,1262.64,4.72899
767,-1580,911,1823.82,6.83079
768,-899,1155,1463.63,5.48178
769,-363,703,791.19,2.96325
770,-540,-447,701.01,2.62549
771,-1213,-874,1495.07,5.59953
772,-1374,238,1394.46,5.22270
773,-1339,2020,2423.49,9.07676
774,-712,1550,1705.71,6.38842
775,53,-510,512.75,1.92040
776,458,-224,509.84,1.90952
777,-62,2193,2193.88,8.21676
778,-618,1795,1898.41,7.11014
779,-1042,-1020,1458.14,5.46119
780,-1059,-2692,2892.81,10.83449
781,-618,-1086,1249.53,4.67988
782,-459,1035,1132.21,4.24050
783,-1209,1670,2061.69,7.72170
784,-2770,1318,3067.58,11.48905
785,-2918,1116,3124.13,11.70086
786,-1268,1189,1738.26,6.51033
787,200,983,1003.14,3.75708
788,1370,739,1556.61,5.82998
789,1379,629,1515.68,5.67670
790,-588,2345,2417.60,9.05467
791,-3738,4356,5739.98,21.49806
792,-4615,3651,5884.56,22.03954
793,-2011,1043,2265.39,8.48459
794,348,-249,427.91,1.60265
795,666,46,667.59,2.50032
796,425,138,446.84,1.67357
797,111,-50,121.74,0.45596
798,-416,152,442.90,1.65880
799,-194,250,316.44,1.18518
800,167,188,251.46,0.94180
801,350,230,418.81,1.56857
802,-143,683,697.81,2.61352
803,-40,809,809.99,3.03366
804,643,363,738.39,2.76550
805,1268,-1056,1650.14,6.18030
806,655,-1646,1771.54,6.63497
807,-348,-1283,1329.36,4.97887
808,-923,-628,1116.38,4.18121
809,-1072,-410,1147.73,4.29861
810,-762,-534,930.48,3.48496
811,-675,-598,901.79,3.37750
812,-974,-986,1385.96,5.19084
813,-636,-788,1012.64,3.79266
814,-106,-607,616.19,2.30781
815,-220,-321,389.15,1.45751
816,-484,-72,489.33,1.83268
817,-424,3,424.01,1.58805
818,-312,26,313.08,1.17259
819,-347,506,613.55,2.29794
820,-222,1137,1158.47,4.33884
821,-710,757,1037.86,3.88711
822,-1283,-140,1290.62,4.83377
823,-997,-584,1155.45,4.32753
824,-7,-296,296.08,1.10892
825,769,313,830.26,3.10958
826,270,152,309.85,1.16047
827,-306,-286,418.85,1.56871
828,-842,-397,930.90,3.48651
829,-1196,22,1196.20,4.48016
830,-1113,-424,1191.03,4.46077
831,-634,-1004,1187.42,4.44727
832,395,-971,1048.27,3.92610
833,662,280,718.78,2.69206
834,-213,782,810.49,3.03554
835,-617,196,647.38,2.42466
836,-642,-540,838.91,3.14197
837,-295,-868,916.76,3.43356
838,-115,-205,235.05,0.88035
839,-477,653,808.66,3.02871
840,-915,686,1143.60,4.28315
841,-946,241,976.22,3.65624
842,-642,47,643.72,2.41093
843,-454,176,486.92,1.82367
844,-667,385,770.14,2.88442
845,-754,220,785.44,2.94172
846,-102,-107,147.83,0.55366
847,281,-27,282.29,1.05728
848,242,75,253.36,0.94890
849,-13,-40,42.06,0.15753
850,-298,-110,317.65,1.18972
851,-244,-254,352.21,1.31914
# END
# FRAME,40,RX_TS,253116017777,FP_INDEX,752.0000,FP_INT,752,RXPACC,263,RXPWR,-69.30,STD_NOISE,132.00,NTM,13,NOISE_THRESH,1716.00,PEAK_IDX,754,PEAK_AMPL,16907,START,702,elapsed_s,3.9633
sample,real,imag,amplitude,amplitude_norm
702,249,-189,312.61,1.18861
703,408,4,408.02,1.55141
704,-54,187,194.64,0.74008
705,-803,61,805.31,3.06203
706,-986,88,989.92,3.76395
707,-866,-59,868.01,3.30041
708,-12,-33,35.11,0.13351
709,627,103,635.40,2.41598
710,375,-96,387.09,1.47184
711,41,-329,331.54,1.26063
712,-34,-99,104.68,0.39801
713,-199,271,336.22,1.27839
714,-270,186,327.87,1.24664
715,-364,203,416.78,1.58471
716,-97,218,238.61,0.90725
717,218,-41,221.82,0.84343
718,202,49,207.86,0.79034
719,75,-69,101.91,0.38750
720,-225,174,284.43,1.08149
721,-807,-30,807.56,3.07056
722,-894,-12,894.08,3.39955
723,-777,62,779.47,2.96376
724,17,18,24.76,0.09414
725,664,61,666.80,2.53535
726,246,-8,246.13,0.93586
727,-247,-87,261.87,0.99572
728,-279,-162,322.62,1.22670
729,-589,30,589.76,2.24245
730,-745,272,793.10,3.01559
731,-625,412,748.58,2.84630
732,-86,43,96.15,0.36559
733,565,-138,581.61,2.21144
734,350,95,362.66,1.37895
735,228,240,331.03,1.25869
736,639,193,667.51,2.53806
737,1148,120,1154.25,4.38880
738,1117,-4,1117.01,4.24718
739,994,73,996.68,3.78965
740,209,4,209.04,0.79482
741,-379,60,383.72,1.45901
742,128,130,182.44,0.69368
743,638,-54,640.28,2.43453
744,762,-180,782.97,2.97708
745,931,-281,972.48,3.69765
746,1004,71,1006.51,3.82702
747,989,84,992.56,3.77400
748,238,-73,248.94,0.94655
749,-251,99,269.82,1.02593
750,-11,295,295.21,1.12245
751,311,1708,1736.08,6.60108
752,160,8902,8903.44,33.85337
753,948,15969,15997.11,60.82553
754,1795,16447,16544.66,62.90746
755,1281,15592,15644.53,59.48492
756,-1277,1554,2011.38,7.64783
757,-2804,-10861,11217.12,42.65064
758,-1380,-4507,4713.54,17.92220
759,454,2732,2769.47,10.53029
760,1117,921,1447.73,5.50469
761,1416,-2308,2707.75,10.29564
762,1251,-1838,2223.34,8.45377
763,876,-810,1193.10,4.53648
764,313,-580,659.07,2.50596
765,91,-993,997.16,3.79149
766,-309,-1693,1720.97,6.54360
767,-814,-1353,1578.99,6.00376
768,-711,-697,995.66,3.78576
769,438,-338,553.25,2.10362
770,1233,-862,1504.44,5.72030
771,675,-1161,1342.96,5.10632
772,-1024,-1065,1477.43,5.61761
773,-1423,-123,1428.31,5.43082
774,-38,843,843.86,3.20858
775,-278,462,539.19,2.05016
776,-2292,-1231,2601.66,9.89224
777,-1873,-1344,2305.31,8.76545
778,868,-591,1050.10,3.99277
779,2607,48,2607.44,9.91423
780,1543,-178,1553.23,5.90583
781,-207,-813,838.94,3.18988
782,-668,-1640,1770.83,6.73318
783,-2,-3156,3156.00,12.00000
784,417,-3949,3970.96,15.09869
785,-197,-1976,1985.80,7.55055
786,-845,-136,855.87,3.25428
787,-1157,1085,1586.15,6.03099
788,-1075,1404,1768.29,6.72353
789,-1815,-465,1873.62,7.12403
790,-3231,-4039,5172.32,19.66661
791,-2779,-5576,6230.14,23.68874
792,-863,-3287,3398.40,12.92168
793,199,-10,199.25,0.75761
794,76,593,597.85,2.27320
795,-19,418,418.43,1.59099
796,161,322,360.01,1.36885
797,-65,-180,191.38,0.72767
798,-506,-189,540.15,2.05378
799,-456,-45,458.22,1.74226
800,-240,-26,241.40,0.91789
801,-317,-333,459.76,1.74813
802,-669,-231,707.76,2.69110
803,-573,511,767.76,2.91923
804,557,1313,1426.26,5.42304
805,1397,1050,1747.60,6.64487
806,1334,37,1334.51,5.07419
807,898,-697,1136.76,4.32226
808,833,-913,1235.90,4.69925
809,934,-576,1097.33,4.17236
810,844,-541,1002.51,3.81181
811,1283,-734,1478.12,5.62024
812,1259,-613,1400.30,5.32435
813,853,54,854.71,3.24984
814,563,46,564.88,2.14782
815,223,-188,291.67,1.10902
816,94,-198,219.18,0.83339
817,26,-252,253.34,0.96326
818,-226,-467,518.81,1.97267
819,-819,-557,990.46,3.76601
820,-663,-815,1050.62,3.99474
821,242,-1109,1135.10,4.31596
822,645,-1123,1295.05,4.92414
823,321,-488,584.11,2.22095
824,-500,382,629.22,2.39249
825,-529,358,638.75,2.42872
826,208,-63,217.33,0.82636
827,703,-637,948.67,3.60712
828,546,-1232,1347.57,5.12383
829,781,-1259,1481.57,5.63334
830,1261,-531,1368.24,5.20244
831,1127,579,1267.03,4.81761
832,-27,924,924.39,3.51481
833,-830,-86,834.44,3.17279
834,-319,-631,707.05,2.68841
835,483,-620,785.93,2.98833
836,879,-295,927.18,3.52541
837,497,-59,500.49,1.90300
838,-482,-531,717.14,2.72676
839,-512,-1035,1154.72,4.39055
840,3,-894,894.01,3.39926
841,258,-565,621.12,2.36167
842,-51,-402,405.22,1.54077
843,-191,-511,545.53,2.07426
844,55,-798,799.89,3.04142
845,317,-175,362.10,1.37679
846,66,258,266.31,1.01258
847,-149,140,204.45,0.77739
848,124,-78,146.49,0.55701
849,195,-175,262.01,0.99624
850,242,-132,275.66,1.04813
851,301,-196,359.19,1.36574
# END
# FRAME,41,RX_TS,259505805911,FP_INDEX,751.9844,FP_INT,751,RXPACC,296,RXPWR,-69.38,STD_NOISE,176.00,NTM,13,NOISE_THRESH,2288.00,PEAK_IDX,754,PEAK_AMPL,19820,START,701,elapsed_s,4.0870
sample,real,imag,amplitude,amplitude_norm
701,102,-49,113.16,0.38229
702,302,-65,308.92,1.04363
703,229,164,281.67,0.95158
704,-176,-140,224.89,0.75977
705,-594,-747,954.38,3.22426
706,-772,-792,1106.01,3.73650
707,-539,-619,820.78,2.77291
708,53,156,164.76,0.55661
709,427,613,747.06,2.52385
710,263,76,273.76,0.92487
711,217,-324,389.96,1.31742
712,45,-142,148.96,0.50324
713,-283,36,285.28,0.96379
714,-360,-117,378.54,1.27884
715,-351,-180,394.46,1.33265
716,-159,53,167.60,0.56622
717,256,145,294.21,0.99396
718,222,157,271.91,0.91860
719,179,-73,193.31,0.65309
720,-314,-142,344.62,1.16424
721,-520,-725,892.20,3.01420
722,-686,-728,1000.29,3.37936
723,-587,-492,765.92,2.58757
724,75,154,171.29,0.57869
725,453,456,642.76,2.17150
726,134,-105,170.24,0.57513
727,-18,-398,398.41,1.34597
728,7,-293,293.08,0.99015
729,-490,-365,611.00,2.06420
730,-814,-288,863.45,2.91705
731,-734,-78,738.13,2.49369
732,151,-79,170.42,0.57573
733,588,300,660.11,2.23010
734,136,314,342.19,1.15604
735,133,231,266.55,0.90051
736,505,644,818.39,2.76483
737,861,1096,1393.75,4.70861
738,852,910,1246.60,4.21148
739,723,857,1121.24,3.78797
740,150,106,183.67,0.62052
741,-270,-313,413.36,1.39650
742,34,190,193.02,0.65209
743,540,362,650.11,2.19632
744,945,481,1060.37,3.58233
745,1035,466,1135.07,3.83469
746,885,905,1265.80,4.27635
747,762,849,1140.81,3.85408
748,270,13,270.31,0.91322
749,-242,-198,312.68,1.05635
750,-237,152,281.55,0.95120
751,-1394,1872,2334.01,7.88518
752,-7716,8464,11453.21,38.69327
753,-13114,15239,20104.83,67.92171
754,-13377,16479,21225.02,71.70615
755,-11644,13890,18124.98,61.23304
756,-711,-1882,2011.83,6.79671
757,6531,-11140,12913.31,43.62605
758,1909,-3539,4021.04,13.58461
759,-1740,2908,3388.81,11.44870
760,656,1124,1301.43,4.39671
761,2996,-975,3150.66,10.64411
762,2334,-479,2382.65,8.04948
763,1295,30,1295.35,4.37617
764,805,-357,880.61,2.97503
765,1117,-860,1409.71,4.76254
766,1095,-1626,1960.33,6.62274
767,217,-1616,1630.50,5.50846
768,-106,-1013,1018.53,3.44098
769,875,75,878.21,2.96692
770,1899,169,1906.51,6.44090
771,1650,-711,1796.67,6.06983
772,468,-1744,1805.70,6.10034
773,-327,-405,520.53,1.75856
774,-365,1968,2001.56,6.76203
775,-997,999,1411.39,4.76820
776,-1554,-2763,3170.03,10.70956
777,-439,-2625,2661.46,8.99140
778,1953,381,1989.82,6.72235
779,3006,2454,3880.48,13.10974
780,1601,1076,1928.98,6.51684
781,86,-1136,1139.25,3.84882
782,214,-2346,2355.74,7.95858
783,1638,-2802,3245.65,10.96504
784,2092,-2860,3543.45,11.97113
785,549,-1902,1979.65,6.68800
786,-757,-807,1106.48,3.73811
787,-1646,72,1647.57,5.56613
788,-1703,87,1705.22,5.76088
789,-967,-2380,2568.95,8.67887
790,780,-6052,6102.06,20.61506
791,2135,-6260,6614.06,22.34481
792,1436,-2720,3075.79,10.39119
793,-124,186,223.54,0.75522
794,-491,378,619.65,2.09341
795,-302,51,306.28,1.03472
796,97,-10,97.51,0.32944
797,240,-340,416.17,1.40599
798,-235,-445,503.24,1.70013
799,-324,-315,451.89,1.52664
800,-62,-302,308.30,1.04155
801,40,-552,553.45,1.86975
802,-488,-591,766.44,2.58931
803,-927,157,940.20,3.17635
804,-547,1524,1619.19,5.47025
805,477,1734,1798.41,6.07572
806,1029,1087,1496.80,5.05676
807,1069,221,1091.61,3.68786
808,1353,-111,1357.55,4.58630
809,1140,171,1152.75,3.89444
810,1045,276,1080.83,3.65146
811,1617,500,1692.54,5.71804
812,1254,682,1427.46,4.82250
813,472,780,911.69,3.08004
814,192,375,421.29,1.42329
815,145,-126,192.10,0.64897
816,319,-488,583.01,1.96964
817,364,-442,572.59,1.93443
818,305,-656,723.44,2.44404
819,-160,-1104,1115.53,3.76870
820,184,-998,1014.82,3.42845
821,1063,-563,1202.89,4.06381
822,1301,-290,1332.93,4.50314
823,505,-82,511.61,1.72843
824,-607,-19,607.30,2.05168
825,-384,-163,417.16,1.40933
826,512,37,513.34,1.73424
827,1209,-18,1209.13,4.08491
828,1280,-469,1363.22,4.60546
829,1414,-340,1454.30,4.91318
830,1320,380,1373.61,4.64057
831,445,1074,1162.54,3.92750
832,-525,458,696.70,2.35371
833,-216,-711,743.09,2.51043
834,572,-548,792.14,2.67615
835,1171,146,1180.07,3.98671
836,929,599,1105.37,3.73436
837,326,258,415.74,1.40453
838,22,-777,777.31,2.62605
839,437,-1154,1233.97,4.16882
840,827,-662,1059.33,3.57881
841,752,-228,785.80,2.65474
842,429,-299,522.92,1.76661
843,390,-602,717.29,2.42327
844,766,-645,1001.39,3.38307
845,355,-21,355.62,1.20142
846,-173,134,218.83,0.73928
847,-208,-89,226.24,0.76433
848,151,-29,153.76,0.51946
849,439,87,447.54,1.51195
850,406,173,441.32,1.49095
# END
# FRAME,42,RX_TS,265895600658,FP_INDEX,750.8906,FP_INT,750,RXPACC,260,RXPWR,-69.20,STD_NOISE,152.00,NTM,13,NOISE_THRESH,1976.00,PEAK_IDX,753,PEAK_AMPL,16680,START,700,elapsed_s,4.1686
sample,real,imag,amplitude,amplitude_norm
700,74,-23,77.49,0.29805
701,58,190,198.66,0.76406
702,-41,253,256.30,0.98577
703,-16,-97,98.31,0.37812
704,261,-770,813.03,3.12705
705,194,-917,937.30,3.60499
706,245,-813,849.11,3.26582
707,-55,71,89.81,0.34543
708,-146,653,669.12,2.57355
709,54,327,331.43,1.27473
710,370,5,370.03,1.42321
711,190,-17,190.76,0.73369
712,-171,-142,222.27,0.85489
713,0,-231,231.00,0.88846
714,30,-349,350.29,1.34726
715,-47,-129,137.30,0.52806
716,34,190,193.02,0.74238
717,54,261,266.53,1.02511
718,208,117,238.65,0.91788
719,-95,-275,290.95,1.11903
720,160,-769,785.47,3.02103
721,244,-784,821.09,3.15805
722,213,-636,670.72,2.57969
723,19,159,160.13,0.61589
724,-106,576,585.67,2.25259
725,120,66,136.95,0.52674
726,226,-276,356.72,1.37202
727,260,-261,368.40,1.41694
728,-20,-542,542.37,2.08603
729,-154,-725,741.18,2.85067
730,-245,-598,646.24,2.48555
731,129,-7,129.19,0.49688
732,197,563,596.47,2.29412
733,-15,297,297.38,1.14376
734,-82,201,217.08,0.83493
735,-148,698,713.52,2.74430
736,-168,1138,1150.33,4.42436
737,-78,1058,1060.87,4.08027
738,-142,908,919.04,3.53476
739,87,93,127.35,0.48981
740,51,-367,370.53,1.42510
741,-72,202,214.45,0.82480
742,-5,607,607.02,2.33469
743,104,757,764.11,2.93889
744,236,962,990.53,3.80971
745,-74,1082,1084.53,4.17126
746,-109,995,1000.95,3.84982
747,221,253,335.93,1.29204
748,24,-243,244.18,0.93916
749,-336,-94,348.90,1.34193
750,-2111,-44,2111.46,8.12099
751,-9608,-1046,9664.77,37.17219
752,-16108,-1205,16153.01,62.12696
753,-16493,-593,16503.66,63.47560
754,-14984,-946,15013.83,57.74551
755,664,-1528,1666.04,6.40784
756,11174,-1354,11255.74,43.29129
757,3744,-613,3793.85,14.59173
758,-2924,200,2930.83,11.27243
759,-540,949,1091.88,4.19954
760,2257,1518,2720.00,10.46152
761,1595,1388,2114.37,8.13220
762,681,962,1178.65,4.53325
763,706,359,792.03,3.04628
764,1235,224,1255.15,4.82750
765,1796,-105,1799.07,6.91949
766,1422,-738,1602.10,6.16193
767,714,-596,930.06,3.57715
768,465,630,783.02,3.01163
769,856,1318,1571.58,6.04453
770,1372,701,1540.71,5.92580
771,1926,-632,2027.04,7.79632
772,741,-91,746.57,2.87141
773,-1292,1665,2107.48,8.10571
774,-970,812,1265.01,4.86541
775,1425,-1962,2424.89,9.32648
776,1674,-1817,2470.58,9.50223
777,629,912,1107.87,4.26105
778,-365,2642,2667.09,10.25805
779,-96,1342,1345.43,5.17473
780,857,-469,976.94,3.75746
781,1915,-755,2058.46,7.91715
782,3282,428,3309.79,12.72996
783,3611,899,3721.23,14.31241
784,1612,-157,1619.63,6.22934
785,62,-1063,1064.81,4.09541
786,-990,-1380,1698.38,6.53224
787,-1016,-1193,1567.01,6.02694
788,1153,-1830,2162.94,8.31900
789,4713,-2760,5461.68,21.00647
790,5964,-1920,6265.44,24.09783
791,3111,-410,3137.90,12.06885
792,-43,33,54.20,0.20847
793,-517,-340,618.78,2.37992
794,-328,-494,592.98,2.28068
795,-115,-99,151.74,0.58363
796,222,-30,224.02,0.86161
797,187,-415,455.19,1.75071
798,143,-546,564.42,2.17083
799,371,-453,585.53,2.25205
800,612,-416,740.00,2.84615
801,293,-590,658.75,2.53365
802,-454,-501,676.10,2.60040
803,-1344,569,1459.49,5.61340
804,-1201,1417,1857.50,7.14421
805,-395,1337,1394.13,5.36203
806,340,703,780.90,3.00347
807,783,708,1055.63,4.06011
808,517,900,1037.93,3.99202
809,477,814,943.46,3.62871
810,548,1205,1323.76,5.09137
811,249,954,985.96,3.79215
812,-285,598,662.44,2.54785
813,-292,323,435.42,1.67470
814,-21,8,22.47,0.08643
815,375,-78,383.03,1.47318
816,641,17,641.23,2.46625
817,802,20,802.25,3.08557
818,842,-505,981.83,3.77627
819,763,-408,865.24,3.32783
820,733,407,838.41,3.22467
821,772,749,1075.63,4.13705
822,460,320,560.36,2.15522
823,-58,-374,378.47,1.45566
824,-37,-232,234.93,0.90358
825,209,422,470.92,1.81123
826,628,717,953.14,3.66592
827,1100,522,1217.57,4.68297
828,1033,728,1263.75,4.86059
829,446,1155,1238.12,4.76200
830,-600,922,1100.04,4.23092
831,-558,-162,581.04,2.23477
832,410,-648,766.81,2.94929
833,748,28,748.52,2.87894
834,514,854,996.75,3.83366
835,-26,1001,1001.34,3.85130
836,-6,208,208.09,0.80033
837,782,-621,998.58,3.84070
838,1393,-481,1473.71,5.66810
839,1059,62,1060.81,4.08005
840,515,238,567.34,2.18206
841,362,-5,362.03,1.39244
842,626,-180,651.36,2.50525
843,894,78,897.40,3.45152
844,278,215,351.44,1.35169
845,-97,17,98.48,0.37876
846,-76,-76,107.48,0.41339
847,115,96,149.80,0.57617
848,132,211,248.89,0.95726
849,89,330,341.79,1.31458
# END
# FRAME,43,RX_TS,272285344178,FP_INDEX,748.6406,FP_INT,748,RXPACC,262,RXPWR,-69.04,STD_NOISE,116.00,NTM,13,NOISE_THRESH,1508.00,PEAK_IDX,750,PEAK_AMPL,17316,START,698,elapsed_s,4.2691
sample,real,imag,amplitude,amplitude_norm
698,58,-33,66.73,0.25470
699,139,255,290.42,1.10849
700,-22,242,243.00,0.92747
701,89,-238,254.10,0.96983
702,351,-824,895.64,3.41849
703,261,-939,974.60,3.71984
704,200,-467,508.02,1.93903
705,-83,439,446.78,1.70526
706,-117,581,592.66,2.26207
707,128,179,220.06,0.83991
708,431,31,432.11,1.64929
709,133,-82,156.25,0.59636
710,-107,-271,291.36,1.11206
711,50,-290,294.28,1.12320
712,150,-326,358.85,1.36967
713,29,16,33.12,0.12642
714,-9,222,222.18,0.84802
715,80,159,177.99,0.67936
716,240,10,240.21,0.91683
717,129,-572,586.37,2.23804
718,334,-848,911.41,3.47865
719,269,-862,903.00,3.44656
720,166,-390,423.86,1.61778
721,-63,499,502.96,1.91970
722,-122,534,547.76,2.09068
723,202,-80,217.26,0.82926
724,314,-228,388.05,1.48109
725,255,-253,359.21,1.37104
726,112,-626,635.94,2.42725
727,-100,-776,782.42,2.98632
728,-120,-360,379.47,1.44837
729,82,393,401.46,1.53230
730,44,551,552.75,2.10975
731,-25,179,180.74,0.68984
732,-58,225,232.36,0.88685
733,-212,785,813.12,3.10352
734,-231,1167,1189.64,4.54062
735,-252,1071,1100.25,4.19942
736,-117,578,589.72,2.25085
737,181,-290,341.85,1.30477
738,49,-230,235.16,0.89756
739,-198,370,419.65,1.60171
740,-2,688,688.00,2.62597
741,22,951,951.25,3.63074
742,-6,970,970.02,3.70236
743,-298,969,1013.79,3.86942
744,-115,589,600.12,2.29054
745,159,-129,204.75,0.78148
746,82,-337,346.83,1.32379
747,-273,-106,292.86,1.11777
748,-3063,-629,3126.92,11.93480
749,-11703,-2957,12070.79,46.07173
750,-16417,-3513,16788.66,64.07885
751,-16506,-3102,16794.95,64.10287
752,-9124,-2464,9450.86,36.07197
753,8421,-258,8424.95,32.15630
754,10851,373,10857.41,41.44049
755,1078,-245,1105.49,4.21943
756,-3060,-36,3060.21,11.68020
757,265,1324,1350.26,5.15366
758,2053,1919,2810.23,10.72605
759,1182,1442,1864.53,7.11654
760,290,698,755.85,2.88491
761,603,367,705.90,2.69428
762,1519,513,1603.29,6.11942
763,1924,-102,1926.70,7.35382
764,1229,-633,1382.44,5.27647
765,628,-248,675.19,2.57708
766,408,943,1027.48,3.92168
767,802,1439,1647.40,6.28778
768,1687,361,1725.19,6.58471
769,2049,-782,2193.15,8.37082
770,725,103,732.28,2.79496
771,-1094,1022,1497.10,5.71414
772,-387,-711,809.50,3.08969
773,1632,-2881,3311.13,12.63790
774,1531,-1114,1893.40,7.22671
775,203,2157,2166.53,8.26920
776,-751,3088,3178.01,12.12981
777,-36,805,805.80,3.07559
778,1053,-847,1351.38,5.15793
779,2178,-563,2249.59,8.58622
780,3362,463,3393.73,12.95317
781,2956,462,2991.89,11.41941
782,1316,-354,1362.78,5.20145
783,-16,-941,941.14,3.59212
784,-1247,-1223,1746.64,6.66655
785,-468,-1329,1408.99,5.37784
786,2636,-2038,3331.96,12.71739
787,5899,-1938,6209.19,23.69920
788,5652,-647,5688.91,21.71340
789,1967,40,1967.41,7.50919
790,-349,-124,370.37,1.41364
791,-414,-424,592.60,2.26182
792,-152,-239,283.24,1.08107
793,249,415,483.97,1.84721
794,433,282,516.73,1.97226
795,71,-298,306.34,1.16924
796,-20,-543,543.37,2.07392
797,310,-499,587.45,2.24219
798,620,-393,734.06,2.80177
799,234,-478,532.20,2.03131
800,-844,-12,844.09,3.22170
801,-1540,814,1741.89,6.64845
802,-1024,1292,1648.59,6.29232
803,-147,1054,1064.20,4.06184
804,436,754,870.98,3.32436
805,633,844,1055.00,4.02672
806,312,912,963.89,3.67898
807,282,1014,1052.48,4.01711
808,186,1138,1153.10,4.40115
809,-251,573,625.56,2.38765
810,-317,282,424.28,1.61939
811,-98,137,168.44,0.64291
812,184,-55,192.04,0.73299
813,404,15,404.28,1.54305
814,533,243,585.78,2.23580
815,760,55,761.99,2.90835
816,812,-447,926.91,3.53781
817,737,-136,749.44,2.86047
818,736,578,935.83,3.57187
819,517,829,977.00,3.72901
820,141,132,193.15,0.73719
821,-49,-522,524.29,2.00112
822,20,-136,137.46,0.52467
823,203,569,604.13,2.30583
824,823,867,1195.42,4.56265
825,1057,673,1253.07,4.78270
826,646,906,1112.72,4.24703
827,-170,997,1011.39,3.86027
828,-803,477,933.99,3.56485
829,-246,-413,480.71,1.83478
830,683,-260,730.81,2.78937
831,697,460,835.11,3.18744
832,299,1047,1088.86,4.15594
833,-266,809,851.61,3.25041
834,190,37,193.57,0.73881
835,1043,-293,1083.37,4.13501
836,1394,64,1395.47,5.32622
837,843,385,926.75,3.53723
838,429,294,520.07,1.98502
839,405,-11,405.15,1.54637
840,801,48,802.44,3.06274
841,679,384,780.06,2.97734
842,73,320,328.22,1.25275
843,-187,-27,188.94,0.72114
844,20,-212,212.94,0.81275
845,203,100,226.29,0.86372
846,173,296,342.85,1.30858
847,21,346,346.64,1.32304
# END
# FRAME,44,RX_TS,278675138886,FP_INDEX,747.8281,FP_INT,747,RXPACC,265,RXPWR,-69.03,STD_NOISE,124.00,NTM,13,NOISE_THRESH,1612.00,PEAK_IDX,750,PEAK_AMPL,17682,START,697,elapsed_s,4.3765
sample,real,imag,amplitude,amplitude_norm
697,-41,20,45.62,0.17214
698,124,-126,176.78,0.66710
699,237,-44,241.05,0.90962
700,-166,72,180.94,0.68280
701,-810,185,830.86,3.13531
702,-909,195,929.68,3.50823
703,-593,55,595.55,2.24734
704,304,-93,317.91,1.19965
705,596,-185,624.05,2.35491
706,169,-147,223.99,0.84523
707,-140,-246,283.05,1.06810
708,-86,-72,112.16,0.42325
709,-158,289,329.37,1.24291
710,-237,174,294.02,1.10949
711,-359,137,384.25,1.45001
712,-77,101,127.00,0.47926
713,220,-25,221.42,0.83553
714,226,-59,233.57,0.88141
715,16,-151,151.85,0.57300
716,-364,199,414.85,1.56546
717,-812,151,825.92,3.11668
718,-881,136,891.44,3.36391
719,-611,91,617.74,2.33109
720,375,-61,379.93,1.43369
721,708,-58,710.37,2.68065
722,6,-50,50.36,0.19003
723,-303,-72,311.44,1.17523
724,-398,-49,401.00,1.51323
725,-615,213,650.84,2.45600
726,-692,400,799.29,3.01619
727,-402,347,531.05,2.00396
728,262,-178,316.75,1.19527
729,624,-220,661.65,2.49678
730,335,-14,335.29,1.26525
731,228,-25,229.37,0.86553
732,726,-92,731.81,2.76153
733,1181,-147,1190.11,4.49099
734,1107,-146,1116.59,4.21353
735,740,-103,747.13,2.81937
736,-236,-82,249.84,0.94279
737,-394,-50,397.16,1.49872
738,344,62,349.54,1.31903
739,646,-94,652.80,2.46341
740,731,-199,757.60,2.85888
741,871,-375,948.30,3.57848
742,1038,-90,1041.89,3.93168
743,756,-87,760.99,2.87166
744,-18,5,18.68,0.07050
745,-326,127,349.86,1.32024
746,51,393,396.30,1.49545
747,552,2399,2461.69,9.28939
748,1871,10407,10573.85,39.90132
749,4145,16255,16775.16,63.30250
750,5053,16471,17228.66,65.01380
751,2740,12161,12465.85,47.04096
752,-3101,-4938,5830.96,22.00361
753,-4676,-11094,12039.18,45.43086
754,-1291,-2396,2721.67,10.27046
755,1161,3093,3303.72,12.46687
756,1215,61,1216.53,4.59068
757,944,-2566,2734.13,10.31749
758,952,-1931,2152.92,8.12423
759,678,-705,978.12,3.69100
760,161,-489,514.82,1.94273
761,-143,-1362,1369.49,5.16787
762,-831,-1743,1930.96,7.28664
763,-1089,-951,1445.79,5.45583
764,-562,-491,746.27,2.81613
765,626,-612,875.45,3.30360
766,1102,-1137,1583.41,5.97512
767,-100,-1529,1532.27,5.78214
768,-1848,-1324,2273.34,8.57865
769,-1338,-587,1461.10,5.51358
770,694,284,749.86,2.82967
771,313,716,781.42,2.94877
772,-2197,174,2203.88,8.31653
773,-1773,-519,1847.40,6.97132
774,1148,-874,1442.84,5.44467
775,3211,-532,3254.77,12.28216
776,1392,-108,1396.18,5.26862
777,-711,-676,981.07,3.70215
778,-1141,-2024,2323.46,8.76777
779,-327,-3826,3839.95,14.49037
780,-72,-3591,3591.72,13.55367
781,-685,-1279,1450.88,5.47504
782,-1152,374,1211.19,4.57053
783,-991,1667,1939.32,7.31820
784,-695,1317,1489.13,5.61937
785,-2219,-704,2328.00,8.78490
786,-3984,-4024,5662.58,21.36823
787,-3314,-5179,6148.55,23.20207
788,-1040,-2489,2697.54,10.17940
789,57,357,361.52,1.36423
790,-227,747,780.73,2.94615
791,-620,495,793.36,2.99382
792,-165,-342,379.72,1.43291
793,204,-659,689.85,2.60322
794,138,-50,146.78,0.55388
795,-335,406,526.37,1.98629
796,-658,119,668.67,2.52330
797,-754,-309,814.86,3.07494
798,-650,-49,651.84,2.45979
799,-10,786,786.06,2.96628
800,1163,1154,1638.38,6.18256
801,1694,667,1820.58,6.87013
802,1404,-99,1407.49,5.31127
803,670,-521,848.73,3.20275
804,364,-780,860.75,3.24813
805,452,-574,730.60,2.75699
806,550,-535,767.28,2.89541
807,901,-581,1072.08,4.04560
808,713,-97,719.57,2.71535
809,532,121,545.59,2.05882
810,269,-26,270.25,1.01982
811,-29,-98,102.20,0.38566
812,-75,-200,213.60,0.80604
813,-28,-433,433.90,1.63737
814,-143,-681,695.85,2.62586
815,-635,-643,903.70,3.41019
816,-469,-465,660.44,2.49224
817,73,-625,629.25,2.37452
818,409,-750,854.27,3.22367
819,143,-288,321.55,1.21339
820,-331,235,405.94,1.53184
821,-179,9,179.23,0.67632
822,349,-364,504.28,1.90294
823,527,-1024,1151.65,4.34586
824,231,-1202,1224.00,4.61885
825,511,-1076,1191.17,4.49500
826,878,-580,1052.28,3.97085
827,826,412,923.05,3.48321
828,-83,571,577.00,2.17736
829,-513,-277,583.01,2.20003
830,145,-820,832.72,3.14234
831,847,-703,1100.74,4.15372
832,837,-95,842.37,3.17877
833,72,-96,120.00,0.45283
834,-653,-662,929.87,3.50893
835,-524,-1022,1148.50,4.33398
836,-200,-740,766.55,2.89264
837,79,-398,405.76,1.53119
838,-75,-307,316.03,1.19256
839,-255,-654,701.96,2.64889
840,65,-813,815.59,3.07771
841,287,-339,444.17,1.67613
842,99,1,99.01,0.37360
843,-35,6,35.51,0.13400
844,50,-67,83.60,0.31547
845,164,-157,227.04,0.85674
846,303,-69,310.76,1.17267
# END
# FRAME,45,RX_TS,285065000654,FP_INDEX,753.3281,FP_INT,753,RXPACC,262,RXPWR,-68.93,STD_NOISE,124.00,NTM,13,NOISE_THRESH,1612.00,PEAK_IDX,755,PEAK_AMPL,17673,START,703,elapsed_s,4.4646
sample,real,imag,amplitude,amplitude_norm
703,-21,124,125.77,0.48002
704,-242,144,281.60,1.07482
705,-118,64,134.24,0.51236
706,663,0,663.00,2.53053
707,971,-42,971.91,3.70957
708,954,-92,958.43,3.65811
709,181,65,192.32,0.73404
710,-522,92,530.05,2.02307
711,-383,159,414.69,1.58280
712,58,242,248.85,0.94982
713,184,236,299.25,1.14218
714,168,-118,205.30,0.78359
715,237,-133,271.77,1.03728
716,289,-44,292.33,1.11576
717,217,-10,217.23,0.82912
718,-24,77,80.65,0.30784
719,-146,173,226.37,0.86402
720,-75,177,192.23,0.73372
721,175,52,182.56,0.69680
722,688,-155,705.24,2.69177
723,942,-30,942.48,3.59724
724,897,-128,906.09,3.45835
725,154,14,154.64,0.59021
726,-582,190,612.23,2.33675
727,-384,104,397.83,1.51845
728,299,120,322.18,1.22970
729,327,21,327.67,1.25066
730,507,-128,522.91,1.99583
731,761,-255,802.59,3.06331
732,694,-401,801.52,3.05924
733,225,-72,236.24,0.90168
734,-470,281,547.60,2.09006
735,-431,94,441.13,1.68371
736,-140,-48,148.00,0.56489
737,-456,45,458.22,1.74891
738,-993,20,993.20,3.79085
739,-1108,234,1132.44,4.32229
740,-946,217,970.57,3.70446
741,-138,212,252.96,0.96549
742,504,62,507.80,1.93816
743,130,-41,136.31,0.52028
744,-394,71,400.35,1.52804
745,-613,204,646.05,2.46585
746,-838,394,926.00,3.53436
747,-914,279,955.63,3.64746
748,-1001,79,1004.11,3.83249
749,-298,108,316.97,1.20980
750,341,-53,345.09,1.31715
751,185,-189,264.47,1.00944
752,-321,-830,889.91,3.39661
753,-1039,-5379,5478.43,20.91003
754,-3031,-14472,14786.00,56.43511
755,-4697,-16478,17134.36,65.39832
756,-4625,-15981,16636.80,63.49923
757,139,-3880,3882.49,14.81866
758,4809,10546,11590.71,44.23936
759,3428,7514,8259.02,31.52297
760,-112,-1349,1353.64,5.16657
761,-1226,-2165,2488.03,9.49630
762,-990,1990,2222.66,8.48342
763,-824,2636,2761.79,10.54117
764,-644,1247,1403.48,5.35678
765,-325,440,547.01,2.08784
766,51,919,920.41,3.51303
767,467,1662,1726.36,6.58918
768,1073,1414,1775.03,6.77492
769,1044,648,1228.76,4.68991
770,117,505,518.38,1.97854
771,-961,972,1366.86,5.21702
772,-798,1467,1670.00,6.37404
773,889,1644,1868.97,7.13348
774,1899,956,2126.06,8.11474
775,556,183,585.34,2.23413
776,-260,-60,266.83,1.01845
777,1410,848,1645.36,6.27999
778,2334,1125,2590.98,9.88924
779,291,958,1001.22,3.82146
780,-2155,716,2270.83,8.66730
781,-2126,511,2186.55,8.34561
782,-181,629,654.52,2.49818
783,1015,903,1358.54,5.18527
784,1129,2010,2305.37,8.79913
785,698,3369,3440.55,13.13186
786,690,2392,2489.53,9.50203
787,871,542,1025.87,3.91553
788,993,-955,1377.71,5.25842
789,669,-1759,1881.93,7.18292
790,1428,-486,1508.44,5.75739
791,3304,2535,4164.45,15.89485
792,3951,4925,6313.95,24.09906
793,2376,4146,4778.57,18.23880
794,454,858,970.71,3.70500
795,130,-586,600.25,2.29102
796,531,-626,820.88,3.13311
797,335,-92,347.40,1.32597
798,-214,604,640.79,2.44576
799,-275,467,541.95,2.06853
800,-6,-231,231.08,0.88198
801,495,-401,637.04,2.43147
802,862,-35,862.71,3.29279
803,965,215,988.66,3.77351
804,624,-219,661.31,2.52410
805,-515,-848,992.13,3.78677
806,-1578,-837,1786.24,6.81771
807,-1550,-42,1550.57,5.91820
808,-926,523,1063.49,4.05911
809,-520,909,1047.23,3.99704
810,-546,726,908.40,3.46718
811,-501,534,732.23,2.79476
812,-585,729,934.70,3.56756
813,-613,827,1029.42,3.92907
814,-642,222,679.30,2.59275
815,-468,-41,469.79,1.79310
816,-99,90,133.79,0.51067
817,25,262,263.19,1.00454
818,-39,380,382.00,1.45800
819,-27,516,516.71,1.97216
820,559,549,783.51,2.99048
821,818,534,976.87,3.72852
822,385,656,760.63,2.90318
823,-263,899,936.68,3.57512
824,-364,487,608.00,2.32061
825,53,-103,115.84,0.44212
826,376,-195,423.56,1.61663
827,-96,177,201.36,0.76854
828,-572,764,954.40,3.64275
829,-296,1339,1371.33,5.23407
830,-229,1303,1322.97,5.04950
831,-710,861,1115.98,4.25948
832,-990,-11,990.06,3.77886
833,-350,-582,679.13,2.59212
834,534,-42,535.65,2.04446
835,427,735,850.03,3.24440
836,-320,767,831.08,3.17205
837,-804,517,955.88,3.64839
838,-621,276,679.57,2.59378
839,291,517,593.27,2.26439
840,713,871,1125.62,4.29624
841,453,950,1052.48,4.01709
842,42,524,525.68,2.00641
843,12,538,538.13,2.05395
844,113,536,547.78,2.09077
845,136,841,851.93,3.25162
846,-188,631,658.41,2.51302
847,-63,128,142.66,0.54452
848,154,-11,154.39,0.58928
849,153,66,166.63,0.63599
850,-81,277,288.60,1.10153
851,-268,221,347.37,1.32583
852,-395,249,466.93,1.78219
# END
# FRAME,46,RX_TS,291454795309,FP_INDEX,751.6875,FP_INT,751,RXPACC,271,RXPWR,-68.79,STD_NOISE,148.00,NTM,13,NOISE_THRESH,1924.00,PEAK_IDX,754,PEAK_AMPL,18455,START,701,elapsed_s,4.5687
sample,real,imag,amplitude,amplitude_norm
701,-28,53,59.94,0.22119
702,35,-240,242.54,0.89498
703,69,-292,300.04,1.10716
704,-159,315,352.85,1.30204
705,-484,865,991.20,3.65757
706,-520,931,1066.38,3.93497
707,-537,492,728.31,2.68748
708,134,-251,284.53,1.04992
709,337,-473,580.77,2.14308
710,-11,-230,230.26,0.84968
711,-360,-6,360.05,1.32860
712,-158,199,254.10,0.93763
713,88,417,426.18,1.57264
714,-48,367,370.13,1.36578
715,-103,339,354.30,1.30739
716,2,30,30.07,0.11095
717,115,-190,222.09,0.81953
718,168,-131,213.04,0.78612
719,65,75,99.25,0.36623
720,-165,521,546.50,2.01662
721,-555,754,936.24,3.45475
722,-516,869,1010.65,3.72934
723,-350,498,608.69,2.24609
724,186,-336,384.05,1.41715
725,266,-433,508.18,1.87520
726,-218,66,227.77,0.84049
727,-318,189,369.93,1.36504
728,-261,288,388.67,1.43421
729,-202,747,773.83,2.85546
730,-82,853,856.93,3.16211
731,-5,670,670.02,2.47239
732,-70,-199,210.95,0.77842
733,167,-444,474.37,1.75044
734,292,-135,321.70,1.18707
735,327,-238,404.44,1.49240
736,569,-687,892.04,3.29165
737,608,-903,1088.61,4.01701
738,572,-879,1048.73,3.86984
739,467,-629,783.41,2.89081
740,-83,138,161.04,0.59423
741,-153,266,306.86,1.13234
742,226,-223,317.50,1.17158
743,199,-622,653.06,2.40981
744,242,-818,853.05,3.14777
745,346,-904,967.95,3.57178
746,669,-855,1085.63,4.00600
747,386,-639,746.54,2.75475
748,-109,-20,110.82,0.40893
749,40,303,305.63,1.12778
750,562,250,615.10,2.26973
751,3197,1533,3545.55,13.08320
752,11314,6060,12834.73,47.36061
753,16201,8205,18160.24,67.01197
754,16472,8024,18322.43,67.61044
755,11752,6345,13355.47,49.28217
756,-5315,-441,5333.26,19.67994
757,-10242,-2930,10652.86,39.30945
758,-1357,18,1357.12,5.00782
759,3054,1031,3223.33,11.89422
760,-23,-1383,1383.19,5.10403
761,-1595,-2479,2947.79,10.87745
762,-791,-1776,1944.19,7.17412
763,-334,-963,1019.28,3.76117
764,-656,-491,819.40,3.02362
765,-1044,-649,1229.28,4.53610
766,-1647,-289,1672.16,6.17034
767,-1344,363,1392.16,5.13712
768,-665,162,684.45,2.52564
769,-115,-1087,1093.07,4.03345
770,-302,-1764,1789.66,6.60393
771,-1258,-936,1568.01,5.78602
772,-1728,487,1795.31,6.62478
773,-330,815,879.28,3.24456
774,944,601,1119.08,4.12944
775,-765,1477,1663.36,6.13785
776,-2844,2054,3508.17,12.94527
777,-1401,23,1401.19,5.17044
778,967,-2439,2623.70,9.68156
779,1805,-2615,3177.46,11.72494
780,276,-722,772.96,2.85223
781,-1391,139,1397.93,5.15840
782,-2327,-676,2423.20,8.94170
783,-3225,-2339,3983.91,14.70078
784,-2886,-1819,3411.42,12.58825
785,-1406,159,1414.96,5.22126
786,-350,1296,1342.43,4.95361
787,541,1753,1834.58,6.76967
788,269,1303,1330.48,4.90951
789,-2510,1174,2770.99,10.22505
790,-5894,559,5920.45,21.84667
791,-5900,-315,5908.40,21.80223
792,-2000,-298,2022.08,7.46155
793,386,428,576.35,2.12675
794,369,942,1011.69,3.73319
795,208,1023,1043.93,3.85215
796,53,290,294.80,1.08784
797,-412,-283,499.83,1.84440
798,-236,-258,349.66,1.29025
799,-137,158,209.12,0.77168
800,-311,602,677.59,2.50032
801,-684,680,964.50,3.55903
802,-448,623,767.35,2.83157
803,466,402,615.43,2.27098
804,1616,-103,1619.28,5.97520
805,1468,-777,1660.95,6.12896
806,612,-1078,1239.61,4.57420
807,-239,-1021,1048.60,3.86937
808,-415,-971,1055.97,3.89656
809,-191,-704,729.45,2.69170
810,-195,-707,733.40,2.70627
811,-81,-1138,1140.88,4.20989
812,310,-645,715.63,2.64070
813,517,-353,626.02,2.31003
814,180,-243,302.41,1.11589
815,-190,-252,315.60,1.16458
816,-234,-246,339.52,1.25283
817,-302,-222,374.82,1.38309
818,-621,-19,621.29,2.29259
819,-862,296,911.41,3.36312
820,-771,-198,796.02,2.93734
821,-536,-825,983.83,3.63037
822,-172,-691,712.08,2.62762
823,-40,98,105.85,0.39059
824,-110,562,572.66,2.11315
825,36,-12,37.95,0.14003
826,68,-702,705.29,2.60253
827,-339,-1067,1119.56,4.13121
828,-843,-945,1266.36,4.67292
829,-544,-1178,1297.54,4.78798
830,342,-1095,1147.17,4.23308
831,885,-427,982.63,3.62593
832,165,309,350.29,1.29260
833,-764,124,774.00,2.85608
834,-555,-473,729.21,2.69083
835,-102,-893,898.81,3.31663
836,164,-724,742.34,2.73927
837,-265,-219,343.78,1.26857
838,-917,124,925.35,3.41456
839,-1049,-87,1052.60,3.88414
840,-652,-257,700.82,2.58606
841,-430,-335,545.09,2.01141
842,-331,-298,445.38,1.64348
843,-612,-365,712.58,2.62944
844,-479,-369,604.65,2.23118
845,-73,-68,99.76,0.36814
846,80,184,200.64,0.74037
847,110,190,219.54,0.81013
848,-72,-172,186.46,0.68805
849,-106,-349,364.74,1.34591
850,32,-510,511.00,1.88562
# END
# FRAME,47,RX_TS,297844589941,FP_INDEX,748.3281,FP_INT,748,RXPACC,264,RXPWR,-69.57,STD_NOISE,156.00,NTM,13,NOISE_THRESH,2028.00,PEAK_IDX,751,PEAK_AMPL,16507,START,698,elapsed_s,4.6795
sample,real,imag,amplitude,amplitude_norm
698,33,-49,59.08,0.22377
699,271,-36,273.38,1.03553
700,131,65,146.24,0.55394
701,-570,-97,578.19,2.19013
702,-971,-137,980.62,3.71446
703,-1026,-114,1032.31,3.91028
704,-406,-183,445.34,1.68688
705,466,140,486.58,1.84309
706,523,0,523.00,1.98106
707,150,-138,203.82,0.77206
708,-57,-278,283.78,1.07494
709,-144,29,146.89,0.55641
710,-282,155,321.79,1.21890
711,-258,17,258.56,0.97939
712,-182,124,220.23,0.83419
713,60,-20,63.25,0.23957
714,204,-23,205.29,0.77762
715,115,-69,134.11,0.50800
716,-61,30,67.98,0.25749
717,-576,38,577.25,2.18656
718,-819,-153,833.17,3.15594
719,-811,-52,812.67,3.07828
720,-282,-58,287.90,1.09054
721,484,141,504.12,1.90955
722,349,88,359.92,1.36335
723,-225,-182,289.39,1.09619
724,-219,-281,356.26,1.34947
725,-404,-88,413.47,1.56619
726,-748,80,752.27,2.84949
727,-672,278,727.23,2.75467
728,-321,151,354.74,1.34372
729,365,-135,389.17,1.47411
730,429,25,429.73,1.62776
731,92,153,178.53,0.67625
732,373,141,398.76,1.51046
733,1001,251,1031.99,3.90905
734,1109,199,1126.71,4.26785
735,997,205,1017.86,3.85552
736,579,121,591.51,2.24056
737,-251,-85,265.00,1.00380
738,-221,124,253.41,0.95989
739,346,116,364.93,1.38230
740,688,-125,699.26,2.64872
741,949,-182,966.29,3.66021
742,1004,-107,1009.69,3.82457
743,1032,208,1052.75,3.98770
744,614,-12,614.12,2.32620
745,-131,-69,148.06,0.56084
746,-193,227,297.96,1.12862
747,-25,767,767.41,2.90685
748,-282,5132,5139.74,19.46872
749,-735,14328,14346.84,54.34409
750,57,16505,16505.10,62.51932
751,324,16444,16447.19,62.29997
752,-958,8915,8966.33,33.96335
753,-1992,-8711,8935.86,33.84795
754,-1415,-8631,8746.22,33.12962
755,-98,776,782.16,2.96274
756,751,2629,2734.16,10.35667
757,1399,-1462,2023.52,7.66486
758,1491,-2246,2695.85,10.21155
759,1126,-1065,1549.87,5.87072
760,636,-649,908.68,3.44196
761,261,-892,929.40,3.52046
762,129,-1543,1548.38,5.86509
763,-453,-1652,1712.98,6.48857
764,-771,-922,1201.88,4.55259
765,-98,-476,485.98,1.84085
766,1130,-651,1304.11,4.93981
767,1317,-1116,1726.25,6.53883
768,-88,-1681,1683.30,6.37614
769,-1003,-1290,1634.05,6.18957
770,372,372,526.09,1.99276
771,916,1680,1913.49,7.24808
772,-1314,420,1379.49,5.22535
773,-2707,-1361,3029.88,11.47682
774,-280,-1119,1153.50,4.36932
775,2364,-223,2374.49,8.99430
776,2428,191,2435.50,9.22538
777,340,-321,467.59,1.77118
778,-838,-996,1301.64,4.93044
779,-562,-1870,1952.62,7.39631
780,109,-3028,3029.96,11.47713
781,-39,-2472,2472.31,9.36480
782,-660,-921,1133.07,4.29192
783,-1153,521,1265.25,4.79260
784,-1353,1527,2040.18,7.72796
785,-1546,371,1589.89,6.02232
786,-2640,-3014,4006.72,15.17696
787,-2876,-5783,6458.67,24.46467
788,-1469,-4804,5023.58,19.02872
789,-149,-1004,1015.00,3.84468
790,-151,605,623.56,2.36197
791,-599,558,818.64,3.10089
792,-584,473,751.52,2.84667
793,-40,-118,124.60,0.47195
794,50,-430,432.90,1.63976
795,-218,-274,350.14,1.32630
796,-510,-287,585.21,2.21670
797,-746,-295,802.21,3.03867
798,-729,-439,850.98,3.22340
799,-563,42,564.56,2.13850
800,120,960,967.47,3.66466
801,1050,1596,1910.42,7.23645
802,1400,853,1639.39,6.20982
803,1099,-213,1119.45,4.24034
804,843,-980,1292.69,4.89655
805,788,-766,1098.95,4.16270
806,619,-386,729.49,2.76322
807,750,-425,862.05,3.26533
808,1101,-629,1268.01,4.80306
809,939,-57,940.73,3.56337
810,839,367,915.76,3.46877
811,528,142,546.76,2.07107
812,93,-281,295.99,1.12117
813,26,-410,410.82,1.55615
814,27,-460,460.79,1.74542
815,-297,-691,752.12,2.84895
816,-577,-885,1056.48,4.00183
817,130,-1010,1018.33,3.85732
818,772,-840,1140.87,4.32148
819,547,-415,686.61,2.60080
820,-231,93,249.02,0.94325
821,-558,61,561.32,2.12623
822,211,-145,256.02,0.96977
823,880,-405,968.72,3.66941
824,840,-1012,1315.20,4.98181
825,613,-1311,1447.24,5.48195
826,1001,-897,1344.10,5.09130
827,1244,63,1245.59,4.71816
828,671,804,1047.21,3.96672
829,-291,165,334.52,1.26713
830,-320,-638,713.75,2.70361
831,181,-599,625.75,2.37026
832,715,-607,937.91,3.55269
833,801,-361,878.59,3.32800
834,102,-490,500.50,1.89585
835,-294,-679,739.92,2.80272
836,-125,-746,756.40,2.86515
837,183,-440,476.54,1.80507
838,136,-402,424.38,1.60751
839,-28,-347,348.13,1.31867
840,-13,-784,784.11,2.97011
841,239,-539,589.61,2.23338
842,115,0,115.00,0.43561
843,-80,155,174.43,0.66071
844,-35,38,51.66,0.19569
845,218,-147,262.93,0.99595
846,356,-95,368.46,1.39567
847,385,-98,397.28,1.50484
# END
# FRAME,48,RX_TS,304234374828,FP_INDEX,752.6719,FP_INT,752,RXPACC,265,RXPWR,-68.85,STD_NOISE,124.00,NTM,13,NOISE_THRESH,1612.00,PEAK_IDX,755,PEAK_AMPL,18068,START,702,elapsed_s,4.7668
sample,real,imag,amplitude,amplitude_norm
702,8,111,111.29,0.41995
703,-153,209,259.02,0.97742
704,-187,87,206.25,0.77829
705,429,-79,436.21,1.64609
706,1052,-76,1054.74,3.98016
707,1033,-113,1039.16,3.92137
708,536,49,538.24,2.03108
709,-422,162,452.03,1.70576
710,-561,130,575.87,2.17308
711,-75,116,138.13,0.52126
712,269,262,375.51,1.41700
713,198,103,223.19,0.84222
714,210,-210,296.98,1.12070
715,328,-44,330.94,1.24882
716,331,-61,336.57,1.27009
717,81,27,85.38,0.32219
718,-163,172,236.97,0.89421
719,-121,128,176.14,0.66468
720,-25,97,100.17,0.37800
721,489,-233,541.67,2.04405
722,966,-87,969.91,3.66004
723,947,-136,956.72,3.61025
724,461,-4,461.02,1.73969
725,-482,169,510.77,1.92743
726,-544,110,555.01,2.09438
727,120,43,127.47,0.48102
728,343,53,347.07,1.30970
729,427,18,427.38,1.61275
730,713,-211,743.57,2.80591
731,740,-401,841.67,3.17610
732,408,-269,488.70,1.84414
733,-261,281,383.51,1.44722
734,-462,294,547.61,2.06646
735,-166,14,166.59,0.62864
736,-232,-32,234.20,0.88376
737,-770,74,773.55,2.91905
738,-1056,271,1090.22,4.11403
739,-968,258,1001.79,3.78035
740,-480,245,538.91,2.03363
741,351,58,355.76,1.34249
742,244,-75,255.27,0.96327
743,-379,-72,385.78,1.45577
744,-610,224,649.83,2.45218
745,-758,479,896.66,3.38364
746,-796,563,974.98,3.67917
747,-1030,268,1064.30,4.01621
748,-542,181,571.42,2.15632
749,207,19,207.87,0.78442
750,328,-231,401.18,1.51388
751,-169,-523,549.63,2.07406
752,-978,-3122,3271.60,12.34566
753,-3229,-11903,12333.20,46.54038
754,-5809,-16427,17423.86,65.75040
755,-6398,-16449,17649.48,66.60180
756,-2418,-9290,9599.52,36.22461
757,4487,7211,8493.04,32.04920
758,5025,9628,10860.43,40.98277
759,756,764,1074.82,4.05591
760,-1426,-2787,3130.63,11.81370
761,-999,915,1354.71,5.11209
762,-677,2730,2812.69,10.61393
763,-698,1755,1888.71,7.12721
764,-456,656,798.92,3.01479
765,114,679,688.50,2.59813
766,488,1522,1598.32,6.03140
767,1095,1546,1894.50,7.14907
768,1224,691,1405.58,5.30408
769,590,491,767.58,2.89653
770,-666,827,1061.83,4.00691
771,-898,1431,1689.43,6.37520
772,563,1687,1778.47,6.71119
773,1834,1510,2375.64,8.96467
774,546,1092,1220.89,4.60714
775,-1077,305,1119.35,4.22398
776,644,63,647.07,2.44179
777,3276,383,3298.31,12.44646
778,1626,809,1816.14,6.85335
779,-1868,1110,2172.91,8.19965
780,-3219,623,3278.73,12.37258
781,-825,126,834.57,3.14931
782,1290,666,1451.78,5.47840
783,1512,2394,2831.50,10.68490
784,764,4243,4311.23,16.26881
785,494,3412,3447.58,13.00972
786,1081,819,1356.22,5.11780
787,1365,-815,1589.80,5.99923
788,939,-1875,2096.98,7.91315
789,879,-1057,1374.73,5.18767
790,2762,1158,2994.93,11.30162
791,4543,3849,5954.30,22.46904
792,3673,4267,5630.12,21.24572
793,1176,1616,1998.61,7.54192
794,17,-444,444.33,1.67670
795,431,-848,951.24,3.58960
796,567,-856,1026.75,3.87455
797,98,-103,142.17,0.53650
798,71,523,527.80,1.99169
799,384,183,425.38,1.60519
800,715,-83,719.80,2.71623
801,835,-44,836.16,3.15532
802,813,329,877.05,3.30961
803,583,-16,583.22,2.20083
804,-406,-791,889.11,3.35513
805,-1424,-1158,1835.41,6.92609
806,-1525,-515,1609.61,6.07401
807,-859,498,992.92,3.74686
808,-340,1090,1141.80,4.30867
809,-410,1094,1168.30,4.40870
810,-506,640,815.87,3.07874
811,-609,688,918.82,3.46723
812,-912,878,1265.95,4.77717
813,-1003,161,1015.84,3.83336
814,-1241,-335,1285.42,4.85064
815,-733,-322,800.61,3.02116
816,-6,166,166.11,0.62682
817,273,326,425.21,1.60457
818,251,358,437.22,1.64990
819,524,465,700.57,2.64367
820,846,505,985.26,3.71797
821,221,767,798.20,3.01209
822,-475,1144,1238.69,4.67431
823,-678,775,1029.71,3.88571
824,-80,124,147.57,0.55686
825,556,-390,679.14,2.56281
826,230,-105,252.83,0.95409
827,-500,543,738.14,2.78543
828,-462,1201,1286.80,4.85584
829,-143,1246,1254.18,4.73275
830,-441,1054,1142.54,4.31147
831,-965,431,1056.88,3.98821
832,-935,-441,1033.78,3.90107
833,109,-400,414.59,1.56447
834,682,395,788.13,2.97408
835,338,688,766.54,2.89261
836,-269,695,745.24,2.81223
837,-524,367,639.74,2.41411
838,63,283,289.93,1.09407
839,662,585,883.44,3.33374
840,680,960,1176.44,4.43938
841,237,754,790.37,2.98253
842,70,545,549.48,2.07350
843,207,361,416.14,1.57033
844,402,665,777.06,2.93232
845,132,550,565.62,2.13441
846,-90,38,97.69,0.36865
847,-1,-158,158.00,0.59624
848,96,-97,136.47,0.51499
849,-34,271,273.12,1.03066
850,-179,348,391.34,1.47675
851,-363,273,454.20,1.71396
# END
# FRAME,49,RX_TS,310624169421,FP_INDEX,749.1875,FP_INT,749,RXPACC,266,RXPWR,-68.75,STD_NOISE,120.00,NTM,13,NOISE_THRESH,1560.00,PEAK_IDX,751,PEAK_AMPL,18262,START,699,elapsed_s,4.8897
sample,real,imag,amplitude,amplitude_norm
699,203,114,232.82,0.87526
700,88,344,355.08,1.33488
701,119,29,122.48,0.46046
702,-137,-761,773.23,2.90689
703,-256,-961,994.51,3.73877
704,-152,-846,859.55,3.23138
705,154,4,154.05,0.57914
706,237,670,710.68,2.67174
707,39,459,460.65,1.73178
708,226,-5,226.06,0.84983
709,278,-173,327.43,1.23095
710,-120,-121,170.41,0.64065
711,-219,-223,312.55,1.17501
712,-80,-304,314.35,1.18177
713,-35,-103,108.78,0.40896
714,114,150,188.40,0.70829
715,144,246,285.05,1.07161
716,197,107,224.18,0.84279
717,-144,-151,208.66,0.78442
718,-203,-728,755.77,2.84125
719,-174,-934,950.07,3.57169
720,-170,-769,787.57,2.96078
721,164,144,218.25,0.82048
722,195,638,667.13,2.50803
723,80,278,289.28,1.08753
724,37,-284,286.40,1.07669
725,97,-267,284.07,1.06795
726,-138,-495,513.88,1.93187
727,-348,-638,726.74,2.73210
728,-392,-506,640.08,2.40631
729,33,18,37.59,0.14132
730,315,595,673.24,2.53097
731,125,409,427.68,1.60780
732,-6,204,204.09,0.76725
733,94,517,525.48,1.97547
734,335,1033,1085.96,4.08256
735,421,1095,1173.14,4.41031
736,272,949,987.21,3.71132
737,75,-45,87.46,0.32881
738,-82,-470,477.10,1.79361
739,-78,147,166.41,0.62561
740,178,469,501.64,1.88587
741,402,643,758.32,2.85084
742,600,761,969.08,3.64317
743,345,943,1004.13,3.77492
744,156,983,995.30,3.74173
745,99,149,178.89,0.67252
746,-108,-277,297.31,1.11771
747,-205,-51,211.25,0.79417
748,-1062,525,1184.68,4.45369
749,-6937,2160,7265.51,27.31393
750,-15423,5464,16362.28,61.51233
751,-16492,7108,17958.56,67.51337
752,-15047,6047,16216.61,60.96470
753,-139,-1504,1510.41,5.67823
754,10946,-6318,12638.51,47.51321
755,5195,-3098,6048.61,22.73912
756,-2167,1000,2386.61,8.97220
757,-1219,1440,1886.68,7.09278
758,2410,709,2512.13,9.44409
759,2356,639,2441.12,9.17714
760,1056,665,1247.94,4.69151
761,513,139,531.50,1.99811
762,1088,-215,1109.04,4.16932
763,1783,-746,1932.77,7.26606
764,1147,-1140,1617.16,6.07955
765,460,-944,1050.11,3.94779
766,474,223,523.84,1.96931
767,1164,934,1492.40,5.61052
768,1586,435,1644.57,6.18261
769,1458,-1357,1991.79,7.48792
770,1038,-1684,1978.21,7.43687
771,772,292,825.38,3.10292
772,60,453,456.96,1.71788
773,-189,-2387,2394.47,9.00177
774,-32,-3032,3032.17,11.39913
775,617,48,618.86,2.32656
776,773,3029,3126.08,11.75218
777,436,2048,2093.90,7.87179
778,306,-531,612.86,2.30398
779,674,-1682,1812.02,6.81209
780,1838,-1288,2244.37,8.43747
781,3064,-935,3203.49,12.04318
782,1874,-856,2060.25,7.74528
783,217,-918,943.30,3.54624
784,-1493,-902,1744.32,6.55759
785,-2119,-552,2189.72,8.23202
786,-362,-1729,1766.49,6.64094
787,2897,-3987,4928.36,18.52769
788,4561,-4276,6251.95,23.50358
789,3043,-2135,3717.27,13.97469
790,238,-40,241.34,0.90729
791,-652,138,666.44,2.50543
792,-786,-198,810.56,3.04720
793,-474,7,474.05,1.78215
794,398,197,444.09,1.66950
795,622,-61,624.98,2.34956
796,266,-355,443.60,1.66767
797,-22,-565,565.43,2.12567
798,317,-761,824.38,3.09919
799,396,-722,823.47,3.09575
800,-303,-91,316.37,1.18936
801,-1069,1230,1629.62,6.12639
802,-1054,1903,2175.39,8.17816
803,-29,1336,1336.31,5.02374
804,916,487,1037.41,3.90005
805,1324,279,1353.08,5.08676
806,990,547,1131.07,4.25213
807,773,515,928.85,3.49190
808,1002,709,1227.47,4.61455
809,749,869,1147.24,4.31294
810,-146,1202,1210.83,4.55201
811,-559,1162,1289.47,4.84762
812,-116,286,308.63,1.16026
813,518,-214,560.46,2.10701
814,601,-165,623.24,2.34300
815,556,-236,604.01,2.27073
816,567,-739,931.46,3.50171
817,898,-730,1157.28,4.35069
818,1300,77,1302.28,4.89578
819,1435,676,1586.25,5.96336
820,718,590,929.31,3.49366
821,-294,-57,299.47,1.12584
822,-286,-330,436.69,1.64168
823,221,248,332.18,1.24881
824,923,593,1097.08,4.12435
825,1267,125,1273.15,4.78628
826,1056,136,1064.72,4.00271
827,839,596,1029.14,3.86896
828,151,1027,1038.04,3.90241
829,-557,592,812.84,3.05580
830,-67,-344,350.46,1.31753
831,507,-462,685.92,2.57867
832,762,34,762.76,2.86751
833,674,646,933.59,3.50974
834,332,412,529.12,1.98917
835,275,-452,529.08,1.98903
836,626,-646,899.55,3.38177
837,870,-222,897.88,3.37548
838,610,176,634.88,2.38678
839,371,-69,377.36,1.41865
840,452,-325,556.71,2.09290
841,691,-171,711.84,2.67611
842,296,188,350.66,1.31826
843,-101,112,150.81,0.56697
844,52,-132,141.87,0.53336
845,197,-46,202.30,0.76052
846,354,177,395.78,1.48791
847,232,221,320.41,1.20456
848,344,331,477.39,1.79468
# END
# FRAME,50,RX_TS,317013957328,FP_INDEX,753.6094,FP_INT,753,RXPACC,274,RXPWR,-68.80,STD_NOISE,152.00,NTM,13,NOISE_THRESH,1976.00,PEAK_IDX,756,PEAK_AMPL,18636,START,703,elapsed_s,4.9520
sample,real,imag,amplitude,amplitude_norm
703,50,-29,57.80,0.21095
704,307,25,308.02,1.12415
705,252,129,283.10,1.03321
706,-372,-191,418.17,1.52616
707,-806,-610,1010.81,3.68909
708,-825,-582,1009.63,3.68477
709,-368,-446,578.22,2.11030
710,314,317,446.19,1.62843
711,462,439,637.31,2.32595
712,218,-4,218.04,0.79575
713,68,-249,258.12,0.94204
714,-81,-55,97.91,0.35733
715,-233,78,245.71,0.89675
716,-206,-58,214.01,0.78106
717,-220,-87,236.58,0.86342
718,22,-92,94.59,0.34523
719,230,126,262.25,0.95712
720,286,149,322.49,1.17695
721,105,107,149.91,0.54713
722,-472,-130,489.58,1.78677
723,-680,-557,879.00,3.20805
724,-727,-450,855.00,3.12045
725,-403,-314,510.89,1.86455
726,434,319,538.63,1.96579
727,504,397,641.58,2.34153
728,-6,-140,140.13,0.51142
729,-86,-240,254.94,0.93045
730,-134,-256,288.95,1.05456
731,-615,-293,681.23,2.48624
732,-759,-119,768.27,2.80391
733,-498,-31,498.96,1.82104
734,316,-90,328.57,1.19915
735,509,182,540.56,1.97285
736,225,208,306.41,1.11830
737,251,359,438.04,1.59870
738,713,712,1007.63,3.67747
739,1010,674,1214.24,4.43153
740,930,674,1148.55,4.19180
741,586,439,732.20,2.67226
742,-151,-144,208.66,0.76152
743,-237,-144,277.32,1.01211
744,328,262,419.80,1.53210
745,701,254,745.60,2.72116
746,945,319,997.39,3.64011
747,991,438,1083.48,3.95430
748,936,658,1144.14,4.17570
749,684,262,732.46,2.67322
750,57,-244,250.57,0.91449
751,-268,-24,269.07,0.98202
752,-235,596,640.66,2.33816
753,-1860,3537,3996.24,14.58483
754,-6896,11909,13761.51,50.22448
755,-8905,16261,18539.66,67.66301
756,-8649,16483,18614.36,67.93563
757,-6363,10860,12586.79,45.93720
758,971,-6308,6382.30,23.29305
759,3148,-9916,10403.70,37.96970
760,-33,-845,845.64,3.08629
761,-919,3064,3198.85,11.67464
762,1605,-149,1611.90,5.88285
763,2467,-1375,2824.31,10.30769
764,1749,-593,1846.79,6.74013
765,1011,-281,1049.32,3.82965
766,601,-516,792.12,2.89096
767,774,-1120,1361.42,4.96870
768,383,-1803,1843.23,6.72712
769,-369,-1489,1534.04,5.59869
770,-39,-657,658.16,2.40203
771,1190,-21,1190.19,4.34374
772,1755,-264,1774.75,6.47717
773,970,-1319,1637.27,5.97545
774,-328,-2074,2099.78,7.66342
775,-370,-880,954.62,3.48402
776,117,386,403.34,1.47205
777,-480,-757,896.35,3.27136
778,-1256,-2338,2654.01,9.68618
779,92,-1275,1278.31,4.66538
780,2001,601,2089.31,7.62521
781,2506,1482,2911.42,10.62562
782,948,402,1029.71,3.75807
783,-129,-1141,1148.27,4.19076
784,826,-2475,2609.20,9.52261
785,2640,-3476,4364.88,15.93022
786,2145,-2669,3424.12,12.49678
787,-129,-1107,1114.49,4.06749
788,-1496,-117,1500.57,5.47653
789,-2151,730,2271.50,8.29014
790,-1682,11,1682.04,6.13882
791,-1166,-3258,3460.36,12.62907
792,-223,-6403,6406.88,23.38278
793,833,-5613,5674.47,20.70976
794,729,-1654,1807.53,6.59682
795,-187,460,496.56,1.81225
796,-894,344,957.90,3.49598
797,-1057,363,1117.59,4.07881
798,-64,-60,87.73,0.32017
799,606,-686,915.33,3.34063
800,250,-477,538.54,1.96549
801,-266,-192,328.05,1.19728
802,-379,-208,432.33,1.57783
803,-186,-646,672.24,2.45345
804,-328,-363,489.24,1.78554
805,-269,615,671.26,2.44984
806,274,1663,1685.42,6.15117
807,868,1378,1628.59,5.94376
808,1031,486,1139.81,4.15987
809,962,-215,985.73,3.59756
810,1052,-293,1092.04,3.98555
811,794,-78,797.82,2.91176
812,786,-134,797.34,2.91000
813,1314,-5,1314.01,4.79566
814,1033,810,1312.70,4.79089
815,576,1578,1679.84,6.13080
816,8,1074,1074.03,3.91982
817,-158,-121,199.01,0.72631
818,63,-699,701.83,2.56144
819,247,-603,651.63,2.37820
820,181,-767,788.07,2.87616
821,-65,-1049,1051.01,3.83581
822,430,-870,970.46,3.54184
823,1065,-558,1202.33,4.38805
824,1035,-297,1076.77,3.92982
825,251,-44,254.83,0.93003
826,-547,-30,547.82,1.99935
827,-155,3,155.03,0.56580
828,642,-43,643.44,2.34832
829,1192,-457,1276.60,4.65913
830,1021,-749,1266.27,4.62143
831,977,-415,1061.49,3.87404
832,969,346,1028.92,3.75518
833,343,917,979.05,3.57317
834,-381,291,479.42,1.74970
835,-222,-650,686.87,2.50681
836,280,-504,576.56,2.10422
837,729,-187,752.60,2.74672
838,657,137,671.13,2.44939
839,27,-268,269.36,0.98305
840,-162,-910,924.31,3.37338
841,320,-1049,1096.72,4.00264
842,635,-375,737.46,2.69147
843,434,-236,494.02,1.80298
844,52,-328,332.10,1.21203
845,147,-729,743.67,2.71414
846,395,-520,653.01,2.38326
847,221,95,240.55,0.87793
848,-171,234,289.82,1.05775
849,-124,23,126.12,0.46027
850,316,-132,342.46,1.24986
851,413,-30,414.09,1.51127
852,492,154,515.54,1.88153
# END
# FRAME,51,RX_TS,323403751867,FP_INDEX,748.6562,FP_INT,748,RXPACC,261,RXPWR,-69.09,STD_NOISE,124.00,NTM,13,NOISE_THRESH,1612.00,PEAK_IDX,751,PEAK_AMPL,17275,START,698,elapsed_s,5.0732
sample,real,imag,amplitude,amplitude_norm
698,104,10,104.48,0.40031
699,180,205,272.81,1.04525
700,88,226,242.53,0.92923
701,96,-336,349.45,1.33887
702,21,-887,887.25,3.39942
703,-63,-1008,1009.97,3.86960
704,192,-515,549.63,2.10585
705,137,471,490.52,1.87939
706,92,584,591.20,2.26514
707,162,144,216.75,0.83045
708,377,-111,393.00,1.50575
709,83,-120,145.91,0.55903
710,-223,-161,275.05,1.05381
711,-24,-305,305.94,1.17219
712,142,-263,298.89,1.14516
713,136,76,155.79,0.59691
714,130,315,340.77,1.30564
715,140,254,290.03,1.11122
716,56,11,57.07,0.21866
717,-91,-397,407.30,1.56052
718,67,-868,870.58,3.33556
719,-76,-838,841.44,3.22391
720,-30,-323,324.39,1.24287
721,90,501,509.02,1.95027
722,60,604,606.97,2.32557
723,196,-118,228.78,0.87655
724,111,-261,283.62,1.08668
725,38,-266,268.70,1.02950
726,-197,-612,642.93,2.46332
727,-313,-613,688.29,2.63711
728,-160,-372,404.95,1.55153
729,295,315,431.57,1.65351
730,182,511,542.44,2.07833
731,64,215,224.32,0.85948
732,59,289,294.96,1.13012
733,-77,846,849.50,3.25478
734,58,1134,1135.48,4.35051
735,129,1019,1027.13,3.93538
736,152,526,547.52,2.09778
737,133,-344,368.82,1.41309
738,63,-260,267.52,1.02500
739,70,347,353.99,1.35628
740,272,621,677.96,2.59753
741,328,820,883.17,3.38378
742,384,946,1020.97,3.91175
743,-27,1050,1050.35,4.02432
744,77,598,602.94,2.31010
745,84,-103,132.91,0.50923
746,-51,-264,268.88,1.03020
747,-267,-45,270.77,1.03742
748,-3004,466,3039.93,11.64724
749,-11932,1351,12008.24,46.00858
750,-16415,2826,16656.48,63.81795
751,-16451,3277,16774.21,64.26900
752,-9315,762,9346.12,35.80887
753,8011,-3095,8588.08,32.90453
754,10353,-3181,10830.67,41.49681
755,830,-516,977.32,3.74452
756,-2902,966,3058.56,11.71860
757,740,984,1231.20,4.71725
758,2702,1055,2900.66,11.11364
759,1617,1025,1914.50,7.33525
760,563,645,856.15,3.28027
761,693,156,710.34,2.72161
762,1516,8,1516.02,5.80851
763,1736,-579,1830.01,7.01153
764,874,-898,1253.11,4.80118
765,549,-426,694.89,2.66243
766,727,831,1104.12,4.23036
767,1363,1195,1812.68,6.94512
768,1711,-110,1714.53,6.56909
769,976,-1345,1661.81,6.36707
770,-626,-389,737.02,2.82383
771,-1605,667,1738.08,6.65930
772,-121,-1057,1063.90,4.07626
773,1780,-2898,3401.00,13.03065
774,1330,-893,1601.98,6.13787
775,328,2219,2243.11,8.59429
776,-565,3037,3089.11,11.83567
777,214,579,617.28,2.36506
778,1013,-1044,1454.68,5.57350
779,1589,-1043,1900.73,7.28249
780,2603,-559,2662.35,10.20056
781,2757,-512,2804.14,10.74382
782,1292,-689,1464.24,5.61010
783,-334,-680,757.60,2.90268
784,-2038,-613,2128.19,8.15400
785,-1115,-1183,1625.64,6.22852
786,2067,-2961,3611.10,13.83562
787,5151,-3687,6334.57,24.27038
788,4780,-2400,5348.68,20.49303
789,1658,-484,1727.20,6.61762
790,-441,154,467.12,1.78972
791,-758,-251,798.48,3.05930
792,-729,-400,831.53,3.18594
793,325,-142,354.67,1.35888
794,1169,52,1170.16,4.48336
795,645,50,646.94,2.47868
796,-29,-49,56.94,0.21816
797,-91,-254,269.81,1.03375
798,532,-543,760.18,2.91257
799,338,-632,716.71,2.74600
800,-504,228,553.17,2.11944
801,-1126,1403,1798.97,6.89260
802,-458,1504,1572.19,6.02372
803,435,811,920.30,3.52604
804,942,359,1008.09,3.86241
805,942,610,1122.26,4.29984
806,460,604,759.22,2.90889
807,604,384,715.73,2.74227
808,814,550,982.39,3.76396
809,-15,882,882.13,3.37980
810,-927,1220,1532.23,5.87061
811,-820,662,1053.87,4.03782
812,120,-177,213.84,0.81932
813,841,-412,936.50,3.58811
814,743,-140,756.07,2.89684
815,722,-301,782.23,2.99705
816,952,-749,1211.32,4.64109
817,1144,-380,1205.46,4.61862
818,1328,298,1361.02,5.21465
819,1004,596,1167.58,4.47347
820,336,121,357.12,1.36829
821,-229,-466,519.23,1.98938
822,-71,-266,275.31,1.05484
823,439,327,547.40,2.09733
824,1259,466,1342.47,5.14358
825,1394,438,1461.19,5.59843
826,1098,713,1309.19,5.01605
827,302,933,980.66,3.75732
828,-594,696,915.01,3.50580
829,-531,-174,558.78,2.14093
830,466,-479,668.28,2.56046
831,677,-26,677.50,2.59578
832,563,645,856.15,3.28027
833,187,734,757.45,2.90209
834,278,-60,284.40,1.08966
835,750,-622,974.36,3.73319
836,1086,-396,1155.95,4.42891
837,852,107,858.69,3.29001
838,563,153,583.42,2.23532
839,415,-188,455.60,1.74558
840,823,-258,862.49,3.30457
841,765,-2,765.00,2.93104
842,82,166,185.15,0.70938
843,-298,-51,302.33,1.15836
844,-130,-52,140.01,0.53645
845,353,270,444.42,1.70276
846,442,354,566.29,2.16968
847,270,462,535.11,2.05023
# END
# FRAME,52,RX_TS,329793495198,FP_INDEX,753.2031,FP_INT,753,RXPACC,277,RXPWR,-68.61,STD_NOISE,128.00,NTM,13,NOISE_THRESH,1664.00,PEAK_IDX,755,PEAK_AMPL,18999,START,703,elapsed_s,5.1679
sample,real,imag,amplitude,amplitude_norm
703,-151,33,154.56,0.55799
704,-265,-25,266.18,0.96093
705,23,-1,23.02,0.08311
706,642,522,827.43,2.98713
707,881,712,1132.74,4.08932
708,764,774,1087.55,3.92618
709,145,226,268.52,0.96937
710,-417,-383,566.20,2.04403
711,-296,-260,393.97,1.42229
712,-147,338,368.58,1.33062
713,-11,346,346.17,1.24973
714,138,48,146.11,0.52747
715,308,159,346.62,1.25133
716,304,193,360.09,1.29996
717,257,82,269.76,0.97388
718,-166,76,182.57,0.65910
719,-157,-125,200.68,0.72449
720,-146,-66,160.22,0.57843
721,333,-5,333.04,1.20230
722,709,573,911.60,3.29097
723,790,725,1072.25,3.87095
724,729,536,904.84,3.26657
725,44,151,157.28,0.56780
726,-429,-362,561.32,2.02644
727,-202,-37,205.36,0.74137
728,172,504,532.54,1.92253
729,25,514,514.61,1.85779
730,509,433,668.26,2.41249
731,781,315,842.13,3.04019
732,784,124,793.75,2.86551
733,211,173,272.86,0.98504
734,-533,-9,533.08,1.92446
735,-286,-269,392.63,1.41743
736,-123,-174,213.08,0.76926
737,-408,-371,551.46,1.99082
738,-867,-751,1147.04,4.14092
739,-898,-682,1127.62,4.07083
740,-736,-672,996.63,3.59796
741,-201,-123,235.65,0.85071
742,346,291,452.10,1.63214
743,94,-120,152.43,0.55030
744,-401,-258,476.83,1.72140
745,-685,-189,710.60,2.56533
746,-912,-178,929.21,3.35454
747,-786,-521,942.99,3.40431
748,-754,-628,981.27,3.54251
749,-384,-55,387.92,1.40043
750,226,209,307.83,1.11129
751,363,-195,412.06,1.48758
752,776,-1202,1430.73,5.16508
753,4609,-6528,7991.10,28.84873
754,9621,-14679,17550.97,63.36091
755,10155,-16470,19349.03,69.85209
756,9536,-15629,18308.49,66.09565
757,3398,-2824,4418.30,15.95054
758,-3898,10654,11344.70,40.95558
759,-2086,6033,6383.45,23.04496
760,1260,-2149,2491.14,8.99330
761,94,-2001,2003.21,7.23179
762,-2263,1012,2478.97,8.94936
763,-2163,1066,2411.42,8.70547
764,-1294,379,1348.36,4.86773
765,-733,418,843.81,3.04624
766,-692,867,1109.30,4.00470
767,-656,1628,1755.20,6.33645
768,-59,1830,1830.95,6.60993
769,377,1171,1230.19,4.44112
770,-472,223,522.03,1.88458
771,-1634,103,1637.24,5.91062
772,-1624,675,1758.69,6.34907
773,-565,2027,2104.27,7.59664
774,-52,1704,1704.79,6.15449
775,-379,-666,766.29,2.76638
776,701,-1332,1505.20,5.43393
777,2442,1492,2861.72,10.33111
778,1749,2653,3177.64,11.47163
779,-1037,598,1197.07,4.32155
780,-2724,-1600,3159.14,11.40484
781,-1662,-1343,2136.79,7.71406
782,-40,517,518.55,1.87200
783,-335,2238,2262.93,8.16944
784,-2267,3104,3843.71,13.87621
785,-3112,3094,4388.32,15.84232
786,-960,1694,1947.11,7.02928
787,926,796,1221.10,4.40831
788,1704,-97,1706.76,6.16158
789,1865,-758,2013.15,7.26770
790,1275,1348,1855.46,6.69841
791,564,5402,5431.36,19.60781
792,-706,6953,6988.75,25.23015
793,-1263,4110,4299.68,15.52232
794,-375,190,420.39,1.51764
795,526,-515,736.14,2.65754
796,1096,-177,1110.20,4.00794
797,767,-142,780.03,2.81601
798,-187,512,545.08,1.96780
799,-318,689,758.84,2.73951
800,80,167,185.17,0.66849
801,444,-140,465.55,1.68068
802,447,463,643.57,2.32335
803,524,870,1015.62,3.66648
804,497,320,591.11,2.13397
805,-38,-958,958.75,3.46120
806,-518,-1922,1990.58,7.18621
807,-936,-1147,1480.44,5.34455
808,-959,116,965.99,3.48733
809,-1171,737,1383.62,4.99503
810,-944,209,966.86,3.49047
811,-640,114,650.07,2.34684
812,-913,156,926.23,3.34380
813,-1021,-211,1042.57,3.76381
814,-188,-1241,1255.16,4.53126
815,254,-1243,1268.69,4.58009
816,253,-55,258.91,0.93469
817,-167,913,928.15,3.35071
818,-278,790,837.49,3.02342
819,-277,680,734.25,2.65074
820,-27,1064,1064.34,3.84239
821,-85,1153,1156.13,4.17375
822,-684,741,1008.43,3.64055
823,-1023,414,1103.60,3.98410
824,-447,282,528.52,1.90801
825,478,244,536.67,1.93745
826,529,249,584.67,2.11073
827,-205,20,205.97,0.74359
828,-872,168,888.04,3.20591
829,-994,910,1347.64,4.86513
830,-1040,942,1403.20,5.06570
831,-1051,159,1062.96,3.83740
832,-544,-1036,1170.14,4.22434
833,400,-1051,1124.54,4.05973
834,591,237,636.75,2.29873
835,4,820,820.01,2.96032
836,-451,334,561.21,2.02603
837,-669,-150,685.61,2.47513
838,-363,60,367.93,1.32825
839,63,1012,1013.96,3.66050
840,-119,1425,1429.96,5.16231
841,-493,892,1019.17,3.67932
842,-365,219,425.66,1.53668
843,-63,329,334.98,1.20931
844,-3,570,570.01,2.05779
845,-360,799,876.36,3.16374
846,-414,265,491.55,1.77455
847,87,-134,159.77,0.57677
848,301,-61,307.12,1.10873
849,16,66,67.91,0.24517
850,-408,212,459.79,1.65990
851,-504,-30,504.89,1.82272
852,-524,-139,542.12,1.95712
# END
# FRAME,53,RX_TS,336183289691,FP_INDEX,747.9062,FP_INT,747,RXPACC,272,RXPWR,-68.56,STD_NOISE,132.00,NTM,13,NOISE_THRESH,1716.00,PEAK_IDX,750,PEAK_AMPL,18719,START,697,elapsed_s,5.2693
sample,real,imag,amplitude,amplitude_norm
697,85,17,86.68,0.31869
698,96,282,297.89,1.09519
699,-119,182,217.45,0.79945
700,132,-180,223.21,0.82064
701,591,-727,936.92,3.44454
702,693,-905,1139.86,4.19065
703,598,-641,876.63,3.22291
704,-16,109,110.17,0.40503
705,-290,505,582.34,2.14097
706,-87,272,285.57,1.04991
707,379,160,411.39,1.51246
708,290,33,291.87,1.07306
709,7,-246,246.10,0.90478
710,136,-282,313.08,1.15103
711,172,-323,365.94,1.34537
712,42,-61,74.06,0.27228
713,73,198,211.03,0.77584
714,-39,254,256.98,0.94477
715,73,83,110.54,0.40638
716,185,-423,461.69,1.69738
717,623,-677,920.03,3.38247
718,527,-744,911.74,3.35198
719,401,-635,751.02,2.76109
720,-71,243,253.16,0.93074
721,-396,524,656.80,2.41472
722,11,39,40.52,0.14898
723,317,-260,409.99,1.50730
724,453,-215,501.43,1.84350
725,310,-657,726.46,2.67082
726,200,-803,827.53,3.04240
727,115,-721,730.11,2.68424
728,190,35,193.20,0.71028
729,-61,526,529.53,1.94678
730,-147,212,257.98,0.94845
731,-158,152,219.24,0.80604
732,-435,568,715.44,2.63028
733,-581,960,1122.12,4.12545
734,-576,851,1027.61,3.77797
735,-535,758,927.79,3.41098
736,129,101,163.84,0.60234
737,299,-172,344.94,1.26817
738,-166,188,250.80,0.92205
739,-183,602,629.20,2.31324
740,-203,770,796.31,2.92761
741,-283,979,1019.08,3.74663
742,-530,885,1031.56,3.79252
743,-396,741,840.18,3.08889
744,271,201,337.40,1.24046
745,223,-225,316.79,1.16466
746,-306,-238,387.66,1.42522
747,-2023,-1095,2300.34,8.45712
748,-9247,-5714,10870.00,39.96322
749,-15756,-8915,18103.28,66.55618
750,-16493,-8855,18719.78,68.82271
751,-14064,-7830,16096.74,59.17918
752,2356,-881,2515.33,9.24755
753,11193,3610,11760.75,43.23807
754,3507,898,3620.15,13.30936
755,-2841,-1055,3030.56,11.14177
756,-712,899,1146.80,4.21617
757,1417,2479,2855.40,10.49781
758,962,2022,2239.18,8.23228
759,330,1191,1235.87,4.54365
760,570,605,831.22,3.05595
761,1120,753,1349.60,4.96175
762,1864,562,1946.88,7.15765
763,1636,-116,1640.11,6.02981
764,903,-127,911.89,3.35253
765,115,897,904.34,3.32479
766,331,1833,1862.65,6.84796
767,1183,1258,1726.86,6.34876
768,2412,129,2415.45,8.88032
769,1745,140,1750.61,6.43606
770,-225,952,978.23,3.59642
771,-626,162,646.62,2.37729
772,1395,-1371,1955.93,7.19092
773,1705,-448,1762.88,6.48116
774,-5,1961,1961.01,7.20958
775,-1644,2921,3351.86,12.32302
776,-988,1260,1601.17,5.88665
777,661,-499,828.20,3.04487
778,1725,-345,1759.16,6.46751
779,2569,1084,2788.34,10.25124
780,2808,1714,3289.78,12.09478
781,1627,454,1689.16,6.21013
782,503,-648,820.31,3.01586
783,-545,-1454,1552.78,5.70877
784,-569,-1702,1794.59,6.59777
785,2240,-1250,2565.17,9.43077
786,6007,-371,6018.45,22.12664
787,6252,752,6297.06,23.15097
788,2639,1031,2833.25,10.41634
789,-244,147,284.86,1.04728
790,-490,-505,703.65,2.58695
791,-272,-890,930.64,3.42146
792,-220,-368,428.75,1.57628
793,355,347,496.42,1.82508
794,256,143,293.23,1.07806
795,-64,-357,362.69,1.33342
796,-45,-708,709.43,2.60819
797,752,-514,910.88,3.34882
798,811,-281,858.30,3.15552
799,-49,-51,70.72,0.26002
800,-1721,225,1735.65,6.38105
801,-1990,437,2037.42,7.49050
802,-574,735,932.58,3.42859
803,583,1045,1196.63,4.39936
804,648,1397,1539.97,5.66166
805,8,926,926.03,3.40454
806,137,539,556.14,2.04463
807,202,962,982.98,3.61389
808,-428,894,991.17,3.64401
809,-1395,201,1409.41,5.18164
810,-1088,-121,1094.71,4.02466
811,181,63,191.65,0.70460
812,925,355,990.78,3.64258
813,708,290,765.09,2.81283
814,798,188,819.85,3.01414
815,1176,-137,1183.95,4.35277
816,1251,143,1259.15,4.62922
817,848,801,1166.49,4.28858
818,560,964,1114.85,4.09872
819,360,244,434.90,1.59889
820,112,-627,636.92,2.34163
821,149,-424,449.42,1.65227
822,111,229,254.48,0.93560
823,344,825,893.85,3.28620
824,904,918,1288.39,4.73672
825,734,942,1194.20,4.39045
826,85,916,919.94,3.38212
827,-814,353,887.25,3.26193
828,-591,-501,774.78,2.84845
829,494,-261,558.71,2.05408
830,667,290,727.32,2.67396
831,260,742,786.23,2.89057
832,-60,757,759.37,2.79182
833,347,405,533.32,1.96075
834,1080,65,1081.95,3.97777
835,1384,326,1421.88,5.22749
836,866,457,979.19,3.59995
837,357,355,503.46,1.85096
838,454,130,472.25,1.73620
839,861,176,878.80,3.23090
840,933,465,1042.46,3.83256
841,295,423,515.71,1.89598
842,-52,1,52.01,0.19121
843,-77,-62,98.86,0.36345
844,193,324,377.13,1.38650
845,189,560,591.03,2.17292
846,-47,512,514.15,1.89027
# END
# FRAME,54,RX_TS,342573151235,FP_INDEX,750.2812,FP_INT,750,RXPACC,260,RXPWR,-69.24,STD_NOISE,120.00,NTM,13,NOISE_THRESH,1560.00,PEAK_IDX,752,PEAK_AMPL,16750,START,700,elapsed_s,5.3846
sample,real,imag,amplitude,amplitude_norm
700,-30,51,59.17,0.22757
701,-294,101,310.86,1.19563
702,-138,39,143.41,0.55156
703,607,24,607.47,2.33644
704,1002,101,1007.08,3.87337
705,986,111,992.23,3.81626
706,201,108,228.18,0.87761
707,-573,21,573.38,2.20533
708,-407,-4,407.02,1.56546
709,20,196,197.02,0.75776
710,179,157,238.10,0.91576
711,166,-26,168.02,0.64625
712,279,-43,282.29,1.08575
713,305,52,309.40,1.19000
714,184,43,188.96,0.72676
715,-116,127,172.00,0.66155
716,-237,112,262.13,1.00820
717,-185,8,185.17,0.71220
718,145,-104,178.44,0.68631
719,756,4,756.01,2.90773
720,945,133,954.31,3.67044
721,833,-18,833.19,3.20459
722,30,66,72.50,0.27884
723,-556,18,556.29,2.13958
724,-343,65,349.10,1.34271
725,242,169,295.17,1.13527
726,294,193,351.69,1.35265
727,526,93,534.16,2.05445
728,709,-46,710.49,2.73266
729,656,-224,693.19,2.66611
730,182,13,182.46,0.70178
731,-497,183,529.62,2.03700
732,-370,20,370.54,1.42515
733,-120,-59,133.72,0.51431
734,-399,-77,406.36,1.56293
735,-956,-62,958.01,3.68465
736,-1022,71,1024.46,3.94024
737,-923,-34,923.63,3.55241
738,-199,25,200.56,0.77140
739,386,154,415.59,1.59841
740,3,-54,54.08,0.20801
741,-474,34,475.22,1.82776
742,-675,104,682.96,2.62679
743,-859,241,892.17,3.43141
744,-963,104,968.60,3.72538
745,-886,-67,888.53,3.41742
746,-246,36,248.62,0.95623
747,362,2,362.01,1.39233
748,211,-173,272.86,1.04944
749,-68,-885,887.61,3.41388
750,218,-5788,5792.10,22.27732
751,118,-14783,14783.47,56.85950
752,-922,-16494,16519.75,63.53750
753,-914,-15854,15880.32,61.07817
754,1027,-2556,2754.61,10.59465
755,2397,11311,11562.19,44.46998
756,1600,7258,7432.27,28.58563
757,63,-1702,1703.17,6.55064
758,-842,-2142,2301.55,8.85211
759,-1276,1752,2167.41,8.33620
760,-1185,2102,2413.01,9.28082
761,-814,990,1281.68,4.92953
762,-258,443,512.65,1.97174
763,-30,1083,1083.42,4.16698
764,152,1860,1866.20,7.17769
765,787,1516,1708.11,6.56964
766,952,861,1283.60,4.93692
767,-46,525,527.01,2.02697
768,-1098,748,1328.57,5.10990
769,-1010,1296,1643.08,6.31954
770,680,1858,1978.53,7.60971
771,1582,1714,2332.49,8.97112
772,446,964,1062.17,4.08528
773,36,92,98.79,0.37997
774,1846,652,1957.76,7.52984
775,2607,1219,2877.92,11.06891
776,231,917,945.65,3.63711
777,-2393,233,2404.32,9.24737
778,-2178,-196,2186.80,8.41077
779,-165,443,472.73,1.81819
780,782,1834,1993.76,7.66831
781,86,3487,3488.06,13.41562
782,-830,4367,4445.18,17.09683
783,-204,2332,2340.91,9.00348
784,869,430,969.57,3.72911
785,1162,-837,1432.07,5.50795
786,820,-1511,1719.16,6.61216
787,1366,-20,1366.15,5.25441
788,2939,3288,4410.06,16.96178
789,3198,5654,6495.76,24.98370
790,1266,4481,4656.41,17.90925
791,-267,906,944.52,3.63278
792,-80,-584,589.45,2.26713
793,579,-766,960.21,3.69310
794,412,-422,589.77,2.26834
795,-115,385,401.81,1.54542
796,-123,509,523.65,2.01404
797,124,-75,144.92,0.55737
798,471,-516,698.64,2.68707
799,808,114,816.00,3.13847
800,1021,555,1162.10,4.46960
801,598,69,601.97,2.31526
802,-703,-1117,1319.81,5.07619
803,-1461,-1926,2417.44,9.29783
804,-1184,-811,1435.12,5.51970
805,-622,628,883.89,3.39959
806,-681,1333,1496.88,5.75723
807,-777,728,1064.76,4.09523
808,-527,415,670.79,2.57995
809,-546,665,860.43,3.30935
810,-714,356,797.83,3.06858
811,-658,-864,1086.03,4.17704
812,-437,-1349,1418.02,5.45391
813,-131,-311,337.46,1.29794
814,-42,773,774.14,2.97746
815,-28,856,856.46,3.29407
816,53,670,672.09,2.58497
817,560,675,877.05,3.37329
818,540,868,1022.26,3.93179
819,-147,980,990.96,3.81140
820,-655,958,1160.51,4.46351
821,-259,610,662.71,2.54887
822,577,67,580.88,2.23414
823,848,3,848.01,3.26156
824,44,79,90.43,0.34780
825,-626,511,808.08,3.10801
826,-473,1133,1227.77,4.72219
827,-413,1228,1295.59,4.98304
828,-726,785,1069.25,4.11251
829,-856,-225,885.08,3.40414
830,-223,-900,927.22,3.56621
831,568,-229,612.43,2.35548
832,444,553,709.19,2.72764
833,-116,624,634.69,2.44112
834,-608,466,766.04,2.94631
835,-482,342,591.01,2.27310
836,296,577,648.49,2.49421
837,555,1062,1198.28,4.60876
838,218,1133,1153.78,4.43762
839,-95,558,566.03,2.17704
840,112,316,335.26,1.28947
841,373,493,618.21,2.37771
842,157,944,956.97,3.68064
843,-236,748,784.35,3.01672
844,-210,46,214.98,0.82684
845,62,-235,243.04,0.93477
846,176,81,193.74,0.74517
847,-152,426,452.31,1.73964
848,-444,258,513.52,1.97507
849,-496,114,508.93,1.95743
# END
# FRAME,55,RX_TS,348962945678,FP_INDEX,752.2031,FP_INT,752,RXPACC,260,RXPWR,-69.22,STD_NOISE,124.00,NTM,13,NOISE_THRESH,1612.00,PEAK_IDX,754,PEAK_AMPL,16778,START,702,elapsed_s,5.4583
sample,real,imag,amplitude,amplitude_norm
702,122,133,180.48,0.69415
703,97,215,235.87,0.90719
704,133,58,145.10,0.55806
705,197,-706,732.97,2.81912
706,241,-980,1009.20,3.88153
707,173,-986,1001.06,3.85024
708,182,-88,202.16,0.77753
709,32,591,591.87,2.27641
710,117,395,411.96,1.58448
711,283,114,305.10,1.17346
712,329,-20,329.61,1.26772
713,-58,-105,119.95,0.46136
714,-60,-263,269.76,1.03753
715,157,-309,346.60,1.33307
716,155,-93,180.76,0.69523
717,168,130,212.42,0.81702
718,105,246,267.47,1.02874
719,137,108,174.45,0.67096
720,-23,-229,230.15,0.88520
721,158,-696,713.71,2.74503
722,239,-808,842.61,3.24079
723,136,-745,757.31,2.91274
724,41,129,135.36,0.52061
725,4,603,603.01,2.31928
726,52,338,341.98,1.31529
727,237,-220,323.37,1.24374
728,218,-210,302.69,1.16421
729,-27,-494,494.74,1.90284
730,-56,-673,675.33,2.59741
731,-206,-671,701.91,2.69965
732,-23,-100,102.61,0.39466
733,151,575,594.50,2.28652
734,-64,399,404.10,1.55423
735,-70,208,219.46,0.84409
736,-84,467,474.49,1.82498
737,-153,1053,1064.06,4.09253
738,-86,1131,1134.27,4.36256
739,-176,964,979.93,3.76898
740,89,132,159.20,0.61231
741,194,-337,388.85,1.49558
742,-31,62,69.32,0.26661
743,60,573,576.13,2.21590
744,121,785,794.27,3.05489
745,111,917,923.69,3.55267
746,-64,1003,1005.04,3.86554
747,-203,922,944.08,3.63109
748,103,261,280.59,1.07919
749,110,-271,292.47,1.12490
750,-40,-175,179.51,0.69044
751,-947,-30,947.48,3.64413
752,-6411,-871,6469.90,24.88422
753,-15094,-1715,15191.12,58.42738
754,-16489,-1083,16524.53,63.55587
755,-15596,-981,15626.82,60.10316
756,-1259,-1362,1854.76,7.13368
757,11971,-1092,12020.70,46.23347
758,6848,-688,6882.47,26.47105
759,-1974,-60,1974.91,7.59581
760,-1995,810,2153.17,8.28141
761,1850,1622,2460.36,9.46293
762,2119,1572,2638.44,10.14783
763,892,1094,1411.56,5.42907
764,385,402,556.62,2.14086
765,991,298,1034.84,3.98014
766,1813,88,1815.13,6.98129
767,1594,-494,1668.79,6.41844
768,952,-564,1106.53,4.25587
769,554,396,680.98,2.61915
770,777,1420,1618.68,6.22570
771,1315,1157,1751.53,6.73667
772,1934,-601,2025.23,7.78935
773,1528,-1455,2109.93,8.11512
774,208,-323,384.18,1.47761
775,-813,96,818.65,3.14865
776,159,-1426,1434.84,5.51860
777,1247,-1670,2084.20,8.01617
778,1007,657,1202.37,4.62451
779,39,3055,3055.25,11.75096
780,-397,2158,2194.21,8.43928
781,-3,-42,42.11,0.16195
782,808,-960,1254.78,4.82606
783,2090,-415,2130.80,8.19540
784,3341,452,3371.44,12.96706
785,2182,254,2196.73,8.44898
786,674,-560,876.29,3.37033
787,-882,-1116,1422.46,5.47098
788,-1644,-1107,1981.96,7.62294
789,77,-1512,1513.96,5.82292
790,3735,-2491,4489.47,17.26718
791,5812,-2226,6223.70,23.93730
792,4379,-650,4426.98,17.02684
793,771,270,816.91,3.14196
794,-549,8,549.06,2.11176
795,-664,-558,867.33,3.33588
796,-438,-383,581.84,2.23783
797,318,220,386.68,1.48724
798,372,232,438.42,1.68621
799,-75,-203,216.41,0.83235
800,-220,-690,724.22,2.78548
801,372,-888,962.77,3.70297
802,675,-764,1019.47,3.92104
803,-42,-287,290.06,1.11560
804,-1371,698,1538.46,5.91714
805,-1727,1138,2068.23,7.95473
806,-376,802,885.77,3.40679
807,844,541,1002.51,3.85579
808,1319,758,1521.29,5.85112
809,503,925,1052.92,4.04968
810,210,575,612.15,2.35441
811,492,724,875.35,3.36674
812,260,782,824.09,3.16958
813,-862,548,1021.44,3.92863
814,-1246,387,1304.72,5.01814
815,-203,161,259.09,0.99652
816,826,175,844.33,3.24744
817,901,142,912.12,3.50816
818,806,-16,806.16,3.10061
819,855,-496,988.45,3.80175
820,933,-492,1054.78,4.05683
821,891,171,907.26,3.48946
822,882,655,1098.61,4.22543
823,633,418,758.56,2.91754
824,224,-296,371.20,1.42771
825,151,-523,544.36,2.09370
826,181,60,190.69,0.73341
827,549,537,767.96,2.95371
828,1154,409,1224.34,4.70898
829,1116,554,1245.94,4.79209
830,600,929,1105.91,4.25351
831,-270,856,897.57,3.45220
832,-650,77,654.54,2.51748
833,81,-558,563.85,2.16865
834,747,-240,784.61,3.01772
835,749,433,865.15,3.32751
836,440,973,1067.86,4.10716
837,282,757,807.82,3.10700
838,694,-107,702.20,2.70077
839,1217,-297,1252.72,4.81814
840,1162,-29,1162.36,4.47062
841,575,230,619.29,2.38190
842,430,86,438.52,1.68660
843,621,-113,631.20,2.42768
844,1043,237,1069.59,4.11380
845,680,530,862.15,3.31596
846,58,351,355.76,1.36831
847,-95,14,96.03,0.36933
848,56,26,61.74,0.23747
849,340,354,490.83,1.88782
850,193,544,577.22,2.22008
851,97,575,583.12,2.24279
# END
# FRAME,56,RX_TS,355352740108,FP_INDEX,746.0469,FP_INT,746,RXPACC,265,RXPWR,-68.87,STD_NOISE,124.00,NTM,13,NOISE_THRESH,1612.00,PEAK_IDX,748,PEAK_AMPL,17773,START,696,elapsed_s,5.5639
sample,real,imag,amplitude,amplitude_norm
696,-178,-82,195.98,0.73955
697,-119,-287,310.69,1.17243
698,74,60,95.27,0.35950
699,106,806,812.94,3.06770
700,149,1012,1022.91,3.86004
701,63,896,898.21,3.38948
702,-10,93,93.54,0.35297
703,43,-542,543.70,2.05171
704,-85,-267,280.20,1.05737
705,-268,92,283.35,1.06925
706,-105,100,145.00,0.54717
707,219,91,237.15,0.89492
708,147,259,297.81,1.12381
709,70,363,369.69,1.39505
710,94,188,210.19,0.79317
711,-70,-7,70.35,0.26547
712,80,-219,233.15,0.87983
713,7,-155,155.16,0.58550
714,142,244,282.31,1.06533
715,43,942,942.98,3.55842
716,117,1000,1006.82,3.79933
717,133,804,814.93,3.07519
718,-37,49,61.40,0.23170
719,-140,-482,501.92,1.89404
720,-120,-99,155.57,0.58704
721,-93,377,388.30,1.46529
722,-102,357,371.29,1.40108
723,158,606,626.26,2.36324
724,355,728,809.94,3.05639
725,483,639,801.01,3.02266
726,-19,161,162.12,0.61176
727,-341,-427,546.45,2.06208
728,33,-288,289.88,1.09390
729,80,-187,203.39,0.76752
730,41,-581,582.44,2.19791
731,-73,-1011,1013.63,3.82503
732,-226,-927,954.15,3.60057
733,-150,-861,873.97,3.29799
734,-82,-131,154.55,0.58320
735,-5,333,333.04,1.25675
736,225,-144,267.13,1.00806
737,-13,-585,585.14,2.20809
738,-196,-689,716.34,2.70315
739,-402,-761,860.65,3.24775
740,-145,-974,984.73,3.71598
741,-159,-888,902.12,3.40424
742,-279,-118,302.93,1.14312
743,61,241,248.60,0.93811
744,329,-12,329.22,1.24233
745,1667,-485,1736.12,6.55140
746,8591,-1665,8750.86,33.02210
747,15953,-3969,16439.32,62.03516
748,16481,-5079,17245.86,65.07870
749,15520,-4280,16099.34,60.75223
750,1904,881,2097.95,7.91678
751,-10146,4717,11188.90,42.22225
752,-4381,2305,4950.37,18.68065
753,2545,-806,2669.58,10.07389
754,717,-1172,1373.93,5.18463
755,-2491,-727,2594.92,9.79215
756,-2021,-765,2160.94,8.15449
757,-971,-688,1190.04,4.49070
758,-586,-115,597.18,2.25350
759,-1041,166,1054.15,3.97793
760,-1569,723,1727.57,6.51912
761,-1165,1209,1678.96,6.33570
762,-582,950,1114.10,4.20416
763,-553,-339,648.64,2.44769
764,-1164,-1098,1600.16,6.03833
765,-1373,-445,1443.31,5.44647
766,-1283,1161,1730.32,6.52951
767,-422,1437,1497.68,5.65163
768,431,-245,495.77,1.87082
769,402,-179,440.05,1.66057
770,-932,2045,2247.36,8.48062
771,-1195,1833,2188.13,8.25710
772,-845,-698,1096.01,4.13587
773,-318,-2516,2536.02,9.56987
774,-51,-1542,1542.84,5.82205
775,-843,288,890.84,3.36165
776,-2115,935,2312.46,8.72625
777,-3719,384,3738.77,14.10857
778,-3841,119,3842.84,14.50129
779,-1389,714,1561.77,5.89346
780,300,1186,1223.35,4.61643
781,1344,1075,1721.03,6.49447
782,1504,758,1684.21,6.35553
783,-192,1934,1943.51,7.33399
784,-3366,4108,5310.90,20.04112
785,-5267,4262,6775.39,25.56752
786,-3546,1719,3940.70,14.87055
787,-360,-159,393.55,1.48509
788,684,-70,687.57,2.59461
789,859,486,986.95,3.72435
790,534,317,621.00,2.34341
791,-236,169,290.27,1.09536
792,55,202,209.35,0.79001
793,592,239,638.42,2.40915
794,519,472,701.53,2.64728
795,-181,828,847.55,3.19831
796,-207,966,987.93,3.72804
797,473,481,674.60,2.54567
798,1329,-763,1532.45,5.78284
799,1309,-1357,1885.45,7.11491
800,26,-893,893.38,3.37124
801,-857,-483,983.74,3.71221
802,-1120,-665,1302.55,4.91527
803,-486,-713,862.88,3.25616
804,-376,-333,502.26,1.89532
805,-683,-507,850.61,3.20985
806,-249,-712,754.28,2.84636
807,811,-799,1138.47,4.29613
808,1011,-739,1252.29,4.72564
809,135,-129,186.72,0.70462
810,-786,43,787.18,2.97047
811,-745,99,751.55,2.83603
812,-567,346,664.23,2.50654
813,-658,889,1106.02,4.17367
814,-964,643,1158.77,4.37271
815,-1010,-150,1021.08,3.85312
816,-878,-347,944.08,3.56258
817,-667,96,673.87,2.54292
818,151,658,675.10,2.54756
819,260,609,662.18,2.49879
820,-107,88,138.54,0.52279
821,-650,-131,663.07,2.50215
822,-1228,151,1237.25,4.66886
823,-1293,-197,1307.92,4.93555
824,-724,-609,946.07,3.57009
825,177,-564,591.12,2.23065
826,605,166,627.36,2.36740
827,-26,637,637.53,2.40578
828,-532,309,615.23,2.32161
829,-586,-168,609.61,2.30040
830,-655,-382,758.25,2.86134
831,-634,-154,652.44,2.46202
832,-566,494,751.26,2.83494
833,-980,815,1274.61,4.80984
834,-975,471,1082.80,4.08606
835,-423,152,449.48,1.69615
836,-237,292,376.08,1.41915
837,-424,460,625.60,2.36076
838,-917,301,965.14,3.64203
839,-599,-142,615.60,2.32302
840,26,-161,163.09,0.61542
841,186,39,190.04,0.71715
842,-97,8,97.33,0.36728
843,-381,-167,415.99,1.56978
844,-301,-403,503.00,1.89812
845,-265,-531,593.45,2.23944
# END
# FRAME,57,RX_TS,361742524776,FP_INDEX,747.2344,FP_INT,747,RXPACC,266,RXPWR,-68.90,STD_NOISE,132.00,NTM,13,NOISE_THRESH,1716.00,PEAK_IDX,749,PEAK_AMPL,17842,START,697,elapsed_s,5.6886
sample,real,imag,amplitude,amplitude_norm
697,-117,-7,117.21,0.44064
698,-57,-139,150.23,0.56479
699,-74,-30,79.85,0.30019
700,67,725,728.09,2.73718
701,170,1122,1134.81,4.26619
702,134,972,981.19,3.68870
703,-96,119,152.90,0.57479
704,-165,-535,559.87,2.10476
705,-61,-275,281.68,1.05896
706,-141,74,159.24,0.59864
707,-192,151,244.26,0.91829
708,196,150,246.81,0.92786
709,195,296,354.46,1.33255
710,15,337,337.33,1.26817
711,27,111,114.24,0.42946
712,-114,-134,175.93,0.66140
713,-134,-172,218.04,0.81969
714,-94,15,95.19,0.35785
715,202,235,309.89,1.16498
716,168,780,797.89,2.99958
717,119,969,976.28,3.67022
718,225,700,735.27,2.76418
719,-60,32,68.00,0.25564
720,-169,-500,527.79,1.98417
721,-14,-99,99.99,0.37588
722,-93,391,401.91,1.51093
723,-151,235,279.33,1.05012
724,90,493,501.15,1.88401
725,325,735,803.65,3.02123
726,408,642,760.68,2.85968
727,77,238,250.15,0.94040
728,-230,-390,452.77,1.70214
729,-15,-228,228.49,0.85900
730,28,-53,59.94,0.22534
731,11,-407,407.15,1.53063
732,-43,-1060,1060.87,3.98824
733,-141,-1072,1081.23,4.06479
734,-102,-934,939.55,3.53215
735,-9,-56,56.72,0.21323
736,71,439,444.70,1.67182
737,171,-15,171.66,0.64533
738,-140,-439,460.78,1.73227
739,-322,-641,717.33,2.69674
740,-495,-726,878.69,3.30336
741,-294,-856,905.08,3.40256
742,-39,-951,951.80,3.57819
743,-56,-172,180.89,0.68003
744,50,468,470.66,1.76941
745,191,268,329.10,1.23721
746,1013,-259,1045.59,3.93077
747,6435,-1467,6600.10,24.81240
748,15173,-3840,15651.37,58.83976
749,16498,-5538,17402.69,65.42363
750,15645,-4928,16402.78,61.66459
751,1618,881,1842.30,6.92596
752,-11170,5259,12346.09,46.41388
753,-6204,3071,6922.47,26.02434
754,1920,-593,2009.49,7.55447
755,1736,-1280,2156.87,8.10854
756,-2222,-789,2357.92,8.86438
757,-2402,-729,2510.19,9.43680
758,-1102,-727,1320.20,4.96317
759,-444,-218,494.63,1.85952
760,-1067,121,1073.84,4.03699
761,-1705,541,1788.77,6.72471
762,-1269,1100,1679.39,6.31351
763,-497,1078,1187.05,4.46260
764,-482,-57,485.36,1.82466
765,-1056,-957,1425.13,5.35762
766,-1543,-625,1664.77,6.25855
767,-1421,970,1720.51,6.46807
768,-537,1036,1166.90,4.38686
769,451,-801,919.24,3.45579
770,960,-590,1126.81,4.23613
771,-176,2596,2601.96,9.78180
772,-935,3502,3624.67,13.62658
773,-1187,367,1242.44,4.67083
774,-982,-2767,2936.09,11.03793
775,-310,-2278,2299.00,8.64284
776,-39,-16,42.15,0.15848
777,-550,1275,1388.57,5.22019
778,-1925,988,2163.74,8.13436
779,-3267,557,3314.14,12.45918
780,-2004,618,2097.13,7.88393
781,-167,1020,1033.58,3.88564
782,1339,1004,1673.60,6.29173
783,1770,422,1819.61,6.84064
784,285,1264,1295.73,4.87117
785,-2702,3723,4600.17,17.29386
786,-4898,4604,6722.14,25.27122
787,-4067,2550,4800.31,18.04628
788,-891,103,896.93,3.37193
789,598,-263,653.28,2.45593
790,1020,241,1048.08,3.94017
791,771,258,813.02,3.05647
792,-52,40,65.60,0.24663
793,68,-1,68.01,0.25567
794,681,54,683.14,2.56819
795,815,335,881.16,3.31265
796,121,729,738.97,2.77810
797,-249,814,851.23,3.20012
798,412,484,635.61,2.38951
799,1270,-705,1452.56,5.46074
800,1257,-1292,1802.59,6.77664
801,201,-913,934.86,3.51452
802,-796,-274,841.84,3.16481
803,-1096,-232,1120.29,4.21160
804,-569,-508,762.77,2.86757
805,-309,-466,559.14,2.10203
806,-617,-554,829.22,3.11737
807,-421,-558,699.00,2.62783
808,697,-550,887.87,3.33785
809,1041,-635,1219.39,4.58416
810,206,-303,366.39,1.37742
811,-704,-8,704.05,2.64679
812,-758,202,784.45,2.94908
813,-678,390,782.17,2.94047
814,-680,905,1132.00,4.25564
815,-846,871,1214.23,4.56478
816,-804,96,809.71,3.04403
817,-757,-360,838.24,3.15128
818,-491,-47,493.24,1.85430
819,46,602,603.75,2.26976
820,167,599,621.84,2.33776
821,-80,-2,80.02,0.30085
822,-712,-194,737.96,2.77427
823,-1294,175,1305.78,4.90895
824,-1237,-81,1239.65,4.66034
825,-1019,-609,1187.11,4.46284
826,-147,-805,818.31,3.07636
827,550,-67,554.07,2.08295
828,155,629,647.82,2.43540
829,-548,368,660.10,2.48157
830,-839,-385,923.12,3.47037
831,-713,-708,1004.80,3.77746
832,-477,-351,592.22,2.22641
833,-585,522,784.03,2.94750
834,-878,612,1070.25,4.02348
835,-1047,222,1070.28,4.02360
836,-622,-115,632.54,2.37798
837,-314,101,329.84,1.24001
838,-451,450,637.10,2.39513
839,-1020,303,1064.05,4.00020
840,-806,-183,826.51,3.10719
841,-22,-290,290.83,1.09336
842,279,67,286.93,1.07869
843,-36,127,132.00,0.49625
844,-378,-162,411.25,1.54606
845,-313,-407,513.44,1.93022
846,-309,-591,666.90,2.50716
# END
# FRAME,58,RX_TS,368132319155,FP_INDEX,749.7812,FP_INT,749,RXPACC,264,RXPWR,-68.94,STD_NOISE,116.00,NTM,13,NOISE_THRESH,1508.00,PEAK_IDX,752,PEAK_AMPL,17127,START,699,elapsed_s,5.7611
sample,real,imag,amplitude,amplitude_norm
699,-72,80,107.63,0.40769
700,-87,-209,226.38,0.85752
701,-10,-167,167.30,0.63371
702,-18,224,224.72,0.85122
703,-245,846,880.76,3.33622
704,-305,977,1023.50,3.87690
705,-384,748,840.81,3.18488
706,100,-109,147.92,0.56031
707,357,-390,528.72,2.00274
708,57,-191,199.32,0.75501
709,-333,34,334.73,1.26792
710,-149,182,235.21,0.89096
711,76,194,208.36,0.78923
712,4,240,240.03,0.90922
713,11,303,303.20,1.14848
714,-7,125,125.20,0.47423
715,-41,-140,145.88,0.55258
716,58,-169,178.68,0.67680
717,-24,-74,77.79,0.29468
718,148,498,519.53,1.96790
719,-293,862,910.44,3.44862
720,-295,858,907.30,3.43673
721,-194,628,657.28,2.48971
722,70,-168,182.00,0.68939
723,186,-419,458.43,1.73647
724,18,35,39.36,0.14908
725,-288,332,439.51,1.66481
726,-307,341,458.84,1.73801
727,-133,655,668.37,2.53169
728,52,847,848.59,3.21437
729,186,672,697.27,2.64116
730,-151,-39,155.96,0.59074
731,-83,-541,547.33,2.07322
732,166,-253,302.60,1.14620
733,285,-187,340.87,1.29118
734,344,-646,731.88,2.77228
735,255,-1074,1103.86,4.18128
736,290,-992,1033.52,3.91485
737,379,-814,897.91,3.40116
738,-3,22,22.20,0.08410
739,-60,332,337.38,1.27795
740,203,-200,284.97,1.07944
741,92,-628,634.70,2.40418
742,34,-787,787.73,2.98384
743,64,-941,943.17,3.57263
744,329,-1000,1052.73,3.98761
745,185,-884,903.15,3.42102
746,-193,-119,226.74,0.85886
747,75,223,235.27,0.89119
748,456,163,484.26,1.83431
749,2444,540,2502.95,9.48085
750,10523,2392,10791.44,40.87667
751,16247,3153,16550.12,62.68985
752,16493,2676,16708.68,63.29046
753,14281,2709,14535.67,55.05935
754,-2450,1271,2760.06,10.45478
755,-11197,85,11197.32,42.41410
756,-2893,267,2905.29,11.00490
757,3099,114,3101.10,11.74658
758,357,-1101,1157.43,4.38421
759,-1881,-1678,2520.68,9.54804
760,-1323,-1464,1973.23,7.47434
761,-613,-967,1144.93,4.33685
762,-720,-396,821.72,3.11256
763,-1238,-366,1290.97,4.89003
764,-1760,133,1765.02,6.68568
765,-1388,713,1560.42,5.91068
766,-787,346,859.70,3.25644
767,-404,-773,872.21,3.30381
768,-727,-1478,1647.12,6.23910
769,-1271,-833,1519.65,5.75624
770,-1950,369,1984.61,7.51745
771,-1280,-102,1284.06,4.86385
772,385,-1113,1177.71,4.46101
773,675,74,679.04,2.57214
774,-832,2229,2379.22,9.01218
775,-1209,1274,1756.35,6.65283
776,-342,-1518,1556.05,5.89412
777,663,-2800,2877.42,10.89933
778,124,-1203,1209.37,4.58096
779,-1179,309,1218.82,4.61674
780,-2606,84,2607.35,9.87634
781,-3736,-1200,3923.99,14.86360
782,-3129,-1053,3301.43,12.50542
783,-1110,680,1301.73,4.93079
784,-50,1553,1553.80,5.88562
785,945,1558,1822.19,6.90225
786,909,1159,1472.94,5.57933
787,-1419,1763,2263.12,8.57244
788,-5163,2643,5800.17,21.97036
789,-6414,1683,6631.13,25.11792
790,-3284,65,3284.64,12.44183
791,14,-253,253.39,0.95980
792,720,256,764.16,2.89453
793,789,729,1074.23,4.06904
794,457,344,572.00,2.16667
795,-294,-140,325.63,1.23345
796,-50,-80,94.34,0.35735
797,488,372,613.62,2.32431
798,554,853,1017.12,3.85271
799,-326,871,930.01,3.52276
800,-352,868,936.66,3.54795
801,532,600,801.89,3.03745
802,1720,-212,1733.02,6.56445
803,1579,-672,1716.05,6.50019
804,202,-783,808.64,3.06302
805,-722,-726,1023.89,3.87839
806,-807,-845,1168.45,4.42594
807,-194,-602,632.49,2.39578
808,-310,-388,496.63,1.88118
809,-620,-680,920.22,3.48567
810,-140,-577,593.74,2.24902
811,1066,-381,1132.04,4.28803
812,1237,-378,1293.47,4.89949
813,264,-271,378.33,1.43309
814,-709,-288,765.26,2.89872
815,-711,-74,714.84,2.70773
816,-777,132,788.13,2.98535
817,-1114,400,1183.64,4.48347
818,-1265,-50,1265.99,4.79541
819,-776,-728,1064.03,4.03042
820,-442,-594,740.41,2.80457
821,-436,242,498.66,1.88886
822,-67,793,795.83,3.01449
823,-55,419,422.59,1.60074
824,-171,-214,273.93,1.03761
825,-824,-432,930.38,3.52415
826,-1445,-396,1498.28,5.67530
827,-1115,-703,1318.12,4.99287
828,-313,-907,959.49,3.63443
829,466,-315,562.48,2.13060
830,344,547,646.18,2.44764
831,-419,484,640.17,2.42488
832,-627,-140,642.44,2.43348
833,-534,-620,818.26,3.09948
834,-351,-688,772.36,2.92562
835,-337,-172,378.36,1.43317
836,-798,447,914.67,3.46464
837,-1354,317,1390.61,5.26747
838,-969,-142,979.35,3.70966
839,-335,-163,372.55,1.41118
840,-264,188,324.10,1.22765
841,-626,221,663.87,2.51464
842,-796,-195,819.54,3.10431
843,-260,-372,453.85,1.71915
844,206,-33,208.63,0.79025
845,155,182,239.06,0.90552
846,-22,-167,168.44,0.63804
847,-116,-553,565.04,2.14029
848,-16,-625,625.20,2.36820
# END
# FRAME,59,RX_TS,374522106861,FP_INDEX,750.1875,FP_INT,750,RXPACC,276,RXPWR,-68.72,STD_NOISE,124.00,NTM,13,NOISE_THRESH,1612.00,PEAK_IDX,752,PEAK_AMPL,18974,START,700,elapsed_s,5.8718
sample,real,imag,amplitude,amplitude_norm
700,-175,45,180.69,0.65469
701,-280,-107,299.75,1.08604
702,-48,61,77.62,0.28124
703,660,565,868.81,3.14785
704,864,773,1159.32,4.20044
705,694,644,946.77,3.43032
706,-167,60,177.45,0.64294
707,-690,-258,736.66,2.66905
708,-342,-237,416.09,1.50758
709,-69,259,268.03,0.97114
710,-2,342,342.01,1.23915
711,246,12,246.29,0.89236
712,307,87,319.09,1.15612
713,262,232,349.95,1.26795
714,132,216,253.14,0.91717
715,-113,107,155.62,0.56385
716,-142,10,142.35,0.51577
717,-156,51,164.12,0.59466
718,219,83,234.20,0.84855
719,684,644,939.46,3.40385
720,726,740,1036.67,3.75604
721,623,459,773.83,2.80373
722,-227,-52,232.88,0.84377
723,-589,-294,658.30,2.38514
724,-146,-105,179.84,0.65158
725,289,283,404.49,1.46553
726,185,344,390.59,1.41518
727,559,270,620.79,2.24924
728,707,300,768.02,2.78267
729,652,187,678.29,2.45756
730,16,39,42.15,0.15273
731,-559,-106,568.96,2.06145
732,-256,-101,275.20,0.99711
733,-53,-11,54.13,0.19612
734,-300,-318,437.18,1.58398
735,-787,-667,1031.63,3.73779
736,-904,-625,1099.02,3.98195
737,-750,-537,922.43,3.34212
738,-1,137,137.00,0.49639
739,357,332,487.52,1.76637
740,12,-85,85.84,0.31102
741,-497,-245,554.11,2.00763
742,-696,-402,803.75,2.91215
743,-875,-338,938.01,3.39860
744,-885,-524,1028.49,3.72643
745,-726,-534,901.24,3.26536
746,-152,87,175.14,0.63455
747,261,273,377.69,1.36844
748,304,-97,319.10,1.15616
749,713,-1163,1364.16,4.94262
750,4557,-6659,8068.99,29.23545
751,9512,-14784,17579.67,63.69446
752,9973,-16473,19256.70,69.77065
753,8812,-14411,16891.66,61.20168
754,872,1715,1923.96,6.97086
755,-4672,12273,13132.18,47.58036
756,-1909,5664,5977.05,21.65599
757,1217,-2235,2544.86,9.22051
758,-42,-1794,1794.49,6.50178
759,-2391,1092,2628.56,9.52378
760,-2200,1136,2475.98,8.97096
761,-1207,267,1236.18,4.47891
762,-466,235,521.90,1.89095
763,-745,1013,1257.46,4.55600
764,-789,1774,1941.55,7.03458
765,59,1713,1714.02,6.21020
766,344,1103,1155.40,4.18623
767,-567,184,596.11,2.15981
768,-1569,11,1569.04,5.68492
769,-1499,966,1783.30,6.46123
770,-232,2490,2500.78,9.06081
771,314,2375,2395.67,8.67995
772,-460,575,736.36,2.66797
773,-74,-229,240.66,0.87195
774,1320,1883,2299.58,8.33183
775,1340,2675,2991.86,10.84007
776,-781,906,1196.16,4.33391
777,-2534,-1410,2899.87,10.50678
778,-1543,-1619,2236.52,8.10332
779,36,-91,97.86,0.35457
780,487,1220,1313.61,4.75945
781,-829,2210,2360.37,8.55206
782,-2123,2859,3561.04,12.90232
783,-977,1904,2140.03,7.75375
784,610,934,1115.55,4.04185
785,1563,-278,1587.53,5.75192
786,1353,-917,1634.47,5.92200
787,1123,1120,1586.04,5.74653
788,826,5258,5322.48,19.28436
789,-238,7075,7079.00,25.64856
790,-1143,4273,4423.23,16.02620
791,-586,272,646.05,2.34076
792,272,-676,728.67,2.64011
793,1019,-552,1158.91,4.19894
794,724,-236,761.49,2.75903
795,-97,381,393.15,1.42447
796,-230,279,361.58,1.31008
797,307,-184,357.92,1.29680
798,860,-469,979.57,3.54917
799,759,282,809.69,2.93368
800,710,692,991.45,3.59219
801,827,69,829.87,3.00679
802,294,-1488,1516.77,5.49553
803,-196,-2006,2015.55,7.30273
804,-619,-720,949.51,3.44024
805,-763,582,959.63,3.47693
806,-1002,671,1205.92,4.36928
807,-814,-68,816.84,2.95955
808,-442,-44,444.18,1.60936
809,-699,314,766.29,2.77641
810,-606,128,619.37,2.24410
811,-39,-958,958.79,3.47389
812,110,-1563,1566.87,5.67705
813,-113,-668,677.49,2.45467
814,-487,366,609.20,2.20725
815,-384,504,633.62,2.29572
816,-165,697,716.26,2.59516
817,84,1166,1169.02,4.23559
818,-307,1276,1312.41,4.75512
819,-915,625,1108.08,4.01480
820,-1091,166,1103.56,3.99839
821,-538,252,594.09,2.15252
822,374,346,509.50,1.84602
823,481,374,609.29,2.20758
824,-17,161,161.90,0.58658
825,-747,593,953.76,3.45565
826,-1014,1182,1557.34,5.64255
827,-1030,778,1290.81,4.67684
828,-920,119,927.66,3.36110
829,-438,-430,613.79,2.22389
830,339,-291,446.77,1.61873
831,320,400,512.25,1.85598
832,-262,596,651.05,2.35886
833,-726,285,779.94,2.82586
834,-838,-82,842.00,3.05073
835,-501,23,501.53,1.81713
836,-42,684,685.29,2.48293
837,-237,1171,1194.74,4.32878
838,-605,1016,1182.49,4.28438
839,-487,356,603.25,2.18567
840,-218,374,432.90,1.56847
841,-35,758,758.81,2.74930
842,-432,982,1072.82,3.88704
843,-587,421,722.36,2.61726
844,-199,99,222.27,0.80531
845,128,29,131.24,0.47552
846,-109,63,125.90,0.45615
847,-594,143,610.97,2.21366
848,-671,-55,673.25,2.43931
849,-741,-218,772.40,2.79856
# END
# FRAME,60,RX_TS,380911850013,FP_INDEX,751.0625,FP_INT,751,RXPACC,273,RXPWR,-68.65,STD_NOISE,156.00,NTM,13,NOISE_THRESH,2028.00,PEAK_IDX,753,PEAK_AMPL,18680,START,701,elapsed_s,5.9741
sample,real,imag,amplitude,amplitude_norm
701,118,-121,169.01,0.61909
702,236,-128,268.48,0.98343
703,-12,128,128.56,0.47092
704,-782,258,823.46,3.01634
705,-978,344,1036.74,3.79756
706,-898,197,919.35,3.36760
707,18,-94,95.71,0.35058
708,694,-208,724.50,2.65385
709,305,-165,346.77,1.27022
710,-177,-318,363.94,1.33312
711,-180,-80,196.98,0.72153
712,-61,174,184.38,0.67539
713,-147,183,234.73,0.85982
714,-244,80,256.78,0.94059
715,-123,95,155.42,0.56929
716,84,-105,134.47,0.49255
717,271,-51,275.76,1.01010
718,124,-47,132.61,0.48575
719,-199,290,351.71,1.28832
720,-901,245,933.72,3.42021
721,-927,261,963.04,3.52763
722,-703,223,737.52,2.70154
723,75,-26,79.38,0.29076
724,659,-250,704.83,2.58178
725,135,-222,259.82,0.95174
726,-354,-95,366.53,1.34258
727,-332,-88,343.46,1.25811
728,-513,311,599.91,2.19747
729,-638,490,804.45,2.94671
730,-427,618,751.17,2.75153
731,-43,54,69.03,0.25285
732,465,-395,610.12,2.23488
733,318,-76,326.96,1.19764
734,301,139,331.54,1.21445
735,609,-38,610.18,2.23511
736,1043,-253,1073.25,3.93131
737,992,-377,1061.22,3.88726
738,1022,-244,1050.72,3.84880
739,100,-130,164.01,0.60078
740,-427,20,427.47,1.56582
741,195,89,214.35,0.78517
742,580,-170,604.40,2.21392
743,696,-350,779.05,2.85366
744,795,-558,971.28,3.55781
745,1058,-367,1119.85,4.10200
746,975,-266,1010.63,3.70196
747,139,-301,331.54,1.21445
748,-154,72,170.00,0.62271
749,153,290,327.89,1.20105
750,859,1569,1788.75,6.55221
751,3442,8430,9105.62,33.35391
752,7507,15931,17611.13,64.50962
753,8918,16485,18742.62,68.65430
754,7726,15566,17377.90,63.65531
755,-554,2361,2425.13,8.88325
756,-6778,-9450,11629.44,42.59866
757,-3093,-3997,5053.97,18.51273
758,1474,2505,2906.49,10.64649
759,1502,690,1652.91,6.05461
760,451,-2538,2577.76,9.44234
761,469,-2247,2295.42,8.40815
762,503,-1168,1271.70,4.65826
763,-1,-745,745.00,2.72894
764,-256,-951,984.85,3.60752
765,-869,-1357,1611.40,5.90256
766,-1340,-904,1616.42,5.92096
767,-1022,-423,1106.08,4.05157
768,292,-523,598.99,2.19411
769,854,-1330,1580.57,5.78965
770,219,-1459,1475.34,5.40419
771,-1595,-978,1870.96,6.85335
772,-1909,40,1909.42,6.99421
773,-159,610,630.38,2.30909
774,-2,769,769.00,2.81686
775,-2381,227,2391.80,8.76116
776,-2360,-432,2399.21,8.78833
777,504,-1170,1273.94,4.66644
778,2886,-1365,3192.53,11.69423
779,1934,-792,2089.89,7.65526
780,-511,-674,845.81,3.09821
781,-1742,-1765,2479.88,9.08380
782,-1394,-3536,3800.86,13.92256
783,-825,-3853,3940.33,14.43346
784,-1094,-1259,1667.91,6.10955
785,-1507,561,1608.03,5.89023
786,-1133,1448,1838.58,6.73474
787,-432,1410,1474.69,5.40181
788,-1654,202,1666.29,6.10362
789,-4694,-2233,5198.07,19.04055
790,-5454,-4063,6801.04,24.91222
791,-2512,-3097,3987.68,14.60687
792,261,-462,530.63,1.94369
793,487,663,822.64,3.01334
794,3,1131,1131.00,4.14287
795,-33,933,933.58,3.41972
796,-381,-331,504.70,1.84872
797,-499,-460,678.68,2.48599
798,-95,232,250.70,0.91830
799,195,969,988.43,3.62061
800,-392,482,621.28,2.27575
801,-953,312,1002.77,3.67316
802,-620,830,1036.00,3.79488
803,1043,1268,1641.85,6.01410
804,1891,999,2138.66,7.83393
805,1165,71,1167.16,4.27532
806,278,-788,835.60,3.06081
807,248,-1211,1236.13,4.52796
808,529,-707,883.00,3.23443
809,338,-518,618.52,2.26564
810,334,-897,957.17,3.50610
811,501,-808,950.72,3.48248
812,848,398,936.75,3.43133
813,1223,795,1458.68,5.34316
814,768,260,810.82,2.97003
815,100,-615,623.08,2.28233
816,-252,-567,620.48,2.27281
817,-470,-531,709.13,2.59753
818,-879,-760,1162.00,4.25641
819,-796,-1246,1478.56,5.41596
820,128,-1145,1152.13,4.22026
821,509,-742,899.80,3.29598
822,39,-435,436.74,1.59980
823,-481,253,543.48,1.99077
824,-417,362,552.21,2.02274
825,-68,-57,88.73,0.32502
826,-8,-862,862.04,3.15764
827,-316,-1619,1649.55,6.04231
828,175,-1436,1446.62,5.29899
829,753,-692,1022.68,3.74608
830,759,130,770.05,2.82071
831,132,569,584.11,2.13960
832,-472,-47,474.33,1.73749
833,-194,-657,685.04,2.50932
834,334,-845,908.61,3.32826
835,584,-845,1027.17,3.76253
836,300,-623,691.47,2.53285
837,-571,-471,740.19,2.71132
838,-830,-845,1184.45,4.33865
839,-444,-1046,1136.33,4.16239
840,-1,-503,503.00,1.84249
841,-166,-282,327.23,1.19865
842,-361,-366,514.08,1.88307
843,-269,-732,779.86,2.85664
844,154,-518,540.41,1.97951
845,60,-1,60.01,0.21981
846,-112,107,154.90,0.56739
847,155,-121,196.64,0.72028
848,352,-440,563.47,2.06401
849,486,-427,646.94,2.36973
850,500,-376,625.60,2.29158
# END
# FRAME,61,RX_TS,387301644325,FP_INDEX,751.0625,FP_INT,751,RXPACC,264,RXPWR,-69.11,STD_NOISE,160.00,NTM,13,NOISE_THRESH,2080.00,PEAK_IDX,753,PEAK_AMPL,17293,START,701,elapsed_s,6.0669
sample,real,imag,amplitude,amplitude_norm
701,60,-115,129.71,0.49133
702,211,-85,227.48,0.86166
703,-54,75,92.42,0.35007
704,-755,-9,755.05,2.86005
705,-1036,47,1037.07,3.92828
706,-996,-43,996.93,3.77624
707,-107,-110,153.46,0.58128
708,580,57,582.79,2.20755
709,358,26,358.94,1.35963
710,40,-172,176.59,0.66890
711,-84,-158,178.94,0.67781
712,-100,221,242.57,0.91883
713,-217,175,278.77,1.05596
714,-280,46,283.75,1.07482
715,-154,51,162.23,0.61449
716,110,-72,131.47,0.49799
717,218,-11,218.28,0.82681
718,138,6,138.13,0.52322
719,-249,159,295.44,1.11907
720,-730,-17,730.20,2.76590
721,-825,-30,825.55,3.12707
722,-647,50,648.93,2.45807
723,-19,-37,41.59,0.15755
724,543,-62,546.53,2.07018
725,124,-34,128.58,0.48703
726,-281,-88,294.46,1.11537
727,-246,-137,281.58,1.06658
728,-553,74,557.93,2.11337
729,-738,315,802.41,3.03945
730,-529,448,693.21,2.62581
731,-61,-28,67.12,0.25424
732,472,-308,563.60,2.13486
733,262,33,264.07,1.00027
734,132,92,160.90,0.60946
735,586,42,587.50,2.22539
736,1180,30,1180.38,4.47114
737,1107,-74,1109.47,4.20254
738,1030,61,1031.80,3.90835
739,264,-17,264.55,1.00207
740,-370,69,376.38,1.42568
741,128,143,191.92,0.72697
742,598,-108,607.67,2.30180
743,837,-208,862.46,3.26688
744,946,-317,997.70,3.77917
745,1036,-23,1036.26,3.92521
746,980,44,980.99,3.71586
747,254,-147,293.47,1.11163
748,-267,73,276.80,1.04848
749,-133,267,298.29,1.12989
750,266,1452,1476.16,5.59153
751,943,8368,8420.97,31.89760
752,2355,15923,16096.21,60.97049
753,3398,16481,16827.65,63.74109
754,2864,15802,16059.44,60.83122
755,-925,2525,2689.10,10.18598
756,-3745,-10671,11309.08,42.83742
757,-1898,-5048,5393.02,20.42812
758,554,2392,2455.32,9.30044
759,1154,1009,1532.90,5.80646
760,1088,-2427,2659.71,10.07467
761,1095,-2074,2345.31,8.88377
762,914,-1049,1391.33,5.27019
763,317,-731,796.77,3.01809
764,112,-1066,1071.87,4.06010
765,-325,-1650,1681.70,6.37009
766,-968,-1368,1675.84,6.34789
767,-913,-682,1139.60,4.31667
768,307,-463,555.53,2.10430
769,1221,-1068,1622.18,6.14462
770,846,-1454,1682.21,6.37201
771,-645,-1395,1536.90,5.82158
772,-580,-458,739.03,2.79935
773,1141,939,1477.70,5.59735
774,599,1073,1228.87,4.65482
775,-2159,-530,2223.10,8.42084
776,-2170,-1279,2518.88,9.54120
777,800,-993,1275.17,4.83018
778,2915,-339,2934.65,11.11608
779,1946,-123,1949.88,7.38592
780,-45,-305,308.30,1.16781
781,-768,-777,1092.50,4.13825
782,-503,-2084,2143.84,8.12062
783,-250,-3301,3310.45,12.53960
784,-736,-1869,2008.70,7.60869
785,-1135,-240,1160.10,4.39431
786,-1188,1056,1589.49,6.02080
787,-960,1369,1672.05,6.33353
788,-1820,-371,1857.43,7.03571
789,-3752,-3615,5210.16,19.73544
790,-3743,-5213,6417.59,24.30904
791,-1487,-3411,3721.03,14.09482
792,247,-352,430.02,1.62885
793,279,623,682.62,2.58568
794,-183,926,943.91,3.57541
795,-54,947,948.54,3.59295
796,-75,-44,86.95,0.32937
797,-302,-207,366.13,1.38687
798,-239,219,324.16,1.22789
799,-148,642,658.84,2.49560
800,-516,140,534.66,2.02521
801,-936,-54,937.56,3.55135
802,-867,526,1014.08,3.84122
803,561,1424,1530.52,5.79743
804,1510,1362,2033.51,7.70267
805,1199,294,1234.52,4.67621
806,542,-731,910.01,3.44702
807,673,-1047,1244.64,4.71456
808,732,-371,820.65,3.10852
809,259,-301,397.09,1.50414
810,258,-729,773.31,2.92920
811,320,-679,750.63,2.84328
812,513,580,774.32,2.93302
813,765,1128,1362.94,5.16266
814,531,569,778.28,2.94804
815,218,-519,562.93,2.13229
816,-172,-671,692.69,2.62384
817,-282,-690,745.40,2.82349
818,-623,-876,1074.94,4.07176
819,-408,-1232,1297.80,4.91591
820,272,-1062,1096.28,4.15257
821,471,-829,953.46,3.61158
822,-138,-601,616.64,2.33576
823,-763,-44,764.27,2.89495
824,-725,54,727.01,2.75382
825,-111,-218,244.63,0.92664
826,161,-846,861.18,3.26206
827,33,-1516,1516.36,5.74378
828,431,-1240,1312.77,4.97261
829,832,-597,1024.03,3.87889
830,565,155,585.88,2.21923
831,-189,527,559.87,2.12070
832,-543,-76,548.29,2.07687
833,-93,-629,635.84,2.40848
834,469,-696,839.27,3.17906
835,652,-572,867.35,3.28540
836,412,-472,626.52,2.37318
837,-276,-679,732.95,2.77633
838,-496,-1013,1127.91,4.27239
839,-210,-1164,1182.79,4.48027
840,137,-657,671.13,2.54217
841,12,-441,441.16,1.67107
842,-153,-444,469.62,1.77887
843,-113,-905,912.03,3.45465
844,116,-536,548.41,2.07731
845,-2,-74,74.03,0.28041
846,-30,-60,67.08,0.25410
847,371,-164,405.63,1.53648
848,607,-351,701.18,2.65598
849,675,-331,751.79,2.84768
850,562,-270,623.49,2.36172
# END
# FRAME,62,RX_TS,393691505705,FP_INDEX,750.8750,FP_INT,750,RXPACC,290,RXPWR,-69.19,STD_NOISE,168.00,NTM,13,NOISE_THRESH,2184.00,PEAK_IDX,753,PEAK_AMPL,19548,START,700,elapsed_s,6.1705
sample,real,imag,amplitude,amplitude_norm
700,83,-69,107.94,0.37219
701,308,34,309.87,1.06852
702,278,123,304.00,1.04826
703,-83,-188,205.51,0.70864
704,-557,-849,1015.41,3.50140
705,-683,-812,1061.05,3.65880
706,-451,-657,796.90,2.74793
707,141,173,223.18,0.76959
708,386,528,654.05,2.25534
709,300,140,331.06,1.14158
710,160,-327,364.05,1.25533
711,-4,-192,192.04,0.66221
712,-245,53,250.67,0.86437
713,-250,-125,279.51,0.96382
714,-294,-190,350.05,1.20707
715,-60,-113,127.94,0.44118
716,190,104,216.60,0.74690
717,183,166,247.07,0.85198
718,81,63,102.62,0.35385
719,-453,-253,518.86,1.78918
720,-568,-828,1004.10,3.46240
721,-620,-742,966.94,3.33426
722,-427,-484,645.43,2.22563
723,174,251,305.41,1.05315
724,373,499,623.00,2.14828
725,74,-38,83.19,0.28685
726,-128,-357,379.25,1.30777
727,-17,-367,367.39,1.26687
728,-469,-344,581.63,2.00563
729,-766,-224,798.08,2.75200
730,-654,-95,660.86,2.27884
731,152,-2,152.01,0.52418
732,584,302,657.46,2.26712
733,148,344,374.49,1.29133
734,139,341,368.24,1.26980
735,564,674,878.85,3.03051
736,823,1001,1295.89,4.46859
737,780,848,1152.17,3.97301
738,681,751,1013.79,3.49581
739,110,-29,113.76,0.39227
740,-126,-217,250.93,0.86527
741,156,335,369.54,1.27428
742,509,392,642.45,2.21535
743,827,404,920.40,3.17381
744,1079,426,1160.05,4.00017
745,983,824,1282.68,4.42303
746,767,618,984.99,3.39653
747,158,-89,181.34,0.62532
748,-294,12,294.24,1.01464
749,-272,467,540.44,1.86358
750,-1651,2324,2850.75,9.83017
751,-7952,9428,12333.75,42.53019
752,-12313,15562,19844.04,68.42771
753,-12283,16493,20564.32,70.91144
754,-10131,12909,16409.74,56.58530
755,364,-3720,3737.77,12.88885
756,5474,-10726,12042.08,41.52442
757,1001,-2583,2770.18,9.55234
758,-1623,3016,3424.96,11.81022
759,970,699,1195.62,4.12282
760,2742,-1118,2961.16,10.21091
761,2061,-511,2123.40,7.32208
762,1253,-178,1265.58,4.36407
763,836,-584,1019.78,3.51648
764,1043,-1114,1526.06,5.26226
765,828,-1824,2003.14,6.90737
766,82,-1614,1616.08,5.57270
767,48,-950,951.21,3.28004
768,1035,18,1035.16,3.56951
769,1940,87,1941.95,6.69638
770,1565,-811,1762.65,6.07811
771,796,-2025,2175.83,7.50287
772,901,-1044,1379.03,4.75529
773,920,961,1330.38,4.58753
774,-561,-64,564.64,1.94703
775,-1811,-3490,3931.90,13.55827
776,-413,-2924,2953.02,10.18284
777,1990,142,1995.06,6.87952
778,2663,2075,3375.97,11.64129
779,953,940,1338.58,4.61581
780,144,-1451,1458.13,5.02803
781,1024,-2720,2906.37,10.02196
782,2859,-2814,4011.54,13.83291
783,2533,-2146,3319.85,11.44776
784,124,-1494,1499.14,5.16944
785,-1389,-924,1668.26,5.75263
786,-2009,122,2012.70,6.94035
787,-1355,308,1389.56,4.79160
788,-623,-2445,2523.12,8.70043
789,391,-6529,6540.70,22.55413
790,1540,-6568,6746.13,23.26250
791,1121,-2455,2698.83,9.30630
792,-22,408,408.59,1.40894
793,-647,588,874.27,3.01473
794,-923,636,1120.90,3.86519
795,-256,665,712.57,2.45715
796,399,-9,399.10,1.37621
797,-47,-192,197.67,0.68162
798,-611,42,612.44,2.11187
799,-673,113,682.42,2.35317
800,-413,-650,770.11,2.65555
801,-716,-634,956.35,3.29777
802,-1180,374,1237.85,4.26845
803,-825,2131,2285.12,7.87973
804,-3,2152,2152.00,7.42070
805,788,744,1083.73,3.73701
806,1044,-202,1063.36,3.66677
807,1097,-102,1101.73,3.79908
808,499,311,587.98,2.02752
809,466,-19,466.39,1.60823
810,884,-160,898.36,3.09780
811,601,233,644.59,2.22271
812,39,1109,1109.69,3.82650
813,-126,1424,1429.56,4.92953
814,53,648,650.16,2.24194
815,369,-493,615.80,2.12345
816,402,-767,865.96,2.98608
817,451,-796,914.89,3.15478
818,467,-1074,1171.14,4.03841
819,732,-829,1105.92,3.81353
820,1018,-207,1038.83,3.58218
821,823,-67,825.72,2.84732
822,180,-588,614.93,2.12046
823,-672,-711,978.32,3.37351
824,-341,-423,543.33,1.87356
825,411,-122,428.72,1.47836
826,1044,-563,1186.13,4.09010
827,1200,-1005,1565.26,5.39743
828,1280,-504,1375.65,4.74362
829,1041,242,1068.76,3.68537
830,60,625,627.87,2.16508
831,-673,120,683.61,2.35729
832,-174,-653,675.78,2.33029
833,621,-427,753.64,2.59875
834,1069,21,1069.21,3.68692
835,756,282,806.88,2.78235
836,364,-156,396.02,1.36559
837,149,-923,934.95,3.22396
838,554,-1207,1328.07,4.57955
839,678,-692,968.79,3.34064
840,525,-272,591.28,2.03889
841,321,-366,486.82,1.67870
842,466,-670,816.12,2.81422
843,669,-512,842.44,2.90497
844,377,-92,388.06,1.33815
845,-58,-12,59.23,0.20424
846,31,-39,49.82,0.17179
847,531,189,563.63,1.94356
848,697,262,744.62,2.56764
849,642,387,749.62,2.58490
# END
# FRAME,63,RX_TS,400081299965,FP_INDEX,750.8125,FP_INT,750,RXPACC,270,RXPWR,-68.99,STD_NOISE,120.00,NTM,13,NOISE_THRESH,1560.00,PEAK_IDX,753,PEAK_AMPL,18371,START,700,elapsed_s,6.2890
sample,real,imag,amplitude,amplitude_norm
700,24,132,134.16,0.49690
701,-106,-108,151.33,0.56047
702,-70,-156,170.99,0.63328
703,143,284,317.97,1.17767
704,292,879,926.23,3.43049
705,324,1064,1112.24,4.11940
706,164,730,748.20,2.77109
707,-105,-271,290.63,1.07641
708,-180,-524,554.05,2.05205
709,-111,-197,226.12,0.83748
710,-284,264,387.75,1.43612
711,-18,287,287.56,1.06505
712,255,135,288.53,1.06863
713,237,297,379.97,1.40730
714,123,418,435.72,1.61378
715,17,157,157.92,0.58488
716,-140,-37,144.81,0.53632
717,-59,-117,131.03,0.48531
718,-25,38,45.49,0.16847
719,299,429,522.92,1.93673
720,257,980,1013.14,3.75236
721,218,950,974.69,3.60997
722,144,562,580.16,2.14872
723,-178,-386,425.06,1.57431
724,-236,-558,605.85,2.24391
725,-30,18,34.99,0.12958
726,13,340,340.25,1.26018
727,-85,472,479.59,1.77627
728,237,660,701.26,2.59727
729,475,634,792.20,2.93407
730,379,347,513.86,1.90318
731,-126,-165,207.61,0.76892
732,-232,-505,555.74,2.05830
733,-42,-199,203.38,0.75327
734,37,-214,217.18,0.80435
735,-117,-679,689.01,2.55188
736,-459,-1057,1152.36,4.26799
737,-344,-1010,1066.98,3.95176
738,-161,-662,681.30,2.52332
739,42,243,246.60,0.91334
740,86,350,360.41,1.33486
741,7,-309,309.08,1.14474
742,-205,-576,611.39,2.26442
743,-372,-620,723.04,2.67792
744,-429,-768,879.70,3.25813
745,-254,-986,1018.19,3.77108
746,-194,-655,683.13,2.53010
747,54,131,141.69,0.52479
748,220,283,358.45,1.32761
749,411,-36,412.57,1.52805
750,2533,-853,2672.77,9.89915
751,10670,-3629,11270.25,41.74166
752,16304,-6930,17715.68,65.61363
753,16447,-7857,18227.35,67.50871
754,11416,-4362,12220.97,45.26285
755,-5084,4212,6602.12,24.45230
756,-10149,6399,11997.89,44.43663
757,-1989,1679,2602.91,9.64042
758,2795,-1536,3189.25,11.81204
759,-298,-1166,1203.48,4.45733
760,-2749,-545,2802.50,10.37964
761,-2011,-538,2081.72,7.71008
762,-830,-383,914.11,3.38558
763,-636,173,659.11,2.44115
764,-1340,563,1453.47,5.38321
765,-1513,1230,1949.89,7.22181
766,-736,1393,1575.48,5.83512
767,-401,786,882.38,3.26808
768,-717,-514,882.20,3.26742
769,-1438,-911,1702.28,6.30475
770,-1787,355,1821.92,6.74785
771,-1571,2118,2637.04,9.76680
772,-1104,1592,1937.34,7.17533
773,-296,-162,337.43,1.24975
774,629,231,670.08,2.48176
775,803,2368,2500.45,9.26091
776,21,1588,1588.14,5.88200
777,-1086,-1306,1698.54,6.29088
778,-1237,-3034,3276.48,12.13511
779,-600,-1151,1298.00,4.80740
780,-369,746,832.27,3.08249
781,-1194,1203,1694.95,6.27758
782,-3061,832,3172.06,11.74836
783,-3390,779,3478.35,12.88279
784,-1189,1085,1609.64,5.96164
785,447,1232,1310.58,4.85402
786,1575,690,1719.51,6.36857
787,1031,630,1208.25,4.47499
788,-643,2479,2561.03,9.48531
789,-3265,4915,5900.63,21.85419
790,-4247,4559,6230.69,23.07663
791,-2272,1590,2773.10,10.27074
792,136,-346,371.77,1.37692
793,779,-239,814.84,3.01792
794,942,-145,953.09,3.52998
795,92,-457,466.17,1.72655
796,-468,-312,562.47,2.08321
797,90,-16,91.41,0.33856
798,735,234,771.35,2.85685
799,554,444,709.97,2.62950
800,-157,836,850.61,3.15042
801,145,1006,1016.40,3.76443
802,1113,168,1125.61,4.16892
803,1730,-1391,2219.86,8.22171
804,1034,-1565,1875.73,6.94717
805,-319,-674,745.68,2.76177
806,-1137,-68,1139.03,4.21864
807,-1071,-438,1157.10,4.28556
808,-439,-484,653.43,2.42013
809,-296,-129,322.89,1.19588
810,-583,-147,601.25,2.22684
811,-163,-307,347.59,1.28737
812,568,-592,820.42,3.03859
813,614,-738,960.02,3.55563
814,78,-437,443.91,1.64410
815,-662,92,668.36,2.47542
816,-774,326,839.85,3.11056
817,-711,488,862.36,3.19393
818,-885,873,1243.12,4.60416
819,-890,466,1004.62,3.72080
820,-1095,-148,1104.96,4.09243
821,-976,-226,1001.82,3.71046
822,-565,348,663.57,2.45768
823,161,780,796.44,2.94979
824,86,550,556.68,2.06179
825,-293,-8,293.11,1.08559
826,-1216,3,1216.00,4.50372
827,-1354,164,1363.90,5.05147
828,-1004,-205,1024.72,3.79524
829,-531,-460,702.54,2.60200
830,227,-350,417.17,1.54507
831,482,248,542.06,2.00763
832,-114,506,518.68,1.92105
833,-628,158,647.57,2.39841
834,-892,-376,968.01,3.58522
835,-577,-627,852.09,3.15589
836,-392,-143,417.27,1.54544
837,-457,690,827.62,3.06525
838,-903,922,1290.54,4.77978
839,-1013,455,1110.49,4.11294
840,-613,54,615.37,2.27916
841,-389,211,442.54,1.63904
842,-653,411,771.58,2.85769
843,-786,236,820.67,3.03950
844,-342,14,342.29,1.26773
845,118,112,162.69,0.60256
846,79,116,140.35,0.51980
847,-310,-258,403.32,1.49376
848,-466,-474,664.70,2.46187
849,-379,-435,576.95,2.13683
# END
# FRAME,64,RX_TS,406471084504,FP_INDEX,750.1094,FP_INT,750,RXPACC,264,RXPWR,-68.99,STD_NOISE,148.00,NTM,13,NOISE_THRESH,1924.00,PEAK_IDX,752,PEAK_AMPL,17425,START,700,elapsed_s,6.3577
sample,real,imag,amplitude,amplitude_norm
700,149,-120,191.31,0.72467
701,330,3,330.01,1.25005
702,48,75,89.04,0.33729
703,-678,-286,735.85,2.78732
704,-944,-407,1028.00,3.89394
705,-776,-433,888.63,3.36603
706,-56,-47,73.11,0.27693
707,514,316,603.37,2.28548
708,392,16,392.33,1.48608
709,161,-346,381.62,1.44555
710,36,-251,253.57,0.96049
711,-84,153,174.54,0.66114
712,-272,47,276.03,1.04557
713,-261,-85,274.49,1.03974
714,-149,-57,159.53,0.60428
715,106,-8,106.30,0.40266
716,178,124,216.93,0.82172
717,187,-5,187.07,0.70859
718,-276,18,276.59,1.04768
719,-698,-311,764.15,2.89451
720,-731,-337,804.94,3.04902
721,-711,-285,765.99,2.90149
722,-38,-28,47.20,0.17879
723,524,125,538.70,2.04054
724,221,7,221.11,0.83754
725,-189,-216,287.01,1.08717
726,-237,-223,325.42,1.23265
727,-507,-177,537.01,2.03412
728,-798,-57,800.03,3.03043
729,-744,174,764.08,2.89423
730,-41,-7,41.59,0.15755
731,599,-66,602.63,2.28267
732,312,244,396.08,1.50031
733,115,170,205.24,0.77744
734,479,346,590.90,2.23824
735,1092,463,1186.10,4.49280
736,1030,368,1093.77,4.14305
737,877,442,982.09,3.72002
738,258,80,270.12,1.02318
739,-278,-201,343.05,1.29944
740,75,120,141.51,0.53602
741,588,152,607.33,2.30049
742,796,163,812.52,3.07772
743,913,15,913.12,3.45880
744,973,264,1008.18,3.81886
745,1018,397,1092.67,4.13891
746,384,-128,404.77,1.53323
747,-216,-70,227.06,0.86007
748,-137,233,270.29,1.02383
749,-200,1394,1408.27,5.33437
750,-2123,7585,7876.51,29.83525
751,-4211,15508,16069.55,60.86953
752,-3948,16455,16921.99,64.09845
753,-3834,15839,16296.42,61.72888
754,-2083,2970,3627.64,13.74107
755,499,-11084,11095.23,42.02737
756,159,-5757,5759.20,21.81513
757,-420,2295,2333.11,8.83756
758,558,1589,1684.13,6.37927
759,1854,-1787,2575.01,9.75383
760,1827,-1644,2457.78,9.30976
761,1192,-630,1348.24,5.10699
762,620,-539,821.54,3.11188
763,447,-903,1007.58,3.81659
764,198,-1604,1616.17,6.12187
765,-342,-1658,1692.91,6.41252
766,-540,-997,1133.85,4.29488
767,510,-390,642.03,2.43192
768,1531,-517,1615.94,6.12097
769,1241,-952,1564.09,5.92459
770,-258,-1829,1847.11,6.99662
771,-1302,-1337,1866.22,7.06901
772,-631,125,643.26,2.43660
773,-512,556,755.83,2.86300
774,-1379,-1400,1965.11,7.44358
775,-1083,-2084,2348.60,8.89623
776,1167,-887,1465.83,5.55239
777,2623,515,2673.08,10.12530
778,1797,452,1852.97,7.01884
779,202,-589,622.68,2.35862
780,-270,-1850,1869.60,7.08181
781,706,-2774,2862.43,10.84254
782,1495,-3130,3468.71,13.13904
783,248,-1808,1824.93,6.91261
784,-1117,-583,1259.99,4.77269
785,-1651,428,1705.57,6.46051
786,-1484,1011,1795.66,6.80172
787,-1377,-673,1532.66,5.80554
788,-1867,-4373,4754.87,18.01088
789,-1363,-6425,6567.98,24.87872
790,-24,-3877,3877.07,14.68589
791,383,-101,396.09,1.50035
792,-53,831,832.69,3.15412
793,-409,754,857.79,3.24919
794,-68,608,611.79,2.31739
795,657,-150,673.91,2.55267
796,437,-46,439.41,1.66445
797,-90,395,405.12,1.53456
798,-551,317,635.68,2.40788
799,-603,-446,750.02,2.84097
800,-705,-598,924.46,3.50175
801,-790,265,833.26,3.15629
802,-180,1664,1673.71,6.33980
803,390,1881,1921.01,7.27654
804,692,669,962.51,3.64587
805,857,-216,883.80,3.34773
806,1130,-204,1148.27,4.34949
807,886,161,900.51,3.41102
808,322,-60,327.54,1.24069
809,320,-512,603.77,2.28703
810,352,-413,542.65,2.05551
811,185,555,585.02,2.21599
812,288,1035,1074.32,4.06940
813,312,572,651.56,2.46802
814,475,-429,640.05,2.42444
815,394,-888,971.48,3.67986
816,272,-862,903.90,3.42385
817,-95,-982,986.58,3.73706
818,-28,-1231,1231.32,4.66408
819,548,-789,960.64,3.63878
820,734,-580,935.50,3.54355
821,294,-653,716.13,2.71262
822,-635,-241,679.20,2.57271
823,-776,-211,804.17,3.04612
824,-78,-280,290.66,1.10099
825,596,-710,926.99,3.51134
826,751,-1315,1514.34,5.73614
827,851,-817,1179.70,4.46856
828,896,-106,902.25,3.41761
829,472,242,530.42,2.00918
830,-276,251,373.06,1.41312
831,-449,-312,546.76,2.07106
832,79,-567,572.48,2.16847
833,618,-444,760.96,2.88242
834,822,-217,850.16,3.22031
835,605,-61,608.07,2.30329
836,-94,-550,557.97,2.11354
837,-178,-1111,1125.17,4.26200
838,245,-1074,1101.59,4.17269
839,377,-467,600.18,2.27342
840,183,-292,344.61,1.30532
841,-27,-430,430.85,1.63200
842,301,-863,913.99,3.46207
843,449,-506,676.49,2.56246
844,147,-57,157.66,0.59721
845,-31,57,64.88,0.24577
846,325,56,329.79,1.24920
847,683,-42,684.29,2.59201
848,705,-2,705.00,2.67047
849,654,-110,663.19,2.51207
# END
# FRAME,65,RX_TS,412860872079,FP_INDEX,748.9687,FP_INT,748,RXPACC,276,RXPWR,-69.07,STD_NOISE,148.00,NTM,13,NOISE_THRESH,1924.00,PEAK_IDX,751,PEAK_AMPL,18858,START,698,elapsed_s,6.5087
sample,real,imag,amplitude,amplitude_norm
698,-46,90,101.07,0.36621
699,102,-111,150.75,0.54619
700,238,-7,238.10,0.86269
701,-87,154,176.88,0.64085
702,-879,222,906.60,3.28479
703,-1010,380,1079.12,3.90986
704,-701,225,736.22,2.66748
705,246,-118,272.84,0.98854
706,587,-278,649.50,2.35327
707,211,-163,266.63,0.96604
708,-246,-256,355.04,1.28637
709,-179,-73,193.31,0.70041
710,-33,298,299.82,1.08631
711,-179,241,300.20,1.08769
712,-242,209,319.76,1.15854
713,-43,115,122.78,0.44484
714,225,-116,253.14,0.91718
715,202,-137,244.08,0.88433
716,-34,-75,82.35,0.29836
717,-311,217,379.22,1.37400
718,-820,265,861.76,3.12231
719,-840,319,898.53,3.25555
720,-546,201,581.82,2.10805
721,203,-149,251.81,0.91237
722,598,-191,627.76,2.27450
723,24,-136,138.10,0.50037
724,-347,-63,352.67,1.27780
725,-339,-141,367.15,1.33027
726,-517,305,600.26,2.17486
727,-550,542,772.18,2.79776
728,-357,479,597.40,2.16450
729,126,-120,174.00,0.63043
730,562,-302,638.00,2.31161
731,312,-77,321.36,1.16435
732,242,58,248.85,0.90164
733,750,-118,759.23,2.75082
734,1208,-371,1263.69,4.57858
735,1076,-432,1159.48,4.20102
736,792,-332,858.77,3.11149
737,-166,34,169.45,0.61394
738,-400,204,449.02,1.62687
739,93,45,103.32,0.37433
740,520,-290,595.40,2.15724
741,777,-400,873.92,3.16636
742,777,-658,1018.18,3.68906
743,1025,-410,1103.96,3.99985
744,789,-287,839.58,3.04195
745,-120,-14,120.81,0.43773
746,-279,227,359.68,1.30319
747,22,251,251.96,0.91291
748,1028,1815,2085.91,7.55763
749,4213,9207,10125.13,36.68525
750,8375,16024,18080.63,65.50953
751,9761,16458,19134.86,69.32920
752,6626,12992,14584.10,52.84094
753,-3616,-3175,4812.08,17.43506
754,-7666,-10390,12912.00,46.78259
755,-2355,-2749,3619.81,13.11525
756,1796,2708,3249.44,11.77334
757,1187,141,1195.35,4.33096
758,159,-2872,2876.40,10.42173
759,283,-2278,2295.51,8.31707
760,401,-931,1013.69,3.67278
761,-11,-576,576.11,2.08734
762,-402,-1305,1365.51,4.94752
763,-1071,-1576,1905.47,6.90388
764,-1331,-762,1533.69,5.55685
765,-964,-205,985.56,3.57086
766,251,-699,742.70,2.69094
767,844,-1572,1784.24,6.46465
768,-95,-1707,1709.64,6.19435
769,-1529,-815,1732.65,6.27771
770,-866,351,934.43,3.38561
771,1051,1132,1544.68,5.59665
772,-55,1007,1008.50,3.65399
773,-3436,-298,3448.90,12.49601
774,-2743,-1010,2923.04,10.59072
775,700,-1562,1711.68,6.20173
776,3232,-1182,3441.36,12.46869
777,1806,-223,1819.72,6.59317
778,-170,-272,320.76,1.16216
779,-936,-1134,1470.39,5.32751
780,-864,-2706,2840.59,10.29198
781,-1092,-3202,3383.09,12.25756
782,-1300,-1279,1823.69,6.60757
783,-1297,467,1378.51,4.99461
784,-596,1749,1847.76,6.69478
785,-209,1421,1436.29,5.20394
786,-2043,-64,2044.00,7.40581
787,-4907,-2769,5634.36,20.41435
788,-4984,-4029,6408.83,23.22040
789,-2057,-2471,3215.13,11.64904
790,296,-36,298.18,1.08037
791,276,823,868.05,3.14510
792,250,921,954.33,3.45771
793,359,47,362.06,1.31182
794,178,-641,665.26,2.41035
795,-44,-103,112.00,0.40581
796,-156,564,585.18,2.12021
797,-325,526,618.30,2.24024
798,-850,-59,852.05,3.08712
799,-940,131,949.08,3.43871
800,-15,1005,1005.11,3.64171
801,1427,1395,1995.58,7.23038
802,1586,808,1779.96,6.44913
803,935,-291,979.24,3.54796
804,375,-946,1017.62,3.68701
805,531,-1159,1274.85,4.61902
806,587,-528,789.53,2.86061
807,121,-227,257.24,0.93201
808,-142,-457,478.55,1.73389
809,-101,-258,277.06,1.00386
810,353,290,456.85,1.65524
811,733,400,835.04,3.02550
812,628,221,665.75,2.41214
813,-73,-564,568.70,2.06052
814,-385,-786,875.23,3.17111
815,-457,-803,923.94,3.34759
816,-796,-793,1123.59,4.07100
817,-671,-882,1108.23,4.01531
818,-179,-1126,1140.14,4.13094
819,6,-1089,1089.02,3.94571
820,-438,-532,689.11,2.49676
821,-952,256,985.82,3.57181
822,-605,309,679.34,2.46139
823,43,-353,355.61,1.28844
824,13,-1316,1316.06,4.76835
825,-321,-1376,1412.95,5.11937
826,154,-1039,1050.35,3.80562
827,607,-615,864.10,3.13081
828,629,-1,629.00,2.27899
829,-154,508,530.83,1.92330
830,-735,49,736.63,2.66895
831,-311,-562,642.31,2.32722
832,375,-939,1011.11,3.66345
833,708,-807,1073.55,3.88968
834,306,-504,589.62,2.13631
835,-731,-465,866.36,3.13900
836,-1027,-810,1307.99,4.73908
837,-572,-824,1003.08,3.63433
838,-110,-558,568.74,2.06065
839,-119,-319,340.47,1.23360
840,-320,-581,663.30,2.40324
841,-94,-920,924.79,3.35069
842,187,-525,557.31,2.01924
843,24,46,51.88,0.18799
844,-123,22,124.95,0.45272
845,191,-404,446.87,1.61911
846,479,-534,717.35,2.59911
847,513,-408,655.46,2.37487
# END
# FRAME,66,RX_TS,419250615094,FP_INDEX,747.0781,FP_INT,747,RXPACC,265,RXPWR,-68.95,STD_NOISE,152.00,NTM,13,NOISE_THRESH,1976.00,PEAK_IDX,749,PEAK_AMPL,17695,START,697,elapsed_s,6.5741
sample,real,imag,amplitude,amplitude_norm
697,120,-116,166.90,0.62982
698,224,-144,266.29,1.00488
699,44,30,53.25,0.20096
700,-746,50,747.67,2.82141
701,-879,94,884.01,3.33589
702,-882,38,882.82,3.33139
703,-98,-17,99.46,0.37533
704,571,-10,571.09,2.15505
705,348,-137,374.00,1.41131
706,-25,-337,337.93,1.27519
707,-144,-209,253.81,0.95775
708,-135,245,279.73,1.05559
709,-219,266,344.55,1.30020
710,-228,64,236.81,0.89363
711,-157,101,186.68,0.70446
712,126,-60,139.56,0.52663
713,192,-5,192.07,0.72477
714,152,-140,206.65,0.77981
715,-264,143,300.24,1.13299
716,-799,52,800.69,3.02147
717,-926,38,926.78,3.49728
718,-767,46,768.38,2.89954
719,-46,-15,48.38,0.18258
720,584,-19,584.31,2.20494
721,88,8,88.36,0.33344
722,-336,-151,368.37,1.39008
723,-324,-211,386.65,1.45905
724,-487,75,492.74,1.85940
725,-656,372,754.14,2.84579
726,-544,517,750.48,2.83201
727,-146,29,148.85,0.56171
728,515,-311,601.62,2.27026
729,404,-13,404.21,1.52532
730,220,102,242.50,0.91508
731,532,97,540.77,2.04064
732,1080,-40,1080.74,4.07827
733,1039,-197,1057.51,3.99061
734,963,-54,964.51,3.63967
735,166,-41,170.99,0.64524
736,-427,-2,427.00,1.61134
737,116,73,137.06,0.51720
738,581,-147,599.31,2.26154
739,721,-247,762.14,2.87598
740,896,-356,964.13,3.63824
741,1023,-213,1044.94,3.94317
742,1034,-96,1038.45,3.91867
743,236,-195,306.14,1.15524
744,-267,48,271.28,1.02370
745,-37,347,348.97,1.31686
746,484,1488,1564.74,5.90467
747,1634,8231,8391.62,31.66649
748,3862,15823,16287.49,61.46223
749,4981,16478,17214.38,64.95992
750,4314,15744,16324.34,61.60129
751,-644,2742,2816.61,10.62872
752,-4583,-10255,11232.49,42.38677
753,-2296,-4792,5313.65,20.05151
754,841,2412,2554.41,9.63929
755,1282,1037,1648.91,6.22229
756,868,-2399,2551.20,9.62717
757,775,-2124,2260.97,8.53197
758,790,-1080,1338.10,5.04942
759,282,-760,810.63,3.05899
760,-47,-1145,1145.96,4.32439
761,-577,-1606,1706.51,6.43965
762,-1050,-1218,1608.11,6.06835
763,-853,-430,955.25,3.60473
764,299,-519,598.97,2.26025
765,1110,-1188,1625.87,6.13535
766,605,-1499,1616.49,6.09995
767,-888,-1468,1715.68,6.47428
768,-767,-531,932.87,3.52027
769,992,638,1179.45,4.45076
770,351,1079,1134.66,4.28172
771,-2806,-234,2815.74,10.62543
772,-2702,-998,2880.42,10.86950
773,746,-1115,1341.54,5.06243
774,3291,-657,3355.94,12.66392
775,1991,-67,1992.13,7.51746
776,-329,-219,395.22,1.49141
777,-1279,-1014,1632.19,6.15920
778,-472,-2417,2462.66,9.29304
779,16,-3415,3415.04,12.88693
780,-601,-1664,1769.21,6.67626
781,-1242,75,1244.26,4.69533
782,-1200,1227,1716.25,6.47643
783,-768,1441,1632.88,6.16182
784,-1731,-232,1746.48,6.59048
785,-3849,-3203,5007.40,18.89583
786,-4012,-4815,6267.41,23.65059
787,-1674,-3091,3515.19,13.26487
788,297,-203,359.75,1.35754
789,258,658,706.77,2.66707
790,-154,802,816.65,3.08170
791,66,461,465.70,1.75736
792,243,-346,422.81,1.59549
793,62,-129,143.13,0.54010
794,7,488,488.05,1.84170
795,-309,538,620.42,2.34122
796,-720,-163,738.22,2.78574
797,-866,-178,884.10,3.33624
798,-533,671,856.93,3.23370
799,741,1582,1746.94,6.59223
800,1412,1438,2015.34,7.60505
801,1140,277,1173.17,4.42706
802,657,-723,976.92,3.68650
803,812,-1004,1291.26,4.87269
804,705,-403,812.06,3.06436
805,200,-181,269.74,1.01790
806,-29,-384,385.09,1.45318
807,52,-365,368.69,1.39127
808,158,112,193.67,0.73083
809,439,295,528.91,1.99589
810,467,96,476.77,1.79911
811,193,-661,688.60,2.59849
812,-39,-892,892.85,3.36925
813,-154,-834,848.10,3.20037
814,-674,-809,1052.98,3.97349
815,-687,-998,1211.60,4.57207
816,-30,-1001,1001.45,3.77905
817,238,-1008,1035.72,3.90836
818,-236,-914,943.98,3.56218
819,-902,-215,927.27,3.49913
820,-819,-26,819.41,3.09212
821,-146,-251,290.37,1.09575
822,159,-891,905.08,3.41538
823,-25,-1446,1446.22,5.45742
824,315,-1144,1186.58,4.47764
825,754,-537,925.68,3.49314
826,627,-7,627.04,2.36619
827,-143,284,317.97,1.19989
828,-758,-128,768.73,2.90087
829,-290,-596,662.81,2.50117
830,524,-817,970.60,3.66264
831,758,-816,1113.74,4.20280
832,450,-509,679.40,2.56376
833,-403,-622,741.14,2.79677
834,-736,-948,1200.17,4.52893
835,-321,-1014,1063.60,4.01357
836,136,-559,575.31,2.17097
837,-20,-290,290.69,1.09694
838,-158,-369,401.40,1.51473
839,-105,-804,810.83,3.05973
840,183,-535,565.43,2.13371
841,59,-85,103.47,0.39045
842,3,2,3.61,0.01361
843,434,-169,465.74,1.75752
844,639,-307,708.92,2.67518
845,568,-246,618.98,2.33578
846,502,-317,593.71,2.24042
# END
# FRAME,67,RX_TS,425640409270,FP_INDEX,753.7031,FP_INT,753,RXPACC,265,RXPWR,-68.88,STD_NOISE,124.00,NTM,13,NOISE_THRESH,1612.00,PEAK_IDX,756,PEAK_AMPL,17612,START,703,elapsed_s,6.6495
sample,real,imag,amplitude,amplitude_norm
703,1,73,73.01,0.27550
704,-135,-160,209.34,0.78998
705,-48,-155,162.26,0.61231
706,43,335,337.75,1.27452
707,64,980,982.09,3.70599
708,105,995,1000.52,3.77557
709,-51,752,753.73,2.84425
710,38,-181,184.95,0.69791
711,48,-551,553.09,2.08712
712,-83,-170,189.18,0.71389
713,-299,123,323.31,1.22004
714,-28,120,123.22,0.46499
715,242,147,283.15,1.06848
716,122,316,338.73,1.27824
717,106,365,380.08,1.43427
718,87,102,134.06,0.50590
719,-54,-96,110.15,0.41564
720,-23,-157,158.68,0.59878
721,21,-3,21.21,0.08005
722,306,508,593.04,2.23790
723,30,924,924.49,3.48863
724,9,855,855.05,3.22659
725,42,625,626.41,2.36381
726,-10,-214,214.23,0.80843
727,54,-410,413.54,1.56053
728,-99,161,189.00,0.71322
729,-197,396,442.30,1.66904
730,-150,458,481.94,1.81863
731,115,714,723.20,2.72906
732,397,731,831.85,3.13905
733,333,548,641.24,2.41979
734,-278,-57,283.78,1.07088
735,-261,-353,439.01,1.65664
736,19,-116,117.55,0.44357
737,37,-251,253.71,0.95741
738,96,-721,727.36,2.74477
739,-172,-1046,1060.05,4.00018
740,-155,-1010,1021.82,3.85594
741,-22,-837,837.29,3.15958
742,21,156,157.41,0.59399
743,68,305,312.49,1.17920
744,60,-336,341.32,1.28798
745,-189,-591,620.49,2.34145
746,-252,-630,678.53,2.56049
747,-249,-744,784.56,2.96061
748,-85,-1029,1032.50,3.89624
749,-96,-787,792.83,2.99182
750,-51,-30,59.17,0.22328
751,174,299,345.94,1.30545
752,416,52,419.24,1.58203
753,2810,-497,2853.61,10.76835
754,11625,-1909,11780.70,44.45547
755,16407,-3879,16859.31,63.62003
756,16493,-4602,17123.01,64.61513
757,13607,-2861,13904.52,52.46990
758,-3113,2518,4003.88,15.10900
759,-10148,4306,11023.77,41.59914
760,-1952,1165,2273.22,8.57819
761,2944,-1126,3151.99,11.89428
762,-421,-1132,1207.75,4.55756
763,-2480,-870,2628.17,9.91764
764,-1731,-797,1905.67,7.19120
765,-1022,-554,1162.50,4.38678
766,-784,-13,784.11,2.95890
767,-1192,141,1200.31,4.52947
768,-1620,808,1810.32,6.83140
769,-1025,1186,1567.55,5.91529
770,-554,586,806.42,3.04309
771,-712,-686,988.71,3.73097
772,-1334,-1087,1720.79,6.49355
773,-1664,-75,1665.69,6.28562
774,-1501,1167,1901.29,7.17467
775,-608,2,608.00,2.29435
776,681,-1502,1649.17,6.22329
777,819,192,841.20,3.17436
778,83,3071,3072.12,11.59291
779,-471,1671,1736.11,6.55136
780,-772,-1628,1801.77,6.79912
781,-433,-3017,3047.91,11.50156
782,-467,-947,1055.89,3.98448
783,-988,1290,1624.88,6.13163
784,-1804,1519,2358.34,8.89940
785,-3229,486,3265.37,12.32215
786,-3028,94,3029.46,11.43192
787,-1002,924,1363.00,5.14341
788,464,1419,1492.94,5.63372
789,1434,1279,1921.51,7.25098
790,1033,908,1375.34,5.18995
791,-1175,2344,2622.01,9.89439
792,-4292,4242,6034.55,22.77190
793,-5140,3483,6208.94,23.42995
794,-2242,877,2407.42,9.08462
795,287,-328,435.84,1.64466
796,775,28,775.51,2.92644
797,810,339,878.08,3.31350
798,49,11,50.22,0.18951
799,-563,51,565.31,2.13323
800,27,-5,27.46,0.10362
801,596,83,601.75,2.27076
802,471,419,630.40,2.37886
803,-265,957,993.01,3.74722
804,92,1012,1016.17,3.83462
805,1077,327,1125.55,4.24735
806,1782,-873,1984.35,7.48812
807,1164,-1124,1618.11,6.10607
808,-95,-793,798.67,3.01385
809,-759,-511,914.99,3.45278
810,-703,-555,895.68,3.37991
811,-217,-325,390.79,1.47467
812,-222,148,266.81,1.00683
813,-478,71,483.24,1.82356
814,-306,-63,312.42,1.17894
815,254,-291,386.26,1.45759
816,311,-504,592.23,2.23483
817,-134,-300,328.57,1.23987
818,-947,-182,964.33,3.63898
819,-939,-86,942.93,3.55823
820,-862,234,893.20,3.37055
821,-899,784,1192.84,4.50127
822,-1014,564,1160.30,4.37848
823,-1030,-162,1042.66,3.93457
824,-998,-284,1037.62,3.91556
825,-710,364,797.87,3.01083
826,-166,894,909.28,3.43125
827,-146,537,556.49,2.09998
828,-429,31,430.12,1.62309
829,-1102,-53,1103.27,4.16330
830,-1328,27,1328.27,5.01236
831,-948,-408,1032.07,3.89460
832,-475,-759,895.38,3.37879
833,163,-406,437.50,1.65094
834,318,431,535.62,2.02119
835,-182,630,655.76,2.47457
836,-638,-6,638.03,2.40765
837,-912,-590,1086.21,4.09889
838,-603,-688,914.85,3.45227
839,-480,-28,480.82,1.81440
840,-783,703,1052.28,3.97088
841,-1245,740,1448.32,5.46535
842,-993,170,1007.45,3.80169
843,-442,-118,457.48,1.72634
844,-218,129,253.31,0.95588
845,-527,290,601.52,2.26990
846,-751,38,751.96,2.83759
847,-388,-51,391.34,1.47675
848,-5,36,36.35,0.13715
849,43,-48,64.44,0.24318
850,-249,-421,489.12,1.84575
851,-349,-541,643.80,2.42944
852,-327,-455,560.32,2.11440
# END
# FRAME,68,RX_TS,432030270508,FP_INDEX,750.6719,FP_INT,750,RXPACC,265,RXPWR,-69.23,STD_NOISE,148.00,NTM,13,NOISE_THRESH,1924.00,PEAK_IDX,753,PEAK_AMPL,17571,START,700,elapsed_s,6.7888
sample,real,imag,amplitude,amplitude_norm
700,33,18,37.59,0.14185
701,186,-115,218.68,0.82521
702,159,-26,161.11,0.60797
703,-295,59,300.84,1.13525
704,-887,41,887.95,3.35074
705,-914,85,917.94,3.46394
706,-439,16,439.29,1.65770
707,468,-21,468.47,1.76781
708,672,-54,674.17,2.54402
709,196,-102,220.95,0.83378
710,-226,-207,306.47,1.15650
711,-156,-37,160.33,0.60501
712,-188,176,257.53,0.97180
713,-220,85,235.85,0.89000
714,-246,19,246.73,0.93107
715,-4,-50,50.16,0.18928
716,180,-128,220.87,0.83348
717,126,-103,162.74,0.61412
718,-2,-56,56.04,0.21146
719,-504,209,545.62,2.05893
720,-817,16,817.16,3.08361
721,-827,46,828.28,3.12558
722,-306,16,306.42,1.15629
723,516,-43,517.79,1.95392
724,472,-55,475.19,1.79318
725,-220,-122,251.56,0.94929
726,-335,-72,342.65,1.29302
727,-362,-52,365.72,1.38006
728,-630,169,652.27,2.46141
729,-645,392,754.78,2.84822
730,-351,251,431.51,1.62834
731,338,-162,374.82,1.41440
732,675,-192,701.78,2.64821
733,275,47,278.99,1.05278
734,301,69,308.81,1.16531
735,823,39,823.92,3.10915
736,1103,-192,1119.59,4.22485
737,998,-135,1007.09,3.80034
738,653,-91,659.31,2.48796
739,-277,-61,283.64,1.07033
740,-215,106,239.71,0.90457
741,352,65,357.95,1.35076
742,638,-188,665.12,2.50990
743,839,-336,903.78,3.41049
744,907,-320,961.79,3.62941
745,1047,14,1047.09,3.95130
746,678,-48,679.70,2.56489
747,-114,-13,114.74,0.43298
748,-246,179,304.23,1.14804
749,50,427,429.92,1.62233
750,565,3064,3115.66,11.75720
751,1951,11821,11980.92,45.21102
752,3847,16424,16868.53,63.65482
753,4501,16474,17077.81,64.44457
754,1726,9923,10071.99,38.00751
755,-3359,-7259,7998.50,30.18301
756,-3983,-10519,11247.83,42.44463
757,-678,-1191,1370.46,5.17155
758,1202,3059,3286.68,12.40258
759,1152,-541,1272.71,4.80267
760,1004,-2568,2757.29,10.40486
761,963,-1657,1916.51,7.23212
762,623,-591,858.73,3.24047
763,169,-674,694.86,2.62213
764,-100,-1555,1558.21,5.88005
765,-856,-1677,1882.83,7.10504
766,-1060,-849,1358.09,5.12486
767,-474,-432,641.33,2.42010
768,830,-686,1076.80,4.06339
769,1213,-1320,1792.70,6.76490
770,11,-1776,1776.03,6.70202
771,-1001,-1489,1794.19,6.77053
772,289,-548,619.54,2.33787
773,1671,743,1828.74,6.90091
774,-220,1054,1076.72,4.06308
775,-2949,243,2958.99,11.16602
776,-1413,-545,1514.46,5.71495
777,1982,-771,2126.68,8.02521
778,3147,-475,3182.65,12.00998
779,647,-583,870.92,3.28648
780,-1378,-1320,1908.21,7.20081
781,-1309,-2167,2531.67,9.55348
782,-381,-3420,3441.16,12.98550
783,-117,-2953,2955.32,11.15214
784,-1001,-946,1377.29,5.19731
785,-1415,508,1503.43,5.67331
786,-863,1586,1805.59,6.81356
787,-585,963,1126.76,4.25193
788,-2407,-1369,2769.08,10.44936
789,-4046,-4314,5914.45,22.31868
790,-3021,-4738,5619.17,21.20442
791,-680,-1947,2062.33,7.78238
792,219,382,440.32,1.66160
793,-54,839,840.74,3.17259
794,-142,712,726.02,2.73971
795,246,-190,310.83,1.17295
796,180,-713,735.37,2.77498
797,36,39,53.08,0.20028
798,-65,649,652.25,2.46131
799,-390,410,565.86,2.13533
800,-901,-235,931.14,3.51374
801,-910,130,919.24,3.46883
802,-33,1211,1211.45,4.57151
803,1110,1834,2143.75,8.08961
804,1149,1145,1622.11,6.12115
805,761,-126,771.36,2.91079
806,542,-962,1104.18,4.16671
807,791,-888,1189.21,4.48759
808,403,-263,481.23,1.81595
809,-121,-257,284.06,1.07192
810,-217,-429,480.76,1.81419
811,86,-103,134.18,0.50635
812,440,332,551.20,2.08001
813,520,349,626.26,2.36324
814,318,-171,361.06,1.36249
815,143,-850,861.94,3.25262
816,146,-881,893.02,3.36987
817,-153,-769,784.07,2.95876
818,-715,-875,1129.98,4.26407
819,-437,-929,1026.65,3.87415
820,265,-932,968.94,3.65639
821,453,-840,954.36,3.60137
822,-253,-576,629.11,2.37402
823,-822,-125,831.45,3.13755
824,-397,-133,418.69,1.57995
825,168,-454,484.09,1.82674
826,169,-1214,1225.71,4.62531
827,20,-1341,1341.15,5.06094
828,550,-961,1107.26,4.17833
829,774,-368,857.03,3.23407
830,377,251,452.91,1.70910
831,-417,306,517.23,1.95180
832,-552,-207,589.54,2.22467
833,15,-556,556.20,2.09888
834,662,-798,1036.85,3.91262
835,684,-480,835.62,3.15327
836,-8,-377,377.08,1.42296
837,-713,-766,1046.48,3.94899
838,-596,-1282,1413.77,5.33497
839,22,-990,990.24,3.73677
840,245,-499,555.90,2.09774
841,-159,-215,267.41,1.00908
842,-343,-592,684.19,2.58184
843,1,-853,853.00,3.21887
844,116,-445,459.87,1.73536
845,4,14,14.56,0.05494
846,85,-31,90.48,0.34142
847,545,-187,576.19,2.17430
848,585,-285,650.73,2.45559
849,559,-283,626.55,2.36436
# END
# FRAME,69,RX_TS,438420064654,FP_INDEX,748.8281,FP_INT,748,RXPACC,265,RXPWR,-68.98,STD_NOISE,112.00,NTM,13,NOISE_THRESH,1456.00,PEAK_IDX,751,PEAK_AMPL,17610,START,698,elapsed_s,6.8730
sample,real,imag,amplitude,amplitude_norm
698,-39,-39,55.15,0.20813
699,203,-53,209.80,0.79172
700,224,58,231.39,0.87316
701,-156,-45,162.36,0.61268
702,-758,-307,817.81,3.08608
703,-876,-328,935.39,3.52978
704,-530,-271,595.27,2.24628
705,316,135,343.63,1.29671
706,601,249,650.54,2.45487
707,228,53,234.08,0.88332
708,-5,-299,299.04,1.12846
709,-68,-156,170.18,0.64218
710,-252,142,289.25,1.09153
711,-306,2,306.01,1.15474
712,-235,-128,267.60,1.00981
713,18,2,18.11,0.06834
714,249,43,252.69,0.95353
715,214,40,217.71,0.82153
716,76,-77,108.19,0.40826
717,-370,-23,370.71,1.39892
718,-707,-322,776.87,2.93160
719,-739,-322,806.10,3.04191
720,-450,-195,490.43,1.85069
721,370,133,393.18,1.48369
722,474,232,527.73,1.99144
723,21,-148,149.48,0.56408
724,-228,-375,438.87,1.65612
725,-178,-351,393.55,1.48511
726,-525,-170,551.84,2.08241
727,-715,-4,715.01,2.69816
728,-479,53,481.92,1.81858
729,359,-49,362.33,1.36728
730,648,52,650.08,2.45314
731,230,128,263.22,0.99328
732,223,196,296.89,1.12035
733,582,331,669.54,2.52657
734,1103,302,1143.60,4.31546
735,1047,289,1086.15,4.09869
736,714,219,746.83,2.81823
737,-139,-157,209.69,0.79128
738,-219,-51,224.86,0.84853
739,218,261,340.07,1.28327
740,598,98,605.98,2.28671
741,765,69,768.11,2.89851
742,921,120,928.78,3.50485
743,959,443,1056.38,3.98632
744,820,339,887.31,3.34834
745,41,37,55.23,0.20840
746,-271,29,272.55,1.02848
747,-167,273,320.03,1.20765
748,-653,2274,2365.90,8.92793
749,-3328,10000,10539.24,39.77072
750,-4743,16136,16818.64,63.46655
751,-4419,16487,17068.94,64.41110
752,-3677,11983,12534.46,47.29984
753,-190,-5771,5774.13,21.78916
754,1305,-12015,12085.66,45.60628
755,111,-2786,2788.21,10.52155
756,-351,3205,3224.16,12.16665
757,1057,711,1273.88,4.80709
758,2084,-1670,2670.57,10.07763
759,1750,-1242,2145.94,8.09789
760,963,-381,1035.63,3.90804
761,360,-432,562.34,2.12203
762,566,-1351,1464.77,5.52744
763,170,-1876,1883.69,7.10825
764,-408,-1288,1351.08,5.09840
765,-293,-661,723.03,2.72841
766,804,-236,837.92,3.16197
767,1606,-552,1698.22,6.40836
768,944,-1405,1692.68,6.38747
769,-294,-1870,1892.97,7.14328
770,248,-862,896.97,3.38478
771,1226,1134,1670.04,6.30204
772,-184,1136,1150.80,4.34266
773,-2541,-610,2613.19,9.86111
774,-1585,-869,1807.59,6.82110
775,1482,138,1488.41,5.61665
776,2995,941,3139.35,11.84660
777,1251,-363,1302.60,4.91548
778,-293,-1758,1782.25,6.72547
779,-225,-2333,2343.82,8.84462
780,1104,-2991,3188.24,12.03111
781,1459,-2937,3279.43,12.37520
782,-104,-1529,1532.53,5.78314
783,-1227,-395,1289.01,4.86420
784,-1593,876,1817.97,6.86027
785,-1121,748,1347.64,5.08545
786,-1470,-1761,2293.91,8.65626
787,-1752,-5421,5697.08,21.49842
788,-870,-6008,6070.66,22.90817
789,47,-2756,2756.40,10.40151
790,-9,200,200.20,0.75548
791,-438,674,803.82,3.03327
792,-588,552,806.50,3.04341
793,164,-38,168.34,0.63526
794,490,-581,760.04,2.86808
795,130,-180,222.04,0.83787
796,-300,409,507.23,1.91407
797,-385,187,428.01,1.61514
798,-394,-615,730.38,2.75617
799,-714,-439,838.16,3.16288
800,-621,835,1040.61,3.92682
801,130,2037,2041.14,7.70243
802,517,1632,1711.93,6.46012
803,703,274,754.51,2.84721
804,847,-604,1040.30,3.92566
805,1079,-552,1212.00,4.57359
806,682,-60,684.63,2.58353
807,104,-240,261.56,0.98704
808,124,-533,547.23,2.06503
809,164,-145,218.91,0.82607
810,198,661,690.02,2.60384
811,370,798,879.60,3.31926
812,393,246,463.64,1.74960
813,536,-690,873.73,3.29708
814,514,-688,858.80,3.24076
815,226,-748,781.40,2.94866
816,-171,-1071,1084.57,4.09270
817,54,-1050,1051.39,3.96750
818,595,-784,984.22,3.71402
819,715,-536,893.60,3.37208
820,237,-612,656.29,2.47656
821,-478,-530,713.71,2.69325
822,-294,-378,478.87,1.80707
823,277,-293,403.21,1.52155
824,644,-938,1137.80,4.29357
825,583,-1177,1313.48,4.95651
826,926,-665,1140.04,4.30205
827,1091,-24,1091.26,4.11798
828,502,491,702.20,2.64981
829,-409,257,483.04,1.82280
830,-459,-324,561.83,2.12013
831,232,-529,577.64,2.17976
832,931,-377,1004.44,3.79032
833,901,-161,915.27,3.45385
834,329,-363,489.91,1.84871
835,-222,-1045,1068.32,4.03140
836,-16,-1364,1364.09,5.14752
837,380,-898,975.09,3.67959
838,391,-318,503.99,1.90185
839,72,-260,269.79,1.01806
840,139,-617,632.46,2.38665
841,502,-777,925.06,3.49079
842,520,-343,622.94,2.35070
843,132,-10,132.38,0.49954
844,65,84,106.21,0.40080
845,518,122,532.17,2.00820
846,622,35,622.98,2.35088
847,635,-19,635.28,2.39730
# END
# FRAME,70,RX_TS,444809849049,FP_INDEX,753.7500,FP_INT,753,RXPACC,275,RXPWR,-68.95,STD_NOISE,124.00,NTM,13,NOISE_THRESH,1612.00,PEAK_IDX,756,PEAK_AMPL,18916,START,703,elapsed_s,6.9570
sample,real,imag,amplitude,amplitude_norm
703,85,10,85.59,0.31122
704,13,278,278.30,1.01201
705,-76,133,153.18,0.55703
706,346,-62,351.51,1.27822
707,880,-266,919.32,3.34300
708,965,-308,1012.96,3.68349
709,640,-120,651.15,2.36783
710,-348,165,385.14,1.40049
711,-535,293,609.98,2.21810
712,5,237,237.05,0.86201
713,339,267,431.52,1.56917
714,226,21,226.97,0.82536
715,158,-226,275.75,1.00274
716,286,-128,313.34,1.13941
717,314,-41,316.67,1.15151
718,63,100,118.19,0.42978
719,-88,183,203.06,0.73840
720,-98,145,175.01,0.63641
721,112,150,187.20,0.68073
722,469,-276,544.18,1.97885
723,900,-258,936.25,3.40455
724,932,-189,950.97,3.45807
725,557,5,557.02,2.02554
726,-328,246,410.00,1.49091
727,-430,220,483.01,1.75640
728,174,66,186.10,0.67672
729,421,13,421.20,1.53164
730,472,54,475.08,1.72756
731,642,-251,689.32,2.50663
732,644,-562,854.74,3.10814
733,387,-317,500.26,1.81912
734,-217,358,418.63,1.52230
735,-432,439,615.91,2.23967
736,-182,82,199.62,0.72589
737,-235,60,242.54,0.88196
738,-714,302,775.24,2.81906
739,-1001,572,1152.90,4.19237
740,-973,491,1089.87,3.96315
741,-632,297,698.31,2.53930
742,358,4,358.02,1.30190
743,331,-78,340.07,1.23660
744,-264,31,265.81,0.96660
745,-499,349,608.94,2.21431
746,-646,489,810.21,2.94621
747,-763,556,944.09,3.43305
748,-996,412,1077.85,3.91945
749,-598,359,697.48,2.53631
750,103,40,110.49,0.40180
751,190,-223,292.97,1.06533
752,-96,-384,395.82,1.43934
753,-1285,-2697,2987.48,10.86356
754,-5017,-11111,12191.17,44.33152
755,-8780,-16328,18538.93,67.41430
756,-9668,-16478,19104.83,69.47212
757,-5037,-10538,11679.93,42.47248
758,5077,5648,7594.46,27.61622
759,7219,9705,12095.50,43.98362
760,1446,1467,2059.86,7.49038
761,-1837,-2666,3237.61,11.77313
762,-967,737,1215.84,4.42122
763,-270,2869,2881.68,10.47882
764,-314,2086,2109.50,7.67091
765,-318,871,927.24,3.37176
766,155,712,728.68,2.64973
767,548,1458,1557.58,5.66394
768,1295,1532,2006.00,7.29456
769,1365,634,1505.05,5.47292
770,709,384,806.31,2.93204
771,-487,910,1032.12,3.75316
772,-807,1643,1830.49,6.65633
773,473,1792,1853.37,6.73954
774,1676,1355,2155.23,7.83719
775,369,995,1061.22,3.85898
776,-1598,114,1602.06,5.82568
777,-150,-937,948.93,3.45066
778,2879,-1227,3129.56,11.38023
779,1974,-179,1982.10,7.20763
780,-1153,1263,1710.14,6.21869
781,-2874,1701,3339.65,12.14419
782,-812,1041,1320.24,4.80086
783,1306,1045,1672.62,6.08226
784,1725,1919,2580.35,9.38308
785,1271,3403,3632.61,13.20949
786,1044,3050,3223.73,11.72266
787,1282,771,1495.98,5.43994
788,1249,-755,1459.46,5.30713
789,616,-1740,1845.82,6.71208
790,413,-1128,1201.23,4.36811
791,2740,596,2804.07,10.19662
792,5285,3108,6131.14,22.29506
793,4544,3956,6024.77,21.90826
794,1445,1880,2371.17,8.62242
795,-148,-187,238.48,0.86720
796,21,-767,767.29,2.79014
797,162,-768,784.90,2.85418
798,-65,237,245.75,0.89364
799,110,835,842.21,3.06260
800,56,162,171.41,0.62329
801,-25,-398,398.78,1.45013
802,241,-211,320.32,1.16478
803,757,212,786.13,2.85864
804,828,-286,876.00,3.18546
805,-294,-1259,1292.87,4.70135
806,-1616,-1539,2231.59,8.11486
807,-1439,-682,1592.43,5.79067
808,-522,525,740.34,2.69216
809,-47,1180,1180.94,4.29431
810,-314,1158,1199.82,4.36297
811,-332,469,574.62,2.08952
812,103,318,334.26,1.21551
813,238,573,620.46,2.25623
814,14,286,286.34,1.04125
815,-490,-252,551.00,2.00365
816,-731,-323,799.18,2.90611
817,-333,240,410.47,1.49263
818,230,986,1012.47,3.68171
819,395,941,1020.54,3.71106
820,568,716,913.94,3.32341
821,932,679,1153.11,4.19313
822,673,847,1081.82,3.93390
823,238,1104,1129.36,4.10677
824,69,984,986.42,3.58697
825,517,525,736.83,2.67937
826,879,-13,879.10,3.19671
827,499,134,516.68,1.87883
828,80,514,520.19,1.89159
829,264,1356,1381.46,5.02349
830,361,1415,1460.32,5.31027
831,-299,1186,1223.11,4.44767
832,-706,727,1013.39,3.68506
833,-538,-132,553.96,2.01439
834,274,-485,557.05,2.02562
835,612,58,614.74,2.23543
836,195,672,699.72,2.54444
837,-385,971,1044.54,3.79833
838,-502,739,893.38,3.24865
839,122,577,589.76,2.14457
840,951,644,1148.54,4.17650
841,1017,890,1351.44,4.91433
842,429,810,916.59,3.33306
843,77,516,521.71,1.89714
844,230,288,368.57,1.34026
845,377,708,802.12,2.91679
846,93,987,991.37,3.60499
847,-115,503,515.98,1.87629
848,-30,-6,30.59,0.11125
849,57,44,72.01,0.26184
850,-370,319,488.53,1.77647
851,-397,475,619.06,2.25112
852,-414,492,643.01,2.33821
# END
# FRAME,71,RX_TS,451199636496,FP_INDEX,751.1094,FP_INT,751,RXPACC,267,RXPWR,-68.84,STD_NOISE,144.00,NTM,13,NOISE_THRESH,1872.00,PEAK_IDX,753,PEAK_AMPL,17948,START,701,elapsed_s,7.0691
sample,real,imag,amplitude,amplitude_norm
701,97,-71,120.21,0.45022
702,153,109,187.86,0.70358
703,-105,33,110.06,0.41222
704,-697,-338,774.63,2.90124
705,-860,-461,975.77,3.65456
706,-698,-377,793.31,2.97118
707,158,51,166.03,0.62182
708,617,313,691.85,2.59120
709,237,98,256.46,0.96053
710,50,-237,242.22,0.90718
711,-36,-124,129.12,0.48360
712,-147,63,159.93,0.59899
713,-208,0,208.00,0.77903
714,-209,-145,254.37,0.95271
715,-64,-84,105.60,0.39552
716,135,-6,135.13,0.50612
717,193,97,216.00,0.80901
718,185,-104,212.23,0.79486
719,-255,-30,256.76,0.96164
720,-670,-316,740.78,2.77446
721,-721,-427,837.96,3.13841
722,-588,-337,677.73,2.53830
723,207,44,211.62,0.79260
724,594,341,684.92,2.56525
725,159,-18,160.02,0.59931
726,-195,-236,306.14,1.14659
727,-146,-259,297.32,1.11354
728,-500,-181,531.75,1.99158
729,-669,-112,678.31,2.54049
730,-565,10,565.09,2.11644
731,47,-3,47.10,0.17639
732,603,104,611.90,2.29177
733,315,195,370.47,1.38754
734,172,173,243.95,0.91368
735,364,291,466.02,1.74540
736,1008,458,1107.17,4.14671
737,1022,431,1109.16,4.15417
738,804,430,911.77,3.41485
739,-25,-93,96.30,0.36068
740,-361,-194,409.83,1.53493
741,65,257,265.09,0.99286
742,607,238,651.99,2.44192
743,812,123,821.26,3.07589
744,1007,144,1017.24,3.80990
745,968,331,1023.03,3.83156
746,836,395,924.62,3.46299
747,160,45,166.21,0.62250
748,-229,-46,233.57,0.87481
749,-153,166,225.75,0.84552
750,-454,1406,1477.48,5.53364
751,-3086,7589,8192.46,30.68335
752,-5893,15524,16604.88,62.19056
753,-5800,16506,17495.37,65.52573
754,-5202,14594,15493.41,58.02774
755,-875,-1903,2094.52,7.84466
756,2116,-12454,12632.48,47.31266
757,848,-5370,5436.54,20.36159
758,-640,2542,2621.33,9.81771
759,480,1718,1783.79,6.68088
760,2071,-1464,2536.21,9.49890
761,2011,-1440,2473.40,9.26368
762,1214,-496,1311.42,4.91167
763,509,-331,607.16,2.27400
764,627,-1079,1247.95,4.67396
765,473,-1814,1874.65,7.02117
766,-239,-1518,1536.70,5.75543
767,-360,-902,971.19,3.63740
768,549,-251,603.66,2.26089
769,1481,-323,1515.81,5.67720
770,1258,-1099,1670.44,6.25632
771,42,-2121,2121.42,7.94538
772,74,-1673,1674.64,6.27204
773,1156,306,1195.81,4.47871
774,387,1168,1230.44,4.60841
775,-2140,-624,2229.12,8.34876
776,-2129,-1669,2705.22,10.13190
777,832,-600,1025.78,3.84187
778,3185,867,3300.90,12.36291
779,2054,587,2136.23,8.00087
780,272,-880,921.08,3.44973
781,19,-2145,2145.08,8.03402
782,1195,-2792,3036.99,11.37448
783,1745,-3010,3479.24,13.03087
784,200,-1787,1798.16,6.73467
785,-1113,-785,1361.98,5.10106
786,-1671,322,1701.74,6.37356
787,-1159,848,1436.10,5.37865
788,-1266,-922,1566.15,5.86575
789,-1498,-4717,4949.15,18.53614
790,-639,-6184,6216.93,23.28437
791,350,-3555,3572.19,13.37898
792,143,-155,210.89,0.78984
793,-431,597,736.32,2.75776
794,-746,485,889.80,3.33258
795,-95,136,165.89,0.62133
796,473,-498,686.83,2.57239
797,326,-283,431.70,1.61685
798,-39,354,356.14,1.33386
799,-165,329,368.06,1.37849
800,-149,-467,490.19,1.83593
801,-529,-551,763.83,2.86080
802,-747,667,1001.45,3.75074
803,-262,2174,2189.73,8.20124
804,275,2032,2050.52,7.67987
805,636,406,754.54,2.82600
806,849,-681,1088.38,4.07631
807,1105,-693,1304.33,4.88513
808,723,-52,724.87,2.71486
809,115,-112,160.53,0.60123
810,120,-416,432.96,1.62158
811,312,-383,494.00,1.85018
812,220,369,429.61,1.60901
813,195,790,813.71,3.04761
814,270,349,441.25,1.65262
815,578,-577,816.71,3.05883
816,644,-811,1035.59,3.87863
817,428,-735,850.53,3.18552
818,-34,-896,896.64,3.35822
819,-2,-1001,1001.00,3.74907
820,497,-721,875.70,3.27977
821,804,-544,970.75,3.63576
822,323,-629,707.09,2.64826
823,-548,-556,780.67,2.92384
824,-629,-474,787.60,2.94982
825,77,-292,301.98,1.13102
826,682,-767,1026.36,3.84404
827,748,-1279,1481.67,5.54932
828,948,-779,1227.01,4.59553
829,1004,-241,1032.52,3.86712
830,595,342,686.29,2.57036
831,-269,343,435.90,1.63259
832,-496,-213,539.80,2.02173
833,61,-542,545.42,2.04278
834,754,-429,867.50,3.24907
835,1010,-62,1011.90,3.78989
836,633,-159,652.66,2.44443
837,-117,-743,752.16,2.81706
838,-155,-1330,1339.00,5.01499
839,260,-1144,1173.17,4.39391
840,402,-396,564.29,2.11344
841,128,-275,303.33,1.13607
842,117,-552,564.26,2.11335
843,439,-781,895.93,3.35553
844,564,-303,640.24,2.39790
845,96,178,202.24,0.75744
846,-16,93,94.37,0.35343
847,353,122,373.49,1.39883
848,686,65,689.07,2.58080
849,624,90,630.46,2.36126
850,674,68,677.42,2.53716
# END
# FRAME,72,RX_TS,457589379369,FP_INDEX,747.7500,FP_INT,747,RXPACC,276,RXPWR,-68.98,STD_NOISE,124.00,NTM,13,NOISE_THRESH,1612.00,PEAK_IDX,750,PEAK_AMPL,18954,START,697,elapsed_s,7.1560
sample,real,imag,amplitude,amplitude_norm
697,132,29,135.15,0.48967
698,10,242,242.21,0.87756
699,-104,147,180.07,0.65243
700,259,-65,267.03,0.96751
701,933,-228,960.45,3.47991
702,1001,-268,1036.26,3.75455
703,595,-109,604.90,2.19167
704,-366,152,396.31,1.43590
705,-562,221,603.89,2.18801
706,-35,186,189.26,0.68574
707,305,209,369.74,1.33963
708,163,5,163.08,0.59086
709,139,-203,246.03,0.89141
710,237,-113,262.56,0.95131
711,307,-109,325.78,1.18035
712,34,31,46.01,0.16671
713,-76,214,227.09,0.82281
714,-37,178,181.80,0.65871
715,75,124,144.92,0.52506
716,359,-280,455.28,1.64957
717,895,-237,925.85,3.35452
718,857,-222,885.29,3.20756
719,468,22,468.52,1.69752
720,-378,345,511.77,1.85424
721,-589,308,664.67,2.40822
722,125,72,144.25,0.52266
723,421,-38,422.71,1.53156
724,490,8,490.07,1.77560
725,615,-320,693.27,2.51185
726,586,-538,795.51,2.88229
727,359,-305,471.07,1.70677
728,-259,342,429.00,1.55436
729,-490,401,633.17,2.29408
730,-237,59,244.23,0.88490
731,-252,92,268.27,0.97199
732,-729,324,797.76,2.89043
733,-1028,535,1158.88,4.19885
734,-981,399,1059.04,3.83710
735,-548,284,617.22,2.23630
736,302,-48,305.79,1.10794
737,296,-47,299.71,1.08590
738,-273,106,292.86,1.06107
739,-456,469,654.14,2.37007
740,-676,611,911.21,3.30147
741,-753,675,1011.25,3.66396
742,-1014,509,1134.58,4.11081
743,-612,350,705.01,2.55440
744,102,73,125.43,0.45446
745,176,-226,286.45,1.03785
746,-157,-404,433.43,1.57041
747,-1300,-2722,3016.50,10.92935
748,-5101,-11130,12243.25,44.35959
749,-8840,-16392,18623.73,67.47728
750,-9745,-16493,19156.83,69.40880
751,-5004,-10449,11585.41,41.97610
752,5263,5792,7826.01,28.35511
753,7218,9645,12046.81,43.64785
754,1389,1406,1976.40,7.16087
755,-1919,-2615,3243.58,11.75209
756,-1014,801,1292.21,4.68191
757,-182,2936,2941.64,10.65810
758,-360,2108,2138.52,7.74826
759,-278,840,884.81,3.20582
760,128,726,737.20,2.67101
761,567,1490,1594.24,5.77622
762,1360,1506,2029.20,7.35216
763,1433,647,1572.29,5.69671
764,784,403,881.51,3.19389
765,-448,891,997.29,3.61337
766,-724,1656,1807.35,6.54837
767,682,1814,1937.97,7.02162
768,2012,1490,2503.65,9.07118
769,711,1309,1489.63,5.39722
770,-1300,406,1361.92,4.93451
771,-93,-754,759.71,2.75259
772,2849,-761,2948.88,10.68437
773,1962,362,1995.12,7.22868
774,-1308,1683,2131.51,7.72288
775,-3026,1648,3445.66,12.48428
776,-1100,781,1349.06,4.88790
777,949,974,1359.88,4.92711
778,1421,1936,2401.53,8.70119
779,1093,3273,3450.68,12.50246
780,1106,2742,2956.65,10.71251
781,1388,656,1535.21,5.56237
782,1394,-736,1576.37,5.71147
783,714,-1702,1845.70,6.68731
784,544,-1081,1210.16,4.38465
785,2569,571,2631.69,9.53512
786,5030,3047,5880.91,21.30765
787,4518,4003,6036.25,21.87048
788,1612,1996,2565.65,9.29583
789,-68,-200,211.24,0.76538
790,119,-874,882.06,3.19588
791,242,-906,937.76,3.39769
792,-38,91,98.62,0.35730
793,-6,733,733.02,2.65589
794,-32,216,218.36,0.79115
795,0,-354,354.00,1.28261
796,276,-148,313.18,1.13470
797,784,205,810.36,2.93608
798,728,-314,792.83,2.87257
799,-431,-1473,1534.76,5.56073
800,-1632,-1642,2315.08,8.38797
801,-1384,-665,1535.47,5.56331
802,-500,643,814.52,2.95117
803,-92,1268,1271.33,4.60628
804,-352,1188,1239.05,4.48932
805,-285,429,515.04,1.86609
806,255,260,364.18,1.31948
807,302,551,628.34,2.27658
808,-58,285,290.84,1.05377
809,-528,-243,581.23,2.10592
810,-664,-384,767.04,2.77913
811,-221,200,298.06,1.07994
812,167,1070,1082.95,3.92375
813,144,1074,1083.61,3.92613
814,404,751,852.77,3.08975
815,936,555,1088.17,3.94266
816,684,812,1061.70,3.84673
817,46,1129,1129.94,4.09397
818,-101,1046,1050.86,3.80748
819,499,399,638.91,2.31488
820,867,-235,898.28,3.25465
821,472,15,472.24,1.71101
822,43,485,486.90,1.76414
823,381,1404,1454.78,5.27093
824,455,1456,1525.44,5.52695
825,-131,1190,1197.19,4.33764
826,-580,699,908.30,3.29093
827,-435,-65,439.83,1.59359
828,276,-487,559.77,2.02816
829,626,93,632.87,2.29301
830,295,675,736.65,2.66901
831,-363,1014,1077.02,3.90223
832,-582,727,931.26,3.37415
833,174,475,505.87,1.83285
834,1065,593,1218.96,4.41654
835,1284,1059,1664.37,6.03034
836,512,925,1057.25,3.83060
837,72,493,498.23,1.80518
838,249,264,362.90,1.31486
839,420,675,795.00,2.88043
840,179,912,929.40,3.36739
841,-67,451,455.95,1.65199
842,110,-48,120.02,0.43484
843,88,-45,98.84,0.35811
844,-283,255,380.94,1.38021
845,-402,434,591.57,2.14338
846,-456,414,615.90,2.23152
# END
# FRAME,73,RX_TS,463979173427,FP_INDEX,751.9062,FP_INT,751,RXPACC,281,RXPWR,-69.26,STD_NOISE,148.00,NTM,13,NOISE_THRESH,1924.00,PEAK_IDX,754,PEAK_AMPL,19143,START,701,elapsed_s,7.2896
sample,real,imag,amplitude,amplitude_norm
701,-84,80,116.00,0.41281
702,71,-166,180.55,0.64251
703,144,-67,158.82,0.56521
704,-120,130,176.92,0.62960
705,-862,308,915.37,3.25756
706,-966,373,1035.51,3.68510
707,-660,231,699.26,2.48846
708,322,-128,346.51,1.23313
709,689,-222,723.88,2.57609
710,275,-127,302.91,1.07797
711,-181,-214,280.28,0.99744
712,-129,-10,129.39,0.46045
713,-40,325,327.45,1.16531
714,-163,233,284.36,1.01194
715,-244,179,302.62,1.07693
716,-28,56,62.61,0.22281
717,108,-70,128.70,0.45801
718,147,-133,198.24,0.70547
719,-41,-152,157.43,0.56026
720,-316,265,412.41,1.46765
721,-863,294,911.70,3.24450
722,-868,300,918.38,3.26826
723,-473,184,507.53,1.80615
724,476,-152,499.68,1.77822
725,707,-252,750.57,2.67106
726,33,-117,121.56,0.43261
727,-385,50,388.23,1.38161
728,-392,55,395.84,1.40868
729,-464,401,613.27,2.18245
730,-542,616,820.50,2.91993
731,-354,381,520.07,1.85080
732,176,-234,292.80,1.04199
733,555,-377,670.94,2.38767
734,363,-92,374.48,1.33266
735,235,30,236.91,0.84309
736,679,-253,724.60,2.57866
737,1182,-479,1275.37,4.53868
738,1109,-427,1188.36,4.22905
739,745,-319,810.42,2.88407
740,-140,-57,151.16,0.53793
741,-222,147,266.26,0.94754
742,329,39,331.30,1.17902
743,596,-310,671.80,2.39075
744,728,-512,890.02,3.16732
745,818,-716,1087.10,3.86867
746,1004,-430,1092.21,3.88686
747,829,-297,880.60,3.13380
748,24,-22,32.56,0.11586
749,-192,220,292.00,1.03915
750,179,467,500.13,1.77982
751,1233,2113,2446.44,8.70618
752,5129,9761,11026.50,39.24022
753,9639,16121,18782.89,66.84303
754,10909,16460,19746.84,70.27347
755,7012,12269,14131.40,50.28968
756,-4435,-3696,5773.18,20.54513
757,-8231,-9792,12791.90,45.52276
758,-2294,-2327,3267.62,11.62855
759,2007,2678,3346.60,11.90961
760,1237,-234,1258.94,4.48021
761,94,-2904,2905.52,10.33993
762,277,-2287,2303.71,8.19827
763,370,-1021,1085.97,3.86468
764,-37,-642,643.07,2.28849
765,-567,-1337,1452.26,5.16818
766,-1303,-1464,1959.87,6.97464
767,-1446,-574,1555.76,5.53652
768,-886,-222,913.39,3.25050
769,374,-775,860.52,3.06236
770,761,-1598,1769.95,6.29876
771,-454,-1839,1894.21,6.74097
772,-2041,-1478,2519.95,8.96781
773,-1285,-1155,1727.79,6.14871
774,868,-565,1035.69,3.68572
775,439,557,709.20,2.52386
776,-2514,838,2649.99,9.43056
777,-2171,-278,2188.73,7.78906
778,918,-1641,1880.32,6.69153
779,3238,-1762,3686.37,13.11874
780,1568,-722,1726.24,6.14321
781,-396,-676,783.45,2.78807
782,-1270,-1513,1975.37,7.02977
783,-1105,-2868,3073.51,10.93775
784,-1205,-2895,3135.77,11.15932
785,-1341,-846,1585.56,5.64256
786,-1285,700,1463.29,5.20745
787,-735,1864,2003.68,7.13052
788,-377,1353,1404.54,4.99837
789,-2202,-131,2205.89,7.85015
790,-5059,-2496,5641.23,20.07556
791,-5174,-3710,6366.66,22.65716
792,-2217,-2116,3064.73,10.90650
793,-11,137,137.44,0.48911
794,-10,941,941.05,3.34894
795,-125,1027,1034.58,3.68178
796,180,19,181.00,0.64413
797,166,-694,713.58,2.53942
798,128,-252,282.64,1.00585
799,141,336,364.39,1.29675
800,-146,308,340.85,1.21300
801,-684,-151,700.47,2.49277
802,-731,329,801.62,2.85276
803,295,1442,1471.87,5.23796
804,1804,1768,2525.91,8.98902
805,1621,864,1836.88,6.53695
806,666,-564,872.73,3.10579
807,163,-1227,1237.78,4.40491
808,383,-1237,1294.94,4.60831
809,431,-508,666.20,2.37083
810,-61,-221,229.26,0.81589
811,-312,-574,653.31,2.32496
812,51,-347,350.73,1.24814
813,643,321,718.67,2.55755
814,897,495,1024.52,3.64597
815,538,1,538.00,1.91459
816,-7,-900,900.03,3.20294
817,-136,-998,1007.22,3.58443
818,-357,-716,800.07,2.84721
819,-921,-472,1034.90,3.68293
820,-845,-681,1085.26,3.86213
821,-185,-1131,1146.03,4.07840
822,106,-1123,1127.99,4.01420
823,-385,-562,681.23,2.42429
824,-760,335,830.56,2.95572
825,-539,198,574.22,2.04348
826,-47,-355,358.10,1.27437
827,-293,-1279,1312.13,4.66951
828,-557,-1395,1502.09,5.34552
829,31,-1195,1195.40,4.25410
830,516,-763,921.10,3.27794
831,479,25,479.65,1.70695
832,-144,561,579.19,2.06116
833,-628,50,629.99,2.24195
834,-272,-623,679.79,2.41918
835,298,-1055,1096.28,3.90135
836,618,-719,948.10,3.37401
837,151,-379,407.97,1.45186
838,-848,-403,938.89,3.34124
839,-1232,-852,1497.91,5.33063
840,-635,-834,1048.23,3.73035
841,-35,-520,521.18,1.85472
842,-103,-350,364.84,1.29837
843,-430,-631,763.58,2.71738
844,-258,-849,887.34,3.15778
845,50,-405,408.07,1.45222
846,76,123,144.59,0.51454
847,61,170,180.61,0.64275
848,360,-133,383.78,1.36577
849,431,-430,608.82,2.16662
850,455,-398,604.51,2.15127
# END
# FRAME,74,RX_TS,470369034537,FP_INDEX,746.7500,FP_INT,746,RXPACC,267,RXPWR,-68.72,STD_NOISE,124.00,NTM,13,NOISE_THRESH,1612.00,PEAK_IDX,749,PEAK_AMPL,18295,START,696,elapsed_s,7.4220
sample,real,imag,amplitude,amplitude_norm
696,71,105,126.75,0.47473
697,-131,57,142.86,0.53507
698,-45,-81,92.66,0.34704
699,285,165,329.32,1.23340
700,729,683,998.96,3.74144
701,824,600,1019.30,3.81761
702,511,407,653.28,2.44673
703,-314,-167,355.65,1.33201
704,-513,-287,587.82,2.20159
705,-153,78,171.74,0.64320
706,-14,404,404.24,1.51402
707,46,159,165.52,0.61993
708,317,-132,343.38,1.28608
709,278,56,283.58,1.06211
710,259,194,323.60,1.21199
711,3,140,140.03,0.52446
712,-193,61,202.41,0.75809
713,-123,-16,124.04,0.46456
714,-79,111,136.24,0.51027
715,482,198,521.08,1.95162
716,778,588,975.21,3.65246
717,773,551,949.28,3.55535
718,341,253,424.61,1.59028
719,-438,-245,501.87,1.87965
720,-527,-309,610.91,2.28805
721,12,139,139.52,0.52254
722,255,271,372.11,1.39367
723,299,286,413.76,1.54966
724,670,214,703.35,2.63426
725,839,131,849.17,3.18039
726,585,30,585.77,2.19389
727,-215,-116,244.30,0.91497
728,-625,-187,652.38,2.44335
729,-211,-135,250.49,0.93817
730,-212,-174,274.26,1.02720
731,-573,-433,718.20,2.68991
732,-882,-543,1035.75,3.87920
733,-840,-484,969.46,3.63094
734,-548,-225,592.39,2.21870
735,255,250,357.11,1.33748
736,311,144,342.72,1.28360
737,-226,-132,261.73,0.98024
738,-608,-97,615.69,2.30595
739,-796,-111,803.70,3.01012
740,-961,-130,969.75,3.63203
741,-943,-454,1046.60,3.91984
742,-610,-282,672.03,2.51697
743,84,151,172.79,0.64716
744,381,173,418.44,1.56718
745,231,-310,386.60,1.44795
746,1278,-2648,2940.27,11.01225
747,5485,-10621,11953.70,44.77040
748,7626,-16094,17809.34,66.70166
749,7318,-16462,18015.29,67.47298
750,5148,-9971,11221.53,42.02820
751,-1156,7531,7619.21,28.53635
752,-2826,11310,11657.72,43.66186
753,-40,1838,1838.44,6.88553
754,970,-3087,3235.81,12.11914
755,-1164,-208,1182.44,4.42861
756,-2355,1817,2974.48,11.14036
757,-1731,1012,2005.12,7.50981
758,-787,237,821.91,3.07832
759,-417,549,689.41,2.58207
760,-790,1428,1631.96,6.11220
761,-281,1917,1937.49,7.25650
762,505,1369,1459.17,5.46507
763,251,787,826.06,3.09385
764,-971,193,989.99,3.70785
765,-1632,478,1700.56,6.36914
766,-971,1651,1915.37,7.17367
767,163,2510,2515.29,9.42055
768,-141,1670,1675.94,6.27694
769,-672,-187,697.53,2.61248
770,508,-1,508.00,1.90263
771,1990,2019,2834.87,10.61747
772,463,1841,1898.33,7.10984
773,-2020,68,2021.14,7.56983
774,-2802,-1515,3185.35,11.93013
775,-1057,-755,1298.95,4.86499
776,-190,729,753.35,2.82155
777,-536,1663,1747.24,6.54399
778,-1663,2591,3078.77,11.53099
779,-1435,2616,2983.74,11.17504
780,91,1568,1570.64,5.88254
781,1269,630,1416.78,5.30629
782,1808,-538,1886.35,7.06497
783,1329,-224,1347.75,5.04773
784,1254,2459,2760.29,10.33816
785,820,5683,5741.85,21.50507
786,-151,5721,5722.99,21.43443
787,-353,2313,2339.78,8.76323
788,213,-154,262.84,0.98442
789,756,-425,867.27,3.24821
790,692,-426,812.61,3.04349
791,-248,-8,248.13,0.92932
792,-616,417,743.87,2.78604
793,-163,38,167.37,0.62686
794,115,-223,250.91,0.93972
795,156,79,174.86,0.65492
796,262,681,729.66,2.73281
797,751,323,817.51,3.06185
798,893,-1247,1533.77,5.74447
799,318,-2339,2360.52,8.84089
800,-358,-1498,1540.18,5.76848
801,-736,23,736.36,2.75790
802,-924,726,1175.10,4.40111
803,-1045,444,1135.41,4.25248
804,-447,44,449.16,1.68225
805,-80,326,335.67,1.25720
806,-280,627,686.68,2.57183
807,-274,141,308.15,1.15412
808,-178,-593,619.14,2.31887
809,-147,-655,671.29,2.51421
810,-355,-112,372.25,1.39419
811,-654,578,872.81,3.26896
812,-600,689,913.63,3.42184
813,-286,720,774.72,2.90159
814,196,1149,1165.60,4.36553
815,-158,1095,1106.34,4.14360
816,-862,906,1250.55,4.68371
817,-864,620,1063.44,3.98291
818,-48,634,635.81,2.38133
819,837,438,944.68,3.53811
820,485,391,622.98,2.33326
821,-312,404,510.45,1.91180
822,-929,1226,1538.22,5.76112
823,-827,1254,1502.15,5.62602
824,-899,525,1041.07,3.89914
825,-771,-104,777.98,2.91379
826,-160,-398,428.96,1.60658
827,559,-70,563.37,2.10998
828,246,594,642.92,2.40796
829,-477,563,737.90,2.76367
830,-1043,310,1088.09,4.07526
831,-867,-8,867.04,3.24733
832,-192,223,294.27,1.10212
833,291,981,1023.25,3.83240
834,-11,1442,1442.04,5.40091
835,-373,926,998.30,3.73896
836,-375,375,530.33,1.98625
837,-92,352,363.82,1.36264
838,-186,739,762.05,2.85411
839,-525,620,812.42,3.04277
840,-204,178,270.74,1.01401
841,96,48,107.33,0.40199
842,94,-24,97.02,0.36335
843,-385,-146,411.75,1.54215
844,-543,-5,543.02,2.03379
845,-457,-44,459.11,1.71953
# END
# FRAME,75,RX_TS,476758828545,FP_INDEX,750.8750,FP_INT,750,RXPACC,262,RXPWR,-69.02,STD_NOISE,148.00,NTM,13,NOISE_THRESH,1924.00,PEAK_IDX,753,PEAK_AMPL,17777,START,700,elapsed_s,7.4907
sample,real,imag,amplitude,amplitude_norm
700,56,-87,103.46,0.39490
701,128,120,175.45,0.66967
702,43,227,231.04,0.88182
703,30,-201,203.23,0.77567
704,13,-843,843.10,3.21794
705,-10,-887,887.06,3.38571
706,63,-616,619.21,2.36341
707,114,287,308.81,1.17867
708,186,578,607.19,2.31752
709,152,241,284.93,1.08752
710,326,-92,338.73,1.29287
711,106,-59,121.31,0.46303
712,-330,-165,368.95,1.40821
713,-142,-192,238.81,0.91147
714,-13,-227,227.37,0.86783
715,-17,-70,72.03,0.27494
716,88,89,125.16,0.47771
717,83,213,228.60,0.87252
718,123,76,144.59,0.55185
719,-133,-304,331.82,1.26649
720,20,-822,822.24,3.13833
721,28,-856,856.46,3.26892
722,16,-519,519.25,1.98186
723,97,389,400.91,1.53020
724,128,708,719.48,2.74610
725,111,125,167.17,0.63806
726,101,-263,281.73,1.07529
727,149,-323,355.71,1.35767
728,-168,-571,595.20,2.27176
729,-400,-633,748.79,2.85798
730,-309,-458,552.49,2.10874
731,142,190,237.20,0.90534
732,390,652,759.74,2.89977
733,145,322,353.14,1.34787
734,41,208,212.00,0.80917
735,6,630,630.03,2.40469
736,105,1117,1121.92,4.28215
737,128,1001,1009.15,3.85172
738,163,747,764.58,2.91823
739,86,-113,142.00,0.54200
740,-98,-282,298.54,1.13948
741,-51,338,341.83,1.30468
742,182,603,629.87,2.40407
743,343,771,843.85,3.22082
744,513,882,1020.34,3.89443
745,299,1069,1110.03,4.23675
746,189,862,882.48,3.36823
747,16,27,31.38,0.11979
748,-124,-237,267.48,1.02091
749,-291,88,304.01,1.16036
750,-2040,533,2108.48,8.04763
751,-9921,1864,10094.59,38.52897
752,-16189,4157,16714.20,63.79465
753,-16467,5133,17248.47,65.83386
754,-12427,2944,12770.96,48.74413
755,4603,-2916,5448.91,20.79738
756,11161,-4798,12148.61,46.36874
757,2847,-1530,3232.07,12.33616
758,-2906,1002,3073.90,11.73243
759,-231,1118,1141.62,4.35731
760,2765,834,2888.04,11.02306
761,2191,857,2352.64,8.97955
762,837,642,1054.86,4.02619
763,579,123,591.92,2.25924
764,1407,-92,1410.00,5.38170
765,1664,-719,1812.69,6.91868
766,913,-1043,1386.15,5.29066
767,499,-718,874.37,3.33729
768,667,505,836.61,3.19316
769,1328,1093,1719.95,6.56470
770,1777,52,1777.76,6.78535
771,1953,-1529,2480.33,9.46692
772,1497,-1130,1875.61,7.15881
773,549,388,672.27,2.56591
774,-150,-51,158.43,0.60471
775,636,-2207,2296.81,8.76646
776,1425,-1434,2021.63,7.71614
777,1610,1569,2248.08,8.58046
778,618,3288,3345.57,12.76937
779,-226,1544,1560.45,5.95593
780,330,-113,348.81,1.33134
781,1385,-476,1464.51,5.58975
782,2764,-242,2774.57,10.58998
783,2957,-442,2989.85,11.41165
784,1343,-1002,1675.61,6.39544
785,-78,-1347,1349.26,5.14983
786,-1381,-1245,1859.35,7.09676
787,-1157,-766,1387.59,5.29614
788,679,-2042,2151.93,8.21348
789,3554,-3780,5188.38,19.80299
790,4594,-3430,5733.21,21.88249
791,2431,-1224,2721.75,10.38837
792,-129,52,139.09,0.53086
793,-735,-162,752.64,2.87268
794,-740,-335,812.30,3.10037
795,-66,106,124.87,0.47660
796,531,248,586.06,2.23687
797,125,216,249.56,0.95253
798,-243,95,260.91,0.99584
799,-46,-156,162.64,0.62077
800,405,-585,711.51,2.71570
801,-46,-671,672.57,2.56708
802,-1307,-47,1307.84,4.99177
803,-2011,1147,2315.11,8.83629
804,-1108,1226,1652.50,6.30723
805,410,604,730.01,2.78630
806,1183,358,1235.98,4.71749
807,1021,644,1207.14,4.60739
808,265,456,527.41,2.01301
809,182,-95,205.30,0.78360
810,648,-67,651.45,2.48647
811,446,134,465.70,1.77746
812,-200,515,552.47,2.10867
813,-445,565,719.20,2.74504
814,-15,391,391.29,1.49346
815,768,340,839.90,3.20571
816,929,288,972.62,3.71228
817,848,-56,849.85,3.24369
818,795,-624,1010.64,3.85742
819,966,-447,1064.41,4.06263
820,1126,204,1144.33,4.36767
821,954,406,1036.80,3.95725
822,503,-60,506.57,1.93346
823,-92,-706,711.97,2.71744
824,-73,-621,625.28,2.38655
825,349,-13,349.24,1.33298
826,1334,89,1336.97,5.10292
827,1574,-115,1578.20,6.02365
828,1094,407,1167.26,4.45517
829,422,743,854.48,3.26137
830,-174,588,613.20,2.34048
831,-343,-175,385.06,1.46971
832,251,-485,546.10,2.08435
833,759,14,759.13,2.89744
834,962,668,1171.18,4.47016
835,658,839,1066.25,4.06965
836,364,297,469.79,1.79310
837,518,-575,773.92,2.95389
838,1023,-765,1277.40,4.87558
839,974,-192,992.74,3.78910
840,519,121,532.92,2.03404
841,332,-84,342.46,1.30711
842,598,-239,643.99,2.45798
843,890,32,890.58,3.39914
844,478,226,528.73,2.01807
845,93,25,96.30,0.36756
846,-94,13,94.89,0.36219
847,-38,324,326.22,1.24512
848,209,426,474.51,1.81110
849,290,442,528.64,2.01772
# END
# FRAME,76,RX_TS,483148612795,FP_INDEX,753.6562,FP_INT,753,RXPACC,260,RXPWR,-69.17,STD_NOISE,112.00,NTM,13,NOISE_THRESH,1456.00,PEAK_IDX,755,PEAK_AMPL,16994,START,703,elapsed_s,7.5697
sample,real,imag,amplitude,amplitude_norm
703,90,103,136.78,0.52608
704,-168,153,227.23,0.87396
705,-144,-19,145.25,0.55865
706,327,147,358.52,1.37893
707,912,347,975.78,3.75301
708,915,324,970.67,3.73335
709,515,230,564.03,2.16933
710,-387,-29,388.09,1.49263
711,-585,7,585.04,2.25016
712,-153,111,189.02,0.72701
713,74,306,314.82,1.21085
714,144,60,156.00,0.60000
715,326,-178,371.43,1.42858
716,296,33,297.83,1.14551
717,241,134,275.75,1.06057
718,11,37,38.60,0.14846
719,-162,25,163.92,0.63045
720,-131,81,154.02,0.59238
721,68,150,164.69,0.63344
722,523,58,526.21,2.02387
723,856,366,930.96,3.58063
724,862,313,917.07,3.52718
725,374,167,409.59,1.57535
726,-412,-3,412.01,1.58466
727,-518,-110,529.55,2.03673
728,36,103,109.11,0.41965
729,241,238,338.71,1.30273
730,369,144,396.10,1.52347
731,721,-59,723.41,2.78235
732,851,-133,861.33,3.31281
733,538,-76,543.34,2.08978
734,-286,66,293.52,1.12891
735,-495,-15,495.23,1.90472
736,-126,-11,126.48,0.48646
737,-168,-191,254.37,0.97835
738,-628,-327,708.03,2.72321
739,-988,-288,1029.12,3.95815
740,-903,-267,941.65,3.62172
741,-545,-35,546.12,2.10047
742,344,256,428.80,1.64924
743,291,114,312.53,1.20205
744,-310,-56,315.02,1.21161
745,-624,70,627.91,2.41505
746,-824,128,833.88,3.20724
747,-933,80,936.42,3.60163
748,-1000,-190,1017.89,3.91496
749,-608,-43,609.52,2.34430
750,155,99,183.92,0.70738
751,328,-12,328.22,1.26238
752,89,-407,416.62,1.60237
753,479,-2989,3027.14,11.64284
754,2202,-11686,11891.65,45.73713
755,2500,-16361,16550.90,63.65731
756,2000,-16450,16571.13,63.73513
757,1898,-9730,9913.39,38.12842
758,826,7961,8003.74,30.78360
759,507,11159,11170.51,42.96350
760,603,1332,1462.13,5.62359
761,80,-3116,3117.03,11.98856
762,-1203,350,1252.88,4.81877
763,-1768,2300,2901.00,11.15771
764,-1365,1403,1957.46,7.52868
765,-667,414,785.04,3.01938
766,-269,692,742.45,2.85556
767,-366,1571,1613.07,6.20412
768,220,1848,1861.05,7.15788
769,786,1108,1358.48,5.22491
770,343,616,705.06,2.71176
771,-914,494,1038.96,3.99599
772,-1427,948,1713.19,6.58921
773,-342,1838,1869.55,7.19057
774,963,2249,2446.50,9.40962
775,512,1562,1643.77,6.32220
776,-324,188,374.59,1.44074
777,685,177,707.50,2.72115
778,1833,1497,2366.62,9.10239
779,114,1555,1559.17,5.99682
780,-2311,477,2359.71,9.07582
781,-2689,-733,2787.11,10.71967
782,-782,-559,961.25,3.69712
783,184,418,456.71,1.75656
784,-119,1421,1425.97,5.48452
785,-820,2818,2934.88,11.28800
786,-560,2760,2816.24,10.83169
787,539,1341,1445.27,5.55873
788,1347,90,1350.00,5.19232
789,1608,-1128,1964.19,7.55458
790,1231,-556,1350.74,5.19515
791,1901,1969,2736.93,10.52664
792,2251,5159,5628.70,21.64885
793,1325,5337,5499.02,21.15007
794,122,2035,2038.65,7.84098
795,71,-361,367.92,1.41506
796,562,-665,870.67,3.34874
797,678,-559,878.73,3.37973
798,-41,54,67.80,0.26077
799,-356,377,518.52,1.99432
800,-194,-86,212.21,0.81618
801,102,-264,283.02,1.08854
802,297,12,297.24,1.14324
803,426,610,744.03,2.86164
804,683,80,687.67,2.64488
805,434,-1457,1520.26,5.84717
806,-371,-2168,2199.51,8.45967
807,-661,-1145,1322.10,5.08500
808,-703,328,775.75,2.98367
809,-773,922,1203.17,4.62757
810,-890,598,1072.24,4.12401
811,-374,159,406.40,1.56306
812,41,363,365.31,1.40503
813,-187,770,792.38,3.04762
814,-240,317,397.60,1.52925
815,-266,-392,473.73,1.82204
816,-234,-426,486.04,1.86937
817,-430,147,454.43,1.74782
818,-723,809,1084.99,4.17305
819,-721,825,1095.66,4.21407
820,-184,819,839.41,3.22852
821,486,1093,1196.18,4.60069
822,86,1092,1095.38,4.21300
823,-662,986,1187.62,4.56777
824,-640,730,970.82,3.73394
825,233,448,504.97,1.94219
826,882,190,902.23,3.47013
827,497,233,548.91,2.11118
828,-200,536,572.10,2.20038
829,-509,1470,1555.63,5.98319
830,-439,1403,1470.08,5.65415
831,-697,799,1060.29,4.07803
832,-745,145,758.98,2.91915
833,-235,-268,356.44,1.37092
834,461,-157,487.00,1.87308
835,338,495,599.39,2.30535
836,-332,688,763.92,2.93814
837,-928,588,1098.60,4.22540
838,-865,195,886.71,3.41041
839,-188,237,302.51,1.16350
840,548,864,1023.13,3.93512
841,407,1278,1341.24,5.15863
842,-150,936,947.94,3.64593
843,-253,477,539.94,2.07670
844,16,412,412.31,1.58581
845,-17,736,736.20,2.83152
846,-275,677,730.72,2.81047
847,-172,276,325.21,1.25080
848,90,11,90.67,0.34873
849,60,-141,153.24,0.58937
850,-281,-125,307.55,1.18288
851,-400,68,405.74,1.56053
852,-483,97,492.64,1.89478
# END
# FRAME,77,RX_TS,489538406733,FP_INDEX,723.4219,FP_INT,723,RXPACC,269,RXPWR,-87.82,STD_NOISE,144.00,NTM,13,NOISE_THRESH,1872.00,PEAK_IDX,725,PEAK_AMPL,18100,START,673,elapsed_s,7.6846
sample,real,imag,amplitude,amplitude_norm
673,56,-18,58.82,0.21867
674,287,103,304.92,1.13354
675,175,95,199.12,0.74023
676,-419,-275,501.18,1.86314
677,-804,-553,975.82,3.62758
678,-788,-510,938.64,3.48937
679,-279,-315,420.79,1.56428
680,448,307,543.10,2.01894
681,442,317,543.92,2.02202
682,179,-39,183.20,0.68104
683,80,-301,311.45,1.15781
684,-129,72,147.73,0.54919
685,-337,133,362.30,1.34682
686,-258,-81,270.42,1.00527
687,-294,-17,294.49,1.09476
688,-6,2,6.32,0.02351
689,234,49,239.08,0.88876
690,122,7,122.20,0.45428
691,-72,0,72.00,0.26766
692,-510,-202,548.55,2.03921
693,-721,-411,829.92,3.08519
694,-668,-448,804.32,2.99003
695,-252,-293,386.46,1.43666
696,449,232,505.40,1.87880
697,474,294,557.77,2.07351
698,-42,-64,76.55,0.28457
699,-106,-237,259.62,0.96515
700,-312,-164,352.48,1.31032
701,-664,-117,674.23,2.50643
702,-801,42,802.10,2.98179
703,-397,50,400.14,1.48750
704,434,-18,434.37,1.61477
705,543,206,580.76,2.15897
706,161,207,262.24,0.97487
707,258,342,428.40,1.59257
708,730,577,930.50,3.45911
709,952,566,1107.55,4.11727
710,841,545,1002.15,3.72547
711,584,309,660.71,2.45617
712,-108,-112,155.59,0.57840
713,-126,96,158.40,0.58886
714,413,262,489.09,1.81819
715,738,91,743.59,2.76427
716,930,124,938.23,3.48784
717,1058,309,1102.20,4.09740
718,1012,570,1161.48,4.31778
719,670,150,686.59,2.55236
720,10,-225,225.22,0.83726
721,-191,91,211.57,0.78651
722,-172,709,729.56,2.71214
723,-1943,4511,4911.66,18.25895
724,-5881,13423,14654.80,54.47880
725,-6600,16470,17743.19,65.95982
726,-6306,16464,17630.34,65.54031
727,-4353,9177,10157.06,37.75860
728,942,-8260,8313.54,30.90536
729,1629,-9037,9182.65,34.13623
730,-457,137,477.09,1.77358
731,-315,2802,2819.65,10.48197
732,1800,-842,1987.20,7.38736
733,2239,-1801,2873.45,10.68197
734,1523,-757,1700.76,6.32252
735,843,-472,966.14,3.59161
736,570,-789,973.36,3.61842
737,667,-1505,1646.18,6.11963
738,107,-1801,1804.18,6.70697
739,-439,-1184,1262.77,4.69430
740,84,-476,483.35,1.79686
741,1289,-293,1321.88,4.91406
742,1615,-613,1727.42,6.42165
743,599,-1802,1898.95,7.05929
744,-500,-2424,2475.03,9.20086
745,-108,-1459,1462.99,5.43863
746,137,-102,170.80,0.63495
747,-869,-724,1131.08,4.20475
748,-1213,-1957,2302.44,8.55925
749,771,-1217,1440.67,5.35565
750,2537,445,2575.73,9.57521
751,2168,1257,2506.05,9.31616
752,473,494,683.93,2.54250
753,-137,-538,555.17,2.06383
754,558,-1601,1695.45,6.30280
755,1702,-2777,3257.07,12.10808
756,1162,-2372,2641.33,9.81907
757,-302,-1137,1176.42,4.37332
758,-1304,-88,1306.97,4.85861
759,-1844,708,1975.25,7.34293
760,-1454,-200,1467.69,5.45610
761,-1311,-3323,3572.26,13.27978
762,-888,-6017,6082.17,22.61031
763,23,-4951,4951.05,18.40540
764,249,-1216,1241.23,4.61425
765,-168,510,536.96,1.99613
766,-678,446,811.54,3.01688
767,-719,592,931.36,3.46229
768,141,181,229.44,0.85293
769,403,-107,416.96,1.55005
770,144,236,276.46,1.02774
771,-97,297,312.44,1.16148
772,-204,-217,297.83,1.10719
773,-300,-639,705.92,2.62423
774,-711,-2,711.00,2.64313
775,-645,1500,1632.80,6.06988
776,-36,2233,2233.29,8.30219
777,561,1056,1195.77,4.44523
778,927,-147,938.58,3.48916
779,1054,-477,1156.91,4.30079
780,977,-174,992.37,3.68912
781,313,-81,323.31,1.20190
782,104,-406,419.11,1.55802
783,541,-606,812.35,3.01990
784,459,60,462.90,1.72084
785,244,753,791.55,2.94255
786,265,454,525.68,1.95421
787,662,-263,712.33,2.64806
788,984,-595,1149.90,4.27474
789,816,-529,972.47,3.61513
790,162,-752,769.25,2.85967
791,-95,-1314,1317.43,4.89751
792,458,-1159,1246.21,4.63276
793,987,-721,1222.30,4.54386
794,703,-468,844.53,3.13952
795,-227,-332,402.19,1.49511
796,-757,-368,841.71,3.12903
797,-162,-361,395.68,1.47094
798,521,-519,735.39,2.73380
799,954,-1283,1598.81,5.94354
800,913,-1041,1384.65,5.14739
801,939,-313,989.79,3.67953
802,704,258,749.79,2.78731
803,36,382,383.69,1.42637
804,-390,-73,396.77,1.47499
805,122,-622,633.85,2.35633
806,716,-491,868.18,3.22744
807,1167,-266,1196.93,4.44956
808,970,53,971.45,3.61133
809,139,-274,307.24,1.14216
810,-207,-1045,1065.30,3.96024
811,145,-1326,1333.90,4.95875
812,475,-634,792.20,2.94498
813,351,-330,481.77,1.79096
814,62,-309,315.16,1.17159
815,282,-700,754.67,2.80546
816,407,-499,643.93,2.39380
817,162,-161,228.40,0.84906
818,-57,13,58.46,0.21734
819,67,246,254.96,0.94781
820,416,273,497.58,1.84974
821,482,162,508.50,1.89032
822,537,70,541.54,2.01317
# END
# FRAME,78,RX_TS,495928194048,FP_INDEX,750.3750,FP_INT,750,RXPACC,299,RXPWR,-69.61,STD_NOISE,172.00,NTM,13,NOISE_THRESH,2236.00,PEAK_IDX,752,PEAK_AMPL,19876,START,700,elapsed_s,7.7632
sample,real,imag,amplitude,amplitude_norm
700,31,-80,85.80,0.28694
701,220,-120,250.60,0.83812
702,149,63,161.77,0.54104
703,-540,506,740.02,2.47500
704,-850,670,1082.31,3.61977
705,-738,604,953.66,3.18949
706,-163,-56,172.35,0.57643
707,498,-555,745.67,2.49389
708,314,-392,502.25,1.67978
709,-165,-229,282.25,0.94399
710,-265,-45,268.79,0.89898
711,23,366,366.72,1.22649
712,11,517,517.12,1.72949
713,-190,308,361.89,1.21033
714,-154,221,269.36,0.90088
715,67,-123,140.06,0.46844
716,98,-165,191.91,0.64184
717,45,-106,115.16,0.38514
718,-100,182,207.66,0.69453
719,-534,539,758.73,2.53757
720,-793,594,990.80,3.31371
721,-599,569,826.17,2.76312
722,-47,33,57.43,0.19207
723,614,-514,800.74,2.67808
724,364,-235,433.27,1.44906
725,-203,115,233.31,0.78030
726,-206,83,222.09,0.74278
727,-304,420,518.47,1.73403
728,-366,795,875.20,2.92710
729,-242,862,895.33,2.99440
730,-40,223,226.56,0.75772
731,222,-587,627.58,2.09892
732,426,-356,555.17,1.85675
733,273,-16,273.47,0.91461
734,490,-212,533.90,1.78560
735,950,-672,1163.65,3.89181
736,993,-825,1291.00,4.31772
737,902,-689,1135.04,3.79613
738,169,-194,257.29,0.86049
739,-341,359,495.14,1.65598
740,71,120,139.43,0.46632
741,291,-329,439.23,1.46899
742,367,-622,722.20,2.41539
743,488,-921,1042.30,3.48595
744,721,-863,1124.55,3.76103
745,921,-745,1184.60,3.96186
746,220,-195,293.98,0.98322
747,-320,264,414.84,1.38744
748,-22,328,328.74,1.09945
749,810,644,1034.81,3.46091
750,4997,4664,6835.42,22.86092
751,13347,12106,18019.37,60.26545
752,16452,13757,21445.82,71.72517
753,15475,12783,20071.89,67.13007
754,1521,3154,3501.59,11.71101
755,-11712,-6695,13490.51,45.11877
756,-7654,-4298,8778.18,29.35848
757,1349,1362,1916.99,6.41133
758,2581,1160,2829.69,9.46385
759,-483,-2507,2553.10,8.53881
760,-928,-2941,3083.94,10.31417
761,-113,-1652,1655.86,5.53799
762,-34,-611,611.95,2.04664
763,-678,-910,1134.81,3.79534
764,-1543,-1215,1963.94,6.56837
765,-1785,-398,1828.83,6.11650
766,-1187,330,1232.02,4.12046
767,-254,-409,481.45,1.61021
768,223,-1590,1605.56,5.36977
769,-356,-1809,1843.70,6.16621
770,-2204,-858,2365.12,7.91009
771,-2701,-32,2701.19,9.03408
772,-1176,-407,1244.44,4.16200
773,48,0,48.00,0.16054
774,-1582,970,1855.70,6.20636
775,-2655,689,2742.94,9.17373
776,-742,-1329,1522.11,5.09065
777,1829,-2618,3193.61,10.68098
778,2166,-1418,2588.88,8.65845
779,341,87,351.92,1.17700
780,-1026,119,1032.88,3.45444
781,-1856,-1285,2257.42,7.54991
782,-2436,-2804,3714.37,12.42263
783,-1872,-1699,2528.04,8.45498
784,-1244,177,1256.53,4.20244
785,-514,1737,1811.45,6.05837
786,415,2156,2195.58,7.34307
787,-909,1468,1726.65,5.77473
788,-4526,109,4527.31,15.14151
789,-6475,-1299,6604.02,22.08701
790,-4353,-1705,4675.00,15.63546
791,-522,-412,665.00,2.22409
792,600,593,843.59,2.82138
793,323,1033,1082.32,3.61980
794,234,605,648.68,2.16949
795,71,-419,424.97,1.42131
796,13,-396,396.21,1.32513
797,386,170,421.78,1.41063
798,264,318,413.30,1.38229
799,-515,116,527.90,1.76556
800,-814,202,838.69,2.80498
801,45,926,927.09,3.10064
802,1915,1221,2271.14,7.59578
803,2246,610,2327.36,7.78382
804,1063,-497,1173.45,3.92457
805,78,-1123,1125.71,3.76490
806,-61,-1351,1352.38,4.52300
807,236,-895,925.59,3.09563
808,-36,-220,222.93,0.74557
809,-447,-400,599.84,2.00616
810,-472,-740,877.72,2.93550
811,368,-243,440.99,1.47489
812,852,185,871.85,2.91590
813,448,-35,449.37,1.50289
814,-35,-774,774.79,2.59127
815,-239,-1223,1246.13,4.16767
816,-349,-940,1002.70,3.35350
817,-928,-357,994.30,3.32542
818,-1438,-398,1492.06,4.99017
819,-952,-1088,1445.70,4.83512
820,-244,-1420,1440.81,4.81877
821,-64,-782,784.61,2.62413
822,-472,325,573.07,1.91662
823,-696,654,955.06,3.19417
824,-353,-24,353.81,1.18333
825,-454,-913,1019.65,3.41020
826,-1086,-1450,1811.60,6.05886
827,-492,-1213,1308.98,4.37787
828,247,-917,949.68,3.17620
829,597,-411,724.80,2.42407
830,433,359,562.47,1.88116
831,-282,461,540.41,1.80740
832,-561,-355,663.89,2.22036
833,-149,-1068,1078.34,3.60650
834,189,-1306,1319.60,4.41339
835,315,-792,852.34,2.85065
836,-343,10,343.15,1.14764
837,-1131,-95,1134.98,3.79593
838,-1175,-615,1326.22,4.43551
839,-457,-737,867.19,2.90030
840,-275,-452,529.08,1.76951
841,-392,-171,427.67,1.43035
842,-536,-664,853.34,2.85399
843,-122,-650,661.35,2.21187
844,-26,-84,87.93,0.29409
845,59,150,161.19,0.53908
846,257,15,257.44,0.86099
847,334,-424,539.75,1.80519
848,290,-542,614.71,2.05587
849,265,-552,612.31,2.04787
# END
# FRAME,79,RX_TS,502317936755,FP_INDEX,752.2812,FP_INT,752,RXPACC,260,RXPWR,-69.26,STD_NOISE,116.00,NTM,13,NOISE_THRESH,1508.00,PEAK_IDX,754,PEAK_AMPL,16837,START,702,elapsed_s,7.8846
sample,real,imag,amplitude,amplitude_norm
702,107,59,122.19,0.46996
703,38,273,275.63,1.06012
704,-17,94,95.52,0.36740
705,118,-641,651.77,2.50681
706,348,-972,1032.42,3.97084
707,315,-834,891.50,3.42886
708,170,-49,176.92,0.68046
709,-10,651,651.08,2.50414
710,-3,471,471.01,1.81158
711,267,104,286.54,1.10208
712,301,-63,307.52,1.18278
713,-73,-148,165.02,0.63471
714,-130,-254,285.33,1.09744
715,79,-233,246.03,0.94626
716,69,-114,133.26,0.51252
717,60,43,73.82,0.28391
718,73,233,244.17,0.93911
719,45,195,200.12,0.76971
720,29,-153,155.72,0.59894
721,191,-695,720.77,2.77218
722,326,-832,893.59,3.43688
723,217,-660,694.76,2.67215
724,18,67,69.38,0.26683
725,-64,678,681.01,2.61928
726,2,443,443.00,1.70386
727,252,-155,295.85,1.13790
728,242,-177,299.82,1.15316
729,84,-479,486.31,1.87042
730,14,-716,716.14,2.75437
731,-109,-661,669.93,2.57664
732,-18,-140,141.15,0.54289
733,143,591,608.05,2.33867
734,-40,504,505.58,1.94456
735,10,158,158.32,0.60891
736,-112,369,385.62,1.48316
737,-228,980,1006.17,3.86990
738,-209,1119,1138.35,4.37827
739,-183,963,980.23,3.77013
740,103,270,288.98,1.11146
741,220,-388,446.03,1.71551
742,-42,-62,74.89,0.28803
743,-38,480,481.50,1.85193
744,27,654,654.56,2.51753
745,169,933,948.18,3.64686
746,32,980,980.52,3.77124
747,-167,989,1003.00,3.85769
748,84,412,420.48,1.61722
749,204,-114,233.69,0.89882
750,-69,-147,162.39,0.62457
751,-841,-36,841.77,3.23758
752,-5642,-805,5699.14,21.91977
753,-14659,-1870,14777.79,56.83767
754,-16482,-1349,16537.11,63.60428
755,-15913,-1214,15959.24,61.38169
756,-2991,-1460,3328.31,12.80121
757,11568,-1045,11615.10,44.67348
758,7856,-778,7894.43,30.36319
759,-1293,-312,1330.11,5.11581
760,-2350,526,2408.15,9.26211
761,1565,1593,2233.13,8.58897
762,2157,1707,2750.73,10.57972
763,935,1175,1501.62,5.77545
764,379,491,620.26,2.38561
765,960,271,997.52,3.83661
766,1763,161,1770.34,6.80899
767,1520,-509,1602.96,6.16523
768,860,-794,1170.49,4.50187
769,510,79,516.08,1.98493
770,666,1234,1402.25,5.39328
771,1243,1238,1754.34,6.74744
772,2042,-412,2083.15,8.01211
773,2046,-1376,2465.66,9.48332
774,1249,-470,1334.50,5.13271
775,174,-37,177.89,0.68419
776,683,-1526,1671.87,6.43029
777,1526,-2021,2532.41,9.74005
778,1186,350,1236.57,4.75602
779,123,2643,2645.86,10.17639
780,-623,2245,2329.84,8.96092
781,-113,219,246.43,0.94783
782,875,-748,1151.14,4.42747
783,2225,-136,2229.15,8.57366
784,3269,875,3384.08,13.01569
785,2250,419,2288.68,8.80262
786,862,-736,1133.46,4.35948
787,-427,-1499,1558.63,5.99473
788,-1264,-1254,1780.51,6.84811
789,25,-1181,1181.26,4.54332
790,3152,-1967,3715.40,14.29000
791,5347,-2094,5742.41,22.08618
792,4090,-1014,4213.82,16.20701
793,599,12,599.12,2.30431
794,-710,-23,710.37,2.73220
795,-701,-487,853.56,3.28294
796,-490,-355,605.08,2.32724
797,221,200,298.06,1.14639
798,244,328,408.80,1.57232
799,-347,147,376.85,1.44943
800,-518,-60,521.46,2.00563
801,187,-284,340.04,1.30783
802,538,-586,795.51,3.05966
803,-339,-679,758.92,2.91893
804,-1763,92,1765.40,6.79000
805,-1867,837,2046.03,7.86936
806,-526,1041,1166.34,4.48594
807,514,918,1052.10,4.04655
808,860,936,1271.10,4.88885
809,471,818,943.91,3.63042
810,240,257,351.64,1.35245
811,542,45,543.86,2.09179
812,672,227,709.30,2.72809
813,-100,236,256.31,0.98582
814,-615,320,693.27,2.66643
815,-326,291,436.99,1.68072
816,431,587,728.24,2.80091
817,859,726,1124.70,4.32578
818,799,406,896.23,3.44706
819,903,-301,951.85,3.66094
820,1339,-467,1418.10,5.45423
821,1300,376,1353.28,5.20494
822,942,966,1349.27,5.18949
823,436,549,701.07,2.69642
824,92,-342,354.16,1.36215
825,189,-723,747.30,2.87421
826,316,-169,358.35,1.37828
827,824,479,953.11,3.66580
828,1487,611,1607.63,6.18321
829,995,698,1215.41,4.67467
830,378,769,856.88,3.29570
831,-167,581,604.52,2.32509
832,-426,-19,426.42,1.64009
833,45,-311,314.24,1.20861
834,639,57,641.54,2.46745
835,663,705,967.78,3.72222
836,586,1117,1261.38,4.85147
837,260,871,908.98,3.49607
838,391,-19,391.46,1.50562
839,937,-389,1014.54,3.90207
840,1151,-40,1151.69,4.42960
841,749,379,839.43,3.22858
842,523,326,616.28,2.37032
843,441,45,443.29,1.70496
844,804,142,816.44,3.14017
845,634,393,745.93,2.86894
846,184,171,251.19,0.96612
847,-19,-28,33.84,0.13015
848,-166,162,231.95,0.89211
849,-21,526,526.42,2.02469
850,86,610,616.03,2.36936
851,162,669,688.33,2.64744
# END
# FRAME,80,RX_TS,508707797721,FP_INDEX,753.8750,FP_INT,753,RXPACC,286,RXPWR,-69.28,STD_NOISE,164.00,NTM,13,NOISE_THRESH,2132.00,PEAK_IDX,756,PEAK_AMPL,19361,START,703,elapsed_s,7.9597
sample,real,imag,amplitude,amplitude_norm
703,29,-93,97.42,0.34062
704,292,13,292.29,1.02199
705,284,161,326.46,1.14147
706,-139,-251,286.92,1.00321
707,-636,-757,988.71,3.45702
708,-716,-722,1016.83,3.55534
709,-362,-547,655.94,2.29348
710,439,195,480.36,1.67958
711,622,272,678.87,2.37368
712,267,31,268.79,0.93984
713,142,-216,258.50,0.90383
714,20,-81,83.43,0.29172
715,-271,149,309.26,1.08133
716,-286,-149,322.49,1.12757
717,-273,-279,390.35,1.36485
718,17,-87,88.65,0.30995
719,202,17,202.71,0.70879
720,131,64,145.80,0.50978
721,129,-11,129.47,0.45269
722,-342,-159,377.15,1.31872
723,-614,-694,926.62,3.23994
724,-634,-660,915.18,3.19993
725,-401,-425,584.32,2.04307
726,415,265,492.39,1.72165
727,526,572,777.08,2.71708
728,139,77,158.90,0.55560
729,-135,-268,300.08,1.04924
730,-188,-259,320.04,1.11902
731,-556,-255,611.69,2.13877
732,-765,-289,817.77,2.85933
733,-520,-134,536.99,1.87758
734,331,101,346.07,1.21002
735,665,273,718.86,2.51348
736,242,99,261.47,0.91422
737,183,221,286.93,1.00326
738,524,640,827.15,2.89213
739,932,859,1267.48,4.43175
740,926,825,1240.20,4.33637
741,604,527,801.59,2.80276
742,-117,-160,198.21,0.69306
743,-283,-220,358.45,1.25333
744,237,202,311.40,1.08883
745,601,294,669.06,2.33936
746,810,446,924.67,3.23311
747,957,433,1050.40,3.67272
748,911,755,1183.19,4.13704
749,687,561,886.96,3.10124
750,94,-155,181.28,0.63383
751,-225,-261,344.60,1.20488
752,-217,295,366.22,1.28047
753,-1644,2283,2813.33,9.83682
754,-7648,9480,12180.41,42.58883
755,-11657,15721,19571.29,68.43109
756,-11685,16437,20167.16,70.51453
757,-8331,10765,13612.16,47.59495
758,2475,-6789,7226.07,25.26599
759,5803,-11627,12994.69,45.43598
760,769,-2412,2531.62,8.85182
761,-1677,3024,3457.88,12.09047
762,1030,732,1263.62,4.41824
763,2895,-1156,3117.27,10.89954
764,2185,-584,2261.70,7.90804
765,970,23,970.27,3.39256
766,623,-363,721.04,2.52112
767,1099,-1172,1606.67,5.61772
768,760,-1791,1945.58,6.80273
769,-160,-1487,1495.58,5.22931
770,-73,-859,862.10,3.01432
771,1038,7,1038.02,3.62945
772,1863,-25,1863.17,6.51457
773,1338,-1301,1866.24,6.52531
774,158,-2720,2724.59,9.52652
775,-109,-2116,2118.81,7.40841
776,220,-376,435.63,1.52319
777,-554,-561,788.44,2.75678
778,-1420,-2486,2862.97,10.01038
779,-255,-1923,1939.83,6.78263
780,1827,277,1847.88,6.46112
781,2513,2069,3255.14,11.38160
782,807,1044,1319.54,4.61378
783,-300,-763,819.86,2.86664
784,204,-1856,1867.18,6.52859
785,2108,-2429,3216.16,11.24533
786,2515,-2257,3379.24,11.81553
787,661,-1451,1594.47,5.57506
788,-1021,-792,1292.17,4.51808
789,-2078,195,2087.13,7.29766
790,-1585,212,1599.12,5.59131
791,-966,-2283,2478.96,8.66769
792,265,-5706,5712.15,19.97255
793,1255,-5939,6070.15,21.22431
794,1014,-2198,2420.62,8.46371
795,-24,547,547.53,1.91443
796,-587,615,850.17,2.97263
797,-979,422,1066.08,3.72755
798,-106,55,119.42,0.41755
799,443,-184,479.69,1.67725
800,37,351,352.94,1.23407
801,-319,495,588.89,2.05904
802,-362,-14,362.27,1.26668
803,-135,-902,912.05,3.18897
804,-477,-609,773.57,2.70479
805,-908,961,1322.11,4.62278
806,-632,2246,2333.23,8.15813
807,197,1553,1565.44,5.47358
808,901,371,974.39,3.40697
809,1271,-87,1273.97,4.45445
810,1388,25,1388.23,4.85393
811,655,121,666.08,2.32896
812,266,-285,389.85,1.36310
813,687,-547,878.17,3.07052
814,569,-82,574.88,2.01006
815,123,608,620.32,2.16894
816,68,685,688.37,2.40688
817,459,196,499.10,1.74509
818,1143,-320,1186.95,4.15017
819,1039,-460,1136.28,3.97299
820,509,-742,899.80,3.14616
821,179,-1429,1440.17,5.03555
822,737,-1205,1412.51,4.93886
823,1481,-530,1572.98,5.49992
824,1318,-50,1318.95,4.61171
825,310,-289,423.82,1.48188
826,-527,-480,712.83,2.49242
827,-261,-437,509.01,1.77975
828,505,-268,571.71,1.99898
829,1333,-864,1588.52,5.55425
830,1238,-830,1490.48,5.21148
831,1220,-100,1224.09,4.28004
832,848,480,974.42,3.40708
833,115,565,576.58,2.01603
834,-536,96,544.53,1.90395
835,-81,-468,474.96,1.66069
836,662,-405,776.06,2.71350
837,1286,-99,1289.81,4.50981
838,1178,254,1205.07,4.21354
839,559,77,564.28,1.97300
840,61,-714,716.60,2.50560
841,379,-1195,1253.66,4.38343
842,748,-866,1144.32,4.00111
843,674,-277,728.70,2.54791
844,348,-278,445.41,1.55737
845,311,-598,674.04,2.35677
846,657,-473,809.55,2.83061
847,495,-89,502.94,1.75852
848,51,125,135.00,0.47204
849,-10,239,239.21,0.83640
850,413,363,549.85,1.92256
851,588,329,673.78,2.35589
852,643,343,728.76,2.54813
# END
# FRAME,81,RX_TS,515097591586,FP_INDEX,747.0312,FP_INT,747,RXPACC,319,RXPWR,-69.87,STD_NOISE,180.00,NTM,13,NOISE_THRESH,2340.00,PEAK_IDX,749,PEAK_AMPL,20497,START,697,elapsed_s,8.0637
sample,real,imag,amplitude,amplitude_norm
697,-205,-1,205.00,0.64264
698,-249,-204,321.90,1.00908
699,132,81,154.87,0.48549
700,560,895,1055.76,3.30959
701,726,1045,1272.44,3.98884
702,533,925,1067.57,3.34663
703,-65,-10,65.76,0.20616
704,-420,-555,696.01,2.18184
705,-309,-225,382.24,1.19824
706,-275,247,369.64,1.15875
707,-51,275,279.69,0.87677
708,350,33,351.55,1.10204
709,398,264,477.60,1.49717
710,300,355,464.78,1.45701
711,166,169,236.89,0.74260
712,-155,-54,164.14,0.51454
713,-150,-118,190.85,0.59828
714,-61,70,92.85,0.29106
715,423,326,534.05,1.67413
716,623,924,1114.41,3.49344
717,619,909,1099.75,3.44748
718,457,755,882.54,2.76658
719,-57,-38,68.51,0.21475
720,-388,-646,753.56,2.36227
721,-121,-148,191.17,0.59927
722,100,408,420.08,1.31685
723,56,472,475.31,1.49000
724,484,591,763.90,2.39466
725,827,618,1032.40,3.23637
726,839,362,913.76,2.86446
727,-4,119,119.07,0.37325
728,-619,-346,709.14,2.22300
729,-93,-273,288.41,0.90409
730,15,-185,185.61,0.58184
731,-346,-622,711.76,2.23122
732,-775,-1103,1348.05,4.22586
733,-734,-1051,1281.93,4.01860
734,-537,-922,1066.98,3.34477
735,-104,19,105.72,0.33141
736,392,425,578.18,1.81247
737,-31,-203,205.35,0.64374
738,-524,-393,655.00,2.05329
739,-757,-480,896.35,2.80988
740,-910,-618,1100.01,3.44831
741,-760,-971,1233.06,3.86540
742,-675,-877,1106.69,3.46924
743,-363,68,369.31,1.15772
744,187,385,428.01,1.34173
745,364,-69,370.48,1.16139
746,1540,-1508,2155.38,6.75668
747,8637,-7253,11278.46,35.35569
748,15806,-14428,21400.86,67.08734
749,16456,-16328,23181.96,72.67074
750,14774,-14059,20394.28,63.93190
751,1996,762,2136.51,6.69751
752,-8022,11283,13844.08,43.39837
753,-2961,4773,5616.85,17.60769
754,2251,-2325,3236.14,10.14465
755,-61,-1529,1530.22,4.79692
756,-3168,585,3221.56,10.09893
757,-2637,360,2661.46,8.34313
758,-1419,-3,1419.00,4.44829
759,-917,366,987.34,3.09512
760,-1156,911,1471.82,4.61386
761,-1168,1736,2092.35,6.55908
762,-368,1808,1845.07,5.78392
763,50,1179,1180.06,3.69925
764,-775,-49,776.55,2.43432
765,-1883,-330,1911.70,5.99278
766,-1738,548,1822.35,5.71269
767,-900,2709,2854.59,8.94856
768,-232,2879,2888.33,9.05433
769,-414,1093,1168.78,3.66388
770,303,581,655.26,2.05412
771,1183,2732,2977.13,9.33270
772,449,2672,2709.46,8.49361
773,-1454,65,1455.45,4.56255
774,-2235,-2202,3137.52,9.83548
775,-1139,-1622,1981.97,6.21307
776,120,540,553.17,1.73408
777,-185,1924,1932.87,6.05917
778,-2191,2438,3277.85,10.27540
779,-3443,2239,4106.99,12.87458
780,-1284,1461,1945.04,6.09730
781,735,1198,1405.50,4.40595
782,2065,711,2183.97,6.84632
783,2025,207,2035.55,6.38104
784,800,2059,2208.95,6.92462
785,-1197,5888,6008.44,18.83524
786,-2600,6715,7200.78,22.57298
787,-1929,3008,3573.39,11.20184
788,-90,-358,369.14,1.15718
789,638,-552,843.65,2.64468
790,1034,-130,1042.14,3.26690
791,635,-215,670.41,2.10160
792,-209,68,219.78,0.68898
793,13,-34,36.40,0.11411
794,571,-253,624.54,1.95781
795,651,146,667.17,2.09144
796,202,972,992.77,3.11212
797,428,907,1002.91,3.14393
798,1129,-109,1134.25,3.55564
799,1390,-1962,2404.48,7.53757
800,527,-2055,2121.50,6.65046
801,-595,-934,1107.42,3.47154
802,-1137,-171,1149.79,3.60435
803,-1340,-120,1345.36,4.21744
804,-762,-243,799.81,2.50724
805,-363,152,393.54,1.23366
806,-701,323,771.84,2.41955
807,-762,194,786.31,2.46491
808,-22,-400,400.60,1.25581
809,249,-817,854.10,2.67744
810,-180,-318,365.41,1.14548
811,-1095,168,1107.81,3.47277
812,-1301,389,1357.91,4.25677
813,-815,678,1060.15,3.32334
814,-343,1322,1365.77,4.28142
815,-849,1548,1765.53,5.53458
816,-1445,610,1568.48,4.91686
817,-1471,-43,1471.63,4.61326
818,-598,222,637.88,1.99962
819,516,625,810.48,2.54070
820,413,734,842.21,2.64017
821,-314,353,472.45,1.48102
822,-1308,458,1385.87,4.34441
823,-1701,787,1874.24,5.87536
824,-1376,189,1388.92,4.35398
825,-792,-417,895.07,2.80587
826,-142,-573,590.33,1.85057
827,607,-167,629.55,1.97352
828,259,420,493.44,1.54683
829,-448,436,625.14,1.95969
830,-1058,-84,1061.33,3.32705
831,-1156,-335,1203.56,3.77292
832,-638,-203,669.52,2.09880
833,-203,731,758.66,2.37825
834,-570,1289,1409.40,4.41820
835,-917,862,1258.54,3.94528
836,-723,262,769.01,2.41068
837,-363,335,493.96,1.54846
838,-284,527,598.65,1.87665
839,-797,549,967.79,3.03381
840,-574,108,584.07,1.83095
841,-134,-33,138.00,0.43261
842,154,-198,250.84,0.78633
843,-34,-451,452.28,1.41780
844,-503,-399,642.04,2.01265
845,-581,-306,656.66,2.05848
846,-705,-357,790.24,2.47723
# END
# FRAME,82,RX_TS,521487375691,FP_INDEX,747.9062,FP_INT,747,RXPACC,278,RXPWR,-69.16,STD_NOISE,156.00,NTM,13,NOISE_THRESH,2028.00,PEAK_IDX,750,PEAK_AMPL,18998,START,697,elapsed_s,8.1673
sample,real,imag,amplitude,amplitude_norm
697,-73,-49,87.92,0.31626
698,146,-206,252.49,0.90824
699,272,-43,275.38,0.99057
700,-136,175,221.63,0.79724
701,-872,291,919.27,3.30674
702,-977,346,1036.46,3.72827
703,-709,209,739.16,2.65886
704,289,-174,337.34,1.21345
705,541,-340,638.97,2.29845
706,196,-188,271.59,0.97693
707,-245,-173,299.92,1.07886
708,-152,-39,156.92,0.56447
709,-43,257,260.57,0.93731
710,-168,193,255.88,0.92042
711,-257,80,269.16,0.96821
712,-100,-1,100.00,0.35973
713,104,-125,162.61,0.58492
714,130,-63,144.46,0.51964
715,-6,-79,79.23,0.28499
716,-270,270,381.84,1.37352
717,-772,283,822.24,2.95769
718,-860,325,919.36,3.30705
719,-578,217,617.39,2.22083
720,345,-185,391.47,1.40817
721,669,-182,693.31,2.49394
722,87,-35,93.78,0.33732
723,-351,29,352.20,1.26689
724,-319,41,321.62,1.15692
725,-522,360,634.10,2.28094
726,-602,581,836.64,3.00949
727,-358,473,593.21,2.13383
728,142,-195,241.22,0.86771
729,546,-387,669.24,2.40735
730,294,-60,300.06,1.07935
731,229,29,230.83,0.83032
732,662,-151,679.00,2.44246
733,1072,-413,1148.81,4.13239
734,996,-402,1074.07,3.86355
735,820,-254,858.44,3.08791
736,-128,56,139.71,0.50257
737,-304,223,377.02,1.35619
738,291,-17,291.50,1.04855
739,454,-371,586.31,2.10902
740,666,-499,832.20,2.99353
741,745,-578,942.93,3.39182
742,1006,-390,1078.95,3.88112
743,788,-359,865.92,3.11484
744,-54,-82,98.18,0.35318
745,-306,178,354.01,1.27340
746,102,309,325.40,1.17050
747,1222,2010,2352.31,8.46156
748,4753,9671,10775.86,38.76210
749,9050,16117,18484.05,66.48940
750,10332,16449,19424.72,69.87309
751,6848,12594,14335.41,51.56622
752,-4102,-3544,5420.92,19.49970
753,-8080,-10032,12881.28,46.33555
754,-2493,-2522,3546.20,12.75611
755,1817,2638,3203.21,11.52233
756,1216,-61,1217.53,4.37960
757,226,-2858,2866.92,10.31267
758,336,-2219,2244.29,8.07300
759,426,-918,1012.03,3.64039
760,-70,-567,571.30,2.05505
761,-599,-1291,1423.19,5.11940
762,-1255,-1475,1936.66,6.96640
763,-1313,-542,1420.47,5.10960
764,-822,-196,845.04,3.03973
765,326,-743,811.37,2.91861
766,741,-1496,1669.46,6.00525
767,-361,-1657,1695.87,6.10025
768,-2203,-1190,2503.86,9.00669
769,-2107,-772,2243.98,8.07186
770,-420,-400,580.00,2.08633
771,-550,301,626.98,2.25532
772,-2647,450,2684.98,9.65820
773,-2178,-256,2192.99,7.88847
774,648,-1281,1435.57,5.16393
775,2704,-1312,3005.49,10.81111
776,1489,-259,1511.36,5.43654
777,-703,37,703.97,2.53228
778,-1695,-781,1866.28,6.71322
779,-1452,-2665,3034.89,10.91685
780,-976,-3182,3328.32,11.97237
781,-966,-1225,1560.06,5.61172
782,-1167,525,1279.65,4.60307
783,-814,1807,1981.88,7.12906
784,-337,1418,1457.50,5.24279
785,-2073,-14,2073.05,7.45701
786,-4845,-2490,5447.40,19.59495
787,-4885,-3611,6074.75,21.85161
788,-1825,-2031,2730.49,9.82191
789,430,56,433.63,1.55982
790,374,776,861.42,3.09865
791,-60,1128,1129.59,4.06329
792,36,325,326.99,1.17621
793,-10,-319,319.16,1.14805
794,146,91,172.04,0.61884
795,103,567,576.28,2.07295
796,-230,542,588.78,2.11792
797,-725,41,726.16,2.61208
798,-763,252,803.54,2.89042
799,296,1160,1197.17,4.30637
800,1651,1516,2241.44,8.06274
801,1584,674,1721.43,6.19221
802,834,-432,939.24,3.37858
803,413,-966,1050.58,3.77908
804,464,-1068,1164.44,4.18863
805,380,-507,633.60,2.27914
806,-94,-316,329.68,1.18592
807,-184,-716,739.26,2.65922
808,119,-427,443.27,1.59450
809,610,266,665.47,2.39379
810,664,334,743.27,2.67364
811,356,-227,422.21,1.51876
812,133,-1098,1106.03,3.97851
813,81,-1099,1101.98,3.96396
814,-362,-757,839.10,3.01835
815,-1068,-687,1269.88,4.56791
816,-906,-1100,1425.07,5.12617
817,-43,-1469,1469.63,5.28644
818,309,-1195,1234.30,4.43994
819,-113,-445,459.12,1.65152
820,-684,285,741.00,2.66547
821,-527,96,535.67,1.92688
822,-39,-476,477.60,1.71797
823,-27,-1520,1520.24,5.46849
824,-208,-1574,1587.68,5.71109
825,307,-1102,1143.96,4.11498
826,699,-544,885.74,3.18612
827,698,195,724.73,2.60693
828,191,534,567.13,2.04004
829,-326,49,329.66,1.18583
830,-118,-567,579.15,2.08327
831,366,-982,1047.99,3.76974
832,657,-921,1131.32,4.06950
833,277,-537,604.23,2.17350
834,-612,-327,693.88,2.49598
835,-875,-750,1152.44,4.14548
836,-370,-944,1013.92,3.64720
837,61,-677,679.74,2.44512
838,-56,-329,333.73,1.20047
839,-303,-446,539.19,1.93953
840,-187,-838,858.61,3.08853
841,97,-554,562.43,2.02312
842,226,45,230.44,0.82891
843,290,271,396.91,1.42775
844,459,47,461.40,1.65971
845,450,-403,604.08,2.17294
846,438,-455,631.56,2.27180
# END
# FRAME,83,RX_TS,527877169501,FP_INDEX,748.6875,FP_INT,748,RXPACC,265,RXPWR,-69.05,STD_NOISE,152.00,NTM,13,NOISE_THRESH,1976.00,PEAK_IDX,751,PEAK_AMPL,17750,START,698,elapsed_s,8.2509
sample,real,imag,amplitude,amplitude_norm
698,-64,109,126.40,0.47698
699,-139,-183,229.80,0.86719
700,-3,-193,193.02,0.72839
701,121,293,317.00,1.19623
702,92,936,940.51,3.54910
703,71,939,941.68,3.55351
704,-94,788,793.59,2.99467
705,-46,-248,252.23,0.95181
706,-118,-575,586.98,2.21503
707,-117,-165,202.27,0.76329
708,-290,166,334.15,1.26094
709,-34,155,158.69,0.59881
710,200,176,266.41,1.00533
711,83,302,313.20,1.18188
712,125,392,411.45,1.55263
713,84,125,150.60,0.56831
714,14,-86,87.13,0.32880
715,1,-122,122.00,0.46039
716,-74,7,74.33,0.28049
717,188,550,581.24,2.19337
718,38,954,954.76,3.60285
719,0,887,887.00,3.34717
720,-19,600,600.30,2.26529
721,-47,-323,326.40,1.23170
722,80,-612,617.21,2.32908
723,62,29,68.45,0.25829
724,-40,387,389.06,1.46816
725,-120,436,452.21,1.70646
726,160,639,658.73,2.48576
727,416,667,786.09,2.96640
728,338,476,583.80,2.20301
729,-253,-130,284.45,1.07338
730,-252,-453,518.38,1.95613
731,88,-206,224.01,0.84532
732,190,-231,299.10,1.12868
733,-13,-765,765.11,2.88721
734,-158,-1047,1058.85,3.99568
735,-86,-953,956.87,3.61084
736,2,-738,738.00,2.78492
737,29,128,131.24,0.49526
738,160,264,308.70,1.16491
739,-4,-183,183.04,0.69073
740,-263,-454,524.68,1.97991
741,-393,-625,738.29,2.78600
742,-405,-814,909.19,3.43089
743,-138,-999,1008.49,3.80561
744,-184,-712,735.39,2.77506
745,-172,35,175.52,0.66236
746,109,273,293.96,1.10927
747,493,-51,495.63,1.87031
748,2955,-657,3027.16,11.42323
749,11747,-2350,11979.75,45.20662
750,16369,-4431,16958.12,63.99292
751,16456,-5243,17271.04,65.17375
752,13241,-3133,13606.61,51.34569
753,-3428,2863,4466.31,16.85401
754,-9808,4568,10819.59,40.82863
755,-1682,1266,2105.20,7.94416
756,2778,-1065,2975.15,11.22698
757,-631,-998,1180.75,4.45565
758,-2707,-777,2816.31,10.62757
759,-1762,-819,1943.04,7.33223
760,-925,-549,1075.65,4.05906
761,-858,39,858.89,3.24108
762,-1383,358,1428.58,5.39088
763,-1556,967,1832.00,6.91321
764,-796,1142,1392.04,5.25299
765,-357,560,664.12,2.50609
766,-663,-602,895.53,3.37936
767,-1219,-932,1534.47,5.79044
768,-1574,214,1588.48,5.99427
769,-1653,1954,2559.40,9.65811
770,-1223,1719,2109.67,7.96100
771,-457,351,576.24,2.17448
772,50,951,952.31,3.59364
773,-305,2759,2775.81,10.47474
774,-891,1566,1801.73,6.79899
775,-1023,-1172,1555.67,5.87046
776,-543,-2575,2631.63,9.93068
777,-92,-1078,1081.92,4.08271
778,-283,852,897.77,3.38782
779,-1329,1266,1835.48,6.92635
780,-3027,688,3104.20,11.71397
781,-2978,250,2988.48,11.27726
782,-1028,757,1276.65,4.81754
783,427,1297,1365.48,5.15276
784,1456,1313,1960.59,7.39844
785,1133,1065,1554.96,5.86779
786,-973,2312,2508.40,9.46566
787,-3783,3971,5484.52,20.69629
788,-4429,3240,5487.59,20.70789
789,-1858,678,1977.84,7.46354
790,335,-498,600.19,2.26487
791,828,-91,832.99,3.14334
792,1003,254,1034.66,3.90438
793,339,12,339.21,1.28005
794,-251,-65,259.28,0.97841
795,93,-40,101.24,0.38203
796,514,182,545.27,2.05762
797,251,598,648.54,2.44732
798,-339,902,963.60,3.63623
799,152,742,757.41,2.85815
800,1190,-4,1190.01,4.49059
801,1798,-1212,2168.35,8.18246
802,893,-1286,1565.65,5.90810
803,-354,-809,883.06,3.33231
804,-897,-490,1022.11,3.85702
805,-812,-614,1018.01,3.84154
806,-331,-315,456.93,1.72427
807,-307,47,310.58,1.17199
808,-766,-49,767.57,2.89647
809,-407,-313,513.44,1.93750
810,398,-564,690.29,2.60487
811,511,-548,749.28,2.82748
812,-135,-367,391.04,1.47563
813,-1037,-333,1089.15,4.11002
814,-1021,-240,1048.83,3.95784
815,-789,233,822.68,3.10447
816,-875,937,1282.03,4.83784
817,-1227,555,1346.68,5.08182
818,-1304,-364,1353.85,5.10887
819,-1022,-446,1115.08,4.20784
820,-417,183,455.39,1.71844
821,89,837,841.72,3.17630
822,-69,526,530.51,2.00191
823,-492,7,492.05,1.85679
824,-1370,-197,1384.09,5.22299
825,-1466,-175,1476.41,5.57135
826,-914,-542,1062.62,4.00988
827,-282,-646,704.87,2.65988
828,322,-433,539.60,2.03624
829,469,154,493.64,1.86278
830,-144,327,357.30,1.34831
831,-546,-82,552.12,2.08348
832,-704,-599,924.35,3.48810
833,-542,-773,944.08,3.56258
834,-466,-254,530.73,2.00275
835,-644,517,825.85,3.11641
836,-969,556,1117.18,4.21578
837,-815,30,815.55,3.07755
838,-551,-137,567.78,2.14255
839,-322,75,330.62,1.24762
840,-538,256,595.80,2.24831
841,-716,-33,716.76,2.70476
842,-353,-193,402.32,1.51817
843,8,-106,106.30,0.40114
844,163,-202,259.56,0.97948
845,-9,-387,387.10,1.46077
846,-318,-466,564.16,2.12892
847,-379,-503,629.80,2.37661
# END
# FRAME,84,RX_TS,534266956649,FP_INDEX,748.7656,FP_INT,748,RXPACC,302,RXPWR,-69.61,STD_NOISE,148.00,NTM,13,NOISE_THRESH,1924.00,PEAK_IDX,751,PEAK_AMPL,20013,START,698,elapsed_s,8.3645
sample,real,imag,amplitude,amplitude_norm
698,130,111,170.94,0.56603
699,9,295,295.14,0.97728
700,-81,215,229.75,0.76077
701,337,-284,440.71,1.45930
702,886,-609,1075.12,3.55999
703,918,-687,1146.60,3.79669
704,761,-298,817.27,2.70618
705,-165,247,297.04,0.98358
706,-323,593,675.26,2.23597
707,-47,381,383.89,1.27115
708,314,310,441.24,1.46107
709,177,3,177.03,0.58618
710,24,-307,307.94,1.01966
711,229,-251,339.77,1.12506
712,288,-200,350.63,1.16104
713,165,20,166.21,0.55036
714,-38,225,228.19,0.75558
715,-29,224,225.87,0.74791
716,150,82,170.95,0.56606
717,502,-424,657.10,2.17583
718,915,-537,1060.94,3.51305
719,793,-542,960.53,3.18055
720,519,-287,593.07,1.96380
721,-315,367,483.65,1.60148
722,-557,388,678.82,2.24774
723,45,40,60.21,0.19936
724,371,-45,373.72,1.23748
725,510,-93,518.41,1.71659
726,521,-529,742.48,2.45856
727,482,-726,871.44,2.88555
728,316,-535,621.35,2.05746
729,26,357,357.95,1.18525
730,-263,548,607.84,2.01272
731,-194,141,239.83,0.79413
732,-274,154,314.31,1.04077
733,-667,545,861.34,2.85213
734,-971,902,1325.31,4.38844
735,-901,766,1182.61,3.91591
736,-635,564,849.31,2.81227
737,188,-54,195.60,0.64769
738,194,-166,255.33,0.84545
739,-295,294,416.49,1.37909
740,-345,641,727.95,2.41042
741,-370,821,900.52,2.98186
742,-514,883,1021.71,3.38314
743,-859,845,1204.95,3.98990
744,-548,689,880.36,2.91508
745,205,212,294.91,0.97651
746,172,-161,235.59,0.78012
747,-420,-340,540.37,1.78931
748,-2801,-2605,3825.13,12.66600
749,-10314,-10189,14498.08,48.00689
750,-15744,-14152,21169.62,70.09806
751,-16457,-14122,21685.56,71.80650
752,-11005,-10536,15235.40,50.44834
753,5911,2256,6326.88,20.94995
754,10495,6287,12234.03,40.51002
755,1701,495,1771.56,5.86609
756,-2871,-1802,3389.67,11.22406
757,-379,1553,1598.58,5.29330
758,963,3122,3267.15,10.81837
759,318,2129,2152.62,7.12787
760,150,1289,1297.70,4.29701
761,665,847,1076.86,3.56577
762,1225,1116,1657.13,5.48719
763,1895,802,2057.72,6.81366
764,1681,61,1682.11,5.56989
765,897,220,923.58,3.05823
766,-126,1247,1253.35,4.15016
767,-106,1959,1961.87,6.49624
768,1429,1351,1966.53,6.51169
769,3022,375,3045.18,10.08337
770,2280,208,2289.47,7.58102
771,540,250,595.06,1.97041
772,944,-607,1122.31,3.71627
773,2921,-1293,3194.38,10.57743
774,1978,41,1978.42,6.55108
775,-529,1831,1905.89,6.31088
776,-2072,2152,2987.35,9.89190
777,-863,729,1129.69,3.74071
778,1082,-204,1101.06,3.64590
779,2141,679,2246.09,7.43739
780,2709,2733,3848.11,12.74209
781,2159,2645,3414.28,11.30556
782,1434,436,1498.82,4.96297
783,1009,-1260,1614.21,5.34507
784,320,-2129,2152.91,7.12886
785,387,-1602,1648.08,5.45722
786,3029,-473,3065.71,10.15135
787,6396,1236,6514.33,21.57063
788,5957,2324,6394.28,21.17311
789,1726,1432,2242.70,7.42616
790,-632,56,634.48,2.10091
791,-517,-702,871.83,2.88686
792,-423,-1058,1139.43,3.77294
793,-187,-232,297.98,0.98669
794,222,350,414.47,1.37241
795,-16,-5,16.76,0.05551
796,-120,-466,481.20,1.59339
797,377,-574,686.74,2.27396
798,1040,-228,1064.70,3.52549
799,556,-561,789.85,2.61538
800,-867,-1000,1323.51,4.38250
801,-2249,-708,2357.81,7.80732
802,-1724,118,1728.03,5.72197
803,-569,785,969.53,3.21036
804,-22,1153,1153.21,3.81858
805,-129,1203,1209.90,4.00628
806,-103,570,579.23,1.91798
807,286,421,508.96,1.68529
808,437,816,925.65,3.06506
809,-13,492,492.17,1.62971
810,-716,-70,719.41,2.38216
811,-712,-33,712.76,2.36015
812,-98,505,514.42,1.70338
813,411,1288,1351.99,4.47677
814,490,1146,1246.36,4.12702
815,822,558,993.50,3.28974
816,1538,353,1577.99,5.22513
817,1290,977,1618.22,5.35834
818,471,1512,1583.66,5.24391
819,151,1190,1199.54,3.97199
820,433,204,478.65,1.58493
821,772,-593,973.46,3.22339
822,538,-105,548.15,1.81507
823,268,687,737.42,2.44180
824,630,1568,1689.83,5.59546
825,731,1600,1759.08,5.82477
826,-5,1276,1276.01,4.22520
827,-564,687,888.86,2.94323
828,-590,-62,593.25,1.96440
829,-75,-515,520.43,1.72329
830,533,35,534.15,1.76870
831,317,661,733.08,2.42743
832,-94,1172,1175.76,3.89326
833,-329,1161,1206.72,3.99575
834,181,626,651.64,2.15775
835,918,289,962.42,3.18681
836,1214,743,1423.32,4.71299
837,622,883,1080.08,3.57642
838,247,766,804.84,2.66503
839,363,345,500.79,1.65826
840,643,496,812.07,2.68899
841,406,773,873.14,2.89118
842,3,430,430.01,1.42388
843,-50,61,78.87,0.26117
844,-233,-45,237.31,0.78578
845,-430,383,575.84,1.90675
846,-201,628,659.38,2.18338
847,-178,717,738.76,2.44624
# END
# FRAME,85,RX_TS,540656699217,FP_INDEX,747.0000,FP_INT,747,RXPACC,260,RXPWR,-69.00,STD_NOISE,120.00,NTM,13,NOISE_THRESH,1560.00,PEAK_IDX,749,PEAK_AMPL,16988,START,697,elapsed_s,8.4610
sample,real,imag,amplitude,amplitude_norm
697,117,177,212.17,0.81606
698,33,220,222.46,0.85562
699,6,-107,107.17,0.41218
700,311,-757,818.39,3.14767
701,282,-876,920.27,3.53951
702,343,-804,874.11,3.36195
703,69,-1,69.01,0.26541
704,-154,636,654.38,2.51684
705,14,382,382.26,1.47022
706,364,50,367.42,1.41315
707,233,-36,235.76,0.90679
708,-148,-140,203.73,0.78356
709,-100,-207,229.89,0.88419
710,69,-232,242.04,0.93094
711,63,-137,150.79,0.57997
712,38,126,131.61,0.50617
713,0,185,185.00,0.71154
714,82,94,124.74,0.47977
715,7,-289,289.08,1.11186
716,284,-735,787.96,3.03062
717,304,-765,823.19,3.16611
718,276,-640,696.98,2.68068
719,100,54,113.65,0.43711
720,-178,625,649.85,2.49943
721,-93,302,316.00,1.21537
722,184,-107,212.85,0.81865
723,307,-165,348.53,1.34050
724,117,-563,575.03,2.21165
725,10,-762,762.07,2.93102
726,-78,-665,669.56,2.57523
727,158,-64,170.47,0.65565
728,164,613,634.56,2.44061
729,-134,411,432.29,1.66266
730,-134,185,228.43,0.87858
731,-140,505,524.05,2.01556
732,-194,1134,1150.47,4.42490
733,-190,1061,1077.88,4.14568
734,-217,954,978.37,3.76296
735,86,178,197.69,0.76033
736,161,-332,368.98,1.41915
737,-91,100,135.21,0.52003
738,-17,528,528.27,2.03182
739,50,787,788.59,3.03303
740,145,967,977.81,3.76081
741,-130,1048,1056.03,4.06166
742,-175,969,984.68,3.78721
743,201,332,388.10,1.49271
744,163,-165,231.94,0.89206
745,-292,-81,303.03,1.16549
746,-1622,-111,1625.79,6.25305
747,-8605,-1573,8747.59,33.64458
748,-15841,-2521,16040.35,61.69364
749,-16479,-1969,16596.22,63.83160
750,-15529,-1941,15649.83,60.19167
751,-1329,-1669,2133.50,8.20575
752,11211,-734,11235.00,43.21155
753,4977,-577,5010.33,19.27052
754,-2584,-138,2587.68,9.95262
755,-1190,919,1503.55,5.78288
756,1961,1771,2642.34,10.16285
757,1627,1547,2245.07,8.63488
758,764,967,1232.39,4.73996
759,656,458,800.06,3.07716
760,1122,283,1157.14,4.45054
761,1740,-55,1740.87,6.69565
762,1368,-651,1515.00,5.82692
763,837,-638,1052.43,4.04781
764,426,581,720.44,2.77093
765,742,1414,1596.86,6.14177
766,1287,913,1577.95,6.06905
767,2280,-728,2393.40,9.20540
768,1988,-1288,2368.77,9.11067
769,889,-260,926.24,3.56246
770,47,-325,328.38,1.26300
771,1080,-2070,2334.80,8.98001
772,1522,-1847,2393.30,9.20501
773,851,649,1070.23,4.11629
774,-245,2528,2539.84,9.76863
775,-522,1718,1795.55,6.90597
776,267,-225,349.16,1.34293
777,1444,-823,1662.07,6.39256
778,2879,115,2881.30,11.08191
779,3350,1036,3506.54,13.48668
780,1774,117,1777.85,6.83790
781,523,-991,1120.54,4.30977
782,-450,-1458,1525.86,5.86871
783,-958,-1275,1594.80,6.13385
784,691,-1567,1712.59,6.58689
785,4092,-2266,4677.52,17.99047
786,5589,-1659,5830.03,22.42318
787,3241,-57,3241.50,12.46731
788,-17,448,448.32,1.72432
789,-696,-52,697.94,2.68438
790,-694,-643,946.09,3.63880
791,-496,-307,583.32,2.24355
792,271,120,296.38,1.13992
793,230,66,239.28,0.92032
794,-229,-142,269.45,1.03636
795,-289,-445,530.61,2.04080
796,390,-717,816.20,3.13925
797,398,-863,950.35,3.65521
798,-511,-682,852.20,3.27769
799,-1753,280,1775.22,6.82777
800,-1656,929,1898.78,7.30301
801,-402,910,994.84,3.82630
802,453,758,883.05,3.39634
803,686,930,1155.64,4.44476
804,312,713,778.28,2.99337
805,310,250,398.25,1.53172
806,556,298,630.82,2.42625
807,425,466,630.70,2.42576
808,-306,303,430.63,1.65628
809,-686,332,762.12,2.93121
810,-137,264,297.43,1.14396
811,724,519,890.81,3.42618
812,815,610,1018.00,3.91539
813,743,274,791.91,3.04582
814,909,-360,977.69,3.76035
815,1350,-145,1357.76,5.22217
816,1157,710,1357.48,5.22107
817,816,941,1245.53,4.79049
818,565,367,673.73,2.59127
819,241,-528,580.40,2.23231
820,306,-442,537.59,2.06764
821,408,170,442.00,1.70000
822,823,676,1065.04,4.09630
823,1407,726,1583.26,6.08948
824,906,862,1250.55,4.80981
825,197,822,845.28,3.25106
826,-322,539,627.86,2.41484
827,-453,-131,471.56,1.81370
828,199,-291,352.54,1.35591
829,562,150,581.67,2.23721
830,503,716,875.02,3.36547
831,401,1080,1152.04,4.43093
832,344,737,813.33,3.12819
833,618,-97,625.57,2.40602
834,1099,-138,1107.63,4.26012
835,1026,245,1054.85,4.05710
836,592,506,778.78,2.99531
837,409,181,447.26,1.72023
838,518,-46,520.04,2.00015
839,846,188,866.64,3.33322
840,371,427,565.66,2.17561
841,65,160,172.70,0.66423
842,-93,34,99.02,0.38085
843,-133,339,364.16,1.40060
844,171,544,570.24,2.19324
845,177,616,640.93,2.46510
846,216,700,732.57,2.81757
# END
# FRAME,86,RX_TS,547046492954,FP_INDEX,747.2656,FP_INT,747,RXPACC,273,RXPWR,-68.84,STD_NOISE,148.00,NTM,13,NOISE_THRESH,1924.00,PEAK_IDX,749,PEAK_AMPL,18592,START,697,elapsed_s,8.5508
sample,real,imag,amplitude,amplitude_norm
697,-81,-74,109.71,0.40188
698,63,-300,306.54,1.12287
699,39,-21,44.29,0.16225
700,-316,595,673.71,2.46779
701,-584,813,1001.01,3.66671
702,-555,764,944.31,3.45901
703,-174,41,178.77,0.65482
704,225,-646,684.06,2.50572
705,229,-392,453.99,1.66296
706,-103,-77,128.60,0.47106
707,-197,76,211.15,0.77345
708,100,196,220.04,0.80599
709,56,365,369.27,1.35264
710,-114,292,313.46,1.14822
711,-150,102,181.39,0.66445
712,-80,-85,116.73,0.42757
713,46,-79,91.42,0.33486
714,-38,-76,84.97,0.31125
715,-49,195,201.06,0.73649
716,-416,664,783.55,2.87015
717,-635,815,1033.17,3.78452
718,-432,764,877.68,3.21494
719,-17,-41,44.38,0.16258
720,364,-576,681.38,2.49588
721,261,-291,390.90,1.43186
722,-235,162,285.43,1.04552
723,-298,186,351.28,1.28675
724,-205,459,502.70,1.84139
725,-246,732,772.23,2.82868
726,-96,717,723.40,2.64981
727,8,142,142.23,0.52097
728,153,-592,611.45,2.23975
729,244,-396,465.14,1.70380
730,150,-87,173.40,0.63518
731,243,-299,385.29,1.41133
732,564,-915,1074.86,3.93721
733,567,-1046,1189.79,4.35821
734,606,-809,1010.80,3.70256
735,112,-129,170.84,0.62577
736,-208,443,489.40,1.79268
737,132,96,163.22,0.59787
738,261,-478,544.61,1.99493
739,283,-624,685.18,2.50980
740,245,-814,850.07,3.11381
741,456,-894,1003.58,3.67612
742,635,-874,1080.32,3.95723
743,86,-212,228.78,0.83802
744,-256,279,378.65,1.38700
745,45,215,219.66,0.80461
746,1025,375,1091.44,3.99796
747,5839,3271,6692.78,24.51569
748,14477,7883,16484.09,60.38128
749,16508,8406,18524.98,67.85707
750,15651,7769,17473.16,64.00423
751,1278,2119,2474.56,9.06432
752,-12040,-3352,12497.90,45.77985
753,-7139,-1878,7381.88,27.03987
754,1763,1011,2032.31,7.44436
755,2364,318,2385.29,8.73734
756,-1015,-2122,2352.26,8.61632
757,-1376,-2302,2681.90,9.82380
758,-394,-1324,1381.38,5.06000
759,-168,-471,500.07,1.83174
760,-804,-543,970.19,3.55380
761,-1613,-609,1724.14,6.31552
762,-1612,100,1615.10,5.91611
763,-1021,513,1142.63,4.18547
764,-307,-266,406.21,1.48794
765,-134,-1394,1400.43,5.12976
766,-749,-1482,1660.52,6.08249
767,-2262,-167,2268.16,8.30826
768,-2491,813,2620.31,9.59822
769,-1119,108,1124.20,4.11795
770,-10,152,152.33,0.55798
771,-1278,1541,2001.99,7.33330
772,-2227,1808,2868.52,10.50739
773,-944,-416,1031.60,3.77874
774,1004,-2445,2643.11,9.68173
775,1451,-1772,2290.28,8.38931
776,65,5,65.19,0.23880
777,-1400,522,1494.15,5.47308
778,-2587,-746,2692.41,9.86232
779,-3139,-2193,3829.17,14.02628
780,-1873,-1219,2234.75,8.18588
781,-933,461,1040.68,3.81201
782,29,1574,1574.27,5.76655
783,803,1564,1758.10,6.43992
784,-539,1345,1448.98,5.30762
785,-4113,1058,4246.90,15.55640
786,-6199,87,6199.61,22.70920
787,-4165,-844,4249.65,15.56650
788,-257,-504,565.74,2.07232
789,750,209,778.58,2.85193
790,597,829,1021.59,3.74209
791,396,558,684.24,2.50636
792,-152,-184,238.66,0.87422
793,-162,-207,262.86,0.96284
794,235,221,322.59,1.18166
795,241,636,680.13,2.49132
796,-509,636,814.60,2.98389
797,-788,603,992.25,3.63460
798,149,717,732.32,2.68248
799,1778,493,1845.08,6.75855
800,2008,-86,2009.84,7.36205
801,833,-578,1013.89,3.71388
802,-23,-827,827.32,3.03048
803,-349,-1101,1154.99,4.23073
804,-41,-882,882.95,3.23426
805,-112,-318,337.15,1.23497
806,-374,-267,459.53,1.68325
807,-275,-468,542.82,1.98834
808,458,-308,551.93,2.02173
809,904,-86,908.08,3.32631
810,478,-42,479.84,1.75766
811,-284,-441,524.54,1.92137
812,-659,-828,1058.24,3.87632
813,-627,-602,869.21,3.18393
814,-923,-21,923.24,3.38183
815,-1262,-110,1266.78,4.64024
816,-1025,-906,1368.01,5.01104
817,-508,-1272,1369.69,5.01718
818,-288,-678,736.63,2.69829
819,-255,403,476.90,1.74689
820,-431,624,758.38,2.77794
821,-251,-4,251.03,0.91953
822,-485,-693,845.86,3.09838
823,-1081,-953,1441.10,5.27876
824,-582,-1041,1192.65,4.36867
825,79,-968,971.22,3.55758
826,531,-532,751.65,2.75331
827,487,245,545.16,1.99690
828,-63,453,457.36,1.67531
829,-521,-83,527.57,1.93249
830,-380,-736,828.31,3.03410
831,-214,-1097,1117.68,4.09406
832,-138,-895,905.58,3.31713
833,-586,-150,604.89,2.21573
834,-1054,-15,1054.11,3.86120
835,-1060,-440,1147.69,4.20400
836,-436,-637,771.92,2.82756
837,-292,-371,472.13,1.72941
838,-473,-61,476.92,1.74695
839,-774,-369,857.46,3.14088
840,-436,-584,728.80,2.66960
841,-25,-292,293.07,1.07351
842,235,24,236.22,0.86528
843,271,-33,273.00,1.00001
844,84,-433,441.07,1.61565
845,87,-543,549.93,2.01438
846,166,-681,700.94,2.56755
# END
# FRAME,87,RX_TS,553436353744,FP_INDEX,754.6094,FP_INT,754,RXPACC,288,RXPWR,-69.07,STD_NOISE,136.00,NTM,13,NOISE_THRESH,1768.00,PEAK_IDX,757,PEAK_AMPL,19447,START,704,elapsed_s,8.6702
sample,real,imag,amplitude,amplitude_norm
704,-44,172,177.54,0.61645
705,-281,-69,289.35,1.00468
706,-151,-156,217.11,0.75386
707,271,421,500.68,1.73848
708,453,957,1058.80,3.67639
709,470,964,1072.47,3.72386
710,168,727,746.16,2.59083
711,-116,-176,210.79,0.73191
712,-289,-400,493.48,1.71347
713,-217,28,218.80,0.75972
714,-143,354,381.79,1.32567
715,128,115,172.07,0.59747
716,347,118,366.51,1.27262
717,228,255,342.07,1.18773
718,280,313,419.96,1.45821
719,78,184,199.85,0.69392
720,-66,7,66.37,0.23045
721,-50,-87,100.34,0.34842
722,47,86,98.01,0.34030
723,383,497,627.45,2.17866
724,390,968,1043.61,3.62365
725,424,862,960.64,3.33554
726,242,595,642.33,2.23032
727,-213,-326,389.42,1.35214
728,-236,-563,610.46,2.11966
729,40,100,107.70,0.37397
730,-40,442,443.81,1.54099
731,63,416,420.74,1.46091
732,471,572,740.96,2.57279
733,683,578,894.75,3.10676
734,520,411,662.81,2.30143
735,-364,-55,368.13,1.27824
736,-399,-488,630.35,2.18873
737,-36,-196,199.28,0.69194
738,-12,-298,298.24,1.03556
739,-365,-856,930.57,3.23115
740,-600,-1085,1239.85,4.30503
741,-483,-992,1103.34,3.83103
742,-303,-635,703.59,2.44301
743,183,218,284.63,0.98829
744,200,245,316.27,1.09815
745,-129,-317,342.24,1.18834
746,-416,-479,634.43,2.20287
747,-647,-579,868.25,3.01474
748,-712,-748,1032.69,3.58573
749,-513,-1032,1152.47,4.00164
750,-447,-630,772.47,2.68219
751,-203,214,294.97,1.02419
752,120,164,203.21,0.70560
753,362,-333,491.87,1.70787
754,3364,-2150,3992.37,13.86239
755,12309,-7492,14409.77,50.03393
756,16476,-11536,20113.13,69.83725
757,16408,-12260,20482.43,71.11956
758,11959,-7409,14068.08,48.84751
759,-3729,5238,6429.78,22.32563
760,-8000,8045,11345.57,39.39435
761,-652,1273,1430.26,4.96617
762,2399,-2255,3292.45,11.43212
763,-1360,-660,1511.69,5.24892
764,-2943,173,2948.08,10.23639
765,-1913,-183,1921.73,6.67268
766,-1100,-179,1114.47,3.86968
767,-816,375,898.04,3.11820
768,-1323,949,1628.17,5.65336
769,-1136,1579,1945.18,6.75411
770,-326,1500,1535.02,5.32992
771,-250,650,696.42,2.41812
772,-1078,-433,1161.71,4.03372
773,-1794,-521,1868.12,6.48653
774,-1525,969,1806.82,6.27367
775,-991,2638,2818.00,9.78472
776,-643,1993,2094.16,7.27138
777,-196,301,359.19,1.24719
778,554,1069,1204.03,4.18064
779,710,3050,3131.55,10.87343
780,-401,1777,1821.68,6.32529
781,-1495,-1029,1814.90,6.30174
782,-1441,-2443,2836.32,9.84834
783,-449,-927,1030.01,3.57644
784,-16,1130,1130.11,3.92400
785,-1087,1909,2196.78,7.62771
786,-3075,1925,3627.84,12.59668
787,-2796,1299,3083.02,10.70493
788,-574,1196,1326.61,4.60628
789,1015,1052,1461.82,5.07578
790,1996,665,2103.86,7.30508
791,1371,822,1598.54,5.55048
792,-339,3206,3223.87,11.19400
793,-2493,5661,6185.63,21.47787
794,-3186,4730,5702.94,19.80187
795,-1440,1123,1826.12,6.34071
796,129,-525,540.62,1.87714
797,695,-225,730.51,2.53651
798,1157,-47,1157.95,4.02067
799,370,-113,386.87,1.34330
800,-318,122,340.60,1.18264
801,76,-16,77.67,0.26967
802,558,-4,558.01,1.93755
803,389,514,644.61,2.23822
804,107,1077,1082.30,3.75799
805,517,758,917.53,3.18585
806,1242,-451,1321.35,4.58802
807,1320,-1939,2345.66,8.14465
808,410,-1581,1633.30,5.67117
809,-544,-602,811.38,2.81730
810,-1067,-270,1100.63,3.82164
811,-1095,-378,1158.41,4.02225
812,-465,-245,525.59,1.82498
813,-405,155,433.65,1.50572
814,-752,121,761.67,2.64470
815,-358,-259,441.87,1.53425
816,279,-672,727.62,2.52644
817,287,-622,685.02,2.37854
818,-421,-124,438.88,1.52389
819,-1259,183,1272.23,4.41747
820,-1056,168,1069.28,3.71278
821,-628,575,851.47,2.95651
822,-660,1212,1380.05,4.79185
823,-1214,874,1495.89,5.19405
824,-1568,63,1569.27,5.44884
825,-1141,-135,1148.96,3.98944
826,-267,266,376.89,1.30864
827,356,703,788.00,2.73611
828,34,530,531.09,1.84406
829,-586,201,619.51,2.15109
830,-1395,340,1435.84,4.98554
831,-1484,232,1502.03,5.21537
832,-1121,-370,1180.48,4.09890
833,-560,-665,869.38,3.01869
834,172,-506,534.43,1.85567
835,522,196,557.58,1.93606
836,-84,537,543.53,1.88726
837,-562,217,602.44,2.09180
838,-1028,-238,1055.19,3.66386
839,-995,-425,1081.97,3.75683
840,-606,63,609.27,2.11551
841,-379,792,878.01,3.04865
842,-785,921,1210.15,4.20191
843,-950,352,1013.12,3.51776
844,-659,87,664.72,2.30805
845,-265,283,387.70,1.34619
846,-528,572,778.44,2.70291
847,-722,401,825.88,2.86765
848,-440,50,442.83,1.53761
849,-98,-104,142.90,0.49618
850,153,-294,331.43,1.15079
851,-150,-387,415.05,1.44116
852,-439,-312,538.58,1.87006
853,-531,-380,652.96,2.26723
# END
# FRAME,88,RX_TS,559826147438,FP_INDEX,752.2187,FP_INT,752,RXPACC,263,RXPWR,-69.69,STD_NOISE,140.00,NTM,13,NOISE_THRESH,1820.00,PEAK_IDX,754,PEAK_AMPL,16474,START,702,elapsed_s,8.7752
sample,real,imag,amplitude,amplitude_norm
702,116,-177,211.62,0.80466
703,322,-89,334.07,1.27024
704,112,1,112.00,0.42587
705,-627,-136,641.58,2.43947
706,-947,-182,964.33,3.66666
707,-863,-151,876.11,3.33122
708,-1,-145,145.00,0.55134
709,699,33,699.78,2.66075
710,517,40,518.55,1.97165
711,65,-211,220.78,0.83949
712,-95,-199,220.51,0.83845
713,-162,142,215.43,0.81911
714,-235,130,268.56,1.02114
715,-280,-54,285.16,1.08426
716,-172,-55,180.58,0.68661
717,127,-33,131.22,0.49893
718,202,-1,202.00,0.76807
719,86,-67,109.02,0.41452
720,-210,66,220.13,0.83699
721,-687,-10,687.07,2.61244
722,-876,-199,898.32,3.41566
723,-742,-128,752.96,2.86296
724,105,-24,107.71,0.40954
725,689,34,689.84,2.62296
726,394,44,396.45,1.50741
727,-228,-160,278.54,1.05908
728,-232,-150,276.27,1.05045
729,-463,-23,463.57,1.76263
730,-737,104,744.30,2.83004
731,-655,195,683.41,2.59852
732,-80,-22,82.97,0.31547
733,583,-158,604.03,2.29669
734,474,87,481.92,1.83239
735,244,101,264.08,1.00410
736,403,159,433.23,1.64727
737,1007,289,1047.65,3.98346
738,1144,165,1155.84,4.39482
739,1023,205,1043.34,3.96706
740,230,-15,230.49,0.87638
741,-400,-15,400.28,1.52198
742,69,134,150.72,0.57309
743,562,64,565.63,2.15069
744,670,-71,673.75,2.56179
745,905,-127,913.87,3.47478
746,1059,46,1060.00,4.03041
747,1077,230,1101.29,4.18740
748,306,22,306.79,1.16650
749,-297,-44,300.24,1.14160
750,-173,174,245.37,0.93295
751,95,1021,1025.41,3.89890
752,-477,6278,6296.10,23.93953
753,-917,15041,15068.93,57.29630
754,-181,16451,16452.00,62.55512
755,-109,15777,15777.38,59.99002
756,-1261,1961,2331.45,8.86481
757,-1790,-11854,11988.39,45.58322
758,-1155,-7250,7341.43,27.91417
759,-41,1850,1850.45,7.03595
760,795,2243,2379.72,9.04837
761,1541,-1655,2261.35,8.59829
762,1491,-2022,2512.28,9.55241
763,1033,-890,1363.52,5.18449
764,507,-324,601.69,2.28778
765,287,-1005,1045.18,3.97406
766,-95,-1745,1747.58,6.64481
767,-690,-1477,1630.22,6.19857
768,-874,-739,1144.55,4.35190
769,156,-465,490.47,1.86491
770,1181,-674,1359.79,5.17032
771,1014,-1245,1605.68,6.10526
772,-677,-1986,2098.22,7.97802
773,-1563,-1816,2396.00,9.11027
774,-491,-940,1060.51,4.03236
775,-68,172,184.95,0.70325
776,-1782,-427,1832.44,6.96747
777,-2372,-1230,2671.94,10.15948
778,82,-994,997.38,3.79231
779,2593,-69,2593.92,9.86281
780,2307,577,2378.06,9.04206
781,76,-7,76.32,0.29020
782,-1006,-1098,1489.17,5.66226
783,-405,-2526,2558.26,9.72723
784,686,-3545,3610.76,13.72914
785,177,-2078,2085.52,7.92975
786,-940,-553,1090.60,4.14677
787,-1457,661,1599.93,6.08338
788,-1058,1345,1711.25,6.50667
789,-1283,84,1285.75,4.88877
790,-2485,-3106,3977.75,15.12451
791,-2641,-5305,5926.04,22.53246
792,-1078,-3954,4098.32,15.58295
793,289,-567,636.40,2.41979
794,265,682,731.68,2.78204
795,-339,831,897.49,3.41250
796,-249,662,707.28,2.68928
797,198,-113,227.98,0.86683
798,148,-244,285.38,1.08508
799,-5,242,242.05,0.92035
800,-288,324,433.50,1.64828
801,-673,-190,699.31,2.65896
802,-774,-432,886.40,3.37033
803,-567,425,708.60,2.69430
804,381,1677,1719.74,6.53892
805,998,1655,1932.62,7.34837
806,864,500,998.25,3.79561
807,753,-463,883.96,3.36105
808,850,-696,1098.60,4.17718
809,654,-363,747.99,2.84406
810,236,-216,319.92,1.21644
811,229,-487,538.15,2.04621
812,402,-545,677.22,2.57499
813,431,191,471.43,1.79249
814,379,656,757.61,2.88066
815,263,317,411.90,1.56614
816,494,-449,667.56,2.53825
817,652,-862,1080.81,4.10954
818,417,-787,890.65,3.38650
819,-247,-836,871.73,3.31454
820,-396,-1257,1317.90,5.01103
821,430,-1216,1289.79,4.90414
822,979,-1038,1426.84,5.42526
823,525,-524,741.76,2.82036
824,-340,-60,345.25,1.31275
825,-681,-131,693.49,2.63683
826,-107,-274,294.15,1.11845
827,498,-779,924.58,3.51551
828,525,-1415,1509.25,5.73861
829,771,-982,1248.51,4.74717
830,926,-376,999.43,3.80010
831,711,199,738.32,2.80731
832,71,475,480.28,1.82615
833,-391,219,448.15,1.70401
834,-133,-404,425.33,1.61722
835,488,-567,748.09,2.84443
836,966,-576,1124.69,4.27640
837,910,-406,996.46,3.78883
838,69,-428,433.53,1.64839
839,-335,-884,945.35,3.59448
840,-42,-1123,1123.79,4.27295
841,397,-645,757.39,2.87980
842,279,-404,490.98,1.86683
843,-88,-374,384.21,1.46089
844,-1,-757,757.00,2.87833
845,365,-561,669.29,2.54482
846,237,-213,318.65,1.21160
847,96,62,114.28,0.43453
848,240,279,368.02,1.39933
849,513,56,516.05,1.96216
850,604,-136,619.12,2.35408
851,710,-271,759.96,2.88959
# END
# FRAME,89,RX_TS,566215941109,FP_INDEX,750.8125,FP_INT,750,RXPACC,263,RXPWR,-68.91,STD_NOISE,124.00,NTM,13,NOISE_THRESH,1612.00,PEAK_IDX,753,PEAK_AMPL,17865,START,700,elapsed_s,8.8686
sample,real,imag,amplitude,amplitude_norm
700,134,77,154.55,0.58763
701,-63,220,228.84,0.87012
702,-145,78,164.65,0.62604
703,321,-12,321.22,1.22138
704,972,-31,972.49,3.69770
705,1033,-80,1036.09,3.93952
706,687,55,689.20,2.62052
707,-295,195,353.62,1.34458
708,-598,290,664.61,2.52703
709,-158,187,244.81,0.93084
710,189,271,330.40,1.25626
711,164,37,168.12,0.63925
712,174,-236,293.21,1.11487
713,366,-121,385.48,1.46571
714,350,9,350.12,1.33124
715,73,17,74.95,0.28499
716,-111,84,139.20,0.52928
717,-125,67,141.82,0.53925
718,35,157,160.85,0.61161
719,430,-132,449.80,1.71028
720,896,6,896.02,3.40692
721,883,-49,884.36,3.36258
722,619,-49,620.94,2.36098
723,-308,157,345.71,1.31447
724,-614,184,640.98,2.43718
725,18,70,72.28,0.27482
726,422,70,427.77,1.62649
727,453,57,456.57,1.73602
728,663,-135,676.60,2.57264
729,638,-289,700.40,2.66313
730,493,-227,542.75,2.06369
731,-180,193,263.91,1.00346
732,-507,336,608.23,2.31267
733,-224,58,231.39,0.87980
734,-198,20,199.01,0.75668
735,-666,59,668.61,2.54224
736,-1132,227,1154.54,4.38987
737,-981,179,997.20,3.79162
738,-697,150,712.96,2.71087
739,277,-17,277.52,1.05521
740,360,-60,364.97,1.38770
741,-286,28,287.37,1.09265
742,-530,314,616.03,2.34233
743,-683,318,753.40,2.86464
744,-777,471,908.61,3.45479
745,-971,223,996.28,3.78813
746,-696,167,715.75,2.72150
747,141,79,161.62,0.61454
748,367,-96,379.35,1.44239
749,20,-219,219.91,0.83616
750,-573,-2265,2336.35,8.88348
751,-2192,-10493,10719.51,40.75859
752,-4572,-16284,16913.66,64.31049
753,-5413,-16496,17361.41,66.01297
754,-2896,-11808,12157.95,46.22794
755,3401,5344,6334.44,24.08533
756,5038,10984,12084.27,45.94781
757,1464,2311,2735.69,10.40187
758,-1070,-2807,3004.02,11.42214
759,-1116,123,1122.76,4.26904
760,-750,2755,2855.26,10.85651
761,-743,2038,2169.21,8.24796
762,-527,848,998.42,3.79626
763,-16,640,640.20,2.43422
764,274,1426,1452.09,5.52124
765,879,1691,1905.81,7.24644
766,1168,892,1469.66,5.58804
767,749,478,888.53,3.37844
768,-505,645,819.18,3.11474
769,-1009,1300,1645.62,6.25713
770,162,1743,1750.51,6.65594
771,1894,1686,2535.71,9.64149
772,1694,1186,2067.91,7.86276
773,163,348,384.28,1.46115
774,553,-280,619.85,2.35683
775,2649,212,2657.47,10.10445
776,1893,839,2070.60,7.87299
777,-1005,1165,1538.59,5.85014
778,-2786,675,2866.60,10.89964
779,-1230,-61,1231.51,4.68255
780,780,213,808.56,3.07437
781,1393,1389,1967.17,7.47975
782,857,3188,3301.18,12.55202
783,361,3372,3391.27,12.89456
784,782,1332,1544.59,5.87295
785,1282,-192,1296.30,4.92889
786,1006,-1407,1729.65,6.57661
787,641,-1132,1300.89,4.94634
788,2107,617,2195.48,8.34784
789,3896,3367,5149.32,19.57917
790,3490,4247,5497.01,20.90117
791,1121,1961,2258.80,8.58858
792,-291,-338,446.01,1.69586
793,-93,-809,814.33,3.09630
794,182,-891,909.40,3.45779
795,-68,-125,142.30,0.54106
796,-69,426,431.55,1.64088
797,19,62,64.85,0.24656
798,127,-379,399.71,1.51982
799,411,-252,482.10,1.83310
800,963,251,995.17,3.78393
801,900,-61,902.06,3.42990
802,-36,-1047,1047.62,3.98334
803,-1170,-1592,1975.69,7.51214
804,-1250,-863,1518.97,5.77555
805,-737,260,781.52,2.97155
806,-518,807,958.94,3.64617
807,-651,923,1129.48,4.29461
808,-387,465,604.97,2.30028
809,-37,445,446.54,1.69785
810,-29,730,730.58,2.77785
811,-245,352,428.87,1.63068
812,-463,-327,566.83,2.15525
813,-460,-418,621.55,2.36331
814,-210,80,224.72,0.85446
815,-214,923,947.48,3.60260
816,-171,1018,1032.26,3.92495
817,224,882,910.00,3.46008
818,852,935,1264.96,4.80974
819,525,1213,1321.74,5.02562
820,-314,1359,1394.80,5.30344
821,-531,922,1063.98,4.04554
822,-11,381,381.16,1.44927
823,697,-57,699.33,2.65904
824,520,104,530.30,2.01634
825,-58,505,508.32,1.93277
826,-195,1423,1436.30,5.46121
827,-188,1414,1426.44,5.42374
828,-613,978,1154.23,4.38872
829,-755,386,847.95,3.22415
830,-529,-327,621.91,2.36467
831,122,-456,472.04,1.79482
832,441,149,465.49,1.76993
833,108,614,623.43,2.37044
834,-384,850,932.71,3.54644
835,-711,820,1085.32,4.12669
836,-421,607,738.71,2.80878
837,467,560,729.17,2.77251
838,654,949,1152.53,4.38223
839,158,977,989.69,3.76309
840,-215,691,723.68,2.75162
841,61,443,447.18,1.70030
842,443,586,734.61,2.79318
843,125,848,857.16,3.25918
844,-146,562,580.65,2.20781
845,-136,76,155.79,0.59238
846,-142,-148,205.10,0.77987
847,-373,-17,373.39,1.41972
848,-446,335,557.80,2.12091
849,-520,417,666.55,2.53441
# END
# FRAME,90,RX_TS,572605725040,FP_INDEX,747.8594,FP_INT,747,RXPACC,280,RXPWR,-68.82,STD_NOISE,140.00,NTM,13,NOISE_THRESH,1820.00,PEAK_IDX,750,PEAK_AMPL,19135,START,697,elapsed_s,8.9824
sample,real,imag,amplitude,amplitude_norm
697,22,208,209.16,0.74700
698,-191,-4,191.04,0.68229
699,-151,-196,247.42,0.88365
700,147,154,212.90,0.76035
701,332,905,963.98,3.44277
702,413,969,1053.34,3.76194
703,254,942,975.64,3.48444
704,-69,-79,104.89,0.37461
705,-217,-611,648.39,2.31568
706,-153,-243,287.15,1.02555
707,-225,274,354.54,1.26623
708,-59,248,254.92,0.91043
709,274,196,336.89,1.20316
710,244,246,346.49,1.23745
711,223,325,394.15,1.40768
712,87,176,196.33,0.70117
713,-70,-50,86.02,0.30723
714,-44,-146,152.49,0.54459
715,-59,31,66.65,0.23803
716,355,390,527.38,1.88348
717,321,837,896.44,3.20158
718,246,819,855.15,3.05410
719,212,687,718.97,2.56774
720,-107,-166,197.50,0.70535
721,-194,-546,579.44,2.06943
722,13,-47,48.76,0.17416
723,-3,400,400.01,1.42861
724,-16,412,412.31,1.47254
725,297,657,721.01,2.57504
726,571,644,860.68,3.07387
727,598,457,752.63,2.68797
728,-193,-15,193.58,0.69136
729,-495,-407,640.84,2.28871
730,-80,-279,290.24,1.03658
731,17,-249,249.58,0.89136
732,-163,-674,693.43,2.47654
733,-444,-1073,1161.23,4.14726
734,-372,-967,1036.09,3.70031
735,-323,-842,901.83,3.22081
736,-37,50,62.20,0.22215
737,154,340,373.25,1.33304
738,17,-211,211.68,0.75601
739,-375,-526,645.99,2.30710
740,-506,-564,757.71,2.70612
741,-622,-687,926.74,3.30980
742,-453,-950,1052.48,3.75885
743,-406,-829,923.08,3.29672
744,-215,35,217.83,0.77797
745,78,317,326.46,1.16591
746,314,-143,345.03,1.23225
747,2137,-1263,2482.33,8.86545
748,10099,-5107,11316.86,40.41734
749,16204,-9534,18800.71,67.14539
750,16473,-10767,19679.63,70.28441
751,14601,-8491,16890.42,60.32293
752,-482,2404,2451.84,8.75659
753,-9233,7953,12186.00,43.52142
754,-2539,2711,3714.30,13.26537
755,2688,-1841,3258.01,11.63575
756,-271,-1093,1126.09,4.02177
757,-2906,-80,2907.10,10.38250
758,-2174,-251,2188.44,7.81586
759,-1144,-315,1186.58,4.23777
760,-836,205,860.77,3.07417
761,-1200,669,1373.89,4.90673
762,-1362,1374,1934.66,6.90951
763,-572,1429,1539.23,5.49725
764,-246,932,963.92,3.44257
765,-753,-286,805.48,2.87673
766,-1571,-687,1714.65,6.12373
767,-1616,295,1642.71,5.86681
768,-1275,2211,2552.28,9.11529
769,-674,2134,2237.91,7.99253
770,-385,490,623.16,2.22556
771,275,498,568.88,2.03173
772,493,2695,2739.72,9.78472
773,-223,2307,2317.75,8.27769
774,-1253,-424,1322.79,4.72427
775,-1368,-2389,2752.95,9.83197
776,-503,-1396,1483.85,5.29948
777,-60,726,728.48,2.60170
778,-880,1738,1948.09,6.95745
779,-2926,1717,3392.57,12.11634
780,-3402,1263,3628.88,12.96029
781,-1119,1124,1586.04,5.66444
782,657,1184,1354.07,4.83596
783,1700,859,1904.70,6.80250
784,1533,530,1622.03,5.79297
785,94,2194,2196.01,7.84290
786,-2172,4838,5303.19,18.93997
787,-3334,4852,5887.06,21.02521
788,-1795,1815,2552.69,9.11677
789,238,-348,421.60,1.50572
790,807,-293,858.54,3.06623
791,1000,-53,1001.40,3.57644
792,466,-195,505.15,1.80412
793,-309,51,313.18,1.11850
794,-96,20,98.06,0.35022
795,427,43,429.16,1.53271
796,596,439,740.23,2.64367
797,65,1052,1054.01,3.76431
798,330,967,1021.76,3.64914
799,977,5,977.01,3.48933
800,1421,-1601,2140.66,7.64523
801,762,-1577,1751.45,6.25517
802,-295,-720,778.09,2.77890
803,-886,-143,897.47,3.20524
804,-1189,-331,1234.21,4.40790
805,-605,-287,669.62,2.39151
806,-416,49,418.88,1.49599
807,-773,62,775.48,2.76958
808,-629,-100,636.90,2.27464
809,172,-454,485.49,1.73389
810,324,-612,692.47,2.47312
811,-79,-164,182.04,0.65013
812,-1029,154,1040.46,3.71593
813,-1141,46,1141.93,4.07831
814,-800,409,898.49,3.20889
815,-631,976,1162.21,4.15076
816,-1089,1028,1497.57,5.34845
817,-1441,197,1454.40,5.19430
818,-1219,-165,1230.12,4.39327
819,-496,199,534.43,1.90868
820,301,688,750.96,2.68201
821,140,685,699.16,2.49700
822,-448,194,488.20,1.74357
823,-1314,37,1314.52,4.69472
824,-1569,185,1579.87,5.64239
825,-1179,-256,1206.47,4.30883
826,-554,-586,806.42,2.88007
827,86,-530,536.93,1.91761
828,538,-84,544.52,1.94471
829,40,448,449.78,1.60636
830,-482,282,558.43,1.99441
831,-814,-212,841.15,3.00412
832,-1002,-474,1108.46,3.95878
833,-693,-196,720.18,2.57209
834,-387,608,720.72,2.57399
835,-782,1003,1271.82,4.54222
836,-955,488,1072.46,3.83021
837,-732,-7,732.03,2.61441
838,-325,145,355.88,1.27100
839,-342,452,566.81,2.02430
840,-719,409,827.19,2.95425
841,-581,52,583.32,2.08329
842,-147,-20,148.35,0.52984
843,147,-205,252.26,0.90092
844,-30,-461,461.98,1.64991
845,-445,-397,596.35,2.12982
846,-524,-372,642.62,2.29507
# END
# FRAME,91,RX_TS,578995518664,FP_INDEX,753.2500,FP_INT,753,RXPACC,297,RXPWR,-69.43,STD_NOISE,140.00,NTM,13,NOISE_THRESH,1820.00,PEAK_IDX,755,PEAK_AMPL,19878,START,703,elapsed_s,9.0898
sample,real,imag,amplitude,amplitude_norm
703,71,193,205.65,0.69241
704,-177,318,363.94,1.22539
705,-14,83,84.17,0.28341
706,647,-412,767.04,2.58263
707,876,-639,1084.30,3.65083
708,797,-566,977.53,3.29135
709,84,144,166.71,0.56131
710,-451,640,782.94,2.63617
711,-200,447,489.70,1.64883
712,295,224,370.41,1.24716
713,310,74,318.71,1.07310
714,37,-220,223.09,0.75114
715,120,-261,287.26,0.96722
716,257,-230,344.89,1.16125
717,224,-77,236.86,0.79753
718,22,111,113.16,0.38101
719,-124,180,218.58,0.73595
720,71,189,201.90,0.67978
721,194,-213,288.11,0.97005
722,707,-490,860.20,2.89631
723,900,-608,1086.12,3.65698
724,627,-520,814.57,2.74267
725,-20,192,193.04,0.64996
726,-486,561,742.24,2.49912
727,-150,255,295.85,0.99612
728,395,-119,412.54,1.38901
729,358,-64,363.68,1.22450
730,397,-406,567.84,1.91193
731,475,-674,824.56,2.77630
732,249,-665,710.09,2.39087
733,-6,13,14.32,0.04821
734,-302,721,781.69,2.63197
735,-181,385,425.42,1.43241
736,-84,87,120.93,0.40718
737,-379,400,551.04,1.85534
738,-898,861,1244.08,4.18881
739,-869,953,1289.72,4.34248
740,-716,683,989.52,3.33171
741,76,101,126.40,0.42559
742,386,-322,502.67,1.69250
743,-47,11,48.27,0.16253
744,-326,468,570.35,1.92037
745,-420,648,772.21,2.60002
746,-391,955,1031.94,3.47456
747,-696,915,1149.63,3.87080
748,-752,842,1128.92,3.80109
749,-17,296,296.49,0.99828
750,376,-145,402.99,1.35687
751,-34,-216,218.66,0.73623
752,-1137,-825,1404.78,4.72988
753,-6072,-5722,8343.29,28.09188
754,-14090,-12635,18925.41,63.72193
755,-16451,-13642,21371.47,71.95780
756,-14423,-12150,18858.56,63.49685
757,1202,-1065,1605.94,5.40719
758,12239,7132,14165.40,47.69495
759,6170,3388,7038.99,23.70032
760,-2065,-1617,2622.77,8.83087
761,-2108,-389,2143.59,7.21748
762,737,2898,2990.25,10.06817
763,831,2841,2960.04,9.96647
764,94,1443,1446.06,4.86888
765,170,564,589.06,1.98338
766,820,997,1290.89,4.34645
767,1713,1183,2081.79,7.00940
768,1738,359,1774.69,5.97539
769,1260,-225,1279.93,4.30953
770,200,570,604.07,2.03390
771,-173,1742,1750.57,5.89417
772,564,1857,1940.76,6.53454
773,2413,877,2567.43,8.64455
774,2483,44,2483.39,8.36158
775,863,359,934.69,3.14711
776,-101,-191,216.06,0.72748
777,1990,-1350,2404.70,8.09665
778,2892,-924,3036.02,10.22230
779,786,1113,1362.56,4.58774
780,-1846,2482,3093.22,10.41490
781,-1922,1323,2333.33,7.85632
782,91,-65,111.83,0.37653
783,1863,14,1863.05,6.27290
784,2779,1820,3321.93,11.18496
785,2825,3095,4190.42,14.10917
786,1827,1344,2268.10,7.63669
787,1238,-568,1362.08,4.58614
788,345,-1730,1764.06,5.93961
789,-373,-1655,1696.51,5.71216
790,1166,-1122,1618.16,5.44835
791,5008,204,5012.15,16.87594
792,6615,1560,6796.46,22.88369
793,3779,1495,4063.97,13.68341
794,54,97,111.02,0.37380
795,-687,-538,872.59,2.93801
796,-490,-848,979.39,3.29761
797,-338,-389,515.33,1.73512
798,66,469,473.62,1.59468
799,206,320,380.57,1.28139
800,-86,-276,289.09,0.97336
801,114,-589,599.93,2.01997
802,896,-449,1002.21,3.37443
803,990,-445,1085.41,3.65459
804,-123,-882,890.54,2.99844
805,-1909,-918,2118.26,7.13217
806,-2111,-265,2127.57,7.16353
807,-805,550,974.95,3.28266
808,90,986,990.10,3.33367
809,165,1438,1447.44,4.87352
810,-94,1059,1063.16,3.57968
811,158,477,502.49,1.69187
812,446,669,804.04,2.70720
813,279,696,749.84,2.52471
814,-329,210,390.31,1.31417
815,-599,-24,599.48,2.01845
816,-260,97,277.50,0.93436
817,274,828,872.16,2.93656
818,370,1194,1250.01,4.20880
819,476,950,1062.58,3.57771
820,1049,443,1138.71,3.83403
821,1392,597,1514.62,5.09973
822,833,1175,1440.32,4.84955
823,318,1440,1474.69,4.96530
824,230,753,787.34,2.65099
825,524,-236,574.69,1.93499
826,766,-453,889.92,2.99638
827,400,193,444.13,1.49538
828,494,1122,1225.94,4.12773
829,862,1470,1704.10,5.73770
830,296,1312,1344.98,4.52854
831,-348,997,1055.99,3.55552
832,-706,371,797.54,2.68533
833,-418,-409,584.81,1.96906
834,290,-313,426.70,1.43668
835,604,358,702.13,2.36406
836,203,1017,1037.06,3.49179
837,-110,1316,1320.59,4.44643
838,-240,988,1016.73,3.42334
839,474,231,527.29,1.77539
840,1178,378,1237.16,4.16553
841,1125,843,1405.80,4.73333
842,355,872,941.49,3.17001
843,217,508,552.41,1.85995
844,514,210,555.24,1.86951
845,840,651,1062.73,3.57822
846,287,726,780.67,2.62852
847,-78,246,258.07,0.86892
848,-145,-84,167.57,0.56422
849,-326,87,337.41,1.13606
850,-220,521,565.54,1.90419
851,-175,620,644.22,2.16911
852,-137,654,668.20,2.24982
# END
# FRAME,92,RX_TS,585385312263,FP_INDEX,750.4687,FP_INT,750,RXPACC,265,RXPWR,-68.82,STD_NOISE,120.00,NTM,13,NOISE_THRESH,1560.00,PEAK_IDX,752,PEAK_AMPL,17957,START,700,elapsed_s,9.1565
sample,real,imag,amplitude,amplitude_norm
700,-8,199,199.16,0.75155
701,-211,58,218.83,0.82576
702,-102,7,102.24,0.38581
703,526,270,591.25,2.23113
704,896,548,1050.30,3.96338
705,903,538,1051.12,3.96649
706,293,366,468.83,1.76918
707,-500,-57,503.24,1.89901
708,-456,-85,463.85,1.75039
709,-142,102,174.84,0.65976
710,49,218,223.44,0.84317
711,151,-86,173.77,0.65575
712,329,-101,344.15,1.29869
713,338,172,379.25,1.43112
714,272,175,323.43,1.22050
715,21,98,100.22,0.37821
716,-208,19,208.87,0.78817
717,-126,93,156.60,0.59096
718,56,85,101.79,0.38411
719,530,203,567.55,2.14168
720,772,515,928.01,3.50194
721,755,419,863.47,3.25839
722,183,195,267.42,1.00914
723,-563,-144,581.12,2.19292
724,-431,-146,455.06,1.71720
725,198,231,304.24,1.14809
726,254,339,423.60,1.59849
727,404,255,477.75,1.80281
728,684,207,714.64,2.69674
729,823,58,825.04,3.11336
730,334,30,335.34,1.26545
731,-540,19,540.33,2.03900
732,-466,-106,477.90,1.80341
733,-46,-144,151.17,0.57045
734,-251,-152,293.44,1.10731
735,-761,-472,895.49,3.37921
736,-1023,-434,1111.25,4.19341
737,-894,-421,988.17,3.72894
738,-347,-63,352.67,1.33084
739,371,264,455.34,1.71827
740,193,-11,193.31,0.72948
741,-344,-239,418.88,1.58066
742,-608,-114,618.60,2.33432
743,-812,-62,814.36,3.07307
744,-946,-178,962.60,3.63246
745,-932,-490,1052.96,3.97343
746,-428,-62,432.47,1.63195
747,272,261,376.97,1.42252
748,298,-1,298.00,1.12453
749,183,-627,653.16,2.46475
750,1589,-4123,4418.60,16.67397
751,5207,-13056,14056.03,53.04162
752,5921,-16471,17502.92,66.04874
753,5555,-16300,17220.57,64.98328
754,2887,-5660,6353.77,23.97648
755,-1307,10700,10779.53,40.67747
756,-1323,9608,9698.66,36.59871
757,490,-306,577.70,2.18000
758,340,-2932,2951.65,11.13829
759,-1709,729,1857.99,7.01128
760,-2090,1787,2749.81,10.37665
761,-1365,839,1602.23,6.04616
762,-580,235,625.80,2.36151
763,-428,725,841.91,3.17701
764,-570,1607,1705.09,6.43432
765,72,1771,1772.46,6.68854
766,594,1163,1305.91,4.92797
767,18,605,605.27,2.28403
768,-1098,310,1140.92,4.30537
769,-1427,736,1605.62,6.05895
770,-212,1793,1805.49,6.81317
771,841,2234,2387.06,9.00776
772,275,1309,1337.57,5.04745
773,-100,-116,153.15,0.57794
774,1195,574,1325.71,5.00267
775,2140,2155,3037.04,11.46054
776,215,1477,1492.57,5.63233
777,-2190,-184,2197.72,8.29327
778,-2336,-1221,2635.86,9.94663
779,-398,-353,531.99,2.00751
780,645,1030,1215.29,4.58599
781,-61,2300,2300.81,8.68230
782,-1490,3390,3703.00,13.97358
783,-1070,2537,2753.41,10.39023
784,571,1203,1331.63,5.02503
785,1439,115,1443.59,5.44750
786,1522,-914,1775.35,6.69945
787,1264,-88,1267.06,4.78136
788,1574,3079,3457.99,13.04903
789,1117,5785,5891.85,22.23340
790,-5,4863,4863.00,18.35095
791,-395,1035,1107.81,4.18043
792,-47,-663,664.66,2.50817
793,531,-673,857.26,3.23493
794,556,-608,823.89,3.10903
795,-135,120,180.62,0.68160
796,-216,514,557.54,2.10393
797,150,125,195.26,0.73682
798,515,-113,527.25,1.98963
799,622,259,673.77,2.54253
800,698,799,1060.95,4.00357
801,719,97,725.51,2.73779
802,296,-1472,1501.47,5.66591
803,-293,-2021,2042.13,7.70615
804,-598,-918,1095.59,4.13432
805,-760,276,808.56,3.05119
806,-883,636,1088.20,4.10642
807,-955,308,1003.44,3.78656
808,-469,66,473.62,1.78725
809,-333,446,556.60,2.10038
810,-435,622,759.02,2.86422
811,-289,-69,297.12,1.12122
812,-188,-651,677.60,2.55699
813,-72,-481,486.36,1.83532
814,-319,338,464.76,1.75382
815,-768,849,1144.83,4.32010
816,-647,733,977.70,3.68944
817,-96,857,862.36,3.25419
818,174,1302,1313.58,4.95689
819,-499,1169,1271.05,4.79641
820,-1103,833,1382.21,5.21588
821,-796,337,864.40,3.26188
822,164,282,326.22,1.23102
823,758,468,890.84,3.36164
824,270,339,433.38,1.63541
825,-490,537,726.96,2.74324
826,-857,1192,1468.10,5.53999
827,-952,925,1327.38,5.00897
828,-1012,330,1064.45,4.01678
829,-637,-197,666.77,2.51610
830,26,-454,454.74,1.71601
831,487,-111,499.49,1.88487
832,96,542,550.44,2.07712
833,-449,589,740.62,2.79480
834,-955,425,1045.30,3.94452
835,-950,222,975.59,3.68149
836,-257,345,430.20,1.62340
837,236,956,984.70,3.71584
838,-49,1240,1240.97,4.68290
839,-538,744,918.14,3.46468
840,-383,415,564.72,2.13104
841,22,404,404.60,1.52679
842,-139,859,870.17,3.28367
843,-493,664,827.01,3.12079
844,-263,233,351.37,1.32591
845,32,-120,124.19,0.46865
846,62,-201,210.34,0.79375
847,-449,-99,459.78,1.73504
848,-593,65,596.55,2.25114
849,-622,12,622.12,2.34761
# END
# FRAME,93,RX_TS,591775099189,FP_INDEX,747.2031,FP_INT,747,RXPACC,263,RXPWR,-69.36,STD_NOISE,152.00,NTM,13,NOISE_THRESH,1976.00,PEAK_IDX,749,PEAK_AMPL,16993,START,697,elapsed_s,9.2725
sample,real,imag,amplitude,amplitude_norm
697,110,-116,159.86,0.60784
698,298,-47,301.68,1.14709
699,76,2,76.03,0.28907
700,-696,-79,700.47,2.66338
701,-960,-99,965.09,3.66955
702,-869,-122,877.52,3.33659
703,-234,-96,252.93,0.96170
704,547,128,561.78,2.13603
705,390,-79,397.92,1.51301
706,-19,-300,300.60,1.14297
707,-88,-152,175.64,0.66782
708,-24,139,141.06,0.53634
709,-206,166,264.56,1.00593
710,-271,18,271.60,1.03269
711,-245,78,257.12,0.97763
712,49,19,52.55,0.19983
713,207,-68,217.88,0.82845
714,137,-148,201.68,0.76683
715,-120,93,151.82,0.57726
716,-699,41,700.20,2.66236
717,-937,-89,941.22,3.57877
718,-762,-67,764.94,2.90852
719,-54,-2,54.04,0.20546
720,726,67,729.09,2.77219
721,372,64,377.47,1.43523
722,-232,-136,268.92,1.02252
723,-264,-205,334.25,1.27090
724,-496,137,514.57,1.95655
725,-706,189,730.86,2.77894
726,-586,348,681.54,2.59142
727,-183,-6,183.10,0.69619
728,473,-335,579.62,2.20386
729,405,10,405.12,1.54039
730,223,162,275.63,1.04803
731,538,129,553.25,2.10361
732,1114,126,1121.10,4.26275
733,1065,70,1067.30,4.05817
734,949,146,960.17,3.65082
735,387,-38,388.86,1.47856
736,-292,51,296.42,1.12707
737,-27,67,72.24,0.27466
738,567,-117,578.95,2.20131
739,744,-210,773.07,2.93943
740,937,-249,969.52,3.68639
741,1080,-101,1084.71,4.12438
742,1081,25,1081.29,4.11137
743,398,-200,445.43,1.69363
744,-228,-109,252.72,0.96089
745,-128,241,272.88,1.03758
746,242,1202,1226.12,4.66205
747,370,6867,6876.96,26.14814
748,1128,15367,15408.34,58.58686
749,2258,16453,16607.22,63.14532
750,2170,16132,16277.29,61.89085
751,-614,5528,5561.99,21.14827
752,-3158,-10121,10602.25,40.31272
753,-2041,-6670,6975.28,26.52199
754,195,1947,1956.74,7.44008
755,1160,1938,2258.64,8.58798
756,1200,-1998,2330.67,8.86185
757,1110,-2161,2429.41,9.23729
758,957,-1071,1436.28,5.46113
759,431,-725,843.44,3.20698
760,111,-1039,1044.91,3.97305
761,-258,-1551,1572.31,5.97837
762,-768,-1308,1516.80,5.76731
763,-788,-668,1033.04,3.92790
764,211,-474,518.84,1.97278
765,1156,-882,1454.05,5.52871
766,945,-1343,1642.16,6.24394
767,-730,-1906,2041.01,7.76051
768,-1550,-1702,2302.02,8.75293
769,-412,-784,885.66,3.36754
770,22,132,133.82,0.50882
771,-1782,-322,1810.86,6.88539
772,-2417,-1088,2650.59,10.07829
773,40,-1106,1106.72,4.20807
774,2374,-485,2423.04,9.21306
775,2175,160,2180.88,8.29231
776,129,86,155.04,0.58950
777,-955,-866,1289.18,4.90182
778,-622,-2535,2610.19,9.92469
779,131,-3667,3669.34,13.95186
780,-205,-1995,2005.50,7.62549
781,-987,-357,1049.58,3.99080
782,-1270,778,1489.36,5.66295
783,-1045,1390,1739.00,6.61217
784,-1455,149,1462.61,5.56125
785,-2800,-2900,4031.13,15.32749
786,-3022,-5054,5888.58,22.39005
787,-1415,-3745,4003.40,15.22207
788,5,-320,320.04,1.21688
789,22,773,773.31,2.94035
790,-288,769,821.16,3.12228
791,-118,749,758.24,2.88303
792,133,40,138.88,0.52808
793,-83,-226,240.76,0.91543
794,-239,73,249.90,0.95019
795,-325,233,399.89,1.52050
796,-634,-178,658.51,2.50385
797,-782,-269,826.97,3.14439
798,-580,503,767.73,2.91912
799,436,1661,1717.27,6.52954
800,1089,1744,2056.08,7.81779
801,945,543,1089.90,4.14409
802,631,-500,805.08,3.06116
803,721,-894,1148.51,4.36696
804,765,-539,935.81,3.55822
805,395,-281,484.75,1.84317
806,216,-489,534.58,2.03263
807,306,-579,654.89,2.49006
808,431,157,458.70,1.74412
809,499,607,785.78,2.98776
810,317,275,419.66,1.59566
811,315,-655,726.81,2.76353
812,407,-1019,1097.27,4.17214
813,266,-875,914.54,3.47733
814,-264,-777,820.62,3.12025
815,-614,-1114,1272.00,4.83651
816,115,-1118,1123.90,4.27338
817,624,-1041,1213.70,4.61481
818,437,-609,749.57,2.85006
819,-347,-82,356.56,1.35573
820,-773,-92,778.46,2.95991
821,-142,-287,320.21,1.21752
822,426,-726,841.76,3.20059
823,429,-1369,1434.64,5.45492
824,608,-1069,1229.81,4.67607
825,812,-494,950.46,3.61393
826,672,127,683.90,2.60036
827,69,513,517.62,1.96814
828,-366,176,406.12,1.54418
829,-130,-392,412.99,1.57032
830,427,-550,696.30,2.64752
831,823,-636,1040.11,3.95478
832,760,-467,892.01,3.39169
833,-84,-510,516.87,1.96529
834,-517,-913,1049.22,3.98942
835,-196,-1109,1126.19,4.28208
836,279,-667,723.00,2.74905
837,168,-437,468.18,1.78015
838,-224,-338,405.49,1.54178
839,-121,-703,713.34,2.71231
840,281,-479,555.34,2.11156
841,257,-103,276.87,1.05274
842,143,102,175.65,0.66787
843,261,263,370.53,1.40885
844,488,-72,493.28,1.87560
845,580,-224,621.75,2.36408
846,725,-283,778.28,2.95923
# END
