# DW1000 CIR capture - initialising
# DEV_ID (before)      : DECA - model: 1, version: 3, revision: 0
# PMSC_CTRL0 (before)  : 0xF0300400
# PMSC_CTRL0 (clks on) : 0xF0308448   RXCLKS=10 FACE=1 AMCE=1
# ACC clock enable  : OK
# DEV_ID (clks on)     : DECA - model: 1, version: 3, revision: 0
# DEV_ID (after)       : DECA - model: 1, version: 3, revision: 0
# Mode: Data rate: 110 kb/s, PRF: 64 MHz, Preamble: 2048 symbols (code #10), Channel: #5
# Waiting for frames...
# FRAME,1,RX_TS,2491426645,FP_INDEX,747.1719,FP_INT,747,RXPACC,266,RXPWR,-68.39,STD_NOISE,156.00,NTM,13,NOISE_THRESH,2028.00,PEAK_IDX,749,PEAK_AMPL,17792,START,697,elapsed_s,0.2817
sample,real,imag,amplitude,amplitude_norm
697,57,-66,87.21,0.32784
698,187,84,205.00,0.77068
699,24,27,36.12,0.13581
700,-582,-357,682.77,2.56680
701,-906,-475,1022.97,3.84574
702,-786,-343,857.58,3.22399
703,36,13,38.28,0.14389
704,775,129,785.66,2.95362
705,499,79,505.21,1.89930
706,173,-164,238.38,0.89617
707,-66,-248,256.63,0.96478
708,-247,54,252.83,0.95050
709,-324,126,347.64,1.30691
710,-285,-65,292.32,1.09894
711,-60,-81,100.80,0.37895
712,95,-34,100.90,0.37933
713,152,-77,170.39,0.64057
714,126,-220,253.53,0.95311
715,-262,-164,309.10,1.16201
716,-724,-312,788.37,2.96378
717,-741,-409,846.38,3.18189
718,-648,-331,727.64,2.73550
719,189,-5,189.07,0.71077
720,930,229,957.78,3.60067
721,476,108,488.10,1.83496
722,-68,-258,266.81,1.00305
723,-146,-318,349.91,1.31547
724,-498,-182,530.22,1.99329
725,-762,-181,783.20,2.94437
726,-747,-10,747.07,2.80852
727,11,-6,12.53,0.04711
728,759,104,766.09,2.88005
729,481,201,521.31,1.95980
730,178,189,259.62,0.97603
731,358,186,403.44,1.51667
732,886,596,1067.81,4.01431
733,1078,522,1197.73,4.50276
734,1097,355,1153.01,4.33463
735,233,-26,234.45,0.88138
736,-458,-239,516.61,1.94214
737,-107,85,136.65,0.51373
738,544,137,560.99,2.10897
739,880,180,898.22,3.37677
740,1111,154,1121.62,4.21663
741,1119,279,1153.26,4.33555
742,1077,412,1153.11,4.33502
743,373,-125,393.39,1.47890
744,-378,-290,476.43,1.79108
745,-200,55,207.42,0.77979
746,-167,1307,1317.63,4.95348
747,-2585,7024,7484.57,28.13748
748,-5619,15424,16415.63,61.71290
749,-5231,16507,17316.02,65.09780
750,-4194,15769,16317.20,61.34285
751,-105,510,520.70,1.95751
752,3351,-14039,14433.39,54.26086
753,1407,-7861,7985.92,30.02227
754,-557,2180,2250.03,8.45877
755,-32,2775,2775.18,10.43302
756,1740,-943,1979.10,7.44024
757,1959,-1562,2505.50,9.41917
758,1247,-764,1462.43,5.49786
759,359,-575,677.87,2.54838
760,90,-545,552.38,2.07662
761,181,-1196,1209.62,4.54744
762,37,-1131,1131.61,4.25415
763,-47,-737,738.50,2.77630
764,620,-323,699.09,2.62816
765,1349,-380,1401.50,5.26880
766,1097,-1049,1517.83,5.70613
767,-459,-2354,2398.33,9.01629
768,-1573,-1916,2478.99,9.31951
769,-722,-703,1007.72,3.78841
770,-482,23,482.55,1.81409
771,-1477,-1407,2039.90,7.66878
772,-1507,-2062,2554.00,9.60149
773,487,-945,1063.11,3.99664
774,2071,613,2159.82,8.11961
775,1491,976,1782.04,6.69939
776,171,-128,213.60,0.80301
777,-334,-1298,1340.28,5.03866
778,374,-2459,2487.28,9.35067
779,996,-3013,3173.36,11.92991
780,-42,-1805,1805.49,6.78755
781,-1023,-1032,1453.12,5.46285
782,-1578,-76,1579.83,5.93921
783,-1279,374,1332.56,5.00963
784,-1306,-708,1485.56,5.58483
785,-888,-4137,4231.23,15.90688
786,406,-5792,5806.21,21.82787
787,1054,-3720,3866.43,14.53547
788,459,-138,479.30,1.80187
789,-60,723,725.49,2.72739
790,-289,679,737.94,2.77423
791,-70,767,770.19,2.89544
792,-43,250,253.67,0.95365
793,-480,-156,504.71,1.89742
794,-626,-328,706.72,2.65686
795,-758,-422,867.55,3.26148
796,-757,-480,896.35,3.36975
797,-751,-461,881.20,3.31280
798,-976,10,976.05,3.66937
799,-348,829,899.08,3.38000
800,347,1000,1058.49,3.97930
801,680,593,902.25,3.39190
802,464,107,476.18,1.79014
803,516,-301,597.38,2.24577
804,593,-225,634.25,2.38440
805,506,-308,592.37,2.22695
806,717,-451,847.05,3.18439
807,464,-417,623.85,2.34529
808,-168,260,309.55,1.16374
809,-190,419,460.07,1.72957
810,285,103,303.04,1.13925
811,748,-268,794.56,2.98707
812,719,-192,744.19,2.79772
813,360,-250,438.29,1.64771
814,-208,-579,615.23,2.31289
815,63,-887,889.23,3.34299
816,871,-697,1115.55,4.19379
817,1150,-462,1239.33,4.65914
818,414,-241,479.04,1.80089
819,-487,-245,545.16,2.04945
820,-511,-441,674.98,2.53753
821,322,-255,410.74,1.54414
822,1012,-399,1087.82,4.08954
823,931,-844,1256.62,4.72414
824,965,-381,1037.49,3.90034
825,822,-44,823.18,3.09465
826,321,243,402.60,1.51355
827,-282,240,370.30,1.39211
828,-416,-269,495.40,1.86239
829,28,-599,599.65,2.25434
830,502,-240,556.42,2.09181
831,925,-51,926.40,3.48273
832,969,-188,987.07,3.71079
833,292,-808,859.14,3.22986
834,108,-956,962.08,3.61685
835,171,-533,559.76,2.10436
836,224,17,224.64,0.84453
837,136,-187,231.23,0.86927
838,58,-309,314.40,1.18194
839,453,-452,639.93,2.40576
840,722,26,722.47,2.71605
841,156,116,194.40,0.73083
842,-106,70,127.03,0.47755
843,85,119,146.24,0.54977
844,549,56,551.85,2.07462
845,656,42,657.34,2.47121
846,672,7,672.04,2.52645
# END
# FRAME,2,RX_TS,8881223284,FP_INDEX,750.9062,FP_INT,750,RXPACC,270,RXPWR,-68.32,STD_NOISE,160.00,NTM,13,NOISE_THRESH,2080.00,PEAK_IDX,753,PEAK_AMPL,18398,START,700,elapsed_s,0.4026
sample,real,imag,amplitude,amplitude_norm
700,-48,250,254.57,0.94284
701,-236,29,237.78,0.88065
702,-22,-199,200.21,0.74153
703,199,224,299.63,1.10973
704,188,916,935.09,3.46331
705,234,998,1025.07,3.79654
706,245,953,983.99,3.64440
707,30,69,75.24,0.27867
708,-271,-701,751.56,2.78355
709,-230,-399,460.54,1.70572
710,-297,100,313.38,1.16068
711,-121,320,342.11,1.26708
712,279,246,371.96,1.37764
713,329,301,445.92,1.65154
714,259,357,441.06,1.63354
715,27,204,205.78,0.76214
716,-135,96,165.65,0.61353
717,6,-41,41.44,0.15347
718,-123,0,123.00,0.45556
719,225,391,451.12,1.67080
720,166,905,920.10,3.40777
721,180,904,921.75,3.41387
722,248,773,811.81,3.00670
723,-35,-65,73.82,0.27342
724,-298,-683,745.18,2.75993
725,-98,-334,348.08,1.28919
726,-119,220,250.12,0.92638
727,-105,428,440.69,1.63219
728,211,716,746.44,2.76460
729,387,751,844.85,3.12907
730,495,553,742.18,2.74882
731,-99,-6,99.18,0.36734
732,-392,-613,727.62,2.69489
733,7,-364,364.07,1.34840
734,135,-217,255.57,0.94654
735,40,-534,535.50,1.98332
736,-83,-1125,1128.06,4.17799
737,-243,-1043,1070.93,3.96642
738,-259,-1004,1036.87,3.84026
739,-132,-112,173.11,0.64116
740,129,464,481.60,1.78370
741,38,-48,61.22,0.22674
742,-300,-481,566.89,2.09958
743,-430,-748,862.79,3.19551
744,-519,-829,978.06,3.62245
745,-365,-951,1018.64,3.77274
746,-310,-932,982.20,3.63779
747,-260,-122,287.20,1.06370
748,66,354,360.10,1.33370
749,207,-112,235.36,0.87169
750,1709,-897,1930.10,7.14852
751,9675,-3228,10199.29,37.77517
752,16321,-6418,17537.55,64.95390
753,16479,-7789,18227.07,67.50765
754,15418,-7519,17153.72,63.53229
755,528,-113,539.96,1.99984
756,-12265,6054,13677.76,50.65837
757,-5200,3195,6103.12,22.60413
758,2407,-1096,2644.78,9.79548
759,1137,-1464,1853.66,6.86542
760,-2203,-617,2287.77,8.47323
761,-2143,-590,2222.73,8.23235
762,-1196,-475,1286.87,4.76619
763,-792,236,826.41,3.06079
764,-478,328,579.71,2.14709
765,-1023,737,1260.83,4.66975
766,-913,861,1254.95,4.64795
767,-580,456,737.79,2.73256
768,-607,-444,752.05,2.78538
769,-1194,-778,1425.10,5.27816
770,-1204,-42,1204.73,4.46197
771,-1009,1787,2052.18,7.60067
772,-215,2104,2114.96,7.83317
773,-114,715,724.03,2.68160
774,115,663,672.90,2.49222
775,-355,2498,2523.10,9.34481
776,-632,2097,2190.17,8.11173
777,-922,-275,962.14,3.56347
778,-769,-2017,2158.62,7.99490
779,-228,-1383,1401.67,5.19136
780,-157,287,327.14,1.21161
781,-762,1214,1433.33,5.30864
782,-2323,1371,2697.40,9.99037
783,-2908,1163,3131.94,11.59977
784,-1104,1307,1710.87,6.33654
785,145,1535,1541.83,5.71049
786,1024,1494,1811.25,6.70832
787,953,1175,1512.89,5.60329
788,-112,1987,1990.15,7.37094
789,-3101,3679,4811.57,17.82064
790,-4839,3353,5887.15,21.80426
791,-2888,1040,3069.55,11.36871
792,-71,-417,423.00,1.56667
793,598,-292,665.48,2.46475
794,694,-161,712.43,2.63863
795,741,-226,774.70,2.86925
796,290,171,336.66,1.24689
797,157,614,633.75,2.34724
798,57,840,841.93,3.11827
799,197,968,987.84,3.65868
800,55,916,917.65,3.39870
801,219,966,990.51,3.66857
802,695,787,1049.95,3.88870
803,920,-230,948.31,3.51227
804,444,-818,930.73,3.44715
805,78,-822,825.69,3.05812
806,-222,-336,402.72,1.49154
807,-544,-208,582.41,2.15707
808,-445,-225,498.65,1.84685
809,-556,-27,556.66,2.06169
810,-756,-238,792.58,2.93547
811,-573,-51,575.27,2.13061
812,336,102,351.14,1.30052
813,363,-47,366.03,1.35567
814,-255,-208,329.07,1.21879
815,-809,-368,888.77,3.29173
816,-418,-275,500.35,1.85314
817,-348,94,360.47,1.33508
818,-369,624,724.94,2.68496
819,-922,494,1046.00,3.87408
820,-1240,-263,1267.58,4.69476
821,-1106,-409,1179.20,4.36741
822,-467,63,471.23,1.74530
823,111,681,689.99,2.55551
824,-70,534,538.57,1.99470
825,-532,-162,556.12,2.05970
826,-948,-520,1081.25,4.00463
827,-1212,-187,1226.34,4.54201
828,-966,-424,1054.96,3.90724
829,-490,-490,692.96,2.56654
830,15,-176,176.64,0.65421
831,285,328,434.52,1.60934
832,-49,669,670.79,2.48442
833,-356,388,526.57,1.95027
834,-408,-212,459.79,1.70293
835,-632,-569,850.40,3.14964
836,-834,-414,931.10,3.44853
837,-831,478,958.67,3.55062
838,-757,604,968.43,3.58679
839,-289,154,327.47,1.21285
840,-101,-85,132.01,0.48892
841,-144,110,181.21,0.67114
842,-180,194,264.64,0.98016
843,-546,-78,551.54,2.04275
844,-377,-292,476.86,1.76614
845,-21,73,75.96,0.28134
846,224,64,232.96,0.86283
847,-19,-330,330.55,1.22425
848,-309,-494,582.68,2.15808
849,-327,-488,587.43,2.17566
# END
# FRAME,3,RX_TS,15271019915,FP_INDEX,747.7656,FP_INT,747,RXPACC,273,RXPWR,-68.23,STD_NOISE,152.00,NTM,13,NOISE_THRESH,1976.00,PEAK_IDX,750,PEAK_AMPL,18793,START,697,elapsed_s,0.4914
sample,real,imag,amplitude,amplitude_norm
697,265,-27,266.37,0.97572
698,119,207,238.77,0.87461
699,-70,198,210.01,0.76927
700,203,-265,333.82,1.22277
701,741,-719,1032.49,3.78203
702,666,-822,1057.94,3.87524
703,569,-550,791.37,2.89878
704,-137,193,236.68,0.86696
705,-287,752,804.91,2.94837
706,-105,437,449.44,1.64629
707,395,237,460.65,1.68735
708,263,-31,264.82,0.97004
709,-34,-338,339.71,1.24434
710,69,-330,337.14,1.23493
711,158,-352,385.83,1.41331
712,226,-44,230.24,0.84338
713,194,193,273.65,1.00239
714,40,141,146.56,0.53686
715,44,93,102.88,0.37686
716,229,-536,582.87,2.13505
717,660,-672,941.90,3.45020
718,628,-663,913.21,3.34509
719,448,-478,655.12,2.39972
720,-124,290,315.40,1.15530
721,-291,691,749.77,2.74643
722,-17,239,239.60,0.87767
723,258,-43,261.56,0.95809
724,424,-153,450.76,1.65114
725,483,-574,750.18,2.74790
726,366,-793,873.39,3.19922
727,118,-691,701.00,2.56778
728,47,322,325.41,1.19199
729,-226,736,769.92,2.82021
730,-209,184,278.45,1.01998
731,-220,79,233.75,0.85624
732,-479,497,690.25,2.52840
733,-757,933,1201.47,4.40100
734,-647,992,1184.34,4.33826
735,-457,910,1018.31,3.73006
736,157,72,172.72,0.63268
737,312,-334,457.06,1.67420
738,-119,162,201.01,0.73630
739,-179,666,689.64,2.52614
740,-305,904,954.07,3.49475
741,-349,1017,1075.22,3.93852
742,-583,1029,1182.68,4.33216
743,-356,905,972.50,3.56228
744,340,258,426.81,1.56339
745,239,-255,349.49,1.28020
746,-331,-66,337.52,1.23632
747,-2501,-1224,2784.45,10.19946
748,-10377,-6752,12380.29,45.34906
749,-15896,-9665,18603.63,68.14516
750,-16458,-9195,18852.42,69.05649
751,-14319,-7164,16011.14,58.64887
752,3337,1419,3626.17,13.28268
753,12535,5684,13763.50,50.41577
754,3895,1355,4123.96,15.10608
755,-3037,-1206,3267.69,11.96956
756,-1102,713,1312.54,4.80786
757,1162,2230,2514.59,9.21094
758,743,1899,2039.18,7.46952
759,406,1165,1233.72,4.51911
760,668,438,798.79,2.92598
761,665,258,713.29,2.61280
762,1275,387,1332.44,4.88073
763,1133,164,1144.81,4.19344
764,613,282,674.75,2.47163
765,27,975,975.37,3.57280
766,279,1445,1471.69,5.39080
767,1301,702,1478.31,5.41506
768,2561,-714,2658.67,9.73871
769,1748,-1155,2095.12,7.67443
770,473,-277,548.14,2.00784
771,579,-610,841.04,3.08072
772,2324,-1421,2724.01,9.97805
773,1860,-509,1928.39,7.06369
774,60,1318,1319.36,4.83284
775,-1249,2003,2360.51,8.64656
776,-707,1091,1300.05,4.76209
777,635,-7,635.04,2.32615
778,1635,95,1637.76,5.99911
779,2601,1367,2938.35,10.76318
780,2472,1420,2850.82,10.44257
781,1689,-163,1696.85,6.21556
782,1020,-1213,1584.86,5.80533
783,493,-1795,1861.47,6.81857
784,422,-1389,1451.69,5.31755
785,2184,-995,2399.98,8.79112
786,5169,434,5187.19,19.00069
787,5376,1873,5692.93,20.85324
788,1927,1398,2380.70,8.72051
789,-471,244,530.45,1.94304
790,-613,-213,648.95,2.37711
791,-510,-353,620.25,2.27197
792,-523,-214,565.09,2.06992
793,98,-287,303.27,1.11088
794,378,-416,562.09,2.05892
795,652,-510,827.77,3.03213
796,554,-712,902.14,3.30455
797,694,-593,912.84,3.34375
798,488,-699,852.49,3.12269
799,20,-939,939.21,3.44034
800,-885,-418,978.75,3.58516
801,-859,239,891.63,3.26604
802,-511,527,734.06,2.68888
803,87,552,558.81,2.04694
804,307,720,782.72,2.86710
805,197,596,627.71,2.29932
806,314,562,643.77,2.35813
807,443,891,995.05,3.64488
808,219,494,540.37,1.97937
809,-162,-257,303.80,1.11281
810,-234,-91,251.07,0.91968
811,93,496,504.64,1.84851
812,295,994,1036.85,3.79799
813,120,641,652.14,2.38878
814,396,187,437.93,1.60415
815,849,-116,856.89,3.13878
816,866,580,1042.28,3.81789
817,485,1272,1361.33,4.98654
818,225,1068,1091.44,3.99796
819,299,208,364.23,1.33418
820,564,-420,703.20,2.57584
821,420,-64,424.85,1.55622
822,123,666,677.26,2.48082
823,315,1129,1172.12,4.29348
824,694,1148,1341.47,4.91381
825,266,1049,1082.20,3.96410
826,-52,690,691.96,2.53464
827,-207,64,216.67,0.79366
828,136,-383,406.43,1.48875
829,667,-270,719.58,2.63581
830,486,201,525.92,1.92646
831,28,621,621.63,2.27704
832,-77,980,983.02,3.60081
833,403,846,937.08,3.43254
834,974,375,1043.70,3.82306
835,888,338,950.15,3.48041
836,165,175,240.52,0.88103
837,89,155,178.73,0.65470
838,279,68,287.17,1.05189
839,336,239,412.33,1.51037
840,213,641,675.46,2.47422
841,45,523,524.93,1.92283
842,-27,14,30.41,0.11141
843,-149,-108,184.02,0.67408
844,-281,301,411.78,1.50835
845,-156,572,592.89,2.17176
846,-80,694,698.60,2.55896
# END
# FRAME,4,RX_TS,21660816514,FP_INDEX,750.8906,FP_INT,750,RXPACC,260,RXPWR,-68.82,STD_NOISE,152.00,NTM,13,NOISE_THRESH,1976.00,PEAK_IDX,753,PEAK_AMPL,16930,START,700,elapsed_s,0.5868
sample,real,imag,amplitude,amplitude_norm
700,194,219,292.57,1.12527
701,-62,185,195.11,0.75043
702,-144,-57,154.87,0.59566
703,231,46,235.54,0.90591
704,877,285,922.15,3.54672
705,969,291,1011.75,3.89135
706,883,290,929.40,3.57462
707,61,46,76.40,0.29385
708,-587,-53,589.39,2.26688
709,-360,15,360.31,1.38582
710,-53,262,267.31,1.02810
711,148,273,310.54,1.19437
712,313,-43,315.94,1.21515
713,372,-45,374.71,1.44120
714,378,-4,378.02,1.45393
715,216,156,266.44,1.02478
716,-40,179,183.41,0.70544
717,-79,30,84.50,0.32502
718,-75,123,144.06,0.55409
719,449,-30,450.00,1.73077
720,807,262,848.47,3.26333
721,812,299,865.30,3.32808
722,752,208,780.24,3.00091
723,-53,28,59.94,0.23054
724,-751,-84,755.68,2.90647
725,-335,4,335.02,1.28855
726,203,312,372.23,1.43164
727,309,393,499.93,1.92281
728,668,204,698.46,2.68637
729,859,44,860.13,3.30818
730,738,-147,752.50,2.89422
731,-52,62,80.92,0.31123
732,-684,58,686.45,2.64021
733,-328,-108,345.32,1.32817
734,-97,-185,208.89,0.80341
735,-461,-230,515.19,1.98150
736,-982,-366,1047.99,4.03073
737,-999,-213,1021.45,3.92867
738,-960,-173,975.46,3.75178
739,-169,54,177.42,0.68238
740,466,94,475.39,1.82841
741,-16,-4,16.49,0.06343
742,-573,168,597.12,2.29662
743,-842,121,850.65,3.27173
744,-959,77,962.09,3.70033
745,-952,-121,959.66,3.69100
746,-949,-134,958.41,3.68621
747,-297,218,368.42,1.41700
748,305,181,354.66,1.36409
749,36,-229,231.81,0.89159
750,8,-1799,1799.02,6.91930
751,1796,-9425,9594.59,36.90229
752,2648,-16088,16304.47,62.70949
753,1798,-16470,16567.85,63.72251
754,1166,-15627,15670.44,60.27092
755,224,-784,815.37,3.13605
756,-417,12957,12963.71,49.86042
757,319,6017,6025.45,23.17481
758,244,-2491,2502.92,9.62662
759,-735,-1679,1832.83,7.04935
760,-1604,1561,2238.20,8.60846
761,-1452,1614,2171.01,8.35005
762,-950,891,1302.45,5.00943
763,-199,842,865.20,3.32768
764,32,585,585.87,2.25336
765,180,1052,1067.29,4.10495
766,229,1046,1070.77,4.11836
767,135,702,714.86,2.74947
768,-599,430,737.36,2.83600
769,-1178,763,1403.51,5.39813
770,-565,1167,1296.58,4.98684
771,1184,1894,2233.63,8.59087
772,1871,1275,2264.13,8.70818
773,759,427,870.87,3.34949
774,640,155,658.50,2.53270
775,1994,1308,2384.72,9.17201
776,1464,1465,2071.12,7.96583
777,-799,709,1068.21,4.10852
778,-2211,-267,2227.06,8.56563
779,-1473,-413,1529.80,5.88386
780,-35,318,319.92,1.23046
781,554,1314,1426.01,5.48466
782,-32,2517,2517.20,9.68155
783,-364,2836,2859.26,10.99717
784,632,1478,1607.45,6.18251
785,1414,619,1543.55,5.93674
786,1717,-89,1719.31,6.61271
787,1436,-214,1451.86,5.58407
788,1668,1018,1954.11,7.51581
789,1675,4182,4504.97,17.32681
790,557,5551,5578.88,21.45721
791,-449,2969,3002.76,11.54907
792,-397,-89,406.85,1.56482
793,45,-633,634.60,2.44076
794,241,-492,547.85,2.10713
795,117,-696,705.77,2.71448
796,213,-200,292.18,1.12377
797,494,178,525.09,2.01958
798,644,416,766.68,2.94875
799,919,318,972.46,3.74024
800,837,450,950.30,3.65500
801,882,266,921.24,3.54322
802,944,-159,957.30,3.68191
803,192,-793,815.91,3.13812
804,-502,-654,824.45,3.17097
805,-747,-267,793.28,3.05109
806,-460,111,473.20,1.82001
807,-422,424,598.21,2.30082
808,-372,367,522.56,2.00986
809,-316,483,577.19,2.21995
810,-569,553,793.45,3.05175
811,-403,358,539.05,2.07326
812,87,-282,295.12,1.13506
813,45,-304,307.31,1.18197
814,-330,103,345.70,1.32962
815,-675,527,856.36,3.29370
816,-544,346,644.71,2.47966
817,-98,381,393.40,1.51308
818,373,623,726.13,2.79279
819,116,1003,1009.69,3.88341
820,-741,1021,1261.56,4.85214
821,-848,769,1144.76,4.40291
822,-194,349,399.30,1.53575
823,622,232,663.86,2.55330
824,427,382,572.93,2.20359
825,-384,369,532.56,2.04830
826,-784,598,986.03,3.79243
827,-633,974,1161.62,4.46778
828,-745,607,960.98,3.69606
829,-620,238,664.11,2.55427
830,-196,-94,217.38,0.83606
831,370,-132,392.84,1.51093
832,540,310,622.66,2.39483
833,76,523,528.49,2.03267
834,-423,336,540.21,2.07772
835,-828,262,868.46,3.34024
836,-701,537,883.05,3.39633
837,16,906,906.14,3.48516
838,91,834,838.95,3.22673
839,-69,340,346.93,1.33435
840,-129,100,163.22,0.62777
841,29,239,240.75,0.92597
842,77,322,331.08,1.27338
843,-306,422,521.27,2.00488
844,-403,158,432.87,1.66487
845,28,97,100.96,0.38831
846,215,1,215.00,0.82693
847,-199,-165,258.51,0.99426
848,-524,43,525.76,2.02216
849,-569,142,586.45,2.25558
# END
# FRAME,5,RX_TS,28050613094,FP_INDEX,746.8125,FP_INT,746,RXPACC,264,RXPWR,-68.53,STD_NOISE,144.00,NTM,13,NOISE_THRESH,1872.00,PEAK_IDX,749,PEAK_AMPL,17363,START,696,elapsed_s,0.6871
sample,real,imag,amplitude,amplitude_norm
696,-192,164,252.51,0.95647
697,-67,-141,156.11,0.59132
698,117,-187,220.59,0.83555
699,-9,235,235.17,0.89080
700,-355,827,899.97,3.40899
701,-296,946,991.23,3.75465
702,-289,815,864.72,3.27547
703,44,-97,106.51,0.40346
704,161,-684,702.69,2.66171
705,128,-351,373.61,1.41519
706,-284,-98,300.43,1.13800
707,-236,131,269.92,1.02243
708,133,304,331.82,1.25690
709,48,392,394.93,1.49594
710,35,404,405.51,1.53604
711,-109,139,176.64,0.66909
712,-96,-49,107.78,0.40827
713,37,-75,83.63,0.31678
714,-70,-68,97.59,0.36966
715,0,516,516.00,1.95455
716,-346,899,963.28,3.64880
717,-284,888,932.31,3.53147
718,-212,686,718.01,2.71974
719,104,-171,200.14,0.75812
720,266,-701,749.77,2.84004
721,114,-228,254.91,0.96557
722,-222,144,264.61,1.00232
723,-331,303,448.74,1.69978
724,-214,656,690.02,2.61372
725,-35,843,843.73,3.19593
726,125,712,722.89,2.73822
727,-56,-177,185.65,0.70321
728,71,-634,637.96,2.41653
729,217,-171,276.28,1.04651
730,279,-84,291.37,1.10368
731,330,-510,607.45,2.30096
732,512,-922,1054.62,3.99478
733,426,-914,1008.40,3.81970
734,359,-897,966.17,3.65975
735,-56,-106,119.88,0.45410
736,-165,468,496.23,1.87968
737,87,-59,105.12,0.39818
738,38,-566,567.27,2.14877
739,97,-867,872.41,3.30458
740,49,-971,972.24,3.68271
741,296,-999,1041.93,3.94670
742,256,-928,962.66,3.64645
743,-209,-185,279.12,1.05726
744,-187,363,408.34,1.54673
745,297,28,298.32,1.12999
746,2194,305,2215.10,8.39052
747,10278,3111,10738.51,40.67618
748,16198,4553,16825.72,63.73381
749,16468,3768,16893.57,63.99081
750,15454,2858,15716.05,59.53050
751,-881,8,881.04,3.33726
752,-13248,-1825,13373.11,50.65573
753,-5179,-278,5186.46,19.64567
754,2861,488,2902.32,10.99364
755,1478,-689,1630.71,6.17692
756,-1406,-1714,2216.90,8.39734
757,-1302,-1566,2036.56,7.71423
758,-721,-1067,1287.76,4.87788
759,-727,-242,766.22,2.90235
760,-547,-8,547.06,2.07219
761,-1165,41,1165.72,4.41561
762,-1115,153,1125.45,4.26306
763,-663,21,663.33,2.51262
764,-253,-773,813.35,3.08087
765,-537,-1346,1449.17,5.48927
766,-1100,-635,1270.13,4.81109
767,-1979,1162,2294.93,8.69290
768,-1244,1831,2213.62,8.38491
769,-330,665,742.38,2.81204
770,-207,709,738.60,2.79773
771,-1583,2022,2567.95,9.72709
772,-1545,1255,1990.49,7.53973
773,-506,-1006,1126.09,4.26548
774,593,-2249,2325.87,8.81010
775,638,-1326,1471.50,5.57387
776,-291,92,305.20,1.15605
777,-1352,506,1443.59,5.46813
778,-2659,-420,2691.97,10.19684
779,-2701,-751,2803.46,10.61918
780,-1425,510,1513.51,5.73301
781,-660,1360,1511.69,5.72609
782,16,1751,1751.07,6.63285
783,63,1466,1467.35,5.55816
784,-1246,1572,2005.92,7.59817
785,-4394,1097,4528.87,17.15480
786,-5464,-124,5465.41,20.70230
787,-2587,-788,2704.35,10.24375
788,297,-366,471.34,1.78539
789,664,33,664.82,2.51826
790,614,272,671.55,2.54375
791,651,164,671.34,2.54295
792,107,272,292.29,1.10716
793,-131,543,558.58,2.11583
794,-372,692,785.65,2.97595
795,-372,896,970.15,3.67483
796,-484,831,961.67,3.64270
797,-310,866,919.81,3.48414
798,180,955,971.82,3.68112
799,946,212,969.46,3.67221
800,887,-461,999.64,3.78653
801,451,-606,755.41,2.86138
802,22,-383,383.63,1.45315
803,-378,-458,593.84,2.24940
804,-270,-345,438.09,1.65944
805,-358,-315,476.85,1.80626
806,-518,-640,823.36,3.11879
807,-383,-460,598.57,2.26732
808,272,102,290.50,1.10036
809,362,46,364.91,1.38224
810,-170,-338,378.34,1.43312
811,-478,-755,893.59,3.38482
812,-248,-539,593.32,2.24741
813,-352,-75,359.90,1.36326
814,-697,392,799.67,3.02906
815,-1105,-68,1107.09,4.19352
816,-889,-974,1318.71,4.99511
817,-634,-950,1142.13,4.32624
818,-285,-208,352.83,1.33648
819,-332,689,764.82,2.89703
820,-346,398,527.37,1.99762
821,-310,-418,520.41,1.97124
822,-491,-926,1048.12,3.97015
823,-816,-795,1139.25,4.31533
824,-439,-808,919.56,3.48317
825,-49,-639,640.88,2.42756
826,264,-178,318.40,1.20607
827,134,415,436.10,1.65188
828,-314,415,520.40,1.97123
829,-456,18,456.36,1.72862
830,-152,-530,551.37,2.08851
831,-112,-877,884.12,3.34895
832,-445,-738,861.78,3.26433
833,-873,-30,873.52,3.30877
834,-862,66,864.52,3.27471
835,-259,24,260.11,0.98526
836,-31,-107,111.40,0.42197
837,-156,74,172.66,0.65402
838,-238,9,238.17,0.90216
839,-262,-360,445.25,1.68654
840,-71,-352,359.09,1.36019
841,-10,89,89.56,0.33924
842,99,195,218.69,0.82838
843,215,-269,344.36,1.30441
844,65,-528,531.99,2.01510
845,-39,-649,650.17,2.46277
# END
# FRAME,6,RX_TS,34440409650,FP_INDEX,750.2500,FP_INT,750,RXPACC,267,RXPWR,-68.30,STD_NOISE,132.00,NTM,13,NOISE_THRESH,1716.00,PEAK_IDX,752,PEAK_AMPL,18116,START,700,elapsed_s,0.7824
sample,real,imag,amplitude,amplitude_norm
700,-72,88,113.70,0.42585
701,-18,-201,201.80,0.75582
702,115,-90,146.03,0.54693
703,175,649,672.18,2.51753
704,200,995,1014.90,3.80113
705,249,915,948.28,3.55159
706,-59,109,123.94,0.46421
707,-224,-680,715.94,2.68144
708,-254,-533,590.43,2.21134
709,-182,1,182.00,0.68166
710,-146,255,293.84,1.10052
711,241,238,338.71,1.26858
712,306,242,390.13,1.46115
713,184,299,351.08,1.31491
714,42,220,223.97,0.83885
715,-153,55,162.59,0.60893
716,-142,-56,152.64,0.57170
717,-217,-39,220.48,0.82576
718,44,265,268.63,1.00610
719,278,835,880.06,3.29611
720,126,962,970.22,3.63377
721,211,889,913.70,3.42209
722,30,74,79.85,0.29906
723,-250,-811,848.66,3.17850
724,-134,-536,552.50,2.06927
725,-98,229,249.09,0.93292
726,-41,344,346.43,1.29751
727,189,548,579.68,2.17107
728,298,717,776.46,2.90810
729,448,641,782.04,2.92899
730,54,103,116.30,0.43557
731,-305,-595,668.62,2.50419
732,-115,-546,557.98,2.08981
733,66,-199,209.66,0.78524
734,-30,-302,303.49,1.13665
735,-60,-938,939.92,3.52029
736,-252,-1094,1122.65,4.20468
737,-304,-1010,1054.76,3.95041
738,-120,-219,249.72,0.93529
739,143,564,581.85,2.17920
740,105,116,156.46,0.58601
741,-199,-407,453.05,1.69680
742,-413,-664,781.96,2.92870
743,-444,-821,933.37,3.49576
744,-373,-874,950.27,3.55905
745,-185,-1007,1023.85,3.83465
746,-224,-229,320.34,1.19977
747,39,502,503.51,1.88582
748,160,141,213.26,0.79874
749,847,-524,995.98,3.73028
750,6263,-1752,6503.44,24.35744
751,15283,-4762,16007.71,59.95397
752,16444,-6726,17766.38,66.54075
753,15811,-7005,17293.29,64.76887
754,2579,-1078,2795.23,10.46904
755,-12884,5598,14047.60,52.61273
756,-8510,4179,9480.72,35.50833
757,1522,-399,1573.43,5.89300
758,2677,-1699,3170.64,11.87504
759,-1459,-953,1742.67,6.52684
760,-2474,-633,2553.70,9.56441
761,-1404,-562,1512.30,5.66406
762,-710,5,710.02,2.65924
763,-418,243,483.50,1.81086
764,-1022,597,1183.59,4.43293
765,-1022,784,1288.08,4.82425
766,-546,573,791.48,2.96435
767,-550,-212,589.44,2.20765
768,-975,-804,1263.74,4.73311
769,-1321,-347,1365.81,5.11541
770,-1266,1647,2077.35,7.78032
771,-302,2384,2403.05,9.00020
772,14,1088,1088.09,4.07524
773,323,251,409.06,1.53206
774,-121,1933,1936.78,7.25387
775,-544,2608,2664.13,9.97802
776,-928,284,970.48,3.63477
777,-868,-2166,2333.45,8.73951
778,-164,-2087,2093.43,7.84058
779,-116,-285,307.70,1.15244
780,-635,1101,1270.99,4.76028
781,-2084,1242,2426.03,9.08625
782,-3227,952,3364.50,12.60111
783,-1620,968,1887.17,7.06807
784,-355,1470,1512.26,5.66389
785,713,1589,1741.63,6.52297
786,1019,938,1384.99,5.18724
787,368,1361,1409.87,5.28043
788,-2335,3116,3893.80,14.58352
789,-4689,3279,5721.76,21.42982
790,-3964,1626,4284.53,16.04692
791,-657,-183,682.01,2.55435
792,570,-323,655.16,2.45377
793,678,-113,687.35,2.57435
794,675,-232,713.76,2.67325
795,276,-123,302.17,1.13171
796,149,454,477.83,1.78961
797,55,791,792.91,2.96970
798,16,983,983.13,3.68214
799,90,1049,1052.85,3.94327
800,99,949,954.15,3.57360
801,581,861,1038.69,3.89023
802,857,-13,857.10,3.21011
803,543,-709,893.05,3.34474
804,121,-858,866.49,3.24528
805,-167,-414,446.41,1.67196
806,-464,-199,504.87,1.89091
807,-518,-270,584.14,2.18780
808,-524,-180,554.05,2.07511
809,-704,-203,732.68,2.74413
810,-738,-77,742.01,2.77905
811,209,97,230.41,0.86297
812,542,3,542.01,2.02999
813,-97,-148,176.95,0.66275
814,-738,-337,811.30,3.03859
815,-618,-459,769.81,2.88318
816,-357,-53,360.91,1.35173
817,-274,538,603.75,2.26125
818,-733,723,1029.57,3.85607
819,-1162,-85,1165.10,4.36369
820,-1192,-557,1315.72,4.92778
821,-436,-284,520.34,1.94883
822,192,470,507.70,1.90152
823,113,781,789.13,2.95555
824,-263,67,271.40,1.01648
825,-837,-493,971.40,3.63820
826,-1211,-235,1233.59,4.62019
827,-864,-385,945.90,3.54269
828,-524,-449,690.06,2.58448
829,-121,-323,344.92,1.29184
830,150,112,187.20,0.70113
831,131,547,562.47,2.10662
832,-450,403,604.08,2.26246
833,-516,-87,523.28,1.95986
834,-521,-597,792.37,2.96768
835,-720,-569,917.69,3.43705
836,-827,289,876.04,3.28106
837,-814,546,980.16,3.67101
838,-502,260,565.34,2.11736
839,-156,18,157.04,0.58815
840,-189,85,207.23,0.77616
841,-263,161,308.37,1.15493
842,-591,-86,597.22,2.23680
843,-464,-467,658.32,2.46562
844,-156,-63,168.24,0.63012
845,92,216,234.78,0.87931
846,177,-103,204.79,0.76700
847,-130,-409,429.16,1.60735
848,-342,-488,595.91,2.23187
849,-515,-493,712.93,2.67016
# END
# FRAME,7,RX_TS,40830154952,FP_INDEX,752.7187,FP_INT,752,RXPACC,273,RXPWR,-68.25,STD_NOISE,152.00,NTM,13,NOISE_THRESH,1976.00,PEAK_IDX,755,PEAK_AMPL,18821,START,702,elapsed_s,0.8883
sample,real,imag,amplitude,amplitude_norm
702,237,-31,239.02,0.87553
703,58,247,253.72,0.92937
704,-130,203,241.06,0.88300
705,182,-255,313.29,1.14757
706,698,-656,957.88,3.50873
707,700,-751,1026.65,3.76061
708,602,-567,826.98,3.02922
709,-191,223,293.62,1.07551
710,-262,720,766.19,2.80655
711,-41,416,418.02,1.53119
712,364,191,411.07,1.50574
713,268,-14,268.37,0.98302
714,1,-293,293.00,1.07327
715,129,-302,328.40,1.20292
716,136,-239,274.99,1.00727
717,227,77,239.70,0.87804
718,110,193,222.15,0.81372
719,-28,85,89.49,0.32781
720,141,35,145.28,0.53216
721,328,-533,625.84,2.29245
722,673,-612,909.66,3.33207
723,610,-602,857.03,3.13931
724,430,-470,637.02,2.33342
725,-174,375,413.40,1.51429
726,-432,738,855.14,3.13239
727,-51,197,203.49,0.74540
728,298,-33,299.82,1.09825
729,449,-148,472.76,1.73173
730,426,-538,686.24,2.51369
731,308,-758,818.19,2.99702
732,134,-633,647.03,2.37007
733,91,431,440.50,1.61356
734,-247,714,755.52,2.76746
735,-252,241,348.69,1.27725
736,-291,137,321.64,1.17816
737,-426,513,666.82,2.44255
738,-752,911,1181.28,4.32704
739,-628,915,1109.78,4.06512
740,-535,856,1009.44,3.69757
741,93,27,96.84,0.35473
742,345,-356,495.74,1.81591
743,-97,126,159.01,0.58246
744,-154,697,713.81,2.61469
745,-371,918,990.13,3.62686
746,-303,1041,1084.20,3.97143
747,-558,912,1069.16,3.91635
748,-340,872,935.94,3.42835
749,306,286,418.85,1.53423
750,222,-231,320.38,1.17356
751,-295,-65,302.08,1.10651
752,-2643,-1401,2991.36,10.95737
753,-10759,-7064,12870.75,47.14560
754,-15970,-9822,18748.67,68.67644
755,-16453,-9321,18909.85,69.26683
756,-13868,-7148,15601.77,57.14935
757,4005,1888,4427.70,16.21870
758,12388,5696,13634.77,49.94421
759,3524,1142,3704.42,13.56931
760,-3031,-1279,3289.80,12.05056
761,-1014,818,1302.81,4.77221
762,1143,2288,2557.61,9.36855
763,740,1945,2081.02,7.62277
764,520,1189,1297.74,4.75361
765,698,441,825.64,3.02433
766,601,285,665.15,2.43645
767,1274,437,1346.86,4.93357
768,1140,127,1147.05,4.20166
769,607,244,654.21,2.39636
770,37,977,977.70,3.58132
771,233,1519,1536.77,5.62918
772,1142,808,1398.94,5.12432
773,2331,-634,2415.68,8.84865
774,1686,-1078,2001.17,7.33029
775,355,-221,418.17,1.53176
776,684,-591,903.96,3.31120
777,2418,-1407,2797.57,10.24749
778,1753,-379,1793.50,6.56961
779,-42,1490,1490.59,5.46004
780,-1272,2074,2432.99,8.91207
781,-686,1000,1212.68,4.44206
782,699,-54,701.08,2.56807
783,1796,215,1808.82,6.62573
784,2761,1524,3153.68,11.55194
785,2344,1404,2732.32,10.00848
786,1601,-160,1608.98,5.89368
787,1009,-1214,1578.57,5.78230
788,452,-1709,1767.76,6.47532
789,479,-1297,1382.62,5.06456
790,2166,-898,2344.77,8.58891
791,5109,542,5137.67,18.81930
792,5292,1989,5653.44,20.70857
793,1781,1456,2300.41,8.42642
794,-420,161,449.80,1.64762
795,-519,-397,653.43,2.39351
796,-508,-433,667.50,2.44505
797,-492,-209,534.55,1.95806
798,82,-278,289.84,1.06169
799,424,-390,576.09,2.11021
800,697,-503,859.55,3.14852
801,663,-666,939.75,3.44230
802,719,-512,882.67,3.23322
803,517,-660,838.38,3.07101
804,58,-938,939.79,3.44246
805,-836,-349,905.92,3.31840
806,-798,305,854.30,3.12931
807,-558,580,804.84,2.94812
808,-51,459,461.82,1.69167
809,258,555,612.04,2.24189
810,235,500,552.47,2.02371
811,348,589,684.12,2.50595
812,413,904,993.87,3.64056
813,127,413,432.09,1.58273
814,-188,-320,371.14,1.35948
815,-159,-51,166.98,0.61164
816,174,577,602.66,2.20756
817,190,985,1003.16,3.67457
818,57,648,650.50,2.38279
819,401,196,446.34,1.63494
820,897,-26,897.38,3.28709
821,1022,695,1235.92,4.52720
822,650,1405,1548.07,5.67059
823,251,1063,1092.23,4.00085
824,251,145,289.87,1.06180
825,612,-603,859.16,3.14710
826,411,-86,419.90,1.53810
827,180,713,735.37,2.69366
828,296,1164,1201.05,4.39944
829,685,1134,1324.83,4.85287
830,264,1025,1058.45,3.87711
831,7,640,640.04,2.34446
832,-135,31,138.51,0.50738
833,122,-467,482.67,1.76803
834,561,-165,584.76,2.14198
835,422,311,524.22,1.92021
836,32,701,701.73,2.57044
837,-39,983,983.77,3.60357
838,354,783,859.30,3.14764
839,950,258,984.41,3.60590
840,848,237,880.50,3.22526
841,151,166,224.40,0.82199
842,83,123,148.38,0.54353
843,296,5,296.04,1.08440
844,406,197,451.27,1.65301
845,229,681,718.47,2.63177
846,50,465,467.68,1.71312
847,10,-55,55.90,0.20477
848,-200,-181,269.74,0.98807
849,-274,284,394.63,1.44553
850,-95,609,616.37,2.25775
851,-65,620,623.40,2.28351
# END
# FRAME,8,RX_TS,47219950918,FP_INDEX,746.9375,FP_INT,746,RXPACC,279,RXPWR,-68.47,STD_NOISE,156.00,NTM,13,NOISE_THRESH,2028.00,PEAK_IDX,749,PEAK_AMPL,19029,START,696,elapsed_s,0.9934
sample,real,imag,amplitude,amplitude_norm
696,-83,-166,185.59,0.66521
697,136,-144,198.07,0.70993
698,179,191,261.77,0.93823
699,-126,-107,165.30,0.59248
700,-608,-653,892.23,3.19795
701,-776,-663,1020.66,3.65828
702,-604,-541,810.86,2.90632
703,249,198,318.13,1.14024
704,762,405,862.94,3.09298
705,442,215,491.52,1.76171
706,221,-242,327.73,1.17465
707,3,-285,285.02,1.02156
708,-296,50,300.19,1.07596
709,-244,-1,244.00,0.87456
710,-213,-127,247.99,0.88885
711,44,-95,104.69,0.37525
712,160,-61,171.23,0.61374
713,148,11,148.41,0.53193
714,139,-143,199.42,0.71478
715,-487,-167,514.84,1.84530
716,-675,-617,914.50,3.27779
717,-636,-658,915.13,3.28003
718,-496,-421,650.58,2.33184
719,413,244,479.69,1.71933
720,800,482,933.98,3.34761
721,328,100,342.91,1.22905
722,-128,-256,286.22,1.02587
723,-191,-361,408.41,1.46385
724,-567,-346,664.23,2.38076
725,-673,-349,758.11,2.71724
726,-548,-138,565.11,2.02548
727,339,40,341.35,1.22348
728,770,351,846.23,3.03307
729,339,240,415.36,1.48873
730,155,254,297.56,1.06652
731,512,538,742.69,2.66197
732,838,916,1241.49,4.44979
733,984,731,1225.81,4.39359
734,919,558,1075.14,3.85355
735,0,-185,185.00,0.66308
736,-433,-318,537.23,1.92555
737,146,230,272.43,0.97644
738,730,253,772.60,2.76917
739,847,473,970.12,3.47714
740,1017,460,1116.19,4.00070
741,975,674,1185.29,4.24833
742,818,517,967.68,3.46840
743,115,-159,196.23,0.70333
744,-340,-300,453.43,1.62520
745,-62,126,140.43,0.50333
746,-990,1959,2194.94,7.86718
747,-6297,9034,11012.06,39.46973
748,-10548,15675,18893.54,67.71880
749,-10319,16460,19427.13,69.63129
750,-7681,13635,15649.63,56.09187
751,2649,-4723,5415.16,19.40917
752,7182,-13562,15346.30,55.00466
753,1961,-4589,4990.44,17.88686
754,-1602,3083,3474.38,12.45296
755,121,1873,1876.90,6.72726
756,2317,-838,2463.89,8.83113
757,2181,-821,2330.41,8.35272
758,1262,-378,1317.39,4.72184
759,403,-446,601.10,2.15449
760,313,-528,613.80,2.20001
761,556,-1326,1437.85,5.15358
762,238,-1089,1114.70,3.99535
763,226,-650,688.17,2.46655
764,969,53,970.45,3.47831
765,1528,-101,1531.33,5.48865
766,943,-1160,1494.94,5.35821
767,-496,-2349,2400.80,8.60500
768,-1211,-1639,2037.85,7.30413
769,-369,-238,439.10,1.57382
770,-513,-374,634.86,2.27548
771,-1319,-2319,2667.87,9.56225
772,-647,-2000,2102.05,7.53422
773,1328,-163,1337.97,4.79558
774,2302,1576,2789.80,9.99928
775,973,1079,1452.92,5.20759
776,-107,-496,507.41,1.81867
777,163,-1791,1798.40,6.44589
778,1583,-2639,3077.37,11.03000
779,1896,-2582,3203.36,11.48159
780,185,-1678,1688.17,6.05078
781,-1011,-1176,1550.84,5.55856
782,-1636,-450,1696.76,6.08158
783,-1178,-148,1187.26,4.25541
784,-957,-1711,1960.45,7.02671
785,642,-4869,4911.14,17.60266
786,2190,-5453,5876.33,21.06213
787,1775,-2374,2964.20,10.62438
788,295,317,433.03,1.55207
789,-310,642,712.93,2.55529
790,-492,612,785.24,2.81449
791,-276,538,604.67,2.16726
792,-106,4,106.08,0.38020
793,-334,-315,459.11,1.64555
794,-530,-646,835.59,2.99496
795,-624,-657,906.10,3.24769
796,-437,-665,795.73,2.85210
797,-578,-450,732.52,2.62552
798,-918,34,918.63,3.29258
799,-418,844,941.84,3.37577
800,242,810,845.38,3.03003
801,490,633,800.49,2.86915
802,480,165,507.57,1.81924
803,731,-188,754.79,2.70533
804,588,-115,599.14,2.14746
805,563,-279,628.34,2.25211
806,860,-421,957.52,3.43196
807,416,-159,445.35,1.59624
808,-219,234,320.49,1.14873
809,-82,311,321.63,1.15279
810,478,-106,489.61,1.75488
811,941,-233,969.42,3.47461
812,739,0,739.00,2.64875
813,293,-233,374.35,1.34176
814,-113,-817,824.78,2.95619
815,587,-960,1125.24,4.03312
816,1387,-399,1443.25,5.17294
817,1206,-34,1206.48,4.32430
818,237,-65,245.75,0.88083
819,-600,-493,776.56,2.78338
820,-184,-471,505.66,1.81242
821,650,-50,651.92,2.33663
822,1360,-213,1376.58,4.93397
823,1111,-509,1222.05,4.38010
824,900,-176,917.05,3.28691
825,683,13,683.12,2.44847
826,162,305,345.35,1.23783
827,-337,1,337.00,1.20789
828,-237,-508,560.56,2.00919
829,250,-473,535.00,1.91758
830,718,-25,718.44,2.57504
831,1051,249,1080.09,3.87130
832,951,-166,965.38,3.46014
833,413,-935,1022.15,3.66363
834,318,-873,929.11,3.33016
835,253,-247,353.58,1.26731
836,163,-10,163.31,0.58533
837,54,-254,259.68,0.93074
838,184,-378,420.40,1.50683
839,713,-163,731.39,2.62149
840,607,87,613.20,2.19786
841,0,31,31.00,0.11111
842,-201,123,235.65,0.84462
843,210,359,415.91,1.49072
844,642,307,711.63,2.55063
845,688,169,708.45,2.53926
# END
# FRAME,9,RX_TS,53609814430,FP_INDEX,747.9531,FP_INT,747,RXPACC,264,RXPWR,-68.88,STD_NOISE,144.00,NTM,13,NOISE_THRESH,1872.00,PEAK_IDX,750,PEAK_AMPL,17030,START,697,elapsed_s,1.0889
sample,real,imag,amplitude,amplitude_norm
697,-168,-134,214.90,0.81400
698,84,-145,167.57,0.63475
699,223,172,281.63,1.06676
700,-95,95,134.35,0.50890
701,-756,-259,799.14,3.02703
702,-947,-263,982.84,3.72289
703,-807,-239,841.65,3.18806
704,-1,9,9.06,0.03430
705,747,102,753.93,2.85580
706,464,25,464.67,1.76013
707,172,-276,325.21,1.23185
708,-78,-208,222.14,0.84145
709,-226,191,295.90,1.12083
710,-216,131,252.62,0.95689
711,-279,38,281.58,1.06658
712,-172,-106,202.04,0.76530
713,18,-177,177.91,0.67391
714,116,22,118.07,0.44723
715,91,-70,114.81,0.43488
716,-392,63,397.03,1.50390
717,-805,-223,835.32,3.16408
718,-816,-248,852.85,3.23051
719,-694,-166,713.58,2.70294
720,70,30,76.16,0.28848
721,784,138,796.05,3.01535
722,408,101,420.32,1.59210
723,-100,-149,179.45,0.67972
724,-184,-312,362.22,1.37203
725,-544,-225,588.69,2.22990
726,-706,-78,710.30,2.69051
727,-717,183,739.99,2.80297
728,49,-67,83.01,0.31442
729,747,-35,747.82,2.83265
730,461,162,488.64,1.85089
731,140,246,283.05,1.07215
732,491,250,550.98,2.08705
733,1022,458,1119.93,4.24217
734,1085,388,1152.29,4.36473
735,1044,275,1079.61,4.08944
736,261,2,261.01,0.98867
737,-388,-82,396.57,1.50216
738,63,137,150.79,0.57118
739,625,87,631.03,2.39025
740,927,33,927.59,3.51359
741,1049,-51,1050.24,3.97818
742,1021,161,1033.62,3.91521
743,959,153,971.13,3.67852
744,346,-146,375.54,1.42251
745,-262,-129,292.04,1.10620
746,-6,220,220.08,0.83364
747,-12,1749,1749.04,6.62516
748,-1881,9054,9247.33,35.02776
749,-3092,16057,16351.99,61.93937
750,-2307,16483,16643.66,63.04417
751,-1606,15943,16023.68,60.69577
752,-254,1688,1707.00,6.46592
753,938,-13171,13204.36,50.01651
754,-3,-6583,6583.00,24.93561
755,-225,2469,2479.23,9.39103
756,615,1972,2065.67,7.82452
757,1533,-1418,2088.26,7.91006
758,1543,-1592,2217.05,8.39792
759,1078,-809,1347.80,5.10530
760,342,-772,844.36,3.19834
761,-23,-442,442.60,1.67651
762,-76,-1071,1073.69,4.06702
763,-248,-1121,1148.10,4.34888
764,-211,-647,680.54,2.57779
765,668,-321,741.12,2.80729
766,1375,-622,1509.14,5.71645
767,726,-1033,1262.60,4.78259
768,-1022,-1853,2116.15,8.01572
769,-1741,-1204,2116.77,8.01805
770,-591,-404,715.89,2.71170
771,-360,27,361.01,1.36747
772,-1831,-1352,2276.06,8.62145
773,-1523,-1574,2190.21,8.29624
774,788,-728,1072.81,4.06369
775,2257,305,2277.51,8.62695
776,1539,559,1637.38,6.20218
777,43,-213,217.30,0.82309
778,-525,-1214,1322.66,5.01006
779,147,-2560,2564.22,9.71294
780,703,-2986,3067.64,11.61984
781,-358,-1649,1687.41,6.39172
782,-1278,-753,1483.34,5.61871
783,-1706,66,1707.28,6.46696
784,-1367,237,1387.39,5.25527
785,-1432,-880,1680.78,6.36659
786,-1451,-4017,4271.03,16.17814
787,-398,-5517,5531.34,20.95204
788,682,-3136,3209.30,12.15645
789,549,124,562.83,2.13193
790,54,682,684.13,2.59142
791,-206,587,622.10,2.35643
792,-132,712,724.13,2.74293
793,-125,226,258.27,0.97828
794,-444,-203,488.21,1.84926
795,-588,-396,708.91,2.68528
796,-778,-262,820.93,3.10959
797,-810,-397,902.06,3.41689
798,-824,-268,866.49,3.28215
799,-898,190,917.88,3.47682
800,-256,818,857.12,3.24668
801,516,737,899.68,3.40788
802,722,470,861.50,3.26326
803,497,64,501.10,1.89812
804,467,-324,568.39,2.15299
805,441,-286,525.62,1.99099
806,349,-390,523.36,1.98241
807,538,-529,754.51,2.85799
808,451,-411,610.18,2.31130
809,-81,297,307.85,1.16609
810,-58,332,337.03,1.27662
811,353,-195,403.28,1.52757
812,790,-616,1001.78,3.79461
813,707,-306,770.38,2.91811
814,248,-280,374.04,1.41681
815,-242,-564,613.73,2.32472
816,48,-1025,1026.12,3.88683
817,962,-894,1313.27,4.97451
818,1065,-526,1187.81,4.49929
819,267,-192,328.87,1.24571
820,-614,-250,662.94,2.51116
821,-365,-348,504.31,1.91027
822,486,-299,570.61,2.16141
823,984,-435,1075.86,4.07524
824,836,-886,1218.15,4.61421
825,770,-649,1007.03,3.81449
826,669,-302,734.01,2.78033
827,221,135,258.97,0.98095
828,-277,173,326.59,1.23707
829,-402,-270,484.26,1.83430
830,74,-482,487.65,1.84715
831,560,-237,608.09,2.30336
832,927,-250,960.12,3.63682
833,824,-526,977.57,3.70293
834,98,-851,856.62,3.24479
835,-64,-860,862.38,3.26658
836,40,-257,260.09,0.98521
837,165,-13,165.51,0.62694
838,-3,-170,170.03,0.64404
839,65,-219,228.44,0.86531
840,458,-362,583.79,2.21132
841,549,-221,591.81,2.24171
842,100,-105,145.00,0.54924
843,-109,153,187.86,0.71158
844,267,305,405.36,1.53544
845,507,115,519.88,1.96924
846,512,-81,518.37,1.96351
# END
# FRAME,10,RX_TS,59999610822,FP_INDEX,748.9531,FP_INT,748,RXPACC,260,RXPWR,-68.84,STD_NOISE,132.00,NTM,13,NOISE_THRESH,1716.00,PEAK_IDX,751,PEAK_AMPL,16878,START,698,elapsed_s,1.1910
sample,real,imag,amplitude,amplitude_norm
698,69,-198,209.68,0.80646
699,187,49,193.31,0.74351
700,-19,254,254.71,0.97965
701,28,-70,75.39,0.28997
702,133,-751,762.69,2.93341
703,101,-912,917.58,3.52914
704,95,-738,744.09,2.86188
705,66,157,170.31,0.65503
706,197,813,836.53,3.21741
707,113,502,514.56,1.97908
708,287,65,294.27,1.13180
709,300,-168,343.84,1.32245
710,-133,-160,208.06,0.80023
711,-116,-222,250.48,0.96338
712,46,-268,271.92,1.04584
713,121,-46,129.45,0.49788
714,159,103,189.45,0.72864
715,163,113,198.34,0.76284
716,235,18,235.69,0.90649
717,9,-395,395.10,1.51963
718,71,-819,822.07,3.16181
719,193,-820,842.41,3.24003
720,117,-620,630.94,2.42670
721,175,281,331.04,1.27322
722,96,859,864.35,3.32441
723,64,311,317.52,1.22122
724,299,-172,344.94,1.32670
725,214,-273,346.88,1.33415
726,66,-605,608.59,2.34073
727,-2,-708,708.00,2.72309
728,-113,-580,590.91,2.27271
729,118,185,219.43,0.84396
730,161,701,719.25,2.76635
731,29,361,362.16,1.39293
732,-59,188,197.04,0.75785
733,14,605,605.16,2.32755
734,-177,1086,1100.33,4.23204
735,-1,1112,1112.00,4.27693
736,97,954,958.92,3.68815
737,125,-40,131.24,0.50478
738,109,-491,502.95,1.93444
739,9,120,120.34,0.46283
740,182,587,614.57,2.36372
741,124,839,848.11,3.26198
742,221,1067,1089.65,4.19095
743,107,1036,1041.51,4.00581
744,41,877,877.96,3.37676
745,182,11,182.33,0.70128
746,99,-428,439.30,1.68962
747,-169,-37,173.00,0.66540
748,-1632,207,1645.08,6.32721
749,-9021,-161,9022.44,34.70168
750,-16034,398,16038.94,61.68822
751,-16486,1548,16558.52,63.68661
752,-14396,1713,14497.56,55.75984
753,3170,-304,3184.54,12.24824
754,14217,-1749,14324.18,55.09299
755,5807,-1058,5902.59,22.70228
756,-2826,293,2841.15,10.92749
757,-1805,992,2059.63,7.92167
758,1762,1273,2173.75,8.36056
759,2018,1215,2355.54,9.05975
760,1081,761,1322.00,5.08461
761,625,87,631.03,2.42702
762,652,-17,652.22,2.50854
763,1304,-180,1316.36,5.06294
764,1031,-396,1104.44,4.24783
765,734,-241,772.55,2.97135
766,539,622,823.05,3.16556
767,867,1151,1441.00,5.54232
768,1372,359,1418.19,5.45458
769,1618,-1461,2180.01,8.38465
770,763,-1835,1987.31,7.64349
771,90,-510,517.88,1.99185
772,-110,-440,453.54,1.74439
773,990,-1965,2200.30,8.46270
774,1229,-1719,2113.15,8.12750
775,894,610,1082.28,4.16263
776,58,2428,2428.69,9.34113
777,-288,1496,1523.47,5.85950
778,217,-128,251.94,0.96899
779,1300,-748,1499.83,5.76860
780,2796,-285,2810.49,10.80957
781,3129,53,3129.45,12.03634
782,1584,-671,1720.26,6.61639
783,569,-1315,1432.82,5.51086
784,-368,-1495,1539.63,5.92164
785,-532,-966,1102.81,4.24156
786,586,-1556,1662.69,6.39495
787,3898,-2207,4479.43,17.22856
788,5401,-1339,5564.51,21.40194
789,3263,52,3263.41,12.55159
790,73,449,454.90,1.74960
791,-631,79,635.93,2.44587
792,-679,-104,686.92,2.64199
793,-559,187,589.45,2.26711
794,-109,-70,129.54,0.49824
795,121,-471,486.29,1.87036
796,227,-717,752.08,2.89260
797,222,-797,827.34,3.18208
798,275,-811,856.36,3.29368
799,91,-887,891.66,3.42945
800,-404,-832,924.90,3.55731
801,-808,69,810.94,3.11900
802,-508,659,832.07,3.20028
803,-158,776,791.92,3.04585
804,182,443,478.93,1.84203
805,532,338,630.29,2.42420
806,459,346,574.80,2.21078
807,563,204,598.82,2.30315
808,740,399,840.71,3.23352
809,395,285,487.08,1.87340
810,-305,-55,309.92,1.19200
811,-294,23,294.90,1.13422
812,282,309,418.34,1.60898
813,756,629,983.45,3.78251
814,462,521,696.34,2.67822
815,325,112,343.76,1.32214
816,523,-456,693.88,2.66876
817,951,-100,956.24,3.67786
818,990,774,1256.65,4.83328
819,627,892,1090.32,4.19353
820,150,178,232.77,0.89529
821,205,-635,667.27,2.56643
822,422,-404,584.21,2.24696
823,495,363,613.84,2.36091
824,811,768,1116.94,4.29591
825,927,508,1057.07,4.06565
826,712,680,984.55,3.78674
827,438,616,755.84,2.90709
828,-36,262,264.46,1.01716
829,-179,-280,332.33,1.27818
830,227,-508,556.41,2.14004
831,508,-131,524.62,2.01777
832,432,478,644.29,2.47803
833,416,837,934.68,3.59492
834,623,653,902.52,3.47122
835,942,-134,951.48,3.65955
836,952,-202,973.19,3.74306
837,481,53,483.91,1.86120
838,126,185,223.83,0.86089
839,214,-70,225.16,0.86599
840,382,-49,385.13,1.48127
841,582,384,697.27,2.68179
842,316,516,605.07,2.32720
843,126,7,126.19,0.48536
844,-5,-138,138.09,0.53112
845,-112,286,307.15,1.18134
846,120,577,589.35,2.26672
847,208,574,610.52,2.34817
# END
# FRAME,11,RX_TS,66389407193,FP_INDEX,748.2500,FP_INT,748,RXPACC,260,RXPWR,-68.73,STD_NOISE,156.00,NTM,13,NOISE_THRESH,2028.00,PEAK_IDX,751,PEAK_AMPL,17027,START,698,elapsed_s,1.2836
sample,real,imag,amplitude,amplitude_norm
698,198,-2,198.01,0.76158
699,35,299,301.04,1.15785
700,-11,97,97.62,0.37547
701,52,-673,675.01,2.59618
702,104,-961,966.61,3.71774
703,102,-882,887.88,3.41492
704,84,-348,357.99,1.37690
705,80,627,632.08,2.43109
706,116,624,634.69,2.44112
707,203,117,234.30,0.90117
708,313,-160,351.52,1.35201
709,-59,-202,210.44,0.80938
710,-174,-286,334.77,1.28758
711,-150,-298,333.62,1.28316
712,-31,-282,283.70,1.09115
713,246,-14,246.40,0.94768
714,238,150,281.33,1.08202
715,135,194,236.35,0.90904
716,33,-197,199.74,0.76825
717,11,-704,704.09,2.70802
718,191,-740,764.25,2.93943
719,77,-752,755.93,2.90743
720,105,-191,217.96,0.83830
721,149,744,758.77,2.91836
722,75,516,521.42,2.00547
723,229,-50,234.39,0.90152
724,350,-258,434.81,1.67237
725,213,-548,587.94,2.26131
726,-20,-730,730.27,2.80875
727,-243,-737,776.03,2.98472
728,-18,-177,177.91,0.68428
729,312,575,654.19,2.51613
730,42,534,535.65,2.06019
731,-135,220,258.12,0.99276
732,-91,500,508.21,1.95467
733,-130,1114,1121.56,4.31369
734,-47,1201,1201.92,4.62277
735,78,1117,1119.72,4.30662
736,100,578,586.59,2.25610
737,48,-413,415.78,1.59915
738,66,-188,199.25,0.76634
739,63,489,493.04,1.89631
740,267,793,836.74,3.21824
741,217,1031,1053.59,4.05227
742,192,1027,1044.79,4.01844
743,69,1013,1015.35,3.90518
744,244,553,604.44,2.32476
745,281,-264,385.56,1.48293
746,-71,-98,121.02,0.46545
747,-960,361,1025.63,3.94474
748,-6302,354,6311.93,24.27667
749,-15206,850,15229.74,58.57592
750,-16472,2065,16600.93,63.84974
751,-16337,2681,16555.52,63.67509
752,-7338,1042,7411.61,28.50620
753,11003,-1867,11160.27,42.92413
754,9449,-1990,9656.28,37.13953
755,-694,-55,696.18,2.67760
756,-2706,977,2876.97,11.06528
757,1255,1133,1690.77,6.50297
758,2129,1180,2434.14,9.36208
759,1170,985,1529.42,5.88238
760,944,332,1000.68,3.84877
761,541,-160,564.16,2.16986
762,853,-187,873.26,3.35868
763,1148,-428,1225.19,4.71227
764,785,-368,866.98,3.33453
765,502,294,581.76,2.23752
766,767,908,1188.59,4.57151
767,1105,705,1310.74,5.04132
768,1617,-879,1840.47,7.07873
769,1083,-2027,2298.18,8.83914
770,405,-1045,1120.74,4.31052
771,-75,-216,228.65,0.87942
772,616,-1483,1605.85,6.17634
773,1188,-2185,2487.08,9.56569
774,1027,-94,1031.29,3.96651
775,467,1912,1968.21,7.57002
776,-141,1952,1957.09,7.52725
777,-3,415,415.01,1.59620
778,806,-732,1088.79,4.18765
779,2135,-600,2217.71,8.52964
780,3232,-108,3233.80,12.43771
781,1872,-515,1941.55,7.46749
782,733,-1291,1484.58,5.70991
783,-211,-1546,1560.33,6.00128
784,-606,-1410,1534.71,5.90273
785,115,-1381,1385.78,5.32992
786,2671,-2226,3476.97,13.37296
787,5048,-1982,5423.16,20.85830
788,4247,-593,4288.20,16.49308
789,677,417,795.12,3.05816
790,-562,272,624.36,2.40139
791,-585,-43,586.58,2.25607
792,-737,-35,737.83,2.83781
793,-367,6,367.05,1.41173
794,100,-412,423.96,1.63062
795,237,-618,661.89,2.54572
796,236,-878,909.16,3.49679
797,166,-985,998.89,3.84188
798,175,-892,909.00,3.49617
799,-198,-858,880.55,3.38673
800,-639,-326,717.35,2.75905
801,-757,499,906.67,3.48719
802,-362,789,868.08,3.33877
803,-15,484,484.23,1.86243
804,416,335,534.12,2.05430
805,463,412,619.77,2.38372
806,544,277,610.46,2.34793
807,655,384,759.26,2.92024
808,687,457,825.12,3.17353
809,-124,81,148.11,0.56966
810,-404,-67,409.52,1.57507
811,169,240,293.53,1.12897
812,766,488,908.24,3.49323
813,554,545,777.14,2.98899
814,347,306,462.65,1.77942
815,449,-181,484.11,1.86196
816,904,-329,962.01,3.70003
817,1118,574,1256.74,4.83362
818,808,990,1277.87,4.91490
819,253,473,536.41,2.06312
820,118,-441,456.51,1.75582
821,347,-634,722.75,2.77980
822,401,157,430.64,1.65630
823,582,731,934.39,3.59381
824,1063,550,1196.86,4.60330
825,995,520,1122.69,4.31803
826,576,613,841.16,3.23522
827,-6,413,413.04,1.58863
828,-240,-58,246.91,0.94965
829,31,-548,548.88,2.11106
830,530,-273,596.18,2.29299
831,491,227,540.93,2.08052
832,431,715,834.86,3.21099
833,639,838,1053.83,4.05321
834,888,110,894.79,3.44149
835,879,-275,921.01,3.54236
836,590,-134,605.03,2.32702
837,88,125,152.87,0.58796
838,219,28,220.78,0.84916
839,290,-61,296.35,1.13979
840,502,184,534.66,2.05638
841,382,395,549.50,2.11346
842,239,93,256.46,0.98637
843,-86,-65,107.80,0.41462
844,-187,164,248.73,0.95664
845,116,517,529.85,2.03790
846,264,494,560.12,2.15430
847,272,519,585.96,2.25368
# END
# FRAME,12,RX_TS,72779203532,FP_INDEX,749.1562,FP_INT,749,RXPACC,279,RXPWR,-68.45,STD_NOISE,156.00,NTM,13,NOISE_THRESH,2028.00,PEAK_IDX,751,PEAK_AMPL,19019,START,699,elapsed_s,1.3935
sample,real,imag,amplitude,amplitude_norm
699,-37,-105,111.33,0.39903
700,197,-104,222.77,0.79845
701,24,147,148.95,0.53386
702,-565,668,874.90,3.13584
703,-696,829,1082.43,3.87968
704,-529,731,902.33,3.23416
705,59,-25,64.08,0.22967
706,415,-723,833.64,2.98795
707,291,-456,540.94,1.93886
708,-152,-173,230.29,0.82541
709,-261,-10,261.19,0.93617
710,83,282,293.96,1.05362
711,29,321,322.31,1.15522
712,-111,308,327.39,1.17345
713,-109,99,147.25,0.52777
714,1,-144,144.00,0.51614
715,29,-132,135.15,0.48440
716,-82,-119,144.52,0.51798
717,-122,442,458.53,1.64347
718,-599,730,944.30,3.38458
719,-696,722,1002.85,3.59443
720,-454,628,774.92,2.77749
721,187,-170,252.72,0.90582
722,492,-717,869.57,3.11674
723,145,-291,325.12,1.16532
724,-250,94,267.09,0.95730
725,-304,108,322.61,1.15632
726,-319,514,604.94,2.16826
727,-366,733,819.30,2.93654
728,-194,676,703.29,2.52074
729,42,-78,88.59,0.31752
730,354,-656,745.42,2.67176
731,238,-264,355.44,1.27399
732,205,-33,207.64,0.74423
733,400,-388,557.26,1.99736
734,861,-766,1152.42,4.13055
735,773,-897,1184.12,4.24415
736,625,-881,1080.18,3.87161
737,-63,-115,131.13,0.46999
738,-341,443,559.04,2.00374
739,89,106,138.41,0.49609
740,219,-530,573.46,2.05543
741,387,-768,860.00,3.08242
742,428,-1001,1088.66,3.90201
743,606,-983,1154.78,4.13901
744,626,-802,1017.39,3.64655
745,-109,-200,227.77,0.81639
746,-369,397,542.01,1.94267
747,77,198,212.45,0.76145
748,1438,652,1578.91,5.65917
749,7158,5001,8731.95,31.29731
750,15144,10113,18210.26,65.26974
751,16501,10187,19392.21,69.50615
752,15268,8435,17443.08,62.52000
753,-1226,-699,1411.27,5.05831
754,-13698,-7057,15408.97,55.22929
755,-6783,-2950,7396.73,26.51157
756,2462,1353,2809.28,10.06910
757,2584,606,2654.11,9.51293
758,-616,-1989,2082.20,7.46310
759,-1055,-2261,2495.02,8.94274
760,-488,-1282,1371.74,4.91663
761,-527,-359,637.66,2.28552
762,-536,-239,586.87,2.10348
763,-1245,-518,1348.46,4.83320
764,-1196,-256,1223.09,4.38384
765,-766,-110,773.86,2.77368
766,-69,-732,735.24,2.63529
767,49,-1444,1444.83,5.17861
768,-803,-1168,1417.40,5.08030
769,-2203,233,2215.29,7.94010
770,-1761,1256,2163.02,7.75276
771,-413,467,623.42,2.23450
772,20,471,471.42,1.68969
773,-1946,1225,2299.47,8.24181
774,-2339,1051,2564.28,9.19096
775,-564,-879,1044.38,3.74331
776,1377,-2169,2569.18,9.20853
777,1419,-1213,1866.80,6.69103
778,-6,17,18.03,0.06462
779,-1436,131,1441.96,5.16833
780,-2530,-1095,2756.80,9.88099
781,-2813,-1981,3440.54,12.33169
782,-1778,-462,1837.04,6.58438
783,-1259,758,1469.57,5.26729
784,-551,1610,1701.68,6.09920
785,-50,1329,1329.94,4.76681
786,-1160,1118,1611.06,5.77442
787,-4565,-145,4567.30,16.37026
788,-5709,-1884,6011.83,21.54779
789,-3212,-1995,3781.13,13.55245
790,94,-529,537.29,1.92576
791,671,280,727.08,2.60601
792,631,516,815.12,2.92157
793,640,350,729.45,2.61452
794,104,269,288.40,1.03371
795,-307,450,544.75,1.95250
796,-616,504,795.91,2.85272
797,-621,598,862.12,3.09002
798,-715,658,971.69,3.48277
799,-641,699,948.41,3.39932
800,-202,976,996.68,3.57235
801,648,509,824.01,2.95342
802,831,-165,847.22,3.03664
803,677,-575,888.23,3.18362
804,203,-451,494.58,1.77269
805,-255,-603,654.70,2.34660
806,-152,-544,564.84,2.02450
807,-277,-545,611.35,2.19123
808,-396,-882,966.82,3.46530
809,-304,-497,582.60,2.08818
810,196,291,350.85,1.25753
811,278,312,417.89,1.49780
812,17,-284,284.51,1.01974
813,-281,-882,925.68,3.31785
814,-86,-722,727.10,2.60611
815,-154,-339,372.34,1.33455
816,-633,124,645.03,2.31194
817,-1002,-338,1057.47,3.79022
818,-452,-1194,1276.69,4.57595
819,-25,-1221,1221.26,4.37726
820,72,-255,264.97,0.94971
821,-342,532,632.45,2.26683
822,-558,350,658.68,2.36087
823,-181,-452,486.89,1.74514
824,-202,-1158,1175.49,4.21321
825,-612,-1079,1240.48,4.44616
826,-195,-912,932.61,3.34270
827,71,-715,718.52,2.57533
828,233,-169,287.84,1.03167
829,61,378,382.89,1.37237
830,-446,463,642.87,2.30420
831,-594,-100,602.36,2.15899
832,-158,-586,606.93,2.17536
833,119,-932,939.57,3.36762
834,-18,-874,874.19,3.13328
835,-801,-379,886.14,3.17612
836,-894,-280,936.82,3.35779
837,-446,-269,520.84,1.86682
838,-53,-143,152.51,0.54662
839,-191,-40,195.14,0.69944
840,-344,-71,351.25,1.25896
841,-270,-591,649.75,2.32887
842,95,-597,604.51,2.16671
843,39,-16,42.15,0.15109
844,67,335,341.63,1.22450
845,321,-59,326.38,1.16981
846,282,-542,610.97,2.18987
847,181,-700,723.02,2.59148
848,100,-666,673.47,2.41386
# END
# FRAME,13,RX_TS,79168999834,FP_INDEX,747.2500,FP_INT,747,RXPACC,278,RXPWR,-68.44,STD_NOISE,168.00,NTM,13,NOISE_THRESH,2184.00,PEAK_IDX,749,PEAK_AMPL,18971,START,697,elapsed_s,1.4896
sample,real,imag,amplitude,amplitude_norm
697,42,-142,148.08,0.53267
698,210,179,275.94,0.99258
699,7,89,89.27,0.32113
700,-503,-491,702.92,2.52847
701,-771,-690,1034.67,3.72183
702,-737,-563,927.44,3.33610
703,-213,-206,296.32,1.06590
704,655,461,800.97,2.88117
705,657,279,713.79,2.56757
706,258,-78,269.53,0.96954
707,108,-345,361.51,1.30039
708,-225,-26,226.50,0.81474
709,-273,74,282.85,1.01745
710,-314,-55,318.78,1.14669
711,-221,-64,230.08,0.82763
712,38,-142,147.00,0.52876
713,187,-12,187.38,0.67405
714,190,5,190.07,0.68369
715,-200,-134,240.74,0.86597
716,-587,-497,769.14,2.76669
717,-595,-599,844.29,3.03702
718,-616,-503,795.28,2.86071
719,-72,-213,224.84,0.80878
720,725,428,841.91,3.02845
721,533,344,634.37,2.28191
722,68,-201,212.19,0.76328
723,-26,-344,344.98,1.24094
724,-354,-406,538.66,1.93762
725,-623,-364,721.54,2.59548
726,-798,-184,818.94,2.94582
727,-200,-54,207.16,0.74519
728,680,144,695.08,2.50029
729,446,384,588.53,2.11703
730,120,257,283.64,1.02027
731,298,314,432.90,1.55718
732,746,861,1139.23,4.09794
733,897,812,1209.94,4.35230
734,966,709,1198.26,4.31030
735,538,212,578.26,2.08008
736,-215,-282,354.61,1.27558
737,-62,16,64.03,0.23033
738,430,283,514.77,1.85169
739,800,271,844.65,3.03833
740,1057,378,1122.56,4.03797
741,1022,514,1143.98,4.11502
742,947,658,1153.16,4.14805
743,557,126,571.07,2.05422
744,-166,-267,314.40,1.13092
745,-131,59,143.67,0.51681
746,-389,1095,1162.04,4.18001
747,-4042,6103,7320.13,26.33142
748,-9659,14618,17520.91,63.02485
749,-10183,16447,19344.18,69.58338
750,-9217,16380,18795.15,67.60844
751,-3351,6361,7189.68,25.86216
752,5546,-11008,12326.16,44.33870
753,3948,-8826,9668.76,34.77972
754,-638,939,1135.24,4.08359
755,-782,2937,3039.32,10.93282
756,1814,-425,1863.12,6.70188
757,2285,-1028,2505.60,9.01293
758,1485,-347,1525.00,5.48562
759,801,-588,993.65,3.57429
760,283,-518,590.27,2.12326
761,443,-919,1020.20,3.66979
762,355,-1231,1281.17,4.60851
763,125,-827,836.39,3.00861
764,569,-123,582.14,2.09404
765,1348,-1,1348.00,4.84892
766,1326,-452,1400.92,5.03928
767,138,-1898,1903.01,6.84536
768,-1033,-2065,2308.96,8.30562
769,-528,-862,1010.86,3.63617
770,-317,0,317.00,1.14029
771,-1043,-1559,1875.72,6.74720
772,-1110,-2430,2671.52,9.60977
773,580,-976,1135.33,4.08392
774,1938,925,2147.43,7.72458
775,1490,1410,2051.39,7.37910
776,368,276,460.00,1.65468
777,-128,-1093,1100.47,3.95852
778,848,-2253,2407.30,8.65937
779,1942,-2817,3421.53,12.30765
780,646,-1851,1960.49,7.05212
781,-670,-1313,1474.07,5.30239
782,-1487,-649,1622.46,5.83618
783,-1570,-350,1608.54,5.78611
784,-1177,-1098,1609.64,5.79006
785,-177,-3949,3952.96,14.21930
786,1521,-5657,5857.91,21.07161
787,2099,-3702,4255.66,15.30811
788,752,-111,760.15,2.73435
789,-74,698,701.91,2.52486
790,-343,549,647.34,2.32856
791,-418,827,926.64,3.33322
792,-229,371,435.98,1.56829
793,-428,-227,484.47,1.74270
794,-487,-481,684.49,2.46220
795,-652,-596,883.36,3.17754
796,-722,-609,944.54,3.39764
797,-680,-657,945.54,3.40123
798,-951,-304,998.41,3.59139
799,-671,459,812.97,2.92436
800,-34,1035,1035.56,3.72503
801,436,866,969.56,3.48764
802,422,453,619.11,2.22700
803,590,-102,598.75,2.15378
804,579,-137,594.99,2.14024
805,516,-217,559.77,2.01357
806,700,-252,743.98,2.67618
807,816,-355,889.88,3.20100
808,18,181,181.89,0.65429
809,-295,291,414.37,1.49055
810,246,-7,246.10,0.88525
811,872,-402,960.20,3.45396
812,882,-152,895.00,3.21943
813,447,-135,466.94,1.67964
814,2,-570,570.00,2.05037
815,265,-1019,1052.89,3.78739
816,1021,-657,1214.12,4.36734
817,1379,-201,1393.57,5.01285
818,536,48,538.14,1.93577
819,-321,-299,438.68,1.57799
820,-375,-483,611.49,2.19959
821,365,-176,405.22,1.45762
822,1048,-37,1048.65,3.77213
823,1230,-527,1338.14,4.81347
824,1123,-467,1216.23,4.37493
825,805,-62,807.38,2.90426
826,398,211,450.47,1.62040
827,-177,92,199.48,0.71756
828,-354,-350,497.81,1.79069
829,152,-599,617.98,2.22297
830,487,-178,518.51,1.86515
831,826,114,833.83,2.99939
832,1012,-60,1013.78,3.64668
833,547,-789,960.07,3.45348
834,303,-1000,1044.90,3.75862
835,277,-471,546.42,1.96552
836,204,71,216.00,0.77699
837,167,-143,219.86,0.79086
838,105,-215,239.27,0.86068
839,483,-252,544.79,1.95967
840,639,-5,639.02,2.29863
841,166,-49,173.08,0.62259
842,-178,65,189.50,0.68164
843,-8,312,312.10,1.12267
844,464,280,541.94,1.94941
845,679,109,687.69,2.47372
846,702,79,706.43,2.54112
# END
# FRAME,14,RX_TS,85558786352,FP_INDEX,746.5937,FP_INT,746,RXPACC,275,RXPWR,-68.47,STD_NOISE,136.00,NTM,13,NOISE_THRESH,1768.00,PEAK_IDX,749,PEAK_AMPL,18803,START,696,elapsed_s,1.5886
sample,real,imag,amplitude,amplitude_norm
696,3,145,145.03,0.52739
697,-131,-78,152.46,0.55441
698,-31,-87,92.36,0.33585
699,194,450,490.04,1.78195
700,273,1001,1037.56,3.77294
701,417,961,1047.57,3.80936
702,263,692,740.29,2.69197
703,-93,-322,335.16,1.21877
704,-370,-593,698.96,2.54168
705,-176,-215,277.85,1.01037
706,-243,216,325.12,1.18227
707,1,286,286.00,1.04001
708,377,197,425.37,1.54679
709,329,244,409.61,1.48948
710,197,275,338.28,1.23011
711,-120,161,200.80,0.73019
712,-200,28,201.95,0.73437
713,-36,-105,111.00,0.40364
714,15,43,45.54,0.16560
715,400,559,687.37,2.49954
716,288,937,980.26,3.56459
717,361,862,934.54,3.39833
718,257,603,655.48,2.38357
719,-197,-383,430.69,1.56616
720,-312,-657,727.32,2.64480
721,-169,-6,169.11,0.61493
722,-100,366,379.42,1.37969
723,37,567,568.21,2.06620
724,432,719,838.80,3.05018
725,619,685,923.25,3.35726
726,459,435,632.38,2.29957
727,-315,-206,376.38,1.36865
728,-242,-575,623.85,2.26855
729,108,-298,316.97,1.15261
730,135,-251,285.00,1.03637
731,-102,-727,734.12,2.66953
732,-256,-1086,1115.77,4.05733
733,-353,-982,1043.52,3.79462
734,-418,-793,896.42,3.25972
735,-4,121,121.07,0.44024
736,158,306,344.38,1.25230
737,-49,-254,258.68,0.94067
738,-428,-483,645.35,2.34672
739,-575,-768,959.40,3.48873
740,-594,-725,937.26,3.40823
741,-453,-1009,1106.02,4.02191
742,-467,-668,815.05,2.96383
743,-206,236,313.26,1.13913
744,193,315,369.42,1.34336
745,463,-305,554.43,2.01611
746,3342,-1774,3783.65,13.75874
747,12639,-5775,13895.86,50.53040
748,16458,-8991,18753.77,68.19553
749,16304,-10067,19161.55,69.67835
750,12305,-7547,14435.04,52.49104
751,-5250,3270,6185.10,22.49125
752,-10937,7182,13084.31,47.57930
753,-1894,1817,2624.64,9.54414
754,2916,-1950,3507.93,12.75610
755,-422,-1120,1196.86,4.35223
756,-2601,-272,2615.18,9.50976
757,-1880,-395,1921.05,6.98563
758,-1175,-88,1178.29,4.28469
759,-568,408,699.35,2.54308
760,-615,524,807.96,2.93804
761,-1047,977,1432.04,5.20742
762,-668,834,1068.54,3.88560
763,-530,228,576.96,2.09804
764,-948,-570,1106.17,4.02242
765,-1457,-599,1575.33,5.72846
766,-1284,700,1462.41,5.31787
767,-546,2312,2375.60,8.63853
768,159,1766,1773.14,6.44779
769,222,393,451.37,1.64134
770,180,1095,1109.70,4.03526
771,-122,2758,2760.70,10.03890
772,-717,1462,1628.35,5.92128
773,-1209,-977,1554.42,5.65242
774,-836,-2083,2244.50,8.16182
775,-191,-906,925.91,3.36696
776,-238,710,748.83,2.72301
777,-1169,1461,1871.12,6.80406
778,-2791,1532,3183.82,11.57753
779,-2308,1273,2635.79,9.58469
780,-645,1498,1630.96,5.93076
781,576,1485,1592.80,5.79199
782,1247,1226,1748.74,6.35905
783,780,1225,1452.25,5.28090
784,-743,2735,2834.13,10.30591
785,-3547,4150,5459.28,19.85192
786,-4377,3176,5407.87,19.66500
787,-1731,557,1818.41,6.61240
788,222,-426,480.37,1.74682
789,655,-224,692.24,2.51725
790,826,-239,859.88,3.12684
791,576,-395,698.43,2.53974
792,179,223,285.95,1.03983
793,95,636,643.06,2.33839
794,124,906,914.45,3.32526
795,404,906,991.99,3.60725
796,233,942,970.39,3.52868
797,488,889,1014.13,3.68776
798,938,566,1095.54,3.98377
799,865,-458,978.77,3.55916
800,232,-771,805.15,2.92781
801,-71,-676,679.72,2.47170
802,-292,-267,395.67,1.43879
803,-579,-123,591.92,2.15244
804,-453,-15,453.25,1.64818
805,-549,68,553.20,2.01162
806,-862,-49,863.39,3.13961
807,-317,-41,319.64,1.16233
808,325,5,325.04,1.18196
809,74,-35,81.86,0.29767
810,-666,-55,668.27,2.43006
811,-922,-170,937.54,3.40924
812,-504,-223,551.13,2.00411
813,-316,266,413.05,1.50201
814,-411,769,871.94,3.17070
815,-1042,466,1141.46,4.15075
816,-1354,-299,1386.62,5.04226
817,-815,-385,901.36,3.27767
818,-44,132,139.14,0.50596
819,279,741,791.78,2.87921
820,-179,276,328.96,1.19623
821,-681,-289,739.79,2.69013
822,-1197,-339,1244.08,4.52392
823,-1252,-85,1254.88,4.56321
824,-824,-281,870.60,3.16580
825,-304,-250,393.59,1.43125
826,137,-99,169.03,0.61464
827,286,363,462.13,1.68048
828,-209,602,637.25,2.31727
829,-386,268,469.91,1.70878
830,-575,-281,639.99,2.32723
831,-861,-471,981.41,3.56876
832,-934,-10,934.05,3.39656
833,-791,725,1072.99,3.90178
834,-650,596,881.88,3.20684
835,-152,107,185.88,0.67594
836,-238,76,249.84,0.90851
837,-181,195,266.06,0.96748
838,-358,187,403.90,1.46872
839,-564,-121,576.83,2.09758
840,-211,-168,269.71,0.98077
841,119,116,166.18,0.60430
842,268,3,268.02,0.97461
843,-133,-348,372.55,1.35472
844,-440,-347,560.37,2.03769
845,-504,-364,621.70,2.26073
# END
# FRAME,15,RX_TS,91948582586,FP_INDEX,752.2500,FP_INT,752,RXPACC,262,RXPWR,-68.43,STD_NOISE,148.00,NTM,13,NOISE_THRESH,1924.00,PEAK_IDX,754,PEAK_AMPL,17577,START,702,elapsed_s,1.6822
sample,real,imag,amplitude,amplitude_norm
702,-21,111,112.97,0.43118
703,-216,-9,216.19,0.82514
704,-9,-60,60.67,0.23157
705,664,384,767.04,2.92764
706,933,460,1040.24,3.97036
707,946,389,1022.86,3.90404
708,384,237,451.25,1.72232
709,-554,-158,576.09,2.19882
710,-545,-89,552.22,2.10771
711,-166,156,227.80,0.86946
712,54,416,419.49,1.60111
713,275,88,288.74,1.10205
714,342,-68,348.69,1.33090
715,342,14,342.29,1.30644
716,287,75,296.64,1.13221
717,34,213,215.70,0.82327
718,-44,148,154.40,0.58932
719,-55,111,123.88,0.47282
720,209,71,220.73,0.84248
721,722,337,796.78,3.04113
722,838,492,971.76,3.70899
723,820,307,875.58,3.34193
724,244,126,274.61,1.04814
725,-677,-118,687.21,2.62293
726,-510,-146,530.49,2.02476
727,57,279,284.76,1.08688
728,230,351,419.64,1.60169
729,540,284,610.13,2.32873
730,783,224,814.41,3.10844
731,861,8,861.04,3.28640
732,310,-7,310.08,1.18351
733,-603,76,607.77,2.31973
734,-508,-148,529.12,2.01954
735,-104,-107,149.21,0.56952
736,-284,-171,331.51,1.26529
737,-789,-532,951.60,3.63207
738,-889,-464,1002.80,3.82750
739,-912,-292,957.61,3.65498
740,-489,-73,494.42,1.88709
741,311,69,318.56,1.21589
742,179,-24,180.60,0.68932
743,-420,-24,420.69,1.60567
744,-690,65,693.05,2.64525
745,-841,45,842.20,3.21452
746,-959,-105,964.73,3.68218
747,-1032,-292,1072.51,4.09357
748,-566,130,580.74,2.21656
749,243,275,366.98,1.40069
750,221,-67,230.93,0.88142
751,32,-966,966.53,3.68905
752,1736,-6063,6306.64,24.07113
753,4539,-14977,15649.70,59.73167
754,4269,-16499,17042.34,65.04710
755,3504,-16426,16795.58,64.10527
756,1402,-7417,7548.34,28.81047
757,-1810,11052,11199.23,42.74516
758,-1116,9590,9654.72,36.85006
759,369,-657,753.53,2.87608
760,22,-2992,2992.08,11.42016
761,-1470,804,1675.50,6.39506
762,-1805,1686,2469.94,9.42727
763,-1275,869,1542.98,5.88924
764,-522,906,1045.62,3.99091
765,-62,648,650.96,2.48458
766,-17,1001,1001.14,3.82116
767,104,1311,1315.12,5.01954
768,178,879,896.84,3.42306
769,-434,416,601.18,2.29456
770,-1231,460,1314.14,5.01580
771,-1196,805,1441.68,5.50259
772,248,1799,1816.01,6.93135
773,1515,1682,2263.70,8.64009
774,842,641,1058.23,4.03904
775,373,-58,377.48,1.44077
776,1371,1109,1763.38,6.73047
777,1675,1989,2600.34,9.92495
778,-189,1117,1132.88,4.32396
779,-1942,-173,1949.69,7.44157
780,-1755,-749,1908.15,7.28300
781,-322,-123,344.69,1.31562
782,471,931,1043.36,3.98229
783,-14,2271,2271.04,8.66810
784,-826,3198,3302.95,12.60668
785,-72,2049,2050.26,7.82544
786,942,1084,1436.11,5.48135
787,1565,229,1581.67,6.03689
788,1596,-174,1605.46,6.12770
789,1405,585,1521.92,5.80887
790,1329,3431,3679.40,14.04352
791,373,5591,5603.43,21.38713
792,-711,4248,4307.09,16.43927
793,-555,532,768.80,2.93434
794,33,-546,547.00,2.08777
795,263,-545,605.14,2.30969
796,253,-808,846.68,3.23162
797,157,-461,487.00,1.85878
798,436,254,504.59,1.92592
799,598,463,756.29,2.88660
800,757,451,881.16,3.36322
801,846,385,929.48,3.54765
802,853,407,945.12,3.60734
803,1034,107,1039.52,3.96764
804,719,-471,859.54,3.28067
805,-68,-782,784.95,2.99600
806,-580,-478,751.59,2.86866
807,-461,-170,491.35,1.87537
808,-392,299,493.02,1.88174
809,-423,370,561.99,2.14499
810,-306,397,501.24,1.91314
811,-434,510,669.67,2.55599
812,-550,568,790.65,3.01774
813,-12,-111,111.65,0.42613
814,238,-318,397.20,1.51603
815,-160,73,175.87,0.67125
816,-620,721,950.92,3.62945
817,-663,470,812.69,3.10188
818,-345,259,431.40,1.64657
819,130,505,521.46,1.99032
820,172,1041,1055.11,4.02715
821,-572,1098,1238.06,4.72541
822,-967,819,1267.22,4.83672
823,-432,276,512.64,1.95664
824,381,187,424.42,1.61991
825,520,340,621.29,2.37133
826,-198,298,357.78,1.36558
827,-892,358,961.16,3.66855
828,-985,827,1286.14,4.90893
829,-876,745,1149.96,4.38915
830,-719,269,767.67,2.93005
831,-357,-89,367.93,1.40430
832,155,-197,250.67,0.95674
833,568,173,593.76,2.26627
834,225,547,591.47,2.25751
835,-183,351,395.84,1.51084
836,-680,206,710.52,2.71190
837,-849,414,944.56,3.60520
838,-315,867,922.45,3.52080
839,56,934,935.68,3.57129
840,-47,639,640.73,2.44552
841,-100,90,134.54,0.51350
842,-23,196,197.34,0.75322
843,63,236,244.26,0.93231
844,-325,415,527.11,2.01189
845,-538,225,583.15,2.22578
846,-149,89,173.56,0.66243
847,190,-142,237.20,0.90534
848,-54,-261,266.53,1.01728
849,-443,-61,447.18,1.70679
850,-646,95,652.95,2.49217
851,-677,132,689.75,2.63263
# END
# FRAME,16,RX_TS,98338372119,FP_INDEX,750.5937,FP_INT,750,RXPACC,261,RXPWR,-68.60,STD_NOISE,140.00,NTM,13,NOISE_THRESH,1820.00,PEAK_IDX,752,PEAK_AMPL,17289,START,700,elapsed_s,1.7781
sample,real,imag,amplitude,amplitude_norm
700,156,-184,241.23,0.92425
701,3,176,176.03,0.67443
702,-205,116,235.54,0.90247
703,76,-261,271.84,1.04153
704,429,-843,945.88,3.62406
705,297,-909,956.29,3.66395
706,187,-466,502.12,1.92383
707,-55,552,554.73,2.12541
708,6,743,743.02,2.84684
709,138,295,325.68,1.24783
710,372,30,373.21,1.42991
711,180,-89,200.80,0.76935
712,-99,-230,250.40,0.95939
713,-23,-277,277.95,1.06495
714,56,-251,257.17,0.98533
715,201,-28,202.94,0.77755
716,180,145,231.14,0.88559
717,149,152,212.85,0.81552
718,303,81,313.64,1.20169
719,121,-564,576.83,2.21009
720,376,-829,910.28,3.48768
721,280,-814,860.81,3.29813
722,119,-399,416.37,1.59528
723,-90,674,679.98,2.60530
724,-29,747,747.56,2.86422
725,235,108,258.63,0.99092
726,305,-193,360.93,1.38289
727,288,-319,429.77,1.64664
728,157,-638,657.03,2.51737
729,-18,-660,660.25,2.52968
730,-56,-346,350.50,1.34292
731,56,522,525.00,2.01148
732,-99,629,636.74,2.43963
733,-41,216,219.86,0.84236
734,-48,226,231.04,0.88522
735,-250,695,738.60,2.82987
736,-461,1086,1179.80,4.52029
737,-280,1094,1129.26,4.32668
738,-12,693,693.10,2.65557
739,134,-340,365.45,1.40020
740,98,-322,336.58,1.28959
741,-61,328,333.62,1.27825
742,136,754,766.17,2.93551
743,8,1004,1004.03,3.84687
744,35,1080,1080.57,4.14010
745,-209,1055,1075.50,4.12070
746,19,610,610.30,2.33830
747,285,-167,330.32,1.26561
748,107,-311,328.89,1.26012
749,-376,59,380.60,1.45824
750,-3209,-511,3249.43,12.44993
751,-12218,-3051,12593.18,48.24972
752,-16415,-3389,16761.19,64.21912
753,-16503,-2489,16689.64,63.94498
754,-10267,-1226,10339.94,39.61663
755,9476,1154,9546.01,36.57475
756,12944,1247,13003.93,49.82348
757,1864,-135,1868.88,7.16047
758,-3599,-214,3605.36,13.81363
759,-496,1062,1172.12,4.49087
760,1836,1730,2522.66,9.66535
761,1307,1483,1976.75,7.57375
762,694,713,994.99,3.81222
763,445,-11,445.14,1.70550
764,939,100,944.31,3.61805
765,1453,-37,1453.47,5.56885
766,952,-162,965.69,3.69994
767,588,137,603.75,2.31322
768,390,983,1057.54,4.05187
769,727,1311,1499.08,5.74361
770,1621,99,1624.02,6.22230
771,1846,-1359,2292.29,8.78272
772,912,-1121,1445.12,5.53688
773,-141,-185,232.61,0.89121
774,348,-901,965.87,3.70065
775,1744,-2080,2714.39,10.39998
776,1475,-697,1631.39,6.25054
777,373,1573,1616.62,6.19394
778,-718,2221,2334.17,8.94319
779,-424,807,911.61,3.49274
780,631,-365,728.96,2.79296
781,1962,-334,1990.23,7.62539
782,3183,612,3241.30,12.41878
783,2695,460,2733.98,10.47500
784,1515,-645,1646.59,6.30876
785,571,-1332,1449.23,5.55260
786,-327,-1382,1420.16,5.44122
787,-129,-1067,1074.77,4.11789
788,2084,-1473,2552.02,9.77784
789,5267,-991,5359.42,20.53417
790,5258,291,5266.05,20.17642
791,1791,739,1937.47,7.42327
792,-368,254,447.15,1.71320
793,-659,-97,666.10,2.55211
794,-801,-74,804.41,3.08203
795,-609,107,618.33,2.36907
796,12,-238,238.30,0.91304
797,221,-502,548.49,2.10151
798,463,-708,845.95,3.24119
799,373,-758,844.80,3.23680
800,528,-668,851.47,3.26235
801,206,-885,908.66,3.48145
802,-407,-685,796.79,3.05283
803,-798,152,812.35,3.11244
804,-573,641,859.77,3.29415
805,-318,676,747.06,2.86230
806,191,470,507.33,1.94378
807,464,470,660.45,2.53046
808,336,325,467.46,1.79104
809,459,369,588.93,2.25645
810,695,577,903.30,3.46093
811,24,108,110.63,0.42389
812,-379,-248,452.93,1.73536
813,-157,59,167.72,0.64261
814,479,409,629.86,2.41325
815,684,743,1009.90,3.86936
816,325,464,566.50,2.17049
817,452,-17,452.32,1.73303
818,854,-271,895.97,3.43282
819,1122,342,1172.97,4.49412
820,831,989,1291.77,4.94933
821,366,748,832.74,3.19058
822,114,-56,127.01,0.48664
823,313,-640,712.44,2.72965
824,390,-14,390.25,1.49522
825,443,698,826.71,3.16748
826,874,1012,1337.17,5.12325
827,767,782,1095.36,4.19678
828,338,729,803.55,3.07872
829,-19,480,480.38,1.84052
830,-214,95,234.14,0.89708
831,13,-424,424.20,1.62528
832,523,-228,570.54,2.18597
833,501,268,568.18,2.17692
834,285,691,747.47,2.86386
835,352,1001,1061.09,4.06547
836,697,521,870.20,3.33410
837,1031,-28,1031.38,3.95165
838,830,20,830.24,3.18100
839,262,206,333.29,1.27696
840,198,228,301.97,1.15699
841,278,-33,279.95,1.07261
842,404,152,431.65,1.65382
843,391,558,681.36,2.61056
844,148,443,467.07,1.78953
845,-44,-53,68.88,0.26392
846,-113,-12,113.64,0.43538
847,-96,421,431.81,1.65443
848,108,574,584.07,2.23782
849,179,602,628.05,2.40632
# END
# FRAME,17,RX_TS,104728168279,FP_INDEX,747.4687,FP_INT,747,RXPACC,264,RXPWR,-69.08,STD_NOISE,148.00,NTM,13,NOISE_THRESH,1924.00,PEAK_IDX,750,PEAK_AMPL,16610,START,697,elapsed_s,1.8836
sample,real,imag,amplitude,amplitude_norm
697,-65,-57,86.45,0.32747
698,215,-60,223.22,0.84551
699,156,78,174.41,0.66066
700,-404,-67,409.52,1.55120
701,-861,-245,895.18,3.39083
702,-946,-163,959.94,3.63614
703,-407,-65,412.16,1.56120
704,638,8,638.05,2.41686
705,754,-115,762.72,2.88909
706,272,-180,326.17,1.23548
707,-32,-268,269.90,1.02236
708,-116,90,146.82,0.55613
709,-188,299,353.19,1.33785
710,-291,150,327.39,1.24010
711,-231,13,231.37,0.87638
712,-7,-133,133.18,0.50449
713,125,-100,160.08,0.60636
714,142,-80,162.98,0.61737
715,-39,-89,97.17,0.36807
716,-587,106,596.49,2.25945
717,-858,-151,871.19,3.29995
718,-792,-112,799.88,3.02985
719,-303,-101,319.39,1.20981
720,759,13,759.11,2.87542
721,819,69,821.90,3.11326
722,70,-161,175.56,0.66500
723,-250,-243,348.64,1.32060
724,-363,-187,408.34,1.54673
725,-688,14,688.14,2.60660
726,-773,169,791.26,2.99719
727,-380,101,393.19,1.48937
728,525,-141,543.60,2.05911
729,695,32,695.74,2.63536
730,276,72,285.24,1.08044
731,302,83,313.20,1.18636
732,842,237,874.72,3.31333
733,1115,278,1149.13,4.35278
734,1048,152,1058.97,4.01123
735,751,-15,751.15,2.84526
736,-324,-24,324.89,1.23064
737,-344,41,346.43,1.31225
738,344,114,362.40,1.37272
739,750,-159,766.67,2.90405
740,996,-78,999.05,3.78428
741,1070,-165,1082.65,4.10094
742,1094,112,1099.72,4.16560
743,617,-36,618.05,2.34110
744,-293,-164,335.78,1.27188
745,-362,41,364.31,1.37998
746,146,549,568.08,2.15183
747,-46,3915,3915.27,14.83057
748,-955,13258,13292.35,50.34981
749,-241,16502,16503.76,62.51424
750,649,16482,16494.77,62.48020
751,561,9266,9282.97,35.16275
752,-518,-10550,10562.71,40.01026
753,-1004,-12584,12623.99,47.81814
754,-401,-1116,1185.86,4.49188
755,424,3677,3701.37,14.02032
756,1226,18,1226.13,4.64444
757,1482,-2151,2612.11,9.89436
758,1240,-1438,1898.80,7.19243
759,478,-828,956.07,3.62147
760,-42,-531,532.66,2.01765
761,-71,-894,896.81,3.39703
762,-306,-1368,1401.81,5.30987
763,-360,-837,911.14,3.45127
764,87,-561,567.71,2.15040
765,908,-545,1059.00,4.01138
766,1179,-919,1494.86,5.66234
767,-214,-1615,1629.12,6.17090
768,-1703,-1435,2226.98,8.43553
769,-1198,-599,1339.40,5.07350
770,-180,227,289.71,1.09737
771,-1135,-226,1157.28,4.38364
772,-2411,-1447,2811.89,10.65110
773,-723,-1309,1495.40,5.66438
774,1641,-457,1703.45,6.45245
775,2342,490,2392.71,9.06330
776,726,352,806.83,3.05619
777,-472,-563,734.68,2.78287
778,-603,-1941,2032.51,7.69889
779,55,-3272,3272.46,12.39569
780,-109,-2541,2543.34,9.63385
781,-956,-1205,1538.17,5.82639
782,-1496,-155,1504.01,5.69700
783,-1360,567,1473.46,5.58129
784,-1175,172,1187.52,4.49819
785,-1983,-2090,2881.04,10.91303
786,-1839,-5233,5546.73,21.01034
787,-496,-5084,5108.14,19.34901
788,402,-1571,1621.62,6.14249
789,225,472,522.89,1.98063
790,-97,698,704.71,2.66935
791,18,989,989.16,3.74683
792,85,683,688.27,2.60708
793,-324,81,333.97,1.26504
794,-587,-71,591.28,2.23969
795,-834,-303,887.34,3.36112
796,-878,-144,889.73,3.37019
797,-813,-273,857.61,3.24853
798,-935,70,937.62,3.55158
799,-604,656,891.71,3.37770
800,262,893,930.64,3.52516
801,821,550,988.20,3.74319
802,782,330,848.78,3.21507
803,435,-165,465.24,1.76228
804,344,-420,542.90,2.05642
805,292,-393,489.60,1.85456
806,310,-529,613.14,2.32250
807,457,-701,836.81,3.16973
808,43,55,69.81,0.26445
809,-107,471,483.00,1.82955
810,111,143,181.02,0.68570
811,442,-426,613.87,2.32528
812,584,-649,873.07,3.30710
813,477,-363,599.41,2.27051
814,-21,-400,400.55,1.51724
815,-427,-722,838.82,3.17733
816,306,-1014,1059.17,4.01199
817,1055,-858,1359.85,5.15094
818,753,-307,813.18,3.08022
819,-142,-57,153.01,0.57959
820,-655,-199,684.56,2.59304
821,-2,-289,289.01,1.09472
822,680,-459,820.42,3.10763
823,800,-1008,1286.88,4.87455
824,625,-850,1055.05,3.99639
825,683,-458,822.35,3.11495
826,508,-96,516.99,1.95830
827,112,229,254.92,0.96561
828,-400,88,409.57,1.55138
829,-308,-444,540.37,2.04686
830,123,-470,485.83,1.84026
831,657,-270,710.32,2.69059
832,865,-447,973.67,3.68815
833,342,-718,795.29,3.01247
834,-207,-1020,1040.79,3.94240
835,-84,-777,781.53,2.96033
836,163,-192,251.86,0.95401
837,149,-182,235.21,0.89096
838,-56,-228,234.78,0.88930
839,164,-457,485.54,1.83915
840,563,-396,688.32,2.60727
841,365,-101,378.72,1.43453
842,-64,139,153.03,0.57964
843,-66,183,194.54,0.73689
844,362,-34,363.59,1.37725
845,542,-167,567.14,2.14827
846,624,-219,661.31,2.50498
# END
# FRAME,18,RX_TS,111117964428,FP_INDEX,751.7969,FP_INT,751,RXPACC,291,RXPWR,-68.88,STD_NOISE,164.00,NTM,13,NOISE_THRESH,2132.00,PEAK_IDX,754,PEAK_AMPL,19687,START,701,elapsed_s,1.9913
sample,real,imag,amplitude,amplitude_norm
701,19,280,280.64,0.96441
702,-177,29,179.36,0.61636
703,-109,-185,214.72,0.73788
704,286,294,410.16,1.40949
705,723,894,1149.77,3.95109
706,838,827,1177.36,4.04591
707,651,689,947.90,3.25740
708,-171,-139,220.37,0.75728
709,-638,-395,750.38,2.57862
710,-301,-200,361.39,1.24188
711,-161,257,303.27,1.04215
712,57,236,242.79,0.83432
713,383,41,385.19,1.32367
714,365,162,399.34,1.37229
715,408,239,472.85,1.62491
716,81,304,314.61,1.08112
717,-101,131,165.41,0.56844
718,-44,-18,47.54,0.16337
719,-2,87,87.02,0.29905
720,578,400,702.91,2.41550
721,687,835,1081.29,3.71578
722,715,731,1022.54,3.51388
723,601,518,793.43,2.72655
724,-222,-178,284.55,0.97783
725,-669,-535,856.61,2.94369
726,-258,-57,264.22,0.90798
727,36,337,338.92,1.16466
728,109,581,591.14,2.03140
729,569,612,835.65,2.87164
730,781,475,914.10,3.14125
731,699,233,736.81,2.53200
732,-288,49,292.14,1.00391
733,-580,-323,663.87,2.28135
734,-99,-239,258.69,0.88898
735,-17,-217,217.66,0.74799
736,-378,-556,672.32,2.31039
737,-681,-952,1170.50,4.02233
738,-753,-816,1110.34,3.81562
739,-761,-616,979.07,3.36450
740,16,106,107.20,0.36839
741,312,345,465.15,1.59847
742,-79,-170,187.46,0.64419
743,-671,-248,715.36,2.45829
744,-891,-468,1006.43,3.45853
745,-925,-470,1037.56,3.56549
746,-801,-752,1098.68,3.77554
747,-751,-609,966.89,3.32266
748,-244,221,329.21,1.13129
749,258,355,438.85,1.50807
750,208,-304,368.35,1.26580
751,1781,-2467,3042.70,10.45603
752,8985,-9955,13410.16,46.08301
753,13091,-15631,20388.78,70.06454
754,12743,-16468,20822.56,71.55520
755,10033,-13924,17162.13,58.97641
756,-2136,3350,3973.03,13.65304
757,-8011,12027,14450.77,49.65902
758,-1971,3831,4308.29,14.80514
759,1921,-2963,3531.23,12.13482
760,-423,-1332,1397.55,4.80259
761,-2524,801,2648.05,9.09983
762,-2089,557,2161.98,7.42949
763,-1283,338,1326.78,4.55937
764,-553,725,911.83,3.13344
765,-327,680,754.54,2.59292
766,-537,1283,1390.85,4.77955
767,-358,1157,1211.12,4.16193
768,-379,594,704.61,2.42134
769,-1045,-119,1051.75,3.61427
770,-1632,-16,1632.08,5.60852
771,-1073,955,1436.44,4.93621
772,151,2534,2538.50,8.72335
773,814,1930,2094.64,7.19806
774,303,446,539.19,1.85288
775,728,623,958.18,3.29272
776,1145,2689,2922.63,10.04339
777,160,2019,2025.33,6.95990
778,-1407,-148,1414.76,4.86173
779,-1869,-1585,2450.59,8.42127
780,-765,-1062,1308.84,4.49774
781,17,400,400.36,1.37581
782,-293,1700,1725.06,5.92806
783,-1779,2678,3215.05,11.04827
784,-1772,2455,3027.71,10.40449
785,-62,1830,1831.05,6.29227
786,1143,1294,1726.52,5.93307
787,1837,773,1993.01,6.84884
788,1443,740,1621.68,5.57279
789,698,2471,2567.69,8.82369
790,-1334,5382,5544.86,19.05450
791,-2842,5352,6059.77,20.82397
792,-1714,1820,2500.04,8.59120
793,-103,-477,487.99,1.67695
794,415,-475,630.75,2.16754
795,577,-601,833.14,2.86304
796,464,-625,778.41,2.67495
797,355,122,375.38,1.28996
798,518,514,729.74,2.50770
799,587,732,938.29,3.22437
800,680,761,1020.55,3.50704
801,556,907,1063.85,3.65586
802,790,754,1092.07,3.75282
803,1087,211,1107.29,3.80512
804,603,-853,1044.61,3.58974
805,-105,-919,924.98,3.17862
806,-428,-683,806.02,2.76984
807,-384,-171,420.35,1.44451
808,-528,181,558.16,1.91808
809,-443,160,471.01,1.61859
810,-504,224,551.54,1.89531
811,-830,206,855.18,2.93877
812,-252,135,285.88,0.98242
813,437,-146,460.74,1.58331
814,180,-142,229.27,0.78786
815,-530,225,575.78,1.97863
816,-916,326,972.28,3.34117
817,-595,92,602.07,2.06897
818,-276,386,474.52,1.63066
819,-44,970,971.00,3.33676
820,-830,1030,1322.80,4.54570
821,-1489,358,1531.43,5.26265
822,-1153,-49,1154.04,3.96578
823,-116,188,220.91,0.75913
824,592,636,868.88,2.98586
825,6,423,423.04,1.45375
826,-748,39,749.02,2.57394
827,-1294,80,1296.47,4.45523
828,-1253,545,1366.39,4.69551
829,-1089,122,1095.81,3.76568
830,-628,-87,634.00,2.17869
831,48,-139,147.05,0.50534
832,434,264,507.99,1.74566
833,83,691,695.97,2.39164
834,-340,432,549.75,1.88917
835,-591,-38,592.22,2.03512
836,-982,-199,1001.96,3.44316
837,-906,324,962.19,3.30650
838,-448,1004,1099.42,3.77807
839,-371,969,1037.59,3.56562
840,-175,199,265.00,0.91066
841,-173,8,173.18,0.59514
842,-6,255,255.07,0.87653
843,-192,342,392.21,1.34780
844,-608,199,639.74,2.19841
845,-431,-81,438.55,1.50703
846,81,-5,81.15,0.27888
847,214,-101,236.64,0.81319
848,-154,-332,365.98,1.25766
849,-411,-231,471.47,1.62016
850,-557,-149,576.58,1.98139
# END
# FRAME,19,RX_TS,117507760533,FP_INDEX,748.0625,FP_INT,748,RXPACC,264,RXPWR,-68.63,STD_NOISE,140.00,NTM,13,NOISE_THRESH,1820.00,PEAK_IDX,750,PEAK_AMPL,17276,START,698,elapsed_s,2.0858
sample,real,imag,amplitude,amplitude_norm
698,-155,-60,166.21,0.62957
699,82,-222,236.66,0.89644
700,36,157,161.07,0.61013
701,-327,811,874.44,3.31228
702,-313,983,1031.63,3.90768
703,-224,873,901.28,3.41394
704,24,-50,55.46,0.21008
705,93,-703,709.12,2.68608
706,77,-449,455.55,1.72559
707,-344,-150,375.28,1.42152
708,-251,111,274.45,1.03958
709,191,309,363.27,1.37601
710,171,342,382.37,1.44836
711,-33,382,383.42,1.45236
712,-118,131,176.31,0.66784
713,-87,-99,131.80,0.49922
714,-37,-94,101.02,0.38265
715,-174,-69,187.18,0.70902
716,-68,317,324.21,1.22807
717,-228,788,820.32,3.10728
718,-362,837,911.93,3.45427
719,-158,710,727.37,2.75518
720,24,-195,196.47,0.74421
721,136,-798,809.51,3.06631
722,47,-292,295.76,1.12030
723,-215,227,312.66,1.18430
724,-274,317,419.00,1.58714
725,-106,640,648.72,2.45727
726,-61,819,821.27,3.11087
727,63,704,706.81,2.67732
728,-60,-162,172.75,0.65437
729,95,-718,724.26,2.74340
730,185,-376,419.05,1.58730
731,128,-130,182.44,0.69106
732,144,-432,455.37,1.72488
733,512,-886,1023.30,3.87613
734,358,-930,996.53,3.77472
735,261,-889,926.52,3.50955
736,-49,-2,49.04,0.18576
737,-141,543,561.01,2.12503
738,83,37,90.87,0.34422
739,23,-584,584.45,2.21384
740,54,-836,837.74,3.17327
741,28,-930,930.42,3.52432
742,199,-915,936.39,3.54693
743,297,-915,961.99,3.64392
744,-169,-134,215.68,0.81696
745,-170,372,409.00,1.54926
746,135,206,246.29,0.93293
747,1465,184,1476.51,5.59284
748,8113,2210,8408.62,31.85083
749,15801,4039,16309.05,61.77670
750,16477,3350,16814.10,63.68978
751,15202,2330,15379.52,58.25576
752,-1756,-238,1772.06,6.71233
753,-14466,-1832,14581.54,55.23311
754,-6768,-332,6776.14,25.66719
755,2598,453,2637.20,9.98939
756,2311,-414,2347.79,8.89314
757,-1231,-1599,2017.96,7.64379
758,-1670,-1649,2346.93,8.88990
759,-856,-960,1286.21,4.87201
760,-550,-126,564.25,2.13730
761,-533,-17,533.27,2.01997
762,-1229,-21,1229.18,4.65598
763,-1079,201,1097.56,4.15743
764,-715,201,742.72,2.81332
765,-347,-587,681.89,2.58293
766,-509,-1314,1409.14,5.33765
767,-1109,-826,1382.81,5.23791
768,-1974,893,2166.59,8.20679
769,-1352,1632,2119.28,8.02756
770,-309,583,659.83,2.49934
771,109,562,572.47,2.16846
772,-1339,1891,2317.07,8.77677
773,-1796,1568,2384.16,9.03093
774,-864,-660,1087.24,4.11834
775,479,-2354,2402.24,9.09939
776,768,-1469,1657.64,6.27896
777,-86,-25,89.56,0.33924
778,-1256,553,1372.35,5.19830
779,-2694,-97,2695.75,10.21116
780,-3250,-604,3305.65,12.52140
781,-1823,387,1863.63,7.05919
782,-909,1251,1546.38,5.85749
783,50,1718,1718.73,6.51033
784,369,1202,1257.36,4.76274
785,-724,1370,1549.54,5.86947
786,-4321,1211,4487.49,16.99807
787,-5749,79,5749.54,21.77857
788,-3452,-640,3510.83,13.29859
789,-110,-398,412.92,1.56410
790,678,28,678.58,2.57037
791,794,212,821.82,3.11294
792,854,25,854.37,3.23623
793,270,206,339.61,1.28641
794,2,516,516.00,1.95456
795,-227,717,752.08,2.84877
796,-276,866,908.92,3.44287
797,-444,802,916.70,3.47235
798,-392,837,924.25,3.50094
799,142,906,917.06,3.47371
800,702,154,718.69,2.72232
801,748,-458,877.08,3.32227
802,601,-670,900.06,3.40930
803,171,-351,390.44,1.47893
804,-287,-300,415.17,1.57263
805,-290,-296,414.39,1.56965
806,-313,-327,452.66,1.71461
807,-514,-635,816.96,3.09454
808,-263,-289,390.76,1.48014
809,316,257,407.31,1.54286
810,390,180,429.53,1.62703
811,-133,-179,223.00,0.84471
812,-505,-536,736.42,2.78949
813,-381,-567,683.12,2.58757
814,-378,-217,435.86,1.65098
815,-557,250,610.53,2.31262
816,-985,-80,988.24,3.74335
817,-821,-951,1256.36,4.75894
818,-475,-1060,1161.56,4.39985
819,-100,-309,324.78,1.23022
820,-201,645,675.59,2.55906
821,-303,407,507.40,1.92198
822,-264,-348,436.81,1.65457
823,-539,-1020,1153.66,4.36991
824,-899,-826,1220.85,4.62444
825,-492,-799,938.33,3.55428
826,-133,-625,638.99,2.42043
827,229,-255,342.73,1.29823
828,253,311,400.91,1.51860
829,-185,495,528.44,2.00167
830,-495,82,501.75,1.90055
831,-255,-332,418.63,1.58571
832,-207,-762,789.62,2.99097
833,-438,-785,898.93,3.40503
834,-970,-84,973.63,3.68799
835,-965,87,968.91,3.67013
836,-470,-38,471.53,1.78611
837,-56,-131,142.47,0.53965
838,-189,25,190.65,0.72214
839,-338,85,348.52,1.32017
840,-486,-442,656.93,2.48838
841,-162,-539,562.82,2.13189
842,23,-11,25.50,0.09657
843,77,216,229.31,0.86861
844,209,-152,258.43,0.97889
845,58,-457,460.67,1.74495
846,-11,-538,538.11,2.03830
847,-105,-546,556.00,2.10608
# END
# FRAME,20,RX_TS,123897556623,FP_INDEX,751.8437,FP_INT,751,RXPACC,296,RXPWR,-69.03,STD_NOISE,168.00,NTM,13,NOISE_THRESH,2184.00,PEAK_IDX,754,PEAK_AMPL,19865,START,701,elapsed_s,2.1804
sample,real,imag,amplitude,amplitude_norm
701,-96,-142,171.41,0.57907
702,231,73,242.26,0.81845
703,227,229,322.44,1.08934
704,-225,-212,309.14,1.04440
705,-582,-870,1046.72,3.53622
706,-722,-797,1075.40,3.63312
707,-608,-693,921.91,3.11455
708,148,208,255.28,0.86243
709,689,483,841.43,2.84268
710,377,272,464.88,1.57054
711,282,-174,331.36,1.11946
712,-33,-219,221.47,0.74822
713,-318,22,318.76,1.07689
714,-272,-61,278.76,0.94174
715,-287,-120,311.08,1.05094
716,3,-214,214.02,0.72304
717,196,-84,213.24,0.72041
718,161,60,171.82,0.58046
719,225,-30,226.99,0.76686
720,-407,-293,501.50,1.69424
721,-569,-809,989.06,3.34142
722,-621,-761,982.22,3.31832
723,-489,-609,781.03,2.63860
724,260,209,333.59,1.12699
725,676,646,935.04,3.15890
726,235,116,262.07,0.88537
727,49,-348,351.43,1.18727
728,-108,-515,526.20,1.77771
729,-500,-511,714.93,2.41529
730,-678,-474,827.26,2.79480
731,-668,-170,689.29,2.32869
732,302,60,307.90,1.04021
733,709,478,855.08,2.88879
734,237,358,429.34,1.45047
735,120,286,310.15,1.04782
736,443,713,839.42,2.83586
737,764,1054,1301.77,4.39788
738,826,916,1233.42,4.16697
739,832,805,1157.69,3.91112
740,58,68,89.38,0.30194
741,-321,-282,427.28,1.44350
742,77,170,186.63,0.63049
743,686,286,743.23,2.51091
744,919,549,1070.50,3.61654
745,1052,562,1192.71,4.02941
746,870,855,1219.81,4.12096
747,857,681,1094.63,3.69807
748,296,-118,318.65,1.07653
749,-222,-236,324.01,1.09462
750,-135,374,397.62,1.34331
751,-1733,2380,2944.09,9.94626
752,-9155,9560,13236.60,44.71825
753,-13795,15495,20746.01,70.08788
754,-13529,16494,21332.74,72.07008
755,-10911,14359,18034.16,60.92620
756,1714,-2502,3032.79,10.24590
757,8627,-12099,14859.71,50.20172
758,2397,-4213,4847.16,16.37555
759,-1990,2906,3522.06,11.89887
760,339,1550,1586.64,5.36026
761,2622,-613,2692.70,9.09697
762,2269,-395,2303.13,7.78083
763,1486,-137,1492.30,5.04156
764,701,-551,891.63,3.01226
765,467,-583,746.98,2.52358
766,713,-1217,1410.48,4.76514
767,466,-1091,1186.35,4.00795
768,374,-568,680.07,2.29755
769,991,155,1003.05,3.38868
770,1660,124,1664.62,5.62373
771,1250,-884,1531.00,5.17229
772,201,-2560,2567.88,8.67527
773,-574,-1967,2049.04,6.92243
774,-181,-339,384.29,1.29829
775,-628,-491,797.16,2.69311
776,-916,-2629,2784.01,9.40543
777,-50,-2111,2111.59,7.13376
778,1422,134,1428.30,4.82534
779,1881,1721,2549.51,8.61321
780,938,1210,1530.99,5.17228
781,140,-369,394.67,1.33333
782,496,-1659,1731.56,5.84986
783,1961,-2585,3244.65,10.96165
784,2023,-2488,3206.66,10.83331
785,226,-1726,1740.73,5.88086
786,-959,-1236,1564.41,5.28517
787,-1681,-782,1853.99,6.26349
788,-1416,-682,1571.68,5.30973
789,-530,-2439,2495.92,8.43217
790,1680,-5447,5700.19,19.25741
791,3244,-5368,6272.08,21.18945
792,1997,-1804,2691.18,9.09181
793,75,457,463.11,1.56457
794,-398,622,738.44,2.49472
795,-491,623,793.23,2.67982
796,-405,642,759.07,2.56443
797,-303,-138,332.95,1.12482
798,-458,-496,675.11,2.28079
799,-463,-768,896.77,3.02962
800,-568,-733,927.31,3.13282
801,-461,-900,1011.20,3.41621
802,-694,-779,1043.30,3.52467
803,-1015,-302,1058.98,3.57762
804,-550,852,1014.10,3.42602
805,127,1049,1056.66,3.56980
806,401,797,892.19,3.01417
807,355,313,473.28,1.59892
808,590,-34,590.98,1.99655
809,525,-33,526.04,1.77715
810,530,-169,556.29,1.87937
811,936,-181,953.34,3.22074
812,435,-110,448.69,1.51585
813,-386,218,443.31,1.49765
814,-103,235,256.58,0.86683
815,506,-27,506.72,1.71189
816,1001,-256,1033.22,3.49060
817,757,-20,757.26,2.55832
818,442,-267,516.38,1.74454
819,255,-772,813.02,2.74670
820,868,-898,1248.93,4.21936
821,1478,-261,1500.87,5.07050
822,1210,98,1213.96,4.10122
823,331,-71,338.53,1.14368
824,-498,-562,750.90,2.53682
825,-49,-377,380.17,1.28436
826,785,1,785.00,2.65203
827,1418,35,1418.43,4.79200
828,1418,-421,1479.18,4.99722
829,1132,-36,1132.57,3.82626
830,679,200,707.84,2.39136
831,55,272,277.50,0.93752
832,-423,-190,463.71,1.56660
833,-144,-628,644.30,2.17668
834,296,-360,466.06,1.57454
835,609,74,613.48,2.07257
836,1004,200,1023.73,3.45854
837,1004,-271,1039.93,3.51328
838,563,-1012,1158.06,3.91238
839,523,-895,1036.61,3.50205
840,285,-154,323.95,1.09441
841,182,-20,183.10,0.61857
842,92,-183,204.82,0.69197
843,178,-215,279.12,0.94298
844,641,-60,643.80,2.17501
845,562,197,595.53,2.01192
846,61,88,107.07,0.36174
847,-202,221,299.41,1.01151
848,220,421,475.02,1.60479
849,551,251,605.48,2.04553
850,678,237,718.23,2.42645
# END
# FRAME,21,RX_TS,130287301462,FP_INDEX,746.5625,FP_INT,746,RXPACC,262,RXPWR,-68.38,STD_NOISE,148.00,NTM,13,NOISE_THRESH,1924.00,PEAK_IDX,749,PEAK_AMPL,17817,START,696,elapsed_s,2.2797
sample,real,imag,amplitude,amplitude_norm
696,143,124,189.27,0.72242
697,-75,206,219.23,0.83675
698,-121,82,146.17,0.55789
699,390,-28,391.00,1.49238
700,974,9,974.04,3.71772
701,972,-93,976.44,3.72687
702,725,30,725.62,2.76954
703,-255,99,273.54,1.04406
704,-591,277,652.69,2.49120
705,-220,220,311.13,1.18751
706,153,413,440.43,1.68103
707,219,110,245.07,0.93539
708,223,-217,311.16,1.18762
709,302,-133,329.99,1.25950
710,315,-79,324.76,1.23952
711,175,146,227.91,0.86987
712,53,216,222.41,0.84888
713,-16,84,85.51,0.32637
714,100,93,136.56,0.52123
715,608,-218,645.90,2.46527
716,900,-18,900.18,3.43580
717,809,-38,809.89,3.09119
718,556,-40,557.44,2.12762
719,-410,127,429.22,1.63824
720,-634,230,674.43,2.57416
721,-32,247,249.06,0.95063
722,345,267,436.25,1.66508
723,479,196,517.55,1.97538
724,694,-62,696.76,2.65940
725,726,-288,781.04,2.98106
726,409,-194,452.68,1.72778
727,-217,396,451.56,1.72351
728,-557,226,601.10,2.29429
729,-266,-44,269.61,1.02906
730,-270,-56,275.75,1.05247
731,-730,10,730.07,2.78652
732,-1077,17,1077.13,4.11120
733,-1049,117,1055.50,4.02864
734,-853,235,884.78,3.37702
735,118,36,123.37,0.47088
736,388,-39,389.96,1.48838
737,-244,44,247.94,0.94632
738,-578,384,693.93,2.64859
739,-820,466,943.16,3.59986
740,-890,453,998.65,3.81165
741,-1000,229,1025.89,3.91559
742,-731,292,787.16,3.00444
743,103,311,327.61,1.25043
744,276,38,278.60,1.06337
745,-193,-376,422.64,1.61313
746,-958,-3429,3560.31,13.58897
747,-2679,-12863,13139.02,50.14893
748,-4652,-16452,17097.06,65.25594
749,-5633,-16384,17325.30,66.12711
750,-4277,-12338,13058.29,49.84081
751,1998,5695,6035.31,23.03555
752,4337,11534,12322.45,47.03225
753,1206,2130,2447.72,9.34244
754,-1216,-2972,3211.14,12.25627
755,-1061,170,1074.53,4.10127
756,-695,2291,2394.10,9.13778
757,-689,1674,1810.25,6.90934
758,-326,1108,1154.96,4.40826
759,199,727,753.74,2.87689
760,284,707,761.91,2.90805
761,680,1231,1406.33,5.36767
762,609,797,1003.04,3.82840
763,117,562,574.05,2.19103
764,-725,842,1111.12,4.24092
765,-834,1281,1528.57,5.83423
766,397,1473,1525.56,5.82275
767,1965,1386,2404.63,9.17796
768,1530,546,1624.50,6.20040
769,316,-43,318.91,1.21722
770,1053,-87,1056.59,4.03278
771,2538,674,2625.97,10.02279
772,1173,1031,1561.69,5.96067
773,-1152,981,1513.10,5.77518
774,-2125,412,2164.57,8.26172
775,-998,62,999.92,3.81650
776,537,472,714.95,2.72882
777,1059,1503,1838.61,7.01760
778,1010,2954,3121.89,11.91562
779,903,2371,2537.13,9.68372
780,1412,848,1647.07,6.28654
781,1597,-294,1623.84,6.19785
782,1516,-867,1746.41,6.66568
783,1362,-461,1437.90,5.48818
784,2311,1390,2696.82,10.29319
785,3144,4304,5330.02,20.34360
786,2120,4787,5235.43,19.98257
787,189,1776,1786.03,6.81690
788,-360,-273,451.81,1.72445
789,-132,-575,589.96,2.25174
790,-200,-638,668.61,2.55196
791,-297,-521,599.71,2.28896
792,312,-101,327.94,1.25168
793,635,-60,637.83,2.43446
794,856,105,862.42,3.29166
795,903,-24,903.32,3.44778
796,907,90,911.45,3.47883
797,960,-253,992.78,3.78923
798,676,-704,976.01,3.72522
799,-372,-829,908.64,3.46809
800,-796,-265,838.95,3.20211
801,-651,-11,651.09,2.48509
802,-248,215,328.22,1.25275
803,-231,495,546.25,2.08491
804,-144,451,473.43,1.80699
805,-178,501,531.68,2.02932
806,-313,730,794.27,3.03157
807,-99,161,189.00,0.72138
808,118,-422,438.19,1.67247
809,-25,-120,122.58,0.46785
810,-138,585,601.06,2.29411
811,-310,813,870.10,3.32098
812,-289,561,631.06,2.40864
813,93,482,490.89,1.87363
814,542,649,845.56,3.22731
815,92,1148,1151.68,4.39573
816,-582,1272,1398.82,5.33902
817,-508,731,890.18,3.39764
818,113,236,261.66,0.99870
819,738,84,742.77,2.83498
820,294,299,419.33,1.60049
821,-341,635,720.77,2.75102
822,-510,1007,1128.78,4.30833
823,-336,1120,1169.31,4.46303
824,-509,766,919.69,3.51028
825,-418,255,489.64,1.86886
826,-124,-148,193.08,0.73695
827,489,-150,511.49,1.95225
828,466,352,584.00,2.22902
829,-2,495,495.00,1.88933
830,-319,469,567.21,2.16491
831,-506,655,827.68,3.15910
832,-85,919,922.92,3.52261
833,537,891,1040.31,3.97066
834,373,744,832.26,3.17658
835,-29,160,162.61,0.62064
836,-74,184,198.32,0.75696
837,139,232,270.45,1.03226
838,44,397,399.43,1.52455
839,-281,502,575.30,2.19578
840,-297,247,386.29,1.47438
841,6,-91,91.20,0.34808
842,-23,-205,206.29,0.78735
843,-377,6,377.05,1.43911
844,-446,309,542.58,2.07093
845,-493,429,653.52,2.49436
# END
# FRAME,22,RX_TS,136677164048,FP_INDEX,749.8594,FP_INT,749,RXPACC,294,RXPWR,-68.99,STD_NOISE,160.00,NTM,13,NOISE_THRESH,2080.00,PEAK_IDX,752,PEAK_AMPL,19736,START,699,elapsed_s,2.3920
sample,real,imag,amplitude,amplitude_norm
699,-23,-189,190.39,0.64760
700,270,-15,270.42,0.91978
701,189,228,296.15,1.00731
702,-212,-157,263.80,0.89730
703,-564,-760,946.41,3.21909
704,-657,-701,960.75,3.26787
705,-579,-612,842.49,2.86560
706,133,190,231.92,0.78886
707,690,465,832.06,2.83014
708,393,246,463.64,1.57702
709,272,-201,338.21,1.15037
710,-34,-227,229.53,0.78072
711,-253,5,253.05,0.86071
712,-271,-78,282.00,0.95919
713,-302,-76,311.42,1.05924
714,-98,-184,208.47,0.70908
715,135,-46,142.62,0.48511
716,80,107,133.60,0.45442
717,156,-12,156.46,0.53218
718,-444,-300,535.85,1.82262
719,-532,-805,964.91,3.28200
720,-614,-739,960.79,3.26799
721,-498,-531,727.99,2.47615
722,340,261,428.63,1.45791
723,709,577,914.12,3.10924
724,284,105,302.79,1.02989
725,-23,-358,358.74,1.22020
726,-90,-429,438.34,1.49095
727,-470,-468,663.27,2.25601
728,-697,-421,814.28,2.76966
729,-630,-218,666.65,2.26752
730,376,40,378.12,1.28613
731,769,452,892.00,3.03402
732,243,370,442.66,1.50565
733,152,379,408.34,1.38893
734,401,675,785.13,2.67050
735,718,1002,1232.69,4.19283
736,771,837,1137.99,3.87070
737,765,761,1079.05,3.67023
738,161,2,161.01,0.54766
739,-232,-336,408.31,1.38882
740,134,161,209.47,0.71248
741,725,358,808.57,2.75025
742,941,503,1067.00,3.62925
743,976,550,1120.30,3.81055
744,915,810,1222.02,4.15652
745,821,656,1050.89,3.57447
746,322,-176,366.96,1.24816
747,-202,-227,303.86,1.03355
748,-129,358,380.53,1.29433
749,-1579,2339,2822.08,9.59893
750,-8729,9490,12894.01,43.85718
751,-13446,15534,20545.07,69.88120
752,-13143,16466,21068.17,71.66043
753,-10573,14383,17851.02,60.71777
754,1789,-2600,3156.03,10.73479
755,8458,-12157,14809.81,50.37350
756,2324,-4131,4739.85,16.12192
757,-1915,2922,3493.61,11.88303
758,271,1567,1590.26,5.40905
759,2561,-679,2649.48,9.01185
760,2211,-458,2257.94,7.68006
761,1309,-243,1331.36,4.52845
762,612,-593,852.17,2.89854
763,374,-577,687.61,2.33880
764,640,-1246,1400.76,4.76447
765,434,-1117,1198.35,4.07602
766,355,-591,689.42,2.34498
767,1024,147,1034.50,3.51870
768,1623,70,1624.51,5.52554
769,1159,-872,1450.40,4.93334
770,16,-2429,2429.05,8.26208
771,-620,-1898,1996.70,6.79149
772,-147,-327,358.52,1.21946
773,-563,-521,767.08,2.60911
774,-1037,-2694,2886.69,9.81869
775,-135,-2086,2090.36,7.11008
776,1497,141,1503.63,5.11437
777,2014,1685,2625.91,8.93168
778,976,1114,1481.07,5.03766
779,118,-497,510.82,1.73747
780,384,-1814,1854.20,6.30680
781,1797,-2639,3192.73,10.85963
782,1875,-2406,3050.32,10.37524
783,177,-1794,1802.71,6.13167
784,-999,-1253,1602.50,5.45068
785,-1703,-790,1877.31,6.38542
786,-1420,-617,1548.25,5.26617
787,-638,-2379,2463.06,8.37777
788,1435,-5316,5506.28,18.72883
789,3015,-5434,6214.38,21.13736
790,1908,-1913,2701.86,9.18999
791,109,472,484.42,1.64770
792,-340,582,674.04,2.29264
793,-411,582,712.49,2.42344
794,-278,670,725.39,2.46730
795,-219,-66,228.73,0.77799
796,-435,-425,608.15,2.06855
797,-455,-722,853.41,2.90276
798,-613,-636,883.33,3.00451
799,-412,-768,871.53,2.96439
800,-732,-678,997.75,3.39371
801,-1049,-245,1077.23,3.66405
802,-572,827,1005.54,3.42021
803,115,1082,1088.09,3.70100
804,451,851,963.12,3.27592
805,407,241,473.00,1.60885
806,658,-14,658.15,2.23860
807,583,-63,586.39,1.99454
808,592,-148,610.22,2.07558
809,916,-100,921.44,3.13416
810,440,67,445.07,1.51385
811,-437,265,511.07,1.73834
812,-229,222,318.94,1.08484
813,483,-44,485.00,1.64966
814,995,-203,1015.50,3.45407
815,783,-5,783.02,2.66332
816,419,-250,487.91,1.65957
817,217,-746,776.92,2.64259
818,821,-858,1187.52,4.03919
819,1471,-244,1491.10,5.07177
820,1207,54,1208.21,4.10955
821,211,-149,258.31,0.87859
822,-461,-603,759.03,2.58174
823,-40,-429,430.86,1.46551
824,738,0,738.00,2.51020
825,1322,-30,1322.34,4.49776
826,1317,-444,1389.83,4.72731
827,1119,-46,1119.95,3.80934
828,721,176,742.17,2.52439
829,65,246,254.44,0.86545
830,-407,-143,431.39,1.46732
831,-84,-601,606.84,2.06409
832,320,-396,509.13,1.73174
833,623,77,627.74,2.13517
834,1021,100,1025.89,3.48941
835,968,-333,1023.68,3.48189
836,551,-993,1135.63,3.86268
837,478,-826,954.34,3.24605
838,272,-123,298.52,1.01537
839,210,7,210.12,0.71468
840,63,-215,224.04,0.76204
841,165,-278,323.28,1.09959
842,622,-85,627.78,2.13531
843,580,99,588.39,2.00132
844,36,55,65.73,0.22359
845,-140,155,208.87,0.71043
846,243,398,466.32,1.58612
847,575,300,648.56,2.20597
848,654,245,698.38,2.37546
# END
# FRAME,23,RX_TS,143066960036,FP_INDEX,752.5312,FP_INT,752,RXPACC,273,RXPWR,-68.24,STD_NOISE,156.00,NTM,13,NOISE_THRESH,2028.00,PEAK_IDX,754,PEAK_AMPL,18713,START,702,elapsed_s,2.4872
sample,real,imag,amplitude,amplitude_norm
702,152,6,152.12,0.55721
703,-18,236,236.69,0.86698
704,-152,95,179.25,0.65658
705,349,-353,496.40,1.81830
706,741,-699,1018.67,3.73138
707,615,-761,978.44,3.58403
708,279,-326,429.09,1.57175
709,-271,540,604.19,2.21314
710,-169,701,721.08,2.64133
711,78,328,337.15,1.23497
712,327,130,351.89,1.28899
713,205,-153,255.80,0.93700
714,21,-336,336.66,1.23317
715,133,-301,329.07,1.20540
716,256,-121,283.16,1.03720
717,163,148,220.17,0.80647
718,129,269,298.33,1.09279
719,85,140,163.78,0.59994
720,201,9,201.20,0.73700
721,311,-560,640.56,2.34638
722,686,-662,953.33,3.49205
723,586,-669,889.36,3.25772
724,203,-197,282.87,1.03617
725,-311,720,784.30,2.87288
726,-336,741,813.62,2.98029
727,247,97,265.36,0.97203
728,470,-71,475.33,1.74114
729,432,-261,504.72,1.84880
730,387,-605,718.19,2.63073
731,294,-789,842.00,3.08423
732,76,-318,326.96,1.19764
733,-99,669,676.29,2.47724
734,-243,599,646.41,2.36781
735,-119,209,240.50,0.88097
736,-115,261,285.21,1.04473
737,-532,686,868.11,3.17990
738,-778,930,1212.51,4.44143
739,-568,919,1080.36,3.95738
740,-161,656,675.47,2.47424
741,314,-289,426.75,1.56319
742,156,-306,343.47,1.25813
743,-219,276,352.33,1.29059
744,-149,738,752.89,2.75784
745,-249,940,972.42,3.56198
746,-309,1009,1055.25,3.86540
747,-615,940,1123.31,4.11469
748,-168,626,648.15,2.37418
749,332,-100,346.73,1.27009
750,182,-230,293.30,1.07435
751,-492,-79,498.30,1.82528
752,-3690,-2076,4233.90,15.50878
753,-12469,-7855,14736.93,53.98141
754,-16307,-9430,18837.28,69.00103
755,-16477,-8549,18562.78,67.99554
756,-8039,-3824,8902.16,32.60865
757,10582,4855,11642.58,42.64682
758,11697,4993,12718.09,46.58642
759,786,34,786.74,2.88181
760,-3480,-1226,3689.64,13.51518
761,-399,1314,1373.24,5.03020
762,1285,2398,2720.59,9.96554
763,747,1773,1923.94,7.04739
764,622,812,1022.85,3.74671
765,646,253,693.78,2.54130
766,1020,408,1098.57,4.02408
767,1371,350,1414.97,5.18304
768,951,70,953.57,3.49294
769,519,400,655.26,2.40021
770,82,1267,1269.65,4.65074
771,472,1706,1770.09,6.48385
772,2240,876,2405.20,8.81025
773,2825,-543,2876.71,10.53741
774,1390,-795,1601.29,5.86553
775,-216,-475,521.81,1.91138
776,705,-1090,1298.12,4.75503
777,2511,-1414,2881.76,10.55588
778,1584,142,1590.35,5.82547
779,-370,1821,1858.21,6.80663
780,-1664,1890,2518.13,9.22393
781,-563,573,803.30,2.94251
782,988,-128,996.26,3.64929
783,2252,384,2284.50,8.36815
784,3118,1561,3486.92,12.77262
785,2317,907,2488.20,9.11428
786,1565,-410,1617.81,5.92606
787,852,-1300,1554.32,5.69347
788,72,-1524,1525.70,5.58864
789,434,-1219,1293.95,4.73976
790,3057,-739,3145.05,11.52035
791,5707,907,5778.62,21.16712
792,4842,2023,5247.62,19.22204
793,1140,1051,1550.55,5.67967
794,-535,14,535.18,1.96038
795,-541,-316,626.53,2.29497
796,-675,-238,715.73,2.62172
797,-414,24,414.70,1.51903
798,230,-277,360.04,1.31883
799,429,-444,617.40,2.26152
800,670,-585,889.45,3.25807
801,700,-598,920.65,3.37236
802,747,-546,925.27,3.38927
803,462,-903,1014.32,3.71547
804,-304,-767,825.05,3.02216
805,-966,-84,969.65,3.55181
806,-760,572,951.20,3.48425
807,-472,642,796.84,2.91881
808,42,475,476.85,1.74672
809,211,574,611.55,2.24012
810,158,405,434.73,1.59241
811,393,511,644.65,2.36135
812,472,665,815.48,2.98711
813,-138,-69,154.29,0.56516
814,-345,-502,609.12,2.23121
815,-186,-11,186.32,0.68251
816,197,629,659.13,2.41439
817,238,909,939.64,3.44191
818,173,682,703.60,2.57729
819,471,146,493.11,1.80626
820,1037,0,1037.00,3.79853
821,893,781,1186.34,4.34558
822,442,1358,1428.12,5.23121
823,-13,803,803.11,2.94178
824,184,-143,233.03,0.85361
825,612,-562,830.90,3.04357
826,352,109,368.49,1.34978
827,199,875,897.34,3.28697
828,553,1227,1345.86,4.92989
829,498,1021,1135.98,4.16109
830,156,945,957.79,3.50839
831,-84,436,444.02,1.62644
832,-230,-153,276.24,1.01187
833,194,-471,509.39,1.86589
834,586,-76,590.91,2.16450
835,399,315,508.36,1.86211
836,63,706,708.81,2.59636
837,125,1031,1038.55,3.80421
838,643,678,934.42,3.42277
839,1046,202,1065.33,3.90229
840,767,227,799.89,2.92999
841,128,173,215.20,0.78830
842,128,207,243.38,0.89150
843,301,108,319.79,1.17139
844,403,389,560.12,2.05171
845,80,672,676.75,2.47892
846,6,316,316.06,1.15772
847,-41,-173,177.79,0.65125
848,-150,-70,165.53,0.60633
849,-156,360,392.35,1.43717
850,-75,599,603.68,2.21127
851,-20,727,727.28,2.66401
# END
# FRAME,24,RX_TS,149456755993,FP_INDEX,745.6094,FP_INT,745,RXPACC,262,RXPWR,-68.44,STD_NOISE,144.00,NTM,13,NOISE_THRESH,1872.00,PEAK_IDX,747,PEAK_AMPL,17606,START,695,elapsed_s,2.5815
sample,real,imag,amplitude,amplitude_norm
695,143,212,255.72,0.97603
696,-188,86,206.74,0.78907
697,-188,-120,223.03,0.85127
698,376,161,409.02,1.56114
699,859,491,989.43,3.77643
700,897,401,982.55,3.75020
701,676,353,762.62,2.91075
702,-198,-131,237.41,0.90616
703,-637,-152,654.88,2.49956
704,-325,-13,325.26,1.24145
705,-86,342,352.65,1.34598
706,179,175,250.33,0.95546
707,345,-112,362.72,1.38444
708,348,-25,348.90,1.33167
709,364,57,368.44,1.40624
710,28,220,221.77,0.84647
711,-144,177,228.18,0.87091
712,-79,52,94.58,0.36098
713,61,137,149.97,0.57239
714,589,109,599.00,2.28626
715,801,463,925.19,3.53125
716,793,408,891.80,3.40383
717,577,263,634.11,2.42027
718,-386,-77,393.61,1.50231
719,-673,-204,703.24,2.68412
720,-84,92,124.58,0.47549
721,180,364,406.07,1.54990
722,322,382,499.61,1.90690
723,649,259,698.77,2.66707
724,865,151,878.08,3.35145
725,664,0,664.00,2.53435
726,-346,170,385.51,1.47140
727,-643,-109,652.17,2.48921
728,-144,-214,257.94,0.98450
729,-164,-140,215.63,0.82301
730,-567,-357,670.03,2.55736
731,-916,-490,1038.82,3.96498
732,-933,-389,1010.85,3.85819
733,-863,-198,885.42,3.37948
734,99,95,137.21,0.52369
735,439,145,462.33,1.76461
736,-100,-102,142.84,0.54520
737,-618,46,619.71,2.36530
738,-873,18,873.19,3.33277
739,-948,-18,948.17,3.61897
740,-943,-335,1000.74,3.81961
741,-792,-165,809.00,3.08781
742,-107,296,314.75,1.20132
743,256,138,290.83,1.11002
744,43,-378,380.44,1.45205
745,877,-3113,3234.18,12.34418
746,4109,-11987,12671.70,48.36528
747,5031,-16332,17089.33,65.22645
748,4301,-16475,17027.16,64.98917
749,2844,-13338,13637.84,52.05281
750,-891,4893,4973.46,18.98268
751,-2100,12463,12638.69,48.23926
752,-108,3083,3084.89,11.77439
753,447,-3090,3122.16,11.91666
754,-985,-518,1112.90,4.24771
755,-1797,1694,2469.58,9.42589
756,-1482,1154,1878.31,7.16911
757,-861,756,1145.80,4.37328
758,-194,669,696.56,2.65863
759,-69,745,748.19,2.85568
760,65,1349,1350.57,5.15483
761,199,1029,1048.07,4.00025
762,-129,575,589.29,2.24921
763,-922,325,977.60,3.73131
764,-1375,656,1523.47,5.81477
765,-412,1461,1517.98,5.79382
766,1150,2099,2393.39,9.13507
767,1269,1186,1736.94,6.62954
768,290,140,322.02,1.22910
769,863,476,985.57,3.76171
770,1907,1937,2718.20,10.37481
771,670,1574,1710.67,6.52926
772,-1424,310,1457.35,5.56241
773,-2076,-732,2201.27,8.40180
774,-1001,-530,1132.65,4.32310
775,223,550,593.49,2.26522
776,299,1820,1844.40,7.03968
777,-520,2940,2985.63,11.39554
778,-428,2494,2530.46,9.65824
779,636,1458,1590.68,6.07129
780,1358,554,1466.66,5.59792
781,1712,-82,1713.96,6.54184
782,1495,122,1499.97,5.72508
783,1420,2059,2501.18,9.54647
784,731,5077,5129.36,19.57769
785,-514,5206,5231.31,19.96684
786,-769,1848,2001.62,7.63975
787,-204,-360,413.78,1.57932
788,151,-556,576.14,2.19901
789,224,-660,696.98,2.66021
790,131,-508,524.62,2.00236
791,329,93,341.89,1.30493
792,503,277,574.23,2.19171
793,674,404,785.81,2.99926
794,774,344,847.00,3.23283
795,791,573,976.73,3.72799
796,930,359,996.89,3.80491
797,890,-216,915.84,3.49556
798,140,-874,885.14,3.37840
799,-541,-653,847.99,3.23661
800,-670,-363,762.02,2.90846
801,-387,-9,387.10,1.47750
802,-460,280,538.52,2.05541
803,-313,277,417.97,1.59530
804,-315,388,499.77,1.90752
805,-611,547,820.08,3.13007
806,-189,2,189.01,0.72141
807,384,-398,553.05,2.11086
808,150,-216,262.98,1.00372
809,-352,318,474.37,1.81058
810,-747,469,882.03,3.36651
811,-522,302,603.07,2.30178
812,-145,457,479.45,1.82997
813,180,821,840.50,3.20802
814,-354,1075,1131.79,4.31980
815,-966,780,1241.59,4.73891
816,-791,436,903.20,3.44734
817,30,252,253.78,0.96862
818,651,333,731.22,2.79094
819,175,356,396.69,1.51407
820,-568,292,638.66,2.43764
821,-980,597,1147.52,4.37986
822,-920,933,1310.30,5.00115
823,-831,499,969.31,3.69966
824,-515,145,535.02,2.04207
825,-20,-205,205.97,0.78616
826,530,-13,530.16,2.02351
827,341,492,598.62,2.28481
828,-118,431,446.86,1.70558
829,-567,163,589.96,2.25177
830,-911,345,974.14,3.71809
831,-617,627,879.67,3.35752
832,0,970,970.00,3.70229
833,-16,820,820.16,3.13037
834,-91,175,197.25,0.75285
835,-41,106,113.65,0.43379
836,113,240,265.27,1.01249
837,-59,408,412.24,1.57345
838,-492,389,627.20,2.39391
839,-389,112,404.80,1.54505
840,116,-77,139.23,0.53141
841,101,-234,254.87,0.97277
842,-327,-70,334.41,1.27637
843,-489,63,493.04,1.88184
844,-532,96,540.59,2.06333
# END
# FRAME,25,RX_TS,155846551928,FP_INDEX,747.6094,FP_INT,747,RXPACC,260,RXPWR,-68.69,STD_NOISE,152.00,NTM,13,NOISE_THRESH,1976.00,PEAK_IDX,750,PEAK_AMPL,17208,START,697,elapsed_s,2.6756
sample,real,imag,amplitude,amplitude_norm
697,227,137,265.14,1.01976
698,-125,119,172.59,0.66379
699,-170,18,170.95,0.65750
700,374,37,375.83,1.44548
701,935,131,944.13,3.63128
702,1014,7,1014.02,3.90009
703,768,3,768.01,2.95387
704,-272,-46,275.86,1.06101
705,-656,143,671.41,2.58233
706,-293,126,318.94,1.22671
707,109,391,405.91,1.56119
708,246,146,286.06,1.10024
709,333,-182,379.49,1.45958
710,375,-131,397.22,1.52778
711,389,-149,416.56,1.60215
712,166,121,205.42,0.79007
713,-36,289,291.23,1.12013
714,-56,131,142.47,0.54795
715,102,83,131.50,0.50578
716,654,-86,659.63,2.53704
717,916,144,927.25,3.56634
718,865,42,866.02,3.33084
719,649,7,649.04,2.49630
720,-350,75,357.95,1.37671
721,-657,128,669.35,2.57443
722,-103,163,192.82,0.74160
723,298,304,425.70,1.63731
724,434,243,497.40,1.91307
725,666,26,666.51,2.56349
726,790,-171,808.30,3.10883
727,534,-215,575.66,2.21407
728,-243,311,394.68,1.51799
729,-574,211,611.55,2.35213
730,-192,-87,210.79,0.81074
731,-213,-77,226.49,0.87112
732,-674,-9,674.06,2.59254
733,-1120,-52,1121.21,4.31233
734,-974,52,975.39,3.75149
735,-928,149,939.89,3.61494
736,61,161,172.17,0.66219
737,403,25,403.77,1.55298
738,-218,-73,229.90,0.88422
739,-594,279,656.26,2.52408
740,-879,333,939.96,3.61524
741,-907,331,965.51,3.71350
742,-984,89,988.02,3.80006
743,-756,210,784.62,3.01779
744,86,299,311.12,1.19662
745,323,53,327.32,1.25892
746,-95,-362,374.26,1.43945
747,-412,-3201,3227.41,12.41310
748,-606,-12295,12309.92,47.34586
749,-1894,-16412,16520.93,63.54202
750,-2864,-16459,16706.32,64.25509
751,-2476,-13350,13577.67,52.22180
752,1042,4800,4911.80,18.89153
753,2584,12363,12630.16,48.57752
754,1027,2866,3044.45,11.70943
755,-644,-3094,3160.31,12.15505
756,-1041,-252,1071.07,4.11949
757,-1046,2204,2439.62,9.38314
758,-990,1641,1916.50,7.37116
759,-524,1041,1165.44,4.48247
760,158,645,664.07,2.55412
761,201,652,682.28,2.62415
762,504,1250,1347.78,5.18378
763,477,934,1048.75,4.03367
764,100,586,594.47,2.28643
765,-729,670,990.12,3.80816
766,-1032,1114,1518.56,5.84061
767,152,1499,1506.69,5.79495
768,1867,1593,2454.25,9.43942
769,1641,697,1782.89,6.85726
770,391,27,391.93,1.50743
771,995,162,1008.10,3.87731
772,2540,1147,2786.97,10.71912
773,1304,1213,1780.95,6.84981
774,-1160,807,1413.10,5.43500
775,-2251,177,2257.95,8.68442
776,-1158,-13,1158.07,4.45413
777,405,498,641.89,2.46883
778,897,1535,1777.87,6.83797
779,555,2873,2926.12,11.25429
780,487,2493,2540.12,9.76970
781,1068,1114,1543.25,5.93558
782,1396,44,1396.69,5.37190
783,1536,-651,1668.26,6.41639
784,1406,-377,1455.67,5.59872
785,2171,1408,2587.61,9.95233
786,2543,4539,5202.82,20.01086
787,1419,5147,5339.02,20.53470
788,-50,2044,2044.61,7.86389
789,-346,-221,410.56,1.57907
790,-86,-564,570.52,2.19430
791,-40,-579,580.38,2.23223
792,-157,-471,496.48,1.90953
793,322,-90,334.34,1.28593
794,601,36,602.08,2.31568
795,777,147,790.78,3.04147
796,867,95,872.19,3.35457
797,813,270,856.66,3.29485
798,892,40,892.90,3.43422
799,790,-543,958.62,3.68699
800,-183,-804,824.56,3.17140
801,-694,-360,781.82,3.00698
802,-776,-118,784.92,3.01892
803,-380,118,397.90,1.53038
804,-255,421,492.21,1.89310
805,-261,412,487.71,1.87582
806,-187,519,551.66,2.12177
807,-364,700,788.98,3.03455
808,-188,194,270.15,1.03903
809,182,-437,473.38,1.82071
810,10,-226,226.22,0.87008
811,-294,453,540.04,2.07708
812,-527,754,919.92,3.53814
813,-390,514,645.21,2.48158
814,28,475,475.82,1.83009
815,470,652,803.74,3.09132
816,57,1096,1097.48,4.22108
817,-677,1129,1316.42,5.06317
818,-595,615,855.72,3.29122
819,137,171,219.11,0.84274
820,763,157,778.99,2.99610
821,306,362,474.00,1.82309
822,-430,547,695.78,2.67607
823,-659,912,1125.18,4.32761
824,-471,1119,1214.08,4.66956
825,-607,680,911.51,3.50580
826,-454,220,504.50,1.94037
827,-46,-181,186.75,0.71828
828,451,-160,478.54,1.84054
829,455,390,599.27,2.30489
830,37,502,503.36,1.93601
831,-405,367,546.55,2.10211
832,-649,621,898.24,3.45478
833,-298,895,943.31,3.62811
834,409,963,1046.26,4.02406
835,284,816,864.01,3.32311
836,-25,247,248.26,0.95485
837,-123,181,218.84,0.84168
838,104,215,238.83,0.91859
839,82,416,424.00,1.63079
840,-277,523,591.83,2.27625
841,-245,268,363.11,1.39658
842,41,-51,65.44,0.25168
843,77,-180,195.78,0.75299
844,-347,-27,348.05,1.33865
845,-447,242,508.30,1.95502
846,-522,299,601.57,2.31373
# END
# FRAME,26,RX_TS,162236347825,FP_INDEX,748.6250,FP_INT,748,RXPACC,264,RXPWR,-68.61,STD_NOISE,148.00,NTM,13,NOISE_THRESH,1924.00,PEAK_IDX,750,PEAK_AMPL,17387,START,698,elapsed_s,2.7862
sample,real,imag,amplitude,amplitude_norm
698,-92,-124,154.40,0.58486
699,195,-90,214.77,0.81351
700,235,131,269.05,1.01912
701,-312,-29,313.34,1.18691
702,-840,-370,917.88,3.47681
703,-915,-337,975.09,3.69351
704,-681,-314,749.90,2.84055
705,280,154,319.56,1.21044
706,757,109,764.81,2.89700
707,398,73,404.64,1.53272
708,80,-346,355.13,1.34518
709,-145,-90,170.66,0.64644
710,-265,196,329.61,1.24851
711,-290,53,294.80,1.11668
712,-320,-8,320.10,1.21250
713,1,-235,235.00,0.89016
714,148,-125,193.72,0.73380
715,151,92,176.82,0.66977
716,60,15,61.85,0.23427
717,-573,-7,573.04,2.17062
718,-796,-378,881.19,3.33785
719,-787,-290,838.73,3.17701
720,-495,-136,513.34,1.94448
721,436,209,483.50,1.83146
722,734,284,787.03,2.98116
723,227,-5,227.06,0.86006
724,-85,-277,289.75,1.09753
725,-276,-252,373.74,1.41567
726,-641,-167,662.40,2.50908
727,-795,-73,798.34,3.02403
728,-564,124,577.47,2.18739
729,379,-17,379.38,1.43705
730,653,206,684.72,2.59365
731,240,301,384.97,1.45822
732,211,193,285.95,1.08316
733,657,395,766.60,2.90378
734,1009,561,1154.47,4.37299
735,1075,396,1145.62,4.33946
736,923,223,949.56,3.59681
737,26,-22,34.06,0.12901
738,-338,-19,338.53,1.28232
739,197,184,269.56,1.02108
740,642,18,642.25,2.43277
741,887,122,895.35,3.39148
742,1018,81,1021.22,3.86825
743,1129,329,1175.96,4.45439
744,944,168,958.83,3.63194
745,163,-246,295.10,1.11781
746,-289,-104,307.14,1.16342
747,-35,460,461.33,1.74746
748,-656,3107,3175.50,12.02840
749,-3525,11987,12494.55,47.32784
750,-4285,16343,16895.41,63.99776
751,-3548,16458,16836.09,63.77308
752,-2476,13699,13920.96,52.73092
753,638,-4639,4682.67,17.73737
754,1750,-12597,12717.98,48.17415
755,48,-3166,3166.36,11.99380
756,-373,3223,3244.51,12.28982
757,988,719,1221.93,4.62851
758,1779,-1638,2418.24,9.16000
759,1603,-1189,1995.83,7.55996
760,935,-780,1217.63,4.61224
761,212,-832,858.58,3.25222
762,97,-747,753.27,2.85330
763,-17,-1320,1320.11,5.00041
764,-145,-1046,1056.00,4.00001
765,83,-578,583.93,2.21185
766,989,-363,1053.51,3.99058
767,1498,-743,1672.14,6.33386
768,585,-1734,1830.02,6.93190
769,-824,-2634,2759.88,10.45409
770,-1045,-1419,1762.27,6.67525
771,-348,-40,350.29,1.32686
772,-1008,-229,1033.69,3.91547
773,-2011,-1835,2722.38,10.31204
774,-746,-1591,1757.21,6.65611
775,1498,-337,1535.44,5.81606
776,2230,817,2374.95,8.99602
777,1014,622,1189.57,4.50595
778,-215,-477,523.22,1.98188
779,-280,-1670,1693.31,6.41405
780,494,-2921,2962.48,11.22151
781,419,-2448,2483.60,9.40757
782,-645,-1352,1497.97,5.67415
783,-1361,-437,1429.44,5.41453
784,-1645,180,1654.82,6.26825
785,-1455,-131,1460.89,5.53366
786,-1608,-2054,2608.56,9.88091
787,-885,-5035,5112.19,19.36434
788,425,-5375,5391.78,20.42339
789,842,-1947,2121.27,8.03510
790,344,346,487.91,1.84813
791,-95,613,620.32,2.34969
792,-181,715,737.55,2.79377
793,-4,678,678.01,2.56823
794,-296,50,300.19,1.13710
795,-499,-194,535.38,2.02797
796,-645,-328,723.61,2.74094
797,-757,-307,816.88,3.09425
798,-712,-417,825.13,3.12548
799,-863,-213,888.90,3.36703
800,-865,323,923.34,3.49749
801,-57,983,984.65,3.72974
802,626,742,970.79,3.67725
803,779,395,873.42,3.30842
804,541,36,542.20,2.05377
805,442,-265,515.35,1.95210
806,338,-167,377.01,1.42805
807,309,-316,441.97,1.67413
808,609,-449,756.63,2.86601
809,152,90,176.65,0.66912
810,-332,399,519.06,1.96614
811,-66,279,286.70,1.08599
812,421,-226,477.83,1.80994
813,772,-462,899.68,3.40789
814,552,-280,618.95,2.34452
815,149,-428,453.19,1.71664
816,-216,-699,731.61,2.77126
817,325,-935,989.87,3.74952
818,1046,-797,1315.04,4.98120
819,915,-397,997.41,3.77808
820,40,-86,94.85,0.35927
821,-619,-260,671.39,2.54313
822,-104,-352,367.04,1.39031
823,681,-319,752.01,2.84853
824,1007,-572,1158.12,4.38680
825,879,-777,1173.19,4.44389
826,859,-330,920.21,3.48563
827,579,14,579.17,2.19382
828,12,299,299.24,1.13349
829,-400,86,409.14,1.54977
830,-212,-405,457.13,1.73156
831,196,-426,468.93,1.77624
832,570,-115,581.49,2.20260
833,909,-263,946.28,3.58440
834,666,-598,895.08,3.39044
835,64,-878,880.33,3.33458
836,54,-760,761.92,2.88605
837,143,-111,181.02,0.68570
838,184,-51,190.94,0.72325
839,6,-187,187.10,0.70870
840,154,-308,344.35,1.30437
841,590,-264,646.37,2.44838
842,416,-56,419.75,1.58997
843,-72,88,113.70,0.43069
844,-137,201,243.25,0.92140
845,330,195,383.31,1.45192
846,563,-27,563.65,2.13503
847,644,-107,652.83,2.47284
# END
# FRAME,27,RX_TS,168626143704,FP_INDEX,748.8437,FP_INT,748,RXPACC,261,RXPWR,-68.44,STD_NOISE,152.00,NTM,13,NOISE_THRESH,1976.00,PEAK_IDX,751,PEAK_AMPL,17490,START,698,elapsed_s,2.8836
sample,real,imag,amplitude,amplitude_norm
698,180,76,195.39,0.74861
699,-5,156,156.08,0.59801
700,-185,37,188.66,0.72285
701,153,-76,170.84,0.65454
702,926,92,930.56,3.56536
703,1059,-17,1059.14,4.05799
704,927,7,927.03,3.55183
705,-55,41,68.60,0.26284
706,-702,240,741.89,2.84250
707,-331,178,375.83,1.43995
708,53,424,427.30,1.63716
709,233,181,295.04,1.13043
710,213,-200,292.18,1.11946
711,325,-117,345.42,1.32344
712,381,-49,384.14,1.47179
713,219,123,251.18,0.96236
714,-18,225,225.72,0.86482
715,-63,77,99.49,0.38118
716,-56,67,87.32,0.33456
717,440,-144,462.96,1.77381
718,873,46,874.21,3.34947
719,897,16,897.14,3.43733
720,721,-35,721.85,2.76570
721,-189,48,195.00,0.74713
722,-663,174,685.45,2.62625
723,-218,120,248.85,0.95343
724,259,264,369.83,1.41699
725,406,332,524.46,2.00943
726,659,47,660.67,2.53132
727,725,-140,738.39,2.82909
728,631,-325,709.78,2.71946
729,-49,157,164.47,0.63015
730,-600,283,663.39,2.54173
731,-311,-48,314.68,1.20568
732,-204,-123,238.21,0.91269
733,-553,-3,553.01,2.11880
734,-1020,-69,1022.33,3.91698
735,-959,104,964.62,3.69587
736,-943,130,951.92,3.64720
737,-127,74,146.99,0.56317
738,401,33,402.36,1.54159
739,-24,-24,33.94,0.13004
740,-460,234,516.10,1.97738
741,-761,294,815.82,3.12573
742,-917,397,999.25,3.82854
743,-995,189,1012.79,3.88043
744,-950,168,964.74,3.69632
745,-130,372,394.06,1.50981
746,322,111,340.60,1.30496
747,18,-217,217.75,0.83427
748,-461,-1960,2013.48,7.71450
749,-1165,-10146,10212.67,39.12899
750,-2741,-16261,16490.40,63.18160
751,-3929,-16478,16939.94,64.90398
752,-3798,-15299,15763.38,60.39610
753,247,460,522.12,2.00046
754,3426,12745,13197.44,50.56491
755,1924,5128,5477.06,20.98490
756,-610,-2594,2664.76,10.20980
757,-1161,-1113,1608.32,6.16214
758,-963,1992,2212.56,8.47725
759,-954,1928,2151.12,8.24182
760,-579,1120,1260.81,4.83069
761,59,825,827.11,3.16899
762,208,583,618.99,2.37162
763,461,1118,1209.32,4.63339
764,613,1020,1190.03,4.55950
765,291,627,691.24,2.64842
766,-517,552,756.30,2.89771
767,-953,1095,1451.63,5.56181
768,-142,1413,1420.12,5.44106
769,1510,1728,2294.79,8.79232
770,1667,856,1873.93,7.17982
771,346,120,366.22,1.40314
772,614,-80,619.19,2.37237
773,2458,842,2598.22,9.95485
774,1828,1118,2142.78,8.20989
775,-645,952,1149.93,4.40585
776,-2266,472,2314.64,8.86834
777,-1417,86,1419.61,5.43911
778,209,425,473.61,1.81460
779,1040,1162,1559.44,5.97485
780,835,2606,2736.51,10.48469
781,616,2878,2943.19,11.27657
782,1079,1270,1666.48,6.38496
783,1463,145,1470.17,5.63283
784,1590,-654,1719.25,6.58716
785,1309,-670,1470.50,5.63411
786,1986,704,2107.09,8.07313
787,2863,3859,4805.06,18.41021
788,2088,5301,5697.40,21.82911
789,357,2927,2948.69,11.29767
790,-417,-9,417.10,1.59807
791,-191,-594,623.95,2.39062
792,-67,-571,574.92,2.20275
793,-142,-624,639.95,2.45193
794,242,-243,342.95,1.31398
795,572,-28,572.68,2.19420
796,758,98,764.31,2.92839
797,839,-17,839.17,3.21522
798,902,144,913.42,3.49970
799,897,12,897.08,3.43709
800,854,-464,971.91,3.72380
801,-5,-759,759.02,2.90811
802,-702,-415,815.49,3.12449
803,-835,-176,853.35,3.26953
804,-469,58,472.57,1.81062
805,-347,454,571.42,2.18936
806,-237,408,471.84,1.80782
807,-67,486,490.60,1.87968
808,-276,672,726.47,2.78341
809,-156,402,431.21,1.65214
810,198,-343,396.05,1.51742
811,150,-314,347.99,1.33329
812,-133,248,281.41,1.07821
813,-435,787,899.22,3.44528
814,-426,531,680.76,2.60828
815,9,493,493.08,1.88920
816,536,547,765.84,2.93424
817,271,997,1033.17,3.95852
818,-513,1076,1192.03,4.56718
819,-565,871,1038.20,3.97779
820,-29,361,362.16,1.38760
821,671,49,672.79,2.57773
822,474,213,519.66,1.99103
823,-324,453,556.94,2.13388
824,-669,876,1102.24,4.22315
825,-452,1124,1211.48,4.64168
826,-604,868,1057.47,4.05160
827,-445,387,589.74,2.25954
828,-140,-108,176.82,0.67746
829,369,-176,408.82,1.56638
830,547,241,597.74,2.29018
831,139,503,521.85,1.99943
832,-357,432,560.42,2.14721
833,-637,521,822.93,3.15298
834,-383,793,880.65,3.37412
835,390,916,995.57,3.81444
836,388,815,902.65,3.45841
837,34,277,279.08,1.06927
838,-107,129,167.60,0.64215
839,101,227,248.46,0.95194
840,75,278,287.94,1.10322
841,-256,581,634.90,2.43256
842,-376,375,531.04,2.03463
843,-30,92,96.77,0.37076
844,79,-159,177.54,0.68025
845,-246,-56,252.29,0.96664
846,-445,229,500.47,1.91749
847,-531,296,607.93,2.32923
# END
# FRAME,28,RX_TS,175015929813,FP_INDEX,748.7969,FP_INT,748,RXPACC,266,RXPWR,-68.50,STD_NOISE,152.00,NTM,13,NOISE_THRESH,1976.00,PEAK_IDX,751,PEAK_AMPL,17884,START,698,elapsed_s,2.9768
sample,real,imag,amplitude,amplitude_norm
698,-131,-43,137.88,0.51833
699,97,-72,120.80,0.45414
700,303,99,318.76,1.19836
701,-190,95,212.43,0.79860
702,-892,102,897.81,3.37524
703,-993,147,1003.82,3.77377
704,-741,116,750.02,2.81964
705,375,-60,379.77,1.42771
706,764,-300,820.79,3.08568
707,327,-190,378.19,1.42177
708,-57,-300,305.37,1.14800
709,-186,-48,192.09,0.72216
710,-118,241,268.34,1.00879
711,-224,178,286.11,1.07561
712,-276,107,296.02,1.11284
713,-76,-112,135.35,0.50884
714,109,-155,189.49,0.71236
715,129,-74,148.72,0.55909
716,-11,-167,167.36,0.62918
717,-462,124,478.35,1.79831
718,-889,115,896.41,3.36995
719,-876,147,888.25,3.33928
720,-480,49,482.49,1.81389
721,514,-120,527.82,1.98429
722,760,-176,780.11,2.93275
723,161,-110,194.99,0.73304
724,-284,-97,300.11,1.12823
725,-400,-62,404.78,1.52172
726,-669,186,694.38,2.61043
727,-715,326,785.81,2.95418
728,-452,272,527.53,1.98320
729,259,-209,332.81,1.25116
730,673,-236,713.18,2.68113
731,377,-19,377.48,1.41909
732,271,66,278.92,1.04858
733,641,-54,643.27,2.41831
734,1134,11,1134.05,4.26336
735,1096,-144,1105.42,4.15571
736,889,-228,917.77,3.45027
737,-179,-16,179.71,0.67562
738,-464,94,473.43,1.77980
739,250,104,270.77,1.01793
740,538,-254,594.95,2.23664
741,891,-304,941.43,3.53922
742,950,-441,1047.37,3.93748
743,1069,-187,1085.23,4.07982
744,813,-178,832.26,3.12879
745,-137,-121,182.78,0.68716
746,-441,3,441.01,1.65793
747,139,305,335.18,1.26008
748,787,2328,2457.43,9.23845
749,2287,10713,10954.39,41.18193
750,4572,16362,16988.77,63.86755
751,5824,16479,17477.88,65.70633
752,4649,12679,13504.45,50.76862
753,-2000,-5968,6294.21,23.66243
754,-4808,-13391,14227.99,53.48869
755,-1693,-3590,3969.17,14.92171
756,1196,3213,3428.38,12.88864
757,1349,936,1641.92,6.17263
758,899,-2166,2345.16,8.81638
759,776,-1980,2126.64,7.99487
760,326,-1022,1072.73,4.03284
761,-136,-505,522.99,1.96614
762,-197,-605,636.27,2.39198
763,-594,-1187,1327.33,4.98996
764,-530,-815,972.18,3.65479
765,-244,-572,621.87,2.33785
766,628,-645,900.23,3.38431
767,943,-1128,1470.25,5.52725
768,-260,-1458,1481.00,5.56767
769,-1861,-1322,2282.76,8.58181
770,-1692,-429,1745.54,6.56218
771,-276,116,299.39,1.12551
772,-694,238,733.68,2.75818
773,-2614,-562,2673.73,10.05162
774,-1735,-972,1988.72,7.47639
775,936,-1020,1384.38,5.20442
776,2633,-463,2673.40,10.05037
777,1321,84,1323.67,4.97620
778,-430,-165,460.57,1.73147
779,-1244,-1222,1743.79,6.55562
780,-1038,-2791,2977.77,11.19463
781,-830,-2883,3000.10,11.27856
782,-1120,-1104,1572.65,5.91220
783,-1358,78,1360.24,5.11368
784,-1180,954,1517.40,5.70453
785,-919,683,1145.01,4.30455
786,-2098,-702,2212.33,8.31703
787,-3293,-3864,5076.84,19.08588
788,-2355,-5081,5600.23,21.05350
789,-391,-2662,2690.56,10.11490
790,519,60,522.46,1.96412
791,235,687,726.08,2.72963
792,159,823,838.22,3.15120
793,307,593,667.76,2.51036
794,-113,148,186.21,0.70003
795,-501,47,503.20,1.89173
796,-773,34,773.75,2.90882
797,-847,90,851.77,3.20214
798,-905,-30,905.50,3.40412
799,-904,209,927.85,3.48814
800,-579,672,887.03,3.33471
801,405,737,840.95,3.16146
802,906,288,950.67,3.57396
803,973,70,975.51,3.66735
804,479,-148,501.34,1.88475
805,306,-538,618.93,2.32682
806,236,-411,473.94,1.78172
807,60,-486,489.69,1.84094
808,222,-726,759.18,2.85407
809,86,-187,205.83,0.77379
810,-121,475,490.17,1.84274
811,56,315,319.94,1.20278
812,278,-314,419.38,1.57662
813,451,-788,907.93,3.41329
814,475,-525,707.99,2.66162
815,33,-454,455.20,1.71127
816,-575,-534,784.72,2.95006
817,-231,-970,997.13,3.74860
818,592,-1130,1275.68,4.79580
819,708,-734,1019.81,3.83389
820,113,-136,176.82,0.66473
821,-648,9,648.06,2.43633
822,-293,-195,351.96,1.32315
823,404,-445,601.03,2.25952
824,654,-1024,1215.03,4.56777
825,368,-1056,1118.28,4.20408
826,570,-781,966.88,3.63490
827,488,-333,590.79,2.22102
828,247,217,328.78,1.23602
829,-269,307,408.18,1.53451
830,-462,-145,484.22,1.82038
831,-132,-462,480.49,1.80634
832,486,-444,658.28,2.47474
833,761,-542,934.28,3.51234
834,394,-677,783.30,2.94475
835,-447,-798,914.67,3.43859
836,-407,-758,860.36,3.23442
837,13,-266,266.32,1.00119
838,115,-104,155.05,0.58290
839,-45,-164,170.06,0.63933
840,-86,-442,450.29,1.69281
841,317,-605,683.02,2.56774
842,448,-289,533.13,2.00424
843,36,80,87.73,0.32980
844,-50,275,279.51,1.05078
845,260,79,271.74,1.02157
846,456,-222,507.17,1.90665
847,454,-284,535.51,2.01320
# END
# FRAME,29,RX_TS,181405725643,FP_INDEX,749.1719,FP_INT,749,RXPACC,304,RXPWR,-69.45,STD_NOISE,188.00,NTM,13,NOISE_THRESH,2444.00,PEAK_IDX,751,PEAK_AMPL,20139,START,699,elapsed_s,3.1024
sample,real,imag,amplitude,amplitude_norm
699,238,-63,246.20,0.80986
700,248,211,325.61,1.07110
701,45,68,81.54,0.26823
702,-389,-737,833.36,2.74132
703,-548,-946,1093.26,3.59625
704,-556,-850,1015.69,3.34110
705,-122,-127,176.11,0.57929
706,482,698,848.25,2.79030
707,466,475,665.42,2.18887
708,367,-27,367.99,1.21050
709,202,-288,351.78,1.15717
710,-272,-70,280.86,0.92389
711,-305,-78,314.82,1.03558
712,-300,-219,371.43,1.22181
713,-140,-172,221.77,0.72952
714,127,-159,203.49,0.66939
715,195,33,197.77,0.65057
716,159,7,159.15,0.52353
717,-257,-224,340.92,1.12144
718,-508,-733,891.83,2.93364
719,-410,-865,957.25,3.14884
720,-484,-766,906.10,2.98058
721,-74,-61,95.90,0.31546
722,550,694,885.51,2.91288
723,382,437,580.42,1.90929
724,152,-234,279.03,0.91788
725,147,-414,439.32,1.44514
726,-291,-522,597.63,1.96590
727,-616,-621,874.70,2.87730
728,-692,-451,825.99,2.71708
729,-17,-100,101.43,0.33367
730,673,440,804.07,2.64497
731,296,534,610.55,2.00839
732,-21,302,302.73,0.99582
733,164,498,524.31,1.72470
734,452,1107,1195.72,3.93330
735,593,1084,1235.60,4.06447
736,725,1045,1271.87,4.18378
737,310,385,494.29,1.62596
738,-194,-349,399.30,1.31347
739,-53,23,57.78,0.19005
740,485,340,592.30,1.94837
741,806,548,974.65,3.20608
742,996,721,1229.58,4.04466
743,882,940,1289.00,4.24014
744,755,991,1245.84,4.09814
745,529,235,578.85,1.90411
746,-3,-403,403.01,1.32569
747,-163,57,172.68,0.56802
748,-946,1229,1550.92,5.10172
749,-7175,5590,9095.53,29.91952
750,-15475,12427,19847.06,65.28640
751,-16453,14724,22079.34,72.62942
752,-15240,14492,21030.35,69.17879
753,-3981,3877,5556.93,18.27938
754,10087,-9922,14148.98,46.54270
755,6340,-6967,9419.91,30.98654
756,-1344,1191,1795.78,5.90716
757,-1484,2505,2911.58,9.57756
758,2217,137,2221.23,7.30667
759,2740,-202,2747.44,9.03762
760,1679,114,1682.87,5.53574
761,996,-391,1070.00,3.51973
762,477,-437,646.91,2.12801
763,763,-907,1185.25,3.89885
764,831,-1203,1462.11,4.80958
765,481,-772,909.59,2.99206
766,757,225,789.73,2.59780
767,1538,489,1613.87,5.30877
768,1676,-181,1685.75,5.54521
769,1124,-2237,2503.51,8.23522
770,107,-2504,2506.29,8.24436
771,-55,-898,899.68,2.95948
772,-484,-158,509.14,1.67479
773,-622,-2336,2417.39,7.95194
774,-138,-2802,2805.40,9.22828
775,1221,-417,1290.24,4.24422
776,1927,1903,2708.27,8.90879
777,1008,1908,2157.90,7.09835
778,232,58,239.14,0.78665
779,383,-1508,1555.88,5.11802
780,1825,-2241,2890.10,9.50692
781,2854,-2381,3716.78,12.22626
782,1115,-1836,2148.05,7.06596
783,-377,-1500,1546.65,5.08767
784,-1395,-1129,1794.62,5.90336
785,-1457,-881,1702.65,5.60082
786,-747,-1844,1989.56,6.54460
787,1533,-4504,4757.74,15.65047
788,3903,-5339,6613.50,21.75492
789,3454,-2933,4531.29,14.90556
790,693,206,722.97,2.37819
791,-440,598,742.43,2.44221
792,-595,400,716.96,2.35841
793,-619,700,934.43,3.07379
794,-237,290,374.53,1.23199
795,-234,-438,496.59,1.63351
796,-270,-768,814.08,2.67789
797,-506,-855,993.51,3.26812
798,-404,-835,927.60,3.05131
799,-442,-868,974.06,3.20414
800,-876,-662,1098.01,3.61187
801,-914,276,954.76,3.14067
802,-312,1069,1113.60,3.66316
803,390,1109,1175.58,3.86703
804,432,632,765.54,2.51822
805,670,77,674.41,2.21845
806,693,21,693.32,2.28065
807,569,-107,578.97,1.90452
808,807,-10,807.06,2.65481
809,736,69,739.23,2.43167
810,-327,106,343.75,1.13076
811,-498,136,516.24,1.69815
812,183,-32,185.78,0.61111
813,1035,-80,1038.09,3.41476
814,939,202,960.48,3.15948
815,623,-19,623.29,2.05029
816,317,-555,639.15,2.10247
817,701,-872,1118.83,3.68037
818,1376,-224,1394.11,4.58590
819,1428,278,1454.81,4.78555
820,542,207,580.18,1.90850
821,-280,-442,523.22,1.72113
822,-139,-622,637.34,2.09652
823,489,-28,489.80,1.61119
824,1134,309,1175.35,3.86627
825,1435,5,1435.01,4.72042
826,1280,52,1281.06,4.21400
827,880,297,928.77,3.05516
828,216,310,377.83,1.24286
829,-248,-22,248.97,0.81899
830,-172,-551,577.22,1.89876
831,366,-460,587.84,1.93368
832,595,50,597.10,1.96414
833,798,406,895.34,2.94521
834,1045,204,1064.73,3.50239
835,733,-740,1041.58,3.42625
836,575,-938,1100.21,3.61912
837,436,-348,557.85,1.83504
838,182,109,212.14,0.69784
839,180,-103,207.39,0.68219
840,186,-206,277.55,0.91298
841,649,-104,657.28,2.16211
842,718,255,761.94,2.50637
843,224,67,233.81,0.76910
844,-141,-9,141.29,0.46476
845,-14,304,304.32,1.00106
846,369,381,530.40,1.74473
847,604,384,715.73,2.35438
848,657,398,768.15,2.52681
# END
# FRAME,30,RX_TS,187795514766,FP_INDEX,748.4375,FP_INT,748,RXPACC,269,RXPWR,-68.33,STD_NOISE,160.00,NTM,13,NOISE_THRESH,2080.00,PEAK_IDX,750,PEAK_AMPL,18244,START,698,elapsed_s,3.1828
sample,real,imag,amplitude,amplitude_norm
698,-83,-47,95.38,0.35459
699,157,-117,195.80,0.72788
700,220,41,223.79,0.83193
701,-474,172,504.24,1.87451
702,-1053,188,1069.65,3.97640
703,-946,341,1005.58,3.73823
704,-352,109,368.49,1.36985
705,591,-215,628.89,2.33789
706,660,-315,731.32,2.71865
707,226,-191,295.90,1.10000
708,-176,-273,324.82,1.20749
709,-239,160,287.61,1.06919
710,-196,409,453.54,1.68602
711,-304,229,380.60,1.41487
712,-182,72,195.72,0.72760
713,14,-203,203.48,0.75644
714,91,-179,200.80,0.74648
715,31,-181,183.64,0.68266
716,-112,-65,129.50,0.48139
717,-585,312,663.00,2.46468
718,-922,145,933.33,3.46964
719,-804,214,831.99,3.09291
720,-193,98,216.46,0.80467
721,677,-241,718.62,2.67144
722,637,-282,696.63,2.58970
723,-65,-134,148.93,0.55365
724,-281,-128,308.78,1.14788
725,-429,78,436.03,1.62094
726,-616,351,708.98,2.63562
727,-591,501,774.78,2.88022
728,-199,217,294.43,1.09454
729,510,-370,630.08,2.34230
730,628,-259,679.31,2.52532
731,259,-63,266.55,0.99090
732,310,-4,310.03,1.15251
733,875,-80,878.65,3.26636
734,1145,-186,1160.01,4.31230
735,1037,-311,1082.63,4.02465
736,583,-253,635.53,2.36256
737,-349,124,370.37,1.37686
738,-207,142,251.02,0.93317
739,427,-102,439.01,1.63202
740,653,-421,776.95,2.88829
741,874,-487,1000.52,3.71941
742,820,-519,970.44,3.60760
743,1050,-316,1096.52,4.07628
744,488,-270,557.71,2.07328
745,-396,-31,397.21,1.47662
746,-249,140,285.66,1.06193
747,395,551,677.96,2.52029
748,1620,4262,4559.50,16.94982
749,4817,13726,14546.70,54.07696
750,7344,16461,18024.95,67.00726
751,8103,16267,18173.44,67.55926
752,3581,7433,8250.64,30.67152
753,-4934,-10753,11830.95,43.98122
754,-5525,-10783,12116.05,45.04108
755,-364,-110,380.26,1.41360
756,1876,3228,3733.55,13.87935
757,1029,-734,1263.96,4.69874
758,557,-2534,2594.50,9.64496
759,568,-1682,1775.32,6.59969
760,102,-915,920.67,3.42256
761,-208,-475,518.55,1.92768
762,-441,-890,993.27,3.69245
763,-850,-1118,1404.43,5.22093
764,-628,-577,852.83,3.17036
765,-19,-509,509.35,1.89351
766,726,-914,1167.25,4.33922
767,701,-1348,1519.38,5.64824
768,-950,-1516,1789.07,6.65080
769,-2143,-637,2235.67,8.31104
770,-1204,114,1209.39,4.49585
771,-93,557,564.71,2.09930
772,-1411,221,1428.20,5.30930
773,-2830,-490,2872.11,10.67698
774,-921,-960,1330.35,4.94555
775,1688,-1055,1990.57,7.39989
776,2451,-283,2467.28,9.17206
777,720,51,721.80,2.68329
778,-937,-400,1018.81,3.78739
779,-1408,-1750,2246.10,8.34981
780,-1278,-3187,3433.69,12.76466
781,-1196,-2212,2514.63,9.34806
782,-1441,-609,1564.40,5.81563
783,-1388,507,1477.70,5.49330
784,-907,1136,1453.67,5.40396
785,-1115,615,1273.36,4.73369
786,-2827,-1507,3203.59,11.90925
787,-3647,-4309,5645.18,20.98581
788,-2262,-4560,5090.21,18.92272
789,-119,-1557,1561.54,5.80498
790,394,380,547.39,2.03491
791,235,715,752.63,2.79788
792,420,789,893.82,3.32277
793,315,321,449.74,1.67190
794,-364,59,368.75,1.37082
795,-595,209,630.64,2.34438
796,-824,203,848.64,3.15478
797,-811,243,846.62,3.14730
798,-830,5,830.02,3.08556
799,-876,403,964.25,3.58459
800,-357,766,845.11,3.14166
801,653,633,909.45,3.38085
802,986,76,988.92,3.67630
803,793,-119,801.88,2.98096
804,384,-395,550.89,2.04792
805,243,-515,569.45,2.11692
806,88,-395,404.68,1.50440
807,70,-624,627.91,2.33425
808,180,-754,775.19,2.88174
809,30,98,102.49,0.38100
810,-116,521,533.76,1.98423
811,66,90,111.61,0.41489
812,213,-554,593.54,2.20645
813,428,-792,900.25,3.34665
814,294,-498,578.31,2.14984
815,-268,-318,415.87,1.54599
816,-622,-513,806.26,2.99724
817,-17,-1017,1017.14,3.78120
818,660,-1252,1415.31,5.26138
819,547,-520,754.72,2.80567
820,-218,154,266.91,0.99222
821,-782,199,806.92,2.99971
822,-88,-216,233.24,0.86706
823,508,-722,882.81,3.28181
824,410,-1245,1310.77,4.87276
825,325,-1009,1060.05,3.94071
826,535,-659,848.83,3.15549
827,346,-145,375.15,1.39463
828,106,237,259.62,0.96515
829,-346,283,447.00,1.66169
830,-408,-270,489.25,1.81877
831,10,-438,438.11,1.62868
832,492,-452,668.11,2.48367
833,667,-672,946.82,3.51979
834,7,-747,747.03,2.77707
835,-614,-791,1001.34,3.72244
836,-381,-557,674.84,2.50870
837,93,-188,209.75,0.77972
838,46,-139,146.41,0.54429
839,-187,-178,258.17,0.95975
840,13,-550,550.15,2.04518
841,484,-547,730.39,2.71519
842,296,-188,350.66,1.30356
843,-67,178,190.19,0.70703
844,18,234,234.69,0.87246
845,447,-142,469.01,1.74354
846,515,-363,630.07,2.34228
847,527,-461,700.18,2.60289
# END
# FRAME,31,RX_TS,194185310525,FP_INDEX,746.8125,FP_INT,746,RXPACC,260,RXPWR,-68.93,STD_NOISE,156.00,NTM,13,NOISE_THRESH,2028.00,PEAK_IDX,749,PEAK_AMPL,16608,START,696,elapsed_s,3.2775
sample,real,imag,amplitude,amplitude_norm
696,207,218,300.62,1.15623
697,-57,195,203.16,0.78138
698,-200,-33,202.70,0.77963
699,187,-13,187.45,0.72097
700,852,257,889.92,3.42276
701,944,175,960.08,3.69263
702,891,125,899.73,3.46048
703,-38,-3,38.12,0.14661
704,-708,80,712.51,2.74041
705,-359,50,362.47,1.39410
706,13,330,330.26,1.27022
707,180,244,303.21,1.16619
708,277,-160,319.89,1.23034
709,391,-92,401.68,1.54491
710,380,-46,382.77,1.47221
711,231,152,276.52,1.06355
712,-1,181,181.00,0.69616
713,-58,1,58.01,0.22311
714,0,98,98.00,0.37692
715,508,-33,509.07,1.95796
716,935,210,958.29,3.68574
717,902,190,921.79,3.54536
718,754,97,760.21,2.92390
719,-161,27,163.25,0.62788
720,-730,-62,732.63,2.81780
721,-240,64,248.39,0.95533
722,209,298,363.98,1.39994
723,332,311,454.91,1.74966
724,659,62,661.91,2.54581
725,840,-64,842.43,3.24013
726,674,-248,718.18,2.76222
727,-53,105,117.62,0.45238
728,-628,146,644.75,2.47980
729,-290,-54,294.98,1.13456
730,-140,-117,182.45,0.70174
731,-558,-166,582.17,2.23911
732,-976,-280,1015.37,3.90527
733,-971,-152,982.83,3.78010
734,-933,-51,934.39,3.59382
735,-114,96,149.04,0.57322
736,475,76,481.04,1.85016
737,-42,-55,69.20,0.26616
738,-527,155,549.32,2.11277
739,-901,181,919.00,3.53462
740,-982,253,1014.07,3.90026
741,-971,8,971.03,3.73474
742,-909,-11,909.07,3.49641
743,-107,313,330.78,1.27225
744,334,138,361.39,1.38995
745,1,-231,231.00,0.88847
746,-172,-2042,2049.23,7.88166
747,798,-10269,10299.96,39.61523
748,622,-16266,16277.89,62.60726
749,-267,-16503,16505.16,63.48138
750,-721,-15390,15406.88,59.25723
751,144,649,664.78,2.55686
752,952,13134,13168.46,50.64791
753,823,5320,5383.28,20.70493
754,-124,-2753,2755.79,10.59920
755,-892,-1295,1572.48,6.04799
756,-1288,1855,2258.31,8.68581
757,-1289,1716,2146.20,8.25462
758,-826,1025,1316.40,5.06307
759,-133,849,859.35,3.30521
760,105,641,649.54,2.49824
761,308,1150,1190.53,4.57897
762,416,1021,1102.50,4.24037
763,158,640,659.21,2.53544
764,-649,493,815.02,3.13467
765,-1154,904,1465.92,5.63817
766,-556,1328,1439.69,5.53729
767,1072,1835,2125.18,8.17379
768,1570,942,1830.92,7.04200
769,435,-81,442.48,1.70184
770,722,-123,732.40,2.81693
771,2217,1357,2599.33,9.99744
772,1520,1491,2129.20,8.18922
773,-893,829,1218.48,4.68646
774,-2351,-88,2352.65,9.04864
775,-1454,-360,1497.90,5.76117
776,72,394,400.52,1.54048
777,713,1475,1638.29,6.30112
778,323,2884,2902.03,11.16166
779,28,2993,2993.13,11.51204
780,867,1477,1712.66,6.58717
781,1388,434,1454.27,5.59334
782,1671,-380,1713.66,6.59101
783,1325,-280,1354.26,5.20870
784,1733,1073,2038.29,7.83957
785,2110,4202,4702.01,18.08466
786,1063,5425,5528.16,21.26217
787,-213,2940,2947.71,11.33733
788,-321,-13,321.26,1.23563
789,2,-599,599.00,2.30386
790,229,-684,721.32,2.77429
791,46,-655,656.61,2.52544
792,242,-75,253.36,0.97444
793,568,144,585.97,2.25373
794,738,200,764.62,2.94085
795,888,93,892.86,3.43406
796,879,266,918.37,3.53218
797,930,172,945.77,3.63758
798,1028,-306,1072.58,4.12529
799,215,-747,777.32,2.98971
800,-584,-543,797.44,3.06706
801,-835,-226,865.04,3.32709
802,-505,-16,505.25,1.94328
803,-320,375,492.98,1.89606
804,-199,393,440.51,1.69427
805,-188,477,512.71,1.97197
806,-414,668,785.89,3.02265
807,-263,440,512.61,1.97158
808,216,-219,307.60,1.18307
809,173,-117,208.85,0.80327
810,-199,302,361.67,1.39104
811,-546,687,877.54,3.37517
812,-507,432,666.09,2.56188
813,-161,410,440.48,1.69415
814,354,624,717.42,2.75931
815,52,1081,1082.25,4.16250
816,-790,1050,1314.00,5.05385
817,-792,755,1094.21,4.20849
818,-33,316,317.72,1.22199
819,776,254,816.51,3.14043
820,466,316,563.04,2.16553
821,-343,410,534.55,2.05598
822,-903,708,1147.46,4.41332
823,-662,978,1180.99,4.54225
824,-716,700,1001.33,3.85126
825,-518,341,620.17,2.38525
826,-102,-84,132.14,0.50822
827,368,-132,390.96,1.50368
828,438,344,556.94,2.14207
829,-4,545,545.01,2.09621
830,-387,409,563.07,2.16566
831,-663,387,767.68,2.95263
832,-562,618,835.33,3.21279
833,198,944,964.54,3.70977
834,279,894,936.52,3.60201
835,11,368,368.16,1.41602
836,-101,147,178.35,0.68598
837,44,232,236.14,0.90821
838,-14,336,336.29,1.29343
839,-349,460,577.41,2.22080
840,-365,212,422.10,1.62346
841,94,38,101.39,0.38996
842,160,-183,243.08,0.93493
843,-220,-88,236.95,0.91134
844,-462,171,492.63,1.89473
845,-481,253,543.48,2.09031
# END
# FRAME,32,RX_TS,200575106253,FP_INDEX,752.8125,FP_INT,752,RXPACC,263,RXPWR,-68.94,STD_NOISE,156.00,NTM,13,NOISE_THRESH,2028.00,PEAK_IDX,755,PEAK_AMPL,16938,START,702,elapsed_s,3.3783
sample,real,imag,amplitude,amplitude_norm
702,-42,212,216.12,0.82175
703,-132,-95,162.63,0.61837
704,63,-194,203.97,0.77556
705,164,235,286.57,1.08961
706,-121,926,933.87,3.55084
707,-74,1031,1033.65,3.93024
708,-43,904,905.02,3.44115
709,10,2,10.20,0.03878
710,-38,-606,607.19,2.30871
711,-16,-371,371.34,1.41196
712,-309,13,309.27,1.17594
713,-149,158,217.18,0.82576
714,221,273,351.24,1.33552
715,184,384,425.81,1.61904
716,61,380,384.86,1.46336
717,-92,215,233.86,0.88919
718,-169,50,176.24,0.67012
719,9,-82,82.49,0.31366
720,-48,-8,48.66,0.18503
721,126,560,574.00,2.18251
722,-122,957,964.75,3.66823
723,-90,851,855.75,3.25379
724,-25,702,702.45,2.67089
725,0,-162,162.00,0.61597
726,14,-741,741.13,2.81799
727,-62,-175,185.66,0.70593
728,-224,280,358.57,1.36340
729,-235,378,445.09,1.69237
730,21,698,698.32,2.65519
731,199,771,796.27,3.02763
732,351,638,728.18,2.76874
733,-88,-107,138.54,0.52676
734,-119,-740,749.51,2.84984
735,111,-299,318.94,1.21270
736,161,-179,240.75,0.91541
737,135,-596,611.10,2.32357
738,285,-1081,1117.94,4.25072
739,119,-999,1006.06,3.82533
740,8,-958,958.03,3.64271
741,6,-87,87.21,0.33158
742,10,442,442.11,1.68104
743,35,-71,79.16,0.30098
744,-125,-493,508.60,1.93384
745,-100,-803,809.20,3.07682
746,-250,-913,946.61,3.59927
747,-39,-957,957.79,3.64180
748,-77,-904,907.27,3.44971
749,-257,-160,302.74,1.15109
750,13,328,328.26,1.24813
751,306,-59,311.64,1.18493
752,2172,-313,2194.44,8.34387
753,10541,-73,10541.25,40.08081
754,16277,-944,16304.35,61.99373
755,16451,-2059,16579.35,63.03936
756,15326,-2241,15488.98,58.89344
757,-839,247,874.60,3.32549
758,-13006,2095,13173.65,50.08992
759,-4968,1242,5120.90,19.47109
760,2816,-398,2843.99,10.81364
761,1146,-1048,1552.94,5.90471
762,-2025,-1173,2340.20,8.89811
763,-1759,-1105,2077.28,7.89842
764,-976,-696,1198.75,4.55797
765,-754,2,754.00,2.86693
766,-490,130,506.95,1.92757
767,-1150,309,1190.79,4.52772
768,-1124,485,1224.17,4.65465
769,-674,211,706.26,2.68538
770,-481,-597,766.66,2.91506
771,-952,-1027,1400.37,5.32460
772,-1369,-219,1386.41,5.27151
773,-1656,1416,2178.85,8.28461
774,-613,1565,1680.77,6.39077
775,300,261,397.64,1.51196
776,234,595,639.36,2.43103
777,-1167,2370,2641.74,10.04464
778,-1334,1591,2076.26,7.89451
779,-792,-880,1183.92,4.50159
780,16,-2274,2274.06,8.64660
781,272,-1445,1470.38,5.59079
782,-436,71,441.74,1.67963
783,-1392,809,1610.01,6.12173
784,-2750,520,2798.73,10.64157
785,-2970,381,2994.34,11.38532
786,-1368,939,1659.26,6.30897
787,-181,1408,1419.59,5.39767
788,605,1589,1700.28,6.46494
789,469,1412,1487.85,5.65723
790,-945,1921,2140.86,8.14014
791,-4070,2387,4718.33,17.94043
792,-5301,1559,5525.49,21.00948
793,-2735,93,2736.58,10.40525
794,105,-338,353.93,1.34576
795,633,-95,640.09,2.43380
796,664,125,675.66,2.56906
797,688,-47,689.60,2.62207
798,180,214,279.64,1.06325
799,-12,626,626.11,2.38067
800,-90,751,756.37,2.87595
801,42,822,823.07,3.12955
802,-153,863,876.46,3.33254
803,-15,966,966.12,3.67345
804,409,999,1079.48,4.10450
805,749,89,754.27,2.86794
806,503,-571,760.95,2.89336
807,252,-758,798.79,3.03723
808,6,-484,484.04,1.84045
809,-395,-408,567.88,2.15924
810,-388,-223,447.52,1.70159
811,-477,-101,487.58,1.85390
812,-635,-307,705.32,2.68182
813,-355,-229,422.45,1.60628
814,261,157,304.58,1.15811
815,92,172,195.06,0.74167
816,-381,-144,407.30,1.54869
817,-751,-460,880.68,3.34860
818,-445,-445,629.33,2.39287
819,-396,-62,400.82,1.52405
820,-562,459,725.62,2.75901
821,-994,136,1003.26,3.81468
822,-1013,-650,1203.61,4.57645
823,-661,-674,944.03,3.58948
824,-179,-47,185.07,0.70368
825,-38,758,758.95,2.88575
826,-221,375,435.28,1.65505
827,-399,-464,611.96,2.32685
828,-675,-910,1133.02,4.30804
829,-964,-601,1136.00,4.31939
830,-741,-630,972.62,3.69816
831,-326,-460,563.80,2.14374
832,91,-138,165.30,0.62853
833,154,412,439.84,1.67240
834,-246,540,593.39,2.25625
835,-479,119,493.56,1.87666
836,-353,-386,523.07,1.98887
837,-405,-735,839.20,3.19086
838,-641,-545,841.37,3.19913
839,-881,280,924.42,3.51492
840,-868,327,927.55,3.52681
841,-314,-1,314.00,1.19392
842,-99,-81,127.91,0.48637
843,-153,121,195.06,0.74169
844,-291,49,295.10,1.12204
845,-484,-303,571.02,2.17118
846,-229,-370,435.13,1.65450
847,47,65,80.21,0.30499
848,181,177,253.16,0.96259
849,150,-214,261.34,0.99367
850,-103,-460,471.39,1.79236
851,-211,-525,565.81,2.15139
# END
# FRAME,33,RX_TS,206964901963,FP_INDEX,750.7656,FP_INT,750,RXPACC,264,RXPWR,-68.52,STD_NOISE,156.00,NTM,13,NOISE_THRESH,2028.00,PEAK_IDX,753,PEAK_AMPL,17531,START,700,elapsed_s,3.4968
sample,real,imag,amplitude,amplitude_norm
700,-167,-53,175.21,0.66367
701,171,-140,221.00,0.83712
702,250,-38,252.87,0.95785
703,-235,-5,235.05,0.89035
704,-899,-17,899.16,3.40591
705,-952,91,956.34,3.62250
706,-878,48,879.31,3.33072
707,96,50,108.24,0.41000
708,677,-175,699.25,2.64868
709,385,-74,392.05,1.48503
710,15,-284,284.40,1.07726
711,-179,-165,243.45,0.92214
712,-225,289,366.26,1.38735
713,-236,228,328.15,1.24298
714,-275,164,320.19,1.21284
715,-196,-119,229.30,0.86855
716,32,-156,159.25,0.60321
717,137,47,144.84,0.54863
718,74,-37,82.73,0.31339
719,-453,252,518.38,1.96354
720,-864,-3,864.01,3.27275
721,-892,5,892.01,3.37884
722,-681,9,681.06,2.57977
723,296,-90,309.38,1.17189
724,776,-80,780.11,2.95497
725,234,-83,248.28,0.94047
726,-236,-87,251.53,0.95275
727,-332,-144,361.88,1.37077
728,-594,84,599.91,2.27239
729,-747,270,794.30,3.00870
730,-517,395,650.63,2.46449
731,171,-197,260.86,0.98812
732,663,-245,706.82,2.67735
733,414,32,415.23,1.57286
734,325,100,340.04,1.28802
735,736,31,736.65,2.79035
736,1175,81,1177.79,4.46132
737,1052,-51,1053.24,3.98953
738,1002,-165,1015.49,3.84657
739,76,-40,85.88,0.32532
740,-428,62,432.47,1.63813
741,169,109,201.10,0.76175
742,543,-232,590.49,2.23669
743,869,-372,945.28,3.58059
744,901,-416,992.40,3.75909
745,1080,-157,1091.35,4.13391
746,1016,-187,1033.07,3.91313
747,99,-219,240.34,0.91037
748,-393,53,396.56,1.50211
749,67,336,342.61,1.29778
750,633,2327,2411.56,9.13469
751,1622,10959,11078.38,41.96357
752,3409,16340,16691.82,63.22659
753,4476,16448,17046.15,64.56875
754,4230,14996,15581.17,59.01959
755,-648,-1769,1883.95,7.13617
756,-3674,-12739,13258.22,50.22053
757,-1659,-4401,4703.31,17.81555
758,944,2860,3011.77,11.40821
759,1218,862,1492.17,5.65215
760,906,-2149,2332.17,8.83399
761,931,-1860,2079.99,7.87875
762,577,-1055,1202.48,4.55484
763,-91,-717,722.75,2.73770
764,-216,-580,618.92,2.34438
765,-453,-1107,1196.10,4.53069
766,-510,-935,1065.05,4.03427
767,-197,-640,669.63,2.53649
768,572,-561,801.19,3.03481
769,937,-1139,1474.89,5.58669
770,-73,-1545,1546.72,5.85880
771,-1869,-1793,2589.98,9.81054
772,-1774,-525,1850.05,7.00778
773,-263,367,451.51,1.71025
774,-548,418,689.22,2.61069
775,-2411,-823,2547.60,9.64999
776,-1649,-1196,2037.06,7.71614
777,891,-911,1274.28,4.82684
778,2450,-240,2461.73,9.32472
779,1605,156,1612.56,6.10819
780,-69,-400,405.91,1.53753
781,-906,-1430,1692.85,6.41230
782,-772,-2818,2921.83,11.06755
783,-663,-2760,2838.52,10.75195
784,-1119,-1059,1540.66,5.83584
785,-1367,93,1370.16,5.19000
786,-1337,850,1584.32,6.00121
787,-1182,667,1357.21,5.14094
788,-1977,-725,2105.74,7.97630
789,-2933,-3793,4794.72,18.16182
790,-2144,-5011,5450.40,20.64545
791,-367,-2587,2612.90,9.89736
792,329,118,349.52,1.32394
793,145,617,633.81,2.40079
794,22,688,688.35,2.60739
795,191,633,661.19,2.50450
796,-131,219,255.19,0.96663
797,-529,24,529.54,2.00585
798,-773,-36,773.84,2.93120
799,-823,57,824.97,3.12489
800,-863,-47,864.28,3.27378
801,-898,110,904.71,3.42694
802,-777,576,967.22,3.66369
803,178,819,838.12,3.17470
804,789,456,911.29,3.45187
805,872,162,886.92,3.35955
806,520,-70,524.69,1.98746
807,336,-479,585.10,2.21627
808,256,-396,471.54,1.78614
809,151,-451,475.61,1.80154
810,321,-660,733.92,2.78001
811,204,-279,345.63,1.30919
812,-145,304,336.81,1.27580
813,-35,187,190.25,0.72063
814,200,-377,426.77,1.61654
815,448,-835,947.59,3.58936
816,497,-496,702.16,2.65969
817,59,-419,423.13,1.60278
818,-477,-475,673.17,2.54988
819,-182,-974,990.86,3.75325
820,654,-1130,1305.61,4.94549
821,676,-724,990.53,3.75201
822,40,-139,144.64,0.54788
823,-666,118,676.37,2.56202
824,-319,-86,330.39,1.25147
825,384,-454,594.62,2.25235
826,787,-865,1169.44,4.42970
827,470,-989,1095.00,4.14772
828,613,-768,982.65,3.72214
829,502,-382,630.82,2.38945
830,220,169,277.42,1.05083
831,-345,224,411.34,1.55811
832,-469,-240,526.84,1.99561
833,-78,-471,477.41,1.80839
834,460,-393,605.02,2.29174
835,718,-498,873.80,3.30985
836,473,-689,835.73,3.16566
837,-401,-833,924.49,3.50187
838,-340,-750,823.47,3.11920
839,34,-232,234.48,0.88817
840,110,-84,138.41,0.52426
841,-88,-159,181.73,0.68836
842,-27,-340,341.07,1.29193
843,380,-477,609.86,2.31008
844,466,-194,504.77,1.91200
845,38,82,90.38,0.34234
846,-13,225,225.38,0.85369
847,329,38,331.19,1.25450
848,508,-202,546.69,2.07079
849,512,-279,583.08,2.20865
# END
# FRAME,34,RX_TS,213354646433,FP_INDEX,749.0000,FP_INT,749,RXPACC,264,RXPWR,-68.66,STD_NOISE,128.00,NTM,13,NOISE_THRESH,1664.00,PEAK_IDX,751,PEAK_AMPL,17256,START,699,elapsed_s,3.5915
sample,real,imag,amplitude,amplitude_norm
699,-110,-1,110.00,0.41668
700,72,-149,165.48,0.62683
701,63,154,166.39,0.63026
702,-75,901,904.12,3.42468
703,-30,1023,1023.44,3.87667
704,29,938,938.45,3.55473
705,10,-133,133.38,0.50521
706,-114,-734,742.80,2.81364
707,-55,-376,380.00,1.43940
708,-216,26,217.56,0.82409
709,-130,251,282.67,1.07071
710,244,217,326.53,1.23687
711,200,280,344.09,1.30338
712,81,365,373.88,1.41621
713,-32,144,147.51,0.55876
714,-172,-67,184.59,0.69920
715,-68,-64,93.38,0.35372
716,-218,20,218.92,0.82923
717,19,384,384.47,1.45632
718,22,818,818.30,3.09961
719,-33,887,887.61,3.36217
720,1,676,676.00,2.56061
721,-34,-270,272.13,1.03080
722,-108,-768,775.56,2.93771
723,-150,-240,283.02,1.07204
724,-207,269,339.43,1.28570
725,-229,397,458.31,1.73603
726,102,629,637.22,2.41370
727,214,792,820.40,3.10758
728,293,603,670.42,2.53946
729,-16,-117,118.09,0.44731
730,-98,-666,673.17,2.54989
731,38,-402,403.79,1.52952
732,98,-166,192.77,0.73019
733,54,-447,450.25,1.70549
734,213,-1071,1091.98,4.13627
735,22,-1074,1074.23,4.06904
736,-144,-1003,1013.28,3.83820
737,-55,20,58.52,0.22168
738,9,496,496.08,1.87910
739,185,-75,199.62,0.75615
740,-115,-480,493.58,1.86964
741,-247,-706,747.96,2.83318
742,-302,-933,980.66,3.71462
743,-115,-1005,1011.56,3.83166
744,5,-883,883.01,3.34475
745,-131,0,131.00,0.49621
746,34,563,564.03,2.13646
747,216,71,227.37,0.86125
748,1562,-416,1616.45,6.12290
749,8863,-686,8889.51,33.67238
750,16056,-1954,16174.46,61.26691
751,16504,-3154,16802.67,63.64648
752,14704,-3171,15042.04,56.97741
753,-2737,516,2785.22,10.55006
754,-14286,3068,14611.72,55.34743
755,-5932,1732,6179.68,23.40788
756,2733,-474,2773.80,10.50682
757,1864,-1100,2164.37,8.19837
758,-1788,-1033,2064.95,7.82179
759,-2025,-989,2253.61,8.53639
760,-1078,-603,1235.19,4.67875
761,-573,81,578.70,2.19203
762,-514,197,550.46,2.08507
763,-1239,460,1321.64,5.00620
764,-1026,563,1170.32,4.43302
765,-618,366,718.25,2.72064
766,-536,-487,724.20,2.74318
767,-993,-1014,1419.24,5.37591
768,-1458,-226,1475.41,5.58868
769,-1445,1408,2017.55,7.64222
770,-299,1471,1501.08,5.68591
771,454,266,526.19,1.99313
772,302,484,570.49,2.16095
773,-993,2318,2521.74,9.55205
774,-1249,2036,2388.58,9.04764
775,-951,-429,1043.28,3.95183
776,-122,-2337,2340.18,8.86433
777,215,-1495,1510.38,5.72114
778,-339,55,343.43,1.30088
779,-1356,1037,1707.07,6.46619
780,-2861,750,2957.67,11.20330
781,-3234,498,3272.12,12.39439
782,-1476,863,1709.78,6.47644
783,-293,1351,1382.41,5.23639
784,719,1417,1588.98,6.01885
785,728,1018,1251.52,4.74061
786,-477,1747,1810.95,6.85966
787,-3779,2809,4708.64,17.83577
788,-5370,2073,5756.23,21.80392
789,-3342,505,3379.94,12.80280
790,-169,-331,371.65,1.40776
791,700,-115,709.38,2.68706
792,788,8,788.04,2.98500
793,606,-130,619.79,2.34768
794,156,134,205.65,0.77898
795,65,576,579.66,2.19567
796,-38,779,779.93,2.95427
797,12,904,904.08,3.42454
798,-159,926,939.55,3.55891
799,-9,925,925.04,3.50395
800,524,877,1021.62,3.86977
801,802,44,803.21,3.04245
802,413,-583,714.46,2.70630
803,118,-890,897.79,3.40071
804,-28,-513,513.76,1.94607
805,-378,-258,457.65,1.73354
806,-334,-150,366.14,1.38688
807,-464,-8,464.07,1.75784
808,-741,-280,792.14,3.00052
809,-402,-136,424.38,1.60751
810,244,143,282.82,1.07127
811,221,81,235.38,0.89158
812,-341,-84,351.19,1.33028
813,-767,-388,859.55,3.25589
814,-510,-501,714.91,2.70800
815,-407,-179,444.62,1.68418
816,-494,420,648.41,2.45610
817,-973,245,1003.37,3.80065
818,-1012,-564,1158.55,4.38845
819,-673,-818,1059.27,4.01239
820,-129,-148,196.33,0.74367
821,77,721,725.10,2.74659
822,-160,637,656.79,2.48783
823,-420,-262,495.02,1.87507
824,-844,-796,1160.15,4.39451
825,-997,-526,1127.25,4.26987
826,-661,-589,885.35,3.35359
827,-364,-479,601.61,2.27883
828,94,-209,229.17,0.86805
829,200,235,308.59,1.16888
830,-96,522,530.75,2.01043
831,-476,178,508.19,1.92497
832,-445,-352,567.39,2.14920
833,-429,-671,796.42,3.01674
834,-571,-529,778.38,2.94843
835,-820,332,884.66,3.35099
836,-880,441,984.32,3.72848
837,-499,60,502.59,1.90377
838,-172,-86,192.30,0.72842
839,-189,102,214.77,0.81351
840,-375,44,377.57,1.43020
841,-530,-365,643.53,2.43760
842,-222,-466,516.18,1.95522
843,202,28,203.93,0.77247
844,212,150,259.70,0.98371
845,76,-199,213.02,0.80689
846,-218,-472,519.91,1.96936
847,-263,-507,571.15,2.16347
848,-323,-459,561.26,2.12598
# END
# FRAME,35,RX_TS,219744508653,FP_INDEX,753.5469,FP_INT,753,RXPACC,271,RXPWR,-68.29,STD_NOISE,152.00,NTM,13,NOISE_THRESH,1976.00,PEAK_IDX,756,PEAK_AMPL,18400,START,703,elapsed_s,3.6797
sample,real,imag,amplitude,amplitude_norm
703,-52,-96,109.18,0.40287
704,237,41,240.52,0.88753
705,212,182,279.41,1.03102
706,-385,-247,457.42,1.68790
707,-771,-637,1000.10,3.69042
708,-856,-563,1024.55,3.78063
709,-511,-462,688.89,2.54202
710,361,260,444.88,1.64164
711,754,346,829.60,3.06125
712,354,61,359.22,1.32552
713,208,-350,407.14,1.50237
714,-116,-142,183.36,0.67660
715,-380,107,394.78,1.45674
716,-281,9,281.14,1.03743
717,-230,-12,230.31,0.84986
718,44,-110,118.47,0.43717
719,211,-67,221.38,0.81691
720,118,54,129.77,0.47885
721,21,-58,61.68,0.22762
722,-554,-190,585.68,2.16116
723,-674,-558,875.01,3.22881
724,-717,-488,867.31,3.20042
725,-419,-275,501.18,1.84939
726,426,233,485.56,1.79172
727,570,336,661.66,2.44156
728,45,-121,129.10,0.47637
729,-65,-351,356.97,1.31722
730,-241,-357,430.73,1.58942
731,-611,-295,678.49,2.50365
732,-819,-206,844.51,3.11627
733,-563,-71,567.46,2.09395
734,510,-12,510.14,1.88244
735,619,319,696.36,2.56961
736,133,299,327.25,1.20755
737,144,275,310.42,1.14546
738,655,587,879.54,3.24554
739,862,715,1119.94,4.13263
740,937,623,1125.21,4.15207
741,839,395,927.33,3.42189
742,-86,-94,127.40,0.47013
743,-244,-148,285.38,1.05305
744,255,234,346.09,1.27710
745,784,164,800.97,2.95561
746,956,299,1001.67,3.69619
747,1019,341,1074.54,3.96510
748,1027,592,1185.41,4.37420
749,869,324,927.44,3.42227
750,35,-213,215.86,0.79652
751,-278,-32,279.84,1.03260
752,-78,466,472.48,1.74348
753,-1625,3627,3974.39,14.66564
754,-6803,12442,14180.42,52.32626
755,-8393,16307,18340.14,67.67579
756,-7709,16498,18210.24,67.19644
757,-5172,12301,13344.07,49.24011
758,2534,-6339,6826.72,25.19084
759,4400,-11861,12650.82,46.68200
760,379,-2042,2076.87,7.66374
761,-1109,3347,3525.95,13.01087
762,1117,527,1235.08,4.55748
763,2200,-1252,2531.30,9.34061
764,1742,-700,1877.38,6.92761
765,997,-555,1141.07,4.21058
766,304,-600,672.62,2.48199
767,283,-677,733.77,2.70764
768,350,-1332,1377.22,5.08198
769,38,-967,967.75,3.57102
770,315,-464,560.82,2.06945
771,1155,-97,1159.07,4.27700
772,1514,-361,1556.44,5.74333
773,653,-1364,1512.25,5.58026
774,-737,-1821,1964.49,7.24903
775,-805,-674,1049.91,3.87419
776,-179,295,345.06,1.27328
777,-756,-885,1163.94,4.29499
778,-1427,-2455,2839.60,10.47825
779,-160,-1487,1495.58,5.51876
780,1545,257,1566.23,5.77944
781,1944,1306,2341.96,8.64192
782,961,672,1172.65,4.32712
783,75,-793,796.54,2.93926
784,324,-2033,2058.66,7.59652
785,1358,-3035,3324.96,12.26924
786,878,-2434,2587.52,9.54803
787,-479,-1477,1552.73,5.72963
788,-1334,-652,1484.81,5.47900
789,-1766,-80,1767.81,6.52329
790,-1329,-469,1409.33,5.20047
791,-935,-2744,2898.92,10.69714
792,373,-5549,5561.52,20.52222
793,1572,-5089,5326.27,19.65412
794,987,-1331,1657.02,6.11448
795,72,512,517.04,1.90789
796,-264,577,634.53,2.34143
797,-388,696,796.84,2.94038
798,-204,523,561.38,2.07150
799,-277,-162,320.89,1.18411
800,-389,-359,529.34,1.95329
801,-589,-483,761.72,2.81076
802,-706,-477,852.04,3.14404
803,-618,-624,878.24,3.24073
804,-904,-407,991.40,3.65829
805,-952,152,964.06,3.55741
806,-105,894,900.14,3.32157
807,669,725,986.50,3.64023
808,708,590,921.61,3.40077
809,442,107,454.77,1.67811
810,513,-215,556.23,2.05252
811,367,-253,445.76,1.64485
812,550,-350,651.92,2.40561
813,839,-389,924.79,3.41252
814,267,-66,275.04,1.01489
815,-276,96,292.22,1.07830
816,73,-100,123.81,0.45686
817,670,-410,785.49,2.89850
818,963,-297,1007.76,3.71867
819,654,-65,657.22,2.42517
820,222,-352,416.16,1.53564
821,-22,-850,850.28,3.13758
822,658,-895,1110.85,4.09908
823,1320,-453,1395.57,5.14970
824,872,-3,872.01,3.21773
825,-132,-145,196.08,0.72356
826,-646,-474,801.24,2.95662
827,-8,-334,334.10,1.23283
828,771,-119,780.13,2.87871
829,1198,-288,1232.13,4.54661
830,1045,-517,1165.90,4.30220
831,953,-233,981.07,3.62018
832,545,42,546.62,2.01703
833,-71,160,175.05,0.64593
834,-451,-63,455.38,1.68037
835,-114,-468,481.68,1.77743
836,262,-328,419.80,1.54906
837,708,36,708.91,2.61592
838,933,-69,935.55,3.45221
839,585,-552,804.32,2.96797
840,158,-962,974.89,3.59738
841,272,-727,776.22,2.86427
842,243,-19,243.74,0.89942
843,197,-104,222.77,0.82202
844,93,-221,239.77,0.88476
845,317,-285,426.28,1.57299
846,565,-41,566.49,2.09035
847,336,74,344.05,1.26957
848,-130,29,133.20,0.49150
849,-69,245,254.53,0.93923
850,435,266,509.88,1.88149
851,620,99,627.85,2.31681
852,638,44,639.52,2.35984
# END
# FRAME,36,RX_TS,226134304276,FP_INDEX,749.9219,FP_INT,749,RXPACC,260,RXPWR,-68.75,STD_NOISE,148.00,NTM,13,NOISE_THRESH,1924.00,PEAK_IDX,752,PEAK_AMPL,17032,START,699,elapsed_s,3.7821
sample,real,imag,amplitude,amplitude_norm
699,123,-230,260.82,1.00317
700,219,55,225.80,0.86846
701,59,240,247.15,0.95056
702,65,-107,125.20,0.48152
703,205,-745,772.69,2.97189
704,130,-909,918.25,3.53173
705,120,-855,863.38,3.32069
706,35,34,48.80,0.18767
707,104,734,741.33,2.85127
708,78,460,466.57,1.79449
709,302,93,316.00,1.21537
710,276,-175,326.80,1.25694
711,-124,-195,231.09,0.88879
712,-120,-198,231.53,0.89048
713,-89,-259,273.86,1.05333
714,112,-128,170.08,0.65416
715,237,-1,237.00,0.91155
716,62,97,115.12,0.44278
717,151,134,201.88,0.77648
718,-24,-358,358.80,1.38001
719,122,-779,788.50,3.03267
720,150,-811,824.76,3.17214
721,90,-686,691.88,2.66107
722,73,124,143.89,0.55343
723,157,826,840.79,3.23380
724,157,371,402.85,1.54943
725,252,-178,308.53,1.18664
726,283,-331,435.49,1.67495
727,79,-589,594.27,2.28567
728,-113,-760,768.35,2.95521
729,-256,-589,642.23,2.47011
730,162,63,173.82,0.66853
731,250,691,734.83,2.82628
732,-67,378,383.89,1.47651
733,-108,185,214.22,0.82391
734,20,527,527.38,2.02838
735,-135,1044,1052.69,4.04882
736,-30,1046,1046.43,4.02473
737,58,997,998.69,3.84110
738,133,204,243.53,0.93664
739,55,-374,378.02,1.45393
740,-48,47,67.18,0.25838
741,139,545,562.45,2.16326
742,255,856,893.17,3.43529
743,337,960,1017.43,3.91320
744,117,1012,1018.74,3.91823
745,92,948,952.45,3.66328
746,295,250,386.68,1.48725
747,137,-284,315.32,1.21276
748,-215,106,239.71,0.92196
749,-1828,422,1876.08,7.21568
750,-9568,228,9570.72,36.81044
751,-16143,1020,16175.19,62.21228
752,-16492,2097,16624.79,63.94148
753,-15645,2319,15815.93,60.83052
754,-782,63,784.53,3.01744
755,12851,-1964,13000.21,50.00082
756,5870,-1341,6021.23,23.15857
757,-2426,344,2450.27,9.42411
758,-1502,1068,1842.99,7.08844
759,1879,1242,2252.38,8.66299
760,1877,1211,2233.75,8.59136
761,1031,839,1329.24,5.11247
762,861,105,867.38,3.33607
763,584,-216,622.67,2.39487
764,1093,-356,1149.52,4.42121
765,1101,-438,1184.92,4.55740
766,728,-232,764.07,2.93874
767,489,579,757.87,2.91487
768,988,1013,1415.03,5.44243
769,1321,272,1348.71,5.18736
770,1788,-1545,2363.04,9.08862
771,735,-1931,2066.15,7.94674
772,-200,-513,550.61,2.11772
773,-344,-379,511.84,1.96860
774,1076,-2017,2286.06,8.79253
775,1349,-1721,2186.70,8.41037
776,889,610,1078.16,4.14675
777,79,2204,2205.42,8.48237
778,-285,1691,1714.85,6.59557
779,345,130,368.68,1.41800
780,1474,-741,1649.77,6.34529
781,2811,-503,2855.65,10.98326
782,3046,-218,3053.79,11.74535
783,1433,-799,1640.70,6.31038
784,299,-1319,1352.47,5.20179
785,-514,-1542,1625.41,6.25158
786,-514,-1368,1461.38,5.62068
787,729,-1814,1955.00,7.51924
788,3890,-2454,4599.37,17.68989
789,5347,-1703,5611.65,21.58327
790,3050,-240,3059.43,11.76703
791,83,421,429.10,1.65040
792,-535,173,562.28,2.16260
793,-514,2,514.00,1.97694
794,-554,78,559.46,2.15178
795,-143,-163,216.84,0.83399
796,72,-512,517.04,1.98861
797,223,-728,761.39,2.92842
798,123,-785,794.58,3.05607
799,229,-791,823.48,3.16724
800,96,-855,860.37,3.30913
801,-355,-908,974.93,3.74973
802,-726,-43,727.27,2.79720
803,-471,635,790.61,3.04081
804,-137,888,898.51,3.45579
805,85,530,536.77,2.06451
806,508,343,612.95,2.35752
807,406,271,488.14,1.87745
808,497,202,536.48,2.06339
809,681,396,787.77,3.02987
810,457,314,554.48,2.13260
811,-182,-10,182.27,0.70106
812,-128,2,128.02,0.49237
813,402,275,487.06,1.87331
814,829,663,1061.51,4.08274
815,492,611,784.46,3.01717
816,405,198,450.81,1.73388
817,502,-411,648.79,2.49534
818,968,-168,982.47,3.77873
819,1030,727,1260.73,4.84894
820,743,847,1126.70,4.33347
821,226,187,293.33,1.12821
822,94,-597,604.36,2.32444
823,277,-397,484.08,1.86186
824,439,317,541.49,2.08265
825,684,815,1063.99,4.09228
826,907,672,1128.82,4.34161
827,715,707,1005.52,3.86739
828,407,532,669.83,2.57627
829,-49,277,281.30,1.08193
830,-115,-235,261.63,1.00627
831,259,-471,537.51,2.06736
832,505,-103,515.40,1.98230
833,394,372,541.87,2.08410
834,448,739,864.19,3.32381
835,679,622,920.83,3.54165
836,931,-181,948.43,3.64781
837,870,-212,895.46,3.44407
838,324,42,326.71,1.25658
839,122,116,168.34,0.64748
840,224,-46,228.67,0.87952
841,341,3,341.01,1.31159
842,508,377,632.61,2.43311
843,230,517,565.85,2.17636
844,-39,97,104.55,0.40210
845,-173,-48,179.54,0.69052
846,-73,366,373.21,1.43542
847,197,547,581.39,2.23613
848,286,586,652.07,2.50795
# END
# FRAME,37,RX_TS,232524099881,FP_INDEX,746.1250,FP_INT,746,RXPACC,285,RXPWR,-68.84,STD_NOISE,164.00,NTM,13,NOISE_THRESH,2132.00,PEAK_IDX,748,PEAK_AMPL,19371,START,696,elapsed_s,3.8908
sample,real,imag,amplitude,amplitude_norm
696,-18,-31,35.85,0.12578
697,254,-27,255.43,0.89625
698,-16,136,136.94,0.48048
699,-803,364,881.65,3.09351
700,-929,485,1047.98,3.67713
701,-917,465,1028.16,3.60758
702,-192,66,203.03,0.71238
703,673,-409,787.53,2.76328
704,487,-346,597.40,2.09614
705,-30,-257,258.75,0.90788
706,-217,-56,224.11,0.78635
707,-182,323,370.75,1.30087
708,-180,357,399.81,1.40285
709,-247,274,368.90,1.29438
710,-159,134,207.94,0.72960
711,-74,-140,158.35,0.55563
712,176,-37,179.85,0.63104
713,26,-27,37.48,0.13152
714,-263,301,399.71,1.40250
715,-772,437,887.10,3.11264
716,-874,390,957.07,3.35813
717,-747,419,856.49,3.00522
718,-91,53,105.31,0.36951
719,665,-390,770.92,2.70500
720,332,-218,397.18,1.39360
721,-295,-85,307.00,1.07720
722,-449,-91,458.13,1.60747
723,-534,331,628.27,2.20444
724,-674,553,871.83,3.05905
725,-514,694,863.62,3.03023
726,-34,51,61.29,0.21507
727,545,-499,738.94,2.59276
728,512,-164,537.62,1.88640
729,280,48,284.08,0.99679
730,533,-93,541.05,1.89843
731,1138,-267,1168.90,4.10141
732,1108,-435,1190.33,4.17660
733,1090,-547,1219.55,4.27913
734,343,-233,414.65,1.45493
735,-343,236,416.35,1.46087
736,13,120,120.70,0.42352
737,462,-299,550.31,1.93092
738,751,-597,959.38,3.36625
739,848,-739,1124.82,3.94674
740,973,-633,1160.78,4.07292
741,975,-498,1094.82,3.84147
742,248,-353,431.41,1.51371
743,-324,159,360.91,1.26636
744,65,232,240.93,0.84538
745,1080,1165,1588.59,5.57401
746,4460,7591,8804.25,30.89212
747,9751,15812,18576.90,65.18212
748,11773,16486,20258.13,71.08115
749,11719,15471,19408.42,68.09972
750,2749,3652,4571.01,16.03862
751,-8183,-10733,13496.62,47.35656
752,-5541,-6418,8479.00,29.75087
753,1092,1580,1920.64,6.73909
754,2124,1552,2630.60,9.23019
755,404,-2103,2141.45,7.51387
756,123,-2506,2509.02,8.80357
757,283,-1415,1443.02,5.06324
758,-255,-931,965.29,3.38698
759,-313,-445,544.05,1.90896
760,-808,-779,1122.37,3.93813
761,-982,-786,1257.82,4.41342
762,-638,-430,769.38,2.69958
763,243,-622,667.78,2.34310
764,585,-1295,1421.00,4.98598
765,-28,-1352,1352.29,4.74488
766,-1701,-867,1909.21,6.69899
767,-1968,256,1984.58,6.96344
768,-454,436,629.45,2.20861
769,-102,537,546.60,1.91790
770,-2212,177,2219.07,7.78621
771,-2494,-282,2509.89,8.80664
772,-112,-1121,1126.58,3.95292
773,2002,-1306,2390.32,8.38710
774,1925,-698,2047.64,7.18470
775,185,-408,447.98,1.57187
776,-1363,-720,1541.48,5.40871
777,-1899,-1951,2722.61,9.55302
778,-1860,-2872,3421.69,12.00594
779,-1590,-1150,1962.29,6.88524
780,-1584,281,1608.73,5.64467
781,-1301,1313,1848.40,6.48560
782,-971,1383,1689.83,5.92923
783,-1740,431,1792.58,6.28977
784,-4090,-1991,4548.87,15.96093
785,-4626,-4051,6149.02,21.57552
786,-2292,-3189,3927.21,13.77969
787,221,-449,500.44,1.75594
788,489,483,687.32,2.41165
789,271,600,658.36,2.31004
790,432,642,773.81,2.71514
791,37,336,338.03,1.18607
792,-526,278,594.95,2.08753
793,-768,298,823.79,2.89049
794,-824,325,885.78,3.10799
795,-857,272,899.13,3.15484
796,-852,321,910.46,3.19461
797,-710,812,1078.63,3.78467
798,141,948,958.43,3.36291
799,794,379,879.82,3.08708
800,899,-196,920.12,3.22848
801,578,-268,637.11,2.23547
802,221,-499,545.75,1.91491
803,124,-498,513.21,1.80072
804,-117,-526,538.86,1.89072
805,-14,-745,745.13,2.61450
806,19,-780,780.23,2.73765
807,49,143,151.16,0.53039
808,43,315,317.92,1.11551
809,99,-249,267.96,0.94021
810,142,-922,932.87,3.27323
811,365,-776,857.56,3.00897
812,93,-474,483.04,1.69487
813,-555,-250,608.71,2.13582
814,-727,-633,963.96,3.38231
815,-90,-1251,1254.23,4.40082
816,537,-1272,1380.71,4.84459
817,239,-426,488.46,1.71391
818,-550,317,634.81,2.22742
819,-716,136,728.80,2.55720
820,43,-459,461.01,1.61758
821,452,-973,1072.86,3.76443
822,223,-1295,1314.06,4.61074
823,261,-1083,1114.01,3.90879
824,388,-691,792.48,2.78063
825,300,-135,328.98,1.15430
826,-76,302,311.42,1.09269
827,-528,127,543.06,1.90547
828,-346,-407,534.20,1.87437
829,139,-545,562.45,1.97350
830,461,-694,833.16,2.92337
831,328,-858,918.56,3.22301
832,-509,-712,875.23,3.07098
833,-716,-604,936.73,3.28679
834,-271,-439,515.91,1.81021
835,130,-196,235.19,0.82524
836,-72,-184,197.59,0.69328
837,-190,-187,266.59,0.93540
838,14,-591,591.17,2.07427
839,334,-479,583.95,2.04895
840,26,-56,61.74,0.21664
841,16,229,229.56,0.80547
842,372,77,379.89,1.33293
843,495,-343,602.22,2.11307
844,432,-464,633.97,2.22446
845,431,-504,663.16,2.32687
# END
# FRAME,38,RX_TS,238913895431,FP_INDEX,749.7031,FP_INT,749,RXPACC,279,RXPWR,-68.51,STD_NOISE,164.00,NTM,13,NOISE_THRESH,2132.00,PEAK_IDX,752,PEAK_AMPL,19159,START,699,elapsed_s,3.9937
sample,real,imag,amplitude,amplitude_norm
699,34,-181,184.17,0.66009
700,215,108,240.60,0.86237
701,164,255,303.18,1.08668
702,-131,-276,305.51,1.09502
703,-245,-905,937.58,3.36049
704,-401,-944,1025.64,3.67613
705,-268,-824,866.49,3.10569
706,191,226,295.90,1.06057
707,549,683,876.29,3.14084
708,250,363,440.76,1.57978
709,236,-122,265.67,0.95222
710,69,-146,161.48,0.57879
711,-309,-89,321.56,1.15255
712,-245,-242,344.37,1.23429
713,-183,-227,291.58,1.04508
714,172,-167,239.74,0.85927
715,269,70,277.96,0.99627
716,46,149,155.94,0.55892
717,107,-18,108.50,0.38890
718,-327,-472,574.21,2.05809
719,-318,-900,954.53,3.42125
720,-342,-827,894.93,3.20762
721,-240,-576,624.00,2.23656
722,209,361,417.14,1.49511
723,437,725,846.52,3.03412
724,237,91,253.87,0.90993
725,67,-280,287.90,1.03192
726,26,-466,466.72,1.67285
727,-311,-587,664.30,2.38099
728,-559,-650,857.31,3.07280
729,-431,-418,600.40,2.15199
730,363,236,432.97,1.55187
731,433,667,795.22,2.85026
732,-16,389,389.33,1.39544
733,-40,319,321.50,1.15232
734,207,774,801.20,2.87169
735,377,1172,1231.14,4.41270
736,436,1041,1128.62,4.04522
737,474,820,947.14,3.39477
738,29,-65,71.18,0.25511
739,-126,-307,331.85,1.18943
740,77,272,282.69,1.01322
741,515,545,749.83,2.68757
742,732,777,1067.50,3.82616
743,750,847,1131.33,4.05495
744,556,1013,1155.55,4.14177
745,538,777,945.08,3.38738
746,272,-76,282.42,1.01225
747,-103,-313,329.51,1.18105
748,-236,279,365.43,1.30977
749,-2571,1737,3102.77,11.12106
750,-11668,6074,13154.30,47.14804
751,-16471,9955,19245.67,68.98090
752,-16381,11132,19805.52,70.98753
753,-13198,9052,16003.93,57.36177
754,3769,-2606,4582.20,16.42367
755,11253,-7981,13795.88,49.44761
756,2784,-2430,3695.34,13.24496
757,-2751,2090,3454.87,12.38303
758,133,1294,1300.82,4.66243
759,2592,215,2600.90,9.32223
760,2050,340,2078.00,7.44804
761,1260,159,1269.99,4.55194
762,657,-303,723.50,2.59320
763,621,-396,736.52,2.63985
764,1067,-1011,1469.90,5.26846
765,788,-863,1168.64,4.18866
766,634,-307,704.42,2.52480
767,1014,528,1143.23,4.09761
768,1527,602,1641.38,5.88309
769,1363,-640,1505.78,5.39706
770,691,-2285,2387.20,8.55626
771,-181,-1690,1699.66,6.09199
772,-359,-146,387.55,1.38908
773,-396,-867,953.16,3.41633
774,63,-2748,2748.72,9.85205
775,682,-1671,1804.82,6.46888
776,1248,885,1529.94,5.48367
777,1020,2251,2471.32,8.85776
778,393,1289,1347.58,4.83003
779,375,-555,669.81,2.40076
780,1202,-1553,1963.83,7.03880
781,2687,-1759,3211.55,11.51093
782,2441,-1450,2839.19,10.17630
783,625,-1428,1558.78,5.58704
784,-606,-1356,1485.25,5.32348
785,-1268,-1184,1734.84,6.21807
786,-834,-1165,1432.75,5.13531
787,458,-2585,2625.26,9.40953
788,3166,-4334,5367.23,19.23737
789,4331,-3666,5674.25,20.33782
790,2137,-1041,2377.07,8.51996
791,-31,366,367.31,1.31652
792,-450,346,567.64,2.03455
793,-563,275,626.57,2.24578
794,-391,271,475.73,1.70514
795,-155,-299,336.79,1.20712
796,-207,-582,617.72,2.21404
797,-101,-842,848.04,3.03956
798,-307,-866,918.81,3.29321
799,-190,-880,900.28,3.22680
800,-478,-819,948.29,3.39887
801,-796,-464,921.36,3.30238
802,-694,545,882.42,3.16279
803,-28,906,906.43,3.24886
804,263,873,911.76,3.26794
805,273,429,508.50,1.82257
806,523,159,546.64,1.95927
807,429,43,431.15,1.54534
808,560,-73,564.74,2.02415
809,924,47,925.19,3.31611
810,396,72,402.49,1.44262
811,-398,58,402.20,1.44159
812,-244,121,272.35,0.97618
813,516,181,546.82,1.95994
814,1071,207,1090.82,3.90975
815,638,245,683.42,2.44955
816,362,-238,433.23,1.55279
817,389,-755,849.32,3.04416
818,1058,-479,1161.38,4.16265
819,1453,225,1470.32,5.26996
820,928,584,1096.47,3.92999
821,113,34,118.00,0.42295
822,-243,-740,778.88,2.79167
823,238,-393,459.45,1.64677
824,739,297,796.45,2.85465
825,1191,440,1269.68,4.55082
826,1228,113,1233.19,4.42003
827,997,338,1052.74,3.77325
828,563,299,637.47,2.28484
829,15,148,148.76,0.53318
830,-297,-313,431.48,1.54654
831,128,-520,535.52,1.91943
832,435,-167,465.95,1.67009
833,523,255,581.85,2.08550
834,877,482,1000.73,3.58683
835,901,-1,901.00,3.22939
836,689,-719,995.83,3.56929
837,667,-571,878.03,3.14705
838,277,-16,277.46,0.99449
839,235,26,236.43,0.84743
840,209,-141,252.12,0.90364
841,440,-106,452.59,1.62218
842,638,99,645.64,2.31411
843,357,160,391.21,1.40220
844,-59,29,65.74,0.23563
845,-158,3,158.03,0.56641
846,154,353,385.13,1.38039
847,454,411,612.40,2.19499
848,590,412,719.61,2.57926
# END
# FRAME,39,RX_TS,245303690966,FP_INDEX,752.8281,FP_INT,752,RXPACC,263,RXPWR,-69.14,STD_NOISE,152.00,NTM,13,NOISE_THRESH,1976.00,PEAK_IDX,755,PEAK_AMPL,16598,START,702,elapsed_s,4.0881
sample,real,imag,amplitude,amplitude_norm
702,-161,-101,190.06,0.72265
703,129,-78,150.75,0.57319
704,234,59,241.32,0.91758
705,-119,-37,124.62,0.47384
706,-842,-233,873.64,3.32184
707,-936,-225,962.66,3.66032
708,-821,-209,847.18,3.22123
709,48,23,53.23,0.20238
710,729,84,733.82,2.79020
711,481,36,482.35,1.83401
712,111,-233,258.09,0.98133
713,-114,-178,211.38,0.80371
714,-237,161,286.51,1.08941
715,-247,82,260.26,0.98957
716,-293,71,301.48,1.14631
717,-109,-40,116.11,0.44147
718,110,-179,210.10,0.79885
719,137,35,141.40,0.53764
720,61,-69,92.10,0.35018
721,-426,139,448.10,1.70382
722,-799,-147,812.41,3.08901
723,-836,-190,857.32,3.25977
724,-690,-194,716.75,2.72530
725,209,-14,209.47,0.79646
726,752,57,754.16,2.86752
727,330,-51,333.92,1.26965
728,-165,-228,281.44,1.07012
729,-238,-306,387.66,1.47399
730,-551,-111,562.07,2.13715
731,-714,67,717.14,2.72676
732,-575,225,617.45,2.34774
733,147,-120,189.76,0.72152
734,724,-80,728.41,2.76961
735,462,190,499.54,1.89941
736,237,238,335.88,1.27710
737,572,191,603.05,2.29295
738,1048,446,1138.96,4.33063
739,1065,283,1101.96,4.18996
740,1041,140,1050.37,3.99381
741,211,-37,214.22,0.81452
742,-454,-22,454.53,1.72826
743,27,94,97.80,0.37187
744,532,-36,533.22,2.02744
745,922,-109,928.42,3.53012
746,1086,-147,1095.90,4.16693
747,1087,157,1098.28,4.17597
748,1022,80,1025.13,3.89782
749,315,-230,390.03,1.48301
750,-269,-105,288.77,1.09797
751,-22,283,283.85,1.07929
752,60,2036,2036.88,7.74481
753,-1304,10096,10179.86,38.70671
754,-1602,16208,16286.98,61.92767
755,-730,16453,16469.19,62.62048
756,-187,15543,15544.12,59.10314
757,-57,-41,70.21,0.26697
758,-141,-13086,13086.76,49.75954
759,-541,-5528,5554.41,21.11943
760,29,2782,2782.15,10.57852
761,949,1479,1757.28,6.68168
762,1476,-1739,2280.94,8.67278
763,1428,-1616,2156.53,8.19975
764,889,-865,1240.38,4.71628
765,152,-795,809.40,3.07757
766,-21,-546,546.40,2.07758
767,-155,-1168,1178.24,4.48000
768,-272,-1071,1105.00,4.20152
769,-121,-637,648.39,2.46536
770,695,-337,772.39,2.93686
771,1214,-749,1426.46,5.42381
772,522,-1186,1295.79,4.92697
773,-1103,-1876,2176.23,8.27465
774,-1596,-991,1878.64,7.14313
775,-447,74,453.08,1.72275
776,-535,216,576.96,2.19376
777,-2094,-1394,2515.57,9.56489
778,-1473,-1561,2146.26,8.16070
779,861,-685,1100.25,4.18345
780,2293,316,2314.67,8.80103
781,1558,562,1656.26,6.29758
782,27,-278,279.31,1.06201
783,-587,-1410,1527.31,5.80725
784,-43,-2685,2685.34,10.21043
785,290,-2945,2959.24,11.25188
786,-597,-1435,1554.23,5.90962
787,-1326,-432,1394.60,5.30265
788,-1671,340,1705.24,6.48380
789,-1469,289,1497.16,5.69262
790,-1658,-1131,2007.02,7.63125
791,-1799,-4303,4663.93,17.73356
792,-785,-5481,5536.93,21.05296
793,285,-2934,2947.81,11.20840
794,378,61,382.89,1.45586
795,10,574,574.09,2.18284
796,-124,646,657.79,2.50112
797,-8,633,633.05,2.40704
798,-173,50,180.08,0.68472
799,-515,-228,563.21,2.14149
800,-717,-328,788.46,2.99796
801,-845,-180,863.96,3.28501
802,-845,-275,888.62,3.37879
803,-865,-98,870.53,3.31001
804,-921,273,960.61,3.65251
805,-178,851,869.42,3.30577
806,587,704,916.62,3.48523
807,868,356,938.17,3.56718
808,530,91,537.76,2.04470
809,478,-303,565.94,2.15188
810,334,-314,458.42,1.74305
811,207,-421,469.14,1.78379
812,476,-610,773.74,2.94198
813,359,-351,502.08,1.90904
814,-115,316,336.28,1.27861
815,-35,416,417.47,1.58734
816,367,-194,415.12,1.57840
817,742,-656,990.40,3.76579
818,588,-334,676.24,2.57125
819,145,-325,355.88,1.35315
820,-299,-548,624.26,2.37363
821,-15,-1014,1014.11,3.85594
822,842,-975,1288.25,4.89829
823,1025,-570,1172.83,4.45942
824,257,-84,270.38,1.02806
825,-678,-38,679.06,2.58199
826,-469,-244,528.67,2.01017
827,377,-358,519.90,1.97680
828,988,-553,1132.23,4.30507
829,863,-869,1224.72,4.65672
830,819,-649,1044.97,3.97327
831,587,-277,649.07,2.46796
832,179,166,244.12,0.92823
833,-359,182,402.50,1.53041
834,-448,-315,547.66,2.08235
835,58,-450,453.72,1.72518
836,460,-266,531.37,2.02043
837,809,-278,855.43,3.25260
838,574,-567,806.82,3.06777
839,-181,-893,911.16,3.46448
840,-163,-812,828.20,3.14904
841,61,-245,252.48,0.96000
842,209,-65,218.87,0.83222
843,53,-203,209.80,0.79774
844,64,-298,304.80,1.15892
845,392,-398,558.63,2.12407
846,480,-134,498.35,1.89488
847,0,69,69.00,0.26236
848,-111,203,231.37,0.87972
849,374,227,437.50,1.66349
850,589,-48,590.95,2.24697
851,603,-204,636.57,2.42043
# END
# FRAME,40,RX_TS,251693486488,FP_INDEX,748.1094,FP_INT,748,RXPACC,264,RXPWR,-68.56,STD_NOISE,160.00,NTM,13,NOISE_THRESH,2080.00,PEAK_IDX,750,PEAK_AMPL,17450,START,698,elapsed_s,4.2051
sample,real,imag,amplitude,amplitude_norm
698,-122,52,132.62,0.50235
699,17,-197,197.73,0.74899
700,72,48,86.53,0.32778
701,-17,779,779.19,2.95146
702,70,992,994.47,3.76692
703,88,953,957.05,3.62521
704,-28,287,288.36,1.09228
705,-158,-591,611.76,2.31726
706,-104,-500,510.70,1.93448
707,-215,-47,220.08,0.83363
708,-259,233,348.38,1.31963
709,221,271,349.69,1.32458
710,248,233,340.28,1.28895
711,178,325,370.55,1.40361
712,39,308,310.46,1.17598
713,-132,68,148.49,0.56245
714,-11,-100,100.60,0.38107
715,-6,-73,73.25,0.27745
716,214,314,379.99,1.43935
717,146,847,859.49,3.25565
718,23,938,938.28,3.55410
719,72,869,871.98,3.30295
720,-10,139,139.36,0.52788
721,-152,-726,741.74,2.80963
722,-95,-399,410.15,1.55361
723,-279,278,393.86,1.49189
724,-282,377,470.80,1.78333
725,35,626,626.98,2.37492
726,203,852,875.85,3.31761
727,415,782,885.30,3.35339
728,41,202,206.12,0.78075
729,-293,-544,617.89,2.34048
730,61,-469,472.95,1.79148
731,143,-170,222.15,0.84146
732,58,-388,392.31,1.48603
733,198,-974,993.92,3.76485
734,7,-1014,1014.02,3.84100
735,-96,-1055,1059.36,4.01272
736,-90,-355,366.23,1.38724
737,50,463,465.69,1.76398
738,132,147,197.57,0.74836
739,-77,-407,414.22,1.56901
740,-270,-755,801.83,3.03722
741,-361,-919,987.36,3.74000
742,-175,-951,966.97,3.66276
743,-107,-940,946.07,3.58360
744,-312,-301,433.53,1.64214
745,-58,381,385.39,1.45981
746,248,117,274.21,1.03869
747,1333,-414,1395.81,5.28716
748,7872,-1116,7950.71,30.11634
749,15872,-2683,16097.17,60.97413
750,16482,-3980,16955.73,64.22624
751,16086,-4445,16688.84,63.21531
752,4196,-1031,4320.81,16.36669
753,-12153,3423,12625.86,47.82523
754,-7515,2625,7960.27,30.15252
755,1762,-347,1795.84,6.80244
756,2231,-1239,2551.96,9.66650
757,-1675,-934,1917.81,7.26442
758,-2123,-914,2311.39,8.75527
759,-1207,-799,1447.50,5.48295
760,-874,-80,877.65,3.32445
761,-442,130,460.72,1.74516
762,-890,407,978.65,3.70699
763,-1039,613,1206.35,4.56952
764,-654,464,801.88,3.03743
765,-495,-374,620.40,2.35001
766,-990,-980,1393.02,5.27658
767,-1251,-551,1366.97,5.17791
768,-1544,1297,2016.47,7.63814
769,-597,2069,2153.41,8.15685
770,175,791,810.13,3.06866
771,523,445,686.70,2.60113
772,-545,2150,2218.00,8.40152
773,-1087,2291,2535.79,9.60528
774,-957,-57,958.70,3.63142
775,-421,-2038,2081.03,7.88269
776,95,-1933,1935.33,7.33081
777,-262,-376,458.28,1.73591
778,-1061,860,1365.77,5.17336
779,-2436,951,2615.05,9.90550
780,-3132,586,3186.35,12.06950
781,-1522,931,1784.17,6.75820
782,-362,1381,1427.66,5.40779
783,612,1633,1743.91,6.60573
784,799,1492,1692.47,6.41088
785,-175,1756,1764.70,6.68446
786,-3102,2779,4164.76,15.77561
787,-5193,2585,5800.82,21.97279
788,-3775,980,3900.13,14.77322
789,-395,-280,484.17,1.83399
790,571,-281,636.40,2.41060
791,704,-49,705.70,2.67312
792,822,-150,835.57,3.16505
793,306,110,325.17,1.23171
794,31,607,607.79,2.30224
795,-54,691,693.11,2.62540
796,45,813,814.24,3.08426
797,-8,932,932.03,3.53043
798,-42,969,969.91,3.67390
799,448,1036,1128.72,4.27544
800,801,199,825.35,3.12632
801,525,-570,774.94,2.93536
802,131,-866,875.85,3.31762
803,-48,-609,610.89,2.31397
804,-305,-348,462.74,1.75281
805,-349,-199,401.75,1.52178
806,-457,2,457.00,1.73108
807,-613,-180,638.88,2.42000
808,-631,-258,681.71,2.58223
809,166,-1,166.00,0.62880
810,292,127,318.42,1.20615
811,-99,-102,142.14,0.53843
812,-670,-436,799.37,3.02793
813,-580,-522,780.31,2.95572
814,-380,-139,404.62,1.53267
815,-376,505,629.60,2.38486
816,-809,551,978.82,3.70764
817,-1119,-320,1163.86,4.40855
818,-1051,-733,1281.36,4.85365
819,-340,-294,449.48,1.70259
820,129,608,621.53,2.35430
821,-86,705,710.23,2.69025
822,-408,-116,424.17,1.60670
823,-749,-667,1002.94,3.79902
824,-1139,-545,1262.67,4.78286
825,-914,-594,1090.06,4.12902
826,-456,-602,755.21,2.86064
827,76,-210,223.33,0.84594
828,226,241,330.39,1.25147
829,-52,555,557.43,2.11148
830,-424,258,496.33,1.88002
831,-369,-224,431.67,1.63510
832,-461,-579,740.11,2.80344
833,-642,-547,843.43,3.19481
834,-783,233,816.93,3.09444
835,-769,472,902.30,3.41780
836,-464,190,501.39,1.89922
837,-111,-125,167.17,0.63322
838,-141,104,175.21,0.66366
839,-171,116,206.63,0.78270
840,-498,-127,513.94,1.94674
841,-342,-381,511.98,1.93932
842,-43,-43,60.81,0.23035
843,167,159,230.59,0.87343
844,145,-238,278.69,1.05565
845,-219,-456,505.86,1.91615
846,-281,-414,500.36,1.89529
847,-283,-413,500.66,1.89643
# END
# FRAME,41,RX_TS,258083272241,FP_INDEX,750.1094,FP_INT,750,RXPACC,265,RXPWR,-68.51,STD_NOISE,148.00,NTM,13,NOISE_THRESH,1924.00,PEAK_IDX,752,PEAK_AMPL,17672,START,700,elapsed_s,4.2946
sample,real,imag,amplitude,amplitude_norm
700,-78,-75,108.21,0.40833
701,129,-144,193.33,0.72955
702,55,118,130.19,0.49128
703,-343,688,768.76,2.90098
704,-398,899,983.16,3.71004
705,-312,827,883.90,3.33546
706,-57,136,147.46,0.55646
707,236,-590,635.45,2.39792
708,125,-432,449.72,1.69706
709,-200,-172,263.79,0.99543
710,-277,0,277.00,1.04528
711,48,284,288.03,1.08690
712,56,381,385.09,1.45318
713,-15,358,358.31,1.35213
714,-143,212,255.72,0.96498
715,-179,-38,182.99,0.69052
716,10,-9,13.45,0.05077
717,-3,-16,16.28,0.06143
718,66,399,404.42,1.52612
719,-286,781,831.72,3.13856
720,-421,819,920.87,3.47498
721,-235,753,788.82,2.97667
722,-6,78,78.23,0.29521
723,226,-798,829.39,3.12976
724,135,-445,465.03,1.75482
725,-282,139,314.40,1.18640
726,-392,282,482.90,1.82225
727,-251,587,638.41,2.40910
728,-173,808,826.31,3.11816
729,40,784,785.02,2.96234
730,-73,91,116.66,0.44023
731,27,-674,674.54,2.54544
732,239,-398,464.25,1.75187
733,310,-55,314.84,1.18808
734,244,-358,433.24,1.63488
735,615,-865,1061.34,4.00507
736,501,-947,1071.36,4.04286
737,415,-953,1039.44,3.92241
738,8,-402,402.08,1.51728
739,-183,378,419.97,1.58478
740,7,55,55.44,0.20922
741,147,-467,489.59,1.84751
742,56,-792,793.98,2.99614
743,78,-899,902.38,3.40520
744,259,-938,973.10,3.67208
745,406,-954,1036.80,3.91245
746,-42,-452,453.95,1.71301
747,-128,254,284.43,1.07332
748,238,158,285.67,1.07800
749,1411,265,1435.67,5.41762
750,7644,2679,8099.86,30.56552
751,15582,5374,16482.68,62.19878
752,16477,4939,17201.31,64.91062
753,16133,4083,16641.65,62.79869
754,3959,1019,4088.04,15.42655
755,-12409,-2483,12654.98,47.75465
756,-7715,-1117,7795.44,29.41676
757,1816,529,1891.48,7.13766
758,2502,-160,2507.11,9.46079
759,-1119,-1703,2037.74,7.68957
760,-1505,-1828,2367.83,8.93520
761,-680,-1196,1375.80,5.19168
762,-720,-465,857.10,3.23435
763,-543,-68,547.24,2.06506
764,-1036,-72,1038.50,3.91886
765,-1217,70,1219.01,4.60004
766,-742,162,759.48,2.86596
767,-281,-578,642.69,2.42523
768,-444,-1287,1361.43,5.13749
769,-884,-978,1318.31,4.97475
770,-1947,570,2028.72,7.65555
771,-1407,1567,2105.98,7.94708
772,-49,757,758.58,2.86258
773,391,562,684.63,2.58353
774,-1458,1542,2122.15,8.00812
775,-2032,1397,2465.89,9.30526
776,-824,-587,1011.70,3.81775
777,547,-1984,2058.02,7.76613
778,827,-1562,1767.42,6.66951
779,-214,-328,391.64,1.47788
780,-1498,369,1542.78,5.82181
781,-2520,-239,2531.31,9.55211
782,-2978,-843,3095.02,11.67931
783,-1773,121,1777.12,6.70613
784,-926,1171,1492.89,5.63354
785,-169,1747,1755.16,6.62323
786,70,1639,1640.49,6.19054
787,-968,1524,1805.44,6.81297
788,-4097,1119,4247.07,16.02666
789,-5769,-187,5772.03,21.78124
790,-3767,-918,3877.24,14.63111
791,-297,-409,505.46,1.90740
792,606,118,617.38,2.32974
793,599,350,693.76,2.61796
794,730,289,785.12,2.96274
795,294,221,367.80,1.38793
796,-216,509,552.93,2.08655
797,-336,624,708.71,2.67438
798,-314,786,846.40,3.19396
799,-386,812,899.08,3.39274
800,-414,858,952.66,3.59494
801,-50,1049,1050.19,3.96298
802,625,552,833.86,3.14666
803,784,-236,818.75,3.08962
804,512,-679,850.40,3.20907
805,219,-544,586.43,2.21293
806,-214,-485,530.11,2.00043
807,-142,-389,414.11,1.56267
808,-321,-223,390.86,1.47494
809,-519,-449,686.27,2.58969
810,-495,-512,712.16,2.68739
811,137,42,143.29,0.54073
812,305,184,356.20,1.34416
813,45,-163,169.10,0.63810
814,-384,-704,801.92,3.02610
815,-191,-660,687.08,2.59276
816,-225,-272,353.00,1.33208
817,-536,249,591.01,2.23024
818,-994,64,996.06,3.75871
819,-922,-854,1256.74,4.74242
820,-573,-1163,1296.49,4.89243
821,-90,-437,446.17,1.68367
822,-101,616,624.23,2.35557
823,-364,488,608.80,2.29737
824,-253,-359,439.19,1.65733
825,-326,-909,965.69,3.64411
826,-749,-1030,1273.54,4.80581
827,-492,-988,1103.72,4.16500
828,-166,-769,786.71,2.96873
829,159,-220,271.44,1.02431
830,226,375,437.84,1.65221
831,-240,529,580.90,2.19206
832,-468,16,468.27,1.76707
833,-208,-383,435.84,1.64466
834,-84,-746,750.71,2.83288
835,-295,-774,828.31,3.12571
836,-843,-130,852.96,3.21874
837,-930,-21,930.24,3.51033
838,-479,-63,483.13,1.82311
839,-16,-174,174.73,0.65937
840,-146,-28,148.66,0.56098
841,-300,62,306.34,1.15600
842,-389,-348,521.94,1.96960
843,-77,-478,484.16,1.82703
844,93,-70,116.40,0.43925
845,91,189,209.77,0.79157
846,208,-151,257.03,0.96993
847,24,-540,540.53,2.03975
848,15,-548,548.21,2.06870
849,-20,-673,673.30,2.54074
# END
# FRAME,42,RX_TS,264473067669,FP_INDEX,751.6875,FP_INT,751,RXPACC,263,RXPWR,-69.14,STD_NOISE,152.00,NTM,13,NOISE_THRESH,1976.00,PEAK_IDX,754,PEAK_AMPL,16858,START,701,elapsed_s,4.3871
sample,real,imag,amplitude,amplitude_norm
701,-21,230,230.96,0.87816
702,-25,-121,123.56,0.46979
703,68,-159,172.93,0.65753
704,37,343,344.99,1.31175
705,-140,972,982.03,3.73396
706,-69,1016,1018.34,3.87202
707,-97,741,747.32,2.84153
708,24,-213,214.35,0.81501
709,-30,-732,732.61,2.78561
710,-112,-307,326.79,1.24256
711,-347,106,362.83,1.37958
712,-170,241,294.93,1.12139
713,213,277,349.43,1.32861
714,156,265,307.51,1.16923
715,88,309,321.29,1.22162
716,-143,149,206.52,0.78524
717,-183,4,183.04,0.69598
718,54,-127,138.00,0.52473
719,-24,-9,25.63,0.09746
720,97,576,584.11,2.22095
721,-133,912,921.65,3.50436
722,-58,913,914.84,3.47848
723,-26,690,690.49,2.62544
724,18,-295,295.55,1.12376
725,4,-642,642.01,2.44111
726,-28,-117,120.30,0.45743
727,-175,255,309.27,1.17594
728,-240,412,476.81,1.81295
729,15,718,718.16,2.73063
730,139,806,817.90,3.10988
731,262,615,668.48,2.54176
732,-108,-203,229.94,0.87430
733,-111,-671,680.12,2.58600
734,146,-260,298.19,1.13379
735,203,-215,295.69,1.12431
736,134,-644,657.79,2.50112
737,248,-1058,1086.68,4.13185
738,107,-1016,1021.62,3.88448
739,31,-933,933.51,3.54949
740,-2,30,30.07,0.11432
741,14,425,425.23,1.61685
742,133,-113,174.52,0.66358
743,-139,-592,608.10,2.31217
744,-179,-948,964.75,3.66826
745,-207,-957,979.13,3.72293
746,8,-1020,1020.03,3.87845
747,-53,-845,846.66,3.21924
748,-229,-63,237.51,0.90307
749,66,330,336.54,1.27960
750,386,-59,390.48,1.48473
751,2702,-209,2710.07,10.30445
752,11623,133,11623.76,44.19681
753,16398,-708,16413.28,62.40790
754,16454,-1720,16543.65,62.90363
755,14044,-1727,14149.79,53.80147
756,-3212,460,3244.77,12.33753
757,-12844,1855,12977.26,49.34321
758,-3760,972,3883.60,14.76656
759,3166,-464,3199.82,12.16662
760,770,-1048,1300.46,4.94473
761,-1981,-1213,2322.87,8.83221
762,-1609,-1162,1984.72,7.54647
763,-926,-695,1157.80,4.40228
764,-740,10,740.07,2.81395
765,-619,91,625.65,2.37891
766,-1189,374,1246.43,4.73929
767,-989,491,1104.17,4.19838
768,-595,166,617.72,2.34875
769,-445,-690,821.05,3.12187
770,-921,-1066,1408.76,5.35649
771,-1233,-157,1242.96,4.72607
772,-1403,1512,2062.66,7.84280
773,-464,1581,1647.68,6.26495
774,287,414,503.75,1.91540
775,102,908,913.71,3.47419
776,-1320,2344,2690.12,10.22859
777,-1318,1313,1860.40,7.07377
778,-688,-970,1189.22,4.52175
779,76,-2056,2057.40,7.82283
780,151,-1139,1148.97,4.36869
781,-496,248,554.54,2.10854
782,-1560,794,1750.44,6.65566
783,-2894,401,2921.65,11.10893
784,-2701,267,2714.16,10.32002
785,-1164,1033,1556.27,5.91739
786,-115,1517,1521.35,5.78461
787,579,1737,1830.96,6.96182
788,437,1420,1485.72,5.64913
789,-1235,1970,2325.11,8.84071
790,-4262,2236,4812.93,18.30013
791,-5222,1201,5358.33,20.37387
792,-2449,-114,2451.65,9.32187
793,96,-334,347.52,1.32138
794,571,40,572.40,2.17642
795,691,122,701.69,2.66801
796,698,21,698.32,2.65519
797,145,308,340.42,1.29439
798,35,588,589.04,2.23970
799,-131,779,789.94,3.00357
800,-29,890,890.47,3.38583
801,-217,899,924.82,3.51642
802,-17,922,922.16,3.50630
803,504,870,1005.44,3.82298
804,891,57,892.82,3.39476
805,517,-561,762.90,2.90074
806,191,-790,812.76,3.09035
807,-121,-501,515.40,1.95971
808,-433,-390,582.74,2.21575
809,-322,-189,373.37,1.41966
810,-456,-83,463.49,1.76233
811,-707,-358,792.47,3.01320
812,-375,-159,407.32,1.54873
813,287,139,318.89,1.21250
814,242,9,242.17,0.92079
815,-244,-336,415.25,1.57889
816,-522,-606,799.82,3.04116
817,-279,-432,514.26,1.95537
818,-315,110,333.65,1.26865
819,-579,555,802.04,3.04958
820,-1118,182,1132.72,4.30691
821,-1189,-652,1356.03,5.15602
822,-789,-692,1049.47,3.99038
823,-159,-38,163.48,0.62159
824,32,738,738.69,2.80872
825,-177,356,397.57,1.51169
826,-378,-433,574.78,2.18548
827,-812,-832,1162.57,4.42042
828,-1061,-644,1241.15,4.71921
829,-683,-688,969.45,3.68612
830,-202,-512,550.41,2.09280
831,195,-146,243.60,0.92624
832,242,483,540.23,2.05412
833,-305,589,663.28,2.52199
834,-400,123,418.48,1.59119
835,-293,-428,518.68,1.97218
836,-446,-647,785.83,2.98794
837,-703,-332,777.45,2.95609
838,-884,342,947.85,3.60399
839,-869,276,911.78,3.46683
840,-358,-26,358.94,1.36480
841,-129,-88,156.16,0.59375
842,-201,107,227.71,0.86580
843,-328,-28,329.19,1.25168
844,-461,-350,578.81,2.20080
845,-180,-383,423.19,1.60908
846,108,43,116.25,0.44200
847,235,122,264.78,1.00677
848,158,-286,326.74,1.24236
849,-140,-488,507.68,1.93036
850,-291,-562,632.87,2.40635
# END
# FRAME,43,RX_TS,270862856443,FP_INDEX,753.7812,FP_INT,753,RXPACC,302,RXPWR,-69.29,STD_NOISE,176.00,NTM,13,NOISE_THRESH,2288.00,PEAK_IDX,756,PEAK_AMPL,19979,START,703,elapsed_s,4.4841
sample,real,imag,amplitude,amplitude_norm
703,22,-198,199.22,0.65966
704,265,69,273.84,0.90674
705,139,244,280.81,0.92985
706,-161,-228,279.11,0.92422
707,-463,-981,1084.77,3.59196
708,-557,-921,1076.33,3.56401
709,-419,-755,863.47,2.85918
710,106,280,299.39,0.99137
711,629,689,932.93,3.08918
712,345,291,451.34,1.49450
713,328,-204,386.26,1.27902
714,20,-231,231.86,0.76776
715,-353,-20,353.57,1.17075
716,-272,-143,307.30,1.01755
717,-276,-226,356.72,1.18121
718,31,-241,242.99,0.80459
719,237,-63,245.23,0.81202
720,61,161,172.17,0.57009
721,137,-25,139.26,0.46113
722,-445,-408,603.73,1.99910
723,-450,-880,988.38,3.27279
724,-439,-852,958.45,3.17367
725,-411,-657,774.96,2.56611
726,240,281,369.54,1.22365
727,588,724,932.70,3.08839
728,329,174,372.18,1.23238
729,71,-349,356.15,1.17930
730,-17,-551,551.26,1.82537
731,-460,-636,784.92,2.59907
732,-618,-586,851.66,2.82006
733,-603,-276,663.16,2.19590
734,304,152,339.88,1.12544
735,598,576,830.29,2.74930
736,134,367,390.70,1.29370
737,52,308,312.36,1.03430
738,316,712,778.97,2.57938
739,588,1246,1377.77,4.56216
740,655,1018,1210.52,4.00833
741,711,865,1119.71,3.70764
742,123,45,130.97,0.43369
743,-234,-367,435.25,1.44123
744,46,234,238.48,0.78966
745,562,504,754.89,2.49964
746,864,693,1107.59,3.66750
747,1015,773,1275.83,4.22462
748,767,1015,1272.21,4.21261
749,753,870,1150.61,3.80997
750,375,-83,384.08,1.27177
751,-206,-326,385.63,1.27693
752,-135,287,317.17,1.05022
753,-2156,2086,2999.96,9.93363
754,-10886,8091,13563.53,44.91234
755,-16445,13410,21219.47,70.26316
756,-16301,14733,21972.34,72.75610
757,-13343,12670,18400.12,60.92756
758,2372,-2274,3285.95,10.88063
759,10822,-10677,15202.43,50.33919
760,3078,-3637,4764.65,15.77697
761,-2497,2606,3609.19,11.95096
762,63,1589,1590.25,5.26572
763,2856,-246,2866.57,9.49197
764,2382,-46,2382.44,7.88889
765,1412,48,1412.82,4.67820
766,711,-409,820.25,2.71604
767,514,-528,736.87,2.43997
768,921,-1116,1446.96,4.79126
769,617,-992,1168.23,3.86830
770,456,-460,647.72,2.14475
771,1016,407,1094.49,3.62413
772,1744,452,1801.62,5.96563
773,1393,-622,1525.56,5.05152
774,427,-2313,2352.08,7.78836
775,-553,-1871,1951.01,6.46031
776,-451,-227,504.91,1.67187
777,-637,-661,917.98,3.03967
778,-290,-3037,3050.81,10.10203
779,501,-2178,2234.88,7.40026
780,1515,465,1584.76,5.24753
781,1503,2112,2592.21,8.58348
782,671,1238,1408.15,4.66275
783,328,-589,674.17,2.23235
784,970,-1766,2014.86,6.67172
785,2478,-2297,3378.86,11.18828
786,2435,-2077,3200.49,10.59766
787,570,-1743,1833.83,6.07230
788,-793,-1521,1715.31,5.67984
789,-1623,-1195,2015.48,6.67377
790,-1193,-1020,1569.60,5.19736
791,-153,-2469,2473.74,8.19118
792,2574,-4909,5542.90,18.35398
793,4078,-4718,6236.15,20.64952
794,2446,-1528,2884.04,9.54981
795,277,516,585.65,1.93924
796,-407,555,688.24,2.27894
797,-667,402,778.78,2.57873
798,-548,456,712.91,2.36063
799,-281,-100,298.26,0.98763
800,-316,-485,578.86,1.91676
801,-301,-851,902.66,2.98895
802,-453,-897,1004.90,3.32747
803,-353,-941,1005.03,3.32792
804,-553,-868,1029.19,3.40792
805,-955,-508,1081.71,3.58181
806,-634,582,860.63,2.84976
807,35,922,922.66,3.05518
808,408,824,919.48,3.04463
809,494,405,638.80,2.11522
810,714,142,727.98,2.41054
811,521,68,525.42,1.73980
812,583,-118,594.82,1.96961
813,981,-66,983.22,3.25569
814,542,-11,542.11,1.79507
815,-340,114,358.60,1.18743
816,-229,232,325.98,1.07941
817,480,127,496.52,1.64410
818,1042,181,1057.60,3.50200
819,723,189,747.30,2.47449
820,429,-277,510.66,1.69092
821,278,-808,854.49,2.82943
822,1007,-828,1303.70,4.31689
823,1625,-110,1628.72,5.39311
824,1250,152,1259.21,4.16956
825,193,-51,199.62,0.66101
826,-509,-624,805.27,2.66645
827,-13,-474,474.18,1.57013
828,764,87,768.94,2.54615
829,1489,331,1525.35,5.05082
830,1531,-72,1532.69,5.07514
831,1237,223,1256.94,4.16205
832,597,318,676.41,2.23977
833,-33,300,301.81,0.99937
834,-416,-278,500.34,1.65675
835,3,-650,650.01,2.15234
836,465,-273,539.22,1.78548
837,675,283,731.92,2.42359
838,910,438,1009.92,3.34412
839,1008,31,1008.48,3.33933
840,781,-889,1183.34,3.91833
841,687,-853,1095.25,3.62666
842,386,-197,433.36,1.43498
843,302,18,302.54,1.00177
844,197,-160,253.79,0.84036
845,368,-190,414.15,1.37137
846,708,110,716.49,2.37250
847,499,278,571.21,1.89144
848,-37,32,48.92,0.16198
849,-243,149,285.04,0.94385
850,203,516,554.50,1.83608
851,545,374,660.98,2.18869
852,650,360,743.03,2.46038
# END
# FRAME,44,RX_TS,277252651849,FP_INDEX,746.9844,FP_INT,746,RXPACC,279,RXPWR,-68.37,STD_NOISE,156.00,NTM,13,NOISE_THRESH,2028.00,PEAK_IDX,749,PEAK_AMPL,19028,START,696,elapsed_s,4.5943
sample,real,imag,amplitude,amplitude_norm
696,-18,-168,168.96,0.60560
697,216,-91,234.39,0.84009
698,261,119,286.85,1.02813
699,-148,-85,170.67,0.61173
700,-667,-642,925.77,3.31818
701,-783,-699,1049.61,3.76206
702,-671,-587,891.52,3.19542
703,52,9,52.77,0.18915
704,699,417,813.93,2.91733
705,509,188,542.61,1.94484
706,267,-166,314.40,1.12687
707,-9,-297,297.14,1.06500
708,-327,19,327.55,1.17402
709,-342,-74,349.91,1.25417
710,-324,-107,341.21,1.22298
711,-80,-209,223.79,0.80211
712,137,-167,216.00,0.77421
713,90,117,147.61,0.52907
714,97,1,97.01,0.34769
715,-392,-127,412.06,1.47692
716,-646,-607,886.43,3.17718
717,-642,-652,915.02,3.27965
718,-578,-509,770.17,2.76047
719,225,95,244.23,0.87539
720,754,477,892.21,3.19790
721,313,192,367.20,1.31612
722,35,-314,315.94,1.13242
723,-59,-393,397.40,1.42439
724,-477,-395,619.32,2.21978
725,-768,-302,825.24,2.95786
726,-656,-96,662.99,2.37630
727,173,-6,173.10,0.62044
728,737,335,809.56,2.90166
729,272,366,456.00,1.63442
730,122,243,271.91,0.97457
731,431,469,636.96,2.28302
732,749,926,1191.00,4.26881
733,863,802,1178.12,4.22266
734,903,641,1107.38,3.96910
735,214,43,218.28,0.78236
736,-346,-293,453.39,1.62506
737,27,152,154.38,0.55333
738,567,334,658.06,2.35864
739,920,366,990.13,3.54885
740,1066,364,1126.43,4.03740
741,957,687,1178.06,4.22243
742,954,628,1142.15,4.09372
743,385,-110,400.41,1.43515
744,-204,-236,311.95,1.11810
745,-119,254,280.49,1.00536
746,-878,1870,2065.86,7.40452
747,-6179,8726,10692.20,38.32329
748,-10555,15639,18867.60,67.62581
749,-10310,16475,19435.06,69.65973
750,-8725,15592,17867.18,64.04007
751,-175,276,326.80,1.17134
752,6572,-12608,14218.05,50.96074
753,2457,-5710,6216.18,22.28023
754,-1280,2562,2863.96,10.26508
755,-57,1947,1947.83,6.98148
756,2245,-865,2405.88,8.62322
757,2161,-768,2293.41,8.22012
758,1324,-330,1364.51,4.89070
759,572,-566,804.70,2.88422
760,253,-491,552.35,1.97975
761,421,-1083,1161.95,4.16470
762,399,-1179,1244.69,4.46124
763,203,-713,741.34,2.65712
764,793,-10,793.06,2.84252
765,1561,-125,1566.00,5.61289
766,1136,-881,1437.59,5.15264
767,-170,-2442,2447.91,8.77387
768,-1131,-1752,2085.35,7.47436
769,-572,-115,583.45,2.09120
770,-731,48,732.57,2.62571
771,-1187,-2248,2542.14,9.11161
772,-472,-2208,2257.89,8.09278
773,1276,-316,1314.55,4.71164
774,2033,1334,2431.59,8.71539
775,1196,1086,1615.49,5.79029
776,244,-455,516.30,1.85052
777,178,-1731,1740.13,6.23702
778,1262,-2692,2973.13,10.65638
779,1617,-2715,3160.05,11.32634
780,156,-1805,1811.73,6.49365
781,-946,-1153,1491.42,5.34558
782,-1735,-596,1834.51,6.57532
783,-1541,-410,1594.61,5.71545
784,-1063,-1716,2018.57,7.23502
785,522,-4737,4765.67,17.08127
786,2202,-5486,5911.43,21.18792
787,1881,-2597,3206.64,11.49335
788,492,315,584.20,2.09390
789,-133,640,653.67,2.34292
790,-322,527,617.59,2.21357
791,-262,659,709.17,2.54184
792,-178,141,227.08,0.81390
793,-409,-364,547.52,1.96243
794,-484,-592,764.67,2.74075
795,-684,-667,955.38,3.42429
796,-656,-694,954.97,3.42284
797,-690,-572,896.26,3.21241
798,-944,-200,964.95,3.45862
799,-520,603,796.25,2.85393
800,191,840,861.44,3.08760
801,657,739,988.82,3.54417
802,504,287,579.99,2.07881
803,680,-93,686.33,2.45996
804,561,-100,569.84,2.04245
805,524,-237,575.10,2.06131
806,798,-328,862.78,3.09240
807,601,-279,662.60,2.37492
808,-224,137,262.57,0.94112
809,-212,311,376.38,1.34905
810,281,193,340.90,1.22185
811,937,-96,941.90,3.37600
812,735,30,735.61,2.63660
813,344,-243,421.17,1.50957
814,-66,-745,747.92,2.68071
815,409,-991,1072.08,3.84259
816,1243,-540,1355.23,4.85746
817,1245,-278,1275.66,4.57226
818,306,-135,334.46,1.19877
819,-672,-375,769.55,2.75825
820,-348,-472,586.42,2.10186
821,588,-189,617.63,2.21372
822,1278,-38,1278.56,4.58267
823,1342,-428,1408.60,5.04874
824,1222,-176,1234.61,4.42512
825,763,59,765.28,2.74293
826,174,240,296.44,1.06250
827,-373,63,378.28,1.35585
828,-223,-497,544.74,1.95246
829,291,-420,510.96,1.83140
830,567,-26,567.60,2.03439
831,916,189,935.30,3.35231
832,932,-145,943.21,3.38069
833,446,-924,1026.01,3.67745
834,300,-970,1015.33,3.63918
835,280,-282,397.40,1.42436
836,298,67,305.44,1.09476
837,159,-181,240.92,0.86351
838,217,-265,342.51,1.22764
839,688,-159,706.13,2.53095
840,586,97,593.97,2.12894
841,56,68,88.09,0.31574
842,-163,179,242.10,0.86772
843,197,345,397.28,1.42395
844,542,198,577.03,2.06822
845,655,127,667.20,2.39139
# END
# FRAME,45,RX_TS,283642447206,FP_INDEX,747.9375,FP_INT,747,RXPACC,273,RXPWR,-68.29,STD_NOISE,160.00,NTM,13,NOISE_THRESH,2080.00,PEAK_IDX,750,PEAK_AMPL,18621,START,697,elapsed_s,4.7109
sample,real,imag,amplitude,amplitude_norm
697,-220,234,321.18,1.17648
698,-72,-148,164.58,0.60287
699,119,-268,293.23,1.07411
700,-52,147,155.93,0.57116
701,-571,746,939.45,3.44119
702,-582,838,1020.28,3.73728
703,-496,801,942.13,3.45104
704,97,-1,97.01,0.35533
705,331,-607,691.38,2.53254
706,132,-402,423.12,1.54988
707,-222,-193,294.16,1.07753
708,-265,40,268.00,0.98169
709,75,378,385.37,1.41161
710,-31,434,435.11,1.59379
711,-105,429,441.66,1.61781
712,-165,142,217.69,0.79740
713,-71,-130,148.12,0.54258
714,127,-48,135.77,0.49732
715,26,-61,66.31,0.24289
716,-87,513,520.32,1.90595
717,-468,684,828.78,3.03583
718,-502,644,816.54,2.99099
719,-371,609,713.11,2.61211
720,74,-145,162.79,0.59631
721,460,-758,886.66,3.24783
722,170,-330,371.21,1.35976
723,-233,55,239.40,0.87694
724,-400,172,435.41,1.59492
725,-299,589,660.55,2.41959
726,-237,818,851.64,3.11957
727,0,721,721.00,2.64103
728,-13,-201,201.42,0.73780
729,276,-671,725.55,2.65768
730,345,-232,415.75,1.52290
731,284,-84,296.16,1.08484
732,446,-462,642.15,2.35221
733,844,-745,1125.77,4.12370
734,691,-824,1075.39,3.93915
735,598,-882,1065.61,3.90334
736,29,-178,180.35,0.66061
737,-217,337,400.82,1.46821
738,123,-15,123.91,0.45389
739,210,-504,546.00,2.00000
740,279,-821,867.11,3.17623
741,308,-965,1012.96,3.71048
742,605,-938,1116.19,4.08859
743,546,-910,1061.23,3.88730
744,-70,-333,340.28,1.24644
745,-220,324,391.63,1.43455
746,345,167,383.29,1.40401
747,1964,815,2126.39,7.78896
748,9006,5464,10533.91,38.58576
749,15772,9059,18188.50,66.62453
750,16475,8749,18653.97,68.32956
751,15514,7327,17157.19,62.84685
752,-22,122,123.97,0.45409
753,-12704,-5375,13794.28,50.52851
754,-5566,-1804,5851.05,21.43241
755,2655,1152,2894.15,10.60130
756,1871,-186,1880.22,6.88726
757,-1038,-2139,2377.55,8.70899
758,-992,-2052,2279.20,8.34873
759,-451,-1207,1288.51,4.71981
760,-627,-460,777.64,2.84851
761,-526,-175,554.35,2.03058
762,-1145,-278,1178.27,4.31599
763,-1181,-162,1192.06,4.36652
764,-732,-79,736.25,2.69689
765,-88,-838,842.61,3.08648
766,-217,-1456,1472.08,5.39224
767,-865,-1016,1334.35,4.88772
768,-2294,380,2325.26,8.51744
769,-1678,1302,2123.89,7.77980
770,-198,714,740.95,2.71409
771,-20,871,871.23,3.19132
772,-2068,1421,2509.16,9.19105
773,-2065,686,2175.96,7.97057
774,-410,-1187,1255.81,4.60005
775,1125,-2012,2305.16,8.44381
776,1045,-1167,1566.50,5.73809
777,-351,-107,366.95,1.34413
778,-1768,12,1768.04,6.47634
779,-2771,-1065,2968.61,10.87404
780,-2763,-1434,3112.96,11.40279
781,-1743,58,1743.96,6.38815
782,-1046,1141,1547.90,5.66997
783,-474,1726,1789.90,6.55642
784,-433,1495,1556.44,5.70126
785,-1709,1275,2132.21,7.81028
786,-4697,-35,4697.13,17.20561
787,-5508,-1561,5724.93,20.97043
788,-2604,-1527,3018.70,11.05751
789,260,-305,400.78,1.46806
790,617,240,662.03,2.42503
791,508,393,642.27,2.35264
792,613,360,710.89,2.60400
793,89,366,376.67,1.37973
794,-449,515,683.25,2.50273
795,-696,597,916.97,3.35885
796,-577,781,971.03,3.55687
797,-672,742,1001.07,3.66694
798,-543,837,997.71,3.65460
799,-138,1064,1072.91,3.93008
800,703,527,878.60,3.21832
801,853,-291,901.27,3.30136
802,608,-607,859.14,3.14701
803,206,-515,554.67,2.03177
804,-90,-649,655.21,2.40004
805,-60,-429,433.18,1.58672
806,-261,-327,418.39,1.53256
807,-338,-648,730.85,2.67712
808,-272,-505,573.59,2.10107
809,221,125,253.90,0.93004
810,338,236,412.24,1.51003
811,106,-286,305.01,1.11726
812,-225,-860,888.95,3.25621
813,-143,-700,714.46,2.61706
814,-307,-274,411.49,1.50729
815,-772,164,789.23,2.89094
816,-1068,-309,1111.80,4.07254
817,-699,-1096,1299.93,4.76165
818,-327,-1160,1205.21,4.41469
819,-143,-275,309.96,1.13538
820,-362,655,748.38,2.74131
821,-437,298,528.94,1.93749
822,-151,-560,580.00,2.12455
823,-159,-1199,1209.50,4.43039
824,-545,-1122,1247.36,4.56909
825,-279,-989,1027.60,3.76410
826,80,-640,644.98,2.36257
827,314,-139,343.39,1.25784
828,65,408,413.15,1.51335
829,-442,286,526.46,1.92842
830,-390,-213,444.37,1.62775
831,-25,-513,513.61,1.88135
832,147,-850,862.62,3.15977
833,-272,-791,836.46,3.06396
834,-957,-245,987.86,3.61855
835,-903,-134,912.89,3.34391
836,-274,-89,288.09,1.05528
837,33,-132,136.06,0.49840
838,-157,-15,157.71,0.57771
839,-212,-131,249.21,0.91285
840,-141,-541,559.07,2.04788
841,22,-502,502.48,1.84059
842,-11,6,12.53,0.04590
843,114,226,253.12,0.92720
844,348,-158,382.19,1.39996
845,186,-482,516.64,1.89247
846,53,-585,587.40,2.15163
# END
# FRAME,46,RX_TS,290032242540,FP_INDEX,747.6562,FP_INT,747,RXPACC,262,RXPWR,-68.28,STD_NOISE,128.00,NTM,13,NOISE_THRESH,1664.00,PEAK_IDX,750,PEAK_AMPL,17772,START,697,elapsed_s,4.7829
sample,real,imag,amplitude,amplitude_norm
697,182,121,218.55,0.83417
698,-51,176,183.24,0.69939
699,-142,-1,142.00,0.54200
700,310,-17,310.47,1.18498
701,969,49,970.24,3.70320
702,987,-43,987.94,3.77075
703,564,-75,568.96,2.17162
704,-492,108,503.71,1.92257
705,-664,269,716.42,2.73443
706,-167,194,255.98,0.97702
707,206,297,361.45,1.37957
708,299,54,303.84,1.15968
709,206,-205,290.62,1.10924
710,332,-120,353.02,1.34741
711,338,20,338.59,1.29233
712,46,222,226.72,0.86533
713,-52,190,196.99,0.75186
714,-56,106,119.88,0.45757
715,141,157,211.02,0.80542
716,614,-86,619.99,2.36639
717,951,33,951.57,3.63196
718,860,-47,861.28,3.28734
719,431,-26,431.78,1.64803
720,-598,197,629.61,2.40310
721,-715,210,745.20,2.84428
722,-4,189,189.04,0.72154
723,353,194,402.80,1.53739
724,444,137,464.66,1.77350
725,746,-149,760.73,2.90357
726,729,-240,767.49,2.92935
727,418,-195,461.25,1.76049
728,-366,279,460.21,1.75654
729,-649,174,671.92,2.56458
730,-319,67,325.96,1.24412
731,-238,24,239.21,0.91300
732,-647,60,649.78,2.48006
733,-1072,55,1073.41,4.09698
734,-997,201,1017.06,3.88191
735,-659,243,702.37,2.68082
736,319,26,320.06,1.22159
737,422,-5,422.03,1.61080
738,-192,58,200.57,0.76553
739,-565,239,613.47,2.34149
740,-850,340,915.48,3.49419
741,-896,533,1042.55,3.97919
742,-990,237,1017.97,3.88539
743,-614,227,654.62,2.49854
744,239,157,285.95,1.09143
745,371,-39,373.04,1.42383
746,-131,-310,336.54,1.28451
747,-714,-2905,2991.46,11.41778
748,-2132,-11985,12173.15,46.46241
749,-4137,-16460,16971.93,64.77836
750,-5175,-16452,17246.71,65.82713
751,-3481,-10807,11353.79,43.33509
752,2604,8312,8710.35,33.24560
753,4268,12702,13399.87,51.14456
754,1097,2163,2425.28,9.25679
755,-1227,-3327,3546.05,13.53454
756,-1157,-198,1173.82,4.48023
757,-765,2354,2475.19,9.44727
758,-772,1872,2024.94,7.72877
759,-341,1040,1094.48,4.17740
760,179,498,529.19,2.01982
761,283,767,817.54,3.12040
762,630,1247,1397.11,5.33247
763,630,782,1004.20,3.83284
764,222,588,628.51,2.39890
765,-633,729,965.47,3.68500
766,-801,1226,1464.47,5.58959
767,588,1647,1748.81,6.67487
768,2139,1349,2528.86,9.65213
769,1660,293,1685.66,6.43382
770,273,-448,524.63,2.00239
771,1084,-217,1105.51,4.21949
772,2759,916,2907.08,11.09574
773,1314,1252,1814.97,6.92735
774,-1292,1046,1662.34,6.34482
775,-2431,226,2441.48,9.31863
776,-837,65,839.52,3.20428
777,787,577,975.86,3.72465
778,1233,1644,2055.00,7.84351
779,873,2921,3048.67,11.63613
780,761,2597,2706.20,10.32902
781,1252,954,1574.05,6.00781
782,1505,-67,1506.49,5.74996
783,1399,-703,1565.70,5.97595
784,1195,-415,1265.01,4.82828
785,2254,1197,2552.12,9.74092
786,2935,4273,5183.89,19.78585
787,1949,4951,5320.81,20.30843
788,263,2121,2137.24,8.15742
789,-313,-174,358.11,1.36684
790,-169,-536,562.01,2.14508
791,-212,-684,716.10,2.73321
792,-140,-363,389.06,1.48497
793,344,-60,349.19,1.33280
794,610,4,610.01,2.32829
795,910,141,920.86,3.51473
796,982,21,982.22,3.74895
797,980,69,982.43,3.74972
798,988,-192,1006.48,3.84154
799,533,-603,804.80,3.07174
800,-396,-606,723.91,2.76303
801,-791,-222,821.56,3.13574
802,-795,-46,796.33,3.03943
803,-419,250,487.91,1.86227
804,-315,471,566.63,2.16270
805,-168,427,458.86,1.75138
806,-84,551,557.37,2.12735
807,-234,868,898.99,3.43125
808,-86,142,166.01,0.63363
809,63,-440,444.49,1.69652
810,-52,-228,233.85,0.89258
811,-300,237,382.32,1.45924
812,-496,615,790.09,3.01561
813,-365,462,588.79,2.24727
814,226,435,490.21,1.87101
815,703,580,911.38,3.47854
816,224,1157,1178.48,4.49803
817,-465,1249,1332.75,5.08684
818,-521,801,955.53,3.64707
819,172,48,178.57,0.68157
820,791,-160,807.02,3.08023
821,366,174,405.26,1.54678
822,-346,612,703.04,2.68334
823,-621,1188,1340.52,5.11648
824,-448,1047,1138.82,4.34664
825,-538,778,945.90,3.61031
826,-381,386,542.36,2.07009
827,-56,-225,231.86,0.88498
828,460,-230,514.30,1.96296
829,547,290,619.12,2.36305
830,68,507,511.54,1.95244
831,-492,436,657.39,2.50912
832,-693,591,910.79,3.47628
833,-114,758,766.52,2.92567
834,600,986,1154.21,4.40537
835,456,830,947.01,3.61456
836,78,385,392.82,1.49932
837,-8,174,174.18,0.66482
838,151,213,261.09,0.99654
839,-19,502,502.36,1.91740
840,-437,528,685.39,2.61597
841,-329,263,421.20,1.60764
842,90,-115,146.03,0.55737
843,69,-163,177.00,0.67558
844,-336,36,337.92,1.28978
845,-468,274,542.31,2.06989
846,-416,352,544.94,2.07993
# END
# FRAME,47,RX_TS,296421986652,FP_INDEX,748.0312,FP_INT,748,RXPACC,262,RXPWR,-68.33,STD_NOISE,124.00,NTM,13,NOISE_THRESH,1612.00,PEAK_IDX,750,PEAK_AMPL,17687,START,698,elapsed_s,4.8786
sample,real,imag,amplitude,amplitude_norm
698,-61,149,161.00,0.61452
699,-178,-108,208.20,0.79466
700,122,21,123.79,0.47250
701,752,438,870.26,3.32159
702,952,482,1067.07,4.07277
703,841,306,894.94,3.41580
704,-83,-56,100.12,0.38216
705,-765,-142,778.07,2.96972
706,-430,0,430.00,1.64122
707,-69,324,331.27,1.26437
708,159,330,366.31,1.39812
709,339,-25,339.92,1.29741
710,356,-40,358.24,1.36733
711,305,139,335.18,1.27931
712,88,285,298.28,1.13846
713,-147,154,212.90,0.81258
714,-95,-11,95.63,0.36502
715,-76,121,142.89,0.54537
716,399,84,407.75,1.55628
717,815,459,935.36,3.57009
718,795,486,931.78,3.55643
719,652,309,721.52,2.75388
720,-235,-64,243.56,0.92961
721,-732,-182,754.29,2.87896
722,-274,97,290.66,1.10940
723,160,310,348.86,1.33151
724,248,324,408.02,1.55733
725,638,244,683.07,2.60712
726,743,145,757.02,2.88938
727,590,25,590.53,2.25393
728,-166,66,178.64,0.68183
729,-625,-52,627.16,2.39374
730,-396,-139,419.69,1.60186
731,-228,-107,251.86,0.96129
732,-400,-109,414.59,1.58239
733,-785,-500,930.71,3.55234
734,-940,-439,1037.46,3.95977
735,-989,-225,1014.27,3.87126
736,-25,135,137.30,0.52403
737,519,223,564.88,2.15603
738,39,-69,79.26,0.30252
739,-494,-29,494.85,1.88874
740,-792,-112,799.88,3.05298
741,-967,-34,967.60,3.69312
742,-997,-268,1032.39,3.94043
743,-899,-298,947.10,3.61490
744,-123,149,193.21,0.73744
745,376,278,467.61,1.78477
746,158,-87,180.37,0.68843
747,374,-1581,1624.63,6.20089
748,3029,-8406,8935.08,34.10336
749,5291,-15775,16638.67,63.50637
750,4657,-16486,17131.14,65.38602
751,3395,-14636,15024.60,57.34579
752,-540,2715,2768.18,10.56558
753,-2829,14123,14403.55,54.97540
754,-765,6105,6152.74,23.48375
755,651,-2704,2781.26,10.61550
756,-296,-2062,2083.14,7.95090
757,-1725,1288,2152.80,8.21681
758,-1705,1560,2310.98,8.82053
759,-953,747,1210.87,4.62166
760,-204,548,584.74,2.23183
761,-76,647,651.45,2.48644
762,-92,1336,1339.16,5.11131
763,103,1145,1149.62,4.38788
764,78,732,736.14,2.80971
765,-648,367,744.71,2.84240
766,-1242,516,1344.92,5.13330
767,-693,1242,1422.26,5.42846
768,898,2198,2374.36,9.06246
769,1686,1441,2217.90,8.46526
770,730,2,730.00,2.78627
771,737,-322,804.27,3.06974
772,1778,1576,2375.93,9.06845
773,1218,2010,2350.24,8.97038
774,-933,828,1247.43,4.76117
775,-2316,-692,2417.17,9.22585
776,-1282,-736,1478.25,5.64217
777,134,386,408.60,1.55953
778,468,1722,1784.46,6.81093
779,-382,2802,2827.92,10.79359
780,-861,3056,3174.97,12.11822
781,268,1777,1797.10,6.85914
782,1147,949,1488.69,5.68204
783,1619,122,1623.59,6.19691
784,1222,-48,1222.94,4.66772
785,1397,1168,1820.94,6.95016
786,905,4402,4494.07,17.15292
787,-356,5536,5547.43,21.17341
788,-951,3129,3270.33,12.48217
789,-356,-6,356.05,1.35897
790,126,-548,562.30,2.14618
791,262,-602,656.54,2.50589
792,73,-547,551.85,2.10630
793,188,-69,200.26,0.76436
794,539,298,615.89,2.35074
795,776,513,930.24,3.55053
796,789,455,910.79,3.47631
797,730,517,894.53,3.41425
798,824,351,895.64,3.41849
799,938,-93,942.60,3.59771
800,199,-679,707.56,2.70061
801,-552,-704,894.61,3.41453
802,-741,-381,833.21,3.18020
803,-444,-50,446.81,1.70537
804,-537,298,614.14,2.34406
805,-455,215,503.24,1.92076
806,-335,338,475.89,1.81636
807,-600,588,840.09,3.20643
808,-347,348,491.44,1.87572
809,253,-179,309.92,1.18290
810,193,-377,423.53,1.61653
811,-157,-28,159.48,0.60869
812,-608,349,701.05,2.67575
813,-606,272,664.24,2.53528
814,-243,344,421.17,1.60752
815,286,729,783.09,2.98891
816,-70,1083,1085.26,4.14221
817,-902,896,1271.39,4.85261
818,-1151,596,1296.15,4.94715
819,-313,207,375.26,1.43228
820,605,245,652.73,2.49132
821,414,401,576.37,2.19987
822,-383,309,492.11,1.87827
823,-1084,540,1211.06,4.62235
824,-882,774,1173.46,4.47884
825,-835,376,915.75,3.49523
826,-620,130,633.48,2.41787
827,-185,-159,243.94,0.93106
828,321,-154,356.03,1.35889
829,434,377,574.88,2.19419
830,-59,561,564.09,2.15303
831,-516,294,593.88,2.26671
832,-856,98,861.59,3.28852
833,-702,294,761.08,2.90488
834,-10,884,884.06,3.37426
835,21,1025,1025.22,3.91303
836,-128,549,563.72,2.15162
837,-114,137,178.23,0.68026
838,23,243,244.09,0.93163
839,-102,410,422.50,1.61259
840,-574,360,677.55,2.58607
841,-549,90,556.33,2.12339
842,11,-2,11.18,0.04267
843,200,-50,206.16,0.78685
844,-191,-173,257.70,0.98359
845,-505,-3,505.01,1.92751
846,-587,136,602.55,2.29980
847,-643,168,664.58,2.53658
# END
# FRAME,48,RX_TS,302811781949,FP_INDEX,747.1875,FP_INT,747,RXPACC,263,RXPWR,-68.84,STD_NOISE,152.00,NTM,13,NOISE_THRESH,1976.00,PEAK_IDX,749,PEAK_AMPL,17050,START,697,elapsed_s,4.9995
sample,real,imag,amplitude,amplitude_norm
697,-65,-184,195.14,0.74199
698,206,-131,244.12,0.92823
699,128,17,129.12,0.49097
700,-627,-13,627.13,2.38454
701,-909,-21,909.24,3.45720
702,-822,-11,822.07,3.12576
703,-295,-24,295.97,1.12538
704,632,-41,633.33,2.40809
705,504,-115,516.95,1.96560
706,175,-207,271.06,1.03065
707,-114,-220,247.78,0.94214
708,-183,131,225.06,0.85572
709,-221,178,283.77,1.07897
710,-237,127,268.88,1.02237
711,-217,56,224.11,0.85213
712,-10,-169,169.30,0.64371
713,177,-53,184.76,0.70253
714,95,-81,124.84,0.47469
715,-252,50,256.91,0.97685
716,-779,-5,779.02,2.96204
717,-855,-116,862.83,3.28073
718,-799,-9,799.05,3.03822
719,-175,-18,175.92,0.66891
720,716,-52,717.89,2.72960
721,511,-9,511.08,1.94327
722,-156,-184,241.23,0.91723
723,-287,-220,361.62,1.37498
724,-556,-44,557.74,2.12068
725,-763,152,777.99,2.95815
726,-721,392,820.67,3.12043
727,-134,70,151.18,0.57484
728,659,-257,707.34,2.68951
729,535,51,537.43,2.04344
730,227,177,287.85,1.09449
731,418,68,423.49,1.61025
732,1017,195,1035.53,3.93736
733,1139,101,1143.47,4.34779
734,1106,10,1106.05,4.20549
735,498,-94,506.79,1.92697
736,-341,54,345.25,1.31273
737,-102,64,120.42,0.45786
738,400,-34,401.44,1.52640
739,769,-253,809.55,3.07813
740,979,-333,1034.08,3.93188
741,1025,-135,1033.85,3.93100
742,1091,-38,1091.66,4.15080
743,558,-210,596.21,2.26695
744,-272,-145,308.24,1.17200
745,-58,118,131.48,0.49994
746,342,1062,1115.71,4.24224
747,411,6976,6988.10,26.57071
748,1193,15534,15579.74,59.23857
749,2551,16450,16646.63,63.29515
750,3045,16270,16552.49,62.93723
751,1063,6120,6211.63,23.61837
752,-2134,-11601,11795.64,44.85035
753,-2047,-8749,8985.28,34.16455
754,85,1235,1237.92,4.70693
755,1082,2608,2823.54,10.73590
756,1157,-1353,1780.24,6.76898
757,1102,-2123,2391.97,9.09495
758,966,-1169,1516.48,5.76609
759,304,-934,982.23,3.73471
760,-45,-554,555.82,2.11340
761,-263,-871,909.84,3.45947
762,-465,-1158,1247.87,4.74477
763,-451,-723,852.13,3.24005
764,347,-452,569.84,2.16668
765,1030,-820,1316.55,5.00589
766,764,-1165,1393.17,5.29722
767,-1060,-1660,1969.57,7.48885
768,-2169,-895,2346.40,8.92167
769,-1062,115,1068.21,4.06163
770,-351,696,779.50,2.96387
771,-1800,-398,1843.48,7.00941
772,-2136,-1287,2493.77,9.48200
773,94,-1120,1123.94,4.27353
774,2144,-412,2183.23,8.30124
775,2078,176,2085.44,7.92943
776,365,-83,374.32,1.42326
777,-870,-1011,1333.80,5.07148
778,-788,-2328,2457.75,9.34505
779,-282,-3224,3236.31,12.30536
780,-698,-1698,1835.87,6.98048
781,-1371,-495,1457.62,5.54229
782,-1630,422,1683.74,6.40206
783,-1496,675,1641.23,6.24042
784,-1671,-144,1677.19,6.37716
785,-2464,-2884,3793.25,14.42301
786,-2082,-5063,5474.37,20.81508
787,-603,-3915,3961.17,15.06147
788,393,-495,632.04,2.40319
789,372,503,625.61,2.37876
790,59,599,601.90,2.28859
791,94,765,770.75,2.93062
792,-50,410,413.04,1.57048
793,-564,73,568.70,2.16238
794,-690,-88,695.59,2.64482
795,-837,-112,844.46,3.21088
796,-850,-50,851.47,3.23753
797,-817,-17,817.18,3.10714
798,-916,405,1001.54,3.80813
799,-308,704,768.43,2.92178
800,606,587,843.69,3.20793
801,913,204,935.51,3.55708
802,634,-113,643.99,2.44864
803,438,-406,597.23,2.27082
804,414,-449,610.73,2.32219
805,252,-395,468.54,1.78152
806,396,-584,705.60,2.68289
807,442,-670,802.66,3.05194
808,118,171,207.76,0.78997
809,-50,442,444.82,1.69133
810,176,40,180.49,0.68627
811,481,-479,678.82,2.58108
812,581,-484,756.19,2.87523
813,315,-399,508.36,1.93291
814,-272,-476,548.23,2.08454
815,-374,-892,967.23,3.67769
816,386,-1091,1157.27,4.40027
817,854,-1187,1462.29,5.56003
818,398,-603,722.50,2.74717
819,-375,-80,383.44,1.45794
820,-556,-85,562.46,2.13863
821,111,-298,318.00,1.20913
822,707,-588,919.56,3.49643
823,666,-1056,1248.48,4.74706
824,673,-844,1079.47,4.10447
825,680,-445,812.67,3.08998
826,369,-28,370.06,1.40708
827,-134,183,226.81,0.86241
828,-475,-74,480.73,1.82787
829,-171,-495,523.70,1.99127
830,290,-362,463.84,1.76364
831,702,-325,773.58,2.94138
832,707,-645,957.01,3.63883
833,-90,-925,929.37,3.53372
834,-365,-947,1014.91,3.85896
835,-104,-602,610.92,2.32288
836,180,-53,187.64,0.71346
837,22,-131,132.83,0.50507
838,-133,-180,223.81,0.85097
839,200,-505,543.16,2.06525
840,499,-332,599.35,2.27891
841,174,-55,182.49,0.69386
842,-52,179,186.40,0.70875
843,231,307,384.20,1.46084
844,513,-45,514.97,1.95806
845,573,-254,626.77,2.38317
846,579,-312,657.71,2.50081
# END
# FRAME,49,RX_TS,309201643759,FP_INDEX,754.0781,FP_INT,754,RXPACC,278,RXPWR,-68.49,STD_NOISE,136.00,NTM,13,NOISE_THRESH,1768.00,PEAK_IDX,756,PEAK_AMPL,19168,START,704,elapsed_s,5.0804
sample,real,imag,amplitude,amplitude_norm
704,79,140,160.75,0.57824
705,-133,161,208.83,0.75119
706,118,16,119.08,0.42834
707,890,-240,921.79,3.31580
708,1017,-399,1092.47,3.92975
709,832,-401,923.59,3.32228
710,-88,90,125.87,0.45278
711,-599,538,805.14,2.89618
712,-239,370,440.48,1.58445
713,200,367,417.96,1.50345
714,255,104,275.39,0.99062
715,181,-363,405.62,1.45908
716,184,-329,376.96,1.35596
717,325,-118,345.76,1.24374
718,192,97,215.11,0.77378
719,-20,256,256.78,0.92367
720,-145,170,223.44,0.80374
721,68,274,282.31,1.01551
722,352,-138,378.08,1.36002
723,828,-319,887.32,3.19182
724,895,-284,938.98,3.37762
725,769,-278,817.71,2.94139
726,-146,223,266.54,0.95879
727,-699,548,888.20,3.19498
728,-219,341,405.27,1.45780
729,355,181,398.48,1.43338
730,496,122,510.78,1.83735
731,579,-282,644.02,2.31663
732,659,-489,820.61,2.95184
733,493,-445,664.13,2.38897
734,41,224,227.72,0.81914
735,-460,556,721.62,2.59576
736,-313,242,395.64,1.42317
737,-189,78,204.46,0.73548
738,-366,221,427.55,1.53794
739,-1018,250,1048.25,3.77068
740,-1040,452,1133.98,4.07905
741,-873,556,1035.02,3.72309
742,69,173,186.25,0.66997
743,528,-129,543.53,1.95514
744,12,-48,49.48,0.17798
745,-456,399,605.92,2.17956
746,-734,584,937.98,3.37404
747,-842,765,1137.62,4.09217
748,-937,623,1125.21,4.04752
749,-894,487,1018.04,3.66201
750,-15,255,255.44,0.91885
751,497,-40,498.61,1.79355
752,67,-128,144.47,0.51969
753,-881,-1288,1560.48,5.61325
754,-3991,-8228,9144.84,32.89510
755,-8810,-16036,18296.71,65.81548
756,-10682,-16453,19616.48,70.56288
757,-9746,-14254,17267.34,62.11273
758,1231,1872,2240.48,8.05928
759,8605,12629,15281.94,54.97100
760,4192,5375,6816.41,24.51947
761,-1563,-2370,2838.99,10.21220
762,-1849,-1492,2375.89,8.54638
763,-295,2185,2204.82,7.93102
764,-155,2577,2581.66,9.28654
765,-223,1450,1467.05,5.27715
766,259,600,653.51,2.35077
767,330,489,589.93,2.12206
768,842,1040,1338.12,4.81338
769,956,882,1300.72,4.67883
770,612,502,791.55,2.84729
771,-171,788,806.34,2.90051
772,-527,1400,1495.90,5.38095
773,408,1538,1591.20,5.72373
774,2305,996,2510.98,9.03232
775,2315,-323,2337.42,8.40800
776,476,-831,957.67,3.44487
777,217,-1030,1052.61,3.78637
778,2391,-198,2399.18,8.63016
779,2403,634,2485.23,8.93967
780,-83,1387,1389.48,4.99813
781,-2346,1374,2718.75,9.77967
782,-1685,532,1766.99,6.35607
783,186,375,418.59,1.50573
784,1528,990,1820.68,6.54922
785,1826,2429,3038.80,10.93094
786,1669,2956,3394.63,12.21089
787,1537,1060,1867.07,6.71610
788,1683,-166,1691.17,6.08333
789,1444,-1193,1873.07,6.73766
790,869,-1076,1383.09,4.97514
791,1779,-358,1814.66,6.52757
792,3917,2494,4643.59,16.70356
793,4033,4489,6034.58,21.70714
794,1814,3316,3779.74,13.59620
795,-268,506,572.59,2.05968
796,-464,-409,618.53,2.22492
797,-341,-640,725.18,2.60855
798,-361,-443,571.46,2.05562
799,56,-127,138.80,0.49927
800,528,-184,559.14,2.01130
801,823,-257,862.19,3.10142
802,932,-263,968.40,3.48344
803,984,-213,1006.79,3.62154
804,941,-310,990.75,3.56384
805,655,-737,986.00,3.54676
806,-334,-614,698.96,2.51426
807,-819,-84,823.30,2.96150
808,-854,326,914.11,3.28816
809,-390,401,559.38,2.01214
810,-91,772,777.34,2.79620
811,-61,538,541.45,1.94765
812,84,580,586.05,2.10810
813,64,905,907.26,3.26353
814,53,528,530.65,1.90883
815,-5,-263,263.05,0.94621
816,-147,-354,383.31,1.37881
817,-193,112,223.14,0.80267
818,-312,772,832.66,2.99519
819,-334,683,760.29,2.73487
820,22,424,424.57,1.52723
821,762,264,806.44,2.90085
822,744,778,1076.48,3.87225
823,28,1260,1260.31,4.53349
824,-278,1307,1336.24,4.80661
825,-127,441,458.92,1.65080
826,583,-264,639.99,2.30212
827,618,-48,619.86,2.22972
828,-10,542,542.09,1.94997
829,-346,1228,1275.81,4.58926
830,-105,1386,1389.97,4.99990
831,-351,1031,1089.11,3.91766
832,-358,685,772.91,2.78025
833,-382,70,388.36,1.39698
834,118,-313,334.50,1.20325
835,573,-4,573.01,2.06120
836,367,513,630.76,2.26892
837,-177,603,628.44,2.26058
838,-533,747,917.66,3.30093
839,-276,915,955.72,3.43784
840,741,853,1129.91,4.06441
841,762,853,1143.79,4.11435
842,299,579,651.65,2.34405
843,-112,222,248.65,0.89443
844,146,215,259.89,0.93484
845,220,437,489.25,1.75990
846,-102,795,801.52,2.88315
847,-343,489,597.30,2.14857
848,-2,-43,43.05,0.15484
849,44,-269,272.57,0.98048
850,-285,31,286.68,1.03123
851,-400,440,594.64,2.13900
852,-341,597,687.52,2.47311
853,-332,607,691.86,2.48871
# END
# FRAME,50,RX_TS,315591438979,FP_INDEX,752.4062,FP_INT,752,RXPACC,263,RXPWR,-69.00,STD_NOISE,152.00,NTM,13,NOISE_THRESH,1976.00,PEAK_IDX,755,PEAK_AMPL,16933,START,702,elapsed_s,5.1791
sample,real,imag,amplitude,amplitude_norm
702,-111,-92,144.17,0.54818
703,220,-85,235.85,0.89677
704,219,-47,223.99,0.85166
705,-464,-50,466.69,1.77447
706,-912,-123,920.26,3.49908
707,-956,-47,957.15,3.63937
708,-549,-106,559.14,2.12601
709,511,68,515.50,1.96009
710,683,-84,688.15,2.61652
711,249,-158,294.90,1.12129
712,-69,-411,416.75,1.58461
713,-233,-29,234.80,0.89277
714,-221,243,328.47,1.24892
715,-271,149,309.26,1.17590
716,-294,63,300.67,1.14325
717,-104,-223,246.06,0.93559
718,182,-133,225.42,0.85710
719,143,21,144.53,0.54956
720,-103,110,150.70,0.57298
721,-646,96,653.09,2.48325
722,-884,-124,892.65,3.39412
723,-739,-8,739.04,2.81005
724,-414,3,414.01,1.57419
725,554,-26,554.61,2.10878
726,767,26,767.44,2.91803
727,85,-117,144.62,0.54987
728,-250,-239,345.86,1.31507
729,-487,-131,504.31,1.91753
730,-776,119,785.07,2.98506
731,-827,290,876.37,3.33222
732,-403,232,465.01,1.76809
733,444,-213,492.45,1.87243
734,672,-13,672.13,2.55561
735,230,175,289.01,1.09889
736,327,136,354.15,1.34659
737,839,242,873.20,3.32017
738,1101,238,1126.43,4.28300
739,1080,106,1085.19,4.12619
740,736,-30,736.61,2.80080
741,-210,-18,210.77,0.80141
742,-266,19,266.68,1.01398
743,332,53,336.20,1.27834
744,719,-171,739.05,2.81009
745,980,-174,995.33,3.78451
746,1062,-148,1072.26,4.07705
747,1109,40,1109.72,4.21947
748,761,-90,766.30,2.91370
749,-68,-204,215.03,0.81762
750,-167,75,183.07,0.69608
751,232,603,646.09,2.45662
752,240,4487,4493.41,17.08522
753,150,13932,13932.81,52.97646
754,1246,16455,16502.11,62.74566
755,2122,16444,16580.35,63.04316
756,1515,11206,11307.95,42.99599
757,-1105,-8021,8096.76,30.78615
758,-1904,-11443,11600.32,44.10769
759,-494,-1067,1175.81,4.47075
760,795,3260,3355.54,12.75869
761,1246,-402,1309.24,4.97811
762,1249,-2214,2542.01,9.66542
763,1118,-1389,1783.04,6.77963
764,515,-974,1101.77,4.18925
765,-87,-569,575.61,2.18864
766,-149,-657,673.68,2.56154
767,-385,-1187,1247.88,4.74478
768,-469,-737,873.57,3.32157
769,49,-478,480.50,1.82702
770,946,-624,1133.27,4.30900
771,1066,-985,1451.41,5.51866
772,-391,-1385,1439.13,5.47199
773,-1932,-1229,2289.77,8.70636
774,-1571,-294,1598.27,6.07708
775,-532,460,703.30,2.67413
776,-1362,-106,1366.12,5.19437
777,-2225,-1314,2584.03,9.82522
778,-402,-1316,1376.03,5.23206
779,1768,-595,1865.44,7.09291
780,2224,97,2226.11,8.46431
781,952,-5,952.01,3.61982
782,-439,-773,888.96,3.38008
783,-698,-1893,2017.59,7.67143
784,-291,-3138,3151.46,11.98275
785,-494,-2221,2275.28,8.65124
786,-1234,-963,1565.29,5.95166
787,-1586,85,1588.28,6.03907
788,-1687,613,1794.92,6.82479
789,-1482,132,1487.87,5.65729
790,-2144,-1978,2917.06,11.09147
791,-2094,-4815,5250.62,19.96435
792,-848,-4796,4870.39,18.51860
793,379,-1365,1416.64,5.38646
794,402,435,592.31,2.25212
795,70,590,594.14,2.25908
796,5,749,749.02,2.84797
797,60,550,553.26,2.10366
798,-429,52,432.14,1.64312
799,-641,-79,645.85,2.45570
800,-855,-257,892.79,3.39464
801,-880,-138,890.75,3.38690
802,-811,-176,829.88,3.15543
803,-870,168,886.07,3.36910
804,-598,616,858.52,3.26434
805,348,849,917.55,3.48880
806,820,423,922.67,3.50827
807,721,100,727.90,2.76769
808,484,-368,608.01,2.31184
809,479,-469,670.37,2.54895
810,295,-376,477.91,1.81716
811,293,-464,548.77,2.08657
812,568,-669,877.60,3.33689
813,198,-57,206.04,0.78343
814,-90,463,471.67,1.79341
815,140,184,231.21,0.87911
816,430,-441,615.94,2.34197
817,586,-551,804.36,3.05841
818,455,-331,562.66,2.13939
819,-40,-412,413.94,1.57391
820,-427,-719,836.24,3.17960
821,132,-1066,1074.14,4.08419
822,746,-1001,1248.41,4.74679
823,602,-531,802.72,3.05218
824,-158,-153,219.94,0.83627
825,-723,-102,730.16,2.77627
826,-87,-246,260.93,0.99213
827,629,-492,798.56,3.03637
828,798,-867,1178.34,4.48039
829,622,-1010,1186.16,4.51013
830,755,-558,938.82,3.56967
831,495,-96,504.22,1.91720
832,-1,237,237.00,0.90115
833,-456,35,457.34,1.73894
834,-258,-443,512.65,1.94925
835,173,-435,468.14,1.78000
836,620,-271,676.64,2.57277
837,781,-561,961.60,3.65629
838,264,-758,802.66,3.05193
839,-342,-917,978.70,3.72129
840,-169,-787,804.94,3.06061
841,152,-155,217.09,0.82545
842,93,-158,183.34,0.69710
843,-99,-184,208.94,0.79446
844,183,-345,390.53,1.48491
845,563,-349,662.40,2.51862
846,309,-56,314.03,1.19404
847,-78,197,211.88,0.80563
848,53,333,337.19,1.28210
849,456,38,457.58,1.73985
850,554,-224,597.57,2.27214
851,599,-244,646.79,2.45928
# END
# FRAME,51,RX_TS,321981234192,FP_INDEX,750.2187,FP_INT,750,RXPACC,262,RXPWR,-68.25,STD_NOISE,160.00,NTM,13,NOISE_THRESH,2080.00,PEAK_IDX,752,PEAK_AMPL,17781,START,700,elapsed_s,5.2903
sample,real,imag,amplitude,amplitude_norm
700,179,-28,181.18,0.69151
701,113,208,236.71,0.90348
702,61,78,99.02,0.37794
703,40,-728,729.10,2.78282
704,-52,-946,947.43,3.61614
705,-94,-910,914.84,3.49176
706,30,-298,299.51,1.14315
707,89,665,670.93,2.56080
708,251,625,673.52,2.57068
709,254,97,271.89,1.03775
710,301,-195,358.64,1.36887
711,-99,-220,241.25,0.92080
712,-227,-175,286.63,1.09399
713,-128,-204,240.83,0.91921
714,-47,-196,201.56,0.76930
715,213,-23,214.24,0.81770
716,121,146,189.62,0.72375
717,71,128,146.37,0.55867
718,-140,-160,212.60,0.81146
719,-84,-704,708.99,2.70608
720,19,-838,838.22,3.19930
721,-49,-738,739.62,2.82300
722,39,-190,193.96,0.74031
723,232,757,791.75,3.02196
724,215,535,576.58,2.20071
725,254,-137,288.59,1.10149
726,239,-292,377.34,1.44023
727,31,-520,520.92,1.98826
728,-225,-761,793.57,3.02888
729,-399,-730,831.93,3.17529
730,-74,-212,224.54,0.85704
731,327,597,680.69,2.59805
732,113,576,586.98,2.24038
733,19,242,242.74,0.92651
734,90,425,434.42,1.65811
735,-56,1024,1025.53,3.91424
736,82,1118,1121.00,4.27864
737,227,1101,1124.16,4.29068
738,193,561,593.27,2.26439
739,-41,-329,331.54,1.26544
740,-29,-169,171.47,0.65447
741,188,461,497.86,1.90023
742,388,781,872.07,3.32851
743,459,980,1082.16,4.13040
744,387,1008,1079.74,4.12114
745,256,1074,1104.09,4.21408
746,361,505,620.76,2.36932
747,126,-258,287.12,1.09589
748,-151,-74,168.16,0.64182
749,-945,454,1048.40,4.00152
750,-6460,1492,6630.06,25.30556
751,-15305,3681,15741.44,60.08181
752,-16462,5240,17275.85,65.93836
753,-16211,5800,17217.33,65.71500
754,-6560,2335,6963.18,26.57701
755,11081,-3790,11711.22,44.69931
756,8715,-3450,9373.03,35.77493
757,-1002,175,1017.17,3.88232
758,-2481,1462,2879.72,10.99131
759,1578,935,1834.21,7.00078
760,2428,810,2559.55,9.76927
761,1378,770,1578.54,6.02496
762,973,106,978.76,3.73571
763,620,-153,638.60,2.43740
764,867,-346,933.49,3.56294
765,1106,-607,1261.62,4.81534
766,756,-474,892.31,3.40575
767,587,294,656.51,2.50576
768,988,931,1357.54,5.18144
769,1239,681,1413.82,5.39625
770,1402,-998,1720.93,6.56844
771,707,-2040,2159.04,8.24061
772,-83,-1120,1123.07,4.28653
773,-588,-395,708.36,2.70365
774,308,-1739,1766.06,6.74071
775,1099,-2191,2451.18,9.35565
776,1281,-25,1281.24,4.89024
777,825,1939,2107.21,8.04280
778,201,1894,1904.64,7.26960
779,252,431,499.26,1.90559
780,926,-862,1265.12,4.82869
781,2106,-1055,2355.47,8.99036
782,3088,-895,3215.08,12.27132
783,1682,-1010,1961.94,7.48834
784,420,-1440,1500.00,5.72519
785,-562,-1575,1672.26,6.38269
786,-849,-1462,1690.63,6.45280
787,-133,-1620,1625.45,6.20401
788,2378,-2837,3701.82,14.12908
789,4769,-2915,5589.33,21.33331
790,3924,-1299,4133.42,15.77642
791,732,395,831.77,3.17471
792,-396,427,582.36,2.22275
793,-560,178,587.61,2.24278
794,-711,240,750.41,2.86418
795,-381,-17,381.38,1.45565
796,-45,-488,490.07,1.87050
797,84,-666,671.28,2.56212
798,85,-854,858.22,3.27565
799,47,-898,899.23,3.43217
800,21,-888,888.25,3.39026
801,-419,-881,975.56,3.72352
802,-728,-276,778.56,2.97161
803,-552,611,823.42,3.14283
804,-51,913,914.42,3.49017
805,177,666,689.12,2.63023
806,447,397,597.84,2.28185
807,511,284,584.62,2.23136
808,491,137,509.75,1.94563
809,637,202,668.26,2.55062
810,813,288,862.50,3.29200
811,-32,49,58.52,0.22337
812,-262,-99,280.08,1.06901
813,85,201,218.23,0.83295
814,662,421,784.53,2.99438
815,587,491,765.28,2.92091
816,439,147,462.96,1.76701
817,438,-335,551.42,2.10467
818,748,-501,900.28,3.43619
819,1093,106,1098.13,4.19133
820,1128,417,1202.61,4.59012
821,651,199,680.74,2.59823
822,41,-367,369.28,1.40948
823,158,-588,608.86,2.32389
824,357,13,357.24,1.36350
825,718,542,899.60,3.43360
826,1133,577,1271.46,4.85291
827,1040,593,1197.18,4.56940
828,652,640,913.62,3.48710
829,156,368,399.70,1.52557
830,-205,-101,228.53,0.87225
831,117,-472,486.28,1.85605
832,518,-225,564.76,2.15556
833,444,279,524.38,2.00146
834,433,645,776.86,2.96512
835,720,582,925.81,3.53363
836,893,-204,916.00,3.49620
837,862,-557,1026.30,3.91718
838,590,-182,617.43,2.35662
839,165,169,236.19,0.90149
840,220,61,228.30,0.87137
841,263,38,265.73,1.01424
842,528,266,591.22,2.25656
843,424,526,675.61,2.57867
844,107,153,186.70,0.71261
845,-178,-95,201.76,0.77009
846,-112,191,221.42,0.84510
847,245,451,513.25,1.95897
848,429,503,661.10,2.52327
849,389,491,626.42,2.39092
# END
# FRAME,52,RX_TS,328371029352,FP_INDEX,747.6250,FP_INT,747,RXPACC,304,RXPWR,-69.44,STD_NOISE,176.00,NTM,13,NOISE_THRESH,2288.00,PEAK_IDX,750,PEAK_AMPL,20179,START,697,elapsed_s,5.3836
sample,real,imag,amplitude,amplitude_norm
697,310,70,317.80,1.04541
698,-55,304,308.94,1.01623
699,-173,222,281.45,0.92582
700,434,-235,493.54,1.62348
701,1016,-620,1190.23,3.91524
702,920,-643,1122.43,3.69220
703,672,-418,791.40,2.60328
704,-318,298,435.81,1.43358
705,-446,662,798.22,2.62573
706,-80,361,369.76,1.21631
707,404,325,518.50,1.70559
708,252,-37,254.70,0.83783
709,43,-311,313.96,1.03276
710,185,-296,349.06,1.14821
711,274,-339,435.89,1.43384
712,246,84,259.95,0.85509
713,119,264,289.58,0.95257
714,-77,173,189.36,0.62290
715,109,22,111.20,0.36578
716,448,-579,732.08,2.40817
717,954,-543,1097.71,3.61088
718,800,-539,964.64,3.17314
719,534,-362,645.14,2.12216
720,-318,427,532.40,1.75133
721,-565,647,858.97,2.82557
722,46,218,222.80,0.73290
723,378,20,378.53,1.24516
724,467,-138,486.96,1.60185
725,622,-580,850.46,2.79757
726,510,-795,944.52,3.10699
727,244,-541,593.48,1.95223
728,-171,455,486.07,1.59892
729,-478,628,789.22,2.59612
730,-277,129,305.57,1.00515
731,-265,82,277.40,0.91249
732,-775,460,901.24,2.96459
733,-1032,737,1268.15,4.17153
734,-890,781,1184.09,3.89502
735,-662,768,1013.94,3.33532
736,245,-40,248.24,0.81659
737,417,-222,472.41,1.55399
738,-203,211,292.80,0.96315
739,-403,679,789.59,2.59733
740,-573,975,1130.91,3.72009
741,-628,964,1150.51,3.78458
742,-896,864,1244.71,4.09445
743,-547,831,994.87,3.27260
744,345,172,385.50,1.26809
745,309,-248,396.21,1.30333
746,-402,-204,450.80,1.48289
747,-3104,-2952,4283.59,14.09075
748,-10698,-11424,15651.04,51.48367
749,-15608,-15071,21696.65,71.37057
750,-16467,-14614,22016.61,72.42306
751,-11869,-9909,15461.61,50.86057
752,5870,4764,7559.93,24.86820
753,11244,8793,14273.91,46.95364
754,2292,1288,2629.11,8.64838
755,-3128,-2234,3843.84,12.64423
756,-993,987,1400.08,4.60552
757,643,2912,2982.15,9.80969
758,256,2170,2185.05,7.18766
759,278,1316,1345.04,4.42448
760,587,548,803.04,2.64158
761,716,513,880.81,2.89740
762,1338,827,1572.95,5.17418
763,1091,455,1182.08,3.88841
764,479,549,728.59,2.39667
765,-223,1239,1258.91,4.14115
766,-50,1693,1693.74,5.57151
767,1412,1073,1773.44,5.83367
768,2700,-269,2713.37,8.92555
769,1730,-931,1964.60,6.46251
770,83,-688,692.99,2.27957
771,989,-903,1339.23,4.40535
772,2855,-652,2928.50,9.63323
773,1685,490,1754.80,5.77237
774,-662,1707,1830.87,6.02261
775,-1941,1798,2645.81,8.70331
776,-919,939,1313.88,4.32198
777,905,316,958.58,3.15323
778,2018,916,2216.16,7.29001
779,2685,2375,3584.67,11.79167
780,2306,1841,2950.75,9.70641
781,1808,55,1808.84,5.95012
782,1345,-1154,1772.21,5.82965
783,990,-1789,2044.66,6.72584
784,1103,-1383,1768.98,5.81902
785,3237,-167,3241.30,10.66219
786,5621,2285,6067.69,19.95951
787,4872,3430,5958.30,19.59966
788,1228,1697,2094.71,6.89048
789,-537,44,538.80,1.77237
790,-470,-328,573.14,1.88531
791,-541,-520,750.39,2.46838
792,-432,-306,529.40,1.74143
793,383,-225,444.20,1.46119
794,751,-357,831.53,2.73531
795,954,-403,1035.63,3.40667
796,872,-525,1017.85,3.34818
797,973,-416,1058.20,3.48092
798,778,-738,1072.35,3.52746
799,223,-1001,1025.54,3.37348
800,-748,-477,887.15,2.91825
801,-899,264,936.96,3.08211
802,-714,500,871.66,2.86731
803,-180,577,604.42,1.98824
804,69,746,749.18,2.46442
805,146,563,581.62,1.91323
806,251,654,700.51,2.30432
807,282,999,1038.04,3.41460
808,94,457,466.57,1.53476
809,18,-232,232.70,0.76545
810,-39,-3,39.12,0.12867
811,100,749,755.65,2.48568
812,19,1132,1132.16,3.72421
813,24,740,740.39,2.43549
814,479,299,564.66,1.85744
815,1032,212,1053.55,3.46563
816,904,1004,1351.01,4.44412
817,323,1512,1546.12,5.08591
818,109,1034,1039.73,3.42016
819,334,27,335.09,1.10227
820,750,-403,851.42,2.80071
821,367,171,404.88,1.33185
822,-74,869,872.15,2.86890
823,31,1427,1427.34,4.69519
824,184,1435,1446.75,4.75904
825,-178,1202,1215.11,3.99707
826,-326,626,705.80,2.32171
827,-140,-120,184.39,0.60655
828,369,-409,550.86,1.81203
829,636,88,642.06,2.11204
830,277,425,507.30,1.66875
831,-188,679,704.55,2.31759
832,-200,1020,1039.42,3.41915
833,454,888,997.33,3.28068
834,1057,633,1232.05,4.05278
835,796,576,982.54,3.23205
836,69,310,317.59,1.04469
837,98,244,262.94,0.86495
838,315,220,384.22,1.26388
839,283,479,556.35,1.83011
840,-117,788,796.64,2.62052
841,-174,434,467.58,1.53810
842,-29,-138,141.01,0.46386
843,-78,-139,159.39,0.52431
844,-285,352,452.91,1.48984
845,-243,612,658.48,2.16605
846,-208,693,723.54,2.38007
# END
# FRAME,53,RX_TS,334760824498,FP_INDEX,752.7500,FP_INT,752,RXPACC,261,RXPWR,-68.38,STD_NOISE,152.00,NTM,13,NOISE_THRESH,1976.00,PEAK_IDX,755,PEAK_AMPL,17416,START,702,elapsed_s,5.4800
sample,real,imag,amplitude,amplitude_norm
702,175,-145,227.27,0.87075
703,157,142,211.69,0.81108
704,-23,183,184.44,0.70667
705,83,-217,232.33,0.89016
706,458,-827,945.35,3.62204
707,402,-872,960.20,3.67894
708,337,-711,786.82,3.01465
709,-41,74,84.60,0.32413
710,-121,654,665.10,2.54827
711,-47,415,417.65,1.60020
712,320,158,356.88,1.36736
713,212,-93,231.50,0.88698
714,-67,-310,317.16,1.21516
715,-16,-305,305.42,1.17019
716,51,-331,334.91,1.28316
717,199,-88,217.59,0.83367
718,156,134,205.65,0.78793
719,-45,136,143.25,0.54886
720,125,87,152.30,0.58351
721,79,-452,458.85,1.75805
722,425,-698,817.21,3.13107
723,372,-765,850.65,3.25920
724,242,-684,725.55,2.77988
725,-27,240,241.51,0.92534
726,-149,776,790.18,3.02749
727,58,335,339.98,1.30262
728,279,-94,294.41,1.12801
729,369,-267,455.47,1.74508
730,250,-664,709.50,2.71841
731,120,-811,819.83,3.14111
732,-45,-650,651.56,2.49638
733,160,260,305.29,1.16968
734,-41,756,757.11,2.90081
735,-132,353,376.87,1.44396
736,-147,170,224.74,0.86108
737,-256,589,642.23,2.46064
738,-453,1034,1128.88,4.32520
739,-328,998,1050.52,4.02497
740,-245,956,986.89,3.78121
741,53,91,105.31,0.40348
742,197,-290,350.58,1.34323
743,-34,155,158.69,0.60799
744,35,626,626.98,2.40221
745,-22,903,903.27,3.46080
746,-12,1011,1011.07,3.87384
747,-279,1014,1051.68,4.02944
748,-176,957,973.05,3.72816
749,284,198,346.21,1.32647
750,203,-317,376.43,1.44225
751,-227,-13,227.37,0.87116
752,-2338,-398,2371.63,9.08672
753,-10671,-3211,11143.64,42.69595
754,-16203,-4397,16789.01,64.32570
755,-16458,-3725,16874.28,64.65242
756,-14933,-2732,15180.85,58.16419
757,2074,332,2100.40,8.04753
758,13062,1892,13198.31,50.56826
759,4667,210,4671.72,17.89932
760,-2938,-395,2964.43,11.35798
761,-1176,803,1424.00,5.45595
762,1617,1782,2406.29,9.21949
763,1365,1577,2085.70,7.99120
764,800,1021,1297.09,4.96969
765,797,301,851.94,3.26416
766,660,43,661.40,2.53410
767,1270,50,1270.98,4.86967
768,1140,-72,1142.27,4.37652
769,704,67,707.18,2.70951
770,353,893,960.24,3.67907
771,646,1409,1550.03,5.93882
772,1226,692,1407.81,5.39392
773,2012,-889,2199.65,8.42778
774,1176,-1424,1846.82,7.07595
775,-19,-522,522.35,2.00132
776,-92,-897,901.71,3.45481
777,1474,-1947,2442.02,9.35642
778,1581,-932,1835.26,7.03165
779,501,1287,1381.08,5.29148
780,-603,2302,2379.67,9.11750
781,-590,1376,1497.16,5.73623
782,485,164,511.98,1.96160
783,1703,-249,1721.11,6.59428
784,2891,486,2931.57,11.23205
785,2713,641,2787.70,10.68083
786,1476,-426,1536.25,5.88600
787,669,-1305,1466.49,5.61873
788,-24,-1723,1723.17,6.60217
789,147,-1498,1505.20,5.76703
790,1601,-1506,2198.01,8.42148
791,4641,-992,4745.83,18.18327
792,5433,348,5444.13,20.85875
793,2450,861,2596.89,9.94976
794,-158,447,474.10,1.81648
795,-531,58,534.16,2.04658
796,-614,-123,626.20,2.39923
797,-592,-69,596.01,2.28355
798,9,-299,299.14,1.14611
799,209,-532,571.58,2.18997
800,401,-666,777.40,2.97856
801,420,-703,818.91,3.13758
802,530,-733,904.54,3.46566
803,336,-877,939.16,3.59832
804,-128,-984,992.29,3.80188
805,-735,-161,752.43,2.88286
806,-605,529,803.66,3.07915
807,-380,723,816.78,3.12942
808,-2,497,497.00,1.90423
809,348,561,660.17,2.52939
810,282,411,498.44,1.90974
811,420,343,542.26,2.07764
812,551,640,844.51,3.23568
813,355,401,535.56,2.05196
814,-138,-106,174.01,0.66671
815,-134,25,136.31,0.52227
816,330,432,543.62,2.08284
817,562,876,1040.78,3.98766
818,350,635,725.07,2.77804
819,384,149,411.89,1.57814
820,679,-279,734.09,2.81259
821,1035,153,1046.25,4.00861
822,857,914,1252.93,4.80052
823,580,935,1100.28,4.21565
824,340,104,355.55,1.36226
825,327,-680,754.54,2.89095
826,402,-271,484.81,1.85753
827,357,507,620.08,2.37578
828,468,1051,1150.49,4.40800
829,842,1002,1308.80,5.01458
830,560,948,1101.05,4.21857
831,212,584,621.29,2.38042
832,-135,108,172.88,0.66239
833,-84,-341,351.19,1.34557
834,424,-308,524.06,2.00790
835,463,111,476.12,1.82421
836,228,401,461.29,1.76738
837,201,764,790.00,3.02681
838,487,627,793.91,3.04181
839,905,41,905.93,3.47099
840,860,90,864.70,3.31301
841,292,60,298.10,1.14215
842,115,109,158.45,0.60708
843,267,22,267.90,1.02646
844,325,152,358.79,1.37467
845,271,574,634.76,2.43202
846,132,544,559.79,2.14477
847,30,-18,34.99,0.13404
848,-160,-144,215.26,0.82474
849,-146,380,407.08,1.55970
850,85,599,605.00,2.31801
851,171,662,683.73,2.61965
# END
# FRAME,54,RX_TS,341150619612,FP_INDEX,749.6562,FP_INT,749,RXPACC,265,RXPWR,-68.53,STD_NOISE,148.00,NTM,13,NOISE_THRESH,1924.00,PEAK_IDX,751,PEAK_AMPL,17585,START,699,elapsed_s,5.5866
sample,real,imag,amplitude,amplitude_norm
699,-110,-103,150.70,0.56866
700,148,-76,166.37,0.62782
701,201,155,253.82,0.95782
702,-304,-73,312.64,1.17978
703,-762,-399,860.14,3.24582
704,-847,-370,924.29,3.48788
705,-632,-257,682.26,2.57455
706,232,137,269.43,1.01672
707,677,154,694.29,2.61998
708,351,10,351.14,1.32507
709,96,-336,349.45,1.31866
710,-93,-141,168.91,0.63739
711,-304,140,334.69,1.26297
712,-281,7,281.09,1.06071
713,-322,-14,322.30,1.21624
714,-34,-154,157.71,0.59513
715,172,-119,209.15,0.78926
716,172,50,179.12,0.67592
717,25,-61,65.92,0.24877
718,-544,-28,544.72,2.05555
719,-753,-420,862.21,3.25363
720,-689,-341,768.77,2.90101
721,-559,-247,611.14,2.30618
722,334,191,384.76,1.45191
723,750,290,804.11,3.03439
724,221,3,221.02,0.83404
725,-89,-294,307.18,1.15915
726,-277,-368,460.60,1.73812
727,-631,-191,659.27,2.48783
728,-713,-53,714.97,2.69799
729,-531,95,539.43,2.03559
730,302,-118,324.23,1.22353
731,678,99,685.19,2.58562
732,249,228,337.62,1.27403
733,211,220,304.83,1.15030
734,639,365,735.90,2.77697
735,995,583,1153.22,4.35177
736,1011,460,1110.73,4.19143
737,945,301,991.78,3.74256
738,26,-55,60.84,0.22957
739,-349,-165,386.04,1.45675
740,142,181,230.05,0.86813
741,713,27,713.51,2.69249
742,990,115,996.66,3.76097
743,1023,127,1030.85,3.89001
744,983,417,1067.79,4.02940
745,831,226,861.18,3.24975
746,168,-176,243.31,0.91815
747,-238,-49,242.99,0.91695
748,34,426,427.35,1.61266
749,-681,2866,2945.80,11.11621
750,-4089,11577,12277.90,46.33170
751,-5240,16302,17123.46,64.61682
752,-4534,16477,17089.43,64.48842
753,-3278,13969,14348.46,54.14513
754,810,-4038,4118.44,15.54128
755,2410,-12782,13007.21,49.08382
756,226,-3533,3540.22,13.35932
757,-536,3212,3256.42,12.28836
758,945,857,1275.72,4.81406
759,1932,-1561,2483.82,9.37289
760,1652,-1182,2031.31,7.66533
761,1003,-713,1230.60,4.64378
762,249,-643,689.53,2.60200
763,115,-622,632.54,2.38695
764,79,-1191,1193.62,4.50422
765,-101,-1011,1016.03,3.83408
766,156,-596,616.08,2.32482
767,920,-251,953.63,3.59859
768,1368,-612,1498.66,5.65530
769,456,-1435,1505.71,5.68192
770,-1028,-2264,2486.46,9.38286
771,-1222,-1241,1741.66,6.57229
772,-353,-22,353.68,1.33466
773,-871,-148,883.48,3.33390
774,-1895,-1645,2509.39,9.46941
775,-688,-1539,1685.78,6.36145
776,1549,-246,1568.41,5.91854
777,2279,833,2426.46,9.15647
778,1169,644,1334.65,5.03642
779,-185,-481,515.35,1.94472
780,-208,-1690,1702.75,6.42548
781,727,-2817,2909.30,10.97849
782,757,-2551,2660.95,10.04132
783,-486,-1418,1498.97,5.65650
784,-1367,-597,1491.68,5.62897
785,-1717,-15,1717.07,6.47949
786,-1420,-244,1440.81,5.43702
787,-1397,-1898,2356.70,8.89319
788,-689,-4831,4879.89,18.41466
789,598,-5232,5266.06,19.87194
790,970,-2036,2255.26,8.51041
791,459,361,583.95,2.20360
792,81,613,618.33,2.33331
793,-109,649,658.09,2.48336
794,-62,629,632.05,2.38509
795,-223,29,224.88,0.84860
796,-477,-314,571.07,2.15499
797,-649,-489,812.60,3.06642
798,-836,-432,941.02,3.55102
799,-669,-495,832.22,3.14044
800,-861,-269,902.04,3.40394
801,-928,179,945.11,3.56644
802,-156,881,894.70,3.37625
803,551,762,940.34,3.54846
804,705,463,843.44,3.18280
805,486,0,486.00,1.83396
806,535,-333,630.17,2.37800
807,426,-260,499.08,1.88330
808,368,-370,521.85,1.96923
809,701,-487,853.56,3.22099
810,358,-137,383.32,1.44648
811,-125,296,321.31,1.21250
812,-33,143,146.76,0.55380
813,506,-324,600.84,2.26733
814,882,-508,1017.83,3.84089
815,674,-212,706.55,2.66625
816,178,-357,398.91,1.50534
817,-174,-685,706.75,2.66700
818,385,-972,1045.47,3.94517
819,1127,-674,1313.17,4.95534
820,884,-333,944.64,3.56468
821,-35,-130,134.63,0.50803
822,-719,-313,784.17,2.95915
823,-223,-321,390.86,1.47494
824,615,-268,670.86,2.53154
825,1077,-448,1166.46,4.40174
826,926,-667,1141.21,4.30646
827,892,-356,960.42,3.62421
828,590,-68,593.91,2.24115
829,58,188,196.74,0.74243
830,-468,88,476.20,1.79699
831,-305,-424,522.30,1.97096
832,191,-422,463.21,1.74797
833,524,-92,532.02,2.00760
834,850,-86,854.34,3.22392
835,574,-523,776.53,2.93032
836,18,-941,941.17,3.55159
837,60,-883,885.04,3.33976
838,116,-222,250.48,0.94521
839,159,-109,192.77,0.72745
840,46,-227,231.61,0.87401
841,271,-308,410.25,1.54811
842,680,-191,706.32,2.66534
843,418,12,418.17,1.57801
844,-18,46,49.40,0.18640
845,-125,113,168.51,0.63587
846,295,167,338.99,1.27921
847,574,-4,574.01,2.16609
848,643,-47,644.72,2.43289
# END
# FRAME,55,RX_TS,347540404980,FP_INDEX,754.0625,FP_INT,754,RXPACC,318,RXPWR,-69.47,STD_NOISE,152.00,NTM,13,NOISE_THRESH,1976.00,PEAK_IDX,756,PEAK_AMPL,20615,START,704,elapsed_s,5.6836
sample,real,imag,amplitude,amplitude_norm
704,-173,94,196.89,0.61915
705,-129,-243,275.12,0.86515
706,76,55,93.81,0.29501
707,597,865,1051.02,3.30508
708,755,1016,1265.81,3.98054
709,675,897,1122.60,3.53019
710,90,62,109.29,0.34367
711,-520,-583,781.21,2.45663
712,-373,-342,506.06,1.59137
713,-234,194,303.96,0.95585
714,-12,409,409.18,1.28672
715,307,125,331.47,1.04237
716,396,130,416.79,1.31067
717,370,315,485.93,1.52807
718,84,301,312.50,0.98271
719,-145,171,224.20,0.70503
720,-30,-45,54.08,0.17007
721,-59,45,74.20,0.23334
722,516,349,622.94,1.95894
723,589,824,1012.87,3.18511
724,535,900,1047.01,3.29248
725,600,782,985.66,3.09956
726,-39,-29,48.60,0.15283
727,-654,-634,910.86,2.86435
728,-342,-250,423.63,1.33218
729,-54,384,387.78,1.21943
730,-69,558,562.25,1.76808
731,481,639,799.80,2.51510
732,825,662,1057.77,3.32631
733,839,436,945.52,2.97335
734,-16,85,86.49,0.27199
735,-702,-428,822.18,2.58549
736,-204,-402,450.80,1.41761
737,84,-199,216.00,0.67925
738,-266,-474,543.54,1.70923
739,-569,-1091,1230.46,3.86938
740,-674,-972,1182.82,3.71956
741,-757,-886,1165.35,3.66463
742,-275,-168,322.26,1.01338
743,330,456,562.88,1.77007
744,153,5,153.08,0.48139
745,-491,-280,565.23,1.77744
746,-852,-523,999.72,3.14376
747,-1002,-669,1204.81,3.78871
748,-849,-881,1223.50,3.84750
749,-819,-913,1226.51,3.85695
750,-413,-38,414.74,1.30423
751,225,402,460.68,1.44869
752,273,-137,305.45,0.96053
753,1311,-1511,2000.46,6.29076
754,8442,-7175,11079.17,34.84015
755,15881,-14531,21525.71,67.69091
756,16266,-16470,23148.30,72.79339
757,14510,-15702,21379.73,67.23186
758,1825,-1811,2571.06,8.08509
759,-10289,11844,15688.97,49.33639
760,-4909,6604,8228.67,25.87634
761,2004,-1965,2806.64,8.82592
762,922,-2391,2562.61,8.05852
763,-2614,253,2626.21,8.25854
764,-2740,464,2779.01,8.73903
765,-1549,113,1553.12,4.88401
766,-909,600,1089.17,3.42505
767,-357,576,677.66,2.13101
768,-673,1159,1340.23,4.21455
769,-639,1356,1499.02,4.71390
770,-406,836,929.37,2.92255
771,-916,-88,920.22,2.89377
772,-1678,-245,1695.79,5.33268
773,-1584,573,1684.45,5.29702
774,-796,2776,2887.87,9.08135
775,518,2681,2730.58,8.58674
776,480,845,971.82,3.05602
777,841,285,887.98,2.79239
778,950,2637,2802.90,8.81416
779,150,2659,2663.23,8.37493
780,-1500,69,1501.59,4.72197
781,-2070,-2023,2894.38,9.10182
782,-1014,-1747,2019.95,6.35205
783,-118,164,202.04,0.63534
784,-308,1749,1775.91,5.58463
785,-1889,2543,3167.83,9.96174
786,-2644,2564,3683.05,11.58191
787,-616,1876,1974.55,6.20926
788,867,1665,1877.21,5.90317
789,1801,1224,2177.56,6.84768
790,1545,927,1801.76,5.66593
791,717,1976,2102.06,6.61026
792,-1529,5036,5263.00,16.55030
793,-3652,5778,6835.38,21.49490
794,-3043,2859,4175.37,13.13010
795,-541,-285,611.48,1.92289
796,351,-649,737.84,2.32024
797,636,-421,762.72,2.39848
798,613,-591,851.50,2.67767
799,279,-59,285.17,0.89676
800,298,582,653.86,2.05615
801,434,944,1038.99,3.26725
802,674,1069,1263.74,3.97402
803,566,1093,1230.86,3.87061
804,628,998,1179.15,3.70801
805,1116,661,1297.06,4.07882
806,869,-404,958.32,3.01358
807,216,-972,995.71,3.13117
808,-383,-890,968.91,3.04689
809,-435,-395,587.58,1.84774
810,-694,-3,694.01,2.18241
811,-582,42,583.51,1.83495
812,-518,232,567.58,1.78485
813,-882,184,900.99,2.83330
814,-738,169,757.10,2.38083
815,282,-88,295.41,0.92897
816,411,-106,424.45,1.33475
817,-367,63,372.37,1.17097
818,-1141,170,1153.59,3.62766
819,-856,-107,862.66,2.71277
820,-512,97,521.11,1.63870
821,-153,733,748.80,2.35471
822,-599,1019,1182.02,3.71703
823,-1388,343,1429.75,4.49608
824,-1367,-171,1377.65,4.33224
825,-363,-82,372.15,1.17027
826,565,567,800.45,2.51713
827,308,692,757.45,2.38191
828,-519,133,535.77,1.68481
829,-1196,-180,1209.47,3.80336
830,-1379,283,1407.74,4.42685
831,-1132,124,1138.77,3.58104
832,-747,-116,755.95,2.37721
833,-73,-236,247.03,0.77683
834,425,148,450.03,1.41520
835,270,640,694.62,2.18435
836,-353,523,630.98,1.98422
837,-536,24,536.54,1.68722
838,-830,-330,893.20,2.80879
839,-976,-57,977.66,3.07441
840,-623,847,1051.45,3.30643
841,-496,1011,1126.12,3.54124
842,-257,387,464.56,1.46089
843,-117,9,117.35,0.36901
844,-96,279,295.05,0.92784
845,-217,369,428.08,1.34615
846,-699,116,708.56,2.22818
847,-574,-170,598.65,1.88253
848,0,39,39.00,0.12264
849,305,41,307.74,0.96775
850,-21,-265,265.83,0.83595
851,-521,-279,591.00,1.85849
852,-696,-211,727.28,2.28705
853,-606,-183,633.03,1.99066
# END
# FRAME,56,RX_TS,353930200039,FP_INDEX,749.0781,FP_INT,749,RXPACC,268,RXPWR,-68.37,STD_NOISE,152.00,NTM,13,NOISE_THRESH,1976.00,PEAK_IDX,751,PEAK_AMPL,18090,START,699,elapsed_s,5.7825
sample,real,imag,amplitude,amplitude_norm
699,-63,-78,100.26,0.37412
700,157,-172,232.88,0.86895
701,53,120,131.18,0.48949
702,-419,746,855.61,3.19259
703,-476,900,1018.12,3.79897
704,-422,795,900.06,3.35843
705,-33,138,141.89,0.52944
706,315,-629,703.47,2.62488
707,244,-518,572.59,2.13653
708,-208,-144,252.98,0.94396
709,-287,96,302.63,1.12922
710,73,294,302.93,1.13033
711,96,366,378.38,1.41187
712,7,382,382.06,1.42561
713,-137,302,331.62,1.23739
714,-122,-94,154.01,0.57468
715,20,-110,111.80,0.41718
716,58,-34,67.23,0.25086
717,3,390,390.01,1.45527
718,-413,713,823.98,3.07454
719,-507,729,887.97,3.31332
720,-356,716,799.62,2.98366
721,29,11,31.02,0.11573
722,370,-746,832.72,3.10715
723,271,-347,440.28,1.64285
724,-203,111,231.37,0.86330
725,-382,169,417.71,1.55863
726,-315,559,641.64,2.39419
727,-194,808,830.96,3.10061
728,-36,774,774.84,2.89118
729,-78,34,85.09,0.31749
730,112,-706,714.83,2.66727
731,313,-335,458.47,1.71071
732,289,-23,289.91,1.08177
733,384,-389,546.60,2.03957
734,714,-829,1094.09,4.08243
735,527,-922,1061.99,3.96263
736,455,-928,1033.54,3.85650
737,113,-240,265.27,0.98982
738,-103,441,452.87,1.68981
739,119,53,130.27,0.48608
740,163,-511,536.37,2.00137
741,135,-812,823.15,3.07144
742,158,-952,965.02,3.60083
743,407,-935,1019.74,3.80501
744,482,-936,1052.82,3.92842
745,-81,-389,397.34,1.48263
746,-257,278,378.59,1.41266
747,196,158,251.75,0.93938
748,1513,360,1555.24,5.80313
749,7956,3635,8747.07,32.63831
750,15684,6894,17132.28,63.92643
751,16476,6590,17745.05,66.21286
752,16060,5524,16983.47,63.37114
753,2935,1020,3107.19,11.59399
754,-12584,-3614,13092.67,48.85325
755,-7183,-1441,7326.12,27.33625
756,2087,808,2237.95,8.35057
757,2336,-2,2336.00,8.71642
758,-1030,-1808,2080.81,7.76421
759,-1283,-1896,2289.30,8.54217
760,-592,-1262,1393.95,5.20132
761,-765,-480,903.12,3.36985
762,-550,-70,554.44,2.06879
763,-1072,-126,1079.38,4.02753
764,-1274,-98,1277.76,4.76778
765,-835,-18,835.19,3.11640
766,-197,-620,650.55,2.42741
767,-317,-1287,1325.47,4.94577
768,-895,-915,1279.94,4.77590
769,-2183,471,2233.23,8.33296
770,-1688,1456,2229.19,8.31787
771,-330,691,765.76,2.85730
772,182,624,650.00,2.42537
773,-1602,1563,2238.16,8.35135
774,-2026,1224,2367.03,8.83222
775,-645,-817,1040.92,3.88403
776,896,-2173,2350.48,8.77044
777,1081,-1424,1787.83,6.67101
778,-47,-153,160.06,0.59722
779,-1377,402,1434.48,5.35254
780,-2536,-483,2581.59,9.63278
781,-2962,-1263,3220.03,12.01505
782,-1732,13,1732.05,6.46287
783,-992,1136,1508.16,5.62748
784,-302,1728,1754.19,6.54549
785,-90,1448,1450.79,5.41341
786,-1179,1205,1685.84,6.29046
787,-4310,652,4359.04,16.26506
788,-5749,-710,5792.68,21.61446
789,-3390,-1249,3612.77,13.48048
790,-48,-465,467.47,1.74429
791,642,77,646.60,2.41269
792,590,282,653.93,2.44004
793,732,213,762.36,2.84463
794,237,100,257.23,0.95983
795,-221,421,475.48,1.77418
796,-455,694,829.86,3.09648
797,-420,846,944.52,3.52432
798,-535,804,965.73,3.60348
799,-459,729,861.47,3.21442
800,-71,994,996.53,3.71840
801,630,486,795.67,2.96893
802,801,-288,851.20,3.17613
803,516,-642,823.66,3.07337
804,153,-530,551.64,2.05837
805,-157,-522,545.10,2.03395
806,-176,-479,510.31,1.90414
807,-337,-318,463.35,1.72892
808,-419,-539,682.70,2.54740
809,-321,-507,600.08,2.23909
810,249,128,279.97,1.04468
811,340,277,438.55,1.63639
812,30,-201,203.23,0.75831
813,-483,-785,921.69,3.43915
814,-263,-695,743.10,2.77275
815,-280,-332,434.31,1.62055
816,-552,133,567.80,2.11864
817,-922,-160,935.78,3.49172
818,-702,-946,1178.02,4.39558
819,-386,-1145,1208.31,4.50863
820,-179,-381,420.95,1.57072
821,-222,587,627.58,2.34171
822,-423,493,649.60,2.42387
823,-262,-356,442.02,1.64932
824,-211,-958,980.96,3.66030
825,-581,-978,1137.56,4.24463
826,-431,-941,1035.01,3.86197
827,-180,-678,701.49,2.61749
828,117,-177,212.17,0.79170
829,114,324,343.47,1.28161
830,-361,428,559.92,2.08924
831,-488,-23,488.54,1.82292
832,-142,-436,458.54,1.71097
833,99,-778,784.27,2.92639
834,-202,-798,823.17,3.07153
835,-839,-93,844.14,3.14977
836,-945,2,945.00,3.52613
837,-464,-140,484.66,1.80844
838,-14,-156,156.63,0.58443
839,-197,-8,197.16,0.73568
840,-276,-4,276.03,1.02996
841,-345,-431,552.07,2.05998
842,-5,-505,505.02,1.88442
843,93,-38,100.46,0.37487
844,131,282,310.94,1.16023
845,267,-8,267.12,0.99672
846,126,-527,541.85,2.02184
847,5,-598,598.02,2.23142
848,11,-605,605.10,2.25784
# END
# FRAME,57,RX_TS,360319995069,FP_INDEX,752.1719,FP_INT,752,RXPACC,276,RXPWR,-68.39,STD_NOISE,160.00,NTM,13,NOISE_THRESH,2080.00,PEAK_IDX,754,PEAK_AMPL,18813,START,702,elapsed_s,5.8900
sample,real,imag,amplitude,amplitude_norm
702,-72,-47,85.98,0.31153
703,129,-213,249.02,0.90224
704,74,81,109.71,0.39751
705,-457,630,778.30,2.81992
706,-566,781,964.53,3.49467
707,-553,811,981.60,3.55651
708,-113,284,305.66,1.10745
709,419,-580,715.51,2.59244
710,240,-514,567.27,2.05533
711,-197,-226,299.81,1.08626
712,-348,8,348.09,1.26120
713,-18,317,317.51,1.15040
714,7,410,410.06,1.48572
715,-81,385,393.43,1.42547
716,-129,192,231.31,0.83809
717,-150,-32,153.38,0.55571
718,26,-83,86.98,0.31513
719,-24,-38,44.94,0.16284
720,-70,325,332.45,1.20454
721,-435,692,817.37,2.96148
722,-588,747,950.66,3.44442
723,-436,762,877.92,3.18086
724,-12,62,63.15,0.22881
725,396,-713,815.59,2.95503
726,263,-399,477.88,1.73145
727,-216,36,218.98,0.79340
728,-317,90,329.53,1.19394
729,-323,464,565.35,2.04838
730,-326,759,826.05,2.99293
731,-123,937,945.04,3.42405
732,-23,168,169.57,0.61437
733,158,-721,738.11,2.67431
734,302,-389,492.47,1.78431
735,190,-29,192.20,0.69638
736,353,-303,465.21,1.68553
737,813,-698,1071.53,3.88235
738,699,-861,1109.02,4.01818
739,636,-867,1075.26,3.89587
740,180,-419,456.03,1.65227
741,-267,403,483.42,1.75153
742,17,106,107.35,0.38897
743,282,-471,548.97,1.98901
744,271,-837,879.78,3.18760
745,359,-978,1041.81,3.77467
746,547,-937,1084.98,3.93108
747,632,-863,1069.67,3.87561
748,54,-451,454.22,1.64573
749,-324,278,426.92,1.54681
750,66,200,210.61,0.76307
751,1289,453,1366.28,4.95030
752,6942,4348,8191.24,29.67842
753,15144,9367,17806.78,64.51732
754,16467,9540,19030.86,68.95239
755,16224,8440,18288.02,66.26096
756,4609,2295,5148.78,18.65499
757,-11760,-5351,12920.17,46.81221
758,-7985,-3098,8564.92,31.03231
759,1536,882,1771.22,6.41746
760,2739,535,2790.76,10.11145
761,-583,-1963,2047.74,7.41936
762,-1043,-2207,2441.04,8.84436
763,-436,-1392,1458.68,5.28509
764,-643,-658,920.01,3.33336
765,-504,-217,548.73,1.98815
766,-941,-297,986.76,3.57521
767,-1234,-222,1253.81,4.54279
768,-849,-77,852.48,3.08871
769,-115,-630,640.41,2.32033
770,-107,-1438,1441.98,5.22455
771,-622,-1364,1499.13,5.43162
772,-2157,-198,2166.07,7.84807
773,-2054,1073,2317.38,8.39630
774,-739,653,986.17,3.57308
775,-177,588,614.06,2.22486
776,-1894,1349,2325.30,8.42501
777,-2375,1164,2644.90,9.58299
778,-672,-790,1037.15,3.75780
779,1098,-2114,2382.14,8.63095
780,1352,-1483,2006.79,7.27097
781,36,-329,330.96,1.19914
782,-1477,165,1486.19,5.38474
783,-2512,-718,2612.60,9.46593
784,-2916,-1628,3339.68,12.10028
785,-1789,-288,1812.03,6.56534
786,-1201,936,1522.66,5.51689
787,-514,1698,1774.09,6.42787
788,-210,1662,1675.21,6.06962
789,-1104,1264,1678.25,6.08060
790,-4122,205,4127.09,14.95324
791,-5661,-1386,5828.20,21.11667
792,-3576,-1795,4001.22,14.49719
793,-38,-477,478.51,1.73374
794,677,224,713.10,2.58368
795,559,416,696.80,2.52466
796,712,390,811.82,2.94136
797,284,268,390.49,1.41481
798,-314,453,551.19,1.99705
799,-481,518,706.88,2.56117
800,-526,708,882.01,3.19569
801,-597,790,990.21,3.58770
802,-618,726,953.41,3.45440
803,-274,1047,1082.26,3.92123
804,482,674,828.61,3.00222
805,896,-50,897.39,3.25143
806,644,-568,858.70,3.11122
807,309,-445,541.76,1.96291
808,-100,-475,485.41,1.75874
809,-150,-487,509.58,1.84629
810,-263,-404,482.06,1.74661
811,-362,-625,722.27,2.61691
812,-349,-633,722.83,2.61897
813,179,130,221.23,0.80154
814,204,351,405.98,1.47093
815,-6,-164,164.11,0.59460
816,-255,-827,865.42,3.13558
817,-35,-753,753.81,2.73121
818,-148,-406,432.13,1.56570
819,-594,45,595.70,2.15834
820,-939,-187,957.44,3.46898
821,-637,-972,1162.13,4.21063
822,-252,-1254,1279.07,4.63431
823,22,-410,410.59,1.48764
824,-224,578,619.89,2.24597
825,-438,470,642.45,2.32772
826,-204,-340,396.50,1.43661
827,-87,-997,1000.79,3.62605
828,-490,-1117,1219.75,4.41938
829,-321,-1052,1099.88,3.98509
830,-48,-839,840.37,3.04483
831,202,-206,288.51,1.04534
832,139,430,451.91,1.63735
833,-278,420,503.67,1.82489
834,-504,-111,516.08,1.86985
835,-87,-531,538.08,1.94956
836,175,-794,813.06,2.94586
837,-79,-870,873.58,3.16514
838,-743,-296,799.79,2.89779
839,-917,-82,920.66,3.33572
840,-389,-104,402.66,1.45892
841,31,-129,132.67,0.48070
842,-163,-117,200.64,0.72697
843,-258,-43,261.56,0.94768
844,-269,-431,508.06,1.84079
845,72,-558,562.63,2.03850
846,39,-63,74.09,0.26846
847,-4,211,211.04,0.76463
848,186,-15,186.60,0.67610
849,119,-505,518.83,1.87982
850,158,-605,625.29,2.26555
851,127,-603,616.23,2.23271
# END
# FRAME,58,RX_TS,366709783384,FP_INDEX,747.7344,FP_INT,747,RXPACC,264,RXPWR,-69.18,STD_NOISE,152.00,NTM,13,NOISE_THRESH,1976.00,PEAK_IDX,749,PEAK_AMPL,16622,START,697,elapsed_s,5.9861
sample,real,imag,amplitude,amplitude_norm
697,-121,-77,143.42,0.54327
698,98,-72,121.61,0.46063
699,253,84,266.58,1.00977
700,-192,-5,192.07,0.72752
701,-823,-232,855.07,3.23892
702,-912,-147,923.77,3.49913
703,-637,-114,647.12,2.45121
704,400,108,414.32,1.56941
705,767,-88,772.03,2.92436
706,373,-37,374.83,1.41981
707,18,-259,259.62,0.98343
708,-198,-98,220.93,0.83684
709,-324,218,390.51,1.47921
710,-339,120,359.61,1.36217
711,-277,5,277.05,1.04941
712,37,-55,66.29,0.25109
713,187,-81,203.79,0.77193
714,149,-24,150.92,0.57167
715,44,-129,136.30,0.51628
716,-505,52,507.67,1.92299
717,-815,-195,838.00,3.17426
718,-768,-215,797.53,3.02093
719,-441,-24,441.65,1.67293
720,489,136,507.56,1.92258
721,792,45,793.28,3.00484
722,196,-101,220.49,0.83520
723,-183,-209,277.79,1.05225
724,-222,-138,261.40,0.99014
725,-617,43,618.50,2.34279
726,-790,113,798.04,3.02288
727,-456,174,488.07,1.84875
728,377,-113,393.57,1.49080
729,713,10,713.07,2.70102
730,341,157,375.41,1.42199
731,246,157,291.83,1.10542
732,629,200,660.03,2.50012
733,1064,362,1123.90,4.25718
734,1082,211,1102.38,4.17569
735,922,15,922.12,3.49289
736,-199,-133,239.35,0.90664
737,-483,-37,484.42,1.83491
738,166,133,212.71,0.80571
739,610,-135,624.76,2.36651
740,910,-49,911.32,3.45196
741,999,-96,1003.60,3.80152
742,1047,148,1057.41,4.00534
743,810,98,815.91,3.09056
744,-63,-118,133.76,0.50668
745,-404,-84,412.64,1.56303
746,45,199,204.02,0.77282
747,2,2445,2445.00,9.26137
748,-1323,10917,10996.87,41.65482
749,-1299,16333,16384.57,62.06278
750,-310,16505,16507.91,62.52997
751,234,12946,12948.11,49.04589
752,-3,-6372,6372.00,24.13637
753,-341,-14054,14058.14,53.25052
754,-493,-3825,3856.64,14.60849
755,129,3429,3431.43,12.99782
756,963,1148,1498.42,5.67585
757,1480,-1819,2345.03,8.88269
758,1370,-1694,2178.65,8.25248
759,723,-884,1142.01,4.32579
760,86,-540,546.81,2.07123
761,58,-702,704.39,2.66815
762,-151,-1315,1323.64,5.01379
763,-326,-938,993.04,3.76150
764,-116,-615,625.84,2.37062
765,742,-442,863.67,3.27148
766,1215,-847,1481.09,5.61020
767,192,-1566,1577.73,5.97624
768,-1353,-1755,2216.00,8.39392
769,-1429,-680,1582.54,5.99448
770,-257,240,351.64,1.33196
771,-739,-44,740.31,2.80420
772,-2158,-1480,2616.75,9.91192
773,-1228,-1425,1881.12,7.12545
774,1202,-587,1337.67,5.06695
775,2617,546,2673.35,10.12633
776,1187,437,1264.89,4.79124
777,-353,-561,662.82,2.51068
778,-744,-1807,1954.17,7.40216
779,-33,-3035,3035.18,11.49689
780,137,-2861,2864.28,10.84954
781,-757,-1420,1609.18,6.09537
782,-1443,-402,1497.95,5.67405
783,-1532,584,1639.54,6.21037
784,-1073,506,1186.32,4.49365
785,-1556,-1249,1995.28,7.55787
786,-1701,-4579,4884.74,18.50278
787,-616,-5518,5552.28,21.03135
788,362,-2662,2686.50,10.17614
789,443,166,473.08,1.79197
790,159,666,684.72,2.59362
791,65,754,756.80,2.86665
792,85,494,501.26,1.89871
793,-212,33,214.55,0.81270
794,-471,-88,479.15,1.81496
795,-775,-196,799.40,3.02803
796,-948,-222,973.65,3.68806
797,-867,-285,912.64,3.45697
798,-852,-147,864.59,3.27496
799,-769,352,845.73,3.20354
800,62,681,683.82,2.59021
801,673,460,815.19,3.08783
802,784,237,819.04,3.10242
803,498,-6,498.04,1.88650
804,405,-441,598.75,2.26801
805,315,-448,547.66,2.07446
806,287,-637,698.67,2.64647
807,498,-816,955.96,3.62106
808,170,-164,236.21,0.89474
809,-291,378,477.04,1.80696
810,-48,266,270.30,1.02385
811,389,-269,472.95,1.79148
812,768,-474,902.50,3.41855
813,561,-288,630.61,2.38866
814,104,-379,393.01,1.48867
815,-355,-662,751.18,2.84537
816,131,-1004,1012.51,3.83527
817,912,-860,1253.53,4.74823
818,888,-445,993.26,3.76236
819,109,-29,112.79,0.42724
820,-700,-90,705.76,2.67334
821,-394,-316,505.07,1.91313
822,507,-392,640.87,2.42753
823,990,-789,1265.95,4.79525
824,761,-838,1131.97,4.28778
825,808,-509,954.96,3.61727
826,511,-234,562.03,2.12890
827,116,164,200.88,0.76090
828,-360,229,426.66,1.61615
829,-363,-308,476.06,1.80326
830,154,-507,529.87,2.00709
831,705,-279,758.20,2.87197
832,933,-221,958.82,3.63188
833,568,-477,741.72,2.80956
834,-230,-850,880.57,3.33548
835,-222,-777,808.09,3.06096
836,158,-321,357.78,1.35522
837,160,-137,210.64,0.79788
838,-55,-256,261.84,0.99182
839,39,-483,484.57,1.83550
840,555,-421,696.61,2.63868
841,508,-90,515.91,1.95421
842,-22,98,100.44,0.38045
843,-81,169,187.41,0.70988
844,378,112,394.24,1.49335
845,645,-74,649.23,2.45921
846,636,-119,647.04,2.45090
# END
# FRAME,59,RX_TS,373099578379,FP_INDEX,750.0312,FP_INT,750,RXPACC,287,RXPWR,-68.70,STD_NOISE,172.00,NTM,13,NOISE_THRESH,2236.00,PEAK_IDX,752,PEAK_AMPL,19412,START,700,elapsed_s,6.0895
sample,real,imag,amplitude,amplitude_norm
700,222,-36,224.90,0.78362
701,211,177,275.41,0.95961
702,-120,-63,135.53,0.47224
703,-585,-668,887.95,3.09389
704,-718,-701,1003.46,3.49636
705,-657,-688,951.31,3.31467
706,33,-3,33.14,0.11546
707,689,473,835.73,2.91196
708,513,206,552.82,1.92619
709,260,-204,330.48,1.15149
710,3,-353,353.01,1.23001
711,-340,1,340.00,1.18467
712,-349,-60,354.12,1.23387
713,-302,-131,329.19,1.14700
714,-72,-232,242.92,0.84640
715,136,-125,184.72,0.64362
716,111,114,159.11,0.55440
717,146,-51,154.65,0.53885
718,-392,-233,456.02,1.58892
719,-641,-668,925.80,3.22578
720,-676,-723,989.80,3.44878
721,-561,-520,764.93,2.66527
722,136,105,171.82,0.59866
723,739,566,930.85,3.24337
724,353,287,454.95,1.58519
725,3,-344,344.01,1.19865
726,-95,-470,479.50,1.67075
727,-501,-415,650.56,2.26675
728,-756,-348,832.25,2.89983
729,-762,-150,776.62,2.70601
730,197,-27,198.84,0.69283
731,746,367,831.39,2.89682
732,294,420,512.68,1.78633
733,82,343,352.67,1.22880
734,399,516,652.27,2.27272
735,782,972,1247.52,4.34676
736,861,861,1217.64,4.24264
737,890,729,1150.45,4.00855
738,278,145,313.54,1.09248
739,-315,-244,398.45,1.38832
740,45,114,122.56,0.42704
741,555,279,621.18,2.16439
742,945,439,1041.99,3.63063
743,1098,464,1192.02,4.15336
744,912,680,1137.60,3.96378
745,857,660,1081.69,3.76895
746,348,-64,353.84,1.23288
747,-239,-305,387.49,1.35013
748,-75,245,256.22,0.89276
749,-960,1787,2028.54,7.06808
750,-6706,8232,10617.73,36.99559
751,-11993,15341,19472.50,67.84844
752,-11887,16462,20305.13,70.74957
753,-10215,15530,18588.36,64.76780
754,-442,701,828.71,2.88750
755,7544,-12455,14561.56,50.73713
756,2977,-5924,6629.96,23.10089
757,-1504,2437,2863.74,9.97817
758,-229,2089,2101.51,7.32235
759,2341,-729,2451.88,8.54314
760,2301,-712,2408.64,8.39247
761,1409,-263,1433.34,4.99420
762,725,-624,956.56,3.33295
763,369,-563,673.15,2.34547
764,533,-1144,1262.07,4.39746
765,440,-1181,1260.30,4.39130
766,246,-836,871.44,3.03639
767,844,54,845.73,2.94678
768,1662,77,1663.78,5.79715
769,1404,-463,1478.37,5.15112
770,317,-1985,2010.15,7.00402
771,-733,-1765,1911.16,6.65908
772,-337,-567,659.59,2.29822
773,-515,-526,736.14,2.56495
774,-969,-2477,2659.79,9.26757
775,-404,-2326,2360.82,8.22587
776,1306,-218,1324.07,4.61348
777,2025,1453,2492.36,8.68417
778,1103,1209,1636.55,5.70226
779,184,-294,346.83,1.20847
780,229,-1686,1701.48,5.92850
781,1514,-2616,3022.52,10.53144
782,1927,-2656,3281.41,11.43349
783,309,-1795,1821.40,6.34635
784,-956,-1261,1582.42,5.51366
785,-1724,-659,1845.66,6.43087
786,-1574,-438,1633.81,5.69270
787,-929,-1761,1991.02,6.93735
788,655,-4916,4959.44,17.28029
789,2364,-5637,6112.63,21.29837
790,2058,-2732,3420.41,11.91780
791,449,290,534.51,1.86240
792,-215,658,692.23,2.41197
793,-440,513,675.85,2.35487
794,-449,646,786.71,2.74116
795,-338,90,349.78,1.21874
796,-473,-360,594.41,2.07113
797,-555,-611,825.44,2.87609
798,-739,-652,985.51,3.43382
799,-579,-763,957.82,3.33734
800,-638,-645,907.23,3.16109
801,-1021,-337,1075.18,3.74627
802,-630,486,795.67,2.77238
803,122,847,855.74,2.98168
804,572,756,948.01,3.30317
805,513,364,629.02,2.19170
806,712,-6,712.03,2.48092
807,609,-98,616.83,2.14925
808,602,-280,663.93,2.31335
809,866,-239,898.37,3.13023
810,657,-210,689.75,2.40329
811,-285,85,297.41,1.03626
812,-283,246,374.97,1.30653
813,401,-23,401.66,1.39951
814,1064,-118,1070.52,3.73005
815,839,65,841.51,2.93210
816,457,-197,497.65,1.73398
817,113,-663,672.56,2.34342
818,561,-885,1047.83,3.65097
819,1323,-497,1413.27,4.92429
820,1364,-176,1375.31,4.79201
821,438,-67,443.09,1.54388
822,-435,-379,576.95,2.01026
823,-163,-498,524.00,1.82577
824,633,-115,643.36,2.24168
825,1238,26,1238.27,4.31454
826,1305,-407,1366.99,4.76305
827,1212,-183,1225.74,4.27086
828,799,103,805.61,2.80701
829,211,199,290.04,1.01059
830,-375,-21,375.59,1.30867
831,-219,-474,522.15,1.81933
832,357,-418,549.70,1.91534
833,649,20,649.31,2.26240
834,916,242,947.43,3.30114
835,851,-50,852.47,2.97027
836,379,-948,1020.95,3.55733
837,302,-927,974.95,3.39705
838,319,-371,489.29,1.70483
839,252,-6,252.07,0.87830
840,188,-239,304.08,1.05951
841,210,-295,362.11,1.26171
842,634,-128,646.79,2.25363
843,591,201,624.25,2.17507
844,44,84,94.83,0.33040
845,-156,52,164.44,0.57296
846,232,280,363.63,1.26699
847,524,244,578.02,2.01402
848,636,188,663.20,2.31082
849,615,200,646.70,2.25332
# END
# FRAME,60,RX_TS,379489373300,FP_INDEX,751.6562,FP_INT,751,RXPACC,269,RXPWR,-68.19,STD_NOISE,156.00,NTM,13,NOISE_THRESH,2028.00,PEAK_IDX,754,PEAK_AMPL,18520,START,701,elapsed_s,6.1841
sample,real,imag,amplitude,amplitude_norm
701,212,-134,250.80,0.93234
702,57,185,193.58,0.71964
703,-104,148,180.89,0.67244
704,253,-265,366.38,1.36201
705,693,-707,990.00,3.68029
706,618,-759,978.78,3.63858
707,533,-620,817.61,3.03945
708,-137,240,276.35,1.02732
709,-234,735,771.35,2.86747
710,-9,305,305.13,1.13432
711,441,113,455.25,1.69237
712,256,-77,267.33,0.99379
713,-35,-320,321.91,1.19669
714,28,-299,300.31,1.11639
715,82,-241,254.57,0.94635
716,239,40,242.32,0.90083
717,169,208,268.00,0.99629
718,77,138,158.03,0.58747
719,132,-2,132.02,0.49076
720,208,-569,605.83,2.25214
721,586,-649,874.41,3.25060
722,534,-685,868.55,3.22881
723,366,-456,584.72,2.17366
724,-206,427,474.09,1.76243
725,-363,691,780.54,2.90165
726,20,201,201.99,0.75090
727,327,-20,327.61,1.21788
728,415,-249,483.97,1.79914
729,350,-622,713.71,2.65320
730,239,-775,811.02,3.01493
731,21,-596,596.37,2.21699
732,5,417,417.03,1.55030
733,-315,657,728.61,2.70859
734,-237,249,343.76,1.27791
735,-265,172,315.93,1.17444
736,-502,504,711.35,2.64443
737,-683,784,1039.78,3.86536
738,-531,882,1029.51,3.82716
739,-392,912,992.68,3.69025
740,146,15,146.77,0.54561
741,223,-344,409.96,1.52400
742,-191,208,282.39,1.04978
743,-124,734,744.40,2.76729
744,-252,950,982.86,3.65374
745,-260,1020,1052.62,3.91307
746,-527,990,1121.53,4.16926
747,-332,874,934.93,3.47559
748,295,129,321.97,1.19692
749,188,-307,359.99,1.33825
750,-382,-76,389.49,1.44791
751,-3012,-1346,3299.07,12.26420
752,-11485,-6615,13253.81,49.27067
753,-16105,-8784,18344.75,68.19608
754,-16456,-8100,18341.48,68.18394
755,-13165,-5770,14373.94,53.43472
756,5029,2074,5439.88,20.22261
757,12220,4792,13125.99,48.79551
758,2958,712,3042.48,11.31035
759,-3162,-1187,3377.46,12.55560
760,-817,954,1256.03,4.66925
761,1253,2242,2568.38,9.54788
762,844,1835,2019.79,7.50852
763,597,1067,1222.66,4.54521
764,666,457,807.72,3.00266
765,652,324,728.07,2.70656
766,1332,332,1372.75,5.10317
767,1132,99,1136.32,4.22424
768,570,330,658.63,2.44846
769,78,1137,1139.67,4.23670
770,312,1699,1727.41,6.42160
771,1221,1014,1587.15,5.90018
772,2190,-409,2227.86,8.28203
773,1267,-887,1546.63,5.74955
774,86,-246,260.60,0.96877
775,732,-640,972.33,3.61461
776,2424,-1373,2785.84,10.35628
777,1734,-147,1740.22,6.46922
778,36,1590,1590.41,5.91230
779,-1165,2037,2346.61,8.72347
780,-621,865,1064.83,3.95848
781,723,-156,739.64,2.74959
782,1801,96,1803.56,6.70467
783,2832,1249,3095.19,11.50630
784,2451,985,2641.52,9.81978
785,1619,-419,1672.34,6.21688
786,815,-1286,1522.50,5.65987
787,315,-1758,1786.00,6.63940
788,451,-1411,1481.32,5.50678
789,2408,-1060,2630.98,9.78060
790,5218,291,5226.11,19.42791
791,5104,1600,5348.91,19.88441
792,1664,1176,2037.61,7.57477
793,-421,264,496.93,1.84731
794,-541,-172,567.68,2.11035
795,-588,-401,711.72,2.64580
796,-583,-275,644.60,2.39630
797,126,-363,384.25,1.42842
798,451,-464,647.07,2.40546
799,620,-607,867.67,3.22553
800,624,-724,955.80,3.55316
801,685,-651,945.00,3.51301
802,464,-799,923.96,3.43479
803,-8,-862,862.04,3.20460
804,-723,-250,765.00,2.84388
805,-585,433,727.81,2.70563
806,-391,663,769.71,2.86137
807,23,538,538.49,2.00183
808,179,654,678.05,2.52065
809,216,567,606.75,2.25557
810,325,577,662.23,2.46184
811,413,827,924.39,3.43640
812,136,339,365.26,1.35785
813,-145,-263,300.32,1.11644
814,-53,-36,64.07,0.23818
815,315,541,626.02,2.32723
816,299,972,1016.95,3.78048
817,77,671,675.40,2.51079
818,386,225,446.79,1.66093
819,806,-58,808.08,3.00403
820,982,613,1157.62,4.30343
821,654,1404,1548.85,5.75780
822,265,1089,1120.78,4.16647
823,135,86,160.07,0.59504
824,455,-605,757.00,2.81413
825,378,-61,382.89,1.42338
826,188,722,746.08,2.77351
827,325,1269,1309.96,4.86973
828,568,1124,1259.36,4.68165
829,294,1003,1045.20,3.88551
830,50,548,550.28,2.04564
831,-134,-22,135.79,0.50481
832,71,-436,441.74,1.64217
833,541,-134,557.35,2.07193
834,431,349,554.58,2.06165
835,63,694,696.85,2.59053
836,57,918,919.77,3.41921
837,382,603,713.82,2.65359
838,969,139,978.92,3.63910
839,870,190,890.51,3.31043
840,228,238,329.59,1.22523
841,101,224,245.72,0.91345
842,278,44,281.46,1.04632
843,385,229,447.96,1.66527
844,216,604,641.46,2.38461
845,-34,420,421.37,1.56645
846,-13,-37,39.22,0.14579
847,-63,-83,104.20,0.38737
848,-140,377,402.16,1.49500
849,-17,629,629.23,2.33914
850,10,615,615.08,2.28655
# END
# FRAME,61,RX_TS,385879168206,FP_INDEX,752.7031,FP_INT,752,RXPACC,264,RXPWR,-68.79,STD_NOISE,156.00,NTM,13,NOISE_THRESH,2028.00,PEAK_IDX,755,PEAK_AMPL,17289,START,702,elapsed_s,6.2834
sample,real,imag,amplitude,amplitude_norm
702,-198,-119,231.01,0.87503
703,71,-156,171.40,0.64923
704,218,41,221.82,0.84023
705,-219,79,232.81,0.88187
706,-848,-54,849.72,3.21863
707,-919,54,920.59,3.48706
708,-768,18,768.21,2.90989
709,183,29,185.28,0.70183
710,710,-82,714.72,2.70727
711,399,-94,409.92,1.55274
712,-53,-319,323.37,1.22490
713,-209,-89,227.16,0.86046
714,-191,212,285.35,1.08087
715,-251,135,285.00,1.07955
716,-291,85,303.16,1.14833
717,-116,-101,153.81,0.58261
718,109,-121,162.86,0.61688
719,128,25,130.42,0.49401
720,37,-71,80.06,0.30327
721,-471,221,520.27,1.97072
722,-916,-50,917.36,3.47486
723,-874,40,874.91,3.31407
724,-700,15,700.16,2.65212
725,259,-58,265.41,1.00536
726,798,-24,798.36,3.02409
727,294,-81,304.95,1.15513
728,-214,-166,270.84,1.02589
729,-360,-205,414.28,1.56923
730,-629,66,632.45,2.39566
731,-651,278,707.87,2.68134
732,-516,345,620.71,2.35117
733,205,-193,281.56,1.06650
734,741,-186,763.99,2.89389
735,391,96,402.61,1.52505
736,241,232,334.52,1.26713
737,696,134,708.78,2.68478
738,1154,133,1161.64,4.40015
739,1122,-10,1122.04,4.25017
740,1027,-68,1029.25,3.89867
741,21,6,21.84,0.08273
742,-412,111,426.69,1.61625
743,225,66,234.48,0.88818
744,685,-220,719.46,2.72523
745,904,-287,948.46,3.59267
746,888,-330,947.34,3.58839
747,1005,-52,1006.34,3.81191
748,942,-98,947.08,3.58744
749,149,-257,297.07,1.12526
750,-288,7,288.09,1.09123
751,139,309,338.82,1.28343
752,564,2618,2678.06,10.14418
753,984,11564,11605.79,43.96133
754,2384,16395,16567.42,62.75539
755,3493,16453,16819.70,63.71098
756,3243,14410,14770.42,55.94854
757,-557,-2704,2760.77,10.45747
758,-2966,-12695,13036.88,49.38211
759,-1373,-3940,4172.38,15.80446
760,785,3098,3195.91,12.10571
761,1225,699,1410.40,5.34242
762,1068,-2166,2414.99,9.14769
763,1054,-1765,2055.76,7.78696
764,627,-1032,1207.54,4.57402
765,57,-737,739.20,2.80000
766,-96,-642,649.14,2.45886
767,-394,-1182,1245.94,4.71946
768,-489,-922,1043.65,3.95322
769,-198,-607,638.48,2.41847
770,743,-551,925.01,3.50384
771,1171,-1032,1560.85,5.91233
772,261,-1275,1301.44,4.92970
773,-1427,-1366,1975.42,7.48265
774,-1639,-487,1709.82,6.47660
775,-444,260,514.53,1.94896
776,-795,251,833.68,3.15789
777,-2325,-934,2505.59,9.49087
778,-1344,-1243,1830.68,6.93439
779,1138,-891,1445.31,5.47466
780,2367,-276,2383.04,9.02666
781,1302,2,1302.00,4.93182
782,-328,-338,470.99,1.78404
783,-942,-1242,1558.82,5.90463
784,-610,-2600,2670.60,10.11591
785,-444,-2624,2661.30,10.08068
786,-1052,-1071,1501.25,5.68654
787,-1474,-62,1475.30,5.58827
788,-1585,748,1752.63,6.63877
789,-1305,652,1458.81,5.52580
790,-1953,-894,2147.89,8.13596
791,-2625,-3979,4766.87,18.05633
792,-1750,-5050,5344.62,20.24479
793,-99,-2384,2386.05,9.03809
794,423,169,455.51,1.72542
795,162,607,628.25,2.37972
796,104,725,732.42,2.77432
797,133,682,694.85,2.63200
798,-266,198,331.60,1.25607
799,-559,58,562.00,2.12879
800,-806,-81,810.06,3.06841
801,-913,44,914.06,3.46235
802,-893,-170,909.04,3.44332
803,-882,65,884.39,3.34997
804,-789,566,971.02,3.67810
805,127,869,878.23,3.32663
806,637,423,764.66,2.89642
807,781,100,787.38,2.98249
808,470,-181,503.65,1.90776
809,437,-383,581.08,2.20107
810,322,-333,463.22,1.75462
811,245,-511,566.70,2.14658
812,466,-694,835.94,3.16643
813,243,-313,396.25,1.50097
814,-113,276,298.24,1.12968
815,6,128,128.14,0.48538
816,333,-499,599.91,2.27238
817,628,-772,995.17,3.76959
818,533,-461,704.71,2.66934
819,-12,-370,370.19,1.40225
820,-493,-506,706.46,2.67598
821,-185,-1042,1058.30,4.00869
822,678,-1231,1405.36,5.32334
823,791,-819,1138.61,4.31293
824,95,-174,198.24,0.75093
825,-696,156,713.27,2.70177
826,-409,-83,417.34,1.58082
827,370,-427,565.00,2.14016
828,796,-839,1156.52,4.38075
829,570,-1031,1178.08,4.46241
830,617,-694,928.61,3.51748
831,483,-282,559.30,2.11855
832,145,174,226.50,0.85794
833,-433,313,534.28,2.02380
834,-442,-209,488.92,1.85198
835,55,-469,472.21,1.78869
836,514,-376,636.85,2.41229
837,721,-526,892.48,3.38060
838,440,-723,846.36,3.20592
839,-339,-847,912.32,3.45576
840,-346,-771,845.08,3.20105
841,57,-315,320.12,1.21256
842,178,-171,246.83,0.93496
843,-37,-235,237.89,0.90112
844,34,-345,346.67,1.31315
845,404,-487,632.76,2.39682
846,492,-208,534.16,2.02334
847,60,83,102.42,0.38794
848,-64,199,209.04,0.79181
849,371,65,376.65,1.42671
850,478,-178,510.07,1.93207
851,566,-235,612.85,2.32139
# END
# FRAME,62,RX_TS,392268963086,FP_INDEX,745.8281,FP_INT,745,RXPACC,264,RXPWR,-68.76,STD_NOISE,164.00,NTM,13,NOISE_THRESH,2132.00,PEAK_IDX,748,PEAK_AMPL,17180,START,695,elapsed_s,6.3792
sample,real,imag,amplitude,amplitude_norm
695,-92,189,210.20,0.79622
696,-156,-5,156.08,0.59121
697,49,-110,120.42,0.45614
698,93,279,294.09,1.11398
699,-60,927,928.94,3.51871
700,23,949,949.28,3.59575
701,-15,888,888.13,3.36412
702,54,-30,61.77,0.23399
703,-56,-691,693.27,2.62601
704,-149,-381,409.10,1.54962
705,-305,26,306.11,1.15949
706,-155,159,222.05,0.84110
707,190,273,332.61,1.25988
708,155,346,379.13,1.43611
709,98,383,395.34,1.49750
710,-54,230,236.25,0.89490
711,-141,65,155.26,0.58811
712,49,-37,61.40,0.23258
713,-103,14,103.95,0.39374
714,145,433,456.63,1.72967
715,-71,885,887.84,3.36304
716,-50,914,915.37,3.46730
717,9,755,755.05,2.86005
718,-47,-100,110.49,0.41854
719,-81,-791,795.14,3.01188
720,-60,-251,258.07,0.97754
721,-187,277,334.21,1.26596
722,-192,379,424.86,1.60931
723,-5,654,654.02,2.47734
724,216,823,850.87,3.22300
725,393,639,750.18,2.84159
726,-134,-42,140.43,0.53192
727,-188,-629,656.49,2.48672
728,126,-380,400.34,1.51646
729,144,-214,257.94,0.97704
730,122,-561,574.11,2.17467
731,192,-1013,1031.03,3.90544
732,54,-1026,1027.42,3.89174
733,-67,-992,994.26,3.76614
734,-24,-52,57.27,0.21694
735,46,485,487.18,1.84537
736,83,-45,94.41,0.35763
737,-155,-542,563.73,2.13533
738,-242,-836,870.32,3.29667
739,-294,-845,894.68,3.38896
740,-30,-973,973.46,3.68736
741,-82,-956,959.51,3.63451
742,-377,-133,399.77,1.51429
743,-68,422,427.44,1.61910
744,301,43,304.06,1.15173
745,2150,-362,2180.26,8.25857
746,10351,-528,10364.46,39.25931
747,16307,-1717,16397.14,62.11040
748,16488,-2886,16738.67,63.40406
749,15472,-3081,15775.78,59.75676
750,-336,155,370.03,1.40162
751,-13025,2675,13296.85,50.36686
752,-5243,1635,5492.02,20.80310
753,2730,-512,2777.60,10.52120
754,1204,-1056,1601.48,6.06623
755,-1967,-1047,2228.29,8.44051
756,-1846,-1012,2105.20,7.97424
757,-1050,-671,1246.09,4.72004
758,-801,55,802.89,3.04123
759,-530,189,562.69,2.13140
760,-1075,347,1129.62,4.27885
761,-983,569,1135.80,4.30229
762,-719,308,782.19,2.96285
763,-530,-604,803.56,3.04381
764,-997,-1071,1463.23,5.54255
765,-1343,-309,1378.09,5.22004
766,-1612,1481,2189.04,8.29183
767,-511,1770,1842.29,6.97836
768,331,358,487.57,1.84686
769,412,530,671.30,2.54280
770,-960,2300,2492.31,9.44056
771,-1279,1719,2142.62,8.11597
772,-911,-799,1211.74,4.58994
773,-255,-2419,2432.40,9.21365
774,178,-1570,1580.06,5.98507
775,-336,172,377.47,1.42979
776,-1351,1056,1714.74,6.49523
777,-2756,753,2857.02,10.82203
778,-2915,393,2941.37,11.14156
779,-1278,946,1590.03,6.02285
780,-120,1448,1452.96,5.50365
781,711,1655,1801.26,6.82296
782,649,1398,1541.30,5.83826
783,-636,1929,2031.14,7.69372
784,-3813,2690,4666.38,17.67567
785,-5222,1858,5542.69,20.99505
786,-2934,191,2940.21,11.13716
787,-24,-514,514.56,1.94909
788,578,-212,615.65,2.33202
789,773,-45,774.31,2.93299
790,793,-132,803.91,3.04512
791,254,219,335.38,1.27036
792,-57,661,663.45,2.51308
793,-181,833,852.44,3.22893
794,70,919,921.66,3.49114
795,-73,930,932.86,3.53356
796,54,902,903.61,3.42278
797,463,911,1021.91,3.87085
798,773,20,773.26,2.92901
799,440,-554,707.47,2.67982
800,166,-687,706.77,2.67716
801,-56,-396,399.94,1.51492
802,-435,-262,507.81,1.92352
803,-407,-182,445.84,1.68879
804,-513,-101,522.85,1.98048
805,-674,-318,745.25,2.82292
806,-381,-179,420.95,1.59452
807,284,226,362.95,1.37481
808,213,114,241.59,0.91511
809,-338,-270,432.60,1.63864
810,-811,-665,1048.78,3.97266
811,-473,-593,758.54,2.87325
812,-329,-26,330.03,1.25010
813,-436,622,759.59,2.87724
814,-882,318,937.58,3.55142
815,-1182,-506,1285.75,4.87028
816,-1028,-650,1216.26,4.60704
817,-298,-101,314.65,1.19186
818,155,628,646.85,2.45017
819,-41,469,470.79,1.78329
820,-359,-225,423.68,1.60485
821,-775,-706,1048.36,3.97106
822,-1039,-537,1169.57,4.43018
823,-775,-596,977.67,3.70330
824,-370,-507,627.65,2.37748
825,98,-143,173.36,0.65666
826,272,374,462.45,1.75170
827,-201,522,559.36,2.11879
828,-517,156,540.02,2.04554
829,-385,-303,489.93,1.85581
830,-435,-690,815.67,3.08968
831,-651,-489,814.20,3.08409
832,-887,369,960.69,3.63899
833,-899,384,977.58,3.70294
834,-421,9,421.10,1.59506
835,-88,-144,168.76,0.63924
836,-172,95,196.49,0.74429
837,-340,50,343.66,1.30173
838,-543,-376,660.47,2.50179
839,-214,-477,522.80,1.98032
840,132,-36,136.82,0.51826
841,251,123,279.52,1.05878
842,118,-289,312.16,1.18243
843,-228,-456,509.82,1.93115
844,-289,-442,528.10,2.00036
# END
# FRAME,63,RX_TS,398658757939,FP_INDEX,747.3906,FP_INT,747,RXPACC,260,RXPWR,-68.47,STD_NOISE,124.00,NTM,13,NOISE_THRESH,1612.00,PEAK_IDX,750,PEAK_AMPL,17279,START,697,elapsed_s,6.4922
sample,real,imag,amplitude,amplitude_norm
697,170,109,201.94,0.77670
698,-156,27,158.32,0.60892
699,-160,-21,161.37,0.62066
700,564,84,570.22,2.19316
701,960,158,972.92,3.74198
702,935,19,935.19,3.59690
703,533,73,537.98,2.06914
704,-426,70,431.71,1.66043
705,-600,210,635.69,2.44496
706,-207,188,279.63,1.07550
707,113,348,365.89,1.40726
708,184,27,185.97,0.71527
709,263,-225,346.11,1.33120
710,358,-110,374.52,1.44046
711,334,-45,337.02,1.29622
712,173,206,269.01,1.03464
713,-59,213,221.02,0.85008
714,-79,18,81.02,0.31163
715,184,-55,192.04,0.73863
716,815,-80,818.92,3.14968
717,951,173,966.61,3.71772
718,866,24,866.33,3.33205
719,497,49,499.41,1.92081
720,-523,52,525.58,2.02146
721,-544,42,545.62,2.09853
722,132,158,205.88,0.79186
723,335,280,436.61,1.67925
724,425,196,468.02,1.80007
725,736,-66,738.95,2.84213
726,739,-274,788.16,3.03139
727,421,-206,468.70,1.80268
728,-387,284,480.03,1.84625
729,-494,121,508.60,1.95617
730,-139,-67,154.30,0.59348
731,-245,-24,246.17,0.94682
732,-754,-179,774.96,2.98060
733,-1054,-107,1059.42,4.07468
734,-1010,72,1012.56,3.89447
735,-624,178,648.89,2.49574
736,311,27,312.17,1.20065
737,324,-46,327.25,1.25865
738,-260,77,271.16,1.04293
739,-658,294,720.69,2.77190
740,-902,390,982.70,3.77962
741,-894,330,952.96,3.66524
742,-1016,90,1019.98,3.92299
743,-661,245,704.94,2.71132
744,205,255,327.18,1.25840
745,306,-27,307.19,1.18150
746,-226,-610,650.52,2.50200
747,-461,-4730,4752.41,18.27851
748,-1148,-14125,14171.58,54.50606
749,-2551,-16459,16655.52,64.05969
750,-3412,-16404,16755.09,64.44263
751,-2163,-10522,10742.02,41.31547
752,1831,8686,8876.89,34.14188
753,2670,10977,11297.05,43.45021
754,559,734,922.63,3.54856
755,-968,-3090,3238.07,12.45413
756,-1107,699,1309.22,5.03545
757,-975,2266,2466.86,9.48791
758,-828,1373,1603.34,6.16671
759,-372,950,1020.24,3.92399
760,83,614,619.58,2.38302
761,259,820,859.93,3.30743
762,548,1292,1403.41,5.39774
763,503,918,1046.77,4.02605
764,-114,573,584.23,2.24704
765,-798,744,1091.03,4.19626
766,-777,1109,1354.11,5.20811
767,682,1549,1692.49,6.50958
768,2031,1186,2351.93,9.04587
769,1367,271,1393.60,5.36001
770,220,-300,372.02,1.43085
771,1284,343,1329.02,5.11163
772,2371,1330,2718.55,10.45598
773,721,1258,1449.97,5.57680
774,-1504,696,1657.24,6.37399
775,-2157,29,2157.19,8.29690
776,-745,85,749.83,2.88397
777,636,784,1009.53,3.88281
778,930,1896,2111.80,8.12232
779,466,3098,3132.85,12.04943
780,524,2119,2182.83,8.39549
781,1207,879,1493.15,5.74288
782,1500,-211,1514.77,5.82603
783,1476,-769,1664.31,6.40120
784,1474,-197,1487.11,5.71964
785,2390,2044,3144.84,12.09555
786,2415,4873,5438.60,20.91768
787,1069,4798,4915.65,18.90633
788,-338,1393,1433.42,5.51315
789,-369,-407,549.37,2.11297
790,-48,-537,539.14,2.07362
791,-27,-726,726.50,2.79424
792,-51,-439,441.95,1.69982
793,451,2,451.00,1.73463
794,654,122,665.28,2.55878
795,824,214,851.34,3.27437
796,900,30,900.50,3.46346
797,919,146,930.53,3.57894
798,996,-148,1006.94,3.87283
799,568,-556,794.83,3.05705
800,-330,-710,782.94,3.01132
801,-640,-251,687.46,2.64408
802,-679,50,680.84,2.61861
803,-397,378,548.17,2.10836
804,-362,505,621.34,2.38979
805,-229,451,505.81,1.94542
806,-263,549,608.74,2.34133
807,-393,752,848.50,3.26346
808,-85,56,101.79,0.39150
809,144,-384,410.11,1.57735
810,-71,-81,107.71,0.41428
811,-367,531,645.48,2.48263
812,-486,709,859.58,3.30608
813,-324,426,535.21,2.05851
814,177,462,494.75,1.90287
815,571,721,919.72,3.53738
816,-5,1175,1175.01,4.51927
817,-664,1213,1382.85,5.31864
818,-538,665,855.38,3.28991
819,216,73,228.00,0.87693
820,736,-31,736.65,2.83328
821,102,236,257.10,0.98884
822,-551,550,778.52,2.99433
823,-659,1028,1221.09,4.69651
824,-522,967,1098.90,4.22652
825,-610,626,874.06,3.36176
826,-271,187,329.26,1.26637
827,84,-131,155.62,0.59853
828,479,-89,487.20,1.87384
829,377,456,591.66,2.27563
830,-54,463,466.14,1.79284
831,-480,443,653.18,2.51225
832,-674,634,925.33,3.55895
833,-63,826,828.40,3.18615
834,457,855,969.47,3.72873
835,259,765,807.65,3.10636
836,-98,286,302.32,1.16279
837,26,254,255.33,0.98203
838,155,251,295.00,1.13462
839,-60,515,518.48,1.99417
840,-503,409,648.30,2.49345
841,-260,110,282.31,1.08581
842,93,-57,109.08,0.41953
843,12,-54,55.32,0.21276
844,-411,162,441.77,1.69913
845,-577,313,656.43,2.52472
846,-500,339,604.09,2.32341
# END
# FRAME,64,RX_TS,405048552760,FP_INDEX,746.6094,FP_INT,746,RXPACC,265,RXPWR,-68.86,STD_NOISE,152.00,NTM,13,NOISE_THRESH,1976.00,PEAK_IDX,749,PEAK_AMPL,17221,START,696,elapsed_s,6.5813
sample,real,imag,amplitude,amplitude_norm
696,-147,-88,171.33,0.64652
697,136,-87,161.45,0.60923
698,246,86,260.60,0.98339
699,-342,55,346.39,1.30715
700,-915,-71,917.75,3.46321
701,-1005,-11,1005.06,3.79268
702,-746,-52,747.81,2.82192
703,331,18,331.49,1.25090
704,744,-112,752.38,2.83918
705,308,-130,334.31,1.26155
706,-41,-337,339.48,1.28108
707,-182,-107,211.12,0.79669
708,-261,271,376.25,1.41980
709,-256,179,312.37,1.17877
710,-352,141,379.19,1.43091
711,-79,-123,146.18,0.55164
712,126,-115,170.59,0.64374
713,123,30,126.61,0.47776
714,17,-130,131.11,0.49474
715,-516,94,524.49,1.97922
716,-864,-34,864.67,3.26290
717,-816,-30,816.55,3.08133
718,-591,-2,591.00,2.23020
719,447,13,447.19,1.68751
720,782,4,782.01,2.95098
721,142,-72,159.21,0.60079
722,-236,-187,301.11,1.13625
723,-393,-148,419.94,1.58469
724,-739,98,745.47,2.81309
725,-768,261,811.14,3.06090
726,-509,337,610.45,2.30359
727,293,-191,349.76,1.31984
728,689,-106,697.11,2.63059
729,326,137,353.62,1.33440
730,247,172,300.99,1.13580
731,776,144,789.25,2.97829
732,1152,172,1164.77,4.39536
733,1088,49,1089.10,4.10982
734,902,-80,905.54,3.41713
735,-67,14,68.45,0.25829
736,-377,67,382.91,1.44493
737,261,65,268.97,1.01499
738,617,-137,632.03,2.38501
739,925,-202,946.80,3.57283
740,1033,-282,1070.80,4.04076
741,1121,-7,1121.02,4.23027
742,868,-168,884.11,3.33626
743,-5,-214,214.06,0.80777
744,-249,44,252.86,0.95418
745,180,435,470.77,1.77649
746,453,3168,3200.22,12.07632
747,729,12461,12482.31,47.10304
748,2010,16500,16621.98,62.72444
749,3024,16504,16778.75,63.31605
750,2766,13675,13951.93,52.64880
751,-842,-4539,4616.44,17.42052
752,-2671,-12606,12885.86,48.62590
753,-1034,-2966,3141.07,11.85309
754,712,3185,3263.61,12.31552
755,1145,296,1182.64,4.46280
756,1143,-2151,2435.83,9.19180
757,1083,-1570,1907.30,7.19735
758,617,-1007,1180.99,4.45657
759,-62,-688,690.79,2.60675
760,-122,-668,679.05,2.56245
761,-397,-1178,1243.10,4.69094
762,-478,-899,1018.18,3.84218
763,-68,-610,613.78,2.31615
764,787,-661,1027.76,3.87834
765,1031,-1027,1455.23,5.49143
766,-169,-1559,1568.13,5.91748
767,-1792,-1655,2439.32,9.20499
768,-1519,-591,1629.92,6.15064
769,-215,245,325.96,1.23004
770,-799,-35,799.77,3.01799
771,-2309,-1216,2609.62,9.84764
772,-1099,-1297,1700.00,6.41511
773,1346,-811,1571.44,5.92998
774,2449,-91,2450.69,9.24789
775,1292,133,1298.83,4.90124
776,-445,-469,646.52,2.43969
777,-1002,-1502,1805.55,6.81339
778,-492,-2902,2943.41,11.10721
779,-324,-2531,2551.65,9.62888
780,-909,-994,1346.97,5.08289
781,-1412,85,1414.56,5.33795
782,-1548,809,1746.65,6.59113
783,-1312,490,1400.52,5.28496
784,-2049,-1310,2431.97,9.17726
785,-2464,-4401,5043.82,19.03327
786,-1328,-5115,5284.58,19.94182
787,192,-2125,2133.66,8.05153
788,487,244,544.71,2.05550
789,160,626,646.12,2.43820
790,51,726,727.79,2.74637
791,163,613,634.30,2.39359
792,-287,82,298.48,1.12636
793,-549,-117,561.33,2.11822
794,-756,-210,784.62,2.96085
795,-874,89,878.52,3.31517
796,-879,-145,890.88,3.36181
797,-901,89,905.39,3.41655
798,-654,549,853.88,3.22220
799,280,870,913.95,3.44886
800,760,538,931.15,3.51378
801,753,250,793.42,2.99402
802,388,-108,402.75,1.51981
803,340,-477,585.77,2.21046
804,282,-363,459.67,1.73459
805,291,-444,530.86,2.00326
806,419,-708,822.69,3.10450
807,158,-194,250.20,0.94415
808,-126,398,417.47,1.57535
809,78,154,172.63,0.65142
810,366,-545,656.49,2.47733
811,606,-864,1055.33,3.98240
812,557,-490,741.86,2.79945
813,54,-361,365.02,1.37742
814,-468,-562,731.35,2.75980
815,-81,-1041,1044.15,3.94018
816,696,-1184,1373.42,5.18270
817,662,-724,981.03,3.70200
818,51,-83,97.42,0.36761
819,-603,73,607.40,2.29209
820,-206,-124,240.44,0.90733
821,525,-427,676.72,2.55367
822,786,-808,1127.24,4.25372
823,554,-998,1141.46,4.30738
824,569,-661,872.17,3.29121
825,386,-198,433.82,1.63706
826,132,239,273.03,1.03030
827,-346,232,416.58,1.57201
828,-421,-224,476.88,1.79956
829,-21,-376,376.59,1.42108
830,474,-339,582.75,2.19905
831,790,-510,940.32,3.54837
832,364,-755,838.17,3.16289
833,-330,-862,923.01,3.48305
834,-162,-805,821.14,3.09864
835,166,-280,325.51,1.22834
836,102,-136,170.00,0.64151
837,-134,-186,229.24,0.86507
838,36,-350,351.85,1.32772
839,531,-386,656.47,2.47726
840,463,-160,489.87,1.84855
841,-36,35,50.21,0.18947
842,-29,166,168.51,0.63590
843,362,20,362.55,1.36812
844,562,-200,596.53,2.25104
845,567,-225,610.01,2.30193
# END
# FRAME,65,RX_TS,411438347573,FP_INDEX,746.9219,FP_INT,746,RXPACC,269,RXPWR,-68.13,STD_NOISE,152.00,NTM,13,NOISE_THRESH,1976.00,PEAK_IDX,749,PEAK_AMPL,18565,START,696,elapsed_s,6.6775
sample,real,imag,amplitude,amplitude_norm
696,190,171,255.62,0.95026
697,-90,94,130.14,0.48379
698,-193,-100,217.37,0.80806
699,240,131,273.42,1.01645
700,764,631,990.89,3.68359
701,893,589,1069.75,3.97677
702,772,570,959.63,3.56739
703,46,2,46.04,0.17117
704,-633,-282,692.97,2.57611
705,-324,-102,339.68,1.26274
706,-173,327,369.94,1.37525
707,47,334,337.29,1.25387
708,334,14,334.29,1.24273
709,390,133,412.05,1.53180
710,464,146,486.43,1.80828
711,92,206,225.61,0.83870
712,-120,151,192.88,0.71701
713,-74,-42,85.09,0.31631
714,-123,123,173.95,0.64665
715,403,238,468.03,1.73989
716,732,632,967.08,3.59510
717,735,536,909.68,3.38172
718,706,492,860.52,3.19897
719,-160,0,160.00,0.59480
720,-736,-331,807.00,3.00002
721,-302,-35,304.02,1.13019
722,70,316,323.66,1.20320
723,127,436,454.12,1.68818
724,566,376,679.51,2.52605
725,821,343,889.77,3.30769
726,776,129,786.65,2.92435
727,-91,164,187.56,0.69723
728,-720,-118,729.61,2.71229
729,-351,-212,410.05,1.52437
730,-133,-200,240.19,0.89288
731,-463,-415,621.77,2.31140
732,-832,-704,1089.88,4.05160
733,-856,-569,1027.86,3.82104
734,-856,-456,969.88,3.60551
735,-168,-3,168.03,0.62463
736,355,240,428.51,1.59299
737,-21,-63,66.41,0.24687
738,-551,-142,569.00,2.11525
739,-887,-186,906.29,3.36911
740,-969,-206,990.65,3.68273
741,-863,-388,946.21,3.51751
742,-884,-383,963.40,3.58142
743,-305,251,395.00,1.46841
744,252,271,370.06,1.37569
745,150,-245,287.27,1.06792
746,742,-1865,2007.18,7.46165
747,5197,-9146,10519.42,39.10564
748,8573,-15791,17968.08,66.79585
749,8188,-16494,18414.54,68.45555
750,6797,-15460,16888.19,62.78136
751,95,110,145.34,0.54031
752,-4956,12691,13624.37,50.64821
753,-1608,5576,5803.23,21.57333
754,1137,-2598,2835.91,10.54241
755,-144,-1746,1751.93,6.51274
756,-2036,1109,2318.44,8.61875
757,-1951,1030,2206.20,8.20147
758,-1216,505,1316.69,4.89477
759,-437,704,828.60,3.08031
760,-168,629,651.05,2.42026
761,-256,1212,1238.74,4.60499
762,-131,1221,1228.01,4.56508
763,-126,728,738.82,2.74656
764,-777,134,788.47,2.93112
765,-1414,265,1438.62,5.34802
766,-877,977,1312.88,4.88060
767,529,2240,2301.62,8.55620
768,1359,1602,2100.78,7.80960
769,546,156,567.85,2.11096
770,666,73,669.99,2.49066
771,1385,2175,2578.54,9.58564
772,799,2132,2276.80,8.46395
773,-1095,510,1207.94,4.49049
774,-2202,-955,2400.17,8.92257
775,-1382,-915,1657.45,6.16153
776,-102,334,349.23,1.29824
777,103,1586,1589.34,5.90833
778,-920,2590,2748.55,10.21764
779,-1373,2673,3005.01,11.17102
780,-56,1654,1654.95,6.15222
781,1073,1016,1477.70,5.49329
782,1776,447,1831.39,6.80814
783,1598,304,1626.66,6.04706
784,1267,1670,2096.23,7.79268
785,66,4750,4750.46,17.65970
786,-1513,5620,5820.10,21.63606
787,-1531,2726,3126.51,11.62270
788,-385,-233,450.02,1.67292
789,263,-587,643.22,2.39117
790,411,-509,654.22,2.43204
791,265,-618,672.42,2.49970
792,208,35,210.92,0.78410
793,422,482,640.63,2.38153
794,633,657,912.33,3.39155
795,775,521,933.84,3.47154
796,729,649,976.03,3.62838
797,835,545,997.12,3.70677
798,1068,146,1077.93,4.00719
799,455,-632,778.75,2.89498
800,-251,-723,765.33,2.84509
801,-540,-617,819.93,3.04808
802,-414,-195,457.63,1.70121
803,-533,237,583.32,2.16846
804,-519,176,548.03,2.03729
805,-421,351,548.13,2.03764
806,-637,385,744.31,2.76694
807,-459,237,516.58,1.92035
808,262,-125,290.29,1.07915
809,178,-165,242.71,0.90227
810,-407,168,440.31,1.63684
811,-867,444,974.08,3.62110
812,-645,199,675.00,2.50930
813,-283,303,414.61,1.54129
814,106,651,659.57,2.45195
815,-240,1018,1045.91,3.88813
816,-956,756,1218.80,4.53085
817,-1061,455,1154.45,4.29162
818,-319,215,384.69,1.43007
819,549,411,685.80,2.54944
820,335,394,517.17,1.92255
821,-427,192,468.18,1.74045
822,-1054,284,1091.59,4.05796
823,-1057,632,1231.53,4.57819
824,-909,299,956.91,3.55730
825,-550,35,551.11,2.04875
826,-63,-200,209.69,0.77951
827,444,33,445.22,1.65511
828,359,482,601.00,2.23421
829,-176,468,500.00,1.85874
830,-535,183,565.43,2.10198
831,-825,98,830.80,3.08848
832,-755,379,844.79,3.14047
833,-154,1017,1028.59,3.82377
834,-195,1091,1108.29,4.12004
835,-230,436,492.95,1.83251
836,-228,141,268.08,0.99657
837,-69,319,326.38,1.21330
838,-149,330,362.08,1.34602
839,-561,289,631.06,2.34596
840,-563,14,563.17,2.09358
841,20,54,57.58,0.21407
842,204,-40,207.88,0.77281
843,-198,-163,256.46,0.95339
844,-482,-40,483.66,1.79798
845,-595,-44,596.62,2.21794
# END
# FRAME,66,RX_TS,417828091139,FP_INDEX,753.6406,FP_INT,753,RXPACC,278,RXPWR,-68.54,STD_NOISE,160.00,NTM,13,NOISE_THRESH,2080.00,PEAK_IDX,756,PEAK_AMPL,18966,START,703,elapsed_s,6.7789
sample,real,imag,amplitude,amplitude_norm
703,-120,96,153.67,0.55279
704,34,-148,151.86,0.54624
705,218,-120,248.85,0.89513
706,-149,417,442.82,1.59288
707,-593,809,1003.06,3.60813
708,-564,848,1018.43,3.66342
709,-430,504,662.51,2.38312
710,300,-222,373.21,1.34247
711,368,-627,727.02,2.61517
712,50,-283,287.38,1.03375
713,-350,-123,370.98,1.33447
714,-190,196,272.98,0.98193
715,3,363,363.01,1.30580
716,-38,299,301.41,1.08419
717,-109,389,403.98,1.45318
718,-195,40,199.06,0.71604
719,-39,-169,173.44,0.62389
720,56,-65,85.80,0.30862
721,-90,-8,90.35,0.32502
722,-225,590,631.45,2.27139
723,-612,708,935.85,3.36635
724,-538,715,894.80,3.21871
725,-389,463,604.72,2.17526
726,296,-446,535.29,1.92549
727,491,-667,828.23,2.97926
728,-42,-133,139.47,0.50171
729,-360,41,362.33,1.30334
730,-415,236,477.41,1.71730
731,-362,566,671.86,2.41677
732,-294,757,812.09,2.92118
733,-92,613,619.87,2.22973
734,33,-357,358.52,1.28965
735,425,-585,723.08,2.60102
736,306,-129,332.08,1.19453
737,290,-85,302.20,1.08705
738,626,-532,821.52,2.95512
739,910,-780,1198.54,4.31130
740,718,-813,1084.66,3.90166
741,503,-820,961.98,3.46037
742,-33,66,73.79,0.26543
743,-175,386,423.82,1.52452
744,177,-133,221.40,0.79640
745,212,-637,671.35,2.41493
746,343,-888,951.94,3.42425
747,437,-946,1042.06,3.74841
748,660,-830,1060.42,3.81448
749,432,-713,833.66,2.99879
750,-215,-88,232.31,0.83566
751,-87,314,325.83,1.17205
752,470,155,494.90,1.78021
753,3248,1915,3770.51,13.56298
754,11512,8149,14104.34,50.73503
755,16125,10636,19316.84,69.48502
756,16486,10066,19316.12,69.48245
757,12530,6934,14320.66,51.51316
758,-5352,-2899,6086.72,21.89466
759,-11722,-5895,13120.83,47.19725
760,-2426,-801,2554.81,9.18998
761,3293,1489,3614.00,12.99999
762,879,-875,1240.27,4.46140
763,-1031,-2320,2538.77,9.13227
764,-637,-1809,1917.88,6.89884
765,-516,-1039,1160.08,4.17294
766,-611,-332,695.37,2.50135
767,-647,-262,698.04,2.51092
768,-1259,-397,1320.11,4.74860
769,-1000,-151,1011.34,3.63790
770,-495,-334,597.14,2.14800
771,28,-1144,1144.34,4.11634
772,-240,-1561,1579.34,5.68109
773,-1357,-874,1614.10,5.80612
774,-2335,413,2371.24,8.52965
775,-1240,900,1532.19,5.51147
776,183,547,576.80,2.07482
777,-607,1009,1177.51,4.23565
778,-2573,1321,2892.29,10.40394
779,-1694,57,1694.96,6.09697
780,307,-1646,1674.39,6.02297
781,1520,-1970,2488.23,8.95048
782,714,-939,1179.63,4.24326
783,-730,-100,736.82,2.65042
784,-1851,-342,1882.33,6.77097
785,-2733,-1625,3179.61,11.43744
786,-2216,-1285,2561.62,9.21445
787,-1586,286,1611.58,5.79705
788,-984,1385,1698.96,6.11138
789,-529,1917,1988.65,7.15342
790,-659,1473,1613.69,5.80466
791,-2749,750,2849.47,10.24991
792,-5240,-970,5329.02,19.16915
793,-4868,-2204,5343.69,19.22191
794,-1364,-1331,1905.80,6.85538
795,519,-48,521.21,1.87487
796,590,403,714.50,2.57014
797,711,447,839.84,3.02100
798,618,305,689.17,2.47901
799,-127,375,395.92,1.42418
800,-484,512,704.56,2.53438
801,-693,599,916.00,3.29495
802,-556,744,928.80,3.34101
803,-702,713,1000.59,3.59923
804,-493,931,1053.48,3.78948
805,88,1027,1030.76,3.70778
806,848,340,913.62,3.28641
807,847,-369,923.89,3.32334
808,646,-488,809.60,2.91225
809,193,-451,490.56,1.76461
810,-138,-699,712.49,2.56292
811,-166,-490,517.35,1.86099
812,-319,-515,605.79,2.17911
813,-312,-847,902.64,3.24689
814,-29,-252,253.66,0.91246
815,235,365,434.11,1.56154
816,165,29,167.53,0.60262
817,-89,-566,572.95,2.06099
818,-137,-919,929.16,3.34229
819,-17,-592,592.24,2.13037
820,-326,-163,364.48,1.31108
821,-722,58,724.33,2.60549
822,-802,-608,1006.41,3.62019
823,-553,-1213,1333.11,4.79535
824,-320,-991,1041.38,3.74599
825,-276,-89,289.99,1.04315
826,-569,633,851.15,3.06168
827,-337,66,343.40,1.23526
828,-68,-696,699.31,2.51552
829,-261,-1142,1171.45,4.21383
830,-413,-1098,1173.10,4.21980
831,-85,-839,843.29,3.03343
832,121,-443,459.23,1.65190
833,180,150,234.31,0.84283
834,-147,585,603.19,2.16974
835,-526,154,548.08,1.97151
836,-324,-332,463.90,1.66869
837,66,-580,583.74,2.09980
838,56,-860,861.82,3.10008
839,-468,-553,724.45,2.60595
840,-1020,-196,1038.66,3.73619
841,-833,-299,885.04,3.18359
842,-167,-172,239.74,0.86236
843,-85,-163,183.83,0.66126
844,-260,-41,263.21,0.94681
845,-434,-268,510.08,1.83481
846,-184,-657,682.28,2.45424
847,13,-382,382.22,1.37490
848,25,111,113.78,0.40928
849,118,130,175.57,0.63154
850,188,-337,385.89,1.38810
851,131,-547,562.47,2.02327
852,84,-566,572.20,2.05827
# END
# FRAME,67,RX_TS,424217885876,FP_INDEX,752.5469,FP_INT,752,RXPACC,260,RXPWR,-68.76,STD_NOISE,144.00,NTM,13,NOISE_THRESH,1872.00,PEAK_IDX,754,PEAK_AMPL,17139,START,702,elapsed_s,6.8923
sample,real,imag,amplitude,amplitude_norm
702,132,153,202.07,0.77720
703,-150,115,189.01,0.72696
704,-130,-41,136.31,0.52428
705,467,201,508.42,1.95546
706,946,457,1050.60,4.04078
707,988,320,1038.53,3.99435
708,693,220,727.08,2.79647
709,-282,-140,314.84,1.21092
710,-666,-17,666.22,2.56237
711,-217,131,253.48,0.97491
712,75,299,308.26,1.18563
713,208,138,249.62,0.96006
714,365,-110,381.22,1.46621
715,369,-6,369.05,1.41942
716,340,-9,340.12,1.30815
717,89,196,215.26,0.82792
718,-78,135,155.91,0.59967
719,-76,26,80.32,0.30894
720,42,117,124.31,0.47812
721,690,16,690.19,2.65456
722,878,338,940.81,3.61851
723,816,254,854.62,3.28699
724,550,175,577.17,2.21988
725,-436,-54,439.33,1.68974
726,-644,-105,652.50,2.50963
727,-30,140,143.18,0.55069
728,259,303,398.61,1.53312
729,378,254,455.41,1.75158
730,766,114,774.44,2.97860
731,866,17,866.17,3.33141
732,557,-63,560.55,2.15597
733,-373,200,423.24,1.62783
734,-570,-19,570.32,2.19353
735,-211,-72,222.95,0.85749
736,-218,-84,233.62,0.89855
737,-643,-286,703.74,2.70668
738,-1019,-404,1096.16,4.21602
739,-981,-227,1006.92,3.87277
740,-857,-55,858.76,3.30293
741,115,90,146.03,0.56166
742,389,50,392.20,1.50846
743,-169,-115,204.42,0.78622
744,-650,97,657.20,2.52768
745,-939,56,940.67,3.61796
746,-948,51,949.37,3.65143
747,-997,-206,1018.06,3.91561
748,-749,67,751.99,2.89227
749,49,315,318.79,1.22611
750,359,12,359.20,1.38154
751,20,-467,467.43,1.79780
752,503,-3416,3452.83,13.28013
753,2748,-12627,12922.56,49.70217
754,2904,-16400,16655.13,64.05817
755,2114,-16479,16614.04,63.90017
756,1217,-12763,12820.89,49.31112
757,-465,5853,5871.44,22.58247
758,-635,12224,12240.48,47.07878
759,285,2442,2458.57,9.45606
760,123,-3246,3248.33,12.49358
761,-1061,-287,1099.13,4.22743
762,-1632,1828,2450.51,9.42505
763,-1316,1310,1856.87,7.14180
764,-705,892,1136.96,4.37294
765,-113,732,740.67,2.84873
766,-65,772,774.73,2.97974
767,93,1294,1297.34,4.98976
768,258,1053,1084.15,4.16979
769,-76,590,594.87,2.28798
770,-930,427,1023.34,3.93593
771,-1217,877,1500.07,5.76951
772,-170,1633,1641.82,6.31471
773,1200,1944,2284.54,8.78670
774,1136,671,1319.37,5.07450
775,327,-431,541.01,2.08080
776,1078,96,1082.27,4.16256
777,2060,1674,2654.41,10.20926
778,599,1440,1559.62,5.99852
779,-1562,453,1626.36,6.25524
780,-2170,-366,2200.65,8.46403
781,-1021,-140,1030.55,3.96367
782,156,725,741.59,2.85228
783,341,1901,1931.34,7.42824
784,-345,3097,3116.16,11.98522
785,-221,2479,2488.83,9.57243
786,859,1340,1591.69,6.12189
787,1549,424,1605.98,6.17685
788,1909,-183,1917.75,7.37597
789,1635,17,1635.09,6.28880
790,1641,1934,2536.38,9.75532
791,1020,4853,4959.03,19.07320
792,-149,5062,5064.19,19.47766
793,-605,1768,1868.65,7.18711
794,-254,-330,416.43,1.60166
795,52,-534,536.53,2.06356
796,61,-701,703.65,2.70634
797,29,-653,653.64,2.51401
798,445,-33,446.22,1.71624
799,579,239,626.39,2.40918
800,756,360,837.34,3.22053
801,875,240,907.32,3.48968
802,868,423,965.58,3.71379
803,1018,145,1028.27,3.95490
804,842,-317,899.70,3.46037
805,20,-747,747.27,2.87411
806,-527,-497,724.39,2.78611
807,-674,-258,721.69,2.77574
808,-479,168,507.61,1.95234
809,-470,454,653.46,2.51333
810,-266,429,504.77,1.94144
811,-257,517,577.35,2.22059
812,-515,691,861.80,3.31463
813,-135,189,232.26,0.89332
814,335,-212,396.45,1.52479
815,94,-83,125.40,0.48231
816,-357,446,571.28,2.19724
817,-735,597,946.91,3.64195
818,-494,317,586.96,2.25755
819,-8,436,436.07,1.67721
820,408,695,805.91,3.09965
821,-140,930,940.48,3.61723
822,-869,907,1256.11,4.83119
823,-693,625,933.21,3.58926
824,111,319,337.76,1.29908
825,759,324,825.26,3.17408
826,154,363,394.32,1.51660
827,-623,414,748.01,2.87698
828,-915,794,1211.47,4.65950
829,-760,922,1194.86,4.59560
830,-758,572,949.60,3.65232
831,-469,167,497.85,1.91479
832,4,-191,191.04,0.73478
833,516,-71,520.86,2.00331
834,319,496,589.73,2.26818
835,-226,513,560.58,2.15606
836,-566,224,608.71,2.34121
837,-726,259,770.82,2.96468
838,-321,693,763.73,2.93744
839,189,1100,1116.12,4.29276
840,9,924,924.04,3.55401
841,-203,328,385.74,1.48360
842,-174,289,337.34,1.29745
843,20,321,321.62,1.23701
844,-75,458,464.10,1.78500
845,-492,408,639.16,2.45832
846,-339,124,360.97,1.38833
847,140,62,153.11,0.58890
848,74,-98,122.80,0.47231
849,-375,16,375.34,1.44362
850,-480,106,491.56,1.89063
851,-486,207,528.25,2.03172
# END
# FRAME,68,RX_TS,430607680607,FP_INDEX,751.8437,FP_INT,751,RXPACC,286,RXPWR,-68.69,STD_NOISE,168.00,NTM,13,NOISE_THRESH,2184.00,PEAK_IDX,754,PEAK_AMPL,19441,START,701,elapsed_s,6.9876
sample,real,imag,amplitude,amplitude_norm
701,-194,118,227.07,0.79395
702,-23,-166,167.59,0.58596
703,167,-149,223.81,0.78255
704,-153,267,307.73,1.07598
705,-776,664,1021.31,3.57101
706,-779,812,1125.25,3.93444
707,-662,655,931.27,3.25620
708,256,-4,256.03,0.89521
709,578,-558,803.40,2.80908
710,255,-290,386.17,1.35023
711,-275,-233,360.44,1.26027
712,-252,77,263.50,0.92133
713,-16,412,412.31,1.44165
714,-65,341,347.14,1.21378
715,-126,376,396.55,1.38654
716,-173,51,180.36,0.63063
717,-76,-125,146.29,0.51151
718,168,-44,173.67,0.60723
719,-11,-27,29.15,0.10194
720,-297,503,584.14,2.04244
721,-730,668,989.51,3.45981
722,-611,653,894.28,3.12684
723,-453,558,718.73,2.51304
724,216,-163,270.60,0.94616
725,560,-603,822.93,2.87737
726,91,-176,198.13,0.69278
727,-362,60,366.94,1.28300
728,-510,209,551.16,1.92714
729,-450,605,754.01,2.63638
730,-424,787,893.95,3.12570
731,-207,725,753.97,2.63627
732,-39,-236,239.20,0.83637
733,433,-621,757.05,2.64704
734,339,-159,374.44,1.30922
735,231,-50,236.35,0.82640
736,611,-420,741.43,2.59242
737,960,-680,1176.44,4.11341
738,821,-752,1113.35,3.89283
739,692,-774,1038.24,3.63021
740,6,-39,39.46,0.13797
741,-320,431,536.81,1.87695
742,148,-3,148.03,0.51759
743,301,-617,686.51,2.40037
744,543,-874,1028.94,3.59770
745,579,-995,1151.20,4.02518
746,794,-860,1170.49,4.09261
747,613,-771,984.99,3.44403
748,-58,-257,263.46,0.92120
749,-191,287,344.75,1.20541
750,286,200,348.99,1.22025
751,2284,1574,2773.83,9.69871
752,9667,8257,12713.34,44.45223
753,15695,12421,20015.35,69.98375
754,16458,12059,20403.07,71.33941
755,14506,9646,17420.37,60.91039
756,-2336,-1484,2767.52,9.67663
757,-12280,-7679,14483.28,50.64084
758,-4141,-1969,4585.29,16.03246
759,3018,1900,3566.28,12.46950
760,1541,-302,1570.31,5.49061
761,-820,-2441,2575.05,9.00367
762,-600,-2155,2236.97,7.82157
763,-314,-1260,1298.54,4.54034
764,-615,-540,818.43,2.86164
765,-590,-377,700.16,2.44812
766,-1159,-550,1282.88,4.48559
767,-1110,-348,1163.27,4.06739
768,-585,-244,633.85,2.21625
769,33,-946,946.58,3.30970
770,-75,-1589,1590.77,5.56213
771,-1026,-1110,1511.55,5.28513
772,-2466,-160,2471.19,8.64051
773,-1523,583,1630.77,5.70200
774,190,315,367.87,1.28624
775,-100,869,874.73,3.05851
776,-2388,1280,2709.42,9.47349
777,-1951,193,1960.52,6.85498
778,90,-1525,1527.65,5.34145
779,1481,-1987,2478.21,8.66507
780,752,-991,1244.02,4.34972
781,-642,-78,646.72,2.26126
782,-1767,-386,1808.67,6.32402
783,-2513,-1719,3044.69,10.64576
784,-2374,-1825,2994.41,10.46997
785,-1739,-1,1739.00,6.08042
786,-1214,1213,1716.15,6.00052
787,-777,1954,2102.82,7.35251
788,-588,1677,1777.10,6.21362
789,-2043,911,2236.91,7.82137
790,-4880,-1163,5016.67,17.54080
791,-5132,-2825,5858.16,20.48308
792,-1870,-1921,2680.88,9.37372
793,515,-186,547.56,1.91454
794,708,342,786.27,2.74921
795,743,453,870.21,3.04268
796,766,400,864.15,3.02151
797,-58,327,332.10,1.16120
798,-427,474,637.97,2.23066
799,-708,530,884.40,3.09231
800,-704,769,1042.58,3.64539
801,-780,643,1010.87,3.53449
802,-640,805,1028.41,3.59584
803,-199,1038,1056.90,3.69547
804,671,608,905.49,3.16604
805,856,-108,862.79,3.01673
806,740,-501,893.64,3.12463
807,303,-498,582.93,2.03823
808,-67,-731,734.06,2.56666
809,-87,-512,519.34,1.81587
810,-249,-546,600.10,2.09824
811,-283,-763,813.79,2.84543
812,-152,-397,425.10,1.48638
813,84,360,369.67,1.29255
814,62,241,248.85,0.87010
815,-89,-442,450.87,1.57647
816,-160,-1019,1031.48,3.60659
817,55,-718,720.10,2.51784
818,-235,-371,439.17,1.53554
819,-702,-28,702.56,2.45650
820,-775,-471,906.90,3.17098
821,-393,-1212,1274.12,4.45498
822,-161,-1063,1075.12,3.75917
823,-241,-194,309.38,1.08175
824,-596,562,819.18,2.86427
825,-410,51,413.16,1.44461
826,-48,-728,729.58,2.55098
827,-75,-1300,1302.16,4.55301
828,-403,-1207,1272.50,4.44930
829,-100,-1008,1012.95,3.54178
830,77,-596,600.95,2.10124
831,282,75,291.80,1.02029
832,-38,499,500.44,1.74981
833,-581,116,592.47,2.07156
834,-384,-400,554.49,1.93877
835,127,-609,622.10,2.17518
836,140,-734,747.23,2.61270
837,-307,-728,790.08,2.76253
838,-1050,-378,1115.97,3.90199
839,-948,-407,1031.67,3.60725
840,-169,-274,321.93,1.12562
841,-7,-215,215.11,0.75215
842,-218,-122,249.82,0.87348
843,-300,-263,398.96,1.39496
844,-116,-626,636.66,2.22607
845,98,-492,501.67,1.75407
846,39,21,44.29,0.15488
847,74,207,219.83,0.76863
848,259,-263,369.12,1.29063
849,200,-551,586.17,2.04956
850,211,-593,629.42,2.20077
# END
# FRAME,69,RX_TS,436997475295,FP_INDEX,750.0937,FP_INT,750,RXPACC,263,RXPWR,-69.11,STD_NOISE,148.00,NTM,13,NOISE_THRESH,1924.00,PEAK_IDX,752,PEAK_AMPL,16543,START,700,elapsed_s,7.1049
sample,real,imag,amplitude,amplitude_norm
700,86,-119,146.82,0.55826
701,263,63,270.44,1.02829
702,13,59,60.42,0.22972
703,-719,-203,747.11,2.84071
704,-925,-219,950.57,3.61434
705,-850,-130,859.88,3.26952
706,78,-21,80.78,0.30714
707,820,-10,820.06,3.11810
708,552,-5,552.02,2.09895
709,97,-239,257.93,0.98074
710,-148,-275,312.30,1.18744
711,-231,121,260.77,0.99153
712,-250,228,338.35,1.28652
713,-258,24,259.11,0.98522
714,-101,-132,166.21,0.63197
715,129,-100,163.22,0.62061
716,192,5,192.07,0.73029
717,100,-122,157.75,0.59980
718,-288,-27,289.26,1.09986
719,-801,-130,811.48,3.08548
720,-854,-243,887.90,3.37604
721,-690,-44,691.40,2.62890
722,252,39,255.00,0.96958
723,880,82,883.81,3.36050
724,447,-1,447.00,1.69962
725,-196,-276,338.51,1.28713
726,-326,-259,416.36,1.58312
727,-582,-3,582.01,2.21296
728,-757,105,764.25,2.90588
729,-616,158,635.94,2.41802
730,78,-73,106.83,0.40620
731,736,-11,736.08,2.79879
732,476,141,496.44,1.88762
733,208,136,248.52,0.94493
734,386,107,400.56,1.52303
735,973,310,1021.19,3.88285
736,1026,281,1063.78,4.04481
737,1043,142,1052.62,4.00236
738,225,-92,243.08,0.92427
739,-463,-14,463.21,1.76126
740,-27,134,136.69,0.51975
741,561,-72,565.60,2.15058
742,868,-37,868.79,3.30338
743,1029,-71,1031.45,3.92185
744,1075,68,1077.15,4.09562
745,1054,204,1073.56,4.08198
746,255,-68,263.91,1.00346
747,-450,-61,454.12,1.72668
748,-116,179,213.30,0.81103
749,135,1295,1302.02,4.95064
750,-861,7697,7745.01,29.44870
751,-1425,15765,15829.27,60.18735
752,-465,16454,16460.57,62.58771
753,306,15436,15439.03,58.70354
754,185,-626,652.76,2.48199
755,-286,-14394,14396.84,54.74084
756,-614,-7520,7545.02,28.68830
757,-8,2367,2367.01,9.00005
758,752,2620,2725.78,10.36420
759,1488,-1370,2022.63,7.69062
760,1467,-2022,2498.11,9.49853
761,979,-1044,1431.22,5.44188
762,178,-561,588.56,2.23788
763,1,-507,507.00,1.92776
764,-115,-1179,1184.60,4.50416
765,-268,-1118,1149.67,4.37138
766,-209,-687,718.09,2.73037
767,493,-458,672.91,2.55861
768,1214,-702,1402.36,5.33215
769,748,-1220,1431.05,5.44125
770,-889,-1808,2014.74,7.66062
771,-1562,-934,1819.95,6.91994
772,-423,194,465.37,1.76945
773,-336,640,722.84,2.74844
774,-1882,-783,2038.38,7.75051
775,-1770,-1537,2344.20,8.91330
776,567,-1047,1190.67,4.52727
777,2337,-33,2337.23,8.88682
778,1753,359,1789.38,6.80374
779,154,-188,243.02,0.92404
780,-641,-1294,1444.06,5.49073
781,-317,-2614,2633.15,10.01198
782,201,-3228,3234.25,12.29754
783,-540,-1732,1814.23,6.89821
784,-1294,-707,1474.55,5.60664
785,-1741,301,1766.83,6.71798
786,-1262,660,1424.16,5.41507
787,-1487,-417,1544.36,5.87210
788,-1824,-3766,4184.46,15.91051
789,-888,-5544,5614.67,21.34854
790,283,-3731,3741.72,14.22706
791,544,-309,625.63,2.37883
792,144,670,685.30,2.60570
793,-86,760,764.85,2.90818
794,116,750,758.92,2.88562
795,-50,215,220.74,0.83931
796,-511,-53,513.74,1.95339
797,-759,-258,801.65,3.04810
798,-901,-246,933.98,3.55125
799,-902,-228,930.37,3.53753
800,-817,-185,837.68,3.18511
801,-830,252,867.41,3.29815
802,-151,652,669.26,2.54470
803,486,478,681.67,2.59192
804,829,285,876.62,3.33316
805,632,57,634.57,2.41280
806,547,-391,672.38,2.55656
807,467,-340,577.66,2.19642
808,256,-432,502.16,1.90934
809,451,-664,802.68,3.05202
810,345,-450,567.03,2.15601
811,-191,158,247.88,0.94251
812,-227,284,363.57,1.38241
813,192,-71,204.71,0.77835
814,712,-525,884.63,3.36361
815,714,-369,803.71,3.05595
816,267,-331,425.26,1.61698
817,-370,-468,596.59,2.26842
818,-224,-873,901.28,3.42692
819,623,-937,1125.21,4.27837
820,922,-727,1174.14,4.46442
821,347,-118,366.51,1.39359
822,-601,-28,601.65,2.28765
823,-541,-318,627.54,2.38608
824,374,-368,524.69,1.99502
825,981,-655,1179.57,4.48506
826,750,-937,1200.20,4.56348
827,710,-552,899.34,3.41953
828,650,-317,723.18,2.74973
829,316,147,348.52,1.32516
830,-229,211,311.39,1.18398
831,-508,-251,566.63,2.15447
832,13,-599,599.14,2.27810
833,522,-392,652.80,2.48213
834,756,-303,814.46,3.09681
835,671,-397,779.65,2.96444
836,-37,-791,791.86,3.01089
837,-205,-833,857.85,3.26180
838,28,-496,496.79,1.88893
839,129,-116,173.48,0.65964
840,33,-281,282.93,1.07578
841,6,-455,455.04,1.73019
842,511,-535,739.83,2.81304
843,721,-118,730.59,2.77792
844,191,150,242.86,0.92342
845,-115,125,169.85,0.64583
846,252,140,288.28,1.09611
847,583,-133,597.98,2.27368
848,585,-179,611.77,2.32613
849,536,-198,571.40,2.17263
# END
# FRAME,70,RX_TS,443387269968,FP_INDEX,746.7344,FP_INT,746,RXPACC,264,RXPWR,-69.16,STD_NOISE,160.00,NTM,13,NOISE_THRESH,2080.00,PEAK_IDX,748,PEAK_AMPL,16675,START,696,elapsed_s,7.1880
sample,real,imag,amplitude,amplitude_norm
696,-138,-107,174.62,0.66145
697,115,-95,149.16,0.56502
698,230,61,237.95,0.90133
699,-196,5,196.06,0.74267
700,-839,-214,865.86,3.27978
701,-930,-153,942.50,3.57008
702,-800,-149,813.76,3.08241
703,119,85,146.24,0.55394
704,764,49,765.57,2.89989
705,378,24,378.76,1.43470
706,53,-274,279.08,1.05712
707,-115,-169,204.42,0.77430
708,-250,209,325.85,1.23430
709,-286,126,312.53,1.18381
710,-336,67,342.61,1.29778
711,-111,-127,168.67,0.63891
712,99,-121,156.34,0.59219
713,151,5,151.08,0.57228
714,100,-116,153.15,0.58013
715,-472,77,478.24,1.81151
716,-806,-242,841.55,3.18767
717,-749,-189,772.48,2.92605
718,-625,-71,629.02,2.38265
719,241,17,241.60,0.91515
720,847,65,849.49,3.21777
721,299,-46,302.52,1.14590
722,-181,-198,268.26,1.01615
723,-288,-326,434.99,1.64771
724,-604,-92,610.97,2.31427
725,-780,91,785.29,2.97458
726,-642,244,686.80,2.60153
727,191,-66,202.08,0.76546
728,761,-15,761.15,2.88314
729,381,166,415.59,1.57421
730,223,169,279.80,1.05986
731,656,276,711.70,2.69582
732,1129,385,1192.84,4.51833
733,1077,221,1099.44,4.16455
734,1011,142,1020.92,3.86713
735,121,-73,141.32,0.53528
736,-370,-90,380.79,1.44238
737,84,104,133.69,0.50639
738,611,-109,620.65,2.35093
739,946,-25,946.33,3.58458
740,1019,-58,1020.65,3.86610
741,1050,155,1061.38,4.02037
742,956,149,967.54,3.66493
743,166,-134,213.34,0.80809
744,-293,-38,295.45,1.11914
745,78,268,279.12,1.05727
746,81,2325,2326.41,8.81216
747,-1373,10958,11043.68,41.83212
748,-1424,16351,16412.89,62.17004
749,-422,16501,16506.39,62.52422
750,146,15151,15151.70,57.39281
751,75,-1562,1563.80,5.92348
752,-287,-13213,13216.12,50.06105
753,-519,-4710,4738.51,17.94889
754,172,3025,3029.89,11.47684
755,997,1203,1562.44,5.91833
756,1516,-1802,2354.88,8.92000
757,1412,-1611,2142.21,8.11443
758,875,-907,1260.27,4.77374
759,172,-730,749.99,2.84087
760,-57,-584,586.78,2.22263
761,-166,-1215,1226.29,4.64503
762,-215,-1028,1050.24,3.97819
763,-16,-592,592.22,2.24324
764,779,-382,867.62,3.28644
765,1336,-817,1566.01,5.93185
766,557,-1298,1412.46,5.35024
767,-1147,-1758,2099.09,7.95109
768,-1550,-765,1728.50,6.54736
769,-412,242,477.82,1.80991
770,-759,128,769.72,2.91560
771,-2204,-1357,2588.26,9.80400
772,-1240,-1472,1924.68,7.29045
773,1102,-752,1334.13,5.05353
774,2340,140,2344.18,8.87949
775,1438,227,1455.81,5.51442
776,-69,-424,429.58,1.62719
777,-637,-1510,1638.86,6.20781
778,-95,-2841,2842.59,10.76738
779,217,-2881,2889.16,10.94379
780,-728,-1438,1611.78,6.10522
781,-1465,-424,1525.12,5.77698
782,-1808,357,1842.91,6.98072
783,-1441,236,1460.20,5.53105
784,-1669,-1226,2070.90,7.84433
785,-1743,-4387,4720.57,17.88096
786,-652,-5453,5491.84,20.80243
787,422,-2554,2588.63,9.80541
788,463,275,538.51,2.03981
789,138,718,731.14,2.76948
790,-43,772,773.20,2.92878
791,95,895,900.03,3.40920
792,-245,219,328.61,1.24474
793,-547,-188,578.41,2.19093
794,-722,-440,845.51,3.20268
795,-864,-160,878.69,3.32837
796,-906,-214,930.93,3.52625
797,-960,-48,961.20,3.64091
798,-942,381,1016.13,3.84899
799,-72,755,758.43,2.87282
800,621,553,831.53,3.14975
801,824,298,876.23,3.31906
802,574,-44,575.68,2.18062
803,618,-442,759.79,2.87801
804,470,-359,591.42,2.24024
805,328,-455,560.90,2.12462
806,570,-557,796.96,3.01880
807,324,-256,412.93,1.56413
808,-124,249,278.17,1.05366
809,-54,113,125.24,0.47439
810,355,-404,537.81,2.03716
811,793,-632,1014.04,3.84105
812,630,-312,703.02,2.66297
813,136,-359,383.90,1.45416
814,-372,-507,628.83,2.38195
815,28,-896,896.44,3.39560
816,840,-935,1256.91,4.76103
817,853,-692,1098.40,4.16059
818,79,-274,285.16,1.08016
819,-669,-243,711.77,2.69608
820,-316,-253,404.80,1.53334
821,471,-346,584.43,2.21375
822,939,-678,1158.19,4.38708
823,753,-948,1210.67,4.58586
824,720,-575,921.43,3.49025
825,585,-214,622.91,2.35952
826,204,152,254.40,0.96364
827,-359,156,391.43,1.48269
828,-362,-426,559.03,2.11756
829,153,-520,542.04,2.05319
830,538,-245,591.16,2.23924
831,705,-251,748.35,2.83465
832,516,-500,718.51,2.72163
833,-197,-883,904.71,3.42693
834,-179,-995,1010.97,3.82944
835,68,-352,358.51,1.35798
836,116,-147,187.26,0.70930
837,-89,-205,223.49,0.84654
838,62,-322,327.91,1.24210
839,512,-325,606.44,2.29712
840,553,-104,562.69,2.13142
841,86,36,93.23,0.35315
842,-27,234,235.55,0.89224
843,349,194,399.30,1.51248
844,574,-25,574.54,2.17630
845,603,-151,621.62,2.35462
# END
# FRAME,71,RX_TS,449777064096,FP_INDEX,752.5937,FP_INT,752,RXPACC,271,RXPWR,-68.27,STD_NOISE,156.00,NTM,13,NOISE_THRESH,2028.00,PEAK_IDX,755,PEAK_AMPL,18671,START,702,elapsed_s,7.2821
sample,real,imag,amplitude,amplitude_norm
702,135,180,225.00,0.83026
703,-148,-29,150.81,0.55651
704,-136,-160,209.99,0.77487
705,418,243,483.50,1.78414
706,796,688,1052.12,3.88237
707,828,653,1054.51,3.89118
708,562,441,714.37,2.63605
709,-266,-209,338.29,1.24829
710,-516,-251,573.81,2.11738
711,-252,-40,255.15,0.94153
712,-129,355,377.71,1.39377
713,200,197,280.73,1.03590
714,427,27,427.85,1.57879
715,382,133,404.49,1.49259
716,347,125,368.83,1.36099
717,18,221,221.73,0.81820
718,-135,138,193.05,0.71237
719,-19,-18,26.17,0.09658
720,116,132,175.73,0.64844
721,638,287,699.58,2.58148
722,691,675,965.97,3.56448
723,704,595,921.76,3.40133
724,411,428,593.38,2.18961
725,-442,-214,491.08,1.81210
726,-629,-366,727.73,2.68537
727,-122,104,160.31,0.59156
728,71,405,411.18,1.51726
729,297,467,553.44,2.04222
730,613,340,700.98,2.58663
731,775,277,823.02,3.03696
732,533,76,538.39,1.98668
733,-407,9,407.10,1.50221
734,-561,-253,615.41,2.27089
735,-125,-143,189.93,0.70085
736,-158,-171,232.82,0.85911
737,-546,-468,719.12,2.65360
738,-831,-718,1098.22,4.05247
739,-839,-581,1020.53,3.76579
740,-756,-355,835.20,3.08192
741,156,143,211.62,0.78090
742,289,170,335.29,1.23724
743,-184,-174,253.24,0.93448
744,-626,-159,645.88,2.38331
745,-799,-260,840.24,3.10051
746,-922,-292,967.13,3.56876
747,-878,-565,1044.08,3.85270
748,-746,-326,814.12,3.00413
749,-6,262,262.07,0.96704
750,238,90,254.45,0.93892
751,75,-521,526.37,1.94233
752,1892,-3415,3904.09,14.40622
753,7532,-11921,14101.11,52.03361
754,9445,-16123,18685.80,68.95129
755,8777,-16457,18651.24,68.82375
756,5839,-12183,13509.97,49.85231
757,-2793,6229,6826.51,25.19009
758,-4900,11723,12705.85,46.88507
759,-458,2213,2259.90,8.33910
760,1222,-3214,3438.47,12.68808
761,-959,-624,1144.14,4.22192
762,-2210,1219,2523.90,9.31328
763,-1691,718,1837.12,6.77904
764,-999,592,1161.23,4.28500
765,-336,668,747.74,2.75920
766,-247,708,749.85,2.76697
767,-304,1247,1283.52,4.73624
768,-51,1027,1028.27,3.79434
769,-346,491,600.66,2.21647
770,-1083,75,1085.59,4.00588
771,-1423,371,1470.57,5.42645
772,-615,1469,1592.54,5.87653
773,847,2303,2453.82,9.05468
774,1133,1243,1681.89,6.20622
775,476,5,476.03,1.75655
776,861,927,1265.17,4.66852
777,1310,2506,2827.74,10.43448
778,37,1591,1591.43,5.87244
779,-1655,-174,1664.12,6.14067
780,-1973,-1115,2266.26,8.36260
781,-895,-425,990.78,3.65602
782,111,957,963.42,3.55504
783,-183,2084,2092.02,7.71963
784,-1442,2931,3266.52,12.05356
785,-1112,2377,2624.25,9.68357
786,293,1517,1545.04,5.70124
787,1245,848,1506.36,5.55853
788,1708,412,1756.99,6.48335
789,1330,559,1442.70,5.32361
790,865,2700,2835.18,10.46191
791,-608,5246,5281.12,19.48751
792,-1859,4908,5248.27,19.36631
793,-1097,1352,1741.07,6.42460
794,-116,-529,541.57,1.99841
795,276,-608,667.71,2.46388
796,401,-743,844.30,3.11551
797,353,-608,703.05,2.59426
798,401,203,449.46,1.65851
799,535,538,758.73,2.79974
800,659,771,1014.26,3.74265
801,782,690,1042.89,3.84831
802,742,701,1020.77,3.76667
803,928,414,1016.16,3.74967
804,941,-82,944.57,3.48548
805,216,-807,835.41,3.08268
806,-502,-675,841.21,3.10408
807,-532,-501,730.77,2.69657
808,-442,-131,461.00,1.70112
809,-684,168,704.33,2.59900
810,-543,227,588.54,2.17173
811,-559,332,650.16,2.39911
812,-730,371,818.87,3.02164
813,-107,70,127.86,0.47182
814,339,-144,368.32,1.35910
815,41,-75,85.48,0.31541
816,-562,136,578.22,2.13366
817,-843,182,862.42,3.18237
818,-503,90,510.99,1.88557
819,-138,371,395.83,1.46064
820,-29,844,844.50,3.11623
821,-664,927,1140.27,4.20765
822,-1229,595,1365.45,5.03858
823,-820,240,854.40,3.15277
824,168,281,327.39,1.20809
825,718,518,885.35,3.26698
826,8,333,333.10,1.22914
827,-773,183,794.37,2.93124
828,-1172,351,1223.43,4.51451
829,-1066,515,1183.88,4.36858
830,-947,174,962.85,3.55296
831,-511,-62,514.75,1.89944
832,123,-115,168.39,0.62135
833,488,207,530.09,1.95604
834,99,599,607.13,2.24032
835,-317,382,496.40,1.83173
836,-592,-11,592.10,2.18488
837,-777,-3,777.01,2.86718
838,-460,547,714.71,2.63730
839,-87,1008,1011.75,3.73339
840,-206,849,873.63,3.22374
841,-161,188,247.52,0.91335
842,-198,213,290.81,1.07312
843,-47,287,290.82,1.07315
844,-198,345,397.78,1.46782
845,-554,196,587.65,2.16845
846,-335,75,343.29,1.26676
847,114,45,122.56,0.45225
848,130,-85,155.32,0.57314
849,-305,-193,360.93,1.33186
850,-501,-84,507.99,1.87451
851,-496,6,496.04,1.83039
# END
# FRAME,72,RX_TS,456166925787,FP_INDEX,749.7812,FP_INT,749,RXPACC,260,RXPWR,-68.98,STD_NOISE,152.00,NTM,13,NOISE_THRESH,1976.00,PEAK_IDX,752,PEAK_AMPL,16729,START,699,elapsed_s,7.3774
sample,real,imag,amplitude,amplitude_norm
699,93,-200,220.57,0.84833
700,81,94,124.08,0.47725
701,12,244,244.29,0.93960
702,17,-132,133.09,0.51189
703,197,-809,832.64,3.20246
704,162,-967,980.48,3.77106
705,198,-840,863.02,3.31931
706,29,134,137.10,0.52732
707,67,797,799.81,3.07620
708,51,456,458.84,1.76478
709,370,60,374.83,1.44167
710,239,-197,309.73,1.19125
711,-196,-254,320.83,1.23396
712,-68,-273,281.34,1.08208
713,20,-324,324.62,1.24853
714,166,-154,226.43,0.87090
715,159,79,177.54,0.68286
716,29,112,115.69,0.44498
717,159,78,177.10,0.68116
718,-30,-422,423.07,1.62717
719,233,-830,862.08,3.31571
720,213,-806,833.67,3.20642
721,152,-651,668.51,2.57119
722,46,286,289.68,1.11414
723,6,772,772.02,2.96932
724,98,260,277.86,1.06868
725,242,-200,313.95,1.20750
726,369,-277,461.40,1.77462
727,158,-574,595.35,2.28980
728,-51,-756,757.72,2.91430
729,-181,-619,644.92,2.48046
730,196,149,246.21,0.94694
731,163,687,706.07,2.71566
732,-105,367,381.73,1.46817
733,-153,242,286.31,1.10119
734,-185,645,671.01,2.58080
735,-283,1036,1073.96,4.13061
736,-126,1054,1061.50,4.08271
737,35,1015,1015.60,3.90617
738,161,123,202.61,0.77926
739,132,-417,437.39,1.68228
740,27,158,160.29,0.61650
741,100,580,588.56,2.26368
742,169,865,881.35,3.38983
743,234,1001,1027.99,3.95380
744,-34,1054,1054.55,4.05595
745,64,1001,1003.04,3.85786
746,292,241,378.61,1.45619
747,59,-368,372.70,1.43346
748,-274,59,280.28,1.07800
749,-2169,273,2186.11,8.40813
750,-10528,-438,10537.11,40.52734
751,-16272,-115,16272.41,62.58618
752,-16498,803,16517.53,63.52896
753,-15136,1126,15177.83,58.37625
754,1447,-97,1450.25,5.57788
755,13031,-1182,13084.50,50.32499
756,4812,-848,4886.15,18.79288
757,-2824,312,2841.18,10.92763
758,-1167,1119,1616.80,6.21847
759,1914,1315,2322.20,8.93155
760,1691,1178,2060.86,7.92640
761,980,767,1244.46,4.78640
762,837,99,842.83,3.24167
763,659,-69,662.60,2.54847
764,1245,-220,1264.29,4.86265
765,1092,-382,1156.89,4.44957
766,655,-143,670.43,2.57857
767,519,702,873.02,3.35777
768,943,1140,1479.48,5.69029
769,1418,302,1449.80,5.57616
770,1922,-1457,2411.83,9.27628
771,896,-1715,1934.95,7.44212
772,-101,-299,315.60,1.21384
773,-80,-378,386.37,1.48605
774,1273,-1858,2252.26,8.66255
775,1441,-1316,1951.50,7.50575
776,870,909,1258.25,4.83940
777,15,2244,2244.05,8.63096
778,-54,1432,1433.02,5.51161
779,546,-92,553.70,2.12960
780,1527,-746,1699.48,6.53648
781,2863,-254,2874.25,11.05479
782,2988,-16,2988.04,11.49247
783,1459,-749,1640.03,6.30779
784,413,-1353,1414.63,5.44088
785,-409,-1567,1619.50,6.22883
786,-336,-1354,1395.07,5.36564
787,1057,-1798,2085.68,8.02184
788,4213,-2066,4692.30,18.04733
789,5363,-1105,5475.65,21.06021
790,2753,216,2761.46,10.62100
791,-45,536,537.89,2.06879
792,-572,154,592.37,2.27834
793,-713,-63,715.78,2.75299
794,-832,88,836.64,3.21785
795,-145,-185,235.05,0.90405
796,165,-553,577.09,2.21958
797,396,-786,880.12,3.38508
798,187,-909,928.04,3.56937
799,274,-878,919.76,3.53754
800,95,-936,940.81,3.61849
801,-397,-884,969.05,3.72713
802,-840,-14,840.12,3.23122
803,-552,646,849.72,3.26814
804,-210,840,865.85,3.33020
805,77,522,527.65,2.02942
806,430,507,664.79,2.55689
807,411,403,575.61,2.21390
808,558,246,609.82,2.34546
809,680,474,828.90,3.18808
810,333,258,421.25,1.62020
811,-328,-188,378.06,1.45407
812,-257,-107,278.38,1.07071
813,268,325,421.25,1.62018
814,683,594,905.17,3.48141
815,404,521,659.29,2.53571
816,356,149,385.92,1.48432
817,551,-308,631.24,2.42785
818,963,-50,964.30,3.70884
819,1095,754,1329.49,5.11342
820,818,807,1149.07,4.41952
821,290,127,316.59,1.21765
822,64,-720,722.84,2.78015
823,238,-362,433.23,1.66627
824,423,504,657.99,2.53071
825,810,949,1247.68,4.79876
826,1040,733,1272.36,4.89368
827,653,729,978.70,3.76422
828,254,558,613.09,2.35804
829,-100,254,272.98,1.04991
830,-62,-367,372.20,1.43154
831,388,-459,601.02,2.31162
832,547,24,547.53,2.10587
833,372,504,626.42,2.40930
834,356,721,804.10,3.09269
835,555,505,750.37,2.88603
836,875,-261,913.10,3.51191
837,845,-175,862.93,3.31897
838,410,127,429.22,1.65084
839,157,107,189.99,0.73075
840,199,-58,207.28,0.79723
841,462,-16,462.28,1.77799
842,618,443,760.38,2.92453
843,306,579,654.89,2.51880
844,17,66,68.15,0.26213
845,-105,-55,118.53,0.45590
846,-87,312,323.90,1.24578
847,148,495,516.65,1.98712
848,252,589,640.64,2.46402
# END
# FRAME,73,RX_TS,462556720397,FP_INDEX,745.9375,FP_INT,745,RXPACC,282,RXPWR,-68.57,STD_NOISE,160.00,NTM,13,NOISE_THRESH,2080.00,PEAK_IDX,748,PEAK_AMPL,19325,START,695,elapsed_s,7.4811
sample,real,imag,amplitude,amplitude_norm
695,257,-12,257.28,0.91234
696,61,187,196.70,0.69751
697,-154,84,175.42,0.62205
698,142,-138,198.01,0.70216
699,978,-252,1009.94,3.58136
700,1013,-390,1085.48,3.84922
701,907,-414,997.02,3.53553
702,-31,12,33.24,0.11788
703,-577,392,697.56,2.47362
704,-282,306,416.12,1.47562
705,152,305,340.78,1.20843
706,263,155,305.28,1.08254
707,126,-262,290.72,1.03093
708,242,-257,353.01,1.25179
709,364,-233,432.19,1.53258
710,324,81,333.97,1.18430
711,106,259,279.85,0.99238
712,-81,52,96.25,0.34133
713,89,148,172.70,0.61241
714,416,-276,499.23,1.77032
715,898,-292,944.28,3.34852
716,912,-318,965.85,3.42500
717,799,-321,861.07,3.05344
718,-88,183,203.06,0.72007
719,-671,463,815.24,2.89091
720,-181,324,371.13,1.31606
721,449,278,528.10,1.87268
722,516,150,537.36,1.90553
723,626,-271,682.14,2.41894
724,725,-531,898.66,3.18673
725,500,-569,757.47,2.68606
726,5,168,168.07,0.59601
727,-541,519,749.69,2.65849
728,-378,123,397.51,1.40960
729,-257,-78,268.58,0.95240
730,-540,211,579.76,2.05588
731,-1072,331,1121.94,3.97850
732,-967,466,1073.43,3.80648
733,-878,599,1062.87,3.76903
734,-60,237,244.48,0.86694
735,459,-142,480.46,1.70377
736,-93,16,94.37,0.33463
737,-429,478,642.28,2.27759
738,-636,714,956.19,3.39073
739,-728,810,1089.07,3.86197
740,-964,642,1158.21,4.10714
741,-868,611,1061.48,3.76412
742,-49,363,366.29,1.29891
743,355,-148,384.62,1.36388
744,-161,-214,267.80,0.94965
745,-1224,-1710,2102.92,7.45717
746,-5021,-9518,10761.17,38.16018
747,-9714,-16346,19014.56,67.42752
748,-11321,-16470,19985.64,70.87108
749,-10525,-14799,18160.01,64.39720
750,-15,-99,100.13,0.35507
751,8444,11524,14286.49,50.66130
752,4053,4649,6167.66,21.87113
753,-1700,-2361,2909.35,10.31685
754,-1701,-797,1878.46,6.66120
755,-200,2510,2517.96,8.92892
756,-155,2378,2383.05,8.45052
757,-178,1363,1374.57,4.87437
758,349,824,894.86,3.17327
759,364,506,623.32,2.21037
760,890,896,1262.90,4.47837
761,1047,828,1334.84,4.73347
762,617,581,847.50,3.00531
763,-321,878,934.84,3.31503
764,-567,1553,1653.27,5.86266
765,417,1491,1548.22,5.49012
766,2426,1130,2676.26,9.49029
767,2192,-133,2196.03,7.78734
768,242,-388,457.28,1.62157
769,-28,-513,513.76,1.82186
770,2339,180,2345.92,8.31885
771,2303,614,2383.44,8.45193
772,-86,1261,1263.93,4.48202
773,-1973,1288,2356.20,8.35531
774,-1452,705,1614.10,5.72377
775,301,418,515.10,1.82659
776,1511,946,1782.70,6.32165
777,1790,2398,2992.41,10.61137
778,1657,2831,3280.28,11.63218
779,1501,950,1776.37,6.29920
780,1542,-422,1598.70,5.66916
781,1346,-1351,1907.07,6.76266
782,1117,-1232,1662.98,5.89710
783,2146,-212,2156.45,7.64697
784,4265,2611,5000.75,17.73317
785,4263,4505,6202.27,21.99388
786,1628,2921,3344.04,11.85831
787,-458,253,523.23,1.85544
788,-477,-501,691.76,2.45304
789,-308,-724,786.79,2.79004
790,-472,-744,881.09,3.12443
791,94,-276,291.57,1.03393
792,707,-132,719.22,2.55041
793,967,-97,971.85,3.44629
794,1002,-309,1048.56,3.71831
795,1088,-233,1112.67,3.94564
796,958,-341,1016.88,3.60596
797,762,-734,1058.02,3.75183
798,-284,-690,746.16,2.64596
799,-793,-190,815.44,2.89165
800,-781,262,823.77,2.92119
801,-389,287,483.41,1.71424
802,-49,719,720.67,2.55556
803,-58,579,581.90,2.06347
804,71,709,712.55,2.52676
805,-20,944,944.21,3.34827
806,-20,631,631.32,2.23871
807,21,-287,287.77,1.02045
808,123,-333,354.99,1.25883
809,83,394,402.65,1.42783
810,-148,970,981.23,3.47952
811,-320,743,808.98,2.86872
812,116,450,464.71,1.64791
813,704,369,794.84,2.81860
814,585,893,1067.56,3.78566
815,-99,1372,1375.57,4.87790
816,-334,1206,1251.40,4.43757
817,-30,267,268.68,0.95277
818,672,-387,775.47,2.74989
819,517,-6,517.03,1.83346
820,-108,605,614.56,2.17931
821,-379,1103,1166.30,4.13581
822,-37,1268,1268.54,4.49837
823,-258,983,1016.29,3.60388
824,-347,672,756.30,2.68192
825,-311,-49,314.84,1.11644
826,270,-356,446.81,1.58442
827,705,0,705.00,2.50000
828,395,492,630.94,2.23739
829,-130,610,623.70,2.21170
830,-445,727,852.38,3.02263
831,-165,861,876.67,3.10875
832,719,703,1005.57,3.56585
833,729,758,1051.67,3.72932
834,266,396,477.05,1.69165
835,31,230,232.08,0.82298
836,282,204,348.05,1.23423
837,314,354,473.19,1.67799
838,39,713,714.07,2.53215
839,-282,581,645.82,2.29015
840,-4,75,75.11,0.26634
841,92,-126,156.01,0.55324
842,-352,79,360.76,1.27928
843,-412,453,612.33,2.17140
844,-328,513,608.89,2.15920
# END
# FRAME,74,RX_TS,468946514954,FP_INDEX,750.6250,FP_INT,750,RXPACC,265,RXPWR,-68.47,STD_NOISE,140.00,NTM,13,NOISE_THRESH,1820.00,PEAK_IDX,752,PEAK_AMPL,17653,START,700,elapsed_s,7.5802
sample,real,imag,amplitude,amplitude_norm
700,-94,-95,133.65,0.50432
701,140,-20,141.42,0.53367
702,188,120,223.03,0.84164
703,-326,-80,335.67,1.26669
704,-835,-488,967.14,3.64960
705,-1004,-406,1082.98,4.08673
706,-507,-200,545.02,2.05669
707,470,216,517.26,1.95192
708,754,135,765.99,2.89053
709,361,-20,361.55,1.36435
710,134,-242,276.62,1.04386
711,-127,-128,180.31,0.68043
712,-340,196,392.45,1.48094
713,-257,-12,257.28,0.97087
714,-244,-109,267.24,1.00845
715,102,-115,153.72,0.58007
716,237,-37,239.87,0.90517
717,111,-26,114.00,0.43021
718,-32,-128,131.94,0.49788
719,-580,-59,582.99,2.19997
720,-794,-422,899.18,3.39312
721,-716,-342,793.49,2.99429
722,-345,-138,371.58,1.40218
723,592,191,622.05,2.34735
724,657,184,682.28,2.57464
725,31,-208,210.30,0.79358
726,-169,-303,346.94,1.30922
727,-297,-226,373.21,1.40834
728,-630,-155,648.79,2.44825
729,-763,-73,766.48,2.89239
730,-374,11,374.16,1.41193
731,549,51,551.36,2.08062
732,655,187,681.17,2.57046
733,294,155,332.36,1.25418
734,282,132,311.36,1.17496
735,685,340,764.74,2.88581
736,962,592,1129.56,4.26249
737,1006,383,1076.44,4.06204
738,804,108,811.22,3.06121
739,-253,-137,287.71,1.08570
740,-341,-96,354.26,1.33681
741,235,153,280.42,1.05818
742,666,52,668.03,2.52086
743,960,224,985.79,3.71995
744,1051,138,1060.02,4.00008
745,996,398,1072.58,4.04746
746,668,171,689.54,2.60204
747,-138,-207,248.78,0.93880
748,-319,-54,323.54,1.22090
749,-16,411,411.31,1.55212
750,-870,3111,3230.36,12.19004
751,-4282,11937,12681.78,47.85576
752,-5194,16383,17186.63,64.85522
753,-4371,16493,17062.38,64.38632
754,-2326,10575,10827.78,40.85956
755,1960,-8979,9190.43,34.68087
756,2493,-13171,13404.86,50.58438
757,122,-2164,2167.44,8.17900
758,-467,3598,3628.18,13.69125
759,987,795,1267.36,4.78248
760,1916,-1610,2502.63,9.44389
761,1602,-1197,1999.80,7.54643
762,749,-733,1047.99,3.95469
763,112,-500,512.39,1.93355
764,213,-782,810.49,3.05845
765,142,-1448,1454.95,5.49036
766,-88,-1017,1020.80,3.85208
767,198,-521,557.36,2.10323
768,1041,-230,1066.11,4.02304
769,1405,-613,1532.90,5.78454
770,323,-1731,1760.88,6.64482
771,-1247,-2021,2374.75,8.96133
772,-1258,-660,1420.62,5.36083
773,-227,738,772.12,2.91367
774,-748,25,748.42,2.82422
775,-1640,-1958,2554.09,9.63807
776,-411,-1650,1700.42,6.41667
777,1640,-287,1664.92,6.28273
778,2324,859,2477.67,9.34970
779,959,302,1005.43,3.79407
780,-212,-783,811.19,3.06110
781,-115,-1959,1962.37,7.40518
782,824,-2998,3109.18,11.73274
783,662,-2483,2569.73,9.69711
784,-569,-1397,1508.43,5.69220
785,-1419,-559,1525.14,5.75523
786,-1696,312,1724.46,6.50739
787,-1278,143,1285.98,4.85274
788,-1353,-2105,2502.33,9.44274
789,-498,-5335,5358.19,20.21959
790,842,-5369,5434.62,20.50801
791,913,-1871,2081.88,7.85614
792,316,479,573.84,2.16545
793,-108,769,776.55,2.93037
794,-123,896,904.40,3.41284
795,37,583,584.17,2.20443
796,-161,-125,203.83,0.76916
797,-472,-371,600.35,2.26549
798,-684,-606,913.83,3.44843
799,-760,-424,870.27,3.28405
800,-753,-511,910.02,3.43402
801,-890,-261,927.48,3.49993
802,-764,294,818.62,3.08912
803,82,762,766.40,2.89207
804,578,586,823.09,3.10601
805,669,424,792.05,2.98885
806,475,-45,477.13,1.80048
807,556,-322,642.51,2.42457
808,416,-273,497.58,1.87766
809,481,-400,625.59,2.36071
810,710,-556,901.80,3.40300
811,106,-41,113.65,0.42888
812,-331,234,405.36,1.52966
813,-56,80,97.65,0.36850
814,433,-261,505.58,1.90784
815,798,-377,882.57,3.33046
816,615,-208,649.22,2.44989
817,141,-381,406.25,1.53303
818,-227,-751,784.56,2.96059
819,471,-967,1075.61,4.05889
820,1265,-748,1469.60,5.54567
821,970,-271,1007.14,3.80055
822,-61,28,67.12,0.25328
823,-776,-178,796.15,3.00435
824,-113,-255,278.92,1.05251
825,767,-278,815.83,3.07859
826,1088,-669,1277.23,4.81972
827,834,-596,1025.07,3.86819
828,843,-264,883.37,3.33348
829,543,-58,546.09,2.06071
830,-35,252,254.42,0.96007
831,-534,72,538.83,2.03333
832,-295,-460,546.47,2.06214
833,219,-463,512.18,1.93276
834,698,-124,708.93,2.67520
835,859,-124,867.90,3.27511
836,416,-546,686.42,2.59026
837,-55,-1071,1072.41,4.04683
838,67,-794,796.82,3.00687
839,111,-208,235.76,0.88968
840,42,-160,165.42,0.62423
841,-8,-291,291.11,1.09853
842,303,-524,605.30,2.28414
843,697,-293,756.08,2.85313
844,435,-30,436.03,1.64541
845,-43,22,48.30,0.18227
846,-44,157,163.05,0.61528
847,487,154,510.77,1.92743
848,612,29,612.69,2.31203
849,571,-63,574.46,2.16779
# END
# FRAME,75,RX_TS,475336309506,FP_INDEX,745.8906,FP_INT,745,RXPACC,260,RXPWR,-68.93,STD_NOISE,152.00,NTM,13,NOISE_THRESH,1976.00,PEAK_IDX,748,PEAK_AMPL,16744,START,695,elapsed_s,7.6760
sample,real,imag,amplitude,amplitude_norm
695,93,-194,215.14,0.82746
696,99,47,109.59,0.42150
697,-39,214,217.52,0.83663
698,-66,-122,138.71,0.53349
699,211,-833,859.31,3.30503
700,147,-962,973.17,3.74295
701,147,-828,840.95,3.23441
702,30,34,45.34,0.17440
703,41,744,745.13,2.86588
704,66,415,420.22,1.61621
705,362,56,366.31,1.40887
706,273,-89,287.14,1.10439
707,-59,-203,211.40,0.81308
708,-112,-297,317.42,1.22083
709,-85,-339,349.49,1.34421
710,133,-183,226.23,0.87010
711,212,68,222.64,0.85630
712,103,155,186.10,0.71578
713,184,120,219.67,0.84489
714,-85,-360,369.90,1.42269
715,201,-792,817.11,3.14272
716,208,-868,892.57,3.43298
717,134,-718,730.40,2.80922
718,101,150,180.83,0.69552
719,73,847,850.14,3.26977
720,54,357,361.06,1.38870
721,228,-180,290.49,1.11727
722,377,-293,477.47,1.83642
723,120,-572,584.45,2.24789
724,-13,-776,776.11,2.98503
725,-162,-683,701.95,2.69981
726,124,114,168.44,0.64785
727,163,744,761.65,2.92941
728,-78,436,442.92,1.70355
729,-133,225,261.37,1.00527
730,-71,552,556.55,2.14057
731,-245,1081,1108.42,4.26314
732,-115,1063,1069.20,4.11232
733,23,1010,1010.26,3.88562
734,126,230,262.25,1.00866
735,18,-380,380.43,1.46318
736,-125,120,173.28,0.66645
737,108,569,579.16,2.22753
738,212,835,861.49,3.31343
739,250,984,1015.26,3.90485
740,-3,1064,1064.00,4.09232
741,33,1002,1002.54,3.85594
742,310,254,400.77,1.54142
743,98,-264,281.60,1.08309
744,-243,87,258.10,0.99271
745,-1841,291,1863.86,7.16868
746,-9515,-445,9525.40,36.63615
747,-16139,-149,16139.69,62.07572
748,-16496,897,16520.37,63.53988
749,-15646,1433,15711.49,60.42879
750,-873,35,873.70,3.36039
751,12912,-1270,12974.31,49.90118
752,6020,-1057,6112.09,23.50804
753,-2520,224,2529.94,9.73052
754,-1564,1038,1877.11,7.21965
755,1797,1326,2233.27,8.58949
756,1837,1298,2249.30,8.65117
757,1045,827,1332.65,5.12557
758,805,109,812.35,3.12441
759,542,-24,542.53,2.08666
760,1110,-144,1119.30,4.30501
761,1150,-311,1191.31,4.58196
762,705,-188,729.64,2.80629
763,521,660,840.86,3.23407
764,953,1152,1495.10,5.75037
765,1339,460,1415.81,5.44543
766,1861,-1240,2236.27,8.60105
767,862,-1793,1989.45,7.65171
768,-168,-427,458.86,1.76485
769,-427,-356,555.94,2.13822
770,1046,-1889,2159.27,8.30488
771,1477,-1551,2141.76,8.23753
772,990,713,1220.03,4.69242
773,194,2183,2191.60,8.42924
774,-122,1588,1592.68,6.12569
775,392,115,408.52,1.57123
776,1356,-645,1501.59,5.77533
777,2660,-283,2675.01,10.28851
778,3001,43,3001.31,11.54349
779,1443,-747,1624.89,6.24957
780,376,-1325,1377.32,5.29737
781,-504,-1670,1744.40,6.70921
782,-601,-1480,1597.37,6.14374
783,759,-1682,1845.32,7.09738
784,4062,-2084,4565.40,17.55924
785,5654,-1282,5797.52,22.29815
786,3237,53,3237.43,12.45167
787,9,496,496.08,1.90801
788,-626,218,662.87,2.54951
789,-659,34,659.88,2.53799
790,-797,125,806.74,3.10286
791,-195,-61,204.32,0.78584
792,224,-517,563.44,2.16708
793,453,-734,862.53,3.31744
794,265,-923,960.29,3.69342
795,267,-917,955.08,3.67338
796,136,-917,927.03,3.56550
797,-252,-972,1004.14,3.86206
798,-717,-64,719.85,2.76866
799,-537,661,851.64,3.27554
800,-295,855,904.46,3.47870
801,-30,497,497.90,1.91502
802,413,388,566.67,2.17949
803,406,351,536.69,2.06420
804,572,294,643.13,2.47359
805,714,571,914.24,3.51631
806,408,431,593.49,2.28264
807,-214,22,215.13,0.82741
808,-130,-139,190.32,0.73199
809,376,173,413.89,1.59188
810,771,560,952.91,3.66505
811,480,569,744.42,2.86315
812,467,116,481.19,1.85074
813,564,-371,675.08,2.59647
814,992,-118,998.99,3.84228
815,1076,723,1296.34,4.98593
816,847,918,1249.05,4.80405
817,230,218,316.90,1.21884
818,-46,-642,643.65,2.47556
819,260,-393,471.22,1.81239
820,489,452,665.90,2.56116
821,726,895,1152.43,4.43243
822,1014,679,1220.34,4.69363
823,739,655,987.49,3.79806
824,376,537,655.55,2.52134
825,-113,219,246.43,0.94783
826,-245,-269,363.85,1.39942
827,180,-447,481.88,1.85339
828,515,11,515.12,1.98122
829,371,426,564.90,2.17271
830,355,713,796.49,3.06342
831,602,595,846.42,3.25547
832,957,-193,976.27,3.75487
833,1002,-259,1034.93,3.98051
834,501,-23,501.53,1.92895
835,151,108,185.65,0.71403
836,294,-27,295.24,1.13553
837,400,29,401.05,1.54250
838,621,339,707.50,2.72117
839,338,465,574.86,2.21102
840,100,43,108.85,0.41867
841,-53,-71,88.60,0.34077
842,-48,345,348.32,1.33970
843,194,591,622.03,2.39241
844,247,571,622.13,2.39282
# END
# FRAME,76,RX_TS,481726104025,FP_INDEX,749.1094,FP_INT,749,RXPACC,265,RXPWR,-68.26,STD_NOISE,152.00,NTM,13,NOISE_THRESH,1976.00,PEAK_IDX,751,PEAK_AMPL,18152,START,699,elapsed_s,7.7885
sample,real,imag,amplitude,amplitude_norm
699,79,151,170.42,0.64308
700,-160,87,182.12,0.68726
701,51,-24,56.36,0.21270
702,830,-79,833.75,3.14623
703,1026,-132,1034.46,3.90361
704,941,-121,948.75,3.58018
705,181,34,184.17,0.69496
706,-618,246,665.16,2.51004
707,-471,256,536.08,2.02293
708,-17,293,293.49,1.10752
709,231,311,387.40,1.46190
710,189,-200,275.17,1.03839
711,265,-249,363.63,1.37218
712,323,-134,349.69,1.31960
713,228,44,232.21,0.87625
714,41,245,248.41,0.93738
715,-66,27,71.31,0.26909
716,-86,85,120.92,0.45629
717,373,-172,410.75,1.54999
718,925,-101,930.50,3.51131
719,932,-24,932.31,3.51815
720,755,-112,763.26,2.88023
721,89,114,144.63,0.54576
722,-711,275,762.33,2.87671
723,-349,239,422.99,1.59620
724,267,219,345.33,1.30312
725,383,235,449.35,1.69565
726,633,-56,635.47,2.39801
727,811,-278,857.32,3.23519
728,683,-439,811.92,3.06384
729,143,33,146.76,0.55380
730,-522,402,658.85,2.48624
731,-365,55,369.12,1.39291
732,-155,-142,210.21,0.79325
733,-443,38,444.63,1.67784
734,-1064,97,1068.41,4.03174
735,-1023,186,1039.77,3.92367
736,-1017,306,1062.04,4.00769
737,-280,189,337.82,1.27478
738,498,-60,501.60,1.89284
739,48,-42,63.78,0.24068
740,-434,233,492.59,1.85883
741,-680,477,830.62,3.13441
742,-899,524,1040.57,3.92666
743,-939,414,1026.21,3.87251
744,-932,314,983.47,3.71122
745,-182,387,427.66,1.61381
746,348,31,349.38,1.31841
747,34,-247,249.33,0.94086
748,-585,-1255,1384.65,5.22509
749,-2190,-7901,8198.90,30.93923
750,-5126,-15843,16651.62,62.83632
751,-6678,-16452,17755.67,67.00254
752,-6869,-15877,17299.20,65.28000
753,-1357,-3421,3680.31,13.88797
754,5072,11858,12897.18,48.66862
755,3469,6880,7705.09,29.07580
756,-586,-1915,2002.65,7.55718
757,-1436,-1853,2344.29,8.84639
758,-670,1898,2012.79,7.59542
759,-588,2278,2352.66,8.87798
760,-492,1297,1387.18,5.23465
761,133,974,983.04,3.70958
762,269,579,638.44,2.40920
763,495,950,1071.23,4.04236
764,773,1077,1325.69,5.00261
765,526,718,890.06,3.35870
766,-312,640,712.00,2.68679
767,-814,1239,1482.47,5.59423
768,-266,1417,1441.75,5.44057
769,1688,1521,2272.18,8.57425
770,2122,489,2177.61,8.21741
771,535,-265,597.03,2.25296
772,91,-607,613.78,2.31616
773,2019,357,2050.32,7.73705
774,2292,877,2454.06,9.26059
775,34,1171,1171.49,4.42073
776,-1908,948,2130.53,8.03974
777,-1667,435,1722.82,6.50121
778,-53,351,354.98,1.33954
779,1072,922,1413.95,5.33568
780,1200,2277,2573.85,9.71266
781,936,3081,3220.04,12.15109
782,1020,1382,1717.65,6.48170
783,1372,112,1376.56,5.19458
784,1473,-907,1729.85,6.52773
785,1285,-1166,1735.16,6.54777
786,1846,-44,1846.52,6.96802
787,3240,2879,4334.31,16.35588
788,3145,5033,5934.82,22.39555
789,1185,3623,3811.87,14.38442
790,-355,446,570.04,2.15108
791,-346,-510,616.29,2.32563
792,-169,-636,658.07,2.48329
793,-336,-810,876.92,3.30915
794,20,-303,303.66,1.14588
795,596,21,596.37,2.25045
796,848,125,857.16,3.23458
797,1034,0,1034.00,3.90189
798,1060,-56,1061.48,4.00558
799,1030,-53,1031.36,3.89193
800,886,-505,1019.81,3.84836
801,74,-702,705.89,2.66373
802,-562,-479,738.43,2.78654
803,-681,-47,682.62,2.57592
804,-465,190,502.32,1.89555
805,-314,514,602.32,2.27291
806,-385,505,635.02,2.39630
807,-102,507,517.16,1.95154
808,-230,728,763.47,2.88101
809,-255,630,679.65,2.56472
810,35,-166,169.65,0.64019
811,157,-147,215.08,0.81161
812,-50,304,308.08,1.16258
813,-208,863,887.71,3.34986
814,-354,719,801.42,3.02423
815,-82,484,490.90,1.85244
816,465,406,617.30,2.32944
817,581,822,1006.60,3.79849
818,-127,1228,1234.55,4.65868
819,-499,1203,1302.39,4.91467
820,-197,451,492.15,1.85716
821,563,-174,589.27,2.22368
822,653,32,653.78,2.46711
823,-126,488,504.00,1.90190
824,-545,841,1002.15,3.78170
825,-222,1187,1207.58,4.55691
826,-348,914,978.01,3.69060
827,-412,490,640.19,2.41581
828,-231,-9,231.18,0.87236
829,235,-297,378.73,1.42916
830,635,57,637.55,2.40586
831,316,471,567.18,2.14031
832,-188,465,501.57,1.89270
833,-497,538,732.43,2.76389
834,-353,777,853.43,3.22048
835,429,803,910.41,3.43552
836,632,770,996.15,3.75907
837,242,454,514.47,1.94140
838,-30,213,215.10,0.81171
839,110,287,307.36,1.15984
840,153,386,415.22,1.56686
841,-73,801,804.32,3.03517
842,-323,553,640.42,2.41668
843,-19,192,192.94,0.72807
844,108,-73,130.36,0.49191
845,-253,-39,255.99,0.96599
846,-523,289,597.54,2.25486
847,-504,428,661.21,2.49514
848,-413,453,613.01,2.31324
# END
# FRAME,77,RX_TS,488115898510,FP_INDEX,752.7031,FP_INT,752,RXPACC,291,RXPWR,-69.01,STD_NOISE,164.00,NTM,13,NOISE_THRESH,2132.00,PEAK_IDX,755,PEAK_AMPL,19497,START,702,elapsed_s,7.8761
sample,real,imag,amplitude,amplitude_norm
702,-205,75,218.29,0.75013
703,35,-122,126.92,0.43616
704,260,7,260.09,0.89379
705,-337,211,397.61,1.36634
706,-1014,425,1099.46,3.77823
707,-992,591,1154.71,3.96806
708,-763,434,877.80,3.01648
709,354,-9,354.11,1.21689
710,649,-403,763.94,2.62524
711,232,-213,314.95,1.08230
712,-206,-320,380.57,1.30781
713,-167,49,174.04,0.59808
714,-41,340,342.46,1.17685
715,-165,295,338.01,1.16154
716,-276,305,411.34,1.41354
717,-157,25,158.98,0.54632
718,19,-146,147.23,0.50595
719,123,-22,124.95,0.42939
720,-18,-82,83.95,0.28850
721,-409,483,632.91,2.17493
722,-910,446,1013.42,3.48254
723,-818,424,921.36,3.16618
724,-601,366,703.67,2.41812
725,354,-236,425.46,1.46204
726,749,-456,876.89,3.01337
727,53,-197,204.00,0.70105
728,-325,-54,329.46,1.13215
729,-516,-6,516.03,1.77332
730,-670,413,787.06,2.70469
731,-610,715,939.85,3.22974
732,-318,594,673.77,2.31535
733,160,-325,362.25,1.24485
734,639,-451,782.13,2.68772
735,363,22,363.67,1.24971
736,356,29,357.18,1.22742
737,805,-246,841.75,2.89261
738,1206,-417,1276.06,4.38508
739,1060,-490,1167.78,4.01297
740,866,-555,1028.58,3.53465
741,-113,6,113.16,0.38886
742,-405,284,494.65,1.69984
743,277,-14,277.35,0.95311
744,500,-532,730.08,2.50888
745,775,-747,1076.40,3.69896
746,794,-787,1117.95,3.84174
747,979,-618,1157.74,3.97849
748,752,-646,991.37,3.40678
749,-97,-310,324.82,1.11623
750,-248,210,324.97,1.11673
751,389,377,541.71,1.86155
752,2107,2715,3436.67,11.80985
753,7546,11711,13931.61,47.87493
754,11982,16462,20360.89,69.96869
755,13246,16242,20958.51,72.02236
756,10685,12916,16762.82,57.60421
757,-3142,-3622,4794.90,16.47731
758,-9464,-10742,14316.35,49.19708
759,-2681,-2415,3608.32,12.39973
760,2528,2813,3782.03,12.99667
761,1312,-230,1332.01,4.57735
762,-64,-2693,2693.76,9.25691
763,169,-2120,2126.73,7.30833
764,-27,-1254,1254.29,4.31028
765,-387,-641,748.77,2.57308
766,-488,-512,707.31,2.43062
767,-973,-901,1326.10,4.55703
768,-933,-595,1106.58,3.80267
769,-364,-446,575.68,1.97830
770,452,-1005,1101.97,3.78682
771,500,-1633,1707.83,5.86884
772,-887,-1445,1695.52,5.82654
773,-2431,-560,2494.67,8.57274
774,-1725,385,1767.44,6.07368
775,73,443,448.97,1.54287
776,-620,474,780.43,2.68190
777,-2836,166,2840.85,9.76239
778,-1871,-511,1939.53,6.66504
779,642,-1346,1491.27,5.12463
780,2093,-1377,2505.35,8.60945
781,1085,-651,1265.32,4.34817
782,-592,-359,692.35,2.37920
783,-1528,-1015,1834.40,6.30377
784,-1895,-2601,3218.11,11.05879
785,-1618,-2215,2743.02,9.42618
786,-1503,-475,1576.27,5.41674
787,-1400,839,1632.15,5.60877
788,-1144,1715,2061.54,7.08434
789,-996,1362,1687.32,5.79836
790,-2515,-85,2516.44,8.64755
791,-4712,-2971,5570.44,19.14240
792,-4282,-4308,6074.08,20.87311
793,-1101,-2034,2312.87,7.94800
794,570,105,579.59,1.99172
795,474,632,790.00,2.71478
796,439,756,874.22,3.00419
797,562,618,835.33,2.87053
798,-125,260,288.49,0.99137
799,-507,272,575.35,1.97716
800,-863,315,918.69,3.15702
801,-983,492,1099.25,3.77750
802,-995,375,1063.32,3.65402
803,-858,630,1064.45,3.65792
804,-366,944,1012.47,3.47927
805,690,722,998.69,3.43193
806,995,27,995.37,3.42050
807,775,-236,810.14,2.78397
808,309,-293,425.83,1.46333
809,83,-603,608.69,2.09170
810,156,-506,529.50,1.81959
811,-7,-578,578.04,1.98640
812,87,-935,939.04,3.22694
813,90,-314,326.64,1.12249
814,18,393,393.41,1.35193
815,-10,216,216.23,0.74306
816,27,-536,536.68,1.84426
817,113,-950,956.70,3.28762
818,220,-664,699.50,2.40377
819,-195,-324,378.15,1.29950
820,-765,-238,801.17,2.75315
821,-647,-947,1146.92,3.94129
822,-45,-1502,1502.67,5.16383
823,77,-1142,1144.59,3.93331
824,-187,-150,239.73,0.82380
825,-659,413,777.72,2.67258
826,-337,-63,342.84,1.17814
827,202,-725,752.61,2.58630
828,240,-1217,1240.44,4.26268
829,-121,-1241,1246.88,4.28483
830,241,-910,941.37,3.23495
831,340,-504,607.96,2.08921
832,163,84,183.37,0.63014
833,-305,468,558.61,1.91963
834,-596,-49,598.01,2.05502
835,-205,-440,485.41,1.66808
836,304,-582,656.61,2.25640
837,381,-786,873.47,3.00163
838,-150,-738,753.09,2.58794
839,-878,-520,1020.43,3.50664
840,-674,-568,881.42,3.02893
841,-32,-219,221.33,0.76057
842,-33,-202,204.68,0.70336
843,-235,-155,281.51,0.96740
844,-205,-415,462.87,1.59062
845,87,-762,766.95,2.63557
846,253,-432,500.63,1.72039
847,13,46,47.80,0.16427
848,128,159,204.12,0.70144
849,429,-197,472.07,1.62223
850,457,-476,659.87,2.26759
851,449,-603,751.80,2.58352
# END
# FRAME,78,RX_TS,494505692975,FP_INDEX,746.7187,FP_INT,746,RXPACC,260,RXPWR,-68.96,STD_NOISE,152.00,NTM,13,NOISE_THRESH,1976.00,PEAK_IDX,749,PEAK_AMPL,16615,START,696,elapsed_s,7.9902
sample,real,imag,amplitude,amplitude_norm
696,183,54,190.80,0.73385
697,-106,121,160.86,0.61870
698,-163,5,163.08,0.62722
699,246,93,262.99,1.01151
700,893,272,933.51,3.59041
701,965,143,975.54,3.75207
702,871,231,901.11,3.46581
703,-75,0,75.00,0.28846
704,-647,67,650.46,2.50177
705,-295,81,305.92,1.17661
706,-10,399,399.13,1.53510
707,172,185,252.60,0.97156
708,315,-176,360.83,1.38782
709,346,-96,359.07,1.38104
710,400,-24,400.72,1.54123
711,141,202,246.34,0.94747
712,-60,211,219.36,0.84371
713,-72,59,93.09,0.35802
714,-6,134,134.13,0.51590
715,549,-39,550.38,2.11686
716,909,291,954.44,3.67094
717,908,212,932.42,3.58623
718,734,150,749.17,2.88142
719,-206,90,224.80,0.86462
720,-695,-12,695.10,2.67348
721,-196,67,207.14,0.79667
722,269,287,393.36,1.51291
723,379,366,526.87,2.02644
724,695,125,706.15,2.71597
725,780,-22,780.31,3.00119
726,649,-179,673.23,2.58936
727,-130,218,253.82,0.97623
728,-637,117,647.66,2.49098
729,-313,-76,322.09,1.23883
730,-160,-216,268.80,1.03386
731,-591,-208,626.53,2.40975
732,-1014,-265,1048.06,4.03098
733,-984,-179,1000.15,3.84672
734,-918,-52,919.47,3.53643
735,-54,83,99.02,0.38085
736,395,91,405.35,1.55903
737,-119,-61,133.72,0.51432
738,-541,208,579.61,2.22926
739,-884,138,894.71,3.44118
740,-933,207,955.69,3.67572
741,-994,-28,994.39,3.82459
742,-889,5,889.01,3.41928
743,-132,297,325.01,1.25005
744,315,125,338.90,1.30344
745,-63,-295,301.65,1.16020
746,-54,-2396,2396.61,9.21772
747,953,-11009,11050.17,42.50066
748,698,-16330,16344.91,62.86504
749,-268,-16511,16513.17,63.51221
750,-662,-14837,14851.76,57.12216
751,176,2257,2263.85,8.70712
752,930,13131,13163.89,50.63036
753,708,4366,4423.03,17.01166
754,-150,-3054,3057.68,11.76031
755,-986,-978,1388.77,5.34142
756,-1379,1942,2381.81,9.16080
757,-1253,1659,2079.01,7.99620
758,-730,967,1211.61,4.66002
759,-55,754,756.00,2.90771
760,71,688,691.65,2.66021
761,295,1288,1321.35,5.08212
762,346,1164,1214.34,4.67052
763,103,693,700.61,2.69466
764,-733,506,890.69,3.42572
765,-1172,1004,1543.24,5.93555
766,-296,1453,1482.84,5.70324
767,1303,1896,2300.57,8.84835
768,1514,917,1770.05,6.80789
769,356,9,356.11,1.36967
770,566,-11,566.11,2.17733
771,2128,1414,2554.95,9.82674
772,1355,1464,1994.82,7.67240
773,-898,816,1213.37,4.66680
774,-2114,-9,2114.02,8.13084
775,-1274,-99,1277.84,4.91477
776,103,537,546.79,2.10303
777,662,1572,1705.70,6.56040
778,134,2839,2842.16,10.93139
779,-70,2777,2777.88,10.68416
780,706,1323,1499.59,5.76765
781,1420,304,1452.18,5.58529
782,1768,-494,1835.72,7.06045
783,1459,-444,1525.06,5.86563
784,1774,1152,2115.23,8.13548
785,1930,4480,4878.04,18.76170
786,913,5489,5564.41,21.40159
787,-202,2548,2555.99,9.83075
788,-435,-227,490.67,1.88718
789,-100,-641,648.75,2.49521
790,31,-694,694.69,2.67189
791,-31,-732,732.66,2.81791
792,259,-208,332.18,1.27762
793,536,96,544.53,2.09434
794,783,306,840.67,3.23334
795,1003,243,1032.02,3.96929
796,961,384,1034.88,3.98031
797,949,162,962.73,3.70280
798,877,-336,939.16,3.61216
799,29,-712,712.59,2.74073
800,-507,-465,687.95,2.64596
801,-711,-219,743.96,2.86140
802,-383,25,383.82,1.47621
803,-417,434,601.87,2.31488
804,-380,355,520.02,2.00009
805,-343,467,579.43,2.22857
806,-508,684,852.01,3.27696
807,-231,286,367.64,1.41399
808,226,-272,353.64,1.36015
809,116,-133,176.48,0.67877
810,-245,354,430.51,1.65582
811,-544,660,855.30,3.28961
812,-405,425,587.07,2.25796
813,-20,416,416.48,1.60185
814,490,620,790.25,3.03944
815,90,1051,1054.85,4.05710
816,-692,1086,1287.73,4.95283
817,-720,885,1140.89,4.38803
818,-54,297,301.87,1.16104
819,690,110,698.71,2.68736
820,329,293,440.56,1.69445
821,-387,440,585.98,2.25376
822,-848,740,1125.48,4.32877
823,-573,984,1138.68,4.37953
824,-653,612,894.96,3.44215
825,-506,317,597.10,2.29653
826,-62,-167,178.14,0.68514
827,530,-140,548.18,2.10838
828,506,400,645.01,2.48080
829,18,557,557.29,2.14343
830,-387,390,549.43,2.11318
831,-658,435,788.79,3.03381
832,-356,615,710.61,2.73310
833,296,940,985.50,3.79040
834,225,999,1024.02,3.93856
835,19,363,363.50,1.39807
836,5,179,179.07,0.68873
837,161,243,291.50,1.12114
838,26,480,480.70,1.84886
839,-329,686,760.81,2.92621
840,-373,335,501.35,1.92828
841,23,33,40.22,0.15471
842,83,-62,103.60,0.39846
843,-343,-77,351.54,1.35206
844,-554,96,562.26,2.16252
845,-559,244,609.93,2.34589
# END
# FRAME,79,RX_TS,500895487428,FP_INDEX,749.2969,FP_INT,749,RXPACC,263,RXPWR,-68.73,STD_NOISE,156.00,NTM,13,NOISE_THRESH,2028.00,PEAK_IDX,752,PEAK_AMPL,17192,START,699,elapsed_s,8.0950
sample,real,imag,amplitude,amplitude_norm
699,-62,56,83.55,0.31767
700,-48,-134,142.34,0.54121
701,34,-39,51.74,0.19673
702,-10,689,689.07,2.62005
703,-28,1054,1054.37,4.00902
704,-8,960,960.03,3.65032
705,-17,447,447.32,1.70085
706,-26,-498,498.68,1.89612
707,-165,-507,533.17,2.02728
708,-220,-145,263.49,1.00185
709,-324,161,361.80,1.37565
710,67,276,284.02,1.07991
711,244,363,437.38,1.66306
712,111,355,371.95,1.41425
713,23,238,239.11,0.90916
714,-235,42,238.72,0.90769
715,-70,-60,92.20,0.35055
716,8,-17,18.79,0.07144
717,17,210,210.69,0.80109
718,46,732,733.44,2.78876
719,-112,867,874.20,3.32397
720,-20,852,852.23,3.24044
721,-15,405,405.28,1.54098
722,-115,-630,640.41,2.43502
723,12,-575,575.13,2.18679
724,-39,91,99.01,0.37645
725,-206,282,349.23,1.32786
726,-78,522,527.80,2.00683
727,81,757,761.32,2.89476
728,330,752,821.22,3.12251
729,152,289,326.53,1.24158
730,-296,-471,556.29,2.11517
731,37,-510,511.34,1.94426
732,165,-163,231.94,0.88188
733,92,-252,268.27,1.02003
734,157,-903,916.55,3.48497
735,84,-1037,1040.40,3.95588
736,31,-1004,1004.48,3.81931
737,-40,-610,611.31,2.32437
738,-8,287,287.11,1.09168
739,18,218,218.74,0.83172
740,27,-335,336.09,1.27789
741,-232,-712,748.84,2.84732
742,-298,-870,919.62,3.49666
743,-220,-937,962.48,3.65962
744,-34,-1050,1050.55,3.99449
745,-237,-551,599.81,2.28064
746,-155,258,300.98,1.14441
747,162,162,229.10,0.87111
748,863,-303,914.65,3.47774
749,5670,-476,5689.95,21.63477
750,14852,-1225,14902.43,56.66325
751,16453,-2558,16650.66,63.31050
752,16404,-3244,16721.69,63.58055
753,8852,-1630,9000.82,34.22366
754,-10143,2148,10367.95,39.42186
755,-10133,2537,10445.77,39.71775
756,146,257,295.58,1.12386
757,3031,-1011,3195.17,12.14892
758,-910,-1101,1428.39,5.43114
759,-2166,-1064,2413.22,9.17576
760,-1297,-824,1536.61,5.84264
761,-964,-208,986.18,3.74975
762,-500,157,524.07,1.99266
763,-816,272,860.14,3.27049
764,-1197,591,1334.95,5.07585
765,-740,498,891.97,3.39151
766,-443,-177,477.05,1.81388
767,-773,-946,1221.66,4.64508
768,-1163,-895,1467.51,5.57990
769,-1677,778,1848.68,7.02920
770,-1236,2055,2398.07,9.11812
771,-364,1088,1147.28,4.36226
772,193,204,280.83,1.06779
773,-471,1505,1576.98,5.99612
774,-1217,2385,2677.56,10.18083
775,-1103,439,1187.15,4.51389
776,-565,-1707,1798.08,6.83679
777,38,-2027,2027.36,7.70858
778,-110,-659,668.12,2.54037
779,-817,655,1047.15,3.98154
780,-2101,857,2269.06,8.62762
781,-3220,406,3245.49,12.34028
782,-1964,585,2049.27,7.79191
783,-645,1240,1397.72,5.31453
784,351,1606,1643.91,6.25060
785,846,1523,1742.20,6.62432
786,120,1540,1544.67,5.87326
787,-2423,2404,3413.23,12.97806
788,-5138,2423,5680.67,21.59949
789,-4417,1036,4536.87,17.25045
790,-905,-224,932.31,3.54490
791,589,-310,665.60,2.53079
792,666,-56,668.35,2.54126
793,826,-107,832.90,3.16693
794,425,-43,427.17,1.62422
795,-1,500,500.00,1.90114
796,-100,683,690.28,2.62465
797,-102,911,916.69,3.48552
798,-7,1014,1014.02,3.85561
799,-27,959,959.38,3.64783
800,296,949,994.09,3.77981
801,743,410,848.62,3.22668
802,838,-505,978.40,3.72016
803,340,-747,820.74,3.12067
804,83,-635,640.40,2.43499
805,-253,-380,456.52,1.73581
806,-456,-370,587.23,2.23280
807,-465,-238,522.37,1.98619
808,-553,-287,623.04,2.36897
809,-652,-332,731.66,2.78198
810,109,24,111.61,0.42438
811,419,174,453.69,1.72507
812,144,-46,151.17,0.57479
813,-487,-337,592.23,2.25183
814,-561,-519,764.25,2.90590
815,-387,-307,493.98,1.87826
816,-375,278,466.81,1.77493
817,-686,565,888.72,3.37916
818,-1058,-97,1062.44,4.03969
819,-1148,-670,1329.21,5.05404
820,-585,-419,719.57,2.73602
821,-44,299,302.22,1.14913
822,-102,644,652.03,2.47919
823,-285,24,286.01,1.08749
824,-594,-574,826.02,3.14077
825,-948,-632,1139.35,4.33215
826,-783,-604,988.89,3.76004
827,-438,-622,760.74,2.89255
828,-27,-330,331.10,1.25895
829,280,129,308.29,1.17219
830,112,570,580.90,2.20874
831,-370,318,487.88,1.85505
832,-363,-81,371.93,1.41417
833,-325,-547,636.27,2.41926
834,-499,-624,798.98,3.03797
835,-743,76,746.88,2.83984
836,-815,504,958.25,3.64353
837,-644,229,683.50,2.59887
838,-127,-35,131.73,0.50089
839,-209,42,213.18,0.81056
840,-220,117,249.18,0.94744
841,-574,-30,574.78,2.18549
842,-467,-382,603.33,2.29405
843,-145,-94,172.80,0.65705
844,74,87,114.21,0.43428
845,242,-117,268.80,1.02205
846,-107,-433,446.02,1.69591
847,-244,-510,565.36,2.14967
848,-348,-461,577.60,2.19621
# END
# FRAME,80,RX_TS,507285281834,FP_INDEX,750.5000,FP_INT,750,RXPACC,265,RXPWR,-68.34,STD_NOISE,144.00,NTM,13,NOISE_THRESH,1872.00,PEAK_IDX,752,PEAK_AMPL,18060,START,700,elapsed_s,8.1871
sample,real,imag,amplitude,amplitude_norm
700,146,190,239.62,0.90421
701,-143,49,151.16,0.57042
702,-89,-80,119.67,0.45159
703,454,180,488.38,1.84295
704,921,527,1061.12,4.00422
705,958,503,1082.02,4.08310
706,568,380,683.39,2.57884
707,-343,-92,355.12,1.34009
708,-627,-108,636.23,2.40088
709,-234,56,240.61,0.90795
710,-10,411,411.12,1.55140
711,200,166,259.92,0.98081
712,330,-43,332.79,1.25581
713,330,119,350.80,1.32378
714,360,68,366.37,1.38251
715,2,178,178.01,0.67174
716,-164,87,185.65,0.70056
717,-64,3,64.07,0.24177
718,64,125,140.43,0.52993
719,690,272,741.68,2.79878
720,800,540,965.19,3.64224
721,785,361,864.03,3.26049
722,468,236,524.14,1.97788
723,-448,-129,466.20,1.75926
724,-698,-203,726.92,2.74310
725,-136,163,212.29,0.80108
726,132,311,337.85,1.27492
727,387,403,558.73,2.10841
728,729,330,800.21,3.01967
729,883,141,894.19,3.37429
730,579,31,579.83,2.18804
731,-465,62,469.12,1.77025
732,-624,-164,645.19,2.43468
733,-134,-185,228.43,0.86201
734,-124,-168,208.81,0.78795
735,-609,-439,750.73,2.83296
736,-930,-551,1080.97,4.07914
737,-970,-429,1060.63,4.00239
738,-723,-200,750.15,2.83076
739,213,258,334.56,1.26251
740,315,191,368.38,1.39012
741,-255,-117,280.56,1.05872
742,-692,-14,692.14,2.61186
743,-934,-138,944.14,3.56279
744,-955,-192,974.11,3.67588
745,-877,-440,981.19,3.70259
746,-715,-142,728.96,2.75081
747,25,313,314.00,1.18489
748,255,101,274.27,1.03499
749,64,-538,541.79,2.04450
750,1483,-3867,4141.62,15.62874
751,5630,-12796,13979.79,52.75392
752,6664,-16373,17677.22,66.70649
753,5841,-16511,17513.72,66.08952
754,3566,-11378,11923.73,44.99519
755,-2042,7378,7655.37,28.88818
756,-2973,11615,11989.45,45.24322
757,48,1672,1672.69,6.31203
758,786,-3295,3387.45,12.78283
759,-1124,-177,1137.85,4.29378
760,-2009,1533,2527.09,9.53618
761,-1492,897,1740.88,6.56937
762,-775,727,1062.62,4.00987
763,-180,674,697.62,2.63253
764,-171,792,810.25,3.05755
765,-135,1327,1333.85,5.03339
766,99,1038,1042.71,3.93476
767,-258,531,590.36,2.22777
768,-1076,257,1106.27,4.17459
769,-1393,546,1496.18,5.64598
770,-355,1593,1632.08,6.15878
771,1070,2240,2482.44,9.36769
772,1077,1297,1685.86,6.36175
773,291,243,379.12,1.43063
774,914,889,1275.04,4.81146
775,1656,2249,2792.91,10.53928
776,284,1443,1470.68,5.54974
777,-1611,5,1611.01,6.07927
778,-1952,-941,2166.98,8.17727
779,-798,-358,874.62,3.30047
780,167,792,809.42,3.05440
781,-85,1952,1953.85,7.37302
782,-1030,3005,3176.62,11.98725
783,-723,2325,2434.82,9.18800
784,564,1407,1515.83,5.72012
785,1399,588,1517.55,5.72659
786,1787,16,1787.07,6.74367
787,1492,372,1537.68,5.80255
788,1190,2732,2979.92,11.24498
789,12,5315,5315.01,20.05666
790,-1056,4892,5004.68,18.88558
791,-756,1284,1490.03,5.62276
792,-83,-506,512.76,1.93495
793,191,-530,563.37,2.12591
794,272,-730,779.03,2.93973
795,219,-523,567.00,2.13963
796,404,198,449.91,1.69778
797,505,404,646.72,2.44044
798,637,559,847.50,3.19810
799,863,441,969.15,3.65717
800,780,583,973.80,3.67472
801,941,309,990.44,3.73749
802,866,-225,894.75,3.37642
803,114,-836,843.74,3.18391
804,-483,-680,834.08,3.14747
805,-546,-511,747.82,2.82197
806,-458,-64,462.45,1.74509
807,-617,134,631.38,2.38258
808,-424,257,495.81,1.87097
809,-411,405,577.01,2.17741
810,-675,456,814.59,3.07393
811,-175,84,194.12,0.73251
812,415,-332,531.46,2.00551
813,142,-201,246.10,0.92868
814,-416,137,437.98,1.65275
815,-675,330,751.35,2.83528
816,-404,205,453.04,1.70957
817,-37,474,475.44,1.79412
818,195,824,846.76,3.19532
819,-480,930,1046.57,3.94930
820,-1080,714,1294.68,4.88558
821,-746,407,849.80,3.20680
822,140,256,291.78,1.10106
823,651,405,766.70,2.89320
824,-39,336,338.26,1.27644
825,-695,282,750.03,2.83031
826,-943,565,1099.31,4.14832
827,-834,662,1064.80,4.01811
828,-805,280,852.31,3.21625
829,-378,-24,378.76,1.42929
830,199,-180,268.33,1.01257
831,590,120,602.08,2.27200
832,228,520,567.79,2.14260
833,-303,384,489.15,1.84584
834,-600,86,606.13,2.28729
835,-751,151,766.03,2.89068
836,-363,638,734.04,2.76996
837,53,1060,1061.32,4.00500
838,-86,812,816.54,3.08129
839,-152,173,230.29,0.86901
840,-80,188,204.31,0.77099
841,33,291,292.87,1.10515
842,-259,477,542.78,2.04823
843,-568,331,657.41,2.48078
844,-314,134,341.40,1.28829
845,62,18,64.56,0.24362
846,10,-170,170.29,0.64262
847,-343,-157,377.22,1.42349
848,-535,1,535.00,2.01887
849,-514,65,518.09,1.95507
# END
# FRAME,81,RX_TS,513675076231,FP_INDEX,752.7031,FP_INT,752,RXPACC,272,RXPWR,-68.33,STD_NOISE,164.00,NTM,13,NOISE_THRESH,2132.00,PEAK_IDX,755,PEAK_AMPL,18608,START,702,elapsed_s,8.2820
sample,real,imag,amplitude,amplitude_norm
702,-152,-15,152.74,0.56154
703,80,-166,184.27,0.67747
704,230,-20,230.87,0.84878
705,-251,70,260.58,0.95801
706,-916,166,930.92,3.42250
707,-940,350,1003.05,3.68767
708,-747,243,785.53,2.88798
709,228,74,239.71,0.88128
710,629,-326,708.46,2.60464
711,394,-201,442.31,1.62613
712,-135,-317,344.55,1.26672
713,-219,-14,219.45,0.80679
714,-143,334,363.32,1.33575
715,-247,227,335.47,1.23333
716,-230,211,312.12,1.14751
717,-135,-16,135.94,0.49980
718,17,-185,185.78,0.68301
719,100,3,100.04,0.36781
720,-11,-26,28.23,0.10379
721,-473,310,565.53,2.07917
722,-833,131,843.24,3.10014
723,-816,259,856.12,3.14749
724,-659,239,701.00,2.57721
725,293,-65,300.12,1.10339
726,811,-276,856.68,3.14955
727,227,-131,262.09,0.96356
728,-254,-64,261.94,0.96301
729,-365,-6,365.05,1.34209
730,-591,291,658.76,2.42190
731,-644,473,799.04,2.93765
732,-438,524,682.95,2.51084
733,159,-278,320.26,1.17742
734,620,-350,711.97,2.61753
735,316,19,316.57,1.16386
736,328,110,345.95,1.27189
737,764,-36,764.85,2.81194
738,1181,-181,1194.79,4.39261
739,1048,-288,1086.85,3.99578
740,973,-342,1031.35,3.79175
741,73,-19,75.43,0.27732
742,-339,134,364.52,1.34016
743,190,34,193.02,0.70963
744,520,-389,649.40,2.38750
745,795,-561,973.01,3.57724
746,875,-606,1064.36,3.91309
747,1011,-362,1073.86,3.94800
748,875,-373,951.19,3.49701
749,-26,-290,291.16,1.07045
750,-287,60,293.20,1.07796
751,269,310,410.44,1.50897
752,1326,2589,2908.81,10.69417
753,4416,11649,12457.94,45.80125
754,7730,16483,18205.55,66.93218
755,8961,16418,18704.28,68.76575
756,7659,14070,16019.53,58.89531
757,-1666,-3059,3483.25,12.80607
758,-6669,-11818,13569.84,49.88913
759,-2395,-3261,4046.00,14.87501
760,1639,2926,3353.77,12.33005
761,1327,257,1351.66,4.96933
762,431,-2450,2487.62,9.14567
763,492,-1942,2003.35,7.36527
764,245,-1146,1171.90,4.30844
765,-263,-694,742.16,2.72854
766,-287,-558,627.48,2.30692
767,-739,-1046,1280.72,4.70852
768,-758,-765,1076.94,3.95932
769,-416,-529,672.98,2.47418
770,567,-772,957.85,3.52150
771,797,-1377,1591.02,5.84933
772,-397,-1415,1469.64,5.40308
773,-2222,-1077,2469.25,9.07814
774,-2024,-112,2027.10,7.45256
775,-512,108,523.27,1.92377
776,-900,107,906.34,3.33213
777,-2715,-361,2738.90,10.06947
778,-1679,-809,1863.74,6.85198
779,795,-1109,1364.52,5.01661
780,2194,-821,2342.58,8.61242
781,1340,-354,1385.97,5.09548
782,-371,-390,538.28,1.97896
783,-1213,-1113,1646.25,6.05239
784,-1349,-2637,2962.02,10.88978
785,-1168,-2582,2833.89,10.41872
786,-1282,-870,1549.33,5.69607
787,-1328,386,1382.96,5.08441
788,-1295,1224,1781.91,6.55114
789,-1162,997,1531.10,5.62903
790,-2355,-392,2387.40,8.77721
791,-3808,-3307,5043.52,18.54236
792,-3036,-4474,5406.84,19.87811
793,-578,-2114,2191.59,8.05733
794,553,121,566.08,2.08119
795,400,568,694.71,2.55409
796,330,700,773.89,2.84517
797,447,673,807.92,2.97030
798,-153,243,287.15,1.05572
799,-498,183,530.56,1.95059
800,-774,150,788.40,2.89853
801,-849,334,912.34,3.35418
802,-921,194,941.21,3.46033
803,-863,410,955.44,3.51265
804,-566,795,975.90,3.58787
805,493,805,943.97,3.47047
806,902,219,928.21,3.41252
807,873,-111,880.03,3.23540
808,429,-273,508.50,1.86948
809,328,-528,621.59,2.28524
810,228,-415,473.51,1.74084
811,32,-583,583.88,2.14661
812,226,-807,838.05,3.08106
813,158,-268,311.11,1.14378
814,11,465,465.13,1.71004
815,98,279,295.71,1.08717
816,210,-336,396.23,1.45672
817,372,-876,951.71,3.49895
818,377,-562,676.74,2.48800
819,-117,-361,379.49,1.39517
820,-596,-370,701.51,2.57908
821,-378,-933,1006.66,3.70097
822,269,-1256,1284.48,4.72236
823,402,-966,1046.31,3.84672
824,-71,-209,220.73,0.81151
825,-650,157,668.69,2.45843
826,-296,-186,349.59,1.28525
827,301,-617,686.51,2.52392
828,495,-1066,1175.32,4.32104
829,247,-1150,1176.23,4.32436
830,454,-868,979.56,3.60133
831,359,-452,577.22,2.12214
832,209,140,251.56,0.92484
833,-319,440,543.47,1.99806
834,-493,-113,505.78,1.85950
835,-134,-422,442.76,1.62781
836,329,-428,539.84,1.98470
837,567,-582,812.53,2.98726
838,135,-728,740.41,2.72210
839,-603,-692,917.86,3.37450
840,-573,-772,961.41,3.53460
841,-26,-375,375.90,1.38199
842,117,-200,231.71,0.85187
843,-124,-173,212.85,0.78254
844,-128,-404,423.79,1.55806
845,176,-652,675.34,2.48286
846,299,-394,494.61,1.81841
847,34,6,34.53,0.12693
848,74,206,218.89,0.80474
849,423,-2,423.00,1.55516
850,466,-295,551.53,2.02767
851,464,-426,629.90,2.31580
# END
# FRAME,82,RX_TS,520064870596,FP_INDEX,753.6562,FP_INT,753,RXPACC,261,RXPWR,-68.51,STD_NOISE,140.00,NTM,13,NOISE_THRESH,1820.00,PEAK_IDX,755,PEAK_AMPL,17360,START,703,elapsed_s,8.3894
sample,real,imag,amplitude,amplitude_norm
703,151,-176,231.90,0.88850
704,140,147,203.00,0.77778
705,-113,181,213.38,0.81754
706,107,-249,271.02,1.03838
707,466,-834,955.36,3.66038
708,389,-885,966.72,3.70390
709,257,-494,556.85,2.13354
710,-74,471,476.78,1.82673
711,-8,745,745.04,2.85457
712,52,324,328.15,1.25727
713,396,65,401.30,1.53754
714,225,-51,230.71,0.88394
715,-101,-210,233.03,0.89282
716,11,-199,199.30,0.76362
717,65,-210,219.83,0.84226
718,169,-27,171.14,0.65572
719,104,160,190.83,0.73115
720,130,102,165.24,0.63310
721,269,32,270.90,1.03792
722,125,-574,587.45,2.25078
723,429,-800,907.77,3.47803
724,366,-784,865.22,3.31503
725,205,-385,436.18,1.67117
726,-58,613,615.74,2.35915
727,-93,813,818.30,3.13526
728,201,156,254.43,0.97485
729,316,-117,336.96,1.29105
730,291,-299,417.23,1.59859
731,197,-617,647.69,2.48156
732,102,-733,740.06,2.83549
733,-49,-350,353.41,1.35407
734,99,530,539.17,2.06577
735,-72,664,667.89,2.55897
736,-106,314,331.41,1.26977
737,-180,201,269.82,1.03378
738,-209,685,716.17,2.74396
739,-422,1030,1113.10,4.26474
740,-287,1016,1055.76,4.04505
741,-100,784,790.35,3.02817
742,183,-209,277.79,1.06435
743,168,-393,427.40,1.63756
744,-8,248,248.13,0.95069
745,90,702,707.75,2.71167
746,-15,891,891.13,3.41428
747,33,1025,1025.53,3.92924
748,-242,1053,1080.45,4.13966
749,-69,701,704.39,2.69880
750,248,-145,287.28,1.10068
751,149,-362,391.47,1.49987
752,-343,56,347.54,1.33158
753,-2873,-449,2907.87,11.14128
754,-11588,-3195,12020.39,46.05513
755,-16349,-3939,16816.82,64.43227
756,-16482,-3028,16757.84,64.20628
757,-11118,-1589,11230.98,43.03057
758,8265,1311,8368.33,32.06257
759,13425,1632,13523.83,51.81545
760,2605,-27,2605.14,9.98138
761,-3521,-374,3540.81,13.56631
762,-723,957,1199.41,4.59543
763,1831,1758,2538.33,9.72541
764,1404,1585,2117.41,8.11270
765,787,775,1104.53,4.23193
766,502,57,505.23,1.93573
767,850,105,856.46,3.28146
768,1482,8,1482.02,5.67824
769,986,-270,1022.30,3.91686
770,594,40,595.35,2.28102
771,334,927,985.33,3.77523
772,727,1360,1542.12,5.90850
773,1677,263,1697.50,6.50382
774,2003,-1321,2399.39,9.19305
775,1014,-1432,1754.66,6.72282
776,-9,-442,442.09,1.69384
777,545,-879,1034.25,3.96263
778,2015,-1970,2818.00,10.79694
779,1642,-741,1801.46,6.90213
780,421,1472,1531.02,5.86598
781,-771,2340,2463.75,9.43964
782,-356,966,1029.51,3.94449
783,708,-155,724.77,2.77689
784,1959,-263,1976.58,7.57309
785,3133,587,3187.52,12.21270
786,2636,555,2693.79,10.32105
787,1485,-571,1591.00,6.09577
788,597,-1291,1422.35,5.44963
789,-282,-1459,1486.00,5.69350
790,-171,-1208,1220.04,4.67449
791,1879,-1550,2435.80,9.33258
792,5211,-884,5285.45,20.25076
793,5364,352,5375.54,20.59593
794,1918,707,2044.16,7.83201
795,-369,275,460.20,1.76323
796,-634,2,634.00,2.42913
797,-734,-24,734.39,2.81376
798,-446,28,446.88,1.71218
799,45,-354,356.85,1.36724
800,265,-533,595.24,2.28062
801,567,-610,832.82,3.19088
802,361,-787,865.85,3.31742
803,486,-798,934.34,3.57986
804,241,-857,890.24,3.41089
805,-300,-701,762.50,2.92144
806,-669,195,696.84,2.66989
807,-523,736,902.90,3.45938
808,-372,759,845.26,3.23855
809,8,446,446.07,1.70909
810,353,502,613.69,2.35130
811,267,382,466.06,1.78567
812,467,477,667.55,2.55765
813,685,651,945.00,3.62069
814,152,148,212.15,0.81284
815,-299,-244,385.92,1.47863
816,-213,8,213.15,0.81667
817,191,420,461.39,1.76778
818,381,702,798.73,3.06026
819,281,536,605.19,2.31874
820,413,78,420.30,1.61035
821,760,-270,806.54,3.09018
822,1015,392,1088.07,4.16884
823,749,1012,1259.03,4.82385
824,372,857,934.26,3.57952
825,114,17,115.26,0.44161
826,262,-616,669.40,2.56476
827,349,-136,374.56,1.43510
828,376,622,726.81,2.78473
829,771,974,1242.22,4.75947
830,733,713,1022.57,3.91791
831,311,837,892.91,3.42111
832,126,542,556.45,2.13200
833,-224,40,227.54,0.87181
834,-119,-444,459.67,1.76119
835,437,-317,539.87,2.06846
836,496,146,517.04,1.98100
837,236,658,699.04,2.67832
838,196,839,861.59,3.30111
839,589,439,734.60,2.81457
840,1123,-166,1135.20,4.34944
841,1011,-8,1011.03,3.87368
842,349,147,378.70,1.45094
843,216,114,244.24,0.93578
844,335,37,337.04,1.29133
845,546,228,591.69,2.26702
846,406,695,804.90,3.08390
847,129,476,493.17,1.88954
848,-3,-34,34.13,0.13077
849,-90,-125,154.03,0.59015
850,-81,345,354.38,1.35778
851,39,603,604.26,2.31517
852,121,631,642.50,2.46167
# END
# FRAME,83,RX_TS,526454664941,FP_INDEX,746.5469,FP_INT,746,RXPACC,267,RXPWR,-68.35,STD_NOISE,128.00,NTM,13,NOISE_THRESH,1664.00,PEAK_IDX,749,PEAK_AMPL,18178,START,696,elapsed_s,8.4838
sample,real,imag,amplitude,amplitude_norm
696,16,177,177.72,0.66562
697,-111,-85,139.81,0.52362
698,-30,-124,127.58,0.47782
699,59,540,543.21,2.03451
700,128,996,1004.19,3.76102
701,222,1028,1051.70,3.93894
702,120,717,726.97,2.72274
703,21,-336,336.66,1.26088
704,-289,-630,693.12,2.59597
705,-128,-227,260.60,0.97603
706,-282,222,358.90,1.34419
707,22,256,256.94,0.96234
708,342,235,414.96,1.55414
709,274,262,379.10,1.41987
710,148,265,303.53,1.13681
711,-138,173,221.30,0.82883
712,-119,25,121.60,0.45542
713,9,-46,46.87,0.17555
714,-7,85,85.29,0.31943
715,242,572,621.09,2.32617
716,61,929,931.00,3.48689
717,162,864,879.06,3.29235
718,151,619,637.15,2.38634
719,-98,-298,313.70,1.17491
720,-222,-649,685.92,2.56899
721,-190,-41,194.37,0.72799
722,-189,356,403.06,1.50959
723,-97,536,544.71,2.04010
724,194,732,757.27,2.83622
725,421,747,857.47,3.21149
726,358,471,591.61,2.21578
727,-385,-144,411.05,1.53951
728,-254,-535,592.23,2.21810
729,107,-248,270.10,1.01160
730,76,-282,292.06,1.09386
731,13,-769,769.11,2.88056
732,-114,-1106,1111.86,4.16427
733,-213,-1039,1060.61,3.97232
734,-232,-778,811.85,3.04065
735,-9,147,147.28,0.55159
736,114,378,394.82,1.47871
737,-30,-219,221.05,0.82788
738,-319,-578,660.19,2.47261
739,-485,-874,999.55,3.74363
740,-517,-850,994.88,3.72615
741,-276,-1014,1050.89,3.93592
742,-300,-711,771.70,2.89026
743,-225,171,282.61,1.05845
744,114,262,285.73,1.07014
745,446,-325,551.85,2.06686
746,3549,-1218,3752.19,14.05314
747,12894,-3793,13440.32,50.33826
748,16452,-6250,17599.17,65.91450
749,16381,-7214,17899.13,67.03795
750,12349,-5376,13468.45,50.44364
751,-5848,2615,6406.04,23.99265
752,-11366,5378,12574.13,47.09414
753,-1903,1434,2382.81,8.92437
754,3053,-1432,3372.16,12.62980
755,-258,-1062,1092.89,4.09322
756,-2418,-502,2469.56,9.24929
757,-1718,-595,1818.12,6.80943
758,-1049,-253,1079.08,4.04149
759,-543,212,582.92,2.18321
760,-617,352,710.35,2.66048
761,-1102,804,1364.12,5.10906
762,-721,752,1041.80,3.90187
763,-491,136,509.49,1.90819
764,-804,-696,1063.41,3.98279
765,-1333,-742,1525.60,5.71385
766,-1427,631,1560.29,5.84377
767,-972,2250,2450.98,9.17969
768,-115,1746,1749.78,6.55349
769,133,429,449.14,1.68219
770,-147,1258,1266.56,4.74367
771,-722,2768,2860.61,10.71391
772,-951,1280,1594.62,5.97235
773,-1009,-1221,1583.96,5.93243
774,-583,-2196,2272.07,8.50963
775,-247,-956,987.39,3.69810
776,-547,610,819.33,3.06867
777,-1510,1184,1918.84,7.18668
778,-2923,1080,3116.14,11.67094
779,-2331,959,2520.56,9.44031
780,-793,1350,1565.68,5.86396
781,438,1499,1561.68,5.84899
782,1119,1424,1811.06,6.78300
783,792,1329,1547.10,5.79437
784,-1011,2538,2731.95,10.23203
785,-4036,3479,5328.48,19.95687
786,-4530,2398,5125.55,19.19683
787,-1613,244,1631.35,6.10993
788,327,-455,560.32,2.09856
789,566,-287,634.61,2.37680
790,712,-310,776.56,2.90846
791,541,-301,619.10,2.31872
792,107,310,327.95,1.22826
793,29,626,626.67,2.34708
794,-44,882,883.10,3.30748
795,256,985,1017.72,3.81170
796,139,984,993.77,3.72198
797,373,911,984.40,3.68690
798,735,552,919.20,3.44270
799,700,-462,838.72,3.14126
800,199,-820,843.80,3.16031
801,-47,-700,701.58,2.62763
802,-236,-316,394.40,1.47716
803,-475,-230,527.75,1.97661
804,-404,-168,437.54,1.63872
805,-540,-81,546.04,2.04510
806,-818,-238,851.92,3.19071
807,-168,-98,194.49,0.72844
808,480,96,489.51,1.83336
809,257,-46,261.08,0.97784
810,-416,-234,477.30,1.78763
811,-781,-371,864.64,3.23835
812,-479,-323,577.73,2.16378
813,-355,195,405.03,1.51697
814,-498,614,790.57,2.96093
815,-988,244,1017.68,3.81155
816,-1215,-392,1276.67,4.78154
817,-784,-342,855.35,3.20355
818,-76,178,193.55,0.72489
819,183,746,768.12,2.87685
820,-172,275,324.36,1.21483
821,-604,-320,683.53,2.56004
822,-1046,-406,1122.03,4.20236
823,-1094,-205,1113.04,4.16869
824,-743,-448,867.61,3.24949
825,-265,-311,408.59,1.53030
826,236,-24,237.22,0.88845
827,373,452,586.03,2.19487
828,-166,555,579.29,2.16964
829,-421,126,439.45,1.64588
830,-437,-365,569.38,2.13251
831,-626,-587,858.16,3.21410
832,-775,-14,775.13,2.90310
833,-831,644,1051.33,3.93757
834,-741,449,866.42,3.24502
835,-231,-30,232.94,0.87243
836,-152,-13,152.55,0.57137
837,-139,203,246.03,0.92145
838,-486,91,494.45,1.85186
839,-649,-270,702.92,2.63267
840,-317,-209,379.70,1.42209
841,68,90,112.80,0.42247
842,239,-27,240.52,0.90082
843,-58,-394,398.25,1.49156
844,-357,-428,557.34,2.08743
845,-413,-439,602.74,2.25744
# END
# FRAME,84,RX_TS,532844459266,FP_INDEX,753.7812,FP_INT,753,RXPACC,306,RXPWR,-69.47,STD_NOISE,172.00,NTM,13,NOISE_THRESH,2236.00,PEAK_IDX,756,PEAK_AMPL,20223,START,703,elapsed_s,8.5780
sample,real,imag,amplitude,amplitude_norm
703,290,-23,290.91,0.95069
704,18,175,175.92,0.57491
705,-195,149,245.41,0.80199
706,273,-169,321.08,1.04927
707,995,-567,1145.21,3.74253
708,866,-686,1104.79,3.61041
709,789,-495,931.42,3.04386
710,-167,186,249.97,0.81690
711,-486,630,795.67,2.60024
712,-234,327,402.10,1.31405
713,251,311,399.65,1.30605
714,264,7,264.09,0.86305
715,107,-342,358.35,1.17107
716,189,-294,349.51,1.14219
717,250,-286,379.86,1.24138
718,262,19,262.69,0.85846
719,138,221,260.55,0.85146
720,-8,166,166.19,0.54311
721,72,144,161.00,0.52613
722,429,-452,623.17,2.03651
723,966,-492,1084.08,3.54273
724,837,-522,986.43,3.22364
725,571,-403,698.89,2.28396
726,-232,226,323.88,1.05844
727,-613,612,866.21,2.83074
728,-36,282,284.29,0.92905
729,377,66,382.73,1.25076
730,520,-27,520.70,1.70164
731,650,-431,779.91,2.54873
732,643,-741,981.09,3.20616
733,439,-736,856.98,2.80059
734,26,360,360.94,1.17953
735,-476,676,826.77,2.70187
736,-330,154,364.16,1.19008
737,-332,70,339.30,1.10882
738,-663,361,754.91,2.46703
739,-1061,720,1282.23,4.19030
740,-935,820,1243.63,4.06416
741,-728,763,1054.59,3.44636
742,152,115,190.60,0.62288
743,472,-275,546.27,1.78519
744,-145,52,154.04,0.50341
745,-307,613,685.58,2.24045
746,-480,927,1043.90,3.41144
747,-523,1038,1162.31,3.79841
748,-893,837,1223.94,3.99979
749,-733,847,1120.13,3.66057
750,249,352,431.17,1.40904
751,354,-118,373.15,1.21944
752,-368,-163,402.48,1.31531
753,-2265,-1944,2984.86,9.75443
754,-9150,-10046,13588.40,44.40653
755,-15192,-15130,21440.94,70.06842
756,-16463,-14840,22164.29,72.43233
757,-13898,-11836,18255.01,59.65689
758,2632,2243,3458.10,11.30099
759,11869,9586,15256.62,49.85825
760,4028,2525,4753.99,15.53591
761,-2782,-2300,3609.64,11.79622
762,-1460,236,1478.95,4.83317
763,590,2782,2843.87,9.29371
764,352,2357,2383.14,7.78804
765,223,1428,1445.31,4.72323
766,616,730,955.17,3.12148
767,598,539,805.06,2.63092
768,1262,764,1475.24,4.82105
769,1196,461,1281.77,4.18879
770,677,483,831.64,2.71776
771,-118,1116,1122.22,3.66739
772,-122,1838,1842.04,6.01975
773,1021,1335,1680.67,5.49240
774,2710,157,2714.54,8.87106
775,2146,-754,2274.61,7.43335
776,562,-326,649.71,2.12323
777,970,-427,1059.82,3.46348
778,3085,-604,3143.57,10.27311
779,2217,132,2220.93,7.25793
780,-327,1576,1609.57,5.26002
781,-1869,1926,2683.77,8.77050
782,-1139,974,1498.67,4.89760
783,640,328,719.16,2.35018
784,1880,727,2015.67,6.58716
785,2596,2337,3492.96,11.41491
786,2371,2286,3293.54,10.76322
787,1883,408,1926.69,6.29639
788,1500,-922,1760.71,5.75394
789,1083,-1752,2059.71,6.73107
790,899,-1537,1780.61,5.81899
791,2600,-579,2663.69,8.70487
792,5344,1977,5697.97,18.62082
793,5243,3612,6366.76,20.80639
794,1714,2019,2648.43,8.65498
795,-468,80,474.79,1.55160
796,-610,-378,717.62,2.34518
797,-623,-524,814.07,2.66035
798,-651,-481,809.42,2.64517
799,150,-317,350.70,1.14607
800,592,-224,632.96,2.06850
801,858,-331,919.63,3.00534
802,761,-628,986.66,3.22439
803,878,-570,1046.80,3.42091
804,821,-754,1114.70,3.64281
805,374,-995,1062.97,3.47375
806,-643,-581,866.61,2.83205
807,-965,174,980.56,3.20445
808,-852,483,979.38,3.20060
809,-349,467,583.00,1.90523
810,-33,616,616.88,2.01596
811,62,559,562.43,1.83800
812,256,670,717.24,2.34393
813,240,986,1014.79,3.31630
814,197,484,522.56,1.70770
815,-77,-348,356.42,1.16476
816,-128,-135,186.03,0.60796
817,17,458,458.32,1.49776
818,135,1005,1014.03,3.31381
819,-18,718,718.23,2.34714
820,326,389,507.54,1.65863
821,840,202,863.95,2.82336
822,864,828,1196.70,3.91077
823,260,1513,1535.18,5.01692
824,11,1200,1200.05,3.92173
825,163,223,276.22,0.90268
826,727,-430,844.65,2.76029
827,491,82,497.80,1.62680
828,86,819,823.50,2.69119
829,99,1324,1327.70,4.33888
830,411,1347,1408.31,4.60231
831,-9,1199,1199.03,3.91841
832,-179,576,603.17,1.97115
833,-232,-89,248.49,0.81204
834,167,-550,574.79,1.87841
835,657,-111,666.31,2.17749
836,351,428,553.52,1.80889
837,-150,644,661.24,2.16091
838,-261,925,961.12,3.14091
839,268,903,941.93,3.07820
840,1032,585,1186.28,3.87672
841,960,600,1132.08,3.69960
842,227,399,459.05,1.50017
843,59,297,302.80,0.98955
844,264,205,334.25,1.09231
845,395,398,560.74,1.83248
846,93,788,793.47,2.59304
847,-158,577,598.24,1.95504
848,14,76,77.28,0.25254
849,-47,-98,108.69,0.35519
850,-395,274,480.73,1.57101
851,-274,649,704.47,2.30219
852,-267,757,802.71,2.62322
# END
# FRAME,85,RX_TS,539234253556,FP_INDEX,753.7812,FP_INT,753,RXPACC,265,RXPWR,-68.22,STD_NOISE,148.00,NTM,13,NOISE_THRESH,1924.00,PEAK_IDX,756,PEAK_AMPL,18075,START,703,elapsed_s,8.6770
sample,real,imag,amplitude,amplitude_norm
703,122,-133,180.48,0.68106
704,87,147,170.82,0.64459
705,-39,181,185.15,0.69869
706,125,-241,271.49,1.02448
707,559,-733,921.83,3.47860
708,497,-871,1002.82,3.78423
709,456,-734,864.11,3.26081
710,-80,94,123.43,0.46579
711,-213,727,757.56,2.85872
712,-109,436,449.42,1.69592
713,360,136,384.83,1.45220
714,261,-119,286.85,1.08245
715,-58,-264,270.30,1.01999
716,-9,-242,242.17,0.91384
717,70,-308,315.85,1.19190
718,140,-105,175.00,0.66038
719,165,150,222.99,0.84148
720,31,176,178.71,0.67437
721,100,116,153.15,0.57794
722,113,-507,519.44,1.96015
723,534,-732,906.08,3.41917
724,478,-725,868.39,3.27696
725,353,-619,712.58,2.68898
726,-66,249,257.60,0.97207
727,-224,773,804.80,3.03699
728,1,278,278.00,1.04906
729,270,-81,281.89,1.06373
730,380,-167,415.08,1.56633
731,346,-537,638.82,2.41062
732,218,-777,807.00,3.04529
733,38,-644,645.12,2.43442
734,128,291,317.91,1.19965
735,-88,751,756.14,2.85335
736,-177,329,373.59,1.40978
737,-175,144,226.63,0.85521
738,-385,578,694.48,2.62070
739,-653,904,1115.18,4.20822
740,-493,953,1072.97,4.04893
741,-302,914,962.60,3.63246
742,138,111,177.10,0.66831
743,250,-335,418.00,1.57736
744,-88,173,194.10,0.73244
745,-65,702,705.00,2.66039
746,-121,942,949.74,3.58392
747,-88,1050,1053.68,3.97616
748,-384,1018,1088.02,4.10572
749,-256,951,984.85,3.71643
750,217,222,310.44,1.17147
751,191,-255,318.60,1.20226
752,-318,-67,324.98,1.22635
753,-2387,-717,2492.36,9.40513
754,-10521,-4678,11514.13,43.44954
755,-16151,-6763,17509.80,66.07471
756,-16506,-6147,17613.45,66.46585
757,-14673,-4682,15401.88,58.12032
758,2398,677,2491.73,9.40277
759,12725,3530,13205.55,49.83226
760,4377,731,4437.62,16.74574
761,-2931,-806,3039.80,11.47095
762,-1163,685,1349.74,5.09335
763,1416,2012,2460.33,9.28425
764,1137,1788,2118.89,7.99583
765,655,1094,1275.09,4.81167
766,709,421,824.57,3.11160
767,649,186,675.13,2.54765
768,1220,180,1233.21,4.65361
769,1133,-67,1134.98,4.28294
770,768,168,786.16,2.96664
771,269,915,953.72,3.59895
772,486,1485,1562.50,5.89624
773,1238,738,1441.28,5.43879
774,2235,-735,2352.75,8.87832
775,1494,-1314,1989.63,7.50804
776,306,-449,543.36,2.05040
777,576,-690,898.82,3.39177
778,2187,-1545,2677.68,10.10447
779,1808,-658,1924.01,7.26043
780,316,1345,1381.62,5.21367
781,-882,2191,2361.86,8.91270
782,-649,1258,1415.54,5.34168
783,575,165,598.21,2.25738
784,1768,118,1771.93,6.68654
785,2919,995,3083.92,11.63745
786,2781,1064,2977.59,11.23620
787,1606,-280,1630.23,6.15179
788,816,-1195,1447.02,5.46047
789,202,-1700,1711.96,6.46022
790,276,-1476,1501.58,5.66635
791,1787,-1385,2260.88,8.53164
792,4839,-274,4846.75,18.28963
793,5377,1073,5483.02,20.69062
794,2119,1034,2357.82,8.89744
795,-333,287,439.61,1.65891
796,-619,-55,621.44,2.34505
797,-676,-114,685.55,2.58696
798,-658,-83,663.21,2.50270
799,-1,-234,234.00,0.88303
800,397,-432,586.71,2.21401
801,592,-553,810.11,3.05701
802,442,-806,919.24,3.46883
803,535,-819,978.26,3.69153
804,370,-838,916.05,3.45678
805,-106,-879,885.37,3.34101
806,-722,-192,747.09,2.81922
807,-689,503,853.07,3.21914
808,-458,642,788.62,2.97594
809,-106,397,410.91,1.55059
810,215,606,643.01,2.42645
811,248,488,547.40,2.06566
812,419,413,588.33,2.22011
813,495,681,841.89,3.17696
814,166,328,367.61,1.38722
815,-132,-259,290.70,1.09697
816,-127,-118,173.36,0.65418
817,177,378,417.39,1.57505
818,357,837,909.95,3.43379
819,202,636,667.31,2.51814
820,359,192,407.12,1.53629
821,752,-150,766.81,2.89364
822,939,348,1001.41,3.77891
823,720,1099,1313.85,4.95792
824,444,951,1049.54,3.96053
825,279,105,298.10,1.12492
826,340,-589,680.09,2.56637
827,402,-100,414.25,1.56321
828,299,598,668.58,2.52296
829,443,1071,1159.00,4.37360
830,736,997,1239.24,4.67636
831,390,953,1029.71,3.88571
832,133,651,664.45,2.50735
833,-201,71,213.17,0.80442
834,-55,-482,485.13,1.83067
835,484,-285,561.68,2.11954
836,487,209,529.95,1.99982
837,147,567,585.75,2.21036
838,37,767,767.89,2.89771
839,530,637,828.65,3.12700
840,1046,116,1052.41,3.97137
841,993,137,1002.41,3.78266
842,310,160,348.86,1.31644
843,158,235,283.18,1.06859
844,318,40,320.51,1.20946
845,439,187,477.17,1.80064
846,432,605,743.40,2.80530
847,160,512,536.42,2.02422
848,5,41,41.30,0.15586
849,-141,-88,166.21,0.62720
850,-197,300,358.90,1.35434
851,4,615,615.01,2.32080
852,38,689,690.05,2.60395
# END
# FRAME,86,RX_TS,545624047817,FP_INDEX,752.8750,FP_INT,752,RXPACC,289,RXPWR,-68.87,STD_NOISE,164.00,NTM,13,NOISE_THRESH,2132.00,PEAK_IDX,755,PEAK_AMPL,19619,START,702,elapsed_s,8.7809
sample,real,imag,amplitude,amplitude_norm
702,-67,-170,182.73,0.63227
703,177,113,210.00,0.72663
704,50,270,274.59,0.95014
705,-78,-247,259.02,0.89627
706,-325,-911,967.24,3.34684
707,-432,-965,1057.28,3.65842
708,-343,-611,700.69,2.42454
709,203,438,482.76,1.67043
710,567,685,889.22,3.07689
711,264,233,352.12,1.21839
712,358,-219,419.67,1.45215
713,68,-220,230.27,0.79678
714,-292,-137,322.54,1.11606
715,-207,-104,231.66,0.80158
716,-185,-262,320.73,1.10980
717,46,-128,136.01,0.47064
718,199,2,199.01,0.68862
719,246,22,246.98,0.85461
720,312,-44,315.09,1.09027
721,-279,-355,451.52,1.56234
722,-354,-903,969.91,3.35609
723,-333,-866,927.82,3.21044
724,-237,-439,498.89,1.72626
725,331,421,535.54,1.85308
726,584,732,936.42,3.24020
727,292,173,339.40,1.17440
728,154,-290,328.35,1.13617
729,78,-347,355.66,1.23065
730,-341,-480,588.80,2.03736
731,-507,-658,830.67,2.87429
732,-500,-438,664.71,2.30005
733,358,228,424.44,1.46865
734,604,598,849.95,2.94101
735,225,360,424.53,1.46896
736,20,310,310.64,1.07489
737,272,644,699.09,2.41898
738,400,1126,1194.94,4.13473
739,578,990,1146.38,3.96671
740,688,833,1080.39,3.73836
741,49,-155,162.56,0.56249
742,-244,-437,500.50,1.73185
743,111,199,227.86,0.78846
744,630,389,740.42,2.56201
745,638,758,990.76,3.42824
746,828,822,1166.73,4.03714
747,567,1002,1151.30,3.98374
748,460,733,865.38,2.99441
749,143,-124,189.27,0.65493
750,-154,-319,354.23,1.22570
751,-257,235,348.24,1.20500
752,-1979,1531,2502.08,8.65771
753,-10180,5993,11813.06,40.87565
754,-16469,11052,19833.67,68.62863
755,-16463,12605,20734.43,71.74541
756,-12309,9796,15731.28,54.43349
757,5150,-3918,6470.95,22.39084
758,12255,-9845,15719.70,54.39344
759,3399,-3208,4673.81,16.17234
760,-2875,2293,3677.43,12.72466
761,-512,1737,1810.89,6.26605
762,2609,112,2611.40,9.03600
763,2427,120,2429.96,8.40818
764,1326,98,1329.62,4.60075
765,550,-270,612.70,2.12007
766,594,-368,698.76,2.41784
767,1079,-1003,1473.18,5.09750
768,637,-938,1133.85,3.92335
769,526,-505,729.18,2.52311
770,901,417,992.82,3.43536
771,1615,584,1717.35,5.94238
772,1589,-758,1760.54,6.09182
773,645,-2514,2595.42,8.98070
774,-452,-2052,2101.19,7.27056
775,-399,-321,512.10,1.77196
776,-286,-678,735.85,2.54621
777,48,-2772,2772.42,9.59313
778,487,-2103,2158.65,7.46938
779,1380,567,1491.94,5.16243
780,1463,2413,2821.87,9.76425
781,684,1372,1533.05,5.30467
782,412,-479,631.81,2.18620
783,1076,-1625,1948.95,6.74377
784,2488,-1913,3138.43,10.85960
785,2740,-1660,3203.62,11.08520
786,850,-1479,1705.85,5.90261
787,-445,-1517,1580.92,5.47032
788,-1396,-1112,1784.76,6.17563
789,-1260,-802,1493.59,5.16812
790,-166,-2245,2251.13,7.78937
791,2856,-4546,5368.69,18.57679
792,4419,-4103,6030.10,20.86542
793,2629,-1445,2999.94,10.38043
794,136,504,522.03,1.80632
795,-553,604,818.92,2.83362
796,-662,583,882.12,3.05231
797,-458,543,710.36,2.45800
798,-66,-135,150.27,0.51996
799,-86,-557,563.60,1.95017
800,-107,-835,841.83,2.91290
801,-376,-833,913.93,3.16238
802,-308,-858,911.61,3.15435
803,-516,-788,941.91,3.25921
804,-835,-404,927.60,3.20969
805,-522,599,794.53,2.74925
806,123,936,944.05,3.26660
807,354,822,894.99,3.09684
808,379,433,575.44,1.99114
809,675,196,702.88,2.43211
810,553,145,571.69,1.97818
811,689,-64,691.97,2.39435
812,994,-5,994.01,3.43949
813,369,48,372.11,1.28757
814,-450,33,451.21,1.56127
815,-258,124,286.25,0.99049
816,360,203,413.29,1.43007
817,885,268,924.69,3.19961
818,684,288,742.16,2.56802
819,448,-107,460.60,1.59377
820,313,-728,792.43,2.74199
821,925,-573,1088.10,3.76504
822,1374,145,1381.63,4.78073
823,1172,357,1225.17,4.23933
824,252,-6,252.07,0.87222
825,-396,-570,694.06,2.40158
826,-7,-406,406.06,1.40505
827,673,217,707.12,2.44678
828,1240,178,1252.71,4.33464
829,1240,-78,1242.45,4.29914
830,988,350,1048.16,3.62686
831,550,378,667.37,2.30924
832,-85,273,285.93,0.98937
833,-477,-261,543.74,1.88144
834,5,-612,612.02,2.11772
835,487,-299,571.46,1.97738
836,627,282,687.50,2.37888
837,815,522,967.84,3.34892
838,840,123,848.96,2.93757
839,729,-764,1056.00,3.65398
840,677,-721,989.02,3.42223
841,403,-198,449.01,1.55368
842,191,45,196.23,0.67899
843,249,-240,345.83,1.19666
844,535,-253,591.81,2.04777
845,907,128,915.99,3.16951
846,511,417,659.55,2.28219
847,53,10,53.94,0.18663
848,-81,-19,83.20,0.28788
849,208,349,406.28,1.40582
850,511,424,664.00,2.29758
851,638,402,754.09,2.60930
# END
# FRAME,87,RX_TS,552013842066,FP_INDEX,753.0156,FP_INT,753,RXPACC,295,RXPWR,-69.01,STD_NOISE,172.00,NTM,13,NOISE_THRESH,2236.00,PEAK_IDX,755,PEAK_AMPL,19769,START,703,elapsed_s,8.8785
sample,real,imag,amplitude,amplitude_norm
703,152,0,152.00,0.51525
704,150,237,280.48,0.95078
705,-134,-38,139.28,0.47215
706,-588,-713,924.18,3.13282
707,-762,-876,1161.04,3.93574
708,-627,-738,968.39,3.28267
709,38,69,78.77,0.26702
710,742,561,930.21,3.15324
711,417,389,570.27,1.93312
712,334,-189,383.77,1.30090
713,41,-239,242.49,0.82200
714,-341,-67,347.52,1.17803
715,-333,-117,352.96,1.19646
716,-310,-200,368.92,1.25057
717,-76,-262,272.80,0.92475
718,161,-73,176.78,0.59924
719,137,148,201.68,0.68365
720,132,56,143.39,0.48606
721,-398,-223,456.22,1.54649
722,-504,-759,911.10,3.08846
723,-580,-789,979.25,3.31947
724,-532,-569,778.96,2.64056
725,220,95,239.64,0.81232
726,747,654,992.84,3.36555
727,336,339,477.30,1.61797
728,64,-273,280.40,0.95051
729,25,-438,438.71,1.48716
730,-490,-543,731.40,2.47933
731,-723,-553,910.24,3.08556
732,-745,-267,791.40,2.68271
733,234,-14,234.42,0.79464
734,731,458,862.63,2.92416
735,333,370,497.78,1.68740
736,91,244,260.42,0.88277
737,420,550,692.03,2.34585
738,731,1051,1280.22,4.33973
739,811,893,1206.30,4.08917
740,848,781,1152.85,3.90797
741,244,149,285.90,0.96914
742,-248,-273,368.83,1.25026
743,73,146,163.23,0.55333
744,598,425,733.64,2.48692
745,902,550,1056.46,3.58121
746,1059,544,1190.55,4.03577
747,922,857,1258.78,4.26706
748,861,754,1144.48,3.87960
749,365,-19,365.49,1.23896
750,-157,-334,369.06,1.25105
751,-160,210,264.01,0.89494
752,-1284,1907,2298.98,7.79315
753,-7933,8315,11492.25,38.95677
754,-13527,15140,20302.69,68.82269
755,-13377,16446,21199.41,71.86241
756,-11391,15292,19068.30,64.63831
757,-39,61,72.40,0.24543
758,8732,-12097,14919.29,50.57387
759,3290,-5541,6444.13,21.84450
760,-1826,2431,3040.40,10.30644
761,-217,1914,1926.26,6.52970
762,2533,-491,2580.15,8.74627
763,2391,-516,2446.05,8.29168
764,1451,-227,1468.65,4.97847
765,734,-531,905.93,3.07096
766,410,-431,594.86,2.01648
767,659,-1066,1253.25,4.24831
768,485,-1174,1270.24,4.30589
769,364,-751,834.56,2.82903
770,915,126,923.63,3.13096
771,1706,117,1710.01,5.79664
772,1345,-767,1548.33,5.24856
773,131,-2600,2603.30,8.82474
774,-977,-2193,2400.79,8.13826
775,-424,-521,671.73,2.27704
776,-368,-423,560.67,1.90058
777,-661,-2658,2738.96,9.28460
778,-229,-2338,2349.19,7.96335
779,1355,-120,1360.30,4.61120
780,2065,1742,2701.63,9.15806
781,1201,1364,1817.39,6.16064
782,236,-318,396.01,1.34239
783,380,-1694,1736.10,5.88508
784,1819,-2556,3137.18,10.63451
785,2355,-2486,3424.36,11.60799
786,475,-1743,1806.56,6.12395
787,-914,-1359,1637.77,5.55175
788,-1731,-934,1966.91,6.66748
789,-1495,-731,1664.15,5.64118
790,-876,-2068,2245.89,7.61317
791,1233,-4957,5108.05,17.31541
792,2968,-5449,6204.89,21.03352
793,2175,-2423,3256.00,11.03730
794,346,379,513.18,1.73960
795,-267,753,798.94,2.70826
796,-418,661,782.08,2.65111
797,-397,748,846.83,2.87059
798,-220,80,234.09,0.79354
799,-261,-502,565.80,1.91795
800,-253,-681,726.48,2.46264
801,-605,-669,901.99,3.05759
802,-594,-751,957.52,3.24582
803,-754,-669,1008.01,3.41697
804,-1017,-255,1048.48,3.55418
805,-578,699,907.02,3.07464
806,257,938,972.57,3.29685
807,514,787,939.98,3.18638
808,343,321,469.78,1.59246
809,646,22,646.37,2.19110
810,687,38,688.05,2.33237
811,686,-122,696.76,2.36191
812,896,-198,917.62,3.11056
813,573,-100,581.66,1.97173
814,-232,173,289.40,0.98102
815,-240,279,368.02,1.24754
816,307,124,331.10,1.12236
817,898,0,898.00,3.04407
818,753,83,757.56,2.56800
819,445,-240,505.59,1.71388
820,204,-690,719.52,2.43907
821,644,-846,1063.23,3.60416
822,1317,-401,1376.70,4.66676
823,1276,-115,1281.17,4.34296
824,299,-53,303.66,1.02936
825,-488,-392,625.95,2.12185
826,-124,-434,451.37,1.53006
827,709,-29,709.59,2.40540
828,1202,-31,1202.40,4.07593
829,1252,-381,1308.69,4.43623
830,1061,-28,1061.37,3.59786
831,751,147,765.25,2.59407
832,47,247,251.43,0.85231
833,-571,-22,571.42,1.93703
834,-287,-527,600.08,2.03418
835,399,-345,527.47,1.78804
836,672,93,678.40,2.29968
837,929,272,968.00,3.28136
838,904,-102,909.74,3.08385
839,492,-905,1030.09,3.49184
840,500,-947,1070.89,3.63014
841,312,-301,433.53,1.46958
842,149,-2,149.01,0.50513
843,123,-260,287.63,0.97501
844,312,-358,474.88,1.60975
845,806,-244,842.12,2.85466
846,611,144,627.74,2.12793
847,94,76,120.88,0.40976
848,-79,116,140.35,0.47575
849,252,363,441.90,1.49796
850,605,293,672.22,2.27870
851,710,251,753.06,2.55275
852,642,206,674.24,2.28556
# END
# FRAME,88,RX_TS,558403636279,FP_INDEX,750.9531,FP_INT,750,RXPACC,271,RXPWR,-68.27,STD_NOISE,156.00,NTM,13,NOISE_THRESH,2028.00,PEAK_IDX,753,PEAK_AMPL,18438,START,700,elapsed_s,9.0063
sample,real,imag,amplitude,amplitude_norm
700,-101,-110,149.34,0.55105
701,138,-140,196.58,0.72539
702,218,92,236.62,0.87313
703,-122,-42,129.03,0.47611
704,-662,-476,815.36,3.00873
705,-825,-545,988.76,3.64857
706,-727,-521,894.41,3.30041
707,53,12,54.34,0.20052
708,673,311,741.38,2.73573
709,484,232,536.73,1.98056
710,210,-233,313.67,1.15745
711,23,-265,266.00,0.98154
712,-252,50,256.91,0.94802
713,-312,38,314.31,1.15980
714,-352,-50,355.53,1.31193
715,-176,-125,215.87,0.79658
716,95,-164,189.53,0.69937
717,126,54,137.08,0.50584
718,99,-33,104.36,0.38507
719,-405,-119,422.12,1.55764
720,-699,-510,865.28,3.19290
721,-657,-552,858.11,3.16646
722,-638,-458,785.37,2.89805
723,160,47,166.76,0.61535
724,773,365,854.84,3.15440
725,352,166,389.18,1.43608
726,-55,-198,205.50,0.75829
727,-88,-409,418.36,1.54376
728,-500,-351,610.90,2.25425
729,-747,-227,780.73,2.88092
730,-697,-68,700.31,2.58417
731,87,-10,87.57,0.32315
732,690,205,719.81,2.65612
733,337,250,419.61,1.54836
734,118,308,329.83,1.21709
735,506,487,702.29,2.59146
736,859,738,1132.49,4.17892
737,886,623,1083.11,3.99671
738,963,501,1085.53,4.00564
739,240,56,246.45,0.90940
740,-268,-236,357.10,1.31771
741,70,161,175.56,0.64782
742,593,190,622.69,2.29777
743,924,187,942.73,3.47872
744,1070,259,1100.90,4.06236
745,1001,551,1142.63,4.21634
746,963,503,1086.45,4.00905
747,391,-86,400.35,1.47729
748,-213,-144,257.11,0.94874
749,-161,244,292.33,1.07871
750,-675,1837,1957.09,7.22173
751,-4918,8944,10206.95,37.66403
752,-8323,15831,17885.55,65.99834
753,-7918,16483,18286.17,67.47664
754,-6561,15690,17006.55,62.75481
755,-225,438,492.41,1.81702
756,4796,-12714,13588.50,50.14208
757,1632,-5830,6054.12,22.33991
758,-1018,2609,2800.57,10.33422
759,230,1930,1943.66,7.17216
760,2056,-1048,2307.69,8.51547
761,2002,-1049,2260.18,8.34014
762,1206,-498,1304.78,4.81467
763,601,-663,894.86,3.30206
764,307,-477,567.25,2.09319
765,333,-1123,1171.33,4.32226
766,79,-1171,1173.66,4.33086
767,51,-724,725.79,2.67821
768,839,-101,845.06,3.11829
769,1556,-234,1573.50,5.80626
770,1062,-959,1430.92,5.28014
771,-460,-2386,2429.94,8.96656
772,-1433,-1858,2346.41,8.65835
773,-550,-412,687.20,2.53579
774,-450,-152,474.98,1.75269
775,-1199,-1966,2302.77,8.49731
776,-729,-1961,2092.12,7.72000
777,1126,-412,1199.01,4.42438
778,2105,964,2315.24,8.54331
779,1360,891,1625.88,5.99955
780,176,-366,406.12,1.49859
781,-5,-1520,1520.01,5.60889
782,1010,-2545,2738.09,10.10365
783,1395,-2700,3039.08,11.21433
784,-56,-1656,1656.95,6.11419
785,-1160,-960,1505.72,5.55617
786,-1836,-407,1880.57,6.93937
787,-1609,-345,1645.57,6.07222
788,-1380,-1621,2128.86,7.85557
789,-197,-4674,4678.15,17.26254
790,1295,-5601,5748.76,21.21313
791,1390,-2759,3089.37,11.39987
792,413,275,496.18,1.83092
793,-27,691,691.53,2.55176
794,-215,652,686.53,2.53334
795,-208,779,806.29,2.97524
796,-198,92,218.33,0.80565
797,-340,-301,454.09,1.67562
798,-443,-434,620.17,2.28843
799,-679,-498,842.05,3.10719
800,-724,-563,917.14,3.38428
801,-776,-441,892.56,3.29357
802,-964,-16,964.13,3.55769
803,-398,787,881.91,3.25430
804,389,857,941.15,3.47289
805,590,629,862.40,3.18230
806,444,226,498.21,1.83841
807,666,-146,681.82,2.51592
808,609,-107,618.33,2.28165
809,541,-330,633.70,2.33839
810,815,-343,884.24,3.26286
811,561,-176,587.96,2.16959
812,-228,246,335.41,1.23768
813,-239,251,346.59,1.27892
814,271,-22,271.89,1.00329
815,815,-259,855.16,3.15559
816,724,-92,729.82,2.69307
817,436,-233,494.35,1.82418
818,12,-630,630.11,2.32514
819,366,-953,1020.86,3.76703
820,1052,-605,1213.56,4.47808
821,1101,-362,1158.98,4.27670
822,353,-206,408.71,1.50816
823,-515,-346,620.44,2.28943
824,-245,-407,475.05,1.75296
825,600,-259,653.51,2.41149
826,1111,-252,1139.22,4.20377
827,1053,-633,1228.62,4.53364
828,930,-309,979.99,3.61620
829,710,-78,714.27,2.63569
830,209,220,303.45,1.11974
831,-505,124,520.00,1.91882
832,-434,-427,608.84,2.24664
833,136,-428,449.09,1.65715
834,628,-32,628.81,2.32035
835,959,132,968.04,3.57211
836,860,-250,895.60,3.30480
837,256,-921,955.92,3.52737
838,186,-958,975.89,3.60107
839,169,-274,321.93,1.18792
840,192,8,192.17,0.70910
841,19,-226,226.80,0.83689
842,233,-346,417.14,1.53926
843,636,-327,715.14,2.63889
844,582,-42,583.51,2.15319
845,55,70,89.02,0.32850
846,-154,162,223.52,0.82479
847,255,327,414.67,1.53016
848,606,139,621.74,2.29423
849,674,66,677.22,2.49898
# END
# FRAME,89,RX_TS,564793430464,FP_INDEX,749.6094,FP_INT,749,RXPACC,291,RXPWR,-68.94,STD_NOISE,168.00,NTM,13,NOISE_THRESH,2184.00,PEAK_IDX,752,PEAK_AMPL,19681,START,699,elapsed_s,9.0892
sample,real,imag,amplitude,amplitude_norm
699,45,214,218.68,0.75148
700,-191,-7,191.13,0.65680
701,-17,-110,111.31,0.38249
702,389,472,611.64,2.10186
703,725,922,1172.91,4.03061
704,792,878,1182.43,4.06334
705,506,584,772.72,2.65539
706,-262,-310,405.89,1.39480
707,-571,-293,641.79,2.20545
708,-268,-59,274.42,0.94302
709,-212,355,413.48,1.42091
710,210,318,381.08,1.30956
711,454,126,471.16,1.61911
712,397,197,443.19,1.52299
713,338,277,437.00,1.50173
714,-56,244,250.34,0.86029
715,-213,144,257.11,0.88354
716,-125,-53,135.77,0.46657
717,36,108,113.84,0.39121
718,600,482,769.63,2.64476
719,612,836,1036.07,3.56038
720,635,707,950.30,3.26564
721,409,503,648.30,2.22783
722,-417,-322,526.85,1.81049
723,-605,-466,763.66,2.62427
724,-102,76,127.20,0.43712
725,19,455,455.40,1.56494
726,255,510,570.20,1.95944
727,631,562,844.99,2.90374
728,881,458,992.94,3.41216
729,612,218,649.67,2.23253
730,-511,-25,511.61,1.75811
731,-541,-368,654.30,2.24844
732,-82,-275,286.97,0.98613
733,-69,-322,329.31,1.13165
734,-440,-783,898.16,3.08646
735,-712,-938,1177.62,4.04680
736,-741,-768,1067.19,3.66734
737,-706,-519,876.24,3.01113
738,110,166,199.14,0.68432
739,298,292,417.21,1.43373
740,-228,-136,265.48,0.91230
741,-687,-325,760.00,2.61167
742,-856,-458,970.82,3.33617
743,-877,-546,1033.08,3.55009
744,-776,-790,1107.37,3.80541
745,-713,-348,793.39,2.72644
746,-40,363,365.20,1.25497
747,303,150,338.10,1.16184
748,313,-632,705.26,2.42358
749,3001,-3441,4565.79,15.69002
750,10567,-11588,15682.58,53.89202
751,13307,-15906,20738.30,71.26564
752,12702,-16475,20803.04,71.48811
753,8156,-11102,13775.87,47.33978
754,-4739,6898,8369.02,28.75952
755,-7204,11108,13239.54,45.49669
756,-582,1668,1766.62,6.07086
757,1963,-3195,3749.85,12.88609
758,-1055,-635,1231.36,4.23148
759,-2551,901,2705.44,9.29704
760,-1883,390,1922.96,6.60812
761,-1149,423,1224.39,4.20752
762,-457,652,796.21,2.73612
763,-385,765,856.42,2.94301
764,-544,1283,1393.57,4.78889
765,-225,1131,1153.16,3.96276
766,-398,465,612.07,2.10333
767,-1228,-175,1240.41,4.26257
768,-1680,108,1683.47,5.78511
769,-979,1727,1985.19,6.82195
770,401,2980,3006.86,10.33285
771,935,1744,1978.83,6.80010
772,463,207,507.17,1.74284
773,740,1024,1263.40,4.34158
774,889,2737,2877.76,9.88920
775,-280,1642,1665.70,5.72406
776,-1735,-621,1842.79,6.33260
777,-1807,-1706,2485.09,8.53984
778,-792,-734,1079.82,3.71074
779,-206,956,977.94,3.36063
780,-805,2034,2187.51,7.51720
781,-2134,2729,3464.30,11.90482
782,-1433,2106,2547.30,8.75360
783,247,1612,1630.81,5.60417
784,1411,1161,1827.25,6.27921
785,1862,826,2036.99,6.99996
786,1364,1168,1795.75,6.17096
787,279,3378,3389.50,11.64777
788,-1920,5727,6040.28,20.75696
789,-3032,4782,5662.20,19.45774
790,-1385,1100,1768.68,6.07793
791,9,-537,537.08,1.84562
792,436,-498,661.89,2.27454
793,598,-571,826.83,2.84133
794,305,-432,528.82,1.81725
795,247,259,357.90,1.22989
796,361,537,647.06,2.22358
797,427,752,864.77,2.97173
798,750,796,1093.67,3.75832
799,653,885,1099.83,3.77950
800,886,630,1087.15,3.73591
801,1004,-41,1004.84,3.45305
802,385,-903,981.65,3.37336
803,-287,-830,878.22,3.01794
804,-363,-533,644.87,2.21605
805,-431,-38,432.67,1.48685
806,-650,73,654.09,2.24772
807,-573,134,588.46,2.02220
808,-641,194,669.71,2.30142
809,-839,202,862.97,2.96555
810,-178,0,178.00,0.61168
811,402,-198,448.12,1.53992
812,88,-172,193.20,0.66393
813,-523,129,538.67,1.85111
814,-854,141,865.56,2.97444
815,-591,61,594.14,2.04172
816,-273,444,521.21,1.79112
817,-165,913,927.79,3.18828
818,-956,853,1281.23,4.40284
819,-1387,267,1412.47,4.85383
820,-874,125,882.89,3.03400
821,132,338,362.86,1.24694
822,567,700,900.83,3.09562
823,-72,375,381.85,1.31220
824,-799,58,801.10,2.75293
825,-1261,324,1301.96,4.47409
826,-1114,405,1185.34,4.07332
827,-916,-40,916.87,3.15077
828,-475,-197,514.23,1.76712
829,162,-199,256.60,0.88180
830,562,335,654.27,2.24835
831,93,755,760.71,2.61411
832,-380,380,537.40,1.84674
833,-682,-189,707.70,2.43197
834,-879,-195,900.37,3.09405
835,-725,531,898.66,3.08817
836,-398,1142,1209.37,4.15590
837,-383,763,853.73,2.93379
838,-125,22,126.92,0.43616
839,-120,66,136.95,0.47063
840,-96,293,308.33,1.05954
841,-451,339,564.20,1.93883
842,-684,95,690.57,2.37308
843,-349,31,350.37,1.20403
844,128,68,144.94,0.49808
845,134,-130,186.70,0.64157
846,-358,-250,436.65,1.50052
847,-566,-183,594.85,2.04415
848,-669,-183,693.58,2.38343
# END
# FRAME,90,RX_TS,571183224637,FP_INDEX,747.5469,FP_INT,747,RXPACC,279,RXPWR,-68.45,STD_NOISE,156.00,NTM,13,NOISE_THRESH,2028.00,PEAK_IDX,750,PEAK_AMPL,18909,START,697,elapsed_s,9.1919
sample,real,imag,amplitude,amplitude_norm
697,-7,-121,121.20,0.43442
698,235,12,235.31,0.84339
699,131,149,198.40,0.71111
700,-413,-306,514.01,1.84233
701,-702,-700,991.36,3.55328
702,-794,-596,992.80,3.55842
703,-324,-202,381.81,1.36850
704,578,365,683.60,2.45018
705,766,286,817.65,2.93065
706,342,-15,342.33,1.22698
707,153,-287,325.24,1.16572
708,-147,-148,208.60,0.74766
709,-357,72,364.19,1.30533
710,-246,-28,247.59,0.88741
711,-197,-118,229.64,0.82307
712,86,-118,146.01,0.52335
713,185,-27,186.96,0.67011
714,193,1,193.00,0.69177
715,67,-132,148.03,0.53057
716,-542,-311,624.89,2.23974
717,-591,-678,899.42,3.22374
718,-679,-558,878.87,3.15006
719,-150,-191,242.86,0.87047
720,773,311,833.22,2.98644
721,739,393,837.00,3.00000
722,98,-114,150.33,0.53883
723,-113,-267,289.93,1.03917
724,-254,-373,451.27,1.61746
725,-625,-396,739.89,2.65194
726,-735,-283,787.60,2.82294
727,-341,-34,342.69,1.22828
728,585,216,623.60,2.23514
729,678,357,766.25,2.74640
730,262,224,344.70,1.23549
731,215,319,384.69,1.37882
732,634,704,947.40,3.39571
733,867,840,1207.18,4.32682
734,878,715,1132.30,4.05843
735,619,292,684.42,2.45310
736,-222,-263,344.17,1.23358
737,-285,-213,355.80,1.27527
738,278,293,403.90,1.44766
739,689,312,756.35,2.71093
740,957,469,1065.74,3.81987
741,1037,444,1128.05,4.04320
742,909,707,1151.58,4.12752
743,587,294,656.51,2.35308
744,-87,-266,279.87,1.00310
745,-252,-86,266.27,0.95437
746,-148,604,621.87,2.22892
747,-2313,3734,4392.35,15.74318
748,-8713,12295,15069.29,54.01178
749,-10675,16231,19426.81,69.63014
750,-9836,16466,19180.09,68.74586
751,-4447,8301,9417.13,33.75317
752,5580,-10328,11738.99,42.07525
753,5849,-11618,13007.26,46.62099
754,95,-849,854.30,3.06200
755,-1543,3522,3845.17,13.78197
756,1151,574,1286.19,4.60999
757,2477,-1125,2720.51,9.75092
758,1889,-613,1985.97,7.11818
759,884,-493,1012.18,3.62788
760,212,-416,466.90,1.67349
761,482,-815,946.86,3.39377
762,526,-1376,1473.11,5.27996
763,156,-950,962.72,3.45062
764,436,-391,585.64,2.09908
765,1245,26,1245.27,4.46334
766,1652,-356,1689.92,6.05707
767,747,-2052,2183.74,7.82702
768,-781,-2585,2700.40,9.67887
769,-1041,-1295,1661.54,5.95533
770,-401,182,440.37,1.57838
771,-741,-778,1074.41,3.85095
772,-1125,-2481,2724.15,9.76397
773,156,-1469,1477.26,5.29484
774,1784,511,1855.74,6.65140
775,1984,1765,2655.46,9.51779
776,697,560,894.10,3.20465
777,-85,-1035,1038.48,3.72217
778,602,-2203,2283.77,8.18556
779,1890,-2907,3467.38,12.42790
780,1256,-2204,2536.76,9.09233
781,-171,-1551,1560.40,5.59282
782,-1293,-919,1586.32,5.68573
783,-1688,-168,1696.34,6.08007
784,-1251,-514,1352.48,4.84759
785,-541,-3088,3135.03,11.23667
786,1401,-5681,5851.20,20.97205
787,2539,-4858,5481.49,19.64690
788,1259,-1033,1628.55,5.83709
789,47,598,599.84,2.14998
790,-324,615,695.13,2.49149
791,-341,778,849.45,3.04462
792,-91,484,492.48,1.76516
793,-233,-246,338.83,1.21444
794,-379,-486,616.31,2.20899
795,-516,-715,881.75,3.16039
796,-632,-628,890.96,3.19340
797,-542,-665,857.90,3.07490
798,-807,-370,887.78,3.18200
799,-724,361,809.01,2.89968
800,-16,1028,1028.12,3.68503
801,522,814,967.00,3.46593
802,545,430,694.21,2.48820
803,456,18,456.36,1.63568
804,655,-39,656.16,2.35183
805,626,-47,627.76,2.25004
806,732,-270,780.21,2.79644
807,810,-278,856.38,3.06946
808,-7,165,165.15,0.59193
809,-447,337,559.80,2.00646
810,-38,256,258.80,0.92762
811,567,-75,571.94,2.04996
812,927,-107,933.15,3.34464
813,610,-76,614.72,2.20328
814,122,-396,414.37,1.48519
815,124,-885,893.64,3.20303
816,840,-749,1125.43,4.03381
817,1368,-303,1401.15,5.02206
818,833,5,833.02,2.98572
819,-205,-129,242.21,0.86814
820,-575,-542,790.18,2.83220
821,192,-356,404.47,1.44973
822,1017,-166,1030.46,3.69340
823,1338,-486,1423.53,5.10226
824,993,-324,1044.52,3.74380
825,882,19,882.20,3.16202
826,439,160,467.25,1.67473
827,-173,179,248.94,0.89225
828,-608,-227,648.99,2.32614
829,-34,-553,554.04,1.98582
830,468,-266,538.31,1.92943
831,802,185,823.06,2.95004
832,975,140,985.00,3.53047
833,596,-464,755.32,2.70725
834,295,-1074,1113.78,3.99204
835,367,-804,883.80,3.16775
836,254,-47,258.31,0.92585
837,179,-43,184.09,0.65983
838,72,-332,339.72,1.21763
839,532,-503,732.14,2.62417
840,825,-55,826.83,2.96355
841,360,94,372.07,1.33358
842,-148,102,179.74,0.64424
843,-114,177,210.54,0.75461
844,400,284,490.57,1.75830
845,707,224,741.64,2.65820
846,750,156,766.05,2.74571
# END
# FRAME,91,RX_TS,577573018778,FP_INDEX,752.2500,FP_INT,752,RXPACC,261,RXPWR,-68.41,STD_NOISE,156.00,NTM,13,NOISE_THRESH,2028.00,PEAK_IDX,755,PEAK_AMPL,17455,START,702,elapsed_s,9.2789
sample,real,imag,amplitude,amplitude_norm
702,162,-80,180.68,0.69225
703,122,179,216.62,0.82997
704,-7,49,49.50,0.18965
705,54,-664,666.19,2.55246
706,9,-893,893.05,3.42163
707,39,-869,869.87,3.33285
708,75,-397,404.02,1.54798
709,80,563,568.66,2.17876
710,140,586,602.49,2.30840
711,156,142,210.95,0.80824
712,269,-155,310.46,1.18951
713,-51,-157,165.08,0.63247
714,-155,-183,239.82,0.91885
715,-95,-273,289.06,1.10750
716,-20,-300,300.67,1.15198
717,201,-124,236.17,0.90487
718,140,152,206.65,0.79176
719,96,185,208.43,0.79856
720,-34,-219,221.62,0.84913
721,-42,-771,772.14,2.95840
722,94,-879,884.01,3.38702
723,8,-752,752.04,2.88139
724,113,-258,281.66,1.07916
725,140,724,737.41,2.82533
726,109,651,660.06,2.52897
727,189,-29,191.21,0.73261
728,217,-262,340.20,1.30343
729,147,-506,526.92,2.01885
730,-82,-683,687.90,2.63565
731,-284,-657,715.75,2.74236
732,-34,-270,272.13,1.04265
733,396,538,668.03,2.55949
734,98,595,603.02,2.31041
735,-74,218,230.22,0.88206
736,30,451,452.00,1.73179
737,-90,1006,1010.02,3.86980
738,-23,1101,1101.24,4.21931
739,50,1026,1027.22,3.93570
740,171,575,599.89,2.29842
741,13,-324,324.26,1.24238
742,-18,-147,148.10,0.56743
743,101,433,444.62,1.70354
744,274,769,816.36,3.12780
745,393,989,1064.22,4.07748
746,312,991,1038.95,3.98067
747,139,1043,1052.22,4.03150
748,301,525,605.17,2.31864
749,145,-282,317.09,1.21492
750,-226,-97,245.94,0.94229
751,-891,367,963.62,3.69204
752,-6258,856,6316.27,24.20028
753,-15188,2262,15355.52,58.83341
754,-16497,3708,16908.59,64.78385
755,-16340,4387,16918.67,64.82249
756,-7472,1957,7724.03,29.59398
757,10635,-2722,10977.82,42.06061
758,9319,-2872,9751.52,37.36215
759,-678,-69,681.50,2.61112
760,-2676,1189,2928.26,11.21938
761,1264,1049,1642.59,6.29344
762,2237,1030,2462.74,9.43577
763,1322,848,1570.60,6.01763
764,934,190,953.13,3.65184
765,589,-202,622.68,2.38573
766,912,-346,975.43,3.73727
767,1194,-535,1308.38,5.01295
768,797,-430,905.60,3.46973
769,511,290,587.56,2.25117
770,961,952,1352.71,5.18280
771,1297,794,1520.74,5.82658
772,1745,-1002,2012.22,7.70966
773,1182,-2237,2530.08,9.69378
774,328,-1195,1239.20,4.74788
775,-227,-207,307.21,1.17705
776,533,-1466,1559.89,5.97658
777,1104,-2258,2513.44,9.63004
778,1086,-260,1116.69,4.27850
779,697,1894,2018.18,7.73248
780,96,2139,2141.15,8.20365
781,200,570,604.07,2.31444
782,820,-716,1088.60,4.17089
783,2148,-778,2284.55,8.75308
784,3305,-395,3328.52,12.75295
785,1893,-643,1999.22,7.65986
786,558,-1339,1450.62,5.55791
787,-458,-1509,1576.97,6.04204
788,-821,-1409,1630.74,6.24806
789,-48,-1504,1504.77,5.76539
790,2597,-2500,3604.78,13.81140
791,5100,-2496,5678.03,21.75490
792,4252,-1020,4372.63,16.75338
793,813,311,870.45,3.33507
794,-437,334,550.02,2.10737
795,-560,69,564.23,2.16182
796,-729,139,742.13,2.84342
797,-339,44,341.84,1.30975
798,122,-436,452.75,1.73466
799,219,-543,585.50,2.24329
800,105,-784,791.00,3.03065
801,-41,-906,906.93,3.47482
802,15,-874,874.13,3.34915
803,-359,-906,974.53,3.73385
804,-738,-209,767.02,2.93879
805,-682,669,955.35,3.66033
806,-164,864,879.43,3.36945
807,102,625,633.27,2.42632
808,443,369,576.55,2.20900
809,497,351,608.45,2.33122
810,489,195,526.45,2.01704
811,635,244,680.27,2.60638
812,704,384,801.92,3.07248
813,-147,148,208.60,0.79922
814,-475,48,477.42,1.82919
815,-24,188,189.53,0.72615
816,649,362,743.13,2.84725
817,664,452,803.24,3.07756
818,456,290,540.40,2.07051
819,445,-204,489.53,1.87560
820,771,-491,914.07,3.50218
821,1100,246,1127.17,4.31867
822,1034,682,1238.66,4.74583
823,441,353,564.88,2.16429
824,62,-424,428.51,1.64180
825,130,-703,714.92,2.73915
826,429,88,437.93,1.67790
827,757,727,1049.56,4.02131
828,1202,561,1326.47,5.08226
829,940,476,1053.65,4.03697
830,591,605,845.76,3.24045
831,163,329,367.16,1.40676
832,-145,-103,177.86,0.68145
833,37,-609,610.12,2.33764
834,458,-297,545.87,2.09145
835,450,258,518.71,1.98741
836,427,617,750.35,2.87489
837,590,615,852.25,3.26531
838,845,-134,855.56,3.27800
839,895,-478,1014.65,3.88754
840,628,-135,642.35,2.46110
841,117,130,174.90,0.67010
842,195,-52,201.81,0.77323
843,266,-196,330.41,1.26595
844,644,82,649.20,2.48735
845,556,412,692.01,2.65139
846,176,189,258.26,0.98949
847,-74,-61,95.90,0.36744
848,-203,215,295.69,1.13292
849,115,484,497.47,1.90603
850,275,504,574.14,2.19978
851,351,530,635.69,2.43559
# END
# FRAME,92,RX_TS,583962812892,FP_INDEX,749.7969,FP_INT,749,RXPACC,297,RXPWR,-69.09,STD_NOISE,172.00,NTM,13,NOISE_THRESH,2236.00,PEAK_IDX,752,PEAK_AMPL,19856,START,699,elapsed_s,9.4008
sample,real,imag,amplitude,amplitude_norm
699,-215,66,224.90,0.75725
700,95,-213,233.23,0.78527
701,278,-138,310.37,1.04501
702,-155,333,367.31,1.23672
703,-832,673,1070.12,3.60309
704,-799,827,1149.93,3.87180
705,-615,590,852.25,2.86952
706,273,-88,286.83,0.96577
707,452,-614,762.43,2.56711
708,282,-323,428.78,1.44371
709,-273,-237,361.52,1.21725
710,-287,33,288.89,0.97270
711,-56,478,481.27,1.62043
712,-97,394,405.76,1.36621
713,-168,395,429.24,1.44526
714,-206,22,207.17,0.69755
715,-51,-96,108.71,0.36601
716,33,-41,52.63,0.17721
717,-102,-33,107.21,0.36096
718,-307,539,620.30,2.08855
719,-781,593,980.62,3.30174
720,-723,674,988.44,3.32807
721,-521,532,744.62,2.50715
722,281,-264,385.56,1.29818
723,647,-572,863.59,2.90772
724,105,-221,244.68,0.82382
725,-419,-12,419.17,1.41135
726,-473,170,502.62,1.69233
727,-476,609,772.95,2.60254
728,-454,815,932.92,3.14115
729,-244,686,728.10,2.45152
730,55,-374,378.02,1.27280
731,469,-574,741.24,2.49576
732,426,-102,438.04,1.47489
733,371,-4,371.02,1.24923
734,781,-367,862.93,2.90549
735,1082,-630,1252.05,4.21565
736,923,-787,1212.97,4.08408
737,741,-789,1082.41,3.64446
738,-8,18,19.70,0.06632
739,-286,304,417.39,1.40534
740,216,-89,233.62,0.78659
741,333,-653,733.01,2.46803
742,535,-899,1046.15,3.52238
743,561,-980,1129.21,3.80206
744,924,-822,1236.71,4.16402
745,679,-781,1034.89,3.48449
746,-267,-249,365.09,1.22926
747,-336,244,415.25,1.39815
748,443,273,520.36,1.75207
749,2604,2052,3315.35,11.16278
750,9869,9675,13820.38,46.53325
751,15512,14070,20942.47,70.51337
752,16457,13697,21411.23,72.09167
753,13879,10686,17516.20,58.97710
754,-3394,-2432,4175.39,14.05854
755,-12000,-8524,14719.33,49.56002
756,-3679,-1935,4156.83,13.99607
757,3069,2179,3763.88,12.67300
758,1411,-369,1458.45,4.91061
759,-630,-2583,2658.72,8.95192
760,-372,-2157,2188.84,7.36984
761,-237,-1270,1291.92,4.34991
762,-615,-475,777.08,2.61642
763,-647,-331,726.75,2.44698
764,-1221,-663,1389.39,4.67809
765,-1169,-450,1252.62,4.21758
766,-608,-385,719.65,2.42305
767,144,-967,977.66,3.29179
768,80,-1723,1724.86,5.80760
769,-1243,-1097,1657.85,5.58198
770,-3025,-59,3025.58,10.18712
771,-2270,727,2383.57,8.02551
772,-409,284,497.93,1.67654
773,-425,607,741.00,2.49493
774,-2648,924,2804.58,9.44304
775,-2060,29,2060.20,6.93671
776,284,-1543,1568.92,5.28255
777,1888,-1874,2660.15,8.95675
778,1218,-848,1484.13,4.99706
779,-512,-72,517.04,1.74087
780,-1673,-460,1735.09,5.84205
781,-2489,-1991,3187.35,10.73182
782,-2262,-1912,2961.82,9.97246
783,-1687,-133,1692.23,5.69776
784,-1225,1076,1630.46,5.48977
785,-753,1818,1967.77,6.62550
786,-743,1432,1613.28,5.43192
787,-2636,607,2704.99,9.10769
788,-5477,-1673,5726.82,19.28222
789,-5295,-3259,6217.56,20.93456
790,-1626,-1935,2527.47,8.51000
791,564,-134,579.70,1.95185
792,628,383,735.58,2.47669
793,571,547,790.73,2.66238
794,503,440,668.29,2.25013
795,-134,318,345.08,1.16188
796,-451,401,603.49,2.03196
797,-758,453,883.05,2.97322
798,-759,722,1047.55,3.52711
799,-912,613,1098.87,3.69990
800,-724,888,1145.74,3.85771
801,-204,1106,1124.66,3.78672
802,896,578,1066.26,3.59008
803,1099,-196,1116.34,3.75872
804,846,-524,995.13,3.35062
805,301,-434,528.16,1.77833
806,39,-654,655.16,2.20593
807,-4,-549,549.01,1.84853
808,-193,-552,584.77,1.96891
809,-135,-858,868.56,2.92443
810,100,-310,325.73,1.09673
811,275,542,607.77,2.04638
812,246,296,384.88,1.29589
813,-84,-464,471.54,1.58768
814,-123,-979,986.70,3.32221
815,95,-678,684.62,2.30513
816,-221,-317,386.43,1.30112
817,-786,-53,787.78,2.65247
818,-788,-742,1082.36,3.64432
819,-199,-1304,1319.10,4.44140
820,24,-1003,1003.29,3.37807
821,-201,-16,201.64,0.67891
822,-617,659,902.76,3.03959
823,-359,0,359.00,1.20875
824,70,-871,873.81,2.94212
825,-38,-1326,1326.54,4.46648
826,-360,-1159,1213.62,4.08627
827,-9,-958,958.04,3.22573
828,163,-576,598.62,2.01555
829,185,13,185.46,0.62443
830,-192,517,551.50,1.85690
831,-617,190,645.59,2.17371
832,-315,-347,468.65,1.57795
833,147,-582,600.28,2.02114
834,324,-860,919.01,3.09430
835,-261,-765,808.30,2.72154
836,-1034,-369,1097.87,3.69653
837,-915,-427,1009.73,3.39976
838,-129,-166,210.23,0.70785
839,-78,-36,85.91,0.28925
840,-311,-19,311.58,1.04909
841,-401,-263,479.55,1.61465
842,-191,-717,742.00,2.49833
843,47,-510,512.16,1.72445
844,-29,-7,29.83,0.10045
845,179,225,287.52,0.96807
846,422,-191,463.21,1.55964
847,255,-545,601.71,2.02595
848,231,-622,663.51,2.23404
# END
# FRAME,93,RX_TS,590352606976,FP_INDEX,745.7344,FP_INT,745,RXPACC,260,RXPWR,-68.95,STD_NOISE,152.00,NTM,13,NOISE_THRESH,1976.00,PEAK_IDX,748,PEAK_AMPL,16775,START,695,elapsed_s,9.4924
sample,real,imag,amplitude,amplitude_norm
695,254,162,301.26,1.15871
696,-75,200,213.60,0.82154
697,-192,-50,198.40,0.76309
698,241,8,241.13,0.92743
699,906,219,932.09,3.58497
700,990,171,1004.66,3.86408
701,867,146,879.21,3.38157
702,-34,-38,50.99,0.19612
703,-629,8,629.05,2.41943
704,-336,78,344.93,1.32667
705,8,415,415.08,1.59645
706,173,252,305.67,1.17565
707,262,-140,297.06,1.14253
708,307,-75,316.03,1.21549
709,362,-16,362.35,1.39367
710,243,152,286.62,1.10240
711,4,248,248.03,0.95397
712,-75,36,83.19,0.31997
713,5,40,40.31,0.15504
714,486,-98,495.78,1.90685
715,893,159,907.04,3.48863
716,886,181,904.30,3.47807
717,741,141,754.30,2.90114
718,-185,11,185.33,0.71280
719,-753,-13,753.11,2.89659
720,-296,78,306.10,1.17733
721,242,263,357.40,1.37461
722,394,331,514.58,1.97917
723,715,84,719.92,2.76891
724,808,-61,810.30,3.11654
725,703,-190,728.22,2.80086
726,-81,272,283.80,1.09156
727,-615,218,652.49,2.50959
728,-284,-72,292.98,1.12686
729,-160,-201,256.91,0.98810
730,-594,-114,604.84,2.32631
731,-1027,-171,1041.14,4.00438
732,-985,-50,986.27,3.79334
733,-902,70,904.71,3.47966
734,-52,80,95.41,0.36698
735,454,78,460.65,1.77174
736,-122,-94,154.01,0.59236
737,-592,169,615.65,2.36788
738,-792,253,831.43,3.19780
739,-892,263,929.96,3.57678
740,-1015,5,1015.01,3.90389
741,-918,83,921.74,3.54517
742,-129,357,379.59,1.45997
743,358,173,397.61,1.52927
744,2,-250,250.01,0.96157
745,-108,-2344,2346.49,9.02495
746,598,-10868,10884.44,41.86323
747,76,-16335,16335.18,62.82760
748,-951,-16497,16524.39,63.55534
749,-1346,-14883,14943.74,57.47593
750,107,1777,1780.22,6.84699
751,1406,12942,13018.15,50.06980
752,1077,4502,4629.03,17.80397
753,-212,-2922,2929.68,11.26800
754,-1002,-985,1405.07,5.40413
755,-1293,1931,2323.92,8.93816
756,-1168,1720,2079.09,7.99651
757,-725,993,1229.50,4.72885
758,17,766,766.19,2.94688
759,142,636,651.66,2.50638
760,282,1151,1185.04,4.55785
761,424,1014,1099.08,4.22722
762,199,615,646.39,2.48613
763,-674,557,874.37,3.36297
764,-1107,979,1477.80,5.68384
765,-161,1500,1508.62,5.80237
766,1545,2135,2635.38,10.13609
767,1805,1241,2190.46,8.42484
768,516,277,585.65,2.25250
769,614,20,614.33,2.36279
770,2098,1171,2402.67,9.24106
771,1377,1394,1959.43,7.53627
772,-872,829,1203.17,4.62759
773,-2180,8,2180.01,8.38467
774,-1388,-241,1408.77,5.41834
775,169,376,412.23,1.58552
776,798,1302,1527.09,5.87343
777,263,2768,2780.47,10.69410
778,94,2844,2845.55,10.94443
779,907,1279,1567.96,6.03060
780,1451,331,1488.27,5.72413
781,1702,-461,1763.33,6.78203
782,1461,-311,1493.73,5.74513
783,1832,1137,2156.15,8.29289
784,2140,4310,4812.04,18.50784
785,1108,5475,5585.99,21.48458
786,-165,2704,2709.03,10.41934
787,-415,-94,425.51,1.63659
788,-38,-620,621.16,2.38909
789,195,-660,688.20,2.64694
790,1,-540,540.00,2.07693
791,212,13,212.40,0.81692
792,469,191,506.40,1.94770
793,643,286,703.74,2.70668
794,931,104,936.79,3.60304
795,1002,252,1033.20,3.97386
796,1029,68,1031.24,3.96632
797,938,-379,1011.67,3.89106
798,-41,-780,781.08,3.00414
799,-689,-621,927.56,3.56753
800,-810,-246,846.53,3.25589
801,-427,50,429.92,1.65353
802,-421,451,616.96,2.37293
803,-370,363,518.33,1.99359
804,-240,483,539.34,2.07439
805,-429,660,787.17,3.02759
806,-303,284,415.29,1.59727
807,110,-410,424.50,1.63269
808,40,-340,342.34,1.31671
809,-226,324,395.03,1.51936
810,-577,773,964.60,3.71001
811,-519,460,693.51,2.66736
812,-17,363,363.40,1.39768
813,423,557,699.41,2.69005
814,101,962,967.29,3.72034
815,-658,1011,1206.27,4.63950
816,-722,661,978.88,3.76492
817,-36,206,209.12,0.80432
818,664,78,668.57,2.57141
819,275,316,418.90,1.61117
820,-446,522,686.59,2.64071
821,-808,788,1128.63,4.34089
822,-549,1006,1146.05,4.40790
823,-618,660,904.17,3.47758
824,-452,305,545.28,2.09723
825,-117,-97,151.98,0.58454
826,364,-149,393.32,1.51275
827,472,349,587.01,2.25774
828,26,494,494.68,1.90263
829,-441,248,505.95,1.94596
830,-669,320,741.59,2.85228
831,-393,622,735.75,2.82982
832,342,933,993.71,3.82195
833,236,859,890.83,3.42627
834,-21,328,328.67,1.26412
835,-42,206,210.24,0.80861
836,94,313,326.81,1.25696
837,6,464,464.04,1.78476
838,-368,561,670.93,2.58049
839,-363,305,474.12,1.82356
840,42,71,82.49,0.31728
841,75,-77,107.49,0.41342
842,-326,-120,347.38,1.33609
843,-489,177,520.05,2.00019
844,-548,262,607.41,2.33620
# END
# FRAME,94,RX_TS,596742401053,FP_INDEX,751.1875,FP_INT,751,RXPACC,283,RXPWR,-68.78,STD_NOISE,156.00,NTM,13,NOISE_THRESH,2028.00,PEAK_IDX,753,PEAK_AMPL,19268,START,701,elapsed_s,9.5867
sample,real,imag,amplitude,amplitude_norm
701,-40,-45,60.21,0.21275
702,203,-19,203.89,0.72045
703,43,73,84.72,0.29937
704,-740,280,791.20,2.79577
705,-993,420,1078.17,3.80979
706,-838,487,969.23,3.42485
707,50,73,88.48,0.31266
708,654,-442,789.35,2.78924
709,403,-235,466.51,1.64845
710,-104,-202,227.20,0.80283
711,-193,-158,249.43,0.88136
712,-96,238,256.63,0.90683
713,-120,309,331.48,1.17132
714,-265,194,328.42,1.16050
715,-205,30,207.18,0.73210
716,26,-185,186.82,0.66013
717,24,-163,164.76,0.58218
718,-74,-120,140.98,0.49817
719,-294,248,384.63,1.35912
720,-761,422,870.18,3.07482
721,-871,334,932.84,3.29627
722,-684,356,771.10,2.72473
723,135,-107,172.26,0.60870
724,808,-458,928.78,3.28190
725,483,-214,528.28,1.86673
726,-298,-123,322.39,1.13917
727,-400,-73,406.61,1.43677
728,-485,370,610.02,2.15555
729,-607,501,787.05,2.78110
730,-433,591,732.65,2.58885
731,86,-84,120.22,0.42479
732,571,-564,802.58,2.83598
733,483,-250,543.86,1.92178
734,290,18,290.56,1.02671
735,461,-137,480.93,1.69939
736,1106,-330,1154.18,4.07838
737,1119,-489,1221.18,4.31513
738,971,-550,1115.95,3.94328
739,109,-231,255.43,0.90256
740,-466,213,512.37,1.81050
741,58,172,181.52,0.64140
742,453,-299,542.78,1.91795
743,670,-526,851.81,3.00992
744,825,-687,1073.59,3.79360
745,939,-588,1107.91,3.91488
746,960,-392,1036.95,3.66413
747,171,-209,270.04,0.95421
748,-426,110,439.97,1.55467
749,-17,119,120.21,0.42476
750,842,976,1289.01,4.55480
751,3801,6875,7855.78,27.75893
752,9303,15611,18172.76,64.21469
753,11508,16445,20071.67,70.92464
754,11129,14967,18651.16,65.90515
755,365,383,529.07,1.86950
756,-9070,-12225,15222.21,53.78871
757,-5540,-6688,8684.52,30.68736
758,1242,1917,2284.17,8.07129
759,2259,2023,3032.43,10.71529
760,442,-1943,1992.64,7.04113
761,78,-2636,2637.15,9.31856
762,159,-1463,1471.61,5.20005
763,-314,-580,659.54,2.33054
764,-331,-436,547.41,1.93431
765,-738,-959,1210.09,4.27595
766,-966,-854,1289.37,4.55607
767,-709,-452,840.82,2.97111
768,132,-673,685.82,2.42340
769,553,-1315,1426.55,5.04080
770,-235,-1518,1536.08,5.42785
771,-2312,-1268,2636.89,9.31762
772,-2600,-135,2603.50,9.19966
773,-847,111,854.24,3.01852
774,40,458,459.74,1.62453
775,-1967,259,1983.98,7.01052
776,-2626,-117,2628.61,9.28836
777,-324,-1142,1187.07,4.19460
778,2140,-1455,2587.78,9.14411
779,1953,-634,2053.33,7.25558
780,97,-253,270.96,0.95745
781,-1315,-470,1396.47,4.93452
782,-1698,-1858,2517.02,8.89405
783,-1737,-2932,3407.90,12.04206
784,-1388,-1263,1876.62,6.63118
785,-1573,134,1578.70,5.57844
786,-1225,1153,1682.27,5.94442
787,-592,1309,1436.64,5.07648
788,-1415,641,1553.42,5.48911
789,-3817,-1966,4293.56,15.17159
790,-4357,-4216,6062.85,21.42348
791,-2366,-3575,4287.02,15.14850
792,109,-686,694.61,2.45444
793,503,409,648.30,2.29080
794,417,655,776.48,2.74373
795,504,626,803.67,2.83984
796,96,200,221.85,0.78391
797,-479,163,505.97,1.78790
798,-685,222,720.08,2.54444
799,-822,334,887.27,3.13521
800,-883,365,955.47,3.37620
801,-909,399,992.71,3.50782
802,-647,821,1045.30,3.69364
803,339,774,844.98,2.98581
804,1046,302,1088.72,3.84708
805,973,-110,979.20,3.46006
806,465,-279,542.28,1.91618
807,163,-571,593.81,2.09827
808,271,-593,651.99,2.30385
809,-14,-527,527.19,1.86285
810,-6,-762,762.02,2.69266
811,34,-505,506.14,1.78849
812,31,398,399.21,1.41062
813,76,568,573.06,2.02495
814,49,-165,172.12,0.60821
815,122,-845,853.76,3.01683
816,298,-729,787.56,2.78288
817,80,-411,418.71,1.47955
818,-553,-177,580.64,2.05172
819,-758,-549,935.93,3.30717
820,-48,-1099,1100.05,3.88709
821,368,-1231,1284.83,4.54003
822,232,-312,388.80,1.37386
823,-427,423,601.05,2.12384
824,-616,159,636.19,2.24802
825,47,-532,534.07,1.88718
826,377,-1148,1208.32,4.26968
827,73,-1238,1240.15,4.38216
828,270,-849,890.90,3.14805
829,373,-615,719.27,2.54160
830,320,-114,339.70,1.20035
831,-40,319,321.50,1.13604
832,-566,276,629.71,2.22512
833,-452,-398,602.25,2.12810
834,155,-568,588.77,2.08046
835,601,-633,872.86,3.08432
836,372,-783,866.88,3.06316
837,-606,-650,888.67,3.14018
838,-825,-616,1029.60,3.63817
839,-357,-458,580.70,2.05194
840,25,-262,263.19,0.93000
841,-157,-207,259.80,0.91803
842,-278,-295,405.35,1.43233
843,-60,-740,742.43,2.62342
844,377,-626,730.76,2.58218
845,91,-72,116.04,0.41003
846,-129,159,204.75,0.72349
847,240,-43,243.82,0.86156
848,414,-404,578.46,2.04402
849,454,-453,641.35,2.26624
850,386,-509,638.81,2.25728
# END
# FRAME,95,RX_TS,603132195095,FP_INDEX,746.8437,FP_INT,746,RXPACC,283,RXPWR,-68.56,STD_NOISE,164.00,NTM,13,NOISE_THRESH,2132.00,PEAK_IDX,749,PEAK_AMPL,19398,START,696,elapsed_s,9.6778
sample,real,imag,amplitude,amplitude_norm
696,118,177,212.73,0.75169
697,-158,43,163.75,0.57861
698,-125,-145,191.44,0.67647
699,303,234,382.84,1.35278
700,624,805,1018.53,3.59904
701,818,745,1106.41,3.90959
702,710,595,926.35,3.27332
703,-58,-147,158.03,0.55840
704,-626,-345,714.77,2.52570
705,-327,-152,360.60,1.27421
706,-220,329,395.78,1.39851
707,110,312,330.82,1.16899
708,432,18,432.37,1.52783
709,345,113,363.03,1.28281
710,370,250,446.54,1.57789
711,60,289,295.16,1.04298
712,-114,170,204.69,0.72327
713,-67,45,80.71,0.28519
714,-49,96,107.78,0.38086
715,538,327,629.58,2.22467
716,653,818,1046.68,3.69851
717,653,721,972.75,3.43729
718,611,570,835.60,2.95264
719,-197,-142,242.84,0.85810
720,-620,-537,820.22,2.89832
721,-184,-95,207.08,0.73172
722,94,354,366.27,1.29423
723,155,462,487.31,1.72194
724,553,475,729.00,2.57595
725,797,435,907.98,3.20842
726,681,223,716.58,2.53209
727,-317,101,332.70,1.17562
728,-604,-254,655.23,2.31532
729,-104,-245,266.16,0.94049
730,15,-275,275.41,0.97318
731,-396,-496,634.69,2.24272
732,-740,-878,1148.25,4.05743
733,-801,-745,1093.90,3.86539
734,-782,-502,929.26,3.28361
735,-60,98,114.91,0.40604
736,350,336,485.18,1.71440
737,-24,-17,29.41,0.10393
738,-633,-138,647.87,2.28929
739,-902,-403,987.93,3.49093
740,-909,-359,977.32,3.45344
741,-840,-656,1065.80,3.76609
742,-747,-479,887.38,3.13563
743,-278,206,346.01,1.22264
744,276,329,429.44,1.51745
745,200,-339,393.60,1.39081
746,1541,-2243,2721.35,9.61607
747,7981,-9582,12470.41,44.06505
748,11982,-15579,19653.84,69.44821
749,11562,-16474,20126.41,71.11807
750,9400,-14600,17364.33,61.35806
751,-1245,2393,2697.49,9.53178
752,-7218,12336,14292.53,50.50364
753,-1862,4271,4659.24,16.46373
754,1777,-2850,3358.61,11.86786
755,-274,-1394,1420.67,5.02005
756,-2382,905,2548.13,9.00398
757,-2044,706,2162.49,7.64131
758,-1208,396,1271.25,4.49205
759,-518,680,854.82,3.02058
760,-343,679,760.72,2.68805
761,-468,1290,1372.27,4.84901
762,-223,1151,1172.40,4.14277
763,-261,605,658.90,2.32826
764,-955,2,955.00,3.37457
765,-1626,120,1630.42,5.76121
766,-1095,1229,1646.05,5.81642
767,-33,2990,2990.18,10.56601
768,762,2242,2367.95,8.36733
769,169,442,473.21,1.67211
770,514,445,679.87,2.40236
771,1059,2519,2732.55,9.65566
772,219,2070,2081.55,7.35531
773,-1422,13,1422.06,5.02495
774,-2027,-1522,2534.80,8.95689
775,-972,-967,1371.08,4.84482
776,17,554,554.26,1.95852
777,-180,1597,1607.11,5.67884
778,-1500,2455,2876.98,10.16601
779,-1671,2362,2893.32,10.22374
780,-47,1683,1683.66,5.94932
781,1059,1123,1543.57,5.45431
782,1759,660,1878.74,6.63867
783,1483,648,1618.39,5.71870
784,883,2256,2422.65,8.56060
785,-1005,5167,5263.83,18.60011
786,-2509,5406,5959.86,21.05957
787,-1738,2031,2673.13,9.44568
788,-150,-389,416.92,1.47321
789,343,-566,661.82,2.33858
790,504,-497,707.83,2.50117
791,402,-539,672.40,2.37598
792,314,79,323.79,1.14412
793,394,455,601.88,2.12679
794,437,742,861.12,3.04284
795,689,701,982.92,3.47320
796,623,853,1056.29,3.73246
797,851,716,1112.14,3.92983
798,1069,228,1093.04,3.86235
799,549,-829,994.30,3.51344
800,-135,-1007,1016.01,3.59014
801,-492,-754,900.32,3.18135
802,-392,-182,432.19,1.52717
803,-644,166,665.05,2.35000
804,-495,148,516.65,1.82562
805,-438,298,529.76,1.87195
806,-742,264,787.57,2.78292
807,-292,60,298.10,1.05336
808,504,-171,532.22,1.88063
809,311,-191,364.97,1.28964
810,-374,158,406.00,1.43465
811,-947,237,976.21,3.44949
812,-641,73,645.14,2.27966
813,-192,358,406.24,1.43546
814,120,881,889.13,3.14182
815,-529,942,1080.37,3.81757
816,-1199,409,1266.84,4.47646
817,-973,182,989.88,3.49779
818,-96,171,196.10,0.69295
819,594,586,834.41,2.94843
820,98,481,490.88,1.73456
821,-686,140,700.14,2.47399
822,-1188,153,1197.81,4.23255
823,-1072,485,1176.61,4.15763
824,-848,116,855.90,3.02437
825,-542,-34,543.07,1.91896
826,-22,-124,125.94,0.44501
827,482,231,534.50,1.88868
828,220,649,685.27,2.42146
829,-297,493,575.55,2.03375
830,-578,-40,579.38,2.04729
831,-807,-215,835.15,2.95106
832,-651,250,697.35,2.46414
833,-202,960,981.02,3.46651
834,-256,870,906.88,3.20453
835,-184,186,261.63,0.92450
836,-218,100,239.84,0.84750
837,-74,280,289.61,1.02337
838,-168,386,420.98,1.48754
839,-646,258,695.61,2.45800
840,-454,12,454.16,1.60480
841,66,71,96.94,0.34254
842,164,-35,167.69,0.59256
843,-271,-231,356.09,1.25828
844,-511,-172,539.17,1.90520
845,-613,-153,631.81,2.23253
# END
# FRAME,96,RX_TS,609521989113,FP_INDEX,750.7500,FP_INT,750,RXPACC,260,RXPWR,-68.80,STD_NOISE,124.00,NTM,13,NOISE_THRESH,1612.00,PEAK_IDX,753,PEAK_AMPL,16913,START,700,elapsed_s,9.7888
sample,real,imag,amplitude,amplitude_norm
700,248,130,280.01,1.07695
701,-57,204,211.81,0.81467
702,-236,-34,238.44,0.91706
703,239,-3,239.02,0.91930
704,998,146,1008.62,3.87932
705,1006,100,1010.96,3.88830
706,796,87,800.74,3.07977
707,-145,-57,155.80,0.59924
708,-713,90,718.66,2.76407
709,-333,92,345.48,1.32875
710,14,378,378.26,1.45484
711,208,168,267.37,1.02836
712,285,-136,315.79,1.21456
713,342,-66,348.31,1.33965
714,388,-62,392.92,1.51124
715,233,205,310.34,1.19363
716,45,248,252.05,0.96942
717,-21,128,129.71,0.49889
718,70,77,104.06,0.40024
719,589,-99,597.26,2.29716
720,893,101,898.69,3.45651
721,847,166,863.11,3.31967
722,744,113,752.53,2.89436
723,-219,103,242.01,0.93082
724,-669,68,672.45,2.58633
725,-218,97,238.61,0.91772
726,270,263,376.92,1.44969
727,385,280,476.05,1.83097
728,665,96,671.89,2.58421
729,746,-127,756.73,2.91051
730,654,-231,693.60,2.66768
731,-111,194,223.51,0.85966
732,-606,207,640.38,2.46300
733,-288,-53,292.84,1.12629
734,-164,-196,255.56,0.98293
735,-577,-156,597.72,2.29891
736,-1041,-236,1067.42,4.10545
737,-1003,-103,1008.27,3.87798
738,-981,122,988.56,3.80214
739,-41,78,88.12,0.33892
740,410,31,411.17,1.58142
741,-112,-89,143.06,0.55022
742,-573,193,604.63,2.32550
743,-827,276,871.84,3.35323
744,-972,250,1003.64,3.86014
745,-1007,63,1008.97,3.88065
746,-863,118,871.03,3.35011
747,-33,321,322.69,1.24112
748,367,133,390.36,1.50137
749,-72,-286,294.92,1.13432
750,-198,-2314,2322.46,8.93252
751,191,-10933,10934.67,42.05642
752,-541,-16360,16368.94,62.95747
753,-1587,-16493,16569.18,63.72760
754,-1742,-14831,14932.95,57.43444
755,402,2347,2381.18,9.15838
756,1796,12931,13055.13,50.21204
757,1140,4451,4594.67,17.67181
758,-355,-2956,2977.24,11.45092
759,-1028,-931,1386.92,5.33430
760,-1145,2032,2332.39,8.97074
761,-1124,1708,2044.66,7.86408
762,-654,1022,1213.34,4.66670
763,8,840,840.04,3.23092
764,171,648,670.18,2.57763
765,399,1208,1272.19,4.89303
766,507,1065,1179.52,4.53663
767,186,699,723.32,2.78201
768,-622,546,827.65,3.18326
769,-1050,1021,1464.56,5.63293
770,-88,1467,1469.64,5.65245
771,1712,2178,2770.31,10.65505
772,1907,1208,2257.41,8.68236
773,491,232,543.05,2.08866
774,532,-90,539.56,2.07523
775,2145,1072,2397.96,9.22292
776,1377,1349,1927.67,7.41413
777,-1004,908,1353.69,5.20650
778,-2289,69,2290.04,8.80785
779,-1304,-156,1313.30,5.05115
780,250,412,481.92,1.85353
781,776,1316,1527.75,5.87598
782,300,2602,2619.24,10.07399
783,57,2694,2694.60,10.36386
784,851,1295,1549.59,5.95996
785,1403,288,1432.25,5.50867
786,1621,-513,1700.24,6.53938
787,1403,-409,1461.40,5.62077
788,1895,1110,2196.16,8.44677
789,2308,4231,4819.57,18.53680
790,1356,5253,5425.20,20.86614
791,-40,2507,2507.32,9.64353
792,-380,-142,405.66,1.56025
793,-87,-527,534.13,2.05436
794,84,-597,602.88,2.31877
795,-78,-616,620.92,2.38815
796,247,-72,257.28,0.98954
797,628,235,670.53,2.57896
798,799,306,855.59,3.29074
799,921,66,923.36,3.55139
800,974,218,998.10,3.83884
801,1005,19,1005.18,3.86608
802,890,-401,976.17,3.75449
803,-95,-900,905.00,3.48077
804,-699,-626,938.34,3.60899
805,-796,-272,841.19,3.23534
806,-408,104,421.05,1.61941
807,-368,430,565.97,2.17681
808,-340,326,471.04,1.81168
809,-226,436,491.09,1.88882
810,-403,688,797.34,3.06670
811,-226,234,325.32,1.25122
812,119,-364,382.96,1.47292
813,21,-243,243.91,0.93810
814,-280,280,395.98,1.52300
815,-519,720,887.56,3.41369
816,-483,425,643.36,2.47447
817,-25,429,429.73,1.65280
818,458,557,721.12,2.77354
819,111,958,964.41,3.70927
820,-677,1031,1233.41,4.74387
821,-691,711,991.46,3.81333
822,29,280,281.50,1.08268
823,707,182,730.05,2.80788
824,400,350,531.51,2.04426
825,-456,516,688.62,2.64852
826,-819,819,1158.24,4.45477
827,-491,940,1060.51,4.07888
828,-512,663,837.68,3.22186
829,-423,337,540.83,2.08012
830,-173,-51,180.36,0.69370
831,429,-66,434.05,1.66941
832,467,446,645.76,2.48369
833,28,533,533.73,2.05283
834,-487,339,593.37,2.28220
835,-703,297,763.16,2.93524
836,-347,629,718.37,2.76295
837,394,913,994.39,3.82456
838,297,845,895.68,3.44490
839,-19,288,288.63,1.11010
840,-106,119,159.36,0.61294
841,136,283,313.98,1.20762
842,69,437,442.41,1.70159
843,-299,615,683.83,2.63012
844,-421,295,514.07,1.97719
845,33,21,39.12,0.15044
846,103,-40,110.49,0.42498
847,-298,25,299.05,1.15018
848,-474,208,517.63,1.99088
849,-557,292,628.90,2.41884
# END
# FRAME,97,RX_TS,615911783112,FP_INDEX,752.8437,FP_INT,752,RXPACC,271,RXPWR,-68.35,STD_NOISE,160.00,NTM,13,NOISE_THRESH,2080.00,PEAK_IDX,755,PEAK_AMPL,18511,START,702,elapsed_s,9.8767
sample,real,imag,amplitude,amplitude_norm
702,21,215,216.02,0.79713
703,-185,-22,186.30,0.68747
704,-62,-170,180.95,0.66772
705,58,219,226.55,0.83598
706,163,943,956.98,3.53131
707,328,1010,1061.92,3.91854
708,265,889,927.66,3.42309
709,106,-75,129.85,0.47915
710,-217,-653,688.11,2.53916
711,-141,-383,408.13,1.50601
712,-280,111,301.20,1.11144
713,-103,295,312.46,1.15301
714,246,232,338.14,1.24776
715,202,268,335.60,1.23838
716,186,292,346.21,1.27752
717,10,216,216.23,0.79790
718,-202,44,206.74,0.76287
719,-63,-55,83.63,0.30860
720,-52,-12,53.37,0.19692
721,317,395,506.47,1.86890
722,228,867,896.48,3.30804
723,209,965,987.37,3.64344
724,189,866,886.38,3.27079
725,-33,-133,137.03,0.50566
726,-231,-787,820.20,3.02657
727,-84,-320,330.84,1.22082
728,-82,237,250.78,0.92541
729,-31,427,428.12,1.57979
730,201,707,735.02,2.71224
731,431,776,887.66,3.27549
732,506,574,765.19,2.82357
733,-166,-9,166.24,0.61345
734,-412,-558,693.62,2.55948
735,-6,-313,313.06,1.15519
736,144,-261,298.09,1.09996
737,29,-646,646.65,2.38616
738,-102,-1036,1041.01,3.84136
739,-292,-958,1001.51,3.69562
740,-350,-917,981.52,3.62186
741,-72,-59,93.09,0.34349
742,175,470,501.52,1.85064
743,83,12,83.86,0.30946
744,-388,-488,623.45,2.30055
745,-475,-763,898.77,3.31651
746,-561,-808,983.66,3.62974
747,-362,-929,997.04,3.67911
748,-388,-850,934.37,3.44785
749,-416,-40,417.92,1.54214
750,25,402,402.78,1.48626
751,386,-121,404.52,1.49270
752,2142,-944,2340.79,8.63760
753,10439,-3535,11021.29,40.66898
754,16427,-6799,17778.44,65.60308
755,16491,-8203,18418.53,67.96506
756,14974,-7557,16772.86,61.89248
757,-846,548,1007.98,3.71948
758,-12123,6246,13637.44,50.32264
759,-4375,2925,5262.72,19.41964
760,2742,-1288,3029.44,11.17875
761,804,-1408,1621.38,5.98296
762,-2308,-490,2359.44,8.70643
763,-2109,-529,2174.33,8.02337
764,-1248,-384,1305.74,4.81823
765,-800,263,842.12,3.10746
766,-628,267,682.40,2.51809
767,-1033,755,1279.50,4.72139
768,-842,883,1220.10,4.50223
769,-601,445,747.81,2.75946
770,-749,-403,850.54,3.13851
771,-1288,-767,1499.08,5.53165
772,-1458,189,1470.20,5.42509
773,-1380,2220,2613.96,9.64562
774,-400,2265,2300.05,8.48726
775,-29,640,640.66,2.36405
776,249,569,621.10,2.29187
777,-317,2406,2426.79,8.95496
778,-723,1876,2010.50,7.41881
779,-1117,-578,1257.69,4.64091
780,-862,-2271,2429.09,8.96344
781,-323,-1540,1573.51,5.80630
782,-297,255,391.45,1.44447
783,-902,1171,1478.12,5.45433
784,-2412,1257,2719.89,10.03649
785,-2617,1008,2804.42,10.34840
786,-930,1257,1563.63,5.76986
787,248,1488,1508.53,5.56651
788,1048,1471,1806.14,6.66473
789,1024,1159,1546.56,5.70687
790,-167,2102,2108.62,7.78090
791,-3113,3595,4755.50,17.54798
792,-4785,3208,5760.86,21.25778
793,-2638,1078,2849.76,10.51572
794,10,-322,322.16,1.18876
795,632,-217,668.22,2.46574
796,757,-84,761.65,2.81050
797,745,-181,766.67,2.82905
798,287,292,409.43,1.51081
799,98,650,657.35,2.42563
800,-38,863,863.84,3.18759
801,244,897,929.59,3.43024
802,125,948,956.21,3.52843
803,363,994,1058.21,3.90483
804,812,776,1123.17,4.14455
805,863,-276,906.06,3.34340
806,372,-895,969.23,3.57650
807,-8,-856,856.04,3.15881
808,-213,-291,360.62,1.33072
809,-600,-161,621.23,2.29234
810,-440,-170,471.70,1.74059
811,-493,-15,493.23,1.82003
812,-756,-144,769.59,2.83982
813,-448,-166,477.77,1.76297
814,399,-58,403.19,1.48780
815,422,-112,436.61,1.61111
816,-302,-152,338.09,1.24758
817,-904,-259,940.37,3.47000
818,-584,-318,664.97,2.45375
819,-398,39,399.91,1.47567
820,-399,563,690.05,2.54631
821,-829,464,950.02,3.50561
822,-1149,-227,1171.21,4.32180
823,-882,-438,984.77,3.63383
824,-204,-8,204.16,0.75335
825,196,716,742.34,2.73927
826,-161,397,428.40,1.58083
827,-569,-257,624.35,2.30387
828,-1003,-594,1165.70,4.30146
829,-1177,-141,1185.42,4.37423
830,-874,-320,930.74,3.43446
831,-521,-382,646.04,2.38390
832,16,-224,224.57,0.82867
833,376,244,448.23,1.65399
834,-63,601,604.29,2.22986
835,-448,241,508.71,1.87716
836,-426,-248,492.93,1.81893
837,-509,-511,721.25,2.66144
838,-600,-149,618.22,2.28127
839,-626,644,898.12,3.31408
840,-696,600,918.92,3.39085
841,-276,93,291.25,1.07471
842,-133,-60,145.91,0.53840
843,-212,165,268.64,0.99130
844,-371,193,418.20,1.54317
845,-628,-131,641.52,2.36722
846,-381,-314,493.72,1.82184
847,-26,81,85.07,0.31391
848,217,78,230.59,0.85090
849,-46,-341,344.09,1.26970
850,-320,-357,479.43,1.76910
851,-363,-316,481.27,1.77592
# END
# FRAME,98,RX_TS,622301577091,FP_INDEX,748.9062,FP_INT,748,RXPACC,299,RXPWR,-69.22,STD_NOISE,176.00,NTM,13,NOISE_THRESH,2288.00,PEAK_IDX,751,PEAK_AMPL,19927,START,698,elapsed_s,9.9927
sample,real,imag,amplitude,amplitude_norm
698,-75,-156,173.09,0.57890
699,216,-6,216.08,0.72269
700,194,183,266.69,0.89195
701,-114,-76,137.01,0.45823
702,-543,-784,953.68,3.18956
703,-721,-885,1141.52,3.81779
704,-547,-686,877.39,2.93440
705,148,242,283.67,0.94873
706,705,499,863.73,2.88872
707,377,281,470.20,1.57258
708,285,-249,378.45,1.26573
709,34,-223,225.58,0.75444
710,-347,-49,350.44,1.17205
711,-339,-163,376.15,1.25803
712,-358,-172,397.18,1.32834
713,-40,-169,173.67,0.58083
714,166,-114,201.38,0.67350
715,52,146,154.98,0.51834
716,127,-76,148.00,0.49499
717,-433,-258,504.04,1.68574
718,-557,-806,979.74,3.27671
719,-558,-760,942.85,3.15334
720,-467,-554,724.57,2.42332
721,282,241,370.95,1.24064
722,736,626,966.22,3.23149
723,381,117,398.56,1.33298
724,84,-378,387.22,1.29505
725,47,-488,490.26,1.63966
726,-492,-522,717.32,2.39906
727,-799,-471,927.49,3.10198
728,-763,-233,797.78,2.66817
729,283,79,293.82,0.98267
730,684,406,795.42,2.66027
731,229,297,375.03,1.25429
732,23,313,313.84,1.04965
733,408,625,746.38,2.49627
734,704,1102,1307.68,4.37350
735,764,946,1215.98,4.06683
736,912,771,1194.23,3.99408
737,197,54,204.27,0.68317
738,-303,-317,438.52,1.46662
739,62,177,187.54,0.62724
740,629,371,730.26,2.44235
741,896,632,1096.47,3.66711
742,1005,543,1142.31,3.82044
743,840,834,1183.70,3.95888
744,822,725,1096.04,3.66569
745,362,-40,364.20,1.21807
746,-202,-309,369.17,1.23468
747,-120,263,289.08,0.96683
748,-1612,2117,2660.87,8.89923
749,-8828,9033,12630.47,42.24236
750,-14101,15325,20825.32,69.64989
751,-13882,16469,21539.22,72.03751
752,-11304,14576,18445.60,61.69098
753,1287,-1747,2169.88,7.25712
754,9033,-12091,15092.63,50.47701
755,2774,-4615,5384.54,18.00850
756,-1987,2796,3430.13,11.47200
757,60,1788,1789.01,5.98330
758,2633,-531,2686.01,8.98331
759,2428,-438,2467.19,8.25147
760,1469,-238,1488.15,4.97711
761,703,-588,916.49,3.06518
762,457,-551,715.86,2.39417
763,743,-1208,1418.21,4.74317
764,560,-1207,1330.58,4.45011
765,457,-698,834.30,2.79029
766,1048,93,1052.12,3.51879
767,1830,62,1831.05,6.12391
768,1356,-1104,1748.59,5.84811
769,333,-3060,3078.07,10.29453
770,-640,-2335,2421.12,8.09739
771,-289,-349,453.12,1.51547
772,-549,-275,614.02,2.05359
773,-787,-2550,2668.68,8.92536
774,-10,-2153,2153.02,7.20075
775,1538,105,1541.58,5.15579
776,2020,1795,2702.30,9.03779
777,1134,1286,1714.57,5.73435
778,368,-394,539.13,1.80311
779,574,-1633,1730.94,5.78911
780,1901,-2425,3081.30,10.30536
781,2084,-2312,3112.62,10.41010
782,289,-1671,1695.81,5.67160
783,-911,-1274,1566.20,5.23814
784,-1733,-771,1896.77,6.34371
785,-1515,-639,1644.25,5.49915
786,-782,-2172,2308.49,7.72069
787,1470,-5122,5328.77,17.82197
788,3126,-5378,6220.51,20.80439
789,2097,-2153,3005.46,10.05172
790,242,484,541.13,1.80979
791,-326,645,722.70,2.41707
792,-505,658,829.45,2.77408
793,-549,666,863.11,2.88665
794,-405,-97,416.45,1.39282
795,-412,-480,632.57,2.11562
796,-383,-743,835.91,2.79567
797,-541,-831,991.59,3.31634
798,-516,-854,997.78,3.33707
799,-685,-677,963.10,3.22106
800,-945,-236,974.02,3.25760
801,-575,812,994.97,3.32767
802,128,979,987.33,3.30211
803,439,764,881.15,2.94697
804,409,319,518.69,1.73476
805,716,-33,716.76,2.39719
806,593,-27,593.61,1.98533
807,603,-244,650.50,2.17557
808,919,-208,942.24,3.15132
809,514,15,514.22,1.71980
810,-364,197,413.89,1.38425
811,-287,140,319.33,1.06798
812,494,-69,498.80,1.66821
813,1088,-100,1092.59,3.65413
814,748,142,761.36,2.54635
815,326,-200,382.46,1.27913
816,52,-758,759.78,2.54108
817,708,-805,1072.05,3.58545
818,1404,-300,1435.69,4.80165
819,1237,-13,1237.07,4.13735
820,223,-105,246.48,0.82436
821,-548,-534,765.15,2.55904
822,2,-429,429.00,1.43480
823,780,23,780.34,2.60983
824,1361,81,1363.41,4.55989
825,1285,-324,1325.22,4.43216
826,1023,-28,1023.38,3.42269
827,626,160,646.12,2.16095
828,39,245,248.08,0.82971
829,-400,-148,426.50,1.42643
830,-111,-638,647.58,2.16583
831,424,-398,581.53,1.94492
832,647,130,659.93,2.20713
833,848,402,938.46,3.13866
834,828,-127,837.68,2.80162
835,470,-944,1054.53,3.52686
836,448,-854,964.38,3.22534
837,255,-190,318.00,1.06355
838,243,-52,248.50,0.83111
839,173,-295,341.99,1.14376
840,346,-404,531.91,1.77898
841,772,-183,793.39,2.65349
842,592,233,636.20,2.12777
843,103,39,110.14,0.36835
844,-117,58,130.59,0.43675
845,250,393,465.78,1.55779
846,616,305,687.37,2.29890
847,746,218,777.20,2.59933
# END
# FRAME,99,RX_TS,628691371041,FP_INDEX,750.9844,FP_INT,750,RXPACC,262,RXPWR,-68.29,STD_NOISE,152.00,NTM,13,NOISE_THRESH,1976.00,PEAK_IDX,753,PEAK_AMPL,17722,START,700,elapsed_s,10.0875
sample,real,imag,amplitude,amplitude_norm
700,164,175,239.84,0.91540
701,-25,125,127.48,0.48655
702,-101,-85,132.01,0.50385
703,143,15,143.78,0.54880
704,725,492,876.18,3.34419
705,919,488,1040.53,3.97149
706,824,419,924.41,3.52829
707,116,51,126.72,0.48365
708,-535,-117,547.64,2.09024
709,-425,-35,426.44,1.62763
710,-159,306,344.84,1.31620
711,108,301,319.79,1.22057
712,322,-65,328.50,1.25380
713,375,-19,375.48,1.43313
714,423,81,430.69,1.64384
715,178,213,277.58,1.05948
716,-33,174,177.10,0.67596
717,-82,5,82.15,0.31356
718,-40,98,105.85,0.40400
719,436,144,459.16,1.75254
720,768,451,890.63,3.39936
721,753,448,876.19,3.34425
722,722,318,788.93,3.01118
723,-87,0,87.00,0.33206
724,-787,-248,825.15,3.14943
725,-380,-64,385.35,1.47081
726,148,368,396.65,1.51392
727,251,423,491.86,1.87734
728,571,229,615.21,2.34813
729,856,138,867.05,3.30936
730,810,12,810.09,3.09194
731,-12,157,157.46,0.60098
732,-743,61,745.50,2.84542
733,-381,-240,450.29,1.71866
734,-119,-223,252.76,0.96475
735,-379,-346,513.18,1.95871
736,-850,-563,1019.54,3.89139
737,-896,-451,1003.10,3.82864
738,-917,-351,981.88,3.74764
739,-222,-7,222.11,0.84775
740,353,234,423.52,1.61647
741,-21,3,21.21,0.08097
742,-506,13,506.17,1.93193
743,-761,-34,761.76,2.90748
744,-921,-50,922.36,3.52044
745,-971,-262,1005.73,3.83865
746,-935,-272,973.76,3.71664
747,-382,231,446.41,1.70387
748,267,226,349.81,1.33514
749,88,-208,225.85,0.86202
750,278,-1671,1693.97,6.46552
751,3192,-8707,9273.66,35.39564
752,5537,-15844,16783.64,64.05972
753,4954,-16467,17196.05,65.63378
754,3978,-15752,16246.54,62.00969
755,429,-1315,1383.21,5.27942
756,-2600,12911,13170.19,50.26790
757,-763,6514,6558.53,25.03257
758,620,-2311,2392.72,9.13253
759,-290,-1916,1937.82,7.39627
760,-1730,1377,2211.11,8.43937
761,-1782,1485,2319.64,8.85360
762,-1156,789,1399.59,5.34195
763,-389,785,876.10,3.34388
764,-106,617,626.04,2.38946
765,-97,1192,1195.94,4.56466
766,74,1229,1231.23,4.69934
767,55,788,789.92,3.01495
768,-698,342,777.28,2.96673
769,-1453,522,1543.92,5.89283
770,-1144,1149,1621.40,6.18855
771,289,2491,2507.71,9.57141
772,1185,1915,2251.99,8.59537
773,578,609,839.62,3.20466
774,537,91,544.66,2.07884
775,1552,1650,2265.22,8.64586
776,1096,1932,2221.22,8.47796
777,-913,788,1206.03,4.60318
778,-2141,-535,2206.83,8.42302
779,-1387,-717,1561.36,5.95940
780,-185,312,362.72,1.38444
781,259,1447,1470.00,5.61067
782,-440,2558,2595.57,9.90674
783,-755,2865,2962.81,11.30844
784,343,1601,1637.33,6.24935
785,1193,859,1470.08,5.61099
786,1719,80,1720.86,6.56817
787,1530,-114,1534.24,5.85588
788,1459,1139,1850.95,7.06468
789,993,4354,4465.80,17.04504
790,-358,5635,5646.36,21.55099
791,-905,3175,3301.46,12.60100
792,-318,0,318.00,1.21374
793,145,-609,626.02,2.38940
794,275,-620,678.25,2.58875
795,234,-791,824.89,3.14842
796,302,-234,382.05,1.45820
797,590,261,645.15,2.46241
798,649,526,835.39,3.18851
799,794,465,920.14,3.51199
800,833,494,968.47,3.69643
801,858,400,946.66,3.61320
802,1098,-38,1098.66,4.19335
803,479,-827,955.70,3.64772
804,-212,-910,934.37,3.56629
805,-662,-498,828.40,3.16184
806,-453,-98,463.48,1.76900
807,-473,298,559.05,2.13377
808,-385,255,461.79,1.76256
809,-301,417,514.29,1.96292
810,-526,496,722.97,2.75944
811,-395,268,477.34,1.82189
812,280,-300,410.37,1.56628
813,340,-215,402.27,1.53540
814,-200,164,258.64,0.98719
815,-743,453,870.21,3.32140
816,-663,308,731.05,2.79026
817,-268,371,457.67,1.74685
818,285,706,761.35,2.90593
819,-74,1119,1121.44,4.28032
820,-797,861,1173.26,4.47808
821,-933,534,1075.01,4.10309
822,-209,195,285.84,1.09100
823,602,326,684.60,2.61298
824,349,454,572.64,2.18565
825,-467,384,604.60,2.30765
826,-1033,525,1158.76,4.42273
827,-867,843,1209.27,4.61554
828,-766,449,887.89,3.38891
829,-585,201,618.57,2.36095
830,-131,-117,175.64,0.67039
831,430,39,431.76,1.64796
832,459,423,624.19,2.38240
833,-27,515,515.71,1.96835
834,-412,234,473.81,1.80845
835,-695,84,700.06,2.67198
836,-574,388,692.83,2.64441
837,28,837,837.47,3.19644
838,96,910,915.05,3.49256
839,-45,477,479.12,1.82869
840,-125,135,183.98,0.70223
841,9,290,290.14,1.10740
842,-34,401,402.44,1.53603
843,-479,471,671.78,2.56403
844,-486,160,511.66,1.95290
845,-21,44,48.75,0.18609
846,157,-25,158.98,0.60679
847,-240,-124,270.14,1.03107
848,-481,18,481.34,1.83716
849,-535,101,544.45,2.07805
# END
# FRAME,100,RX_TS,635081164967,FP_INDEX,752.9687,FP_INT,752,RXPACC,264,RXPWR,-68.70,STD_NOISE,152.00,NTM,13,NOISE_THRESH,1976.00,PEAK_IDX,755,PEAK_AMPL,17348,START,702,elapsed_s,10.1853
sample,real,imag,amplitude,amplitude_norm
702,-219,-31,221.18,0.83782
703,57,-102,116.85,0.44260
704,304,62,310.26,1.17522
705,7,57,57.43,0.21753
706,-777,-39,777.98,2.94689
707,-977,24,977.29,3.70187
708,-875,12,875.08,3.31471
709,-7,56,56.44,0.21377
710,666,-100,673.47,2.55101
711,469,-115,482.89,1.82914
712,40,-307,309.59,1.17271
713,-147,-207,253.89,0.96169
714,-188,214,284.85,1.07898
715,-288,185,342.30,1.29659
716,-325,156,360.50,1.36553
717,-177,-21,178.24,0.67516
718,10,-163,163.31,0.61859
719,113,-34,118.00,0.44699
720,86,-72,112.16,0.42485
721,-379,213,434.75,1.64679
722,-814,37,814.84,3.08652
723,-881,1,881.00,3.33712
724,-761,84,765.62,2.90008
725,25,-41,48.02,0.18190
726,860,-157,874.21,3.31141
727,411,-83,419.30,1.58825
728,-164,-137,213.69,0.80945
729,-294,-213,363.05,1.37519
730,-604,23,604.44,2.28954
731,-724,191,748.77,2.83625
732,-613,378,720.18,2.72794
733,-2,-80,80.02,0.30312
734,644,-270,698.31,2.64511
735,428,118,443.97,1.68170
736,222,208,304.22,1.15234
737,543,162,566.65,2.14640
738,1044,134,1052.56,3.98699
739,1045,10,1045.05,3.95851
740,1019,-39,1019.75,3.86267
741,299,-65,305.98,1.15903
742,-414,-35,415.48,1.57378
743,80,5,80.16,0.30362
744,609,-160,629.67,2.38510
745,848,-289,895.89,3.39354
746,1020,-327,1071.13,4.05733
747,1059,-158,1070.72,4.05576
748,1007,-115,1013.55,3.83919
749,329,-258,418.10,1.58370
750,-315,-22,315.77,1.19609
751,34,216,218.66,0.82826
752,470,1531,1601.52,6.06636
753,962,9014,9065.19,34.33783
754,2423,16105,16286.25,61.69034
755,3681,16462,16868.53,63.89594
756,3994,15925,16418.21,62.19019
757,472,2342,2389.09,9.04958
758,-3056,-12490,12858.43,48.70618
759,-2108,-6511,6843.74,25.92326
760,473,2174,2224.86,8.42750
761,1239,1752,2145.84,8.12818
762,1092,-1862,2158.59,8.17647
763,1030,-2012,2260.32,8.56182
764,733,-1100,1321.85,5.00701
765,115,-808,816.14,3.09145
766,-132,-564,579.24,2.19409
767,-350,-1015,1073.65,4.06686
768,-531,-978,1112.85,4.21536
769,-331,-640,720.53,2.72927
770,549,-547,774.99,2.93557
771,1090,-1064,1523.22,5.76977
772,358,-1403,1447.95,5.48468
773,-1633,-1748,2392.11,9.06102
774,-2280,-825,2424.67,9.18436
775,-747,-140,760.01,2.87881
776,-244,162,292.88,1.10940
777,-1885,-926,2100.17,7.95518
778,-1940,-1112,2236.10,8.47008
779,335,-942,999.79,3.78710
780,2207,-390,2241.19,8.48937
781,1780,-17,1780.08,6.74273
782,203,-381,431.71,1.63525
783,-796,-1116,1370.79,5.19240
784,-689,-2351,2449.88,9.27986
785,-322,-2876,2893.97,10.96201
786,-835,-1322,1563.62,5.92280
787,-1303,-248,1326.39,5.02421
788,-1479,633,1608.77,6.09381
789,-1275,802,1506.26,5.70554
790,-1728,-283,1751.02,6.63265
791,-2740,-3296,4286.17,16.23548
792,-2185,-5155,5598.95,21.20815
793,-583,-3321,3371.78,12.77191
794,410,-108,423.99,1.60601
795,303,665,730.78,2.76809
796,133,676,688.96,2.60969
797,168,723,742.26,2.81160
798,-128,307,332.62,1.25991
799,-587,82,592.70,2.24507
800,-767,-71,770.28,2.91772
801,-957,-9,957.04,3.62516
802,-1013,-53,1014.39,3.84237
803,-966,27,966.38,3.66052
804,-923,500,1049.73,3.97624
805,-92,852,856.95,3.24603
806,697,686,977.96,3.70439
807,857,200,880.03,3.33344
808,453,-40,454.76,1.72259
809,316,-458,556.44,2.10771
810,309,-370,482.06,1.82598
811,192,-437,477.32,1.80802
812,374,-663,761.21,2.88338
813,372,-484,610.44,2.31228
814,-17,344,344.42,1.30462
815,-80,371,379.53,1.43760
816,270,-160,313.85,1.18881
817,533,-842,996.52,3.77470
818,558,-587,809.90,3.06779
819,146,-418,442.76,1.67714
820,-478,-450,656.49,2.48672
821,-336,-919,978.50,3.70643
822,489,-1079,1184.64,4.48726
823,798,-785,1119.39,4.24011
824,231,-212,313.54,1.18764
825,-624,-16,624.21,2.36441
826,-449,-214,497.39,1.88405
827,334,-475,580.67,2.19952
828,809,-803,1139.86,4.31767
829,486,-1067,1172.47,4.44117
830,562,-778,959.75,3.63543
831,592,-425,728.76,2.76045
832,268,35,270.28,1.02377
833,-265,184,322.62,1.22203
834,-480,-98,489.90,1.85569
835,-77,-396,403.42,1.52809
836,396,-380,548.83,2.07891
837,708,-378,802.59,3.04011
838,514,-594,785.51,2.97543
839,-314,-765,826.93,3.13233
840,-430,-757,870.60,3.29774
841,-23,-370,370.71,1.40422
842,221,-169,278.21,1.05383
843,-5,-250,250.05,0.94716
844,-85,-350,360.17,1.36429
845,269,-648,701.62,2.65764
846,434,-366,567.73,2.15047
847,60,-67,89.94,0.34068
848,-59,30,66.19,0.25072
849,267,73,276.80,1.04848
850,423,-131,442.82,1.67735
851,471,-240,528.62,2.00236
# END
# FRAME,101,RX_TS,641470958876,FP_INDEX,746.9062,FP_INT,746,RXPACC,283,RXPWR,-68.51,STD_NOISE,164.00,NTM,13,NOISE_THRESH,2132.00,PEAK_IDX,749,PEAK_AMPL,19280,START,696,elapsed_s,10.2852
sample,real,imag,amplitude,amplitude_norm
696,-175,147,228.55,0.80759
697,30,-115,118.85,0.41996
698,204,-17,204.71,0.72335
699,-57,336,340.80,1.20424
700,-676,665,948.26,3.35075
701,-738,795,1084.74,3.83302
702,-652,747,991.52,3.50361
703,75,-6,75.24,0.26586
704,413,-634,756.65,2.67369
705,229,-359,425.82,1.50466
706,-270,-300,403.61,1.42618
707,-354,20,354.56,1.25288
708,-6,385,385.05,1.36059
709,-89,376,386.39,1.36533
710,-129,358,380.53,1.34464
711,-165,37,169.10,0.59752
712,-75,-156,173.09,0.61163
713,127,-133,183.90,0.64981
714,-43,-58,72.20,0.25513
715,-252,478,540.36,1.90940
716,-694,649,950.18,3.35752
717,-641,692,943.26,3.33308
718,-435,620,757.38,2.67626
719,164,-131,209.90,0.74169
720,541,-614,818.34,2.89165
721,212,-260,335.48,1.18543
722,-190,81,206.55,0.72984
723,-403,139,426.30,1.50635
724,-491,546,734.30,2.59470
725,-391,798,888.64,3.14008
726,-108,747,754.77,2.66702
727,-58,-170,179.62,0.63471
728,354,-666,754.24,2.66514
729,369,-187,413.68,1.46176
730,352,-35,353.74,1.24995
731,522,-419,669.36,2.36524
732,921,-750,1187.75,4.19698
733,767,-788,1099.65,3.88569
734,689,-866,1106.65,3.91043
735,74,-97,122.00,0.43111
736,-259,402,478.21,1.68979
737,158,9,158.26,0.55921
738,302,-535,614.35,2.17086
739,418,-825,924.85,3.26802
740,486,-918,1038.71,3.67036
741,750,-871,1149.41,4.06152
742,587,-830,1016.60,3.59221
743,-109,-308,326.72,1.15448
744,-236,301,382.49,1.35155
745,294,182,345.77,1.22182
746,1941,1190,2276.75,8.04504
747,9127,7317,11697.89,41.33530
748,15645,11700,19536.02,69.03187
749,16474,11354,20007.65,70.69840
750,15170,9485,17891.17,63.21970
751,-1008,-505,1127.43,3.98384
752,-12507,-7202,14432.39,50.99784
753,-4962,-2254,5449.95,19.25778
754,2825,1707,3300.68,11.66317
755,1748,-22,1748.14,6.17717
756,-795,-2336,2467.57,8.71934
757,-694,-2171,2279.23,8.05381
758,-267,-1275,1302.66,4.60303
759,-573,-588,821.02,2.90113
760,-523,-316,611.05,2.15920
761,-1203,-457,1286.88,4.54728
762,-1167,-211,1185.92,4.19054
763,-671,-267,722.17,2.55184
764,18,-940,940.17,3.32216
765,-30,-1702,1702.26,6.01507
766,-916,-1245,1545.67,5.46171
767,-2554,34,2554.23,9.02553
768,-1976,941,2188.62,7.73364
769,-482,333,585.84,2.07012
770,-498,468,683.39,2.41482
771,-2474,1028,2679.08,9.46671
772,-2110,464,2160.42,7.63398
773,-144,-1217,1225.49,4.33035
774,1481,-1979,2471.80,8.73428
775,1099,-1159,1597.21,5.64385
776,-361,-190,407.95,1.44151
777,-1587,-275,1610.65,5.69134
778,-2497,-1404,2864.65,10.12244
779,-2344,-1710,2901.45,10.25249
780,-1541,-96,1543.99,5.45579
781,-1114,1070,1544.63,5.45807
782,-627,1805,1910.80,6.75194
783,-403,1594,1644.15,5.80973
784,-1903,1070,2183.19,7.71444
785,-4987,-768,5045.79,17.82965
786,-5533,-2372,6020.01,21.27211
787,-2315,-1727,2888.21,10.20569
788,406,-189,447.84,1.58246
789,659,324,734.34,2.59485
790,621,502,798.53,2.82165
791,699,519,870.61,3.07636
792,70,369,375.58,1.32714
793,-285,458,539.43,1.90613
794,-692,388,793.35,2.80337
795,-712,693,993.58,3.51087
796,-809,709,1075.71,3.80111
797,-660,879,1099.20,3.88410
798,-183,1109,1124.00,3.97172
799,854,629,1060.64,3.74784
800,990,-81,993.31,3.50992
801,646,-412,766.20,2.70741
802,173,-380,417.53,1.47536
803,-129,-589,602.96,2.13060
804,-99,-415,426.65,1.50758
805,-329,-446,554.22,1.95837
806,-321,-779,842.54,2.97719
807,-175,-451,483.76,1.70941
808,227,333,403.01,1.42407
809,233,315,391.81,1.38448
810,-62,-339,344.62,1.21775
811,-261,-954,989.06,3.49491
812,10,-701,701.07,2.47728
813,-299,-218,370.03,1.30754
814,-839,115,846.84,2.99238
815,-1035,-579,1185.95,4.19062
816,-409,-1256,1320.92,4.66754
817,-71,-1045,1047.41,3.70109
818,-104,-201,226.31,0.79969
819,-419,575,711.47,2.51402
820,-485,186,519.44,1.83549
821,-138,-668,682.11,2.41027
822,-99,-1229,1232.98,4.35682
823,-443,-1091,1177.51,4.16081
824,-140,-936,946.41,3.34421
825,75,-609,613.60,2.16820
826,237,-37,239.87,0.84760
827,-43,518,519.78,1.83668
828,-539,339,636.74,2.24998
829,-407,-174,442.63,1.56408
830,48,-559,561.06,1.98253
831,143,-844,856.03,3.02484
832,-251,-694,738.00,2.60776
833,-925,-241,955.88,3.37767
834,-813,-280,859.87,3.03839
835,-163,-162,229.81,0.81205
836,32,-197,199.58,0.70524
837,-229,-94,247.54,0.87471
838,-334,-195,386.76,1.36663
839,-205,-629,661.56,2.33768
840,36,-437,438.48,1.54940
841,-27,87,91.09,0.32188
842,88,210,227.69,0.80457
843,275,-232,359.79,1.27134
844,212,-478,522.90,1.84772
845,168,-594,617.30,2.18127
# END
# FRAME,102,RX_TS,647860752752,FP_INDEX,748.0937,FP_INT,748,RXPACC,269,RXPWR,-68.38,STD_NOISE,156.00,NTM,13,NOISE_THRESH,2028.00,PEAK_IDX,750,PEAK_AMPL,18273,START,698,elapsed_s,10.3805
sample,real,imag,amplitude,amplitude_norm
698,-36,-112,117.64,0.43734
699,277,5,277.05,1.02991
700,-40,119,125.54,0.46670
701,-771,82,775.35,2.88234
702,-906,217,931.62,3.46329
703,-877,245,910.58,3.38505
704,-107,36,112.89,0.41968
705,662,-160,681.06,2.53183
706,492,-199,530.72,1.97294
707,49,-228,233.21,0.86694
708,-196,-217,292.41,1.08703
709,-173,196,261.43,0.97185
710,-211,270,342.67,1.27386
711,-259,218,338.53,1.25849
712,-219,26,220.54,0.81984
713,-51,-107,118.53,0.44064
714,135,-77,155.42,0.57775
715,85,-111,139.81,0.51973
716,-248,107,270.10,1.00408
717,-756,167,774.23,2.87816
718,-810,207,836.03,3.10792
719,-682,189,707.70,2.63087
720,-19,-10,21.47,0.07982
721,759,-237,795.14,2.95592
722,482,-70,487.06,1.81062
723,-149,-44,155.36,0.57755
724,-346,-161,381.62,1.41868
725,-558,160,580.49,2.15794
726,-684,319,754.73,2.80569
727,-633,536,829.45,3.08345
728,-64,-10,64.78,0.24080
729,650,-402,764.27,2.84114
730,525,-3,525.01,1.95170
731,210,160,264.01,0.98144
732,486,76,491.91,1.82865
733,1126,-31,1126.43,4.18746
734,1123,-198,1140.32,4.23911
735,1085,-317,1130.36,4.20208
736,333,-190,383.39,1.42525
737,-407,123,425.18,1.58059
738,-33,99,104.36,0.38794
739,543,-179,571.74,2.12544
740,796,-445,911.94,3.39012
741,903,-532,1048.06,3.89614
742,969,-325,1022.05,3.79944
743,951,-251,983.57,3.65638
744,327,-301,444.44,1.65221
745,-329,85,339.80,1.26321
746,35,259,261.35,0.97158
747,790,1314,1533.20,5.69962
748,2577,8082,8482.90,31.53496
749,5706,15982,16970.05,63.08570
750,7326,16494,18047.78,67.09212
751,7523,15908,17597.16,65.41695
752,1602,3543,3888.35,14.45483
753,-5383,-11775,12947.10,48.13047
754,-3693,-6869,7798.81,28.99185
755,692,1934,2054.07,7.63596
756,1659,1867,2497.59,9.28473
757,806,-1957,2116.48,7.86795
758,618,-2224,2308.27,8.58092
759,530,-1308,1411.30,5.24646
760,-84,-930,933.79,3.47132
761,-266,-537,599.27,2.22777
762,-528,-893,1037.42,3.85657
763,-736,-933,1188.35,4.41767
764,-519,-672,849.08,3.15645
765,428,-669,794.19,2.95240
766,881,-1189,1479.82,5.50121
767,344,-1390,1431.93,5.32318
768,-1745,-1420,2249.76,8.36342
769,-2432,-387,2462.60,9.15464
770,-980,-53,981.43,3.64845
771,-304,154,340.78,1.26685
772,-2071,-410,2111.19,7.84831
773,-2275,-698,2379.67,8.84636
774,73,-981,983.71,3.65692
775,2054,-867,2229.49,8.28805
776,1804,-313,1830.95,6.80651
777,113,-321,340.31,1.26509
778,-1110,-929,1447.46,5.38089
779,-1225,-2158,2481.45,9.22472
780,-939,-2890,3038.72,11.29636
781,-1050,-1248,1630.95,6.06302
782,-1361,-54,1362.07,5.06346
783,-1303,858,1560.12,5.79970
784,-1063,1019,1472.53,5.47407
785,-1748,174,1756.64,6.53026
786,-3358,-2667,4288.25,15.94143
787,-3358,-4769,5832.63,21.68262
788,-1352,-3395,3654.30,13.58477
789,297,-311,430.03,1.59864
790,345,617,706.90,2.62790
791,119,734,743.58,2.76425
792,343,745,820.17,3.04895
793,27,313,314.16,1.16789
794,-546,125,560.13,2.08225
795,-756,26,756.45,2.81207
796,-891,214,916.34,3.40646
797,-955,146,966.10,3.59143
798,-962,201,982.77,3.65344
799,-901,667,1121.02,4.16737
800,59,925,926.88,3.44565
801,807,550,976.60,3.63049
802,852,67,854.63,3.17706
803,484,-180,516.39,1.91966
804,277,-538,605.12,2.24953
805,281,-447,527.99,1.96278
806,129,-556,570.77,2.12182
807,233,-704,741.56,2.75671
808,228,-593,635.32,2.36179
809,54,323,327.48,1.21741
810,38,464,465.55,1.73068
811,153,-224,271.27,1.00842
812,282,-832,878.49,3.26577
813,372,-643,742.85,2.76154
814,46,-409,411.58,1.53003
815,-474,-406,624.11,2.32011
816,-610,-861,1055.19,3.92263
817,221,-1143,1164.17,4.32777
818,574,-991,1145.23,4.25737
819,153,-273,312.95,1.16338
820,-566,113,577.17,2.14561
821,-594,-162,615.69,2.28883
822,191,-563,594.52,2.21010
823,658,-942,1149.06,4.27158
824,358,-1133,1188.21,4.41715
825,365,-839,914.96,3.40133
826,487,-493,692.98,2.57613
827,348,-86,358.47,1.33260
828,-108,314,332.05,1.23440
829,-526,134,542.80,2.01784
830,-284,-325,431.60,1.60447
831,207,-410,459.29,1.70740
832,614,-505,795.00,2.95538
833,377,-679,776.64,2.88714
834,-447,-683,816.27,3.03446
835,-540,-631,830.52,3.08743
836,-112,-399,414.42,1.54060
837,106,-216,240.61,0.89445
838,-157,-270,312.33,1.16107
839,-167,-260,309.01,1.14875
840,131,-634,647.39,2.40666
841,418,-461,622.29,2.31335
842,2,-77,77.03,0.28634
843,-97,120,154.30,0.57361
844,256,95,273.06,1.01509
845,483,-254,545.72,2.02868
846,512,-363,627.62,2.33318
847,482,-350,595.67,2.21439
# END
# FRAME,103,RX_TS,654250546608,FP_INDEX,748.7500,FP_INT,748,RXPACC,316,RXPWR,-69.58,STD_NOISE,184.00,NTM,13,NOISE_THRESH,2392.00,PEAK_IDX,751,PEAK_AMPL,20384,START,698,elapsed_s,10.4846
sample,real,imag,amplitude,amplitude_norm
698,208,24,209.38,0.66260
699,-34,241,243.39,0.77021
700,-202,125,237.55,0.75173
701,375,-207,428.34,1.35550
702,1006,-485,1116.81,3.53420
703,1014,-678,1219.79,3.86009
704,774,-558,954.17,3.01952
705,-223,93,241.62,0.76461
706,-635,599,872.94,2.76247
707,-257,371,451.32,1.42823
708,287,359,459.62,1.45449
709,301,29,302.39,0.95694
710,120,-305,327.76,1.03721
711,245,-247,347.90,1.10095
712,303,-205,365.83,1.15770
713,273,46,276.85,0.87610
714,181,228,291.11,0.92123
715,7,194,194.13,0.61432
716,63,100,118.19,0.37402
717,471,-484,675.35,2.13718
718,923,-514,1056.47,3.34325
719,883,-520,1024.74,3.24284
720,618,-383,727.06,2.30082
721,-284,278,397.42,1.25765
722,-669,677,951.78,3.01197
723,-125,207,241.81,0.76523
724,399,70,405.09,1.28194
725,542,-87,548.94,1.73715
726,690,-484,842.83,2.66717
727,654,-674,939.14,2.97198
728,419,-678,797.02,2.52222
729,11,452,452.13,1.43080
730,-512,668,841.65,2.66344
731,-363,138,388.35,1.22894
732,-277,2,277.01,0.87661
733,-761,406,862.53,2.72952
734,-1138,677,1324.15,4.19035
735,-1011,792,1284.28,4.06419
736,-757,781,1087.66,3.44197
737,58,46,74.03,0.23426
738,375,-232,440.96,1.39545
739,-218,201,296.52,0.93836
740,-437,702,826.91,2.61679
741,-559,850,1017.34,3.21943
742,-640,978,1168.80,3.69872
743,-979,923,1345.50,4.25791
744,-705,857,1109.72,3.51177
745,177,362,402.96,1.27518
746,416,-216,468.73,1.48334
747,-325,-243,405.80,1.28418
748,-2295,-2292,3243.50,10.26424
749,-9157,-11203,14469.20,45.78862
750,-14942,-16491,22253.46,70.42234
751,-16270,-16235,22984.52,72.73582
752,-13370,-12668,18418.34,58.28588
753,3246,2921,4366.78,13.81892
754,11671,10428,15651.05,49.52864
755,3823,2583,4613.81,14.60066
756,-2834,-2630,3866.32,12.23520
757,-1479,252,1500.31,4.74783
758,477,2907,2945.87,9.32239
759,292,2453,2470.32,7.81746
760,270,1519,1542.81,4.88231
761,701,793,1058.42,3.34943
762,710,617,940.63,2.97668
763,1369,855,1614.06,5.10778
764,1198,607,1343.00,4.25000
765,640,563,852.39,2.69744
766,-227,1258,1278.32,4.04531
767,-342,2075,2103.00,6.65505
768,987,1977,2209.68,6.99267
769,3171,1058,3342.84,10.57862
770,2479,-229,2489.55,7.87834
771,674,-214,707.16,2.23784
772,786,-469,915.29,2.89649
773,3020,-465,3055.59,9.66959
774,2218,332,2242.71,7.09718
775,-321,1571,1603.46,5.07424
776,-1978,1759,2646.99,8.37656
777,-1240,836,1495.49,4.73257
778,581,328,667.19,2.11137
779,1876,849,2059.17,6.51636
780,2503,2361,3440.83,10.88871
781,2144,2127,3020.08,9.55721
782,1790,332,1820.53,5.76117
783,1457,-982,1757.04,5.56024
784,1011,-1714,1989.95,6.29732
785,920,-1402,1676.90,5.30666
786,2805,-350,2826.75,8.94542
787,5572,2292,6024.99,19.06641
788,5170,3885,6467.00,20.46520
789,1610,2141,2678.80,8.47722
790,-494,-18,494.33,1.56433
791,-506,-576,766.69,2.42623
792,-537,-651,843.90,2.67057
793,-618,-531,814.79,2.57845
794,145,-365,392.75,1.24287
795,579,-359,681.27,2.15590
796,922,-317,974.97,3.08536
797,897,-591,1074.19,3.39934
798,1060,-480,1163.62,3.68233
799,985,-810,1275.27,4.03568
800,419,-1219,1289.00,4.07911
801,-765,-762,1079.75,3.41694
802,-1071,65,1072.97,3.39548
803,-809,465,933.12,2.95290
804,-204,458,501.38,1.58664
805,78,719,723.22,2.28867
806,75,570,574.91,1.81934
807,170,665,686.39,2.17211
808,125,1029,1036.56,3.28027
809,-55,387,390.89,1.23699
810,-102,-492,502.46,1.59007
811,-85,-228,243.33,0.77003
812,100,627,634.92,2.00925
813,89,1125,1128.51,3.57125
814,-95,715,721.28,2.28254
815,404,369,547.15,1.73150
816,1006,264,1040.06,3.29134
817,945,1045,1408.92,4.45860
818,174,1507,1517.01,4.80067
819,-158,1120,1131.09,3.57940
820,197,187,271.62,0.85956
821,805,-352,878.59,2.78036
822,496,164,522.41,1.65320
823,-52,944,945.43,2.99187
824,38,1476,1476.49,4.67243
825,266,1356,1381.84,4.37292
826,-69,1133,1135.10,3.59209
827,-275,693,745.57,2.35940
828,-202,-3,202.02,0.63931
829,300,-461,550.02,1.74057
830,724,-11,724.08,2.29140
831,411,457,614.63,1.94503
832,-107,823,829.93,2.62635
833,-279,1001,1039.15,3.28846
834,184,933,950.97,3.00940
835,1006,558,1150.39,3.64048
836,929,578,1094.13,3.46244
837,203,342,397.71,1.25857
838,81,293,303.99,0.96199
839,314,219,382.83,1.21148
840,380,399,551.00,1.74367
841,94,816,821.40,2.59936
842,-188,545,576.51,1.82441
843,-36,29,46.23,0.14629
844,-58,-176,185.31,0.58643
845,-282,219,357.05,1.12991
846,-309,591,666.90,2.11046
847,-284,699,754.49,2.38763
# END
# FRAME,104,RX_TS,660640340451,FP_INDEX,749.1406,FP_INT,749,RXPACC,276,RXPWR,-68.53,STD_NOISE,160.00,NTM,13,NOISE_THRESH,2080.00,PEAK_IDX,751,PEAK_AMPL,19039,START,699,elapsed_s,10.5898
sample,real,imag,amplitude,amplitude_norm
699,102,151,182.22,0.66023
700,-242,163,291.78,1.05716
701,33,13,35.47,0.12851
702,844,-117,852.07,3.08721
703,1056,-317,1102.55,3.99476
704,931,-340,991.14,3.59109
705,200,-56,207.69,0.75251
706,-657,306,724.77,2.62596
707,-419,307,519.43,1.88200
708,9,340,340.12,1.23232
709,289,286,406.59,1.47316
710,193,-177,261.87,0.94882
711,221,-236,323.32,1.17146
712,241,-189,306.27,1.10968
713,309,9,309.13,1.12004
714,213,262,337.66,1.22340
715,-41,226,229.69,0.83221
716,-33,146,149.68,0.54233
717,339,-184,385.72,1.39752
718,898,-291,943.97,3.42019
719,957,-232,984.72,3.56783
720,754,-280,804.31,2.91417
721,94,80,123.43,0.44723
722,-723,378,815.85,2.95598
723,-481,236,535.78,1.94122
724,227,162,278.88,1.01043
725,427,184,464.96,1.68463
726,572,-167,595.88,2.15899
727,686,-392,790.10,2.86269
728,557,-597,816.49,2.95830
729,128,56,139.71,0.50621
730,-497,588,769.90,2.78951
731,-476,144,497.30,1.80183
732,-296,-71,304.40,1.10288
733,-419,58,423.00,1.53259
734,-1047,248,1075.97,3.89844
735,-1068,445,1157.00,4.19203
736,-1009,536,1142.53,4.13961
737,-233,240,334.50,1.21195
738,499,-160,524.02,1.89864
739,145,-42,150.96,0.54696
740,-360,343,497.24,1.80160
741,-590,618,854.41,3.09570
742,-715,701,1001.31,3.62794
743,-934,617,1119.39,4.05578
744,-968,539,1107.95,4.01430
745,-237,480,535.32,1.93957
746,386,75,393.22,1.42471
747,39,-206,209.66,0.75963
748,-845,-1123,1405.40,5.09204
749,-3592,-7469,8287.85,30.02843
750,-8290,-15747,17795.85,64.47770
751,-10185,-16472,19366.49,70.16845
752,-10240,-15571,18636.35,67.52302
753,-2214,-3626,4248.49,15.39308
754,7313,11033,13236.58,47.95862
755,5080,6609,8335.78,30.20211
756,-865,-1609,1826.77,6.61875
757,-1946,-1639,2544.26,9.21832
758,-461,2114,2163.68,7.83943
759,-202,2531,2539.05,9.19945
760,-283,1446,1473.43,5.33853
761,278,957,996.56,3.61073
762,463,458,651.25,2.35962
763,794,897,1197.93,4.34034
764,969,1015,1403.28,5.08434
765,664,612,903.02,3.27180
766,-161,775,791.55,2.86792
767,-595,1423,1542.39,5.58835
768,19,1482,1482.12,5.37001
769,1995,1389,2430.91,8.80766
770,2495,395,2526.07,9.15244
771,955,104,960.65,3.48060
772,366,-233,433.87,1.57200
773,2188,66,2189.00,7.93114
774,2482,406,2514.99,9.11227
775,247,1156,1182.09,4.28295
776,-1831,1288,2238.64,8.11101
777,-1718,658,1839.70,6.66557
778,-34,416,417.39,1.51227
779,1305,756,1508.16,5.46437
780,1604,1932,2511.06,9.09806
781,1490,2814,3184.13,11.53671
782,1336,1179,1781.84,6.45592
783,1489,-80,1491.15,5.40271
784,1339,-1025,1686.28,6.10972
785,1088,-1156,1587.48,5.75172
786,1796,-379,1835.55,6.65056
787,3886,2236,4483.38,16.24413
788,4236,4308,6041.73,21.89034
789,2045,3281,3866.13,14.00773
790,-227,417,474.78,1.72022
791,-458,-488,669.26,2.42485
792,-215,-609,645.84,2.33999
793,-405,-605,728.05,2.63785
794,-7,-242,242.10,0.87718
795,632,-96,639.25,2.31612
796,762,-33,762.71,2.76346
797,938,-182,955.49,3.46193
798,1054,-248,1082.78,3.92313
799,1047,-322,1095.40,3.96883
800,839,-805,1162.73,4.21280
801,-152,-863,876.28,3.17494
802,-799,-328,863.70,3.12936
803,-880,168,895.89,3.24599
804,-452,310,548.09,1.98584
805,-202,604,636.88,2.30755
806,-103,575,584.15,2.11649
807,43,557,558.66,2.02412
808,33,740,740.74,2.68382
809,-55,738,740.05,2.68133
810,-58,-198,206.32,0.74754
811,4,-283,283.03,1.02546
812,16,312,312.41,1.13192
813,-55,983,984.54,3.56716
814,-182,764,785.38,2.84558
815,90,509,516.90,1.87281
816,648,291,710.34,2.57370
817,757,819,1115.26,4.04081
818,7,1255,1255.02,4.54717
819,-357,1214,1265.40,4.58479
820,-131,449,467.72,1.69464
821,533,-120,546.34,1.97950
822,618,130,631.53,2.28813
823,-38,603,604.20,2.18912
824,-388,1033,1103.46,3.99806
825,-95,1273,1276.54,4.62514
826,-155,1003,1014.91,3.67720
827,-296,635,700.60,2.53841
828,-321,183,369.50,1.33877
829,136,-221,259.49,0.94019
830,566,-78,571.35,2.07011
831,403,427,587.14,2.12733
832,-116,544,556.23,2.01533
833,-402,680,789.94,2.86210
834,-242,864,897.25,3.25091
835,590,708,921.61,3.33916
836,729,659,982.71,3.56055
837,268,465,536.70,1.94457
838,-2,177,177.01,0.64135
839,190,310,363.59,1.31737
840,205,392,442.37,1.60278
841,52,734,735.84,2.66609
842,-288,546,617.30,2.23660
843,4,92,92.09,0.33365
844,26,-104,107.20,0.38841
845,-356,3,356.01,1.28990
846,-397,360,535.92,1.94173
847,-353,535,640.96,2.32233
848,-349,561,660.70,2.39383
# END
# FRAME,105,RX_TS,667030134250,FP_INDEX,750.6250,FP_INT,750,RXPACC,264,RXPWR,-68.51,STD_NOISE,132.00,NTM,13,NOISE_THRESH,1716.00,PEAK_IDX,753,PEAK_AMPL,17414,START,700,elapsed_s,10.6858
sample,real,imag,amplitude,amplitude_norm
700,-141,-25,143.20,0.54242
701,185,-112,216.26,0.81917
702,248,86,262.49,0.99427
703,-388,38,389.86,1.47673
704,-943,-54,944.54,3.57782
705,-1022,54,1023.43,3.87661
706,-625,10,625.08,2.36773
707,487,-93,495.80,1.87803
708,682,-197,709.88,2.68895
709,258,-168,307.88,1.16620
710,-23,-303,303.87,1.15103
711,-121,9,121.33,0.45960
712,-181,271,325.89,1.23442
713,-297,132,325.01,1.23111
714,-263,49,267.53,1.01335
715,65,-106,124.34,0.47099
716,140,-128,189.69,0.71854
717,57,-92,108.23,0.40995
718,-86,-90,124.48,0.47153
719,-543,199,578.32,2.19059
720,-916,5,916.01,3.46975
721,-818,-5,818.02,3.09854
722,-423,46,425.49,1.61172
723,588,-14,588.17,2.22790
724,763,-44,764.27,2.89495
725,103,-160,190.29,0.72078
726,-242,-119,269.68,1.02150
727,-294,-20,294.68,1.11621
728,-630,140,645.37,2.44458
729,-748,275,796.95,3.01875
730,-425,239,487.59,1.84694
731,423,-230,481.49,1.82381
732,622,-112,632.00,2.39395
733,286,75,295.67,1.11996
734,223,146,266.54,1.00963
735,715,135,727.63,2.75619
736,1110,102,1114.68,4.22226
737,1075,-72,1077.41,4.08109
738,801,-181,821.20,3.11059
739,-260,-31,261.84,0.99182
740,-411,53,414.40,1.56971
741,298,74,307.05,1.16307
742,569,-205,604.80,2.29092
743,930,-186,948.42,3.59249
744,954,-332,1010.12,3.82621
745,1075,-41,1075.78,4.07493
746,761,-69,764.12,2.89440
747,-169,-186,251.31,0.95193
748,-380,48,383.02,1.45083
749,186,434,472.18,1.78855
750,538,3092,3138.46,11.88809
751,1253,12282,12345.75,46.76421
752,2963,16466,16730.47,63.37298
753,4053,16462,16953.59,64.21815
754,2829,11040,11396.70,43.16933
755,-1896,-8643,8848.52,33.51711
756,-3326,-13046,13463.30,50.99734
757,-1047,-2231,2464.46,9.33508
758,1000,3530,3668.91,13.89739
759,1202,331,1246.74,4.72251
760,1134,-2270,2537.49,9.61170
761,969,-1752,2002.12,7.58377
762,424,-916,1009.37,3.82338
763,-103,-435,447.03,1.69329
764,-135,-736,748.28,2.83439
765,-519,-1298,1397.91,5.29513
766,-467,-781,909.97,3.44687
767,-30,-516,516.87,1.95785
768,846,-590,1031.41,3.90687
769,1082,-1141,1572.45,5.95626
770,-275,-1700,1722.10,6.52310
771,-1929,-1533,2463.97,9.33321
772,-1762,-648,1877.38,7.11128
773,-398,-10,398.13,1.50805
774,-958,-113,964.64,3.65394
775,-2546,-1003,2736.44,10.36532
776,-1233,-1159,1692.21,6.40988
777,1273,-839,1524.61,5.77506
778,2477,-81,2478.32,9.38759
779,1059,100,1063.71,4.02921
780,-437,-504,667.07,2.52679
781,-914,-1594,1837.45,6.96005
782,-481,-2858,2898.19,10.97801
783,-438,-2417,2456.37,9.30442
784,-1087,-1085,1535.84,5.81756
785,-1427,0,1427.00,5.40530
786,-1237,842,1496.37,5.66808
787,-1050,582,1200.51,4.54739
788,-2105,-1299,2473.55,9.36949
789,-2771,-4566,5341.05,20.23124
790,-1625,-5109,5361.20,20.30759
791,-42,-1887,1887.47,7.14950
792,389,377,541.71,2.05193
793,87,776,780.86,2.95781
794,127,819,828.79,3.13935
795,156,521,543.85,2.06005
796,-319,182,367.27,1.39116
797,-537,156,559.20,2.11818
798,-768,-85,772.69,2.92685
799,-862,-45,863.17,3.26960
800,-832,-116,840.05,3.18200
801,-919,216,944.04,3.57592
802,-604,729,946.71,3.58602
803,404,750,851.89,3.22685
804,943,284,984.84,3.73045
805,872,105,878.30,3.32689
806,422,-188,461.98,1.74993
807,368,-476,601.66,2.27903
808,232,-385,449.50,1.70265
809,219,-536,579.01,2.19323
810,395,-788,881.46,3.33886
811,196,-65,206.50,0.78219
812,-86,478,485.67,1.83968
813,34,287,289.01,1.09472
814,286,-410,499.90,1.89355
815,543,-753,928.36,3.51653
816,440,-454,632.23,2.39481
817,-93,-370,381.51,1.44511
818,-632,-636,896.62,3.39627
819,-94,-945,949.66,3.59721
820,674,-898,1122.80,4.25303
821,664,-514,839.70,3.18067
822,-17,-28,32.76,0.12408
823,-654,-71,657.84,2.49183
824,-132,-266,296.95,1.12481
825,507,-599,784.76,2.97258
826,701,-1055,1266.66,4.79795
827,536,-943,1084.69,4.10866
828,561,-478,737.02,2.79176
829,381,-161,413.62,1.56674
830,112,192,222.28,0.84197
831,-383,188,426.65,1.61611
832,-344,-232,414.92,1.57167
833,50,-446,448.79,1.69998
834,555,-407,688.24,2.60697
835,749,-488,893.95,3.38617
836,224,-652,689.41,2.61138
837,-478,-821,950.01,3.59853
838,-341,-718,794.86,3.01084
839,51,-346,349.74,1.32477
840,106,-173,202.89,0.76853
841,-24,-291,291.99,1.10602
842,30,-620,620.73,2.35123
843,494,-570,754.28,2.85712
844,439,-196,480.77,1.82109
845,20,184,185.08,0.70107
846,-3,273,273.02,1.03415
847,384,45,386.63,1.46450
848,470,-204,512.36,1.94077
849,488,-320,583.56,2.21046
# END
# FRAME,106,RX_TS,673419928051,FP_INDEX,749.8906,FP_INT,749,RXPACC,264,RXPWR,-68.21,STD_NOISE,160.00,NTM,13,NOISE_THRESH,2080.00,PEAK_IDX,752,PEAK_AMPL,18089,START,699,elapsed_s,10.7910
sample,real,imag,amplitude,amplitude_norm
699,333,68,339.87,1.28739
700,15,122,122.92,0.46560
701,-196,34,198.93,0.75351
702,233,-22,234.04,0.88650
703,906,2,906.00,3.43183
704,1013,-92,1017.17,3.85291
705,906,-109,912.53,3.45657
706,-47,-26,53.71,0.20346
707,-657,211,690.05,2.61383
708,-356,142,383.28,1.45180
709,89,331,342.76,1.29832
710,238,156,284.57,1.07792
711,202,-251,322.19,1.22041
712,244,-137,279.83,1.05996
713,339,-49,342.52,1.29744
714,261,87,275.12,1.04211
715,24,164,165.75,0.62783
716,-84,33,90.25,0.34185
717,14,169,169.58,0.64234
718,519,-96,527.80,1.99926
719,896,-84,899.93,3.40882
720,852,-47,853.30,3.23218
721,735,-135,747.30,2.83066
722,-67,70,96.90,0.36703
723,-710,309,774.33,2.93305
724,-296,126,321.70,1.21857
725,230,171,286.60,1.08562
726,434,259,505.41,1.91442
727,685,-66,688.17,2.60671
728,809,-251,847.04,3.20850
729,641,-379,744.66,2.82069
730,25,277,278.13,1.05351
731,-600,414,728.97,2.76125
732,-351,13,351.24,1.33046
733,-241,-147,282.29,1.06930
734,-586,78,591.17,2.23927
735,-1057,47,1058.04,4.00774
736,-1003,202,1023.14,3.87553
737,-915,266,952.88,3.60940
738,-101,148,179.18,0.67871
739,401,-41,403.09,1.52686
740,-94,-51,106.94,0.40509
741,-437,302,531.20,2.01212
742,-758,519,918.65,3.47975
743,-835,557,1003.73,3.80201
744,-1008,354,1068.35,4.04679
745,-946,331,1002.24,3.79635
746,-106,353,368.57,1.39610
747,486,61,489.81,1.85535
748,-43,-210,214.36,0.81196
749,-679,-1787,1911.65,7.24110
750,-2451,-9745,10048.50,38.06252
751,-4966,-16286,17026.30,64.49356
752,-6253,-16501,17646.05,66.84109
753,-6097,-15328,16496.09,62.48519
754,79,-10,79.63,0.30163
755,5059,12508,13492.35,51.10739
756,2651,5254,5884.92,22.29137
757,-889,-2531,2682.59,10.16132
758,-1327,-1148,1754.66,6.64644
759,-695,2158,2267.15,8.58771
760,-678,2165,2268.68,8.59348
761,-506,1213,1314.31,4.97844
762,104,810,816.65,3.09337
763,280,546,613.61,2.32428
764,640,1098,1270.91,4.81404
765,685,957,1176.89,4.45792
766,364,639,735.40,2.78562
767,-545,653,850.55,3.22178
768,-931,1314,1610.39,6.09996
769,-139,1435,1441.72,5.46105
770,1762,1538,2338.82,8.85917
771,2052,664,2156.76,8.16953
772,748,193,772.50,2.92613
773,576,-109,586.22,2.22054
774,2304,621,2386.22,9.03872
775,1933,910,2136.49,8.09276
776,-469,1113,1207.78,4.57492
777,-2122,748,2249.98,8.52263
778,-1477,134,1483.07,5.61767
779,177,285,335.49,1.27080
780,1085,1118,1557.93,5.90125
781,1129,2506,2748.58,10.41128
782,941,2704,2863.06,10.84491
783,1209,1101,1635.20,6.19394
784,1493,-3,1493.00,5.65531
785,1481,-823,1694.31,6.41784
786,1201,-771,1427.18,5.40598
787,1977,321,2002.89,7.58671
788,3364,3305,4715.88,17.86318
789,2888,4949,5730.02,21.70463
790,876,2983,3108.97,11.77638
791,-415,123,432.84,1.63956
792,-273,-573,634.71,2.40421
793,-91,-651,657.33,2.48988
794,-183,-652,677.19,2.56513
795,254,-301,393.85,1.49185
796,627,-114,637.28,2.41394
797,728,31,728.66,2.76007
798,792,-26,792.43,3.00162
799,954,-28,954.41,3.61519
800,995,-188,1012.61,3.83563
801,886,-616,1079.10,4.08749
802,-54,-732,733.99,2.78026
803,-677,-349,761.66,2.88509
804,-782,33,782.70,2.96476
805,-414,192,456.36,1.72862
806,-319,484,579.67,2.19572
807,-226,421,477.83,1.80994
808,-113,613,623.33,2.36109
809,-288,841,888.95,3.36722
810,-174,550,576.87,2.18510
811,135,-351,376.07,1.42449
812,125,-327,350.08,1.32605
813,-51,376,379.44,1.43728
814,-255,878,914.28,3.46318
815,-313,610,685.62,2.59703
816,22,446,446.54,1.69145
817,611,458,763.60,2.89242
818,487,898,1021.55,3.86952
819,-332,1105,1153.80,4.37045
820,-533,912,1056.33,4.00125
821,-66,302,309.13,1.17094
822,649,-68,652.55,2.47179
823,475,231,528.19,2.00072
824,-255,636,685.22,2.59552
825,-593,1042,1198.92,4.54137
826,-265,1145,1175.27,4.45176
827,-386,821,907.21,3.43642
828,-419,438,606.14,2.29598
829,-208,58,215.94,0.81794
830,294,-212,362.46,1.37297
831,592,154,611.70,2.31705
832,258,489,552.89,2.09427
833,-281,489,563.99,2.13632
834,-606,510,792.05,3.00017
835,-350,742,820.40,3.10759
836,469,784,913.57,3.46051
837,484,734,879.21,3.33034
838,63,357,362.52,1.37317
839,-59,242,249.09,0.94352
840,135,293,322.61,1.22199
841,145,414,438.66,1.66158
842,-148,688,703.74,2.66568
843,-301,481,567.42,2.14931
844,117,117,165.46,0.62675
845,154,-120,195.23,0.73952
846,-330,-11,330.18,1.25069
847,-488,307,576.54,2.18385
848,-500,445,669.35,2.53540
# END
# FRAME,107,RX_TS,679809721813,FP_INDEX,749.8281,FP_INT,749,RXPACC,316,RXPWR,-69.41,STD_NOISE,184.00,NTM,13,NOISE_THRESH,2392.00,PEAK_IDX,752,PEAK_AMPL,20461,START,699,elapsed_s,10.8849
sample,real,imag,amplitude,amplitude_norm
699,283,-81,294.36,0.93153
700,109,246,269.07,0.85148
701,-174,213,275.04,0.87037
702,232,-134,267.92,0.84784
703,1002,-481,1111.47,3.51731
704,1042,-620,1212.50,3.83704
705,881,-469,998.06,3.15842
706,-119,118,167.59,0.53033
707,-533,683,866.36,2.74164
708,-281,394,483.94,1.53145
709,313,342,463.61,1.46712
710,276,37,278.47,0.88123
711,109,-330,347.54,1.09980
712,224,-278,357.02,1.12980
713,320,-252,407.31,1.28897
714,329,53,333.24,1.05456
715,115,188,220.38,0.69742
716,-37,120,125.57,0.39739
717,59,175,184.68,0.58442
718,437,-412,600.59,1.90061
719,935,-514,1066.97,3.37648
720,900,-516,1037.43,3.28300
721,637,-411,758.08,2.39900
722,-194,282,342.29,1.08318
723,-641,695,945.47,2.99198
724,-177,261,315.36,0.99796
725,272,26,273.24,0.86468
726,557,52,559.42,1.77032
727,667,-437,797.41,2.52344
728,674,-705,975.35,3.08654
729,398,-646,758.76,2.40115
730,-29,334,335.26,1.06094
731,-511,666,839.45,2.65649
732,-344,183,389.65,1.23306
733,-283,47,286.88,0.90784
734,-703,370,794.42,2.51400
735,-1161,692,1351.59,4.27717
736,-1012,766,1269.21,4.01649
737,-878,839,1214.42,3.84309
738,-47,126,134.48,0.42557
739,417,-251,486.71,1.54023
740,-88,103,135.47,0.42871
741,-376,666,764.81,2.42028
742,-622,871,1070.29,3.38700
743,-630,948,1138.25,3.60204
744,-926,810,1230.27,3.89327
745,-844,830,1183.74,3.74601
746,148,388,415.27,1.31414
747,421,-216,473.18,1.49740
748,-286,-181,338.46,1.07108
749,-1986,-1881,2735.39,8.65630
750,-8688,-10520,13643.74,43.17641
751,-14838,-16483,22177.82,70.18296
752,-16261,-16380,23080.83,73.04059
753,-14328,-13566,19731.39,62.44112
754,2005,1767,2672.51,8.45731
755,11987,10919,16214.58,51.31197
756,4514,3304,5593.98,17.70247
757,-2719,-2573,3743.43,11.84631
758,-1601,-122,1605.64,5.08114
759,443,2805,2839.77,8.98660
760,301,2576,2593.53,8.20736
761,150,1550,1557.24,4.92798
762,573,831,1009.40,3.19431
763,592,597,840.76,2.66062
764,1272,880,1546.73,4.89473
765,1195,617,1344.88,4.25596
766,644,511,822.11,2.60160
767,-261,1166,1194.85,3.78118
768,-324,2052,2077.42,6.57412
769,768,1783,1941.37,6.14357
770,2835,804,2946.80,9.32532
771,2536,-335,2558.03,8.09503
772,878,-202,900.94,2.85107
773,868,-512,1007.75,3.18909
774,2885,-675,2962.91,9.37630
775,2265,120,2268.18,7.17777
776,-259,1648,1668.23,5.27920
777,-2028,1954,2816.19,8.91198
778,-1270,930,1574.10,4.98134
779,647,309,717.00,2.26899
780,1935,746,2073.82,6.56273
781,2556,2325,3455.25,10.93434
782,2412,2411,3410.38,10.79233
783,1882,458,1936.93,6.12952
784,1569,-970,1844.63,5.83744
785,1077,-1789,2088.17,6.60813
786,867,-1475,1710.94,5.41437
787,2541,-515,2592.66,8.20463
788,5421,2098,5812.82,18.39499
789,5459,3992,6762.89,21.40157
790,1962,2498,3176.39,10.05186
791,-504,208,545.23,1.72542
792,-603,-513,791.69,2.50536
793,-512,-631,812.59,2.57149
794,-585,-550,802.95,2.54097
795,179,-294,344.20,1.08926
796,633,-327,712.47,2.25466
797,862,-396,948.61,3.00193
798,863,-512,1003.45,3.17548
799,1000,-493,1114.92,3.52823
800,972,-693,1193.75,3.77768
801,550,-1047,1182.67,3.74263
802,-500,-700,860.23,2.72225
803,-899,39,899.85,2.84761
804,-794,425,900.59,2.84997
805,-328,430,540.82,1.71145
806,-79,767,771.06,2.44006
807,7,639,639.04,2.02227
808,231,614,656.02,2.07600
809,209,951,973.70,3.08131
810,2,497,497.00,1.57280
811,-114,-370,387.16,1.22520
812,-80,-274,285.44,0.90329
813,109,428,441.66,1.39766
814,90,1014,1017.99,3.22148
815,-127,785,795.21,2.51648
816,392,461,605.13,1.91498
817,1033,170,1046.89,3.31296
818,996,794,1273.76,4.03087
819,137,1468,1474.38,4.66576
820,-262,1226,1253.68,3.96735
821,77,266,276.92,0.87633
822,775,-496,920.13,2.91181
823,549,94,556.99,1.76262
824,19,902,902.20,2.85506
825,-61,1511,1512.23,4.78554
826,323,1431,1467.00,4.64241
827,-48,1168,1168.99,3.69932
828,-190,783,805.72,2.54976
829,-244,115,269.74,0.85362
830,253,-468,532.01,1.68357
831,742,-43,743.24,2.35204
832,458,475,659.84,2.08810
833,-158,699,716.63,2.26783
834,-421,910,1002.67,3.17300
835,65,872,874.42,2.76715
836,1001,597,1165.51,3.68832
837,938,632,1131.05,3.57926
838,172,391,427.16,1.35177
839,-19,312,312.58,0.98917
840,276,293,402.52,1.27381
841,378,440,580.07,1.83567
842,216,823,850.87,2.69264
843,-66,553,556.92,1.76242
844,69,1,69.01,0.21838
845,-46,-176,181.91,0.57567
846,-351,208,408.00,1.29114
847,-306,607,679.77,2.15117
848,-301,699,761.05,2.40840
# END
# FRAME,108,RX_TS,686199515554,FP_INDEX,748.8750,FP_INT,748,RXPACC,268,RXPWR,-68.21,STD_NOISE,160.00,NTM,13,NOISE_THRESH,2080.00,PEAK_IDX,751,PEAK_AMPL,18498,START,698,elapsed_s,10.9801
sample,real,imag,amplitude,amplitude_norm
698,85,-187,205.41,0.76646
699,305,22,305.79,1.14102
700,86,261,274.80,1.02539
701,-109,-127,167.36,0.62448
702,-108,-811,818.16,3.05283
703,-211,-971,993.66,3.70769
704,-177,-880,897.62,3.34934
705,30,95,99.62,0.37173
706,345,671,754.50,2.81529
707,221,319,388.07,1.44804
708,351,-32,352.46,1.31513
709,180,-195,265.38,0.99021
710,-249,-150,290.69,1.08467
711,-150,-239,282.17,1.05288
712,-141,-302,333.29,1.24363
713,45,-209,213.79,0.79772
714,220,42,223.97,0.83572
715,121,126,174.69,0.65183
716,88,38,95.85,0.35766
717,-254,-377,454.58,1.69620
718,-121,-822,830.86,3.10022
719,-146,-809,822.07,3.06742
720,-158,-688,705.91,2.63399
721,114,166,201.38,0.75140
722,294,824,874.88,3.26447
723,133,361,384.72,1.43552
724,189,-211,283.27,1.05698
725,172,-417,451.08,1.68313
726,-170,-638,660.26,2.46366
727,-389,-688,790.36,2.94910
728,-491,-520,715.18,2.66858
729,173,93,196.41,0.73288
730,418,649,771.96,2.88045
731,79,429,436.21,1.62766
732,-2,302,302.01,1.12689
733,137,660,674.07,2.51518
734,99,1058,1062.62,3.96501
735,320,977,1028.07,3.83608
736,396,997,1072.77,4.00285
737,144,154,210.84,0.78670
738,-105,-418,430.99,1.60816
739,8,147,147.22,0.54932
740,362,518,631.96,2.35804
741,518,762,921.39,3.43804
742,633,883,1086.45,4.05393
743,429,1038,1123.16,4.19089
744,419,940,1029.16,3.84013
745,385,98,397.28,1.48238
746,66,-360,366.00,1.36567
747,-205,177,270.84,1.01059
748,-1890,1030,2152.44,8.03149
749,-9968,3441,10545.21,39.34781
750,-16309,6661,17616.82,65.73441
751,-16465,8099,18349.12,68.46685
752,-15031,7599,16842.68,62.84581
753,490,-254,551.92,2.05940
754,12158,-6207,13650.78,50.93575
755,4779,-3010,5647.91,21.07431
756,-2492,1245,2785.69,10.39438
757,-886,1484,1728.37,6.44913
758,2253,621,2337.02,8.72021
759,2244,597,2322.06,8.66439
760,1317,444,1389.83,5.18593
761,918,-193,938.07,3.50026
762,619,-274,676.93,2.52587
763,979,-639,1169.09,4.36226
764,878,-745,1151.48,4.29657
765,592,-370,698.11,2.60491
766,772,586,969.22,3.61648
767,1420,926,1695.25,6.32556
768,1510,-33,1510.36,5.63567
769,1380,-1996,2426.61,9.05450
770,413,-2068,2108.84,7.86879
771,83,-499,505.86,1.88752
772,-152,-484,507.31,1.89294
773,322,-2402,2423.49,9.04286
774,730,-1944,2076.54,7.74830
775,1232,616,1377.42,5.13962
776,946,2291,2478.63,9.24861
777,378,1476,1523.63,5.68520
778,312,-397,504.93,1.88406
779,987,-1227,1574.71,5.87577
780,2451,-1230,2742.32,10.23252
781,2712,-1031,2901.36,10.82598
782,962,-1257,1582.87,5.90625
783,-232,-1488,1505.98,5.61932
784,-1119,-1472,1849.04,6.89940
785,-999,-1239,1591.58,5.93873
786,121,-2089,2092.50,7.80784
787,3019,-3561,4668.52,17.41985
788,4735,-3090,5654.05,21.09722
789,2825,-864,2954.17,11.02302
790,146,496,517.04,1.92926
791,-507,357,620.08,2.31373
792,-636,256,685.59,2.55817
793,-622,395,736.82,2.74934
794,-227,-81,241.02,0.89932
795,-95,-532,540.42,2.01648
796,-5,-646,646.02,2.41052
797,-189,-740,763.75,2.84983
798,-63,-872,874.27,3.26221
799,-216,-861,887.68,3.31224
800,-665,-724,983.06,3.66812
801,-688,220,722.32,2.69522
802,-194,728,753.41,2.81121
803,90,788,793.12,2.95941
804,138,465,485.05,1.80987
805,551,331,642.78,2.39842
806,549,226,593.70,2.21529
807,598,55,600.52,2.24076
808,806,207,832.16,3.10506
809,515,130,531.15,1.98192
810,-344,-57,348.69,1.30108
811,-290,-75,299.54,1.11769
812,261,57,267.15,0.99683
813,830,284,877.24,3.27330
814,623,355,717.05,2.67554
815,505,4,505.02,1.88439
816,459,-475,660.53,2.46468
817,971,-485,1085.39,4.04995
818,1161,349,1212.32,4.52359
819,964,536,1102.99,4.11564
820,293,38,295.45,1.10244
821,-129,-606,619.58,2.31186
822,186,-413,452.95,1.69012
823,610,302,680.66,2.53979
824,1035,536,1165.56,4.34909
825,1239,222,1258.73,4.69676
826,866,468,984.37,3.67301
827,542,442,699.38,2.60962
828,43,342,344.69,1.28617
829,-281,-190,339.21,1.26570
830,160,-526,549.80,2.05148
831,557,-157,578.70,2.15934
832,514,317,603.89,2.25333
833,635,667,920.93,3.43631
834,792,386,881.06,3.28752
835,786,-523,944.10,3.52276
836,734,-547,915.40,3.41569
837,352,-95,364.59,1.36043
838,187,123,223.83,0.83517
839,246,-112,270.30,1.00857
840,440,-72,445.85,1.66363
841,684,243,725.88,2.70852
842,464,366,590.98,2.20513
843,103,-40,110.49,0.41229
844,-101,-10,101.49,0.37871
845,111,413,427.66,1.59573
846,375,534,652.52,2.43477
847,490,504,702.93,2.62289
# END
# FRAME,109,RX_TS,692589309769,FP_INDEX,747.5000,FP_INT,747,RXPACC,260,RXPWR,-69.09,STD_NOISE,148.00,NTM,13,NOISE_THRESH,1924.00,PEAK_IDX,749,PEAK_AMPL,16619,START,697,elapsed_s,11.0773
sample,real,imag,amplitude,amplitude_norm
697,179,-121,216.06,0.83100
698,131,168,213.04,0.81938
699,-45,111,119.77,0.46067
700,111,-445,458.63,1.76398
701,291,-944,987.83,3.79936
702,160,-1002,1014.69,3.90267
703,162,-659,678.62,2.61008
704,-26,383,383.88,1.47647
705,52,738,739.83,2.84550
706,118,357,376.00,1.44614
707,351,9,351.12,1.35044
708,76,-161,178.04,0.68476
709,-174,-251,305.41,1.17466
710,-26,-300,301.12,1.15817
711,-6,-318,318.06,1.22329
712,228,-63,236.54,0.90978
713,150,122,193.35,0.74365
714,-2,148,148.01,0.56928
715,102,38,108.85,0.41865
716,-16,-561,561.23,2.15857
717,241,-779,815.43,3.13626
718,162,-808,824.08,3.16954
719,121,-502,516.38,1.98606
720,-48,529,531.17,2.04297
721,-33,756,756.72,2.91046
722,109,168,200.26,0.77024
723,344,-227,412.15,1.58518
724,245,-459,520.29,2.00113
725,14,-740,740.13,2.84666
726,-98,-791,797.05,3.06557
727,-79,-440,447.04,1.71937
728,259,454,522.68,2.01032
729,43,640,641.44,2.46709
730,-107,211,236.58,0.90992
731,-166,256,305.11,1.17350
732,-251,734,775.73,2.98358
733,-302,1062,1104.11,4.24656
734,-140,1044,1053.35,4.05133
735,-19,876,876.21,3.37002
736,87,-102,134.06,0.51563
737,43,-292,295.15,1.13519
738,-20,265,265.75,1.02213
739,232,674,712.81,2.74158
740,193,982,1000.79,3.84918
741,205,976,997.30,3.83576
742,-109,1026,1031.77,3.96836
743,96,766,771.99,2.96920
744,327,-11,327.18,1.25840
745,11,-185,185.33,0.71280
746,-490,168,518.00,1.99231
747,-3653,-68,3653.63,14.05243
748,-12996,-1097,13042.22,50.16237
749,-16460,-531,16468.56,63.34063
750,-16469,402,16473.91,63.36118
751,-12266,637,12282.53,47.24050
752,6489,-254,6493.97,24.97680
753,12156,-878,12187.67,46.87564
754,2137,-556,2208.15,8.49287
755,-3271,363,3291.08,12.65800
756,-28,1158,1158.34,4.45515
757,2062,1352,2465.71,9.48352
758,1390,1242,1864.05,7.16940
759,932,668,1146.67,4.41026
760,718,88,723.37,2.78220
761,719,-1,719.00,2.76539
762,1273,-264,1300.09,5.00033
763,926,-363,994.61,3.82542
764,573,184,601.82,2.31468
765,535,1014,1146.48,4.40955
766,1012,1397,1725.04,6.63476
767,1597,370,1639.30,6.30501
768,1889,-1237,2257.98,8.68455
769,872,-1368,1622.28,6.23956
770,-69,-471,476.03,1.83087
771,204,-1061,1080.43,4.15551
772,1466,-2066,2533.28,9.74339
773,1345,-678,1506.22,5.79317
774,563,1471,1575.06,6.05792
775,-219,2014,2025.87,7.79182
776,-156,833,847.48,3.25954
777,646,-430,776.03,2.98471
778,1744,-498,1813.71,6.97580
779,3048,61,3048.61,11.72542
780,2464,-183,2470.79,9.50302
781,1223,-965,1557.87,5.99180
782,152,-1331,1339.65,5.15250
783,-418,-1435,1494.64,5.74862
784,2,-1408,1408.00,5.41539
785,1916,-1942,2728.08,10.49261
786,4822,-1843,5162.20,19.85462
787,5087,-534,5114.95,19.67289
788,1819,476,1880.25,7.23173
789,-325,328,461.75,1.77594
790,-618,-76,622.66,2.39483
791,-706,-39,707.08,2.71952
792,-440,56,443.55,1.70596
793,58,-373,377.48,1.45186
794,132,-596,610.44,2.34786
795,250,-799,837.20,3.21999
796,96,-764,770.01,2.96157
797,334,-763,832.90,3.20347
798,31,-853,853.56,3.28294
799,-472,-758,892.94,3.43440
800,-851,124,859.99,3.30764
801,-405,674,786.32,3.02431
802,-145,728,742.30,2.85500
803,273,502,571.43,2.19781
804,459,526,698.11,2.68504
805,357,376,518.48,1.99417
806,487,338,592.80,2.28000
807,632,521,819.06,3.15024
808,83,150,171.43,0.65935
809,-244,-225,331.91,1.27656
810,-8,-26,27.20,0.10463
811,510,388,640.82,2.46467
812,708,640,954.39,3.67074
813,413,496,645.43,2.48244
814,496,44,497.95,1.91518
815,803,-288,853.08,3.28109
816,1101,214,1121.60,4.31386
817,857,922,1258.78,4.84147
818,396,686,792.09,3.04651
819,81,-117,142.30,0.54732
820,251,-610,659.62,2.53701
821,385,-56,389.05,1.49635
822,519,622,810.09,3.11573
823,902,762,1180.78,4.54147
824,976,546,1118.34,4.30132
825,611,626,874.76,3.36444
826,187,417,457.01,1.75773
827,-184,44,189.19,0.72765
828,-83,-459,466.44,1.79402
829,404,-307,507.41,1.95158
830,466,217,514.05,1.97711
831,323,633,710.65,2.73325
832,377,749,838.53,3.22511
833,659,331,737.46,2.83637
834,833,-236,865.79,3.32995
835,808,-112,815.73,3.13741
836,308,195,364.54,1.40207
837,301,82,311.97,1.19988
838,307,-18,307.53,1.18280
839,497,217,542.31,2.08580
840,503,547,743.11,2.85813
841,197,315,371.53,1.42896
842,-41,-129,135.36,0.52061
843,-153,-62,165.08,0.63494
844,8,521,521.06,2.00408
845,239,664,705.70,2.71424
846,297,550,625.07,2.40410
# END
# FRAME,110,RX_TS,698979093744,FP_INDEX,745.4687,FP_INT,745,RXPACC,261,RXPWR,-68.44,STD_NOISE,156.00,NTM,13,NOISE_THRESH,2028.00,PEAK_IDX,748,PEAK_AMPL,17570,START,695,elapsed_s,11.1852
sample,real,imag,amplitude,amplitude_norm
695,69,-114,133.26,0.51056
696,128,158,203.34,0.77909
697,-22,225,226.07,0.86618
698,85,-457,464.84,1.78099
699,60,-1006,1007.79,3.86126
700,-48,-963,964.20,3.69424
701,43,-390,392.36,1.50331
702,188,643,669.92,2.56674
703,313,659,729.55,2.79523
704,210,192,284.54,1.09020
705,305,-102,321.60,1.23220
706,1,-104,104.00,0.39849
707,-274,-180,327.84,1.25607
708,-73,-252,262.36,1.00521
709,26,-231,232.46,0.89065
710,138,-2,138.01,0.52879
711,203,133,242.69,0.92984
712,158,128,203.34,0.77909
713,137,-136,193.04,0.73962
714,-86,-605,611.08,2.34131
715,73,-831,834.20,3.19617
716,-35,-747,747.82,2.86521
717,63,-189,199.22,0.76331
718,187,740,763.26,2.92438
719,202,721,748.76,2.86882
720,226,-18,226.72,0.86864
721,239,-270,360.58,1.38155
722,83,-420,428.12,1.64032
723,-126,-684,695.51,2.66478
724,-277,-675,729.63,2.79550
725,-123,-312,335.37,1.28494
726,299,502,584.30,2.23869
727,208,593,628.42,2.40774
728,-19,213,213.85,0.81933
729,12,306,306.24,1.17331
730,-14,816,816.12,3.12690
731,3,1068,1068.00,4.09197
732,189,966,984.32,3.77132
733,218,635,671.38,2.57233
734,32,-353,354.45,1.35804
735,-62,-282,288.74,1.10627
736,34,353,354.63,1.35875
737,305,649,717.10,2.74749
738,321,917,971.56,3.72245
739,354,962,1025.07,3.92746
740,98,1070,1074.48,4.11678
741,238,554,602.96,2.31019
742,133,-333,358.58,1.37386
743,-34,-297,298.94,1.14536
744,-476,267,545.77,2.09107
745,-4057,717,4119.87,15.78495
746,-13555,2014,13703.80,52.50499
747,-16474,3857,16919.49,64.82563
748,-16360,4736,17031.71,65.25562
749,-7754,2369,8107.82,31.06443
750,10562,-2846,10938.72,41.91080
751,11476,-3581,12021.74,46.06029
752,589,-506,776.50,2.97511
753,-3323,1217,3538.84,13.55879
754,442,1085,1171.58,4.48879
755,2422,940,2598.02,9.95408
756,1670,828,1864.00,7.14175
757,909,207,932.27,3.57192
758,504,-159,528.49,2.02485
759,964,-212,987.04,3.78175
760,1206,-556,1328.00,5.08811
761,666,-484,823.29,3.15438
762,541,34,542.07,2.07689
763,857,953,1281.66,4.91058
764,1368,1020,1706.41,6.53796
765,1789,-595,1885.35,7.22356
766,1194,-2175,2481.18,9.50644
767,227,-1570,1586.33,6.07788
768,-361,-277,455.03,1.74340
769,61,-1202,1203.55,4.61129
770,1055,-2459,2675.76,10.25196
771,1210,-737,1416.78,5.42828
772,822,1714,1900.92,7.28320
773,-89,2395,2396.65,9.18258
774,-72,755,758.43,2.90584
775,675,-760,1016.48,3.89455
776,1851,-990,2099.12,8.04260
777,3126,-618,3186.50,12.20882
778,2225,-580,2299.35,8.80978
779,840,-1075,1364.27,5.22708
780,-196,-1288,1302.83,4.99168
781,-850,-997,1310.16,5.01976
782,-387,-1210,1270.38,4.86736
783,1743,-2538,3078.88,11.79647
784,4687,-2784,5451.48,20.88689
785,4810,-1428,5017.50,19.22413
786,1548,84,1550.28,5.93976
787,-389,356,527.31,2.02035
788,-707,192,732.61,2.80692
789,-770,350,845.81,3.24066
790,-304,230,381.20,1.46055
791,47,-373,375.95,1.44042
792,119,-532,545.15,2.08869
793,154,-806,820.58,3.14399
794,73,-834,837.19,3.20762
795,202,-868,891.19,3.41454
796,-96,-855,860.37,3.29645
797,-535,-310,618.32,2.36906
798,-526,546,758.15,2.90479
799,-155,875,888.62,3.40468
800,-23,756,756.35,2.89789
801,282,425,510.05,1.95421
802,575,373,685.39,2.62600
803,459,220,509.00,1.95019
804,686,143,700.75,2.68485
805,798,274,843.73,3.23268
806,11,61,61.98,0.23749
807,-422,-148,447.20,1.71341
808,-32,25,40.61,0.15559
809,583,353,681.54,2.61127
810,711,619,942.70,3.61187
811,521,412,664.22,2.54489
812,514,-176,543.30,2.08160
813,722,-571,920.50,3.52683
814,1107,35,1107.55,4.24350
815,1041,761,1289.50,4.94060
816,362,532,643.48,2.46545
817,-60,-200,208.81,0.80002
818,102,-649,656.97,2.51711
819,414,-16,414.31,1.58739
820,678,591,899.42,3.44607
821,1131,449,1216.87,4.66232
822,936,393,1015.16,3.88949
823,609,601,855.62,3.27823
824,219,386,443.80,1.70038
825,-192,27,193.89,0.74287
826,-161,-493,518.62,1.98706
827,418,-419,591.85,2.26762
828,509,81,515.40,1.97473
829,422,557,698.81,2.67743
830,535,671,858.18,3.28803
831,839,21,839.26,3.21557
832,997,-530,1129.12,4.32613
833,715,-240,754.20,2.88967
834,256,116,281.06,1.07684
835,294,26,295.15,1.13083
836,469,-149,492.10,1.88544
837,818,142,830.23,3.18097
838,585,584,826.61,3.16708
839,155,317,352.87,1.35197
840,-40,-119,125.54,0.48101
841,-61,-75,96.67,0.37040
842,99,437,448.07,1.71676
843,282,577,642.23,2.46063
844,395,546,673.90,2.58199
# END
# FRAME,111,RX_TS,705368887412,FP_INDEX,752.5469,FP_INT,752,RXPACC,260,RXPWR,-68.68,STD_NOISE,124.00,NTM,13,NOISE_THRESH,1612.00,PEAK_IDX,754,PEAK_AMPL,17154,START,702,elapsed_s,11.2879
sample,real,imag,amplitude,amplitude_norm
702,161,110,194.99,0.74996
703,-164,97,190.54,0.73284
704,-129,-38,134.48,0.51723
705,384,141,409.07,1.57334
706,921,408,1007.33,3.87433
707,916,324,971.61,3.73697
708,591,256,644.06,2.47716
709,-344,-86,354.59,1.36380
710,-692,-52,693.95,2.66904
711,-256,31,257.87,0.99181
712,-8,367,367.09,1.41187
713,203,139,246.03,0.94626
714,366,-144,393.31,1.51273
715,349,-48,352.29,1.35494
716,400,71,406.25,1.56251
717,129,201,238.83,0.91859
718,-113,151,188.60,0.72539
719,-99,94,136.52,0.52507
720,111,127,168.67,0.64874
721,642,76,646.48,2.48647
722,863,358,934.31,3.59350
723,786,305,843.10,3.24270
724,585,183,612.96,2.35752
725,-359,-85,368.93,1.41894
726,-621,-162,641.78,2.46839
727,-90,156,180.10,0.69269
728,159,322,359.12,1.38122
729,346,351,492.87,1.89564
730,758,193,782.18,3.00840
731,897,-20,897.22,3.45086
732,583,-90,589.91,2.26887
733,-397,180,435.90,1.67654
734,-646,-99,653.54,2.51362
735,-250,-171,302.89,1.16495
736,-222,-109,247.32,0.95121
737,-641,-299,707.31,2.72041
738,-1029,-399,1103.65,4.24481
739,-988,-244,1017.68,3.91417
740,-812,-106,818.89,3.14957
741,113,74,135.07,0.51952
742,363,154,394.32,1.51660
743,-195,-34,197.94,0.76132
744,-646,125,657.98,2.53070
745,-911,-2,911.00,3.50385
746,-928,54,929.57,3.57527
747,-1023,-199,1042.18,4.00837
748,-760,9,760.05,2.92328
749,106,336,352.32,1.35509
750,265,93,280.85,1.08017
751,-48,-421,423.73,1.62972
752,474,-3426,3458.63,13.30244
753,2763,-12528,12829.07,49.34257
754,2984,-16399,16668.28,64.10876
755,2101,-16479,16612.39,63.89383
756,1265,-12824,12886.24,49.56247
757,-379,5814,5826.34,22.40900
758,-582,12271,12284.79,47.24921
759,291,2508,2524.83,9.71087
760,139,-3282,3284.94,12.63439
761,-1098,-306,1139.84,4.38401
762,-1630,1825,2446.94,9.41131
763,-1400,1279,1896.27,7.29335
764,-713,905,1152.13,4.43125
765,-80,729,733.38,2.82068
766,8,737,737.04,2.83478
767,146,1317,1325.07,5.09642
768,364,926,994.97,3.82682
769,-119,559,571.53,2.19818
770,-995,541,1132.57,4.35602
771,-1368,929,1653.62,6.36008
772,-272,1776,1796.71,6.91042
773,1354,2220,2600.33,10.00127
774,1449,1082,1808.40,6.95540
775,394,75,401.07,1.54260
776,882,541,1034.70,3.97962
777,1938,1844,2675.10,10.28886
778,640,1479,1611.53,6.19821
779,-1403,444,1471.58,5.65992
780,-2006,-507,2069.08,7.95799
781,-791,-315,851.41,3.27467
782,357,651,742.46,2.85562
783,477,1714,1779.14,6.84283
784,-315,2869,2886.24,11.10093
785,-114,2453,2455.65,9.44480
786,943,1293,1600.34,6.15517
787,1519,343,1557.24,5.98940
788,1720,-301,1746.14,6.71592
789,1420,39,1420.54,5.46360
790,1615,2021,2587.02,9.95007
791,1272,5030,5188.34,19.95516
792,31,5300,5300.09,20.38496
793,-519,1772,1846.44,7.10170
794,-230,-420,478.85,1.84174
795,83,-646,651.31,2.50504
796,169,-643,664.84,2.55707
797,36,-466,467.39,1.79765
798,310,84,321.18,1.23530
799,493,235,546.14,2.10056
800,687,483,839.80,3.22999
801,914,418,1005.05,3.86557
802,894,549,1049.11,4.03505
803,961,215,984.76,3.78753
804,859,-367,934.11,3.59275
805,26,-858,858.39,3.30151
806,-485,-552,734.80,2.82615
807,-557,-245,608.50,2.34039
808,-365,152,395.38,1.52071
809,-501,392,636.13,2.44666
810,-323,350,476.27,1.83179
811,-342,519,621.55,2.39058
812,-578,633,857.19,3.29688
813,-188,153,242.39,0.93227
814,292,-212,360.84,1.38786
815,98,-16,99.30,0.38191
816,-341,368,501.70,1.92962
817,-714,450,843.98,3.24606
818,-539,261,598.87,2.30334
819,-26,521,521.65,2.00634
820,272,881,922.03,3.54628
821,-303,1113,1153.51,4.43656
822,-999,813,1288.01,4.95389
823,-709,307,772.61,2.97159
824,253,76,264.17,1.01603
825,813,414,912.34,3.50900
826,71,393,399.36,1.53601
827,-727,450,855.00,3.28847
828,-904,752,1175.89,4.52266
829,-685,880,1115.18,4.28915
830,-625,511,807.31,3.10503
831,-422,143,445.57,1.71373
832,-83,-203,219.31,0.84351
833,437,-65,441.81,1.69926
834,290,478,559.09,2.15035
835,-187,497,531.02,2.04237
836,-559,309,638.72,2.45661
837,-779,319,841.79,3.23763
838,-402,628,745.65,2.86787
839,163,965,978.67,3.76411
840,118,746,755.27,2.90490
841,-80,224,237.86,0.91483
842,-124,226,257.78,0.99147
843,49,309,312.86,1.20331
844,-136,476,495.05,1.90403
845,-542,371,656.81,2.52621
846,-363,207,417.87,1.60720
847,69,83,107.94,0.41514
848,8,-42,42.76,0.16444
849,-387,-59,391.47,1.50566
850,-536,82,542.24,2.08552
851,-585,183,612.96,2.35752
# END
# FRAME,112,RX_TS,711758681067,FP_INDEX,750.5312,FP_INT,750,RXPACC,264,RXPWR,-68.65,STD_NOISE,144.00,NTM,13,NOISE_THRESH,1872.00,PEAK_IDX,752,PEAK_AMPL,17455,START,700,elapsed_s,11.3805
sample,real,imag,amplitude,amplitude_norm
700,-50,139,147.72,0.55954
701,35,-133,137.53,0.52094
702,136,-86,160.91,0.60951
703,-118,397,414.17,1.56881
704,-411,842,936.96,3.54907
705,-269,913,951.80,3.60532
706,-251,635,682.81,2.58639
707,148,-264,302.65,1.14642
708,98,-602,609.92,2.31032
709,4,-266,266.03,1.00769
710,-284,-51,288.54,1.09297
711,-90,182,203.04,0.76908
712,107,248,270.10,1.02310
713,10,281,281.18,1.06507
714,0,329,329.00,1.24621
715,-127,79,149.57,0.56654
716,-161,-131,207.56,0.78622
717,-30,-71,77.08,0.29196
718,-71,92,116.21,0.44019
719,-65,624,627.38,2.37643
720,-360,870,941.54,3.56644
721,-274,812,856.98,3.24615
722,-192,557,589.16,2.23168
723,68,-400,405.74,1.53689
724,88,-745,750.18,2.84159
725,-137,-151,203.89,0.77230
726,-297,157,335.94,1.27251
727,-257,418,490.69,1.85866
728,-162,718,736.05,2.78806
729,-2,855,855.00,3.23865
730,139,608,623.69,2.36245
731,-77,-354,362.28,1.37226
732,128,-617,630.14,2.38688
733,248,-191,313.03,1.18570
734,281,-153,319.95,1.21194
735,398,-626,741.81,2.80988
736,450,-989,1086.56,4.11577
737,303,-960,1006.68,3.81319
738,198,-748,773.76,2.93092
739,-97,195,217.79,0.82498
740,-43,377,379.44,1.43729
741,220,-220,311.13,1.17851
742,51,-663,664.96,2.51878
743,14,-953,953.10,3.61024
744,72,-947,949.73,3.59747
745,338,-1002,1057.47,4.00558
746,71,-758,761.32,2.88378
747,-271,67,279.16,1.05742
748,-32,326,327.57,1.24078
749,552,46,553.91,2.09816
750,3679,832,3771.90,14.28752
751,12733,3835,13297.99,50.37117
752,16406,4331,16968.04,64.27288
753,16467,3511,16837.14,63.77704
754,12551,2204,12743.05,48.26911
755,-6328,-977,6402.98,24.25370
756,-12280,-1543,12376.56,46.88091
757,-2242,116,2245.00,8.50378
758,3343,323,3358.57,12.72185
759,377,-1133,1194.08,4.52302
760,-1730,-1747,2458.64,9.31303
761,-1123,-1400,1794.75,6.79830
762,-739,-747,1050.78,3.98021
763,-580,-112,590.71,2.23756
764,-652,-78,656.65,2.48731
765,-1290,-32,1290.40,4.88787
766,-990,240,1018.68,3.85862
767,-557,-141,574.57,2.17640
768,-307,-1026,1070.95,4.05661
769,-684,-1401,1559.06,5.90552
770,-1484,-233,1502.18,5.69008
771,-1752,1429,2260.87,8.56391
772,-704,1351,1523.42,5.77054
773,233,258,347.64,1.31682
774,-545,744,922.26,3.49340
775,-1837,1814,2581.70,9.77916
776,-1262,709,1447.52,5.48304
777,-122,-1381,1386.38,5.25143
778,709,-2084,2201.30,8.33827
779,240,-1001,1029.37,3.89913
780,-777,234,811.47,3.07375
781,-1848,298,1871.87,7.09043
782,-2907,-529,2954.74,11.19220
783,-2387,-377,2416.59,9.15374
784,-1312,651,1464.63,5.54785
785,-433,1435,1498.90,5.67767
786,184,1799,1808.39,6.84994
787,-74,1551,1552.76,5.88168
788,-2290,1593,2789.58,10.56659
789,-5245,804,5306.26,20.09949
790,-5296,-475,5317.26,20.14113
791,-1680,-663,1806.09,6.84126
792,525,-192,559.01,2.11745
793,692,175,713.78,2.70373
794,758,200,783.94,2.96947
795,495,84,502.08,1.90181
796,-154,399,427.69,1.62003
797,-272,620,677.04,2.56455
798,-319,771,834.39,3.16056
799,-293,851,900.03,3.40920
800,-486,798,934.34,3.53918
801,-190,1027,1044.43,3.95617
802,411,915,1003.07,3.79950
803,890,-35,890.69,3.37382
804,528,-661,845.99,3.20452
805,360,-728,812.15,3.07632
806,57,-407,410.97,1.55671
807,-222,-385,444.42,1.68341
808,-273,-217,348.74,1.32098
809,-453,-301,543.88,2.06017
810,-557,-590,811.39,3.07344
811,-35,-248,250.46,0.94870
812,246,263,360.12,1.36408
813,65,5,65.19,0.24694
814,-387,-483,618.92,2.34438
815,-475,-753,890.30,3.37235
816,-239,-562,610.71,2.31329
817,-408,-56,411.83,1.55994
818,-787,291,839.08,3.17832
819,-979,-275,1016.89,3.85186
820,-587,-950,1116.72,4.23001
821,-190,-673,699.31,2.64889
822,8,193,193.17,0.73169
823,-277,646,702.88,2.66244
824,-435,-26,435.78,1.65067
825,-374,-683,778.69,2.94960
826,-605,-898,1082.79,4.10147
827,-713,-715,1009.75,3.82481
828,-368,-794,875.13,3.31490
829,-20,-463,463.43,1.75542
830,216,30,218.07,0.82604
831,47,438,440.51,1.66862
832,-412,208,461.53,1.74821
833,-341,-261,429.42,1.62659
834,-159,-619,639.09,2.42081
835,-274,-831,875.01,3.31442
836,-580,-388,697.81,2.64323
837,-914,181,931.75,3.52935
838,-751,33,751.72,2.84744
839,-174,-117,209.68,0.79424
840,-204,-125,239.25,0.90625
841,-284,-9,284.14,1.07630
842,-441,-242,503.04,1.90544
843,-373,-494,619.00,2.34471
844,-160,-322,359.56,1.36197
845,-68,82,106.53,0.40351
846,104,28,107.70,0.40797
847,162,-385,417.69,1.58218
848,-14,-509,509.19,1.92876
849,-70,-583,587.19,2.22419
# END
# FRAME,113,RX_TS,718148474701,FP_INDEX,747.6719,FP_INT,747,RXPACC,268,RXPWR,-68.27,STD_NOISE,148.00,NTM,13,NOISE_THRESH,1924.00,PEAK_IDX,750,PEAK_AMPL,18118,START,697,elapsed_s,11.4774
sample,real,imag,amplitude,amplitude_norm
697,-125,-158,201.47,0.75174
698,203,-12,203.35,0.75878
699,188,186,264.46,0.98680
700,-267,-84,279.90,1.04441
701,-741,-496,891.68,3.32717
702,-819,-457,937.88,3.49953
703,-587,-406,713.73,2.66316
704,293,212,361.65,1.34945
705,708,248,750.18,2.79917
706,267,112,289.54,1.08037
707,129,-290,317.40,1.18432
708,-91,-196,216.09,0.80632
709,-313,71,320.95,1.19758
710,-279,8,279.11,1.04147
711,-304,-97,319.10,1.19067
712,-10,-214,214.23,0.79938
713,194,-107,221.55,0.82668
714,146,50,154.32,0.57584
715,18,-75,77.13,0.28780
716,-577,-186,606.24,2.26208
717,-727,-524,896.16,3.34389
718,-675,-441,806.29,3.00855
719,-458,-304,549.71,2.05115
720,396,143,421.03,1.57100
721,772,276,819.85,3.05916
722,194,-29,196.16,0.73192
723,-91,-248,264.17,0.98570
724,-230,-314,389.22,1.45233
725,-550,-287,620.38,2.31484
726,-732,-161,749.50,2.79663
727,-549,54,551.65,2.05839
728,373,4,373.02,1.39187
729,720,162,738.00,2.75373
730,205,214,296.35,1.10577
731,221,271,349.69,1.30481
732,577,570,811.07,3.02637
733,924,712,1166.50,4.35261
734,1006,535,1139.41,4.25154
735,875,378,953.16,3.55656
736,42,-1,42.01,0.15676
737,-256,-181,313.52,1.16986
738,141,163,215.52,0.80419
739,628,141,643.63,2.40162
740,956,194,975.49,3.63987
741,1045,232,1070.44,3.99419
742,976,456,1077.27,4.01967
743,837,316,894.66,3.33830
744,174,-259,312.02,1.16426
745,-242,-207,318.45,1.18826
746,-13,419,419.20,1.56419
747,-1096,3004,3197.69,11.93169
748,-5549,11496,12765.16,47.63121
749,-7388,16228,17830.61,66.53212
750,-6712,16464,17779.60,66.34180
751,-4895,13770,14614.17,54.53048
752,1351,-4378,4581.71,17.09594
753,3719,-12595,13132.59,49.00221
754,550,-3338,3383.01,12.62316
755,-917,3216,3344.18,12.47829
756,875,933,1279.11,4.77279
757,2093,-1330,2479.83,9.25309
758,1747,-884,1957.92,7.30569
759,1032,-606,1196.77,4.46556
760,344,-674,756.71,2.82355
761,224,-602,642.32,2.39673
762,246,-1245,1269.07,4.73534
763,29,-987,987.43,3.68443
764,211,-550,589.08,2.19808
765,963,-91,967.29,3.60929
766,1441,-450,1509.63,5.63295
767,569,-1500,1604.29,5.98617
768,-829,-2636,2763.28,10.31076
769,-1279,-1570,2025.03,7.55608
770,-391,-83,399.71,1.49146
771,-652,-313,723.24,2.69865
772,-1461,-2032,2502.71,9.33846
773,-485,-1665,1734.20,6.47090
774,1317,-109,1321.50,4.93098
775,2030,1142,2329.18,8.69096
776,1091,660,1275.10,4.75784
777,-39,-653,654.16,2.44091
778,-48,-1691,1691.68,6.31224
779,979,-2744,2913.41,10.87094
780,965,-2342,2533.02,9.45157
781,-274,-1450,1475.66,5.50620
782,-1224,-697,1408.54,5.25575
783,-1746,-122,1750.26,6.53081
784,-1554,-266,1576.60,5.88284
785,-1394,-2219,2620.53,9.77811
786,-139,-5222,5223.85,19.49198
787,1252,-5318,5463.39,20.38578
788,1110,-1831,2141.18,7.98949
789,237,459,516.58,1.92752
790,-186,707,731.06,2.72783
791,-230,785,818.00,3.05224
792,-115,650,660.09,2.46304
793,-232,-37,234.93,0.87661
794,-453,-332,561.63,2.09565
795,-622,-546,827.65,3.08824
796,-797,-369,878.28,3.27715
797,-706,-539,888.23,3.31430
798,-849,-364,923.74,3.44679
799,-908,134,917.83,3.42476
800,-261,821,861.49,3.21451
801,469,738,874.42,3.26275
802,736,538,911.67,3.40175
803,586,102,594.81,2.21944
804,681,-201,710.04,2.64942
805,468,-189,504.72,1.88329
806,473,-349,587.82,2.19335
807,812,-458,932.26,3.47858
808,424,-155,451.44,1.68449
809,-264,271,378.33,1.41170
810,-35,183,186.32,0.69521
811,525,-290,599.77,2.23795
812,892,-331,951.43,3.55012
813,661,-123,672.35,2.50876
814,219,-327,393.56,1.46851
815,-51,-745,746.74,2.78636
816,524,-1016,1143.17,4.26555
817,1115,-654,1292.65,4.82332
818,817,-239,851.24,3.17627
819,-32,-24,40.00,0.14925
820,-517,-368,634.60,2.36790
821,30,-364,365.23,1.36281
822,747,-237,783.70,2.92424
823,1041,-442,1130.95,4.21996
824,981,-665,1185.15,4.42221
825,975,-265,1010.37,3.77004
826,595,26,595.57,2.22227
827,1,276,276.00,1.02986
828,-470,47,472.34,1.76248
829,-210,-469,513.87,1.91742
830,329,-348,478.90,1.78694
831,626,-72,630.13,2.35122
832,832,-106,838.73,3.12957
833,597,-448,746.40,2.78507
834,88,-893,897.33,3.34823
835,176,-763,783.04,2.92178
836,196,-182,267.47,0.99802
837,138,-108,175.24,0.65387
838,102,-247,267.23,0.99713
839,272,-409,491.19,1.83279
840,708,-245,749.19,2.79549
841,499,-11,499.12,1.86239
842,75,22,78.16,0.29164
843,17,127,128.13,0.47811
844,387,200,435.62,1.62547
845,584,90,590.89,2.20483
846,678,39,679.12,2.53403
# END
# FRAME,114,RX_TS,724538268309,FP_INDEX,752.5625,FP_INT,752,RXPACC,289,RXPWR,-69.06,STD_NOISE,168.00,NTM,13,NOISE_THRESH,2184.00,PEAK_IDX,754,PEAK_AMPL,19419,START,702,elapsed_s,11.5923
sample,real,imag,amplitude,amplitude_norm
702,-130,77,151.09,0.52281
703,193,-137,236.68,0.81897
704,266,-8,266.12,0.92083
705,-365,197,414.77,1.43519
706,-1025,434,1113.10,3.85154
707,-995,528,1126.41,3.89763
708,-629,334,712.18,2.46428
709,413,-125,431.50,1.49309
710,544,-485,728.81,2.52183
711,234,-284,367.98,1.27330
712,-262,-331,422.14,1.46070
713,-190,110,219.54,0.75967
714,-78,343,351.76,1.21715
715,-179,262,317.31,1.09795
716,-195,254,320.22,1.10803
717,-152,-43,157.97,0.54659
718,6,-168,168.11,0.58169
719,59,-102,117.83,0.40773
720,-124,-18,125.30,0.43356
721,-615,471,774.64,2.68041
722,-911,402,995.75,3.44551
723,-772,450,893.58,3.09197
724,-471,265,540.43,1.87000
725,445,-209,491.64,1.70116
726,603,-332,688.36,2.38185
727,-27,-121,123.98,0.42898
728,-344,-57,348.69,1.20654
729,-481,61,484.85,1.67769
730,-599,491,774.52,2.68000
731,-594,689,909.70,3.14776
732,-302,504,587.55,2.03306
733,193,-468,506.23,1.75168
734,586,-460,744.98,2.57779
735,336,14,336.29,1.16364
736,322,18,322.50,1.11593
737,861,-227,890.42,3.08104
738,1244,-461,1326.67,4.59056
739,1027,-566,1172.64,4.05758
740,771,-525,932.77,3.22759
741,-185,133,227.85,0.78840
742,-352,269,443.02,1.53293
743,244,-100,263.70,0.91245
744,478,-550,728.69,2.52141
745,804,-789,1126.47,3.89782
746,821,-789,1138.67,3.94002
747,1055,-606,1216.66,4.20990
748,707,-626,944.31,3.26752
749,-154,-194,247.69,0.85707
750,-215,246,326.71,1.13049
751,439,448,627.24,2.17037
752,2425,3538,4289.30,14.84186
753,8207,12787,15194.15,52.57492
754,12100,16452,20422.49,70.66607
755,13149,16112,20796.46,71.96007
756,9232,11240,14545.36,50.32996
757,-4703,-5597,7310.58,25.29613
758,-8902,-10119,13477.38,46.63453
759,-1865,-1398,2330.80,8.06505
760,2496,2688,3668.15,12.69258
761,1028,-704,1245.95,4.31126
762,-113,-2776,2778.30,9.61349
763,176,-2012,2019.68,6.98852
764,-17,-1198,1198.12,4.14575
765,-379,-597,707.14,2.44686
766,-489,-517,711.62,2.46237
767,-1085,-870,1390.73,4.81221
768,-907,-564,1068.06,3.69570
769,-253,-479,541.71,1.87443
770,544,-1074,1203.92,4.16580
771,471,-1624,1690.92,5.85094
772,-854,-1540,1760.94,6.09322
773,-2420,-682,2514.26,8.69988
774,-1648,272,1670.30,5.77957
775,-65,507,511.15,1.76868
776,-912,449,1016.54,3.51742
777,-2810,-33,2810.19,9.72385
778,-1568,-694,1714.72,5.93328
779,853,-1311,1564.07,5.41202
780,1943,-1069,2217.66,7.67356
781,774,-488,915.00,3.16608
782,-859,-314,914.59,3.16468
783,-1620,-1067,1939.82,6.71217
784,-1897,-2552,3179.83,11.00287
785,-1638,-1977,2567.41,8.88376
786,-1634,-359,1672.97,5.78883
787,-1399,943,1687.14,5.83786
788,-1084,1627,1955.04,6.76485
789,-1162,1226,1689.18,5.84490
790,-3016,-248,3026.18,10.47121
791,-4801,-3002,5662.30,19.59272
792,-3852,-4027,5572.67,19.28259
793,-807,-1758,1934.38,6.69334
794,502,144,522.25,1.80708
795,406,515,655.79,2.26917
796,485,617,784.80,2.71558
797,398,411,572.12,1.97967
798,-315,171,358.42,1.24021
799,-582,207,617.72,2.13743
800,-796,382,882.92,3.05507
801,-783,608,991.34,3.43024
802,-872,357,942.25,3.26038
803,-726,623,956.66,3.31025
804,-186,804,825.23,2.85548
805,827,587,1014.15,3.50917
806,1029,-36,1029.63,3.56273
807,861,-318,917.85,3.17594
808,412,-426,592.64,2.05065
809,202,-621,653.03,2.25961
810,37,-438,439.56,1.52097
811,-25,-638,638.49,2.20931
812,-9,-922,922.04,3.19046
813,21,-221,222.00,0.76815
814,161,452,479.82,1.66027
815,140,142,199.41,0.69000
816,183,-578,606.28,2.09785
817,285,-949,990.87,3.42862
818,332,-592,678.74,2.34858
819,-178,-300,348.83,1.20703
820,-790,-292,842.24,2.91432
821,-565,-904,1066.04,3.68872
822,89,-1210,1213.27,4.19816
823,317,-756,819.77,2.83658
824,-197,17,197.73,0.68419
825,-692,273,743.90,2.57406
826,-268,-164,314.20,1.08719
827,262,-776,819.04,2.83403
828,155,-1204,1213.94,4.20047
829,-64,-1187,1188.72,4.11323
830,342,-881,945.05,3.27008
831,387,-270,471.88,1.63280
832,161,301,341.35,1.18115
833,-369,500,621.42,2.15024
834,-547,-151,567.46,1.96353
835,-111,-477,489.74,1.69462
836,325,-561,648.34,2.24339
837,320,-767,831.08,2.87570
838,-298,-754,810.75,2.80537
839,-897,-630,1096.13,3.79285
840,-659,-590,884.52,3.06063
841,-79,-279,289.97,1.00335
842,-97,-261,278.44,0.96347
843,-256,-167,305.66,1.05763
844,-196,-481,519.40,1.79723
845,246,-684,726.89,2.51520
846,262,-353,439.61,1.52113
847,24,108,110.63,0.38282
848,142,165,217.69,0.75325
849,447,-271,522.73,1.80877
850,476,-618,780.06,2.69918
851,345,-643,729.71,2.52494
# END
# FRAME,115,RX_TS,730928061917,FP_INDEX,750.1719,FP_INT,750,RXPACC,261,RXPWR,-68.46,STD_NOISE,144.00,NTM,13,NOISE_THRESH,1872.00,PEAK_IDX,752,PEAK_AMPL,17452,START,700,elapsed_s,11.6904
sample,real,imag,amplitude,amplitude_norm
700,10,194,194.26,0.74428
701,-110,46,119.23,0.45682
702,26,30,39.70,0.15210
703,698,279,751.69,2.88006
704,891,426,987.60,3.78391
705,915,372,987.73,3.78440
706,332,185,380.06,1.45619
707,-538,-145,557.20,2.13486
708,-479,-81,485.80,1.86130
709,-185,258,317.47,1.21637
710,46,419,421.52,1.61501
711,280,8,280.11,1.07323
712,301,-73,309.73,1.18669
713,337,26,338.00,1.29502
714,254,75,264.84,1.01472
715,-33,196,198.76,0.76153
716,-149,145,207.91,0.79658
717,-69,195,206.85,0.79252
718,312,131,338.39,1.29650
719,777,271,822.90,3.15289
720,749,384,841.70,3.22490
721,745,221,777.09,2.97735
722,166,59,176.17,0.67499
723,-647,-226,685.34,2.62581
724,-437,-115,451.88,1.73133
725,126,234,265.77,1.01826
726,256,402,476.59,1.82602
727,599,258,652.20,2.49885
728,817,210,843.56,3.23202
729,803,19,803.22,3.07749
730,214,90,232.16,0.88948
731,-654,119,664.74,2.54689
732,-420,-118,436.26,1.67150
733,-102,-173,200.83,0.76947
734,-297,-203,359.75,1.37834
735,-777,-438,891.95,3.41743
736,-913,-410,1000.83,3.83461
737,-924,-294,969.65,3.71512
738,-448,-45,450.25,1.72511
739,406,205,454.82,1.74260
740,179,30,181.50,0.69539
741,-440,-71,445.69,1.70763
742,-732,7,732.03,2.80473
743,-927,-19,927.19,3.55247
744,-926,-95,930.86,3.56651
745,-927,-262,963.31,3.69086
746,-424,131,443.78,1.70029
747,260,239,353.16,1.35310
748,101,-114,152.31,0.58355
749,58,-1208,1209.39,4.63368
750,1936,-6929,7194.38,27.56468
751,4268,-15331,15914.00,60.97318
752,3819,-16483,16919.63,64.82619
753,2953,-16314,16579.11,63.52148
754,1003,-5728,5815.15,22.28028
755,-1635,11971,12082.14,46.29172
756,-649,8844,8867.78,33.97617
757,473,-1312,1394.66,5.34352
758,-153,-2707,2711.32,10.38820
759,-1531,1046,1854.21,7.10423
760,-1709,1714,2420.43,9.27367
761,-1207,835,1467.68,5.62328
762,-495,771,916.22,3.51044
763,-37,593,594.15,2.27645
764,63,1038,1039.91,3.98433
765,192,1299,1313.11,5.03108
766,168,843,859.58,3.29340
767,-489,351,601.93,2.30625
768,-1228,469,1314.51,5.03645
769,-1011,855,1324.06,5.07304
770,325,1790,1819.27,6.97036
771,1421,1673,2195.03,8.41009
772,732,684,1001.84,3.83846
773,425,-1,425.00,1.62836
774,1407,1159,1822.89,6.98425
775,1449,1783,2297.54,8.80284
776,-413,988,1070.85,4.10286
777,-1860,-114,1863.49,7.13981
778,-1475,-498,1556.80,5.96475
779,-173,218,278.30,1.06630
780,552,1152,1277.42,4.89434
781,-83,2253,2254.53,8.63804
782,-786,3036,3136.09,12.01569
783,99,1929,1931.54,7.40053
784,1180,1142,1642.12,6.29165
785,1722,253,1740.49,6.66853
786,1644,-110,1647.68,6.31293
787,1558,609,1672.80,6.40918
788,1465,3649,3932.10,15.06553
789,367,5737,5748.73,22.02577
790,-608,4079,4124.06,15.80101
791,-416,389,569.54,2.18215
792,32,-624,624.82,2.39395
793,256,-533,591.29,2.26548
794,183,-691,714.82,2.73878
795,99,-254,272.61,1.04449
796,407,309,511.01,1.95789
797,567,406,697.37,2.67192
798,861,363,934.39,3.58005
799,903,391,984.02,3.77018
800,768,471,900.92,3.45182
801,944,59,945.84,3.62392
802,466,-511,691.58,2.64972
803,-288,-792,842.74,3.22888
804,-750,-573,943.84,3.61624
805,-631,-227,670.59,2.56931
806,-493,225,541.92,2.07631
807,-401,343,527.68,2.02178
808,-208,527,566.56,2.17074
809,-438,494,660.21,2.52955
810,-543,529,758.08,2.90453
811,7,-142,142.17,0.54472
812,200,-333,388.44,1.48829
813,-118,85,145.43,0.55719
814,-675,484,830.59,3.18234
815,-837,306,891.18,3.41449
816,-556,231,602.08,2.30681
817,42,504,505.75,1.93773
818,174,892,908.81,3.48204
819,-450,963,1062.95,4.07262
820,-855,670,1086.24,4.16185
821,-425,317,530.20,2.03142
822,403,252,475.30,1.82108
823,571,418,707.65,2.71129
824,-238,372,441.62,1.69203
825,-843,435,948.62,3.63455
826,-815,852,1179.04,4.51738
827,-710,738,1024.08,3.92369
828,-619,377,724.77,2.77689
829,-271,-40,273.94,1.04956
830,258,-61,265.11,1.01576
831,524,290,598.90,2.29462
832,67,584,587.83,2.25223
833,-411,331,527.71,2.02189
834,-657,225,694.46,2.66076
835,-684,442,814.38,3.12024
836,51,957,958.36,3.67187
837,185,1066,1081.93,4.14534
838,-67,653,656.43,2.51505
839,-175,122,213.33,0.81735
840,-50,231,236.35,0.90555
841,-59,270,276.37,1.05889
842,-346,418,542.62,2.07902
843,-553,229,598.54,2.29326
844,-151,65,164.40,0.62987
845,196,25,197.59,0.75704
846,-71,-84,109.99,0.42140
847,-433,-10,433.12,1.65945
848,-520,79,525.97,2.01520
849,-548,111,559.13,2.14226
# END
# FRAME,116,RX_TS,737317855484,FP_INDEX,746.0312,FP_INT,746,RXPACC,269,RXPWR,-68.35,STD_NOISE,148.00,NTM,13,NOISE_THRESH,1924.00,PEAK_IDX,748,PEAK_AMPL,18215,START,696,elapsed_s,11.7787
sample,real,imag,amplitude,amplitude_norm
696,145,-17,145.99,0.54273
697,204,212,294.21,1.09372
698,-92,7,92.27,0.34300
699,-653,-466,802.23,2.98225
700,-823,-509,967.68,3.59733
701,-733,-429,849.31,3.15729
702,45,-10,46.10,0.17137
703,613,313,688.29,2.55869
704,426,169,458.30,1.70371
705,216,-224,311.18,1.15680
706,35,-258,260.36,0.96789
707,-250,68,259.08,0.96313
708,-327,37,329.09,1.22337
709,-299,-37,301.28,1.12000
710,-130,-174,217.20,0.80744
711,99,-172,198.46,0.73776
712,171,16,171.75,0.63846
713,196,-38,199.65,0.74219
714,-320,-73,328.22,1.22015
715,-730,-457,861.25,3.20167
716,-716,-471,857.03,3.18598
717,-653,-329,731.20,2.71821
718,75,110,133.14,0.49493
719,748,323,814.76,3.02885
720,426,147,450.65,1.67528
721,-84,-247,260.89,0.96986
722,-126,-404,423.19,1.57321
723,-536,-333,631.02,2.34580
724,-765,-272,811.92,3.01828
725,-687,-92,693.13,2.57670
726,87,-83,120.24,0.44699
727,762,125,772.18,2.87057
728,415,270,495.10,1.84052
729,172,260,311.74,1.15890
730,467,379,601.44,2.23584
731,854,752,1137.90,4.23012
732,905,570,1069.54,3.97600
733,1035,477,1139.63,4.23654
734,356,77,364.23,1.35402
735,-269,-236,357.85,1.33030
736,-17,123,124.17,0.46160
737,595,193,625.52,2.32535
738,958,259,992.39,3.68920
739,1050,221,1073.01,3.98887
740,1018,389,1089.79,4.05127
741,991,481,1101.56,4.09503
742,426,-71,431.88,1.60549
743,-185,-164,247.23,0.91906
744,-104,231,253.33,0.94175
745,-458,1702,1762.55,6.55222
746,-4101,8440,9383.59,34.88324
747,-7360,15728,17364.89,64.55351
748,-6999,16485,17909.25,66.57714
749,-5898,15980,17033.70,63.32230
750,-689,1976,2092.68,7.77947
751,4058,-12564,13203.08,49.08210
752,1615,-6614,6808.32,25.30974
753,-797,2300,2434.18,9.04898
754,137,2171,2175.32,8.08669
755,1932,-1058,2202.72,8.18856
756,1990,-1219,2333.68,8.67539
757,1273,-560,1390.73,5.17000
758,498,-666,831.60,3.09145
759,142,-556,573.85,2.13326
760,295,-1002,1044.52,3.88299
761,193,-1137,1153.26,4.28723
762,82,-668,673.01,2.50191
763,731,-159,748.09,2.78101
764,1437,-374,1484.87,5.51997
765,1047,-998,1446.45,5.37713
766,-330,-2357,2379.99,8.84754
767,-1320,-1771,2208.81,8.21119
768,-472,-247,532.72,1.98038
769,-432,181,468.39,1.74121
770,-1319,-1755,2195.40,8.16134
771,-1034,-1993,2245.26,8.34670
772,830,-579,1012.00,3.76208
773,2028,833,2192.41,8.15023
774,1384,864,1631.55,6.06524
775,254,-311,401.54,1.49273
776,-273,-1419,1445.02,5.37183
777,651,-2408,2494.45,9.27304
778,1351,-2829,3135.03,11.65440
779,110,-1733,1736.49,6.45534
780,-1007,-1106,1495.76,5.56043
781,-1701,-420,1752.08,6.51333
782,-1544,-117,1548.43,5.75623
783,-1330,-1192,1785.99,6.63937
784,-475,-4376,4401.70,16.36321
785,1047,-5642,5738.32,21.33206
786,1499,-3109,3451.50,12.83087
787,479,48,481.40,1.78959
788,-115,661,670.93,2.49416
789,-304,602,674.40,2.50708
790,-240,704,743.78,2.76500
791,-174,227,286.02,1.06326
792,-309,-324,447.72,1.66440
793,-386,-558,678.50,2.52230
794,-601,-436,742.49,2.76020
795,-648,-482,807.61,3.00225
796,-724,-464,859.93,3.19675
797,-963,-78,966.15,3.59165
798,-470,744,880.02,3.27145
799,340,967,1025.03,3.81053
800,720,657,974.70,3.62344
801,536,234,584.85,2.17417
802,641,-218,677.06,2.51694
803,484,-239,539.79,2.00667
804,363,-414,550.60,2.04686
805,675,-458,815.71,3.03239
806,552,-415,690.60,2.56729
807,-157,208,260.60,0.96878
808,-260,287,387.26,1.43962
809,289,1,289.00,1.07436
810,975,-387,1049.00,3.89962
811,866,-147,878.39,3.26538
812,389,-175,426.55,1.58569
813,-124,-641,652.88,2.42708
814,168,-1028,1041.64,3.87226
815,911,-750,1180.01,4.38665
816,1065,-340,1117.96,4.15597
817,325,-86,336.19,1.24976
818,-564,-189,594.83,2.21125
819,-368,-421,559.16,2.07868
820,523,-229,570.94,2.12245
821,1084,-260,1114.74,4.14403
822,1027,-582,1180.45,4.38828
823,929,-397,1010.27,3.75566
824,703,-83,707.88,2.63153
825,262,277,381.28,1.41739
826,-342,174,383.72,1.42646
827,-295,-338,448.63,1.66777
828,248,-483,542.95,2.01840
829,521,-161,545.31,2.02717
830,816,63,818.43,3.04248
831,760,-234,795.21,2.95616
832,171,-904,920.03,3.42019
833,109,-946,952.26,3.54000
834,167,-397,430.69,1.60110
835,187,-22,188.29,0.69996
836,86,-211,227.85,0.84704
837,188,-290,345.61,1.28478
838,628,-299,695.55,2.58568
839,605,-36,606.07,2.25305
840,55,3,55.08,0.20476
841,-168,91,191.06,0.71027
842,236,229,328.84,1.22246
843,639,90,645.31,2.39891
844,721,53,722.95,2.68753
845,577,-10,577.09,2.14530
# END
# FRAME,117,RX_TS,743707649526,FP_INDEX,750.5625,FP_INT,750,RXPACC,262,RXPWR,-68.29,STD_NOISE,148.00,NTM,13,NOISE_THRESH,1924.00,PEAK_IDX,753,PEAK_AMPL,17834,START,700,elapsed_s,11.8771
sample,real,imag,amplitude,amplitude_norm
700,53,-68,86.21,0.32906
701,66,208,218.22,0.83290
702,8,238,238.13,0.90891
703,-3,-379,379.01,1.44661
704,0,-893,893.00,3.40840
705,-70,-931,933.63,3.56347
706,-30,-664,664.68,2.53694
707,7,387,387.06,1.47734
708,244,675,717.75,2.73949
709,191,257,320.20,1.22215
710,392,-109,406.87,1.55295
711,80,-155,174.43,0.66575
712,-252,-119,278.68,1.06368
713,-120,-167,205.64,0.78490
714,-59,-264,270.51,1.03249
715,204,-151,253.81,0.96872
716,205,101,228.53,0.87225
717,82,158,178.01,0.67943
718,138,-9,138.29,0.52784
719,-166,-586,609.06,2.32465
720,28,-848,848.46,3.23841
721,-49,-711,712.69,2.72018
722,-13,-506,506.17,1.93193
723,136,499,517.20,1.97405
724,154,752,767.61,2.92980
725,166,104,195.89,0.74766
726,218,-262,340.83,1.30089
727,244,-454,515.41,1.96723
728,-88,-620,626.21,2.39013
729,-316,-658,729.95,2.78605
730,-230,-447,502.70,1.91871
731,356,320,478.68,1.82703
732,210,715,745.20,2.84428
733,-88,303,315.52,1.20428
734,-83,282,293.96,1.12199
735,24,788,788.37,3.00903
736,58,1105,1106.52,4.22336
737,132,1026,1034.46,3.94831
738,187,893,912.37,3.48233
739,78,-94,122.15,0.46621
740,-2,-343,343.01,1.30918
741,80,326,335.67,1.28119
742,323,643,719.57,2.74644
743,428,849,950.78,3.62894
744,456,867,979.60,3.73895
745,195,1026,1044.37,3.98613
746,330,840,902.50,3.44464
747,269,-56,274.77,1.04873
748,-31,-251,252.91,0.96529
749,-476,289,556.86,2.12543
750,-3423,899,3539.09,13.50796
751,-12834,2644,13103.52,50.01344
752,-16454,4656,17100.07,65.26745
753,-16404,5641,17346.82,66.20923
754,-12457,4298,13177.62,50.29626
755,5974,-2090,6329.04,24.15665
756,11684,-4344,12465.40,47.57786
757,2058,-1122,2343.98,8.94649
758,-3055,1303,3321.27,12.67660
759,208,1195,1212.97,4.62965
760,2398,782,2522.29,9.62705
761,1726,770,1889.97,7.21361
762,1070,408,1145.15,4.37079
763,688,-106,696.12,2.65694
764,675,-241,716.73,2.73562
765,1161,-628,1319.96,5.03803
766,763,-529,928.44,3.54368
767,509,-66,513.26,1.95901
768,764,743,1065.71,4.06761
769,1274,912,1566.79,5.98010
770,1594,-346,1631.12,6.22565
771,1393,-1981,2421.74,9.24327
772,388,-1462,1512.61,5.77332
773,-237,-73,247.99,0.94652
774,-50,-710,711.76,2.71663
775,756,-2228,2352.77,8.98003
776,1121,-1066,1546.93,5.90432
777,946,1205,1531.97,5.84722
778,491,2096,2152.74,8.21657
779,283,986,1025.81,3.91530
780,547,-537,766.54,2.92571
781,1506,-1029,1823.97,6.96173
782,2935,-820,3047.40,11.63128
783,2486,-735,2592.38,9.89457
784,961,-1218,1551.47,5.92162
785,-150,-1455,1462.71,5.58287
786,-839,-1548,1760.75,6.72040
787,-567,-1416,1525.30,5.82176
788,1261,-2372,2686.36,10.25326
789,4320,-3013,5266.93,20.10279
790,4925,-1892,5275.92,20.13708
791,1801,-88,1803.15,6.88225
792,-306,412,513.21,1.95880
793,-548,144,566.60,2.16261
794,-704,227,739.69,2.82325
795,-576,326,661.85,2.52616
796,-78,-271,282.00,1.07634
797,62,-546,549.51,2.09736
798,202,-771,797.02,3.04207
799,19,-845,845.21,3.22601
800,101,-928,933.48,3.56290
801,-199,-887,909.05,3.46965
802,-604,-550,816.89,3.11792
803,-760,495,906.99,3.46178
804,-361,887,957.65,3.65515
805,-117,799,807.52,3.08214
806,204,478,519.71,1.98363
807,509,459,685.39,2.61600
808,414,269,493.72,1.88442
809,592,189,621.44,2.37190
810,824,372,904.08,3.45069
811,327,231,400.36,1.52810
812,-163,-19,164.10,0.62635
813,9,71,71.57,0.27316
814,594,240,640.65,2.44524
815,825,535,983.29,3.75300
816,557,544,778.58,2.97167
817,461,33,462.18,1.76404
818,630,-543,831.71,3.17448
819,1107,-293,1145.12,4.37068
820,1262,472,1347.38,5.14266
821,766,500,914.74,3.49139
822,94,-197,218.28,0.83312
823,-127,-764,774.48,2.95604
824,274,-244,366.90,1.40036
825,715,440,839.54,3.20435
826,1133,566,1266.51,4.83400
827,1176,334,1222.51,4.66607
828,705,549,893.55,3.41048
829,221,481,529.34,2.02039
830,-117,120,167.60,0.63969
831,-119,-388,405.84,1.54900
832,351,-356,499.94,1.90816
833,497,72,502.19,1.91675
834,450,485,661.61,2.52522
835,632,608,876.98,3.34724
836,835,85,839.32,3.20349
837,942,-514,1073.11,4.09583
838,841,-360,914.81,3.49165
839,278,-8,278.12,1.06151
840,231,18,231.70,0.88435
841,242,-152,285.78,1.09075
842,423,24,423.68,1.61710
843,528,493,722.38,2.75718
844,224,358,422.30,1.61184
845,-56,7,56.44,0.21540
846,-129,-4,129.06,0.49260
847,108,429,442.39,1.68849
848,335,502,603.51,2.30349
849,435,453,628.04,2.39710
# END
# FRAME,118,RX_TS,750097436412,FP_INDEX,746.1562,FP_INT,746,RXPACC,270,RXPWR,-68.30,STD_NOISE,160.00,NTM,13,NOISE_THRESH,2080.00,PEAK_IDX,748,PEAK_AMPL,18672,START,696,elapsed_s,11.9879
sample,real,imag,amplitude,amplitude_norm
696,79,148,167.76,0.62135
697,-175,108,205.64,0.76164
698,56,-62,83.55,0.30943
699,762,-151,776.82,2.87710
700,957,-205,978.71,3.62485
701,941,-212,964.59,3.57254
702,292,-7,292.08,1.08179
703,-574,197,606.86,2.24765
704,-480,307,569.78,2.11030
705,28,316,317.24,1.17496
706,277,225,356.87,1.32173
707,239,-187,303.46,1.12394
708,219,-227,315.42,1.16822
709,232,-117,259.83,0.96234
710,299,-3,299.02,1.10746
711,136,219,257.79,0.95479
712,-64,154,166.77,0.61766
713,0,144,144.00,0.53333
714,317,-139,346.14,1.28198
715,858,-235,889.60,3.29482
716,951,-148,962.45,3.56462
717,760,-236,795.80,2.94740
718,141,-17,142.02,0.52600
719,-678,336,756.69,2.80256
720,-438,242,500.41,1.85336
721,243,144,282.46,1.04616
722,418,170,451.25,1.67129
723,565,-117,576.99,2.13699
724,735,-322,802.44,2.97200
725,644,-500,815.31,3.01968
726,228,-16,228.56,0.84652
727,-469,486,675.39,2.50146
728,-466,168,495.36,1.83466
729,-196,-39,199.84,0.74016
730,-419,44,421.30,1.56038
731,-976,163,989.52,3.66488
732,-1002,316,1050.65,3.89129
733,-968,400,1047.39,3.87922
734,-392,256,468.19,1.73403
735,366,-24,366.79,1.35847
736,84,-52,98.79,0.36590
737,-434,252,501.86,1.85873
738,-629,546,832.92,3.08489
739,-797,665,1038.00,3.84443
740,-883,515,1022.21,3.78596
741,-976,433,1067.74,3.95459
742,-286,375,471.62,1.74672
743,370,76,377.72,1.39898
744,56,-130,141.55,0.52425
745,-711,-1038,1258.16,4.65985
746,-2898,-7221,7780.83,28.81787
747,-6860,-15678,17113.13,63.38197
748,-8742,-16460,18637.44,69.02755
749,-9009,-15842,18224.46,67.49801
750,-2554,-4670,5322.76,19.71394
751,6295,10925,12608.83,46.69938
752,4762,7203,8634.80,31.98076
753,-583,-1472,1583.25,5.86388
754,-1815,-1979,2685.27,9.94544
755,-624,1917,2016.00,7.46667
756,-375,2443,2471.61,9.15412
757,-425,1420,1482.24,5.48976
758,108,967,973.01,3.60375
759,322,499,593.87,2.19953
760,641,820,1040.81,3.85484
761,877,937,1283.39,4.75331
762,636,546,838.22,3.10452
763,-144,593,610.23,2.26012
764,-643,1232,1389.70,5.14705
765,-237,1470,1488.98,5.51475
766,1588,1463,2159.19,7.99701
767,2309,456,2353.60,8.71702
768,1046,-130,1054.05,3.90388
769,230,-505,554.91,2.05522
770,1993,-23,1993.13,7.38197
771,2429,511,2482.17,9.19322
772,302,1091,1132.03,4.19269
773,-1792,1123,2114.80,7.83260
774,-1697,523,1775.76,6.57690
775,-50,307,311.05,1.15202
776,1161,701,1356.22,5.02302
777,1352,2057,2461.53,9.11680
778,1260,3071,3319.43,12.29420
779,1281,1528,1993.93,7.38491
780,1608,190,1619.19,5.99699
781,1589,-899,1825.68,6.76179
782,1353,-1022,1695.61,6.28004
783,1800,-253,1817.69,6.73220
784,3587,2362,4294.84,15.90680
785,3737,4563,5897.98,21.84436
786,1807,3657,4079.08,15.10771
787,-248,563,615.20,2.27852
788,-449,-431,622.38,2.30513
789,-119,-534,547.10,2.02629
790,-292,-625,689.85,2.55499
791,-62,-257,264.37,0.97916
792,453,-62,457.22,1.69342
793,613,74,617.45,2.28685
794,842,-34,842.69,3.12106
795,900,-99,905.43,3.35344
796,870,-70,872.81,3.23264
797,717,-520,885.71,3.28042
798,3,-707,707.01,2.61854
799,-759,-411,863.14,3.19680
800,-947,59,948.84,3.51421
801,-608,253,658.54,2.43903
802,-300,524,603.80,2.23630
803,-96,545,553.39,2.04959
804,23,553,553.48,2.04992
805,-103,790,796.69,2.95069
806,-68,717,720.22,2.66747
807,27,-130,132.77,0.49176
808,96,-281,296.95,1.09980
809,-90,212,230.31,0.85301
810,-308,875,927.63,3.43565
811,-510,785,936.12,3.46712
812,-232,545,592.33,2.19380
813,384,419,568.35,2.10498
814,752,720,1041.11,3.85595
815,268,1174,1204.20,4.46000
816,-212,1294,1311.25,4.85649
817,-86,511,518.19,1.91921
818,489,-299,573.17,2.12285
819,532,28,532.74,1.97310
820,-32,539,539.95,1.99981
821,-389,1034,1104.75,4.09167
822,-95,1303,1306.46,4.83874
823,-223,1008,1032.37,3.82360
824,-405,606,728.88,2.69954
825,-219,94,238.32,0.88267
826,235,-262,351.95,1.30352
827,633,-7,633.04,2.34459
828,419,468,628.16,2.32652
829,-131,507,523.65,1.93945
830,-388,579,696.98,2.58142
831,-269,771,816.58,3.02437
832,566,890,1054.73,3.90641
833,838,857,1198.62,4.43934
834,417,549,689.41,2.55338
835,50,266,270.66,1.00244
836,170,249,301.50,1.11666
837,252,278,375.22,1.38969
838,65,692,695.05,2.57424
839,-269,465,537.20,1.98964
840,-59,42,72.42,0.26823
841,-43,-235,238.90,0.88482
842,-225,-55,231.62,0.85787
843,-392,372,540.41,2.00154
844,-439,466,640.22,2.37117
845,-336,465,573.69,2.12478
# END
# FRAME,119,RX_TS,756487229893,FP_INDEX,749.4375,FP_INT,749,RXPACC,287,RXPWR,-68.88,STD_NOISE,144.00,NTM,13,NOISE_THRESH,1872.00,PEAK_IDX,751,PEAK_AMPL,19411,START,699,elapsed_s,12.0779
sample,real,imag,amplitude,amplitude_norm
699,35,154,157.93,0.55027
700,-98,-145,175.01,0.60980
701,5,-101,101.12,0.35235
702,245,614,661.08,2.30340
703,450,1018,1113.02,3.87813
704,571,972,1127.31,3.92790
705,266,548,609.15,2.12246
706,-247,-456,518.60,1.80697
707,-447,-505,674.41,2.34987
708,-239,-113,264.37,0.92114
709,-295,324,438.18,1.52676
710,102,290,307.42,1.07113
711,346,211,405.26,1.41206
712,294,286,410.16,1.42913
713,244,301,387.48,1.35009
714,-143,192,239.40,0.83415
715,-180,-40,184.39,0.64248
716,-40,-106,113.30,0.39476
717,100,132,165.60,0.57701
718,457,653,797.03,2.77711
719,401,1000,1077.40,3.75402
720,439,800,912.54,3.17957
721,216,439,489.26,1.70474
722,-345,-531,633.23,2.20639
723,-334,-688,764.79,2.66476
724,-65,57,86.45,0.30123
725,-95,372,383.94,1.33777
726,120,538,551.22,1.92063
727,497,667,831.80,2.89827
728,667,601,897.83,3.12831
729,343,296,453.06,1.57861
730,-479,-273,551.33,1.92103
731,-311,-493,582.90,2.03100
732,68,-263,271.65,0.94651
733,-7,-314,314.08,1.09435
734,-258,-848,886.38,3.08843
735,-430,-1042,1127.24,3.92766
736,-485,-914,1034.71,3.60525
737,-445,-632,772.95,2.69320
738,119,264,289.58,1.00899
739,229,321,394.31,1.37391
740,-114,-247,272.04,0.94787
741,-553,-489,738.19,2.57210
742,-636,-731,968.95,3.37612
743,-684,-787,1042.70,3.63310
744,-550,-947,1095.13,3.81578
745,-583,-443,732.21,2.55127
746,-91,278,292.51,1.01922
747,196,207,285.07,0.99328
748,533,-451,698.20,2.43277
749,4281,-2742,5083.85,17.71376
750,13701,-8514,16130.89,56.20519
751,16458,-11942,20334.14,70.85065
752,16061,-12740,20500.32,71.42970
753,9829,-7807,12552.23,43.73600
754,-7191,6007,9369.87,32.64764
755,-9401,8278,12526.14,43.64507
756,-555,1080,1214.26,4.23087
757,2674,-2475,3643.61,12.69551
758,-1027,-825,1317.33,4.58999
759,-2706,130,2709.12,9.43945
760,-1806,-142,1811.57,6.31210
761,-1043,206,1063.15,3.70435
762,-510,481,701.04,2.44266
763,-518,616,804.85,2.80435
764,-921,1176,1493.73,5.20462
765,-542,968,1109.41,3.86554
766,-560,253,614.50,2.14111
767,-1109,-486,1210.82,4.21887
768,-1483,-222,1499.52,5.22482
769,-1325,1522,2017.95,7.03117
770,-381,2783,2808.96,9.78731
771,458,1571,1636.40,5.70174
772,670,-53,672.09,2.34179
773,680,1066,1264.42,4.40564
774,190,2656,2662.79,9.27800
775,-801,1222,1461.12,5.09103
776,-1357,-1022,1698.80,5.91918
777,-941,-1754,1990.48,6.93546
778,-464,-455,649.86,2.26433
779,-519,1093,1209.96,4.21590
780,-1566,1662,2283.55,7.95662
781,-2887,1793,3398.47,11.84137
782,-1751,1451,2274.07,7.92359
783,-84,1618,1620.18,5.64522
784,1077,1551,1888.26,6.57931
785,1517,1240,1959.31,6.82686
786,917,1323,1609.73,5.60880
787,-863,3264,3376.16,11.76363
788,-3494,4940,6050.75,21.08277
789,-4038,3685,5466.69,19.04769
790,-1435,486,1515.06,5.27897
791,197,-612,642.93,2.24016
792,495,-382,625.26,2.17860
793,632,-436,767.80,2.67527
794,351,-296,459.15,1.59982
795,144,421,444.95,1.55033
796,140,637,652.20,2.27249
797,266,897,935.61,3.25996
798,445,927,1028.28,3.58285
799,364,935,1003.35,3.49601
800,662,848,1075.80,3.74844
801,924,279,965.20,3.36308
802,509,-708,871.98,3.03825
803,-87,-926,930.08,3.24069
804,-282,-696,750.96,2.61658
805,-379,-209,432.81,1.50804
806,-546,-21,546.40,1.90385
807,-480,130,497.29,1.73273
808,-674,45,675.50,2.35366
809,-945,-67,947.37,3.30095
810,-142,-163,216.18,0.75323
811,412,-105,425.17,1.48143
812,146,-163,218.83,0.76246
813,-615,-116,625.84,2.18064
814,-892,-310,944.33,3.29036
815,-615,-295,682.09,2.37663
816,-410,266,488.73,1.70289
817,-455,899,1007.58,3.51075
818,-931,705,1167.81,4.06903
819,-1311,152,1319.78,4.59854
820,-749,-40,750.07,2.61348
821,141,313,343.29,1.19614
822,354,687,772.84,2.69283
823,-243,252,350.08,1.21978
824,-894,-147,906.00,3.15681
825,-1284,-1,1284.00,4.47387
826,-1185,16,1185.11,4.12930
827,-868,-260,906.10,3.15716
828,-267,-240,359.01,1.25091
829,398,4,398.02,1.38683
830,387,471,609.60,2.12404
831,-249,589,639.47,2.22812
832,-473,102,483.87,1.68597
833,-564,-323,649.94,2.26461
834,-656,-327,732.98,2.55395
835,-696,438,822.35,2.86533
836,-531,1023,1152.60,4.01603
837,-599,719,935.82,3.26070
838,-178,83,196.40,0.68432
839,-149,116,188.83,0.65795
840,-158,204,258.03,0.89906
841,-469,138,488.88,1.70342
842,-609,-241,654.95,2.28206
843,-273,-160,316.43,1.10255
844,192,-10,192.26,0.66990
845,218,-76,230.87,0.80442
846,-239,-310,391.43,1.36388
847,-497,-343,603.87,2.10407
848,-524,-323,615.55,2.14478
# END
# FRAME,120,RX_TS,762877023376,FP_INDEX,752.6094,FP_INT,752,RXPACC,289,RXPWR,-68.98,STD_NOISE,168.00,NTM,13,NOISE_THRESH,2184.00,PEAK_IDX,755,PEAK_AMPL,19405,START,702,elapsed_s,12.1818
sample,real,imag,amplitude,amplitude_norm
702,23,172,173.53,0.60045
703,-145,-7,145.17,0.50231
704,-30,-135,138.29,0.47852
705,223,449,501.33,1.73470
706,450,993,1090.21,3.77234
707,532,981,1115.97,3.86148
708,379,719,812.77,2.81237
709,-47,-267,271.11,0.93808
710,-390,-470,610.74,2.11328
711,-203,-193,280.10,0.96922
712,-313,271,414.02,1.43258
713,77,268,278.84,0.96485
714,370,196,418.71,1.44882
715,277,219,353.11,1.22185
716,297,275,404.76,1.40057
717,-33,276,277.97,0.96182
718,-147,92,173.42,0.60005
719,-65,2,65.03,0.22502
720,-77,218,231.20,0.80000
721,492,622,793.06,2.74416
722,430,1015,1102.33,3.81428
723,447,890,995.95,3.44618
724,311,600,675.81,2.33845
725,-190,-387,431.13,1.49178
726,-369,-684,777.19,2.68922
727,-181,12,181.40,0.62767
728,-103,435,447.03,1.54681
729,56,589,591.66,2.04725
730,452,677,814.02,2.81669
731,617,651,896.93,3.10358
732,456,380,593.58,2.05391
733,-406,-157,435.30,1.50622
734,-420,-536,680.95,2.35624
735,-43,-327,329.82,1.14123
736,-55,-273,278.49,0.96362
737,-262,-752,796.33,2.75548
738,-399,-1119,1188.01,4.11075
739,-456,-996,1095.42,3.79039
740,-526,-708,882.01,3.05193
741,25,133,135.33,0.46827
742,211,335,395.91,1.36994
743,-73,-277,286.46,0.99120
744,-454,-425,621.89,2.15185
745,-677,-686,963.81,3.33497
746,-700,-760,1033.25,3.57525
747,-558,-939,1092.28,3.77953
748,-586,-689,904.50,3.12975
749,-156,142,210.95,0.72993
750,193,246,312.67,1.08192
751,327,-324,460.33,1.59284
752,3201,-2178,3871.70,13.39690
753,12469,-7810,14712.99,50.91000
754,16465,-11847,20284.17,70.18745
755,16197,-12969,20749.40,71.79725
756,11759,-9669,15223.79,52.67746
757,-4939,4114,6427.96,22.24209
758,-10402,9041,13781.92,47.68830
759,-1815,2189,2843.58,9.83938
760,2733,-2433,3659.07,12.66113
761,-538,-1181,1297.77,4.49055
762,-2743,148,2746.99,9.50515
763,-2058,-106,2060.73,7.13055
764,-1260,10,1260.04,4.36000
765,-635,362,730.94,2.52919
766,-530,457,699.82,2.42152
767,-892,1120,1431.80,4.95434
768,-581,950,1113.58,3.85322
769,-591,191,621.10,2.14913
770,-1217,-651,1380.18,4.77570
771,-1787,-634,1896.13,6.56102
772,-1456,855,1688.48,5.84249
773,-507,2699,2746.21,9.50245
774,433,1955,2002.38,6.92864
775,458,153,482.88,1.67086
776,547,667,862.61,2.98481
777,193,2550,2557.29,8.84877
778,-580,1575,1678.40,5.80761
779,-1346,-681,1508.47,5.21961
780,-1137,-1732,2071.86,7.16906
781,-416,-635,759.13,2.62675
782,-186,887,906.29,3.13596
783,-1144,1706,2054.06,7.10748
784,-2778,2034,3443.03,11.91359
785,-2274,1725,2854.24,9.87627
786,-437,1678,1733.97,5.99990
787,826,1510,1721.16,5.95555
788,1495,1330,2000.98,6.92381
789,982,1433,1737.19,6.01102
790,-480,2995,3033.22,10.49557
791,-3230,4757,5749.95,19.89603
792,-4283,3959,5832.48,20.18157
793,-1815,868,2011.88,6.96151
794,186,-463,498.96,1.72652
795,576,-399,700.70,2.42456
796,648,-367,744.71,2.57685
797,365,-351,506.39,1.75220
798,185,256,315.85,1.09291
799,258,506,567.98,1.96532
800,283,873,917.72,3.17552
801,516,903,1040.03,3.59872
802,328,890,948.52,3.28206
803,578,846,1024.60,3.54532
804,899,341,961.50,3.32699
805,713,-573,914.71,3.16509
806,173,-859,876.25,3.03200
807,-158,-788,803.68,2.78091
808,-412,-315,518.62,1.79454
809,-721,-76,724.99,2.50863
810,-513,59,516.38,1.78679
811,-608,151,626.47,2.16772
812,-981,10,981.05,3.39464
813,-271,-91,285.87,0.98917
814,605,-105,614.04,2.12472
815,323,-116,343.20,1.18754
816,-479,-34,480.21,1.66161
817,-960,-231,987.40,3.41661
818,-676,-314,745.37,2.57912
819,-360,191,407.53,1.41014
820,-259,756,799.14,2.76517
821,-720,642,964.66,3.33792
822,-1163,89,1166.40,4.03599
823,-761,-139,773.59,2.67678
824,117,298,320.15,1.10777
825,448,841,952.88,3.29717
826,-188,403,444.69,1.53873
827,-820,-155,834.52,2.88762
828,-1273,-196,1288.00,4.45675
829,-1208,82,1210.78,4.18955
830,-966,-132,974.98,3.37362
831,-445,-238,504.65,1.74618
832,197,-134,238.25,0.82441
833,424,324,533.62,1.84644
834,-147,608,625.52,2.16442
835,-438,228,493.79,1.70861
836,-491,-276,563.26,1.94898
837,-627,-363,724.50,2.50692
838,-716,319,783.85,2.71228
839,-728,997,1234.50,4.27163
840,-661,795,1033.90,3.57750
841,-272,185,328.95,1.13824
842,-212,78,225.89,0.78164
843,-135,230,266.69,0.92281
844,-467,268,538.44,1.86310
845,-661,-79,665.70,2.30347
846,-300,-170,344.82,1.19314
847,148,-3,148.03,0.51222
848,218,-28,219.79,0.76052
849,-300,-301,424.97,1.47049
850,-511,-358,623.93,2.15892
851,-505,-317,596.25,2.06315
# END
# FRAME,121,RX_TS,769266766157,FP_INDEX,747.9531,FP_INT,747,RXPACC,318,RXPWR,-69.61,STD_NOISE,184.00,NTM,13,NOISE_THRESH,2392.00,PEAK_IDX,750,PEAK_AMPL,20518,START,697,elapsed_s,12.2777
sample,real,imag,amplitude,amplitude_norm
697,-1,-197,197.00,0.61950
698,145,-61,157.31,0.49468
699,51,288,292.48,0.91975
700,-159,-136,209.23,0.65795
701,-483,-871,995.96,3.13194
702,-652,-945,1148.10,3.61037
703,-567,-723,918.81,2.88935
704,139,358,384.04,1.20767
705,714,534,891.60,2.80378
706,491,301,575.92,1.81106
707,341,-247,421.06,1.32408
708,9,-248,248.16,0.78039
709,-388,-42,390.27,1.22725
710,-341,-149,372.13,1.17023
711,-220,-273,350.61,1.10255
712,116,-162,199.25,0.62657
713,309,15,309.36,0.97284
714,157,118,196.40,0.61761
715,256,-104,276.32,0.86893
716,-366,-319,485.51,1.52675
717,-517,-830,977.85,3.07500
718,-564,-832,1005.15,3.16084
719,-362,-544,653.44,2.05483
720,302,347,460.01,1.44659
721,683,715,988.79,3.10942
722,344,105,359.67,1.13103
723,32,-358,359.43,1.13027
724,-75,-409,415.82,1.30761
725,-569,-523,772.85,2.43033
726,-774,-593,975.05,3.06620
727,-644,-383,749.28,2.35624
728,353,182,397.16,1.24892
729,710,657,967.34,3.04195
730,341,416,537.90,1.69151
731,98,250,268.52,0.84441
732,394,473,615.60,1.93585
733,653,1064,1248.40,3.92579
734,759,989,1246.68,3.92037
735,794,821,1142.14,3.59163
736,81,-48,94.15,0.29608
737,-257,-451,519.09,1.63235
738,36,204,207.15,0.65142
739,597,531,798.98,2.51252
740,778,685,1036.59,3.25970
741,969,710,1201.27,3.77759
742,781,953,1232.14,3.87466
743,712,809,1077.69,3.38898
744,210,-110,237.07,0.74549
745,-200,-414,459.78,1.44584
746,-148,61,160.08,0.50339
747,-1556,1733,2329.04,7.32402
748,-9263,7810,12116.07,38.10086
749,-16186,14634,21820.64,68.61838
750,-16299,16450,23157.29,72.82166
751,-12468,13442,18334.08,57.65433
752,3849,-4036,5577.10,17.53806
753,11778,-12935,17493.87,55.01217
754,3852,-4937,6261.94,19.69163
755,-2543,2850,3819.60,12.01132
756,-531,2230,2292.35,7.20864
757,2788,-227,2797.23,8.79631
758,2732,-402,2761.42,8.68370
759,1558,-115,1562.24,4.91270
760,641,-462,790.14,2.48472
761,687,-507,853.83,2.68499
762,1025,-1302,1657.05,5.21086
763,668,-1093,1280.97,4.02819
764,437,-529,686.16,2.15772
765,1127,360,1183.10,3.72044
766,1985,502,2047.49,6.43866
767,1985,-787,2135.32,6.71484
768,910,-2757,2903.30,9.12987
769,-657,-2288,2380.46,7.48573
770,-655,-43,656.41,2.06418
771,-845,217,872.42,2.74345
772,-627,-2131,2221.33,6.98530
773,105,-2156,2158.56,6.78791
774,1400,37,1400.49,4.40405
775,1668,1909,2535.06,7.97187
776,816,1208,1457.78,4.58421
777,284,-517,589.87,1.85493
778,817,-1772,1951.27,6.13608
779,2441,-2543,3524.96,11.08477
780,2782,-2530,3760.38,11.82508
781,715,-1901,2031.02,6.38684
782,-704,-1586,1735.23,5.45669
783,-1823,-1070,2113.82,6.64723
784,-1633,-692,1773.57,5.57727
785,-910,-2466,2628.55,8.26587
786,1974,-5452,5798.36,18.23384
787,4051,-5451,6791.47,21.35681
788,2790,-2248,3582.96,11.26717
789,281,431,514.51,1.61796
790,-537,651,843.90,2.65378
791,-490,613,784.77,2.46784
792,-233,528,577.12,1.81486
793,12,-15,19.21,0.06041
794,-205,-450,494.49,1.55501
795,-367,-869,943.32,2.96641
796,-533,-946,1085.82,3.41453
797,-382,-964,1036.93,3.26078
798,-523,-821,973.43,3.06111
799,-938,-187,956.46,3.00773
800,-741,882,1151.96,3.62251
801,-94,1083,1087.07,3.41846
802,344,956,1016.01,3.19499
803,490,330,590.76,1.85774
804,852,-94,857.17,2.69550
805,663,-95,669.77,2.10620
806,735,-203,762.52,2.39786
807,1161,-130,1168.26,3.67376
808,631,-74,635.32,1.99788
809,-221,41,224.77,0.70683
810,-153,46,159.77,0.50241
811,469,54,472.10,1.48459
812,1216,207,1233.49,3.87891
813,1119,399,1188.01,3.73587
814,708,-20,708.28,2.22730
815,218,-864,891.08,2.80213
816,699,-1080,1286.47,4.04550
817,1348,-330,1387.81,4.36417
818,1231,160,1241.35,3.90363
819,202,104,227.20,0.71447
820,-562,-510,758.91,2.38651
821,-156,-568,589.03,1.85231
822,762,7,762.03,2.39633
823,1555,42,1555.57,4.89172
824,1410,-338,1449.95,4.55958
825,1112,20,1112.18,3.49742
826,698,187,722.62,2.27238
827,-98,439,449.81,1.41448
828,-559,-63,562.54,1.76899
829,-138,-670,684.06,2.15115
830,459,-537,706.43,2.22149
831,753,103,760.01,2.38997
832,872,500,1005.18,3.16094
833,837,-43,838.10,2.63555
834,635,-1181,1340.89,4.21664
835,716,-1190,1388.80,4.36728
836,559,-470,730.33,2.29663
837,364,-8,364.09,1.14493
838,281,-258,381.48,1.19961
839,452,-418,615.65,1.93601
840,879,-7,879.03,2.76424
841,680,317,750.26,2.35931
842,34,107,112.27,0.35306
843,-90,-20,92.20,0.28992
844,208,305,369.17,1.16092
845,565,403,694.00,2.18239
846,717,439,840.72,2.64377
# END
# FRAME,122,RX_TS,775656559603,FP_INDEX,750.1406,FP_INT,750,RXPACC,261,RXPWR,-68.49,STD_NOISE,148.00,NTM,13,NOISE_THRESH,1924.00,PEAK_IDX,752,PEAK_AMPL,17451,START,700,elapsed_s,12.3908
sample,real,imag,amplitude,amplitude_norm
700,51,173,180.36,0.69104
701,-203,31,205.35,0.78679
702,-11,-42,43.42,0.16635
703,739,53,740.90,2.83869
704,1069,43,1069.86,4.09910
705,980,-42,980.90,3.75824
706,254,-71,263.74,1.01049
707,-617,31,617.78,2.36697
708,-441,130,459.76,1.76154
709,18,312,312.52,1.19739
710,222,265,345.70,1.32452
711,266,-68,274.55,1.05193
712,311,-173,355.88,1.36352
713,353,-57,357.57,1.37001
714,325,44,327.96,1.25657
715,98,225,245.42,0.94029
716,-73,153,169.52,0.64951
717,-60,167,177.45,0.67989
718,282,-111,303.06,1.16115
719,795,-72,798.25,3.05844
720,904,125,912.60,3.49656
721,745,-21,745.30,2.85554
722,86,9,86.47,0.33130
723,-716,152,731.96,2.80443
724,-360,162,394.77,1.51253
725,210,293,360.48,1.38117
726,349,345,490.74,1.88023
727,625,31,625.77,2.39758
728,792,-108,799.33,3.06257
729,758,-289,811.22,3.10814
730,211,71,222.63,0.85297
731,-556,356,660.21,2.52953
732,-444,17,444.33,1.70240
733,-153,-165,225.02,0.86215
734,-398,-68,403.77,1.54700
735,-935,-80,938.42,3.59546
736,-1023,51,1024.27,3.92441
737,-990,172,1004.83,3.84992
738,-392,223,450.99,1.72794
739,421,13,421.20,1.61380
740,115,-13,115.73,0.44342
741,-434,128,452.48,1.73365
742,-717,303,778.39,2.98235
743,-909,375,983.31,3.76749
744,-963,260,997.48,3.82177
745,-1000,169,1014.18,3.88575
746,-417,389,570.27,2.18495
747,351,194,401.04,1.53657
748,104,-160,190.83,0.73115
749,-328,-1220,1263.32,4.84032
750,-820,-7428,7473.12,28.63266
751,-2303,-15627,15795.79,60.52026
752,-3682,-16504,16909.73,64.78825
753,-4186,-16109,16643.99,63.77008
754,-1085,-4907,5025.52,19.25487
755,3093,11783,12182.19,46.67506
756,2593,8083,8488.73,32.52387
757,-218,-1480,1495.97,5.73168
758,-1203,-2252,2553.18,9.78229
759,-1049,1675,1976.37,7.57229
760,-894,2179,2355.27,9.02401
761,-749,1225,1435.84,5.50129
762,-86,906,910.07,3.48687
763,132,558,573.40,2.19694
764,358,1006,1067.80,4.09119
765,558,1153,1280.93,4.90776
766,417,657,778.16,2.98147
767,-386,452,594.39,2.27736
768,-920,1029,1380.30,5.28852
769,-488,1534,1609.75,6.16763
770,1461,2254,2686.08,10.29150
771,2207,1175,2500.29,9.57967
772,744,-123,754.10,2.88927
773,-16,-616,616.21,2.36095
774,1478,380,1526.07,5.84700
775,2096,1121,2376.94,9.10706
776,49,1056,1057.14,4.05033
777,-1713,495,1783.09,6.83175
778,-1591,-171,1600.16,6.13089
779,-178,207,273.01,1.04601
780,741,989,1235.80,4.73487
781,805,2287,2424.54,9.28943
782,557,3207,3255.01,12.47131
783,856,1700,1903.35,7.29252
784,1460,431,1522.29,5.83252
785,1614,-539,1701.62,6.51962
786,1435,-657,1578.25,6.04694
787,1662,189,1672.71,6.40886
788,2602,2918,3909.62,14.97939
789,2436,5135,5683.51,21.77591
790,883,3858,3957.76,15.16383
791,-331,534,628.27,2.40715
792,-291,-559,630.21,2.41459
793,-41,-632,633.33,2.42655
794,-129,-585,599.05,2.29523
795,26,-164,166.05,0.63620
796,521,170,548.03,2.09975
797,725,263,771.23,2.95490
798,997,155,1008.98,3.86581
799,1062,103,1066.98,4.08806
800,922,120,929.78,3.56236
801,862,-312,916.73,3.51236
802,187,-818,839.10,3.21495
803,-640,-789,1015.93,3.89247
804,-859,-305,911.54,3.49249
805,-504,43,505.83,1.93805
806,-285,431,516.71,1.97972
807,-203,378,429.06,1.64391
808,-91,447,456.17,1.74777
809,-352,718,799.64,3.06376
810,-325,773,838.54,3.21281
811,12,31,33.24,0.12736
812,231,-260,347.79,1.33255
813,-97,157,184.55,0.70708
814,-508,641,817.89,3.13368
815,-651,605,888.72,3.40506
816,-261,477,543.74,2.08328
817,436,483,650.68,2.49303
818,592,979,1144.07,4.38342
819,-124,1187,1193.46,4.57264
820,-605,1028,1192.82,4.57017
821,-260,320,412.31,1.57973
822,556,-103,565.46,2.16651
823,658,117,668.32,2.56062
824,-63,434,438.55,1.68026
825,-578,783,973.23,3.72884
826,-396,1135,1202.10,4.60574
827,-392,965,1041.58,3.99073
828,-385,642,748.59,2.86817
829,-246,70,255.77,0.97994
830,160,-193,250.70,0.96052
831,512,20,512.39,1.96318
832,224,486,535.14,2.05033
833,-226,458,510.72,1.95680
834,-583,349,679.48,2.60336
835,-435,550,701.23,2.68671
836,316,851,907.78,3.47807
837,588,959,1124.91,4.31000
838,244,629,674.67,2.58494
839,-66,203,213.46,0.81785
840,84,293,304.80,1.16783
841,122,316,338.73,1.29783
842,-71,640,643.93,2.46715
843,-398,389,556.53,2.13230
844,-58,114,127.91,0.49006
845,73,-40,83.24,0.31893
846,-218,-109,243.73,0.93384
847,-449,222,500.88,1.91910
848,-471,325,572.25,2.19252
849,-524,374,643.78,2.46659
# END
# FRAME,123,RX_TS,782046353001,FP_INDEX,751.7500,FP_INT,751,RXPACC,264,RXPWR,-68.95,STD_NOISE,144.00,NTM,13,NOISE_THRESH,1872.00,PEAK_IDX,754,PEAK_AMPL,17130,START,701,elapsed_s,12.4872
sample,real,imag,amplitude,amplitude_norm
701,-239,-3,239.02,0.90537
702,50,-98,110.02,0.41674
703,172,98,197.96,0.74985
704,-258,52,263.19,0.99692
705,-898,-103,903.89,3.42382
706,-962,25,962.32,3.64517
707,-648,40,649.23,2.45922
708,388,43,390.38,1.47869
709,802,-170,819.82,3.10538
710,314,-38,316.29,1.19807
711,-43,-260,263.53,0.99823
712,-197,-73,210.09,0.79580
713,-229,304,380.60,1.44167
714,-260,172,311.74,1.18085
715,-265,-34,267.17,1.01202
716,5,-151,151.08,0.57228
717,180,-164,243.51,0.92238
718,168,-175,242.59,0.91889
719,41,-174,178.77,0.67714
720,-437,167,467.82,1.77206
721,-858,-4,858.01,3.25004
722,-826,-87,830.57,3.14610
723,-512,47,514.15,1.94755
724,535,-9,535.08,2.02680
725,836,-89,840.72,3.18456
726,179,-136,224.80,0.85153
727,-292,-154,330.12,1.25046
728,-409,-171,443.31,1.67920
729,-656,75,660.27,2.50104
730,-741,207,769.37,2.91428
731,-525,175,553.40,2.09621
732,304,-174,350.27,1.32680
733,752,-121,761.67,2.88512
734,412,11,412.15,1.56116
735,263,109,284.69,1.07838
736,613,92,619.87,2.34797
737,1028,193,1045.96,3.96197
738,1031,3,1031.00,3.90532
739,814,-127,823.85,3.12064
740,-167,-77,183.90,0.69658
741,-397,6,397.05,1.50396
742,268,19,268.67,1.01770
743,587,-151,606.11,2.29587
744,854,-164,869.60,3.29396
745,957,-262,992.22,3.75839
746,1099,-6,1099.02,4.16294
747,799,-65,801.64,3.03651
748,-130,-164,209.27,0.79271
749,-439,15,439.26,1.66385
750,42,293,295.99,1.12119
751,394,2470,2501.23,9.47434
752,473,11084,11094.09,42.02306
753,1586,16410,16486.46,62.44872
754,2647,16503,16713.94,63.31036
755,2298,12318,12530.52,47.46409
756,-1042,-6674,6754.85,25.58657
757,-2512,-13758,13985.45,52.97517
758,-1081,-3558,3718.59,14.08558
759,742,3327,3408.74,12.91189
760,1177,879,1469.00,5.56441
761,1229,-2009,2355.11,8.92085
762,1106,-1804,2116.05,8.01533
763,555,-918,1072.73,4.06337
764,-58,-466,469.60,1.77877
765,-83,-668,673.14,2.54976
766,-371,-1401,1449.29,5.48974
767,-403,-1190,1256.39,4.75904
768,-151,-818,831.82,3.15083
769,685,-585,900.81,3.41214
770,1086,-994,1472.22,5.57659
771,-32,-1786,1786.29,6.76624
772,-1745,-1989,2645.97,10.02260
773,-1694,-546,1779.82,6.74173
774,-154,678,695.27,2.63360
775,-335,592,680.21,2.57656
776,-1858,-921,2073.74,7.85508
777,-1185,-1212,1695.04,6.42062
778,1025,-786,1291.67,4.89270
779,2316,31,2316.21,8.77351
780,1139,241,1164.22,4.40991
781,-305,-321,442.79,1.67725
782,-756,-1313,1515.09,5.73899
783,-438,-2871,2904.22,11.00083
784,-380,-2796,2821.70,10.68827
785,-1000,-1205,1565.89,5.93142
786,-1527,-149,1534.25,5.81156
787,-1513,656,1649.09,6.24656
788,-1099,439,1183.44,4.48271
789,-1844,-1031,2112.65,8.00247
790,-2281,-4230,4805.82,18.20385
791,-1475,-5180,5385.91,20.40117
792,-71,-2533,2533.99,9.59846
793,302,157,340.37,1.28929
794,109,694,702.51,2.66101
795,161,733,750.47,2.84270
796,242,407,473.51,1.79360
797,-303,-38,305.37,1.15672
798,-617,-234,659.88,2.49956
799,-907,-324,963.13,3.64823
800,-1028,-65,1030.05,3.90172
801,-839,-159,853.93,3.23460
802,-768,88,773.03,2.92813
803,-589,552,807.23,3.05770
804,274,826,870.26,3.29644
805,770,517,927.46,3.51312
806,880,320,936.38,3.54688
807,499,-33,500.09,1.89428
808,365,-452,580.97,2.20065
809,215,-311,378.08,1.43213
810,293,-484,565.78,2.14310
811,527,-725,896.30,3.39508
812,179,-262,317.31,1.20193
813,-382,268,466.63,1.76756
814,-164,167,234.06,0.88660
815,353,-205,408.21,1.54624
816,810,-587,1000.33,3.78915
817,782,-372,865.97,3.28020
818,149,-375,403.52,1.52847
819,-506,-615,796.41,3.01669
820,-160,-1079,1090.80,4.13181
821,526,-1035,1160.99,4.39769
822,643,-573,861.27,3.26237
823,109,-26,112.06,0.42446
824,-641,10,641.08,2.42833
825,-293,-233,374.35,1.41799
826,415,-424,593.30,2.24734
827,698,-930,1162.80,4.40455
828,460,-971,1074.45,4.06988
829,581,-648,870.32,3.29668
830,456,-322,558.23,2.11451
831,172,201,264.55,1.00207
832,-389,195,435.14,1.64825
833,-544,-217,585.68,2.21850
834,-91,-484,492.48,1.86546
835,487,-411,637.25,2.41383
836,787,-404,884.64,3.35090
837,448,-672,807.64,3.05926
838,-306,-921,970.50,3.67615
839,-329,-922,978.94,3.70811
840,38,-428,429.68,1.62759
841,103,-221,243.82,0.92357
842,-91,-279,293.47,1.11161
843,108,-494,505.67,1.91541
844,539,-555,773.66,2.93052
845,428,-221,481.69,1.82458
846,-28,79,83.82,0.31748
847,-57,169,178.35,0.67558
848,371,105,385.57,1.46050
849,544,-191,576.56,2.18392
850,511,-256,571.54,2.16492
# END
# FRAME,124,RX_TS,788436146414,FP_INDEX,745.4375,FP_INT,745,RXPACC,266,RXPWR,-68.28,STD_NOISE,152.00,NTM,13,NOISE_THRESH,1976.00,PEAK_IDX,747,PEAK_AMPL,18230,START,695,elapsed_s,12.5909
sample,real,imag,amplitude,amplitude_norm
695,77,-84,113.95,0.42839
696,135,134,190.21,0.71509
697,9,156,156.26,0.58744
698,-70,-455,460.35,1.73065
699,-137,-925,935.09,3.51538
700,-191,-861,881.93,3.31553
701,-38,-290,292.48,1.09955
702,299,623,691.04,2.59788
703,325,616,696.48,2.61834
704,238,82,251.73,0.94635
705,279,-172,327.76,1.23217
706,-80,-172,189.69,0.71314
707,-264,-105,284.11,1.06810
708,-147,-242,283.15,1.06447
709,-89,-220,237.32,0.89218
710,201,-10,201.25,0.75657
711,180,144,230.51,0.86659
712,199,66,209.66,0.78819
713,48,-97,108.23,0.40687
714,-231,-659,698.31,2.62524
715,-84,-842,846.18,3.18113
716,-143,-761,774.32,2.91097
717,-55,-190,197.80,0.74361
718,302,701,763.29,2.86949
719,335,574,664.61,2.49852
720,244,-130,276.47,1.03936
721,109,-315,333.33,1.25310
722,-93,-432,441.90,1.66127
723,-258,-645,694.69,2.61160
724,-383,-612,721.96,2.71415
725,-157,-172,232.88,0.87549
726,402,532,666.80,2.50678
727,216,543,584.38,2.19693
728,-26,283,284.19,1.06839
729,68,415,420.53,1.58096
730,128,880,889.26,3.34308
731,216,1129,1149.48,4.32134
732,354,967,1029.76,3.87128
733,287,501,577.38,2.17061
734,-36,-399,400.62,1.50609
735,-128,-275,303.33,1.14034
736,134,409,430.39,1.61801
737,404,577,704.38,2.64803
738,436,828,935.78,3.51796
739,517,881,1021.49,3.84020
740,305,1035,1079.00,4.05641
741,250,511,568.88,2.13864
742,109,-315,333.33,1.25310
743,-80,-198,213.55,0.80282
744,-529,350,634.30,2.38460
745,-4269,1562,4545.79,17.08943
746,-13833,4569,14568.04,54.76705
747,-16444,7091,17907.75,67.32236
748,-16177,7860,17985.41,67.61433
749,-6543,3240,7301.26,27.44836
750,10882,-4872,11922.85,44.82273
751,10632,-5312,11885.15,44.68101
752,200,-392,440.07,1.65441
753,-2961,1804,3467.27,13.03484
754,900,1127,1442.27,5.42205
755,2716,543,2769.75,10.41259
756,1765,523,1840.86,6.92051
757,954,63,956.08,3.59428
758,503,-269,570.41,2.14441
759,1042,-432,1128.00,4.24061
760,1406,-802,1618.65,6.08516
761,965,-708,1196.87,4.49950
762,745,-49,746.61,2.80680
763,927,849,1257.03,4.72569
764,1438,819,1654.87,6.22133
765,1821,-1016,2085.26,7.83931
766,998,-2229,2442.22,9.18128
767,-129,-1060,1067.82,4.01436
768,-815,419,916.40,3.44511
769,-308,-839,893.75,3.35995
770,633,-2305,2390.34,8.98623
771,1108,-829,1383.80,5.20226
772,1051,1424,1769.85,6.65358
773,419,1927,1972.03,7.41363
774,113,424,438.80,1.64962
775,317,-929,981.60,3.69021
776,1606,-1277,2051.82,7.71361
777,3240,-1168,3444.10,12.94774
778,2307,-1109,2559.71,9.62298
779,680,-1494,1641.47,6.17095
780,-602,-1537,1650.69,6.20560
781,-1215,-1047,1603.88,6.02963
782,-581,-1109,1251.98,4.70667
783,1657,-2768,3226.06,12.12805
784,4392,-3656,5714.54,21.48324
785,4394,-2289,4954.47,18.62582
786,1336,-146,1343.95,5.05246
787,-377,473,604.86,2.27392
788,-585,310,662.06,2.48895
789,-551,354,654.92,2.46210
790,-157,134,206.41,0.77598
791,21,-549,549.40,2.06542
792,54,-796,797.83,2.99936
793,99,-925,930.28,3.49730
794,-30,-774,774.58,2.91196
795,44,-801,802.21,3.01582
796,-376,-749,838.08,3.15067
797,-724,-188,748.01,2.81207
798,-644,645,911.46,3.42654
799,-167,927,941.92,3.54106
800,123,697,707.77,2.66079
801,385,268,469.09,1.76351
802,655,246,699.67,2.63035
803,579,188,608.76,2.28856
804,706,227,741.60,2.78796
805,851,165,866.85,3.25883
806,32,-59,67.12,0.25233
807,-393,-128,413.32,1.55383
808,13,81,82.04,0.30841
809,557,308,636.48,2.39280
810,801,544,968.26,3.64009
811,549,467,720.76,2.70961
812,380,-209,433.68,1.63039
813,547,-866,1024.29,3.85071
814,1059,-375,1123.43,4.22344
815,1255,484,1345.10,5.05675
816,589,541,799.75,3.00658
817,-108,-143,179.20,0.67369
818,-104,-732,739.35,2.77952
819,186,-154,241.48,0.90781
820,735,482,878.95,3.30431
821,1286,378,1340.40,5.03911
822,1060,329,1109.88,4.17249
823,645,473,799.85,3.00694
824,186,413,452.95,1.70282
825,-282,124,308.06,1.15811
826,-204,-404,452.58,1.70144
827,314,-469,564.41,2.12184
828,512,31,512.94,1.92834
829,484,639,801.61,3.01357
830,708,749,1030.66,3.87467
831,786,-95,791.72,2.97639
832,850,-723,1115.90,4.19511
833,715,-560,908.20,3.41428
834,305,-123,328.87,1.23634
835,254,-138,289.07,1.08672
836,295,-238,379.04,1.42495
837,620,114,630.39,2.36990
838,610,582,843.10,3.16956
839,266,262,373.36,1.40362
840,-95,-72,119.20,0.44813
841,-67,105,124.56,0.46825
842,221,416,471.06,1.77090
843,376,447,584.11,2.19590
844,440,459,635.83,2.39034
# END
# FRAME,125,RX_TS,794825939797,FP_INDEX,748.0625,FP_INT,748,RXPACC,263,RXPWR,-69.12,STD_NOISE,156.00,NTM,13,NOISE_THRESH,2028.00,PEAK_IDX,750,PEAK_AMPL,16671,START,698,elapsed_s,12.6778
sample,real,imag,amplitude,amplitude_norm
698,-129,34,133.41,0.50724
699,63,-157,169.17,0.64323
700,70,87,111.66,0.42458
701,-126,810,819.74,3.11689
702,-113,1058,1064.02,4.04569
703,-94,968,972.55,3.69792
704,-5,207,207.06,0.78730
705,78,-632,636.80,2.42127
706,-72,-471,476.47,1.81168
707,-206,-73,218.55,0.83100
708,-230,158,279.04,1.06099
709,168,245,297.07,1.12953
710,177,290,339.75,1.29182
711,102,377,390.55,1.48500
712,-31,247,248.94,0.94653
713,-205,1,205.00,0.77948
714,-91,-76,118.56,0.45081
715,-136,-13,136.62,0.51947
716,135,370,393.86,1.49756
717,-100,862,867.78,3.29955
718,-149,932,943.84,3.58873
719,-32,818,818.63,3.11265
720,-7,103,103.24,0.39254
721,-32,-715,715.72,2.72135
722,24,-438,438.66,1.66790
723,-134,158,207.17,0.78772
724,-305,315,438.46,1.66716
725,-55,604,606.50,2.30608
726,31,804,804.60,3.05931
727,220,692,726.13,2.76095
728,5,76,76.16,0.28960
729,-221,-593,632.84,2.40625
730,34,-400,401.44,1.52640
731,176,-224,284.87,1.08316
732,128,-460,477.48,1.81550
733,305,-945,993.00,3.77567
734,160,-1031,1043.34,3.96708
735,73,-900,902.96,3.43329
736,-63,-255,262.67,0.99873
737,-41,439,440.91,1.67647
738,127,67,143.59,0.54597
739,-32,-476,477.07,1.81397
740,-149,-733,747.99,2.84407
741,-207,-918,941.05,3.57813
742,-21,-963,963.23,3.66247
743,31,-980,980.49,3.72810
744,-181,-368,410.10,1.55933
745,-133,320,346.54,1.31764
746,237,106,259.62,0.98717
747,1521,-250,1541.41,5.86087
748,8200,303,8205.60,31.19998
749,15876,208,15877.36,60.37020
750,16471,-875,16494.22,62.71568
751,16086,-1492,16155.04,61.42602
752,3726,-345,3741.94,14.22790
753,-12554,1305,12621.65,47.99105
754,-7588,1243,7689.13,29.23625
755,1953,-66,1954.11,7.43009
756,2311,-905,2481.88,9.43682
757,-1520,-1332,2021.05,7.68458
758,-1963,-1264,2334.75,8.87738
759,-1053,-866,1363.37,5.18390
760,-900,-194,920.67,3.50065
761,-541,122,554.59,2.10869
762,-789,354,864.78,3.28812
763,-850,571,1023.98,3.89347
764,-569,426,710.80,2.70266
765,-452,-465,648.48,2.46571
766,-831,-1200,1459.64,5.54998
767,-1151,-845,1427.87,5.42918
768,-1896,783,2051.32,7.79969
769,-1197,1685,2066.89,7.85890
770,-73,628,632.23,2.40391
771,490,320,585.23,2.22523
772,-735,1701,1853.00,7.04565
773,-1427,1848,2334.83,8.87768
774,-1031,-242,1059.02,4.02669
775,-208,-1861,1872.59,7.12011
776,308,-1574,1603.85,6.09829
777,-114,-253,277.50,1.05512
778,-1049,600,1208.47,4.59494
779,-2364,395,2396.77,9.11320
780,-3199,11,3199.02,12.16357
781,-1759,508,1830.89,6.96154
782,-620,1260,1404.28,5.33946
783,327,1711,1741.97,6.62345
784,548,1539,1633.65,6.21161
785,-558,1717,1805.40,6.86462
786,-3614,2222,4242.44,16.13094
787,-5512,1540,5723.09,21.76079
788,-3703,238,3710.64,14.10890
789,-202,-326,383.51,1.45821
790,679,-107,687.38,2.61361
791,705,81,709.64,2.69824
792,876,-70,878.79,3.34142
793,265,121,291.32,1.10767
794,-283,574,639.97,2.43336
795,-443,826,937.30,3.56387
796,-275,976,1014.00,3.85552
797,-135,946,955.58,3.63340
798,-89,948,952.17,3.62041
799,326,974,1027.11,3.90536
800,879,287,924.67,3.51585
801,800,-423,904.95,3.44086
802,425,-696,815.50,3.10076
803,151,-493,515.61,1.96048
804,-295,-392,490.60,1.86540
805,-386,-357,525.78,1.99917
806,-488,-241,544.27,2.06945
807,-542,-541,765.80,2.91178
808,-612,-418,741.13,2.81797
809,88,178,198.56,0.75500
810,211,299,365.95,1.39146
811,-104,-64,122.11,0.46431
812,-625,-532,820.76,3.12077
813,-394,-697,800.65,3.04431
814,-374,-382,534.60,2.03271
815,-482,317,576.90,2.19353
816,-859,418,955.30,3.63233
817,-908,-371,980.87,3.72954
818,-743,-901,1167.84,4.44046
819,-271,-434,511.66,1.94548
820,26,464,464.73,1.76703
821,-126,528,542.83,2.06398
822,-287,-202,350.96,1.33445
823,-577,-690,899.46,3.42000
824,-981,-616,1158.37,4.40444
825,-747,-593,953.76,3.62646
826,-395,-488,627.83,2.38718
827,17,-200,200.72,0.76320
828,165,229,282.25,1.07320
829,-129,447,465.24,1.76898
830,-442,112,455.97,1.73372
831,-299,-281,410.32,1.56015
832,-235,-706,744.08,2.82922
833,-451,-709,840.29,3.19501
834,-901,115,908.31,3.45365
835,-1023,339,1077.71,4.09774
836,-682,199,710.44,2.70129
837,-251,13,251.34,0.95565
838,-287,102,304.59,1.15812
839,-302,61,308.10,1.17148
840,-593,-259,647.09,2.46043
841,-366,-508,626.11,2.38067
842,-112,16,113.14,0.43018
843,138,207,248.78,0.94594
844,243,-267,361.02,1.37271
845,-170,-508,535.69,2.03684
846,-292,-506,584.21,2.22133
847,-215,-416,468.27,1.78051
# END
# FRAME,126,RX_TS,801215733145,FP_INDEX,748.7500,FP_INT,748,RXPACC,263,RXPWR,-69.01,STD_NOISE,148.00,NTM,13,NOISE_THRESH,1924.00,PEAK_IDX,750,PEAK_AMPL,16887,START,698,elapsed_s,12.7886
sample,real,imag,amplitude,amplitude_norm
698,-132,-178,221.60,0.84260
699,113,-52,124.39,0.47297
700,182,232,294.87,1.12118
701,-250,88,265.04,1.00774
702,-833,-282,879.44,3.34387
703,-867,-253,903.16,3.43407
704,-758,-176,778.16,2.95880
705,144,163,217.50,0.82699
706,719,160,736.59,2.80071
707,440,62,444.35,1.68953
708,74,-253,263.60,1.00228
709,-37,-208,211.27,0.80329
710,-270,196,333.64,1.26860
711,-323,119,344.22,1.30884
712,-336,50,339.70,1.29163
713,-74,-123,143.54,0.54580
714,110,-222,247.76,0.94205
715,69,-62,92.76,0.35271
716,18,-62,64.56,0.24548
717,-516,37,517.32,1.96701
718,-738,-260,782.46,2.97513
719,-694,-265,742.87,2.82461
720,-633,-110,642.49,2.44291
721,258,-23,259.02,0.98488
722,766,53,767.83,2.91951
723,211,-16,211.61,0.80458
724,-163,-170,235.52,0.89551
725,-250,-231,340.38,1.29423
726,-611,-43,612.51,2.32894
727,-799,41,800.05,3.04202
728,-633,124,645.03,2.45259
729,273,-258,375.62,1.42823
730,784,-114,792.24,3.01234
731,328,54,332.42,1.26394
732,155,153,217.79,0.82811
733,662,246,706.23,2.68528
734,1004,485,1115.01,4.23957
735,1027,349,1084.68,4.12426
736,962,206,983.81,3.74072
737,178,-51,185.16,0.70404
738,-245,-128,276.42,1.05103
739,155,10,155.32,0.59058
740,637,-67,640.51,2.43541
741,941,53,942.49,3.58362
742,1036,-23,1036.26,3.94013
743,1072,134,1080.34,4.10777
744,969,131,977.81,3.71793
745,264,-150,303.64,1.15452
746,-218,-116,246.94,0.93894
747,75,378,385.37,1.46528
748,-123,2384,2387.17,9.07670
749,-2069,10781,10977.74,41.74044
750,-2660,16258,16474.17,62.63942
751,-1794,16448,16545.55,62.91082
752,-1001,14731,14764.97,56.14057
753,133,-2008,2012.40,7.65171
754,632,-13237,13252.08,50.38813
755,-194,-4702,4706.00,17.89354
756,-120,3150,3152.28,11.98587
757,917,1234,1537.42,5.84568
758,1699,-1771,2454.19,9.33152
759,1534,-1521,2160.23,8.21381
760,880,-726,1140.82,4.33773
761,43,-491,492.88,1.87407
762,-523,-38,524.38,1.99384
763,-620,-171,643.15,2.44543
764,-481,-215,526.86,2.00329
765,381,-672,772.49,2.93723
766,1242,-633,1394.01,5.30040
767,1476,-897,1727.19,6.56726
768,529,-1256,1362.86,5.18196
769,-912,-1940,2143.68,8.15086
770,-1298,-1125,1717.68,6.53111
771,-215,13,215.39,0.81898
772,-386,-6,386.05,1.46786
773,-1628,-1428,2165.54,8.23400
774,-916,-1635,1874.11,7.12589
775,1163,-814,1419.57,5.39759
776,2097,4,2097.00,7.97340
777,1158,-70,1160.11,4.41108
778,-181,-559,587.57,2.23412
779,-505,-1472,1556.22,5.91717
780,242,-2846,2856.27,10.86034
781,578,-2952,3008.05,11.43747
782,-411,-1500,1555.29,5.91364
783,-1266,-512,1365.61,5.19245
784,-1701,186,1711.14,6.50623
785,-1519,138,1525.26,5.79945
786,-1639,-1453,2190.33,8.32824
787,-1461,-4475,4707.46,17.89907
788,-377,-5371,5384.21,20.47230
789,489,-2463,2511.07,9.54781
790,357,285,456.81,1.73691
791,87,677,682.57,2.59531
792,-34,630,630.92,2.39892
793,106,517,527.75,2.00667
794,-169,-57,178.35,0.67815
795,-511,-366,628.55,2.38993
796,-771,-544,943.60,3.58782
797,-909,-216,934.31,3.55251
798,-815,-329,878.90,3.34183
799,-839,-172,856.45,3.25646
800,-847,338,911.95,3.46749
801,-224,880,908.06,3.45271
802,411,738,844.73,3.21189
803,679,387,781.54,2.97165
804,447,117,462.06,1.75688
805,479,-266,547.90,2.08328
806,390,-329,510.24,1.94006
807,311,-394,501.95,1.90857
808,696,-509,862.26,3.27857
809,445,-353,568.01,2.15973
810,-163,149,220.84,0.83969
811,-169,86,189.62,0.72100
812,249,-128,279.97,1.06454
813,787,-401,883.27,3.35845
814,770,-285,821.05,3.12187
815,249,-330,413.40,1.57187
816,-304,-585,659.27,2.50674
817,16,-988,988.13,3.75715
818,946,-954,1343.51,5.10842
819,1141,-629,1302.89,4.95395
820,335,-192,386.12,1.46814
821,-510,-113,522.37,1.98619
822,-275,-256,375.71,1.42857
823,463,-357,584.65,2.22301
824,923,-578,1089.04,4.14084
825,842,-949,1268.69,4.82390
826,793,-584,984.84,3.74463
827,471,-147,493.41,1.87607
828,173,152,230.29,0.87562
829,-378,179,418.24,1.59027
830,-407,-366,547.36,2.08122
831,3,-520,520.01,1.97722
832,385,-274,472.55,1.79676
833,774,-313,834.89,3.17450
834,651,-526,836.95,3.18230
835,-142,-933,943.74,3.58838
836,-251,-983,1014.54,3.85756
837,-61,-436,440.25,1.67394
838,66,-199,209.66,0.79718
839,-53,-267,272.21,1.03502
840,119,-288,311.62,1.18485
841,586,-314,664.82,2.52785
842,526,-145,545.62,2.07460
843,-30,44,53.25,0.20249
844,-114,281,303.24,1.15302
845,399,270,481.77,1.83182
846,670,-96,676.84,2.57355
847,624,-179,649.17,2.46831
# END
# FRAME,127,RX_TS,807605526487,FP_INDEX,749.8437,FP_INT,749,RXPACC,264,RXPWR,-68.56,STD_NOISE,148.00,NTM,13,NOISE_THRESH,1924.00,PEAK_IDX,752,PEAK_AMPL,17456,START,699,elapsed_s,12.8759
sample,real,imag,amplitude,amplitude_norm
699,-116,-171,206.63,0.78270
700,140,-180,228.04,0.86377
701,187,98,211.12,0.79971
702,-202,92,221.96,0.84077
703,-717,-341,793.96,3.00742
704,-863,-395,949.10,3.59508
705,-761,-275,809.16,3.06501
706,46,181,186.75,0.70740
707,701,257,746.63,2.82813
708,444,82,451.51,1.71026
709,141,-311,341.47,1.29345
710,12,-201,201.36,0.76272
711,-210,163,265.84,1.00696
712,-302,120,324.97,1.23094
713,-374,52,377.60,1.43029
714,-89,-203,221.65,0.83959
715,183,-178,255.29,0.96701
716,146,30,149.05,0.56458
717,103,-28,106.74,0.40431
718,-429,63,433.60,1.64243
719,-759,-277,807.97,3.06048
720,-778,-346,851.47,3.22526
721,-663,-257,711.07,2.69344
722,180,93,202.61,0.76745
723,792,236,826.41,3.13036
724,315,18,315.51,1.19513
725,-100,-240,260.00,0.98485
726,-230,-349,417.97,1.58323
727,-533,-217,575.48,2.17985
728,-773,-131,784.02,2.96978
729,-647,51,649.01,2.45836
730,226,-88,242.53,0.91867
731,771,12,771.09,2.92081
732,358,192,406.24,1.53877
733,150,351,381.71,1.44586
734,526,450,692.23,2.62207
735,944,610,1123.94,4.25734
736,957,447,1056.25,4.00094
737,956,313,1005.93,3.81036
738,245,37,247.78,0.93855
739,-366,-142,392.58,1.48705
740,10,110,110.45,0.41838
741,539,95,547.31,2.07314
742,909,113,916.00,3.46968
743,1007,39,1007.75,3.81725
744,1054,263,1086.32,4.11484
745,1052,271,1086.34,4.11494
746,343,-85,353.38,1.33854
747,-256,-174,309.54,1.17248
748,-44,268,271.59,1.02874
749,-313,2040,2063.87,7.81770
750,-3116,9927,10404.56,39.41119
751,-4812,16100,16803.73,63.65049
752,-4166,16447,16966.42,64.26673
753,-3126,15400,15714.07,59.52298
754,138,-555,571.90,2.16629
755,2276,-13120,13315.95,50.43921
756,488,-5394,5416.03,20.51526
757,-515,2895,2940.45,11.13807
758,591,1633,1736.65,6.57824
759,1830,-1407,2308.36,8.74381
760,1642,-1343,2121.28,8.03514
761,1030,-675,1231.47,4.66467
762,132,-595,609.47,2.30858
763,-248,-412,480.88,1.82152
764,-141,-938,948.54,3.59295
765,42,-937,937.94,3.55281
766,380,-794,880.25,3.33427
767,996,-380,1066.03,4.03799
768,1387,-623,1520.49,5.75944
769,946,-1115,1462.24,5.53878
770,-442,-2131,2176.36,8.24377
771,-1018,-1248,1610.54,6.10052
772,-256,57,262.27,0.99344
773,-461,191,499.00,1.89016
774,-1749,-1485,2294.39,8.69087
775,-1222,-1766,2147.57,8.13472
776,821,-750,1112.00,4.21212
777,1927,192,1936.54,7.33538
778,1253,177,1265.44,4.79333
779,18,-333,333.49,1.26321
780,-249,-1170,1196.20,4.53107
781,579,-2446,2513.59,9.52119
782,1098,-2831,3036.47,11.50179
783,11,-1628,1628.04,6.16681
784,-1062,-685,1263.75,4.78694
785,-1862,-59,1862.93,7.05657
786,-1671,-154,1678.08,6.35637
787,-1572,-1498,2171.45,8.22518
788,-876,-4600,4682.67,17.73738
789,387,-5466,5479.68,20.75637
790,828,-2670,2795.44,10.58879
791,322,186,371.86,1.40856
792,-38,618,619.17,2.34533
793,-108,656,664.83,2.51830
794,-15,675,675.17,2.55745
795,-215,77,228.37,0.86505
796,-477,-360,597.60,2.26365
797,-587,-554,807.15,3.05737
798,-745,-444,867.27,3.28512
799,-727,-534,902.04,3.41684
800,-844,-303,896.74,3.39675
801,-981,236,1008.99,3.82192
802,-343,855,921.24,3.48953
803,336,722,796.35,3.01649
804,617,427,750.35,2.84222
805,514,83,520.66,1.97219
806,725,-353,806.37,3.05444
807,571,-296,643.16,2.43622
808,415,-355,546.12,2.06865
809,791,-422,896.53,3.39594
810,640,-385,746.88,2.82908
811,-133,106,170.07,0.64422
812,-236,56,242.55,0.91876
813,356,-131,379.34,1.43688
814,916,-314,968.32,3.66790
815,790,-168,807.67,3.05934
816,262,-323,415.90,1.57538
817,-235,-734,770.70,2.91932
818,87,-1236,1239.06,4.69340
819,939,-1019,1385.67,5.24875
820,952,-654,1155.00,4.37499
821,181,-159,240.92,0.91257
822,-635,-83,640.40,2.42576
823,-348,-296,456.86,1.73053
824,504,-324,599.16,2.26954
825,1091,-493,1197.22,4.53492
826,1006,-925,1366.62,5.17661
827,875,-529,1022.48,3.87303
828,593,-91,599.94,2.27251
829,154,190,244.57,0.92641
830,-397,160,428.03,1.62132
831,-378,-298,481.34,1.82326
832,92,-416,426.05,1.61383
833,448,-172,479.88,1.81774
834,770,-129,780.73,2.95731
835,670,-413,787.06,2.98130
836,97,-883,888.31,3.36482
837,62,-970,971.98,3.68174
838,93,-454,463.43,1.75541
839,41,-185,189.49,0.71776
840,-53,-219,225.32,0.85349
841,141,-278,311.71,1.18073
842,549,-383,669.40,2.53559
843,535,-120,548.29,2.07687
844,52,20,55.71,0.21104
845,-108,171,202.25,0.76610
846,299,220,371.22,1.40612
847,573,2,573.00,2.17047
848,596,-37,597.15,2.26192
# END
# FRAME,128,RX_TS,813995386875,FP_INDEX,751.0312,FP_INT,751,RXPACC,260,RXPWR,-68.69,STD_NOISE,148.00,NTM,13,NOISE_THRESH,1924.00,PEAK_IDX,753,PEAK_AMPL,17063,START,701,elapsed_s,12.9919
sample,real,imag,amplitude,amplitude_norm
701,229,147,272.12,1.04662
702,-50,241,246.13,0.94666
703,-57,-50,75.82,0.29162
704,313,-662,732.27,2.81641
705,367,-931,1000.72,3.84894
706,235,-814,847.24,3.25863
707,-56,163,172.35,0.66289
708,4,729,729.01,2.80389
709,57,452,455.58,1.75223
710,357,136,382.03,1.46934
711,266,-50,270.66,1.04099
712,-102,-269,287.69,1.10650
713,-87,-334,345.14,1.32748
714,76,-236,247.94,0.95360
715,215,-49,220.51,0.84813
716,178,170,246.14,0.94669
717,95,177,200.88,0.77263
718,268,85,281.16,1.08137
719,71,-320,327.78,1.26070
720,273,-800,845.30,3.25115
721,349,-794,867.32,3.33583
722,217,-604,641.80,2.46845
723,46,380,382.77,1.47221
724,-111,905,911.78,3.50685
725,-18,341,341.47,1.31336
726,203,-235,310.54,1.19438
727,245,-274,367.56,1.41370
728,141,-566,583.30,2.24346
729,123,-719,729.45,2.80556
730,-42,-614,615.43,2.36706
731,62,178,188.49,0.72496
732,-26,800,800.42,3.07855
733,-130,410,430.12,1.65429
734,-127,158,202.71,0.77967
735,-137,450,470.39,1.80920
736,-395,1003,1077.98,4.14606
737,-264,990,1024.60,3.94075
738,-139,1037,1046.27,4.02413
739,67,180,192.07,0.73871
740,177,-365,405.65,1.56020
741,-48,13,49.73,0.19127
742,-9,525,525.08,2.01953
743,-3,821,821.01,3.15771
744,57,1002,1003.62,3.86008
745,-135,1088,1096.34,4.21671
746,-160,984,996.92,3.83432
747,196,118,228.78,0.87992
748,148,-400,426.50,1.64039
749,-115,-94,148.53,0.57127
750,-1372,-43,1372.67,5.27951
751,-8214,-1826,8414.52,32.36352
752,-15823,-3126,16128.83,62.03397
753,-16471,-2256,16624.78,63.94147
754,-15017,-1300,15073.16,57.97371
755,1996,351,2026.63,7.79472
756,14271,1109,14314.03,55.05394
757,6718,-19,6718.03,25.83856
758,-2578,-284,2593.60,9.97537
759,-2217,592,2294.68,8.82569
760,1340,1616,2099.30,8.07423
761,1845,1632,2463.22,9.47392
762,1214,788,1447.32,5.56662
763,985,-73,987.70,3.79885
764,581,-120,593.26,2.28178
765,812,147,825.20,3.17384
766,787,58,789.13,3.03513
767,835,-47,836.32,3.21662
768,560,523,766.24,2.94709
769,757,1261,1470.77,5.65681
770,1405,882,1658.90,6.38038
771,2268,-718,2378.94,9.14976
772,1346,-1572,2069.52,7.95968
773,-4,-443,443.02,1.70392
774,-304,-329,447.95,1.72288
775,1258,-1516,1969.98,7.57685
776,1695,-1316,2145.90,8.25346
777,1038,659,1229.52,4.72893
778,50,2204,2204.57,8.47910
779,-101,1422,1425.58,5.48301
780,448,159,475.38,1.82838
781,1496,-484,1572.35,6.04748
782,2742,170,2747.26,10.56640
783,3057,697,3135.45,12.05943
784,1601,-129,1606.19,6.17765
785,695,-946,1173.86,4.51484
786,-138,-1644,1649.78,6.34531
787,-243,-1378,1399.26,5.38178
788,904,-1547,1791.77,6.89141
789,4070,-1369,4294.07,16.51567
790,5508,-229,5512.76,21.20292
791,3465,590,3514.87,13.51874
792,195,445,485.85,1.86865
793,-653,52,655.07,2.51949
794,-710,-20,710.28,2.73185
795,-557,105,566.81,2.18004
796,36,-43,56.08,0.21569
797,307,-419,519.43,1.99782
798,331,-621,703.71,2.70656
799,245,-765,803.27,3.08952
800,398,-767,864.11,3.32352
801,387,-809,896.80,3.44923
802,-180,-813,832.69,3.20265
803,-671,-143,686.07,2.63873
804,-604,383,715.20,2.75075
805,-373,643,743.36,2.85906
806,-75,548,553.11,2.12734
807,424,702,820.11,3.15427
808,378,612,719.32,2.76663
809,494,362,612.44,2.35553
810,711,618,942.04,3.62324
811,523,408,663.32,2.55123
812,-101,-33,106.25,0.40867
813,-286,-147,321.57,1.23679
814,10,195,195.26,0.75099
815,485,696,848.32,3.26276
816,418,661,782.08,3.00799
817,403,298,501.21,1.92774
818,629,-337,713.59,2.74458
819,999,-157,1011.26,3.88947
820,993,633,1177.60,4.52922
821,809,979,1270.01,4.88465
822,275,392,478.84,1.84170
823,129,-500,516.37,1.98605
824,300,-487,571.99,2.19995
825,356,299,464.91,1.78810
826,797,977,1260.85,4.84942
827,1029,846,1332.13,5.12356
828,511,800,949.27,3.65105
829,95,536,544.35,2.09367
830,-150,188,240.51,0.92503
831,-194,-302,358.94,1.38055
832,171,-422,455.33,1.75127
833,479,55,482.15,1.85441
834,357,499,613.56,2.35983
835,289,878,924.34,3.55516
836,468,713,852.87,3.28028
837,904,-53,905.55,3.48289
838,956,-143,966.64,3.71783
839,711,36,711.91,2.73812
840,296,96,311.18,1.19684
841,338,14,338.29,1.30111
842,479,123,494.54,1.90208
843,572,611,836.96,3.21908
844,221,671,706.46,2.71714
845,-47,27,54.20,0.20847
846,-160,-118,198.81,0.76464
847,-274,264,380.49,1.46342
848,65,615,618.43,2.37856
849,181,679,702.71,2.70273
850,200,715,742.45,2.85556
# END
# FRAME,129,RX_TS,820385180187,FP_INDEX,751.0312,FP_INT,751,RXPACC,263,RXPWR,-68.91,STD_NOISE,124.00,NTM,13,NOISE_THRESH,1612.00,PEAK_IDX,753,PEAK_AMPL,16873,START,701,elapsed_s,13.0778
sample,real,imag,amplitude,amplitude_norm
701,-135,-7,135.18,0.51400
702,-14,-135,135.72,0.51606
703,67,160,173.46,0.65955
704,-79,831,834.75,3.17394
705,-71,985,987.56,3.75496
706,-112,971,977.44,3.71649
707,-13,112,112.75,0.42871
708,42,-664,665.33,2.52976
709,-6,-421,421.04,1.60092
710,-259,-44,262.71,0.99890
711,-178,163,241.36,0.91771
712,132,248,280.94,1.06822
713,146,294,328.26,1.24812
714,121,339,359.95,1.36862
715,-84,371,380.39,1.44635
716,-120,75,141.51,0.53806
717,29,-79,84.15,0.31998
718,-97,-75,122.61,0.46621
719,46,430,432.45,1.64431
720,17,877,877.16,3.33523
721,-54,843,844.73,3.21189
722,60,782,784.30,2.98212
723,-15,90,91.24,0.34693
724,-19,-705,705.26,2.68158
725,13,-355,355.24,1.35071
726,-150,200,250.00,0.95057
727,-256,357,439.30,1.67034
728,-3,605,605.01,2.30041
729,126,856,865.22,3.28982
730,329,795,860.39,3.27143
731,-68,97,118.46,0.45042
732,-245,-574,624.10,2.37300
733,7,-367,367.07,1.39569
734,220,-120,250.60,0.95285
735,161,-403,433.97,1.65008
736,255,-988,1020.38,3.87976
737,136,-1048,1056.79,4.01820
738,74,-989,991.76,3.77097
739,-82,-228,242.30,0.92128
740,-58,523,526.21,2.00078
741,82,103,131.65,0.50059
742,-80,-461,467.89,1.77905
743,-205,-724,752.46,2.86108
744,-201,-885,907.54,3.45072
745,-34,-1006,1006.57,3.82728
746,-81,-1049,1052.12,4.00047
747,-299,-436,528.67,2.01017
748,-173,396,432.14,1.64312
749,265,127,293.86,1.11734
750,1681,-256,1700.38,6.46533
751,8780,-146,8781.21,33.38865
752,16023,-685,16037.64,60.97960
753,16470,-1740,16561.66,62.97208
754,15966,-2229,16120.84,61.29598
755,2619,-335,2640.34,10.03931
756,-12709,1926,12854.11,48.87494
757,-6886,1627,7075.60,26.90343
758,2211,-143,2215.62,8.42441
759,1999,-996,2233.39,8.49197
760,-1602,-1211,2008.21,7.63580
761,-1768,-1301,2195.09,8.34635
762,-730,-1311,1500.54,5.70548
763,-57,-957,958.70,3.64523
764,-84,-365,374.54,1.42411
765,-1109,494,1214.05,4.61616
766,-1441,875,1685.85,6.41009
767,-854,453,966.71,3.67570
768,-451,-582,736.29,2.79959
769,-940,-1109,1453.78,5.52769
770,-1385,-519,1479.05,5.62376
771,-2094,1299,2464.19,9.36955
772,-1023,1911,2167.59,8.24179
773,2,610,610.00,2.31940
774,286,318,427.69,1.62620
775,-1076,1862,2150.54,8.17696
776,-1408,1926,2385.78,9.07140
777,-930,-183,947.83,3.60393
778,-196,-1661,1672.52,6.35941
779,292,-1369,1399.79,5.32241
780,-209,-41,212.98,0.80982
781,-1093,725,1311.59,4.98704
782,-2466,593,2536.30,9.64372
783,-2897,185,2902.90,11.03765
784,-1336,612,1469.50,5.58746
785,-219,1300,1318.32,5.01261
786,573,1839,1926.20,7.32396
787,421,1900,1946.08,7.39956
788,-546,1970,2044.26,7.77287
789,-3427,2320,4138.45,15.73553
790,-5251,1672,5510.77,20.95350
791,-3505,325,3520.04,13.38416
792,-253,-385,460.69,1.75167
793,675,-214,708.11,2.69244
794,626,-66,629.47,2.39342
795,444,-49,446.70,1.69846
796,-83,191,208.25,0.79184
797,-321,542,629.92,2.39515
798,-161,642,661.88,2.51665
799,-68,755,758.06,2.88234
800,-206,818,843.54,3.20738
801,-160,933,946.62,3.59931
802,276,969,1007.54,3.83095
803,826,255,864.47,3.28694
804,783,-478,917.37,3.48811
805,307,-850,903.74,3.43628
806,-71,-624,628.03,2.38793
807,-487,-488,689.43,2.62140
808,-392,-297,491.81,1.86998
809,-430,-90,439.32,1.67041
810,-698,-268,747.68,2.84290
811,-703,-242,743.49,2.82695
812,132,165,211.30,0.80343
813,289,306,420.90,1.60038
814,-215,-99,236.70,0.89999
815,-763,-627,987.57,3.75503
816,-450,-614,761.25,2.89447
817,-388,-178,426.88,1.62312
818,-469,303,558.36,2.12306
819,-951,310,1000.25,3.80323
820,-1112,-384,1176.44,4.47314
821,-862,-696,1107.91,4.21258
822,-313,-218,381.44,1.45032
823,17,593,593.24,2.25568
824,-102,607,615.51,2.34034
825,-400,-118,417.04,1.58571
826,-778,-678,1031.97,3.92385
827,-1207,-623,1358.30,5.16464
828,-854,-644,1069.60,4.06693
829,-447,-460,641.41,2.43883
830,74,-162,178.10,0.67719
831,315,342,464.96,1.76791
832,4,605,605.01,2.30043
833,-324,201,381.28,1.44975
834,-394,-235,458.76,1.74434
835,-552,-662,861.94,3.27735
836,-599,-616,859.22,3.26699
837,-721,191,745.87,2.83601
838,-731,428,847.08,3.22084
839,-434,226,489.32,1.86052
840,-126,13,126.67,0.48163
841,-217,67,227.11,0.86353
842,-297,18,297.54,1.13135
843,-568,-357,670.87,2.55085
844,-256,-537,594.90,2.26197
845,3,-69,69.07,0.26261
846,236,-4,236.03,0.89747
847,132,-228,263.45,1.00173
848,-151,-439,464.24,1.76518
849,-259,-501,563.99,2.14444
850,-187,-501,534.76,2.03331
# END
# FRAME,130,RX_TS,826774973982,FP_INDEX,750.1875,FP_INT,750,RXPACC,264,RXPWR,-68.29,STD_NOISE,124.00,NTM,13,NOISE_THRESH,1612.00,PEAK_IDX,752,PEAK_AMPL,18010,START,700,elapsed_s,13.1825
sample,real,imag,amplitude,amplitude_norm
700,-32,91,96.46,0.36539
701,-189,38,192.78,0.73024
702,60,17,62.36,0.23622
703,658,439,791.00,2.99622
704,825,490,959.54,3.63464
705,816,388,903.55,3.42253
706,244,24,245.18,0.92870
707,-559,-248,611.54,2.31645
708,-518,-40,519.54,1.96796
709,-166,228,282.03,1.06829
710,-29,372,373.13,1.41337
711,231,29,232.81,0.88187
712,349,24,349.82,1.32509
713,334,134,359.88,1.36317
714,172,325,367.71,1.39283
715,-56,263,268.90,1.01855
716,-100,15,101.12,0.38303
717,-95,143,171.68,0.65030
718,284,176,334.11,1.26558
719,780,381,868.08,3.28818
720,800,397,893.09,3.38292
721,722,299,781.46,2.96009
722,122,147,191.03,0.72360
723,-646,-277,702.88,2.66244
724,-422,-227,479.18,1.81507
725,56,287,292.41,1.10762
726,155,432,458.97,1.73850
727,456,313,553.09,2.09503
728,766,225,798.36,3.02410
729,747,105,754.34,2.85736
730,135,187,230.64,0.87363
731,-698,0,698.00,2.64394
732,-374,-220,433.91,1.64359
733,-55,-287,292.22,1.10690
734,-263,-238,354.70,1.34357
735,-717,-510,879.88,3.33288
736,-814,-469,939.45,3.55850
737,-898,-302,947.42,3.58872
738,-472,45,474.14,1.79599
739,383,257,461.24,1.74710
740,180,-2,180.01,0.68186
741,-408,-118,424.72,1.60879
742,-819,-24,819.35,3.10360
743,-859,-112,866.27,3.28133
744,-898,-320,953.31,3.61103
745,-960,-440,1056.03,4.00011
746,-509,-16,509.25,1.92898
747,287,352,454.17,1.72035
748,260,27,261.40,0.99014
749,317,-1125,1168.81,4.42731
750,2802,-6627,7195.02,27.25387
751,6290,-15108,16365.08,61.98893
752,6137,-16471,17577.16,66.58016
753,5086,-16289,17064.55,64.63845
754,1533,-5522,5730.84,21.70774
755,-3030,11645,12032.74,45.57858
756,-1688,8693,8855.37,33.54307
757,617,-1080,1243.82,4.71144
758,275,-2822,2835.37,10.74003
759,-1370,629,1507.49,5.71021
760,-1033,1259,1628.55,6.16874
761,199,563,597.13,2.26187
762,649,204,680.31,2.57692
763,-106,507,517.96,1.96198
764,-895,1414,1673.45,6.33881
765,-406,1620,1670.10,6.32614
766,261,922,958.23,3.62966
767,-328,368,492.96,1.86727
768,-1316,364,1365.41,5.17202
769,-1230,750,1440.62,5.45691
770,-43,2104,2104.44,7.97136
771,1179,2005,2325.95,8.81044
772,686,528,865.67,3.27904
773,359,-372,516.98,1.95825
774,1268,1187,1736.89,6.57914
775,1368,1964,2393.47,9.06619
776,-444,887,991.92,3.75727
777,-1818,-449,1872.63,7.09328
778,-1402,-695,1564.81,5.92731
779,-207,-11,207.29,0.78520
780,317,960,1010.98,3.82949
781,-365,2154,2184.71,8.27540
782,-1273,2841,3113.17,11.79230
783,-502,1645,1719.89,6.51474
784,631,912,1109.01,4.20080
785,1476,344,1515.56,5.74075
786,1682,329,1713.87,6.49195
787,1455,1302,1952.49,7.39581
788,787,3963,4040.39,15.30450
789,-645,5590,5627.09,21.31473
790,-1251,3952,4145.27,15.70180
791,-587,436,731.21,2.76973
792,11,-563,563.11,2.13298
793,86,-490,497.49,1.88443
794,-13,-487,487.17,1.84535
795,-2,-161,161.01,0.60990
796,473,220,521.66,1.97598
797,555,309,635.22,2.40614
798,627,540,827.48,3.13441
799,667,570,877.38,3.32339
800,768,575,959.40,3.63409
801,1059,266,1091.90,4.13597
802,624,-368,724.43,2.74406
803,-265,-825,866.52,3.28226
804,-763,-613,978.74,3.70736
805,-609,-356,705.42,2.67204
806,-570,214,608.85,2.30624
807,-492,257,555.08,2.10257
808,-291,409,501.96,1.90136
809,-496,526,722.97,2.73854
810,-608,588,845.82,3.20386
811,172,-10,172.29,0.65262
812,298,-185,350.75,1.32862
813,-285,116,307.70,1.16554
814,-882,456,992.90,3.76100
815,-916,236,945.91,3.58300
816,-365,154,396.16,1.50060
817,228,391,452.62,1.71447
818,182,890,908.42,3.44098
819,-511,970,1096.37,4.15291
820,-952,808,1248.67,4.72980
821,-470,380,604.40,2.28940
822,464,290,547.17,2.07262
823,603,428,739.45,2.80096
824,-98,324,338.50,1.28218
825,-836,409,930.69,3.52533
826,-1030,862,1343.11,5.08754
827,-874,535,1024.74,3.88161
828,-624,47,625.77,2.37033
829,-182,-236,298.03,1.12889
830,233,-182,295.66,1.11991
831,391,163,423.62,1.60460
832,52,429,432.14,1.63689
833,-362,184,406.08,1.53818
834,-764,47,765.44,2.89941
835,-868,198,890.30,3.37234
836,-232,734,769.79,2.91588
837,34,961,961.60,3.64243
838,12,588,588.12,2.22774
839,-156,221,270.51,1.02467
840,-57,282,287.70,1.08978
841,-57,341,345.73,1.30959
842,-399,545,675.45,2.55850
843,-593,163,614.99,2.32952
844,-111,77,135.09,0.51171
845,99,-12,99.72,0.37774
846,-211,-178,276.05,1.04565
847,-528,-44,529.83,2.00693
848,-535,-3,535.01,2.02655
849,-528,49,530.27,2.00859
# END
# FRAME,131,RX_TS,833164757510,FP_INDEX,750.2031,FP_INT,750,RXPACC,299,RXPWR,-69.02,STD_NOISE,144.00,NTM,13,NOISE_THRESH,1872.00,PEAK_IDX,752,PEAK_AMPL,20039,START,700,elapsed_s,13.2762
sample,real,imag,amplitude,amplitude_norm
700,-49,112,122.25,0.40886
701,-165,-192,253.16,0.84668
702,93,42,102.04,0.34128
703,525,790,948.54,3.17237
704,777,906,1193.55,3.99181
705,734,870,1138.27,3.80692
706,130,181,222.85,0.74531
707,-501,-474,689.69,2.30667
708,-445,-232,501.85,1.67841
709,-249,254,355.69,1.18961
710,-68,378,384.07,1.28451
711,315,119,336.73,1.12618
712,448,108,460.83,1.54125
713,454,212,501.06,1.67578
714,183,273,328.66,1.09920
715,-169,180,246.90,0.82576
716,-75,-110,133.14,0.44527
717,-69,-56,88.87,0.29721
718,319,199,375.98,1.25746
719,684,699,977.99,3.27086
720,671,830,1067.31,3.56958
721,679,630,926.25,3.09783
722,71,118,137.71,0.46058
723,-613,-552,824.91,2.75889
724,-369,-256,449.11,1.50203
725,-15,362,362.31,1.21174
726,48,540,542.13,1.81314
727,436,563,712.08,2.38156
728,805,570,986.37,3.29890
729,938,434,1033.54,3.45665
730,52,243,248.50,0.83111
731,-664,-222,700.13,2.34157
732,-268,-336,429.79,1.43743
733,68,-229,238.88,0.79894
734,-224,-391,450.62,1.50709
735,-652,-843,1065.72,3.56427
736,-836,-867,1204.40,4.02810
737,-746,-782,1080.76,3.61458
738,-338,-215,400.59,1.33975
739,356,353,501.34,1.67673
740,168,30,170.66,0.57076
741,-420,-311,522.61,1.74786
742,-842,-347,910.70,3.04582
743,-995,-462,1097.03,3.66899
744,-894,-681,1123.83,3.75863
745,-825,-757,1119.68,3.74474
746,-489,-75,494.72,1.65458
747,109,481,493.20,1.64948
748,245,2,245.01,0.81943
749,875,-1197,1482.71,4.95890
750,6359,-6474,9074.67,30.35005
751,13419,-14284,19598.53,65.54691
752,14003,-16474,21621.21,72.31174
753,12617,-16125,20474.48,68.47652
754,3190,-4034,5142.88,17.20028
755,-8393,11371,14133.01,47.26761
756,-5029,7717,9211.02,30.80610
757,1367,-1485,2018.39,6.75048
758,964,-2767,2930.12,9.79972
759,-2554,-126,2557.11,8.55219
760,-3195,202,3201.38,10.70695
761,-2170,-255,2184.93,7.30746
762,-960,254,993.03,3.32118
763,-243,352,427.73,1.43054
764,-829,862,1195.95,3.99982
765,-1010,1296,1643.08,5.49525
766,-481,890,1011.66,3.38349
767,-629,-12,629.11,2.10406
768,-1519,-298,1547.96,5.17711
769,-1704,322,1734.16,5.79986
770,-764,2376,2495.81,8.34719
771,754,2647,2752.29,9.20500
772,768,716,1049.99,3.51167
773,818,-219,846.81,2.83214
774,1118,1814,2130.85,7.12659
775,719,2521,2621.53,8.76765
776,-813,706,1076.76,3.60119
777,-1543,-1039,1860.21,6.22143
778,-848,-1193,1463.68,4.89524
779,6,40,40.45,0.13528
780,-76,1262,1264.29,4.22838
781,-1351,2256,2629.59,8.79461
782,-2242,2607,3438.46,11.49987
783,-529,1753,1831.08,6.12401
784,869,1422,1666.51,5.57360
785,1691,1004,1966.60,6.57724
786,1521,964,1800.76,6.02261
787,952,1964,2182.57,7.29956
788,-747,4746,4804.43,16.06832
789,-3027,6024,6741.76,22.54769
790,-2947,3620,4667.89,15.61168
791,-633,30,633.71,2.11943
792,284,-777,827.28,2.76681
793,383,-712,808.48,2.70393
794,285,-649,708.82,2.37064
795,67,-57,87.97,0.29420
796,385,468,606.01,2.02679
797,567,598,824.07,2.75609
798,648,852,1070.42,3.58001
799,587,1126,1269.82,4.24689
800,707,1197,1390.20,4.64950
801,1159,845,1434.33,4.79709
802,803,-135,814.27,2.72331
803,83,-854,858.02,2.86965
804,-528,-725,896.89,2.99963
805,-542,-291,615.18,2.05745
806,-723,27,723.50,2.41975
807,-612,58,614.74,2.05599
808,-429,248,495.52,1.65727
809,-645,290,707.20,2.36520
810,-651,251,697.71,2.33348
811,254,-76,265.13,0.88671
812,430,96,440.59,1.47353
813,-368,294,471.02,1.57532
814,-1180,291,1215.35,4.06472
815,-1048,8,1048.03,3.50512
816,-634,143,649.93,2.17367
817,-92,673,679.26,2.27177
818,-321,1127,1171.82,3.91914
819,-1172,791,1413.95,4.72894
820,-1514,423,1571.98,5.25746
821,-631,213,665.98,2.22736
822,445,296,534.45,1.78747
823,450,552,712.18,2.38188
824,-264,215,340.47,1.13870
825,-925,121,932.88,3.12000
826,-1195,440,1273.43,4.25896
827,-1074,139,1082.96,3.62193
828,-723,-125,733.73,2.45393
829,-179,-184,256.70,0.85854
830,462,18,462.35,1.54632
831,462,540,710.66,2.37680
832,-171,598,621.97,2.08016
833,-437,173,470.00,1.57190
834,-742,-156,758.22,2.53586
835,-1062,-130,1069.93,3.57835
836,-616,671,910.88,3.04641
837,-369,1044,1107.29,3.70332
838,-198,734,760.24,2.54260
839,-27,248,249.47,0.83433
840,-35,299,301.04,1.00683
841,-150,298,333.62,1.11579
842,-588,275,649.13,2.17100
843,-649,-122,660.37,2.20859
844,-152,-21,153.44,0.51319
845,181,-10,181.28,0.60627
846,27,-301,302.21,1.01073
847,-444,-286,528.14,1.76635
848,-604,-273,662.83,2.21683
849,-610,-251,659.62,2.20609
# END
# FRAME,132,RX_TS,839554550744,FP_INDEX,749.9687,FP_INT,749,RXPACC,267,RXPWR,-68.31,STD_NOISE,156.00,NTM,13,NOISE_THRESH,2028.00,PEAK_IDX,752,PEAK_AMPL,18128,START,699,elapsed_s,13.3806
sample,real,imag,amplitude,amplitude_norm
699,-194,20,195.03,0.73044
700,58,-78,97.20,0.36405
701,260,-12,260.28,0.97482
702,-95,136,165.89,0.62133
703,-853,113,860.45,3.22267
704,-969,233,996.62,3.73266
705,-925,205,947.44,3.54848
706,-20,72,74.73,0.27987
707,655,-220,690.96,2.58786
708,477,-205,519.19,1.94452
709,39,-293,295.58,1.10706
710,-207,-135,247.13,0.92559
711,-205,256,327.96,1.22833
712,-172,264,315.09,1.18010
713,-250,247,351.44,1.31625
714,-172,36,175.73,0.65815
715,-46,-142,149.26,0.55904
716,118,-35,123.08,0.46098
717,67,-55,86.68,0.32466
718,-348,226,414.95,1.55410
719,-826,230,857.42,3.21133
720,-772,190,795.04,2.97767
721,-630,212,664.71,2.48956
722,145,-71,161.45,0.60468
723,777,-248,815.62,3.05475
724,304,-88,316.48,1.18532
725,-273,-123,299.43,1.12146
726,-455,-90,463.82,1.73714
727,-625,261,677.31,2.53673
728,-704,421,820.28,3.07220
729,-557,530,768.86,2.87963
730,50,-83,96.90,0.36291
731,645,-280,703.15,2.63353
732,409,81,416.94,1.56159
733,259,189,320.63,1.20085
734,525,0,525.00,1.96629
735,981,-62,982.96,3.68149
736,1055,-116,1061.36,3.97512
737,1025,-158,1037.11,3.88429
738,259,-43,262.55,0.98332
739,-350,136,375.49,1.40635
740,68,113,131.88,0.49394
741,488,-236,542.07,2.03023
742,728,-477,870.35,3.25975
743,865,-493,995.63,3.72894
744,973,-310,1021.19,3.82468
745,940,-293,984.61,3.68766
746,247,-260,358.62,1.34315
747,-362,51,365.57,1.36919
748,46,248,252.23,0.94468
749,814,1631,1822.84,6.82713
750,2577,9172,9527.15,35.68220
751,5470,16165,17065.41,63.91539
752,6904,16451,17840.98,66.82015
753,6862,15526,16974.80,63.57602
754,508,1259,1357.62,5.08474
755,-5283,-12137,13236.95,49.57660
756,-3012,-5731,6474.30,24.24830
757,1067,2472,2692.45,10.08407
758,1816,1708,2493.01,9.33713
759,1365,-1602,2104.67,7.88265
760,1329,-1842,2271.39,8.50707
761,1097,-1196,1622.91,6.07830
762,22,-977,977.25,3.66010
763,-483,-713,861.20,3.22545
764,-666,-1031,1227.40,4.59701
765,-558,-1242,1361.59,5.09959
766,-231,-1050,1075.11,4.02663
767,554,-789,964.07,3.61076
768,861,-1157,1442.21,5.40154
769,209,-1377,1392.77,5.21637
770,-1791,-1673,2450.84,9.17917
771,-2052,-602,2138.48,8.00930
772,-384,323,501.78,1.87933
773,-145,865,877.07,3.28490
774,-2083,169,2089.84,7.82713
775,-1930,-438,1979.08,7.41227
776,378,-937,1010.37,3.78417
777,2080,-826,2238.01,8.38205
778,1589,-392,1636.64,6.12973
779,113,-414,429.14,1.60728
780,-852,-939,1267.92,4.74877
781,-1155,-2271,2547.84,9.54245
782,-1258,-2631,2916.29,10.92242
783,-1301,-776,1514.85,5.67360
784,-1343,184,1355.55,5.07695
785,-1329,875,1591.18,5.95949
786,-1301,746,1499.71,5.61688
787,-2187,-298,2207.21,8.26670
788,-3789,-3316,5035.11,18.85811
789,-3253,-5262,6186.33,23.16977
790,-1010,-3341,3490.33,13.07238
791,500,-276,571.12,2.13902
792,526,523,741.76,2.77812
793,292,673,733.62,2.74763
794,306,708,771.30,2.88876
795,-96,419,429.86,1.60995
796,-566,254,620.38,2.32352
797,-676,132,688.77,2.57965
798,-855,104,861.30,3.22585
799,-1018,6,1018.02,3.81280
800,-1021,203,1040.99,3.89882
801,-886,544,1039.68,3.89393
802,65,652,655.23,2.45405
803,785,539,952.23,3.56641
804,933,183,950.78,3.56096
805,529,-35,530.16,1.98561
806,324,-549,637.48,2.38755
807,238,-379,447.53,1.67615
808,43,-437,439.11,1.64461
809,169,-663,684.20,2.56255
810,133,-516,532.86,1.99575
811,-101,373,386.43,1.44731
812,-60,310,315.75,1.18260
813,246,-374,447.65,1.67660
814,539,-1064,1192.74,4.46717
815,618,-674,914.44,3.42487
816,276,-450,527.90,1.97714
817,-441,-377,580.18,2.17296
818,-671,-877,1104.25,4.13577
819,53,-1227,1228.14,4.59979
820,528,-1182,1294.57,4.84857
821,171,-453,484.20,1.81348
822,-587,214,624.79,2.34004
823,-528,34,529.09,1.98162
824,148,-354,383.69,1.43705
825,589,-767,967.06,3.62196
826,310,-1039,1084.26,4.06090
827,364,-765,847.18,3.17297
828,397,-462,609.14,2.28143
829,224,0,224.00,0.83895
830,-177,276,327.88,1.22801
831,-527,80,533.04,1.99640
832,-263,-286,388.54,1.45521
833,189,-433,472.45,1.76948
834,595,-579,830.22,3.10944
835,579,-741,940.38,3.52204
836,-268,-800,843.70,3.15991
837,-488,-857,986.20,3.69364
838,-232,-490,542.15,2.03052
839,-63,-125,139.98,0.52426
840,-166,-66,178.64,0.66906
841,-145,-249,288.14,1.07918
842,230,-597,639.77,2.39615
843,470,-472,666.10,2.49474
844,95,-14,96.03,0.35965
845,23,321,321.82,1.20533
846,427,159,455.64,1.70653
847,518,-207,557.83,2.08925
848,522,-279,591.88,2.21679
# END
# FRAME,133,RX_TS,845944343960,FP_INDEX,748.8437,FP_INT,748,RXPACC,273,RXPWR,-68.17,STD_NOISE,156.00,NTM,13,NOISE_THRESH,2028.00,PEAK_IDX,751,PEAK_AMPL,18796,START,698,elapsed_s,13.4778
sample,real,imag,amplitude,amplitude_norm
698,237,-114,262.99,0.96334
699,101,92,136.62,0.50044
700,-149,164,221.58,0.81164
701,166,-90,188.83,0.69168
702,600,-648,883.12,3.23488
703,643,-767,1000.87,3.66619
704,612,-649,892.05,3.26757
705,-145,104,178.44,0.65363
706,-269,713,762.06,2.79142
707,-111,382,397.80,1.45714
708,301,224,375.20,1.37437
709,294,-97,309.59,1.13402
710,-20,-392,392.51,1.43777
711,17,-459,459.31,1.68247
712,122,-325,347.14,1.27159
713,228,19,228.79,0.83806
714,165,217,272.61,0.99856
715,-2,152,152.01,0.55682
716,95,150,177.55,0.65038
717,255,-459,525.08,1.92336
718,515,-715,881.16,3.22771
719,481,-625,788.66,2.88887
720,413,-477,630.95,2.31117
721,-108,301,319.79,1.17139
722,-349,719,799.23,2.92757
723,28,231,232.69,0.85235
724,355,-90,366.23,1.34150
725,510,-251,568.42,2.08212
726,314,-679,748.09,2.74025
727,203,-884,907.01,3.32238
728,140,-792,804.28,2.94608
729,134,298,326.74,1.19686
730,-230,715,751.08,2.75122
731,-242,269,361.84,1.32541
732,-303,83,314.16,1.15078
733,-345,434,554.42,2.03084
734,-676,791,1040.51,3.81138
735,-721,742,1034.60,3.78976
736,-589,786,982.20,3.59780
737,1,153,153.00,0.56045
738,164,-252,300.67,1.10134
739,-78,125,147.34,0.53971
740,-195,661,689.16,2.52441
741,-190,921,940.39,3.44467
742,-223,985,1009.93,3.69937
743,-408,995,1075.40,3.93920
744,-382,884,963.01,3.52749
745,165,248,297.87,1.09111
746,269,-281,389.00,1.42491
747,-222,-76,234.65,0.85952
748,-2218,-1080,2466.97,9.03651
749,-9765,-6184,11558.42,42.33854
750,-15891,-9527,18528.02,67.86821
751,-16498,-9027,18806.13,68.88694
752,-14735,-7194,16397.37,60.06364
753,2168,919,2354.74,8.62541
754,12524,5640,13735.36,50.31268
755,4446,1480,4685.86,17.16434
756,-3328,-1400,3610.48,13.22521
757,-2762,421,2793.90,10.23407
758,-557,2909,2961.85,10.84925
759,-297,3247,3260.55,11.94342
760,204,2084,2093.96,7.67019
761,1188,331,1233.25,4.51740
762,1196,-242,1220.24,4.46974
763,1257,504,1354.28,4.96072
764,1209,716,1405.11,5.14693
765,824,305,878.64,3.21845
766,309,549,629.99,2.30764
767,338,1297,1340.32,4.90959
768,1217,1137,1665.49,6.10070
769,2534,-79,2535.23,9.28656
770,1492,-943,1765.02,6.46529
771,-325,-391,508.43,1.86240
772,-462,-669,813.02,2.97810
773,1456,-1301,1952.57,7.15228
774,1457,-392,1508.81,5.52678
775,174,1635,1644.23,6.02283
776,-878,2494,2644.03,9.68511
777,-631,1486,1614.42,5.91363
778,333,204,390.52,1.43047
779,1376,-75,1378.04,5.04777
780,2556,831,2687.69,9.84503
781,2613,964,2785.15,10.20202
782,1324,-349,1369.22,5.01548
783,743,-1051,1287.11,4.71469
784,337,-1525,1561.79,5.72085
785,540,-1451,1548.23,5.67115
786,2303,-1208,2600.59,9.52597
787,5239,431,5256.70,19.25531
788,5585,2161,5988.50,21.93590
789,2446,1805,3039.89,11.13513
790,-220,388,446.03,1.63381
791,-513,-170,540.43,1.97961
792,-470,-377,602.52,2.20703
793,-468,-268,539.30,1.97547
794,218,-350,412.34,1.51040
795,524,-584,784.62,2.87407
796,772,-642,1004.07,3.67790
797,804,-831,1156.28,4.23545
798,829,-876,1206.08,4.41786
799,550,-801,971.65,3.55915
800,146,-875,887.10,3.24944
801,-684,-210,715.51,2.62092
802,-700,302,762.37,2.79255
803,-454,355,576.32,2.11105
804,7,237,237.10,0.86851
805,400,600,721.11,2.64143
806,299,365,471.83,1.72832
807,294,257,390.49,1.43038
808,337,747,819.50,3.00183
809,162,389,421.38,1.54353
810,-53,-304,308.59,1.13035
811,86,-165,186.07,0.68156
812,433,557,705.51,2.58427
813,372,1058,1121.49,4.10804
814,22,852,852.28,3.12192
815,317,397,508.03,1.86093
816,826,-64,828.48,3.03471
817,1090,353,1145.74,4.19683
818,771,1147,1382.05,5.06244
819,561,1128,1259.80,4.61467
820,418,328,531.33,1.94625
821,388,-474,612.55,2.24378
822,201,-32,203.53,0.74554
823,-14,718,718.14,2.63054
824,250,1208,1233.60,4.51867
825,667,1032,1228.79,4.50104
826,278,881,923.82,3.38396
827,-29,698,698.60,2.55898
828,-242,277,367.82,1.34733
829,143,-257,294.11,1.07731
830,470,-312,564.13,2.06641
831,446,139,467.16,1.71120
832,151,503,525.18,1.92372
833,14,823,823.12,3.01509
834,406,821,915.90,3.35495
835,1061,372,1124.32,4.11840
836,1077,366,1137.49,4.16663
837,444,157,470.94,1.72506
838,61,55,82.13,0.30086
839,230,-9,230.18,0.84314
840,371,164,405.63,1.48583
841,185,594,622.14,2.27891
842,25,438,438.71,1.60701
843,41,-67,78.55,0.28773
844,-99,-90,133.79,0.49009
845,-196,287,347.54,1.27305
846,-155,523,545.49,1.99811
847,-154,588,607.83,2.22649
# END
# FRAME,134,RX_TS,852334137145,FP_INDEX,747.8906,FP_INT,747,RXPACC,304,RXPWR,-69.37,STD_NOISE,148.00,NTM,13,NOISE_THRESH,1924.00,PEAK_IDX,750,PEAK_AMPL,20062,START,697,elapsed_s,13.6016
sample,real,imag,amplitude,amplitude_norm
697,113,280,301.94,0.99323
698,-75,37,83.63,0.27510
699,-6,-233,233.08,0.76670
700,173,220,279.87,0.92064
701,479,870,993.15,3.26693
702,617,1017,1189.53,3.91292
703,551,790,963.17,3.16833
704,-173,-257,309.80,1.01909
705,-643,-535,836.47,2.75153
706,-345,-244,422.56,1.39002
707,-309,285,420.36,1.38278
708,130,364,386.52,1.27144
709,447,239,506.88,1.66738
710,417,218,470.55,1.54785
711,226,288,366.09,1.20423
712,-139,134,193.07,0.63511
713,-217,12,217.33,0.71491
714,-124,68,141.42,0.46520
715,-128,216,251.08,0.82591
716,433,462,633.19,2.08287
717,677,910,1134.21,3.73095
718,611,900,1087.81,3.57831
719,472,588,754.01,2.48029
720,-240,-398,464.76,1.52882
721,-517,-747,908.46,2.98835
722,-196,-66,206.81,0.68031
723,0,461,461.00,1.51645
724,106,514,524.82,1.72637
725,626,544,829.34,2.72811
726,843,576,1020.99,3.35853
727,565,404,694.58,2.28480
728,-400,-91,410.22,1.34941
729,-663,-502,831.61,2.73555
730,-201,-171,263.90,0.86808
731,24,-130,132.20,0.43486
732,-306,-391,496.50,1.63324
733,-452,-946,1048.44,3.44881
734,-465,-1050,1148.36,3.77749
735,-549,-848,1010.20,3.32303
736,87,97,130.30,0.42862
737,323,481,579.39,1.90588
738,83,-161,181.14,0.59584
739,-564,-355,666.42,2.19218
740,-752,-622,975.90,3.21021
741,-845,-745,1126.52,3.70566
742,-775,-856,1154.71,3.79840
743,-557,-676,875.91,2.88130
744,-73,279,288.39,0.94866
745,262,556,614.64,2.02184
746,260,-100,278.57,0.91634
747,1870,-1662,2501.83,8.22970
748,9983,-7086,12242.21,40.27042
749,16455,-13111,21039.61,69.20925
750,16410,-14777,22082.75,72.64063
751,12498,-11866,17233.74,56.68995
752,-4504,4238,6184.39,20.34338
753,-11878,11659,16643.89,54.74965
754,-3545,4281,5558.24,18.28367
755,2832,-2667,3890.13,12.79648
756,1292,-2623,2923.93,9.61821
757,-1718,-1027,2001.56,6.58409
758,-2013,-713,2135.54,7.02481
759,-1368,65,1369.54,4.50508
760,-1066,1334,1707.60,5.61712
761,-893,1279,1559.90,5.13125
762,-1018,1190,1566.02,5.15139
763,-524,887,1030.22,3.38887
764,-206,781,807.71,2.65694
765,-431,171,463.68,1.52527
766,-1258,-143,1266.10,4.16481
767,-1625,848,1832.96,6.02946
768,-1200,2487,2761.37,9.08346
769,-230,1829,1843.40,6.06383
770,115,-74,136.75,0.44984
771,794,-44,795.22,2.61585
772,762,2037,2174.86,7.15414
773,-134,1646,1651.45,5.43239
774,-1748,-428,1799.64,5.91985
775,-2165,-1777,2800.88,9.21344
776,-618,-824,1030.00,3.38816
777,420,463,625.12,2.05630
778,-239,1443,1462.66,4.81138
779,-1912,2268,2966.41,9.75792
780,-1992,2229,2989.40,9.83355
781,-47,1432,1432.77,4.71306
782,764,995,1254.48,4.12658
783,1366,436,1433.89,4.71676
784,1250,356,1299.71,4.27535
785,575,2345,2414.47,7.94233
786,-2372,5257,5767.36,18.97158
787,-4415,5111,6753.85,22.21663
788,-3138,2227,3847.93,12.65767
789,-443,-259,513.16,1.68802
790,448,-435,624.44,2.05409
791,865,-370,940.81,3.09477
792,716,-356,799.62,2.63033
793,484,414,636.91,2.09509
794,266,823,864.92,2.84513
795,221,973,997.78,3.28218
796,542,1085,1212.84,3.98962
797,759,1270,1479.52,4.86684
798,890,1090,1407.20,4.62893
799,904,564,1065.51,3.50497
800,502,-495,705.00,2.31909
801,89,-829,833.76,2.74264
802,-68,-680,683.39,2.24800
803,-286,-205,351.88,1.15751
804,-712,35,712.86,2.34493
805,-389,95,400.43,1.31721
806,-312,273,414.58,1.36374
807,-804,223,834.35,2.74458
808,-508,223,554.79,1.82497
809,354,97,367.05,1.20740
810,264,110,286.00,0.94079
811,-478,3,478.01,1.57240
812,-1119,-307,1160.35,3.81694
813,-868,-509,1006.23,3.30998
814,-519,37,520.32,1.71157
815,-200,895,917.07,3.01669
816,-846,1085,1375.84,4.52580
817,-1495,339,1532.95,5.04261
818,-1317,-158,1326.44,4.36330
819,-302,-40,304.64,1.00210
820,520,497,719.31,2.36616
821,203,402,450.35,1.48141
822,-444,-32,445.15,1.46431
823,-1255,0,1255.00,4.12829
824,-1277,397,1337.29,4.39897
825,-1006,-125,1013.74,3.33466
826,-579,-330,666.44,2.19223
827,19,-270,270.67,0.89035
828,424,311,525.83,1.72970
829,160,645,664.55,2.18602
830,-309,477,568.34,1.86954
831,-507,-19,507.36,1.66893
832,-720,-416,831.54,2.73532
833,-815,-102,821.36,2.70184
834,-813,965,1261.82,4.15073
835,-882,1094,1405.26,4.62257
836,-552,533,767.33,2.52411
837,-165,56,174.24,0.57317
838,-94,155,181.28,0.59630
839,-420,287,508.69,1.67333
840,-767,-212,795.76,2.61763
841,-508,-536,738.48,2.42923
842,81,-92,122.58,0.40321
843,149,123,193.21,0.63556
844,-216,-109,241.94,0.79587
845,-389,-272,474.66,1.56139
846,-440,-356,565.98,1.86178
# END
# FRAME,135,RX_TS,858723930321,FP_INDEX,746.3750,FP_INT,746,RXPACC,263,RXPWR,-69.21,STD_NOISE,152.00,NTM,13,NOISE_THRESH,1976.00,PEAK_IDX,749,PEAK_AMPL,16559,START,696,elapsed_s,13.6799
sample,real,imag,amplitude,amplitude_norm
696,-64,-40,75.47,0.28697
697,243,34,245.37,0.93295
698,182,72,195.72,0.74420
699,-481,-48,483.39,1.83798
700,-885,-167,900.62,3.42441
701,-945,-73,947.82,3.60386
702,-598,-69,601.97,2.28885
703,432,182,468.77,1.78241
704,673,21,673.33,2.56018
705,275,-36,277.35,1.05455
706,49,-287,291.15,1.10705
707,-100,-30,104.40,0.39697
708,-255,144,292.85,1.11350
709,-276,135,307.25,1.16824
710,-232,92,249.58,0.94896
711,31,-188,190.54,0.72448
712,105,-95,141.60,0.53840
713,123,15,123.91,0.47115
714,-44,25,50.61,0.19242
715,-657,30,657.68,2.50070
716,-852,-234,883.55,3.35950
717,-834,-90,838.84,3.18951
718,-398,-8,398.08,1.51361
719,527,100,536.40,2.03956
720,602,99,610.09,2.31972
721,59,-57,82.04,0.31193
722,-148,-291,326.47,1.24134
723,-399,-254,472.99,1.79843
724,-695,-19,695.26,2.64357
725,-676,170,697.05,2.65037
726,-336,244,415.25,1.57889
727,428,-131,447.60,1.70190
728,610,17,610.24,2.32029
729,211,170,270.96,1.03028
730,268,165,314.72,1.19666
731,815,236,848.48,3.22617
732,1101,254,1129.92,4.29627
733,1051,203,1070.43,4.07006
734,789,154,803.89,3.05661
735,-230,60,237.70,0.90379
736,-326,10,326.15,1.24013
737,264,48,268.33,1.02026
738,700,-85,705.14,2.68115
739,982,-116,988.83,3.75980
740,1023,-25,1023.31,3.89090
741,1064,223,1087.12,4.13353
742,755,-45,756.34,2.87582
743,-91,-243,259.48,0.98662
744,-204,16,204.63,0.77805
745,176,698,719.85,2.73706
746,-183,4724,4727.54,17.97545
747,-1084,14095,14136.62,53.75142
748,-413,16451,16456.18,62.57104
749,575,16439,16449.05,62.54393
750,612,11038,11054.95,42.03404
751,-381,-8469,8477.57,32.23409
752,-903,-11677,11711.86,44.53180
753,-302,-1139,1178.36,4.48044
754,521,3023,3067.57,11.66375
755,770,-425,879.50,3.34412
756,762,-2084,2218.94,8.43704
757,890,-1495,1739.86,6.61545
758,732,-1358,1542.72,5.86586
759,297,-820,872.13,3.31608
760,-14,-733,733.13,2.78758
761,-405,-1351,1410.40,5.36273
762,-445,-1233,1310.84,4.98420
763,-43,-524,525.76,1.99909
764,643,-364,738.88,2.80943
765,1002,-969,1393.90,5.30001
766,112,-1893,1896.31,7.21031
767,-1099,-1886,2182.84,8.29978
768,-800,-559,975.95,3.71084
769,-114,496,508.93,1.93510
770,-1113,-19,1113.16,4.23256
771,-2011,-1284,2385.95,9.07207
772,-271,-1243,1272.20,4.83726
773,2005,-538,2075.93,7.89325
774,2107,104,2109.57,8.02116
775,613,-81,618.33,2.35106
776,-580,-678,892.24,3.39253
777,-422,-1501,1559.19,5.92849
778,129,-2563,2566.24,9.75758
779,38,-1871,1871.39,7.11554
780,-467,-1013,1115.46,4.24130
781,-848,-71,850.97,3.23562
782,-1174,773,1405.63,5.34461
783,-1509,487,1585.64,6.02904
784,-1926,-1910,2712.49,10.31363
785,-1316,-4832,5008.00,19.04183
786,-130,-4828,4829.75,18.36407
787,560,-1386,1494.86,5.68387
788,376,386,538.86,2.04890
789,11,684,684.09,2.60110
790,-185,1123,1138.14,4.32751
791,-301,977,1022.32,3.88713
792,-730,32,730.70,2.77833
793,-537,-226,582.62,2.21528
794,-630,-334,713.06,2.71126
795,-850,-39,850.89,3.23534
796,-1012,-174,1026.85,3.90437
797,-1102,-22,1102.22,4.19095
798,-606,379,714.76,2.71771
799,433,760,874.69,3.32583
800,684,701,979.42,3.72402
801,532,397,663.80,2.52396
802,322,-263,415.76,1.58082
803,489,-628,795.93,3.02635
804,239,-502,555.99,2.11403
805,201,-477,517.62,1.96814
806,467,-636,789.04,3.00015
807,207,-93,226.93,0.86286
808,-258,220,339.06,1.28921
809,15,-45,47.43,0.18036
810,494,-588,767.97,2.92004
811,909,-502,1038.41,3.94831
812,700,-193,726.12,2.76091
813,55,-355,359.24,1.36591
814,-348,-795,867.83,3.29973
815,119,-1163,1169.07,4.44514
816,851,-1098,1389.17,5.28203
817,662,-528,846.78,3.21968
818,-225,-120,255.00,0.96958
819,-721,-56,723.17,2.74970
820,-126,-160,203.66,0.77436
821,571,-402,698.32,2.65519
822,674,-912,1134.03,4.31189
823,637,-1102,1272.86,4.83977
824,682,-623,923.72,3.51223
825,440,-219,491.49,1.86878
826,-22,99,101.41,0.38561
827,-502,-15,502.22,1.90960
828,-287,-544,615.07,2.33865
829,124,-558,571.61,2.17343
830,553,-387,674.97,2.56641
831,622,-416,748.29,2.84521
832,229,-710,746.02,2.83657
833,-223,-956,981.66,3.73256
834,-139,-886,896.84,3.41003
835,50,-150,158.11,0.60119
836,29,-218,219.92,0.83620
837,-47,-302,305.64,1.16211
838,247,-456,518.60,1.97186
839,589,-326,673.20,2.55969
840,374,-66,379.78,1.44403
841,12,224,224.32,0.85293
842,151,314,348.42,1.32479
843,556,56,558.81,2.12476
844,513,-218,557.40,2.11939
845,519,-266,583.20,2.21747
# END
# FRAME,136,RX_TS,865113723498,FP_INDEX,752.0156,FP_INT,752,RXPACC,260,RXPWR,-68.85,STD_NOISE,124.00,NTM,13,NOISE_THRESH,1612.00,PEAK_IDX,754,PEAK_AMPL,16897,START,702,elapsed_s,13.7780
sample,real,imag,amplitude,amplitude_norm
702,16,215,215.59,0.82921
703,-231,-38,234.10,0.90040
704,153,-57,163.27,0.62797
705,903,238,933.84,3.59168
706,986,134,995.06,3.82717
707,880,137,890.60,3.42539
708,112,-36,117.64,0.45248
709,-642,-33,642.85,2.47249
710,-464,-1,464.00,1.78462
711,-4,259,259.03,0.99627
712,170,213,272.52,1.04817
713,316,-114,335.93,1.29206
714,338,-162,374.82,1.44160
715,345,42,347.55,1.33672
716,179,209,275.18,1.05837
717,39,261,263.90,1.01499
718,-90,-28,94.25,0.36252
719,-19,35,39.82,0.15317
720,413,-73,419.40,1.61308
721,840,107,846.79,3.25687
722,894,121,902.15,3.46981
723,752,70,755.25,2.90481
724,3,109,109.04,0.41939
725,-659,-69,662.60,2.54847
726,-379,41,381.21,1.46620
727,166,224,278.80,1.07233
728,269,197,333.42,1.28239
729,647,-12,647.11,2.48889
730,796,-59,798.18,3.06994
731,637,-178,661.40,2.54385
732,-3,122,122.04,0.46937
733,-638,168,659.75,2.53749
734,-398,-181,437.22,1.68163
735,-146,-213,258.23,0.99321
736,-403,-93,413.59,1.59074
737,-929,-289,972.91,3.74198
738,-952,-86,955.88,3.67645
739,-932,18,932.17,3.58528
740,-239,141,277.49,1.06728
741,488,7,488.05,1.87712
742,70,-107,127.86,0.49178
743,-457,196,497.26,1.91253
744,-733,381,826.11,3.17733
745,-951,384,1025.60,3.94462
746,-1027,162,1039.70,3.99884
747,-931,49,932.29,3.58573
748,-243,308,392.32,1.50891
749,350,187,396.82,1.52624
750,78,-193,208.17,0.80064
751,-291,-1480,1508.34,5.80130
752,-21,-8767,8767.03,33.71933
753,-433,-16047,16052.84,61.74170
754,-1478,-16504,16570.05,63.73096
755,-2066,-15933,16066.39,61.79380
756,-273,-2367,2382.69,9.16420
757,1596,12577,12677.86,48.76100
758,1008,6805,6879.25,26.45866
759,-766,-2272,2397.65,9.22174
760,-1552,-2074,2590.40,9.96308
761,-1304,1399,1912.49,7.35573
762,-873,1544,1773.72,6.82198
763,-388,749,843.53,3.24435
764,11,892,892.07,3.43103
765,24,1155,1155.25,4.44327
766,191,1563,1574.63,6.05626
767,558,1292,1407.35,5.41288
768,669,750,1005.02,3.86545
769,-113,498,510.66,1.96407
770,-889,897,1262.91,4.85733
771,-549,1330,1438.85,5.53405
772,998,2237,2449.53,9.42125
773,1660,1429,2190.35,8.42443
774,566,286,634.15,2.43906
775,386,-93,397.05,1.52710
776,1774,1364,2237.76,8.60677
777,1606,1684,2327.03,8.95013
778,-539,1167,1285.46,4.94408
779,-2073,312,2096.35,8.06288
780,-1445,-43,1445.64,5.56015
781,-100,290,306.76,1.17984
782,640,1139,1306.49,5.02497
783,593,2180,2259.21,8.68929
784,433,2531,2567.77,9.87604
785,941,1367,1659.57,6.38296
786,1227,563,1350.00,5.19231
787,1313,-363,1362.25,5.23944
788,1091,-838,1375.69,5.29112
789,1571,198,1583.43,6.09011
790,2137,3581,4170.17,16.03912
791,1598,5644,5865.86,22.56101
792,247,3385,3394.00,13.05385
793,-224,97,244.10,0.93885
794,60,-673,675.67,2.59873
795,147,-521,541.34,2.08208
796,106,-565,574.86,2.21099
797,376,-229,440.25,1.69326
798,733,-20,733.27,2.82028
799,671,310,739.15,2.84288
800,596,488,770.30,2.96269
801,764,507,916.92,3.52662
802,864,377,942.67,3.62565
803,919,-61,921.02,3.54239
804,192,-495,530.93,2.04205
805,-581,-778,971.00,3.73462
806,-802,-485,937.25,3.60479
807,-546,-41,547.54,2.10591
808,-536,676,862.71,3.31812
809,-288,557,627.05,2.41173
810,-18,513,513.32,1.97429
811,-123,639,650.73,2.50281
812,-210,553,591.53,2.27512
813,86,-219,235.28,0.90493
814,134,-157,206.41,0.79388
815,-87,461,469.14,1.80438
816,-583,874,1050.60,4.04078
817,-663,510,836.46,3.21716
818,-278,383,473.26,1.82022
819,405,608,730.54,2.80977
820,411,1308,1371.05,5.27328
821,-323,1241,1282.35,4.93210
822,-778,822,1131.80,4.35307
823,-258,238,351.01,1.35004
824,539,128,553.99,2.13073
825,521,131,537.22,2.06622
826,-120,266,291.82,1.12237
827,-569,633,851.15,3.27364
828,-386,1059,1127.15,4.33521
829,-505,784,932.57,3.58680
830,-423,428,601.76,2.31445
831,-137,-4,137.06,0.52715
832,323,-224,393.07,1.51181
833,563,119,575.44,2.21323
834,252,441,507.92,1.95355
835,-244,320,402.41,1.54774
836,-632,252,680.39,2.61688
837,-623,418,750.24,2.88552
838,126,787,797.02,3.06547
839,337,935,993.88,3.82261
840,175,483,513.73,1.97587
841,36,117,122.41,0.47082
842,161,231,281.57,1.08296
843,99,327,341.66,1.31407
844,-343,582,675.55,2.59828
845,-538,243,590.33,2.27051
846,-13,79,80.06,0.30793
847,209,31,211.29,0.81264
848,-172,11,172.35,0.66289
849,-390,172,426.24,1.63940
850,-462,190,499.54,1.92132
851,-479,230,531.36,2.04368
# END
# FRAME,137,RX_TS,871503517154,FP_INDEX,750.2500,FP_INT,750,RXPACC,264,RXPWR,-68.14,STD_NOISE,120.00,NTM,13,NOISE_THRESH,1560.00,PEAK_IDX,752,PEAK_AMPL,17963,START,700,elapsed_s,13.8806
sample,real,imag,amplitude,amplitude_norm
700,87,-18,88.84,0.33652
701,14,182,182.54,0.69143
702,-97,-28,100.96,0.38243
703,343,-639,725.24,2.74711
704,456,-879,990.24,3.75091
705,412,-832,928.42,3.51675
706,240,-349,423.56,1.60438
707,-195,553,586.37,2.22111
708,-23,703,703.38,2.66430
709,78,426,433.08,1.64046
710,281,340,441.09,1.67080
711,25,-86,89.56,0.33924
712,-10,-296,296.17,1.12185
713,61,-356,361.19,1.36814
714,161,-243,291.50,1.10415
715,244,118,271.04,1.02665
716,57,165,174.57,0.66124
717,8,57,57.56,0.21803
718,60,-227,234.80,0.88938
719,393,-675,781.07,2.95861
720,474,-780,912.73,3.45731
721,322,-720,788.72,2.98759
722,173,-172,243.95,0.92406
723,-183,680,704.19,2.66740
724,-94,584,591.52,2.24059
725,245,171,298.77,1.13172
726,401,57,405.03,1.53421
727,250,-341,422.83,1.60161
728,303,-734,794.08,3.00788
729,75,-803,806.49,3.05490
730,105,-250,271.15,1.02710
731,-5,643,643.02,2.43568
732,-228,521,568.70,2.15418
733,-88,155,178.24,0.67515
734,-121,396,414.07,1.56846
735,-496,934,1057.53,4.00580
736,-450,971,1070.21,4.05381
737,-402,1019,1095.43,4.14935
738,-45,565,566.79,2.14693
739,211,-304,370.05,1.40170
740,9,-269,269.15,1.01951
741,-208,231,310.85,1.17745
742,-212,600,636.35,2.41042
743,-55,892,893.69,3.38520
744,-255,1010,1041.69,3.94581
745,-362,1048,1108.76,4.19985
746,20,540,540.37,2.04686
747,236,-231,330.24,1.25090
748,-80,-276,287.36,1.08849
749,-876,-253,911.80,3.45380
750,-5905,-2424,6383.17,24.17866
751,-14779,-5896,15911.68,60.27153
752,-16479,-5791,17466.91,66.16255
753,-16434,-4857,17136.71,64.91177
754,-7315,-1913,7561.00,28.64017
755,11330,2537,11610.57,43.97942
756,10902,1602,11019.08,41.73892
757,1832,-787,1993.89,7.55261
758,-79,-543,548.72,2.07847
759,1911,998,2155.90,8.16631
760,1260,1254,1777.67,6.73360
761,175,918,934.53,3.53989
762,43,495,496.86,1.88206
763,534,277,601.57,2.27867
764,1207,318,1248.19,4.72798
765,1388,161,1397.31,5.29283
766,772,-251,811.78,3.07492
767,162,203,259.72,0.98378
768,212,1073,1093.74,4.14296
769,653,1203,1368.80,5.18485
770,1815,375,1853.33,7.02021
771,1689,-816,1875.79,7.10525
772,432,-624,758.95,2.87480
773,-185,-309,360.15,1.36419
774,1197,-1124,1642.01,6.21972
775,2069,-1481,2544.43,9.63799
776,921,60,922.95,3.49603
777,-393,1615,1662.13,6.29594
778,-930,1671,1912.37,7.24381
779,-119,880,888.01,3.36367
780,706,257,751.32,2.84592
781,1526,461,1594.11,6.03831
782,2225,994,2436.94,9.23082
783,1605,267,1627.06,6.16309
784,845,-680,1084.63,4.10845
785,195,-1308,1322.46,5.00930
786,-311,-1434,1467.34,5.55809
787,386,-1242,1300.60,4.92651
788,3275,-820,3376.10,12.78824
789,5600,376,5612.61,21.25988
790,4134,1354,4350.09,16.47761
791,601,804,1003.80,3.80228
792,-532,134,548.62,2.07809
793,-469,-152,493.02,1.86749
794,-673,-245,716.21,2.71291
795,-406,-302,506.00,1.91668
796,-3,-627,627.01,2.37503
797,84,-457,464.66,1.76006
798,716,-452,846.73,3.20733
799,937,-633,1130.78,4.28325
800,698,-838,1090.62,4.13113
801,256,-1153,1181.08,4.47378
802,-366,-853,928.21,3.51593
803,-739,-6,739.02,2.79933
804,-493,613,786.65,2.97973
805,-270,893,932.92,3.53381
806,176,1006,1021.28,3.86848
807,199,906,927.60,3.51363
808,238,450,509.06,1.92826
809,366,534,647.39,2.45223
810,510,659,833.30,3.15642
811,183,28,185.13,0.70125
812,265,-316,412.41,1.56215
813,364,115,381.73,1.44596
814,460,782,907.26,3.43660
815,260,1013,1045.83,3.96149
816,121,643,654.29,2.47836
817,402,11,402.15,1.52330
818,888,-22,888.27,3.36467
819,907,623,1100.35,4.16801
820,833,1137,1409.49,5.33897
821,450,730,857.55,3.24831
822,231,-150,275.43,1.04329
823,322,-562,647.71,2.45345
824,252,-7,252.10,0.95491
825,339,718,794.01,3.00760
826,862,990,1312.69,4.97229
827,724,909,1162.09,4.40186
828,251,731,772.89,2.92762
829,34,316,317.82,1.20388
830,-187,-209,280.45,1.06230
831,214,-431,481.20,1.82274
832,485,-77,491.07,1.86013
833,245,284,375.07,1.42074
834,132,745,756.60,2.86592
835,102,1041,1045.99,3.96207
836,569,573,807.52,3.05879
837,980,92,984.31,3.72844
838,677,101,684.49,2.59277
839,171,156,231.47,0.87677
840,222,113,249.10,0.94358
841,232,133,267.42,1.01295
842,565,541,782.24,2.96305
843,152,735,750.55,2.84300
844,-54,377,380.85,1.44261
845,2,70,70.03,0.26526
846,-19,214,214.84,0.81379
847,96,540,548.47,2.07753
848,41,560,561.50,2.12689
849,21,610,610.36,2.31198
# END
# FRAME,138,RX_TS,877893303607,FP_INDEX,747.7031,FP_INT,747,RXPACC,263,RXPWR,-67.83,STD_NOISE,120.00,NTM,13,NOISE_THRESH,1560.00,PEAK_IDX,750,PEAK_AMPL,17975,START,697,elapsed_s,13.9764
sample,real,imag,amplitude,amplitude_norm
697,275,79,286.12,1.08792
698,80,137,158.65,0.60322
699,-122,202,235.98,0.89727
700,325,4,325.02,1.23584
701,838,26,838.40,3.18784
702,889,-126,897.88,3.41401
703,809,21,809.27,3.07708
704,-251,22,251.96,0.95803
705,-718,205,746.69,2.83913
706,-521,23,521.51,1.98292
707,-26,87,90.80,0.34525
708,250,77,261.59,0.99464
709,281,-91,295.37,1.12307
710,314,-69,321.49,1.22240
711,277,-62,283.85,1.07929
712,140,170,220.23,0.83737
713,-22,182,183.32,0.69705
714,-131,30,134.39,0.51099
715,22,-151,152.59,0.58021
716,634,-223,672.08,2.55542
717,965,-132,973.99,3.70337
718,945,-112,951.61,3.61830
719,583,-73,587.55,2.23404
720,-343,29,344.22,1.30884
721,-818,108,825.10,3.13726
722,-367,55,371.10,1.41102
723,-118,93,150.24,0.57127
724,368,136,392.33,1.49174
725,763,-66,765.85,2.91197
726,719,-212,749.60,2.85020
727,471,-218,519.00,1.97340
728,-165,190,251.64,0.95682
729,-650,97,657.20,2.49885
730,-457,-160,484.20,1.84106
731,-224,-110,249.55,0.94887
732,-577,-36,578.12,2.19818
733,-963,69,965.47,3.67098
734,-941,225,967.53,3.67880
735,-780,284,830.09,3.15625
736,103,65,121.79,0.46310
737,525,38,526.37,2.00142
738,100,105,145.00,0.55133
739,-227,213,311.28,1.18359
740,-687,376,783.16,2.97781
741,-877,439,980.74,3.72905
742,-945,344,1005.66,3.82382
743,-717,383,812.88,3.09081
744,184,355,399.85,1.52035
745,556,57,558.91,2.12515
746,176,-305,352.14,1.33893
747,-496,-2659,2704.87,10.28466
748,-2574,-11598,11880.20,45.17185
749,-4761,-16423,17099.18,65.01591
750,-5900,-16456,17481.70,66.47035
751,-4828,-13183,14039.27,53.38125
752,1152,4726,4864.38,18.49574
753,2778,14381,14646.86,55.69147
754,-1297,8215,8316.76,31.62265
755,-3701,1669,4059.92,15.43696
756,-2046,687,2158.26,8.20631
757,-143,989,999.28,3.79956
758,-5,784,784.02,2.98105
759,-150,1198,1207.35,4.59070
760,322,1267,1307.28,4.97063
761,586,563,812.63,3.08984
762,1137,517,1249.02,4.74914
763,1276,632,1423.94,5.41421
764,606,415,734.48,2.79270
765,-238,312,392.41,1.49206
766,-522,741,906.40,3.44640
767,287,1469,1496.77,5.69115
768,1728,1572,2336.06,8.88235
769,1561,397,1610.69,6.12431
770,467,-316,563.87,2.14398
771,1103,-13,1103.08,4.19421
772,2945,922,3085.95,11.73366
773,2049,666,2154.52,8.19209
774,-101,566,574.94,2.18609
775,-1575,370,1617.88,6.15162
776,-1068,45,1068.95,4.06444
777,78,159,177.10,0.67339
778,686,836,1081.43,4.11190
779,389,1835,1875.78,7.13224
780,492,1761,1828.44,6.95224
781,976,549,1119.81,4.25784
782,1195,-231,1217.12,4.62784
783,1187,-967,1531.03,5.82141
784,868,-682,1103.88,4.19726
785,1651,666,1780.27,6.76908
786,2438,3516,4278.56,16.26830
787,1829,4211,4591.05,17.45647
788,416,1952,1995.84,7.58873
789,-125,-111,167.17,0.63563
790,102,-512,522.06,1.98502
791,184,-752,774.18,2.94366
792,36,-724,724.89,2.75625
793,492,-277,564.62,2.14683
794,904,-367,975.66,3.70972
795,1042,-224,1065.80,4.05249
796,1025,91,1029.03,3.91267
797,1017,127,1024.90,3.89695
798,996,-187,1013.40,3.85324
799,916,-705,1155.89,4.39502
800,-6,-892,892.02,3.39171
801,-608,-238,652.92,2.48260
802,-990,158,1002.53,3.81190
803,-867,245,900.95,3.42567
804,-541,515,746.93,2.84004
805,-224,452,504.46,1.91810
806,-87,485,492.74,1.87354
807,-165,661,681.28,2.59043
808,54,150,159.42,0.60617
809,561,-315,643.39,2.44634
810,827,-59,829.10,3.15248
811,397,521,655.02,2.49057
812,-177,910,927.05,3.52492
813,-275,442,520.57,1.97934
814,129,306,332.08,1.26266
815,540,538,762.26,2.89834
816,325,970,1023.00,3.88973
817,-365,978,1043.89,3.96917
818,-628,1083,1251.91,4.76011
819,-78,182,198.01,0.75289
820,625,-112,634.96,2.41428
821,417,22,417.58,1.58776
822,-138,386,409.93,1.55866
823,-367,907,978.44,3.72029
824,-227,973,999.13,3.79897
825,-547,594,807.49,3.07032
826,-544,358,651.23,2.47616
827,-145,80,165.60,0.62968
828,486,-261,551.65,2.09753
829,603,8,603.05,2.29298
830,158,226,275.75,1.04849
831,-396,362,536.53,2.04002
832,-627,384,735.24,2.79561
833,-266,504,569.89,2.16687
834,453,636,780.84,2.96896
835,485,513,705.97,2.68430
836,50,145,153.38,0.58319
837,14,85,86.15,0.32755
838,116,83,142.64,0.54234
839,-56,381,385.09,1.46423
840,-476,456,659.18,2.50637
841,-479,157,504.07,1.91663
842,-53,-21,57.01,0.21676
843,-84,-51,98.27,0.37365
844,-434,184,471.39,1.79237
845,-421,255,492.21,1.87150
846,-422,284,508.66,1.93409
# END
# FRAME,139,RX_TS,884283096695,FP_INDEX,752.4844,FP_INT,752,RXPACC,264,RXPWR,-69.43,STD_NOISE,152.00,NTM,13,NOISE_THRESH,1976.00,PEAK_IDX,754,PEAK_AMPL,16829,START,702,elapsed_s,14.0881
sample,real,imag,amplitude,amplitude_norm
702,-33,-120,124.45,0.47142
703,279,77,289.43,1.09633
704,214,48,219.32,0.83075
705,-355,-140,381.61,1.44549
706,-858,-276,901.30,3.41401
707,-955,-171,970.19,3.67496
708,-584,-98,592.17,2.24305
709,427,180,463.39,1.75526
710,556,116,567.97,2.15141
711,122,-2,122.02,0.46218
712,-152,-60,163.41,0.61899
713,-225,78,238.14,0.90203
714,-292,179,342.50,1.29734
715,-361,69,367.54,1.39218
716,-349,13,349.24,1.32289
717,22,-209,210.15,0.79604
718,148,-97,176.95,0.67028
719,67,29,73.01,0.27654
720,-106,-78,131.61,0.49851
721,-627,39,628.21,2.37959
722,-779,-319,841.79,3.18858
723,-773,-235,807.93,3.06035
724,-543,-49,545.21,2.06518
725,416,207,464.66,1.76006
726,591,212,627.87,2.37831
727,-147,-15,147.76,0.55971
728,-230,-58,237.20,0.89849
729,-359,-127,380.80,1.44243
730,-661,-7,661.04,2.50393
731,-750,131,761.35,2.88392
732,-534,157,556.60,2.10834
733,344,-285,446.72,1.69213
734,624,-85,629.76,2.38546
735,139,259,293.94,1.11342
736,20,323,323.62,1.22583
737,645,303,712.62,2.69934
738,1121,265,1151.90,4.36325
739,1095,187,1110.85,4.20778
740,866,76,869.33,3.29291
741,0,-87,87.00,0.32955
742,-77,78,109.60,0.41517
743,532,39,533.43,2.02056
744,946,-135,955.58,3.61964
745,968,-205,989.47,3.74799
746,1001,-166,1014.67,3.84345
747,1073,82,1076.13,4.07624
748,889,-51,890.46,3.37296
749,115,-180,213.60,0.80909
750,-64,69,94.11,0.35648
751,344,468,580.83,2.20010
752,-36,3825,3825.17,14.48928
753,-1800,13223,13344.95,50.54906
754,-1562,16479,16552.86,62.70024
755,-621,16489,16500.69,62.50261
756,-157,12724,12724.97,48.20064
757,234,-4774,4779.73,18.10504
758,518,-8511,8526.75,32.29829
759,1083,2339,2577.56,9.76348
760,2058,6685,6994.61,26.49474
761,2746,491,2789.55,10.56648
762,2647,-2698,3779.66,14.31688
763,1986,-1626,2566.72,9.72244
764,1038,-807,1314.80,4.98029
765,-145,-652,667.93,2.53003
766,-425,-1200,1273.04,4.82211
767,-250,-1623,1642.14,6.22023
768,-326,-1085,1132.92,4.29135
769,-146,-522,542.03,2.05316
770,734,-521,900.11,3.40951
771,1135,-1056,1550.28,5.87226
772,220,-1800,1813.39,6.86892
773,-1231,-2159,2485.29,9.41396
774,-1121,-1108,1576.17,5.97033
775,-129,226,260.22,0.98570
776,-969,-259,1003.02,3.79930
777,-2303,-1671,2845.36,10.77786
778,-910,-1629,1865.94,7.06796
779,971,-720,1208.82,4.57886
780,1606,31,1606.30,6.08447
781,802,-160,817.80,3.09774
782,-339,-868,931.85,3.52974
783,-904,-1787,2002.64,7.58577
784,-365,-2584,2609.65,9.88504
785,-263,-1945,1962.70,7.43447
786,-719,-1086,1302.44,4.93350
787,-1075,-161,1086.99,4.11738
788,-1349,517,1444.68,5.47226
789,-1235,207,1252.23,4.74329
790,-1587,-1909,2482.51,9.40344
791,-1516,-4905,5133.93,19.44672
792,-402,-5504,5518.66,20.90402
793,639,-1812,1921.37,7.27792
794,390,413,568.04,2.15167
795,-46,705,706.50,2.67613
796,-131,736,747.57,2.83169
797,-76,407,414.04,1.56831
798,-448,-54,451.24,1.70925
799,-911,-260,947.38,3.58854
800,-1217,-268,1246.16,4.72030
801,-1167,-186,1181.73,4.47625
802,-964,-322,1016.36,3.84983
803,-1086,70,1088.25,4.12217
804,-1041,541,1173.18,4.44388
805,-138,795,806.89,3.05640
806,580,390,698.93,2.64745
807,897,138,907.55,3.43770
808,837,104,843.44,3.19483
809,521,-276,589.59,2.23330
810,60,-384,388.66,1.47219
811,102,-536,545.62,2.06674
812,414,-695,808.96,3.06425
813,151,-330,362.91,1.37465
814,-118,99,154.03,0.58344
815,162,-208,263.64,0.99865
816,737,-793,1082.60,4.10075
817,919,-702,1156.44,4.38047
818,464,-398,611.31,2.31557
819,-72,-433,438.95,1.66267
820,-399,-849,938.08,3.55335
821,179,-1419,1430.25,5.41760
822,888,-1231,1517.86,5.74948
823,798,-544,965.78,3.65828
824,-178,-150,232.77,0.88172
825,-878,-122,886.44,3.35771
826,-214,-255,332.90,1.26098
827,620,-469,777.41,2.94472
828,969,-844,1285.03,4.86753
829,683,-1015,1223.40,4.63410
830,536,-643,837.11,3.17085
831,379,-116,396.35,1.50134
832,-25,180,181.73,0.68836
833,-614,-55,616.46,2.33507
834,-372,-575,684.84,2.59410
835,221,-531,575.15,2.17861
836,666,-268,717.90,2.71932
837,833,-311,889.16,3.36804
838,259,-602,655.35,2.48239
839,-473,-950,1061.24,4.01985
840,-442,-859,966.05,3.65927
841,-72,-271,280.40,1.06213
842,132,-312,338.77,1.28324
843,44,-320,323.01,1.22353
844,187,-446,483.62,1.83188
845,603,-321,683.12,2.58757
846,371,-87,381.06,1.44343
847,-185,-61,194.80,0.73787
848,-137,5,137.09,0.51928
849,453,-82,460.36,1.74379
850,525,-280,595.00,2.25379
851,568,-268,628.05,2.37898
# END
# FRAME,140,RX_TS,890672839098,FP_INDEX,749.8906,FP_INT,749,RXPACC,261,RXPWR,-68.59,STD_NOISE,148.00,NTM,13,NOISE_THRESH,1924.00,PEAK_IDX,752,PEAK_AMPL,17526,START,699,elapsed_s,14.1823
sample,real,imag,amplitude,amplitude_norm
699,75,-126,146.63,0.56181
700,166,190,252.30,0.96667
701,37,303,305.25,1.16954
702,-41,-161,166.14,0.63655
703,96,-853,858.39,3.28883
704,-35,-932,932.66,3.57340
705,-4,-775,775.01,2.96939
706,-60,71,92.96,0.35616
707,22,721,721.34,2.76374
708,49,366,369.27,1.41481
709,373,-45,375.70,1.43948
710,207,-238,315.43,1.20853
711,-68,-193,204.63,0.78402
712,-93,-245,262.06,1.00405
713,-82,-315,325.50,1.24712
714,194,-146,242.80,0.93027
715,284,101,301.42,1.15488
716,121,130,177.60,0.68045
717,192,-10,192.26,0.73663
718,-30,-428,429.05,1.64387
719,42,-827,828.07,3.17267
720,58,-893,894.88,3.42866
721,-93,-710,716.06,2.74354
722,-24,120,122.38,0.46888
723,20,813,813.25,3.11589
724,105,228,251.02,0.96175
725,218,-199,295.17,1.13092
726,362,-379,524.10,2.00806
727,72,-560,564.61,2.16326
728,-169,-725,744.44,2.85225
729,-389,-609,722.64,2.76872
730,148,128,195.67,0.74971
731,338,664,745.08,2.85470
732,-17,386,386.37,1.48036
733,-154,177,234.62,0.89891
734,-8,481,481.07,1.84317
735,34,1124,1124.51,4.30848
736,97,1074,1078.37,4.13169
737,122,1045,1052.10,4.03102
738,55,244,250.12,0.95832
739,17,-369,369.39,1.41529
740,-16,135,135.94,0.52086
741,343,622,710.30,2.72147
742,436,825,933.12,3.57519
743,471,922,1035.34,3.96681
744,232,998,1024.61,3.92571
745,179,1030,1045.44,4.00551
746,336,315,460.57,1.76462
747,175,-281,331.04,1.26834
748,-61,5,61.20,0.23450
749,-1635,609,1744.74,6.68481
750,-9610,1354,9704.92,37.18359
751,-16197,2893,16453.34,63.03960
752,-16476,4127,16985.01,65.07668
753,-15492,4282,16072.88,61.58193
754,-773,421,880.21,3.37245
755,12125,-1934,12278.27,47.04319
756,4638,301,4647.76,17.80750
757,-3492,2512,4301.65,16.48142
758,-2063,1572,2593.68,9.93745
759,1644,463,1707.95,6.54388
760,1997,863,2175.49,8.33523
761,1381,1161,1804.18,6.91258
762,1024,291,1064.55,4.07872
763,763,-496,910.05,3.48677
764,1261,-744,1464.12,5.60967
765,1186,-560,1311.56,5.02514
766,579,-228,622.27,2.38419
767,380,424,569.36,2.18147
768,1011,865,1330.54,5.09787
769,1720,443,1776.13,6.80511
770,2612,-1296,2915.85,11.17183
771,1416,-1814,2301.23,8.81697
772,-253,-487,548.80,2.10267
773,-994,-370,1060.63,4.06372
774,208,-2300,2309.39,8.84822
775,971,-2332,2526.08,9.67846
776,938,-180,955.11,3.65944
777,601,1571,1682.04,6.44458
778,454,1225,1306.42,5.00545
779,667,-336,746.85,2.86149
780,1156,-1389,1807.11,6.92380
781,1982,-1259,2348.06,8.99641
782,2313,-814,2452.05,9.39484
783,1240,-992,1587.97,6.08419
784,335,-1277,1320.21,5.05828
785,-591,-1434,1551.01,5.94257
786,-881,-1013,1342.51,5.14371
787,292,-1260,1293.39,4.95553
788,3268,-2084,3875.94,14.85033
789,5448,-2162,5861.31,22.45712
790,3529,-631,3584.97,13.73551
791,385,399,554.46,2.12437
792,-448,370,581.04,2.22620
793,-559,230,604.47,2.31597
794,-559,174,585.45,2.24312
795,-272,-359,450.41,1.72569
796,-163,-801,817.42,3.13186
797,-25,-997,997.31,3.82112
798,85,-888,892.06,3.41785
799,191,-886,906.35,3.47262
800,-15,-932,932.12,3.57134
801,-570,-847,1020.94,3.91163
802,-797,94,802.52,3.07481
803,-516,829,976.47,3.74127
804,-196,885,906.44,3.47297
805,-104,506,516.58,1.97922
806,363,228,428.66,1.64239
807,410,120,427.20,1.63678
808,551,120,563.92,2.16060
809,724,405,829.58,3.17846
810,606,272,664.24,2.54500
811,-197,-114,227.61,0.87206
812,-106,-183,211.48,0.81028
813,639,30,639.70,2.45097
814,982,539,1120.20,4.29195
815,608,555,823.22,3.15409
816,485,122,500.11,1.91613
817,650,-437,783.24,3.00093
818,1323,-269,1350.07,5.17268
819,1325,651,1476.29,5.65628
820,980,849,1296.61,4.96786
821,346,-19,346.52,1.32767
822,-229,-978,1004.45,3.84848
823,26,-751,751.45,2.87912
824,498,136,516.24,1.97792
825,993,600,1160.19,4.44519
826,1347,399,1404.85,5.38258
827,890,526,1033.82,3.96098
828,553,557,784.89,3.00726
829,-116,351,369.67,1.41637
830,-446,-299,536.95,2.05729
831,-30,-562,562.80,2.15632
832,492,-108,503.71,1.92994
833,580,437,726.20,2.78238
834,608,838,1035.33,3.96678
835,598,590,840.06,3.21863
836,751,-271,798.40,3.05900
837,921,-474,1035.82,3.96865
838,547,-80,552.82,2.11808
839,241,42,244.63,0.93729
840,296,-92,309.97,1.18762
841,380,1,380.00,1.45594
842,661,293,723.03,2.77022
843,328,393,511.89,1.96127
844,-106,44,114.77,0.43973
845,-212,-5,212.06,0.81249
846,32,327,328.56,1.25886
847,357,386,525.78,2.01448
848,430,432,609.53,2.33536
# END
# FRAME,141,RX_TS,897062632156,FP_INDEX,746.2969,FP_INT,746,RXPACC,303,RXPWR,-68.58,STD_NOISE,136.00,NTM,13,NOISE_THRESH,1768.00,PEAK_IDX,748,PEAK_AMPL,20025,START,696,elapsed_s,14.2920
sample,real,imag,amplitude,amplitude_norm
696,35,144,148.19,0.48908
697,125,-119,172.59,0.56959
698,27,17,31.91,0.10530
699,-704,282,758.38,2.50290
700,-963,510,1089.71,3.59640
701,-789,608,996.08,3.28741
702,109,100,147.92,0.48819
703,570,-622,843.67,2.78440
704,414,-643,764.75,2.52393
705,6,-331,331.05,1.09259
706,-325,-158,361.37,1.19264
707,-221,308,379.08,1.25110
708,-154,402,430.49,1.42075
709,-206,272,341.20,1.12609
710,-192,-25,193.62,0.63901
711,54,-176,184.10,0.60758
712,108,-200,227.30,0.75016
713,37,-83,90.87,0.29991
714,-239,189,304.70,1.00561
715,-731,684,1001.11,3.30399
716,-831,623,1038.60,3.42772
717,-667,500,833.60,2.75116
718,87,-104,135.59,0.44750
719,641,-859,1071.80,3.53730
720,513,-647,825.70,2.72508
721,-79,-155,173.97,0.57416
722,-296,148,330.94,1.09220
723,-489,416,642.01,2.11885
724,-603,664,896.94,2.96020
725,-543,692,879.61,2.90300
726,-18,24,30.00,0.09901
727,578,-632,856.45,2.82657
728,657,-547,854.90,2.82146
729,312,-85,323.37,1.06723
730,323,-54,327.48,1.08080
731,760,-334,830.15,2.73978
732,1106,-510,1217.92,4.01955
733,1058,-669,1251.77,4.13125
734,218,-151,265.19,0.87521
735,-527,516,737.55,2.43417
736,-231,521,569.91,1.88090
737,326,-37,328.09,1.08282
738,577,-626,851.35,2.80975
739,831,-813,1162.55,3.83681
740,909,-830,1230.93,4.06246
741,970,-626,1154.46,3.81010
742,207,-130,244.44,0.80672
743,-331,520,616.41,2.03436
744,-179,615,640.52,2.11393
745,722,898,1152.25,3.80282
746,4351,5668,7145.45,23.58234
747,11561,14875,18839.38,62.17618
748,14511,16457,21940.88,72.41213
749,13898,15049,20484.79,67.60658
750,-119,1398,1403.06,4.63055
751,-14306,-11365,18270.88,60.29992
752,-12554,-9388,15676.02,51.73603
753,-1507,-706,1664.18,5.49233
754,3112,2108,3758.75,12.40512
755,1395,-689,1555.87,5.13490
756,-22,-1596,1596.15,5.26783
757,0,-966,966.00,3.18812
758,-86,-298,310.16,1.02363
759,-120,-250,277.31,0.91521
760,-796,-556,970.95,3.20447
761,-1211,-646,1372.53,4.52980
762,-550,-238,599.29,1.97784
763,240,-620,664.83,2.19416
764,596,-1398,1519.74,5.01566
765,174,-1750,1758.63,5.80406
766,-1842,-1429,2331.31,7.69409
767,-1911,-17,1911.08,6.30718
768,-544,370,657.90,2.17130
769,141,522,540.71,1.78451
770,-1845,224,1858.55,6.13382
771,-2953,14,2953.03,9.74598
772,-950,-856,1278.76,4.22034
773,1147,-1589,1959.73,6.46775
774,1133,-1183,1638.04,5.40608
775,50,-805,806.55,2.66189
776,-1149,-1061,1563.94,5.16153
777,-1638,-1562,2263.38,7.46990
778,-1608,-1869,2465.53,8.13705
779,-1114,-594,1262.47,4.16657
780,-1224,207,1241.38,4.09696
781,-1290,950,1602.06,5.28733
782,-580,1049,1198.67,3.95599
783,-578,857,1033.70,3.41155
784,-2742,-1032,2929.78,9.66923
785,-4315,-3453,5526.52,18.23934
786,-2932,-3409,4496.43,14.83971
787,-137,-853,863.93,2.85126
788,533,409,671.84,2.21730
789,560,700,896.44,2.95854
790,903,779,1192.58,3.93591
791,552,454,714.72,2.35880
792,-50,420,422.97,1.39593
793,-233,435,493.47,1.62862
794,-919,153,931.65,3.07475
795,-1050,333,1101.54,3.63544
796,-949,452,1051.14,3.46912
797,-539,924,1069.72,3.53042
798,471,950,1060.35,3.49950
799,839,100,844.94,2.78858
800,894,-479,1014.24,3.34732
801,723,-399,825.79,2.72538
802,285,-406,496.05,1.63711
803,281,-445,526.29,1.73695
804,163,-471,498.41,1.64491
805,100,-816,822.10,2.71322
806,-109,-572,582.29,1.92176
807,-272,415,496.19,1.63761
808,-341,733,808.44,2.66811
809,17,142,143.01,0.47199
810,229,-658,696.71,2.29937
811,386,-689,789.76,2.60646
812,70,-461,466.28,1.53889
813,-479,-252,541.24,1.78628
814,-754,-589,956.78,3.15771
815,-133,-961,970.16,3.20185
816,135,-1204,1211.54,3.99850
817,82,-506,512.60,1.69175
818,-294,381,481.25,1.58827
819,-665,513,839.88,2.77187
820,-143,-224,265.75,0.87707
821,201,-1113,1131.00,3.73269
822,-24,-1292,1292.22,4.26476
823,326,-848,908.50,2.99836
824,588,-471,753.38,2.48641
825,519,79,524.98,1.73260
826,105,368,382.69,1.26299
827,-377,411,557.72,1.84066
828,-387,-59,391.47,1.29199
829,75,-367,374.59,1.23625
830,401,-560,688.77,2.27316
831,321,-737,803.87,2.65304
832,-504,-586,772.92,2.55091
833,-887,-428,984.86,3.25037
834,-245,-277,369.80,1.22047
835,54,-70,88.41,0.29178
836,-17,-69,71.06,0.23453
837,-196,-110,224.76,0.74177
838,-8,-508,508.06,1.67678
839,464,-524,699.91,2.30993
840,375,-82,383.86,1.26687
841,90,229,246.05,0.81205
842,136,46,143.57,0.47382
843,371,-337,501.21,1.65415
844,455,-361,580.81,1.91688
845,380,-443,583.65,1.92624
# END
# FRAME,142,RX_TS,903452425202,FP_INDEX,749.6250,FP_INT,749,RXPACC,290,RXPWR,-68.06,STD_NOISE,160.00,NTM,13,NOISE_THRESH,2080.00,PEAK_IDX,751,PEAK_AMPL,19227,START,699,elapsed_s,14.3788
sample,real,imag,amplitude,amplitude_norm
699,118,272,296.49,1.02239
700,192,31,194.49,0.67064
701,221,-25,222.41,0.76693
702,-383,308,491.48,1.69476
703,-796,739,1086.16,3.74537
704,-664,834,1066.05,3.67602
705,-138,188,233.21,0.80418
706,259,-701,747.32,2.57695
707,119,-841,849.38,2.92889
708,-67,-290,297.64,1.02634
709,-290,-76,299.79,1.03377
710,-33,351,352.55,1.21568
711,-20,424,424.47,1.46369
712,-160,265,309.56,1.06743
713,-197,157,251.91,0.86865
714,-34,-187,190.07,0.65540
715,58,-226,233.32,0.80456
716,-59,-142,153.77,0.53024
717,-159,71,174.13,0.60046
718,-392,874,957.88,3.30305
719,-762,779,1089.72,3.75765
720,-707,599,926.63,3.19529
721,-164,-87,185.65,0.64016
722,185,-840,860.13,2.96597
723,77,-767,770.86,2.65812
724,-179,-192,262.50,0.90516
725,-161,255,301.57,1.03991
726,-310,450,546.44,1.88429
727,-471,691,836.25,2.88364
728,-411,598,725.62,2.50214
729,-129,37,134.20,0.46276
730,239,-672,713.24,2.45943
731,225,-601,641.74,2.21289
732,207,-190,280.98,0.96889
733,333,-2,333.01,1.14830
734,669,-284,726.79,2.50616
735,1004,-619,1179.48,4.06718
736,924,-813,1230.75,4.24396
737,358,-296,464.52,1.60180
738,-167,782,799.63,2.75736
739,-30,924,924.49,3.18789
740,258,-9,258.16,0.89020
741,289,-654,715.01,2.46555
742,516,-871,1012.37,3.49094
743,650,-935,1138.74,3.92668
744,886,-832,1215.41,4.19107
745,469,-226,520.61,1.79521
746,-82,586,591.71,2.04038
747,39,660,661.15,2.27983
748,707,419,821.83,2.83391
749,3699,2587,4513.89,15.56512
750,11603,10158,15421.24,53.17669
751,15985,13052,20636.74,71.16116
752,15665,12571,20085.38,69.25991
753,2227,5325,5771.93,19.90320
754,-16262,-3163,16566.75,57.12672
755,-16436,-1986,16555.55,57.08811
756,-2903,1154,3123.96,10.77227
757,5941,1137,6048.82,20.85801
758,3420,-1878,3901.70,13.45415
759,-653,-1676,1798.72,6.20247
760,-1182,-453,1265.83,4.36494
761,-402,-422,582.83,2.00975
762,582,-517,778.47,2.68437
763,-32,-561,561.91,1.93763
764,-945,-357,1010.19,3.48340
765,-734,-117,743.27,2.56299
766,238,-663,704.42,2.42905
767,597,-1107,1257.72,4.33696
768,48,-1072,1073.07,3.70026
769,-1464,-618,1589.09,5.47963
770,-1185,352,1236.18,4.26267
771,-17,284,284.51,0.98106
772,681,198,709.20,2.44552
773,-892,675,1118.61,3.85728
774,-2957,992,3118.96,10.75504
775,-1730,-150,1736.49,5.98790
776,-9,-1406,1406.03,4.84838
777,256,-1820,1837.92,6.33764
778,64,-989,991.07,3.41748
779,-362,-463,587.72,2.02662
780,-934,-774,1213.03,4.18285
781,-1817,-1672,2469.23,8.51457
782,-1704,-1108,2032.56,7.00881
783,-1299,160,1308.82,4.51316
784,-913,868,1259.76,4.34400
785,-404,1090,1162.46,4.00849
786,-392,653,761.63,2.62629
787,-1884,-153,1890.20,6.51794
788,-4395,-1520,4650.42,16.03594
789,-3656,-2050,4191.52,14.45352
790,-654,-834,1059.85,3.65464
791,581,12,581.12,2.00388
792,604,197,635.31,2.19074
793,862,365,936.09,3.22790
794,504,340,607.96,2.09642
795,-34,454,455.27,1.56990
796,-414,340,535.72,1.84731
797,-915,190,934.52,3.22248
798,-897,647,1105.99,3.81376
799,-834,675,1072.93,3.69976
800,-357,616,711.97,2.45508
801,520,244,574.40,1.98069
802,731,-305,792.08,2.73130
803,690,-609,920.32,3.17350
804,738,-406,842.31,2.90450
805,190,-344,392.98,1.35512
806,60,-559,562.21,1.93866
807,171,-573,597.97,2.06197
808,218,-971,995.17,3.43162
809,251,-782,821.29,2.83205
810,319,561,645.35,2.22536
811,307,1037,1081.49,3.72927
812,184,260,318.52,1.09835
813,-49,-768,769.56,2.65366
814,344,-1159,1208.97,4.16887
815,214,-560,599.50,2.06723
816,-272,-70,280.86,0.96849
817,-604,-164,625.87,2.15817
818,-295,-691,751.34,2.59081
819,41,-1086,1086.77,3.74750
820,23,-622,622.43,2.14629
821,-340,210,399.62,1.37802
822,-521,642,826.80,2.85105
823,-91,81,121.83,0.42010
824,124,-725,735.53,2.53630
825,-161,-1243,1253.38,4.32201
826,-9,-1031,1031.04,3.55531
827,259,-704,750.13,2.58666
828,522,-175,550.55,1.89846
829,407,272,489.52,1.68801
830,-165,553,577.09,1.98997
831,-427,172,460.34,1.58738
832,-187,-142,234.80,0.80967
833,167,-537,562.37,1.93920
834,116,-940,947.13,3.26597
835,-288,-718,773.61,2.66761
836,-773,-215,802.34,2.76670
837,-289,11,289.21,0.99727
838,58,43,72.20,0.24897
839,52,-11,53.15,0.18328
840,-93,-109,143.28,0.49408
841,-167,-465,494.08,1.70372
842,122,-696,706.61,2.43659
843,163,-387,419.93,1.44802
844,183,138,229.20,0.79035
845,429,78,436.03,1.50356
846,593,-264,649.11,2.23831
847,393,-427,580.33,2.00112
848,339,-603,691.76,2.38537
# END
# FRAME,143,RX_TS,909842218200,FP_INDEX,746.5937,FP_INT,746,RXPACC,269,RXPWR,-67.79,STD_NOISE,128.00,NTM,13,NOISE_THRESH,1664.00,PEAK_IDX,749,PEAK_AMPL,18367,START,696,elapsed_s,14.4905
sample,real,imag,amplitude,amplitude_norm
696,-3,208,208.02,0.77331
697,-65,27,70.38,0.26165
698,17,-66,68.15,0.25336
699,3,462,462.01,1.71751
700,134,957,966.34,3.59233
701,268,942,979.38,3.64082
702,196,639,668.38,2.48470
703,111,-358,374.81,1.39336
704,-133,-750,761.70,2.83160
705,-100,-432,443.42,1.64841
706,-231,97,250.54,0.93137
707,50,310,314.01,1.16731
708,238,253,347.35,1.29127
709,192,369,415.96,1.54633
710,151,344,375.68,1.39659
711,-105,134,170.24,0.63286
712,-116,-103,155.13,0.57669
713,42,-163,168.32,0.62574
714,-87,136,161.45,0.60017
715,237,596,641.39,2.38436
716,290,854,901.90,3.35277
717,301,850,901.72,3.35212
718,232,546,593.25,2.20537
719,17,-436,436.33,1.62205
720,-87,-796,800.74,2.97673
721,-53,-160,168.55,0.62658
722,-82,328,338.09,1.25686
723,-123,579,591.92,2.20045
724,215,664,697.94,2.59457
725,408,667,781.89,2.90666
726,341,407,530.97,1.97387
727,-238,-284,370.54,1.37747
728,-12,-672,672.11,2.49854
729,170,-460,490.41,1.82308
730,100,-213,235.31,0.87474
731,-117,-547,559.37,2.07945
732,-126,-948,956.34,3.55516
733,-205,-959,980.67,3.64560
734,-286,-722,776.58,2.88692
735,-134,294,323.10,1.20111
736,-43,631,632.46,2.35117
737,81,-45,92.66,0.34446
738,-195,-622,651.85,2.42324
739,-380,-909,985.23,3.66257
740,-469,-872,990.12,3.68076
741,-372,-936,1007.21,3.74429
742,-487,-689,843.74,3.13656
743,-202,199,283.56,1.05412
744,188,539,570.85,2.12210
745,621,-18,621.26,2.30952
746,3580,-1240,3788.67,14.08426
747,12562,-4312,13281.46,49.37346
748,16463,-6983,17882.75,66.47861
749,16385,-8070,18264.53,67.89789
750,11912,-6624,13629.86,50.66863
751,-7638,126,7639.04,28.39791
752,-15356,2189,15511.24,57.66259
753,-5606,822,5665.94,21.06299
754,3263,-358,3282.58,12.20290
755,1940,-21,1940.11,7.21232
756,-1456,-561,1560.34,5.80052
757,-1836,-1083,2131.62,7.92422
758,-1210,-279,1241.75,4.61617
759,-375,707,800.30,2.97508
760,-142,811,823.34,3.06073
761,-812,848,1174.07,4.36458
762,-613,764,979.52,3.64135
763,-278,448,527.25,1.96002
764,-584,-302,657.46,2.44411
765,-1084,-629,1253.27,4.65901
766,-1062,341,1115.40,4.14648
767,-556,1613,1706.14,6.34252
768,103,1332,1335.98,4.96645
769,67,-10,67.74,0.25183
770,-574,660,874.69,3.25162
771,-1219,2336,2634.93,9.79528
772,-812,1689,1874.05,6.96673
773,-698,187,722.62,2.68630
774,-656,-542,850.94,3.16335
775,-597,-487,770.44,2.86409
776,-393,148,419.94,1.56113
777,-1436,770,1629.42,6.05731
778,-2978,1015,3146.22,11.69599
779,-2385,1011,2590.43,9.62986
780,-457,1162,1248.64,4.64177
781,667,1267,1431.84,5.32284
782,1312,1310,1854.03,6.89232
783,888,1298,1572.69,5.84642
784,-557,2434,2496.92,9.28223
785,-3385,3265,4703.03,17.48337
786,-3853,2344,4509.98,16.76574
787,-1451,508,1537.36,5.71508
788,268,-190,328.52,1.22126
789,587,70,591.16,2.19762
790,1034,-85,1037.49,3.85683
791,844,-461,961.69,3.57507
792,202,-101,225.84,0.83956
793,48,340,343.37,1.27647
794,-374,796,879.48,3.26946
795,-160,1059,1071.02,3.98148
796,76,1057,1059.73,3.93951
797,542,980,1119.89,4.16318
798,936,592,1107.50,4.11711
799,960,-459,1064.09,3.95571
800,188,-925,943.91,3.50897
801,-267,-748,794.22,2.95251
802,-454,-200,496.10,1.84424
803,-373,-143,399.47,1.48503
804,-180,-250,308.06,1.14520
805,-275,-285,396.04,1.47228
806,-633,-247,679.48,2.52596
807,-249,161,296.52,1.10229
808,311,447,544.55,2.02433
809,275,161,318.66,1.18462
810,-260,-218,339.30,1.26134
811,-483,-451,660.83,2.45660
812,-394,-152,422.30,1.56990
813,-265,374,458.37,1.70397
814,-394,808,898.94,3.34180
815,-887,399,972.61,3.61565
816,-887,-543,1040.01,3.86620
817,-759,-770,1081.19,4.01931
818,-61,-122,136.40,0.50706
819,211,596,632.25,2.35036
820,-56,350,354.45,1.31766
821,-483,-179,515.10,1.91488
822,-932,-333,989.70,3.67920
823,-968,-136,977.51,3.63386
824,-437,-353,561.76,2.08834
825,-124,-338,360.03,1.33839
826,307,28,308.27,1.14600
827,271,532,597.05,2.21951
828,-84,531,537.60,1.99852
829,-399,158,429.14,1.59533
830,-369,-255,448.54,1.66743
831,-469,-488,676.83,2.51611
832,-497,-125,512.48,1.90512
833,-780,558,959.04,3.56522
834,-542,450,704.46,2.61881
835,-159,110,193.34,0.71874
836,42,195,199.47,0.74153
837,49,277,281.30,1.04573
838,-238,123,267.90,0.99593
839,-351,-285,452.13,1.68080
840,-17,-348,348.41,1.29522
841,165,60,175.57,0.65268
842,264,42,267.32,0.99375
843,-85,-272,284.97,1.05938
844,-187,-364,409.22,1.52128
845,-299,-308,429.26,1.59577
# END
# FRAME,144,RX_TS,916232011200,FP_INDEX,749.8437,FP_INT,749,RXPACC,264,RXPWR,-68.30,STD_NOISE,136.00,NTM,13,NOISE_THRESH,1768.00,PEAK_IDX,752,PEAK_AMPL,17974,START,699,elapsed_s,14.5831
sample,real,imag,amplitude,amplitude_norm
699,100,220,241.66,0.91538
700,-160,134,208.70,0.79053
701,-138,-159,210.54,0.79748
702,228,103,250.19,0.94767
703,674,634,925.33,3.50503
704,852,530,1003.40,3.80074
705,771,371,855.62,3.24098
706,-39,-184,188.09,0.71245
707,-568,-321,652.43,2.47133
708,-230,-81,243.85,0.92366
709,-70,368,374.60,1.41893
710,221,258,339.71,1.28679
711,356,-66,362.07,1.37146
712,297,31,298.61,1.13111
713,356,56,360.38,1.36507
714,66,114,131.73,0.49897
715,-109,188,217.31,0.82316
716,-13,-10,16.40,0.06213
717,-33,188,190.87,0.72301
718,517,155,539.74,2.04445
719,797,498,939.79,3.55983
720,689,516,860.80,3.26061
721,594,308,669.10,2.53448
722,-204,-223,302.23,1.14482
723,-582,-388,699.48,2.64953
724,-113,39,119.54,0.45281
725,160,326,363.15,1.37556
726,226,443,497.32,1.88378
727,577,244,626.47,2.37299
728,749,175,769.17,2.91353
729,657,11,657.09,2.48899
730,-272,25,273.15,1.03465
731,-554,-208,591.76,2.24152
732,-148,-190,240.84,0.91227
733,-68,-184,196.16,0.74304
734,-435,-322,541.21,2.05004
735,-812,-652,1041.37,3.94458
736,-859,-477,982.55,3.72179
737,-859,-256,896.34,3.39521
738,-106,197,223.71,0.84738
739,330,281,433.43,1.64178
740,-165,4,165.05,0.62518
741,-624,33,624.87,2.36694
742,-899,-89,903.39,3.42195
743,-1006,-78,1009.02,3.82204
744,-987,-305,1033.05,3.91307
745,-886,-263,924.21,3.50080
746,-223,273,352.50,1.33524
747,230,379,443.33,1.67928
748,-7,-86,86.28,0.32683
749,628,-2143,2233.12,8.45879
750,4475,-9879,10845.29,41.08064
751,6908,-15961,17391.78,65.87795
752,6042,-16463,17536.71,66.42693
753,3721,-14906,15363.42,58.19477
754,-2800,1962,3418.98,12.95069
755,-5769,11794,13129.35,49.73238
756,-1622,3052,3456.24,13.09181
757,795,-4513,4582.49,17.35791
758,-515,-2301,2357.93,8.93155
759,-1865,1254,2247.39,8.51282
760,-1620,1347,2106.85,7.98049
761,-952,887,1301.18,4.92872
762,-318,898,952.64,3.60849
763,-176,827,845.52,3.20273
764,-133,1446,1452.10,5.50039
765,49,1116,1117.08,4.23135
766,22,569,569.43,2.15691
767,-660,37,661.04,2.50393
768,-1334,253,1357.78,5.14310
769,-911,953,1318.38,4.99387
770,457,1928,1981.42,7.50539
771,1174,1237,1705.42,6.45991
772,437,-222,490.16,1.85665
773,613,-166,635.08,2.40560
774,1511,2050,2546.69,9.64655
775,1081,2292,2534.13,9.59898
776,-704,941,1175.20,4.45152
777,-1779,-125,1783.39,6.75525
778,-1330,-123,1335.68,5.05938
779,73,360,367.33,1.39139
780,411,1287,1351.03,5.11755
781,-597,2449,2520.72,9.54817
782,-1100,2716,2930.30,11.09962
783,172,1751,1759.43,6.66450
784,1302,994,1638.06,6.20477
785,2169,325,2193.21,8.30763
786,1977,238,1991.27,7.54271
787,1781,1958,2646.83,10.02588
788,606,4966,5002.84,18.95015
789,-845,5790,5851.34,22.16415
790,-1373,2644,2979.24,11.28500
791,-762,-76,765.78,2.90068
792,-186,-408,448.40,1.69847
793,158,-508,532.00,2.01517
794,229,-686,723.21,2.73944
795,314,-294,430.15,1.62937
796,570,36,571.14,2.16339
797,733,668,991.72,3.75652
798,788,717,1065.38,4.03553
799,759,667,1010.43,3.82739
800,889,293,936.04,3.54560
801,1167,-83,1169.95,4.43162
802,598,-832,1024.61,3.88110
803,-305,-776,833.79,3.15828
804,-624,-419,751.62,2.84706
805,-371,91,382.00,1.44696
806,-422,305,520.68,1.97228
807,-302,184,353.64,1.33954
808,-333,319,461.14,1.74674
809,-637,471,792.22,3.00083
810,-328,336,469.55,1.77861
811,389,-199,436.95,1.65510
812,357,-100,370.74,1.40432
813,-214,499,542.95,2.05664
814,-824,634,1039.68,3.93818
815,-688,115,697.54,2.64222
816,-205,305,367.49,1.39201
817,359,841,914.42,3.46371
818,-169,1312,1322.84,5.01076
819,-1050,974,1432.19,5.42497
820,-1143,322,1187.49,4.49807
821,-229,172,286.40,1.08485
822,710,348,790.70,2.99507
823,414,521,665.46,2.52068
824,-440,345,559.13,2.11791
825,-1059,381,1125.45,4.26308
826,-1114,580,1255.94,4.75736
827,-892,358,961.16,3.64076
828,-585,304,659.27,2.49725
829,-46,25,52.35,0.19831
830,451,107,463.52,1.75575
831,307,313,438.43,1.66071
832,-131,423,442.82,1.67735
833,-476,130,493.43,1.86906
834,-714,95,720.29,2.72838
835,-485,441,655.52,2.48303
836,86,883,887.18,3.36052
837,62,908,910.11,3.44740
838,14,388,388.25,1.47065
839,-63,132,146.26,0.55403
840,53,175,182.85,0.69261
841,-41,180,184.61,0.69928
842,-479,66,483.53,1.83154
843,-309,-31,310.55,1.17633
844,160,44,165.94,0.62856
845,391,-135,413.65,1.56685
846,-70,-296,304.16,1.15214
847,-364,-74,371.45,1.40699
848,-407,108,421.09,1.59502
# END
# FRAME,145,RX_TS,922621871232,FP_INDEX,751.8750,FP_INT,751,RXPACC,263,RXPWR,-69.38,STD_NOISE,128.00,NTM,13,NOISE_THRESH,1664.00,PEAK_IDX,754,PEAK_AMPL,16579,START,701,elapsed_s,14.6884
sample,real,imag,amplitude,amplitude_norm
701,69,110,129.85,0.49373
702,5,-83,83.15,0.31616
703,-1,-192,192.00,0.73005
704,37,209,212.25,0.80703
705,-250,936,968.81,3.68369
706,-203,1016,1036.08,3.93947
707,-197,888,909.59,3.45852
708,-126,-23,128.08,0.48700
709,-95,-379,390.72,1.48565
710,-78,-251,262.84,0.99939
711,-157,-70,171.90,0.65361
712,-70,129,146.77,0.55806
713,277,325,427.03,1.62369
714,79,324,333.49,1.26803
715,-86,427,435.57,1.65618
716,-114,241,266.60,1.01370
717,-207,-9,207.20,0.78782
718,-32,-79,85.23,0.32409
719,-100,-17,101.43,0.38568
720,72,432,437.96,1.66524
721,-74,921,923.97,3.51319
722,-177,946,962.42,3.65938
723,-169,678,698.75,2.65683
724,-205,6,205.09,0.77980
725,-96,-478,487.54,1.85378
726,-100,-116,153.15,0.58233
727,-134,169,215.68,0.82007
728,-109,285,305.13,1.16020
729,67,590,593.79,2.25776
730,94,739,744.95,2.83253
731,122,644,655.45,2.49222
732,-109,83,137.00,0.52093
733,-140,-419,441.77,1.67973
734,120,-260,286.36,1.08881
735,168,-250,301.20,1.14526
736,213,-603,639.51,2.43161
737,428,-1048,1132.03,4.30429
738,225,-1019,1043.54,3.96785
739,243,-988,1017.44,3.86861
740,133,-369,392.24,1.49140
741,220,205,300.71,1.14337
742,154,-87,176.88,0.67253
743,-32,-464,465.10,1.76845
744,-82,-839,843.00,3.20531
745,-215,-955,978.90,3.72206
746,57,-1036,1037.57,3.94512
747,191,-966,984.70,3.74411
748,93,-317,330.36,1.25612
749,57,185,193.58,0.73605
750,186,128,225.79,0.85851
751,1899,31,1899.25,7.22149
752,9712,1092,9773.20,37.16045
753,16210,1219,16255.77,61.80901
754,16479,620,16490.66,62.70213
755,15557,1666,15645.95,59.49031
756,2185,3457,4089.63,15.54992
757,-8622,3826,9432.77,35.86605
758,-4740,1340,4925.77,18.72916
759,589,-1009,1168.33,4.44233
760,-6,-2117,2117.01,8.04946
761,-1526,-1494,2135.58,8.12008
762,-1330,-794,1548.98,5.88965
763,-834,-687,1080.52,4.10844
764,-955,-580,1117.33,4.24840
765,-1016,-351,1074.92,4.08716
766,-1475,154,1483.02,5.63885
767,-1587,458,1651.77,6.28048
768,-1253,56,1254.25,4.76901
769,-668,-987,1191.80,4.53157
770,-704,-1412,1577.77,5.99913
771,-1018,-567,1165.25,4.43062
772,-1544,1140,1919.25,7.29754
773,-1085,1632,1959.76,7.45155
774,317,41,319.64,1.21536
775,184,39,188.09,0.71516
776,-1803,1698,2476.69,9.41709
777,-2059,1973,2851.70,10.84298
778,-1124,262,1154.13,4.38833
779,-294,-1427,1456.97,5.53981
780,-195,-1674,1685.32,6.40806
781,-412,-405,577.73,2.19668
782,-1146,597,1292.18,4.91323
783,-2607,326,2627.30,9.98975
784,-3354,-52,3354.40,12.75438
785,-1914,630,2015.02,7.66166
786,-652,1376,1522.66,5.78956
787,322,1866,1893.58,7.19992
788,322,2037,2062.29,7.84142
789,-1877,2257,2935.50,11.16161
790,-5189,2133,5610.29,21.33192
791,-6046,725,6089.31,23.15328
792,-3147,-530,3191.32,12.13429
793,163,-836,851.74,3.23856
794,715,-447,843.23,3.20619
795,600,-401,721.67,2.74397
796,369,-629,729.25,2.77280
797,104,-688,695.82,2.64569
798,116,42,123.37,0.46909
799,-67,1065,1067.11,4.05744
800,-434,1602,1659.75,6.31082
801,-432,1181,1257.53,4.78149
802,-116,868,875.72,3.32972
803,256,905,940.51,3.57609
804,492,6,492.04,1.87086
805,306,-1056,1099.44,4.18039
806,239,-1300,1321.79,5.02581
807,5,-751,751.02,2.85558
808,-615,-362,713.63,2.71343
809,-496,-134,513.78,1.95354
810,-431,-278,512.88,1.95011
811,-469,-785,914.43,3.47693
812,-154,-712,728.46,2.76983
813,444,-209,490.73,1.86590
814,191,136,234.47,0.89153
815,-388,-233,452.58,1.72085
816,-880,-799,1188.61,4.51944
817,-469,-788,917.01,3.48673
818,-468,-122,483.64,1.83894
819,-761,543,934.86,3.55461
820,-1255,263,1282.26,4.87552
821,-1578,-728,1737.83,6.60773
822,-1140,-1118,1596.72,6.07119
823,-268,-396,478.16,1.81811
824,-68,501,505.59,1.92241
825,-289,545,616.88,2.34557
826,-429,-104,441.43,1.67843
827,-760,-671,1013.82,3.85485
828,-1076,-836,1362.60,5.18098
829,-648,-822,1046.70,3.97986
830,-287,-606,670.53,2.54953
831,-116,-264,288.36,1.09643
832,127,262,291.16,1.10706
833,-192,459,497.54,1.89178
834,-335,219,400.23,1.52180
835,-325,-233,399.89,1.52050
836,-380,-385,540.95,2.05684
837,-763,-171,781.93,2.97311
838,-1211,361,1263.66,4.80480
839,-1121,157,1131.94,4.30396
840,-488,-134,506.06,1.92419
841,-247,-126,277.28,1.05430
842,-272,53,277.12,1.05367
843,-436,-34,437.32,1.66283
844,-629,-277,687.29,2.61328
845,-297,-251,388.86,1.47854
846,20,52,55.71,0.21184
847,-19,22,29.07,0.11053
848,-143,-459,480.76,1.82798
849,-133,-542,558.08,2.12198
850,-152,-547,567.73,2.15865
# END
# FRAME,146,RX_TS,929011664691,FP_INDEX,748.0312,FP_INT,748,RXPACC,261,RXPWR,-68.76,STD_NOISE,128.00,NTM,13,NOISE_THRESH,1664.00,PEAK_IDX,750,PEAK_AMPL,17528,START,698,elapsed_s,14.7769
sample,real,imag,amplitude,amplitude_norm
698,-60,207,215.52,0.82575
699,-150,-131,199.15,0.76303
700,186,-113,217.64,0.83385
701,928,182,945.68,3.62329
702,982,87,985.85,3.77719
703,799,-111,806.67,3.09070
704,-78,-135,155.91,0.59737
705,-545,48,547.11,2.09621
706,-202,129,239.68,0.91830
707,147,369,397.20,1.52185
708,33,359,360.51,1.38128
709,113,-209,237.59,0.91031
710,301,-189,355.42,1.36176
711,379,-76,386.54,1.48102
712,164,39,168.57,0.64588
713,19,105,106.71,0.40883
714,-98,50,110.02,0.42153
715,63,276,283.10,1.08467
716,385,65,390.45,1.49597
717,772,178,792.26,3.03546
718,907,56,908.73,3.48171
719,692,-145,707.03,2.70892
720,-307,-40,309.59,1.18619
721,-662,-38,663.09,2.54057
722,-25,73,77.16,0.29564
723,421,343,543.04,2.08060
724,283,366,462.65,1.77261
725,524,17,524.28,2.00872
726,778,-151,792.52,3.03647
727,583,-335,672.39,2.57622
728,-341,7,341.07,1.30679
729,-621,8,621.05,2.37951
730,-193,-34,195.97,0.75085
731,-31,-118,122.00,0.46745
732,-543,17,543.27,2.08148
733,-1154,-106,1158.86,4.44007
734,-1085,63,1086.83,4.16409
735,-838,346,906.62,3.47364
736,19,331,331.54,1.27029
737,370,60,374.83,1.43614
738,-258,-15,258.44,0.99017
739,-625,162,645.65,2.47377
740,-816,270,859.51,3.29314
741,-828,471,952.59,3.64976
742,-920,303,968.61,3.71116
743,-802,280,849.47,3.25468
744,85,262,275.44,1.05534
745,364,141,390.35,1.49561
746,8,-88,88.36,0.33856
747,-347,-1609,1645.99,6.30648
748,-719,-8768,8797.43,33.70663
749,-2348,-15989,16160.48,61.91756
750,-4032,-16475,16961.21,64.98548
751,-5405,-13918,14930.67,57.20561
752,-2784,3740,4662.43,17.86372
753,-496,12434,12443.89,47.67773
754,616,2828,2894.31,11.08932
755,647,-4137,4187.29,16.04325
756,625,-773,994.06,3.80866
757,-593,2995,3053.14,11.69786
758,-1372,2176,2572.42,9.85603
759,-770,822,1126.31,4.31538
760,384,555,674.89,2.58580
761,615,1254,1396.69,5.35130
762,540,1630,1717.12,6.57900
763,618,777,992.80,3.80383
764,659,686,951.25,3.64464
765,-138,694,707.59,2.71106
766,-832,1001,1301.62,4.98707
767,-227,1412,1430.13,5.47943
768,1459,1638,2193.56,8.40446
769,1966,1056,2231.66,8.55041
770,604,24,604.48,2.31600
771,420,-53,423.33,1.62196
772,2253,1559,2739.80,10.49731
773,2667,1848,3244.69,12.43175
774,740,962,1213.69,4.65015
775,-1258,-2,1258.00,4.81993
776,-1625,-283,1649.46,6.31977
777,-233,193,302.55,1.15920
778,1116,1365,1763.15,6.75535
779,1005,2765,2941.98,11.27196
780,714,3293,3369.52,12.91003
781,1314,1931,2335.67,8.94893
782,1614,356,1652.80,6.33255
783,1553,-813,1752.93,6.71622
784,1217,-1043,1602.79,6.14096
785,2129,557,2200.66,8.43163
786,3241,4064,5198.09,19.91607
787,2294,6015,6437.60,24.66512
788,437,3545,3571.83,13.68519
789,-528,291,602.88,2.30989
790,-305,-510,594.24,2.27679
791,-56,-567,569.76,2.18298
792,-292,-652,714.40,2.73717
793,-388,-502,634.47,2.43091
794,-64,-185,195.76,0.75003
795,597,335,684.57,2.62287
796,990,363,1054.45,4.04005
797,1074,243,1101.15,4.21895
798,1157,-143,1165.80,4.46668
799,1086,-710,1297.50,4.97125
800,119,-1140,1146.19,4.39155
801,-834,-838,1182.29,4.52983
802,-998,-135,1007.09,3.85858
803,-564,229,608.72,2.33225
804,-159,502,526.58,2.01754
805,21,314,314.70,1.20575
806,129,385,406.04,1.55570
807,-222,800,830.23,3.18096
808,-258,536,594.86,2.27916
809,-81,-503,509.48,1.95203
810,-27,-480,480.76,1.84199
811,-157,292,331.53,1.27023
812,-633,986,1171.70,4.48928
813,-860,702,1110.14,4.25340
814,-241,377,447.45,1.71436
815,506,482,698.83,2.67750
816,315,1206,1246.46,4.77571
817,-492,1583,1657.70,6.35132
818,-915,1039,1384.47,5.30447
819,-338,266,430.12,1.64796
820,614,-74,618.44,2.36951
821,554,188,585.03,2.24149
822,-247,487,546.06,2.09217
823,-781,831,1140.40,4.36937
824,-681,1037,1240.62,4.75332
825,-585,769,966.22,3.70200
826,-391,463,606.01,2.32188
827,-68,-74,100.50,0.38505
828,430,-418,599.69,2.29765
829,796,139,808.05,3.09596
830,232,517,566.67,2.17114
831,-419,404,582.05,2.23006
832,-904,461,1014.76,3.88797
833,-390,600,715.61,2.74181
834,526,1040,1165.45,4.46533
835,437,1221,1296.85,4.96876
836,-217,544,585.68,2.24400
837,-338,91,350.04,1.34113
838,122,144,188.73,0.72311
839,237,391,457.22,1.75180
840,-311,586,663.41,2.54181
841,-424,191,465.03,1.78174
842,3,-49,49.09,0.18809
843,159,-99,187.30,0.71763
844,-288,86,300.57,1.15159
845,-456,485,665.70,2.55059
846,-425,415,594.01,2.27591
847,-345,307,461.82,1.76941
# END
# FRAME,147,RX_TS,935401447890,FP_INDEX,750.2500,FP_INT,750,RXPACC,271,RXPWR,-68.00,STD_NOISE,116.00,NTM,13,NOISE_THRESH,1508.00,PEAK_IDX,752,PEAK_AMPL,18470,START,700,elapsed_s,14.8965
sample,real,imag,amplitude,amplitude_norm
700,30,85,90.14,0.33262
701,132,-170,215.23,0.79421
702,114,17,115.26,0.42532
703,-404,623,742.53,2.73995
704,-594,914,1090.06,4.02236
705,-420,854,951.69,3.51178
706,0,-128,128.00,0.47232
707,166,-839,855.26,3.15596
708,111,-591,601.33,2.21894
709,-211,-133,249.42,0.92037
710,-280,88,293.50,1.08304
711,-51,296,300.36,1.10834
712,58,320,325.21,1.20005
713,-35,300,302.03,1.11452
714,-192,91,212.47,0.78404
715,-17,-155,155.93,0.57539
716,26,-142,144.36,0.53270
717,-94,-70,117.20,0.43247
718,-94,280,295.36,1.08988
719,-327,732,801.72,2.95837
720,-575,855,1030.36,3.80208
721,-370,639,738.39,2.72469
722,77,-240,252.05,0.93007
723,112,-829,836.53,3.08683
724,15,-474,474.24,1.74995
725,-237,57,243.76,0.89948
726,-214,200,292.91,1.08085
727,-353,435,560.21,2.06719
728,-387,652,758.20,2.79780
729,-247,613,660.89,2.43872
730,-59,-106,121.31,0.44765
731,211,-705,735.90,2.71549
732,176,-487,517.83,1.91080
733,133,-66,148.48,0.54788
734,244,-183,305.00,1.12546
735,637,-713,956.11,3.52807
736,589,-948,1116.08,4.11836
737,480,-920,1037.69,3.82911
738,45,-24,51.00,0.18819
739,-187,724,747.76,2.75926
740,-3,307,307.01,1.13290
741,218,-388,445.05,1.64224
742,179,-691,713.81,2.63398
743,299,-940,986.41,3.63988
744,371,-941,1011.49,3.73245
745,535,-742,914.76,3.37550
746,90,20,92.20,0.34020
747,-97,570,578.19,2.13356
748,94,323,336.40,1.24133
749,1010,222,1034.11,3.81590
750,6002,3011,6714.92,24.77830
751,14585,7586,16439.88,60.66376
752,16496,7936,18305.69,67.54865
753,15100,6873,16590.60,61.21994
754,-3050,1116,3247.76,11.98436
755,-16255,-2492,16444.91,60.68233
756,-10532,-1174,10597.23,39.10417
757,1693,224,1707.75,6.30168
758,3914,-915,4019.53,14.83221
759,-4,-1996,1996.00,7.36533
760,-1353,-1369,1924.78,7.10250
761,-599,-872,1057.92,3.90375
762,-8,-433,433.07,1.59806
763,84,-227,242.04,0.89315
764,-830,-143,842.23,3.10785
765,-1177,-93,1180.67,4.35671
766,-718,-64,720.85,2.65995
767,-62,-659,661.91,2.44247
768,39,-1185,1185.64,4.37506
769,-715,-1127,1334.67,4.92500
770,-1980,19,1980.09,7.30661
771,-1139,986,1506.49,5.55901
772,71,765,768.29,2.83501
773,888,908,1270.04,4.68650
774,-758,2048,2183.77,8.05821
775,-2094,2019,2908.81,10.73363
776,-967,75,969.90,3.57898
777,782,-1631,1808.78,6.67447
778,1003,-1309,1649.09,6.08519
779,-171,-379,415.79,1.53428
780,-1368,3,1368.00,5.04798
781,-1963,-607,2054.71,7.58194
782,-2394,-1062,2618.98,9.66415
783,-2001,-42,2001.44,7.38539
784,-1616,865,1832.94,6.76363
785,-891,1390,1651.05,6.09245
786,-123,1090,1096.92,4.04767
787,-216,951,975.22,3.59860
788,-3126,162,3130.19,11.55053
789,-5218,-1344,5388.31,19.88305
790,-3752,-1691,4115.46,15.18619
791,-203,-644,675.24,2.49165
792,857,162,872.18,3.21837
793,890,305,940.81,3.47163
794,1036,31,1036.46,3.82459
795,471,-77,477.25,1.76108
796,74,298,307.05,1.13303
797,-279,666,722.08,2.66450
798,-635,848,1059.40,3.90923
799,-677,753,1012.59,3.73649
800,-660,622,906.91,3.34653
801,-64,603,606.39,2.23759
802,1028,-27,1028.35,3.79467
803,960,-417,1046.66,3.86220
804,855,-284,900.93,3.32448
805,263,-164,309.94,1.14370
806,-253,-480,542.59,2.00219
807,-77,-714,718.14,2.64996
808,-192,-544,576.89,2.12874
809,-259,-545,603.41,2.22661
810,-320,-147,352.15,1.29944
811,-38,374,375.93,1.38718
812,158,317,354.19,1.30699
813,89,-193,212.53,0.78425
814,-92,-821,826.14,3.04848
815,143,-945,955.76,3.52678
816,29,-348,349.21,1.28858
817,-434,357,561.97,2.07367
818,-916,204,938.44,3.46288
819,-554,-641,847.23,3.12631
820,-275,-1118,1151.32,4.24843
821,95,-455,464.81,1.71517
822,-144,468,489.65,1.80684
823,-445,471,647.97,2.39104
824,-169,-311,353.95,1.30610
825,-3,-1176,1176.00,4.33950
826,-129,-1133,1140.32,4.20782
827,-52,-906,907.49,3.34868
828,3,-654,654.01,2.41331
829,269,-243,362.51,1.33766
830,347,290,452.23,1.66873
831,-46,573,574.84,2.12119
832,-414,154,441.71,1.62994
833,-96,-428,438.63,1.61858
834,275,-864,906.71,3.34579
835,148,-940,951.58,3.51136
836,-540,-334,634.95,2.34297
837,-883,-157,896.85,3.30941
838,-346,-380,513.92,1.89639
839,287,-393,486.64,1.79572
840,63,-67,91.97,0.33936
841,-228,226,321.03,1.18461
842,-221,-238,324.78,1.19847
843,-23,-700,700.38,2.58442
844,13,-211,211.40,0.78007
845,131,198,237.41,0.87606
846,416,-42,418.11,1.54286
847,288,-478,558.06,2.05925
848,154,-593,612.67,2.26078
849,216,-586,624.54,2.30458
# END
# FRAME,148,RX_TS,941791240806,FP_INDEX,751.9531,FP_INT,751,RXPACC,298,RXPWR,-69.04,STD_NOISE,152.00,NTM,13,NOISE_THRESH,1976.00,PEAK_IDX,754,PEAK_AMPL,19902,START,701,elapsed_s,14.9921
sample,real,imag,amplitude,amplitude_norm
701,77,239,251.10,0.84261
702,-223,21,223.99,0.75163
703,-53,-286,290.87,0.97607
704,113,107,155.62,0.52222
705,476,862,984.69,3.30434
706,643,909,1113.43,3.73635
707,516,777,932.73,3.12997
708,-102,-106,147.11,0.49364
709,-489,-626,794.35,2.66561
710,-235,-385,451.05,1.51361
711,-305,240,388.10,1.30236
712,-138,386,409.93,1.37559
713,263,152,303.76,1.01934
714,365,141,391.29,1.31305
715,463,199,503.95,1.69112
716,58,239,245.94,0.82529
717,-211,88,228.62,0.76717
718,-62,-15,63.79,0.21406
719,-44,111,119.40,0.40068
720,392,391,553.67,1.85794
721,407,994,1074.10,3.60435
722,429,1090,1171.38,3.93082
723,439,738,858.70,2.88154
724,-105,-189,216.21,0.72553
725,-544,-741,919.25,3.08472
726,-138,-265,298.78,1.00261
727,122,249,277.28,0.93047
728,50,538,540.32,1.81315
729,203,791,816.63,2.74038
730,523,770,930.82,3.12356
731,698,514,866.83,2.90884
732,-163,25,164.91,0.55338
733,-643,-582,867.28,2.91033
734,-130,-439,457.84,1.53639
735,201,-324,381.28,1.27947
736,-139,-446,467.16,1.56765
737,-539,-1017,1151.00,3.86243
738,-671,-982,1189.35,3.99112
739,-565,-878,1044.08,3.50363
740,-34,28,44.05,0.14780
741,360,575,678.40,2.27651
742,-1,40,40.01,0.13427
743,-641,-319,715.99,2.40265
744,-846,-561,1015.10,3.40639
745,-772,-675,1025.48,3.44121
746,-617,-848,1048.71,3.51916
747,-619,-818,1025.81,3.44231
748,-224,-21,224.98,0.75497
749,293,427,517.86,1.73778
750,244,-90,260.07,0.87272
751,1423,-1473,2048.09,6.87277
752,9246,-6413,11252.34,37.75952
753,16324,-12105,20322.50,68.19631
754,16489,-13822,21515.92,72.20107
755,14328,-11912,18632.96,62.52672
756,-658,1982,2088.37,7.00795
757,-11848,10998,16165.74,54.24744
758,-5253,3368,6239.99,20.93955
759,2037,-4041,4525.38,15.18583
760,1027,-2220,2446.04,8.20820
761,-1977,1200,2312.69,7.76070
762,-2229,722,2343.02,7.86247
763,-1523,-312,1554.63,5.21688
764,-673,61,675.76,2.26765
765,-288,536,608.47,2.04186
766,-883,1332,1598.10,5.36274
767,-935,1207,1526.79,5.12344
768,-436,632,767.80,2.57652
769,-504,-187,537.57,1.80394
770,-1196,-316,1237.04,4.15115
771,-1289,469,1371.67,4.60292
772,-670,2172,2272.99,7.62748
773,509,2158,2217.22,7.44032
774,384,739,832.81,2.79467
775,691,426,811.76,2.72403
776,742,2325,2440.53,8.18970
777,172,2138,2144.91,7.19768
778,-1007,-155,1018.86,3.41899
779,-1252,-1781,2177.03,7.30547
780,-538,-1021,1154.07,3.87273
781,-99,537,546.05,1.83238
782,-415,1240,1307.60,4.38793
783,-1318,1585,2061.40,6.91743
784,-1396,2171,2581.10,8.66140
785,-196,2586,2593.42,8.70274
786,601,2425,2498.36,8.38377
787,1290,1694,2129.26,7.14516
788,1020,854,1330.31,4.46412
789,402,1459,1513.37,5.07842
790,-2035,4025,4510.19,15.13488
791,-4032,5141,6533.52,21.92457
792,-2869,2076,3541.32,11.88362
793,-231,-736,771.40,2.58859
794,565,-910,1071.13,3.59440
795,650,-716,967.03,3.24508
796,573,-651,867.25,2.91025
797,245,-19,245.74,0.82462
798,375,574,685.64,2.30080
799,509,951,1078.65,3.61962
800,620,767,986.25,3.30956
801,331,731,802.45,2.69278
802,310,611,685.14,2.29914
803,818,50,819.53,2.75009
804,1105,-781,1353.14,4.54074
805,462,-844,962.17,3.22877
806,-119,-754,763.33,2.56152
807,-263,-427,501.50,1.68287
808,-468,-141,488.78,1.64020
809,-438,146,461.69,1.54930
810,-580,428,720.82,2.41886
811,-954,204,975.57,3.27372
812,-739,-38,739.98,2.48314
813,216,-86,232.49,0.78017
814,167,279,325.16,1.09115
815,-791,859,1167.72,3.91851
816,-1217,318,1257.86,4.22101
817,-608,-396,725.59,2.43486
818,-333,-99,347.40,1.16579
819,-220,870,897.39,3.01136
820,-737,1237,1439.91,4.83191
821,-1189,320,1231.31,4.13191
822,-965,-176,980.92,3.29167
823,-70,80,106.30,0.35672
824,509,746,903.10,3.03055
825,203,750,776.99,2.60734
826,-547,-51,549.37,1.84353
827,-1273,-369,1325.40,4.44766
828,-1421,96,1424.24,4.77933
829,-1244,-177,1256.53,4.21654
830,-779,-383,868.06,2.91296
831,41,-616,617.36,2.07169
832,543,-101,552.31,1.85340
833,7,714,714.03,2.39609
834,-545,510,746.41,2.50473
835,-601,-110,610.98,2.05028
836,-708,-507,870.81,2.92219
837,-835,-327,896.75,3.00922
838,-611,545,818.75,2.74747
839,-651,781,1016.74,3.41188
840,-461,124,477.39,1.60197
841,-288,-229,367.95,1.23472
842,-175,192,259.79,0.87177
843,-44,424,426.28,1.43046
844,-488,250,548.31,1.83997
845,-419,-57,422.86,1.41899
846,-99,103,142.86,0.47941
847,38,82,90.38,0.30328
848,-222,-485,533.39,1.78991
849,-493,-468,679.76,2.28107
850,-490,-266,557.54,1.87096
# END
# FRAME,149,RX_TS,948181033678,FP_INDEX,746.5625,FP_INT,746,RXPACC,263,RXPWR,-68.48,STD_NOISE,156.00,NTM,13,NOISE_THRESH,2028.00,PEAK_IDX,749,PEAK_AMPL,17950,START,696,elapsed_s,15.0848
sample,real,imag,amplitude,amplitude_norm
696,87,-17,88.65,0.33705
697,102,192,217.41,0.82666
698,-24,220,221.31,0.84146
699,-44,-362,364.66,1.38656
700,73,-878,881.03,3.34992
701,-8,-896,896.04,3.40698
702,-18,-650,650.25,2.47243
703,36,390,391.66,1.48919
704,150,635,652.48,2.48090
705,192,165,253.16,0.96258
706,340,-85,350.46,1.33256
707,91,-56,106.85,0.40628
708,-308,-76,317.24,1.20623
709,-173,-99,199.32,0.75789
710,-104,-212,236.14,0.89785
711,229,-58,236.23,0.89822
712,148,101,179.18,0.68129
713,-5,74,74.17,0.28201
714,76,-115,137.84,0.52412
715,-137,-536,553.23,2.10354
716,47,-902,903.22,3.43431
717,-13,-798,798.11,3.03462
718,-4,-475,475.02,1.80615
719,40,548,549.46,2.08919
720,45,756,757.34,2.87961
721,142,-4,142.06,0.54014
722,331,-444,553.80,2.10571
723,259,-408,483.26,1.83751
724,-57,-699,701.32,2.66662
725,-327,-856,916.33,3.48415
726,-234,-557,604.16,2.29717
727,381,366,528.32,2.00880
728,236,672,712.24,2.70812
729,-86,226,241.81,0.91943
730,-36,178,181.60,0.69051
731,149,797,810.81,3.08292
732,175,1189,1201.81,4.56962
733,146,1097,1106.67,4.20788
734,160,882,896.40,3.40835
735,93,-65,113.46,0.43142
736,-76,-281,291.10,1.10683
737,-44,339,341.84,1.29979
738,317,597,675.94,2.57012
739,510,782,933.61,3.54984
740,545,832,994.61,3.78179
741,342,1060,1113.81,4.23500
742,248,886,920.05,3.49831
743,208,-10,208.24,0.79179
744,-34,-100,105.62,0.40160
745,-363,339,496.68,1.88851
746,-3490,1015,3634.60,13.81978
747,-12763,2985,13107.42,49.83809
748,-16460,5104,17233.18,65.52539
749,-16459,5872,17475.10,66.44524
750,-12385,4021,13021.39,49.51100
751,5509,-2207,5934.64,22.56516
752,9974,-3739,10651.80,40.50113
753,-88,-809,813.77,3.09419
754,-4051,280,4060.67,15.43979
755,820,107,826.95,3.14430
756,3226,799,3323.47,12.63678
757,1977,1382,2412.15,9.17166
758,1028,673,1228.70,4.67188
759,645,-365,741.11,2.81792
760,1049,-552,1185.37,4.50711
761,1230,-506,1330.01,5.05709
762,557,-431,704.28,2.67787
763,449,-155,475.00,1.80609
764,805,797,1132.80,4.30722
765,1436,1076,1794.40,6.82281
766,1801,-148,1807.07,6.87099
767,1655,-2054,2637.79,10.02962
768,638,-1751,1863.61,7.08597
769,-392,-358,530.87,2.01854
770,-694,-1218,1401.84,5.33020
771,400,-2688,2717.60,10.33308
772,1210,-1027,1587.08,6.03453
773,1214,1649,2047.68,7.78586
774,658,2410,2498.21,9.49891
775,408,729,835.41,3.17645
776,910,-888,1271.47,4.83450
777,1906,-1060,2180.93,8.29249
778,3215,-700,3290.32,12.51073
779,2533,-1317,2854.92,10.85522
780,1185,-2493,2760.30,10.49545
781,-29,-2715,2715.15,10.32378
782,-469,-2259,2307.17,8.77252
783,-209,-862,886.98,3.37253
784,1090,-1294,1691.90,6.43309
785,3827,-2698,4682.43,17.80391
786,5079,-2435,5632.54,21.41649
787,2113,-286,2132.27,8.10748
788,-391,884,966.61,3.67533
789,-910,491,1034.01,3.93160
790,-891,62,893.15,3.39602
791,-180,112,212.00,0.80608
792,156,-94,182.13,0.69252
793,-73,-596,600.45,2.28309
794,6,-1164,1164.02,4.42591
795,351,-1112,1166.08,4.43377
796,598,-682,907.04,3.44883
797,-81,-501,507.51,1.92968
798,-1017,-257,1048.97,3.98848
799,-1053,520,1174.40,4.46539
800,-105,903,909.08,3.45659
801,491,860,990.29,3.76537
802,452,834,948.61,3.60688
803,273,731,780.31,2.96697
804,177,338,381.54,1.45072
805,439,127,457.00,1.73765
806,827,415,925.29,3.51820
807,471,448,650.03,2.47161
808,-95,432,442.32,1.68183
809,-95,308,322.32,1.22554
810,261,286,387.19,1.47221
811,656,384,760.13,2.89021
812,686,493,844.78,3.21207
813,582,205,617.05,2.34619
814,765,-467,896.28,3.40790
815,1029,-254,1059.89,4.02998
816,964,505,1088.27,4.13789
817,495,714,868.80,3.30344
818,-100,196,220.04,0.83664
819,-332,-830,893.94,3.39900
820,129,-582,596.12,2.26663
821,693,403,801.66,3.04814
822,1199,883,1489.06,5.66181
823,976,574,1132.28,4.30524
824,636,383,742.42,2.82288
825,264,151,304.13,1.15640
826,-114,30,117.88,0.44822
827,-219,-204,299.29,1.13800
828,319,-279,423.79,1.61139
829,459,113,472.70,1.79736
830,457,550,715.09,2.71896
831,563,786,966.83,3.67617
832,715,300,775.39,2.94824
833,799,-421,903.13,3.43395
834,839,-469,961.19,3.65471
835,233,52,238.73,0.90773
836,160,102,189.75,0.72147
837,157,-44,163.05,0.61996
838,293,-38,295.45,1.12340
839,522,233,571.64,2.17354
840,422,127,440.70,1.67565
841,142,-108,178.40,0.67834
842,27,-58,63.98,0.24326
843,125,556,569.88,2.16684
844,456,636,782.58,2.97559
845,507,534,736.35,2.79979
# END
# FRAME,150,RX_TS,954570826564,FP_INDEX,747.1562,FP_INT,747,RXPACC,268,RXPWR,-68.38,STD_NOISE,156.00,NTM,13,NOISE_THRESH,2028.00,PEAK_IDX,749,PEAK_AMPL,18132,START,697,elapsed_s,15.1878
sample,real,imag,amplitude,amplitude_norm
697,90,-30,94.87,0.35399
698,240,167,292.39,1.09099
699,-34,51,61.29,0.22871
700,-531,-400,664.80,2.48060
701,-747,-533,917.66,3.42410
702,-716,-357,800.07,2.98532
703,-67,90,112.20,0.41866
704,693,405,802.67,2.99503
705,543,200,578.66,2.15918
706,165,-246,296.21,1.10527
707,-29,-307,308.37,1.15062
708,-238,39,241.17,0.89990
709,-231,63,239.44,0.89342
710,-336,-8,336.10,1.25409
711,-186,-106,214.08,0.79882
712,141,-113,180.69,0.67423
713,167,-2,167.01,0.62318
714,147,-72,163.69,0.61077
715,-298,-155,335.90,1.25336
716,-681,-431,805.93,3.00720
717,-653,-528,839.76,3.13342
718,-575,-399,699.88,2.61148
719,40,61,72.95,0.27218
720,774,433,886.89,3.30927
721,403,243,470.59,1.75594
722,-104,-287,305.26,1.13904
723,-227,-453,506.69,1.89065
724,-434,-356,561.33,2.09452
725,-669,-360,759.71,2.83474
726,-724,-74,727.77,2.71557
727,9,-14,16.64,0.06210
728,802,87,806.71,3.01009
729,379,214,435.24,1.62404
730,-5,245,245.05,0.91437
731,336,336,475.18,1.77304
732,897,629,1095.56,4.08791
733,983,499,1102.40,4.11344
734,962,516,1091.65,4.07332
735,437,30,438.03,1.63443
736,-345,-223,410.80,1.53282
737,-94,114,147.76,0.55133
738,449,222,500.88,1.86897
739,773,112,781.07,2.91445
740,1026,102,1031.06,3.84723
741,1032,253,1062.56,3.96478
742,1001,418,1084.77,4.04765
743,488,-64,492.18,1.83649
744,-228,-235,327.43,1.22175
745,-53,240,245.78,0.91710
746,-217,1407,1423.64,5.31207
747,-3044,7147,7768.24,28.98597
748,-6735,15317,16732.33,62.43405
749,-6588,16499,17765.66,66.28979
750,-5767,16129,17129.01,63.91422
751,-1069,3044,3226.25,12.03825
752,4160,-12962,13613.19,50.79550
753,1688,-7243,7437.10,27.75036
754,-1432,2726,3079.24,11.48969
755,-522,2753,2802.05,10.45542
756,1934,-1380,2375.87,8.86518
757,2172,-1687,2750.19,10.26191
758,1348,-598,1474.69,5.50257
759,432,-452,625.24,2.33299
760,-17,-388,388.37,1.44915
761,242,-1106,1132.17,4.22450
762,192,-1334,1347.75,5.02890
763,52,-877,878.54,3.27814
764,551,-254,606.73,2.26390
765,1343,-150,1351.35,5.04235
766,1128,-639,1296.42,4.83739
767,-96,-2167,2169.13,8.09375
768,-1250,-1892,2267.63,8.46132
769,-602,-631,872.10,3.25412
770,-341,337,479.43,1.78891
771,-1112,-1088,1555.73,5.80495
772,-1163,-1904,2231.09,8.32498
773,525,-851,999.91,3.73102
774,1934,589,2021.70,7.54366
775,1579,808,1773.73,6.61838
776,532,-409,671.05,2.50391
777,266,-1674,1695.00,6.32463
778,1161,-2426,2689.50,10.03544
779,1407,-2659,3008.31,11.22504
780,-337,-2079,2106.14,7.85872
781,-1798,-1681,2461.42,9.18439
782,-2317,-915,2491.13,9.29525
783,-1362,-394,1417.84,5.29046
784,-470,-591,755.10,2.81755
785,-63,-3321,3321.60,12.39402
786,607,-5718,5750.13,21.45570
787,624,-3941,3990.09,14.88841
788,-222,-162,274.82,1.02546
789,-584,866,1044.52,3.89744
790,-485,600,771.51,2.87876
791,-86,375,384.73,1.43558
792,27,-36,45.00,0.16791
793,-518,-251,575.61,2.14779
794,-779,-351,854.42,3.18815
795,-686,-487,841.29,3.13913
796,-541,-507,741.44,2.76656
797,-456,-432,628.14,2.34381
798,-776,142,788.89,2.94360
799,-538,979,1117.09,4.16824
800,455,810,929.05,3.46659
801,1052,536,1180.68,4.40551
802,942,577,1104.67,4.12190
803,588,500,771.84,2.88002
804,470,148,492.75,1.83862
805,398,-275,483.77,1.80509
806,784,-247,821.99,3.06712
807,798,-132,808.84,3.01807
808,199,262,329.01,1.22763
809,-85,495,502.24,1.87405
810,82,233,247.01,0.92167
811,466,-347,581.00,2.16792
812,559,-409,692.65,2.58451
813,654,-218,689.38,2.57230
814,282,-434,517.57,1.93124
815,316,-724,789.96,2.94760
816,738,-483,882.01,3.29106
817,890,-570,1056.88,3.94359
818,577,-404,704.38,2.62827
819,-137,-412,434.18,1.62008
820,-255,-451,518.10,1.93320
821,291,-308,423.73,1.58107
822,906,-344,969.11,3.61608
823,962,-637,1153.78,4.30516
824,838,-432,942.80,3.51790
825,420,-195,463.06,1.72784
826,-37,123,128.44,0.47927
827,-380,173,417.53,1.55794
828,-196,-185,269.52,1.00567
829,163,-505,530.65,1.98005
830,357,-256,439.30,1.63918
831,683,120,693.46,2.58754
832,932,55,933.62,3.48366
833,310,-593,669.14,2.49679
834,-74,-992,994.76,3.71178
835,-20,-363,363.55,1.35653
836,84,157,178.06,0.66440
837,111,-61,126.66,0.47260
838,177,-122,214.97,0.80213
839,580,-347,675.88,2.52193
840,636,-91,642.48,2.39730
841,100,13,100.84,0.37627
842,-164,91,187.56,0.69983
843,192,245,311.27,1.16146
844,652,248,697.57,2.60288
845,589,119,600.90,2.24217
846,371,-13,371.23,1.38518
# END
# FRAME,151,RX_TS,960960619924,FP_INDEX,748.2969,FP_INT,748,RXPACC,295,RXPWR,-68.56,STD_NOISE,168.00,NTM,13,NOISE_THRESH,2184.00,PEAK_IDX,750,PEAK_AMPL,19738,START,698,elapsed_s,15.2940
sample,real,imag,amplitude,amplitude_norm
698,31,85,90.48,0.30670
699,38,-244,246.94,0.83709
700,113,9,113.36,0.38426
701,-703,387,802.48,2.72028
702,-940,548,1088.07,3.68838
703,-835,598,1027.05,3.48152
704,-391,164,424.00,1.43729
705,463,-399,611.20,2.07188
706,523,-603,798.21,2.70579
707,313,-310,440.53,1.49333
708,-31,-75,81.15,0.27510
709,-109,402,416.52,1.41192
710,-15,386,386.29,1.30946
711,-149,267,305.76,1.03648
712,-314,105,331.09,1.12234
713,-240,-260,353.84,1.19944
714,19,-241,241.75,0.81948
715,49,-32,58.52,0.19838
716,-5,259,259.05,0.87813
717,-562,700,897.69,3.04301
718,-853,574,1028.15,3.48524
719,-874,480,997.13,3.38012
720,-304,34,305.90,1.03693
721,259,-444,514.02,1.74244
722,321,-594,675.19,2.28877
723,-7,-482,482.05,1.63407
724,-147,-132,197.57,0.66972
725,-417,423,593.98,2.01351
726,-675,610,909.79,3.08405
727,-576,615,842.62,2.85632
728,-222,223,314.66,1.06666
729,82,-411,419.10,1.42068
730,372,-479,606.49,2.05588
731,215,-104,238.83,0.80960
732,590,-129,603.94,2.04725
733,1008,-317,1056.67,3.58193
734,1096,-446,1183.27,4.01109
735,1019,-596,1180.50,4.00169
736,684,-400,792.37,2.68601
737,36,238,240.71,0.81596
738,-101,393,405.77,1.37549
739,171,206,267.73,0.90754
740,269,-230,353.92,1.19974
741,621,-867,1066.46,3.61511
742,872,-812,1191.52,4.03906
743,1187,-650,1353.32,4.58752
744,674,-337,753.55,2.55442
745,235,82,248.90,0.84371
746,245,317,400.64,1.35811
747,761,901,1179.37,3.99788
748,3700,5831,6905.84,23.40961
749,10392,14786,18072.62,61.26310
750,13234,16482,21137.53,71.65263
751,12991,16194,20760.82,70.37567
752,4281,9314,10250.73,34.74825
753,-8966,-1993,9184.84,31.13504
754,-11411,-4031,12102.06,41.02394
755,-3866,-2137,4417.32,14.97397
756,1725,-2057,2684.56,9.10021
757,2010,-2686,3354.80,11.37221
758,283,-1902,1922.94,6.51844
759,-254,-1221,1247.14,4.22759
760,-348,-1294,1339.98,4.54230
761,5,-845,845.01,2.86446
762,-336,-598,685.93,2.32519
763,-1244,-581,1372.99,4.65420
764,-1299,-784,1517.25,5.14323
765,-70,-1092,1094.24,3.70929
766,594,-1580,1687.97,5.72193
767,268,-1585,1607.50,5.44915
768,-1649,-1233,2059.00,6.97967
769,-2610,-188,2616.76,8.87038
770,-959,692,1182.60,4.00882
771,-7,1563,1563.02,5.29836
772,-2409,1519,2847.92,9.65396
773,-3233,568,3282.52,11.12717
774,-468,-1295,1376.97,4.66770
775,1925,-2018,2788.90,9.45389
776,1489,-1465,2088.86,7.08089
777,-1052,-1089,1514.14,5.13268
778,-2020,-1905,2776.59,9.41215
779,-1216,-2912,3155.69,10.69727
780,-1096,-2768,2977.09,10.09182
781,-1806,-488,1870.77,6.34159
782,-2397,819,2533.06,8.58663
783,-2087,1280,2448.26,8.29918
784,-1177,1232,1703.86,5.77581
785,-1603,234,1619.99,5.49149
786,-4042,-1653,4366.94,14.80319
787,-5092,-4090,6531.20,22.13966
788,-2884,-3552,4575.39,15.50978
789,34,-523,524.10,1.77662
790,737,809,1094.37,3.70974
791,548,866,1024.82,3.47397
792,726,981,1220.42,4.13703
793,39,744,745.02,2.52550
794,-1297,581,1421.19,4.81758
795,-1408,324,1444.80,4.89762
796,-1525,-262,1547.34,5.24523
797,-1232,-482,1322.93,4.48451
798,-518,-487,710.98,2.41010
799,-119,146,188.35,0.63849
800,385,735,829.73,2.81264
801,727,100,733.85,2.48761
802,1111,-835,1389.80,4.71119
803,1355,-851,1600.07,5.42397
804,758,-604,969.22,3.28548
805,112,-245,269.39,0.91317
806,-203,-251,322.82,1.09429
807,226,-860,889.20,3.01424
808,764,-1189,1413.30,4.79085
809,886,-185,905.11,3.06816
810,261,396,474.28,1.60771
811,-330,-74,338.20,1.14642
812,-105,-791,797.94,2.70488
813,246,-876,909.89,3.08436
814,74,-545,550.00,1.86441
815,-351,-239,424.64,1.43947
816,-645,-375,746.09,2.52912
817,-379,-991,1061.00,3.59661
818,237,-1205,1228.09,4.16300
819,384,-491,623.33,2.11297
820,2,305,305.01,1.03392
821,-402,310,507.65,1.72083
822,6,-106,106.17,0.35990
823,319,-873,929.46,3.15070
824,115,-1578,1582.18,5.36334
825,220,-1176,1196.40,4.05560
826,636,-582,862.10,2.92238
827,488,112,500.69,1.69725
828,155,375,405.77,1.37549
829,-264,371,455.34,1.54353
830,-327,-287,435.08,1.47486
831,12,-686,686.10,2.32578
832,411,-818,915.45,3.10321
833,377,-780,866.33,2.93671
834,-394,-813,903.44,3.06251
835,-810,-759,1110.04,3.76284
836,-247,-336,417.02,1.41362
837,175,119,211.63,0.71738
838,10,57,57.87,0.19617
839,-217,-105,241.07,0.81718
840,-270,-528,593.03,2.01027
841,-150,-604,622.35,2.10965
842,27,-277,278.31,0.94343
843,17,38,41.63,0.14112
844,273,-149,311.01,1.05429
845,529,-334,625.62,2.12074
846,639,-430,770.21,2.61088
847,453,-611,760.61,2.57834
# END
# FRAME,152,RX_TS,967350406115,FP_INDEX,750.3906,FP_INT,750,RXPACC,321,RXPWR,-68.21,STD_NOISE,160.00,NTM,13,NOISE_THRESH,2080.00,PEAK_IDX,752,PEAK_AMPL,20624,START,700,elapsed_s,15.3849
sample,real,imag,amplitude,amplitude_norm
700,75,292,301.48,0.93918
701,225,47,229.86,0.71606
702,-122,75,143.21,0.44614
703,-487,-526,716.83,2.23311
704,-713,-817,1084.37,3.37810
705,-673,-831,1069.34,3.33128
706,136,-363,387.64,1.20760
707,1033,209,1053.93,3.28327
708,1004,299,1047.58,3.26348
709,328,388,508.06,1.58275
710,62,54,82.22,0.25613
711,-349,-191,397.85,1.23940
712,-232,-162,282.96,0.88150
713,-210,-152,259.24,0.80759
714,-254,-368,447.15,1.39298
715,241,-195,310.01,0.96576
716,404,-79,411.65,1.28240
717,79,-39,88.10,0.27446
718,-415,-51,418.12,1.30256
719,-805,-661,1041.61,3.24488
720,-690,-865,1106.49,3.44702
721,-553,-760,939.90,2.92803
722,144,-359,386.80,1.20500
723,800,-39,800.95,2.49517
724,834,168,850.75,2.65032
725,247,447,510.70,1.59098
726,-120,118,168.30,0.52429
727,-537,-476,717.60,2.23550
728,-551,-619,828.71,2.58165
729,-592,-513,783.35,2.44033
730,18,-245,245.66,0.76530
731,771,58,773.18,2.40866
732,717,297,776.08,2.41769
733,307,257,400.37,1.24727
734,127,683,694.71,2.16420
735,345,983,1041.78,3.24543
736,825,1003,1298.70,4.04581
737,883,1063,1381.90,4.30500
738,338,697,774.63,2.41318
739,-606,178,631.60,1.96760
740,-583,-39,584.30,1.82026
741,7,136,136.18,0.42424
742,730,343,806.57,2.51267
743,966,801,1254.89,3.90932
744,881,929,1280.31,3.98851
745,861,1006,1324.14,4.12506
746,569,639,855.62,2.66548
747,-191,311,364.97,1.13697
748,-487,501,698.69,2.17661
749,-771,1031,1287.40,4.01060
750,-4966,4529,6721.09,20.93796
751,-13995,13084,19158.58,59.68404
752,-16321,16485,23197.63,72.26678
753,-16269,15520,22484.46,70.04503
754,-11877,1953,12036.50,37.49688
755,-3213,-16399,16710.79,52.05854
756,945,-16261,16288.44,50.74279
757,2579,-3530,4371.74,13.61914
758,4062,4176,5825.70,18.14861
759,3025,2338,3823.20,11.91028
760,1012,-339,1067.27,3.32483
761,706,-390,806.56,2.51264
762,1537,197,1549.57,4.82733
763,1089,582,1234.77,3.84662
764,256,102,275.57,0.85848
765,342,-825,893.08,2.78218
766,649,-1121,1295.32,4.03525
767,1111,179,1125.33,3.50569
768,1195,639,1355.12,4.22155
769,1151,121,1157.34,3.60543
770,791,-1884,2043.32,6.36547
771,34,-1960,1960.29,6.10684
772,-1,-1369,1369.00,4.26480
773,623,-1354,1490.45,4.64315
774,853,-2485,2627.32,8.18481
775,149,-1977,1982.61,6.17635
776,501,-39,502.52,1.56547
777,1047,1188,1583.53,4.93310
778,948,773,1223.21,3.81061
779,682,-680,963.08,3.00025
780,612,-1391,1519.68,4.73420
781,860,-1023,1336.46,4.16343
782,1415,-1472,2041.82,6.36079
783,90,-1924,1926.10,6.00032
784,-872,-1744,1949.85,6.07430
785,-1368,-1338,1913.55,5.96121
786,-1634,-1263,2065.22,6.43370
787,-754,-1590,1759.72,5.48200
788,993,-3549,3685.30,11.48069
789,2945,-4530,5403.14,16.83221
790,3027,-2589,3983.17,12.40863
791,772,167,789.86,2.46061
792,-237,617,660.95,2.05904
793,-359,416,549.49,1.71180
794,-973,231,1000.04,3.11540
795,-1037,-295,1078.14,3.35870
796,-788,-1322,1539.03,4.79450
797,-539,-807,970.45,3.02320
798,-665,-463,810.30,2.52431
799,-770,-728,1059.66,3.30113
800,-551,-822,989.59,3.08283
801,-492,-446,664.06,2.06873
802,-618,492,789.93,2.46084
803,13,831,831.10,2.58910
804,741,933,1191.46,3.71170
805,609,1271,1409.37,4.39056
806,635,1252,1403.83,4.37329
807,540,600,807.22,2.51470
808,674,185,698.93,2.17735
809,963,415,1048.62,3.26671
810,982,984,1390.17,4.33076
811,-46,1008,1009.05,3.14346
812,-538,532,756.62,2.35706
813,265,82,277.40,0.86416
814,1110,139,1118.67,3.48495
815,928,444,1028.75,3.20482
816,390,223,449.25,1.39954
817,325,-174,368.65,1.14843
818,1029,-181,1044.80,3.25482
819,1396,110,1400.33,4.36239
820,1128,314,1170.89,3.64763
821,368,21,368.60,1.14828
822,-68,-227,236.97,0.73821
823,156,-207,259.20,0.80748
824,468,175,499.65,1.55654
825,870,288,916.43,2.85492
826,1604,38,1604.45,4.99829
827,1671,134,1676.36,5.22232
828,1183,458,1268.56,3.95191
829,249,275,370.98,1.15570
830,-527,-80,533.04,1.66055
831,-328,-476,578.07,1.80083
832,384,-129,405.09,1.26196
833,695,292,753.85,2.34844
834,1115,454,1203.89,3.75042
835,1281,171,1292.36,4.02605
836,856,-265,896.08,2.79153
837,449,-463,644.96,2.00921
838,180,0,180.00,0.56075
839,45,326,329.09,1.02521
840,137,114,178.23,0.55523
841,140,-54,150.05,0.46746
842,447,-201,490.11,1.52683
843,712,-88,717.42,2.23495
844,492,-157,516.44,1.60886
845,169,-235,289.46,0.90174
846,359,340,494.45,1.54034
847,467,587,750.11,2.33678
848,611,503,791.41,2.46545
849,764,544,937.89,2.92177
# END
# FRAME,153,RX_TS,973740198923,FP_INDEX,750.1406,FP_INT,750,RXPACC,270,RXPWR,-68.28,STD_NOISE,120.00,NTM,13,NOISE_THRESH,1560.00,PEAK_IDX,752,PEAK_AMPL,18454,START,700,elapsed_s,15.5111
sample,real,imag,amplitude,amplitude_norm
700,45,118,126.29,0.46774
701,-3,-157,157.03,0.58159
702,131,118,176.31,0.65300
703,131,843,853.12,3.15970
704,250,1030,1059.91,3.92558
705,281,747,798.10,2.95594
706,-222,-180,285.80,1.05853
707,-595,-561,817.77,3.02877
708,-331,-376,500.94,1.85532
709,-203,77,217.11,0.80412
710,-65,371,376.65,1.39500
711,248,338,419.22,1.55268
712,324,130,349.11,1.29299
713,168,131,213.04,0.78903
714,-105,142,176.60,0.65409
715,-145,-69,160.58,0.59474
716,-108,-20,109.84,0.40680
717,-198,122,232.57,0.86136
718,241,372,443.24,1.64164
719,290,882,928.45,3.43871
720,88,1018,1021.80,3.78443
721,117,653,663.40,2.45703
722,-273,-345,439.95,1.62944
723,-565,-651,861.99,3.19255
724,-296,-312,430.07,1.59285
725,-120,191,225.57,0.83544
726,-30,346,347.30,1.28629
727,234,559,606.00,2.24445
728,358,767,846.44,3.13495
729,325,621,700.90,2.59594
730,-187,48,193.06,0.71505
731,-508,-452,679.98,2.51843
732,-256,-296,391.35,1.44943
733,129,-227,261.09,0.96701
734,5,-351,351.04,1.30013
735,-228,-862,891.64,3.30238
736,-431,-885,984.37,3.64582
737,-232,-915,943.95,3.49613
738,310,-5,310.04,1.14830
739,606,629,873.43,3.23492
740,251,243,349.36,1.29391
741,-303,-222,375.62,1.39120
742,-578,-583,820.96,3.04059
743,-498,-818,957.67,3.54692
744,-334,-835,899.32,3.33082
745,-113,-831,838.65,3.10610
746,86,105,135.72,0.50268
747,347,467,581.81,2.15484
748,381,34,382.51,1.41672
749,1235,-630,1386.41,5.13484
750,7568,-2730,8045.34,29.79756
751,15774,-6409,17026.29,63.06031
752,16458,-7912,18261.04,67.63347
753,14317,-5832,15459.26,57.25652
754,-2364,5514,5999.39,22.21997
755,-11903,12459,17231.02,63.81860
756,-6760,6693,9512.83,35.23269
757,1175,-1942,2269.80,8.40666
758,1387,-3905,4144.01,15.34817
759,-1434,-895,1690.38,6.26066
760,-1827,635,1934.21,7.16373
761,-1237,72,1239.09,4.58924
762,-434,-403,592.25,2.19353
763,-259,-290,388.82,1.44007
764,-666,390,771.79,2.85847
765,-843,769,1141.06,4.22614
766,-454,420,618.48,2.29066
767,-417,-467,626.08,2.31882
768,-773,-834,1137.14,4.21163
769,-1351,-13,1351.06,5.00394
770,-1330,1764,2209.21,8.18225
771,-1,1261,1261.00,4.67037
772,621,28,621.63,2.30234
773,1256,-207,1272.94,4.71461
774,702,2096,2210.43,8.18679
775,-325,2329,2351.57,8.70951
776,-1013,-97,1017.63,3.76901
777,-428,-2170,2211.81,8.19187
778,793,-1354,1569.13,5.81159
779,359,275,452.22,1.67490
780,-698,693,983.59,3.64293
781,-1580,258,1600.93,5.92936
782,-1838,487,1901.42,7.04231
783,-518,1826,1898.05,7.02982
784,8,2826,2826.01,10.46671
785,237,2428,2439.54,9.03533
786,-268,797,840.85,3.11427
787,-439,232,496.53,1.83901
788,-2480,2235,3338.51,12.36484
789,-4287,3040,5255.47,19.46470
790,-3750,1602,4077.86,15.10317
791,-928,-915,1303.23,4.82678
792,308,-1223,1261.19,4.67106
793,745,-518,907.39,3.36069
794,411,227,469.52,1.73897
795,150,598,616.53,2.28343
796,-40,1007,1007.79,3.73257
797,101,999,1004.09,3.71886
798,27,1346,1346.27,4.98619
799,-145,1323,1330.92,4.92934
800,-326,1106,1153.04,4.27054
801,173,471,501.77,1.85840
802,575,-533,784.04,2.90384
803,303,-539,618.33,2.29011
804,363,-673,764.66,2.83206
805,300,-317,436.45,1.61648
806,-190,-168,253.62,0.93934
807,-305,-393,497.47,1.84247
808,-396,-422,578.71,2.14335
809,-469,-377,601.74,2.22866
810,88,35,94.70,0.35076
811,438,404,595.87,2.20692
812,148,69,163.29,0.60479
813,-392,-529,658.41,2.43856
814,-994,-828,1293.68,4.79142
815,-923,-552,1075.47,3.98322
816,-798,-209,824.92,3.05524
817,-649,-133,662.49,2.45366
818,-596,-194,626.78,2.32140
819,-658,-342,741.57,2.74656
820,-703,-67,706.19,2.61550
821,-224,327,396.36,1.46802
822,191,544,576.56,2.13539
823,133,292,320.86,1.18838
824,-219,-257,337.65,1.25057
825,-777,-642,1007.92,3.73302
826,-797,-470,925.26,3.42689
827,-782,-366,863.41,3.19782
828,-560,-189,591.03,2.18901
829,-55,-72,90.60,0.33557
830,156,137,207.62,0.76895
831,-34,224,226.57,0.83913
832,-503,-50,505.48,1.87214
833,-470,-551,724.22,2.68231
834,-427,-759,870.87,3.22543
835,-619,-470,777.21,2.87857
836,-692,506,857.26,3.17505
837,-757,664,1006.95,3.72944
838,-380,135,403.27,1.49358
839,-30,-340,341.32,1.26415
840,121,-76,142.89,0.52922
841,159,227,277.15,1.02647
842,-351,-97,364.16,1.34873
843,-647,-415,768.66,2.84688
844,-235,-162,285.43,1.05714
845,170,-104,199.29,0.73811
846,197,-382,429.81,1.59187
847,-111,-531,542.48,2.00918
848,-324,-547,635.76,2.35465
849,-324,-656,731.65,2.70982
# END
# FRAME,154,RX_TS,980129941028,FP_INDEX,750.7969,FP_INT,750,RXPACC,260,RXPWR,-68.84,STD_NOISE,148.00,NTM,13,NOISE_THRESH,1924.00,PEAK_IDX,753,PEAK_AMPL,16882,START,700,elapsed_s,15.5827
sample,real,imag,amplitude,amplitude_norm
700,66,-106,124.87,0.48026
701,185,186,262.34,1.00899
702,10,284,284.18,1.09298
703,26,-207,208.63,0.80241
704,109,-877,883.75,3.39903
705,84,-908,911.88,3.50722
706,4,-679,679.01,2.61158
707,65,289,296.22,1.13931
708,119,804,812.76,3.12600
709,5,414,414.03,1.59242
710,270,-80,281.60,1.08309
711,175,-175,247.49,0.95187
712,-121,-235,264.32,1.01662
713,-249,-154,292.77,1.12606
714,-177,-218,280.81,1.08003
715,291,-225,367.84,1.41477
716,202,104,227.20,0.87385
717,19,154,155.17,0.59680
718,40,12,41.76,0.16062
719,-127,-500,515.88,1.98414
720,203,-914,936.27,3.60105
721,294,-876,924.02,3.55392
722,276,-580,642.32,2.47046
723,120,395,412.83,1.58779
724,129,855,864.68,3.32568
725,80,313,323.06,1.24255
726,160,-161,226.98,0.87301
727,216,-390,445.82,1.71469
728,-71,-696,699.61,2.69082
729,-234,-896,926.05,3.56174
730,-221,-659,695.07,2.67335
731,243,155,288.23,1.10856
732,300,734,792.94,3.04977
733,-18,304,304.53,1.17128
734,-143,166,219.10,0.84269
735,-67,529,533.23,2.05087
736,-70,953,955.57,3.67526
737,74,1000,1002.73,3.85667
738,-78,1079,1081.82,4.16083
739,-45,174,179.72,0.69125
740,72,-500,505.16,1.94291
741,57,45,72.62,0.27932
742,305,512,595.96,2.29216
743,294,820,871.11,3.35043
744,219,948,972.97,3.74218
745,-2,1071,1071.00,4.11924
746,-98,968,972.95,3.74211
747,79,23,82.28,0.31646
748,-79,-268,279.40,1.07462
749,-298,69,305.88,1.17648
750,-2079,365,2110.80,8.11845
751,-10543,316,10547.73,40.56821
752,-16330,1065,16364.69,62.94112
753,-16487,1470,16552.40,63.66309
754,-14582,331,14585.76,56.09906
755,2496,-2490,3525.64,13.56014
756,13219,-2798,13511.87,51.96875
757,4649,-166,4651.96,17.89216
758,-2963,1460,3303.18,12.70452
759,-1472,1270,1944.14,7.47747
760,1714,781,1883.55,7.24442
761,1877,910,2085.96,8.02292
762,1017,810,1300.15,5.00058
763,538,129,553.25,2.12788
764,461,-158,487.32,1.87432
765,1096,-247,1123.49,4.32111
766,1049,-348,1105.22,4.25084
767,556,-238,604.80,2.32614
768,391,602,717.83,2.76090
769,952,989,1372.74,5.27978
770,1629,184,1639.36,6.30523
771,2142,-1492,2610.41,10.04003
772,820,-1601,1798.78,6.91838
773,-155,-679,696.47,2.67872
774,-198,-1027,1045.91,4.02274
775,1045,-2203,2438.29,9.37802
776,1380,-897,1645.91,6.33041
777,1036,2066,2311.20,8.88924
778,219,3530,3536.79,13.60303
779,36,1778,1778.36,6.83986
780,645,-447,784.75,3.01827
781,1419,-975,1721.68,6.62185
782,1937,-427,1983.51,7.62887
783,1703,-298,1728.88,6.64952
784,913,-1650,1885.75,7.25290
785,598,-2885,2946.32,11.33202
786,409,-2859,2888.11,11.10810
787,656,-996,1192.62,4.58702
788,1352,-103,1355.92,5.21507
789,3475,-920,3594.72,13.82585
790,4632,-1488,4865.14,18.71207
791,2958,-304,2973.58,11.43685
792,559,1057,1195.71,4.59890
793,-183,1482,1493.26,5.74329
794,-695,960,1185.17,4.55834
795,-565,168,589.45,2.26711
796,287,-453,536.26,2.06255
797,520,-454,690.30,2.65501
798,27,-289,290.26,1.11638
799,-472,-190,508.81,1.95695
800,-82,-598,603.60,2.32152
801,311,-996,1043.43,4.01318
802,69,-652,655.64,2.52170
803,-497,346,605.58,2.32915
804,-590,637,868.26,3.33945
805,-553,510,752.27,2.89334
806,-39,277,279.73,1.07589
807,427,712,830.22,3.19317
808,97,714,720.56,2.77138
809,42,317,319.77,1.22989
810,190,393,436.52,1.67892
811,120,77,142.58,0.54838
812,143,-406,430.45,1.65557
813,321,-187,371.50,1.42883
814,466,337,575.09,2.21187
815,595,851,1038.38,3.99376
816,395,661,770.03,2.96165
817,502,300,584.81,2.24927
818,670,-12,670.11,2.57734
819,812,298,864.96,3.32675
820,734,757,1054.42,4.05547
821,501,503,709.94,2.73053
822,396,-56,399.94,1.53823
823,179,-322,368.41,1.41696
824,124,-157,200.06,0.76947
825,304,159,343.07,1.31950
826,737,481,880.07,3.38490
827,1228,538,1340.68,5.15647
828,1082,779,1333.25,5.12790
829,750,496,899.18,3.45837
830,-19,116,117.55,0.45210
831,-391,-413,568.73,2.18741
832,223,-638,675.85,2.59942
833,642,-285,702.42,2.70160
834,648,362,742.26,2.85484
835,345,971,1030.47,3.96334
836,480,817,947.57,3.64450
837,666,-70,669.67,2.57565
838,895,-442,998.19,3.83920
839,493,-211,536.26,2.06252
840,-2,116,116.02,0.44622
841,-87,48,99.36,0.38217
842,-106,30,110.16,0.42371
843,198,248,317.35,1.22056
844,326,344,473.93,1.82282
845,22,33,39.66,0.15254
846,-261,-137,294.77,1.13373
847,-145,217,260.99,1.00379
848,296,463,549.53,2.11358
849,410,776,877.65,3.37559
# END
# FRAME,155,RX_TS,986519733823,FP_INDEX,751.9687,FP_INT,751,RXPACC,309,RXPWR,-68.97,STD_NOISE,176.00,NTM,13,NOISE_THRESH,2288.00,PEAK_IDX,754,PEAK_AMPL,20252,START,701,elapsed_s,15.6900
sample,real,imag,amplitude,amplitude_norm
701,-202,-188,275.95,0.89304
702,143,-17,144.01,0.46604
703,207,225,305.74,0.98943
704,-47,-181,187.00,0.60519
705,-422,-914,1006.72,3.25799
706,-520,-961,1092.67,3.53614
707,-398,-739,839.36,2.71637
708,234,361,430.21,1.39225
709,693,808,1064.48,3.44491
710,294,418,511.04,1.65385
711,139,-270,303.68,0.98278
712,-25,-309,310.01,1.00327
713,-339,-37,341.01,1.10360
714,-324,-96,337.92,1.09360
715,-185,-278,333.93,1.08068
716,311,-311,439.82,1.42337
717,354,166,390.99,1.26533
718,113,167,201.64,0.65255
719,138,-136,193.75,0.62703
720,-315,-356,475.35,1.53836
721,-393,-879,962.86,3.11604
722,-350,-942,1004.92,3.25217
723,-255,-673,719.69,2.32909
724,369,283,465.03,1.50494
725,720,945,1188.03,3.84477
726,289,422,511.47,1.65525
727,-7,-300,300.08,0.97114
728,18,-525,525.31,1.70003
729,-332,-578,666.56,2.15717
730,-670,-664,943.29,3.05272
731,-554,-504,748.95,2.42380
732,368,65,373.70,1.20937
733,640,681,934.54,3.02439
734,154,496,519.36,1.68077
735,107,262,283.01,0.91588
736,375,491,617.82,1.99943
737,701,1144,1341.69,4.34204
738,738,992,1236.41,4.00132
739,651,957,1157.43,3.74574
740,-8,113,113.28,0.36661
741,-328,-494,592.98,1.91901
742,72,-36,80.50,0.26051
743,638,348,726.74,2.35190
744,916,659,1128.42,3.65185
745,990,647,1182.67,3.82741
746,891,922,1282.17,4.14942
747,769,896,1180.75,3.82121
748,67,-118,135.69,0.43914
749,-476,-523,707.18,2.28861
750,-384,93,395.10,1.27864
751,-1487,2020,2508.30,8.11748
752,-8897,8094,12027.86,38.92512
753,-15787,14165,21210.29,68.64173
754,-16437,15266,22432.69,72.59771
755,-14461,11903,18729.71,60.61394
756,2767,-4277,5094.02,16.48549
757,14402,-11757,18591.52,60.16674
758,6802,-3073,7463.95,24.15517
759,-2589,4506,5196.82,16.81819
760,-1787,2254,2876.44,9.30886
761,2198,-972,2403.33,7.77776
762,2552,-416,2585.68,8.36791
763,1306,142,1313.70,4.25145
764,231,-300,378.63,1.22534
765,-23,-544,544.49,1.76209
766,784,-855,1160.03,3.75416
767,511,-647,824.46,2.66815
768,206,-312,373.87,1.20994
769,596,257,649.05,2.10048
770,1358,305,1391.83,4.50430
771,1366,-696,1533.09,4.96146
772,647,-2398,2483.75,8.03802
773,-514,-1460,1547.84,5.00918
774,-780,281,829.07,2.68308
775,-1103,666,1288.47,4.16982
776,-634,-2158,2249.20,7.27898
777,257,-2626,2638.55,8.53898
778,1282,-541,1391.48,4.50316
779,1379,1213,1836.58,5.94361
780,786,1473,1669.59,5.40320
781,445,595,743.00,2.40453
782,693,-752,1022.62,3.30945
783,1712,-2333,2893.76,9.36491
784,1758,-2830,3331.59,10.78183
785,-212,-2728,2736.23,8.85510
786,-1593,-2589,3039.83,9.83764
787,-1740,-2081,2712.59,8.77862
788,217,-986,1009.60,3.26730
789,1301,-591,1428.94,4.62442
790,2443,-3069,3922.63,12.69459
791,2400,-4709,5285.33,17.10462
792,1736,-2449,3001.88,9.71483
793,905,560,1064.25,3.44417
794,500,1198,1298.15,4.20115
795,-464,826,947.40,3.06603
796,-656,241,698.87,2.26171
797,-148,-366,394.79,1.27764
798,-192,-764,787.76,2.54937
799,-376,-1198,1255.62,4.06349
800,-355,-1244,1293.66,4.18661
801,-213,-815,842.37,2.72613
802,-344,-632,719.56,2.32866
803,-576,-368,683.52,2.21204
804,-112,475,488.03,1.57937
805,414,789,891.02,2.88356
806,269,662,714.57,2.31251
807,192,211,285.28,0.92324
808,527,215,569.17,1.84197
809,506,299,587.74,1.90207
810,435,71,440.76,1.42640
811,705,158,722.49,2.33815
812,110,-6,110.16,0.35652
813,-356,-318,477.35,1.54481
814,-9,-217,217.19,0.70287
815,656,-31,656.73,2.12535
816,1054,89,1057.75,3.42314
817,773,-16,773.17,2.50215
818,605,-165,627.10,2.02944
819,364,-344,500.83,1.62081
820,601,-283,664.30,2.14983
821,835,-3,835.01,2.70228
822,1120,-368,1178.91,3.81524
823,615,-506,796.41,2.57736
824,-40,-356,358.24,1.15935
825,-160,-319,356.88,1.15494
826,287,-146,322.00,1.04208
827,931,-174,947.12,3.06511
828,1253,-268,1281.34,4.14673
829,943,239,972.82,3.14827
830,757,107,764.52,2.47419
831,312,338,459.99,1.48863
832,-30,73,78.92,0.25542
833,-20,-343,343.58,1.11192
834,327,-406,521.31,1.68709
835,580,134,595.28,1.92647
836,951,714,1189.20,3.84854
837,918,661,1131.21,3.66089
838,472,-178,504.45,1.63252
839,227,-754,787.43,2.54832
840,-4,-436,436.02,1.41106
841,19,78,80.28,0.25981
842,-42,75,85.96,0.27819
843,28,94,98.08,0.31742
844,489,226,538.70,1.74336
845,662,363,754.99,2.44334
846,239,157,285.95,0.92542
847,-296,341,451.55,1.46133
848,-12,499,499.14,1.61535
849,524,257,583.63,1.88877
850,806,235,839.56,2.71702
# END
# FRAME,156,RX_TS,992909526577,FP_INDEX,751.1250,FP_INT,751,RXPACC,307,RXPWR,-69.25,STD_NOISE,144.00,NTM,13,NOISE_THRESH,1872.00,PEAK_IDX,753,PEAK_AMPL,20113,START,701,elapsed_s,15.7781
sample,real,imag,amplitude,amplitude_norm
701,-150,31,153.17,0.49892
702,-16,-158,158.81,0.51729
703,124,75,144.92,0.47204
704,412,923,1010.78,3.29244
705,570,942,1101.03,3.58641
706,721,539,900.20,2.93225
707,273,-234,359.56,1.17121
708,-233,-763,797.78,2.59864
709,-328,-217,393.28,1.28106
710,-337,223,404.10,1.31629
711,-133,176,220.60,0.71857
712,376,57,380.30,1.23875
713,437,-25,437.71,1.42578
714,367,86,376.94,1.22782
715,41,230,233.63,0.76100
716,-153,45,159.48,0.51948
717,-225,-95,244.23,0.79555
718,-346,81,355.35,1.15751
719,221,312,382.34,1.24541
720,338,857,921.25,3.00080
721,423,922,1014.40,3.30424
722,575,561,803.33,2.61672
723,187,-453,490.08,1.59635
724,-163,-917,931.37,3.03379
725,-239,-221,325.52,1.06032
726,-154,306,342.57,1.11585
727,-65,271,278.69,0.90777
728,509,464,688.75,2.24349
729,778,618,993.58,3.23643
730,801,481,934.32,3.04340
731,114,-281,303.24,0.98777
732,-322,-467,567.25,1.84772
733,-326,-7,326.08,1.06213
734,-78,-53,94.30,0.30717
735,-263,-525,587.19,1.91268
736,-506,-1103,1213.53,3.95285
737,-792,-943,1231.47,4.01130
738,-838,-638,1053.23,3.43071
739,-511,-11,511.12,1.66488
740,32,273,274.87,0.89534
741,9,-213,213.19,0.69443
742,-301,-543,620.85,2.02230
743,-585,-622,853.88,2.78136
744,-1022,-635,1203.21,3.91924
745,-865,-724,1128.01,3.67429
746,-818,-646,1042.32,3.39519
747,-405,242,471.79,1.53679
748,119,454,469.34,1.52878
749,230,-236,329.54,1.07342
750,1412,-1131,1809.12,5.89289
751,8042,-4941,9438.60,30.74464
752,16213,-11626,19950.57,64.98557
753,16431,-14910,22187.52,72.27204
754,11288,-16180,19728.44,64.26202
755,-4941,-5307,7251.05,23.61906
756,-11034,5682,12411.05,40.42689
757,-1098,4295,4433.13,14.44016
758,4566,-241,4572.36,14.89367
759,158,-1010,1022.28,3.32991
760,-3891,-116,3892.73,12.67990
761,-2871,176,2876.39,9.36935
762,-955,199,975.51,3.17757
763,-468,550,722.17,2.35233
764,-1100,846,1387.70,4.52020
765,-1128,1083,1563.74,5.09361
766,-363,1437,1482.14,4.82782
767,-308,1444,1476.48,4.80939
768,-767,203,793.41,2.58439
769,-1471,-449,1538.00,5.00977
770,-1709,575,1803.14,5.87341
771,-1299,3035,3301.31,10.75344
772,-564,3187,3236.52,10.54241
773,363,1389,1435.65,4.67638
774,576,818,1000.45,3.25879
775,123,2874,2876.63,9.37013
776,-294,2793,2808.43,9.14798
777,-1069,-78,1071.84,3.49134
778,-1114,-2258,2517.85,8.20146
779,-138,-2018,2022.71,6.58864
780,262,699,746.49,2.43156
781,-502,2055,2115.43,6.89064
782,-1978,2154,2924.41,9.52578
783,-2505,2422,3484.41,11.34987
784,-616,2946,3009.71,9.80363
785,1213,3535,3737.32,12.17370
786,1890,3046,3584.72,11.67661
787,67,1599,1600.40,5.21304
788,-2128,824,2281.96,7.43311
789,-3512,2619,4381.02,14.27041
790,-4066,4020,5717.76,18.62462
791,-2708,3111,4124.51,13.43489
792,-777,435,890.48,2.90059
793,0,-899,899.00,2.92834
794,511,-876,1014.15,3.30342
795,475,-233,529.07,1.72335
796,-59,752,754.31,2.45704
797,10,1048,1048.05,3.41384
798,377,785,870.84,2.83660
799,644,477,801.41,2.61047
800,317,832,890.34,2.90014
801,306,1180,1219.03,3.97078
802,870,713,1124.84,3.66398
803,1206,-643,1366.71,4.45181
804,911,-1097,1425.95,4.64478
805,99,-577,585.43,1.90694
806,-522,44,523.85,1.70636
807,-877,402,964.75,3.14249
808,-547,379,665.47,2.16765
809,-452,672,809.87,2.63801
810,-882,499,1013.37,3.30089
811,-557,103,566.44,1.84509
812,384,-120,402.31,1.31047
813,619,-125,631.50,2.05699
814,193,27,194.88,0.63479
815,-954,273,992.29,3.23222
816,-1316,27,1316.28,4.28755
817,-1113,-216,1133.77,3.69305
818,-770,39,770.99,2.51136
819,-836,58,838.01,2.72967
820,-1197,221,1217.23,3.96492
821,-1280,504,1375.65,4.48095
822,-697,651,953.73,3.10663
823,294,727,784.20,2.55439
824,279,581,644.52,2.09940
825,-372,257,452.14,1.47278
826,-1097,262,1127.85,3.67379
827,-1329,402,1388.47,4.52270
828,-865,311,919.21,2.99417
829,-497,-12,497.14,1.61936
830,-8,-191,191.17,0.62270
831,566,50,568.20,1.85083
832,254,522,580.52,1.89093
833,-273,569,631.10,2.05571
834,-557,22,557.43,1.81575
835,-801,-752,1098.68,3.57877
836,-623,-445,765.61,2.49383
837,-403,531,666.61,2.17137
838,-575,1142,1278.59,4.16478
839,-476,715,858.95,2.79789
840,-257,-61,264.14,0.86039
841,-51,-108,119.44,0.38904
842,49,35,60.22,0.19614
843,-395,-76,402.24,1.31024
844,-548,-325,637.13,2.07533
845,16,-311,311.41,1.01437
846,404,-43,406.28,1.32339
847,416,-109,430.04,1.40079
848,-261,-65,268.97,0.87613
849,-555,-187,585.66,1.90768
850,-674,-332,751.33,2.44734
# END
# FRAME,157,RX_TS,999299319324,FP_INDEX,751.6562,FP_INT,751,RXPACC,261,RXPWR,-68.15,STD_NOISE,132.00,NTM,13,NOISE_THRESH,1716.00,PEAK_IDX,753,PEAK_AMPL,17380,START,701,elapsed_s,15.8846
sample,real,imag,amplitude,amplitude_norm
701,191,25,192.63,0.73804
702,-70,103,124.54,0.47715
703,-139,-23,140.89,0.53981
704,357,280,453.71,1.73834
705,817,464,939.57,3.59987
706,925,264,961.94,3.68558
707,538,184,568.59,2.17852
708,-681,-22,681.36,2.61056
709,-866,-73,869.07,3.32978
710,-220,65,229.40,0.87893
711,142,354,381.42,1.46137
712,218,128,252.80,0.96858
713,242,-163,291.78,1.11791
714,296,-145,329.61,1.26286
715,293,54,297.93,1.14151
716,-57,179,187.86,0.71976
717,-270,111,291.93,1.11849
718,-114,169,203.86,0.78105
719,126,368,388.97,1.49032
720,522,182,552.82,2.11808
721,705,450,836.38,3.20451
722,722,385,818.24,3.13500
723,357,193,405.83,1.55490
724,-621,-40,622.29,2.38424
725,-824,-75,827.41,3.17014
726,-122,51,132.23,0.50663
727,278,80,289.28,1.10836
728,404,273,487.59,1.86816
729,602,201,634.67,2.43168
730,838,149,851.14,3.26109
731,522,40,523.53,2.00586
732,-413,115,428.71,1.64257
733,-651,-19,651.28,2.49532
734,-240,-178,298.80,1.14484
735,-175,-306,352.51,1.35060
736,-621,-280,681.21,2.60998
737,-949,-324,1002.78,3.84209
738,-911,-205,933.78,3.57770
739,-633,-182,658.64,2.52354
740,346,75,354.04,1.35646
741,601,100,609.26,2.33434
742,-159,5,159.08,0.60950
743,-700,41,701.20,2.68659
744,-888,-104,894.07,3.42555
745,-870,-25,870.36,3.33471
746,-934,-295,979.48,3.75280
747,-641,-183,666.61,2.55406
748,409,51,412.17,1.57919
749,640,-67,643.50,2.46551
750,88,-406,415.43,1.59168
751,330,-2906,2924.68,11.20566
752,3116,-11693,12101.06,46.36422
753,3986,-16373,16851.21,64.56403
754,3291,-16495,16820.10,64.44482
755,3119,-10709,11153.96,42.73548
756,1248,10670,10742.74,41.15991
757,-176,14735,14736.05,56.45996
758,-744,2340,2455.43,9.40778
759,-583,-5045,5078.57,19.45814
760,-713,-1183,1381.25,5.29215
761,-903,2270,2443.01,9.36020
762,-1191,1569,1969.83,7.54725
763,-1030,449,1123.61,4.30502
764,-175,4,175.05,0.67067
765,92,635,641.63,2.45835
766,13,1441,1441.06,5.52130
767,-18,785,785.21,3.00845
768,-296,311,429.34,1.64500
769,-947,147,958.34,3.67181
770,-1312,568,1429.67,5.47768
771,-456,1503,1570.65,6.01782
772,867,1663,1875.44,7.18558
773,1003,410,1083.56,4.15158
774,410,-529,669.28,2.56431
775,655,157,673.55,2.58066
776,1284,1899,2292.35,8.78294
777,368,1535,1578.50,6.04788
778,-1185,410,1253.92,4.80431
779,-1421,-470,1496.71,5.73452
780,-352,-97,365.12,1.39893
781,248,831,867.22,3.32267
782,51,1906,1906.68,7.30530
783,-470,2478,2522.18,9.66352
784,-58,1995,1995.84,7.64691
785,1106,1359,1752.17,6.71331
786,1755,850,1950.01,7.47129
787,1289,708,1470.64,5.63464
788,-533,854,1006.68,3.85701
789,-905,1701,1926.77,7.38224
790,0,3890,3890.00,14.90421
791,887,4218,4310.25,16.51439
792,601,1783,1881.57,7.20906
793,-89,-187,207.10,0.79348
794,-214,-789,817.51,3.13221
795,101,-1131,1135.50,4.35058
796,346,-268,437.65,1.67683
797,547,597,809.70,3.10231
798,499,570,757.56,2.90254
799,619,433,755.41,2.89431
800,682,501,846.24,3.24231
801,551,729,913.81,3.50117
802,594,504,779.01,2.98470
803,439,-345,558.34,2.13924
804,-163,-770,787.06,3.01557
805,-241,-395,462.72,1.77286
806,-38,-183,186.90,0.71611
807,-16,458,458.28,1.75586
808,-352,713,795.16,3.04657
809,-357,424,554.28,2.12367
810,-461,474,661.21,2.53337
811,-607,415,735.31,2.81726
812,78,79,111.02,0.42536
813,596,68,599.87,2.29834
814,133,298,326.33,1.25032
815,-427,490,649.95,2.49021
816,-833,482,962.40,3.68735
817,-698,351,781.28,2.99343
818,-456,482,663.52,2.54223
819,-225,449,502.22,1.92422
820,-458,356,580.09,2.22255
821,-697,282,751.89,2.88079
822,-368,371,522.56,2.00213
823,137,547,563.90,2.16052
824,460,427,627.64,2.40474
825,207,275,344.20,1.31878
826,-289,346,450.82,1.72727
827,-633,650,907.30,3.47624
828,-477,538,719.01,2.75482
829,-478,395,620.09,2.37582
830,-314,167,355.65,1.36263
831,32,-218,220.34,0.84420
832,420,-70,425.79,1.63139
833,229,483,534.54,2.04804
834,-111,534,545.41,2.08971
835,-392,238,458.59,1.75706
836,-732,120,741.77,2.84203
837,-605,313,681.17,2.60985
838,-38,631,632.14,2.42200
839,44,469,471.06,1.80483
840,-31,27,41.11,0.15751
841,-140,-24,142.04,0.54422
842,-2,119,119.02,0.45600
843,-75,131,150.95,0.57835
844,-508,166,534.43,2.04764
845,-477,16,477.27,1.82861
846,40,-340,342.34,1.31167
847,79,-432,439.16,1.68262
848,-215,-256,334.31,1.28087
849,-321,16,321.40,1.23141
850,-453,94,462.65,1.77261
# END
# FRAME,158,RX_TS,1005689112052,FP_INDEX,750.5312,FP_INT,750,RXPACC,263,RXPWR,-68.53,STD_NOISE,148.00,NTM,13,NOISE_THRESH,1924.00,PEAK_IDX,752,PEAK_AMPL,17910,START,700,elapsed_s,15.9772
sample,real,imag,amplitude,amplitude_norm
700,27,133,135.71,0.51602
701,-83,85,118.80,0.45172
702,-3,-2,3.61,0.01371
703,474,271,546.00,2.07605
704,858,513,999.67,3.80101
705,883,346,948.37,3.60597
706,672,266,722.73,2.74803
707,-163,-169,234.80,0.89277
708,-578,-282,643.12,2.44534
709,-233,53,238.95,0.90856
710,-27,268,269.36,1.02417
711,262,161,307.51,1.16926
712,382,-32,383.34,1.45756
713,283,-1,283.00,1.07605
714,249,-11,249.24,0.94769
715,22,132,133.82,0.50882
716,-134,210,249.11,0.94719
717,-193,24,194.49,0.73949
718,20,121,122.64,0.46632
719,601,233,644.59,2.45089
720,797,470,925.26,3.51811
721,788,402,884.62,3.36356
722,551,289,622.19,2.36575
723,-199,-214,292.23,1.11113
724,-545,-392,671.33,2.55260
725,-172,6,172.10,0.65439
726,68,335,341.83,1.29974
727,340,418,538.82,2.04873
728,749,338,821.73,3.12446
729,869,188,889.10,3.38062
730,535,0,535.00,2.03422
731,-291,8,291.11,1.10688
732,-431,-116,446.34,1.69710
733,-229,-21,229.96,0.87438
734,-295,-102,312.14,1.18683
735,-685,-456,822.90,3.12889
736,-974,-478,1084.97,4.12536
737,-912,-310,963.25,3.66253
738,-849,-150,862.15,3.27813
739,76,13,77.10,0.29317
740,249,61,256.36,0.97476
741,-225,-251,337.08,1.28169
742,-680,-57,682.38,2.59462
743,-885,-91,889.67,3.38276
744,-984,-121,991.41,3.76963
745,-941,-414,1028.05,3.90892
746,-716,-177,737.55,2.80439
747,-45,272,275.70,1.04828
748,288,10,288.17,1.09572
749,183,-708,731.27,2.78049
750,1541,-3771,4073.71,15.48940
751,5583,-12613,13793.39,52.44636
752,6475,-16267,17508.31,66.57153
753,5445,-16449,17326.79,65.88132
754,2528,-13525,13759.23,52.31647
755,-2792,3025,4116.54,15.65224
756,-2602,9662,10006.23,38.04650
757,974,2618,2793.31,10.62096
758,967,-2005,2226.01,8.46391
759,-1814,-25,1814.17,6.89799
760,-2314,1412,2710.78,10.30716
761,-1130,1140,1605.15,6.10322
762,-235,1013,1039.90,3.95400
763,-205,979,1000.23,3.80317
764,-483,962,1076.44,4.09295
765,-307,1363,1397.15,5.31234
766,230,1397,1415.81,5.38330
767,-217,760,790.37,3.00522
768,-1207,374,1263.62,4.80462
769,-1668,631,1783.36,6.78085
770,-615,1704,1811.59,6.88816
771,489,2849,2890.66,10.99111
772,309,2143,2165.16,8.23256
773,-431,554,701.91,2.66886
774,424,577,716.03,2.72256
775,1824,1838,2589.44,9.84579
776,517,1362,1456.82,5.53925
777,-1716,-100,1718.91,6.53578
778,-2242,-1417,2652.25,10.08462
779,-531,-1244,1352.59,5.14292
780,664,616,905.73,3.44385
781,174,2303,2309.56,8.78161
782,-1108,3073,3266.65,12.42072
783,-656,2236,2330.24,8.86024
784,995,1492,1793.35,6.81880
785,2007,1040,2260.45,8.59488
786,1756,698,1889.64,7.18494
787,-18,1216,1216.13,4.62408
788,-931,2994,3135.41,11.92171
789,-774,5117,5175.21,19.67759
790,-269,4624,4631.82,17.61147
791,417,1316,1380.49,5.24900
792,271,-579,639.28,2.43073
793,72,-996,998.60,3.79695
794,211,-938,961.44,3.65566
795,240,-295,380.30,1.44599
796,557,637,846.18,3.21741
797,777,434,889.99,3.38400
798,805,283,853.30,3.24447
799,1258,715,1446.99,5.50187
800,1286,1150,1725.19,6.55967
801,1295,760,1501.54,5.70928
802,725,-177,746.29,2.83762
803,-16,-1217,1217.11,4.62778
804,-133,-996,1004.84,3.82069
805,111,-162,196.38,0.74669
806,-56,514,517.04,1.96594
807,-635,420,761.33,2.89479
808,-493,211,536.26,2.03899
809,-218,518,562.00,2.13690
810,-317,560,643.50,2.44676
811,111,-186,216.60,0.82359
812,639,-583,864.99,3.28894
813,419,-63,423.71,1.61106
814,-388,733,829.36,3.15345
815,-819,892,1210.96,4.60441
816,-573,519,773.10,2.93956
817,-278,444,523.85,1.99183
818,-187,659,685.02,2.60463
819,-617,765,982.81,3.73692
820,-896,666,1116.41,4.24491
821,-474,545,722.29,2.74634
822,184,545,575.22,2.18716
823,611,726,948.89,3.60796
824,57,561,563.89,2.14406
825,-617,364,716.37,2.72384
826,-975,400,1053.86,4.00708
827,-695,408,805.91,3.06429
828,-464,403,614.58,2.33680
829,-215,442,491.52,1.86889
830,137,156,207.62,0.78942
831,556,119,568.59,2.16195
832,339,463,573.84,2.18189
833,-97,607,614.70,2.33727
834,-620,343,708.55,2.69412
835,-929,246,961.02,3.65406
836,-514,502,718.47,2.73183
837,-21,1048,1048.21,3.98559
838,-131,903,912.45,3.46940
839,-221,43,225.14,0.85606
840,-188,42,192.63,0.73245
841,138,170,218.96,0.83255
842,-37,289,291.36,1.10783
843,-409,171,443.31,1.68558
844,-387,-46,389.72,1.48184
845,-5,-99,99.13,0.37691
846,100,-163,191.23,0.72711
847,-216,-102,238.87,0.90826
848,-557,6,557.03,2.11799
849,-682,143,696.83,2.64955
# END
# FRAME,159,RX_TS,1012078904769,FP_INDEX,749.6094,FP_INT,749,RXPACC,281,RXPWR,-68.16,STD_NOISE,144.00,NTM,13,NOISE_THRESH,1872.00,PEAK_IDX,752,PEAK_AMPL,19203,START,699,elapsed_s,16.0788
sample,real,imag,amplitude,amplitude_norm
699,153,-112,189.61,0.67478
700,-3,201,201.02,0.71538
701,-102,188,213.89,0.76117
702,387,-278,476.50,1.69573
703,747,-650,990.21,3.52387
704,683,-779,1036.02,3.68689
705,508,-378,633.20,2.25340
706,-311,537,620.56,2.20838
707,-344,765,838.79,2.98500
708,-82,369,378.00,1.34520
709,403,127,422.54,1.50369
710,316,-191,369.24,1.31402
711,128,-296,322.49,1.14765
712,142,-205,249.38,0.88746
713,209,-263,335.93,1.19549
714,160,134,208.70,0.74271
715,54,383,386.79,1.37647
716,-6,68,68.26,0.24293
717,163,-61,174.04,0.61936
718,393,-604,720.60,2.56441
719,737,-628,968.27,3.44581
720,655,-530,842.57,2.99847
721,352,-288,454.81,1.61852
722,-273,560,623.00,2.21708
723,-388,721,818.77,2.91377
724,-2,212,212.01,0.75448
725,274,-182,328.94,1.17060
726,512,-307,596.99,2.12451
727,657,-529,843.50,3.00177
728,474,-641,797.22,2.83708
729,247,-368,443.21,1.57725
730,-2,627,627.00,2.23133
731,-391,700,801.80,2.85338
732,-257,203,327.50,1.16549
733,-254,194,319.61,1.13741
734,-555,530,767.41,2.73101
735,-712,840,1101.16,3.91870
736,-612,773,985.94,3.50867
737,-550,598,812.47,2.89134
738,99,-193,216.91,0.77192
739,247,-335,416.21,1.48119
740,-23,278,278.95,0.99270
741,-137,770,782.09,2.78325
742,-321,1066,1113.28,3.96186
743,-350,1006,1065.15,3.79056
744,-682,903,1131.61,4.02707
745,-274,594,654.15,2.32794
746,248,-208,323.68,1.15188
747,58,-474,477.54,1.69941
748,-506,-282,579.28,2.06148
749,-3313,-1918,3828.14,13.62329
750,-11955,-8513,14676.28,52.22876
751,-16263,-11090,19684.34,70.05104
752,-16469,-10892,19744.96,70.26678
753,-9537,-8463,12750.56,45.37565
754,10618,1805,10770.33,38.32857
755,13863,6056,15128.05,53.83648
756,2139,2533,3315.33,11.79833
757,-4840,-37,4840.14,17.22470
758,-1644,1022,1935.77,6.88887
759,1088,1658,1983.11,7.05732
760,713,1521,1679.82,5.97802
761,547,1205,1323.34,4.70940
762,333,352,484.55,1.72439
763,621,193,650.30,2.31423
764,1428,506,1515.00,5.39145
765,991,303,1036.29,3.68785
766,194,527,561.57,1.99848
767,-177,1139,1152.67,4.10203
768,284,1421,1449.10,5.15695
769,1809,743,1955.64,6.95957
770,2646,-252,2657.97,9.45898
771,1147,39,1147.66,4.08421
772,-231,410,470.60,1.67472
773,194,-511,546.59,1.94515
774,2162,-1457,2607.12,9.27802
775,1580,-452,1643.38,5.84833
776,-46,1256,1256.84,4.47275
777,-930,1859,2078.65,7.39733
778,-242,1185,1209.46,4.30412
779,736,582,938.31,3.33917
780,1274,728,1467.33,5.22182
781,2213,1504,2675.70,9.52207
782,2086,784,2228.46,7.93048
783,1551,-642,1678.62,5.97374
784,989,-1450,1755.17,6.24616
785,488,-1550,1625.01,5.78294
786,747,-297,803.88,2.86077
787,2355,665,2447.09,8.70851
788,4879,1500,5104.37,18.16503
789,4538,1040,4655.65,16.56814
790,1167,35,1167.52,4.15489
791,-730,-328,800.30,2.84805
792,-1027,-298,1069.36,3.80556
793,-1130,-384,1193.46,4.24720
794,-94,-235,253.10,0.90072
795,753,-461,882.91,3.14203
796,324,-847,906.85,3.22724
797,254,-1139,1166.98,4.15295
798,698,-917,1152.43,4.10117
799,1046,-403,1120.95,3.98914
800,677,-445,810.16,2.88312
801,-184,-608,635.23,2.26061
802,-1165,-292,1201.04,4.27415
803,-851,-91,855.85,3.04574
804,-413,142,436.73,1.55420
805,220,409,464.41,1.65272
806,305,792,848.70,3.02028
807,118,685,695.09,2.47363
808,177,771,791.06,2.81515
809,23,862,862.31,3.06871
810,-81,-135,157.44,0.56027
811,120,-850,858.43,3.05491
812,219,-278,353.90,1.25943
813,363,737,821.55,2.92365
814,114,1161,1166.58,4.15154
815,88,800,804.83,2.86415
816,413,489,640.07,2.27783
817,823,331,887.07,3.15683
818,744,739,1048.65,3.73183
819,438,1266,1339.63,4.76736
820,734,1034,1268.03,4.51258
821,907,125,915.57,3.25827
822,774,-341,845.79,3.00992
823,304,87,316.20,1.12528
824,24,746,746.39,2.65618
825,69,1226,1227.94,4.36989
826,114,1003,1009.46,3.59238
827,112,703,711.87,2.53333
828,128,436,454.40,1.61708
829,2,-224,224.01,0.79718
830,328,-694,767.61,2.73170
831,552,-361,659.56,2.34720
832,388,120,406.13,1.44531
833,-12,362,362.20,1.28896
834,-154,786,800.94,2.85034
835,378,703,798.18,2.84050
836,989,388,1062.39,3.78073
837,797,212,824.71,2.93492
838,53,98,111.41,0.39649
839,-2,76,76.03,0.27056
840,225,-18,225.72,0.80327
841,266,136,298.75,1.06317
842,-22,500,500.48,1.78108
843,-78,443,449.81,1.60076
844,-208,51,214.16,0.76214
845,-381,56,385.09,1.37044
846,-352,364,506.36,1.80199
847,-168,472,501.01,1.78294
848,-43,530,531.74,1.89232
# END
# FRAME,160,RX_TS,1018468764520,FP_INDEX,747.8594,FP_INT,747,RXPACC,265,RXPWR,-68.96,STD_NOISE,164.00,NTM,13,NOISE_THRESH,2132.00,PEAK_IDX,750,PEAK_AMPL,17732,START,697,elapsed_s,16.1770
sample,real,imag,amplitude,amplitude_norm
697,36,-215,217.99,0.82262
698,-50,-226,231.46,0.87345
699,74,-91,117.29,0.44260
700,-169,202,263.37,0.99386
701,-832,16,832.15,3.14020
702,-906,95,910.97,3.43761
703,-802,138,813.79,3.07089
704,-226,48,231.04,0.87185
705,317,20,317.63,1.19860
706,260,-163,306.87,1.15800
707,188,-213,284.10,1.07208
708,56,104,118.12,0.44573
709,-279,403,490.15,1.84963
710,-218,369,428.58,1.61730
711,-221,171,279.43,1.05446
712,-142,109,179.01,0.67551
713,81,62,102.00,0.38492
714,49,7,49.50,0.18678
715,71,-87,112.29,0.42375
716,-203,126,238.92,0.90160
717,-658,97,665.11,2.50985
718,-741,173,760.93,2.87142
719,-721,202,748.76,2.82552
720,-123,131,179.69,0.67809
721,450,-1,450.00,1.69812
722,229,-194,300.13,1.13256
723,-7,-282,282.09,1.06448
724,-113,-68,131.88,0.49767
725,-532,239,583.22,2.20083
726,-752,360,833.73,3.14615
727,-627,374,730.07,2.75499
728,-139,-41,144.92,0.54687
729,266,-130,296.07,1.11724
730,223,-134,260.16,0.98175
731,282,-114,304.17,1.14782
732,760,28,760.52,2.86987
733,1229,36,1229.53,4.63972
734,1064,-115,1070.20,4.03848
735,1000,-406,1079.28,4.07274
736,592,-275,652.75,2.46323
737,266,8,266.12,1.00423
738,377,188,421.28,1.58972
739,558,116,569.93,2.15068
740,838,-195,860.39,3.24675
741,933,-443,1032.83,3.89747
742,1005,-269,1040.38,3.92595
743,1056,-198,1074.40,4.05435
744,496,-405,640.34,2.41639
745,280,7,280.09,1.05693
746,230,270,354.68,1.33843
747,346,2106,2134.23,8.05371
748,1316,10192,10276.61,38.77966
749,3728,16293,16714.06,63.07193
750,5168,16468,17259.87,65.13160
751,6202,15916,17081.68,64.45918
752,3740,6588,7575.58,28.58708
753,-827,-2575,2704.54,10.20582
754,-2640,-1778,3182.91,12.01096
755,-1507,-47,1507.73,5.68956
756,886,-2083,2263.60,8.54189
757,1850,-2631,3216.31,12.13703
758,1045,-1671,1970.85,7.43719
759,246,-1035,1063.83,4.01446
760,-57,-1617,1618.00,6.10568
761,-20,-1847,1847.11,6.97022
762,-427,-1633,1687.90,6.36945
763,-1127,-1390,1789.48,6.75274
764,-874,-1346,1604.87,6.05609
765,509,-1091,1203.89,4.54300
766,1125,-1461,1843.95,6.95830
767,302,-1694,1720.71,6.49324
768,-1714,-2395,2945.14,11.11372
769,-1828,-1788,2557.05,9.64926
770,-715,-678,985.35,3.71829
771,-707,-236,745.35,2.81264
772,-2363,-990,2562.00,9.66794
773,-1764,-1087,2072.02,7.81894
774,685,-727,998.88,3.76934
775,1909,273,1928.42,7.27706
776,828,1039,1328.57,5.01348
777,-843,-126,852.36,3.21647
778,-1020,-1755,2029.88,7.65994
779,-213,-3266,3272.94,12.35071
780,-120,-3565,3567.02,13.46045
781,-961,-1681,1936.31,7.30682
782,-1730,-469,1792.45,6.76395
783,-1756,339,1788.42,6.74877
784,-1583,-75,1584.78,5.98029
785,-2055,-1497,2542.45,9.59414
786,-3098,-4071,5115.73,19.30462
787,-2422,-5384,5903.69,22.27807
788,-793,-2816,2925.53,11.03972
789,84,440,447.95,1.69036
790,-1,1224,1224.00,4.61887
791,-360,784,862.70,3.25548
792,-443,-126,460.57,1.73800
793,-638,-528,828.15,3.12508
794,-794,-26,794.43,2.99783
795,-738,565,929.45,3.50734
796,-975,483,1088.08,4.10596
797,-1249,-356,1298.74,4.90092
798,-1106,-537,1229.47,4.63952
799,-997,80,1000.20,3.77436
800,-249,803,840.72,3.17253
801,491,831,965.22,3.64232
802,707,157,724.22,2.73291
803,596,-642,876.00,3.30567
804,492,-1159,1259.10,4.75134
805,388,-664,769.05,2.90208
806,164,-629,650.03,2.45294
807,334,-942,999.46,3.77155
808,351,-800,873.61,3.29666
809,104,-305,322.24,1.21601
810,-311,-80,321.12,1.21179
811,28,-36,45.61,0.17210
812,602,-565,825.61,3.11550
813,711,-751,1034.18,3.90255
814,277,-767,815.49,3.07731
815,-289,-735,789.78,2.98029
816,-357,-1242,1292.29,4.87657
817,322,-1433,1468.73,5.54238
818,553,-1301,1413.65,5.33453
819,-13,-801,801.11,3.02304
820,-777,-517,933.28,3.52182
821,-473,-415,629.25,2.37452
822,206,-624,657.12,2.47971
823,490,-1115,1217.92,4.59592
824,344,-1426,1466.91,5.53549
825,342,-958,1017.22,3.83855
826,370,-501,622.82,2.35025
827,46,-93,103.75,0.39153
828,-487,85,494.36,1.86552
829,-602,-305,674.85,2.54662
830,-184,-460,495.44,1.86957
831,343,-399,526.17,1.98553
832,596,-437,739.04,2.78884
833,256,-698,743.46,2.80553
834,-337,-1041,1094.19,4.12902
835,-373,-1066,1129.37,4.26179
836,-98,-417,428.36,1.61646
837,78,-221,234.36,0.88438
838,51,-314,318.11,1.20043
839,5,-496,496.03,1.87179
840,221,-429,482.58,1.82105
841,227,-126,259.62,0.97972
842,67,-4,67.12,0.25328
843,54,-297,301.87,1.13913
844,284,-546,615.44,2.32243
845,477,-309,568.34,2.14468
846,535,-284,605.71,2.28569
# END
# FRAME,161,RX_TS,1024858557706,FP_INDEX,746.7500,FP_INT,746,RXPACC,272,RXPWR,-68.31,STD_NOISE,140.00,NTM,13,NOISE_THRESH,1820.00,PEAK_IDX,749,PEAK_AMPL,18507,START,696,elapsed_s,16.2765
sample,real,imag,amplitude,amplitude_norm
696,-60,-55,81.39,0.29924
697,230,-122,260.35,0.95718
698,349,88,359.92,1.32325
699,-225,-85,240.52,0.88427
700,-730,-636,968.19,3.55953
701,-865,-601,1053.29,3.87240
702,-603,-602,852.06,3.13259
703,396,-112,411.53,1.51299
704,753,89,758.24,2.78765
705,392,45,394.57,1.45064
706,124,-283,308.97,1.13593
707,-99,-136,168.22,0.61845
708,-332,146,362.68,1.33340
709,-285,-22,285.85,1.05091
710,-330,-132,355.42,1.30669
711,-168,-332,372.09,1.36796
712,181,-203,271.97,0.99991
713,69,89,112.61,0.41402
714,-47,12,48.51,0.17834
715,-610,-55,612.47,2.25174
716,-774,-399,870.79,3.20144
717,-730,-422,843.20,3.10000
718,-448,-485,660.25,2.42739
719,306,-143,337.76,1.24178
720,736,-16,736.17,2.70652
721,397,-127,416.82,1.53242
722,82,-220,234.79,0.86318
723,-192,-248,313.64,1.15308
724,-588,-208,623.71,2.29303
725,-828,-149,841.30,3.09301
726,-683,-143,697.81,2.56548
727,256,-207,329.22,1.21036
728,746,13,746.11,2.74306
729,265,114,288.48,1.06059
730,262,266,373.36,1.37266
731,596,561,818.50,3.00918
732,851,760,1140.96,4.19472
733,843,686,1086.85,3.99578
734,727,738,1035.94,3.80861
735,210,404,455.32,1.67397
736,-239,-7,239.10,0.87905
737,136,193,236.10,0.86803
738,532,169,558.20,2.05220
739,841,334,904.90,3.32682
740,1038,338,1091.64,4.01340
741,973,584,1134.81,4.17208
742,870,589,1050.63,3.86261
743,203,274,341.01,1.25370
744,-254,345,428.42,1.57506
745,-24,407,407.71,1.49892
746,-1116,2328,2581.67,9.49145
747,-6103,10698,12316.40,45.28090
748,-8623,16154,18311.41,67.32137
749,-8380,16475,18483.78,67.95506
750,-8930,14194,16769.45,61.65240
751,-5881,-2237,6292.08,23.13266
752,-2125,-11614,11806.80,43.40737
753,-34,-3926,3926.15,14.43436
754,1106,2227,2486.52,9.14161
755,2159,749,2285.23,8.40159
756,1876,-1128,2189.01,8.04783
757,1791,-721,1930.68,7.09809
758,1791,-233,1806.09,6.64005
759,1175,-397,1240.26,4.55976
760,341,-365,499.51,1.83642
761,180,-1171,1184.75,4.35571
762,350,-1341,1385.92,5.09530
763,702,-823,1081.73,3.97694
764,1295,-155,1304.24,4.79501
765,1729,-321,1758.55,6.46524
766,1028,-1117,1518.05,5.58106
767,-380,-2657,2684.04,9.86778
768,-1103,-1684,2013.07,7.40101
769,-825,7,825.03,3.03320
770,-1198,-289,1232.37,4.53076
771,-1529,-2346,2800.28,10.29514
772,-297,-1852,1875.66,6.89582
773,1652,-234,1668.49,6.13416
774,2258,846,2411.28,8.86501
775,1397,90,1399.90,5.14668
776,121,-1497,1501.88,5.52163
777,376,-2119,2152.10,7.91213
778,1613,-2588,3049.51,11.21143
779,1501,-2197,2660.79,9.78232
780,-250,-1269,1293.39,4.75512
781,-1276,-756,1483.14,5.45273
782,-1765,-723,1907.34,7.01229
783,-1443,-1584,2142.73,7.87770
784,-685,-3179,3251.96,11.95575
785,374,-4963,4977.07,18.29806
786,1645,-4686,4966.35,18.25863
787,1300,-1916,2315.40,8.51248
788,181,182,256.68,0.94368
789,-475,505,693.29,2.54886
790,-691,467,834.01,3.06621
791,-428,100,439.53,1.61591
792,-295,-573,644.48,2.36941
793,-589,-146,606.83,2.23098
794,-1067,314,1112.24,4.08913
795,-1065,-228,1089.13,4.00416
796,-532,-861,1012.10,3.72095
797,-342,-627,714.21,2.62576
798,-648,118,658.66,2.42153
799,-314,877,931.52,3.42470
800,319,710,778.37,2.86166
801,545,394,672.50,2.47244
802,584,78,589.19,2.16612
803,749,-211,778.15,2.86086
804,506,-30,506.89,1.86356
805,463,-51,465.80,1.71250
806,634,175,657.71,2.41805
807,193,540,573.45,2.10829
808,-485,393,624.24,2.29500
809,-207,204,290.63,1.06849
810,307,85,318.55,1.17114
811,1006,-2,1006.00,3.69854
812,807,-57,809.01,2.97430
813,482,-486,684.49,2.51649
814,235,-811,844.36,3.10427
815,710,-781,1055.49,3.88048
816,1281,-330,1322.82,4.86332
817,1000,-25,1000.31,3.67762
818,213,-336,397.83,1.46259
819,-174,-595,619.92,2.27912
820,80,-288,298.90,1.09891
821,552,-13,552.15,2.02997
822,1100,-135,1108.25,4.07446
823,1278,-422,1345.87,4.94805
824,1056,-181,1071.40,3.93897
825,746,310,807.85,2.97002
826,150,571,590.37,2.17049
827,-262,-2,262.01,0.96326
828,44,-541,542.79,1.99554
829,502,-436,664.91,2.44451
830,767,-149,781.34,2.87257
831,993,-77,995.98,3.66169
832,872,-380,951.20,3.49706
833,382,-769,858.65,3.15681
834,333,-762,831.58,3.05730
835,256,-284,382.35,1.40570
836,229,-62,237.24,0.87222
837,172,-146,225.61,0.82945
838,252,-284,379.68,1.39590
839,589,-287,655.20,2.40883
840,445,-30,446.01,1.63974
841,62,163,174.39,0.64115
842,61,190,199.55,0.73365
843,403,153,431.07,1.58480
844,581,157,601.84,2.21264
845,725,160,742.45,2.72958
# END
# FRAME,162,RX_TS,1031248340627,FP_INDEX,753.3906,FP_INT,753,RXPACC,273,RXPWR,-68.05,STD_NOISE,144.00,NTM,13,NOISE_THRESH,1872.00,PEAK_IDX,755,PEAK_AMPL,18744,START,703,elapsed_s,16.3809
sample,real,imag,amplitude,amplitude_norm
703,118,79,142.00,0.52016
704,-206,22,207.17,0.75887
705,-151,-64,164.00,0.60074
706,473,421,633.22,2.31949
707,823,726,1097.45,4.01998
708,878,644,1088.86,3.98850
709,28,202,203.93,0.74700
710,-776,-105,783.07,2.86839
711,-675,-19,675.27,2.47351
712,-231,172,288.00,1.05495
713,18,348,348.47,1.27643
714,253,106,274.31,1.00479
715,307,-58,312.43,1.14444
716,317,118,338.25,1.23901
717,222,208,304.22,1.11435
718,-6,164,164.11,0.60113
719,-115,126,170.59,0.62487
720,-77,154,172.18,0.63069
721,225,200,301.04,1.10271
722,777,384,866.71,3.17476
723,797,633,1017.79,3.72817
724,719,551,905.85,3.31813
725,-5,236,236.05,0.86466
726,-807,15,807.14,2.95655
727,-613,33,613.89,2.24867
728,-61,302,308.10,1.12857
729,162,245,293.72,1.07588
730,405,301,504.60,1.84837
731,649,336,730.82,2.67699
732,789,263,831.68,3.04644
733,236,234,332.34,1.21737
734,-594,-24,594.48,2.17760
735,-610,-177,635.16,2.32660
736,-254,-83,267.22,0.97882
737,-238,-216,321.40,1.17730
738,-550,-663,861.43,3.15544
739,-853,-726,1120.13,4.10303
740,-844,-573,1020.13,3.73674
741,-292,-79,302.50,1.10805
742,567,190,597.99,2.19043
743,285,76,294.96,1.08044
744,-313,-234,390.80,1.43150
745,-605,-231,647.60,2.37216
746,-950,-297,995.34,3.64595
747,-885,-288,930.68,3.40909
748,-755,-511,911.67,3.33946
749,-236,-54,242.10,0.88681
750,357,317,477.43,1.74882
751,333,32,334.53,1.22540
752,225,-619,658.62,2.41254
753,2678,-4584,5308.93,19.44663
754,8155,-13718,15958.93,58.45763
755,9067,-16481,18810.47,68.90283
756,8739,-16060,18283.70,66.97327
757,4173,-2461,4844.63,17.74590
758,-1512,14636,14713.89,53.89704
759,-1740,12134,12258.12,44.90155
760,-198,331,385.70,1.41282
761,-506,-3076,3117.34,11.41883
762,-2119,1,2119.00,7.76191
763,-2055,1372,2470.91,9.05096
764,-1469,596,1585.30,5.80696
765,-898,168,913.58,3.34645
766,-421,-5,421.03,1.54223
767,-358,673,762.29,2.79229
768,-261,1316,1341.63,4.91440
769,-113,839,846.58,3.10101
770,-589,141,605.64,2.21847
771,-1330,-91,1333.11,4.88318
772,-1534,540,1626.27,5.95704
773,-414,2371,2406.87,8.81638
774,807,1992,2149.26,7.87274
775,521,537,748.20,2.74068
776,238,-634,677.20,2.48059
777,994,923,1356.45,4.96869
778,1584,2550,3001.93,10.99606
779,-56,1449,1450.08,5.31165
780,-1770,-591,1866.06,6.83539
781,-1594,-1657,2299.24,8.42211
782,-297,-199,357.51,1.30954
783,254,1803,1820.80,6.66961
784,-352,2605,2628.67,9.62884
785,-1303,2871,3152.85,11.54889
786,-577,1872,1958.91,7.17548
787,492,1171,1270.16,4.65260
788,1204,368,1258.98,4.61166
789,1274,-224,1293.54,4.73825
790,898,768,1181.62,4.32828
791,268,3907,3916.18,14.34499
792,-1028,5412,5508.77,20.17864
793,-1443,3517,3801.52,13.92497
794,-432,404,591.47,2.16657
795,336,-459,568.84,2.08366
796,657,-373,755.50,2.76739
797,572,-554,796.30,2.91686
798,371,-200,421.47,1.54386
799,691,449,824.06,3.01855
800,663,292,724.45,2.65368
801,813,399,905.63,3.31733
802,607,667,901.85,3.30349
803,306,806,862.13,3.15799
804,589,372,696.64,2.55179
805,523,-436,680.90,2.49414
806,112,-783,790.97,2.89732
807,-189,-737,760.85,2.78699
808,-181,-342,386.94,1.41737
809,-478,228,529.59,1.93990
810,-739,256,782.09,2.86478
811,-423,162,452.96,1.65920
812,-307,164,348.06,1.27494
813,-143,-144,202.94,0.74337
814,351,-366,507.11,1.85753
815,468,-334,574.96,2.10608
816,36,-235,237.74,0.87085
817,-447,19,447.40,1.63884
818,-899,262,936.40,3.43004
819,-739,360,822.02,3.01107
820,-336,538,634.30,2.32345
821,-294,774,827.96,3.03281
822,-894,486,1017.56,3.72733
823,-1268,308,1304.87,4.77975
824,-621,260,673.23,2.46605
825,225,509,556.51,2.03851
826,413,676,792.18,2.90175
827,-129,238,270.71,0.99162
828,-703,222,737.22,2.70044
829,-945,581,1109.32,4.06344
830,-819,383,904.13,3.31183
831,-740,59,742.35,2.71922
832,-483,-100,493.24,1.80675
833,-36,-198,201.25,0.73717
834,289,95,304.21,1.11434
835,-21,429,429.51,1.57331
836,-401,200,448.11,1.64142
837,-691,-92,697.10,2.55347
838,-889,58,890.89,3.26333
839,-534,676,861.47,3.15557
840,-191,1003,1021.02,3.74001
841,-100,602,610.25,2.23534
842,-89,1,89.01,0.32603
843,-158,97,185.40,0.67912
844,-47,255,259.30,0.94980
845,-333,356,487.47,1.78560
846,-461,54,464.15,1.70019
847,-209,-3,209.02,0.76565
848,93,-33,98.68,0.36147
849,-77,-130,151.09,0.55345
850,-469,-199,509.47,1.86620
851,-491,-153,514.29,1.88383
852,-563,-53,565.49,2.07139
# END
# FRAME,163,RX_TS,1037638133256,FP_INDEX,750.3437,FP_INT,750,RXPACC,292,RXPWR,-68.09,STD_NOISE,132.00,NTM,13,NOISE_THRESH,1716.00,PEAK_IDX,752,PEAK_AMPL,19780,START,700,elapsed_s,16.4869
sample,real,imag,amplitude,amplitude_norm
700,-76,171,187.13,0.64085
701,129,182,223.08,0.76398
702,112,173,206.09,0.70579
703,-278,-607,667.63,2.28641
704,-438,-980,1073.43,3.67612
705,-527,-856,1005.22,3.44253
706,69,-148,163.29,0.55923
707,828,399,919.12,3.14768
708,877,213,902.50,3.09074
709,439,-59,442.95,1.51694
710,174,-183,252.52,0.86479
711,-313,-34,314.84,1.07822
712,-373,-120,391.83,1.34188
713,-139,-209,251.00,0.85960
714,74,-267,277.06,0.94885
715,284,-69,292.26,1.00090
716,284,6,284.06,0.97282
717,303,24,303.95,1.04092
718,-60,-230,237.70,0.81403
719,-586,-623,855.29,2.92908
720,-431,-859,961.06,3.29131
721,-376,-704,798.12,2.73328
722,216,-61,224.45,0.76866
723,840,293,889.63,3.04669
724,756,7,756.03,2.58915
725,331,-336,471.65,1.61525
726,-22,-193,194.25,0.66524
727,-469,-398,615.11,2.10655
728,-529,-552,764.56,2.61834
729,-486,-493,692.28,2.37081
730,-94,-233,251.25,0.86043
731,628,212,662.82,2.26993
732,634,351,724.68,2.48177
733,251,228,339.09,1.16128
734,162,384,416.77,1.42731
735,302,968,1014.02,3.47266
736,461,1061,1156.82,3.96173
737,676,1011,1216.18,4.16500
738,279,501,573.45,1.96386
739,-530,-151,551.09,1.88730
740,-470,-35,471.30,1.61405
741,72,462,467.58,1.60129
742,464,567,732.66,2.50910
743,773,761,1084.73,3.71485
744,738,861,1134.00,3.88358
745,599,933,1108.73,3.79703
746,301,278,409.74,1.40321
747,-157,-127,201.94,0.69156
748,-404,274,488.15,1.67175
749,-712,677,982.48,3.36467
750,-5201,3472,6253.41,21.41580
751,-14385,9960,17496.57,59.91975
752,-16457,13087,21026.23,72.00764
753,-15551,12773,20124.19,68.91847
754,-5197,644,5236.75,17.93407
755,4720,-14557,15303.09,52.40785
756,2343,-13773,13970.87,47.84544
757,-1432,-1789,2291.54,7.84773
758,-157,3715,3718.32,12.73396
759,3031,2372,3848.81,13.18086
760,2291,20,2291.09,7.84619
761,1230,-410,1296.53,4.44018
762,1152,-227,1174.15,4.02107
763,838,302,890.76,3.05054
764,764,-18,764.21,2.61716
765,718,-936,1179.67,4.03996
766,611,-750,967.38,3.31294
767,950,201,971.03,3.32545
768,1373,662,1524.26,5.22007
769,1672,75,1673.68,5.73179
770,1476,-1964,2456.80,8.41370
771,318,-1998,2023.15,6.92859
772,-512,-267,577.44,1.97752
773,-950,568,1106.85,3.79059
774,-726,-1321,1507.35,5.16217
775,-83,-2588,2589.33,8.86757
776,909,-706,1150.96,3.94166
777,1503,1534,2147.60,7.35478
778,1075,1949,2225.81,7.62263
779,715,209,744.92,2.55110
780,839,-1460,1683.90,5.76678
781,1838,-1913,2652.89,9.08523
782,2923,-1929,3502.14,11.99362
783,1504,-1190,1917.84,6.56795
784,26,-1068,1068.32,3.65862
785,-956,-958,1353.40,4.63494
786,-1221,-996,1575.71,5.39626
787,-473,-1668,1733.77,5.93756
788,1564,-3982,4278.13,14.65114
789,4196,-4589,6218.15,21.29502
790,4031,-2637,4816.92,16.49631
791,1107,-134,1115.08,3.81877
792,-458,249,521.31,1.78531
793,-947,101,952.37,3.26154
794,-1148,-44,1148.84,3.93439
795,-751,-530,919.18,3.14789
796,-422,-842,941.83,3.22545
797,-121,-106,160.86,0.55090
798,-145,-114,184.45,0.63167
799,-22,-548,548.44,1.87822
800,159,-810,825.46,2.82691
801,-273,-546,610.45,2.09057
802,-404,488,633.53,2.16962
803,-172,1029,1043.28,3.57286
804,359,657,748.69,2.56399
805,519,114,531.37,1.81977
806,889,-118,896.80,3.07122
807,872,371,947.64,3.24535
808,593,340,683.56,2.34095
809,738,143,751.73,2.57441
810,461,82,468.24,1.60355
811,-586,358,686.70,2.35172
812,-988,429,1077.12,3.68876
813,-267,280,386.90,1.32499
814,839,56,840.87,2.87968
815,1361,299,1393.46,4.77211
816,980,247,1010.65,3.46112
817,507,-167,533.80,1.82807
818,579,-591,827.36,2.83342
819,1197,-122,1203.20,4.12055
820,1544,339,1580.78,5.41362
821,821,404,915.02,3.13362
822,-170,-169,239.71,0.82093
823,-181,-528,558.16,1.91151
824,189,-160,247.63,0.84805
825,906,171,922.00,3.15752
826,1356,-6,1356.01,4.64388
827,1273,193,1287.55,4.40941
828,913,656,1124.24,3.85012
829,347,692,774.13,2.65112
830,-71,376,382.64,1.31043
831,-122,-269,295.37,1.01155
832,324,-381,500.14,1.71280
833,379,-60,383.72,1.31411
834,555,361,662.08,2.26739
835,889,243,921.61,3.15621
836,936,-314,987.26,3.38104
837,679,-550,873.81,2.99249
838,389,-159,420.24,1.43918
839,82,142,163.98,0.56156
840,86,-41,95.27,0.32628
841,195,-197,277.19,0.94928
842,619,-179,644.36,2.20672
843,712,160,729.76,2.49916
844,251,227,338.42,1.15898
845,-225,297,372.60,1.27604
846,-105,432,444.58,1.52253
847,241,512,565.88,1.93796
848,344,514,618.49,2.11812
849,643,505,817.60,2.80001
# END
# FRAME,164,RX_TS,1044027925863,FP_INDEX,748.3437,FP_INT,748,RXPACC,264,RXPWR,-68.91,STD_NOISE,148.00,NTM,13,NOISE_THRESH,1924.00,PEAK_IDX,750,PEAK_AMPL,17317,START,698,elapsed_s,16.5914
sample,real,imag,amplitude,amplitude_norm
698,19,-196,196.92,0.74590
699,367,47,370.00,1.40150
700,233,124,263.94,0.99978
701,-414,-275,497.01,1.88262
702,-892,-552,1048.98,3.97343
703,-880,-302,930.38,3.52416
704,-438,-131,457.17,1.73171
705,494,336,597.44,2.26302
706,538,327,629.58,2.38478
707,104,-62,121.08,0.45863
708,28,-282,283.39,1.07343
709,-45,-17,48.10,0.18221
710,-253,201,323.13,1.22396
711,-315,92,328.16,1.24303
712,-269,-32,270.90,1.02612
713,19,-209,209.86,0.79493
714,119,-4,119.07,0.45101
715,103,-28,106.74,0.40431
716,-126,-98,159.62,0.60464
717,-533,-199,568.94,2.15507
718,-743,-386,837.28,3.17153
719,-783,-158,798.78,3.02569
720,-324,-70,331.48,1.25559
721,685,257,731.62,2.77130
722,576,341,669.37,2.53549
723,-108,-115,157.76,0.59759
724,-176,-281,331.57,1.25594
725,-292,-226,369.24,1.39865
726,-564,-71,568.45,2.15322
727,-842,84,846.18,3.20523
728,-372,32,373.37,1.41429
729,588,-41,589.43,2.23268
730,525,248,580.63,2.19935
731,174,236,293.21,1.11064
732,254,140,290.03,1.09859
733,897,549,1051.67,3.98360
734,1146,522,1259.29,4.77002
735,944,416,1031.60,3.90756
736,652,85,657.52,2.49060
737,-168,-132,213.65,0.80930
738,-72,-133,151.24,0.57287
739,566,30,566.79,2.14695
740,838,93,843.14,3.19373
741,964,-69,966.47,3.66086
742,1000,-123,1007.54,3.81642
743,1021,194,1039.27,3.93662
744,844,-19,844.21,3.19778
745,0,-391,391.00,1.48106
746,-28,-79,83.82,0.31748
747,184,671,695.77,2.63550
748,-1080,4930,5046.91,19.11708
749,-3832,14097,14608.55,55.33540
750,-3664,16445,16848.23,63.81906
751,-2687,16456,16673.93,63.15882
752,-461,10281,10291.33,38.98231
753,3713,-8259,9055.24,34.30017
754,3874,-8527,9365.77,35.47639
755,710,2037,2157.19,8.17118
756,-459,3839,3866.34,14.64524
757,977,-1389,1698.19,6.43254
758,2302,-2399,3324.82,12.59400
759,1914,-804,2076.01,7.86367
760,761,-287,813.32,3.08076
761,-152,-660,677.28,2.56544
762,74,-1452,1453.88,5.50714
763,24,-1354,1354.21,5.12959
764,-203,-787,812.76,3.07863
765,93,-460,469.31,1.77768
766,1076,-460,1170.20,4.43259
767,1290,-830,1533.95,5.81041
768,39,-1916,1916.40,7.25908
769,-1365,-2241,2623.99,9.93934
770,-1044,-923,1393.51,5.27844
771,-242,446,507.42,1.92206
772,-1068,-536,1194.96,4.52635
773,-1917,-2155,2884.25,10.92520
774,-527,-1787,1863.09,7.05715
775,1230,-287,1263.04,4.78424
776,1508,796,1705.19,6.45906
777,539,650,844.41,3.19851
778,-600,-594,844.30,3.19809
779,-464,-2496,2538.76,9.61652
780,321,-3762,3775.67,14.30178
781,-164,-2837,2841.74,10.76415
782,-1111,-1374,1766.97,6.69308
783,-1594,-309,1623.67,6.15028
784,-1788,-196,1798.71,6.81330
785,-1825,-674,1945.48,7.36925
786,-2018,-2748,3409.37,12.91429
787,-948,-5089,5176.55,19.60813
788,335,-4619,4631.13,17.54217
789,231,-1377,1396.24,5.28879
790,-371,110,386.96,1.46577
791,-691,423,810.19,3.06891
792,-667,516,843.29,3.19430
793,-623,221,661.04,2.50393
794,-766,-329,833.66,3.15782
795,-417,-415,588.31,2.22846
796,-163,-27,165.22,0.62584
797,-223,-86,239.01,0.90533
798,-272,-627,683.46,2.58885
799,-377,-302,483.05,1.82972
800,-162,243,292.05,1.10625
801,200,1001,1020.78,3.86661
802,216,775,804.54,3.04749
803,31,-87,92.36,0.34984
804,315,-820,878.42,3.32736
805,702,-687,982.23,3.72056
806,512,-217,556.09,2.10639
807,444,-244,506.63,1.91905
808,500,-327,597.44,2.26301
809,7,152,152.16,0.57637
810,-338,394,519.11,1.96634
811,-201,264,331.81,1.25685
812,278,-189,336.16,1.27334
813,762,-508,915.81,3.46898
814,909,-393,990.32,3.75120
815,466,-416,624.67,2.36617
816,137,-406,428.49,1.62307
817,528,-598,797.74,3.02174
818,929,-638,1126.98,4.26887
819,613,-312,687.83,2.60542
820,-24,-185,186.55,0.70663
821,-453,-188,490.46,1.85781
822,41,-251,254.33,0.96336
823,480,-321,577.44,2.18729
824,769,-749,1073.48,4.06622
825,968,-795,1252.62,4.74476
826,1060,-355,1117.87,4.23434
827,733,381,826.11,3.12919
828,66,644,647.37,2.45217
829,-519,9,519.08,1.96620
830,-279,-610,670.78,2.54082
831,265,-419,495.77,1.87791
832,833,-162,848.61,3.21442
833,1051,-308,1095.20,4.14849
834,523,-741,906.98,3.43552
835,63,-1009,1010.96,3.82941
836,165,-644,664.80,2.51819
837,140,166,217.15,0.82255
838,26,9,27.51,0.10422
839,-127,-116,172.00,0.65153
840,176,-322,366.96,1.39000
841,566,-148,585.03,2.21602
842,291,122,315.54,1.19522
843,-114,285,306.95,1.16271
844,-43,303,306.04,1.15923
845,371,65,376.65,1.42671
846,466,-128,483.26,1.83053
847,564,-52,566.39,2.14542
# END
# FRAME,165,RX_TS,1050417718460,FP_INDEX,754.5469,FP_INT,754,RXPACC,262,RXPWR,-68.61,STD_NOISE,152.00,NTM,13,NOISE_THRESH,1976.00,PEAK_IDX,756,PEAK_AMPL,17564,START,704,elapsed_s,16.6953
sample,real,imag,amplitude,amplitude_norm
704,21,314,314.70,1.20115
705,-91,98,133.73,0.51044
706,-74,-213,225.49,0.86064
707,464,143,485.54,1.85319
708,911,552,1065.19,4.06560
709,914,445,1016.57,3.88005
710,715,362,801.42,3.05884
711,-200,29,202.09,0.77134
712,-542,-13,542.16,2.06930
713,-235,188,300.95,1.14865
714,-131,250,282.24,1.07726
715,109,47,118.70,0.45306
716,338,-164,375.69,1.43392
717,321,14,321.31,1.22636
718,352,98,365.39,1.39461
719,55,325,329.62,1.25810
720,-90,243,259.13,0.98905
721,-118,52,128.95,0.49217
722,-5,53,53.24,0.20319
723,553,88,559.96,2.13724
724,794,346,866.11,3.30578
725,756,297,812.25,3.10018
726,540,331,633.37,2.41745
727,-365,-5,365.03,1.39326
728,-640,-78,644.74,2.46082
729,-167,111,200.52,0.76536
730,76,281,291.10,1.11105
731,313,177,359.58,1.37244
732,701,187,725.51,2.76914
733,771,181,791.96,3.02275
734,570,30,570.79,2.17858
735,-194,150,245.23,0.93598
736,-438,-53,441.19,1.68395
737,-44,-21,48.75,0.18609
738,-159,-176,237.19,0.90529
739,-689,-509,856.62,3.26955
740,-990,-568,1141.37,4.35637
741,-893,-439,995.07,3.79799
742,-784,-213,812.42,3.10084
743,-43,42,60.11,0.22942
744,169,-1,169.00,0.64505
745,-351,-360,502.79,1.91906
746,-651,-186,677.05,2.58416
747,-900,65,902.34,3.44406
748,-961,56,962.63,3.67416
749,-938,-249,970.49,3.70415
750,-825,-107,831.91,3.17523
751,-214,219,306.20,1.16869
752,30,-72,78.00,0.29771
753,-53,-665,667.11,2.54622
754,1156,-3631,3810.58,14.54419
755,4274,-12507,13217.12,50.44701
756,4723,-16369,17036.75,65.02576
757,4014,-16509,16989.97,64.84723
758,3281,-13569,13960.04,53.28260
759,1039,3008,3182.39,12.14651
760,1388,9100,9205.25,35.13452
761,2571,1275,2869.78,10.95338
762,1099,-2403,2642.39,10.08545
763,-2214,773,2345.06,8.95063
764,-2666,1734,3180.30,12.13855
765,-1303,880,1572.33,6.00124
766,-506,561,755.48,2.88353
767,-392,680,784.90,2.99579
768,-611,936,1117.77,4.26631
769,-156,1346,1355.01,5.17179
770,444,1200,1279.51,4.88361
771,-48,859,860.34,3.28374
772,-1135,389,1199.81,4.57943
773,-1496,696,1649.98,6.29763
774,-342,1706,1739.94,6.64100
775,1124,2891,3101.82,11.83899
776,1052,2147,2390.88,9.12550
777,246,676,719.37,2.74568
778,849,983,1298.88,4.95756
779,1773,2061,2718.69,10.37666
780,357,1308,1355.84,5.17498
781,-1527,25,1527.20,5.82903
782,-2108,-871,2280.86,8.70556
783,-931,-118,938.45,3.58186
784,260,1491,1513.50,5.77672
785,-233,2416,2427.21,9.26416
786,-1193,3158,3375.83,12.88484
787,-697,2498,2593.42,9.89854
788,749,1415,1601.01,6.11072
789,1623,572,1720.85,6.56812
790,2085,318,2109.11,8.05004
791,2160,1066,2408.72,9.19361
792,2305,3304,4028.58,15.37625
793,971,5618,5701.29,21.76067
794,-652,5021,5063.16,19.32502
795,-251,1799,1816.43,6.93292
796,680,-54,682.14,2.60359
797,1010,-357,1071.24,4.08869
798,939,-512,1069.52,4.08212
799,653,-348,739.94,2.82420
800,768,559,949.90,3.62556
801,390,719,817.96,3.12199
802,122,346,366.88,1.40030
803,290,244,378.99,1.44654
804,289,724,779.55,2.97538
805,341,442,558.25,2.13073
806,123,-269,295.79,1.12896
807,-293,-1165,1201.28,4.58504
808,-377,-1051,1116.57,4.26172
809,-204,-150,253.21,0.96646
810,-268,665,716.97,2.73653
811,-627,789,1007.79,3.84654
812,-505,329,602.72,2.30044
813,-380,273,467.90,1.78587
814,-591,360,692.01,2.64127
815,-276,11,276.22,1.05427
816,90,-273,287.45,1.09715
817,119,-67,136.57,0.52124
818,-407,286,497.44,1.89862
819,-967,547,1110.99,4.24042
820,-972,459,1074.93,4.10277
821,-440,475,647.48,2.47128
822,-147,776,789.80,3.01451
823,-649,1231,1391.60,5.31147
824,-1243,1151,1694.06,6.46589
825,-860,671,1090.80,4.16335
826,23,266,266.99,1.01906
827,640,301,707.25,2.69942
828,165,430,460.57,1.75790
829,-535,456,702.97,2.68308
830,-926,836,1247.55,4.76163
831,-861,1081,1381.98,5.27475
832,-866,547,1024.29,3.90949
833,-606,40,607.32,2.31801
834,-59,-221,228.74,0.87305
835,393,-70,399.19,1.52361
836,193,385,430.67,1.64377
837,-196,292,351.68,1.34230
838,-702,249,744.85,2.84295
839,-986,447,1082.59,4.13203
840,-592,812,1004.89,3.83547
841,-202,938,959.50,3.66223
842,-178,746,766.94,2.92726
843,-155,-20,156.29,0.59651
844,-53,107,119.41,0.45575
845,-5,193,193.06,0.73689
846,-203,314,373.91,1.42712
847,-433,224,487.51,1.86072
848,-258,109,280.08,1.06901
849,49,53,72.18,0.27550
850,9,-41,41.98,0.16021
851,-313,-64,319.48,1.21937
852,-417,26,417.81,1.59469
853,-588,47,589.88,2.25143
# END
# FRAME,166,RX_TS,1056807511041,FP_INDEX,751.3906,FP_INT,751,RXPACC,313,RXPWR,-69.51,STD_NOISE,156.00,NTM,13,NOISE_THRESH,2028.00,PEAK_IDX,754,PEAK_AMPL,20353,START,701,elapsed_s,16.7778
sample,real,imag,amplitude,amplitude_norm
701,-257,299,394.27,1.25965
702,-117,-78,140.62,0.44925
703,100,-37,106.63,0.34066
704,450,651,791.39,2.52841
705,621,1185,1337.86,4.27431
706,642,1017,1202.69,3.84245
707,440,606,748.89,2.39262
708,-102,-407,419.59,1.34053
709,-329,-380,502.63,1.60586
710,-217,147,262.10,0.83739
711,-331,168,371.19,1.18592
712,116,-41,123.03,0.39308
713,552,59,555.14,1.77362
714,404,160,434.53,1.38827
715,366,293,468.83,1.49787
716,28,133,135.92,0.43423
717,-70,31,76.56,0.24459
718,-204,-44,208.69,0.66674
719,3,106,106.04,0.33879
720,447,534,696.39,2.22490
721,568,872,1040.68,3.32485
722,691,725,1001.55,3.19985
723,428,361,559.92,1.78887
724,-137,-436,457.02,1.46012
725,-240,-389,457.08,1.46032
726,-153,493,516.20,1.64919
727,-261,608,661.65,2.11391
728,95,488,497.16,1.58837
729,701,560,897.22,2.86651
730,919,482,1037.73,3.31543
731,515,289,590.55,1.88673
732,-426,-132,445.98,1.42486
733,-251,-282,377.52,1.20615
734,117,-47,126.09,0.40283
735,-246,-199,316.41,1.01090
736,-584,-1115,1258.68,4.02135
737,-618,-1235,1381.00,4.41213
738,-507,-995,1116.72,3.56781
739,-591,-569,820.39,2.62106
740,-141,137,196.60,0.62810
741,-30,-124,127.58,0.40760
742,-245,-555,606.67,1.93825
743,-624,-593,860.83,2.75025
744,-1036,-543,1169.68,3.73699
745,-1082,-623,1248.54,3.98895
746,-891,-817,1208.87,3.86221
747,-822,-423,924.45,2.95352
748,-483,141,503.16,1.60754
749,4,45,45.18,0.14434
750,576,-596,828.85,2.64808
751,4828,-3752,6114.50,19.53514
752,13826,-11381,17907.69,57.21307
753,16400,-15486,22556.07,72.06412
754,15568,-16479,22669.80,72.42749
755,9488,-12244,15489.92,49.48857
756,-5082,1897,5424.51,17.33071
757,-5625,4895,7456.65,23.82317
758,2425,316,2445.50,7.81311
759,3212,-304,3226.35,10.30784
760,-2391,1163,2658.84,8.49471
761,-3876,-131,3878.21,12.39046
762,-2412,-841,2554.41,8.16106
763,-1381,134,1387.49,4.43286
764,-1298,1390,1901.82,6.07609
765,-1404,1451,2019.06,6.45068
766,-894,1160,1464.53,4.67900
767,-208,1193,1211.00,3.86900
768,-580,783,974.42,3.11315
769,-1531,4,1531.01,4.89139
770,-1949,15,1949.06,6.22702
771,-1418,1806,2296.16,7.33598
772,-761,3344,3429.50,10.95686
773,-150,1619,1625.93,5.19468
774,450,-873,982.16,3.13788
775,1044,669,1239.96,3.96153
776,773,3393,3479.94,11.11802
777,-837,1873,2051.51,6.55435
778,-1819,-784,1980.76,6.32831
779,-1274,-1668,2098.88,6.70569
780,-31,-120,123.94,0.39597
781,229,1703,1718.33,5.48986
782,-1418,2422,2806.57,8.96666
783,-3339,2655,4265.91,13.62909
784,-2421,2482,3467.21,11.07736
785,-367,1798,1835.07,5.86285
786,1182,1129,1634.55,5.22222
787,1919,957,2144.39,6.85109
788,1560,1957,2502.69,7.99581
789,-523,4961,4988.49,15.93767
790,-3730,6669,7641.23,24.41289
791,-4446,4779,6527.31,20.85402
792,-1089,1176,1602.78,5.12070
793,977,44,977.99,3.12457
794,1136,92,1139.72,3.64128
795,1131,-9,1131.04,3.61353
796,1047,177,1061.86,3.39251
797,720,764,1049.81,3.35402
798,73,743,746.58,2.38523
799,-368,533,647.70,2.06932
800,-247,866,900.54,2.87711
801,-241,1040,1067.56,3.41073
802,279,492,565.60,1.80703
803,652,-485,812.61,2.59619
804,864,-1372,1621.38,5.18013
805,460,-851,967.37,3.09063
806,-13,114,114.74,0.36658
807,-588,589,832.26,2.65899
808,-950,433,1044.03,3.33554
809,-549,193,581.94,1.85922
810,-508,202,546.69,1.74661
811,-843,312,898.88,2.87183
812,-218,84,233.62,0.74640
813,242,-85,256.49,0.81947
814,266,31,267.80,0.85559
815,-567,180,594.89,1.90059
816,-1270,228,1290.30,4.12238
817,-1112,77,1114.66,3.56122
818,-482,544,726.81,2.32209
819,-438,1134,1215.65,3.88386
820,-1361,895,1628.91,5.20418
821,-1743,194,1753.76,5.60308
822,-953,193,972.35,3.10654
823,29,736,736.57,2.35326
824,248,1020,1049.72,3.35373
825,-177,361,402.06,1.28453
826,-729,51,730.78,2.33477
827,-1339,462,1416.46,4.52544
828,-1598,584,1701.37,5.43569
829,-1302,-121,1307.61,4.17767
830,-570,-626,846.63,2.70488
831,268,-301,403.02,1.28760
832,542,585,797.49,2.54789
833,-71,730,733.44,2.34327
834,-428,240,490.70,1.56772
835,-732,-198,758.31,2.42270
836,-1083,-332,1132.75,3.61900
837,-950,252,982.86,3.14011
838,-789,732,1076.26,3.43854
839,-570,527,776.29,2.48017
840,-191,-102,216.53,0.69179
841,-308,171,352.29,1.12551
842,-56,283,288.49,0.92169
843,-336,304,453.11,1.44765
844,-530,-36,531.22,1.69719
845,-102,-206,229.87,0.73441
846,207,-246,321.50,1.02717
847,89,-349,360.17,1.15070
848,-396,-332,516.76,1.65099
849,-543,-283,612.32,1.95630
850,-626,-387,735.97,2.35133
# END
# FRAME,167,RX_TS,1063197303616,FP_INDEX,747.4844,FP_INT,747,RXPACC,268,RXPWR,-68.71,STD_NOISE,152.00,NTM,13,NOISE_THRESH,1976.00,PEAK_IDX,750,PEAK_AMPL,18124,START,697,elapsed_s,16.8816
sample,real,imag,amplitude,amplitude_norm
697,-154,-123,197.09,0.73542
698,159,-281,322.87,1.20472
699,157,-103,187.77,0.70064
700,-280,500,573.06,2.13829
701,-712,893,1142.10,4.26157
702,-569,924,1085.14,4.04904
703,-343,679,760.72,2.83850
704,355,-85,365.03,1.36207
705,370,-254,448.79,1.67460
706,-175,-50,182.00,0.67911
707,-340,-47,343.23,1.28072
708,62,-29,68.45,0.25540
709,239,342,417.23,1.55685
710,71,291,299.54,1.11767
711,-27,245,246.48,0.91971
712,-116,-50,126.32,0.47133
713,43,-91,100.65,0.37555
714,-25,-117,119.64,0.44642
715,-185,38,188.86,0.70471
716,-374,517,638.09,2.38095
717,-585,637,864.87,3.22711
718,-305,683,748.01,2.79107
719,-138,468,487.92,1.82060
720,379,-315,492.81,1.83886
721,409,-278,494.54,1.84528
722,-158,188,245.58,0.91633
723,-504,48,506.28,1.88911
724,-307,113,327.14,1.22066
725,-192,529,562.77,2.09987
726,-76,856,859.37,3.20659
727,-93,629,635.84,2.37253
728,23,-349,349.76,1.30506
729,331,-343,476.67,1.77860
730,346,138,372.51,1.38994
731,113,-114,160.51,0.59894
732,535,-823,981.61,3.66272
733,696,-1026,1239.80,4.62610
734,669,-772,1021.54,3.81172
735,390,-673,777.84,2.90237
736,-57,-116,129.25,0.48227
737,166,-85,186.50,0.69588
738,336,-600,687.67,2.56595
739,392,-844,930.59,3.47236
740,142,-971,981.33,3.66167
741,72,-1056,1058.45,3.94945
742,476,-996,1103.90,4.11902
743,340,-874,937.80,3.49927
744,-139,-269,302.79,1.12981
745,99,-115,151.74,0.56621
746,711,20,711.28,2.65403
747,4106,1988,4561.95,17.02220
748,12756,6615,14369.20,53.61640
749,16273,7593,17957.29,67.00480
750,16460,6863,17833.46,66.54277
751,12826,4191,13493.36,50.34835
752,-2839,-2607,3854.40,14.38208
753,-4370,-2946,5270.28,19.66521
754,3962,1935,4409.27,16.45250
755,4037,3351,5246.58,19.57678
756,-2142,-770,2276.20,8.49327
757,-2464,-3112,3969.36,14.81105
758,-445,-2212,2256.32,8.41910
759,-275,-709,760.46,2.83755
760,-1267,-112,1271.94,4.74605
761,-1890,-740,2029.70,7.57352
762,-1198,-648,1362.02,5.08218
763,-483,245,541.58,2.02084
764,-484,30,484.93,1.80944
765,-270,-1158,1189.06,4.43679
766,-542,-1753,1834.88,6.84656
767,-1645,-816,1836.27,6.85175
768,-2808,399,2836.21,10.58286
769,-1658,424,1711.36,6.38566
770,139,4,139.06,0.51887
771,-791,735,1079.77,4.02900
772,-2841,1526,3224.90,12.03320
773,-2157,78,2158.41,8.05377
774,-251,-1596,1615.62,6.02842
775,598,-1875,1968.05,7.34348
776,38,-695,696.04,2.59716
777,-1191,514,1297.18,4.84023
778,-2474,-34,2474.23,9.23221
779,-3193,-1439,3502.28,13.06821
780,-2678,-969,2847.92,10.62656
781,-1609,452,1671.28,6.23613
782,-641,1390,1530.68,5.71149
783,-583,1667,1766.01,6.58958
784,-1378,1554,2076.97,7.74988
785,-3686,1294,3906.54,14.57663
786,-6143,-424,6157.62,22.97618
787,-5278,-1832,5586.91,20.84666
788,-1835,-784,1995.47,7.44577
789,-34,581,581.99,2.17162
790,260,1099,1129.34,4.21394
791,368,1114,1173.21,4.37765
792,169,886,901.97,3.36557
793,-712,796,1067.97,3.98496
794,-1231,453,1311.70,4.89442
795,-888,45,889.14,3.31768
796,-683,-4,683.01,2.54855
797,-806,149,819.66,3.05842
798,-266,507,572.54,2.13635
799,367,455,584.56,2.18121
800,1185,-8,1185.03,4.42174
801,870,-76,873.31,3.25863
802,-25,-15,29.15,0.10879
803,-496,-216,540.99,2.01863
804,-524,-585,785.37,2.93047
805,-234,-436,494.83,1.84636
806,-136,-513,530.72,1.98030
807,-293,-848,897.19,3.34773
808,-47,-438,440.51,1.64371
809,293,22,293.82,1.09636
810,314,114,334.05,1.24647
811,-12,-301,301.24,1.12403
812,-460,-828,947.20,3.53432
813,-397,-840,929.09,3.46676
814,-512,-338,613.50,2.28920
815,-891,17,891.16,3.32523
816,-1054,-682,1255.40,4.68434
817,-533,-1205,1317.62,4.91648
818,-138,-910,920.40,3.43434
819,-52,-153,161.60,0.60297
820,-113,322,341.25,1.27333
821,-105,-42,113.09,0.42197
822,-225,-491,540.10,2.01529
823,-760,-819,1117.30,4.16903
824,-984,-1054,1441.93,5.38035
825,-203,-992,1012.56,3.77820
826,449,-721,849.38,3.16932
827,401,-145,426.41,1.59108
828,-134,587,602.10,2.24664
829,-730,285,783.66,2.92411
830,-388,-187,430.71,1.60714
831,103,-555,564.48,2.10626
832,135,-893,903.15,3.36995
833,-351,-409,538.96,2.01106
834,-1024,-6,1024.02,3.82096
835,-859,-165,874.70,3.26382
836,84,-309,320.21,1.19483
837,-109,-156,190.31,0.71010
838,-189,67,200.52,0.74823
839,-330,-75,338.42,1.26274
840,-245,-456,517.65,1.93153
841,63,-377,382.23,1.42622
842,174,-24,175.65,0.65540
843,278,12,278.26,1.03828
844,124,-273,299.84,1.11881
845,-128,-386,406.67,1.51742
846,59,-541,544.21,2.03063
# END
# FRAME,168,RX_TS,1069587096685,FP_INDEX,752.6719,FP_INT,752,RXPACC,270,RXPWR,-68.09,STD_NOISE,152.00,NTM,13,NOISE_THRESH,1976.00,PEAK_IDX,755,PEAK_AMPL,18337,START,702,elapsed_s,16.9880
sample,real,imag,amplitude,amplitude_norm
702,-91,61,109.55,0.40575
703,-23,-134,135.96,0.50355
704,81,-57,99.05,0.36683
705,-204,333,390.52,1.44637
706,-584,709,918.55,3.40204
707,-502,848,985.45,3.64981
708,-331,649,728.53,2.69827
709,366,-261,449.53,1.66492
710,415,-758,864.17,3.20063
711,149,-424,449.42,1.66451
712,-355,-81,364.12,1.34861
713,-187,107,215.45,0.79796
714,91,299,312.54,1.15756
715,0,345,345.00,1.27778
716,-76,358,365.98,1.35547
717,-120,-12,120.60,0.44666
718,-68,-175,187.75,0.69536
719,71,-121,140.29,0.51960
720,-122,-32,126.13,0.46714
721,-193,572,603.68,2.23586
722,-465,699,839.54,3.10940
723,-385,727,822.65,3.04685
724,-281,544,612.29,2.26773
725,293,-384,483.02,1.78895
726,341,-661,743.78,2.75472
727,-113,-221,248.21,0.91931
728,-400,113,415.65,1.53946
729,-383,360,525.63,1.94679
730,-288,601,666.44,2.46830
731,-252,768,808.29,2.99366
732,-118,556,568.38,2.10512
733,0,-377,377.00,1.39630
734,387,-568,687.31,2.54559
735,253,-208,327.53,1.21306
736,113,-183,215.08,0.79658
737,394,-515,648.43,2.40159
738,706,-858,1111.13,4.11528
739,581,-870,1046.16,3.87468
740,406,-770,870.48,3.22400
741,-211,47,216.17,0.80063
742,-356,371,514.18,1.90436
743,216,-66,225.86,0.83651
744,257,-648,697.10,2.58186
745,399,-933,1014.74,3.75828
746,273,-913,952.94,3.52941
747,443,-816,928.50,3.43887
748,183,-737,759.38,2.81252
749,-258,-160,303.59,1.12439
750,-193,273,334.33,1.23827
751,350,244,426.66,1.58021
752,2919,1560,3309.71,12.25817
753,11317,6429,13015.63,48.20602
754,16142,8428,18209.76,67.44356
755,16468,7621,18145.93,67.20713
756,13335,4807,14174.96,52.49985
757,-4965,-3785,6243.19,23.12293
758,-12990,-6894,14706.03,54.46678
759,-4335,-1370,4546.33,16.83826
760,3046,2339,3840.45,14.22388
761,1228,508,1328.93,4.92195
762,-1144,-2107,2397.54,8.87977
763,-785,-2252,2384.90,8.83295
764,-486,-1195,1290.05,4.77795
765,-420,-119,436.53,1.61679
766,-505,78,510.99,1.89255
767,-1244,-183,1257.39,4.65699
768,-991,10,991.05,3.67056
769,-396,-107,410.20,1.51926
770,-34,-841,841.69,3.11736
771,-365,-1362,1410.06,5.22244
772,-1459,-701,1618.67,5.99506
773,-2309,544,2372.22,8.78599
774,-1068,907,1401.17,5.18951
775,486,67,490.60,1.81702
776,167,628,649.83,2.40676
777,-1844,1650,2474.44,9.16458
778,-1623,813,1815.24,6.72311
779,-125,-963,971.08,3.59659
780,1041,-1191,1581.82,5.85860
781,704,-136,717.02,2.65562
782,-758,439,875.95,3.24425
783,-1989,-279,2008.47,7.43879
784,-2908,-1480,3262.95,12.08501
785,-2194,-935,2384.92,8.83305
786,-1121,440,1204.26,4.46022
787,-560,1305,1420.08,5.25955
788,-508,1717,1790.57,6.63175
789,-1113,1383,1775.23,6.57494
790,-2773,1393,3103.22,11.49341
791,-5237,-268,5243.85,19.42168
792,-4880,-1717,5173.25,19.16018
793,-1957,-966,2182.43,8.08308
794,-111,357,373.86,1.38466
795,156,904,917.36,3.39763
796,235,830,862.63,3.19491
797,54,600,602.43,2.23120
798,-526,874,1020.07,3.77805
799,-466,765,895.76,3.31762
800,-236,329,404.89,1.49960
801,-80,101,128.84,0.47720
802,-403,68,408.70,1.51369
803,-373,404,549.86,2.03651
804,174,543,570.20,2.11184
805,1042,40,1042.77,3.86210
806,1098,-474,1195.94,4.42942
807,620,-197,650.55,2.40943
808,-265,-7,265.09,0.98182
809,-641,-297,706.46,2.61653
810,-141,-356,382.91,1.41817
811,-56,-479,482.26,1.78616
812,-247,-573,623.97,2.31100
813,-56,-20,59.46,0.22024
814,177,454,487.28,1.80475
815,414,328,528.19,1.95624
816,202,-42,206.32,0.76415
817,-235,-569,615.62,2.28007
818,-269,-638,692.39,2.56441
819,-422,-357,552.75,2.04722
820,-569,7,569.04,2.10757
821,-520,-428,673.49,2.49439
822,-212,-1109,1129.08,4.18178
823,-172,-968,983.16,3.64134
824,-285,-239,371.95,1.37759
825,-287,378,474.61,1.75781
826,-196,62,205.57,0.76138
827,-155,-496,519.65,1.92465
828,-406,-783,882.00,3.26667
829,-503,-801,945.84,3.50310
830,24,-811,811.36,3.00502
831,312,-560,641.05,2.37426
832,391,-5,391.03,1.44827
833,42,432,434.04,1.60754
834,-436,265,510.22,1.88969
835,-351,-135,376.07,1.39284
836,20,-459,459.44,1.70161
837,227,-819,849.88,3.14769
838,-175,-700,721.54,2.67238
839,-718,-293,775.48,2.87216
840,-627,-259,678.39,2.51255
841,-31,-117,121.04,0.44829
842,33,27,42.64,0.15792
843,-131,205,243.28,0.90104
844,-208,5,208.06,0.77059
845,-71,-539,543.66,2.01354
846,91,-552,559.45,2.07204
847,176,-32,178.89,0.66254
848,167,178,244.08,0.90398
849,123,-173,212.27,0.78618
850,93,-286,300.74,1.11385
851,119,-455,470.30,1.74187
# END
# FRAME,169,RX_TS,1075976882565,FP_INDEX,748.1875,FP_INT,748,RXPACC,259,RXPWR,-68.94,STD_NOISE,136.00,NTM,13,NOISE_THRESH,1768.00,PEAK_IDX,750,PEAK_AMPL,16495,START,698,elapsed_s,17.0826
sample,real,imag,amplitude,amplitude_norm
698,-61,176,186.27,0.71919
699,-273,-94,288.73,1.11479
700,-1,52,52.01,0.20081
701,717,236,754.84,2.91444
702,1015,367,1079.31,4.16723
703,850,169,866.64,3.34609
704,-35,-27,44.20,0.17067
705,-753,-79,757.13,2.92329
706,-447,-7,447.05,1.72608
707,100,280,297.32,1.14796
708,243,248,347.21,1.34057
709,119,-111,162.73,0.62831
710,226,-220,315.40,1.21775
711,383,32,384.33,1.48392
712,203,181,271.97,1.05009
713,-14,185,185.53,0.71633
714,-46,107,116.47,0.44969
715,24,273,274.05,1.05812
716,277,117,300.70,1.16099
717,605,157,625.04,2.41328
718,829,344,897.54,3.46540
719,723,124,733.56,2.83226
720,-102,27,105.51,0.40739
721,-810,13,810.10,3.12782
722,-305,-15,305.37,1.17903
723,283,32,284.80,1.09963
724,405,226,463.79,1.79069
725,468,207,511.74,1.97581
726,640,115,650.25,2.51062
727,721,-54,723.02,2.79158
728,-14,129,129.76,0.50099
729,-676,132,688.77,2.65933
730,-445,-110,458.39,1.76986
731,-71,-224,234.98,0.90727
732,-285,-19,285.63,1.10283
733,-1058,-227,1082.08,4.17791
734,-1170,5,1170.01,4.51742
735,-896,7,896.03,3.45956
736,-114,240,265.70,1.02587
737,424,230,482.37,1.86241
738,-24,77,80.65,0.31140
739,-628,81,633.20,2.44480
740,-832,13,832.10,3.21275
741,-904,143,915.24,3.53375
742,-909,239,939.89,3.62894
743,-927,72,929.79,3.58993
744,-229,237,329.56,1.27243
745,388,219,445.54,1.72023
746,121,74,141.83,0.54762
747,-226,-951,977.49,3.77407
748,308,-6610,6617.17,25.54893
749,943,-15257,15286.11,59.01974
750,-63,-16449,16449.12,63.51012
751,-824,-15547,15568.82,60.11128
752,-528,-381,651.11,2.51394
753,-1234,13785,13840.12,53.43676
754,-1902,6398,6674.73,25.77115
755,-1589,-4599,4865.77,18.78676
756,-434,-3901,3925.07,15.15470
757,-247,2232,2245.63,8.67037
758,-1451,3219,3530.92,13.63288
759,-1888,1255,2267.06,8.75313
760,-487,92,495.61,1.91357
761,606,335,692.43,2.67348
762,576,1762,1853.76,7.15737
763,223,1402,1419.62,5.48117
764,93,532,540.07,2.08520
765,-121,333,354.30,1.36796
766,-697,676,970.97,3.74892
767,-561,1380,1489.67,5.75163
768,921,2169,2356.44,9.09822
769,1697,1265,2116.61,8.17224
770,379,7,379.06,1.46357
771,-180,-731,752.84,2.90670
772,1246,702,1430.15,5.52180
773,2126,1767,2764.45,10.67354
774,365,1415,1461.32,5.64215
775,-1531,301,1560.31,6.02436
776,-1362,-387,1415.91,5.46685
777,-161,-48,168.00,0.64866
778,958,689,1180.04,4.55612
779,901,2242,2416.27,9.32923
780,313,3514,3527.91,13.62128
781,474,2470,2515.07,9.71069
782,949,1136,1480.24,5.71519
783,1608,-326,1640.71,6.33480
784,1379,-499,1466.51,5.66219
785,1800,617,1902.81,7.34676
786,2100,3619,4184.16,16.15504
787,1613,5655,5880.54,22.70480
788,437,4056,4079.47,15.75086
789,292,776,829.12,3.20124
790,591,-414,721.58,2.78602
791,609,-686,917.32,3.54178
792,205,-511,550.59,2.12582
793,346,60,351.16,1.35584
794,739,232,774.56,2.99058
795,770,76,773.74,2.98742
796,505,93,513.49,1.98259
797,354,534,640.68,2.47367
798,380,900,976.93,3.77195
799,513,31,513.94,1.98431
800,75,-811,814.46,3.14464
801,-368,-1040,1103.19,4.25941
802,-246,-568,618.98,2.38990
803,171,152,228.79,0.88336
804,84,629,634.58,2.45013
805,-234,476,530.41,2.04790
806,-276,250,372.39,1.43781
807,-399,373,546.20,2.10886
808,-141,369,395.02,1.52518
809,225,-150,270.42,1.04408
810,229,-216,314.80,1.21543
811,-21,-10,23.26,0.08980
812,-329,431,542.22,2.09351
813,-495,674,836.24,3.22873
814,-372,719,809.53,3.12561
815,93,679,685.34,2.64610
816,73,921,923.89,3.56714
817,-637,904,1105.89,4.26983
818,-921,739,1180.83,4.55919
819,-139,486,505.49,1.95169
820,499,413,647.74,2.50094
821,459,493,673.59,2.60075
822,-138,366,391.15,1.51024
823,-456,539,706.01,2.72593
824,-206,974,995.55,3.84381
825,-467,662,810.14,3.12797
826,-677,281,733.00,2.83012
827,-495,-376,621.61,2.40004
828,219,-390,447.28,1.72696
829,639,119,649.99,2.50960
830,257,575,629.82,2.43174
831,-174,382,419.76,1.62070
832,-581,213,618.81,2.38924
833,-754,462,884.29,3.41423
834,-169,684,704.57,2.72034
835,189,677,702.89,2.71385
836,110,515,526.62,2.03327
837,-67,203,213.77,0.82537
838,67,372,377.99,1.45940
839,213,287,357.40,1.37994
840,-171,509,536.96,2.07319
841,-424,211,473.60,1.82857
842,-119,-63,134.65,0.51988
843,202,-123,236.50,0.91313
844,-26,-120,122.78,0.47407
845,-288,140,320.22,1.23639
846,-409,213,461.14,1.78046
847,-503,151,525.18,2.02771
# END
# FRAME,170,RX_TS,1082366675088,FP_INDEX,752.2187,FP_INT,752,RXPACC,266,RXPWR,-68.36,STD_NOISE,144.00,NTM,13,NOISE_THRESH,1872.00,PEAK_IDX,754,PEAK_AMPL,18202,START,702,elapsed_s,17.1924
sample,real,imag,amplitude,amplitude_norm
702,207,137,248.23,0.93319
703,-92,365,376.42,1.41510
704,-33,-15,36.25,0.13627
705,557,-619,832.71,3.13050
706,650,-766,1004.62,3.77676
707,507,-685,852.22,3.20382
708,34,131,135.34,0.50880
709,-451,696,829.35,3.11785
710,-254,436,504.59,1.89696
711,321,150,354.32,1.33202
712,380,25,380.82,1.43166
713,-109,-36,114.79,0.43155
714,-171,-279,327.23,1.23020
715,72,-324,331.90,1.24776
716,157,-87,179.49,0.67479
717,122,175,213.33,0.80199
718,30,100,104.40,0.39249
719,199,81,214.85,0.80772
720,258,-164,305.71,1.14929
721,496,-495,700.74,2.63437
722,533,-634,828.28,3.11383
723,266,-546,607.35,2.28326
724,-148,148,209.30,0.78686
725,-454,795,915.50,3.44173
726,-141,310,340.56,1.28030
727,272,-134,303.22,1.13991
728,422,-209,470.92,1.77037
729,392,-324,508.57,1.91190
730,346,-718,797.02,2.99631
731,148,-793,806.69,3.03268
732,50,0,50.00,0.18797
733,-249,671,715.71,2.69064
734,-417,320,525.63,1.97606
735,-232,90,248.85,0.93551
736,-87,422,430.87,1.61983
737,-549,1022,1160.12,4.36136
738,-390,1100,1167.09,4.38756
739,-350,895,961.00,3.61279
740,89,205,223.49,0.84017
741,415,-251,485.00,1.82331
742,276,213,348.63,1.31065
743,89,713,718.53,2.70125
744,-156,841,855.35,3.21559
745,-74,871,874.14,3.28623
746,-149,951,962.60,3.61880
747,-283,885,929.15,3.49303
748,201,317,375.35,1.41110
749,495,-197,532.76,2.00286
750,229,44,233.19,0.87665
751,-857,-34,857.67,3.22434
752,-6310,-2686,6857.89,25.78155
753,-14925,-6819,16408.97,61.68787
754,-16509,-6695,17814.88,66.97325
755,-15630,-5043,16423.42,61.74218
756,-782,1386,1591.39,5.98267
757,11726,8459,14458.69,54.35598
758,5037,7307,8874.89,33.36423
759,-4394,1307,4584.26,17.23408
760,-3053,-1372,3347.12,12.58315
761,2196,-204,2205.46,8.29118
762,2292,1961,3016.42,11.33992
763,536,2429,2487.44,9.35126
764,305,756,815.21,3.06468
765,825,-499,964.17,3.62470
766,1696,-182,1705.74,6.41255
767,1196,226,1217.17,4.57581
768,563,77,568.24,2.13625
769,358,310,473.57,1.78032
770,364,1058,1118.87,4.20626
771,991,1112,1489.51,5.59964
772,2014,-138,2018.72,7.58918
773,1862,-1299,2270.34,8.53511
774,532,-745,915.45,3.44154
775,-123,-489,504.23,1.89561
776,1444,-1116,1824.99,6.86087
777,2189,-1260,2525.73,9.49523
778,908,633,1106.87,4.16115
779,-699,1791,1922.57,7.22771
780,-1272,794,1499.47,5.63712
781,-51,-322,326.01,1.22562
782,1408,-688,1567.10,5.89136
783,2580,290,2596.25,9.76033
784,3128,1187,3345.65,12.57762
785,2316,164,2321.80,8.72857
786,1346,-814,1572.99,5.91351
787,367,-1583,1624.99,6.10897
788,274,-1132,1164.69,4.37853
789,1583,-1235,2007.76,7.54798
790,4412,-666,4461.98,16.77438
791,5895,359,5905.92,22.20271
792,3720,901,3827.56,14.38932
793,721,-108,729.04,2.74077
794,-220,-619,656.93,2.46967
795,-528,-766,930.34,3.49753
796,-800,-556,974.24,3.66254
797,-159,-606,626.51,2.35531
798,168,-966,980.50,3.68609
799,433,-683,808.69,3.04018
800,562,-244,612.68,2.30332
801,724,-197,750.32,2.82076
802,838,-61,840.22,3.15871
803,184,-365,408.76,1.53667
804,-647,-303,714.44,2.68585
805,-1009,127,1016.96,3.82316
806,-709,135,721.74,2.71330
807,-68,-57,88.73,0.33357
808,595,115,606.01,2.27824
809,592,257,645.38,2.42623
810,396,255,471.00,1.77068
811,345,439,558.34,2.09903
812,187,64,197.65,0.74304
813,-20,-508,508.39,1.91125
814,-84,-786,790.48,2.97171
815,141,-364,390.35,1.46750
816,165,279,324.14,1.21857
817,298,688,749.77,2.81867
818,473,631,788.60,2.96466
819,769,146,782.74,2.94262
820,944,280,984.65,3.70169
821,509,898,1032.22,3.88054
822,128,1206,1212.77,4.55930
823,226,352,418.31,1.57258
824,390,-343,519.37,1.95253
825,539,-398,670.02,2.51887
826,329,157,364.54,1.37045
827,483,597,767.92,2.88691
828,927,653,1133.90,4.26280
829,440,761,879.05,3.30468
830,-148,887,899.26,3.38069
831,-538,404,672.80,2.52932
832,-277,-436,516.55,1.94192
833,344,-538,638.58,2.40066
834,570,7,570.04,2.14302
835,268,424,501.60,1.88570
836,145,744,758.00,2.84962
837,184,849,868.71,3.26583
838,621,522,811.25,3.04981
839,763,182,784.41,2.94890
840,601,224,641.39,2.41123
841,161,278,321.26,1.20773
842,317,87,328.72,1.23580
843,244,-7,244.10,0.91767
844,143,406,430.45,1.61822
845,-3,490,490.01,1.84214
846,4,262,262.03,0.98508
847,70,-65,95.52,0.35912
848,-79,119,142.84,0.53698
849,-49,361,364.31,1.36959
850,-53,389,392.59,1.47592
851,-37,458,459.49,1.72741
# END
# FRAME,171,RX_TS,1088756416886,FP_INDEX,749.1875,FP_INT,749,RXPACC,265,RXPWR,-68.05,STD_NOISE,120.00,NTM,13,NOISE_THRESH,1560.00,PEAK_IDX,751,PEAK_AMPL,17793,START,699,elapsed_s,17.2792
sample,real,imag,amplitude,amplitude_norm
699,-112,127,169.33,0.63899
700,-36,-116,121.46,0.45833
701,67,51,84.20,0.31774
702,18,742,742.22,2.80082
703,12,965,965.07,3.64179
704,155,894,907.34,3.42391
705,148,-42,153.84,0.58054
706,2,-813,813.00,3.06793
707,-21,-568,568.39,2.14486
708,-162,-35,165.74,0.62543
709,-235,208,313.83,1.18426
710,224,307,380.03,1.43409
711,357,299,465.67,1.75725
712,128,325,349.30,1.31811
713,-105,96,142.27,0.53687
714,-110,-124,165.76,0.62551
715,-91,-150,175.45,0.66206
716,-102,4,102.08,0.38520
717,-26,380,380.89,1.43731
718,194,810,832.91,3.14305
719,86,893,897.13,3.38540
720,147,748,762.31,2.87663
721,28,-82,86.65,0.32698
722,-123,-922,930.17,3.51007
723,-60,-462,465.88,1.75804
724,-198,257,324.43,1.22425
725,-214,499,542.95,2.04888
726,43,625,626.48,2.36407
727,226,766,798.64,3.01375
728,357,659,749.49,2.82825
729,-4,-147,147.05,0.55492
730,-76,-655,659.39,2.48828
731,44,-496,497.95,1.87905
732,46,-122,130.38,0.49202
733,-113,-330,348.81,1.31627
734,-23,-860,860.31,3.24644
735,-44,-1029,1029.94,3.88657
736,-211,-958,980.96,3.70174
737,-254,-82,266.91,1.00720
738,-177,625,649.58,2.45124
739,-60,164,174.63,0.65899
740,-112,-350,367.48,1.38673
741,-288,-721,776.39,2.92978
742,-369,-959,1027.54,3.87752
743,-357,-870,940.40,3.54867
744,-294,-758,813.02,3.06800
745,-345,64,350.89,1.32410
746,-106,622,630.97,2.38101
747,94,333,346.01,1.30571
748,1199,-305,1237.18,4.66862
749,6971,-1404,7110.98,26.83389
750,15487,-3749,15934.31,60.12947
751,16460,-5460,17341.95,65.44131
752,15146,-6073,16318.17,61.57800
753,-1377,-2220,2612.38,9.85804
754,-15492,187,15493.13,58.46464
755,-10876,21,10876.02,41.04159
756,564,-401,692.02,2.61141
757,3275,-498,3312.65,12.50055
758,-569,-812,991.52,3.74157
759,-2230,-1399,2632.51,9.93399
760,-1620,-990,1898.55,7.16435
761,-726,489,875.33,3.30312
762,-189,988,1005.91,3.79591
763,-773,832,1135.67,4.28556
764,-999,675,1205.66,4.54968
765,-494,447,666.22,2.51403
766,-482,-246,541.15,2.04206
767,-976,-837,1285.75,4.85187
768,-1469,-278,1495.07,5.64179
769,-1582,1527,2198.74,8.29713
770,-537,1965,2037.06,7.68700
771,203,478,519.32,1.95970
772,695,-150,711.00,2.68303
773,65,1567,1568.35,5.91829
774,-453,2241,2286.33,8.62765
775,-795,279,842.54,3.17938
776,-625,-1817,1921.49,7.25090
777,-110,-1688,1691.58,6.38332
778,-79,-183,199.32,0.75217
779,-695,944,1172.25,4.42357
780,-2128,1076,2384.57,8.99837
781,-3064,1028,3231.85,12.19568
782,-1350,1229,1825.63,6.88919
783,-217,1449,1465.16,5.52890
784,713,1385,1557.75,5.87831
785,884,884,1250.16,4.71760
786,24,1519,1519.19,5.73279
787,-2910,2683,3958.10,14.93624
788,-5002,2422,5557.53,20.97179
789,-3702,1208,3894.11,14.69474
790,-323,413,524.31,1.97852
791,849,511,990.92,3.73932
792,1212,753,1426.87,5.38441
793,1097,371,1158.04,4.36995
794,399,558,685.98,2.58859
795,176,605,630.08,2.37766
796,168,346,384.63,1.45143
797,-30,573,573.78,2.16523
798,-128,875,884.31,3.33703
799,-187,613,640.89,2.41845
800,370,290,470.11,1.77399
801,1040,-299,1082.13,4.08350
802,821,-573,1001.18,3.77805
803,320,-566,650.20,2.45357
804,42,-430,432.05,1.63036
805,-255,-246,354.32,1.33705
806,-168,-93,192.02,0.72462
807,-188,151,241.13,0.90993
808,-481,51,483.70,1.82527
809,-293,131,320.95,1.21114
810,329,261,419.95,1.58474
811,755,446,876.89,3.30903
812,296,154,333.66,1.25911
813,-440,6,440.04,1.66053
814,-544,-330,636.27,2.40101
815,-488,-191,524.05,1.97753
816,-371,477,604.29,2.28035
817,-694,513,863.02,3.25668
818,-746,-147,760.35,2.86923
819,-776,-656,1016.13,3.83444
820,-206,-281,348.42,1.31480
821,-1,459,459.00,1.73208
822,-146,632,648.64,2.44772
823,-301,66,308.15,1.16283
824,-730,-226,764.18,2.88371
825,-1115,-71,1117.26,4.21607
826,-607,-258,659.56,2.48889
827,-429,-574,716.60,2.70415
828,-75,-299,308.26,1.16326
829,171,255,307.03,1.15859
830,175,554,580.98,2.19239
831,-235,250,343.11,1.29476
832,-359,-189,405.71,1.53099
833,-361,-532,642.92,2.42611
834,-387,-477,614.25,2.31791
835,-621,73,625.28,2.35953
836,-672,340,753.12,2.84195
837,-388,192,432.91,1.63361
838,8,102,102.31,0.38609
839,-97,225,245.02,0.92460
840,-225,170,282.00,1.06416
841,-355,-279,451.52,1.70383
842,-186,-553,583.44,2.20167
843,5,-350,350.04,1.32089
844,226,-68,236.01,0.89060
845,172,-153,230.20,0.86869
846,50,-231,236.35,0.89188
847,-29,-203,205.06,0.77381
848,-272,-319,419.22,1.58196
# END
# FRAME,172,RX_TS,1095146209369,FP_INDEX,752.2344,FP_INT,752,RXPACC,269,RXPWR,-67.72,STD_NOISE,128.00,NTM,13,NOISE_THRESH,1664.00,PEAK_IDX,754,PEAK_AMPL,18330,START,702,elapsed_s,17.3807
sample,real,imag,amplitude,amplitude_norm
702,-139,-93,167.24,0.62172
703,166,-53,174.26,0.64779
704,-3,107,107.04,0.39793
705,-639,94,645.88,2.40103
706,-912,190,931.58,3.46313
707,-774,243,811.25,3.01580
708,90,136,163.08,0.60626
709,924,23,924.29,3.43601
710,679,69,682.50,2.53716
711,41,-181,185.59,0.68991
712,-138,-254,289.07,1.07460
713,-214,138,254.64,0.94661
714,-247,300,388.60,1.44460
715,-238,146,279.21,1.03797
716,-78,-53,94.30,0.35057
717,95,-105,141.60,0.52639
718,205,-42,209.26,0.77791
719,21,-141,142.56,0.52995
720,-288,-23,288.92,1.07404
721,-689,207,719.42,2.67444
722,-810,161,825.85,3.07006
723,-671,186,696.30,2.58848
724,245,-12,245.29,0.91187
725,1091,-55,1092.39,4.06091
726,703,-23,703.38,2.61478
727,-197,-212,289.40,1.07584
728,-438,-195,479.45,1.78233
729,-522,97,530.94,1.97374
730,-623,383,731.31,2.71863
731,-560,474,733.67,2.72741
732,140,65,154.35,0.57380
733,726,2,726.00,2.69889
734,714,87,719.28,2.67391
735,243,-2,243.01,0.90338
736,288,-350,453.26,1.68498
737,867,-118,874.99,3.25276
738,1038,-96,1042.43,3.87520
739,986,-271,1022.56,3.80135
740,190,-283,340.87,1.26716
741,-582,-148,600.52,2.23243
742,-272,-96,288.44,1.07228
743,290,-159,330.73,1.22947
744,777,-370,860.60,3.19925
745,986,-458,1087.18,4.04156
746,950,-478,1063.48,3.95345
747,835,-420,934.68,3.47464
748,6,-442,442.04,1.64327
749,-571,-200,605.01,2.24912
750,-328,9,328.12,1.21979
751,362,1051,1111.60,4.13233
752,1994,6532,6829.57,25.38874
753,5646,15306,16314.13,60.64734
754,7707,16449,18165.01,67.52790
755,8333,14929,17097.19,63.55833
756,3409,-1212,3618.04,13.44997
757,636,-15598,15610.96,58.03331
758,1822,-12444,12576.68,46.75345
759,1347,-179,1358.84,5.05146
760,67,3694,3694.61,13.73460
761,-283,-7,283.09,1.05237
762,1074,-2269,2510.35,9.33214
763,1140,-2027,2325.58,8.64528
764,-409,-579,708.89,2.63527
765,-1005,58,1006.67,3.74228
766,-912,-651,1120.51,4.16547
767,-669,-1038,1234.91,4.59075
768,-534,-309,616.96,2.29352
769,155,-145,212.25,0.78903
770,707,-839,1097.16,4.07868
771,170,-1493,1502.65,5.58605
772,-1608,-1474,2181.36,8.10915
773,-2075,-459,2125.16,7.90022
774,-681,479,832.59,3.09512
775,54,1182,1183.23,4.39864
776,-1749,458,1807.97,6.72109
777,-2393,-307,2412.61,8.96882
778,-324,-964,1016.99,3.78064
779,1771,-1047,2057.34,7.64811
780,1731,-229,1746.08,6.49101
781,321,161,359.11,1.33499
782,-764,-262,807.68,3.00251
783,-1106,-1769,2086.29,7.75572
784,-1117,-2855,3065.73,11.39677
785,-1337,-1027,1685.91,6.26733
786,-1599,287,1624.55,6.03923
787,-1519,1255,1970.38,7.32482
788,-895,1373,1638.95,6.09275
789,-1315,324,1354.33,5.03467
790,-2702,-2183,3473.66,12.91322
791,-2728,-4418,5192.37,19.30249
792,-1536,-3677,3984.92,14.81385
793,-538,-601,806.63,2.99861
794,-460,755,884.10,3.28660
795,-563,1201,1326.41,4.93090
796,-313,1150,1191.83,4.43061
797,-658,393,766.43,2.84918
798,-709,77,713.17,2.65119
799,-236,-90,252.58,0.93895
800,-127,-97,159.81,0.59407
801,-325,126,348.57,1.29580
802,-529,236,579.26,2.15337
803,-330,672,748.65,2.78310
804,374,955,1025.62,3.81272
805,676,431,801.71,2.98033
806,584,15,584.19,2.17172
807,276,-92,290.93,1.08152
808,-40,-418,419.91,1.56100
809,-114,-460,473.92,1.76177
810,-60,-394,398.54,1.48157
811,114,-570,581.29,2.16092
812,32,-244,246.09,0.91483
813,-185,252,312.62,1.16214
814,-463,584,745.27,2.77051
815,-170,138,218.96,0.81398
816,146,-461,483.57,1.79765
817,410,-542,679.61,2.52642
818,149,-449,473.08,1.75865
819,-580,-415,713.18,2.65122
820,-616,-722,949.07,3.52815
821,198,-629,659.43,2.45140
822,539,-708,889.82,3.30789
823,168,-257,307.04,1.14141
824,-523,74,528.21,1.96360
825,-634,138,648.85,2.41206
826,-94,-21,96.32,0.35806
827,183,-653,678.16,2.52103
828,115,-1256,1261.25,4.68868
829,416,-780,884.00,3.28625
830,684,-501,847.85,3.15188
831,456,147,479.11,1.78107
832,-49,607,608.97,2.26385
833,-440,326,547.61,2.03572
834,-390,-274,476.63,1.77186
835,108,-529,539.91,2.00711
836,578,-589,825.23,3.06777
837,573,-319,655.81,2.43796
838,-30,-437,438.03,1.62836
839,-401,-518,655.08,2.43523
840,-294,-494,574.87,2.13705
841,-130,-99,163.40,0.60745
842,-197,20,198.01,0.73611
843,-194,-146,242.80,0.90260
844,184,-534,564.81,2.09967
845,552,-288,622.61,2.31455
846,482,84,489.26,1.81883
847,68,259,267.78,0.99546
848,98,138,169.26,0.62921
849,239,-153,283.78,1.05494
850,361,-215,420.17,1.56198
851,401,-283,490.81,1.82456
# END
# FRAME,173,RX_TS,2024374066,FP_INDEX,747.8906,FP_INT,747,RXPACC,321,RXPWR,-69.18,STD_NOISE,176.00,NTM,13,NOISE_THRESH,2288.00,PEAK_IDX,750,PEAK_AMPL,20534,START,697,elapsed_s,17.4867
sample,real,imag,amplitude,amplitude_norm
697,-330,-39,332.30,1.03519
698,156,-151,217.11,0.67636
699,382,-40,384.09,1.19654
700,-40,276,278.88,0.86880
701,-929,501,1055.48,3.28811
702,-981,666,1185.71,3.69381
703,-701,616,933.20,2.90716
704,170,203,264.78,0.82486
705,874,51,875.49,2.72737
706,208,-25,209.50,0.65264
707,-377,-153,406.86,1.26749
708,-175,-362,402.08,1.25259
709,45,261,264.85,0.82508
710,-85,524,530.85,1.65374
711,-219,415,469.24,1.46181
712,-129,75,149.22,0.46485
713,129,-34,133.41,0.41559
714,60,-12,61.19,0.19062
715,-238,-222,325.47,1.01391
716,-403,274,487.32,1.51814
717,-896,253,931.03,2.90042
718,-716,520,884.90,2.75671
719,-558,569,796.95,2.48270
720,264,38,266.72,0.83091
721,991,-164,1004.48,3.12922
722,155,209,260.20,0.81060
723,-446,21,446.49,1.39095
724,-601,-267,657.64,2.04872
725,-447,370,580.27,1.80768
726,-500,893,1023.45,3.18832
727,-371,904,977.17,3.04414
728,170,-227,283.60,0.88349
729,672,-340,753.12,2.34616
730,551,112,562.27,1.75161
731,340,160,375.77,1.17061
732,709,-489,861.28,2.68311
733,1304,-735,1496.88,4.66317
734,1117,-574,1255.85,3.91231
735,883,-655,1099.42,3.42497
736,-47,-427,429.58,1.33825
737,-457,-156,482.89,1.50434
738,111,-395,410.30,1.27819
739,655,-734,983.76,3.06467
740,812,-846,1172.63,3.65305
741,594,-1071,1224.69,3.81525
742,843,-952,1271.59,3.96135
743,657,-889,1105.43,3.44370
744,-293,-573,643.57,2.00488
745,-427,-173,460.71,1.43525
746,239,-218,323.49,1.00775
747,2054,1886,2788.53,8.68702
748,8002,10021,12823.90,39.94985
749,14534,16362,21884.98,68.17750
750,16450,16388,23220.01,72.33649
751,15198,12496,19675.60,61.29470
752,2916,-4563,5415.17,16.86968
753,-1699,-14698,14795.87,46.09306
754,3677,-3556,5115.22,15.93526
755,4806,5574,7359.83,22.92782
756,-1226,2194,2513.31,7.82962
757,-2068,-3687,4227.36,13.16935
758,833,-4231,4312.22,13.43371
759,1209,-2195,2505.93,7.80665
760,-550,-188,581.24,1.81073
761,-1620,-371,1661.94,5.17738
762,-1215,-1165,1683.29,5.24388
763,-616,-309,689.16,2.14691
764,-815,444,928.10,2.89126
765,-103,-319,335.22,1.04429
766,164,-1630,1638.23,5.10352
767,-801,-1668,1850.36,5.76436
768,-2612,-852,2747.44,8.55902
769,-2432,185,2439.03,7.59821
770,-398,621,737.59,2.29780
771,-492,1021,1133.36,3.53072
772,-3265,980,3408.90,10.61964
773,-2897,-179,2902.52,9.04213
774,51,-1684,1684.77,5.24851
775,2136,-1762,2768.96,8.62604
776,1652,-538,1737.40,5.41245
777,-385,453,594.50,1.85203
778,-2192,-70,2193.12,6.83214
779,-2831,-2250,3616.22,11.26549
780,-2720,-2891,3969.42,12.36579
781,-2219,-795,2357.11,7.34303
782,-1549,1224,1974.23,6.15024
783,-1278,2140,2492.57,7.76500
784,-855,1802,1994.55,6.21355
785,-2033,776,2176.07,6.77902
786,-4898,-1445,5106.70,15.90874
787,-5623,-4352,7110.42,22.15083
788,-2908,-3257,4366.29,13.60216
789,-520,-475,704.29,2.19405
790,-132,809,819.70,2.55358
791,-297,1395,1426.27,4.44320
792,-54,1057,1058.38,3.29713
793,-354,426,553.89,1.72551
794,-693,201,721.56,2.24785
795,-414,-124,432.17,1.34633
796,137,58,148.77,0.46346
797,-240,115,266.13,0.82906
798,-399,520,655.44,2.04187
799,-149,1219,1228.07,3.82577
800,608,1393,1519.91,4.73491
801,839,757,1130.03,3.52035
802,195,-26,196.73,0.61285
803,-327,-526,619.36,1.92947
804,-459,-1067,1161.54,3.61850
805,-78,-832,835.65,2.60327
806,73,-484,489.47,1.52484
807,124,-655,666.63,2.07674
808,178,-214,278.35,0.86714
809,170,539,565.17,1.76066
810,-147,455,478.16,1.48959
811,-389,-192,433.80,1.35141
812,-408,-844,937.44,2.92038
813,-8,-852,852.04,2.65432
814,-247,-671,715.02,2.22747
815,-816,-293,867.01,2.70096
816,-893,-773,1181.09,3.67941
817,-241,-1304,1326.08,4.13110
818,-15,-1282,1282.09,3.99404
819,-348,-483,595.31,1.85455
820,-872,486,998.29,3.10993
821,-746,244,784.89,2.44514
822,-245,-265,360.90,1.12430
823,-289,-956,998.73,3.11130
824,-469,-1572,1640.47,5.11050
825,-69,-1278,1279.86,3.98711
826,514,-812,961.01,2.99380
827,636,156,654.85,2.04004
828,-156,716,732.80,2.28286
829,-997,147,1007.78,3.13950
830,-643,-320,718.23,2.23746
831,-103,-511,521.28,1.62392
832,331,-936,992.80,3.09284
833,137,-695,708.37,2.20677
834,-732,-402,835.12,2.60162
835,-1118,-591,1264.60,3.93955
836,-358,-307,471.61,1.46918
837,-234,-50,239.28,0.74543
838,-281,189,338.65,1.05498
839,-323,-59,328.34,1.02288
840,0,-621,621.00,1.93458
841,300,-316,435.72,1.35740
842,125,157,200.68,0.62518
843,-105,351,366.37,1.14134
844,201,23,202.31,0.63025
845,74,-372,379.29,1.18159
846,217,-482,528.60,1.64671
# END
# FRAME,174,RX_TS,8414166507,FP_INDEX,751.1406,FP_INT,751,RXPACC,260,RXPWR,-68.13,STD_NOISE,124.00,NTM,13,NOISE_THRESH,1612.00,PEAK_IDX,753,PEAK_AMPL,17284,START,701,elapsed_s,17.5863
sample,real,imag,amplitude,amplitude_norm
701,68,86,109.64,0.42168
702,-100,-9,100.40,0.38617
703,62,-54,82.22,0.31623
704,734,126,744.74,2.86437
705,940,110,946.41,3.64005
706,858,60,860.10,3.30806
707,-50,95,107.35,0.41290
708,-766,213,795.06,3.05793
709,-501,197,538.34,2.07054
710,1,269,269.00,1.03462
711,223,183,288.48,1.10952
712,323,-187,373.23,1.43549
713,278,-168,324.82,1.24931
714,310,-20,310.64,1.19479
715,153,154,217.08,0.83493
716,-47,144,151.48,0.58260
717,-119,140,183.74,0.70670
718,-25,182,183.71,0.70657
719,411,40,412.94,1.58824
720,876,-46,877.21,3.37387
721,910,115,917.24,3.52784
722,757,84,761.65,2.92941
723,-175,113,208.31,0.80120
724,-855,294,904.14,3.47744
725,-490,160,515.46,1.98254
726,153,247,290.55,1.11749
727,380,191,425.30,1.63577
728,659,-114,668.79,2.57226
729,789,-256,829.49,3.19035
730,671,-230,709.32,2.72817
731,-62,20,65.15,0.25056
732,-601,97,608.78,2.34145
733,-401,66,406.40,1.56306
734,-133,-35,137.53,0.52895
735,-291,121,315.15,1.21213
736,-748,-119,757.41,2.91310
737,-909,-20,909.22,3.49700
738,-841,136,851.93,3.27664
739,68,229,238.88,0.91878
740,700,85,705.14,2.71208
741,224,-74,235.91,0.90733
742,-382,70,388.36,1.49369
743,-698,239,737.78,2.83763
744,-936,274,975.28,3.75108
745,-965,261,999.67,3.84490
746,-875,250,910.01,3.50005
747,96,374,386.12,1.48509
748,686,61,688.71,2.64887
749,286,-178,336.87,1.29565
750,-230,-1350,1369.45,5.26712
751,-637,-7530,7556.90,29.06498
752,-1829,-15646,15752.54,60.58670
753,-3175,-16454,16757.53,64.45203
754,-3446,-14720,15117.98,58.14608
755,-162,2791,2795.70,10.75268
756,2219,15384,15543.21,59.78159
757,1902,9753,9936.73,38.21819
758,-53,-1232,1233.14,4.74284
759,-1235,-2966,3212.85,12.35710
760,-1704,859,1908.27,7.33950
761,-1424,1943,2408.95,9.26518
762,-667,1319,1478.06,5.68483
763,149,630,647.38,2.48992
764,280,241,369.43,1.42090
765,393,852,938.27,3.60874
766,576,1007,1160.10,4.46191
767,450,546,707.54,2.72132
768,-399,440,593.97,2.28450
769,-895,769,1179.99,4.53844
770,-266,1296,1323.02,5.08852
771,1281,1675,2108.69,8.11036
772,1491,703,1648.42,6.34008
773,351,-46,354.00,1.36154
774,131,-436,455.25,1.75098
775,1652,636,1770.20,6.80845
776,1793,1142,2125.80,8.17614
777,-275,1030,1066.08,4.10030
778,-2022,299,2043.99,7.86149
779,-1513,-239,1531.76,5.89139
780,-170,179,246.86,0.94947
781,647,1031,1217.20,4.68153
782,594,2231,2308.72,8.87970
783,520,2803,2850.83,10.96472
784,948,1309,1616.23,6.21625
785,1306,336,1348.53,5.18665
786,1381,-739,1566.30,6.02421
787,830,-1390,1618.95,6.22673
788,1353,-350,1397.54,5.37514
789,2139,3168,3822.51,14.70194
790,1489,5366,5568.76,21.41830
791,324,3714,3728.11,14.33887
792,-162,409,439.91,1.69198
793,83,-429,436.96,1.68060
794,337,-727,801.31,3.08196
795,337,-955,1012.72,3.89506
796,721,-473,862.31,3.31656
797,688,90,693.86,2.66870
798,263,325,418.08,1.60801
799,237,133,271.77,1.04526
800,626,-184,652.48,2.50954
801,790,-252,829.22,3.18930
802,718,-641,962.50,3.70192
803,-13,-853,853.10,3.28115
804,-406,-371,549.98,2.11530
805,-449,180,483.74,1.86053
806,-242,386,455.59,1.75226
807,-223,622,660.77,2.54141
808,-275,489,561.02,2.15778
809,-194,396,440.97,1.69603
810,-183,569,597.70,2.29886
811,132,216,253.14,0.97362
812,431,-336,546.50,2.10190
813,412,-690,803.64,3.09094
814,59,-72,93.09,0.35802
815,-168,683,703.36,2.70522
816,-525,646,832.43,3.20166
817,-323,502,596.94,2.29591
818,326,575,660.98,2.54225
819,242,869,902.07,3.46949
820,-642,723,966.90,3.71884
821,-801,525,957.72,3.68354
822,-110,27,113.27,0.43564
823,787,-133,798.16,3.06984
824,665,189,691.34,2.65899
825,-62,362,367.27,1.41258
826,-483,860,986.35,3.79366
827,-286,1243,1275.48,4.90569
828,-659,702,962.85,3.70328
829,-769,198,794.08,3.05416
830,-312,-296,430.07,1.65411
831,280,-412,498.14,1.91593
832,647,-117,657.49,2.52882
833,364,326,488.64,1.87940
834,-147,402,428.03,1.64628
835,-654,530,841.79,3.23767
836,-733,556,920.01,3.53851
837,69,669,672.55,2.58673
838,394,753,849.85,3.26865
839,349,633,722.83,2.78013
840,195,246,313.91,1.20736
841,212,237,317.98,1.22301
842,190,311,364.45,1.40172
843,-249,546,600.10,2.30807
844,-514,298,594.14,2.28515
845,-132,11,132.46,0.50945
846,204,-135,244.62,0.94086
847,-25,-156,157.99,0.60766
848,-202,45,206.95,0.79597
849,-280,234,364.91,1.40348
850,-389,421,573.20,2.20463
# END
# FRAME,175,RX_TS,14803958927,FP_INDEX,752.5937,FP_INT,752,RXPACC,264,RXPWR,-68.89,STD_NOISE,132.00,NTM,13,NOISE_THRESH,1716.00,PEAK_IDX,754,PEAK_AMPL,17317,START,702,elapsed_s,17.6910
sample,real,imag,amplitude,amplitude_norm
702,-225,109,250.01,0.94702
703,-41,-209,212.98,0.80676
704,62,-206,215.13,0.81488
705,7,410,410.06,1.55326
706,-425,846,946.75,3.58619
707,-332,869,930.26,3.52372
708,-239,666,707.59,2.68025
709,160,-158,224.86,0.85176
710,344,-462,576.00,2.18183
711,113,-131,173.00,0.65531
712,-254,-7,254.10,0.96249
713,-145,92,171.72,0.65047
714,194,280,340.64,1.29031
715,129,352,374.89,1.42005
716,98,358,371.17,1.40595
717,-108,100,147.19,0.55753
718,-173,-43,178.26,0.67524
719,89,-33,94.92,0.35955
720,-26,47,53.71,0.20346
721,-5,508,508.02,1.92434
722,-319,741,806.75,3.05586
723,-239,766,802.42,3.03947
724,-158,530,553.05,2.09489
725,211,-248,325.61,1.23339
726,376,-591,700.47,2.65329
727,114,-78,138.13,0.52322
728,-227,159,277.15,1.04980
729,-309,265,407.07,1.54193
730,-96,573,580.99,2.20071
731,77,760,763.89,2.89353
732,142,619,635.08,2.40560
733,-91,-281,295.37,1.11882
734,173,-525,552.77,2.09382
735,364,-99,377.22,1.42887
736,197,-123,232.25,0.87972
737,385,-676,777.95,2.94677
738,570,-1054,1198.26,4.53885
739,452,-877,986.63,3.73722
740,234,-776,810.51,3.07013
741,-93,-53,107.04,0.40546
742,-158,189,246.34,0.93312
743,-24,-256,257.12,0.97395
744,-20,-608,608.33,2.30428
745,70,-998,1000.45,3.78959
746,-59,-1013,1014.72,3.84362
747,116,-1041,1047.44,3.96759
748,101,-825,831.16,3.14833
749,-247,-248,350.02,1.32583
750,-150,159,218.59,0.82799
751,275,53,280.06,1.06084
752,3077,643,3143.47,11.90707
753,12252,3275,12682.16,48.03848
754,16417,3849,16862.17,63.87185
755,16496,3003,16767.11,63.51178
756,13727,1578,13817.40,52.33865
757,-2765,-2234,3554.71,13.46482
758,-9991,-5560,11433.88,43.31016
759,-1668,-3714,4071.37,15.42184
760,3077,-947,3219.43,12.19482
761,-94,-3,94.05,0.35624
762,-2063,-964,2277.12,8.62545
763,-1150,-1896,2217.50,8.39963
764,-745,-1494,1669.45,6.32367
765,-939,-154,951.54,3.60434
766,-1061,383,1128.01,4.27277
767,-1371,233,1390.66,5.26764
768,-1162,121,1168.28,4.42531
769,-638,137,652.54,2.47176
770,-224,-504,551.54,2.08915
771,-548,-988,1129.80,4.27955
772,-1423,-253,1445.32,5.47468
773,-2257,1114,2516.95,9.53391
774,-1139,1311,1736.68,6.57832
775,693,277,746.31,2.82693
776,490,1026,1137.00,4.30683
777,-1649,2325,2850.41,10.79700
778,-1765,1192,2129.81,8.06746
779,-663,-950,1158.48,4.38817
780,343,-1734,1767.60,6.69545
781,356,-841,913.25,3.45926
782,-496,181,527.99,1.99997
783,-1676,250,1694.54,6.41872
784,-2778,-357,2800.84,10.60926
785,-2639,-157,2643.67,10.01389
786,-1678,1008,1957.49,7.41472
787,-688,1768,1897.15,7.18616
788,-87,2189,2190.73,8.29821
789,-57,1801,1801.90,6.82539
790,-1823,1528,2378.68,9.01015
791,-4958,663,5002.13,18.94747
792,-5714,-418,5729.27,21.70177
793,-2654,-567,2713.89,10.27989
794,-210,97,231.32,0.87621
795,293,432,521.99,1.97723
796,522,820,972.05,3.68201
797,640,783,1011.28,3.83061
798,133,670,683.07,2.58740
799,-155,345,378.22,1.43265
800,-37,101,107.56,0.40744
801,298,197,357.23,1.35314
802,-72,375,381.85,1.44640
803,-26,545,545.62,2.06674
804,456,632,779.33,2.95202
805,1102,120,1108.51,4.19892
806,917,-320,971.23,3.67890
807,134,-468,486.81,1.84396
808,-505,-217,549.65,2.08200
809,-753,-343,827.44,3.13424
810,-455,-212,501.97,1.90138
811,-343,-161,378.91,1.43525
812,-375,-356,517.07,1.95860
813,152,100,181.95,0.68919
814,725,633,962.45,3.64565
815,387,623,733.42,2.77809
816,-476,-35,477.29,1.80790
817,-754,-600,963.60,3.64998
818,-216,-664,698.25,2.64488
819,-328,-294,440.48,1.66847
820,-748,79,752.16,2.84909
821,-948,-366,1016.20,3.84924
822,-477,-934,1048.75,3.97255
823,-199,-522,558.65,2.11608
824,-300,388,490.45,1.85778
825,-587,834,1019.87,3.86313
826,-375,304,482.74,1.82857
827,-222,-300,373.21,1.41367
828,-590,-588,832.97,3.15520
829,-972,-792,1253.81,4.74929
830,-509,-1092,1204.80,4.56364
831,-22,-954,954.25,3.61460
832,480,-165,507.57,1.92261
833,60,766,768.35,2.91040
834,-533,769,935.65,3.54415
835,-490,145,511.00,1.93562
836,-258,-442,511.79,1.93859
837,-201,-1036,1055.32,3.99742
838,-614,-774,987.96,3.74229
839,-983,-91,987.20,3.73941
840,-909,32,909.56,3.44531
841,-289,-122,313.70,1.18824
842,-148,55,157.89,0.59807
843,-145,239,279.55,1.05889
844,-227,148,270.99,1.02646
845,-237,-382,449.55,1.70283
846,-79,-383,391.06,1.48130
847,128,-65,143.56,0.54378
848,230,121,259.89,0.98442
849,19,-162,163.11,0.61784
850,-145,-205,251.10,0.95113
851,-96,-408,419.14,1.58766
# END
# FRAME,176,RX_TS,21193751353,FP_INDEX,747.8906,FP_INT,747,RXPACC,305,RXPWR,-69.62,STD_NOISE,184.00,NTM,13,NOISE_THRESH,2392.00,PEAK_IDX,750,PEAK_AMPL,20220,START,697,elapsed_s,17.7767
sample,real,imag,amplitude,amplitude_norm
697,-83,368,377.24,1.23687
698,-136,-8,136.24,0.44667
699,5,-151,151.08,0.49535
700,253,135,286.76,0.94021
701,566,979,1130.84,3.70767
702,638,1018,1201.40,3.93902
703,654,690,950.69,3.11702
704,101,-153,183.33,0.60108
705,-369,-612,714.64,2.34307
706,-158,-126,202.09,0.66259
707,-254,312,402.32,1.31908
708,-148,13,148.57,0.48711
709,340,-79,349.06,1.14445
710,402,81,410.08,1.34452
711,339,170,379.24,1.24340
712,165,111,198.86,0.65201
713,37,29,47.01,0.15413
714,-100,-30,104.40,0.34231
715,-140,11,140.43,0.46043
716,368,211,424.20,1.39082
717,402,917,1001.25,3.28277
718,531,761,927.95,3.04244
719,563,579,807.60,2.64785
720,-26,-152,154.21,0.50560
721,-374,-723,814.01,2.66887
722,-88,103,135.47,0.44417
723,-50,591,593.11,1.94463
724,-55,442,445.41,1.46036
725,583,359,684.67,2.24481
726,878,431,978.08,3.20683
727,775,396,870.31,2.85348
728,-175,34,178.27,0.58450
729,-495,-358,610.89,2.00292
730,-52,-117,128.04,0.41979
731,-10,-60,60.83,0.19943
732,-422,-707,823.37,2.69956
733,-783,-1219,1448.81,4.75020
734,-621,-992,1170.34,3.83719
735,-737,-757,1056.51,3.46397
736,-297,78,307.07,1.00679
737,155,267,308.73,1.01223
738,-7,-307,307.08,1.00682
739,-446,-493,664.80,2.17969
740,-829,-424,931.14,3.05291
741,-1078,-364,1137.80,3.73048
742,-901,-716,1150.85,3.77328
743,-891,-645,1099.96,3.60642
744,-506,178,536.40,1.75867
745,46,337,340.12,1.11516
746,137,-231,268.57,0.88056
747,1788,-1846,2569.95,8.42608
748,9128,-8036,12161.32,39.87318
749,14788,-14737,20877.36,68.45036
750,14856,-16480,22187.63,72.74635
751,11890,-15566,19587.56,64.22150
752,-1741,-1234,2133.97,6.99663
753,-8587,8257,11912.79,39.05833
754,-88,2273,2274.70,7.45804
755,4198,-2093,4690.83,15.37976
756,-1445,661,1589.01,5.20986
757,-4947,1378,5135.34,16.83717
758,-3185,0,3185.00,10.44262
759,-1281,-85,1283.82,4.20924
760,-557,975,1122.89,3.68160
761,-893,1497,1743.12,5.71514
762,-871,1344,1601.55,5.25100
763,-105,1120,1124.91,3.68823
764,-120,1073,1079.69,3.53996
765,-869,-50,870.44,2.85389
766,-1700,-274,1721.94,5.64570
767,-1379,735,1562.65,5.12343
768,-659,3027,3097.90,10.15706
769,88,2781,2782.39,9.12260
770,239,280,368.13,1.20699
771,715,-123,725.50,2.37870
772,944,2661,2823.48,9.25732
773,-159,2991,2995.22,9.82040
774,-1524,315,1556.21,5.10234
775,-2042,-1787,2713.51,8.89675
776,-1058,-1780,2070.69,6.78915
777,-10,377,377.13,1.23650
778,-204,2185,2194.50,7.19509
779,-1972,2985,3577.57,11.72974
780,-2705,2982,4026.08,13.20027
781,-1019,2303,2518.37,8.25694
782,828,1630,1828.25,5.99425
783,1782,1212,2155.10,7.06591
784,1657,896,1883.74,6.17619
785,855,2199,2359.37,7.73564
786,-1327,4776,4956.92,16.25221
787,-3815,5795,6938.03,22.74764
788,-3246,3158,4528.74,14.84833
789,-1040,537,1170.46,3.83756
790,243,148,284.52,0.93286
791,1224,584,1356.18,4.44650
792,1202,853,1473.91,4.83249
793,550,870,1029.27,3.37466
794,-146,466,488.34,1.60110
795,-331,63,336.94,1.10473
796,242,-150,284.72,0.93350
797,305,458,550.26,1.80414
798,490,464,674.83,2.21256
799,859,10,859.06,2.81658
800,856,-1094,1389.09,4.55439
801,542,-1322,1428.79,4.68457
802,-164,-615,636.49,2.08686
803,-593,-64,596.44,1.95555
804,-983,27,983.37,3.22417
805,-672,-35,672.91,2.20626
806,-289,99,305.49,1.00160
807,-569,175,595.30,1.95181
808,-282,135,312.65,1.02508
809,543,-203,579.71,1.90067
810,392,-92,402.65,1.32017
811,-147,221,265.42,0.87024
812,-1102,351,1156.55,3.79196
813,-1128,40,1128.71,3.70069
814,-701,144,715.64,2.34635
815,-424,654,779.42,2.55547
816,-991,781,1261.76,4.13692
817,-1335,260,1360.08,4.45929
818,-876,-8,876.04,2.87225
819,-219,414,468.36,1.53559
820,285,971,1011.96,3.31791
821,-74,747,750.66,2.46117
822,-602,174,626.64,2.05456
823,-1206,80,1208.65,3.96279
824,-1745,525,1822.27,5.97464
825,-1349,129,1355.15,4.44313
826,-593,-514,784.76,2.57298
827,324,-781,845.54,2.77226
828,1098,-103,1102.82,3.61580
829,535,940,1081.58,3.54618
830,-100,684,691.27,2.26646
831,-534,43,535.73,1.75649
832,-1107,-399,1176.71,3.85807
833,-993,16,993.13,3.25616
834,-485,861,988.20,3.24001
835,-554,974,1120.53,3.67388
836,-350,367,507.14,1.66275
837,-184,232,296.11,0.97085
838,13,329,329.26,1.07953
839,-80,285,296.02,0.97054
840,-519,-62,522.69,1.71374
841,-410,-373,554.28,1.81732
842,49,-199,204.94,0.67195
843,181,-29,183.31,0.60101
844,-121,-204,237.19,0.77766
845,-624,19,624.29,2.04685
846,-571,-190,601.78,1.97305
# END
# FRAME,177,RX_TS,27583543750,FP_INDEX,749.7187,FP_INT,749,RXPACC,302,RXPWR,-69.49,STD_NOISE,180.00,NTM,13,NOISE_THRESH,2340.00,PEAK_IDX,752,PEAK_AMPL,20023,START,699,elapsed_s,17.8870
sample,real,imag,amplitude,amplitude_norm
699,-187,-65,197.97,0.65555
700,32,-72,78.79,0.26090
701,202,58,210.16,0.69590
702,-128,373,394.35,1.30580
703,-901,480,1020.88,3.38041
704,-855,637,1066.21,3.53048
705,-545,631,833.78,2.76085
706,376,53,379.72,1.25734
707,639,-417,763.03,2.52658
708,172,-247,300.99,0.99664
709,-180,-267,322.01,1.06625
710,-120,38,125.87,0.41680
711,31,467,468.03,1.54976
712,-30,373,374.20,1.23909
713,-123,273,299.43,0.99149
714,-108,69,128.16,0.42437
715,20,-43,47.42,0.15703
716,209,-202,290.66,0.96246
717,-17,-118,119.22,0.39476
718,-338,491,596.09,1.97381
719,-758,516,916.96,3.03630
720,-663,586,884.85,2.92998
721,-513,514,726.20,2.40463
722,413,-30,414.09,1.37115
723,718,-363,804.55,2.66406
724,-98,-250,268.52,0.88915
725,-503,-141,522.39,1.72976
726,-461,70,466.28,1.54399
727,-372,674,769.84,2.54915
728,-409,911,998.60,3.30662
729,-144,664,679.44,2.24978
730,276,-293,402.52,1.33286
731,393,-553,678.42,2.24643
732,116,-93,148.68,0.49231
733,168,-145,221.92,0.73484
734,744,-364,828.27,2.74262
735,1195,-635,1353.24,4.48092
736,1011,-621,1186.49,3.92878
737,684,-740,1007.70,3.33675
738,-129,-278,306.47,1.01481
739,-200,51,206.40,0.68344
740,416,-73,422.36,1.39853
741,494,-461,675.69,2.23738
742,598,-818,1013.28,3.35522
743,629,-972,1157.77,3.83367
744,875,-883,1243.11,4.11625
745,576,-826,1007.00,3.33444
746,-191,-462,499.92,1.65538
747,-36,66,75.18,0.24894
748,458,339,569.81,1.88679
749,2353,2718,3595.02,11.90402
750,9274,10699,14158.94,46.88392
751,15047,15093,21312.22,70.57028
752,16463,14364,21848.45,72.34587
753,15089,9639,17904.98,59.28801
754,230,-4538,4543.82,15.04578
755,-8509,-8395,11953.21,39.58015
756,-3145,389,3168.97,10.49327
757,1676,3826,4176.99,13.83109
758,600,-1082,1237.22,4.09677
759,-363,-3771,3788.43,12.54447
760,-17,-2526,2526.06,8.36443
761,-274,-1235,1265.03,4.18884
762,-873,-849,1217.76,4.03230
763,-852,-764,1144.38,3.78933
764,-968,-597,1137.29,3.76587
765,-1075,12,1075.07,3.55982
766,-741,-251,782.36,2.59058
767,250,-1093,1121.23,3.71267
768,208,-1813,1824.89,6.04269
769,-1252,-1456,1920.27,6.35851
770,-3055,-458,3089.14,10.22894
771,-2259,543,2323.34,7.69319
772,142,819,831.22,2.75238
773,-246,1396,1417.51,4.69374
774,-2767,1110,2981.34,9.87199
775,-2038,-453,2087.74,6.91304
776,592,-1904,1993.91,6.60235
777,1900,-1977,2741.99,9.07945
778,696,-783,1047.62,3.46894
779,-1283,-72,1285.02,4.25503
780,-2150,-984,2364.48,7.82940
781,-2582,-2659,3706.35,12.27267
782,-2754,-2304,3590.67,11.88965
783,-2154,-303,2175.21,7.20267
784,-1342,1071,1716.98,5.68535
785,-891,1716,1933.53,6.40242
786,-1193,1455,1881.56,6.23034
787,-3185,243,3194.26,10.57701
788,-5253,-2148,5675.20,18.79206
789,-4463,-3943,5955.30,19.71954
790,-1768,-2563,3113.65,10.31009
791,-318,-275,420.42,1.39210
792,-315,819,877.49,2.90559
793,-329,1176,1221.15,4.04356
794,-83,592,597.79,1.97944
795,-458,-311,553.61,1.83315
796,-412,-743,849.58,2.81319
797,95,-563,570.96,1.89059
798,546,336,641.10,2.12285
799,-262,332,422.93,1.40042
800,-506,473,692.65,2.29355
801,91,800,805.16,2.66609
802,1238,756,1450.58,4.80324
803,1278,215,1295.96,4.29125
804,541,-449,703.05,2.32799
805,70,-808,811.03,2.68552
806,21,-1035,1035.21,3.42786
807,146,-627,643.77,2.13170
808,1,-373,373.00,1.23510
809,-159,-566,587.91,1.94672
810,-140,55,150.42,0.49807
811,-45,651,652.55,2.16077
812,-136,370,394.20,1.30531
813,-202,-88,220.34,0.72959
814,-310,-906,957.57,3.17075
815,121,-958,965.61,3.19739
816,-100,-825,831.04,2.75178
817,-583,-440,730.40,2.41855
818,-499,-730,884.25,2.92799
819,-159,-1050,1061.97,3.51646
820,-5,-653,653.02,2.16232
821,-262,93,278.02,0.92058
822,-721,530,894.84,2.96305
823,-509,-28,509.77,1.68798
824,-118,-731,740.46,2.45186
825,-237,-1336,1356.86,4.49291
826,-463,-1622,1686.79,5.58539
827,70,-1100,1102.22,3.64975
828,600,-437,742.27,2.45786
829,562,397,688.08,2.27841
830,-187,879,898.67,2.97573
831,-853,262,892.33,2.95474
832,-561,-158,582.83,1.92988
833,127,-528,543.06,1.79821
834,577,-1079,1223.59,4.05162
835,39,-932,932.82,3.08879
836,-749,-366,833.64,2.76040
837,-866,-366,940.17,3.11313
838,-426,-24,426.68,1.41283
839,-301,-76,310.45,1.02797
840,-205,-22,206.18,0.68271
841,45,-252,255.99,0.84764
842,335,-526,623.62,2.06496
843,332,-356,486.79,1.61187
844,115,41,122.09,0.40427
845,30,66,72.50,0.24006
846,263,-186,322.13,1.06664
847,154,-510,532.74,1.76405
848,302,-529,609.13,2.01700
# END
# FRAME,178,RX_TS,33973336139,FP_INDEX,752.6562,FP_INT,752,RXPACC,285,RXPWR,-68.79,STD_NOISE,156.00,NTM,13,NOISE_THRESH,2028.00,PEAK_IDX,755,PEAK_AMPL,19362,START,702,elapsed_s,17.9848
sample,real,imag,amplitude,amplitude_norm
702,-170,169,239.71,0.84109
703,-55,-110,122.98,0.43152
704,130,-84,154.78,0.54308
705,-260,351,436.81,1.53266
706,-699,627,939.00,3.29475
707,-684,716,990.21,3.47441
708,-493,604,779.66,2.73564
709,332,-73,339.93,1.19274
710,537,-504,736.47,2.58410
711,260,-161,305.81,1.07302
712,-210,-133,248.57,0.87219
713,-182,163,244.32,0.85727
714,27,379,379.96,1.33319
715,-16,293,293.44,1.02960
716,-87,306,318.13,1.11624
717,-177,-54,185.05,0.64931
718,-10,-173,173.29,0.60803
719,187,-71,200.02,0.70184
720,81,54,97.35,0.34158
721,-204,603,636.57,2.23359
722,-632,654,909.47,3.19113
723,-575,649,867.08,3.04238
724,-416,497,648.12,2.27412
725,378,-135,401.38,1.40836
726,605,-522,799.07,2.80375
727,-26,-225,226.50,0.79473
728,-403,43,405.29,1.42206
729,-531,244,584.38,2.05045
730,-327,616,697.41,2.44706
731,-287,848,895.25,3.14123
732,-138,652,666.44,2.33840
733,41,-322,324.60,1.13895
734,461,-521,695.67,2.44096
735,407,-134,428.49,1.50348
736,270,-105,289.70,1.01648
737,635,-402,751.55,2.63702
738,965,-686,1183.99,4.15433
739,846,-725,1114.15,3.90932
740,675,-676,955.30,3.35194
741,-19,-23,29.83,0.10468
742,-347,116,365.88,1.28377
743,-3,-53,53.08,0.18626
744,172,-415,449.23,1.57625
745,532,-816,974.10,3.41791
746,544,-960,1103.42,3.87165
747,708,-857,1111.63,3.90044
748,469,-740,876.11,3.07405
749,7,-159,159.15,0.55844
750,-122,339,360.28,1.26416
751,439,346,558.96,1.96127
752,3005,2522,3923.07,13.76517
753,11140,9718,14783.07,51.87041
754,15823,12554,20198.27,70.87113
755,16451,11761,20222.67,70.95675
756,13848,8479,16237.63,56.97413
757,-2662,-3194,4157.87,14.58902
758,-10445,-8773,13640.51,47.86145
759,-3291,-3110,4528.00,15.88772
760,2451,1083,2679.61,9.40213
761,1112,-183,1126.96,3.95424
762,-816,-1968,2130.46,7.47532
763,-594,-2249,2326.12,8.16183
764,-511,-1736,1809.65,6.34963
765,-802,-615,1010.66,3.54617
766,-635,-14,635.15,2.22861
767,-1098,-235,1122.87,3.93988
768,-1193,-255,1219.95,4.28052
769,-421,-369,559.82,1.96429
770,178,-1022,1037.39,3.63995
771,-145,-1700,1706.17,5.98657
772,-1524,-1366,2046.59,7.18102
773,-2949,-176,2954.25,10.36578
774,-1745,847,1939.70,6.80596
775,318,970,1020.80,3.58174
776,-216,1586,1600.64,5.61628
777,-2482,1728,3024.29,10.61153
778,-1857,166,1864.40,6.54177
779,255,-1707,1725.94,6.05594
780,1243,-2087,2429.12,8.52322
781,290,-1056,1095.10,3.84244
782,-980,-301,1025.18,3.59713
783,-1776,-879,1981.62,6.95305
784,-2532,-2235,3377.31,11.85022
785,-2400,-1577,2871.75,10.07630
786,-1787,276,1808.19,6.34452
787,-1227,1221,1731.00,6.07369
788,-802,1638,1823.80,6.39930
789,-1224,1092,1640.32,5.75550
790,-2900,317,2917.27,10.23605
791,-4613,-1663,4903.60,17.20563
792,-3959,-2684,4783.05,16.78262
793,-1412,-1618,2147.48,7.53502
794,47,-89,100.65,0.35315
795,129,677,689.18,2.41818
796,266,1136,1166.73,4.09378
797,244,679,721.51,2.53161
798,-451,-159,478.21,1.67792
799,-353,-684,769.72,2.70076
800,43,-505,506.83,1.77834
801,13,238,238.35,0.83633
802,-692,607,920.50,3.22981
803,-775,756,1082.66,3.79882
804,80,706,710.52,2.49305
805,1252,249,1276.52,4.47902
806,1166,3,1166.00,4.09124
807,433,-90,442.25,1.55177
808,-64,-295,301.86,1.05917
809,-37,-709,709.96,2.49110
810,-36,-538,539.20,1.89194
811,-227,-410,468.65,1.64437
812,-354,-424,552.35,1.93807
813,-51,179,186.12,0.65307
814,33,880,880.62,3.08989
815,-132,510,526.81,1.84844
816,-397,-182,436.73,1.53239
817,-272,-885,925.86,3.24862
818,85,-834,838.32,2.94147
819,-234,-542,590.36,2.07142
820,-658,-222,694.44,2.43663
821,-641,-491,807.44,2.83313
822,-235,-968,996.12,3.49515
823,12,-748,748.10,2.62490
824,-160,73,175.87,0.61708
825,-511,488,706.59,2.47925
826,-392,-42,394.24,1.38331
827,-219,-675,709.64,2.48996
828,-448,-1136,1221.15,4.28473
829,-546,-1194,1312.92,4.60673
830,94,-944,948.67,3.32866
831,484,-391,622.20,2.18317
832,395,230,457.08,1.60380
833,-260,647,697.29,2.44662
834,-672,320,744.30,2.61158
835,-490,-160,515.46,1.80863
836,54,-495,497.94,1.74715
837,264,-901,938.88,3.29432
838,-221,-1048,1071.05,3.75807
839,-850,-617,1050.33,3.68536
840,-718,-271,767.44,2.69277
841,-315,59,320.48,1.12448
842,-232,65,240.93,0.84538
843,-298,75,307.29,1.07822
844,-240,-99,259.62,0.91094
845,-4,-491,491.02,1.72286
846,130,-462,479.94,1.68401
847,103,-25,105.99,0.37190
848,233,190,300.65,1.05490
849,250,-197,318.29,1.11681
850,142,-434,456.64,1.60225
851,140,-702,715.82,2.51166
# END
# FRAME,179,RX_TS,40363128510,FP_INDEX,753.3125,FP_INT,753,RXPACC,263,RXPWR,-67.98,STD_NOISE,136.00,NTM,13,NOISE_THRESH,1768.00,PEAK_IDX,755,PEAK_AMPL,17768,START,703,elapsed_s,18.0783
sample,real,imag,amplitude,amplitude_norm
703,158,-77,175.76,0.66830
704,-57,77,95.80,0.36427
705,-103,-69,123.98,0.47139
706,288,-554,624.39,2.37410
707,434,-857,960.63,3.65258
708,271,-811,855.08,3.25126
709,-136,-35,140.43,0.53396
710,-266,789,832.63,3.16590
711,-132,611,625.10,2.37679
712,184,63,194.49,0.73949
713,342,-167,380.60,1.44713
714,100,-218,239.84,0.91195
715,-80,-271,282.56,1.07438
716,2,-290,290.01,1.10269
717,142,-97,171.97,0.65387
718,69,221,231.52,0.88031
719,-1,196,196.00,0.74526
720,108,155,188.92,0.71831
721,188,-183,262.36,0.99757
722,255,-679,725.30,2.75781
723,503,-799,944.15,3.58991
724,291,-655,716.73,2.72522
725,-47,168,174.45,0.66331
726,-185,992,1009.10,3.83689
727,-50,630,631.98,2.40297
728,364,-106,379.12,1.44152
729,377,-210,431.54,1.64085
730,296,-417,511.38,1.94439
731,226,-607,647.71,2.46277
732,65,-673,676.13,2.57084
733,-9,87,87.46,0.33256
734,-230,647,686.67,2.61089
735,-123,561,574.33,2.18375
736,-7,197,197.12,0.74952
737,8,342,342.09,1.30074
738,-388,749,843.53,3.20734
739,-431,979,1069.67,4.06720
740,-227,956,982.58,3.73605
741,181,304,353.80,1.34526
742,415,-540,681.05,2.58953
743,151,-275,313.73,1.19289
744,-137,395,418.08,1.58967
745,-119,718,727.79,2.76728
746,-178,1022,1037.39,3.94443
747,-124,1082,1089.08,4.14100
748,-231,901,930.14,3.53666
749,155,225,273.22,1.03887
750,292,-489,569.55,2.16558
751,77,-276,286.54,1.08950
752,-937,-204,958.95,3.64620
753,-5438,-1945,5775.37,21.95957
754,-14488,-5098,15358.77,58.39836
755,-16483,-4994,17222.93,65.48643
756,-15838,-3244,16166.81,61.47076
757,-260,2075,2091.23,7.95143
758,14829,6207,16075.64,61.12409
759,10687,3583,11271.64,42.85794
760,-1586,-829,1789.59,6.80453
761,-4176,-1259,4361.66,16.58425
762,178,1071,1085.69,4.12810
763,1804,2014,2703.81,10.28066
764,1152,1461,1860.54,7.07431
765,675,202,704.58,2.67900
766,255,-340,425.00,1.61597
767,800,24,800.36,3.04319
768,1024,7,1024.02,3.89363
769,531,-147,550.97,2.09495
770,204,366,419.01,1.59321
771,274,1104,1137.49,4.32507
772,928,1098,1437.63,5.46628
773,2029,-252,2044.59,7.77410
774,1339,-1423,1953.93,7.42940
775,-56,-881,882.78,3.35657
776,-1142,-443,1224.91,4.65747
777,196,-1375,1388.90,5.28099
778,1736,-1641,2388.84,9.08306
779,1164,37,1164.59,4.42809
780,-299,1847,1871.05,7.11424
781,-1088,1734,2047.07,7.78354
782,-218,674,708.38,2.69345
783,974,-18,974.17,3.70405
784,2124,370,2155.99,8.19767
785,2983,823,3094.45,11.76597
786,2039,-186,2047.47,7.78504
787,1222,-1150,1678.03,6.38034
788,611,-1796,1897.09,7.21326
789,340,-1372,1413.50,5.37453
790,710,-1177,1374.57,5.22648
791,3144,-878,3264.29,12.41177
792,4713,378,4728.13,17.97770
793,3748,1067,3896.92,14.81719
794,901,600,1082.50,4.11596
795,-195,50,201.31,0.76543
796,-517,-339,618.23,2.35069
797,-652,-436,784.35,2.98231
798,38,-417,418.73,1.59212
799,664,6,664.03,2.52482
800,603,464,760.86,2.89300
801,50,387,390.22,1.48371
802,-69,-175,188.11,0.71525
803,449,-641,782.61,2.97571
804,212,-900,924.63,3.51571
805,-677,-275,730.72,2.77841
806,-761,391,855.57,3.25312
807,-432,341,550.37,2.09265
808,98,183,207.59,0.78931
809,322,302,441.46,1.67856
810,227,562,606.11,2.30461
811,135,430,450.69,1.71367
812,341,361,496.59,1.88818
813,269,-69,277.71,1.05593
814,37,-618,619.11,2.35402
815,-149,-630,647.38,2.46152
816,-134,-224,261.02,0.99248
817,218,151,265.19,1.00832
818,402,476,623.04,2.36898
819,400,545,676.04,2.57048
820,534,246,587.94,2.23551
821,606,29,606.69,2.30682
822,322,286,430.67,1.63754
823,377,630,734.19,2.79158
824,272,430,508.81,1.93463
825,200,-135,241.30,0.91749
826,283,-493,568.45,2.16142
827,302,17,302.48,1.15011
828,557,635,844.67,3.21169
829,855,913,1250.84,4.75604
830,231,863,893.38,3.39689
831,-159,773,789.18,3.00070
832,-460,327,564.38,2.14595
833,-368,-200,418.84,1.59253
834,133,-659,672.29,2.55623
835,539,-343,638.88,2.42921
836,366,302,474.51,1.80422
837,26,1001,1001.34,3.80737
838,-74,1092,1094.50,4.16161
839,553,405,685.44,2.60625
840,957,31,957.50,3.64069
841,725,90,730.56,2.77781
842,143,108,179.20,0.68137
843,119,-33,123.49,0.46955
844,181,-185,258.82,0.98409
845,205,267,336.62,1.27993
846,-40,689,690.16,2.62418
847,-218,380,438.09,1.66575
848,-280,-97,296.33,1.12671
849,-276,-61,282.66,1.07476
850,-41,387,389.17,1.47972
851,162,718,736.05,2.79867
852,135,775,786.67,2.99114
# END
# FRAME,180,RX_TS,46752987937,FP_INDEX,746.4844,FP_INT,746,RXPACC,268,RXPWR,-68.05,STD_NOISE,132.00,NTM,13,NOISE_THRESH,1716.00,PEAK_IDX,748,PEAK_AMPL,18115,START,696,elapsed_s,18.1911
sample,real,imag,amplitude,amplitude_norm
696,-76,27,80.65,0.30095
697,107,68,126.78,0.47306
698,40,218,221.64,0.82701
699,-412,-236,474.81,1.77166
700,-776,-507,926.94,3.45875
701,-782,-443,898.76,3.35359
702,-163,-116,200.06,0.74650
703,756,96,762.07,2.84355
704,718,91,723.74,2.70054
705,161,-13,161.52,0.60270
706,-105,-153,185.56,0.69240
707,-237,-78,249.51,0.93099
708,-270,160,313.85,1.17107
709,-245,-37,247.78,0.92455
710,-166,-129,210.23,0.78444
711,100,-102,142.84,0.53299
712,267,-30,268.68,1.00254
713,170,-129,213.40,0.79628
714,-81,-96,125.61,0.46868
715,-705,-110,713.53,2.66243
716,-721,-500,877.41,3.27390
717,-620,-396,735.67,2.74505
718,-3,-123,123.04,0.45909
719,930,92,934.54,3.48709
720,815,110,822.39,3.06862
721,5,-198,198.06,0.73904
722,-222,-115,250.02,0.93290
723,-417,-280,502.28,1.87419
724,-667,-95,673.73,2.51392
725,-689,-134,701.91,2.61907
726,-271,-109,292.10,1.08992
727,592,47,593.86,2.21591
728,678,217,711.88,2.65627
729,201,164,259.42,0.96797
730,226,108,250.48,0.93463
731,595,456,749.64,2.79717
732,910,647,1116.56,4.16627
733,950,489,1068.47,3.98682
734,502,130,518.56,1.93492
735,-458,-103,469.44,1.75164
736,-448,-75,454.23,1.69490
737,258,124,286.25,1.06810
738,736,101,742.90,2.77201
739,997,298,1040.58,3.88277
740,1091,240,1117.09,4.16823
741,1018,481,1125.92,4.20118
742,460,167,489.38,1.82603
743,-406,-133,427.23,1.59414
744,-439,51,441.95,1.64908
745,-149,626,643.49,2.40108
746,-1439,4050,4298.05,16.03749
747,-5536,13172,14288.07,53.31368
748,-6555,16474,17730.22,66.15754
749,-6085,16343,17439.06,65.07112
750,-3684,5080,6275.21,23.41496
751,854,-14007,14033.01,52.36198
752,1985,-13611,13754.98,51.32456
753,646,-572,862.84,3.21957
754,2,4825,4825.00,18.00373
755,1003,1077,1471.71,5.49147
756,1347,-1466,1990.87,7.42862
757,1275,-1061,1658.72,6.18925
758,916,-471,1030.00,3.84328
759,265,-19,265.68,0.99134
760,143,-563,580.88,2.16745
761,118,-1293,1298.37,4.84468
762,16,-978,978.13,3.64974
763,401,-306,504.42,1.88215
764,1053,-88,1056.67,3.94280
765,1323,-502,1415.04,5.27999
766,286,-1844,1866.05,6.96286
767,-1046,-1474,1807.43,6.74413
768,-851,-8,851.04,3.17551
769,-303,1431,1462.73,5.45794
770,-806,410,904.29,3.37421
771,-1377,-1799,2265.51,8.45339
772,-105,-1454,1457.79,5.43950
773,1622,88,1624.39,6.06114
774,2006,1376,2432.57,9.07677
775,934,623,1122.71,4.18923
776,128,-885,894.21,3.33660
777,380,-2121,2154.77,8.04019
778,1165,-3069,3282.68,12.24881
779,533,-2244,2306.43,8.60609
780,-671,-1270,1436.36,5.35957
781,-1455,-615,1579.64,5.89416
782,-1605,-160,1612.96,6.01849
783,-1161,-458,1248.07,4.65699
784,-800,-2508,2632.50,9.82277
785,556,-4672,4704.97,17.55585
786,1406,-4240,4467.04,16.66806
787,979,-1460,1757.85,6.55915
788,117,-64,133.36,0.49761
789,-580,235,625.80,2.33507
790,-882,326,940.32,3.50865
791,-462,41,463.82,1.73066
792,36,-464,465.39,1.73655
793,436,-451,627.29,2.34065
794,547,44,548.77,2.04764
795,85,207,223.77,0.83497
796,-436,-224,490.18,1.82901
797,-752,-187,774.90,2.89143
798,-338,574,666.12,2.48553
799,278,821,866.79,3.23429
800,408,569,700.16,2.61254
801,155,360,391.95,1.46250
802,214,-39,217.52,0.81166
803,588,-182,615.52,2.29673
804,477,-53,479.94,1.79080
805,374,-151,403.33,1.50497
806,189,-251,314.20,1.17239
807,-523,113,535.07,1.99652
808,-682,228,719.10,2.68322
809,-146,124,191.55,0.71474
810,189,-126,227.15,0.84757
811,485,-303,571.87,2.13384
812,544,-212,583.85,2.17854
813,292,-404,498.48,1.85999
814,119,-613,624.44,2.33001
815,359,-408,543.46,2.02782
816,628,-347,717.49,2.67720
817,456,-239,514.84,1.92103
818,-235,-302,382.66,1.42784
819,-497,-285,572.92,2.13775
820,-51,-267,271.83,1.01428
821,634,-365,731.56,2.72970
822,1011,-933,1375.72,5.13329
823,995,-440,1087.95,4.05950
824,896,141,907.03,3.38443
825,436,507,668.69,2.49511
826,-127,597,610.36,2.27746
827,-602,95,609.45,2.27407
828,-306,-469,560.00,2.08954
829,233,-392,456.02,1.70156
830,968,100,973.15,3.63116
831,1222,170,1233.77,4.60361
832,624,-279,683.53,2.55050
833,99,-884,889.53,3.31913
834,90,-812,816.97,3.04840
835,99,-252,270.75,1.01026
836,55,-73,91.40,0.34105
837,-20,-157,158.27,0.59056
838,314,-316,445.48,1.66224
839,713,-95,719.30,2.68396
840,505,172,533.49,1.99063
841,-19,183,183.98,0.68651
842,12,131,131.55,0.49085
843,415,7,415.06,1.54873
844,591,-52,593.28,2.21374
845,761,36,761.85,2.84273
# END
# FRAME,181,RX_TS,53142780248,FP_INDEX,748.3594,FP_INT,748,RXPACC,263,RXPWR,-69.20,STD_NOISE,124.00,NTM,13,NOISE_THRESH,1612.00,PEAK_IDX,751,PEAK_AMPL,16604,START,698,elapsed_s,18.2787
sample,real,imag,amplitude,amplitude_norm
698,-40,68,78.89,0.29997
699,-68,-133,149.38,0.56797
700,124,-56,136.06,0.51733
701,-75,635,639.41,2.43123
702,-291,938,982.10,3.73423
703,-207,934,956.66,3.63750
704,-184,666,690.95,2.62719
705,-53,-388,391.60,1.48899
706,-54,-605,607.41,2.30953
707,-6,-126,126.14,0.47963
708,-205,79,219.70,0.83534
709,69,207,218.20,0.82965
710,241,229,332.45,1.26406
711,124,293,318.16,1.20973
712,21,352,352.63,1.34078
713,-200,187,273.80,1.04108
714,-91,-48,102.88,0.39119
715,53,-144,153.44,0.58344
716,7,67,67.36,0.25614
717,129,633,646.01,2.45632
718,-141,837,848.79,3.22735
719,-106,847,853.61,3.24565
720,-135,492,510.19,1.93987
721,-32,-523,523.98,1.99231
722,-22,-621,621.39,2.36270
723,-156,-18,157.04,0.59709
724,-209,292,359.09,1.36536
725,-88,530,537.26,2.04280
726,59,688,690.53,2.62557
727,128,785,795.37,3.02421
728,89,586,592.72,2.25369
729,-301,-210,367.02,1.39550
730,-76,-567,572.07,2.17517
731,140,-191,236.81,0.90043
732,124,-193,229.40,0.87225
733,320,-749,814.49,3.09694
734,404,-1001,1079.45,4.10438
735,237,-977,1005.33,3.82257
736,125,-709,719.93,2.73739
737,83,95,126.15,0.47966
738,-31,320,321.50,1.22243
739,120,-133,179.13,0.68112
740,-56,-555,557.82,2.12098
741,-86,-909,913.06,3.47171
742,-150,-1034,1044.82,3.97271
743,40,-1029,1029.78,3.91550
744,-63,-784,786.53,2.99060
745,-104,19,105.72,0.40198
746,242,223,329.08,1.25125
747,765,43,766.21,2.91334
748,4791,274,4798.83,18.24650
749,14092,712,14109.98,53.65010
750,16469,-157,16469.75,62.62262
751,16465,-714,16480.47,62.66340
752,12020,542,12032.21,45.74986
753,-6091,2771,6691.69,25.44369
754,-10634,2411,10903.89,41.45967
755,-1764,310,1791.03,6.81001
756,2397,-867,2548.98,9.69194
757,-427,-1239,1310.52,4.98295
758,-2035,-1128,2326.72,8.84683
759,-1357,-1141,1772.94,6.74123
760,-1111,-836,1390.40,5.28670
761,-793,-175,812.08,3.08776
762,-667,104,675.06,2.56677
763,-1292,399,1352.21,5.14147
764,-1241,525,1347.48,5.12350
765,-799,-48,800.44,3.04350
766,-669,-878,1103.83,4.19708
767,-1132,-1079,1563.86,5.94624
768,-1946,179,1954.22,7.43048
769,-2017,1681,2625.65,9.98347
770,-403,1034,1109.76,4.21962
771,912,-71,914.76,3.47817
772,103,652,660.09,2.50983
773,-1501,1795,2339.88,8.89687
774,-1503,574,1608.88,6.11740
775,-593,-1451,1567.50,5.96007
776,292,-1955,1976.69,7.51592
777,176,-667,689.83,2.62293
778,-966,490,1083.17,4.11852
779,-2179,274,2196.16,8.35042
780,-3326,-110,3327.82,12.65330
781,-2442,430,2479.57,9.42802
782,-1065,1229,1626.24,6.18343
783,-31,1617,1617.30,6.14942
784,290,1987,2008.05,7.63518
785,-693,1886,2009.29,7.63988
786,-2891,1890,3453.98,13.13301
787,-4921,1120,5046.84,19.18952
788,-4538,-70,4538.54,17.25681
789,-1735,-341,1768.19,6.72317
790,-125,222,254.77,0.96872
791,394,731,830.42,3.15749
792,687,939,1163.48,4.42389
793,159,582,603.33,2.29402
794,-842,215,869.02,3.30424
795,-758,-288,810.87,3.08315
796,-23,-530,530.50,2.01711
797,301,-136,330.30,1.25589
798,-94,344,356.61,1.35594
799,59,639,641.72,2.43999
800,645,303,712.62,2.70960
801,1103,-432,1184.58,4.50411
802,631,-550,837.05,3.18272
803,247,-406,475.23,1.80696
804,-176,-299,346.95,1.31922
805,-301,-460,549.73,2.09022
806,-195,-339,391.08,1.48701
807,-300,-338,451.93,1.71838
808,-267,-314,412.17,1.56719
809,320,251,406.70,1.54637
810,297,669,731.96,2.78313
811,-40,345,347.31,1.32057
812,-419,-112,433.71,1.64909
813,-493,-427,652.21,2.47989
814,-342,-500,605.78,2.30333
815,-468,-83,475.30,1.80724
816,-621,311,694.52,2.64077
817,-720,-184,743.14,2.82562
818,-586,-805,995.70,3.78594
819,-146,-527,546.85,2.07928
820,-54,368,371.94,1.41422
821,-252,828,865.50,3.29087
822,-434,246,498.87,1.89685
823,-564,-415,700.23,2.66247
824,-1001,-651,1194.07,4.54019
825,-1011,-581,1166.05,4.43367
826,-419,-598,730.18,2.77636
827,154,-443,469.00,1.78329
828,618,-107,627.19,2.38477
829,305,603,675.75,2.56938
830,-311,549,630.97,2.39912
831,-320,-2,320.01,1.21675
832,-273,-625,682.02,2.59324
833,-448,-896,1001.76,3.80897
834,-828,-396,917.82,3.48982
835,-882,254,917.85,3.48991
836,-767,290,819.99,3.11785
837,-317,76,325.98,1.23948
838,-167,102,195.69,0.74405
839,-209,263,335.93,1.27731
840,-444,132,463.21,1.76124
841,-421,-242,485.60,1.84638
842,-140,-245,282.18,1.07292
843,189,12,189.38,0.72008
844,116,-29,119.57,0.45464
845,-196,-307,364.23,1.38491
846,-299,-447,537.78,2.04480
847,-279,-674,729.46,2.77363
# END
# FRAME,182,RX_TS,59532572570,FP_INDEX,749.2656,FP_INT,749,RXPACC,260,RXPWR,-68.94,STD_NOISE,124.00,NTM,13,NOISE_THRESH,1612.00,PEAK_IDX,752,PEAK_AMPL,17058,START,699,elapsed_s,18.3787
sample,real,imag,amplitude,amplitude_norm
699,83,199,215.62,0.82929
700,-72,203,215.39,0.82842
701,-58,-102,117.34,0.45130
702,701,111,709.73,2.72975
703,1000,251,1031.02,3.96546
704,923,146,934.48,3.59414
705,496,129,512.50,1.97116
706,-375,-81,383.65,1.47557
707,-483,70,488.05,1.87710
708,-138,115,179.64,0.69091
709,28,216,217.81,0.83772
710,266,-167,314.08,1.20799
711,363,-207,417.87,1.60720
712,257,-90,272.30,1.04732
713,217,-47,222.03,0.85397
714,114,138,179.00,0.68845
715,-50,43,65.95,0.25364
716,-192,26,193.75,0.74520
717,165,-45,171.03,0.65779
718,675,29,675.62,2.59855
719,843,139,854.38,3.28609
720,824,63,826.40,3.17848
721,398,72,404.46,1.55562
722,-495,-9,495.08,1.90416
723,-532,109,543.05,2.08866
724,34,330,331.75,1.27595
725,222,296,370.00,1.42308
726,528,47,530.09,2.03880
727,735,-199,761.46,2.92870
728,785,-236,819.71,3.15272
729,432,-126,450.00,1.73077
730,-290,291,410.83,1.58011
731,-423,7,423.06,1.62715
732,-229,-86,244.62,0.94083
733,-351,3,351.01,1.35005
734,-815,-273,859.51,3.30580
735,-1027,-233,1053.10,4.05038
736,-931,-115,938.08,3.60798
737,-607,99,615.02,2.36546
738,94,96,134.36,0.51676
739,105,-13,105.80,0.40693
740,-282,-204,348.05,1.33866
741,-559,26,559.60,2.15232
742,-956,319,1007.82,3.87622
743,-1018,265,1051.93,4.04587
744,-1008,94,1012.37,3.89374
745,-720,215,751.42,2.89006
746,-88,181,201.26,0.77407
747,83,-180,198.21,0.76236
748,-6,-904,904.02,3.47700
749,168,-5953,5955.37,22.90527
750,-234,-14947,14948.83,57.49551
751,-1541,-16500,16571.80,63.73770
752,-2402,-16431,16605.64,63.86786
753,-1742,-10482,10625.76,40.86832
754,1179,6569,6673.96,25.66909
755,2757,8588,9019.69,34.69111
756,1623,1183,2008.39,7.72457
757,-389,-957,1033.04,3.97323
758,-1858,1528,2405.61,9.25234
759,-1591,2054,2598.11,9.99275
760,-936,1243,1556.00,5.98463
761,-439,1261,1335.23,5.13550
762,-157,1096,1107.19,4.25841
763,-11,922,922.07,3.54641
764,624,1154,1311.90,5.04578
765,903,1168,1476.36,5.67830
766,17,735,735.20,2.82768
767,-920,892,1281.43,4.92858
768,-862,1213,1488.09,5.72342
769,697,2042,2157.68,8.29876
770,2039,1896,2784.30,10.70885
771,1226,360,1277.76,4.91447
772,382,-567,683.68,2.62952
773,1466,764,1653.13,6.35821
774,2083,1855,2789.25,10.72788
775,161,1472,1480.78,5.69530
776,-1676,545,1762.39,6.77840
777,-1757,-46,1757.60,6.76001
778,-264,362,448.04,1.72323
779,790,1623,1805.06,6.94252
780,324,2707,2726.32,10.48585
781,15,3533,3533.03,13.58858
782,608,2169,2252.60,8.66386
783,1388,722,1564.55,6.01751
784,1693,-179,1702.44,6.54783
785,2014,-180,2022.03,7.77703
786,2172,1180,2471.84,9.50707
787,2392,3649,4363.13,16.78125
788,1328,5250,5415.36,20.82829
789,-55,4142,4142.37,15.93217
790,-77,1194,1196.48,4.60185
791,402,-67,407.55,1.56748
792,775,-338,845.50,3.25192
793,807,-473,935.40,3.59770
794,448,59,451.87,1.73796
795,261,831,871.02,3.35009
796,-488,598,771.85,2.96864
797,-820,-82,824.09,3.16958
798,-233,-250,341.74,1.31440
799,518,144,537.64,2.06786
800,773,-78,776.93,2.98817
801,193,-674,701.09,2.69649
802,-552,-1016,1156.27,4.44719
803,-564,-448,720.28,2.77030
804,-471,-5,471.03,1.81164
805,-536,332,630.49,2.42497
806,-563,398,689.47,2.65182
807,-329,267,423.71,1.62965
808,-310,430,530.09,2.03882
809,-288,404,496.15,1.90825
810,96,-340,353.29,1.35882
811,525,-358,635.44,2.44402
812,317,-85,328.20,1.26230
813,-179,462,495.46,1.90563
814,-565,631,846.99,3.25764
815,-480,520,707.67,2.72182
816,3,553,553.01,2.12695
817,232,697,734.60,2.82537
818,-381,833,916.00,3.52306
819,-849,655,1072.30,4.12423
820,-332,139,359.92,1.38432
821,541,72,545.77,2.09912
822,824,328,886.88,3.41109
823,75,436,442.40,1.70155
824,-560,668,871.68,3.35261
825,-608,1075,1235.03,4.75010
826,-475,1089,1188.08,4.56956
827,-574,515,771.17,2.96603
828,-363,-109,379.01,1.45774
829,171,-554,579.79,2.22996
830,739,-173,758.98,2.91915
831,593,374,701.09,2.69649
832,58,424,427.95,1.64596
833,-535,376,653.91,2.51505
834,-807,456,926.92,3.56509
835,-177,811,830.09,3.19266
836,432,999,1088.40,4.18617
837,439,759,876.81,3.37236
838,228,300,376.81,1.44926
839,107,238,260.95,1.00364
840,103,217,240.20,0.92386
841,7,423,423.06,1.62715
842,-181,459,493.40,1.89769
843,-43,234,237.92,0.91507
844,68,24,72.11,0.27735
845,-99,-13,99.85,0.38404
846,-306,217,375.13,1.44282
847,-451,356,574.58,2.20991
848,-556,384,675.72,2.59891
# END
# FRAME,183,RX_TS,65922365393,FP_INDEX,750.6250,FP_INT,750,RXPACC,275,RXPWR,-68.61,STD_NOISE,152.00,NTM,13,NOISE_THRESH,1976.00,PEAK_IDX,753,PEAK_AMPL,18893,START,700,elapsed_s,18.4781
sample,real,imag,amplitude,amplitude_norm
700,134,-54,144.47,0.52535
701,191,104,217.48,0.79083
702,80,193,208.92,0.75972
703,-87,-347,357.74,1.30087
704,-159,-978,990.84,3.60306
705,-275,-910,950.64,3.45689
706,-263,-611,665.20,2.41891
707,-41,315,317.66,1.15512
708,242,600,646.97,2.35260
709,198,239,310.36,1.12859
710,329,20,329.61,1.19857
711,-22,-57,61.10,0.22218
712,-405,-159,435.09,1.58216
713,-223,-149,268.20,0.97526
714,-182,-176,253.18,0.92065
715,45,-104,113.32,0.41207
716,92,44,101.98,0.37084
717,83,202,218.39,0.79414
718,12,100,100.72,0.36625
719,-333,-441,552.60,2.00947
720,-263,-825,865.91,3.14875
721,-290,-814,864.12,3.14224
722,-234,-612,655.21,2.38258
723,10,412,412.12,1.49862
724,244,683,725.28,2.63737
725,360,46,362.93,1.31973
726,394,-274,479.91,1.74512
727,79,-380,388.12,1.41136
728,-394,-528,658.80,2.39564
729,-480,-612,777.78,2.82830
730,-352,-363,505.64,1.83870
731,333,314,457.70,1.66435
732,425,556,699.83,2.54483
733,86,315,326.53,1.18738
734,237,291,375.30,1.36473
735,205,791,817.13,2.97139
736,148,1229,1237.88,4.50138
737,308,1050,1094.24,3.97906
738,529,815,971.63,3.53320
739,245,39,248.08,0.90213
740,46,-247,251.25,0.91363
741,-60,242,249.33,0.90664
742,220,518,562.78,2.04648
743,626,844,1050.81,3.82115
744,761,926,1198.58,4.35848
745,561,964,1115.36,4.05584
746,627,765,989.12,3.59679
747,527,73,532.03,1.93466
748,14,0,14.00,0.05091
749,-328,375,498.21,1.81166
750,-3248,1471,3565.58,12.96574
751,-12397,5495,13560.26,49.31004
752,-16490,9107,18837.66,68.50059
753,-16274,10469,19350.53,70.36557
754,-12734,9847,16097.15,58.53508
755,3395,1002,3539.78,12.87192
756,9869,-4592,10885.02,39.58189
757,2327,-2793,3635.35,13.21946
758,-1947,43,1947.47,7.08173
759,978,1162,1518.79,5.52288
760,2623,1085,2838.55,10.32199
761,1787,654,1902.91,6.91969
762,1155,-165,1166.73,4.24264
763,1143,-593,1287.67,4.68244
764,942,-265,978.56,3.55842
765,761,-526,925.09,3.36397
766,412,-1170,1240.42,4.51062
767,448,-676,810.97,2.94900
768,981,477,1090.82,3.96662
769,1571,577,1673.61,6.08585
770,1497,-841,1717.06,6.24385
771,1222,-2624,2894.59,10.52579
772,35,-2006,2006.31,7.29566
773,-1030,-240,1057.59,3.84579
774,-1069,-1277,1665.38,6.05593
775,67,-3351,3351.67,12.18789
776,984,-1712,1974.64,7.18051
777,1278,865,1543.21,5.61169
778,799,1520,1717.21,6.24439
779,266,193,328.64,1.19506
780,636,-1332,1476.05,5.36745
781,1885,-1505,2412.10,8.77129
782,3247,-1436,3550.37,12.91043
783,2509,-1650,3002.93,10.91974
784,499,-1733,1803.41,6.55786
785,-644,-1496,1628.73,5.92264
786,-1170,-1355,1790.23,6.50993
787,-669,-1449,1595.98,5.80357
788,1116,-2801,3015.14,10.96414
789,3811,-3737,5337.50,19.40909
790,4695,-2578,5356.22,19.47717
791,2392,-775,2514.42,9.14333
792,-12,-211,211.34,0.76851
793,-650,-396,761.13,2.76774
794,-749,-343,823.80,2.99564
795,-211,-24,212.36,0.77222
796,719,-347,798.35,2.90311
797,945,-128,953.63,3.46774
798,468,476,667.53,2.42739
799,-241,587,634.55,2.30744
800,-115,-237,263.43,0.95792
801,-295,-528,604.82,2.19935
802,-646,-152,663.64,2.41324
803,-952,678,1168.75,4.25002
804,-460,612,765.60,2.78400
805,192,228,298.07,1.08390
806,669,156,686.95,2.49799
807,1025,441,1115.84,4.05761
808,651,315,723.21,2.62984
809,581,93,588.40,2.13962
810,703,-51,704.85,2.56308
811,53,-90,104.45,0.37980
812,-638,-50,639.96,2.32711
813,-386,-114,402.48,1.46357
814,134,-161,209.47,0.76170
815,857,135,867.57,3.15479
816,788,481,923.20,3.35710
817,661,69,664.59,2.41670
818,504,-418,654.78,2.38103
819,904,-118,911.67,3.31516
820,1087,588,1235.85,4.49398
821,709,402,815.04,2.96377
822,191,-406,448.68,1.63158
823,7,-1167,1167.02,4.24371
824,295,-492,573.66,2.08605
825,752,179,773.01,2.81095
826,1325,285,1355.30,4.92838
827,1592,147,1598.77,5.81372
828,1090,440,1175.46,4.27439
829,337,602,689.91,2.50876
830,-456,321,557.65,2.02783
831,-707,-421,822.85,2.99220
832,-147,-826,838.98,3.05083
833,316,-268,414.34,1.50670
834,628,501,803.36,2.92130
835,837,863,1202.22,4.37172
836,902,302,951.21,3.45896
837,756,-606,968.90,3.52328
838,782,-655,1020.07,3.70936
839,375,-247,449.04,1.63286
840,143,-42,149.04,0.54196
841,82,-163,182.46,0.66350
842,273,-99,290.40,1.05599
843,491,220,538.03,1.95649
844,328,250,412.41,1.49968
845,-39,13,41.11,0.14949
846,-32,102,106.90,0.38873
847,258,268,372.01,1.35275
848,422,361,555.34,2.01943
849,518,467,697.43,2.53612
# END
# FRAME,184,RX_TS,72312147964,FP_INDEX,751.1562,FP_INT,751,RXPACC,284,RXPWR,-68.52,STD_NOISE,128.00,NTM,13,NOISE_THRESH,1664.00,PEAK_IDX,753,PEAK_AMPL,19298,START,701,elapsed_s,18.5948
sample,real,imag,amplitude,amplitude_norm
701,-132,-68,148.49,0.52284
702,186,-19,186.97,0.65834
703,-20,192,193.04,0.67971
704,-607,633,877.01,3.08805
705,-689,744,1014.03,3.57053
706,-381,719,813.71,2.86517
707,448,-132,467.04,1.64451
708,812,-617,1019.82,3.59092
709,403,-326,518.35,1.82517
710,-236,-146,277.51,0.97715
711,-304,17,304.47,1.07209
712,-21,305,305.72,1.07649
713,-4,432,432.02,1.52119
714,-68,306,313.46,1.10375
715,-33,-33,46.67,0.16433
716,57,-146,156.73,0.55187
717,71,-65,96.26,0.33894
718,-228,-108,252.29,0.88833
719,-332,413,529.90,1.86584
720,-597,646,879.62,3.09724
721,-581,700,909.70,3.20318
722,-354,608,703.55,2.47728
723,434,-274,513.26,1.80724
724,753,-696,1025.39,3.61053
725,155,-197,250.67,0.88263
726,-448,151,472.76,1.66466
727,-540,157,562.36,1.98014
728,-404,449,604.00,2.12676
729,-323,749,815.68,2.87210
730,-173,630,653.32,2.30043
731,198,-334,388.28,1.36718
732,569,-584,815.36,2.87100
733,406,-289,498.35,1.75477
734,143,-151,207.97,0.73228
735,188,-428,467.47,1.64602
736,805,-680,1053.77,3.71045
737,801,-748,1095.95,3.85898
738,519,-741,904.68,3.18549
739,-326,42,328.69,1.15737
740,-689,449,822.39,2.89573
741,-94,103,139.45,0.49100
742,268,-432,508.38,1.79006
743,625,-731,961.76,3.38649
744,553,-903,1058.88,3.72844
745,563,-864,1031.24,3.63114
746,434,-679,805.85,2.83751
747,-291,-82,302.33,1.06455
748,-465,375,597.37,2.10341
749,-25,270,271.15,0.95477
750,1509,1210,1934.21,6.81061
751,7075,6095,9338.34,32.88149
752,14957,11420,18818.29,66.26160
753,16469,11390,20023.99,70.50700
754,14373,7668,16290.53,57.36102
755,-3252,-6455,7227.90,25.45035
756,-12058,-13637,18203.38,64.09642
757,-5461,-6210,8269.62,29.11838
758,2672,2958,3986.14,14.03572
759,2139,3228,3872.38,13.63513
760,-877,-1288,1558.23,5.48672
761,-698,-2674,2763.60,9.73098
762,-146,-1361,1368.81,4.81975
763,-342,270,435.73,1.53427
764,-647,381,750.85,2.64382
765,-1156,-396,1221.95,4.30263
766,-802,-33,802.68,2.82633
767,-458,359,581.93,2.04906
768,63,-430,434.59,1.53025
769,71,-1324,1325.90,4.66867
770,-930,-1103,1442.74,5.08008
771,-2261,276,2277.78,8.02036
772,-1732,1231,2124.90,7.48203
773,67,887,889.53,3.13214
774,622,1268,1412.34,4.97303
775,-1553,1808,2383.42,8.39231
776,-2141,991,2359.23,8.30714
777,-452,-877,986.63,3.47404
778,1249,-1426,1895.65,6.67481
779,1065,-319,1111.75,3.91461
780,-288,354,456.36,1.60688
781,-1331,-13,1331.06,4.68684
782,-2062,-1260,2416.49,8.50878
783,-2547,-1612,3014.26,10.61359
784,-1839,14,1839.05,6.47554
785,-1144,871,1437.84,5.06281
786,-347,1268,1314.62,4.62895
787,28,738,738.53,2.60046
788,-1085,563,1222.37,4.30413
789,-3699,-877,3801.54,13.38572
790,-4328,-2342,4921.03,17.32758
791,-2562,-2070,3293.74,11.59769
792,-344,-365,501.56,1.76605
793,-98,461,471.30,1.65951
794,-117,720,729.44,2.56847
795,-146,232,274.12,0.96520
796,-273,-35,275.23,0.96914
797,-347,-382,516.07,1.81716
798,-36,-350,351.85,1.23890
799,373,-12,373.19,1.31406
800,-146,402,427.69,1.50596
801,-539,600,806.55,2.83996
802,-89,651,657.06,2.31358
803,913,176,929.81,3.27398
804,1061,-196,1078.95,3.79913
805,662,-66,665.28,2.34254
806,-144,-280,314.86,1.10866
807,-361,-874,945.62,3.32965
808,104,-842,848.40,2.98732
809,157,-393,423.20,1.49014
810,-124,-227,258.66,0.91077
811,-144,288,321.99,1.13378
812,-263,609,663.36,2.33578
813,-148,610,627.70,2.21020
814,-159,131,206.01,0.72540
815,-310,-414,517.20,1.82113
816,-47,-547,549.02,1.93315
817,-154,-392,421.17,1.48298
818,-493,46,495.14,1.74346
819,-446,-279,526.08,1.85238
820,182,-695,718.44,2.52970
821,186,-725,748.48,2.63549
822,-160,-50,167.63,0.59025
823,-639,524,826.38,2.90977
824,-605,393,721.44,2.54028
825,-247,-405,474.38,1.67034
826,-284,-1016,1054.95,3.71460
827,-485,-1180,1275.78,4.49220
828,157,-733,749.63,2.63953
829,297,-556,630.35,2.21955
830,543,93,550.91,1.93981
831,180,678,701.49,2.47002
832,-471,725,864.56,3.04423
833,-567,92,574.42,2.02259
834,15,-329,329.34,1.15965
835,420,-908,1000.43,3.52265
836,412,-766,869.77,3.06257
837,-589,-419,722.83,2.54517
838,-854,-238,886.54,3.12163
839,-472,-177,504.10,1.77499
840,-63,25,67.78,0.23866
841,-165,125,207.00,0.72888
842,-218,32,220.34,0.77583
843,49,-517,519.32,1.82858
844,433,-515,672.84,2.36916
845,243,-36,245.65,0.86497
846,28,258,259.51,0.91378
847,112,-37,117.95,0.41533
848,146,-365,393.12,1.38421
849,150,-526,546.97,1.92595
850,281,-611,672.52,2.36803
# END
# FRAME,185,RX_TS,78701940229,FP_INDEX,750.8125,FP_INT,750,RXPACC,263,RXPWR,-68.81,STD_NOISE,128.00,NTM,13,NOISE_THRESH,1664.00,PEAK_IDX,753,PEAK_AMPL,16998,START,700,elapsed_s,18.6777
sample,real,imag,amplitude,amplitude_norm
700,-70,181,194.06,0.73789
701,-131,-111,171.70,0.65286
702,145,-216,260.16,0.98919
703,139,218,258.54,0.98306
704,-135,856,866.58,3.29498
705,-89,962,966.11,3.67341
706,-31,838,838.57,3.18849
707,49,-74,88.75,0.33746
708,-42,-736,737.20,2.80303
709,42,-369,371.38,1.41210
710,-173,169,241.85,0.91957
711,-171,176,245.39,0.93305
712,152,274,313.34,1.19140
713,212,325,388.03,1.47541
714,132,355,378.75,1.44010
715,-27,164,166.21,0.63197
716,-96,-20,98.06,0.37286
717,75,-156,173.09,0.65815
718,-9,31,32.28,0.12274
719,133,516,532.86,2.02610
720,-94,847,852.20,3.24030
721,-15,790,790.14,3.00434
722,-7,727,727.03,2.76439
723,-102,-154,184.72,0.70234
724,-31,-808,808.59,3.07450
725,-57,-181,189.76,0.72153
726,-193,328,380.57,1.44703
727,-226,466,517.91,1.96924
728,23,619,619.43,2.35524
729,216,758,788.18,2.99686
730,289,664,724.17,2.75348
731,-208,-48,213.47,0.81166
732,-192,-682,708.51,2.69396
733,91,-332,344.25,1.30892
734,184,-141,231.81,0.88142
735,174,-557,583.55,2.21880
736,242,-1047,1074.60,4.08595
737,136,-1012,1021.10,3.88250
738,80,-885,888.61,3.37874
739,-41,-4,41.19,0.15663
740,28,544,544.72,2.07118
741,103,-41,110.86,0.42152
742,-108,-444,456.95,1.73744
743,-157,-800,815.26,3.09985
744,-204,-907,929.66,3.53482
745,-70,-989,991.47,3.76986
746,-119,-922,929.65,3.53478
747,-179,-134,223.60,0.85019
748,38,317,319.27,1.21395
749,383,7,383.06,1.45652
750,2160,-254,2174.88,8.26952
751,10504,-173,10505.42,39.94458
752,16300,-1225,16345.97,62.15197
753,16463,-2268,16618.49,63.18818
754,15105,-2042,15242.40,57.95589
755,-1792,917,2013.00,7.65398
756,-13670,1941,13807.11,52.49853
757,-5141,160,5143.49,19.55699
758,3219,-819,3321.55,12.62948
759,1437,-310,1470.06,5.58957
760,-2121,-472,2172.88,8.26192
761,-1892,-1152,2215.12,8.42252
762,-955,-1191,1526.60,5.80456
763,-545,-230,591.54,2.24922
764,-436,235,495.30,1.88327
765,-1099,484,1200.86,4.56600
766,-930,517,1064.04,4.04579
767,-542,315,626.89,2.38361
768,-423,-577,715.44,2.72031
769,-930,-1029,1386.99,5.27373
770,-1404,-271,1429.92,5.43694
771,-1853,1517,2394.76,9.10557
772,-725,1777,1919.21,7.29736
773,501,442,668.11,2.54033
774,914,422,1006.72,3.82782
775,-587,2045,2127.58,8.08965
776,-1316,1524,2013.56,7.65613
777,-1026,-804,1303.49,4.95624
778,-277,-2262,2278.90,8.66501
779,44,-1201,1201.81,4.56960
780,-403,466,616.09,2.34254
781,-1349,1030,1697.26,6.45347
782,-2732,601,2797.32,10.63622
783,-3061,529,3106.37,11.81131
784,-1428,1250,1897.81,7.21601
785,-175,1468,1478.39,5.62127
786,404,1552,1603.72,6.09780
787,6,1222,1222.01,4.64644
788,-1291,1626,2076.19,7.89425
789,-3983,2105,4505.03,17.12940
790,-4816,1427,5022.97,19.09873
791,-2793,81,2794.17,10.62424
792,-479,-204,520.63,1.97959
793,103,303,320.03,1.21684
794,375,853,931.79,3.54293
795,163,619,640.10,2.43385
796,-496,289,574.05,2.18271
797,-720,-273,770.02,2.92783
798,-187,-426,465.24,1.76896
799,549,-216,589.96,2.24321
800,215,438,487.92,1.85522
801,-25,666,666.47,2.53410
802,374,408,553.48,2.10449
803,758,-254,799.42,3.03964
804,610,-448,756.84,2.87771
805,149,-328,360.26,1.36980
806,-360,-126,381.41,1.45024
807,-675,-530,858.21,3.26316
808,-422,-708,824.23,3.13394
809,-251,-433,500.49,1.90300
810,-346,-356,496.44,1.88760
811,21,51,55.15,0.20971
812,443,570,721.91,2.74489
813,172,445,477.08,1.81401
814,-239,122,268.34,1.02029
815,-546,-398,675.66,2.56906
816,-271,-436,513.36,1.95193
817,-376,-49,379.18,1.44175
818,-488,404,633.53,2.40886
819,-767,0,767.00,2.91635
820,-619,-889,1083.27,4.11891
821,-223,-846,874.90,3.32661
822,-6,49,49.37,0.18770
823,-35,742,742.83,2.82443
824,-318,527,615.51,2.34034
825,-518,-263,580.94,2.20890
826,-806,-650,1035.44,3.93703
827,-1152,-559,1280.46,4.86868
828,-736,-748,1049.38,3.99004
829,-186,-667,692.45,2.63288
830,548,-322,635.60,2.41673
831,549,349,650.54,2.47354
832,-127,780,790.27,3.00483
833,-383,335,508.84,1.93474
834,-347,-355,496.42,1.88753
835,-445,-895,999.52,3.80047
836,-628,-758,984.35,3.74278
837,-740,130,751.33,2.85678
838,-754,363,836.83,3.18186
839,-415,267,493.47,1.87632
840,-157,162,225.59,0.85777
841,-78,283,293.55,1.11617
842,-152,114,190.00,0.72243
843,-352,-319,475.04,1.80624
844,-266,-452,524.46,1.99415
845,-67,-135,150.71,0.57305
846,163,75,179.43,0.68223
847,115,-279,301.77,1.14742
848,-217,-322,388.29,1.47641
849,-234,-444,501.89,1.90832
# END
# FRAME,186,RX_TS,85091732494,FP_INDEX,751.0781,FP_INT,751,RXPACC,260,RXPWR,-68.86,STD_NOISE,136.00,NTM,13,NOISE_THRESH,1768.00,PEAK_IDX,753,PEAK_AMPL,16757,START,701,elapsed_s,18.7808
sample,real,imag,amplitude,amplitude_norm
701,-41,142,147.80,0.56846
702,-185,-78,200.77,0.77220
703,92,-46,102.86,0.39561
704,712,303,773.79,2.97612
705,883,398,968.55,3.72520
706,836,230,867.06,3.33485
707,181,-43,186.04,0.71553
708,-654,-171,675.99,2.59995
709,-373,-113,389.74,1.49900
710,13,200,200.42,0.77085
711,112,220,246.87,0.94949
712,127,-13,127.66,0.49101
713,348,-137,374.00,1.43845
714,344,-33,345.58,1.32915
715,160,151,220.00,0.84616
716,-122,201,235.13,0.90434
717,-135,36,139.72,0.53738
718,-34,157,160.64,0.61784
719,360,53,363.88,1.39954
720,726,299,785.16,3.01985
721,706,342,784.47,3.01721
722,641,154,659.24,2.53554
723,12,-4,12.65,0.04865
724,-835,-187,855.68,3.29109
725,-323,-70,330.50,1.27115
726,275,172,324.36,1.24754
727,326,332,465.30,1.78960
728,489,202,529.08,2.03492
729,697,12,697.10,2.68117
730,846,-139,857.34,3.29747
731,113,95,147.63,0.56780
732,-638,79,642.87,2.47259
733,-408,-133,429.13,1.65050
734,-67,-174,186.45,0.71713
735,-329,-83,339.31,1.30503
736,-1020,-330,1072.05,4.12328
737,-974,-314,1023.36,3.93601
738,-858,-188,878.36,3.37829
739,-273,89,287.14,1.10439
740,400,199,446.77,1.71834
741,63,82,103.41,0.39772
742,-528,90,535.62,2.06006
743,-771,70,774.17,2.97758
744,-932,177,948.66,3.64869
745,-987,160,999.88,3.84571
746,-983,51,984.32,3.78585
747,-487,239,542.49,2.08648
748,264,232,351.45,1.35175
749,132,-90,159.76,0.61447
750,39,-1372,1372.55,5.27905
751,1155,-7858,7942.43,30.54781
752,1963,-15680,15802.40,60.77845
753,1001,-16502,16532.33,63.58589
754,140,-16030,16030.61,61.65620
755,-940,-3021,3163.86,12.16871
756,-3059,12435,12805.73,49.25281
757,-2630,6423,6940.59,26.69459
758,-516,-3396,3434.98,13.21145
759,700,-2535,2629.87,10.11489
760,-259,2304,2318.51,8.91735
761,-1727,2305,2880.20,11.07769
762,-1713,913,1941.12,7.46584
763,-347,597,690.52,2.65585
764,565,696,896.46,3.44792
765,250,1294,1317.93,5.06896
766,148,1015,1025.73,3.94513
767,340,605,693.99,2.66920
768,-279,324,427.57,1.64450
769,-1038,669,1234.91,4.74966
770,-828,1115,1388.82,5.34160
771,818,1978,2140.47,8.23257
772,1728,1512,2296.11,8.83120
773,623,247,670.18,2.57761
774,200,-555,589.94,2.26899
775,1682,938,1925.87,7.40719
776,1983,1975,2798.73,10.76436
777,-100,1333,1336.75,5.14133
778,-1864,330,1892.99,7.28072
779,-1703,1,1703.00,6.55000
780,-316,144,347.26,1.33563
781,608,871,1062.22,4.08545
782,223,2292,2302.82,8.85701
783,-226,3314,3321.70,12.77576
784,672,2168,2269.76,8.72984
785,1438,824,1657.35,6.37444
786,1875,-70,1876.31,7.21656
787,1598,-17,1598.09,6.14650
788,1441,1022,1766.63,6.79471
789,1205,3543,3742.31,14.39349
790,582,5180,5212.59,20.04843
791,-285,3857,3867.52,14.87506
792,18,1135,1135.14,4.36593
793,586,124,598.98,2.30375
794,1177,-326,1221.31,4.69736
795,1093,-374,1155.22,4.44314
796,476,146,497.89,1.91495
797,-150,640,657.34,2.52824
798,-292,336,445.15,1.71212
799,-160,-635,654.85,2.51864
800,444,-459,638.61,2.45618
801,787,99,793.20,3.05078
802,625,-83,630.49,2.42495
803,-137,-614,629.10,2.41961
804,-625,-957,1143.01,4.39620
805,-416,-523,668.27,2.57027
806,-207,74,219.83,0.84550
807,-497,458,675.85,2.59942
808,-596,499,777.31,2.98967
809,-301,391,493.44,1.89784
810,-308,460,553.59,2.12920
811,-151,458,482.25,1.85481
812,475,-310,567.21,2.18157
813,520,-425,671.58,2.58302
814,125,108,165.19,0.63536
815,-436,604,744.92,2.86509
816,-771,425,880.38,3.38607
817,-483,367,606.61,2.33312
818,-8,610,610.05,2.34636
819,-15,907,907.12,3.48894
820,-548,813,980.45,3.77094
821,-715,534,892.40,3.43231
822,-43,350,352.63,1.35628
823,669,345,752.72,2.89507
824,667,479,821.18,3.15837
825,-104,459,470.63,1.81013
826,-728,602,944.66,3.63332
827,-834,1187,1450.70,5.57961
828,-842,763,1136.28,4.37031
829,-652,324,728.07,2.80025
830,-360,-378,522.00,2.00769
831,349,-551,652.23,2.50857
832,753,184,775.15,2.98136
833,404,550,682.43,2.62475
834,-94,383,394.37,1.51679
835,-708,361,794.72,3.05663
836,-905,530,1048.77,4.03374
837,-242,813,848.25,3.26251
838,229,796,828.29,3.18571
839,178,489,520.39,2.00150
840,42,206,210.24,0.80861
841,173,159,234.97,0.90372
842,139,110,177.26,0.68177
843,-337,229,407.44,1.56709
844,-661,160,680.09,2.61573
845,-214,92,232.94,0.89591
846,133,-79,154.69,0.59497
847,-122,-136,182.70,0.70270
848,-241,213,321.64,1.23706
849,-347,233,417.97,1.60757
850,-483,71,488.19,1.87766
# END
# FRAME,187,RX_TS,91481524729,FP_INDEX,750.2500,FP_INT,750,RXPACC,298,RXPWR,-68.84,STD_NOISE,140.00,NTM,13,NOISE_THRESH,1820.00,PEAK_IDX,752,PEAK_AMPL,19933,START,700,elapsed_s,18.8918
sample,real,imag,amplitude,amplitude_norm
700,34,95,100.90,0.33859
701,4,-147,147.05,0.49347
702,52,104,116.28,0.39019
703,491,654,817.80,2.74430
704,645,971,1165.70,3.91176
705,708,749,1030.66,3.45860
706,19,-193,193.93,0.65078
707,-637,-702,947.93,3.18098
708,-445,-375,581.94,1.95281
709,-135,292,321.70,1.07952
710,95,342,354.95,1.19111
711,290,132,318.63,1.06922
712,388,56,392.02,1.31550
713,184,152,238.66,0.80088
714,-36,183,186.51,0.62586
715,-128,90,156.47,0.52508
716,-29,-95,99.33,0.33331
717,-74,146,163.68,0.54927
718,294,313,429.42,1.44102
719,662,629,913.17,3.06434
720,625,707,943.65,3.16661
721,527,509,732.67,2.45863
722,-189,-201,275.90,0.92585
723,-730,-697,1009.31,3.38695
724,-339,-309,458.70,1.53925
725,99,367,380.12,1.27557
726,253,615,665.01,2.23157
727,465,609,766.23,2.57124
728,764,469,896.47,3.00829
729,775,447,894.67,3.00225
730,-165,-109,197.75,0.66360
731,-553,-554,782.77,2.62674
732,-295,-386,485.82,1.63027
733,-55,-159,168.24,0.56458
734,-334,-163,371.65,1.24715
735,-588,-731,938.14,3.14812
736,-796,-941,1232.52,4.13596
737,-718,-664,977.97,3.28177
738,-99,268,285.70,0.95873
739,374,693,787.48,2.64255
740,111,180,211.47,0.70964
741,-387,-337,513.16,1.72203
742,-676,-473,825.05,2.76862
743,-898,-589,1073.93,3.60379
744,-922,-604,1102.22,3.69874
745,-765,-570,954.00,3.20136
746,-152,171,228.79,0.76775
747,411,534,673.85,2.26125
748,332,201,388.10,1.30236
749,1045,-1154,1556.84,5.22429
750,6070,-6034,8558.86,28.72100
751,13205,-14092,19312.08,64.80564
752,13829,-16438,21481.37,72.08512
753,10949,-15092,18645.35,62.56829
754,-3633,1177,3818.90,12.81511
755,-14178,12245,18733.81,62.86514
756,-8269,6648,10610.01,35.60405
757,2227,-2693,3494.54,11.72663
758,3604,-3207,4824.28,16.18885
759,-1031,286,1069.93,3.59038
760,-2765,629,2835.64,9.51558
761,-1716,80,1717.86,5.76464
762,-46,402,404.62,1.35780
763,331,727,798.81,2.68055
764,-436,1214,1289.92,4.32859
765,-344,995,1052.79,3.53284
766,91,569,576.23,1.93366
767,-507,-3,507.01,1.70137
768,-1418,-225,1435.74,4.81792
769,-1580,540,1669.73,5.60312
770,-589,2095,2176.22,7.30276
771,719,1855,1989.47,6.67607
772,671,259,719.25,2.41359
773,1033,-600,1194.61,4.00875
774,1345,1355,1909.20,6.40672
775,943,2345,2527.50,8.48155
776,-589,867,1048.15,3.51727
777,-1565,-1075,1898.64,6.37129
778,-1212,-1117,1648.22,5.53094
779,-465,-2,465.00,1.56042
780,-428,1550,1608.01,5.39599
781,-1525,2584,3000.45,10.06861
782,-2374,2917,3760.95,12.62065
783,-564,1930,2010.72,6.74738
784,762,1446,1634.49,5.48487
785,1597,806,1788.87,6.00291
786,1258,163,1268.52,4.25677
787,712,999,1226.76,4.11665
788,-1098,3597,3760.85,12.62031
789,-2870,4790,5584.00,18.73824
790,-2739,3273,4267.86,14.32169
791,-627,874,1075.64,3.60954
792,337,422,540.05,1.81225
793,909,240,940.15,3.15486
794,847,-191,868.27,2.91365
795,449,227,503.12,1.68832
796,-231,608,650.40,2.18256
797,-511,449,680.24,2.28267
798,-182,-190,263.10,0.88290
799,236,-33,238.30,0.79965
800,352,466,584.00,1.95974
801,672,148,688.10,2.30908
802,400,-793,888.17,2.98044
803,-65,-922,924.29,3.10164
804,-159,-567,588.87,1.97608
805,-286,104,304.32,1.02122
806,-721,286,775.65,2.60286
807,-707,71,710.56,2.38442
808,-471,33,472.15,1.58441
809,-541,276,607.34,2.03804
810,-100,423,434.66,1.45859
811,589,268,647.11,2.17149
812,868,-17,868.17,2.91331
813,201,-74,214.19,0.71876
814,-572,134,587.49,1.97143
815,-819,-125,828.48,2.78015
816,-635,69,638.74,2.14342
817,-275,548,613.13,2.05748
818,-426,641,769.65,2.58271
819,-685,87,690.50,2.31712
820,-900,-18,900.18,3.02074
821,-226,72,237.19,0.79595
822,516,564,764.43,2.56520
823,472,775,907.42,3.04503
824,-341,377,508.34,1.70584
825,-1090,234,1114.83,3.74106
826,-1324,492,1412.46,4.73979
827,-879,-186,898.46,3.01498
828,-501,-446,670.76,2.25087
829,237,-651,692.80,2.32483
830,686,-146,701.36,2.35357
831,725,515,889.30,2.98422
832,37,678,679.01,2.27855
833,-430,140,452.22,1.51751
834,-897,-254,932.27,3.12842
835,-848,-285,894.61,3.00205
836,-528,619,813.60,2.73020
837,-214,924,948.46,3.18274
838,-47,696,697.59,2.34089
839,138,238,275.11,0.92320
840,137,270,302.77,1.01600
841,-25,240,241.30,0.80973
842,-517,-40,518.55,1.74008
843,-585,-354,683.77,2.29453
844,-157,-159,223.45,0.74983
845,240,-8,240.13,0.80582
846,239,-200,311.64,1.04578
847,-112,-140,179.29,0.60164
848,-317,-75,325.75,1.09313
849,-477,-139,496.84,1.66725
# END
# FRAME,188,RX_TS,97871316957,FP_INDEX,750.0469,FP_INT,750,RXPACC,264,RXPWR,-68.35,STD_NOISE,128.00,NTM,13,NOISE_THRESH,1664.00,PEAK_IDX,752,PEAK_AMPL,17261,START,700,elapsed_s,18.9793
sample,real,imag,amplitude,amplitude_norm
700,-171,2,171.01,0.64777
701,165,-197,256.97,0.97337
702,85,111,139.81,0.52957
703,-189,714,738.59,2.79769
704,-333,933,990.65,3.75244
705,-181,885,903.32,3.42166
706,123,195,230.55,0.87330
707,371,-672,767.61,2.90761
708,278,-438,518.78,1.96506
709,-106,-108,151.33,0.57321
710,-235,95,253.48,0.96014
711,56,286,291.43,1.10391
712,184,370,413.23,1.56525
713,109,367,382.84,1.45017
714,-23,89,91.92,0.34820
715,-138,-36,142.62,0.54022
716,4,-119,119.07,0.45101
717,-37,-30,47.63,0.18043
718,24,432,432.67,1.63889
719,-142,846,857.83,3.24937
720,-226,825,855.40,3.24013
721,-180,750,771.30,2.92158
722,124,52,134.46,0.50933
723,369,-783,865.59,3.27876
724,221,-402,458.74,1.73766
725,-181,90,202.14,0.76569
726,-321,287,430.59,1.63103
727,-236,571,617.85,2.34034
728,26,729,729.46,2.76312
729,188,757,780.00,2.95453
730,-8,-34,34.93,0.13230
731,152,-654,671.43,2.54330
732,227,-441,495.99,1.87876
733,184,-78,199.85,0.75701
734,206,-308,370.54,1.40356
735,489,-841,972.83,3.68497
736,451,-984,1082.43,4.10012
737,304,-923,971.77,3.68096
738,-53,-278,283.01,1.07200
739,-290,375,474.05,1.79565
740,-142,121,186.56,0.70667
741,-12,-359,359.20,1.36061
742,47,-761,762.45,2.88807
743,108,-1002,1007.80,3.81744
744,175,-1000,1015.20,3.84544
745,238,-934,963.85,3.65093
746,-178,-318,364.43,1.38041
747,-200,363,414.45,1.56989
748,175,198,264.25,1.00095
749,1503,287,1530.16,5.79605
750,8242,2142,8515.79,32.25679
751,15837,3932,16317.82,61.80992
752,16483,3261,16802.48,63.64577
753,16035,2081,16169.47,61.24799
754,2606,-1101,2829.03,10.71604
755,-13243,-4785,14080.95,53.33695
756,-8997,-4019,9853.85,37.32519
757,1286,-751,1489.23,5.64101
758,2976,639,3043.83,11.52966
759,-743,-102,749.97,2.84079
760,-1518,-1033,1836.14,6.95508
761,-891,-1123,1433.53,5.43004
762,-851,-321,909.53,3.44518
763,-548,347,648.62,2.45691
764,-886,261,923.64,3.49865
765,-1078,156,1089.23,4.12587
766,-633,180,658.09,2.49278
767,-144,-454,476.29,1.80413
768,-395,-1143,1209.33,4.58079
769,-997,-889,1335.79,5.05980
770,-1929,498,1992.25,7.54639
771,-1388,1473,2023.93,7.66638
772,-24,707,707.41,2.67957
773,619,534,817.51,3.09662
774,-899,1623,1855.35,7.02785
775,-1499,1483,2108.62,7.98721
776,-771,-507,922.76,3.49531
777,88,-1990,1991.94,7.54525
778,1,-1446,1446.00,5.47727
779,-427,-49,429.80,1.62804
780,-1235,391,1295.42,4.90688
781,-2101,-130,2105.02,7.97355
782,-2692,-422,2724.88,10.32150
783,-1585,704,1734.31,6.56937
784,-829,1335,1571.45,5.95248
785,-160,1596,1604.00,6.07576
786,110,1218,1222.96,4.63241
787,-667,1280,1443.36,5.46727
788,-3493,1020,3638.88,13.78364
789,-4971,102,4972.05,18.83351
790,-3796,-605,3843.91,14.56026
791,-1023,-244,1051.70,3.98370
792,-232,23,233.14,0.88310
793,206,224,304.32,1.15274
794,653,339,735.75,2.78694
795,186,589,617.67,2.33966
796,-592,330,677.76,2.56729
797,-227,-140,266.70,1.01023
798,657,-156,675.27,2.55783
799,421,425,598.22,2.26598
800,-87,792,796.76,3.01805
801,65,759,761.78,2.88552
802,818,166,834.67,3.16164
803,1039,-314,1085.41,4.11141
804,678,-302,742.22,2.81143
805,20,-206,206.97,0.78397
806,-447,-590,740.21,2.80382
807,-266,-610,665.47,2.52074
808,-277,-419,502.28,1.90259
809,-320,-533,621.68,2.35486
810,-333,-329,468.11,1.77316
811,232,391,454.65,1.72215
812,313,770,831.19,3.14843
813,-170,252,303.98,1.15144
814,-629,-521,816.75,3.09375
815,-241,-835,869.08,3.29198
816,-162,-457,484.86,1.83661
817,-557,63,560.55,2.12330
818,-946,-131,955.03,3.61753
819,-677,-675,956.01,3.62125
820,-361,-816,892.29,3.37988
821,-175,42,179.97,0.68170
822,-207,820,845.72,3.20350
823,-362,701,788.95,2.98845
824,-379,-121,397.85,1.50700
825,-507,-655,828.30,3.13748
826,-968,-719,1205.81,4.56747
827,-462,-808,930.76,3.52559
828,166,-766,783.78,2.96887
829,478,-189,514.01,1.94700
830,327,550,639.87,2.42374
831,-163,757,774.35,2.93314
832,-477,181,510.19,1.93252
833,-308,-342,460.25,1.74336
834,-326,-655,731.64,2.77137
835,-288,-770,822.10,3.11400
836,-659,-231,698.31,2.64513
837,-687,113,696.23,2.63724
838,-351,106,366.66,1.38885
839,-4,33,33.24,0.12591
840,-43,198,202.62,0.76748
841,-91,111,143.53,0.54369
842,-175,-254,308.45,1.16837
843,58,-612,614.74,2.32857
844,148,-249,289.66,1.09721
845,329,129,353.39,1.33859
846,313,3,313.01,1.18566
847,-18,-193,193.84,0.73423
848,-125,-295,320.39,1.21360
849,-103,-466,477.25,1.80775
# END
# FRAME,189,RX_TS,104261109173,FP_INDEX,749.7969,FP_INT,749,RXPACC,276,RXPWR,-68.03,STD_NOISE,132.00,NTM,13,NOISE_THRESH,1716.00,PEAK_IDX,752,PEAK_AMPL,18019,START,699,elapsed_s,19.0753
sample,real,imag,amplitude,amplitude_norm
699,197,27,198.84,0.72044
700,13,-12,17.69,0.06410
701,-92,-110,143.40,0.51957
702,216,336,399.44,1.44725
703,549,773,948.12,3.43521
704,644,832,1052.12,3.81204
705,335,630,713.53,2.58525
706,-501,-172,529.70,1.91921
707,-829,-225,858.99,3.11229
708,-460,-196,500.02,1.81165
709,-103,127,163.52,0.59245
710,281,184,335.88,1.21697
711,483,205,524.70,1.90110
712,316,233,392.61,1.42251
713,258,271,374.17,1.35570
714,-16,276,276.46,1.00168
715,-147,-16,147.87,0.53575
716,-98,-11,98.62,0.35730
717,40,9,41.00,0.14855
718,610,398,728.36,2.63897
719,712,766,1045.80,3.78913
720,603,749,961.57,3.48394
721,253,572,625.45,2.26614
722,-515,-36,516.26,1.87050
723,-796,-95,801.65,2.90453
724,-438,-28,438.89,1.59020
725,-1,155,155.00,0.56161
726,269,393,476.25,1.72553
727,656,559,861.87,3.12271
728,614,541,818.34,2.96499
729,447,402,601.18,2.17818
730,-367,44,369.63,1.33923
731,-732,-174,752.40,2.72607
732,-416,-179,452.88,1.64086
733,27,-349,350.04,1.26827
734,-98,-763,769.27,2.78720
735,-291,-826,875.76,3.17305
736,-480,-812,943.26,3.41762
737,-457,-677,816.81,2.95946
738,291,-44,294.31,1.06633
739,797,213,824.97,2.98903
740,350,18,350.46,1.26979
741,-259,-121,285.87,1.03576
742,-710,-466,849.27,3.07706
743,-759,-763,1076.22,3.89935
744,-617,-851,1051.14,3.80847
745,-474,-513,698.46,2.53065
746,117,7,117.21,0.42467
747,602,-44,603.61,2.18698
748,514,-453,685.13,2.48236
749,2060,-1889,2794.98,10.12674
750,9597,-7542,12205.91,44.22430
751,14544,-12635,19265.80,69.80363
752,14627,-13609,19978.84,72.38710
753,11892,-8209,14450.17,52.35568
754,868,9570,9609.28,34.81624
755,-3026,16445,16721.09,60.58364
756,-1239,8420,8510.67,30.83576
757,-634,-2333,2417.61,8.75946
758,-2354,-4529,5104.23,18.49358
759,-1734,-937,1970.97,7.14120
760,-683,470,829.09,3.00395
761,-875,363,947.31,3.43228
762,-849,-95,854.30,3.09528
763,-338,-76,346.44,1.25521
764,11,595,595.10,2.15617
765,-253,1138,1165.78,4.22386
766,-706,421,822.00,2.97825
767,-983,-527,1115.36,4.04114
768,-1063,-345,1117.58,4.04922
769,-1016,987,1416.48,5.13219
770,-305,2115,2136.88,7.74231
771,371,887,961.46,3.48356
772,504,180,535.18,1.93905
773,710,590,923.15,3.34473
774,642,2162,2255.31,8.17140
775,-38,1182,1182.61,4.28482
776,-1051,-576,1198.49,4.34235
777,-1511,-1318,2005.05,7.26469
778,-1265,-334,1308.35,4.74040
779,-783,554,959.17,3.47525
780,-999,873,1326.70,4.80688
781,-1908,1095,2199.88,7.97059
782,-1829,1352,2274.45,8.24078
783,75,1207,1209.33,4.38162
784,827,1109,1383.41,5.01234
785,1324,663,1480.72,5.36494
786,1100,478,1199.37,4.34554
787,79,1363,1365.29,4.94669
788,-1654,4062,4385.84,15.89071
789,-2845,3629,4611.25,16.70744
790,-1896,1323,2311.96,8.37666
791,-279,-178,330.95,1.19908
792,277,-158,318.89,1.15541
793,864,-107,870.60,3.15435
794,827,79,830.76,3.01002
795,160,441,469.13,1.69974
796,-464,668,813.34,2.94688
797,-257,-36,259.51,0.94025
798,429,-355,556.84,2.01752
799,484,329,585.23,2.12041
800,439,403,595.93,2.15916
801,564,-121,576.83,2.08998
802,337,-749,821.32,2.97580
803,-177,-538,566.37,2.05206
804,-428,-732,847.94,3.07226
805,-531,-517,741.11,2.68520
806,-727,-477,869.52,3.15042
807,-451,-170,481.98,1.74629
808,-546,-133,561.97,2.03611
809,-822,-248,858.60,3.11086
810,-5,-327,327.04,1.18492
811,960,-84,963.67,3.49155
812,684,295,744.90,2.69893
813,-315,385,497.44,1.80233
814,-1281,-120,1286.61,4.66162
815,-759,-363,841.34,3.04833
816,-323,17,323.45,1.17191
817,-260,639,689.87,2.49953
818,-723,563,916.35,3.32011
819,-1048,-69,1050.27,3.80532
820,-765,-103,771.90,2.79675
821,157,23,158.68,0.57491
822,571,533,781.11,2.83010
823,110,414,428.36,1.55204
824,-473,-55,476.19,1.72532
825,-1199,71,1201.10,4.35181
826,-1236,138,1243.68,4.50609
827,-848,-163,863.52,3.12871
828,-472,-693,838.47,3.03794
829,10,-577,577.09,2.09089
830,483,129,499.93,1.81134
831,275,517,585.59,2.12170
832,-96,343,356.18,1.29051
833,-576,-3,576.01,2.08698
834,-942,-165,956.34,3.46501
835,-955,184,972.56,3.52378
836,-644,701,951.91,3.44896
837,-396,426,581.63,2.10735
838,-114,70,133.78,0.48470
839,144,130,194.00,0.70290
840,168,253,303.70,1.10036
841,-165,200,259.28,0.93941
842,-524,-96,532.72,1.93015
843,-611,-105,619.96,2.24622
844,-104,-108,149.93,0.54324
845,215,-307,374.80,1.35797
846,97,-490,499.51,1.80981
847,-208,-232,311.59,1.12895
848,-509,-308,594.93,2.15555
# END
# FRAME,190,RX_TS,110650901348,FP_INDEX,748.7969,FP_INT,748,RXPACC,277,RXPWR,-68.70,STD_NOISE,164.00,NTM,13,NOISE_THRESH,2132.00,PEAK_IDX,751,PEAK_AMPL,18883,START,698,elapsed_s,19.1872
sample,real,imag,amplitude,amplitude_norm
698,-18,-237,237.68,0.85806
699,247,112,271.21,0.97909
700,183,219,285.39,1.03030
701,-227,-128,260.60,0.94080
702,-655,-744,991.24,3.57849
703,-710,-656,966.66,3.48976
704,-560,-544,780.73,2.81851
705,161,181,242.24,0.87453
706,592,332,678.74,2.45032
707,248,-40,251.21,0.90688
708,129,-452,470.05,1.69692
709,82,-115,141.24,0.50990
710,-250,101,269.63,0.97340
711,-286,-10,286.17,1.03312
712,-293,-35,295.08,1.06528
713,-34,-116,120.88,0.43639
714,157,20,158.27,0.57137
715,245,119,272.37,0.98329
716,145,-80,165.60,0.59785
717,-353,-191,401.36,1.44895
718,-463,-709,846.79,3.05700
719,-588,-594,835.81,3.01737
720,-444,-394,593.61,2.14299
721,272,192,332.94,1.20194
722,632,451,776.42,2.80295
723,91,-131,159.51,0.57583
724,-160,-343,378.48,1.36636
725,-55,-402,405.74,1.46478
726,-462,-283,541.79,1.95591
727,-752,-203,778.92,2.81198
728,-670,-128,682.12,2.46252
729,309,-73,317.51,1.14623
730,692,243,733.43,2.64775
731,71,335,342.44,1.23625
732,-8,359,359.09,1.29635
733,522,609,802.10,2.89567
734,895,927,1288.55,4.65179
735,779,777,1100.26,3.97205
736,752,591,956.44,3.45287
737,128,-9,128.32,0.46323
738,-198,-120,231.53,0.83583
739,299,271,403.54,1.45681
740,740,316,804.65,2.90486
741,935,320,988.24,3.56767
742,1050,256,1080.76,3.90165
743,983,528,1115.83,4.02826
744,907,471,1022.00,3.68954
745,395,-160,426.17,1.53854
746,-94,-82,124.74,0.45032
747,-77,411,418.15,1.50957
748,-1404,2488,2856.81,10.31339
749,-7029,10078,12287.10,44.35778
750,-10189,15762,18768.49,67.75629
751,-9781,16466,19151.95,69.14060
752,-7873,14344,16362.59,59.07074
753,847,-2408,2552.62,9.21524
754,4835,-10230,11315.04,40.84852
755,-168,-442,472.85,1.70704
756,-2969,5019,5831.41,21.05202
757,383,315,495.90,1.79024
758,3104,-2221,3816.76,13.77892
759,2755,-767,2859.78,10.32410
760,1596,82,1598.11,5.76933
761,527,-501,727.14,2.62505
762,463,-1154,1243.42,4.48887
763,725,-1398,1574.81,5.68524
764,348,-879,945.38,3.41293
765,142,-568,585.48,2.11365
766,817,29,817.51,2.95132
767,1746,-92,1748.42,6.31199
768,1346,-999,1676.22,6.05134
769,59,-2354,2354.74,8.50086
770,-656,-1498,1635.34,5.90376
771,-322,609,688.89,2.48696
772,-760,562,945.22,3.41235
773,-1263,-1997,2362.88,8.53023
774,-160,-2376,2381.38,8.59704
775,1586,-301,1614.31,5.82783
776,2086,1361,2490.73,8.99179
777,1105,741,1330.45,4.80308
778,153,-640,658.03,2.37557
779,244,-1607,1625.42,5.86794
780,1487,-2525,2930.32,10.57878
781,1601,-2716,3152.75,11.38178
782,59,-2182,2182.80,7.88014
783,-1220,-1125,1659.53,5.99107
784,-1927,-262,1944.73,7.02068
785,-1666,179,1675.59,6.04906
786,-1033,-1948,2204.95,7.96010
787,638,-5325,5363.08,19.36131
788,2393,-6186,6632.73,23.94486
789,1919,-2750,3353.37,12.10601
790,248,-164,297.32,1.07336
791,-842,78,845.61,3.05273
792,-1264,-133,1270.98,4.58837
793,-758,-59,760.29,2.74474
794,-224,-402,460.20,1.66136
795,175,-586,611.57,2.20784
796,123,-286,311.33,1.12393
797,-318,339,464.81,1.67800
798,-389,-19,389.46,1.40601
799,-566,-157,587.37,2.12047
800,-654,216,688.75,2.48645
801,-244,888,920.91,3.32459
802,179,736,757.45,2.73449
803,504,-198,541.50,1.95487
804,687,-590,905.58,3.26923
805,983,-470,1089.58,3.93351
806,710,-96,716.46,2.58650
807,418,-179,454.71,1.64157
808,686,-348,769.22,2.77697
809,444,-214,492.88,1.77935
810,-175,87,195.43,0.70553
811,-123,-153,196.31,0.70870
812,499,-574,760.58,2.74576
813,1115,-494,1219.53,4.40265
814,1192,128,1198.85,4.32799
815,720,-87,725.24,2.61818
816,233,-651,691.44,2.49618
817,519,-966,1096.59,3.95882
818,1062,-736,1292.11,4.66465
819,1017,-358,1078.17,3.89231
820,374,-338,504.10,1.81987
821,-307,-580,656.24,2.36909
822,21,-449,449.49,1.62271
823,598,-95,605.50,2.18592
824,1217,-370,1272.00,4.59206
825,1372,-976,1683.73,6.07846
826,1205,-295,1240.58,4.47864
827,683,625,925.80,3.34225
828,-72,949,951.73,3.43584
829,-623,96,630.35,2.27564
830,-250,-945,977.51,3.52892
831,381,-706,802.24,2.89619
832,829,-156,843.55,3.04531
833,1249,59,1250.39,4.51405
834,974,-216,997.66,3.60167
835,305,-774,831.93,3.00334
836,366,-982,1047.99,3.78335
837,257,-365,446.40,1.61156
838,285,-204,350.49,1.26530
839,124,-217,249.93,0.90227
840,244,-215,325.21,1.17404
841,615,-60,617.92,2.23076
842,447,137,467.52,1.68781
843,-26,-26,36.77,0.13274
844,-130,-17,131.11,0.47331
845,174,315,359.86,1.29914
846,513,-7,513.05,1.85216
847,545,55,547.77,1.97750
# END
# FRAME,191,RX_TS,117040693532,FP_INDEX,747.0625,FP_INT,747,RXPACC,317,RXPWR,-69.76,STD_NOISE,192.00,NTM,13,NOISE_THRESH,2496.00,PEAK_IDX,749,PEAK_AMPL,20413,START,697,elapsed_s,19.2919
sample,real,imag,amplitude,amplitude_norm
697,53,-92,106.17,0.33493
698,354,-50,357.51,1.12780
699,12,141,141.51,0.44640
700,-747,478,886.84,2.79762
701,-1006,598,1170.32,3.69185
702,-852,655,1074.68,3.39015
703,1,181,181.00,0.57099
704,724,-372,813.98,2.56775
705,265,-251,365.00,1.15142
706,-387,-214,442.23,1.39504
707,-273,-138,305.90,0.96497
708,46,269,272.90,0.86090
709,-27,440,440.83,1.39062
710,-128,285,312.42,0.98557
711,-219,49,224.41,0.70793
712,-67,-138,153.40,0.48393
713,128,-74,147.85,0.46641
714,-29,-164,166.54,0.52538
715,-147,314,346.71,1.09371
716,-807,325,869.99,2.74443
717,-837,512,981.18,3.09520
718,-685,630,930.66,2.93583
719,-46,96,106.45,0.33581
720,776,-398,872.11,2.75114
721,298,-147,332.28,1.04822
722,-340,40,342.34,1.07995
723,-391,-81,399.30,1.25963
724,-356,401,536.22,1.69156
725,-459,837,954.59,3.01134
726,-392,853,938.76,2.96139
727,-184,-48,190.16,0.59987
728,302,-673,737.65,2.32698
729,251,-111,274.45,0.86577
730,215,312,378.90,1.19528
731,612,-173,635.98,2.00625
732,1332,-660,1486.55,4.68942
733,1183,-644,1346.93,4.24900
734,958,-590,1125.11,3.54923
735,194,-244,311.72,0.98336
736,-163,262,308.57,0.97339
737,328,19,328.55,1.03643
738,522,-637,823.56,2.59798
739,565,-865,1033.17,3.25923
740,542,-1095,1221.80,3.85425
741,873,-926,1272.64,4.01463
742,934,-771,1211.11,3.82055
743,209,-488,530.87,1.67467
744,-191,62,200.81,0.63347
745,416,238,479.27,1.51189
746,1555,1443,2121.39,6.69207
747,6778,8379,10777.24,33.99761
748,13874,15795,21023.08,66.31886
749,16211,16448,23094.01,72.85176
750,15757,14913,21695.17,68.43903
751,3142,2944,4305.73,13.58274
752,-9330,-7848,12191.80,38.45994
753,-3509,-1039,3659.59,11.54445
754,3730,5495,6641.38,20.95073
755,1760,787,1927.94,6.08184
756,-1069,-4561,4684.60,14.77792
757,-235,-3564,3571.74,11.26732
758,447,-1397,1466.77,4.62704
759,-208,-556,593.63,1.87266
760,-1134,-1002,1513.26,4.77369
761,-1314,-1391,1913.50,6.03627
762,-838,-528,990.47,3.12451
763,-689,-156,706.44,2.22852
764,103,-840,846.29,2.66969
765,537,-2001,2071.80,6.53566
766,-54,-1955,1955.75,6.16954
767,-2198,-1087,2452.10,7.73532
768,-2746,-32,2746.19,8.66305
769,-883,47,884.25,2.78943
770,-88,258,272.59,0.85992
771,-2489,688,2582.34,8.14617
772,-3363,192,3368.48,10.62611
773,-695,-1219,1403.21,4.42652
774,1637,-1962,2555.23,8.06067
775,1520,-1522,2151.02,6.78555
776,10,-581,581.09,1.83308
777,-1264,-365,1315.64,4.15030
778,-2061,-2127,2961.73,9.34300
779,-2662,-3240,4193.31,13.22811
780,-2366,-1413,2755.82,8.69343
781,-1747,671,1871.43,5.90356
782,-1145,1738,2081.27,6.56551
783,-711,1635,1782.90,5.62430
784,-1840,540,1917.60,6.04922
785,-4822,-1883,5176.62,16.33002
786,-6354,-4695,7900.40,24.92240
787,-4015,-4098,5737.06,18.09797
788,-964,-922,1333.93,4.20799
789,-311,599,674.92,2.12910
790,-447,1101,1188.28,3.74852
791,-463,884,997.91,3.14798
792,-692,309,757.86,2.39071
793,-773,-355,850.62,2.68334
794,-119,-451,466.44,1.47141
795,608,479,774.02,2.44170
796,-3,596,596.01,1.88015
797,-700,640,948.47,2.99203
798,-468,898,1012.63,3.19443
799,535,557,772.32,2.43633
800,1186,369,1242.08,3.91823
801,553,-100,561.97,1.77277
802,-76,-484,489.93,1.54552
803,-207,-961,983.04,3.10108
804,41,-801,802.05,2.53012
805,-163,-392,424.54,1.33924
806,-205,-615,648.27,2.04501
807,-85,-666,671.40,2.11799
808,397,371,543.37,1.71410
809,313,552,634.57,2.00178
810,-94,81,124.08,0.39143
811,-211,-974,996.59,3.14383
812,228,-1269,1289.32,4.06725
813,127,-916,924.76,2.91723
814,-390,-417,570.95,1.80112
815,-657,-599,889.07,2.80465
816,-447,-1211,1290.86,4.07213
817,-44,-1190,1190.81,3.75651
818,-122,-572,584.87,1.84500
819,-549,308,629.50,1.98579
820,-633,36,634.02,2.00007
821,-116,-575,586.58,1.85042
822,59,-1085,1086.60,3.42777
823,-648,-1540,1670.78,5.27060
824,-268,-1382,1407.75,4.44084
825,449,-723,851.08,2.68478
826,892,138,902.61,2.84736
827,197,836,858.90,2.70946
828,-882,298,930.98,2.93685
829,-736,-390,832.94,2.62758
830,-96,-584,591.84,1.86700
831,223,-1008,1032.37,3.25670
832,139,-1067,1076.02,3.39437
833,-593,-541,802.70,2.53218
834,-905,-490,1029.14,3.24649
835,-486,-406,633.27,1.99770
836,-9,-471,471.09,1.48608
837,-124,-298,322.77,1.01820
838,-174,-174,246.07,0.77626
839,-109,-442,455.24,1.43609
840,386,-390,548.72,1.73098
841,131,100,164.81,0.51989
842,-91,194,214.28,0.67597
843,291,60,297.12,0.93729
844,172,-427,460.34,1.45218
845,292,-592,660.10,2.08232
846,424,-612,744.53,2.34866
# END
# FRAME,192,RX_TS,123430485682,FP_INDEX,753.6406,FP_INT,753,RXPACC,274,RXPWR,-68.83,STD_NOISE,128.00,NTM,13,NOISE_THRESH,1664.00,PEAK_IDX,756,PEAK_AMPL,18904,START,703,elapsed_s,19.3869
sample,real,imag,amplitude,amplitude_norm
703,139,94,167.80,0.61241
704,20,53,56.65,0.20674
705,-102,23,104.56,0.38161
706,342,-237,416.09,1.51859
707,1017,-94,1021.33,3.72750
708,927,-214,951.38,3.47219
709,588,-216,626.42,2.28620
710,-222,2,222.01,0.81025
711,-296,284,410.21,1.49712
712,102,414,426.38,1.55613
713,-13,371,371.23,1.35485
714,-80,-39,89.00,0.32482
715,113,-358,375.41,1.37011
716,203,-212,293.52,1.07123
717,275,-82,286.97,1.04732
718,129,118,174.83,0.63806
719,74,213,225.49,0.82295
720,65,299,305.98,1.11673
721,40,94,102.16,0.37283
722,422,-127,440.70,1.60838
723,835,-66,837.60,3.05695
724,792,-248,829.92,3.02891
725,577,-147,595.43,2.17311
726,-232,185,296.73,1.08296
727,-365,279,459.42,1.67671
728,297,416,511.14,1.86548
729,282,464,542.97,1.98165
730,95,-109,144.59,0.52770
731,471,-547,721.84,2.63445
732,671,-612,908.18,3.31451
733,411,-322,522.12,1.90553
734,-140,190,236.01,0.86134
735,-177,346,388.65,1.41841
736,60,213,221.29,0.80763
737,-155,279,319.16,1.16483
738,-968,216,991.81,3.61973
739,-1205,281,1237.33,4.51580
740,-991,312,1038.95,3.79180
741,-747,453,873.62,3.18841
742,-137,20,138.45,0.50530
743,-99,-121,156.34,0.57058
744,-543,-116,555.25,2.02647
745,-640,187,666.76,2.43343
746,-745,697,1020.21,3.72340
747,-814,811,1149.05,4.19361
748,-988,567,1139.14,4.15743
749,-652,433,782.68,2.85651
750,-34,197,199.91,0.72961
751,-101,-50,112.70,0.41131
752,-540,-431,690.91,2.52158
753,-1457,-3457,3751.49,13.69158
754,-4988,-12236,13213.62,48.22490
755,-8691,-16491,18640.99,68.03282
756,-9990,-16383,19188.61,70.03143
757,-7302,-11267,13426.26,49.00095
758,1941,2484,3152.42,11.50517
759,5484,3252,6375.72,23.26904
760,3858,-3627,5295.21,19.32560
761,1114,-2111,2386.91,8.71133
762,-755,4291,4356.91,15.90115
763,-1779,4128,4495.02,16.40519
764,-838,1498,1716.46,6.26447
765,486,598,770.58,2.81235
766,954,1720,1966.85,7.17830
767,425,2045,2088.70,7.62298
768,347,978,1037.73,3.78735
769,1252,303,1288.14,4.70125
770,905,897,1274.22,4.65043
771,-504,1280,1375.65,5.02062
772,-758,1698,1859.51,6.78652
773,895,1852,2056.92,7.50702
774,2484,1622,2966.67,10.82727
775,2024,913,2220.39,8.10362
776,224,119,253.65,0.92572
777,1088,66,1090.00,3.97810
778,3110,619,3171.00,11.57300
779,1517,1072,1857.54,6.77936
780,-1411,1387,1978.56,7.22101
781,-2875,1084,3072.57,11.21376
782,-932,390,1010.31,3.68726
783,1211,604,1353.27,4.93894
784,1752,2067,2709.61,9.88909
785,1272,3854,4058.48,14.81199
786,1216,3227,3448.50,12.58578
787,1633,766,1803.73,6.58296
788,1794,-639,1904.40,6.95038
789,1179,-989,1538.88,5.61636
790,804,-552,975.25,3.55932
791,2584,961,2756.91,10.06173
792,4666,4159,6250.51,22.81207
793,3732,5905,6985.47,25.49443
794,1116,3239,3425.87,12.50317
795,13,306,306.28,1.11780
796,354,-753,832.06,3.03672
797,511,-968,1094.60,3.99488
798,282,-629,689.32,2.51577
799,600,65,603.51,2.20259
800,587,646,872.86,3.18562
801,-153,251,293.96,1.07283
802,-208,-342,400.28,1.46089
803,433,-71,438.78,1.60140
804,639,-263,691.01,2.52192
805,306,-534,615.46,2.24621
806,-486,-531,719.83,2.62712
807,-524,-245,578.45,2.11112
808,-51,460,462.82,1.68912
809,103,905,910.84,3.32424
810,-12,1267,1267.06,4.62430
811,-13,674,674.13,2.46031
812,110,680,688.84,2.51401
813,-62,980,981.96,3.58379
814,-214,154,263.65,0.96223
815,-229,-581,624.50,2.27920
816,237,-633,675.91,2.46683
817,187,334,382.79,1.39703
818,-122,1453,1458.11,5.32158
819,-500,1255,1350.93,4.93042
820,-62,762,764.52,2.79021
821,613,832,1033.44,3.77167
822,486,1190,1285.42,4.69130
823,-200,1454,1467.69,5.35654
824,-459,1111,1202.08,4.38716
825,171,375,412.15,1.50419
826,819,238,852.88,3.11270
827,342,354,492.22,1.79642
828,-250,681,725.44,2.64759
829,-176,1341,1352.50,4.93613
830,182,1397,1408.81,5.14163
831,-216,1043,1065.13,3.88734
832,-837,478,963.87,3.51779
833,-582,-297,653.40,2.38468
834,177,-344,386.87,1.41192
835,621,304,691.42,2.52342
836,258,447,516.11,1.88363
837,-305,645,713.48,2.60393
838,-454,724,854.57,3.11887
839,169,699,719.14,2.62460
840,779,929,1212.39,4.42477
841,565,917,1077.09,3.93097
842,-55,587,589.57,2.15172
843,-35,414,415.48,1.51634
844,180,124,218.58,0.79773
845,87,437,445.58,1.62619
846,-229,682,719.42,2.62562
847,-244,291,379.76,1.38598
848,-44,40,59.46,0.21702
849,21,-92,94.37,0.34440
850,-199,264,330.60,1.20657
851,-322,475,573.85,2.09436
852,-499,500,706.40,2.57810
# END
# FRAME,193,RX_TS,129820277829,FP_INDEX,751.8125,FP_INT,751,RXPACC,282,RXPWR,-68.82,STD_NOISE,164.00,NTM,13,NOISE_THRESH,2132.00,PEAK_IDX,754,PEAK_AMPL,19163,START,701,elapsed_s,19.4821
sample,real,imag,amplitude,amplitude_norm
701,39,-182,186.13,0.66004
702,209,195,285.84,1.01363
703,194,219,292.57,1.03748
704,-211,-94,230.99,0.81912
705,-580,-704,912.15,3.23457
706,-638,-674,928.07,3.29104
707,-555,-458,719.58,2.55169
708,141,307,337.83,1.19798
709,622,573,845.70,2.99895
710,211,192,285.28,1.01163
711,-10,-315,315.16,1.11758
712,92,-152,177.67,0.63005
713,-140,83,162.75,0.57714
714,-288,-14,288.34,1.02248
715,-259,-154,301.33,1.06853
716,50,-118,128.16,0.45445
717,154,4,154.05,0.54628
718,180,24,181.59,0.64395
719,133,-122,180.48,0.64000
720,-313,-276,417.31,1.47981
721,-341,-768,840.30,2.97979
722,-487,-556,739.12,2.62101
723,-435,-316,537.66,1.90660
724,336,267,429.17,1.52187
725,636,631,895.91,3.17699
726,46,-4,46.17,0.16374
727,-104,-371,385.30,1.36632
728,-13,-415,415.20,1.47235
729,-394,-404,564.32,2.00112
730,-842,-321,901.11,3.19544
731,-685,-198,713.04,2.52852
732,339,-20,339.59,1.20422
733,616,333,700.25,2.48314
734,95,281,296.62,1.05186
735,-45,280,283.59,1.00565
736,521,634,820.61,2.90996
737,989,914,1346.67,4.77542
738,778,779,1100.97,3.90413
739,646,588,873.53,3.09764
740,2,-106,106.02,0.37595
741,-257,-212,333.16,1.18140
742,391,177,429.20,1.52197
743,853,273,895.62,3.17596
744,923,421,1014.48,3.59745
745,1022,317,1070.03,3.79445
746,947,584,1112.59,3.94537
747,839,455,954.43,3.38452
748,341,-183,387.00,1.37234
749,-134,-188,230.87,0.81868
750,-103,501,511.48,1.81375
751,-1603,2561,3021.31,10.71387
752,-7773,9962,12635.70,44.80745
753,-11388,15640,19346.73,68.60544
754,-10957,16449,19764.25,70.08598
755,-8195,13599,15877.37,56.30272
756,2714,-3677,4570.13,16.20615
757,7117,-10561,12735.24,45.16044
758,291,-345,451.34,1.60049
759,-3995,5313,6647.40,23.57236
760,-574,213,612.25,2.17108
761,3035,-2299,3807.44,13.50157
762,3166,-484,3202.78,11.35738
763,1997,449,2046.85,7.25835
764,456,-371,587.86,2.08460
765,276,-1193,1224.51,4.34223
766,528,-1419,1514.05,5.36897
767,199,-637,667.36,2.36653
768,135,-344,369.54,1.31043
769,920,112,926.79,3.28650
770,1827,-24,1827.16,6.47928
771,1479,-935,1749.76,6.20483
772,191,-2307,2314.89,8.20884
773,-517,-1866,1936.30,6.86630
774,-189,-244,308.64,1.09446
775,-554,-229,599.46,2.12576
776,-988,-2281,2485.78,8.81482
777,-21,-2183,2183.10,7.74149
778,1456,-105,1459.78,5.17653
779,1931,1243,2296.48,8.14354
780,1109,755,1341.61,4.75747
781,368,-328,492.96,1.74808
782,558,-1672,1762.65,6.25055
783,1939,-2759,3372.21,11.95819
784,1907,-2838,3419.19,12.12480
785,73,-1929,1930.38,6.84532
786,-1471,-1063,1814.89,6.43576
787,-2099,-563,2173.19,7.70636
788,-1612,-298,1639.31,5.81317
789,-996,-1905,2149.66,7.62291
790,679,-4722,4770.57,16.91691
791,2593,-5793,6346.85,22.50656
792,2185,-2802,3553.23,12.60010
793,534,-376,653.09,2.31594
794,-470,32,471.09,1.67053
795,-947,-67,949.37,3.36655
796,-808,-63,810.45,2.87394
797,-417,-551,691.01,2.45038
798,173,-726,746.33,2.64655
799,390,-184,431.23,1.52917
800,-148,603,620.90,2.20176
801,-367,-93,378.60,1.34255
802,-644,-421,769.40,2.72837
803,-769,-127,779.42,2.76389
804,-207,836,861.25,3.05406
805,190,1079,1095.60,3.88511
806,277,519,588.29,2.08615
807,326,-220,393.29,1.39464
808,914,-544,1063.64,3.77178
809,782,-223,813.17,2.88360
810,533,-114,545.06,1.93282
811,762,-239,798.60,2.83192
812,211,-138,252.12,0.89405
813,-596,198,628.03,2.22705
814,-395,215,449.72,1.59476
815,155,-63,167.31,0.59331
816,879,-344,943.92,3.34722
817,872,-126,881.06,3.12431
818,694,-383,792.67,2.81088
819,488,-704,856.60,3.03758
820,824,-748,1112.87,3.94635
821,1117,-308,1158.69,4.10882
822,829,-167,845.65,2.99877
823,243,-374,446.01,1.58160
824,-473,-533,712.61,2.52700
825,-170,-407,441.08,1.56410
826,457,-164,485.54,1.72176
827,1026,-310,1071.81,3.80074
828,1296,-594,1425.64,5.05546
829,1151,-56,1152.36,4.08639
830,591,445,739.80,2.62341
831,45,693,694.46,2.46262
832,-607,163,628.50,2.22874
833,-210,-709,739.45,2.62215
834,233,-494,546.19,1.93685
835,519,-88,526.41,1.86669
836,931,98,936.14,3.31966
837,811,-164,827.42,2.93410
838,317,-585,665.37,2.35946
839,339,-707,784.07,2.78040
840,204,-243,317.28,1.12510
841,107,-149,183.44,0.65049
842,-5,-193,193.06,0.68463
843,199,-245,315.64,1.11928
844,677,-49,678.77,2.40699
845,564,217,604.31,2.14293
846,-13,208,208.41,0.73903
847,-257,165,305.41,1.08301
848,84,257,270.38,0.95879
849,516,-132,532.62,1.88871
850,640,89,646.16,2.29134
# END
