taps_from_fp,transition_1_to_2,transition_2_to_3,transition_3_to_4,transition_4_to_5,transition_5_to_6,transition_6_to_7,transition_7_to_8,transition_8_to_9,transition_9_to_10,transition_10_to_11,transition_11_to_12,transition_12_to_13,transition_13_to_14,transition_14_to_15,transition_15_to_16,transition_16_to_17,transition_17_to_18,transition_18_to_19,transition_19_to_20,transition_20_to_21,transition_21_to_22,transition_22_to_23
-50,0.0731133939884717,0.135023052412947,0.0809588272439236,0.152465981634107,0.170714198515755,0.154773738515516,0.120238593849217,0.102171352471924,0.0343001519678888,0.142092522012758,0.113102365524122,0.136252581753202,0.065572579508703,0.123290284512423,0.0915315487004427,0.105289798451625,0.0158273213308527,0.118399425987736,0.116856071278648,0.111679312025629,0.0849095630847679,0.0860125948874403
-49.5,0.0808126464378651,0.144772720257096,0.102879569497148,0.164692204284166,0.164889969326009,0.144851257526966,0.117627899965406,0.0965842713160722,0.0468144556049513,0.13995123275925,0.105029613156844,0.107054576591321,0.0524577644649283,0.0344880585701493,0.12131656868812,0.0946401693526381,0.0296877691809317,0.122820200723906,0.0805935648964373,0.132982964363556,0.02632933655218,0.116460003870687
-49,0.0799523745458299,0.13519839645645,0.120607877580245,0.192113065487921,0.147172309280287,0.114148101537771,0.122348404343555,0.106610956180011,0.0622875402812016,0.0842971623834931,0.0369311696442929,0.0787967288902977,0.0631753766475612,0.0170610845120036,0.0840702774780871,0.085905626940635,0.0372969779624763,0.0656294405445217,0.0661356518455256,0.0624320619220745,0.038486234612648,0.144876192821842
-48.5,0.0755545714458273,0.11731518054622,0.0736755394389823,0.215640810740836,0.133521787548149,0.0682449359127492,0.112057941808633,0.115580768072325,0.112483201312492,0.0367084136464978,0.0302151275397052,0.0499195768225345,0.0744097400112574,0.0609374417243083,0.0505399710347306,0.0194040765866675,0.0725093245505258,0.0210793627529032,0.156383440654568,0.0709872046132055,0.121277731859436,0.170589588240731
-48,0.00763715329809948,0.11350574073074,0.0288561141900829,0.182426158475505,0.108804702323929,0.0139373744550174,0.128255749265148,0.112260766611246,0.19439285679779,0.132279767884215,0.0495608322763458,0.0523429300102431,0.0816566867987864,0.0716281158338631,0.0568989791278536,0.112020526375628,0.0906248217690024,0.0546021103819985,0.204885707417902,0.0905066511128947,0.136955050999263,0.172115471326919
-47.5,0.0615981347515285,0.0970748993843473,0.0607483217949726,0.149512939921411,0.0715531391474204,0.0222307215756229,0.150529621988158,0.090507532443635,0.210802287034064,0.165638846239719,0.0699608662323111,0.0567992105393983,0.101952317943262,0.0769027868708708,0.0952891437585717,0.0822233032967483,0.0430524426855099,0.109479806373577,0.278292064711289,0.107187890479089,0.131469989180205,0.150608823866546
-47,0.082715858839126,0.0735243491556205,0.104994029805395,0.129348990506924,0.0276342471306027,0.0577612171000096,0.128084326215026,0.104601397024162,0.268743996229557,0.217491337306837,0.0815151268417179,0.0715788585363556,0.0558404009879691,0.0969074303005877,0.102812719060752,0.0347601247817718,0.0218880785152399,0.10144882084903,0.253288524473093,0.0954783674679377,0.125289360242011,0.121619271772732
-46.5,0.118616034289311,0.122111636451888,0.14183692798939,0.104526729272352,0.0230241877856797,0.0674127774050706,0.117268486921609,0.150759645893392,0.230302166371381,0.208062218061086,0.0868972173314949,0.0746560822746588,0.0280294459211505,0.138964388865254,0.0896070372667412,0.0564759337866038,0.0834704174243094,0.107742978572377,0.241866880309214,0.106889044911733,0.124979208402422,0.0988254395437085
-46,0.121817388036819,0.157885592553102,0.149980392162973,0.122994562064477,0.0692240474926865,0.0806718852764185,0.0668299684639227,0.135444395362946,0.197762229231119,0.18596532389849,0.0679011117142274,0.0708339396174102,0.0631214859729943,0.176653458121388,0.121917586222987,0.101547052465974,0.147560490122837,0.125499509953962,0.172627211393562,0.0946526949261019,0.116435158195896,0.0825979186062597
-45.5,0.12048093127443,0.158547616923922,0.136086567766408,0.187643641279749,0.124346628057788,0.0945559515011242,0.10004214008016,0.12821406593081,0.14045329156458,0.138705906102983,0.0758730577401824,0.0675326999640156,0.100892293961012,0.204310376538788,0.140734125966973,0.114482528787735,0.15244770848707,0.135954018610022,0.0868643489659496,0.0823170077789948,0.124422850941724,0.0803465614989928
-45,0.135485150968151,0.166129703811882,0.120138725651782,0.220154505334372,0.136344032227649,0.0984411489531362,0.123401979590852,0.143077401047653,0.13333449159717,0.0910866279656208,0.065242016736731,0.0858985886117398,0.0681607427328658,0.150914310764414,0.109329813596199,0.11890775419782,0.143585889211426,0.165119349483962,0.0280875814936685,0.0455901429128484,0.150912175527274,0.0781528458819751
-44.5,0.160279420641769,0.155793546894899,0.114993312050068,0.229704654087649,0.122108495786005,0.0669562619208486,0.127699430836814,0.156680556820249,0.128171924682265,0.099866552325184,0.0848191515182013,0.0754750212694452,0.100745095739375,0.155226105557804,0.0480372256960564,0.0587985400036361,0.0698254810939632,0.193527368501324,0.00943447766370824,0.077341971805381,0.171999119454816,0.0904075324194073
-44,0.112524084504274,0.0849407694974487,0.136348365112119,0.270078214197729,0.142735766335793,0.00688190798597935,0.0547285494290852,0.101344150258808,0.112535402946084,0.122114204547019,0.0944984462964523,0.0681159919566483,0.0868511202573974,0.161334993062979,0.0176133126784497,0.0785611358978077,0.0272625071069877,0.146866897476135,0.0849025328957876,0.163614358377975,0.133597991395586,0.0800381952039158
-43.5,0.0681982457613289,0.0162175544214174,0.132994998367224,0.295348154672401,0.156605303423699,0.0656491298141886,0.0588078320801252,0.0805028163926527,0.0898600070483482,0.124254653092694,0.0982761657051034,0.088941480422956,0.0469530826045987,0.154452291688765,0.0246618795236401,0.0690405617950235,0.0500732570234379,0.0899846168959985,0.177853748306742,0.249743068014352,0.0910828542821626,0.0741290582395228
-43,0.0549155365021214,0.0730492828341011,0.113919789202029,0.284335209276155,0.153311671485469,0.115477695211197,0.109280087382495,0.0714719451334379,0.0563042619160109,0.0794447613967302,0.0643737406633567,0.104806786835131,0.0371140995695028,0.0775215198796185,0.0436526861193718,0.0559468111178867,0.0623920894421871,0.137929461755967,0.15243993541024,0.266108281250735,0.0989000942217641,0.0730947464737575
-42.5,0.0767007316136377,0.109016086692517,0.0744460692826052,0.253929606704435,0.129927695137912,0.111105753993755,0.116285867256767,0.0838856691567201,0.032973230382673,0.0724621220484638,0.0478713472864896,0.0946175557486104,0.0943377234589981,0.065941436344915,0.111921402184929,0.0478804989806067,0.0447744861694758,0.226718402729065,0.111192202061521,0.286866701555521,0.12655335807058,0.0648387708129098
-42,0.0616010824659626,0.138036486588249,0.0415324093459876,0.198936154600213,0.107528887927732,0.0652271602823062,0.0645806570059988,0.0801498342710998,0.042050647121313,0.0882087844837532,0.0328251910209117,0.0841983402923139,0.101728996744194,0.0913912279078776,0.206232819935779,0.1324510735084,0.0429431369173602,0.203313944140177,0.0295254662877759,0.22213410999401,0.112549779690178,0.0559144056307673
-41.5,0.0644629717199751,0.20147071895875,0.121904206528587,0.134878189365252,0.0946554109573345,0.016387437597828,0.051592921324462,0.0576500702712858,0.0184504107353234,0.0708670811134909,0.0215101464140702,0.0781218027431297,0.123618127946963,0.147409095610801,0.27514935742042,0.191750974700149,0.0416469501229448,0.191695690611323,0.0645503102792245,0.177528085147091,0.115197629089629,0.0576815950342338
-41,0.0608825129511424,0.210231059671767,0.226046491911974,0.126173760821218,0.0989954050397851,0.0561650321856237,0.154888199800729,0.0273801494064565,0.0438647927341729,0.0797903613687777,0.0242849066769373,0.0614732629702532,0.127245761157163,0.134504008655719,0.2952194792776,0.234589755309575,0.0555289322509222,0.156927479602103,0.0464077643597248,0.177081198343149,0.0749797815998385,0.0353862137279994
-40.5,0.0782310763769755,0.178620358404902,0.240506394039928,0.151619962751986,0.0991681945345703,0.0875410885336384,0.253067302972759,0.0919864953031287,0.0539934680917968,0.0780210628121007,0.0373293242540954,0.0556538249675419,0.207503826881554,0.163318852208489,0.242208257436851,0.152208649090737,0.0383767075234511,0.166310037678058,0.0387430414987708,0.19474797530206,0.00685716120876558,0.0638520051552838
-40,0.0784535475075147,0.168719229546794,0.230315996848609,0.142429017857619,0.0934012324752366,0.0911623132642021,0.266518290982206,0.0931680387688377,0.0730930483939142,0.0771038783750759,0.047069685427066,0.0563866456967814,0.211728580771416,0.202372375300307,0.165981883566172,0.0904005794084534,0.0626772814937455,0.139642233313233,0.0435048770381627,0.125534028827107,0.0336691437876823,0.0935698554412528
-39.5,0.094714669454325,0.151293439562888,0.186938152761524,0.147206699529882,0.104073381984038,0.0498525942138475,0.237133923672434,0.122026051127446,0.0454377474765492,0.0350214480203784,0.0538630264660475,0.0177966134449531,0.204874251155391,0.248997665983102,0.169968018603693,0.0164274935422968,0.104612113511417,0.110380166822602,0.090170201564398,0.0453345794610337,0.0860863820268373,0.110243946156524
-39,0.113460522995869,0.139950906060243,0.142478847291297,0.102648205923902,0.102195539804941,0.040854144924855,0.173094083768604,0.12353818145055,0.0481677948778507,0.0800517526620333,0.0782922949589911,0.0351046958305163,0.180108954936538,0.247801773733225,0.166093442558906,0.090255384827862,0.120333650480821,0.0506908221037526,0.129676815047096,0.0824943355538756,0.146856494695477,0.103945017187589
-38.5,0.139064061845162,0.141343430743473,0.114157492923676,0.0639495706568533,0.0949426944629196,0.0927902688392701,0.156422764057236,0.117205471136319,0.0689595334732792,0.112596633839241,0.118274170153634,0.0515819050916942,0.131586506841162,0.240069449863556,0.179365243678484,0.127106489393609,0.0958448217861454,0.0284299445697115,0.21189568354087,0.187487215515576,0.2426122109556,0.097143854027422
-38,0.112007793827832,0.0876715757234525,0.0663208480561938,0.066876766395165,0.118441097033943,0.125920280108802,0.135329598088154,0.0482374627224889,0.120695020235036,0.166866232538542,0.135390992811024,0.044990149654058,0.121507007190262,0.237293317170788,0.170811804219139,0.138258101234776,0.111528699668614,0.0134001952523408,0.148537179659887,0.149770200031983,0.267122841912348,0.0830911403345403
-37.5,0.161987457362772,0.0462761871417173,0.0481096542752019,0.111568019915345,0.139614419124021,0.114993472457405,0.145672009935523,0.0249099194872671,0.0977079282734256,0.156372054775848,0.129753944754711,0.0526348355452636,0.105351103119825,0.23997036967858,0.149769611232224,0.0804889781931435,0.143127003577997,0.0624105376422819,0.0716821768792301,0.124687874589818,0.26227113724605,0.0838714880800768
-37,0.142435403340831,0.0985669914957137,0.0433831017206822,0.112692216771741,0.111967737338051,0.108854673069195,0.144300024034585,0.0493146455717048,0.129968626978503,0.127077414341861,0.0756840683552673,0.0802047938508705,0.0959274478149326,0.199533232921325,0.11099249856108,0.156149817464128,0.193208405183417,0.03615163612704,0.0458728637428979,0.111801303036322,0.192144217348243,0.0513128449577452
-36.5,0.15395203864086,0.162128148370504,0.0871553628383275,0.103629609945619,0.0717916474934378,0.0914202754067926,0.14145262394156,0.047035746075522,0.153297577708757,0.114433331435492,0.0292931835657569,0.108150064144,0.128850080481848,0.222068920682312,0.104947368857228,0.199768143850122,0.136140200210825,0.0762331400088261,0.0947572952598706,0.101745883076535,0.133517862183746,0.0241935351825767
-36,0.12039093832529,0.125117603220553,0.132941686164385,0.132841617146392,0.0740983872989441,0.055914901606667,0.0665236486925068,0.102006336560068,0.280309380864752,0.182342611086857,0.00285044162326462,0.140595992901229,0.109640240441921,0.182936423813178,0.127664671372147,0.269664074999747,0.121606454235373,0.100152215951939,0.0508825412833882,0.0838343857061781,0.120009020876442,0.0320981227749079
-35.5,0.0774817206131894,0.0950449027311654,0.149590789441949,0.138022778348598,0.052861072011817,0.0785874856470471,0.0325333662973,0.182068666437403,0.252266070281875,0.130193619356647,0.0221671479949236,0.117723996770527,0.100595373708131,0.145986261089382,0.130452604444324,0.224592874008929,0.0534302239338412,0.0887564763038623,0.0732653645494294,0.0706455028413377,0.0913133961177937,0.0383604002275378
-35,0.0552529418421807,0.142620640824568,0.142818077336295,0.148946520480866,0.0557178388098562,0.106021817459571,0.0349165778886698,0.186658155642329,0.213636584619749,0.0450471068426727,0.0350436741766418,0.106403868016157,0.0742209243698995,0.123939378811367,0.0955838818445438,0.169438473941779,0.0350729314211026,0.103648571312132,0.0536805136090149,0.07908287284271,0.0811402274207603,0.0176030730748624
-34.5,0.138259178633262,0.175937264782074,0.0818735242575719,0.157033870528829,0.0812864488897486,0.0767549451141808,0.0297766688497021,0.143341208784337,0.153207427260325,0.0538390159534725,0.0969714623046405,0.133407411665577,0.116158819129097,0.0924690652398828,0.0912189015530866,0.180719761030918,0.0665744774574711,0.217271888136507,0.057604525834824,0.0931063748803836,0.116759383989713,0.0135167645906669
-34,0.153417690736564,0.144760848686728,0.0547876365029095,0.145406594915074,0.0958013033273038,0.0500731514477431,0.075426954440234,0.130814238682165,0.0520526294764159,0.147086373562038,0.129300424100623,0.150542471877729,0.0982642480490667,0.117036789134454,0.0807971882535052,0.193805738003386,0.0778130536485995,0.203454122475223,0.127377379282281,0.129764206354346,0.103126865679672,0.0276013652602738
-33.5,0.159561443215368,0.0856667607812245,0.0553237924162022,0.135348793384035,0.0897412162175393,0.148453682029208,0.154220752591715,0.133947382400328,0.0199253171460395,0.232827219915346,0.161937843046773,0.137144522430389,0.0971749428772723,0.143792101660159,0.0442606757563702,0.170955964904264,0.0922102008850372,0.195219593122315,0.170056578486575,0.19184779248949,0.0812635439628463,0.0256699544690937
-33,0.104673682086764,0.0445800113140334,0.0921843667591276,0.111303409591095,0.09312207245595,0.279928486588036,0.24167899298284,0.0928330658748645,0.0908066760641126,0.277285689990246,0.132919898638825,0.107291697523992,0.156829256407767,0.138854075238417,0.0364662559896112,0.164898498771922,0.1428815135986,0.193042846081592,0.0770323126403379,0.126658278435882,0.0609787405361867,0.019145930096911
-32.5,0.05744040453307,0.201724690340632,0.184985258461555,0.0889857475493367,0.105876836937187,0.402614531430853,0.311706240676594,0.0848285693584189,0.179950244901203,0.333963229219204,0.128168164436461,0.0889666349743847,0.251724458978535,0.145103187780083,0.0382131008859838,0.16070883285095,0.0716027492881181,0.218664760900585,0.063618742478861,0.138013048397751,0.176537961786152,0.071163812113025
-32,0.167227633280426,0.375181953266573,0.315403505696784,0.0255302230703283,0.140293599831623,0.531023436910601,0.328702319505696,0.0664416959646565,0.274488966183665,0.390394981489608,0.141548808907711,0.115792763128994,0.299372711631097,0.204647708978717,0.0426124284183544,0.316999987641276,0.111381829725006,0.0959204461567352,0.0907737551034766,0.214382397902653,0.313552354825761,0.245050424911078
-31.5,0.299477370364942,0.49353572812738,0.442610178761092,0.0492588475179723,0.192185510969676,0.610489943908087,0.308814840701304,0.0421050160707853,0.357802426641689,0.412521104069327,0.212004826826729,0.180623270468354,0.370857791006083,0.274721720613399,0.0458427029655285,0.458743194189648,0.162808093368274,0.171631846674305,0.142956520016454,0.283819358507147,0.445989223793306,0.361008561955883
-31,0.414093357413074,0.484512163893917,0.559006822377359,0.140306026801717,0.204956689346086,0.647774936798521,0.267555162088441,0.0499773851951832,0.436694883936735,0.421384068103589,0.310176301699983,0.217058736114862,0.362321786661584,0.301782796413621,0.0939402351487108,0.575771248930888,0.175505948286326,0.330771713167676,0.351268872409992,0.314495711247057,0.550496391935575,0.439545829385354
-30.5,0.522935007984465,0.439858594636323,0.657985438870689,0.247598637586409,0.158978969827517,0.67438689635956,0.270396401534517,0.120326495759236,0.459294063962369,0.44343971687815,0.394384984724021,0.288217228444459,0.304528216920655,0.310110502750665,0.184546554045834,0.587578145096365,0.223576659687401,0.484565981741155,0.565510175850534,0.41313070896174,0.630197322668375,0.488747817735556
-30,0.551532741633688,0.394483247248968,0.760669065566887,0.319639380946662,0.126043304553128,0.675784568200685,0.284327231205377,0.164772895140501,0.449338510306681,0.540264076392715,0.512138442861988,0.333396884430247,0.23840616112216,0.328649232017834,0.287029970262078,0.595448591086912,0.265926957827378,0.512578565847962,0.646292740926489,0.543421712300451,0.67576878879902,0.481861707853661
-29.5,0.546760198586069,0.382285691987663,0.847546351010213,0.360658612439794,0.139578877977482,0.655844504897461,0.267397102347273,0.200230779154667,0.385126973869947,0.5972467380578,0.62328649546785,0.339706938140829,0.235172004719802,0.41675324043478,0.417573275575716,0.540989690837441,0.289927081006163,0.530215776748757,0.679420666632178,0.672793724857659,0.726466454311432,0.470660751473338
-29,0.399503348906914,0.422042077061601,0.906737128965932,0.387761352050268,0.175254901786481,0.617933787001159,0.257263639725216,0.188208210575772,0.340136254733983,0.642473852067281,0.612367604788082,0.276152740700386,0.318436279425209,0.540316675374351,0.54895010046948,0.497209338454641,0.346388427813484,0.516833648688964,0.596072164946903,0.729524487443333,0.670214402856354,0.403795021725704
-28.5,0.280946967662594,0.464008870703395,0.920230695444298,0.38555880444764,0.24707774357664,0.541073051190471,0.228687585562898,0.177188167173912,0.218366640345444,0.60940817944801,0.570395547559052,0.206304953196741,0.425624269369556,0.732600121466715,0.672619172021848,0.460019346199967,0.274377675681662,0.529429510977355,0.505141788425786,0.762404728785551,0.584481902404012,0.306410637884604
-28,0.256235531256674,0.442815372981217,0.853869226540681,0.318286969867531,0.304211410460222,0.440518597957635,0.170609941424405,0.218103480250893,0.134831799104626,0.551995387044799,0.539319002817081,0.164907025230211,0.462616584108532,0.849683072302474,0.754562858673412,0.456171818994864,0.183915990409611,0.50794767784634,0.424836239606126,0.657166962797184,0.429963025799841,0.220994503789502
-27.5,0.25235816293874,0.396669825616125,0.746244719207619,0.238401765441776,0.347593631639321,0.34691186322916,0.109764001132237,0.246529857006571,0.156942694470974,0.469894964073113,0.519065577058384,0.107101129959855,0.506461814506106,0.943432400897614,0.773131187376006,0.462527589731908,0.103682009156308,0.454259142539288,0.365070234608779,0.520009443937854,0.22767777152109,0.169067769544452
-27,0.245254794440689,0.303995344255719,0.669655605363127,0.213370169954449,0.354742971844522,0.286106836135001,0.110984840648902,0.273900152121431,0.272438658527425,0.351526247926528,0.449298082275278,0.0636993912038071,0.516802523755771,0.964609437368739,0.75065899109668,0.444853870973716,0.0373734844076812,0.348957564831047,0.348498489553476,0.481834866248601,0.10338672168301,0.164686356832551
-26.5,0.234053090706837,0.173213320539176,0.585723710131561,0.176430766846712,0.314687092638909,0.268045714468191,0.189763495379041,0.279358897043588,0.34419691699291,0.388422077121129,0.391089637530796,0.0379916858655741,0.520962478105932,0.971521679309628,0.740312455309127,0.391210547188127,0.0577599541591284,0.244317146263777,0.400021000830902,0.460476073130832,0.131407105563891,0.177880707319517
-26,0.0908632859059853,0.0493331146342274,0.45111778985107,0.127355340979321,0.2841961082216,0.262816355009969,0.189500955759366,0.218617391338854,0.403051356934334,0.43428993597266,0.349899497670585,0.0471106582312488,0.508880770576954,0.905666346820853,0.690132597060358,0.367079944098946,0.108473903219713,0.199196910726681,0.475245915114289,0.51336040132512,0.134372715783914,0.154331548286065
-25.5,0.0591902888475596,0.143423729950521,0.323094790869266,0.0941964554970507,0.250282038094535,0.224428434592955,0.144992226096901,0.133767167583934,0.361860642189523,0.407198210571868,0.319788486593831,0.0488820722219626,0.496517160393092,0.833734944490931,0.652900827403894,0.306074036019256,0.0698548687573444,0.182193698590821,0.523506635673097,0.579296916723336,0.110296746100857,0.114566299509273
-25,0.0706723191302983,0.146738040088896,0.21636843879947,0.0482566525585462,0.235500485550709,0.145265698118483,0.0681987104195774,0.0779260636782923,0.33473985710439,0.340659560074654,0.231566282709006,0.0384433303364916,0.479078960201334,0.716351274482009,0.564599542359334,0.291318849683416,0.0555088080041614,0.143011329197989,0.499494439558565,0.569335391847277,0.0863608623102836,0.118594005677511
-24.5,0.077071630329308,0.123015489116698,0.171644358968531,0.0496273940435967,0.217203985838807,0.0761325618585807,0.0746703545246531,0.116837111703797,0.245362248303465,0.192115987377747,0.138020298345601,0.0542892780795754,0.456183307276269,0.603342316600397,0.462568402369031,0.323954013765839,0.0525646514140939,0.173842194011976,0.477688829258969,0.569662778570026,0.0772764932717022,0.139636770940146
-24,0.0693662244605741,0.0619365908590288,0.200063800793141,0.112956319247567,0.168595164429602,0.0535504802280107,0.145388242330442,0.121556263780764,0.142293476620872,0.055229085600454,0.0736668526390258,0.0673735271764742,0.369795863395252,0.455385390767999,0.377409120838026,0.364007235899048,0.0545822689762617,0.235395920894176,0.40709926124523,0.412871998348507,0.0850633665724359,0.144148044404263
-23.5,0.0787518729972925,0.0107533309499182,0.179234631313519,0.159662223358932,0.107630317785294,0.0717722005115972,0.204774286609313,0.163618045096467,0.065788172378782,0.101026336992339,0.104319296777344,0.0594291478441921,0.29717401871293,0.316091735670995,0.258107796159374,0.34383565942696,0.0942275943989752,0.327498590406504,0.392438726380379,0.24345221417452,0.105837545010022,0.165087490992543
-23,0.0352071158217095,0.0853072779769363,0.0895129652830172,0.144747087554178,0.075338888250032,0.0788566914407963,0.219695676132938,0.205844553240207,0.0411208942441382,0.124926184416781,0.114185598816985,0.0698032822463932,0.148327844119836,0.173960578405603,0.172181066082558,0.334237466290694,0.128662341854204,0.261834915120422,0.307652241197109,0.16929737276202,0.106992279262983,0.160553665501902
-22.5,0.0403072144260401,0.158362594217131,0.0194899108233547,0.106658086940847,0.0569166772040453,0.0762463661548203,0.22655012065329,0.23216480904584,0.0486227260564585,0.12077484548902,0.124514659552864,0.0971754927982758,0.0498875968559595,0.0375155695940753,0.12337045347695,0.287773767833708,0.105385313287285,0.146075761329215,0.177549836543869,0.108929587594713,0.096523388824831,0.142961922569642
-22,0.102595258944974,0.205395109816701,0.127196897855707,0.0458577854881389,0.0404319763185771,0.0756388707727692,0.167432289865877,0.162181106225574,0.0379356080244215,0.0963579268566864,0.0711684848158698,0.0929954529160956,0.0984758588412014,0.0460274802030304,0.121909425253232,0.244335110690035,0.0863874277224432,0.0774469315865508,0.146019704940319,0.110563390057891,0.0439678691134388,0.14345224286199
-21.5,0.147707714545411,0.226859283410805,0.13433071732604,0.0539177995444832,0.0524181046986183,0.0782317655082043,0.127279636847199,0.102645694585507,0.077503525685025,0.11113555398477,0.0123329879984827,0.0725872504979983,0.136534144900469,0.0863072838600476,0.143657740248099,0.221559461692451,0.0663366886650749,0.105866613041162,0.198359624076632,0.0952287503456217,0.107383669570799,0.178657569182519
-21,0.139989984644574,0.180663885430223,0.0895352274676558,0.0427420676517444,0.0626813150617373,0.084932142733889,0.135866709513897,0.0993776877957991,0.120537280553576,0.196494739527792,0.065501796538672,0.077372044996461,0.163564769519511,0.11998305199178,0.0961183534527076,0.173017820017352,0.0496116031671823,0.0562912443752495,0.182071830039231,0.115458202574868,0.114864164274726,0.188097788590701
-20.5,0.16418523018178,0.123083603004271,0.0416791208656779,0.0482090374202856,0.0392666138943936,0.106892764496321,0.130989723419824,0.0987271748007065,0.10039781885543,0.224272986572711,0.132816863886062,0.0904119837961177,0.184465413668087,0.142011174372792,0.0624030661010827,0.135699911163107,0.027064879922517,0.0500763999772027,0.189238819025573,0.185521515547147,0.0922636007863838,0.179595272771761
-20,0.174155177074395,0.125376551752153,0.0466899157624088,0.0343022739567602,0.0531818908614798,0.136479853555528,0.0913781688057131,0.0688372782241055,0.106418353191879,0.162624796667217,0.0960015305491258,0.116630709488598,0.143507091037346,0.168542202649801,0.057597100521662,0.127779323598335,0.0260526283249124,0.0790724205597381,0.238316373269764,0.226608017965013,0.0827230639173432,0.144794697183888
-19.5,0.200403200036557,0.146693719429411,0.0925120333772592,0.072016333090327,0.0799520108765229,0.162593815809854,0.0702640025065954,0.0361561338132986,0.091509008725301,0.136399797762475,0.0798076245693834,0.121963233968839,0.0929195316873058,0.190372138040252,0.0339622586514293,0.102502722451069,0.0318339888186942,0.107111893401358,0.32896894998064,0.28378788616762,0.151904368009251,0.121459491625862
-19,0.182283325073971,0.135086573700352,0.174211776959008,0.130943184195142,0.0733453939945964,0.181970092169402,0.0544401709401462,0.0234251052388712,0.123602402258757,0.18576167974004,0.07434239600207,0.10873649592875,0.0429961513573071,0.11831035663112,0.0117858437587184,0.0795316687496347,0.0360437821053988,0.0728743529621595,0.318681863068241,0.266277789314988,0.152647869981963,0.100967424546044
-18.5,0.149497751220615,0.101191128808022,0.197477424572969,0.135638890765189,0.0405895057665717,0.155317899847831,0.0216964924972742,0.0511117618323158,0.0913233068164951,0.192055264400011,0.106923521512286,0.0859138357372681,0.0249626905268743,0.0501947125079966,0.0373397735038291,0.0336153749597552,0.0137693803426361,0.0295605388469472,0.288443671542004,0.263136670985056,0.125975777558801,0.108532037824457
-18,0.112896824607632,0.0746259873850434,0.163718850106247,0.100562506882773,0.044688199240033,0.0952504960982726,0.0264490720012387,0.0704539847313124,0.108785449189853,0.184094803204054,0.06057319420516,0.0831644350325691,0.0857829228559831,0.0319683523614938,0.0697136982599579,0.0450075770311459,0.0498981862460939,0.0500914470404528,0.168156213652838,0.146095905926171,0.0733241522647102,0.115420658715443
-17.5,0.092786352531104,0.0626948340655706,0.158397197687377,0.0952461325441068,0.0379026796557741,0.0652545306569027,0.0547879110381696,0.0949317242149659,0.0895217973757349,0.155933691565454,0.0281928473208414,0.0619218412703582,0.117250670460567,0.0957443087952875,0.0944344514649645,0.134121145906059,0.0188206007898181,0.0843034222191657,0.071907940331361,0.0444710683202227,0.0541890339440885,0.110360749200604
-17,0.0377524474183907,0.0713067445864939,0.171551299249207,0.117113624697871,0.0177005876137433,0.0382190712328882,0.0478679418868959,0.135518575819815,0.0458203251363774,0.0845267147995635,0.0303984764911478,0.0427756065209664,0.0984156039888353,0.0709342200337097,0.15499501598251,0.209223260048226,0.0692650855366379,0.0783530375761329,0.0203411520167565,0.0744130339084592,0.0713655610451638,0.083916390504737
-16.5,0.0422336274177657,0.110180573488245,0.167997490584804,0.124546155166261,0.0141254464943208,0.0209246187682078,0.103730578913876,0.172261770811685,0.0242676924419836,0.0311493355192473,0.0631500204479578,0.0223050088969836,0.084854194067927,0.0618425185402674,0.171642781546176,0.18928236041854,0.0948928366167672,0.0691331658990353,0.0524697842137207,0.103978580641351,0.105080783268057,0.0537929399930144
-16,0.0261869474118689,0.0986497744248672,0.209696361528101,0.146280423978062,0.015576159295321,0.0877447696275868,0.161181614695336,0.152983120198902,0.0915750327783097,0.120468277533941,0.0834272571473274,0.0465147729157649,0.127654893147908,0.0951854994688971,0.197290977025406,0.15693429623438,0.0294985577094476,0.120380403986293,0.0295502111892966,0.128330051685552,0.115413416899908,0.0509196979611367
-15.5,0.0706006181035099,0.0513407760334361,0.184948242481337,0.136919086490345,0.033409109525877,0.088112889049416,0.176384718509325,0.160522963066931,0.0589455491421111,0.132325352586342,0.137407451906778,0.0841180011097665,0.179082098238509,0.130209145225486,0.211545583047669,0.138749749256059,0.029752283084936,0.159921527021259,0.0668838158182864,0.209725940547415,0.130068178228367,0.0468815055688818
-15,0.0833503861077002,0.0332188959984264,0.0979790800394979,0.0633400432425922,0.0422958738082304,0.0469491185626363,0.158831629856032,0.149917971437737,0.0621799362638118,0.136222892939818,0.127443602198665,0.117203758399051,0.239935162112866,0.120062986762303,0.204479620659049,0.134304029288386,0.0316376931881823,0.164633798995206,0.0354493690298059,0.205175677053919,0.12029805606101,0.037330987429847
-14.5,0.0807467271804292,0.0227163233192686,0.0819436340253525,0.0820035614346761,0.0393265031064049,0.0419517909262101,0.145624382018157,0.135088623356793,0.0431786075659517,0.100339617903008,0.101489659781669,0.136620629873118,0.281602015476526,0.134531748294474,0.210758447616792,0.123094800687862,0.0610150883241041,0.209086584939228,0.0901426445969479,0.175488080770905,0.0953050084778839,0.0402412537735853
-14,0.0322020253303153,0.0330923853691017,0.0729521062140382,0.0415176943680044,0.0492363886754309,0.0891257706765818,0.159904168647991,0.130993668940639,0.0640220139367677,0.115189205909223,0.0882062236600602,0.141335762655217,0.271241920774743,0.171757877164883,0.169539720881174,0.137095307461658,0.0429072003395843,0.181947012169629,0.128333696264959,0.0550502680246722,0.0452845210346356,0.0447830022654784
-13.5,0.0602550504351562,0.0985624745702125,0.106456527171236,0.00629220146394332,0.0818711317834257,0.0862040697650355,0.203263479797372,0.168122756255644,0.0679808811292914,0.152858431390402,0.133325307064354,0.148956422622659,0.236339038221218,0.195925463240202,0.170879671278257,0.158372266980966,0.0674158084007462,0.170853116230367,0.145437879556032,0.0768821548456685,0.102556576831573,0.0658441899148622
-13,0.108050799399966,0.118461036077773,0.16313712968578,0.0391058343475022,0.109441286053996,0.0694617049000677,0.152479116688585,0.15383170829871,0.0936812060472871,0.138666267975828,0.0974761553745638,0.17878579949131,0.154886492889913,0.093182765122768,0.190946487774537,0.152774255552024,0.0572184269970861,0.132099894746942,0.140894248561891,0.0741555191031731,0.147453012395466,0.10988152615781
-12.5,0.165316814442398,0.15458050465852,0.168647137265137,0.0501402895094576,0.132729890461288,0.085678683381505,0.100266769540265,0.114961076952342,0.0594673141798881,0.140909546164138,0.0816602677549091,0.164400848077679,0.18751705392326,0.0334978155832945,0.18087558681904,0.169249737367677,0.0287138128784256,0.114525552122144,0.162290487725237,0.098210311722592,0.178685109649537,0.124705996978426
-12,0.191228296591759,0.170369563960161,0.14382295553789,0.0818738046885242,0.150414788064934,0.116526254022826,0.0841618575218043,0.0226688721173007,0.126500993908743,0.184728074095682,0.0779057994227682,0.150601700436858,0.198640468741528,0.0837569045049838,0.172601314795213,0.186472349113028,0.0544925806173877,0.0836521873818602,0.116567715350997,0.0891566440330041,0.137959999658529,0.0879467551057505
-11.5,0.201907106267684,0.167396098373365,0.110353973149258,0.0708876608271882,0.126604843682193,0.127600936809724,0.122106434881051,0.0557087166514792,0.109892288411574,0.156655627299862,0.110821442639138,0.144691760134331,0.222775052045004,0.13164122404316,0.148975941021524,0.215029856142086,0.103947589881557,0.160924391020341,0.110783029901469,0.153913870719182,0.152541442976121,0.063772689277403
-11,0.160833294232411,0.0969363654383204,0.0895756123966169,0.0881758260997197,0.109439031111769,0.176836390185384,0.15238116157774,0.0720381426314537,0.094148627399421,0.110258975784752,0.082397245507261,0.11992721071918,0.171709587664822,0.120677840378065,0.140151430890594,0.248690563784202,0.127453221312559,0.196677019815919,0.180666286488778,0.143246578315002,0.218702492285155,0.0719297074068296
-10.5,0.171700824944411,0.0403907981072782,0.119558197473117,0.134980234885447,0.0851569787453919,0.204972598534715,0.188836672434137,0.10241947669788,0.047928410611959,0.0832070937796845,0.0691685885596456,0.085749526621283,0.133570749548141,0.110204822648586,0.122844893989762,0.234223341027221,0.12408049387477,0.244142668133024,0.299556494664191,0.157484323094519,0.288765557500605,0.109385367333093
-10,0.104797013149587,0.0366934030807355,0.121222750130662,0.180628677059826,0.0877345055591259,0.193017851461461,0.19668080911081,0.121414619365369,0.0130704298955361,0.123532025652763,0.0740939945315785,0.0397513454153057,0.103987360834768,0.0689280160798563,0.0890396574340943,0.234872261303389,0.14348397394429,0.207994203635012,0.266615231408105,0.109125470695406,0.244567154599358,0.132694980154099
-9.5,0.0935515875356766,0.0954149755055529,0.110968843234062,0.185448690418475,0.104027128837009,0.181638417015781,0.19026465982629,0.10578003362281,0.0768013879389801,0.143235906223527,0.117938254907198,0.0147927572637192,0.06898971409956,0.0717775955064476,0.0539392692791333,0.150549385440328,0.094292386994647,0.175468353665052,0.208552693177352,0.078930682955071,0.153192886356378,0.144198661888391
-9,0.0924770050137158,0.123323897172801,0.0541836684310737,0.156621759080996,0.123326837290149,0.216348097060228,0.206115874524548,0.0348663520978371,0.153775121559403,0.158873752886083,0.0813075512473688,0.0207420523496493,0.0624242109932807,0.138130625807646,0.0793772497610725,0.087790886275563,0.0587355199858069,0.125652838692617,0.126042687647003,0.0573446229098749,0.0754752516541426,0.144182275987032
-8.5,0.104445369792631,0.154493211645533,0.0719046084233831,0.160920348219425,0.112114368609091,0.187631285316153,0.214959203167113,0.0788498588122431,0.124128201382899,0.123768011270257,0.044518298848618,0.0555075310726685,0.101733529028382,0.218638367418807,0.0856732181125329,0.0288253595209044,0.0186638311368972,0.0879380051036014,0.0992160412244295,0.0233475795143604,0.0505665230128652,0.12622901590489
-8,0.0463745597904741,0.0980602083032922,0.0973719088752886,0.1681978046353,0.0831239660685542,0.0747041387557768,0.0946502314819737,0.0367873070468749,0.106450786743865,0.111107807645222,0.0229767611440155,0.0809719686060914,0.0645994600715941,0.230200565500752,0.0830221362835689,0.0324470750041233,0.0431377103317589,0.0789449347175629,0.106466332957963,0.0278160794957621,0.0682432269612657,0.123274650811955
-7.5,0.042216027183364,0.0718464582688292,0.0478832690030949,0.155477301119643,0.0778702435808967,0.035823764270012,0.031138839600708,0.00901575593975018,0.0788936609390724,0.0934511942829742,0.00977953673311114,0.0813102942264605,0.0682583400207647,0.224488594263635,0.0938876793339673,0.0689991265715037,0.0605594958888958,0.055036587908683,0.127153606226316,0.0605980671507057,0.0773399566502002,0.132707169357385
-7,0.128717926188926,0.146383635266592,0.0403966988125155,0.0735556744203189,0.0643610066983159,0.110975558609576,0.129573500575972,0.040387393168258,0.125200193401335,0.0917295362922956,0.0390408080052107,0.095634135120891,0.0552541333918315,0.127112706952482,0.111103118400312,0.117438152149848,0.0753098606539699,0.0504612735912074,0.0898853345526073,0.0198417704160727,0.0736322407224665,0.1268533537703
-6.5,0.195062031947694,0.167074152634046,0.0662310822674107,0.0448223005545977,0.0424901945879275,0.130469560661291,0.168668977285893,0.0778522689830561,0.128908489171983,0.0701949635077665,0.0799065537559085,0.126082572282808,0.0546023443521233,0.0358537310839707,0.174889997872712,0.176943323712091,0.0783829502724161,0.106710891737191,0.133647802958655,0.0791203774476495,0.0741764756825712,0.103683745826715
-6,0.131711087350877,0.113871872527284,0.0944194461288096,0.0225081182620273,0.038623145601595,0.11113786767569,0.143017341875682,0.116094929876335,0.181935010926741,0.056631238496452,0.0609598206138031,0.117191667293603,0.0843648740195105,0.0620427340039374,0.200119504311235,0.224330860409029,0.098421533449313,0.118032339203271,0.0917665519243732,0.043484190629079,0.0334283645736901,0.0662564104556906
-5.5,0.0752369381745683,0.0893421893422957,0.0908652156719244,0.038358459673127,0.0593744886938458,0.0761265829362503,0.0832883789704209,0.107239190314253,0.181111215495138,0.07830768694173,0.0728471899319381,0.0818179991937102,0.116054346743454,0.0991010026428629,0.176446225521045,0.168351562336746,0.0673394893757877,0.117393287214061,0.0349904355698786,0.0272034574098633,0.026900413843587,0.0516127143727001
-5,0.0580705259815219,0.127087483813843,0.12199852375586,0.114595573547502,0.0769720912160956,0.117665576840943,0.072113732034069,0.0591624288670764,0.152305681191376,0.0996716680280526,0.14485356320228,0.105159664391529,0.0957096987577001,0.0775112115053003,0.107567921704757,0.108685815887955,0.0237070415377439,0.13293509682138,0.0515489548801332,0.0422537794173381,0.0865687556436662,0.0447227403473394
-4.5,0.0234965648858778,0.192676423758637,0.191511726391641,0.16612510344994,0.0696088110332879,0.287227110959674,0.214577000088196,0.0829540405710567,0.158450759212584,0.184282452303355,0.221073393485897,0.151644868017396,0.111831783566938,0.0795581299144277,0.0585620276203892,0.119372780598471,0.0759126872639603,0.142991622721476,0.0986036147547503,0.0805311073622485,0.151615149890705,0.123189480899546
-4,0.206617789268546,0.414122327130635,0.414728859277224,0.176166243689066,0.121012896332273,0.548248618567219,0.380705572832411,0.120218525476292,0.392520758007876,0.373224770590394,0.337172948955955,0.244984607933386,0.140706021423477,0.0990403323191125,0.021794377545601,0.163495428149064,0.282623948228804,0.197243666751273,0.14511695820893,0.385097403297389,0.356109038760238,0.268865536256327
-3.5,0.514606577859988,0.768906322673725,0.786430811330592,0.18365697495559,0.317592174481425,1.11350422625679,0.774432298326211,0.1248238861822,0.919799426828801,0.900977099185049,0.511972155484282,0.370606500989955,0.237582870998711,0.114618556585889,0.0115080402504902,0.704218870118404,0.263826457636178,0.512128835772387,0.16402580909225,0.809303138857561,0.692452520025151,0.562811847039928
-3,1.2368284381841,1.25804270422374,1.27616428734083,0.240609570731728,0.611393386860447,1.95295640445353,1.34594805470012,0.108029069035583,1.41332637858606,1.36374619274855,0.746908237755706,0.486295845894212,0.332597081703108,0.110181372221211,0.0508105772200093,1.32245332822826,0.568670561901742,1.12889412461439,0.289783420737591,1.57362452294255,1.37278058025781,0.969534917152431
-2.5,1.83560061856789,1.73843803240653,1.91854541359599,0.370576181712272,0.837433458005594,2.67665331688195,1.88121641239891,0.0826160956755676,1.95481953629949,1.9461368596381,1.0314369368485,0.705207079453088,0.374411542623916,0.119057618745224,0.048634208883006,2.20803715686414,0.833320995649193,1.71030678426209,0.457399788138435,2.50610652355792,2.23888808830798,1.26805949705359
-2,2.41809323403301,2.08598659302607,2.34869104120619,0.552067728197823,1.02335545421371,3.37119815296687,2.35474766172055,0.163860608000919,2.47768428654732,2.59581305742417,1.23655518340153,0.675169378420294,0.531662487122361,0.103905387345774,0.0826332161033559,3.17801503034792,1.61003152856189,2.34640555746357,0.552644499374205,2.97495396905161,2.82290379749459,1.56602667546732
-1.5,2.75731606830201,2.32500635426626,2.77119745751445,0.826931242635332,1.21689285266688,3.85888081038562,2.55830044552876,0.302867829423116,2.68064446220588,2.9196162220469,1.62929751282459,0.957510153470073,0.739418361768981,0.331914704551488,0.302987113072751,3.55638491291941,1.37840443271303,2.85930643768629,0.725160077288583,3.34456076606896,3.49975723837939,1.8722870545654
-1,3.81767554383898,3.62885909950866,3.15740241428928,1.27202356801749,1.67892574817989,5.50445715402232,3.43308030049498,0.394927424240006,3.80630076372905,4.17606277530827,2.71383390032233,1.87671424520981,1.33219503180832,1.12074830738345,0.816480608472502,4.40767873352884,2.91270923345129,3.48451253111263,1.2488062400894,3.21385295542666,4.67187776590844,2.94364354338204
-0.5,5.55306017515361,5.31482144427606,4.55671387582842,1.64184868359063,2.41119555425864,9.03140091949734,6.02251990746214,0.569335509204514,7.22809992187359,7.50897703147453,4.38372777115581,3.36586863340772,2.02040875788316,2.01826360691097,1.52772250000647,7.03091783670597,2.81687608624425,5.15716976913513,1.7628588511463,5.00356478125915,7.73733181637657,5.14123776750315
0,8.24621693579263,8.70146583889749,7.04966953194289,2.05485398483899,3.4545826825294,14.2692846927786,9.88334582878057,0.668393072767576,11.24855073876,11.7458893371361,6.51108617709908,5.19879599024638,3.0516438678194,3.48520440252893,2.52261362339172,11.4610296780828,4.64898289172152,8.39579935179678,2.18378330973432,7.72282820650922,11.5253705234117,8.18965724897608
0.5,10.8677232920838,11.6255717223167,10.9218995990072,2.08701718392248,4.30577681775137,18.5665044425268,12.9346009127626,1.21144801906818,13.771250756144,15.0917023404826,8.8924290437771,7.28979350390764,4.05550974668025,4.86279326765689,3.50104467456123,15.2254594018084,5.89349910697509,11.595054131886,2.46490355001422,10.9041311580122,15.6559192369872,10.7032173223209
1,11.9532453892581,13.3433240659352,15.3551285263039,2.95539769322523,5.16984187884666,21.8685908018463,14.4678230011189,1.39038971066235,15.9004141630271,18.1643245416057,11.1586284655064,8.35462119726883,5.16047088750118,5.40519252120435,3.80475959533417,18.7442337215241,6.67512931233849,13.3419135195755,3.26453500398621,13.1623497886229,17.8161132810057,12.7649954325075
1.5,12.8434489954531,14.6514985822725,19.6673241625938,5.18886973745299,5.87393489382372,23.5210446498791,14.737613555928,2.69295224356297,14.5048046753524,18.8039998927362,13.0607315105109,9.16512829697664,6.2298146990998,6.19199649856686,4.41081371016707,19.6679518048767,7.20814262490455,14.867086599751,5.42812758158381,14.7984966925379,18.7968327245605,13.752602809489
2,12.875240460338,14.7718552108245,25.0427226786191,8.78435779358206,6.57043761225014,23.6102867716988,13.1311890371739,3.65931714416683,12.3752924478744,18.867917215604,15.4292537060447,8.92747315511845,8.16578892308895,8.92749358016084,6.9444924764677,19.8359302834619,7.2065092682423,15.1412247343132,9.75046248515258,18.3879242545803,18.4885833860702,13.6982089122742
2.5,12.6874753254694,14.7384665285302,28.8219239829681,11.2136753725136,7.67235055933366,22.7964771449689,11.0042750207921,4.65713133130114,9.37490470897037,18.2861981733038,17.3500932247378,8.43914568002479,10.8340461024452,14.4080923800851,12.1734546141256,19.0527789671442,7.19249714878266,15.2822582252267,14.1756834444724,22.0956129610923,17.7211933146041,12.9223944347866
3,12.2221882160319,14.1221661229433,30.4499969400423,11.8696233020043,8.78320113708556,21.133765209804,8.72961639279164,5.76781500240103,6.68996725612838,17.9618433572121,18.7452076747504,7.14355208973017,13.9218613887149,21.0614480602517,18.1487394276231,18.4676804785643,7.3590596659906,14.7402866887472,16.5024187843733,23.8812278988131,16.0707320871642,11.6056826543136
3.5,11.5953717101679,13.0018183665603,30.5382426155065,11.631706238533,10.2994998230109,18.6459748170317,5.94093522781356,6.06328539494769,5.26208234051024,17.7100618095727,19.7239740497251,5.69726785338045,17.1747318310154,27.8371930386887,23.9563730303394,17.9201265988648,6.73808857366979,13.9810251712259,18.5782867375755,25.0649740777487,14.3623221164345,10.1994577327174
4,10.1228156235213,11.4339568527014,28.5434769035286,10.8055370722204,11.1594844178722,15.6419451285915,3.47110681316361,6.3607936047134,5.82376002370196,17.6186062563703,18.7879677219727,4.13981078469466,18.3268083014199,30.5532164637834,27.1073590456574,17.9977303665609,6.99994475672719,12.1663435302177,18.7166337826158,23.1974699107604,12.4253858302799,9.30073026638362
4.5,8.95952787452669,9.16469429304757,25.4698272177127,10.1622842179245,11.4590941396236,12.3279702202319,2.78096179307403,6.33999696602313,7.73933515980661,17.5472857474166,17.6970734973032,2.55063305556707,19.1592035160738,32.7424790135769,28.7895767574147,17.6482386534597,5.92401491977943,10.2931408335795,18.7338955904296,20.5690134025232,11.1253638370715,9.16535321294503
5,6.63549743351104,6.97346008539279,22.0647370060135,9.47670989363633,11.2229954464524,9.10848984270738,4.40811533453538,6.01725286267853,9.91172411227394,17.0016045321546,15.455803779506,1.56128672584942,19.0061261290239,32.6908690357926,28.7507829433385,17.7305801443881,5.20483968538874,7.75534258299196,18.3385334712251,17.6817904753446,10.4415999848077,9.16259270557697
5.5,5.05972922370497,5.26018784104947,18.4025339876017,8.50950303202939,10.4096989079932,6.73960685830601,6.30959371367483,5.62634604704138,10.4055379660669,15.8155229737679,13.3648722806436,0.900194299262567,18.7224631904313,32.2681935163455,27.7193357997258,16.8006278874762,4.44504583868991,5.74511785563319,17.8741690722073,15.0902210186831,10.5523529526225,9.10389740769708
6,3.56435336385746,3.76242370087225,14.9787616339498,6.83896694992237,9.38914564604713,4.94205139582222,6.93480869257313,4.78838661790825,10.5891849336541,13.8527386665349,10.6936155258694,0.593154329342394,17.8498087710897,30.181045546532,25.2304468125958,15.9916430303437,2.79506381432835,4.15475423739867,16.9581774676799,13.7324197252597,9.83301137221278,8.16847355043576
6.5,2.76829253015549,3.23359675835525,11.9619909545957,5.12806067869881,8.01248674576663,3.63528382351799,6.72025010781268,3.88854082944588,8.69108132822464,10.8921997341906,8.25545720709407,0.486205593198458,16.9257308034841,27.8484084506255,22.0644782955115,13.6893082650388,2.42747192804444,3.13994001159045,15.8826661234094,13.0028294244921,8.81570711764809,7.01342864559675
7,1.95227811844555,2.06979528346827,8.97148915099132,2.89533184701953,6.65592490634013,2.33479001307963,5.922372145336,3.20717757053172,6.96697588448332,8.18624692351536,6.04613362109863,0.412222289630704,14.9991891289891,23.6894837445178,17.8262381436021,11.3479516401114,1.49709099658946,1.98553541328377,13.1442547367837,11.1045771467993,7.07486185336247,5.36437203366891
7.5,1.53516181579282,1.40410083655846,6.88713052265689,2.03679302514734,5.07042251123199,1.70061918470311,4.94457017277516,2.3760558882534,5.07236437104502,5.67491382229355,4.17058663381398,0.450725419800832,13.1720020209696,19.7210189153585,13.7017077452779,8.29848733085103,1.20538526384262,1.2996692183508,10.790081845543,9.63637124093627,5.34888653689091,3.96782789787126
8,1.04398538558159,0.851419172896496,4.87938096186821,1.81100018402359,3.74087913282521,1.68429364558186,4.36204301298952,2.19767364710947,4.16529149307986,4.20609437165081,2.89437306169608,0.487414424165468,10.0782703144058,14.8974030599079,10.1492827629569,5.83097758132293,0.79059836278336,1.01930588492897,7.93498413011697,7.11843156199162,4.3997228337994,2.9328265542296
8.5,1.11728091626639,1.15324376993272,3.42068651792045,1.94104810603669,2.57954962537796,1.96991095662993,3.63769990766004,1.6254677963652,3.40628511843342,3.86329528160027,2.16918699933273,0.454040413988218,7.42951570561187,10.9498896636008,7.46222725228786,4.58611216227036,0.979535759634225,1.31955695094112,5.85769809855306,4.87558502099582,3.95901589080882,2.4459813492184
9,1.22336012116926,1.20360849781852,2.01381326725641,1.3437169970982,1.64671189429959,1.96197245829019,2.75450574292046,1.30350252955074,2.800093450116,3.33993853665694,1.5686178559754,0.451119882153014,5.34017309179928,7.82653881766817,5.52581940279959,4.27046886831189,0.783452255562185,1.40915293280397,4.01289397809931,3.05794415941179,3.63047584308666,2.14695492731832
9.5,1.2750464333756,1.47961543550635,2.09277328055507,1.22011579316195,0.878238823387704,1.83235031152839,1.61351885732185,0.743341159612851,1.74875291963629,2.94154375325233,1.58172729988499,0.415884405801165,3.8263322184577,5.3601148066333,3.86749182720076,3.86630845866512,0.837972652124548,1.44044570585871,2.26538422557815,1.08331937653302,3.22817375629843,1.94196898513981
10,1.32915199010376,1.39247275928954,2.54732097737851,1.07908602226356,0.507766528306644,1.81092402904546,1.03683645637369,0.546420995639048,0.943667625201568,2.10982493161549,1.40894120162793,0.424184723479294,2.55171132410915,3.01073698869987,2.5244081386266,3.33758507660627,0.689706166536808,1.35494150777048,0.692788585924724,0.9161596226268,2.68363274784586,1.61750780670673
10.5,1.43035783608454,1.54113604517142,3.165895771592,1.32354500363618,0.725416892405788,1.92874965995455,1.39098597668108,0.422940373544152,1.0075591055587,1.23971221257423,1.52154883554889,0.52102592873665,1.3436429284045,1.14301886987355,1.77793972440112,2.39026790689129,0.621773983782273,1.43548010109037,0.855490496295498,2.40802360492873,2.21389355425523,1.26077986477449
11,1.46939148174637,1.56095620470774,3.41353598117286,1.35572531041847,1.03335581493711,2.04316392022601,1.68117726021098,0.59378233052816,1.51773297642093,0.916517664807291,1.46156320694493,0.519360515528446,0.710637213735851,1.32982167252285,2.00756704691983,1.63156248498867,0.85450910616191,1.50314584468432,1.49120324827923,3.07419248906328,1.9350492491981,0.997550588800716
11.5,1.49144294483392,1.4697610197504,3.42931997119018,1.40353927944171,1.16725562390078,2.01919792207785,1.76336006052128,0.487097891037186,1.37019880533512,0.647934322035953,1.42490210426703,0.510060762234125,1.09110424109167,2.52783465431693,2.46422099863914,1.10832491217233,0.742113630747688,1.56285851136895,2.02257950542076,3.56814475476393,1.66698545979165,0.660336905503101
12,1.30637792770658,1.35809521027543,3.306295534201,1.49083254253575,1.20323153962927,1.83909592546289,1.33584127320629,0.430283733018173,1.01901815376622,0.792440247842393,1.39725251017688,0.425133491848856,1.34486494370186,2.68730998497466,2.57948304609984,0.809064844216428,0.896992812975649,1.40647362487004,1.94445524118925,3.24827223535535,1.49352166563215,0.459842138030283
12.5,1.14866062865859,1.13637186865163,3.16043727113811,1.59838118327418,1.18119710149086,1.66404940923451,0.863261818876785,0.440509436105978,0.55737409534344,0.963837349501176,1.405916574362,0.311597261867395,1.52309733296025,2.7879463689644,2.49307158115417,0.855264635853602,0.738103518743342,1.25517928408868,1.97995664660224,2.89899135222405,1.30078499192562,0.309270253084151
13,1.04886565229743,1.09369619859821,2.98846722961202,1.6195890358265,1.16155760032804,1.5120771931158,0.423691550086007,0.40723712868037,0.463091971401247,1.3650356027098,1.52468000302186,0.248479949726466,1.45204783712321,2.57940370049622,2.49155346537806,1.16363693088869,0.590255410984702,1.12354627121752,1.72140527241322,2.33982318402485,1.16754769934691,0.343635980977314
13.5,0.994074131734454,1.05580025528535,2.81167374829024,1.46711760136219,1.15907647347372,1.35114400830869,0.108723249420472,0.492779751994189,0.540353919123327,1.68687174845362,1.7142989296492,0.232727000150025,1.60845626466674,2.70878318064108,2.65316018778898,1.56288908846247,0.530202924487759,1.01313852793102,1.52161890088894,1.82525357840653,1.05843908502274,0.446121579213175
14,0.967385432458956,0.90190230046452,2.54507718030422,1.1342872085965,1.14148839014904,1.15310836023051,0.12083138929412,0.483039561033196,0.557098200209695,1.60694582900408,1.5962369735035,0.193009764968938,1.55869727402179,2.6096668770557,2.69981873976142,1.80640774958804,0.413622545631307,0.916193908199087,1.22857734345207,1.43483343687646,0.908438569733696,0.51906585119915
14.5,0.915414378527941,0.760792329341062,2.2721717036894,0.903910227862719,1.08764965712101,0.931029296814603,0.209291332086255,0.514596903128289,0.426680068667871,1.4200131358606,1.45402840312294,0.149144997231687,1.49800531521967,2.50151543860502,2.56890377836737,1.69341535040283,0.352386993823018,0.820101075745824,0.98164394720972,1.07542756980478,0.744624783237101,0.573340482380443
15,0.730189545534271,0.554036590990818,2.00823324366194,0.748979008447071,1.01977544450067,0.694162069411166,0.222724195982461,0.440157279808487,0.261540137447194,1.05743470721375,1.24950366400801,0.154519641075555,1.26287150759765,2.20093175446605,2.29684657575889,1.47696227487105,0.261876398712445,0.650284834255584,0.912080233619976,0.944443334680106,0.564823893156954,0.564709047921439
15.5,0.574284415258328,0.382032565528571,1.69330032911873,0.710363494615298,0.891157948865213,0.551193010499857,0.194981444387247,0.367924286696193,0.230669188762761,0.807806428317048,1.07635359700172,0.166550869931864,1.01104189850981,1.90905575253758,2.07034589640437,1.15895438436627,0.186291224978517,0.498443695246137,0.859926279687332,0.804923605695329,0.502460872727544,0.533950451585722
16,0.370508469211832,0.317977841324304,1.41478246230192,0.639626296382372,0.757389921135317,0.499948345154874,0.227163186860948,0.31564291479683,0.305854331955557,0.694421460201553,0.983809634845201,0.218050362961785,0.835280326192059,1.76759203135172,1.8795417442488,0.93212260588766,0.0540876030074631,0.464734841773074,0.799253919637952,0.870026181713608,0.416437101756942,0.453755643507218
16.5,0.223548102867386,0.306771822143351,1.24532112561,0.551557918077349,0.662407289508628,0.648753272411654,0.421021019558823,0.192429756825821,0.051436239109619,0.552667046336596,0.909947882295258,0.25099789677328,0.764436828541195,1.69673523123065,1.71130573236361,0.634694749308405,0.181390543670887,0.507231208519435,0.688470953271993,1.03783913027738,0.289866574512057,0.306794816392064
17,0.396405183222977,0.533672230064377,1.14672149651771,0.399702715205754,0.644589997722428,1.01769585436617,0.720707908533987,0.101006730379085,0.32415477818419,0.602820406135416,0.883766810762197,0.32906584377917,0.690182887676224,1.50185558396506,1.46678094590648,0.345532954002889,0.223058909368499,0.784474489883844,0.427184356716138,1.24289892465243,0.405971509702198,0.237806750492279
17.5,0.64542474548689,0.848929940506966,1.294935562976,0.321360702309981,0.612711374168597,1.45747256704064,1.12358988085165,0.060006235239828,0.864952445121594,0.931449514926388,0.921146204461817,0.458031033294539,0.645194792364157,1.29188627346055,1.13683141165258,0.668492773413491,0.447971578061414,1.1021780505937,0.180028170770751,1.58884355643531,0.925577033710342,0.404518203169931
18,0.97172669067428,1.19263518786675,1.53747410296611,0.348493154967727,0.597678050223663,1.9428896261454,1.51487358931223,0.120325556770432,1.39333247698368,1.42703355888238,0.860910168749022,0.516994008547447,0.51686872391321,0.941331791576604,0.83784714092367,1.32027977409202,0.649021726292194,1.45804086905971,0.0956501135697405,1.84735915801584,1.42400922076747,0.666609149402267
18.5,1.21891147565971,1.48787426815911,1.86246150524454,0.505613457932968,0.570031081968551,2.14251123119268,1.68152486045641,0.0852215242624864,1.50621859545329,1.65717196671004,0.794680815334343,0.579883803365561,0.429921612090661,0.617001488875819,0.608058211936419,1.74485873615044,0.794013697161059,1.75379382284427,0.308179679207934,2.07494696545796,1.89386302747244,0.801952187616637
19,1.32581428614528,1.48959687340039,2.23480302920246,0.868985400023709,0.49227263749697,2.07629371159776,1.58585649441481,0.10034994304132,1.55237851666739,1.77662320251838,0.749371916287051,0.534927320099297,0.460708334633389,0.61088639522435,0.636507891267848,2.09381234658776,1.01647516918469,1.73792656707696,0.0249099321406008,2.11875804424816,1.96142551467909,0.852930218906384
19.5,1.36618933771244,1.38406786796289,2.40503174321453,1.19816955528621,0.457718116493876,1.7792758920344,1.26937396217683,0.144336945311874,0.955858542945968,1.3325539755935,0.67492818683831,0.430692784282403,0.536787105467042,0.734564810876186,0.85971177728565,1.88822407693893,0.883488029341043,1.65901920832476,0.398304109956221,2.02158698961784,1.78928163265957,0.816934469483176
20,1.15798053379645,1.09603376523939,2.54119379329012,1.549909966751,0.449049300139852,1.30820960219271,0.703397509974784,0.332342101616014,0.309965196596547,0.900598996187406,0.830800207992958,0.292079184527033,0.780363156661019,1.37899587580411,1.38034052441126,1.57336024809719,0.915612064608223,1.22878139309477,1.17636924329271,1.97794170959504,1.39399796339053,0.750784840391127
20.5,0.964185861972255,0.723003128231277,2.39087046967561,1.66358191266386,0.488608808668581,0.935497544965755,0.335340710570516,0.523165270473405,0.384319656568465,0.940778531059173,1.00496324001805,0.159594230737748,1.11977912225187,2.04069078649828,2.00956770987268,1.2907939166059,0.704959054254682,0.815232876077085,1.91846942295462,1.95533509953414,1.08463899301971,0.840606402445822
21,0.746181466871857,0.606055614991013,2.01938373950811,1.53730222986623,0.525937903712543,0.895036203694873,0.554198745073391,0.629260267063941,1.00505366747346,1.38081277064116,1.1628421259446,0.128533659275387,1.58438319386806,2.64506437247556,2.42472675363688,1.45037912133508,0.506305891178577,0.607732568345565,2.25829229892411,1.75486429905727,1.22412472796217,1.04720897605597
21.5,0.700400234422514,0.818684229733872,1.64929095431724,1.2944964222828,0.581438789553209,1.17050691604151,0.93502741175967,0.713483211232329,1.30366977635351,1.95052901069915,1.32879748063874,0.161021080109021,2.05614711492991,3.20035139974187,2.68032653993103,1.88466165887784,0.490325091400424,0.642396245441439,2.49148997029342,1.54373485218002,1.60185204571919,1.23573097465355
22,0.881777353614608,1.02251225311735,1.34968786398167,0.830135425061681,0.631928353738277,1.49601459409998,1.04844444994204,0.568798735079427,1.54846775611316,2.16952172222791,1.21581134824751,0.209701769860659,2.08371278774164,2.9360969614774,2.44253836082661,2.25599977356305,0.360560225971857,0.877001784553958,2.05074770336419,0.839159792961221,1.79461747573039,1.2596274284774
22.5,1.07138949466583,1.262042577282,1.48073169094105,0.435672016400981,0.657734673573017,1.77194249858519,1.14482442508688,0.472022807619894,1.52542332871613,2.2200349238729,1.12050525236316,0.263315495925774,2.04972107362252,2.59655901116415,2.00625172987203,2.39587612285023,0.486887669074298,1.12386905104296,1.5981559485193,0.32632032845629,1.91372781897921,1.24818153385235
23,1.29236423109302,1.34151148971593,1.94193867512808,0.253694854137796,0.738677274705544,2.01229350621171,1.18836571015893,0.29167222363318,1.53273776580986,2.11159967562598,0.994410927447695,0.30385023041741,1.67736729583604,1.83876497818971,1.4814416898345,2.47264167143156,0.538404728305893,1.35348963413071,1.06633816666697,0.965728868348273,1.88407752374281,1.13067198434459
23.5,1.46907599242892,1.47289249840936,2.42522442871937,0.555865912287527,0.835875132819646,2.17281915667676,1.324731983595,0.177770677848628,1.43605295419859,1.88676270070027,0.944800142696065,0.355187362827311,1.23630409242581,1.1023363371555,1.04240523499096,2.34564411225214,0.677630142667766,1.57863402202214,0.782393232617974,1.80379797725485,1.84737369381772,1.0246245153455
24,1.52749423467388,1.45170672730129,2.85153752568491,0.898619258855192,0.917321330551086,2.25200156916058,1.34823269977676,0.244086764571055,1.36630858931349,1.7566937224778,1.12819123545859,0.369447316007458,0.912575861393283,0.927595867260147,1.09848872961665,2.28236132154833,0.874411904024792,1.70271569905745,0.966430646305365,2.39054566157232,1.7535986113436,0.927617194062229
24.5,1.53302415608542,1.36896670669286,3.15725523242287,1.16574124655695,0.961737003387055,2.19915041785056,1.3111897530971,0.264378178817092,1.10374648091739,1.42464823989022,1.31295548056977,0.423719049140967,0.733420081251827,1.29492972921535,1.43735385663231,2.06886165299209,0.838273881062957,1.79267928855991,1.23961701763691,2.85596971588102,1.62735853257583,0.794209224034971
25,1.34425266311808,1.2575371428108,3.2526842428768,1.37157869594595,0.940998502394325,2.01954570043681,1.14195002075048,0.316098509826272,0.847597771886024,1.34794486064532,1.41743697530484,0.3721992588533,0.995919378586665,1.88319276562268,1.83676596478916,1.88729113223118,0.891666133888324,1.65242815681063,1.36154843460993,2.83809177315957,1.47598626725865,0.727749968923386
25.5,1.13973069986904,1.09761552656514,3.17830230364547,1.51477498309849,0.882627662722141,1.69771190677968,0.913405685376924,0.335562867933409,0.427862945237494,1.20693896498908,1.47254404974786,0.309271073212428,1.29815899155285,2.46815606513354,2.19905884634115,1.73574879180055,0.748748804917531,1.46953407484615,1.50213413380068,2.76047615186294,1.31735293159279,0.636409375125776
26,0.840131071137251,0.969820268614948,2.97284107538265,1.56770167275286,0.787501950756627,1.25065905858703,0.689769199145321,0.354040709126274,0.13258786333644,1.18399281063184,1.38287686678998,0.225721268165409,1.45753752859884,2.8247370855958,2.52810286188942,1.66550896233905,0.645793126385922,1.14445043143731,1.5506762452315,2.47115622814311,1.13312612185323,0.601624337116681
26.5,0.597342426515418,0.802569231620088,2.67620320185259,1.55535286398979,0.700773039424239,0.742616075944107,0.742602923028794,0.389491567260307,0.379892361402628,1.07686958261236,1.27234275111894,0.10286358383622,1.61328621535624,3.15670297115901,2.81584892205377,1.51750195402545,0.514333477491534,0.801245578264672,1.60872990232126,2.212581013668,0.867521979960146,0.526818803177687
27,0.319755522224764,0.488493179861267,2.29329551934892,1.40631543872129,0.640740430384676,0.39998358623909,1.04932651196817,0.409120153373996,0.712648800268136,0.894659813881351,1.09228966822208,0.123315341087562,1.64461925711413,3.23093903376233,2.8935940988324,1.33097053819666,0.28158139131527,0.508665249241356,1.60398114743333,2.10544873975763,0.451548219320162,0.413735984613139
27.5,0.0890509804702985,0.488858192329299,1.93786439495448,1.21292758761207,0.620262899270635,0.700828799963331,1.41495829675101,0.452652758036902,1.013171558319,0.716519810633031,0.955789800899945,0.220116297237235,1.69706517026349,3.26802680825868,2.82578813753664,0.936676380925915,0.113707800479756,0.433100782321944,1.59717634391514,2.16199791568982,0.120596988347804,0.356862097928919
28,0.389280791492692,0.723644049263625,1.61330393550648,0.962087104659732,0.586282024395933,1.11819057938926,1.61131902466946,0.438015623990796,1.31651183944395,0.74765645851218,0.747374844894448,0.259971297438449,1.57055974031256,2.98374441372287,2.53772792851278,0.61174941343161,0.169825714184435,0.588415709421555,1.59343298052481,2.24175399409655,0.598119892924064,0.433810076132577
28.5,0.677083399680005,0.969110995465944,1.37065613715552,0.706457280801898,0.511468985379685,1.29051370632974,1.56381432213821,0.366052975114543,1.26215556389183,0.779376265441055,0.572658283566008,0.291798616313384,1.44666666035495,2.65271304891341,2.13669601414604,0.617885131296405,0.3009673858391,0.765622769456199,1.56206316647372,2.29598928662989,1.02382196657371,0.517385408306425
29,0.805783882667038,1.0525788997508,1.23692789395989,0.500299149445368,0.432094786712616,1.25701975290112,1.28677561459328,0.239819606487792,1.18478601132107,0.877527698452308,0.436599930625131,0.314053529591594,1.08584848192321,1.9452625522725,1.56845578150745,0.94724503880315,0.557836923165472,0.854734787844087,1.11610325268994,2.04928951255304,1.15228103288634,0.510422108861886
29.5,0.901939151680888,0.9774931321834,1.19210516033609,0.571120009724071,0.343816123354185,1.16160931657907,0.914709552762273,0.0809343306528534,0.748653752448733,0.792399443568455,0.43330972387402,0.322882631874922,0.685169235686798,1.20493345242319,0.980968650901335,0.958189218398592,0.490559569889162,0.939980237920835,0.745399196295521,1.76940635264015,1.12219786489759,0.418050437130461
30,0.840752166858761,0.826173256324118,1.33243496163028,0.84366233984511,0.278550777117331,1.08007286950123,0.499350408281014,0.204908098815504,0.42687623322373,0.873803029437596,0.665714724161138,0.332936411280698,0.274998425397752,0.542798107649161,0.594909956157121,1.01224154914779,0.53279364820384,0.851519108705026,0.931967568831796,1.52835840791943,0.949204850570409,0.239411871493034
30.5,0.796869195559414,0.684535893740283,1.44037155814763,1.00312824792397,0.252780647335776,1.17064913988088,0.39755580484623,0.429227617792789,0.563287032467544,1.25611651546418,0.914678530901607,0.325995214260192,0.591681973799443,0.994549078327956,0.920443551315786,1.18632556009936,0.523266993806392,0.837496321490223,1.53737897422802,1.41600563896162,0.903926042684802,0.387944483346423
31,0.756615317435671,0.718433280229998,1.47940030847938,0.94444278917103,0.3349830646882,1.34639500769555,0.505367863108035,0.473367165809599,0.796099285053877,1.53294470413277,1.03645504005983,0.335779494866763,1.11136644139053,1.62405336571893,1.32665699271545,1.49453694421383,0.484929494596713,0.931767951395716,1.84002855349205,1.3788466992875,1.06350313670445,0.62803867121283
31.5,0.741563110823626,0.847697779410515,1.59422913420567,0.852764679449505,0.461951082305007,1.43364744550086,0.497776469719644,0.499260170720902,0.761680929663407,1.68004252552171,1.15737521080904,0.391685431868446,1.58663531604906,2.21811068685375,1.63351738334741,1.72960464895697,0.534421739675425,1.00791537476497,2.07130240094116,1.41598573650104,1.2874590353603,0.825207673134362
32,0.774696324379469,0.845695230487859,1.70409566889371,0.682933810077659,0.564951390501031,1.44691327335891,0.480762907542301,0.431571121576456,0.714823352497306,1.60190121556807,1.10795006757789,0.428397978807327,1.68044926054634,2.2433349596431,1.64213749223523,1.86139230046644,0.453646846070418,1.02445509164068,1.83427941995619,1.41836106471041,1.25518402422458,0.915267578970218
32.5,0.771411107976167,0.861213066453632,1.808264417206,0.651104092147747,0.638407391876082,1.29962368569336,0.41874987858847,0.36886162844245,0.395675072015229,1.21227473991142,1.05929909614078,0.45150942906084,1.72541275788481,2.22701791226543,1.53733966424666,1.6186196827167,0.358357445143806,1.04140924645781,1.60882956779778,1.54226947895941,1.09623027245939,0.945611755952889
33,0.679791632373244,0.726535305305366,1.87165370836058,0.726800000332555,0.666049492150435,1.01322993312743,0.34008497439738,0.328609816957919,0.113417217348277,0.783113614823946,1.03092831962309,0.463606899806415,1.57382769293126,2.02222452222995,1.43244792871911,1.28583383287726,0.366875510484161,0.941547125083824,1.40807958036644,1.64900240033039,0.924429978276565,0.879192250747181
33.5,0.591524660166427,0.547094127835814,1.77146156354463,0.796188311992603,0.703095941438678,0.900074178567966,0.347354619911017,0.274236254984989,0.0475611996935353,0.632793997933929,1.03947468114777,0.422005251653072,1.47796300636463,1.87872748104745,1.42096948195333,0.98421449535034,0.313743724852619,0.875787329091084,1.26165334409781,1.65270796093617,0.781103741093394,0.844269910735418
34,0.588038667525078,0.539902278815107,1.67883379262628,0.809382177465823,0.785336604937063,0.980219632080055,0.220821617801646,0.295288339861554,0.189584326613085,0.731725434597774,1.20964461535079,0.435543812333055,1.48227419808053,1.93201762848918,1.52822223632228,0.80534729278909,0.315363193974422,0.852938577445803,1.28765172542713,1.56539649120996,0.7836258724568,0.820772722315662
34.5,0.622903305207551,0.590413763566181,1.65650176663705,0.727719679164965,0.852626531032511,1.23485981967986,0.305059893901986,0.254291837340835,0.430785791944209,1.07695471671866,1.41242895805012,0.530265248631851,1.49175763130528,1.98492529493692,1.64663105847533,0.946679227688624,0.417352229723247,0.856800842394929,1.29723484299385,1.45406777634691,0.897905339575341,0.882750492719373
35,0.912527945354071,0.853237392940328,1.61581284668927,0.566211621144964,0.876743269324182,1.60636394353583,0.627212270254175,0.191055911976164,0.799900790182069,1.41632449471068,1.45482447463975,0.620572659932761,1.48421323795927,1.86873294519827,1.58320652565122,1.14101472396567,0.523235852306131,0.990401349088599,1.11706962158606,1.21342315073046,1.22158962763227,1.03048315303281
35.5,1.23966522251873,1.22730996490847,1.84955222605115,0.436588274578319,0.870264988725824,2.01427559138344,1.01254486098698,0.203091847645226,1.22389605771433,1.89731648556356,1.49064991554208,0.712560788719235,1.45647643969515,1.7397691977388,1.43278901925334,1.58245750960156,0.660931051004238,1.11510991259768,0.94302587045736,1.21420918004996,1.63463009184318,1.24620326797431
36,1.5954410863662,1.62741072819705,2.28230406491445,0.25613708248666,0.846336386585776,2.44272875762898,1.42285859406327,0.189836449318121,1.60115042135164,2.2663850065971,1.42215555539433,0.709825757141655,1.31912754007184,1.43013877423262,1.24282164752186,2.02412524424119,0.966236554028056,1.39466572399516,0.770285573668324,1.60000596176088,2.06537509044304,1.47374449081159
36.5,1.93893369207743,1.93643131284746,2.72832928495636,0.371699168951258,0.796864097697963,2.70302151519069,1.66143472111941,0.253153621722185,1.64181782593525,2.3954815583795,1.33019333906108,0.677010524736427,1.156574911458,1.13786679461155,1.08950761624484,2.4500985685816,1.07606144852165,1.69799616912738,0.72487832280683,2.15683324389079,2.51531677099757,1.54382015597957
37,2.04795412915054,2.1451157932808,3.07941912618803,0.700077208624876,0.804998659002145,2.84937440856981,1.59484268361086,0.413263085294539,1.61248585505033,2.48657888381841,1.41775395590261,0.616642445727584,1.12959314523856,1.24435539020155,1.25640144208602,2.89849592732537,1.24340623319417,1.85412284075469,1.03441297263744,2.38727501153891,2.65311190599365,1.52096611118898
37.5,2.14258240834817,2.19575109568495,3.30330557581869,1.02389517077766,0.873930943582945,2.8054861634306,1.32798389222871,0.596214064426112,1.31249237869283,2.32735340979521,1.52694724353572,0.585615247577203,1.12498553015828,1.5040280388838,1.58374361673376,2.96457963942472,1.22609645868112,1.99069825694637,1.37815395444779,2.42526072487747,2.63479580604626,1.39882296131782
38,1.93189548580917,1.95709843075258,3.58910296985352,1.44182397692548,0.958148235579712,2.61835109827812,0.930833324953442,0.762884294795711,1.09202644186141,2.32997221707177,1.81358952904107,0.575605152259384,1.41181421479229,2.16663462864346,2.10635488125201,3.00879249896908,1.25913013508957,1.91926205054151,1.88461083832196,2.34817579264534,2.45823187180345,1.24275276240834
38.5,1.72157016505923,1.70996025993032,3.7240275277157,1.72771411287078,1.08903871111514,2.5336639662584,0.620497467109744,0.833869759539551,1.09435140523479,2.43915193965625,2.09586805830321,0.565111036596325,1.7658961857453,2.84808477921147,2.6973704445755,2.86180355729129,1.20932130043982,1.87290817084159,2.34774221956541,2.3140794307563,2.22906458787832,1.21287527444702
39,1.52699149938506,1.60607835204121,3.77092997522708,1.86415832499322,1.20579149014288,2.54220593435389,0.58592180733143,0.786608038812594,1.21590694701056,2.54448056196586,2.18789608173209,0.566706002002016,2.18074030572788,3.45323656715814,3.15075397270704,2.72251646821703,1.17723720421118,1.83317821768471,2.6181006506848,2.41641963748988,2.16088438859992,1.29785246583962
39.5,1.43903177077472,1.60228634965195,3.73314836539291,1.91033664111277,1.32052864860083,2.62914244195433,0.625733496662527,0.669079481540389,1.47705067439695,2.84896064705295,2.27696897606594,0.542397447045322,2.65752657492304,4.02191338987943,3.51006317308834,2.87476772938489,1.04037874091721,1.84682997913984,2.80061884418922,2.47077854720428,2.22608165225577,1.51536199879763
40,1.61052220990273,1.75958873045339,3.58151202956879,1.71519686680207,1.40733370604757,2.78731987165693,0.782821692670222,0.529115851900245,1.71223744520689,3.0170336784956,2.24823064884628,0.579222354868085,2.84744767329139,4.06611898357248,3.49056180718708,3.13319605944638,0.922327680904418,2.0451630977891,2.43222930285396,2.19671162475081,2.43546711231057,1.70918306087832
40.5,1.82718596884289,1.96371912346233,3.60687936792671,1.53896606575467,1.44526501142842,2.99432068380627,0.981899872325289,0.515253420757054,1.81756993487456,3.14305566029793,2.26415341644306,0.696142666431125,2.96511065473735,4.06619110515508,3.31316246907985,3.48856505516301,1.04223624579674,2.2642040146934,2.07355291546202,2.14685177726267,2.75232385565496,1.85375008299459
41,2.07944576775947,2.09626238624173,3.72429324602499,1.39181788531559,1.48583429828743,3.21459174801969,1.2386002944826,0.57793073574911,1.86847501515498,3.18646247346654,2.23060770153214,0.744076949974086,2.7365457393098,3.65683725042828,3.08079710036321,3.83130679452904,1.1429060381839,2.46395880591157,1.76944569974337,2.40161262256505,2.97036405153815,1.92425916146046
41.5,2.24293819803286,2.18570957870405,3.91582219957295,1.35561476135872,1.49200245147304,3.25588329783598,1.35954454677904,0.674904632670562,1.65307489824834,3.02657728284036,2.1920058284596,0.76076153598486,2.4414432968097,3.24152141442409,2.88420456334836,3.87082991635802,1.24786578706783,2.57458523864696,1.60376693689616,2.80003149405893,3.13199922571456,1.87604866662897
42,2.12488966696272,2.02107988833471,4.13266504486301,1.46165107011613,1.45657531408803,3.13360164573666,1.27092412006377,0.798520882956337,1.39213812858171,2.89742967673614,2.20647361657053,0.677869804185071,2.25817571309381,3.13130807474322,2.86491150507341,3.87445045848396,1.42052271119438,2.40480717240737,1.89504597993378,3.2119783675165,3.00999077583572,1.739060419976
42.5,1.95270583041856,1.83455929092688,4.2734249637838,1.64758949542136,1.37606135582053,2.82172904797755,1.04407630227127,0.860760007298871,0.963025813414999,2.58213769080484,2.19047710414194,0.590859804377484,2.13962752693211,3.21133547097778,3.02707172612923,3.45188761548599,1.32262327682488,2.19528723235177,2.29591278961572,3.51618776497015,2.7355220797952,1.54884399299171
43,1.6248550270511,1.56874937140742,4.32864336102775,1.87819742256408,1.26431007045765,2.34146215201534,0.711013412949167,0.905337235318881,0.69871645019591,2.41083730020767,2.13337896529963,0.440333563527824,2.44064545795339,3.82238095383706,3.39155835301655,3.03287576659942,1.29076524304433,1.73983498361109,2.85094769074866,3.65018657645657,2.2291638307751,1.41896632672791
43.5,1.31313288626153,1.2572610334829,4.15015303695173,2.00286252397359,1.18593578988462,1.78257717113343,0.444821505040909,0.8546794459377,0.750011604544394,2.18466734862865,2.04897308861359,0.247820477977996,2.85802863261983,4.54471373536679,3.8433113410563,2.63972824998703,1.03029420941222,1.2844359673146,3.36163978664904,3.69713656237678,1.68120954463475,1.36842054924483
44,0.987328092280842,0.925511045199026,3.76445066487641,2.00306467138352,1.07792281366508,1.20838261756639,0.504372051218648,0.779663616105567,1.08789104822896,2.08433644018512,1.90411926997906,0.0796705189526569,3.17781128472236,5.05976897008603,4.16512720351213,2.4669003476922,0.758399096927065,0.905259728757118,3.3646413491475,3.39554910836594,1.32920902505257,1.35872079401924
44.5,0.729549594203887,0.607087131388735,3.22808965655291,1.87352580683433,0.968632297659649,0.850129130629234,0.795691727331857,0.675400546812694,1.32528129823004,2.10537761005112,1.76516261817239,0.0767615289298117,3.49756155428221,5.49441922446038,4.28897698537171,2.49075864824743,0.585624793471323,0.651040876488987,3.26828194914445,3.05156376321334,1.26464629756693,1.35987731686429
45,0.543251178826037,0.388332730775654,2.57336306695982,1.55237810631079,0.827584484312407,0.793699475368872,0.958022973787413,0.562602561754472,1.478871190825,1.9969094699408,1.52471622446108,0.13194726913663,3.29534254870039,5.10743313231997,3.97649126453718,2.50700627698498,0.334280766329678,0.540128217627837,2.7632629837043,2.33803951775193,1.37434609557623,1.28767844702268
45.5,0.421028039033746,0.308356764244731,1.91427295183802,1.17814329683243,0.702173726422303,0.862596815062414,0.97334763652319,0.492085172512977,1.33317919056054,1.90152006723013,1.34512731136478,0.175032139872313,3.05780823557332,4.61593769332509,3.43296326523202,2.29700839884064,0.405659936215622,0.577498416867606,2.30175982813212,1.66232035548226,1.52013038652891,1.16514409314858
46,0.329758749183514,0.235788383253871,1.27385550910755,0.688332842139872,0.649601064446236,0.843192874684069,0.743719159610014,0.394653099093385,1.15073571321422,1.66965507068306,1.13524337890713,0.121767808051418,2.53170659031171,3.7022579519037,2.70550914383576,2.03843744312969,0.322908091089058,0.568467711654755,1.82271249372286,1.16086626890847,1.33974369926559,0.896101197120121
46.5,0.258187196495945,0.28127443573543,1.02869112019758,0.353061400383171,0.581092825356144,0.722894713145967,0.275424240783551,0.277208275449303,0.59437869435116,1.15026023645843,0.97468765231982,0.149465741081298,1.97636955376418,2.77884620861029,1.96104561713024,1.48029719708026,0.350457702661865,0.519027495759708,1.40983915427958,0.972027848070866,1.01634016074715,0.578454937156147
47,0.35002700214766,0.253075068065068,1.05246443694687,0.19457210655053,0.583344041076518,0.815323724709613,0.381895789752246,0.188169456105042,0.355801380439205,0.67323231615059,0.746972442625099,0.201483157706053,1.46522337394292,1.92348462060234,1.29819216426719,0.932755916476833,0.160405984372322,0.469687221405891,1.03208687030303,1.18969258673451,0.490627366492067,0.235293999413516
47.5,0.481613121029133,0.534132338432206,1.18406696061432,0.292159855020012,0.569435796276747,1.06542014369217,1.00651888102853,0.157576885872922,0.730780441865667,0.410346287590874,0.50424499818302,0.292381616408328,0.974632514378873,1.28744448294608,0.849549444438286,0.534482188854769,0.318550587136507,0.736685474894088,0.75941967443288,1.59254667069187,0.555295890546399,0.192911513298396
48,0.656250570388058,0.725544115405186,1.27882832038345,0.395315658321511,0.531652468672287,1.44636023394463,1.44543424554986,0.243125448720211,1.29682478861456,0.936097927461043,0.326547784842489,0.34498261420962,0.656364209431015,1.14458163369491,0.838813528693597,0.982210794926426,0.44214189821888,0.992231816568232,0.703104889979225,1.85401291235357,1.03174499273324,0.46456044024905
48.5,0.813223845791702,1.05400056464472,1.332432661846,0.42476890872532,0.503940713148004,1.68480077419846,1.6851366716534,0.221693699201191,1.44800077229153,1.30077878782329,0.150403280707895,0.458789490332957,0.485801826592046,1.20232782965106,0.950410930878508,1.39436074698377,0.592919907783681,1.21808544162176,0.655775993016992,2.03038311227639,1.55763349631031,0.702934595953831
49,0.970160805624722,1.17440521320447,1.67767828282817,0.62941963414715,0.486724446073835,1.87173242669365,1.72202002806731,0.136528989202756,1.64541809901556,1.52758693550338,0.2389943680033,0.487096097768489,0.454791001289747,1.15970977567889,0.842580183304814,1.80749337514488,0.642756669710404,1.21289837598425,0.629427805683511,2.11560245822016,1.78494238226336,0.866164431433466
49.5,1.13310125137846,1.41461876882196,2.05381485345374,0.873291796646877,0.569903507455883,1.99933175794844,1.77934833509176,0.107466125031329,1.60791154823623,1.52315833545593,0.323685783537834,0.521587518748653,0.452412977385216,1.14205812859414,0.6943540997193,1.82484163945248,0.663467399281263,1.37228259592475,0.701231050045085,2.28304822283717,1.96865641238573,1.00449981978642
50,1.24498692311324,1.44828934046791,2.51193167315614,1.15672328792239,0.641694624357061,2.04979552072075,1.76258438086278,0.219568860133297,1.72673128404737,1.48024393748106,0.62298759325462,0.536186662053887,0.381177172590062,1.21396945730436,0.860500495664932,1.84271706151607,0.793254268485333,1.42482815920579,0.93074301174273,2.64079496909869,1.88992450224103,0.988036926705803
50.5,1.3243394517352,1.46964656826205,2.80619594873417,1.29809798822599,0.797065638042758,2.02341389346924,1.7505578086951,0.289953657692973,1.43916074139285,1.05530250789741,0.921929487145908,0.570615348674138,0.60881899551363,1.67005871408145,1.40483954638136,1.54690736008493,0.70910443317621,1.48066233321865,1.45435746129331,3.11556564764781,1.75937877984308,0.806052036517167
51,1.20733842548388,1.33838630328123,2.89345887626923,1.38541051653427,0.912670379048753,1.85621917035051,1.44762493056986,0.336092067931141,1.13232851417815,0.835479593120313,1.13853419018721,0.477464936577292,0.92614960654443,2.01639176829135,1.78486661431713,1.31876469938252,0.914818426237218,1.28861771576813,1.80130537897186,3.13458343132337,1.42413361388892,0.50220822054718
51.5,1.02742128636969,0.994502941265259,2.76785884984711,1.48236935264658,0.931370704718553,1.50660927734568,1.01577905621678,0.409670876929469,0.442749384020154,0.585862693514724,1.33095871784754,0.384706039036971,1.45333079100689,2.6211176997347,2.10184604017394,0.873116708465692,0.68748507073303,1.04567231441505,2.25816384922805,3.0982274802773,0.956758128680724,0.144582503932706
52,0.669458260508455,0.635847435266319,2.41052056777965,1.51353926140687,0.831286833990222,1.03587328835029,0.448737874218281,0.469497351313561,0.260958600677289,0.975667097749537,1.26137935916152,0.227488525127498,1.78701205184053,2.85218071142775,2.18116922160369,0.683282367857054,0.632534300796537,0.670869672164342,2.3730248434511,2.56281559609191,0.460193493624619,0.358105447691165
52.5,0.474470646732734,0.389034194233774,1.92427628091489,1.44059819528509,0.690461189729707,0.595455597810871,0.615358372670092,0.604148672807406,0.976614959929684,1.44839577839721,1.18509748097711,0.0470929873453405,2.16456332467251,3.32058820059459,2.27338178660468,0.989520835676902,0.368708241682393,0.405394943613828,2.60339529053749,2.15369724254321,0.610352074631713,0.771178605623177
53,0.689344360030745,0.666487482142749,1.24635236363498,1.15970506345723,0.565599036669687,0.723234144044073,1.15314606846774,0.614612804001395,1.592565365198,1.74580701708848,0.902438410510053,0.158501517535771,2.25328551485194,3.44271135792733,2.30929484421339,1.49897265863796,0.321195688053705,0.558210763392642,2.51911191349821,1.78204845462382,1.23888485086877,1.16902266135981
53.5,1.11850879429061,1.03663390651185,0.464336926881074,0.813109620866787,0.466064091697076,1.29796322286664,1.6810149467953,0.689527089976609,1.91728846615633,1.97007355421327,0.607677866607882,0.360121095743719,2.38531442952222,3.59917826485646,2.28643340502981,2.00526316719423,0.520184925731056,1.02469946023508,2.41557973285398,1.85102748219896,1.93056676211963,1.48271286746564
54,1.35259063317594,1.29459859045232,0.431331058531136,0.298688942937784,0.368399985029401,1.87897168796664,1.91597435731749,0.560020569514978,2.13132907830071,2.12202676751331,0.328715362010263,0.484247906535625,2.10573911094683,3.08196814656537,1.93342168553394,2.5079583936397,0.770487875188188,1.39244746705568,1.75266311147281,1.64812677513667,2.42946054612907,1.66192515744369
54.5,1.54438374826073,1.52244022789914,1.27879820889524,0.219656375474246,0.280561939204552,2.29211304070947,1.98361092617108,0.428166762573809,2.08570275150671,2.23461571772632,0.460097694777977,0.597039948470256,1.82178074732094,2.48777971903587,1.43562340892009,2.7677020637411,1.02388393635987,1.68488446679845,1.03897797572627,1.79394690864672,2.86209607657653,1.7046544177885
55,1.52806769103912,1.53229415437164,2.08965455798197,0.666966076114174,0.321443894472495,2.54763543808238,1.86612566337528,0.282662107991528,1.97839212290439,2.33454181571199,0.812337088553041,0.607252897001756,1.171152479205,1.43151127958638,0.82960314766964,2.97069134498895,1.13174602231814,1.7406151455036,0.135619727277451,2.00964504013416,2.85392554309286,1.55414081389543
55.5,1.45875769024101,1.5580159131989,2.73931049182696,1.04241713785098,0.546299118656983,2.54916511510763,1.59823600940931,0.209659022757686,1.54271891595314,2.12365689157579,1.14897731075926,0.601757009938714,0.59971282910902,0.460376538046938,0.6125240195361,2.72743915257961,1.10092308201195,1.7634158364537,0.806330045757307,2.54040940644832,2.6641203846762,1.31590923993007
56,1.31984232154981,1.41594558567526,3.24282888605976,1.38436167847606,0.748534557246188,2.35669301626758,1.35305650437328,0.331926907949145,1.17967392890127,1.86277746485143,1.3491109516147,0.549883009916743,0.761231048926576,1.07183586860807,1.14940560924623,2.40459013104064,1.00230016396934,1.62685631962093,1.5986335726504,3.14968036679273,2.23429249216136,0.998304137651876
56.5,1.2242143839012,1.35750404833978,3.52691802210398,1.6405061293746,0.963630377843082,2.12063034055094,1.31661365301423,0.442962726757443,0.776907075422091,1.37039707653801,1.50962850249158,0.521107174252281,1.42131735434338,2.24407346748666,1.82041608542088,1.86987377151335,0.804613939482699,1.51291924314425,2.34740766218992,3.80509076047795,1.73228758027635,0.675518066251277
57,1.2117341044953,1.35862113131855,3.67112544362437,1.75895659440471,1.15678071835249,1.92153843286878,1.41501508069083,0.577981701846351,0.693882884669818,0.956635571668398,1.60652175229053,0.54923429998395,1.91056168321394,3.10700059694266,2.3702694304164,1.36051254679538,0.70288456397125,1.33298660179326,2.74697221208204,4.1334487387703,1.34867474396074,0.3879906572001
57.5,1.2881700253048,1.39353795925199,3.73308231710275,1.77147096684621,1.36060247938029,1.97759271355118,1.64836246057454,0.634438745894461,0.769752136487481,0.684384219847585,1.71958981590443,0.572414054648281,2.39486901243909,3.89444373443034,2.75421393183137,1.18790858817022,0.666938276163834,1.23720138997936,3.08713967978127,4.41752575159527,1.07220376433885,0.253545063453042
58,1.50414192274239,1.58228186862296,3.73232176364804,1.67889262650073,1.52263675969072,2.19086453115574,1.70332831768559,0.618881162137647,0.850928681264655,0.594413612607376,1.81511019147174,0.666070262090209,2.47941805529556,4.02618026990439,2.83156905724096,1.14965369594104,0.717588847660855,1.37046042936761,2.95710148618127,4.41299613350168,1.19120953761103,0.339455801532816
58.5,1.7599111997849,1.74718364567584,3.82128167402567,1.56858424515264,1.60211065795578,2.52937614598209,1.77305447619494,0.594460440564919,1.05273409265963,0.841232313808107,1.96562476691357,0.769175559423918,2.5219025289976,4.08372853055066,2.77432951753098,1.5534793768142,0.898371437155774,1.55960902487012,2.82827848826177,4.47931415140361,1.44059622637199,0.472835074475586
59,2.04613736411566,2.00447769391828,3.84512552683682,1.41643985489599,1.66882767481179,2.95309681188245,1.88749088237398,0.501492297777869,1.30885684887062,1.37259607268056,2.03050010812117,0.866207893923201,2.37825579555804,3.73990510893778,2.56094996616441,2.06223759729388,1.06967238460503,1.93789157404421,2.61392384591649,4.50862929462268,1.938012692267,0.796832021553723
59.5,2.2718499569257,2.22732217495168,4.02444271664332,1.37041310704936,1.651803456795,3.27415744422995,2.01944088755042,0.534208561523768,1.51556189387947,1.87501657791111,2.17802305727794,0.968747224250424,2.27671194447115,3.46126986382086,2.41985395404844,2.55198138908201,1.28354314095212,2.27428158825379,2.55520389042401,4.65158679852013,2.4973963508431,1.01038656307691
60,2.3262522883978,2.27311640885367,4.22565120902691,1.41016455268986,1.59798975998634,3.49375036730095,2.15241648107409,0.565730563089579,1.68713079652977,2.30411105645849,2.2320245437136,0.947434794543716,2.28735065402137,3.32701131403125,2.39495149348661,3.04328566210175,1.45287310859835,2.43897349027926,2.6470687729729,4.78581842209665,2.73439752477848,1.14209824571402
60.5,2.2970664193014,2.31295056052622,4.45075827536969,1.58014866612154,1.51356297554694,3.40316497656588,2.05220862102156,0.625286864585024,1.43899777426688,2.28756688794193,2.25904262636528,0.912592662081724,2.32254899929058,3.32858216267543,2.48380832608345,3.03800909667452,1.42596334719586,2.53687289107499,2.8079681639778,4.90028948087581,2.79688933696589,1.10458407600173
61,2.04725337667004,2.08656535120464,4.73265717477976,1.89748207974884,1.42726023298735,3.0560976318157,1.82736961711302,0.630947892885617,1.18859551066545,2.18125640168759,2.19377782374187,0.730586854520907,2.58786102376503,3.74889755383737,2.82876653546007,2.92371724100812,1.46155982369662,2.28250540292359,3.22784844645682,5.02707429283237,2.4155111553708,0.936693342094801
61.5,1.74271976408003,1.82577747983225,4.76843704027729,2.14108146590959,1.39381047743928,2.49592511436082,1.53461689794248,0.603378527358608,0.514159375857378,1.70212146665825,2.06377648706654,0.51181122499157,2.86265365514142,4.26529711317843,3.30149635700129,2.29321374895353,1.09466306173307,2.0148969552931,3.63402937322816,5.1063499141325,1.79082418015366,0.755584084348083
62,1.25123068060761,1.43000032572588,4.59296406771843,2.30778595229446,1.32225318937422,1.75765590753671,1.34682854440414,0.598943002788963,0.245378298350889,1.27683104959078,1.95826262843447,0.262304700831901,3.1674452751623,4.91764290935157,3.85931879286509,1.63806227252753,0.967295324011366,1.51650317927271,3.96370384897667,4.97681141092241,1.00818745904527,0.672199598432146
62.5,0.758330072433313,0.901358092115079,4.06053824691767,2.28120018332984,1.26303246779441,0.936243480547914,1.35864586558005,0.524485238681345,0.856147306296171,1.29539837596307,1.85144183671616,0.143471134813171,3.51950645228017,5.5551956293478,4.38240075382171,1.45907913357434,0.5786185282558,1.0359441601061,4.22893031081896,4.76134738589535,0.416828044729541,0.886955302838092
63,0.397646660802008,0.401108722637988,3.18540678532825,2.01797679439339,1.12783391431616,0.0873287636044043,1.39298639667868,0.513547958608905,1.46252623039006,1.57438333368188,1.65174810474553,0.220889022349935,3.54744364408057,5.65095904660181,4.53513264480866,1.82426112524906,0.40027939938016,0.449073080287758,3.94435735340203,3.99539741368301,0.954728826054929,1.15975775586918
63.5,0.434263092897662,0.223646301354466,2.1275308916092,1.66242688480805,0.954191710664062,0.7133261986932,1.58804284148363,0.513899742608177,1.74216457645102,2.06245494725443,1.46364641505019,0.405528413805836,3.55396075486497,5.65883587370935,4.45570081916738,2.33328339978512,0.426428233931071,0.288337004082485,3.58191703795099,3.19033829988826,1.67416884659642,1.41578548522643
64,0.653030574968692,0.469363057299001,1.04741900920066,1.13948431585061,0.740087147808688,1.28267794641199,1.62936826898646,0.334357402036221,1.98623070400429,2.2548445585002,1.11508466418052,0.472735794971412,3.150082040751,4.91721767436147,3.876301214252,2.73118764682225,0.263660226809664,0.502673644530181,2.68032730470442,2.10190021548817,1.90032380947585,1.54085704044379
64.5,0.817738417833843,0.776702953994448,0.227313252026973,0.654349903809724,0.461865190795295,1.47105157744796,1.4957116790889,0.255059210416545,1.64369133995799,2.04553796952201,0.824501973515605,0.548083494683081,2.70926819814894,4.11562199658212,3.05960659923449,2.53145317106546,0.430668141261811,0.663504098995908,1.7872199266214,1.12712554651498,1.92916340794029,1.49078244615453
65,0.811999062713032,0.800107404184566,0.671462298932743,0.216611633414853,0.239032269280578,1.36403977097494,1.07642165696493,0.176666241747537,1.3184023987531,1.71782353423974,0.509266499047034,0.490103258254641,1.9924201625887,2.84852959996683,2.02903893005479,2.26436871734491,0.478605502717245,0.664057736439291,0.825078558232837,0.139272691302141,1.60495237061855,1.24181470986337
65.5,0.744604674206743,0.776525868373289,1.16064700529014,0.439359262729762,0.00517206874320063,1.10023342048376,0.712100393630862,0.218536097318683,0.689176245242253,0.996962780423144,0.309946286387027,0.379338502116614,1.26244987687024,1.56116118909946,0.965369311706044,1.65025324186943,0.392962989818392,0.678434292694205,0.189844575036399,0.749219495851722,1.1745733639764,0.892592778442176
66,0.56811033857783,0.617593931945071,1.4403111380856,0.715183025192265,0.159981634055292,0.714444659633084,0.490566724245978,0.451015300120928,0.396140414041198,0.359077138623316,0.468820717596702,0.24672139248651,0.672473378206098,0.528612622640062,0.186498336446159,1.05649731119094,0.350361054766435,0.484506891369448,0.785861349419227,1.2446119449535,0.669928343295734,0.493062513321888
66.5,0.414000197193453,0.460310765299572,1.45780067159034,0.862993468885247,0.322026873939769,0.410362917946546,0.658684486399531,0.49202202770723,0.654082661212494,0.362569340601432,0.716031807556301,0.129317926055783,0.510057745767119,1.00991708447022,0.946700177405838,0.420916504851281,0.223530623942786,0.338906265877854,1.34413813431622,1.67625086641208,0.269032902384624,0.113698671223001
67,0.388154764661411,0.373308798473698,1.31947355991535,0.886145715957429,0.429542197928378,0.291166730644302,0.762935026491139,0.500651210814112,1.00881888759168,0.69753403390046,0.728699844581607,0.0300629720888697,0.73912635440463,1.53583674982411,1.37360832199106,0.388075046540177,0.186779630570518,0.318728016907232,1.35694553445152,1.69341342083796,0.363958043921319,0.238075832545039
67.5,0.487004780611728,0.469613874176793,1.15330957558225,0.87109411225125,0.510616069877856,0.388276322779371,0.837071173582619,0.423448377578116,1.02856325668649,0.905183656486274,0.747260971699753,0.0751261796077823,0.994158263086051,1.97150626628885,1.54104271353276,0.513915217483224,0.150561697840793,0.38008052262394,1.34486749369329,1.74439658931696,0.596234044942702,0.448300449198862
68,0.467480968025858,0.502829855819098,0.909940346685529,0.761724596958448,0.532032942162535,0.433337103893732,0.697270342147253,0.286307129933597,0.974559207790322,0.895274711330521,0.526408171756652,0.133178230105072,0.944884305989252,1.81596901667966,1.38591764999606,0.656507992405172,0.210689936457,0.417345283691008,1.07526380493188,1.55977747278969,0.657466620588944,0.470032470862289
68.5,0.458704251271877,0.478510236090517,0.811043821794633,0.675518262972205,0.457349099256336,0.492845644608323,0.57140078169519,0.205417855725732,0.740852464303045,0.721770290849362,0.34489558304061,0.172004961849494,0.890216110644198,1.64410435617333,1.15897594163443,0.637736007325199,0.161912246547792,0.49002733919595,0.88056128077853,1.47600425525569,0.695107090988374,0.438848658550792
69,0.371784765741158,0.370310685554475,0.818168367753414,0.619654485098912,0.368240615695123,0.55034460666106,0.464821460210862,0.20686947746067,0.466515840730982,0.458531121183198,0.138968791758385,0.201105408434792,0.65007467301508,1.20766129760096,0.824800549561625,0.591940969009566,0.205021321907654,0.472294793147741,0.731863563220625,1.38805455524712,0.722241612342518,0.331777775233668
69.5,0.382217508988203,0.303721153410367,0.912916632121648,0.552609097637325,0.307333862953187,0.714977143769772,0.469117752133986,0.268831441240343,0.373406310890225,0.42993776476469,0.38780761332132,0.242085516083127,0.473443554383029,0.902201354442197,0.558389063767925,0.599994069329976,0.236299914005179,0.480837455386088,0.886138567150028,1.52403199295338,0.752655242858298,0.234055276494471
70,0.467553663426295,0.525188425132109,1.01423590578472,0.464469062389383,0.3595955067122,0.969892949636635,0.624260530348847,0.274037018715167,0.528117997894809,0.740021592855213,0.574984668134235,0.287337470084092,0.447370288977764,0.779244584378454,0.620661686380666,0.722563379934803,0.32630135713834,0.661051806776055,0.946165382833626,1.64370641568065,0.780745513340192,0.267954058917563
70.5,0.599772205753642,0.787787959758494,1.21976786005092,0.463383668376335,0.429506230090803,1.15473892085082,0.714449615263838,0.292309403965148,0.705079111693936,1.0212273193684,0.769172434708296,0.345241231981703,0.649227978535398,0.996057129208112,0.815048840651885,0.982301186497877,0.392506982904973,0.867202246636865,1.02025111255228,1.752116511516,0.881538100511712,0.444812162455256
71,0.771536389081629,0.976796468246132,1.39867369012738,0.458696130073757,0.479733655237884,1.28150778789445,0.804326794168122,0.260149006640713,0.883834655347937,1.19934651648317,0.756232171960062,0.372950256674031,0.759651192674029,1.14972445783323,0.937704201303818,1.23778023633377,0.506295265265858,0.994648099165755,0.986722288047917,1.69509920395914,1.05030868915224,0.650865991451284
71.5,0.913586862771519,1.10374500013105,1.57003219913241,0.484453513407273,0.492504492341325,1.29672333864745,0.798408128159887,0.248903568234853,0.852399863506588,1.20244102482143,0.736938318959074,0.402069536828234,0.895677682555435,1.31655692921421,0.959096455478455,1.37570448806746,0.540340666272673,1.06544432523447,0.98237888722233,1.61570393986908,1.20144551261207,0.77400246058213
72,0.946905618570768,1.10149221061525,1.7249359524735,0.585108127192933,0.500963718746305,1.22981800618823,0.693180256195912,0.220308107262545,0.788554194994126,1.1687538182604,0.784764336085061,0.398826339133927,0.971535759232284,1.44476331874125,0.99669631245213,1.47737014170743,0.618791817214961,1.03858873877038,1.03328849353447,1.54916288187218,1.29292514135383,0.770340821582773
72.5,0.958123149212126,0.989189630297614,1.73859478519919,0.693366728610634,0.5007041413043,1.14485379021804,0.557599499247805,0.233162862755378,0.653851920329966,1.10536909499285,0.835213301300637,0.379714964598432,1.04569443530973,1.57140989155733,1.08477652829403,1.43713784624496,0.600112624028795,1.02089235139735,1.09504300758064,1.44354749732495,1.40140393974361,0.766116410889726
73,0.900475211467197,0.928467184220659,1.72385061804436,0.80460582250941,0.462674347931967,1.12319024956029,0.441780707482113,0.299548741667264,0.620372297710668,1.22056906765182,0.945199101603677,0.360462746961591,1.20049797112041,1.80485652387616,1.24574080959349,1.43215836184046,0.655183139404208,0.964076116104163,1.334504400401,1.38384470077118,1.5207077380039,0.790465412123091
73.5,0.922057350201631,0.947620325993983,1.64956609092394,0.82610657038426,0.429790216163263,1.29450534638547,0.562120571598899,0.356570419618102,0.853537367969207,1.55640737568046,1.04886092609211,0.356112964892809,1.36634522816465,2.038568327864,1.50096040124053,1.61624961284645,0.62860529565783,0.964354711768867,1.57001310798426,1.27433298775535,1.66936666589165,0.870180225747314
74,1.01280343970114,1.06859811822233,1.55545006778008,0.696152727964865,0.405930892838499,1.58254046652178,0.776168714986761,0.338466803575557,1.13439091852985,1.80308804311526,1.07478029759218,0.369558103087733,1.61597030719184,2.27201658532503,1.67217549977243,1.94515759070908,0.698675104740279,1.02588398591136,1.67281311636065,1.15262686474785,1.75486481184656,0.965584258723665
74.5,1.14608572467205,1.21518767387351,1.60485832081829,0.645198546092257,0.377038353119213,1.7776972553175,0.899543430036571,0.356089629340847,1.13320581064998,1.8868991215136,1.11402582228174,0.363907015367393,1.90346610069303,2.49507787363142,1.8018899488013,2.23401052462689,0.784764115267112,1.16492950237484,1.7604469542086,1.0756479785673,1.85515235618152,1.04566385459558
75,1.25317255672712,1.28079388579234,1.82670077038357,0.728035902267778,0.382170478857227,1.88328426366057,0.924011797350869,0.355478302926465,1.05955714201195,1.83101434625701,1.10991133802748,0.335765438499298,1.95963290364478,2.3735714186475,1.7709853616838,2.44838540174987,0.767232116160185,1.29496926388665,1.67295952141973,1.26569093031129,1.84185509832488,1.0705473853352
75.5,1.32918477072303,1.34177993708656,2.10331120768344,0.888992551572863,0.460972065803579,1.88934718129771,0.847291670767944,0.369992632191412,0.878302110639643,1.6619209018503,1.1288567422311,0.319509252739065,1.94061222562154,2.24927213469422,1.65577476166169,2.40043691600138,0.788577675297809,1.41450181955875,1.65897308227719,1.5574313359505,1.78636132691971,1.05383316570785
76,1.29400814013216,1.24675486829873,2.38780207803004,1.08025822878577,0.576745285522802,1.80340353382544,0.704067213702478,0.457186923487457,0.704054217349138,1.4815127128648,1.18656952609357,0.299542468161419,1.81093322703997,2.10223973552067,1.61815367609579,2.31238972343541,0.705062562188155,1.41061434005228,1.68192280356145,1.96205305201758,1.61248519362313,0.968816199605376
76.5,1.2362383337659,1.1574646151804,2.58729426229574,1.20848772682122,0.714295239492542,1.69056721759229,0.562239907758659,0.52759068280393,0.498653204268965,1.27825294833591,1.25870927032303,0.284179858276071,1.69512797562397,2.1078886335067,1.71594683652529,2.0486243925601,0.656972400953634,1.40509330162639,1.78066192817312,2.34286468885768,1.39397130709513,0.842440585087328
77,1.08054452596705,1.03125336246396,2.68604874469028,1.243939270479,0.814338416800323,1.55649885153631,0.50722902133756,0.555836898545477,0.31620136611859,1.22809398920957,1.35983117624284,0.272429456997092,1.63240765762729,2.23293427372625,1.86342727504419,1.79644530367924,0.592358966253525,1.36065863516978,1.86543112277042,2.55128951874487,1.19087958619142,0.736603507608756
77.5,0.93824811327256,0.957001127418677,2.71573534872868,1.21776722222465,0.897928466697763,1.44899318571083,0.564582729571708,0.517602487688568,0.226563854990423,1.19688554870637,1.44732826355708,0.291237931912715,1.60386400542326,2.44695357102488,2.06061226320837,1.52488284162833,0.548589107251152,1.31460815997664,1.95124005735341,2.7711239590164,0.964994635987656,0.627626570502617
78,0.900693505181934,0.955341477213911,2.61313880986351,1.09856098725778,0.97235003991353,1.38148288192776,0.673972045628763,0.456978664895186,0.20147086552443,1.13159237644428,1.37772873734513,0.269551257869456,1.63770153946203,2.63305284344856,2.19848993140558,1.26664646477411,0.581237208139036,1.14713830942247,1.81392662327496,2.69541534576293,0.759505572340077,0.529574489832617
78.5,0.867047383369887,0.962820370735008,2.50765956990021,1.00088029170775,1.00233888328433,1.28884799026209,0.742431997352074,0.390114600008468,0.15126622534959,1.00832535911762,1.29609470291405,0.22482517244469,1.71658752902956,2.80614903253974,2.2616040774514,1.06768670168461,0.497567665918606,1.00154778840482,1.67083909305761,2.58630595328115,0.560459670947103,0.519031427150237
79,0.838347021165406,0.964675578741045,2.37845375153677,0.963664774516946,0.978009663595368,1.16071092398679,0.754068050709987,0.342568012969029,0.155677673065686,0.878754346126056,1.16995120930286,0.192741255138969,1.63850517873899,2.71426655546748,2.19224464361324,0.885549109638761,0.509066813432315,0.85418623940402,1.47588653787951,2.28495415917288,0.444953470095643,0.535549052494714
79.5,0.814746136911393,0.900629892322725,2.18029148542983,0.925945174740645,0.942735170278065,1.02438337567212,0.678200111334389,0.29545845453213,0.0792768247832027,0.810771999615454,1.04965552753042,0.205661968334628,1.60403395105212,2.60034207095576,2.02627037847749,0.878301798507985,0.415886929264349,0.714267925531815,1.30099053994144,1.93745341041232,0.34665854597107,0.550169339033953
80,0.74288448110236,0.802974731031147,1.9549219970563,0.88624827982522,0.91492342389783,0.895445389642796,0.513074430528261,0.26746237726327,0.0933832411027308,0.753361037330906,0.97777120614588,0.275676803254362,1.50285095022605,2.43320707180733,1.88011816058235,0.894882172215793,0.382812885771288,0.553356541088009,1.28346604011621,1.68309935648217,0.402969399405101,0.566247203211689
80.5,0.658303597917205,0.638937577818025,1.70820542436061,0.80042662923634,0.868595961658288,0.801168815465813,0.354129405625377,0.238649299282309,0.178038924953394,0.753069091081584,0.930482488333514,0.307216250182211,1.4005394002432,2.26824692287487,1.7089820282028,0.977546648464073,0.376814572649393,0.434427312477117,1.30310498552836,1.43229945655098,0.525887936388415,0.551571904508456
81,0.535719087060169,0.434556799560826,1.48055746709711,0.677514173281594,0.811622341274169,0.728934607677692,0.208089681205078,0.187895065808298,0.263038129292626,0.782978871350396,0.878391237624023,0.311974874086796,1.37530902825572,2.1365106780907,1.54233623550949,1.06347946041354,0.290549870198933,0.390202234670875,1.31848210116602,1.35576164308156,0.543875927240644,0.475493144661882
81.5,0.467241605513088,0.311241134445298,1.32562134654865,0.550318356515063,0.734015065436161,0.744926847995557,0.19963993055825,0.187638183381332,0.238840812122762,0.790351181582111,0.81860289849314,0.294429719214665,1.38064304223887,2.03313768354666,1.44317182541432,0.95548066639565,0.319690982078237,0.355492720642897,1.30913281658972,1.35559922190674,0.546414917013646,0.415268954822768
82,0.422302589834181,0.318410074812493,1.22985581911147,0.394722902513697,0.689524591345769,0.847196382535251,0.374105315893105,0.124759262733189,0.203102088132577,0.762146682427098,0.809968211685806,0.346286704322308,1.38373558663527,1.84863598388913,1.26086583256038,0.817625543359925,0.279088963698332,0.405282670268075,1.22769077085636,1.3773032553315,0.557755847266486,0.37585610872044
82.5,0.380199457584908,0.403789735007573,1.21477122764733,0.3147343178425,0.633176921911518,0.957976253980667,0.552645344651232,0.0712583489146064,0.273967811525148,0.773302006712602,0.826838773011447,0.37847027572181,1.40409991453887,1.67188597228123,1.07901517149077,0.729894504439351,0.29122451066813,0.471007437956923,1.14818730692557,1.44677588620503,0.646070158719783,0.395422787015973
83,0.49771030365565,0.555689573809749,1.23627629599171,0.314082246429329,0.547075295641503,1.06290689424314,0.674351071845218,0.104372510599193,0.47173764007915,0.79577316793406,0.769931084092099,0.367053992225684,1.35565120918938,1.46336232309721,0.957171948754272,0.702897455390742,0.363678078582491,0.541055034041498,0.97231736251993,1.42732968863515,0.733877202215924,0.40692167378293
83.5,0.637295088591129,0.709419379910426,1.29158247868459,0.374710630374191,0.453721923090511,1.10529484787783,0.686115455447515,0.10063077665736,0.527475318507153,0.806277048396693,0.719267927367422,0.338702679207771,1.24034524134654,1.27290531450217,0.873173649436593,0.782276698591077,0.304935070038436,0.607380832654667,0.821681865841654,1.43572143687101,0.835674450521286,0.410435058951922
84,0.817253843774494,0.844841139641027,1.3626384280051,0.462396550921351,0.397854036826061,1.13210014535599,0.555477063993984,0.134315295662361,0.565675769702463,0.834795532324424,0.703707080212479,0.27885562863561,1.14458796077162,1.21903269374545,0.897756889123297,0.900302119000692,0.422503189666002,0.745621540577219,0.778422246351122,1.39650057245596,0.884006639898709,0.420209819155082
84.5,0.969186389503768,0.869691617094481,1.38375922262159,0.497813280653858,0.380086760452924,1.1818985914214,0.46225534926145,0.19923764184332,0.577647751473006,0.864579271125486,0.6874663748286,0.232673016227124,1.03920002450347,1.16826471159546,0.926365363169409,1.15124773061714,0.452978156585258,0.910738923977277,0.727369201782799,1.30478277331676,0.969693872493396,0.46055460446869
85,0.987825489296764,0.837661851461988,1.35511186239883,0.578359402421391,0.339122532766115,1.30066365257043,0.557882859212221,0.279933588312348,0.674791266940236,1.03025424216639,0.750661039365351,0.177852894788847,1.06145188197075,1.2528842473686,0.982524678154776,1.43977661401158,0.567797754433182,1.03693329414179,0.902919951545684,1.19621739175341,1.18809480279922,0.624023762545833
85.5,0.990417291414808,0.784599597684553,1.3194169813268,0.670260345588593,0.278066701650182,1.4229675126256,0.729750632640458,0.392810425261811,0.803882420418312,1.22913417467521,0.799542468496535,0.150735604682679,1.09417063248246,1.35848517432331,1.09899477976857,1.62915983135957,0.597908098489855,1.16826715340206,1.11832893566263,1.10421759825118,1.44003747440466,0.731695526423856
86,0.88112036451321,0.809062821322715,1.35136828426963,0.732929223772278,0.271145397388423,1.51109424066643,0.803672077686418,0.378298514047341,0.986647606748208,1.44822654249051,0.836825091017998,0.131244058952166,1.21060691681991,1.54659359584062,1.23041109179376,1.83369493960161,0.641528191689538,1.19348662506588,1.26847356700237,1.12815425796135,1.56315040701402,0.833445232948961
86.5,0.812888265210524,0.901554901686409,1.45675968254743,0.75921736770262,0.327986742518796,1.47190792560535,0.740581987984894,0.365504018207823,0.973722671281359,1.52862043767767,0.85213820689314,0.180608459319015,1.28816756959754,1.74998848664794,1.40076131592147,1.86679827784328,0.602313156737943,1.2031740930595,1.3918373439291,1.14691590146643,1.63669701016318,0.916550416262718
87,0.773339517489433,0.92445448205857,1.68225294985702,0.812906944940156,0.396929249570814,1.31138224020535,0.532836998627865,0.30932794798039,0.931703188203342,1.5162307905159,0.866203539471374,0.245423294543527,1.33101957770509,1.9316993130537,1.56114097907714,1.89064759924892,0.543677991154391,1.02362948650756,1.39790028326012,1.31747721714583,1.50078238392998,0.919226218452145
87.5,0.78366426640011,0.884721047289789,1.79123236053855,0.896775495019104,0.513188943828226,1.11516846520131,0.269240031704282,0.242918941903516,0.714503231526525,1.32301474112455,0.914559633254929,0.28043611211646,1.44893973663637,2.14936331325862,1.72576401660708,1.82914492604717,0.513620239140913,0.829670023675699,1.48895266904964,1.47105347881047,1.29279199002323,0.916707953540648
88,0.779984698348533,0.726048720913552,1.80421474033217,0.92254281018389,0.603596939145396,0.894462309347411,0.0321365102853406,0.266135610104197,0.51929100683476,1.09285908834011,0.957558319035025,0.30032518001389,1.47247738295575,2.19967419999695,1.76991746469083,1.73375954554979,0.446470670813227,0.730357250293429,1.54570748327622,1.59855554651935,1.09901014154346,0.870174396871303
88.5,0.757375068480195,0.605701334986959,1.77797946357984,0.887125908705766,0.652284671608989,0.771663282046495,0.14921377389332,0.343201675530771,0.386173572296343,0.958461028905376,1.02379409365987,0.297432310298275,1.54600720827424,2.28975164204618,1.75675622126819,1.54417276182902,0.436915432380218,0.685237762901772,1.65458497766352,1.74291841982741,0.950919031544085,0.824763977553894
89,0.667499579672553,0.468506191420438,1.64621766131167,0.750965418060676,0.681966503508674,0.736475503134847,0.125828113119969,0.39264221789747,0.31485505655953,0.839632197073435,0.958584814464006,0.262904946652331,1.5335235733071,2.214309006309,1.63717482516956,1.33065265706575,0.388885270863453,0.634735920137559,1.67567181496561,1.78676830366964,0.818820060421731,0.70877872406817
89.5,0.576432348858337,0.371601285781337,1.51011118496695,0.62323528394888,0.662000739272359,0.770708700782744,0.124769666469751,0.384643384186617,0.374038148642231,0.871677981796844,0.877901225632914,0.246343595147852,1.52852199250575,2.15726467277312,1.49673233969828,1.09597924106697,0.361585162858129,0.570603551525383,1.69714159388813,1.84256903033733,0.710435651619631,0.599298508023237
90,0.452372017150086,0.454910858849625,1.34959691140565,0.479167010123774,0.608248307604146,0.866368408759843,0.227149129580808,0.313275231009703,0.464201591928014,0.879952238823249,0.783316836713864,0.250459799028852,1.44272182973516,1.97619364957777,1.34519122249659,0.906138817672033,0.390800607085032,0.579369339776837,1.47169418273198,1.59784931873341,0.666303391445223,0.523139478412686
90.5,0.380710679947239,0.596000186101222,1.26124846438635,0.378125726540607,0.539231613405062,0.935660317828704,0.345964797817479,0.230357598014136,0.541643426997129,0.921230413454779,0.718972689808425,0.237031864016905,1.35323306602275,1.8005389383211,1.18891327775529,0.906994431556107,0.361042808560752,0.610615284115982,1.21408057756114,1.30756268147762,0.660976892446617,0.527178744366888
91,0.485394307006871,0.752847374987922,1.20567494360426,0.324347141997806,0.460648784384387,0.976120762023201,0.398987644349092,0.166686591915146,0.64000728014529,1.00141341698246,0.666671150453771,0.237584493612287,1.24259747758467,1.64338127560879,1.10628465494437,0.976726591585089,0.377853309226684,0.678906644884219,0.957757509290403,0.959507320599896,0.73040149875592,0.590979623943364
91.5,0.610920523810804,0.830089525609858,1.14909268218288,0.310416801991415,0.38087349152044,0.996907594861231,0.439919165164238,0.145036725024337,0.647240487073423,0.994725556840496,0.632491295267795,0.216833282026896,1.1471868268017,1.48396147982226,1.04970040279395,1.18734212282144,0.413382094969967,0.776891353210192,0.753186575491703,0.717133814941158,0.826880204144105,0.601877663399444
92,0.685151326788105,0.745649538729015,1.13262285850969,0.36754388465292,0.319775305973384,0.994081631818582,0.439605231430975,0.167732432067983,0.66008603677811,0.983549945973471,0.622835428795299,0.186957565619394,1.05264587940469,1.33888337589343,0.974339396910922,1.36598377716921,0.371833440374069,0.790633503223846,0.752812231683695,0.836063549633547,0.85084688078456,0.592727253099004
92.5,0.716443068869478,0.66951539035677,1.17542129493024,0.491816070907839,0.257309725173542,0.889656877121738,0.382661170419681,0.230987758700409,0.405066021694927,0.723384123904348,0.59784947270351,0.162998743151539,0.92739496907507,1.19319492628294,0.856265521194373,1.24019918761791,0.417139654770328,0.737997075367973,0.844887262003619,1.00458166753157,0.817998158001051,0.483649199738189
93,0.596038497803037,0.451218196083835,1.27934354451214,0.689007995400613,0.208817377161133,0.715975302340226,0.396799129037301,0.279918112789433,0.249670572604951,0.490675137661023,0.597574068630398,0.151962939375372,0.916023591605635,1.2256862294505,0.799265354688673,1.07960506834456,0.438910501543841,0.600453386384945,1.06109553944498,1.28180378791696,0.610572866652176,0.286241729353737
93.5,0.513666917170115,0.402112792529379,1.30855620043921,0.823830643912398,0.173933198426197,0.535933363241148,0.543014604882094,0.243135671826488,0.345764183534799,0.164647260721849,0.570851538316739,0.197807903181002,0.957690269956572,1.39303602899408,0.899540774527372,0.623027455831145,0.308492159417222,0.52506708576452,1.24924980071751,1.58399889818633,0.342749846933414,0.128735517445638
94,0.43690727261259,0.366000315890593,1.25723317999609,0.847171233233681,0.16158644343791,0.488904492151177,0.760837339497584,0.186214214784387,0.599656653145455,0.2254355495342,0.503980118058068,0.275239010688444,1.12937595288332,1.70766155115273,1.08842892270816,0.281297997321113,0.234434859520004,0.404790726078308,1.38499604485407,1.76392171920968,0.141680170003658,0.155586392250627
94.5,0.483287412854132,0.41162484866035,1.16574954477705,0.7953264041879,0.211338494147409,0.64549531275244,1.0012964984896,0.0849602070975021,0.774078157808049,0.48149356605507,0.428865348270131,0.327265067218064,1.29998559267624,2.03370042358348,1.25430400188019,0.392123655486884,0.0829621547344963,0.449053811837237,1.49690910171496,1.96047777804784,0.460447638064034,0.268967137522159
95,0.478986253985774,0.43352292350555,1.10494469543169,0.743357032547747,0.248694706883592,0.880268776425285,1.15329799715818,0.068317272196928,0.897547438459562,0.682629530044642,0.311251467716163,0.338973142769317,1.19906717752929,2.00365733830489,1.27643235775652,0.735185794458597,0.297570585856312,0.54573522542925,1.27296568573986,1.86751328224483,0.701718756505578,0.344268608431473
95.5,0.538109803501834,0.490953894088306,1.15677017690866,0.721313866490319,0.268564623528142,1.02962180025911,1.22719280841592,0.118703666930931,0.839162725378186,0.755421497264375,0.247444642845822,0.370039685495978,1.12361049321424,1.93167208206323,1.19109684617742,0.704590151277218,0.335021016624141,0.671696341329426,1.02988074091676,1.78881137631431,0.875263087372698,0.366865083620099
96,0.547245541223581,0.589532207298237,1.28503520316001,0.736496397350214,0.292253301363848,1.09901240108544,1.09180258252419,0.0935998438684155,0.757630303147244,0.767271934306674,0.329806004331901,0.377655639057967,0.829650420547683,1.49557115192208,0.98641593990886,0.67220834203075,0.428552067814038,0.672223996716721,0.690915780967096,1.54211775101027,0.87221142696191,0.328270658007129
96.5,0.553841219285213,0.652893411292749,1.44845300345267,0.783803351149144,0.348921611020395,1.1061142554866,0.911047883018577,0.0590515436436327,0.570526557438522,0.663290584111704,0.52841294685202,0.389175399648635,0.679585197356681,1.1952075923325,0.820246479478163,0.519976986751711,0.349586880189846,0.664214783749504,0.63124282076703,1.39984818499851,0.783741556800329,0.272057318140414
97,0.526722110871213,0.695815863024743,1.58947643544459,0.87202695094035,0.42275719307222,1.05100545826247,0.710594926953008,0.0588941388982696,0.417104133398138,0.584621460501557,0.678347637129385,0.367497978759841,0.641864510771625,1.06661542423814,0.814888384388666,0.434196537101237,0.324849394653433,0.5632272818416,0.811373254093365,1.36061701572048,0.678637340053045,0.275715805100488
97.5,0.525356607066587,0.691411706618473,1.64270619585723,0.914287002131764,0.485708074669424,1.00403025783185,0.54450483339749,0.159732723461728,0.303036918347097,0.588139626527041,0.815405656566152,0.313769291894055,0.784751878755091,1.27215832012687,0.995452279022995,0.629527451898848,0.288637923401659,0.463767947620522,1.05542290301846,1.33062440328003,0.588869950748361,0.364761226995267
98,0.606626193163502,0.669967978661857,1.58374315975171,0.846366371642361,0.528446412238886,0.958392660121092,0.396579419256039,0.267807892976942,0.202011189917933,0.644125170902984,0.897967893728962,0.253168296159909,0.863163262360756,1.42947326978791,1.18794510559858,0.830968519283107,0.280225596925509,0.537380147097231,1.07048683165063,1.2666891997542,0.584943417670587,0.464846912460072
98.5,NaN,NaN,NaN,NaN,NaN,NaN,NaN,NaN,NaN,NaN,NaN,NaN,NaN,NaN,NaN,NaN,NaN,NaN,NaN,NaN,NaN,NaN
99,NaN,NaN,NaN,NaN,NaN,NaN,NaN,NaN,NaN,NaN,NaN,NaN,NaN,NaN,NaN,NaN,NaN,NaN,NaN,NaN,NaN,NaN
99.5,NaN,NaN,NaN,NaN,NaN,NaN,NaN,NaN,NaN,NaN,NaN,NaN,NaN,NaN,NaN,NaN,NaN,NaN,NaN,NaN,NaN,NaN
100,NaN,NaN,NaN,NaN,NaN,NaN,NaN,NaN,NaN,NaN,NaN,NaN,NaN,NaN,NaN,NaN,NaN,NaN,NaN,NaN,NaN,NaN
