taps_from_fp,transition_1_to_2,transition_2_to_3,transition_3_to_4,transition_4_to_5,transition_5_to_6,transition_6_to_7,transition_7_to_8,transition_8_to_9,transition_9_to_10,transition_10_to_11,transition_11_to_12,transition_12_to_13,transition_13_to_14,transition_14_to_15,transition_15_to_16,transition_16_to_17,transition_17_to_18,transition_18_to_19,transition_19_to_20,transition_20_to_21,transition_21_to_22,transition_22_to_23,transition_23_to_24,transition_24_to_25,transition_25_to_26,transition_26_to_27,transition_27_to_28,transition_28_to_29,transition_29_to_30,transition_30_to_31,transition_31_to_32,transition_32_to_33,transition_33_to_34,transition_34_to_35,transition_35_to_36,transition_36_to_37,transition_37_to_38
-50,0.13958322786554,0.13630353757453,0.10420703056287,0.0288422954882237,0.0620402591507817,0.0636668302167958,0.154750368190601,0.0356492700259527,0.0218042737045637,0.087508264902214,0.106233146798427,0.019452655513828,0.014405167187077,0.0512141709653802,0.0781258969980469,0.19853022228484,0.186918151232554,0.117271658292624,0.0430130521251362,0.187068526983637,0.181999155826684,0.0559419368814133,0.0703484029317723,0.0985247265004214,0.149897087127092,0.0834763956408848,0.0718888464280166,0.0836953527456619,0.0539082104639873,0.117622561471603,0.141529822359852,0.0820841493773942,0.136200818007029,0.0755020642386931,0.0586209993581825,0.128582484116954,0.135783770085657
-49.5,0.137228849194095,0.133112833606737,0.13529607073071,0.0849667107663865,0.0569310850748706,0.0478182296651499,0.139228199087231,0.0153221877563742,0.0121478926016148,0.0639180683971507,0.0634796025609047,0.0294292353868895,0.0382984580941071,0.0892303142763669,0.0495326754399417,0.19331641329255,0.180998281720887,0.120752029411872,0.0362217454488123,0.159179805671284,0.153271150983317,0.0761168314557217,0.035214878397934,0.0779547598480937,0.140609499293564,0.0935980805250214,0.0262235417219937,0.062088623593007,0.0448206680069485,0.103732133415409,0.15898261274582,0.100053752968349,0.16568515132107,0.0812219930882255,0.0408725588534303,0.0971658774439753,0.14670671840462
-49,0.0885776544901519,0.0727336280858684,0.085631522657049,0.103456585631149,0.0890104439425484,0.0707355295276497,0.11428049930931,0.0102130592683136,0.0394858315702164,0.0218506772131549,0.0199076612917646,0.0510987896023451,0.0806680072024471,0.112036252529618,0.0221999661940252,0.167563086402978,0.161042997995539,0.138578366883077,0.029773182455755,0.109506625416491,0.134250961671346,0.0684551929357835,0.0281928122785924,0.0410176252471944,0.115977974867603,0.0731163395866182,0.0450029080003529,0.0768950457738213,0.0939225576461279,0.0915524186975708,0.177617518964329,0.0983366156978628,0.1271158218959,0.067638065204216,0.0755015990781227,0.0553548746239814,0.152608575878171
-48.5,0.027765208583655,0.0470931699158829,0.0537231377892553,0.0965668559719337,0.0860853503567277,0.0728312460961909,0.0856333064599262,0.0498527405971645,0.0840272001229009,0.0561230290343728,0.0992590207018315,0.0712289473894827,0.134906333152366,0.123365451564323,0.025177733453762,0.147200831871288,0.147967611232737,0.151269142708126,0.0849455338405159,0.0504488778188658,0.131250387090584,0.0698188763065462,0.0265405585349412,0.0613401199478828,0.0797258080213099,0.0294397102980564,0.061554040022828,0.0826611101959408,0.132218134958757,0.0529496352949822,0.129006435193737,0.092406671789697,0.0886138269718976,0.0778511337871049,0.0772256845192811,0.0200039797806366,0.0886578932555803
-48,0.0131278241003988,0.0759199519042821,0.0510244136053546,0.0347998059096827,0.0934846929686507,0.0739113224006114,0.0477540752408292,0.108439504861687,0.137610849420685,0.0495166784630662,0.0741826382213789,0.0673432775419676,0.13102234373644,0.0967549955164144,0.0664805795169674,0.143543165793479,0.125706409415557,0.150610934551565,0.160401636056863,0.0696552446411858,0.129603693235296,0.0323226949698213,0.111447301621336,0.147050603850778,0.0407320246484698,0.0505874576727034,0.0662501565628889,0.104074700658777,0.144408303866985,0.0615227810127593,0.063617198898039,0.0524744757768533,0.0480500702763169,0.0649680688880928,0.0747261064609943,0.0542096387864452,0.0477514379075766
-47.5,0.0718313161731809,0.0410368515283168,0.0469480216528917,0.0126742105079826,0.107052813332704,0.0837716738269561,0.0837670604928443,0.182683317591775,0.139640666560779,0.0445140204576869,0.0502752168755994,0.108053640756855,0.153967036867601,0.0616119692308711,0.0572906978153649,0.120042748578619,0.110735900580569,0.169127775882252,0.201487906106425,0.0609056119673162,0.165080075531112,0.0219028225109096,0.174859606273146,0.192811915057804,0.026178766383306,0.0727524753492732,0.0715603202382133,0.10854656624411,0.163837867969802,0.0656778578194584,0.0571092329459852,0.0202770485257386,0.0482065290036267,0.0290553254908362,0.0648651212716286,0.0468387514274535,0.0262533068178029
-47,0.146170771859179,0.0909484667871617,0.0315132384307385,0.073407539990416,0.112463492248345,0.0780175606421463,0.179082327410799,0.292974731550192,0.169372582201403,0.0284232073369526,0.0459725497394077,0.117250080474296,0.125150631614888,0.0595021220672223,0.0670271368892208,0.0770544302569012,0.124742162552515,0.218662383364071,0.222297153548938,0.053027092630544,0.209731838948591,0.0672577159498275,0.167424128672677,0.180842239244651,0.0814178493572648,0.104066097442064,0.101831230600301,0.0812683717121838,0.137485312772672,0.0392635728036182,0.0776603744901614,0.0656696964081966,0.077600924642614,0.0407450013384164,0.0526831938733681,0.0408058007663403,0.0650406313892663
-46.5,0.166822372834411,0.127469512417324,0.0252991730078791,0.106224680640162,0.138037738241996,0.0415673370021578,0.220942248239999,0.305658348775915,0.181737915618981,0.043680102111875,0.0620038585752311,0.12281652417796,0.103428162079864,0.0606697948984521,0.0758774369653784,0.0331303676256873,0.161659546923947,0.22931770332161,0.184514625964288,0.0814983429487448,0.222989991062089,0.111703901803918,0.158931403291918,0.17360992138159,0.105987374028247,0.113909326319239,0.0686774341875832,0.0590891074506296,0.109713282517487,0.0615879608185836,0.128833163832392,0.0952219404238126,0.116884486008606,0.0766617157154391,0.0388351684281532,0.0534607218864135,0.0863015948755621
-46,0.157943236632012,0.125389375019739,0.0589513353821511,0.0594673154963616,0.142529467129553,0.0312136236614855,0.257701518688081,0.287683364116572,0.174737816130416,0.0502563288858229,0.102649095398922,0.110263465351683,0.0753303071482879,0.0975736762189513,0.0466981049809074,0.153241260445852,0.160447559833907,0.171119880341941,0.129450453246167,0.161834916738607,0.235046414094289,0.125868100525851,0.164697407882047,0.187303237494467,0.0868097800000175,0.0787422567770993,0.0425536477868374,0.0183519938321889,0.0893033351208469,0.104771880462595,0.195755293486127,0.0571709786993083,0.162401081921596,0.0781298574786743,0.11957839394101,0.0996715748935297,0.113644477934415
-45.5,0.119670993057672,0.105085301088924,0.115607018950276,0.0939364493323922,0.108565004884815,0.0520408768122072,0.239559237713473,0.210909914357167,0.0927629372005104,0.0211119742093427,0.128950709113093,0.0865926867876422,0.0477633126148978,0.148573199835485,0.0549513224463266,0.129197776250461,0.11708549000502,0.146636374675482,0.090857153667262,0.192974795708097,0.263704303354851,0.127725322944412,0.146102527797197,0.162793876156271,0.0828503321777132,0.0430900132756949,0.0627181332873146,0.0219777911825752,0.0909469393474051,0.0774905489696575,0.206871173717887,0.0377872029372498,0.194963203236649,0.0714189682377553,0.164401119046095,0.101782940304067,0.116394145378891
-45,0.13768238559673,0.0827309435046797,0.126205853748355,0.126410516156236,0.119448255088926,0.0545821542133546,0.203286766800183,0.113765823248684,0.052356581551448,0.0119028790731634,0.129877718588175,0.0652228048855462,0.0474214371538128,0.20984339761846,0.108299584640352,0.0933642701327946,0.115823923954213,0.17767051948205,0.0637781643087432,0.213456150371347,0.260819015740559,0.0593904845394156,0.133141838502407,0.0900093874352989,0.0868334309101749,0.0207732506789242,0.0526119408513593,0.0498020768160088,0.0869979872136126,0.046894002420414,0.196921128248302,0.0557684265229745,0.204409463983866,0.0687714435831433,0.197940943568049,0.109229001186122,0.157600786598295
-44.5,0.174713501684956,0.104697676680317,0.144883559406796,0.14376211210042,0.144515970100882,0.0572191221611457,0.167869449503987,0.0920185108317479,0.0759180872064724,0.0528188275343843,0.106242985720281,0.0497068405816608,0.0643770803593682,0.202408721985364,0.110821134369127,0.0969813077204513,0.10238136316341,0.194667673503744,0.0733160601072482,0.172335302831381,0.199418669063853,0.0659507448696199,0.146635748315097,0.0658351205378722,0.0790656012521167,0.0343718767048308,0.0513073391944294,0.0861441845028823,0.0806657386913721,0.0471100402244732,0.19860494683029,0.0484209099019599,0.211936307486639,0.0707556694789947,0.160417837163979,0.0558932956601783,0.169109255716048
-44,0.176906717286775,0.147662411524703,0.135133173333052,0.111351141422355,0.16171030821294,0.103793447156637,0.134275901618914,0.0975917279058515,0.0980947900283818,0.0446371011337168,0.0571180673330959,0.0876759374057435,0.0452065749818151,0.134609113439174,0.117205310484546,0.0998042510630068,0.0858760734131349,0.185363594429593,0.101245238991712,0.121025550719075,0.128055183423872,0.0768973208361926,0.163522527365738,0.0962024500078583,0.0733266473801748,0.0187562507125418,0.0482024952221982,0.112823002867174,0.0614680546459003,0.0604755401469725,0.176032447967015,0.0288130121665307,0.23017884275294,0.0891082727088611,0.107743127415331,0.00861266211433619,0.171422835327079
-43.5,0.123273136138477,0.122044975777541,0.133670137713179,0.10000377851504,0.165448569199304,0.136188281175358,0.150408528862778,0.134857879028936,0.0933655291609565,0.0150635108484034,0.0391588608080523,0.123666070067354,0.0951942664684352,0.0950437636208763,0.102063901711742,0.100761231090286,0.0961965835292189,0.176517397786837,0.137654100736109,0.0742361115820402,0.0920540235158063,0.103237447340496,0.174380818991944,0.111292131166075,0.0825542320014973,0.0172732821748009,0.0218392144482456,0.0958501425978204,0.0539430659754133,0.0433421363150769,0.130241306442225,0.052133818286866,0.210878533828385,0.114200447993992,0.126312918886483,0.0304206654402464,0.130004225413179
-43,0.0875912060300829,0.0935695241489524,0.130408831203368,0.0539024977393689,0.156777530269625,0.15120203291838,0.189998968937713,0.178811440738752,0.0821043969563806,0.0365018968663,0.0339454034052166,0.0894642948969091,0.137798247215103,0.106068703684505,0.11372104399694,0.0929342283340882,0.129345918876018,0.184881886900249,0.183148379649028,0.0340139109349794,0.106775156457919,0.0881177412678032,0.166870290204082,0.107996279174558,0.0871685143580624,0.0139237628598343,0.0291358382014716,0.0632731387534434,0.0301012121782659,0.0446996330566855,0.107356446275714,0.0103183920046202,0.123859858646259,0.109806632486897,0.161988059136121,0.0707689094930752,0.103900100208302
-42.5,0.105015424863948,0.109482434166176,0.146701145779717,0.0353641592097,0.150133035083202,0.136302269376329,0.201525309264068,0.214682903317889,0.090416956173472,0.0447043003887102,0.139119290307037,0.141871137723358,0.173228847666968,0.112513491842941,0.0962629503864911,0.0838392954889109,0.103939445407031,0.171195786231836,0.21086058624996,0.0191662042058513,0.128084676557556,0.0666932758297718,0.164350724195925,0.0922105059483719,0.0956082098894365,0.01647639478983,0.0299734123007961,0.0891085341867523,0.0106680776288582,0.101564184636174,0.145184359496246,0.029792770648168,0.0812063667980277,0.110158057492896,0.162397974606988,0.0674431299077838,0.0945002813502258
-42,0.128798254346668,0.117287111848905,0.120876795847465,0.0682737052855161,0.158654965141299,0.137092403503738,0.19865013590229,0.253339666533775,0.120145189840743,0.034348835349305,0.185189078897884,0.176056272310026,0.147806959830917,0.102780906688389,0.0593020541239119,0.100610684406103,0.0663281477231392,0.120757082472483,0.196326058351702,0.0795475062708661,0.146408573843042,0.0251505765538355,0.148699459670247,0.08815383044524,0.12542337537755,0.0364290408940562,0.0668335305659913,0.123727302947763,0.0708231125993894,0.120631546404117,0.186848348153144,0.042813014632166,0.10899855053494,0.119111052437737,0.159615470415662,0.0912825377956733,0.0811908276948147
-41.5,0.151696766585274,0.122398719380787,0.100790892130527,0.099487086176542,0.146179617027584,0.146855912020459,0.153826167698937,0.218649975972817,0.155335280639308,0.0287352406672679,0.191924977106876,0.196065560931004,0.129249056953377,0.0697829849468591,0.0289518142301353,0.127035372366312,0.0785788553031878,0.118006481374813,0.154464849954536,0.0682260947746778,0.196646390713357,0.0658179748610343,0.128491918701518,0.0897685442993374,0.151332225876473,0.0430618268918807,0.0837627878985714,0.116624385903048,0.105114671685603,0.0998915885180569,0.196804915147526,0.0552279552055025,0.13132183072902,0.136402726536065,0.140506612923886,0.113267611595219,0.0902220729862102
-41,0.177698281546437,0.12054535644334,0.110100347778618,0.0675582731291637,0.128759288651494,0.157225156062681,0.144959349031447,0.170706199152876,0.189769206809029,0.0124406351910645,0.146708861540385,0.164611508196678,0.0935464213526015,0.023312771454807,0.00739720254423859,0.136278744646676,0.096218567283917,0.122517288209335,0.13807380451621,0.110172576180768,0.244304263286729,0.0746998950005845,0.106069156669392,0.0827303178126263,0.165828344034717,0.0536037646383985,0.0920044231177028,0.0748507990056329,0.114352931571121,0.100671242129268,0.221119049976402,0.0865480637387066,0.14855059643918,0.141746888565003,0.155445486925796,0.118965011946397,0.126271878486354
-40.5,0.165917567447798,0.103503685693482,0.108131526428681,0.0716349728085236,0.115236701922326,0.119266107346601,0.120558689122135,0.16308040075786,0.166179857091865,0.039261112561035,0.078611059166135,0.104767087330815,0.0902633910324946,0.0670306282462686,0.0256424066361132,0.164059665128082,0.110906576012114,0.132096536730333,0.104307949397121,0.143519269901305,0.242483511006623,0.0782464697867044,0.0908164879902793,0.111473157321345,0.183253242445094,0.0800458755218049,0.0557824749113513,0.0519785739001217,0.109495515633156,0.0790731137633974,0.212069192363197,0.100777297820159,0.16259090352529,0.144530412074311,0.157214506974463,0.071716723877235,0.120939179122073
-40,0.149960846657898,0.139586512708683,0.0746868308262182,0.0736647541001668,0.1168459817629,0.0776121617360059,0.110554383664235,0.152900843677494,0.119142958600448,0.0411624920898655,0.0808528094683011,0.109655665675521,0.109910742522938,0.0750962321982023,0.0688034530401263,0.224283482778012,0.143090858933199,0.164501194496239,0.0685730686002022,0.174370574224194,0.22001642517809,0.0546528574530418,0.113425482244523,0.169069043484798,0.2025868392883,0.107722072800641,0.033470584530127,0.0343995882681833,0.0517862351275769,0.0551027717678543,0.176888461976424,0.0512532535858412,0.168628938038315,0.150967351691862,0.159007647283502,0.0239380373262444,0.119906542788474
-39.5,0.106076713213709,0.131928173347482,0.10334441678342,0.0712095763557596,0.15048768696383,0.0875047858684441,0.135434329836998,0.145804694688278,0.0792487291977395,0.0448827292417386,0.0815708393397035,0.132875611046268,0.130216715960219,0.0871787335798129,0.0933577398850018,0.230199726104982,0.142849143441813,0.202060835714857,0.0448273435403422,0.130941436932816,0.179850099042949,0.0292043046979573,0.162820004362993,0.203418503991012,0.213275400761822,0.0999271900746591,0.0308809194290798,0.0158868615442856,0.0176445153002139,0.0870012488224686,0.194159878364638,0.0183875522901901,0.170480279706428,0.151074276341451,0.1581693121839,0.0251506645939454,0.136337655741216
-39,0.0899844187679645,0.0896276139415912,0.0499448729320703,0.0761657342487486,0.180721180994195,0.0882604191310585,0.167953301689857,0.146446856966123,0.0765959665240892,0.0474524309485992,0.0645991524844979,0.0730007550680403,0.0410533563981412,0.0645906950185057,0.0953738781007585,0.232618690345574,0.145138525049323,0.235634876776062,0.0266617122462384,0.134198628539322,0.152828525106021,0.0295300358738772,0.238879102161687,0.227107130266853,0.204576719441167,0.0726684855290364,0.00993353494319987,0.0530107671022609,0.0662011879547995,0.131595512150028,0.229333866600999,0.0825358570598397,0.173542518393492,0.139268213714876,0.0975874570763422,0.0392332939162335,0.163523566994511
-38.5,0.0659531842178106,0.0462145598630786,0.0994061874589681,0.1585045583207,0.203392776929974,0.0794689677383573,0.155632777354778,0.131529205876873,0.119132940011797,0.0819000511333873,0.0645565051585879,0.0701542512076625,0.0661789830325271,0.0468001020675028,0.0821148592010038,0.200114082012657,0.185249640366785,0.267912199893221,0.012435132626415,0.177870980427818,0.160622651560326,0.0619482438659299,0.279290301486973,0.250989503702032,0.188973643541038,0.0602961333707056,0.00915127447600774,0.073819979907637,0.0987700108412445,0.143607122012956,0.243551433845992,0.125760234219809,0.192879179293514,0.144139210748898,0.0702511815993937,0.104863646283145,0.167323071129838
-38,0.0345024219631127,0.0496526582130778,0.0888765597690914,0.132715392484265,0.224812202356975,0.0952421886572021,0.132242869256881,0.121862058982568,0.154886922588476,0.0755378405232875,0.0446055777080254,0.109225275169997,0.100085329416585,0.091513371690013,0.0848760837166092,0.196340758507521,0.236871833521713,0.291693890625373,0.0725352280182836,0.207029217000738,0.201622648260079,0.0339766864635963,0.251234634557379,0.26092661195016,0.194886762832629,0.0897333341398962,0.0285128955317136,0.0909125314528761,0.097706965839787,0.127128120831631,0.246533125938459,0.106076475188063,0.209630849557978,0.139209688439851,0.0831070972674806,0.169346438019996,0.166659741110784
-37.5,0.0789958329184117,0.0851415402183774,0.0815329149132139,0.108523533993805,0.241514174070437,0.116775015375123,0.102153460056984,0.106228643120516,0.131507115570733,0.0414760043588527,0.0342485508044274,0.165416972351143,0.118750410103911,0.110968623111677,0.0958882738150012,0.19920854152558,0.23313109547317,0.287023732532148,0.121966207783144,0.157893036595078,0.190967596101619,0.00814829134469854,0.211576119350907,0.235180731571937,0.217690184122731,0.137091952258636,0.0546055945829187,0.100230834085392,0.0798520030173933,0.0625532567382292,0.195072880380033,0.0767800324746096,0.219282500773769,0.115908256620222,0.0630895969939643,0.130969129795775,0.129851323961452
-37,0.140764700760443,0.120718583325402,0.00797959426318057,0.0517793325042688,0.223572594282461,0.129122633266169,0.0838239733361467,0.0857827349832404,0.0909470151256463,0.0289301231560506,0.0245618453190013,0.128718892294418,0.0817214541128133,0.091578814068723,0.0901423669059393,0.191538790604853,0.200302517369718,0.240936669144816,0.156748785989265,0.0943719909524569,0.18211531795514,0.0347761577244311,0.163015541806569,0.16543645941866,0.217858756752575,0.178206832425743,0.072476891840794,0.116920235612972,0.0487617615022817,0.00209631057855036,0.139232554580219,0.0186910771307189,0.21218848889638,0.0754385622671262,0.0572609961078262,0.0933329897494481,0.0915056406031733
-36.5,0.117344278596255,0.0612006007654555,0.0725786101543451,0.0673479709287053,0.12251601088512,0.0883770710021478,0.0529672281114992,0.113819377451188,0.0970484442927603,0.0534916855890008,0.0519284785232975,0.0479651576348773,0.0355884384600211,0.0845105027343962,0.0529574524468808,0.119261521513695,0.117004819671776,0.175099295295183,0.156677136456403,0.0456896740520909,0.197794527311668,0.0727142113269115,0.0996329187191033,0.109011912509795,0.198766643180823,0.168520592816713,0.0417765037418133,0.145179516077559,0.0966969374514906,0.0163231907766099,0.134010809875783,0.0493548771680107,0.209381677569226,0.0440943460371442,0.0715562722247765,0.0920535332585765,0.0480741987431377
-36,0.143896196413358,0.083705071212637,0.0743200497737397,0.0653790032273776,0.0783190860695878,0.106907071447042,0.0275914476444519,0.168605535711753,0.15386733208598,0.0716550900419032,0.0643607885587081,0.0552073329851363,0.0401313721225739,0.0529797675618339,0.0577650701082002,0.0568035547365865,0.0695779210531248,0.084474809449496,0.131849435054317,0.0394249753667444,0.202774863090795,0.109541618686346,0.0136586320271778,0.0814972992062569,0.16918299260974,0.109413423314043,0.0788196922238836,0.154460181665725,0.129463306732268,0.0116921656702034,0.152109342166957,0.129262332336079,0.216645971456893,0.0686139407243971,0.125373743638687,0.106755945608284,0.0223981317038317
-35.5,0.149285355735452,0.114529092055601,0.0834695398711731,0.0546674146727373,0.078170223839782,0.106078206011312,0.0832075357133037,0.191232874055599,0.173319045388892,0.0500905439759316,0.044631578152423,0.106521001730414,0.10608706869554,0.0528659641114952,0.0523776542134122,0.121408218668594,0.113494424484325,0.0411887666804419,0.133705120050886,0.107990862426696,0.202605786404072,0.130029757188364,0.0516589518155401,0.0850382830422563,0.158774941088559,0.0888548305152235,0.0886677348840102,0.13602924391596,0.145905083861654,0.0361003160988687,0.160772417839082,0.169749388314791,0.197604700583017,0.0959023034780694,0.164532388379754,0.121804551876549,0.0871277868681635
-35,0.142971820117085,0.141069733640424,0.109384661684828,0.0470624983034063,0.0569444331716718,0.121455029405242,0.16503711324241,0.202027963807584,0.176475717197997,0.0360349078060515,0.0447132124631914,0.0872730030985418,0.0785114697708543,0.07408747347017,0.0431971003615564,0.227635579062321,0.184015405805034,0.102517570731983,0.206550432334883,0.189693445176574,0.176154048617878,0.0827626065485569,0.0622218269515412,0.135177379507386,0.183891291211725,0.0996502014596996,0.0668310342747383,0.0936186277132858,0.122296334587557,0.0581537639244484,0.117786531860353,0.14191704661824,0.141398880238985,0.077130984042241,0.150017473199646,0.143313418987687,0.148949073044475
-34.5,0.100745166671297,0.115749296597992,0.124358966434748,0.0453931740148049,0.0149777254436184,0.0896150716195809,0.204463678791427,0.267228876258449,0.179513171897206,0.0625937388947661,0.0438397779369128,0.0898932194255066,0.0485109230571021,0.0559960100593376,0.103144285987629,0.211490372241933,0.175903400489601,0.151815532506177,0.214852175431544,0.184726849189838,0.12318745748419,0.0886948785248171,0.104082733352803,0.186730764816317,0.186086122426102,0.0832059025021318,0.0541829551761794,0.076656226343788,0.097672608921929,0.0564093148438701,0.0597929754487877,0.128523371745686,0.126025670651636,0.0418455013551356,0.120605119805427,0.153958360989909,0.192381019158414
-34,0.0812032012226507,0.0678764190922666,0.137786390124342,0.0686732516116347,0.0953718203960334,0.0429639550618556,0.222922458038901,0.350801187749882,0.194337490439887,0.0380645487023711,0.0236799665593064,0.0417342517541251,0.0676687408657556,0.0934333201567846,0.1300355957797,0.164096780270211,0.152532221938022,0.177716341219132,0.169013658270005,0.158235209776732,0.142908758367129,0.0890222784459404,0.176844441182904,0.227638366348385,0.166011017437429,0.069338783383868,0.0534647632613494,0.0699914391650457,0.0705784302717884,0.0463286756672277,0.0529049884352939,0.0901155228228206,0.152972884227825,0.058837744869852,0.0963474556744319,0.160605210979286,0.230192849622333
-33.5,0.0981042411260837,0.0636366237284971,0.159315575725065,0.0493751495447748,0.150197634838919,0.0630915922880242,0.234442982518939,0.324966226317287,0.158844870796993,0.00893354929391684,0.0125693437646426,0.113581097926198,0.0803759283590179,0.136290082475683,0.102765803189686,0.169523037709491,0.174680575681159,0.22393519271463,0.12129576542111,0.111680948460944,0.204269381495506,0.0760104394324005,0.225937809609746,0.253286196296742,0.18030870276676,0.100208230489696,0.062526955393652,0.0316558473954652,0.034597160646529,0.059891595896103,0.13652021488141,0.0719403100667553,0.208448441461967,0.115433409121361,0.11108579404589,0.147454778817399,0.245760134432692
-33,0.103453635299849,0.0742674819576811,0.1717157749907,0.0881579013890275,0.196094058911525,0.117717675604729,0.287114543224211,0.275589540181152,0.0946610806426697,0.0959203991911859,0.0462043780174245,0.162313038194709,0.0605968680516344,0.108931312179292,0.0664005629635324,0.181012823634607,0.211688634631631,0.2957230937535,0.156265989440455,0.118063404961274,0.272503301277548,0.036236133523558,0.237325006469101,0.264801906077967,0.21836236256309,0.140483714302213,0.0744448017748731,0.0827398718423027,0.029791375952098,0.0653337325519532,0.258011290718079,0.0688657677202621,0.308674550629058,0.145127944051345,0.171559488763056,0.152177999597066,0.295132669751365
-32.5,0.221206279331568,0.148085689909468,0.238910235551456,0.0787467277162677,0.260039048143155,0.240358770525794,0.443379716773725,0.366213663504132,0.0650080236414394,0.241090816992581,0.123562100200853,0.238731011525168,0.0964472173257001,0.0895145756314183,0.0258786217340981,0.315061591501299,0.327413655637964,0.429079905898736,0.324764295152141,0.102335541338151,0.361089777241809,0.0914174606863114,0.300852795716454,0.332617368890277,0.330850709497436,0.238505153375065,0.0400846906382715,0.264947718251948,0.0820124828056803,0.155502288204823,0.44922663919665,0.0437077740621539,0.387007893251724,0.154103030884861,0.269546371505797,0.189494828038097,0.385289729053101
-32,0.404392087445907,0.352612650770293,0.491706062363958,0.103251349812265,0.416555328864771,0.376840822840191,0.655220601203722,0.529368936471981,0.129194200704564,0.301923178131173,0.107171156630902,0.317059524352784,0.138341654093375,0.0781637452966291,0.0529063991161739,0.505597124761685,0.503800365560282,0.734226354457193,0.591637379441127,0.0678502827510252,0.530812354969727,0.0911617124186776,0.509996339898577,0.494869853154675,0.614274408683647,0.387654711062523,0.0591055975397745,0.512253800979233,0.18280199942999,0.25137072951342,0.663511116636532,0.0301512330198148,0.508753890285368,0.192575085598362,0.430570849725299,0.232224393172869,0.503115229375811
-31.5,0.622369372466509,0.573047573981587,0.704455555020411,0.12670702373296,0.672887699102307,0.51648364145484,0.842408621519926,0.728714483069039,0.220574267427775,0.344982918092277,0.139945243430883,0.389287711424342,0.181453999102263,0.0974395561976529,0.0892494240840695,0.667157781973659,0.606762922411912,0.975831661888943,0.818832449026664,0.0980089109083133,0.780105148671107,0.123714765355705,0.733935401528238,0.691609585602694,0.856588729201395,0.487088193439504,0.0786405627971042,0.698632716198147,0.226226399019584,0.31096699443031,0.874905262087926,0.0497246692714123,0.687105372251292,0.255376433184602,0.601096997573607,0.289716530575838,0.716406418347068
-31,0.819151252070732,0.677953453611695,0.759502604652572,0.05984530469428,0.91495432473247,0.659959937308804,1.01725895920714,0.945558331539741,0.303099630938057,0.386187701977095,0.181009142967409,0.420823359367333,0.178235743752151,0.147025126390864,0.107614041518594,0.851332974366953,0.700627511829538,1.07815179464374,0.991525958835759,0.124891339945199,0.978017897851769,0.0790711023368169,0.866315998210024,0.910903457577485,1.00702861688566,0.541837099078344,0.104557318342712,0.819446341017958,0.211548770414079,0.314355202553219,1.10035110542438,0.0142559505476342,0.890681988762664,0.289305251257001,0.714014891049267,0.339869080440534,0.900564033323529
-30.5,0.891354552429947,0.723023633891505,0.824448367002877,0.0640198548207695,1.02940065721537,0.669486750954259,1.0828113932643,1.02868774551707,0.362447663457344,0.375563931786931,0.198944371171318,0.422223015180056,0.211813074235196,0.177290219167307,0.145146420939682,0.915575583590706,0.752419365085574,1.14883078644534,1.05606453642327,0.0790611272723917,0.994058382976786,0.0468532096196171,0.965474244417331,1.0527332612565,1.08544587865176,0.573137557338484,0.0961138292256361,0.884880855826498,0.227458275212316,0.250817751361513,1.21337029887081,0.0265804428026282,1.01467111703049,0.328190450886494,0.772139174516113,0.341958615908374,0.967834123792147
-30,0.919817707380237,0.774545678926578,0.816516800812428,0.0123818513838805,1.07462211768335,0.656432816730475,1.10640846872644,1.06507613304698,0.394841161534155,0.385298231399801,0.194422868707855,0.457377393331308,0.278627555564748,0.183365505555552,0.147974284457304,0.913597918993912,0.758908317519739,1.16711762507107,1.05637280428618,0.073704743488701,0.963214816408706,0.0710727343335076,1.04102400607763,1.09123779473396,1.06866154737358,0.570890820653988,0.0700731509756672,0.901652984558715,0.223517116927409,0.225292956430897,1.25089291952366,0.0662697513109729,0.999825195652804,0.359318355682294,0.801125205645627,0.348446358017349,1.02901700646377
-29.5,0.924701193883824,0.789465315456124,0.809789709955806,0.0477170351910754,1.08644451222183,0.663343648463566,1.177772469716,1.07994637222502,0.36893097754085,0.411472938950414,0.174269880489768,0.514819366582198,0.344450968662516,0.199339949641094,0.158687380585876,0.923915313724186,0.79400508132289,1.19790098563965,1.03128722985914,0.118061288100655,0.954791319365791,0.0926494775136481,1.09957460327496,1.10862092150894,1.08826051237421,0.580924811199248,0.0522645417564005,0.855369132099912,0.209270190162563,0.217758904858324,1.27969306608867,0.0842982285629046,1.00676082056592,0.393902658437879,0.812549693821565,0.349719051683717,1.06485255110219
-29,0.93589047125178,0.799695204862388,0.820429759813126,0.0506805999341218,1.10763569326828,0.681285388022757,1.27137770805529,1.08360766498051,0.325092469520831,0.430027725974975,0.152614517250759,0.546839950953071,0.353607075363495,0.186267726137168,0.173704160456343,0.931996658906629,0.853476955019174,1.24860207060235,0.997487745915379,0.176568226432569,0.958155036272908,0.0837646100265337,1.13090151788568,1.09460931526201,1.14765712642705,0.61112457811428,0.033411575624562,0.774669280610336,0.180181830169535,0.20941126333791,1.26576080162794,0.0568089411961859,1.04264890706437,0.425249102526884,0.831899016597375,0.356332200529364,1.07808607175899
-28.5,0.901646501190393,0.782775625902273,0.825307475070371,0.0179845345622267,1.08982489874984,0.688269816109028,1.29086148783984,1.07472272614189,0.297447220650894,0.452907550988829,0.141534918906302,0.554974063794025,0.338362806357739,0.212525576951031,0.164953816101287,0.91185348677166,0.876847143980104,1.25173885189484,0.922040174959166,0.258433301463583,0.996872636602634,0.0943616187573293,1.14301968450212,1.08150613745874,1.16904947285472,0.626498255218508,0.0115417204489174,0.714126430190249,0.165787500157163,0.224419093887668,1.24869660889031,0.0485990628167958,1.04514142175365,0.439128734328372,0.819825650074236,0.371581410109787,0.985412871983236
-28,0.848099813082759,0.752558238503267,0.773555951903552,0.032268841662193,1.05158411608788,0.690654760771853,1.28766019882938,1.06531706168803,0.293478923610695,0.40522441784082,0.108198496202272,0.463840864754886,0.308576317762508,0.218678763468511,0.175096152791954,0.874993978574985,0.842913858598038,1.18476637156696,0.819701160034369,0.353493432438868,1.05364419685414,0.0649865781531659,1.11116654352866,1.06808291126223,1.14531443756674,0.616673043939599,0.0444673857600606,0.67275037158244,0.181708035986795,0.268360759503022,1.19824133493657,0.0577834505759181,1.00012131657973,0.426381630661215,0.789982685792589,0.397018868943756,0.899858143105514
-27.5,0.814337656986301,0.709302223164384,0.719498747592028,0.052310693827557,0.991387663388158,0.681733694666875,1.18467384298324,0.994489659397962,0.335207607844119,0.317788717949436,0.106468116114579,0.349886764222348,0.289853771011287,0.226484189708893,0.174583344721053,0.808951029950995,0.771018649800245,1.11859603763877,0.741906226598035,0.403335048328498,1.05055940405406,0.0601392574389104,1.04875169143755,1.01481237603835,1.09844588147423,0.560982829286832,0.0636714305204218,0.584185532675277,0.184088740006496,0.292852185755745,1.11888095559862,0.0617533100999311,0.93478056202326,0.397051551142266,0.74842338342297,0.441002583700124,0.818590708168382
-27,0.804734790667295,0.662819089195874,0.651334056096553,0.0695492183472213,0.922374125386011,0.640215528328804,1.05914146196808,0.91985631636927,0.381191728933216,0.224840474696739,0.123523636375058,0.21580680237221,0.218521937775788,0.244133553244448,0.185368816390387,0.740761651274375,0.671435500527977,1.05796317685109,0.694589782774087,0.452203370238296,0.987459274891416,0.0849274250813118,0.973136274274741,0.912302342393447,1.02185575526128,0.49345013952973,0.0646904296534768,0.446905678490668,0.121382135496916,0.320592693611437,1.02812967368465,0.0358918265536934,0.832142776091534,0.333667147776781,0.719378481509331,0.463390604345701,0.720064950120339
-26.5,0.661133693900738,0.53787925304986,0.580122263804047,0.0827775818040252,0.784830675258643,0.555006417097298,0.853624207336478,0.806170493502908,0.39248326514824,0.120276412343821,0.142749225785496,0.060497638557696,0.123308981481128,0.233450222757619,0.183557049917331,0.637031048899381,0.575911876369001,0.93893916522417,0.625422301039338,0.359912855054287,0.827615875622972,0.109953877066627,0.872862399810742,0.778018846586721,0.91280988435163,0.437130531438784,0.0792452091072497,0.349860435118467,0.104988117819206,0.26348644480367,0.860557338052372,0.0506239878315169,0.725913874246296,0.27432031635696,0.611881895353571,0.374433867887964,0.561986504542105
-26,0.483622222947328,0.397651412908373,0.477784694576299,0.0862043846694447,0.63700801583564,0.449707617494016,0.620664049182834,0.686818577397097,0.379242414668953,0.110381858188896,0.180123549866115,0.0478920147732473,0.06741015557976,0.199321551168673,0.182112067724519,0.509718923892889,0.491845049203988,0.715393055702654,0.492603824801877,0.264999194599727,0.654910852132782,0.0677321752323216,0.673137054814604,0.59774765077155,0.730583173211079,0.354099077648561,0.10584747027415,0.288299565086403,0.141829497858442,0.184612501956937,0.690774226003114,0.0591703425569799,0.617369938595214,0.228753996370031,0.452843329938617,0.268262339768155,0.418121972365463
-25.5,0.368177393771706,0.30182793357661,0.371391174671726,0.0679634014085035,0.473697241935391,0.307586000270008,0.468824004068663,0.554294237855228,0.345265013063931,0.125877263115205,0.215794378192035,0.122242588673631,0.0391320732299906,0.120485612895127,0.0992771487825009,0.388220210425785,0.380362479599459,0.51579826806484,0.36682727914167,0.176232571433835,0.476504740483556,0.0371685472907806,0.511853593828616,0.437230376180782,0.55691898180836,0.293600036668543,0.084074074308821,0.227977373402638,0.16299740076852,0.119133752994378,0.5373956607552,0.058172466117079,0.501878970504123,0.188751416853093,0.330504812232746,0.173683168043817,0.32309352817876
-25,0.271769232814326,0.196425703453135,0.291319314669328,0.0714928440803486,0.317207847313079,0.175713196694147,0.344201300378637,0.435250959454146,0.327837025341461,0.138132245667823,0.19677133645142,0.108782001121303,0.0219469032360485,0.101152368851574,0.0185431445462598,0.331343156776859,0.329021643740706,0.357242931780848,0.267492301079057,0.156852101215366,0.253530986782104,0.0363291296032199,0.370307202647353,0.295178932547194,0.389478946760374,0.253232222176732,0.0462772764280859,0.16629448705661,0.148068242012106,0.0527730674397939,0.370556384794139,0.0136745368403585,0.375430165796698,0.153155251755243,0.198753684267616,0.097946275095441,0.234627886095358
-24.5,0.232974075662096,0.159631484628371,0.188918914671792,0.050500596860679,0.207102689862643,0.0662080460077146,0.271787639916062,0.278734674706817,0.258903221383949,0.151494078579499,0.156311832238744,0.0620937501985517,0.0135646268538345,0.120872606426593,0.0302907296838859,0.255840557361505,0.256722977079971,0.225970554346601,0.215486873582414,0.183034635164424,0.133351701343109,0.0401327071158133,0.223674653165888,0.169428209385257,0.23741074246881,0.182858090177473,0.020231102222352,0.0830114636824548,0.137091243627604,0.0460735941825598,0.239638180836877,0.0260820820266787,0.265392201484969,0.13144772076411,0.124622380602415,0.0546410152166295,0.182283445388039
-24,0.162346565574867,0.0779806691428569,0.0770847156371695,0.0503831995116995,0.162078371777605,0.004830526349363,0.246141753482971,0.126453429005052,0.158979381284954,0.160701273535531,0.11978582877628,0.0526377269683864,0.0769972851126697,0.0876765839909808,0.072116502450507,0.165709928250056,0.164075752296838,0.122222820931457,0.185436838198251,0.206710445872563,0.0285377851556176,0.0571989378306224,0.1007990778042,0.0796153931058047,0.116708883961546,0.0886575483721322,0.0346859072508975,0.064412805127995,0.122397459619478,0.0719056607501625,0.118274173495954,0.0394115721051149,0.181398388636978,0.122033101492661,0.0955543325242777,0.0302306629730741,0.13033736344941
-23.5,0.058213597827817,0.0669969630795205,0.0497687436999201,0.0897063591921408,0.110304505610354,0.0549903764470541,0.121939544741201,0.100167899429356,0.0809715343436025,0.165914466603974,0.100323510745121,0.100631062494561,0.149308925832726,0.0296278380350364,0.0919977130979504,0.0490836287286459,0.0670222617039417,0.00744603960371406,0.130982120435637,0.141169145340291,0.116941429105132,0.0718451125108619,0.130562737712676,0.0574080633837455,0.0345143943978062,0.0370731985253281,0.0493108364211154,0.153763070879487,0.151221321008186,0.0713128973955901,0.0526166099946898,0.0445606894783728,0.0674699288867866,0.0795441191683501,0.0804152050017276,0.0161957028806376,0.0689463659463777
-23,0.0671925736472011,0.115318100377627,0.144687644605241,0.0733616029769956,0.1065951599141,0.137267947005628,0.229359812135527,0.205330262639842,0.0277610116554202,0.108106277330444,0.0400571739059214,0.151308166040726,0.140644740632827,0.0280320407069629,0.0765749442653511,0.0990938261078854,0.0883454239616338,0.177100763767993,0.205538940741097,0.048051757132218,0.219782823410718,0.0416277587075379,0.192730095554006,0.180199946773105,0.184401633682397,0.195499351403858,0.0655164618657305,0.250879068717263,0.17431449851576,0.0489029312809674,0.252345035163556,0.0468741838645885,0.135991452089782,0.0278288477001438,0.0985249538152628,0.020011194265131,0.0242124803072402
-22.5,0.195495016678594,0.214103602625917,0.256428180494679,0.100998834801797,0.17875655126005,0.148779639318303,0.36105956133464,0.304858989562926,0.0734826529984437,0.0654825469143505,0.118993402242188,0.234008956624009,0.118501643853459,0.0581785882600887,0.0754928303786602,0.212207219200117,0.188482931954507,0.302407715535374,0.290063361102142,0.0542137732780207,0.306344243960227,0.0196341329567463,0.275921460932431,0.270258148601989,0.302181154946388,0.286166823640257,0.078040609857045,0.301820844633603,0.185649422011318,0.0781786467427102,0.407393385939702,0.0601381371523094,0.289067912590536,0.11683678933404,0.147528589273923,0.0656213364512153,0.111497341078519
-22,0.290283084937773,0.261711597497947,0.243723870642129,0.0834173479353964,0.254132684660749,0.166363734727942,0.461240643876026,0.399498896758423,0.125498260122859,0.0710549222291745,0.143114521724933,0.189064914857549,0.0712968255004713,0.141339046894051,0.0703488394714068,0.310750308251203,0.286099152623547,0.363059751789219,0.33834025351028,0.0994660758082023,0.356233595436516,0.0233745302059669,0.362208922518415,0.331360982743024,0.368758173515199,0.313830098404852,0.0885089302720848,0.29097067478056,0.15396999389537,0.129380385262852,0.476231999332496,0.0861004221539364,0.397233797767636,0.196053535885354,0.231187530426718,0.114025001908458,0.193583144786795
-21.5,0.267303558080996,0.224590221915098,0.218034907204486,0.0554660260399408,0.238131851213817,0.141802160393413,0.390332412478573,0.346891889077024,0.12083735282554,0.11407876061235,0.158112391257374,0.140879846496606,0.0652563777564785,0.182501144495973,0.0753330322517305,0.287205797553571,0.281580930195855,0.353596235641482,0.30080526224639,0.0798953572076432,0.292500006583419,0.0674002055475424,0.380949760062158,0.328033323312909,0.349935236904769,0.270951598751156,0.0698662240067928,0.231757133432839,0.128053089984475,0.100021106956889,0.428212742210544,0.115926475134634,0.407231491889937,0.199787422110172,0.252976538567758,0.127787161059939,0.193872635460736
-21,0.20649618370838,0.15582532286318,0.131462882347381,0.0182944359683494,0.197225621919387,0.108696149545759,0.267824724316256,0.251643568632759,0.0915299858533411,0.0829716373503463,0.117630152953927,0.126447000873577,0.0826900642969092,0.202187029554564,0.109573515539464,0.20793078620387,0.197413065795204,0.257106291777159,0.190104653339694,0.0702840525201026,0.176306638527399,0.114874958217133,0.29292068334432,0.233930330531588,0.205751176521486,0.15436101739905,0.0317987197565945,0.143113308396323,0.0872445198779548,0.100860613708665,0.276598620686645,0.102014263838602,0.27960812980736,0.0996187705792663,0.243375297105233,0.139031055930555,0.184064221258129
-20.5,0.0917829967815348,0.050815643869094,0.0610080617248231,0.0799424328212669,0.124764750079537,0.0986435791004652,0.131741641207896,0.145199212698409,0.0425800814843934,0.0561554751436478,0.119665974455141,0.112607422352247,0.0991603547063668,0.159259663873463,0.0854595495497169,0.095345670447254,0.101213257684113,0.186211822479977,0.0751862931872693,0.0592073510543779,0.0708697073254402,0.140822055567593,0.193805838854469,0.15315326265619,0.0851198313135796,0.0618683503747562,0.0202685289374602,0.0536220780180201,0.0351370815437334,0.0629870024805397,0.103488535164118,0.0971576947926992,0.153243476180932,0.0298266588710754,0.182887354256643,0.125508747528729,0.132661886019133
-20,0.0220421425931857,0.0543449051882435,0.00417353715709637,0.0762445786229704,0.143094695501043,0.0620963920648622,0.0809563557179127,0.0931066352494045,0.0491933040117567,0.0603511214467906,0.106002139356207,0.0747978325602464,0.0471693292911247,0.0978934007841458,0.0674531838800837,0.0749867329087147,0.0911229021489631,0.110840228037418,0.0695106476994037,0.0660293825288759,0.038342489576652,0.0679406960213441,0.0833108202276421,0.0971525323639932,0.0390425833063606,0.0825196105452184,0.0691111414549536,0.0404034346650556,0.0967020212301293,0.0197256763035315,0.0457824984480083,0.0467184539244236,0.0187389028175055,0.00639395179864959,0.0913191568530469,0.108570601357258,0.0833534655506202
-19.5,0.019935397490515,0.014736670598801,0.0568306898783207,0.0357951149439358,0.139975396362444,0.0502166973728722,0.0946178804068246,0.0755010322061819,0.0724263258391369,0.0823753409519948,0.0865073931573946,0.040910405163423,0.0408956171037212,0.0541587433624449,0.0733429207647844,0.0708775854909964,0.10426104185373,0.0766500533569639,0.126527342988154,0.0607526460211765,0.00887693950524166,0.0486201491380482,0.0961440592177493,0.0701702319503382,0.0694496078432976,0.111830040671488,0.0661134008775965,0.0816759612930303,0.167848033312529,0.0256592124642652,0.0912450886403311,0.00828023054187022,0.0551804849418666,0.00414107867797274,0.0233483271718002,0.106422094681588,0.0273651507002579
-19,0.0369766920877007,0.0398700915231975,0.0530419341728406,0.0378097407615657,0.0906285825839772,0.0704041717004176,0.0735510166595654,0.0487707885854232,0.0800155736057321,0.076072466989148,0.0579792947753425,0.0126243910071454,0.0743467274676745,0.0250809543546646,0.0748542649344391,0.0285629870792612,0.134109659240936,0.0840681407499861,0.145681014573737,0.0549679947878587,0.0372344526105615,0.0763191392176364,0.115587244761866,0.0597148779557301,0.0477479743391562,0.0911527161227548,0.0350388934961145,0.104466769038205,0.159448302113107,0.0217442554191229,0.0853445685420531,0.0378316370864638,0.0407364424373408,0.0400511091565501,0.0428815601107789,0.0937326203717296,0.0476468539587167
-18.5,0.0580875633758245,0.0527840438670764,0.0609707401716357,0.0545602131033075,0.0314371850319195,0.0654349537752285,0.0562481188127365,0.0470817293231495,0.077248145001256,0.0556396825468481,0.100399524680424,0.0443613716750636,0.0992611372589423,0.0453906128857448,0.084134252626253,0.0447222859889997,0.111585825703011,0.0716804981964158,0.109165663624485,0.0607600326268341,0.0335952030909684,0.0926974764118865,0.143795304994125,0.0569052394549577,0.0205008344707158,0.054196487995439,0.0191056052129821,0.137797836587008,0.126634938367794,0.0336546596897183,0.0855718557530117,0.0646019256254874,0.0343399680645507,0.0526551136771247,0.0367963845597699,0.0876855926451971,0.0319509568407346
-18,0.0869893229450597,0.0668097273559401,0.103792851328224,0.0861343732537685,0.0629375598951979,0.0586321478564342,0.0970157481019913,0.0653161197657001,0.0768404457427673,0.0571568770023528,0.128790066177119,0.0783261647267736,0.0949592268891852,0.0846412575064132,0.0876325989806479,0.131005239276865,0.0809962518772369,0.045894626023003,0.076294953269724,0.0814441007683361,0.044323716804274,0.0169495245667063,0.108349923869495,0.0734295157162384,0.0496263507163178,0.0617225063440433,0.030365748765998,0.162370742165255,0.0591252290436047,0.0563599355146609,0.0773423990514131,0.0706190113070752,0.0387535355687412,0.0477440396506122,0.0789992981468848,0.105103930198652,0.0157466472920429
-17.5,0.11270551579916,0.0858378818540996,0.168209807107337,0.11866969073531,0.0977280637604304,0.0525972381424203,0.135066621205654,0.0777085720939685,0.0620720267876672,0.0552694602863012,0.154045660906367,0.151438109031556,0.0981079778168109,0.129592180787713,0.0921927947491105,0.133507534389886,0.0565362427671888,0.0472742304560387,0.118088529193367,0.068754146374291,0.0990660222093777,0.0699499279786921,0.0579219011670017,0.0715106011483171,0.0853287377471008,0.0839663982930805,0.0290045936431527,0.186431744170534,0.0674693366551457,0.0658216544568952,0.0872003376483182,0.0741899297350515,0.0493499959458413,0.040015733751994,0.102771849113481,0.0839614488161152,0.00373388798668654
-17,0.135741354690408,0.121036347373408,0.171340624694245,0.0630334742702919,0.13151768249759,0.0960054699665152,0.175848176278023,0.101599888516438,0.0648835682179072,0.0530270982538374,0.141789324444495,0.174966645637235,0.0844703396385532,0.142915748165195,0.0864801338266725,0.112443767617524,0.0812938823034849,0.0247847149530551,0.198795963072354,0.0484082144516256,0.12754671970116,0.0444778244469691,0.0399964173187911,0.0585673577095149,0.0899208562688754,0.077650353385861,0.0297226428922858,0.219583798226845,0.11007105841407,0.050346906513183,0.0930164812056793,0.0373559024011849,0.0997488093573568,0.0689677756063257,0.114089923844034,0.0798267250516893,0.0194149175107933
-16.5,0.134944202222372,0.151180251404826,0.17336393610676,0.0513924016880745,0.103024643416871,0.109646037029355,0.144850215413744,0.100117687050631,0.0718226670438058,0.0769437109552187,0.130743466477709,0.174231787666332,0.0763365956350983,0.110807995600564,0.0536432338178049,0.073717917462779,0.084790805932879,0.0569014384999201,0.218129352048346,0.0734555952162635,0.11005329524728,0.0410223744745178,0.0515200987975913,0.0524273884764696,0.0744871434853476,0.066883348834782,0.024385959283972,0.20172511871471,0.119432174893423,0.0281340895166393,0.0848243287202433,0.0150766082845767,0.1461350093352,0.118467223037195,0.104770424423467,0.0523473988169576,0.0716845627484602
-16,0.116782121398762,0.15646416964315,0.118756908182059,0.0556627903264923,0.0739464538807122,0.108844466021729,0.0903814145153216,0.104513206455362,0.077249156856609,0.0615382407097256,0.0758571030086705,0.130129347010643,0.0801572327540104,0.0768853049964758,0.0346145000729018,0.0195552829267629,0.0797063856103955,0.0773277131837189,0.205054130208755,0.108698015148069,0.10070282903249,0.0573280432719031,0.0703003876739715,0.0368471538798707,0.0245492441656927,0.0557307797767838,0.0296945078701072,0.119940346780494,0.078916343177796,0.0198803919399319,0.0918437027056907,0.0589760662342803,0.174214142963483,0.13168882774906,0.0649914122291103,0.028606359978868,0.123529498413268
-15.5,0.0801551754079698,0.123854549167087,0.0574404468666469,0.096762695797414,0.106635177107416,0.114661773565443,0.123536739765791,0.0611336225649738,0.0617946582892212,0.0700780324289245,0.100973969504848,0.0970568063932544,0.100196852306282,0.0190984025035661,0.0353456678470398,0.0262767359404927,0.0493729082928204,0.0939103930951355,0.176326695033464,0.134581468682962,0.0862688570093266,0.0622034179271732,0.0847618970313383,0.0326779810434269,0.025501998227389,0.0587242012783834,0.0235066904280138,0.0899302847777536,0.0557895121636298,0.0456870724733501,0.0977499766218149,0.0737818229628176,0.169271997845986,0.125003397120799,0.0175319414781445,0.0693956923466886,0.170190428475092
-15,0.0730323881705259,0.0972229405289574,0.0639515888060642,0.109979988927264,0.168726007437484,0.128034970773963,0.171825606348207,0.0765092260448241,0.0413590174602006,0.054282314501173,0.103439082888108,0.10285753669158,0.0840085736560811,0.0526155448907757,0.100911406894275,0.0675644773426026,0.0380219457830784,0.117331160742843,0.145337648956901,0.148698305946785,0.0492131409990996,0.00922572046781385,0.0315186812019382,0.0755841996779574,0.0611747578803553,0.104344718807554,0.0462066302836824,0.0885756541485186,0.0657480281638828,0.064370848798022,0.131716109585525,0.0675835903280981,0.122066199034358,0.0818201346547069,0.0814521347398539,0.14698262084574,0.22582284444271
-14.5,0.116244030687573,0.101815855968515,0.0795277644843929,0.0839423448132312,0.206175384584418,0.15384606549155,0.216208577132371,0.146205037240764,0.0129730248761156,0.0725658276317697,0.0774722501898936,0.0950636600372131,0.0646431964988252,0.0654467314517256,0.0971419802957993,0.137134926372985,0.093806226626063,0.152945530953675,0.103334532061576,0.111809741157307,0.11353956501445,0.0547015419572879,0.101016376858385,0.0907746598126661,0.0752437735714437,0.10496785402429,0.0860536156733571,0.0796635068893033,0.0662763754091682,0.0978233149167979,0.187690674634992,0.0910944708062745,0.0965121219656018,0.0399056298545064,0.124599324491014,0.202410469068128,0.269681830155448
-14,0.167035845366055,0.107705355874851,0.118013739127764,0.0497711130818375,0.232461920368514,0.187508875432377,0.269201378614386,0.230037472780747,0.0413608595826413,0.0962149923083574,0.0279664845820261,0.0712960281161134,0.0339409985686466,0.0422424858498268,0.102656585757011,0.214683401861681,0.185429415711434,0.19312436458365,0.0442617418907723,0.15704886595002,0.196570156327582,0.0535743189281591,0.140886547368774,0.106253842901956,0.0795717545427294,0.0553044555903529,0.143900618090734,0.0756661863007843,0.0781231620670088,0.115354014207156,0.265900173580698,0.0954391439244378,0.0735456628995061,0.0260493065453776,0.160945483517141,0.239659844407926,0.293110710460625
-13.5,0.217194896016771,0.136361220176481,0.159792079336076,0.0190183749066861,0.226446694079854,0.117887576837725,0.297146709839854,0.255991972506333,0.0955852350591035,0.130517740279318,0.054420125918634,0.0247238850293083,0.0497334042859493,0.0433471671736108,0.091437138726939,0.215928804768641,0.207497489866592,0.213321506532759,0.0334704802467441,0.178127998906909,0.244180679615636,0.0739926186293486,0.184154467249147,0.134853806206097,0.0930712850813603,0.0540650105830337,0.108874661000772,0.0757147534196622,0.0703209373544537,0.0974679693725893,0.312981654117345,0.111662918671376,0.0718672900013752,0.0463609909631714,0.143722272909061,0.194691940333164,0.231042556321185
-13,0.257653836479268,0.172914526684701,0.160100366425207,0.0306339825330612,0.182537242417683,0.0453502874377659,0.322255011175132,0.263184731890042,0.12515034435231,0.127938335084127,0.0970310027469563,0.0525171375115951,0.0848663535222542,0.0919501847827495,0.100658132902465,0.186576496028626,0.178454867198835,0.193458521346848,0.0816987189026083,0.218495926460024,0.230676514477686,0.0239846359636404,0.235799444818856,0.184861636760698,0.102147813129204,0.131486935342741,0.0289284667613936,0.0905787480732691,0.0527844194134872,0.0922479236621969,0.2876112308266,0.0813980347303806,0.0895236950396908,0.0570238759692287,0.0908589567927067,0.136693470044498,0.160896575184402
-12.5,0.255755214595732,0.174951482396995,0.154601274194637,0.0524359283139855,0.0986518843750335,0.0861726720599851,0.261780007852741,0.197291545663058,0.095093902349154,0.0867666902725267,0.14078100361697,0.135178719464802,0.119816216363289,0.108242822749913,0.0772015912439706,0.155152711329787,0.163554127244396,0.168705093553665,0.115652682249263,0.206567558266045,0.18382080297113,0.0228442567785467,0.229171091485649,0.19473778111593,0.105049659752422,0.155758871633707,0.0421300760696138,0.105825042869459,0.0880420099677361,0.0574574734548754,0.209582684728476,0.0518206623274877,0.120461281879471,0.0730831768530195,0.0531160056711812,0.0687636790839593,0.0574097625567794
-12,0.243083188957963,0.145695945829383,0.034745324053384,0.0248642065132931,0.0617077649181315,0.108862424339463,0.172203810957564,0.160772623226926,0.109376128888854,0.068829338756375,0.149097989773258,0.132716561210398,0.0383057856585703,0.0664301727732679,0.0694972564575952,0.115851286112824,0.14391205283297,0.137183798965811,0.158061991844836,0.191772225241232,0.168313393001511,0.05129856433742,0.164944411353524,0.160553360717396,0.107790371660901,0.122309959646469,0.0498479845908609,0.100702372038733,0.111072419330485,0.0312589221279154,0.122252231329628,0.0306917520016135,0.167683535145234,0.0705493318938992,0.0619641080090909,0.0589935702257922,0.0720050151165111
-11.5,0.17946451989764,0.111980829227737,0.0644238592546381,0.0428038364606408,0.113796319210504,0.0869607979589008,0.119675221140823,0.166367049220935,0.0635633188681269,0.084050581406449,0.124253154515069,0.140994659018192,0.0759573652037727,0.0550348546088204,0.0605897827323066,0.0677074234117801,0.0952234370011662,0.122947163443732,0.17108382024796,0.114210029720336,0.0866797773219425,0.0953306269340923,0.117880251188513,0.141313686000393,0.102101280423066,0.103476643186976,0.0621960676279748,0.12223374153298,0.131707641251462,0.0194290051681064,0.027117563694905,0.0649924688264471,0.176647516468916,0.066576038045587,0.0982677254611445,0.080720463603169,0.0374507440550582
-11,0.117884308052698,0.12650656306614,0.0593778989358361,0.0542899719625541,0.148316598944105,0.0655586114531385,0.12745552792215,0.155477681641663,0.0183585031805423,0.0653055678361988,0.0559816127043456,0.159019107204751,0.0969328461484356,0.0877527683717338,0.0441417617292138,0.0352399661587249,0.0597110733303768,0.130849690896067,0.180514026974102,0.139182614226066,0.0491964737647824,0.0496095023793682,0.088280560757515,0.132368975044637,0.0848889330399718,0.0960203086009535,0.100132304481279,0.160717556775034,0.155239263749024,0.0901442871390816,0.0541921087934569,0.0554745095088951,0.125968585745781,0.0737457076119296,0.0975117273520441,0.0912912438758971,0.0565448641978025
-10.5,0.0990461064140295,0.126511606449625,0.0820630387972286,0.0565995955037308,0.13660904651872,0.0490645079358302,0.13852269529862,0.125679231319119,0.0753990738140397,0.0381013765976152,0.086527782829498,0.18098247411692,0.10629405428965,0.0638658302084639,0.0433500019192511,0.0423889223691915,0.0362164230510205,0.124931825873558,0.175695826623984,0.123858242330183,0.0536247161288343,0.00676701132333915,0.0879313296975907,0.140866098998145,0.0884072336499374,0.0962039382392424,0.0954117749977355,0.164940761063795,0.157642391449781,0.0871021318691397,0.0493336554124274,0.0520825887298288,0.0702604975770752,0.0823183825734382,0.0819559152722167,0.0460412580623428,0.0744532833765622
-10,0.0953847723100515,0.0702084126688341,0.0789318235663661,0.0250586370567439,0.113308227399741,0.0391873938459664,0.143376921623863,0.109898447092856,0.126272049738105,0.0607116009283217,0.0916376321487308,0.182786355149455,0.0568573346186357,0.0329481090646038,0.0992931126904761,0.0814003771050409,0.0520093822358803,0.101567388443378,0.155897465537272,0.127749755895356,0.0368491899564891,0.0224252023168385,0.0681862695017487,0.127682026008697,0.0902533600625419,0.11533210656647,0.0808894601349763,0.112142537862414,0.0948005173752481,0.0552524265323069,0.0404671579466312,0.0394618544747972,0.0413428737402841,0.0684949027035843,0.0658946190349921,0.0447771334662867,0.117738612475782
-9.5,0.104281230660647,0.0782402987735944,0.0906059121401976,0.00577406756001413,0.113489931659331,0.0449894034364048,0.0899609440512111,0.0404345675953562,0.0981692222338036,0.0660567568051487,0.0462414317810879,0.169443247312583,0.0103219228730582,0.0534252184664445,0.0928642992864978,0.114087361399006,0.0382564361653314,0.091270434684119,0.123413127788901,0.085780884774498,0.0245763603058133,0.0456553458651832,0.0556406457189065,0.102216627862096,0.0928740220322018,0.116715533879605,0.0527882763450619,0.0720231619475412,0.0806171791798035,0.0215025866196563,0.0309303859369652,0.0192761041534988,0.0506454584746069,0.0695615216009746,0.0657091365078647,0.0438200085210945,0.153612098996114
-9,0.0994336923042304,0.131413608940219,0.09514194022929,0.0406697991156641,0.132934097726684,0.0830036220058141,0.0159736986178122,0.0760275239720812,0.0702772569627069,0.0418384477576321,0.0395023813782542,0.108243031389105,0.051965004499672,0.0968173368138207,0.0649993617047806,0.133044998801467,0.0419726071459471,0.0840147898621602,0.0968197210769745,0.0799696928274821,0.0730761927616997,0.0450987026903208,0.0888378100238652,0.0747105934150117,0.0954454081170272,0.104142827034555,0.0050741222021974,0.0622354434274696,0.0714830887400955,0.0148129416074435,0.0457600372507138,0.0280169204756801,0.0589151945521931,0.064904910459072,0.0571104447097273,0.0492029617830303,0.196687808605689
-8.5,0.057482735900829,0.129212065247018,0.093832003531831,0.072152626888932,0.124848339915588,0.0464620988178841,0.0409661349937011,0.108793671225771,0.0915262539292301,0.0752828260807532,0.107955262256062,0.0328893857094325,0.083718959106462,0.137251050866658,0.0341144304156513,0.147944340599409,0.0897027979956125,0.0954124219872423,0.0566422216167634,0.0955883885102068,0.102867405897254,0.0422046546898806,0.115171775822882,0.0715731725568203,0.103730087534811,0.104376349694652,0.0404599869538517,0.0581941694199419,0.0665955550791668,0.0314180588675106,0.137228871747986,0.0417282751125459,0.114041823205751,0.0797919732773045,0.02865263429927,0.0829444945906592,0.211327130412307
-8,0.013784925846424,0.0954410392143562,0.12373746081088,0.0830354110623723,0.134925630704075,0.0707954230129582,0.114120895830217,0.122153891254613,0.0983248458414178,0.124289653775716,0.153098708192132,0.0170136457503558,0.0282833014700701,0.124966023428051,0.0537349343931397,0.158921498069875,0.117384431215544,0.120532794903976,0.0266512548654367,0.128446680382677,0.131884073415408,0.0298462879423447,0.145060424417835,0.0900337336871926,0.125314582803685,0.105131054094404,0.0829221247952776,0.0596164505287444,0.0684674384478392,0.0628545375398733,0.211880237802605,0.0190330392864989,0.173862092847165,0.129538948241661,0.0504846904552397,0.11085647944231,0.222479471558149
-7.5,0.0360766405698316,0.102557652534973,0.190640515680827,0.125191079497444,0.186658630769934,0.110479112246847,0.174603891159822,0.11798242761427,0.0387566993865491,0.15306424667312,0.192097256205908,0.0631849705211796,0.0706556333977743,0.0938728030932252,0.0776497463245248,0.178570408816256,0.149974265764821,0.14448552686554,0.0618978749315093,0.164522554953407,0.169101192867487,0.0361551418031351,0.183372365315633,0.136550629792607,0.164206882949789,0.103498326369812,0.0663484089141106,0.0458313502604062,0.0779564128499376,0.0628529306539087,0.247314299998708,0.0349614063729075,0.20979883708428,0.156675473062707,0.1075862255504,0.0737503680500541,0.164203837540994
-7,0.093133104141091,0.135707483387842,0.181546073810957,0.0977662361015302,0.260400920526211,0.142751716523628,0.23565797652163,0.132984315096416,0.0569892236928409,0.140239524684423,0.14225547890249,0.101949469330939,0.0615575297364823,0.0878937631078007,0.0949873254138035,0.198177918399051,0.178984453775737,0.167960875454652,0.099905311043931,0.193370467554666,0.230693635784736,0.0416168226265232,0.210133667604084,0.224720381218302,0.231580505202749,0.106880766682215,0.0260769221476006,0.0616372200199595,0.0564705298963178,0.0736586741955302,0.25338924331279,0.0783007035235514,0.215281365298586,0.148380183945432,0.16130638649209,0.087174419832604,0.12215675004867
-6.5,0.127581176790109,0.155462603657588,0.178579224583393,0.0610065123610087,0.30260448864628,0.156626357562602,0.29806660029726,0.165794136927365,0.101964220757643,0.146711249130783,0.0962454063959553,0.138657904388134,0.0478140756945972,0.0915263680057321,0.107647433298984,0.219858338989043,0.202106202658885,0.221984012365121,0.161885978943951,0.145121708188821,0.261514564238297,0.0468541792162309,0.237559553707912,0.307589344602891,0.298539241849174,0.117369312543302,0.0294965736166456,0.0858969206539421,0.0278553189598231,0.0815548674768813,0.277398240603171,0.103523183786224,0.215787035785601,0.12468304017967,0.192348567363236,0.103257296828783,0.124045325375326
-6,0.170875058251465,0.161532399573041,0.138015922296413,0.0823915542006962,0.319347953241477,0.167808755430295,0.353809165061442,0.205788081228275,0.138255221935753,0.158032347800719,0.104686947645912,0.192813178929538,0.0821957159251137,0.0734750246923815,0.143884832714164,0.268489011174451,0.23133374621399,0.314744002548188,0.282906933107398,0.0789079903607218,0.281134672723186,0.0525276471587029,0.271861799295948,0.365258551264592,0.351922506923522,0.142245118481149,0.0373805984974796,0.113019400500057,0.00448880789217702,0.126240275729039,0.32678824549462,0.101840520186891,0.196862815111359,0.0846834491622499,0.204269759487206,0.12813550250892,0.137331856600555
-5.5,0.22481662880267,0.146176404971861,0.107773231861918,0.119813673060171,0.309429017189408,0.190203444893857,0.366819440202871,0.263301944398027,0.123126475159906,0.158407124361433,0.136445286205306,0.255636143682107,0.115347499753127,0.0140766170699514,0.132708489907583,0.267962460198512,0.240384334544475,0.362658833019242,0.334326409191677,0.0411792722218098,0.308551328546791,0.0562964703280031,0.30712882798074,0.384191162311136,0.373494945010282,0.164919227913636,0.0570809072374208,0.143376885904848,0.0222279458023485,0.1483476247011,0.366471717814021,0.0962018986451758,0.188859469441703,0.0898273206985938,0.18893894537521,0.155480696777208,0.208398248300058
-5,0.254257282196551,0.123400332537715,0.0735997922848947,0.0903604006506348,0.306549590996873,0.211617698226449,0.369821617003168,0.325823429463233,0.0809967352942446,0.113799449614267,0.0928527324592111,0.241855130077109,0.0961958142544647,0.0207018339326281,0.0931678461257192,0.241254062968926,0.260744030689318,0.356185742301016,0.316286307758769,0.0487210891725118,0.304683494161118,0.0579701370915622,0.324267050289202,0.358317677391337,0.347461238241977,0.173039899568313,0.0781047651542563,0.169270007486077,0.0394800748406152,0.143824015552459,0.41833675741139,0.0962621737870575,0.201337341789722,0.126995586277509,0.189938751281239,0.158216870177769,0.270781455875707
-4.5,0.2449642028906,0.130078188360537,0.0593320407101778,0.0678030674716134,0.274234334722717,0.197035829637459,0.368864251982304,0.320082018395926,0.0721354576810143,0.0686181806309961,0.0399071770714678,0.180429626797808,0.0671290853528591,0.0679435226230735,0.0663151632015791,0.213750673045167,0.247210315430479,0.349332233587799,0.273110086373053,0.0589153448790244,0.269438671811772,0.0775327487420596,0.331700241191283,0.331860922637886,0.315454663255712,0.167984446168824,0.0886993829440596,0.194391798542372,0.047891768865785,0.131768621895786,0.45244005194136,0.104557572290104,0.228549897759501,0.149804926963914,0.195399468353842,0.0922852396491958,0.285089478047856
-4,0.213495921945936,0.150912571367013,0.0936505621943583,0.041062025668556,0.24942582586596,0.175913449142537,0.371245283518559,0.296234394227187,0.0643262609234609,0.0862206847760018,0.0809979312008876,0.129590100025576,0.074417235689296,0.0846256106430752,0.0478731091510116,0.198358773784436,0.19170852982089,0.332829560109938,0.229425692236144,0.0838809230104556,0.232897872408831,0.0735908105230771,0.289628177073285,0.311989450320166,0.281807775228504,0.149973173213105,0.101359695652021,0.193316817014506,0.0797888439051683,0.10438158221127,0.434204429915278,0.0683514411162606,0.273973568441854,0.153517218644258,0.22763819398854,0.0714687350458626,0.292420266177767
-3.5,0.165287935231484,0.133956690876819,0.152531254846862,0.130740110180894,0.262166015126719,0.121989695831899,0.326403410806058,0.259027113662383,0.0703665812204839,0.110565077892127,0.137885201955751,0.0825823799590539,0.0889173870886824,0.0978215991020184,0.0383766946895126,0.234925688502676,0.203447646179421,0.311921073692352,0.155158037922667,0.138261062650963,0.208549017246933,0.0744221611834387,0.259880986373902,0.29378347434983,0.26635150325353,0.134901409455407,0.0662674610048205,0.144535715863078,0.0988665554266158,0.0429545542433244,0.379528999047581,0.0673308998486879,0.306961097172293,0.158852082873888,0.232280554846288,0.0683213893641867,0.251764423786948
-3,0.139184089112034,0.116770793367827,0.172902475396359,0.119075100726841,0.297035418323053,0.0928693943256828,0.273186526257688,0.239467639494183,0.102382224032931,0.110952069755716,0.134050975232161,0.090846838575936,0.12289202671444,0.121045443762755,0.0289415591472733,0.272152483972894,0.239485745202237,0.274977068337983,0.0689921786534975,0.208645874728919,0.208863670063262,0.0287321091323636,0.280849952903967,0.272309881773076,0.267743765681675,0.138279280100371,0.00719110716346592,0.0645653911609678,0.105110839091327,0.0388376981782894,0.33091184092403,0.056690459550535,0.316688179656496,0.166572686403706,0.2165945917143,0.0702160358086918,0.193334996741825
-2.5,0.122873072965649,0.113200529640759,0.217444174241063,0.1284383542404,0.26367251002647,0.0489353627292832,0.278319202375543,0.257492472569542,0.0966215177453432,0.212497062624914,0.214387391930424,0.241031241229448,0.168370242030873,0.108510502461632,0.0544280251015273,0.165382103606053,0.167816995526315,0.213666669681342,0.184734049253248,0.277818214157895,0.185499770125329,0.0201728655410826,0.187443489835662,0.145100531402301,0.257668915463289,0.163122784418893,0.0233160720277946,0.156723805645837,0.151312245586843,0.0462215116900279,0.291152077830757,0.0657889892036595,0.278055340252093,0.157204827419104,0.171396682694303,0.0562126244528026,0.0892105141843702
-2,0.279620149764083,0.272093045902703,0.312026319119007,0.11166771965788,0.294395876542785,0.206991494531141,0.5017757178188,0.36037959887329,0.20950071982498,0.331062642065528,0.318722985550349,0.574829580317778,0.376454809140457,0.379320285899933,0.0854205727413863,0.178946304099264,0.143352482421589,0.371717458611498,0.535072120744708,0.37503463994362,0.425322570435699,0.0291996381254797,0.395195018900679,0.415183347801371,0.580005619473691,0.327772166545433,0.0602420841707511,0.489374522054893,0.194909646202673,0.0897172324448252,0.43988194871661,0.0469533610485763,0.441880488477106,0.221581527155964,0.327993720239159,0.166576156581419,0.520280418427746
-1.5,1.44167440639421,1.07796532155516,0.924525205560371,0.405257367529128,1.6414921926148,1.08290346915056,2.1042991481256,1.77110134532425,0.476889630890065,0.907104745001175,0.691393175261372,1.12015808220726,0.592479742350257,0.470346426869359,0.226193863639752,1.51773513149441,1.26491606639939,1.70388669340981,2.01813225011503,0.224010310482586,1.6325934277551,0.0591195791330103,1.60821910105492,1.91199207033573,2.00231153276813,1.22417708127034,0.116775710354017,1.78565418247387,0.578533373271993,0.270842083739965,1.78188329697509,0.134836163187646,1.6540874401132,0.681194068890132,1.22827749458452,0.681280749461387,2.14766533996725
-1,3.19662088387272,2.71132947242403,3.27466694183183,0.440946979856843,4.02115695599784,2.41024491117165,4.30895462463104,3.74363332869917,1.16943058152355,2.09317771041937,1.09893115471912,2.81337761853045,1.36821089686927,1.57102050195092,0.545710901310683,3.36087634986998,3.02036050620457,4.62654962375605,4.46811389763802,0.271506693325042,4.1841332593088,0.0449363298381256,4.61705911258719,4.85229677461487,4.98896593736236,2.79735472290799,0.307040347992609,3.99143665720578,1.1673314581893,0.580790429142805,4.71179275474115,0.172881307977556,4.22846507269065,1.56563194901447,2.92685197533553,1.45261898116725,4.74187027854048
-0.5,8.0928788027934,6.44545997395485,6.09319689960347,0.737699678045801,9.85491175479146,6.20781233878872,10.9615715146153,9.60423202393508,2.77244563337584,4.43568895779583,2.38089475821831,5.20046752381368,2.44474506042908,2.31754615807145,1.32474985337412,8.34966682245916,7.1815039307628,10.0564787441666,9.85194370989693,0.832331434306744,9.76428882574014,0.0565940087365692,9.5694610886419,10.2845746047697,10.4313403426689,6.05144550027467,0.303237186958773,8.52006548054535,2.36943311451101,2.1084867562405,10.7068737808823,0.388888291336636,8.94063302094448,3.21813012505435,7.2218814603143,3.9225785847129,11.4612873375293
0,13.9348650090035,11.2843851394427,12.390081281626,0.648915274759591,17.064492951651,10.7336984590531,19.2250368938992,16.81096216091,4.81706739396369,7.51727807666439,3.30179011423361,8.7310258860062,3.73950639959656,4.00040838462479,2.19387797802377,14.8264220904604,13.0748600077736,19.1978793097462,17.6602074004952,1.37002257546936,17.390825327453,0.187165072525825,17.9146325483257,19.0199480918385,19.4072371744192,11.0518350688298,0.551785276770454,15.1115939245382,4.15361738026136,3.30623582056195,19.1416159363728,0.511934930000938,16.8421853244898,6.1234066440186,12.9421362782181,6.49099437834102,18.3690014249417
0.5,19.7365942362233,16.4048114223241,18.1749944715688,1.08801276223974,24.4094004238653,15.1246879318467,26.4272857324681,23.00935747819,6.46696227283725,10.6779912117636,4.76144861052454,12.4604484498496,5.17378570512304,5.52419465177456,3.27148964351802,20.4162735865454,18.0689323921285,26.9524826642299,24.3153485855536,2.18023298151579,24.6458236515299,0.339076046382397,25.3125132792044,26.242856385857,26.9267940871415,15.2573876056218,0.642281419544779,20.7189612783562,5.62853286309216,5.02843334740743,27.5716186451347,0.573161301314429,23.4274475989426,8.52582380175827,18.2681026604117,9.09830146823542,26.0389620553681
1,24.7408707027538,20.0510298465587,21.073199624435,0.684142896575237,30.4661485058014,19.1196928753298,33.1841033156086,28.9449707362811,7.76108172619402,13.4101207917899,5.68265584782842,15.1792253254146,6.16700155138815,7.06409426275089,4.04299584009393,25.6629299750065,22.468877421798,32.6859681235294,29.8869195415955,3.24400879551386,29.8582608932799,0.440722557872878,30.0318601832254,31.48860347513,32.2004902776126,18.724382398935,0.736722553237537,25.3745712448195,6.67890691746699,6.83512137534609,33.8491276540555,0.73177760267148,28.1239057188387,10.2603847475211,22.539593227065,11.5124084559408,32.6175023422894
1.5,26.5615087988711,21.6785743874405,23.6374306599851,0.805994097223592,32.7373427423284,20.3306550529092,35.7295798284826,31.0974012179995,8.15266024769759,14.814543490917,5.91224407346964,17.0905533690762,6.8931880611664,7.33366818550736,4.42354628594093,27.6733187501497,24.3525615403296,36.3950223543125,32.9310281248683,2.86951273281482,32.2977198578383,0.521534853700498,33.2487306734939,34.7178302258963,35.5778915050949,20.9141384688826,0.777505490392266,28.1953800460471,7.24955711727807,6.22546852476009,36.6784836136677,0.803251787864052,31.1831561082529,11.4134748068877,24.4491615372043,12.0157007548104,34.5594871799092
2,27.4610070936587,22.3421234866873,23.9150035669384,0.642401398357538,33.8137938085332,21.0028693581404,36.7862988675991,32.024174273997,8.03609149519814,15.7012974296564,5.99617924436935,18.1061518891367,7.20319529176488,7.33894877392731,4.59316890255671,28.4249476884492,24.9273569194671,37.128545002285,33.8620188066081,3.01366722964487,33.1812554259696,0.534426519867604,33.9024909457094,35.3672919473768,36.2220888410479,21.7880308347605,0.769447148511165,29.4085154072929,7.28486392972008,6.14831421093508,37.7354234121103,0.797210958423186,31.8108640127599,11.6061104418143,25.1675641785071,12.4290253113382,36.1237166841321
2.5,27.6034870533007,22.3704352286961,24.2653772295759,0.867137535079509,34.0949909255415,21.1276977926118,37.0909303568789,32.3050518745105,7.69394364242337,16.2757092476989,5.52429551163446,18.8008446802873,7.38684482755649,7.39744355531391,4.55655023635966,28.7350213441562,25.2547718878257,37.5771987384642,33.7229690902088,3.4600021643474,33.3456243233542,0.525492306802172,34.2186168596324,35.7569609455954,36.5837436104204,22.2654008267105,0.80656083908157,29.5788534846758,7.00613865417262,5.85947103867411,38.0907797816936,0.855356905024227,32.1871766273865,11.7656078732666,25.2871464582399,12.4367280032525,35.9507595402041
3,27.6711075354767,22.5132487619148,24.1749179594994,0.738189656440034,34.2227027941835,21.141789155029,37.1558323742215,32.3253590136342,7.35970680007029,15.9719633268825,5.19212008055858,18.4016800536683,7.46461695445953,6.95772266076448,4.62745970679102,28.7142678370213,25.1536745597389,37.5762200111694,33.0220920595432,4.31009156329436,33.5416201401576,0.533816145849773,34.2958388464267,35.7354984975729,36.5926093542524,22.3090011313296,0.768080159792799,28.7263392203012,6.54544176651547,6.10740432510039,38.1098376306185,0.885608779152967,32.1530070349152,11.7340341982998,25.4477030734258,12.5125277250836,35.5297570305313
3.5,27.3574326898471,22.1463880806617,24.2519931614011,1.12926493958126,33.9734264493644,20.9741654313332,36.7913188826651,32.0791996592048,7.19002116540242,15.423172906755,4.33900437166368,17.7447461113956,7.52812297765161,6.88674876834817,4.50480172609599,28.57250670188,25.0990046746013,37.3391156007357,31.3471698771205,5.57564928199522,33.1351419880677,0.506669839507849,34.0283284396331,35.5249644713566,36.337778221173,21.9597042826412,0.79626271733236,26.8516284173282,5.88533094027768,6.67958740849004,37.9387787627005,0.960798231250587,31.9504249971844,11.7191583760511,25.0761204804854,12.3757307529017,33.8314205757481
4,27.1723062479582,22.1644659022336,23.6777205917169,0.69949897950526,33.5790349759632,20.6459647377872,36.3988696652714,31.7259022920696,7.56041856836215,13.4408086512789,4.00251371722835,15.1495350412573,6.92746249875087,6.33959835319406,4.61770882418508,28.1375423243572,24.5424788446062,36.8024005953943,29.2653038970331,7.33277557728979,32.9140029342365,0.498909202548998,33.6197472800238,35.0072590050333,35.8926055815743,21.3628249117283,0.729317141207964,23.980943099338,5.22491202094576,7.85094417623912,37.426121190752,0.869077590247108,31.5097955655406,11.5569331704886,24.9822064744768,12.3361832080536,31.844099624397
4.5,25.9601850796336,21.0690127481765,23.2565565045888,1.12911187359291,32.2482992035106,19.970816465358,34.7915311289787,30.3672482560115,9.10682159494697,10.8620400604334,3.58262649681972,12.3436598241982,6.33916937224306,6.26617211979808,4.22352522422354,27.1253884490319,23.8275668163869,35.6085363685596,26.1549380111634,9.11818646725667,31.572338190102,0.446849427804376,32.5521464550608,33.911044293699,34.8081508785099,20.3489466250772,0.726687562291878,20.1903496943942,4.60163012774117,8.94049902450588,36.511383308067,0.85823935826424,30.6485857414727,11.3268050406256,23.9817111353091,12.0141641277961,28.0945133275615
5,25.0485054596283,20.3313923372857,21.5232540976653,0.793191621077091,30.8290872975894,18.7863297268057,33.255405373513,28.923992035291,10.7046795500551,8.21444540762606,3.3991770941874,8.90850392698855,5.04277670899159,6.61328719277531,4.32987825622694,25.7195325566079,22.4991749642142,33.6475511248034,22.3869767018732,11.6276185450927,30.0850121760773,0.338441043889585,30.7035773325371,32.1190452414937,33.0735229766459,19.3378766018881,0.779552380020268,15.7547965982904,3.93017384479955,10.246559174544,34.9207249243532,0.768637834727119,29.2478377401924,10.8248978318873,23.2132898452415,11.5905312541115,24.3846982010306
5.5,22.0236432457131,18.0857368811559,19.6446991153547,0.826773846152314,27.1295609733421,16.7959466298692,29.1081301824289,25.2338254773149,10.8057519504957,5.39411461796764,3.6824712420271,6.10538251438242,3.5322153893212,6.21643764845552,3.52210386797191,22.5542212165784,19.9631186045159,30.4449113541803,19.0545611045657,11.2568141917425,26.8683629403423,0.274428295299647,28.0598222039747,29.0503817945436,30.1282553792235,17.6126674318832,0.611361764065493,11.8044115494834,3.59334585310452,10.0728944266017,31.9509095242879,0.660031485541816,26.8328191094387,9.96195377370925,21.0522277012798,10.6134782088423,20.3329262876971
6,18.8600265824009,14.9962288726698,16.282206300272,1.00560734986073,23.2001096063339,14.1700847781214,24.571677675243,21.3139764918582,10.1696795476576,4.83812242173407,3.36891247646487,5.24134152832528,2.35604756017456,6.60030731826968,3.14661044668704,18.968820261568,16.9856157823089,25.1354173171063,15.1714333222082,10.7551031143798,22.0693031952964,0.142838500266049,22.8614576351146,24.194923539646,24.9854111774474,14.8245587028852,0.550129296034176,8.93221877918058,3.15090125717181,9.46637345499501,27.5117767506617,0.616232967631821,22.6695981325983,8.56258420410844,17.8591067889962,9.15384755851492,16.3372367138573
6.5,14.7571268453452,12.1841026055115,12.524401064268,0.265579390792824,17.7260802691466,10.7096905691534,18.8879098766402,16.2377527366938,8.20794874302958,3.54835800030655,3.09033945594247,3.99794152868782,1.32388864863454,5.19954914692773,2.56677138646549,14.147741427896,12.5804073112063,19.6636796084379,11.6472535346148,8.30451167833677,17.1704024858193,0.105892956471826,17.9443193106584,18.6906170477615,19.511467807907,11.3716622677181,0.375913656455006,6.46497603306134,2.65090922112959,7.05184308121569,21.1331378899672,0.391392710628487,17.8671606966066,6.69542310117009,14.25457487468,6.96593008033092,11.9368291285843
7,9.63559012379745,7.63511743901957,8.57032121965567,0.565150037689597,11.7261223463314,7.529276755078,12.5004754817398,10.9197095002755,5.79788688752291,2.88606090444921,2.53428392253756,3.32554309705929,1.50665436566474,4.0075874156761,1.33941220457176,9.61838509217911,8.73128836046457,13.0940547944831,7.70110500894069,5.61463372274865,10.8484825207681,0.0866803747451249,11.5315339255505,12.1040659384361,12.5462458290754,6.95528249953842,0.311002069715069,4.51821988981557,1.9034524131557,4.88912100190269,14.1716894956042,0.331932385679029,11.6675262949662,4.34505939089871,9.07317626379396,4.63405126021325,7.72975135999102
7.5,5.75058880752543,4.52053452624369,4.72178657269224,0.419291981514133,6.85548120974789,4.02969100304702,7.24584722943511,6.27827945989092,3.56198012164985,2.36112637190758,2.12253506919663,2.51402895595282,1.55798392994839,2.64063597312135,1.1303923294428,5.31114719184118,4.68809591820193,7.26375852052205,4.17004761060393,3.35288590409189,5.94098062909826,0.135785522765873,5.9999324590775,6.29406553182261,6.53207031467136,3.41526697901253,0.216534702736872,2.51385281990576,1.17957922961903,2.83483684824013,7.5274568152152,0.164563400718068,6.19141526170524,2.24563282729205,5.25207426037772,2.46821889958742,3.8540761846724
8,1.87140504632853,1.59383670125501,1.57178758770918,0.145947452884688,2.13410884238246,1.25142403762075,2.27758986664818,1.93109013328054,1.48561238271581,1.28952141187475,1.23978058346085,1.29849976666516,1.26263146990945,1.10080904916165,0.382825618376434,1.48581617898434,1.29293107925525,2.40263326119217,1.12032670312616,1.0686752932531,1.69870572293056,0.100642966937137,1.76406939171415,1.55564439077235,1.71238287933679,0.778804371313232,0.12605847293168,0.52165161323453,0.338686770656247,0.862193335770501,2.10305027580397,0.134941181475283,1.79341837480702,0.711107158554253,1.52344725026516,0.761669215603863,0.812841363570185
8.5,1.7331986429983,1.53701973544107,1.27142358495285,0.291205443985173,2.21458158365256,1.28285272105993,2.62400520940607,2.29783158050328,0.488385334528476,0.804288478941972,0.850271351848488,1.080404615014,1.29698199186931,0.67257040979418,0.636258077140958,2.26066948795353,1.97615556689872,2.94446502395614,2.05444491964165,1.04502490374245,3.10410161402619,0.12318424731058,2.97683441345659,3.04136505945368,3.18116510163858,1.71885078166246,0.130749850414356,1.55959697179164,0.699541888447261,0.514799268066471,3.29785802171055,0.158317221403149,2.82698174241144,0.966823096690603,2.31910643830184,1.20512040437164,3.14197923118047
9,4.89873455512971,3.91052178843243,4.38143882795199,0.256364841047836,6.1549124136099,3.92735800206364,7.20833608618231,6.27750686648838,2.4183406804194,1.85619762625141,1.02005759811641,2.27407243713012,1.44333211344049,1.72290697565612,0.821064070620596,5.95168338520034,5.34721904860894,7.61822603840188,4.87739105178835,3.01972579139587,7.00628711264451,0.167589418398694,7.23618036835552,7.62763709459697,7.73912431856317,4.3038144688143,0.269148694744144,3.54040999897763,1.46172787404953,1.7543268794652,7.90984581306988,0.288207821693698,6.90334282309633,2.50458594788128,5.24375238619294,2.70492079626647,5.77473525191988
9.5,7.45949120288238,6.24209578205906,7.12930903283303,0.66558047701183,9.36728697765807,5.62237448087784,10.1495168278773,8.70931700607008,3.90830294324845,3.14928034089952,2.13378383841664,3.47560135419175,1.72500347738227,2.48086405913603,1.37964755830786,8.15447254932833,7.37886516340303,10.9792101391407,6.63594389336869,4.42852839180952,10.0531308633837,0.232673387088068,10.5691893953176,10.8535036930913,11.0569465128764,6.02619591742719,0.309871913569692,4.57471041724593,2.18268214296933,2.68641842618238,11.4838940350046,0.326503931324454,9.75279500632334,3.56490392200704,7.5824183566633,3.77553109857826,7.4180421062651
10,9.22967046717459,7.39404394749909,7.50317252314046,0.366491771238678,11.3870118875939,7.0320715698535,12.4725641543469,10.7041964650649,5.10859720743442,3.18993742244311,2.14353510849076,3.4336078655772,1.6089499973834,3.7584219433119,1.75202642200904,9.85035356257359,8.74183457073599,12.4124700649073,7.37557532631906,5.99358929727697,11.4861934034612,0.255301628314068,11.7101261608394,12.3625519838886,12.5146130830903,6.8984954758866,0.302617411812921,4.98826943953452,2.21560514936293,4.01649735244885,13.1858376544558,0.309471764503912,10.8539312310444,3.97465095471876,8.99366172871024,4.70325876836551,8.38482563740464
10.5,8.02996274374005,6.55724669257571,7.59730102052893,0.560211754912119,9.96904585249761,6.12009359040167,10.8286834829679,9.28392560324219,4.79964219068009,3.23330458035815,2.30177619283698,3.30379079468884,1.50353174766596,3.25826466654285,1.27020436237678,8.56061865995971,7.77567802917636,11.8326204564554,6.90451494011166,4.94183463404988,10.2015225281215,0.287208288231909,11.1613959450902,11.7168851275705,11.9187525562384,6.42713169350459,0.297387945946907,4.32055916734717,2.09567779838289,3.15630297746017,11.869165237947,0.280592651129694,10.2872877863864,3.82134147569211,8.05797978752755,3.88875103777187,6.8314983523269
11,6.00731999594508,4.89491538383222,5.26985101561131,0.296771030315283,7.48602086377482,4.59068659343492,7.76300668491762,6.7018100859873,3.61081187307565,2.33176669268736,1.59108138437903,2.20123470566879,1.01557232012984,2.78905093106284,1.20227181813757,6.10205107282045,5.48981986833372,8.301805346241,4.88693806180631,3.72515117895189,7.36428482508194,0.212458256486384,7.82299427579934,8.22839758887317,8.32847006086973,4.51026626437923,0.284435188003003,3.12708710381936,1.38222863382557,2.71467134063827,8.7418468200909,0.185141086472876,7.23866511794879,2.73014328304851,5.88655334929913,2.9237357977162,5.20438250189143
11.5,3.82680271922062,3.01444357809909,3.07521233281643,0.377540004419571,4.7163868578696,2.95286790400603,5.04473550968355,4.3865853350864,2.34120205985314,1.25999057046654,0.811208894520125,1.15304867524542,0.651173025997354,2.01712407296742,0.704309123380241,3.91826990140507,3.47963924578852,5.26525408573236,3.25149849453684,2.26441923763049,4.53720593870836,0.127027648334631,4.83310353098659,5.19852961383187,5.22739340298502,2.87644046543782,0.239575686698312,2.13919048268324,0.72227032924696,1.73016503099153,5.38901153499415,0.108067588954438,4.61811106779769,1.78416049775171,3.81271148750468,1.8778330909678,3.37509898662283
12,1.90499477016371,1.5223530542517,1.91688026953235,0.154651337403794,2.39535465697933,1.45141169551672,2.4841802558661,2.17215544988683,1.11660204912512,0.793458632732061,0.510336621384306,0.711670020469967,0.453084043922108,0.890147116158168,0.28723453394046,1.93322093499769,1.80964550095398,2.96190214922128,1.99674749212327,0.73994453896675,2.31362271026918,0.0824208060157438,2.69596502824481,2.82566646755246,2.8678453837352,1.53745916321352,0.143852804178294,1.35081281324818,0.393168243141141,0.649444606325289,2.82309956936345,0.0478602465278975,2.62923476918222,1.06769564712818,1.98057009209966,0.891105905054436,1.85774057267233
12.5,1.34728967862445,1.04380355508316,0.924243149277989,0.191716745996482,1.6147099499667,0.935969000968773,1.62122169046635,1.43928771556217,0.598468000411571,0.313607313824373,0.354087804010159,0.47672391773851,0.181101223926939,0.709580982382142,0.225352398008117,1.21902016938374,1.05025579477152,1.5461903977908,1.32252823800795,0.354265053983746,1.38235728705876,0.045963954713329,1.33490139420628,1.42321748080548,1.43741866723845,0.847468167683399,0.171684456751941,1.15805187240803,0.164625943691142,0.499361001196872,1.6503538952305,0.0778137612910697,1.40398290035605,0.59616913299722,1.12988864245137,0.594682905013114,1.52012751251531
13,1.14151928722393,0.917701829225846,1.11759989611337,0.0494887820504889,1.3786769143483,0.791875350194547,1.38442323140821,1.25601313679393,0.439689888557644,0.624467380472328,0.357629378662343,0.771280953129638,0.357562297435838,0.384301899311318,0.154770436856466,1.06501910769578,0.939096374753999,1.4773904227262,1.3137759727604,0.0831937320387737,1.23926019031852,0.0579306238982708,1.33463819584544,1.31658909995754,1.38936992359479,0.937018586076464,0.117645802306026,1.28105708704842,0.346561493990944,0.364458101475981,1.45203844878412,0.125296708792953,1.33168278956421,0.551131993506025,0.94136448625194,0.418896816364899,1.35188034009263
13.5,1.63294062895522,1.32518479252067,1.38726555229453,0.0900994731493612,1.95516575919397,1.12327399423547,1.9779879640062,1.76615652227849,0.506913507652092,0.992005508607741,0.519877426217351,1.14823313909246,0.435022646848829,0.546948028720423,0.178778123000951,1.50619988704319,1.31475816278675,1.83216463839637,1.49545306010636,0.368443771473541,1.67377867283794,0.0682631732804341,1.66006539255658,1.64450165062911,1.73080899200078,1.29278780921723,0.118483336058533,1.58557086444726,0.525132139882148,0.295481486568584,1.96068977383206,0.193435472847855,1.58469596433308,0.626014407213711,1.21858432482523,0.608851625653427,1.76442126447427
14,2.27885129173021,1.86763151897461,1.94617704589315,0.0383938697095644,2.70893166623465,1.60152050947599,2.87022228829257,2.49820188320336,0.735519820633604,1.20769542216207,0.675874956427491,1.40907139151336,0.528913499718207,0.562046785834613,0.310129641095945,2.11745034621471,1.87349335464242,2.71038538016392,1.94562908411805,0.732236068076909,2.46479755411401,0.095060381990459,2.44954551456889,2.4256409593446,2.57810309810416,1.82596599803088,0.100804358148168,1.95455534629297,0.632455831070369,0.234490078353206,2.736121220442,0.181205629410204,2.25121642554994,0.832021978846105,1.81205895564804,0.863796113908112,2.16763632977796
14.5,2.76536960907692,2.23900325694254,2.52780771249921,0.154173070898211,3.33411258558835,2.01888400692955,3.53246730249512,3.0478438155208,1.01207797097625,1.48959481529727,0.895684698333663,1.70867219398198,0.677064626664929,0.678165447203943,0.372938037848162,2.62208289018155,2.39758570648649,3.42891605130441,2.24039123769865,1.1236343210813,3.06235764145463,0.111960602523142,3.06176661654132,3.08579917586426,3.26674660153067,2.11362994804091,0.049331100162112,2.01333904808482,0.706638981417817,0.490475744187404,3.46903700998573,0.187683857683409,2.8286134221471,1.05385139298256,2.25492962123747,1.12635256603219,2.46303146892354
15,3.24029634667341,2.64570925243391,2.70747993840191,0.0573558368159363,3.84636255699909,2.34925571111596,4.15147765098768,3.53913185082502,1.27208399372243,1.32145186227632,0.738705864168053,1.54639610425299,0.642463063258076,0.731936755799702,0.547159547906693,2.99495376476531,2.69129963062564,3.9549498473471,2.45859793285681,1.59676439711267,3.68174542203346,0.118824789821181,3.54616574610026,3.60974985259068,3.82709105042503,2.27607059647414,0.0274171294043055,1.88166742149975,0.606171419716575,0.91022735318184,3.99384135525458,0.1471152474422,3.28960541869246,1.25268725726475,2.77889994619973,1.40576825554505,2.72529638764946
15.5,3.27039955580563,2.65090660167774,2.91385529736499,0.138715372340704,3.98369968825668,2.49754920959669,4.36878687045725,3.77058072691337,1.40437386235574,1.13032142583558,0.58266176461497,1.41724758793468,0.688688084603943,0.696519967222552,0.503895740354487,3.21361168787821,2.94497411217892,4.41398627194903,2.67298838174119,1.70744619218439,3.97298624054931,0.122114662890986,3.9974471626739,4.12226552970752,4.29986695619188,2.50099431781211,0.0330278023697543,1.80160059700046,0.554251881134113,1.07167974742218,4.30460212483466,0.126722916628566,3.69282121141508,1.44937767027262,2.95854716747514,1.52820323204265,2.8657584809492
16,3.38169651360806,2.7446792666706,3.11721779847955,0.246806375560716,4.21777576386213,2.52351307874478,4.56415542290051,3.98696004225966,1.52821791028575,1.08935116581304,0.592935952792667,1.36843126479638,0.714542994248952,0.831892033985275,0.614931672685193,3.43580266124657,3.19625060682294,4.79886236721356,2.84629236089251,1.82916306791298,4.24214126555503,0.113974943114987,4.41944922826194,4.58732481698059,4.65915513718088,2.74846638017785,0.0606210610768995,1.83438673609842,0.578430890907304,1.21573117403961,4.62719664659088,0.0909775372127118,4.00246436916836,1.58433683436572,3.13105692528365,1.58147480731738,3.1239082367865
16.5,3.85481806899638,3.18287719686398,3.30262484703144,0.0571630281780633,4.76378183131737,2.90156162263241,5.29769742391118,4.6655598750718,1.89814876274425,0.976786815467465,0.799417799001338,1.22957266711865,0.769216813924802,0.998691939806955,0.684520325683193,3.93809773425845,3.59388210423225,5.41205072157273,3.23897576871948,2.12817403219178,4.88752019137082,0.1307460531456,5.09981641713462,5.20091790668948,5.28026423063526,3.0498286308913,0.0504902129990939,2.0396779434785,0.654706564239752,1.5075863483659,5.2506492293536,0.0823736456986098,4.49272331460327,1.73394385188126,3.6312450056971,1.85164551446382,3.63149365907792
17,4.34110926293466,3.52271040115693,4.02690801527806,0.169627232095534,5.46897435108327,3.39835178283053,6.17601121126645,5.52571033143528,2.36184671052346,1.30866915561325,0.95261869340589,1.47553808898089,0.896424020486769,1.41079851033706,0.617751714075294,4.67430748421314,4.31774066448449,6.25733531145715,3.77424338235292,2.40825559133762,5.43874541071515,0.138172256880358,5.85336429574419,6.04093984861244,6.12848832805722,3.42456936354626,0.161538426370233,2.37896516029377,0.819341921068048,1.74562770600481,6.09251356279233,0.0755122142019839,5.22387651835237,2.00400490933622,4.03115820573018,2.05786302534187,4.13750797790078
17.5,5.13511485824906,4.3276279644066,4.67312702393309,0.120168148933434,6.45924083870747,3.89539898475354,7.05942108271518,6.23102651543521,2.78763558722643,1.59261978165521,1.19720490200304,1.68922561383117,0.989215739797177,1.61617535241373,0.864426692288166,5.22251644094636,4.73877014165956,7.00245743924122,4.22683045289363,2.80567909423094,6.31995251553793,0.161225183973764,6.60858797008679,6.71720968470566,6.90003910305144,3.73903911989495,0.167018734634608,2.61003357381316,0.985176324148496,2.01355699480601,6.94164651602694,0.0638443475918616,5.86532576698877,2.18623427559783,4.67956514040758,2.35052789909525,4.69057547826729
18,5.7998091929046,4.83095938812941,5.09407706630381,0.150296011204716,7.30462413699129,4.56922659308386,8.05880511123507,7.05067308141842,3.2399264572256,1.81589594317342,1.26053074780036,1.8869882685239,1.09387774915345,1.93882904439294,0.859493128112784,5.95339049111309,5.33544436113832,7.69334285678142,4.64943310419664,3.29598950361997,7.00629591678775,0.158634564308118,7.154234733932,7.35224085034776,7.60140332756738,4.08457878083699,0.172360391885798,2.8360148413324,1.05594502663055,2.36283655355641,7.75764427630248,0.110902507486262,6.49882052538912,2.37012677063722,5.20234884411387,2.71004962725291,5.15163961744466
18.5,5.79297784372707,4.85813991478645,5.50374350746583,0.306386743535501,7.39013116230377,4.57076462464339,7.98713465599301,6.97017134009177,3.28890443878346,2.19448945888929,1.44679938486822,2.13188815661474,1.12872110603341,1.95549836080856,0.87960990332325,5.94395013446011,5.37481854383754,7.87850051014589,4.66386736229877,3.26987133210219,7.04754062554468,0.142272661704672,7.30714073038445,7.50088549160119,7.76743659254715,4.12754047455129,0.152309983048988,2.79467773038929,1.11817978729535,2.27309323013837,7.94459417755912,0.223583066448809,6.72196439372627,2.45736172046792,5.21801639250116,2.57306669885073,4.99755170078942
19,5.55673132550179,4.61813932895168,4.75049406149403,0.0972332087415479,7.04352979937069,4.38241287846723,7.52689174555627,6.55563324511254,3.12389424091228,1.98530863679867,1.23779838703607,1.95557455769049,0.996210656113888,1.91132738766774,0.969984904308139,5.55898626212071,4.90416796777868,7.17346186795323,4.22016240671288,3.29950298923344,6.69031322517238,0.130450410935731,6.68053099404881,6.83071733796355,7.04259764068844,3.74574392879931,0.167166822450917,2.54975304540463,0.929629739823818,2.34302464584999,7.46346521934218,0.195693446422066,6.19563750639204,2.2691855435684,4.99790280662742,2.47819912020826,4.71361322810376
19.5,4.51398462844551,3.64958524307191,4.09055845877673,0.233168923906218,5.92723937690782,3.74927069579204,6.37314769929155,5.60415708047284,2.66604604182886,1.81650073000317,0.972006280468746,1.85850527993528,0.89284657791946,1.55211846955625,0.675562585629474,4.76916033653612,4.24789847583286,6.23597911699813,3.64276881720042,2.68979201872533,5.52939064220542,0.0973245440424352,5.73758628451001,5.94302262945324,6.08830045495388,3.27643390922601,0.107800895385462,2.14916515564358,0.738594084185692,1.91302978555688,6.38006249101779,0.200380705948036,5.44094942015875,2.0438865483309,4.21061063505594,2.06405876075447,3.83611903744442
20,3.60297320393532,2.99527895973308,3.34361717453198,0.189259889406715,4.89094880761208,2.92544534111902,5.09879376130241,4.51563406141817,2.11582231632288,1.49684724075579,0.67598498007479,1.56534799086405,0.711909312219887,1.14048020350141,0.673789233278501,3.72157629913341,3.2561923080077,4.98083569212057,2.92889216626461,2.05475958342624,4.442664002879,0.0551714561107906,4.60242855262401,4.75504289436811,4.91153711689895,2.69357555805992,0.0213566923821327,1.71993577995961,0.605477768804385,1.47082548696072,5.08289398974101,0.116253068362796,4.33778637339672,1.64185404783509,3.44278953822111,1.65365631413144,3.06892255207058
20.5,3.13890503923042,2.65465322054917,2.74752944273706,0.095530216034264,4.2125663304595,2.56904932564225,4.46524051519113,4.04095593403331,1.88992003577816,1.09066789202103,0.537535701154622,1.24236759005816,0.586977867556683,0.929699103153735,0.546596163051176,3.18578931982761,2.73264730702738,4.15299256421088,2.50382065681574,1.74095671507183,3.76915898390701,0.089067099808001,3.85366085907558,4.01809079315807,4.17127565131302,2.3349776967939,0.0318017933183703,1.5657683477855,0.60302991951379,1.17647148068961,4.23214464588316,0.037434390989976,3.60516072485841,1.36736175359415,2.9007058469386,1.50514550065458,2.72264097831461
21,2.87488228217841,2.359357646079,2.74019104157895,0.175606547214095,3.83326758808176,2.36337137429726,4.17272717482227,3.86818461827797,1.84431277045281,1.03303511115102,0.6491142374969,1.13786197561421,0.512272430483391,1.00326694365385,0.429053666003619,2.97007464136431,2.63166684431012,3.8434937111387,2.34099837196891,1.54664437707404,3.30682642801457,0.131843999117137,3.49949861905482,3.80310318858221,3.8908758642041,2.19834515178494,0.123012009449063,1.56566888244731,0.659583857504932,0.983921377336792,3.84182813301081,0.0295143706018845,3.35810375328992,1.32022255861816,2.48184223262568,1.29551657752307,2.49992557918621
21.5,2.76415022857102,2.39247195441095,2.53779238891257,0.117705367724863,3.554704286683,2.16054518660749,3.8240220300685,3.46756136183046,1.71322275238616,0.88163451962828,0.876036166236539,0.934349336451518,0.401882023812793,0.930547528377994,0.559539065793647,2.64882569354825,2.32442354791627,3.56322296676234,2.25770396225218,1.39209390029281,3.23348807735951,0.167860598885474,3.3134783646652,3.54308491671511,3.64904958340007,1.96062863322888,0.121990575091547,1.55441215728936,0.692137799121023,0.958943985001199,3.61260334142711,0.0369118205713632,3.12970044699964,1.21302789741235,2.42071655834159,1.18989781600643,2.45069900027447
22,2.44473536867115,1.9209211777547,2.20911386975081,0.105232903188943,3.13567460046747,2.08666253280284,3.44674726522803,3.10389621496386,1.5012803791677,0.888473299243334,0.82382288340522,0.986641192775087,0.426826923008696,1.08336287155148,0.41136135524976,2.53899498133558,2.31396279210777,3.37643596909277,2.21380849107373,1.21824343223379,2.93758357274978,0.139105122106398,3.11827218423317,3.35873753777101,3.42387499653986,1.77830023932168,0.189854743860674,1.64886362889845,0.693849638988237,1.01193353573891,3.4873371842436,0.0155546813131786,2.97769939989179,1.17624612665731,2.18019924567019,1.09034327398863,2.45375714881242
22.5,2.41147838590096,1.88278338857209,2.03574284959971,0.0437080772356384,3.00326733013922,1.972434363309,3.32997762076688,2.96742289231694,1.34760319187368,1.04257640596638,0.885794255739412,1.13441403447057,0.430491467323582,1.09361584188653,0.491162606735959,2.63284029879393,2.37319559575208,3.47768989079308,2.3489311395132,1.15581938048742,3.1455096926438,0.134744619790148,3.22383985842309,3.4227354985804,3.49153818583526,1.85049190241026,0.171368360742839,1.88833586213315,0.786717199675199,0.864874336975508,3.52365815290727,0.0336537308983337,3.03768129075268,1.18721526520476,2.36324044636589,1.13706215354618,2.69521992582159
23,2.65890239201831,2.11527239012296,2.28537341023224,0.0639656065929233,3.29065242582271,2.24579976533591,3.71401554588753,3.27011863880378,1.33340029526209,1.37796113220028,0.966346217562524,1.51755058226009,0.632783051934391,1.00788392940464,0.480491882594658,3.14972776890476,2.79950933996041,4.06524369886035,2.74170110628571,1.34815690457315,3.73553340022385,0.109267429436482,3.7923898028611,3.94369891980744,4.02719986560165,2.26761918885746,0.162715586335449,2.28911100088865,0.925946066340127,0.805963783878775,4.10616562927161,0.0739675332034418,3.49774461929334,1.32206983815177,2.79252982177752,1.38379645087934,3.10012890200312
23.5,3.29968553967017,2.56960095581237,2.87729738988533,0.251723209322985,4.07280731765496,2.64803910211831,4.56680927624561,4.00804088776335,1.59058568766182,1.89042856092578,1.11540494361728,1.99028651203839,0.849489531378473,1.18689332555823,0.578907749521575,3.85813856465908,3.43905140653625,4.94675461762837,3.25730337719505,1.74253638134613,4.4636769232673,0.0993238373017535,4.53134574923273,4.76420750754543,4.81083849634657,2.8254754005752,0.178888225328656,2.6869909231863,1.06175255117688,0.928174680485947,5.02600947111275,0.159487109163212,4.23236159544229,1.57618016464625,3.33961694809051,1.62629447706923,3.60828293217619
24,4.08693917503586,3.33879779952891,3.43753491816707,0.113918255560291,4.98443222691146,3.11055433801677,5.53466122807183,4.8022716277001,1.95704340057515,2.08189418795163,1.25828970740264,2.27702414781602,0.973649184054147,1.21909507860626,0.786734053332282,4.48139271693113,3.93140456645493,5.93997532273048,3.83977254294532,2.17365883505627,5.42125324287422,0.0837463684109299,5.39057954281104,5.61612312640307,5.67464886306634,3.35037732545725,0.15484565599882,3.02342933671608,1.09939705754756,1.07593756457995,5.96780384572162,0.184084996130898,5.06744617276242,1.85979227577937,4.07197141536735,1.96528210460933,4.12068843983281
24.5,4.64061333017675,3.70747953999026,4.11617871537263,0.316522613111269,5.81460558136768,3.65649452476748,6.39123180725484,5.6321538367026,2.32524671189421,2.35518395578302,1.3799432414623,2.64598044566247,1.16674818709709,1.42198272037017,0.809485242160192,5.09169488566772,4.55900592247664,6.80595965383365,4.31550580993635,2.48190808030173,6.03318550011948,0.0726441543542531,6.11170746119359,6.41421375632425,6.44951400247693,3.79057251811592,0.153450275808575,3.27264585852646,1.1489923157378,1.31238045185854,6.79863750127745,0.261955966511798,5.80494299867243,2.15169998086583,4.46489021736038,2.22728046757884,4.54701236796694
25,5.40223444768572,4.40365284213829,4.69084958044444,0.224923863702225,6.74987550462656,4.08535940021747,7.32724684324998,6.48551340187991,2.74108458488255,2.39976898856393,1.40978336678362,2.74634923459237,1.19455836534858,1.58584995091352,1.057241162395,5.58002981475046,4.98606245530294,7.54460954294723,4.74609632563307,2.85586185630016,6.8618448339563,0.122784080967359,6.87997038431325,7.12635274919095,7.22719567659763,4.17695007227126,0.136806021078702,3.50232457664819,1.19368612154957,1.59757488542481,7.45569506437912,0.291198332389272,6.42172800806254,2.35648437161638,5.05585897053544,2.47694288327223,4.97791424801965
25.5,5.96430937710567,4.86296546764412,5.25894466184515,0.168779760571436,7.44428010535861,4.60723972732525,8.07292524981859,7.12367339800469,3.09432554734308,2.42373378495994,1.49159871388126,2.83068347003296,1.26465760556558,1.73200205561856,0.995243279911774,6.05407498636802,5.45199414715437,8.19375282493903,5.0895001844361,3.12905394985908,7.44669576526383,0.198414555185472,7.57161848088168,7.75099900781411,7.95282265580983,4.50632047590881,0.169290257921526,3.61415802280154,1.29542460429712,1.93042566886749,8.16489499421109,0.286421144088886,6.97622200758726,2.55954376149682,5.43216296549277,2.7185346481431,5.34300000859673
26,6.53602655323832,5.21786794596673,5.60367800299029,0.290132766565483,8.04867493317738,4.97975518658072,8.80609213371207,7.7152032333177,3.42367572099419,2.32215884506945,1.43816635294172,2.65193491506003,1.21740422566304,2.11747959359299,0.974568617735946,6.51670816995502,5.88831127761061,8.64087103500452,5.33165828890812,3.49091695165118,7.77365081717148,0.167765646545553,7.90882342901464,8.22396338823498,8.52403928402807,4.7853131108972,0.236925126776228,3.66321869934586,1.34545294582184,2.34267560770092,8.78948722166122,0.264451659078241,7.37495625826251,2.72608216644018,5.72719410265292,2.85255248106705,5.64252582038777
26.5,6.58673884702876,5.37878542247693,5.7776128677186,0.204761987710292,7.99232684048502,4.92485003323128,8.81357390817934,7.68001461189427,3.46663506605728,2.09773459855063,1.48906080367224,2.37706197224082,1.14399369918574,2.13391469054119,0.954309938919179,6.5190897209718,5.86444999315806,8.80178493712102,5.38891810459364,3.50810842231511,7.88782093792625,0.152422107817033,8.10710139600296,8.38831776155772,8.78428233546198,4.78462917528154,0.233782715499302,3.56048609208075,1.38186562236955,2.45628408747928,9.00042294526001,0.237548205586829,7.52731102513675,2.76429616844238,5.94694562446065,2.9272404119649,5.59359650262389
27,6.32997094100538,5.07314337231597,5.51688437255743,0.299820837366976,7.65974594545655,4.77430337866948,8.51493347290014,7.46245630978499,3.32741150464117,1.96124432236386,1.36199301621532,2.1120291129152,1.17361632984799,2.307307698462,0.814119964287326,6.46375971423889,5.81674779153284,8.5081330102307,5.19272368016146,3.5076308760607,7.50314820835643,0.134974423706358,7.74266915930772,8.17063715120586,8.49215107994725,4.49319608396171,0.294830022363259,3.38816934129915,1.27952070030109,2.66802639509015,8.86006343091105,0.21330144024571,7.31424858630386,2.69897253938918,5.80218607338555,2.93368265735569,5.49646946690773
27.5,5.97678575105745,4.84040368362156,5.22005038895913,0.27129812017503,7.19475377494479,4.42062819823872,7.96084723175377,7.00134511441635,3.13178714442145,1.86047130620142,1.22438425567197,1.89699420719147,1.17990055209217,2.20032641290632,0.883842751002088,6.16935472585108,5.49196415355543,8.19345738619822,5.03318855835719,3.2815761730841,7.19453451891968,0.130396096180439,7.40925557622221,7.87536867654175,8.16357193521575,4.23372532716951,0.273608600239936,3.22015623009104,1.16213744577535,2.53094865809797,8.4274089868964,0.172367981900299,7.08965956840364,2.61338033889428,5.67710692339192,2.76673133932784,5.26318633311813
28,5.55546208733815,4.53046581165193,4.88129739838859,0.2232517859949,6.74329329108977,4.23234579553677,7.35546736404906,6.52770507806473,2.88938563108108,1.88742164903915,1.14425778409944,1.98425398315349,1.30539888883907,1.95623823562782,0.867583510966902,5.91281179176133,5.20130307266146,7.8834952047703,4.87855935084691,3.04306457694725,6.98141879673046,0.167006520446083,7.17086812950658,7.55690605117328,7.80385779851275,4.03368981064013,0.200650696097586,3.06142540492973,1.08448388413775,2.36912915550131,8.12442078207728,0.158311315347634,6.88772140261909,2.55920748635342,5.44866571714216,2.6994114987773,5.12055592859535
28.5,5.57934886378416,4.43840070770939,4.72760506751211,0.240285411775451,6.8348167200394,4.25836324091978,7.398588300006,6.58820578713907,2.82699651640035,2.065983186286,1.00066356769616,2.17440009546563,1.4468608449115,1.94262719696706,0.914561042509612,6.02861084265194,5.29525067863025,7.89477181208059,4.91212863895771,3.07640465227997,6.98847158089749,0.178415699778932,7.13793275899272,7.58803278518754,7.75302990586836,4.11866525876009,0.177284780919479,3.10989161687572,1.01705066259375,2.40068004629279,8.17029618589898,0.209136801035561,6.93228482311743,2.61123884421218,5.42813066455305,2.72089298613366,5.25596416923701
29,5.84582015684528,4.7638130059893,5.00831225247069,0.0753043472242316,7.17826558944241,4.37957803241738,7.68662343520287,6.78183194419797,2.90215541904174,2.22468116014355,1.13435959297173,2.3639209133588,1.49074930503153,1.67325735164163,1.08971775526153,6.16124541722259,5.38383302562374,8.3134534655415,5.16985967426765,3.1213146246213,7.44116363187789,0.142323182725823,7.6395872885955,7.92565780565931,8.13032870465636,4.41330902886974,0.10004963492372,3.25312185501865,1.06866470005314,2.27809686793297,8.46795677140779,0.179882321158506,7.25282040935912,2.69668255331803,5.77236993940742,2.85664964443268,5.45297015142578
29.5,6.26944111182927,5.0208906263616,5.41519412033999,0.1671517960177,7.7957621929263,4.8187818649591,8.33938029328918,7.40860316548055,3.17465612917671,2.44615032764421,1.23129413139664,2.66196792116142,1.64021494547096,1.79114858603013,1.0841773326175,6.60577839105233,5.85356361421894,8.82458079978851,5.47728148739775,3.36324340214981,7.86968513167169,0.10168652729602,8.12079788707682,8.42568340127345,8.62127097833497,4.77391936329526,0.0948181403810286,3.50926339462848,1.13746175579041,2.49334336386665,9.10319392125703,0.214478833595597,7.695248394297,2.88809835738102,5.9413574034488,3.04482892625195,5.89590409534953
30,6.92727689661152,5.61352553625272,5.99430016764669,0.201287153530888,8.55371222929072,5.19763679959627,9.21961350323297,8.19180339263005,3.57460464734806,2.55355712358715,1.32813382603714,2.87132267303045,1.60520693854158,2.00838799395099,1.2852422726442,7.07140164340015,6.29805157755553,9.5088462324259,5.90917505011715,3.68507850825252,8.53614358166049,0.083209296326989,8.77537439804968,9.1501115028351,9.37646849178928,5.21041777674287,0.106676612049602,3.85424569643559,1.2346505447889,2.70750187961724,9.78377569922348,0.273234673433635,8.33618555035814,3.1737076853285,6.36459248070512,3.17954924689651,6.33072077368469
30.5,7.23643012525694,5.97318357645507,6.47073242273621,0.166565294741796,8.92757649158816,5.49615847703562,9.61559268872782,8.49105727778558,3.76310838566256,2.60218254031146,1.51083372602092,3.02654327854555,1.60178469502644,2.09786477573489,1.25274827865111,7.31986104081184,6.53112647171026,9.92279307880911,6.21384261149416,3.77030367676401,8.9339944805228,0.069008571127357,9.25458689988996,9.6081667348844,9.84212407400136,5.41078316100533,0.132896704960231,4.07249476047796,1.32700694443764,2.83731062293631,10.2705094840664,0.281853095966066,8.72939995644588,3.29982805947906,6.65415207877713,3.32499018209134,6.5859877588085
31,7.37904183554221,6.00294135873405,6.43908495284495,0.325875815613292,9.08892363597826,5.6215029825677,9.84300438886224,8.64464418918453,3.85339716458784,2.44352743308226,1.36879159283729,2.86183975626852,1.48141618773294,2.45377122303031,1.13904331044025,7.50615682240678,6.67367811309003,9.85734147933934,6.29110211727192,3.87498340762689,8.84153045439077,0.0156938514216969,9.08712699326444,9.67543942644295,9.78134204010795,5.35665789451029,0.196426419120665,4.25633050167582,1.23973231883461,3.07273649289508,10.3798232341254,0.283453100035135,8.69412268156332,3.2002655489488,6.72990519452827,3.34320750313395,6.67415076482158
31.5,6.71720231925583,5.58932439892733,6.16888604941589,0.400331176696149,8.28345589340492,5.18311210322574,8.9092278523283,7.69438353152452,3.39056245739259,2.18010434613758,1.2984751843762,2.5707399430797,1.27831547893741,2.21902847455402,1.06823369087042,6.79290486688976,6.0115089400275,9.15375960769754,5.9222103895435,3.39312796948994,8.21398552549996,0.01890653558905,8.45126999334015,8.91895941382394,9.04989359108971,4.81305347362562,0.186994745293751,3.95248996450129,1.1797147996456,2.7284963460447,9.56493647182383,0.24183121113559,8.04445844938323,2.87992118557429,6.312011793118,3.01704480887976,6.10082491402467
32,5.65693318731492,4.53658145603202,4.88645482565832,0.294674347744181,6.94861480526759,4.55916884112466,7.5291420518127,6.4091877000553,2.69003479152898,1.70752269074945,0.947374323683713,1.98258827478931,1.07395855403327,2.13020853027307,0.883105139811415,5.85774907811455,5.13031267431753,7.52978577883319,5.0435378040805,2.9105908795279,6.81394851047255,0.108531968656687,6.70394213060826,7.14737342379537,7.261927803621,3.80874768958231,0.239502020327191,3.36531141174205,0.938728371529689,2.6069000946018,7.96566665191918,0.129891141883269,6.53940285779943,2.32125544000341,5.23298585706186,2.63170149642315,5.33232828384087
32.5,4.16781421881444,3.32179463500649,3.64491566930705,0.271487574163405,5.10945488941205,3.30493024731281,5.63039035879268,4.76645664825638,2.11729941035851,1.21779057090213,0.699769181447361,1.38892702122793,0.800918425655863,1.51372683111422,0.661334638049997,4.40045554894484,3.84162423209512,5.80081182788846,3.96467386041188,2.00909372183786,5.00377628875283,0.178999492733869,4.93822662393351,5.36074452634102,5.46434962020426,2.85590064110188,0.205082431767448,2.71879288121924,0.737540804916478,1.84582141142763,5.81066332915156,0.0822562280951337,4.97092262708261,1.75645498393208,3.91083507218628,1.86035121921277,3.78675792822961
33,2.63473532884522,2.22446801886527,2.52278145131184,0.220791752187357,3.35096929179015,2.17437716193665,3.58837510570455,3.04524478862686,1.42933378986233,0.842599525128042,0.617563691117188,1.03592160268389,0.625677857255461,0.75847218741101,0.534907140113546,2.81087515624428,2.44480265973098,3.92785942936427,2.74959980789442,1.13177537791244,3.36050873392457,0.0726197190143006,3.43567880257103,3.58073695264576,3.69157452335639,1.95136851701966,0.127566178243141,2.02306026945082,0.705941547630152,1.02793589979788,3.85253879020002,0.0818556095028429,3.28074290404847,1.14927845589947,2.62100992454215,1.2026153575084,2.50316005131647
33.5,1.89133286892505,1.48124750297927,1.62806214486361,0.146167176606514,2.49615641744937,1.68842387880565,2.71750994453027,2.41510969225586,1.03567809765969,0.708292258817295,0.430303370980165,0.824309734964889,0.514098911029197,0.664912603465055,0.303530855018904,2.20732038887705,1.92575046736776,2.72878949044758,2.00633119578775,0.881913343039432,2.32702213828445,0.076882000612851,2.3560494760056,2.49420900291472,2.54278392503471,1.48124201727628,0.111809241057641,1.66205452415631,0.62495473380847,0.806816330661862,2.77469671440802,0.104471930537415,2.20994498331374,0.792080736006599,1.84407231507071,0.9729393514336,2.0264974399745
34,1.55383771749878,1.29506496626405,1.49326792980004,0.0310355269071181,2.07403410014475,1.28011936741588,2.27222459902144,2.08661773832754,0.8842239640472,0.60998666231681,0.500643598539767,0.72975679193356,0.409811868679451,0.462307979100168,0.284659561285882,1.81114747479182,1.57285563916028,2.35947866859245,1.72644553474131,0.610718442991835,1.98644565230385,0.0722130266416801,2.106201626865,2.12210622190654,2.24123678171391,1.34954247380754,0.112290469404365,1.41398870792444,0.546803658643488,0.484868215954325,2.27829455211599,0.0971242889483902,1.9326846914276,0.717768594044384,1.62184335766339,0.810766085565194,1.64378503632131
34.5,1.50880358482222,1.21683999377074,1.39509760884181,0.0170258997028654,1.9749785899428,1.22670672138901,2.17827091394529,1.99210852259302,0.835153363007503,0.55357001777549,0.503267234867306,0.724546248324878,0.362238113016629,0.551087362654292,0.221651059585365,1.72994525486927,1.4957202989347,2.15427762241697,1.61125819114867,0.590036140490789,1.88054786475206,0.0654676194189971,1.97522521998678,1.95996901702814,2.08199447235354,1.27010266868734,0.125784385537201,1.26157021482074,0.470030648197418,0.529410299902125,2.1889369121541,0.0961978079370716,1.79857723114644,0.691755242864172,1.44093578653586,0.784035005522806,1.61392709668759
35,1.60678503119737,1.22991431183043,1.41699216184633,0.0509726601192094,1.99286804393231,1.24111913888834,2.23247254830036,1.98582722937445,0.857049421922683,0.576465094094718,0.485360582635646,0.764929185834222,0.361108997532108,0.578756769849815,0.222207001258463,1.76007823721417,1.52097954303282,2.20023759067419,1.67184746114969,0.561554139665287,1.87554667794034,0.0653904674749627,2.03580236478048,2.05316923770855,2.13413677006894,1.25181890868766,0.153170755670956,1.19426634746388,0.426471976400408,0.532996340366389,2.23265469835302,0.0773293943272459,1.87724409228092,0.724946744101673,1.40301820650772,0.738552824854667,1.63009548079485
35.5,1.71657265256126,1.31371176843188,1.44881200691492,0.0423372270530473,2.10391266290572,1.34430207408552,2.30760319171175,1.99171510780034,0.849273516726244,0.617111964325335,0.446634730141345,0.827103168255488,0.382346042356087,0.56258139252494,0.223581976300298,1.79542683627077,1.54263547951373,2.27568613925753,1.78935440006248,0.545590982550115,1.9636767422068,0.0827198041370946,2.1068509714492,2.14992306259925,2.21507042912088,1.27312535215241,0.170807823791641,1.23086602942995,0.382713602669434,0.542334499370755,2.33237741791863,0.0659620471274244,1.96080433481466,0.75033071540699,1.46188023268585,0.751431962105934,1.7539754861605
36,1.80413631855361,1.42344310281013,1.57366252681198,0.099978409811768,2.23023952564557,1.45566047599678,2.38603641586023,2.00829414300152,0.835695595879473,0.676161393720715,0.335230796809961,0.909033884076988,0.41121579668911,0.555741780807691,0.193927274323626,1.85171405956658,1.61843442825921,2.37138286894308,1.92006689567173,0.52350250614496,2.04910844797009,0.0528695778705893,2.13351444560985,2.24778817059804,2.30893092721775,1.34059279478006,0.185084753574662,1.36598062185601,0.354569140139553,0.553674070264492,2.45791671114245,0.0867753302469294,2.0344616790482,0.78149315388435,1.50886135842731,0.761256758418077,1.88208645708273
36.5,1.98755769306407,1.62925569108172,1.69819696207456,0.134006951511097,2.41073532924982,1.52884645723027,2.57352228007202,2.17769974482597,0.782136826451857,0.813687221595301,0.227610444344535,1.00420295061426,0.437477234934277,0.511972425161907,0.250598604829975,1.95378920121184,1.71029958441613,2.54259296402321,1.99433968319387,0.553283505673889,2.19020553581845,0.0298569039006925,2.24983551616657,2.42777557533005,2.47936450177937,1.44115661460778,0.192728706447776,1.53703506567801,0.35416777694234,0.530349443485822,2.60061851130057,0.0948990888200253,2.14323792499064,0.818445252035311,1.6686397444351,0.805964782339915,2.01896546221532
37,2.17657759487577,1.82491442788702,1.91737095413806,0.0777940919639647,2.65727034937691,1.67994132147516,2.79357862461984,2.39907408431371,0.782425127440072,0.913030309737301,0.281658544543778,1.01272748412328,0.444318971255999,0.471876761252876,0.304178383472973,2.09439962397157,1.8441575519273,2.82544699321051,2.07340411971729,0.640266605445872,2.44301877513756,0.0343517207228138,2.54234101442344,2.7136122072614,2.76674080145386,1.5794920501662,0.237170001438304,1.68000702237736,0.364572521233415,0.542918912344465,2.85807728239262,0.113663965354891,2.30872005652531,0.879211518839662,1.86086780662197,0.909631403800674,2.18305200671634
37.5,2.59967538588486,2.10146785166777,2.20491892055679,0.17030778776302,3.24148489326237,2.03302261287998,3.40711781788565,2.96630911487112,1.12672813096245,0.90490698805395,0.415056952859,0.984657179237095,0.485489123675904,0.601608345541909,0.452623631994954,2.54463162091054,2.24417136673934,3.29547960751075,2.22026125343465,1.12100488388396,2.96590118634404,0.0534643513399689,2.97145605245522,3.22558363750328,3.2655558470023,1.83993209591745,0.232755982884858,1.75403576243531,0.411373768725463,0.778261085972864,3.37903029740837,0.14275918087813,2.69335646934382,1.03516873234561,2.23675552773749,1.15383499744402,2.37876604301703
38,3.15887817159042,2.53291535057823,2.67839512055177,0.189253877757078,3.90194514316742,2.39259156284451,4.17468859252709,3.64090829973919,1.5501220677787,0.98349192626893,0.560204780199021,1.04525232006932,0.553556210542007,0.803046563955843,0.639783376165608,3.07723263663066,2.69865511521253,4.04137945122893,2.49927916397713,1.65921488631069,3.69465417155511,0.0764354559866033,3.74228378418434,4.01938639747095,4.09706010024249,2.25514957724094,0.184939922480752,1.76942453273076,0.479654420083454,1.07173175744471,4.06499694403533,0.173011946336186,3.3893331410983,1.30348276617412,2.82301849994443,1.42982217660107,2.59809133177146
38.5,3.39785647718434,2.75737899215613,3.05548342736116,0.133555960212339,4.22343649719287,2.62118266050416,4.44302651024808,3.90638131053149,1.73189225491721,1.06714701174433,0.712074349966028,1.11641738923026,0.610636517576822,0.968777926732184,0.622077099328271,3.35551598628264,2.96901437923848,4.49038766891617,2.69224532209172,1.835739018556,4.07262964499891,0.116101884565689,4.24677006793739,4.45081436599806,4.60281999762435,2.49776962751596,0.119732319495024,1.76049466867046,0.557631408307856,1.33369752283683,4.62081611791516,0.200815517858362,3.85388182501274,1.49148038632625,3.08703438864396,1.61830859561763,2.94694063822498
39,3.47708009708978,2.74869658857012,2.96034383476137,0.119060846460386,4.32451713205113,2.72103423393474,4.53297908768533,4.04088040282302,1.81405488907585,1.13425772379606,0.766113955962496,1.18758018566337,0.605508114061221,1.16968611286369,0.577263794965112,3.49838064283143,3.08056694623984,4.49484849643058,2.71025283956331,1.95924297174088,4.10273350723377,0.121515994532942,4.15291320280132,4.39029842696718,4.6024585595967,2.53503840056528,0.0700375502963674,1.75497789839101,0.661189215475174,1.47588486842428,4.77567968607399,0.182394403075524,3.9729312937148,1.53588478443588,3.16733670890633,1.70142501084474,3.18372902352517
39.5,3.26673922936851,2.60229154299075,2.85015059683656,0.109346793380093,4.05769049059542,2.55452543588773,4.32979024185282,3.81108082043512,1.71164678412527,1.21524766390732,0.790638837384906,1.27225502667589,0.595478932187803,1.07396215135392,0.473935011487787,3.34074471985436,2.95002272267647,4.41962964904517,2.68429986960928,1.77849594731845,3.92058620074029,0.141763519721918,3.99373901254478,4.23272958803219,4.48695787085671,2.45934930970776,0.096426684995998,1.70671490393912,0.71901566492709,1.23887704478972,4.52418592202304,0.164446863112358,3.95445640202866,1.51010161165601,3.09534655003521,1.5365359395736,3.00570281667011
40,2.98165589438397,2.43156704608229,2.70095386209735,0.106473266958223,3.77350551335494,2.40986160054109,4.01816249302269,3.46342423815687,1.52756890855819,1.16845388027893,0.695832662441271,1.24116397236817,0.617941339061891,0.928526445974159,0.367624523302267,3.1247977498799,2.81342742888011,4.23115368754626,2.59044472670411,1.56836272087706,3.68865151116033,0.138730196615536,3.77630173614781,3.98402381913607,4.21619998600953,2.26754773959742,0.138402479937873,1.63353492874644,0.66531016218973,1.09601818180471,4.28982283237446,0.149817975952374,3.73769800772377,1.40627211898105,2.89303244161501,1.40945999553875,2.87391139505445
40.5,3.00862865049577,2.42843397118516,2.6277218345095,0.146187758239139,3.80099081514115,2.39970788323126,4.03278801640483,3.48972261520528,1.53966847039019,1.14041539662732,0.573963239440025,1.20871065288675,0.671312360835548,0.96219326284278,0.411544039500557,3.10760570938749,2.8291218407685,4.18727235516985,2.61224075215862,1.56384723572352,3.63757232397767,0.127383839254499,3.71141864660105,3.96583890870213,4.13856328885686,2.23380337337158,0.124322833705148,1.60277957450535,0.597793315047828,1.17686333081254,4.31462948746204,0.13459343780845,3.67208288684221,1.36908846025405,2.84297848552578,1.39994161826014,2.88910464960226
41,3.17472705554284,2.59935394225103,2.78908709444389,0.118870444939059,3.93491379769021,2.41333358176837,4.17655283195312,3.63945287528192,1.65216894729499,1.08052190554374,0.514244821004512,1.1171148069871,0.619877016095546,1.0175548406742,0.51140559912748,3.14505867399121,2.86896664103287,4.35547038290937,2.76504790760516,1.58368392041907,3.74670807373425,0.0813351880333273,3.90073222598943,4.21505181490191,4.34790778264183,2.36934842702494,0.0603413309233915,1.62874396863,0.506154540578386,1.26078055014824,4.43308809050942,0.0834016185955073,3.82268690085813,1.42025378100564,2.92193618995131,1.40508519186302,2.88176309575356
41.5,3.21480716439546,2.63521138191741,2.91221156434076,0.0816225238763696,3.97086529401818,2.45169267875356,4.1794028794685,3.65531252390384,1.67109620124294,0.997396853914091,0.512114424412987,1.0129063498487,0.565048316300336,1.03963287064917,0.555143884706542,3.07021794739949,2.8152593576053,4.3468098949196,2.74810397788032,1.55826640560839,3.72820268694607,0.0483769417474552,3.95827349378682,4.28774938379759,4.39854450757107,2.38263379076982,0.0614124232462635,1.60860472874913,0.450054584169615,1.31238724844036,4.45979628745315,0.0418801278774069,3.82828686157066,1.41276797501226,2.90981465571682,1.41783904108863,2.77896553668782
42,3.22055008345778,2.5686417968373,2.82062319228384,0.0699782975556113,3.94877144139834,2.42612347227671,4.13995081333445,3.62642068998711,1.6548622389302,0.961671746310606,0.54339337548411,0.950630043699699,0.503524038116637,1.08974547008506,0.624233935589393,2.92524551353708,2.64345727211155,4.06747471802425,2.57932245036286,1.56862781218651,3.60033389205475,0.0834924167114152,3.81921586957389,4.13144159311691,4.20629634887555,2.26955612077079,0.105050248754916,1.54059148633119,0.402095089739318,1.37483742164737,4.31451106323496,0.0348108137028599,3.62185535205999,1.31814847444754,2.83840223655665,1.3997600213283,2.66299562225135
42.5,3.05226651133084,2.43807982198814,2.668928320406,0.00936516997841649,3.74632314014137,2.27610381427607,3.93431154186606,3.44103380030392,1.57037778221585,0.887361522951538,0.597244147175177,0.885704853967724,0.434652838950004,0.980711072734069,0.575240265882765,2.75594043428341,2.44540322161726,3.80096168963115,2.43075930665657,1.50952584380098,3.4609625752546,0.11242325225468,3.6807548401321,3.89547285619433,3.96137178859329,2.13022864645883,0.0961228861226612,1.47593597915206,0.3949509382643,1.28036590916338,4.03731349313767,0.0237419855957548,3.39257470151801,1.23203645449843,2.71765160741375,1.32116794589945,2.50172763382633
43,2.78201256871111,2.15383904082805,2.39454696560895,0.0369831031377942,3.45527979743133,2.10487503033996,3.66269871672258,3.21917454091649,1.43130199291256,0.892475800502284,0.60995871303338,0.932560855373699,0.452173362961984,0.896205889719252,0.4551197468892,2.62992559952052,2.33822847254727,3.55784749885716,2.27528291605016,1.43220228583843,3.20513108737776,0.0828058995591926,3.41918792055957,3.57970020729828,3.62274437462562,1.9671314259284,0.0713315959998875,1.43929477510964,0.465260162799561,1.13471454390971,3.77720660415003,0.0687862414522328,3.13417719606574,1.17437073055671,2.50693833782356,1.2290217035152,2.34572772581641
43.5,2.5501999376593,1.9555067462037,2.13126190463352,0.0622827190837537,3.11035789428405,1.87368762064399,3.32727884658433,2.92198018361698,1.24360878034509,0.895662079918686,0.619437073064764,0.990730817071432,0.46142075781374,0.794137724576708,0.395891368831978,2.40835927588419,2.11709663950713,3.27366920887152,2.08702111440059,1.29615525669876,2.95478553307424,0.0551396657053342,3.12750872588788,3.23006259367158,3.28946968552694,1.82593624612063,0.0495783653242583,1.42490364903059,0.515828018614019,0.941498759017982,3.46397593408602,0.112623516489632,2.86850101161685,1.08679997311774,2.32159658272447,1.13092777010181,2.22094433889465
44,2.31839331022715,1.79091171041472,1.97405442975351,0.139303488678016,2.77583197495941,1.69925035460157,2.98106886165302,2.61296393979755,1.04651707629538,0.910345753854151,0.631176459653649,1.08758721396871,0.487016080322537,0.691701860200691,0.331299252944032,2.18998841086077,1.8943730192633,2.93876935868978,1.85963263728629,1.15781028244828,2.68866319958371,0.0324554765150824,2.8112755938025,2.86796485031183,2.96423876063508,1.72273815878319,0.0693345848967904,1.4053396868004,0.554270083416475,0.752612057394969,3.14177788080775,0.123808876787914,2.59801218729153,0.962972110789051,2.1131735625432,1.05849220631093,2.1126595942554
44.5,2.22574665273087,1.7068741772054,1.85657998839343,0.158585845471343,2.6178415794415,1.61816415635623,2.81315311243052,2.447806889251,0.986729614199332,0.959775623190547,0.637075975000232,1.18636933114013,0.513730684656308,0.662572469402838,0.271150275549699,2.12200399798219,1.80648466841249,2.73269916732287,1.72533864544677,1.07711474295306,2.52016081861667,0.00915175638304614,2.58981712197135,2.67138523244619,2.73924526034522,1.64556804869908,0.0788704425055176,1.38126371410486,0.583128040762877,0.649302372113704,2.93313503730235,0.105770200932787,2.43463437605285,0.88697331557628,1.96696738459366,0.994810744234978,2.05702440027121
45,2.19204410268231,1.70830899516964,1.809746231453,0.0763374128505899,2.55592852696033,1.56981215421352,2.71333499701598,2.33002820681662,0.982390696793267,0.912054616045367,0.56059133050755,1.15738627656161,0.519987667764488,0.548941890554324,0.208454522129867,2.09481475130985,1.74530286469213,2.69913162046896,1.69403687079681,1.00948368015968,2.47148104221992,0.0301871116909,2.50896930124686,2.64286432751071,2.663284564176,1.57454792374346,0.0749195872187806,1.33730178000912,0.57784992840002,0.580445582123175,2.81360492793805,0.0345889330964174,2.4164715142116,0.862706761742215,1.91634285645209,0.961677176670652,2.02532989696522
45.5,2.24847919751538,1.71525769780064,1.80818252847762,0.0640268647653277,2.60319899596933,1.62398057906706,2.80496980404282,2.42978055218922,1.03563761482993,0.912892266057428,0.466712073939408,1.13175352071508,0.558654079084273,0.527768452678894,0.188561625538154,2.15339237131702,1.81162653417296,2.75833196233323,1.74305478337483,1.02910245694591,2.47702854319556,0.0694569473658974,2.47263789939877,2.6820809297976,2.68837027084424,1.54917126044233,0.118788408813635,1.306684149893,0.555344436899808,0.659675951015162,2.86760233293697,0.027797464724801,2.45116032022018,0.874443121760997,1.90442228997228,0.973675216001857,2.05953666076599
46,2.38442170665216,1.83454704768872,1.92884886094649,0.0570212745516354,2.7069671888774,1.6838129672112,2.96212959452012,2.5868459467733,1.12658119363687,0.911380087416559,0.437873753060905,1.06574192435226,0.52333114144265,0.545432404708268,0.257423391451134,2.19608392623922,1.90959342666819,2.94874825157775,1.88608769709894,1.05221918972523,2.63303480479897,0.0972224138711577,2.63204957631427,2.80745726650876,2.87051585763875,1.58318963988733,0.178346760014596,1.31136350946532,0.495808673853547,0.75627352197884,3.03759172157334,0.0395578994550879,2.56096570331127,0.934483509097915,1.97181460796194,0.987523257697812,2.10179451869311
46.5,2.50344180949439,1.91654052838704,2.04006370244201,0.0478936294939406,2.92382816820236,1.80901536992651,3.16133474003109,2.81106228138169,1.23019712470872,0.833000936504142,0.437617740051617,0.989040848706541,0.492107963821987,0.625056668104931,0.352198643747959,2.31215925119254,2.07135576146135,3.140310636004,2.03416414210817,1.13602965719212,2.83963326860993,0.112478428631381,2.8373213314164,2.9831896039771,3.06131468071352,1.67246634669459,0.174829073479871,1.33552871250608,0.439001188887811,0.888950865023958,3.24859120384034,0.0324003678627619,2.70489345520154,1.00910228691595,2.06461943763688,1.03706148066858,2.16489623255057
47,2.638001686862,1.97698931735361,2.18041686220826,0.0785296642040143,3.15054447202287,1.9188947871979,3.39170526726836,3.05474561209678,1.33437270120962,0.815948388396046,0.470409913280788,0.931096695674989,0.509520113890477,0.73921220002507,0.453689924061682,2.45427035839377,2.26272329496237,3.3335586730043,2.17452763849042,1.24028835052092,3.0282111455618,0.0410686923904625,3.04564130718993,3.20468572198433,3.2490612581763,1.8022306338958,0.136469145910479,1.37808613413265,0.379473752216597,1.03321786299588,3.46418408630862,0.0584547298937964,2.88928266229192,1.10353729521564,2.17648727547063,1.07079029336223,2.24240945905233
47.5,2.77268271977732,2.12210816832665,2.30165468446865,0.0412324566356428,3.30966946072878,2.03064461965743,3.58458631336426,3.23487182366684,1.42579812988592,0.793748903492521,0.546027797950776,0.844564202499427,0.553938692819987,0.783195626289634,0.496095362944838,2.60037881527373,2.38004746894536,3.52528173983158,2.27652605254593,1.39332942947666,3.28917228636293,0.036750873236982,3.26498930550377,3.41489616781113,3.47485596052246,1.9184715927164,0.0501570641930892,1.41057996908926,0.349542987583768,1.14416133912001,3.67741335609028,0.10571150378917,3.08369804374341,1.17289495402922,2.39500089792281,1.19230783086134,2.37455162764051
48,2.86479653709144,2.23939210705094,2.47815066530471,0.0506250274945513,3.48918235605351,2.16847079620051,3.76736478682516,3.42086942113315,1.52002100799007,0.862924263549611,0.597348240118606,0.879918020252166,0.608221104686099,0.888835723205891,0.475383611122728,2.8244743930701,2.55051039215102,3.73061352295465,2.3739576154123,1.56530549776467,3.52222190865834,0.0830342348418069,3.4486271430722,3.65721757364403,3.76368049915715,2.04715746959753,0.0397666556672012,1.47985085675069,0.394555966972107,1.20926811148267,3.935479349313,0.122929457470956,3.31676805404809,1.24029492910854,2.60151837546386,1.31801365829334,2.51804450614525
48.5,3.08430326836429,2.49680740981266,2.64022282217012,0.0348377390198616,3.7678381746148,2.31704284716076,4.03693246834526,3.57505868614574,1.60673295892336,0.962229988695256,0.662475406400094,0.938977023259186,0.64447025784693,0.985662645253257,0.520461227823324,3.01733018942122,2.68708593385951,3.98433892388312,2.49520260078629,1.72668740172263,3.78560150656684,0.112103874848318,3.66668722385151,3.90630529961269,4.06408874141005,2.1889135618906,0.0665557070279059,1.55921311846664,0.446517359844678,1.29508353085492,4.2224784804087,0.11928171242798,3.57326371755552,1.31143800624804,2.86778519473842,1.45332620294244,2.70893244939157
49,3.28884294623478,2.69010947084374,2.82397960696582,0.104982485863772,4.03574412429237,2.52686390470941,4.36575600368912,3.7465188381637,1.69233738209142,1.00874738648551,0.647019754022176,1.02490050950639,0.665934338299064,1.03950468420119,0.521689245476192,3.23830782307962,2.86918227018269,4.30414612891866,2.64957058136338,1.89809209252083,4.01433447066778,0.0638972975568965,3.92042091983726,4.18250467367461,4.3688516302614,2.3495700832959,0.0628383110241639,1.62058095819924,0.502211846408152,1.39411255817005,4.51200900985116,0.123287744121714,3.87568103612452,1.4096714070472,3.09931778523748,1.60558894340221,2.88371224218586
49.5,3.39084722102354,2.78334655299098,3.03337471759096,0.231985139912667,4.21240558396265,2.6451812635671,4.53676946543336,3.85058255849455,1.73327971325895,1.06370699257613,0.584939719374893,1.14346987277222,0.697638912279075,1.08481518674042,0.541728379853667,3.40499565253117,3.04632554506555,4.56027963740197,2.74572603525202,1.94152514430782,4.10564801516548,0.0429345713409977,4.12174740064787,4.40232328075208,4.59251520249317,2.44329674279379,0.024415585006865,1.6579658429936,0.563421818796089,1.44403869844144,4.73322465663419,0.128977532004825,4.08960198223384,1.47938025826367,3.19403569646964,1.5978252215398,2.98727616836081
50,3.48563076599541,2.88896489470578,3.05679065215641,0.223209246108235,4.30487975349286,2.71093371071855,4.64581368463903,3.9205969331375,1.76250509933082,1.02237356725869,0.506814987594959,1.22096439615632,0.740487084872485,1.08018630478127,0.577540731689573,3.50410672693414,3.14617192190986,4.70653171196268,2.76150048297554,1.97714476445227,4.1407307136918,0.0665246806131127,4.23743316555995,4.49791116767952,4.67418599307274,2.45289031463619,0.0963964799139223,1.65457656524621,0.619370836911701,1.50162265815974,4.88073222258588,0.0710614797796153,4.1375306452013,1.46636236502875,3.26222919217501,1.59469999206311,3.0623906137901
50.5,3.39333142022418,2.80287232259367,3.08125581363406,0.286301429976874,4.1778379034133,2.64337901337054,4.53458572163915,3.84124559869259,1.74427709920229,1.00177027531132,0.444749860720791,1.29666317272831,0.788687506453579,1.02022854684544,0.542398112369631,3.49869257388783,3.19231620717553,4.72174868631012,2.71706611759083,1.93462966528709,4.02681428916716,0.125361774928064,4.24945997307093,4.49776123696331,4.61543934965387,2.41623427213218,0.152555043280985,1.59618483051644,0.647023249296615,1.49361887769807,4.89017016182391,0.0417182837492216,4.11112482105425,1.45653524615056,3.1759082845726,1.55047550830859,3.01219766380339
51,3.28850181506897,2.7220282259954,2.84097873123826,0.155939197580185,4.01663228005154,2.50614359951681,4.35735928810258,3.70439924176588,1.69185124089305,0.979048429149687,0.438083956948879,1.27219467441465,0.744921829145771,0.985075012084317,0.566180122734801,3.39697361265527,3.10551761413728,4.54199500939313,2.60776720942813,1.88860090444832,3.89668026829183,0.162168220174898,4.15130475871893,4.34507116774663,4.38048674429625,2.30772789966076,0.166857298217594,1.49901666344827,0.609978310436942,1.49544026435531,4.7249732501867,0.0843366834980279,3.96935897922217,1.41910188202564,3.0939756408782,1.48936586314377,2.94315923363998
51.5,3.0576478319565,2.51247605141551,2.6091440175011,0.0569488060376793,3.75869824835395,2.3780466360385,4.12198078292715,3.55486370199618,1.62454475262065,0.965258649518626,0.443706254190996,1.23204660187874,0.69719069702152,0.945408785941185,0.45263838168823,3.21314584950441,2.91934828844757,4.31133453882815,2.52431677030657,1.7385258437721,3.67504830303294,0.182709132729361,4.00388323507258,4.12137545401218,4.14049753789376,2.17758702741423,0.165076534506905,1.42006317938996,0.560201334160669,1.38713815540666,4.43348459050413,0.0931188221551378,3.79386463580804,1.37328192655914,2.89241397214615,1.36438878133573,2.80725952788028
52,2.8646469191923,2.31799904655041,2.45071080177829,0.044351892083264,3.50279483529285,2.23772467806756,3.89303740604841,3.41202909092909,1.55726576133337,0.944082474326551,0.461456603092191,1.10145554563105,0.629836706328765,0.948117592347323,0.360362404357355,3.00799698994341,2.64742663116833,3.99105963999836,2.44809794572193,1.59186779964369,3.478573492166,0.100166637843943,3.73984088870973,3.83334982875171,3.89556926567357,2.02733691761838,0.169277124456272,1.3626644107511,0.484174417685932,1.28984550985066,4.09986304070979,0.0638660325894779,3.54928161265998,1.3069078819941,2.6350994218836,1.22971635904139,2.6652728077026
52.5,2.71478825475257,2.19982825692391,2.28800968813182,0.0717813039994362,3.29644289280319,2.08490477760629,3.65405848895064,3.23466560725566,1.47574998555205,0.932401452749548,0.520071075280999,0.950005425190545,0.560273961466254,0.905671739667221,0.321956418695737,2.80389797101877,2.41357015531234,3.68065655143432,2.31400099803085,1.4448397944522,3.29318699371933,0.060711328693866,3.49011901045047,3.56320667025986,3.65751205355479,1.89288766683358,0.141033260317144,1.30896255078963,0.400499727043551,1.19363461263679,3.79281535888021,0.0476487320397487,3.30405992092918,1.21929476428576,2.45393410643573,1.16929723324999,2.48623665586978
53,2.5389832534253,2.05426973383576,2.19651760076488,0.128725130598751,3.12140293213087,1.93911036818541,3.40418463606683,3.05223960496319,1.37750539388418,0.942778837152498,0.562036886353183,0.896097425425918,0.52939487814355,0.875749486559865,0.290032394536091,2.61525009038563,2.26094388785759,3.38725771541711,2.12890798682797,1.30655331034819,3.06432294122466,0.0680058799418027,3.22388011896932,3.31681542395578,3.40173849471098,1.7706198435589,0.105135816769856,1.28244756918157,0.314013031869974,1.10273859926132,3.53503922426824,0.0434227590331791,3.06683976955226,1.11471283982302,2.27919513935614,1.10475844811433,2.31854649293758
53.5,2.44343563644585,1.99139799484504,2.11046004273235,0.148506192405728,3.01456425121408,1.85797824685549,3.21522409584789,2.84090653871268,1.28904785605103,0.940514304487019,0.607285325807035,0.8568836507612,0.496346251412828,0.811320500609741,0.355287893402951,2.43120776483467,2.08921306993945,3.14663563858339,1.98373004172549,1.20498582066438,2.88108385945549,0.0931066578671724,3.00802958397012,3.12622526566676,3.18078381888006,1.67398014807569,0.0537237084971694,1.2624996217825,0.269259077527697,1.029099773103,3.31176005080875,0.0674339255037789,2.85939767730543,1.03049958581408,2.14310679189123,1.03959750172657,2.19368228433177
54,2.35145672650175,1.91181539839177,2.04980863822657,0.152588113345091,2.92683814919263,1.83089299543453,3.04760703441946,2.62855423480428,1.20048671997474,0.890679345181388,0.564452226326418,0.822883227313307,0.467109352348856,0.732650058900192,0.387927406059798,2.27381477286105,1.96097418314869,2.97759551931977,1.87329986276089,1.10699499522965,2.6502042192489,0.0660762554176616,2.8576896200851,2.99048735014327,2.99708680523945,1.60822747100272,0.0387740142740017,1.24895688133637,0.323513885587366,0.92285654162435,3.11400836702239,0.107840801807031,2.69466512455665,0.993005508078712,1.99489340561828,0.99683145647745,2.09126296237511
54.5,2.27110020077908,1.84241208567756,2.00291057912309,0.197619220219703,2.86370957615881,1.81694302785074,2.959653439531,2.54719774854188,1.09538988537217,0.845195824189083,0.474422898371902,0.819181023352801,0.439727090397464,0.686306784588143,0.389159133838603,2.18929663083187,1.90446720229992,2.89205184941627,1.80206604062944,1.11881991119916,2.54828974915003,0.06459404393361,2.75589983907594,2.914489040349,2.90225493306682,1.58045854322537,0.0765800062457502,1.30578878042793,0.386208020469002,0.839727109878043,2.98651012166812,0.12436290957182,2.60179978992669,0.97649901688215,1.96727221189974,1.04208871319038,2.06829115622712
55,2.19898836813714,1.80785205002903,1.99583802398529,0.137668026801575,2.82247461188462,1.79555495031272,2.9024099855848,2.50955149687287,1.01067500400099,0.844030957060534,0.415483521685374,0.901880836846162,0.388681993371521,0.625716240921333,0.397544197328665,2.13823537930016,1.9090270632663,2.92242504152162,1.79635531499718,1.13823811923367,2.55495992024934,0.096279108631924,2.7858391984892,2.92472069661953,2.94378522664074,1.59694631778687,0.12029861232112,1.39215228962312,0.454151693895931,0.763384879977295,2.99196771398209,0.0649344524796896,2.61165510050335,0.985377619903694,2.03632302640865,1.0972049690243,2.08074773144837
55.5,2.25405088465264,1.83031793228904,2.0139193310978,0.116056234954379,2.91481503517297,1.79093283725437,3.01781078063753,2.63035335097228,1.02124248286048,0.825122057732021,0.329389138136856,1.00308803908566,0.363338621496883,0.66615555618666,0.432300272952168,2.2542553504681,2.02046298788783,3.0288145528256,1.87341021642499,1.22774117980893,2.67013977229728,0.1142736097808,2.861034235071,3.01128867157046,3.0617756365377,1.70677846425656,0.115339013774082,1.45669604053382,0.502144093126914,0.821642813760886,3.14450373993181,0.0435821518237894,2.67884309574763,1.01080837333022,2.12942285345493,1.13018559859102,2.19732832493722
56,2.38518529706259,1.91799924939464,2.13124863059663,0.0698446581904737,3.06016031211008,1.82545310222425,3.20618103098497,2.80191865927724,1.06951851336458,0.880883925049011,0.380272050676165,1.03971198530525,0.435329328519264,0.672490416778439,0.450086438187734,2.44091654063557,2.15948744647228,3.2542084295409,2.01745170004491,1.30239101836654,2.92263082163117,0.0621585588753429,3.02443335842327,3.18968050753473,3.28149756602354,1.9071104724067,0.0739684394654319,1.49080502448374,0.517380959237034,0.897687373119744,3.33376118930888,0.0957854580497375,2.82676410954678,1.05259560403914,2.24512366691589,1.17248938467514,2.33013015084435
56.5,2.61827070704445,2.09355260139087,2.2439148137466,0.00163039707064186,3.26470012066846,2.01291946656521,3.50362994613686,3.05356669972816,1.20297654120916,0.930327743119418,0.511487309494073,1.0026532252868,0.519337815290958,0.70878662067572,0.4756348305595,2.65686544170008,2.34039907420933,3.49751217053209,2.17357831101717,1.40306582025712,3.20234479897297,0.0442665971918481,3.25756612649435,3.42030392023039,3.5235793103689,2.05596733092264,0.0620527361771753,1.51268647046075,0.541717728653156,1.00589860099588,3.58314259732237,0.146048856817024,3.03025906515357,1.12608867867283,2.40756307146167,1.26820524666904,2.51142456713391
57,2.85235170043305,2.25063211642661,2.42398706389,0.0238678842757476,3.48614410817002,2.21594129975674,3.83272019250311,3.3338501730224,1.37808415450166,0.964543037617286,0.623560951989479,0.990083096880263,0.532408383811644,0.816147108237792,0.508437630504956,2.8755366325279,2.54973834302983,3.76287347745268,2.33973774570732,1.51159303420755,3.47863910744756,0.0115043128327963,3.57137861708988,3.7247291804103,3.80949881606987,2.16507164870467,0.0755409069048099,1.53045548707771,0.569410016529234,1.11163137867544,3.89342227529646,0.168030042291029,3.31395463712696,1.25163109870587,2.59439001193012,1.3412643887924,2.65973660891043
57.5,3.08417970897958,2.44609484351759,2.59483225335872,0.0953419302056352,3.68719796404249,2.32336685410575,4.00386875596204,3.50039030425699,1.51833884013765,0.965346549275932,0.751710205738755,0.986924490878056,0.535492159695068,0.872939388188077,0.488155759266255,2.964390232693,2.64820951345343,3.97452726254035,2.46588995239428,1.58193145917347,3.68435052728798,0.0477604648342516,3.79063252735286,3.91230273526466,4.02321637070854,2.25177960865056,0.0461606570041886,1.49746567204203,0.577238645297028,1.15530521937242,4.10617036043632,0.156937196578088,3.50237973502186,1.32497358132118,2.79815718532172,1.40678874780757,2.66578068185664
58,3.26815540841664,2.608546513543,2.6852661041002,0.0454971192426494,3.82577011861848,2.39943082188267,4.1191794727669,3.64223433226326,1.63394436710327,0.887834110459267,0.724493401540174,0.936520504207561,0.567364518699343,0.954191925126193,0.441247288590935,3.0230258856848,2.72975218109161,4.10486063944702,2.56587320483774,1.66332080254883,3.71171747996393,0.0869816228220179,3.7677056480736,3.97677983163815,4.11383341243295,2.31784360079342,0.0723147303513765,1.44990181408283,0.520056337068921,1.21234641438771,4.23449552677435,0.110050080703657,3.56218054590039,1.34159195599527,2.9163851629858,1.46444314588928,2.647368951036
58.5,3.20132862186964,2.6024998853188,2.72091145778391,0.0933513089495403,3.72234596839933,2.32629800226388,4.01405517758547,3.54567371732915,1.61178849049535,0.841604156989282,0.688794378556894,0.90113479677762,0.586569589179914,0.930830569689985,0.482547954179154,2.88046484738758,2.60290662217024,4.092586220143,2.55604676586721,1.61458883348217,3.61174685197083,0.109091726493996,3.68582998427115,3.93409987627762,4.10835213362404,2.30120882825951,0.065538459728848,1.38273892292816,0.468182634223359,1.1830124484665,4.19659797379013,0.103158267214671,3.51498953131788,1.30624705190433,2.88024895812833,1.39993062859541,2.53106658897337
59,3.04879596090464,2.45422653215014,2.53678424534292,0.0723703224613053,3.52156235458523,2.22047349505208,3.82391443899708,3.38557443414894,1.51885334695638,0.778658167098502,0.582867763533905,0.856933529736824,0.597896506054656,0.92135848079078,0.512842072505172,2.70382610067362,2.40437731921668,3.87864968120161,2.42792409696419,1.5685940870121,3.42917114905379,0.0563348743305418,3.49587855285265,3.73842544923445,3.94947337509281,2.20824111394018,0.0220725873565595,1.32240255180913,0.399082335025537,1.19210840208213,3.99308440747356,0.0576948999887761,3.32142691511076,1.20437944643054,2.75470320728181,1.34129143704135,2.40913417806215
59.5,2.83854419360088,2.27060450735375,2.36605494820983,0.0562187451081586,3.28336051781813,2.01661751834225,3.58210428856055,3.19123094714116,1.42035073166139,0.757348271103435,0.428679874628191,0.8492056311746,0.589216792488542,0.84220335957809,0.497885316770836,2.5295977159347,2.22564490487363,3.65104019233765,2.27934691933179,1.44788324348784,3.19602778802614,0.0591445416132661,3.28826553680848,3.52357195156316,3.72876522173398,2.05691974401834,0.0434273791346526,1.28055925292938,0.336775910714295,1.17019587891397,3.7666314782162,0.0319867967199527,3.15661349410738,1.13684096619557,2.5892504173133,1.25790505484591,2.26415234835641
60,2.61788414646636,2.11009463652179,2.1890730290879,0.0696340683667458,3.05953455366268,1.81122523712532,3.32796062082983,2.98644463419259,1.32219520514226,0.731125381878381,0.34716976009557,0.828206881555489,0.543582609742275,0.742989438345007,0.478765288406959,2.34071923526813,2.02608253150138,3.39425922529828,2.10478227625751,1.32746515004753,2.99421974032184,0.0633249019834879,3.0767874720387,3.26287443555341,3.42713098353721,1.84113458686593,0.126904772069202,1.2403079168854,0.284754608540117,1.15968316762324,3.54664703012543,0.0725945201119634,3.00989248591164,1.09251077273997,2.4133637091081,1.20077602913064,2.13644343662512
60.5,2.46295173627586,1.92818827625856,2.05612142259846,0.0286661993834578,2.9117413890704,1.7473408123735,3.17390649420049,2.82761168233347,1.24599641359652,0.706162477587439,0.269281939113588,0.814662166213664,0.498066037433147,0.718213578683619,0.418372959690797,2.27226120008624,1.97086490280078,3.2056087968207,1.93814283566876,1.27886171045284,2.80887921829073,0.0554481649336575,2.89395360955565,3.07756151898754,3.1818109919578,1.7159754022883,0.136851988752151,1.20112750275285,0.26712300368094,1.11488294231903,3.35442307178473,0.117390704101778,2.89653347477271,1.0487882762244,2.22206239884709,1.10721415947143,2.07413318699777
61,2.40391731210698,1.85543072329821,2.01332190027581,0.0729379957766978,2.8365747032353,1.72597301937263,3.08138498418749,2.68135344603831,1.19902845089877,0.715225299412269,0.267229240584403,0.803975443112826,0.422966296351265,0.624125060606098,0.424367694543953,2.21645371611594,1.93752635621314,3.1102461014072,1.80462220103163,1.23638884506494,2.67719233393954,0.0830857495865462,2.83233799519454,2.98630643277367,3.03542182430168,1.65733797805089,0.0840487131610114,1.15815796229896,0.328970888905286,0.993638018826933,3.25529263937811,0.101257561479225,2.82542926487116,0.977344800445178,2.13529635656717,1.02267920481263,2.03016845277466
61.5,2.41927161605485,1.85496029448105,2.00444089798808,0.0695819369422407,2.90224924931535,1.76107434106978,3.13050591558315,2.70431097443545,1.17790293679485,0.728062206407919,0.291701550419798,0.777888910929398,0.38324045395505,0.618295720512583,0.415270535135823,2.30540019628589,2.04095004433423,3.08055531633751,1.78491167809346,1.24834413655894,2.66607300671093,0.161143418003248,2.82185381908569,2.98611228639184,3.00200777159698,1.64259671680341,0.0584896946865397,1.15142978781149,0.380835767341447,0.945891012107779,3.24310415396428,0.113386891024825,2.80318666047694,0.945262113286761,2.10008787683201,1.00038162149936,2.04066843649693
62,2.45783266811122,1.93922608436323,2.09984540334923,0.0499758650209312,3.0012979825279,1.79701670017163,3.22015032246195,2.77796918496095,1.17981468229673,0.752742196809086,0.325376486323902,0.777476708730205,0.408828396054072,0.632811476063556,0.418572972182112,2.43058219519408,2.19455487459275,3.14512604270913,1.84747543027373,1.24144948067883,2.77856385440303,0.108215110558212,2.9000692063527,3.11106688758623,3.13299580959227,1.68292347175711,0.0734143131569742,1.14932592013784,0.414287009026835,0.919805191060034,3.27653252503035,0.161439947514717,2.84997859555298,0.990294472297134,2.12954074016972,0.97308848433591,2.06890466476781
62.5,2.56197112182401,2.08627904288142,2.16185089314112,0.030462281684488,3.02319839069841,1.85325920233109,3.25128911207084,2.82956259708991,1.18078811607211,0.751874847373502,0.397308488127527,0.749909090171612,0.43695375979614,0.617076482039764,0.438895160742139,2.50213170846748,2.25330813958447,3.20091241752263,1.94356212987506,1.2199549364292,2.86768208035368,0.0661722537637058,2.98018875209817,3.19611185055013,3.26633087151143,1.7323559964286,0.0886455197678545,1.14786764851088,0.449753762203929,0.95339540868855,3.36005904706693,0.178955791882415,2.87974402826842,1.03000059606991,2.21157536794266,1.04609531043036,2.14314105020531
63,2.64005866366806,2.13730890632692,2.22921567098872,0.0901267437297165,3.00901366180195,1.8957329053525,3.25175164397181,2.88080747128141,1.17597487548936,0.742110254663606,0.446433706900914,0.775734910858816,0.499195032562437,0.625832049435119,0.419156199886461,2.58199407494931,2.27901607657618,3.23478781172694,2.06445900993176,1.2043214345864,2.88709261955145,0.0404832024914479,2.99358572906605,3.22432499471536,3.37853216014775,1.80202617824895,0.0976955724425891,1.1495466285947,0.470720108000331,1.00343105823184,3.42944594932569,0.156279964018289,2.87922608061726,1.05618336430936,2.21369517462866,1.1183293505817,2.19309732935005
63.5,2.60389985642461,2.12111259180667,2.28562487163454,0.147910409538494,3.00033351149543,1.87085963533081,3.23756082423034,2.88704488814269,1.17040068360327,0.737616813682596,0.465449655261618,0.822660988345546,0.554606766213526,0.659565581306734,0.424972915697759,2.53823070094439,2.20092546128221,3.18967692212498,2.09687622953073,1.16844183493071,2.85439857333962,0.0248128888486279,2.97309915993757,3.18869303853693,3.38856757208466,1.82625071548228,0.0783372523368008,1.1462169684492,0.449377114781581,1.02719204707228,3.43375499186812,0.131674141491062,2.83157154361036,1.0433404204833,2.20698954421569,1.12249455125465,2.15394943368102
64,2.5194584326194,2.06858656330626,2.19373324187073,0.0453940257516052,2.96191460412161,1.83873474449715,3.22768513914072,2.89031582539955,1.16892694093716,0.755662309745852,0.418016853858647,0.811674091043807,0.556920657548278,0.692240611428509,0.43796750167927,2.46170041619396,2.09246368005838,3.03224006721113,2.04678156248419,1.14256180107007,2.7413473746919,0.0530091642490898,2.88232104257341,3.05201839323356,3.24954064729916,1.79780356459994,0.0611937642179708,1.15541048078148,0.348694514213308,1.04420382647638,3.32595763322383,0.107235493874101,2.72051506999826,0.965978041367117,2.2043636324565,1.11637144005944,2.07294656162325
64.5,2.26404552643765,1.89499204781444,2.08218451596137,0.0659381442957597,2.70179876700338,1.68688379748612,2.96641229009484,2.62109378320749,1.07253545429844,0.789642151337341,0.366368880353812,0.84257863518167,0.544587015311224,0.576136871740378,0.37535513598477,2.2768522521244,1.93876966372637,2.81910388769094,1.91760773896346,1.01844875117862,2.52205563176134,0.0780278364748622,2.70425673302115,2.81004622789794,3.01153008754024,1.69157448704263,0.070674686728594,1.12519101303942,0.265215218517421,0.907839089060055,3.04155907404884,0.0976063008354971,2.53328470308969,0.903300139502453,2.03315590129549,0.990790533367933,1.84798438114043
65,1.96785702187321,1.67311569624607,1.81545383808429,0.106790636334559,2.38484063362098,1.48738726324137,2.61828814082269,2.25133643053544,0.913212530146436,0.729576189735208,0.298964669972822,0.827135734444148,0.457801903602178,0.503469382161268,0.33660995617414,2.01159421922729,1.73261334330258,2.52551431721482,1.72492215546312,0.903363390750605,2.28731849696231,0.10002399770973,2.41858155727986,2.4394887225193,2.64188185544493,1.49717919992163,0.0853386463452512,1.06146243563021,0.21352460542704,0.772754229861592,2.69117265756524,0.0892781095629464,2.22731670969713,0.850544836404048,1.77305549210524,0.871944102708158,1.65580886134802
65.5,1.79501389562939,1.48146714877157,1.56885987915805,0.0463398304611491,2.19063039608384,1.36854414727896,2.44465373960375,2.08309960195849,0.79345091546007,0.682694451716954,0.234294968204418,0.786809202213219,0.361839406765118,0.486639448074313,0.315153876683216,1.83201326761492,1.59191210611749,2.30928858289515,1.57451427134493,0.843595455054112,2.09272900160834,0.115171786810879,2.19605538120479,2.18565196474313,2.37481266731542,1.37641429604974,0.0859946307511902,1.03251652180059,0.189981521719872,0.674986839585338,2.42777274055868,0.076734705760497,2.01848493953139,0.814978450923109,1.58059474830918,0.811510417106869,1.58793019413551
66,1.70194909897508,1.34487596762863,1.48922005049101,0.0782509242205285,2.07739911272151,1.3033592006257,2.32929527365277,1.98250644337811,0.705841597725837,0.698879930264762,0.22917627911345,0.752005128965581,0.300073099246723,0.440508965325493,0.298715538298968,1.70128421318412,1.50264361983689,2.20878143873423,1.4767769824106,0.782388090027202,1.98104699619597,0.08285189250395,2.11051256422345,2.0911195818095,2.25531249490786,1.33180357421912,0.0696372191531468,1.041658806268,0.22174816605052,0.5903625666365,2.29012012352258,0.0736574454304744,1.95093910033615,0.802545024295635,1.48013038574744,0.758178076845443,1.54891722174137
66.5,1.70147387481448,1.31358953240022,1.43030044095892,0.0745972324527663,2.07437491370483,1.31594886067011,2.27839674184976,1.97835868024848,0.671432157681352,0.699224069535889,0.242154305562236,0.704504889946951,0.263610356000599,0.474682439334359,0.259074453126193,1.66147331649949,1.44417365962026,2.17690499507807,1.42403993343955,0.796114044533285,1.95933957625387,0.0622885564934286,2.06318822657543,2.05961786423002,2.18820551089626,1.29863996370102,0.0672995590868089,1.05486324731467,0.265791169682431,0.610560126092454,2.28005393154242,0.0643494220289405,1.90841903584557,0.774284771390269,1.47849188140207,0.781186364656019,1.5937151411279
67,1.70606705786784,1.33197457963343,1.44489258868086,0.0151455570088494,2.11246900998726,1.3279875121813,2.25037205272497,2.01204094339742,0.68336148646141,0.742887735965419,0.302719950588926,0.676416430262401,0.281892930261299,0.519812910698899,0.186518399089643,1.68878177993057,1.42631611942165,2.23851606979364,1.41633408444082,0.816085074670784,1.9640164879813,0.0264460194761337,2.03721430277511,2.11225342584046,2.19772598225687,1.28610682368429,0.0747995746793362,1.05974967197454,0.319264061417806,0.613225058863251,2.32632914392325,0.0612138916935875,1.9039676843929,0.739841894797708,1.51931221377249,0.801025722805306,1.62140738922097
67.5,1.74187801639953,1.38888457671968,1.44984283923422,0.0157757617036745,2.15439265781819,1.3095884079297,2.22848068444483,1.99648382710563,0.760821029531845,0.712703440279359,0.40172319695036,0.61859813402689,0.297077647385591,0.517472123748114,0.168889587838246,1.71526217208006,1.43270719287385,2.28247914747379,1.45661345715114,0.783526909715161,1.99130510697316,0.0324162392656473,2.04260335551471,2.15545853952583,2.20490750195015,1.25619181567954,0.0591003500554998,1.05799281104399,0.35728987015176,0.629765177012718,2.37667538285983,0.0587157372496076,1.90720068302874,0.718187780173253,1.5476984735361,0.806807875169865,1.57178504822884
68,1.76547477832221,1.41887320666084,1.47880309868416,0.0603775586616136,2.16865272225156,1.29819074379469,2.21597925761734,1.97250987863905,0.828242677019428,0.641912204442035,0.387050462041696,0.60741421666842,0.318017994197357,0.535290479803695,0.167807284221995,1.73290586385461,1.47163676235018,2.30344480828417,1.51687586283246,0.730762934371022,1.97920662456797,0.0317292324435917,2.04833520438618,2.19243577150511,2.2104420730693,1.21203918115269,0.0396747237680112,1.0653863372259,0.343624414748128,0.679049841001509,2.42132690988257,0.0809970034000981,1.92519764890064,0.721177807532348,1.52045500107918,0.797171116547607,1.53320792320686
68.5,1.73478076783308,1.42035707102805,1.49597548821712,0.0727791505258986,2.21079057576306,1.28971366010228,2.2440173030002,1.99852269031611,0.872108529572318,0.612434546899028,0.354016763750026,0.61599285206086,0.3462610956914,0.505525347750456,0.229898414507882,1.76089992097859,1.50978762854269,2.31878798812652,1.56398160786512,0.747040704499691,2.04207218046604,0.0525252038779571,2.07201189020176,2.22330737359918,2.26369152076397,1.21132394224641,0.025371896814055,1.051646831518,0.309761354723341,0.664066120326743,2.40600412339922,0.0851110634930528,1.96297727412987,0.747088002394365,1.55824767949309,0.809310207377442,1.54325744535483
69,1.68094996628882,1.3944714584115,1.54310762430986,0.106078516706912,2.27145721105312,1.30440061828057,2.28496325538422,2.04744727248012,0.918241676693527,0.588680279735464,0.34758458341805,0.637032043878008,0.377466066483029,0.485987950350659,0.28675789212386,1.81638666293375,1.58890793247881,2.33875921722811,1.5985042659664,0.770894124467326,2.11602539180683,0.0613424007168761,2.14228129965397,2.26269344300568,2.38139961383353,1.27045308818461,0.0239334773530943,1.00305740540317,0.266074300074592,0.662815797330036,2.40916916649008,0.043176659804448,2.02908080032436,0.818393576698365,1.59402342743632,0.849476826142543,1.57415724387377
69.5,1.77747199546995,1.4553464104113,1.62843949164906,0.0902560877040049,2.38701608483782,1.36945783071627,2.49782901999932,2.1963336838742,0.957566587698434,0.597854228704818,0.334787648058679,0.67435343133043,0.412431253236863,0.590166908423618,0.309236934781674,1.98426931423397,1.75901580935687,2.45678647379461,1.64850982174835,0.941158685144073,2.28920740605758,0.0691041445311199,2.26670598170462,2.40375878127856,2.56480855931122,1.37499010387771,0.0168246111535972,0.983401598156222,0.252503063961823,0.772954169958392,2.54699963140842,0.0615176405823677,2.16662518750365,0.881375596858912,1.69676401395356,0.891206997723076,1.63524789720767
70,1.9450451829927,1.59896718131644,1.79944278934461,0.0462344790584725,2.52659540930356,1.48514036682659,2.77579503243107,2.37892486883322,1.0064686415391,0.609376978137064,0.351624428811026,0.70466633507576,0.453139718647942,0.660827026841038,0.342021501982484,2.1813451277246,1.93125669365863,2.68661472150429,1.75449620267487,1.14301666295404,2.53074303720117,0.0391274053344398,2.52957482101009,2.66763099726071,2.83731501099031,1.51310058512909,0.0416301440331698,0.993000866370851,0.293058243267546,0.851883641941548,2.72581764910832,0.101010361222467,2.39943635741042,0.903715881951639,1.91107337239645,0.947429408017078,1.69302613804183
70.5,2.04517525140008,1.67067548030963,1.94133702294547,0.119557614461427,2.59478380045383,1.63530730962707,2.84220058782626,2.44292040494574,1.04085249871405,0.643358129116867,0.331064964003489,0.756904979640783,0.494891903052747,0.672083689511092,0.353466993875974,2.23224814624695,1.99688562789778,2.79541169631211,1.77240914808592,1.18090646480657,2.57286897932025,0.089779454705944,2.67017447420226,2.82004534054935,2.96905250502325,1.59466953490396,0.0470681917077396,1.00096174278315,0.309468180656471,0.87228125866558,2.81517263270868,0.14374727854215,2.52806365675572,0.913211731469085,1.98121879182539,0.959363034768455,1.75660059947505
71,2.12375972059967,1.66722773424683,1.84277291616454,0.0949287578816715,2.63438847906079,1.71832173231792,2.83112962401282,2.46065491020442,1.061431320422,0.67476524635976,0.31145044639582,0.731842140950572,0.480462391588803,0.691093485874028,0.418599162233745,2.19228345260121,1.94458306543254,2.73357674592599,1.69286964193647,1.21374809135228,2.55546488742735,0.06984893776483,2.59314704621086,2.80209260698182,2.89693011785567,1.60163657787944,0.0370252817069057,1.00814982183573,0.279777003438143,0.890880051143602,2.77208285244971,0.19937713999032,2.50198829882438,0.898498503378644,1.97459894408106,0.951230602158964,1.81215884275934
71.5,2.13108876007093,1.65014294399264,1.75876705522443,0.0666072026364967,2.5975334211617,1.67251823815044,2.73874522558007,2.4357910412627,1.0793804849192,0.686809703782219,0.325214993498357,0.677965932863198,0.45894416603905,0.61917993044514,0.414460102482403,2.10792220742584,1.85809738792402,2.71290088603529,1.64635227814665,1.14328154397193,2.48307517658122,0.0426465721025589,2.54976115966334,2.77318516712639,2.84361276396046,1.5855997473672,0.0428657658537888,1.00922298108669,0.276009389848318,0.826111777224219,2.68064173178613,0.21750051494077,2.49256457282821,0.904712558890535,1.94677615412712,0.949179559144253,1.84359453104031
72,2.10605810103412,1.66557742818307,1.76489893087535,0.0581298759931124,2.56165639640551,1.59473045945576,2.62818559722548,2.41257480462942,1.10035396162448,0.690689597027537,0.340486225988081,0.676763499481026,0.459385385322051,0.55815983650021,0.393528900844306,2.04403663229108,1.8367024965566,2.74142736579575,1.62299738502279,1.05471738356951,2.43345333792761,0.0360911163293884,2.53273173758539,2.7323397965117,2.81256797260444,1.55685939104627,0.0613990702740616,1.01170677668684,0.297041519054804,0.811289318982133,2.70162623225345,0.147623116558265,2.50977050274243,0.952320436752858,1.90581958430686,0.954623411389376,1.87820034843656
72.5,2.04263581309801,1.6542096305964,1.77363092227139,0.0351649366631836,2.55910186442035,1.53737408024703,2.63965149705956,2.39926358400866,1.09181515845286,0.698662729412403,0.384276223088312,0.655322202461339,0.46490975094474,0.551765996999454,0.37777688984225,2.06140082764838,1.83743337428783,2.76707256764479,1.62960167402862,1.05186683309011,2.46470632567352,0.104439605773399,2.54011386064502,2.70840831360227,2.80040695910547,1.52831068500887,0.0562487861140024,1.01564230742868,0.307360309555021,0.869592796137621,2.79046630072613,0.0738796069027712,2.49399656734265,0.966164206601025,1.90860636264491,0.977028709664275,1.91317048236952
73,1.97366903428561,1.64989125800083,1.80633792544687,0.0344622504817651,2.53394807611983,1.50693928991763,2.69329156461957,2.38904786151551,1.08023946301359,0.678278789778148,0.393127198886495,0.66712051946809,0.42633115939512,0.590023256754613,0.319223071177609,2.13178868185991,1.84762858405078,2.78822608236808,1.65264235426173,1.04663157501325,2.43686805267346,0.127683102271501,2.56465904511327,2.72468909085554,2.81659797312305,1.50296517333104,0.0640167641089364,1.01565761144267,0.296114702212762,0.932933072792241,2.86587037345181,0.0139199883053527,2.43957947618015,0.945876739837359,1.91106830883663,0.991140096563727,1.92602138289513
73.5,1.93802941114688,1.64194628861686,1.81845769117921,0.0744874768809715,2.45617006903988,1.45673680863549,2.67023585388772,2.30102809036242,1.03592471575943,0.646218635581889,0.37538769641932,0.711918520376405,0.380583896184089,0.666242494144462,0.228606217708859,2.11326197706559,1.8175526331006,2.72680682938335,1.61411771454585,1.06601897661003,2.42713071328488,0.143634224860531,2.52779246942317,2.66668308195228,2.77401814018769,1.46525895154508,0.0693302296124322,0.98545267630916,0.292232531030052,0.952836909301492,2.86875088269122,0.0531996641013869,2.38290787842602,0.910851770574723,1.87770010952906,0.960866098385586,1.83216094952587
74,1.90592182102426,1.57785331670333,1.75890595339817,0.119760562213942,2.35842976711735,1.41037961652112,2.62086769114833,2.18249036704459,0.965236719100596,0.630368269723594,0.338255017383643,0.690203601703441,0.344807046323758,0.715513503481382,0.186098077692388,2.02691380070646,1.73161658769907,2.53853977347589,1.51612102268515,1.09806850351286,2.39891266188472,0.104146360462239,2.41404421136842,2.49804199560673,2.64145809030437,1.4104720666233,0.0752084380075623,0.924286398778846,0.319894032611688,0.926670964799133,2.77018559746074,0.0413303229398501,2.3057758525056,0.83474715322477,1.82467990372836,0.9487754176488,1.73804434188004
74.5,1.83860054323075,1.47947763758902,1.69725404034064,0.179841536058271,2.23850529857111,1.37703018024813,2.53398542134279,2.07745182015723,0.8652670088685,0.634298953110995,0.286428319012244,0.68249253133954,0.310373559894077,0.674279845717572,0.180513715094562,1.93427047460428,1.66791111276444,2.38217219185329,1.45309976076912,1.04675904447408,2.27917610454768,0.0583089778579769,2.30574088939454,2.33615195347149,2.48725210602966,1.33551729236922,0.0607397743677173,0.867779578327122,0.334002731833566,0.835523223168118,2.61818689728585,0.0481694262662583,2.2167481833921,0.778711471349493,1.74710273990774,0.942587645202372,1.64009735779738
75,1.78008370745943,1.37756544830915,1.54263835420696,0.159764542696556,2.15111611680814,1.33688843160968,2.42689006386558,1.97205346967428,0.769103470496554,0.579728606798787,0.236891834040699,0.658133453672361,0.286428280080321,0.604358044466043,0.206645331505695,1.82348105444636,1.60363088947423,2.27557051446849,1.41387902336408,0.985706352039573,2.13481203551891,0.070931516931328,2.23480692530551,2.19032402260612,2.3133865161198,1.23203698134038,0.0807379464805364,0.830265210010702,0.32415168003246,0.745438254536289,2.4797592619734,0.0574771515777847,2.11373823293594,0.738021253713409,1.68001781955888,0.918288115972266,1.54595800803704
75.5,1.7222501408264,1.31392054663186,1.40680967881559,0.0960755314300559,2.12790403295305,1.32058357772332,2.28853675233727,1.90091749792185,0.782173043144674,0.486733325330313,0.2023668767158,0.618661685956346,0.28162958941868,0.544081914599152,0.261663827177109,1.70807182567679,1.5203481037328,2.19192809059993,1.3869707985039,0.896585121980326,1.95420020064466,0.139604122271505,2.13809916565968,2.07720305501719,2.18238889259683,1.1736583665592,0.0999501182360706,0.845191446235295,0.309566168866948,0.664908298702667,2.35384843930002,0.08377593357721,2.0144429319075,0.693272506409523,1.59036641947008,0.833832031835357,1.47708681976689
76,1.64897170479521,1.29118733466755,1.37431895598761,0.0947714308291638,2.11782289108364,1.2901824513068,2.14464548134728,1.85216333751722,0.812868538462538,0.498721573289927,0.246006640415636,0.615868303580671,0.287576849201121,0.486842040436411,0.331301310421644,1.60126001894351,1.42930351821569,2.13880970885479,1.38299377794594,0.826079806635852,1.82441400943771,0.11594343549971,2.00033661177501,2.01029689570223,2.10597160011147,1.16169790304701,0.102772896395353,0.898692094078641,0.277146371421853,0.617824402237373,2.24765097475342,0.0819113051359876,1.92015537095823,0.640763274714428,1.50585958333012,0.746278380902546,1.42492666133231
76.5,1.59422173828577,1.26931671535766,1.34204813300464,0.0845542553519294,2.06562406217099,1.20200515890899,2.05096162960456,1.86047816230275,0.806616768716772,0.539886482775011,0.312305377076377,0.586435800171218,0.298222051845363,0.431739645155256,0.348446770460324,1.54874541383015,1.38730928342812,2.10090211394731,1.34177063476695,0.796547190624013,1.77264764079744,0.105624535732172,1.90245533127662,1.96436829369194,2.0498009803106,1.15496279126978,0.0973292417897963,0.907685806620448,0.245479987499543,0.632589544978719,2.20455127989438,0.0713992933972987,1.85165683844594,0.604914176756147,1.49919192397222,0.713745929402826,1.42703943551929
77,1.55208839099392,1.24670396657128,1.31621229695359,0.0931054232559308,1.9840925708233,1.11934869797594,1.96837794475117,1.88625265914394,0.805223080862659,0.546291340054284,0.332955635962263,0.534161880170269,0.340563455915201,0.379274993033358,0.325868950422215,1.53037349261728,1.40343534317827,2.09008431919716,1.27460746129376,0.771559349706992,1.73975897949009,0.078430828380157,1.84405930132292,1.94110515195573,2.01853233283776,1.15942872498194,0.0909831323859706,0.887738553189626,0.206214365960585,0.659278814720826,2.18788036244493,0.0544777992728008,1.82310449680825,0.60675333769875,1.51664656812466,0.69409950615807,1.42847655524284
77.5,1.55298131559813,1.24634467965997,1.30178489580114,0.134645672454769,1.93306785502889,1.11557720613545,2.01252357444144,1.88774219466648,0.800147843829841,0.558910606562349,0.366941777491118,0.472826264151666,0.388133863524749,0.359927692517536,0.319855160837155,1.51722495869375,1.39287354705956,2.06190392008004,1.20615159904411,0.800817708184372,1.7723132872279,0.0535757590956678,1.82083674696819,1.92330532508953,2.01393351197882,1.1711077021518,0.0650875278339018,0.863259549874805,0.192297619902542,0.658374708191832,2.16476597525648,0.0376054516836833,1.81137944928633,0.62140893691296,1.54092126391909,0.718076417266929,1.40640219984985
78,1.56774270408359,1.27090055469036,1.36254483488564,0.0816674066787593,1.91889992302579,1.15018882383672,2.1072390831221,1.88080585129906,0.794553914103546,0.528524124262,0.377681309638178,0.458671121404371,0.407724604463468,0.356449258521064,0.303087174076225,1.51656977815637,1.35461095327108,2.00300416649873,1.1398112118693,0.83910424921827,1.83906601182095,0.0351607468283285,1.85652095589745,1.91319372758276,2.05551635643971,1.19203069126093,0.0348749215310366,0.843418266081855,0.245134153577941,0.621182862947185,2.15989619706383,0.0241185343326227,1.82662824635348,0.649573254656051,1.54196805806727,0.745261370386412,1.38831222835954
78.5,1.60879881031255,1.30237283532763,1.41343744628121,0.0580548013069261,1.96507435468954,1.21435776253946,2.12296269383574,1.82659371838154,0.764453415914897,0.512759929769636,0.351865830569458,0.514071522578312,0.422782291087542,0.392416528633765,0.231638866682079,1.54827405265583,1.34695546802775,1.95248052764699,1.13278657173048,0.851571664294282,1.90573473270563,0.0239620977724184,1.89117678943205,1.92274831588673,2.09689551751209,1.20150387659753,0.0313736224916117,0.789393681899139,0.284530826621132,0.608445763164682,2.16558634960743,0.0526071541270777,1.83205337372557,0.656342530438069,1.50329095379177,0.694049932964153,1.39547237995465
79,1.67675905813706,1.31243911756014,1.45365086296665,0.122294829032954,2.00276899917874,1.27410205561316,2.11788098737205,1.75977100215249,0.718091471083058,0.516543254186995,0.33086257181747,0.554022139119495,0.351539488395509,0.425701798531469,0.159752306426306,1.57974350450102,1.33102444106063,1.91078412107107,1.16461439394312,0.84619897885097,1.96290728104081,0.0441192027045549,1.90447383449942,1.96447278469016,2.14500658070336,1.19685532370352,0.117713424576698,0.712138009572232,0.28466235252855,0.62124092128216,2.1610190456406,0.118275085892076,1.81421248973007,0.628738030392327,1.4738179630873,0.651197552786922,1.40683151130687
79.5,1.75132580744422,1.35978998893138,1.49869521486632,0.156404222311353,2.02789964593457,1.31858160118245,2.15905008731456,1.77116656930456,0.720235987613144,0.483030113132392,0.297565727415314,0.568039327416091,0.275430711537577,0.461549363874873,0.141455529293739,1.59006373179843,1.33560703262977,1.921237717889,1.19933333040029,0.810118447206839,1.96118426513924,0.0678626698169655,1.93676026102654,2.02090486027293,2.19041701775714,1.18992596376464,0.0998987353733034,0.70643476790591,0.282698750321752,0.636810710190546,2.17182592879211,0.145230111845445,1.83698017390437,0.630114713802358,1.45112640061354,0.670669242128401,1.41306526349913
80,1.79158728389295,1.4165948501459,1.52373293166222,0.124045533315464,2.07131766586603,1.36648079087118,2.21814696798043,1.80821100568797,0.750785807965828,0.451595334122459,0.229795603651703,0.617091359916058,0.292561214417977,0.475325112215659,0.168665482115411,1.58813835328636,1.3988549279485,2.01589539753423,1.24129466967415,0.783743724356613,1.93956519900452,0.035529497555585,2.00584723555297,2.08990114991547,2.2225171063572,1.1845339506331,0.121686848368284,0.727870811964793,0.28128149207123,0.654565867414153,2.21092097263451,0.103893341066711,1.92543788555571,0.673754641042231,1.44144647499284,0.67893603514275,1.41781862314924
80.5,1.76120080244178,1.4170718220779,1.54522152257412,0.0984664847444515,2.12136440762238,1.38494743353494,2.25744687988162,1.92769755441757,0.79594655416779,0.437812506068028,0.157922677613541,0.656671076473875,0.33329214382964,0.471721471608847,0.241469501605539,1.60636054856147,1.44852135468219,2.10655838764335,1.28795594660971,0.807365716549851,1.9753167219996,0.0330146020618093,2.06935493832643,2.16728211893791,2.24638403096294,1.18071686757674,0.128742742165114,0.73648651795083,0.27429635867965,0.70856107565532,2.27982238588467,0.08396589601996,1.99265089756348,0.704419606488365,1.47654254528702,0.684177997925861,1.42242242483737
81,1.71282581435998,1.39711854734899,1.53317490316044,0.0429931829403284,2.16312413071181,1.39072458228741,2.27537044226899,2.07507113859326,0.855398724319307,0.455882263777546,0.185896583673945,0.64873146368795,0.414606990271611,0.482416465908098,0.295934798200287,1.65025631289063,1.49200243139627,2.18888738694579,1.34258211974788,0.83443606638236,2.00229350405025,0.0409672968921468,2.11616661383841,2.23942792081445,2.25270726293664,1.18074139883741,0.115181376656772,0.741440699861087,0.247604021573132,0.771573787012567,2.34040443730085,0.0722687594251521,2.03186902144667,0.723129245663968,1.5078691371707,0.685368577414092,1.42783954332018
81.5,1.67030521195951,1.35701396928015,1.5292730687441,0.092591432487515,2.19137977520163,1.37429080176462,2.28248165136523,2.13710016455017,0.912342751463747,0.432037074650002,0.243785102745235,0.63418155743983,0.492159602119206,0.452900733907587,0.309090164002529,1.68429779095624,1.54277101194677,2.25595091478989,1.36653714210474,0.899250155392158,2.05128433169861,0.0517742729362569,2.14800401982016,2.27678600031206,2.2711602886651,1.20001709890142,0.093111153078625,0.747663378174908,0.213993624586429,0.810925708248503,2.3867960581384,0.0400284704499773,2.04232359568375,0.730179493612562,1.55068524703941,0.702414779771708,1.44312668394827
82,1.65223809845737,1.31137086236314,1.49091393818291,0.0861358883425189,2.1888200126383,1.34520777438906,2.29344759544784,2.1783840126801,0.952661251330484,0.399857788186031,0.254970261383942,0.593824001834669,0.501612173399644,0.462722615434557,0.317645215542753,1.69998584752177,1.57906405772688,2.29786277050104,1.37388817472582,0.97519707952683,2.08992920261478,0.050613252200534,2.16233344680572,2.28582291271374,2.31129848219538,1.23443521345121,0.105146225856052,0.768518026022179,0.172431176893142,0.827470817043233,2.44048351839123,0.0441191359955552,2.00476491554541,0.719735180832904,1.5592930186182,0.739406724843805,1.45673371532477
82.5,1.6591150312214,1.29054460992131,1.45283929960649,0.0741592050584934,2.11224868791976,1.31466602294629,2.22425089421123,2.06602059873153,0.893943961278565,0.445992222176608,0.264835123719808,0.550809032405236,0.494835187195487,0.467144837071866,0.35376915874629,1.68693466484229,1.55863864361872,2.27388007070156,1.35487934831896,0.955354331272317,2.02696809149088,0.0578682040285376,2.15281202323494,2.2778675931788,2.31149048646262,1.23392623409266,0.109725205135013,0.770303685255224,0.145002110726958,0.770182982155042,2.39622151474549,0.104253161599917,1.94612692348789,0.708664606166069,1.51324385204124,0.749962900136135,1.46036401387151
83,1.66941126978552,1.2741233740649,1.4432946800475,0.0838733738463452,2.02959695031598,1.29277409281322,2.13698840026209,1.89626092835621,0.805448152779901,0.483551634045343,0.29432726273556,0.499133396562822,0.417273745445073,0.461668669017765,0.388330826455859,1.66771462087615,1.47931394166043,2.14965290961443,1.30183720232464,0.931022401144154,1.95938685025739,0.0625080668135827,2.09240400306352,2.25555309933763,2.26657690186716,1.19256934187075,0.0917971374880742,0.76438078795911,0.13928617854995,0.709598683258235,2.27994877448026,0.136692425737935,1.85428272161132,0.680905241949187,1.48403697799052,0.745317688472355,1.45687464632812
83.5,1.67085026874088,1.27551635474754,1.43945512941295,0.139948534337852,1.94310684768123,1.26933469706399,2.06186468243802,1.74248657524647,0.759912444103463,0.497375410401535,0.327780603097893,0.472953369364488,0.340457285727441,0.487750065430036,0.335560501051828,1.64541334074596,1.42178268297405,2.03563920223287,1.2466269037177,0.877863469478838,1.88479256007293,0.0688640024193798,1.99986296370567,2.17184582063493,2.21417302643517,1.17661838118239,0.0592817463531082,0.752313817388354,0.148060956524192,0.663080946042384,2.179661358928,0.170295505594906,1.77868605691302,0.650170135640083,1.44252471021072,0.675287294018627,1.43302212171347
84,1.65634868765026,1.2963822589339,1.42485493358012,0.174794492640659,1.87453308986491,1.24262167942746,1.98772883080414,1.5941100882238,0.72790155913293,0.482742372358087,0.292992839369173,0.486404375169944,0.288568048027593,0.452253417418027,0.284612616013188,1.60351347733855,1.36523716400858,1.93879118893906,1.19369047284383,0.821507804942918,1.83188888140044,0.0746039779848424,1.86798124842859,2.00305088394945,2.12897296399006,1.18930386883128,0.100362765422988,0.746556241789793,0.189089029814395,0.619914938369213,2.08672292879628,0.149533058867414,1.72567891318504,0.612753679506229,1.42592725992481,0.612237365504051,1.41046638737455
84.5,1.65707265903261,1.3504715740766,1.42723728014316,0.198316833184129,1.86189729090717,1.2221647170909,1.97158502675377,1.60493778045902,0.72123835697902,0.467911963705045,0.21132142723443,0.524990081285765,0.26264539534626,0.396355853847666,0.273571879641047,1.5263020952004,1.31121184241435,1.8927050183959,1.18094848508447,0.745897573697487,1.77080493498804,0.105254315767537,1.76669963375454,1.90249501445696,2.04729057776746,1.16967646735009,0.0902555550025559,0.776551042651232,0.233256485485771,0.594217522879119,2.02259780676912,0.109782873790421,1.68520087670429,0.585896151686078,1.3960248929766,0.604869298217651,1.37680388985412
85,1.64874320121677,1.42607453449336,1.4241795680038,0.173417274645863,1.8610426314062,1.20266970638721,1.96832166952585,1.66396764927174,0.728558455107724,0.465754571801982,0.157963823553525,0.582494078360874,0.301263290250949,0.371402603317043,0.270542821838156,1.44822351905209,1.32465187797424,1.92861547011253,1.18744643931547,0.655293935959679,1.68423543940076,0.0371147002725861,1.76255680016011,1.88015994652231,1.98295224483788,1.1191023124065,0.0827815000521339,0.796219137642045,0.281859457840672,0.572212423256581,1.98666291607788,0.031957090781003,1.66004663316331,0.573100813648286,1.33256536056654,0.596792681139718,1.35049914425519
85.5,1.57538433544043,1.4009616531193,1.40165772397877,0.126799693607357,1.89549999078638,1.1886582351247,1.98854733885019,1.72355394383248,0.731590099739916,0.434808991446917,0.117904361558511,0.631963753474682,0.339104586843022,0.364314545799032,0.271609645512634,1.44630680875497,1.37031034537125,1.95864451729413,1.18614292326729,0.676459443068301,1.68684587698152,0.0292634984819471,1.76482222095015,1.87725106259613,1.94064751431071,1.05960837830077,0.0736658219572135,0.80649717820582,0.306559165994221,0.584292892397837,1.99318530878431,0.0411344194061342,1.66183803513666,0.578165504287744,1.28124714202034,0.588693759178319,1.35122348755778
86,1.51357716073814,1.32668390906607,1.39926592576547,0.126828599190906,1.94386767312142,1.17024180990279,2.01752577859687,1.78981290131676,0.728603956259757,0.443002409864022,0.144083200013007,0.624591968809576,0.349495456833098,0.360332241547405,0.260863211270342,1.47747456411521,1.39951045780331,1.97397414930304,1.19231208183055,0.716812067816866,1.6996819677544,0.035597759221352,1.73627784285121,1.90322916895954,1.92910764128258,1.00020446986532,0.136188505514644,0.816216844790144,0.277855461387386,0.608194449783594,2.01944552954791,0.0454324870305632,1.70279153928484,0.617633003512181,1.21474863274449,0.575888826030979,1.34793439095174
86.5,1.48435595707993,1.27670107881817,1.39329408234405,0.106654822254291,1.92898287836377,1.11351942790058,1.99824083454603,1.78994980714235,0.742234104731343,0.478006026632023,0.201893001444378,0.585968608172699,0.362906387286675,0.355442776291961,0.252660991074444,1.45757303752322,1.3757373043083,1.96912596197376,1.19091253394029,0.732717670657964,1.69520986573946,0.037896530669756,1.73659613166622,1.92819759807876,1.92850999044348,1.01120547761326,0.141185714903602,0.781072763433074,0.248523523982251,0.593185874864946,2.00060852237191,0.0456310591112851,1.7369295064141,0.638965522572853,1.21915845902408,0.597849800120085,1.3312202490416
87,1.47613938101057,1.22692918376464,1.36368008171287,0.088315940185491,1.88007074169356,1.05466814669731,1.96837658182502,1.77534632825679,0.770575401708281,0.498214041269906,0.239028885866627,0.549848440609851,0.35593395716658,0.383449446034998,0.247244388849184,1.42408776342278,1.33035909162369,1.93322403612864,1.1819744843106,0.750052542691881,1.69895934514367,0.0259980085457079,1.75157989925506,1.94709050168725,1.94402021903168,1.07783240241643,0.0977638110094066,0.714495615457419,0.237396632953736,0.565683762533271,1.96045674262859,0.0716491531284386,1.76340729829307,0.62936659453467,1.25787160472497,0.628903224570462,1.31991986780695
87.5,1.52897325195753,1.23954603817528,1.33281098728278,0.0765863974597853,1.87529331573781,1.05110476745068,2.00553966993681,1.80494833585885,0.803851331077267,0.491588822659668,0.300177981587378,0.488405954808006,0.339881426306428,0.405934388450038,0.243807142612464,1.44615615568118,1.30824121101799,1.9020066662946,1.1780311239195,0.800977261942346,1.73941999849508,0.03662434343575,1.7462390699775,1.94253826466716,1.96351302995813,1.10676586664213,0.0539216612875736,0.664886452273773,0.22373597467975,0.54913901270529,1.94055121530475,0.107602178803137,1.76793693916833,0.611997598996276,1.31075314228122,0.641511608796973,1.33395170717031
88,1.57231656460695,1.24485294005195,1.30123345888649,0.0722390694425564,1.89087040209864,1.08155799895882,2.06804636704459,1.8427458098938,0.831064088114789,0.483715993496723,0.333993111502681,0.416872332102737,0.392673783686204,0.393990050625974,0.231019477267617,1.49302142523193,1.27649222115067,1.87523267436156,1.18206389051195,0.854034572838169,1.77191904769107,0.0325182713198843,1.74047581545308,1.9260607101729,1.98490909547771,1.10914462114203,0.0359647781675953,0.658782605333739,0.182451112384244,0.558568516845414,1.96173580724216,0.131407259828134,1.73853203341319,0.582800241187424,1.40164178196217,0.658854753412619,1.34697170630077
88.5,1.53415284557788,1.21769201253742,1.2772266362332,0.0827075518713848,1.89279822172864,1.10748934388594,2.06491409184363,1.83871494956576,0.82991065020754,0.501413840764572,0.346102892754686,0.391191663932124,0.465851780312941,0.380386269864776,0.276325828668859,1.48014500591024,1.23466280260042,1.87260691052694,1.17073760589517,0.822637763543032,1.71417992710157,0.0419276598726253,1.7562013298028,1.92807818406131,2.01867470190374,1.11582026249474,0.0832163069598063,0.678033941285645,0.160798618949669,0.608026589298951,2.02855788016954,0.158396007390509,1.72549661429835,0.570255999689686,1.41967008647184,0.661637568101533,1.33892549319634
89,1.46443323942407,1.20884887793674,1.26481779041091,0.120106166723381,1.90792253667515,1.12098717916944,2.04019253991656,1.82240696993408,0.815514436911379,0.488320545072411,0.331607207309382,0.448891013359889,0.411216064570089,0.383538349170045,0.349876128463982,1.4344206741634,1.2211081582903,1.90656010310332,1.15963930083721,0.791466453770654,1.67768711775267,0.0440240231889985,1.76470052885196,1.94983142922959,2.07287570019733,1.12584117835019,0.149396357130347,0.714036588860417,0.182522448568645,0.646684853593401,2.09313126741975,0.155024023902594,1.73810440325733,0.584747834698806,1.37018690937932,0.662108053937988,1.33685848625347
89.5,1.4429575860043,1.19713414708587,1.25758855253913,0.119235599077378,1.90788211677819,1.17320212127004,2.01814823042522,1.78758527757974,0.800273311044191,0.475820094644305,0.288250336900696,0.523357426220825,0.351216135702509,0.358939802288305,0.403507896593148,1.36320463398286,1.20693656310526,1.92953731136356,1.15108900885119,0.81225274102753,1.68516199210851,0.0945171918791141,1.75854229715534,1.94874761536279,2.08068280498471,1.11431975230074,0.154265965421436,0.759122353622322,0.205685060088435,0.657329963580196,2.10625017191907,0.129076085891295,1.7540144904004,0.60101262922805,1.30659558653904,0.658185078583327,1.36531044047651
90,1.46143999091355,1.19751291488056,1.25484034971468,0.0741291603486834,1.87457439123927,1.22677912246868,1.99397883343479,1.74476459886146,0.788413173095456,0.458782125575053,0.242246178852817,0.547204193234571,0.33580934972674,0.353637878620126,0.438359572483342,1.27868983811531,1.2019671127145,1.94216209566663,1.13141366202112,0.827131305645583,1.67470018203539,0.139171461195177,1.79668040247844,1.90300918271735,2.01530213990403,1.08114842298238,0.146602455168214,0.782694859178479,0.208894554504998,0.679001602527826,2.06474223657138,0.0845376775224558,1.77606298497121,0.60828925357604,1.24827855568646,0.636669327111022,1.3723961902587
90.5,1.46915188341471,1.19995379580952,1.24810314351382,0.0570748921410388,1.84248756830604,1.20953485264816,1.97305885283543,1.73667522267353,0.750670942515533,0.44496329133501,0.203923524738844,0.557525841124733,0.318943653591741,0.40741702070233,0.35591693055471,1.34260635372241,1.28552931328438,1.94645090159196,1.15164469653152,0.798574018360723,1.69349979945632,0.18435737147691,1.80174903650857,1.85827094127764,1.95283752983269,1.04509890153359,0.139620284649741,0.772685216593082,0.217391769206533,0.654884951744802,1.99566174253738,0.0770466299676572,1.77820963983823,0.621723140630673,1.23037077546036,0.607438916555584,1.28983617280527
91,1.46261515442287,1.19057328293274,1.21971207055783,0.0572710990347138,1.81239891529317,1.16258780798994,1.94997244541535,1.74058066859924,0.710334138141104,0.471477312006581,0.214688549826271,0.543594205872787,0.275864970995231,0.455701817523282,0.250757116704468,1.47088675943487,1.37416362639605,1.93765796060708,1.18393972103925,0.752866073812382,1.74771597013293,0.136415069812061,1.72493226263979,1.8248947121189,1.90088339225611,1.003989199519,0.148660618883206,0.735225456496164,0.249962186538411,0.606001156345729,1.95877093068788,0.056685845018148,1.7463633245623,0.64682334509838,1.23708490140282,0.602408121956266,1.21448184965267
91.5,1.43688746055206,1.15389703703939,1.18791023166589,0.0476202714278444,1.78925350969641,1.06223628389307,1.94238474990555,1.693250918212,0.680076228222649,0.485087931962595,0.239222218913953,0.51173813414142,0.229049851758771,0.479079759517494,0.203562921251207,1.51591656596148,1.38930654568112,1.91157718013301,1.19317632147842,0.733339483661931,1.77229862330912,0.105888346758801,1.68480571376672,1.83483285513155,1.88304107346295,1.00085376401505,0.131434267681478,0.690151488089107,0.267009974763586,0.583026127265148,1.93761444970645,0.0427556638421748,1.7120048694074,0.641553867129087,1.26837843750458,0.621848829372902,1.18531897852378
92,1.42917946277024,1.11638312115023,1.196774537169,0.0423418527647283,1.78544914013244,0.961817074090581,1.94555479618863,1.6319681690012,0.648620281728501,0.47659855003575,0.215962507849288,0.471282664577368,0.202432107520896,0.484953071504361,0.156780831468946,1.53799851375731,1.38953898411649,1.85639364121285,1.18885767680864,0.727734561230573,1.71471394759045,0.111610257777833,1.65258175482544,1.9126307572459,1.92477516000744,1.02898246018893,0.0779688234243767,0.642478792659771,0.248712734233658,0.580519882564903,1.90285526837665,0.0265819639133695,1.67078333300208,0.582351954516475,1.36502467056547,0.640203568370106,1.17346971574941
92.5,1.48004654355102,1.15751060084571,1.20457914426491,0.0716686999692846,1.76662881279515,0.944761912282773,1.93284360671108,1.5996324094872,0.629837625714786,0.479285357634511,0.21312879814177,0.417801686903503,0.185594629525716,0.447466326799896,0.168477605736654,1.46202707153274,1.31653172349252,1.82827163323861,1.17295155643596,0.691278949485391,1.60982329597783,0.118371912737245,1.61719564321857,1.92971199486134,1.9641256196078,1.04899223511851,0.0618182877956064,0.617061604380317,0.233644398442491,0.591038660624376,1.89012154164485,0.0816545896362927,1.63162928003977,0.548861904135878,1.41834696039431,0.664582512132599,1.20911478037984
93,1.50800670868758,1.18929591639297,1.1756358854336,0.0252201248723885,1.73374261888967,0.969600895332694,1.91126267885875,1.57487264473603,0.616633239467047,0.461962852644259,0.232730654782806,0.441405107572628,0.246642094050557,0.376031196044947,0.230960819334895,1.33916349052718,1.206670777496,1.83749634457985,1.17188250306181,0.667701011640654,1.57200578771426,0.124113832873876,1.63924511163059,1.86286975165856,1.97734072836204,1.07225882888551,0.0724161223640518,0.618582243626326,0.23091288056229,0.579067069070384,1.88475948854874,0.106501982305768,1.60147761591305,0.554650441550224,1.36573638295076,0.684708572833639,1.25603716169314
93.5,1.47918964908152,1.18275309759887,1.16921607772804,0.0411174740402266,1.70883172705633,1.01395437340831,1.86614931945223,1.60530087593035,0.660043267669862,0.414361042040416,0.227592925977822,0.503118141282395,0.319670126211708,0.316422078008177,0.25403931661074,1.35358832834267,1.20010287187941,1.84364270166999,1.1606088022418,0.689903271921347,1.56323331306091,0.118116589357115,1.67844366773852,1.82567927060395,1.9580952317268,1.07035643793812,0.0439831942223344,0.609909330904927,0.22020591252368,0.587875485431,1.89956764409815,0.0928811697121186,1.59964546330969,0.580403413025144,1.31335791962305,0.676629633443632,1.35348098204928
94,1.44840431761138,1.2304937991953,1.24781249486186,0.0755334442136305,1.71568335339994,1.04188096681009,1.81260433270824,1.66036926322379,0.724089311129799,0.364850507289085,0.233693354554855,0.514949824571848,0.380014047756766,0.281074732744523,0.246543283933749,1.42640572356773,1.23512815896005,1.84796173056309,1.13303220025904,0.716125653376009,1.5432983530737,0.0629011484251032,1.7235281457637,1.79030313782286,1.89522163646359,1.04116414118836,0.00823521838993555,0.609870824046103,0.183334590061754,0.627130321789658,1.93628716720114,0.0119502534677916,1.63705018593956,0.63165713306508,1.28898369682107,0.674628574450915,1.43011823869743
94.5,1.44719165886977,1.2467110386798,1.31695530165381,0.0682122945626493,1.74063821571139,1.06906960734356,1.88459717991783,1.77049728173824,0.774724009182291,0.349413870038385,0.224993192750192,0.53348652386491,0.452974953115024,0.308592418012075,0.250331446025945,1.47449397608901,1.27549579884827,1.87198601286477,1.11788585753038,0.760502128498536,1.5910179127391,0.0679205885242379,1.78755254822665,1.80322498964062,1.87243601788766,1.0384396624418,0.0535493660191708,0.656132534677944,0.169225732336901,0.68520808973495,2.01744903411947,0.0636972471455929,1.68348938249288,0.672242872297034,1.26181161069396,0.652469076374906,1.39739403952404
95,1.48153274198874,1.23941636149028,1.34571047161123,0.00838393683055549,1.73028475793571,1.09953001515263,2.00671165683711,1.89382551124913,0.829317177026919,0.36781395258825,0.2262771809204,0.546326169764774,0.402548425582846,0.372068481850387,0.274226751861755,1.50979890182596,1.34188583348301,1.92836862139082,1.11612014433383,0.797569367615813,1.69079417565601,0.0414836878052214,1.88169214071248,1.90794721957722,1.9202551907854,1.05721537163848,0.103877944152339,0.734141557120397,0.21597726119502,0.701140215088799,2.1230314088307,0.0364952889561662,1.7466379892423,0.701447647587398,1.24812005067165,0.628831940450199,1.358189212847
95.5,1.47272199825954,1.23026026817821,1.34889391488481,0.0879345085870973,1.68822397007055,1.0507772303206,1.87819724073173,1.73030255376304,0.789383967961222,0.366013614657202,0.250382369679828,0.518872121179827,0.329237485510572,0.406450559866482,0.293530415947677,1.46176729985463,1.33524365528391,1.89714661051149,1.12225518853832,0.708976148205251,1.6777527291873,0.0304156893029163,1.86202389460485,1.89068425360652,1.88040282333124,1.03534583712065,0.0946797245938239,0.763170946618751,0.276214706582162,0.653955573683956,2.08874627004116,0.026681989876899,1.71816586188506,0.705048228399723,1.1927425612475,0.607357177188657,1.28294491293259
96,1.4168544604783,1.14799275038295,1.19093253381409,0.0754035768812478,1.59919403888858,0.957392797603215,1.66750729299468,1.47441849238661,0.704913986869011,0.287747069286935,0.191655177785783,0.41480172400903,0.314140534445801,0.393685696624587,0.305361932911599,1.35946212666145,1.23782561337179,1.7276599568092,1.11078441731905,0.601996931982164,1.48546712554912,0.0515357134630154,1.61847954266794,1.72013470175238,1.70441943146769,0.969273821696908,0.0402921109306507,0.743947928430627,0.311399911736024,0.638832034078818,1.88151363432243,0.0219736098918649,1.54872221758208,0.656217983271509,1.0880281604684,0.582113457559089,1.17784279905953
96.5,1.26884654953409,1.02004547596295,1.03032945997146,0.0685963064430131,1.38890792500665,0.824743449351063,1.48342829967243,1.30284438207728,0.661457210808258,0.216187741107115,0.149234325458997,0.324569287383319,0.300829880504169,0.282073108751111,0.202177450202067,1.21681660652601,1.07741561392323,1.53907745440934,1.03083311536045,0.476626488941748,1.24512604800165,0.0555710790497706,1.3763703153905,1.53810223850046,1.53592040433654,0.870804353885981,0.0262126179253756,0.718538300466044,0.320895866670498,0.509205701785381,1.58807650567625,0.0239936173519869,1.39369591314921,0.58385299536887,0.971454842179046,0.567040262342245,0.973593716145058
97,1.10305483879445,0.891229520230827,0.906967305933387,0.116045081154311,1.22747723464031,0.717676840544262,1.29566031663035,1.15759008872181,0.612077037228545,0.188529552725673,0.169846035089918,0.272292130604434,0.239857621783091,0.208356208563889,0.0944569268951643,1.08916866126919,0.911803284751534,1.32944884746126,0.896208284423211,0.375232573001089,1.11273846744053,0.0150890844047162,1.1829794090996,1.34984003709529,1.37772275810355,0.749798463732696,0.102833905275836,0.680437526212122,0.297053199503457,0.374505252859549,1.36201731607702,0.0764422933379061,1.26260783941074,0.473062493898361,0.883224861038475,0.544457020034193,0.818579163554755
97.5,1.03180831357567,0.804907360866743,0.812559278283021,0.12952064036904,1.22252929830574,0.713619355924959,1.24964957738286,1.09205860544061,0.533515426257698,0.223378860332925,0.201451069867595,0.204596985110784,0.184424352593289,0.179448841876793,0.0882798073911094,1.01047209649139,0.807329403989019,1.19160408039191,0.826644725154458,0.362070077313285,1.09264915084406,0.0637669127648788,1.05421275693405,1.22728525265829,1.27867749511036,0.69806866112636,0.100666234480735,0.606284882046413,0.258362237619486,0.353263841129679,1.25978664620429,0.105619029194016,1.16057243362391,0.392609734878992,0.86211394311665,0.515107443206404,0.827040554167827
98,1.00921730399795,0.787665285077113,0.832023662637611,0.138126362850749,1.23115975743571,0.733068980161785,1.25402832472207,1.04973598485934,0.480460378548797,0.236725950181016,0.218357719435208,0.207856070153749,0.202827958254922,0.142350243778925,0.137258388700269,0.932919921895924,0.742625397738101,1.15341891815248,0.827131887914809,0.347144549132174,1.11396509596805,0.0839250593206222,1.03547034875101,1.17697207986284,1.26469745885662,0.711617996933415,0.0534620719535885,0.50672046265676,0.184654287540949,0.367048948400623,1.22284770506143,0.0476069118315319,1.1033032321316,0.371209693628641,0.854195621330482,0.495724786132205,0.840962248203969
98.5,NaN,NaN,NaN,NaN,NaN,NaN,NaN,NaN,NaN,0.202525687199221,0.207195740619255,NaN,NaN,0.136433917702699,NaN,NaN,NaN,NaN,NaN,NaN,NaN,NaN,NaN,NaN,NaN,NaN,NaN,NaN,NaN,NaN,NaN,NaN,NaN,NaN,NaN,NaN,0.868615833393792
99,NaN,NaN,NaN,NaN,NaN,NaN,NaN,NaN,NaN,NaN,NaN,NaN,NaN,NaN,NaN,NaN,NaN,NaN,NaN,NaN,NaN,NaN,NaN,NaN,NaN,NaN,NaN,NaN,NaN,NaN,NaN,NaN,NaN,NaN,NaN,NaN,NaN
99.5,NaN,NaN,NaN,NaN,NaN,NaN,NaN,NaN,NaN,NaN,NaN,NaN,NaN,NaN,NaN,NaN,NaN,NaN,NaN,NaN,NaN,NaN,NaN,NaN,NaN,NaN,NaN,NaN,NaN,NaN,NaN,NaN,NaN,NaN,NaN,NaN,NaN
100,NaN,NaN,NaN,NaN,NaN,NaN,NaN,NaN,NaN,NaN,NaN,NaN,NaN,NaN,NaN,NaN,NaN,NaN,NaN,NaN,NaN,NaN,NaN,NaN,NaN,NaN,NaN,NaN,NaN,NaN,NaN,NaN,NaN,NaN,NaN,NaN,NaN
