# DW1000 CIR capture - initialising
# DEV_ID (before)      : DECA - model: 1, version: 3, revision: 0
# PMSC_CTRL0 (before)  : 0xF0300400
# PMSC_CTRL0 (clks on) : 0xF0308448   RXCLKS=10 FACE=1 AMCE=1
# ACC clock enable  : OK
# DEV_ID (clks on)     : DECA - model: 1, version: 3, revision: 0
# DEV_ID (after)       : DECA - model: 1, version: 3, revision: 0
# Mode: Data rate: 110 kb/s, PRF: 64 MHz, Preamble: 2048 symbols (code #10), Channel: #5
# Waiting for frames...
# FRAME,1,RX_TS,3989162350,FP_INDEX,746.4219,FP_INT,746,RXPACC,283,RXPWR,-67.38,STD_NOISE,144.00,NTM,13,NOISE_THRESH,1872.00,PEAK_IDX,748,PEAK_AMPL,18740,START,696,elapsed_s,0.3329
sample,real,imag,amplitude,amplitude_norm
696,140,5,140.09,0.49502
697,246,-287,378.00,1.33569
698,381,-206,433.12,1.53048
699,70,444,449.48,1.58828
700,-403,828,920.87,3.25394
701,-579,462,740.73,2.61743
702,-33,-325,326.67,1.15431
703,36,-527,528.23,1.86653
704,31,20,36.89,0.13036
705,-491,423,648.08,2.29004
706,-786,449,905.21,3.19861
707,-312,513,600.43,2.12165
708,-41,40,57.28,0.20240
709,77,-11,77.78,0.27485
710,-132,40,137.93,0.48738
711,-152,79,171.30,0.60531
712,-182,92,203.93,0.72061
713,-144,34,147.96,0.52282
714,57,99,114.24,0.40366
715,-33,612,612.89,2.16569
716,-532,990,1123.89,3.97134
717,-659,670,939.78,3.32077
718,-224,292,368.02,1.30043
719,-165,-62,176.26,0.62284
720,-286,147,321.57,1.13628
721,-569,722,919.26,3.24828
722,-944,640,1140.50,4.03003
723,-502,701,862.21,3.04668
724,-294,527,603.46,2.13237
725,-312,228,386.43,1.36548
726,-579,-154,599.13,2.11707
727,-429,-413,595.49,2.10421
728,-395,-5,395.03,1.39587
729,-611,78,615.96,2.17653
730,-598,-213,634.80,2.24311
731,-142,-1013,1022.90,3.61450
732,455,-1121,1209.82,4.27498
733,827,-733,1105.09,3.90490
734,478,369,603.86,2.13378
735,-245,529,582.98,2.06000
736,-121,-213,244.97,0.86562
737,542,-750,925.35,3.26977
738,1006,-739,1248.26,4.41082
739,1051,-709,1267.79,4.47981
740,576,-840,1018.52,3.59900
741,543,-380,662.76,2.34190
742,357,131,380.28,1.34373
743,100,125,160.08,0.56565
744,299,-382,485.10,1.71415
745,1351,-741,1540.87,5.44477
746,5576,33,5576.10,19.70353
747,14632,4694,15366.49,54.29856
748,16461,9633,19072.47,67.39390
749,9419,12562,15701.00,55.48056
750,-5270,7442,9119.01,32.22264
751,-7834,-488,7849.18,27.73563
752,3070,908,3201.46,11.31259
753,12080,9729,15510.64,54.80790
754,8441,15081,17282.56,61.06913
755,363,10414,10420.32,36.82093
756,-1494,735,1665.01,5.88343
757,-1867,-4856,5202.54,18.38353
758,1748,-5563,5831.16,20.60482
759,4679,-1065,4798.67,16.95644
760,3871,1509,4154.72,14.68100
761,852,1666,1871.22,6.61208
762,-2322,659,2413.70,8.52899
763,-1760,-1054,2051.47,7.24900
764,284,-1146,1180.67,4.17196
765,92,-1339,1342.16,4.74260
766,-309,-488,577.60,2.04100
767,39,699,700.09,2.47381
768,495,193,531.29,1.87737
769,587,-925,1095.53,3.87114
770,897,-1386,1650.94,5.83371
771,799,-588,992.04,3.50544
772,-384,1024,1093.63,3.86443
773,-1364,1498,2025.96,7.15886
774,-1792,112,1795.50,6.34451
775,-1172,-1196,1674.51,5.91701
776,-965,-720,1204.00,4.25443
777,-1315,-201,1330.27,4.70061
778,-1859,642,1966.73,6.94959
779,-1791,1398,2272.02,8.02835
780,-971,1174,1523.52,5.38347
781,-685,373,779.97,2.75608
782,-827,-703,1085.42,3.83541
783,-881,-989,1324.49,4.68019
784,-1066,-461,1161.41,4.10393
785,-508,-176,537.62,1.89973
786,-660,-525,843.34,2.98001
787,-469,-645,797.49,2.81798
788,111,-282,303.06,1.07088
789,445,-225,498.65,1.76201
790,22,-586,586.41,2.07213
791,-705,-564,902.84,3.19025
792,-993,-281,1031.99,3.64662
793,-361,-243,435.17,1.53769
794,57,-397,401.07,1.41721
795,-193,-301,357.56,1.26347
796,-587,53,589.39,2.08264
797,-1313,-356,1360.41,4.80709
798,-1047,-500,1160.26,4.09987
799,-785,-374,869.54,3.07258
800,-1023,-262,1056.02,3.73151
801,-973,-33,973.56,3.44014
802,-1200,-240,1223.76,4.32426
803,-907,-893,1272.83,4.49763
804,-125,-921,929.44,3.28425
805,-159,-1257,1267.02,4.47709
806,-7,-1075,1075.02,3.79867
807,-389,-702,802.57,2.83595
808,-555,-509,753.06,2.66101
809,-131,-534,549.83,1.94288
810,37,-505,506.35,1.78924
811,-151,-708,723.92,2.55803
812,-276,-242,367.07,1.29707
813,-1048,-325,1097.24,3.87716
814,-936,-325,990.82,3.50112
815,-832,-385,916.76,3.23943
816,-791,-342,861.77,3.04512
817,-485,16,485.26,1.71471
818,-270,153,310.34,1.09660
819,-29,18,34.13,0.12061
820,-77,-155,173.07,0.61156
821,-499,-555,746.34,2.63725
822,-410,-728,835.51,2.95235
823,-327,-625,705.38,2.49249
824,-429,-524,677.21,2.39298
825,-287,-465,546.44,1.93087
826,-377,-138,401.46,1.41860
827,-479,-52,481.81,1.70252
828,-443,51,445.93,1.57571
829,-946,-521,1079.98,3.81618
830,-791,-624,1007.50,3.56007
831,-878,-423,974.58,3.44376
832,-606,-381,715.82,2.52940
833,-372,-479,606.49,2.14306
834,-3,-418,418.01,1.47707
835,-62,46,77.20,0.27280
836,-186,354,399.89,1.41304
837,-558,213,597.27,2.11050
838,-419,-66,424.17,1.49882
839,-375,-344,508.88,1.79817
840,-209,-102,232.56,0.82177
841,-301,3,301.01,1.06366
842,-228,-284,364.20,1.28692
843,-108,-684,692.47,2.44690
844,230,-555,600.77,2.12286
845,250,-385,459.05,1.62208
# END
# FRAME,2,RX_TS,10378910530,FP_INDEX,753.6094,FP_INT,753,RXPACC,265,RXPWR,-67.35,STD_NOISE,140.00,NTM,13,NOISE_THRESH,1820.00,PEAK_IDX,755,PEAK_AMPL,16617,START,703,elapsed_s,0.4357
sample,real,imag,amplitude,amplitude_norm
703,95,46,105.55,0.39831
704,58,-265,271.27,1.02367
705,117,-378,395.69,1.49318
706,203,144,248.89,0.93920
707,69,848,850.80,3.21058
708,-239,749,786.21,2.96682
709,-267,-49,271.46,1.02437
710,-159,-502,526.58,1.98709
711,-87,-83,120.24,0.45374
712,-220,496,542.60,2.04755
713,-446,649,787.48,2.97160
714,-53,647,649.17,2.44969
715,6,166,166.11,0.62682
716,33,-32,45.97,0.17346
717,-99,81,127.91,0.48269
718,-150,65,163.48,0.61690
719,42,132,138.52,0.52272
720,-164,208,264.88,0.99954
721,-43,50,65.95,0.24886
722,194,380,426.66,1.61003
723,71,935,937.69,3.53846
724,-221,954,979.26,3.69533
725,-119,421,437.50,1.65093
726,-168,84,187.83,0.70879
727,-262,162,308.04,1.16241
728,-181,823,842.67,3.17988
729,-419,996,1080.54,4.07753
730,-171,879,895.48,3.37916
731,-7,551,551.04,2.07941
732,-65,396,401.30,1.51434
733,-360,114,377.62,1.42498
734,-647,-81,652.05,2.46057
735,-258,68,266.81,1.00683
736,-508,363,624.37,2.35610
737,-477,261,543.74,2.05184
738,-640,-506,815.87,3.07874
739,-211,-1143,1162.31,4.38608
740,215,-1062,1083.54,4.08885
741,617,-181,643.00,2.42642
742,140,623,638.54,2.40957
743,-230,102,251.60,0.94944
744,-29,-761,761.55,2.87378
745,425,-1076,1156.89,4.36563
746,633,-1074,1246.66,4.70438
747,128,-945,953.63,3.59860
748,187,-687,712.00,2.68678
749,414,-185,453.45,1.71115
750,182,55,190.13,0.71747
751,32,-235,237.17,0.89498
752,463,-1029,1128.37,4.25799
753,3020,-2061,3656.24,13.79715
754,11905,-3028,12284.05,46.35489
755,16491,-746,16507.87,62.29383
756,14828,4539,15507.16,58.51760
757,2585,8656,9033.75,34.08961
758,-6974,4821,8478.13,31.99295
759,-180,-357,399.81,1.50872
760,12299,1236,12360.95,46.64510
761,14743,7304,16453.10,62.08717
762,7319,9447,11950.46,45.09608
763,-106,2681,2683.09,10.12489
764,-3147,-2185,3831.17,14.45723
765,-2329,-5276,5767.18,21.76296
766,2700,-3761,4629.81,17.47097
767,3905,-898,4006.92,15.12046
768,2229,670,2327.52,8.78309
769,-918,1597,1842.05,6.95112
770,-2185,464,2233.72,8.42915
771,-490,-1003,1116.29,4.21242
772,-411,-1133,1205.24,4.54809
773,-653,-536,844.81,3.18796
774,126,589,602.33,2.27293
775,489,152,512.08,1.93237
776,61,-804,806.31,3.04268
777,-26,-1436,1436.24,5.41976
778,362,-1211,1263.95,4.76962
779,211,638,671.99,2.53580
780,-320,1808,1836.10,6.92868
781,-1280,1287,1815.15,6.84962
782,-1576,-270,1598.96,6.03381
783,-1132,-326,1178.01,4.44531
784,-1284,266,1311.26,4.94816
785,-1129,1054,1544.52,5.82840
786,-1046,1887,2157.52,8.14158
787,-279,1594,1618.23,6.10654
788,-402,1051,1125.26,4.24626
789,-824,151,837.72,3.16121
790,-1287,-349,1333.48,5.03200
791,-1014,-45,1015.00,3.83018
792,-604,107,613.40,2.31473
793,-593,-41,594.42,2.24308
794,-803,-164,819.58,3.09274
795,-147,-340,370.42,1.39780
796,199,-306,365.02,1.37742
797,-109,-463,475.66,1.79493
798,-785,-92,790.37,2.98254
799,-871,160,885.57,3.34179
800,-621,103,629.48,2.37541
801,-201,-304,364.44,1.37525
802,-339,-243,417.10,1.57395
803,-380,136,403.60,1.52303
804,-1111,407,1183.20,4.46492
805,-1202,167,1213.55,4.57942
806,-860,121,868.47,3.27725
807,-918,231,946.62,3.57214
808,-1009,394,1083.20,4.08754
809,-998,453,1096.00,4.13584
810,-1233,-116,1238.44,4.67338
811,-579,-636,860.08,3.24558
812,-609,-908,1093.32,4.12573
813,-615,-986,1162.08,4.38519
814,-574,-538,786.71,2.96873
815,-616,-130,629.57,2.37573
816,-438,-303,532.59,2.00978
817,-138,-397,420.30,1.58604
818,-501,-535,732.96,2.76588
819,-334,-172,375.69,1.41768
820,-863,214,889.14,3.35523
821,-903,143,914.25,3.45001
822,-908,158,921.64,3.47790
823,-816,83,820.21,3.09513
824,-522,207,561.55,2.11904
825,-198,321,377.15,1.42322
826,-53,94,107.91,0.40722
827,-150,-111,186.60,0.70417
828,-546,-143,564.42,2.12987
829,-774,-391,867.15,3.27228
830,-595,-370,700.66,2.64400
831,-675,-203,704.86,2.65987
832,-567,-263,625.03,2.35859
833,-327,-28,328.20,1.23848
834,-425,198,468.86,1.76928
835,-301,243,386.85,1.45980
836,-797,142,809.55,3.05491
837,-1050,-216,1071.99,4.04523
838,-843,-13,843.10,3.18151
839,-668,20,668.30,2.52188
840,-670,-130,682.50,2.57545
841,-282,-328,432.56,1.63230
842,-183,-17,183.79,0.69354
843,57,336,340.80,1.28604
844,-187,500,533.82,2.01443
845,-359,258,442.09,1.66827
846,-422,-61,426.39,1.60900
847,-342,-43,344.69,1.30073
848,-225,87,241.23,0.91032
849,-213,-100,235.31,0.88795
850,-433,-525,680.52,2.56802
851,-195,-651,679.58,2.56444
852,52,-498,500.71,1.88946
# END
# FRAME,3,RX_TS,16768709875,FP_INDEX,753.5000,FP_INT,753,RXPACC,276,RXPWR,-67.43,STD_NOISE,140.00,NTM,13,NOISE_THRESH,1820.00,PEAK_IDX,755,PEAK_AMPL,18428,START,703,elapsed_s,0.5311
sample,real,imag,amplitude,amplitude_norm
703,140,54,150.05,0.54367
704,213,-234,316.43,1.14647
705,324,-241,403.80,1.46305
706,107,289,308.17,1.11657
707,-308,796,853.51,3.09243
708,-584,505,772.06,2.79733
709,-141,-273,307.26,1.11327
710,17,-514,514.28,1.86334
711,-60,-55,81.39,0.29491
712,-461,385,600.62,2.17616
713,-732,471,870.44,3.15377
714,-284,610,672.87,2.43794
715,-20,90,92.20,0.33404
716,35,66,74.71,0.27067
717,-121,110,163.53,0.59249
718,-146,61,158.23,0.57330
719,-125,87,152.30,0.55180
720,-151,-11,151.40,0.54855
721,24,36,43.27,0.15676
722,67,533,537.19,1.94636
723,-402,972,1051.85,3.81105
724,-602,698,921.74,3.33964
725,-256,275,375.71,1.36128
726,-241,-56,247.42,0.89645
727,-335,76,343.51,1.24461
728,-558,729,918.04,3.32625
729,-822,650,1047.94,3.79689
730,-455,709,842.44,3.05232
731,-286,522,595.21,2.15657
732,-320,326,456.81,1.65511
733,-452,-99,462.71,1.67650
734,-454,-398,603.75,2.18752
735,-349,-17,349.41,1.26599
736,-594,110,604.10,2.18877
737,-595,-99,603.18,2.18543
738,-228,-928,955.60,3.46231
739,365,-1162,1217.98,4.41296
740,752,-832,1121.48,4.06335
741,536,274,601.97,2.18106
742,-207,580,615.83,2.23128
743,-176,-141,225.51,0.81708
744,451,-779,900.13,3.26136
745,949,-778,1227.15,4.44618
746,1027,-690,1237.27,4.48285
747,547,-855,1015.00,3.67755
748,507,-436,668.69,2.42279
749,415,25,415.75,1.50635
750,138,129,188.90,0.68444
751,174,-354,394.45,1.42917
752,1105,-773,1348.54,4.88601
753,4854,-385,4869.24,17.64219
754,13873,3413,14286.66,51.76327
755,16499,8198,18423.47,66.75170
756,10688,11800,15920.85,57.68423
757,-3680,8250,9033.54,32.73023
758,-8046,430,8057.48,29.19378
759,1876,294,1898.90,6.88006
760,11848,8204,14411.13,52.21424
761,9597,14088,17046.24,61.76173
762,1407,10856,10946.80,39.66231
763,-1444,1359,1982.93,7.18453
764,-2107,-4247,4740.93,17.17730
765,999,-5712,5798.70,21.00979
766,4426,-1656,4725.65,17.12194
767,3937,1130,4095.96,14.84043
768,1227,1618,2030.63,7.35735
769,-2005,851,2178.12,7.89176
770,-1900,-810,2065.45,7.48353
771,166,-1169,1180.73,4.27800
772,100,-1203,1207.15,4.37373
773,-327,-528,621.06,2.25021
774,3,640,640.01,2.31887
775,417,228,475.26,1.72196
776,484,-834,964.27,3.49372
777,747,-1395,1582.41,5.73338
778,829,-736,1108.57,4.01657
779,-275,972,1010.15,3.65997
780,-1272,1548,2003.57,7.25931
781,-1725,311,1752.81,6.35076
782,-1198,-1045,1589.73,5.75988
783,-954,-703,1185.04,4.29363
784,-1245,-186,1258.82,4.56093
785,-1721,615,1827.58,6.62168
786,-1836,1267,2230.74,8.08238
787,-1024,1163,1549.56,5.61436
788,-837,487,968.37,3.50858
789,-1019,-430,1106.01,4.00729
790,-1019,-881,1347.04,4.88059
791,-980,-463,1083.87,3.92706
792,-539,-202,575.61,2.08554
793,-639,-351,729.06,2.64151
794,-564,-608,829.31,3.00476
795,80,-373,381.48,1.38218
796,393,-214,447.49,1.62133
797,26,-556,556.61,2.01669
798,-702,-475,847.60,3.07102
799,-934,-260,969.51,3.51273
800,-480,-297,564.45,2.04513
801,-45,-455,457.22,1.65659
802,-268,-420,498.22,1.80515
803,-503,-13,503.17,1.82307
804,-1257,-269,1285.46,4.65747
805,-1038,-404,1113.85,4.03569
806,-785,-266,828.84,3.00305
807,-940,-167,954.72,3.45913
808,-998,-24,998.29,3.61699
809,-1143,-138,1151.30,4.17138
810,-931,-762,1203.08,4.35899
811,-215,-927,951.61,3.44785
812,-178,-1237,1249.74,4.52805
813,-55,-1130,1131.34,4.09905
814,-328,-733,803.04,2.90956
815,-512,-454,684.30,2.47933
816,-133,-543,559.05,2.02555
817,59,-462,465.75,1.68751
818,-203,-766,792.44,2.87117
819,-299,-253,391.68,1.41912
820,-992,-254,1024.00,3.71015
821,-894,-208,917.88,3.32564
822,-843,-338,908.24,3.29071
823,-842,-332,905.09,3.27931
824,-498,-15,498.23,1.80517
825,-234,174,291.60,1.05653
826,-55,31,63.13,0.22875
827,-104,-152,184.17,0.66730
828,-522,-478,707.79,2.56446
829,-457,-683,821.79,2.97750
830,-369,-602,706.09,2.55830
831,-493,-526,720.92,2.61203
832,-353,-431,557.11,2.01851
833,-409,-135,430.70,1.56052
834,-500,-68,504.60,1.82827
835,-391,56,394.99,1.43112
836,-901,-357,969.15,3.51141
837,-778,-596,980.05,3.55091
838,-869,-389,952.09,3.44961
839,-602,-344,693.35,2.51215
840,-396,-465,610.77,2.21294
841,-107,-429,442.14,1.60197
842,-158,-18,159.02,0.57617
843,-202,440,484.15,1.75418
844,-507,313,595.83,2.15882
845,-429,35,430.43,1.55951
846,-455,-288,538.49,1.95104
847,-261,-134,293.39,1.06300
848,-241,3,241.02,0.87326
849,-186,-159,244.70,0.88659
850,-182,-604,630.82,2.28560
851,110,-603,612.95,2.22084
852,239,-450,509.53,1.84612
# END
# FRAME,4,RX_TS,23158509218,FP_INDEX,751.8594,FP_INT,751,RXPACC,269,RXPWR,-67.26,STD_NOISE,128.00,NTM,13,NOISE_THRESH,1664.00,PEAK_IDX,753,PEAK_AMPL,17912,START,701,elapsed_s,0.6405
sample,real,imag,amplitude,amplitude_norm
701,68,-53,86.21,0.32050
702,-192,21,193.15,0.71801
703,-410,74,416.62,1.54879
704,-24,-161,162.78,0.60513
705,747,-321,813.05,3.02249
706,838,29,838.50,3.11711
707,144,389,414.80,1.54200
708,-447,402,601.18,2.23486
709,-95,217,236.88,0.88061
710,422,46,424.50,1.57807
711,768,247,806.74,2.99904
712,770,16,770.17,2.86307
713,220,13,220.38,0.81927
714,53,-23,57.78,0.21478
715,162,-4,162.05,0.60241
716,193,190,270.83,1.00680
717,89,-7,89.27,0.33188
718,215,121,246.71,0.91714
719,65,31,72.01,0.26771
720,245,-193,311.89,1.15943
721,917,-219,942.79,3.50479
722,1105,-43,1105.84,4.11092
723,479,145,500.47,1.86047
724,119,309,331.12,1.23094
725,168,240,292.96,1.08906
726,794,-19,794.23,2.95252
727,1055,132,1063.23,3.95251
728,915,95,919.92,3.41977
729,633,-104,641.49,2.38471
730,492,7,492.05,1.82918
731,338,264,428.88,1.59436
732,272,688,739.82,2.75025
733,125,231,262.65,0.97640
734,554,359,660.15,2.45409
735,538,353,643.47,2.39208
736,-123,772,781.74,2.90609
737,-926,632,1121.12,4.16772
738,-1012,245,1041.23,3.87076
739,-337,-346,483.00,1.79552
740,590,-212,626.93,2.33060
741,283,238,369.77,1.37463
742,-601,315,678.55,2.52248
743,-1069,13,1069.08,3.97427
744,-1204,-185,1218.13,4.52836
745,-929,244,960.51,3.57066
746,-730,147,744.65,2.76823
747,-229,-218,316.17,1.17536
748,48,-163,169.92,0.63167
749,-98,56,112.87,0.41960
750,-954,-20,954.21,3.54725
751,-2631,-1618,3088.70,11.48217
752,-6376,-9677,11588.69,43.08063
753,-6645,-16234,17541.35,65.20947
754,-1048,-15723,15757.89,58.57951
755,7472,-5267,9141.78,33.98430
756,7775,5480,9512.15,35.36116
757,365,1606,1646.96,6.12251
758,-2952,-11097,11482.93,42.68748
759,1572,-16497,16571.73,61.60494
760,6928,-11120,13101.59,48.70478
761,3362,-1316,3610.39,13.42152
762,-787,3482,3569.83,13.27075
763,-4311,4174,6000.58,22.30700
764,-4714,-1366,4907.93,18.24508
765,-2377,-3624,4333.99,16.11150
766,-377,-2738,2763.83,10.27447
767,1689,153,1695.92,6.30452
768,1401,1930,2384.89,8.86576
769,-773,923,1203.93,4.47559
770,-1101,693,1300.94,4.83622
771,-369,634,733.56,2.72701
772,532,-358,641.24,2.38379
773,84,-626,631.61,2.34800
774,-740,-7,740.03,2.75105
775,-1333,314,1369.48,5.09102
776,-1258,-68,1259.84,4.68341
777,449,-364,578.01,2.14874
778,1804,-254,1821.79,6.77247
779,1699,663,1823.78,6.77985
780,361,1521,1563.25,5.81135
781,-87,1113,1116.40,4.15017
782,605,1132,1283.53,4.77149
783,1335,672,1494.59,5.55611
784,2241,405,2277.30,8.46581
785,1727,-278,1749.23,6.50272
786,1152,-91,1155.59,4.29587
787,330,563,652.59,2.42597
788,70,1271,1272.93,4.73207
789,190,937,956.07,3.55416
790,362,618,716.22,2.66252
791,131,509,525.59,1.95386
792,144,739,752.90,2.79888
793,-183,213,280.82,1.04393
794,-281,-254,378.78,1.40812
795,-377,-53,380.71,1.41527
796,63,650,653.05,2.42768
797,303,668,733.51,2.72679
798,340,547,644.06,2.39426
799,-129,271,300.14,1.11575
800,-36,302,304.14,1.13063
801,280,276,393.16,1.46157
802,752,838,1125.94,4.18566
803,472,1002,1107.60,4.11749
804,370,766,850.68,3.16238
805,370,669,764.50,2.84201
806,622,792,1007.05,3.74368
807,684,636,934.00,3.47211
808,384,1109,1173.60,4.36283
809,-293,777,830.41,3.08702
810,-595,854,1040.84,3.86928
811,-727,771,1059.70,3.93942
812,-344,654,738.95,2.74704
813,22,643,643.38,2.39173
814,-169,531,557.24,2.07154
815,-406,222,462.73,1.72019
816,-351,468,585.00,2.17472
817,-152,374,403.71,1.50077
818,472,696,840.95,3.12621
819,477,686,835.54,3.10609
820,454,763,887.85,3.30057
821,294,731,787.91,2.92902
822,403,472,620.64,2.30721
823,348,45,350.90,1.30445
824,146,-17,146.99,0.54642
825,40,143,148.49,0.55200
826,35,426,427.44,1.58898
827,-106,714,721.83,2.68337
828,-143,607,623.62,2.31828
829,-17,646,646.22,2.40232
830,-39,693,694.10,2.58028
831,94,312,325.85,1.21135
832,388,329,508.71,1.89111
833,377,192,423.08,1.57277
834,466,695,836.77,3.11066
835,128,1068,1075.64,3.99867
836,213,850,876.28,3.25755
837,191,647,674.60,2.50782
838,132,692,704.48,2.61887
839,-237,359,430.17,1.59916
840,15,113,113.99,0.42376
841,430,-156,457.42,1.70046
842,584,77,589.05,2.18979
843,345,314,466.50,1.73420
844,67,478,482.67,1.79432
845,39,394,395.93,1.47184
846,222,221,313.25,1.16449
847,74,208,220.77,0.82071
848,-157,533,555.64,2.06558
849,-407,368,548.70,2.03978
850,-418,172,452.00,1.68031
# END
# FRAME,5,RX_TS,29548308506,FP_INDEX,749.3594,FP_INT,749,RXPACC,279,RXPWR,-67.33,STD_NOISE,136.00,NTM,13,NOISE_THRESH,1768.00,PEAK_IDX,757,PEAK_AMPL,17425,START,699,elapsed_s,0.7297
sample,real,imag,amplitude,amplitude_norm
699,127,-113,169.99,0.60930
700,-160,-230,280.18,1.00422
701,-127,-262,291.16,1.04358
702,467,147,489.59,1.75480
703,707,696,992.10,3.55592
704,216,735,766.08,2.74581
705,-384,-11,384.16,1.37691
706,-506,-146,526.64,1.88761
707,57,45,72.62,0.26030
708,238,701,740.30,2.65341
709,235,844,876.11,3.14016
710,385,503,633.43,2.27036
711,1,96,96.01,0.34410
712,92,2,92.02,0.32983
713,25,223,224.40,0.80429
714,-31,210,212.28,0.76085
715,69,201,212.51,0.76170
716,53,172,179.98,0.64509
717,78,71,105.48,0.37805
718,507,268,573.47,2.05546
719,758,842,1132.93,4.06068
720,304,829,882.98,3.16481
721,-29,353,354.19,1.26950
722,-221,205,301.44,1.08043
723,49,336,339.55,1.21704
724,515,847,991.28,3.55297
725,343,1055,1109.36,3.97619
726,521,708,879.04,3.15067
727,364,549,658.71,2.36096
728,156,403,432.14,1.54889
729,-162,522,546.56,1.95900
730,-408,292,501.73,1.79830
731,10,411,411.12,1.47355
732,59,697,699.49,2.50714
733,-254,667,713.73,2.55816
734,-960,15,960.12,3.44128
735,-890,-704,1134.78,4.06730
736,-411,-873,964.91,3.45846
737,473,-210,517.52,1.85492
738,409,465,619.28,2.21964
739,-239,111,263.52,0.94451
740,-558,-674,875.01,3.13623
741,-420,-1144,1218.66,4.36796
742,-344,-1127,1178.33,4.22341
743,-594,-684,905.92,3.24703
744,-157,-536,558.52,2.00187
745,182,-218,283.99,1.01787
746,105,39,112.01,0.40147
747,-302,-254,394.61,1.41439
748,-354,-1389,1433.40,5.13764
749,1600,-5255,5493.18,19.68882
750,8737,-12812,15507.50,55.58244
751,13833,-13305,19193.10,68.79246
752,13830,-4361,14501.28,51.97593
753,4685,8005,9275.20,33.24443
754,-2906,7725,8253.51,29.58248
755,1622,-2667,3121.50,11.18818
756,12657,-8863,15451.62,55.38213
757,16498,-3857,16942.86,60.72709
758,10094,2750,10461.90,37.49785
759,170,1697,1705.49,6.11288
760,-5317,509,5341.31,19.14447
761,-4392,-3563,5655.50,20.27059
762,687,-5001,5047.97,18.09307
763,2638,-3299,4224.03,15.13990
764,1936,-332,1964.26,7.04036
765,26,2381,2381.14,8.53456
766,-1397,1313,1917.18,6.87161
767,-1051,-626,1223.31,4.38461
768,-1139,-504,1245.53,4.46425
769,-184,182,258.80,0.92762
770,794,202,819.29,2.93653
771,359,-391,530.81,1.90255
772,-665,-837,1069.02,3.83160
773,-851,-1260,1520.46,5.44968
774,-90,-877,881.61,3.15988
775,933,801,1229.67,4.40742
776,947,1860,2087.20,7.48101
777,-423,1705,1756.69,6.29637
778,-1332,669,1490.57,5.34253
779,-862,592,1045.71,3.74806
780,-474,1128,1223.54,4.38546
781,186,1875,1884.20,6.75342
782,909,1962,2162.34,7.75033
783,844,1202,1468.72,5.26423
784,211,726,756.04,2.70982
785,-767,621,986.88,3.53720
786,-1039,688,1246.14,4.46645
787,-678,832,1073.27,3.84685
788,-319,399,510.84,1.83098
789,-525,457,696.04,2.49477
790,-452,393,598.96,2.14681
791,-98,-172,197.96,0.70953
792,197,-529,564.49,2.02326
793,-304,-154,340.78,1.22144
794,-513,479,701.86,2.51563
795,-357,763,842.39,3.01931
796,-233,332,405.60,1.45377
797,-318,-64,324.38,1.16264
798,-257,203,327.50,1.17384
799,-23,590,590.45,2.11630
800,-537,1092,1216.89,4.36163
801,-468,821,945.02,3.38717
802,-539,608,812.52,2.91225
803,-380,818,901.96,3.23282
804,-200,918,939.53,3.36751
805,-370,1071,1133.11,4.06133
806,-864,586,1043.98,3.74186
807,-833,-93,838.18,3.00421
808,-1088,-288,1125.47,4.03395
809,-883,-300,932.57,3.34255
810,-653,93,659.59,2.36412
811,-456,344,571.20,2.04732
812,-434,-82,441.68,1.58308
813,-388,-288,483.21,1.73192
814,-563,-73,567.71,2.03481
815,-211,295,362.69,1.29997
816,-435,862,965.54,3.46072
817,-264,675,724.79,2.59781
818,-444,623,765.03,2.74203
819,-473,662,813.62,2.91619
820,16,493,493.26,1.76796
821,212,280,351.20,1.25879
822,94,126,157.20,0.56344
823,-127,166,209.01,0.74914
824,-543,380,662.76,2.37548
825,-653,178,676.83,2.42590
826,-586,143,603.20,2.16199
827,-597,340,687.03,2.46247
828,-422,191,463.21,1.66026
829,-218,310,378.98,1.35834
830,-43,439,441.10,1.58101
831,63,546,549.62,1.96997
832,-676,820,1062.72,3.80904
833,-776,577,967.01,3.46598
834,-609,721,943.78,3.38273
835,-442,423,611.79,2.19281
836,-470,244,529.56,1.89807
837,-329,-37,331.07,1.18665
838,153,168,227.23,0.81444
839,366,353,508.49,1.82256
840,121,627,638.57,2.28878
841,-177,414,450.25,1.61380
842,-403,287,494.75,1.77330
843,-187,180,259.56,0.93031
844,-44,298,301.23,1.07968
845,-253,118,279.16,1.00059
846,-593,-23,593.45,2.12705
847,-438,-253,505.82,1.81297
848,-216,-303,372.11,1.33372
# END
# FRAME,6,RX_TS,35938107776,FP_INDEX,747.4531,FP_INT,747,RXPACC,266,RXPWR,-67.30,STD_NOISE,168.00,NTM,13,NOISE_THRESH,2184.00,PEAK_IDX,749,PEAK_AMPL,17624,START,697,elapsed_s,0.8383
sample,real,imag,amplitude,amplitude_norm
697,116,139,181.04,0.68062
698,369,-27,369.99,1.39093
699,386,74,393.03,1.47755
700,-261,275,379.14,1.42533
701,-814,275,859.20,3.23007
702,-623,-153,641.51,2.41170
703,227,-273,355.05,1.33476
704,348,-284,449.18,1.68864
705,-29,28,40.31,0.15155
706,-609,-70,613.01,2.30455
707,-754,-207,781.90,2.93947
708,-524,182,554.71,2.08537
709,-31,22,38.01,0.14291
710,40,139,144.64,0.54376
711,-58,-88,105.39,0.39622
712,-86,-64,107.20,0.40301
713,-173,-103,201.34,0.75692
714,-125,-66,141.35,0.53141
715,-22,78,81.04,0.30467
716,-372,333,499.27,1.87696
717,-954,302,1000.66,3.76188
718,-771,-12,771.09,2.89885
719,-278,-46,281.78,1.05932
720,-54,-194,201.38,0.75705
721,-300,-139,330.64,1.24300
722,-888,85,892.06,3.35360
723,-992,-168,1006.13,3.78243
724,-696,136,709.16,2.66603
725,-509,115,521.83,1.96176
726,-256,-34,258.25,0.97086
727,-237,-483,538.01,2.02261
728,18,-563,563.29,2.11762
729,-264,-327,420.27,1.57995
730,-445,-351,566.77,2.13071
731,-206,-551,588.25,2.21146
732,653,-708,963.16,3.62089
733,1089,-388,1156.06,4.34607
734,1080,91,1083.83,4.07454
735,7,562,562.04,2.11295
736,-499,103,509.52,1.91549
737,124,-261,288.96,1.08631
738,938,-96,942.90,3.54474
739,1243,212,1260.95,4.74041
740,1160,243,1185.18,4.45556
741,914,-203,936.27,3.51982
742,636,78,640.77,2.40889
743,221,316,385.61,1.44967
744,28,101,104.81,0.39402
745,478,-92,486.77,1.82997
746,1460,415,1517.84,5.70615
747,3900,4060,5629.71,21.16431
748,6857,13109,14794.06,55.61678
749,4867,16447,17152.01,64.48125
750,-2263,13847,14030.70,52.74700
751,-8423,1010,8483.34,31.89225
752,-4678,-5411,7152.80,26.89024
753,1592,3037,3428.97,12.89086
754,1447,14348,14420.78,54.21346
755,-4522,15230,15887.14,59.72611
756,-6449,6923,9461.37,35.56906
757,-1289,-641,1439.58,5.41197
758,2195,-4598,5095.06,19.15436
759,4902,-2417,5465.48,20.54692
760,3778,2495,4527.51,17.02070
761,1604,3545,3890.99,14.62780
762,-543,1632,1719.96,6.46603
763,-2025,-1194,2350.80,8.83759
764,-382,-1763,1803.91,6.78162
765,1018,-623,1193.50,4.48686
766,897,-826,1219.38,4.58413
767,-36,-505,506.28,1.90331
768,-413,391,568.73,2.13807
769,293,361,464.94,1.74790
770,1108,-336,1157.83,4.35273
771,1605,-378,1648.91,6.19892
772,962,124,969.96,3.64646
773,-991,344,1049.01,3.94364
774,-1896,-105,1898.91,7.13874
775,-1173,-1219,1691.71,6.35982
776,86,-1494,1496.47,5.62584
777,-157,-1165,1175.53,4.41929
778,-722,-1066,1287.49,4.84020
779,-1570,-889,1804.22,6.78279
780,-1730,-408,1777.46,6.68218
781,-1090,-18,1090.15,4.09830
782,-652,-398,763.88,2.87172
783,-302,-1102,1142.63,4.29561
784,-78,-1254,1256.42,4.72340
785,-279,-1032,1069.05,4.01898
786,-111,-547,558.15,2.09830
787,-182,-838,857.54,3.22382
788,50,-697,698.79,2.62703
789,302,-92,315.70,1.18685
790,510,103,520.30,1.95600
791,493,-433,656.15,2.46674
792,-52,-797,798.69,3.00261
793,-447,-784,902.48,3.39277
794,-63,-407,411.85,1.54830
795,341,-327,472.45,1.77613
796,165,-444,473.67,1.78071
797,-337,-398,521.51,1.96057
798,-616,-1062,1227.72,4.61549
799,-364,-942,1009.88,3.79655
800,-303,-806,861.07,3.23711
801,-482,-885,1007.74,3.78851
802,-568,-762,950.40,3.57295
803,-591,-971,1136.72,4.27337
804,103,-1116,1120.74,4.21332
805,602,-704,926.29,3.48231
806,812,-965,1261.18,4.74127
807,713,-764,1045.02,3.92864
808,246,-639,684.72,2.57412
809,17,-637,637.23,2.39559
810,306,-389,494.93,1.86064
811,375,-339,505.52,1.90043
812,507,-562,756.90,2.84548
813,6,-379,379.05,1.42499
814,-413,-888,979.34,3.68174
815,-365,-846,921.38,3.46383
816,-313,-900,952.87,3.58223
817,-265,-799,841.80,3.16466
818,-287,-261,387.93,1.45838
819,-230,-86,245.55,0.92313
820,45,-20,49.24,0.18513
821,89,-183,203.49,0.76502
822,98,-711,717.72,2.69820
823,136,-732,744.53,2.79897
824,147,-626,643.03,2.41740
825,38,-659,660.09,2.48156
826,91,-517,524.95,1.97349
827,-173,-338,379.70,1.42745
828,-287,-345,448.77,1.68710
829,-314,-261,408.31,1.53500
830,-204,-972,993.18,3.73375
831,-37,-977,977.70,3.67557
832,-334,-875,936.58,3.52098
833,-188,-678,703.58,2.64505
834,53,-595,597.36,2.24570
835,242,-342,418.96,1.57504
836,-120,-47,128.88,0.48450
837,-412,132,432.63,1.62643
838,-473,-137,492.44,1.85128
839,-215,-283,355.41,1.33612
840,-80,-506,512.29,1.92588
841,-39,-268,270.82,1.01813
842,-177,-190,259.67,0.97621
843,60,-298,303.98,1.14278
844,396,-448,597.93,2.24786
845,510,-196,546.37,2.05401
846,416,-97,427.16,1.60586
# END
# FRAME,7,RX_TS,42327907002,FP_INDEX,751.7344,FP_INT,751,RXPACC,268,RXPWR,-67.36,STD_NOISE,140.00,NTM,13,NOISE_THRESH,1820.00,PEAK_IDX,753,PEAK_AMPL,17604,START,701,elapsed_s,0.9366
sample,real,imag,amplitude,amplitude_norm
701,112,49,122.25,0.45616
702,43,-221,225.14,0.84009
703,34,-416,417.39,1.55741
704,303,36,305.13,1.13855
705,286,805,854.30,3.18767
706,-46,842,843.26,3.14648
707,-301,38,303.39,1.13205
708,-274,-465,539.72,2.01389
709,-86,-60,104.86,0.39128
710,-41,591,592.42,2.21052
711,-231,867,897.25,3.34793
712,16,722,722.18,2.69469
713,-9,192,192.21,0.71720
714,78,14,79.25,0.29570
715,54,187,194.64,0.72627
716,-174,223,282.85,1.05542
717,101,130,164.62,0.61427
718,-95,211,231.40,0.86343
719,-11,75,75.80,0.28284
720,310,321,446.25,1.66512
721,233,888,918.06,3.42559
722,3,991,991.00,3.69778
723,-104,418,430.74,1.60725
724,-290,84,301.92,1.12657
725,-238,134,273.13,1.01914
726,-34,772,772.75,2.88339
727,-183,1056,1071.74,3.99903
728,-59,914,915.90,3.41755
729,73,581,585.57,2.18496
730,105,483,494.28,1.84433
731,-154,284,323.07,1.20547
732,-580,197,612.54,2.28561
733,-157,155,220.62,0.82322
734,-269,550,612.26,2.28455
735,-378,446,584.64,2.18148
736,-699,-216,731.61,2.72990
737,-476,-1033,1137.39,4.24401
738,-15,-1041,1041.11,3.88473
739,556,-292,628.01,2.34333
740,237,581,627.48,2.34134
741,-233,210,313.67,1.17041
742,-228,-645,684.11,2.55266
743,195,-1119,1135.86,4.23830
744,343,-1185,1233.64,4.60314
745,-78,-882,885.44,3.30389
746,67,-688,691.25,2.57931
747,394,-215,448.84,1.67479
748,270,10,270.19,1.00815
749,-9,-190,190.21,0.70975
750,197,-1021,1039.83,3.87997
751,2251,-2656,3481.57,12.99094
752,10842,-5779,12286.00,45.84329
753,16455,-5001,17198.17,64.17228
754,15270,891,15295.97,57.07452
755,3796,8277,9105.95,33.97743
756,-6311,6964,9398.19,35.06788
757,-887,-158,900.96,3.36180
758,12000,-1861,12143.45,45.31137
759,16160,3432,16520.42,61.64335
760,9905,7868,12649.68,47.20031
761,710,3063,3144.21,11.73213
762,-3645,-1322,3877.33,14.46766
763,-3547,-4783,5954.69,22.21898
764,2043,-4463,4908.38,18.31486
765,3914,-1914,4356.92,16.25718
766,2668,5,2668.00,9.95524
767,-453,1823,1878.44,7.00911
768,-2039,1115,2323.95,8.67146
769,-714,-846,1107.03,4.13070
770,-600,-1111,1262.66,4.71143
771,-567,-355,668.96,2.49614
772,389,649,756.65,2.82333
773,683,90,688.90,2.57054
774,43,-849,850.09,3.17197
775,-133,-1463,1469.03,5.48147
776,326,-1216,1258.94,4.69754
777,385,599,712.06,2.65693
778,-1,1913,1913.00,7.13806
779,-908,1531,1780.01,6.64182
780,-1431,98,1434.35,5.35206
781,-986,-146,996.75,3.71922
782,-1111,562,1245.06,4.64573
783,-795,1311,1533.21,5.72095
784,-540,1951,2024.35,7.55355
785,63,1378,1379.44,5.14716
786,-115,792,800.31,2.98621
787,-778,268,822.87,3.07039
788,-1387,148,1394.87,5.20475
789,-964,190,982.55,3.66622
790,-549,239,598.77,2.23421
791,-480,101,490.51,1.83026
792,-724,159,741.25,2.76587
793,-140,-170,220.23,0.82174
794,256,-317,407.46,1.52038
795,-19,-512,512.35,1.91176
796,-595,3,595.01,2.22018
797,-609,324,689.82,2.57397
798,-435,271,512.51,1.91235
799,-119,-217,247.49,0.92346
800,-206,-183,275.54,1.02815
801,-241,230,333.14,1.24305
802,-827,693,1078.97,4.02601
803,-857,397,944.49,3.52421
804,-728,349,807.33,3.01243
805,-670,403,781.86,2.91740
806,-772,656,1013.07,3.78013
807,-673,770,1022.66,3.81589
808,-1188,244,1212.80,4.52537
809,-647,-452,789.25,2.94496
810,-736,-785,1076.07,4.01518
811,-571,-836,1012.39,3.77758
812,-553,-303,630.57,2.35287
813,-548,-26,548.62,2.04708
814,-377,-161,409.94,1.52962
815,-146,-381,408.02,1.52245
816,-415,-345,539.68,2.01372
817,-287,-112,308.08,1.14955
818,-648,409,766.28,2.85925
819,-613,430,748.78,2.79395
820,-755,370,840.79,3.13727
821,-774,316,836.02,3.11948
822,-385,343,515.63,1.92399
823,-8,312,312.10,1.16456
824,81,141,162.61,0.60675
825,-45,100,109.66,0.40917
826,-433,57,436.74,1.62961
827,-708,-166,727.20,2.71343
828,-563,-237,610.85,2.27929
829,-616,-64,619.32,2.31088
830,-569,-89,575.92,2.14895
831,-255,114,279.32,1.04225
832,-301,377,482.42,1.80008
833,-181,389,429.05,1.60092
834,-758,374,845.25,3.15390
835,-1016,0,1016.00,3.79104
836,-829,180,848.32,3.16536
837,-587,153,606.61,2.26348
838,-602,127,615.25,2.29571
839,-251,-198,319.70,1.19289
840,-27,12,29.55,0.11025
841,162,409,439.91,1.64147
842,-51,558,560.33,2.09077
843,-274,345,440.57,1.64391
844,-498,67,502.49,1.87495
845,-350,19,350.52,1.30789
846,-177,183,254.59,0.94998
847,-142,35,146.25,0.54571
848,-494,-231,545.34,2.03486
849,-309,-474,565.82,2.11128
850,-18,-424,424.38,1.58351
# END
# FRAME,8,RX_TS,48717706708,FP_INDEX,747.7656,FP_INT,747,RXPACC,267,RXPWR,-67.38,STD_NOISE,132.00,NTM,13,NOISE_THRESH,1716.00,PEAK_IDX,749,PEAK_AMPL,17755,START,697,elapsed_s,1.0313
sample,real,imag,amplitude,amplitude_norm
697,-43,-9,43.93,0.16454
698,-109,232,256.33,0.96004
699,-192,399,442.79,1.65840
700,-160,-50,167.63,0.62783
701,245,-723,763.38,2.85911
702,483,-631,794.64,2.97617
703,281,178,332.63,1.24582
704,-45,566,567.79,2.12654
705,78,210,224.02,0.83902
706,349,-336,484.46,1.81444
707,705,-385,803.27,3.00852
708,379,-509,634.60,2.37679
709,57,-84,101.51,0.38020
710,41,103,110.86,0.41521
711,97,-22,99.46,0.37252
712,314,-27,315.16,1.18037
713,155,-81,174.89,0.65501
714,301,-4,301.03,1.12744
715,57,96,111.65,0.41815
716,-129,-332,356.18,1.33401
717,287,-836,883.89,3.31046
718,556,-771,950.57,3.56017
719,308,-378,487.59,1.82620
720,195,4,195.04,0.73049
721,332,64,338.11,1.26634
722,465,-591,752.00,2.81648
723,734,-741,1042.99,3.90635
724,627,-698,938.26,3.51408
725,287,-522,595.70,2.23107
726,270,-373,460.47,1.72459
727,399,57,403.05,1.50955
728,654,355,744.14,2.78703
729,301,115,322.22,1.20682
730,683,-117,692.95,2.59531
731,633,-78,637.79,2.38872
732,511,720,882.90,3.30676
733,-113,1182,1187.39,4.44715
734,-490,1047,1155.99,4.32954
735,-626,88,632.16,2.36762
736,92,-548,555.67,2.08116
737,305,17,305.47,1.14410
738,-156,728,744.53,2.78849
739,-767,901,1183.25,4.43166
740,-951,875,1292.29,4.84006
741,-412,921,1008.95,3.77885
742,-332,634,715.67,2.68040
743,-383,56,387.07,1.44971
744,-109,-81,135.80,0.50862
745,-8,240,240.13,0.89938
746,-656,824,1053.24,3.94471
747,-3103,1019,3266.03,12.23233
748,-11727,-969,11766.97,44.07103
749,-16463,-5220,17270.75,64.68446
750,-13548,-9386,16481.67,61.72909
751,-356,-9374,9380.76,35.13392
752,8519,-2532,8887.32,33.28582
753,925,618,1112.45,4.16649
754,-10710,-4889,11773.12,44.09409
755,-11880,-11730,16695.13,62.52856
756,-4186,-11843,12561.02,47.04502
757,904,-3074,3204.17,12.00063
758,2285,2881,3677.14,13.77207
759,791,5941,5993.43,22.44729
760,-3602,2928,4641.94,17.38554
761,-4093,-335,4106.69,15.38085
762,-2080,-1279,2441.77,9.14521
763,1295,-1097,1697.18,6.35649
764,2414,343,2438.25,9.13201
765,270,1173,1203.67,4.50814
766,-20,1294,1294.15,4.84702
767,533,879,1027.97,3.85009
768,219,-448,498.66,1.86765
769,-424,-258,496.33,1.85890
770,-290,724,779.92,2.92105
771,-438,1412,1478.37,5.53698
772,-766,1182,1408.50,5.27529
773,33,-437,438.24,1.64136
774,987,-1427,1735.08,6.49842
775,1722,-800,1898.76,7.11146
776,1483,798,1684.07,6.30738
777,905,785,1198.02,4.48696
778,1415,338,1454.81,5.44872
779,1579,-467,1646.61,6.16709
780,1852,-1187,2199.74,8.23874
781,851,-1028,1334.54,4.99826
782,698,-519,869.81,3.25771
783,899,252,933.65,3.49682
784,1291,688,1462.88,5.47896
785,1078,421,1157.29,4.33443
786,696,217,729.04,2.73050
787,558,311,638.82,2.39257
788,796,460,919.36,3.44328
789,123,405,423.27,1.58527
790,-232,267,353.71,1.32477
791,-162,615,635.98,2.38194
792,647,408,764.90,2.86480
793,946,208,968.60,3.62770
794,794,182,814.59,3.05091
795,124,465,481.25,1.80243
796,293,553,625.83,2.34392
797,461,178,494.17,1.85083
798,1178,35,1178.52,4.41393
799,1223,294,1257.84,4.71102
800,892,249,926.10,3.46855
801,941,182,958.44,3.58966
802,1117,74,1119.45,4.19269
803,1061,-27,1061.34,3.97507
804,1188,472,1278.33,4.78775
805,406,811,906.95,3.39681
806,327,1173,1217.73,4.56077
807,214,1279,1296.78,4.85685
808,438,744,863.35,3.23354
809,670,447,805.42,3.01657
810,369,479,604.65,2.26461
811,14,476,476.21,1.78354
812,266,693,742.30,2.78014
813,301,343,456.34,1.70915
814,975,143,985.43,3.69075
815,1040,238,1066.89,3.99582
816,990,251,1021.32,3.82518
817,900,274,940.78,3.52354
818,694,83,698.95,2.61777
819,320,-110,338.38,1.26734
820,27,18,32.45,0.12154
821,71,208,219.78,0.82316
822,452,383,592.45,2.21890
823,587,705,917.38,3.43590
824,440,639,775.84,2.90575
825,546,503,742.38,2.78044
826,521,524,738.93,2.76753
827,430,172,463.12,1.73455
828,641,28,641.61,2.40304
829,415,25,415.75,1.55712
830,879,191,899.51,3.36896
831,951,615,1132.53,4.24169
832,923,307,972.72,3.64313
833,758,298,814.47,3.05046
834,647,391,755.97,2.83135
835,188,452,489.54,1.83348
836,200,171,263.14,0.98553
837,93,-269,284.62,1.06600
838,433,-363,565.03,2.11621
839,482,-101,492.47,1.84445
840,468,241,526.41,1.97156
841,441,244,504.00,1.88764
842,352,59,356.91,1.33674
843,260,154,302.19,1.13178
844,317,570,652.22,2.44277
845,-4,636,636.01,2.38207
846,-183,472,506.23,1.89601
# END
# FRAME,9,RX_TS,55107505876,FP_INDEX,751.8906,FP_INT,751,RXPACC,270,RXPWR,-67.26,STD_NOISE,144.00,NTM,13,NOISE_THRESH,1872.00,PEAK_IDX,753,PEAK_AMPL,17844,START,701,elapsed_s,1.1415
sample,real,imag,amplitude,amplitude_norm
701,9,-46,46.87,0.17360
702,-270,66,277.95,1.02944
703,-409,106,422.51,1.56486
704,0,-229,229.00,0.84815
705,760,-456,886.30,3.28261
706,812,-134,822.98,3.04808
707,129,315,340.39,1.26071
708,-321,457,558.47,2.06841
709,-43,170,175.35,0.64946
710,564,-22,564.43,2.09048
711,894,154,907.17,3.35988
712,681,-148,696.90,2.58110
713,147,37,151.58,0.56143
714,4,99,99.08,0.36697
715,181,-1,181.00,0.67038
716,249,171,302.06,1.11875
717,119,31,122.97,0.45545
718,218,196,293.16,1.08576
719,45,88,98.84,0.36607
720,201,-318,376.20,1.39333
721,810,-409,907.40,3.36075
722,976,-153,987.92,3.65896
723,444,-30,445.01,1.64819
724,149,175,229.84,0.85126
725,236,222,324.01,1.20002
726,706,-195,732.43,2.71272
727,1031,-108,1036.64,3.83941
728,850,-132,860.19,3.18588
729,568,-231,613.18,2.27102
730,453,-91,462.05,1.71130
731,333,324,464.61,1.72079
732,278,655,711.55,2.63539
733,200,265,332.00,1.22964
734,587,362,689.65,2.55425
735,535,408,672.82,2.49193
736,-114,936,942.92,3.49228
737,-870,827,1200.35,4.44572
738,-1011,385,1081.83,4.00676
739,-400,-431,588.01,2.17783
740,482,-343,591.59,2.19106
741,213,232,314.95,1.16648
742,-581,440,728.81,2.69929
743,-1149,184,1163.64,4.30978
744,-1282,-17,1282.11,4.74857
745,-885,379,962.74,3.56570
746,-728,181,750.16,2.77838
747,-313,-230,388.42,1.43859
748,-15,-150,150.75,0.55833
749,-176,161,238.53,0.88345
750,-1060,96,1064.34,3.94199
751,-3171,-1582,3543.72,13.12490
752,-8529,-9109,12478.69,46.21738
753,-9531,-15464,18165.22,67.27859
754,-3604,-15802,16207.78,60.02880
755,6509,-6680,9326.82,34.54376
756,7911,3970,8851.26,32.78245
757,-81,567,572.76,2.12132
758,-4989,-11380,12425.56,46.02059
759,-951,-16488,16515.40,61.16816
760,4965,-11293,12336.25,45.68982
761,2590,-1315,2904.71,10.75817
762,-270,3892,3901.35,14.44946
763,-3524,4803,5957.13,22.06344
764,-4659,-416,4677.54,17.32420
765,-2737,-2972,4040.29,14.96404
766,-566,-2252,2322.04,8.60014
767,1820,160,1827.02,6.76674
768,1532,1876,2422.07,8.97061
769,-606,1076,1234.91,4.57375
770,-802,1049,1320.46,4.89058
771,-131,957,965.92,3.57750
772,428,-249,495.16,1.83393
773,-108,-480,492.00,1.82222
774,-661,409,777.30,2.87890
775,-1249,799,1482.70,5.49149
776,-1307,407,1368.90,5.07001
777,416,-427,596.14,2.20793
778,1768,-510,1840.09,6.81514
779,1792,529,1868.45,6.92019
780,537,1568,1657.41,6.13854
781,208,1228,1245.49,4.61293
782,885,1084,1399.39,5.18291
783,1552,583,1657.89,6.14033
784,2265,121,2268.23,8.40085
785,1507,-470,1578.59,5.84663
786,989,-224,1014.05,3.75574
787,582,611,843.83,3.12529
788,504,1385,1473.85,5.45871
789,550,1042,1178.25,4.36387
790,447,612,757.86,2.80689
791,318,634,709.28,2.62697
792,294,950,994.45,3.68316
793,-243,356,431.03,1.59640
794,-351,21,351.63,1.30232
795,-398,382,551.66,2.04318
796,307,864,916.92,3.39601
797,599,846,1036.59,3.83922
798,478,704,850.94,3.15163
799,-61,445,449.16,1.66356
800,-47,601,602.83,2.23272
801,288,405,496.96,1.84059
802,876,869,1233.91,4.57004
803,714,1060,1278.04,4.73350
804,553,831,998.18,3.69698
805,674,799,1045.31,3.87153
806,837,855,1196.49,4.43145
807,830,718,1097.46,4.06468
808,537,1213,1326.55,4.91315
809,-210,902,926.12,3.43009
810,-466,1087,1182.68,4.38029
811,-581,1023,1176.47,4.35731
812,-163,792,808.60,2.99481
813,191,733,757.48,2.80547
814,-18,580,580.28,2.14918
815,-276,403,488.45,1.80908
816,-188,776,798.45,2.95722
817,41,492,493.71,1.82854
818,615,763,980.00,3.62962
819,575,875,1047.02,3.87785
820,532,868,1018.06,3.77060
821,435,760,875.69,3.24328
822,397,464,610.66,2.26170
823,364,132,387.20,1.43406
824,103,139,173.00,0.64075
825,-24,236,237.22,0.87858
826,111,574,584.63,2.16531
827,16,887,887.14,3.28572
828,-35,722,722.85,2.67721
829,118,708,717.77,2.65839
830,52,719,720.88,2.66992
831,166,402,434.93,1.61083
832,436,412,599.87,2.22173
833,381,234,447.12,1.65600
834,542,722,902.80,3.34370
835,346,1021,1078.03,3.99272
836,537,816,976.84,3.61794
837,422,666,788.44,2.92015
838,240,721,759.90,2.81443
839,-127,470,486.86,1.80317
840,93,236,253.66,0.93949
841,270,-114,293.08,1.08548
842,561,7,561.04,2.07794
843,434,222,487.48,1.80549
844,218,398,453.79,1.68071
845,211,478,522.50,1.93518
846,289,291,410.12,1.51898
847,90,299,312.25,1.15649
848,-112,650,659.58,2.44288
849,-373,466,596.90,2.21073
850,-432,261,504.72,1.86934
# END
# FRAME,10,RX_TS,61497304975,FP_INDEX,746.6875,FP_INT,746,RXPACC,266,RXPWR,-67.30,STD_NOISE,132.00,NTM,13,NOISE_THRESH,1716.00,PEAK_IDX,748,PEAK_AMPL,16745,START,696,elapsed_s,1.2311
sample,real,imag,amplitude,amplitude_norm
696,132,46,139.79,0.52551
697,113,-227,253.57,0.95327
698,167,-317,358.30,1.34699
699,166,130,210.85,0.79265
700,14,862,862.11,3.24103
701,-312,779,839.16,3.15473
702,-276,-47,279.97,1.05253
703,-17,-418,418.35,1.57273
704,-99,-119,154.80,0.58194
705,-166,413,445.11,1.67335
706,-526,600,797.92,2.99970
707,-150,665,681.71,2.56281
708,-26,159,161.11,0.60568
709,-18,26,31.62,0.11888
710,7,182,182.13,0.68472
711,-235,98,254.62,0.95720
712,20,104,105.91,0.39814
713,-188,142,235.60,0.88572
714,29,19,34.67,0.13034
715,280,358,454.49,1.70862
716,-37,885,885.77,3.32997
717,-369,897,969.93,3.64636
718,-188,406,447.41,1.68201
719,-143,68,158.34,0.59528
720,-314,75,322.83,1.21366
721,-243,697,738.14,2.77498
722,-516,900,1037.43,3.90010
723,-341,827,894.54,3.36295
724,-60,601,603.99,2.27063
725,-94,408,418.69,1.57402
726,-321,6,321.06,1.20698
727,-581,-130,595.37,2.23822
728,-279,-4,279.03,1.04898
729,-519,314,606.59,2.28043
730,-545,288,616.42,2.31735
731,-645,-496,813.66,3.05887
732,-103,-1073,1077.93,4.05238
733,351,-988,1048.50,3.94172
734,682,-136,695.43,2.61439
735,82,564,569.93,2.14259
736,-253,124,281.75,1.05922
737,8,-662,662.05,2.48890
738,543,-997,1135.28,4.26797
739,837,-978,1287.27,4.83934
740,304,-913,962.28,3.61760
741,263,-660,710.47,2.67094
742,402,-145,427.35,1.60658
743,217,18,217.75,0.81859
744,60,-203,211.68,0.79579
745,549,-895,1049.96,3.94724
746,2930,-1631,3353.37,12.60664
747,11620,-1497,11716.03,44.04523
748,16507,1418,16567.79,62.28493
749,14802,6231,16060.03,60.37605
750,2411,9095,9409.14,35.37271
751,-7686,4334,8823.73,33.17191
752,-869,-369,944.10,3.54924
753,11643,2526,11913.86,44.78896
754,14130,9007,16756.58,62.99466
755,6634,10791,12667.11,47.62071
756,-248,3213,3222.56,12.11488
757,-2723,-2263,3540.61,13.31055
758,-1956,-5523,5859.14,22.02682
759,2993,-3611,4690.14,17.63209
760,4053,-540,4088.82,15.37149
761,2284,769,2409.98,9.06009
762,-1018,1360,1698.80,6.38647
763,-2480,324,2501.07,9.40254
764,-527,-929,1068.07,4.01529
765,-225,-1132,1154.14,4.33889
766,-630,-781,1003.42,3.77227
767,-65,481,485.37,1.82471
768,450,262,520.71,1.95757
769,174,-611,635.29,2.38832
770,119,-1286,1291.49,4.85524
771,379,-1172,1231.76,4.63066
772,187,577,606.55,2.28025
773,-406,1672,1720.59,6.46837
774,-1351,972,1664.33,6.25687
775,-1697,-535,1779.34,6.68923
776,-1199,-526,1309.30,4.92220
777,-1296,128,1302.31,4.89589
778,-1125,936,1463.46,5.50174
779,-1161,1767,2114.29,7.94845
780,-385,1500,1548.62,5.82188
781,-319,896,951.09,3.57554
782,-715,107,722.96,2.71790
783,-1253,-428,1324.08,4.97775
784,-968,-174,983.51,3.69742
785,-587,86,593.27,2.23032
786,-572,-62,575.35,2.16297
787,-926,-259,961.54,3.61481
788,-160,-416,445.71,1.67560
789,242,-283,372.36,1.39985
790,135,-599,614.02,2.30836
791,-723,-287,777.88,2.92436
792,-995,47,996.11,3.74477
793,-822,113,829.73,3.11929
794,-274,-182,328.94,1.23661
795,-370,-275,461.00,1.73310
796,-451,74,457.03,1.71816
797,-1148,388,1211.80,4.55562
798,-1198,75,1200.35,4.51258
799,-873,10,873.06,3.28217
800,-993,31,993.48,3.73490
801,-1082,237,1107.65,4.16411
802,-859,326,918.78,3.45406
803,-1182,-235,1205.13,4.53058
804,-468,-699,841.20,3.16242
805,-477,-924,1039.86,3.90924
806,-476,-1016,1121.98,4.21796
807,-516,-580,776.31,2.91846
808,-659,-250,704.83,2.64973
809,-449,-280,529.15,1.98929
810,-63,-355,360.55,1.35544
811,-397,-543,672.65,2.52876
812,-314,-320,448.33,1.68544
813,-828,34,828.70,3.11541
814,-931,-43,931.99,3.50373
815,-929,12,929.08,3.49277
816,-809,-5,809.02,3.04141
817,-553,125,566.95,2.13140
818,-241,216,323.63,1.21666
819,-56,7,56.44,0.21216
820,-106,-74,129.27,0.48600
821,-408,-231,468.85,1.76261
822,-656,-562,863.82,3.24743
823,-480,-563,739.84,2.78137
824,-533,-304,613.60,2.30677
825,-584,-319,665.44,2.50167
826,-363,-28,364.08,1.36872
827,-497,130,513.72,1.93128
828,-295,132,323.19,1.21498
829,-806,108,813.20,3.05716
830,-1005,-357,1066.52,4.00949
831,-806,-70,809.03,3.04148
832,-703,-105,710.80,2.67217
833,-622,-191,650.67,2.44611
834,-224,-352,417.23,1.56853
835,-105,-123,161.72,0.60798
836,5,347,347.04,1.30465
837,-245,452,514.13,1.93282
838,-353,273,446.25,1.67763
839,-381,-108,396.01,1.48876
840,-359,-155,391.03,1.47005
841,-300,33,301.81,1.13462
842,-179,-74,193.69,0.72817
843,-382,-475,609.55,2.29153
844,-93,-575,582.47,2.18975
845,41,-485,486.73,1.82981
# END
# FRAME,11,RX_TS,67887104068,FP_INDEX,750.1406,FP_INT,750,RXPACC,272,RXPWR,-67.16,STD_NOISE,164.00,NTM,13,NOISE_THRESH,2132.00,PEAK_IDX,752,PEAK_AMPL,17798,START,700,elapsed_s,1.3422
sample,real,imag,amplitude,amplitude_norm
700,292,-10,292.17,1.07416
701,453,-106,465.24,1.71043
702,255,130,286.23,1.05230
703,-489,480,685.22,2.51918
704,-801,255,840.61,3.09048
705,-327,-211,389.17,1.43076
706,453,-337,564.60,2.07575
707,159,-388,419.31,1.54160
708,-282,72,291.05,1.07002
709,-759,-70,762.22,2.80228
710,-727,94,733.05,2.69504
711,-173,115,207.74,0.76373
712,19,-54,57.25,0.21046
713,-66,75,99.90,0.36730
714,-122,-127,176.11,0.64745
715,-4,98,98.08,0.36059
716,-249,-79,261.23,0.96041
717,-3,-26,26.17,0.09622
718,-21,344,344.64,1.26706
719,-598,450,748.40,2.75147
720,-1005,347,1063.22,3.90889
721,-477,82,484.00,1.77940
722,-81,-68,105.76,0.38882
723,-141,-185,232.61,0.85517
724,-545,134,561.23,2.06335
725,-1011,100,1015.93,3.73505
726,-981,-37,981.70,3.60918
727,-547,302,624.83,2.29717
728,-466,147,488.64,1.79646
729,-194,-206,282.97,1.04033
730,-167,-659,679.83,2.49938
731,-20,-286,286.70,1.05404
732,-502,-383,631.42,2.32140
733,-520,-263,582.73,2.14237
734,-73,-752,755.53,2.77770
735,795,-789,1120.07,4.11789
736,1074,-521,1193.70,4.38860
737,850,316,906.84,3.33396
738,-303,470,559.20,2.05590
739,-371,-40,373.15,1.37188
740,477,-373,605.52,2.22619
741,1137,-207,1155.69,4.24886
742,1317,56,1318.19,4.84629
743,1037,-237,1063.74,3.91080
744,873,-251,908.37,3.33958
745,508,230,557.64,2.05015
746,114,269,292.16,1.07411
747,128,0,128.00,0.47059
748,852,-102,858.08,3.15472
749,2327,813,2464.93,9.06226
750,6999,6806,9762.56,35.89178
751,9685,14819,17703.16,65.08516
752,5585,16450,17372.24,63.86853
753,-4309,10237,11106.92,40.83426
754,-8924,-2511,9270.54,34.08286
755,-1990,-2923,3536.10,13.00038
756,4355,8429,9487.57,34.88079
757,2249,16358,16511.88,60.70544
758,-4351,13808,14477.29,53.22535
759,-3830,3516,5199.15,19.11452
760,-118,-2574,2576.70,9.47317
761,2795,-5416,6094.68,22.40690
762,4859,-796,4923.77,18.10209
763,3328,2911,4421.48,16.25545
764,1265,2807,3078.88,11.31940
765,-1400,460,1473.64,5.41778
766,-2231,-1680,2792.81,10.26767
767,79,-1075,1077.90,3.96286
768,857,-662,1082.91,3.98129
769,486,-1161,1258.62,4.62727
770,-289,-134,318.55,1.17116
771,-25,625,625.50,2.29963
772,564,179,591.72,2.17546
773,1054,-422,1135.34,4.17405
774,1380,-301,1412.45,5.19281
775,125,367,387.70,1.42538
776,-1401,629,1535.72,5.64604
777,-1848,-292,1870.93,6.87841
778,-1073,-1621,1943.96,7.14690
779,-342,-1605,1641.03,6.03321
780,-629,-1282,1427.99,5.24998
781,-926,-645,1128.49,4.14888
782,-1908,-276,1927.86,7.08772
783,-1511,464,1580.64,5.81117
784,-1057,343,1111.26,4.08551
785,-452,-352,572.89,2.10623
786,-250,-1379,1401.48,5.15249
787,-306,-1082,1124.44,4.13396
788,-475,-656,809.91,2.97763
789,-285,-381,475.80,1.74927
790,-434,-932,1028.10,3.77976
791,177,-493,523.81,1.92578
792,322,-51,326.01,1.19858
793,583,-142,600.04,2.20604
794,-52,-670,672.01,2.47064
795,-417,-783,887.12,3.26146
796,-615,-684,919.83,3.38172
797,77,-295,304.88,1.12090
798,188,-356,402.59,1.48012
799,-211,-234,315.08,1.15839
800,-795,-532,956.58,3.51685
801,-713,-1083,1296.63,4.76703
802,-393,-789,881.46,3.24066
803,-406,-735,839.68,3.08706
804,-791,-844,1156.73,4.25267
805,-684,-489,840.82,3.09125
806,-635,-1043,1221.10,4.48932
807,205,-909,931.83,3.42584
808,542,-907,1056.60,3.88458
809,685,-1092,1289.07,4.73921
810,382,-870,950.17,3.49327
811,-14,-719,719.14,2.64388
812,-44,-666,667.45,2.45387
813,306,-339,456.68,1.67897
814,250,-595,645.39,2.37275
815,191,-531,564.31,2.07466
816,-359,-567,671.10,2.46727
817,-472,-895,1011.83,3.71998
818,-502,-836,975.14,3.58508
819,-379,-704,799.54,2.93947
820,-497,-566,753.24,2.76925
821,-389,-113,405.08,1.48927
822,-76,-12,76.94,0.28287
823,87,-208,225.46,0.82890
824,-11,-332,332.18,1.22126
825,1,-847,847.00,3.11397
826,157,-747,763.32,2.80632
827,2,-748,748.00,2.75001
828,1,-805,805.00,2.95956
829,-37,-382,383.79,1.41098
830,-319,-337,464.04,1.70602
831,-290,-206,355.72,1.30779
832,-474,-465,664.00,2.44119
833,-270,-1169,1199.78,4.41094
834,-280,-794,841.92,3.09531
835,-339,-666,747.31,2.74747
836,-234,-598,642.15,2.36086
837,133,-397,418.69,1.53929
838,101,-235,255.79,0.94039
839,-207,167,265.97,0.97782
840,-526,83,532.51,1.95775
841,-419,-177,454.85,1.67225
842,-73,-383,389.89,1.43344
843,-111,-470,482.93,1.77548
844,-128,-218,252.80,0.92941
845,-17,-156,156.92,0.57692
846,101,-482,492.47,1.81055
847,393,-519,651.01,2.39341
848,482,-258,546.71,2.00995
849,302,-78,311.91,1.14673
# END
# FRAME,12,RX_TS,74276970183,FP_INDEX,752.3125,FP_INT,752,RXPACC,284,RXPWR,-67.37,STD_NOISE,136.00,NTM,13,NOISE_THRESH,1768.00,PEAK_IDX,760,PEAK_AMPL,17527,START,702,elapsed_s,1.4385
sample,real,imag,amplitude,amplitude_norm
702,-125,15,125.90,0.44330
703,-257,297,392.76,1.38295
704,-314,197,370.68,1.30522
705,144,-361,388.66,1.36852
706,653,-677,940.61,3.31199
707,675,-185,699.89,2.46441
708,-77,416,423.07,1.48967
709,-97,513,522.09,1.83835
710,92,-22,94.59,0.33308
711,770,-201,795.80,2.80212
712,871,-191,891.70,3.13978
713,420,-368,558.41,1.96624
714,154,-17,154.94,0.54555
715,-34,-20,39.45,0.13889
716,142,127,190.51,0.67080
717,143,48,150.84,0.53113
718,291,50,295.26,1.03966
719,161,63,172.89,0.60876
720,16,-53,55.36,0.19494
721,199,-569,602.80,2.12252
722,813,-727,1090.64,3.84029
723,777,-314,838.05,2.95087
724,286,-122,310.93,1.09484
725,240,192,307.35,1.08222
726,438,39,439.73,1.54836
727,862,-474,983.73,3.46383
728,1064,-267,1096.99,3.86264
729,661,-466,808.75,2.84771
730,441,-382,583.44,2.05437
731,371,-103,385.03,1.35575
732,550,349,651.38,2.29361
733,402,570,697.50,2.45598
734,528,191,561.48,1.97706
735,698,65,701.02,2.46838
736,602,336,689.42,2.42754
737,-44,1069,1069.91,3.76727
738,-652,1084,1264.97,4.45413
739,-898,572,1064.70,3.74895
740,-170,-455,485.72,1.71029
741,464,-279,541.42,1.90641
742,94,358,370.14,1.30329
743,-694,667,962.56,3.38930
744,-1157,558,1284.53,4.52299
745,-1116,538,1238.91,4.36236
746,-701,739,1018.59,3.58658
747,-578,219,618.10,2.17640
748,-295,-142,327.40,1.15281
749,13,-13,18.38,0.06474
750,-262,393,472.33,1.66312
751,-1540,447,1603.56,5.64634
752,-5775,-1646,6004.99,21.14434
753,-13582,-8532,16039.51,56.47713
754,-14006,-13596,19519.71,68.73139
755,-5364,-14188,15168.12,53.40887
756,7506,-5343,9213.45,32.44173
757,7269,2490,7683.65,27.05510
758,-3239,-2060,3838.58,13.51614
759,-9399,-12704,15802.94,55.64414
760,-4147,-16482,16995.70,59.84402
761,2334,-9624,9902.98,34.86963
762,1593,182,1603.36,5.64564
763,572,5478,5507.78,19.39360
764,-3223,4948,5905.12,20.79267
765,-4828,-165,4830.82,17.00992
766,-3205,-2279,3932.67,13.84742
767,-189,-1741,1751.23,6.16630
768,2484,79,2485.26,8.75090
769,1249,1468,1927.44,6.78676
770,-585,1111,1255.61,4.42115
771,-213,1218,1236.48,4.35382
772,638,421,764.39,2.69150
773,303,-596,668.60,2.35422
774,-614,-239,658.88,2.31998
775,-998,804,1281.57,4.51257
776,-1370,1018,1706.82,6.00992
777,-930,244,961.48,3.38548
778,680,-818,1063.73,3.74553
779,1708,-769,1873.13,6.59554
780,1833,541,1911.17,6.72947
781,921,1376,1655.78,5.83022
782,766,930,1204.85,4.24242
783,1308,702,1484.48,5.22703
784,2130,50,2130.59,7.50207
785,2105,-562,2178.73,7.67159
786,1164,-575,1298.28,4.57139
787,870,178,888.02,3.12684
788,756,1033,1280.09,4.50735
789,693,1138,1332.40,4.69155
790,775,658,1016.66,3.57977
791,448,345,565.45,1.99101
792,676,722,989.07,3.48264
793,408,764,866.12,3.04971
794,-179,311,358.83,1.26350
795,-478,248,538.51,1.89615
796,-89,715,720.52,2.53703
797,634,723,961.61,3.38593
798,914,502,1042.78,3.67178
799,337,393,517.70,1.82290
800,-75,456,462.13,1.62721
801,154,370,400.77,1.41116
802,686,87,691.49,2.43484
803,1216,623,1366.30,4.81093
804,869,700,1115.87,3.92911
805,730,645,974.13,3.43003
806,1108,602,1260.98,4.44007
807,996,424,1082.49,3.81160
808,1168,708,1365.83,4.80926
809,626,1223,1373.90,4.83768
810,-38,1038,1038.70,3.65738
811,-138,1343,1350.07,4.75377
812,-104,1009,1014.35,3.57164
813,320,812,872.78,3.07317
814,543,685,874.11,3.07786
815,20,605,605.33,2.13145
816,-189,595,624.30,2.19823
817,-107,832,838.85,2.95370
818,247,425,491.56,1.73085
819,927,760,1198.72,4.22084
820,883,653,1098.22,3.86699
821,790,645,1019.87,3.59107
822,710,515,877.11,3.08842
823,535,120,548.29,1.93061
824,287,-24,288.00,1.01409
825,49,88,100.72,0.35466
826,117,293,315.50,1.11090
827,363,843,917.83,3.23181
828,243,943,973.81,3.42889
829,272,772,818.52,2.88210
830,485,739,883.94,3.11246
831,306,658,725.67,2.55518
832,439,344,557.72,1.96382
833,505,263,569.38,2.00486
834,518,144,537.64,1.89311
835,792,882,1185.41,4.17397
836,561,955,1107.59,3.89995
837,786,692,1047.22,3.68738
838,607,609,859.84,3.02762
839,333,664,742.82,2.61557
840,67,466,470.79,1.65772
841,193,-7,193.13,0.68002
842,461,-315,558.34,1.96599
843,627,-30,627.72,2.21027
844,395,309,501.50,1.76586
845,293,537,611.73,2.15399
846,277,294,403.94,1.42231
847,335,151,367.46,1.29387
848,160,419,448.51,1.57926
849,-52,748,749.81,2.64016
850,-334,560,652.04,2.29591
851,-312,286,423.25,1.49031
# END
# FRAME,13,RX_TS,80666769186,FP_INDEX,754.3594,FP_INT,754,RXPACC,265,RXPWR,-67.48,STD_NOISE,160.00,NTM,13,NOISE_THRESH,2080.00,PEAK_IDX,756,PEAK_AMPL,16942,START,704,elapsed_s,1.5367
sample,real,imag,amplitude,amplitude_norm
704,94,166,190.77,0.71987
705,387,101,399.96,1.50929
706,352,167,389.61,1.47021
707,-375,164,409.29,1.54450
708,-911,-37,911.75,3.44057
709,-553,-362,660.95,2.49415
710,372,-210,427.18,1.61201
711,454,-168,484.09,1.82674
712,24,-15,28.30,0.10680
713,-515,-331,612.20,2.31018
714,-636,-493,804.70,3.03661
715,-556,-22,556.44,2.09976
716,-23,-10,25.08,0.09464
717,60,119,133.27,0.50291
718,-35,-102,107.84,0.40694
719,-85,-129,154.49,0.58297
720,-124,-177,216.11,0.81552
721,-71,-136,153.42,0.57893
722,18,102,103.58,0.39085
723,-387,169,422.29,1.59355
724,-924,-147,935.62,3.53064
725,-698,-374,791.88,2.98824
726,-225,-174,284.43,1.07332
727,43,-196,200.66,0.75721
728,-166,-196,256.85,0.96925
729,-841,-240,874.57,3.30028
730,-877,-520,1019.57,3.84745
731,-726,-131,737.72,2.78386
732,-517,-24,517.56,1.95304
733,-270,-153,310.34,1.17108
734,1,-515,515.00,1.94340
735,260,-470,537.12,2.02688
736,-83,-398,406.56,1.53420
737,-284,-500,575.03,2.16991
738,-24,-581,581.50,2.19432
739,912,-504,1042.00,3.93207
740,1217,-17,1217.12,4.59290
741,992,515,1117.72,4.21780
742,-103,576,585.14,2.20806
743,-483,-57,486.35,1.83529
744,211,-209,296.99,1.12071
745,951,196,970.99,3.66410
746,1073,659,1259.21,4.75174
747,1033,667,1229.63,4.64009
748,965,233,992.73,3.74615
749,595,325,677.97,2.55840
750,12,297,297.24,1.12167
751,-14,65,66.49,0.25091
752,450,134,469.53,1.77180
753,1190,976,1539.05,5.80774
754,2125,5083,5509.31,20.78985
755,1538,14169,14252.23,53.78199
756,-1927,16487,16599.23,62.63861
757,-7312,12211,14232.84,53.70885
758,-8232,-1961,8462.35,31.93339
759,-2389,-6751,7161.24,27.02354
760,415,3318,3343.85,12.61831
761,-3912,13971,14508.36,54.74854
762,-9758,12727,16037.30,60.51812
763,-8535,4002,9426.68,35.57236
764,-1094,-1125,1569.22,5.92160
765,3551,-3478,4970.52,18.75669
766,5444,-520,5468.78,20.63690
767,2661,3590,4468.67,16.86291
768,215,3755,3761.15,14.19302
769,-1073,1257,1652.69,6.23656
770,-1380,-1818,2282.44,8.61297
771,294,-1868,1890.99,7.13583
772,1158,-241,1182.81,4.46344
773,1276,-449,1352.69,5.10450
774,446,-293,533.63,2.01371
775,-459,445,639.30,2.41246
776,107,495,506.43,1.91107
777,1088,143,1097.36,4.14097
778,1709,313,1737.43,6.55633
779,1166,521,1277.10,4.81926
780,-566,6,566.03,2.13597
781,-1300,-883,1571.52,5.93028
782,-570,-1686,1779.75,6.71602
783,532,-1556,1644.43,6.20541
784,325,-1236,1278.01,4.82270
785,-127,-1367,1372.89,5.18070
786,-1178,-1354,1794.71,6.77251
787,-1866,-947,2092.55,7.89641
788,-1354,-432,1421.25,5.36319
789,-539,-530,755.92,2.85254
790,431,-870,970.91,3.66380
791,514,-884,1022.57,3.85876
792,36,-852,852.76,3.21796
793,48,-486,488.36,1.84289
794,291,-886,932.56,3.51911
795,414,-746,853.18,3.21954
796,350,-30,351.28,1.32560
797,417,317,523.81,1.97665
798,602,-194,632.49,2.38674
799,264,-839,879.55,3.31908
800,-121,-990,997.37,3.76365
801,65,-466,470.51,1.77551
802,379,-160,411.39,1.55241
803,188,-203,276.68,1.04408
804,-247,-397,467.57,1.76440
805,-284,-1027,1065.54,4.02092
806,45,-1038,1038.97,3.92066
807,134,-947,956.43,3.60918
808,-121,-1126,1132.48,4.27352
809,-260,-904,940.65,3.54961
810,-142,-1051,1060.55,4.00207
811,456,-992,1091.79,4.11995
812,868,-424,966.02,3.64537
813,1089,-577,1232.42,4.65063
814,884,-387,965.00,3.64151
815,442,-560,713.42,2.69214
816,242,-695,735.93,2.77708
817,483,-304,570.71,2.15361
818,619,-160,639.34,2.41262
819,756,-397,853.90,3.22226
820,197,-403,448.57,1.69273
821,-15,-1076,1076.10,4.06077
822,36,-924,924.70,3.48944
823,137,-765,777.17,2.93272
824,18,-698,698.23,2.63484
825,-205,-365,418.63,1.57973
826,-197,-134,238.25,0.89907
827,108,-62,124.53,0.46993
828,219,-139,259.39,0.97882
829,402,-599,721.39,2.72223
830,490,-667,827.64,3.12317
831,478,-625,786.83,2.96919
832,365,-676,768.25,2.89904
833,381,-470,605.03,2.28313
834,-61,-458,462.04,1.74356
835,-150,-529,549.86,2.07493
836,-222,-413,468.88,1.76938
837,128,-1029,1036.93,3.91295
838,247,-963,994.17,3.75159
839,72,-940,942.75,3.55756
840,118,-662,672.43,2.53749
841,289,-498,575.78,2.17276
842,328,-220,394.95,1.49037
843,-44,-92,101.98,0.38483
844,-469,-31,470.02,1.77367
845,-449,-278,528.10,1.99281
846,-10,-354,354.14,1.33638
847,181,-528,558.16,2.10627
848,55,-361,365.17,1.37798
849,-72,-276,285.24,1.07637
850,203,-308,368.88,1.39200
851,583,-356,683.10,2.57773
852,534,-28,534.73,2.01786
853,412,103,424.68,1.60257
# END
# FRAME,14,RX_TS,87056568162,FP_INDEX,746.4844,FP_INT,746,RXPACC,262,RXPWR,-67.38,STD_NOISE,132.00,NTM,13,NOISE_THRESH,1716.00,PEAK_IDX,748,PEAK_AMPL,17165,START,696,elapsed_s,1.6332
sample,real,imag,amplitude,amplitude_norm
696,1,-64,64.01,0.24430
697,-295,-59,300.84,1.14825
698,-312,-140,341.97,1.30523
699,256,-62,263.40,1.00535
700,859,152,872.34,3.32956
701,585,399,708.11,2.70273
702,-260,208,332.96,1.27085
703,-389,223,448.39,1.71140
704,32,118,122.26,0.46665
705,523,391,653.00,2.49237
706,604,550,816.89,3.11792
707,594,119,605.80,2.31222
708,102,21,104.14,0.39748
709,81,-37,89.05,0.33989
710,131,144,194.67,0.74302
711,75,230,241.92,0.92336
712,116,192,224.32,0.85619
713,100,203,226.29,0.86372
714,111,87,141.03,0.53829
715,446,-73,451.93,1.72494
716,902,215,927.27,3.53920
717,748,399,847.76,3.23574
718,320,228,392.92,1.49968
719,17,282,282.51,1.07829
720,191,261,323.42,1.23444
721,777,313,837.67,3.19723
722,824,635,1040.29,3.97057
723,835,293,884.91,3.37754
724,559,158,580.90,2.21718
725,307,215,374.80,1.43053
726,23,504,504.52,1.92567
727,-228,558,602.78,2.30070
728,90,410,419.76,1.60214
729,242,599,646.04,2.46579
730,56,631,633.48,2.41786
731,-724,540,903.20,3.44734
732,-1143,72,1145.27,4.37124
733,-951,-393,1029.00,3.92750
734,118,-487,501.09,1.91256
735,577,128,591.03,2.25583
736,-102,293,310.25,1.18415
737,-854,-182,873.18,3.33274
738,-969,-625,1153.08,4.40106
739,-846,-690,1091.70,4.16681
740,-905,-175,921.76,3.51819
741,-546,-243,597.63,2.28104
742,2,-312,312.01,1.19086
743,84,-81,116.69,0.44539
744,-298,-51,302.33,1.15394
745,-981,-801,1266.48,4.83388
746,-1584,-4380,4657.62,17.77719
747,-499,-13579,13588.17,51.86323
748,2908,-16465,16719.83,63.81615
749,7765,-12485,14702.74,56.11731
750,8284,1538,8425.56,32.15863
751,2372,7263,7640.52,29.16229
752,-214,-1991,2002.47,7.64301
753,4466,-13107,13846.97,52.85103
754,10415,-12314,16127.83,61.55659
755,9421,-3892,10193.28,38.90564
756,1535,1135,1909.04,7.28643
757,-3338,3221,4638.65,17.70477
758,-5433,635,5469.98,20.87780
759,-2578,-3543,4381.66,16.72389
760,27,-3667,3667.10,13.99656
761,1195,-1282,1752.58,6.68925
762,1383,1904,2353.28,8.98197
763,-124,2090,2093.68,7.99113
764,-879,216,905.15,3.45477
765,-1014,498,1129.69,4.31179
766,-376,663,762.20,2.90915
767,580,-114,591.10,2.25610
768,118,-582,593.84,2.26657
769,-778,-265,821.89,3.13700
770,-1343,-276,1371.07,5.23308
771,-823,-522,974.58,3.71978
772,703,66,706.09,2.69501
773,1447,815,1660.73,6.33868
774,597,1678,1781.04,6.79785
775,-612,1579,1693.45,6.46356
776,-428,1183,1258.04,4.80169
777,-38,1242,1242.58,4.74268
778,941,1431,1712.67,6.53691
779,1825,1364,2278.40,8.69619
780,1518,699,1671.20,6.37864
781,652,771,1009.73,3.85391
782,-355,916,982.39,3.74956
783,-585,914,1085.18,4.14192
784,-130,989,997.51,3.80728
785,51,652,653.99,2.49615
786,-260,852,890.79,3.39996
787,-453,776,898.55,3.42956
788,-307,3,307.01,1.17181
789,-220,-241,326.31,1.24547
790,-538,217,580.11,2.21418
791,-281,900,942.85,3.59865
792,41,1047,1047.80,3.99925
793,-42,580,581.52,2.21954
794,-307,176,353.87,1.35065
795,-194,284,343.94,1.31273
796,214,463,510.06,1.94681
797,213,1211,1229.59,4.69309
798,-5,1105,1105.01,4.21760
799,-81,894,897.66,3.42619
800,77,1039,1041.85,3.97652
801,271,945,983.09,3.75225
802,214,1098,1118.66,4.26969
803,-385,1154,1216.53,4.64324
804,-751,549,930.27,3.55065
805,-1034,534,1163.75,4.44179
806,-978,411,1060.85,4.04905
807,-575,636,857.39,3.27249
808,-316,702,769.84,2.93834
809,-434,356,561.33,2.14248
810,-503,145,523.48,1.99802
811,-659,435,789.62,3.01383
812,-234,430,489.55,1.86850
813,-23,1146,1146.23,4.37493
814,-33,963,963.57,3.67773
815,-35,848,848.72,3.23940
816,-43,816,817.13,3.11883
817,191,530,563.37,2.15025
818,206,249,323.17,1.23346
819,60,93,110.68,0.42242
820,-132,175,219.20,0.83664
821,-381,625,731.97,2.79379
822,-548,683,875.67,3.34224
823,-474,545,722.29,2.75683
824,-326,599,681.97,2.60292
825,-327,429,539.42,2.05884
826,-47,440,442.50,1.68894
827,120,548,560.98,2.14116
828,195,537,571.31,2.18057
829,-95,1039,1043.33,3.98219
830,-306,922,971.45,3.70783
831,-52,925,926.46,3.53611
832,-119,689,699.20,2.66871
833,-300,547,623.87,2.38117
834,-370,239,440.48,1.68121
835,73,173,187.77,0.71668
836,473,135,491.89,1.87744
837,390,420,573.15,2.18759
838,56,453,456.45,1.74217
839,-206,549,586.38,2.23808
840,-96,351,363.89,1.38890
841,41,282,284.96,1.08765
842,-106,230,253.25,0.96661
843,-519,364,633.92,2.41955
844,-604,59,606.87,2.31632
845,-414,-56,417.77,1.59454
# END
# FRAME,15,RX_TS,93446367116,FP_INDEX,747.2656,FP_INT,747,RXPACC,273,RXPWR,-67.13,STD_NOISE,168.00,NTM,13,NOISE_THRESH,2184.00,PEAK_IDX,749,PEAK_AMPL,18291,START,697,elapsed_s,1.7343
sample,real,imag,amplitude,amplitude_norm
697,49,-146,154.00,0.56411
698,-125,-351,372.59,1.36481
699,68,-247,256.19,0.93842
700,439,467,640.94,2.34778
701,414,913,1002.48,3.67209
702,-159,539,561.96,2.05847
703,-265,-352,440.60,1.61392
704,-341,-132,365.66,1.33940
705,97,228,247.78,0.90760
706,-66,772,774.82,2.83815
707,20,854,854.23,3.12906
708,246,382,454.36,1.66431
709,-38,45,58.90,0.21574
710,37,43,56.73,0.20779
711,-180,173,249.66,0.91450
712,-12,164,164.44,0.60234
713,-123,325,347.50,1.27288
714,-38,98,105.11,0.38502
715,198,51,204.46,0.74895
716,437,499,663.30,2.42968
717,409,1042,1119.39,4.10035
718,43,785,786.18,2.87977
719,-8,264,264.12,0.96748
720,-252,161,299.04,1.09539
721,55,539,541.80,1.98461
722,204,1032,1051.97,3.85337
723,-27,1015,1015.36,3.71926
724,315,634,707.94,2.59319
725,195,518,553.49,2.02743
726,-62,284,290.69,1.06479
727,-527,437,684.62,2.50775
728,-432,128,450.56,1.65042
729,-327,495,593.26,2.17310
730,-273,548,612.24,2.24262
731,-661,266,712.51,2.60994
732,-824,-644,1045.81,3.83079
733,-585,-932,1100.39,4.03072
734,129,-904,913.16,3.34490
735,532,132,548.13,2.00781
736,75,426,432.55,1.58444
737,-323,-242,403.60,1.47839
738,-229,-991,1017.11,3.72569
739,-8,-1262,1262.03,4.62280
740,-93,-1052,1056.10,3.86851
741,-342,-769,841.62,3.08286
742,142,-475,495.77,1.81601
743,262,-48,266.36,0.97568
744,23,0,23.00,0.08425
745,-167,-560,584.37,2.14055
746,435,-1798,1849.87,6.77609
747,5091,-5879,7776.95,28.48699
748,13731,-9899,16927.21,62.00444
749,16495,-7224,18007.53,65.96165
750,12522,2092,12695.55,46.50384
751,-341,9124,9130.37,33.44458
752,-3926,3865,5509.24,20.18036
753,5850,-3569,6852.76,25.10167
754,15805,-3544,16197.47,59.33138
755,15086,3117,15404.64,56.42727
756,5501,4704,7238.00,26.51281
757,-1685,721,1832.78,6.71346
758,-5481,-1942,5814.87,21.29989
759,-1939,-4700,5084.26,18.62367
760,2460,-3739,4475.68,16.39444
761,2987,-1660,3417.28,12.51749
762,1029,1030,1455.93,5.33309
763,-1334,2302,2660.59,9.74577
764,-1485,99,1488.30,5.45163
765,-702,-983,1207.93,4.42465
766,-1048,-687,1253.11,4.59013
767,-268,227,351.22,1.28651
768,574,176,600.38,2.19918
769,223,-499,546.56,2.00206
770,-530,-1174,1288.09,4.71828
771,-417,-1776,1824.30,6.68241
772,231,-663,702.09,2.57176
773,664,1126,1307.20,4.78828
774,43,1994,1994.46,7.30573
775,-1452,1302,1950.26,7.14380
776,-1551,211,1565.29,5.73365
777,-1137,509,1245.73,4.56312
778,-794,993,1271.41,4.65718
779,-653,2212,2306.37,8.44825
780,169,1942,1949.34,7.14044
781,299,1172,1209.54,4.43055
782,-223,535,579.62,2.12313
783,-1102,264,1133.18,4.15085
784,-939,273,977.88,3.58198
785,-771,581,965.40,3.53627
786,-469,195,507.92,1.86052
787,-1000,360,1062.83,3.89314
788,-667,-47,668.65,2.44928
789,-125,-286,312.12,1.14331
790,-52,-516,518.61,1.89968
791,-607,-47,608.82,2.23010
792,-781,494,924.12,3.38505
793,-791,820,1139.33,4.17338
794,-346,159,380.78,1.39482
795,-279,-119,303.32,1.11106
796,-210,215,300.54,1.10088
797,-276,800,846.27,3.09990
798,-1036,945,1402.26,5.13647
799,-887,611,1077.07,3.94533
800,-769,449,890.48,3.26185
801,-856,880,1227.65,4.49690
802,-526,804,960.78,3.51933
803,-1076,783,1330.74,4.87450
804,-1065,12,1065.07,3.90135
805,-853,-379,933.41,3.41908
806,-1171,-536,1287.84,4.71737
807,-868,-364,941.23,3.44774
808,-767,47,768.44,2.81479
809,-714,242,753.90,2.76153
810,-409,-157,438.10,1.60476
811,-567,-222,608.91,2.23044
812,-681,-325,754.58,2.76402
813,-460,307,553.04,2.02577
814,-940,692,1167.25,4.27563
815,-785,697,1049.78,3.84534
816,-692,478,841.04,3.08073
817,-621,547,827.56,3.03134
818,-115,470,483.86,1.77240
819,-61,268,274.85,1.00679
820,-74,43,85.59,0.31350
821,-240,20,240.83,0.88217
822,-754,119,763.33,2.79609
823,-754,-27,754.48,2.76367
824,-680,146,695.50,2.54761
825,-742,194,766.94,2.80931
826,-441,91,450.29,1.64942
827,-402,468,616.95,2.25989
828,-340,387,515.14,1.88696
829,-316,519,607.63,2.22576
830,-1037,435,1124.54,4.11920
831,-822,339,889.16,3.25700
832,-747,553,929.42,3.40446
833,-623,324,702.21,2.57221
834,-523,-33,524.04,1.91956
835,-395,-42,397.23,1.45504
836,72,274,283.30,1.03774
837,165,521,546.50,2.00184
838,-143,510,529.67,1.94018
839,-347,238,420.78,1.54131
840,-519,260,580.48,2.12631
841,-224,200,300.29,1.09997
842,-146,215,259.89,0.95197
843,-407,-12,407.18,1.49149
844,-543,-281,611.40,2.23956
845,-274,-404,488.15,1.78810
846,-126,-245,275.50,1.00916
# END
# FRAME,16,RX_TS,99836166011,FP_INDEX,746.6250,FP_INT,746,RXPACC,278,RXPWR,-67.26,STD_NOISE,140.00,NTM,13,NOISE_THRESH,1820.00,PEAK_IDX,754,PEAK_AMPL,17728,START,696,elapsed_s,1.8281
sample,real,imag,amplitude,amplitude_norm
696,-28,-28,39.60,0.14244
697,-206,230,308.77,1.11067
698,-350,212,409.20,1.47194
699,-34,-200,202.87,0.72975
700,582,-586,825.91,2.97088
701,750,-274,798.48,2.87224
702,169,321,362.77,1.30493
703,-137,498,516.50,1.85792
704,40,229,232.47,0.83621
705,572,-151,591.60,2.12804
706,855,-58,856.96,3.08261
707,653,-319,726.75,2.61422
708,169,-40,173.67,0.62471
709,40,37,54.49,0.19600
710,147,-9,147.28,0.52977
711,212,182,279.41,1.00506
712,161,-14,161.61,0.58132
713,287,68,294.95,1.06096
714,95,76,121.66,0.43762
715,122,-403,421.06,1.51461
716,706,-648,958.30,3.44712
717,927,-402,1010.41,3.63458
718,444,-87,452.44,1.62749
719,169,82,187.84,0.67569
720,326,134,352.47,1.26786
721,741,-392,838.30,3.01546
722,1089,-329,1137.61,4.09213
723,858,-307,911.27,3.27795
724,442,-311,540.45,1.94406
725,377,-183,419.07,1.50744
726,313,275,416.65,1.49873
727,452,568,725.90,2.61114
728,291,194,349.74,1.25805
729,660,199,689.35,2.47967
730,616,236,659.66,2.37288
731,135,938,947.67,3.40887
732,-579,1080,1225.41,4.40797
733,-879,690,1117.47,4.01968
734,-592,-308,667.33,2.40046
735,338,-467,576.48,2.07368
736,275,177,327.04,1.17640
737,-457,617,767.81,2.76192
738,-1042,497,1154.46,4.15273
739,-1245,314,1283.99,4.61866
740,-808,656,1040.77,3.74377
741,-662,437,793.23,2.85334
742,-430,-103,442.16,1.59052
743,-137,-103,171.40,0.61655
744,-136,180,225.60,0.81152
745,-1043,422,1125.14,4.04726
746,-3598,-665,3658.94,13.16165
747,-10943,-6964,12970.99,46.65823
748,-13620,-13240,18994.79,68.32658
749,-7825,-15187,17084.37,61.45456
750,4715,-8140,9406.96,33.83797
751,8893,2116,9141.27,32.88228
752,40,575,576.39,2.07334
753,-7962,-10301,13019.37,46.83228
754,-5122,-16451,17229.92,61.97814
755,2119,-12445,12624.11,45.41047
756,2252,-1919,2958.73,10.64290
757,733,4026,4092.18,14.72008
758,-2260,5846,6267.64,22.54547
759,-4748,754,4807.50,17.29315
760,-3521,-2244,4175.28,15.01900
761,-1147,-2021,2323.80,8.35900
762,1877,-264,1895.47,6.81825
763,2051,1441,2506.61,9.01657
764,-287,1099,1135.86,4.08581
765,-600,1174,1318.44,4.74258
766,26,1080,1080.31,3.88602
767,375,-349,512.28,1.84272
768,-215,-435,485.23,1.74544
769,-636,469,790.23,2.84254
770,-1122,931,1457.96,5.24446
771,-1426,427,1488.56,5.35453
772,69,-472,477.02,1.71589
773,1408,-763,1601.45,5.76060
774,1959,468,2014.13,7.24506
775,1251,1691,2103.45,7.56635
776,766,1320,1526.16,5.48977
777,1131,957,1481.56,5.32934
778,1545,253,1565.58,5.63158
779,2227,-467,2275.44,8.18503
780,1386,-841,1621.20,5.83164
781,965,-326,1018.58,3.66395
782,719,693,998.60,3.59210
783,829,1383,1612.43,5.80011
784,830,906,1228.71,4.41983
785,568,389,688.44,2.47639
786,464,481,668.32,2.40404
787,561,761,945.43,3.40084
788,-70,398,404.11,1.45363
789,-403,101,415.46,1.49447
790,-381,584,697.29,2.50825
791,431,742,858.09,3.08667
792,857,584,1037.07,3.73045
793,657,464,804.33,2.89327
794,91,463,471.86,1.69733
795,197,481,519.78,1.86971
796,488,190,523.68,1.88375
797,1189,560,1314.28,4.72761
798,992,827,1291.51,4.64571
799,766,706,1041.73,3.74721
800,788,621,1003.29,3.60895
801,955,491,1073.83,3.86269
802,1012,427,1098.40,3.95106
803,838,1045,1339.50,4.81836
804,-10,1013,1013.05,3.64406
805,-213,1245,1263.09,4.54349
806,-407,1308,1369.86,4.92755
807,28,962,962.41,3.46190
808,370,648,746.19,2.68415
809,158,657,675.73,2.43069
810,-208,516,556.35,2.00124
811,-82,822,826.08,2.97151
812,68,504,508.57,1.82938
813,767,598,972.57,3.49845
814,850,681,1089.16,3.91783
815,828,632,1041.64,3.74690
816,593,616,855.05,3.07571
817,480,392,619.73,2.22924
818,312,-18,312.52,1.12417
819,71,-9,71.57,0.25744
820,3,199,199.02,0.71591
821,187,505,538.51,1.93709
822,192,909,929.06,3.34193
823,118,836,844.29,3.03700
824,285,700,755.79,2.71868
825,204,698,727.20,2.61583
826,282,384,476.42,1.71376
827,539,335,634.62,2.28282
828,484,134,502.21,1.80650
829,752,643,989.42,3.55907
830,638,1075,1250.07,4.49665
831,692,651,950.09,3.41758
832,543,523,753.91,2.71190
833,401,609,729.17,2.62290
834,-22,510,510.47,1.83624
835,112,153,189.61,0.68206
836,389,-336,514.02,1.84899
837,630,-185,656.60,2.36187
838,553,89,560.12,2.01481
839,320,411,520.88,1.87369
840,265,379,462.46,1.66351
841,352,128,374.55,1.34730
842,89,280,293.80,1.05685
843,-48,696,697.65,2.50954
844,-263,602,656.94,2.36310
845,-357,337,490.94,1.76596
# END
# FRAME,17,RX_TS,106225964866,FP_INDEX,712.4375,FP_INT,712,RXPACC,293,RXPWR,-94.91,STD_NOISE,168.00,NTM,13,NOISE_THRESH,2184.00,PEAK_IDX,714,PEAK_AMPL,18863,START,662,elapsed_s,1.9406
sample,real,imag,amplitude,amplitude_norm
662,108,10,108.46,0.37018
663,262,-281,384.19,1.31124
664,317,-205,377.51,1.28843
665,38,409,410.76,1.40192
666,-512,818,965.02,3.29359
667,-637,325,715.12,2.44068
668,-63,-407,411.85,1.40562
669,221,-517,562.25,1.91896
670,-21,-85,87.56,0.29882
671,-554,348,654.23,2.23287
672,-806,327,869.81,2.96863
673,-365,543,654.27,2.23302
674,-79,47,91.92,0.31373
675,-15,-3,15.30,0.05221
676,-192,28,194.03,0.66222
677,-194,85,211.80,0.72288
678,-134,81,156.58,0.53440
679,-192,25,193.62,0.66082
680,-41,28,49.65,0.16945
681,-67,509,513.39,1.75219
682,-657,834,1061.70,3.62355
683,-777,450,897.90,3.06451
684,-229,196,301.42,1.02875
685,-130,-60,143.18,0.48866
686,-262,58,268.34,0.91585
687,-687,612,920.06,3.14014
688,-968,491,1085.41,3.70446
689,-647,625,899.57,3.07022
690,-340,511,613.78,2.09480
691,-245,267,362.37,1.23677
692,-385,-199,433.39,1.47914
693,-430,-439,614.51,2.09730
694,-344,-71,351.25,1.19881
695,-633,-18,633.26,2.16128
696,-520,-209,560.43,1.91273
697,-47,-955,956.16,3.26333
698,563,-1160,1289.41,4.40070
699,976,-739,1224.21,4.17820
700,563,349,662.40,2.26074
701,-287,529,601.84,2.05406
702,-118,-175,211.07,0.72036
703,617,-655,899.84,3.07113
704,1072,-625,1240.89,4.23512
705,1198,-558,1321.58,4.51050
706,730,-703,1013.46,3.45892
707,603,-324,684.53,2.33629
708,388,131,409.52,1.39767
709,124,168,208.81,0.71265
710,324,-269,421.11,1.43725
711,1441,-521,1532.29,5.22967
712,5366,804,5425.90,18.51842
713,13907,6720,15445.49,52.71497
714,15780,12136,19907.06,67.94217
715,8346,14389,16634.27,56.77226
716,-5921,7505,9559.46,32.62614
717,-8416,-1431,8536.79,29.13581
718,2369,992,2568.31,8.76557
719,10488,11218,15357.14,52.41344
720,6686,16473,17778.14,60.67625
721,-924,11341,11378.58,38.83474
722,-1776,812,1952.82,6.66493
723,-1122,-4964,5089.22,17.36936
724,2339,-5688,6150.14,20.99025
725,5068,-672,5112.36,17.44832
726,3812,2151,4377.00,14.93857
727,675,2007,2117.47,7.22686
728,-2422,583,2491.18,8.50232
729,-1862,-998,2112.59,7.21021
730,329,-958,1012.92,3.45706
731,325,-1091,1138.38,3.88525
732,-388,-673,776.84,2.65131
733,-263,442,514.33,1.75538
734,361,191,408.41,1.39390
735,747,-786,1084.35,3.70084
736,1223,-1194,1709.20,5.83345
737,1210,-552,1329.96,4.53913
738,-217,734,765.41,2.61230
739,-1375,1015,1709.05,5.83293
740,-1677,-316,1706.51,5.82428
741,-939,-1382,1670.82,5.70246
742,-737,-1000,1242.24,4.23974
743,-1206,-618,1355.12,4.62500
744,-1925,214,1936.86,6.61044
745,-2152,1012,2378.08,8.11630
746,-1321,1149,1750.78,5.97537
747,-976,494,1093.90,3.73344
748,-788,-671,1034.98,3.53236
749,-785,-1196,1430.61,4.88262
750,-863,-706,1114.99,3.80543
751,-527,-314,613.45,2.09370
752,-581,-484,756.19,2.58084
753,-447,-648,787.22,2.68675
754,140,-264,298.82,1.01988
755,444,-119,459.67,1.56884
756,118,-560,572.30,1.95323
757,-621,-659,905.50,3.09043
758,-921,-427,1015.17,3.46474
759,-573,-336,664.25,2.26706
760,-71,-438,443.72,1.51439
761,-203,-588,622.06,2.12306
762,-523,-182,553.76,1.88997
763,-1332,-496,1421.35,4.85103
764,-1045,-554,1182.77,4.03675
765,-719,-515,884.41,3.01847
766,-936,-447,1037.26,3.54013
767,-1038,-254,1068.63,3.64719
768,-1211,-371,1266.56,4.32271
769,-843,-1013,1317.88,4.49790
770,23,-1001,1001.26,3.41728
771,197,-1297,1311.88,4.47739
772,290,-1183,1218.03,4.15709
773,-157,-763,778.99,2.65865
774,-458,-578,737.46,2.51693
775,-193,-583,614.12,2.09596
776,86,-583,589.31,2.01129
777,-67,-942,944.38,3.22314
778,-237,-451,509.48,1.73884
779,-973,-500,1093.95,3.73362
780,-973,-443,1069.10,3.64881
781,-796,-431,905.19,3.08940
782,-670,-421,791.29,2.70065
783,-400,-68,405.74,1.38477
784,-219,148,264.32,0.90212
785,-19,59,61.98,0.21155
786,-1,-164,164.00,0.55974
787,-293,-545,618.77,2.11184
788,-296,-857,906.68,3.09446
789,-300,-761,818.00,2.79180
790,-398,-697,802.63,2.73935
791,-175,-636,659.64,2.25132
792,-360,-349,501.40,1.71126
793,-568,-193,599.89,2.04742
794,-501,-8,501.06,1.71012
795,-825,-670,1062.79,3.62727
796,-706,-945,1179.60,4.02595
797,-794,-534,956.87,3.26575
798,-548,-477,726.52,2.47959
799,-340,-594,684.42,2.33592
800,-45,-497,499.03,1.70318
801,-184,-55,192.04,0.65544
802,-304,417,516.05,1.76125
803,-520,267,584.54,1.99502
804,-419,-34,420.38,1.43473
805,-441,-413,604.19,2.06209
806,-305,-240,388.10,1.32459
807,-302,-125,326.85,1.11552
808,-131,-344,368.10,1.25631
809,-2,-771,771.00,2.63141
810,295,-633,698.37,2.38350
811,353,-348,495.69,1.69179
# END
# FRAME,18,RX_TS,112615763736,FP_INDEX,752.9531,FP_INT,752,RXPACC,297,RXPWR,-67.39,STD_NOISE,148.00,NTM,13,NOISE_THRESH,1924.00,PEAK_IDX,755,PEAK_AMPL,18540,START,702,elapsed_s,2.0397
sample,real,imag,amplitude,amplitude_norm
702,-6,-75,75.24,0.25333
703,-218,143,260.72,0.87783
704,-362,323,485.15,1.63351
705,-208,3,208.02,0.70041
706,408,-588,715.69,2.40972
707,834,-565,1007.36,3.39180
708,435,190,474.68,1.59826
709,-278,557,622.52,2.09603
710,49,394,397.04,1.33682
711,321,-180,368.02,1.23914
712,914,-149,926.07,3.11807
713,843,-279,887.97,2.98980
714,297,-209,363.17,1.22278
715,70,112,132.08,0.44470
716,102,-135,169.20,0.56970
717,303,96,317.84,1.07018
718,105,-31,109.48,0.36862
719,387,101,399.96,1.34668
720,82,100,129.32,0.43543
721,-43,-264,267.48,0.90060
722,590,-644,873.40,2.94076
723,997,-626,1177.24,3.96376
724,635,-273,691.20,2.32726
725,238,80,251.09,0.84541
726,260,251,361.39,1.21679
727,593,-228,635.32,2.13913
728,1080,-466,1176.25,3.96043
729,1027,-324,1076.90,3.62591
730,558,-490,742.61,2.50036
731,468,-301,556.44,1.87353
732,355,149,385.00,1.29630
733,639,545,839.85,2.82777
734,295,385,485.03,1.63308
735,778,271,823.85,2.77390
736,718,182,740.71,2.49397
737,399,720,823.17,2.77160
738,-456,1111,1200.94,4.04357
739,-886,961,1307.10,4.40102
740,-883,47,884.25,2.97727
741,151,-520,541.48,1.82317
742,462,-27,462.79,1.55821
743,-225,583,624.91,2.10408
744,-1020,616,1191.58,4.01204
745,-1387,491,1471.34,4.95402
746,-910,702,1149.31,3.86972
747,-673,657,940.52,3.16673
748,-528,7,528.05,1.77793
749,-132,-180,223.21,0.75156
750,-55,126,137.48,0.46290
751,-756,538,927.89,3.12421
752,-2704,82,2705.24,9.10856
753,-9638,-4579,10670.44,35.92741
754,-15300,-12018,19455.65,65.50724
755,-11802,-15574,19540.64,65.79340
756,642,-11954,11971.23,40.30716
757,9972,-661,9993.88,33.64944
758,3153,2182,3834.39,12.91040
759,-7359,-7118,10238.20,34.47206
760,-8164,-16470,18382.38,61.89352
761,-425,-15565,15570.80,52.42694
762,2838,-4882,5646.96,19.01334
763,1263,2754,3029.80,10.20135
764,-824,6622,6673.07,22.46825
765,-4621,2629,5316.51,17.90071
766,-4418,-1629,4708.75,15.85439
767,-2269,-2260,3202.49,10.78280
768,1159,-806,1411.71,4.75322
769,2510,1149,2760.49,9.29458
770,-29,1542,1542.27,5.19284
771,-824,1367,1596.14,5.37421
772,-52,1574,1574.86,5.30255
773,615,51,617.11,2.07781
774,49,-619,620.94,2.09069
775,-489,104,499.94,1.68329
776,-952,914,1319.73,4.44355
777,-1528,917,1782.04,6.00014
778,-427,46,429.47,1.44603
779,1197,-766,1421.11,4.78490
780,2033,-89,2034.95,6.85167
781,1492,1322,1993.43,6.71187
782,613,1277,1416.51,4.76939
783,1076,966,1446.01,4.86871
784,1532,396,1582.35,5.32779
785,2567,-177,2573.09,8.66362
786,1803,-872,2002.80,6.74342
787,1177,-500,1278.80,4.30572
788,743,417,852.02,2.86875
789,874,1310,1574.79,5.30234
790,803,1100,1361.91,4.58557
791,913,622,1104.74,3.71967
792,425,471,634.40,2.13603
793,704,889,1133.99,3.81815
794,63,497,500.98,1.68679
795,-274,44,277.51,0.93438
796,-507,196,543.57,1.83019
797,322,747,813.45,2.73887
798,855,779,1156.66,3.89448
799,1059,556,1196.08,4.02722
800,213,338,399.52,1.34517
801,-17,434,434.33,1.46240
802,289,305,420.17,1.41473
803,1026,278,1063.00,3.57911
804,1198,771,1424.66,4.79682
805,899,669,1120.61,3.77309
806,847,598,1036.83,3.49100
807,1180,574,1312.20,4.41819
808,1058,313,1103.33,3.71491
809,1224,983,1569.86,5.28573
810,281,1137,1171.21,3.94346
811,-144,1175,1183.79,3.98583
812,-315,1321,1358.04,4.57252
813,-10,1008,1008.05,3.39411
814,415,794,895.91,3.01654
815,433,740,857.37,2.88678
816,-121,550,563.15,1.89614
817,-89,829,833.76,2.80729
818,-108,783,790.41,2.66132
819,636,515,818.36,2.75544
820,1077,792,1336.86,4.50121
821,1020,576,1171.40,3.94410
822,777,632,1001.58,3.37231
823,684,414,799.53,2.69203
824,498,26,498.68,1.67905
825,217,41,220.84,0.74357
826,106,205,230.78,0.77705
827,251,463,526.66,1.77326
828,409,1022,1100.80,3.70640
829,289,909,953.84,3.21157
830,369,800,881.00,2.96633
831,278,894,936.23,3.15228
832,137,522,539.68,1.81710
833,589,394,708.63,2.38596
834,552,133,567.80,1.91177
835,782,321,845.32,2.84619
836,786,1098,1350.33,4.54658
837,696,789,1052.11,3.54246
838,739,663,992.82,3.34283
839,604,640,880.01,2.96299
840,160,511,535.46,1.80291
841,159,217,269.02,0.90578
842,324,-371,492.56,1.65846
843,579,-301,652.57,2.19719
844,621,-91,627.63,2.11324
845,407,341,530.97,1.78778
846,426,501,657.63,2.21424
847,367,199,417.48,1.40566
848,202,218,297.20,1.00067
849,60,651,653.76,2.20121
850,-204,672,702.28,2.36459
851,-339,386,513.73,1.72973
# END
# FRAME,19,RX_TS,119005562547,FP_INDEX,752.1250,FP_INT,752,RXPACC,297,RXPWR,-67.35,STD_NOISE,148.00,NTM,13,NOISE_THRESH,1924.00,PEAK_IDX,753,PEAK_AMPL,18475,START,702,elapsed_s,2.1265
sample,real,imag,amplitude,amplitude_norm
702,-189,115,221.24,0.74491
703,-265,369,454.30,1.52962
704,-265,107,285.79,0.96224
705,216,-598,635.81,2.14079
706,646,-690,945.21,3.18251
707,522,-63,525.79,1.77033
708,-173,499,528.14,1.77824
709,141,487,507.00,1.70707
710,233,-83,247.34,0.83280
711,762,-292,816.03,2.74758
712,804,-357,879.70,2.96194
713,268,-354,444.00,1.49496
714,64,71,95.59,0.32184
715,64,-46,78.82,0.26537
716,231,187,297.20,1.00069
717,113,-10,113.44,0.38196
718,318,-34,319.81,1.07681
719,142,-19,143.27,0.48238
720,-56,-222,228.95,0.77089
721,317,-639,713.31,2.40171
722,785,-825,1138.79,3.83432
723,633,-374,735.23,2.47553
724,219,-7,219.11,0.73775
725,282,183,336.17,1.13190
726,458,-278,535.77,1.80393
727,853,-643,1068.20,3.59664
728,1005,-510,1127.00,3.79461
729,449,-604,752.61,2.53403
730,417,-392,572.32,1.92701
731,341,-17,341.42,1.14957
732,744,431,859.82,2.89503
733,344,409,534.43,1.79943
734,621,106,629.98,2.12115
735,652,-7,652.04,2.19541
736,620,576,846.27,2.84940
737,-122,1209,1215.14,4.09138
738,-660,1173,1345.93,4.53175
739,-874,431,974.49,3.28112
740,-108,-499,510.55,1.71904
741,420,-235,481.27,1.62045
742,-16,504,504.25,1.69782
743,-815,829,1162.53,3.91423
744,-1228,707,1416.98,4.77098
745,-882,773,1172.80,3.94881
746,-569,813,992.34,3.34120
747,-541,190,573.39,1.93062
748,-177,-155,235.27,0.79217
749,-5,53,53.24,0.17924
750,-474,588,755.26,2.54297
751,-2157,593,2237.03,7.53208
752,-8624,-1840,8818.11,29.69059
753,-16446,-8191,18372.90,61.86161
754,-15307,-12654,19860.21,66.86940
755,-3926,-13009,13588.51,45.75255
756,8937,-4149,9853.13,33.17552
757,5381,1778,5667.14,19.08127
758,-6701,-3963,7785.16,26.21267
759,-11607,-13598,17878.14,60.19577
760,-4715,-15974,16655.33,56.07854
761,1691,-7311,7504.01,25.26604
762,1734,1561,2333.13,7.85564
763,910,6376,6440.61,21.68556
764,-3598,4314,5617.49,18.91411
765,-4912,-332,4923.21,16.57645
766,-3066,-2013,3667.77,12.34939
767,575,-1471,1579.39,5.31780
768,2912,107,2913.97,9.81133
769,923,1427,1699.49,5.72218
770,-387,1273,1330.53,4.47988
771,342,1376,1417.86,4.77395
772,783,85,787.60,2.65185
773,34,-577,578.00,1.94613
774,-671,102,678.71,2.28521
775,-850,1065,1362.62,4.58794
776,-1204,1250,1735.54,5.84359
777,-556,299,631.30,2.12558
778,833,-998,1299.96,4.37697
779,1778,-943,2012.59,6.77641
780,1783,506,1853.41,6.24043
781,961,1174,1517.17,5.10831
782,1135,886,1439.87,4.84804
783,1349,381,1401.77,4.71977
784,2126,-523,2189.38,7.37167
785,1698,-1283,2128.21,7.16570
786,1125,-971,1486.09,5.00367
787,887,83,890.87,2.99958
788,1006,1155,1531.69,5.15719
789,852,987,1303.87,4.39013
790,919,496,1044.31,3.51619
791,531,346,633.78,2.13394
792,827,759,1122.50,3.77947
793,254,583,635.93,2.14117
794,-171,191,256.36,0.86318
795,-430,280,513.13,1.72770
796,266,641,694.00,2.33670
797,783,648,1016.36,3.42210
798,1074,418,1152.48,3.88039
799,354,308,469.23,1.57991
800,74,397,403.84,1.35972
801,339,212,399.83,1.34623
802,965,90,969.19,3.26326
803,1411,663,1559.00,5.24917
804,965,676,1178.22,3.96707
805,847,573,1022.61,3.44314
806,1228,417,1296.87,4.36657
807,1061,185,1077.01,3.62629
808,1324,717,1505.68,5.06962
809,571,1156,1289.33,4.34119
810,135,1205,1212.54,4.08262
811,-29,1429,1429.29,4.81244
812,-57,1059,1060.53,3.57082
813,412,803,902.53,3.03881
814,565,637,851.47,2.86689
815,42,549,550.60,1.85389
816,145,779,792.38,2.66795
817,147,840,852.77,2.87126
818,573,393,694.82,2.33947
819,1139,594,1284.58,4.32520
820,1104,442,1189.19,4.00402
821,834,507,976.01,3.28625
822,766,381,855.52,2.88054
823,461,-56,464.39,1.56360
824,230,-15,230.49,0.77606
825,126,164,206.81,0.69634
826,221,347,411.40,1.38519
827,588,874,1053.39,3.54675
828,449,840,952.47,3.20697
829,471,738,875.49,2.94778
830,443,822,933.77,3.14402
831,210,556,594.34,2.00113
832,543,334,637.50,2.14646
833,540,158,562.64,1.89441
834,726,133,738.08,2.48512
835,973,879,1311.25,4.41498
836,810,656,1042.32,3.50950
837,1012,544,1148.95,3.86851
838,658,498,825.21,2.77848
839,230,545,591.54,1.99173
840,20,327,327.61,1.10307
841,150,-302,337.20,1.13535
842,481,-436,649.20,2.18585
843,654,-64,657.12,2.21254
844,460,350,578.01,1.94617
845,494,439,660.88,2.22517
846,325,218,391.34,1.31765
847,292,194,350.57,1.18037
848,255,555,610.78,2.05649
849,-44,827,828.17,2.78845
850,-291,574,643.55,2.16684
851,-204,282,348.05,1.17189
# END
# FRAME,20,RX_TS,125395361333,FP_INDEX,750.1562,FP_INT,750,RXPACC,287,RXPWR,-67.38,STD_NOISE,144.00,NTM,13,NOISE_THRESH,1872.00,PEAK_IDX,752,PEAK_AMPL,18445,START,700,elapsed_s,2.2307
sample,real,imag,amplitude,amplitude_norm
700,74,283,292.51,1.01922
701,364,276,456.81,1.59166
702,136,300,329.39,1.14769
703,-597,-49,599.01,2.08713
704,-768,-523,929.17,3.23752
705,-78,-535,540.66,1.88382
706,597,150,615.56,2.14479
707,449,-106,461.34,1.60747
708,-145,-127,192.75,0.67162
709,-353,-684,769.72,2.68194
710,-382,-701,798.33,2.78163
711,-382,-201,431.65,1.50402
712,35,-9,36.14,0.12592
713,-89,76,117.03,0.40778
714,95,-184,207.08,0.72152
715,-33,-40,51.86,0.18068
716,-34,-254,256.27,0.89291
717,-2,-39,39.05,0.13607
718,-184,157,241.88,0.84278
719,-624,-158,643.69,2.24283
720,-854,-621,1055.92,3.67915
721,-367,-523,638.92,2.22620
722,-16,-160,160.80,0.56027
723,158,-232,280.69,0.97802
724,-293,-372,473.53,1.64994
725,-714,-704,1002.70,3.49374
726,-588,-890,1066.70,3.71672
727,-632,-343,719.08,2.50550
728,-389,-278,478.13,1.66595
729,-47,-268,272.09,0.94805
730,302,-679,743.13,2.58931
731,366,-315,482.89,1.68254
732,18,-602,602.27,2.09850
733,-82,-625,630.36,2.19636
734,487,-558,740.63,2.58059
735,1171,29,1171.36,4.08139
736,1158,520,1269.40,4.42298
737,527,876,1022.30,3.56203
738,-495,249,554.10,1.93066
739,-271,-296,401.32,1.39832
740,568,43,569.63,1.98476
741,873,684,1109.05,3.86427
742,837,1110,1390.20,4.84392
743,870,904,1254.64,4.37156
744,912,547,1063.46,3.70545
745,302,486,572.19,1.99369
746,-127,270,298.38,1.03964
747,53,100,113.18,0.39434
748,645,474,800.44,2.78898
749,826,1969,2135.24,7.43985
750,-827,8403,8443.60,29.42020
751,-6045,16469,17543.38,61.12674
752,-10511,15928,19083.56,66.49324
753,-12007,5505,13208.83,46.02378
754,-4928,-8083,9466.79,32.98532
755,1199,-5416,5547.13,19.32798
756,-2973,6782,7405.02,25.80145
757,-11748,12720,17315.13,60.33148
758,-14872,6501,16230.82,56.55337
759,-7308,-745,7345.88,25.59538
760,1263,-1723,2136.33,7.44365
761,6085,-1532,6274.89,21.86373
762,4633,3059,5551.77,19.34415
763,180,4849,4852.34,16.90711
764,-1552,3383,3722.01,12.96869
765,-1421,-114,1425.57,4.96713
766,-290,-2538,2554.51,8.90075
767,1047,-953,1415.77,4.93301
768,1088,373,1150.16,4.00753
769,1118,-180,1132.40,3.94564
770,-94,-565,572.77,1.99570
771,-577,-34,578.00,2.01394
772,239,390,457.41,1.59375
773,1165,797,1411.54,4.91824
774,1334,1366,1909.32,6.65269
775,381,784,871.67,3.03719
776,-981,-626,1163.72,4.05476
777,-905,-1646,1878.39,6.54491
778,458,-1799,1856.38,6.46824
779,1143,-1006,1522.66,5.30543
780,685,-1161,1348.02,4.69692
781,91,-1353,1356.06,4.72494
782,-710,-1969,2093.10,7.29303
783,-1265,-1346,1847.14,6.43604
784,-884,-884,1250.16,4.35597
785,36,-735,735.88,2.56405
786,1051,-1061,1493.43,5.20358
787,914,-915,1293.30,4.50627
788,384,-921,997.85,3.47682
789,305,-387,492.74,1.71687
790,636,-811,1030.64,3.59108
791,604,-277,664.49,2.31529
792,261,211,335.62,1.16941
793,465,402,614.68,2.14174
794,716,-354,798.73,2.78304
795,496,-848,982.41,3.42301
796,222,-1043,1066.36,3.71556
797,265,-301,401.03,1.39732
798,296,-154,333.66,1.16259
799,146,-291,325.57,1.13440
800,12,-851,851.08,2.96545
801,540,-1359,1462.35,5.09531
802,569,-1002,1152.29,4.01494
803,442,-874,979.41,3.41257
804,261,-1174,1202.66,4.19046
805,46,-934,935.13,3.25830
806,460,-1279,1359.21,4.73591
807,977,-610,1151.79,4.01322
808,1149,-156,1159.54,4.04022
809,1471,-150,1478.63,5.15201
810,1073,-92,1076.94,3.75239
811,717,-400,821.03,2.86073
812,589,-561,813.41,2.83419
813,587,-48,588.96,2.05212
814,753,-42,754.17,2.62777
815,881,-115,888.47,3.09573
816,340,-501,605.48,2.10967
817,466,-1152,1242.68,4.32990
818,299,-1071,1111.95,3.87440
819,441,-953,1050.09,3.65885
820,348,-831,900.92,3.13911
821,-41,-315,317.66,1.10682
822,-23,-89,91.92,0.32029
823,69,-22,72.42,0.25234
824,284,-86,296.74,1.03392
825,741,-470,877.49,3.05744
826,708,-359,793.82,2.76591
827,627,-520,814.57,2.83823
828,661,-538,852.27,2.96958
829,433,-254,502.00,1.74913
830,107,-451,463.52,1.61505
831,11,-454,454.13,1.58235
832,126,-581,594.51,2.07145
833,882,-1024,1351.48,4.70899
834,594,-768,970.91,3.38295
835,447,-879,986.13,3.43599
836,454,-597,750.02,2.61330
837,520,-210,560.80,1.95402
838,374,-49,377.20,1.31427
839,-316,-112,335.26,1.16816
840,-451,-313,548.97,1.91279
841,-140,-479,499.04,1.73882
842,262,-342,430.82,1.50112
843,357,-528,637.36,2.22078
844,88,-322,333.81,1.16310
845,96,-291,306.43,1.06769
846,473,-197,512.38,1.78531
847,764,-8,764.04,2.66217
848,547,212,586.65,2.04406
849,292,187,346.75,1.20818
# END
# FRAME,21,RX_TS,131785160067,FP_INDEX,746.6250,FP_INT,746,RXPACC,268,RXPWR,-67.55,STD_NOISE,136.00,NTM,13,NOISE_THRESH,1768.00,PEAK_IDX,748,PEAK_AMPL,17696,START,696,elapsed_s,2.3438
sample,real,imag,amplitude,amplitude_norm
696,1,103,103.00,0.38435
697,292,172,338.89,1.26452
698,359,256,440.93,1.64525
699,-184,209,278.45,1.03901
700,-823,-164,839.18,3.13127
701,-573,-470,741.10,2.76530
702,219,-191,290.59,1.08429
703,534,21,534.41,1.99408
704,176,-50,182.96,0.68270
705,-306,-341,458.17,1.70958
706,-348,-623,713.61,2.66271
707,-526,-266,589.43,2.19938
708,-72,-64,96.33,0.35945
709,42,-36,55.32,0.20641
710,-63,-109,125.90,0.46976
711,24,-169,170.70,0.63692
712,-65,-103,121.79,0.45446
713,-50,-199,205.19,0.76562
714,-2,21,21.10,0.07871
715,-418,180,455.11,1.69817
716,-864,-243,897.52,3.34896
717,-693,-469,836.79,3.12233
718,-257,-229,344.22,1.28442
719,13,-190,190.44,0.71061
720,-61,-277,283.64,1.05835
721,-710,-391,810.54,3.02442
722,-779,-741,1075.14,4.01171
723,-706,-523,878.62,3.27842
724,-510,-202,548.55,2.04682
725,-329,-181,375.50,1.40113
726,61,-405,409.57,1.52824
727,326,-543,633.34,2.36322
728,75,-316,324.78,1.21186
729,-101,-594,602.53,2.24823
730,-14,-539,539.18,2.01187
731,792,-407,890.46,3.32260
732,1206,183,1219.81,4.55151
733,1015,586,1172.02,4.37319
734,12,695,695.10,2.59367
735,-567,-31,567.85,2.11883
736,89,-249,264.43,0.98667
737,786,278,833.71,3.11088
738,881,788,1181.99,4.41042
739,863,924,1264.34,4.71767
740,861,369,936.74,3.49530
741,591,411,719.86,2.68605
742,54,392,395.70,1.47650
743,-59,133,145.50,0.54291
744,309,181,358.11,1.33623
745,881,945,1291.97,4.82078
746,1095,3857,4009.42,14.96053
747,-1182,12927,12980.93,48.43629
748,-5384,16456,17314.37,64.60586
749,-9588,12742,15946.42,59.50157
750,-8770,-1168,8847.44,33.01282
751,-1910,-8164,8384.45,31.28526
752,389,552,675.30,2.51976
753,-5591,11735,12998.83,48.50309
754,-12015,11600,16700.90,62.31681
755,-11007,3410,11523.11,42.99670
756,-2186,-1071,2434.26,9.08307
757,3395,-2445,4183.78,15.61113
758,5907,-211,5910.77,22.05510
759,2683,3969,4790.77,17.87600
760,-359,4019,4035.00,15.05598
761,-1250,1787,2180.80,8.13730
762,-1086,-1452,1813.20,6.76568
763,443,-2066,2112.96,7.88418
764,1187,2,1187.00,4.42911
765,1278,133,1284.90,4.79441
766,728,-438,849.60,3.17017
767,-458,-206,502.20,1.87386
768,-151,383,411.69,1.53616
769,793,426,900.18,3.35888
770,1292,664,1452.64,5.42029
771,795,1012,1286.92,4.80195
772,-686,133,698.77,2.60737
773,-1302,-684,1470.73,5.48782
774,-380,-1500,1547.38,5.77382
775,944,-1344,1642.40,6.12835
776,704,-1085,1293.38,4.82606
777,266,-1434,1458.46,5.44202
778,-471,-1560,1629.55,6.08042
779,-1242,-1696,2102.14,7.84379
780,-1224,-795,1459.52,5.44597
781,-657,-725,978.40,3.65076
782,442,-905,1007.17,3.75809
783,887,-1154,1455.50,5.43098
784,398,-1061,1133.19,4.22833
785,106,-694,702.05,2.61958
786,265,-597,653.17,2.43721
787,548,-709,896.09,3.34364
788,462,25,462.68,1.72640
789,330,300,445.98,1.66411
790,638,-10,638.08,2.38089
791,447,-755,877.40,3.27389
792,136,-930,939.89,3.50706
793,122,-657,668.23,2.49340
794,362,-138,387.41,1.44557
795,322,-243,403.40,1.50523
796,-9,-406,406.10,1.51530
797,25,-1199,1199.26,4.47485
798,234,-1141,1164.75,4.34607
799,306,-900,950.60,3.54701
800,239,-914,944.73,3.52512
801,74,-1003,1005.73,3.75271
802,-7,-1053,1053.02,3.92919
803,542,-1125,1248.76,4.65953
804,840,-405,932.54,3.47962
805,1227,-331,1270.86,4.74202
806,1234,-142,1242.14,4.63486
807,800,-363,878.50,3.27800
808,465,-592,752.79,2.80891
809,537,-331,630.82,2.35379
810,544,-38,545.33,2.03480
811,772,-224,803.84,2.99941
812,488,-205,529.31,1.97504
813,252,-928,961.61,3.58809
814,250,-1035,1064.77,3.97300
815,223,-946,971.93,3.62660
816,190,-816,837.83,3.12622
817,-13,-552,552.15,2.06027
818,-126,-212,246.62,0.92021
819,16,-26,30.53,0.11391
820,141,-98,171.71,0.64072
821,422,-474,634.63,2.36804
822,721,-575,922.21,3.44107
823,612,-379,719.85,2.68601
824,462,-482,667.66,2.49126
825,476,-427,639.46,2.38603
826,161,-389,421.00,1.57090
827,26,-545,545.62,2.03589
828,-35,-371,372.65,1.39047
829,256,-826,864.76,3.22672
830,550,-886,1042.83,3.89116
831,251,-879,914.13,3.41095
832,245,-659,703.07,2.62339
833,409,-560,693.46,2.58752
834,405,-143,429.50,1.60263
835,-1,-123,123.00,0.45897
836,-442,-84,449.91,1.67877
837,-378,-348,513.80,1.91716
838,-94,-394,405.06,1.51141
839,220,-463,512.61,1.91272
840,206,-355,410.44,1.53149
841,21,-288,288.76,1.07748
842,214,-127,248.85,0.92853
843,620,-188,647.88,2.41745
844,601,78,606.04,2.26134
845,445,236,503.71,1.87950
# END
# FRAME,22,RX_TS,138174958773,FP_INDEX,752.5312,FP_INT,752,RXPACC,265,RXPWR,-67.29,STD_NOISE,152.00,NTM,13,NOISE_THRESH,1976.00,PEAK_IDX,754,PEAK_AMPL,17340,START,702,elapsed_s,2.4385
sample,real,imag,amplitude,amplitude_norm
702,93,169,192.90,0.72792
703,328,-20,328.61,1.24003
704,462,27,462.79,1.74637
705,-173,268,318.99,1.20373
706,-803,233,836.12,3.15517
707,-641,-130,654.05,2.46811
708,201,-222,299.47,1.13009
709,413,-244,479.69,1.81016
710,90,-10,90.55,0.34171
711,-538,-137,555.17,2.09498
712,-709,-387,807.74,3.04809
713,-559,53,561.51,2.11889
714,-80,-21,82.71,0.31211
715,39,34,51.74,0.19524
716,-81,-61,101.40,0.38264
717,-15,-150,150.75,0.56886
718,-109,-14,109.90,0.41470
719,-134,-46,141.68,0.53463
720,-12,91,91.79,0.34637
721,-406,363,544.61,2.05515
722,-928,193,947.86,3.57682
723,-825,-90,829.89,3.13168
724,-332,1,332.00,1.25284
725,-60,-202,210.72,0.79518
726,-191,-123,227.18,0.85728
727,-820,19,820.22,3.09517
728,-983,-287,1024.04,3.86430
729,-762,-82,766.40,2.89207
730,-585,57,587.77,2.21800
731,-407,-68,412.64,1.55714
732,-98,-427,438.10,1.65321
733,74,-559,563.88,2.12784
734,-163,-336,373.45,1.40925
735,-444,-427,616.01,2.32456
736,-205,-454,498.14,1.87976
737,630,-681,927.72,3.50082
738,1134,-390,1199.19,4.52524
739,1152,72,1154.25,4.35565
740,194,575,606.85,2.28998
741,-523,196,558.52,2.10762
742,61,-176,186.27,0.70291
743,928,-100,933.37,3.52216
744,1222,312,1261.20,4.75925
745,1165,355,1217.89,4.59580
746,939,-96,943.89,3.56187
747,693,133,705.65,2.66282
748,184,322,370.86,1.39949
749,23,149,150.76,0.56892
750,436,15,436.26,1.64626
751,1258,486,1348.61,5.08911
752,3012,3491,4610.77,17.39914
753,5395,12678,13778.16,51.99306
754,3495,16459,16825.98,63.49428
755,-2791,14344,14613.01,55.14343
756,-8361,1732,8538.51,32.22079
757,-4893,-6143,7853.53,29.63595
758,970,1581,1854.85,6.99943
759,519,13571,13580.92,51.24876
760,-5388,15197,16123.87,60.84481
761,-7574,7317,10531.10,39.73998
762,-1758,-322,1787.25,6.74432
763,2221,-4041,4611.13,17.40049
764,5126,-2564,5731.49,21.62826
765,3898,2487,4623.80,17.44832
766,1515,3732,4027.78,15.19919
767,-369,1896,1931.57,7.28896
768,-1510,-942,1779.74,6.71599
769,-237,-1804,1819.50,6.86604
770,1065,-529,1189.15,4.48734
771,1056,-642,1235.84,4.66355
772,259,-698,744.50,2.80945
773,-496,135,514.04,1.93979
774,71,439,444.70,1.67813
775,872,-8,872.04,3.29070
776,1431,12,1431.05,5.40019
777,1075,500,1185.59,4.47393
778,-693,441,821.42,3.09970
779,-1678,66,1679.30,6.33697
780,-1208,-1121,1648.00,6.21887
781,205,-1621,1633.91,6.16570
782,158,-1199,1209.37,4.56364
783,-373,-1263,1316.93,4.96954
784,-1269,-1098,1678.08,6.33239
785,-1930,-604,2022.30,7.63134
786,-1379,12,1379.05,5.20397
787,-728,-355,809.94,3.05639
788,-3,-1080,1080.00,4.07549
789,183,-1404,1415.88,5.34293
790,-212,-1124,1143.82,4.31629
791,-182,-552,581.23,2.19332
792,-76,-781,784.69,2.96109
793,130,-805,815.43,3.07709
794,242,-95,259.98,0.98105
795,371,212,427.30,1.61245
796,497,-336,599.92,2.26385
797,-12,-877,877.08,3.30974
798,-399,-927,1009.22,3.80839
799,-301,-547,624.35,2.35603
800,152,-280,318.60,1.20225
801,144,-396,421.37,1.59007
802,-293,-389,487.00,1.83774
803,-535,-1137,1256.58,4.74181
804,-314,-1115,1158.37,4.37121
805,-217,-847,874.36,3.29946
806,-370,-880,954.62,3.60234
807,-490,-782,922.83,3.48240
808,-513,-876,1015.16,3.83078
809,56,-1139,1140.38,4.30331
810,644,-730,973.47,3.67346
811,974,-929,1346.00,5.07925
812,1000,-657,1196.52,4.51515
813,461,-671,814.10,3.07208
814,90,-770,775.24,2.92544
815,378,-493,621.24,2.34428
816,473,-321,571.64,2.15712
817,602,-637,876.45,3.30738
818,180,-399,437.72,1.65178
819,-291,-939,983.06,3.70965
820,-341,-886,949.36,3.58248
821,-317,-899,953.25,3.59718
822,-250,-824,861.09,3.24940
823,-259,-431,502.83,1.89749
824,-260,-147,298.68,1.12709
825,7,-170,170.14,0.64205
826,121,-211,243.23,0.91786
827,129,-710,721.62,2.72311
828,367,-808,887.44,3.34884
829,349,-603,696.71,2.62911
830,152,-662,679.23,2.56312
831,251,-511,569.32,2.14837
832,-50,-412,415.02,1.56612
833,-188,-472,508.06,1.91722
834,-237,-281,367.60,1.38717
835,-192,-904,924.16,3.48741
836,22,-986,986.25,3.72168
837,-257,-892,928.28,3.50296
838,-55,-639,641.36,2.42024
839,96,-595,602.69,2.27432
840,224,-284,361.71,1.36493
841,-116,-70,135.48,0.51126
842,-435,119,450.98,1.70182
843,-491,-225,540.10,2.03811
844,-306,-370,480.14,1.81186
845,-24,-479,479.60,1.80981
846,57,-295,300.46,1.13380
847,-102,-270,288.62,1.08915
848,124,-299,323.69,1.22148
849,408,-482,631.50,2.38301
850,540,-211,579.76,2.18777
851,467,-35,468.31,1.76721
# END
# FRAME,23,RX_TS,144564757458,FP_INDEX,748.1094,FP_INT,748,RXPACC,265,RXPWR,-67.49,STD_NOISE,140.00,NTM,13,NOISE_THRESH,1820.00,PEAK_IDX,749,PEAK_AMPL,16569,START,698,elapsed_s,2.5385
sample,real,imag,amplitude,amplitude_norm
698,-50,216,221.71,0.83665
699,5,471,471.03,1.77746
700,-165,220,275.00,1.03774
701,-258,-546,603.89,2.27882
702,51,-849,850.53,3.20955
703,393,-316,504.29,1.90297
704,210,466,511.13,1.92880
705,323,265,417.80,1.57659
706,35,-226,228.69,0.86300
707,395,-643,754.64,2.84768
708,365,-693,783.25,2.95564
709,32,-356,357.44,1.34881
710,70,33,77.39,0.29203
711,-50,-26,56.36,0.21266
712,237,-68,246.56,0.93042
713,80,-25,83.82,0.31628
714,247,-187,309.80,1.16907
715,58,-41,71.03,0.26803
716,-142,-106,177.20,0.66868
717,-138,-620,635.17,2.39688
718,33,-983,983.55,3.71152
719,178,-574,600.97,2.26780
720,144,-138,199.45,0.75264
721,304,-27,305.20,1.15169
722,84,-466,473.51,1.78683
723,245,-930,961.73,3.62917
724,432,-898,996.51,3.76041
725,27,-644,644.57,2.43232
726,34,-521,522.11,1.97022
727,220,-182,285.52,1.07745
728,685,-110,693.78,2.61802
729,390,98,402.12,1.51745
730,490,-290,569.39,2.14862
731,461,-379,596.79,2.25205
732,687,87,692.49,2.61316
733,609,1012,1181.11,4.45703
734,206,1110,1128.95,4.26020
735,-425,816,920.04,3.47186
736,-367,-300,474.01,1.78873
737,154,-365,396.16,1.49494
738,294,432,522.55,1.97189
739,-113,1068,1073.96,4.05268
740,-436,1262,1335.19,5.03846
741,-169,1017,1030.95,3.89036
742,46,960,961.10,3.62680
743,-294,448,535.85,2.02209
744,-257,69,266.10,1.00416
745,4,49,49.16,0.18552
746,-52,760,761.78,2.87463
747,-1159,1687,2046.77,7.72364
748,-7364,3745,8261.57,31.17573
749,-15677,3820,16135.70,60.88942
750,-16491,-53,16491.09,62.23051
751,-9332,-6858,11580.95,43.70169
752,4477,-7705,8911.26,33.62740
753,4412,-1474,4651.71,17.55363
754,-7498,1078,7575.10,28.58527
755,-15677,-3138,15987.98,60.33198
756,-12047,-8570,14784.29,55.78976
757,-2651,-5493,6099.25,23.01604
758,2127,402,2164.66,8.16851
759,4305,4117,5956.74,22.47825
760,-292,4950,4958.60,18.71172
761,-3646,2360,4343.15,16.38923
762,-3269,378,3290.78,12.41804
763,-455,-1233,1314.27,4.95952
764,2005,-1428,2461.55,9.28885
765,1280,488,1369.87,5.16932
766,493,1076,1183.56,4.46628
767,924,907,1294.77,4.88592
768,405,-196,449.93,1.69787
769,-333,-311,455.64,1.71941
770,-131,397,418.06,1.57757
771,67,1089,1091.06,4.11720
772,-364,1423,1468.82,5.54271
773,-405,300,504.01,1.90192
774,-46,-1270,1270.83,4.79560
775,820,-1552,1755.31,6.62380
776,1747,-354,1782.51,6.72643
777,1418,501,1503.90,5.67511
778,1370,13,1370.06,5.17004
779,1160,-554,1285.50,4.85095
780,1257,-1547,1993.30,7.52190
781,412,-1598,1650.26,6.22738
782,176,-1065,1079.44,4.07338
783,674,-247,717.83,2.70881
784,1484,262,1506.95,5.68661
785,1193,131,1200.17,4.52895
786,1054,-238,1080.54,4.07750
787,550,-70,554.44,2.09221
788,1074,2,1074.00,4.05284
789,548,303,626.19,2.36298
790,-6,275,275.07,1.03798
791,-72,564,568.58,2.14557
792,693,277,746.31,2.81626
793,899,-77,902.29,3.40487
794,937,-368,1006.67,3.79877
795,390,18,390.42,1.47326
796,393,125,412.40,1.55623
797,413,-55,416.65,1.57225
798,731,-476,872.32,3.29176
799,1265,-302,1300.55,4.90773
800,979,-110,985.16,3.71759
801,849,-79,852.67,3.21761
802,1068,-377,1132.59,4.27391
803,768,-402,866.85,3.27113
804,1225,-208,1242.53,4.68881
805,934,390,1012.15,3.81945
806,703,755,1031.62,3.89289
807,823,1031,1319.20,4.97812
808,616,836,1038.44,3.91863
809,759,365,842.20,3.17812
810,795,223,825.68,3.11579
811,313,414,519.00,1.95851
812,456,530,699.17,2.63837
813,560,593,815.63,3.07784
814,711,22,711.34,2.68430
815,1154,-137,1162.10,4.38530
816,981,-239,1009.69,3.81017
817,872,-161,886.74,3.34618
818,760,-166,777.92,2.93554
819,290,-288,408.71,1.54230
820,106,-133,170.07,0.64179
821,178,85,197.25,0.74435
822,381,141,406.25,1.53303
823,816,403,910.09,3.43430
824,688,487,842.92,3.18083
825,622,284,683.77,2.58026
826,736,235,772.61,2.91550
827,433,118,448.79,1.69355
828,614,-211,649.24,2.44998
829,406,-220,461.77,1.74255
830,562,-249,614.69,2.31959
831,1132,109,1137.24,4.29146
832,885,53,886.59,3.34561
833,908,-122,916.16,3.45721
834,743,-11,743.08,2.80408
835,467,246,527.83,1.99181
836,267,176,319.79,1.20675
837,-25,-303,304.03,1.14728
838,25,-532,532.59,2.00976
839,337,-412,532.27,2.00857
840,489,-77,495.03,1.86802
841,578,53,580.42,2.19028
842,334,-54,338.34,1.27674
843,270,23,270.98,1.02256
844,448,326,554.06,2.09078
845,417,610,738.91,2.78834
846,122,513,527.31,1.98984
847,28,375,376.04,1.41903
# END
# FRAME,24,RX_TS,150954556121,FP_INDEX,752.4687,FP_INT,752,RXPACC,278,RXPWR,-67.23,STD_NOISE,148.00,NTM,13,NOISE_THRESH,1924.00,PEAK_IDX,754,PEAK_AMPL,18688,START,702,elapsed_s,2.6314
sample,real,imag,amplitude,amplitude_norm
702,-5,170,170.07,0.61178
703,210,381,435.04,1.56490
704,61,427,431.34,1.55157
705,-368,-153,398.54,1.43359
706,-420,-778,884.13,3.18032
707,76,-695,699.14,2.51490
708,367,264,452.09,1.62622
709,533,229,580.11,2.08673
710,-15,-35,38.08,0.13697
711,-4,-685,685.01,2.46407
712,140,-850,861.45,3.09875
713,-256,-391,467.35,1.68112
714,50,-29,57.80,0.20792
715,-3,-16,16.28,0.05856
716,145,-138,200.17,0.72004
717,78,-53,94.30,0.33922
718,86,-204,221.39,0.79635
719,48,-90,102.00,0.36691
720,-29,-5,29.43,0.10586
721,-405,-328,521.16,1.87468
722,-415,-945,1032.11,3.71262
723,-69,-778,781.05,2.80955
724,-14,-280,280.35,1.00845
725,170,-130,214.01,0.76982
726,61,-324,329.69,1.18594
727,-223,-884,911.69,3.27947
728,64,-1095,1096.87,3.94557
729,-274,-778,824.84,2.96705
730,-180,-508,538.95,1.93866
731,75,-288,297.61,1.07052
732,537,-321,625.63,2.25046
733,567,-78,572.34,2.05878
734,294,-355,460.93,1.65804
735,254,-556,611.27,2.19882
736,576,-368,683.52,2.45871
737,1026,447,1119.14,4.02570
738,806,1029,1307.09,4.70175
739,219,1112,1133.36,4.07684
740,-502,228,551.35,1.98328
741,-181,-428,464.70,1.67158
742,347,90,358.48,1.28950
743,446,992,1087.65,3.91241
744,135,1306,1312.96,4.72287
745,109,1179,1184.03,4.25909
746,521,882,1024.39,3.68484
747,56,587,589.67,2.12110
748,-269,218,346.24,1.24548
749,-85,83,118.80,0.42735
750,185,487,520.95,1.87394
751,-82,1640,1642.05,5.90665
752,-3270,5047,6013.74,21.63217
753,-12166,10259,15914.10,57.24497
754,-16494,9006,18792.55,67.59911
755,-14585,669,14600.33,52.51919
756,-2440,-8558,8899.04,32.01094
757,4515,-5786,7339.14,26.39980
758,-3019,2519,3931.89,14.14347
759,-14765,5018,15594.41,56.09499
760,-16449,-1180,16491.27,59.32112
761,-8067,-5044,9514.12,34.22344
762,714,-1321,1501.61,5.40148
763,5424,1115,5537.42,19.91877
764,3506,4540,5736.17,20.63370
765,-1669,4382,4689.08,16.86720
766,-3050,2318,3830.88,13.78014
767,-1495,-281,1521.18,5.47187
768,929,-2231,2416.69,8.69314
769,1921,-630,2021.67,7.27219
770,897,931,1292.81,4.65041
771,1163,768,1393.70,5.01330
772,660,74,664.14,2.38898
773,-485,-198,523.86,1.88439
774,-312,364,479.42,1.72452
775,458,886,997.38,3.58769
776,522,1279,1381.42,4.96914
777,-49,840,841.43,3.02672
778,-578,-863,1038.68,3.73625
779,-291,-1946,1967.64,7.07783
780,1094,-1747,2061.27,7.41465
781,1695,-374,1735.77,6.24378
782,1346,-312,1381.69,4.97010
783,1064,-702,1274.72,4.58531
784,549,-1775,1857.96,6.68332
785,-144,-2161,2165.79,7.79062
786,-314,-1392,1426.98,5.13301
787,373,-775,860.09,3.09385
788,1262,-207,1278.86,4.60023
789,1339,-268,1365.56,4.91207
790,1033,-711,1254.04,4.51093
791,482,-362,602.80,2.16835
792,798,-305,854.30,3.07302
793,735,17,735.20,2.64459
794,166,285,329.82,1.18640
795,58,472,475.55,1.71061
796,691,275,743.71,2.67522
797,923,-308,973.03,3.50012
798,807,-673,1050.80,3.77985
799,427,-327,537.83,1.93463
800,427,-19,427.42,1.53749
801,414,-111,428.62,1.54181
802,309,-541,623.03,2.24110
803,1104,-922,1438.37,5.17398
804,1107,-612,1264.91,4.55003
805,901,-401,986.21,3.54750
806,801,-629,1018.45,3.66349
807,575,-637,858.13,3.08681
808,931,-797,1225.55,4.40845
809,1244,-207,1261.10,4.53635
810,928,394,1008.18,3.62653
811,1135,558,1264.75,4.54946
812,855,539,1010.72,3.63567
813,815,103,821.48,2.95497
814,758,-158,774.29,2.78522
815,561,260,618.32,2.22418
816,499,324,594.96,2.14014
817,800,301,854.75,3.07465
818,530,-87,537.09,1.93199
819,1030,-591,1187.51,4.27162
820,816,-553,985.73,3.54579
821,730,-445,854.94,3.07533
822,642,-386,749.11,2.69463
823,228,-354,421.07,1.51464
824,75,-239,250.49,0.90105
825,138,-25,140.25,0.50448
826,327,-6,327.06,1.17646
827,891,-112,898.01,3.23026
828,1004,88,1007.85,3.62536
829,799,122,808.26,2.90741
830,777,-115,785.46,2.82541
831,574,37,575.19,2.06903
832,426,-253,495.46,1.78225
833,445,-328,552.82,1.98856
834,272,-415,496.19,1.78487
835,1068,-515,1185.69,4.26505
836,1002,-370,1068.13,3.84220
837,871,-619,1068.55,3.84371
838,651,-324,727.17,2.61572
839,633,-53,635.21,2.28495
840,425,181,461.94,1.66164
841,-50,-75,90.14,0.32424
842,-224,-484,533.32,1.91842
843,131,-613,626.84,2.25482
844,371,-344,505.94,1.81993
845,596,-213,632.92,2.27668
846,369,-154,399.85,1.43830
847,248,-196,316.10,1.13705
848,407,107,420.83,1.51378
849,681,368,774.07,2.78443
850,394,461,606.43,2.18140
851,186,431,469.42,1.68857
# END
# FRAME,25,RX_TS,157344354743,FP_INDEX,747.5625,FP_INT,747,RXPACC,263,RXPWR,-67.16,STD_NOISE,156.00,NTM,13,NOISE_THRESH,2028.00,PEAK_IDX,749,PEAK_AMPL,17460,START,697,elapsed_s,2.7374
sample,real,imag,amplitude,amplitude_norm
697,-59,140,151.92,0.57766
698,70,366,372.63,1.41686
699,-20,442,442.45,1.68233
700,-215,-147,260.45,0.99030
701,-195,-819,841.89,3.20112
702,190,-646,673.36,2.56031
703,262,166,310.16,1.17932
704,356,492,607.29,2.30908
705,73,69,100.45,0.38194
706,190,-500,534.88,2.03378
707,376,-742,831.83,3.16285
708,-27,-542,542.67,2.06339
709,41,-38,55.90,0.21255
710,-18,27,32.45,0.12338
711,154,-55,163.53,0.62177
712,179,-109,209.58,0.79687
713,87,-103,134.83,0.51265
714,158,-128,203.34,0.77316
715,-15,-30,33.54,0.12753
716,-354,-315,473.86,1.80174
717,-153,-903,915.87,3.48240
718,191,-865,885.84,3.36820
719,138,-373,397.71,1.51220
720,193,-16,193.66,0.73636
721,224,-110,249.55,0.94887
722,68,-788,790.93,3.00733
723,345,-992,1050.28,3.99346
724,109,-823,830.19,3.15660
725,-6,-510,510.04,1.93930
726,81,-334,343.68,1.30677
727,464,-172,494.85,1.88157
728,695,33,695.78,2.64556
729,361,-158,394.06,1.49834
730,453,-403,606.32,2.30538
731,557,-275,621.19,2.36193
732,807,476,936.92,3.56245
733,427,1095,1175.31,4.46886
734,19,1131,1131.16,4.30099
735,-546,206,583.57,2.21889
736,-129,-461,478.71,1.82019
737,295,44,298.26,1.13408
738,198,850,872.76,3.31847
739,-176,1180,1193.05,4.53632
740,-309,1243,1280.83,4.87008
741,168,975,989.37,3.76186
742,-63,641,644.09,2.44901
743,-282,190,340.04,1.29291
744,-79,-4,79.10,0.30077
745,71,357,363.99,1.38400
746,-293,1220,1254.69,4.77069
747,-3188,2980,4363.91,16.59283
748,-12290,5438,13439.34,51.10016
749,-16465,3715,16878.90,64.17834
750,-14488,-2514,14704.50,55.91065
751,-2000,-8195,8435.52,32.07423
752,6130,-5005,7913.72,30.09018
753,-1239,881,1520.29,5.78057
754,-13424,633,13438.92,51.09854
755,-15298,-5175,16149.59,61.40530
756,-7526,-7605,10699.38,40.68205
757,295,-1910,1932.65,7.34847
758,4095,2050,4579.47,17.41242
759,2700,5055,5730.88,21.79043
760,-2318,3847,4491.38,17.07751
761,-3574,1474,3866.03,14.69972
762,-1810,-330,1839.84,6.99558
763,1088,-1573,1912.61,7.27228
764,2125,-362,2155.61,8.19625
765,686,1095,1292.14,4.91307
766,710,1154,1354.92,5.15180
767,601,450,750.80,2.85475
768,-320,-361,482.41,1.83426
769,-439,70,444.55,1.69029
770,120,800,808.95,3.07586
771,95,1363,1366.31,5.19508
772,-491,970,1087.19,4.13380
773,-346,-760,835.05,3.17511
774,224,-1730,1744.44,6.63286
775,1425,-1264,1904.82,7.24264
776,1794,83,1795.92,6.82859
777,1247,63,1248.59,4.74749
778,1207,-465,1293.47,4.91815
779,993,-1288,1626.34,6.18382
780,727,-1879,2014.74,7.66060
781,132,-1303,1309.67,4.97973
782,498,-662,828.40,3.14981
783,1088,5,1088.01,4.13693
784,1333,74,1335.05,5.07625
785,1101,-244,1127.71,4.28788
786,622,-144,638.45,2.42757
787,742,-12,742.10,2.82166
788,907,142,918.05,3.49068
789,211,316,379.97,1.44475
790,-52,393,396.43,1.50732
791,483,450,660.14,2.51005
792,995,-39,995.76,3.78618
793,960,-379,1032.11,3.92435
794,557,-137,573.60,2.18099
795,252,163,300.12,1.14115
796,268,-11,268.23,1.01987
797,388,-341,516.55,1.96407
798,1160,-571,1292.92,4.91604
799,1155,-256,1183.03,4.49821
800,1011,-167,1024.70,3.89620
801,1014,-338,1068.85,4.06407
802,865,-504,1001.12,3.80654
803,920,-542,1067.78,4.06002
804,1212,57,1213.34,4.61346
805,729,588,936.58,3.56115
806,906,885,1266.52,4.81565
807,776,821,1129.70,4.29543
808,779,320,842.16,3.20215
809,774,34,774.75,2.94580
810,532,325,623.42,2.37041
811,332,477,581.17,2.20975
812,702,617,934.61,3.55364
813,461,258,528.28,2.00869
814,994,-198,1013.53,3.85372
815,967,-265,1002.65,3.81237
816,879,-251,914.13,3.47580
817,766,-200,791.68,3.01019
818,376,-210,430.67,1.63753
819,131,-188,229.14,0.87125
820,124,-27,126.91,0.48253
821,234,71,244.53,0.92979
822,716,122,726.32,2.76167
823,835,305,888.96,3.38008
824,710,390,810.06,3.08008
825,728,156,744.53,2.83090
826,627,210,661.23,2.51419
827,444,-51,446.92,1.69931
828,492,-216,537.33,2.04307
829,353,-250,432.56,1.64472
830,998,-217,1021.32,3.88334
831,1096,-29,1096.38,4.16876
832,982,-302,1027.39,3.90642
833,697,-97,703.72,2.67573
834,641,130,654.05,2.48688
835,326,261,417.61,1.58787
836,98,-136,167.63,0.63738
837,-81,-431,438.55,1.66747
838,262,-570,627.33,2.38529
839,422,-290,512.04,1.94692
840,562,6,562.03,2.13700
841,411,-17,411.35,1.56407
842,286,-152,323.88,1.23149
843,246,120,273.71,1.04071
844,521,474,704.36,2.67816
845,280,561,626.99,2.38401
846,99,397,409.16,1.55573
# END
# FRAME,26,RX_TS,163734153329,FP_INDEX,750.7187,FP_INT,750,RXPACC,288,RXPWR,-67.45,STD_NOISE,148.00,NTM,13,NOISE_THRESH,1924.00,PEAK_IDX,752,PEAK_AMPL,18861,START,700,elapsed_s,2.8343
sample,real,imag,amplitude,amplitude_norm
700,-43,93,102.46,0.35576
701,259,256,364.17,1.26447
702,287,437,522.82,1.81534
703,-134,193,234.96,0.81582
704,-690,-355,775.97,2.69433
705,-516,-625,810.48,2.81417
706,291,-276,401.07,1.39260
707,602,246,650.32,2.25807
708,231,-61,238.92,0.82958
709,-286,-382,477.20,1.65694
710,-250,-833,869.71,3.01981
711,-443,-538,696.92,2.41985
712,-122,-94,154.01,0.53477
713,85,54,100.70,0.34966
714,-96,-37,102.88,0.35723
715,68,-162,175.69,0.61004
716,-28,-95,99.04,0.34389
717,61,-272,278.76,0.96790
718,41,-14,43.32,0.15043
719,-379,89,389.31,1.35177
720,-728,-483,873.65,3.03352
721,-652,-810,1039.81,3.61045
722,-335,-433,547.46,1.90091
723,66,-177,188.90,0.65592
724,123,-222,253.80,0.88124
725,-455,-551,714.58,2.48118
726,-553,-959,1107.02,3.84381
727,-530,-816,973.01,3.37852
728,-496,-376,622.41,2.16114
729,-241,-375,445.76,1.54779
730,199,-419,463.86,1.61061
731,532,-582,788.51,2.73788
732,198,-259,326.01,1.13199
733,17,-646,646.22,2.24383
734,41,-613,614.37,2.13323
735,842,-333,905.46,3.14395
736,1191,477,1282.97,4.45475
737,982,821,1279.99,4.44440
738,-69,788,791.02,2.74658
739,-533,-86,539.89,1.87463
740,50,-254,258.87,0.89887
741,697,388,797.72,2.76985
742,782,1008,1275.77,4.42976
743,657,1194,1362.82,4.73202
744,836,724,1105.93,3.84002
745,575,593,826.00,2.86805
746,37,481,482.42,1.67507
747,-111,114,159.11,0.55248
748,218,153,266.33,0.92477
749,652,988,1183.74,4.11022
750,248,3547,3555.66,12.34604
751,-4154,12128,12819.68,44.51276
752,-10093,16445,19295.25,66.99740
753,-13486,11735,17876.87,62.07246
754,-9769,-2244,10023.42,34.80353
755,-292,-9322,9326.57,32.38393
756,841,-636,1054.41,3.66114
757,-7960,10043,12814.97,44.49642
758,-15408,9385,18041.19,62.64303
759,-13430,1179,13481.65,46.81129
760,-2897,-1852,3438.39,11.93885
761,3741,-1634,4082.28,14.17459
762,6444,848,6499.56,22.56791
763,2075,4654,5095.62,17.69312
764,-1357,4245,4456.62,15.47438
765,-1862,1895,2656.70,9.22466
766,-817,-1544,1746.83,6.06539
767,862,-2283,2440.31,8.47331
768,1212,136,1219.61,4.23474
769,1313,607,1446.52,5.02264
770,1101,-45,1101.92,3.82611
771,-289,-296,413.69,1.43641
772,-353,214,412.80,1.43334
773,583,476,752.64,2.61333
774,1131,980,1496.52,5.19624
775,563,1448,1553.60,5.39444
776,-678,90,683.95,2.37482
777,-1304,-1180,1758.64,6.10639
778,-323,-2037,2062.45,7.16128
779,1175,-1526,1925.95,6.68734
780,1051,-778,1307.63,4.54037
781,632,-1070,1242.71,4.31496
782,-47,-1359,1359.81,4.72157
783,-725,-1957,2086.98,7.24645
784,-994,-1172,1536.76,5.33596
785,-395,-956,1034.39,3.59163
786,611,-686,918.65,3.18976
787,1208,-784,1440.11,5.00039
788,794,-846,1160.24,4.02860
789,473,-635,791.80,2.74932
790,487,-466,674.04,2.34040
791,772,-764,1086.13,3.77129
792,440,-39,441.73,1.53377
793,193,334,385.75,1.33942
794,608,231,650.40,2.25835
795,721,-608,943.14,3.27478
796,520,-893,1033.37,3.58808
797,400,-722,825.40,2.86597
798,387,-88,396.88,1.37805
799,310,-160,348.86,1.21130
800,88,-427,435.97,1.51380
801,295,-1177,1213.41,4.21322
802,689,-1147,1338.03,4.64594
803,567,-954,1109.78,3.85339
804,460,-970,1073.55,3.72759
805,323,-1150,1194.50,4.14757
806,221,-1049,1072.03,3.72232
807,870,-1061,1372.09,4.76419
808,955,-236,983.73,3.41572
809,1215,-115,1220.43,4.23761
810,1277,127,1283.30,4.45590
811,900,-159,913.94,3.17339
812,657,-477,811.90,2.81909
813,626,-220,663.53,2.30393
814,537,166,562.07,1.95164
815,984,-28,984.40,3.41805
816,683,-51,684.90,2.37813
817,425,-774,883.01,3.06600
818,483,-1014,1123.16,3.89986
819,466,-918,1029.50,3.57467
820,411,-677,791.99,2.74997
821,228,-539,585.24,2.03208
822,-52,-310,314.33,1.09143
823,88,-56,104.31,0.36218
824,216,-45,220.64,0.76610
825,540,-373,656.30,2.27882
826,981,-461,1083.92,3.76361
827,850,-237,882.42,3.06397
828,643,-359,736.43,2.55705
829,685,-305,749.83,2.60359
830,330,-298,444.64,1.54389
831,210,-566,603.70,2.09619
832,115,-398,414.28,1.43848
833,447,-834,946.24,3.28555
834,881,-869,1237.47,4.29676
835,600,-862,1050.26,3.64673
836,528,-657,842.87,2.92664
837,595,-528,795.49,2.76213
838,456,-13,456.19,1.58398
839,165,-88,187.00,0.64931
840,-388,-217,444.56,1.54361
841,-300,-543,620.36,2.15403
842,-17,-509,509.28,1.76835
843,386,-377,539.56,1.87347
844,397,-340,522.69,1.81491
845,131,-371,393.45,1.36614
846,234,-153,279.58,0.97076
847,729,-46,730.45,2.53628
848,699,214,731.02,2.53828
849,423,245,488.83,1.69732
# END
# FRAME,27,RX_TS,170123951913,FP_INDEX,754.3437,FP_INT,754,RXPACC,275,RXPWR,-67.26,STD_NOISE,144.00,NTM,13,NOISE_THRESH,1872.00,PEAK_IDX,756,PEAK_AMPL,18364,START,704,elapsed_s,2.9289
sample,real,imag,amplitude,amplitude_norm
704,218,59,225.84,0.82125
705,440,-152,465.51,1.69278
706,364,35,365.68,1.32974
707,-331,480,583.06,2.12022
708,-860,397,947.21,3.44440
709,-572,-97,580.17,2.10970
710,362,-267,449.81,1.63569
711,244,-391,460.89,1.67595
712,-92,15,93.21,0.33896
713,-748,-51,749.74,2.72632
714,-791,-17,791.18,2.87703
715,-388,257,465.40,1.69235
716,-20,-44,48.33,0.17575
717,-3,60,60.07,0.21845
718,-150,-160,219.32,0.79752
719,-19,-11,21.95,0.07983
720,-198,-98,220.93,0.80336
721,-7,-24,25.00,0.09091
722,50,207,212.95,0.77437
723,-408,470,622.39,2.26322
724,-1004,474,1110.27,4.03733
725,-761,138,773.41,2.81240
726,-189,68,200.86,0.73040
727,-106,-157,189.43,0.68885
728,-381,43,383.42,1.39425
729,-893,278,935.27,3.40099
730,-969,23,969.27,3.52463
731,-662,313,732.27,2.66278
732,-527,236,577.43,2.09974
733,-337,6,337.05,1.22565
734,-367,-534,647.95,2.35620
735,-72,-437,442.89,1.61051
736,-416,-286,504.83,1.83574
737,-563,-170,588.11,2.13857
738,-267,-552,613.18,2.22976
739,548,-956,1101.93,4.00700
740,971,-648,1167.37,4.24497
741,1020,55,1021.48,3.71448
742,18,613,613.26,2.23005
743,-457,182,491.91,1.78875
744,187,-296,350.12,1.27317
745,974,-274,1011.81,3.67930
746,1304,23,1304.20,4.74256
747,1171,-58,1172.44,4.26340
748,906,-375,980.54,3.56560
749,582,78,587.20,2.13529
750,142,242,280.59,1.02031
751,55,46,71.70,0.26073
752,557,-225,600.73,2.18447
753,1799,298,1823.51,6.63096
754,5521,4363,7036.85,25.58853
755,10018,13210,16579.04,60.28740
756,7948,16491,18306.39,66.56868
757,-916,13487,13518.07,49.15662
758,-8903,808,8939.59,32.50760
759,-4663,-4323,6358.61,23.12221
760,3151,4619,5591.42,20.33243
761,4140,15430,15975.75,58.09362
762,-2351,15721,15895.82,57.80297
763,-4937,6543,8196.63,29.80594
764,-946,-1236,1556.47,5.65991
765,1641,-5498,5737.67,20.86426
766,4701,-2599,5371.61,19.53313
767,4140,2210,4692.94,17.06524
768,2085,3214,3831.06,13.93113
769,-677,1350,1510.24,5.49179
770,-2242,-1068,2483.38,9.03048
771,-280,-1488,1514.11,5.50587
772,1032,-718,1257.20,4.57163
773,770,-1125,1363.28,4.95737
774,-105,-504,514.82,1.87208
775,-268,430,506.68,1.84247
776,363,142,389.79,1.41740
777,1039,-483,1145.78,4.16647
778,1689,-368,1728.63,6.28591
779,1037,118,1043.69,3.79524
780,-712,570,912.05,3.31656
781,-1790,168,1797.87,6.53770
782,-1569,-1281,2025.52,7.36552
783,-390,-1664,1709.09,6.21488
784,-440,-1217,1294.10,4.70581
785,-787,-862,1167.22,4.24445
786,-1837,-517,1908.37,6.93951
787,-1913,336,1942.28,7.06285
788,-1215,476,1304.91,4.74514
789,-484,-18,484.33,1.76122
790,-37,-1066,1066.64,3.87870
791,-129,-1168,1175.10,4.27310
792,-543,-921,1069.15,3.88783
793,-268,-483,552.37,2.00862
794,-382,-932,1007.25,3.66272
795,-15,-675,675.17,2.45515
796,208,-81,223.22,0.81169
797,538,47,540.05,1.96381
798,186,-556,586.29,2.13195
799,-298,-827,879.05,3.19655
800,-724,-774,1059.84,3.85395
801,-199,-374,423.65,1.54054
802,41,-385,387.18,1.40792
803,-100,-378,391.00,1.42183
804,-595,-349,689.80,2.50837
805,-858,-1009,1324.48,4.81629
806,-624,-886,1083.68,3.94067
807,-486,-822,954.92,3.47245
808,-803,-861,1177.34,4.28124
809,-696,-545,883.99,3.21451
810,-749,-920,1186.34,4.31396
811,-125,-1055,1062.38,3.86320
812,408,-864,955.49,3.47451
813,596,-1094,1245.81,4.53023
814,487,-779,918.70,3.34073
815,77,-729,733.06,2.66566
816,-153,-731,746.84,2.71578
817,268,-460,532.38,1.93591
818,329,-539,631.48,2.29628
819,412,-707,818.29,2.97559
820,-124,-483,498.66,1.81332
821,-657,-893,1108.65,4.03144
822,-685,-755,1019.44,3.70704
823,-513,-682,853.40,3.10328
824,-470,-595,758.24,2.75723
825,-292,-116,314.20,1.14254
826,-123,-10,123.41,0.44875
827,42,-86,95.71,0.34803
828,72,-210,222.00,0.80727
829,-62,-852,854.25,3.10637
830,99,-979,983.99,3.57816
831,34,-792,792.73,2.88265
832,-52,-744,745.82,2.71205
833,43,-474,475.95,1.73071
834,-273,-399,483.46,1.75802
835,-350,-335,484.48,1.76176
836,-478,-264,546.06,1.98567
837,-444,-1091,1177.89,4.28322
838,-386,-949,1024.50,3.72545
839,-494,-840,974.49,3.54361
840,-328,-708,780.29,2.83741
841,-5,-509,509.02,1.85100
842,154,-295,332.78,1.21010
843,-271,194,333.28,1.21194
844,-541,259,599.80,2.18110
845,-562,-90,569.16,2.06968
846,-234,-365,433.57,1.57661
847,-194,-517,552.20,2.00800
848,-115,-231,258.04,0.93834
849,-166,-234,286.90,1.04328
850,118,-381,398.85,1.45038
851,419,-587,721.20,2.62255
852,463,-285,543.69,1.97704
853,346,-206,402.68,1.46429
# END
# FRAME,28,RX_TS,176513750442,FP_INDEX,748.6094,FP_INT,748,RXPACC,262,RXPWR,-67.29,STD_NOISE,156.00,NTM,13,NOISE_THRESH,2028.00,PEAK_IDX,750,PEAK_AMPL,16876,START,698,elapsed_s,3.0337
sample,real,imag,amplitude,amplitude_norm
698,-78,14,79.25,0.30247
699,-67,294,301.54,1.15091
700,-118,397,414.17,1.58078
701,-128,-156,201.79,0.77020
702,107,-791,798.20,3.04658
703,419,-658,780.08,2.97741
704,286,155,325.30,1.24161
705,123,524,538.24,2.05436
706,140,157,210.35,0.80288
707,323,-451,554.73,2.11731
708,582,-552,802.14,3.06160
709,219,-568,608.76,2.32350
710,59,-96,112.68,0.43008
711,32,48,57.69,0.22019
712,110,-19,111.63,0.42606
713,242,-24,243.19,0.92820
714,143,-110,180.41,0.68860
715,240,-44,244.00,0.93130
716,99,23,101.64,0.38793
717,-149,-292,327.82,1.25122
718,129,-853,862.70,3.29275
719,421,-771,878.45,3.35288
720,236,-333,408.15,1.55782
721,205,43,209.46,0.79947
722,262,-80,273.94,1.04558
723,301,-699,761.05,2.90478
724,601,-790,992.62,3.78864
725,363,-724,809.90,3.09124
726,126,-538,552.56,2.10900
727,212,-293,361.65,1.38036
728,509,-81,515.40,1.96719
729,734,213,764.28,2.91710
730,363,30,364.24,1.39022
731,588,-286,653.87,2.49567
732,579,-139,595.45,2.27271
733,611,625,874.04,3.33603
734,115,1137,1142.80,4.36184
735,-287,1059,1097.20,4.18779
736,-591,196,622.65,2.37654
737,-9,-508,508.08,1.93924
738,329,42,331.67,1.26592
739,-4,789,789.01,3.01149
740,-501,1014,1131.02,4.31685
741,-666,1086,1273.95,4.86241
742,-159,972,984.92,3.75923
743,-169,688,708.45,2.70402
744,-256,149,296.20,1.13055
745,-111,-80,136.82,0.52223
746,-35,267,269.28,1.02780
747,-597,954,1125.40,4.29542
748,-3366,1751,3794.20,14.48168
749,-12286,1507,12378.08,47.24458
750,-16470,-1518,16539.81,63.12903
751,-13952,-6546,15411.31,58.82178
752,-809,-8686,8723.59,33.29615
753,7566,-3637,8394.77,32.04110
754,-137,379,403.00,1.53817
755,-12187,-2934,12535.20,47.84429
756,-13528,-9055,16278.81,62.13288
757,-5738,-9978,11510.22,43.93213
758,508,-2434,2486.45,9.49026
759,2978,2687,4011.04,15.30932
760,1558,5590,5803.06,22.14907
761,-3123,3353,4582.11,17.48897
762,-3896,455,3922.48,14.97129
763,-1941,-910,2143.73,8.18218
764,1384,-1398,1967.20,7.50838
765,2420,-239,2431.77,9.28158
766,474,841,965.38,3.68465
767,251,1137,1164.38,4.44418
768,497,719,874.05,3.33608
769,61,-361,366.12,1.39739
770,-311,-42,313.82,1.19780
771,-97,807,812.81,3.10232
772,-198,1446,1459.49,5.57058
773,-556,1375,1483.16,5.66091
774,-35,-339,340.80,1.30077
775,701,-1505,1660.25,6.33683
776,1640,-1086,1966.98,7.50754
777,1606,351,1643.91,6.27446
778,1078,510,1192.55,4.55173
779,1276,32,1276.40,4.87176
780,1284,-784,1504.43,5.74210
781,1202,-1491,1915.17,7.30982
782,432,-1127,1206.96,4.60672
783,442,-488,658.41,2.51303
784,764,423,873.28,3.33315
785,1193,650,1358.58,5.18543
786,1131,222,1152.58,4.39917
787,749,77,752.95,2.87385
788,732,225,765.80,2.92290
789,888,371,962.39,3.67323
790,141,326,355.19,1.35567
791,-204,328,386.26,1.47429
792,67,542,546.13,2.08445
793,806,279,852.92,3.25543
794,1000,-47,1001.10,3.82101
795,722,-1,722.00,2.75573
796,228,324,396.18,1.51214
797,369,328,493.71,1.88437
798,400,-66,405.41,1.54736
799,1117,-257,1146.18,4.37475
800,1217,-41,1217.69,4.64767
801,960,61,961.94,3.67151
802,1017,-68,1019.27,3.89035
803,1040,-170,1053.80,4.02215
804,1041,-255,1071.78,4.09075
805,1295,288,1326.64,5.06350
806,526,740,907.90,3.46525
807,567,1007,1155.65,4.41090
808,441,1116,1199.97,4.58005
809,541,626,827.38,3.15794
810,738,303,797.78,3.04496
811,520,379,643.46,2.45596
812,158,499,523.42,1.99777
813,434,744,861.33,3.28752
814,307,378,486.96,1.85864
815,940,3,940.00,3.58780
816,1028,-89,1031.85,3.93834
817,982,-65,984.15,3.75629
818,810,31,810.59,3.09387
819,491,-93,499.73,1.90737
820,197,-152,248.82,0.94971
821,122,20,123.63,0.47186
822,151,152,214.25,0.81777
823,553,317,637.42,2.43288
824,789,567,971.60,3.70840
825,611,493,785.09,2.99654
826,688,323,760.05,2.90095
827,542,404,676.00,2.58016
828,378,149,406.31,1.55079
829,583,-83,588.88,2.24763
830,412,-139,434.82,1.65960
831,980,58,981.71,3.74700
832,1060,355,1117.87,4.26666
833,949,118,956.31,3.65003
834,759,93,764.68,2.91861
835,631,231,671.95,2.56471
836,317,328,456.15,1.74103
837,202,7,202.12,0.77146
838,59,-444,447.90,1.70955
839,424,-419,596.10,2.27520
840,490,-43,491.88,1.87742
841,518,206,557.46,2.12770
842,407,126,426.06,1.62617
843,394,-25,394.79,1.50684
844,302,122,325.71,1.24317
845,401,586,710.07,2.71018
846,115,671,680.78,2.59841
847,-4,438,438.02,1.67183
# END
# FRAME,29,RX_TS,182903548966,FP_INDEX,750.1719,FP_INT,750,RXPACC,269,RXPWR,-67.16,STD_NOISE,140.00,NTM,13,NOISE_THRESH,1820.00,PEAK_IDX,752,PEAK_AMPL,17491,START,700,elapsed_s,3.1280
sample,real,imag,amplitude,amplitude_norm
700,204,21,205.08,0.76237
701,379,-93,390.24,1.45072
702,168,84,187.83,0.69825
703,-534,387,659.49,2.45163
704,-823,230,854.53,3.17671
705,-334,-296,446.29,1.65906
706,451,-266,523.60,1.94647
707,187,-314,365.47,1.35861
708,-252,103,272.24,1.01203
709,-716,-132,728.07,2.70656
710,-739,-29,739.57,2.74933
711,-263,176,316.46,1.17642
712,2,-36,36.06,0.13404
713,-46,91,101.97,0.37905
714,-176,-190,258.99,0.96279
715,-60,87,105.68,0.39288
716,-194,-143,241.01,0.89594
717,17,-47,49.98,0.18580
718,-51,231,236.56,0.87942
719,-573,331,661.73,2.45997
720,-985,272,1021.87,3.79876
721,-598,-25,598.52,2.22499
722,-146,-33,149.68,0.55644
723,-102,-214,237.07,0.88128
724,-490,68,494.70,1.83902
725,-983,116,989.82,3.67963
726,-1024,-106,1029.47,3.82703
727,-620,264,673.87,2.50508
728,-508,173,536.65,1.99498
729,-277,-184,332.54,1.23622
730,-280,-592,654.88,2.43449
731,-17,-268,268.54,0.99828
732,-415,-259,489.19,1.81855
733,-477,-269,547.62,2.03577
734,-44,-715,716.35,2.66302
735,805,-778,1119.51,4.16176
736,1072,-453,1163.78,4.32633
737,873,335,935.07,3.47609
738,-197,513,549.53,2.04284
739,-372,-54,375.90,1.39739
740,356,-303,467.49,1.73787
741,1064,-72,1066.43,3.96444
742,1287,183,1299.95,4.83251
743,1063,-71,1065.37,3.96048
744,870,-275,912.43,3.39193
745,481,161,507.23,1.88561
746,97,260,277.50,1.03162
747,101,60,117.48,0.43672
748,814,-44,815.19,3.03044
749,2071,826,2229.65,8.28864
750,5911,6653,8899.57,33.08390
751,8284,14933,17076.86,63.48275
752,4540,16480,17093.92,63.54616
753,-4409,10705,11577.41,43.03868
754,-8793,-2464,9131.71,33.94688
755,-2346,-3579,4279.36,15.90842
756,3371,7643,8353.39,31.05349
757,1307,16149,16201.80,60.22976
758,-5058,13829,14724.97,54.73965
759,-4528,3836,5934.45,22.06115
760,-132,-2253,2256.86,8.38983
761,2983,-5283,6066.99,22.55387
762,4929,-776,4989.71,18.54911
763,3266,3037,4459.83,16.57931
764,1230,3077,3313.73,12.31871
765,-1334,619,1470.62,5.46698
766,-2277,-1710,2847.60,10.58588
767,-80,-1118,1120.86,4.16676
768,934,-459,1040.69,3.86874
769,654,-816,1045.74,3.88751
770,-191,-101,216.06,0.80320
771,-85,512,519.01,1.92940
772,622,-5,622.02,2.31234
773,1365,-462,1441.07,5.35712
774,1729,-133,1734.11,6.44650
775,433,264,507.13,1.88526
776,-1265,467,1348.45,5.01282
777,-1821,-266,1840.33,6.84136
778,-772,-1431,1625.96,6.04446
779,84,-1348,1350.61,5.02087
780,-380,-1183,1242.53,4.61908
781,-882,-743,1153.24,4.28715
782,-1972,-584,2056.66,7.64557
783,-1704,167,1712.16,6.36492
784,-1080,131,1087.92,4.04430
785,-336,-535,631.76,2.34855
786,-42,-1373,1373.64,5.10648
787,-140,-1072,1081.10,4.01897
788,-444,-884,989.24,3.67746
789,-105,-518,528.53,1.96481
790,-185,-1023,1039.59,3.86466
791,200,-507,545.02,2.02610
792,218,43,222.20,0.82602
793,473,-34,474.22,1.76290
794,-48,-717,718.60,2.67139
795,-373,-873,949.35,3.52917
796,-576,-843,1020.99,3.79551
797,85,-402,410.89,1.52746
798,241,-400,466.99,1.73603
799,-5,-359,359.03,1.33470
800,-689,-506,854.84,3.17786
801,-790,-1098,1352.67,5.02850
802,-511,-833,977.25,3.63289
803,-392,-746,842.72,3.13279
804,-752,-884,1160.59,4.31445
805,-750,-555,933.02,3.46847
806,-686,-1221,1400.51,5.20637
807,165,-992,1005.63,3.73840
808,570,-828,1005.23,3.73691
809,828,-1031,1322.33,4.91571
810,585,-754,954.33,3.54769
811,102,-705,712.34,2.64811
812,-72,-697,700.71,2.60487
813,305,-363,474.12,1.76254
814,422,-568,707.61,2.63051
815,402,-558,687.73,2.55660
816,-217,-504,548.73,2.03989
817,-532,-846,999.37,3.71513
818,-559,-722,913.11,3.39445
819,-342,-735,810.67,3.01365
820,-371,-555,667.58,2.48172
821,-262,-50,266.73,0.99156
822,-27,54,60.37,0.22444
823,93,-112,145.58,0.54118
824,91,-295,308.72,1.14765
825,91,-881,885.69,3.29252
826,222,-796,826.38,3.07204
827,80,-715,719.46,2.67458
828,26,-755,755.45,2.80836
829,45,-391,393.58,1.46313
830,-300,-365,472.47,1.75638
831,-292,-219,365.00,1.35688
832,-370,-427,565.00,2.10038
833,-239,-1128,1153.04,4.28640
834,-207,-828,853.48,3.17280
835,-330,-780,846.94,3.14846
836,-189,-710,734.73,2.73132
837,213,-444,492.45,1.83066
838,159,-316,353.75,1.31504
839,-185,114,217.30,0.80782
840,-505,29,505.83,1.88042
841,-499,-264,564.53,2.09863
842,-174,-439,472.23,1.75549
843,-119,-526,539.29,2.00481
844,-107,-230,253.67,0.94302
845,-74,-169,184.49,0.68584
846,229,-496,546.31,2.03090
847,486,-524,714.68,2.65681
848,445,-245,507.99,1.88842
849,205,-153,255.80,0.95093
# END
# FRAME,30,RX_TS,189293347448,FP_INDEX,750.5781,FP_INT,750,RXPACC,262,RXPWR,-67.27,STD_NOISE,132.00,NTM,13,NOISE_THRESH,1716.00,PEAK_IDX,752,PEAK_AMPL,16572,START,700,elapsed_s,3.2339
sample,real,imag,amplitude,amplitude_norm
700,-104,51,115.83,0.44211
701,3,361,361.01,1.37791
702,-80,427,434.43,1.65813
703,-192,-55,199.72,0.76230
704,-17,-765,765.19,2.92057
705,311,-689,755.94,2.88526
706,295,163,337.04,1.28640
707,159,505,529.44,2.02076
708,134,134,189.50,0.72330
709,292,-494,573.85,2.19025
710,500,-625,800.39,3.05493
711,169,-554,579.20,2.21070
712,63,-118,133.76,0.51055
713,56,40,68.82,0.26267
714,36,-63,72.56,0.27695
715,261,-18,261.62,0.99855
716,97,-60,114.06,0.43533
717,238,-74,249.24,0.95129
718,79,30,84.50,0.32254
719,-193,-340,390.96,1.49221
720,42,-855,856.03,3.26729
721,355,-839,911.01,3.47715
722,220,-337,402.45,1.53608
723,223,-14,223.44,0.85282
724,268,-73,277.76,1.06017
725,187,-723,746.79,2.85035
726,476,-891,1010.18,3.85564
727,247,-738,778.24,2.97037
728,91,-519,526.92,2.01114
729,177,-356,397.57,1.51746
730,436,-85,444.21,1.69545
731,616,133,630.19,2.40532
732,327,-25,327.95,1.25173
733,540,-303,619.20,2.36336
734,557,-204,593.18,2.26405
735,713,568,911.59,3.47934
736,310,1126,1167.89,4.45761
737,-118,1104,1110.29,4.23774
738,-579,181,606.63,2.31539
739,-84,-555,561.32,2.14245
740,297,-15,297.38,1.13503
741,57,795,797.04,3.04214
742,-321,1126,1170.86,4.46894
743,-561,1089,1225.01,4.67560
744,-48,1005,1006.15,3.84025
745,-127,697,708.48,2.70411
746,-304,210,369.48,1.41023
747,-95,-36,101.59,0.38776
748,72,302,310.46,1.18498
749,-469,1054,1153.64,4.40319
750,-3197,2194,3877.43,14.79934
751,-12184,2975,12541.95,47.87004
752,-16496,535,16504.67,62.99494
753,-14441,-4820,15224.15,58.10746
754,-1683,-8546,8710.14,33.24482
755,7097,-4335,8316.23,31.74132
756,-272,424,503.75,1.92269
757,-12527,-1379,12602.67,48.10181
758,-14460,-7370,16229.86,61.94604
759,-6740,-9172,11382.14,43.44329
760,314,-2390,2410.54,9.20053
761,3337,2358,4086.04,15.59558
762,2145,5362,5775.13,22.04246
763,-2735,3612,4530.65,17.29255
764,-3770,906,3877.34,14.79899
765,-2040,-647,2140.14,8.16848
766,1267,-1673,2098.62,8.01001
767,2305,-667,2399.57,9.15865
768,448,719,847.15,3.23340
769,332,1065,1115.55,4.25782
770,593,544,804.73,3.07148
771,46,-378,380.79,1.45339
772,-363,37,364.88,1.39267
773,-46,963,964.10,3.67976
774,-126,1551,1556.11,5.93935
775,-553,1226,1344.95,5.13339
776,-182,-521,551.87,2.10639
777,395,-1571,1619.90,6.18281
778,1384,-963,1686.07,6.43537
779,1606,511,1685.34,6.43258
780,1157,389,1220.64,4.65894
781,1293,-143,1300.88,4.96520
782,1174,-939,1503.33,5.73790
783,1052,-1738,2031.59,7.75415
784,324,-1393,1430.18,5.45872
785,454,-716,847.80,3.23589
786,916,154,928.86,3.54525
787,1342,405,1401.78,5.35031
788,1184,3,1184.00,4.51910
789,748,-60,750.40,2.86413
790,737,151,752.31,2.87141
791,856,214,882.34,3.36773
792,162,275,319.17,1.21820
793,-138,267,300.55,1.14715
794,185,475,509.75,1.94563
795,926,101,931.49,3.55531
796,963,-180,979.68,3.73923
797,708,-43,709.30,2.70727
798,321,325,456.80,1.74351
799,485,287,563.55,2.15097
800,462,-96,471.87,1.80103
801,1105,-353,1160.01,4.42754
802,1195,-119,1200.91,4.58363
803,978,-40,978.82,3.73595
804,972,-185,989.45,3.77652
805,993,-329,1046.08,3.99268
806,954,-376,1025.42,3.91383
807,1215,189,1229.61,4.69318
808,616,687,922.73,3.52186
809,681,1083,1279.32,4.88289
810,522,1118,1233.86,4.70939
811,597,550,811.73,3.09821
812,694,173,715.24,2.72991
813,470,359,591.42,2.25734
814,183,545,574.90,2.19429
815,603,752,963.91,3.67903
816,440,380,581.38,2.21900
817,914,-92,918.62,3.50618
818,979,-137,988.54,3.77305
819,972,-119,979.26,3.73762
820,840,-48,841.37,3.21134
821,470,-88,478.17,1.82507
822,153,-189,243.17,0.92812
823,67,20,69.92,0.26688
824,177,146,229.44,0.87574
825,617,263,670.71,2.55998
826,802,505,947.75,3.61736
827,690,468,833.74,3.18222
828,726,253,768.82,2.93443
829,673,350,758.57,2.89531
830,434,48,436.65,1.66659
831,538,-113,549.74,2.09824
832,370,-212,426.43,1.62760
833,922,-54,923.58,3.52511
834,1084,247,1111.78,4.24345
835,1001,-74,1003.73,3.83104
836,771,2,771.00,2.94276
837,723,142,736.81,2.81226
838,344,278,442.29,1.68813
839,221,5,221.06,0.84373
840,27,-394,394.92,1.50734
841,338,-496,600.22,2.29090
842,398,-230,459.68,1.75450
843,528,16,528.24,2.01619
844,388,61,392.77,1.49911
845,290,-73,299.05,1.14140
846,253,133,285.83,1.09095
847,510,540,742.77,2.83498
848,219,633,669.81,2.55654
849,38,435,436.66,1.66663
# END
# FRAME,31,RX_TS,195683145903,FP_INDEX,751.9375,FP_INT,751,RXPACC,297,RXPWR,-67.43,STD_NOISE,180.00,NTM,13,NOISE_THRESH,2340.00,PEAK_IDX,753,PEAK_AMPL,19050,START,701,elapsed_s,3.3286
sample,real,imag,amplitude,amplitude_norm
701,-111,48,120.93,0.40718
702,143,220,262.39,0.88347
703,350,374,512.23,1.72467
704,-10,241,241.21,0.81215
705,-629,-289,692.22,2.33069
706,-575,-664,878.36,2.95745
707,180,-399,437.72,1.47381
708,542,267,604.20,2.03433
709,381,-39,382.99,1.28953
710,-232,-256,345.49,1.16325
711,-221,-818,847.33,2.85296
712,-331,-665,742.82,2.50109
713,-177,-76,192.63,0.64857
714,99,-25,102.11,0.34380
715,-47,-14,49.04,0.16512
716,141,-246,283.54,0.95469
717,-55,-52,75.69,0.25485
718,87,-269,282.72,0.95192
719,67,-17,69.12,0.23274
720,-285,22,285.85,0.96245
721,-610,-439,751.55,2.53046
722,-705,-819,1080.64,3.63852
723,-262,-465,533.73,1.79707
724,61,-155,166.57,0.56085
725,212,-258,333.93,1.12434
726,-329,-554,644.33,2.16945
727,-542,-901,1051.46,3.54026
728,-428,-917,1011.96,3.40729
729,-524,-418,670.30,2.25690
730,-357,-348,498.55,1.67862
731,93,-316,329.40,1.10909
732,533,-569,779.65,2.62508
733,290,-177,339.75,1.14393
734,140,-649,663.93,2.23545
735,87,-590,596.38,2.00801
736,835,-348,904.62,3.04584
737,1264,454,1343.06,4.52209
738,1052,822,1335.06,4.49515
739,56,934,935.68,3.15043
740,-640,14,640.15,2.15540
741,-45,-335,338.01,1.13808
742,639,286,700.08,2.35718
743,742,1031,1270.25,4.27692
744,601,1293,1425.85,4.80084
745,762,843,1136.35,3.82610
746,729,604,946.71,3.18757
747,7,527,527.05,1.77457
748,-194,192,272.95,0.91901
749,98,80,126.51,0.42595
750,607,847,1042.05,3.50857
751,305,2890,2906.05,9.78468
752,-3666,10432,11057.40,37.23031
753,-10443,16464,19496.65,65.64530
754,-14305,13227,19482.98,65.59926
755,-11810,129,11810.70,39.76668
756,-1519,-9931,10046.50,33.82659
757,1804,-3103,3589.29,12.08516
758,-6524,8360,10604.35,35.70487
759,-15542,9991,18476.30,62.20978
760,-15370,2105,15513.48,52.23392
761,-5009,-2206,5473.25,18.42847
762,2795,-1391,3122.00,10.51180
763,6785,345,6793.77,22.87463
764,3046,4488,5424.04,18.26278
765,-1270,4549,4722.95,15.90220
766,-2157,2449,3263.47,10.98812
767,-1111,-1242,1666.40,5.61077
768,565,-2978,3031.12,10.20580
769,1045,-491,1154.60,3.88755
770,1007,581,1162.59,3.91444
771,1224,35,1224.50,4.12290
772,-11,-313,313.19,1.05452
773,-389,207,440.65,1.48366
774,506,573,764.44,2.57386
775,1243,1078,1645.34,5.53985
776,1089,1629,1959.48,6.59758
777,-132,421,441.21,1.48555
778,-1169,-1040,1564.66,5.26822
779,-449,-1805,1860.01,6.26265
780,1196,-1419,1855.80,6.24847
781,1335,-640,1480.48,4.98479
782,951,-1132,1478.45,4.97796
783,184,-1480,1491.39,5.02153
784,-591,-2382,2454.22,8.26337
785,-1135,-1583,1947.85,6.55841
786,-554,-1124,1253.11,4.21924
787,609,-768,980.16,3.30019
788,1368,-903,1639.16,5.51904
789,992,-807,1278.79,4.30570
790,522,-868,1012.87,3.41034
791,492,-405,637.25,2.14563
792,919,-631,1114.77,3.75345
793,533,5,533.02,1.79469
794,153,207,257.41,0.86669
795,458,317,557.00,1.87543
796,693,-506,858.07,2.88913
797,541,-768,939.42,3.16302
798,377,-767,854.64,2.87759
799,376,-77,383.80,1.29227
800,548,-84,554.40,1.86667
801,285,-330,436.03,1.46813
802,257,-1007,1039.28,3.49925
803,750,-1188,1404.94,4.73042
804,593,-934,1106.35,3.72508
805,536,-808,969.62,3.26471
806,456,-1158,1244.55,4.19040
807,244,-1014,1042.94,3.51160
808,875,-1263,1536.49,5.17336
809,1095,-322,1141.36,3.84297
810,1293,73,1295.06,4.36047
811,1494,283,1520.57,5.11976
812,1048,123,1055.19,3.55284
813,727,-325,796.34,2.68127
814,650,-323,725.83,2.44387
815,550,169,575.38,1.93730
816,898,51,899.45,3.02844
817,776,38,776.93,2.61593
818,469,-655,805.60,2.71245
819,632,-1024,1203.33,4.05161
820,482,-969,1082.26,3.64397
821,541,-735,912.64,3.07285
822,382,-612,721.43,2.42907
823,-29,-323,324.30,1.09192
824,-19,-10,21.47,0.07229
825,180,-3,180.02,0.60614
826,472,-133,490.38,1.65111
827,1022,-358,1082.89,3.64609
828,933,-189,951.95,3.20522
829,704,-383,801.44,2.69845
830,730,-441,852.87,2.87160
831,408,-289,499.98,1.68345
832,291,-621,685.80,2.30909
833,183,-430,467.32,1.57347
834,338,-657,738.85,2.48770
835,984,-807,1272.60,4.28484
836,679,-739,1003.57,3.37904
837,566,-765,951.62,3.20411
838,597,-570,825.41,2.77917
839,541,-74,546.04,1.83851
840,299,-79,309.26,1.04128
841,-258,-167,307.33,1.03479
842,-296,-504,584.49,1.96799
843,-17,-612,612.24,2.06140
844,315,-342,464.96,1.56553
845,397,-333,518.17,1.74467
846,169,-245,297.63,1.00213
847,186,-140,232.80,0.78384
848,686,-96,692.68,2.33227
849,798,180,818.05,2.75437
850,455,349,573.43,1.93075
# END
# FRAME,32,RX_TS,202072944343,FP_INDEX,752.4375,FP_INT,752,RXPACC,270,RXPWR,-67.16,STD_NOISE,164.00,NTM,13,NOISE_THRESH,2132.00,PEAK_IDX,754,PEAK_AMPL,18272,START,702,elapsed_s,3.4387
sample,real,imag,amplitude,amplitude_norm
702,-127,-49,136.12,0.50417
703,-315,144,346.35,1.28279
704,-328,48,331.49,1.22775
705,269,-274,383.98,1.42213
706,866,-283,911.07,3.37433
707,711,156,727.91,2.69597
708,-238,327,404.44,1.49793
709,-259,454,522.68,1.93586
710,97,63,115.66,0.42838
711,693,134,705.84,2.61421
712,800,202,825.11,3.05596
713,474,-205,516.43,1.91271
714,91,97,133.00,0.49261
715,50,-11,51.20,0.18961
716,184,133,227.04,0.84087
717,119,64,135.12,0.50044
718,257,162,303.80,1.12518
719,185,150,238.17,0.88211
720,112,-55,124.78,0.46213
721,480,-327,580.80,2.15111
722,994,-312,1041.82,3.85858
723,826,19,826.22,3.06007
724,343,33,344.58,1.27624
725,137,176,223.04,0.82606
726,381,116,398.27,1.47506
727,967,-134,976.24,3.61570
728,1087,120,1093.60,4.05038
729,804,-157,819.19,3.03402
730,557,-83,563.15,2.08574
731,346,89,357.26,1.32320
732,366,466,592.55,2.19462
733,157,523,546.06,2.02243
734,358,362,509.12,1.88565
735,525,372,643.44,2.38309
736,311,620,693.63,2.56900
737,-469,925,1037.10,3.84113
738,-960,638,1152.67,4.26914
739,-1012,58,1013.66,3.75430
740,-28,-478,478.82,1.77341
741,519,-83,525.59,1.94665
742,-79,321,330.58,1.22436
743,-897,303,946.79,3.50664
744,-1178,-30,1178.38,4.36438
745,-1176,63,1177.69,4.36180
746,-908,386,986.64,3.65422
747,-608,40,609.31,2.25672
748,-133,-258,290.26,1.07505
749,50,-68,84.40,0.31261
750,-439,203,483.66,1.79134
751,-1476,-242,1495.71,5.53966
752,-4448,-3871,5896.55,21.83909
753,-8444,-12814,15346.00,56.83704
754,-6801,-16510,17855.91,66.13302
755,1098,-13970,14013.08,51.90031
756,8557,-1344,8661.90,32.08113
757,5115,4850,7048.81,26.10670
758,-2137,-3323,3950.84,14.63272
759,-3119,-14640,14968.56,55.43911
760,2977,-15675,15955.19,59.09330
761,5670,-7147,9122.97,33.78876
762,1204,775,1431.87,5.30321
763,-1655,5056,5319.98,19.70362
764,-4675,2892,5497.21,20.36003
765,-3985,-2079,4494.72,16.64709
766,-1879,-3167,3682.46,13.63875
767,572,-1484,1590.42,5.89045
768,2388,1084,2622.52,9.71303
769,919,1630,1871.22,6.93044
770,-640,570,857.03,3.17418
771,-701,929,1163.80,4.31039
772,12,584,584.12,2.16342
773,305,-295,424.32,1.57157
774,-315,-198,372.06,1.37800
775,-1124,416,1198.51,4.43893
776,-1657,451,1717.28,6.36030
777,-1019,-74,1021.68,3.78401
778,917,-438,1016.23,3.76383
779,1808,2,1808.00,6.69630
780,1241,1289,1789.30,6.62704
781,162,1696,1703.72,6.31007
782,427,1291,1359.78,5.03623
783,830,1101,1378.80,5.10668
784,1718,739,1870.20,6.92666
785,1927,49,1927.62,7.13934
786,1178,-196,1194.19,4.42294
787,522,415,666.87,2.46987
788,125,1313,1318.94,4.88495
789,221,1326,1344.29,4.97885
790,609,984,1157.21,4.28597
791,257,511,571.99,2.11847
792,170,943,958.20,3.54889
793,-37,808,808.85,2.99573
794,-191,138,235.64,0.87273
795,-371,-89,381.53,1.41306
796,-171,520,547.39,2.02739
797,325,944,998.38,3.69770
798,723,942,1187.47,4.39805
799,274,550,614.47,2.27582
800,-123,437,453.98,1.68141
801,77,462,468.37,1.73471
802,617,418,745.26,2.76022
803,838,994,1300.11,4.81521
804,575,815,997.42,3.69415
805,399,740,840.71,3.11376
806,750,865,1144.87,4.24026
807,819,722,1091.81,4.04373
808,823,1013,1305.18,4.83400
809,115,1184,1189.57,4.40582
810,-395,840,928.24,3.43792
811,-644,1154,1321.53,4.89457
812,-633,879,1083.20,4.01187
813,-173,767,786.27,2.91211
814,176,725,746.06,2.76317
815,-140,458,478.92,1.77378
816,-234,513,563.85,2.08833
817,-361,861,933.62,3.45784
818,92,540,547.78,2.02882
819,596,963,1132.51,4.19449
820,661,845,1072.82,3.97341
821,477,830,957.30,3.54557
822,422,790,895.65,3.31721
823,349,301,460.87,1.70693
824,161,76,178.04,0.65939
825,9,95,95.43,0.35343
826,-51,297,301.35,1.11610
827,-46,931,932.14,3.45235
828,-159,939,952.37,3.52728
829,-49,745,746.61,2.76522
830,84,714,718.92,2.66268
831,41,626,627.34,2.32349
832,311,511,598.20,2.21555
833,345,452,568.62,2.10600
834,392,332,513.70,1.90259
835,370,1044,1107.63,4.10232
836,187,952,970.19,3.59330
837,510,817,963.11,3.56709
838,318,677,747.97,2.77024
839,98,629,636.59,2.35774
840,-183,414,452.64,1.67645
841,192,39,195.92,0.72563
842,527,-129,542.56,2.00948
843,655,235,695.88,2.57734
844,326,419,530.88,1.96623
845,230,607,649.11,2.40413
846,140,307,337.42,1.24969
847,181,274,328.39,1.21624
848,-60,428,432.19,1.60069
849,-344,688,769.21,2.84892
850,-449,336,560.80,2.07704
851,-299,179,348.49,1.29069
# END
# FRAME,33,RX_TS,208462733019,FP_INDEX,752.2500,FP_INT,752,RXPACC,273,RXPWR,-67.19,STD_NOISE,144.00,NTM,13,NOISE_THRESH,1872.00,PEAK_IDX,754,PEAK_AMPL,18261,START,702,elapsed_s,3.5274
sample,real,imag,amplitude,amplitude_norm
702,-74,219,231.16,0.84676
703,121,339,359.95,1.31849
704,-30,308,309.46,1.13354
705,-410,-316,517.64,1.89613
706,-325,-758,824.74,3.02101
707,251,-458,522.27,1.91307
708,334,331,470.23,1.72246
709,390,94,401.17,1.46948
710,-41,-158,163.23,0.59792
711,161,-687,705.61,2.58466
712,22,-760,760.32,2.78505
713,-201,-322,379.59,1.39042
714,93,-5,93.13,0.34115
715,-104,27,107.45,0.39358
716,183,-190,263.80,0.96629
717,37,-14,39.56,0.14491
718,188,-257,318.42,1.16638
719,73,-95,119.81,0.43886
720,-153,-94,179.57,0.65776
721,-397,-507,643.94,2.35875
722,-397,-956,1035.15,3.79177
723,-48,-668,669.72,2.45320
724,8,-219,219.15,0.80273
725,203,-143,248.31,0.90956
726,-49,-453,455.64,1.66902
727,-152,-945,957.15,3.50603
728,20,-1030,1030.19,3.77361
729,-332,-647,727.21,2.66377
730,-119,-459,474.18,1.73691
731,152,-247,290.02,1.06235
732,568,-349,666.65,2.44195
733,395,-49,398.03,1.45798
734,352,-478,593.62,2.17444
735,261,-499,563.14,2.06277
736,679,-192,705.62,2.58470
737,943,611,1123.64,4.11590
738,643,1003,1191.41,4.36414
739,-60,974,975.85,3.57453
740,-450,-38,451.60,1.65422
741,2,-391,391.01,1.43225
742,401,245,469.92,1.72132
743,300,1021,1064.16,3.89803
744,87,1298,1300.91,4.76525
745,306,1150,1190.02,4.35903
746,450,891,998.19,3.65637
747,-44,540,541.79,1.98458
748,-212,157,263.80,0.96632
749,3,17,17.26,0.06323
750,284,651,710.25,2.60165
751,-348,1936,1967.03,7.20523
752,-4916,6186,7901.50,28.94321
753,-13554,10304,17025.96,62.36616
754,-16446,7501,18075.84,66.21186
755,-12491,-1914,12636.79,46.28861
756,333,-9003,9009.16,33.00057
757,3874,-3796,5423.79,19.86736
758,-5763,3808,6907.46,25.30206
759,-15709,3916,16189.74,59.30309
760,-15109,-2688,15346.25,56.21335
761,-5411,-4374,6957.79,25.48640
762,1699,-645,1817.31,6.65682
763,5630,1930,5951.62,21.80081
764,2168,4826,5290.60,19.37951
765,-2337,3879,4528.60,16.58828
766,-2953,1835,3476.70,12.73516
767,-1008,-983,1407.96,5.15736
768,1262,-2536,2832.66,10.37603
769,1310,-462,1389.08,5.08821
770,654,780,1017.90,3.72856
771,1080,610,1240.36,4.54345
772,311,-141,341.47,1.25081
773,-435,-108,448.21,1.64178
774,49,482,484.48,1.77467
775,661,1238,1403.41,5.14070
776,549,1774,1857.01,6.80223
777,-71,734,737.43,2.70119
778,-584,-1089,1235.71,4.52641
779,48,-1734,1734.66,6.35408
780,1452,-1055,1794.81,6.57438
781,1616,-155,1623.42,5.94658
782,1288,-591,1417.12,5.19091
783,902,-945,1306.38,4.78527
784,517,-1901,1970.05,7.21629
785,-138,-1619,1624.87,5.95191
786,-153,-935,947.44,3.47046
787,536,-393,664.64,2.43458
788,1360,-277,1387.92,5.08397
789,1156,-321,1199.74,4.39465
790,913,-568,1075.26,3.93870
791,518,-201,555.63,2.03528
792,1027,-326,1077.50,3.94688
793,644,130,656.99,2.40656
794,112,291,311.81,1.14216
795,69,593,597.00,2.18682
796,758,8,758.04,2.77671
797,858,-387,941.24,3.44777
798,760,-659,1005.92,3.68470
799,350,-64,355.80,1.30331
800,374,131,396.28,1.45157
801,370,-133,393.18,1.44021
802,409,-706,815.91,2.98870
803,1004,-884,1337.71,4.90004
804,803,-643,1028.72,3.76819
805,757,-472,892.09,3.26775
806,893,-858,1238.39,4.53623
807,631,-798,1017.33,3.72649
808,1118,-829,1391.82,5.09824
809,1191,-15,1191.09,4.36298
810,946,457,1050.60,3.84836
811,1239,667,1407.13,5.15432
812,956,567,1111.50,4.07142
813,785,78,788.87,2.88962
814,701,-134,713.69,2.61426
815,372,205,424.75,1.55585
816,631,282,691.15,2.53168
817,728,361,812.59,2.97653
818,554,-238,602.96,2.20864
819,901,-686,1132.43,4.14809
820,706,-713,1003.40,3.67545
821,755,-441,874.36,3.20279
822,723,-415,833.64,3.05362
823,177,-309,356.10,1.30441
824,51,-133,142.44,0.52177
825,86,-4,86.09,0.31536
826,320,18,320.51,1.17401
827,926,-56,927.69,3.39814
828,872,76,875.31,3.20625
829,741,-2,741.00,2.71430
830,736,-100,742.76,2.72074
831,497,-82,503.72,1.84513
832,483,-418,638.76,2.33978
833,415,-360,549.39,2.01240
834,398,-425,582.26,2.13283
835,1130,-322,1174.98,4.30397
836,876,-300,925.95,3.39174
837,816,-539,977.95,3.58222
838,754,-381,844.79,3.09448
839,623,87,629.05,2.30420
840,383,98,395.34,1.44813
841,-103,-260,279.66,1.02439
842,-155,-571,591.66,2.16727
843,175,-572,598.17,2.19110
844,412,-284,500.40,1.83297
845,567,-196,599.92,2.19751
846,239,-144,279.03,1.02208
847,227,-86,242.74,0.88917
848,523,85,529.86,1.94089
849,649,399,761.84,2.79063
850,373,452,586.03,2.14664
851,179,257,313.19,1.14723
# END
# FRAME,34,RX_TS,214852531404,FP_INDEX,751.6406,FP_INT,751,RXPACC,265,RXPWR,-67.30,STD_NOISE,160.00,NTM,13,NOISE_THRESH,2080.00,PEAK_IDX,753,PEAK_AMPL,16635,START,701,elapsed_s,3.6507
sample,real,imag,amplitude,amplitude_norm
701,115,29,118.60,0.44755
702,106,-265,285.41,1.07703
703,143,-371,397.61,1.50040
704,230,129,263.71,0.99512
705,25,854,854.37,3.22402
706,-247,783,821.03,3.09824
707,-266,-32,267.92,1.01101
708,-25,-526,526.59,1.98715
709,-120,-94,152.43,0.57522
710,-214,450,498.29,1.88035
711,-502,610,790.00,2.98114
712,-138,661,675.25,2.54812
713,49,156,163.51,0.61704
714,34,13,36.40,0.13736
715,1,178,178.00,0.67171
716,-198,151,249.01,0.93965
717,19,109,110.64,0.41752
718,-211,144,255.45,0.96398
719,-1,95,95.01,0.35851
720,268,368,455.24,1.71791
721,-48,880,881.31,3.32569
722,-303,955,1001.92,3.78081
723,-161,467,493.97,1.86405
724,-150,89,174.42,0.65817
725,-213,46,217.91,0.82230
726,-181,739,760.84,2.87111
727,-466,951,1059.04,3.99636
728,-301,821,874.44,3.29977
729,-100,578,586.59,2.21353
730,-126,423,441.37,1.66554
731,-391,98,403.09,1.52111
732,-682,-67,685.28,2.58597
733,-240,12,240.30,0.90679
734,-514,293,591.65,2.23263
735,-503,211,545.46,2.05835
736,-645,-596,878.20,3.31397
737,-137,-1125,1133.31,4.27665
738,253,-1057,1086.86,4.10135
739,629,-141,644.61,2.43249
740,135,586,601.35,2.26924
741,-225,109,250.01,0.94344
742,41,-728,729.15,2.75152
743,531,-977,1111.98,4.19613
744,758,-1047,1292.58,4.87768
745,179,-1013,1028.69,3.88186
746,177,-681,703.63,2.65519
747,345,-114,363.35,1.37112
748,220,141,261.31,0.98606
749,79,-164,182.04,0.68693
750,541,-934,1079.37,4.07309
751,3054,-1772,3530.85,13.32396
752,11823,-1991,11989.47,45.24329
753,16487,644,16499.57,62.26254
754,14748,5651,15793.58,59.59843
755,2249,8933,9211.76,34.76135
756,-7449,4548,8727.65,32.93453
757,-614,-321,692.85,2.61452
758,11833,2056,12010.29,45.32184
759,14261,8269,16484.92,62.20723
760,6873,10141,12250.63,46.22880
761,-232,2898,2907.27,10.97084
762,-3035,-2255,3781.04,14.26807
763,-2103,-5523,5909.83,22.30126
764,2816,-3572,4548.52,17.16423
765,3880,-664,3936.41,14.85436
766,2250,818,2394.08,9.03427
767,-1066,1614,1934.26,7.29908
768,-2410,702,2510.16,9.47230
769,-429,-677,801.48,3.02445
770,-141,-1082,1091.15,4.11754
771,-475,-720,862.57,3.25498
772,-22,417,417.58,1.57577
773,395,127,414.91,1.56571
774,157,-837,851.60,3.21357
775,207,-1531,1544.93,5.82993
776,689,-1393,1554.08,5.86446
777,207,370,423.97,1.59988
778,-391,1537,1585.95,5.98473
779,-1353,1040,1706.52,6.43970
780,-1584,-388,1630.83,6.15407
781,-1128,-422,1204.35,4.54473
782,-1377,9,1377.03,5.19634
783,-1245,780,1469.16,5.54399
784,-1271,1589,2034.79,7.67845
785,-444,1299,1372.78,5.18032
786,-626,657,907.48,3.42446
787,-936,-143,946.86,3.57306
788,-1248,-428,1319.35,4.97868
789,-961,-102,966.40,3.64678
790,-689,23,689.38,2.60145
791,-667,-175,689.58,2.60217
792,-885,-299,934.14,3.52507
793,-77,-337,345.68,1.30447
794,306,-267,406.11,1.53249
795,-23,-517,517.51,1.95287
796,-810,-137,821.50,3.10002
797,-921,146,932.50,3.51887
798,-678,129,690.16,2.60439
799,-150,-210,258.07,0.97385
800,-226,-189,294.61,1.11175
801,-376,213,432.14,1.63072
802,-1040,424,1123.11,4.23815
803,-1102,142,1111.11,4.19287
804,-888,65,890.38,3.35991
805,-966,157,978.68,3.69311
806,-1119,332,1167.21,4.40458
807,-1017,338,1071.70,4.04414
808,-1306,-240,1327.87,5.01083
809,-595,-695,914.90,3.45247
810,-631,-947,1137.97,4.29422
811,-513,-1073,1189.33,4.48803
812,-463,-613,768.20,2.89888
813,-599,-211,635.08,2.39651
814,-458,-309,552.49,2.08487
815,-122,-431,447.93,1.69032
816,-476,-702,848.16,3.20061
817,-324,-369,491.06,1.85305
818,-826,130,836.17,3.15535
819,-952,161,965.52,3.64346
820,-919,96,924.00,3.48679
821,-805,45,806.26,3.04248
822,-544,184,574.28,2.16708
823,-174,271,322.05,1.21529
824,34,57,66.37,0.25045
825,-83,-106,134.63,0.50803
826,-468,-282,546.40,2.06187
827,-717,-566,913.48,3.44709
828,-521,-466,699.00,2.63773
829,-585,-205,619.88,2.33917
830,-554,-259,611.55,2.30775
831,-378,18,378.43,1.42803
832,-617,173,640.79,2.41809
833,-400,207,450.39,1.69958
834,-797,63,799.49,3.01693
835,-922,-348,985.49,3.71883
836,-766,-29,766.55,2.89264
837,-640,-40,641.25,2.41981
838,-678,-171,699.23,2.63861
839,-284,-325,431.60,1.62869
840,-113,-5,113.11,0.42683
841,50,451,453.76,1.71231
842,-316,511,600.81,2.26722
843,-428,254,497.69,1.87809
844,-500,-66,504.34,1.90316
845,-350,-95,362.66,1.36854
846,-249,115,274.27,1.03499
847,-222,-33,224.44,0.84694
848,-421,-494,649.06,2.44928
849,-137,-634,648.63,2.44767
850,70,-406,411.99,1.55468
# END
# FRAME,35,RX_TS,221242329753,FP_INDEX,752.3437,FP_INT,752,RXPACC,261,RXPWR,-67.20,STD_NOISE,132.00,NTM,13,NOISE_THRESH,1716.00,PEAK_IDX,754,PEAK_AMPL,16837,START,702,elapsed_s,3.7311
sample,real,imag,amplitude,amplitude_norm
702,-98,-131,163.60,0.62682
703,-329,46,332.20,1.27280
704,-321,-123,343.76,1.31708
705,362,-206,416.51,1.59582
706,940,-36,940.69,3.60417
707,644,310,714.73,2.73842
708,-231,264,350.79,1.34404
709,-281,324,428.88,1.64321
710,135,71,152.53,0.58441
711,667,264,717.35,2.74845
712,695,384,794.03,3.04225
713,511,-51,513.54,1.96758
714,95,127,158.60,0.60766
715,24,20,31.24,0.11970
716,126,230,262.25,1.00480
717,155,152,217.09,0.83177
718,214,188,284.85,1.09138
719,144,152,209.38,0.80222
720,132,-18,133.22,0.51043
721,470,-234,525.03,2.01161
722,1007,-41,1007.83,3.86143
723,757,259,800.08,3.06545
724,268,133,299.19,1.14631
725,71,230,240.71,0.92226
726,326,193,378.85,1.45152
727,956,161,969.46,3.71441
728,959,459,1063.18,4.07350
729,735,65,737.87,2.82708
730,548,38,549.32,2.10466
731,333,152,366.05,1.40249
732,199,573,606.57,2.32403
733,-34,607,607.95,2.32932
734,248,454,517.32,1.98207
735,429,410,593.41,2.27362
736,144,572,589.85,2.25995
737,-627,711,947.97,3.63207
738,-1024,351,1082.49,4.14746
739,-884,-186,903.36,3.46113
740,134,-453,472.40,1.80997
741,533,-7,533.05,2.04232
742,-106,301,319.12,1.22268
743,-848,11,848.07,3.24932
744,-1145,-267,1175.72,4.50467
745,-1111,-272,1143.81,4.38242
746,-903,106,909.20,3.48353
747,-485,-77,491.07,1.88151
748,-60,-242,249.33,0.95528
749,30,-52,60.03,0.23001
750,-450,63,454.39,1.74095
751,-1320,-621,1458.78,5.58920
752,-3131,-4810,5739.27,21.98955
753,-4318,-13942,14595.36,55.92091
754,-1569,-16451,16525.65,63.31667
755,4892,-12606,13521.94,51.80820
756,8392,1064,8459.18,32.41066
757,3454,5900,6836.67,26.19415
758,-1054,-3629,3778.96,14.47878
759,1228,-14403,14455.25,55.38412
760,7083,-13906,15605.95,59.79292
761,7186,-5068,8793.36,33.69104
762,978,1141,1502.79,5.75780
763,-2910,4261,5159.87,19.76960
764,-5102,1371,5283.00,20.24136
765,-3143,-3025,4362.23,16.71354
766,-872,-3481,3588.56,13.74926
767,939,-1193,1518.21,5.81691
768,1955,1743,2619.17,10.03515
769,319,1774,1802.45,6.90595
770,-842,385,925.85,3.54730
771,-926,680,1148.86,4.40176
772,-154,493,516.49,1.97890
773,426,-231,484.60,1.85670
774,-212,-213,300.52,1.15142
775,-1136,140,1144.59,4.38542
776,-1682,12,1682.04,6.44461
777,-892,-265,930.53,3.56525
778,994,-187,1011.44,3.87524
779,1717,384,1759.42,6.74106
780,854,1436,1670.75,6.40135
781,-256,1553,1573.96,6.03049
782,12,1312,1312.05,5.02703
783,506,1220,1320.77,5.06043
784,1507,1099,1865.17,7.14624
785,1880,528,1952.74,7.48175
786,1228,157,1238.00,4.74328
787,491,581,760.69,2.91450
788,-164,1202,1213.14,4.64803
789,-248,1165,1191.10,4.56362
790,257,1038,1069.34,4.09710
791,49,576,578.08,2.21487
792,-31,941,941.51,3.60732
793,-206,742,770.06,2.95044
794,-245,102,265.38,1.01680
795,-393,-130,413.94,1.58599
796,-253,502,562.15,2.15383
797,100,857,862.81,3.30580
798,407,877,966.84,3.70436
799,126,471,487.56,1.86805
800,-187,368,412.79,1.58156
801,-52,464,466.90,1.78891
802,416,558,696.00,2.66668
803,493,1187,1285.31,4.92455
804,319,1038,1085.91,4.16058
805,242,863,896.29,3.43406
806,441,1044,1133.32,4.34223
807,529,890,1035.35,3.96684
808,509,1157,1264.01,4.84296
809,-213,1208,1226.63,4.69975
810,-608,721,943.14,3.61355
811,-904,844,1236.75,4.73851
812,-835,582,1017.82,3.89968
813,-396,665,773.98,2.96543
814,-46,756,757.40,2.90191
815,-273,375,463.85,1.77719
816,-467,375,598.93,2.29474
817,-567,593,820.45,3.14349
818,-68,495,499.65,1.91436
819,298,1051,1092.43,4.18556
820,360,900,969.33,3.71391
821,205,885,908.43,3.48059
822,197,814,837.50,3.20881
823,253,347,429.44,1.64536
824,152,98,180.85,0.69293
825,-35,111,116.39,0.44593
826,-137,230,267.71,1.02571
827,-181,772,792.93,3.03806
828,-382,793,880.21,3.37246
829,-223,671,707.09,2.70914
830,-61,715,717.60,2.74942
831,-111,515,526.83,2.01849
832,193,520,554.66,2.12514
833,288,562,631.50,2.41953
834,342,431,550.20,2.10806
835,98,1084,1088.42,4.17020
836,-105,963,968.71,3.71152
837,207,939,961.55,3.68408
838,83,756,760.54,2.91396
839,-115,583,594.23,2.27676
840,-206,305,368.05,1.41015
841,198,70,210.01,0.80463
842,557,13,557.15,2.13468
843,542,334,636.65,2.43926
844,161,458,485.47,1.86005
845,30,621,621.72,2.38209
846,47,267,271.11,1.03872
847,125,327,350.08,1.34129
848,-93,376,387.33,1.48403
849,-461,515,691.19,2.64824
850,-437,211,485.27,1.85928
851,-266,91,281.14,1.07715
# END
# FRAME,36,RX_TS,227632128086,FP_INDEX,750.7969,FP_INT,750,RXPACC,268,RXPWR,-67.59,STD_NOISE,132.00,NTM,13,NOISE_THRESH,1716.00,PEAK_IDX,758,PEAK_AMPL,16863,START,700,elapsed_s,3.8316
sample,real,imag,amplitude,amplitude_norm
700,-13,126,126.67,0.47265
701,249,140,285.66,1.06589
702,418,113,433.00,1.61569
703,95,215,235.05,0.87706
704,-745,137,757.49,2.82646
705,-824,-188,845.17,3.15364
706,-109,-336,353.24,1.31805
707,529,-74,534.15,1.99310
708,201,-148,249.61,0.93138
709,-421,-109,434.88,1.62269
710,-663,-446,799.05,2.98154
711,-717,-214,748.25,2.79199
712,-229,53,235.05,0.87706
713,68,24,72.11,0.26907
714,-56,-21,59.81,0.22316
715,-90,-188,208.43,0.77773
716,-87,-3,87.05,0.32482
717,-132,-228,263.45,0.98304
718,27,-14,30.41,0.11348
719,-204,323,382.03,1.42548
720,-761,53,762.84,2.84643
721,-948,-205,969.91,3.61907
722,-473,-207,516.31,1.92654
723,-37,-187,190.63,0.71129
724,-67,-233,242.44,0.90463
725,-668,-132,680.92,2.54074
726,-978,-324,1030.27,3.84430
727,-866,-359,937.46,3.49800
728,-560,-32,560.91,2.09296
729,-442,-73,447.99,1.67160
730,-126,-342,364.47,1.35997
731,99,-688,695.09,2.59361
732,102,-228,249.78,0.93200
733,-290,-532,605.91,2.26085
734,-260,-451,520.58,1.94245
735,440,-710,835.28,3.11673
736,1116,-383,1179.89,4.40258
737,1144,37,1144.60,4.27089
738,475,707,851.75,3.17816
739,-457,278,534.91,1.99595
740,-143,-221,263.23,0.98220
741,686,-109,694.61,2.59181
742,1095,351,1149.88,4.29060
743,1162,664,1338.33,4.99379
744,1013,157,1025.09,3.82498
745,833,106,839.72,3.13327
746,301,350,461.63,1.72249
747,10,217,217.23,0.81056
748,215,71,226.42,0.84485
749,1021,348,1078.68,4.02492
750,1982,2273,3015.77,11.25286
751,3284,10250,10763.23,40.16131
752,1569,16469,16543.57,61.72974
753,-3330,15726,16074.70,59.98022
754,-8572,5193,10022.30,37.39663
755,-6072,-6675,9023.57,33.67004
756,2,-2069,2069.00,7.72015
757,-222,10648,10650.31,39.73997
758,-6123,15428,16598.62,61.93516
759,-9724,9179,13371.99,49.89550
760,-3990,660,4044.22,15.09037
761,1556,-2841,3239.20,12.08657
762,5225,-3187,6120.26,22.83679
763,4384,2036,4833.71,18.03623
764,1422,3956,4203.81,15.68586
765,-302,2750,2766.53,10.32288
766,-1550,-573,1652.52,6.16613
767,-1015,-2463,2663.94,9.94009
768,668,-770,1019.37,3.80364
769,1089,-249,1117.10,4.16830
770,796,-628,1013.90,3.78322
771,-303,-123,327.01,1.22020
772,-113,458,471.73,1.76020
773,813,125,822.55,3.06923
774,1552,77,1553.91,5.79817
775,1575,498,1651.86,6.16364
776,-141,358,384.77,1.43569
777,-1515,-152,1522.61,5.68137
778,-1318,-1025,1669.66,6.23006
779,112,-1696,1699.69,6.34214
780,483,-1259,1348.47,5.03160
781,-107,-1386,1390.12,5.18703
782,-808,-1126,1385.91,5.17130
783,-1804,-1160,2144.76,8.00285
784,-1612,-320,1643.45,6.13229
785,-1002,-360,1064.71,3.97279
786,-9,-738,738.05,2.75394
787,435,-1266,1338.65,4.99496
788,185,-934,952.15,3.55278
789,-160,-770,786.45,2.93451
790,108,-584,593.90,2.21605
791,295,-987,1030.14,3.84382
792,415,-213,466.47,1.74056
793,343,180,387.36,1.44538
794,564,18,564.29,2.10555
795,102,-697,704.42,2.62845
796,-139,-835,846.49,3.15855
797,-235,-820,853.01,3.18287
798,165,-283,327.59,1.22234
799,248,-403,473.19,1.76565
800,-52,-399,402.37,1.50140
801,-397,-949,1028.69,3.83841
802,-166,-1201,1212.42,4.52395
803,-130,-848,857.91,3.20114
804,-144,-823,835.50,3.11755
805,-394,-1079,1148.68,4.28614
806,-491,-935,1056.08,3.94060
807,-14,-1402,1402.07,5.23160
808,672,-809,1051.70,3.92424
809,1006,-704,1227.86,4.58159
810,1215,-658,1381.73,5.15572
811,685,-509,853.41,3.18436
812,253,-615,665.01,2.48137
813,283,-522,593.78,2.21559
814,448,-154,473.73,1.76765
815,689,-446,820.75,3.06251
816,530,-384,654.49,2.44212
817,-27,-810,810.45,3.02407
818,-169,-1004,1018.12,3.79897
819,-164,-935,949.27,3.54207
820,-20,-797,797.25,2.97482
821,-76,-627,631.59,2.35668
822,-127,-153,198.84,0.74195
823,-2,-19,19.10,0.07129
824,144,-138,199.45,0.74421
825,266,-403,482.87,1.80176
826,466,-781,909.46,3.39351
827,473,-559,732.26,2.73233
828,250,-642,688.96,2.57074
829,314,-689,757.18,2.82529
830,71,-441,446.68,1.66671
831,-196,-554,587.65,2.19272
832,-186,-377,420.39,1.56861
833,-127,-704,715.36,2.66927
834,291,-1087,1125.28,4.19880
835,58,-797,799.11,2.98174
836,44,-689,690.40,2.57613
837,129,-729,740.33,2.76241
838,345,-340,484.38,1.80739
839,60,-166,176.51,0.65862
840,-337,95,350.13,1.30647
841,-539,-142,557.39,2.07982
842,-282,-373,467.60,1.74479
843,50,-483,485.58,1.81187
844,87,-467,475.03,1.77252
845,-32,-271,272.88,1.01822
846,72,-210,222.00,0.82836
847,487,-553,736.87,2.74952
848,648,-263,699.34,2.60947
849,448,32,449.14,1.67590
# END
# FRAME,37,RX_TS,234021926382,FP_INDEX,749.6719,FP_INT,749,RXPACC,266,RXPWR,-67.33,STD_NOISE,160.00,NTM,13,NOISE_THRESH,2080.00,PEAK_IDX,751,PEAK_AMPL,17265,START,699,elapsed_s,3.9276
sample,real,imag,amplitude,amplitude_norm
699,162,54,170.76,0.64197
700,144,-269,305.12,1.14706
701,213,-315,380.26,1.42953
702,202,178,269.24,1.01217
703,-59,792,794.19,2.98569
704,-378,644,746.74,2.80729
705,-271,-130,300.57,1.12995
706,-80,-479,485.63,1.82569
707,-92,-119,150.42,0.56547
708,-306,484,572.62,2.15270
709,-562,544,782.16,2.94046
710,-211,641,674.83,2.53697
711,10,179,179.28,0.67398
712,26,-30,39.70,0.14924
713,-67,124,140.94,0.52986
714,-229,79,242.24,0.91069
715,-56,127,138.80,0.52180
716,-152,105,184.74,0.69451
717,-18,33,37.59,0.14132
718,169,477,506.05,1.90246
719,-181,912,929.79,3.49544
720,-373,853,930.99,3.49995
721,-225,426,481.77,1.81116
722,-132,56,143.39,0.53905
723,-204,91,223.38,0.83976
724,-293,805,856.66,3.22054
725,-618,904,1095.05,4.11674
726,-425,781,889.15,3.34267
727,-158,559,580.90,2.18384
728,-155,409,437.39,1.64431
729,-428,32,429.19,1.61351
730,-608,-198,639.43,2.40386
731,-295,-9,295.14,1.10954
732,-558,256,613.92,2.30798
733,-527,125,541.62,2.03617
734,-540,-673,862.86,3.24384
735,-19,-1128,1128.16,4.24120
736,426,-1036,1120.17,4.21115
737,719,-10,719.07,2.70327
738,76,614,618.69,2.32589
739,-243,54,248.93,0.93582
740,135,-772,783.71,2.94630
741,687,-954,1175.62,4.41963
742,866,-878,1233.22,4.63618
743,327,-867,926.62,3.48352
744,319,-602,681.30,2.56127
745,403,-81,411.06,1.54534
746,205,98,227.22,0.85421
747,58,-209,216.90,0.81541
748,677,-856,1091.36,4.10285
749,3475,-1409,3749.79,14.09694
750,12349,-370,12354.54,46.44565
751,16483,3120,16775.69,63.06649
752,13770,7840,15845.46,59.56939
753,414,9070,9079.44,34.13325
754,-7959,3214,8583.44,32.26858
755,12,-360,360.20,1.35414
756,11909,3845,12514.32,47.04633
757,13050,10319,16636.83,62.54449
758,5151,10779,11946.53,44.91178
759,-679,2705,2788.92,10.48466
760,-2698,-2829,3909.28,14.69653
761,-1099,-5715,5819.71,21.87861
762,3450,-3078,4623.48,17.38151
763,4022,-146,4024.65,15.13026
764,2018,1055,2277.14,8.56066
765,-1390,1420,1987.08,7.47024
766,-2471,185,2477.92,9.31547
767,-372,-838,916.86,3.44683
768,-62,-1063,1064.81,4.00303
769,-435,-676,803.87,3.02205
770,-68,473,477.86,1.79648
771,372,122,391.49,1.47178
772,336,-904,964.42,3.62565
773,490,-1439,1520.14,5.71481
774,855,-1127,1414.62,5.31813
775,208,516,556.35,2.09152
776,-547,1542,1636.15,6.15092
777,-1470,871,1708.67,6.42356
778,-1554,-622,1673.86,6.29270
779,-1113,-621,1274.52,4.79144
780,-1361,-189,1374.06,5.16564
781,-1395,690,1556.32,5.85082
782,-1543,1629,2243.77,8.43521
783,-666,1527,1665.92,6.26285
784,-636,794,1017.32,3.82450
785,-805,-248,842.34,3.16667
786,-1100,-629,1267.14,4.76368
787,-997,-242,1025.95,3.85695
788,-703,-20,703.28,2.64393
789,-606,-189,634.79,2.38642
790,-760,-443,879.69,3.30709
791,-35,-376,377.63,1.41964
792,249,-266,364.36,1.36977
793,-71,-536,540.68,2.03264
794,-773,-283,823.18,3.09464
795,-912,82,915.68,3.44240
796,-727,116,736.20,2.76766
797,-287,-254,383.26,1.44081
798,-402,-309,507.04,1.90615
799,-398,27,398.91,1.49968
800,-1059,138,1067.95,4.01486
801,-1083,-25,1083.29,4.07251
802,-836,-43,837.11,3.14701
803,-906,-2,906.00,3.40602
804,-1091,179,1105.59,4.15634
805,-1029,199,1048.07,3.94010
806,-1192,-413,1261.52,4.74256
807,-523,-735,902.08,3.39129
808,-526,-1047,1171.70,4.40489
809,-357,-1146,1200.32,4.51248
810,-328,-688,762.19,2.86536
811,-514,-257,574.67,2.16041
812,-345,-353,493.59,1.85561
813,-25,-515,515.61,1.93837
814,-331,-822,886.14,3.33136
815,-272,-353,445.64,1.67533
816,-853,-66,855.55,3.21635
817,-914,-16,914.14,3.43662
818,-908,-20,908.22,3.41436
819,-781,-95,786.76,2.95773
820,-490,98,499.70,1.87859
821,-143,209,253.24,0.95203
822,37,33,49.58,0.18638
823,-80,-165,183.37,0.68937
824,-495,-337,598.83,2.25123
825,-628,-620,882.49,3.31762
826,-469,-518,698.77,2.62697
827,-525,-313,611.22,2.29783
828,-513,-338,614.34,2.30955
829,-426,-50,428.92,1.61250
830,-577,88,583.67,2.19426
831,-386,124,405.43,1.52417
832,-841,-88,845.59,3.17892
833,-900,-429,997.02,3.74818
834,-866,-124,874.83,3.28884
835,-716,-119,725.82,2.72865
836,-630,-265,683.47,2.56942
837,-261,-307,402.95,1.51486
838,-133,23,134.97,0.50742
839,-46,476,478.22,1.79781
840,-318,440,542.88,2.04092
841,-380,174,417.94,1.57121
842,-441,-138,462.09,1.73717
843,-298,-98,313.70,1.17933
844,-283,65,290.37,1.09161
845,-202,-92,221.96,0.83445
846,-292,-460,544.85,2.04832
847,-32,-592,592.86,2.22881
848,122,-407,424.89,1.59734
# END
# FRAME,38,RX_TS,240411724657,FP_INDEX,746.5937,FP_INT,746,RXPACC,265,RXPWR,-67.34,STD_NOISE,132.00,NTM,13,NOISE_THRESH,1716.00,PEAK_IDX,748,PEAK_AMPL,16586,START,696,elapsed_s,4.0281
sample,real,imag,amplitude,amplitude_norm
696,31,190,192.51,0.72646
697,289,71,297.59,1.12300
698,452,97,462.29,1.74449
699,-29,204,206.05,0.77755
700,-733,132,744.79,2.81053
701,-687,-189,712.52,2.68877
702,150,-265,304.51,1.14909
703,470,-169,499.46,1.88476
704,115,-63,131.13,0.49481
705,-524,-190,557.38,2.10333
706,-632,-441,770.65,2.90812
707,-574,-87,580.56,2.19078
708,-77,3,77.06,0.29079
709,38,54,66.03,0.24917
710,-68,-48,83.23,0.31409
711,-28,-171,173.28,0.65388
712,-54,-46,70.94,0.26769
713,-108,-189,217.68,0.82144
714,-40,-20,44.72,0.16876
715,-243,316,398.63,1.50426
716,-798,35,798.77,3.01422
717,-832,-244,867.04,3.27185
718,-388,-100,400.68,1.51200
719,9,-180,180.22,0.68009
720,-37,-237,239.87,0.90517
721,-754,-91,759.47,2.86593
722,-895,-379,971.94,3.66770
723,-790,-191,812.76,3.06702
724,-481,-30,481.93,1.81862
725,-341,-81,350.49,1.32260
726,-132,-383,405.11,1.52871
727,111,-652,661.38,2.49578
728,-52,-248,253.39,0.95620
729,-323,-431,538.60,2.03245
730,-224,-472,522.46,1.97153
731,607,-666,901.11,3.40043
732,1102,-242,1128.26,4.25758
733,1104,136,1112.35,4.19753
734,250,577,628.83,2.37295
735,-470,147,492.45,1.85831
736,-16,-232,232.55,0.87755
737,780,-20,780.26,2.94436
738,1029,425,1113.31,4.20118
739,1073,670,1265.00,4.77359
740,1012,141,1021.78,3.85576
741,779,175,798.41,3.01289
742,237,363,433.52,1.63592
743,-81,179,196.47,0.74141
744,241,30,242.86,0.91645
745,1074,561,1211.69,4.57242
746,2176,3147,3826.04,14.43789
747,3167,12149,12555.00,47.37737
748,902,16481,16505.66,62.28553
749,-4514,14756,15431.00,58.23019
750,-8638,2202,8914.25,33.63868
751,-4733,-7039,8482.26,32.00854
752,441,81,448.38,1.69199
753,-1173,12522,12576.82,47.45970
754,-7278,14810,16501.68,62.27048
755,-9327,7178,11769.31,44.41248
756,-2584,-165,2589.26,9.77080
757,2261,-3218,3932.89,14.84111
758,5413,-2307,5884.12,22.20421
759,3791,2741,4678.12,17.65326
760,960,3884,4000.88,15.09767
761,-579,2124,2201.50,8.30756
762,-1595,-1128,1953.56,7.37194
763,-606,-2452,2525.78,9.53123
764,778,-558,957.42,3.61290
765,1023,-407,1100.99,4.15468
766,566,-639,853.63,3.22123
767,-410,20,410.49,1.54901
768,5,475,475.03,1.79255
769,930,151,942.18,3.55539
770,1531,176,1541.08,5.81541
771,1359,647,1505.15,5.67983
772,-438,292,526.41,1.98645
773,-1567,-284,1592.53,6.00954
774,-1120,-1264,1688.81,6.37289
775,253,-1621,1640.62,6.19104
776,361,-1194,1247.38,4.70709
777,-109,-1387,1391.28,5.25010
778,-944,-1185,1515.04,5.71715
779,-1875,-1109,2178.42,8.22045
780,-1461,-242,1480.91,5.58833
781,-668,-288,727.44,2.74505
782,291,-759,812.87,3.06744
783,563,-1197,1322.79,4.99167
784,21,-1100,1100.20,4.15170
785,-64,-706,708.89,2.67508
786,91,-669,675.16,2.54778
787,289,-832,880.76,3.32364
788,419,-133,439.60,1.65888
789,274,191,334.00,1.26038
790,496,-194,532.59,2.00977
791,57,-835,836.94,3.15828
792,-218,-906,931.86,3.51645
793,-107,-674,682.44,2.57525
794,296,-271,401.32,1.51441
795,239,-345,419.70,1.58376
796,-137,-374,398.30,1.50303
797,-410,-976,1058.62,3.99479
798,-153,-1084,1094.74,4.13111
799,-70,-898,900.72,3.39896
800,-173,-951,966.61,3.64758
801,-381,-998,1068.25,4.03114
802,-436,-999,1090.00,4.11320
803,147,-1325,1333.13,5.03068
804,689,-656,951.34,3.58998
805,1024,-639,1207.02,4.55479
806,1151,-550,1275.66,4.81380
807,626,-539,826.07,3.11726
808,166,-639,660.21,2.49136
809,337,-477,584.04,2.20391
810,491,-158,515.80,1.94640
811,689,-498,850.13,3.20805
812,385,-395,551.59,2.08147
813,-41,-901,901.93,3.40352
814,-145,-951,961.99,3.63015
815,-165,-891,906.15,3.41943
816,-68,-748,751.08,2.83428
817,-130,-426,445.39,1.68073
818,-187,-104,213.97,0.80745
819,35,-17,38.91,0.14683
820,191,-143,238.60,0.90038
821,269,-598,655.72,2.47440
822,489,-767,909.62,3.43253
823,411,-599,726.44,2.74130
824,242,-672,714.25,2.69527
825,356,-619,714.07,2.69461
826,146,-414,438.99,1.65657
827,-156,-533,555.36,2.09570
828,-186,-327,376.20,1.41962
829,-33,-827,827.66,3.12324
830,312,-881,934.61,3.52685
831,59,-845,847.06,3.19644
832,45,-670,671.51,2.53400
833,120,-642,653.12,2.46460
834,275,-261,379.14,1.43071
835,-29,-71,76.69,0.28941
836,-426,83,434.01,1.63777
837,-501,-263,565.84,2.13523
838,-240,-387,455.38,1.71841
839,151,-465,488.90,1.84492
840,131,-298,325.52,1.22839
841,-130,-240,272.95,1.02999
842,54,-224,230.42,0.86950
843,494,-393,631.26,2.38210
844,619,-115,629.59,2.37582
845,451,50,453.76,1.71231
# END
# FRAME,39,RX_TS,246801522899,FP_INDEX,753.3750,FP_INT,753,RXPACC,261,RXPWR,-67.34,STD_NOISE,132.00,NTM,13,NOISE_THRESH,1716.00,PEAK_IDX,755,PEAK_AMPL,16585,START,703,elapsed_s,4.1377
sample,real,imag,amplitude,amplitude_norm
703,15,-69,70.61,0.27054
704,-309,39,311.45,1.19330
705,-295,-134,324.01,1.24141
706,314,-249,400.75,1.53542
707,856,22,856.28,3.28078
708,582,370,689.65,2.64236
709,-244,206,319.33,1.22349
710,-319,294,433.82,1.66213
711,75,100,125.00,0.47893
712,642,339,726.01,2.78163
713,665,500,832.00,3.18774
714,546,110,556.97,2.13399
715,88,86,123.04,0.47144
716,75,-4,75.11,0.28776
717,117,163,200.64,0.76875
718,81,148,168.72,0.64642
719,183,193,265.97,1.01903
720,105,189,216.21,0.82838
721,112,29,115.69,0.44327
722,474,-218,521.73,1.99896
723,958,92,962.41,3.68738
724,747,322,813.45,3.11665
725,296,156,334.59,1.28196
726,24,253,254.14,0.97370
727,228,287,366.54,1.40438
728,889,239,920.57,3.52707
729,899,499,1028.20,3.93948
730,807,97,812.81,3.11421
731,573,70,577.26,2.21172
732,365,97,377.67,1.44701
733,90,512,519.85,1.99176
734,-93,592,599.26,2.29602
735,188,470,506.21,1.93948
736,376,493,620.02,2.37556
737,162,595,616.66,2.36268
738,-729,699,1009.97,3.86962
739,-1097,231,1121.06,4.29524
740,-909,-300,957.23,3.66753
741,104,-538,547.96,2.09946
742,498,-11,498.12,1.90851
743,-134,316,343.24,1.31509
744,-869,-54,870.68,3.33592
745,-1047,-482,1152.62,4.41617
746,-974,-499,1094.38,4.19304
747,-906,-36,906.71,3.47400
748,-529,-146,548.78,2.10260
749,-85,-246,260.27,0.99721
750,56,-40,68.82,0.26367
751,-379,38,380.90,1.45939
752,-1133,-670,1316.28,5.04321
753,-2316,-4636,5182.31,19.85560
754,-2409,-13796,14004.75,53.65803
755,581,-16454,16464.25,63.08143
756,6176,-12579,14013.36,53.69103
757,8281,1172,8363.52,32.04416
758,3047,6576,7247.62,27.76866
759,-518,-2858,2904.56,11.12859
760,2785,-13869,14145.86,54.19870
761,8673,-13244,15831.12,60.65564
762,8233,-4707,9483.57,36.33553
763,1184,964,1526.81,5.84985
764,-3168,3643,4827.80,18.49732
765,-5251,1088,5362.53,20.54610
766,-2888,-3252,4349.26,16.66382
767,-463,-3635,3664.37,14.03972
768,999,-1305,1643.48,6.29686
769,1615,1821,2433.98,9.32560
770,95,2092,2094.16,8.02359
771,-885,433,985.25,3.77490
772,-969,553,1115.69,4.27468
773,-273,554,617.61,2.36633
774,416,-180,453.27,1.73668
775,-116,-384,401.14,1.53693
776,-1030,-112,1036.07,3.96962
777,-1459,-310,1491.57,5.71483
778,-823,-601,1019.08,3.90453
779,849,-127,858.45,3.28907
780,1623,585,1725.21,6.61000
781,803,1520,1719.07,6.58648
782,-408,1585,1636.67,6.27077
783,-239,1246,1268.71,4.86098
784,209,1269,1286.10,4.92757
785,1199,1248,1730.64,6.63079
786,1819,903,2030.81,7.78086
787,1279,292,1311.91,5.02647
788,470,556,728.04,2.78941
789,-374,1130,1190.28,4.56048
790,-411,1158,1228.77,4.70795
791,91,1057,1060.91,4.06479
792,112,561,572.07,2.19184
793,-95,789,794.70,3.04482
794,-341,725,801.19,3.06969
795,-260,92,275.80,1.05669
796,-276,-155,316.55,1.21282
797,-423,345,545.85,2.09139
798,-73,851,854.13,3.27251
799,279,1004,1042.04,3.99251
800,23,652,652.41,2.49964
801,-300,397,497.60,1.90653
802,-152,472,495.87,1.89989
803,327,534,626.17,2.39911
804,425,1179,1253.26,4.80177
805,200,1061,1079.69,4.13673
806,49,842,843.42,3.23151
807,248,934,966.36,3.70255
808,408,849,941.95,3.60899
809,285,1081,1117.94,4.28329
810,-240,1213,1236.51,4.73761
811,-677,618,916.65,3.51208
812,-1000,748,1248.80,4.78468
813,-955,508,1081.71,4.14447
814,-483,567,744.83,2.85377
815,-111,615,624.94,2.39439
816,-319,384,499.22,1.91271
817,-479,270,549.86,2.10673
818,-631,510,811.33,3.10855
819,-171,480,509.55,1.95230
820,157,1049,1060.68,4.06392
821,201,1005,1024.90,3.92683
822,169,978,992.49,3.80266
823,124,806,815.48,3.12445
824,224,396,454.96,1.74316
825,188,100,212.94,0.81587
826,-70,104,125.36,0.48032
827,-126,237,268.41,1.02840
828,-301,679,742.73,2.84569
829,-491,748,894.75,3.42818
830,-365,691,781.48,2.99416
831,-210,795,822.27,3.15045
832,-233,588,632.48,2.42330
833,20,510,510.39,1.95552
834,138,535,552.51,2.11690
835,214,422,473.16,1.81287
836,-31,1048,1048.46,4.01708
837,-212,948,971.42,3.72190
838,30,938,938.48,3.59571
839,38,772,772.93,2.96144
840,-100,661,668.52,2.56138
841,-195,324,378.15,1.44887
842,160,103,190.29,0.72907
843,514,40,515.55,1.97530
844,489,372,614.41,2.35408
845,188,433,472.05,1.80863
846,-40,514,515.55,1.97530
847,27,333,334.09,1.28005
848,132,305,332.34,1.27333
849,-165,284,328.45,1.25844
850,-508,373,630.23,2.41468
851,-511,126,526.31,2.01649
852,-291,0,291.00,1.11494
# END
# FRAME,40,RX_TS,253191321128,FP_INDEX,750.0781,FP_INT,750,RXPACC,300,RXPWR,-67.44,STD_NOISE,148.00,NTM,13,NOISE_THRESH,1924.00,PEAK_IDX,751,PEAK_AMPL,18822,START,700,elapsed_s,4.2338
sample,real,imag,amplitude,amplitude_norm
700,-173,106,202.89,0.67631
701,-248,352,430.59,1.43530
702,-238,58,244.97,0.81655
703,269,-580,639.34,2.13115
704,745,-592,951.57,3.17191
705,520,67,524.30,1.74766
706,-169,566,590.69,1.96897
707,62,446,450.29,1.50096
708,289,-206,354.90,1.18301
709,864,-288,910.74,3.03579
710,801,-366,880.66,2.93552
711,250,-341,422.83,1.40942
712,83,40,92.14,0.30712
713,49,-126,135.19,0.45064
714,358,120,377.58,1.25859
715,142,-43,148.37,0.49456
716,310,41,312.70,1.04233
717,63,70,94.18,0.31392
718,-78,-248,259.98,0.86659
719,393,-662,769.87,2.56622
720,863,-753,1145.33,3.81776
721,650,-301,716.31,2.38770
722,257,6,257.07,0.85690
723,314,192,368.05,1.22683
724,559,-223,601.84,2.00613
725,931,-579,1096.36,3.65453
726,1079,-433,1162.64,3.87546
727,524,-508,729.82,2.43274
728,475,-330,578.38,1.92794
729,389,45,391.59,1.30531
730,680,445,812.67,2.70888
731,265,385,467.39,1.55795
732,658,128,670.33,2.23445
733,710,34,710.81,2.36938
734,489,621,790.42,2.63473
735,-236,1278,1299.61,4.33203
736,-680,1120,1310.27,4.36756
737,-886,259,923.08,3.07693
738,2,-581,581.00,1.93668
739,418,-188,458.33,1.52777
740,-100,562,570.83,1.90276
741,-902,777,1190.52,3.96839
742,-1252,654,1412.52,4.70841
743,-938,721,1183.08,3.94361
744,-640,718,961.83,3.20611
745,-483,161,509.13,1.69709
746,-162,-94,187.30,0.62432
747,1,30,30.02,0.10006
748,-611,544,818.08,2.72694
749,-2349,441,2390.04,7.96679
750,-9224,-2696,9609.92,32.03307
751,-16457,-9461,18982.71,63.27571
752,-14443,-13774,19958.04,66.52679
753,-2314,-12776,12983.87,43.27955
754,9599,-2984,10052.12,33.50706
755,4577,2003,4996.09,16.65364
756,-7324,-5097,8923.03,29.74342
757,-10878,-14755,18331.42,61.10473
758,-3459,-16096,16463.47,54.87823
759,2099,-6555,6882.86,22.94288
760,1651,1951,2555.82,8.51939
761,382,6663,6673.94,22.24647
762,-4026,3819,5549.18,18.49728
763,-4723,-812,4792.29,15.97431
764,-2851,-2141,3565.40,11.88467
765,849,-1204,1473.23,4.91078
766,3079,593,3135.58,10.45195
767,855,1562,1780.69,5.93564
768,-416,1251,1318.35,4.39451
769,164,1291,1301.38,4.33792
770,457,71,462.48,1.54161
771,-208,-543,581.47,1.93825
772,-659,249,704.47,2.34824
773,-895,1089,1409.59,4.69864
774,-1417,1090,1787.73,5.95911
775,-586,-56,588.67,1.96223
776,904,-1149,1461.99,4.87330
777,1862,-766,2013.41,6.71135
778,1731,923,1961.71,6.53902
779,936,1488,1757.91,5.85969
780,1234,1041,1614.45,5.38149
781,1344,356,1390.35,4.63450
782,2242,-573,2314.06,7.71355
783,1665,-1253,2083.80,6.94601
784,1067,-820,1345.69,4.48564
785,782,265,825.68,2.75227
786,892,1346,1614.74,5.38246
787,803,1040,1313.93,4.37976
788,941,529,1079.50,3.59834
789,491,302,576.44,1.92147
790,823,832,1170.28,3.90093
791,187,698,722.62,2.40872
792,-155,261,303.56,1.01185
793,-303,319,439.97,1.46655
794,547,636,838.87,2.79624
795,912,617,1101.11,3.67035
796,1108,412,1182.12,3.94040
797,355,305,468.03,1.56009
798,238,455,513.49,1.71162
799,423,305,521.49,1.73831
800,1044,187,1060.62,3.53538
801,1367,635,1507.29,5.02429
802,1063,546,1195.03,3.98342
803,931,535,1073.77,3.57924
804,1249,485,1339.86,4.46620
805,1099,223,1121.40,3.73799
806,1305,697,1479.47,4.93157
807,521,1028,1152.49,3.84162
808,18,1188,1188.14,3.96045
809,-32,1494,1494.34,4.98114
810,-21,1096,1096.20,3.65400
811,339,759,831.27,2.77088
812,422,647,772.46,2.57486
813,-24,547,547.53,1.82509
814,56,860,861.82,2.87274
815,107,953,958.99,3.19663
816,659,468,808.27,2.69424
817,1093,624,1258.58,4.19527
818,1010,474,1115.70,3.71898
819,755,532,923.61,3.07869
820,720,360,804.98,2.68328
821,395,-46,397.67,1.32556
822,93,22,95.57,0.31856
823,42,244,247.59,0.82529
824,296,381,482.47,1.60823
825,509,883,1019.20,3.39734
826,357,901,969.15,3.23050
827,480,753,892.98,2.97659
828,482,767,905.88,3.01959
829,310,502,590.00,1.96668
830,611,315,687.42,2.29140
831,496,149,517.90,1.72632
832,699,249,742.03,2.47342
833,918,966,1332.62,4.44207
834,835,711,1096.70,3.65566
835,916,581,1084.72,3.61573
836,690,600,914.39,3.04795
837,256,534,592.19,1.97398
838,139,338,365.47,1.21822
839,206,-239,315.53,1.05176
840,502,-366,621.26,2.07086
841,628,-5,628.02,2.09340
842,452,370,584.13,1.94709
843,498,467,682.71,2.27570
844,293,178,342.83,1.14277
845,239,137,275.48,0.91827
846,126,598,611.13,2.03710
847,-96,793,798.79,2.66263
848,-274,526,593.09,1.97696
849,-178,251,307.71,1.02570
# END
# FRAME,41,RX_TS,259581119321,FP_INDEX,747.0937,FP_INT,747,RXPACC,270,RXPWR,-67.10,STD_NOISE,140.00,NTM,13,NOISE_THRESH,1820.00,PEAK_IDX,749,PEAK_AMPL,17519,START,697,elapsed_s,4.3373
sample,real,imag,amplitude,amplitude_norm
697,-173,67,185.52,0.68711
698,-381,134,403.88,1.49584
699,-110,-123,165.01,0.61116
700,682,-446,814.89,3.01810
701,898,-142,909.16,3.36725
702,279,403,490.15,1.81538
703,-422,392,575.98,2.13324
704,-50,347,350.58,1.29846
705,431,13,431.20,1.59702
706,840,218,867.83,3.21417
707,799,6,799.02,2.95934
708,264,-82,276.44,1.02386
709,4,106,106.08,0.39287
710,98,1,98.01,0.36298
711,190,237,303.76,1.12503
712,102,-41,109.93,0.40715
713,226,104,248.78,0.92141
714,47,99,109.59,0.40589
715,110,-283,303.63,1.12454
716,710,-350,791.58,2.93178
717,1040,-177,1054.95,3.90724
718,570,-56,572.74,2.12127
719,178,156,236.69,0.87661
720,218,301,371.65,1.37649
721,701,-52,702.93,2.60343
722,1090,-33,1090.50,4.03889
723,1067,105,1072.15,3.97094
724,614,-178,639.28,2.36771
725,514,-135,531.43,1.96827
726,326,219,392.73,1.45456
727,340,736,810.74,3.00273
728,128,333,356.75,1.32131
729,560,375,673.96,2.49616
730,523,277,591.83,2.19195
731,26,761,761.44,2.82016
732,-858,825,1190.29,4.40848
733,-1034,486,1142.52,4.23156
734,-619,-356,714.07,2.64471
735,412,-479,631.81,2.34004
736,438,163,467.35,1.73091
737,-428,424,602.46,2.23134
738,-1144,192,1160.00,4.29630
739,-1312,-94,1315.36,4.87172
740,-919,214,943.59,3.49477
741,-792,242,828.15,3.06721
742,-397,-151,424.75,1.57314
743,-36,-194,197.31,0.73078
744,-97,46,107.35,0.39761
745,-836,65,838.52,3.10564
746,-2369,-1025,2581.24,9.56014
747,-6830,-7551,10181.67,37.70991
748,-8848,-15234,17617.09,65.24848
749,-4373,-16441,17012.63,63.00974
750,5130,-9216,10547.58,39.06513
751,8637,3314,9250.97,34.26284
752,1546,2643,3061.95,11.34057
753,-3947,-9103,9921.87,36.74765
754,-1081,-16465,16500.45,61.11277
755,5205,-12990,13994.00,51.82964
756,3831,-2866,4784.40,17.72001
757,10,2908,2908.02,10.77043
758,-3121,5231,6091.31,22.56039
759,-4789,361,4802.59,17.78736
760,-2988,-2979,4219.31,15.62708
761,-941,-2698,2857.39,10.58293
762,1602,-197,1614.07,5.97803
763,2047,2062,2905.52,10.76119
764,-319,1376,1412.49,5.23146
765,-907,889,1270.03,4.70381
766,-332,1152,1198.89,4.44032
767,440,84,447.95,1.65906
768,-50,-583,585.14,2.16719
769,-703,12,703.10,2.60408
770,-1188,488,1284.32,4.75676
771,-1532,-24,1532.19,5.67477
772,-5,-457,457.03,1.69269
773,1426,-491,1508.16,5.58579
774,1790,481,1853.50,6.86481
775,740,1679,1834.84,6.79571
776,18,1414,1414.11,5.23746
777,498,1258,1352.98,5.01105
778,1017,838,1317.78,4.88065
779,2243,713,2353.60,8.71703
780,1726,-173,1734.65,6.42462
781,1080,-200,1098.36,4.06801
782,364,423,558.05,2.06687
783,134,1350,1356.63,5.02457
784,299,1105,1144.74,4.23977
785,544,804,970.75,3.59536
786,228,571,614.84,2.27718
787,334,1076,1126.65,4.17276
788,-187,543,574.30,2.12703
789,-292,101,308.97,1.14435
790,-510,320,602.08,2.22992
791,139,811,822.83,3.04750
792,516,797,949.46,3.51650
793,666,774,1021.09,3.78183
794,-41,404,406.08,1.50398
795,-77,456,462.46,1.71280
796,242,387,456.44,1.69050
797,856,722,1119.83,4.14752
798,797,1213,1451.41,5.37558
799,498,900,1028.59,3.80960
800,470,760,893.59,3.30959
801,835,896,1224.76,4.53615
802,762,646,998.98,3.69992
803,582,1280,1406.10,5.20779
804,-230,1076,1100.31,4.07521
805,-453,1012,1108.76,4.10653
806,-651,1008,1199.94,4.44424
807,-383,814,899.60,3.33186
808,65,753,755.80,2.79926
809,96,666,672.88,2.49216
810,-312,319,446.21,1.65264
811,-269,683,734.06,2.71876
812,-255,628,677.80,2.51036
813,403,720,825.11,3.05597
814,638,948,1142.69,4.23220
815,673,858,1090.46,4.03872
816,445,743,866.07,3.20766
817,438,555,707.01,2.61857
818,340,90,351.71,1.30263
819,113,-34,118.00,0.43705
820,-60,161,171.82,0.63636
821,-28,441,441.89,1.63662
822,-90,945,949.28,3.51584
823,-123,819,828.18,3.06735
824,100,784,790.35,2.92723
825,39,843,843.90,3.12556
826,8,445,445.07,1.64841
827,330,484,585.80,2.16961
828,311,323,448.39,1.66069
829,482,588,760.31,2.81595
830,294,1134,1171.49,4.33886
831,448,872,980.35,3.63093
832,474,803,932.46,3.45356
833,285,822,870.01,3.22224
834,-131,495,512.04,1.89645
835,13,298,298.28,1.10475
836,316,-166,356.95,1.32203
837,597,-35,598.03,2.21491
838,491,221,538.44,1.99424
839,193,479,516.42,1.91267
840,186,561,591.03,2.18900
841,242,249,347.22,1.28602
842,112,245,269.39,0.99773
843,-178,528,557.20,2.06369
844,-484,530,717.74,2.65831
845,-419,215,470.94,1.74423
846,-75,25,79.06,0.29280
# END
# FRAME,42,RX_TS,265970910818,FP_INDEX,750.7344,FP_INT,750,RXPACC,287,RXPWR,-67.28,STD_NOISE,172.00,NTM,13,NOISE_THRESH,2236.00,PEAK_IDX,752,PEAK_AMPL,19017,START,700,elapsed_s,4.4340
sample,real,imag,amplitude,amplitude_norm
700,69,111,130.70,0.45539
701,206,-183,275.54,0.96009
702,430,-265,505.10,1.75993
703,191,246,311.44,1.08517
704,-341,811,879.77,3.06541
705,-605,614,861.99,3.00344
706,-226,-169,282.20,0.98328
707,188,-513,546.36,1.90371
708,-71,-190,202.83,0.70673
709,-423,353,550.94,1.91966
710,-809,370,889.60,3.09964
711,-508,548,747.24,2.60362
712,-51,193,199.62,0.69556
713,7,-1,7.07,0.02464
714,-103,74,126.83,0.44190
715,-222,-49,227.34,0.79214
716,-48,123,132.03,0.46005
717,-232,25,233.34,0.81304
718,-61,15,62.82,0.21888
719,75,476,481.87,1.67900
720,-447,848,958.60,3.34007
721,-780,672,1029.56,3.58730
722,-395,339,520.52,1.81367
723,-208,-15,208.54,0.72662
724,-282,-101,299.54,1.04370
725,-563,553,789.16,2.74970
726,-950,621,1134.96,3.95458
727,-779,585,974.20,3.39443
728,-314,543,627.25,2.18555
729,-233,368,435.56,1.51763
730,-425,-25,425.73,1.48340
731,-561,-407,693.09,2.41494
732,-254,-144,291.98,1.01735
733,-579,21,579.38,2.01875
734,-523,-35,524.17,1.82638
735,-281,-783,831.90,2.89859
736,452,-1188,1271.08,4.42885
737,809,-887,1200.52,4.18300
738,723,176,744.11,2.59273
739,-117,627,637.82,2.22238
740,-312,-32,313.64,1.09281
741,379,-679,777.61,2.70945
742,992,-717,1223.99,4.26478
743,1224,-591,1359.21,4.73593
744,760,-799,1102.72,3.84225
745,631,-550,837.05,2.91657
746,442,51,444.93,1.55029
747,105,173,202.37,0.70513
748,165,-131,210.68,0.73408
749,965,-571,1121.28,3.90689
750,3647,-225,3653.93,12.73148
751,12051,4095,12727.75,44.34756
752,16484,9999,19279.58,67.17625
753,11817,13446,17900.74,62.37191
754,-2140,9896,10124.74,35.27785
755,-9365,505,9378.61,32.67807
756,-674,-802,1047.61,3.65020
757,10118,7951,12868.27,44.83717
758,9500,15389,18085.11,63.01433
759,1365,13537,13605.65,47.40643
760,-1793,3052,3539.71,12.33349
761,-1640,-3623,3976.90,13.85679
762,827,-6403,6456.19,22.49542
763,4658,-2064,5094.81,17.75194
764,4215,1430,4450.97,15.50860
765,1807,1926,2640.97,9.20199
766,-1714,848,1912.30,6.66307
767,-2538,-1042,2743.58,9.55950
768,-13,-1334,1334.06,4.64830
769,349,-1245,1292.99,4.50520
770,-317,-971,1021.44,3.55901
771,-246,461,522.53,1.82066
772,523,488,715.31,2.49238
773,678,-455,816.52,2.84503
774,881,-1021,1348.56,4.69880
775,1281,-653,1437.84,5.00988
776,45,665,666.52,2.32237
777,-1171,1340,1779.56,6.20056
778,-1830,363,1865.66,6.50054
779,-1344,-1223,1817.16,6.33156
780,-715,-1099,1311.12,4.56835
781,-1050,-705,1264.72,4.40670
782,-1407,150,1414.97,4.93022
783,-2159,852,2321.03,8.08722
784,-1261,1094,1669.42,5.81679
785,-892,562,1054.28,3.67345
786,-652,-377,753.15,2.62421
787,-714,-1120,1328.23,4.62798
788,-802,-689,1057.32,3.68404
789,-693,-362,781.85,2.72422
790,-542,-401,674.21,2.34918
791,-675,-740,1001.61,3.48993
792,91,-463,471.86,1.64410
793,310,-168,352.60,1.22856
794,217,-598,636.15,2.21657
795,-608,-621,869.08,3.02816
796,-938,-328,993.69,3.46235
797,-885,-249,919.36,3.20335
798,-218,-323,389.68,1.35778
799,-239,-467,524.60,1.82789
800,-392,-163,424.54,1.47923
801,-1138,-211,1157.40,4.03274
802,-1120,-464,1212.31,4.22408
803,-886,-395,970.06,3.38001
804,-887,-344,951.37,3.31488
805,-1041,-312,1086.75,3.78658
806,-984,-199,1003.92,3.49798
807,-1092,-859,1389.37,4.84101
808,-248,-942,974.10,3.39407
809,-75,-1193,1195.36,4.16500
810,151,-1225,1234.27,4.30060
811,-102,-874,879.93,3.06596
812,-442,-580,729.22,2.54084
813,-270,-623,678.99,2.36582
814,187,-504,537.57,1.87308
815,40,-834,834.96,2.90926
816,-72,-564,568.58,1.98111
817,-843,-395,930.95,3.24374
818,-1047,-384,1115.20,3.88570
819,-971,-358,1034.89,3.60590
820,-756,-381,846.58,2.94975
821,-527,-109,538.15,1.87510
822,-297,159,336.88,1.17381
823,10,13,16.40,0.05715
824,32,-220,222.32,0.77462
825,-264,-462,532.11,1.85404
826,-384,-841,924.52,3.22132
827,-269,-731,778.92,2.71402
828,-465,-531,705.82,2.45931
829,-284,-611,673.78,2.34766
830,-276,-259,378.49,1.31879
831,-486,-136,504.67,1.75843
832,-385,-22,385.63,1.34365
833,-764,-322,829.08,2.88879
834,-795,-753,1095.00,3.81535
835,-901,-475,1018.54,3.54892
836,-697,-440,824.26,2.87200
837,-601,-504,784.36,2.73295
838,-98,-436,446.88,1.55707
839,-107,-128,166.83,0.58130
840,-178,419,455.24,1.58621
841,-505,319,597.32,2.08124
842,-498,-8,498.06,1.73542
843,-398,-324,513.21,1.78817
844,-387,-325,505.37,1.76085
845,-345,-24,345.83,1.20500
846,-140,-152,206.65,0.72003
847,-75,-634,638.42,2.22446
848,219,-630,666.98,2.32397
849,292,-409,502.54,1.75101
# END
# FRAME,43,RX_TS,272360708958,FP_INDEX,746.7969,FP_INT,746,RXPACC,288,RXPWR,-67.45,STD_NOISE,144.00,NTM,13,NOISE_THRESH,1872.00,PEAK_IDX,754,PEAK_AMPL,18163,START,696,elapsed_s,4.5438
sample,real,imag,amplitude,amplitude_norm
696,33,94,99.62,0.34592
697,226,-154,273.48,0.94959
698,420,-265,496.61,1.72435
699,269,186,327.04,1.13557
700,-412,688,801.93,2.78447
701,-726,475,867.58,3.01244
702,-220,-197,295.31,1.02539
703,314,-466,561.92,1.95110
704,67,-239,248.21,0.86185
705,-383,250,457.37,1.58810
706,-825,166,841.53,2.92200
707,-619,387,730.02,2.53479
708,-146,205,251.68,0.87388
709,13,-42,43.97,0.15266
710,-106,144,178.81,0.62086
711,-236,-88,251.87,0.87456
712,-111,91,143.53,0.49838
713,-284,-44,287.39,0.99788
714,-12,-87,87.82,0.30494
715,93,385,396.07,1.37525
716,-512,747,905.62,3.14452
717,-817,685,1066.17,3.70197
718,-490,334,593.01,2.05905
719,-108,14,108.90,0.37814
720,-246,-145,285.55,0.99151
721,-572,429,715.00,2.48264
722,-995,494,1110.88,3.85723
723,-975,385,1048.26,3.63979
724,-473,458,658.40,2.28612
725,-356,375,517.07,1.79538
726,-317,-110,335.54,1.16508
727,-529,-568,776.19,2.69509
728,-215,-239,321.47,1.11623
729,-626,-102,634.26,2.20228
730,-509,-51,511.55,1.77621
731,-252,-756,796.89,2.76699
732,577,-1072,1217.42,4.22716
733,903,-799,1205.74,4.18660
734,823,196,846.02,2.93756
735,-176,627,651.23,2.26123
736,-328,11,328.18,1.13953
737,396,-590,710.57,2.46727
738,1082,-543,1210.61,4.20350
739,1326,-371,1376.92,4.78098
740,863,-586,1043.15,3.62205
741,762,-456,888.02,3.08340
742,543,134,559.29,1.94198
743,104,135,170.41,0.59172
744,120,-73,140.46,0.48771
745,973,-433,1065.00,3.69791
746,3156,256,3166.37,10.99433
747,10399,5453,11741.99,40.77081
748,14854,12343,19312.97,67.05894
749,10447,15254,18488.49,64.19615
750,-2364,10554,10815.52,37.55388
751,-9502,-361,9508.86,33.01686
752,-1720,-1546,2312.69,8.03016
753,7981,8464,11633.39,40.39370
754,7292,16443,17987.37,62.45615
755,-497,14310,14318.63,49.71746
756,-2484,3674,4434.92,15.39903
757,-1008,-3260,3412.28,11.84820
758,1464,-6293,6461.05,22.43420
759,4808,-1840,5148.05,17.87519
760,4100,1968,4547.86,15.79118
761,1906,2301,2987.88,10.37459
762,-1456,684,1608.66,5.58563
763,-2358,-1345,2714.63,9.42578
764,174,-1461,1471.32,5.10877
765,643,-1236,1393.25,4.83767
766,-88,-1180,1183.28,4.10860
767,-399,288,492.08,1.70862
768,357,615,711.11,2.46912
769,717,-198,743.84,2.58277
770,979,-832,1284.78,4.46105
771,1357,-460,1432.85,4.97516
772,77,596,600.95,2.08664
773,-1248,1124,1679.55,5.83176
774,-1851,153,1857.31,6.44900
775,-1190,-1395,1833.61,6.36670
776,-426,-1242,1313.03,4.55912
777,-913,-909,1288.35,4.47344
778,-1352,-245,1374.02,4.77090
779,-2222,324,2245.50,7.79687
780,-1467,888,1714.83,5.95426
781,-990,487,1103.30,3.83090
782,-541,-367,653.74,2.26991
783,-499,-1123,1228.87,4.26692
784,-545,-831,993.77,3.45060
785,-669,-499,834.60,2.89793
786,-427,-400,585.09,2.03156
787,-581,-828,1011.51,3.51217
788,173,-459,490.52,1.70319
789,361,-195,410.30,1.42465
790,401,-513,651.13,2.26087
791,-461,-691,830.66,2.88425
792,-820,-525,973.67,3.38078
793,-813,-477,942.60,3.27292
794,-112,-409,424.06,1.47242
795,-177,-526,554.98,1.92702
796,-330,-287,437.34,1.51855
797,-1059,-380,1125.11,3.90665
798,-1089,-735,1313.83,4.56191
799,-886,-644,1095.32,3.80320
800,-837,-562,1008.17,3.50060
801,-1031,-520,1154.71,4.00942
802,-914,-266,951.92,3.30528
803,-1032,-987,1428.00,4.95834
804,-203,-938,959.72,3.33234
805,123,-1099,1105.86,3.83980
806,389,-1187,1249.12,4.33721
807,105,-908,914.05,3.17379
808,-348,-686,769.22,2.67090
809,-250,-618,666.65,2.31476
810,248,-416,484.31,1.68165
811,192,-810,832.44,2.89043
812,72,-667,670.87,2.32943
813,-685,-579,896.92,3.11431
814,-931,-631,1124.69,3.90516
815,-909,-488,1031.71,3.58233
816,-651,-560,858.72,2.98167
817,-534,-271,598.83,2.07927
818,-300,89,312.92,1.08654
819,-19,54,57.25,0.19877
820,24,-207,208.39,0.72356
821,-176,-462,494.39,1.71663
822,-261,-859,897.78,3.11728
823,-117,-759,767.96,2.66654
824,-326,-649,726.28,2.52179
825,-218,-689,722.67,2.50925
826,-142,-349,376.78,1.30827
827,-393,-295,491.40,1.70625
828,-351,-121,371.27,1.28913
829,-663,-303,728.96,2.53110
830,-690,-844,1090.15,3.78526
831,-732,-582,935.17,3.24713
832,-646,-580,868.17,3.01447
833,-427,-625,756.94,2.62825
834,56,-425,428.67,1.48845
835,9,-123,123.33,0.42823
836,-195,324,378.15,1.31304
837,-519,294,596.49,2.07114
838,-544,-27,544.67,1.89121
839,-298,-365,471.20,1.63611
840,-298,-401,499.60,1.73474
841,-267,-134,298.74,1.03729
842,-132,-163,209.75,0.72828
843,5,-640,640.02,2.22229
844,294,-590,659.19,2.28887
845,377,-308,486.82,1.69034
# END
# FRAME,44,RX_TS,278750507069,FP_INDEX,749.6562,FP_INT,749,RXPACC,265,RXPWR,-67.21,STD_NOISE,160.00,NTM,13,NOISE_THRESH,2080.00,PEAK_IDX,751,PEAK_AMPL,16705,START,699,elapsed_s,4.6271
sample,real,imag,amplitude,amplitude_norm
699,91,12,91.79,0.34637
700,100,-235,255.39,0.96374
701,158,-349,383.10,1.44566
702,235,161,284.86,1.07495
703,26,861,861.39,3.25054
704,-273,741,789.69,2.97996
705,-250,-116,275.60,1.04000
706,3,-504,504.01,1.90192
707,-76,-149,167.26,0.63118
708,-265,456,527.41,1.99023
709,-559,646,854.28,3.22370
710,-209,593,628.75,2.37265
711,-45,161,167.17,0.63083
712,-12,5,13.00,0.04906
713,-55,150,159.77,0.60289
714,-238,88,253.75,0.95754
715,11,144,144.42,0.54498
716,-176,140,224.89,0.84865
717,-13,21,24.70,0.09320
718,291,351,455.94,1.72053
719,-23,940,940.28,3.54823
720,-335,931,989.44,3.73373
721,-144,450,472.48,1.78294
722,-116,35,121.17,0.45723
723,-257,59,263.69,0.99504
724,-225,736,769.62,2.90424
725,-465,892,1005.93,3.79595
726,-356,837,909.56,3.43231
727,-80,585,590.44,2.22809
728,-80,371,379.53,1.43218
729,-335,146,365.43,1.37899
730,-666,-84,671.28,2.53312
731,-244,40,247.26,0.93305
732,-431,261,503.87,1.90139
733,-430,255,499.92,1.88651
734,-576,-460,737.14,2.78166
735,-131,-1122,1129.62,4.26272
736,300,-1096,1136.32,4.28799
737,648,-151,665.36,2.51080
738,146,618,635.01,2.39627
739,-278,120,302.79,1.14262
740,24,-667,667.43,2.51861
741,515,-1016,1139.07,4.29838
742,763,-970,1234.13,4.65708
743,233,-833,864.97,3.26405
744,303,-663,728.96,2.75078
745,405,-116,421.28,1.58975
746,102,127,162.89,0.61468
747,70,-184,196.87,0.74289
748,627,-878,1078.89,4.07130
749,2962,-1679,3404.77,12.84820
750,11734,-1840,11877.39,44.82034
751,16463,1031,16495.25,62.24623
752,14669,6021,15856.61,59.83625
753,2191,9022,9284.23,35.03484
754,-7503,4434,8715.24,32.88769
755,-680,-338,759.37,2.86555
756,11882,2310,12104.46,45.67722
757,14284,8619,16682.92,62.95441
758,6777,10453,12457.65,47.00999
759,-211,3125,3132.12,11.81930
760,-2926,-2298,3720.52,14.03970
761,-2018,-5590,5943.10,22.42679
762,2906,-3645,4661.64,17.59108
763,4060,-611,4105.72,15.49327
764,2243,759,2367.94,8.93561
765,-1035,1315,1673.45,6.31492
766,-2378,119,2380.98,8.98481
767,-507,-1260,1358.18,5.12520
768,-285,-1264,1295.73,4.88955
769,-690,-697,980.77,3.70102
770,-38,551,552.31,2.08418
771,590,236,635.45,2.39792
772,277,-590,651.79,2.45958
773,195,-1151,1167.40,4.40529
774,673,-972,1182.25,4.46132
775,289,686,744.39,2.80902
776,-401,1636,1684.43,6.35633
777,-1394,1014,1723.78,6.50485
778,-1590,-519,1672.56,6.31155
779,-1035,-570,1181.58,4.45878
780,-1178,-46,1178.90,4.44867
781,-1158,738,1373.17,5.18179
782,-1340,1568,2062.58,7.78331
783,-471,1472,1545.52,5.83214
784,-412,898,988.00,3.72831
785,-655,25,655.48,2.47350
786,-1016,-496,1130.61,4.26644
787,-993,-219,1016.86,3.83722
788,-759,122,768.74,2.90092
789,-645,46,646.64,2.44014
790,-801,-170,818.84,3.08997
791,-98,-385,397.28,1.49916
792,211,-373,428.54,1.61715
793,-56,-585,587.67,2.21764
794,-735,-127,745.89,2.81468
795,-874,142,885.46,3.34136
796,-745,132,756.60,2.85511
797,-312,-248,398.56,1.50399
798,-383,-296,484.05,1.82661
799,-363,34,364.59,1.37581
800,-986,329,1039.44,3.92242
801,-1215,82,1217.76,4.59534
802,-982,43,982.94,3.70921
803,-957,157,969.79,3.65960
804,-1028,313,1074.59,4.05507
805,-925,388,1003.08,3.78521
806,-1264,-177,1276.33,4.81635
807,-616,-627,878.97,3.31686
808,-548,-914,1065.69,4.02148
809,-367,-1007,1071.79,4.04450
810,-456,-642,787.46,2.97156
811,-668,-181,692.09,2.61165
812,-484,-298,568.38,2.14484
813,-106,-416,429.29,1.61997
814,-411,-655,773.27,2.91800
815,-317,-438,540.68,2.04030
816,-863,66,865.52,3.26611
817,-986,169,1000.38,3.77501
818,-950,200,970.82,3.66349
819,-778,58,780.16,2.94400
820,-464,128,481.33,1.81635
821,-170,262,312.32,1.17857
822,-3,56,56.08,0.21162
823,-125,-140,187.68,0.70824
824,-498,-255,559.49,2.11128
825,-755,-512,912.23,3.44239
826,-551,-448,710.14,2.67979
827,-630,-287,692.29,2.61242
828,-500,-345,607.47,2.29236
829,-328,-105,344.40,1.29961
830,-508,67,512.40,1.93358
831,-352,185,397.65,1.50058
832,-817,110,824.37,3.11084
833,-1048,-229,1072.73,4.04803
834,-948,-13,948.09,3.57769
835,-732,-103,739.21,2.78948
836,-694,-232,731.75,2.76133
837,-238,-338,413.39,1.55995
838,-129,-8,129.25,0.48773
839,32,428,429.19,1.61960
840,-268,492,560.26,2.11418
841,-436,199,479.27,1.80856
842,-470,-78,476.43,1.79784
843,-380,-67,385.86,1.45608
844,-309,64,315.56,1.19079
845,-143,-88,167.91,0.63361
846,-314,-535,620.34,2.34090
847,-100,-571,579.69,2.18751
848,58,-413,417.05,1.57378
# END
# FRAME,45,RX_TS,285140305164,FP_INDEX,753.1406,FP_INT,753,RXPACC,269,RXPWR,-67.26,STD_NOISE,132.00,NTM,13,NOISE_THRESH,1716.00,PEAK_IDX,755,PEAK_AMPL,17353,START,703,elapsed_s,4.7314
sample,real,imag,amplitude,amplitude_norm
703,52,-177,184.48,0.68580
704,-104,-424,436.57,1.62293
705,117,-173,208.85,0.77639
706,430,633,765.24,2.84475
707,218,944,968.84,3.60165
708,-235,425,485.64,1.80537
709,-300,-414,511.27,1.90063
710,-313,-78,322.57,1.19915
711,42,367,369.40,1.37322
712,-163,830,845.85,3.14444
713,-7,750,750.03,2.78823
714,177,300,348.32,1.29488
715,-24,-5,24.52,0.09113
716,133,79,154.69,0.57507
717,-150,172,228.22,0.84840
718,61,107,123.17,0.45787
719,-104,300,317.52,1.18035
720,-32,53,61.91,0.23015
721,300,66,307.17,1.14191
722,393,707,808.89,3.00701
723,268,1112,1143.84,4.25219
724,57,582,584.78,2.17392
725,-58,166,175.84,0.65368
726,-258,183,316.31,1.17588
727,85,658,663.47,2.46642
728,101,999,1004.09,3.73269
729,-69,999,1001.38,3.72260
730,249,635,682.07,2.53559
731,129,493,509.60,1.89442
732,-170,280,327.57,1.21772
733,-661,345,745.62,2.77181
734,-314,52,318.28,1.18318
735,-437,514,674.66,2.50803
736,-286,490,567.36,2.10914
737,-703,58,705.39,2.62226
738,-724,-838,1107.44,4.11687
739,-388,-1036,1106.27,4.11254
740,320,-706,775.14,2.88155
741,539,343,638.88,2.37503
742,-65,420,425.00,1.57993
743,-343,-344,485.78,1.80588
744,-78,-1048,1050.90,3.90669
745,160,-1198,1208.64,4.49307
746,-110,-851,858.08,3.18989
747,-211,-786,813.83,3.02539
748,219,-398,454.27,1.68875
749,208,26,209.62,0.77925
750,79,-73,107.56,0.39987
751,-15,-781,781.14,2.90388
752,972,-2018,2239.89,8.32673
753,7037,-5814,9128.09,33.93341
754,15180,-7967,17143.67,63.73112
755,16459,-3995,16936.90,62.96247
756,10108,4886,11226.96,41.73592
757,-2875,8629,9095.34,33.81168
758,-3344,2110,3954.04,14.69904
759,8090,-3222,8708.01,32.37177
760,16191,-673,16204.98,60.24157
761,13435,5555,14538.13,54.04510
762,3450,4473,5648.91,20.99968
763,-2467,59,2467.71,9.17363
764,-5243,-3070,6075.69,22.58619
765,-589,-4824,4859.82,18.06626
766,3070,-3037,4318.36,16.05340
767,3000,-1029,3171.57,11.79021
768,458,1292,1370.78,5.09582
769,-1849,1752,2547.22,9.46920
770,-1413,-560,1519.92,5.65028
771,-770,-1109,1350.10,5.01897
772,-1171,-543,1290.77,4.79841
773,-126,403,422.24,1.56966
774,620,156,639.32,2.37667
775,189,-487,522.39,1.94197
776,-367,-1016,1080.25,4.01581
777,-130,-1326,1332.36,4.95300
778,454,-2,454.00,1.68775
779,523,1376,1472.04,5.47227
780,-278,1778,1799.60,6.68997
781,-1446,732,1620.72,6.02499
782,-1327,-51,1327.98,4.93673
783,-1192,479,1284.64,4.77562
784,-779,947,1226.23,4.55849
785,-630,2048,2142.71,7.96546
786,213,1779,1791.71,6.66062
787,177,1236,1248.61,4.64167
788,-385,453,594.50,2.21005
789,-1214,93,1217.56,4.52623
790,-930,120,937.71,3.48591
791,-800,506,946.59,3.51893
792,-461,290,544.63,2.02464
793,-993,342,1050.24,3.90425
794,-422,-210,471.36,1.75228
795,20,-300,300.67,1.11772
796,-130,-583,597.32,2.22051
797,-756,54,757.93,2.81757
798,-775,447,894.67,3.32591
799,-789,624,1005.93,3.73952
800,-373,-51,376.47,1.39952
801,-422,-148,447.20,1.66245
802,-364,87,374.25,1.39127
803,-565,579,808.99,3.00740
804,-1099,551,1229.39,4.57023
805,-889,469,1005.13,3.73653
806,-803,453,921.96,3.42738
807,-869,790,1174.42,4.36587
808,-585,734,938.61,3.48924
809,-1247,656,1409.02,5.23800
810,-998,-139,1007.63,3.74585
811,-917,-466,1028.61,3.82384
812,-964,-667,1172.26,4.35783
813,-722,-436,843.43,3.13544
814,-700,4,700.01,2.60227
815,-616,129,629.36,2.33964
816,-307,-290,422.31,1.56994
817,-582,-386,698.37,2.59617
818,-652,-461,798.51,2.96845
819,-610,316,686.99,2.55387
820,-932,572,1093.53,4.06517
821,-798,619,1009.93,3.75440
822,-726,429,843.28,3.13486
823,-584,474,752.15,2.79610
824,-106,415,428.32,1.59228
825,36,105,111.00,0.41264
826,-133,-45,140.41,0.52196
827,-419,-7,419.06,1.55784
828,-911,-38,911.79,3.38956
829,-730,-61,732.54,2.72321
830,-629,30,629.72,2.34095
831,-697,-11,697.09,2.59140
832,-408,-17,408.35,1.51804
833,-475,380,608.30,2.26133
834,-254,385,461.24,1.71464
835,-489,521,714.54,2.65627
836,-1086,290,1124.05,4.17864
837,-838,371,916.45,3.40689
838,-808,432,916.24,3.40608
839,-689,210,720.29,2.67767
840,-411,-124,429.30,1.59590
841,-199,-99,222.27,0.82627
842,188,330,379.79,1.41188
843,94,597,604.36,2.24667
844,-187,506,539.45,2.00539
845,-429,206,475.90,1.76913
846,-540,140,557.85,2.07380
847,-249,184,309.61,1.15096
848,-191,136,234.47,0.87164
849,-487,-112,499.71,1.85767
850,-482,-471,673.92,2.50527
851,-205,-490,531.15,1.97455
852,-77,-204,218.05,0.81059
# END
# FRAME,46,RX_TS,291530103208,FP_INDEX,748.5781,FP_INT,748,RXPACC,273,RXPWR,-67.41,STD_NOISE,156.00,NTM,13,NOISE_THRESH,2028.00,PEAK_IDX,750,PEAK_AMPL,18312,START,698,elapsed_s,4.8357
sample,real,imag,amplitude,amplitude_norm
698,216,60,224.18,0.82117
699,171,-225,282.61,1.03519
700,328,-321,458.94,1.68110
701,145,283,317.98,1.16478
702,-281,841,886.70,3.24800
703,-503,572,761.70,2.79012
704,-116,-299,320.71,1.17477
705,41,-476,477.76,1.75005
706,-28,-53,59.94,0.21957
707,-451,406,606.83,2.22280
708,-671,403,782.72,2.86710
709,-297,526,604.06,2.21266
710,-67,87,109.81,0.40223
711,30,58,65.30,0.23919
712,-124,131,180.38,0.66073
713,-190,76,204.64,0.74958
714,-85,130,155.32,0.56895
715,-135,52,144.67,0.52992
716,33,32,45.97,0.16838
717,32,499,500.02,1.83159
718,-393,960,1037.33,3.79974
719,-552,706,896.18,3.28271
720,-226,240,329.66,1.20755
721,-180,-74,194.62,0.71288
722,-317,36,319.04,1.16864
723,-476,661,814.55,2.98371
724,-857,711,1113.54,4.07890
725,-559,726,916.27,3.35631
726,-248,554,606.98,2.22336
727,-199,318,375.13,1.37411
728,-468,17,468.31,1.71542
729,-522,-298,601.07,2.20173
730,-322,-14,322.30,1.18060
731,-554,174,580.68,2.12704
732,-572,-14,572.17,2.09587
733,-291,-758,811.94,2.97414
734,283,-1074,1110.66,4.06835
735,616,-844,1044.89,3.82743
736,560,220,601.66,2.20390
737,-144,620,636.50,2.33151
738,-191,-91,211.57,0.77498
739,328,-741,810.35,2.96831
740,820,-795,1142.11,4.18357
741,1003,-678,1210.66,4.43465
742,485,-781,919.34,3.36755
743,495,-450,668.97,2.45045
744,399,45,401.53,1.47080
745,100,122,157.75,0.57783
746,199,-246,316.41,1.15902
747,1027,-725,1257.12,4.60484
748,4337,-544,4370.98,16.01093
749,13278,2699,13549.53,49.63199
750,16451,7360,18022.35,66.01592
751,11464,11149,15991.36,58.57640
752,-2824,8625,9075.55,33.24377
753,-8308,943,8361.35,30.62764
754,1242,-93,1245.48,4.56219
755,11716,7277,13792.00,50.52016
756,10314,13517,17002.59,62.28053
757,2061,11270,11456.90,41.96667
758,-1370,1896,2339.17,8.56839
759,-2237,-3918,4511.64,16.52615
760,583,-5791,5820.27,21.31968
761,4289,-1969,4719.37,17.28708
762,3982,906,4083.77,14.95886
763,1467,1527,2117.50,7.75642
764,-1770,876,1974.91,7.23411
765,-1893,-825,2064.96,7.56397
766,159,-1313,1322.59,4.84466
767,83,-1310,1312.63,4.80816
768,-436,-653,785.18,2.87611
769,-122,589,601.50,2.20331
770,477,299,562.97,2.06214
771,443,-713,839.42,3.07478
772,575,-1200,1330.65,4.87417
773,771,-613,984.99,3.60803
774,-119,903,910.81,3.33629
775,-1028,1464,1788.88,6.55266
776,-1640,346,1676.10,6.13957
777,-1235,-1010,1595.41,5.84398
778,-861,-728,1127.52,4.13012
779,-1163,-297,1200.32,4.39679
780,-1519,402,1571.29,5.75566
781,-1734,1085,2045.48,7.49259
782,-1001,1172,1541.29,5.64576
783,-885,485,1009.18,3.69664
784,-882,-410,972.64,3.56278
785,-834,-813,1164.70,4.26630
786,-909,-431,1006.00,3.68499
787,-607,-199,638.79,2.33988
788,-699,-312,765.47,2.80392
789,-675,-481,828.85,3.03607
790,84,-341,351.19,1.28642
791,461,-315,558.34,2.04521
792,28,-623,623.63,2.28435
793,-721,-441,845.18,3.09588
794,-1003,-179,1018.85,3.73204
795,-602,-137,617.39,2.26151
796,8,-471,471.07,1.72552
797,-166,-410,442.33,1.62026
798,-432,-3,432.01,1.58246
799,-1176,-134,1183.61,4.33557
800,-1038,-405,1114.21,4.08136
801,-832,-315,889.63,3.25873
802,-1009,-177,1024.41,3.75241
803,-1042,11,1042.06,3.81706
804,-1178,-22,1178.21,4.31577
805,-1071,-714,1287.18,4.71495
806,-290,-901,946.52,3.46711
807,-271,-1131,1163.01,4.26013
808,-129,-1000,1008.29,3.69336
809,-313,-701,767.70,2.81210
810,-507,-420,658.37,2.41161
811,-221,-434,487.03,1.78399
812,59,-462,465.75,1.70605
813,-129,-841,850.84,3.11662
814,-212,-434,483.01,1.76927
815,-998,-249,1028.59,3.76774
816,-972,-169,986.58,3.61386
817,-929,-210,952.44,3.48879
818,-787,-247,824.85,3.02143
819,-455,25,455.69,1.66918
820,-198,150,248.40,0.90990
821,-1,79,79.01,0.28940
822,-71,-135,152.53,0.55873
823,-496,-447,667.70,2.44579
824,-526,-717,889.25,3.25732
825,-387,-622,732.57,2.68339
826,-474,-498,687.52,2.51838
827,-343,-509,613.78,2.24829
828,-340,-145,369.63,1.35395
829,-465,-14,465.21,1.70407
830,-405,104,418.14,1.53165
831,-890,-255,925.81,3.39125
832,-860,-577,1035.63,3.79352
833,-912,-359,980.11,3.59016
834,-642,-280,700.40,2.56558
835,-463,-428,630.52,2.30959
836,-37,-373,374.83,1.37301
837,-132,75,151.82,0.55611
838,-188,475,510.85,1.87125
839,-509,391,641.84,2.35107
840,-478,110,490.49,1.79668
841,-453,-310,548.92,2.01068
842,-299,-249,389.10,1.42529
843,-291,-91,304.90,1.11684
844,-147,-190,240.23,0.87995
845,-150,-581,600.05,2.19799
846,141,-543,561.01,2.05497
847,246,-353,430.26,1.57605
# END
# FRAME,47,RX_TS,297919850043,FP_INDEX,749.6250,FP_INT,749,RXPACC,265,RXPWR,-67.42,STD_NOISE,160.00,NTM,13,NOISE_THRESH,2080.00,PEAK_IDX,751,PEAK_AMPL,17049,START,699,elapsed_s,4.9336
sample,real,imag,amplitude,amplitude_norm
699,102,127,162.89,0.61468
700,333,72,340.69,1.28564
701,442,125,459.34,1.73334
702,-72,235,245.78,0.92748
703,-767,181,788.07,2.97384
704,-746,-135,758.12,2.86082
705,59,-256,262.71,0.99136
706,442,-161,470.41,1.77513
707,150,-23,151.75,0.57265
708,-406,-152,433.52,1.63593
709,-664,-392,771.08,2.90973
710,-568,16,568.23,2.14425
711,-80,44,91.30,0.34453
712,74,49,88.75,0.33491
713,-50,-47,68.62,0.25895
714,-84,-206,222.47,0.83950
715,-79,3,79.06,0.29833
716,-139,-121,184.29,0.69543
717,22,-2,22.09,0.08336
718,-300,265,400.28,1.51049
719,-861,120,869.32,3.28046
720,-832,-165,848.20,3.20077
721,-334,-27,335.09,1.26449
722,-13,-172,172.49,0.65091
723,-89,-241,256.91,0.96947
724,-753,-58,755.23,2.84993
725,-971,-312,1019.89,3.84866
726,-845,-119,853.34,3.22014
727,-579,66,582.75,2.19905
728,-405,3,405.01,1.52834
729,-145,-341,370.55,1.39830
730,-19,-668,668.27,2.52177
731,-81,-251,263.75,0.99527
732,-372,-476,604.12,2.27970
733,-308,-469,561.09,2.11733
734,422,-644,769.95,2.90546
735,1077,-332,1127.01,4.25287
736,1110,73,1112.40,4.19773
737,251,622,670.73,2.53107
738,-540,193,573.45,2.16398
739,-48,-205,210.54,0.79451
740,780,-73,783.41,2.95626
741,1153,325,1197.93,4.52049
742,1133,465,1224.71,4.62155
743,928,-45,929.09,3.50600
744,718,77,722.12,2.72497
745,186,372,415.91,1.56947
746,19,138,139.30,0.52567
747,358,-19,358.50,1.35284
748,1139,448,1223.94,4.61864
749,2451,2909,3803.90,14.35435
750,4288,11821,12574.70,47.45168
751,2527,16451,16643.95,62.80736
752,-3183,14876,15212.72,57.40649
753,-8376,2831,8841.49,33.36411
754,-5296,-6530,8407.65,31.72697
755,535,119,548.07,2.06821
756,62,12630,12630.15,47.66095
757,-5850,15335,16412.94,61.93563
758,-8668,8024,11811.81,44.57286
759,-2527,33,2527.22,9.53666
760,2034,-3616,4148.81,15.65588
761,5248,-2834,5964.32,22.50685
762,4043,2386,4694.55,17.71530
763,1333,3763,3992.12,15.06462
764,-361,2180,2209.69,8.33845
765,-1480,-861,1712.23,6.46123
766,-346,-2051,2079.98,7.84898
767,1211,-545,1327.99,5.01127
768,1232,-497,1328.47,5.01310
769,481,-788,923.20,3.48379
770,-562,94,569.81,2.15022
771,-37,538,539.27,2.03498
772,832,-4,832.01,3.13966
773,1313,-155,1322.12,4.98912
774,1055,293,1094.93,4.13182
775,-658,311,727.79,2.74639
776,-1714,-143,1719.95,6.49040
777,-1206,-1113,1641.10,6.19283
778,242,-1570,1588.54,5.99450
779,340,-1088,1139.89,4.30146
780,-229,-1220,1241.31,4.68417
781,-997,-943,1372.32,5.17856
782,-1718,-790,1890.93,7.13559
783,-1304,-237,1325.36,5.00137
784,-723,-637,963.59,3.63617
785,58,-1073,1074.57,4.05497
786,293,-1238,1272.20,4.80076
787,-11,-1005,1005.06,3.79268
788,-71,-672,675.74,2.54996
789,10,-724,724.07,2.73234
790,117,-872,879.81,3.32005
791,278,-108,298.24,1.12544
792,391,260,469.55,1.77190
793,574,-233,619.49,2.33769
794,6,-850,850.02,3.20763
795,-319,-929,982.24,3.70658
796,-176,-635,658.94,2.48656
797,316,-216,382.77,1.44441
798,346,-273,440.73,1.66314
799,-80,-275,286.40,1.08075
800,-456,-846,961.07,3.62667
801,-216,-962,985.95,3.72057
802,-93,-950,954.54,3.60204
803,-303,-1013,1057.34,3.98998
804,-549,-973,1117.20,4.21584
805,-563,-939,1094.85,4.13150
806,39,-1265,1265.60,4.77585
807,604,-753,965.31,3.64268
808,916,-881,1270.91,4.79589
809,925,-627,1117.48,4.21689
810,480,-630,792.02,2.98877
811,89,-748,753.28,2.84255
812,285,-492,568.59,2.14560
813,497,-190,532.08,2.00785
814,661,-509,834.27,3.14818
815,420,-355,549.93,2.07521
816,-226,-904,931.82,3.51631
817,-360,-947,1013.12,3.82309
818,-378,-872,950.40,3.58643
819,-149,-809,822.61,3.10418
820,-200,-487,526.47,1.98667
821,-270,-105,289.70,1.09320
822,-4,3,5.00,0.01887
823,85,-104,134.32,0.50686
824,204,-638,669.82,2.52763
825,346,-785,857.87,3.23725
826,351,-596,691.68,2.61010
827,191,-619,647.80,2.44452
828,299,-577,649.87,2.45234
829,34,-366,367.58,1.38708
830,-202,-454,496.91,1.87513
831,-227,-279,359.68,1.35728
832,-174,-825,843.15,3.18170
833,170,-1050,1063.67,4.01386
834,-67,-876,878.56,3.31532
835,0,-677,677.00,2.55472
836,143,-656,671.41,2.53360
837,292,-225,368.63,1.39106
838,-66,-7,66.37,0.25045
839,-495,178,526.03,1.98502
840,-616,-200,647.65,2.44398
841,-254,-358,438.95,1.65643
842,97,-506,515.21,1.94420
843,83,-373,382.12,1.44197
844,-114,-259,282.98,1.06784
845,112,-245,269.39,1.01655
846,420,-456,619.95,2.33943
847,546,-177,573.97,2.16594
848,439,26,439.77,1.65951
# END
# FRAME,48,RX_TS,304309648046,FP_INDEX,752.0469,FP_INT,752,RXPACC,304,RXPWR,-67.49,STD_NOISE,156.00,NTM,13,NOISE_THRESH,2028.00,PEAK_IDX,754,PEAK_AMPL,18907,START,702,elapsed_s,5.0275
sample,real,imag,amplitude,amplitude_norm
702,116,264,288.36,0.94856
703,365,410,548.93,1.80569
704,53,370,373.78,1.22953
705,-625,-306,695.89,2.28911
706,-637,-755,987.82,3.24942
707,56,-514,517.04,1.70079
708,566,304,642.47,2.11340
709,494,-5,494.03,1.62508
710,-108,-159,192.21,0.63227
711,-127,-811,820.88,2.70028
712,-297,-772,827.16,2.72092
713,-230,-211,312.12,1.02672
714,116,-20,117.71,0.38721
715,-13,-18,22.20,0.07304
716,142,-258,294.50,0.96874
717,-11,24,26.40,0.08684
718,70,-249,258.65,0.85083
719,57,-35,66.89,0.22003
720,-259,68,267.78,0.88085
721,-623,-454,770.87,2.53577
722,-680,-935,1156.13,3.80304
723,-197,-614,644.83,2.12115
724,37,-225,228.02,0.75007
725,247,-197,315.94,1.03928
726,-267,-491,558.90,1.83849
727,-478,-922,1038.54,3.41625
728,-323,-1079,1126.31,3.70496
729,-458,-510,685.47,2.25482
730,-313,-430,531.85,1.74952
731,51,-276,280.67,0.92326
732,529,-577,782.80,2.57499
733,409,-181,447.26,1.47125
734,239,-593,639.35,2.10313
735,108,-638,647.08,2.12854
736,726,-391,824.60,2.71248
737,1201,438,1278.38,4.20518
738,1004,935,1371.95,4.51299
739,165,1052,1064.86,3.50283
740,-608,-35,609.01,2.00331
741,-83,-424,432.05,1.42121
742,621,245,667.58,2.19599
743,699,1127,1326.17,4.36241
744,482,1473,1549.86,5.09821
745,684,1027,1233.93,4.05898
746,665,754,1005.36,3.30709
747,41,604,605.39,1.99141
748,-170,195,258.70,0.85098
749,86,81,118.14,0.38862
750,497,746,896.40,2.94867
751,122,2484,2486.99,8.18090
752,-4081,9118,9989.62,32.86058
753,-11805,15575,19543.25,64.28701
754,-15754,12801,20299.12,66.77341
755,-13065,540,13076.16,43.01367
756,-1629,-10024,10155.50,33.40626
757,2618,-4185,4936.41,16.23819
758,-6139,6749,9123.39,30.01117
759,-16247,8935,18541.82,60.99284
760,-16491,1181,16533.23,54.38564
761,-6132,-2987,6820.82,22.43691
762,2396,-1307,2729.30,8.97795
763,6828,601,6854.40,22.54737
764,3250,4663,5683.84,18.69685
765,-1474,4757,4980.13,16.38202
766,-2519,2642,3650.41,12.00794
767,-1119,-845,1402.21,4.61252
768,884,-2491,2643.21,8.69476
769,1616,-61,1617.15,5.31958
770,1286,992,1624.15,5.34260
771,1489,260,1511.53,4.97214
772,101,-446,457.29,1.50425
773,-678,32,678.75,2.23275
774,208,555,592.70,1.94966
775,1058,935,1411.95,4.64456
776,1001,1279,1624.14,5.34258
777,-239,294,378.89,1.24635
778,-1149,-1175,1643.42,5.40598
779,-600,-1905,1997.25,6.56992
780,1106,-1472,1841.20,6.05658
781,1485,-537,1579.11,5.19445
782,1019,-911,1366.85,4.49622
783,419,-1256,1324.05,4.35541
784,-289,-2233,2251.62,7.40666
785,-923,-1884,2097.95,6.90114
786,-489,-1371,1455.60,4.78815
787,504,-865,1001.12,3.29316
788,1355,-701,1525.59,5.01839
789,1080,-567,1219.79,4.01247
790,735,-873,1141.21,3.75397
791,568,-387,687.31,2.26088
792,957,-686,1177.47,3.87327
793,552,-13,552.15,1.81629
794,145,348,377.00,1.24013
795,312,537,621.06,2.04295
796,797,-314,856.62,2.81784
797,747,-770,1072.80,3.52896
798,549,-941,1089.44,3.58369
799,507,-57,510.19,1.67827
800,644,220,680.54,2.23862
801,442,-94,451.88,1.48646
802,282,-848,893.66,2.93967
803,812,-1142,1401.25,4.60938
804,774,-830,1134.89,3.73319
805,762,-794,1100.49,3.62004
806,628,-1245,1394.42,4.58691
807,276,-1066,1101.15,3.62220
808,940,-1313,1614.80,5.31183
809,1162,-417,1234.56,4.06105
810,1168,41,1168.72,3.84447
811,1456,286,1483.82,4.88100
812,1068,76,1070.70,3.52204
813,845,-321,903.92,2.97341
814,740,-427,854.36,2.81039
815,579,230,623.01,2.04937
816,866,235,897.32,2.95171
817,905,295,951.87,3.13114
818,507,-462,685.92,2.25633
819,761,-1053,1299.20,4.27370
820,590,-965,1131.07,3.72063
821,623,-732,961.22,3.16192
822,504,-689,853.66,2.80810
823,85,-401,409.91,1.34839
824,46,-99,109.17,0.35910
825,193,30,195.32,0.64249
826,462,-126,478.87,1.57524
827,1013,-350,1071.76,3.52553
828,851,-181,870.04,2.86196
829,828,-266,869.68,2.86078
830,810,-239,844.52,2.77804
831,484,-135,502.47,1.65288
832,353,-525,632.64,2.08105
833,280,-404,491.54,1.61692
834,347,-629,718.37,2.36305
835,1111,-705,1315.81,4.32831
836,810,-627,1024.32,3.36947
837,767,-695,1035.04,3.40475
838,737,-438,857.33,2.82016
839,624,-6,624.03,2.05273
840,309,38,311.33,1.02410
841,-334,-132,359.14,1.18137
842,-292,-478,560.13,1.84254
843,72,-544,548.74,1.80508
844,429,-278,511.20,1.68158
845,558,-299,633.06,2.08243
846,261,-198,327.60,1.07765
847,213,-148,259.37,0.85319
848,667,-5,667.02,2.19414
849,743,298,800.53,2.63333
850,409,358,543.55,1.78799
851,169,270,318.53,1.04779
# END
# FRAME,49,RX_TS,310699446024,FP_INDEX,754.0781,FP_INT,754,RXPACC,300,RXPWR,-67.42,STD_NOISE,160.00,NTM,13,NOISE_THRESH,2080.00,PEAK_IDX,756,PEAK_AMPL,18406,START,704,elapsed_s,5.1373
sample,real,imag,amplitude,amplitude_norm
704,95,347,359.77,1.19923
705,352,413,542.65,1.80885
706,71,337,344.40,1.14799
707,-593,-318,672.88,2.24295
708,-597,-706,924.58,3.08193
709,105,-465,476.71,1.58902
710,545,319,631.50,2.10498
711,387,64,392.26,1.30752
712,-103,-205,229.42,0.76474
713,-120,-833,841.60,2.80533
714,-255,-756,797.85,2.65949
715,-315,-203,374.75,1.24915
716,108,11,108.56,0.36186
717,-40,15,42.72,0.14240
718,143,-202,247.49,0.82498
719,-31,-31,43.84,0.14614
720,101,-313,328.89,1.09631
721,44,-45,62.94,0.20979
722,-224,128,257.99,0.85997
723,-633,-411,754.73,2.51575
724,-701,-895,1136.85,3.78950
725,-230,-637,677.25,2.25750
726,20,-168,169.19,0.56395
727,270,-216,345.77,1.15256
728,-181,-435,471.15,1.57051
729,-520,-893,1033.37,3.44456
730,-365,-1045,1106.91,3.68970
731,-530,-487,719.77,2.39923
732,-347,-394,525.02,1.75006
733,107,-294,312.87,1.04289
734,598,-567,824.07,2.74690
735,378,-189,422.62,1.40872
736,174,-577,602.66,2.00888
737,86,-606,612.07,2.04024
738,660,-390,766.62,2.55539
739,1209,464,1294.98,4.31660
740,981,901,1331.98,4.43992
741,140,1037,1046.41,3.48803
742,-653,5,653.02,2.17673
743,-149,-423,448.48,1.49492
744,566,208,603.01,2.01003
745,702,1046,1259.73,4.19910
746,473,1384,1462.60,4.87532
747,670,980,1187.14,3.95713
748,680,659,946.93,3.15644
749,75,576,580.86,1.93621
750,-93,212,231.50,0.77167
751,132,104,168.05,0.56016
752,478,718,862.56,2.87520
753,192,2410,2417.64,8.05879
754,-3568,8887,9576.50,31.92167
755,-11143,15638,19201.91,64.00638
756,-15150,13188,20085.96,66.95320
757,-12987,1132,13036.24,43.45414
758,-1978,-9808,10005.47,33.35155
759,2451,-4357,4999.08,16.66361
760,-5797,6838,8964.57,29.88189
761,-15894,9301,18415.42,61.38475
762,-16460,1769,16554.79,55.18262
763,-6299,-2726,6863.56,22.87854
764,2253,-1327,2614.75,8.71585
765,6772,396,6783.57,22.61189
766,3379,4426,5568.40,18.56134
767,-1275,4819,4984.82,16.61605
768,-2437,2782,3698.44,12.32815
769,-1277,-828,1521.94,5.07315
770,721,-2510,2611.50,8.70501
771,1570,-172,1579.39,5.26465
772,1294,928,1592.36,5.30788
773,1431,234,1450.01,4.83335
774,70,-508,512.80,1.70933
775,-661,-27,661.55,2.20517
776,190,455,493.08,1.64359
777,1089,922,1426.89,4.75629
778,1093,1269,1674.82,5.58272
779,-161,282,324.72,1.08241
780,-1178,-1194,1677.30,5.59098
781,-671,-1831,1950.08,6.50026
782,1068,-1465,1812.97,6.04322
783,1431,-613,1556.77,5.18923
784,988,-932,1358.22,4.52741
785,485,-1218,1311.01,4.37004
786,-265,-2297,2312.24,7.70745
787,-876,-1839,2036.98,6.78994
788,-509,-1308,1403.55,4.67849
789,334,-854,916.99,3.05664
790,1195,-779,1426.49,4.75496
791,1010,-510,1131.46,3.77153
792,710,-789,1061.42,3.53808
793,558,-360,664.05,2.21350
794,989,-692,1207.06,4.02352
795,583,-50,585.14,1.95047
796,217,359,419.49,1.39829
797,273,558,621.20,2.07068
798,713,-271,762.76,2.54255
799,734,-798,1084.23,3.61411
800,484,-993,1104.67,3.68225
801,352,-190,400.01,1.33335
802,438,-40,439.82,1.46608
803,326,-182,373.36,1.24454
804,248,-892,925.83,3.08611
805,855,-1270,1530.99,5.10329
806,657,-936,1143.57,3.81189
807,623,-840,1045.81,3.48605
808,609,-1179,1327.00,4.42332
809,355,-962,1025.41,3.41804
810,934,-1201,1521.43,5.07144
811,1100,-366,1159.29,3.86430
812,1161,59,1162.50,3.87499
813,1431,230,1449.37,4.83122
814,1041,185,1057.31,3.52437
815,825,-219,853.57,2.84524
816,781,-355,857.90,2.85965
817,585,200,618.24,2.06081
818,795,148,808.66,2.69553
819,908,255,943.13,3.14376
820,571,-416,706.47,2.35489
821,770,-1004,1265.27,4.21758
822,488,-983,1097.47,3.65822
823,600,-800,1000.00,3.33333
824,493,-721,873.44,2.91145
825,46,-398,400.65,1.33550
826,25,-165,166.88,0.55628
827,216,18,216.75,0.72250
828,377,-145,403.92,1.34641
829,990,-386,1062.59,3.54196
830,931,-181,948.43,3.16144
831,787,-237,821.91,2.73970
832,760,-210,788.48,2.62827
833,468,-61,471.96,1.57320
834,393,-421,575.93,1.91975
835,246,-381,453.52,1.51172
836,309,-598,673.12,2.24372
837,1079,-733,1304.43,4.34809
838,817,-620,1025.62,3.41872
839,725,-733,1030.98,3.43659
840,678,-497,840.65,2.80217
841,592,24,592.49,1.97495
842,392,140,416.25,1.38750
843,-272,-141,306.37,1.02125
844,-297,-526,604.06,2.01352
845,69,-640,643.71,2.14570
846,420,-313,523.80,1.74601
847,539,-281,607.85,2.02617
848,177,-221,283.14,0.94381
849,205,-206,290.62,0.96874
850,609,-73,613.36,2.04453
851,690,212,721.83,2.40611
852,445,353,568.01,1.89336
853,138,216,256.32,0.85440
# END
# FRAME,50,RX_TS,317089243978,FP_INDEX,745.8594,FP_INT,745,RXPACC,267,RXPWR,-67.43,STD_NOISE,136.00,NTM,13,NOISE_THRESH,1768.00,PEAK_IDX,748,PEAK_AMPL,16909,START,695,elapsed_s,5.2335
sample,real,imag,amplitude,amplitude_norm
695,-71,-35,79.16,0.29647
696,-102,255,274.64,1.02863
697,-84,432,440.09,1.64828
698,-166,34,169.45,0.63463
699,11,-759,759.08,2.84300
700,296,-789,842.70,3.15617
701,382,-82,390.70,1.46330
702,70,529,533.61,1.99854
703,249,270,367.29,1.37561
704,217,-329,394.12,1.47610
705,519,-547,754.04,2.82410
706,366,-598,701.11,2.62589
707,52,-150,158.76,0.59460
708,66,131,146.69,0.54939
709,20,-60,63.25,0.23687
710,341,-40,343.34,1.28591
711,117,-42,124.31,0.46558
712,336,-132,361.00,1.35205
713,32,-32,45.25,0.16949
714,-241,-175,297.84,1.11549
715,31,-766,766.63,2.87126
716,379,-984,1054.47,3.94931
717,297,-431,523.42,1.96038
718,171,-119,208.33,0.78027
719,320,6,320.06,1.19871
720,248,-575,626.20,2.34533
721,474,-827,953.21,3.57007
722,525,-769,931.12,3.48734
723,148,-635,652.02,2.44202
724,130,-427,446.35,1.67173
725,381,-70,387.38,1.45085
726,763,122,772.69,2.89398
727,324,112,342.81,1.28394
728,554,-236,602.17,2.25533
729,549,-264,609.18,2.28156
730,612,419,741.69,2.77787
731,235,1092,1117.00,4.18352
732,-121,1109,1115.58,4.17821
733,-591,439,736.21,2.75733
734,-121,-514,528.05,1.97772
735,318,-239,397.80,1.48989
736,127,618,630.91,2.36298
737,-395,1053,1124.65,4.21217
738,-683,1105,1299.04,4.86533
739,-231,916,944.68,3.53812
740,-141,778,790.67,2.96132
741,-421,205,468.26,1.75378
742,-179,-1,179.00,0.67042
743,13,199,199.42,0.74691
744,-308,884,936.12,3.50607
745,-2115,1552,2623.34,9.82525
746,-9882,1974,10077.23,37.74244
747,-16499,-398,16503.80,61.81198
748,-15663,-5043,16454.83,61.62858
749,-4990,-9065,10347.67,38.75533
750,7102,-5603,9046.11,33.88055
751,2793,73,2793.95,10.46425
752,-9852,-1316,9939.50,37.22661
753,-14678,-7662,16557.47,62.01300
754,-8272,-10863,13653.96,51.13845
755,-299,-4464,4474.00,16.75656
756,2571,1589,3022.41,11.31989
757,2842,5391,6094.25,22.82489
758,-2153,4267,4779.40,17.90039
759,-4008,1067,4147.60,15.53407
760,-2813,-587,2873.59,10.76252
761,470,-1397,1473.94,5.52039
762,2261,-609,2341.58,8.76997
763,654,1152,1324.70,4.96141
764,92,1414,1416.99,5.30708
765,694,1061,1267.82,4.74837
766,286,-364,462.92,1.73377
767,-323,-362,485.15,1.81705
768,-164,566,589.28,2.20704
769,-55,1313,1314.15,4.92192
770,-340,1343,1385.37,5.18865
771,-178,-205,271.49,1.01683
772,401,-1531,1582.64,5.92751
773,1165,-1328,1766.58,6.61641
774,1591,188,1602.07,6.00026
775,1107,610,1263.94,4.73386
776,1341,136,1347.88,5.04823
777,1179,-555,1303.10,4.88052
778,1433,-1513,2083.90,7.80489
779,680,-1529,1673.39,6.26739
780,602,-944,1119.62,4.19332
781,757,-67,759.96,2.84629
782,1317,475,1400.04,5.24360
783,1009,355,1069.63,4.00610
784,832,101,838.11,3.13898
785,569,183,597.70,2.23859
786,968,265,1003.62,3.75887
787,270,353,444.42,1.66449
788,-111,302,321.75,1.20507
789,-95,689,695.52,2.60494
790,709,289,765.64,2.86756
791,984,7,984.02,3.68549
792,853,-74,856.20,3.20676
793,258,242,353.73,1.32485
794,256,388,464.84,1.74099
795,336,109,353.24,1.32299
796,1017,-253,1048.00,3.92508
797,1371,-14,1371.07,5.13510
798,1001,-26,1001.34,3.75033
799,944,-14,944.10,3.53597
800,1188,-195,1203.90,4.50898
801,985,-270,1021.33,3.82522
802,1441,224,1458.31,5.46182
803,781,729,1068.36,4.00136
804,636,938,1133.29,4.24452
805,599,1120,1270.12,4.75700
806,530,700,878.01,3.28842
807,685,399,792.73,2.96904
808,568,311,647.57,2.42535
809,133,454,473.08,1.77184
810,446,600,747.61,2.80003
811,345,602,693.85,2.59869
812,772,31,772.62,2.89372
813,1084,-26,1084.31,4.06109
814,1048,-113,1054.07,3.94784
815,839,10,839.06,3.14255
816,722,-75,725.88,2.71867
817,272,-229,355.56,1.33170
818,39,-88,96.25,0.36051
819,116,137,179.51,0.67233
820,429,304,525.79,1.96926
821,841,526,991.95,3.71515
822,596,558,816.44,3.05784
823,626,400,742.88,2.78234
824,636,452,780.26,2.92231
825,380,202,430.35,1.61181
826,577,-109,587.21,2.19927
827,415,-200,460.68,1.72539
828,755,-139,767.69,2.87524
829,1097,391,1164.60,4.36179
830,902,224,929.40,3.48089
831,871,142,882.50,3.30524
832,835,262,875.14,3.27768
833,338,405,527.51,1.97570
834,166,162,231.95,0.86872
835,41,-400,402.10,1.50598
836,269,-497,565.13,2.11659
837,456,-257,523.44,1.96043
838,479,126,495.29,1.85504
839,540,192,573.12,2.14651
840,339,33,340.60,1.27566
841,318,96,332.17,1.24410
842,464,486,671.93,2.51660
843,247,610,658.11,2.46483
844,0,455,455.00,1.70412
# END
# FRAME,51,RX_TS,323479041891,FP_INDEX,746.8750,FP_INT,746,RXPACC,271,RXPWR,-67.26,STD_NOISE,172.00,NTM,13,NOISE_THRESH,2236.00,PEAK_IDX,748,PEAK_AMPL,17276,START,696,elapsed_s,5.3362
sample,real,imag,amplitude,amplitude_norm
696,-112,107,154.90,0.57157
697,42,240,243.65,0.89907
698,174,447,479.67,1.77001
699,-170,131,214.62,0.79195
700,-504,-594,779.01,2.87456
701,-163,-704,722.62,2.66651
702,311,-76,320.15,1.18137
703,422,406,585.59,2.16086
704,292,53,296.77,1.09510
705,-44,-395,397.44,1.46658
706,74,-723,726.78,2.68183
707,-200,-590,622.98,2.29881
708,-41,-142,147.80,0.54539
709,63,7,63.39,0.23390
710,54,-20,57.58,0.21249
711,233,-133,268.29,0.98999
712,-5,-35,35.36,0.13046
713,145,-190,239.01,0.88195
714,48,55,73.00,0.26937
715,-350,-60,355.11,1.31035
716,-496,-676,838.45,3.09390
717,-305,-885,936.08,3.45418
718,-116,-438,453.10,1.67196
719,106,-77,131.02,0.48345
720,234,-175,292.20,1.07823
721,-219,-679,713.44,2.63263
722,-129,-1041,1048.96,3.87071
723,-193,-882,902.87,3.33162
724,-264,-470,539.07,1.98919
725,-138,-350,376.22,1.38828
726,228,-292,370.47,1.36705
727,663,-303,728.96,2.68988
728,308,-157,345.71,1.27567
729,327,-552,641.59,2.36748
730,308,-480,570.32,2.10450
731,828,-1,828.00,3.05535
732,939,848,1265.24,4.66877
733,577,1027,1177.99,4.34682
734,-291,592,659.66,2.43415
735,-479,-371,605.87,2.23569
736,171,-241,295.50,1.09042
737,518,605,796.46,2.93897
738,282,1146,1180.19,4.35493
739,110,1345,1349.49,4.97967
740,513,962,1090.24,4.02301
741,345,696,776.81,2.86647
742,-242,383,453.05,1.67177
743,-121,92,152.00,0.56090
744,123,207,240.79,0.88851
745,203,1049,1068.46,3.94266
746,-1004,3073,3232.85,11.92935
747,-7752,8938,11831.37,43.65820
748,-14514,11041,18236.22,67.29234
749,-15778,5744,16791.03,61.95953
750,-8105,-5044,9546.36,35.22641
751,2848,-8439,8906.62,32.86575
752,1203,-588,1339.01,4.94100
753,-10191,5773,11712.56,43.21977
754,-16449,2784,16682.93,61.56064
755,-12358,-3729,12908.35,47.63230
756,-2146,-2740,3480.36,12.84266
757,3705,-169,3708.85,13.68580
758,5447,2903,6172.29,22.77599
759,397,4741,4757.59,17.55569
760,-2707,3184,4179.20,15.42140
761,-2430,942,2606.20,9.61696
762,-287,-1668,1692.51,6.24543
763,1509,-1647,2233.76,8.24266
764,1046,634,1223.14,4.51343
765,978,1030,1420.35,5.24113
766,1066,260,1097.25,4.04889
767,-66,-547,550.97,2.03309
768,-388,-26,388.87,1.43495
769,386,598,711.76,2.62641
770,910,1117,1440.76,5.31646
771,501,1250,1346.66,4.96924
772,-397,-270,480.11,1.77164
773,-728,-1543,1706.12,6.29563
774,149,-1779,1785.23,6.58756
775,1393,-774,1593.59,5.88040
776,1210,-250,1235.56,4.55925
777,1058,-668,1251.23,4.61710
778,484,-1243,1333.91,4.92216
779,58,-2072,2072.81,7.64875
780,-349,-1404,1446.73,5.33847
781,96,-875,880.25,3.24816
782,904,-336,964.42,3.55876
783,1401,-370,1449.03,5.34699
784,981,-458,1082.65,3.99501
785,685,-380,783.34,2.89056
786,659,-156,677.21,2.49894
787,922,-310,972.72,3.58937
788,328,217,393.28,1.45124
789,68,432,437.32,1.61372
790,429,550,697.52,2.57389
791,826,-286,874.11,3.22551
792,788,-639,1014.53,3.74364
793,562,-530,772.49,2.85052
794,308,141,338.74,1.24996
795,434,122,450.82,1.66355
796,261,-315,409.08,1.50952
797,624,-976,1158.43,4.27464
798,920,-748,1185.71,4.37531
799,771,-465,900.37,3.32240
800,734,-546,914.81,3.37567
801,750,-800,1096.59,4.04644
802,698,-863,1109.94,4.09573
803,1264,-738,1463.67,5.40101
804,987,141,997.02,3.67904
805,1165,302,1203.51,4.44099
806,1111,444,1196.44,4.41489
807,827,123,836.10,3.08523
808,743,-201,769.71,2.84025
809,648,4,648.01,2.39119
810,418,381,565.58,2.08702
811,822,338,888.78,3.27963
812,616,282,677.48,2.49993
813,688,-520,862.41,3.18231
814,763,-818,1118.61,4.12772
815,732,-763,1057.35,3.90167
816,684,-507,851.41,3.14175
817,419,-421,593.97,2.19178
818,56,-273,278.68,1.02836
819,49,-11,50.22,0.18531
820,200,65,210.30,0.77601
821,569,-78,574.32,2.11927
822,1056,-88,1059.66,3.91019
823,823,44,824.18,3.04124
824,691,-111,699.86,2.58250
825,725,-16,725.18,2.67593
826,380,-116,397.31,1.46609
827,429,-436,611.67,2.25708
828,149,-429,454.14,1.67579
829,597,-611,854.24,3.15219
830,1081,-407,1155.08,4.26229
831,805,-328,869.26,3.20759
832,709,-343,787.61,2.90631
833,802,-248,839.47,3.09767
834,488,78,494.19,1.82360
835,220,-35,222.77,0.82202
836,-163,-315,354.67,1.30876
837,3,-581,581.01,2.14394
838,261,-384,464.30,1.71329
839,492,-2,492.00,1.81551
840,449,-58,452.73,1.67059
841,240,-209,318.25,1.17434
842,289,-109,308.87,1.13975
843,672,134,685.23,2.52852
844,537,431,688.57,2.54085
845,207,403,453.05,1.67179
# END
# FRAME,52,RX_TS,329868839776,FP_INDEX,746.7031,FP_INT,746,RXPACC,282,RXPWR,-67.35,STD_NOISE,164.00,NTM,13,NOISE_THRESH,2132.00,PEAK_IDX,748,PEAK_AMPL,18813,START,696,elapsed_s,5.4317
sample,real,imag,amplitude,amplitude_norm
696,61,100,117.14,0.41538
697,198,-207,286.45,1.01578
698,382,-267,466.06,1.65270
699,174,234,291.60,1.03405
700,-342,817,885.69,3.14076
701,-585,598,836.56,2.96652
702,-164,-204,261.75,0.92818
703,193,-464,502.54,1.78205
704,-25,-214,215.46,0.76403
705,-425,306,523.70,1.85709
706,-767,333,836.17,2.96514
707,-490,497,697.93,2.47494
708,-125,129,179.63,0.63698
709,-20,28,34.41,0.12202
710,-54,55,77.08,0.27333
711,-201,-75,214.54,0.76077
712,-71,123,142.02,0.50362
713,-196,17,196.74,0.69764
714,13,74,75.13,0.26643
715,49,498,500.40,1.77449
716,-430,881,980.34,3.47637
717,-700,710,997.05,3.53562
718,-327,333,466.71,1.65500
719,-175,-21,176.26,0.62502
720,-281,-37,283.43,1.00505
721,-505,581,769.80,2.72977
722,-871,655,1089.80,3.86454
723,-668,611,905.29,3.21024
724,-325,510,604.75,2.14451
725,-307,341,458.84,1.62708
726,-428,-38,429.68,1.52370
727,-604,-457,757.41,2.68584
728,-309,-107,327.00,1.15958
729,-605,69,608.92,2.15930
730,-588,-13,588.14,2.08562
731,-286,-820,868.44,3.07959
732,383,-1080,1145.90,4.06348
733,683,-862,1099.79,3.89996
734,696,133,708.59,2.51274
735,-78,600,605.05,2.14556
736,-282,-13,282.30,1.00106
737,315,-659,730.41,2.59012
738,964,-715,1200.22,4.25609
739,1222,-635,1377.14,4.88347
740,600,-710,929.57,3.29635
741,492,-540,730.52,2.59051
742,405,74,411.70,1.45995
743,185,127,224.40,0.79573
744,146,-162,218.08,0.77334
745,963,-646,1159.61,4.11208
746,3646,-228,3653.12,12.95433
747,12262,3769,12828.17,45.48997
748,16472,9241,18887.11,66.97556
749,11869,12814,17466.30,61.93724
750,-2031,9583,9795.86,34.73709
751,-9158,732,9187.21,32.57875
752,-477,-649,805.44,2.85616
753,10236,7604,12751.33,45.21749
754,9634,14777,17640.12,62.55360
755,1597,12948,13046.12,46.26282
756,-1681,2876,3331.24,11.81290
757,-1767,-3579,3991.43,14.15401
758,717,-6198,6239.33,22.12530
759,4494,-2121,4969.37,17.62189
760,4197,1318,4399.08,15.59959
761,1871,1951,2703.15,9.58565
762,-1614,1023,1910.90,6.77623
763,-2185,-590,2263.26,8.02573
764,167,-1085,1097.78,3.89283
765,552,-1223,1341.80,4.75816
766,-243,-892,924.51,3.27839
767,-468,420,628.83,2.22988
768,226,408,466.41,1.65394
769,471,-618,777.02,2.75540
770,814,-1351,1577.28,5.59317
771,1008,-928,1370.13,4.85861
772,-82,624,629.36,2.23179
773,-1240,1470,1923.15,6.81968
774,-1848,635,1954.05,6.92927
775,-1264,-990,1605.55,5.69345
776,-655,-971,1171.27,4.15343
777,-1123,-523,1238.81,4.39295
778,-1512,218,1527.63,5.41714
779,-2132,992,2351.49,8.33860
780,-1272,1173,1730.29,6.13579
781,-923,433,1019.52,3.61531
782,-645,-599,880.24,3.12143
783,-869,-1004,1327.85,4.70868
784,-868,-611,1061.48,3.76412
785,-614,-377,720.50,2.55498
786,-404,-467,617.50,2.18971
787,-604,-707,929.87,3.29742
788,55,-387,390.89,1.38613
789,420,-188,460.16,1.63176
790,268,-528,592.12,2.09972
791,-636,-536,831.74,2.94943
792,-939,-359,1005.29,3.56485
793,-775,-272,821.35,2.91257
794,-25,-339,339.92,1.20539
795,-106,-396,409.94,1.45369
796,-347,-80,356.10,1.26277
797,-1138,-99,1142.30,4.05070
798,-1129,-325,1174.85,4.16612
799,-887,-428,984.86,3.49242
800,-941,-401,1022.88,3.62723
801,-1128,-282,1162.72,4.12311
802,-1126,-174,1139.36,4.04030
803,-1092,-892,1410.01,5.00004
804,-204,-949,970.68,3.44212
805,-99,-1187,1191.12,4.22383
806,105,-1182,1186.65,4.20799
807,-153,-826,840.05,2.97890
808,-501,-564,754.39,2.67512
809,-259,-517,578.25,2.05052
810,165,-470,498.12,1.76639
811,-24,-868,868.33,3.07919
812,-50,-488,490.55,1.73956
813,-800,-324,863.12,3.06071
814,-1026,-364,1088.66,3.86048
815,-1005,-316,1053.51,3.73585
816,-764,-351,840.77,2.98146
817,-536,-176,564.16,2.00055
818,-258,136,291.65,1.03422
819,-18,33,37.59,0.13330
820,-28,-147,149.64,0.53065
821,-403,-500,642.19,2.27727
822,-568,-882,1049.07,3.72011
823,-366,-739,824.67,2.92435
824,-416,-554,692.80,2.45674
825,-279,-578,641.81,2.27594
826,-260,-248,359.31,1.27415
827,-591,-103,599.91,2.12733
828,-470,84,477.45,1.69308
829,-871,-280,914.90,3.24432
830,-799,-708,1067.55,3.78564
831,-775,-461,901.75,3.19768
832,-616,-432,752.38,2.66802
833,-489,-566,747.98,2.65242
834,-28,-443,443.88,1.57406
835,-85,-19,87.10,0.30886
836,-210,506,547.85,1.94272
837,-597,319,676.88,2.40029
838,-487,-67,491.59,1.74322
839,-337,-354,488.76,1.73319
840,-239,-312,393.02,1.39369
841,-243,-62,250.78,0.88931
842,-238,-139,275.62,0.97737
843,-109,-639,648.23,2.29869
844,199,-609,640.69,2.27195
845,337,-365,496.78,1.76164
# END
# FRAME,53,RX_TS,336258637639,FP_INDEX,746.4375,FP_INT,746,RXPACC,269,RXPWR,-67.65,STD_NOISE,136.00,NTM,13,NOISE_THRESH,1768.00,PEAK_IDX,748,PEAK_AMPL,18016,START,696,elapsed_s,5.5277
sample,real,imag,amplitude,amplitude_norm
696,-70,76,103.32,0.38411
697,-153,316,351.09,1.30517
698,-177,265,318.68,1.18467
699,-40,-361,363.21,1.35022
700,309,-802,859.47,3.19505
701,539,-407,675.40,2.51079
702,141,399,423.18,1.57316
703,92,504,512.33,1.90457
704,77,51,92.36,0.34334
705,542,-386,665.40,2.47361
706,750,-448,873.62,3.24764
707,206,-467,510.42,1.89746
708,49,8,49.65,0.18457
709,17,50,52.81,0.19632
710,200,3,200.02,0.74358
711,165,19,166.09,0.61744
712,255,-22,255.95,0.95148
713,144,-38,148.93,0.55364
714,-4,-12,12.65,0.04702
715,-21,-448,448.49,1.66726
716,432,-914,1010.95,3.75818
717,559,-625,838.51,3.11715
718,257,-246,355.76,1.32253
719,253,83,266.27,0.98984
720,346,-118,365.57,1.35899
721,477,-679,829.80,3.08476
722,782,-657,1021.36,3.79687
723,435,-669,797.99,2.96650
724,236,-499,551.99,2.05202
725,266,-235,354.94,1.31947
726,577,100,585.60,2.17696
727,557,334,649.47,2.41437
728,431,34,432.34,1.60721
729,681,-119,691.32,2.56996
730,633,149,650.30,2.41747
731,309,943,992.34,3.68898
732,-188,1174,1188.96,4.41992
733,-603,858,1048.70,3.89852
734,-465,-140,485.62,1.80527
735,238,-439,499.36,1.85637
736,231,301,379.42,1.41050
737,-305,885,936.08,3.47986
738,-823,896,1216.61,4.52272
739,-730,822,1099.36,4.08683
740,-282,856,901.25,3.35039
741,-374,451,585.90,2.17806
742,-323,-67,329.88,1.22630
743,-73,-21,75.96,0.28238
744,-127,444,461.81,1.71675
745,-1039,941,1401.79,5.21110
746,-5162,777,5220.15,19.40576
747,-14157,-2211,14328.61,53.26622
748,-16457,-6441,17672.56,65.69724
749,-10377,-10315,14631.52,54.39227
750,3842,-7703,8607.97,31.99989
751,7407,-721,7442.01,27.66546
752,-2872,-282,2885.81,10.72792
753,-12516,-7224,14451.17,53.72184
754,-10017,-12831,16278.05,60.51319
755,-1825,-9561,9733.62,36.18446
756,1415,-880,1666.32,6.19450
757,2475,4344,4999.60,18.58586
758,-762,5537,5589.19,20.77765
759,-4164,1776,4526.93,16.82873
760,-3706,-786,3788.43,14.08340
761,-1008,-1465,1778.28,6.61072
762,2015,-981,2241.11,8.33127
763,1669,577,1765.92,6.56478
764,-154,1166,1176.13,4.37222
765,0,1240,1240.00,4.60967
766,466,537,711.00,2.64313
767,152,-504,526.42,1.95696
768,-228,-2,228.01,0.84762
769,-230,999,1025.13,3.81091
770,-528,1520,1609.09,5.98176
771,-573,717,917.83,3.41202
772,303,-971,1017.18,3.78133
773,1152,-1589,1962.66,7.29612
774,1768,-484,1833.05,6.81432
775,1302,932,1601.20,5.95240
776,929,606,1109.18,4.12334
777,1119,145,1128.36,4.19463
778,1653,-781,1828.21,6.79634
779,1531,-1413,2083.39,7.74496
780,879,-1055,1373.20,5.10482
781,826,-14,826.12,3.07107
782,1009,857,1323.83,4.92131
783,1069,836,1357.08,5.04489
784,981,335,1036.62,3.85362
785,578,295,648.93,2.41238
786,738,519,902.22,3.35399
787,628,532,823.05,3.05966
788,4,284,284.03,1.05587
789,-288,342,447.11,1.66212
790,150,661,677.81,2.51973
791,852,476,975.95,3.62807
792,1028,125,1035.57,3.84971
793,616,169,638.76,2.37458
794,230,366,432.27,1.60695
795,262,323,415.90,1.54610
796,557,-95,565.04,2.10053
797,1280,56,1281.22,4.76292
798,1108,236,1132.85,4.21136
799,831,317,889.41,3.30636
800,1033,161,1045.47,3.88651
801,968,-56,969.62,3.60453
802,1256,88,1259.08,4.68059
803,1113,798,1369.52,5.09114
804,432,1008,1096.67,4.07685
805,489,1342,1428.32,5.30972
806,251,1093,1121.45,4.16896
807,505,703,865.58,3.21778
808,653,453,794.74,2.95444
809,244,512,567.17,2.10843
810,65,587,590.59,2.19549
811,189,827,848.32,3.15361
812,262,326,418.23,1.55477
813,981,283,1021.00,3.79556
814,1000,165,1013.52,3.76774
815,984,212,1006.58,3.74193
816,881,217,907.33,3.37298
817,563,-39,564.35,2.09795
818,273,-69,281.58,1.04678
819,72,76,104.69,0.38918
820,110,266,287.85,1.07006
821,617,571,840.67,3.12518
822,624,713,947.49,3.52228
823,504,608,789.73,2.93581
824,549,503,744.59,2.76798
825,326,467,569.53,2.11721
826,437,114,451.62,1.67890
827,591,-34,591.98,2.20066
828,512,-101,521.87,1.94003
829,973,402,1052.77,3.91366
830,835,613,1035.85,3.85076
831,898,317,952.31,3.54018
832,751,353,829.83,3.08485
833,536,532,755.20,2.80742
834,156,452,478.16,1.77756
835,65,-32,72.45,0.26933
836,203,-441,485.48,1.80476
837,518,-299,598.10,2.22342
838,524,176,552.77,2.05490
839,468,349,583.80,2.17027
840,302,195,359.48,1.33637
841,352,70,358.89,1.33417
842,317,310,443.38,1.64827
843,285,719,773.42,2.87519
844,-60,623,625.88,2.32670
845,-174,387,424.32,1.57739
# END
# FRAME,54,RX_TS,342648435495,FP_INDEX,753.9375,FP_INT,753,RXPACC,274,RXPWR,-67.28,STD_NOISE,140.00,NTM,13,NOISE_THRESH,1820.00,PEAK_IDX,755,PEAK_AMPL,18089,START,703,elapsed_s,5.6333
sample,real,imag,amplitude,amplitude_norm
703,51,-86,99.99,0.36491
704,-104,171,200.14,0.73045
705,-248,341,421.65,1.53885
706,-181,13,181.47,0.66229
707,283,-724,777.34,2.83702
708,606,-722,942.61,3.44019
709,446,90,454.99,1.66055
710,-116,633,643.54,2.34869
711,150,306,340.79,1.24375
712,302,-296,422.87,1.54333
713,793,-356,869.24,3.17242
714,639,-534,832.75,3.03924
715,144,-290,323.78,1.18169
716,11,78,78.77,0.28749
717,29,-72,77.62,0.28329
718,287,61,293.41,1.07084
719,117,-20,118.70,0.43320
720,299,43,302.08,1.10247
721,124,4,124.06,0.45279
722,-64,-308,314.58,1.14810
723,370,-693,785.59,2.86711
724,706,-776,1049.10,3.82883
725,423,-393,577.39,2.10726
726,177,28,179.20,0.65402
727,302,128,328.01,1.19710
728,448,-436,625.14,2.28153
729,743,-672,1001.81,3.65626
730,747,-593,953.76,3.48088
731,344,-517,620.99,2.26638
732,363,-333,492.60,1.79782
733,436,25,436.72,1.59385
734,745,329,814.41,2.97230
735,316,184,365.67,1.33455
736,721,-16,721.18,2.63203
737,628,-10,628.08,2.29226
738,618,652,898.35,3.27864
739,-152,1187,1196.69,4.36749
740,-465,1081,1176.77,4.29478
741,-727,266,774.14,2.82531
742,-3,-469,469.01,1.71171
743,335,-86,345.86,1.26227
744,-138,628,642.98,2.34666
745,-738,871,1141.62,4.16648
746,-1008,800,1286.88,4.69665
747,-546,855,1014.47,3.70243
748,-393,737,835.24,3.04830
749,-438,150,462.97,1.68968
750,-156,-84,177.18,0.64663
751,-27,113,116.18,0.42402
752,-559,660,864.92,3.15663
753,-2608,729,2707.97,9.88310
754,-10374,-1475,10478.33,38.24210
755,-16479,-6479,17706.92,64.62378
756,-14076,-10499,17560.26,64.08855
757,-1723,-10413,10554.59,38.52039
758,8841,-2891,9301.67,33.94772
759,2733,1029,2920.30,10.65802
760,-9180,-4696,10311.39,37.63282
761,-11721,-12493,17130.58,62.52038
762,-4348,-13404,14091.57,51.42908
763,1264,-4491,4665.49,17.02733
764,1902,2414,3073.27,11.21632
765,890,6287,6349.68,23.17402
766,-3631,3444,5004.53,18.26470
767,-4272,-327,4284.50,15.63685
768,-2429,-1554,2883.57,10.52397
769,1117,-1357,1757.59,6.41458
770,2603,32,2603.20,9.50072
771,358,1048,1107.46,4.04183
772,-368,1240,1293.45,4.72064
773,285,1182,1215.87,4.43750
774,429,-189,468.79,1.71090
775,-210,-350,408.17,1.48966
776,-330,623,705.00,2.57300
777,-556,1403,1509.15,5.50786
778,-991,1356,1679.53,6.12967
779,-143,-203,248.31,0.90624
780,1000,-1447,1758.92,6.41943
781,1849,-1050,2126.34,7.76035
782,1626,641,1747.79,6.37878
783,785,988,1261.89,4.60544
784,1062,498,1172.97,4.28090
785,1317,-217,1334.76,4.87138
786,1965,-1067,2236.00,8.16060
787,1164,-1220,1686.21,6.15404
788,752,-393,848.50,3.09672
789,735,700,1015.00,3.70438
790,1101,1053,1523.49,5.56017
791,891,628,1090.08,3.97838
792,721,360,805.88,2.94116
793,400,497,637.97,2.32837
794,797,687,1052.23,3.84024
795,167,449,479.05,1.74836
796,-202,191,278.00,1.01461
797,-322,473,572.20,2.08832
798,582,597,833.75,3.04287
799,925,398,1006.99,3.67515
800,933,216,957.68,3.49517
801,171,290,336.66,1.22869
802,180,370,411.46,1.50168
803,406,46,408.60,1.49123
804,1025,-56,1026.53,3.74645
805,1268,367,1320.04,4.81767
806,887,407,975.92,3.56175
807,878,339,941.17,3.43493
808,1155,177,1168.48,4.26454
809,1069,13,1069.08,3.90175
810,1358,705,1530.09,5.58429
811,466,1030,1130.51,4.12595
812,295,1173,1209.53,4.41433
813,203,1367,1381.99,5.04376
814,307,829,884.02,3.22635
815,576,561,804.05,2.93449
816,516,529,738.98,2.69702
817,21,581,581.38,2.12182
818,214,803,831.03,3.03294
819,170,639,661.23,2.41324
820,695,312,761.82,2.78036
821,1082,350,1137.20,4.15037
822,1033,237,1059.84,3.86802
823,882,302,932.27,3.40245
824,735,181,756.96,2.76262
825,289,-49,293.12,1.06980
826,130,33,134.12,0.48950
827,70,216,227.06,0.82868
828,359,349,500.68,1.82730
829,685,818,1066.93,3.89392
830,435,747,864.43,3.15484
831,502,523,724.94,2.64575
832,468,583,747.60,2.72848
833,301,284,413.83,1.51034
834,647,78,651.68,2.37841
835,506,0,506.00,1.84672
836,768,159,784.29,2.86236
837,1028,767,1282.60,4.68104
838,842,497,977.74,3.56839
839,877,368,951.08,3.47109
840,714,518,882.11,3.21938
841,109,579,589.17,2.15026
842,74,243,254.02,0.92707
843,182,-316,364.66,1.33089
844,533,-321,622.20,2.27079
845,587,9,587.07,2.14259
846,410,367,550.26,2.00826
847,430,363,562.73,2.05377
848,349,78,357.61,1.30515
849,238,146,279.21,1.01903
850,262,665,714.75,2.60858
851,-36,769,769.84,2.80964
852,-198,504,541.50,1.97627
# END
# FRAME,55,RX_TS,349038233302,FP_INDEX,752.7969,FP_INT,752,RXPACC,266,RXPWR,-67.56,STD_NOISE,128.00,NTM,13,NOISE_THRESH,1664.00,PEAK_IDX,754,PEAK_AMPL,16987,START,702,elapsed_s,5.7370
sample,real,imag,amplitude,amplitude_norm
702,-16,-35,38.48,0.14468
703,-58,295,300.65,1.13025
704,-51,416,419.11,1.57562
705,-137,-21,138.60,0.52105
706,-89,-718,723.49,2.71991
707,197,-778,802.55,3.01712
708,426,-86,434.59,1.63381
709,243,548,599.46,2.25361
710,273,199,337.83,1.27004
711,179,-397,435.49,1.63717
712,447,-660,797.13,2.99671
713,204,-608,641.31,2.41094
714,-10,-148,148.34,0.55766
715,78,71,105.48,0.39652
716,39,-2,39.05,0.14681
717,300,-28,301.30,1.13272
718,22,-55,59.24,0.22269
719,288,-76,297.86,1.11977
720,82,-39,90.80,0.34136
721,-228,-199,302.63,1.13771
722,-41,-770,771.09,2.89884
723,264,-988,1022.66,3.84460
724,246,-462,523.41,1.96771
725,162,-56,171.41,0.64438
726,322,-59,327.36,1.23068
727,172,-575,600.17,2.25629
728,339,-938,997.38,3.74955
729,367,-813,892.00,3.35337
730,40,-582,583.37,2.19313
731,82,-422,429.89,1.61614
732,354,-114,371.90,1.39813
733,780,27,780.47,2.93409
734,294,80,304.69,1.14545
735,536,-295,611.82,2.30007
736,515,-249,572.04,2.15051
737,702,434,825.32,3.10272
738,403,1089,1161.18,4.36532
739,0,1117,1117.00,4.19925
740,-568,428,711.20,2.67369
741,-167,-466,495.02,1.86098
742,294,-171,340.11,1.27862
743,123,667,678.25,2.54980
744,-338,1125,1174.68,4.41608
745,-567,1174,1303.75,4.90132
746,-51,947,948.37,3.56531
747,-3,755,755.01,2.83837
748,-348,263,436.20,1.63986
749,-172,17,172.84,0.64977
750,-29,243,244.72,0.92002
751,-288,992,1032.96,3.88331
752,-2179,2057,2996.55,11.26521
753,-10204,3665,10842.22,40.76024
754,-16480,2274,16636.15,62.54192
755,-15771,-2735,16006.39,60.17442
756,-5328,-8199,9778.10,36.75976
757,6388,-6140,8860.37,33.30966
758,2006,-143,2011.09,7.56049
759,-10696,83,10696.32,40.21174
760,-15502,-5615,16487.58,61.98338
761,-9272,-9267,13109.05,49.28215
762,-768,-3802,3878.79,14.58192
763,2964,1457,3302.75,12.41635
764,3427,5040,6094.75,22.91258
765,-1768,4378,4721.52,17.75006
766,-3786,1500,4072.32,15.30948
767,-2645,-334,2666.00,10.02257
768,590,-1691,1790.97,6.73298
769,2246,-1107,2503.99,9.41350
770,702,815,1075.65,4.04381
771,196,1282,1296.90,4.87555
772,762,814,1115.01,4.19175
773,278,-446,525.55,1.97574
774,-373,-171,410.33,1.54259
775,-9,726,726.06,2.72953
776,145,1514,1520.93,5.71777
777,-170,1476,1485.76,5.58556
778,-148,-295,330.04,1.24077
779,269,-1784,1804.17,6.78258
780,1148,-1615,1981.45,7.44905
781,1701,-73,1702.57,6.40062
782,1094,457,1185.62,4.45720
783,1104,-31,1104.44,4.15201
784,1042,-756,1287.36,4.83971
785,1292,-1857,2262.24,8.50465
786,510,-1560,1641.25,6.17011
787,613,-882,1074.10,4.03797
788,956,56,957.64,3.60015
789,1379,345,1421.50,5.34399
790,1047,130,1055.04,3.96632
791,821,-54,822.77,3.09314
792,580,209,616.51,2.31770
793,911,256,946.29,3.55747
794,227,343,411.31,1.54629
795,-142,388,413.17,1.55326
796,163,649,669.16,2.51562
797,870,221,897.63,3.37455
798,1006,-92,1010.20,3.79774
799,896,-215,921.43,3.46404
800,331,205,389.34,1.46369
801,352,290,456.07,1.71457
802,336,-60,341.32,1.28314
803,854,-575,1029.53,3.87043
804,1162,-272,1193.41,4.48651
805,935,-18,935.17,3.51569
806,963,-71,965.61,3.63013
807,1109,-348,1162.32,4.36962
808,940,-434,1035.35,3.89230
809,1523,-61,1524.22,5.73015
810,855,596,1042.23,3.91815
811,824,927,1240.28,4.66272
812,722,1064,1285.84,4.83398
813,646,594,877.58,3.29918
814,776,195,800.13,3.00799
815,652,264,703.42,2.64444
816,239,403,468.54,1.76143
817,500,664,831.20,3.12482
818,364,513,629.02,2.36473
819,681,-91,687.05,2.58291
820,1052,-191,1069.20,4.01954
821,969,-205,990.45,3.72349
822,831,-102,837.24,3.14751
823,653,-171,675.02,2.53766
824,181,-245,304.61,1.14514
825,47,11,48.27,0.18147
826,131,213,250.06,0.94008
827,531,220,574.77,2.16079
828,954,424,1043.98,3.92473
829,681,407,793.35,2.98253
830,644,250,690.82,2.59708
831,568,330,656.90,2.46957
832,361,111,377.68,1.41985
833,594,-186,622.44,2.34000
834,430,-218,482.10,1.81242
835,793,-170,811.02,3.04894
836,1136,226,1158.26,4.35437
837,898,-10,898.06,3.37615
838,924,-21,924.24,3.47458
839,789,245,826.16,3.10588
840,373,396,544.01,2.04514
841,174,165,239.79,0.90148
842,-38,-232,235.09,0.88380
843,264,-438,511.41,1.92259
844,491,-219,537.63,2.02115
845,462,112,475.38,1.78715
846,507,111,519.01,1.95116
847,327,-2,327.01,1.22935
848,289,108,308.52,1.15985
849,515,492,712.24,2.67760
850,310,680,747.33,2.80951
851,83,486,493.04,1.85352
# END
# FRAME,56,RX_TS,355428098156,FP_INDEX,751.7656,FP_INT,751,RXPACC,270,RXPWR,-67.35,STD_NOISE,136.00,NTM,13,NOISE_THRESH,1768.00,PEAK_IDX,753,PEAK_AMPL,18023,START,701,elapsed_s,5.8398
sample,real,imag,amplitude,amplitude_norm
701,-41,-27,49.09,0.18182
702,-156,221,270.51,1.00190
703,-287,334,440.37,1.63100
704,-156,-62,167.87,0.62174
705,297,-741,798.30,2.95668
706,537,-648,841.59,3.11700
707,310,149,343.95,1.27389
708,-32,547,547.94,2.02939
709,93,242,259.25,0.96020
710,370,-362,517.63,1.91716
711,742,-373,830.48,3.07584
712,404,-439,596.60,2.20965
713,71,-123,142.02,0.52600
714,26,83,86.98,0.32214
715,153,-87,176.01,0.65187
716,311,41,313.69,1.16182
717,81,-62,102.00,0.37780
718,239,27,240.52,0.89082
719,82,77,112.49,0.41661
720,-85,-337,347.55,1.28724
721,385,-764,855.52,3.16861
722,629,-714,951.54,3.52424
723,370,-303,478.24,1.77124
724,127,71,145.50,0.53889
725,321,94,334.48,1.23882
726,430,-536,687.17,2.54506
727,761,-682,1021.88,3.78475
728,629,-628,888.83,3.29198
729,312,-507,595.31,2.20485
730,300,-312,432.83,1.60308
731,428,130,447.31,1.65669
732,648,336,729.93,2.70345
733,364,145,391.82,1.45118
734,668,-103,675.89,2.50331
735,611,-88,617.30,2.28631
736,407,623,744.16,2.75616
737,-150,1174,1183.54,4.38350
738,-501,1088,1197.81,4.43633
739,-629,109,638.37,2.36435
740,64,-522,525.91,1.94781
741,332,18,332.49,1.23144
742,-150,706,721.76,2.67318
743,-752,881,1158.30,4.29001
744,-1007,846,1315.21,4.87113
745,-457,876,988.04,3.65941
746,-370,676,770.63,2.85420
747,-370,71,376.75,1.39537
748,-118,-61,132.83,0.49198
749,-36,224,226.87,0.84028
750,-653,761,1002.76,3.71393
751,-3077,840,3189.60,11.81332
752,-11656,-1575,11761.93,43.56270
753,-16493,-6174,17610.72,65.22488
754,-13317,-10250,16804.91,62.24041
755,38,-9564,9564.08,35.42250
756,8733,-2231,9013.47,33.38322
757,1150,656,1323.95,4.90351
758,-10463,-5372,11761.49,43.56109
759,-11511,-12315,16857.12,62.43377
760,-3741,-12327,12882.16,47.71170
761,1134,-3285,3475.22,12.87120
762,2199,2960,3687.44,13.65718
763,570,6107,6133.54,22.71683
764,-3746,2865,4716.01,17.46670
765,-4032,-424,4054.23,15.01568
766,-1977,-1428,2438.79,9.03257
767,1466,-1290,1952.76,7.23243
768,2479,173,2485.03,9.20381
769,157,1034,1045.85,3.87352
770,-282,1198,1230.74,4.55831
771,342,981,1038.91,3.84780
772,383,-287,478.60,1.77259
773,-276,-263,381.24,1.41201
774,-343,806,875.95,3.24425
775,-559,1473,1575.50,5.83520
776,-816,1131,1394.64,5.16533
777,67,-492,496.54,1.83904
778,1055,-1523,1852.72,6.86191
779,1808,-836,1991.92,7.37750
780,1505,713,1665.35,6.16797
781,751,788,1088.55,4.03167
782,1022,433,1109.94,4.11090
783,1306,-266,1332.81,4.93635
784,1840,-1071,2129.00,7.88519
785,1050,-1113,1530.12,5.66711
786,941,-415,1028.45,3.80907
787,963,463,1068.52,3.95749
788,1216,853,1485.35,5.50130
789,871,496,1002.33,3.71232
790,634,292,698.01,2.58523
791,459,450,642.79,2.38071
792,745,646,986.07,3.65212
793,105,488,499.17,1.84877
794,-248,218,330.19,1.22294
795,-74,617,621.42,2.30156
796,785,556,961.96,3.56280
797,994,255,1026.19,3.80069
798,815,201,839.42,3.10896
799,160,420,449.44,1.66461
800,188,451,488.62,1.80969
801,356,100,369.78,1.36955
802,1136,47,1136.97,4.21101
803,1276,357,1325.00,4.90741
804,985,253,1016.97,3.76657
805,905,222,931.83,3.45123
806,1041,133,1049.46,3.88690
807,1103,36,1103.59,4.08736
808,1341,672,1499.95,5.55539
809,401,900,985.29,3.64923
810,327,1184,1228.33,4.54936
811,222,1194,1214.46,4.49801
812,388,679,782.04,2.89644
813,613,423,744.78,2.75845
814,378,485,614.91,2.27743
815,-32,511,512.00,1.89630
816,187,805,826.43,3.06087
817,164,582,604.67,2.23950
818,835,309,890.34,3.29756
819,1036,307,1080.53,4.00196
820,1039,217,1061.42,3.93118
821,830,297,881.54,3.26496
822,649,140,663.93,2.45899
823,305,-133,332.74,1.23236
824,108,-35,113.53,0.42048
825,123,197,232.25,0.86017
826,452,515,685.22,2.53786
827,711,844,1103.57,4.08728
828,431,713,833.14,3.08572
829,468,542,716.09,2.65219
830,395,599,717.51,2.65746
831,313,242,395.64,1.46534
832,526,58,529.19,1.95996
833,439,-8,439.07,1.62620
834,873,255,909.48,3.36844
835,1006,658,1202.08,4.45215
836,888,344,952.30,3.52705
837,748,342,822.48,3.04621
838,649,504,821.72,3.04339
839,153,550,570.88,2.11439
840,117,136,179.40,0.66445
841,150,-365,394.62,1.46156
842,522,-309,606.60,2.24667
843,596,-7,596.04,2.20756
844,429,302,524.64,1.94310
845,357,332,487.52,1.80562
846,324,122,346.21,1.28225
847,205,194,282.24,1.04534
848,276,731,781.37,2.89396
849,-33,746,746.73,2.76567
850,-154,486,509.82,1.88821
# END
# FRAME,57,RX_TS,361817895934,FP_INDEX,749.9219,FP_INT,749,RXPACC,269,RXPWR,-67.32,STD_NOISE,140.00,NTM,13,NOISE_THRESH,1820.00,PEAK_IDX,751,PEAK_AMPL,17750,START,699,elapsed_s,5.9373
sample,real,imag,amplitude,amplitude_norm
699,16,37,40.31,0.14986
700,81,305,315.57,1.17313
701,68,504,508.57,1.89058
702,-158,75,174.90,0.65018
703,-379,-747,837.65,3.11392
704,3,-765,765.01,2.84389
705,363,-130,385.58,1.43337
706,415,498,648.25,2.40985
707,235,96,253.85,0.94369
708,21,-483,483.46,1.79724
709,230,-815,846.83,3.14808
710,-90,-643,649.27,2.41364
711,-19,-173,174.04,0.64699
712,88,22,90.71,0.33721
713,37,-72,80.95,0.30093
714,174,-131,217.80,0.80967
715,-12,-47,48.51,0.18033
716,181,-156,238.95,0.88829
717,112,18,113.44,0.42170
718,-263,-93,278.96,1.03702
719,-303,-725,785.77,2.92108
720,-126,-974,982.12,3.65099
721,-30,-526,526.85,1.95857
722,199,-129,237.15,0.88161
723,283,-157,323.63,1.20309
724,-106,-681,689.20,2.56208
725,-36,-1016,1016.64,3.77932
726,-17,-873,873.17,3.24597
727,-140,-505,524.05,1.94813
728,-45,-468,470.16,1.74780
729,361,-264,447.23,1.66257
730,680,-203,709.65,2.63812
731,277,-77,287.50,1.06878
732,315,-479,573.29,2.13120
733,344,-391,520.78,1.93600
734,870,177,887.82,3.30046
735,757,961,1223.34,4.54775
736,401,1081,1152.98,4.28617
737,-392,567,689.31,2.56250
738,-336,-356,489.52,1.81979
739,155,-192,246.76,0.91731
740,396,647,758.57,2.81995
741,124,1166,1172.57,4.35901
742,-9,1295,1295.03,4.81424
743,374,964,1034.01,3.84389
744,266,751,796.72,2.96177
745,-198,422,466.14,1.73287
746,-164,14,164.60,0.61188
747,52,184,191.21,0.71081
748,72,1074,1076.41,4.00153
749,-1458,2991,3327.44,12.36966
750,-8946,7683,11792.35,43.83772
751,-15661,8575,17854.90,66.37510
752,-15987,3147,16293.80,60.57173
753,-6991,-6384,9467.29,35.19438
754,4171,-7941,8969.77,33.34486
755,1185,-344,1233.92,4.58707
756,-10980,4238,11769.50,43.75277
757,-16472,310,16474.92,61.24504
758,-11549,-5479,12782.76,47.51954
759,-1661,-3031,3456.28,12.84863
760,3648,435,3673.84,13.65741
761,4854,3718,6114.31,22.72979
762,-370,4803,4817.23,17.90792
763,-3070,2706,4092.35,15.21320
764,-2408,498,2458.96,9.14110
765,46,-1900,1900.56,7.06527
766,1718,-1705,2420.44,8.99793
767,825,600,1020.11,3.79223
768,705,1055,1268.88,4.71702
769,991,417,1075.16,3.99688
770,34,-515,516.12,1.91867
771,-374,27,374.97,1.39395
772,333,793,860.08,3.19732
773,720,1465,1632.37,6.06828
774,329,1431,1468.33,5.45849
775,-358,-365,511.26,1.90060
776,-413,-1831,1877.00,6.97770
777,695,-1858,1983.73,7.37446
778,1601,-501,1677.56,6.23628
779,1041,55,1042.45,3.87529
780,922,-448,1025.08,3.81070
781,585,-1206,1340.40,4.98288
782,358,-2185,2214.13,8.23098
783,-213,-1573,1587.36,5.90095
784,191,-942,961.17,3.57312
785,817,-303,871.38,3.23932
786,1413,-192,1425.98,5.30106
787,980,-309,1027.56,3.81993
788,665,-303,730.78,2.71664
789,636,-83,641.39,2.38436
790,919,-131,928.29,3.45089
791,363,313,479.31,1.78182
792,-23,394,394.67,1.46718
793,379,448,586.81,2.18145
794,904,-261,940.92,3.49786
795,841,-501,978.92,3.63910
796,767,-437,882.76,3.28162
797,409,131,429.47,1.59653
798,592,161,613.50,2.28068
799,336,-153,369.20,1.37247
800,737,-759,1057.95,3.93289
801,1052,-679,1252.10,4.65463
802,822,-506,965.26,3.58831
803,777,-481,913.83,3.39715
804,803,-664,1041.97,3.87350
805,730,-655,980.78,3.64601
806,1348,-502,1438.44,5.34736
807,903,253,937.77,3.48614
808,1020,482,1128.15,4.19387
809,969,665,1175.24,4.36892
810,779,296,833.34,3.09792
811,798,-138,809.84,3.01057
812,600,100,608.28,2.26125
813,334,400,521.11,1.93721
814,761,417,867.76,3.22588
815,524,337,623.01,2.31603
816,775,-381,863.59,3.21037
817,915,-599,1093.63,4.06554
818,838,-588,1023.71,3.80562
819,747,-386,840.84,3.12578
820,492,-350,603.79,2.24458
821,133,-263,294.72,1.09560
822,87,-80,118.19,0.43937
823,208,102,231.66,0.86120
824,601,20,601.33,2.23544
825,1098,123,1104.87,4.10732
826,822,239,856.04,3.18231
827,667,49,668.80,2.48624
828,623,172,646.31,2.40263
829,382,13,382.22,1.42090
830,402,-348,531.70,1.97659
831,196,-342,394.18,1.46536
832,669,-400,779.46,2.89763
833,1171,-218,1191.12,4.42795
834,866,-361,938.23,3.48785
835,773,-303,830.26,3.08648
836,776,-172,794.83,2.95477
837,485,272,556.07,2.06716
838,207,117,237.78,0.88393
839,-60,-241,248.36,0.92326
840,116,-545,557.21,2.07141
841,347,-398,528.03,1.96293
842,504,-33,505.08,1.87762
843,488,-44,489.98,1.82149
844,340,-132,364.72,1.35585
845,301,40,303.65,1.12880
846,679,312,747.25,2.77789
847,530,583,787.90,2.92900
848,208,521,560.99,2.08545
# END
# FRAME,58,RX_TS,368207747927,FP_INDEX,747.3125,FP_INT,747,RXPACC,282,RXPWR,-67.34,STD_NOISE,144.00,NTM,13,NOISE_THRESH,1872.00,PEAK_IDX,749,PEAK_AMPL,17744,START,697,elapsed_s,6.0342
sample,real,imag,amplitude,amplitude_norm
697,-119,30,122.72,0.43519
698,-242,228,332.49,1.17903
699,-283,125,309.38,1.09708
700,247,-350,428.38,1.51908
701,774,-560,955.34,3.38773
702,659,-29,659.64,2.33914
703,-129,419,438.41,1.55464
704,-89,472,480.32,1.70325
705,138,30,141.22,0.50079
706,806,-87,810.68,2.87476
707,860,-71,862.93,3.06002
708,391,-329,511.00,1.81206
709,79,71,106.22,0.37666
710,-12,-44,45.61,0.16173
711,233,136,269.79,0.95669
712,196,98,219.13,0.77707
713,260,65,268.00,0.95036
714,69,112,131.55,0.46648
715,72,-46,85.44,0.30298
716,309,-439,536.84,1.90370
717,919,-642,1121.04,3.97531
718,818,-221,847.33,3.00471
719,324,-33,325.68,1.15488
720,251,219,333.11,1.18124
721,434,10,434.12,1.53942
722,869,-413,962.15,3.41187
723,1086,-231,1110.30,3.93722
724,691,-445,821.89,2.91451
725,471,-250,533.24,1.89091
726,392,-27,392.93,1.39336
727,575,423,713.83,2.53131
728,274,529,595.75,2.11259
729,499,206,539.85,1.91436
730,653,104,661.23,2.34479
731,524,494,720.15,2.55371
732,-219,1074,1096.10,3.88688
733,-802,953,1245.56,4.41687
734,-961,410,1044.81,3.70499
735,-193,-452,491.48,1.74284
736,473,-261,540.23,1.91571
737,43,407,409.27,1.45130
738,-768,613,982.65,3.48456
739,-1063,450,1154.33,4.09336
740,-1038,459,1134.96,4.02467
741,-669,674,949.65,3.36756
742,-565,214,604.17,2.14245
743,-216,-176,278.63,0.98803
744,-29,-31,42.45,0.15053
745,-390,380,544.52,1.93092
746,-1637,243,1654.94,5.86857
747,-5931,-2240,6339.90,22.48192
748,-13054,-9805,16326.20,57.89434
749,-12679,-14602,19338.45,68.57605
750,-3582,-14072,14520.74,51.49199
751,8256,-3969,9160.49,32.48399
752,6583,3058,7258.60,25.73971
753,-3597,-2897,4618.55,16.37784
754,-8402,-13910,16250.59,57.62621
755,-2437,-16488,16667.13,59.10329
756,3120,-8753,9292.44,32.95191
757,1587,526,1671.90,5.92872
758,80,5640,5640.57,20.00201
759,-3655,4334,5669.44,20.10441
760,-4631,-758,4692.62,16.64051
761,-2827,-2532,3795.12,13.45788
762,309,-1535,1565.79,5.55246
763,2741,360,2764.54,9.80333
764,1111,1375,1767.75,6.26862
765,-719,873,1130.97,4.01053
766,-459,1173,1259.61,4.46669
767,320,540,627.69,2.22587
768,346,-456,572.41,2.02982
769,-367,-82,376.05,1.33351
770,-893,872,1248.13,4.42600
771,-1309,1156,1746.37,6.19281
772,-733,355,814.44,2.88809
773,980,-810,1271.42,4.50857
774,2043,-680,2153.20,7.63544
775,1883,713,2013.47,7.13996
776,606,1440,1562.32,5.54013
777,545,852,1011.40,3.58652
778,997,508,1118.96,3.96795
779,2172,28,2172.18,7.70277
780,2206,-489,2259.55,8.01258
781,1336,-513,1431.11,5.07484
782,862,254,898.64,3.18668
783,668,1110,1295.50,4.59398
784,642,1181,1344.22,4.76673
785,816,772,1123.32,3.98339
786,343,480,589.96,2.09205
787,483,818,949.95,3.36863
788,193,704,729.98,2.58857
789,-217,276,351.09,1.24500
790,-421,203,467.39,1.65740
791,50,786,787.59,2.79287
792,662,824,1056.99,3.74818
793,974,625,1157.28,4.10384
794,387,407,561.62,1.99156
795,18,510,510.32,1.80964
796,104,475,486.25,1.72430
797,601,198,632.78,2.24389
798,1154,703,1351.27,4.79173
799,989,719,1222.74,4.33594
800,712,654,966.78,3.42829
801,957,599,1129.00,4.00356
802,870,384,950.98,3.37226
803,1173,786,1411.99,5.00707
804,562,1224,1346.86,4.77608
805,-86,1020,1023.62,3.62985
806,-245,1296,1318.95,4.67714
807,-281,1048,1085.02,3.84758
808,197,844,866.69,3.07336
809,433,690,814.61,2.88869
810,-37,548,549.25,1.94769
811,-196,630,659.78,2.33966
812,-145,937,948.15,3.36224
813,217,486,532.25,1.88739
814,901,722,1154.59,4.09430
815,881,533,1029.68,3.65136
816,710,625,945.90,3.35425
817,717,561,910.39,3.22833
818,481,171,510.49,1.81026
819,306,56,311.08,1.10313
820,120,65,136.47,0.48395
821,63,197,206.83,0.73343
822,354,833,905.10,3.20957
823,193,910,930.24,3.29873
824,107,752,759.57,2.69353
825,222,686,721.03,2.55683
826,69,524,528.52,1.87420
827,386,302,490.10,1.73795
828,611,157,630.85,2.23705
829,602,198,633.73,2.24725
830,768,952,1223.16,4.33746
831,590,808,1000.48,3.54781
832,803,671,1046.45,3.71080
833,466,678,822.70,2.91739
834,141,693,707.20,2.50780
835,-68,510,514.51,1.82452
836,180,-103,207.39,0.73541
837,447,-300,538.34,1.90900
838,605,73,609.39,2.16095
839,417,390,570.95,2.02466
840,387,554,675.78,2.39640
841,195,324,378.15,1.34097
842,235,205,311.85,1.10585
843,27,402,402.91,1.42874
844,-230,820,851.65,3.02002
845,-398,537,668.41,2.37025
846,-355,314,473.94,1.68065
# END
# FRAME,59,RX_TS,374597545630,FP_INDEX,752.0469,FP_INT,752,RXPACC,286,RXPWR,-67.38,STD_NOISE,144.00,NTM,13,NOISE_THRESH,1872.00,PEAK_IDX,754,PEAK_AMPL,18707,START,702,elapsed_s,6.1377
sample,real,imag,amplitude,amplitude_norm
702,9,-217,217.19,0.75939
703,-122,-382,401.01,1.40213
704,107,-212,237.47,0.83032
705,578,494,760.34,2.65854
706,527,868,1015.46,3.55055
707,-93,460,469.31,1.64093
708,-391,-259,469.00,1.63986
709,-338,6,338.05,1.18200
710,172,321,364.18,1.27335
711,100,854,859.83,3.00642
712,224,744,776.99,2.71674
713,305,291,421.55,1.47396
714,-53,29,60.42,0.21124
715,108,93,142.52,0.49833
716,-202,302,363.33,1.27038
717,7,158,158.15,0.55299
718,-95,346,358.80,1.25456
719,-12,63,64.13,0.22424
720,295,78,305.14,1.06691
721,589,598,839.36,2.93482
722,637,1145,1310.26,4.58135
723,243,676,718.35,2.51171
724,49,242,246.91,0.86332
725,-152,215,263.30,0.92064
726,215,584,622.32,2.17594
727,343,1054,1108.41,3.87555
728,223,1130,1151.79,4.02725
729,439,680,809.40,2.83005
730,260,507,569.78,1.99224
731,-34,329,330.75,1.15648
732,-508,491,706.50,2.47029
733,-332,184,379.58,1.32720
734,-220,621,658.82,2.30356
735,-157,644,662.86,2.31770
736,-691,272,742.61,2.59653
737,-934,-577,1097.85,3.83865
738,-667,-937,1150.16,4.02152
739,56,-949,950.65,3.32395
740,576,157,597.01,2.08746
741,89,476,484.25,1.69318
742,-384,-270,469.42,1.64133
743,-407,-1037,1114.01,3.89514
744,-247,-1293,1316.38,4.60273
745,-449,-964,1063.44,3.71831
746,-523,-658,840.53,2.93892
747,59,-466,469.72,1.64238
748,279,-103,297.41,1.03988
749,60,-58,83.45,0.29179
750,-311,-701,766.89,2.68144
751,354,-2361,2387.39,8.34752
752,5309,-7925,9538.93,33.35289
753,13471,-12696,18510.98,64.72369
754,16472,-9341,18936.24,66.21062
755,12088,1685,12204.87,42.67439
756,-147,9689,9690.12,33.88152
757,-2872,3475,4508.22,15.76299
758,6972,-5477,8866.02,31.00007
759,16471,-5735,17440.87,60.98207
760,15426,1508,15499.53,54.19417
761,5126,3666,6302.02,22.03503
762,-2311,876,2471.46,8.64146
763,-6214,-1572,6409.76,22.41174
764,-2174,-4737,5212.05,18.22394
765,2196,-4019,4579.82,16.01337
766,2744,-1884,3328.51,11.63815
767,973,1425,1725.50,6.03322
768,-1096,2714,2926.95,10.23408
769,-1202,161,1212.73,4.24033
770,-816,-980,1275.25,4.45891
771,-1103,-388,1169.25,4.08830
772,-63,462,466.28,1.63033
773,524,157,547.01,1.91264
774,-147,-531,550.97,1.92648
775,-907,-1225,1524.23,5.32947
776,-782,-1576,1759.35,6.15156
777,122,-211,243.73,0.85221
778,893,1545,1784.51,6.23954
779,250,2198,2212.17,7.73487
780,-1207,1373,1828.11,6.39199
781,-1278,314,1316.01,4.60143
782,-849,672,1082.77,3.78590
783,-407,1157,1226.50,4.28846
784,-23,2258,2258.12,7.89551
785,489,1701,1769.89,6.18844
786,133,1092,1100.07,3.84640
787,-754,601,964.22,3.37139
788,-1390,747,1578.01,5.51751
789,-991,598,1157.45,4.04702
790,-591,622,858.00,3.00000
791,-488,154,511.72,1.78924
792,-920,429,1015.11,3.54932
793,-463,-8,463.07,1.61912
794,-26,-263,264.28,0.92406
795,-279,-533,601.61,2.10352
796,-806,178,825.42,2.88609
797,-762,654,1004.17,3.51109
798,-564,914,1074.01,3.75527
799,-320,158,356.88,1.24784
800,-401,-21,401.55,1.40402
801,-233,258,347.64,1.21552
802,-252,840,876.99,3.06638
803,-813,1061,1336.67,4.67368
804,-741,826,1109.67,3.87995
805,-683,692,972.29,3.39962
806,-667,1017,1216.21,4.25250
807,-344,902,965.37,3.37542
808,-1099,1014,1495.33,5.22841
809,-1114,122,1120.66,3.91839
810,-1021,-251,1051.40,3.67622
811,-1254,-426,1324.38,4.63071
812,-854,-247,889.00,3.10840
813,-695,172,715.97,2.50338
814,-601,253,652.08,2.28000
815,-418,-187,457.92,1.60113
816,-716,-278,768.08,2.68558
817,-728,-297,786.25,2.74913
818,-451,356,574.58,2.00901
819,-685,767,1028.35,3.59565
820,-512,837,981.18,3.43070
821,-599,618,860.65,3.00928
822,-471,645,798.67,2.79254
823,5,494,494.03,1.72736
824,8,265,265.12,0.92700
825,-57,98,113.37,0.39640
826,-323,107,340.26,1.18973
827,-1017,238,1044.48,3.65202
828,-913,51,914.42,3.19728
829,-684,179,707.03,2.47215
830,-706,136,718.98,2.51392
831,-359,65,364.84,1.27565
832,-259,518,579.14,2.02497
833,-161,501,526.23,1.83998
834,-358,630,724.61,2.53361
835,-1115,609,1270.47,4.44222
836,-762,448,883.94,3.09070
837,-669,656,936.96,3.27609
838,-644,444,782.22,2.73504
839,-522,-54,524.79,1.83491
840,-346,-45,348.91,1.21998
841,254,253,358.50,1.25351
842,248,646,691.97,2.41947
843,-114,640,650.07,2.27299
844,-368,319,487.02,1.70285
845,-485,334,588.88,2.05903
846,-230,244,335.31,1.17243
847,-193,196,275.07,0.96179
848,-534,-24,534.54,1.86902
849,-690,-365,780.59,2.72935
850,-388,-483,619.54,2.16623
851,-147,-317,349.43,1.22177
# END
# FRAME,60,RX_TS,380987343311,FP_INDEX,748.9375,FP_INT,748,RXPACC,284,RXPWR,-67.34,STD_NOISE,148.00,NTM,13,NOISE_THRESH,1924.00,PEAK_IDX,751,PEAK_AMPL,18448,START,698,elapsed_s,6.2332
sample,real,imag,amplitude,amplitude_norm
698,-20,-28,34.41,0.12116
699,148,206,253.65,0.89315
700,261,427,500.45,1.76215
701,-5,266,266.05,0.93679
702,-517,-386,645.20,2.27184
703,-378,-774,861.37,3.03300
704,264,-415,491.85,1.73188
705,459,406,612.79,2.15773
706,332,84,342.46,1.20585
707,-135,-314,341.79,1.20349
708,-23,-821,821.32,2.89198
709,-180,-680,703.42,2.47683
710,-250,-150,291.55,1.02658
711,131,74,150.46,0.52977
712,-7,1,7.07,0.02490
713,161,-133,208.83,0.73532
714,-3,-81,81.06,0.28541
715,206,-220,301.39,1.06123
716,84,-11,84.72,0.29830
717,-304,24,304.95,1.07375
718,-488,-525,716.78,2.52386
719,-491,-987,1102.38,3.88163
720,-138,-586,602.03,2.11982
721,74,-163,179.01,0.63032
722,275,-198,338.86,1.19318
723,-204,-565,600.70,2.11514
724,-356,-927,993.01,3.49651
725,-206,-996,1017.08,3.58127
726,-358,-585,685.85,2.41496
727,-224,-482,531.51,1.87150
728,190,-256,318.80,1.12255
729,674,-420,794.15,2.79631
730,359,-91,370.35,1.30406
731,293,-591,659.64,2.32269
732,170,-597,620.73,2.18568
733,706,-258,751.66,2.64671
734,995,679,1204.60,4.24156
735,825,1017,1309.55,4.61108
736,-49,896,897.34,3.15964
737,-473,-144,494.43,1.74096
738,13,-409,409.21,1.44087
739,484,373,611.05,2.15159
740,457,1050,1145.14,4.03219
741,311,1287,1324.04,4.66212
742,528,931,1070.30,3.76867
743,621,737,963.75,3.39348
744,64,507,511.02,1.79938
745,-132,139,191.69,0.67496
746,30,141,144.16,0.50759
747,371,849,926.52,3.26240
748,-268,2596,2609.80,9.18943
749,-5373,8554,10101.49,35.56862
750,-13220,13171,18661.29,65.70876
751,-16130,9491,18715.13,65.89833
752,-11295,-2115,11491.31,40.46236
753,555,-9676,9691.90,34.12642
754,2476,-2749,3699.67,13.02702
755,-7650,6245,9875.35,34.77236
756,-16487,6087,17574.78,61.88301
757,-14958,-1246,15009.81,52.85143
758,-4423,-3252,5489.85,19.33045
759,2691,-844,2820.25,9.93046
760,6358,1689,6578.52,23.16379
761,1986,4849,5239.94,18.45050
762,-2041,3967,4461.25,15.70863
763,-2551,1804,3124.42,11.00149
764,-780,-1479,1672.08,5.88759
765,1179,-2642,2893.13,10.18708
766,1116,3,1116.00,3.92959
767,849,958,1280.06,4.50727
768,1166,334,1212.89,4.27075
769,35,-432,433.42,1.52611
770,-509,-40,510.57,1.79778
771,310,685,751.88,2.64747
772,1006,1283,1630.38,5.74076
773,886,1591,1821.06,6.41220
774,-125,160,203.04,0.71493
775,-864,-1501,1731.91,6.09826
776,-123,-2130,2133.55,7.51249
777,1316,-1263,1824.01,6.42258
778,1235,-213,1253.23,4.41279
779,806,-631,1023.62,3.60429
780,366,-1185,1240.23,4.36702
781,99,-2443,2445.01,8.60917
782,-478,-1771,1834.37,6.45906
783,-140,-1271,1278.69,4.50242
784,590,-657,883.03,3.10927
785,1231,-436,1305.93,4.59835
786,879,-295,927.18,3.26472
787,664,-531,850.21,2.99370
788,546,-237,595.22,2.09584
789,963,-414,1048.22,3.69092
790,530,140,548.18,1.93021
791,92,331,343.55,1.20967
792,367,482,605.82,2.13315
793,841,-302,893.58,3.14641
794,770,-632,996.15,3.50759
795,603,-819,1017.04,3.58113
796,346,-4,346.02,1.21839
797,447,149,471.18,1.65908
798,337,-130,361.20,1.27185
799,383,-781,869.86,3.06287
800,909,-963,1324.25,4.66287
801,801,-730,1083.74,3.81600
802,683,-611,916.41,3.22680
803,693,-929,1159.00,4.08100
804,435,-861,964.65,3.39665
805,1103,-995,1485.47,5.23054
806,1065,-45,1065.95,3.75335
807,1151,290,1186.97,4.17948
808,1327,451,1401.55,4.93502
809,927,297,973.42,3.42752
810,751,-109,758.87,2.67207
811,716,-190,740.78,2.60838
812,477,243,535.33,1.88496
813,831,186,851.56,2.99846
814,756,274,804.12,2.83142
815,488,-380,618.50,2.17782
816,772,-718,1054.28,3.71226
817,642,-747,984.97,3.46822
818,606,-558,823.77,2.90060
819,494,-592,771.04,2.71492
820,6,-426,426.04,1.50015
821,16,-189,189.68,0.66787
822,113,-18,114.42,0.40290
823,456,-74,461.97,1.62664
824,1011,-192,1029.07,3.62349
825,971,33,971.56,3.42099
826,770,-80,774.14,2.72586
827,770,-35,770.80,2.71407
828,384,-2,384.01,1.35213
829,293,-447,534.47,1.88194
830,214,-424,474.94,1.67234
831,495,-601,778.61,2.74157
832,1168,-608,1316.77,4.63652
833,742,-436,860.62,3.03034
834,675,-514,848.42,2.98740
835,726,-392,825.07,2.90517
836,600,72,604.30,2.12783
837,300,74,308.99,1.08800
838,-220,-214,306.91,1.08068
839,-144,-592,609.26,2.14529
840,264,-605,660.09,2.32427
841,481,-244,539.35,1.89912
842,531,-259,590.80,2.08027
843,272,-213,345.48,1.21646
844,251,-43,254.66,0.89668
845,678,192,704.66,2.48120
846,812,458,932.26,3.28260
847,453,520,689.64,2.42832
# END
# FRAME,61,RX_TS,387377070326,FP_INDEX,754.0469,FP_INT,754,RXPACC,271,RXPWR,-67.24,STD_NOISE,140.00,NTM,13,NOISE_THRESH,1820.00,PEAK_IDX,755,PEAK_AMPL,17521,START,704,elapsed_s,6.3316
sample,real,imag,amplitude,amplitude_norm
704,117,251,276.93,1.02188
705,155,494,517.75,1.91050
706,-108,134,172.10,0.63507
707,-412,-689,802.79,2.96231
708,-171,-809,826.87,3.05120
709,297,-134,325.83,1.20232
710,376,479,608.95,2.24704
711,297,87,309.48,1.14199
712,-12,-484,484.15,1.78653
713,134,-840,850.62,3.13882
714,-135,-654,667.79,2.46416
715,-59,-195,203.73,0.75177
716,98,72,121.61,0.44873
717,18,-74,76.16,0.28102
718,237,-195,306.91,1.13251
719,27,-124,126.91,0.46829
720,189,-210,282.53,1.04253
721,126,16,127.01,0.46868
722,-259,-99,277.28,1.02316
723,-327,-676,750.94,2.77098
724,-183,-992,1008.74,3.72228
725,9,-497,497.08,1.83425
726,104,-105,147.79,0.54534
727,224,-111,249.99,0.92249
728,-96,-681,687.73,2.53776
729,-35,-997,997.61,3.68123
730,-19,-872,872.21,3.21848
731,-185,-534,565.14,2.08538
732,-129,-456,473.90,1.74869
733,224,-283,360.92,1.33182
734,641,-294,705.21,2.60224
735,240,-105,261.96,0.96666
736,367,-505,624.27,2.30358
737,353,-455,575.88,2.12501
738,814,109,821.27,3.03050
739,826,934,1246.85,4.60092
740,495,1066,1175.32,4.33698
741,-326,628,707.57,2.61097
742,-420,-266,497.15,1.83449
743,121,-231,260.77,0.96226
744,420,604,735.67,2.71466
745,218,1166,1186.20,4.37714
746,25,1344,1344.23,4.96027
747,426,919,1012.93,3.73777
748,346,756,831.42,3.06795
749,-146,378,405.22,1.49526
750,-142,66,156.59,0.57782
751,76,172,188.04,0.69388
752,118,1018,1024.82,3.78161
753,-1116,2875,3084.00,11.38009
754,-8004,7858,11216.60,41.38968
755,-15172,9643,17977.13,66.33626
756,-16189,4702,16858.01,62.20668
757,-8340,-5442,9958.46,36.74709
758,3314,-8411,9040.33,33.35914
759,1697,-979,1959.15,7.22932
760,-10058,4791,11140.78,41.10990
761,-16497,1599,16574.31,61.15982
762,-12459,-4676,13307.58,49.10546
763,-2297,-3188,3929.32,14.49933
764,3324,97,3325.42,12.27090
765,5259,3251,6182.72,22.81448
766,261,4884,4890.97,18.04786
767,-2801,3010,4111.65,15.17216
768,-2472,770,2589.15,9.55405
769,-119,-1838,1841.85,6.79649
770,1726,-1934,2592.19,9.56526
771,945,474,1057.21,3.90116
772,707,1026,1246.00,4.59780
773,977,391,1052.34,3.88316
774,-20,-460,460.43,1.69902
775,-444,3,444.01,1.63841
776,213,778,806.63,2.97650
777,733,1414,1592.70,5.87711
778,389,1497,1546.72,5.70744
779,-352,-226,418.31,1.54357
780,-498,-1711,1782.00,6.57565
781,472,-1953,2009.23,7.41412
782,1487,-742,1661.85,6.13227
783,1061,-30,1061.42,3.91669
784,955,-501,1078.44,3.97947
785,621,-1190,1342.29,4.95310
786,319,-2295,2317.06,8.55005
787,-371,-1719,1758.58,6.48922
788,-91,-1012,1016.08,3.74938
789,684,-270,735.36,2.71351
790,1459,-6,1459.01,5.38381
791,1058,-239,1084.66,4.00243
792,614,-329,696.59,2.57044
793,572,-133,587.26,2.16701
794,963,-150,974.61,3.59636
795,454,328,560.09,2.06675
796,72,377,383.81,1.41629
797,330,491,591.59,2.18300
798,871,-221,898.60,3.31587
799,868,-494,998.73,3.68535
800,682,-528,862.50,3.18266
801,295,140,326.53,1.20493
802,376,191,421.73,1.55620
803,252,-154,295.33,1.08978
804,670,-722,984.98,3.63461
805,1129,-749,1354.86,4.99948
806,869,-599,1055.44,3.89463
807,691,-522,866.01,3.19559
808,814,-790,1134.33,4.18571
809,679,-786,1038.67,3.83273
810,1293,-559,1408.66,5.19802
811,1032,279,1069.05,3.94483
812,1036,498,1149.48,4.24162
813,1129,704,1330.51,4.90963
814,906,374,980.16,3.61682
815,821,-74,824.33,3.04180
816,651,55,653.32,2.41077
817,353,354,499.92,1.84474
818,709,322,778.69,2.87341
819,523,241,575.86,2.12493
820,654,-404,768.72,2.83661
821,756,-581,953.47,3.51832
822,707,-582,915.74,3.37910
823,610,-357,706.79,2.60807
824,418,-334,535.05,1.97436
825,89,-305,317.72,1.17240
826,98,-108,145.84,0.53814
827,191,14,191.51,0.70669
828,500,-13,500.17,1.84564
829,1054,11,1054.06,3.88951
830,923,155,935.92,3.45359
831,726,-29,726.58,2.68110
832,713,129,724.58,2.67371
833,435,39,436.74,1.61160
834,386,-393,550.86,2.03269
835,279,-349,446.81,1.64876
836,658,-491,821.00,3.02953
837,1096,-203,1114.64,4.11307
838,805,-308,861.91,3.18048
839,731,-345,808.32,2.98274
840,778,-217,807.70,2.98043
841,526,184,557.25,2.05629
842,192,92,212.90,0.78562
843,-152,-226,272.36,1.00502
844,8,-530,530.06,1.95594
845,318,-468,565.82,2.08788
846,595,-176,620.48,2.28961
847,533,-145,552.37,2.03827
848,313,-193,367.72,1.35690
849,239,-27,240.52,0.88753
850,640,274,696.19,2.56895
851,572,533,781.84,2.88502
852,247,511,567.57,2.09434
853,36,239,241.70,0.89187
# END
# FRAME,62,RX_TS,393766867956,FP_INDEX,749.6406,FP_INT,749,RXPACC,268,RXPWR,-67.22,STD_NOISE,164.00,NTM,13,NOISE_THRESH,2132.00,PEAK_IDX,751,PEAK_AMPL,17830,START,699,elapsed_s,6.4358
sample,real,imag,amplitude,amplitude_norm
699,88,-1,88.01,0.32838
700,-6,-227,227.08,0.84731
701,6,-366,366.05,1.36586
702,202,147,249.83,0.93219
703,295,824,875.21,3.26573
704,-47,794,795.39,2.96787
705,-267,-33,269.03,1.00385
706,-218,-375,433.76,1.61851
707,-92,46,102.86,0.38380
708,-68,637,640.62,2.39037
709,-209,795,822.01,3.06721
710,153,670,687.25,2.56436
711,-10,118,118.42,0.44188
712,21,34,39.96,0.14911
713,-17,174,174.83,0.65235
714,-136,176,222.42,0.82994
715,-48,186,192.09,0.71677
716,-107,177,206.83,0.77175
717,29,32,43.19,0.16114
718,329,313,454.10,1.69442
719,265,941,977.60,3.64777
720,-1,936,936.00,3.49254
721,-21,405,405.54,1.51322
722,-156,68,170.18,0.63499
723,-143,234,274.24,1.02327
724,91,851,855.85,3.19348
725,-157,1054,1065.63,3.97623
726,117,911,918.48,3.42717
727,140,578,594.71,2.21908
728,25,373,373.84,1.39491
729,-349,214,409.39,1.52756
730,-591,117,602.47,2.24802
731,-202,235,309.89,1.15629
732,-402,486,630.71,2.35341
733,-413,370,554.50,2.06903
734,-702,-379,797.78,2.97677
735,-452,-985,1083.76,4.04387
736,-80,-1075,1077.97,4.02229
737,570,-255,624.44,2.33000
738,273,557,620.30,2.31457
739,-212,70,223.26,0.83305
740,-149,-752,766.62,2.86052
741,152,-1173,1182.81,4.41346
742,240,-1239,1262.03,4.70907
743,-214,-898,923.15,3.44458
744,-23,-614,614.43,2.29265
745,332,-181,378.13,1.41095
746,177,13,177.48,0.66223
747,-17,-290,290.50,1.08395
748,279,-1091,1126.11,4.20190
749,2805,-3030,4129.03,15.40684
750,11652,-6452,13319.06,49.69799
751,16461,-5448,17339.12,64.69822
752,15197,1010,15230.53,56.83032
753,3492,8188,8901.54,33.21470
754,-5695,6176,8400.95,31.34684
755,768,-708,1044.55,3.89758
756,13208,-2009,13359.92,49.85043
757,15974,3572,16368.50,61.07650
758,8950,7191,11480.98,42.83949
759,231,2313,2324.51,8.67353
760,-3993,-1479,4258.11,15.88847
761,-3418,-4775,5872.25,21.91139
762,1858,-4221,4611.83,17.20833
763,3482,-1796,3917.90,14.61903
764,1948,339,1977.28,7.37790
765,-805,2085,2235.01,8.33957
766,-1888,1100,2185.07,8.15326
767,-500,-754,904.72,3.37582
768,-586,-1001,1159.91,4.32803
769,-727,-290,782.71,2.92055
770,184,556,585.66,2.18528
771,465,-82,472.17,1.76185
772,-149,-947,958.65,3.57705
773,-360,-1523,1564.97,5.83944
774,12,-1245,1245.06,4.64574
775,328,713,784.83,2.92846
776,16,2006,2006.06,7.48531
777,-1088,1634,1963.08,7.32494
778,-1553,127,1558.18,5.81412
779,-966,-51,967.35,3.60950
780,-960,461,1064.95,3.97370
781,-808,1342,1566.47,5.84504
782,-634,1935,2036.22,7.59783
783,-62,1286,1287.49,4.80408
784,-486,647,809.20,3.01940
785,-1053,83,1056.27,3.94129
786,-1309,46,1309.81,4.88734
787,-890,236,920.76,3.43567
788,-466,101,476.82,1.77918
789,-665,-6,665.03,2.48144
790,-804,9,804.05,3.00019
791,-161,-262,307.51,1.14744
792,149,-411,437.18,1.63125
793,-297,-455,543.35,2.02744
794,-804,179,823.68,3.07345
795,-835,489,967.65,3.61063
796,-561,293,632.91,2.36159
797,-250,-241,347.25,1.29570
798,-340,-196,392.45,1.46436
799,-288,290,408.71,1.52504
800,-933,740,1190.84,4.44342
801,-1033,534,1162.86,4.33903
802,-820,370,899.61,3.35676
803,-807,531,966.03,3.60458
804,-660,631,913.11,3.40711
805,-821,675,1062.86,3.96589
806,-1360,102,1363.82,5.08888
807,-814,-526,969.16,3.61627
808,-977,-743,1227.43,4.57995
809,-766,-786,1097.52,4.09523
810,-675,-272,727.74,2.71546
811,-738,98,744.48,2.77790
812,-489,-126,504.97,1.88423
813,-271,-372,460.24,1.71733
814,-657,-507,829.88,3.09656
815,-345,-165,382.43,1.42696
816,-860,419,956.64,3.56955
817,-870,460,984.12,3.67210
818,-785,421,890.77,3.32376
819,-651,365,746.34,2.78486
820,-350,390,524.02,1.95531
821,-71,356,363.01,1.35452
822,67,187,198.64,0.74120
823,-117,10,117.43,0.43816
824,-653,-10,653.08,2.43685
825,-900,-227,928.19,3.46338
826,-698,-262,745.55,2.78191
827,-630,-81,635.19,2.37010
828,-501,-162,526.54,1.96470
829,-336,81,345.63,1.28965
830,-421,424,597.51,2.22951
831,-217,476,523.13,1.95198
832,-804,368,884.22,3.29932
833,-923,88,927.19,3.45965
834,-797,373,879.96,3.28345
835,-687,257,733.50,2.73693
836,-672,45,673.51,2.51308
837,-345,-208,402.85,1.50318
838,-74,116,137.59,0.51341
839,176,500,530.07,1.97788
840,-132,639,652.49,2.43467
841,-393,329,512.53,1.91244
842,-505,59,508.43,1.89714
843,-340,32,341.50,1.27426
844,-244,132,277.42,1.03514
845,-217,-88,234.16,0.87375
846,-498,-391,633.15,2.36252
847,-304,-641,709.43,2.64714
848,-35,-481,482.27,1.79952
# END
# FRAME,63,RX_TS,400156665559,FP_INDEX,752.6875,FP_INT,752,RXPACC,263,RXPWR,-67.34,STD_NOISE,128.00,NTM,13,NOISE_THRESH,1664.00,PEAK_IDX,754,PEAK_AMPL,17362,START,702,elapsed_s,6.5322
sample,real,imag,amplitude,amplitude_norm
702,15,-8,17.00,0.06464
703,-274,-109,294.88,1.12123
704,-360,-192,408.00,1.55133
705,205,-162,261.28,0.99347
706,830,194,852.37,3.24095
707,643,500,814.52,3.09705
708,-178,348,390.88,1.48624
709,-513,111,524.87,1.99571
710,-94,123,154.81,0.58862
711,489,398,630.50,2.39732
712,610,658,897.25,3.41161
713,567,307,644.78,2.45163
714,126,36,131.04,0.49826
715,-50,58,76.58,0.29117
716,81,109,135.80,0.51635
717,11,222,222.27,0.84514
718,110,81,136.61,0.51941
719,114,222,249.56,0.94890
720,73,166,181.34,0.68951
721,427,-94,437.22,1.66245
722,881,258,918.00,3.49050
723,825,531,981.11,3.73047
724,393,309,499.93,1.90087
725,61,180,190.06,0.72264
726,89,359,369.87,1.40634
727,706,370,797.08,3.03072
728,841,692,1089.10,4.14108
729,778,491,919.98,3.49803
730,570,208,606.77,2.30709
731,430,204,475.94,1.80965
732,133,491,508.69,1.93420
733,-154,676,693.32,2.63620
734,22,409,409.59,1.55738
735,201,610,642.26,2.44206
736,138,626,641.03,2.43738
737,-598,518,791.16,3.00820
738,-1060,-25,1060.29,4.03154
739,-1012,-395,1086.36,4.13063
740,-47,-539,541.05,2.05721
741,555,102,564.30,2.14561
742,44,270,273.56,1.04016
743,-754,-120,763.49,2.90300
744,-915,-599,1093.63,4.15829
745,-862,-768,1154.50,4.38973
746,-841,-222,869.81,3.30725
747,-649,-238,691.26,2.62838
748,-69,-349,355.76,1.35268
749,97,-109,145.91,0.55479
750,-217,-37,220.13,0.83700
751,-813,-676,1057.33,4.02026
752,-1248,-3495,3711.14,14.11078
753,63,-12350,12350.16,46.95878
754,3693,-16456,16865.29,64.12659
755,8227,-13352,15683.09,59.63153
756,8905,-39,8905.08,33.85964
757,2912,7877,8398.03,31.93167
758,-267,-19,267.68,1.01778
759,4294,-11723,12484.68,47.47026
760,10603,-12518,16405.00,62.37642
761,10802,-4588,11735.97,44.62345
762,2553,812,2679.02,10.18639
763,-2952,2695,3997.17,15.19835
764,-5820,1068,5917.18,22.49878
765,-2968,-3413,4523.01,17.19774
766,28,-3825,3825.10,14.54412
767,1176,-1762,2118.40,8.05475
768,1426,1609,2149.97,8.17478
769,74,2296,2297.19,8.73457
770,-884,184,902.95,3.43326
771,-1097,-18,1097.15,4.17166
772,-642,450,784.01,2.98101
773,512,188,545.42,2.07386
774,214,-369,426.56,1.62192
775,-836,-318,894.44,3.40091
776,-1459,-428,1520.48,5.78130
777,-1049,-608,1212.46,4.61012
778,723,105,730.58,2.77789
779,1718,980,1977.86,7.52037
780,1005,1712,1985.19,7.54824
781,-570,1495,1599.98,6.08356
782,-551,802,973.04,3.69977
783,-107,1137,1142.02,4.34230
784,654,1389,1535.26,5.83751
785,1353,1683,2159.42,8.21072
786,1103,736,1326.01,5.04187
787,422,633,760.77,2.89267
788,-402,840,931.24,3.54083
789,-612,1051,1216.20,4.62434
790,-303,883,933.54,3.54958
791,-140,584,600.55,2.28345
792,-302,604,675.29,2.56765
793,-444,781,898.39,3.41592
794,-336,116,355.46,1.35156
795,-246,-254,353.60,1.34448
796,-522,50,524.39,1.99388
797,-285,806,854.90,3.25059
798,-52,992,993.36,3.77704
799,-26,725,725.47,2.75843
800,-332,208,391.78,1.48964
801,-287,256,384.58,1.46230
802,-1,340,340.00,1.29278
803,106,1132,1136.95,4.32301
804,-125,1259,1265.19,4.81061
805,-76,992,994.91,3.78292
806,17,947,947.15,3.60134
807,190,992,1010.03,3.84042
808,168,1060,1073.23,4.08072
809,-485,1205,1298.94,4.93894
810,-797,454,917.24,3.48760
811,-1064,532,1189.59,4.52315
812,-1026,394,1099.05,4.17890
813,-601,513,790.17,3.00445
814,-314,662,732.69,2.78591
815,-397,376,546.80,2.07907
816,-432,61,436.29,1.65888
817,-701,299,762.10,2.89773
818,-405,234,467.74,1.77848
819,-65,889,891.37,3.38925
820,61,1011,1012.84,3.85110
821,19,996,996.18,3.78776
822,-66,778,780.79,2.96880
823,126,546,560.35,2.13061
824,295,325,438.92,1.66889
825,77,133,153.68,0.58434
826,-76,128,148.86,0.56602
827,-339,556,651.20,2.47603
828,-646,732,976.29,3.71213
829,-539,560,777.25,2.95533
830,-372,591,698.33,2.65525
831,-454,487,665.80,2.53155
832,-99,363,376.26,1.43064
833,103,547,556.61,2.11640
834,204,466,508.70,1.93421
835,-107,939,945.08,3.59345
836,-457,952,1056.01,4.01524
837,-162,866,881.02,3.34989
838,-141,764,776.90,2.95400
839,-297,622,689.27,2.62080
840,-347,231,416.86,1.58501
841,69,129,146.29,0.55625
842,497,90,505.08,1.92047
843,459,483,666.31,2.53350
844,91,520,527.90,2.00723
845,-178,531,560.04,2.12943
846,-174,374,412.49,1.56842
847,-27,325,326.12,1.24000
848,-208,229,309.36,1.17628
849,-673,337,752.66,2.86183
850,-639,39,640.19,2.43418
851,-427,-86,435.57,1.65618
# END
# FRAME,64,RX_TS,406546463139,FP_INDEX,748.5000,FP_INT,748,RXPACC,267,RXPWR,-67.46,STD_NOISE,132.00,NTM,13,NOISE_THRESH,1716.00,PEAK_IDX,750,PEAK_AMPL,17895,START,698,elapsed_s,6.6377
sample,real,imag,amplitude,amplitude_norm
698,21,-45,49.66,0.18599
699,-276,-119,300.56,1.12570
700,-266,-206,336.44,1.26008
701,331,-68,337.91,1.26559
702,790,244,826.82,3.09671
703,544,551,774.30,2.89999
704,-244,155,289.07,1.08266
705,-470,40,471.70,1.76666
706,12,62,63.15,0.23652
707,477,468,668.25,2.50279
708,538,700,882.86,3.30660
709,542,211,581.62,2.17836
710,24,11,26.40,0.09888
711,-48,3,48.09,0.18013
712,34,105,110.37,0.41336
713,54,181,188.88,0.70743
714,134,234,269.65,1.00993
715,36,163,166.93,0.62520
716,83,27,87.28,0.32690
717,546,-15,546.21,2.04572
718,988,394,1063.66,3.98376
719,715,602,934.68,3.50068
720,312,252,401.06,1.50209
721,-16,267,267.48,1.00179
722,153,262,303.40,1.13634
723,744,473,881.63,3.30197
724,763,799,1104.79,4.13781
725,722,472,862.59,3.23069
726,525,222,570.01,2.13486
727,322,236,399.22,1.49522
728,33,578,578.94,2.16832
729,-236,599,643.81,2.41129
730,53,469,471.99,1.76773
731,231,610,652.27,2.44297
732,-13,668,668.13,2.50235
733,-818,380,901.96,3.37811
734,-1125,-155,1135.63,4.25329
735,-884,-519,1025.09,3.83930
736,202,-441,485.06,1.81671
737,521,213,562.86,2.10809
738,-125,218,251.29,0.94118
739,-779,-283,828.81,3.10417
740,-829,-764,1127.36,4.22232
741,-721,-804,1079.93,4.04470
742,-799,-233,832.28,3.11715
743,-453,-258,521.32,1.95250
744,32,-333,334.53,1.25294
745,59,-41,71.85,0.26909
746,-312,-52,316.30,1.18466
747,-814,-905,1217.22,4.55887
748,-892,-4662,4746.57,17.77741
749,1718,-13651,13758.68,51.53064
750,5856,-16469,17479.15,65.46498
751,10019,-11302,15103.50,56.56740
752,8190,3075,8748.24,32.76495
753,1225,7763,7859.06,29.43468
754,127,-2031,2034.97,7.62160
755,6606,-12436,14081.67,52.74032
756,12444,-10700,16411.68,61.46696
757,10143,-2483,10442.50,39.11048
758,1434,1227,1887.30,7.06852
759,-3859,2580,4642.01,17.38581
760,-5591,-289,5598.46,20.96803
761,-2010,-4071,4540.17,17.00438
762,586,-3722,3767.85,14.11179
763,1459,-1123,1841.14,6.89567
764,1182,2127,2433.36,9.11372
765,-414,1959,2002.27,7.49913
766,-973,-86,976.79,3.65840
767,-1109,-56,1110.41,4.15885
768,-423,471,633.06,2.37103
769,581,181,608.54,2.27918
770,108,-359,374.89,1.40409
771,-969,-389,1044.17,3.91073
772,-1548,-640,1675.08,6.27372
773,-785,-591,982.60,3.68016
774,886,253,921.41,3.45099
775,1666,1228,2069.67,7.75158
776,633,1859,1963.82,7.35511
777,-825,1330,1565.10,5.86178
778,-538,767,936.87,3.50889
779,-120,1055,1061.80,3.97679
780,692,1484,1637.41,6.13263
781,1346,1475,1996.83,7.47877
782,1068,724,1290.27,4.83248
783,255,663,710.35,2.66048
784,-559,896,1056.08,3.95534
785,-680,1013,1220.07,4.56955
786,-265,899,937.24,3.51028
787,-178,510,540.17,2.02311
788,-421,657,780.31,2.92252
789,-546,626,830.66,3.11108
790,-217,36,219.97,0.82384
791,-147,-352,381.46,1.42870
792,-405,159,435.09,1.62956
793,-254,925,959.24,3.59266
794,-52,1039,1040.30,3.89626
795,-130,569,583.66,2.18600
796,-382,166,416.51,1.55996
797,-360,263,445.84,1.66979
798,30,425,426.06,1.59572
799,-1,1238,1238.00,4.63671
800,-199,1149,1166.11,4.36744
801,-220,925,950.80,3.56106
802,-39,990,990.77,3.71074
803,129,961,969.62,3.63153
804,82,1180,1182.85,4.43013
805,-654,1136,1310.81,4.90939
806,-887,418,980.56,3.67250
807,-1229,493,1324.19,4.95953
808,-1020,269,1054.87,3.95084
809,-573,442,723.67,2.71036
810,-294,639,703.39,2.63442
811,-405,296,501.64,1.87880
812,-509,124,523.89,1.96212
813,-741,212,770.73,2.88663
814,-309,254,400.00,1.49811
815,-154,984,995.98,3.73025
816,-90,1073,1076.77,4.03284
817,-90,998,1002.05,3.75300
818,-109,814,821.27,3.07590
819,183,499,531.50,1.99063
820,217,307,375.95,1.40805
821,5,87,87.14,0.32638
822,-143,100,174.50,0.65354
823,-457,602,755.81,2.83076
824,-682,673,958.15,3.58858
825,-565,475,738.14,2.76457
826,-417,554,693.40,2.59701
827,-418,402,579.94,2.17205
828,-42,371,373.37,1.39839
829,77,522,527.65,1.97621
830,153,454,479.09,1.79434
831,-274,953,991.61,3.71389
832,-526,824,977.57,3.66133
833,-254,871,907.28,3.39805
834,-261,737,781.85,2.92828
835,-382,538,659.82,2.47125
836,-396,179,434.58,1.62763
837,34,134,138.25,0.51778
838,501,226,549.62,2.05848
839,354,604,700.09,2.62208
840,-39,543,544.40,2.03895
841,-250,516,573.37,2.14746
842,-165,339,377.02,1.41207
843,-40,317,319.51,1.19668
844,-247,244,347.20,1.30036
845,-702,258,747.91,2.80116
846,-642,-57,644.53,2.41395
847,-412,-154,439.84,1.64734
# END
# FRAME,65,RX_TS,412936260715,FP_INDEX,751.7500,FP_INT,751,RXPACC,272,RXPWR,-67.36,STD_NOISE,136.00,NTM,13,NOISE_THRESH,1768.00,PEAK_IDX,753,PEAK_AMPL,18060,START,701,elapsed_s,6.7354
sample,real,imag,amplitude,amplitude_norm
701,100,144,175.32,0.64455
702,323,-57,327.99,1.20585
703,410,-54,413.54,1.52037
704,-12,237,237.30,0.87244
705,-691,433,815.46,2.99800
706,-760,100,766.55,2.81820
707,64,-275,282.35,1.03805
708,372,-294,474.15,1.74321
709,103,-107,148.52,0.54603
710,-585,67,588.82,2.16480
711,-811,-189,832.73,3.06151
712,-557,219,598.51,2.20039
713,-72,72,101.82,0.37435
714,32,6,32.56,0.11970
715,-67,1,67.01,0.24635
716,-115,-150,189.01,0.69489
717,-101,42,109.38,0.40215
718,-162,-134,210.24,0.77293
719,6,9,10.82,0.03977
720,-134,461,480.08,1.76500
721,-836,445,947.06,3.48184
722,-923,171,938.71,3.45113
723,-411,-2,411.00,1.51105
724,-56,-151,161.05,0.59209
725,-156,-148,215.03,0.79057
726,-697,229,733.66,2.69726
727,-1029,39,1029.74,3.78580
728,-844,163,859.60,3.16028
729,-518,213,560.08,2.05913
730,-400,89,409.78,1.50655
731,-256,-357,439.30,1.61508
732,-238,-636,679.07,2.49659
733,-145,-238,278.69,1.02460
734,-506,-259,568.43,2.08983
735,-421,-355,550.70,2.02462
736,267,-801,844.33,3.10415
737,956,-606,1131.89,4.16136
738,1160,-267,1190.33,4.37622
739,452,425,620.43,2.28098
740,-447,320,549.74,2.02109
741,-101,-199,223.16,0.82045
742,765,-336,835.54,3.07183
743,1194,-48,1194.96,4.39325
744,1278,112,1282.90,4.71654
745,903,-320,958.02,3.52215
746,679,-130,691.33,2.54166
747,350,264,438.40,1.61177
748,56,174,182.79,0.67202
749,264,-37,266.58,0.98007
750,1194,90,1197.39,4.40216
751,3367,2143,3991.13,14.67328
752,8077,10386,13157.01,48.37136
753,8252,16116,18105.83,66.56554
754,1931,15763,15880.84,58.38543
755,-7356,5464,9163.30,33.68859
756,-7312,-4685,8684.16,31.92705
757,445,-1,445.00,1.63603
758,4155,12405,13082.36,48.09690
759,-712,16483,16498.37,60.65578
760,-5894,10502,12042.89,44.27534
761,-2408,944,2586.43,9.50892
762,816,-4068,4149.03,15.25380
763,4234,-4355,6073.94,22.33067
764,4637,1037,4751.54,17.46890
765,2466,3187,4029.66,14.81491
766,156,2209,2214.50,8.14155
767,-2109,-358,2139.17,7.86459
768,-1412,-1752,2250.17,8.27267
769,738,-641,977.51,3.59379
770,1008,-625,1186.04,4.36044
771,247,-791,828.67,3.04657
772,-550,175,577.17,2.12195
773,130,443,461.68,1.69736
774,890,-314,943.77,3.46973
775,1478,-661,1619.08,5.95248
776,1286,-188,1299.67,4.77820
777,-559,432,706.47,2.59733
778,-1878,422,1924.83,7.07658
779,-1792,-727,1933.85,7.10976
780,-388,-1496,1545.50,5.68197
781,-47,-1022,1023.08,3.76132
782,-479,-935,1050.56,3.86233
783,-1292,-657,1449.45,5.32887
784,-2106,-374,2138.95,7.86379
785,-1381,183,1393.07,5.12159
786,-780,-200,805.23,2.96042
787,-144,-895,906.51,3.33276
788,-163,-1355,1364.77,5.01753
789,-390,-919,998.33,3.67033
790,-259,-537,596.20,2.19190
791,-46,-723,724.46,2.66346
792,-4,-871,871.01,3.20224
793,223,-205,302.91,1.11364
794,422,105,434.87,1.59877
795,432,-281,515.35,1.89467
796,-330,-805,870.01,3.19858
797,-556,-816,987.42,3.63021
798,-408,-601,726.41,2.67061
799,208,-346,403.71,1.48422
800,182,-337,383.01,1.40811
801,-209,-234,313.75,1.15348
802,-736,-810,1094.44,4.02367
803,-614,-1005,1177.72,4.32985
804,-425,-766,876.00,3.22060
805,-555,-732,918.61,3.37725
806,-655,-678,942.71,3.46586
807,-697,-749,1023.14,3.76153
808,-383,-1404,1455.30,5.35038
809,374,-895,970.00,3.56618
810,627,-1124,1287.05,4.73181
811,767,-996,1257.10,4.62170
812,271,-738,786.18,2.89038
813,-105,-687,694.98,2.55507
814,110,-478,490.49,1.80329
815,347,-325,475.43,1.74791
816,441,-695,823.11,3.02613
817,191,-292,348.92,1.28279
818,-463,-646,794.79,2.92201
819,-591,-808,1001.07,3.68041
820,-548,-748,927.26,3.40904
821,-361,-659,751.40,2.76250
822,-403,-281,491.29,1.80623
823,-380,-74,387.14,1.42330
824,-35,-111,116.39,0.42789
825,161,-158,225.58,0.82933
826,41,-617,618.36,2.27339
827,81,-983,986.33,3.62622
828,102,-734,741.05,2.72446
829,-15,-645,645.17,2.37196
830,174,-570,595.97,2.19105
831,-37,-335,337.04,1.23911
832,-294,-373,474.94,1.74609
833,-328,-165,367.16,1.34987
834,-442,-742,863.67,3.17526
835,-154,-953,965.36,3.54913
836,-369,-752,837.65,3.07961
837,-223,-664,700.45,2.57517
838,-90,-676,681.96,2.50722
839,218,-390,446.79,1.64262
840,25,-107,109.88,0.40398
841,-355,237,426.84,1.56927
842,-559,-95,567.02,2.08461
843,-373,-340,504.71,1.85554
844,-91,-452,461.07,1.69511
845,-58,-339,343.93,1.26443
846,-101,-203,226.74,0.83359
847,55,-258,263.80,0.96984
848,351,-683,767.91,2.82321
849,589,-473,755.41,2.77726
850,512,-207,552.26,2.03037
# END
# FRAME,66,RX_TS,419326058250,FP_INDEX,753.2344,FP_INT,753,RXPACC,267,RXPWR,-67.09,STD_NOISE,140.00,NTM,13,NOISE_THRESH,1820.00,PEAK_IDX,755,PEAK_AMPL,17677,START,703,elapsed_s,6.8304
sample,real,imag,amplitude,amplitude_norm
703,25,168,169.85,0.63614
704,111,424,438.29,1.64153
705,-72,261,270.75,1.01404
706,-377,-508,632.61,2.36932
707,-160,-809,824.67,3.08865
708,314,-331,456.24,1.70877
709,299,432,525.38,1.96772
710,370,154,400.77,1.50101
711,24,-236,237.22,0.88845
712,169,-743,761.98,2.85385
713,79,-679,683.58,2.56023
714,-89,-224,241.03,0.90275
715,154,77,172.18,0.64486
716,-30,9,31.32,0.11731
717,207,-110,234.41,0.87795
718,69,-49,84.63,0.31696
719,228,-207,307.95,1.15337
720,107,-12,107.67,0.40326
721,-161,-36,164.98,0.61789
722,-319,-551,636.68,2.38457
723,-193,-1014,1032.20,3.86593
724,119,-648,658.84,2.46755
725,128,-201,238.30,0.89249
726,277,-113,299.16,1.12046
727,0,-450,450.00,1.68539
728,-117,-926,933.36,3.49574
729,130,-960,968.76,3.62832
730,-164,-598,620.08,2.32240
731,-78,-443,449.81,1.68470
732,163,-240,290.12,1.08659
733,685,-314,753.54,2.82224
734,425,-32,426.20,1.59627
735,392,-381,546.65,2.04737
736,304,-470,559.75,2.09643
737,725,-120,734.86,2.75230
738,832,751,1120.81,4.19781
739,505,1050,1165.13,4.36378
740,-172,848,865.27,3.24070
741,-424,-173,457.94,1.71511
742,33,-358,359.52,1.34651
743,359,371,516.26,1.93355
744,160,1125,1136.32,4.25588
745,-125,1268,1274.15,4.77208
746,119,1026,1032.88,3.86846
747,351,841,911.31,3.41314
748,-80,483,489.58,1.83363
749,-170,86,190.52,0.71354
750,1,81,81.01,0.30339
751,150,738,753.09,2.82056
752,-677,1996,2107.69,7.89396
753,-6025,5717,8305.70,31.10750
754,-14473,8510,16789.52,62.88208
755,-16453,5120,17231.24,64.53648
756,-11120,-3778,11744.26,43.98600
757,1866,-8824,9019.14,33.77956
758,3795,-2886,4767.71,17.85658
759,-6831,3216,7550.18,28.27783
760,-15914,1702,16004.75,59.94290
761,-14094,-4600,14825.68,55.52690
762,-4322,-4659,6355.00,23.80148
763,2087,-402,2125.36,7.96017
764,5322,2649,5944.82,22.26524
765,1251,4862,5020.36,18.80286
766,-2689,3333,4282.48,16.03924
767,-2968,1231,3213.16,12.03430
768,-671,-1254,1422.24,5.32673
769,1608,-2167,2698.44,10.10650
770,1274,82,1276.64,4.78141
771,556,1084,1218.27,4.56282
772,950,712,1187.20,4.44644
773,253,-269,369.28,1.38308
774,-408,-241,473.86,1.77476
775,5,529,529.02,1.98136
776,576,1289,1411.84,5.28780
777,485,1651,1720.76,6.44481
778,-190,316,368.72,1.38098
779,-471,-1443,1517.92,5.68510
780,214,-2019,2030.31,7.60416
781,1421,-1017,1747.44,6.54470
782,1267,52,1268.07,4.74931
783,989,-308,1035.85,3.87959
784,736,-810,1094.44,4.09902
785,603,-2083,2168.52,8.12181
786,-97,-1840,1842.56,6.90096
787,-80,-1060,1063.01,3.98133
788,429,-317,533.41,1.99780
789,1318,-52,1319.03,4.94017
790,1125,-120,1131.38,4.23739
791,875,-421,971.01,3.63675
792,544,-132,559.79,2.09658
793,1024,-178,1039.36,3.89272
794,530,212,570.83,2.13793
795,71,287,295.65,1.10731
796,60,515,518.48,1.94189
797,744,71,747.38,2.79918
798,885,-316,939.72,3.51957
799,876,-577,1048.95,3.92867
800,418,33,419.30,1.57041
801,450,284,532.12,1.99297
802,432,120,448.36,1.67924
803,503,-519,722.75,2.70694
804,1060,-729,1286.48,4.81829
805,814,-603,1013.02,3.79407
806,704,-372,796.24,2.98218
807,839,-670,1073.70,4.02133
808,613,-674,911.07,3.41224
809,1271,-751,1476.29,5.52919
810,1092,84,1095.23,4.10197
811,937,512,1067.76,3.99910
812,1126,747,1351.25,5.06087
813,836,534,991.99,3.71533
814,784,115,792.39,2.96775
815,774,-29,774.54,2.90091
816,356,366,510.58,1.91228
817,564,377,678.40,2.54082
818,638,433,771.06,2.88786
819,533,-165,557.96,2.08972
820,916,-509,1047.92,3.92480
821,784,-632,1007.02,3.77159
822,718,-413,828.31,3.10227
823,661,-392,768.50,2.87826
824,177,-319,364.82,1.36635
825,72,-66,97.67,0.36582
826,182,146,233.32,0.87387
827,354,109,370.40,1.38727
828,1036,-7,1036.02,3.88024
829,835,183,854.82,3.20157
830,701,136,714.07,2.67442
831,722,101,729.03,2.73045
832,430,128,448.65,1.68033
833,366,-272,456.00,1.70788
834,346,-248,425.70,1.59438
835,504,-383,633.01,2.37083
836,1167,-185,1181.57,4.42537
837,815,-166,831.73,3.11511
838,763,-326,829.73,3.10759
839,788,-184,809.20,3.03070
840,551,171,576.92,2.16077
841,321,138,349.41,1.30864
842,-49,-193,199.12,0.74578
843,-18,-494,494.33,1.85142
844,315,-466,562.48,2.10666
845,438,-121,454.41,1.70190
846,520,-52,522.59,1.95728
847,278,-85,290.70,1.08878
848,244,-88,259.38,0.97148
849,549,244,600.78,2.25011
850,623,583,853.24,3.19565
851,247,514,570.27,2.13583
852,60,385,389.65,1.45935
# END
# FRAME,67,RX_TS,425715855756,FP_INDEX,747.5156,FP_INT,747,RXPACC,276,RXPWR,-67.36,STD_NOISE,164.00,NTM,13,NOISE_THRESH,2132.00,PEAK_IDX,749,PEAK_AMPL,18571,START,697,elapsed_s,6.9373
sample,real,imag,amplitude,amplitude_norm
697,149,33,152.61,0.55294
698,197,-200,280.73,1.01714
699,297,-214,366.07,1.32633
700,73,326,334.07,1.21041
701,-334,864,926.31,3.35620
702,-506,504,714.18,2.58761
703,-49,-239,243.97,0.88395
704,44,-446,448.17,1.62379
705,-62,-21,65.46,0.23717
706,-464,357,585.44,2.12117
707,-724,391,822.83,2.98129
708,-228,516,564.13,2.04394
709,-29,90,94.56,0.34260
710,84,-12,84.85,0.30744
711,-140,106,175.60,0.63624
712,-199,27,200.82,0.72762
713,-196,106,222.83,0.80735
714,-116,12,116.62,0.42253
715,10,-12,15.62,0.05660
716,35,520,521.18,1.88832
717,-475,885,1004.42,3.63919
718,-623,682,923.72,3.34680
719,-301,326,443.71,1.60764
720,-197,-11,197.31,0.71488
721,-290,100,306.76,1.11144
722,-550,685,878.48,3.18289
723,-830,645,1051.15,3.80853
724,-495,700,857.34,3.10629
725,-300,471,558.43,2.02329
726,-273,289,397.56,1.44042
727,-470,-102,480.94,1.74254
728,-504,-353,615.33,2.22944
729,-380,-14,380.26,1.37775
730,-634,140,649.27,2.35244
731,-546,-100,555.08,2.01117
732,-229,-879,908.34,3.29109
733,379,-1095,1158.73,4.19831
734,745,-832,1116.80,4.04639
735,573,190,603.68,2.18724
736,-197,506,543.00,1.96738
737,-167,-136,215.37,0.78033
738,495,-785,928.04,3.36245
739,1037,-756,1283.32,4.64970
740,1024,-740,1263.40,4.57753
741,451,-822,937.60,3.39708
742,432,-440,616.62,2.23414
743,412,85,420.68,1.52419
744,100,39,107.34,0.38890
745,222,-281,358.11,1.29751
746,1109,-723,1323.86,4.79660
747,4811,-329,4822.24,17.47187
748,13734,3450,14160.69,51.30686
749,16501,8188,18420.81,66.74207
750,10725,11674,15852.69,57.43730
751,-3739,8206,9017.68,32.67275
752,-8177,443,8188.99,29.67026
753,1839,303,1863.79,6.75288
754,11884,8243,14462.94,52.40194
755,9618,14084,17054.76,61.79262
756,1416,10994,11084.81,40.16237
757,-1468,1540,2127.59,7.70865
758,-2101,-4191,4688.14,16.98602
759,990,-5793,5876.98,21.29342
760,4471,-1710,4786.85,17.34366
761,3851,1114,4008.89,14.52496
762,1060,1718,2018.69,7.31411
763,-2242,1011,2459.41,8.91090
764,-1974,-573,2055.48,7.44740
765,290,-997,1038.32,3.76203
766,312,-1162,1203.16,4.35927
767,-291,-604,670.45,2.42915
768,-221,533,577.00,2.09058
769,382,202,432.12,1.56565
770,547,-905,1057.47,3.83140
771,818,-1436,1652.64,5.98783
772,860,-735,1131.29,4.09889
773,-313,975,1024.01,3.71018
774,-1311,1596,2065.41,7.48339
775,-1883,437,1933.04,7.00378
776,-1183,-954,1519.74,5.50630
777,-662,-670,941.88,3.41262
778,-971,-262,1005.73,3.64394
779,-1563,572,1664.38,6.03035
780,-1793,1184,2148.65,7.78497
781,-905,960,1319.33,4.78017
782,-881,250,915.78,3.31806
783,-891,-501,1022.19,3.70360
784,-957,-753,1217.73,4.41205
785,-809,-413,908.32,3.29102
786,-430,-234,489.55,1.77372
787,-594,-465,754.36,2.73319
788,-611,-580,842.45,3.05235
789,141,-344,371.78,1.34701
790,424,-165,454.97,1.64846
791,58,-541,544.10,1.97138
792,-797,-426,903.71,3.27430
793,-960,-207,982.06,3.55820
794,-516,-238,568.24,2.05885
795,1,-426,426.00,1.54348
796,-118,-390,407.46,1.47631
797,-377,12,377.19,1.36663
798,-1121,-98,1125.28,4.07709
799,-1079,-295,1118.60,4.05290
800,-876,-277,918.75,3.32881
801,-1000,-221,1024.13,3.71061
802,-877,-20,877.23,3.17836
803,-1157,-100,1161.31,4.20766
804,-1132,-766,1366.81,4.95222
805,-322,-877,934.24,3.38494
806,-281,-1256,1287.05,4.66322
807,-29,-1171,1171.36,4.24405
808,-321,-728,795.63,2.88271
809,-581,-406,708.80,2.56811
810,-138,-444,464.95,1.68461
811,118,-496,509.84,1.84726
812,-35,-771,771.79,2.79636
813,-97,-362,374.77,1.35786
814,-906,-289,950.98,3.44557
815,-949,-206,971.10,3.51848
816,-887,-192,907.54,3.28820
817,-781,-182,801.93,2.90553
818,-513,121,527.08,1.90970
819,-215,138,255.48,0.92564
820,-12,-104,104.69,0.37931
821,-51,-190,196.73,0.71277
822,-467,-485,673.29,2.43944
823,-579,-785,975.43,3.53417
824,-420,-642,767.18,2.77963
825,-445,-494,664.88,2.40897
826,-206,-495,536.15,1.94259
827,-215,-192,288.25,1.04439
828,-442,-50,444.82,1.61166
829,-455,63,459.34,1.66428
830,-879,-422,975.05,3.53279
831,-696,-493,852.92,3.09027
832,-816,-281,863.03,3.12691
833,-634,-364,731.06,2.64878
834,-409,-529,668.67,2.42272
835,47,-477,479.31,1.73663
836,-70,-1,70.01,0.25365
837,-229,416,474.87,1.72053
838,-623,265,677.02,2.45297
839,-474,3,474.01,1.71743
840,-394,-247,465.02,1.68486
841,-256,-182,314.10,1.13805
842,-278,-59,284.19,1.02968
843,-149,-301,335.86,1.21688
844,-93,-763,768.65,2.78495
845,200,-648,678.16,2.45711
846,293,-403,498.25,1.80527
# END
# FRAME,68,RX_TS,432105653263,FP_INDEX,750.0625,FP_INT,750,RXPACC,269,RXPWR,-67.27,STD_NOISE,164.00,NTM,13,NOISE_THRESH,2132.00,PEAK_IDX,751,PEAK_AMPL,17404,START,700,elapsed_s,7.0353
sample,real,imag,amplitude,amplitude_norm
700,-12,-178,178.40,0.66321
701,-9,-409,409.10,1.52081
702,181,-87,200.82,0.74656
703,341,668,750.00,2.78812
704,88,931,935.15,3.47639
705,-281,306,415.45,1.54442
706,-204,-471,513.28,1.90811
707,-265,-118,290.08,1.07838
708,-1,394,394.00,1.46469
709,-293,780,833.22,3.09746
710,-81,746,750.38,2.78953
711,78,244,256.16,0.95228
712,-91,9,91.44,0.33994
713,-8,97,97.33,0.36182
714,-238,172,293.65,1.09162
715,22,71,74.33,0.27632
716,-177,191,260.40,0.96804
717,-48,43,64.44,0.23957
718,308,116,329.12,1.22349
719,302,735,794.63,2.95400
720,117,1121,1127.09,4.18992
721,-33,619,619.88,2.30438
722,-51,125,135.00,0.50187
723,-243,109,266.33,0.99006
724,3,627,627.01,2.33088
725,-13,1057,1057.08,3.92967
726,-102,906,911.72,3.38931
727,155,600,619.70,2.30371
728,91,480,488.55,1.81617
729,-193,292,350.02,1.30118
730,-651,296,715.13,2.65849
731,-282,74,291.55,1.08382
732,-457,453,643.47,2.39209
733,-350,464,581.20,2.16060
734,-693,-103,700.61,2.60451
735,-555,-901,1058.22,3.93390
736,-217,-1039,1061.42,3.94579
737,458,-666,808.28,3.00477
738,449,416,612.09,2.27544
739,-113,360,377.32,1.40267
740,-218,-479,526.27,1.95641
741,99,-1054,1058.64,3.93546
742,298,-1241,1276.28,4.74453
743,-74,-965,967.83,3.59789
744,-125,-787,796.87,2.96232
745,304,-341,456.83,1.69827
746,248,7,248.10,0.92230
747,-2,-62,62.03,0.23060
748,41,-807,808.04,3.00387
749,1357,-2054,2461.78,9.15160
750,8080,-5331,9680.18,35.98581
751,15819,-6290,17023.66,63.28497
752,16443,-1759,16536.82,61.47516
753,8715,6338,10775.97,40.05936
754,-4270,8178,9225.65,34.29609
755,-3045,1413,3356.87,12.47908
756,9221,-2366,9519.71,35.38924
757,16303,1281,16353.25,60.79275
758,12393,6992,14229.35,52.89722
759,2555,4454,5134.80,19.08846
760,-2652,-340,2673.71,9.93943
761,-4681,-3833,6050.09,22.49106
762,298,-4838,4847.17,18.01921
763,3411,-2568,4269.61,15.87214
764,2957,-510,3000.66,11.15486
765,221,1706,1720.25,6.39500
766,-1904,1899,2689.13,9.99676
767,-954,-427,1045.20,3.88551
768,-422,-1185,1257.90,4.67620
769,-805,-668,1046.06,3.88871
770,-137,412,434.18,1.61406
771,455,218,504.53,1.87557
772,79,-598,603.20,2.24236
773,-383,-1370,1422.53,5.28821
774,-118,-1561,1565.45,5.81953
775,332,75,340.37,1.26530
776,287,1732,1755.62,6.52646
777,-548,2004,2077.58,7.72333
778,-1578,691,1722.66,6.40395
779,-1125,-205,1143.53,4.25102
780,-993,283,1032.54,3.83844
781,-799,944,1236.74,4.59756
782,-782,2137,2275.59,8.45943
783,-29,1817,1817.23,6.75551
784,-117,1154,1159.92,4.31195
785,-593,293,661.44,2.45887
786,-1287,-51,1288.01,4.78814
787,-922,42,922.96,3.43106
788,-671,328,746.88,2.77649
789,-531,7,531.05,1.97415
790,-1029,67,1031.18,3.83338
791,-371,-238,440.78,1.63858
792,72,-319,327.02,1.21570
793,1,-492,492.00,1.82900
794,-747,58,749.25,2.78531
795,-911,310,962.30,3.57732
796,-900,506,1032.49,3.83825
797,-348,-65,354.02,1.31605
798,-409,-207,458.40,1.70409
799,-374,28,375.05,1.39423
800,-693,641,944.00,3.50928
801,-1201,520,1308.74,4.86521
802,-870,460,984.12,3.65845
803,-838,363,913.24,3.39496
804,-887,609,1075.94,3.99978
805,-655,647,920.67,3.42257
806,-1248,485,1338.93,4.97743
807,-874,-242,906.88,3.37132
808,-858,-559,1024.03,3.80682
809,-967,-818,1266.58,4.70846
810,-747,-510,904.49,3.36243
811,-672,-81,676.86,2.51622
812,-598,-28,598.66,2.22548
813,-229,-338,408.27,1.51774
814,-475,-500,689.66,2.56378
815,-449,-488,663.13,2.46518
816,-559,200,593.70,2.20707
817,-936,457,1041.61,3.87214
818,-829,565,1003.23,3.72947
819,-705,365,793.88,2.95124
820,-539,385,662.38,2.46238
821,-111,349,366.23,1.36144
822,-56,74,92.80,0.34498
823,-155,-84,176.30,0.65538
824,-427,-79,434.25,1.61430
825,-966,-149,977.42,3.63355
826,-730,-227,764.48,2.84193
827,-643,-28,643.61,2.39260
828,-654,-132,667.19,2.48025
829,-322,-70,329.52,1.22498
830,-410,280,496.49,1.84568
831,-332,349,481.69,1.79067
832,-617,446,761.32,2.83018
833,-1108,101,1112.59,4.13604
834,-819,204,844.02,3.13764
835,-800,290,850.94,3.16335
836,-791,100,797.30,2.96393
837,-443,-281,524.60,1.95020
838,-187,-123,223.83,0.83207
839,134,285,314.93,1.17074
840,-108,596,605.71,2.25170
841,-427,426,603.16,2.24224
842,-441,68,446.21,1.65878
843,-480,84,487.29,1.81150
844,-275,99,292.28,1.08653
845,-230,25,231.35,0.86005
846,-552,-340,648.31,2.41007
847,-404,-569,697.84,2.59419
848,-64,-549,552.72,2.05471
849,98,-282,298.54,1.10983
# END
# FRAME,69,RX_TS,438495399521,FP_INDEX,751.2187,FP_INT,751,RXPACC,266,RXPWR,-67.28,STD_NOISE,136.00,NTM,13,NOISE_THRESH,1768.00,PEAK_IDX,753,PEAK_AMPL,16996,START,701,elapsed_s,7.1535
sample,real,imag,amplitude,amplitude_norm
701,191,36,194.36,0.73069
702,427,-5,427.03,1.60537
703,261,122,288.11,1.08310
704,-475,276,549.36,2.06528
705,-871,162,885.94,3.33059
706,-408,-252,479.55,1.80282
707,383,-117,400.47,1.50553
708,232,-262,349.95,1.31562
709,-199,-25,200.56,0.75400
710,-674,-214,707.16,2.65849
711,-690,-153,706.76,2.65699
712,-306,140,336.51,1.26506
713,35,-66,74.71,0.28085
714,-11,90,90.67,0.34086
715,-92,-215,233.86,0.87916
716,-4,-8,8.94,0.03363
717,-156,-177,235.93,0.88697
718,7,-86,86.28,0.32438
719,-10,191,191.26,0.71903
720,-545,266,606.45,2.27989
721,-1003,158,1015.37,3.81717
722,-627,-33,627.87,2.36041
723,-159,-40,163.95,0.61637
724,-17,-217,217.66,0.81829
725,-423,-39,424.79,1.59697
726,-949,37,949.72,3.57038
727,-916,-238,946.41,3.55795
728,-576,129,590.27,2.21905
729,-447,111,460.58,1.73149
730,-283,-168,329.11,1.23725
731,-251,-626,674.45,2.53551
732,-7,-399,399.06,1.50023
733,-341,-362,497.32,1.86962
734,-438,-305,533.73,2.00651
735,-22,-615,615.39,2.31351
736,809,-612,1014.41,3.81357
737,1080,-316,1125.28,4.23038
738,959,306,1006.64,3.78435
739,-127,496,512.00,1.92482
740,-406,-46,408.60,1.53608
741,357,-283,455.56,1.71264
742,1096,16,1096.12,4.12074
743,1275,335,1318.28,4.95592
744,1070,77,1072.77,4.03296
745,857,-154,870.73,3.27341
746,496,192,531.86,1.99949
747,51,273,277.72,1.04407
748,10,14,17.20,0.06468
749,703,-15,703.16,2.64346
750,1742,845,1936.13,7.27867
751,4508,6170,7641.40,28.72706
752,6076,14953,16140.32,60.67790
753,2568,16471,16669.99,62.66913
754,-5081,11082,12191.28,45.83188
755,-8468,-2643,8870.88,33.34917
756,-2639,-4630,5329.28,20.03489
757,2034,6457,6769.79,25.45032
758,-459,15711,15717.70,59.08911
759,-6506,13691,15158.22,56.98577
760,-5593,4062,6912.42,25.98653
761,-144,-1840,1845.63,6.93844
762,3364,-4818,5876.19,22.09094
763,5123,-763,5179.51,19.47183
764,3041,3236,4440.65,16.69417
765,908,3269,3392.76,12.75474
766,-1255,761,1467.70,5.51767
767,-1952,-1763,2630.30,9.88834
768,185,-1228,1241.86,4.66864
769,1171,-310,1211.34,4.55390
770,903,-750,1173.84,4.41295
771,-137,-325,352.70,1.32592
772,-312,344,464.41,1.74592
773,463,171,493.57,1.85552
774,1287,-319,1325.94,4.98476
775,1650,-139,1655.84,6.22498
776,336,292,445.15,1.67350
777,-1455,358,1498.40,5.63307
778,-1990,-350,2020.54,7.59603
779,-899,-1448,1704.38,6.40744
780,298,-1315,1348.34,5.06896
781,-112,-933,939.70,3.53270
782,-656,-812,1043.88,3.92435
783,-1871,-985,2114.44,7.94903
784,-1801,-292,1824.52,6.85909
785,-1048,-179,1063.18,3.99691
786,-211,-654,687.20,2.58344
787,209,-1276,1293.00,4.86091
788,126,-987,995.01,3.74064
789,-233,-831,863.05,3.24454
790,-24,-462,462.62,1.73918
791,-54,-972,973.50,3.65977
792,293,-506,584.71,2.19816
793,402,8,402.08,1.51158
794,579,189,609.07,2.28972
795,191,-498,533.37,2.00516
796,-216,-851,877.98,3.30069
797,-504,-896,1028.02,3.86475
798,-16,-366,366.35,1.37725
799,238,-328,405.25,1.52350
800,70,-349,355.95,1.33816
801,-496,-532,727.35,2.73440
802,-535,-1099,1222.30,4.59513
803,-336,-856,919.58,3.45708
804,-206,-771,798.05,3.00017
805,-477,-880,1000.96,3.76302
806,-526,-641,829.19,3.11726
807,-465,-1226,1311.22,4.92940
808,300,-1084,1124.75,4.22837
809,642,-795,1021.86,3.84156
810,919,-955,1325.36,4.98257
811,679,-683,963.08,3.62062
812,324,-673,746.93,2.80801
813,104,-611,619.79,2.33003
814,425,-262,499.27,1.87695
815,485,-400,628.67,2.36342
816,595,-460,752.08,2.82737
817,22,-430,430.56,1.61866
818,-371,-978,1046.00,3.93235
819,-463,-879,993.48,3.73490
820,-362,-779,859.00,3.22933
821,-297,-615,682.96,2.56752
822,-354,-126,375.76,1.41261
823,-116,-41,123.03,0.46253
824,158,-112,193.67,0.72808
825,176,-320,365.21,1.37296
826,126,-982,990.05,3.72199
827,211,-846,871.92,3.27788
828,169,-652,673.55,2.53213
829,158,-656,674.76,2.53669
830,237,-387,453.80,1.70603
831,-130,-419,438.70,1.64926
832,-182,-394,434.00,1.63160
833,-362,-459,584.57,2.19764
834,-62,-1085,1086.77,4.08560
835,11,-766,766.08,2.88000
836,-211,-790,817.69,3.07403
837,-62,-781,783.46,2.94533
838,267,-496,563.30,2.11766
839,296,-254,390.04,1.46632
840,-153,164,224.29,0.84319
841,-473,-19,473.38,1.77963
842,-343,-450,565.82,2.12713
843,27,-437,437.83,1.64599
844,15,-499,499.23,1.87679
845,-40,-322,324.47,1.21983
846,-52,-239,244.59,0.91952
847,312,-412,516.81,1.94288
848,657,-435,787.96,2.96224
849,560,-109,570.51,2.14477
850,352,-17,352.41,1.32485
# END
# FRAME,70,RX_TS,444885196946,FP_INDEX,752.6094,FP_INT,752,RXPACC,294,RXPWR,-67.27,STD_NOISE,144.00,NTM,13,NOISE_THRESH,1872.00,PEAK_IDX,754,PEAK_AMPL,19303,START,702,elapsed_s,7.2338
sample,real,imag,amplitude,amplitude_norm
702,-48,0,48.00,0.16327
703,-216,268,344.21,1.17078
704,-318,335,461.90,1.57108
705,-40,-169,173.67,0.59071
706,531,-728,901.08,3.06490
707,721,-443,846.22,2.87830
708,186,307,358.95,1.22092
709,-161,518,542.44,1.84505
710,41,169,173.90,0.59150
711,591,-246,640.15,2.17739
712,910,-247,942.93,3.20723
713,483,-463,669.07,2.27576
714,87,-30,92.03,0.31302
715,-1,69,69.01,0.23472
716,184,40,188.30,0.64047
717,270,142,305.06,1.03763
718,180,-6,180.10,0.61258
719,252,65,260.25,0.88520
720,90,91,127.99,0.43533
721,66,-441,445.91,1.51671
722,656,-761,1004.72,3.41741
723,919,-560,1076.18,3.66047
724,438,-214,487.48,1.65811
725,234,90,250.71,0.85276
726,321,101,336.51,1.14461
727,656,-547,854.13,2.90522
728,1046,-474,1148.39,3.90608
729,804,-453,922.84,3.13890
730,430,-387,578.51,1.96771
731,350,-271,442.65,1.50562
732,543,264,603.78,2.05366
733,610,585,845.18,2.87475
734,393,135,415.54,1.41340
735,723,82,727.64,2.47495
736,643,215,677.99,2.30610
737,174,945,960.89,3.26832
738,-492,1169,1268.32,4.31400
739,-859,896,1241.25,4.22193
740,-576,-189,606.22,2.06196
741,313,-510,598.39,2.03534
742,255,180,312.13,1.06167
743,-539,775,944.01,3.21090
744,-1044,715,1265.37,4.30398
745,-1218,630,1371.29,4.66424
746,-596,794,992.80,3.37687
747,-473,519,702.20,2.38845
748,-311,-98,326.08,1.10910
749,-19,-52,55.36,0.18831
750,-162,223,275.63,0.93752
751,-1107,632,1274.71,4.33573
752,-4394,-163,4397.02,14.95586
753,-13164,-5470,14255.24,48.48720
754,-16455,-11447,20044.97,68.18018
755,-10220,-14281,17561.19,59.73194
756,4319,-8906,9898.01,33.66670
757,9367,538,9382.44,31.91305
758,-559,170,584.28,1.98734
759,-10507,-9762,14342.03,48.78240
760,-8131,-16351,18261.12,62.11264
761,99,-12673,12673.39,43.10676
762,2053,-1976,2849.45,9.69202
763,1650,4446,4742.30,16.13027
764,-1560,6362,6550.47,22.28051
765,-4842,1484,5064.31,17.22554
766,-3958,-1665,4293.95,14.60526
767,-1242,-1951,2312.78,7.86661
768,2302,-697,2405.21,8.18097
769,2299,997,2505.88,8.52338
770,-330,1118,1165.69,3.96492
771,-563,1246,1367.29,4.65065
772,213,949,972.61,3.30820
773,449,-422,616.19,2.09587
774,-209,-250,325.85,1.10835
775,-610,859,1053.56,3.58353
776,-1007,1469,1781.01,6.05787
777,-1098,849,1387.95,4.72092
778,418,-695,811.02,2.75856
779,1700,-1373,2185.21,7.43268
780,2181,-300,2201.54,7.48822
781,1299,1253,1804.83,6.13888
782,663,964,1169.98,3.97954
783,1045,576,1193.23,4.05861
784,1807,-114,1810.59,6.15848
785,2400,-606,2475.33,8.41947
786,1467,-739,1642.62,5.58715
787,1210,-23,1210.22,4.11639
788,841,718,1105.81,3.76124
789,848,1063,1359.81,4.62519
790,843,733,1117.11,3.79970
791,698,495,855.70,2.91056
792,627,606,871.99,2.96595
793,605,803,1005.40,3.41974
794,-149,449,473.08,1.60911
795,-406,250,476.80,1.62176
796,-152,645,662.67,2.25397
797,788,591,985.00,3.35034
798,946,417,1033.83,3.51643
799,709,357,793.81,2.70002
800,62,465,469.12,1.59563
801,180,451,485.59,1.65168
802,413,108,426.89,1.45200
803,1167,393,1231.40,4.18842
804,1165,663,1340.45,4.55934
805,928,577,1092.75,3.71685
806,1029,439,1118.73,3.80521
807,1110,294,1148.28,3.90570
808,1228,350,1276.90,4.34321
809,1047,1153,1557.44,5.29741
810,231,1074,1098.56,3.73660
811,126,1446,1451.48,4.93700
812,-94,1330,1333.32,4.53509
813,144,906,917.37,3.12031
814,444,644,782.22,2.66062
815,183,579,607.23,2.06541
816,-95,517,525.66,1.78794
817,76,876,879.29,2.99078
818,15,522,522.22,1.77624
819,856,473,977.99,3.32650
820,1038,463,1136.58,3.86592
821,983,434,1074.54,3.65491
822,841,410,935.62,3.18237
823,683,120,693.46,2.35871
824,384,-104,397.83,1.35318
825,37,113,118.90,0.40443
826,12,282,282.26,0.96005
827,415,607,735.31,2.50104
828,489,952,1070.25,3.64029
829,333,766,835.25,2.84099
830,420,663,784.84,2.66951
831,169,714,733.73,2.49567
832,240,307,389.68,1.32544
833,605,214,641.73,2.18276
834,564,146,582.59,1.98160
835,907,671,1128.22,3.83750
836,746,915,1180.57,4.01554
837,775,546,948.02,3.22456
838,689,487,843.74,2.86985
839,549,715,901.46,3.06618
840,43,594,595.55,2.02570
841,139,140,197.28,0.67103
842,357,-342,494.38,1.68157
843,696,-138,709.55,2.41343
844,526,243,579.42,1.97081
845,376,477,607.38,2.06590
846,269,370,457.45,1.55595
847,306,165,347.65,1.18249
848,110,315,333.65,1.13488
849,24,855,855.34,2.90931
850,-221,752,783.80,2.66599
851,-360,481,600.80,2.04354
# END
# FRAME,71,RX_TS,451274994367,FP_INDEX,751.9375,FP_INT,751,RXPACC,286,RXPWR,-67.41,STD_NOISE,144.00,NTM,13,NOISE_THRESH,1872.00,PEAK_IDX,754,PEAK_AMPL,18497,START,701,elapsed_s,7.3311
sample,real,imag,amplitude,amplitude_norm
701,88,-36,95.08,0.33244
702,-181,97,205.35,0.71802
703,-324,255,412.31,1.44165
704,-158,-59,168.66,0.58971
705,510,-560,757.43,2.64836
706,801,-411,900.29,3.14787
707,452,206,496.73,1.73682
708,-318,443,545.32,1.90671
709,-3,356,356.01,1.24480
710,359,-101,372.94,1.30398
711,863,15,863.13,3.01794
712,763,-117,771.92,2.69902
713,235,-166,287.72,1.00600
714,48,127,135.77,0.47471
715,79,-81,113.15,0.39562
716,297,151,333.18,1.16497
717,120,32,124.19,0.43424
718,337,137,363.78,1.27197
719,92,94,131.53,0.45989
720,59,-298,303.78,1.06218
721,580,-551,800.00,2.79720
722,999,-501,1117.59,3.90765
723,641,-128,653.66,2.28551
724,194,83,211.01,0.73780
725,266,288,392.05,1.37079
726,587,-173,611.96,2.13973
727,982,-368,1048.69,3.66674
728,1005,-224,1029.66,3.60021
729,560,-389,681.85,2.38409
730,467,-219,515.80,1.80350
731,337,206,394.97,1.38103
732,526,569,774.88,2.70937
733,197,369,418.29,1.46257
734,683,346,765.64,2.67706
735,598,170,621.69,2.17376
736,250,750,790.57,2.76423
737,-610,1093,1251.70,4.37657
738,-881,801,1190.70,4.16328
739,-763,-60,765.36,2.67607
740,244,-479,537.57,1.87960
741,420,-25,420.74,1.47113
742,-306,530,611.99,2.13984
743,-1021,493,1133.79,3.96432
744,-1267,308,1303.90,4.55909
745,-899,507,1032.11,3.60877
746,-649,534,840.45,2.93864
747,-429,-53,432.26,1.51140
748,-68,-216,226.45,0.79179
749,-29,75,80.41,0.28116
750,-733,388,829.36,2.89985
751,-2500,-256,2513.07,8.78697
752,-8569,-5335,10094.06,35.29390
753,-13360,-13137,18736.87,65.51353
754,-9678,-16119,18801.22,65.73853
755,1897,-11476,11631.73,40.67039
756,9707,320,9712.27,33.95900
757,3019,2489,3912.73,13.68089
758,-6100,-7453,9631.05,33.67501
759,-6200,-16468,17596.45,61.52605
760,1175,-15148,15193.50,53.12414
761,3239,-4609,5633.29,19.69683
762,899,2641,2789.82,9.75461
763,-1476,6325,6494.94,22.70957
764,-4736,2150,5201.17,18.18592
765,-3993,-2031,4479.84,15.66379
766,-1821,-2606,3179.19,11.11606
767,1466,-938,1740.40,6.08532
768,2697,1083,2906.32,10.16196
769,91,1131,1134.66,3.96733
770,-893,899,1267.14,4.43057
771,-341,1194,1241.74,4.34175
772,405,79,412.63,1.44277
773,-6,-529,529.03,1.84977
774,-525,316,612.77,2.14253
775,-1095,1067,1528.89,5.34578
776,-1406,950,1696.86,5.93308
777,-73,-211,223.27,0.78067
778,1539,-956,1811.76,6.33481
779,2226,-311,2247.62,7.85881
780,1504,1239,1948.62,6.81337
781,456,1257,1337.16,4.67537
782,766,900,1181.84,4.13232
783,1200,405,1266.50,4.42833
784,2330,-95,2331.94,8.15362
785,1686,-634,1801.26,6.29813
786,1179,-259,1207.11,4.22067
787,583,530,787.90,2.75490
788,556,1397,1503.58,5.25726
789,465,1024,1124.63,3.93229
790,655,707,963.78,3.36986
791,274,554,618.05,2.16103
792,497,973,1092.58,3.82022
793,-37,549,550.25,1.92394
794,-335,96,348.48,1.21847
795,-487,252,548.34,1.91726
796,387,704,803.36,2.80895
797,709,719,1009.77,3.53068
798,893,622,1088.27,3.80514
799,103,429,441.19,1.54263
800,-102,559,568.23,1.98682
801,190,361,407.95,1.42639
802,923,393,1003.18,3.50764
803,1098,909,1425.44,4.98406
804,799,689,1055.05,3.68897
805,676,664,947.56,3.31315
806,991,675,1199.04,4.19246
807,866,433,968.22,3.38538
808,1067,1127,1551.97,5.42648
809,118,1138,1144.10,4.00035
810,-187,1216,1230.29,4.30173
811,-381,1391,1442.24,5.04278
812,-201,953,973.97,3.40548
813,192,767,790.67,2.76457
814,276,709,760.83,2.66023
815,-159,478,503.75,1.76137
816,-163,805,821.34,2.87181
817,-192,690,716.22,2.50425
818,434,541,693.57,2.42506
819,837,766,1134.60,3.96715
820,904,617,1094.49,3.82688
821,641,557,849.19,2.96921
822,665,389,770.42,2.69377
823,411,10,411.12,1.43749
824,74,86,113.45,0.39670
825,-33,289,290.88,1.01706
826,55,480,483.14,1.68930
827,316,1031,1078.34,3.77042
828,223,884,911.69,3.18774
829,278,756,805.49,2.81641
830,172,760,779.22,2.72455
831,63,447,451.42,1.57838
832,453,389,597.10,2.08777
833,428,184,465.88,1.62894
834,654,377,754.88,2.63944
835,609,1077,1237.26,4.32608
836,578,686,897.04,3.13650
837,677,729,994.87,3.47857
838,504,793,939.61,3.28535
839,-35,607,608.01,2.12590
840,7,321,321.08,1.12264
841,277,-209,347.00,1.21329
842,626,-153,644.43,2.25324
843,650,207,682.16,2.38519
844,334,472,578.22,2.02175
845,317,510,600.49,2.09962
846,251,233,342.48,1.19747
847,157,233,280.96,0.98237
848,-45,707,708.43,2.47703
849,-341,739,813.88,2.84574
850,-374,387,538.19,1.88177
# END
# FRAME,72,RX_TS,457664791753,FP_INDEX,753.0937,FP_INT,753,RXPACC,300,RXPWR,-67.46,STD_NOISE,156.00,NTM,13,NOISE_THRESH,2028.00,PEAK_IDX,754,PEAK_AMPL,18441,START,703,elapsed_s,7.4368
sample,real,imag,amplitude,amplitude_norm
703,207,-63,216.37,0.72125
704,342,-246,421.28,1.40428
705,253,8,253.13,0.84375
706,-310,671,739.15,2.46383
707,-708,691,989.32,3.29772
708,-497,85,504.22,1.68072
709,279,-393,481.96,1.60655
710,70,-355,361.84,1.20612
711,-150,215,262.15,0.87385
712,-731,232,766.93,2.55644
713,-739,308,800.62,2.66872
714,-174,358,398.05,1.32682
715,-23,-119,121.20,0.40401
716,-5,29,29.43,0.09809
717,-211,-117,241.27,0.80422
718,-69,63,93.43,0.31145
719,-316,-1,316.00,1.05334
720,-83,-17,84.72,0.28241
721,79,261,272.69,0.90898
722,-325,664,739.27,2.46424
723,-835,816,1167.51,3.89170
724,-643,379,746.38,2.48795
725,-251,116,276.51,0.92170
726,-236,-162,286.25,0.95417
727,-455,302,546.10,1.82034
728,-872,647,1085.81,3.61938
729,-1015,448,1109.47,3.69824
730,-467,599,759.53,2.53178
731,-366,435,568.49,1.89497
732,-307,37,309.22,1.03074
733,-626,-387,735.97,2.45322
734,-293,-328,439.81,1.46603
735,-595,-120,606.98,2.02327
736,-616,28,616.64,2.05545
737,-426,-532,681.54,2.27181
738,369,-1093,1153.61,3.84536
739,805,-982,1269.78,4.23261
740,948,-201,969.07,3.23025
741,51,594,596.19,1.98728
742,-445,206,490.37,1.63456
743,211,-468,513.37,1.71122
744,1004,-647,1194.41,3.98138
745,1322,-522,1421.33,4.73775
746,1034,-636,1213.94,4.04647
747,684,-663,952.59,3.17530
748,573,-57,575.83,1.91943
749,190,228,296.79,0.98930
750,83,40,92.14,0.30712
751,644,-454,787.94,2.62647
752,2372,-326,2394.30,7.98099
753,8761,3125,9301.65,31.00551
754,15982,10383,19058.62,63.52874
755,13964,14642,20233.18,67.44392
756,2203,13277,13458.53,44.86176
757,-9569,2878,9992.43,33.30810
758,-4895,-2275,5397.84,17.99279
759,6675,5135,8421.63,28.07210
760,10106,15241,18287.13,60.95712
761,2762,16464,16694.07,55.64690
762,-2426,6976,7385.80,24.61934
763,-1402,-1782,2267.41,7.55802
764,-77,-6554,6554.45,21.84817
765,4225,-3771,5663.13,18.87711
766,4807,1039,4918.00,16.39335
767,2854,2382,3717.42,12.39141
768,-855,1454,1686.75,5.62252
769,-2942,-332,2960.67,9.86891
770,-604,-1133,1283.94,4.27980
771,766,-997,1257.28,4.19095
772,284,-1224,1256.52,4.18839
773,-340,-129,363.65,1.21217
774,26,626,626.54,2.08847
775,485,-196,523.11,1.74369
776,1013,-1174,1550.63,5.16876
777,1458,-1226,1904.95,6.34984
778,517,27,517.70,1.72568
779,-1147,1242,1690.61,5.63538
780,-2109,919,2300.53,7.66844
781,-1846,-811,2016.29,6.72098
782,-687,-1294,1465.06,4.88354
783,-790,-747,1087.25,3.62416
784,-1261,-233,1282.35,4.27448
785,-2284,507,2339.59,7.79865
786,-1747,1091,2059.68,6.86561
787,-1011,719,1240.60,4.13532
788,-522,-136,539.43,1.79809
789,-611,-1123,1278.46,4.26152
790,-549,-947,1094.63,3.64876
791,-761,-485,902.41,3.00804
792,-311,-393,501.17,1.67056
793,-623,-880,1078.21,3.59402
794,-103,-600,608.78,2.02926
795,302,-172,347.55,1.15849
796,577,-226,619.68,2.06560
797,-249,-646,692.33,2.30776
798,-800,-651,1031.41,3.43802
799,-1044,-463,1142.06,3.80687
800,-149,-322,354.80,1.18268
801,83,-472,479.24,1.59747
802,-147,-280,316.24,1.05414
803,-853,-179,871.58,2.90526
804,-1330,-717,1510.96,5.03652
805,-957,-552,1104.79,3.68262
806,-724,-509,885.02,2.95006
807,-1084,-458,1176.78,3.92261
808,-950,-253,983.11,3.27704
809,-1249,-834,1501.85,5.00617
810,-382,-1186,1246.00,4.15334
811,85,-1169,1172.09,3.90695
812,186,-1422,1434.11,4.78038
813,125,-1072,1079.26,3.59754
814,-250,-751,791.52,2.63839
815,-375,-581,691.51,2.30503
816,82,-438,445.61,1.48537
817,150,-688,704.16,2.34721
818,177,-689,711.37,2.37124
819,-388,-337,513.92,1.71306
820,-930,-557,1084.04,3.61348
821,-947,-389,1023.78,3.41261
822,-750,-404,851.89,2.83963
823,-673,-223,708.98,2.36328
824,-364,135,388.23,1.29409
825,-134,31,137.54,0.45846
826,-4,-215,215.04,0.71679
827,-73,-328,336.03,1.12008
828,-472,-875,994.19,3.31396
829,-355,-862,932.24,3.10746
830,-425,-774,883.01,2.94336
831,-346,-781,854.21,2.84737
832,-31,-474,475.01,1.58338
833,-461,-176,493.45,1.64485
834,-522,-49,524.29,1.74765
835,-639,-146,655.47,2.18489
836,-824,-976,1277.32,4.25774
837,-515,-718,883.60,2.94533
838,-686,-541,873.66,2.91219
839,-562,-597,819.91,2.73303
840,-78,-597,602.07,2.00691
841,62,-373,378.12,1.26039
842,-123,268,294.88,0.98293
843,-494,378,622.03,2.07343
844,-565,-23,565.47,1.88489
845,-347,-372,508.72,1.69572
846,-377,-507,631.81,2.10602
847,-263,-190,324.45,1.08151
848,-186,-157,243.40,0.81134
849,-69,-602,605.94,2.01980
850,249,-870,904.93,3.01644
851,446,-473,650.11,2.16704
852,369,-275,460.20,1.53401
# END
# FRAME,73,RX_TS,464054656195,FP_INDEX,752.2500,FP_INT,752,RXPACC,264,RXPWR,-67.25,STD_NOISE,136.00,NTM,13,NOISE_THRESH,1768.00,PEAK_IDX,754,PEAK_AMPL,17156,START,702,elapsed_s,7.5375
sample,real,imag,amplitude,amplitude_norm
702,0,195,195.00,0.73864
703,96,382,393.88,1.49196
704,-64,259,266.79,1.01057
705,-259,-438,508.85,1.92745
706,-93,-819,824.26,3.12221
707,298,-402,500.41,1.89548
708,240,405,470.77,1.78322
709,299,257,394.27,1.49345
710,27,-174,176.08,0.66698
711,291,-633,696.68,2.63896
712,258,-661,709.57,2.68775
713,-102,-395,407.96,1.54529
714,96,4,96.08,0.36395
715,-75,-1,75.01,0.28412
716,200,-74,213.25,0.80777
717,104,-4,104.08,0.39423
718,255,-207,328.44,1.24410
719,112,-59,126.59,0.47951
720,-187,-37,190.63,0.72207
721,-238,-538,588.29,2.22838
722,-69,-990,992.40,3.75910
723,183,-627,653.16,2.47409
724,99,-144,174.75,0.66193
725,282,-64,289.17,1.09535
726,92,-367,378.36,1.43317
727,82,-917,920.66,3.48734
728,272,-938,976.64,3.69940
729,-53,-607,609.31,2.30799
730,-17,-435,435.33,1.64899
731,204,-169,264.91,1.00344
732,659,-162,678.62,2.57053
733,466,30,466.96,1.76881
734,453,-331,561.04,2.12517
735,382,-440,582.69,2.20715
736,631,-27,631.58,2.39234
737,692,784,1045.72,3.96104
738,371,1105,1165.62,4.41522
739,-202,911,933.13,3.53457
740,-432,-193,473.15,1.79224
741,68,-415,420.53,1.59293
742,328,308,449.94,1.70433
743,90,1004,1008.03,3.81828
744,-254,1222,1248.12,4.72772
745,-17,1080,1080.13,4.09142
746,254,876,912.08,3.45485
747,-143,473,494.14,1.87176
748,-272,93,287.46,1.08886
749,-39,62,73.25,0.27745
750,79,639,643.86,2.43888
751,-744,1707,1862.09,7.05338
752,-5926,4404,7383.27,27.96694
753,-14699,6185,15947.25,60.40626
754,-16497,2899,16749.78,63.44614
755,-11217,-4744,12178.94,46.13235
756,2297,-8454,8760.50,33.18370
757,4702,-2851,5498.82,20.82886
758,-6019,2008,6345.11,24.03451
759,-15511,-247,15512.97,58.76124
760,-13660,-6212,15006.15,56.84148
761,-4174,-5621,7001.28,26.52000
762,1771,-364,1808.02,6.84856
763,4906,3129,5818.89,22.04125
764,985,4955,5051.96,19.13619
765,-2991,3124,4324.98,16.38250
766,-3166,987,3316.28,12.56167
767,-747,-1209,1421.16,5.38317
768,1769,-2004,2673.08,10.12532
769,1319,-3,1319.00,4.99622
770,363,1014,1077.02,4.07961
771,861,931,1268.10,4.80342
772,432,-62,436.43,1.65313
773,-330,-314,455.52,1.72544
774,-90,441,450.09,1.70489
775,377,1283,1337.24,5.06531
776,236,1676,1692.53,6.41111
777,-190,486,521.82,1.97659
778,-226,-1334,1353.01,5.12503
779,446,-1941,1991.58,7.54387
780,1534,-977,1818.70,6.88903
781,1378,174,1388.94,5.26114
782,1022,-137,1031.14,3.90584
783,885,-680,1116.08,4.22756
784,1003,-1779,2042.27,7.73586
785,367,-1805,1841.93,6.97702
786,204,-1166,1183.71,4.48375
787,616,-463,770.60,2.91894
788,1234,-89,1237.21,4.68638
789,1122,12,1122.06,4.25024
790,921,-304,969.87,3.67377
791,493,-15,493.23,1.86829
792,938,-40,938.85,3.55626
793,567,276,630.61,2.38866
794,43,301,304.06,1.15173
795,-51,542,544.39,2.06210
796,647,177,670.77,2.54081
797,889,-183,907.64,3.43803
798,910,-462,1020.56,3.86576
799,438,51,440.96,1.67030
800,398,346,527.37,1.99762
801,411,111,425.73,1.61260
802,544,-473,720.88,2.73060
803,1222,-442,1299.48,4.92227
804,1008,-276,1045.10,3.95872
805,842,-244,876.64,3.32061
806,990,-547,1131.07,4.28434
807,704,-496,861.18,3.26205
808,1260,-431,1331.68,5.04423
809,1172,330,1217.57,4.61202
810,847,672,1081.20,4.09545
811,1020,873,1342.58,5.08554
812,717,671,982.00,3.71971
813,677,250,721.68,2.73365
814,698,8,698.05,2.64411
815,352,309,468.39,1.77419
816,461,421,624.31,2.36481
817,518,486,710.30,2.69051
818,509,-34,510.13,1.93233
819,1014,-323,1064.20,4.03107
820,886,-423,981.80,3.71893
821,788,-276,834.94,3.16264
822,606,-294,673.55,2.55133
823,168,-340,379.24,1.43652
824,79,-135,156.42,0.59249
825,163,66,175.86,0.66612
826,295,148,330.04,1.25017
827,891,130,900.43,3.41073
828,803,262,844.66,3.19948
829,718,187,741.95,2.81042
830,728,157,744.74,2.82097
831,434,179,469.46,1.77828
832,452,-186,488.77,1.85142
833,443,-219,494.18,1.87188
834,490,-303,576.12,2.18226
835,1170,-32,1170.44,4.43348
836,792,-27,792.46,3.00174
837,779,-270,824.46,3.12297
838,776,-148,789.99,2.99238
839,564,244,614.52,2.32772
840,350,260,436.00,1.65153
841,-63,-180,190.71,0.72237
842,26,-450,450.75,1.70739
843,384,-370,533.25,2.01989
844,444,-101,455.34,1.72478
845,576,-20,576.35,2.18313
846,313,-43,315.94,1.19674
847,259,4,259.03,0.98118
848,489,330,589.93,2.23459
849,522,684,860.43,3.25920
850,203,597,630.57,2.38852
851,1,435,435.00,1.64773
# END
# FRAME,74,RX_TS,470444453533,FP_INDEX,752.0312,FP_INT,752,RXPACC,270,RXPWR,-67.19,STD_NOISE,132.00,NTM,13,NOISE_THRESH,1716.00,PEAK_IDX,753,PEAK_AMPL,17676,START,702,elapsed_s,7.6252
sample,real,imag,amplitude,amplitude_norm
702,-219,102,241.59,0.89477
703,-399,111,414.15,1.53390
704,-86,-90,124.48,0.46105
705,685,-381,783.83,2.90307
706,845,-126,854.34,3.16423
707,284,330,435.38,1.61252
708,-383,380,539.53,1.99825
709,-56,314,318.95,1.18131
710,471,19,471.38,1.74586
711,807,234,840.24,3.11200
712,703,-14,703.14,2.60422
713,184,-36,187.49,0.69440
714,11,118,118.51,0.43893
715,125,-6,125.14,0.46350
716,206,277,345.20,1.27853
717,116,29,119.57,0.44285
718,235,200,308.59,1.14291
719,50,108,119.01,0.44079
720,156,-256,299.79,1.11032
721,770,-310,830.06,3.07430
722,1071,-139,1079.98,3.99993
723,652,-9,652.06,2.41505
724,151,144,208.66,0.77280
725,207,272,341.81,1.26596
726,710,-125,720.92,2.67007
727,1098,-54,1099.33,4.07158
728,1021,21,1021.22,3.78228
729,614,-143,630.43,2.33493
730,489,-75,494.72,1.83229
731,254,241,350.14,1.29681
732,299,681,743.75,2.75462
733,121,297,320.70,1.18779
734,528,438,686.02,2.54083
735,582,364,686.45,2.54242
736,-25,788,788.40,2.91999
737,-827,748,1115.09,4.12997
738,-1017,449,1111.71,4.11743
739,-628,-300,695.98,2.57769
740,420,-352,548.00,2.02963
741,357,188,403.48,1.49436
742,-448,432,622.36,2.30503
743,-1059,173,1073.04,3.97421
744,-1226,-85,1228.94,4.55164
745,-902,294,948.70,3.51372
746,-723,354,805.01,2.98153
747,-327,-148,358.93,1.32938
748,-23,-207,208.27,0.77138
749,-90,48,102.00,0.37778
750,-912,44,913.06,3.38171
751,-2523,-1231,2807.29,10.39738
752,-7056,-8291,10887.05,40.32240
753,-8563,-15544,17746.57,65.72805
754,-3627,-16338,16735.75,61.98427
755,5828,-8159,10026.71,37.13596
756,8393,3812,9218.12,34.14120
757,1060,2064,2320.28,8.59363
758,-3948,-9916,10673.04,39.52977
759,-546,-16482,16491.04,61.07793
760,5463,-12265,13426.64,49.72829
761,3475,-2196,4110.72,15.22490
762,-166,3190,3194.32,11.83080
763,-3483,5161,6226.33,23.06049
764,-4742,14,4742.02,17.56304
765,-2830,-3038,4151.91,15.37744
766,-732,-2608,2708.78,10.03252
767,1787,-133,1791.94,6.63682
768,1996,1847,2719.45,10.07205
769,-347,944,1005.76,3.72502
770,-946,592,1115.97,4.13321
771,-458,1017,1115.37,4.13100
772,460,34,461.25,1.70835
773,59,-485,488.58,1.80954
774,-703,151,719.03,2.66309
775,-1396,632,1532.40,5.67554
776,-1589,305,1618.01,5.99262
777,134,-312,339.56,1.25762
778,1791,-395,1834.04,6.79274
779,2048,553,2121.35,7.85684
780,797,1594,1782.15,6.60054
781,81,1218,1220.69,4.52108
782,594,1020,1180.35,4.37168
783,1233,678,1407.12,5.21154
784,2255,545,2319.92,8.59231
785,1709,-176,1718.04,6.36311
786,1062,162,1074.28,3.97883
787,367,773,855.70,3.16925
788,211,1413,1428.67,5.29136
789,270,957,994.36,3.68281
790,354,623,716.55,2.65389
791,146,553,571.95,2.11833
792,251,973,1004.85,3.72168
793,-208,423,471.37,1.74583
794,-304,3,304.01,1.12598
795,-510,241,564.08,2.08917
796,260,806,846.90,3.13666
797,475,868,989.47,3.66470
798,513,751,909.49,3.36848
799,-124,357,377.92,1.39971
800,-193,442,482.30,1.78630
801,144,384,410.11,1.51893
802,711,708,1003.39,3.71625
803,691,1122,1317.71,4.88041
804,549,838,1001.82,3.71045
805,524,810,964.72,3.57302
806,756,889,1166.99,4.32217
807,818,712,1084.47,4.01654
808,600,1467,1584.96,5.87021
809,-249,1037,1066.48,3.94991
810,-475,1058,1159.74,4.29532
811,-687,1084,1283.36,4.75320
812,-344,831,899.39,3.33106
813,35,692,692.88,2.56624
814,-53,617,619.27,2.29360
815,-313,346,466.57,1.72803
816,-301,656,721.76,2.67318
817,-213,501,544.40,2.01629
818,418,681,799.05,2.95945
819,526,960,1094.66,4.05429
820,571,870,1040.64,3.85424
821,463,695,835.10,3.09297
822,470,390,610.74,2.26199
823,385,41,387.18,1.43399
824,118,81,143.13,0.53010
825,-107,250,271.94,1.00717
826,-10,532,532.09,1.97072
827,12,933,933.08,3.45584
828,-8,800,800.04,2.96311
829,152,799,813.33,3.01233
830,-11,742,742.08,2.74845
831,33,361,362.51,1.34261
832,437,375,575.84,2.13275
833,396,320,509.13,1.88568
834,450,727,855.00,3.16668
835,236,1136,1160.26,4.29724
836,327,793,857.78,3.17694
837,369,767,851.15,3.15239
838,254,772,812.71,3.01004
839,-159,534,557.17,2.06359
840,32,279,280.83,1.04011
841,360,-103,374.44,1.38683
842,601,94,608.31,2.25299
843,435,418,603.28,2.23438
844,41,489,490.72,1.81747
845,120,501,515.17,1.90804
846,214,359,417.94,1.54794
847,54,286,291.05,1.07798
848,-237,678,718.23,2.66011
849,-522,540,751.06,2.78169
850,-549,216,589.96,2.18505
851,-229,26,230.47,0.85360
# END
# FRAME,75,RX_TS,476834250833,FP_INDEX,751.3437,FP_INT,751,RXPACC,264,RXPWR,-67.68,STD_NOISE,136.00,NTM,13,NOISE_THRESH,1768.00,PEAK_IDX,753,PEAK_AMPL,17295,START,701,elapsed_s,7.7368
sample,real,imag,amplitude,amplitude_norm
701,-58,124,136.89,0.51854
702,-61,383,387.83,1.46904
703,-158,287,327.62,1.24097
704,-78,-378,385.96,1.46198
705,163,-811,827.22,3.13340
706,431,-394,583.95,2.21193
707,117,430,445.63,1.68800
708,175,463,494.97,1.87488
709,127,-65,142.67,0.54041
710,480,-510,700.36,2.65287
711,544,-519,751.86,2.84796
712,146,-401,426.75,1.61648
713,121,44,128.75,0.48770
714,-5,48,48.26,0.18280
715,222,-27,223.64,0.84711
716,156,13,156.54,0.59296
717,241,-63,249.10,0.94355
718,143,60,155.08,0.58741
719,-60,-38,71.02,0.26902
720,-85,-439,447.15,1.69376
721,255,-950,983.63,3.72587
722,536,-675,861.93,3.26488
723,249,-199,318.75,1.20739
724,263,88,277.33,1.05050
725,295,-197,354.73,1.34368
726,385,-829,914.04,3.46227
727,657,-847,1071.94,4.06038
728,236,-716,753.89,2.85565
729,185,-482,516.28,1.95562
730,217,-174,278.15,1.05358
731,632,28,632.62,2.39629
732,550,280,617.17,2.33777
733,475,-79,481.52,1.82396
734,558,-234,605.08,2.29196
735,670,81,674.88,2.55636
736,455,910,1017.41,3.85383
737,-47,1155,1155.96,4.37862
738,-473,858,979.74,3.71114
739,-394,-240,461.34,1.74751
740,216,-453,501.86,1.90099
741,269,293,397.76,1.50665
742,-232,912,941.05,3.56457
743,-609,1011,1180.26,4.47066
744,-566,976,1128.24,4.27365
745,-115,962,968.85,3.66988
746,-304,511,594.59,2.25223
747,-249,-4,249.03,0.94330
748,5,-12,13.00,0.04924
749,-88,492,499.81,1.89321
750,-946,1171,1505.38,5.70218
751,-5548,1821,5839.21,22.11821
752,-14506,263,14508.38,54.95600
753,-16463,-3517,16834.48,63.76696
754,-10805,-8411,13692.81,51.86669
755,3438,-7846,8566.19,32.44768
756,6709,-1671,6913.97,26.18926
757,-3846,35,3846.16,14.56878
758,-13777,-5188,14721.45,55.76307
759,-11517,-10727,15738.80,59.61666
760,-2914,-8342,8836.31,33.47087
761,1396,-707,1564.82,5.92735
762,3266,4053,5205.15,19.71647
763,-116,5370,5371.25,20.34566
764,-3763,2228,4373.12,16.56484
765,-3516,-187,3520.97,13.33700
766,-886,-1252,1533.79,5.80980
767,2096,-1324,2479.15,9.39073
768,1690,228,1705.31,6.45951
769,44,991,991.98,3.75749
770,294,1205,1240.35,4.69828
771,430,341,548.80,2.07879
772,-89,-460,468.53,1.77474
773,-342,173,383.27,1.45177
774,-166,1191,1202.51,4.55497
775,-438,1664,1720.68,6.51773
776,-483,746,888.71,3.36632
777,191,-1112,1128.28,4.27380
778,1046,-1697,1993.47,7.55102
779,1812,-519,1884.86,7.13963
780,1391,652,1536.22,5.81903
781,941,334,998.52,3.78226
782,1066,-146,1075.95,4.07557
783,1495,-1055,1829.77,6.93094
784,1253,-1453,1918.65,7.26761
785,619,-1053,1221.46,4.62675
786,641,-314,713.78,2.70370
787,971,395,1048.27,3.97071
788,1010,540,1145.29,4.33824
789,939,124,947.15,3.58770
790,459,140,479.88,1.81771
791,739,309,801.00,3.03409
792,540,473,717.86,2.71918
793,-28,341,342.15,1.29601
794,-297,385,486.24,1.84184
795,364,477,600.02,2.27281
796,918,165,932.71,3.53299
797,1038,-60,1039.73,3.93838
798,493,165,519.88,1.96924
799,213,466,512.37,1.94080
800,312,367,481.70,1.82461
801,528,-66,532.11,2.01556
802,1269,-26,1269.27,4.80783
803,1126,174,1139.36,4.31578
804,906,127,914.86,3.46537
805,1091,-79,1093.86,4.14340
806,927,-197,947.70,3.58978
807,1302,-108,1306.47,4.94876
808,1114,620,1274.91,4.82921
809,539,882,1033.66,3.91536
810,617,1192,1342.22,5.08416
811,371,882,956.85,3.62444
812,576,499,762.09,2.88669
813,671,282,727.85,2.75701
814,253,428,497.19,1.88328
815,126,587,600.37,2.27413
816,277,728,778.92,2.95045
817,368,259,450.01,1.70457
818,1011,133,1019.71,3.86254
819,1006,18,1006.16,3.81122
820,905,30,905.50,3.42991
821,726,-18,726.22,2.75084
822,392,-241,460.16,1.74302
823,186,-155,242.12,0.91711
824,126,94,157.20,0.59546
825,188,173,255.49,0.96775
826,718,383,813.76,3.08244
827,766,527,929.78,3.52188
828,647,480,805.61,3.05156
829,661,380,762.44,2.88805
830,348,405,533.97,2.02263
831,438,55,441.44,1.67212
832,579,-115,590.31,2.23602
833,528,-155,550.28,2.08440
834,1027,274,1062.92,4.02622
835,838,323,898.09,3.40187
836,871,109,877.79,3.32498
837,854,170,870.76,3.29832
838,588,406,714.55,2.70662
839,259,381,460.70,1.74507
840,149,-79,168.65,0.63882
841,138,-424,445.89,1.68899
842,534,-297,611.04,2.31453
843,508,22,508.48,1.92605
844,491,213,535.21,2.02731
845,325,129,349.67,1.32449
846,330,81,339.80,1.28710
847,309,400,505.45,1.91459
848,302,772,828.97,3.14003
849,-20,671,671.30,2.54280
850,-126,461,477.91,1.81026
# END
# FRAME,76,RX_TS,483224038392,FP_INDEX,749.2031,FP_INT,749,RXPACC,289,RXPWR,-67.45,STD_NOISE,144.00,NTM,13,NOISE_THRESH,1872.00,PEAK_IDX,751,PEAK_AMPL,18738,START,699,elapsed_s,7.8396
sample,real,imag,amplitude,amplitude_norm
699,206,12,206.35,0.71401
700,404,-231,465.38,1.61031
701,309,8,309.10,1.06956
702,-303,521,602.70,2.08547
703,-756,577,951.03,3.29077
704,-566,-26,566.60,1.96054
705,312,-426,528.03,1.82711
706,111,-435,448.94,1.55342
707,-150,135,201.80,0.69828
708,-752,180,773.24,2.67558
709,-835,155,849.26,2.93863
710,-278,321,424.65,1.46937
711,14,-60,61.61,0.21319
712,39,91,99.01,0.34258
713,-168,-109,200.26,0.69295
714,1,-8,8.06,0.02790
715,-256,-72,265.93,0.92018
716,-27,-44,51.62,0.17863
717,48,224,229.09,0.79268
718,-345,538,639.12,2.21147
719,-896,630,1095.32,3.79002
720,-712,195,738.22,2.55439
721,-193,59,201.82,0.69833
722,-194,-218,291.82,1.00976
723,-482,111,494.62,1.71147
724,-909,432,1006.43,3.48246
725,-1060,215,1081.58,3.74251
726,-542,433,693.72,2.40043
727,-372,289,471.07,1.62999
728,-286,57,291.62,1.00908
729,-442,-449,630.05,2.18011
730,-146,-396,422.06,1.46040
731,-544,-202,580.29,2.00793
732,-592,-104,601.07,2.07981
733,-384,-586,700.61,2.42425
734,456,-990,1089.97,3.77152
735,918,-790,1211.13,4.19074
736,1013,-85,1016.56,3.51751
737,5,663,663.02,2.29418
738,-399,182,438.55,1.51747
739,204,-391,441.02,1.52601
740,999,-498,1116.25,3.86244
741,1330,-300,1363.41,4.71770
742,1088,-398,1158.51,4.00869
743,743,-578,941.35,3.25725
744,567,-17,567.25,1.96282
745,194,297,354.75,1.22750
746,34,77,84.17,0.29125
747,607,-277,667.22,2.30871
748,2053,0,2053.00,7.10381
749,7126,3772,8062.75,27.89877
750,13311,12006,17925.59,62.02626
751,11372,16012,19639.41,67.95644
752,875,13645,13673.03,47.31151
753,-9438,1866,9620.70,33.28961
754,-5015,-3246,5973.84,20.67072
755,4835,5022,6971.21,24.12182
756,7372,15686,17331.96,59.97220
757,464,16448,16454.54,56.93613
758,-3560,7021,7871.98,27.23868
759,-1078,-1404,1770.11,6.12496
760,831,-6153,6208.86,21.48395
761,4502,-3327,5597.94,19.37004
762,4533,1645,4822.25,16.68599
763,2532,2744,3733.71,12.91940
764,-810,1377,1597.57,5.52792
765,-2818,-692,2901.72,10.04056
766,-663,-1188,1360.48,4.70755
767,807,-767,1113.35,3.85241
768,480,-1158,1253.54,4.33751
769,-232,-319,394.44,1.36485
770,-143,555,573.13,1.98314
771,516,38,517.40,1.79030
772,1105,-811,1370.67,4.74282
773,1582,-962,1851.53,6.40668
774,687,-100,694.24,2.40221
775,-1170,917,1486.54,5.14372
776,-2140,583,2217.99,7.67471
777,-1690,-996,1961.66,6.78776
778,-545,-1401,1503.27,5.20163
779,-655,-864,1084.21,3.75161
780,-1109,-505,1218.57,4.21650
781,-2201,-124,2204.49,7.62799
782,-1843,574,1930.32,6.67930
783,-1014,497,1129.25,3.90744
784,-520,-232,569.41,1.97027
785,-443,-1223,1300.76,4.50090
786,-465,-1032,1131.92,3.91669
787,-637,-556,845.52,2.92568
788,-192,-319,372.32,1.28832
789,-393,-812,902.10,3.12147
790,53,-643,645.18,2.23246
791,310,-187,362.03,1.25271
792,540,-169,565.83,1.95788
793,-72,-656,659.94,2.28353
794,-585,-728,933.92,3.23156
795,-846,-645,1063.83,3.68108
796,-108,-365,380.64,1.31710
797,156,-451,477.22,1.65127
798,-50,-379,382.28,1.32278
799,-653,-215,687.48,2.37884
800,-1121,-889,1430.72,4.95059
801,-720,-716,1015.41,3.51353
802,-579,-669,884.76,3.06146
803,-927,-640,1126.47,3.89781
804,-863,-376,941.35,3.25728
805,-1056,-939,1413.10,4.88963
806,-155,-1189,1199.06,4.14900
807,309,-1084,1127.18,3.90028
808,340,-1377,1418.35,4.90780
809,183,-908,926.26,3.20504
810,-148,-751,765.44,2.64860
811,-275,-671,725.17,2.50923
812,244,-475,534.00,1.84777
813,226,-565,608.52,2.10562
814,217,-630,666.33,2.30562
815,-205,-348,403.89,1.39755
816,-791,-782,1112.30,3.84878
817,-740,-666,995.57,3.44487
818,-686,-566,889.35,3.07735
819,-666,-373,763.34,2.64131
820,-442,72,447.83,1.54957
821,-242,-10,242.21,0.83808
822,70,-168,182.00,0.62976
823,1,-330,330.00,1.14187
824,-282,-882,925.98,3.20410
825,-130,-875,884.60,3.06091
826,-161,-712,729.98,2.52587
827,-183,-663,687.79,2.37990
828,-12,-414,414.17,1.43313
829,-381,-266,464.67,1.60785
830,-434,-245,498.38,1.72449
831,-527,-285,599.13,2.07311
832,-598,-1040,1199.67,4.15110
833,-400,-744,844.71,2.92287
834,-605,-670,902.73,3.12364
835,-449,-660,798.25,2.76211
836,-42,-586,587.50,2.03288
837,41,-437,438.92,1.51875
838,-164,161,229.82,0.79522
839,-477,304,565.64,1.95722
840,-589,-77,594.01,2.05540
841,-134,-306,334.05,1.15590
842,-177,-499,529.46,1.83205
843,-109,-241,264.50,0.91524
844,-112,-218,245.09,0.84805
845,38,-553,554.30,1.91801
846,347,-771,845.49,2.92556
847,508,-435,668.80,2.31418
848,399,-150,426.26,1.47496
# END
# FRAME,77,RX_TS,489613835666,FP_INDEX,747.8594,FP_INT,747,RXPACC,273,RXPWR,-67.13,STD_NOISE,140.00,NTM,13,NOISE_THRESH,1820.00,PEAK_IDX,750,PEAK_AMPL,17381,START,697,elapsed_s,7.9429
sample,real,imag,amplitude,amplitude_norm
697,39,-45,59.55,0.21813
698,-204,146,250.86,0.91891
699,-352,161,387.07,1.41785
700,-27,-176,178.06,0.65223
701,621,-533,818.37,2.99769
702,771,-183,792.42,2.90264
703,212,316,380.53,1.39387
704,-303,446,539.19,1.97505
705,-4,302,302.03,1.10632
706,495,-55,498.05,1.82434
707,891,48,892.29,3.26847
708,743,-239,780.49,2.85895
709,240,-109,263.59,0.96554
710,69,95,117.41,0.43009
711,137,2,137.01,0.50188
712,247,179,305.04,1.11737
713,104,23,106.51,0.39016
714,227,144,268.82,0.98469
715,85,127,152.82,0.55978
716,96,-339,352.33,1.29059
717,702,-472,845.92,3.09862
718,1023,-341,1078.34,3.94995
719,491,-81,497.64,1.82284
720,144,124,190.03,0.69609
721,251,221,334.43,1.22501
722,703,-233,740.61,2.71284
723,1005,-175,1020.12,3.73671
724,878,-178,895.86,3.28154
725,493,-278,565.98,2.07319
726,458,-190,495.85,1.81629
727,335,216,398.60,1.46007
728,436,635,770.27,2.82151
729,234,264,352.78,1.29223
730,581,301,654.34,2.39685
731,547,287,617.72,2.26271
732,100,869,874.73,3.20416
733,-641,953,1148.52,4.20702
734,-912,632,1109.58,4.06440
735,-629,-219,666.03,2.43969
736,390,-415,569.50,2.08606
737,301,106,319.12,1.16893
738,-510,525,731.93,2.68107
739,-1070,408,1145.15,4.19468
740,-1265,177,1277.32,4.67884
741,-877,509,1014.01,3.71431
742,-655,443,790.74,2.89649
743,-384,-131,405.73,1.48619
744,-44,-119,126.87,0.46474
745,-124,127,177.50,0.65017
746,-926,253,959.94,3.51626
747,-3072,-885,3196.94,11.71039
748,-9108,-7340,11697.49,42.84795
749,-11637,-14207,18364.60,67.26960
750,-6496,-15770,17055.52,62.47445
751,4692,-8530,9735.28,35.66038
752,8792,2551,9154.61,33.53337
753,866,1257,1526.44,5.59134
754,-6114,-9955,11682.59,42.79339
755,-3501,-16490,16857.55,61.74928
756,3228,-12781,13182.33,48.28694
757,2728,-2481,3687.46,13.50717
758,283,3488,3499.46,12.81854
759,-2684,5637,6243.37,22.86947
760,-4766,635,4808.12,17.61215
761,-3259,-2485,4098.33,15.01220
762,-920,-2286,2464.18,9.02631
763,1941,-260,1958.34,7.17339
764,2224,1515,2690.99,9.85709
765,-207,955,977.18,3.57940
766,-794,779,1112.33,4.07447
767,-241,959,988.82,3.62205
768,479,-124,494.79,1.81242
769,-101,-442,453.39,1.66078
770,-722,381,816.36,2.99033
771,-1330,902,1607.02,5.88651
772,-1464,650,1601.81,5.86744
773,212,-327,389.71,1.42751
774,1716,-678,1845.09,6.75855
775,2124,312,2146.79,7.86371
776,1001,1498,1801.67,6.59951
777,340,1110,1160.90,4.25240
778,824,851,1184.56,4.33904
779,1432,338,1471.35,5.38956
780,2281,-218,2291.39,8.39338
781,1520,-715,1679.77,6.15300
782,933,-324,987.66,3.61779
783,421,769,876.70,3.21135
784,500,1509,1589.68,5.82300
785,534,962,1100.27,4.03030
786,462,448,643.54,2.35730
787,266,515,579.64,2.12322
788,386,969,1043.05,3.82070
789,-152,475,498.73,1.82684
790,-258,25,259.21,0.94948
791,-396,372,543.32,1.99019
792,404,851,942.03,3.45065
793,710,783,1056.97,3.87169
794,605,684,913.17,3.34495
795,-94,439,448.95,1.64451
796,-48,526,528.19,1.93475
797,234,323,398.85,1.46101
798,998,580,1154.30,4.22820
799,950,876,1292.24,4.73347
800,689,700,982.20,3.59781
801,671,667,946.11,3.46562
802,937,704,1172.00,4.29304
803,920,524,1058.76,3.87825
804,773,1214,1439.21,5.27183
805,-151,1066,1076.64,3.94374
806,-373,1211,1267.14,4.64155
807,-415,1195,1265.01,4.63374
808,-46,918,919.15,3.36686
809,302,776,832.69,3.05016
810,86,684,689.39,2.52522
811,-245,466,526.48,1.92850
812,-139,769,781.46,2.86250
813,-53,502,504.79,1.84905
814,631,551,837.71,3.06854
815,778,747,1078.56,3.95077
816,779,763,1090.42,3.99420
817,622,616,875.41,3.20662
818,555,337,649.30,2.37840
819,398,12,398.18,1.45854
820,70,79,105.55,0.38663
821,-68,261,269.71,0.98796
822,94,529,537.29,1.96808
823,193,949,968.43,3.54735
824,118,774,782.94,2.86792
825,241,689,729.93,2.67375
826,91,707,712.83,2.61111
827,49,370,373.23,1.36714
828,458,248,520.83,1.90782
829,442,187,479.93,1.75799
830,618,645,893.28,3.27209
831,390,1128,1193.52,4.37186
832,432,721,840.51,3.07881
833,442,601,746.03,2.73272
834,357,758,837.86,3.06909
835,-149,542,562.11,2.05900
836,44,159,164.98,0.60431
837,272,-205,340.60,1.24762
838,599,-9,599.07,2.19439
839,461,367,589.25,2.15841
840,178,523,552.46,2.02367
841,158,453,479.76,1.75738
842,228,273,355.69,1.30288
843,65,322,328.50,1.20328
844,-196,789,812.98,2.97795
845,-461,647,794.44,2.91003
846,-478,314,571.91,2.09490
# END
# FRAME,78,RX_TS,496003632899,FP_INDEX,753.8750,FP_INT,753,RXPACC,266,RXPWR,-67.18,STD_NOISE,152.00,NTM,13,NOISE_THRESH,1976.00,PEAK_IDX,755,PEAK_AMPL,17285,START,703,elapsed_s,8.0398
sample,real,imag,amplitude,amplitude_norm
703,106,11,106.57,0.40064
704,-205,-106,230.78,0.86761
705,-281,-135,311.75,1.17198
706,87,-121,149.03,0.56026
707,755,122,764.79,2.87516
708,745,397,844.18,3.17360
709,52,334,338.02,1.27077
710,-485,34,486.19,1.82778
711,-153,169,227.97,0.85703
712,413,288,503.50,1.89286
713,563,661,868.27,3.26417
714,615,375,720.31,2.70794
715,218,72,229.58,0.86309
716,-36,60,69.97,0.26305
717,52,106,118.07,0.44386
718,80,338,347.34,1.30578
719,81,85,117.41,0.44141
720,86,361,371.10,1.39512
721,-15,91,92.23,0.34672
722,290,-141,322.46,1.21226
723,770,148,784.09,2.94772
724,893,533,1039.97,3.90966
725,456,284,537.21,2.01958
726,54,176,184.10,0.69210
727,6,338,338.05,1.27088
728,612,304,683.34,2.56897
729,865,638,1074.83,4.04073
730,788,608,995.29,3.74170
731,556,203,591.90,2.22519
732,422,226,478.71,1.79965
733,72,342,349.50,1.31390
734,-176,684,706.28,2.65519
735,-28,320,321.22,1.20760
736,208,671,702.50,2.64097
737,226,630,669.31,2.51620
738,-484,562,741.69,2.78830
739,-1049,90,1052.85,3.95810
740,-1036,-273,1071.37,4.02769
741,-249,-626,673.70,2.53272
742,579,-6,579.03,2.17681
743,170,331,372.10,1.39889
744,-584,-10,584.09,2.19581
745,-903,-541,1052.66,3.95736
746,-952,-826,1260.39,4.73830
747,-883,-355,951.69,3.57778
748,-730,-246,770.34,2.89600
749,-133,-343,367.88,1.38302
750,91,-118,149.01,0.56020
751,-100,-21,102.18,0.38414
752,-756,-493,902.54,3.39302
753,-1224,-2632,2902.69,10.91236
754,-466,-10579,10589.26,39.80924
755,3063,-16458,16740.60,62.93459
756,7499,-14779,16572.68,62.30332
757,9542,-2857,9960.53,37.44561
758,4275,7963,9037.97,33.97735
759,-388,2155,2189.65,8.23177
760,3073,-10117,10573.41,39.74966
761,9899,-13337,16609.21,62.44063
762,11711,-6251,13274.88,49.90558
763,4053,388,4071.53,15.30650
764,-2117,2378,3183.80,11.96917
765,-5818,1917,6125.68,23.02889
766,-3665,-2890,4667.37,17.54650
767,-319,-4030,4042.61,15.19777
768,1048,-2395,2614.25,9.82803
769,1433,1009,1752.59,6.58868
770,478,2628,2671.12,10.04179
771,-758,564,944.81,3.55191
772,-997,-53,998.41,3.75341
773,-880,468,996.71,3.74702
774,334,261,423.88,1.59355
775,320,-343,469.09,1.76351
776,-649,-339,732.20,2.75265
777,-1467,-437,1530.71,5.75453
778,-1395,-791,1603.65,6.02877
779,284,-172,332.02,1.24821
780,1628,742,1789.12,6.72601
781,1242,1674,2084.43,7.83620
782,-338,1831,1861.94,6.99976
783,-662,1027,1221.87,4.59351
784,-114,1164,1169.57,4.39688
785,586,1319,1443.31,5.42599
786,1445,1878,2369.58,8.90819
787,1477,892,1725.45,6.48667
788,851,674,1085.58,4.08112
789,-146,785,798.46,3.00174
790,-733,1147,1361.21,5.11734
791,-390,886,968.04,3.63924
792,-37,721,721.95,2.71409
793,-169,532,558.20,2.09849
794,-412,931,1018.09,3.82740
795,-364,206,418.25,1.57236
796,-190,-120,224.72,0.84482
797,-445,-63,449.44,1.68961
798,-334,738,810.06,3.04534
799,-114,882,889.34,3.34337
800,-103,872,878.06,3.30099
801,-366,231,432.80,1.62707
802,-380,283,473.80,1.78121
803,-63,327,333.01,1.25193
804,143,982,992.36,3.73067
805,-122,1325,1330.60,5.00227
806,-42,999,999.88,3.75896
807,-66,839,841.59,3.16388
808,81,1110,1112.95,4.18403
809,209,958,980.53,3.68621
810,-396,1366,1422.24,5.34677
811,-819,594,1011.73,3.80350
812,-1009,466,1111.41,4.17824
813,-1152,473,1245.32,4.68167
814,-715,474,857.85,3.22499
815,-361,643,737.41,2.77221
816,-335,544,638.87,2.40179
817,-390,175,427.46,1.60701
818,-620,414,745.52,2.80270
819,-483,265,550.92,2.07113
820,-75,721,724.89,2.72515
821,-76,978,980.95,3.68778
822,35,961,961.64,3.61518
823,-1,775,775.00,2.91354
824,150,593,611.68,2.29954
825,354,254,435.70,1.63796
826,100,31,104.69,0.39359
827,-154,129,200.89,0.75523
828,-267,369,455.47,1.71228
829,-524,766,928.08,3.48902
830,-555,548,779.95,2.93216
831,-391,534,661.84,2.48813
832,-491,505,704.35,2.64792
833,-165,264,311.32,1.17038
834,142,536,554.49,2.08455
835,182,501,533.03,2.00389
836,-49,886,887.35,3.33592
837,-558,1004,1148.64,4.31821
838,-309,716,779.83,2.93170
839,-145,715,729.55,2.74269
840,-313,734,797.95,2.99981
841,-399,269,481.21,1.80906
842,-108,223,247.78,0.93149
843,375,111,391.08,1.47024
844,493,414,643.77,2.42020
845,122,553,566.30,2.12894
846,-279,427,510.07,1.91755
847,-218,413,467.00,1.75566
848,-10,277,277.18,1.04203
849,-122,222,253.31,0.95231
850,-608,330,691.78,2.60069
851,-726,86,731.08,2.74841
852,-525,-138,542.83,2.04073
# END
# FRAME,79,RX_TS,502393423455,FP_INDEX,751.6875,FP_INT,751,RXPACC,266,RXPWR,-67.45,STD_NOISE,136.00,NTM,13,NOISE_THRESH,1768.00,PEAK_IDX,753,PEAK_AMPL,17244,START,701,elapsed_s,8.1294
sample,real,imag,amplitude,amplitude_norm
701,11,98,98.62,0.37073
702,284,173,332.54,1.25016
703,361,218,421.72,1.58540
704,-184,181,258.10,0.97031
705,-759,-89,764.20,2.87293
706,-598,-394,716.13,2.69221
707,191,-243,309.08,1.16195
708,517,-34,518.12,1.94781
709,140,-52,149.35,0.56145
710,-371,-322,491.25,1.84680
711,-461,-616,769.40,2.89248
712,-537,-258,595.76,2.23971
713,-148,34,151.86,0.57088
714,32,71,77.88,0.29277
715,13,-85,85.99,0.32326
716,37,-206,209.30,0.78683
717,-59,-137,149.16,0.56077
718,5,-179,179.07,0.67319
719,58,22,62.03,0.23320
720,-306,230,382.80,1.43910
721,-866,-176,883.70,3.32219
722,-773,-474,906.76,3.40885
723,-333,-218,398.01,1.49628
724,25,-158,159.97,0.60137
725,-31,-232,234.06,0.87993
726,-672,-267,723.10,2.71842
727,-762,-582,958.84,3.60465
728,-628,-410,749.99,2.81951
729,-458,-98,468.37,1.76078
730,-280,-137,311.72,1.17188
731,37,-393,394.74,1.48398
732,209,-655,687.54,2.58472
733,41,-335,337.50,1.26880
734,-146,-552,570.98,2.14655
735,-60,-478,481.75,1.81109
736,726,-389,823.65,3.09642
737,1146,110,1151.27,4.32807
738,1013,472,1117.57,4.20137
739,74,619,623.41,2.34364
740,-553,-12,553.13,2.07944
741,25,-233,234.34,0.88097
742,751,154,766.63,2.88206
743,970,675,1181.75,4.44266
744,939,858,1271.96,4.78181
745,966,298,1010.92,3.80045
746,704,308,768.43,2.88882
747,123,421,438.60,1.64887
748,-34,171,174.35,0.65544
749,262,19,262.69,0.98755
750,915,701,1152.66,4.33331
751,1335,3438,3688.10,13.86503
752,141,12313,12313.81,46.29251
753,-3431,16493,16846.09,63.33117
754,-8115,13717,15937.67,59.91605
755,-9052,302,9057.04,34.04901
756,-3105,-7992,8573.98,32.23300
757,403,-155,431.78,1.62323
758,-3995,11763,12422.89,46.70259
759,-10530,12876,16633.47,62.53184
760,-10935,4875,11972.46,45.00926
761,-2703,-726,2798.80,10.52181
762,2943,-2672,3975.03,14.94371
763,5901,-1055,5994.57,22.53596
764,3165,3434,4670.07,17.55667
765,146,3949,3951.70,14.85601
766,-1112,1971,2263.05,8.50770
767,-1374,-1479,2018.74,7.58925
768,-120,-2421,2423.97,9.11268
769,892,-255,927.73,3.48772
770,1076,54,1077.35,4.05020
771,732,-397,832.73,3.13055
772,-377,-93,388.30,1.45978
773,-124,418,436.00,1.63911
774,870,365,943.46,3.54686
775,1564,513,1645.98,6.18791
776,1206,827,1462.31,5.49742
777,-619,41,620.36,2.33217
778,-1628,-857,1839.79,6.91651
779,-880,-1733,1943.63,7.30687
780,610,-1586,1699.26,6.38821
781,569,-888,1054.66,3.96488
782,68,-1133,1135.04,4.26706
783,-669,-1429,1577.85,5.93176
784,-1312,-1821,2244.41,8.43764
785,-1067,-842,1359.21,5.10981
786,-354,-775,852.02,3.20309
787,548,-820,986.26,3.70774
788,725,-1047,1273.51,4.78764
789,270,-862,903.30,3.39585
790,50,-538,540.32,2.03127
791,292,-526,601.61,2.26171
792,460,-792,915.90,3.44322
793,395,-45,397.56,1.49457
794,287,315,426.14,1.60202
795,640,17,640.23,2.40686
796,391,-763,857.35,3.22312
797,55,-834,835.81,3.14215
798,136,-610,624.98,2.34954
799,402,-102,414.74,1.55917
800,351,-164,387.42,1.45648
801,-38,-279,281.58,1.05856
802,-122,-1025,1032.23,3.88058
803,115,-1119,1124.89,4.22892
804,134,-901,910.91,3.42447
805,67,-942,944.38,3.55030
806,-27,-1002,1002.36,3.76828
807,-51,-1019,1020.28,3.83562
808,579,-1252,1379.40,5.18572
809,875,-458,987.62,3.71285
810,1138,-436,1218.66,4.58144
811,1141,-340,1190.58,4.47586
812,668,-482,823.74,3.09677
813,393,-587,706.41,2.65568
814,449,-351,569.91,2.14253
815,488,-23,488.54,1.83662
816,723,-269,771.42,2.90008
817,424,-156,451.79,1.69845
818,186,-776,797.98,2.99992
819,173,-903,919.42,3.45648
820,43,-851,852.09,3.20333
821,69,-742,745.20,2.80151
822,-119,-502,515.91,1.93952
823,-226,-181,289.55,1.08852
824,10,25,26.93,0.10122
825,207,-60,215.52,0.81023
826,447,-467,646.45,2.43026
827,658,-694,956.35,3.59529
828,635,-438,771.41,2.90003
829,453,-486,664.38,2.49768
830,473,-392,614.32,2.30949
831,162,-249,297.06,1.11677
832,-59,-507,510.42,1.91888
833,-98,-470,480.11,1.80492
834,234,-939,967.72,3.63804
835,585,-936,1103.78,4.14953
836,271,-711,760.90,2.86051
837,189,-698,723.14,2.71855
838,414,-648,768.96,2.89083
839,417,-203,463.79,1.74356
840,44,-88,98.39,0.36988
841,-378,-76,385.56,1.44949
842,-357,-495,610.31,2.29439
843,2,-520,520.00,1.95490
844,263,-389,469.56,1.76528
845,207,-276,345.00,1.29699
846,115,-256,280.64,1.05505
847,223,-155,271.58,1.02097
848,697,-308,762.02,2.86473
849,734,5,734.02,2.75946
850,572,224,614.30,2.30938
# END
# FRAME,80,RX_TS,508783220650,FP_INDEX,747.6094,FP_INT,747,RXPACC,271,RXPWR,-67.21,STD_NOISE,136.00,NTM,13,NOISE_THRESH,1768.00,PEAK_IDX,749,PEAK_AMPL,18251,START,697,elapsed_s,8.2293
sample,real,imag,amplitude,amplitude_norm
697,20,91,93.17,0.34381
698,127,381,401.61,1.48195
699,52,408,411.30,1.51771
700,-234,-141,273.20,1.00811
701,-331,-848,910.31,3.35908
702,43,-751,752.23,2.77576
703,325,97,339.17,1.25154
704,417,369,556.82,2.05469
705,162,6,162.11,0.59820
706,91,-636,642.48,2.37076
707,241,-786,822.12,3.03364
708,-157,-545,567.16,2.09285
709,54,-17,56.61,0.20890
710,38,28,47.20,0.17418
711,77,-112,135.92,0.50153
712,136,-101,169.40,0.62510
713,103,-179,206.52,0.76206
714,162,-85,182.95,0.67508
715,39,-8,39.81,0.14691
716,-357,-256,439.30,1.62104
717,-366,-890,962.32,3.55099
718,-17,-893,893.16,3.29580
719,37,-399,400.71,1.47864
720,175,-78,191.60,0.70700
721,226,-242,331.12,1.22184
722,-94,-815,820.40,3.02732
723,86,-1053,1056.51,3.89855
724,-164,-735,753.07,2.77887
725,-146,-456,478.80,1.76680
726,8,-332,332.10,1.22545
727,471,-256,536.08,1.97814
728,671,-89,676.88,2.49770
729,313,-259,406.26,1.49913
730,337,-531,628.91,2.32071
731,490,-346,599.85,2.21346
732,871,443,977.18,3.60585
733,646,1052,1234.51,4.55540
734,232,1089,1113.44,4.10863
735,-471,273,544.40,2.00885
736,-187,-444,481.77,1.77776
737,279,11,279.22,1.03032
738,334,851,914.20,3.37342
739,40,1183,1183.68,4.36781
740,-80,1302,1304.46,4.81349
741,421,996,1081.32,3.99012
742,92,730,735.77,2.71503
743,-248,261,360.03,1.32854
744,-136,56,147.08,0.54272
745,132,383,405.11,1.49487
746,-86,1343,1345.75,4.96587
747,-2856,3829,4776.82,17.62663
748,-11698,8055,14203.04,52.40973
749,-16499,7250,18021.64,66.50051
750,-15125,246,15127.00,55.81919
751,-3389,-8087,8768.40,32.35573
752,5220,-6291,8174.66,30.16480
753,-1413,1247,1884.56,6.95411
754,-13638,3448,14067.12,51.90817
755,-16283,-2177,16427.88,60.61950
756,-8913,-6134,10819.77,39.92537
757,-44,-1821,1821.53,6.72152
758,4507,1251,4677.40,17.25977
759,3736,4553,5889.61,21.73288
760,-1623,4352,4644.79,17.13943
761,-3216,2095,3838.19,14.16305
762,-1806,-145,1811.81,6.68565
763,873,-2184,2352.02,8.67903
764,1934,-1155,2252.64,8.31232
765,728,726,1028.13,3.79385
766,823,897,1217.35,4.49206
767,704,228,740.00,2.73063
768,-306,-427,525.32,1.93846
769,-386,224,446.29,1.64682
770,344,1052,1106.82,4.08419
771,531,1676,1758.11,6.48748
772,59,1311,1312.33,4.84253
773,-351,-734,813.61,3.00224
774,-40,-1902,1902.42,7.02000
775,1146,-1575,1947.80,7.18747
776,1696,-215,1709.57,6.30839
777,1066,-146,1075.95,3.97030
778,1000,-657,1196.52,4.41519
779,802,-1471,1675.42,6.18238
780,407,-1688,1736.37,6.40728
781,-106,-935,940.99,3.47229
782,170,-554,579.50,2.13836
783,963,-276,1001.77,3.69657
784,1397,-378,1447.24,5.34036
785,952,-421,1040.93,3.84109
786,481,-202,521.69,1.92507
787,803,-109,810.36,2.99027
788,880,-53,881.59,3.25312
789,208,256,329.85,1.21715
790,-55,514,516.93,1.90751
791,484,461,668.41,2.46647
792,948,-237,977.18,3.60582
793,916,-535,1060.79,3.91436
794,616,-272,673.38,2.48480
795,389,252,463.49,1.71030
796,460,100,470.74,1.73706
797,328,-420,532.90,1.96643
798,984,-832,1288.60,4.75497
799,1035,-530,1162.81,4.29081
800,843,-398,932.23,3.43996
801,873,-564,1039.34,3.83520
802,764,-669,1015.51,3.74726
803,960,-725,1203.01,4.43914
804,1328,-150,1336.44,4.93153
805,813,486,947.19,3.49516
806,1078,659,1263.47,4.66226
807,1006,787,1277.26,4.71315
808,881,228,910.02,3.35802
809,766,-106,773.30,2.85350
810,545,147,564.48,2.08294
811,357,368,512.71,1.89192
812,702,512,868.88,3.20619
813,445,118,460.38,1.69882
814,875,-465,990.88,3.65640
815,812,-449,927.87,3.42388
816,830,-443,940.82,3.47167
817,611,-362,710.19,2.62061
818,269,-471,542.40,2.00149
819,92,-252,268.27,0.98992
820,185,94,207.51,0.76572
821,261,161,306.66,1.13160
822,738,24,738.39,2.72469
823,914,128,922.92,3.40561
824,759,198,784.40,2.89447
825,743,51,744.75,2.74815
826,641,226,679.67,2.50802
827,393,-86,402.30,1.48450
828,401,-355,535.56,1.97624
829,293,-377,477.47,1.76188
830,989,-382,1060.21,3.91221
831,999,-62,1000.92,3.69344
832,831,-336,896.36,3.30759
833,757,-230,791.17,2.91944
834,772,-91,777.34,2.86843
835,452,240,511.77,1.88843
836,120,-61,134.61,0.49673
837,-119,-381,399.15,1.47288
838,285,-531,602.65,2.22380
839,425,-266,501.38,1.85011
840,501,-68,505.59,1.86566
841,356,-39,358.13,1.32151
842,288,-83,299.72,1.10598
843,373,126,393.71,1.45279
844,637,439,773.62,2.85469
845,394,629,742.21,2.73879
846,169,549,574.42,2.11964
# END
# FRAME,81,RX_TS,515172966592,FP_INDEX,752.8281,FP_INT,752,RXPACC,277,RXPWR,-67.42,STD_NOISE,140.00,NTM,13,NOISE_THRESH,1820.00,PEAK_IDX,754,PEAK_AMPL,18358,START,702,elapsed_s,8.3400
sample,real,imag,amplitude,amplitude_norm
702,1,-50,50.01,0.18054
703,-129,190,229.65,0.82908
704,-251,336,419.40,1.51408
705,-157,-45,163.32,0.58961
706,315,-656,727.71,2.62711
707,652,-598,884.71,3.19389
708,347,192,396.58,1.43168
709,-122,572,584.87,2.11143
710,136,310,338.52,1.22210
711,380,-260,460.43,1.66222
712,767,-342,839.79,3.03175
713,532,-512,738.35,2.66554
714,119,-189,223.34,0.80629
715,52,63,81.69,0.29490
716,97,-31,101.83,0.36763
717,321,134,347.85,1.25576
718,80,-14,81.22,0.29320
719,271,40,273.94,0.98894
720,90,66,111.61,0.40291
721,-67,-384,389.80,1.40722
722,373,-664,761.59,2.74944
723,765,-690,1030.21,3.71916
724,487,-267,555.39,2.00502
725,184,14,184.53,0.66618
726,265,115,288.88,1.04288
727,537,-506,737.84,2.66368
728,851,-639,1064.20,3.84188
729,759,-576,952.82,3.43977
730,329,-466,570.44,2.05933
731,273,-339,435.26,1.57133
732,346,92,358.02,1.29250
733,649,364,744.11,2.68631
734,311,218,379.80,1.37110
735,690,5,690.02,2.49104
736,635,30,635.71,2.29498
737,424,801,906.30,3.27184
738,-264,1170,1199.41,4.33002
739,-588,972,1136.01,4.10113
740,-658,33,658.83,2.37844
741,94,-543,551.08,1.98944
742,350,7,350.07,1.26379
743,-167,705,724.51,2.61556
744,-821,849,1181.03,4.26366
745,-1086,765,1328.39,4.79563
746,-617,855,1054.38,3.80642
747,-451,698,831.03,3.00010
748,-406,77,413.24,1.49183
749,-116,-90,146.82,0.53003
750,-61,140,152.71,0.55131
751,-670,681,955.33,3.44886
752,-2987,613,3049.25,11.00813
753,-11187,-2536,11470.84,41.41099
754,-16463,-7813,18222.88,65.78657
755,-13152,-11706,17606.97,63.56308
756,6,-10196,10196.00,36.80867
757,9242,-1866,9428.50,34.03789
758,1837,966,2075.51,7.49280
759,-9669,-5984,11370.92,41.05025
760,-10774,-13577,17332.46,62.57204
761,-3018,-13275,13613.74,49.14708
762,1409,-3747,4003.16,14.45184
763,1861,2883,3431.47,12.38799
764,296,6384,6390.86,23.07169
765,-3883,2911,4853.00,17.51986
766,-4063,-714,4125.26,14.89263
767,-2104,-1595,2640.24,9.53154
768,1497,-1043,1824.52,6.58670
769,2860,364,2883.07,10.40820
770,375,922,995.34,3.59330
771,-240,1110,1135.65,4.09982
772,286,1016,1055.49,3.81042
773,334,-249,416.60,1.50398
774,-311,-372,484.88,1.75046
775,-552,551,779.94,2.81566
776,-852,1354,1599.76,5.77529
777,-1200,1209,1703.43,6.14957
778,-59,-292,297.90,1.07545
779,1241,-1259,1767.81,6.38200
780,2018,-513,2082.18,7.51691
781,1596,964,1864.54,6.73119
782,819,948,1252.78,4.52268
783,1116,520,1231.20,4.44477
784,1396,-154,1404.47,5.07028
785,1963,-812,2124.31,7.66901
786,1048,-1042,1477.86,5.33523
787,722,-487,870.89,3.14401
788,707,474,851.19,3.07289
789,1133,1097,1577.05,5.69333
790,941,641,1138.58,4.11039
791,689,202,718.00,2.59206
792,496,301,580.19,2.09454
793,842,736,1118.33,4.03729
794,88,539,546.14,1.97161
795,-248,207,323.04,1.16620
796,-203,498,537.79,1.94146
797,797,616,1007.31,3.63648
798,987,399,1064.60,3.84332
799,854,339,918.82,3.31705
800,106,363,378.16,1.36520
801,116,461,475.37,1.71614
802,366,155,397.47,1.43490
803,1114,61,1115.67,4.02769
804,1290,447,1365.25,4.92870
805,975,361,1039.69,3.75338
806,879,361,950.24,3.43048
807,1138,252,1165.57,4.20783
808,1071,57,1072.52,3.87190
809,1323,778,1534.80,5.54080
810,369,986,1052.79,3.80067
811,156,1186,1196.22,4.31847
812,90,1375,1377.94,4.97452
813,305,927,975.89,3.52306
814,570,555,795.57,2.87208
815,388,525,652.82,2.35674
816,-45,472,474.14,1.71170
817,179,774,794.43,2.86797
818,126,582,595.48,2.14976
819,761,342,834.32,3.01198
820,993,466,1096.91,3.95995
821,995,299,1038.95,3.75074
822,775,256,816.19,2.94652
823,679,44,680.42,2.45640
824,417,-226,474.30,1.71229
825,144,54,153.79,0.55521
826,45,315,318.20,1.14873
827,291,491,570.76,2.06049
828,562,847,1016.49,3.66964
829,434,748,864.79,3.12198
830,489,588,764.76,2.76088
831,350,622,713.71,2.57658
832,259,352,437.02,1.57768
833,590,149,608.52,2.19684
834,467,20,467.43,1.68747
835,830,287,878.22,3.17047
836,848,849,1199.96,4.33199
837,737,492,886.13,3.19904
838,711,403,817.27,2.95043
839,621,497,795.39,2.87145
840,118,515,528.35,1.90738
841,144,283,317.53,1.14632
842,194,-260,324.40,1.17112
843,501,-256,562.62,2.03111
844,600,120,611.88,2.20896
845,408,344,533.67,1.92659
846,396,373,544.01,1.96393
847,346,169,385.07,1.39014
848,192,232,301.14,1.08716
849,162,718,736.05,2.65722
850,-145,827,839.62,3.03110
851,-320,507,599.54,2.16441
# END
# FRAME,82,RX_TS,521562763732,FP_INDEX,748.3906,FP_INT,748,RXPACC,282,RXPWR,-67.41,STD_NOISE,164.00,NTM,13,NOISE_THRESH,2132.00,PEAK_IDX,750,PEAK_AMPL,18688,START,698,elapsed_s,8.4263
sample,real,imag,amplitude,amplitude_norm
698,40,-152,157.18,0.55736
699,-200,-312,370.60,1.31418
700,-52,-275,279.87,0.99246
701,459,273,534.05,1.89380
702,516,842,987.53,3.50189
703,-40,718,719.11,2.55005
704,-348,-142,375.86,1.33282
705,-396,-76,403.23,1.42988
706,86,128,154.21,0.54684
707,135,781,792.58,2.81057
708,86,935,938.95,3.32960
709,342,447,562.83,1.99584
710,7,43,43.57,0.15449
711,101,35,106.89,0.37905
712,-79,224,237.52,0.84228
713,-21,150,151.46,0.53710
714,-73,259,269.09,0.95422
715,-88,145,169.61,0.60147
716,133,53,143.17,0.50770
717,517,391,648.21,2.29860
718,542,943,1087.66,3.85696
719,177,873,890.76,3.15873
720,78,341,349.81,1.24045
721,-183,202,272.57,0.96655
722,55,376,380.00,1.34752
723,409,916,1003.16,3.55732
724,187,1130,1145.37,4.06159
725,413,723,832.65,2.95264
726,277,564,628.35,2.22820
727,115,340,358.92,1.27277
728,-385,393,550.16,1.95092
729,-430,207,477.23,1.69231
730,-254,490,551.92,1.95716
731,-100,593,601.37,2.13253
732,-497,431,657.85,2.33281
733,-984,-416,1068.32,3.78838
734,-740,-879,1149.02,4.07453
735,-162,-1007,1019.95,3.61684
736,586,-8,586.05,2.07821
737,314,528,614.31,2.17841
738,-347,-22,347.70,1.23297
739,-401,-830,921.79,3.26877
740,-195,-1267,1281.92,4.54581
741,-173,-1146,1158.98,4.10987
742,-546,-777,949.66,3.36757
743,-194,-548,581.33,2.06144
744,279,-235,364.78,1.29355
745,125,-37,130.36,0.46227
746,-243,-439,501.77,1.77932
747,27,-1699,1699.21,6.02558
748,3320,-5709,6604.17,23.41905
749,11771,-11598,16524.83,58.59869
750,16102,-10413,19175.63,67.99870
751,14339,-1308,14398.53,51.05863
752,2579,8780,9150.94,32.45013
753,-3807,5841,6972.13,24.72385
754,3634,-3253,4877.29,17.29536
755,14980,-6243,16228.85,57.54910
756,16470,5,16470.00,58.40425
757,8028,4185,9053.34,32.10405
758,-749,1295,1496.00,5.30498
759,-5533,-704,5577.61,19.77875
760,-3518,-4289,5547.24,19.67105
761,1524,-4474,4726.44,16.76043
762,2852,-2465,3769.63,13.36749
763,1419,505,1506.18,5.34107
764,-829,2714,2837.79,10.06308
765,-1476,1056,1814.86,6.43567
766,-697,-594,915.78,3.24743
767,-978,-481,1089.88,3.86483
768,-365,214,423.11,1.50039
769,559,261,616.93,2.18769
770,213,-408,460.25,1.63210
771,-597,-1041,1200.04,4.25545
772,-676,-1643,1776.63,6.30012
773,-21,-874,874.25,3.10019
774,635,1051,1227.94,4.35438
775,233,2097,2109.90,7.48193
776,-1092,1673,1997.85,7.08456
777,-1510,514,1595.08,5.65633
778,-952,642,1148.25,4.07179
779,-671,1086,1276.57,4.52685
780,-378,2010,2045.23,7.25260
781,207,1989,1999.74,7.09129
782,392,1267,1326.26,4.70303
783,-260,824,864.05,3.06399
784,-1237,528,1344.97,4.76941
785,-1191,405,1257.98,4.46091
786,-741,691,1013.19,3.59289
787,-288,389,484.01,1.71635
788,-782,543,952.04,3.37602
789,-703,153,719.46,2.55127
790,-135,-234,270.15,0.95798
791,-52,-495,497.72,1.76498
792,-640,-1,640.00,2.26951
793,-736,532,908.14,3.22036
794,-619,843,1045.85,3.70870
795,-377,195,424.45,1.50513
796,-375,-197,423.60,1.50212
797,-404,5,404.03,1.43273
798,-183,639,664.69,2.35705
799,-707,1121,1325.33,4.69974
800,-735,863,1133.58,4.01977
801,-708,620,941.10,3.33722
802,-657,885,1102.21,3.90856
803,-459,855,970.42,3.44119
804,-842,1052,1347.47,4.77825
805,-1223,351,1272.37,4.51196
806,-954,-271,991.74,3.51682
807,-1265,-447,1341.65,4.75764
808,-982,-398,1059.59,3.75741
809,-779,19,779.23,2.76323
810,-632,373,733.86,2.60235
811,-428,-85,436.36,1.54737
812,-517,-214,559.54,1.98418
813,-766,-220,796.97,2.82612
814,-458,179,491.74,1.74375
815,-830,777,1136.94,4.03170
816,-601,702,924.12,3.27703
817,-582,592,830.17,2.94388
818,-427,635,765.22,2.71353
819,32,496,497.03,1.76252
820,45,298,301.38,1.06872
821,-134,66,149.37,0.52969
822,-267,-21,267.82,0.94973
823,-826,199,849.63,3.01288
824,-807,78,810.76,2.87504
825,-694,167,713.81,2.53124
826,-714,171,734.19,2.60352
827,-562,9,562.07,1.99316
828,-357,302,467.60,1.65817
829,-227,419,476.54,1.68986
830,-183,508,539.96,1.91474
831,-1012,615,1184.22,4.19935
832,-873,343,937.96,3.32612
833,-680,629,926.31,3.28477
834,-617,422,747.51,2.65075
835,-568,100,576.74,2.04516
836,-404,-60,408.43,1.44834
837,80,206,220.99,0.78365
838,283,505,578.89,2.05280
839,-89,660,665.97,2.36161
840,-371,285,467.83,1.65898
841,-559,280,625.20,2.21704
842,-271,161,315.22,1.11779
843,-187,210,281.19,0.99714
844,-365,-23,365.72,1.29689
845,-654,-357,745.09,2.64218
846,-360,-501,616.93,2.18769
847,-148,-449,472.76,1.67647
# END
# FRAME,83,RX_TS,527952560844,FP_INDEX,753.3906,FP_INT,753,RXPACC,274,RXPWR,-67.17,STD_NOISE,148.00,NTM,13,NOISE_THRESH,1924.00,PEAK_IDX,755,PEAK_AMPL,18451,START,703,elapsed_s,8.5381
sample,real,imag,amplitude,amplitude_norm
703,-19,183,183.98,0.67147
704,163,390,422.69,1.54267
705,43,355,357.59,1.30509
706,-312,-233,389.40,1.42117
707,-372,-761,847.06,3.09145
708,192,-577,608.11,2.21937
709,414,304,513.63,1.87455
710,462,259,529.65,1.93301
711,34,-84,90.62,0.33073
712,46,-731,732.45,2.67316
713,100,-804,810.20,2.95692
714,-255,-405,478.59,1.74668
715,56,-3,56.08,0.20467
716,-19,1,19.03,0.06944
717,150,-119,191.47,0.69880
718,92,-44,101.98,0.37219
719,190,-227,296.02,1.08037
720,104,-30,108.24,0.39504
721,-47,81,93.65,0.34178
722,-384,-327,504.37,1.84075
723,-371,-931,1002.20,3.65766
724,59,-772,774.25,2.82573
725,39,-265,267.85,0.97757
726,242,-66,250.84,0.91547
727,51,-330,333.92,1.21868
728,-227,-895,923.34,3.36985
729,72,-1036,1038.50,3.79014
730,-230,-589,632.31,2.30772
731,-133,-422,442.46,1.61483
732,-8,-236,236.14,0.86181
733,465,-352,583.21,2.12849
734,516,-118,529.32,1.93183
735,327,-382,502.84,1.83520
736,304,-483,570.71,2.08287
737,566,-282,632.36,2.30789
738,920,511,1052.39,3.84083
739,636,1002,1186.80,4.33140
740,20,1066,1066.19,3.89120
741,-468,60,471.83,1.72201
742,-86,-462,469.94,1.71510
743,319,182,367.27,1.34039
744,340,959,1017.49,3.71346
745,83,1304,1306.64,4.76875
746,127,1202,1208.69,4.41128
747,496,874,1004.93,3.66764
748,147,636,652.77,2.38236
749,-182,207,275.63,1.00596
750,-80,31,85.80,0.31313
751,246,490,548.28,2.00104
752,-110,1659,1662.64,6.06804
753,-3880,5261,6537.01,23.85771
754,-12684,9944,16117.29,58.82222
755,-16465,8184,18386.79,67.10508
756,-13904,-332,13907.96,50.75899
757,-1417,-8806,8919.28,32.55211
758,4468,-5187,6846.02,24.98547
759,-3782,2863,4743.45,17.31185
760,-15082,4426,15718.02,57.36504
761,-15940,-1897,16052.48,58.58570
762,-7131,-5030,8726.51,31.84859
763,1005,-1182,1551.50,5.66240
764,5447,1359,5613.97,20.48895
765,3053,4643,5556.82,20.28037
766,-1945,4247,4671.19,17.04815
767,-3011,2156,3703.30,13.51571
768,-1254,-579,1381.22,5.04093
769,1201,-2454,2732.13,9.97127
770,1701,-793,1876.77,6.84951
771,719,746,1036.09,3.78134
772,983,632,1168.64,4.26510
773,415,-108,428.82,1.56505
774,-469,-299,556.20,2.02994
775,-222,464,514.37,1.87728
776,483,1151,1248.23,4.55560
777,521,1724,1801.00,6.57301
778,45,924,925.10,3.37626
779,-426,-1004,1090.64,3.98043
780,93,-1935,1937.23,7.07020
781,1350,-1414,1954.97,7.13492
782,1559,-264,1581.19,5.77078
783,1070,-448,1160.00,4.23358
784,826,-888,1212.77,4.42618
785,641,-1874,1980.60,7.22845
786,25,-1906,1906.16,6.95680
787,-200,-1331,1345.94,4.91220
788,306,-813,868.68,3.17037
789,1239,-334,1283.23,4.68332
790,1257,-207,1273.93,4.64938
791,849,-510,990.40,3.61461
792,446,-240,506.47,1.84845
793,851,-257,888.96,3.24438
794,690,72,693.75,2.53192
795,138,365,390.22,1.42415
796,26,623,623.54,2.27570
797,641,194,669.71,2.44421
798,903,-384,981.26,3.58123
799,800,-642,1025.75,3.74361
800,423,-96,433.76,1.58305
801,413,295,507.54,1.85233
802,470,88,478.17,1.74514
803,317,-496,588.65,2.14835
804,931,-851,1261.33,4.60341
805,905,-656,1117.75,4.07937
806,812,-475,940.73,3.43331
807,865,-784,1167.42,4.26067
808,559,-709,902.86,3.29512
809,1006,-846,1314.44,4.79723
810,1250,-150,1258.97,4.59477
811,992,435,1083.18,3.95323
812,1279,648,1433.79,5.23280
813,1003,591,1164.17,4.24879
814,843,80,846.79,3.09047
815,714,-241,753.58,2.75028
816,494,215,538.76,1.96627
817,555,297,629.47,2.29734
818,819,417,919.05,3.35419
819,422,-63,426.68,1.55721
820,867,-504,1002.85,3.66003
821,669,-558,871.16,3.17943
822,689,-519,862.60,3.14818
823,609,-508,793.06,2.89438
824,137,-405,427.54,1.56038
825,-29,-226,227.85,0.83158
826,146,78,165.53,0.60412
827,328,159,364.51,1.33032
828,876,-49,877.37,3.20208
829,875,66,877.49,3.20250
830,691,26,691.49,2.52368
831,770,-32,770.66,2.81264
832,542,148,561.84,2.05052
833,394,-216,449.32,1.63987
834,324,-345,473.29,1.72733
835,338,-454,566.00,2.06571
836,1171,-392,1234.87,4.50683
837,968,-155,980.33,3.57785
838,795,-453,915.00,3.33943
839,733,-333,805.10,2.93830
840,597,32,597.86,2.18196
841,502,159,526.58,1.92182
842,47,-126,134.48,0.49080
843,-172,-474,504.24,1.84030
844,258,-518,578.70,2.11203
845,500,-171,528.43,1.92859
846,625,-75,629.48,2.29739
847,304,-20,304.66,1.11189
848,254,-119,280.49,1.02370
849,433,118,448.79,1.63792
850,710,434,832.14,3.03701
851,393,576,697.30,2.54488
852,116,489,502.57,1.83420
# END
# FRAME,84,RX_TS,534342424993,FP_INDEX,747.8437,FP_INT,747,RXPACC,284,RXPWR,-67.32,STD_NOISE,136.00,NTM,13,NOISE_THRESH,1768.00,PEAK_IDX,750,PEAK_AMPL,18179,START,697,elapsed_s,8.6344
sample,real,imag,amplitude,amplitude_norm
697,96,-2,96.02,0.33810
698,-195,198,277.90,0.97852
699,-370,236,438.86,1.54527
700,-151,-58,161.76,0.56956
701,542,-531,758.77,2.67171
702,817,-379,900.63,3.17122
703,402,279,489.33,1.72300
704,-298,512,592.41,2.08595
705,45,384,386.63,1.36137
706,439,-66,443.93,1.56315
707,903,-63,905.20,3.18731
708,790,-256,830.44,2.92410
709,246,-199,316.41,1.11413
710,32,65,72.45,0.25511
711,133,-40,138.88,0.48903
712,222,241,327.67,1.15375
713,93,5,93.13,0.32794
714,341,128,364.23,1.28251
715,27,120,123.00,0.43310
716,5,-294,294.04,1.03536
717,626,-518,812.53,2.86101
718,1056,-500,1168.39,4.11405
719,647,-90,653.23,2.30010
720,144,76,162.83,0.57333
721,224,231,321.77,1.13300
722,667,-234,706.86,2.48893
723,1079,-346,1133.12,3.98985
724,1015,-257,1047.03,3.68673
725,542,-405,676.60,2.38240
726,424,-254,494.26,1.74035
727,339,191,389.10,1.37008
728,534,561,774.52,2.72717
729,206,331,389.87,1.37277
730,672,262,721.27,2.53968
731,603,198,634.68,2.23477
732,278,768,816.77,2.87594
733,-526,1047,1171.70,4.12571
734,-915,754,1185.64,4.17479
735,-788,-116,796.49,2.80455
736,281,-506,578.79,2.03799
737,390,59,394.44,1.38886
738,-296,566,638.73,2.24904
739,-991,516,1117.29,3.93412
740,-1287,327,1327.89,4.67568
741,-912,616,1100.55,3.87516
742,-712,563,907.70,3.19611
743,-447,30,448.01,1.57748
744,-73,-173,187.77,0.66117
745,-63,70,94.18,0.33160
746,-813,443,925.86,3.26007
747,-2796,-273,2809.30,9.89189
748,-9246,-5674,10848.17,38.19778
749,-13532,-13038,18791.07,66.16576
750,-9394,-15837,18413.52,64.83635
751,2649,-10580,10906.58,38.40347
752,9683,853,9720.50,34.22711
753,2265,2073,3070.43,10.81138
754,-6804,-8131,10602.24,37.33184
755,-6093,-16506,17594.68,61.95309
756,1339,-14489,14550.74,51.23500
757,2910,-3930,4890.09,17.21863
758,848,2907,3028.16,10.66253
759,-1640,6332,6540.93,23.03146
760,-4730,1816,5066.63,17.84025
761,-3839,-2022,4338.94,15.27796
762,-1726,-2331,2900.45,10.21287
763,1503,-598,1617.59,5.69576
764,2672,1354,2995.48,10.54746
765,228,1167,1189.06,4.18684
766,-581,942,1106.76,3.89705
767,-57,1028,1029.58,3.62528
768,521,-178,550.57,1.93862
769,-40,-539,540.48,1.90311
770,-686,227,722.58,2.54430
771,-1257,859,1522.47,5.36083
772,-1655,709,1800.47,6.33970
773,-145,-155,212.25,0.74736
774,1569,-698,1717.26,6.04667
775,2172,172,2178.80,7.67183
776,1320,1442,1954.93,6.88357
777,494,1231,1326.42,4.67050
778,1035,897,1369.61,4.82257
779,1408,367,1455.04,5.12339
780,2313,-116,2315.91,8.15460
781,1526,-679,1670.24,5.88114
782,956,-299,1001.67,3.52700
783,608,670,904.75,3.18572
784,703,1460,1620.43,5.70576
785,607,974,1147.66,4.04106
786,663,423,786.45,2.76918
787,363,407,545.36,1.92028
788,569,931,1091.11,3.84194
789,-71,540,544.65,1.91777
790,-284,138,315.75,1.11181
791,-377,389,541.71,1.90743
792,504,817,959.95,3.38011
793,742,748,1053.60,3.70985
794,784,592,982.41,3.45917
795,-46,474,476.23,1.67686
796,-39,457,458.66,1.61500
797,295,286,410.88,1.44675
798,983,378,1053.17,3.70836
799,1104,866,1403.13,4.94060
800,830,735,1108.66,3.90373
801,716,665,977.18,3.44078
802,1000,641,1187.81,4.18241
803,951,399,1031.31,3.63138
804,1050,1087,1511.31,5.32153
805,98,1091,1095.39,3.85702
806,-282,1125,1159.81,4.08382
807,-423,1303,1369.94,4.82374
808,-7,981,981.02,3.45431
809,344,760,834.23,2.93742
810,299,665,729.13,2.56735
811,-158,497,521.51,1.83630
812,-99,864,869.65,3.06216
813,-73,696,699.82,2.46415
814,542,532,759.47,2.67417
815,793,724,1073.79,3.78095
816,810,566,988.16,3.47943
817,625,476,785.62,2.76627
818,682,263,730.95,2.57378
819,390,-56,394.00,1.38732
820,107,42,114.95,0.40475
821,46,283,286.71,1.00956
822,165,503,529.37,1.86398
823,301,967,1012.76,3.56607
824,119,852,860.27,3.02912
825,244,703,744.14,2.62021
826,229,725,760.31,2.67714
827,148,394,420.88,1.48197
828,494,313,584.81,2.05920
829,418,229,476.62,1.67823
830,698,490,852.82,3.00289
831,624,1186,1340.14,4.71880
832,569,742,935.05,3.29244
833,608,653,892.23,3.14165
834,473,776,908.79,3.19998
835,-28,526,526.74,1.85473
836,116,280,303.08,1.06717
837,299,-253,391.68,1.37914
838,601,-180,627.38,2.20907
839,575,329,662.47,2.33264
840,234,530,579.36,2.03999
841,246,459,520.77,1.83368
842,275,242,366.32,1.28985
843,148,268,306.15,1.07799
844,-34,727,727.79,2.56266
845,-371,740,827.79,2.91476
846,-450,357,574.41,2.02258
# END
# FRAME,85,RX_TS,540732222053,FP_INDEX,750.6562,FP_INT,750,RXPACC,263,RXPWR,-67.19,STD_NOISE,132.00,NTM,13,NOISE_THRESH,1716.00,PEAK_IDX,752,PEAK_AMPL,16588,START,700,elapsed_s,8.7401
sample,real,imag,amplitude,amplitude_norm
700,-16,30,34.00,0.12928
701,-47,318,321.45,1.22226
702,-109,426,439.72,1.67195
703,-95,-63,113.99,0.43343
704,50,-809,810.54,3.08191
705,317,-735,800.45,3.04352
706,340,132,364.72,1.38679
707,128,548,562.75,2.13974
708,145,201,247.84,0.94237
709,270,-415,495.10,1.88251
710,544,-617,822.57,3.12765
711,184,-610,637.15,2.42261
712,6,-136,136.13,0.51761
713,16,72,73.76,0.28044
714,89,-69,112.61,0.42819
715,282,-69,290.32,1.10387
716,138,-69,154.29,0.58665
717,276,-58,282.03,1.07235
718,71,85,110.75,0.42111
719,-227,-230,323.15,1.22873
720,116,-797,805.40,3.06235
721,362,-809,886.30,3.36996
722,246,-296,384.88,1.46342
723,202,34,204.84,0.77886
724,330,-30,331.36,1.25993
725,257,-698,743.81,2.82817
726,524,-855,1002.80,3.81291
727,349,-774,849.04,3.22831
728,127,-470,486.86,1.85116
729,155,-343,376.40,1.43116
730,358,-12,358.20,1.36198
731,735,138,747.84,2.84351
732,379,27,379.96,1.44472
733,626,-221,663.87,2.52420
734,549,-159,571.56,2.17324
735,663,577,878.92,3.34190
736,176,1142,1155.48,4.39347
737,-207,1089,1108.50,4.21483
738,-570,218,610.27,2.32040
739,-39,-477,478.59,1.81974
740,310,-36,312.08,1.18663
741,17,764,764.19,2.90566
742,-425,1024,1108.69,4.21556
743,-626,1057,1228.46,4.67097
744,-118,985,992.04,3.77203
745,-127,735,745.89,2.83609
746,-333,176,376.65,1.43213
747,-91,-83,123.17,0.46831
748,-35,263,265.32,1.00882
749,-457,985,1085.85,4.12871
750,-2888,1893,3453.11,13.12971
751,-11586,2154,11784.53,44.80809
752,-16494,-416,16499.24,62.73477
753,-14746,-5462,15725.07,59.79116
754,-2236,-8777,9057.34,34.43856
755,7446,-4530,8715.72,33.13963
756,625,367,724.79,2.75584
757,-11890,-1810,12026.98,45.72995
758,-14304,-8048,16412.64,62.40547
759,-6847,-10027,12141.75,46.16636
760,214,-2921,2928.83,11.13623
761,3070,2243,3802.10,14.45665
762,2177,5552,5963.56,22.67513
763,-2783,3752,4671.47,17.76223
764,-3817,847,3909.85,14.86633
765,-2126,-591,2206.62,8.39018
766,1143,-1473,1864.45,7.08917
767,2541,-485,2586.87,9.83601
768,557,721,911.09,3.46423
769,281,1022,1059.93,4.03014
770,602,653,888.15,3.37700
771,97,-483,492.64,1.87317
772,-390,-163,422.69,1.60720
773,-190,747,770.78,2.93074
774,-271,1535,1558.74,5.92676
775,-659,1444,1587.27,6.03524
776,-108,-382,396.97,1.50941
777,692,-1574,1719.40,6.53765
778,1662,-982,1930.43,7.34005
779,1683,356,1720.24,6.54084
780,1106,443,1191.42,4.53012
781,1323,-117,1328.16,5.05005
782,1252,-833,1503.79,5.71784
783,1497,-1491,2112.84,8.03361
784,597,-1242,1378.03,5.23967
785,645,-590,874.14,3.32374
786,855,265,895.13,3.40352
787,1158,520,1269.40,4.82660
788,929,132,938.33,3.56780
789,619,-82,624.41,2.37417
790,599,203,632.46,2.40480
791,832,416,930.20,3.53690
792,132,373,395.67,1.50444
793,-189,332,382.03,1.45258
794,193,544,577.22,2.19476
795,939,202,960.48,3.65202
796,917,-52,918.47,3.49229
797,704,-67,707.18,2.68890
798,277,317,420.97,1.60066
799,401,246,470.44,1.78876
800,398,-100,410.37,1.56034
801,986,-331,1040.08,3.95466
802,1180,-92,1183.58,4.50031
803,997,-13,997.08,3.79120
804,907,-86,911.07,3.46414
805,980,-328,1033.43,3.92940
806,961,-348,1022.07,3.88619
807,1301,196,1315.68,5.00259
808,624,726,957.32,3.63998
809,583,1018,1173.12,4.46054
810,528,1160,1274.51,4.84606
811,591,583,830.16,3.15651
812,706,191,731.38,2.78091
813,505,282,578.40,2.19925
814,190,497,532.08,2.02312
815,540,769,939.66,3.57285
816,375,432,572.06,2.17512
817,865,-15,865.13,3.28947
818,913,-89,917.33,3.48794
819,880,-155,893.55,3.39751
820,753,-63,755.63,2.87312
821,490,-216,535.50,2.03611
822,190,-256,318.80,1.21218
823,117,6,117.15,0.44545
824,166,210,267.69,1.01782
825,552,324,640.06,2.43370
826,787,586,981.21,3.73082
827,561,568,798.34,3.03551
828,667,336,746.85,2.83973
829,628,463,780.23,2.96664
830,346,206,402.68,1.53111
831,559,-10,559.09,2.12582
832,447,-112,460.82,1.75216
833,975,95,979.62,3.72478
834,1098,469,1193.97,4.53981
835,855,62,857.24,3.25949
836,744,122,753.94,2.86668
837,774,233,808.31,3.07342
838,340,376,506.93,1.92748
839,225,88,241.60,0.91862
840,94,-358,370.14,1.40736
841,452,-394,599.62,2.27991
842,530,-68,534.34,2.03173
843,432,265,506.80,1.92701
844,384,146,410.82,1.56205
845,322,-14,322.30,1.22549
846,251,167,301.48,1.14631
847,413,582,713.65,2.71349
848,125,711,721.90,2.74488
849,-128,512,527.76,2.00668
# END
# FRAME,86,RX_TS,547122019069,FP_INDEX,754.1562,FP_INT,754,RXPACC,264,RXPWR,-67.39,STD_NOISE,132.00,NTM,13,NOISE_THRESH,1716.00,PEAK_IDX,756,PEAK_AMPL,16766,START,704,elapsed_s,8.8399
sample,real,imag,amplitude,amplitude_norm
704,-48,158,165.13,0.62549
705,-19,405,405.45,1.53578
706,-159,274,316.79,1.19997
707,-179,-485,516.98,1.95825
708,101,-828,834.14,3.15961
709,477,-307,567.25,2.14869
710,213,447,495.15,1.87559
711,325,305,445.70,1.68826
712,120,-190,224.72,0.85122
713,409,-624,746.09,2.82612
714,374,-597,704.47,2.66847
715,-58,-323,328.17,1.24305
716,79,45,90.92,0.34438
717,-24,6,24.74,0.09371
718,241,-52,246.55,0.93389
719,87,16,88.46,0.33507
720,287,-114,308.81,1.16974
721,136,56,147.08,0.55711
722,-94,-33,99.62,0.37736
723,-112,-559,570.11,2.15951
724,193,-998,1016.49,3.85034
725,375,-562,675.62,2.55919
726,173,-127,214.61,0.81292
727,305,12,305.24,1.15620
728,228,-438,493.79,1.87041
729,291,-942,985.92,3.73456
730,478,-855,979.55,3.71040
731,27,-648,648.56,2.45668
732,50,-429,431.90,1.63600
733,189,-130,229.39,0.86891
734,664,-23,664.40,2.51666
735,410,174,445.39,1.68710
736,531,-245,584.80,2.21514
737,488,-353,602.29,2.28140
738,636,103,644.29,2.44048
739,547,950,1096.22,4.15237
740,110,1174,1179.14,4.46645
741,-438,757,874.58,3.31281
742,-399,-298,498.00,1.88637
743,133,-371,394.12,1.49288
744,207,386,438.00,1.65910
745,-141,1016,1025.74,3.88537
746,-428,1131,1209.27,4.58059
747,-267,1039,1072.76,4.06348
748,52,919,920.47,3.48663
749,-237,532,582.40,2.20607
750,-271,76,281.46,1.06612
751,-42,91,100.22,0.37964
752,-23,702,702.38,2.66052
753,-1145,1593,1961.80,7.43107
754,-6999,3058,7637.89,28.93140
755,-15485,2637,15707.93,59.49973
756,-16475,-1146,16514.81,62.55610
757,-9726,-7250,12130.85,45.95020
758,4301,-7663,8787.50,33.28599
759,5046,-1557,5280.75,20.00286
760,-6660,649,6691.55,25.34677
761,-15284,-3905,15774.97,59.75367
762,-11827,-9311,15052.33,57.01641
763,-2753,-6336,6908.25,26.16761
764,1918,125,1922.07,7.28056
765,4042,4159,5799.57,21.96808
766,-223,5079,5083.89,19.25717
767,-3625,2266,4274.97,16.19307
768,-3267,236,3275.51,12.40725
769,-342,-1139,1189.24,4.50469
770,2384,-1329,2729.41,10.33869
771,1480,383,1528.75,5.79073
772,275,954,992.84,3.76078
773,602,803,1003.60,3.80152
774,341,-160,376.67,1.42678
775,-322,-390,505.75,1.91572
776,-303,375,482.11,1.82619
777,-101,1243,1247.10,4.72385
778,-406,1637,1686.60,6.38862
779,-305,528,609.76,2.30970
780,199,-1123,1140.50,4.32006
781,1070,-1458,1808.50,6.85037
782,1771,-340,1803.34,6.83084
783,1338,448,1411.01,5.34473
784,1257,-71,1259.00,4.76895
785,1145,-563,1275.93,4.83306
786,1317,-1446,1955.86,7.40858
787,620,-1626,1740.19,6.59164
788,350,-1212,1261.52,4.77850
789,633,-509,812.26,3.07675
790,1363,217,1380.17,5.22790
791,1164,256,1191.82,4.51446
792,914,-123,922.24,3.49333
793,473,-42,474.86,1.79872
794,962,128,970.48,3.67605
795,509,422,661.18,2.50449
796,1,311,311.00,1.17804
797,-96,506,515.03,1.95086
798,632,267,686.09,2.59881
799,924,46,925.14,3.50433
800,955,-233,983.01,3.72353
801,408,164,439.73,1.66563
802,359,294,464.02,1.75766
803,399,88,408.59,1.54769
804,682,-358,770.25,2.91762
805,1341,-218,1358.60,5.14623
806,1006,-100,1010.96,3.82939
807,829,-37,829.83,3.14328
808,1038,-303,1081.32,4.09591
809,785,-423,891.71,3.37770
810,1224,-228,1245.05,4.71611
811,981,432,1071.91,4.06025
812,646,834,1054.93,3.99594
813,742,1124,1346.83,5.10161
814,594,897,1075.85,4.07517
815,608,433,746.43,2.82737
816,658,187,684.06,2.59112
817,286,342,445.83,1.68873
818,488,556,739.78,2.80221
819,596,711,927.76,3.51424
820,574,137,590.12,2.23531
821,970,-81,973.38,3.68703
822,900,-287,944.65,3.57823
823,839,-147,851.78,3.22644
824,712,-185,735.64,2.78652
825,258,-318,409.50,1.55113
826,126,-163,206.02,0.78039
827,212,152,260.86,0.98811
828,264,231,350.79,1.32877
829,742,398,842.00,3.18940
830,649,443,785.78,2.97644
831,661,289,721.42,2.73264
832,717,302,778.01,2.94699
833,418,295,511.61,1.93793
834,514,-16,514.25,1.94791
835,497,-136,515.27,1.95179
836,672,-207,703.16,2.66348
837,1244,218,1262.96,4.78393
838,847,161,862.17,3.26578
839,898,-98,903.33,3.42171
840,901,80,904.54,3.42631
841,533,347,636.00,2.40910
842,292,289,410.83,1.55619
843,38,-234,237.07,0.89797
844,113,-484,497.02,1.88264
845,503,-309,590.33,2.23610
846,452,44,454.14,1.72021
847,531,116,543.52,2.05880
848,277,57,282.80,1.07123
849,280,38,282.57,1.07033
850,419,380,565.65,2.14262
851,423,692,811.04,3.07214
852,2,642,642.00,2.43183
853,-163,425,455.19,1.72419
# END
# FRAME,87,RX_TS,553511806349,FP_INDEX,747.4062,FP_INT,747,RXPACC,261,RXPWR,-67.23,STD_NOISE,160.00,NTM,13,NOISE_THRESH,2080.00,PEAK_IDX,749,PEAK_AMPL,16832,START,697,elapsed_s,8.9301
sample,real,imag,amplitude,amplitude_norm
697,-30,-71,77.08,0.29532
698,-324,-17,324.45,1.24309
699,-288,-108,307.58,1.17848
700,377,-186,420.39,1.61068
701,907,97,912.17,3.49491
702,572,403,699.71,2.68088
703,-267,223,347.88,1.33286
704,-375,209,429.31,1.64486
705,35,129,133.66,0.51212
706,569,410,701.33,2.68708
707,708,529,883.80,3.38621
708,577,71,581.35,2.22740
709,93,74,118.85,0.45536
710,78,-58,97.20,0.37242
711,133,111,173.23,0.66373
712,64,173,184.46,0.70674
713,117,216,245.65,0.94120
714,53,207,213.68,0.81869
715,32,-40,51.22,0.19626
716,476,-209,519.86,1.99181
717,945,138,955.02,3.65909
718,829,400,920.46,3.52665
719,349,189,396.89,1.52065
720,50,284,288.37,1.10486
721,215,291,361.81,1.38624
722,810,290,860.35,3.29636
723,878,619,1074.26,4.11596
724,785,263,827.89,3.17197
725,507,130,523.40,2.00537
726,271,152,310.72,1.19049
727,70,506,510.82,1.95716
728,-117,571,582.86,2.23319
729,141,452,473.48,1.81411
730,343,560,656.70,2.51607
731,124,621,633.26,2.42628
732,-744,583,945.21,3.62150
733,-1156,129,1163.18,4.45661
734,-921,-320,975.01,3.73566
735,154,-432,458.63,1.75720
736,580,80,585.49,2.24326
737,-103,242,263.01,1.00769
738,-841,-104,847.41,3.24677
739,-1007,-480,1115.55,4.27413
740,-949,-529,1086.48,4.16276
741,-896,-10,896.06,3.43316
742,-606,-168,628.86,2.40941
743,-74,-311,319.68,1.22484
744,48,-64,80.00,0.30651
745,-354,15,354.32,1.35754
746,-1046,-684,1249.79,4.78846
747,-2104,-4522,4987.51,19.10925
748,-1933,-13659,13795.10,52.85479
749,1266,-16473,16521.58,63.30106
750,6578,-12614,14226.14,54.50629
751,8374,1277,8470.81,32.45521
752,2963,6866,7478.06,28.65156
753,-390,-2507,2537.15,9.72090
754,3251,-13656,14037.64,53.78407
755,9129,-13066,15939.23,61.06984
756,8703,-4645,9865.00,37.79694
757,1402,922,1678.00,6.42912
758,-3119,3557,4730.79,18.12565
759,-5306,1026,5404.29,20.70608
760,-2884,-3382,4444.70,17.02951
761,-380,-3655,3674.70,14.07931
762,969,-1287,1611.00,6.17242
763,1491,1855,2379.94,9.11854
764,31,2098,2098.23,8.03919
765,-814,332,879.10,3.36821
766,-922,498,1047.90,4.01493
767,-126,517,532.13,2.03882
768,615,-139,630.51,2.41576
769,25,-435,435.72,1.66942
770,-955,-241,984.94,3.77371
771,-1552,-386,1599.28,6.12751
772,-965,-536,1103.87,4.22937
773,786,111,793.80,3.04138
774,1505,931,1769.69,6.78040
775,657,1699,1821.61,6.97933
776,-443,1513,1576.52,6.04031
777,-124,1095,1102.00,4.22222
778,398,1233,1295.64,4.96415
779,1217,1369,1831.73,7.01814
780,1792,1071,2087.66,7.99868
781,1415,380,1465.14,5.61355
782,733,431,850.32,3.25794
783,-167,1002,1015.82,3.89204
784,-476,1185,1277.03,4.89283
785,16,973,973.13,3.72847
786,62,467,471.10,1.80497
787,-119,720,729.77,2.79605
788,-326,733,802.23,3.07366
789,-277,41,280.02,1.07287
790,-309,-203,369.72,1.41654
791,-456,343,570.60,2.18621
792,-97,921,926.09,3.54825
793,170,961,975.92,3.73916
794,19,552,552.33,2.11619
795,-315,220,384.22,1.47211
796,-156,332,366.82,1.40546
797,231,469,522.80,2.00307
798,330,1214,1258.05,4.82012
799,140,1103,1111.85,4.25996
800,28,969,969.40,3.71419
801,209,1030,1050.99,4.02678
802,388,951,1027.11,3.93527
803,343,1139,1189.53,4.55757
804,-349,1158,1209.45,4.63390
805,-743,552,925.61,3.54640
806,-1012,617,1185.26,4.54121
807,-971,492,1088.53,4.17063
808,-500,620,796.49,3.05169
809,-171,689,709.90,2.71993
810,-296,389,488.81,1.87284
811,-417,276,500.07,1.91596
812,-619,539,820.78,3.14476
813,-226,414,471.67,1.80716
814,125,984,991.91,3.80041
815,165,811,827.61,3.17094
816,115,780,788.43,3.02081
817,126,724,734.88,2.81564
818,298,395,494.80,1.89579
819,271,241,362.66,1.38950
820,29,187,189.24,0.72504
821,-150,224,269.58,1.03289
822,-336,678,756.69,2.89920
823,-496,701,858.73,3.29015
824,-362,630,726.60,2.78390
825,-259,700,746.38,2.85969
826,-357,504,617.63,2.36639
827,-60,470,473.81,1.81538
828,93,577,584.45,2.23926
829,214,488,532.86,2.04161
830,-118,1106,1112.28,4.26160
831,-258,923,958.38,3.67196
832,26,885,885.38,3.39227
833,-45,776,777.30,2.97817
834,-215,630,665.68,2.55048
835,-289,274,398.24,1.52583
836,84,96,127.56,0.48874
837,444,76,450.46,1.72589
838,443,410,603.61,2.31269
839,81,517,523.31,2.00501
840,-130,575,589.51,2.25867
841,-28,306,307.28,1.17731
842,74,297,306.08,1.17272
843,-228,285,364.98,1.39838
844,-604,368,707.28,2.70987
845,-632,73,636.20,2.43756
846,-438,-160,466.31,1.78662
# END
# FRAME,88,RX_TS,559901603329,FP_INDEX,749.5937,FP_INT,749,RXPACC,266,RXPWR,-67.21,STD_NOISE,152.00,NTM,13,NOISE_THRESH,1976.00,PEAK_IDX,751,PEAK_AMPL,17515,START,699,elapsed_s,9.0426
sample,real,imag,amplitude,amplitude_norm
699,99,-20,101.00,0.37970
700,52,-305,309.40,1.16316
701,78,-388,395.76,1.48783
702,259,174,312.02,1.17301
703,211,878,903.00,3.39473
704,-213,721,751.80,2.82633
705,-314,-143,345.03,1.29710
706,-267,-440,514.67,1.93486
707,-81,-33,87.46,0.32881
708,-153,614,632.78,2.37886
709,-301,773,829.54,3.11856
710,36,615,616.05,2.31599
711,50,71,86.84,0.32646
712,69,-20,71.84,0.27008
713,31,147,150.23,0.56479
714,-130,143,193.26,0.72654
715,-54,161,169.81,0.63840
716,-107,176,205.97,0.77434
717,-2,-24,24.08,0.09054
718,341,288,446.35,1.67799
719,169,916,931.46,3.50173
720,-137,944,953.89,3.58605
721,-57,442,445.66,1.67541
722,-141,91,167.82,0.63088
723,-220,214,306.91,1.15381
724,4,839,839.01,3.15417
725,-229,1017,1042.46,3.91904
726,15,858,858.13,3.22606
727,72,495,500.21,1.88048
728,23,392,392.67,1.47622
729,-388,280,478.48,1.79880
730,-638,134,651.92,2.45083
731,-279,209,348.60,1.31053
732,-437,467,639.58,2.40442
733,-412,323,523.52,1.96812
734,-724,-454,854.57,3.21267
735,-381,-1003,1072.93,4.03356
736,105,-1043,1048.27,3.94087
737,598,-188,626.86,2.35660
738,182,592,619.34,2.32836
739,-224,99,244.90,0.92068
740,-134,-799,810.16,3.04571
741,206,-1130,1148.62,4.31813
742,360,-1150,1205.03,4.53019
743,-111,-878,884.99,3.32703
744,-19,-614,614.29,2.30938
745,269,-244,363.18,1.36532
746,146,38,150.86,0.56716
747,-58,-262,268.34,1.00881
748,333,-1131,1179.00,4.43234
749,3137,-2872,4253.13,15.98923
750,12185,-5490,13364.67,50.24311
751,16496,-4001,16974.28,63.81306
752,14810,2201,14972.66,56.28819
753,2515,8467,8832.63,33.20537
754,-6132,5594,8300.26,31.20397
755,1003,-761,1259.02,4.73316
756,13366,-1013,13404.33,50.39223
757,15585,4731,16287.25,61.23027
758,8091,7703,11171.41,41.99780
759,-38,2219,2219.33,8.34333
760,-4002,-1739,4363.50,16.40413
761,-3009,-4989,5826.17,21.90288
762,2261,-4081,4665.48,17.53939
763,3571,-1571,3901.29,14.66651
764,1941,321,1967.36,7.39611
765,-1059,1866,2145.56,8.06602
766,-2167,944,2363.69,8.88605
767,-571,-583,816.05,3.06784
768,-612,-801,1008.04,3.78962
769,-568,-184,597.06,2.24458
770,262,573,630.06,2.36864
771,463,-21,463.48,1.74239
772,37,-896,896.76,3.37129
773,-47,-1556,1556.71,5.85229
774,334,-1318,1359.66,5.11151
775,241,591,638.25,2.39943
776,-354,1763,1798.19,6.76011
777,-1384,1252,1866.27,7.01605
778,-1607,13,1607.05,6.04155
779,-1008,72,1010.57,3.79913
780,-1102,598,1253.80,4.71352
781,-909,1361,1636.64,6.15280
782,-590,1867,1958.01,7.36093
783,87,1407,1409.69,5.29958
784,-181,866,884.71,3.32599
785,-1019,119,1025.92,3.85686
786,-1347,-77,1349.20,5.07218
787,-970,262,1004.76,3.77730
788,-448,217,497.79,1.87138
789,-657,49,658.82,2.47678
790,-899,-110,905.70,3.40490
791,-171,-275,323.83,1.21741
792,234,-326,401.29,1.50860
793,-285,-431,516.71,1.94251
794,-870,150,882.84,3.31893
795,-892,435,992.42,3.73089
796,-596,212,632.58,2.37813
797,-252,-371,448.49,1.68606
798,-332,-293,442.80,1.66467
799,-307,220,377.69,1.41988
800,-855,594,1041.09,3.91386
801,-1023,446,1116.00,4.19547
802,-906,326,962.87,3.61980
803,-884,440,987.45,3.71222
804,-806,584,995.34,3.74186
805,-871,741,1143.56,4.29909
806,-1225,183,1238.59,4.65637
807,-711,-472,853.41,3.20830
808,-815,-805,1145.53,4.30652
809,-694,-896,1133.34,4.26066
810,-655,-379,756.75,2.84491
811,-715,50,716.75,2.69453
812,-496,-186,529.73,1.99146
813,-264,-400,479.27,1.80175
814,-652,-549,852.35,3.20433
815,-421,-168,453.28,1.70407
816,-874,389,956.66,3.59646
817,-825,455,942.15,3.54192
818,-779,423,886.44,3.33247
819,-679,339,758.92,2.85309
820,-311,377,488.72,1.83730
821,-48,344,347.33,1.30576
822,-82,91,122.49,0.46051
823,-160,-77,177.56,0.66753
824,-538,-104,547.96,2.06000
825,-829,-302,882.30,3.31690
826,-623,-225,662.39,2.49017
827,-678,-53,680.07,2.55665
828,-572,-197,604.97,2.27434
829,-373,-16,373.34,1.40355
830,-431,241,493.80,1.85640
831,-321,318,451.85,1.69867
832,-940,257,974.50,3.66353
833,-1031,-39,1031.74,3.87871
834,-850,267,890.95,3.34943
835,-725,168,744.21,2.79778
836,-708,-27,708.51,2.66359
837,-335,-248,416.81,1.56695
838,-113,148,186.21,0.70003
839,94,424,434.29,1.63269
840,-223,612,651.36,2.44873
841,-493,239,547.88,2.05969
842,-479,-18,479.34,1.80202
843,-199,-7,199.12,0.74858
844,-247,168,298.72,1.12300
845,-254,-36,256.54,0.96443
846,-529,-454,697.11,2.62070
847,-208,-572,608.64,2.28814
848,32,-479,480.07,1.80477
# END
# FRAME,89,RX_TS,566291400265,FP_INDEX,751.3437,FP_INT,751,RXPACC,264,RXPWR,-67.30,STD_NOISE,152.00,NTM,13,NOISE_THRESH,1976.00,PEAK_IDX,753,PEAK_AMPL,16668,START,701,elapsed_s,9.1381
sample,real,imag,amplitude,amplitude_norm
701,167,86,187.84,0.71153
702,414,49,416.89,1.57913
703,352,155,384.62,1.45688
704,-289,262,390.08,1.47759
705,-860,68,862.68,3.26774
706,-535,-289,608.07,2.30329
707,351,-187,397.71,1.50646
708,409,-240,474.22,1.79627
709,-18,-53,55.97,0.21202
710,-626,-276,684.14,2.59145
711,-695,-413,808.45,3.06232
712,-454,40,455.76,1.72636
713,-43,-14,45.22,0.17129
714,25,117,119.64,0.45319
715,-60,-90,108.17,0.40972
716,-41,-102,109.93,0.41641
717,-121,-155,196.64,0.74484
718,19,-116,117.55,0.44525
719,54,73,90.80,0.34395
720,-429,219,481.67,1.82449
721,-965,-18,965.17,3.65594
722,-733,-332,804.68,3.04804
723,-235,-152,279.87,1.06013
724,9,-208,208.19,0.78862
725,-230,-129,263.71,0.99889
726,-848,-146,860.48,3.25938
727,-883,-445,988.79,3.74543
728,-686,-42,687.28,2.60335
729,-448,26,448.75,1.69983
730,-229,-56,235.75,0.89298
731,-95,-437,447.21,1.69397
732,129,-418,437.45,1.65702
733,-136,-394,416.81,1.57883
734,-391,-467,609.07,2.30709
735,-84,-561,567.25,2.14869
736,799,-568,980.32,3.71333
737,1159,-139,1167.31,4.42161
738,990,344,1048.06,3.96994
739,-106,554,564.05,2.13655
740,-564,6,564.03,2.13648
741,148,-241,282.82,1.07127
742,925,81,928.54,3.51720
743,1185,461,1271.51,4.81634
744,1087,484,1189.88,4.50714
745,950,5,950.01,3.59853
746,614,218,651.55,2.46800
747,146,342,371.86,1.40856
748,3,74,74.06,0.28053
749,502,-29,502.84,1.90469
750,1341,683,1504.92,5.70044
751,2844,4851,5623.21,21.30005
752,3617,14017,14476.15,54.83391
753,734,16469,16485.35,62.44451
754,-5417,12647,13758.29,52.11473
755,-8410,-1233,8499.91,32.19661
756,-3275,-6216,7025.97,26.61353
757,897,3439,3554.06,13.46234
758,-1823,14412,14526.84,55.02591
759,-7824,13846,15903.67,60.24117
760,-7634,5061,9159.24,34.69409
761,-1019,-1016,1438.96,5.45062
762,3116,-4131,5174.42,19.60007
763,5338,-1241,5480.36,20.75893
764,3138,3216,4493.29,17.02006
765,802,3631,3718.52,14.08529
766,-723,1278,1468.34,5.56188
767,-1582,-1736,2348.71,8.89661
768,-159,-1914,1920.59,7.27497
769,827,-338,893.41,3.38411
770,907,-538,1054.56,3.99454
771,111,-409,423.79,1.60528
772,-490,349,601.58,2.27872
773,128,443,461.12,1.74667
774,1087,139,1095.85,4.15095
775,1626,218,1640.55,6.21420
776,946,412,1031.82,3.90842
777,-879,64,881.33,3.33836
778,-1627,-756,1794.06,6.79570
779,-749,-1689,1847.63,6.99858
780,340,-1547,1583.92,5.99970
781,6,-1092,1092.02,4.13643
782,-514,-1111,1224.14,4.63689
783,-1312,-1170,1757.91,6.65875
784,-1667,-687,1803.01,6.82960
785,-1238,-223,1257.92,4.76486
786,-564,-447,719.66,2.72597
787,238,-1016,1043.50,3.95267
788,398,-1010,1085.59,4.11208
789,-61,-835,837.23,3.17131
790,-121,-421,438.04,1.65926
791,23,-840,840.31,3.18301
792,262,-724,769.95,2.91647
793,362,-24,362.79,1.37422
794,523,180,553.11,2.09511
795,484,-378,614.12,2.32620
796,40,-893,893.90,3.38597
797,-258,-925,960.31,3.63753
798,13,-451,451.19,1.70904
799,424,-146,448.43,1.69861
800,267,-273,381.86,1.44644
801,-250,-408,478.50,1.81251
802,-393,-1181,1244.67,4.71467
803,-197,-1120,1137.19,4.30755
804,-123,-953,960.90,3.63979
805,-322,-1013,1062.95,4.02631
806,-418,-819,919.50,3.48296
807,-376,-1079,1142.64,4.32817
808,311,-1074,1118.12,4.23531
809,749,-590,953.47,3.61162
810,1022,-712,1245.56,4.71804
811,928,-491,1049.89,3.97685
812,523,-589,787.69,2.98366
813,164,-673,692.69,2.62384
814,371,-376,528.22,2.00084
815,472,-303,560.89,2.12457
816,690,-517,862.20,3.26591
817,157,-352,385.43,1.45995
818,-142,-944,954.62,3.61599
819,-292,-800,851.62,3.22585
820,-212,-757,786.13,2.97775
821,-162,-676,695.14,2.63311
822,-332,-283,436.25,1.65246
823,-222,-99,243.07,0.92074
824,110,-98,147.32,0.55804
825,210,-120,241.87,0.91617
826,288,-596,661.94,2.50734
827,487,-699,851.92,3.22697
828,335,-666,745.51,2.82389
829,247,-661,705.64,2.67288
830,347,-434,555.67,2.10480
831,46,-364,366.90,1.38975
832,-117,-425,440.81,1.66974
833,-271,-415,495.65,1.87745
834,115,-1101,1106.99,4.19314
835,296,-937,982.64,3.72213
836,-42,-866,867.02,3.28416
837,51,-759,760.71,2.88148
838,186,-596,624.35,2.36496
839,246,-298,386.42,1.46371
840,-143,-73,160.56,0.60816
841,-478,3,478.01,1.81064
842,-438,-421,607.52,2.30123
843,1,-505,505.00,1.91288
844,148,-489,510.91,1.93525
845,76,-205,218.63,0.82816
846,-49,-232,237.12,0.89817
847,248,-282,375.54,1.42249
848,645,-454,788.76,2.98772
849,701,-85,706.13,2.67475
850,575,128,589.07,2.23134
# END
# FRAME,90,RX_TS,572681190549,FP_INDEX,751.9062,FP_INT,751,RXPACC,272,RXPWR,-67.37,STD_NOISE,136.00,NTM,13,NOISE_THRESH,1768.00,PEAK_IDX,753,PEAK_AMPL,17915,START,701,elapsed_s,9.2418
sample,real,imag,amplitude,amplitude_norm
701,39,12,40.80,0.15002
702,-197,-120,230.67,0.84805
703,-341,-238,415.84,1.52883
704,102,-189,214.77,0.78959
705,778,226,810.16,2.97853
706,717,578,920.96,3.38589
707,-107,445,457.68,1.68266
708,-536,-49,538.24,1.97881
709,-203,151,253.00,0.93015
710,351,312,469.62,1.72655
711,467,729,865.75,3.18292
712,560,525,767.61,2.82210
713,280,81,291.48,1.07162
714,-46,55,71.70,0.26361
715,120,46,128.51,0.47248
716,-9,251,251.16,0.92339
717,66,31,72.92,0.26808
718,53,357,360.91,1.32688
719,-21,102,104.14,0.38287
720,316,-106,333.30,1.22538
721,767,296,822.13,3.02255
722,863,679,1098.09,4.03711
723,398,460,608.28,2.23632
724,54,246,251.86,0.92595
725,-18,359,359.45,1.32151
726,535,437,690.79,2.53968
727,786,744,1082.28,3.97897
728,696,733,1010.79,3.71616
729,559,268,619.92,2.27913
730,426,248,492.93,1.81224
731,-38,421,422.71,1.55409
732,-240,739,776.99,2.85660
733,-67,305,312.27,1.14806
734,127,642,654.44,2.40603
735,107,520,530.89,1.95182
736,-589,449,740.62,2.72288
737,-1131,-87,1134.34,4.17037
738,-944,-456,1048.37,3.85429
739,-106,-678,686.24,2.52293
740,612,-33,612.89,2.25327
741,139,375,399.93,1.47034
742,-571,-42,572.54,2.10494
743,-799,-667,1040.81,3.82652
744,-779,-1005,1271.56,4.67485
745,-880,-596,1062.83,3.90748
746,-747,-366,831.84,3.05825
747,-128,-401,420.93,1.54755
748,154,-115,192.20,0.70662
749,-55,-71,89.81,0.33019
750,-676,-595,900.56,3.31087
751,-802,-2737,2852.08,10.48560
752,1288,-10614,10691.86,39.30832
753,5889,-16466,17487.41,64.29194
754,9956,-14143,17295.85,63.58768
755,10260,-1699,10399.72,38.23427
756,3236,8696,9278.58,34.11244
757,-719,2423,2527.43,9.29201
758,4491,-9498,10506.24,38.62589
759,11979,-12034,16979.80,62.42573
760,12969,-4655,13779.11,50.65851
761,4301,1025,4421.45,16.25533
762,-2342,2064,3121.71,11.47687
763,-6083,1114,6184.16,22.73590
764,-3326,-3442,4786.40,17.59706
765,252,-4205,4212.54,15.48729
766,1331,-2477,2811.95,10.33807
767,1135,1061,1553.69,5.71209
768,-56,2837,2837.55,10.43218
769,-863,618,1061.46,3.90242
770,-1006,-78,1009.02,3.70963
771,-863,431,964.64,3.54647
772,374,313,487.69,1.79299
773,477,-291,558.76,2.05426
774,-397,-491,631.42,2.32139
775,-1198,-664,1369.71,5.03569
776,-1137,-1157,1622.16,5.96384
777,157,-147,215.08,0.79072
778,1235,988,1581.57,5.81460
779,703,1881,2008.08,7.38263
780,-708,1760,1897.07,6.97451
781,-788,1012,1282.61,4.71548
782,-303,1317,1351.41,4.96840
783,285,1385,1414.02,5.19860
784,971,2072,2288.24,8.41263
785,1263,1182,1729.82,6.35965
786,928,810,1231.78,4.52861
787,54,648,650.25,2.39061
788,-787,861,1166.49,4.28855
789,-556,759,940.86,3.45904
790,-75,832,835.37,3.07123
791,-115,570,581.49,2.13781
792,-483,895,1017.01,3.73902
793,-395,137,418.08,1.53707
794,-185,-226,292.06,1.07376
795,-490,-203,530.39,1.94995
796,-482,673,827.80,3.04338
797,-248,853,888.32,3.26588
798,-148,816,829.31,3.04894
799,-338,107,354.53,1.30343
800,-328,129,352.46,1.29579
801,-53,343,347.07,1.27599
802,98,1046,1050.58,3.86243
803,-292,1359,1390.02,5.11035
804,-235,1076,1101.36,4.04913
805,-152,917,929.51,3.41732
806,-73,1116,1118.39,4.11171
807,93,1004,1008.30,3.70698
808,-555,1324,1435.62,5.27801
809,-896,489,1020.75,3.75277
810,-1038,228,1062.75,3.90715
811,-1180,143,1188.63,4.36998
812,-731,269,778.92,2.86369
813,-459,506,683.17,2.51164
814,-403,480,626.74,2.30421
815,-402,48,404.86,1.48844
816,-696,220,729.94,2.68361
817,-589,214,626.67,2.30394
818,-194,798,821.24,3.01928
819,-233,1072,1097.03,4.03320
820,-91,953,957.33,3.51961
821,-131,825,835.34,3.07109
822,46,677,678.56,2.49471
823,305,318,440.62,1.61994
824,130,107,168.37,0.61901
825,-142,81,163.48,0.60102
826,-322,280,426.71,1.56880
827,-708,572,910.19,3.34629
828,-604,486,775.25,2.85018
829,-464,592,752.17,2.76533
830,-582,519,779.80,2.86690
831,-372,217,430.67,1.58333
832,-68,473,477.86,1.75685
833,20,452,452.44,1.66339
834,-150,878,890.72,3.27471
835,-670,998,1202.04,4.41927
836,-363,728,813.48,2.99074
837,-311,705,770.55,2.83290
838,-356,728,810.38,2.97935
839,-431,251,498.76,1.83368
840,-112,249,273.03,1.00378
841,407,203,454.82,1.67212
842,435,511,671.08,2.46720
843,14,672,672.15,2.47112
844,-324,471,571.68,2.10176
845,-241,405,471.28,1.73265
846,-54,309,313.68,1.15325
847,-162,225,277.25,1.01931
848,-560,267,620.39,2.28086
849,-765,-59,767.27,2.82085
850,-514,-281,585.80,2.15366
# END
# FRAME,91,RX_TS,579070987445,FP_INDEX,752.0312,FP_INT,752,RXPACC,270,RXPWR,-67.37,STD_NOISE,160.00,NTM,13,NOISE_THRESH,2080.00,PEAK_IDX,753,PEAK_AMPL,17495,START,702,elapsed_s,9.3277
sample,real,imag,amplitude,amplitude_norm
702,258,51,262.99,0.97405
703,440,28,440.89,1.63293
704,190,175,258.31,0.95671
705,-566,307,643.90,2.38481
706,-829,77,832.57,3.08359
707,-220,-384,442.56,1.63910
708,468,-257,533.92,1.97749
709,179,-254,310.74,1.15087
710,-328,37,330.08,1.22252
711,-790,-259,831.37,3.07916
712,-738,-81,742.43,2.74975
713,-254,141,290.51,1.07597
714,47,9,47.85,0.17724
715,-52,49,71.45,0.26463
716,-186,-214,283.53,1.05013
717,-10,57,57.87,0.21434
718,-209,-174,271.95,1.00722
719,-2,-64,64.03,0.23715
720,-116,322,342.26,1.26762
721,-673,275,727.02,2.69266
722,-971,70,973.52,3.60563
723,-521,-67,525.29,1.94552
724,-153,-72,169.09,0.62628
725,-104,-269,288.40,1.06816
726,-611,-18,611.27,2.26394
727,-949,-55,950.59,3.52071
728,-872,-148,884.47,3.27582
729,-528,151,549.17,2.03395
730,-413,58,417.05,1.54464
731,-127,-207,242.85,0.89946
732,-163,-647,667.22,2.47117
733,30,-267,268.68,0.99511
734,-359,-434,563.24,2.08607
735,-385,-344,516.30,1.91221
736,131,-712,723.95,2.68130
737,955,-559,1106.57,4.09842
738,1093,-239,1118.83,4.14380
739,650,435,782.13,2.89677
740,-383,465,602.42,2.23120
741,-310,-103,326.66,1.20986
742,514,-230,563.11,2.08560
743,1110,75,1112.53,4.12048
744,1313,317,1350.72,5.00269
745,1185,-63,1186.67,4.39509
746,886,-106,892.32,3.30488
747,436,308,533.82,1.97710
748,91,224,241.78,0.89548
749,140,30,143.18,0.53029
750,893,74,896.06,3.31874
751,2211,1383,2607.91,9.65894
752,5548,8420,10083.49,37.34624
753,6318,15953,17158.54,63.55013
754,1756,16501,16594.17,61.45990
755,-6459,8539,10706.69,39.65440
756,-8077,-4326,9162.54,33.93535
757,-1252,-2928,3184.44,11.79424
758,2523,9395,9727.87,36.02917
759,-1374,16347,16404.64,60.75793
760,-6975,12256,14101.78,52.22881
761,-4144,2395,4786.31,17.72707
762,444,-2744,2779.69,10.29515
763,3967,-4789,6218.65,23.03204
764,4888,318,4898.33,18.14197
765,2629,3448,4335.94,16.05902
766,729,2894,2984.41,11.05335
767,-1363,75,1365.06,5.05578
768,-1733,-2184,2788.04,10.32606
769,268,-1099,1131.21,4.18965
770,882,-507,1017.34,3.76791
771,577,-827,1008.39,3.73479
772,-383,-53,386.65,1.43204
773,-167,575,598.76,2.21763
774,637,208,670.10,2.48185
775,1421,-184,1432.86,5.30690
776,1769,120,1773.07,6.56691
777,197,286,347.28,1.28623
778,-1464,49,1464.82,5.42526
779,-1717,-913,1944.65,7.20240
780,-488,-1715,1783.08,6.60399
781,93,-1271,1274.40,4.71999
782,-468,-1197,1285.24,4.76014
783,-988,-866,1313.81,4.86597
784,-1737,-836,1927.71,7.13967
785,-1191,-77,1193.49,4.42032
786,-749,-68,752.08,2.78548
787,-123,-717,727.47,2.69435
788,-13,-1475,1475.06,5.46317
789,-162,-1057,1069.34,3.96053
790,-413,-634,756.65,2.80242
791,-109,-414,428.11,1.58559
792,-92,-1016,1020.16,3.77836
793,251,-377,452.91,1.67745
794,298,161,338.71,1.25448
795,571,-9,571.07,2.11508
796,29,-765,765.55,2.83537
797,-289,-846,894.00,3.31111
798,-420,-706,821.48,3.04253
799,157,-302,340.37,1.26064
800,241,-335,412.68,1.52845
801,-125,-309,333.33,1.23454
802,-649,-672,934.23,3.46011
803,-535,-1161,1278.34,4.73458
804,-392,-928,1007.40,3.73110
805,-345,-866,932.19,3.45256
806,-614,-899,1088.67,4.03210
807,-623,-623,881.06,3.26317
808,-332,-1158,1204.65,4.46168
809,468,-845,965.94,3.57757
810,733,-769,1062.38,3.93474
811,964,-937,1344.35,4.97906
812,540,-701,884.87,3.27731
813,93,-669,675.43,2.50160
814,85,-568,574.32,2.12713
815,337,-245,416.65,1.54313
816,488,-576,754.93,2.79604
817,446,-496,667.03,2.47049
818,-224,-663,699.82,2.59192
819,-325,-891,948.42,3.51268
820,-388,-748,842.64,3.12090
821,-240,-658,700.40,2.59408
822,-349,-483,595.89,2.20702
823,-344,-82,353.64,1.30977
824,-38,-54,66.03,0.24456
825,132,-162,208.97,0.77396
826,124,-368,388.33,1.43826
827,210,-867,892.07,3.30396
828,246,-677,720.31,2.66781
829,115,-674,683.74,2.53237
830,204,-732,759.89,2.81442
831,145,-380,406.72,1.50639
832,-213,-434,483.45,1.79056
833,-235,-295,377.16,1.39689
834,-372,-681,775.98,2.87400
835,-8,-1221,1221.03,4.52232
836,-140,-787,799.36,2.96058
837,-215,-778,807.16,2.98949
838,-109,-797,804.42,2.97933
839,210,-395,447.35,1.65686
840,53,-270,275.15,1.01908
841,-336,98,350.00,1.29630
842,-528,-127,543.06,2.01133
843,-325,-476,576.37,2.13470
844,40,-440,441.81,1.63635
845,12,-429,429.17,1.58951
846,-74,-300,308.99,1.14441
847,4,-224,224.04,0.82976
848,333,-496,597.42,2.21265
849,642,-392,752.22,2.78598
850,631,-57,633.57,2.34655
851,385,58,389.34,1.44202
# END
# FRAME,92,RX_TS,585460733110,FP_INDEX,752.1719,FP_INT,752,RXPACC,266,RXPWR,-67.34,STD_NOISE,160.00,NTM,13,NOISE_THRESH,2080.00,PEAK_IDX,754,PEAK_AMPL,16589,START,702,elapsed_s,9.4385
sample,real,imag,amplitude,amplitude_norm
702,66,-160,173.08,0.65067
703,9,-388,388.10,1.45904
704,176,-236,294.40,1.10677
705,282,562,628.78,2.36385
706,17,897,897.16,3.37279
707,-388,370,536.14,2.01556
708,-161,-440,468.53,1.76139
709,-318,-261,411.39,1.54659
710,-16,221,221.58,0.83300
711,-279,734,785.24,2.95202
712,-221,746,778.05,2.92499
713,126,461,477.91,1.79665
714,-12,37,38.90,0.14623
715,86,75,114.11,0.42898
716,-206,112,234.48,0.88150
717,-17,20,26.25,0.09868
718,-200,217,295.11,1.10943
719,-17,32,36.24,0.13622
720,208,112,236.24,0.88811
721,246,607,654.95,2.46223
722,-4,1050,1050.01,3.94740
723,-210,634,667.87,2.51081
724,-40,207,210.83,0.79259
725,-204,49,209.80,0.78873
726,-138,480,499.44,1.87761
727,-142,1001,1011.02,3.80083
728,-365,1000,1064.53,4.00199
729,92,738,743.71,2.79591
730,19,438,438.41,1.64816
731,-156,218,268.07,1.00777
732,-556,167,580.54,2.18248
733,-366,-25,366.85,1.37915
734,-432,309,531.14,1.99675
735,-420,435,604.67,2.27319
736,-635,48,636.81,2.39403
737,-558,-857,1022.65,3.84455
738,-137,-1040,1048.98,3.94355
739,436,-691,817.05,3.07163
740,466,398,612.83,2.30387
741,-83,475,482.20,1.81277
742,-244,-331,411.21,1.54592
743,134,-980,989.12,3.71849
744,455,-1135,1222.80,4.59701
745,262,-1045,1077.34,4.05016
746,-41,-926,926.91,3.48461
747,202,-453,496.00,1.86465
748,244,-9,244.17,0.91792
749,91,-31,96.14,0.36141
750,0,-598,598.00,2.24812
751,1040,-1583,1894.07,7.12055
752,6812,-3552,7682.45,28.88139
753,15402,-3958,15902.43,59.78358
754,16496,-256,16497.99,62.02251
755,10395,6514,12267.36,46.11791
756,-3636,8172,8944.39,33.62552
757,-4929,2119,5365.18,20.16986
758,6505,-1157,6607.09,24.83870
759,15541,2568,15751.74,59.21707
760,12713,8317,15191.87,57.11229
761,3326,6155,6996.16,26.30136
762,-1798,59,1798.97,6.76304
763,-4373,-3765,5770.47,21.69351
764,-169,-5078,5080.81,19.10080
765,3524,-2583,4369.26,16.42580
766,3370,-579,3419.38,12.85480
767,586,1115,1259.61,4.73538
768,-2188,1642,2735.60,10.28421
769,-1463,-140,1469.68,5.52513
770,-298,-891,939.51,3.53200
771,-660,-734,987.09,3.71088
772,-293,222,367.60,1.38197
773,424,390,576.09,2.16574
774,397,-374,545.42,2.05046
775,48,-1202,1202.96,4.52240
776,312,-1588,1618.36,6.08406
777,345,-510,615.73,2.31478
778,-44,1274,1274.76,4.79233
779,-941,1708,1950.06,7.33106
780,-1732,574,1824.64,6.85954
781,-1398,-264,1422.71,5.34853
782,-1191,245,1215.94,4.57120
783,-1044,634,1221.43,4.59184
784,-1137,1482,1867.91,7.02222
785,-396,1436,1489.60,5.60001
786,-108,1026,1031.67,3.87845
787,-470,378,603.15,2.26746
788,-1327,-114,1331.89,5.00710
789,-1168,-63,1169.70,4.39736
790,-825,338,891.55,3.35171
791,-377,174,415.22,1.56097
792,-987,67,989.27,3.71907
793,-507,-287,582.60,2.19021
794,83,-247,260.57,0.97960
795,242,-448,509.18,1.91422
796,-564,-234,610.62,2.29555
797,-914,156,927.22,3.48578
798,-914,413,1002.98,3.77059
799,-311,-48,314.68,1.18302
800,-239,-319,398.60,1.49850
801,-375,-35,376.63,1.41590
802,-567,505,759.29,2.85446
803,-1161,488,1259.39,4.73455
804,-978,374,1047.07,3.93636
805,-862,268,902.70,3.39361
806,-1029,491,1140.14,4.28625
807,-688,552,882.07,3.31605
808,-1147,383,1209.26,4.54607
809,-928,-360,995.38,3.74204
810,-598,-710,928.28,3.48977
811,-784,-982,1256.57,4.72397
812,-646,-733,977.04,3.67308
813,-711,-268,759.83,2.85651
814,-717,-42,718.23,2.70011
815,-298,-304,425.70,1.60037
816,-464,-504,685.06,2.57543
817,-545,-584,798.80,3.00301
818,-531,-1,531.00,1.99624
819,-983,230,1009.55,3.79530
820,-750,406,852.84,3.20617
821,-716,301,776.70,2.91991
822,-635,328,714.71,2.68688
823,-198,395,441.85,1.66108
824,-89,188,208.00,0.78196
825,-170,-43,175.35,0.65923
826,-253,-114,277.50,1.04322
827,-777,-265,820.95,3.08627
828,-664,-315,734.93,2.76289
829,-630,-205,662.51,2.49065
830,-680,-180,703.42,2.64444
831,-421,-199,465.66,1.75061
832,-418,133,438.65,1.64906
833,-342,249,423.04,1.59039
834,-536,362,646.79,2.43155
835,-1194,-21,1194.18,4.48942
836,-810,8,810.04,3.04526
837,-844,159,858.85,3.22875
838,-786,91,791.25,2.97463
839,-475,-126,491.43,1.84747
840,-289,-116,311.41,1.17072
841,73,321,329.20,1.23758
842,-60,529,532.39,2.00147
843,-467,379,601.44,2.26105
844,-420,1,420.00,1.57895
845,-435,-16,435.29,1.63644
846,-260,73,270.05,1.01524
847,-240,106,262.37,0.98634
848,-374,-255,452.66,1.70173
849,-354,-617,711.34,2.67421
850,40,-599,600.33,2.25689
851,98,-390,402.12,1.51175
# END
# FRAME,93,RX_TS,591850529964,FP_INDEX,753.0156,FP_INT,753,RXPACC,280,RXPWR,-67.20,STD_NOISE,136.00,NTM,13,NOISE_THRESH,1768.00,PEAK_IDX,755,PEAK_AMPL,18276,START,703,elapsed_s,9.5474
sample,real,imag,amplitude,amplitude_norm
703,-41,-178,182.66,0.65236
704,-138,-377,401.46,1.43380
705,121,-172,210.30,0.75106
706,550,550,777.82,2.77792
707,361,870,941.92,3.36401
708,-223,445,497.75,1.77767
709,-363,-306,474.77,1.69560
710,-324,16,324.39,1.15855
711,138,425,446.84,1.59587
712,54,881,882.65,3.15233
713,213,750,779.66,2.78450
714,279,261,382.05,1.36446
715,-9,78,78.52,0.28042
716,142,131,193.20,0.68999
717,-146,251,290.37,1.03705
718,39,31,49.82,0.17793
719,-138,319,347.57,1.24132
720,-11,68,68.88,0.24601
721,365,28,366.07,1.30740
722,505,550,746.68,2.66670
723,430,1023,1109.70,3.96321
724,64,680,683.01,2.43930
725,-91,154,178.88,0.63885
726,-186,265,323.76,1.15629
727,212,672,704.65,2.51660
728,302,1059,1101.22,3.93293
729,196,1029,1047.50,3.74107
730,381,546,665.79,2.37782
731,236,419,480.89,1.71747
732,-77,322,331.08,1.18242
733,-478,457,661.31,2.36183
734,-254,191,317.80,1.13500
735,-255,614,664.85,2.37445
736,-129,628,641.11,2.28969
737,-690,225,725.76,2.59199
738,-926,-637,1123.94,4.01408
739,-607,-906,1090.54,3.89480
740,230,-832,863.21,3.08288
741,574,261,630.55,2.25197
742,47,419,421.63,1.50581
743,-402,-274,486.50,1.73749
744,-341,-1026,1081.18,3.86137
745,-166,-1370,1380.02,4.92864
746,-397,-986,1062.92,3.79615
747,-430,-696,818.12,2.92185
748,66,-485,489.47,1.74811
749,210,-124,243.88,0.87099
750,-31,-31,43.84,0.15657
751,-320,-767,831.08,2.96813
752,489,-2485,2532.66,9.04520
753,5954,-8128,10075.44,35.98372
754,13811,-12184,18417.21,65.77575
755,16290,-8343,18302.18,65.36493
756,11191,2701,11512.34,41.11549
757,-985,9588,9638.46,34.42308
758,-2595,2738,3772.36,13.47270
759,7792,-5563,9574.04,34.19300
760,16479,-4858,17180.15,61.35768
761,14657,2274,14832.35,52.97269
762,4273,3503,5525.35,19.73341
763,-2646,784,2759.71,9.85609
764,-6071,-1823,6338.80,22.63857
765,-1653,-4801,5077.60,18.13428
766,2348,-3894,4547.12,16.23973
767,2657,-1772,3193.69,11.40602
768,726,1386,1564.63,5.58797
769,-1433,2619,2985.41,10.66217
770,-1217,226,1237.81,4.42074
771,-755,-637,987.82,3.52794
772,-939,-208,961.76,3.43486
773,88,497,504.73,1.80261
774,576,116,587.56,2.09844
775,-27,-598,598.61,2.13789
776,-636,-1203,1360.77,4.85991
777,-546,-1691,1776.96,6.34630
778,130,-291,318.72,1.13828
779,646,1477,1612.09,5.75748
780,-189,2066,2074.63,7.40938
781,-1449,1230,1900.66,6.78806
782,-1270,387,1327.66,4.74163
783,-885,941,1291.78,4.61351
784,-464,1274,1355.87,4.84238
785,-103,2106,2108.52,7.53042
786,503,1479,1562.19,5.57926
787,367,973,1039.91,3.71397
788,-306,499,585.35,2.09054
789,-1243,620,1389.05,4.96088
790,-970,562,1121.05,4.00374
791,-595,699,917.95,3.27838
792,-414,417,587.61,2.09861
793,-973,579,1132.24,4.04372
794,-483,-91,491.50,1.75535
795,-25,-329,329.95,1.17839
796,-174,-527,554.98,1.98208
797,-745,298,802.39,2.86568
798,-709,653,963.89,3.44248
799,-556,794,969.32,3.46184
800,-310,10,310.16,1.10772
801,-490,-32,491.04,1.75373
802,-358,269,447.80,1.59929
803,-374,899,973.69,3.47747
804,-885,969,1312.32,4.68686
805,-843,735,1118.42,3.99437
806,-688,659,952.69,3.40248
807,-663,1014,1211.51,4.32683
808,-351,870,938.14,3.35049
809,-1001,878,1331.50,4.75535
810,-1006,4,1006.01,3.59289
811,-1036,-318,1083.71,3.87038
812,-1275,-485,1364.13,4.87189
813,-887,-246,920.48,3.28743
814,-709,188,733.50,2.61965
815,-632,254,681.13,2.43261
816,-396,-133,417.74,1.49192
817,-744,-214,774.17,2.76488
818,-752,-266,797.66,2.84878
819,-519,382,644.43,2.30152
820,-672,729,991.48,3.54099
821,-465,812,935.72,3.34185
822,-530,663,848.80,3.03144
823,-397,564,689.71,2.46326
824,73,433,439.11,1.56825
825,15,156,156.72,0.55971
826,-128,33,132.19,0.47209
827,-372,43,374.48,1.33742
828,-949,135,958.55,3.42341
829,-847,52,848.59,3.03070
830,-730,189,754.07,2.69311
831,-706,182,729.08,2.60386
832,-383,54,386.79,1.38139
833,-339,365,498.14,1.77908
834,-258,367,448.61,1.60219
835,-480,683,834.80,2.98142
836,-1111,535,1233.10,4.40394
837,-650,412,769.57,2.74848
838,-693,643,945.36,3.37627
839,-728,490,877.54,3.13409
840,-507,46,509.08,1.81815
841,-306,80,316.28,1.12959
842,262,324,416.68,1.48813
843,165,633,654.15,2.33625
844,-264,576,633.62,2.26292
845,-397,183,437.15,1.56124
846,-370,166,405.53,1.44833
847,-163,251,299.28,1.06887
848,-166,187,250.05,0.89304
849,-578,-2,578.00,2.06430
850,-652,-390,759.74,2.71336
851,-285,-524,596.49,2.13032
852,-106,-337,353.28,1.26171
# END
# FRAME,94,RX_TS,598240326780,FP_INDEX,751.3906,FP_INT,751,RXPACC,281,RXPWR,-67.28,STD_NOISE,128.00,NTM,13,NOISE_THRESH,1664.00,PEAK_IDX,753,PEAK_AMPL,18768,START,701,elapsed_s,9.6417
sample,real,imag,amplitude,amplitude_norm
701,-137,81,159.15,0.56638
702,-170,357,395.41,1.40715
703,-231,282,364.53,1.29727
704,-43,-376,378.45,1.34680
705,451,-771,893.22,3.17872
706,653,-258,702.12,2.49865
707,77,458,464.43,1.65277
708,62,518,521.70,1.85657
709,74,-11,74.81,0.26624
710,654,-335,734.81,2.61497
711,831,-395,920.10,3.27438
712,278,-427,509.52,1.81325
713,57,-3,57.08,0.20313
714,26,-57,62.65,0.22295
715,246,8,246.13,0.87591
716,203,70,214.73,0.76416
717,225,-27,226.61,0.80646
718,189,34,192.03,0.68339
719,-3,-35,35.13,0.12501
720,50,-558,560.24,1.99372
721,536,-822,981.32,3.49223
722,698,-468,840.37,2.99065
723,271,-141,305.49,1.08714
724,202,116,232.94,0.82896
725,332,-74,340.15,1.21049
726,629,-633,892.37,3.17571
727,957,-596,1127.42,4.01215
728,525,-607,802.54,2.85602
729,329,-399,517.15,1.84038
730,285,-177,335.49,1.19392
731,589,178,615.31,2.18971
732,468,350,584.40,2.07972
733,535,46,536.97,1.91094
734,704,-49,705.70,2.51140
735,654,223,690.97,2.45898
736,234,1052,1077.71,3.83527
737,-412,1170,1240.42,4.41431
738,-809,708,1075.06,3.82582
739,-415,-325,527.11,1.87585
740,318,-439,542.07,1.92909
741,238,276,364.44,1.29696
742,-480,844,970.95,3.45532
743,-891,809,1203.48,4.28284
744,-951,808,1247.90,4.44094
745,-520,893,1033.37,3.67747
746,-396,526,658.40,2.34306
747,-289,5,289.04,1.02862
748,-63,-43,76.28,0.27144
749,-228,460,513.40,1.82706
750,-1248,825,1496.04,5.32398
751,-5748,57,5748.28,20.45652
752,-14751,-4584,15446.85,54.97098
753,-16446,-9351,18918.57,67.32586
754,-8983,-12280,15214.88,54.14549
755,5672,-7136,9115.60,32.43984
756,7759,461,7772.68,27.66079
757,-3299,-933,3428.39,12.20069
758,-12206,-9513,15475.26,55.07209
759,-8439,-14773,17013.47,60.54617
760,-379,-9945,9952.22,35.41715
761,1543,-502,1622.61,5.77440
762,2014,4940,5334.77,18.98495
763,-1690,5608,5857.11,20.84382
764,-4599,1182,4748.47,16.89845
765,-3727,-1216,3920.36,13.95144
766,-707,-1386,1555.91,5.53703
767,2500,-480,2545.66,9.05930
768,1918,994,2160.27,7.68779
769,-33,967,967.56,3.44328
770,38,1139,1139.63,4.05564
771,349,335,483.76,1.72157
772,151,-558,578.07,2.05719
773,-429,-44,431.25,1.53470
774,-620,863,1062.62,3.78158
775,-1062,1333,1704.33,6.06522
776,-961,588,1126.62,4.00931
777,484,-776,914.57,3.25469
778,1634,-1018,1925.17,6.85114
779,2043,258,2059.23,7.32821
780,1220,1171,1691.05,6.01796
781,939,617,1123.57,3.99847
782,1282,221,1300.91,4.62957
783,1840,-450,1894.23,6.74102
784,1646,-998,1924.92,6.85025
785,838,-904,1232.66,4.38670
786,744,-198,769.90,2.73984
787,944,752,1206.91,4.29507
788,1057,944,1417.18,5.04333
789,1072,429,1154.65,4.10909
790,581,176,607.07,2.16040
791,824,500,963.83,3.43001
792,571,623,845.09,3.00742
793,-73,323,331.15,1.17846
794,-455,278,533.21,1.89753
795,117,651,661.43,2.35384
796,868,560,1032.97,3.67604
797,1078,286,1115.29,3.96902
798,471,346,584.43,2.07982
799,47,521,523.12,1.86162
800,263,465,534.22,1.90115
801,596,-6,596.03,2.12110
802,1272,168,1283.05,4.56600
803,1139,401,1207.53,4.29725
804,1008,436,1098.25,3.90837
805,1114,242,1139.98,4.05688
806,979,35,979.63,3.48621
807,1187,221,1207.40,4.29679
808,932,884,1284.55,4.57137
809,278,997,1035.03,3.68339
810,254,1421,1443.52,5.13709
811,135,1244,1251.30,4.45304
812,438,754,871.99,3.10315
813,613,481,779.19,2.77290
814,232,485,537.63,1.91328
815,102,600,608.61,2.16587
816,190,942,960.97,3.41982
817,309,446,542.58,1.93090
818,972,403,1052.23,3.74460
819,900,234,929.92,3.30933
820,825,286,873.17,3.10736
821,831,278,876.27,3.11839
822,501,-37,502.36,1.78777
823,266,-143,302.00,1.07474
824,86,84,120.22,0.42782
825,172,226,284.01,1.01070
826,551,640,844.51,3.00538
827,567,788,970.79,3.45477
828,424,698,816.69,2.90636
829,575,619,844.86,3.00661
830,301,621,690.10,2.45588
831,379,330,502.53,1.78838
832,522,85,528.88,1.88212
833,567,-5,567.02,2.01787
834,1106,612,1264.03,4.49834
835,814,616,1020.81,3.63277
836,962,355,1025.41,3.64915
837,728,437,849.09,3.02167
838,484,538,723.67,2.57534
839,178,422,458.00,1.62991
840,223,-95,242.39,0.86261
841,297,-427,520.13,1.85101
842,640,-105,648.56,2.30803
843,492,214,536.53,1.90934
844,413,389,567.35,2.01905
845,217,151,264.37,0.94081
846,340,117,359.57,1.27960
847,212,378,433.39,1.54232
848,117,807,815.44,2.90191
849,-232,683,721.33,2.56700
850,-246,472,532.26,1.89416
# END
# FRAME,95,RX_TS,604630190666,FP_INDEX,750.3594,FP_INT,750,RXPACC,280,RXPWR,-67.32,STD_NOISE,144.00,NTM,13,NOISE_THRESH,1872.00,PEAK_IDX,752,PEAK_AMPL,17574,START,700,elapsed_s,9.7296
sample,real,imag,amplitude,amplitude_norm
700,-130,41,136.31,0.48683
701,-272,286,394.69,1.40961
702,-332,152,365.14,1.30408
703,161,-341,377.10,1.34677
704,715,-598,932.11,3.32896
705,735,-84,739.78,2.64209
706,-77,470,476.27,1.70095
707,-109,558,568.55,2.03052
708,108,53,120.30,0.42966
709,740,-132,751.68,2.68457
710,879,-120,887.15,3.16840
711,455,-351,574.65,2.05233
712,61,36,70.83,0.25297
713,59,-40,71.28,0.25458
714,248,73,258.52,0.92329
715,283,99,299.82,1.07077
716,335,44,337.88,1.20670
717,205,93,225.11,0.80396
718,8,13,15.26,0.05452
719,231,-455,510.28,1.82243
720,837,-582,1019.46,3.64092
721,848,-132,858.21,3.06504
722,377,19,377.48,1.34814
723,184,228,292.98,1.04637
724,356,48,359.22,1.28293
725,867,-424,965.12,3.44687
726,1111,-215,1131.61,4.04147
727,742,-431,858.09,3.06462
728,414,-282,500.92,1.78900
729,319,-63,325.16,1.16129
730,489,380,619.29,2.21175
731,328,523,617.34,2.20480
732,453,189,490.85,1.75302
733,618,141,633.88,2.26386
734,521,419,668.58,2.38779
735,-134,1001,1009.93,3.60689
736,-732,904,1163.20,4.15429
737,-965,356,1028.57,3.67347
738,-188,-468,504.35,1.80125
739,503,-309,590.33,2.10832
740,78,309,318.69,1.13819
741,-727,626,959.38,3.42635
742,-1165,480,1260.01,4.50004
743,-1135,414,1208.15,4.31481
744,-743,692,1015.34,3.62621
745,-558,313,639.79,2.28497
746,-279,-50,283.44,1.01230
747,-56,-24,60.93,0.21759
748,-315,342,464.96,1.66058
749,-1514,339,1551.49,5.54103
750,-5432,-1965,5776.49,20.63033
751,-12704,-9317,15754.30,56.26537
752,-12822,-14407,19286.40,68.88000
753,-4201,-14394,14994.52,53.55186
754,7799,-4686,9098.52,32.49470
755,7095,3015,7709.04,27.53227
756,-2963,-2154,3663.21,13.08288
757,-8395,-13218,15658.59,55.92355
758,-2961,-16494,16757.67,59.84883
759,3005,-9415,9882.93,35.29617
760,1642,166,1650.37,5.89418
761,297,5365,5373.21,19.19005
762,-3490,4611,5782.86,20.65306
763,-4739,-466,4761.86,17.00663
764,-3022,-2341,3822.66,13.65237
765,-151,-1529,1536.44,5.48728
766,2551,387,2580.19,9.21496
767,1522,1548,2170.90,7.75320
768,-382,845,927.33,3.31191
769,-272,1061,1095.31,3.91182
770,256,438,507.33,1.81188
771,287,-553,623.04,2.22514
772,-369,-170,406.28,1.45099
773,-909,643,1113.43,3.97654
774,-1407,885,1662.19,5.93639
775,-978,354,1040.10,3.71463
776,781,-588,977.60,3.49143
777,1897,-399,1938.51,6.92324
778,1761,880,1968.63,7.03084
779,801,1508,1707.53,6.09833
780,771,902,1186.61,4.23790
781,1153,647,1322.13,4.72188
782,1883,172,1890.84,6.75300
783,2049,-512,2112.00,7.54286
784,1247,-638,1400.73,5.00262
785,807,14,807.12,2.88258
786,560,1103,1237.02,4.41791
787,612,1236,1379.22,4.92578
788,856,723,1120.48,4.00170
789,498,297,579.84,2.07085
790,598,734,946.76,3.38130
791,368,805,885.13,3.16117
792,-163,255,302.65,1.08088
793,-446,50,448.79,1.60284
794,-47,615,616.79,2.20283
795,634,803,1023.12,3.65398
796,928,577,1092.75,3.90270
797,341,424,544.11,1.94325
798,-108,511,522.29,1.86532
799,99,512,521.48,1.86244
800,540,236,589.32,2.10471
801,1146,644,1314.55,4.69484
802,982,688,1199.03,4.28224
803,777,787,1105.94,3.94978
804,998,604,1166.54,4.16622
805,955,364,1022.02,3.65006
806,1066,599,1222.77,4.36702
807,569,1093,1232.24,4.40085
808,-90,1038,1041.89,3.72105
809,-279,1334,1362.86,4.86737
810,-345,1175,1224.60,4.37358
811,94,857,862.14,3.07907
812,415,601,730.36,2.60843
813,56,489,492.20,1.75784
814,-170,556,581.41,2.07646
815,-96,940,944.89,3.37460
816,159,497,521.81,1.86362
817,813,734,1095.32,3.91186
818,769,570,957.22,3.41863
819,696,509,862.26,3.07951
820,646,430,776.03,2.77152
821,518,41,519.62,1.85579
822,341,-3,341.01,1.21790
823,94,110,144.69,0.51676
824,7,292,292.08,1.04316
825,281,783,831.90,2.97106
826,253,899,933.92,3.33544
827,245,767,805.18,2.87564
828,273,706,756.94,2.70337
829,75,655,659.28,2.35457
830,310,352,469.05,1.67516
831,483,285,560.82,2.00291
832,562,246,613.48,2.19101
833,794,921,1216.01,4.34289
834,476,828,955.07,3.41097
835,710,645,959.23,3.42583
836,501,599,780.90,2.78892
837,222,622,660.43,2.35868
838,33,446,447.22,1.59721
839,254,-38,256.83,0.91724
840,461,-245,522.06,1.86450
841,651,98,658.34,2.35120
842,389,387,548.72,1.95970
843,360,492,609.64,2.17729
844,166,267,314.40,1.12284
845,249,281,375.45,1.34089
846,140,403,426.63,1.52366
847,-62,804,806.39,2.87995
848,-423,587,723.53,2.58404
849,-370,323,491.15,1.75411
# END
# FRAME,96,RX_TS,611019987446,FP_INDEX,749.9219,FP_INT,749,RXPACC,283,RXPWR,-67.32,STD_NOISE,172.00,NTM,13,NOISE_THRESH,2236.00,PEAK_IDX,751,PEAK_AMPL,18617,START,699,elapsed_s,9.8549
sample,real,imag,amplitude,amplitude_norm
699,56,70,89.64,0.31676
700,-178,-127,218.66,0.77266
701,-288,-224,364.86,1.28924
702,34,-165,168.47,0.59529
703,745,313,808.08,2.85541
704,668,581,885.32,3.12833
705,-73,435,441.08,1.55860
706,-539,-135,555.65,1.96342
707,-273,171,322.13,1.13828
708,267,353,442.60,1.56397
709,377,806,889.81,3.14421
710,536,634,830.21,2.93361
711,312,123,335.37,1.18505
712,5,59,59.21,0.20923
713,98,118,153.39,0.54201
714,-59,312,317.53,1.12201
715,51,44,67.36,0.23801
716,14,305,305.32,1.07887
717,-46,28,53.85,0.19029
718,325,-149,357.53,1.26335
719,740,387,835.09,2.95083
720,745,789,1085.15,3.83444
721,282,531,601.24,2.12451
722,33,170,173.17,0.61192
723,-91,283,297.27,1.05043
724,478,489,683.82,2.41631
725,654,867,1086.00,3.83747
726,578,921,1087.35,3.84222
727,558,362,665.14,2.35031
728,401,295,497.82,1.75909
729,67,343,349.48,1.23492
730,-286,679,736.77,2.60344
731,-154,294,331.89,1.17276
732,1,692,692.00,2.44523
733,65,616,619.42,2.18876
734,-651,421,775.27,2.73947
735,-1063,-272,1097.25,3.87720
736,-955,-627,1142.43,4.03687
737,-12,-726,726.10,2.56572
738,668,144,683.34,2.41465
739,138,409,431.65,1.52528
740,-591,-154,610.73,2.15807
741,-746,-813,1103.40,3.89893
742,-661,-1101,1284.18,4.53774
743,-783,-676,1034.44,3.65526
744,-664,-531,850.21,3.00428
745,-35,-482,483.27,1.70766
746,156,-174,233.69,0.82577
747,-85,-60,104.04,0.36764
748,-647,-693,948.08,3.35011
749,-513,-2713,2761.08,9.75645
750,2559,-10433,10742.25,37.95849
751,8245,-16469,18417.60,65.07986
752,12237,-13657,18337.33,64.79623
753,10935,-747,10960.49,38.72963
754,2327,9381,9665.30,34.15302
755,-1131,2684,2912.56,10.29174
756,5701,-8993,10647.79,37.62470
757,13882,-11025,17727.39,62.64097
758,14202,-3373,14597.05,51.57969
759,4705,1614,4974.14,17.57645
760,-2559,1823,3141.94,11.10227
761,-6427,452,6442.87,22.76634
762,-3121,-3991,5066.43,17.90258
763,761,-4381,4446.60,15.71238
764,1754,-2447,3010.70,10.63852
765,1076,1205,1615.49,5.70844
766,-418,2962,2991.35,10.57014
767,-1018,587,1175.11,4.15235
768,-1003,-249,1033.45,3.65175
769,-958,274,996.41,3.52090
770,338,354,489.45,1.72950
771,530,-225,575.78,2.03457
772,-307,-529,611.63,2.16123
773,-1105,-846,1391.67,4.91756
774,-1014,-1308,1655.01,5.84809
775,209,-179,275.18,0.97235
776,1182,1169,1662.43,5.87432
777,461,2036,2087.54,7.37646
778,-972,1720,1975.65,6.98109
779,-984,934,1356.69,4.79396
780,-496,1313,1403.56,4.95958
781,121,1533,1537.77,5.43381
782,671,2280,2376.69,8.39819
783,1002,1347,1678.81,5.93220
784,635,1022,1203.21,4.25162
785,-204,825,849.85,3.00300
786,-935,1002,1370.48,4.84270
787,-673,785,1034.00,3.65371
788,-275,846,889.57,3.14337
789,-282,559,626.10,2.21238
790,-647,856,1073.01,3.79155
791,-436,67,441.12,1.55872
792,-164,-295,337.52,1.19266
793,-429,-344,549.89,1.94307
794,-603,628,870.63,3.07642
795,-399,906,989.97,3.49812
796,-220,861,888.66,3.14015
797,-326,99,340.70,1.20389
798,-400,93,410.67,1.45113
799,-229,314,388.63,1.37327
800,-31,968,968.50,3.42225
801,-391,1229,1289.70,4.55724
802,-403,1010,1087.43,3.84252
803,-307,928,977.46,3.45393
804,-200,1141,1158.40,4.09327
805,-1,957,957.00,3.38163
806,-639,1151,1316.48,4.65188
807,-948,391,1025.47,3.62356
808,-1156,140,1164.45,4.11465
809,-1321,12,1321.05,4.66804
810,-895,234,925.08,3.26885
811,-593,454,746.84,2.63900
812,-515,407,656.41,2.31947
813,-424,-12,424.17,1.49883
814,-731,117,740.30,2.61592
815,-609,112,619.21,2.18803
816,-258,647,696.54,2.46128
817,-322,993,1043.90,3.68870
818,-216,971,994.73,3.51496
819,-261,742,786.57,2.77938
820,-84,672,677.23,2.39304
821,241,445,506.07,1.78823
822,102,282,299.88,1.05965
823,-191,97,214.22,0.75696
824,-395,293,491.81,1.73783
825,-785,545,955.64,3.37682
826,-681,371,775.50,2.74029
827,-522,490,715.95,2.52986
828,-653,430,781.86,2.76277
829,-364,249,441.02,1.55837
830,-160,570,592.03,2.09198
831,-26,504,504.67,1.78329
832,-282,816,863.35,3.05072
833,-888,934,1288.76,4.55392
834,-432,629,763.06,2.69634
835,-384,741,834.59,2.94907
836,-512,721,884.30,3.12473
837,-485,233,538.07,1.90129
838,-184,271,327.56,1.15746
839,412,262,488.25,1.72526
840,335,556,649.12,2.29372
841,-85,639,644.63,2.27784
842,-361,395,535.11,1.89086
843,-316,387,499.62,1.76546
844,-85,293,305.08,1.07802
845,-145,186,235.84,0.83336
846,-579,175,604.87,2.13734
847,-759,-137,771.27,2.72532
848,-457,-292,542.32,1.91633
# END
# FRAME,97,RX_TS,617409774462,FP_INDEX,748.4219,FP_INT,748,RXPACC,267,RXPWR,-67.56,STD_NOISE,140.00,NTM,13,NOISE_THRESH,1820.00,PEAK_IDX,750,PEAK_AMPL,17845,START,698,elapsed_s,9.9497
sample,real,imag,amplitude,amplitude_norm
698,-64,82,104.02,0.38959
699,-88,356,366.72,1.37346
700,-158,303,341.72,1.27985
701,-86,-322,333.29,1.24826
702,272,-760,807.21,3.02325
703,538,-390,664.49,2.48872
704,166,426,457.20,1.71236
705,139,473,493.00,1.84645
706,82,58,100.44,0.37618
707,549,-361,657.06,2.46088
708,679,-468,824.66,3.08862
709,256,-493,555.50,2.08054
710,101,-29,105.08,0.39356
711,-26,8,27.20,0.10188
712,156,29,158.67,0.59428
713,165,71,179.63,0.67276
714,224,-108,248.68,0.93137
715,221,43,225.14,0.84324
716,-5,-15,15.81,0.05922
717,-91,-542,549.59,2.05838
718,375,-861,939.12,3.51730
719,615,-541,819.09,3.06775
720,238,-187,302.68,1.13362
721,240,88,255.62,0.95740
722,277,-96,293.16,1.09799
723,427,-734,849.17,3.18040
724,747,-671,1004.12,3.76074
725,355,-611,706.64,2.64661
726,205,-398,447.69,1.67675
727,169,-200,261.84,0.98068
728,487,116,500.62,1.87500
729,521,372,640.18,2.39766
730,471,7,471.05,1.76424
731,564,-183,592.95,2.22077
732,630,114,640.23,2.39787
733,385,959,1033.40,3.87039
734,-155,1131,1141.57,4.27555
735,-597,803,1000.61,3.74760
736,-398,-270,480.94,1.80128
737,207,-470,513.57,1.92346
738,213,235,317.17,1.18789
739,-318,839,897.24,3.36046
740,-782,930,1215.08,4.55087
741,-766,914,1192.54,4.46644
742,-290,898,943.67,3.53433
743,-317,546,631.35,2.36461
744,-282,72,291.05,1.09006
745,-23,10,25.08,0.09393
746,-117,426,441.77,1.65459
747,-1019,1014,1437.55,5.38409
748,-5256,1100,5369.87,20.11188
749,-14162,-1557,14247.33,53.36080
750,-16480,-5658,17424.22,65.25924
751,-10615,-9822,14462.02,54.16485
752,3775,-7803,8668.18,32.46511
753,7355,-1009,7423.89,27.80482
754,-3055,-175,3060.01,11.46070
755,-12909,-6758,14570.96,54.57288
756,-10562,-12265,16185.98,60.62166
757,-2218,-9420,9677.60,36.24569
758,1370,-944,1663.74,6.23124
759,2755,4247,5062.31,18.95998
760,-529,5567,5592.08,20.94411
761,-4050,1967,4502.40,16.86291
762,-3689,-498,3722.46,13.94181
763,-937,-1248,1560.60,5.84494
764,2271,-985,2475.41,9.27121
765,2098,498,2156.29,8.07601
766,162,947,960.76,3.59834
767,241,1070,1096.80,4.10788
768,455,302,546.10,2.04533
769,11,-560,560.11,2.09778
770,-408,-42,410.16,1.53616
771,-431,875,975.39,3.65315
772,-819,1414,1634.06,6.12008
773,-780,722,1062.87,3.98077
774,292,-772,825.38,3.09130
775,1364,-1239,1842.72,6.90157
776,1901,-131,1905.51,7.13674
777,1408,946,1696.28,6.35312
778,1109,469,1204.09,4.50972
779,1303,-16,1303.10,4.88052
780,1674,-639,1791.81,6.71091
781,1526,-1046,1850.08,6.92913
782,695,-909,1144.25,4.28558
783,728,-304,788.92,2.95477
784,1065,450,1156.17,4.33022
785,1065,647,1246.13,4.66714
786,978,231,1004.91,3.76371
787,516,86,523.12,1.95924
788,850,340,915.48,3.42876
789,706,506,868.60,3.25320
790,-25,355,355.88,1.33288
791,-344,354,493.61,1.84873
792,247,583,633.17,2.37140
793,874,391,957.47,3.58605
794,979,98,983.89,3.68499
795,522,205,560.81,2.10042
796,107,442,454.77,1.70325
797,317,363,481.93,1.80499
798,523,-57,526.10,1.97040
799,1177,-14,1177.08,4.40855
800,1155,166,1166.87,4.37029
801,966,265,1001.69,3.75164
802,1076,95,1080.19,4.04564
803,941,-66,943.31,3.53300
804,1150,39,1150.66,4.30959
805,998,664,1198.71,4.48954
806,383,872,952.40,3.56706
807,390,1259,1318.02,4.93641
808,286,1075,1112.39,4.16627
809,476,669,821.06,3.07513
810,655,388,761.29,2.85129
811,272,427,506.27,1.89616
812,75,533,538.25,2.01592
813,281,872,916.16,3.43130
814,342,394,521.73,1.95404
815,1029,179,1044.45,3.91181
816,961,128,969.49,3.63104
817,835,187,855.68,3.20481
818,770,118,778.99,2.91756
819,433,-153,459.24,1.71999
820,274,-144,309.54,1.15931
821,181,93,203.49,0.76215
822,213,194,288.11,1.07905
823,626,500,801.17,3.00064
824,588,684,902.00,3.37827
825,487,620,788.40,2.95280
826,537,479,719.59,2.69509
827,346,471,584.43,2.18887
828,368,191,414.61,1.55286
829,549,104,558.76,2.09275
830,550,-22,550.44,2.06157
831,1122,556,1252.21,4.68991
832,803,613,1010.24,3.78366
833,829,265,870.33,3.25965
834,728,314,792.83,2.96940
835,527,508,731.98,2.74149
836,242,427,490.81,1.83823
837,147,-82,168.32,0.63043
838,185,-406,446.16,1.67102
839,602,-198,633.73,2.37350
840,551,161,574.04,2.14996
841,452,301,543.05,2.03390
842,248,183,308.21,1.15434
843,288,92,302.34,1.13235
844,224,356,420.61,1.57531
845,174,701,722.27,2.70514
846,-130,647,659.93,2.47165
847,-223,441,494.18,1.85085
# END
# FRAME,98,RX_TS,623799571211,FP_INDEX,754.0000,FP_INT,754,RXPACC,274,RXPWR,-67.31,STD_NOISE,168.00,NTM,13,NOISE_THRESH,2184.00,PEAK_IDX,755,PEAK_AMPL,18025,START,704,elapsed_s,10.0394
sample,real,imag,amplitude,amplitude_norm
704,-149,-149,210.72,0.76904
705,-334,-211,395.07,1.44185
706,-18,-206,206.78,0.75469
707,701,193,727.08,2.65359
708,735,535,909.09,3.31786
709,-27,478,478.76,1.74731
710,-507,-25,507.62,1.85261
711,-299,191,354.80,1.29489
712,289,296,413.69,1.50981
713,495,738,888.63,3.24319
714,553,616,827.81,3.02119
715,349,136,374.56,1.36702
716,19,5,19.65,0.07170
717,154,47,161.01,0.58764
718,34,289,290.99,1.06202
719,70,23,73.68,0.26891
720,38,304,306.37,1.11812
721,-41,120,126.81,0.46281
722,327,-62,332.83,1.21469
723,716,266,763.81,2.78764
724,837,666,1069.64,3.90379
725,358,470,590.82,2.15626
726,38,181,184.95,0.67499
727,-48,322,325.56,1.18817
728,490,467,676.90,2.47043
729,719,737,1029.63,3.75776
730,587,800,992.25,3.62137
731,548,328,638.66,2.33088
732,380,260,460.43,1.68042
733,135,306,334.46,1.22064
734,-222,617,655.72,2.39315
735,-150,311,345.28,1.26016
736,104,660,668.14,2.43848
737,155,617,636.17,2.32179
738,-550,549,777.11,2.83617
739,-1102,-77,1104.69,4.03170
740,-960,-500,1082.40,3.95038
741,-144,-692,706.82,2.57965
742,637,-5,637.02,2.32489
743,164,369,403.80,1.47373
744,-528,-56,530.96,1.93782
745,-814,-711,1080.79,3.94451
746,-808,-1047,1322.53,4.82673
747,-835,-613,1035.85,3.78049
748,-738,-414,846.19,3.08829
749,-139,-401,424.41,1.54893
750,150,-151,212.84,0.77679
751,-49,-28,56.44,0.20597
752,-655,-529,841.94,3.07278
753,-787,-2524,2643.85,9.64909
754,1150,-10050,10115.58,36.91818
755,5996,-16450,17508.70,63.90036
756,10164,-14446,17663.35,64.46477
757,10695,-2426,10966.70,40.02445
758,3506,8627,9312.21,33.98615
759,-885,3154,3275.81,11.95552
760,4298,-8868,9854.66,35.96590
761,12107,-12018,17059.07,62.25937
762,13481,-4919,14350.40,52.37371
763,4985,1046,5093.56,18.58963
764,-2088,1952,2858.33,10.43186
765,-6063,1234,6187.30,22.58140
766,-3629,-3366,4949.71,18.06462
767,215,-4282,4287.39,15.64742
768,1415,-2565,2929.41,10.69128
769,1165,954,1505.77,5.49551
770,-59,2854,2854.61,10.41828
771,-975,708,1204.94,4.39760
772,-1039,-85,1042.47,3.80464
773,-910,318,963.96,3.51811
774,324,306,445.66,1.62649
775,517,-265,580.96,2.12029
776,-320,-477,574.39,2.09633
777,-1192,-694,1379.31,5.03398
778,-1126,-1155,1613.04,5.88701
779,145,-234,275.28,1.00468
780,1222,1028,1596.89,5.82808
781,679,1904,2021.45,7.37755
782,-678,1726,1854.39,6.76784
783,-878,998,1329.24,4.85125
784,-367,1267,1319.08,4.81417
785,178,1334,1345.82,4.91176
786,746,1888,2030.04,7.40890
787,1035,1075,1492.26,5.44622
788,719,805,1079.35,3.93922
789,-67,770,772.91,2.82084
790,-804,1093,1356.86,4.95204
791,-566,870,1037.91,3.78799
792,-146,818,830.93,3.03258
793,-166,540,564.94,2.06182
794,-564,953,1107.39,4.04156
795,-538,169,563.92,2.05810
796,-186,-211,281.28,1.02656
797,-395,-205,445.03,1.62419
798,-516,704,872.85,3.18559
799,-370,896,969.39,3.53792
800,-143,893,904.38,3.30065
801,-253,129,283.99,1.03646
802,-311,121,333.71,1.21792
803,-74,376,383.21,1.39859
804,151,938,950.08,3.46743
805,-255,1275,1300.25,4.74544
806,-251,1052,1081.53,3.94719
807,-263,877,915.59,3.34156
808,-91,1196,1199.46,4.37758
809,109,1009,1014.87,3.70391
810,-478,1304,1388.85,5.06879
811,-868,508,1005.73,3.67054
812,-1023,229,1048.32,3.82598
813,-1280,201,1295.69,4.72878
814,-870,295,918.65,3.35275
815,-496,564,751.07,2.74115
816,-406,473,623.35,2.27500
817,-375,-25,375.83,1.37165
818,-705,76,709.08,2.58790
819,-646,123,657.61,2.40002
820,-216,661,695.40,2.53795
821,-279,1021,1058.43,3.86290
822,-101,939,944.42,3.44677
823,-160,758,774.70,2.82738
824,17,693,693.21,2.52996
825,302,351,463.04,1.68992
826,109,165,197.75,0.72172
827,-192,123,228.02,0.83219
828,-372,290,471.68,1.72147
829,-752,591,956.44,3.49067
830,-643,390,752.03,2.74463
831,-515,480,704.01,2.56937
832,-591,525,790.51,2.88507
833,-358,266,446.00,1.62775
834,-26,540,540.63,1.97309
835,50,531,533.35,1.94653
836,-163,854,869.42,3.17305
837,-842,1073,1363.93,4.97783
838,-394,727,826.90,3.01789
839,-312,771,831.74,3.03553
840,-396,725,826.10,3.01496
841,-379,272,466.50,1.70257
842,-156,234,281.23,1.02640
843,366,185,410.10,1.49671
844,395,493,631.72,2.30556
845,-32,630,630.81,2.30223
846,-265,374,458.37,1.67288
847,-265,419,495.77,1.80937
848,-72,336,343.63,1.25412
849,-148,216,261.84,0.95562
850,-559,233,605.62,2.21028
851,-736,-9,736.06,2.68633
852,-534,-218,576.78,2.10505
853,-215,-146,259.89,0.94849
# END
# FRAME,99,RX_TS,630189361260,FP_INDEX,751.8906,FP_INT,751,RXPACC,280,RXPWR,-67.41,STD_NOISE,144.00,NTM,13,NOISE_THRESH,1872.00,PEAK_IDX,753,PEAK_AMPL,18308,START,701,elapsed_s,10.1320
sample,real,imag,amplitude,amplitude_norm
701,0,6,6.00,0.02143
702,200,176,266.41,0.95148
703,329,292,439.89,1.57104
704,-28,245,246.59,0.88070
705,-701,-216,733.52,2.61973
706,-629,-595,865.83,3.09226
707,185,-407,447.07,1.59669
708,657,143,672.38,2.40137
709,404,-48,406.84,1.45301
710,-196,-306,363.39,1.29782
711,-325,-736,804.56,2.87344
712,-437,-557,707.97,2.52846
713,-201,-85,218.23,0.77941
714,21,26,33.42,0.11936
715,-110,2,110.02,0.39292
716,66,-254,262.43,0.93727
717,-38,-31,49.04,0.17515
718,76,-305,314.33,1.12259
719,148,-23,149.78,0.53492
720,-263,109,284.69,1.01676
721,-730,-295,787.35,2.81198
722,-708,-721,1010.50,3.60892
723,-216,-439,489.26,1.74736
724,16,-109,110.17,0.39346
725,122,-250,278.18,0.99350
726,-392,-455,600.57,2.14491
727,-629,-783,1004.36,3.58698
728,-560,-754,939.21,3.35432
729,-509,-288,584.83,2.08868
730,-283,-266,388.39,1.38710
731,65,-336,342.23,1.22225
732,354,-628,720.90,2.57465
733,223,-201,300.22,1.07220
734,63,-639,642.10,2.29321
735,-21,-583,583.38,2.08349
736,706,-479,853.16,3.04699
737,1184,268,1213.95,4.33554
738,1065,670,1258.22,4.49365
739,137,845,856.03,3.05726
740,-549,-43,550.68,1.96672
741,-65,-371,376.65,1.34518
742,602,188,630.67,2.25240
743,858,853,1209.86,4.32095
744,742,1204,1414.28,5.05099
745,820,712,1085.98,3.87849
746,700,546,887.76,3.17057
747,79,496,502.25,1.79376
748,-97,176,200.96,0.71771
749,143,130,193.26,0.69021
750,710,706,1001.27,3.57595
751,656,2838,2912.83,10.40297
752,-2309,10763,11007.89,39.31390
753,-7744,16486,18214.22,65.05077
754,-11717,13677,18009.68,64.32027
755,-10589,734,10614.41,37.90860
756,-2241,-9242,9509.82,33.96364
757,1166,-2390,2659.26,9.49735
758,-5511,9285,10797.33,38.56189
759,-13476,11173,17505.38,62.51923
760,-13825,3434,14245.10,50.87537
761,-4356,-1457,4593.21,16.40432
762,2654,-1854,3237.44,11.56229
763,6469,-469,6485.98,23.16421
764,3214,4010,5139.06,18.35377
765,-636,4365,4411.09,15.75389
766,-1598,2435,2912.53,10.40189
767,-978,-1157,1514.97,5.41061
768,455,-2832,2868.32,10.24399
769,1115,-421,1191.83,4.25655
770,1075,309,1118.53,3.99474
771,1006,-225,1030.85,3.68162
772,-312,-311,440.53,1.57331
773,-492,325,589.65,2.10590
774,414,597,726.50,2.59465
775,1193,865,1473.59,5.26283
776,1127,1357,1763.97,6.29988
777,-149,236,279.10,0.99679
778,-1135,-1129,1600.90,5.71748
779,-444,-1976,2025.27,7.23310
780,986,-1566,1850.55,6.60912
781,955,-825,1262.00,4.50715
782,510,-1147,1255.27,4.48312
783,-61,-1386,1387.34,4.95479
784,-791,-2079,2224.39,7.94426
785,-1140,-1182,1642.17,5.86489
786,-667,-895,1116.21,3.98645
787,273,-724,773.76,2.76343
788,1054,-927,1403.65,5.01305
789,743,-786,1081.59,3.86283
790,256,-782,822.84,2.93870
791,267,-569,628.53,2.24475
792,695,-874,1116.65,3.98803
793,475,11,475.13,1.69688
794,208,383,435.84,1.55656
795,587,345,680.88,2.43170
796,746,-596,954.85,3.41017
797,484,-833,963.40,3.44072
798,310,-825,881.32,3.14757
799,459,-62,463.17,1.65417
800,544,-95,552.23,1.97226
801,182,-283,336.47,1.20168
802,53,-965,966.45,3.45162
803,435,-1237,1311.26,4.68306
804,414,-986,1069.39,3.81924
805,350,-891,957.28,3.41885
806,215,-1022,1044.37,3.72989
807,109,-924,930.41,3.32288
808,784,-1161,1400.92,5.00329
809,1011,-342,1067.28,3.81171
810,1186,-54,1187.23,4.24010
811,1347,41,1347.62,4.81294
812,946,-123,953.96,3.40701
813,604,-404,726.66,2.59521
814,564,-371,675.08,2.41101
815,461,82,468.24,1.67227
816,796,-125,805.75,2.87770
817,644,-50,645.94,2.30692
818,274,-613,671.45,2.39804
819,385,-888,967.87,3.45667
820,302,-865,916.20,3.27216
821,302,-712,773.40,2.76214
822,153,-659,676.53,2.41617
823,-236,-324,400.84,1.43157
824,-29,-115,118.60,0.42357
825,255,-33,257.13,0.91831
826,422,-271,501.52,1.79115
827,823,-470,947.75,3.38482
828,729,-348,807.80,2.88501
829,608,-462,763.62,2.72720
830,664,-379,764.55,2.73054
831,412,-141,435.46,1.55521
832,166,-516,542.04,1.93587
833,23,-478,478.55,1.70912
834,303,-853,905.22,3.23292
835,881,-899,1258.71,4.49541
836,566,-610,832.14,2.97193
837,502,-602,783.84,2.79943
838,529,-621,815.77,2.91347
839,467,-188,503.42,1.79793
840,208,-216,299.87,1.07095
841,-296,-188,350.66,1.25234
842,-257,-493,555.97,1.98559
843,141,-561,578.45,2.06589
844,422,-322,530.82,1.89578
845,341,-312,462.20,1.65070
846,90,-297,310.34,1.10835
847,178,-175,249.62,0.89149
848,650,-95,656.91,2.34609
849,845,216,872.17,3.11489
850,604,425,738.54,2.63764
# END
# FRAME,100,RX_TS,636579157950,FP_INDEX,748.7969,FP_INT,748,RXPACC,267,RXPWR,-67.37,STD_NOISE,128.00,NTM,13,NOISE_THRESH,1664.00,PEAK_IDX,750,PEAK_AMPL,17666,START,698,elapsed_s,10.2419
sample,real,imag,amplitude,amplitude_norm
698,-44,19,47.93,0.17950
699,-146,287,322.00,1.20600
700,-215,444,493.32,1.84763
701,-149,-42,154.81,0.57980
702,177,-707,728.82,2.72966
703,520,-636,821.52,3.07686
704,364,214,422.25,1.58145
705,24,587,587.49,2.20034
706,123,251,279.52,1.04688
707,303,-316,437.80,1.63968
708,655,-429,782.99,2.93253
709,331,-568,657.41,2.46220
710,36,-191,194.36,0.72795
711,3,-26,26.17,0.09802
712,87,-30,92.03,0.34467
713,269,38,271.67,1.01749
714,56,-57,79.91,0.29927
715,295,32,296.73,1.11135
716,36,48,60.00,0.22472
717,-166,-347,384.66,1.44068
718,278,-749,798.93,2.99224
719,637,-743,978.68,3.66547
720,382,-285,476.60,1.78502
721,169,91,191.94,0.71889
722,308,74,316.76,1.18639
723,512,-537,741.97,2.77890
724,815,-760,1114.37,4.17368
725,651,-668,932.75,3.49345
726,232,-480,533.13,1.99673
727,210,-352,409.88,1.53514
728,350,-46,353.01,1.32213
729,674,317,744.83,2.78961
730,314,112,333.38,1.24860
731,641,-151,658.55,2.46646
732,642,-152,659.75,2.47097
733,520,602,795.49,2.97936
734,-79,1162,1164.68,4.36211
735,-488,1023,1133.43,4.24507
736,-684,173,705.54,2.64247
737,82,-548,554.10,2.07528
738,349,-30,350.29,1.31194
739,-147,720,734.85,2.75226
740,-707,944,1179.40,4.41723
741,-961,945,1347.79,5.04791
742,-444,958,1055.89,3.95464
743,-293,746,801.48,3.00179
744,-400,199,446.77,1.67329
745,-141,-20,142.41,0.53338
746,-12,244,244.29,0.91496
747,-586,862,1042.32,3.90384
748,-3012,1080,3199.77,11.98417
749,-11534,-788,11560.89,43.29920
750,-16480,-4948,17206.78,64.44485
751,-13723,-9206,16524.87,61.89088
752,-596,-9445,9463.79,35.44489
753,8585,-2754,9015.92,33.76748
754,1157,577,1292.90,4.84230
755,-10655,-4638,11620.67,43.52312
756,-12122,-11522,16724.21,62.63751
757,-4474,-11994,12801.28,47.94486
758,933,-3328,3456.31,12.94498
759,2400,2726,3631.95,13.60282
760,1009,6075,6158.22,23.06450
761,-3521,3199,4757.21,17.81726
762,-4016,-119,4017.76,15.04780
763,-2076,-1152,2374.21,8.89218
764,1359,-1098,1747.14,6.54358
765,2726,195,2732.97,10.23583
766,468,954,1062.61,3.97981
767,-28,1064,1064.37,3.98640
768,436,701,825.53,3.09187
769,242,-472,530.42,1.98660
770,-358,-323,482.18,1.80590
771,-446,569,722.96,2.70773
772,-650,1305,1457.92,5.46037
773,-934,1178,1503.34,5.63050
774,-48,-328,331.49,1.24155
775,1093,-1244,1655.95,6.20208
776,1882,-591,1972.61,7.38807
777,1626,713,1775.46,6.64965
778,948,670,1160.86,4.34780
779,1281,246,1304.41,4.88542
780,1431,-387,1482.41,5.55209
781,1847,-1095,2147.19,8.04192
782,884,-1184,1477.60,5.53410
783,789,-662,1029.93,3.85743
784,873,438,976.72,3.65811
785,1211,1004,1573.07,5.89163
786,1000,484,1110.97,4.16094
787,725,93,730.94,2.73760
788,648,229,687.27,2.57406
789,919,582,1087.79,4.07412
790,126,466,482.73,1.80799
791,-258,220,339.06,1.26990
792,-49,564,566.12,2.12032
793,759,462,888.55,3.32791
794,913,208,936.39,3.50709
795,760,88,765.08,2.86546
796,106,407,420.58,1.57519
797,188,402,443.79,1.66213
798,355,91,366.48,1.37258
799,1039,-105,1044.29,3.91121
800,1150,179,1163.85,4.35898
801,944,172,959.54,3.59379
802,918,132,927.44,3.47356
803,1077,45,1077.94,4.03723
804,971,-110,977.21,3.65997
805,1205,526,1314.80,4.92435
806,425,852,952.12,3.56599
807,367,1134,1191.91,4.46408
808,283,1365,1394.03,5.22108
809,435,883,984.33,3.68665
810,528,452,695.05,2.60317
811,394,467,611.00,2.28840
812,130,462,479.94,1.79753
813,405,866,956.02,3.58061
814,212,614,649.57,2.43284
815,747,202,773.83,2.89824
816,956,105,961.75,3.60206
817,941,101,946.40,3.54459
818,763,132,774.33,2.90013
819,584,-41,585.44,2.19265
820,389,-267,471.82,1.76710
821,228,-49,233.21,0.87343
822,159,236,284.56,1.06578
823,365,474,598.25,2.24063
824,545,737,916.62,3.43304
825,426,614,747.31,2.79891
826,553,470,725.75,2.71815
827,492,596,772.84,2.89453
828,279,301,410.42,1.53714
829,569,20,569.35,2.13240
830,484,-95,493.24,1.84732
831,964,198,984.12,3.68586
832,1055,755,1297.32,4.85889
833,738,432,855.14,3.20278
834,620,296,687.03,2.57316
835,646,383,751.00,2.81274
836,270,355,446.01,1.67045
837,271,113,293.62,1.09968
838,177,-324,369.20,1.38275
839,495,-302,579.85,2.17173
840,572,17,572.25,2.14327
841,367,352,508.52,1.90457
842,318,289,429.70,1.60938
843,350,44,352.75,1.32118
844,252,169,303.42,1.13641
845,321,639,715.10,2.67826
846,13,754,754.11,2.82439
847,-180,501,532.35,1.99384
# END
# FRAME,101,RX_TS,642968903413,FP_INDEX,753.2812,FP_INT,753,RXPACC,283,RXPWR,-67.37,STD_NOISE,152.00,NTM,13,NOISE_THRESH,1976.00,PEAK_IDX,755,PEAK_AMPL,18013,START,703,elapsed_s,10.3432
sample,real,imag,amplitude,amplitude_norm
703,183,24,184.57,0.65218
704,326,-226,396.68,1.40168
705,354,-40,356.25,1.25884
706,-161,494,519.57,1.83595
707,-686,647,942.98,3.33207
708,-641,61,643.90,2.27525
709,169,-389,424.12,1.49867
710,143,-457,478.85,1.69205
711,-88,114,144.01,0.50888
712,-717,210,747.12,2.64000
713,-808,127,817.92,2.89018
714,-301,304,427.80,1.51168
715,16,-3,16.28,0.05752
716,37,76,84.53,0.29869
717,-196,-62,205.57,0.72640
718,-93,39,100.85,0.35635
719,-239,-20,239.84,0.84747
720,-85,-40,93.94,0.33195
721,45,131,138.51,0.48945
722,-269,513,579.25,2.04682
723,-828,641,1047.12,3.70008
724,-766,207,793.48,2.80380
725,-284,76,293.99,1.03885
726,-170,-175,243.98,0.86211
727,-394,100,406.49,1.43637
728,-886,467,1001.54,3.53902
729,-1035,249,1064.53,3.76159
730,-618,495,791.80,2.79788
731,-400,342,526.27,1.85962
732,-245,77,256.82,0.90747
733,-419,-391,573.10,2.02508
734,-171,-451,482.33,1.70435
735,-485,-175,515.61,1.82193
736,-577,-102,585.95,2.07048
737,-419,-438,606.14,2.14184
738,324,-935,989.55,3.49663
739,829,-827,1170.97,4.13770
740,978,-266,1013.53,3.58137
741,202,558,593.44,2.09695
742,-417,297,511.96,1.80903
743,23,-341,341.77,1.20768
744,783,-539,950.58,3.35895
745,1225,-343,1272.11,4.49510
746,1125,-370,1184.28,4.18474
747,830,-644,1050.54,3.71216
748,620,-195,649.94,2.29662
749,279,206,346.81,1.22548
750,60,81,100.80,0.35619
751,488,-311,578.68,2.04479
752,1726,-213,1739.09,6.14521
753,6291,2730,6857.81,24.23255
754,13176,10436,16808.24,59.39309
755,12409,15019,19482.14,68.84147
756,3010,14111,14428.46,50.98396
757,-8499,3574,9219.90,32.57914
758,-6149,-3028,6854.12,24.21951
759,3835,3382,5113.23,18.06796
760,8096,14265,16402.30,57.95866
761,1941,16451,16565.11,58.53395
762,-3256,8403,9011.77,31.84370
763,-1433,-684,1587.87,5.61086
764,53,-5777,5777.24,20.41429
765,3926,-4059,5647.03,19.95417
766,4746,935,4837.22,17.09267
767,2874,2550,3842.18,13.57662
768,-195,1463,1475.94,5.21533
769,-2684,-554,2740.58,9.68402
770,-1154,-1483,1879.10,6.63992
771,552,-848,1011.83,3.57539
772,421,-1064,1144.26,4.04333
773,-221,-225,315.38,1.11443
774,-116,674,683.91,2.41664
775,450,243,511.42,1.80713
776,1022,-647,1209.58,4.27415
777,1589,-765,1763.56,6.23166
778,972,-94,976.53,3.45065
779,-887,735,1151.95,4.07050
780,-1943,378,1979.43,6.99444
781,-1729,-1013,2003.90,7.08091
782,-693,-1460,1616.12,5.71068
783,-735,-887,1151.95,4.07050
784,-1121,-552,1249.54,4.41533
785,-2003,-123,2006.77,7.09107
786,-2002,562,2079.39,7.34766
787,-1262,679,1433.07,5.06385
788,-780,131,790.92,2.79479
789,-491,-866,995.51,3.51770
790,-380,-1026,1094.11,3.86611
791,-750,-674,1008.35,3.56309
792,-402,-267,482.59,1.70526
793,-570,-672,881.18,3.11372
794,-117,-658,668.32,2.36156
795,306,-196,363.39,1.28406
796,480,-83,487.12,1.72128
797,18,-621,621.26,2.19527
798,-506,-733,890.69,3.14731
799,-746,-526,912.79,3.22542
800,-145,-352,380.70,1.34521
801,172,-363,401.69,1.41939
802,-99,-259,277.28,0.97977
803,-588,-103,596.95,2.10937
804,-1077,-690,1279.07,4.51969
805,-893,-738,1158.49,4.09360
806,-730,-600,944.93,3.33899
807,-893,-578,1063.74,3.75878
808,-804,-330,869.09,3.07099
809,-982,-759,1241.13,4.38562
810,-394,-1180,1244.04,4.39590
811,202,-990,1010.40,3.57031
812,316,-1337,1373.84,4.85454
813,380,-1117,1179.87,4.16915
814,-23,-860,860.31,3.03996
815,-306,-635,704.88,2.49076
816,123,-464,480.03,1.69621
817,195,-564,596.76,2.10869
818,196,-788,812.01,2.86929
819,-116,-433,448.27,1.58399
820,-748,-690,1017.65,3.59592
821,-735,-470,872.42,3.08277
822,-622,-496,795.55,2.81113
823,-612,-424,744.53,2.63084
824,-423,27,423.86,1.49774
825,-195,90,214.77,0.75890
826,-74,-139,157.47,0.55643
827,-71,-230,240.71,0.85056
828,-274,-774,821.07,2.90130
829,-120,-842,850.51,3.00533
830,-187,-737,760.35,2.68676
831,-256,-744,786.81,2.78025
832,-32,-597,597.86,2.11257
833,-303,-337,453.19,1.60137
834,-488,-229,539.06,1.90480
835,-541,-265,602.42,2.12868
836,-668,-1058,1251.23,4.42132
837,-306,-895,945.87,3.34228
838,-582,-680,895.06,3.16274
839,-461,-609,763.81,2.69897
840,-174,-550,576.87,2.03840
841,-21,-358,358.62,1.26719
842,-174,171,243.96,0.86205
843,-379,339,508.49,1.79678
844,-627,-63,630.16,2.22670
845,-303,-343,457.67,1.61719
846,-265,-435,509.36,1.79987
847,-164,-209,265.66,0.93874
848,-202,-119,234.45,0.82843
849,-26,-466,466.72,1.64920
850,270,-777,822.57,2.90662
851,506,-517,723.41,2.55623
852,512,-286,586.46,2.07231
# END
# FRAME,102,RX_TS,649358700059,FP_INDEX,750.8750,FP_INT,750,RXPACC,294,RXPWR,-67.38,STD_NOISE,148.00,NTM,13,NOISE_THRESH,1924.00,PEAK_IDX,758,PEAK_AMPL,18402,START,700,elapsed_s,10.4396
sample,real,imag,amplitude,amplitude_norm
700,0,66,66.00,0.22449
701,264,-139,298.36,1.01482
702,408,-241,473.86,1.61177
703,241,136,276.73,0.94124
704,-353,734,814.47,2.77031
705,-686,525,863.84,2.93823
706,-370,-233,437.25,1.48725
707,334,-482,586.41,1.99460
708,27,-324,325.12,1.10586
709,-344,220,408.33,1.38889
710,-902,217,927.74,3.15556
711,-702,368,792.61,2.69595
712,-127,290,316.59,1.07684
713,77,54,94.05,0.31989
714,-7,126,126.19,0.42923
715,-238,-122,267.45,0.90968
716,-19,55,58.19,0.19792
717,-279,-75,288.90,0.98267
718,6,2,6.32,0.02151
719,130,352,375.24,1.27632
720,-483,707,856.23,2.91236
721,-885,631,1086.92,3.69699
722,-473,223,522.93,1.77868
723,-143,-15,143.78,0.48906
724,-244,-174,299.69,1.01934
725,-556,345,654.34,2.22565
726,-941,505,1067.94,3.63246
727,-898,418,990.52,3.36911
728,-429,479,643.03,2.18716
729,-342,328,473.86,1.61179
730,-295,-47,298.72,1.01606
731,-545,-452,708.05,2.40832
732,-156,-229,277.09,0.94247
733,-574,-123,587.03,1.99670
734,-520,-28,520.75,1.77127
735,-197,-677,705.08,2.39823
736,567,-1092,1230.43,4.18513
737,925,-830,1242.79,4.22717
738,857,102,863.05,2.93554
739,-176,572,598.46,2.03559
740,-345,85,355.32,1.20856
741,317,-532,619.28,2.10641
742,1072,-565,1211.78,4.12170
743,1393,-399,1449.02,4.92863
744,928,-636,1125.02,3.82661
745,714,-541,895.81,3.04698
746,487,-11,487.12,1.65689
747,110,130,170.29,0.57923
748,90,-63,109.86,0.37367
749,864,-488,992.29,3.37514
750,2935,97,2936.60,9.98844
751,10126,4956,11273.77,38.34615
752,15331,12149,19561.13,66.53445
753,11455,15479,19256.60,65.49863
754,-1498,11359,11457.35,38.97058
755,-10112,305,10116.60,34.41020
756,-2490,-1856,3105.61,10.56331
757,7962,7690,11069.31,37.65070
758,8220,16458,18396.58,62.57340
759,248,15171,15173.03,51.60894
760,-2646,4438,5166.93,17.57459
761,-1153,-2992,3206.47,10.90637
762,1025,-6629,6707.78,22.81557
763,4856,-2382,5408.76,18.39713
764,4352,1746,4689.18,15.94960
765,2151,2277,3132.34,10.65420
766,-1467,872,1706.60,5.80475
767,-2925,-1045,3106.07,10.56485
768,-267,-1233,1261.58,4.29108
769,551,-1027,1165.47,3.96420
770,4,-1027,1027.01,3.49322
771,-421,290,511.22,1.73883
772,192,687,713.33,2.42628
773,684,-207,714.64,2.43074
774,1162,-949,1500.28,5.10300
775,1622,-728,1777.88,6.04722
776,208,297,362.59,1.23331
777,-1428,943,1711.27,5.82063
778,-2133,81,2134.54,7.26033
779,-1401,-1313,1920.10,6.53094
780,-618,-1197,1347.12,4.58204
781,-1072,-734,1299.21,4.41907
782,-1394,-243,1415.02,4.81300
783,-2308,222,2318.65,7.88657
784,-1518,762,1698.52,5.77728
785,-1002,487,1114.08,3.78939
786,-697,-308,762.02,2.59190
787,-650,-1192,1357.71,4.61805
788,-601,-874,1060.70,3.60781
789,-638,-416,761.64,2.59062
790,-430,-358,559.52,1.90313
791,-654,-951,1154.17,3.92576
792,92,-555,562.57,1.91352
793,284,-157,324.51,1.10377
794,372,-404,549.18,1.86796
795,-453,-694,828.76,2.81892
796,-738,-611,958.10,3.25886
797,-773,-476,907.80,3.08776
798,26,-388,388.87,1.32269
799,72,-440,445.85,1.51650
800,-225,-219,313.98,1.06797
801,-958,-238,987.12,3.35755
802,-1122,-800,1378.00,4.68707
803,-840,-587,1024.78,3.48564
804,-781,-520,938.28,3.19141
805,-1060,-421,1140.54,3.87940
806,-929,-258,964.16,3.27946
807,-993,-936,1364.60,4.64151
808,-175,-1045,1059.55,3.60392
809,226,-1148,1170.03,3.97971
810,274,-1379,1405.96,4.78217
811,21,-983,983.22,3.34430
812,-343,-709,787.61,2.67895
813,-257,-581,635.30,2.16089
814,209,-387,439.83,1.49602
815,155,-751,766.83,2.60826
816,209,-753,781.47,2.65805
817,-515,-418,663.29,2.25608
818,-818,-537,978.52,3.32828
819,-871,-402,959.29,3.26290
820,-647,-417,769.74,2.61816
821,-555,-224,598.50,2.03571
822,-367,183,410.10,1.39488
823,-137,14,137.71,0.46841
824,31,-266,267.80,0.91089
825,-192,-422,463.62,1.57696
826,-296,-814,866.15,2.94608
827,-150,-794,808.04,2.74845
828,-329,-740,809.84,2.75456
829,-254,-802,841.26,2.86143
830,-107,-399,413.10,1.40510
831,-436,-244,499.63,1.69943
832,-459,-125,475.72,1.61808
833,-703,-422,819.93,2.78889
834,-631,-1079,1249.96,4.25157
835,-509,-678,847.80,2.88367
836,-582,-600,835.90,2.84319
837,-503,-661,830.62,2.82524
838,-34,-478,479.21,1.62996
839,-78,-163,180.70,0.61463
840,-227,439,494.22,1.68101
841,-531,282,601.24,2.04502
842,-494,-133,511.59,1.74010
843,-246,-421,487.60,1.65851
844,-221,-392,450.01,1.53063
845,-226,-124,257.78,0.87681
846,-112,-209,237.12,0.80652
847,2,-673,673.00,2.28913
848,306,-704,767.63,2.61098
849,463,-379,598.34,2.03517
# END
# FRAME,103,RX_TS,655748563765,FP_INDEX,745.9062,FP_INT,745,RXPACC,275,RXPWR,-67.27,STD_NOISE,164.00,NTM,13,NOISE_THRESH,2132.00,PEAK_IDX,747,PEAK_AMPL,18273,START,695,elapsed_s,10.5373
sample,real,imag,amplitude,amplitude_norm
695,95,13,95.89,0.34867
696,-202,-91,221.55,0.80564
697,-305,-269,406.68,1.47882
698,111,-205,233.12,0.84772
699,745,297,802.02,2.91643
700,713,647,962.80,3.50108
701,-66,425,430.09,1.56398
702,-501,-102,511.28,1.85919
703,-246,139,282.55,1.02747
704,391,409,565.83,2.05756
705,431,788,898.17,3.26606
706,555,584,805.66,2.92966
707,218,105,241.97,0.87989
708,-8,44,44.72,0.16262
709,91,89,127.29,0.46286
710,-11,306,306.20,1.11345
711,62,72,95.02,0.34551
712,18,348,348.47,1.26715
713,-20,40,44.72,0.16262
714,329,-166,368.51,1.34002
715,739,309,801.00,2.91273
716,827,731,1103.76,4.01368
717,320,481,577.72,2.10080
718,7,238,238.10,0.86583
719,-61,352,357.25,1.29908
720,511,482,702.46,2.55439
721,737,749,1050.79,3.82107
722,647,757,995.82,3.62116
723,542,332,635.60,2.31127
724,353,294,459.40,1.67053
725,-20,395,395.51,1.43820
726,-305,708,770.90,2.80328
727,-184,321,370.00,1.34544
728,61,653,655.84,2.38488
729,97,584,592.00,2.15273
730,-627,488,794.53,2.88919
731,-1115,-178,1129.12,4.10589
732,-999,-555,1142.81,4.15569
733,-103,-724,731.29,2.65924
734,643,71,646.91,2.35239
735,117,392,409.09,1.48759
736,-585,-82,590.72,2.14807
737,-788,-766,1098.95,3.99620
738,-702,-1083,1290.62,4.69315
739,-800,-581,988.72,3.59533
740,-682,-397,789.13,2.86958
741,-79,-368,376.38,1.36867
742,110,-125,166.51,0.60548
743,-106,-61,122.30,0.44472
744,-685,-624,926.61,3.36948
745,-693,-2806,2890.31,10.51021
746,1861,-10657,10818.27,39.33916
747,6874,-16476,17852.46,64.91805
748,10959,-13816,17634.67,64.12607
749,10386,-1141,10448.49,37.99450
750,2676,8970,9360.66,34.03875
751,-888,2378,2538.39,9.23051
752,5196,-9420,10758.01,39.12004
753,12877,-11430,17218.07,62.61117
754,13382,-3868,13929.80,50.65382
755,4271,1226,4443.48,16.15811
756,-2441,1876,3078.61,11.19496
757,-6210,762,6256.58,22.75119
758,-3148,-3700,4857.97,17.66536
759,488,-4302,4329.59,15.74396
760,1503,-2365,2802.18,10.18976
761,1114,1252,1675.86,6.09403
762,-262,2907,2918.78,10.61376
763,-1037,567,1181.89,4.29777
764,-1054,-194,1071.71,3.89711
765,-877,397,962.67,3.50063
766,451,369,582.72,2.11898
767,506,-236,558.33,2.03029
768,-396,-493,632.35,2.29945
769,-1130,-771,1367.97,4.97443
770,-1049,-1166,1568.43,5.70336
771,278,-125,304.81,1.10840
772,1245,1122,1675.98,6.09447
773,603,1900,1993.39,7.24870
774,-750,1614,1779.75,6.47180
775,-837,917,1241.55,4.51474
776,-334,1332,1373.24,4.99359
777,224,1476,1492.90,5.42873
778,861,2114,2282.61,8.30041
779,1144,1135,1611.51,5.86003
780,764,802,1107.66,4.02784
781,-115,696,705.44,2.56522
782,-833,1024,1320.02,4.80009
783,-583,791,982.63,3.57322
784,-201,775,800.64,2.91142
785,-266,534,596.58,2.16939
786,-646,886,1096.50,3.98727
787,-479,82,485.97,1.76716
788,-223,-176,284.09,1.03304
789,-461,-122,476.87,1.73407
790,-428,673,797.57,2.90024
791,-286,879,924.36,3.36130
792,-163,888,902.84,3.28304
793,-297,131,324.61,1.18039
794,-349,190,397.37,1.44497
795,-109,406,420.38,1.52864
796,2,1061,1061.00,3.85819
797,-403,1243,1306.70,4.75163
798,-262,944,979.68,3.56249
799,-219,924,949.60,3.45308
800,-91,1100,1103.76,4.01366
801,31,982,982.49,3.57269
802,-637,1238,1392.27,5.06280
803,-871,475,992.10,3.60764
804,-1058,210,1078.64,3.92233
805,-1269,120,1274.66,4.63513
806,-816,260,856.42,3.11426
807,-507,516,723.40,2.63054
808,-454,462,647.73,2.35540
809,-430,-39,431.76,1.57005
810,-762,121,771.55,2.80563
811,-584,105,593.36,2.15769
812,-250,743,783.93,2.85066
813,-242,982,1011.38,3.67774
814,-72,998,1000.59,3.63852
815,-184,772,793.62,2.88591
816,-46,634,635.67,2.31151
817,250,381,455.70,1.65708
818,131,181,223.43,0.81248
819,-177,129,219.02,0.79644
820,-340,284,443.01,1.61094
821,-688,509,855.82,3.11207
822,-647,431,777.41,2.82695
823,-532,568,778.23,2.82994
824,-622,506,801.82,2.91572
825,-326,282,431.05,1.56744
826,-37,594,595.15,2.16419
827,27,501,501.73,1.82446
828,-120,848,856.45,3.11436
829,-759,918,1191.14,4.33140
830,-462,703,841.22,3.05899
831,-386,782,872.08,3.17119
832,-426,705,823.71,2.99532
833,-391,225,451.12,1.64042
834,-131,214,250.91,0.91241
835,332,182,378.61,1.37678
836,343,450,565.82,2.05752
837,15,564,564.20,2.05163
838,-293,344,451.87,1.64316
839,-259,351,436.21,1.58623
840,-28,316,317.24,1.15359
841,-82,213,228.24,0.82996
842,-580,232,624.68,2.27156
843,-774,-62,776.48,2.82356
844,-504,-300,586.53,2.13283
# END
# FRAME,104,RX_TS,662138360350,FP_INDEX,750.4219,FP_INT,750,RXPACC,278,RXPWR,-67.45,STD_NOISE,168.00,NTM,13,NOISE_THRESH,2184.00,PEAK_IDX,752,PEAK_AMPL,18580,START,700,elapsed_s,10.6344
sample,real,imag,amplitude,amplitude_norm
700,71,127,145.50,0.52338
701,349,196,400.27,1.43982
702,301,318,437.86,1.57505
703,-320,86,331.35,1.19192
704,-814,-392,903.47,3.24990
705,-311,-580,658.12,2.36734
706,426,-2,426.00,1.53239
707,521,-14,521.19,1.87478
708,-5,-19,19.65,0.07067
709,-379,-521,644.27,2.31751
710,-400,-818,910.56,3.27540
711,-475,-354,592.40,2.13094
712,-41,-39,56.59,0.20355
713,-59,101,116.97,0.42076
714,-28,-159,161.45,0.58074
715,68,-164,177.54,0.63863
716,-24,-176,177.63,0.63895
717,34,-88,94.34,0.33935
718,12,53,54.34,0.19547
719,-519,81,525.28,1.88951
720,-790,-467,917.71,3.30111
721,-572,-640,858.36,3.08763
722,-190,-197,273.70,0.98451
723,100,-154,183.62,0.66050
724,-96,-264,280.91,1.01048
725,-637,-543,837.03,3.01090
726,-613,-790,999.93,3.59689
727,-638,-470,792.43,2.85046
728,-390,-268,473.21,1.70218
729,-99,-215,236.70,0.85143
730,174,-497,526.58,1.89417
731,419,-400,579.28,2.08373
732,90,-439,448.13,1.61198
733,-85,-601,606.98,2.18339
734,194,-550,583.21,2.09788
735,998,-187,1015.37,3.65240
736,1171,403,1238.41,4.45470
737,823,819,1161.07,4.17652
738,-256,448,515.98,1.85606
739,-432,-282,515.90,1.85574
740,270,-208,340.83,1.22600
741,874,471,992.83,3.57134
742,847,1011,1318.91,4.74429
743,825,994,1291.77,4.64664
744,940,562,1095.19,3.93954
745,563,505,756.30,2.72051
746,28,340,341.15,1.22716
747,17,107,108.34,0.38972
748,455,197,495.82,1.78351
749,842,1249,1506.31,5.41838
750,296,5481,5488.99,19.74456
751,-3853,14408,14914.29,53.64853
752,-8596,16454,18564.09,66.77730
753,-11805,9565,15193.66,54.65345
754,-7502,-4891,8955.55,32.21421
755,75,-7646,7646.37,27.50492
756,-704,3055,3135.07,11.27722
757,-8891,12273,15155.08,54.51467
758,-14310,9004,16907.04,60.81670
759,-10086,815,10118.87,36.39883
760,-782,-1497,1688.94,6.07534
761,4753,-2128,5207.63,18.73248
762,5595,1426,5773.86,20.76929
763,1414,4562,4776.11,17.18026
764,-1063,3788,3934.32,14.15225
765,-1415,882,1667.38,5.99776
766,-611,-2320,2399.11,8.62989
767,964,-1945,2170.79,7.80859
768,1124,89,1127.52,4.05582
769,1143,27,1143.32,4.11266
770,336,-339,477.30,1.71691
771,-642,-52,644.10,2.31692
772,-118,489,503.04,1.80948
773,903,637,1105.07,3.97507
774,1367,1058,1728.60,6.21798
775,645,939,1139.19,4.09779
776,-780,-342,851.68,3.06361
777,-1112,-1458,1833.66,6.59590
778,100,-1896,1898.64,6.82962
779,1085,-1267,1668.09,6.00031
780,660,-990,1189.83,4.27997
781,214,-1228,1246.51,4.48384
782,-449,-1765,1821.22,6.55114
783,-982,-1685,1950.27,7.01536
784,-933,-822,1243.45,4.47285
785,-371,-708,799.32,2.87523
786,612,-865,1059.61,3.81154
787,963,-831,1271.98,4.57546
788,496,-858,991.05,3.56493
789,221,-448,499.54,1.79692
790,522,-646,830.54,2.98756
791,752,-515,911.44,3.27857
792,402,123,420.40,1.51222
793,280,343,442.77,1.59271
794,585,-164,607.55,2.18544
795,440,-763,880.78,3.16826
796,254,-928,962.13,3.46091
797,286,-445,528.98,1.90281
798,400,-110,414.85,1.49226
799,373,-265,457.55,1.64587
800,-8,-592,592.05,2.12969
801,316,-1241,1280.60,4.60648
802,427,-1057,1139.99,4.10068
803,368,-906,977.89,3.51757
804,218,-1068,1090.02,3.92094
805,49,-957,958.25,3.44696
806,216,-1146,1166.18,4.19489
807,816,-980,1275.25,4.58722
808,955,-233,983.01,3.53602
809,1374,-219,1391.34,5.00483
810,1257,-31,1257.38,4.52296
811,810,-263,851.63,3.06341
812,473,-535,714.11,2.56874
813,491,-122,505.93,1.81989
814,550,55,552.74,1.98828
815,888,-167,903.57,3.25024
816,371,-265,455.92,1.64001
817,305,-944,992.05,3.56852
818,186,-972,989.64,3.55984
819,279,-814,860.49,3.09528
820,221,-708,741.69,2.66795
821,-109,-442,455.24,1.63756
822,-177,-226,287.06,1.03260
823,120,-93,151.82,0.54611
824,274,-78,284.89,1.02477
825,658,-411,775.81,2.79069
826,779,-397,874.33,3.14507
827,679,-421,798.93,2.87383
828,594,-572,824.63,2.96631
829,584,-277,646.36,2.32505
830,257,-337,423.81,1.52451
831,111,-499,511.20,1.83884
832,-7,-502,502.05,1.80593
833,591,-939,1109.51,3.99103
834,694,-737,1012.33,3.64146
835,414,-824,922.16,3.31711
836,436,-667,796.86,2.86640
837,473,-416,629.91,2.26586
838,402,-85,410.89,1.47801
839,-108,-138,175.24,0.63035
840,-383,-196,430.24,1.54762
841,-192,-519,553.38,1.99056
842,173,-398,433.97,1.56106
843,334,-386,510.44,1.83613
844,173,-162,237.01,0.85255
845,110,-223,248.65,0.89444
846,357,-138,382.74,1.37678
847,860,-40,860.93,3.09687
848,748,263,792.89,2.85212
849,549,348,650.00,2.33814
# END
# FRAME,105,RX_TS,668528147224,FP_INDEX,754.2031,FP_INT,754,RXPACC,296,RXPWR,-67.32,STD_NOISE,152.00,NTM,13,NOISE_THRESH,1976.00,PEAK_IDX,756,PEAK_AMPL,18928,START,704,elapsed_s,10.7425
sample,real,imag,amplitude,amplitude_norm
704,-154,112,190.42,0.64331
705,-198,355,406.48,1.37326
706,-240,158,287.34,0.97074
707,157,-476,501.22,1.69332
708,569,-726,922.41,3.11624
709,595,-57,597.72,2.01934
710,-114,492,505.03,1.70620
711,87,457,465.21,1.57165
712,185,-137,230.20,0.77772
713,808,-356,882.95,2.98294
714,848,-382,930.07,3.14212
715,233,-404,466.37,1.57559
716,29,33,43.93,0.14842
717,23,-87,89.99,0.30402
718,276,112,297.86,1.00628
719,152,29,154.74,0.52278
720,349,63,354.64,1.19811
721,105,87,136.36,0.46068
722,-36,-138,142.62,0.48182
723,210,-672,704.05,2.37854
724,728,-855,1122.95,3.79374
725,673,-340,754.01,2.54733
726,215,37,218.16,0.73703
727,253,193,318.21,1.07504
728,494,-221,541.18,1.82831
729,841,-694,1090.37,3.68370
730,1058,-507,1173.21,3.96353
731,481,-605,772.91,2.61117
732,330,-382,504.80,1.70541
733,297,-49,301.01,1.01694
734,617,366,717.39,2.42361
735,370,431,568.03,1.91903
736,647,89,653.09,2.20639
737,683,-68,686.38,2.31884
738,598,433,738.30,2.49427
739,-44,1213,1213.80,4.10067
740,-601,1147,1294.92,4.37472
741,-834,457,951.00,3.21284
742,-126,-521,536.02,1.81088
743,447,-262,518.12,1.75042
744,63,487,491.06,1.65898
745,-697,866,1111.65,3.75557
746,-1122,737,1342.41,4.53515
747,-909,744,1174.66,3.96843
748,-547,858,1017.53,3.43761
749,-482,362,602.80,2.03649
750,-221,-88,237.88,0.80364
751,8,39,39.81,0.13450
752,-441,570,720.68,2.43473
753,-1882,715,2013.24,6.80150
754,-7961,-1231,8055.61,27.21490
755,-16447,-7267,17980.91,60.74631
756,-16000,-11927,19956.29,67.41988
757,-5409,-12933,14018.55,47.35997
758,8451,-4908,9772.81,33.01626
759,6165,1549,6356.62,21.47507
760,-6083,-3201,6873.81,23.22234
761,-12198,-12810,17688.62,59.75885
762,-5772,-16070,17075.15,57.68633
763,1328,-8233,8339.42,28.17371
764,1756,940,1991.77,6.72894
765,1431,6229,6391.26,21.59209
766,-3134,4860,5782.87,19.53671
767,-4896,116,4897.37,16.54518
768,-3330,-1772,3772.12,12.74365
769,269,-1389,1414.81,4.77976
770,3026,101,3027.69,10.22867
771,1379,1335,1919.34,6.48426
772,-235,1095,1119.93,3.78356
773,177,1143,1156.62,3.90751
774,453,61,457.09,1.54422
775,22,-616,616.39,2.08241
776,-494,90,502.13,1.69639
777,-711,1009,1234.34,4.17008
778,-1240,1253,1762.84,5.95554
779,-608,325,689.41,2.32909
780,870,-996,1322.47,4.46779
781,1940,-727,2071.75,6.99914
782,1967,687,2083.52,7.03892
783,1120,1275,1697.06,5.73332
784,1175,680,1357.58,4.58642
785,1367,247,1389.14,4.69303
786,2078,-349,2107.10,7.11859
787,1531,-890,1770.89,5.98275
788,953,-719,1193.80,4.03312
789,838,105,844.55,2.85322
790,1022,1058,1471.00,4.96960
791,867,977,1306.22,4.41291
792,914,427,1008.82,3.40819
793,453,242,513.59,1.73510
794,832,718,1098.98,3.71276
795,313,735,798.87,2.69889
796,-150,304,338.99,1.14525
797,-382,316,495.76,1.67487
798,424,600,734.69,2.48208
799,870,505,1005.94,3.39846
800,1042,317,1089.15,3.67957
801,304,367,476.56,1.60998
802,120,450,465.73,1.57340
803,352,376,515.05,1.74005
804,826,68,828.79,2.79998
805,1392,536,1491.63,5.03929
806,1147,499,1250.84,4.22582
807,943,441,1041.02,3.51697
808,1249,364,1300.96,4.39514
809,1033,138,1042.18,3.52087
810,1306,522,1406.46,4.75154
811,656,1025,1216.95,4.11131
812,110,1093,1098.52,3.71122
813,105,1459,1462.77,4.94180
814,73,1157,1159.30,3.91656
815,380,798,883.86,2.98601
816,512,497,713.55,2.41064
817,69,473,478.01,1.61489
818,29,703,703.60,2.37702
819,96,967,971.75,3.28295
820,497,389,631.13,2.13221
821,1075,526,1196.79,4.04320
822,1049,273,1083.94,3.66197
823,886,403,973.35,3.28834
824,799,264,841.48,2.84285
825,475,-119,489.68,1.65432
826,255,-111,278.11,0.93957
827,163,213,268.21,0.90612
828,208,354,410.58,1.38711
829,523,846,994.61,3.36016
830,413,897,987.51,3.33619
831,482,765,904.18,3.05468
832,521,722,890.35,3.00794
833,205,566,601.98,2.03372
834,484,289,563.72,1.90445
835,529,145,548.51,1.85308
836,703,178,725.18,2.44995
837,1037,948,1405.02,4.74668
838,750,693,1021.15,3.44983
839,876,471,994.59,3.36011
840,715,584,923.19,3.11889
841,308,568,646.13,2.18288
842,243,400,468.03,1.58117
843,290,-206,355.72,1.20175
844,429,-347,551.77,1.86409
845,617,-28,617.64,2.08660
846,394,286,486.86,1.64479
847,388,418,570.32,1.92677
848,266,230,351.65,1.18800
849,265,181,320.91,1.08417
850,100,570,578.71,1.95509
851,-34,858,858.67,2.90092
852,-277,652,708.40,2.39325
853,-289,335,442.43,1.49470
# END
# FRAME,106,RX_TS,674917943779,FP_INDEX,750.0000,FP_INT,750,RXPACC,269,RXPWR,-67.24,STD_NOISE,156.00,NTM,13,NOISE_THRESH,2028.00,PEAK_IDX,751,PEAK_AMPL,17615,START,700,elapsed_s,10.8313
sample,real,imag,amplitude,amplitude_norm
700,85,309,320.48,1.19137
701,165,465,493.41,1.83422
702,-133,119,178.47,0.66344
703,-397,-603,721.95,2.68385
704,-114,-774,782.35,2.90837
705,373,-113,389.74,1.44885
706,401,437,593.10,2.20484
707,246,150,288.12,1.07110
708,6,-475,475.04,1.76594
709,131,-813,823.49,3.06129
710,-134,-635,648.98,2.41258
711,-56,-167,176.14,0.65479
712,31,-19,36.36,0.13516
713,3,-50,50.09,0.18621
714,270,-179,323.95,1.20426
715,47,-57,73.88,0.27464
716,171,-200,263.14,0.97820
717,77,65,100.77,0.37460
718,-342,-22,342.71,1.27400
719,-395,-692,796.80,2.96208
720,-126,-910,918.68,3.41517
721,-5,-399,399.03,1.48339
722,136,-73,154.35,0.57380
723,227,-135,264.11,0.98182
724,-161,-657,676.44,2.51464
725,-49,-968,969.24,3.60312
726,-21,-853,853.26,3.17196
727,-191,-447,486.10,1.80705
728,-85,-324,334.96,1.24522
729,218,-256,336.24,1.24998
730,610,-296,678.02,2.52053
731,329,-113,347.86,1.29318
732,371,-487,612.22,2.27590
733,335,-449,560.20,2.08253
734,827,108,834.02,3.10045
735,792,870,1176.51,4.37362
736,484,1088,1190.80,4.42676
737,-342,572,666.44,2.47749
738,-390,-336,514.78,1.91367
739,211,-219,304.11,1.13051
740,475,543,721.44,2.68193
741,228,1122,1144.93,4.25625
742,-10,1274,1274.04,4.73621
743,378,960,1031.74,3.83546
744,311,740,802.70,2.98400
745,-144,405,429.84,1.59791
746,-145,85,168.08,0.62482
747,76,217,229.92,0.85474
748,149,1032,1042.70,3.87621
749,-1226,2868,3119.05,11.59500
750,-8307,7961,11505.81,42.77254
751,-15209,9567,17967.78,66.79472
752,-16005,4209,16549.19,61.52116
753,-7627,-5832,9601.22,35.69225
754,3674,-8358,9129.87,33.94002
755,1435,-595,1553.46,5.77496
756,-10432,4804,11484.99,42.69514
757,-16482,1291,16532.48,61.45905
758,-12101,-4753,13000.97,48.33074
759,-2042,-3001,3629.84,13.49384
760,3479,155,3482.45,12.94592
761,5176,3380,6181.86,22.98089
762,34,4848,4848.12,18.02275
763,-2833,3066,4174.48,15.51849
764,-2419,904,2582.40,9.59999
765,-1,-1681,1681.00,6.24907
766,1986,-1859,2720.31,10.11267
767,1138,380,1199.77,4.46011
768,860,739,1133.90,4.21523
769,864,205,887.99,3.30107
770,-189,-500,534.53,1.98710
771,-467,4,467.02,1.73612
772,131,662,674.84,2.50869
773,550,1279,1392.24,5.17563
774,169,1475,1484.65,5.51915
775,-284,-80,295.05,1.09685
776,-248,-1517,1537.14,5.71427
777,837,-1693,1888.60,7.02083
778,1684,-617,1793.47,6.66719
779,1191,-175,1203.79,4.47505
780,1107,-771,1349.03,5.01499
781,708,-1229,1418.35,5.27266
782,371,-1880,1916.26,7.12363
783,-285,-1261,1292.81,4.80597
784,-87,-892,896.23,3.33172
785,706,-416,819.45,3.04627
786,1418,-299,1449.18,5.38729
787,982,-366,1047.99,3.89587
788,566,-362,671.86,2.49763
789,577,-191,607.79,2.25945
790,1006,-198,1025.30,3.81152
791,438,291,525.86,1.95486
792,63,397,401.97,1.49430
793,381,440,582.03,2.16369
794,873,-308,925.74,3.44141
795,811,-535,971.57,3.61178
796,604,-417,733.97,2.72850
797,335,211,395.91,1.47179
798,429,123,446.28,1.65905
799,261,-220,341.35,1.26897
800,596,-775,977.67,3.63447
801,978,-681,1191.74,4.43026
802,842,-548,1004.62,3.73466
803,798,-585,989.46,3.67829
804,759,-738,1058.64,3.93548
805,596,-675,900.47,3.34746
806,1206,-530,1317.32,4.89711
807,974,199,994.12,3.69562
808,1099,560,1233.45,4.58532
809,1145,736,1361.15,5.06003
810,922,341,983.04,3.65442
811,760,-103,766.95,2.85111
812,671,11,671.09,2.49476
813,345,322,471.92,1.75435
814,694,389,795.59,2.95757
815,515,257,575.56,2.13964
816,735,-426,849.53,3.15810
817,771,-612,984.37,3.65937
818,668,-596,895.23,3.32800
819,590,-405,715.63,2.66033
820,395,-385,551.59,2.05052
821,10,-386,386.13,1.43543
822,123,-129,178.24,0.66261
823,276,120,300.96,1.11880
824,569,67,572.93,2.12986
825,891,124,899.59,3.34419
826,796,136,807.53,3.00199
827,794,-57,796.04,2.95927
828,852,61,854.18,3.17539
829,410,-6,410.04,1.52433
830,384,-291,481.81,1.79110
831,259,-331,420.29,1.56241
832,707,-496,863.63,3.21054
833,1106,-209,1125.57,4.18429
834,744,-295,800.35,2.97528
835,755,-289,808.42,3.00529
836,802,-209,828.79,3.08099
837,427,139,449.05,1.66935
838,182,7,182.13,0.67708
839,-115,-284,306.40,1.13903
840,66,-520,524.17,1.94859
841,417,-364,553.52,2.05770
842,505,-53,507.77,1.88763
843,377,-17,377.38,1.40291
844,287,-145,321.55,1.19535
845,263,20,263.76,0.98052
846,556,283,623.88,2.31925
847,522,557,763.37,2.83780
848,222,516,561.73,2.08821
849,53,160,168.55,0.62658
# END
# FRAME,107,RX_TS,681307733653,FP_INDEX,751.9062,FP_INT,751,RXPACC,270,RXPWR,-67.14,STD_NOISE,132.00,NTM,13,NOISE_THRESH,1716.00,PEAK_IDX,753,PEAK_AMPL,17520,START,701,elapsed_s,10.9268
sample,real,imag,amplitude,amplitude_norm
701,-38,-30,48.41,0.17931
702,-260,142,296.25,1.09722
703,-364,200,415.33,1.53825
704,-48,-181,187.26,0.69354
705,675,-445,808.49,2.99439
706,804,-128,814.13,3.01528
707,174,344,385.50,1.42779
708,-344,463,576.81,2.13632
709,-9,185,185.22,0.68600
710,459,-86,466.99,1.72958
711,816,108,823.12,3.04858
712,683,-209,714.26,2.64541
713,210,-14,210.47,0.77950
714,14,100,100.98,0.37398
715,121,46,129.45,0.47944
716,210,191,283.87,1.05136
717,101,46,110.98,0.41104
718,246,187,309.01,1.14447
719,76,87,115.52,0.42785
720,168,-357,394.55,1.46131
721,743,-429,857.96,3.17762
722,958,-195,977.64,3.62091
723,495,-25,495.63,1.83567
724,137,176,223.04,0.82606
725,214,210,299.83,1.11047
726,735,-266,781.65,2.89501
727,1078,-138,1086.80,4.02517
728,891,-152,903.87,3.34768
729,501,-249,559.47,2.07210
730,401,-138,424.08,1.57067
731,298,284,411.66,1.52465
732,375,676,773.05,2.86314
733,246,283,374.97,1.38879
734,577,339,669.22,2.47858
735,564,280,629.68,2.33215
736,36,811,811.80,3.00666
737,-744,897,1165.39,4.31628
738,-978,516,1105.78,4.09547
739,-513,-376,636.04,2.35570
740,415,-408,581.97,2.15544
741,289,231,369.98,1.37028
742,-457,527,697.55,2.58352
743,-1056,263,1088.26,4.03058
744,-1306,127,1312.16,4.85985
745,-889,445,994.16,3.68206
746,-702,339,779.57,2.88729
747,-403,-113,418.54,1.55016
748,-36,-121,126.24,0.46756
749,-130,179,221.23,0.81936
750,-1022,237,1049.12,3.88563
751,-3155,-1196,3374.08,12.49661
752,-8829,-8268,12095.91,44.79967
753,-10572,-14872,18246.74,67.58052
754,-4940,-15802,16556.17,61.31916
755,5754,-7466,9426.01,34.91115
756,8427,3317,9056.31,33.54190
757,395,946,1025.15,3.79687
758,-5547,-10641,12000.00,44.44446
759,-2140,-16480,16618.36,61.54949
760,4162,-12007,12707.88,47.06623
761,2703,-1824,3260.86,12.07725
762,88,3791,3792.02,14.04452
763,-3145,5355,6210.24,23.00088
764,-4722,184,4725.58,17.50216
765,-2999,-2692,4030.00,14.92591
766,-818,-2186,2334.04,8.64458
767,1889,15,1889.06,6.99652
768,2061,1879,2788.97,10.32952
769,-232,1023,1048.98,3.88510
770,-631,880,1082.85,4.01055
771,-48,743,744.55,2.75759
772,608,-285,671.48,2.48697
773,-29,-427,427.98,1.58512
774,-698,303,760.93,2.81826
775,-1339,717,1518.88,5.62550
776,-1507,332,1543.14,5.71532
777,161,-320,358.22,1.32674
778,1581,-405,1632.05,6.04463
779,1833,615,1933.42,7.16082
780,783,1551,1737.44,6.43495
781,402,1167,1234.30,4.57148
782,987,1017,1417.20,5.24889
783,1405,557,1511.38,5.59771
784,2042,74,2043.34,7.56793
785,1348,-490,1434.30,5.31221
786,868,-83,871.96,3.22948
787,465,922,1032.62,3.82453
788,473,1542,1612.91,5.97376
789,543,966,1108.15,4.10427
790,411,445,605.76,2.24356
791,280,589,652.17,2.41543
792,375,1007,1074.56,3.97984
793,-142,425,448.09,1.65961
794,-335,18,335.48,1.24253
795,-332,428,541.67,2.00619
796,384,831,915.43,3.39049
797,654,732,981.60,3.63556
798,577,574,813.88,3.01438
799,-66,340,346.35,1.28277
800,-33,344,345.58,1.27992
801,371,247,445.70,1.65075
802,934,628,1125.50,4.16850
803,880,985,1320.84,4.89201
804,717,755,1041.21,3.85633
805,671,706,974.00,3.60741
806,828,655,1055.75,3.91019
807,848,554,1012.93,3.75158
808,633,1139,1303.08,4.82621
809,-173,951,966.61,3.58003
810,-433,1168,1245.68,4.61362
811,-674,1219,1392.92,5.15898
812,-177,911,928.04,3.43717
813,257,690,736.31,2.72707
814,88,593,599.49,2.22035
815,-190,396,439.22,1.62675
816,-220,888,914.85,3.38832
817,-89,610,616.46,2.28318
818,596,675,900.47,3.33506
819,797,663,1036.71,3.83968
820,772,630,996.44,3.69050
821,524,542,753.88,2.79216
822,526,273,592.63,2.19491
823,422,1,422.00,1.56297
824,213,106,237.92,0.88118
825,16,250,250.51,0.92782
826,34,591,591.98,2.19251
827,54,932,933.56,3.45764
828,-6,786,786.02,2.91120
829,178,779,799.08,2.95955
830,71,832,835.02,3.09268
831,95,381,392.67,1.45432
832,427,349,551.48,2.04252
833,474,159,499.96,1.85169
834,632,731,966.33,3.57898
835,313,1148,1189.90,4.40705
836,348,816,887.11,3.28558
837,317,617,693.67,2.56915
838,274,717,767.57,2.84285
839,-79,492,498.30,1.84556
840,148,191,241.63,0.89493
841,371,-158,403.24,1.49349
842,599,64,602.41,2.23115
843,472,392,613.55,2.27242
844,138,523,540.90,2.00333
845,86,371,380.84,1.41051
846,192,252,316.81,1.17337
847,13,286,286.30,1.06035
848,-227,657,695.11,2.57448
849,-444,585,734.41,2.72004
850,-453,228,507.14,1.87830
# END
# FRAME,108,RX_TS,687697478955,FP_INDEX,747.1250,FP_INT,747,RXPACC,279,RXPWR,-67.18,STD_NOISE,148.00,NTM,13,NOISE_THRESH,1924.00,PEAK_IDX,749,PEAK_AMPL,18479,START,697,elapsed_s,11.0341
sample,real,imag,amplitude,amplitude_norm
697,103,275,293.66,1.05253
698,235,460,516.55,1.85144
699,12,278,278.26,0.99734
700,-444,-333,555.00,1.98925
701,-390,-769,862.24,3.09047
702,270,-453,527.36,1.89018
703,442,396,593.45,2.12705
704,412,82,420.08,1.50567
705,-12,-260,260.28,0.93289
706,33,-786,786.69,2.81969
707,-85,-773,777.66,2.78731
708,-214,-246,326.06,1.16866
709,85,60,104.04,0.37291
710,-7,49,49.50,0.17741
711,251,-95,268.38,0.96192
712,56,-10,56.89,0.20389
713,167,-250,300.65,1.07759
714,106,20,107.87,0.38663
715,-169,57,178.35,0.63926
716,-450,-487,663.08,2.37661
717,-431,-995,1084.34,3.88651
718,-17,-644,644.22,2.30905
719,85,-165,185.61,0.66526
720,254,-118,280.07,1.00384
721,-19,-528,528.34,1.89370
722,-224,-960,985.79,3.53329
723,-54,-981,982.49,3.52145
724,-305,-504,589.10,2.11148
725,-178,-380,419.62,1.50403
726,53,-266,271.23,0.97215
727,568,-439,717.88,2.57303
728,419,-120,435.85,1.56217
729,352,-494,606.58,2.17412
730,233,-552,599.16,2.14753
731,730,-187,753.57,2.70097
732,1015,668,1215.09,4.35517
733,686,985,1200.34,4.30230
734,-99,950,955.14,3.42346
735,-539,-207,577.38,2.06947
736,7,-465,465.05,1.66686
737,450,298,539.73,1.93450
738,416,1047,1126.62,4.03805
739,145,1303,1311.04,4.69908
740,350,1027,1085.00,3.88890
741,499,883,1014.24,3.63528
742,20,548,548.36,1.96547
743,-192,192,271.53,0.97322
744,36,153,157.18,0.56336
745,314,761,823.24,2.95067
746,-323,2246,2269.11,8.13300
747,-5363,7300,9058.24,32.46682
748,-13649,11650,17944.85,64.31847
749,-16439,8402,18461.70,66.17097
750,-11851,-2058,12028.37,43.11242
751,599,-9470,9488.92,34.01048
752,3268,-3339,4672.12,16.74596
753,-6818,4858,8371.70,30.00608
754,-16247,4711,16916.22,60.63161
755,-15145,-2241,15309.90,54.87420
756,-4990,-3890,6327.10,22.67778
757,2237,-676,2336.91,8.37602
758,6070,1834,6341.01,22.72765
759,2087,4870,5298.35,18.99049
760,-2219,4029,4599.65,16.48621
761,-2821,1918,3411.27,12.22678
762,-803,-1079,1345.01,4.82082
763,1476,-2528,2927.35,10.49228
764,1502,-281,1528.06,5.47691
765,876,718,1132.65,4.05968
766,1017,350,1075.54,3.85499
767,39,-449,450.69,1.61538
768,-480,-199,519.62,1.86242
769,114,483,496.27,1.77875
770,683,1159,1345.28,4.82178
771,589,1764,1859.74,6.66572
772,-65,548,551.84,1.97793
773,-572,-1327,1445.03,5.17932
774,104,-1961,1963.76,7.03855
775,1381,-1208,1834.78,6.57628
776,1460,-284,1487.37,5.33106
777,1106,-782,1354.53,4.85496
778,643,-1182,1345.58,4.82285
779,300,-2241,2260.99,8.10391
780,-516,-1818,1889.81,6.77351
781,-330,-1135,1182.00,4.23656
782,527,-521,741.06,2.65613
783,1505,-295,1533.64,5.49692
784,1128,-243,1153.88,4.13576
785,681,-588,899.72,3.22482
786,399,-236,463.57,1.66154
787,1017,-430,1104.17,3.95759
788,689,134,701.91,2.51580
789,149,295,330.49,1.18456
790,205,442,487.23,1.74633
791,789,-160,805.06,2.88552
792,862,-524,1008.77,3.61567
793,732,-735,1037.33,3.71802
794,382,-14,382.26,1.37009
795,425,185,463.52,1.66136
796,321,-155,356.46,1.27765
797,385,-796,884.22,3.16924
798,1014,-959,1395.66,5.00238
799,768,-696,1036.46,3.71489
800,767,-557,947.91,3.39754
801,774,-879,1171.20,4.19786
802,506,-809,954.21,3.42011
803,992,-911,1346.84,4.82739
804,1027,-103,1032.15,3.69947
805,1047,366,1109.13,3.97537
806,1318,607,1451.06,5.20093
807,1020,387,1090.95,3.91021
808,801,2,801.00,2.87098
809,690,-194,716.75,2.56901
810,424,233,483.80,1.73406
811,731,329,801.62,2.87321
812,848,330,909.95,3.26146
813,586,-290,653.83,2.34348
814,844,-645,1062.24,3.80732
815,626,-730,961.65,3.44678
816,587,-566,815.43,2.92269
817,452,-575,731.39,2.62146
818,-4,-406,406.02,1.45527
819,4,-147,147.05,0.52708
820,274,63,281.15,1.00770
821,460,44,462.10,1.65627
822,891,-23,891.30,3.19461
823,757,72,760.42,2.72551
824,794,-96,799.78,2.86660
825,849,-110,856.10,3.06845
826,532,79,537.83,1.92772
827,435,-326,543.60,1.94839
828,281,-366,461.43,1.65387
829,472,-538,715.70,2.56524
830,1250,-397,1311.53,4.70082
831,810,-186,831.08,2.97879
832,734,-385,828.84,2.97076
833,781,-321,844.39,3.02650
834,581,-2,581.00,2.08245
835,404,4,404.02,1.44810
836,-78,-160,178.00,0.63799
837,-134,-434,454.22,1.62801
838,362,-442,571.32,2.04775
839,498,-95,506.98,1.81713
840,498,-157,522.16,1.87155
841,239,-96,257.56,0.92315
842,292,-18,292.55,1.04858
843,558,189,589.14,2.11161
844,665,436,795.19,2.85013
845,339,536,634.21,2.27314
846,94,396,407.00,1.45879
# END
# FRAME,109,RX_TS,694087275445,FP_INDEX,748.5312,FP_INT,748,RXPACC,275,RXPWR,-67.34,STD_NOISE,168.00,NTM,13,NOISE_THRESH,2184.00,PEAK_IDX,750,PEAK_AMPL,17800,START,698,elapsed_s,11.1309
sample,real,imag,amplitude,amplitude_norm
698,-1,150,150.00,0.54547
699,223,325,394.15,1.43327
700,102,415,427.35,1.55400
701,-333,-88,344.43,1.25248
702,-556,-680,878.37,3.19408
703,-28,-624,624.63,2.27137
704,449,249,513.42,1.86699
705,486,348,597.75,2.17362
706,51,40,64.82,0.23569
707,-42,-658,659.34,2.39760
708,55,-880,881.72,3.20624
709,-258,-442,511.79,1.86105
710,57,-53,77.83,0.28303
711,-30,96,100.58,0.36574
712,60,-81,100.80,0.36655
713,165,-139,215.75,0.78453
714,53,-204,210.77,0.76645
715,78,-152,170.84,0.62125
716,-1,41,41.01,0.14914
717,-435,-149,459.81,1.67204
718,-545,-756,931.97,3.38897
719,-155,-746,761.93,2.77066
720,-48,-301,304.80,1.10838
721,150,-143,207.24,0.75361
722,89,-280,293.80,1.06838
723,-306,-789,846.26,3.07731
724,-133,-1018,1026.65,3.73328
725,-397,-670,778.79,2.83195
726,-281,-395,484.75,1.76274
727,-49,-265,269.49,0.97997
728,302,-313,434.94,1.58160
729,632,-239,675.68,2.45702
730,269,-346,438.27,1.59369
731,262,-544,603.80,2.19565
732,435,-471,641.14,2.33143
733,973,264,1008.18,3.66611
734,897,905,1274.22,4.63352
735,399,1066,1138.23,4.13900
736,-430,323,537.80,1.95564
737,-335,-433,547.46,1.99077
738,291,-53,295.79,1.07559
739,533,728,902.26,3.28095
740,330,1226,1269.64,4.61686
741,263,1228,1255.85,4.56672
742,581,821,1005.78,3.65740
743,283,696,751.34,2.73213
744,-110,378,393.68,1.43156
745,-70,118,137.20,0.49891
746,247,410,478.65,1.74056
747,185,1387,1399.28,5.08830
748,-2035,4690,5112.47,18.59079
749,-9750,11201,14850.08,54.00029
750,-14922,11476,18824.58,68.45300
751,-14689,3716,15151.75,55.09726
752,-4670,-7481,8818.97,32.06899
753,3582,-7140,7988.14,29.04777
754,-1595,2064,2608.47,9.48535
755,-13040,6985,14792.97,53.79260
756,-16482,1848,16585.28,60.31010
757,-9741,-3736,10432.87,37.93771
758,-160,-1746,1753.32,6.37569
759,5149,74,5149.53,18.72557
760,4642,3682,5924.97,21.54535
761,-641,4781,4823.78,17.54101
762,-2668,2976,3996.85,14.53400
763,-1750,277,1771.79,6.44286
764,426,-2161,2202.59,8.00941
765,1803,-1264,2201.93,8.00703
766,1030,653,1219.55,4.43474
767,1143,468,1235.10,4.49127
768,644,-239,686.92,2.49789
769,-392,-406,564.36,2.05221
770,-285,242,373.88,1.35958
771,522,777,936.06,3.40386
772,745,1314,1510.50,5.49274
773,132,1091,1098.96,3.99620
774,-505,-578,767.53,2.79103
775,-294,-1792,1815.96,6.60348
776,927,-1607,1855.20,6.74619
777,1582,-582,1685.66,6.12967
778,1074,-569,1215.42,4.41970
779,866,-1053,1363.37,4.95769
780,393,-1771,1814.08,6.59666
781,-230,-1975,1988.35,7.23035
782,-525,-1169,1281.48,4.65992
783,68,-731,734.16,2.66966
784,1136,-408,1207.05,4.38926
785,1389,-375,1438.73,5.23175
786,810,-630,1026.16,3.73148
787,382,-317,496.40,1.80509
788,743,-398,842.88,3.06503
789,928,-228,955.60,3.47490
790,324,245,406.20,1.47710
791,156,375,406.15,1.47692
792,620,211,654.92,2.38153
793,852,-432,955.26,3.47368
794,647,-686,942.98,3.42901
795,424,-249,491.71,1.78803
796,409,171,443.31,1.61203
797,446,38,447.62,1.62769
798,277,-442,521.63,1.89682
799,772,-966,1236.58,4.49667
800,750,-810,1103.90,4.01419
801,628,-620,882.49,3.20904
802,616,-782,995.48,3.61993
803,534,-823,981.06,3.56750
804,698,-981,1203.98,4.37810
805,1083,-567,1222.45,4.44526
806,935,221,960.76,3.49368
807,1253,406,1317.14,4.78958
808,1156,506,1261.89,4.58870
809,911,61,913.04,3.32015
810,613,-273,671.04,2.44015
811,475,93,484.02,1.76007
812,487,275,559.28,2.03375
813,911,269,949.89,3.45413
814,573,-15,573.20,2.08435
815,825,-731,1102.26,4.00823
816,604,-776,983.36,3.57585
817,618,-731,957.23,3.48083
818,525,-598,795.76,2.89366
819,160,-472,498.38,1.81230
820,56,-374,378.17,1.37516
821,191,-29,193.19,0.70251
822,312,26,313.08,1.13848
823,799,-82,803.20,2.92072
824,949,-14,949.10,3.45128
825,812,-98,817.89,2.97415
826,760,-192,783.88,2.85046
827,646,38,647.12,2.35315
828,426,-147,450.65,1.63873
829,355,-421,550.70,2.00253
830,232,-412,472.83,1.71938
831,1001,-570,1151.91,4.18877
832,1011,-186,1027.97,3.73806
833,755,-448,877.91,3.19241
834,626,-300,694.17,2.52427
835,676,-202,705.54,2.56558
836,501,-21,501.44,1.82342
837,104,-119,158.04,0.57470
838,-214,-320,384.96,1.39986
839,41,-491,492.71,1.79167
840,367,-295,470.87,1.71224
841,551,-217,592.19,2.15342
842,289,-82,300.41,1.09239
843,282,-148,318.48,1.15810
844,389,109,403.98,1.46903
845,648,317,721.38,2.62321
846,520,534,745.36,2.71039
847,226,552,596.47,2.16899
# END
# FRAME,110,RX_TS,700477138983,FP_INDEX,750.4375,FP_INT,750,RXPACC,269,RXPWR,-67.21,STD_NOISE,160.00,NTM,13,NOISE_THRESH,2080.00,PEAK_IDX,752,PEAK_AMPL,17975,START,700,elapsed_s,11.2340
sample,real,imag,amplitude,amplitude_norm
700,106,-129,166.96,0.62068
701,-56,-342,346.55,1.28831
702,42,-324,326.71,1.21454
703,320,344,469.83,1.74656
704,334,868,930.04,3.45741
705,-108,592,601.77,2.23707
706,-267,-268,378.30,1.40633
707,-315,-246,399.68,1.48578
708,-34,99,104.68,0.38913
709,-114,724,732.92,2.72461
710,-147,881,893.18,3.32037
711,258,544,602.08,2.23821
712,7,68,68.36,0.25412
713,128,20,129.55,0.48161
714,-107,86,137.28,0.51032
715,-87,112,141.82,0.52721
716,-100,252,271.12,1.00787
717,-77,136,156.29,0.58099
718,114,33,118.68,0.44119
719,421,448,614.77,2.28540
720,322,995,1045.81,3.88775
721,-24,800,800.36,2.97532
722,-38,320,322.25,1.19795
723,-202,140,245.77,0.91365
724,-70,348,354.97,1.31959
725,151,937,949.09,3.52821
726,-176,1070,1084.38,4.03115
727,166,783,800.40,2.97548
728,190,504,538.62,2.00232
729,71,306,314.13,1.16777
730,-441,359,568.65,2.11394
731,-498,98,507.55,1.88681
732,-279,340,439.82,1.63502
733,-342,540,639.19,2.37617
734,-499,288,576.15,2.14181
735,-792,-533,954.65,3.54888
736,-500,-987,1106.42,4.11309
737,49,-951,952.26,3.54001
738,538,132,553.96,2.05932
739,141,569,586.21,2.17922
740,-273,-35,275.23,1.02318
741,-217,-837,864.67,3.21439
742,72,-1155,1157.24,4.30201
743,137,-1110,1118.42,4.15770
744,-222,-874,901.75,3.35224
745,131,-600,614.13,2.28303
746,328,-212,390.55,1.45185
747,119,-57,131.95,0.49051
748,-77,-477,483.17,1.79619
749,368,-1490,1534.77,5.70547
750,4045,-4215,5841.94,21.71724
751,13064,-7697,15162.85,56.36745
752,16503,-5876,17517.89,65.12225
753,13747,1795,13863.69,51.53790
754,959,8642,8695.05,32.32359
755,-5096,4896,7066.83,26.27073
756,3448,-1907,3940.22,14.64767
757,14664,-2316,14845.77,55.18872
758,15521,3724,15961.50,59.33644
759,7027,6037,9264.13,34.43914
760,-795,1324,1544.34,5.74106
761,-4953,-1875,5296.02,19.68781
762,-2592,-4847,5496.53,20.43321
763,2381,-3947,4609.55,17.13588
764,3457,-1752,3875.61,14.40747
765,1596,541,1685.20,6.26468
766,-1131,1977,2277.65,8.46710
767,-1923,325,1950.27,7.25008
768,-775,-882,1174.12,4.36474
769,-1055,-595,1211.22,4.50267
770,-540,269,603.29,2.24272
771,405,505,647.34,2.40647
772,320,-141,349.69,1.29995
773,-234,-819,851.77,3.16644
774,-152,-1365,1373.44,5.10571
775,233,-911,940.32,3.49563
776,335,857,920.15,3.42063
777,-164,1765,1772.60,6.58960
778,-1307,1291,1837.10,6.82936
779,-1645,188,1655.71,6.15505
780,-1327,437,1397.10,5.19369
781,-1126,798,1380.10,5.13049
782,-792,1718,1891.77,7.03260
783,-175,1946,1953.85,7.26339
784,151,1213,1222.36,4.54410
785,-376,539,657.19,2.44308
786,-1222,-59,1223.42,4.54804
787,-1156,6,1156.02,4.29746
788,-916,506,1046.47,3.89021
789,-403,274,487.32,1.81161
790,-871,247,905.35,3.36560
791,-810,-114,817.98,3.04083
792,-143,-265,301.12,1.11941
793,-52,-465,467.90,1.73940
794,-564,-272,626.16,2.32774
795,-866,236,897.58,3.33673
796,-761,553,940.71,3.49705
797,-340,162,376.62,1.40008
798,-236,-223,324.69,1.20703
799,-369,-60,373.85,1.38976
800,-351,473,589.01,2.18962
801,-975,729,1217.40,4.52566
802,-911,534,1055.97,3.92555
803,-787,444,903.61,3.35913
804,-813,664,1049.70,3.90222
805,-654,715,968.99,3.60219
806,-937,773,1214.70,4.51562
807,-1165,177,1178.37,4.38055
808,-777,-378,864.07,3.21215
809,-951,-693,1176.71,4.37439
810,-828,-619,1033.80,3.84313
811,-808,-105,814.79,3.02897
812,-719,185,742.42,2.75992
813,-401,-195,445.90,1.65762
814,-322,-443,547.66,2.03592
815,-695,-601,918.82,3.41568
816,-537,-71,541.67,2.01366
817,-940,539,1083.57,4.02814
818,-766,672,1018.99,3.78807
819,-715,582,921.93,3.42724
820,-633,488,799.27,2.97126
821,-222,467,517.08,1.92224
822,-34,202,204.84,0.76149
823,-113,-35,118.30,0.43976
824,-288,-32,289.77,1.07722
825,-773,-14,773.13,2.87408
826,-767,-158,783.10,2.91117
827,-678,-87,683.56,2.54111
828,-700,5,700.02,2.60230
829,-489,-111,501.44,1.86409
830,-382,217,439.33,1.63321
831,-398,376,547.52,2.03540
832,-409,369,550.86,2.04779
833,-1072,206,1091.61,4.05804
834,-911,-15,911.12,3.38708
835,-747,326,815.04,3.02988
836,-671,225,707.72,2.63093
837,-629,13,629.13,2.33879
838,-345,-111,362.42,1.34727
839,49,298,302.00,1.12268
840,200,561,595.58,2.21407
841,-185,552,582.18,2.16422
842,-456,197,496.73,1.84660
843,-591,114,601.89,2.23753
844,-247,94,264.28,0.98246
845,-191,140,236.81,0.88035
846,-296,-109,315.43,1.17261
847,-499,-417,650.30,2.41747
848,-242,-541,592.66,2.20319
849,-36,-442,443.46,1.64856
# END
# FRAME,111,RX_TS,706866935437,FP_INDEX,751.1562,FP_INT,751,RXPACC,293,RXPWR,-67.45,STD_NOISE,188.00,NTM,13,NOISE_THRESH,2444.00,PEAK_IDX,753,PEAK_AMPL,18568,START,701,elapsed_s,11.3378
sample,real,imag,amplitude,amplitude_norm
701,103,233,254.75,0.86946
702,421,264,496.93,1.69600
703,161,330,367.18,1.25317
704,-615,-109,624.58,2.13169
705,-755,-553,935.86,3.19406
706,-81,-479,485.80,1.65802
707,569,237,616.38,2.10370
708,475,2,475.00,1.62117
709,-140,-53,149.70,0.51091
710,-294,-676,737.16,2.51592
711,-394,-746,843.65,2.87936
712,-313,-190,366.15,1.24967
713,81,-46,93.15,0.31792
714,-70,34,77.82,0.26560
715,122,-224,255.07,0.87054
716,25,-76,80.01,0.27306
717,10,-297,297.17,1.01423
718,54,-91,105.82,0.36115
719,-176,140,224.89,0.76755
720,-680,-163,699.26,2.38656
721,-893,-643,1100.41,3.75566
722,-419,-515,663.92,2.26593
723,-61,-146,158.23,0.54004
724,177,-229,289.43,0.98782
725,-191,-370,416.39,1.42113
726,-643,-688,941.70,3.21398
727,-492,-913,1037.13,3.53968
728,-595,-367,699.08,2.38594
729,-362,-292,465.09,1.58734
730,-64,-250,258.06,0.88076
731,300,-595,666.35,2.27424
732,407,-319,517.12,1.76490
733,107,-586,595.69,2.03307
734,-14,-597,597.16,2.03810
735,441,-425,612.46,2.09030
736,1162,178,1175.55,4.01213
737,1134,620,1292.42,4.41100
738,501,840,978.06,3.33809
739,-411,192,453.64,1.54824
740,-253,-347,429.44,1.46566
741,545,-9,545.07,1.86032
742,843,734,1117.77,3.81491
743,817,1170,1427.02,4.87038
744,838,867,1205.79,4.11533
745,861,598,1048.30,3.57780
746,206,569,605.14,2.06533
747,-154,246,290.23,0.99054
748,62,123,137.74,0.47011
749,554,523,761.87,2.60024
750,692,2012,2127.68,7.26170
751,-1290,8365,8463.88,28.88698
752,-7073,16486,17939.22,61.22599
753,-11592,15698,19514.14,66.60117
754,-12545,4782,13425.52,45.82088
755,-4686,-8584,9779.76,33.37801
756,1442,-5534,5718.79,19.51804
757,-3333,6644,7433.14,25.36909
758,-12677,12239,17620.99,60.13991
759,-15552,5850,16615.87,56.70946
760,-7491,-1071,7567.17,25.82653
761,1300,-1646,2097.45,7.15855
762,6236,-1259,6361.82,21.71270
763,4549,3260,5596.52,19.10074
764,-6,4936,4936.00,16.84643
765,-1804,3277,3740.74,12.76703
766,-1409,-213,1425.01,4.86351
767,92,-2535,2536.67,8.65757
768,1512,-774,1698.59,5.79725
769,1368,449,1439.80,4.91399
770,1369,-319,1405.67,4.79753
771,136,-697,710.14,2.42370
772,-590,-80,595.40,2.03208
773,93,355,366.98,1.25249
774,979,493,1096.13,3.74104
775,1145,957,1492.27,5.09308
776,67,531,535.21,1.82666
777,-1170,-731,1379.59,4.70849
778,-1060,-1613,1930.12,6.58745
779,556,-1708,1796.22,6.13044
780,1303,-1001,1643.11,5.60788
781,893,-1231,1520.79,5.19042
782,330,-1396,1434.47,4.89582
783,-546,-1987,2060.65,7.03294
784,-1046,-1397,1745.20,5.95632
785,-723,-791,1071.64,3.65747
786,167,-639,660.46,2.25414
787,978,-920,1342.72,4.58265
788,855,-847,1203.51,4.10754
789,321,-918,972.50,3.31913
790,269,-444,519.13,1.77178
791,727,-803,1083.21,3.69695
792,712,-194,737.96,2.51862
793,372,277,463.80,1.58294
794,437,440,620.14,2.11651
795,679,-337,758.03,2.58713
796,534,-742,914.18,3.12006
797,325,-919,974.77,3.32688
798,370,-185,413.67,1.41185
799,444,32,445.15,1.51929
800,349,-149,379.48,1.29514
801,78,-749,753.05,2.57014
802,531,-1330,1432.08,4.88765
803,459,-1062,1156.95,3.94862
804,463,-896,1008.56,3.44217
805,349,-1095,1149.27,3.92243
806,167,-939,953.73,3.25507
807,533,-1279,1385.62,4.72906
808,923,-645,1126.03,3.84312
809,1023,-140,1032.54,3.52401
810,1353,-41,1353.62,4.61987
811,1087,-46,1087.97,3.71322
812,819,-450,934.48,3.18937
813,547,-529,760.95,2.59711
814,505,22,505.48,1.72518
815,659,85,664.46,2.26778
816,879,41,879.96,3.00326
817,402,-445,599.69,2.04673
818,508,-1135,1243.50,4.24402
819,258,-1112,1141.54,3.89603
820,308,-831,886.24,3.02472
821,210,-770,798.12,2.72397
822,-139,-416,438.61,1.49696
823,-41,-164,169.05,0.57695
824,252,-54,257.72,0.87959
825,411,-147,436.50,1.48975
826,818,-456,936.51,3.19630
827,812,-282,859.57,2.93370
828,690,-406,800.58,2.73237
829,746,-554,929.21,3.17137
830,535,-242,587.19,2.00405
831,273,-433,511.88,1.74702
832,139,-427,449.05,1.53261
833,142,-586,602.96,2.05788
834,812,-894,1207.72,4.12190
835,587,-646,872.86,2.97905
836,463,-783,909.65,3.10460
837,502,-573,761.80,2.59999
838,602,-221,641.28,2.18868
839,408,-59,412.24,1.40698
840,-230,-111,255.38,0.87162
841,-329,-379,501.88,1.71290
842,4,-542,542.01,1.84988
843,361,-355,506.31,1.72801
844,452,-355,574.74,1.96158
845,239,-200,311.64,1.06363
846,202,-178,269.24,0.91889
847,535,-56,537.92,1.83591
848,803,85,807.49,2.75593
849,556,318,640.52,2.18606
850,265,385,467.39,1.59518
# END
# FRAME,112,RX_TS,713256722107,FP_INDEX,753.5000,FP_INT,753,RXPACC,285,RXPWR,-67.29,STD_NOISE,140.00,NTM,13,NOISE_THRESH,1820.00,PEAK_IDX,755,PEAK_AMPL,18993,START,703,elapsed_s,11.4472
sample,real,imag,amplitude,amplitude_norm
703,38,-74,83.19,0.29188
704,-258,-179,314.01,1.10180
705,-258,-269,372.73,1.30781
706,337,3,337.01,1.18250
707,817,497,956.29,3.35542
708,418,658,779.54,2.73524
709,-329,46,332.20,1.16561
710,-522,8,522.06,1.83179
711,-26,34,42.80,0.15018
712,401,581,705.95,2.47701
713,346,845,913.09,3.20384
714,549,392,674.59,2.36697
715,54,147,156.60,0.54949
716,10,21,23.26,0.08161
717,23,154,155.71,0.54634
718,-3,169,169.03,0.59308
719,100,179,205.04,0.71944
720,7,193,193.13,0.67764
721,88,37,95.46,0.33495
722,590,77,595.00,2.08773
723,872,600,1058.48,3.71397
724,567,739,931.46,3.26827
725,233,327,401.52,1.40884
726,-28,183,185.13,0.64958
727,41,353,355.37,1.24692
728,663,698,962.69,3.37786
729,645,1002,1191.65,4.18123
730,693,574,899.85,3.15736
731,471,332,576.25,2.02193
732,202,290,353.42,1.24006
733,-175,546,573.36,2.01179
734,-378,558,673.98,2.36484
735,10,417,417.12,1.46358
736,95,685,691.56,2.42651
737,-104,651,659.25,2.31317
738,-906,254,940.93,3.30151
739,-1107,-442,1191.98,4.18238
740,-704,-813,1075.45,3.77350
741,346,-430,551.92,1.93656
742,551,340,647.46,2.27178
743,-200,231,305.55,1.07211
744,-768,-400,865.92,3.03833
745,-699,-999,1219.26,4.27812
746,-592,-1001,1162.96,4.08054
747,-765,-502,915.00,3.21053
748,-416,-490,642.77,2.25534
749,67,-303,310.32,1.08884
750,120,0,120.00,0.42105
751,-276,-130,305.08,1.07047
752,-660,-1178,1350.29,4.73786
753,122,-4965,4966.50,17.42631
754,4932,-14096,14933.92,52.39970
755,10076,-16502,19334.99,67.84206
756,12938,-9764,16208.87,56.87323
757,7915,4828,9271.29,32.53084
758,-300,8465,8470.31,29.72040
759,591,-1979,2065.36,7.24689
760,9574,-11535,14990.59,52.59855
761,15392,-8424,17546.44,61.56645
762,11294,-255,11296.88,39.63817
763,1292,1720,2151.20,7.54807
764,-4646,1904,5021.01,17.61758
765,-5839,-1529,6035.87,21.17850
766,-1292,-4762,4934.16,17.31283
767,1501,-3926,4203.15,14.74790
768,1753,-1057,2047.01,7.18250
769,695,2173,2281.44,8.00504
770,-971,1886,2121.28,7.44309
771,-1126,-257,1154.96,4.05248
772,-1229,-83,1231.80,4.32210
773,-612,653,894.96,3.14021
774,468,506,689.25,2.41841
775,123,-163,204.20,0.71649
776,-808,-436,918.13,3.22150
777,-1181,-824,1440.05,5.05280
778,-531,-884,1031.22,3.61832
779,906,363,976.01,3.42461
780,1374,1478,2018.01,7.08073
781,210,1978,1989.12,6.97936
782,-1104,1327,1726.19,6.05682
783,-869,934,1275.74,4.47629
784,-578,1252,1378.98,4.83853
785,270,1776,1796.41,6.30318
786,1058,1799,2087.05,7.32297
787,1065,925,1410.62,4.94955
788,400,635,750.48,2.63327
789,-663,769,1015.35,3.56262
790,-997,1060,1455.20,5.10597
791,-538,1134,1255.15,4.40403
792,-144,573,590.82,2.07304
793,-459,646,792.46,2.78057
794,-706,590,920.07,3.22833
795,-428,-94,438.20,1.53755
796,-292,-330,440.64,1.54611
797,-603,115,613.87,2.15392
798,-559,864,1029.07,3.61076
799,-268,921,959.20,3.36561
800,-196,501,537.97,1.88763
801,-274,156,315.30,1.10630
802,-263,328,420.42,1.47516
803,-33,658,658.83,2.31167
804,-381,1412,1462.50,5.13158
805,-495,1057,1167.16,4.09532
806,-375,833,913.52,3.20532
807,-289,1046,1085.19,3.80768
808,-176,1073,1087.34,3.81522
809,-270,1246,1274.92,4.47340
810,-832,1008,1307.01,4.58602
811,-832,280,877.85,3.08018
812,-1178,234,1201.02,4.21409
813,-1150,-26,1150.29,4.03612
814,-850,277,894.00,3.13683
815,-529,525,745.30,2.61507
816,-525,161,549.13,1.92678
817,-497,-37,498.38,1.74869
818,-886,121,894.22,3.13763
819,-453,263,523.81,1.83793
820,-463,1017,1117.43,3.92082
821,-286,1032,1070.90,3.75753
822,-219,989,1012.96,3.55424
823,-215,835,862.24,3.02539
824,182,543,572.69,2.00944
825,239,349,422.99,1.48418
826,-16,114,115.12,0.40392
827,-325,40,327.45,1.14896
828,-707,444,834.86,2.92932
829,-785,387,875.21,3.07092
830,-609,389,722.64,2.53556
831,-541,605,811.61,2.84774
832,-579,363,683.38,2.39783
833,-289,384,480.60,1.68632
834,-128,594,607.63,2.13205
835,16,524,524.24,1.83945
836,-503,964,1087.34,3.81522
837,-580,721,925.33,3.24678
838,-402,830,922.23,3.23589
839,-404,630,748.41,2.62600
840,-528,501,727.86,2.55391
841,-418,141,441.14,1.54786
842,-8,147,147.22,0.51655
843,404,285,494.41,1.73477
844,190,633,660.90,2.31895
845,-99,533,542.12,1.90216
846,-380,395,548.11,1.92319
847,-174,254,307.88,1.08029
848,-74,355,362.63,1.27239
849,-286,209,354.23,1.24290
850,-774,93,779.57,2.73532
851,-576,-194,607.79,2.13261
852,-261,-292,391.64,1.37419
# END
# FRAME,113,RX_TS,719646518512,FP_INDEX,754.4531,FP_INT,754,RXPACC,273,RXPWR,-67.53,STD_NOISE,140.00,NTM,13,NOISE_THRESH,1820.00,PEAK_IDX,756,PEAK_AMPL,18186,START,704,elapsed_s,11.5385
sample,real,imag,amplitude,amplitude_norm
704,10,140,140.36,0.51413
705,360,164,395.60,1.44907
706,340,282,441.73,1.61805
707,-266,164,312.49,1.14466
708,-776,-327,842.08,3.08456
709,-354,-556,659.13,2.41439
710,332,-71,339.51,1.24362
711,535,33,536.02,1.96343
712,69,-47,83.49,0.30581
713,-415,-534,676.30,2.47729
714,-384,-679,780.06,2.85737
715,-515,-204,553.93,2.02906
716,-5,-37,37.34,0.13676
717,13,48,49.73,0.18216
718,-26,-166,168.02,0.61547
719,77,-115,138.40,0.50695
720,-39,-151,155.96,0.57126
721,47,-105,115.04,0.42139
722,7,65,65.38,0.23947
723,-485,74,490.61,1.79712
724,-837,-357,909.95,3.33317
725,-555,-596,814.40,2.98314
726,-174,-269,320.37,1.17352
727,128,-170,212.80,0.77949
728,-89,-260,274.81,1.00663
729,-675,-475,825.38,3.02337
730,-607,-809,1011.40,3.70476
731,-676,-410,790.62,2.89603
732,-435,-207,481.74,1.76462
733,-229,-129,262.83,0.96276
734,78,-455,461.64,1.69098
735,394,-458,604.15,2.21301
736,116,-377,394.44,1.44484
737,-76,-563,568.11,2.08098
738,98,-550,558.66,2.04638
739,928,-311,978.73,3.58508
740,1153,308,1193.43,4.37154
741,821,716,1089.36,3.99032
742,-249,544,598.28,2.19150
743,-430,-197,472.98,1.73252
744,284,-202,348.51,1.27660
745,899,415,990.16,3.62698
746,924,961,1333.15,4.88334
747,804,941,1237.70,4.53369
748,916,446,1018.81,3.73190
749,523,440,683.47,2.50355
750,9,386,386.10,1.41430
751,-29,113,116.66,0.42733
752,408,220,463.53,1.69793
753,895,1144,1452.50,5.32052
754,627,5171,5208.87,19.08012
755,-2796,14135,14408.88,52.77979
756,-7248,16485,18008.02,65.96344
757,-10925,10569,15200.64,55.67999
758,-7895,-3814,8767.99,32.11717
759,-608,-7757,7780.79,28.50107
760,-328,2606,2626.56,9.62110
761,-7728,12370,14585.57,53.42700
762,-13532,9850,16737.31,61.30883
763,-10213,1630,10342.26,37.88372
764,-1140,-1395,1801.56,6.59913
765,4348,-2386,4959.65,18.16721
766,5679,843,5741.23,21.03014
767,1763,4338,4682.56,17.15225
768,-908,3864,3969.25,14.53938
769,-1514,1096,1869.07,6.84640
770,-928,-2154,2345.40,8.59121
771,796,-1870,2032.37,7.44457
772,1198,98,1202.00,4.40294
773,1215,-77,1217.44,4.45948
774,502,-526,727.10,2.66338
775,-405,-253,477.53,1.74919
776,50,291,295.26,1.08155
777,974,473,1082.78,3.96621
778,1374,776,1577.99,5.78018
779,672,834,1071.05,3.92325
780,-803,-207,829.25,3.03755
781,-1322,-1298,1852.70,6.78644
782,-328,-1893,1921.21,7.03739
783,882,-1294,1566.00,5.73627
784,711,-937,1176.22,4.30849
785,399,-1107,1176.71,4.31030
786,-384,-1528,1575.51,5.77111
787,-1042,-1494,1821.48,6.67210
788,-1045,-708,1262.26,4.62365
789,-382,-507,634.80,2.32528
790,606,-827,1025.26,3.75554
791,907,-1016,1361.95,4.98882
792,444,-1055,1144.62,4.19276
793,189,-563,593.88,2.17537
794,389,-756,850.21,3.11432
795,635,-577,857.99,3.14284
796,425,128,443.86,1.62585
797,374,327,496.79,1.81976
798,695,-96,701.60,2.56996
799,447,-745,868.81,3.18246
800,146,-848,860.48,3.15193
801,156,-456,481.95,1.76537
802,342,-111,359.56,1.31708
803,337,-233,409.70,1.50075
804,4,-471,471.02,1.72534
805,140,-1157,1165.44,4.26901
806,372,-992,1059.46,3.88079
807,274,-758,806.00,2.95239
808,161,-913,927.09,3.39592
809,43,-858,859.08,3.14680
810,153,-1105,1115.54,4.08623
811,738,-1011,1251.70,4.58500
812,887,-327,945.36,3.46284
813,1168,-327,1212.91,4.44290
814,1073,-153,1083.85,3.97016
815,763,-383,853.73,3.12722
816,534,-603,805.46,2.95040
817,556,-172,582.00,2.13186
818,579,-7,579.04,2.12103
819,888,-120,896.07,3.28231
820,470,-169,499.46,1.82953
821,326,-878,936.57,3.43065
822,163,-872,887.10,3.24946
823,150,-824,837.54,3.06792
824,166,-732,750.59,2.74940
825,-157,-458,484.16,1.77349
826,-165,-197,256.97,0.94129
827,72,-25,76.22,0.27918
828,282,-36,284.29,1.04135
829,565,-379,680.34,2.49210
830,759,-402,858.89,3.14610
831,607,-373,712.45,2.60969
832,524,-532,746.73,2.73526
833,597,-299,667.69,2.44575
834,284,-326,432.36,1.58372
835,88,-483,490.95,1.79836
836,-23,-468,468.56,1.71635
837,466,-970,1076.13,3.94187
838,589,-669,891.34,3.26497
839,324,-765,830.78,3.04316
840,344,-708,787.15,2.88332
841,537,-491,727.63,2.66532
842,536,-119,549.05,2.01118
843,-36,-78,85.91,0.31468
844,-380,-204,431.30,1.57984
845,-260,-616,668.62,2.44917
846,133,-477,495.19,1.81390
847,365,-415,552.68,2.02445
848,205,-204,289.21,1.05937
849,97,-197,219.59,0.80434
850,363,-138,388.35,1.42251
851,793,-160,808.98,2.96330
852,615,203,647.64,2.37230
853,382,301,486.34,1.78146
# END
# FRAME,114,RX_TS,726036308247,FP_INDEX,753.9375,FP_INT,753,RXPACC,297,RXPWR,-67.44,STD_NOISE,152.00,NTM,13,NOISE_THRESH,1976.00,PEAK_IDX,761,PEAK_AMPL,18488,START,703,elapsed_s,11.6308
sample,real,imag,amplitude,amplitude_norm
703,134,29,137.10,0.46162
704,-127,-210,245.42,0.82632
705,-303,-355,466.73,1.57147
706,11,-173,173.35,0.58367
707,683,486,838.26,2.82243
708,549,813,981.00,3.30305
709,-158,355,388.57,1.30833
710,-459,-355,580.26,1.95375
711,-322,47,325.41,1.09566
712,183,406,445.34,1.49945
713,153,887,900.10,3.03064
714,334,732,804.60,2.70909
715,350,245,427.23,1.43848
716,-4,43,43.19,0.14541
717,125,106,163.89,0.55183
718,-109,292,311.68,1.04943
719,84,93,125.32,0.42195
720,1,323,323.00,1.08755
721,3,75,75.06,0.25273
722,392,4,392.02,1.31993
723,706,539,888.23,2.99068
724,667,905,1124.24,3.78532
725,276,568,631.51,2.12628
726,65,183,194.20,0.65388
727,-116,293,315.13,1.06103
728,351,608,702.04,2.36378
729,533,1029,1158.85,3.90185
730,412,1002,1083.40,3.64780
731,562,492,746.93,2.51492
732,345,404,531.26,1.78877
733,-74,319,327.47,1.10259
734,-466,621,776.40,2.61414
735,-260,240,353.84,1.19137
736,-142,743,756.45,2.54696
737,-13,647,647.13,2.17889
738,-628,340,714.13,2.40448
739,-1053,-469,1152.72,3.88122
740,-792,-851,1162.53,3.91423
741,36,-847,847.76,2.85443
742,622,205,654.91,2.20509
743,89,442,450.87,1.51809
744,-495,-271,564.33,1.90009
745,-544,-1046,1179.00,3.96971
746,-358,-1322,1369.62,4.61150
747,-584,-853,1033.76,3.48068
748,-540,-566,782.28,2.63393
749,34,-425,426.36,1.43555
750,216,-115,244.71,0.82393
751,-35,-51,61.85,0.20826
752,-471,-810,936.99,3.15483
753,65,-2705,2705.78,9.11037
754,4645,-9672,10729.57,36.12649
755,12039,-15359,19515.03,65.70718
756,15499,-11762,19456.71,65.51082
757,11825,906,11859.66,39.93150
758,711,10064,10089.08,33.96998
759,-2014,3058,3661.63,12.32873
760,7342,-7472,10475.48,35.27099
761,16461,-8308,18438.75,62.08332
762,15584,-502,15592.08,52.49860
763,4928,2768,5652.17,19.03087
764,-2698,1268,2981.11,10.03741
765,-6611,-845,6664.78,22.44035
766,-2577,-4627,5296.23,17.83243
767,1698,-4347,4666.86,15.71334
768,2470,-2147,3272.69,11.01916
769,1045,1465,1799.51,6.05897
770,-960,2914,3068.06,10.33017
771,-1376,220,1393.48,4.69184
772,-1115,-622,1276.76,4.29885
773,-1185,63,1186.67,3.99553
774,49,627,628.91,2.11755
775,477,7,477.05,1.60623
776,-343,-582,675.55,2.27459
777,-946,-1016,1388.23,4.67416
778,-767,-1489,1674.94,5.63951
779,163,-237,287.64,0.96849
780,960,1341,1649.21,5.55288
781,309,2141,2163.18,7.28345
782,-1112,1705,2035.58,6.85379
783,-1231,747,1439.92,4.84822
784,-885,1009,1342.13,4.51895
785,-364,1222,1275.06,4.29313
786,159,2137,2142.91,7.21518
787,679,1447,1598.39,5.38178
788,432,987,1077.40,3.62761
789,-493,671,832.64,2.80350
790,-1278,862,1541.53,5.19035
791,-923,745,1186.15,3.99377
792,-492,818,954.56,3.21401
793,-405,494,638.80,2.15083
794,-874,817,1196.40,4.02827
795,-606,-7,606.04,2.04054
796,-178,-264,318.40,1.07206
797,-423,-467,630.09,2.12153
798,-732,370,820.20,2.76161
799,-575,796,981.96,3.30626
800,-379,940,1013.53,3.41256
801,-260,200,328.02,1.10446
802,-426,217,478.08,1.60971
803,-207,412,461.08,1.55245
804,-202,1077,1095.78,3.68949
805,-658,1193,1362.43,4.58730
806,-548,887,1042.63,3.51053
807,-496,787,930.26,3.13219
808,-495,1170,1270.40,4.27745
809,-209,1029,1050.01,3.53539
810,-799,1099,1358.75,4.57492
811,-927,282,968.94,3.26244
812,-1015,-15,1015.11,3.41788
813,-1298,-211,1315.04,4.42774
814,-910,-58,911.85,3.07019
815,-710,328,782.10,2.63334
816,-601,324,682.77,2.29889
817,-443,-118,458.45,1.54359
818,-788,-120,797.08,2.68379
819,-755,-138,767.51,2.58420
820,-460,562,726.25,2.44530
821,-611,932,1114.43,3.75228
822,-368,1049,1111.68,3.74302
823,-410,866,958.15,3.22610
824,-192,721,746.13,2.51221
825,219,438,489.70,1.64882
826,88,97,130.97,0.44097
827,-192,16,192.67,0.64871
828,-461,175,493.10,1.66026
829,-985,345,1043.67,3.51405
830,-808,150,821.81,2.76702
831,-663,326,738.81,2.48759
832,-688,300,750.56,2.52715
833,-443,169,474.14,1.59644
834,-327,583,668.44,2.25065
835,-164,505,530.96,1.78775
836,-325,759,825.65,2.77998
837,-972,773,1241.90,4.18148
838,-586,604,841.55,2.83351
839,-537,701,883.05,2.97322
840,-708,561,903.32,3.04148
841,-524,21,524.42,1.76573
842,-268,65,275.77,0.92852
843,326,285,433.01,1.45796
844,286,556,625.25,2.10520
845,-98,596,604.00,2.03368
846,-406,299,504.22,1.69771
847,-447,370,580.27,1.95376
848,-170,285,331.85,1.11734
849,-225,165,279.02,0.93945
850,-638,-1,638.00,2.14815
851,-694,-264,742.52,2.50006
852,-319,-431,536.21,1.80542
# END
# FRAME,115,RX_TS,732426053408,FP_INDEX,754.0781,FP_INT,754,RXPACC,293,RXPWR,-67.50,STD_NOISE,148.00,NTM,13,NOISE_THRESH,1924.00,PEAK_IDX,756,PEAK_AMPL,18975,START,704,elapsed_s,11.7374
sample,real,imag,amplitude,amplitude_norm
704,9,-227,227.18,0.77535
705,-194,-389,434.69,1.48359
706,36,-264,266.44,0.90936
707,597,443,743.41,2.53723
708,601,898,1080.56,3.68791
709,-127,516,531.40,1.81365
710,-475,-316,570.51,1.94713
711,-382,-27,382.95,1.30701
712,163,272,317.10,1.08226
713,129,835,844.91,2.88364
714,260,795,836.44,2.85473
715,338,294,447.97,1.52892
716,9,38,39.05,0.13328
717,137,76,156.67,0.53470
718,-129,157,203.20,0.69351
719,6,74,74.24,0.25339
720,-52,343,346.92,1.18402
721,-20,56,59.46,0.20295
722,270,26,271.25,0.92576
723,571,514,768.27,2.62208
724,574,993,1146.96,3.91455
725,197,693,720.46,2.45890
726,52,201,207.62,0.70859
727,-206,224,304.32,1.03864
728,178,564,591.42,2.01851
729,383,988,1059.64,3.61651
730,188,1088,1104.12,3.76834
731,486,615,783.85,2.67526
732,318,495,588.34,2.00800
733,22,303,303.80,1.03685
734,-455,582,738.75,2.52133
735,-354,201,407.08,1.38936
736,-230,622,663.16,2.26335
737,-93,626,632.87,2.15997
738,-605,348,697.95,2.38207
739,-1025,-553,1164.66,3.97495
740,-778,-944,1223.28,4.17503
741,32,-964,964.53,3.29191
742,635,88,641.07,2.18795
743,151,493,515.61,1.75975
744,-439,-215,488.82,1.66833
745,-461,-1016,1115.70,3.80784
746,-242,-1333,1354.79,4.62385
747,-404,-1029,1105.47,3.77292
748,-508,-716,877.91,2.99627
749,0,-431,431.00,1.47099
750,249,-127,279.52,0.95398
751,3,-12,12.37,0.04222
752,-349,-674,759.00,2.59043
753,213,-2246,2256.08,7.69992
754,4653,-7886,9156.39,31.25046
755,12889,-13508,18670.63,63.72228
756,16417,-10641,19563.97,66.77122
757,12813,634,12828.68,43.78387
758,703,9843,9868.07,33.67943
759,-2956,4185,5123.69,17.48698
760,6447,-5526,8491.20,28.98021
761,16456,-6760,17790.38,60.71801
762,16119,612,16130.61,55.05329
763,5916,3677,6965.59,23.77333
764,-2083,1127,2368.34,8.08306
765,-6376,-1057,6463.02,22.05809
766,-2704,-4671,5397.21,18.42051
767,1896,-4430,4818.68,16.44602
768,2771,-2173,3521.42,12.01849
769,1138,1190,1646.56,5.61964
770,-1068,2848,3041.67,10.38111
771,-1520,407,1573.55,5.37047
772,-1013,-778,1277.28,4.35933
773,-1184,-190,1199.15,4.09266
774,-91,570,577.22,1.97003
775,549,115,560.92,1.91439
776,-10,-530,530.09,1.80920
777,-761,-1020,1272.60,4.34336
778,-574,-1449,1558.55,5.31928
779,106,-405,418.64,1.42881
780,727,1255,1450.36,4.95005
781,186,2116,2124.16,7.24969
782,-1215,1671,2066.03,7.05129
783,-1383,613,1512.77,5.16302
784,-953,844,1273.01,4.34473
785,-579,1123,1263.48,4.31220
786,-188,2032,2040.68,6.96477
787,474,1666,1732.12,5.91166
788,321,1124,1168.94,3.98955
789,-541,701,885.48,3.02213
790,-1386,640,1526.63,5.21034
791,-1092,491,1197.31,4.08637
792,-658,745,993.98,3.39241
793,-429,349,553.03,1.88747
794,-988,713,1218.41,4.15838
795,-627,93,633.86,2.16334
796,-185,-287,341.46,1.16539
797,-309,-528,611.77,2.08796
798,-763,100,769.53,2.62637
799,-671,665,944.70,3.22425
800,-487,929,1048.91,3.57989
801,-197,198,279.31,0.95327
802,-235,71,245.49,0.83785
803,-232,279,362.86,1.23842
804,-236,841,873.49,2.98118
805,-772,1130,1368.53,4.67076
806,-578,863,1038.68,3.54498
807,-545,759,934.40,3.18908
808,-609,1076,1236.39,4.21976
809,-399,900,984.48,3.36000
810,-1004,954,1384.97,4.72685
811,-1049,126,1056.54,3.60594
812,-1009,-204,1029.42,3.51336
813,-1307,-320,1345.60,4.59250
814,-934,-186,952.34,3.25031
815,-726,193,751.22,2.56388
816,-621,310,694.08,2.36886
817,-411,-206,459.74,1.56906
818,-645,-214,679.57,2.31937
819,-710,-218,742.71,2.53486
820,-455,395,602.54,2.05644
821,-734,832,1109.50,3.78667
822,-489,898,1022.51,3.48979
823,-542,772,943.26,3.21933
824,-378,742,832.74,2.84210
825,120,520,533.67,1.82139
826,40,263,266.02,0.90793
827,-146,104,179.25,0.61179
828,-336,122,357.46,1.22001
829,-898,200,920.00,3.13994
830,-818,73,821.25,2.80290
831,-722,244,762.12,2.60108
832,-791,319,852.90,2.91093
833,-429,147,453.49,1.54774
834,-353,469,587.00,2.00342
835,-213,525,566.56,1.93366
836,-308,729,791.39,2.70100
837,-1042,648,1227.06,4.18791
838,-742,507,898.67,3.06714
839,-655,661,930.56,3.17598
840,-705,513,871.89,2.97574
841,-551,49,553.17,1.88797
842,-374,-20,374.53,1.27827
843,200,251,320.94,1.09535
844,328,550,640.38,2.18559
845,-88,600,606.42,2.06969
846,-437,242,499.53,1.70489
847,-538,277,605.12,2.06526
848,-215,228,313.38,1.06957
849,-215,142,257.66,0.87939
850,-535,-29,535.79,1.82862
851,-645,-289,706.79,2.41224
852,-317,-415,522.22,1.78232
853,-89,-215,232.69,0.79417
# END
# FRAME,116,RX_TS,738815849747,FP_INDEX,753.6250,FP_INT,753,RXPACC,270,RXPWR,-67.37,STD_NOISE,156.00,NTM,13,NOISE_THRESH,2028.00,PEAK_IDX,755,PEAK_AMPL,17994,START,703,elapsed_s,11.8361
sample,real,imag,amplitude,amplitude_norm
703,78,77,109.60,0.40594
704,330,-65,336.34,1.24571
705,423,2,423.00,1.56668
706,-143,284,317.97,1.17767
707,-823,383,907.75,3.36205
708,-699,-14,699.14,2.58941
709,98,-332,346.16,1.28208
710,396,-309,502.29,1.86034
711,45,-34,56.40,0.20889
712,-567,1,567.00,2.10000
713,-763,-264,807.38,2.99030
714,-558,154,578.86,2.14393
715,-106,6,106.17,0.39322
716,55,-2,55.04,0.20384
717,-33,-53,62.43,0.23124
718,-81,-144,165.22,0.61192
719,-104,-32,108.81,0.40301
720,-114,-121,166.24,0.61572
721,-20,22,29.73,0.11012
722,-264,367,452.09,1.67441
723,-857,335,920.15,3.40796
724,-841,-43,842.10,3.11888
725,-303,-74,311.91,1.15521
726,-76,-133,153.18,0.56734
727,-165,-94,189.90,0.70332
728,-776,127,786.32,2.91231
729,-964,-112,970.48,3.59439
730,-786,91,791.25,2.93056
731,-488,170,516.76,1.91394
732,-284,74,293.48,1.08697
733,-241,-347,422.48,1.56474
734,-85,-559,565.43,2.09417
735,-176,-234,292.80,1.08445
736,-454,-328,560.09,2.07440
737,-353,-429,555.56,2.05764
738,451,-737,864.04,3.20016
739,1020,-538,1153.19,4.27107
740,1113,-93,1116.88,4.13659
741,251,596,646.70,2.39517
742,-475,278,550.37,2.03841
743,-17,-231,231.62,0.85787
744,855,-241,888.32,3.29006
745,1170,54,1171.25,4.33795
746,1251,240,1273.81,4.71783
747,942,-190,960.97,3.55915
748,708,-15,708.16,2.62281
749,251,302,392.69,1.45441
750,22,154,155.56,0.57616
751,332,-77,340.81,1.26227
752,1272,248,1295.95,4.79982
753,3446,2915,4513.55,16.71685
754,7238,11649,13714.51,50.79449
755,6260,16473,17622.35,65.26797
756,-254,15155,15157.13,56.13752
757,-8048,3469,8763.80,32.45853
758,-6227,-5351,8210.28,30.40845
759,939,1092,1440.20,5.33409
760,2672,13411,13674.59,50.64664
761,-2846,16055,16305.30,60.38999
762,-6682,8827,11070.91,41.00337
763,-2085,114,2088.11,7.73376
764,1347,-4330,4534.68,16.79510
765,4682,-3529,5863.02,21.71488
766,4307,1814,4673.42,17.30896
767,2030,3479,4027.95,14.91831
768,-225,2026,2038.46,7.54984
769,-2057,-752,2190.15,8.11166
770,-1005,-1965,2207.09,8.17441
771,860,-670,1090.18,4.03772
772,964,-703,1193.11,4.41892
773,207,-649,681.21,2.52301
774,-458,139,478.63,1.77270
775,123,349,370.04,1.37052
776,888,-176,905.27,3.35286
777,1522,-220,1537.82,5.69562
778,1309,288,1340.31,4.96410
779,-459,336,568.84,2.10681
780,-1656,-55,1656.91,6.13671
781,-1549,-1148,1928.03,7.14086
782,-419,-1602,1655.89,6.13292
783,-107,-1097,1102.21,4.08224
784,-445,-1039,1130.29,4.18624
785,-1177,-863,1459.49,5.40550
786,-1809,-568,1896.08,7.02250
787,-1318,77,1320.25,4.88980
788,-841,-415,937.82,3.47341
789,-172,-1043,1057.09,3.91514
790,-38,-1350,1350.53,5.00198
791,-322,-1032,1081.07,4.00396
792,-222,-579,620.10,2.29667
793,-164,-804,820.56,3.03910
794,-31,-982,982.49,3.63885
795,331,-235,405.94,1.50348
796,439,72,444.87,1.64765
797,550,-369,662.31,2.45302
798,-114,-765,773.45,2.86462
799,-487,-734,880.87,3.26247
800,-262,-467,535.47,1.98324
801,142,-265,300.65,1.11351
802,10,-340,340.15,1.25980
803,-335,-262,425.29,1.57514
804,-679,-822,1066.17,3.94879
805,-525,-891,1034.17,3.83026
806,-382,-726,820.37,3.03839
807,-470,-720,859.83,3.18454
808,-600,-671,900.13,3.33383
809,-604,-807,1008.00,3.73334
810,-118,-1215,1220.72,4.52117
811,498,-791,934.71,3.46189
812,743,-993,1240.20,4.59334
813,695,-841,1091.01,4.04078
814,225,-741,774.41,2.86817
815,-18,-734,734.22,2.71934
816,192,-515,549.63,2.03565
817,393,-315,503.66,1.86541
818,527,-696,873.01,3.23337
819,185,-357,402.09,1.48921
820,-337,-808,875.46,3.24245
821,-442,-801,914.86,3.38836
822,-448,-754,877.05,3.24834
823,-400,-644,758.11,2.80783
824,-426,-272,505.43,1.87196
825,-330,4,330.02,1.22231
826,13,-51,52.63,0.19493
827,151,-180,234.95,0.87018
828,81,-643,648.08,2.40030
829,186,-798,819.39,3.03478
830,220,-600,639.06,2.36690
831,48,-633,634.82,2.35118
832,211,-611,646.41,2.39410
833,-38,-431,432.67,1.60249
834,-239,-433,494.58,1.83178
835,-314,-281,421.38,1.56065
836,-393,-952,1029.93,3.81455
837,-56,-969,970.62,3.59488
838,-317,-702,770.26,2.85280
839,-164,-633,653.90,2.42185
840,57,-677,679.40,2.51628
841,338,-348,485.13,1.79677
842,11,-81,81.74,0.30275
843,-367,162,401.16,1.48579
844,-558,-177,585.40,2.16815
845,-269,-402,483.70,1.79148
846,11,-490,490.12,1.81527
847,18,-289,289.56,1.07244
848,-52,-264,269.07,0.99656
849,204,-271,339.20,1.25630
850,473,-512,697.05,2.58165
851,613,-321,691.96,2.56282
852,495,-41,496.70,1.83961
# END
# FRAME,117,RX_TS,745205713143,FP_INDEX,754.0625,FP_INT,754,RXPACC,291,RXPWR,-67.30,STD_NOISE,172.00,NTM,13,NOISE_THRESH,2236.00,PEAK_IDX,755,PEAK_AMPL,18612,START,704,elapsed_s,11.9321
sample,real,imag,amplitude,amplitude_norm
704,267,-86,280.51,0.96395
705,324,-307,446.35,1.53384
706,212,-49,217.59,0.74773
707,-206,697,726.80,2.49761
708,-587,719,928.19,3.18964
709,-412,-61,416.49,1.43124
710,166,-527,552.53,1.89871
711,-65,-330,336.34,1.15581
712,-209,234,313.75,1.07817
713,-765,326,831.57,2.85761
714,-683,375,779.18,2.67758
715,-129,376,397.51,1.36603
716,-11,-42,43.42,0.14920
717,4,203,203.04,0.69773
718,-167,-66,179.57,0.61708
719,13,14,19.10,0.06565
720,-229,0,229.00,0.78694
721,-22,-30,37.20,0.12784
722,70,297,305.14,1.04858
723,-286,736,789.62,2.71345
724,-742,856,1132.83,3.89288
725,-582,357,682.77,2.34628
726,-126,60,139.56,0.47958
727,-188,-39,192.00,0.65980
728,-401,434,590.90,2.03057
729,-806,720,1080.76,3.71394
730,-924,560,1080.45,3.71289
731,-384,615,725.04,2.49154
732,-313,423,526.21,1.80829
733,-285,50,289.35,0.99434
734,-628,-304,697.71,2.39763
735,-249,-274,370.24,1.27230
736,-583,-13,583.14,2.00393
737,-599,62,602.20,2.06942
738,-501,-518,720.64,2.47643
739,230,-1109,1132.60,3.89209
740,694,-1006,1222.16,4.19986
741,968,-195,987.45,3.39328
742,53,615,617.28,2.12124
743,-439,251,505.69,1.73777
744,135,-473,491.89,1.69034
745,885,-726,1144.68,3.93362
746,1274,-667,1438.04,4.94173
747,873,-715,1128.43,3.87777
748,537,-726,903.02,3.10316
749,515,-174,543.60,1.86804
750,279,160,321.62,1.10523
751,107,-38,113.55,0.39020
752,629,-549,834.89,2.86904
753,2436,-533,2493.63,8.56917
754,9425,2191,9676.32,33.25195
755,16489,8382,18497.16,63.56414
756,14643,12714,19392.35,66.64037
757,2770,12217,12527.09,43.04842
758,-9072,3383,9682.25,33.27232
759,-4243,-1442,4481.34,15.39979
760,7603,4849,9017.67,30.98856
761,11233,14020,17964.99,61.73535
762,3983,15475,15979.36,54.91189
763,-1744,6356,6590.92,22.64922
764,-1699,-1896,2545.86,8.74867
765,-692,-6390,6427.36,22.08715
766,3853,-3820,5425.68,18.64495
767,4751,567,4784.71,16.44232
768,2905,2002,3528.03,12.12383
769,-767,1392,1589.32,5.46160
770,-2780,-237,2790.08,9.58792
771,-619,-1247,1392.18,4.78413
772,538,-1116,1238.91,4.25743
773,-130,-1107,1114.61,3.83026
774,-584,153,603.71,2.07460
775,-46,549,550.92,1.89321
776,452,-278,530.65,1.82353
777,880,-1033,1357.01,4.66328
778,1397,-1030,1735.66,5.96446
779,511,-61,514.63,1.76848
780,-945,1051,1413.37,4.85696
781,-2072,724,2194.85,7.54244
782,-2015,-627,2110.30,7.25188
783,-1037,-1098,1510.29,5.19000
784,-1076,-678,1271.79,4.37043
785,-1199,-242,1223.18,4.20336
786,-2048,515,2111.76,7.25691
787,-1482,1141,1870.35,6.42732
788,-1089,859,1387.01,4.76636
789,-809,-90,813.99,2.79722
790,-924,-1079,1420.57,4.88168
791,-769,-850,1146.24,3.93896
792,-908,-380,984.31,3.38250
793,-539,-199,574.56,1.97444
794,-893,-619,1086.56,3.73388
795,-231,-478,530.89,1.82437
796,226,-222,316.80,1.08865
797,393,-508,642.27,2.20712
798,-351,-767,843.50,2.89862
799,-717,-475,860.07,2.95555
800,-817,-210,843.56,2.89882
801,-147,-221,265.42,0.91211
802,-144,-386,411.99,1.41576
803,-287,-293,410.14,1.40943
804,-842,-172,859.39,2.95322
805,-1237,-587,1369.21,4.70519
806,-866,-455,978.25,3.36170
807,-821,-374,902.17,3.10025
808,-1146,-303,1185.38,4.07347
809,-931,-94,935.73,3.21558
810,-1226,-625,1376.12,4.72893
811,-456,-950,1053.77,3.62121
812,-118,-1040,1046.67,3.59681
813,-49,-1304,1304.92,4.48426
814,-108,-931,937.24,3.22077
815,-340,-674,754.90,2.59416
816,-427,-484,645.43,2.21799
817,134,-482,500.28,1.71917
818,59,-713,715.44,2.45855
819,-21,-724,724.30,2.48902
820,-551,-389,674.48,2.31780
821,-942,-553,1092.32,3.75369
822,-916,-270,954.96,3.28166
823,-810,-302,864.47,2.97068
824,-767,-117,775.87,2.66623
825,-409,207,458.40,1.57526
826,-106,94,141.68,0.48686
827,19,-165,166.09,0.57076
828,-82,-307,317.76,1.09197
829,-398,-708,812.20,2.79106
830,-280,-663,719.70,2.47320
831,-326,-543,633.34,2.17644
832,-378,-630,734.70,2.52474
833,-194,-378,424.88,1.46006
834,-497,-180,528.59,1.81647
835,-446,-78,452.77,1.55591
836,-668,-167,688.56,2.36618
837,-821,-805,1149.81,3.95124
838,-526,-504,728.49,2.50339
839,-644,-426,772.15,2.65343
840,-590,-586,831.56,2.85760
841,-122,-553,566.30,1.94604
842,-103,-272,290.85,0.99948
843,-107,321,338.36,1.16276
844,-364,432,564.91,1.94126
845,-479,19,479.38,1.64734
846,-257,-361,443.14,1.52281
847,-239,-392,459.11,1.57771
848,-187,-139,233.00,0.80069
849,-167,-147,222.48,0.76454
850,-31,-513,513.94,1.76610
851,158,-672,690.32,2.37225
852,341,-374,506.12,1.73924
853,339,-189,388.13,1.33377
# END
# FRAME,118,RX_TS,751595509441,FP_INDEX,753.0937,FP_INT,753,RXPACC,272,RXPWR,-67.26,STD_NOISE,132.00,NTM,13,NOISE_THRESH,1716.00,PEAK_IDX,755,PEAK_AMPL,17517,START,703,elapsed_s,12.0342
sample,real,imag,amplitude,amplitude_norm
703,178,-43,183.12,0.67324
704,413,-96,424.01,1.55886
705,204,171,266.19,0.97864
706,-593,517,786.73,2.89238
707,-834,231,865.40,3.18162
708,-184,-258,316.89,1.16504
709,553,-268,614.52,2.25926
710,119,-252,278.68,1.02458
711,-337,101,351.81,1.29342
712,-777,-76,780.71,2.87025
713,-653,89,659.04,2.42293
714,-197,138,240.53,0.88429
715,68,-96,117.64,0.43251
716,-18,75,77.13,0.28357
717,-115,-139,180.41,0.66325
718,-22,77,80.08,0.29442
719,-210,-197,287.94,1.05860
720,-16,-74,75.71,0.27835
721,-106,320,337.10,1.23934
722,-714,479,859.79,3.16099
723,-1023,256,1054.54,3.87700
724,-488,-43,489.89,1.80107
725,-99,-76,124.81,0.45885
726,-101,-256,275.20,1.01178
727,-583,102,591.86,2.17594
728,-988,150,999.32,3.67398
729,-862,116,869.77,3.19768
730,-519,305,601.99,2.21318
731,-391,194,436.48,1.60472
732,-223,-196,296.89,1.09152
733,-325,-589,672.72,2.47322
734,-66,-238,246.98,0.90802
735,-485,-311,576.15,2.11819
736,-467,-251,530.18,1.94919
737,58,-729,731.30,2.68862
738,850,-815,1177.59,4.32939
739,1021,-450,1115.77,4.10209
740,753,315,816.23,3.00085
741,-247,420,487.25,1.79135
742,-332,-79,341.27,1.25467
743,467,-388,607.15,2.23217
744,1143,-173,1156.02,4.25007
745,1371,119,1376.15,5.05939
746,1018,-208,1039.03,3.81997
747,742,-291,797.02,2.93023
748,421,188,461.07,1.69511
749,90,194,213.86,0.78625
750,167,-1,167.00,0.61398
751,908,-97,913.17,3.35723
752,2419,976,2608.47,9.58998
753,7275,7466,10424.34,38.32476
754,9595,15061,17857.71,65.65334
755,5122,16359,17142.11,63.02245
756,-4824,9382,10549.54,38.78509
757,-8782,-2826,9225.50,33.91727
758,-1675,-2462,2977.76,10.94766
759,4325,9004,9988.88,36.72381
760,1810,16470,16569.16,60.91602
761,-4632,13282,14066.52,51.71514
762,-3633,3057,4748.05,17.45605
763,-103,-2904,2905.83,10.68318
764,3009,-5359,6145.97,22.59548
765,4883,-493,4907.82,18.04347
766,3307,2937,4422.92,16.26073
767,1081,2796,2997.70,11.02094
768,-1485,391,1535.61,5.64563
769,-1921,-1628,2518.06,9.25757
770,480,-1099,1199.25,4.40901
771,1090,-743,1319.15,4.84981
772,375,-1039,1104.60,4.06104
773,-713,-140,726.61,2.67138
774,-317,413,520.63,1.91409
775,493,-103,503.64,1.85163
776,1213,-475,1302.69,4.78929
777,1623,-115,1627.07,5.98187
778,116,338,357.35,1.31379
779,-1479,468,1551.28,5.70323
780,-1975,-442,2023.85,7.44064
781,-989,-1562,1848.77,6.79696
782,-206,-1319,1334.99,4.90805
783,-556,-1117,1247.73,4.58723
784,-986,-649,1180.42,4.33979
785,-2049,-448,2097.40,7.71105
786,-1625,377,1668.16,6.13294
787,-1054,308,1098.08,4.03706
788,-433,-319,537.82,1.97728
789,-289,-1309,1340.52,4.92839
790,-344,-1038,1093.52,4.02028
791,-571,-603,830.45,3.05313
792,-213,-422,472.71,1.73790
793,-280,-973,1012.49,3.72238
794,213,-449,496.96,1.82706
795,338,-79,347.11,1.27614
796,526,-301,606.03,2.22807
797,-136,-821,832.19,3.05951
798,-400,-730,832.41,3.06032
799,-558,-599,818.64,3.00969
800,-39,-282,284.68,1.04663
801,131,-328,353.19,1.29850
802,-58,-325,330.13,1.21373
803,-731,-663,986.88,3.62823
804,-750,-1140,1364.59,5.01687
805,-488,-830,962.83,3.53982
806,-426,-667,791.43,2.90968
807,-676,-753,1011.92,3.72030
808,-679,-552,875.07,3.21716
809,-626,-1134,1295.31,4.76217
810,152,-924,936.42,3.44272
811,390,-907,987.29,3.62976
812,640,-1063,1240.79,4.56174
813,343,-837,904.55,3.32557
814,9,-729,729.06,2.68035
815,13,-577,577.15,2.12186
816,378,-314,491.41,1.80664
817,456,-636,782.58,2.87713
818,400,-558,686.56,2.52412
819,-266,-704,752.58,2.76683
820,-447,-897,1002.21,3.68458
821,-517,-638,821.18,3.01904
822,-416,-543,684.04,2.51484
823,-478,-406,627.15,2.30571
824,-393,-5,393.03,1.44497
825,-76,-42,86.83,0.31924
826,125,-178,217.51,0.79966
827,51,-377,380.43,1.39865
828,24,-863,863.33,3.17402
829,121,-765,774.51,2.84746
830,6,-719,719.03,2.64347
831,-6,-774,774.02,2.84567
832,30,-363,364.24,1.33911
833,-272,-393,477.95,1.75716
834,-269,-253,369.28,1.35766
835,-459,-451,643.49,2.36578
836,-253,-917,951.26,3.49728
837,-356,-615,710.61,2.61252
838,-321,-649,724.05,2.66193
839,-163,-723,741.15,2.72480
840,182,-432,468.77,1.72343
841,18,-171,171.94,0.63215
842,-260,184,318.52,1.17104
843,-523,56,525.99,1.93379
844,-371,-298,475.86,1.74949
845,-11,-504,504.12,1.85338
846,-23,-505,505.52,1.85854
847,-121,-239,267.88,0.98487
848,56,-151,161.05,0.59209
849,343,-531,632.15,2.32407
850,555,-518,759.18,2.79109
851,562,-163,585.16,2.15133
852,247,5,247.05,0.90827
# END
# FRAME,119,RX_TS,757985295992,FP_INDEX,752.4531,FP_INT,752,RXPACC,267,RXPWR,-67.12,STD_NOISE,156.00,NTM,13,NOISE_THRESH,2028.00,PEAK_IDX,754,PEAK_AMPL,18003,START,702,elapsed_s,12.1388
sample,real,imag,amplitude,amplitude_norm
702,-97,213,234.05,0.87658
703,165,373,407.87,1.52758
704,41,404,406.08,1.52088
705,-248,-285,377.79,1.41496
706,-265,-782,825.68,3.09244
707,207,-575,611.13,2.28886
708,299,312,432.14,1.61850
709,395,292,491.21,1.83974
710,37,-73,81.84,0.30652
711,144,-622,638.45,2.39120
712,277,-682,736.11,2.75695
713,-105,-468,479.63,1.79638
714,69,-39,79.26,0.29685
715,-39,4,39.20,0.14683
716,140,-60,152.32,0.57047
717,107,32,111.68,0.41829
718,135,-173,219.44,0.82187
719,143,-93,170.58,0.63888
720,-46,-1,46.01,0.17233
721,-320,-454,555.44,2.08031
722,-245,-956,986.89,3.69623
723,72,-741,744.49,2.78835
724,37,-250,252.72,0.94653
725,224,-38,227.20,0.85094
726,138,-256,290.83,1.08924
727,-70,-816,819.00,3.06740
728,234,-957,985.19,3.68986
729,-137,-625,639.84,2.39640
730,-95,-379,390.72,1.46339
731,73,-300,308.75,1.15638
732,525,-259,585.41,2.19255
733,561,-2,561.00,2.10114
734,380,-263,462.14,1.73084
735,364,-461,587.38,2.19993
736,556,-201,591.22,2.21429
737,787,581,978.23,3.66378
738,538,1024,1156.73,4.33231
739,30,982,982.46,3.67962
740,-434,76,440.60,1.65020
741,-71,-464,469.40,1.75806
742,303,140,333.78,1.25011
743,256,934,968.45,3.62715
744,-75,1247,1249.25,4.67885
745,-60,1109,1110.62,4.15963
746,248,838,873.93,3.27313
747,-8,550,550.06,2.06014
748,-194,232,302.42,1.13267
749,0,66,66.00,0.24719
750,224,441,494.63,1.85254
751,-277,1459,1485.06,5.56203
752,-3911,4151,5703.22,21.36037
753,-12989,7684,15091.65,56.52304
754,-16505,5814,17499.07,65.53960
755,-13742,-1764,13854.76,51.89047
756,-1006,-8508,8567.27,32.08715
757,5198,-4846,7106.54,26.61626
758,-3227,1930,3760.11,14.08281
759,-14515,2381,14708.99,55.08985
760,-15399,-3698,15836.81,59.31388
761,-6843,-6082,9155.18,34.28907
762,824,-1325,1560.32,5.84390
763,4894,1921,5257.52,19.69107
764,2660,4853,5534.19,20.72729
765,-2286,4080,4676.77,17.51600
766,-3327,1802,3783.67,14.17104
767,-1448,-572,1556.88,5.83103
768,1146,-1984,2291.19,8.58125
769,1739,-215,1752.24,6.56270
770,654,1100,1279.73,4.79301
771,847,868,1212.78,4.54224
772,503,-256,564.40,2.11385
773,-199,-742,768.22,2.87724
774,-157,75,173.99,0.65166
775,340,974,1031.64,3.86381
776,283,1516,1542.19,5.77599
777,-70,962,964.54,3.61252
778,-288,-835,883.27,3.30813
779,107,-1815,1818.15,6.80956
780,1236,-1407,1872.79,7.01420
781,1604,-196,1615.93,6.05217
782,1267,-246,1290.66,4.83393
783,1124,-503,1231.42,4.61204
784,892,-1409,1667.62,6.24576
785,214,-1810,1822.61,6.82624
786,-127,-1174,1180.85,4.42266
787,224,-556,599.43,2.24504
788,1155,-68,1157.00,4.33333
789,1322,-39,1322.58,4.95346
790,947,-394,1025.69,3.84154
791,445,-202,488.70,1.83034
792,817,-97,822.74,3.08142
793,766,111,774.00,2.89888
794,237,322,399.82,1.49744
795,67,463,467.82,1.75214
796,622,292,687.13,2.57352
797,970,-241,999.49,3.74341
798,829,-525,981.26,3.67512
799,471,-132,489.15,1.83201
800,403,208,453.51,1.69855
801,406,71,412.16,1.54368
802,429,-366,563.91,2.11203
803,1234,-734,1435.80,5.37752
804,1005,-473,1110.74,4.16009
805,769,-305,827.28,3.09841
806,843,-540,1001.12,3.74953
807,705,-540,888.05,3.32601
808,957,-628,1144.65,4.28709
809,1099,-45,1099.92,4.11955
810,791,427,898.89,3.36664
811,1097,732,1318.80,4.93933
812,956,776,1231.31,4.61163
813,877,358,947.26,3.54777
814,756,2,756.00,2.83147
815,513,266,577.86,2.16428
816,493,451,668.17,2.50251
817,743,621,968.34,3.62676
818,527,108,537.95,2.01480
819,1043,-430,1128.16,4.22533
820,832,-579,1013.64,3.79640
821,759,-562,944.42,3.53715
822,724,-495,877.04,3.28480
823,222,-413,468.88,1.75612
824,76,-181,196.31,0.73524
825,208,97,229.51,0.85957
826,252,158,297.44,1.11399
827,808,120,816.86,3.05941
828,879,267,918.66,3.44066
829,722,172,742.20,2.77979
830,787,98,793.08,2.97033
831,597,205,631.22,2.36411
832,457,-167,486.56,1.82231
833,424,-356,553.64,2.07354
834,307,-413,514.60,1.92736
835,1038,-313,1084.16,4.06054
836,829,-73,832.21,3.11688
837,822,-267,864.28,3.23699
838,762,-110,769.90,2.88352
839,693,123,703.83,2.63607
840,349,247,427.56,1.60136
841,-26,-138,140.43,0.52595
842,-104,-460,471.61,1.76633
843,321,-529,618.77,2.31751
844,522,-76,527.50,1.97567
845,612,78,616.95,2.31068
846,355,37,356.92,1.33679
847,279,-89,292.85,1.09682
848,414,169,447.17,1.67478
849,652,553,854.93,3.20200
850,328,570,657.64,2.46305
851,125,392,411.45,1.54100
# END
# FRAME,120,RX_TS,764375092233,FP_INDEX,750.4687,FP_INT,750,RXPACC,264,RXPWR,-67.30,STD_NOISE,148.00,NTM,13,NOISE_THRESH,1924.00,PEAK_IDX,752,PEAK_AMPL,16866,START,700,elapsed_s,12.2350
sample,real,imag,amplitude,amplitude_norm
700,104,76,128.81,0.48792
701,317,-2,317.01,1.20078
702,402,146,427.69,1.62004
703,-227,265,348.93,1.32171
704,-806,122,815.18,3.08781
705,-583,-263,639.58,2.42264
706,240,-239,338.70,1.28297
707,440,-205,485.41,1.83868
708,36,-33,48.84,0.18499
709,-546,-202,582.17,2.20518
710,-666,-493,828.62,3.13870
711,-517,-30,517.87,1.96163
712,-14,-41,43.32,0.16411
713,75,73,104.66,0.39644
714,31,-108,112.36,0.42561
715,44,-61,75.21,0.28490
716,-123,-41,129.65,0.49111
717,-77,-105,130.21,0.49321
718,-9,59,59.68,0.22607
719,-390,308,496.95,1.88240
720,-911,91,915.53,3.46793
721,-739,-272,787.47,2.98283
722,-252,-96,269.67,1.02146
723,-12,-188,188.38,0.71357
724,-175,-248,303.53,1.14973
725,-791,-71,794.18,3.00826
726,-912,-395,993.87,3.76464
727,-752,-90,757.37,2.86881
728,-479,24,479.60,1.81667
729,-282,-39,284.68,1.07835
730,-83,-458,465.46,1.76311
731,106,-574,583.71,2.21101
732,-145,-287,321.55,1.21799
733,-371,-430,567.93,2.15124
734,-115,-469,482.89,1.82914
735,626,-603,869.19,3.29237
736,1099,-237,1124.26,4.25858
737,1005,310,1051.72,3.98381
738,70,617,620.96,2.35211
739,-495,66,499.38,1.89159
740,86,-286,298.65,1.13125
741,862,-37,862.79,3.26816
742,1096,391,1163.66,4.40779
743,1097,504,1207.24,4.57287
744,941,25,941.33,3.56565
745,606,201,638.46,2.41843
746,152,313,347.96,1.31801
747,16,150,150.85,0.57140
748,398,3,398.01,1.50762
749,1195,581,1328.75,5.03316
750,2661,3852,4681.75,17.73392
751,3883,13022,13588.60,51.47198
752,1451,16462,16525.82,62.59782
753,-4565,13744,14482.29,54.85717
754,-8551,521,8566.86,32.45022
755,-4117,-6470,7668.81,29.04851
756,816,1848,2020.14,7.65204
757,-943,13628,13660.59,51.74465
758,-7022,14519,16127.92,61.09061
759,-8311,6261,10405.42,39.41449
760,-1761,-573,1851.88,7.01469
761,2651,-3905,4719.83,17.87816
762,5380,-1897,5704.65,21.60851
763,3643,3011,4726.26,17.90251
764,1033,3880,4015.16,15.20893
765,-682,1767,1894.05,7.17442
766,-1485,-1265,1950.76,7.38923
767,56,-1999,1999.78,7.57494
768,1298,-456,1375.77,5.21125
769,1161,-525,1274.18,4.82646
770,104,-543,552.87,2.09420
771,-755,156,770.95,2.92026
772,-64,462,466.41,1.76671
773,808,63,810.45,3.06990
774,1323,91,1326.13,5.02320
775,958,408,1041.26,3.94418
776,-740,193,764.75,2.89680
777,-1765,-486,1830.69,6.93443
778,-1272,-1528,1988.16,7.53090
779,42,-1681,1681.52,6.36941
780,139,-1204,1212.00,4.59090
781,-164,-1190,1201.25,4.55018
782,-999,-1096,1482.98,5.61733
783,-1675,-801,1856.67,7.03284
784,-1245,-139,1252.74,4.74521
785,-519,-305,601.99,2.28025
786,218,-960,984.44,3.72894
787,349,-1212,1261.25,4.77745
788,-72,-981,983.64,3.72590
789,-123,-522,536.30,2.03142
790,-9,-761,761.05,2.88278
791,230,-744,778.74,2.94977
792,407,-80,414.79,1.57117
793,411,162,441.77,1.67339
794,450,-363,578.16,2.19000
795,41,-846,846.99,3.20831
796,-274,-938,977.20,3.70152
797,-186,-538,569.25,2.15623
798,197,-300,358.90,1.35947
799,214,-435,484.79,1.83632
800,-132,-450,468.96,1.77637
801,-354,-1188,1239.62,4.69553
802,-159,-1119,1130.24,4.28121
803,-92,-826,831.11,3.14814
804,-288,-904,948.77,3.59382
805,-429,-785,894.58,3.38855
806,-383,-969,1041.95,3.94676
807,195,-1151,1167.40,4.42197
808,595,-624,862.21,3.26594
809,869,-794,1177.11,4.45876
810,922,-639,1121.79,4.24919
811,527,-594,794.08,3.00788
812,175,-639,662.53,2.50958
813,377,-415,560.67,2.12376
814,484,-245,542.48,2.05484
815,728,-504,885.44,3.35393
816,316,-385,498.08,1.88666
817,-83,-959,962.59,3.64616
818,-261,-956,990.99,3.75374
819,-289,-943,986.29,3.73595
820,-232,-757,791.75,2.99906
821,-317,-329,456.87,1.73057
822,-212,-114,240.71,0.91177
823,71,-51,87.42,0.33113
824,138,-128,188.22,0.71297
825,267,-616,671.38,2.54309
826,480,-709,856.20,3.24319
827,410,-622,744.97,2.82187
828,276,-753,801.99,3.03783
829,376,-517,639.27,2.42147
830,95,-382,393.64,1.49104
831,-101,-479,489.53,1.85429
832,-215,-300,369.09,1.39806
833,-92,-925,929.56,3.52108
834,166,-884,899.45,3.40701
835,-140,-860,871.32,3.30046
836,10,-766,766.07,2.90176
837,247,-658,702.83,2.66224
838,432,-260,504.21,1.90987
839,-36,-53,64.07,0.24269
840,-425,70,430.73,1.63154
841,-389,-297,489.42,1.85386
842,10,-437,437.11,1.65574
843,289,-455,539.02,2.04175
844,150,-337,368.88,1.39725
845,46,-295,298.56,1.13093
846,253,-206,326.26,1.23583
847,604,-367,706.76,2.67711
848,585,-112,595.62,2.25615
849,416,16,416.31,1.57692
# END
# FRAME,121,RX_TS,770764881816,FP_INDEX,748.5781,FP_INT,748,RXPACC,265,RXPWR,-67.30,STD_NOISE,156.00,NTM,13,NOISE_THRESH,2028.00,PEAK_IDX,750,PEAK_AMPL,16996,START,698,elapsed_s,12.3395
sample,real,imag,amplitude,amplitude_norm
698,83,154,174.94,0.66016
699,354,126,375.76,1.41794
700,391,190,434.72,1.64045
701,-178,180,253.15,0.95528
702,-777,-68,779.97,2.94328
703,-624,-327,704.49,2.65845
704,201,-233,307.72,1.16120
705,473,-146,495.02,1.86800
706,81,-60,100.80,0.38038
707,-457,-285,538.59,2.03240
708,-552,-551,779.94,2.94317
709,-512,-159,536.12,2.02310
710,-74,-17,75.93,0.28652
711,42,48,63.78,0.24068
712,4,-45,45.18,0.17048
713,56,-239,245.47,0.92631
714,-59,-93,110.14,0.41561
715,-36,-148,152.32,0.57478
716,55,44,70.43,0.26579
717,-375,245,447.94,1.69034
718,-866,-98,871.53,3.28878
719,-727,-391,825.48,3.11500
720,-309,-182,358.62,1.35327
721,0,-210,210.00,0.79245
722,-49,-252,256.72,0.96875
723,-699,-290,756.77,2.85574
724,-822,-583,1007.76,3.80285
725,-719,-318,786.18,2.96673
726,-473,-60,476.79,1.79921
727,-273,-121,298.61,1.12684
728,-5,-494,494.03,1.86425
729,175,-606,630.76,2.38023
730,-8,-256,256.12,0.96651
731,-225,-480,530.12,2.00044
732,-122,-485,500.11,1.88720
733,697,-511,864.25,3.26132
734,1185,-65,1186.78,4.47842
735,1017,393,1090.29,4.11431
736,36,598,599.08,2.26069
737,-477,-33,478.14,1.80430
738,52,-249,254.37,0.95989
739,819,118,827.46,3.12248
740,1036,584,1189.27,4.48779
741,947,745,1204.92,4.54687
742,905,245,937.58,3.53803
743,608,274,666.89,2.51656
744,137,377,401.12,1.51366
745,-34,151,154.78,0.58408
746,296,104,313.74,1.18392
747,1020,753,1267.84,4.78429
748,1731,3713,4096.67,15.45914
749,1195,12733,12788.95,48.26020
750,-1987,16486,16605.31,62.66155
751,-7024,13597,15304.08,57.75126
752,-8739,87,8739.43,32.97899
753,-3270,-7581,8256.18,31.15539
754,422,780,886.84,3.34656
755,-3340,12709,13140.56,49.58701
756,-9690,13440,16568.94,62.52429
757,-10055,5329,11379.86,42.94287
758,-2287,-659,2380.05,8.98133
759,3009,-3058,4290.16,16.18927
760,5672,-1253,5808.75,21.91982
761,3198,3396,4664.76,17.60288
762,367,4000,4016.80,15.15774
763,-930,1876,2093.87,7.90138
764,-1253,-1439,1908.07,7.20026
765,277,-2297,2313.64,8.73072
766,1265,-350,1312.53,4.95293
767,1182,-255,1209.19,4.56299
768,429,-430,607.41,2.29209
769,-591,74,595.61,2.24760
770,-141,455,476.35,1.79753
771,716,226,750.82,2.83329
772,1173,208,1191.30,4.49547
773,888,638,1093.43,4.12615
774,-670,145,685.51,2.58683
775,-1521,-588,1630.70,6.15359
776,-977,-1483,1775.90,6.70151
777,422,-1563,1618.97,6.10931
778,483,-1148,1245.47,4.69988
779,99,-1316,1319.72,4.98007
780,-782,-1336,1548.04,5.84165
781,-1656,-1269,2086.31,7.87287
782,-1346,-484,1430.37,5.39764
783,-646,-466,796.54,3.00580
784,290,-884,930.35,3.51076
785,592,-1051,1206.26,4.55193
786,200,-892,914.15,3.44961
787,-5,-505,505.02,1.90575
788,184,-640,665.92,2.51292
789,439,-784,898.54,3.39072
790,465,-90,473.63,1.78728
791,302,201,362.77,1.36896
792,414,-238,477.54,1.80202
793,118,-950,957.30,3.61245
794,-75,-1033,1035.72,3.90837
795,-7,-597,597.04,2.25299
796,289,-203,353.17,1.33272
797,243,-383,453.58,1.71164
798,-29,-501,501.84,1.89373
799,-153,-1240,1249.40,4.71473
800,87,-1144,1147.30,4.32945
801,26,-820,820.41,3.09589
802,-45,-914,915.11,3.45323
803,-131,-928,937.20,3.53661
804,-155,-992,1004.04,3.78882
805,351,-1137,1189.95,4.49036
806,713,-530,888.41,3.35248
807,1087,-538,1212.85,4.57680
808,1195,-476,1286.31,4.85401
809,767,-513,922.74,3.48206
810,334,-592,679.72,2.56498
811,452,-350,571.67,2.15724
812,539,-80,544.90,2.05624
813,720,-393,820.27,3.09537
814,466,-353,584.61,2.20606
815,52,-993,994.36,3.75230
816,-11,-1008,1008.06,3.80400
817,-86,-1019,1022.62,3.85895
818,-52,-817,818.65,3.08926
819,-210,-473,517.52,1.95291
820,-220,-166,275.60,1.04000
821,57,-34,66.37,0.25045
822,252,-98,270.38,1.02032
823,412,-542,680.81,2.56911
824,688,-654,949.24,3.58204
825,558,-496,746.58,2.81728
826,386,-593,707.56,2.67005
827,539,-413,679.04,2.56240
828,180,-327,373.27,1.40856
829,5,-497,497.03,1.87557
830,-114,-340,358.60,1.35322
831,110,-865,871.97,3.29044
832,405,-828,921.74,3.47827
833,76,-777,780.71,2.94607
834,142,-626,641.90,2.42228
835,352,-580,678.46,2.56022
836,460,-177,492.88,1.85992
837,66,-43,78.77,0.29725
838,-328,-35,329.86,1.24476
839,-366,-375,524.00,1.97738
840,-46,-439,441.40,1.66567
841,176,-419,454.46,1.71496
842,178,-286,336.87,1.27120
843,43,-286,289.21,1.09138
844,304,-155,341.23,1.28768
845,673,-286,731.25,2.75943
846,623,-25,623.50,2.35284
847,365,162,399.34,1.50693
# END
# FRAME,122,RX_TS,777154626844,FP_INDEX,745.8906,FP_INT,745,RXPACC,270,RXPWR,-67.34,STD_NOISE,156.00,NTM,13,NOISE_THRESH,2028.00,PEAK_IDX,747,PEAK_AMPL,17124,START,695,elapsed_s,12.4356
sample,real,imag,amplitude,amplitude_norm
695,-54,66,85.28,0.31584
696,263,203,332.23,1.23049
697,405,165,437.32,1.61971
698,64,258,265.82,0.98452
699,-703,7,703.03,2.60383
700,-684,-371,778.14,2.88199
701,69,-384,390.15,1.44500
702,599,24,599.48,2.22030
703,286,-175,335.29,1.24182
704,-291,-198,351.97,1.30360
705,-524,-573,776.47,2.87581
706,-574,-405,702.50,2.60184
707,-208,-41,212.00,0.78519
708,106,-37,112.27,0.41582
709,-40,14,42.38,0.15696
710,61,-207,215.80,0.79926
711,-27,63,68.54,0.25386
712,-53,-250,255.56,0.94650
713,26,-46,52.84,0.19570
714,-259,217,337.89,1.25145
715,-713,-101,720.12,2.66710
716,-861,-419,957.54,3.54644
717,-364,-346,502.21,1.86003
718,-12,-103,103.70,0.38406
719,56,-274,279.66,1.03579
720,-554,-331,645.35,2.39019
721,-813,-587,1002.77,3.71395
722,-708,-605,931.28,3.44920
723,-556,-146,574.85,2.12907
724,-420,-135,441.16,1.63394
725,-44,-278,281.46,1.04245
726,201,-623,654.62,2.42453
727,163,-253,300.96,1.11467
728,-182,-563,591.69,2.19143
729,-140,-483,502.88,1.86252
730,533,-558,771.66,2.85799
731,1178,-106,1182.76,4.38059
732,1135,349,1187.45,4.39794
733,293,714,771.78,2.85845
734,-586,169,609.88,2.25883
735,-197,-276,339.09,1.25591
736,681,38,682.06,2.52615
737,999,572,1151.17,4.26358
738,977,896,1325.65,4.90981
739,938,474,1050.96,3.89245
740,756,332,825.69,3.05810
741,172,424,457.56,1.69466
742,-68,180,192.42,0.71265
743,157,81,176.66,0.65431
744,819,516,968.00,3.58517
745,1389,2558,2910.79,10.78069
746,753,10371,10398.30,38.51222
747,-2649,16494,16705.37,61.87172
748,-7155,15194,16794.39,62.20145
749,-9696,3777,10405.68,38.53955
750,-4623,-7736,9012.09,33.37812
751,408,-2621,2652.57,9.82432
752,-2593,9951,10283.29,38.08626
753,-9547,13835,16809.30,62.25666
754,-11884,6980,13782.23,51.04530
755,-4495,-184,4498.76,16.66209
756,1907,-2389,3056.79,11.32145
757,5804,-2179,6199.55,22.96131
758,4040,2804,4917.72,18.21379
759,611,4218,4262.02,15.78527
760,-818,2679,2801.10,10.37445
761,-1311,-837,1555.41,5.76077
762,-309,-2854,2870.68,10.63214
763,1088,-878,1398.08,5.17807
764,1235,-128,1241.62,4.59858
765,991,-546,1131.46,4.19058
766,-299,-178,347.97,1.28879
767,-343,507,612.13,2.26713
768,563,521,767.08,2.84103
769,1377,601,1502.44,5.56460
770,1343,1152,1769.39,6.55331
771,-175,474,505.27,1.87138
772,-1385,-556,1492.43,5.52754
773,-1023,-1525,1836.34,6.80127
774,450,-1688,1746.95,6.47020
775,791,-1073,1333.05,4.93721
776,275,-1418,1444.42,5.34970
777,-498,-1333,1422.99,5.27032
778,-1340,-1623,2104.69,7.79516
779,-1356,-660,1508.09,5.58552
780,-805,-385,892.33,3.30492
781,114,-523,535.28,1.98252
782,789,-1026,1294.29,4.79368
783,489,-851,981.49,3.63515
784,155,-661,678.93,2.51456
785,299,-441,532.81,1.97335
786,635,-945,1138.53,4.21678
787,534,-260,593.93,2.19975
788,260,183,317.94,1.17757
789,386,149,413.76,1.53244
790,284,-665,723.11,2.67817
791,144,-799,811.87,3.00694
792,-53,-784,785.79,2.91033
793,233,-194,303.19,1.12293
794,295,-257,391.25,1.44906
795,69,-422,427.60,1.58372
796,-192,-1007,1025.14,3.79682
797,98,-1308,1311.67,4.85802
798,61,-1005,1006.85,3.72907
799,81,-892,895.67,3.31730
800,-64,-1135,1136.80,4.21038
801,-230,-903,931.83,3.45123
802,254,-1258,1283.39,4.75328
803,732,-620,959.28,3.55290
804,1013,-408,1092.08,4.04473
805,1298,-381,1352.76,5.01023
806,869,-331,929.90,3.44409
807,464,-518,695.43,2.57566
808,359,-491,608.24,2.25276
809,446,-55,449.38,1.66436
810,775,-346,848.73,3.14344
811,689,-305,753.49,2.79070
812,171,-729,748.79,2.77329
813,116,-1067,1073.29,3.97514
814,-88,-1014,1017.81,3.76967
815,38,-795,795.91,2.94781
816,-96,-643,650.13,2.40788
817,-256,-238,349.54,1.29460
818,-33,-14,35.85,0.13277
819,248,-60,255.15,0.94502
820,376,-325,496.99,1.84071
821,681,-686,966.62,3.58008
822,599,-503,782.18,2.89697
823,392,-577,697.56,2.58356
824,516,-595,787.58,2.91696
825,343,-313,464.35,1.71980
826,55,-550,552.74,2.04720
827,-43,-421,423.19,1.56737
828,8,-733,733.04,2.71498
829,549,-907,1060.21,3.92671
830,352,-705,787.99,2.91848
831,203,-785,810.82,3.00305
832,335,-744,815.94,3.02201
833,450,-245,512.37,1.89767
834,236,-148,278.57,1.03173
835,-261,-16,261.49,0.96848
836,-376,-282,470.00,1.74074
837,-89,-552,559.13,2.07085
838,261,-451,521.08,1.92992
839,270,-475,546.37,2.02361
840,79,-258,269.82,0.99935
841,142,-194,240.42,0.89043
842,508,-282,581.02,2.15194
843,691,-49,692.74,2.56569
844,485,174,515.27,1.90840
# END
# FRAME,123,RX_TS,783544490102,FP_INDEX,751.6719,FP_INT,751,RXPACC,286,RXPWR,-67.31,STD_NOISE,168.00,NTM,13,NOISE_THRESH,2184.00,PEAK_IDX,753,PEAK_AMPL,19004,START,701,elapsed_s,12.5408
sample,real,imag,amplitude,amplitude_norm
701,118,81,143.13,0.50044
702,260,-185,319.10,1.11574
703,309,-251,398.10,1.39195
704,151,263,303.27,1.06037
705,-360,815,890.97,3.11527
706,-589,558,811.35,2.83688
707,-144,-208,252.98,0.88455
708,213,-501,544.40,1.90349
709,-24,-153,154.87,0.54151
710,-383,322,500.37,1.74956
711,-732,290,787.35,2.75298
712,-417,485,639.62,2.23643
713,-49,102,113.16,0.39566
714,110,-24,112.59,0.39366
715,5,94,94.13,0.32914
716,-169,-63,180.36,0.63063
717,-100,85,131.24,0.45890
718,-161,-17,161.90,0.56607
719,-4,24,24.33,0.08507
720,101,454,465.10,1.62622
721,-453,783,904.60,3.16293
722,-713,685,988.73,3.45711
723,-325,263,418.08,1.46183
724,-136,-66,151.17,0.52856
725,-252,-45,255.99,0.89506
726,-566,599,824.11,2.88150
727,-901,618,1092.58,3.82020
728,-653,632,908.75,3.17746
729,-322,512,604.84,2.11482
730,-278,271,388.23,1.35746
731,-498,-94,506.79,1.77201
732,-509,-387,639.41,2.23571
733,-315,-116,335.68,1.17371
734,-630,-37,631.09,2.20659
735,-621,-72,625.16,2.18587
736,-256,-827,865.72,3.02698
737,503,-1090,1200.46,4.19742
738,855,-795,1167.50,4.08216
739,653,170,674.77,2.35932
740,-213,605,641.40,2.24266
741,-265,-56,270.85,0.94704
742,383,-620,728.76,2.54811
743,1013,-641,1198.77,4.19150
744,1193,-594,1332.70,4.65978
745,695,-772,1038.75,3.63201
746,554,-542,775.04,2.70991
747,409,105,422.26,1.47644
748,130,109,169.65,0.59318
749,140,-242,279.58,0.97755
750,1075,-643,1252.63,4.37981
751,4008,-212,4013.60,14.03358
752,12642,4219,13327.42,46.59937
753,16500,9898,19241.11,67.27662
754,11450,13290,17542.14,61.33614
755,-2706,9421,9801.92,34.27245
756,-9194,416,9203.41,32.17974
757,-130,-523,538.91,1.88432
758,10399,8111,13188.16,46.11244
759,9385,15257,17912.41,62.63079
760,1155,12915,12966.54,45.33757
761,-1740,2684,3198.66,11.18414
762,-1712,-3755,4126.86,14.42958
763,964,-6295,6368.38,22.26708
764,4643,-2038,5070.59,17.72934
765,4112,1329,4321.43,15.10991
766,1624,1871,2477.50,8.66259
767,-1909,965,2139.04,7.47917
768,-2519,-750,2628.28,9.18979
769,-52,-1003,1004.35,3.51170
770,273,-1209,1239.44,4.33370
771,-404,-937,1020.38,3.56778
772,-563,488,745.06,2.60510
773,229,408,467.87,1.63592
774,678,-632,926.88,3.24084
775,1180,-1386,1820.27,6.36459
776,1376,-946,1669.82,5.83852
777,-74,618,622.41,2.17628
778,-1432,1347,1965.97,6.87402
779,-2123,407,2161.66,7.55825
780,-1445,-1104,1818.47,6.35829
781,-859,-882,1231.18,4.30483
782,-1334,-462,1411.74,4.93614
783,-1679,218,1693.09,5.91991
784,-2074,895,2258.87,7.89815
785,-1042,956,1414.11,4.94443
786,-651,287,711.46,2.48761
787,-528,-799,957.70,3.34859
788,-821,-1202,1455.63,5.08960
789,-990,-655,1187.07,4.15058
790,-612,-333,696.73,2.43612
791,-421,-545,688.67,2.40794
792,-616,-812,1019.22,3.56369
793,16,-430,430.30,1.50454
794,274,-164,319.33,1.11654
795,121,-427,443.81,1.55179
796,-636,-499,808.39,2.82654
797,-807,-335,873.77,3.05514
798,-631,-247,677.62,2.36930
799,-28,-305,306.28,1.07092
800,-67,-297,304.46,1.06456
801,-363,-1,363.00,1.26924
802,-1182,-235,1205.13,4.21376
803,-1100,-527,1219.72,4.26477
804,-842,-423,942.28,3.29469
805,-835,-302,887.94,3.10467
806,-966,-191,984.70,3.44301
807,-1031,-146,1041.29,3.64086
808,-1006,-872,1331.32,4.65497
809,-177,-952,968.31,3.38572
810,-89,-1191,1194.32,4.17595
811,0,-1267,1267.00,4.43007
812,-246,-910,942.66,3.29603
813,-513,-593,784.10,2.74162
814,-271,-520,586.38,2.05028
815,91,-403,413.15,1.44457
816,-86,-788,792.68,2.77161
817,-39,-488,489.56,1.71173
818,-790,-415,892.37,3.12018
819,-985,-369,1051.85,3.67779
820,-991,-280,1029.80,3.60069
821,-754,-332,823.86,2.88062
822,-544,-103,553.67,1.93589
823,-221,158,271.67,0.94990
824,18,66,68.41,0.23920
825,1,-157,157.00,0.54896
826,-326,-495,592.71,2.07240
827,-389,-947,1023.78,3.57966
828,-196,-763,787.77,2.75445
829,-350,-596,691.17,2.41668
830,-331,-654,732.99,2.56291
831,-306,-319,442.04,1.54559
832,-588,-180,614.93,2.15012
833,-446,43,448.07,1.56667
834,-837,-341,903.80,3.16013
835,-613,-749,967.87,3.38416
836,-666,-484,823.29,2.87865
837,-672,-391,777.47,2.71844
838,-505,-554,749.63,2.62107
839,31,-563,563.85,1.97151
840,21,-66,69.26,0.24217
841,-154,466,490.79,1.71604
842,-514,320,605.47,2.11703
843,-485,-167,512.95,1.79352
844,-335,-412,531.01,1.85667
845,-221,-298,371.01,1.29722
846,-286,-103,303.98,1.06287
847,-126,-192,229.65,0.80298
848,-28,-658,658.60,2.30278
849,210,-593,629.09,2.19960
850,277,-327,428.55,1.49844
# END
# FRAME,124,RX_TS,789934286283,FP_INDEX,748.7500,FP_INT,748,RXPACC,279,RXPWR,-67.33,STD_NOISE,136.00,NTM,13,NOISE_THRESH,1768.00,PEAK_IDX,756,PEAK_AMPL,17725,START,698,elapsed_s,12.6358
sample,real,imag,amplitude,amplitude_norm
698,99,-7,99.25,0.35572
699,-75,-218,230.54,0.82631
700,-162,-362,396.60,1.42149
701,133,-65,148.03,0.53059
702,626,608,872.66,3.12782
703,356,795,871.07,3.12211
704,-199,284,346.78,1.24294
705,-370,-350,509.31,1.82550
706,-216,-25,217.44,0.77936
707,127,455,472.39,1.69316
708,51,828,829.57,2.97337
709,398,592,713.35,2.55681
710,183,126,222.18,0.79635
711,14,17,22.02,0.07893
712,9,132,132.31,0.47422
713,-115,321,340.98,1.22214
714,103,100,143.56,0.51455
715,-67,274,282.07,1.01101
716,-26,60,65.39,0.23438
717,399,64,404.10,1.44839
718,593,653,882.08,3.16156
719,513,967,1094.65,3.92348
720,260,549,607.45,2.17726
721,-21,225,225.98,0.80996
722,-192,284,342.81,1.22872
723,343,644,729.65,2.61522
724,366,1004,1068.63,3.83022
725,330,914,971.75,3.48297
726,376,496,622.41,2.23085
727,218,418,471.43,1.68972
728,-127,359,380.80,1.36488
729,-486,538,725.01,2.59860
730,-209,211,296.99,1.06447
731,-186,678,703.05,2.51989
732,-182,624,650.00,2.32975
733,-766,128,776.62,2.78359
734,-893,-643,1100.41,3.94411
735,-671,-869,1097.91,3.93515
736,174,-675,697.07,2.49844
737,513,255,572.88,2.05334
738,-46,313,316.36,1.13391
739,-465,-417,624.59,2.23868
740,-374,-1069,1132.54,4.05927
741,-256,-1282,1307.31,4.68570
742,-539,-821,982.12,3.52015
743,-392,-677,782.30,2.80394
744,143,-446,468.36,1.67872
745,200,-53,206.90,0.74159
746,-62,-73,95.78,0.34328
747,-308,-947,995.83,3.56928
748,569,-2980,3033.84,10.87396
749,6348,-9685,11580.00,41.50537
750,13285,-13260,18770.16,67.27655
751,15673,-8346,17756.65,63.64391
752,9633,3665,10306.64,36.94138
753,-1469,9354,9468.65,33.93780
754,-1529,1346,2037.05,7.30124
755,9151,-6981,11509.79,41.25371
756,16480,-5333,17321.41,62.08392
757,13691,1920,13824.97,49.55188
758,3100,2683,4099.82,14.69468
759,-3378,760,3462.44,12.41018
760,-6070,-2063,6411.00,22.97848
761,-1278,-4758,4926.65,17.65823
762,2317,-3699,4364.76,15.64428
763,2462,-1448,2856.25,10.23744
764,624,1709,1819.36,6.52099
765,-1241,2344,2652.25,9.50626
766,-1035,-108,1040.62,3.72982
767,-996,-697,1215.66,4.35720
768,-1040,-71,1042.42,3.73628
769,187,475,510.48,1.82969
770,529,-136,546.20,1.95771
771,-288,-566,635.06,2.27620
772,-1040,-914,1384.56,4.96257
773,-971,-1093,1462.02,5.24020
774,302,214,370.14,1.32665
775,955,1565,1833.37,6.57122
776,110,2012,2015.00,7.22224
777,-1343,1140,1761.60,6.31399
778,-1209,563,1333.66,4.78014
779,-894,1164,1467.70,5.26056
780,-204,1601,1613.94,5.78475
781,354,2330,2356.74,8.44709
782,675,1401,1555.13,5.57394
783,175,807,825.76,2.95970
784,-743,372,830.92,2.97822
785,-1347,627,1485.78,5.32537
786,-935,739,1191.78,4.27162
787,-491,637,804.27,2.88269
788,-508,310,595.12,2.13304
789,-951,429,1043.28,3.73937
790,-465,-125,481.51,1.72584
791,-97,-313,327.69,1.17450
792,-349,-414,541.48,1.94078
793,-743,383,835.91,2.99608
794,-606,718,939.55,3.36757
795,-429,655,782.99,2.80640
796,-348,-15,348.32,1.24847
797,-445,-51,447.91,1.60542
798,-266,270,379.02,1.35849
799,-427,1066,1148.34,4.11591
800,-857,1078,1377.15,4.93601
801,-602,786,990.05,3.54857
802,-565,680,884.10,3.16880
803,-531,931,1071.78,3.84152
804,-396,980,1056.98,3.78847
805,-1035,945,1401.52,5.02336
806,-940,-3,940.00,3.36919
807,-1152,-244,1177.56,4.22063
808,-1290,-400,1350.59,4.84083
809,-880,-32,880.58,3.15621
810,-691,302,754.11,2.70291
811,-604,140,620.01,2.22227
812,-376,-233,442.34,1.58545
813,-797,-97,802.88,2.87771
814,-495,-50,497.52,1.78322
815,-479,673,826.06,2.96078
816,-629,847,1055.01,3.78140
817,-563,885,1048.90,3.75950
818,-564,652,862.09,3.08993
819,-345,649,735.00,2.63441
820,13,422,422.20,1.51326
821,-56,48,73.76,0.26436
822,-204,-28,205.91,0.73804
823,-513,171,540.75,1.93817
824,-1005,208,1026.30,3.67849
825,-841,76,844.43,3.02662
826,-672,216,705.86,2.52997
827,-688,176,710.15,2.54536
828,-348,148,378.16,1.35543
829,-332,649,728.99,2.61286
830,-100,518,527.56,1.89091
831,-462,725,859.69,3.08133
832,-1039,446,1130.68,4.05262
833,-645,452,787.61,2.82297
834,-608,502,788.46,2.82602
835,-723,468,861.25,3.08692
836,-507,14,507.19,1.81790
837,-208,-38,211.44,0.75786
838,254,228,341.32,1.22337
839,142,615,631.18,2.26230
840,-259,510,572.00,2.05017
841,-434,269,510.60,1.83012
842,-388,266,470.43,1.68611
843,-132,284,313.18,1.12250
844,-150,121,192.72,0.69075
845,-656,-11,656.09,2.35159
846,-544,-258,602.08,2.15799
847,-226,-296,372.41,1.33482
# END
# FRAME,125,RX_TS,796324072728,FP_INDEX,754.0781,FP_INT,754,RXPACC,275,RXPWR,-67.13,STD_NOISE,136.00,NTM,13,NOISE_THRESH,1768.00,PEAK_IDX,756,PEAK_AMPL,18005,START,704,elapsed_s,12.7347
sample,real,imag,amplitude,amplitude_norm
704,10,-178,178.28,0.64829
705,-117,-342,361.46,1.31440
706,142,-193,239.61,0.87131
707,541,530,757.35,2.75400
708,366,855,930.04,3.38198
709,-142,404,428.23,1.55720
710,-298,-334,447.62,1.62769
711,-310,-47,313.54,1.14016
712,107,291,310.05,1.12745
713,-32,763,763.67,2.77698
714,165,689,708.48,2.57630
715,195,233,303.83,1.10484
716,-39,0,39.00,0.14182
717,104,109,150.66,0.54784
718,-110,243,266.74,0.96996
719,65,54,84.50,0.30729
720,-121,298,321.63,1.16956
721,-1,68,68.01,0.24730
722,345,45,347.92,1.26517
723,502,618,796.20,2.89526
724,436,969,1062.57,3.86389
725,125,597,609.95,2.21799
726,-46,194,199.38,0.72501
727,-168,229,284.02,1.03278
728,198,616,647.04,2.35287
729,219,994,1017.84,3.70123
730,63,973,975.04,3.54559
731,366,585,690.06,2.50930
732,191,471,508.25,1.84820
733,-133,310,337.33,1.22664
734,-556,447,713.40,2.59420
735,-234,119,262.52,0.95462
736,-247,562,613.88,2.23230
737,-233,592,636.20,2.31346
738,-761,166,778.89,2.83234
739,-866,-691,1107.90,4.02872
740,-599,-948,1121.39,4.07776
741,259,-744,787.79,2.86470
742,568,327,655.40,2.38328
743,-31,451,452.06,1.64387
744,-443,-303,536.71,1.95167
745,-238,-984,1012.37,3.68136
746,14,-1244,1244.08,4.52392
747,-286,-889,933.87,3.39590
748,-301,-681,744.55,2.70747
749,172,-350,389.98,1.41811
750,232,-34,234.48,0.85265
751,-20,-50,53.85,0.19582
752,-203,-815,839.90,3.05419
753,652,-2406,2492.78,9.06465
754,6450,-7618,9981.80,36.29747
755,14336,-11005,18072.93,65.71976
756,16361,-6968,17783.01,64.66548
757,10555,3514,11124.58,40.45301
758,-1670,9271,9420.21,34.25531
759,-2537,2311,3431.78,12.47919
760,8390,-5002,9767.91,35.51968
761,16467,-3466,16827.81,61.19204
762,14160,3411,14565.04,52.96380
763,3833,3644,5288.73,19.23173
764,-2743,439,2777.91,10.10148
765,-5882,-2392,6349.77,23.09007
766,-1238,-4820,4976.45,18.09618
767,2621,-3565,4424.80,16.09019
768,2775,-1476,3143.12,11.42953
769,588,1381,1500.97,5.45807
770,-1508,2216,2680.43,9.74703
771,-1209,-153,1218.64,4.43143
772,-802,-787,1123.64,4.08597
773,-1156,-254,1183.58,4.30391
774,-134,512,529.24,1.92453
775,515,-36,516.26,1.87730
776,-4,-544,544.01,1.97824
777,-506,-929,1057.86,3.84678
778,-398,-1052,1124.77,4.09007
779,377,98,389.53,1.41647
780,731,1429,1605.12,5.83679
781,-20,1813,1813.11,6.59313
782,-1341,992,1668.04,6.06559
783,-1284,281,1314.39,4.77959
784,-1009,895,1348.74,4.90452
785,-403,1387,1444.36,5.25222
786,-73,2287,2288.16,8.32060
787,451,1596,1658.50,6.03090
788,55,919,920.64,3.34780
789,-796,344,867.15,3.15328
790,-1394,413,1453.89,5.28688
791,-971,481,1083.61,3.94039
792,-594,598,842.88,3.06500
793,-446,286,529.82,1.92663
794,-1047,401,1121.16,4.07696
795,-560,-139,576.99,2.09816
796,-50,-250,254.95,0.92709
797,-248,-424,491.20,1.78619
798,-749,144,762.72,2.77352
799,-709,545,894.26,3.25186
800,-625,667,914.06,3.32387
801,-306,-56,311.08,1.13121
802,-481,-139,500.68,1.82066
803,-338,177,381.54,1.38742
804,-470,903,1017.99,3.70179
805,-980,918,1342.80,4.88293
806,-747,657,994.82,3.61751
807,-683,606,913.09,3.32031
808,-748,915,1181.83,4.29757
809,-437,807,917.72,3.33718
810,-1059,793,1323.00,4.81091
811,-903,-41,903.93,3.28702
812,-946,-341,1005.58,3.65667
813,-1155,-492,1255.42,4.56518
814,-837,-280,882.59,3.20943
815,-674,173,695.85,2.53036
816,-623,163,643.97,2.34171
817,-354,-222,417.85,1.51946
818,-628,-228,668.11,2.42948
819,-608,-272,666.07,2.42207
820,-624,392,736.91,2.67968
821,-806,755,1104.38,4.01594
822,-620,820,1028.01,3.73821
823,-599,630,869.31,3.16113
824,-463,526,700.75,2.54817
825,-71,359,365.95,1.33074
826,-54,98,111.89,0.40688
827,-242,3,242.02,0.88007
828,-470,87,477.98,1.73812
829,-1002,82,1005.35,3.65582
830,-768,-52,769.76,2.79912
831,-650,172,672.37,2.44499
832,-703,164,721.88,2.62500
833,-393,77,400.47,1.45626
834,-340,484,591.49,2.15086
835,-175,433,467.03,1.69828
836,-424,532,680.29,2.47380
837,-1021,320,1069.97,3.89081
838,-687,334,763.89,2.77777
839,-687,540,873.82,3.17754
840,-731,342,807.05,2.93472
841,-469,-128,486.15,1.76783
842,-246,-88,261.27,0.95006
843,144,208,252.98,0.91994
844,100,582,590.53,2.14738
845,-194,532,566.27,2.05916
846,-405,229,465.26,1.69185
847,-490,264,556.59,2.02398
848,-293,189,348.67,1.26789
849,-209,85,225.62,0.82045
850,-544,-200,579.60,2.10764
851,-480,-348,592.88,2.15592
852,-185,-357,402.09,1.46213
853,-15,-90,91.24,0.33179
# END
# FRAME,126,RX_TS,802713868862,FP_INDEX,750.6719,FP_INT,750,RXPACC,274,RXPWR,-67.32,STD_NOISE,136.00,NTM,13,NOISE_THRESH,1768.00,PEAK_IDX,752,PEAK_AMPL,18252,START,700,elapsed_s,12.8356
sample,real,imag,amplitude,amplitude_norm
700,119,123,171.14,0.62461
701,346,-15,346.32,1.26396
702,445,8,445.07,1.62435
703,-87,301,313.32,1.14351
704,-786,409,886.05,3.23374
705,-721,63,723.75,2.64141
706,160,-295,335.60,1.22480
707,474,-308,565.28,2.06306
708,44,-26,51.11,0.18652
709,-584,-33,584.93,2.13479
710,-794,-209,821.05,2.99652
711,-504,136,522.03,1.90521
712,-51,46,68.68,0.25066
713,80,30,85.44,0.31182
714,-91,21,93.39,0.34085
715,-76,-116,138.68,0.50613
716,-104,7,104.24,0.38042
717,-122,-129,177.55,0.64800
718,51,43,66.71,0.24346
719,-281,474,551.03,2.01107
720,-849,409,942.38,3.43935
721,-903,83,906.81,3.30951
722,-312,35,313.96,1.14583
723,-55,-129,140.24,0.51181
724,-208,-129,244.75,0.89327
725,-776,159,792.12,2.89096
726,-1054,-97,1058.45,3.86297
727,-805,119,813.75,2.96988
728,-514,175,542.97,1.98166
729,-343,55,347.38,1.26782
730,-231,-392,455.00,1.66058
731,-160,-591,612.28,2.23458
732,-236,-248,342.34,1.24943
733,-503,-335,604.35,2.20564
734,-390,-419,572.42,2.08911
735,389,-818,905.78,3.30578
736,1075,-629,1245.50,4.54561
737,1169,-193,1184.82,4.32418
738,390,522,651.60,2.37811
739,-439,283,522.31,1.90625
740,-68,-253,261.98,0.95613
741,782,-293,835.09,3.04777
742,1227,4,1227.01,4.47813
743,1246,151,1255.12,4.58072
744,835,-236,867.71,3.16683
745,666,-72,669.88,2.44482
746,297,271,402.06,1.46736
747,15,122,122.92,0.44861
748,315,-112,334.32,1.22014
749,1269,84,1271.78,4.64152
750,3516,2507,4318.25,15.76005
751,8076,11170,13783.71,50.30551
752,7656,16456,18149.77,66.24005
753,979,15570,15600.75,56.93704
754,-7922,4434,9078.46,33.13306
755,-6904,-5112,8590.56,31.35242
756,917,774,1199.99,4.37951
757,3795,13140,13677.05,49.91623
758,-1698,16494,16581.17,60.51522
759,-6234,9821,11632.49,42.45434
760,-2180,430,2222.00,8.10950
761,1087,-4380,4512.87,16.47032
762,4553,-4088,6118.95,22.33194
763,4605,1467,4833.02,17.63877
764,2380,3359,4116.71,15.02448
765,121,2116,2119.46,7.73524
766,-1887,-634,1990.66,7.26518
767,-1068,-1984,2253.19,8.22333
768,850,-818,1179.67,4.30537
769,932,-844,1257.36,4.58891
770,190,-819,840.75,3.06843
771,-472,177,504.10,1.83977
772,209,437,484.41,1.76791
773,876,-116,883.65,3.22499
774,1213,-347,1261.66,4.60459
775,978,257,1011.20,3.69052
776,-710,524,882.43,3.22053
777,-1695,215,1708.58,6.23570
778,-1440,-1065,1791.04,6.53664
779,-250,-1651,1669.82,6.09424
780,-140,-1010,1019.66,3.72138
781,-713,-936,1176.63,4.29428
782,-1445,-597,1563.47,5.70609
783,-2001,-296,2022.77,7.38239
784,-1225,175,1237.44,4.51619
785,-646,-370,744.46,2.71700
786,-22,-1106,1106.22,4.03729
787,-170,-1319,1329.91,4.85369
788,-418,-920,1010.51,3.68798
789,-209,-516,556.72,2.03182
790,-87,-711,716.30,2.61424
791,-3,-912,912.00,3.32849
792,270,-246,365.26,1.33307
793,356,-21,356.62,1.30153
794,477,-514,701.23,2.55924
795,-122,-855,863.66,3.15204
796,-493,-735,885.03,3.23003
797,-323,-543,631.81,2.30586
798,164,-340,377.49,1.37769
799,100,-401,413.28,1.50832
800,-354,-266,442.80,1.61606
801,-831,-838,1180.17,4.30720
802,-669,-968,1176.68,4.29447
803,-473,-825,950.98,3.47071
804,-557,-760,942.26,3.43890
805,-694,-693,980.76,3.57941
806,-780,-705,1051.39,3.83720
807,-299,-1235,1270.68,4.63752
808,431,-816,922.83,3.36800
809,641,-1061,1239.60,4.52408
810,717,-1015,1242.70,4.53542
811,156,-802,817.03,2.98187
812,-179,-710,732.22,2.67232
813,182,-499,531.15,1.93852
814,385,-324,503.19,1.83646
815,465,-758,889.26,3.24549
816,209,-492,534.55,1.95092
817,-502,-852,988.89,3.60910
818,-620,-766,985.47,3.59661
819,-605,-795,999.02,3.64608
820,-460,-728,861.15,3.14289
821,-380,-345,513.25,1.87317
822,-309,-95,323.27,1.17983
823,-57,-55,79.21,0.28908
824,107,-205,231.24,0.84396
825,113,-680,689.33,2.51578
826,318,-859,915.97,3.34296
827,305,-672,737.98,2.69334
828,22,-632,632.38,2.30797
829,87,-656,661.74,2.41512
830,-57,-388,392.16,1.43126
831,-356,-398,533.99,1.94885
832,-363,-176,403.42,1.47232
833,-397,-801,893.99,3.26272
834,-117,-1012,1018.74,3.71803
835,-380,-769,857.77,3.13053
836,-213,-637,671.67,2.45134
837,-65,-709,711.97,2.59844
838,243,-396,464.61,1.69567
839,18,-27,32.45,0.11843
840,-357,241,430.73,1.57201
841,-577,-74,581.73,2.12309
842,-282,-339,440.96,1.60934
843,14,-468,468.21,1.70879
844,-25,-330,330.95,1.20783
845,-157,-231,279.30,1.01935
846,136,-258,291.65,1.06442
847,366,-535,648.21,2.36574
848,509,-298,589.82,2.15262
849,428,-91,437.57,1.59696
# END
# FRAME,127,RX_TS,809103658316,FP_INDEX,746.8906,FP_INT,746,RXPACC,299,RXPWR,-67.33,STD_NOISE,180.00,NTM,13,NOISE_THRESH,2340.00,PEAK_IDX,748,PEAK_AMPL,18918,START,696,elapsed_s,12.9330
sample,real,imag,amplitude,amplitude_norm
696,51,130,139.65,0.46704
697,325,-67,331.83,1.10981
698,462,-262,531.12,1.77632
699,299,129,325.64,1.08910
700,-363,712,799.20,2.67289
701,-722,613,947.13,3.16765
702,-334,-173,376.14,1.25801
703,363,-505,621.93,2.08003
704,21,-321,321.69,1.07587
705,-387,238,454.33,1.51949
706,-869,249,903.97,3.02331
707,-644,392,753.92,2.52148
708,-88,269,283.03,0.94658
709,3,34,34.13,0.11415
710,-23,160,161.64,0.54062
711,-253,-115,277.91,0.92947
712,-14,59,60.64,0.20280
713,-251,-32,253.03,0.84626
714,-36,-11,37.64,0.12590
715,38,449,450.61,1.50704
716,-446,741,864.87,2.89254
717,-804,666,1044.02,3.49170
718,-445,261,515.89,1.72540
719,-79,43,89.94,0.30082
720,-226,-140,265.85,0.88913
721,-562,398,688.66,2.30320
722,-987,557,1133.32,3.79037
723,-982,433,1073.23,3.58938
724,-460,531,702.54,2.34963
725,-370,382,531.81,1.77864
726,-330,-72,337.76,1.12964
727,-593,-482,764.18,2.55579
728,-186,-237,301.27,1.00760
729,-660,-79,664.71,2.22311
730,-606,-38,607.19,2.03074
731,-334,-677,754.91,2.52477
732,558,-1138,1267.44,4.23893
733,925,-822,1237.46,4.13866
734,927,97,932.06,3.11726
735,-83,663,668.18,2.23470
736,-356,77,364.23,1.21817
737,381,-535,656.80,2.19665
738,1101,-576,1242.57,4.15575
739,1358,-436,1426.27,4.77015
740,897,-592,1074.74,3.59446
741,635,-531,827.76,2.76843
742,551,32,551.93,1.84591
743,198,193,276.50,0.92475
744,152,-35,155.98,0.52166
745,906,-452,1012.49,3.38626
746,2904,11,2904.02,9.71244
747,10379,4671,11381.65,38.06571
748,15926,11805,19824.12,66.30139
749,12124,15304,19524.44,65.29913
750,-951,11649,11687.75,39.08948
751,-10057,776,10086.89,33.73543
752,-2729,-1808,3273.58,10.94842
753,8106,7513,11052.26,36.96407
754,8760,16483,18666.20,62.42875
755,752,15484,15502.25,51.84699
756,-2542,4771,5405.94,18.08007
757,-1229,-2860,3112.88,10.41098
758,850,-6691,6744.77,22.55777
759,4795,-2595,5452.16,18.23465
760,4548,1695,4853.59,16.23274
761,2336,2318,3290.90,11.00635
762,-1349,930,1638.51,5.47995
763,-2727,-1004,2905.95,9.71890
764,-127,-1339,1345.01,4.49836
765,683,-1140,1328.94,4.44462
766,-56,-1199,1200.31,4.01440
767,-570,97,578.19,1.93376
768,81,483,489.74,1.63794
769,663,-302,728.54,2.43659
770,999,-911,1352.01,4.52176
771,1395,-613,1523.74,5.09613
772,151,460,484.15,1.61923
773,-1350,1090,1735.11,5.80304
774,-2109,298,2129.95,7.12358
775,-1451,-1239,1908.02,6.38132
776,-583,-1222,1353.95,4.52825
777,-922,-719,1169.21,3.91039
778,-1293,-86,1295.86,4.33397
779,-2206,475,2256.56,7.54702
780,-1423,827,1645.86,5.50455
781,-944,313,994.54,3.32621
782,-636,-708,951.71,3.18299
783,-821,-1350,1580.04,5.28443
784,-872,-897,1251.00,4.18394
785,-896,-540,1046.14,3.49881
786,-376,-529,649.01,2.17061
787,-586,-1013,1170.28,3.91399
788,69,-562,566.22,1.89371
789,326,-100,340.99,1.14044
790,402,-401,567.81,1.89902
791,-387,-746,840.41,2.81073
792,-688,-616,923.47,3.08853
793,-857,-415,952.19,3.18460
794,-111,-377,393.00,1.31439
795,-42,-423,425.08,1.42167
796,-293,-175,341.28,1.14141
797,-1045,-119,1051.75,3.51757
798,-1158,-559,1285.86,4.30055
799,-907,-529,1050.00,3.51169
800,-848,-564,1018.43,3.40612
801,-1140,-486,1239.27,4.14472
802,-940,-219,965.17,3.22801
803,-1080,-848,1373.14,4.59243
804,-126,-1019,1026.76,3.43398
805,210,-1158,1176.89,3.93608
806,296,-1371,1402.59,4.69093
807,62,-887,889.16,2.97379
808,-364,-629,726.73,2.43054
809,-238,-558,606.64,2.02889
810,240,-484,540.24,1.80681
811,118,-818,826.47,2.76410
812,147,-730,744.65,2.49048
813,-597,-443,743.41,2.48632
814,-992,-604,1161.41,3.88432
815,-983,-413,1066.24,3.56600
816,-787,-428,895.85,2.99616
817,-652,-278,708.79,2.37055
818,-363,64,368.60,1.23277
819,-128,-25,130.42,0.43618
820,-5,-211,211.06,0.70588
821,-200,-507,545.02,1.82282
822,-304,-1003,1048.06,3.50521
823,-52,-876,877.54,2.93492
824,-231,-641,681.35,2.27877
825,-227,-575,618.19,2.06751
826,-200,-305,364.73,1.21982
827,-559,-238,607.56,2.03196
828,-437,-131,456.21,1.52579
829,-752,-237,788.46,2.63700
830,-757,-924,1194.50,3.99498
831,-610,-614,865.50,2.89466
832,-698,-576,904.98,3.02667
833,-604,-638,878.56,2.93831
834,-37,-485,486.41,1.62679
835,19,-199,199.90,0.66858
836,-156,343,376.81,1.26023
837,-508,312,596.16,1.99385
838,-547,-101,556.25,1.86036
839,-214,-344,405.13,1.35496
840,-172,-361,399.88,1.33740
841,-186,-117,219.74,0.73491
842,-124,-181,219.40,0.73378
843,-11,-672,672.09,2.24779
844,283,-622,683.35,2.28547
845,354,-281,451.97,1.51161
# END
# FRAME,128,RX_TS,815493403212,FP_INDEX,751.6406,FP_INT,751,RXPACC,273,RXPWR,-67.28,STD_NOISE,136.00,NTM,13,NOISE_THRESH,1768.00,PEAK_IDX,753,PEAK_AMPL,18396,START,701,elapsed_s,13.0318
sample,real,imag,amplitude,amplitude_norm
701,82,-69,107.17,0.39256
702,-200,-63,209.69,0.76809
703,-281,-215,353.82,1.29603
704,250,-98,268.52,0.98360
705,842,384,925.43,3.38985
706,569,579,811.79,2.97359
707,-201,172,264.55,0.96904
708,-467,-65,471.50,1.72711
709,-115,62,130.65,0.47857
710,318,453,553.47,2.02738
711,402,818,911.44,3.33862
712,568,411,701.10,2.56814
713,137,88,162.83,0.59644
714,-23,21,31.14,0.11408
715,1,134,134.00,0.49086
716,11,237,237.26,0.86907
717,127,163,206.63,0.75690
718,44,254,257.78,0.94426
719,43,42,60.11,0.22018
720,517,-88,524.44,1.92101
721,855,408,947.36,3.47018
722,687,669,958.92,3.51253
723,303,343,457.67,1.67643
724,10,227,227.22,0.83231
725,30,330,331.36,1.21378
726,598,496,776.93,2.84590
727,637,869,1077.46,3.94676
728,626,630,888.13,3.25323
729,548,321,635.09,2.32635
730,369,298,474.30,1.73738
731,-75,510,515.49,1.88822
732,-350,610,703.28,2.57611
733,-34,423,424.36,1.55445
734,138,664,678.19,2.48421
735,70,610,614.00,2.24910
736,-749,345,824.64,3.02065
737,-1145,-237,1169.27,4.28304
738,-912,-590,1086.21,3.97878
739,130,-530,545.71,1.99894
740,568,179,595.54,2.18146
741,-76,210,223.33,0.81806
742,-676,-283,732.85,2.68442
743,-753,-810,1105.94,4.05107
744,-652,-1014,1205.53,4.41586
745,-754,-502,905.83,3.31804
746,-514,-365,630.41,2.30921
747,37,-333,335.05,1.22729
748,120,-61,134.61,0.49309
749,-203,-74,216.07,0.79145
750,-708,-873,1124.01,4.11724
751,-449,-3867,3892.98,14.26000
752,3034,-12746,13102.12,47.99313
753,7838,-16461,18231.81,66.78317
754,11569,-11677,16437.58,60.21092
755,8943,2445,9271.21,33.96046
756,1092,8685,8753.38,32.06367
757,-232,-406,467.61,1.71286
758,7213,-11096,13234.37,48.47755
759,13763,-10189,17124.13,62.72576
760,11827,-2004,11995.58,43.93985
761,2276,1477,2713.25,9.93863
762,-3719,2112,4276.86,15.66614
763,-6054,-455,6071.07,22.23837
764,-2208,-4261,4799.10,17.57913
765,953,-4019,4130.44,15.12983
766,1593,-1544,2218.46,8.12624
767,937,1778,2009.79,7.36187
768,-681,2225,2326.88,8.52338
769,-1169,-12,1169.06,4.28228
770,-1208,-162,1218.81,4.46452
771,-672,517,847.86,3.10573
772,533,414,674.90,2.47215
773,321,-285,429.26,1.57239
774,-633,-444,773.19,2.83220
775,-1174,-635,1334.73,4.88912
776,-682,-874,1108.60,4.06082
777,780,144,793.18,2.90542
778,1505,1184,1914.91,7.01432
779,543,1847,1925.16,7.05188
780,-991,1455,1760.43,6.44845
781,-782,916,1204.40,4.41172
782,-376,1192,1249.90,4.57837
783,400,1524,1575.62,5.77150
784,1124,1863,2175.81,7.97000
785,1095,1005,1486.29,5.44428
786,404,792,889.09,3.25674
787,-564,881,1046.07,3.83175
788,-802,1091,1354.06,4.95994
789,-438,1012,1102.72,4.03926
790,-202,703,731.45,2.67929
791,-467,648,798.74,2.92580
792,-725,736,1033.11,3.78429
793,-450,-25,450.69,1.65089
794,-250,-336,418.80,1.53408
795,-600,-59,602.89,2.20840
796,-498,786,930.48,3.40837
797,-238,998,1025.99,3.75819
798,-204,728,756.04,2.76939
799,-373,133,396.00,1.45056
800,-437,257,506.97,1.85703
801,-40,523,524.53,1.92135
802,-152,1242,1251.27,4.58339
803,-394,1120,1187.28,4.34901
804,-353,906,972.34,3.56168
805,-223,989,1013.83,3.71366
806,-84,1049,1052.36,3.85479
807,-44,1101,1101.88,4.03619
808,-672,1125,1310.42,4.80009
809,-853,361,926.25,3.39284
810,-1174,297,1210.99,4.43584
811,-1189,83,1191.89,4.36591
812,-751,350,828.55,3.03499
813,-417,598,729.04,2.67046
814,-412,357,545.15,1.99690
815,-473,4,473.02,1.73266
816,-845,254,882.35,3.23205
817,-508,227,556.41,2.03813
818,-276,1009,1046.07,3.83175
819,-186,1037,1053.55,3.85915
820,-133,1044,1052.44,3.85508
821,-211,848,873.86,3.20094
822,-8,556,556.06,2.03684
823,166,288,332.42,1.21764
824,-23,93,95.80,0.35092
825,-196,83,212.85,0.77967
826,-479,436,647.72,2.37259
827,-904,553,1059.73,3.88179
828,-776,327,842.08,3.08456
829,-497,498,703.57,2.57719
830,-484,412,635.61,2.32824
831,-141,359,385.70,1.41281
832,-46,560,561.89,2.05819
833,67,454,458.92,1.68102
834,-234,904,933.79,3.42049
835,-561,804,980.38,3.59112
836,-309,850,904.42,3.31290
837,-318,724,790.76,2.89655
838,-509,630,809.93,2.96676
839,-388,153,417.08,1.52775
840,1,97,97.01,0.35533
841,420,223,475.53,1.74187
842,309,577,654.53,2.39755
843,-132,578,592.88,2.17173
844,-344,393,522.29,1.91314
845,-207,236,313.92,1.14989
846,-54,261,266.53,0.97629
847,-205,207,291.33,1.06715
848,-623,148,640.34,2.34556
849,-551,-60,554.26,2.03025
850,-332,-161,368.98,1.35157
# END
# FRAME,129,RX_TS,821883199305,FP_INDEX,747.4687,FP_INT,747,RXPACC,263,RXPWR,-67.19,STD_NOISE,124.00,NTM,13,NOISE_THRESH,1612.00,PEAK_IDX,749,PEAK_AMPL,17451,START,697,elapsed_s,13.1350
sample,real,imag,amplitude,amplitude_norm
697,-70,-52,87.20,0.33156
698,-256,74,266.48,1.01323
699,-348,-9,348.12,1.32364
700,259,-209,332.81,1.26543
701,834,-159,849.02,3.22822
702,602,196,633.10,2.40724
703,-243,307,391.53,1.48872
704,-289,348,452.35,1.71998
705,37,51,63.01,0.23957
706,650,170,671.86,2.55461
707,766,318,829.39,3.15356
708,513,-68,517.49,1.96763
709,67,48,82.42,0.31338
710,76,-27,80.65,0.30667
711,135,157,207.06,0.78730
712,96,192,214.66,0.81621
713,219,168,276.02,1.04949
714,128,168,211.21,0.80306
715,69,-58,90.14,0.34273
716,402,-289,495.10,1.88251
717,1001,-146,1011.59,3.84635
718,834,73,837.19,3.18323
719,283,66,290.59,1.10492
720,78,273,283.92,1.07956
721,287,255,383.92,1.45977
722,910,51,911.43,3.46551
723,1011,305,1056.00,4.01523
724,786,-39,786.97,2.99227
725,517,-18,517.31,1.96697
726,319,109,337.11,1.28178
727,183,530,560.70,2.13195
728,60,546,549.29,2.08854
729,291,417,508.50,1.93345
730,467,453,650.61,2.47382
731,286,591,656.56,2.49644
732,-551,767,944.40,3.59087
733,-1018,491,1130.22,4.29743
734,-981,25,981.32,3.73125
735,43,-455,457.03,1.73775
736,563,-40,564.42,2.14608
737,-49,306,309.90,1.17832
738,-868,124,876.81,3.33389
739,-1123,-170,1135.79,4.31861
740,-1043,-220,1065.95,4.05304
741,-834,231,865.40,3.29049
742,-498,14,498.20,1.89428
743,-135,-208,247.97,0.94285
744,-4,-52,52.15,0.19830
745,-374,126,394.65,1.50059
746,-1214,-377,1271.19,4.83342
747,-3361,-3874,5128.76,19.50100
748,-5927,-12956,14247.36,54.17247
749,-3961,-16473,16942.53,64.42027
750,2858,-13686,13981.23,53.16056
751,8454,-787,8490.55,32.28347
752,4651,5676,7338.17,27.90180
753,-1276,-2620,2914.20,11.08062
754,-750,-14120,14139.90,53.76389
755,5265,-14994,15891.52,60.42402
756,7023,-6689,9698.72,36.87728
757,1496,727,1663.29,6.32431
758,-2193,4486,4993.34,18.98608
759,-4949,2402,5501.11,20.91677
760,-3739,-2507,4501.69,17.11667
761,-1343,-3394,3650.05,13.87853
762,660,-1492,1631.46,6.20327
763,1879,1298,2283.73,8.68340
764,327,1896,1923.99,7.31556
765,-1022,569,1169.72,4.44761
766,-943,734,1194.99,4.54369
767,-2,523,523.00,1.98861
768,552,-335,645.70,2.45513
769,-110,-307,326.11,1.23997
770,-828,264,869.07,3.30444
771,-1223,307,1260.94,4.79446
772,-668,-177,691.05,2.62757
773,1008,-294,1050.00,3.99240
774,1820,165,1827.46,6.94853
775,1215,1402,1855.22,7.05406
776,-73,1709,1710.56,6.50402
777,17,1130,1130.13,4.29706
778,523,1031,1156.07,4.39569
779,1466,919,1730.24,6.57884
780,1872,547,1950.28,7.41551
781,1327,152,1335.68,5.07862
782,717,488,867.31,3.29777
783,30,1147,1147.39,4.36271
784,-109,1270,1274.67,4.84665
785,292,1027,1067.70,4.05971
786,129,539,554.22,2.10731
787,127,853,862.40,3.27910
788,-129,841,850.84,3.23512
789,-341,184,387.48,1.47329
790,-389,-20,389.51,1.48104
791,-282,547,615.41,2.33997
792,232,919,947.83,3.60392
793,522,872,1016.30,3.86426
794,161,511,535.76,2.03712
795,-203,407,454.82,1.72934
796,-73,472,477.61,1.81601
797,420,478,636.30,2.41941
798,658,1174,1345.82,5.11720
799,406,1080,1153.79,4.38704
800,284,852,898.09,3.41478
801,544,967,1109.52,4.21869
802,618,808,1017.25,3.86785
803,630,1006,1186.99,4.51326
804,36,1217,1217.53,4.62940
805,-499,810,951.37,3.61737
806,-826,1007,1302.43,4.95221
807,-745,825,1111.60,4.22661
808,-334,760,830.15,3.15648
809,82,689,693.86,2.63826
810,-193,378,424.42,1.61377
811,-368,358,513.41,1.95212
812,-507,686,853.02,3.24343
813,-137,517,534.84,2.03363
814,339,1049,1102.42,4.19170
815,498,906,1033.85,3.93098
816,451,869,979.06,3.72267
817,374,764,850.63,3.23434
818,314,324,451.19,1.71555
819,186,142,234.01,0.88977
820,-1,106,106.00,0.40306
821,-78,248,259.98,0.98851
822,-161,897,911.33,3.46515
823,-392,1018,1090.87,4.14778
824,-224,798,828.84,3.15149
825,-8,781,781.04,2.96974
826,-130,549,564.18,2.14518
827,119,432,448.09,1.70377
828,268,477,547.13,2.08035
829,404,334,524.19,1.99311
830,294,985,1027.94,3.90852
831,146,915,926.57,3.52310
832,352,867,935.73,3.55791
833,196,802,825.60,3.13917
834,-118,682,692.13,2.63168
835,-289,366,466.34,1.77317
836,82,5,82.15,0.31237
837,499,-50,501.50,1.90684
838,566,345,662.86,2.52037
839,169,520,546.77,2.07899
840,13,642,642.13,2.44157
841,17,366,366.39,1.39314
842,110,299,318.59,1.21138
843,-150,327,359.76,1.36792
844,-418,462,623.03,2.36894
845,-449,239,508.65,1.93402
846,-300,85,311.81,1.18559
# END
# FRAME,130,RX_TS,828273062439,FP_INDEX,749.8125,FP_INT,749,RXPACC,266,RXPWR,-67.37,STD_NOISE,136.00,NTM,13,NOISE_THRESH,1768.00,PEAK_IDX,752,PEAK_AMPL,16728,START,699,elapsed_s,13.2342
sample,real,imag,amplitude,amplitude_norm
699,25,-60,65.00,0.24436
700,-45,265,268.79,1.01050
701,-112,453,466.64,1.75429
702,-210,22,211.15,0.79379
703,-66,-723,726.01,2.72935
704,258,-713,758.24,2.85054
705,414,-18,414.39,1.55786
706,104,526,536.18,2.01572
707,174,204,268.13,1.00800
708,161,-308,347.54,1.30655
709,538,-579,790.37,2.97132
710,348,-629,718.85,2.70244
711,32,-171,173.97,0.65402
712,141,97,171.14,0.64340
713,108,-31,112.36,0.42241
714,252,6,252.07,0.94764
715,-2,-31,31.06,0.11678
716,271,-138,304.11,1.14328
717,116,11,116.52,0.43805
718,-220,-231,319.00,1.19925
719,-11,-802,802.08,3.01532
720,317,-938,990.12,3.72225
721,288,-476,556.35,2.09152
722,221,-75,233.38,0.87737
723,353,31,354.36,1.33218
724,260,-567,623.77,2.34500
725,488,-861,989.68,3.72060
726,479,-740,881.50,3.31391
727,89,-615,621.41,2.33611
728,201,-407,453.93,1.70649
729,435,-80,442.30,1.66276
730,754,65,756.80,2.84510
731,391,47,393.81,1.48051
732,592,-227,634.03,2.38357
733,477,-175,508.09,1.91011
734,563,442,715.77,2.69088
735,249,1160,1186.42,4.46024
736,-49,1128,1129.06,4.24460
737,-542,436,695.60,2.61504
738,-85,-459,466.80,1.75490
739,331,-187,380.17,1.42921
740,118,641,651.77,2.45027
741,-412,1103,1177.43,4.42645
742,-692,1040,1249.19,4.69619
743,-238,855,887.51,3.33649
744,-121,765,774.51,2.91169
745,-324,262,416.68,1.56646
746,-110,-34,115.13,0.43284
747,32,137,140.69,0.52890
748,-318,897,951.70,3.57782
749,-2226,1676,2786.40,10.47521
750,-10143,2126,10363.41,38.96020
751,-16483,-107,16483.35,61.96747
752,-15515,-4922,16277.02,61.19180
753,-4469,-8960,10012.67,37.64162
754,7115,-5464,8970.98,33.72550
755,2438,129,2441.41,9.17824
756,-10264,-1176,10331.15,38.83891
757,-14822,-7457,16592.12,62.37640
758,-8222,-10651,13455.30,50.58384
759,-296,-4359,4369.04,16.42496
760,2754,1715,3244.34,12.19677
761,2857,5434,6139.28,23.08001
762,-2244,4176,4740.73,17.82229
763,-4018,1043,4151.17,15.60588
764,-2689,-541,2742.88,10.31159
765,674,-1332,1492.82,5.61209
766,2480,-443,2519.26,9.47089
767,774,1224,1448.19,5.44432
768,81,1369,1371.39,5.15562
769,536,959,1098.63,4.13017
770,83,-313,323.82,1.21736
771,-508,-295,587.44,2.20843
772,-220,456,506.30,1.90337
773,7,1030,1030.02,3.87227
774,-368,1051,1113.56,4.18633
775,-265,-374,458.37,1.72319
776,284,-1566,1591.54,5.98325
777,1204,-1403,1848.79,6.95034
778,1857,65,1858.14,6.98548
779,1306,605,1439.33,5.41100
780,1283,178,1295.29,4.86951
781,1078,-481,1180.44,4.43775
782,1408,-1454,2024.00,7.60903
783,682,-1475,1625.04,6.10917
784,655,-884,1100.22,4.13616
785,873,-48,874.32,3.28691
786,1242,434,1315.64,4.94603
787,1014,229,1039.54,3.90803
788,915,-9,915.04,3.44002
789,619,123,631.10,2.37256
790,971,264,1006.25,3.78289
791,250,417,486.20,1.82781
792,-177,352,394.00,1.48119
793,49,620,621.93,2.33810
794,697,282,751.89,2.82664
795,834,0,834.00,3.13534
796,812,-181,831.93,3.12755
797,274,329,428.16,1.60961
798,372,402,547.71,2.05907
799,432,65,436.86,1.64234
800,1044,-379,1110.67,4.17543
801,1281,-28,1281.31,4.81694
802,918,71,920.74,3.46143
803,928,15,928.12,3.48918
804,1176,-203,1193.39,4.48644
805,922,-274,961.85,3.61599
806,1343,159,1352.38,5.08413
807,771,674,1024.07,3.84988
808,723,1025,1254.33,4.71554
809,672,1169,1348.39,5.06912
810,585,750,951.17,3.57583
811,648,337,730.39,2.74584
812,573,351,671.96,2.52616
813,142,459,480.46,1.80625
814,472,606,768.13,2.88770
815,380,591,702.62,2.64145
816,737,57,739.20,2.77895
817,1064,-60,1065.69,4.00635
818,1056,-199,1074.59,4.03980
819,886,6,886.02,3.33090
820,629,-32,629.81,2.36772
821,227,-147,270.44,1.01669
822,23,24,33.24,0.12497
823,157,200,254.26,0.95587
824,471,248,532.30,2.00113
825,836,548,999.60,3.75789
826,641,552,845.92,3.18016
827,666,349,751.90,2.82670
828,665,403,777.58,2.92324
829,366,260,448.95,1.68778
830,564,-11,564.11,2.12070
831,396,-147,422.40,1.58798
832,735,-79,739.23,2.77907
833,971,311,1019.59,3.83304
834,732,111,740.37,2.78334
835,842,77,845.51,3.17862
836,855,293,903.81,3.39778
837,384,448,590.05,2.21824
838,153,304,340.33,1.27944
839,12,-253,253.28,0.95220
840,364,-451,579.57,2.17882
841,550,-192,582.55,2.19004
842,445,134,464.74,1.74713
843,453,190,491.23,1.84674
844,263,7,263.09,0.98907
845,253,97,270.96,1.01864
846,377,463,597.07,2.24464
847,197,608,639.12,2.40270
848,55,460,463.28,1.74164
# END
# FRAME,131,RX_TS,834662858488,FP_INDEX,754.4531,FP_INT,754,RXPACC,278,RXPWR,-67.19,STD_NOISE,140.00,NTM,13,NOISE_THRESH,1820.00,PEAK_IDX,756,PEAK_AMPL,18659,START,704,elapsed_s,13.3378
sample,real,imag,amplitude,amplitude_norm
704,-140,-12,140.51,0.50544
705,-326,220,393.29,1.41471
706,-410,37,411.67,1.48081
707,262,-419,494.17,1.77759
708,824,-482,954.62,3.43389
709,645,24,645.45,2.32175
710,-211,378,432.90,1.55720
711,-144,444,466.77,1.67902
712,136,37,140.94,0.50699
713,752,42,753.17,2.70925
714,869,65,871.43,3.13463
715,426,-233,485.56,1.74661
716,35,98,104.06,0.37433
717,18,-6,18.97,0.06825
718,127,158,202.71,0.72919
719,41,103,110.86,0.39878
720,277,123,303.08,1.09022
721,192,43,196.76,0.70776
722,58,-88,105.39,0.37912
723,411,-450,609.44,2.19224
724,919,-485,1039.13,3.73787
725,752,-103,759.02,2.73029
726,347,57,351.65,1.26493
727,202,245,317.54,1.14222
728,386,81,394.41,1.41873
729,898,-239,929.26,3.34266
730,1091,10,1091.05,3.92463
731,718,-267,766.04,2.75553
732,559,-206,595.75,2.14298
733,381,-22,381.63,1.37279
734,467,502,685.63,2.46631
735,200,558,592.76,2.13223
736,454,325,558.34,2.00841
737,640,315,713.32,2.56590
738,420,584,719.34,2.58757
739,-402,1025,1101.01,3.96048
740,-941,791,1229.29,4.42192
741,-1013,192,1031.03,3.70876
742,-97,-515,524.06,1.88509
743,520,-238,571.88,2.05711
744,-24,358,358.80,1.29066
745,-847,424,947.20,3.40719
746,-1256,207,1272.94,4.57893
747,-1135,176,1148.56,4.13153
748,-791,470,920.10,3.30971
749,-511,87,518.35,1.86458
750,-112,-198,227.48,0.81828
751,14,-52,53.85,0.19371
752,-412,296,507.31,1.82484
753,-1528,-30,1528.29,5.49746
754,-5105,-3308,6083.08,21.88159
755,-10541,-12015,15983.52,57.49467
756,-9419,-16303,18828.31,67.72775
757,-858,-14454,14479.44,52.08433
758,8670,-2535,9033.00,32.49281
759,5948,4237,7302.80,26.26906
760,-2695,-3164,4156.19,14.95033
761,-5270,-14665,15583.17,56.05456
762,917,-16444,16469.55,59.24298
763,4872,-8163,9506.36,34.19555
764,1471,662,1613.10,5.80251
765,-978,5502,5588.25,20.10160
766,-4422,3608,5707.17,20.52938
767,-4434,-1545,4695.46,16.89016
768,-2354,-3022,3830.64,13.77928
769,370,-1581,1623.72,5.84071
770,2369,926,2543.55,9.14945
771,660,1912,2022.71,7.27593
772,-894,1050,1379.03,4.96056
773,-619,1235,1381.44,4.96922
774,171,470,500.14,1.79907
775,273,-562,624.80,2.24748
776,-324,-269,421.11,1.51480
777,-802,456,922.57,3.31861
778,-1144,609,1296.00,4.66187
779,-691,-111,699.86,2.51748
780,854,-645,1070.21,3.84966
781,1746,-356,1781.92,6.40980
782,1639,1090,1968.35,7.08041
783,586,1716,1813.30,6.52266
784,529,1197,1308.68,4.70749
785,843,967,1282.86,4.61462
786,1706,467,1768.76,6.36246
787,2002,-223,2014.38,7.24598
788,1319,-370,1369.91,4.92774
789,678,277,732.40,2.63454
790,180,1104,1118.58,4.02366
791,214,1130,1150.09,4.13700
792,700,913,1150.46,4.13836
793,392,447,594.54,2.13862
794,470,875,993.24,3.57280
795,107,788,795.23,2.86054
796,-222,248,332.85,1.19730
797,-462,118,476.83,1.71522
798,-217,666,700.46,2.51964
799,398,801,894.43,3.21737
800,736,628,967.51,3.48026
801,257,436,506.11,1.82053
802,-114,476,489.46,1.76065
803,116,548,560.14,2.01490
804,677,391,781.80,2.81223
805,1075,1018,1480.52,5.32562
806,723,909,1161.47,4.17795
807,516,749,909.54,3.27171
808,827,819,1163.91,4.18673
809,779,627,999.98,3.59707
810,871,946,1285.91,4.62557
811,210,1246,1263.57,4.54523
812,-348,1030,1087.20,3.91079
813,-413,1302,1365.93,4.91343
814,-322,1067,1114.53,4.00909
815,36,844,844.77,3.03873
816,285,722,776.21,2.79214
817,-135,541,557.59,2.00572
818,-203,531,568.48,2.04489
819,-306,882,933.57,3.35818
820,168,562,586.57,2.10998
821,752,1019,1266.44,4.55553
822,822,823,1163.19,4.18414
823,713,746,1031.93,3.71199
824,633,678,927.56,3.33656
825,448,239,507.76,1.82649
826,226,54,232.36,0.83583
827,48,137,145.17,0.52218
828,64,350,355.80,1.27987
829,123,1038,1045.26,3.75994
830,-65,1121,1122.88,4.03915
831,82,929,932.61,3.35472
832,227,844,873.99,3.14386
833,-28,618,618.63,2.22530
834,268,440,515.19,1.85321
835,430,329,541.42,1.94757
836,566,206,602.32,2.16663
837,538,943,1085.68,3.90531
838,346,838,906.62,3.26122
839,583,782,975.40,3.50865
840,425,758,869.02,3.12596
841,88,779,783.95,2.81998
842,-168,502,529.37,1.90419
843,150,23,151.75,0.54587
844,477,-229,529.12,1.90332
845,637,136,651.36,2.34301
846,281,395,484.75,1.74372
847,150,566,585.54,2.10626
848,95,284,299.47,1.07722
849,216,248,328.88,1.18301
850,-11,431,431.14,1.55086
851,-253,643,690.98,2.48555
852,-406,410,577.01,2.07556
853,-358,162,392.95,1.41348
# END
# FRAME,132,RX_TS,841052644774,FP_INDEX,748.7969,FP_INT,748,RXPACC,268,RXPWR,-67.49,STD_NOISE,128.00,NTM,13,NOISE_THRESH,1664.00,PEAK_IDX,756,PEAK_AMPL,16738,START,698,elapsed_s,13.4338
sample,real,imag,amplitude,amplitude_norm
698,-10,111,111.45,0.41586
699,258,132,289.81,1.08137
700,481,118,495.26,1.84799
701,77,199,213.38,0.79619
702,-703,81,707.65,2.64049
703,-781,-227,813.32,3.03478
704,-87,-305,317.17,1.18345
705,522,-8,522.06,1.94799
706,215,-189,286.26,1.06814
707,-345,-146,374.62,1.39784
708,-562,-503,754.22,2.81427
709,-609,-271,666.57,2.48722
710,-194,9,194.21,0.72466
711,34,-5,34.37,0.12823
712,-67,18,69.38,0.25886
713,56,-215,222.17,0.82901
714,-55,40,68.01,0.25376
715,-90,-211,229.39,0.85594
716,49,12,50.45,0.18824
717,-138,349,375.29,1.40035
718,-754,38,754.96,2.81700
719,-927,-276,967.22,3.60901
720,-450,-182,485.41,1.81124
721,10,-102,102.49,0.38242
722,18,-262,262.62,0.97992
723,-603,-215,640.18,2.38874
724,-836,-420,935.57,3.49094
725,-786,-417,889.77,3.32003
726,-568,-32,568.90,2.12276
727,-375,-96,387.09,1.44438
728,-44,-337,339.86,1.26814
729,46,-708,709.49,2.64736
730,75,-284,293.74,1.09603
731,-232,-550,596.93,2.22735
732,-238,-447,506.41,1.88960
733,408,-565,696.91,2.60043
734,1133,-202,1150.87,4.29428
735,1147,152,1157.03,4.31727
736,420,619,748.04,2.79119
737,-540,160,563.21,2.10151
738,-164,-296,338.40,1.26267
739,671,-9,671.06,2.50396
740,1036,450,1129.51,4.21459
741,1047,719,1270.11,4.73920
742,931,301,978.45,3.65093
743,748,271,795.58,2.96858
744,146,376,403.35,1.50504
745,-34,180,183.18,0.68352
746,159,71,174.13,0.64975
747,902,407,989.57,3.69243
748,1614,2296,2806.53,10.47213
749,2239,10220,10462.39,39.03875
750,17,16458,16458.01,61.41048
751,-4704,15613,16306.24,60.84417
752,-8976,4694,10129.27,37.79580
753,-5588,-7114,9046.25,33.75468
754,73,-2393,2394.11,8.93326
755,-1172,10425,10490.67,39.14430
756,-7391,14995,16717.56,62.37896
757,-10646,8490,13616.81,50.80898
758,-4325,425,4345.83,16.21579
759,1609,-2713,3154.24,11.76956
760,5399,-2837,6099.00,22.75745
761,4301,2297,4875.94,18.19381
762,1108,4174,4318.56,16.11402
763,-585,2780,2840.88,10.60032
764,-1460,-594,1576.21,5.88138
765,-627,-2543,2619.16,9.77297
766,1142,-804,1396.63,5.21131
767,1342,-287,1372.35,5.12069
768,921,-766,1197.91,4.46983
769,-427,-168,458.86,1.71217
770,-329,542,634.04,2.36582
771,538,330,631.15,2.35502
772,1249,195,1264.13,4.71690
773,1336,681,1499.55,5.59534
774,-134,402,423.75,1.58114
775,-1378,-183,1390.10,5.18693
776,-1308,-1085,1699.44,6.34119
777,38,-1702,1702.42,6.35233
778,488,-1263,1354.00,5.05223
779,69,-1365,1366.74,5.09979
780,-496,-1150,1252.40,4.67315
781,-1466,-1315,1969.36,7.34836
782,-1542,-495,1619.50,6.04292
783,-947,-348,1008.92,3.76461
784,-64,-626,629.26,2.34800
785,514,-1130,1241.41,4.63212
786,290,-953,996.15,3.71697
787,-35,-745,745.82,2.78292
788,80,-559,564.70,2.10707
789,334,-1064,1115.19,4.16116
790,507,-245,563.09,2.10109
791,370,223,432.01,1.61196
792,587,85,593.12,2.21314
793,328,-660,737.01,2.75004
794,19,-828,828.22,3.09037
795,-83,-747,751.60,2.80447
796,276,-274,388.91,1.45116
797,342,-380,511.24,1.90760
798,5,-437,437.03,1.63070
799,-367,-1010,1074.61,4.00974
800,8,-1279,1279.03,4.77248
801,52,-938,939.44,3.50537
802,58,-856,857.96,3.20135
803,-155,-1071,1082.16,4.03790
804,-259,-862,900.07,3.35847
805,98,-1262,1265.80,4.72313
806,640,-691,941.85,3.51436
807,950,-540,1092.75,4.07742
808,1098,-545,1225.82,4.57395
809,675,-565,880.26,3.28454
810,341,-640,725.18,2.70588
811,345,-502,609.12,2.27284
812,485,-102,495.61,1.84929
813,696,-409,807.28,3.01223
814,553,-346,652.32,2.43404
815,50,-848,849.47,3.16967
816,-43,-1069,1069.86,3.99203
817,-199,-1012,1031.38,3.84843
818,-29,-854,854.49,3.18840
819,-99,-592,600.22,2.23963
820,-174,-150,229.73,0.85720
821,-3,6,6.71,0.02503
822,178,-103,205.65,0.76736
823,245,-489,546.94,2.04083
824,619,-869,1066.92,3.98105
825,616,-596,857.13,3.19825
826,353,-648,737.91,2.75340
827,460,-660,804.49,3.00182
828,232,-397,459.82,1.71574
829,40,-540,541.48,2.02045
830,-115,-393,409.48,1.52791
831,-171,-684,705.05,2.63079
832,214,-939,963.08,3.59357
833,16,-677,677.19,2.52682
834,76,-781,784.69,2.92794
835,263,-789,831.68,3.10328
836,466,-324,567.57,2.11779
837,238,-145,278.69,1.03989
838,-304,-20,304.66,1.13678
839,-479,-302,566.26,2.11289
840,-216,-482,528.19,1.97084
841,170,-355,393.61,1.46868
842,220,-379,438.22,1.63517
843,27,-296,297.23,1.10906
844,32,-214,216.38,0.80739
845,424,-351,550.43,2.05386
846,649,-127,661.31,2.46757
847,518,95,526.64,1.96507
# END
# FRAME,133,RX_TS,847442434133,FP_INDEX,751.1562,FP_INT,751,RXPACC,267,RXPWR,-67.06,STD_NOISE,132.00,NTM,13,NOISE_THRESH,1716.00,PEAK_IDX,753,PEAK_AMPL,17456,START,701,elapsed_s,13.5280
sample,real,imag,amplitude,amplitude_norm
701,-166,16,166.77,0.62460
702,-388,98,400.18,1.49882
703,-188,-112,218.83,0.81960
704,583,-365,687.83,2.57615
705,860,-197,882.27,3.30440
706,355,263,441.81,1.65471
707,-414,290,505.47,1.89313
708,-77,362,370.10,1.38614
709,357,55,361.21,1.35285
710,825,198,848.43,3.17763
711,780,79,783.99,2.93629
712,293,-128,319.74,1.19752
713,-30,117,120.78,0.45238
714,145,-63,158.09,0.59212
715,179,233,293.82,1.10045
716,25,-13,28.18,0.10554
717,190,157,246.47,0.92312
718,49,80,93.81,0.35136
719,90,-259,274.19,1.02693
720,678,-346,761.18,2.85087
721,996,-243,1025.21,3.83976
722,585,26,585.58,2.19317
723,160,123,201.81,0.75586
724,148,275,312.30,1.16965
725,593,60,596.03,2.23231
726,999,-10,999.05,3.74176
727,950,115,956.94,3.58403
728,628,-158,647.57,2.42536
729,525,-70,529.65,1.98369
730,300,299,423.56,1.58636
731,396,672,780.00,2.92135
732,45,389,391.59,1.46664
733,460,420,622.90,2.33295
734,490,320,585.23,2.19189
735,66,753,755.89,2.83104
736,-803,827,1152.71,4.31726
737,-993,481,1103.36,4.13245
738,-766,-237,801.83,3.00309
739,344,-404,530.61,1.98732
740,437,128,455.36,1.70547
741,-335,389,513.37,1.92272
742,-1026,143,1035.92,3.87984
743,-1185,-151,1194.58,4.47409
744,-958,131,966.92,3.62141
745,-819,184,839.41,3.14388
746,-327,-200,383.31,1.43563
747,56,-156,165.75,0.62077
748,7,56,56.44,0.21137
749,-716,160,733.66,2.74779
750,-2038,-839,2203.94,8.25447
751,-5806,-6871,8995.57,33.69127
752,-7925,-15040,17000.21,63.67121
753,-4008,-16468,16948.72,63.47835
754,4841,-10073,11175.89,41.85728
755,8735,2900,9203.82,34.47122
756,2251,3425,4098.49,15.35015
757,-3159,-7851,8462.71,31.69555
758,-836,-16128,16149.65,60.48559
759,5445,-13373,14439.02,54.07871
760,4536,-3449,5698.32,21.34204
761,174,2523,2528.99,9.47188
762,-3029,5254,6064.60,22.71385
763,-4826,635,4867.60,18.23070
764,-3100,-3027,4332.75,16.22753
765,-961,-3001,3151.11,11.80193
766,1394,-495,1479.28,5.54036
767,2071,1949,2843.88,10.65123
768,-251,1487,1508.04,5.64807
769,-1057,908,1393.45,5.21893
770,-601,1340,1468.61,5.50039
771,388,298,489.23,1.83233
772,152,-557,577.37,2.16242
773,-512,-103,522.26,1.95602
774,-1094,371,1155.20,4.32658
775,-1510,55,1511.00,5.65918
776,-281,-324,428.88,1.60629
777,1233,-369,1287.03,4.82034
778,1790,291,1813.50,6.79213
779,898,1457,1711.51,6.41014
780,150,1358,1366.26,5.11708
781,582,1284,1409.74,5.27994
782,841,937,1259.07,4.71561
783,1838,781,1997.05,7.47958
784,1575,51,1575.83,5.90197
785,1048,-46,1049.01,3.92887
786,423,451,618.33,2.31584
787,147,1186,1195.08,4.47594
788,178,989,1004.89,3.76364
789,469,833,955.96,3.58036
790,196,546,580.11,2.17271
791,278,1108,1142.34,4.27844
792,-206,533,571.42,2.14016
793,-310,82,320.66,1.20098
794,-520,169,546.77,2.04784
795,-18,687,687.24,2.57392
796,351,778,853.51,3.19668
797,586,704,915.98,3.43062
798,-44,332,334.90,1.25432
799,-104,379,393.01,1.47195
800,154,464,488.89,1.83104
801,739,719,1031.06,3.86164
802,684,1248,1423.15,5.33016
803,472,903,1018.92,3.81617
804,348,767,842.25,3.15451
805,620,933,1120.22,4.19557
806,621,665,909.87,3.40776
807,607,1285,1421.15,5.32267
808,-194,1093,1110.08,4.15762
809,-482,912,1031.54,3.86343
810,-642,998,1186.66,4.44443
811,-252,767,807.34,3.02373
812,5,706,706.02,2.64426
813,37,683,684.00,2.56180
814,-283,381,474.61,1.77755
815,-321,564,648.95,2.43053
816,-381,615,723.45,2.70957
817,288,686,744.00,2.78653
818,529,1085,1207.09,4.52094
819,670,864,1093.34,4.09491
820,462,825,945.55,3.54139
821,408,673,787.02,2.94762
822,328,165,367.16,1.37514
823,90,32,95.52,0.35775
824,-48,166,172.80,0.64719
825,49,475,477.52,1.78847
826,-1,1030,1030.00,3.85768
827,-138,846,857.18,3.21042
828,11,695,695.09,2.60332
829,68,767,770.01,2.88393
830,-53,519,521.70,1.95393
831,309,541,623.03,2.33343
832,391,346,522.11,1.95546
833,539,432,690.76,2.58710
834,318,938,990.44,3.70951
835,313,692,759.50,2.84455
836,434,830,936.62,3.50794
837,230,925,953.17,3.56991
838,-183,559,588.19,2.20297
839,-143,298,330.53,1.23796
840,279,-123,304.91,1.14198
841,580,-33,580.94,2.17580
842,467,302,556.14,2.08293
843,134,479,497.39,1.86288
844,85,585,591.14,2.21402
845,114,178,211.38,0.79167
846,82,247,260.26,0.97474
847,-212,497,540.33,2.02370
848,-470,512,695.01,2.60305
849,-410,216,463.42,1.73565
850,-178,70,191.27,0.71636
# END
# FRAME,134,RX_TS,853832178891,FP_INDEX,753.3750,FP_INT,753,RXPACC,264,RXPWR,-67.38,STD_NOISE,132.00,NTM,13,NOISE_THRESH,1716.00,PEAK_IDX,755,PEAK_AMPL,16740,START,703,elapsed_s,13.6397
sample,real,imag,amplitude,amplitude_norm
703,140,-12,140.51,0.53225
704,78,-321,330.34,1.25129
705,151,-322,355.65,1.34715
706,215,355,415.03,1.57208
707,3,916,916.00,3.46972
708,-286,651,711.05,2.69338
709,-135,-194,236.35,0.89526
710,-201,-349,402.74,1.52554
711,-60,23,64.26,0.24340
712,-337,574,665.62,2.52127
713,-498,683,845.28,3.20181
714,-48,540,542.13,2.05352
715,-83,49,96.38,0.36509
716,47,50,68.62,0.25993
717,-109,77,133.45,0.50551
718,-72,-2,72.03,0.27283
719,-149,168,224.56,0.85059
720,-106,80,132.80,0.50303
721,70,51,86.61,0.32806
722,264,492,558.35,2.11498
723,-35,988,988.62,3.74477
724,-265,747,792.61,3.00232
725,-111,324,342.49,1.29730
726,-221,34,223.60,0.84697
727,-194,240,308.60,1.16895
728,-196,851,873.28,3.30788
729,-497,905,1032.49,3.91094
730,-144,775,788.26,2.98585
731,-59,518,521.35,1.97481
732,-120,323,344.57,1.30519
733,-526,154,548.08,2.07606
734,-572,-101,580.85,2.20018
735,-403,171,437.78,1.65825
736,-444,347,563.51,2.13451
737,-518,67,522.32,1.97847
738,-512,-759,915.55,3.46798
739,-135,-1126,1134.06,4.29570
740,384,-934,1009.86,3.82522
741,468,190,505.10,1.91325
742,-60,594,597.02,2.26145
743,-276,-123,302.17,1.14457
744,160,-858,872.79,3.30603
745,607,-1052,1214.56,4.60060
746,638,-910,1111.37,4.20974
747,198,-841,863.99,3.27270
748,305,-450,543.62,2.05917
749,338,-9,338.12,1.28076
750,98,43,107.02,0.40537
751,66,-376,381.75,1.44602
752,824,-1098,1372.80,5.20000
753,4826,-2069,5250.81,19.88944
754,13994,-1774,14106.00,53.43180
755,16456,1428,16517.84,62.56758
756,12471,6896,14250.64,53.97968
757,-1578,8395,8542.02,32.35614
758,-6774,2912,7373.39,27.92949
759,2862,-396,2889.27,10.94419
760,13921,3433,14338.05,54.31080
761,13102,9440,16148.56,61.16879
762,4475,8664,9751.44,36.93726
763,-1068,1226,1625.95,6.15889
764,-3691,-3356,4988.61,18.89624
765,-763,-5443,5496.22,20.81901
766,3504,-2880,4535.68,17.18062
767,3810,-322,3823.58,14.48327
768,1340,1108,1738.75,6.58619
769,-1815,1446,2320.59,8.79012
770,-2073,-199,2082.53,7.88837
771,-367,-1187,1242.44,4.70621
772,-630,-1209,1363.30,5.16401
773,-628,-324,706.65,2.67672
774,172,544,570.54,2.16115
775,482,-72,487.35,1.84601
776,180,-924,941.37,3.56579
777,265,-1412,1436.65,5.44186
778,596,-899,1078.62,4.08567
779,165,789,806.07,3.05329
780,-434,1598,1655.89,6.27230
781,-1412,924,1687.46,6.39189
782,-1472,-251,1493.25,5.65624
783,-1132,-196,1148.84,4.35168
784,-1213,195,1228.57,4.65369
785,-1217,1021,1588.56,6.01728
786,-883,1595,1823.11,6.90570
787,-312,1161,1202.19,4.55376
788,-450,561,719.18,2.72417
789,-882,-138,892.73,3.38156
790,-999,-360,1061.89,4.02229
791,-963,87,966.92,3.66258
792,-534,50,536.34,2.03157
793,-822,-210,848.40,3.21364
794,-712,-453,843.89,3.19656
795,45,-388,390.60,1.47955
796,347,-446,565.09,2.14049
797,-259,-572,627.91,2.37843
798,-720,-128,731.29,2.77004
799,-823,252,860.72,3.26029
800,-467,52,469.89,1.77987
801,-288,-238,373.61,1.41521
802,-406,-112,421.17,1.59532
803,-522,353,630.15,2.38694
804,-1212,386,1271.98,4.81812
805,-1046,63,1047.90,3.96930
806,-872,-43,873.06,3.30704
807,-994,204,1014.72,3.84363
808,-936,312,986.63,3.73724
809,-1091,251,1119.50,4.24053
810,-1155,-380,1215.91,4.60570
811,-542,-768,939.99,3.56058
812,-678,-1050,1249.87,4.73437
813,-536,-875,1026.12,3.88682
814,-632,-434,766.67,2.90405
815,-717,-128,728.34,2.75885
816,-312,-291,426.64,1.61608
817,-134,-466,484.88,1.83668
818,-345,-697,777.71,2.94587
819,-387,-197,434.26,1.64491
820,-1044,100,1048.78,3.97265
821,-919,273,958.69,3.63141
822,-918,207,941.05,3.56458
823,-808,134,819.04,3.10241
824,-377,244,449.07,1.70103
825,-90,157,180.97,0.68548
826,22,-82,84.90,0.32159
827,-209,-139,251.00,0.95077
828,-711,-271,760.90,2.88218
829,-709,-400,814.05,3.08353
830,-601,-314,678.08,2.56850
831,-652,-203,682.87,2.58663
832,-528,-271,593.49,2.24805
833,-453,18,453.36,1.71726
834,-484,225,533.74,2.02175
835,-367,316,484.30,1.83446
836,-887,-19,887.20,3.36062
837,-653,-126,665.05,2.51911
838,-694,79,698.48,2.64576
839,-737,-59,739.36,2.80060
840,-655,-283,713.52,2.70274
841,-292,-308,424.41,1.60763
842,-55,69,88.24,0.33424
843,-55,483,486.12,1.84137
844,-393,432,584.01,2.21218
845,-382,112,398.08,1.50788
846,-487,-98,496.76,1.88168
847,-248,-65,256.38,0.97112
848,-248,1,248.00,0.93940
849,-232,-260,348.46,1.31992
850,-294,-539,613.97,2.32564
851,-33,-531,532.02,2.01524
852,12,-342,342.21,1.29625
# END
# FRAME,135,RX_TS,860221974868,FP_INDEX,747.1406,FP_INT,747,RXPACC,264,RXPWR,-67.35,STD_NOISE,132.00,NTM,13,NOISE_THRESH,1716.00,PEAK_IDX,749,PEAK_AMPL,16512,START,697,elapsed_s,13.7349
sample,real,imag,amplitude,amplitude_norm
697,-134,-74,153.08,0.57983
698,-336,6,336.05,1.27293
699,-216,-142,258.50,0.97915
700,574,-229,617.99,2.34089
701,885,23,885.30,3.35340
702,358,355,504.17,1.90974
703,-445,221,496.86,1.88203
704,-222,316,386.19,1.46283
705,255,91,270.75,1.02557
706,709,477,854.52,3.23683
707,715,363,801.87,3.03738
708,404,-30,405.11,1.53452
709,72,83,109.88,0.41620
710,148,-66,162.05,0.61382
711,125,222,254.77,0.96505
712,71,19,73.50,0.27840
713,196,258,324.01,1.22730
714,51,107,118.53,0.44899
715,124,-159,201.64,0.76377
716,609,-207,643.22,2.43643
717,1006,15,1006.11,3.81103
718,634,189,661.57,2.50595
719,168,131,213.04,0.80696
720,55,253,258.91,0.98072
721,519,190,552.69,2.09350
722,975,202,995.71,3.77161
723,982,373,1050.45,3.97899
724,692,0,692.00,2.62121
725,537,68,541.29,2.05033
726,238,234,333.77,1.26427
727,184,697,720.88,2.73060
728,-70,430,435.66,1.65023
729,325,504,599.70,2.27159
730,429,416,597.58,2.26355
731,-14,729,729.13,2.76187
732,-898,647,1106.80,4.19244
733,-1101,241,1127.07,4.26920
734,-696,-402,803.75,3.04452
735,359,-352,502.78,1.90446
736,470,217,517.68,1.96090
737,-313,286,423.99,1.60601
738,-956,-106,961.86,3.64340
739,-1080,-401,1152.04,4.36380
740,-978,-221,1002.66,3.79795
741,-803,-23,803.33,3.04291
742,-311,-310,439.11,1.66331
743,71,-211,222.63,0.84328
744,10,-19,21.47,0.08133
745,-620,-58,622.71,2.35874
746,-1561,-1130,1927.08,7.29953
747,-3618,-7083,7953.54,30.12705
748,-3853,-15458,15930.96,60.34453
749,-163,-16480,16480.81,62.42730
750,6489,-9849,11794.49,44.67609
751,7970,3961,8900.02,33.71221
752,1909,4598,4978.54,18.85812
753,-1033,-7021,7096.59,26.88101
754,2882,-15536,15801.05,59.85247
755,8435,-12336,14944.10,56.60644
756,5909,-2975,6615.66,25.05930
757,-32,2042,2042.25,7.73580
758,-3852,4387,5838.12,22.11410
759,-4878,-31,4878.10,18.47765
760,-2431,-3540,4294.34,16.26644
761,-353,-3231,3250.23,12.31146
762,1354,-457,1429.04,5.41304
763,1623,2222,2751.62,10.42280
764,-455,1543,1608.69,6.09351
765,-1148,526,1262.77,4.78321
766,-981,1102,1475.39,5.58858
767,153,425,451.70,1.71099
768,364,-421,556.54,2.10811
769,-369,-356,512.73,1.94218
770,-1079,22,1079.22,4.08797
771,-1465,-228,1482.64,5.61604
772,-405,-395,565.73,2.14292
773,1145,-56,1146.37,4.34231
774,1590,599,1699.09,6.43594
775,654,1562,1693.39,6.41434
776,-176,1405,1415.98,5.36356
777,175,1374,1385.10,5.24659
778,485,1160,1257.31,4.76253
779,1430,1100,1804.13,6.83384
780,1600,382,1644.97,6.23094
781,1132,245,1158.21,4.38716
782,393,592,710.57,2.69156
783,-61,1230,1231.51,4.66482
784,-103,1008,1013.25,3.83806
785,259,926,961.54,3.64219
786,67,567,570.94,2.16267
787,25,1111,1111.28,4.20940
788,-415,570,705.07,2.67072
789,-445,34,446.30,1.69052
790,-613,-34,613.94,2.32554
791,-280,660,716.94,2.71567
792,100,865,870.76,3.29834
793,341,893,955.89,3.62080
794,2,384,384.01,1.45457
795,-65,439,443.79,1.68101
796,101,429,440.73,1.66943
797,543,738,916.24,3.47060
798,369,1316,1366.75,5.17710
799,202,973,993.75,3.76419
800,119,846,854.33,3.23609
801,413,1054,1132.03,4.28798
802,459,771,897.29,3.39881
803,334,1288,1330.60,5.04016
804,-326,1016,1067.02,4.04174
805,-662,714,973.67,3.68816
806,-868,809,1186.55,4.49451
807,-487,669,827.48,3.13441
808,-153,795,809.59,3.06662
809,-47,708,709.56,2.68772
810,-343,265,433.44,1.64183
811,-484,362,604.40,2.28940
812,-520,526,739.65,2.80169
813,29,715,715.59,2.71056
814,238,1186,1209.64,4.58199
815,391,914,994.12,3.76561
816,251,848,884.37,3.34987
817,256,801,840.91,3.18528
818,236,268,357.10,1.35265
819,95,80,124.20,0.47044
820,-103,180,207.39,0.78555
821,-64,410,414.97,1.57184
822,-210,945,968.05,3.66686
823,-284,823,870.62,3.29782
824,-113,769,777.26,2.94416
825,-140,801,813.14,3.08009
826,-172,487,516.48,1.95637
827,103,528,537.95,2.03770
828,153,442,467.73,1.77171
829,367,466,593.17,2.24684
830,42,994,994.89,3.76851
831,38,715,716.01,2.71216
832,246,865,899.30,3.40644
833,97,826,831.68,3.15029
834,-202,492,531.85,2.01460
835,-228,278,359.54,1.36189
836,190,-30,192.35,0.72861
837,563,97,571.30,2.16400
838,479,385,614.55,2.32782
839,61,441,445.20,1.68636
840,-79,526,531.90,2.01477
841,92,270,285.24,1.08047
842,106,292,310.64,1.17668
843,-196,469,508.31,1.92541
844,-581,412,712.25,2.69793
845,-470,83,477.27,1.80785
846,-267,16,267.48,1.01318
# END
# FRAME,136,RX_TS,866611837877,FP_INDEX,749.6562,FP_INT,749,RXPACC,279,RXPWR,-67.36,STD_NOISE,168.00,NTM,13,NOISE_THRESH,2184.00,PEAK_IDX,751,PEAK_AMPL,18694,START,699,elapsed_s,13.8346
sample,real,imag,amplitude,amplitude_norm
699,120,83,145.91,0.52297
700,222,-193,294.16,1.05435
701,363,-269,451.81,1.61938
702,207,207,292.74,1.04926
703,-295,808,860.17,3.08304
704,-547,597,809.70,2.90216
705,-91,-150,175.45,0.62884
706,212,-487,531.14,1.90374
707,14,-70,71.39,0.25586
708,-395,329,514.07,1.84254
709,-751,362,833.69,2.98815
710,-377,530,650.41,2.33121
711,-74,169,184.49,0.66126
712,22,94,96.54,0.34602
713,-113,102,152.23,0.54562
714,-193,-60,202.11,0.72441
715,-92,88,127.31,0.45631
716,-223,3,223.02,0.79936
717,-23,38,44.42,0.15921
718,126,475,491.43,1.76139
719,-344,864,929.96,3.33320
720,-632,689,934.96,3.35110
721,-283,284,400.93,1.43703
722,-139,-103,173.00,0.62008
723,-260,-13,260.32,0.93306
724,-499,638,809.97,2.90310
725,-883,647,1094.67,3.92354
726,-584,613,846.66,3.03461
727,-247,504,561.27,2.01172
728,-236,304,384.85,1.37940
729,-414,-66,419.23,1.50261
730,-567,-407,697.95,2.50162
731,-344,-123,365.33,1.30942
732,-613,31,613.78,2.19994
733,-555,-10,555.09,1.98957
734,-308,-755,815.41,2.92261
735,362,-1109,1166.59,4.18131
736,729,-909,1165.21,4.17639
737,654,162,673.77,2.41493
738,-148,563,582.13,2.08648
739,-191,-82,207.86,0.74501
740,413,-629,752.47,2.69702
741,892,-688,1126.50,4.03764
742,1144,-617,1299.78,4.65871
743,625,-771,992.50,3.55737
744,526,-414,669.38,2.39922
745,341,127,363.88,1.30424
746,66,168,180.50,0.64695
747,189,-222,291.56,1.04500
748,1040,-618,1209.76,4.33606
749,3979,-267,3987.95,14.29372
750,12701,3559,13190.22,47.27677
751,16489,8754,18668.68,66.91283
752,11569,12326,16904.79,60.59066
753,-2484,9110,9442.58,33.84438
754,-8854,718,8883.06,31.83894
755,239,-256,350.22,1.25528
756,10798,7759,13296.57,47.65797
757,9892,14407,17476.08,62.63827
758,1742,12299,12421.75,44.52242
759,-1552,2447,2897.67,10.38593
760,-2003,-3836,4327.46,15.51061
761,641,-6132,6165.41,22.09825
762,4454,-2055,4905.22,17.58142
763,4122,1193,4291.17,15.38053
764,1633,1753,2395.77,8.58698
765,-1773,956,2014.32,7.21977
766,-2340,-891,2503.89,8.97453
767,21,-1273,1273.17,4.56334
768,152,-1456,1463.91,5.24700
769,-443,-993,1087.34,3.89726
770,-198,460,500.80,1.79499
771,526,365,640.24,2.29475
772,639,-483,801.01,2.87099
773,843,-1143,1420.25,5.09049
774,1163,-735,1375.79,4.93114
775,-4,579,579.01,2.07532
776,-1024,1224,1595.85,5.71991
777,-1709,468,1771.92,6.35097
778,-1373,-793,1585.55,5.68299
779,-881,-677,1111.08,3.98235
780,-1270,-487,1360.17,4.87517
781,-1534,203,1547.37,5.54614
782,-1908,917,2116.92,7.58753
783,-1057,1139,1553.89,5.56949
784,-891,459,1002.28,3.59240
785,-731,-579,932.52,3.34238
786,-718,-1056,1276.97,4.57696
787,-776,-504,925.31,3.31651
788,-594,-228,636.25,2.28048
789,-587,-444,736.01,2.63801
790,-690,-722,998.69,3.57954
791,135,-412,433.55,1.55396
792,441,-201,484.65,1.73708
793,170,-604,627.47,2.24899
794,-693,-563,892.87,3.20025
795,-934,-291,978.28,3.50639
796,-579,-197,611.60,2.19210
797,-133,-304,331.82,1.18932
798,-287,-308,420.99,1.50893
799,-468,-18,468.35,1.67866
800,-1231,-125,1237.33,4.43488
801,-1132,-382,1194.72,4.28214
802,-790,-392,881.91,3.16097
803,-933,-235,962.14,3.44853
804,-1043,-169,1056.60,3.78711
805,-1052,-98,1056.55,3.78693
806,-1023,-785,1289.48,4.62179
807,-237,-992,1019.92,3.65562
808,-101,-1239,1243.11,4.45559
809,1,-1159,1159.00,4.15412
810,-392,-775,868.50,3.11290
811,-641,-499,812.33,2.91158
812,-274,-517,585.12,2.09720
813,182,-501,533.03,1.91052
814,-60,-932,933.93,3.34742
815,-163,-532,556.41,1.99430
816,-892,-352,958.94,3.43706
817,-998,-288,1038.72,3.72303
818,-1004,-248,1034.18,3.70672
819,-762,-296,817.47,2.93001
820,-557,-64,560.66,2.00955
821,-287,129,314.66,1.12781
822,-39,13,41.11,0.14735
823,-66,-168,180.50,0.64695
824,-546,-538,766.52,2.74740
825,-496,-799,940.43,3.37073
826,-359,-601,700.06,2.50917
827,-404,-490,635.07,2.27624
828,-300,-552,628.25,2.25181
829,-315,-259,407.81,1.46167
830,-514,-173,542.33,1.94385
831,-417,35,418.47,1.49988
832,-851,-273,893.72,3.20329
833,-709,-529,884.60,3.17062
834,-694,-282,749.11,2.68497
835,-577,-355,677.46,2.42818
836,-496,-481,690.92,2.47643
837,-77,-447,453.58,1.62575
838,-133,-92,161.72,0.57964
839,-217,430,481.65,1.72635
840,-543,324,632.32,2.26637
841,-463,-21,463.48,1.66120
842,-382,-346,515.40,1.84732
843,-222,-285,361.26,1.29484
844,-268,-68,276.49,0.99101
845,-156,-204,256.81,0.92047
846,-113,-596,606.62,2.17426
847,168,-587,610.57,2.18841
848,250,-406,476.80,1.70895
# END
# FRAME,137,RX_TS,873001624094,FP_INDEX,750.9219,FP_INT,750,RXPACC,270,RXPWR,-67.33,STD_NOISE,140.00,NTM,13,NOISE_THRESH,1820.00,PEAK_IDX,752,PEAK_AMPL,17356,START,700,elapsed_s,13.9327
sample,real,imag,amplitude,amplitude_norm
700,-32,58,66.24,0.24534
701,213,156,264.02,0.97784
702,382,195,428.89,1.58849
703,5,285,285.04,1.05572
704,-694,-42,695.27,2.57507
705,-709,-287,764.89,2.83291
706,76,-248,259.38,0.96068
707,504,97,513.25,1.90092
708,242,-99,261.47,0.96840
709,-241,-234,335.91,1.24412
710,-411,-573,705.16,2.61170
711,-543,-382,663.91,2.45892
712,-239,-11,239.25,0.88612
713,34,65,73.36,0.27169
714,-89,54,104.10,0.38556
715,65,-229,238.05,0.88165
716,2,28,28.07,0.10397
717,-56,-208,215.41,0.79780
718,37,-32,48.92,0.18118
719,-260,223,342.53,1.26864
720,-742,-111,750.26,2.77873
721,-829,-419,928.87,3.44026
722,-375,-248,449.59,1.66514
723,18,-164,164.98,0.61106
724,94,-295,309.61,1.14672
725,-515,-311,601.62,2.22822
726,-768,-575,959.40,3.55333
727,-665,-600,895.67,3.31730
728,-517,-183,548.43,2.03123
729,-331,-177,375.35,1.39020
730,-3,-308,308.01,1.14079
731,252,-695,739.28,2.73806
732,194,-255,320.41,1.18669
733,-79,-594,599.23,2.21937
734,-149,-495,516.94,1.91459
735,524,-475,707.25,2.61944
736,1162,27,1162.31,4.30487
737,1093,379,1156.84,4.28461
738,299,685,747.41,2.76820
739,-545,57,547.97,2.02953
740,-116,-284,306.78,1.13621
741,632,95,639.10,2.36704
742,968,666,1174.98,4.35178
743,870,943,1283.02,4.75194
744,846,490,977.66,3.62096
745,699,379,795.14,2.94495
746,172,391,427.16,1.58207
747,-20,220,220.91,0.81817
748,138,109,175.86,0.65132
749,789,606,994.87,3.68469
750,1153,2610,2853.33,10.56790
751,-25,10574,10574.03,39.16307
752,-3857,16499,16943.83,62.75493
753,-8191,14841,16951.34,62.78273
754,-9782,2854,10189.84,37.74015
755,-3971,-8244,9150.54,33.89089
756,562,-2462,2525.33,9.35307
757,-3423,9859,10436.32,38.65304
758,-10533,13266,16939.03,62.73716
759,-12347,6051,13750.02,50.92599
760,-4432,-557,4466.86,16.54394
761,2267,-2295,3225.88,11.94771
762,6029,-1735,6273.68,23.23585
763,3802,3125,4921.47,18.22765
764,245,4264,4271.03,15.81864
765,-1179,2606,2860.29,10.59368
766,-1347,-891,1615.02,5.98156
767,-89,-2687,2688.47,9.95731
768,1292,-546,1402.63,5.19494
769,1417,21,1417.16,5.24872
770,1175,-637,1336.56,4.95022
771,-326,-363,487.90,1.80703
772,-388,426,576.21,2.13412
773,498,436,661.89,2.45145
774,1190,480,1283.16,4.75245
775,1186,949,1518.95,5.62573
776,-136,324,351.39,1.30143
777,-1261,-526,1366.31,5.06040
778,-862,-1355,1605.95,5.94796
779,563,-1585,1682.02,6.22971
780,830,-1053,1340.79,4.96588
781,317,-1261,1300.23,4.81568
782,-330,-1227,1270.60,4.70593
783,-1204,-1769,2139.85,7.92539
784,-1338,-949,1640.38,6.07548
785,-723,-773,1058.42,3.92008
786,312,-764,825.25,3.05649
787,869,-993,1319.55,4.88722
788,524,-768,929.73,3.44345
789,190,-811,832.96,3.08503
790,281,-619,679.80,2.51776
791,575,-976,1132.78,4.19550
792,545,-87,551.90,2.04408
793,249,319,404.68,1.49880
794,594,156,614.14,2.27460
795,534,-680,864.61,3.20227
796,234,-780,814.34,3.01609
797,64,-763,765.68,2.83585
798,256,-209,330.48,1.22400
799,289,-250,382.13,1.41528
800,78,-389,396.74,1.46942
801,-91,-943,947.38,3.50882
802,278,-1180,1212.31,4.49002
803,247,-851,886.12,3.28193
804,175,-806,824.78,3.05474
805,-12,-1057,1057.07,3.91507
806,-152,-891,903.87,3.34768
807,478,-1317,1401.06,5.18912
808,921,-560,1077.89,3.99218
809,1156,-294,1192.80,4.41778
810,1203,-140,1211.12,4.48563
811,780,-350,854.93,3.16640
812,495,-568,753.42,2.79046
813,421,-493,648.30,2.40110
814,521,-8,521.06,1.92986
815,752,-195,776.87,2.87730
816,624,-167,645.96,2.39245
817,209,-734,763.18,2.82658
818,227,-1025,1049.84,3.88828
819,43,-983,983.94,3.64422
820,167,-871,886.87,3.28469
821,109,-693,701.52,2.59822
822,-123,-206,239.93,0.88862
823,-28,25,37.54,0.13902
824,149,-24,150.92,0.55896
825,389,-467,607.79,2.25108
826,742,-776,1073.66,3.97651
827,564,-495,750.41,2.77931
828,428,-557,702.45,2.60166
829,461,-497,677.89,2.51069
830,232,-327,400.94,1.48496
831,62,-588,591.26,2.18985
832,-35,-442,443.38,1.64216
833,58,-720,722.33,2.67530
834,473,-859,980.62,3.63192
835,179,-675,698.33,2.58641
836,212,-753,782.27,2.89731
837,390,-672,776.97,2.87767
838,518,-147,538.45,1.99428
839,305,-56,310.10,1.14851
840,-298,-51,302.33,1.11975
841,-374,-423,564.63,2.09122
842,-111,-564,574.82,2.12896
843,242,-423,487.33,1.80494
844,321,-397,510.54,1.89088
845,62,-250,257.57,0.95398
846,125,-134,183.25,0.67871
847,572,-236,618.77,2.29175
848,676,-23,676.39,2.50515
849,468,135,487.08,1.80401
# END
# FRAME,138,RX_TS,879391419997,FP_INDEX,751.4062,FP_INT,751,RXPACC,279,RXPWR,-67.30,STD_NOISE,132.00,NTM,13,NOISE_THRESH,1716.00,PEAK_IDX,753,PEAK_AMPL,18227,START,701,elapsed_s,14.0269
sample,real,imag,amplitude,amplitude_norm
701,-144,-39,149.19,0.53472
702,-290,223,365.83,1.31121
703,-308,120,330.55,1.18477
704,278,-398,485.48,1.74006
705,801,-552,972.78,3.48667
706,694,-94,700.34,2.51017
707,-188,370,415.02,1.48754
708,-140,449,470.32,1.68574
709,105,7,105.23,0.37718
710,696,-29,696.60,2.49679
711,949,9,949.04,3.40159
712,497,-295,577.96,2.07153
713,106,52,118.07,0.42318
714,19,-61,63.89,0.22900
715,205,90,223.89,0.80246
716,139,131,191.00,0.68460
717,279,98,295.71,1.05990
718,143,68,158.34,0.56754
719,49,-80,93.81,0.33625
720,280,-435,517.32,1.85421
721,927,-576,1091.38,3.91175
722,828,-219,856.47,3.06979
723,323,-43,325.85,1.16792
724,167,208,266.75,0.95608
725,430,74,436.32,1.56387
726,958,-341,1016.88,3.64473
727,1127,-148,1136.68,4.07411
728,705,-409,815.05,2.92132
729,505,-258,567.09,2.03257
730,389,-8,389.08,1.39456
731,534,456,702.21,2.51686
732,272,579,639.71,2.29286
733,469,270,541.17,1.93966
734,634,222,671.74,2.40768
735,466,518,696.76,2.49736
736,-246,1076,1103.76,3.95614
737,-784,899,1192.84,4.27540
738,-953,310,1002.15,3.59194
739,-103,-458,469.44,1.68258
740,495,-239,549.68,1.97017
741,31,347,348.38,1.24868
742,-762,520,922.52,3.30652
743,-1176,357,1228.99,4.40499
744,-1108,266,1139.48,4.08417
745,-794,553,967.60,3.46809
746,-542,132,557.84,1.99943
747,-183,-155,239.82,0.85957
748,-6,-30,30.59,0.10966
749,-337,267,429.95,1.54104
750,-1535,113,1539.15,5.51668
751,-5452,-2683,6076.41,21.77926
752,-11830,-10765,15994.82,57.32909
753,-11200,-15425,19062.28,68.32359
754,-2519,-14371,14590.10,52.29426
755,8313,-3465,9006.23,32.28040
756,6405,3637,7365.58,26.39993
757,-2974,-2757,4055.33,14.53524
758,-6979,-14030,15669.95,56.16470
759,-1117,-16486,16523.80,59.22508
760,3959,-8591,9459.33,33.90442
761,1644,627,1759.51,6.30648
762,-313,5589,5597.76,20.06365
763,-3964,4073,5683.54,20.37111
764,-4640,-1094,4767.23,17.08683
765,-2697,-2760,3858.94,13.83132
766,173,-1545,1554.66,5.57224
767,2454,625,2532.34,9.07648
768,881,1794,1998.65,7.16362
769,-842,1105,1389.24,4.97936
770,-521,1434,1525.71,5.46850
771,288,692,749.54,2.68652
772,328,-495,593.81,2.12835
773,-350,-293,456.45,1.63603
774,-877,526,1022.65,3.66540
775,-1435,777,1631.86,5.84895
776,-1021,99,1025.79,3.67666
777,619,-657,902.67,3.23537
778,1598,-550,1690.00,6.05735
779,1601,827,1801.98,6.45871
780,739,1521,1691.02,6.06102
781,731,1117,1334.93,4.78471
782,1093,822,1367.60,4.90180
783,2007,313,2031.26,7.28050
784,2217,-489,2270.29,8.13723
785,1525,-599,1638.42,5.87248
786,931,163,945.16,3.38768
787,408,1119,1191.06,4.26903
788,256,1221,1247.55,4.47150
789,674,753,1010.59,3.62217
790,384,411,562.47,2.01604
791,522,947,1081.34,3.87577
792,131,981,989.71,3.54734
793,-322,305,443.52,1.58967
794,-502,95,510.91,1.83122
795,-72,595,599.34,2.14817
796,525,797,954.38,3.42070
797,840,690,1087.06,3.89627
798,350,472,587.61,2.10612
799,-22,525,525.46,1.88337
800,165,467,495.29,1.77524
801,645,344,731.00,2.62007
802,1125,901,1441.33,5.16605
803,760,845,1136.50,4.07347
804,563,657,865.23,3.10117
805,928,701,1163.01,4.16848
806,906,461,1016.54,3.64352
807,1040,781,1300.60,4.66165
808,452,1143,1229.13,4.40547
809,-187,1024,1040.93,3.73095
810,-317,1263,1302.17,4.66729
811,-292,1039,1079.25,3.86829
812,117,921,928.40,3.32761
813,345,740,816.47,2.92642
814,-46,513,515.06,1.84609
815,-162,521,545.61,1.95557
816,-154,923,935.76,3.35398
817,186,572,601.48,2.15585
818,855,877,1224.81,4.38999
819,878,612,1070.25,3.83601
820,809,724,1085.66,3.89125
821,687,686,970.86,3.47978
822,429,200,473.33,1.69652
823,208,63,217.33,0.77897
824,19,198,198.91,0.71294
825,84,333,343.43,1.23094
826,342,925,986.20,3.53476
827,161,902,916.26,3.28407
828,150,729,744.27,2.66764
829,315,752,815.31,2.92226
830,156,563,584.21,2.09395
831,425,461,627.01,2.24736
832,461,383,599.34,2.14818
833,499,247,556.79,1.99565
834,668,845,1077.15,3.86075
835,424,755,865.91,3.10362
836,603,696,920.88,3.30066
837,396,652,762.84,2.73418
838,179,654,678.05,2.43030
839,-57,431,434.75,1.55825
840,197,20,198.01,0.70972
841,484,-216,530.01,1.89968
842,689,-8,689.05,2.46970
843,408,262,484.88,1.73792
844,299,524,603.31,2.16238
845,196,370,418.71,1.50074
846,274,329,428.16,1.53461
847,14,460,460.21,1.64951
848,-195,662,690.12,2.47356
849,-335,469,576.36,2.06579
850,-238,286,372.08,1.33360
# END
# FRAME,139,RX_TS,885781209228,FP_INDEX,751.7656,FP_INT,751,RXPACC,265,RXPWR,-67.35,STD_NOISE,136.00,NTM,13,NOISE_THRESH,1768.00,PEAK_IDX,753,PEAK_AMPL,16562,START,701,elapsed_s,14.1295
sample,real,imag,amplitude,amplitude_norm
701,48,-66,81.61,0.30796
702,-156,-93,181.62,0.68535
703,-347,-86,357.50,1.34905
704,33,-157,160.43,0.60540
705,822,28,822.48,3.10369
706,834,300,886.32,3.34459
707,72,342,349.50,1.31886
708,-451,85,458.94,1.73185
709,-137,175,222.25,0.83867
710,371,215,428.80,1.61810
711,634,557,843.92,3.18461
712,688,268,738.35,2.78624
713,248,9,248.16,0.93647
714,-20,55,58.52,0.22084
715,163,83,182.92,0.69025
716,90,283,296.97,1.12063
717,87,18,88.84,0.33525
718,113,237,262.56,0.99079
719,29,50,57.80,0.21812
720,296,-225,371.81,1.40305
721,801,22,801.30,3.02378
722,928,294,973.46,3.67343
723,437,204,482.27,1.81989
724,109,215,241.05,0.90963
725,82,362,371.17,1.40065
726,674,315,743.98,2.80746
727,899,451,1005.78,3.79541
728,819,423,921.79,3.47844
729,627,102,635.24,2.39714
730,479,160,505.02,1.90572
731,83,394,402.65,1.51942
732,-30,738,738.61,2.78721
733,-36,317,319.04,1.20392
734,259,601,654.43,2.46956
735,290,495,573.69,2.16488
736,-407,659,774.55,2.92284
737,-1059,263,1091.17,4.11762
738,-1074,-129,1081.72,4.08196
739,-262,-612,665.72,2.51216
740,556,-127,570.32,2.15215
741,232,340,411.61,1.55325
742,-581,97,589.04,2.22280
743,-968,-413,1052.42,3.97141
744,-990,-675,1198.22,4.52157
745,-849,-211,874.83,3.30123
746,-645,-162,665.03,2.50956
747,-143,-326,355.98,1.34334
748,71,-89,113.85,0.42963
749,-100,-3,100.04,0.37753
750,-825,-378,907.47,3.42443
751,-1589,-2415,2890.87,10.90895
752,-2079,-10596,10798.03,40.74728
753,296,-16505,16507.65,62.29303
754,5003,-15313,16109.56,60.79080
755,8913,-3981,9761.66,36.83644
756,5326,7172,8933.30,33.71057
757,-82,2096,2097.60,7.91548
758,1464,-10429,10531.25,39.74059
759,7708,-14564,16477.97,62.18101
760,10580,-7810,13150.38,49.62408
761,4018,-88,4018.96,15.16590
762,-1781,2804,3321.80,12.53511
763,-5358,2755,6024.80,22.73509
764,-4024,-2309,4639.40,17.50718
765,-932,-4009,4115.91,15.53173
766,651,-2608,2688.02,10.14348
767,1442,697,1601.62,6.04383
768,540,2458,2516.62,9.49667
769,-1126,707,1329.56,5.01720
770,-1324,279,1353.08,5.10595
771,-906,797,1206.67,4.55346
772,453,242,513.59,1.93807
773,304,-478,566.48,2.13766
774,-536,-329,628.92,2.37327
775,-1247,-130,1253.76,4.73116
776,-1279,-526,1382.94,5.21863
777,224,-296,371.20,1.40077
778,1342,214,1358.96,5.12813
779,1185,1108,1622.31,6.12192
780,-136,1713,1718.39,6.48449
781,-449,1336,1409.43,5.31861
782,15,1450,1450.08,5.47199
783,608,1261,1399.92,5.28273
784,1577,1384,2098.19,7.91768
785,1630,592,1734.18,6.54406
786,1070,608,1230.68,4.64406
787,144,860,871.97,3.29046
788,-387,1150,1213.37,4.57876
789,-198,859,881.52,3.32651
790,75,814,817.45,3.08471
791,-129,712,723.59,2.73053
792,-302,1122,1161.93,4.38465
793,-409,309,512.60,1.93435
794,-248,-113,272.53,1.02842
795,-506,-35,507.21,1.91400
796,-245,701,742.58,2.80219
797,28,895,895.44,3.37901
798,121,864,872.43,3.29219
799,-205,312,373.32,1.40876
800,-231,411,471.47,1.77912
801,86,459,466.99,1.76222
802,308,1046,1090.40,4.11473
803,-2,1336,1336.00,5.04151
804,22,1032,1032.23,3.89522
805,46,955,956.11,3.60795
806,258,1120,1149.33,4.33710
807,273,868,909.92,3.43366
808,-187,1284,1297.55,4.89640
809,-653,694,952.91,3.59590
810,-923,607,1104.71,4.16871
811,-1072,593,1225.08,4.62296
812,-624,592,860.14,3.24581
813,-277,669,724.08,2.73237
814,-253,525,582.78,2.19917
815,-455,158,481.65,1.81756
816,-638,451,781.31,2.94834
817,-436,375,575.08,2.17013
818,32,865,865.59,3.26638
819,111,1092,1097.63,4.14199
820,219,1031,1054.00,3.97737
821,55,872,873.73,3.29710
822,133,726,738.08,2.78521
823,243,255,352.24,1.32921
824,72,44,84.38,0.31842
825,-25,160,161.94,0.61110
826,-143,529,547.99,2.06788
827,-479,831,959.17,3.61950
828,-489,691,846.52,3.19443
829,-292,709,766.78,2.89349
830,-320,699,768.77,2.90100
831,-171,431,463.68,1.74975
832,4,613,613.01,2.31326
833,166,438,468.40,1.76755
834,204,727,755.08,2.84936
835,-185,896,914.90,3.45245
836,46,799,800.32,3.02009
837,-22,797,797.30,3.00869
838,-177,813,832.04,3.13979
839,-345,364,501.52,1.89252
840,-174,170,243.26,0.91797
841,342,8,342.09,1.29092
842,556,263,615.07,2.32100
843,371,433,570.20,2.15170
844,12,491,491.15,1.85338
845,-134,488,506.06,1.90967
846,13,350,350.24,1.32167
847,-72,236,246.74,0.93109
848,-391,304,495.27,1.86896
849,-558,183,587.24,2.21601
850,-399,-24,399.72,1.50838
# END
# FRAME,140,RX_TS,892170953906,FP_INDEX,752.8594,FP_INT,752,RXPACC,270,RXPWR,-67.33,STD_NOISE,136.00,NTM,13,NOISE_THRESH,1768.00,PEAK_IDX,754,PEAK_AMPL,17826,START,702,elapsed_s,14.2351
sample,real,imag,amplitude,amplitude_norm
702,158,-5,158.08,0.58548
703,-23,-243,244.09,0.90402
704,-83,-421,429.10,1.58927
705,219,1,219.00,0.81112
706,471,771,903.48,3.34623
707,214,846,872.65,3.23202
708,-210,63,219.25,0.81202
709,-292,-352,457.35,1.69388
710,-164,-18,164.98,0.61106
711,16,563,563.23,2.08603
712,-106,849,855.59,3.16886
713,192,688,714.29,2.64551
714,71,156,171.40,0.63480
715,-24,-22,32.56,0.12058
716,33,183,185.95,0.68871
717,-169,257,307.59,1.13921
718,46,139,146.41,0.54227
719,-50,192,198.40,0.73483
720,52,97,110.06,0.40763
721,447,161,475.11,1.75967
722,442,818,929.78,3.44362
723,249,977,1008.23,3.73419
724,128,499,515.16,1.90798
725,-130,124,179.66,0.66539
726,-190,234,301.42,1.11638
727,212,807,834.38,3.09030
728,70,1090,1092.25,4.04535
729,127,891,900.01,3.33335
730,251,557,610.94,2.26275
731,191,452,490.70,1.81740
732,-251,344,425.84,1.57717
733,-672,333,749.98,2.77771
734,-289,168,334.28,1.23808
735,-323,566,651.68,2.41362
736,-296,506,586.22,2.17118
737,-827,-82,831.06,3.07798
738,-766,-828,1127.98,4.17771
739,-357,-1007,1068.41,3.95707
740,465,-428,631.99,2.34070
741,362,523,636.06,2.35578
742,-235,264,353.44,1.30904
743,-387,-537,661.92,2.45156
744,-73,-1071,1073.48,3.97587
745,143,-1212,1220.41,4.52003
746,-250,-868,903.29,3.34550
747,-101,-674,681.53,2.52417
748,212,-293,361.65,1.33946
749,104,-9,104.39,0.38662
750,-88,-174,194.99,0.72217
751,-84,-1001,1004.52,3.72044
752,1666,-3084,3505.23,12.98232
753,9349,-8161,12409.90,45.96261
754,15601,-9096,18059.03,66.88528
755,15842,-3306,16183.28,59.93808
756,6736,6570,9409.50,34.84998
757,-4008,7971,8921.93,33.04420
758,-723,114,731.93,2.71086
759,11347,-4542,12222.28,45.26771
760,16456,-409,16461.08,60.96697
761,11301,5325,12492.73,46.26936
762,1408,2888,3212.94,11.89979
763,-3880,-239,3887.35,14.39761
764,-4838,-3619,6041.80,22.37705
765,442,-4652,4672.95,17.30722
766,3094,-2666,4084.16,15.12653
767,2422,-525,2478.25,9.17869
768,-91,1842,1844.25,6.83054
769,-1836,1534,2392.50,8.86111
770,-1016,-790,1286.99,4.76665
771,-966,-962,1363.30,5.04928
772,-1067,-238,1093.22,4.04897
773,197,557,590.81,2.18819
774,586,-52,588.30,2.17890
775,-109,-677,685.72,2.53970
776,-506,-1193,1295.87,4.79953
777,-61,-1299,1300.43,4.81641
778,483,263,549.96,2.03690
779,541,1411,1511.16,5.59689
780,-440,1556,1617.01,5.98894
781,-1517,647,1649.21,6.10819
782,-1171,272,1202.18,4.45250
783,-1129,750,1355.41,5.02004
784,-636,1257,1408.74,5.21755
785,-244,2074,2088.30,7.73446
786,346,1598,1635.03,6.05566
787,-36,1142,1142.57,4.23173
788,-683,634,931.90,3.45150
789,-1184,357,1236.65,4.58019
790,-922,417,1011.92,3.74784
791,-621,419,749.13,2.77457
792,-715,273,765.35,2.83461
793,-1006,257,1038.31,3.84559
794,-323,-270,420.99,1.55921
795,33,-401,402.36,1.49021
796,-310,-411,514.80,1.90667
797,-709,267,757.61,2.80596
798,-685,564,887.31,3.28634
799,-583,464,745.11,2.75966
800,-362,-51,365.57,1.35398
801,-404,82,412.24,1.52681
802,-253,368,446.58,1.65400
803,-762,870,1156.52,4.28342
804,-1038,701,1252.54,4.63902
805,-786,511,937.51,3.47224
806,-655,566,865.67,3.20618
807,-648,770,1006.38,3.72734
808,-628,780,1001.39,3.70886
809,-1209,463,1294.62,4.79490
810,-879,-227,907.84,3.36236
811,-997,-475,1104.37,4.09026
812,-877,-596,1060.35,3.92723
813,-825,-198,848.43,3.14232
814,-688,142,702.50,2.60186
815,-558,-31,558.86,2.06985
816,-321,-298,438.00,1.62223
817,-740,-393,837.88,3.10327
818,-496,-200,534.80,1.98076
819,-798,559,974.31,3.60857
820,-806,762,1109.18,4.10807
821,-741,835,1116.38,4.13474
822,-768,564,952.85,3.52907
823,-466,409,620.03,2.29641
824,-105,327,343.44,1.27202
825,21,93,95.34,0.35312
826,-152,41,157.43,0.58308
827,-640,151,657.57,2.43545
828,-996,110,1002.06,3.71132
829,-802,60,804.24,2.97867
830,-772,199,797.24,2.95273
831,-727,129,738.36,2.73465
832,-432,150,457.30,1.69371
833,-476,379,608.45,2.25354
834,-170,403,437.39,1.61996
835,-551,615,825.73,3.05825
836,-815,361,891.37,3.30138
837,-646,491,811.42,3.00525
838,-650,399,762.69,2.82479
839,-770,280,819.33,3.03455
840,-459,-142,480.46,1.77949
841,-163,64,175.11,0.64857
842,228,416,474.38,1.75698
843,14,685,685.14,2.53757
844,-170,539,565.17,2.09323
845,-368,199,418.36,1.54948
846,-355,76,363.04,1.34461
847,-267,197,331.81,1.22893
848,-169,11,169.36,0.62725
849,-426,-157,454.01,1.68152
850,-320,-304,441.38,1.63474
851,-193,-378,424.42,1.57193
# END
# FRAME,141,RX_TS,898560816828,FP_INDEX,753.0156,FP_INT,753,RXPACC,280,RXPWR,-67.32,STD_NOISE,172.00,NTM,13,NOISE_THRESH,2236.00,PEAK_IDX,754,PEAK_AMPL,18228,START,703,elapsed_s,14.3299
sample,real,imag,amplitude,amplitude_norm
703,211,-105,235.68,0.84172
704,296,-286,411.60,1.46999
705,275,37,277.48,0.99099
706,-127,793,803.11,2.86823
707,-511,772,925.80,3.30643
708,-382,52,385.52,1.37687
709,157,-494,518.35,1.85124
710,-162,-293,334.80,1.19572
711,-218,213,304.78,1.08851
712,-627,367,726.51,2.59468
713,-564,467,732.25,2.61517
714,-130,255,286.23,1.02223
715,-19,1,19.03,0.06795
716,29,147,149.83,0.53512
717,-229,-26,230.47,0.82311
718,27,81,85.38,0.30493
719,-225,83,239.82,0.85650
720,-43,6,43.42,0.15506
721,164,297,339.27,1.21168
722,-223,744,776.70,2.77393
723,-615,882,1075.24,3.84016
724,-434,411,597.73,2.13474
725,-205,87,222.70,0.79535
726,-275,-54,280.25,1.00090
727,-393,439,589.21,2.10433
728,-741,743,1049.35,3.74767
729,-775,660,1017.95,3.63554
730,-318,646,720.03,2.57153
731,-284,373,468.81,1.67433
732,-357,17,357.40,1.27644
733,-668,-280,724.31,2.58682
734,-284,-233,367.35,1.31196
735,-625,-1,625.00,2.23215
736,-542,120,555.13,1.98259
737,-472,-554,727.80,2.59930
738,172,-1166,1178.62,4.20935
739,578,-995,1150.70,4.10964
740,839,-223,868.13,3.10047
741,72,598,602.32,2.15114
742,-309,182,358.62,1.28077
743,107,-580,589.79,2.10638
744,788,-791,1116.52,3.98758
745,1142,-665,1321.51,4.71968
746,703,-680,978.06,3.49309
747,523,-630,818.80,2.92428
748,499,1,499.00,1.78215
749,139,161,212.70,0.75965
750,70,-33,77.39,0.27639
751,590,-601,842.20,3.00786
752,2523,-636,2601.93,9.29260
753,9861,1712,10008.51,35.74468
754,16459,6964,17871.65,63.82733
755,14537,11110,18296.35,65.34412
756,2564,11227,11516.06,41.12878
757,-8819,3422,9459.64,33.78444
758,-3504,-1146,3686.64,13.16658
759,8399,4522,9538.96,34.06770
760,11846,12798,17438.94,62.28192
761,4561,14181,14896.43,53.20152
762,-1235,5488,5625.24,20.09016
763,-1773,-2076,2730.07,9.75027
764,-943,-6261,6331.62,22.61292
765,3591,-3670,5134.61,18.33788
766,4531,410,4549.51,16.24826
767,2759,1695,3238.07,11.56454
768,-822,1326,1560.12,5.57184
769,-2673,-151,2677.26,9.56165
770,-498,-1253,1348.34,4.81549
771,451,-1366,1438.53,5.13759
772,-249,-1354,1376.71,4.91680
773,-375,117,392.83,1.40296
774,297,572,644.51,2.30182
775,503,-233,554.34,1.97980
776,622,-1011,1187.02,4.23934
777,1105,-1044,1520.18,5.42923
778,467,154,491.74,1.75620
779,-623,1218,1368.08,4.88601
780,-1441,907,1702.68,6.08101
781,-1621,-613,1733.03,6.18941
782,-1008,-1004,1422.70,5.08108
783,-1209,-562,1333.24,4.76157
784,-1309,66,1310.66,4.68094
785,-1957,881,2146.16,7.66486
786,-1255,1326,1825.73,6.52047
787,-873,838,1210.11,4.32183
788,-625,-112,634.96,2.26770
789,-874,-872,1234.61,4.40932
790,-708,-673,976.83,3.48867
791,-784,-328,849.85,3.03517
792,-410,-350,539.07,1.92526
793,-788,-692,1048.72,3.74542
794,-152,-500,522.59,1.86641
795,336,-267,429.17,1.53274
796,423,-402,583.55,2.08411
797,-355,-447,570.82,2.03864
798,-720,-311,784.30,2.80106
799,-933,-247,965.14,3.44693
800,-208,-343,401.14,1.43264
801,-219,-370,429.95,1.53555
802,-377,-149,405.38,1.44777
803,-973,-6,973.02,3.47507
804,-1261,-477,1348.20,4.81501
805,-926,-426,1019.29,3.64032
806,-713,-298,772.77,2.75989
807,-1071,-152,1081.73,3.86333
808,-908,-53,909.55,3.24838
809,-1160,-659,1334.12,4.76472
810,-446,-1033,1125.17,4.01846
811,-160,-1060,1072.01,3.82860
812,-98,-1198,1202.00,4.29286
813,-183,-841,860.68,3.07386
814,-426,-572,713.20,2.54716
815,-407,-514,655.63,2.34152
816,97,-476,485.78,1.73494
817,-62,-714,716.69,2.55960
818,-110,-628,637.56,2.27700
819,-686,-299,748.33,2.67261
820,-1143,-357,1197.45,4.27662
821,-1088,-117,1094.27,3.90812
822,-908,-356,975.29,3.48320
823,-740,-281,791.56,2.82699
824,-290,97,305.79,1.09212
825,-15,91,92.23,0.32939
826,-38,-59,70.18,0.25064
827,-261,-303,399.91,1.42826
828,-583,-806,994.75,3.55267
829,-364,-754,837.26,2.99023
830,-479,-606,772.45,2.75875
831,-511,-593,782.80,2.79570
832,-330,-311,453.45,1.61948
833,-573,-93,580.50,2.07321
834,-414,45,416.44,1.48728
835,-620,-24,620.46,2.21594
836,-783,-567,966.74,3.45263
837,-650,-318,723.62,2.58435
838,-794,-398,888.17,3.17202
839,-760,-499,909.18,3.24706
840,-235,-469,524.58,1.87351
841,-53,-180,187.64,0.67015
842,-75,354,361.86,1.29235
843,-380,457,594.35,2.12267
844,-466,145,488.04,1.74299
845,-339,-203,395.13,1.41119
846,-407,-287,498.01,1.77862
847,-254,-44,257.78,0.92065
848,-219,-58,226.55,0.80911
849,-179,-482,514.16,1.83630
850,96,-668,674.86,2.41022
851,190,-447,485.70,1.73466
852,53,-187,194.37,0.69416
# END
# FRAME,142,RX_TS,904950612677,FP_INDEX,753.0312,FP_INT,753,RXPACC,272,RXPWR,-67.39,STD_NOISE,140.00,NTM,13,NOISE_THRESH,1820.00,PEAK_IDX,754,PEAK_AMPL,17663,START,703,elapsed_s,14.4342
sample,real,imag,amplitude,amplitude_norm
703,250,97,268.16,0.98588
704,450,-30,451.00,1.65808
705,116,233,260.28,0.95691
706,-637,416,760.81,2.79708
707,-825,198,848.43,3.11922
708,-211,-197,288.67,1.06128
709,506,-245,562.19,2.06689
710,161,-235,284.86,1.04728
711,-335,60,340.33,1.25122
712,-731,-179,752.60,2.76690
713,-682,81,686.79,2.52498
714,-155,107,188.35,0.69245
715,44,-28,52.15,0.19174
716,-123,128,177.52,0.65264
717,-104,-194,220.12,0.80926
718,1,56,56.01,0.20592
719,-219,-170,277.24,1.01926
720,17,-34,38.01,0.13975
721,-81,355,364.12,1.33869
722,-701,374,794.53,2.92106
723,-1004,240,1032.29,3.79517
724,-547,81,552.96,2.03296
725,-74,-72,103.25,0.37959
726,-118,-193,226.21,0.83167
727,-659,81,663.96,2.44103
728,-978,8,978.03,3.59571
729,-839,42,840.05,3.08842
730,-565,253,619.06,2.27595
731,-484,107,495.69,1.82238
732,-254,-246,353.60,1.29999
733,-253,-622,671.49,2.46870
734,-17,-305,305.47,1.12306
735,-440,-394,590.62,2.17141
736,-439,-321,543.84,1.99941
737,94,-755,760.83,2.79717
738,928,-733,1182.57,4.34769
739,1131,-394,1197.66,4.40317
740,770,351,846.23,3.11113
741,-292,452,538.12,1.97836
742,-289,-123,314.09,1.15473
743,537,-336,633.45,2.32888
744,1131,-67,1132.98,4.16538
745,1338,239,1359.18,4.99698
746,1021,-156,1032.85,3.79724
747,766,-123,775.81,2.85225
748,319,334,461.86,1.69802
749,-50,202,208.10,0.76506
750,162,-22,163.49,0.60106
751,942,-18,942.17,3.46387
752,2473,1338,2811.76,10.33734
753,6616,8406,10697.30,39.32832
754,7899,15802,17666.28,64.94955
755,3158,16458,16758.24,61.61119
756,-5844,8522,10333.29,37.99002
757,-8347,-3831,9184.17,33.76533
758,-1237,-2395,2695.59,9.91025
759,3361,9681,10247.83,37.67586
760,-38,16479,16479.04,60.58472
761,-6036,12454,13839.63,50.88100
762,-3902,2439,4601.56,16.91749
763,263,-3131,3142.03,11.55157
764,3680,-5130,6313.42,23.21111
765,4944,65,4944.43,18.17804
766,2889,3236,4337.97,15.94843
767,744,2816,2912.63,10.70818
768,-1537,151,1544.40,5.67794
769,-1655,-1975,2576.75,9.47335
770,743,-1171,1386.83,5.09863
771,1264,-749,1469.25,5.40166
772,648,-1222,1383.18,5.08522
773,-430,-107,443.11,1.62909
774,-88,590,596.53,2.19311
775,576,14,576.17,2.11827
776,1166,-460,1253.46,4.60830
777,1442,-244,1462.50,5.37683
778,59,362,366.78,1.34844
779,-1374,576,1489.85,5.47739
780,-1670,-207,1682.78,6.18669
781,-674,-1513,1656.33,6.08947
782,-62,-1345,1346.43,4.95010
783,-518,-1223,1328.18,4.88300
784,-996,-698,1216.23,4.47144
785,-2036,-458,2086.88,7.67235
786,-1673,188,1683.53,6.18945
787,-1022,-128,1029.98,3.78671
788,-200,-827,850.84,3.12809
789,47,-1327,1327.83,4.88174
790,-61,-913,915.04,3.36410
791,-308,-661,729.24,2.68101
792,-92,-637,643.61,2.36621
793,-103,-1075,1079.92,3.97031
794,267,-355,444.20,1.63309
795,354,115,372.21,1.36842
796,582,-99,590.36,2.17044
797,-27,-645,645.56,2.37340
798,-369,-760,844.84,3.10604
799,-423,-723,837.65,3.07960
800,95,-370,382.00,1.40442
801,103,-421,433.42,1.59344
802,-219,-307,377.11,1.38642
803,-779,-735,1071.01,3.93754
804,-673,-1238,1409.10,5.18053
805,-465,-918,1029.05,3.78328
806,-395,-688,793.33,2.91665
807,-628,-761,986.66,3.62744
808,-632,-604,874.21,3.21400
809,-366,-1219,1272.76,4.67926
810,347,-924,987.01,3.62871
811,584,-895,1068.68,3.92898
812,802,-890,1198.04,4.40457
813,330,-771,838.65,3.08329
814,-16,-771,771.17,2.83517
815,76,-657,661.38,2.43155
816,443,-300,535.02,1.96699
817,459,-618,769.81,2.83018
818,370,-479,605.26,2.22522
819,-283,-643,702.52,2.58280
820,-453,-901,1008.47,3.70761
821,-574,-817,998.48,3.67089
822,-364,-792,871.64,3.20457
823,-350,-558,658.68,2.42163
824,-255,-128,285.32,1.04898
825,20,66,68.96,0.25354
826,120,-131,177.65,0.65314
827,29,-470,470.89,1.73123
828,24,-939,939.31,3.45333
829,73,-733,736.63,2.70818
830,-70,-756,759.23,2.79130
831,8,-717,717.04,2.63619
832,-24,-416,416.69,1.53195
833,-288,-470,551.22,2.02655
834,-321,-278,424.65,1.56120
835,-471,-528,707.55,2.60128
836,-230,-914,942.49,3.46505
837,-351,-666,752.83,2.76777
838,-277,-708,760.26,2.79507
839,-167,-727,745.93,2.74241
840,165,-425,455.91,1.67612
841,59,-230,237.45,0.87297
842,-345,221,409.71,1.50630
843,-582,-19,582.31,2.14085
844,-431,-305,528.00,1.94118
845,26,-444,444.76,1.63515
846,-8,-448,448.07,1.64732
847,-161,-189,248.28,0.91279
848,-81,-158,177.55,0.65277
849,178,-428,463.54,1.70419
850,451,-407,607.49,2.23344
851,469,-247,530.07,1.94877
852,212,-82,227.31,0.83568
# END
# FRAME,143,RX_TS,911340398764,FP_INDEX,752.1406,FP_INT,752,RXPACC,274,RXPWR,-67.07,STD_NOISE,136.00,NTM,13,NOISE_THRESH,1768.00,PEAK_IDX,754,PEAK_AMPL,18030,START,702,elapsed_s,14.5287
sample,real,imag,amplitude,amplitude_norm
702,-195,67,206.19,0.75252
703,-363,196,412.53,1.50560
704,-133,-93,162.29,0.59230
705,599,-481,768.22,2.80372
706,851,-306,904.34,3.30052
707,411,200,457.08,1.66817
708,-360,334,491.08,1.79225
709,-23,338,338.78,1.23643
710,346,-35,347.77,1.26922
711,834,154,848.10,3.09525
712,788,-4,788.01,2.87595
713,285,-147,320.68,1.17036
714,3,135,135.03,0.49282
715,82,-14,83.19,0.30360
716,214,224,309.79,1.13063
717,80,13,81.05,0.29580
718,215,157,266.22,0.97161
719,-7,44,44.55,0.16260
720,52,-280,284.79,1.03937
721,641,-416,764.16,2.78890
722,1057,-296,1097.66,4.00607
723,555,-24,555.52,2.02744
724,217,158,268.43,0.97966
725,247,295,384.75,1.40420
726,653,-107,661.71,2.41499
727,1086,-116,1092.18,3.98605
728,1012,69,1014.35,3.70201
729,617,-251,666.10,2.43102
730,520,-151,541.48,1.97621
731,320,214,384.96,1.40497
732,458,633,781.31,2.85151
733,156,386,416.33,1.51946
734,575,366,681.60,2.48760
735,560,295,632.95,2.31003
736,176,792,811.32,2.96102
737,-687,922,1149.81,4.19637
738,-957,636,1149.06,4.19366
739,-769,-187,791.41,2.88836
740,252,-432,500.13,1.82528
741,388,98,400.18,1.46053
742,-325,404,518.50,1.89233
743,-980,228,1006.17,3.67216
744,-1215,37,1215.56,4.43636
745,-951,273,989.41,3.61098
746,-734,321,801.12,2.92380
747,-355,-196,405.51,1.47998
748,17,-208,208.69,0.76166
749,-51,41,65.44,0.23882
750,-729,216,760.33,2.77492
751,-2261,-698,2366.29,8.63609
752,-7021,-6578,9621.05,35.11331
753,-10097,-14609,17758.72,64.81287
754,-6124,-16499,17598.88,64.22947
755,3898,-10335,11045.66,40.31263
756,9118,2106,9358.05,34.15348
757,2377,2917,3762.85,13.73302
758,-4460,-8119,9263.36,33.80787
759,-2789,-16444,16678.84,60.87167
760,4012,-14002,14565.44,53.15855
761,3982,-3725,5452.70,19.90037
762,437,2754,2788.46,10.17685
763,-2533,5767,6298.76,22.98817
764,-4873,1162,5009.63,18.28331
765,-3417,-2679,4342.00,15.84670
766,-1337,-2776,3081.19,11.24523
767,1410,-445,1478.56,5.39619
768,2259,1853,2921.76,10.66336
769,-301,1510,1539.71,5.61937
770,-986,866,1312.31,4.78944
771,-422,1327,1392.48,5.08206
772,522,189,555.16,2.02614
773,111,-575,585.62,2.13728
774,-585,-88,591.58,2.15906
775,-991,476,1099.39,4.01237
776,-1267,298,1301.57,4.75027
777,-63,-344,349.72,1.27636
778,1289,-617,1429.06,5.21554
779,1787,98,1789.69,6.53170
780,995,1473,1777.57,6.48748
781,277,1503,1528.31,5.57778
782,709,1178,1374.91,5.01790
783,1028,642,1212.00,4.42336
784,2014,303,2036.67,7.43308
785,1743,-386,1785.23,6.51544
786,1196,-99,1200.09,4.37989
787,591,644,874.08,3.19008
788,366,1417,1463.50,5.34126
789,271,1017,1052.49,3.84120
790,496,837,972.93,3.55082
791,185,616,643.18,2.34737
792,445,1133,1217.26,4.44254
793,-153,515,537.25,1.96075
794,-284,54,289.09,1.05507
795,-527,267,590.78,2.15612
796,32,780,780.66,2.84911
797,434,773,886.50,3.23541
798,686,759,1023.07,3.73384
799,16,435,435.29,1.58866
800,-93,520,528.25,1.92792
801,200,409,455.28,1.66161
802,851,623,1054.67,3.84916
803,915,1134,1457.11,5.31793
804,605,870,1059.68,3.86745
805,504,787,934.55,3.41077
806,808,784,1125.84,4.10891
807,715,519,883.51,3.22448
808,683,1183,1366.01,4.98543
809,-149,1155,1164.57,4.25026
810,-405,1104,1175.94,4.29176
811,-503,1238,1336.28,4.87695
812,-323,868,926.15,3.38011
813,41,773,774.09,2.82513
814,109,691,699.54,2.55308
815,-228,395,456.08,1.66453
816,-211,687,718.67,2.62289
817,-197,619,649.59,2.37077
818,416,590,721.91,2.63471
819,669,900,1121.41,4.09274
820,761,789,1096.19,4.00071
821,554,757,938.06,3.42359
822,499,668,833.80,3.04307
823,315,179,362.31,1.32229
824,63,60,87.00,0.31752
825,-101,192,216.94,0.79177
826,70,412,417.90,1.52520
827,168,918,933.25,3.40601
828,152,801,815.29,2.97553
829,260,779,821.24,2.99724
830,203,849,872.93,3.18588
831,142,470,490.98,1.79191
832,419,475,633.39,2.31165
833,369,296,473.05,1.72646
834,548,439,702.16,2.56262
835,365,929,998.13,3.64281
836,434,691,815.99,2.97806
837,523,744,909.43,3.31909
838,425,766,876.00,3.19709
839,13,494,494.17,1.80354
840,112,255,278.51,1.01647
841,400,-185,440.71,1.60843
842,668,-74,672.09,2.45287
843,557,157,578.70,2.11206
844,238,397,462.87,1.68932
845,199,524,560.51,2.04568
846,289,259,388.07,1.41633
847,172,283,331.17,1.20865
848,-45,538,539.88,1.97036
849,-351,551,653.30,2.38431
850,-398,316,508.19,1.85472
851,-220,155,269.12,0.98219
# END
# FRAME,144,RX_TS,917730187898,FP_INDEX,751.9844,FP_INT,751,RXPACC,279,RXPWR,-67.27,STD_NOISE,160.00,NTM,13,NOISE_THRESH,2080.00,PEAK_IDX,753,PEAK_AMPL,18383,START,701,elapsed_s,14.6358
sample,real,imag,amplitude,amplitude_norm
701,121,11,121.50,0.43548
702,-118,-126,172.63,0.61873
703,-301,-220,372.83,1.33630
704,56,-164,173.30,0.62114
705,723,174,743.64,2.66539
706,784,538,950.84,3.40803
707,14,384,384.26,1.37726
708,-486,-155,510.12,1.82838
709,-245,161,293.17,1.05077
710,299,308,429.26,1.53857
711,409,728,835.02,2.99292
712,483,594,765.59,2.74404
713,281,123,306.74,1.09943
714,-7,38,38.64,0.13849
715,153,65,166.23,0.59582
716,-53,293,297.75,1.06722
717,93,87,127.35,0.45645
718,82,376,384.84,1.37935
719,47,72,85.98,0.30818
720,323,-123,345.63,1.23881
721,726,331,797.90,2.85984
722,833,722,1102.35,3.95107
723,344,522,625.16,2.24070
724,6,297,297.06,1.06473
725,-49,360,363.32,1.30222
726,494,441,662.21,2.37350
727,745,845,1126.52,4.03771
728,569,927,1087.70,3.89856
729,623,368,723.57,2.59344
730,482,284,559.45,2.00518
731,73,377,384.00,1.37635
732,-253,739,781.11,2.79967
733,-205,302,365.01,1.30826
734,38,641,642.13,2.30152
735,86,585,591.29,2.11931
736,-573,484,750.06,2.68837
737,-1123,-143,1132.07,4.05759
738,-1015,-517,1139.08,4.08274
739,-198,-789,813.46,2.91564
740,590,55,592.56,2.12386
741,204,393,442.79,1.58707
742,-549,-70,553.44,1.98367
743,-780,-761,1089.73,3.90586
744,-676,-1052,1250.47,4.48198
745,-711,-677,981.76,3.51885
746,-615,-491,786.96,2.82065
747,-57,-361,365.47,1.30994
748,170,-115,205.24,0.73564
749,-37,-45,58.26,0.20881
750,-573,-614,839.84,3.01017
751,-623,-2567,2641.52,9.46781
752,1927,-10056,10238.97,36.69881
753,7281,-16482,18018.58,64.58273
754,11332,-14115,18101.04,64.87827
755,10991,-1830,11142.31,39.93658
756,3046,9038,9537.48,34.18452
757,-1146,3203,3401.84,12.19298
758,4878,-8588,9876.67,35.40025
759,13119,-11491,17439.93,62.50872
760,14073,-4020,14635.91,52.45844
761,5053,1499,5270.66,18.89124
762,-2354,1877,3010.72,10.79112
763,-6350,849,6406.50,22.96238
764,-3428,-3674,5024.88,18.01034
765,550,-4406,4440.20,15.91468
766,1681,-2545,3050.05,10.93207
767,1179,1097,1610.42,5.77211
768,-286,2881,2895.16,10.37692
769,-1256,573,1380.53,4.94814
770,-1222,-332,1266.30,4.53870
771,-1190,440,1268.74,4.54745
772,281,525,595.47,2.13431
773,542,-231,589.17,2.11173
774,-251,-526,582.82,2.08895
775,-1008,-577,1161.46,4.16294
776,-911,-925,1298.29,4.65335
777,372,-259,453.28,1.62467
778,1302,752,1503.57,5.38912
779,880,1505,1743.39,6.24873
780,-719,1656,1805.35,6.47080
781,-1047,1138,1546.37,5.54254
782,-583,1258,1386.53,4.96963
783,133,1257,1264.02,4.53053
784,889,1995,2184.11,7.82836
785,1226,1380,1845.93,6.61625
786,706,1106,1312.13,4.70296
787,-258,834,872.99,3.12901
788,-918,904,1288.39,4.61787
789,-677,775,1029.05,3.68837
790,-332,974,1029.03,3.68827
791,-275,586,647.32,2.32014
792,-632,924,1119.46,4.01242
793,-462,178,495.10,1.77457
794,-223,-223,315.37,1.13036
795,-601,-287,666.01,2.38713
796,-508,522,728.39,2.61071
797,-282,845,890.81,3.19288
798,-143,1022,1031.96,3.69877
799,-297,221,370.20,1.32689
800,-470,91,478.73,1.71587
801,-212,279,350.41,1.25594
802,-55,1011,1012.49,3.62901
803,-533,1312,1416.13,5.07575
804,-409,985,1066.54,3.82272
805,-320,849,907.30,3.25199
806,-69,1140,1142.09,4.09350
807,87,986,989.83,3.54778
808,-546,1353,1459.02,5.22944
809,-891,592,1069.74,3.83420
810,-1076,234,1101.15,3.94678
811,-1276,13,1276.07,4.57371
812,-854,87,858.42,3.07677
813,-561,507,756.15,2.71023
814,-462,532,704.60,2.52547
815,-415,12,415.17,1.48808
816,-612,111,621.98,2.22934
817,-612,63,615.23,2.20514
818,-305,591,665.06,2.38373
819,-388,1018,1089.43,3.90478
820,-199,1112,1129.67,4.04898
821,-285,877,922.15,3.30518
822,-191,705,730.41,2.61797
823,98,336,350.00,1.25448
824,8,75,75.43,0.27034
825,-132,75,151.82,0.54415
826,-346,385,517.63,1.85531
827,-745,652,990.01,3.54844
828,-618,513,803.18,2.87877
829,-548,523,757.52,2.71512
830,-625,520,813.03,2.91410
831,-330,285,436.03,1.56284
832,-136,576,591.84,2.12128
833,58,468,471.58,1.69025
834,3,729,729.01,2.61293
835,-552,782,957.20,3.43082
836,-338,580,671.30,2.40609
837,-289,760,813.09,2.91431
838,-399,718,821.42,2.94414
839,-414,222,469.77,1.68375
840,-181,133,224.61,0.80506
841,323,160,360.46,1.29196
842,407,493,639.29,2.29138
843,193,625,654.12,2.34452
844,-195,490,527.38,1.89023
845,-309,454,549.18,1.96838
846,-104,323,339.33,1.21624
847,-123,209,242.51,0.86920
848,-563,208,600.19,2.15123
849,-617,-23,617.43,2.21301
850,-452,-201,494.68,1.77303
# END
# FRAME,145,RX_TS,924119932476,FP_INDEX,750.5156,FP_INT,750,RXPACC,278,RXPWR,-67.29,STD_NOISE,156.00,NTM,13,NOISE_THRESH,2028.00,PEAK_IDX,752,PEAK_AMPL,18662,START,700,elapsed_s,14.7372
sample,real,imag,amplitude,amplitude_norm
700,135,-117,178.64,0.64261
701,-118,-283,306.62,1.10293
702,23,-316,316.84,1.13970
703,421,233,481.18,1.73085
704,488,833,965.42,3.47273
705,21,747,747.30,2.68811
706,-223,-102,245.22,0.88209
707,-322,-202,380.12,1.36732
708,28,90,94.25,0.33905
709,22,769,769.31,2.76732
710,-53,900,901.56,3.24302
711,241,467,525.52,1.89036
712,-21,140,141.57,0.50923
713,124,64,139.54,0.50195
714,-61,223,231.19,0.83163
715,-44,127,134.41,0.48348
716,-28,203,204.92,0.73713
717,-32,112,116.48,0.41900
718,110,18,111.46,0.40095
719,449,318,550.20,1.97915
720,479,949,1063.03,3.82386
721,168,867,883.13,3.17672
722,31,377,378.27,1.36069
723,-216,184,283.75,1.02067
724,-7,373,373.07,1.34196
725,304,915,964.18,3.46827
726,-13,1116,1116.08,4.01466
727,269,793,837.38,3.01217
728,234,502,553.86,1.99230
729,5,386,386.03,1.38861
730,-458,321,559.29,2.01183
731,-518,134,535.05,1.92465
732,-237,414,477.04,1.71596
733,-224,618,657.34,2.36454
734,-408,418,584.11,2.10113
735,-906,-354,972.70,3.49893
736,-761,-889,1170.23,4.20947
737,-214,-956,979.66,3.52395
738,564,-107,574.06,2.06496
739,298,519,598.47,2.15277
740,-307,41,309.73,1.11412
741,-397,-816,907.45,3.26421
742,-124,-1157,1163.63,4.18570
743,-81,-1105,1107.96,3.98549
744,-448,-792,909.93,3.27312
745,-57,-567,569.86,2.04985
746,233,-233,329.51,1.18529
747,174,-23,175.51,0.63134
748,-121,-407,424.61,1.52736
749,108,-1452,1456.01,5.23745
750,3117,-4731,5665.51,20.37955
751,11920,-10154,15658.55,56.32571
752,16374,-9185,18774.24,67.53324
753,14698,-1049,14735.39,53.00499
754,2940,8521,9013.94,32.42423
755,-4458,6157,7601.47,27.34343
756,2686,-2287,3527.74,12.68972
757,14451,-5182,15352.02,55.22309
758,16487,803,16506.54,59.37605
759,8564,5056,9945.11,35.77378
760,-441,1515,1577.88,5.67583
761,-5204,-983,5296.03,19.05046
762,-3769,-4371,5771.57,20.76104
763,1548,-4495,4754.09,17.10103
764,3142,-2402,3954.97,14.22650
765,1697,216,1710.69,6.15357
766,-725,2341,2450.70,8.81545
767,-1640,894,1867.84,6.71886
768,-707,-828,1088.78,3.91646
769,-977,-727,1217.81,4.38061
770,-530,109,541.09,1.94638
771,493,454,670.20,2.41078
772,390,-255,465.97,1.67614
773,-401,-893,978.90,3.52123
774,-545,-1283,1393.96,5.01423
775,176,-784,803.51,2.89033
776,776,850,1150.95,4.14009
777,537,1647,1732.33,6.23141
778,-986,1328,1654.02,5.94971
779,-1691,379,1732.95,6.23364
780,-1216,491,1311.39,4.71722
781,-905,854,1244.32,4.47598
782,-403,1681,1728.63,6.21810
783,291,2086,2106.20,7.57626
784,504,1570,1648.91,5.93134
785,-155,1084,1095.03,3.93894
786,-1210,454,1292.37,4.64881
787,-1294,204,1309.98,4.71216
788,-912,565,1072.83,3.85911
789,-464,304,554.72,1.99539
790,-843,472,966.14,3.47534
791,-811,179,830.52,2.98748
792,-207,-203,289.93,1.04290
793,31,-420,421.14,1.51490
794,-468,-170,497.92,1.79108
795,-743,489,889.48,3.19956
796,-652,788,1022.76,3.67901
797,-402,256,476.59,1.71436
798,-377,-142,402.86,1.44912
799,-396,17,396.36,1.42577
800,-304,510,593.73,2.13572
801,-1023,980,1416.66,5.09590
802,-1007,695,1223.55,4.40126
803,-776,534,941.98,3.38843
804,-651,792,1025.21,3.68782
805,-479,857,981.78,3.53158
806,-810,897,1208.60,4.34747
807,-1160,287,1194.98,4.29848
808,-909,-322,964.35,3.46887
809,-1207,-464,1293.11,4.65149
810,-998,-548,1138.56,4.09552
811,-843,-172,860.37,3.09485
812,-696,198,723.62,2.60293
813,-452,-106,464.26,1.67001
814,-470,-189,506.58,1.82222
815,-764,-272,810.97,2.91718
816,-471,40,472.70,1.70034
817,-883,653,1098.22,3.95045
818,-730,665,987.48,3.55210
819,-686,642,939.55,3.37969
820,-656,496,822.41,2.95830
821,-245,361,436.29,1.56938
822,4,182,182.04,0.65483
823,-32,44,54.41,0.19570
824,-224,36,226.87,0.81610
825,-806,186,827.18,2.97548
826,-1048,101,1052.86,3.78725
827,-920,148,931.83,3.35190
828,-824,216,851.84,3.06417
829,-630,13,630.13,2.26667
830,-417,211,467.34,1.68109
831,-363,399,539.42,1.94035
832,-118,515,528.35,1.90052
833,-704,511,869.91,3.12916
834,-704,192,729.71,2.62486
835,-712,459,847.13,3.04722
836,-568,386,686.75,2.47031
837,-589,180,615.89,2.21543
838,-391,-125,410.49,1.47660
839,3,89,89.05,0.32033
840,232,431,489.47,1.76070
841,12,674,674.11,2.42484
842,-251,449,514.39,1.85034
843,-558,287,627.48,2.25713
844,-327,194,380.22,1.36769
845,-219,249,331.61,1.19282
846,-341,56,345.57,1.24305
847,-568,-216,607.68,2.18591
848,-374,-445,581.29,2.09098
849,-171,-410,444.23,1.59795
# END
# FRAME,146,RX_TS,930509795301,FP_INDEX,749.4062,FP_INT,749,RXPACC,265,RXPWR,-67.48,STD_NOISE,132.00,NTM,13,NOISE_THRESH,1716.00,PEAK_IDX,751,PEAK_AMPL,16800,START,699,elapsed_s,14.8352
sample,real,imag,amplitude,amplitude_norm
699,108,137,174.45,0.65830
700,377,106,391.62,1.47781
701,392,246,462.80,1.74640
702,-264,256,367.74,1.38769
703,-848,-29,848.50,3.20187
704,-557,-357,661.59,2.49656
705,348,-184,393.65,1.48547
706,485,-154,508.86,1.92024
707,16,-31,34.89,0.13164
708,-479,-341,587.98,2.21880
709,-570,-469,738.15,2.78546
710,-440,-73,446.01,1.68307
711,-4,-19,19.42,0.07327
712,-25,48,54.12,0.20423
713,-72,-97,120.80,0.45585
714,1,-86,86.01,0.32455
715,-116,-135,177.99,0.67167
716,-89,-143,168.43,0.63560
717,-43,64,77.10,0.29096
718,-368,145,395.54,1.49259
719,-899,-106,905.23,3.41595
720,-637,-304,705.82,2.66348
721,-204,-113,233.21,0.88002
722,51,-186,192.87,0.72779
723,-144,-236,276.46,1.04326
724,-732,-186,755.26,2.85004
725,-799,-577,985.56,3.71910
726,-721,-249,762.79,2.87844
727,-498,-74,503.47,1.89988
728,-247,-158,293.21,1.10646
729,-8,-536,536.06,2.02287
730,176,-504,533.85,2.01451
731,-71,-342,349.29,1.31808
732,-318,-444,546.13,2.06087
733,-32,-480,481.07,1.81534
734,825,-506,967.81,3.65212
735,1205,-71,1207.09,4.55506
736,990,394,1065.52,4.02084
737,-96,564,572.11,2.15891
738,-480,-32,481.07,1.81534
739,208,-257,330.63,1.24764
740,941,182,958.44,3.61675
741,1118,582,1260.42,4.75629
742,995,631,1178.21,4.44609
743,889,130,898.45,3.39040
744,552,331,643.63,2.42881
745,148,426,450.98,1.70180
746,26,126,128.65,0.48549
747,422,81,429.70,1.62152
748,1104,809,1368.68,5.16485
749,2109,4627,5084.98,19.18860
750,1654,13830,13928.55,52.56058
751,-1637,16496,16577.03,62.55481
752,-7064,12542,14394.51,54.31890
753,-8395,-1470,8522.73,32.16125
754,-2788,-6929,7468.87,28.18441
755,403,2690,2720.02,10.26423
756,-3571,13758,14213.89,53.63731
757,-9564,13120,16235.90,61.26755
758,-8866,4507,9945.80,37.53133
759,-1308,-973,1630.21,6.15175
760,3465,-3543,4955.71,18.70080
761,5520,-837,5583.10,21.06829
762,2933,3588,4634.25,17.48772
763,292,3854,3865.05,14.58508
764,-1023,1355,1697.81,6.40683
765,-1445,-1753,2271.79,8.57280
766,82,-1937,1938.73,7.31598
767,1093,-207,1112.43,4.19784
768,1148,-398,1215.03,4.58503
769,235,-700,738.39,2.78639
770,-634,-160,653.88,2.46746
771,-61,147,159.15,0.60058
772,850,100,855.86,3.22967
773,1300,386,1356.10,5.11734
774,557,789,965.80,3.64453
775,-912,168,927.34,3.49941
776,-1478,-584,1589.19,5.99696
777,-506,-1602,1680.01,6.33967
778,557,-1521,1619.78,6.11238
779,310,-1091,1134.19,4.27995
780,-136,-1102,1110.36,4.19004
781,-938,-1199,1522.32,5.74459
782,-1621,-1041,1926.48,7.26973
783,-1323,-358,1370.58,5.17200
784,-632,-461,782.27,2.95196
785,153,-997,1008.67,3.80631
786,483,-1157,1253.77,4.73121
787,125,-1011,1018.70,3.84414
788,80,-517,523.15,1.97416
789,203,-759,785.68,2.96482
790,360,-764,844.57,3.18705
791,331,-51,334.91,1.26380
792,383,275,471.50,1.77925
793,496,-225,544.65,2.05527
794,115,-780,788.43,2.97522
795,-137,-914,924.21,3.48759
796,77,-506,511.83,1.93142
797,389,-152,417.64,1.57601
798,313,-275,416.65,1.57225
799,-150,-475,498.12,1.87970
800,-144,-1312,1319.88,4.98067
801,148,-1152,1161.47,4.38290
802,192,-752,776.12,2.92877
803,-94,-900,904.90,3.41470
804,-240,-800,835.22,3.15179
805,-115,-1013,1019.51,3.84720
806,575,-1103,1243.88,4.69388
807,867,-515,1008.42,3.80536
808,1090,-618,1253.01,4.72832
809,1007,-522,1134.25,4.28021
810,532,-646,836.86,3.15797
811,269,-617,673.09,2.53996
812,404,-266,483.71,1.82531
813,472,-197,511.46,1.93004
814,680,-445,812.67,3.06666
815,306,-343,459.66,1.73456
816,-7,-997,997.02,3.76236
817,-105,-995,1000.52,3.77557
818,-48,-990,991.16,3.74024
819,35,-790,790.77,2.98406
820,-106,-341,357.10,1.34753
821,-106,-71,127.58,0.48144
822,0,-34,34.00,0.12830
823,130,-169,213.22,0.80459
824,398,-737,837.60,3.16075
825,638,-807,1028.73,3.88201
826,508,-584,774.03,2.92086
827,383,-636,742.42,2.80158
828,445,-462,641.46,2.42060
829,75,-401,407.95,1.53945
830,-158,-414,443.13,1.67217
831,-285,-336,440.59,1.66261
832,93,-931,935.63,3.53069
833,313,-765,826.56,3.11908
834,-5,-807,807.02,3.04534
835,84,-680,685.17,2.58554
836,244,-566,616.35,2.32586
837,405,-221,461.37,1.74103
838,21,-14,25.24,0.09524
839,-424,-10,424.12,1.60045
840,-407,-307,509.80,1.92378
841,-159,-333,369.01,1.39250
842,140,-438,459.83,1.73521
843,113,-364,381.14,1.43825
844,24,-287,288.00,1.08680
845,224,-232,322.49,1.21694
846,636,-337,719.77,2.71610
847,669,-64,672.05,2.53605
848,461,94,470.49,1.77542
# END
# FRAME,147,RX_TS,936899581327,FP_INDEX,748.4375,FP_INT,748,RXPACC,264,RXPWR,-67.44,STD_NOISE,136.00,NTM,13,NOISE_THRESH,1768.00,PEAK_IDX,750,PEAK_AMPL,16718,START,698,elapsed_s,14.9399
sample,real,imag,amplitude,amplitude_norm
698,225,-26,226.50,0.85794
699,123,-282,307.66,1.16537
700,217,-319,385.81,1.46140
701,237,303,384.68,1.45712
702,-18,898,898.18,3.40220
703,-338,589,679.09,2.57232
704,-171,-207,268.50,1.01703
705,-139,-438,459.53,1.74063
706,-54,4,54.15,0.20511
707,-312,549,631.46,2.39190
708,-514,611,798.45,3.02442
709,-77,485,491.07,1.86013
710,-48,49,68.59,0.25982
711,62,35,71.20,0.26969
712,-115,105,155.72,0.58986
713,-108,36,113.84,0.43122
714,-81,105,132.61,0.50232
715,-93,62,111.77,0.42338
716,13,88,88.96,0.33695
717,192,506,541.20,2.05001
718,-103,980,985.40,3.73257
719,-248,786,824.20,3.12196
720,-153,323,357.40,1.35381
721,-166,22,167.45,0.63429
722,-208,156,260.00,0.98485
723,-261,833,872.93,3.30656
724,-569,919,1080.89,4.09428
725,-226,759,791.93,2.99974
726,-59,546,549.18,2.08022
727,-140,314,343.80,1.30226
728,-514,44,515.88,1.95409
729,-512,-148,532.96,2.01879
730,-336,157,370.87,1.40481
731,-448,335,559.40,2.11894
732,-532,167,557.60,2.11210
733,-495,-726,878.69,3.32838
734,-72,-1080,1082.40,4.09999
735,334,-950,1007.00,3.81441
736,549,146,568.08,2.15183
737,-51,555,557.34,2.11113
738,-245,-49,249.85,0.94641
739,123,-742,752.13,2.84896
740,555,-990,1134.96,4.29908
741,639,-937,1134.15,4.29601
742,160,-847,861.98,3.26507
743,328,-533,625.84,2.37060
744,376,-40,378.12,1.43228
745,70,69,98.29,0.37231
746,12,-323,323.22,1.22433
747,778,-1007,1272.53,4.82019
748,4359,-1978,4786.79,18.13178
749,13633,-1665,13734.30,52.02385
750,16467,1473,16532.75,62.62405
751,12808,6847,14523.30,55.01250
752,-1127,8460,8534.74,32.32855
753,-7096,3055,7725.69,29.26397
754,2196,-313,2218.19,8.40225
755,13568,3472,14005.19,53.04997
756,13244,9411,16247.17,61.54230
757,4812,9048,10248.01,38.81821
758,-834,1496,1712.77,6.48775
759,-3465,-3260,4757.50,18.02084
760,-968,-5505,5589.46,21.17219
761,3466,-2929,4537.86,17.18887
762,3812,-283,3822.49,14.47913
763,1476,999,1782.30,6.75112
764,-1636,1418,2165.00,8.20075
765,-1992,5,1992.01,7.54548
766,-236,-995,1022.60,3.87350
767,-400,-1148,1215.69,4.60489
768,-645,-459,791.65,2.99867
769,-51,564,566.30,2.14508
770,279,77,289.43,1.09633
771,153,-845,858.74,3.25280
772,337,-1249,1293.67,4.90025
773,715,-502,873.63,3.30920
774,142,1106,1115.08,4.22378
775,-495,1733,1802.31,6.82692
776,-1507,714,1667.59,6.31662
777,-1477,-624,1603.40,6.07350
778,-1154,-342,1203.61,4.55913
779,-1177,222,1197.75,4.53694
780,-1224,1117,1657.07,6.27676
781,-952,1655,1909.27,7.23210
782,-374,1236,1291.35,4.89146
783,-527,485,716.21,2.71291
784,-999,-274,1035.89,3.92384
785,-1152,-374,1211.19,4.58784
786,-981,-4,981.01,3.71594
787,-499,-10,499.10,1.89053
788,-730,-197,756.11,2.86407
789,-747,-374,835.40,3.16438
790,-41,-313,315.67,1.19573
791,274,-274,387.49,1.46778
792,-179,-361,402.94,1.52629
793,-817,0,817.00,3.09470
794,-936,204,957.97,3.62868
795,-550,-11,550.11,2.08375
796,-155,-350,382.79,1.44995
797,-251,-254,357.10,1.35263
798,-453,253,518.86,1.96539
799,-1262,207,1278.86,4.84418
800,-1146,-86,1149.22,4.35311
801,-873,-112,880.16,3.33392
802,-876,162,890.85,3.37445
803,-800,354,874.82,3.31372
804,-1052,356,1110.60,4.20683
805,-1192,-374,1249.30,4.73218
806,-516,-744,905.42,3.42964
807,-645,-965,1160.71,4.39663
808,-499,-914,1041.34,3.94448
809,-558,-494,745.25,2.82292
810,-699,-179,721.56,2.73316
811,-390,-281,480.69,1.82079
812,-150,-395,422.52,1.60046
813,-347,-592,686.20,2.59925
814,-353,-196,403.76,1.52941
815,-1016,62,1017.89,3.85564
816,-968,188,986.09,3.73518
817,-944,164,958.14,3.62932
818,-842,56,843.86,3.19644
819,-393,120,410.91,1.55649
820,-83,191,208.25,0.78884
821,-48,69,84.05,0.31838
822,-179,15,179.63,0.68041
823,-738,-267,784.81,2.97278
824,-791,-499,935.24,3.54259
825,-576,-434,721.20,2.73182
826,-577,-232,621.89,2.35566
827,-468,-241,526.41,1.99397
828,-444,51,446.92,1.69288
829,-505,142,524.58,1.98706
830,-362,231,429.42,1.62661
831,-914,5,914.01,3.46217
832,-797,-262,838.96,3.17788
833,-840,35,840.73,3.18458
834,-687,-64,689.97,2.61354
835,-576,-197,608.76,2.30590
836,-156,-293,331.94,1.25735
837,13,28,30.87,0.11693
838,7,432,432.06,1.63658
839,-309,436,534.39,2.02422
840,-304,173,349.78,1.32492
841,-425,-88,434.01,1.64400
842,-261,-62,268.26,1.01615
843,-247,53,252.62,0.95690
844,-253,-146,292.10,1.10646
845,-329,-512,608.59,2.30528
846,-27,-591,591.62,2.24097
847,94,-427,437.22,1.65615
# END
# FRAME,148,RX_TS,943289377055,FP_INDEX,746.8125,FP_INT,746,RXPACC,280,RXPWR,-67.25,STD_NOISE,168.00,NTM,13,NOISE_THRESH,2184.00,PEAK_IDX,749,PEAK_AMPL,18069,START,696,elapsed_s,15.0384
sample,real,imag,amplitude,amplitude_norm
696,-47,-10,48.05,0.17161
697,129,252,283.10,1.01107
698,223,459,510.30,1.82251
699,-90,239,255.38,0.91209
700,-511,-428,666.56,2.38058
701,-356,-692,778.20,2.77930
702,305,-277,412.01,1.47147
703,460,386,600.50,2.14463
704,376,55,380.00,1.35715
705,-97,-308,322.91,1.15326
706,-30,-724,724.62,2.58793
707,-212,-611,646.73,2.30976
708,-63,-97,115.66,0.41308
709,140,54,150.05,0.53590
710,33,30,44.60,0.15928
711,181,-195,266.06,0.95020
712,-58,-23,62.39,0.22284
713,137,-275,307.24,1.09727
714,60,11,61.00,0.21786
715,-395,13,395.21,1.41148
716,-549,-592,807.38,2.88351
717,-441,-903,1004.93,3.58905
718,-64,-558,561.66,2.00592
719,149,-55,158.83,0.56724
720,235,-213,317.17,1.13273
721,-263,-644,695.63,2.48440
722,-292,-984,1026.41,3.66575
723,-161,-985,998.07,3.56454
724,-303,-511,594.08,2.12171
725,-226,-445,499.10,1.78250
726,212,-339,399.83,1.42797
727,552,-479,730.85,2.61019
728,306,-145,338.62,1.20934
729,305,-600,673.07,2.40383
730,207,-490,531.93,1.89975
731,808,-147,821.26,2.93308
732,1059,606,1220.13,4.35761
733,808,935,1235.75,4.41341
734,-193,797,820.04,2.92870
735,-508,-176,537.62,1.92009
736,71,-333,340.48,1.21602
737,517,398,652.45,2.33018
738,498,1037,1150.38,4.10850
739,291,1346,1377.10,4.91820
740,535,903,1049.59,3.74853
741,562,665,870.67,3.10954
742,10,464,464.11,1.65753
743,-161,104,191.67,0.68453
744,90,139,165.59,0.59140
745,369,911,982.89,3.51034
746,-388,2762,2789.12,9.96114
747,-5901,9197,10927.33,39.02619
748,-13234,13127,18640.20,66.57213
749,-15802,8982,18176.35,64.91552
750,-10308,-2789,10678.64,38.13800
751,1120,-9464,9530.04,34.03587
752,2043,-2029,2879.36,10.28341
753,-8317,6588,10610.10,37.89322
754,-16445,5563,17360.44,62.00158
755,-14256,-1753,14363.37,51.29777
756,-3705,-2936,4727.27,16.88312
757,3037,-693,3115.06,11.12523
758,6253,1843,6518.95,23.28195
759,1659,4864,5139.14,18.35408
760,-2152,3857,4416.74,15.77405
761,-2392,1739,2957.33,10.56188
762,-551,-1375,1481.29,5.29033
763,1350,-2392,2746.66,9.80951
764,1067,17,1067.14,3.81120
765,764,723,1051.87,3.75667
766,880,168,895.89,3.19962
767,-101,-340,354.68,1.26673
768,-457,184,492.65,1.75947
769,355,577,677.46,2.41951
770,794,967,1251.21,4.46861
771,358,1149,1203.48,4.29814
772,-594,-81,599.50,2.14106
773,-848,-1346,1590.86,5.68163
774,181,-1837,1845.90,6.59248
775,1564,-1076,1898.39,6.77995
776,1335,-408,1395.95,4.98555
777,976,-912,1335.78,4.77066
778,364,-1328,1376.98,4.91779
779,-58,-2163,2163.78,7.72778
780,-604,-1451,1571.69,5.61319
781,-208,-905,928.60,3.31641
782,749,-369,834.96,2.98201
783,1520,-384,1567.76,5.59913
784,1030,-512,1150.24,4.10799
785,618,-559,833.31,2.97611
786,498,-210,540.47,1.93024
787,1017,-469,1119.93,3.99976
788,566,166,589.84,2.10657
789,175,281,331.04,1.18228
790,392,421,575.24,2.05444
791,787,-345,859.30,3.06892
792,685,-681,965.91,3.44969
793,552,-674,871.19,3.11141
794,405,113,420.47,1.50167
795,442,141,463.95,1.65695
796,307,-203,368.05,1.31445
797,542,-980,1119.89,3.99962
798,1052,-975,1434.34,5.12264
799,765,-668,1015.60,3.62715
800,584,-616,848.83,3.03153
801,621,-950,1134.96,4.05344
802,429,-923,1017.83,3.63509
803,1190,-971,1535.88,5.48530
804,1110,-21,1110.20,3.96500
805,1174,262,1202.88,4.29600
806,1270,491,1361.61,4.86289
807,994,162,1007.11,3.59684
808,813,-242,848.25,3.02947
809,704,-188,728.67,2.60239
810,413,198,458.01,1.63575
811,799,168,816.47,2.91597
812,722,172,742.20,2.65073
813,620,-549,828.13,2.95761
814,824,-901,1220.97,4.36062
815,573,-955,1113.71,3.97754
816,634,-650,908.00,3.24284
817,465,-467,659.03,2.35366
818,55,-212,219.02,0.78221
819,-9,-31,32.28,0.11529
820,163,18,163.99,0.58568
821,478,-189,514.01,1.83575
822,1037,-280,1074.14,3.83620
823,872,-75,875.22,3.12578
824,688,-213,720.22,2.57220
825,764,-193,788.00,2.81429
826,445,-143,467.41,1.66933
827,386,-397,553.72,1.97757
828,231,-321,395.48,1.41242
829,358,-586,686.70,2.45251
830,963,-524,1096.33,3.91547
831,782,-485,920.19,3.28639
832,708,-516,876.08,3.12887
833,752,-381,843.01,3.01075
834,535,85,541.71,1.93468
835,278,32,279.84,0.99941
836,-169,-235,289.46,1.03378
837,-151,-527,548.21,1.95788
838,195,-454,494.11,1.76467
839,459,-136,478.72,1.70973
840,445,-186,482.31,1.72253
841,189,-257,319.01,1.13934
842,236,-82,249.84,0.89229
843,691,-2,691.00,2.46787
844,707,295,766.08,2.73599
845,388,430,579.18,2.06848
# END
# FRAME,149,RX_TS,949679114912,FP_INDEX,752.5781,FP_INT,752,RXPACC,262,RXPWR,-67.28,STD_NOISE,128.00,NTM,13,NOISE_THRESH,1664.00,PEAK_IDX,754,PEAK_AMPL,17055,START,702,elapsed_s,15.1340
sample,real,imag,amplitude,amplitude_norm
702,-38,102,108.85,0.41545
703,21,347,347.63,1.32685
704,-17,400,400.36,1.52810
705,-203,-83,219.31,0.83707
706,-121,-719,729.11,2.78286
707,219,-627,664.15,2.53491
708,333,136,359.70,1.37291
709,257,501,563.07,2.14913
710,152,95,179.25,0.68414
711,198,-455,496.21,1.89395
712,443,-669,802.38,3.06251
713,99,-562,570.65,2.17807
714,110,-44,118.47,0.45219
715,66,9,66.61,0.25424
716,116,-67,133.96,0.51129
717,226,-89,242.89,0.92707
718,73,-98,122.20,0.46641
719,157,-88,179.98,0.68695
720,52,38,64.40,0.24582
721,-263,-341,430.64,1.64366
722,-78,-947,950.21,3.62674
723,154,-833,847.12,3.23327
724,173,-340,381.48,1.45604
725,227,25,228.37,0.87165
726,269,-137,301.88,1.15220
727,131,-762,773.18,2.95106
728,392,-899,980.75,3.74331
729,237,-822,855.48,3.26521
730,39,-541,542.40,2.07024
731,84,-405,413.62,1.57870
732,441,-238,501.12,1.91269
733,692,24,692.42,2.64281
734,349,-94,361.44,1.37953
735,453,-352,573.68,2.18963
736,505,-240,559.13,2.13408
737,697,556,891.60,3.40304
738,374,1066,1129.70,4.31185
739,29,1091,1091.39,4.16559
740,-462,137,481.88,1.83926
741,-76,-490,495.86,1.89259
742,279,-9,279.15,1.06544
743,151,772,786.63,3.00240
744,-242,1124,1149.76,4.38838
745,-396,1137,1203.99,4.59537
746,73,922,924.89,3.53010
747,-35,630,630.97,2.40829
748,-256,159,301.36,1.15022
749,-95,34,100.90,0.38512
750,68,322,329.10,1.25611
751,-397,1111,1179.80,4.50306
752,-3109,2617,4063.81,15.51073
753,-12150,4490,12953.09,49.43928
754,-16457,2641,16667.57,63.61666
755,-14573,-3152,14909.98,56.90831
756,-2183,-8285,8567.77,32.70142
757,6450,-5082,8211.53,31.34172
758,-635,564,849.31,3.24163
759,-12888,-47,12888.09,49.19117
760,-15067,-5882,16174.44,61.73449
761,-7465,-8222,11105.29,42.38661
762,104,-2176,2178.48,8.31482
763,3819,2091,4353.97,16.61820
764,2744,5132,5819.53,22.21196
765,-2416,3949,4629.43,17.66959
766,-3637,1376,3888.59,14.84195
767,-1920,-296,1942.68,7.41482
768,1103,-1526,1882.89,7.18661
769,2022,-469,2075.68,7.92244
770,396,955,1033.85,3.94598
771,255,1176,1203.33,4.59286
772,646,481,805.40,3.07406
773,160,-540,563.21,2.14964
774,-117,-65,133.84,0.51085
775,140,774,786.56,3.00214
776,35,1286,1286.48,4.91021
777,-566,802,981.61,3.74661
778,-370,-948,1017.65,3.88415
779,125,-1762,1766.43,6.74209
780,1345,-1100,1737.53,6.63181
781,1656,241,1673.44,6.38719
782,1132,142,1140.87,4.35447
783,1141,-495,1243.75,4.74712
784,1074,-1305,1690.12,6.45083
785,905,-1845,2055.01,7.84353
786,247,-1193,1218.30,4.65000
787,487,-458,668.53,2.55164
788,999,214,1021.66,3.89948
789,1388,246,1409.63,5.38027
790,1097,-103,1101.82,4.20544
791,628,-145,644.52,2.46001
792,756,-13,756.11,2.88592
793,954,185,971.77,3.70905
794,207,369,423.10,1.61487
795,-146,396,422.06,1.61090
796,255,561,616.24,2.35204
797,905,66,907.40,3.46337
798,925,-272,964.16,3.68001
799,646,-165,666.74,2.54481
800,274,280,391.76,1.49527
801,364,179,405.63,1.54821
802,432,-275,512.10,1.95459
803,1308,-535,1413.18,5.39383
804,1309,-148,1317.34,5.02802
805,947,-95,951.75,3.63265
806,932,-292,976.67,3.72776
807,907,-524,1047.49,3.99803
808,902,-567,1065.41,4.06644
809,1238,76,1240.33,4.73409
810,723,623,954.39,3.64271
811,945,843,1266.36,4.83345
812,742,908,1172.62,4.47563
813,782,502,929.26,3.54680
814,789,117,797.63,3.04438
815,573,242,622.01,2.37407
816,301,437,530.63,2.02531
817,619,602,863.46,3.29565
818,440,362,569.78,2.17472
819,963,-227,989.39,3.77631
820,1044,-268,1077.85,4.11393
821,932,-289,975.78,3.72435
822,828,-206,853.24,3.25664
823,522,-139,540.19,2.06179
824,167,-171,239.02,0.91229
825,10,62,62.80,0.23970
826,158,111,193.09,0.73700
827,607,120,618.75,2.36163
828,849,307,902.80,3.44581
829,587,293,656.06,2.50406
830,581,144,598.58,2.28465
831,676,255,722.50,2.75762
832,502,30,502.90,1.91945
833,526,-128,541.35,2.06622
834,309,-207,371.93,1.41957
835,770,-165,787.48,3.00565
836,876,115,883.52,3.37220
837,859,-107,865.64,3.30396
838,728,-13,728.12,2.77907
839,642,122,653.49,2.49423
840,285,310,421.10,1.60725
841,162,-16,162.79,0.62133
842,16,-453,453.28,1.73009
843,372,-504,626.42,2.39091
844,469,-200,509.86,1.94604
845,491,87,498.65,1.90324
846,293,110,312.97,1.19453
847,238,-80,251.09,0.95834
848,253,112,276.68,1.05604
849,576,468,742.16,2.83267
850,331,633,714.32,2.72640
851,69,521,525.55,2.00591
# END
# FRAME,150,RX_TS,956068910609,FP_INDEX,750.2187,FP_INT,750,RXPACC,263,RXPWR,-67.21,STD_NOISE,136.00,NTM,13,NOISE_THRESH,1768.00,PEAK_IDX,752,PEAK_AMPL,16871,START,700,elapsed_s,15.2287
sample,real,imag,amplitude,amplitude_norm
700,-150,-30,152.97,0.58164
701,-368,30,369.22,1.40388
702,-293,-162,334.80,1.27301
703,447,-278,526.40,2.00151
704,887,-27,887.41,3.37419
705,509,372,630.45,2.39714
706,-270,268,380.43,1.44649
707,-215,347,408.21,1.55212
708,178,5,178.07,0.67707
709,651,248,696.64,2.64882
710,725,279,776.83,2.95373
711,394,-35,395.55,1.50400
712,53,149,158.15,0.60131
713,22,31,38.01,0.14454
714,154,308,344.35,1.30933
715,120,38,125.87,0.47860
716,211,226,309.19,1.17562
717,52,107,118.97,0.45234
718,112,-147,184.81,0.70268
719,634,-189,661.57,2.51548
720,1095,-26,1095.31,4.16467
721,765,228,798.25,3.03519
722,146,140,202.28,0.76911
723,34,273,275.11,1.04604
724,403,130,423.45,1.61007
725,954,96,958.82,3.64570
726,940,368,1009.47,3.83828
727,689,17,689.21,2.62057
728,497,-17,497.29,1.89084
729,327,176,371.36,1.41200
730,257,635,685.04,2.60470
731,-25,396,396.79,1.50870
732,338,457,568.41,2.16127
733,424,475,636.71,2.42095
734,60,716,718.51,2.73198
735,-789,706,1058.75,4.02568
736,-1023,365,1086.16,4.12990
737,-842,-287,889.57,3.38239
738,261,-452,521.94,1.98458
739,500,129,516.37,1.96340
740,-231,284,366.08,1.39195
741,-941,-6,941.02,3.57802
742,-1089,-291,1127.21,4.28597
743,-989,-137,998.44,3.79636
744,-779,149,793.12,3.01567
745,-378,-156,408.93,1.55485
746,-37,-219,222.10,0.84450
747,-60,-50,78.10,0.29697
748,-591,55,593.55,2.25686
749,-1518,-836,1732.98,6.58928
750,-3845,-6066,7181.95,27.30779
751,-5030,-14840,15669.29,59.57903
752,-1675,-16500,16584.80,63.06008
753,5463,-11019,12298.89,46.76385
754,8291,2825,8759.07,33.30445
755,2612,4965,5610.15,21.33136
756,-1495,-5845,6033.16,22.93978
757,1325,-15357,15414.05,58.60857
758,7214,-13337,15163.03,57.65409
759,6058,-3987,7252.28,27.57520
760,333,1756,1787.30,6.79580
761,-3423,4661,5782.89,21.98818
762,-5073,744,5127.27,19.49531
763,-2891,-3294,4382.73,16.66437
764,-847,-3358,3463.17,13.16796
765,1015,-713,1240.40,4.71635
766,1747,2045,2689.62,10.22668
767,-128,1648,1652.96,6.28503
768,-1063,390,1132.28,4.30527
769,-1059,581,1207.91,4.59281
770,-4,247,247.03,0.93929
771,456,-245,517.65,1.96825
772,-277,-11,277.22,1.05406
773,-1015,223,1039.21,3.95136
774,-1349,-36,1349.48,5.13110
775,-160,-411,441.05,1.67698
776,1477,-247,1497.51,5.69396
777,1788,386,1829.19,6.95510
778,560,1404,1511.56,5.74738
779,-325,1323,1362.33,5.17998
780,324,1288,1328.13,5.04991
781,850,1117,1403.63,5.33701
782,1823,1068,2112.81,8.03349
783,1792,326,1821.41,6.92552
784,1088,73,1090.45,4.14618
785,361,565,670.48,2.54936
786,-206,1376,1391.33,5.29025
787,-80,1295,1297.47,4.93334
788,351,1011,1070.20,4.06919
789,96,492,501.28,1.90600
790,62,998,999.92,3.80199
791,-241,720,759.26,2.88693
792,-348,139,374.73,1.42484
793,-537,-24,537.54,2.04386
794,-263,646,697.48,2.65203
795,158,849,863.58,3.28356
796,438,828,936.71,3.56164
797,-60,385,389.65,1.48155
798,-270,311,411.85,1.56597
799,33,406,407.34,1.54882
800,627,710,947.22,3.60160
801,520,1533,1618.79,6.15510
802,218,1182,1201.94,4.57010
803,198,911,932.27,3.54475
804,558,1093,1227.20,4.66615
805,650,840,1062.12,4.03848
806,511,1229,1331.00,5.06084
807,-322,1124,1169.21,4.44568
808,-661,741,992.98,3.77558
809,-821,919,1232.32,4.68561
810,-610,669,905.35,3.44240
811,-249,747,787.41,2.99394
812,-72,718,721.60,2.74373
813,-302,359,469.13,1.78377
814,-398,492,632.83,2.40618
815,-466,641,792.49,3.01326
816,95,580,587.73,2.23471
817,412,1092,1167.14,4.43778
818,587,948,1115.02,4.23963
819,383,870,950.57,3.61435
820,299,815,868.12,3.30082
821,209,276,346.20,1.31636
822,119,107,160.03,0.60848
823,-43,160,165.68,0.62995
824,-78,257,268.58,1.02120
825,-184,765,786.82,2.99170
826,-284,657,715.75,2.72150
827,-199,598,630.24,2.39636
828,-80,785,789.07,3.00025
829,-120,496,510.31,1.94034
830,137,445,465.61,1.77039
831,227,395,455.58,1.73225
832,374,425,566.13,2.15258
833,138,1024,1033.26,3.92873
834,42,735,736.20,2.79924
835,215,838,865.14,3.28951
836,64,769,771.66,2.93406
837,-172,478,508.00,1.93157
838,-180,284,336.24,1.27847
839,200,16,200.64,0.76289
840,502,94,510.72,1.94192
841,460,437,634.48,2.41248
842,156,465,490.47,1.86491
843,59,530,533.27,2.02766
844,107,288,307.23,1.16819
845,162,308,348.01,1.32322
846,-185,436,473.63,1.80086
847,-555,496,744.34,2.83019
848,-502,149,523.65,1.99105
849,-291,70,299.30,1.13803
# END
# FRAME,151,RX_TS,962458773343,FP_INDEX,748.3125,FP_INT,748,RXPACC,262,RXPWR,-67.35,STD_NOISE,132.00,NTM,13,NOISE_THRESH,1716.00,PEAK_IDX,750,PEAK_AMPL,16615,START,698,elapsed_s,15.3329
sample,real,imag,amplitude,amplitude_norm
698,-73,94,119.02,0.45426
699,37,377,378.81,1.44584
700,-132,366,389.08,1.48502
701,-161,-306,345.77,1.31973
702,58,-798,800.10,3.05384
703,425,-460,626.28,2.39038
704,242,333,411.65,1.57117
705,329,386,507.19,1.93582
706,50,-51,71.42,0.27260
707,360,-480,600.00,2.29008
708,480,-566,742.13,2.83256
709,46,-414,416.55,1.58988
710,103,49,114.06,0.43535
711,-20,-16,25.61,0.09776
712,194,-66,204.92,0.78214
713,150,-72,166.39,0.63506
714,230,-129,263.71,1.00651
715,148,6,148.12,0.56535
716,-61,28,67.12,0.25618
717,-175,-442,475.38,1.81444
718,105,-947,952.80,3.63665
719,335,-680,758.04,2.89328
720,194,-220,293.32,1.11954
721,315,-18,315.51,1.20425
722,254,-297,390.80,1.49160
723,275,-814,859.20,3.27938
724,528,-863,1011.71,3.86148
725,163,-661,680.80,2.59848
726,100,-452,462.93,1.76691
727,228,-223,318.92,1.21727
728,639,-50,640.95,2.44639
729,511,193,546.23,2.08486
730,415,-182,453.15,1.72960
731,488,-355,603.46,2.30330
732,640,-11,640.09,2.44311
733,578,813,997.52,3.80734
734,156,1130,1140.72,4.35388
735,-291,913,958.25,3.65746
736,-477,-160,503.12,1.92030
737,99,-466,476.40,1.81832
738,338,174,380.16,1.45098
739,-17,870,870.17,3.32124
740,-459,1053,1148.69,4.38432
741,-370,1050,1113.28,4.24917
742,16,937,937.14,3.57686
743,-244,511,566.27,2.16132
744,-277,26,278.22,1.06190
745,-146,26,148.30,0.56602
746,-78,525,530.76,2.02581
747,-830,1317,1556.72,5.94169
748,-5302,2592,5901.67,22.52544
749,-14396,2596,14628.19,55.83280
750,-16495,-642,16507.49,63.00568
751,-11747,-6452,13402.25,51.15363
752,2348,-8078,8412.32,32.10810
753,6304,-2522,6789.76,25.91513
754,-4012,676,4068.55,15.52883
755,-14375,-3084,14702.10,56.11488
756,-12916,-8894,15682.04,59.85510
757,-4040,-7733,8724.73,33.30049
758,1250,-812,1490.59,5.68926
759,3927,3515,5270.35,20.11583
760,643,5373,5411.34,20.65396
761,-3501,2836,4505.54,17.19672
762,-3722,473,3751.93,14.32036
763,-1155,-991,1521.88,5.80869
764,1852,-1517,2393.99,9.13737
765,1717,-116,1720.91,6.56837
766,252,813,851.16,3.24870
767,673,1061,1256.44,4.79559
768,472,447,650.07,2.48119
769,-316,-319,449.02,1.71381
770,-387,190,431.13,1.64552
771,46,977,978.08,3.73314
772,-14,1461,1461.07,5.57659
773,-320,596,676.47,2.58196
774,-19,-1142,1142.16,4.35938
775,679,-1809,1932.23,7.37493
776,1589,-757,1760.11,6.71796
777,1400,515,1491.72,5.69358
778,1197,172,1209.29,4.61563
779,1275,-451,1352.41,5.16189
780,1372,-1368,1937.47,7.39494
781,870,-1645,1860.89,7.10265
782,287,-1053,1091.41,4.16569
783,510,-258,571.55,2.18147
784,1044,490,1153.27,4.40180
785,1153,459,1241.00,4.73666
786,1060,-41,1060.79,4.04883
787,551,-18,551.29,2.10418
788,925,184,943.12,3.59971
789,697,409,808.14,3.08450
790,101,413,425.17,1.62279
791,-221,505,551.24,2.10397
792,351,656,744.00,2.83970
793,861,154,874.66,3.33841
794,975,-223,1000.18,3.81747
795,509,71,513.93,1.96156
796,309,375,485.91,1.85461
797,376,236,443.93,1.69438
798,595,-245,643.47,2.45598
799,1355,-184,1367.44,5.21922
800,1164,-1,1164.00,4.44275
801,903,15,903.12,3.44704
802,1029,-159,1041.21,3.97409
803,879,-227,907.84,3.46503
804,1184,-183,1198.06,4.57274
805,1128,457,1217.06,4.64526
806,576,763,956.00,3.64887
807,717,997,1228.05,4.68720
808,520,894,1034.23,3.94745
809,616,472,776.04,2.96199
810,788,203,813.73,3.10583
811,464,388,604.85,2.30858
812,359,489,606.63,2.31539
813,421,719,833.19,3.18011
814,469,170,498.86,1.90404
815,1090,-141,1099.08,4.19497
816,1030,-163,1042.82,3.98022
817,973,-47,974.13,3.71807
818,802,-30,802.56,3.06321
819,310,-80,320.16,1.22197
820,114,-108,157.04,0.59937
821,121,84,147.30,0.56221
822,241,155,286.54,1.09367
823,826,378,908.38,3.46711
824,770,447,890.34,3.39825
825,686,335,763.43,2.91384
826,790,211,817.69,3.12096
827,523,262,584.96,2.23265
828,516,-25,516.61,1.97178
829,517,-108,528.16,2.01588
830,435,-236,494.89,1.88891
831,976,11,976.06,3.72543
832,822,132,832.53,3.17760
833,829,-6,829.02,3.16421
834,662,69,665.59,2.54041
835,526,256,584.99,2.23278
836,238,307,388.45,1.48263
837,87,-87,123.04,0.46961
838,87,-429,437.73,1.67074
839,467,-419,627.42,2.39472
840,503,-165,529.37,2.02050
841,641,-1,641.00,2.44657
842,349,14,349.28,1.33313
843,346,-65,352.05,1.34371
844,439,183,475.62,1.81533
845,498,682,844.47,3.22316
846,143,677,691.94,2.64098
847,16,508,508.25,1.93989
# END
# FRAME,152,RX_TS,968848559291,FP_INDEX,752.6250,FP_INT,752,RXPACC,270,RXPWR,-67.13,STD_NOISE,132.00,NTM,13,NOISE_THRESH,1716.00,PEAK_IDX,754,PEAK_AMPL,18223,START,702,elapsed_s,15.4373
sample,real,imag,amplitude,amplitude_norm
702,-37,-37,52.33,0.19380
703,-215,135,253.87,0.94026
704,-340,48,343.37,1.27175
705,193,-209,284.48,1.05364
706,862,-290,909.47,3.36842
707,710,115,719.25,2.66390
708,-94,323,336.40,1.24593
709,-339,366,498.88,1.84769
710,-20,109,110.82,0.41044
711,632,152,650.02,2.40749
712,832,345,900.69,3.33590
713,574,-97,582.14,2.15607
714,105,106,149.20,0.55260
715,53,-31,61.40,0.22741
716,148,95,175.87,0.65136
717,160,222,273.65,1.01352
718,192,69,204.02,0.75564
719,211,153,260.63,0.96531
720,74,-8,74.43,0.27567
721,351,-337,486.59,1.80219
722,897,-218,923.11,3.41893
723,898,48,899.28,3.33067
724,389,55,392.87,1.45507
725,140,205,248.24,0.91942
726,279,215,352.23,1.30456
727,837,-96,842.49,3.12032
728,1009,125,1016.71,3.76560
729,777,-83,781.42,2.89415
730,450,-84,457.77,1.69546
731,379,81,387.56,1.43540
732,317,421,527.00,1.95186
733,139,613,628.56,2.32801
734,262,329,420.58,1.55769
735,536,370,651.30,2.41223
736,449,419,614.14,2.27457
737,-342,813,882.01,3.26669
738,-954,622,1138.86,4.21800
739,-1037,190,1054.26,3.90468
740,-239,-486,541.59,2.00588
741,459,-228,512.51,1.89818
742,84,303,314.43,1.16455
743,-671,407,784.79,2.90662
744,-1158,10,1158.04,4.28905
745,-1184,-52,1185.14,4.38941
746,-856,375,934.54,3.46125
747,-657,121,668.05,2.47426
748,-208,-271,341.62,1.26526
749,87,-164,185.65,0.68758
750,-287,119,310.69,1.15071
751,-1280,-114,1285.07,4.75951
752,-3500,-2647,4388.24,16.25272
753,-7748,-11636,13979.56,51.77613
754,-6993,-16479,17901.38,66.30141
755,-160,-15237,15237.84,56.43644
756,8144,-3550,8884.10,32.90407
757,6412,5378,8368.79,30.99552
758,-1059,-1150,1563.32,5.79009
759,-3089,-13371,13723.18,50.82658
760,2418,-16243,16421.99,60.82219
761,6477,-8997,11085.92,41.05895
762,2127,-95,2129.12,7.88563
763,-1139,4521,4662.27,17.26767
764,-4517,3778,5888.68,21.80993
765,-4360,-1595,4642.59,17.19477
766,-2152,-3415,4036.50,14.95000
767,-27,-2124,2124.17,7.86730
768,1699,536,1781.54,6.59831
769,948,1533,1802.44,6.67571
770,-476,511,698.35,2.58649
771,-587,748,950.83,3.52158
772,-138,682,695.82,2.57712
773,211,-255,330.98,1.22584
774,-311,-421,523.41,1.93857
775,-814,273,858.56,3.17985
776,-1106,485,1207.67,4.47284
777,-724,144,738.18,2.73401
778,896,-291,942.07,3.48915
779,1958,16,1958.07,7.25209
780,1624,1166,1999.23,7.40457
781,350,1655,1691.60,6.26520
782,245,1254,1277.71,4.73226
783,824,1259,1504.68,5.57288
784,1643,807,1830.49,6.77960
785,2151,279,2169.02,8.03340
786,1381,-237,1401.19,5.18959
787,686,168,706.27,2.61582
788,-31,1083,1083.44,4.01275
789,-23,1426,1426.19,5.28217
790,423,1079,1158.95,4.29242
791,341,596,686.66,2.54317
792,344,782,854.32,3.16414
793,96,839,844.47,3.12768
794,-256,217,335.60,1.24295
795,-360,-169,397.69,1.47294
796,-331,336,471.65,1.74686
797,263,886,924.21,3.42300
798,632,878,1081.81,4.00670
799,326,561,648.84,2.40312
800,-149,375,403.52,1.49451
801,-64,478,482.27,1.78617
802,332,419,534.59,1.97996
803,779,1085,1335.69,4.94700
804,519,1188,1296.42,4.80156
805,392,948,1025.85,3.79944
806,595,956,1126.04,4.17051
807,636,863,1072.04,3.97051
808,735,923,1179.90,4.36998
809,172,1350,1360.91,5.04042
810,-440,848,955.36,3.53835
811,-591,1057,1211.00,4.48520
812,-622,933,1121.33,4.15306
813,-170,790,808.08,2.99290
814,173,775,794.07,2.94102
815,-72,571,575.52,2.13156
816,-318,407,516.50,1.91297
817,-448,668,804.32,2.97896
818,-86,411,419.90,1.55519
819,547,895,1048.92,3.88489
820,617,981,1158.90,4.29222
821,470,921,1033.99,3.82960
822,338,740,813.54,3.01310
823,264,361,447.23,1.65642
824,208,75,221.11,0.81892
825,-39,-2,39.05,0.14463
826,-109,192,220.78,0.81771
827,-10,704,704.07,2.60767
828,-121,969,976.53,3.61676
829,-83,733,737.68,2.73216
830,28,708,708.55,2.62427
831,-74,642,646.25,2.39352
832,188,488,522.96,1.93689
833,380,494,623.25,2.30832
834,384,267,467.70,1.73223
835,358,896,964.87,3.57360
836,28,939,939.42,3.47932
837,325,815,877.41,3.24967
838,244,689,730.93,2.70714
839,53,715,716.96,2.65541
840,-205,383,434.41,1.60893
841,107,99,145.77,0.53990
842,420,-91,429.75,1.59165
843,547,239,596.93,2.21087
844,332,425,539.30,1.99742
845,175,561,587.66,2.17652
846,144,391,416.67,1.54324
847,259,331,420.29,1.55662
848,14,446,446.22,1.65267
849,-354,814,887.64,3.28757
850,-592,457,747.87,2.76990
851,-425,198,468.86,1.73652
# END
# FRAME,153,RX_TS,975238348269,FP_INDEX,750.5312,FP_INT,750,RXPACC,263,RXPWR,-67.25,STD_NOISE,136.00,NTM,13,NOISE_THRESH,1768.00,PEAK_IDX,752,PEAK_AMPL,17391,START,700,elapsed_s,15.5324
sample,real,imag,amplitude,amplitude_norm
700,-60,89,107.34,0.40812
701,42,331,333.65,1.26865
702,25,374,374.83,1.42523
703,-159,-164,228.42,0.86853
704,-146,-820,832.90,3.16691
705,238,-612,656.65,2.49676
706,297,191,353.11,1.34264
707,347,436,557.23,2.11874
708,107,38,113.55,0.43174
709,164,-557,580.64,2.20776
710,293,-691,750.55,2.85381
711,-92,-516,524.14,1.99292
712,52,4,52.15,0.19830
713,52,37,63.82,0.24266
714,151,-29,153.76,0.58464
715,140,-48,148.00,0.56274
716,103,-124,161.20,0.61292
717,131,-112,172.35,0.65533
718,7,-43,43.57,0.16565
719,-285,-323,430.76,1.63787
720,-164,-912,926.63,3.52330
721,126,-802,811.84,3.08683
722,118,-306,327.96,1.24701
723,225,-21,225.98,0.85923
724,241,-226,330.39,1.25623
725,54,-800,801.82,3.04875
726,310,-932,982.20,3.73461
727,14,-730,730.13,2.77618
728,-22,-437,437.55,1.66370
729,106,-297,315.35,1.19905
730,528,-160,551.71,2.09776
731,618,13,618.14,2.35033
732,313,-167,354.76,1.34892
733,391,-398,557.93,2.12140
734,562,-187,592.29,2.25207
735,820,561,993.54,3.77772
736,465,1127,1219.16,4.63559
737,-32,1039,1039.49,3.95244
738,-548,72,552.71,2.10156
739,-115,-517,529.64,2.01382
740,289,81,300.14,1.14120
741,165,877,892.39,3.39311
742,-169,1200,1211.84,4.60776
743,-256,1160,1187.91,4.51678
744,213,1005,1027.32,3.90617
745,-48,646,647.78,2.46304
746,-301,183,352.26,1.33941
747,-118,58,131.48,0.49994
748,60,463,466.87,1.77518
749,-358,1290,1338.75,5.09032
750,-3498,3151,4707.95,17.90096
751,-12541,5618,13741.86,52.25040
752,-16479,3862,16925.50,64.35551
753,-14138,-2573,14370.23,54.63964
754,-1466,-8306,8434.38,32.06989
755,6009,-4897,7751.69,29.47410
756,-1795,984,2047.02,7.78334
757,-13715,729,13734.36,52.22190
758,-15103,-5053,15925.87,60.55465
759,-7210,-7364,10305.95,39.18612
760,380,-1690,1732.20,6.58629
761,4160,2113,4665.87,17.74096
762,2622,5042,5683.01,21.60842
763,-2411,3938,4617.44,17.55681
764,-3567,1478,3861.08,14.68093
765,-1632,-623,1746.87,6.64209
766,1359,-2113,2512.30,9.55247
767,2128,-783,2267.48,8.62160
768,677,828,1069.54,4.06669
769,761,1000,1256.63,4.77806
770,585,242,633.08,2.40714
771,-301,-548,625.22,2.37728
772,-384,95,395.58,1.50409
773,244,954,984.71,3.74414
774,538,1418,1516.63,5.76666
775,259,1008,1040.74,3.95720
776,-91,-743,748.55,2.84620
777,295,-1758,1782.58,6.77787
778,1261,-1319,1824.80,6.93839
779,1564,5,1564.01,5.94680
780,1142,60,1143.58,4.34819
781,1111,-401,1181.15,4.49108
782,869,-1286,1552.08,5.90145
783,380,-1992,2027.92,7.71073
784,-140,-1336,1343.32,5.10766
785,85,-612,617.87,2.34933
786,1044,174,1058.40,4.02434
787,1449,325,1485.00,5.64639
788,1125,-94,1128.92,4.29247
789,620,-132,633.90,2.41025
790,881,26,881.38,3.35127
791,959,171,974.13,3.70390
792,177,269,322.01,1.22437
793,-161,400,431.19,1.63949
794,294,471,555.23,2.11113
795,851,-13,851.10,3.23612
796,984,-445,1079.94,4.10625
797,585,-112,595.62,2.26473
798,389,336,514.02,1.95445
799,534,261,594.37,2.25997
800,459,-183,494.14,1.87884
801,1174,-474,1266.08,4.81398
802,1223,-218,1242.28,4.72349
803,986,-178,1001.94,3.80965
804,1001,-379,1070.35,4.06976
805,853,-410,946.42,3.59855
806,922,-427,1016.08,3.86341
807,1264,138,1271.51,4.83464
808,774,602,980.55,3.72833
809,891,777,1182.21,4.49508
810,686,761,1024.56,3.89565
811,743,415,851.04,3.23590
812,784,68,786.94,2.99218
813,477,320,574.39,2.18401
814,393,445,593.70,2.25740
815,641,624,894.57,3.40141
816,452,148,475.61,1.80842
817,958,-334,1014.55,3.85762
818,940,-409,1025.12,3.89781
819,921,-349,984.91,3.74489
820,768,-193,791.88,3.01095
821,365,-150,394.62,1.50046
822,111,-137,176.32,0.67043
823,73,48,87.37,0.33219
824,209,154,259.61,0.98711
825,719,201,746.57,2.83866
826,944,415,1031.19,3.92089
827,690,327,763.56,2.90328
828,701,124,711.88,2.70678
829,594,185,622.14,2.36556
830,481,-24,481.60,1.83117
831,517,-187,549.78,2.09042
832,330,-288,438.00,1.66540
833,874,-170,890.38,3.38547
834,872,131,881.79,3.35280
835,873,-93,877.94,3.33817
836,729,-9,729.06,2.77207
837,674,172,695.60,2.64487
838,370,377,528.23,2.00849
839,72,61,94.37,0.35881
840,-42,-320,322.74,1.22717
841,284,-462,542.31,2.06201
842,435,-146,458.85,1.74467
843,575,44,576.68,2.19270
844,362,43,364.54,1.38610
845,272,-63,279.20,1.06160
846,312,131,338.39,1.28664
847,609,498,786.69,2.99123
848,345,649,735.00,2.79468
849,100,434,445.37,1.69343
# END
# FRAME,154,RX_TS,981628092693,FP_INDEX,746.2812,FP_INT,746,RXPACC,262,RXPWR,-67.24,STD_NOISE,140.00,NTM,13,NOISE_THRESH,1820.00,PEAK_IDX,748,PEAK_AMPL,16784,START,696,elapsed_s,15.6299
sample,real,imag,amplitude,amplitude_norm
696,-48,146,153.69,0.58660
697,63,357,362.52,1.38365
698,-24,256,257.12,0.98138
699,-183,-403,442.60,1.68933
700,-36,-813,813.80,3.10609
701,311,-485,576.15,2.19904
702,210,367,422.83,1.61387
703,386,349,520.38,1.98619
704,66,-105,124.02,0.47336
705,335,-595,682.83,2.60620
706,309,-659,727.85,2.77804
707,-156,-421,448.97,1.71364
708,34,77,84.17,0.32127
709,-89,15,90.26,0.34449
710,195,-80,210.77,0.80447
711,57,7,57.43,0.21919
712,197,-139,241.10,0.92024
713,154,-27,156.35,0.59675
714,-82,-21,84.65,0.32308
715,-238,-467,524.15,2.00057
716,-37,-1043,1043.66,3.98342
717,126,-702,713.22,2.72221
718,148,-173,227.67,0.86896
719,330,30,331.36,1.26474
720,188,-312,364.26,1.39032
721,143,-872,883.65,3.37270
722,398,-886,971.29,3.70721
723,-14,-687,687.14,2.62268
724,33,-414,415.31,1.58516
725,137,-189,233.43,0.89096
726,618,-159,638.13,2.43560
727,475,45,477.13,1.82109
728,441,-257,510.42,1.94817
729,427,-385,574.94,2.19442
730,634,-109,643.30,2.45535
731,672,846,1080.42,4.12373
732,202,1142,1159.73,4.42644
733,-336,910,970.05,3.70248
734,-409,-101,421.29,1.60796
735,87,-480,487.82,1.86191
736,287,240,374.12,1.42796
737,41,952,952.88,3.63696
738,-382,1144,1206.09,4.60341
739,-251,1056,1085.42,4.14283
740,73,899,901.96,3.44259
741,-228,497,546.80,2.08703
742,-247,42,250.55,0.95628
743,-66,63,91.24,0.34825
744,16,586,586.22,2.23747
745,-752,1427,1613.02,6.15656
746,-5492,3375,6446.14,24.60358
747,-14511,4390,15160.51,57.86456
748,-16491,1393,16549.73,63.16690
749,-11749,-5267,12875.57,49.14339
750,1987,-8180,8417.87,32.12928
751,5575,-2927,6296.66,24.03306
752,-4677,1247,4840.39,18.47476
753,-14890,-1490,14964.36,57.11589
754,-13435,-7364,15320.83,58.47644
755,-4494,-6791,8143.32,31.08139
756,1395,-632,1531.49,5.84537
757,4398,3280,5486.42,20.94053
758,1079,5237,5347.00,20.40840
759,-3198,3132,4476.23,17.08484
760,-3579,782,3663.44,13.98258
761,-1029,-1059,1476.59,5.63584
762,1981,-1748,2641.94,10.08375
763,2001,305,2024.11,7.72562
764,739,1368,1554.85,5.93453
765,1195,1189,1685.75,6.43415
766,555,71,559.52,2.13558
767,-474,-526,708.06,2.70253
768,-470,317,566.91,2.16379
769,123,1257,1263.00,4.82062
770,224,1645,1660.18,6.33657
771,3,588,588.01,2.24430
772,44,-1340,1340.72,5.11726
773,754,-1813,1963.54,7.49442
774,1476,-841,1698.78,6.48390
775,1377,236,1397.08,5.33236
776,1125,-60,1126.60,4.30000
777,1082,-581,1228.12,4.68749
778,995,-1477,1780.89,6.79727
779,347,-1752,1786.03,6.81692
780,8,-1172,1172.03,4.47339
781,477,-379,609.24,2.32533
782,1351,391,1406.44,5.36810
783,1250,362,1301.36,4.96703
784,969,-121,976.53,3.72720
785,547,-97,555.53,2.12036
786,1047,34,1047.55,3.99829
787,676,327,750.94,2.86617
788,11,323,323.19,1.23354
789,-219,439,490.59,1.87249
790,475,387,612.69,2.33853
791,903,7,903.03,3.44667
792,964,-330,1018.92,3.88900
793,428,51,431.03,1.64514
794,344,385,516.30,1.97059
795,470,213,516.01,1.96951
796,495,-320,589.43,2.24972
797,1171,-377,1230.19,4.69539
798,1052,-231,1077.06,4.11093
799,940,-155,952.69,3.63623
800,1066,-376,1130.37,4.31438
801,798,-395,890.41,3.39851
802,1121,-262,1151.21,4.39393
803,1100,389,1166.76,4.45327
804,665,657,934.81,3.56799
805,786,822,1137.31,4.34089
806,687,711,988.68,3.77359
807,772,360,851.81,3.25119
808,763,108,770.61,2.94124
809,375,311,487.18,1.85947
810,333,477,581.74,2.22037
811,517,626,811.89,3.09882
812,476,105,487.44,1.86047
813,1039,-283,1076.85,4.11012
814,890,-378,966.95,3.69063
815,931,-252,964.50,3.68131
816,800,-189,822.02,3.13749
817,279,-261,382.05,1.45821
818,37,-68,77.41,0.29548
819,49,112,122.25,0.46660
820,265,138,298.78,1.14038
821,828,285,875.68,3.34228
822,830,383,914.11,3.48895
823,642,243,686.45,2.62004
824,642,153,659.98,2.51901
825,470,125,486.34,1.85625
826,560,-143,577.97,2.20599
827,528,-131,544.01,2.07637
828,454,-288,537.64,2.05207
829,1007,-34,1007.57,3.84570
830,817,131,827.44,3.15815
831,875,-100,880.70,3.36143
832,721,11,721.08,2.75223
833,548,210,586.86,2.23992
834,282,333,436.36,1.66551
835,-2,-49,49.04,0.18718
836,15,-410,410.27,1.56593
837,240,-454,513.53,1.96005
838,492,-85,499.29,1.90568
839,603,41,604.39,2.30684
840,298,-1,298.00,1.13741
841,268,-88,282.08,1.07663
842,397,260,474.56,1.81130
843,517,577,774.74,2.95701
844,236,590,635.45,2.42538
845,150,418,444.10,1.69503
# END
# FRAME,155,RX_TS,988017955368,FP_INDEX,751.5781,FP_INT,751,RXPACC,290,RXPWR,-67.32,STD_NOISE,144.00,NTM,13,NOISE_THRESH,1872.00,PEAK_IDX,753,PEAK_AMPL,18696,START,701,elapsed_s,15.7395
sample,real,imag,amplitude,amplitude_norm
701,126,56,137.88,0.47546
702,260,-186,319.68,1.10235
703,420,-211,470.02,1.62077
704,62,270,277.03,0.95527
705,-474,749,886.38,3.05650
706,-613,441,755.15,2.60396
707,-46,-238,242.40,0.83588
708,216,-475,521.81,1.79933
709,57,-111,124.78,0.43028
710,-503,218,548.21,1.89038
711,-752,193,776.37,2.67714
712,-378,469,602.37,2.07712
713,-25,107,109.88,0.37890
714,45,45,63.64,0.21945
715,-111,47,120.54,0.41566
716,-195,-47,200.58,0.69167
717,-109,119,161.38,0.55647
718,-162,10,162.31,0.55968
719,-5,92,92.14,0.31771
720,-43,495,496.86,1.71332
721,-568,751,941.61,3.24692
722,-793,547,963.36,3.32192
723,-332,276,431.74,1.48876
724,-94,-129,159.62,0.55040
725,-294,-49,298.06,1.02778
726,-693,557,889.10,3.06586
727,-978,478,1088.56,3.75366
728,-704,591,919.18,3.16960
729,-387,431,579.25,1.99741
730,-326,240,404.82,1.39592
731,-398,-163,430.08,1.48305
732,-375,-447,583.47,2.01196
733,-276,-114,298.62,1.02971
734,-665,-39,666.14,2.29704
735,-597,-107,606.51,2.09142
736,-188,-899,918.45,3.16706
737,582,-1030,1183.06,4.07951
738,943,-718,1185.23,4.08700
739,663,261,712.52,2.45698
740,-191,500,535.24,1.84565
741,-224,-194,296.33,1.02183
742,459,-708,843.77,2.90955
743,1127,-559,1258.02,4.33799
744,1239,-547,1354.37,4.67026
745,747,-757,1063.51,3.66728
746,588,-448,739.22,2.54904
747,365,219,425.66,1.46779
748,75,230,241.92,0.83420
749,215,-210,300.54,1.03635
750,1214,-545,1330.72,4.58870
751,4381,435,4402.54,15.18118
752,12913,6164,14308.75,49.34053
753,15796,12099,19897.22,68.61111
754,9487,14612,17421.64,60.07463
755,-4672,8463,9666.95,33.33432
756,-9157,-1086,9221.17,31.79715
757,727,-110,735.27,2.53543
758,9990,10067,14182.54,48.90533
759,7357,16449,18019.30,62.13551
760,-699,12594,12613.38,43.49443
761,-1891,1813,2619.70,9.03346
762,-1322,-4359,4555.06,15.70710
763,1936,-6189,6484.74,22.36116
764,4940,-1271,5100.89,17.58926
765,4058,2027,4536.09,15.64168
766,1344,2216,2591.72,8.93695
767,-2149,917,2336.47,8.05679
768,-2267,-586,2341.51,8.07418
769,61,-661,663.81,2.28900
770,380,-1130,1192.18,4.11098
771,-79,-1086,1088.87,3.75472
772,-146,255,293.84,1.01324
773,577,462,739.17,2.54886
774,860,-475,982.46,3.38779
775,985,-1135,1502.81,5.18212
776,892,-934,1291.52,4.45351
777,-295,451,538.91,1.85832
778,-1531,1043,1852.51,6.38798
779,-1978,26,1978.17,6.82128
780,-1218,-1218,1722.51,5.93970
781,-751,-902,1173.71,4.04729
782,-1271,-601,1405.93,4.84804
783,-1662,240,1679.24,5.79048
784,-2057,993,2284.14,7.87635
785,-1172,1033,1562.27,5.38712
786,-710,218,742.71,2.56108
787,-436,-997,1088.17,3.75230
788,-595,-1406,1526.72,5.26454
789,-844,-687,1088.26,3.75261
790,-591,-274,651.43,2.24630
791,-449,-575,729.54,2.51565
792,-458,-910,1018.76,3.51295
793,172,-353,392.67,1.35405
794,437,-5,437.03,1.50700
795,256,-563,618.47,2.13265
796,-626,-672,918.40,3.16690
797,-894,-451,1001.32,3.45282
798,-531,-366,644.92,2.22385
799,136,-508,525.89,1.81341
800,-31,-585,585.82,2.02007
801,-399,-210,450.89,1.55479
802,-1248,-439,1322.96,4.56193
803,-1147,-719,1353.72,4.66802
804,-883,-622,1080.08,3.72441
805,-937,-452,1040.32,3.58732
806,-1057,-369,1119.56,3.86054
807,-1056,-395,1127.46,3.88779
808,-856,-1099,1393.03,4.80356
809,27,-999,999.36,3.44609
810,-10,-1284,1284.04,4.42772
811,179,-1185,1198.44,4.13256
812,-192,-904,924.16,3.18677
813,-579,-603,835.97,2.88266
814,-218,-568,608.40,2.09792
815,208,-521,560.99,1.93443
816,177,-877,894.68,3.08511
817,-10,-452,452.11,1.55900
818,-820,-470,945.15,3.25912
819,-1050,-422,1131.63,3.90217
820,-965,-487,1080.92,3.72732
821,-817,-453,934.18,3.22132
822,-567,-185,596.42,2.05661
823,-161,62,172.53,0.59492
824,50,25,55.90,0.19276
825,-10,-163,163.31,0.56313
826,-304,-566,642.47,2.21543
827,-291,-966,1008.88,3.47889
828,-204,-736,763.75,2.63362
829,-421,-642,767.73,2.64734
830,-411,-660,777.51,2.68107
831,-370,-318,487.88,1.68233
832,-559,-190,590.41,2.03589
833,-441,4,441.02,1.52075
834,-717,-506,877.57,3.02610
835,-480,-810,941.54,3.24669
836,-585,-550,802.95,2.76879
837,-495,-460,675.74,2.33014
838,-401,-616,735.02,2.53456
839,117,-553,565.24,1.94911
840,43,-143,149.33,0.51491
841,-229,337,407.44,1.40498
842,-554,205,590.71,2.03694
843,-437,-51,439.97,1.51712
844,-247,-404,473.52,1.63284
845,-228,-278,359.54,1.23979
846,-281,-108,301.04,1.03807
847,-136,-277,308.59,1.06409
848,-107,-861,867.62,2.99180
849,339,-714,790.39,2.72548
850,376,-410,556.31,1.91830
# END
# FRAME,156,RX_TS,994407741244,FP_INDEX,746.5156,FP_INT,746,RXPACC,271,RXPWR,-67.13,STD_NOISE,136.00,NTM,13,NOISE_THRESH,1768.00,PEAK_IDX,748,PEAK_AMPL,18325,START,696,elapsed_s,15.8286
sample,real,imag,amplitude,amplitude_norm
696,-74,-23,77.49,0.28595
697,-351,161,386.16,1.42496
698,-354,-1,354.00,1.30628
699,269,-277,386.12,1.42480
700,844,-334,907.68,3.34939
701,685,104,692.85,2.55664
702,-159,314,351.96,1.29875
703,-255,409,481.98,1.77853
704,52,90,103.94,0.38355
705,670,111,679.13,2.50602
706,861,148,873.63,3.22372
707,517,-225,563.84,2.08059
708,56,71,90.43,0.33368
709,-11,-42,43.42,0.16021
710,114,187,219.01,0.80815
711,153,145,210.79,0.77784
712,278,141,311.71,1.15023
713,199,109,226.90,0.83726
714,61,-62,86.98,0.32095
715,412,-364,549.76,2.02865
716,926,-327,982.04,3.62377
717,855,-61,857.17,3.16300
718,387,22,387.62,1.43035
719,207,216,299.17,1.10396
720,367,127,388.35,1.43304
721,874,-142,885.46,3.26738
722,1010,78,1013.01,3.73803
723,746,-227,779.77,2.87739
724,531,-137,548.39,2.02357
725,343,35,344.78,1.27225
726,359,510,623.68,2.30141
727,152,570,589.92,2.17682
728,353,316,473.78,1.74826
729,561,281,627.44,2.31528
730,363,526,639.10,2.35829
731,-454,872,983.11,3.62770
732,-970,659,1172.68,4.32724
733,-1041,164,1053.84,3.88871
734,-135,-503,520.80,1.92178
735,492,-164,518.61,1.91370
736,33,320,321.70,1.18707
737,-754,330,823.05,3.03710
738,-1165,-3,1165.00,4.29891
739,-1117,31,1117.43,4.12336
740,-839,436,945.52,3.48902
741,-591,104,600.08,2.21432
742,-189,-214,285.51,1.05355
743,41,-67,78.55,0.28985
744,-384,225,445.06,1.64230
745,-1349,-118,1354.15,4.99687
746,-4202,-3318,5354.06,19.75667
747,-8843,-12255,15112.37,55.76520
748,-7563,-16451,18106.20,66.81254
749,107,-14509,14509.40,53.54020
750,8411,-2236,8703.14,32.11490
751,5851,4943,7659.47,28.26372
752,-1899,-2539,3170.60,11.69964
753,-3642,-14250,14708.05,54.27324
754,2373,-16036,16210.63,59.81781
755,5764,-7875,9759.06,36.01130
756,1587,424,1642.66,6.06149
757,-1335,4998,5173.22,19.08938
758,-4588,3392,5705.73,21.05437
759,-4399,-1798,4752.26,17.53603
760,-2350,-3271,4027.65,14.86217
761,123,-1645,1649.59,6.08706
762,1958,868,2141.77,7.90322
763,631,1726,1837.73,6.78128
764,-732,629,965.12,3.56134
765,-721,811,1085.16,4.00426
766,15,592,592.19,2.18520
767,334,-265,426.36,1.57328
768,-321,-304,442.11,1.63138
769,-954,438,1049.74,3.87359
770,-1424,700,1586.75,5.85517
771,-906,399,989.97,3.65302
772,908,-351,973.48,3.59218
773,1997,-81,1998.64,7.37506
774,1549,1089,1893.49,6.98706
775,284,1499,1525.67,5.62976
776,409,966,1049.02,3.87091
777,1017,837,1317.14,4.86030
778,1893,651,2001.81,7.38676
779,2023,162,2029.48,7.48884
780,1252,-155,1261.56,4.65520
781,607,405,729.71,2.69265
782,135,1237,1244.34,4.59168
783,220,1388,1405.33,5.18571
784,666,1078,1267.14,4.67579
785,332,572,661.37,2.44047
786,330,895,953.90,3.51993
787,31,781,781.61,2.88419
788,-197,155,250.67,0.92497
789,-347,-76,355.23,1.31079
790,-137,554,570.69,2.10586
791,446,926,1027.81,3.79265
792,734,783,1073.24,3.96030
793,173,470,500.83,1.84807
794,-267,450,523.25,1.93081
795,-128,593,606.66,2.23859
796,408,402,572.77,2.11355
797,833,1076,1360.76,5.02125
798,572,1050,1195.69,4.41215
799,473,830,955.32,3.52515
800,727,841,1111.67,4.10210
801,769,679,1025.87,3.78549
802,753,977,1233.51,4.55168
803,173,1289,1300.56,4.79911
804,-363,898,968.59,3.57415
805,-490,1135,1236.25,4.56182
806,-562,891,1053.43,3.88721
807,-147,755,769.18,2.83829
808,231,735,770.45,2.84297
809,-87,479,486.84,1.79645
810,-370,431,568.03,2.09606
811,-498,719,874.62,3.22739
812,-55,455,458.31,1.69119
813,627,844,1051.41,3.87975
814,839,768,1137.43,4.19716
815,698,818,1075.33,3.96800
816,490,710,862.67,3.18329
817,363,285,461.51,1.70300
818,254,78,265.71,0.98047
819,35,20,40.31,0.14875
820,-22,229,230.05,0.84891
821,28,812,812.48,2.99809
822,-71,1006,1008.50,3.72141
823,-3,715,715.01,2.63840
824,176,736,756.75,2.79244
825,42,593,594.49,2.19367
826,338,488,593.62,2.19049
827,440,449,628.65,2.31974
828,406,314,513.26,1.89393
829,354,932,996.97,3.67884
830,184,963,980.42,3.61779
831,433,822,929.07,3.42831
832,241,661,703.56,2.59618
833,43,678,679.36,2.50687
834,-147,405,430.85,1.58986
835,247,71,257.00,0.94835
836,482,-111,494.62,1.82515
837,544,206,581.70,2.14649
838,291,373,473.09,1.74570
839,207,510,550.41,2.03103
840,167,239,291.56,1.07588
841,252,232,342.53,1.26395
842,-82,407,415.18,1.53202
843,-338,785,854.67,3.15378
844,-483,467,671.85,2.47914
845,-346,296,455.34,1.68021
# END
# FRAME,157,RX_TS,1000797536808,FP_INDEX,750.3281,FP_INT,750,RXPACC,292,RXPWR,-67.31,STD_NOISE,140.00,NTM,13,NOISE_THRESH,1820.00,PEAK_IDX,752,PEAK_AMPL,19179,START,700,elapsed_s,15.9310
sample,real,imag,amplitude,amplitude_norm
700,31,-189,191.53,0.65591
701,-252,-191,316.20,1.08289
702,-163,-311,351.13,1.20249
703,512,76,517.61,1.77264
704,867,581,1043.67,3.57422
705,250,683,727.32,2.49081
706,-400,-11,400.15,1.37038
707,-495,92,503.48,1.72424
708,82,78,113.17,0.38758
709,381,673,773.36,2.64850
710,388,854,938.01,3.21236
711,480,307,569.78,1.95130
712,-13,73,74.15,0.25393
713,103,74,126.83,0.43434
714,-17,284,284.51,0.97434
715,-26,189,190.78,0.65336
716,100,270,287.92,0.98604
717,52,141,150.28,0.51467
718,169,-33,172.19,0.58970
719,631,189,658.70,2.25581
720,936,721,1181.50,4.04623
721,567,801,981.37,3.36086
722,231,289,369.98,1.26704
723,-51,241,246.34,0.84362
724,212,425,474.94,1.62651
725,768,798,1107.53,3.79292
726,557,1061,1198.32,4.10383
727,681,545,872.23,2.98709
728,436,337,551.06,1.88719
729,168,292,336.88,1.15370
730,-169,609,632.01,2.16443
731,-376,437,576.49,1.97429
732,3,573,573.01,1.96236
733,100,739,745.74,2.55389
734,-201,705,733.09,2.51059
735,-1030,85,1033.50,3.53939
736,-1099,-474,1196.86,4.09884
737,-564,-837,1009.29,3.45647
738,500,-308,587.25,2.01113
739,468,365,593.51,2.03255
740,-283,132,312.27,1.06942
741,-765,-533,932.37,3.19305
742,-733,-1001,1240.68,4.24891
743,-671,-1004,1207.58,4.13556
744,-820,-542,982.94,3.36622
745,-305,-442,537.02,1.83910
746,285,-251,379.77,1.30059
747,151,-14,151.65,0.51934
748,-455,-236,512.56,1.75535
749,-687,-1502,1651.66,5.65636
750,638,-6396,6427.74,22.01281
751,6186,-15570,16753.85,57.37620
752,11022,-16456,19806.17,67.82935
753,13115,-7570,15142.92,51.85933
754,6305,7072,9474.50,32.44693
755,-1154,7451,7539.84,25.82135
756,1763,-4233,4585.46,15.70364
757,11271,-12147,16570.61,56.74866
758,15920,-7242,17489.79,59.89656
759,9648,596,9666.39,33.10408
760,-3,1647,1647.00,5.64042
761,-5596,1721,5854.66,20.05021
762,-5327,-2383,5835.72,19.98534
763,-482,-4879,4902.75,16.79024
764,1809,-3913,4310.92,14.76343
765,1662,-559,1753.49,6.00510
766,498,2635,2681.65,9.18372
767,-956,1646,1903.48,6.51878
768,-1063,-332,1113.64,3.81383
769,-1384,-273,1410.67,4.83106
770,-604,72,608.28,2.08314
771,470,-92,478.92,1.64014
772,-40,-425,426.88,1.46191
773,-960,-664,1167.26,3.99747
774,-1356,-1040,1708.90,5.85239
775,-541,-726,905.40,3.10070
776,940,662,1149.71,3.93738
777,1062,1798,2088.22,7.15143
778,-273,2018,2036.38,6.97391
779,-1176,1143,1639.95,5.61626
780,-703,1081,1289.48,4.41604
781,-277,1503,1528.31,5.23395
782,570,1974,2054.65,7.03646
783,1147,1589,1959.73,6.71139
784,893,806,1202.95,4.11969
785,20,611,611.33,2.09359
786,-1154,901,1464.08,5.01396
787,-1048,1094,1514.97,5.18826
788,-413,1077,1153.47,3.95025
789,-159,496,520.86,1.78377
790,-646,720,967.32,3.31275
791,-733,411,840.36,2.87796
792,-307,-100,322.88,1.10574
793,-286,-409,499.08,1.70916
794,-640,194,668.76,2.29026
795,-530,846,998.31,3.41886
796,-185,1078,1093.76,3.74575
797,-148,417,442.49,1.51536
798,-456,47,458.42,1.56992
799,-457,276,533.88,1.82835
800,64,767,769.67,2.63584
801,-349,1457,1498.22,5.13088
802,-408,1126,1197.64,4.10150
803,-393,910,991.24,3.39464
804,-264,1233,1260.95,4.31831
805,-72,1114,1116.32,3.82303
806,-323,1246,1287.18,4.40817
807,-950,791,1236.20,4.23355
808,-1012,149,1022.91,3.50312
809,-1345,240,1366.24,4.67892
810,-1067,116,1073.29,3.67564
811,-750,449,874.13,2.99359
812,-504,663,832.82,2.85211
813,-583,168,606.72,2.07782
814,-575,-87,581.54,1.99159
815,-778,10,778.06,2.66460
816,-325,320,456.10,1.56198
817,-370,1051,1114.23,3.81584
818,-192,1192,1207.36,4.13481
819,-327,1053,1102.61,3.77604
820,-318,911,964.91,3.30448
821,22,495,495.49,1.69688
822,87,260,274.17,0.93894
823,-47,61,77.01,0.26372
824,-174,77,190.28,0.65163
825,-664,455,804.94,2.75663
826,-816,472,942.68,3.22835
827,-573,484,750.06,2.56869
828,-572,660,873.38,2.99101
829,-467,424,630.77,2.16016
830,-146,570,588.40,2.01507
831,-125,641,653.07,2.23656
832,-31,623,623.77,2.13620
833,-726,1022,1253.62,4.29321
834,-666,720,980.79,3.35888
835,-434,844,949.05,3.25016
836,-407,669,783.08,2.68177
837,-566,387,685.66,2.34814
838,-466,131,484.06,1.65775
839,77,225,237.81,0.81442
840,382,342,512.73,1.75591
841,247,595,644.23,2.20627
842,-153,483,506.65,1.73512
843,-324,466,567.57,1.94372
844,-78,290,300.31,1.02845
845,7,345,345.07,1.18175
846,-401,368,544.27,1.86392
847,-942,193,961.57,3.29304
848,-625,-165,646.41,2.21374
849,-281,-96,296.95,1.01694
# END
# FRAME,158,RX_TS,1007187274513,FP_INDEX,746.5937,FP_INT,746,RXPACC,266,RXPWR,-67.33,STD_NOISE,160.00,NTM,13,NOISE_THRESH,2080.00,PEAK_IDX,748,PEAK_AMPL,17936,START,696,elapsed_s,16.0297
sample,real,imag,amplitude,amplitude_norm
696,-43,35,55.44,0.20843
697,-130,266,296.07,1.11304
698,-246,349,426.99,1.60521
699,-143,-188,236.21,0.88799
700,251,-778,817.49,3.07326
701,474,-543,720.78,2.70970
702,250,229,339.03,1.27455
703,111,576,586.60,2.20526
704,73,154,170.43,0.64070
705,397,-373,544.74,2.04788
706,692,-452,826.54,3.10729
707,298,-548,623.79,2.34506
708,84,-66,106.83,0.40161
709,40,104,111.43,0.41890
710,196,59,204.69,0.76950
711,263,75,273.48,1.02814
712,134,-82,157.10,0.59060
713,208,-25,209.50,0.78758
714,6,17,18.03,0.06777
715,-123,-421,438.60,1.64887
716,352,-833,904.32,3.39970
717,567,-720,916.45,3.44532
718,294,-269,398.49,1.49810
719,226,90,243.26,0.91452
720,324,-24,324.89,1.22138
721,437,-668,798.24,3.00092
722,769,-714,1049.36,3.94496
723,477,-677,828.17,3.11340
724,241,-509,563.17,2.11719
725,287,-298,413.73,1.55538
726,534,87,541.04,2.03399
727,601,346,693.48,2.60707
728,424,59,428.09,1.60934
729,640,-101,647.92,2.43579
730,615,-23,615.43,2.31365
731,457,759,885.96,3.33069
732,-103,1131,1135.68,4.26948
733,-513,935,1066.49,4.00935
734,-532,-53,534.63,2.00990
735,106,-499,510.13,1.91780
736,235,76,246.98,0.92851
737,-168,777,794.95,2.98855
738,-716,887,1139.92,4.28543
739,-822,844,1178.14,4.42911
740,-344,852,918.83,3.45423
741,-389,522,651.00,2.44738
742,-346,25,346.90,1.30414
743,-126,-66,142.24,0.53473
744,-33,267,269.03,1.01140
745,-803,831,1155.58,4.34429
746,-4018,980,4135.79,15.54807
747,-13042,-1408,13117.78,49.31498
748,-16464,-5546,17373.01,65.31206
749,-12249,-9665,15602.89,58.65749
750,1770,-8545,8726.39,32.80599
751,8166,-1594,8320.12,31.27865
752,-914,308,964.50,3.62594
753,-11814,-5882,13197.29,49.61388
754,-11192,-12170,16533.90,62.15751
755,-3019,-10928,11337.35,42.62162
756,1174,-2043,2356.29,8.85825
757,2521,3543,4348.37,16.34724
758,73,5800,5800.46,21.80624
759,-3837,2338,4493.20,16.89172
760,-3799,-515,3833.75,14.41259
761,-1491,-1216,1923.99,7.23304
762,1641,-958,1900.17,7.14350
763,1994,489,2053.08,7.71836
764,113,1153,1158.52,4.35535
765,117,1360,1365.02,5.13167
766,262,816,857.03,3.22192
767,-259,-463,530.52,1.99443
768,-672,-198,700.56,2.63369
769,-391,785,876.99,3.29694
770,-435,1365,1432.64,5.38586
771,-601,998,1164.99,4.37967
772,133,-704,716.45,2.69343
773,991,-1579,1864.22,7.00835
774,1794,-676,1917.14,7.20728
775,1487,798,1687.59,6.34434
776,1103,676,1293.67,4.86343
777,1439,152,1447.01,5.43987
778,1533,-649,1664.72,6.25834
779,1451,-1362,1990.09,7.48153
780,618,-1112,1272.19,4.78267
781,523,-300,602.93,2.26667
782,851,794,1163.89,4.37552
783,1186,968,1530.89,5.75522
784,1065,418,1144.09,4.30110
785,555,229,600.39,2.25710
786,611,453,760.61,2.85944
787,678,592,900.08,3.38377
788,18,463,463.35,1.74192
789,-293,259,391.06,1.47016
790,127,490,506.19,1.90297
791,871,371,946.72,3.55910
792,1081,155,1092.06,4.10547
793,660,162,679.59,2.55485
794,102,424,436.10,1.63946
795,260,417,491.42,1.84743
796,469,54,472.10,1.77481
797,1239,78,1241.45,4.66712
798,1199,365,1253.33,4.71175
799,854,274,896.88,3.37173
800,1011,184,1027.61,3.86319
801,1068,16,1068.12,4.01549
802,1176,-4,1176.01,4.42108
803,1189,629,1345.13,5.05686
804,430,838,941.88,3.54091
805,471,1112,1207.64,4.53999
806,265,1193,1222.08,4.59428
807,515,802,953.12,3.58314
808,710,479,856.47,3.21981
809,412,492,641.72,2.41249
810,-7,548,548.04,2.06032
811,109,865,871.84,3.27760
812,204,498,538.16,2.02317
813,921,174,937.29,3.52366
814,1072,132,1080.10,4.06051
815,1107,149,1116.98,4.19918
816,972,189,990.20,3.72257
817,583,3,583.01,2.19176
818,268,-61,274.85,1.03329
819,78,50,92.65,0.34831
820,127,125,178.20,0.66991
821,504,425,659.27,2.47847
822,606,757,969.68,3.64542
823,495,605,781.70,2.93871
824,644,478,802.01,3.01507
825,564,451,722.15,2.71484
826,464,168,493.48,1.85518
827,643,56,645.43,2.42644
828,472,-146,494.06,1.85739
829,936,320,989.19,3.71876
830,883,708,1131.79,4.25486
831,813,370,893.24,3.35803
832,664,262,713.82,2.68354
833,595,398,715.84,2.69113
834,216,443,492.85,1.85283
835,202,72,214.45,0.80620
836,181,-306,355.52,1.33655
837,468,-227,520.15,1.95544
838,517,75,522.41,1.96395
839,528,296,605.31,2.27560
840,365,215,423.62,1.59254
841,266,39,268.84,1.01069
842,265,306,404.80,1.52180
843,418,793,896.42,3.37001
844,46,723,724.46,2.72354
845,-5,504,504.02,1.89483
# END
# FRAME,159,RX_TS,1013577137132,FP_INDEX,749.6406,FP_INT,749,RXPACC,263,RXPWR,-67.29,STD_NOISE,148.00,NTM,13,NOISE_THRESH,1924.00,PEAK_IDX,751,PEAK_AMPL,17181,START,699,elapsed_s,16.1342
sample,real,imag,amplitude,amplitude_norm
699,-19,88,90.03,0.34231
700,33,315,316.72,1.20427
701,-110,454,467.14,1.77618
702,-211,-70,222.31,0.84528
703,-169,-781,799.08,3.03831
704,196,-669,697.12,2.65065
705,355,137,380.52,1.44684
706,292,401,496.05,1.88612
707,162,98,189.34,0.71991
708,231,-443,499.61,1.89966
709,399,-626,742.35,2.82261
710,23,-574,574.46,2.18426
711,14,-83,84.17,0.32005
712,-6,102,102.18,0.38850
713,162,65,174.55,0.66370
714,177,-6,177.10,0.67339
715,51,-95,107.82,0.40998
716,195,-123,230.55,0.87662
717,74,20,76.66,0.29146
718,-280,-295,406.72,1.54648
719,-116,-876,883.65,3.35987
720,160,-892,906.24,3.44576
721,93,-284,298.84,1.13627
722,182,4,182.04,0.69218
723,302,-125,326.85,1.24276
724,167,-780,797.68,3.03299
725,384,-928,1004.31,3.81867
726,213,-784,812.42,3.08905
727,21,-529,529.42,2.01299
728,88,-361,371.57,1.41282
729,364,-186,408.77,1.55425
730,657,33,657.83,2.50125
731,316,-93,329.40,1.25248
732,564,-370,674.53,2.56477
733,573,-242,622.01,2.36505
734,806,496,946.39,3.59844
735,365,1078,1138.12,4.32744
736,-59,1050,1051.66,3.99869
737,-537,232,584.97,2.22423
738,-167,-438,468.76,1.78235
739,313,-3,313.01,1.19017
740,121,800,809.10,3.07642
741,-236,1125,1149.49,4.37067
742,-429,1142,1219.92,4.63848
743,64,943,945.17,3.59380
744,27,693,693.53,2.63698
745,-222,186,289.62,1.10122
746,-117,38,123.02,0.46774
747,42,306,308.87,1.17441
748,-330,1143,1189.68,4.52352
749,-2938,2474,3840.90,14.60419
750,-11732,4387,12525.40,47.62509
751,-16493,2667,16707.24,63.52563
752,-14730,-3092,15051.03,57.22823
753,-2541,-8156,8542.66,32.48159
754,6461,-5261,8332.03,31.68070
755,-290,503,580.61,2.20765
756,-12561,85,12561.29,47.76155
757,-15135,-5713,16177.35,61.51083
758,-7749,-8398,11426.87,43.44818
759,-10,-2541,2541.02,9.66167
760,3720,2041,4243.12,16.13354
761,2932,5525,6254.78,23.78242
762,-2383,4311,4925.79,18.72924
763,-3889,1318,4106.27,15.61319
764,-2123,-586,2202.39,8.37411
765,1089,-1758,2067.97,7.86299
766,2476,-390,2506.53,9.53052
767,745,1172,1388.74,5.28039
768,464,1142,1232.66,4.68693
769,510,450,680.15,2.58611
770,-261,-362,446.28,1.69688
771,-569,194,601.16,2.28579
772,-115,1048,1054.29,4.00871
773,84,1585,1587.22,6.03507
774,-171,1308,1319.13,5.01570
775,-150,-469,492.40,1.87226
776,329,-1604,1637.39,6.22583
777,1353,-1332,1898.64,7.21916
778,1741,-24,1741.17,6.62040
779,1245,129,1251.67,4.75918
780,1241,-394,1302.04,4.95074
781,1027,-1180,1564.33,5.94802
782,826,-1860,2035.16,7.73825
783,219,-1282,1300.57,4.94514
784,635,-505,811.33,3.08489
785,1253,527,1359.32,5.16850
786,1374,456,1447.69,5.50453
787,1115,-112,1120.61,4.26088
788,691,-115,700.50,2.66351
789,725,171,744.89,2.83229
790,911,312,962.95,3.66139
791,125,366,386.76,1.47056
792,-210,221,304.86,1.15917
793,261,375,456.89,1.73721
794,937,-22,937.26,3.56372
795,890,-318,945.11,3.59356
796,580,-153,599.84,2.28076
797,270,285,392.59,1.49273
798,464,274,538.86,2.04890
799,458,-94,467.55,1.77774
800,1056,-484,1161.63,4.41686
801,1176,-167,1187.80,4.51634
802,967,-123,974.79,3.70643
803,978,-257,1011.20,3.84488
804,935,-472,1047.38,3.98244
805,970,-537,1108.72,4.21568
806,1267,-11,1267.05,4.81767
807,716,589,927.13,3.52522
808,835,929,1249.11,4.74945
809,734,1042,1274.57,4.84626
810,680,598,905.54,3.44312
811,755,118,764.17,2.90557
812,596,306,669.96,2.54739
813,247,492,550.52,2.09323
814,480,721,866.16,3.29340
815,369,400,544.21,2.06923
816,904,-158,917.70,3.48937
817,982,-373,1050.45,3.99412
818,1010,-392,1083.40,4.11941
819,860,-145,872.14,3.31611
820,570,-243,619.64,2.35603
821,177,-217,280.03,1.06476
822,85,-28,89.49,0.34028
823,160,70,174.64,0.66404
824,604,150,622.35,2.36634
825,858,440,964.24,3.66632
826,652,362,745.75,2.83556
827,721,145,735.44,2.79633
828,633,185,659.48,2.50753
829,388,-68,393.91,1.49777
830,494,-269,562.49,2.13875
831,313,-290,426.70,1.62242
832,822,-103,828.43,3.14992
833,992,377,1061.22,4.03507
834,786,70,789.11,3.00042
835,659,-18,659.25,2.50664
836,707,173,727.86,2.76752
837,301,384,487.91,1.85517
838,168,-58,177.73,0.67578
839,-30,-412,413.09,1.57069
840,268,-514,579.67,2.20408
841,442,-123,458.80,1.74447
842,517,128,532.61,2.02513
843,401,18,401.40,1.52625
844,243,-119,270.57,1.02880
845,270,127,298.38,1.13451
846,597,572,826.80,3.14371
847,354,689,774.62,2.94533
848,199,487,526.09,2.00034
# END
# FRAME,160,RX_TS,1019966932123,FP_INDEX,752.5000,FP_INT,752,RXPACC,261,RXPWR,-67.37,STD_NOISE,128.00,NTM,13,NOISE_THRESH,1664.00,PEAK_IDX,754,PEAK_AMPL,16733,START,702,elapsed_s,16.2381
sample,real,imag,amplitude,amplitude_norm
702,-71,69,99.01,0.37933
703,-68,355,361.45,1.38488
704,-143,355,382.72,1.46636
705,-236,-224,325.38,1.24667
706,75,-794,797.53,3.05569
707,394,-558,683.08,2.61717
708,228,267,351.10,1.34522
709,181,547,576.17,2.20754
710,92,99,135.15,0.51781
711,354,-380,519.34,1.98982
712,490,-514,710.14,2.72084
713,102,-513,523.04,2.00399
714,55,-37,66.29,0.25397
715,54,22,58.31,0.22341
716,170,91,192.82,0.73879
717,179,39,183.20,0.70191
718,137,-55,147.63,0.56562
719,223,-54,229.44,0.87910
720,22,-74,77.20,0.29579
721,-137,-413,435.13,1.66716
722,152,-887,899.93,3.44801
723,364,-789,868.92,3.32918
724,227,-238,328.90,1.26014
725,227,85,242.39,0.92871
726,276,-124,302.58,1.15929
727,354,-736,816.71,3.12915
728,578,-825,1007.33,3.85949
729,227,-704,739.69,2.83407
730,146,-478,499.80,1.91494
731,184,-267,324.26,1.24238
732,448,41,449.87,1.72365
733,595,270,653.39,2.50343
734,418,-34,419.38,1.60682
735,570,-248,621.61,2.38166
736,616,-63,619.21,2.37246
737,603,714,934.56,3.58069
738,163,1158,1169.42,4.48052
739,-300,1006,1049.78,4.02214
740,-530,29,530.79,2.03369
741,58,-499,502.36,1.92475
742,244,106,266.03,1.01927
743,6,881,881.02,3.37556
744,-470,1066,1165.01,4.46365
745,-588,1068,1219.17,4.67114
746,-122,943,950.86,3.64314
747,-224,566,608.71,2.33224
748,-310,24,310.93,1.19129
749,-123,-5,123.10,0.47165
750,-44,343,345.81,1.32494
751,-633,1109,1276.94,4.89248
752,-3901,1986,4377.44,16.77181
753,-13109,1745,13224.63,50.66909
754,-16451,-1287,16501.27,63.22324
755,-13088,-6486,14606.98,55.96545
756,479,-8426,8439.60,32.33564
757,7164,-3322,7896.75,30.25573
758,-1470,420,1528.82,5.85756
759,-12921,-2962,13256.16,50.78987
760,-13260,-8980,16014.62,61.35869
761,-5009,-9143,10425.19,39.94325
762,802,-1820,1988.87,7.62019
763,3419,2993,4543.96,17.40982
764,1578,5606,5823.86,22.31363
765,-2845,3260,4326.85,16.57797
766,-3523,595,3572.89,13.68924
767,-1766,-951,2005.78,7.68498
768,1430,-1710,2229.13,8.54071
769,2157,-433,2200.03,8.42924
770,355,911,977.72,3.74607
771,374,1277,1330.64,5.09824
772,549,505,745.94,2.85801
773,7,-665,665.04,2.54803
774,-324,-165,363.59,1.39308
775,-135,758,769.93,2.94992
776,-321,1520,1553.53,5.95220
777,-536,1197,1311.53,5.02501
778,-15,-682,682.16,2.61366
779,616,-1669,1779.05,6.81628
780,1551,-1022,1857.44,7.11663
781,1566,429,1623.70,6.22107
782,1029,343,1084.66,4.15579
783,1215,-157,1225.10,4.69388
784,1236,-967,1569.33,6.01274
785,1124,-1588,1945.54,7.45417
786,399,-1046,1119.52,4.28933
787,475,-240,532.19,2.03904
788,1103,740,1328.24,5.08902
789,1348,676,1508.01,5.77780
790,1036,49,1037.16,3.97379
791,599,-102,607.62,2.32806
792,679,205,709.27,2.71752
793,799,508,946.82,3.62766
794,105,409,422.26,1.61787
795,-313,395,503.98,1.93095
796,163,527,551.63,2.11353
797,879,187,898.67,3.44318
798,952,-41,952.88,3.65089
799,578,85,584.22,2.23838
800,207,358,413.54,1.58443
801,402,383,555.24,2.12736
802,530,-92,537.93,2.06102
803,1352,-197,1366.28,5.23478
804,1302,93,1305.32,5.00122
805,974,74,976.81,3.74256
806,995,-115,1001.62,3.83764
807,995,-238,1023.07,3.91980
808,1055,-208,1075.31,4.11996
809,1240,429,1312.11,5.02725
810,563,744,933.01,3.57475
811,727,1069,1292.78,4.95319
812,551,1079,1211.55,4.64194
813,604,729,946.71,3.62724
814,682,303,746.28,2.85931
815,414,456,615.90,2.35977
816,142,537,555.46,2.12819
817,275,760,808.22,3.09664
818,317,331,458.31,1.75599
819,928,44,929.04,3.55955
820,1004,-126,1011.88,3.87692
821,1002,-84,1005.51,3.85255
822,840,-40,840.95,3.22204
823,536,-121,549.49,2.10532
824,176,-68,188.68,0.72291
825,-50,119,129.08,0.49455
826,114,61,129.29,0.49538
827,576,323,660.38,2.53020
828,768,583,964.22,3.69432
829,577,502,764.81,2.93030
830,576,302,650.37,2.49184
831,539,387,663.54,2.54231
832,499,5,499.03,1.91197
833,625,-243,670.58,2.56926
834,411,-211,462.00,1.77011
835,958,129,966.65,3.70363
836,904,495,1030.65,3.94885
837,765,159,781.35,2.99367
838,602,150,620.41,2.37704
839,606,345,697.32,2.67174
840,250,465,527.94,2.02277
841,105,-53,117.62,0.45064
842,90,-463,471.67,1.80715
843,374,-377,531.04,2.03464
844,372,48,375.08,1.43710
845,436,227,491.55,1.88335
846,335,109,352.29,1.34976
847,385,-49,388.11,1.48699
848,376,182,417.73,1.60051
849,579,692,902.28,3.45700
850,196,717,743.31,2.84792
851,86,467,474.85,1.81936
# END
# FRAME,161,RX_TS,1026356727642,FP_INDEX,747.7344,FP_INT,747,RXPACC,272,RXPWR,-67.35,STD_NOISE,136.00,NTM,13,NOISE_THRESH,1768.00,PEAK_IDX,749,PEAK_AMPL,18087,START,697,elapsed_s,16.3376
sample,real,imag,amplitude,amplitude_norm
697,105,151,183.92,0.67617
698,313,-19,313.58,1.15285
699,411,15,411.27,1.51204
700,-93,292,306.45,1.12666
701,-735,458,866.02,3.18389
702,-707,112,715.82,2.63168
703,126,-309,333.70,1.22685
704,436,-364,567.97,2.08813
705,35,-179,182.39,0.67055
706,-597,29,597.70,2.19744
707,-841,-130,850.99,3.12863
708,-581,229,624.50,2.29596
709,-61,50,78.87,0.28998
710,14,3,14.32,0.05264
711,-63,-104,121.59,0.44704
712,-164,-182,244.99,0.90070
713,-130,8,130.25,0.47885
714,-96,-72,120.00,0.44118
715,4,19,19.42,0.07138
716,-244,449,511.02,1.87873
717,-809,461,931.13,3.42327
718,-871,225,899.59,3.30732
719,-290,41,292.88,1.07678
720,-58,-123,135.99,0.49996
721,-243,-115,268.84,0.98838
722,-852,238,884.62,3.25227
723,-1013,81,1016.23,3.73615
724,-768,255,809.23,2.97510
725,-444,231,500.50,1.84006
726,-414,104,426.86,1.56935
727,-248,-334,416.00,1.52943
728,-80,-591,596.39,2.19261
729,-175,-221,281.90,1.03639
730,-551,-265,611.41,2.24784
731,-429,-315,532.23,1.95672
732,278,-800,846.93,3.11370
733,944,-647,1144.44,4.20750
734,1085,-336,1135.83,4.17586
735,448,497,669.11,2.45998
736,-387,379,541.67,1.99145
737,-94,-217,236.48,0.86943
738,718,-362,804.09,2.95623
739,1216,-3,1216.00,4.47060
740,1298,36,1298.50,4.77389
741,1007,-426,1093.40,4.01986
742,736,-67,739.04,2.71707
743,375,383,536.02,1.97065
744,84,254,267.53,0.98356
745,263,-15,263.43,0.96848
746,1197,12,1197.06,4.40096
747,3493,2158,4105.85,15.09504
748,8568,10496,13549.05,49.81267
749,8729,16019,18242.91,67.06953
750,2093,15662,15801.23,58.09276
751,-7547,5093,9104.72,33.47322
752,-7310,-4850,8772.61,32.25223
753,796,395,888.62,3.26698
754,4485,12681,13450.76,49.45133
755,-577,16495,16505.09,60.68047
756,-5644,10210,11666.14,42.89022
757,-2226,781,2359.03,8.67292
758,882,-4011,4106.83,15.09864
759,4062,-4014,5710.70,20.99520
760,4343,1271,4525.16,16.63663
761,2301,3137,3890.42,14.30302
762,406,2021,2061.38,7.57859
763,-1543,-248,1562.80,5.74560
764,-1126,-1334,1745.69,6.41798
765,463,-471,660.46,2.42817
766,619,-737,962.46,3.53846
767,95,-973,977.63,3.59422
768,-327,174,370.41,1.36181
769,364,552,661.21,2.43092
770,1073,-166,1085.76,3.99178
771,1579,-617,1695.27,6.23260
772,1342,-280,1370.90,5.04007
773,-500,424,655.57,2.41020
774,-1755,526,1832.13,6.73577
775,-1651,-704,1794.83,6.59864
776,-399,-1702,1748.14,6.42700
777,-208,-1250,1267.19,4.65878
778,-778,-1026,1287.62,4.73389
779,-1531,-599,1644.01,6.04415
780,-1988,-209,1998.96,7.34910
781,-1137,229,1159.83,4.26409
782,-616,-291,681.28,2.50469
783,-211,-1174,1192.81,4.38533
784,-289,-1478,1505.99,5.53673
785,-405,-887,975.09,3.58488
786,-195,-392,437.82,1.60964
787,-130,-652,664.83,2.44424
788,23,-893,893.30,3.28418
789,288,-236,372.34,1.36891
790,365,86,374.99,1.37866
791,194,-268,330.85,1.21635
792,-460,-739,870.47,3.20026
793,-595,-688,909.60,3.34411
794,-339,-463,573.84,2.10970
795,148,-377,405.01,1.48901
796,54,-472,475.08,1.74661
797,-301,-300,424.97,1.56240
798,-834,-989,1293.71,4.75627
799,-570,-1144,1278.14,4.69904
800,-368,-850,926.24,3.40530
801,-539,-737,913.07,3.35686
802,-735,-660,987.84,3.63176
803,-774,-751,1078.46,3.96493
804,-347,-1288,1333.92,4.90413
805,409,-834,928.89,3.41504
806,642,-1053,1233.28,4.53411
807,809,-1005,1290.16,4.74323
808,256,-782,822.84,3.02513
809,-144,-748,761.73,2.80050
810,106,-639,647.73,2.38137
811,397,-385,553.02,2.03317
812,560,-580,806.23,2.96407
813,180,-274,327.84,1.20528
814,-458,-719,852.48,3.13412
815,-631,-800,1018.90,3.74596
816,-537,-833,991.09,3.64371
817,-420,-713,827.51,3.04231
818,-388,-416,568.86,2.09139
819,-192,-78,207.24,0.76191
820,86,6,86.21,0.31695
821,118,-90,148.40,0.54561
822,-29,-519,519.81,1.91106
823,55,-869,870.74,3.20125
824,90,-666,672.05,2.47079
825,-86,-661,666.57,2.45063
826,1,-663,663.00,2.43750
827,-195,-380,427.11,1.57027
828,-411,-403,575.61,2.11622
829,-346,-191,395.22,1.45301
830,-312,-742,804.93,2.95929
831,1,-990,990.00,3.63971
832,-194,-660,687.92,2.52912
833,-243,-496,552.33,2.03061
834,-159,-607,627.48,2.30691
835,165,-371,406.04,1.49278
836,-105,-102,146.39,0.53819
837,-412,203,459.30,1.68859
838,-553,-66,556.92,2.04752
839,-228,-276,357.99,1.31616
840,-76,-438,444.54,1.63436
841,-102,-329,344.45,1.26636
842,-274,-163,318.82,1.17213
843,-47,-276,279.97,1.02931
844,279,-803,850.09,3.12532
845,584,-592,831.58,3.05727
846,442,-233,499.65,1.83696
# END
# FRAME,162,RX_TS,1032746523111,FP_INDEX,749.8125,FP_INT,749,RXPACC,290,RXPWR,-67.36,STD_NOISE,140.00,NTM,13,NOISE_THRESH,1820.00,PEAK_IDX,757,PEAK_AMPL,18302,START,699,elapsed_s,16.4396
sample,real,imag,amplitude,amplitude_norm
699,22,-47,51.89,0.17895
700,-171,116,206.63,0.71253
701,-321,271,420.10,1.44861
702,-148,-45,154.69,0.53341
703,549,-628,834.14,2.87634
704,863,-495,994.88,3.43063
705,376,225,438.18,1.51096
706,-225,473,523.79,1.80617
707,66,327,333.59,1.15032
708,396,-82,404.40,1.39449
709,826,-111,833.42,2.87388
710,675,-329,750.91,2.58935
711,196,-169,258.80,0.89241
712,28,105,108.67,0.37472
713,31,75,81.15,0.27984
714,250,215,329.73,1.13702
715,95,-15,96.18,0.33164
716,357,88,367.69,1.26788
717,108,36,113.84,0.39256
718,19,-331,331.54,1.14326
719,646,-628,900.94,3.10670
720,1019,-513,1140.85,3.93395
721,524,-189,557.04,1.92084
722,169,120,207.27,0.71473
723,318,186,368.40,1.27035
724,748,-363,831.43,2.86699
725,1037,-380,1104.43,3.80838
726,939,-372,1010.00,3.48277
727,494,-368,616.00,2.12415
728,416,-228,474.38,1.63581
729,349,161,384.35,1.32533
730,515,632,815.26,2.81124
731,251,273,370.85,1.27879
732,727,186,750.42,2.58764
733,661,169,682.26,2.35263
734,239,795,830.15,2.86258
735,-543,1112,1237.49,4.26722
736,-818,894,1211.76,4.17848
737,-775,-38,775.93,2.67562
738,155,-463,488.26,1.68364
739,398,69,403.94,1.39289
740,-245,574,624.10,2.15207
741,-993,602,1161.23,4.00424
742,-1242,436,1316.31,4.53898
743,-776,686,1035.75,3.57154
744,-502,550,744.65,2.56776
745,-317,3,317.01,1.09315
746,-38,-158,162.51,0.56036
747,-81,118,143.13,0.49354
748,-856,490,986.32,3.40112
749,-2991,-123,2993.53,10.32251
750,-10402,-5304,11676.22,40.26281
751,-14949,-12305,19361.96,66.76539
752,-10391,-15339,18527.22,63.88696
753,2516,-10445,10743.76,37.04744
754,9954,381,9961.29,34.34927
755,1836,1615,2445.22,8.43181
756,-7950,-8270,11471.50,39.55691
757,-7364,-16482,18052.28,62.24924
758,420,-14466,14472.10,49.90378
759,2663,-3605,4481.92,15.45489
760,1552,3572,3894.60,13.42965
761,-883,7008,7063.41,24.35658
762,-4483,2305,5040.86,17.38229
763,-4222,-1735,4564.59,15.73997
764,-2118,-2300,3126.65,10.78154
765,1531,-799,1726.95,5.95501
766,2539,1033,2741.10,9.45206
767,-141,1209,1217.19,4.19722
768,-860,1031,1342.59,4.62964
769,-148,1072,1082.17,3.73161
770,258,-182,315.73,1.08874
771,-262,-570,627.33,2.16321
772,-607,236,651.26,2.24574
773,-830,906,1228.71,4.23694
774,-1030,933,1389.74,4.79222
775,126,-197,233.85,0.80637
776,1648,-977,1915.84,6.60634
777,2308,-295,2326.78,8.02337
778,1634,1193,2023.17,6.97644
779,710,1159,1359.18,4.68684
780,1114,847,1399.43,4.82562
781,1514,241,1533.06,5.28642
782,2342,-309,2362.30,8.14585
783,1512,-673,1655.01,5.70695
784,1126,-96,1130.08,3.89684
785,563,1019,1164.19,4.01444
786,512,1504,1588.76,5.47848
787,581,853,1032.07,3.55886
788,707,423,823.88,2.84096
789,425,435,608.15,2.09708
790,604,901,1084.72,3.74041
791,-99,561,569.67,1.96437
792,-298,121,321.63,1.10906
793,-282,399,488.59,1.68481
794,514,737,898.53,3.09840
795,797,671,1041.85,3.59258
796,752,546,929.31,3.20452
797,-21,451,451.49,1.55686
798,57,542,544.99,1.87927
799,377,317,492.56,1.69849
800,1236,571,1361.52,4.69490
801,1237,1063,1630.99,5.62411
802,872,742,1144.97,3.94816
803,815,573,996.27,3.43541
804,1152,569,1284.86,4.43055
805,1030,403,1106.03,3.81391
806,1091,1161,1593.17,5.49370
807,121,1116,1122.54,3.87083
808,-79,1207,1209.58,4.17097
809,-286,1310,1340.86,4.62364
810,-45,989,990.02,3.41387
811,302,710,771.56,2.66055
812,270,676,727.93,2.51009
813,-124,492,507.39,1.74961
814,-53,817,818.72,2.82316
815,-59,649,651.68,2.24716
816,659,534,848.20,2.92481
817,1005,682,1214.56,4.18813
818,1054,652,1239.36,4.27366
819,758,576,952.02,3.28282
820,596,378,705.76,2.43366
821,302,27,303.20,1.04553
822,46,4,46.17,0.15922
823,21,115,116.90,0.40311
824,174,448,480.60,1.65725
825,378,960,1031.74,3.55772
826,257,910,945.59,3.26067
827,374,679,775.19,2.67306
828,353,685,770.61,2.65726
829,302,375,481.49,1.66030
830,626,305,696.35,2.40120
831,491,177,521.93,1.79976
832,813,516,962.93,3.32043
833,602,1077,1233.83,4.25458
834,442,662,795.99,2.74481
835,526,553,763.21,2.63175
836,480,677,829.90,2.86171
837,-10,498,498.10,1.71759
838,20,258,258.77,0.89232
839,358,-283,456.35,1.57361
840,650,-154,667.99,2.30343
841,552,201,587.46,2.02571
842,222,478,527.04,1.81737
843,318,464,562.51,1.93970
844,430,195,472.15,1.62810
845,212,245,323.99,1.11720
846,159,805,820.55,2.82949
847,-210,807,833.88,2.87543
848,-371,500,622.61,2.14692
# END
# FRAME,163,RX_TS,1039136318573,FP_INDEX,751.4062,FP_INT,751,RXPACC,265,RXPWR,-67.21,STD_NOISE,136.00,NTM,13,NOISE_THRESH,1768.00,PEAK_IDX,753,PEAK_AMPL,17711,START,701,elapsed_s,16.5376
sample,real,imag,amplitude,amplitude_norm
701,-40,148,153.31,0.57853
702,68,396,401.80,1.51621
703,-22,391,391.62,1.47781
704,-204,-308,369.43,1.39408
705,-221,-755,786.68,2.96861
706,227,-561,605.19,2.28372
707,259,246,357.21,1.34795
708,317,259,409.35,1.54473
709,53,-92,106.17,0.40066
710,191,-652,679.40,2.56378
711,184,-713,736.36,2.77871
712,-182,-372,414.14,1.56277
713,89,-3,89.05,0.33604
714,40,57,69.63,0.26277
715,247,-19,247.73,0.93483
716,86,-46,97.53,0.36804
717,155,-213,263.43,0.99407
718,114,-38,120.17,0.45346
719,-59,17,61.40,0.23170
720,-329,-363,489.91,1.84871
721,-193,-897,917.53,3.46237
722,122,-739,749.00,2.82643
723,143,-246,284.54,1.07375
724,341,-92,353.19,1.33280
725,187,-349,395.94,1.49412
726,-79,-820,823.80,3.10867
727,183,-937,954.70,3.60265
728,-122,-613,625.02,2.35858
729,-47,-463,465.38,1.75615
730,40,-288,290.76,1.09722
731,509,-240,562.74,2.12356
732,539,28,539.73,2.03671
733,420,-286,508.13,1.91747
734,417,-497,648.77,2.44818
735,607,-185,634.57,2.39459
736,785,651,1019.82,3.84836
737,536,1026,1157.57,4.36820
738,52,1037,1038.30,3.91812
739,-460,62,464.16,1.75155
740,-20,-435,435.46,1.64324
741,394,139,417.80,1.57660
742,201,943,964.18,3.63843
743,-114,1266,1271.12,4.79669
744,-22,1174,1174.21,4.43097
745,338,910,970.74,3.66318
746,-31,523,523.92,1.97705
747,-218,94,237.40,0.89586
748,-45,68,81.54,0.30770
749,187,541,572.41,2.16003
750,-384,1506,1554.19,5.86485
751,-4327,4194,6025.99,22.73959
752,-13290,7431,15226.42,57.45819
753,-16462,5211,17267.08,65.15878
754,-13023,-2513,13263.25,50.04998
755,-181,-8646,8647.89,32.63356
756,4997,-4351,6625.80,25.00301
757,-3899,2022,4392.12,16.57402
758,-14781,1891,14901.47,56.23196
759,-14986,-4198,15562.88,58.72787
760,-6162,-5825,8479.44,31.99788
761,1185,-847,1456.58,5.49654
762,5380,2614,5981.42,22.57140
763,2810,5229,5936.21,22.40078
764,-2142,3606,4194.21,15.82721
765,-3168,1404,3465.18,13.07613
766,-1272,-597,1405.13,5.30238
767,1362,-1951,2379.38,8.97879
768,1612,-459,1676.07,6.32481
769,394,851,937.78,3.53880
770,525,882,1026.43,3.87330
771,216,57,223.39,0.84300
772,-517,-298,596.74,2.25183
773,-398,197,444.09,1.67580
774,234,759,794.25,2.99718
775,492,1261,1353.58,5.10786
776,125,828,837.38,3.15993
777,-366,-919,989.20,3.73283
778,-13,-1885,1885.04,7.11338
779,1256,-1307,1812.67,6.84028
780,1562,-68,1563.48,5.89992
781,1166,-215,1185.66,4.47417
782,933,-660,1142.84,4.31261
783,849,-1579,1792.77,6.76519
784,411,-1662,1712.06,6.46062
785,127,-1029,1036.81,3.91248
786,643,-356,734.97,2.77348
787,1350,143,1357.55,5.12284
788,1185,60,1186.52,4.47743
789,866,-336,928.90,3.50528
790,468,-210,512.96,1.93568
791,943,-103,948.61,3.57965
792,759,235,794.55,2.99829
793,48,273,277.19,1.04599
794,-146,369,396.83,1.49749
795,446,112,459.85,1.73527
796,884,-263,922.29,3.48035
797,842,-458,958.50,3.61699
798,458,-12,458.16,1.72889
799,463,296,549.53,2.07370
800,556,170,581.41,2.19399
801,493,-407,639.29,2.41243
802,1247,-701,1430.53,5.39822
803,1205,-467,1292.33,4.87671
804,924,-316,976.54,3.68506
805,929,-483,1047.06,3.95116
806,675,-497,838.23,3.16314
807,1011,-492,1124.36,4.24287
808,1121,176,1134.73,4.28201
809,793,525,951.04,3.58882
810,1097,708,1305.63,4.92691
811,889,664,1109.60,4.18718
812,811,329,875.19,3.30261
813,777,-36,777.83,2.93522
814,470,306,560.84,2.11636
815,503,368,623.24,2.35186
816,640,450,782.37,2.95233
817,413,-55,416.65,1.57225
818,856,-458,970.82,3.66349
819,862,-488,990.55,3.73792
820,820,-289,869.44,3.28089
821,745,-344,820.59,3.09655
822,304,-315,437.77,1.65196
823,113,-119,164.10,0.61926
824,116,76,138.68,0.52332
825,240,94,257.75,0.97265
826,784,75,787.58,2.97200
827,862,135,872.51,3.29248
828,712,105,719.70,2.71585
829,773,48,774.49,2.92260
830,531,172,558.16,2.10627
831,435,-266,509.88,1.92409
832,447,-313,545.69,2.05921
833,386,-268,469.91,1.77326
834,1133,-73,1135.35,4.28434
835,948,137,957.85,3.61452
836,809,-208,835.31,3.15212
837,705,-111,713.68,2.69315
838,552,168,577.00,2.17736
839,336,218,400.52,1.51141
840,21,-178,179.23,0.67636
841,-4,-461,461.02,1.73969
842,438,-398,591.82,2.23327
843,491,-65,495.28,1.86900
844,600,-94,607.32,2.29177
845,358,-137,383.32,1.44648
846,318,-144,349.08,1.31730
847,460,176,492.52,1.85857
848,755,527,920.74,3.47447
849,385,566,684.53,2.58313
850,185,459,494.88,1.86747
# END
# FRAME,164,RX_TS,1045526104291,FP_INDEX,753.7500,FP_INT,753,RXPACC,268,RXPWR,-67.49,STD_NOISE,128.00,NTM,13,NOISE_THRESH,1664.00,PEAK_IDX,755,PEAK_AMPL,17583,START,703,elapsed_s,16.6297
sample,real,imag,amplitude,amplitude_norm
703,71,14,72.37,0.27003
704,177,-198,265.58,0.99097
705,224,-338,405.49,1.51301
706,174,144,225.86,0.84276
707,-158,829,843.92,3.14896
708,-411,692,804.85,3.00318
709,-232,-64,240.67,0.89801
710,20,-458,458.44,1.71058
711,-61,-110,125.78,0.46933
712,-268,404,484.81,1.80899
713,-648,507,822.77,3.07004
714,-321,603,683.12,2.54895
715,0,259,259.00,0.96642
716,84,-53,99.32,0.37061
717,-18,-39,42.95,0.16027
718,-223,-41,226.74,0.84604
719,-83,109,137.00,0.51121
720,-265,85,278.30,1.03843
721,-10,53,53.94,0.20125
722,236,411,473.94,1.76842
723,-203,850,873.90,3.26084
724,-493,813,950.80,3.54776
725,-264,399,478.43,1.78519
726,-171,-9,171.24,0.63894
727,-242,3,242.02,0.90305
728,-361,644,738.28,2.75478
729,-713,802,1073.11,4.00416
730,-523,684,861.04,3.21283
731,-169,472,501.34,1.87068
732,-204,351,405.98,1.51484
733,-361,-19,361.50,1.34888
734,-613,-217,650.28,2.42640
735,-313,-41,315.67,1.17789
736,-565,162,587.77,2.19316
737,-512,94,520.56,1.94238
738,-391,-604,719.51,2.68475
739,159,-1075,1086.69,4.05483
740,505,-985,1106.91,4.13026
741,706,-104,713.62,2.66276
742,37,534,535.28,1.99731
743,-250,16,250.51,0.93474
744,161,-681,699.77,2.61109
745,728,-827,1101.78,4.11111
746,900,-800,1204.16,4.49313
747,403,-838,929.87,3.46965
748,389,-649,756.65,2.82333
749,345,-87,355.80,1.32761
750,197,156,251.29,0.93764
751,158,-112,193.67,0.72265
752,760,-766,1079.05,4.02632
753,3260,-1073,3432.04,12.80614
754,11956,747,11979.31,44.69893
755,16479,4873,17184.40,64.12090
756,13524,9143,16324.61,60.91274
757,326,9354,9359.68,34.92418
758,-8329,2787,8782.92,32.77208
759,-755,-475,891.99,3.32833
760,11076,4819,12078.93,45.07063
761,12295,11567,16880.83,62.98819
762,4460,11684,12506.30,46.66529
763,-812,2888,2999.98,11.19396
764,-2571,-3227,4125.96,15.39538
765,-1166,-6401,6506.33,24.27736
766,3240,-2966,4392.58,16.39022
767,3672,488,3704.29,13.82196
768,2039,1381,2462.66,9.18902
769,-1121,1124,1587.46,5.92334
770,-2201,-54,2201.66,8.21516
771,-318,-761,824.77,3.07750
772,72,-978,980.65,3.65913
773,-178,-798,817.61,3.05079
774,235,273,360.21,1.34408
775,707,387,805.99,3.00742
776,499,-308,586.40,2.18806
777,482,-1012,1120.92,4.18255
778,730,-1090,1311.87,4.89503
779,13,420,420.20,1.56791
780,-890,1681,1902.07,7.09727
781,-1746,1131,2080.31,7.76234
782,-1630,-566,1725.47,6.43833
783,-986,-725,1223.85,4.56662
784,-1248,-190,1262.38,4.71037
785,-1350,633,1491.04,5.56357
786,-1604,1296,2062.14,7.69456
787,-725,1075,1296.63,4.83817
788,-636,278,694.10,2.58994
789,-727,-818,1094.37,4.08348
790,-994,-955,1378.43,5.14338
791,-891,-349,956.91,3.57057
792,-620,-59,622.80,2.32388
793,-566,-225,609.08,2.27269
794,-736,-555,921.80,3.43956
795,-15,-402,402.28,1.50104
796,366,-53,369.82,1.37992
797,152,-329,362.42,1.35230
798,-723,-277,774.25,2.88898
799,-933,-160,946.62,3.53216
800,-685,-136,698.37,2.60586
801,-68,-323,330.08,1.23164
802,-136,-371,395.14,1.47441
803,-351,1,351.00,1.30971
804,-1089,49,1090.10,4.06754
805,-1304,-284,1334.57,4.97973
806,-975,-218,999.07,3.72789
807,-925,-145,936.30,3.49364
808,-1024,69,1026.32,3.82956
809,-987,177,1002.75,3.74159
810,-1161,-553,1285.97,4.79841
811,-338,-947,1005.51,3.75191
812,-346,-1163,1213.38,4.52753
813,-239,-1242,1264.79,4.71935
814,-388,-775,866.70,3.23396
815,-654,-409,771.36,2.87821
816,-392,-439,588.54,2.19606
817,-49,-453,455.64,1.70016
818,-261,-626,678.23,2.53071
819,-198,-296,356.12,1.32880
820,-796,-55,797.90,2.97723
821,-906,-8,906.04,3.38073
822,-805,-12,805.09,3.00407
823,-682,-122,692.83,2.58517
824,-586,27,586.62,2.18889
825,-207,145,252.73,0.94303
826,-9,-48,48.84,0.18223
827,-27,-133,135.71,0.50639
828,-397,-239,463.39,1.72907
829,-598,-611,854.94,3.19008
830,-484,-573,750.06,2.79872
831,-547,-404,680.02,2.53738
832,-433,-484,649.42,2.42321
833,-346,-167,384.19,1.43356
834,-613,-22,613.39,2.28879
835,-436,93,445.81,1.66346
836,-796,-270,840.55,3.13636
837,-830,-691,1079.99,4.02982
838,-717,-291,773.80,2.88732
839,-626,-199,656.87,2.45100
840,-489,-322,585.50,2.18468
841,-67,-365,371.10,1.38470
842,-66,42,78.23,0.29190
843,-75,431,437.48,1.63238
844,-447,286,530.66,1.98009
845,-463,-80,469.86,1.75321
846,-459,-262,528.51,1.97206
847,-441,-198,483.41,1.80377
848,-365,-32,366.40,1.36716
849,-170,-190,254.95,0.95131
850,-351,-651,739.60,2.75969
851,-20,-745,745.27,2.78085
852,124,-575,588.22,2.19485
# END
# FRAME,165,RX_TS,1051915899197,FP_INDEX,746.6562,FP_INT,746,RXPACC,265,RXPWR,-67.36,STD_NOISE,136.00,NTM,13,NOISE_THRESH,1768.00,PEAK_IDX,748,PEAK_AMPL,16868,START,696,elapsed_s,16.7248
sample,real,imag,amplitude,amplitude_norm
696,103,58,118.21,0.44607
697,139,-200,243.56,0.91909
698,200,-312,370.60,1.39849
699,249,190,313.21,1.18193
700,-6,876,876.02,3.30574
701,-276,761,809.50,3.05473
702,-304,-108,322.61,1.21741
703,-95,-444,454.05,1.71339
704,-69,-94,116.61,0.44002
705,-221,425,479.03,1.80765
706,-519,616,805.49,3.03959
707,-218,612,649.67,2.45158
708,-21,140,141.57,0.53421
709,48,-8,48.66,0.18363
710,-84,61,103.81,0.39174
711,-181,73,195.17,0.73648
712,-8,190,190.17,0.71762
713,-171,121,209.48,0.79049
714,14,49,50.96,0.19230
715,237,413,476.17,1.79687
716,-86,908,912.06,3.44175
717,-369,870,945.02,3.56611
718,-212,381,436.01,1.64532
719,-195,19,195.92,0.73933
720,-275,86,288.13,1.08730
721,-272,775,821.35,3.09942
722,-618,941,1125.79,4.24827
723,-346,825,894.62,3.37592
724,-75,505,510.54,1.92656
725,-98,417,428.36,1.61646
726,-380,74,387.14,1.46090
727,-624,-65,627.38,2.36746
728,-185,83,202.77,0.76515
729,-527,291,602.01,2.27172
730,-530,193,564.05,2.12848
731,-541,-615,819.09,3.09090
732,-25,-1052,1052.30,3.97093
733,342,-1034,1089.09,4.10978
734,608,-26,608.56,2.29644
735,62,585,588.28,2.21991
736,-236,77,248.24,0.93677
737,55,-663,665.28,2.51048
738,499,-922,1048.37,3.95612
739,758,-982,1240.52,4.68120
740,283,-891,934.86,3.52779
741,288,-646,707.29,2.66902
742,351,-141,378.26,1.42740
743,170,108,201.41,0.76002
744,81,-186,202.87,0.76555
745,625,-873,1073.66,4.05156
746,3354,-1559,3698.62,13.95706
747,12133,-1121,12184.68,45.97991
748,16464,2079,16594.74,62.62168
749,14109,6913,15711.57,59.28894
750,1140,8925,8997.51,33.95287
751,-7606,3819,8510.93,32.11673
752,-202,-347,401.51,1.51514
753,11936,3172,12350.29,46.60487
754,13559,9487,16548.40,62.44681
755,5764,10493,11971.92,45.17704
756,-533,2796,2846.35,10.74094
757,-3098,-2527,3997.92,15.08648
758,-1704,-5614,5866.91,22.13928
759,3459,-3446,4882.58,18.42483
760,4607,-503,4634.38,17.48822
761,2385,1011,2590.43,9.77522
762,-1340,1605,2090.84,7.88997
763,-2551,320,2570.99,9.70186
764,-421,-980,1066.60,4.02492
765,-158,-1147,1157.83,4.36917
766,-558,-528,768.21,2.89891
767,-83,583,588.88,2.22218
768,581,159,602.36,2.27307
769,398,-726,827.94,3.12429
770,274,-1323,1351.08,5.09840
771,434,-1176,1253.53,4.73029
772,16,539,539.24,2.03486
773,-673,1692,1820.93,6.87144
774,-1484,1134,1867.68,7.04783
775,-1568,-391,1616.02,6.09817
776,-982,-574,1137.45,4.29228
777,-1200,-62,1201.60,4.53434
778,-1217,687,1397.52,5.27365
779,-1465,1474,2078.20,7.84225
780,-590,1197,1334.51,5.03588
781,-628,553,836.78,3.15764
782,-926,-353,991.00,3.73963
783,-1159,-628,1318.21,4.97436
784,-967,-201,987.67,3.72705
785,-650,-82,655.15,2.47227
786,-615,-255,665.77,2.51234
787,-919,-444,1020.64,3.85145
788,-105,-401,414.52,1.56422
789,301,-185,353.31,1.33323
790,9,-384,384.11,1.44945
791,-734,-105,741.47,2.79801
792,-855,146,867.38,3.27312
793,-657,79,661.73,2.49710
794,-144,-358,385.88,1.45613
795,-302,-409,508.41,1.91854
796,-376,46,378.80,1.42945
797,-1085,257,1115.02,4.20763
798,-1201,54,1202.21,4.53665
799,-900,-7,900.03,3.39633
800,-910,59,911.91,3.44117
801,-907,156,920.32,3.47290
802,-854,143,865.89,3.26751
803,-1190,-410,1258.65,4.74962
804,-527,-712,885.82,3.34271
805,-637,-908,1109.16,4.18550
806,-487,-1053,1160.16,4.37797
807,-467,-713,852.33,3.21632
808,-622,-258,673.39,2.54108
809,-414,-330,529.43,1.99785
810,-99,-397,409.16,1.54399
811,-360,-586,687.75,2.59527
812,-282,-257,381.54,1.43977
813,-773,102,779.70,2.94227
814,-873,13,873.10,3.29470
815,-915,43,916.01,3.45664
816,-871,5,871.01,3.28685
817,-580,160,601.66,2.27043
818,-203,207,289.93,1.09407
819,30,-5,30.41,0.11477
820,-16,-95,96.34,0.36354
821,-388,-260,467.06,1.76249
822,-550,-415,689.00,2.60001
823,-433,-368,568.25,2.14436
824,-651,-255,699.16,2.63834
825,-514,-278,584.36,2.20514
826,-407,8,407.08,1.53615
827,-540,159,562.92,2.12423
828,-384,158,415.23,1.56692
829,-909,-65,911.32,3.43895
830,-855,-471,976.15,3.68358
831,-742,-137,754.54,2.84733
832,-542,-120,555.13,2.09481
833,-577,-255,630.84,2.38051
834,-132,-365,388.14,1.46466
835,-71,24,74.95,0.28282
836,-21,509,509.43,1.92239
837,-334,450,560.41,2.11474
838,-381,143,406.95,1.53567
839,-425,-162,454.83,1.71633
840,-361,-115,378.87,1.42972
841,-348,84,357.99,1.35092
842,-221,-184,287.57,1.08517
843,-410,-576,707.02,2.66800
844,-120,-645,656.07,2.47573
845,40,-470,471.70,1.78000
# END
# FRAME,166,RX_TS,1058305694601,FP_INDEX,748.9687,FP_INT,748,RXPACC,288,RXPWR,-67.34,STD_NOISE,148.00,NTM,13,NOISE_THRESH,1924.00,PEAK_IDX,751,PEAK_AMPL,18619,START,698,elapsed_s,16.8275
sample,real,imag,amplitude,amplitude_norm
698,-7,84,84.29,0.29268
699,245,-71,255.08,0.88570
700,409,-217,463.00,1.60764
701,190,80,206.16,0.71582
702,-456,561,722.95,2.51024
703,-766,518,924.71,3.21078
704,-359,-153,390.24,1.35501
705,336,-386,511.75,1.77692
706,39,-314,316.41,1.09866
707,-271,188,329.83,1.14523
708,-817,114,824.92,2.86429
709,-646,282,704.87,2.44746
710,-149,355,385.00,1.33681
711,67,-37,76.54,0.26576
712,6,103,103.17,0.35825
713,-153,-176,233.21,0.80974
714,2,27,27.07,0.09401
715,-241,-130,273.83,0.95079
716,-11,29,31.02,0.10769
717,118,409,425.68,1.47806
718,-464,616,771.20,2.67778
719,-950,596,1121.48,3.89403
720,-593,269,651.16,2.26097
721,-91,-71,115.42,0.40077
722,-216,-144,259.60,0.90139
723,-571,305,647.35,2.24775
724,-977,479,1088.10,3.77814
725,-956,329,1011.03,3.51051
726,-501,511,715.63,2.48482
727,-462,304,553.05,1.92030
728,-274,-89,288.09,1.00032
729,-448,-506,675.83,2.34662
730,-141,-313,343.29,1.19199
731,-610,-201,642.26,2.23008
732,-579,-123,591.92,2.05528
733,-280,-622,682.12,2.36846
734,542,-939,1084.20,3.76458
735,940,-736,1193.86,4.14534
736,890,94,894.95,3.10747
737,-136,571,586.97,2.03810
738,-400,98,411.83,1.42997
739,274,-445,522.59,1.81455
740,1072,-416,1149.89,3.99266
741,1349,-318,1385.97,4.81241
742,984,-458,1085.37,3.76863
743,748,-532,917.89,3.18713
744,598,-13,598.14,2.07688
745,211,270,342.67,1.18982
746,168,51,175.57,0.60962
747,785,-321,848.10,2.94478
748,2519,212,2527.91,8.77745
749,8765,4963,10072.57,34.97419
750,14082,12672,18944.19,65.77843
751,10691,16056,19289.70,66.97813
752,-1206,12098,12157.96,42.21515
753,-10011,150,10012.12,34.76432
754,-3277,-2476,4107.23,14.26120
755,6582,7203,9757.35,33.87970
756,7121,16456,17930.66,62.25924
757,-395,15524,15529.02,53.92022
758,-3189,5194,6094.86,21.16272
759,-1131,-2055,2345.67,8.14470
760,1020,-5790,5879.16,20.41374
761,4511,-2283,5055.81,17.55489
762,4170,1644,4482.37,15.56378
763,2207,2260,3158.87,10.96829
764,-1039,785,1302.21,4.52156
765,-2623,-1069,2832.47,9.83497
766,-175,-1110,1123.71,3.90177
767,787,-772,1102.43,3.82788
768,278,-1048,1084.25,3.76474
769,-279,60,285.38,0.99090
770,169,702,722.06,2.50714
771,686,90,691.88,2.40236
772,1028,-759,1277.84,4.43693
773,1282,-1043,1652.69,5.73850
774,271,-129,300.14,1.04214
775,-1272,765,1484.32,5.15389
776,-2124,153,2129.50,7.39411
777,-1542,-1373,2064.68,7.16902
778,-615,-1424,1551.13,5.38586
779,-957,-1014,1394.29,4.84129
780,-1235,-325,1277.05,4.43419
781,-2142,153,2147.46,7.45645
782,-1511,678,1656.14,5.75049
783,-899,268,938.10,3.25728
784,-479,-665,819.55,2.84567
785,-537,-1429,1526.57,5.30058
786,-385,-944,1019.49,3.53990
787,-608,-468,767.26,2.66410
788,-327,-423,534.66,1.85645
789,-542,-977,1117.27,3.87941
790,105,-580,589.43,2.04662
791,216,16,216.59,0.75205
792,298,-86,310.16,1.07695
793,-368,-608,710.70,2.46769
794,-600,-644,880.19,3.05622
795,-706,-484,855.97,2.97213
796,25,-355,355.88,1.23569
797,42,-487,488.81,1.69725
798,-246,-269,364.52,1.26570
799,-921,-262,957.54,3.32480
800,-1195,-917,1506.29,5.23018
801,-836,-769,1135.89,3.94408
802,-703,-608,929.45,3.22725
803,-986,-533,1120.84,3.89181
804,-883,-257,919.64,3.19319
805,-879,-953,1296.48,4.50165
806,5,-1018,1018.01,3.53476
807,240,-968,997.31,3.46288
808,306,-1317,1352.08,4.69473
809,130,-1036,1044.12,3.62543
810,-218,-832,860.09,2.98641
811,-328,-708,780.29,2.70933
812,214,-397,451.00,1.56599
813,115,-666,675.86,2.34672
814,168,-554,578.91,2.01011
815,-456,-314,553.65,1.92241
816,-704,-699,992.08,3.44471
817,-686,-564,888.08,3.08362
818,-571,-502,760.29,2.63991
819,-632,-470,787.61,2.73474
820,-368,13,368.23,1.27857
821,-9,12,15.00,0.05208
822,74,-37,82.73,0.28727
823,55,-307,311.89,1.08294
824,-148,-828,841.12,2.92057
825,-54,-719,721.02,2.50356
826,-222,-666,702.03,2.43759
827,-294,-747,802.77,2.78741
828,-138,-413,435.45,1.51196
829,-540,-285,610.59,2.12012
830,-439,-68,444.24,1.54248
831,-536,-260,595.73,2.06851
832,-472,-990,1096.76,3.80820
833,-339,-710,786.78,2.73187
834,-461,-557,723.03,2.51052
835,-354,-567,668.43,2.32095
836,3,-439,439.01,1.52434
837,-56,-262,267.92,0.93027
838,-309,319,444.12,1.54208
839,-507,277,577.74,2.00603
840,-422,-38,423.71,1.47121
841,-190,-433,472.85,1.64185
842,-275,-408,492.03,1.70842
843,-253,-136,287.24,0.99735
844,-112,-214,241.54,0.83867
845,-74,-743,746.68,2.59262
846,262,-717,763.37,2.65059
847,432,-393,584.01,2.02783
# END
# FRAME,167,RX_TS,1064695489998,FP_INDEX,749.9219,FP_INT,749,RXPACC,271,RXPWR,-67.42,STD_NOISE,136.00,NTM,13,NOISE_THRESH,1768.00,PEAK_IDX,751,PEAK_AMPL,17768,START,699,elapsed_s,16.9343
sample,real,imag,amplitude,amplitude_norm
699,76,47,89.36,0.32974
700,33,-178,181.03,0.66802
701,-36,-406,407.59,1.50403
702,222,-54,228.47,0.84307
703,327,638,716.92,2.64546
704,93,826,831.22,3.06723
705,-300,235,381.08,1.40621
706,-320,-345,470.56,1.73638
707,-251,-68,260.05,0.95959
708,12,399,399.18,1.47299
709,-181,710,732.71,2.70372
710,49,703,704.71,2.60039
711,121,182,218.55,0.80647
712,37,48,60.61,0.22364
713,-29,81,86.03,0.31747
714,-236,178,295.60,1.09078
715,117,119,166.88,0.61581
716,-127,207,242.85,0.89614
717,-18,15,23.43,0.08646
718,310,165,351.18,1.29585
719,351,742,820.83,3.02890
720,177,960,976.18,3.60214
721,-31,527,527.91,1.94801
722,-130,122,178.28,0.65786
723,-198,156,252.07,0.93015
724,127,744,754.76,2.78510
725,4,1071,1071.01,3.95206
726,3,913,913.00,3.36902
727,181,510,541.17,1.99692
728,53,424,427.30,1.57675
729,-293,240,378.75,1.39759
730,-591,219,630.27,2.32572
731,-149,101,180.01,0.66423
732,-349,498,608.12,2.24397
733,-346,513,618.78,2.28331
734,-720,-110,728.35,2.68765
735,-625,-854,1058.27,3.90507
736,-307,-1011,1056.58,3.89883
737,422,-545,689.28,2.54347
738,392,421,575.24,2.12267
739,-128,262,291.60,1.07600
740,-348,-498,607.54,2.24185
741,25,-1048,1048.30,3.86826
742,283,-1260,1291.39,4.76528
743,-163,-986,999.38,3.68776
744,-32,-723,723.71,2.67051
745,291,-268,395.61,1.45980
746,228,11,228.27,0.84231
747,-39,-152,156.92,0.57905
748,61,-939,940.98,3.47225
749,1591,-2534,2992.06,11.04082
750,9115,-6644,11279.45,41.62158
751,16012,-7448,17659.47,65.16409
752,16170,-2139,16310.86,60.18768
753,7116,6739,9800.59,36.16454
754,-4529,7914,9118.29,33.64684
755,-1659,574,1755.49,6.47784
756,10749,-3296,11242.98,41.48701
757,16478,788,16496.83,60.87392
758,11559,6242,13136.71,48.47493
759,1664,3151,3563.38,13.14901
760,-3649,-938,3767.63,13.90270
761,-4883,-4457,6611.24,24.39573
762,849,-5020,5091.29,18.78703
763,3905,-2657,4723.21,17.42880
764,2992,-481,3030.42,11.18235
765,21,1649,1649.13,6.08536
766,-2014,1687,2627.20,9.69446
767,-963,-235,991.26,3.65778
768,-825,-642,1045.37,3.85744
769,-1059,-268,1092.39,4.03094
770,85,472,479.59,1.76971
771,646,22,646.37,2.38515
772,18,-557,557.29,2.05642
773,-472,-1220,1308.12,4.82702
774,-214,-1572,1586.50,5.85424
775,292,126,318.03,1.17352
776,336,1745,1777.05,6.55739
777,-711,1864,1995.00,7.36162
778,-1731,499,1801.49,6.64756
779,-1296,-84,1298.72,4.79232
780,-1076,550,1208.42,4.45911
781,-628,1333,1473.52,5.43736
782,-510,2136,2196.04,8.10347
783,137,1373,1379.82,5.09158
784,-92,805,810.24,2.98982
785,-839,239,872.38,3.21910
786,-1424,249,1445.61,5.33434
787,-1060,342,1113.81,4.10999
788,-624,293,689.37,2.54378
789,-561,81,566.82,2.09158
790,-1129,132,1136.69,4.19443
791,-379,-187,422.62,1.55949
792,90,-185,205.73,0.75915
793,-129,-300,326.56,1.20502
794,-712,264,759.37,2.80210
795,-806,422,909.79,3.35716
796,-630,373,732.14,2.70162
797,-340,-164,377.49,1.39294
798,-499,-108,510.55,1.88396
799,-393,250,465.78,1.71874
800,-914,796,1212.03,4.47243
801,-1291,566,1409.62,5.20156
802,-930,363,998.33,3.68389
803,-771,382,860.44,3.17507
804,-837,648,1058.52,3.90599
805,-642,747,984.97,3.63459
806,-1262,509,1360.78,5.02133
807,-836,-382,919.14,3.39166
808,-809,-662,1045.33,3.85732
809,-832,-813,1163.27,4.29250
810,-752,-341,825.70,3.04687
811,-787,87,791.79,2.92175
812,-654,-44,655.48,2.41874
813,-302,-213,369.56,1.36368
814,-611,-269,667.59,2.46345
815,-455,-152,479.72,1.77018
816,-788,402,884.62,3.26427
817,-917,503,1045.90,3.85939
818,-811,553,981.60,3.62212
819,-776,413,879.06,3.24376
820,-516,376,638.46,2.35594
821,-104,322,338.38,1.24863
822,4,-3,5.00,0.01845
823,-43,-34,54.82,0.20228
824,-476,24,476.60,1.75869
825,-865,-79,868.60,3.20517
826,-618,-138,633.22,2.33661
827,-660,58,662.54,2.44481
828,-653,-30,653.69,2.41214
829,-341,161,377.10,1.39150
830,-493,422,648.95,2.39464
831,-275,323,424.21,1.56535
832,-732,384,826.61,3.05021
833,-1080,12,1080.07,3.98549
834,-680,164,699.50,2.58117
835,-701,271,751.56,2.77328
836,-700,104,707.68,2.61138
837,-332,-248,414.40,1.52915
838,-143,-21,144.53,0.53333
839,207,397,447.73,1.65212
840,-30,574,574.78,2.12097
841,-315,342,464.96,1.71572
842,-494,76,499.81,1.84432
843,-546,165,570.39,2.10475
844,-288,268,393.41,1.45168
845,-204,81,219.49,0.80994
846,-625,-232,666.67,2.46004
847,-513,-463,691.04,2.54997
848,-215,-395,449.72,1.65949
# END
# FRAME,168,RX_TS,1071085285359,FP_INDEX,749.8125,FP_INT,749,RXPACC,285,RXPWR,-67.29,STD_NOISE,144.00,NTM,13,NOISE_THRESH,1872.00,PEAK_IDX,757,PEAK_AMPL,18156,START,699,elapsed_s,17.0382
sample,real,imag,amplitude,amplitude_norm
699,3,52,52.09,0.18276
700,161,286,328.20,1.15159
701,279,401,488.51,1.71407
702,-128,163,207.25,0.72720
703,-554,-440,707.47,2.48236
704,-485,-667,824.69,2.89365
705,280,-321,425.96,1.49459
706,563,253,617.23,2.16573
707,300,55,305.00,1.07018
708,-148,-281,317.59,1.11436
709,-61,-761,763.44,2.67874
710,-289,-623,686.77,2.40971
711,-202,-121,235.47,0.82620
712,49,-50,70.01,0.24564
713,26,-112,114.98,0.40343
714,143,-293,326.03,1.14398
715,-46,-112,121.08,0.42484
716,132,-192,233.00,0.81754
717,73,-34,80.53,0.28256
718,-325,-28,326.20,1.14458
719,-568,-527,774.82,2.71868
720,-645,-881,1091.87,3.83113
721,-191,-550,582.22,2.04288
722,130,-228,262.46,0.92090
723,198,-197,279.31,0.98003
724,-275,-536,602.43,2.11379
725,-366,-953,1020.86,3.58198
726,-296,-886,934.14,3.27767
727,-380,-440,581.38,2.03992
728,-257,-416,488.98,1.71573
729,191,-395,438.76,1.53949
730,526,-501,726.41,2.54882
731,257,-127,286.67,1.00585
732,275,-538,604.21,2.12003
733,230,-525,573.17,2.01113
734,728,-185,751.14,2.63557
735,986,603,1155.77,4.05533
736,757,911,1184.47,4.15604
737,-162,714,732.15,2.56894
738,-583,-264,639.99,2.24557
739,85,-323,334.00,1.17192
740,625,442,765.50,2.68596
741,544,1140,1263.15,4.43209
742,416,1382,1443.25,5.06405
743,649,924,1129.15,3.96193
744,507,773,924.43,3.24363
745,-98,560,568.51,1.99477
746,-117,166,203.09,0.71259
747,137,132,190.24,0.66752
748,435,938,1033.96,3.62792
749,-248,3067,3077.01,10.79653
750,-5476,9966,11371.36,39.89949
751,-12628,14260,19047.68,66.83395
752,-15697,9871,18542.72,65.06217
753,-10368,-2867,10757.10,37.74419
754,823,-9652,9687.02,33.98956
755,1719,-1776,2471.67,8.67251
756,-8584,7695,11528.14,40.44962
757,-16499,6810,17849.18,62.62869
758,-14414,-740,14432.98,50.64204
759,-3853,-2575,4634.25,16.26051
760,2684,-311,2701.96,9.48055
761,5546,2490,6079.33,21.33097
762,1431,5208,5401.02,18.95095
763,-1938,3545,4040.16,14.17599
764,-2363,1186,2643.93,9.27695
765,-803,-1816,1985.61,6.96707
766,1185,-2652,2904.71,10.19196
767,1287,-99,1290.80,4.52913
768,1175,664,1349.64,4.73557
769,1278,288,1310.05,4.59666
770,-181,-304,353.80,1.24142
771,-521,48,523.21,1.83581
772,304,365,475.02,1.66673
773,996,1094,1479.48,5.19115
774,847,1541,1758.43,6.16994
775,-249,153,292.25,1.02544
776,-861,-1484,1715.69,6.01995
777,-23,-2103,2103.13,7.37939
778,1325,-1214,1797.06,6.30547
779,1150,-385,1212.73,4.25521
780,698,-874,1118.52,3.92462
781,163,-1441,1450.19,5.08839
782,-170,-2342,2348.16,8.23916
783,-543,-1341,1446.77,5.07637
784,-214,-869,894.96,3.14022
785,866,-555,1028.58,3.60906
786,1506,-770,1691.43,5.93484
787,934,-575,1096.80,3.84844
788,503,-552,746.80,2.62036
789,629,-318,704.82,2.47304
790,1219,-493,1314.92,4.61375
791,668,145,683.56,2.39844
792,107,311,328.89,1.15401
793,277,264,382.66,1.34265
794,678,-499,841.83,2.95380
795,671,-644,930.04,3.26330
796,621,-518,808.68,2.83748
797,516,132,532.62,1.86883
798,574,117,585.80,2.05545
799,312,-254,402.32,1.41164
800,375,-974,1043.70,3.66209
801,1008,-1046,1452.65,5.09700
802,877,-754,1156.57,4.05813
803,689,-688,973.69,3.41644
804,643,-849,1065.01,3.73688
805,384,-805,891.90,3.12946
806,1078,-886,1395.38,4.89606
807,1040,-25,1040.30,3.65018
808,1062,297,1102.75,3.86929
809,1201,411,1269.38,4.45396
810,931,154,943.65,3.31106
811,757,-284,808.52,2.83691
812,646,-207,678.35,2.38019
813,449,130,467.44,1.64014
814,781,-49,782.54,2.74574
815,611,9,611.07,2.14409
816,518,-522,735.40,2.58034
817,883,-708,1131.79,3.97120
818,677,-646,935.76,3.28337
819,612,-568,834.97,2.92970
820,399,-611,729.74,2.56049
821,-15,-405,405.28,1.42203
822,78,53,94.30,0.33089
823,193,129,232.14,0.81453
824,509,-163,534.46,1.87531
825,935,-325,989.87,3.47324
826,809,-65,811.61,2.84774
827,737,-277,787.34,2.76258
828,764,-245,802.32,2.81517
829,351,-273,444.67,1.56024
830,354,-561,663.35,2.32755
831,265,-344,434.24,1.52364
832,405,-537,672.60,2.36001
833,1073,-445,1161.62,4.07585
834,753,-380,843.45,2.95948
835,598,-410,725.05,2.54405
836,655,-269,708.09,2.48451
837,565,131,579.99,2.03505
838,335,-20,335.60,1.17753
839,-192,-202,278.69,0.97786
840,-231,-374,439.59,1.54241
841,79,-428,435.23,1.52712
842,488,-287,566.14,1.98645
843,512,-326,606.98,2.12974
844,246,-271,366.00,1.28422
845,278,-117,301.62,1.05831
846,907,-74,910.01,3.19303
847,845,274,888.31,3.11689
848,403,333,522.78,1.83431
# END
# FRAME,169,RX_TS,1077475074067,FP_INDEX,750.0000,FP_INT,750,RXPACC,286,RXPWR,-67.42,STD_NOISE,144.00,NTM,13,NOISE_THRESH,1872.00,PEAK_IDX,751,PEAK_AMPL,18434,START,700,elapsed_s,17.1337
sample,real,imag,amplitude,amplitude_norm
700,269,-97,285.95,0.99984
701,368,-298,473.53,1.65569
702,301,58,306.54,1.07181
703,-179,694,716.71,2.50599
704,-514,688,858.80,3.00280
705,-312,-94,325.85,1.13935
706,185,-513,545.34,1.90678
707,0,-202,202.00,0.70629
708,-142,348,375.86,1.31418
709,-668,394,775.54,2.71167
710,-526,483,714.12,2.49692
711,-68,340,346.73,1.21235
712,112,-107,154.90,0.54160
713,53,21,57.01,0.19933
714,-235,-66,244.09,0.85347
715,-11,161,161.38,0.56425
716,-374,53,377.74,1.32076
717,-58,2,58.03,0.20292
718,104,332,347.91,1.21646
719,-235,663,703.42,2.45950
720,-732,753,1050.16,3.67188
721,-531,329,624.66,2.18413
722,-252,-3,252.02,0.88118
723,-300,-162,340.95,1.19212
724,-459,457,647.71,2.26472
725,-826,650,1051.08,3.67512
726,-847,590,1032.23,3.60921
727,-408,638,757.30,2.64791
728,-301,373,479.30,1.67588
729,-220,-68,230.27,0.80514
730,-544,-384,665.88,2.32824
731,-173,-188,255.49,0.89331
732,-633,20,633.32,2.21439
733,-602,62,605.18,2.11603
734,-359,-655,746.93,2.61165
735,258,-1117,1146.41,4.00842
736,666,-989,1192.34,4.16902
737,870,-60,872.07,3.04918
738,20,614,614.33,2.14799
739,-328,98,342.33,1.19695
740,155,-542,563.73,1.97108
741,877,-736,1144.91,4.00319
742,1155,-644,1322.41,4.62380
743,852,-739,1127.84,3.94350
744,581,-705,913.56,3.19425
745,504,-131,520.75,1.82079
746,223,123,254.67,0.89046
747,79,-68,104.24,0.36446
748,672,-625,917.72,3.20881
749,2663,-482,2706.27,9.46248
750,9925,2465,10226.53,35.75708
751,16465,8356,18463.99,64.55941
752,14020,12331,18671.21,65.28394
753,1733,11425,11555.69,40.40450
754,-9214,2764,9619.64,33.63511
755,-3405,-1335,3657.36,12.78796
756,8301,5190,9789.93,34.23052
757,11085,13934,17805.44,62.25677
758,3596,14672,15106.25,52.81906
759,-1879,5453,5767.66,20.16663
760,-2439,-2129,3237.49,11.31991
761,-1254,-6463,6583.53,23.01934
762,3828,-3415,5129.89,17.93669
763,5117,660,5159.39,18.03982
764,2870,1762,3367.72,11.77525
765,-1165,1242,1702.88,5.95411
766,-3181,-212,3188.06,11.14705
767,-660,-971,1174.07,4.10514
768,449,-953,1053.48,3.68348
769,-131,-941,950.07,3.32194
770,-346,278,443.85,1.55191
771,207,634,666.94,2.33195
772,603,-155,622.60,2.17693
773,853,-993,1309.07,4.57716
774,1223,-1228,1733.12,6.05987
775,290,-33,291.87,1.02053
776,-1168,1200,1674.58,5.85518
777,-2000,789,2150.00,7.51750
778,-1582,-724,1739.80,6.08321
779,-635,-959,1150.18,4.02160
780,-1028,-398,1102.36,3.85439
781,-1331,238,1352.11,4.72766
782,-2101,808,2251.01,7.87068
783,-1361,901,1632.21,5.70704
784,-942,262,977.76,3.41873
785,-750,-809,1103.17,3.85723
786,-995,-1164,1531.31,5.35424
787,-856,-655,1077.85,3.76871
788,-839,-215,866.11,3.02836
789,-329,-375,498.86,1.74428
790,-707,-998,1223.05,4.27640
791,-1,-772,772.00,2.69930
792,293,-205,357.59,1.25033
793,380,-310,490.41,1.71471
794,-485,-468,673.98,2.35657
795,-613,-313,688.29,2.40660
796,-730,-226,764.18,2.67197
797,14,-355,355.28,1.24222
798,-1,-505,505.00,1.76574
799,-338,-328,470.99,1.64680
800,-1009,-150,1020.09,3.56674
801,-1256,-596,1390.23,4.86096
802,-940,-481,1055.92,3.69202
803,-859,-398,946.72,3.31022
804,-1115,-240,1140.54,3.98789
805,-881,-9,881.05,3.08058
806,-1085,-608,1243.74,4.34874
807,-360,-892,961.91,3.36331
808,-178,-1084,1098.52,3.84097
809,-158,-1369,1378.09,4.81849
810,-85,-878,882.10,3.08428
811,-304,-592,665.49,2.32690
812,-375,-511,633.83,2.21620
813,42,-444,445.98,1.55938
814,-159,-691,709.06,2.47922
815,-62,-566,569.39,1.99086
816,-566,-216,605.82,2.11823
817,-857,-428,957.93,3.34941
818,-936,-389,1013.62,3.54411
819,-886,-382,964.84,3.37357
820,-695,-201,723.48,2.52966
821,-285,120,309.23,1.08123
822,24,64,68.35,0.23899
823,65,-100,119.27,0.41702
824,-90,-362,373.02,1.30427
825,-378,-787,873.07,3.05270
826,-221,-709,742.65,2.59666
827,-336,-537,633.45,2.21488
828,-468,-591,753.86,2.63587
829,-214,-382,437.86,1.53097
830,-556,-183,585.34,2.04665
831,-457,-23,457.58,1.59992
832,-701,-270,751.20,2.62657
833,-754,-947,1210.51,4.23254
834,-500,-526,725.72,2.53750
835,-661,-406,775.73,2.71234
836,-477,-454,658.52,2.30251
837,45,-517,518.95,1.81453
838,27,-308,309.18,1.08105
839,-162,253,300.42,1.05042
840,-436,263,509.18,1.78035
841,-472,23,472.56,1.65231
842,-313,-233,390.20,1.36434
843,-437,-277,517.40,1.80907
844,-311,-110,329.88,1.15343
845,-150,-232,276.27,0.96597
846,-232,-651,691.10,2.41645
847,18,-801,801.20,2.80141
848,158,-551,573.21,2.00422
849,214,-264,339.84,1.18826
# END
# FRAME,170,RX_TS,1083864869401,FP_INDEX,750.7187,FP_INT,750,RXPACC,266,RXPWR,-67.28,STD_NOISE,160.00,NTM,13,NOISE_THRESH,2080.00,PEAK_IDX,752,PEAK_AMPL,17158,START,700,elapsed_s,17.2359
sample,real,imag,amplitude,amplitude_norm
700,73,28,78.19,0.29393
701,135,-292,321.70,1.20939
702,263,-375,458.03,1.72193
703,220,97,240.44,0.90389
704,-63,820,822.42,3.09179
705,-358,654,745.57,2.80291
706,-295,-42,297.97,1.12021
707,-93,-457,466.37,1.75326
708,-130,-113,172.25,0.64754
709,-248,445,509.44,1.91519
710,-520,562,765.67,2.87844
711,-200,613,644.80,2.42407
712,14,162,162.60,0.61129
713,29,-49,56.94,0.21405
714,23,1,23.02,0.08655
715,-99,11,99.61,0.37447
716,69,161,175.16,0.65851
717,-229,114,255.81,0.96168
718,3,15,15.30,0.05751
719,270,385,470.24,1.76782
720,-130,788,798.65,3.00245
721,-421,759,867.94,3.26294
722,-244,357,432.42,1.62563
723,-167,63,178.49,0.67101
724,-283,26,284.19,1.06839
725,-296,667,729.73,2.74334
726,-552,773,949.86,3.57090
727,-455,788,909.93,3.42078
728,-101,505,515.00,1.93609
729,-118,364,382.65,1.43853
730,-295,49,299.04,1.12422
731,-555,-138,571.90,2.15000
732,-249,33,251.18,0.94428
733,-568,221,609.48,2.29128
734,-555,126,569.12,2.13956
735,-542,-587,798.96,3.00360
736,-14,-1085,1085.09,4.07929
737,362,-1073,1132.42,4.25721
738,717,-140,730.54,2.74639
739,130,567,581.71,2.18689
740,-227,79,240.35,0.90359
741,116,-643,653.38,2.45631
742,556,-940,1092.12,4.10573
743,811,-907,1216.70,4.57408
744,352,-894,960.80,3.61204
745,315,-597,675.01,2.53762
746,381,-61,385.85,1.45057
747,142,63,155.35,0.58402
748,32,-203,205.51,0.77258
749,631,-843,1053.00,3.95865
750,3162,-1387,3452.83,12.98055
751,11730,-580,11744.33,44.15162
752,16466,2798,16702.04,62.78960
753,14036,7386,15860.71,59.62675
754,1233,8993,9077.13,34.12456
755,-7822,3623,8620.31,32.40720
756,-757,-383,848.37,3.18937
757,11446,3426,11947.74,44.91630
758,13403,9847,16631.41,62.52410
759,5632,10825,12202.46,45.87391
760,-628,2914,2980.90,11.20640
761,-3093,-3079,4364.27,16.40705
762,-1534,-6496,6674.67,25.09273
763,3769,-3646,5243.92,19.71398
764,4536,-91,4536.91,17.05606
765,2129,1215,2451.30,9.21541
766,-1356,1470,1999.91,7.51846
767,-2596,243,2607.35,9.80206
768,-473,-689,835.73,3.14185
769,-221,-941,966.60,3.63385
770,-488,-711,862.36,3.24196
771,39,451,452.68,1.70182
772,705,336,780.97,2.93599
773,400,-509,647.36,2.43370
774,266,-1181,1210.59,4.55107
775,595,-1231,1367.25,5.14006
776,108,468,480.30,1.80564
777,-709,1719,1859.47,6.99050
778,-1698,1135,2042.41,7.67822
779,-1690,-420,1741.41,6.54664
780,-898,-564,1060.42,3.98656
781,-1042,56,1043.50,3.92295
782,-1230,872,1507.74,5.66820
783,-1565,1668,2287.24,8.59863
784,-623,1365,1500.45,5.64079
785,-432,561,708.06,2.66187
786,-667,-493,829.42,3.11812
787,-1125,-657,1302.79,4.89772
788,-1075,-231,1099.54,4.13361
789,-629,-53,631.23,2.37304
790,-561,-274,624.34,2.34713
791,-888,-541,1039.82,3.90910
792,-128,-420,439.07,1.65065
793,212,-202,292.83,1.10086
794,59,-458,461.78,1.73603
795,-623,-203,655.24,2.46330
796,-846,20,846.24,3.18134
797,-707,-54,709.06,2.66564
798,-124,-382,401.62,1.50986
799,-291,-452,537.57,2.02095
800,-471,27,471.77,1.77358
801,-1225,191,1239.80,4.66091
802,-1247,-129,1253.65,4.71299
803,-897,-144,908.48,3.41536
804,-896,-64,898.28,3.37700
805,-967,144,977.66,3.67542
806,-865,267,905.27,3.40327
807,-1122,-263,1152.41,4.33238
808,-438,-707,831.68,3.12662
809,-476,-1005,1112.03,4.18055
810,-355,-1131,1185.41,4.45641
811,-381,-681,780.33,2.93359
812,-564,-300,638.82,2.40159
813,-399,-336,521.63,1.96101
814,-77,-412,419.13,1.57569
815,-416,-550,689.61,2.59250
816,-287,-199,349.24,1.31294
817,-851,75,854.30,3.21165
818,-917,75,920.06,3.45888
819,-973,33,973.56,3.66000
820,-815,-72,818.17,3.07584
821,-548,48,550.10,2.06804
822,-239,187,303.46,1.14084
823,13,20,23.85,0.08968
824,-12,-113,113.64,0.42720
825,-379,-265,462.46,1.73856
826,-533,-579,786.98,2.95855
827,-408,-504,648.44,2.43776
828,-637,-330,717.40,2.69701
829,-508,-398,645.34,2.42610
830,-355,-96,367.75,1.38252
831,-620,130,633.48,2.38151
832,-387,98,399.22,1.50081
833,-874,-178,891.94,3.35316
834,-886,-632,1088.31,4.09139
835,-712,-220,745.21,2.80156
836,-663,-163,682.74,2.56670
837,-543,-327,633.86,2.38293
838,-178,-393,431.43,1.62192
839,-117,-132,176.39,0.66312
840,-41,303,305.76,1.14948
841,-367,362,515.49,1.93794
842,-394,34,395.46,1.48671
843,-443,-176,476.68,1.79203
844,-491,-145,511.96,1.92467
845,-329,-4,329.02,1.23693
846,-141,-186,233.40,0.87746
847,-387,-626,735.97,2.76679
848,-122,-724,734.21,2.76018
849,10,-491,491.10,1.84625
# END
# FRAME,171,RX_TS,1090254664198,FP_INDEX,750.4219,FP_INT,750,RXPACC,268,RXPWR,-67.58,STD_NOISE,136.00,NTM,13,NOISE_THRESH,1768.00,PEAK_IDX,752,PEAK_AMPL,17861,START,700,elapsed_s,17.3344
sample,real,imag,amplitude,amplitude_norm
700,-76,55,93.81,0.35005
701,-123,333,354.99,1.32459
702,-162,279,322.62,1.20381
703,-35,-356,357.72,1.33476
704,248,-776,814.67,3.03980
705,482,-428,644.60,2.40522
706,83,333,343.19,1.28055
707,99,381,393.65,1.46885
708,72,-61,94.37,0.35211
709,477,-459,661.97,2.47005
710,563,-503,754.97,2.81705
711,201,-454,496.50,1.85263
712,106,94,141.68,0.52864
713,-36,139,143.59,0.53577
714,39,140,145.33,0.54228
715,89,76,117.03,0.43669
716,197,-84,214.16,0.79911
717,167,51,174.61,0.65154
718,-71,73,101.83,0.37997
719,-59,-476,479.64,1.78971
720,325,-926,981.38,3.66185
721,544,-560,780.73,2.91316
722,261,-172,312.58,1.16634
723,302,58,307.52,1.14746
724,337,-119,357.39,1.33356
725,481,-685,837.01,3.12317
726,712,-612,938.88,3.50327
727,376,-591,700.47,2.61369
728,223,-410,466.72,1.74150
729,202,-195,280.77,1.04763
730,530,84,536.62,2.00230
731,447,316,547.42,2.04260
732,539,-11,539.11,2.01161
733,608,-187,636.11,2.37354
734,650,124,661.72,2.46911
735,391,993,1067.21,3.98211
736,-127,1239,1245.49,4.64736
737,-541,909,1057.81,3.94705
738,-453,-140,474.14,1.76918
739,241,-447,507.83,1.89488
740,287,297,413.01,1.54109
741,-233,841,872.68,3.25627
742,-741,956,1209.55,4.51326
743,-712,854,1111.87,4.14878
744,-261,873,911.18,3.39993
745,-314,435,536.49,2.00183
746,-182,46,187.72,0.70046
747,-71,15,72.57,0.27077
748,-134,450,469.53,1.75197
749,-1074,1033,1490.16,5.56028
750,-5286,1036,5386.57,20.09913
751,-14223,-1527,14304.74,53.37588
752,-16490,-5654,17432.38,65.04619
753,-10197,-9647,14037.22,52.37767
754,3876,-7758,8672.37,32.35958
755,7150,-1048,7226.40,26.96417
756,-3242,-253,3251.86,12.13379
757,-13003,-6725,14639.11,54.62356
758,-10507,-12195,16097.05,60.06363
759,-2040,-9095,9320.98,34.77977
760,1695,-595,1796.40,6.70298
761,3623,5089,6246.92,23.30941
762,-99,6452,6452.76,24.07746
763,-4152,2259,4726.75,17.63713
764,-3953,-699,4014.33,14.97883
765,-931,-1450,1723.15,6.42968
766,2343,-952,2529.02,9.43665
767,1941,679,2056.34,7.67290
768,22,976,976.25,3.64272
769,226,1065,1088.72,4.06237
770,535,325,625.98,2.33574
771,34,-598,598.97,2.23495
772,-526,-112,537.79,2.00669
773,-337,743,815.85,3.04423
774,-383,1421,1471.71,5.49145
775,-519,827,976.37,3.64316
776,171,-999,1013.53,3.78183
777,1121,-1675,2015.51,7.52055
778,1884,-490,1946.68,7.26372
779,1361,848,1603.57,5.98346
780,942,516,1074.07,4.00771
781,1143,-25,1143.27,4.26595
782,1587,-928,1838.41,6.85974
783,1518,-1429,2084.79,7.77908
784,703,-920,1157.85,4.32032
785,578,58,580.90,2.16755
786,928,909,1299.02,4.84711
787,1013,737,1252.73,4.67437
788,1001,205,1021.78,3.81260
789,487,117,500.86,1.86887
790,798,542,964.66,3.59948
791,733,726,1031.68,3.84955
792,84,373,382.34,1.42665
793,-192,344,393.95,1.46998
794,261,563,620.56,2.31551
795,776,370,859.70,3.20782
796,957,100,962.21,3.59034
797,491,242,547.40,2.04253
798,250,515,572.47,2.13609
799,401,440,595.32,2.22133
800,676,-4,676.01,2.52243
801,1443,148,1450.57,5.41257
802,1153,278,1186.04,4.42553
803,964,257,997.67,3.72265
804,1049,166,1062.05,3.96289
805,841,-14,841.12,3.13849
806,1057,39,1057.72,3.94671
807,962,615,1141.78,4.26039
808,444,836,946.59,3.53205
809,601,1264,1399.61,5.22241
810,467,1127,1219.93,4.55196
811,540,669,859.74,3.20800
812,682,332,758.52,2.83029
813,299,441,532.81,1.98808
814,135,497,515.01,1.92167
815,299,732,790.71,2.95042
816,351,137,376.79,1.40593
817,966,82,969.47,3.61744
818,1074,-40,1074.74,4.01024
819,987,97,991.76,3.70058
820,860,119,868.19,3.23953
821,442,-73,447.99,1.67160
822,125,2,125.02,0.46648
823,-51,154,162.23,0.60532
824,107,254,275.62,1.02842
825,542,485,727.32,2.71387
826,588,728,935.80,3.49180
827,510,576,769.33,2.87065
828,669,449,805.71,3.00637
829,479,411,631.16,2.35507
830,513,35,514.19,1.91863
831,600,-44,601.61,2.24482
832,577,-29,577.73,2.15570
833,1104,604,1258.42,4.69561
834,739,724,1034.55,3.86027
835,746,260,790.01,2.94780
836,626,269,681.35,2.54235
837,461,452,645.62,2.40903
838,210,436,483.94,1.80574
839,180,46,185.78,0.69323
840,245,-316,399.85,1.49198
841,490,-197,528.12,1.97059
842,385,104,398.80,1.48806
843,544,253,599.95,2.23863
844,358,201,410.57,1.53197
845,277,194,338.18,1.26186
846,145,440,463.28,1.72864
847,313,814,872.10,3.25412
848,92,669,675.30,2.51976
849,56,519,522.01,1.94781
# END
# FRAME,172,RX_TS,1096644459514,FP_INDEX,749.7344,FP_INT,749,RXPACC,265,RXPWR,-67.40,STD_NOISE,132.00,NTM,13,NOISE_THRESH,1716.00,PEAK_IDX,751,PEAK_AMPL,17354,START,699,elapsed_s,17.4316
sample,real,imag,amplitude,amplitude_norm
699,10,-24,26.00,0.09811
700,-202,7,202.12,0.76272
701,-364,-14,364.27,1.37460
702,68,-185,197.10,0.74378
703,790,-139,802.14,3.02693
704,788,217,817.33,3.08428
705,-30,318,319.41,1.20533
706,-504,163,529.70,1.99888
707,-43,174,179.23,0.67636
708,543,172,569.59,2.14940
709,757,394,853.40,3.22036
710,693,143,707.60,2.67019
711,204,43,208.48,0.78673
712,-48,98,109.12,0.41179
713,-67,106,125.40,0.47321
714,93,231,249.02,0.93969
715,146,41,151.65,0.57226
716,196,166,256.85,0.96925
717,32,47,56.86,0.21456
718,280,-217,354.24,1.33677
719,828,-62,830.32,3.13328
720,975,222,999.95,3.77341
721,348,113,365.89,1.38070
722,50,203,209.07,0.78893
723,201,352,405.35,1.52961
724,872,161,886.74,3.34618
725,1017,332,1069.82,4.03705
726,835,157,849.63,3.20616
727,510,14,510.19,1.92525
728,355,78,363.47,1.37158
729,85,416,424.60,1.60225
730,34,701,701.82,2.64839
731,119,308,330.19,1.24600
732,442,472,646.64,2.44016
733,308,482,572.00,2.15850
734,-309,776,835.26,3.15192
735,-1021,469,1123.57,4.23987
736,-1077,111,1082.70,4.08568
737,-320,-409,519.31,1.95965
738,532,-169,558.20,2.10641
739,156,233,280.40,1.05812
740,-629,223,667.36,2.51834
741,-1005,-115,1011.56,3.81720
742,-1125,-407,1196.36,4.51456
743,-886,42,886.99,3.34715
744,-593,97,600.88,2.26748
745,-195,-153,247.86,0.93532
746,65,-126,141.78,0.53501
747,-150,52,158.76,0.59909
748,-963,-294,1006.88,3.79954
749,-2429,-2443,3445.04,13.00015
750,-4787,-10842,11851.76,44.72364
751,-3670,-16480,16883.70,63.71207
752,1952,-15337,15460.72,58.34234
753,8191,-4237,9221.97,34.79987
754,6376,6287,8954.31,33.78987
755,-203,609,641.94,2.42242
756,-896,-11803,11836.96,44.66777
757,4568,-15702,16352.96,61.70930
758,8088,-9012,12109.17,45.69496
759,2941,-315,2957.82,11.16159
760,-1205,4257,4424.26,16.69532
761,-4496,4609,6438.70,24.29699
762,-3937,-1028,4069.00,15.35471
763,-1636,-3591,3946.11,14.89098
764,80,-2613,2614.22,9.86500
765,1804,665,1922.67,7.25534
766,1232,2359,2661.34,10.04277
767,-572,698,902.43,3.40541
768,-915,366,985.49,3.71881
769,-248,681,724.75,2.73491
770,717,110,725.39,2.73732
771,66,-414,419.23,1.58199
772,-839,-109,846.05,3.19264
773,-1461,102,1464.56,5.52663
774,-1410,-159,1418.94,5.35448
775,401,-160,431.74,1.62921
776,1862,167,1869.47,7.05462
777,1647,1052,1954.31,7.37474
778,94,1498,1500.95,5.66395
779,-222,1013,1037.04,3.91336
780,373,1165,1223.26,4.61606
781,1196,902,1498.01,5.65285
782,1965,768,2109.75,7.96132
783,1458,157,1466.43,5.53369
784,745,423,856.71,3.23287
785,-86,1096,1099.37,4.14856
786,-152,1491,1498.73,5.65558
787,147,985,995.91,3.75815
788,187,661,686.94,2.59224
789,-14,772,772.13,2.91369
790,-172,1224,1236.03,4.66425
791,-353,389,525.29,1.98223
792,-366,-84,375.52,1.41704
793,-523,216,565.85,2.13528
794,73,816,819.26,3.09154
795,349,741,819.07,3.09084
796,289,557,627.51,2.36797
797,-256,280,379.39,1.43166
798,-284,492,568.08,2.14371
799,89,485,493.10,1.86075
800,498,1202,1301.08,4.90973
801,219,1308,1326.21,5.00455
802,174,976,991.39,3.74109
803,295,903,949.97,3.58477
804,445,963,1060.85,4.00319
805,480,796,929.52,3.50764
806,51,1212,1213.07,4.57763
807,-508,816,961.21,3.62720
808,-731,990,1230.63,4.64390
809,-910,964,1325.67,5.00252
810,-429,735,851.04,3.21146
811,-50,615,617.03,2.32841
812,-190,509,543.31,2.05021
813,-266,345,435.64,1.64392
814,-450,643,784.82,2.96160
815,-246,415,482.43,1.82050
816,259,706,752.01,2.83777
817,356,865,935.39,3.52979
818,326,976,1029.01,3.88304
819,279,819,865.22,3.26497
820,315,509,598.59,2.25882
821,255,124,283.55,1.07000
822,-55,-41,68.60,0.25887
823,-69,93,115.80,0.43699
824,-93,499,507.59,1.91544
825,-325,892,949.36,3.58250
826,-323,715,784.57,2.96065
827,-96,705,711.51,2.68493
828,-179,701,723.49,2.73016
829,109,463,475.66,1.79493
830,364,468,592.89,2.23733
831,261,381,461.82,1.74273
832,213,973,996.04,3.75865
833,-285,1098,1134.38,4.28070
834,-14,722,722.14,2.72504
835,53,630,632.23,2.38576
836,0,688,688.00,2.59623
837,-233,370,437.25,1.65001
838,50,162,169.54,0.63978
839,425,-40,426.88,1.61086
840,500,258,562.64,2.12317
841,137,372,396.43,1.49594
842,29,440,440.95,1.66398
843,56,474,477.30,1.80112
844,219,419,472.78,1.78408
845,-44,311,314.10,1.18527
846,-520,608,800.04,3.01902
847,-723,431,841.72,3.17630
848,-555,217,595.91,2.24873
# END
# FRAME,173,RX_TS,3522575820,FP_INDEX,748.8906,FP_INT,748,RXPACC,273,RXPWR,-67.54,STD_NOISE,132.00,NTM,13,NOISE_THRESH,1716.00,PEAK_IDX,750,PEAK_AMPL,17734,START,698,elapsed_s,17.5330
sample,real,imag,amplitude,amplitude_norm
698,120,39,126.18,0.46219
699,42,-215,219.06,0.80243
700,49,-378,381.16,1.39620
701,206,-48,211.52,0.77479
702,252,676,721.44,2.64265
703,19,881,881.20,3.22786
704,-293,179,343.35,1.25770
705,-194,-454,493.71,1.80847
706,-209,-141,252.12,0.92350
707,-38,464,465.55,1.70532
708,-280,762,811.82,2.97368
709,57,718,720.26,2.63831
710,93,230,248.09,0.90876
711,4,12,12.65,0.04633
712,-17,91,92.57,0.33910
713,-264,109,285.62,1.04622
714,69,120,138.42,0.50704
715,-122,209,242.00,0.88645
716,10,41,42.20,0.15459
717,312,240,393.63,1.44187
718,227,840,870.13,3.18730
719,-3,1092,1092.00,4.00002
720,-141,547,564.88,2.06916
721,-241,48,245.73,0.90012
722,-291,164,334.03,1.22356
723,-36,743,743.87,2.72480
724,-104,1021,1026.28,3.75928
725,-32,888,888.58,3.25486
726,138,527,544.77,1.99549
727,22,484,484.50,1.77472
728,-235,217,319.87,1.17167
729,-620,65,623.40,2.28351
730,-260,92,275.80,1.01025
731,-400,558,686.56,2.51487
732,-417,481,636.59,2.33184
733,-749,-144,762.72,2.79383
734,-487,-950,1067.55,3.91045
735,-145,-1079,1088.70,3.98791
736,502,-473,689.73,2.52650
737,282,535,604.77,2.21528
738,-236,303,384.06,1.40683
739,-259,-522,582.72,2.13451
740,121,-1072,1078.81,3.95167
741,404,-1231,1295.60,4.74578
742,-65,-976,978.16,3.58301
743,-85,-754,758.78,2.77940
744,264,-319,414.07,1.51675
745,275,2,275.01,1.00735
746,28,-92,96.17,0.35226
747,99,-931,936.25,3.42948
748,1779,-2317,2921.19,10.70032
749,9655,-5314,11020.78,40.36916
750,16492,-5377,17346.42,63.53999
751,16477,-232,16478.63,60.36129
752,7080,7550,10350.31,37.91322
753,-5542,7778,9550.45,34.98332
754,-2199,605,2280.71,8.35424
755,10647,-2032,10839.17,39.70392
756,16442,2777,16674.87,61.08009
757,11006,7773,13474.11,49.35571
758,1492,3934,4207.42,15.41181
759,-3137,-506,3177.55,11.63937
760,-4473,-3970,5980.69,21.90728
761,719,-4283,4342.93,15.90817
762,3666,-2265,4309.27,15.78486
763,3117,-500,3156.85,11.56355
764,22,1594,1594.15,5.83938
765,-2262,1695,2826.60,10.35385
766,-891,-397,975.44,3.57305
767,-335,-1065,1116.45,4.08954
768,-573,-538,785.99,2.87907
769,79,648,652.80,2.39120
770,515,209,555.79,2.03587
771,142,-743,756.45,2.77087
772,-238,-1576,1593.87,5.83835
773,-72,-1807,1808.43,6.62430
774,221,45,225.53,0.82614
775,97,1842,1844.55,6.75660
776,-771,1906,2056.03,7.53126
777,-1576,394,1624.50,5.95056
778,-1059,-251,1088.34,3.98659
779,-1088,385,1154.11,4.22751
780,-850,1146,1426.82,5.22645
781,-794,2022,2172.31,7.95717
782,-98,1448,1451.31,5.31616
783,-246,843,878.16,3.21670
784,-904,98,909.30,3.33076
785,-1496,-48,1496.77,5.48267
786,-904,114,911.16,3.33758
787,-583,323,666.50,2.44138
788,-645,60,647.78,2.37284
789,-1336,-68,1337.73,4.90011
790,-449,-350,569.30,2.08534
791,61,-317,322.82,1.18248
792,-6,-441,441.04,1.61553
793,-735,68,738.14,2.70381
794,-784,328,849.85,3.11299
795,-689,451,823.48,3.01642
796,-295,-80,305.66,1.11962
797,-440,-146,463.59,1.69813
798,-382,137,405.82,1.48653
799,-881,711,1132.11,4.14694
800,-1382,503,1470.69,5.38715
801,-989,376,1058.06,3.87569
802,-870,453,980.87,3.59294
803,-951,636,1144.07,4.19073
804,-749,548,928.07,3.39951
805,-1201,221,1221.16,4.47313
806,-730,-399,831.93,3.04735
807,-789,-668,1033.80,3.78682
808,-981,-831,1285.66,4.70938
809,-829,-514,975.42,3.57295
810,-689,-98,695.93,2.54921
811,-535,-108,545.79,1.99924
812,-278,-247,371.88,1.36219
813,-578,-386,695.04,2.54593
814,-399,-303,501.01,1.83520
815,-638,199,668.32,2.44804
816,-952,304,999.36,3.66066
817,-963,421,1051.00,3.84983
818,-822,344,891.08,3.26402
819,-576,350,674.00,2.46886
820,-97,256,273.76,1.00279
821,76,-56,94.40,0.34580
822,-25,-111,113.78,0.41678
823,-331,-56,335.70,1.22968
824,-834,-202,858.11,3.14328
825,-641,-207,673.59,2.46738
826,-672,-15,672.17,2.46215
827,-755,-106,762.40,2.79269
828,-408,100,420.08,1.53874
829,-566,447,721.22,2.64185
830,-332,295,444.13,1.62684
831,-658,369,754.40,2.76338
832,-977,-38,977.74,3.58146
833,-591,1,591.00,2.16484
834,-635,142,650.68,2.38346
835,-755,77,758.92,2.77991
836,-398,-228,458.68,1.68015
837,-193,0,193.00,0.70696
838,100,426,437.58,1.60286
839,-102,620,628.33,2.30159
840,-273,330,428.29,1.56881
841,-377,-16,377.34,1.38220
842,-480,89,488.18,1.78821
843,-440,195,481.27,1.76291
844,-302,62,308.30,1.12930
845,-718,-374,809.57,2.96545
846,-534,-652,842.77,3.08707
847,-324,-459,561.83,2.05800
# END
# FRAME,174,RX_TS,9912438162,FP_INDEX,748.4844,FP_INT,748,RXPACC,267,RXPWR,-67.26,STD_NOISE,128.00,NTM,13,NOISE_THRESH,1664.00,PEAK_IDX,750,PEAK_AMPL,17680,START,698,elapsed_s,17.6298
sample,real,imag,amplitude,amplitude_norm
698,113,-64,129.87,0.48639
699,-65,-262,269.94,1.01102
700,58,-299,304.57,1.14072
701,290,264,392.17,1.46880
702,259,850,888.58,3.32803
703,-91,649,655.35,2.45449
704,-187,-178,258.17,0.96694
705,-281,-253,378.11,1.41616
706,42,64,76.55,0.28671
707,-109,595,604.90,2.26555
708,-230,773,806.49,3.02057
709,219,549,591.07,2.21374
710,-9,64,64.63,0.24206
711,87,35,93.78,0.35122
712,-147,60,158.77,0.59466
713,-95,114,148.39,0.55579
714,-107,219,243.74,0.91289
715,-68,127,144.06,0.53955
716,76,79,109.62,0.41057
717,291,450,535.89,2.00709
718,316,985,1034.45,3.87433
719,-14,866,866.11,3.24387
720,-41,345,347.43,1.30123
721,-222,137,260.87,0.97704
722,-177,321,366.57,1.37290
723,18,924,924.18,3.46133
724,-201,1025,1044.52,3.91207
725,159,750,766.67,2.87142
726,130,483,500.19,1.87337
727,-25,262,263.19,0.98573
728,-424,194,466.27,1.74635
729,-503,27,503.72,1.88661
730,-322,326,458.21,1.71616
731,-346,517,622.10,2.32995
732,-507,325,602.22,2.25552
733,-727,-495,879.52,3.29408
734,-392,-976,1051.78,3.93925
735,103,-944,949.60,3.55656
736,497,-39,498.53,1.86715
737,121,584,596.40,2.23372
738,-261,-18,261.62,0.97985
739,-158,-763,779.19,2.91830
740,157,-1130,1140.85,4.27286
741,157,-1153,1163.64,4.35820
742,-200,-919,940.51,3.52251
743,124,-587,599.95,2.24702
744,329,-166,368.51,1.38017
745,178,-28,180.19,0.67486
746,-75,-349,356.97,1.33696
747,360,-1307,1355.67,5.07743
748,3810,-3715,5321.40,19.93035
749,12873,-6930,14619.82,54.75587
750,16492,-5167,17282.48,64.72838
751,14064,2059,14213.92,53.23566
752,1294,8721,8816.48,33.02052
753,-5518,5125,7530.87,28.20549
754,2734,-1425,3083.08,11.54712
755,14262,-1609,14352.47,53.75459
756,15441,4275,16021.86,60.00698
757,7285,6667,9875.23,36.98587
758,-376,1575,1619.26,6.06464
759,-4552,-1835,4907.95,18.38182
760,-2893,-4780,5587.29,20.92619
761,2117,-3792,4342.92,16.26562
762,3558,-1645,3919.87,14.68116
763,1936,510,2002.05,7.49831
764,-895,2187,2363.05,8.85037
765,-1718,869,1925.28,7.21077
766,-553,-714,903.11,3.38243
767,-859,-922,1260.14,4.71964
768,-543,-108,553.64,2.07354
769,416,522,667.49,2.49995
770,488,-131,505.28,1.89242
771,-93,-970,974.45,3.64962
772,-314,-1671,1700.25,6.36796
773,-111,-1274,1278.83,4.78961
774,179,753,773.98,2.89881
775,-142,1964,1969.13,7.37501
776,-1059,1400,1755.41,6.57459
777,-1342,34,1342.43,5.02783
778,-935,125,943.32,3.53303
779,-958,781,1236.01,4.62926
780,-736,1681,1835.06,6.87290
781,-246,2004,2019.04,7.56196
782,135,1128,1136.05,4.25487
783,-264,453,524.31,1.96372
784,-1159,27,1159.31,4.34200
785,-1367,143,1374.46,5.14779
786,-980,500,1100.18,4.12053
787,-484,208,526.80,1.97304
788,-881,56,882.78,3.30628
789,-932,-135,941.73,3.52707
790,-184,-234,297.68,1.11490
791,98,-367,379.86,1.42269
792,-408,-279,494.27,1.85121
793,-821,247,857.35,3.21105
794,-788,520,944.11,3.53599
795,-472,166,500.34,1.87393
796,-295,-249,386.04,1.44584
797,-458,-132,476.64,1.78518
798,-417,339,537.41,2.01277
799,-1125,686,1317.66,4.93505
800,-1090,493,1196.31,4.48055
801,-821,390,908.92,3.40421
802,-852,556,1017.37,3.81037
803,-754,674,1011.33,3.78776
804,-963,641,1156.83,4.33269
805,-1102,7,1102.02,4.12742
806,-608,-485,777.75,2.91291
807,-896,-646,1104.60,4.13706
808,-883,-674,1110.84,4.16045
809,-782,-292,834.74,3.12636
810,-669,40,670.19,2.51009
811,-415,-262,490.78,1.83814
812,-390,-326,508.31,1.90377
813,-640,-397,753.13,2.82072
814,-361,73,368.31,1.37943
815,-866,395,951.83,3.56491
816,-838,417,936.02,3.50569
817,-829,404,922.20,3.45394
818,-757,346,832.33,3.11732
819,-274,248,369.57,1.38415
820,29,100,104.12,0.38996
821,48,-68,83.23,0.31174
822,-103,-90,136.78,0.51229
823,-634,-72,638.08,2.38980
824,-778,-218,807.97,3.02609
825,-636,-114,646.14,2.41999
826,-755,103,761.99,2.85391
827,-606,23,606.44,2.27130
828,-437,288,523.37,1.96018
829,-433,399,588.80,2.20526
830,-291,302,419.39,1.57074
831,-968,159,980.97,3.67405
832,-850,-167,866.25,3.24438
833,-684,220,718.51,2.69105
834,-578,185,606.88,2.27298
835,-634,-76,638.54,2.39153
836,-313,-306,437.73,1.63943
837,-43,159,164.71,0.61690
838,145,468,489.95,1.83501
839,-221,484,532.07,1.99277
840,-360,183,403.84,1.51252
841,-491,164,517.66,1.93882
842,-392,148,419.01,1.56932
843,-325,204,383.72,1.43715
844,-421,-127,439.74,1.64696
845,-723,-539,901.80,3.37754
846,-378,-614,721.03,2.70048
847,-201,-413,459.31,1.72028
# END
# FRAME,175,RX_TS,16302232899,FP_INDEX,747.3750,FP_INT,747,RXPACC,262,RXPWR,-67.40,STD_NOISE,132.00,NTM,13,NOISE_THRESH,1716.00,PEAK_IDX,749,PEAK_AMPL,16978,START,697,elapsed_s,17.7336
sample,real,imag,amplitude,amplitude_norm
697,-46,-62,77.20,0.29466
698,-295,-38,297.44,1.13526
699,-268,-138,301.44,1.15055
700,343,-107,359.30,1.37138
701,912,140,922.68,3.52169
702,513,348,619.90,2.36602
703,-261,131,292.03,1.11462
704,-362,192,409.77,1.56399
705,95,75,121.04,0.46197
706,567,417,703.83,2.68638
707,642,522,827.43,3.15815
708,597,51,599.17,2.28693
709,35,95,101.24,0.38642
710,-17,-70,72.03,0.27494
711,37,186,189.64,0.72383
712,74,113,135.07,0.51555
713,183,195,267.42,1.02069
714,51,173,180.36,0.68840
715,51,-29,58.67,0.22393
716,527,-172,554.36,2.11587
717,1006,176,1021.28,3.89801
718,736,380,828.31,3.16149
719,232,211,313.60,1.19695
720,0,272,272.00,1.03817
721,257,281,380.80,1.45344
722,865,380,944.79,3.60606
723,849,587,1032.17,3.93957
724,761,194,785.34,2.99748
725,481,168,509.49,1.94464
726,242,197,312.05,1.19102
727,-2,488,488.00,1.86261
728,-214,466,512.79,1.95721
729,160,480,505.96,1.93116
730,344,526,628.50,2.39885
731,26,621,621.54,2.37231
732,-775,513,929.41,3.54735
733,-1056,46,1057.00,4.03436
734,-834,-408,928.45,3.54370
735,211,-446,493.39,1.88318
736,495,87,502.59,1.91827
737,-130,272,301.47,1.15065
738,-814,-101,820.24,3.13069
739,-1021,-543,1156.41,4.41379
740,-930,-606,1110.02,4.23670
741,-872,-137,882.70,3.36907
742,-494,-316,586.42,2.23826
743,-17,-285,285.51,1.08972
744,23,-126,128.08,0.48886
745,-398,-108,412.39,1.57402
746,-1075,-847,1368.59,5.22362
747,-1908,-4973,5326.46,20.33001
748,-1272,-13989,14046.71,53.61340
749,2195,-16481,16626.53,63.46002
750,7493,-11788,13967.89,53.31256
751,8247,2348,8574.74,32.72800
752,2456,6801,7230.87,27.59875
753,-307,-3274,3288.36,12.55100
754,4136,-13816,14421.80,55.04504
755,9874,-12439,15881.58,60.61672
756,8628,-3922,9477.58,36.17396
757,1345,1092,1732.48,6.61252
758,-3235,3567,4815.47,18.37964
759,-5376,886,5448.52,20.79588
760,-2808,-3332,4357.42,16.63136
761,-254,-3727,3735.65,14.25819
762,1178,-1303,1756.56,6.70442
763,1608,1976,2547.59,9.72365
764,17,2064,2064.07,7.87813
765,-841,343,908.26,3.46663
766,-1009,658,1204.59,4.59768
767,-278,636,694.10,2.64925
768,543,-152,563.87,2.15219
769,16,-553,553.23,2.11157
770,-952,-257,986.08,3.76366
771,-1566,-209,1579.89,6.03010
772,-1066,-234,1091.38,4.16558
773,902,208,925.67,3.53310
774,1754,1030,2034.06,7.76360
775,814,1640,1830.90,6.98817
776,-526,1278,1382.01,5.27486
777,-260,936,971.44,3.70779
778,387,1143,1206.74,4.60587
779,1315,1437,1947.87,7.43462
780,1731,1056,2027.68,7.73925
781,1162,393,1226.66,4.68191
782,324,457,560.20,2.13817
783,-427,1179,1253.94,4.78604
784,-420,1376,1438.67,5.49111
785,30,1036,1036.43,3.95586
786,-104,502,512.66,1.95672
787,-363,836,911.41,3.47866
788,-526,832,984.33,3.75697
789,-348,147,377.77,1.44188
790,-368,-37,369.86,1.41166
791,-397,431,585.98,2.23656
792,-94,891,895.94,3.41964
793,170,952,967.06,3.69107
794,-54,481,484.02,1.84741
795,-407,232,468.48,1.78809
796,-304,457,548.88,2.09495
797,252,584,636.05,2.42767
798,183,1309,1321.73,5.04477
799,-63,1183,1184.68,4.52167
800,-26,1016,1016.33,3.87913
801,227,1136,1158.46,4.42160
802,380,1005,1074.44,4.10092
803,192,1180,1195.52,4.56305
804,-480,1096,1196.50,4.56680
805,-742,476,881.56,3.36472
806,-944,712,1182.40,4.51299
807,-992,611,1165.07,4.44683
808,-602,641,879.37,3.35636
809,-184,637,663.04,2.53070
810,-384,319,499.22,1.90541
811,-492,259,556.01,2.12217
812,-590,468,753.08,2.87434
813,-96,438,448.40,1.71144
814,10,978,978.05,3.73302
815,64,959,961.13,3.66845
816,90,927,931.36,3.55480
817,98,839,844.70,3.22406
818,144,409,433.61,1.65500
819,101,123,159.15,0.60746
820,-99,28,102.88,0.39268
821,-171,136,218.49,0.83392
822,-373,515,635.89,2.42705
823,-503,594,778.36,2.97084
824,-389,515,645.40,2.46337
825,-262,698,745.55,2.84562
826,-249,552,605.56,2.31130
827,134,539,555.41,2.11987
828,213,550,589.80,2.25116
829,230,428,485.88,1.85452
830,-162,953,966.67,3.68958
831,-384,736,830.15,3.16852
832,-67,754,756.97,2.88920
833,-106,685,693.15,2.64562
834,-316,557,640.39,2.44425
835,-313,226,386.06,1.47352
836,158,144,213.78,0.81594
837,477,23,477.55,1.82273
838,425,243,489.57,1.86857
839,88,385,394.93,1.50736
840,-66,546,549.97,2.09914
841,-59,421,425.11,1.62257
842,-8,373,373.09,1.42399
843,-264,391,471.78,1.80069
844,-681,552,876.62,3.34588
845,-613,151,631.32,2.40963
846,-420,119,436.53,1.66616
# END
# FRAME,176,RX_TS,22692028145,FP_INDEX,753.7187,FP_INT,753,RXPACC,266,RXPWR,-67.54,STD_NOISE,152.00,NTM,13,NOISE_THRESH,1976.00,PEAK_IDX,755,PEAK_AMPL,17337,START,703,elapsed_s,17.8366
sample,real,imag,amplitude,amplitude_norm
703,-31,86,91.42,0.34367
704,247,143,285.41,1.07296
705,359,295,464.66,1.74683
706,-186,266,324.58,1.22022
707,-817,-110,824.37,3.09914
708,-613,-408,736.36,2.76829
709,112,-236,261.23,0.98206
710,452,-89,460.68,1.73188
711,141,-131,192.46,0.72355
712,-398,-280,486.63,1.82942
713,-533,-557,770.93,2.89825
714,-483,-246,542.04,2.03774
715,-78,-58,97.20,0.36542
716,86,108,138.06,0.51901
717,53,48,71.51,0.26882
718,7,-126,126.19,0.47441
719,-89,-49,101.60,0.38194
720,27,-174,176.08,0.66196
721,65,-18,67.45,0.25356
722,-331,177,375.35,1.41110
723,-794,-205,820.04,3.08285
724,-685,-508,852.81,3.20606
725,-271,-181,325.89,1.22514
726,72,-158,173.63,0.65275
727,-14,-293,293.33,1.10276
728,-629,-333,711.71,2.67560
729,-705,-596,923.17,3.47056
730,-648,-372,747.19,2.80897
731,-408,-130,428.21,1.60981
732,-214,-79,228.12,0.85758
733,34,-357,358.62,1.34818
734,231,-557,603.00,2.26692
735,-40,-262,265.04,0.99638
736,-143,-573,590.57,2.22020
737,-27,-556,556.66,2.09269
738,712,-454,844.43,3.17454
739,1148,40,1148.70,4.31841
740,1070,437,1155.80,4.34511
741,157,622,641.51,2.41169
742,-494,47,496.23,1.86553
743,5,-249,249.05,0.93628
744,750,174,769.92,2.89443
745,925,636,1122.55,4.22012
746,883,828,1210.48,4.55069
747,875,356,944.65,3.55131
748,614,256,665.23,2.50087
749,139,353,379.38,1.42624
750,-52,179,186.40,0.70075
751,210,52,216.34,0.81332
752,842,692,1089.88,4.09728
753,1285,3381,3616.96,13.59759
754,66,12121,12121.18,45.56834
755,-3616,16461,16853.48,63.35896
756,-7995,13371,15578.95,58.56748
757,-8806,414,8815.73,33.14183
758,-3172,-7711,8337.93,31.34561
759,343,-211,402.70,1.51392
760,-4101,11570,12275.30,46.14776
761,-10578,12664,16500.63,62.03246
762,-10757,4592,11696.13,43.97042
763,-2489,-1066,2707.67,10.17921
764,3502,-3630,5043.90,18.96202
765,6786,-1618,6976.23,26.22641
766,3628,3661,5154.15,19.37652
767,57,4224,4224.38,15.88114
768,-1176,1906,2239.60,8.41955
769,-1200,-1484,1908.47,7.17470
770,39,-2396,2396.32,9.00871
771,698,-288,755.08,2.83865
772,844,-157,858.48,3.22736
773,487,-620,788.40,2.96390
774,-488,-144,508.80,1.91279
775,-173,714,734.66,2.76188
776,617,588,852.31,3.20417
777,1315,425,1381.97,5.19539
778,1188,538,1304.14,4.90279
779,-593,-77,597.98,2.24804
780,-1631,-1036,1932.22,7.26397
781,-922,-1701,1934.81,7.27372
782,573,-1405,1517.35,5.70433
783,607,-739,956.33,3.59523
784,36,-1019,1019.64,3.83322
785,-709,-1203,1396.38,5.24957
786,-1398,-1437,2004.84,7.53698
787,-1150,-647,1319.51,4.96057
788,-413,-470,625.67,2.35216
789,523,-727,895.58,3.36683
790,851,-1134,1417.80,5.33008
791,346,-993,1051.55,3.95321
792,131,-577,591.68,2.22438
793,313,-545,628.49,2.36273
794,692,-794,1053.23,3.95952
795,584,-106,593.54,2.23136
796,307,195,363.69,1.36727
797,634,-15,634.18,2.38413
798,356,-749,829.30,3.11767
799,117,-818,826.33,3.10648
800,117,-582,593.64,2.23174
801,421,-99,432.48,1.62588
802,417,-223,472.88,1.77775
803,-47,-428,430.57,1.61870
804,65,-1220,1221.73,4.59297
805,365,-1155,1211.30,4.55376
806,247,-856,890.92,3.34934
807,52,-888,889.52,3.34406
808,-87,-955,958.95,3.60509
809,-131,-921,930.27,3.49726
810,526,-1134,1250.05,4.69945
811,913,-443,1014.80,3.81504
812,1178,-409,1246.98,4.68790
813,1248,-274,1277.72,4.80348
814,833,-309,888.46,3.34009
815,375,-552,667.33,2.50876
816,406,-326,520.68,1.95746
817,449,32,450.14,1.69225
818,630,-255,679.65,2.55508
819,202,-254,324.53,1.22004
820,12,-809,809.09,3.04169
821,41,-879,879.96,3.30810
822,142,-910,921.01,3.46245
823,134,-847,857.53,3.22381
824,-56,-582,584.69,2.19807
825,-113,-197,227.11,0.85379
826,126,136,185.40,0.69698
827,191,58,199.61,0.75042
828,417,-251,486.71,1.82975
829,624,-483,789.09,2.96651
830,525,-381,648.68,2.43865
831,388,-575,693.66,2.60776
832,418,-540,682.88,2.56721
833,99,-396,408.19,1.53454
834,-54,-483,486.01,1.82710
835,-97,-408,419.37,1.57659
836,337,-869,932.06,3.50397
837,686,-704,982.96,3.69534
838,266,-612,667.31,2.50868
839,184,-647,672.66,2.52878
840,395,-576,698.43,2.62567
841,433,-119,449.05,1.68818
842,106,-130,167.74,0.63059
843,-346,-86,356.53,1.34033
844,-276,-338,436.37,1.64049
845,15,-292,292.39,1.09919
846,247,-321,405.03,1.52267
847,177,-373,412.87,1.55213
848,53,-286,290.87,1.09349
849,224,-184,289.88,1.08978
850,672,-373,768.58,2.88939
851,773,-87,777.88,2.92436
852,689,-84,694.10,2.60940
# END
# FRAME,177,RX_TS,29081823366,FP_INDEX,752.9219,FP_INT,752,RXPACC,281,RXPWR,-67.32,STD_NOISE,140.00,NTM,13,NOISE_THRESH,1820.00,PEAK_IDX,754,PEAK_AMPL,18472,START,702,elapsed_s,17.9587
sample,real,imag,amplitude,amplitude_norm
702,33,17,37.12,0.13210
703,-135,172,218.65,0.77812
704,-313,353,471.78,1.67894
705,-257,-21,257.86,0.91764
706,273,-652,706.85,2.51547
707,539,-609,813.27,2.89419
708,309,93,322.69,1.14837
709,-202,552,587.80,2.09181
710,111,315,333.99,1.18856
711,338,-275,435.74,1.55067
712,745,-325,812.80,2.89254
713,557,-445,712.93,2.53713
714,133,-195,236.04,0.83999
715,17,143,144.01,0.51248
716,1,68,68.01,0.24202
717,305,168,348.21,1.23918
718,88,-28,92.35,0.32864
719,322,2,322.01,1.14593
720,69,98,119.85,0.42653
721,-104,-301,318.46,1.13331
722,348,-677,761.20,2.70891
723,756,-790,1093.45,3.89129
724,481,-245,539.80,1.92100
725,290,207,356.30,1.26797
726,337,147,367.67,1.30842
727,555,-457,718.94,2.55850
728,841,-607,1037.17,3.69101
729,772,-530,936.42,3.33246
730,378,-443,582.35,2.07242
731,304,-300,427.10,1.51994
732,291,98,307.06,1.09274
733,571,428,713.60,2.53950
734,270,171,319.60,1.13735
735,666,-6,666.03,2.37020
736,588,4,588.01,2.09258
737,463,745,877.15,3.12153
738,-225,1175,1196.35,4.25747
739,-583,1030,1183.55,4.21192
740,-717,156,733.77,2.61130
741,98,-563,571.47,2.03369
742,393,-40,395.03,1.40580
743,-141,620,635.83,2.26274
744,-819,812,1153.30,4.10428
745,-1132,706,1334.11,4.74774
746,-664,780,1024.35,3.64538
747,-449,733,859.59,3.05903
748,-388,194,433.80,1.54376
749,-171,-66,183.29,0.65229
750,-74,116,137.59,0.48966
751,-663,617,905.68,3.22306
752,-2750,519,2798.55,9.95924
753,-10430,-2600,10749.18,38.25331
754,-16445,-8144,18351.10,65.30640
755,-13550,-12021,18113.72,64.46165
756,-697,-10701,10723.67,38.16254
757,9474,-2237,9734.52,34.64241
758,2623,1173,2873.34,10.22539
759,-8969,-5683,10617.88,37.78606
760,-10801,-13785,17512.51,62.32209
761,-3280,-14007,14385.91,51.19541
762,1517,-4429,4681.59,16.66048
763,2013,2678,3350.20,11.92243
764,1015,6587,6664.74,23.71795
765,-3346,3157,4600.26,16.37102
766,-4224,-794,4297.98,15.29529
767,-2635,-1794,3187.74,11.34426
768,1209,-1119,1647.37,5.86254
769,2984,399,3010.56,10.71373
770,605,1102,1257.15,4.47385
771,-244,1085,1112.10,3.95764
772,344,891,955.10,3.39893
773,423,-429,602.47,2.14402
774,-338,-537,634.52,2.25807
775,-643,395,754.64,2.68553
776,-899,1242,1533.22,5.45630
777,-1316,1189,1773.58,6.31166
778,-123,-298,322.39,1.14728
779,1217,-1399,1854.26,6.59880
780,1879,-943,2102.35,7.48169
781,1398,744,1583.65,5.63576
782,605,986,1156.82,4.11678
783,1065,560,1203.26,4.28205
784,1382,-99,1385.54,4.93075
785,2120,-781,2259.28,8.04015
786,1210,-967,1548.93,5.51221
787,817,-516,966.30,3.43881
788,701,562,898.47,3.19740
789,1130,1354,1763.58,6.27609
790,895,800,1200.43,4.27198
791,766,320,830.15,2.95429
792,399,395,561.45,1.99804
793,793,856,1166.87,4.15256
794,163,683,702.18,2.49886
795,-131,234,268.17,0.95435
796,-217,479,525.86,1.87139
797,709,573,911.60,3.24412
798,883,446,989.24,3.52044
799,865,276,907.97,3.23119
800,76,421,427.80,1.52244
801,92,500,508.39,1.80923
802,396,294,493.21,1.75518
803,1120,216,1140.64,4.05921
804,1386,737,1569.77,5.58636
805,996,559,1142.15,4.06458
806,839,412,934.70,3.32634
807,1154,254,1181.62,4.20506
808,1021,122,1028.26,3.65930
809,1279,855,1538.46,5.47495
810,349,1155,1206.58,4.29387
811,200,1258,1273.80,4.53309
812,144,1528,1534.77,5.46182
813,191,1050,1067.23,3.79797
814,460,618,770.41,2.74166
815,355,576,676.61,2.40786
816,-78,555,560.45,1.99450
817,98,804,809.95,2.88239
818,144,616,632.61,2.25127
819,703,286,758.95,2.70089
820,973,484,1086.73,3.86737
821,912,444,1014.34,3.60974
822,772,408,873.18,3.10741
823,728,277,778.92,2.77195
824,321,-34,322.80,1.14874
825,-89,-48,101.12,0.35985
826,3,50,50.09,0.17826
827,208,411,460.64,1.63927
828,456,820,938.26,3.33901
829,324,760,826.18,2.94015
830,480,596,765.26,2.72333
831,560,675,877.05,3.12119
832,373,305,481.82,1.71467
833,648,114,657.95,2.34146
834,468,24,468.61,1.66767
835,730,348,808.71,2.87795
836,748,953,1211.49,4.31136
837,563,527,771.17,2.74437
838,738,436,857.17,3.05043
839,612,476,775.32,2.75914
840,124,510,524.86,1.86782
841,181,290,341.85,1.21655
842,214,-294,363.64,1.29408
843,472,-330,575.92,2.04954
844,486,-14,486.20,1.73025
845,419,299,514.74,1.83183
846,562,390,684.06,2.43439
847,477,145,498.55,1.77421
848,270,251,368.65,1.31191
849,346,760,835.05,2.97172
850,8,952,952.03,3.38802
851,-91,677,683.09,2.43092
# END
# FRAME,178,RX_TS,35471618581,FP_INDEX,750.2812,FP_INT,750,RXPACC,267,RXPWR,-67.12,STD_NOISE,140.00,NTM,13,NOISE_THRESH,1820.00,PEAK_IDX,752,PEAK_AMPL,17732,START,700,elapsed_s,18.0371
sample,real,imag,amplitude,amplitude_norm
700,-81,-17,82.76,0.30998
701,-316,99,331.14,1.24024
702,-265,-115,288.88,1.08194
703,430,-336,545.71,2.04385
704,874,-271,915.05,3.42715
705,510,248,567.10,2.12398
706,-303,293,421.49,1.57863
707,-135,389,411.76,1.54217
708,214,-32,216.38,0.81041
709,733,146,747.40,2.79925
710,834,83,838.12,3.13903
711,347,-155,380.04,1.42339
712,20,84,86.35,0.32340
713,6,29,29.61,0.11091
714,114,268,291.24,1.09078
715,132,-12,132.54,0.49642
716,286,165,330.18,1.23664
717,34,47,58.01,0.21726
718,28,-141,143.75,0.53840
719,518,-310,603.68,2.26096
720,1029,-229,1054.17,3.94822
721,634,119,645.07,2.41600
722,193,149,243.82,0.91320
723,154,309,345.25,1.29307
724,538,107,548.54,2.05445
725,1030,-31,1030.47,3.85942
726,1012,136,1021.10,3.82434
727,645,-105,653.49,2.44753
728,408,-80,415.77,1.55719
729,246,121,274.15,1.02677
730,269,576,635.72,2.38097
731,48,390,392.94,1.47170
732,496,345,604.19,2.26287
733,568,331,657.41,2.46220
734,161,672,691.02,2.58808
735,-631,821,1035.47,3.87817
736,-970,537,1108.72,4.15252
737,-866,-96,871.30,3.26331
738,174,-368,407.06,1.52458
739,497,36,498.30,1.86630
740,-155,362,393.79,1.47486
741,-897,258,933.37,3.49575
742,-1153,-39,1153.66,4.32082
743,-1096,177,1110.20,4.15805
744,-764,290,817.19,3.06063
745,-346,-22,346.70,1.29850
746,-73,-238,248.94,0.93237
747,-25,-27,36.80,0.13782
748,-570,191,601.15,2.25150
749,-1737,-506,1809.20,6.77603
750,-5193,-5425,7509.85,28.12679
751,-8278,-14066,16321.08,61.12764
752,-5227,-16460,17270.01,64.68167
753,3293,-11602,12060.28,45.16957
754,8887,1160,8962.39,33.56699
755,3393,4078,5304.95,19.86874
756,-2944,-5810,6513.31,24.39443
757,-1964,-15529,15652.70,58.62436
758,4326,-14376,15012.78,56.22765
759,5038,-4706,6894.05,25.82040
760,786,2287,2418.30,9.05730
761,-2202,6361,6731.35,25.21106
762,-4708,2269,5226.24,19.57395
763,-3579,-2550,4394.51,16.45885
764,-1762,-3382,3813.47,14.28267
765,912,-1072,1407.45,5.27137
766,2244,1525,2713.15,10.16160
767,369,1515,1559.29,5.84004
768,-764,677,1020.80,3.82321
769,-520,849,995.59,3.72880
770,418,117,434.07,1.62571
771,271,-602,660.19,2.47261
772,-502,-252,561.70,2.10375
773,-1304,422,1370.58,5.13327
774,-1815,359,1850.16,6.92945
775,-581,-100,589.54,2.20803
776,1410,-394,1464.01,5.48320
777,2132,172,2138.93,8.01096
778,1050,1288,1661.76,6.22382
779,-131,1248,1254.86,4.69984
780,387,988,1061.09,3.97412
781,1029,790,1297.28,4.85873
782,1974,668,2083.96,7.80510
783,1726,109,1729.44,6.47730
784,939,100,944.31,3.53674
785,327,695,768.08,2.87672
786,79,1485,1487.10,5.56966
787,237,1184,1207.49,4.52242
788,523,837,986.96,3.69649
789,110,477,489.52,1.83341
790,138,1074,1082.83,4.05554
791,-214,787,815.58,3.05459
792,-350,201,403.61,1.51165
793,-450,76,456.37,1.70926
794,16,734,734.17,2.74972
795,362,893,963.58,3.60893
796,608,751,966.26,3.61896
797,54,378,381.84,1.43010
798,-221,397,454.37,1.70175
799,64,434,438.69,1.64305
800,729,658,982.04,3.67806
801,822,1332,1565.22,5.86224
802,587,1039,1193.35,4.46948
803,537,839,996.14,3.73085
804,769,933,1209.07,4.52835
805,726,647,972.46,3.64218
806,661,1165,1339.46,5.01669
807,-139,1191,1199.08,4.49095
808,-555,999,1142.81,4.28021
809,-800,1232,1468.95,5.50170
810,-549,932,1081.68,4.05122
811,-72,717,720.61,2.69890
812,131,672,684.65,2.56423
813,-278,444,523.85,1.96199
814,-373,569,680.36,2.54817
815,-366,697,787.25,2.94851
816,187,531,562.97,2.10848
817,548,823,988.75,3.70320
818,578,783,973.23,3.64505
819,426,814,918.73,3.44095
820,428,697,817.92,3.06337
821,323,193,376.27,1.40925
822,31,49,57.98,0.21716
823,-85,71,110.75,0.41480
824,40,286,288.78,1.08159
825,-61,773,775.40,2.90413
826,-201,777,802.58,3.00591
827,7,686,686.04,2.56942
828,129,826,836.01,3.13113
829,125,485,500.85,1.87584
830,476,411,628.89,2.35538
831,374,377,531.04,1.98892
832,456,531,699.93,2.62145
833,181,1270,1282.83,4.80462
834,15,745,745.15,2.79083
835,347,720,799.26,2.99347
836,265,696,744.74,2.78930
837,-38,512,513.41,1.92288
838,-128,367,388.68,1.45573
839,273,-11,273.22,1.02330
840,529,-75,534.29,2.00109
841,468,255,532.96,1.99611
842,155,490,513.93,1.92483
843,214,658,691.92,2.59148
844,209,357,413.68,1.54936
845,214,260,336.74,1.26121
846,-108,580,589.97,2.20962
847,-450,766,888.40,3.32734
848,-430,459,628.95,2.35563
849,-193,323,376.27,1.40925
# END
# FRAME,179,RX_TS,41861404052,FP_INDEX,749.0156,FP_INT,749,RXPACC,271,RXPWR,-67.25,STD_NOISE,156.00,NTM,13,NOISE_THRESH,2028.00,PEAK_IDX,750,PEAK_AMPL,17775,START,699,elapsed_s,18.1329
sample,real,imag,amplitude,amplitude_norm
699,41,254,257.29,0.94940
700,50,448,450.78,1.66340
701,-186,153,240.84,0.88872
702,-408,-659,775.08,2.86006
703,-76,-797,800.62,2.95430
704,278,-122,303.59,1.12027
705,314,516,604.03,2.22889
706,200,172,263.79,0.97339
707,-3,-414,414.01,1.52772
708,237,-751,787.51,2.90594
709,-31,-614,614.78,2.26857
710,-39,-158,162.74,0.60052
711,72,156,171.81,0.63400
712,53,84,99.32,0.36650
713,223,19,223.81,0.82586
714,-44,-5,44.28,0.16341
715,131,-122,179.01,0.66056
716,38,41,55.90,0.20628
717,-309,-97,323.87,1.19508
718,-281,-693,747.80,2.75942
719,-12,-958,958.08,3.53533
720,120,-476,490.89,1.81141
721,268,-93,283.68,1.04678
722,349,-133,373.48,1.37817
723,27,-687,687.53,2.53701
724,108,-951,957.11,3.53178
725,58,-888,889.89,3.28373
726,-148,-525,545.46,2.01278
727,1,-351,351.00,1.29521
728,237,-119,265.20,0.97859
729,637,-225,675.57,2.49288
730,282,-43,285.26,1.05262
731,447,-488,661.78,2.44199
732,398,-465,612.07,2.25856
733,780,186,801.87,2.95893
734,716,933,1176.07,4.33975
735,486,1117,1218.15,4.49501
736,-357,689,776.00,2.86345
737,-357,-333,488.20,1.80147
738,232,-250,341.06,1.25854
739,441,524,684.88,2.52722
740,169,1089,1102.04,4.06655
741,-98,1325,1328.62,4.90265
742,230,996,1022.21,3.77200
743,222,683,718.17,2.65009
744,-119,351,370.62,1.36762
745,-133,79,154.69,0.57082
746,60,178,187.84,0.69314
747,86,995,998.71,3.68528
748,-1372,2618,2955.72,10.90673
749,-8483,6776,10857.05,40.06290
750,-15740,8075,17690.48,65.27854
751,-16234,3050,16518.03,60.95213
752,-7799,-5938,9802.26,36.17069
753,4047,-8217,9159.55,33.79906
754,1956,-898,2152.29,7.94202
755,-10068,3635,10704.10,39.49854
756,-16495,85,16495.22,60.86797
757,-12061,-5761,13366.26,49.32198
758,-1961,-3537,4044.24,14.92340
759,4097,-35,4097.15,15.11863
760,6396,3434,7259.56,26.78803
761,630,4907,4947.28,18.25563
762,-3135,2865,4246.93,15.67134
763,-2914,629,2981.11,11.00042
764,-157,-1961,1967.27,7.25932
765,2057,-1945,2830.95,10.44631
766,1092,503,1202.28,4.43645
767,539,954,1095.74,4.04331
768,729,219,761.18,2.80880
769,-111,-573,583.65,2.15370
770,-646,85,651.57,2.40431
771,-116,861,868.78,3.20583
772,480,1371,1452.60,5.36014
773,297,1415,1445.83,5.33518
774,-269,-267,379.01,1.39857
775,-360,-1817,1852.32,6.83513
776,538,-1823,1900.73,7.01376
777,1455,-409,1511.39,5.57709
778,1090,160,1101.68,4.06524
779,1030,-509,1148.90,4.23950
780,648,-1150,1320.00,4.87085
781,523,-2020,2086.61,7.69966
782,-93,-1404,1407.08,5.19217
783,179,-720,741.92,2.73770
784,956,-71,958.63,3.53739
785,1674,-41,1674.50,6.17897
786,1043,-246,1071.62,3.95431
787,690,-331,765.28,2.82393
788,613,-26,613.55,2.26403
789,1165,-40,1165.69,4.30143
790,542,378,660.79,2.43835
791,31,373,374.29,1.38113
792,256,582,635.81,2.34618
793,847,-93,852.09,3.14424
794,829,-389,915.73,3.37908
795,767,-422,875.43,3.23036
796,366,257,447.22,1.65026
797,488,257,551.54,2.03519
798,385,-163,418.08,1.54274
799,947,-760,1214.25,4.48064
800,1275,-584,1402.38,5.17485
801,911,-454,1017.86,3.75594
802,829,-453,944.70,3.48596
803,909,-688,1140.01,4.20668
804,680,-642,935.18,3.45085
805,1268,-364,1319.21,4.86794
806,972,415,1056.89,3.89995
807,1170,609,1319.01,4.86719
808,1185,886,1479.60,5.45978
809,988,569,1140.13,4.20714
810,741,96,747.19,2.75717
811,581,95,588.72,2.17238
812,340,447,561.61,2.07237
813,710,417,823.40,3.03838
814,487,253,548.80,2.02508
815,630,-383,737.28,2.72061
816,820,-480,950.16,3.50612
817,836,-484,966.00,3.56457
818,717,-351,798.30,2.94577
819,593,-398,714.18,2.63535
820,187,-246,309.01,1.14025
821,-4,42,42.19,0.15568
822,92,138,165.86,0.61201
823,279,188,336.43,1.24144
824,701,254,745.60,2.75129
825,676,153,693.10,2.55756
826,724,-66,727.00,2.68266
827,844,-3,844.01,3.11441
828,462,-18,462.35,1.70609
829,428,-426,603.87,2.22831
830,232,-427,485.96,1.79319
831,787,-375,871.78,3.21689
832,1220,73,1222.18,4.50990
833,714,-43,715.29,2.63946
834,665,-207,696.47,2.57001
835,798,-147,811.43,2.99419
836,489,293,570.06,2.10355
837,215,99,236.70,0.87342
838,-127,-325,348.93,1.28757
839,139,-565,581.85,2.14704
840,372,-298,476.64,1.75883
841,396,-60,400.52,1.47793
842,575,-116,586.58,2.16452
843,386,-175,423.82,1.56390
844,281,15,281.40,1.03838
845,714,301,774.85,2.85924
846,617,489,787.28,2.90509
847,494,379,622.64,2.29755
848,262,336,426.08,1.57223
# END
# FRAME,180,RX_TS,48251141346,FP_INDEX,754.2344,FP_INT,754,RXPACC,266,RXPWR,-67.59,STD_NOISE,136.00,NTM,13,NOISE_THRESH,1768.00,PEAK_IDX,756,PEAK_AMPL,17051,START,704,elapsed_s,18.2502
sample,real,imag,amplitude,amplitude_norm
704,113,162,197.52,0.74255
705,368,111,384.38,1.44502
706,288,193,346.69,1.30334
707,-448,188,485.85,1.82650
708,-838,-107,844.80,3.17595
709,-380,-433,576.10,2.16578
710,445,-192,484.65,1.82201
711,412,-213,463.80,1.74362
712,-88,43,97.94,0.36821
713,-548,-330,639.69,2.40485
714,-597,-414,726.50,2.73121
715,-391,-1,391.00,1.46993
716,19,-34,38.95,0.14642
717,-13,38,40.16,0.15099
718,26,-151,153.22,0.57602
719,-2,-54,54.04,0.20315
720,-86,-230,245.55,0.92313
721,-25,-67,71.51,0.26884
722,-72,130,148.61,0.55867
723,-531,165,556.04,2.09039
724,-984,-155,996.13,3.74486
725,-632,-294,697.04,2.62044
726,-117,-147,187.88,0.70631
727,52,-242,247.52,0.93054
728,-230,-236,329.54,1.23887
729,-818,-278,863.95,3.24793
730,-788,-524,946.32,3.55759
731,-655,-174,677.72,2.54781
732,-468,-141,488.78,1.83752
733,-202,-189,276.63,1.03997
734,53,-551,553.54,2.08099
735,247,-412,480.37,1.80589
736,-59,-469,472.70,1.77705
737,-260,-459,527.52,1.98317
738,119,-629,640.16,2.40661
739,954,-434,1048.08,3.94015
740,1189,55,1190.27,4.47470
741,828,594,1019.03,3.83094
742,-196,525,560.39,2.10674
743,-451,-63,455.38,1.71195
744,330,-138,357.69,1.34471
745,1008,240,1036.18,3.89540
746,1097,704,1303.47,4.90025
747,965,633,1154.09,4.33867
748,883,162,897.74,3.37495
749,514,328,609.74,2.29225
750,28,308,309.27,1.16267
751,40,141,146.56,0.55099
752,487,102,497.57,1.87055
753,1198,1133,1648.91,6.19890
754,2183,6277,6645.77,24.98409
755,1119,14965,15006.78,56.41646
756,-2707,16474,16694.92,62.76287
757,-8054,10691,13385.23,50.32042
758,-7920,-3697,8740.38,32.85856
759,-1734,-6140,6380.15,23.98554
760,255,4942,4948.57,18.60366
761,-4866,14541,15333.58,57.64503
762,-10391,11794,15718.50,59.09211
763,-7962,2999,8508.08,31.98527
764,-691,-1351,1517.46,5.70473
765,3873,-3467,5198.10,19.54172
766,5406,-131,5407.59,20.32927
767,2530,3460,4286.32,16.11397
768,55,3405,3405.44,12.80242
769,-1405,758,1596.43,6.00162
770,-1554,-2299,2774.94,10.43212
771,410,-1799,1845.13,6.93658
772,1157,-109,1162.12,4.36888
773,1040,-377,1106.22,4.15873
774,-118,-268,292.83,1.10086
775,-671,260,719.61,2.70531
776,156,348,381.37,1.43371
777,1134,171,1146.82,4.31136
778,1678,359,1715.97,6.45103
779,635,454,780.60,2.93460
780,-1202,-105,1206.58,4.53601
781,-1595,-953,1858.02,6.98503
782,-431,-1646,1701.49,6.39659
783,690,-1189,1374.71,5.16807
784,249,-886,920.32,3.45987
785,-222,-1032,1055.61,3.96845
786,-1230,-1355,1830.01,6.87972
787,-1581,-945,1841.90,6.92443
788,-1024,-403,1100.45,4.13702
789,-165,-562,585.72,2.20196
790,641,-1188,1349.90,5.07481
791,538,-1071,1198.53,4.50577
792,19,-866,866.21,3.25642
793,61,-442,446.19,1.67740
794,384,-916,993.23,3.73396
795,566,-644,857.38,3.22321
796,354,30,355.27,1.33560
797,365,204,418.14,1.57195
798,364,-453,581.12,2.18468
799,119,-857,865.22,3.25272
800,-67,-912,914.46,3.43781
801,241,-385,454.21,1.70755
802,486,-186,520.38,1.95630
803,235,-380,446.79,1.67968
804,-292,-616,681.70,2.56280
805,-158,-1354,1363.19,5.12476
806,69,-1122,1124.12,4.22601
807,84,-927,930.80,3.49924
808,-121,-1083,1089.74,4.09676
809,-243,-867,900.41,3.38500
810,-44,-1187,1187.82,4.46547
811,609,-950,1128.44,4.24226
812,838,-409,932.48,3.50558
813,1113,-588,1258.77,4.73223
814,1042,-539,1173.15,4.41035
815,653,-551,854.41,3.21205
816,334,-506,606.29,2.27930
817,463,-153,487.62,1.83318
818,586,-210,622.49,2.34019
819,683,-411,797.13,2.99671
820,85,-377,386.46,1.45287
821,-23,-893,893.30,3.35826
822,-9,-870,870.05,3.27085
823,38,-810,810.89,3.04846
824,-16,-761,761.17,2.86153
825,-168,-351,389.13,1.46291
826,-48,-77,90.74,0.34111
827,101,9,101.40,0.38120
828,209,-110,236.18,0.88789
829,354,-482,598.03,2.24823
830,546,-462,715.23,2.68885
831,400,-475,620.99,2.33454
832,270,-716,765.22,2.87675
833,250,-453,517.41,1.94514
834,-110,-484,496.34,1.86595
835,-208,-410,459.74,1.72836
836,-236,-419,480.89,1.80786
837,192,-1020,1037.91,3.90193
838,407,-743,847.17,3.18485
839,109,-722,730.18,2.74504
840,102,-636,644.13,2.42153
841,288,-451,535.11,2.01170
842,276,-221,353.58,1.32924
843,-181,-129,222.27,0.83558
844,-430,-114,444.86,1.67239
845,-303,-351,463.69,1.74320
846,63,-334,339.89,1.27778
847,168,-437,468.18,1.76008
848,28,-251,252.56,0.94946
849,54,-193,200.41,0.75343
850,329,-404,521.02,1.95870
851,706,-424,823.54,3.09600
852,607,-85,612.92,2.30422
853,445,-59,448.89,1.68757
# END
# FRAME,181,RX_TS,54641003609,FP_INDEX,751.9687,FP_INT,751,RXPACC,281,RXPWR,-67.36,STD_NOISE,144.00,NTM,13,NOISE_THRESH,1872.00,PEAK_IDX,753,PEAK_AMPL,18323,START,701,elapsed_s,18.3459
sample,real,imag,amplitude,amplitude_norm
701,30,-34,45.34,0.16136
702,-77,132,152.82,0.54383
703,-233,372,438.95,1.56208
704,-270,-38,272.66,0.97032
705,237,-726,763.70,2.71781
706,646,-665,927.11,3.29934
707,452,65,456.65,1.62509
708,-148,541,560.88,1.99601
709,94,311,324.90,1.15621
710,272,-252,370.79,1.31955
711,769,-296,824.00,2.93239
712,603,-389,717.59,2.55369
713,145,-162,217.41,0.77372
714,-1,139,139.00,0.49467
715,62,60,86.28,0.30704
716,243,173,298.29,1.06154
717,120,-74,140.98,0.50172
718,317,30,318.42,1.13315
719,48,17,50.92,0.18122
720,-50,-293,297.24,1.05778
721,401,-723,826.76,2.94220
722,835,-690,1083.20,3.85481
723,553,-201,588.40,2.09394
724,156,108,189.74,0.67522
725,333,177,377.12,1.34206
726,586,-354,684.63,2.43639
727,882,-655,1098.61,3.90965
728,856,-552,1018.55,3.62473
729,388,-507,638.43,2.27199
730,355,-229,422.45,1.50339
731,338,138,365.09,1.29924
732,527,400,661.61,2.35449
733,303,256,396.67,1.41163
734,704,-6,704.03,2.50543
735,678,-12,678.11,2.41319
736,560,698,894.88,3.18461
737,-195,1218,1233.51,4.38972
738,-575,1065,1210.31,4.30715
739,-743,273,791.57,2.81696
740,16,-502,502.25,1.78738
741,396,-128,416.17,1.48104
742,-71,626,630.01,2.24204
743,-742,823,1108.10,3.94343
744,-1134,757,1363.45,4.85215
745,-704,836,1092.94,3.88946
746,-431,767,879.80,3.13096
747,-365,95,377.16,1.34221
748,-131,-159,206.01,0.73315
749,-123,96,156.03,0.55526
750,-578,616,844.71,3.00610
751,-2609,655,2689.96,9.57283
752,-10217,-2010,10412.84,37.05636
753,-16482,-7552,18129.78,64.51880
754,-13943,-11631,18157.30,64.61671
755,-1444,-10974,11068.60,39.39002
756,9305,-2904,9747.63,34.68906
757,2979,1194,3209.37,11.42126
758,-8715,-5052,10073.43,35.84850
759,-11329,-13293,17465.68,62.15546
760,-3835,-14166,14675.93,52.22749
761,1511,-4936,5162.09,18.37044
762,2215,2451,3303.58,11.75650
763,1609,6772,6960.52,24.77054
764,-2863,3589,4591.04,16.33824
765,-3870,-547,3908.47,13.90913
766,-2562,-1755,3105.46,11.05145
767,1091,-1224,1639.65,5.83506
768,3110,268,3121.53,11.10863
769,734,995,1236.44,4.40014
770,-287,1055,1093.34,3.89089
771,240,1038,1065.38,3.79140
772,406,-216,459.88,1.63659
773,-252,-504,563.49,2.00530
774,-462,345,576.60,2.05196
775,-679,1187,1367.48,4.86649
776,-985,1250,1591.45,5.66354
777,-94,-165,189.90,0.67579
778,1287,-1404,1904.62,6.77801
779,2040,-934,2243.65,7.98451
780,1523,726,1687.19,6.00423
781,658,1099,1280.92,4.55845
782,1124,681,1314.21,4.67689
783,1406,0,1406.00,5.00356
784,1968,-870,2151.73,7.65739
785,1136,-1098,1579.91,5.62244
786,704,-517,873.44,3.10834
787,738,590,944.85,3.36246
788,1156,1304,1742.63,6.20152
789,864,801,1178.18,4.19279
790,814,301,867.87,3.08850
791,428,377,570.36,2.02976
792,782,872,1171.28,4.16827
793,129,690,701.96,2.49806
794,-288,253,383.34,1.36422
795,-326,367,490.88,1.74691
796,597,500,778.72,2.77126
797,836,412,932.01,3.31676
798,744,272,792.16,2.81908
799,114,373,390.03,1.38801
800,196,457,497.26,1.76960
801,448,258,516.98,1.83979
802,1178,192,1193.54,4.24749
803,1434,677,1585.78,5.64333
804,968,470,1076.07,3.82943
805,919,357,985.91,3.50856
806,1182,259,1210.04,4.30620
807,980,136,989.39,3.52097
808,1211,753,1426.02,5.07480
809,337,1075,1126.59,4.00920
810,160,1166,1176.93,4.18835
811,131,1415,1421.05,5.05712
812,239,1071,1097.34,3.90514
813,380,690,787.72,2.80327
814,363,522,635.81,2.26267
815,-13,523,523.16,1.86178
816,141,770,782.80,2.78578
817,143,635,650.90,2.31638
818,682,342,762.95,2.71511
819,940,464,1048.28,3.73054
820,920,380,995.39,3.54231
821,770,349,845.40,3.00854
822,773,232,807.06,2.87212
823,405,-129,425.05,1.51263
824,138,1,138.00,0.49112
825,20,165,166.21,0.59149
826,129,404,424.10,1.50924
827,343,735,811.09,2.88646
828,249,780,818.78,2.91381
829,472,535,713.45,2.53896
830,637,604,877.83,3.12395
831,356,302,466.84,1.66135
832,607,118,618.36,2.20058
833,446,-9,446.09,1.58751
834,785,281,833.78,2.96718
835,855,995,1311.89,4.66864
836,537,599,804.47,2.86288
837,667,443,800.71,2.84951
838,646,438,780.49,2.77753
839,187,439,477.17,1.69811
840,130,235,268.56,0.95573
841,191,-295,351.43,1.25066
842,448,-239,507.76,1.80699
843,559,99,567.70,2.02028
844,357,346,497.16,1.76924
845,504,372,626.42,2.22925
846,356,145,384.40,1.36796
847,243,221,328.47,1.16892
848,225,787,818.53,2.91292
849,12,875,875.08,3.11417
850,-36,641,642.01,2.28473
# END
