taps_from_fp,transition_1_to_2,transition_2_to_3,transition_3_to_4,transition_4_to_5,transition_5_to_6,transition_6_to_7,transition_7_to_8,transition_8_to_9,transition_9_to_10,transition_10_to_11,transition_11_to_12,transition_12_to_13,transition_13_to_14,transition_14_to_15,transition_15_to_16,transition_16_to_17,transition_17_to_18,transition_18_to_19,transition_19_to_20,transition_20_to_21,transition_21_to_22,transition_22_to_23,transition_23_to_24,transition_24_to_25,transition_25_to_26,transition_26_to_27,transition_27_to_28,transition_28_to_29,transition_29_to_30,transition_30_to_31,transition_31_to_32,transition_32_to_33,transition_33_to_34,transition_34_to_35,transition_35_to_36,transition_36_to_37,transition_37_to_38,transition_38_to_39,transition_39_to_40,transition_40_to_41,transition_41_to_42,transition_42_to_43,transition_43_to_44,transition_44_to_45,transition_45_to_46,transition_46_to_47,transition_47_to_48,transition_48_to_49,transition_49_to_50,transition_50_to_51,transition_51_to_52,transition_52_to_53,transition_53_to_54,transition_54_to_55
-50,0.102721509034425,0.124771790017317,0.12503755072932,0.108969936186598,0.0539579659322039,0.107124240029913,0.0859809957364925,0.145852029326312,0.167394690927797,0.0720556150999956,0.0637593691314286,0.0243942378939367,0.0273481872036187,0.0308406579922979,0.026673680773853,0.031375099865989,0.0265552934459899,0.0230404784747204,0.101225135521091,0.054819362010718,0.103116382512771,0.0952333746887737,0.0341313914328046,0.0926343034319009,0.125196933927172,0.078970712721337,0.00653512598833632,0.0296461479564699,0.134982841611172,0.102347673337329,0.152531459728253,0.0710040783602996,0.0737967982571083,0.0853954521433589,0.016921044835201,0.00884434913611884,0.0513034091161064,0.0106593890997606,0.0346598823638812,0.093326699319821,0.0422170628242731,0.0953234380467387,0.0328007427936935,0.0729322974715814,0.0518852293761261,0.101059636817646,0.115847797603662,0.0482107985258311,0.0344440275761115,0.127529253908382,0.0362568480784816,0.0576515641614782,0.0183686311564426,0.0656042464217843
-49.5,0.0805180289547586,0.0969602346527759,0.155684591359009,0.108126630717442,0.0675166288511408,0.0884825079866795,0.0611976194191008,0.170335543140083,0.202972965644686,0.0458458719010741,0.117737452176657,0.0539007547768885,0.0700202652240051,0.0501305525047824,0.0373197553514052,0.0253037954980915,0.00651486900371181,0.0439027796974137,0.0733159504513461,0.0373216357088817,0.0988318256911496,0.0929270612555768,0.0687365931812334,0.114317359101026,0.164656028023723,0.118513500439962,0.0366192523627097,0.0856357297836953,0.145076506692083,0.148785826629624,0.171872844714993,0.108539445164169,0.0791207489681603,0.123946935476616,0.0228644016884608,0.0509637382946914,0.0308359649756612,0.0482684715866086,0.00946837741997035,0.0346876361233211,0.0203121460552133,0.0709473467805022,0.0596501073081449,0.0326454860323583,0.0377062968218552,0.139283437150186,0.0744515671942755,0.0392679651930107,0.0413550106910054,0.143716152568749,0.0505715492050909,0.0808819353187216,0.0339844717349629,0.082124438990571
-49,0.0674170904111161,0.114680945367233,0.119824510753941,0.128685841438814,0.0820168290298224,0.0397576172199588,0.0283567305442364,0.163463842253807,0.22508581371614,0.0223179881551902,0.147088774104521,0.0542746135300809,0.0793752913257036,0.0884084243285289,0.0527670432687749,0.0833699107878678,0.0561387888577817,0.0793582413052955,0.0705997350969401,0.040072183127639,0.0845585739278879,0.104846653164241,0.104888326295865,0.130629312535856,0.175556342159688,0.168996894536329,0.0838944292104777,0.116779289778713,0.125585590116306,0.175169466290694,0.187442352979363,0.13111067816037,0.0829737712597708,0.136803289375645,0.00254248601679837,0.0942990142551088,0.0598935727287925,0.0648430621740787,0.0354476140721255,0.0614629797999493,0.0558815520696069,0.0572977189530393,0.104708910493514,0.0139871110543093,0.0489505681211977,0.131591309137324,0.0273837357985858,0.0745133613342456,0.0434812694242357,0.14961924236229,0.0820523700329553,0.0957691398807095,0.0780989717071851,0.110487680716879
-48.5,0.0477609657910535,0.121352509398619,0.139724477516902,0.15527876448449,0.105491502989767,0.0253874536657311,0.0479530135052507,0.128066989944718,0.187877033483612,0.0719883988627469,0.111991666128131,0.100653542834178,0.11915806732325,0.102742961985896,0.0865167632894351,0.0974691003288733,0.0974875974253172,0.0799163478634047,0.0885996811052218,0.0936844308098175,0.0775160124066693,0.117941629812814,0.120273261523277,0.0833296595240178,0.146432030567514,0.183697546134083,0.0976999164617197,0.135731483201954,0.0915988559576777,0.109319620723647,0.107875027690052,0.0972187631794799,0.0551562055529326,0.12720339575917,0.015259862346837,0.0690816029544879,0.0238102889579592,0.0683650289742,0.0187344884991919,0.0184599860296897,0.0549137621100515,0.0738665608282825,0.140740726232032,0.0289192912913752,0.0418763322353102,0.0997563220040857,0.0421632689635029,0.100064159701892,0.0660268382866545,0.138742501763547,0.10242452095747,0.110606661293545,0.0672069476069678,0.0915248012964454
-48,0.00651496876998869,0.0883474467090072,0.123111255265316,0.154926756486286,0.143913583900426,0.0824301258234814,0.074864088646683,0.0523089797245797,0.138315852457809,0.102761961439684,0.0884205166627453,0.0861721094456363,0.0956044724740524,0.0766690262242178,0.0897400746940763,0.076736890229771,0.0955746379316538,0.0624377216113952,0.101016137013219,0.118722167508773,0.101861146455912,0.124149655551787,0.113022889577957,0.0593367003585307,0.154048168438021,0.149479919469994,0.100112535067746,0.0980148523178043,0.0835688815908006,0.0416187383124513,0.0158845863305492,0.0301734559672686,0.0948705371007204,0.133738595646153,0.01948237307818,0.0447576301990011,0.0181162215740377,0.0640183998533004,0.0375603736949509,0.0476890648244959,0.0627041376282535,0.0972996319684467,0.146435205622938,0.0539984599679987,0.0215895543069659,0.075386885824192,0.0682554417645237,0.109180337820071,0.0687989258812183,0.137743296173813,0.107328774451769,0.112389158973778,0.0635345014567914,0.0607400022529239
-47.5,0.0368031177032049,0.0710115058335424,0.047959625807522,0.107580196666932,0.149571564119467,0.105042199940101,0.0401663529953208,0.0418609151627113,0.0909681992983018,0.0736560612211537,0.0628479301255178,0.0414660877640277,0.050401084695672,0.0595841774203336,0.0355760306466477,0.0700225010645401,0.094479901201429,0.0139746443018774,0.0975302513263148,0.13229401220952,0.0798018872541329,0.108399206781306,0.0963550675963361,0.0848295901413421,0.139307933266457,0.101194436207924,0.0999586290747321,0.0443886706566637,0.0605133434978145,0.0226323818912363,0.049269682380295,0.0363723892434342,0.121823006842366,0.150366889728612,0.0335083065533182,0.0405265543325749,0.0942966986960839,0.0692488646792208,0.0275066552255065,0.0696094963407027,0.0504770335356652,0.111388064713358,0.144805194017405,0.0731294309350102,0.0391528866591732,0.0601437818963407,0.105244585352205,0.110457241089956,0.0421708200935324,0.149685427658119,0.0817294573020782,0.0779683952368832,0.0787240483143203,0.0664822741934584
-47,0.0671819300242673,0.0180165026362911,0.0328097020717022,0.0718431111809427,0.0854490714186651,0.0605813694654109,0.0339809542325145,0.0861257316422272,0.0729830189337254,0.0574023809359921,0.0511336455425088,0.0270244157281203,0.0616598768194623,0.0868599829647715,0.0432299193391087,0.0594811920919785,0.0791603831328794,0.0262405129250391,0.0819293935594663,0.127191385486636,0.0468140214828038,0.0827215843065371,0.0458625992200495,0.115740209537683,0.0950648531676379,0.0669891050920052,0.0614190557305369,0.0825070276125023,0.0278406285982343,0.0697031270148311,0.101449353711236,0.0762458695420928,0.1294375336097,0.17069288598902,0.0368481655412802,0.06640680697028,0.145781402725268,0.083153213891019,0.0344234429811717,0.0898233571728091,0.0571702915348899,0.13525118885815,0.186400219454934,0.0961328253910317,0.0581539434646407,0.056437132756387,0.142808433733458,0.122643204163463,0.00807390082923917,0.12024241573096,0.0677000366659924,0.0498224447210816,0.0756313068403228,0.0581532407793376
-46.5,0.0772666306469181,0.041636292788746,0.00747083267264076,0.0681241111801195,0.0597990681106082,0.0100204705372768,0.0360495895707596,0.0605251367282964,0.0371828246674179,0.0952238771954339,0.0810135524049916,0.0355737447563103,0.0677592606780704,0.103436204937738,0.127686192330315,0.0878747605348511,0.0759514631796797,0.084026135128735,0.0875512914229547,0.11637273193385,0.0264094421414673,0.0606761934223369,0.0303264930420207,0.118293467890295,0.065373852926294,0.0446038085421015,0.0594551727564879,0.122525908381949,0.0272335663790963,0.123574642049672,0.0958328977744679,0.0641757326531648,0.0726132964135475,0.129199051047438,0.0317635421914011,0.0388693888304401,0.0949777295296885,0.0712212779617423,0.0382165941730487,0.0661249425791718,0.0597420161215703,0.144922523554308,0.191148558189208,0.0679673012578361,0.0335596991180861,0.0504850624308396,0.161783540011987,0.113167942719896,0.0335600903531457,0.0698271718433786,0.0769392219891185,0.0439034425675801,0.0737253785017335,0.0549558502552841
-46,0.0381097403163587,0.0542162165441448,0.0550720438911803,0.0916406646196541,0.0582325544757414,0.0475214999505075,0.0150101812316294,0.0517900926318184,0.0398598151325203,0.136802170897792,0.0813255319487695,0.0292108357401466,0.0775559890850067,0.0940249322500768,0.15719002137528,0.0977298745868702,0.063358567694771,0.0977860548862904,0.0844239326033847,0.0714710198820466,0.013064056852581,0.0998919758331753,0.0761902600007235,0.116074593780456,0.0534651318054442,0.0453588908556031,0.0671151461432688,0.125802342626021,0.0320261065660157,0.162391379764215,0.0818227397122102,0.0632919344721304,0.0308281059028307,0.0880128882492091,0.0180364397737315,0.0356473039889171,0.0459168031717142,0.0342543027597788,0.0487316215689904,0.0527629467202981,0.0604913261486675,0.116012127688944,0.165815590714364,0.0448298666079762,0.0424825184921476,0.0194940251010634,0.145776312498244,0.0837380760664657,0.0487131399382966,0.0508767945680754,0.0891645969957411,0.0371723474139092,0.0849978546407735,0.0553382665039963
-45.5,0.0382263775865861,0.0664549164121075,0.0720812440521632,0.109478642606552,0.078938180894466,0.0868151143002869,0.0686720515422288,0.0780173269387008,0.0588303671680965,0.137559630162225,0.0960611122707568,0.0836514170270448,0.0996253484746589,0.0851965735726063,0.113051946728755,0.0601189654403559,0.0483298180080939,0.058015395746987,0.0724201109325578,0.0998495091117581,0.0253585622375141,0.109606941345773,0.0830638066426986,0.0981269698723213,0.0146143878192882,0.00868336782865605,0.0599160088351412,0.138116828670096,0.00297260583112528,0.132222962866571,0.0404698896796079,0.0782564121226727,0.0925612598433056,0.0810533572736799,0.0055560712379931,0.0501854314596751,0.0386730238298458,0.0495967434856318,0.0384467574647844,0.0859749238729677,0.0667840165010158,0.0874517339496654,0.162934727952601,0.0168934544375606,0.0578289858050704,0.0696445061128494,0.102565554483017,0.00987295990768794,0.0412735816005898,0.0617217156948744,0.0891685899981136,0.00748924143656711,0.0478084333608726,0.0706293226218962
-45,0.068545701148377,0.0654715214360428,0.0486180645375482,0.0790721251996717,0.0858468204789554,0.0988856826900802,0.101813483244223,0.064693226580732,0.0625353529818186,0.124141882487042,0.117885186538174,0.130934774770276,0.0946064638242096,0.0548671888659187,0.0745065453490732,0.0187113704790348,0.029808166882077,0.0489896518832847,0.112295146063442,0.15641402587268,0.0445939765879017,0.0730708367293803,0.0545523795703793,0.105061415649428,0.0580386472086186,0.0787326337355086,0.0490991696778693,0.138131326754519,0.0175990192964853,0.0958693040406294,0.0559550132367948,0.0514360534117687,0.0959790032214791,0.0863114490296844,0.0726304979195669,0.0782678926094341,0.111727746577687,0.106201731054343,0.0262986402492534,0.114555308327842,0.0866789014830502,0.0399150347509554,0.123221290355053,0.0204433158597265,0.0250558524866166,0.099590249273873,0.0950655431608399,0.0338868888254889,0.0284869247794605,0.0821989317164271,0.0873925503192967,0.0184853274210537,0.0122617096822069,0.0776638603666524
-44.5,0.0636009373175389,0.052296659529389,0.0156461375575076,0.0593652683957549,0.100835793963315,0.105580498711749,0.0846528997062839,0.0264130492701876,0.079816160941235,0.111503695795189,0.129989602932784,0.132477766446413,0.0778047673415345,0.0164332075309791,0.0359082767435762,0.0237200302953514,0.0534842040474625,0.0312690275129423,0.163363746302248,0.197447201441599,0.0829352100968001,0.071237259973225,0.107443387608433,0.108813006558347,0.056908705674308,0.1292974601959,0.0349901037983685,0.111839232466484,0.0591885896576186,0.0756937322881626,0.0639096487714501,0.0552551038847048,0.0950415988814972,0.132670200779595,0.144221926118631,0.160175383943168,0.175118902510606,0.140102828960389,0.0544171610917202,0.133509878472534,0.0777786752947855,0.0579030539611526,0.102107251475142,0.0755303154652715,0.0566849866464951,0.124162063880667,0.109535518641602,0.0609986882575496,0.0266915997049663,0.104002133126872,0.109202473611477,0.0376481212047377,0.0746598058594797,0.0618225153458421
-44,0.0677814836168885,0.00956459654666749,0.0495663991589577,0.0616261948746074,0.0883058550014812,0.105085627296272,0.045803962970246,0.0406580827623595,0.0954492842033576,0.105317578874696,0.14679986999925,0.136080446547709,0.0814019192272314,0.0691885586852905,0.0175841861832847,0.0221662909300259,0.0855095805802789,0.0340423324763293,0.167525343942311,0.176087886018854,0.126955456873339,0.0825178236725793,0.11789129890852,0.106335850527003,0.0776602487466296,0.157435278509435,0.0605033213214466,0.0763454115674443,0.127609078932066,0.0939020468963764,0.0673459747846918,0.0985587642530193,0.11965752129701,0.154392881800213,0.167701826967097,0.228290211275855,0.235611980837487,0.175462292856915,0.132020717214897,0.229209221606424,0.0801899267788248,0.117963687379728,0.103429845329868,0.117532240214564,0.115372070044372,0.138022548855457,0.106627915769577,0.0996919807881392,0.038098221464692,0.089587142642463,0.117178400819814,0.0700415134327256,0.128747864279361,0.0769353592299356
-43.5,0.0984728557752272,0.048563480904536,0.0499362905856757,0.0250636246674562,0.0749365013322266,0.0946523181279324,0.0313228529918656,0.129050010495304,0.0811348650363983,0.101536707735414,0.135182086559732,0.110893249700328,0.0971142426479879,0.0851086622805737,0.0547001031137072,0.0729676535008884,0.150642814608459,0.0795466071336211,0.156971421856932,0.13147430606549,0.17395571495607,0.109042219427495,0.125754795637725,0.183361437142438,0.159361393654546,0.170401860891058,0.123640775351054,0.0841115581267196,0.201340686795027,0.124439784448756,0.0833262251060354,0.16173289344456,0.126471096541271,0.160844792393026,0.160264066664905,0.173546152481267,0.225896809524268,0.216586320444156,0.160268399597004,0.233497664268924,0.0332385206991972,0.175238074619692,0.117166721417141,0.0856203106931641,0.123894324157661,0.141496875007158,0.104985208347825,0.155786173686628,0.0569269911055122,0.0577834916427722,0.092914035631784,0.0796088312338776,0.141086077359302,0.121315316638143
-43,0.117234659366957,0.041453419775442,0.0421546421227269,0.00902108205965604,0.0516749288688454,0.0716327567612133,0.0730515740503284,0.193553655531305,0.0833736058290391,0.115868139266973,0.120012399914461,0.0790375418870671,0.104444773583256,0.0936312873178673,0.101158750903002,0.0617449790160268,0.158179029997909,0.112340564456219,0.10446353856435,0.125855758710412,0.218758928394834,0.131896835450908,0.165019445189637,0.273802528314007,0.237250800980692,0.191409104606468,0.157441163145487,0.0531311303403996,0.213729573429071,0.154716074443445,0.102681413534716,0.197063997912417,0.0908138696707537,0.178826440210271,0.160693571755359,0.124758734586254,0.218045117830481,0.249215459486515,0.202156073711323,0.242214494517361,0.00724200060286126,0.212073391229583,0.127998278071133,0.0649437508275654,0.125344415182147,0.134829192578352,0.109581734702222,0.194843493478794,0.0480357768576919,0.0638990500165733,0.0751914433707567,0.0756675670710511,0.1573744800133,0.141908973713877
-42.5,0.0976139727936252,0.0500182311557315,0.0135358371082628,0.0360373697210767,0.0288941555980287,0.0496463238477909,0.0683848683788223,0.190706511031073,0.0702547583715014,0.140075818986927,0.0938415936006207,0.0797712183033918,0.117084046638953,0.114328856502917,0.12933616282432,0.0387947817697802,0.13525645286163,0.116996816357527,0.0498097897769487,0.163878750018535,0.23936044768356,0.124432084886633,0.178676013527137,0.301991732401451,0.248861311852209,0.164899021554712,0.169762781825792,0.03390272862065,0.158535497222203,0.200001857467385,0.146893104903983,0.163844463449058,0.0784949265726221,0.206537752987156,0.144338739663628,0.131265075570354,0.187097180520585,0.244024088368442,0.197359921891823,0.210299366681946,0.0211464591276503,0.16969836940106,0.11303021573494,0.0725252264916151,0.130685320404758,0.119703283081927,0.102049769774028,0.194889179252059,0.0259867741120379,0.0930235529418861,0.0759547701536529,0.0859443989048417,0.119410448795557,0.121534116160243
-42,0.0675578163856744,0.114126058794403,0.0562456770861598,0.0586762468112017,0.0337120379304043,0.030049015808798,0.0368768828715352,0.151302019084345,0.0545818389131438,0.139052836571841,0.0491863764327841,0.0950340248652903,0.132725886358533,0.105053562742963,0.120033372332073,0.0187990781910095,0.135002311260362,0.102737577050256,0.0267815145113745,0.190248874342221,0.254875865949867,0.133762167407562,0.145660784083427,0.276356119350513,0.222009197607143,0.108006025019444,0.147887371557734,0.0537837939033333,0.136197220298155,0.282137155165843,0.191470224572808,0.115453245384522,0.106643629117251,0.167213227000884,0.064492941567825,0.139501802929115,0.151506029443751,0.194809008377138,0.155526028646584,0.176912983638179,0.0397823588672115,0.0695785878176742,0.045258351030134,0.0988327931401822,0.109207324459909,0.0520833416551197,0.0638691623946845,0.186521048537607,0.0420045129219481,0.109477697440717,0.0733156207195533,0.155719151990129,0.0809487384130089,0.0789387842736885
-41.5,0.0752435026137113,0.136404995229849,0.108275788970358,0.0726468577481613,0.0539392887123314,0.0326988441086718,0.0177211570381741,0.08225533353816,0.0790227080041558,0.1063498871062,0.0262823309564442,0.073128909799771,0.131558341403066,0.0897947361608345,0.0605005920399428,0.0592416802306172,0.0871155049176548,0.0463727214084885,0.061970402568084,0.195122796157067,0.214753066563898,0.10521762776665,0.105979952549918,0.185816873436478,0.157952677688813,0.07100109850416,0.124746801254568,0.0582743646510704,0.145014029119001,0.241169830882387,0.140672532862252,0.0719741176369927,0.105753533150988,0.12056258668384,0.0428236079762266,0.113441129016049,0.105760248063629,0.126430100425065,0.0993285639744526,0.121106403830705,0.0769962198380953,0.0827001968962406,0.0650690725869646,0.0445329377509679,0.0385460420709165,0.0728145252615891,0.0523385460623901,0.158965423204126,0.062045525738967,0.11751729274089,0.0529450350662644,0.16710229873956,0.0779333544653157,0.048341739145605
-41,0.117558006628938,0.0907467093107802,0.111116259835572,0.131948751116589,0.0865105448171157,0.0425334087016326,0.0577035463854122,0.0259320647547533,0.102407901755701,0.0994590124228893,0.0313125013353726,0.039233131400161,0.0884212497469254,0.0624281995318832,0.0288836991073147,0.0902784506175603,0.041363750380359,0.0204613043954463,0.0649258446378934,0.14326232819078,0.131170922234268,0.0665772446350625,0.119882634444926,0.105258678502577,0.113518404322621,0.048595782993066,0.0712113990229911,0.0175063493488977,0.150473426855655,0.174836637125446,0.0824368082224618,0.0326794912477718,0.0772508270037133,0.115076410135589,0.063076421537806,0.0937437666341802,0.0615967218760681,0.0532132129543842,0.0462588064753808,0.108242461087097,0.106215562744036,0.11336486985381,0.0858018897428787,0.0360737680933189,0.0775609344142212,0.0828872064634497,0.0664330883679271,0.135756309590776,0.0583874457452998,0.109922914299954,0.0527745578481863,0.151252531724577,0.0858214224672821,0.062739585985247
-40.5,0.125512218980441,0.0710420163907109,0.122443246675052,0.195920584677725,0.11491947345909,0.053748184409224,0.0572745136761447,0.00790665966339004,0.116780510148976,0.0971559987690108,0.0571365149709395,0.015821664096616,0.0363035224649553,0.0263354299543763,0.0963242220575801,0.0976388317860703,0.0661860816279081,0.104968602129846,0.0435377160193831,0.0987837848175179,0.0730548345624965,0.0502768429079782,0.15650724378939,0.0688762525615323,0.103235526065699,0.0553526386266961,0.026494786866853,0.0696001514901732,0.123679442432069,0.0851230342888652,0.040208953244162,0.020422202734237,0.0577089141795935,0.107130273711947,0.065217749163072,0.104639108021585,0.0280937863196911,0.068696791606834,0.0552365861014742,0.0961911561572257,0.103904575261046,0.116141040051477,0.111810525992224,0.0635112173622536,0.0653967063370353,0.0616750005506347,0.0615362221873863,0.130410713972327,0.0339024912138656,0.0906901882681098,0.0857229453024298,0.0693358003096274,0.0409862115814572,0.0445505700824443
-40,0.101709257576332,0.0252616352995763,0.099336399920376,0.201988292298421,0.105284842072602,0.0638738368320826,0.0302798596189231,0.0451396113691255,0.141154427617236,0.106061356132025,0.0597802296411698,0.0491004213598205,0.0514932898436203,0.0238023820323124,0.1189099815542,0.0924520729537268,0.112618727258851,0.13427589741411,0.0423826533756608,0.0981998666374324,0.0912375108975659,0.0204658166368216,0.150538296845001,0.0527761143910497,0.0933480862120945,0.0829867531717336,0.0031909388237772,0.0581625415006455,0.0701913531407944,0.019775420297293,0.0169194660011809,0.0282247887498362,0.0579403982003455,0.0941754204435474,0.0774717220338692,0.116631339313118,0.0199473045149431,0.0967459087536111,0.0806902901266063,0.0879143407899405,0.098365595811961,0.0883454510198753,0.0884195075010466,0.0901532392580907,0.0682569612500427,0.0586611361609686,0.0712375172919841,0.119918573618772,0.0455041843264978,0.0752760861694032,0.114168122418456,0.113051853107319,0.0463424693613236,0.0369066619404607
-39.5,0.0891734931429254,0.0271029391134439,0.0537660542423634,0.180588108628393,0.0971444524622715,0.0501750358708662,0.0315854135976592,0.073845279868103,0.0956241243473834,0.103969192746787,0.0839767072384284,0.0813053616395251,0.0651703627050239,0.0227294245986721,0.0789797240764914,0.0726429581444934,0.0740520956773232,0.0744799541428949,0.057675810046802,0.111668286171365,0.0893908793913233,0.030110860650824,0.106525594706735,0.0746097076789081,0.0614895674638159,0.0736750683689835,0.00888913447975814,0.0134299890481497,0.0559853372139097,0.0183536321695619,0.0273840161954226,0.0163532283697391,0.0342811511467466,0.0555935735280541,0.0898985387866812,0.134715696485541,0.0260056086297206,0.0601634104980267,0.0542184157394037,0.0588661604667213,0.0277352870595678,0.0453637509774243,0.0893405992691105,0.1131614010686,0.0838977820610178,0.0453924134416893,0.0512760281694918,0.10352334929271,0.0502232263319329,0.0642453277669434,0.10442103722896,0.106739934357474,0.077867185086083,0.0871294929859399
-39,0.0679320184718816,0.0469481415777064,0.0464961211973628,0.156303534103559,0.0852980620529484,0.0532544214439814,0.0569277377477696,0.082202319506608,0.0356133077609076,0.10159457347813,0.124745381730226,0.0947711471770003,0.052390439944588,0.015876110458913,0.05164301387553,0.058544642255954,0.0374606064450612,0.0319565052433132,0.039189444422158,0.070471078629417,0.0796109930472721,0.0557690322884308,0.0764992978964696,0.0859350398300893,0.0449914351690035,0.0402290126176459,0.0206480993824059,0.0172510089722949,0.0566685149209358,0.0288782335090825,0.0722669845608994,0.0565390555132319,0.00319696119772129,0.0296517079104525,0.0921261142166506,0.157373681117291,0.0360072797195784,0.021745707779088,0.0428426716257606,0.0439363180791881,0.051157983669023,0.0333676591661684,0.12107163881297,0.131593788807182,0.078888955343508,0.00441775562875034,0.0517278180153267,0.107568064498687,0.059165326819924,0.0441594588151681,0.093010454294385,0.103929516084358,0.104276770556828,0.124162046686959
-38.5,0.0566474321562527,0.0709263576935073,0.0453243740901989,0.173946347566359,0.0932445709532749,0.0709572589088733,0.0608117981540351,0.0751768460807659,0.025019424447952,0.0593236494801873,0.111648390135311,0.108209038326243,0.0476239950107806,0.0156467544179326,0.0223286858637157,0.0454081495884955,0.0146375723681294,0.00856815242682846,0.0281729655708392,0.0305976201069195,0.0768956779592332,0.0882733515336043,0.0953677983526881,0.0666754957692009,0.0625601864090821,0.0326652035083893,0.0438355166597159,0.0353532546279608,0.0569107648815737,0.023592099634052,0.026006774588948,0.0397474413160246,0.0245815058393877,0.0445283158920098,0.0694140816924404,0.136574564415719,0.00719834908626559,0.00768911834460828,0.0331702314132305,0.0478324203945906,0.0948936656734499,0.0731968238497156,0.1428641004852,0.127402756702099,0.0352964551046192,0.0554066439801974,0.0625417946950994,0.121692764896673,0.0668601063731585,0.0160515121588932,0.0889724180731255,0.0758970612222317,0.0814909597804313,0.152547128489801
-38,0.0774201660961076,0.0833197846734115,0.0912112350885371,0.177399217329105,0.05966089590793,0.0493726058788565,0.0561037794409544,0.0719816188851371,0.0513220277952792,0.0476661948079906,0.112163798902812,0.106142955663617,0.0146333871879103,0.0254655272463044,0.0245180786295585,0.0627691893277054,0.0385749575109103,0.0282416288144236,0.0196929831519738,0.0270663148766751,0.0773094552928725,0.0777021334523348,0.0930423460893158,0.0464102515503398,0.101072361836136,0.0974632562713442,0.0931056757153749,0.0458911911423531,0.075497508889656,0.0434631091670645,0.0376927208457222,0.00290474261883259,0.0710678951010209,0.0897828930344511,0.0402277684952382,0.117624776461524,0.0218372267265377,0.0147094448203044,0.0506702877588912,0.0618016316508841,0.133501638357771,0.120989638132999,0.131802711660867,0.122672140431628,0.0176889192053282,0.0982829623656702,0.0680451660021864,0.118998959757318,0.0783724264289901,0.0305357604977658,0.0987287792100498,0.0408900414910419,0.0598750414382996,0.136860306725543
-37.5,0.0730815662935772,0.0891764412879903,0.104593291915268,0.148202622003131,0.0634875894456268,0.0193146090135548,0.049133546444874,0.0832176510506997,0.0865660747726535,0.0366235691239586,0.117941201640401,0.0723808798784768,0.0224841480847123,0.0312290254447628,0.03474633679516,0.0342362103595086,0.0893076913969707,0.045245936558087,0.0167167511950192,0.0190916540392362,0.0905352018480666,0.0908094522393702,0.0671222427198967,0.0328623282758051,0.105407604991267,0.12871230864611,0.125918535567834,0.0458178395156191,0.096509550158445,0.0709543241634855,0.0573319597970986,0.0434074582498203,0.0747625312483924,0.129852822374226,0.0247743085107826,0.122443812459426,0.0116440452807048,0.0283488825160158,0.0466039493726645,0.0837030187195751,0.0600697731165599,0.0808879863313997,0.118045727990769,0.095450559892138,0.0215452968585406,0.136250158799232,0.0894963916572365,0.074157961400285,0.104547923939812,0.0728121447435443,0.101797932614917,0.0255605070954353,0.0646402801415916,0.115227080390776
-37,0.035890268368104,0.0559985592353886,0.0992164496109456,0.0925881030123908,0.0611115300766593,0.0820955431319606,0.10219676519489,0.0928668206093203,0.142749370048898,0.0353982724065346,0.122127345732469,0.0524741293783456,0.0417352149242039,0.0580392485617032,0.0623782944413664,0.0595499662502135,0.0606561370199017,0.041232611849899,0.0361066971611611,0.0174907070422125,0.117433740396363,0.118356425240511,0.0928047707491438,0.0474375996070581,0.100939796599242,0.144768582882348,0.109157981755056,0.0649988978924091,0.117922401528808,0.149797152282151,0.0759863650068423,0.0699498549298282,0.0623205447907585,0.165629933179124,0.0441914317160474,0.131708976764595,0.0339349401647772,0.0231136420527993,0.0253714712526979,0.106491779442251,0.0622880899911598,0.0201502925222361,0.0990042177247882,0.0696546094787611,0.0323008586999756,0.124042109787084,0.0773416909733995,0.0510201549269885,0.112661729650573,0.0738377944578882,0.0843311112474368,0.00425025228296751,0.0936322501974854,0.127399274591774
-36.5,0.046038350194038,0.0335167816122905,0.0639190923575164,0.0530166382694899,0.0444426692923646,0.10984966157805,0.142757150366505,0.0718867795174952,0.104255600520017,0.0349022190231897,0.120897399172551,0.0370602662574161,0.059496748707088,0.100776960446587,0.110396056767686,0.118675042382572,0.0641104542019796,0.0495966761424625,0.059781979709719,0.034044436372258,0.110552679107428,0.112484313137867,0.131184019589534,0.121077874766464,0.114475574493661,0.132782605248374,0.0860539678761495,0.112403983416047,0.108834176755449,0.153014874999411,0.0499666561677295,0.0508496371638715,0.0427090816926791,0.170868629463551,0.0583314242022821,0.10811090842706,0.0512574794112938,0.0264187214208189,0.034697660416339,0.0720895974018655,0.0647326089467351,0.0610682401935813,0.0458973056599499,0.0542869313858162,0.05904887373148,0.104303236196927,0.0755406346837974,0.0460191213791833,0.0929864642115306,0.0504912999718015,0.0719430577093466,0.0481484352738608,0.115402740909177,0.147872659018956
-36,0.0731914964925441,0.0487009873992774,0.0353029977090502,0.0697044397459018,0.0269391015351862,0.0826669730158257,0.15923642449383,0.0793258442838532,0.0444970108134923,0.0457259778037519,0.0940851517956236,0.0285692227724665,0.0370973222619127,0.096983315059613,0.113116221476848,0.0957556992724182,0.0760088692871484,0.0651827157438654,0.0589107859863778,0.0513757993643898,0.0820287495257418,0.0933017784229886,0.146760886688972,0.189607043740237,0.128103361846669,0.0951633279016168,0.0705558470569568,0.151912979947617,0.0697751887273452,0.145928567059958,0.0556374842208839,0.0332667428877009,0.0625700502552652,0.185037256867618,0.0840574377984252,0.0855683167201184,0.0787721111956644,0.0527549698529217,0.059866081561014,0.0379487005065463,0.0586697956762531,0.113196096507696,0.0144153691837212,0.0698122099226698,0.0516239605783156,0.0930706929852558,0.0912583199913302,0.0281894406273802,0.0769781805859385,0.030761364533578,0.087945295291948,0.0732216354894114,0.120437822037197,0.148592825143181
-35.5,0.0690233254123143,0.0975478956978634,0.0700000807411285,0.0793565816809874,0.0727559962793513,0.0825810785372548,0.150553992857347,0.0808434160469859,0.0145878571367498,0.0587714306729336,0.0771936703467859,0.0710709908308672,0.0394514104970481,0.0579148652910297,0.0493840054583576,0.0379070908517859,0.0695017788847609,0.0434187687923281,0.0404865211434375,0.0491715658715909,0.0484202685546848,0.0648499022351286,0.143664822899347,0.235315436511774,0.151847275194069,0.0574607760324546,0.09248468601321,0.177798210204487,0.0173512978857233,0.0981076249060949,0.0340441952457719,0.0441906843063462,0.0858360123118971,0.189435057256474,0.102880605969187,0.0582083782528713,0.0939269382787034,0.0846544467588767,0.0968770188300148,0.0303148471760948,0.0495316512048802,0.108802189804997,0.0823241749160495,0.0766282264435701,0.0139658780767937,0.0977283002078273,0.0957125625158326,0.0256863169681085,0.0611771546368792,0.0175136102007786,0.102938169348602,0.0550854492558916,0.0925774382078121,0.126586531358473
-35,0.0363818949671072,0.0924793031310199,0.0641489577946246,0.0981840856557098,0.123575554638433,0.109080615194559,0.105674384786196,0.0638535924513446,0.05252694791838,0.0893957797077208,0.0828124683322851,0.0984715800220776,0.0457611004301364,0.0218546493082423,0.0421128513229552,0.0706417900090187,0.0448648849053845,0.0443096012147156,0.0426534143180811,0.0286023522482269,0.0438390832024492,0.0414665610524867,0.0879056147539795,0.208184961034086,0.138228330339663,0.032156345065675,0.0954237575503972,0.175814006602786,0.0219483535452948,0.0696081453687663,0.0258909164498174,0.0370207897939592,0.0900285777819301,0.147315503977645,0.0734235971663052,0.0520189241347109,0.109120007723857,0.111116499588014,0.122016968769495,0.0727355045571926,0.0836005404481858,0.11297360014572,0.143223954770406,0.100371555950823,0.0412915633554293,0.091846938069241,0.0932257906648113,0.0555748837515609,0.0526240014211316,0.00647439728246838,0.132035952078951,0.0648334333267116,0.0520691824117695,0.0868937792481425
-34.5,0.0351890013175958,0.0963667802673481,0.0419543167672835,0.142644365682398,0.153825203227913,0.131948897779637,0.0591625596190198,0.0855248099878407,0.039847208887274,0.0845172412125412,0.0659312987364348,0.0968584099686333,0.0306170051349125,0.080951725846721,0.0874802732241459,0.0739824790223529,0.0118025798630427,0.0473874820963875,0.0874039991353575,0.0116523172459614,0.0510428465810118,0.0677373819136824,0.0344752265365717,0.0776836418355397,0.0681576419455106,0.048088673207394,0.0897059013971796,0.172632491072095,0.032649695890815,0.0744642432513145,0.016361818330839,0.0179677564767958,0.104222335547816,0.129495398843595,0.05653228145953,0.0160923272448592,0.0736305215537603,0.161349700652543,0.0990463267614589,0.0601016790808073,0.0528967047111716,0.156700250223148,0.145492420642599,0.0882675291055952,0.0436835648207158,0.075256807807805,0.0778021928973286,0.0674240959595546,0.067161245710935,0.0389700729419269,0.149796252114248,0.049857288255062,0.0491615843282722,0.0524974725244084
-34,0.0229377255022296,0.0936375993661089,0.0371490656907066,0.130310767467114,0.128586813109324,0.137421976853851,0.0802825220526474,0.130230744612719,0.0306192701045623,0.06979017015736,0.0480331477877935,0.0909449396145665,0.0432685452701284,0.177003081864194,0.123437886541968,0.0419633586758669,0.0461394906661263,0.0597144672586943,0.147227656958359,0.0470606584003988,0.0830014607533631,0.104560299083057,0.104689945029725,0.0438818976548132,0.0583798157895864,0.0656696689908991,0.0678805331955686,0.152155021843039,0.0430681537337685,0.0769959679717543,0.00884827165015039,0.0711810409127936,0.0869802804304044,0.153903890970134,0.0778311103409513,0.0653499676208419,0.0392484458791485,0.170276395154313,0.0658169009527324,0.0756628873926447,0.0149156021794675,0.180529203319475,0.120288909540052,0.0814237194168634,0.0388231162163206,0.040770870725794,0.0480643842431346,0.0721418690028215,0.0773113491841059,0.0656089629200512,0.161981552761956,0.0418234879930429,0.0622923132534188,0.0350596809448429
-33.5,0.0268076887569257,0.0907198837412627,0.0776906281457344,0.119942448379768,0.134187177491175,0.115015063927394,0.0671858956770356,0.173431468677683,0.0596494057442045,0.0860609823001765,0.0856939281558223,0.130552908275595,0.030253182231129,0.247619831018656,0.204772246876858,0.122917314108899,0.105041978573127,0.0932755084406476,0.21585188697576,0.095431398627109,0.154588266121453,0.153202704486033,0.124618678536944,0.0522601582531612,0.108625628738022,0.104353616244086,0.0291985150460561,0.138876499940093,0.092476633299908,0.0630776206782853,0.0239877647772994,0.0966067429565082,0.0293353638319735,0.172069410303215,0.0595320431083657,0.0868219778689143,0.0455361280170099,0.0977531689578428,0.0220286830306614,0.135736815290717,0.0718612662148989,0.194354609655001,0.0781844592114247,0.0484322356487152,0.0750019826562218,0.0539218124215327,0.12643584212567,0.0987980917704805,0.0601036711182702,0.10522875333177,0.164547540372547,0.0413466753025098,0.0644438609232262,0.0639519485370045
-33,0.0403303375529053,0.115035835922459,0.153559660790687,0.136711505488034,0.182023672760033,0.0750347491270943,0.0540914365291579,0.242550060730009,0.0977041431323803,0.132238704220832,0.132959172011701,0.137883512617667,0.0722991840924807,0.334529293214258,0.288908582009736,0.20413018857298,0.18059405999513,0.15978755603905,0.308582906210089,0.0231123597546844,0.150769806099957,0.228093282880401,0.101396415882794,0.109094665430883,0.173144174215051,0.196024781346385,0.092114100759085,0.107592701010972,0.157868542961952,0.11764944356319,0.0433511251367519,0.0879596961077451,0.0365304122537942,0.189501802070601,0.0241048268232864,0.143371160173707,0.0577527279729033,0.0925303503815972,0.0129415655038603,0.195993536582974,0.143954494427941,0.215461283057587,0.112636999737196,0.0716759229452986,0.131502270254691,0.109626141977312,0.236681985104431,0.195965997536958,0.0618207860400742,0.102054868675389,0.215033845982102,0.0534543264570657,0.0875686626256414,0.125498680157784
-32.5,0.0471327388088718,0.12443951636822,0.234020324533529,0.172403760302119,0.232234259802303,0.048441496961923,0.131944699580876,0.33860572719881,0.188700318804255,0.20997637203074,0.143649577889167,0.137438370480391,0.136624876101754,0.410862214304364,0.333587642745554,0.265461766084478,0.304606366527354,0.27764034840277,0.417605695867198,0.184654223374708,0.179020538191494,0.368539533124986,0.168414673237033,0.226597814972665,0.244147063348229,0.310867062830117,0.214711937401563,0.0702207604815291,0.23818276669374,0.291247475762607,0.185006209353673,0.198456539164729,0.0597237498861138,0.234564005047578,0.0441889486644404,0.192655335816548,0.169473647132854,0.15122444332776,0.124518951537352,0.34196286594442,0.169691771394399,0.322134174767629,0.22013604807183,0.142650042166334,0.200151970868811,0.17125429155796,0.35643877185522,0.3690663224925,0.108338774846645,0.0688164653493667,0.330796767716163,0.0513546234662398,0.168807994971291,0.224781262415044
-32,0.0834220620407355,0.164020938245926,0.330836821903266,0.15910859981278,0.316073428865965,0.0627869305481778,0.231190525856509,0.436407442386438,0.30633892470528,0.285122654572359,0.158066575742153,0.200595704951986,0.184113363181033,0.495715093909055,0.348709630763439,0.338929025340517,0.452399142829267,0.366197103702553,0.50853999354598,0.354493080660089,0.306207752301255,0.532034929013633,0.377075765809772,0.409008373931696,0.347821104550911,0.447138954408905,0.378055502616674,0.0765128615213873,0.326754839105607,0.468508026147896,0.344552839531993,0.340568037040112,0.0637649959910294,0.319971180382968,0.0876874455312541,0.257157348641499,0.307215930393323,0.187177506626849,0.191721903578804,0.488675264224184,0.204620573466862,0.429826421531263,0.302523446713447,0.209602923987642,0.253986098920658,0.266805868402522,0.501183193663865,0.516366957202236,0.125459515164849,0.0506673163473469,0.434671824856474,0.0374944583972314,0.272398885658456,0.36198658634109
-31.5,0.188937090236243,0.152526195675458,0.472985497506419,0.16222449222511,0.420268050919378,0.0860877470870468,0.336324203431218,0.515754655795968,0.474858517689275,0.39837977025975,0.154071125993773,0.241542209901876,0.270855085699138,0.587911308034804,0.331294425224351,0.393007613926121,0.588156006249898,0.417547928183757,0.602416559655966,0.528745053701087,0.37300380616433,0.630897777705382,0.498916695323945,0.608054569086339,0.506535252853948,0.57483898137343,0.460142600992035,0.118566672350672,0.445905593784285,0.614619854444527,0.50096372973686,0.465100102845647,0.0527953185227659,0.487508320780958,0.138693107133794,0.349499230258531,0.432923120933478,0.291167531486174,0.258646631524421,0.611306711910034,0.173777993547951,0.484432837767404,0.368748176238565,0.285371077978209,0.264863527331723,0.395702996097537,0.658699383612601,0.667732996889774,0.162290734068336,0.038556610152692,0.574206704849176,0.0619138000154125,0.367769284405018,0.522738216971881
-31,0.211861120124837,0.12939137250358,0.532997965140769,0.189278081339726,0.567320791716885,0.105828088856861,0.426159117502895,0.658114701528371,0.667339091671842,0.474757539420179,0.215477188908446,0.35859967203734,0.294852088289889,0.657066129064661,0.329939139312583,0.487779510037962,0.711994181574841,0.448600710866636,0.633827440451193,0.651364943344745,0.483625707093688,0.694071221007966,0.5751643039854,0.75693852456622,0.663805333065174,0.728092131491851,0.466053661072247,0.200095845426849,0.511411550203438,0.759720490341064,0.664820349756766,0.573270350885689,0.0760247674032534,0.657150436022881,0.233276358652286,0.437511878500206,0.564731316314586,0.409042462104565,0.328699898253397,0.755780612943318,0.168487004189155,0.52652908114318,0.371022310957582,0.336611181028575,0.339312286610119,0.521398371729167,0.754803239970226,0.78059835670009,0.171509250248731,0.0426224030316565,0.692710565343479,0.132273286853572,0.488847011120343,0.659851266966037
-30.5,0.165930108564295,0.14492465371388,0.620239517332025,0.283515613760919,0.678945795269615,0.102770788224853,0.475524120283933,0.806363612821223,0.757403893981954,0.533821062124329,0.27790795613472,0.461239379882427,0.35446000556264,0.762741733560087,0.361838683608778,0.54508549023754,0.850473696697926,0.463613123506993,0.685992878821787,0.759581869334323,0.508676902108399,0.742547614946683,0.658900992989332,0.824618221148289,0.742466763650147,0.83527262993662,0.477932842491912,0.304079674935286,0.614399805175785,0.840592701167011,0.705063758693387,0.636874934314464,0.128942350934849,0.811576326977542,0.260776605866913,0.490222454988304,0.666629201759492,0.556751562373182,0.467848987838688,0.792028555950331,0.139651194630492,0.623960104791541,0.344708496415488,0.256814574486909,0.344019645870293,0.691066081468297,0.77184379900696,0.835949208687337,0.173936107519467,0.0661004013280534,0.812777026212982,0.138515786994089,0.608767671856007,0.733068066633505
-30,0.132422051124223,0.195542153249981,0.610151940715236,0.33185404253366,0.712593455766354,0.0744671058514095,0.457596866959615,0.896682175014072,0.863305047235907,0.592445232268576,0.369408225850234,0.545878263436943,0.423719827398518,0.901536242141918,0.424989362439065,0.566214537632174,0.915692093715854,0.484274336032019,0.716860128827164,0.809983375657892,0.512128864193126,0.776653021256563,0.660714285449559,0.878258477751722,0.811137355924274,0.942186158453541,0.529147864358847,0.318470499581553,0.705597984227756,0.934700971072622,0.760992188626383,0.699240818757079,0.206960793562076,0.898976759204117,0.298936357951215,0.527336534064351,0.765851584702133,0.646809772010423,0.61049200023241,0.911095626356714,0.108209445338142,0.742343422303968,0.341186736213161,0.182422464134091,0.3604458980511,0.754811947411731,0.734560185297629,0.833377878261361,0.181489635828017,0.119418458403695,0.883791915750607,0.10943290462408,0.698734588468583,0.74458418588802
-29.5,0.117261962057358,0.223518022675357,0.625123816077895,0.387376590959749,0.74377901888217,0.058988671101242,0.479669999854514,0.867104947607981,0.846431349563259,0.642423907547278,0.436560152669931,0.579676355209181,0.46824756002798,0.95852939502203,0.443952142483225,0.521672598953066,0.968681235961805,0.487846098946428,0.759901214765596,0.848571148424859,0.525605412087626,0.776412876754443,0.669080752176292,0.903426595628667,0.873855973234166,0.99096376782356,0.556595944255134,0.329692209882224,0.772572203812887,0.909536882662559,0.748757085216607,0.755578672833678,0.211837816551758,0.911653933101252,0.316900569336442,0.429402830975863,0.763259312596252,0.70240083814668,0.637681072502013,0.873998818696982,0.065036536747161,0.795292200478703,0.359802377131655,0.214516633841291,0.399320277525822,0.784524464854715,0.658613567858662,0.701215865057708,0.198507423031011,0.191466348507764,0.887258326028528,0.114206982987817,0.706154395287761,0.724875248690762
-29,0.17416101789499,0.176784321206377,0.645316205382955,0.398249723997738,0.679640563984292,0.0383406183123283,0.508503874428143,0.785969379304641,0.84283488709032,0.705045184848612,0.42818721718868,0.588011692060897,0.448444615059442,0.915175209376611,0.433438194547119,0.471499067890313,0.904686128435387,0.507918186618068,0.714810773458909,0.845565437163906,0.550354166647371,0.748456036031277,0.675173354311846,0.975777026339939,0.952262719928623,0.998436937651117,0.529841634149177,0.292187969490407,0.758596240510166,0.90950357476846,0.768808327088331,0.790255325849324,0.25577050197695,0.933118079283199,0.330052365514526,0.325632596352267,0.768852561902259,0.703672624344011,0.662330331162624,0.8838637348955,0.0418480181920711,0.787301172615854,0.42374123386514,0.350126799985237,0.394273847306069,0.660497129842679,0.532063277430721,0.580140867851626,0.160511919329771,0.226817145450443,0.827256729475387,0.0989952682179247,0.698432261044651,0.646642353506638
-28.5,0.220882208159146,0.119209813356945,0.685695760546984,0.398018381742621,0.618511418657444,0.0546210374637498,0.482865828754414,0.604906658289313,0.705836028559393,0.67874766348575,0.328952399415406,0.565426325252496,0.437074538440897,0.795169997135578,0.385919444661304,0.448847145308917,0.778788963317838,0.524664237376188,0.70370130305356,0.865789513971938,0.5409946647046,0.603437089949333,0.663572605781255,0.974469539307687,0.885273141581111,0.855680662928144,0.49258806603438,0.273152197377726,0.693422076092143,0.852133578993126,0.661670739260706,0.713415688316069,0.215063464926802,0.876336335316551,0.327542109716481,0.1525907998476,0.643575780186904,0.660862795619546,0.620176273915803,0.774840914931793,0.0697333210641158,0.710555751154957,0.516437845160978,0.386894893122624,0.30646957047116,0.473139749230957,0.46121134351817,0.47761798146603,0.107475608366338,0.236994276356202,0.733298048190373,0.144808779760591,0.580992771336635,0.600116790718027
-28,0.244225124315776,0.138687337427268,0.607547311685197,0.342979417260174,0.533185176549233,0.0988675037267603,0.412537636636783,0.508374271184362,0.683007827945572,0.651501252518695,0.22793554824304,0.477196762651822,0.318649426385694,0.65108022412645,0.355292907127929,0.466600368434674,0.618616402772004,0.512829320313829,0.643975795055129,0.757319299579236,0.488173085360817,0.523602950894602,0.658049515040396,0.918083227178217,0.77748198592796,0.685383409902336,0.390377627925047,0.210717787986313,0.55785638906282,0.800450829541476,0.602670139040919,0.547250263224565,0.214755215249268,0.771260971999795,0.227636582722484,0.114235499475629,0.559862780202783,0.577171953600141,0.544785108454193,0.720623306982475,0.106095402453386,0.585130832645622,0.555967779945476,0.422552368944386,0.206025950487845,0.332120873374079,0.510258550077581,0.514674140243915,0.162311720025758,0.177197899255027,0.633257510095964,0.151743830474143,0.495385110572107,0.604066049740197
-27.5,0.196434767763824,0.184344956491204,0.6011994277379,0.28401685770878,0.541601855474633,0.134606372911674,0.461345215778737,0.580858805546875,0.634539840560057,0.537554114541999,0.0997359457638862,0.407708445386487,0.273530187412957,0.592090858845202,0.380754712283296,0.46377467293113,0.615568344868592,0.48393483861855,0.723100083531589,0.665836556921656,0.424940908187202,0.493129989725091,0.67033234659642,0.799402125922117,0.683640825298495,0.586667480265716,0.26977066710838,0.26651903177327,0.378610191284999,0.617843406027946,0.451968817643721,0.428806492533078,0.138759365085748,0.677910101912168,0.0984103266161056,0.257371221357364,0.499210769420543,0.56441595524602,0.487891725762599,0.580278562591648,0.115509846703874,0.48049660385698,0.502212861889328,0.337026174473337,0.184972211340688,0.439317021112904,0.604272238040809,0.614662499461433,0.219317529714937,0.0723481882936967,0.606766113854571,0.092061048141476,0.486493796610159,0.64407322667421
-27,0.181731170212408,0.194753574582669,0.600223985120617,0.256808830555242,0.56226699396179,0.137486633587331,0.50332376462745,0.759130844557893,0.769870500422941,0.527825730820346,0.133716687596346,0.320600404729598,0.303895409949073,0.714029070567761,0.407677890163744,0.443958788541471,0.725003079430313,0.531010255837493,0.738329980749768,0.621980944823129,0.42139196838667,0.588055409769611,0.624994820192588,0.806852648029485,0.688559649802338,0.691648331702233,0.259202772667883,0.273079594559481,0.412585904609839,0.713840033762632,0.580017364996717,0.52505570135227,0.119948074772146,0.707505349276426,0.117816005100877,0.41466262018925,0.545523037618367,0.561378181753449,0.522487674844058,0.667647497260074,0.116678055398996,0.558507770799445,0.431023296507673,0.28931058421708,0.254503452117398,0.555514276368872,0.663522860493069,0.714562459509072,0.227202491746798,0.0496532460511714,0.728373200167783,0.0494678040812612,0.570244656568483,0.669230587533529
-26.5,0.125397552233958,0.241311416948205,0.642743383956629,0.226196017277891,0.709344608795054,0.113180809984845,0.521158609112676,0.813083529974532,0.788614162037683,0.508068334839971,0.210613267963507,0.403074233878114,0.318138316858396,0.789450932645099,0.337130969249387,0.395426346693549,0.807340311394414,0.543184573880579,0.755173036013429,0.757181848649723,0.522447764540159,0.658285565312304,0.622897517659628,0.80503003119675,0.677873690694287,0.790569879043227,0.41181916420924,0.289072854847033,0.515979625828501,0.792199759138293,0.691740068692251,0.697133919406877,0.0504583831669597,0.824826473880573,0.283678585292244,0.451115322365669,0.563996848199061,0.521225826578166,0.497856516196673,0.755574027600498,0.0870936940745991,0.680251400973393,0.323996155983215,0.17056349299535,0.316487088261813,0.641657012900452,0.681282436457004,0.693041607507093,0.182933983874408,0.157286962521554,0.816264042956931,0.0620804076712853,0.622122745270642,0.695395959410235
-26,0.158673444851322,0.205121195676754,0.610738830763471,0.230368043373384,0.762521157977086,0.0809081154367167,0.542995461911971,0.795873018046535,0.827109624827246,0.621563845384749,0.235915931487837,0.417171346424681,0.360523830452591,0.810367003022809,0.299722900682408,0.364378967993162,0.742737519635449,0.519771845032591,0.647291190653609,0.796506425522303,0.570369005208087,0.73018252532259,0.595333248556778,0.840470307060665,0.732463561154529,0.826328886577661,0.495762233428365,0.257915718231825,0.60611340319565,0.899547029551645,0.821594387012528,0.794557398068063,0.192494653172343,0.918193438952906,0.325485112221597,0.478827566697834,0.633581191641591,0.570201635658413,0.580502258777902,0.922285799047769,0.11345530308695,0.757021065096107,0.295564879030295,0.158488482504799,0.333004760943528,0.624585402461189,0.60412425774904,0.645113049230568,0.152631562473241,0.233768055280741,0.857071224571136,0.0724253099956517,0.678280494791471,0.661029401189609
-25.5,0.198847801727975,0.200339096819564,0.568167740928754,0.228076366778938,0.786242393078971,0.066064262023524,0.56279543644314,0.707119555308925,0.772837394598103,0.672879879323435,0.211519440291128,0.431367867486227,0.404658369378948,0.79650798634971,0.28454127980984,0.389767916344102,0.653717047740314,0.476260103359998,0.567179114036302,0.820623448658452,0.547583999943993,0.662353746735232,0.595550583836743,0.825637029498735,0.696843010248253,0.789622872317288,0.525670586404706,0.247736402043514,0.626041872570317,0.78402197811808,0.714348383164484,0.740062353388374,0.259190660195487,0.906275478845695,0.384350208411065,0.363001356862754,0.577591728028892,0.599984318140709,0.617577545939336,0.870422518349492,0.107545601273819,0.768588949725823,0.386498438740063,0.254035612795967,0.296263451263637,0.537122137991714,0.496342360153291,0.554696853239765,0.125955907782732,0.288298046308811,0.825604796985968,0.132057057496238,0.633979529615232,0.626211905552398
-25,0.193415035755441,0.175307703857609,0.534584261383236,0.226854811641948,0.685809204088364,0.0908934738688946,0.510930723450532,0.62362354207788,0.782385224174863,0.703278811771509,0.221616029732823,0.416655010519849,0.387531142519733,0.768604129108406,0.28272748759615,0.418345733885868,0.600453344723575,0.475234311158094,0.526288693623757,0.751127381523575,0.508444962255527,0.585463161943494,0.566815289598492,0.797286969248283,0.650581333747992,0.707850218815373,0.466811440007216,0.222193388355413,0.584300443930058,0.720842590111915,0.628129285364728,0.62289299719459,0.261197433941368,0.818982002108528,0.339685125073164,0.261133520599434,0.533623920852987,0.583697117890237,0.619241783082243,0.849699843533476,0.11547752246868,0.747156732076395,0.470165506890554,0.350178717332864,0.254311005345476,0.42678804540132,0.427003272581989,0.479884579622505,0.134002162998106,0.260521517043832,0.73087456174649,0.187356687331272,0.620537899699449,0.579670463506092
-24.5,0.138177022725441,0.167007862850378,0.507000832242383,0.206358483315511,0.61926665413513,0.10319679251498,0.427778547069408,0.547420479641459,0.660896545497634,0.556236935820748,0.240013320599696,0.403265849728416,0.292849410991734,0.676556734184131,0.310205656230167,0.413774289474695,0.55632750610315,0.473959895591818,0.565671248563392,0.709642344702811,0.44249361361628,0.48513796160321,0.525416979144263,0.717593823227192,0.600811686472342,0.629603271534134,0.384874001751254,0.277573362465373,0.478851782291279,0.588741253410369,0.449280321105561,0.490735901806734,0.165188837764187,0.697786058239186,0.320793028808429,0.214580957881867,0.477440886753922,0.52778291831528,0.482335373581825,0.672316646906273,0.149334714103794,0.652032013628086,0.419210436599846,0.277667984479069,0.176310786088032,0.322270614282498,0.346719387096647,0.402403354551422,0.143503370804269,0.188957388453893,0.596377577382646,0.14579348648349,0.558856756146887,0.530311529771251
-24,0.0961842358123477,0.120830562580249,0.410634751075463,0.209547114601435,0.518357434439982,0.0692743627970147,0.307000085824512,0.481000274906731,0.588242860015076,0.515410948083268,0.194327187127624,0.325381690795814,0.23181117855449,0.568881767803553,0.309217179735843,0.393972269730731,0.519540290261716,0.478873516048236,0.543660280433797,0.603707854872257,0.360329349851208,0.482320528730923,0.443664216632416,0.633896391781055,0.57280736516581,0.580984648178692,0.242083966839255,0.289835051173974,0.40513333315462,0.558075306538796,0.360926019411445,0.384621182842454,0.162913255411008,0.623666335524229,0.246601119512704,0.210258804505079,0.478534183079377,0.492173945637564,0.393709843787795,0.524712529078007,0.16212251896673,0.523835021888409,0.309448883902838,0.284258812765141,0.130763023117145,0.279329294844535,0.287125646449261,0.411812329258726,0.144095535294138,0.141978187910052,0.523033392348372,0.15533473951312,0.52411926153106,0.489110149302691
-23.5,0.105148978945863,0.145598065256693,0.26981097716176,0.173786089103295,0.451790831874487,0.0523245506029435,0.188730023846404,0.335146952869101,0.461988585575729,0.445493845497961,0.150851143879028,0.324436227183803,0.205823751086226,0.479893932517288,0.235498131626029,0.35647852980072,0.518730726655143,0.440169158799404,0.484963756989398,0.529578810645817,0.34064140603512,0.471708163456044,0.374324826723583,0.546060858293989,0.506505721006363,0.538322392362178,0.198944431859461,0.310074692239813,0.317886535245881,0.50209458833304,0.328529007339891,0.370745428479957,0.129900834288827,0.569773001451481,0.188209927201869,0.20022003087537,0.510825734225013,0.456239058910949,0.370809491540225,0.398201886792556,0.0871715015070967,0.365356489670597,0.222289423410901,0.284288836087314,0.180961901699125,0.242916657742092,0.29357866243829,0.392703908492328,0.115925812762482,0.116111804641828,0.426494407140541,0.148118075101397,0.489073261867681,0.435664592751128
-23,0.155505838439773,0.134007285959124,0.144615682575098,0.109330670156331,0.29857837902822,0.0442298835022326,0.145710662346791,0.204303655264477,0.38335571243338,0.41184224727835,0.120987097415995,0.257288876937137,0.217186112275763,0.39133143594793,0.171814712558896,0.258729108862667,0.458143445480573,0.399741518170866,0.402791291118666,0.417861465997748,0.329523761476259,0.493836121045987,0.28346471077209,0.504866479348893,0.439388345906315,0.48860844199163,0.233105284336961,0.249263368597431,0.287515986055398,0.482692946375428,0.312501812312726,0.346762438202929,0.198849225904915,0.515408403786866,0.0983566765513838,0.188094795664047,0.531640603847022,0.386076269873433,0.368930337130275,0.418326341641938,0.043954265035551,0.268534806212278,0.151479632907881,0.280149439751154,0.192576187990449,0.188021094104838,0.310298411524377,0.344441318417748,0.0804202231102539,0.0963971723820418,0.356929357024898,0.156300369665146,0.456776951501916,0.319400116176907
-22.5,0.143225958915713,0.135946092124602,0.0979142167056142,0.0216566572468283,0.23476393478981,0.0409017625965859,0.171895780026239,0.197310594089771,0.28838185123341,0.256812833284068,0.107635175753601,0.194240798331676,0.175390860482368,0.286410004565394,0.140071414785437,0.171389603872969,0.323367580031744,0.261968469525773,0.284803924562592,0.31819195830406,0.289349013148279,0.383280538116998,0.226458966110422,0.428957610023008,0.340872152514025,0.400486647682761,0.265569691955083,0.184970015038843,0.190507623128846,0.376526244682994,0.273565989991836,0.306643901411309,0.189356562005584,0.420904010284724,0.0979842492054652,0.109436747501483,0.403473357804325,0.213323234634483,0.222805615960417,0.324879137368093,0.0582850860799863,0.191559895424507,0.109631920333632,0.172065367929453,0.173959277011422,0.0906341545836377,0.299673680120084,0.230424632020471,0.103513676537202,0.0636944705029541,0.275537323258902,0.112293016800721,0.366781925917705,0.188594047359032
-22,0.160536018150707,0.106647988757251,0.0988307479531167,0.0421113308685144,0.184317276854236,0.0436081343718448,0.169436934201692,0.237916972315767,0.224143645655856,0.191600363185412,0.0836781996841869,0.132152028525576,0.087344841728297,0.184632215924011,0.135153646525205,0.121281430814063,0.201917586220932,0.135495848239656,0.188786059975277,0.240715785417674,0.192049726902403,0.279088489130031,0.170077721755868,0.337133380595638,0.242302083393615,0.251416084149087,0.222537379630269,0.108965843237219,0.151816739224044,0.284960770611895,0.239206570517392,0.2358516287947,0.175748833031874,0.301027057246533,0.0562842150195571,0.0352694332931106,0.274818414043681,0.146416402858964,0.164479181099191,0.267741174710643,0.108748466141853,0.161571953360315,0.0958579625678617,0.0895641382959629,0.147237849383632,0.0736261928178344,0.280048559016509,0.14616794681884,0.141509762812174,0.0398209383348088,0.2136006939347,0.0769944615907021,0.271368884017059,0.11455060311447
-21.5,0.111731316465776,0.127271527200551,0.0989465221503041,0.0764989627000738,0.165441212672061,0.0525878436873477,0.145444915036816,0.233582742305073,0.170520301871796,0.146702378978632,0.0762183106590023,0.127491041535941,0.0856033006078425,0.1334963244851,0.0918722972676021,0.0639625510272686,0.116985657759745,0.0814112879299869,0.121382938296781,0.175658610923053,0.134283579797029,0.183605984036802,0.154899114971087,0.216752672067788,0.15040800950962,0.171998499816713,0.200470400407853,0.0483093496254648,0.109414883359265,0.203701446749286,0.163888792520655,0.14930513150203,0.107172373858841,0.1848839821314,0.0769344635445739,0.0654653198906936,0.161275107654051,0.120304657120719,0.117237577815936,0.222027777656403,0.0869116075678232,0.146329645601133,0.0916397547197367,0.0964317272230214,0.161311291828376,0.170611733281457,0.229281798601982,0.0991254328211553,0.154208471826689,0.0584083339915497,0.135245759807424,0.0671941108786708,0.179203778299802,0.10616851480178
-21,0.0658472166942329,0.136973799146788,0.162503744375332,0.0401681386823658,0.124770582808766,0.0685312012658692,0.0986543214762583,0.207964319098834,0.10214616482947,0.110753511305316,0.0385358650315001,0.0412096963600081,0.084900364039575,0.154855682441636,0.0592106940854208,0.0452991965542396,0.107380867420148,0.110710881939867,0.133174660954798,0.143775239494898,0.0937784881861347,0.123834008022496,0.138399929274532,0.125497983128334,0.130596477611332,0.127189452414989,0.15355231668338,0.0688251765648779,0.074435933222887,0.139044193905652,0.117386170033656,0.113223466070659,0.06625729144588,0.108658202551737,0.106258509569355,0.125254657897002,0.0856232521362137,0.114286767330086,0.0973413602048953,0.176190454797275,0.0852322651959545,0.116637017453938,0.0966598440159709,0.120253893687376,0.135307619676974,0.223300555392467,0.173193793419088,0.11652193804146,0.126496813721419,0.0567568499488156,0.091899426171583,0.0794295672252795,0.123509405974101,0.117516846941795
-20.5,0.0818328588661926,0.162076409181262,0.192683573460933,0.0231008568827159,0.12226309452272,0.0545357267458046,0.0835285790577577,0.16109897194328,0.0622083856110624,0.0791904163054341,0.0207562741824275,0.0377688097661206,0.0636201831208643,0.146677915946313,0.0545911130493865,0.045558333406548,0.109876625903063,0.0674509485242369,0.136199045408318,0.11927573873471,0.039893600998682,0.111867699605127,0.135147574290521,0.112689673270254,0.125931220603237,0.0735420940563583,0.108390422498074,0.0885169847301147,0.108061522768928,0.11251345532644,0.0821258712709639,0.103715170298653,0.0582489647891593,0.111956089492259,0.120543533690433,0.134077758572108,0.116095848958634,0.139053132153299,0.0883822298845598,0.112217825162013,0.0879111956215726,0.0874556609605928,0.107458366061968,0.151869849747148,0.0930125806240686,0.232532307343536,0.116643076405749,0.133543038082268,0.0584027084737499,0.033923240847044,0.0762590502815082,0.0728450694868925,0.126465783437832,0.1300010263762
-20,0.0612655458653482,0.0949668807712105,0.152061868534634,0.0778605716294298,0.143395595538878,0.0561090349965741,0.0941900889138416,0.102998102433189,0.0506034429516739,0.0645273088072698,0.0660084898260217,0.0882108227136213,0.0606092988154526,0.119280772250285,0.0334944942384213,0.0232827174632438,0.0896702680480131,0.0324592011298046,0.0805747730003528,0.0790233930094772,0.00807951633465897,0.143498730647874,0.135423412174712,0.126417798507354,0.123249176804403,0.046973697166284,0.0856682369257833,0.0415287040844033,0.14358258458132,0.123375408467773,0.0459636643657369,0.0587672060700331,0.0902805294999881,0.135542065724982,0.0953796512872104,0.14065981447559,0.171254574548476,0.179857265907166,0.135648758681607,0.0843466148523812,0.0847745047968426,0.0890362212764249,0.102949101344095,0.174344376450647,0.049581862891936,0.181287469834984,0.0780955035010488,0.130544502339609,0.0572082359467304,0.0271605572438082,0.092085524992431,0.0522291293868309,0.16537639555844,0.119277959718715
-19.5,0.0443105379159805,0.0566332311761398,0.108937351805423,0.116032371886324,0.153980306149745,0.0814904530012671,0.0819768569276434,0.0920493684086298,0.067286155179869,0.0584360723618873,0.094124411519598,0.132196672048596,0.0690854459075817,0.0993792083984978,0.0232792888609581,0.0760937743706942,0.0656356490036447,0.054706135085335,0.00614803035571052,0.104848735253742,0.0431590616663557,0.132590889110922,0.11963975456541,0.154622741732459,0.140817597981873,0.07111289472752,0.101522341509334,0.0227333352780971,0.099258243821652,0.0599723513094196,0.0179558765472755,0.0212980250505281,0.11402029365755,0.140659974810564,0.0674693485403193,0.114263742716704,0.154450929476839,0.167672904118166,0.121139898486836,0.0973438089704267,0.0553519342102724,0.0615760402430562,0.0783560230776677,0.126431332549529,0.00465483072997264,0.106049882118657,0.0786402910103917,0.114628023214913,0.0558207247102608,0.0492459380952087,0.0903421211825761,0.0222846395101366,0.150512147966251,0.115966346435008
-19,0.0571542712128513,0.0388890012065417,0.091767788307297,0.0771616831355144,0.126154823929259,0.0748944863495575,0.0885478969288653,0.124095975044874,0.117602204778808,0.0873399242762774,0.119929321880462,0.112509259374377,0.0688913888305195,0.077684727400811,0.0609707870822736,0.132139614943106,0.0559677262349375,0.0514974267273972,0.0242979963982389,0.109950233680738,0.0620318811435043,0.127200551855534,0.0908749724627959,0.183483902558634,0.144114823119796,0.0783504978622609,0.127493165358372,0.0453406610554586,0.0519884458466796,0.0235180734794751,0.00998854818719118,0.0277927780865692,0.118361109327574,0.150282565371331,0.0355222222988008,0.0877205208205699,0.132671735032666,0.145592577969687,0.0900202172919833,0.118928112722979,0.0331868246805507,0.0610195180732956,0.0482450379786804,0.078221957718809,0.0131412985579408,0.0913636736139612,0.114358772599022,0.159277985568036,0.0593211381139778,0.0595214242143728,0.0910510126674632,0.0538143747522106,0.143936813825899,0.144862131198145
-18.5,0.0782382766893609,0.0364003488049193,0.0805849376833346,0.0662145505002176,0.168649824043641,0.0477466405439969,0.0982498868541442,0.157670734089493,0.141055410725417,0.124478939252751,0.129339802359137,0.0686745826545599,0.0961503713427971,0.0670265940043481,0.0653837842934744,0.135899750947967,0.120199055144967,0.0329777646475285,0.0319226049241852,0.115476866113531,0.0752482432074675,0.128295233728448,0.0608733496911809,0.168799657053383,0.120496198053081,0.0637907402944493,0.161143598149402,0.057179237697317,0.00444148847767916,0.0944559070936011,0.0312017277600988,0.0682052343439632,0.088077601221385,0.131918392703987,0.0265857334466723,0.0218638894926382,0.078983274668096,0.116191008836854,0.0465284418735041,0.149966110292542,0.0562284684653258,0.0758079719674849,0.0264638451496411,0.0362466686340246,0.0612415239519651,0.128042082581111,0.18325432284986,0.25813715652262,0.0724838206776048,0.0568188464015486,0.103817884570515,0.11261180188519,0.107001068060238,0.125617887575785
-18,0.0776113479490023,0.0581884799680767,0.0727750721303179,0.101965223391613,0.253818161648608,0.0469747193389945,0.0953604990108206,0.18116343279047,0.159584235712251,0.166626450150244,0.148122376841787,0.0993115015358815,0.125377045873404,0.130488694821216,0.0313161324449394,0.0769020636241509,0.135417329848378,0.092740860598461,0.0886212556171121,0.084278606497678,0.0819797777011167,0.149749202255685,0.0611238714125468,0.125990617025774,0.112030538052815,0.0921790082391765,0.1896090045548,0.0545700549549892,0.0434305657857807,0.133208665394001,0.0594843106085925,0.107205763426245,0.0447830851462877,0.109615203097028,0.0456788949679654,0.0339761394699233,0.0620166135310501,0.0917785369041543,0.0535640505172912,0.192002903760864,0.081910374392972,0.0789219023613146,0.0311072543887289,0.0738053482459249,0.0693508934910388,0.0912325790638902,0.205004440519333,0.285051895469768,0.0700311625336117,0.0508090759221044,0.0934371214124147,0.149100570590512,0.0806824847235662,0.101917793103025
-17.5,0.0838487391298171,0.0465970117698415,0.10301912573642,0.12307124394943,0.304801021222905,0.0747259038446495,0.0944956739578048,0.163497601236152,0.151123146726307,0.217533468405296,0.0937158148466112,0.0669548661920707,0.143272896619577,0.182039934106881,0.0557146596221293,0.0107685033082484,0.113123509138301,0.131027410658794,0.141477007500972,0.0691862925663446,0.0799390266585348,0.18411500390333,0.077983614078909,0.0686060354734337,0.0687625621174455,0.11161892765905,0.180129317317865,0.0648461785392083,0.0299891849179374,0.0704650483246199,0.0673403815913921,0.138847174257793,0.0238246396664883,0.128019704897631,0.0413777262013223,0.0341744612283271,0.0886990192340231,0.0944234786588625,0.103714611562892,0.172345038989874,0.0912977278428293,0.104674367030298,0.0521403078866139,0.0805317457274801,0.033477767480019,0.0251778169514285,0.15259727552124,0.197227333714698,0.0546946150371418,0.0572473408563841,0.0355923268499394,0.106564129450317,0.070153037404554,0.11693174577503
-17,0.0776129709838396,0.0330503591511366,0.115535055900249,0.132788562184578,0.248309919641503,0.0529353784707871,0.0930403012212887,0.135140917633696,0.163314076662183,0.243144476510415,0.0393550613428234,0.0212374117544409,0.128102686967886,0.202802241811475,0.119221703940895,0.0239680406451593,0.072323325295369,0.133908841407099,0.126963077513048,0.0931519661229195,0.108528367313911,0.176431695928523,0.0773899490051271,0.0350788305045403,0.0246517193362983,0.0974558847836943,0.125909183034153,0.0536861341661865,0.0530343969645482,0.0382762098161363,0.0726408291548754,0.15879675322538,0.0344354004492758,0.120908163979017,0.050741968190496,0.0848762757975184,0.100580414232318,0.0760423238709586,0.113371891228313,0.151624224007614,0.100193789716369,0.156625044540295,0.109056044741515,0.102322793258933,0.0596766375066209,0.0539893953295516,0.128084473297296,0.126168794396974,0.0307235760298138,0.066723002304765,0.0324799193275296,0.0921602334565873,0.049874172916357,0.12315769533852
-16.5,0.0640315849594914,0.0338792559953252,0.127521201422009,0.176516398313785,0.18917429697786,0.0285638044784596,0.0738884767942511,0.10683146842542,0.177389952374012,0.236583421258248,0.0277395020652428,0.0499535919376702,0.120708227827309,0.234756997650289,0.146469558079451,0.0465819711866295,0.0633346153485831,0.0962907120925972,0.113589986759117,0.164958619471329,0.143771316984536,0.174845489936688,0.114743866259355,0.065001851760521,0.0663553281033923,0.100240105015896,0.0837091299135243,0.106192781547352,0.110304452284132,0.0858041665306911,0.040619119281977,0.146850153783672,0.0571600070778776,0.101270454330586,0.0846083769056863,0.12033768413364,0.0900084984106021,0.0270085955053569,0.0585018148621934,0.0941799322902856,0.0332580187523003,0.182625687726377,0.13146128405918,0.119781760672459,0.0759562814655429,0.0967717258716095,0.131033054331255,0.0742705465529657,0.0153632050765281,0.0817360563187772,0.0999622355920452,0.0730521856414627,0.0647870090412959,0.149716376066646
-16,0.0918478956557127,0.0590261800849101,0.0959696844255245,0.152459981978077,0.113857819713534,0.0639241062115488,0.0440565011908925,0.122294379595218,0.246947636885007,0.240428444885302,0.027014180554805,0.0842402577424064,0.142112659371959,0.246098351188869,0.123304293141208,0.0676735784394048,0.12223633279442,0.0781839510161023,0.129116963072655,0.199417784992348,0.18684928378909,0.218257641059083,0.142874588347942,0.114805281160022,0.154728309821395,0.139858338196114,0.0578029738339553,0.158194631282083,0.146758203467067,0.137545800428108,0.095105241660488,0.113731416157231,0.0498417480055658,0.131014640738134,0.123593232736495,0.154944391418269,0.106857343509258,0.0653838555912994,0.0118870728693871,0.0767264646995667,0.0238696113163363,0.175542012755516,0.0938114244124502,0.148393650050746,0.108324510884031,0.120479853346148,0.113188496409197,0.043091311493811,0.0252186706763242,0.114651433570768,0.16717739685659,0.041161374819719,0.161668038835766,0.187737886359324
-15.5,0.105292818500573,0.0939910486777062,0.0473118859910954,0.111043422662111,0.0881498057921024,0.0804643660569276,0.0676463628291018,0.120291793669899,0.193843921499564,0.195869783865559,0.0267012152493018,0.0835567385509448,0.105642208290542,0.16780604871084,0.066168456047026,0.0543825248577756,0.206626331221563,0.112561396764234,0.200922155649725,0.227997746395286,0.184852116911542,0.218168483356879,0.14185250359056,0.11567139337907,0.201444673661213,0.15909542940406,0.0430835237588805,0.192889849841022,0.158937661766442,0.146340470091409,0.156058885026341,0.157136216664855,0.0207821441534547,0.148947327798179,0.172501822844534,0.160717081694963,0.102134954873871,0.106503044843596,0.103234515064926,0.137194909632002,0.0269427796739478,0.163817666781555,0.0457683369624132,0.163510498699209,0.110746590222641,0.144857715607738,0.0837120130602448,0.0405694556713882,0.0273681522142498,0.155315857236909,0.217983276371347,0.0127589958765597,0.215431316243011,0.186851109849471
-15,0.102836558107084,0.0931373982217514,0.0456383981607914,0.0919330557970286,0.0846599299217073,0.0547778211657651,0.091762561250948,0.0797150427757238,0.121091849202356,0.165854592656934,0.0380274899546035,0.0573967891714273,0.0200586533309246,0.110628910656899,0.0731219224143359,0.0721937766369482,0.233166817394628,0.153207156874258,0.232687692779978,0.191567483574503,0.141605860387626,0.184902961993533,0.11133106227829,0.0979281768282367,0.232855044932077,0.174406427238496,0.0633870241593367,0.153082737782724,0.173621482687622,0.137356264511257,0.219061176944034,0.18836792515514,0.0528217275871759,0.165178653436238,0.202221718177436,0.163866220042471,0.0856970673357839,0.109001548209148,0.190869419911774,0.25324723203612,0.0405464502259815,0.136395004474713,0.132946950911419,0.174802277906438,0.0998114536844203,0.130256849069166,0.0760568486926382,0.0510471909993554,0.0172570468545043,0.149355745041,0.210463350703788,0.0352605460591227,0.239054096606085,0.165473323273212
-14.5,0.0644478339803413,0.0777740596441945,0.0769479841601267,0.0676925569292983,0.0858838688010846,0.0290676567135515,0.0737660379185669,0.0546718216418719,0.0682790292903324,0.117498298762593,0.0523587256840131,0.0554849800608095,0.0292682247000773,0.107760601626394,0.0749508543422907,0.106448388542229,0.210675728658599,0.150201810781807,0.22462470511878,0.12294244835936,0.0816543216630274,0.0839243667147427,0.0472863390896359,0.0901182096476823,0.202599326406172,0.155900843547864,0.0748402753548107,0.112440333405766,0.219650037434206,0.0829496036400395,0.180991674561608,0.136865957254479,0.0870762724205184,0.147197167440236,0.198796141657306,0.150387597218284,0.0498543825907532,0.0769497948920744,0.165793486150845,0.192311388838755,0.0586592965422154,0.0856862017840095,0.182374017469743,0.145920897087553,0.0288864588016379,0.0882230201489981,0.115176730746597,0.115269338162822,0.0069079804701067,0.111962629915747,0.142747153825831,0.0318562193082411,0.172100632733338,0.145495592740432
-14,0.075005338084598,0.0438495371284527,0.0674537082458847,0.055874672217954,0.00961151374908074,0.0316931509974817,0.0422794443465834,0.043894031566619,0.0237453050294049,0.0813109918912275,0.0630202169995308,0.0463206540746881,0.0521631414672767,0.0930774323668545,0.0984179740577359,0.0687447529479273,0.130844839031641,0.136367853717506,0.164793855277173,0.0954334561184176,0.0242686643632652,0.0564201402945473,0.0523255122178771,0.0751525784767323,0.162178177233717,0.106985012761823,0.0465821297360257,0.0820340744299813,0.192745055460577,0.0881147056981237,0.146430029693124,0.112688514153504,0.116382850529471,0.104533156345426,0.155798079641432,0.133090348294143,0.0202162399262639,0.0417803781453979,0.122250833013267,0.127765595915472,0.0823331950283002,0.0717661630210229,0.180847341161021,0.118782345717013,0.0441293392240341,0.0440455207320837,0.13816697832553,0.149008721730778,0.0244172106324527,0.0685363307695645,0.0768605918193358,0.0144140186838901,0.0855949136010201,0.0943357828753821
-13.5,0.103567219015812,0.0466690643852066,0.073379407194087,0.0926041505959503,0.0684341686840686,0.0402261847696975,0.033510403230792,0.0691674384615601,0.0321173690847373,0.0418166055040994,0.064808286851744,0.0520639478165491,0.062074163558382,0.0788930950760213,0.098845275696249,0.0428536192920311,0.0899695244554229,0.104220236922026,0.0880061807053402,0.1231394754786,0.0522770667095304,0.1199266490597,0.114618482332305,0.0463788467248326,0.085493600816668,0.0237305227551932,0.046400279323366,0.0472368636883901,0.0655518315618892,0.0301038065575762,0.0949002965281379,0.106499691531774,0.112850556176326,0.0560971097213819,0.0861864558064229,0.115620953593946,0.0658992298720492,0.0579563217423054,0.0604402502482368,0.0678208949403641,0.0849126672465649,0.0980881268942132,0.170843480300755,0.0952078723076192,0.0816645094529473,0.018206824972702,0.124320124243254,0.123955032527964,0.0384829035596073,0.0579562732438142,0.0431806245664644,0.0140257994784065,0.0348344742085917,0.0608686719260523
-13,0.0892511187290178,0.0002588745525226,0.024924521346425,0.0832348695346769,0.1190378752439,0.0453478846367842,0.0210156694096842,0.148526540654628,0.0787556387150667,0.0360578241419489,0.0751218398288967,0.0457452421542905,0.0576405560403789,0.061747560613116,0.0877902557687074,0.0364467142440647,0.0430659489898666,0.0647081057158284,0.0236327268484015,0.116262063872906,0.056119352079255,0.161802072230887,0.136067102739634,0.0471896285797132,0.023889298979653,0.106270196946669,0.0848135329684065,0.073204197714041,0.0420432295636373,0.0368544816739266,0.0740239445990729,0.121851949781411,0.095262626720979,0.0801656761089945,0.066533614465132,0.141420722344185,0.10842907534941,0.124450801957423,0.0321357989235251,0.0725894258597585,0.0854067655875235,0.100804536136315,0.191614769532757,0.0876865920977715,0.0990820885645533,0.0270165061964969,0.107087521626758,0.122492104810741,0.0305169075170394,0.0377487427967031,0.0498869236088825,0.0365056358782847,0.0431473895869405,0.0518344281852722
-12.5,0.0710141486421854,0.00790241124395099,0.0752746228260094,0.0829982636415866,0.175944001537369,0.0638432183471174,0.0450180070258391,0.202500336767976,0.0983167691380182,0.0328457013237606,0.0237021908735101,0.0286826308197571,0.0754857408315176,0.104980319153331,0.0674367516555076,0.0479108057054952,0.0619335546017353,0.00717723321965489,0.0318311002536963,0.101902386066687,0.106158307300685,0.206776408589989,0.146584454990354,0.0912673245175229,0.0709413856650856,0.173610989944078,0.108685058049459,0.111007682742885,0.0693865594156906,0.0597842076882399,0.0816901658583524,0.156726137963941,0.120585235220542,0.156407198441358,0.103058261539099,0.136402221160532,0.114359916841828,0.196671311829696,0.127655528681121,0.121417688223852,0.053541838581343,0.140664624793262,0.154579925879786,0.0491796311168061,0.103667618205897,0.0434792211146241,0.098904339779732,0.163285038900639,0.0283603775400888,0.0527695897965458,0.125132453785585,0.0410055576957557,0.0692173392912054,0.0300096882893668
-12,0.0515724666643315,0.0455283448907754,0.101830925982638,0.0993105481263197,0.228773879456774,0.0837474661993786,0.0813864207069009,0.211571893947933,0.0989391512607808,0.045662920414252,0.0633880881053061,0.0692530478237823,0.129024417472381,0.166495917218195,0.0458620099176544,0.0811262239461387,0.0998878109616659,0.0569228912967133,0.0543562387336263,0.0755880646597605,0.141170135547102,0.256105869592775,0.150040633112759,0.161118272388911,0.139474242812005,0.206949252411315,0.127593380996556,0.129310378639046,0.0698617996144379,0.0913552459377151,0.0968944207148553,0.17976202840294,0.15215769721505,0.216396836372478,0.145103704949414,0.130034429090144,0.112938935206586,0.224623833382731,0.190390228913114,0.184178496248333,0.0275262153679731,0.192897160840985,0.108020667646316,0.0869542316669716,0.0980780130065324,0.0698232268610646,0.104393820177565,0.185537370467772,0.034075499683268,0.090346603603918,0.196807880035899,0.0515334719976581,0.128208859850992,0.0599951642890254
-11.5,0.0552193581534196,0.0454779619559066,0.0931959007417535,0.101415781598198,0.259760214151252,0.0859321722528884,0.0925846970262252,0.172631585485952,0.0859698071186247,0.0838177710402497,0.112162859642329,0.108781436737525,0.1641456884655,0.187874062493943,0.0513622823598747,0.137521737157606,0.1613293777456,0.137626745600504,0.10240466483688,0.0710583144024463,0.138161588050528,0.27206922468135,0.146393338306945,0.222679687308775,0.217845912133117,0.230703337825811,0.151361625808631,0.124055329230142,0.0891159806176706,0.167683828259335,0.141723078817148,0.181139099320808,0.11926459225529,0.252047785679994,0.168281941541278,0.121381101936214,0.140533016429634,0.196941712087064,0.19931061666125,0.242071611154277,0.0292909729556894,0.214775810261997,0.0803012631395145,0.0966904860575957,0.0731105995499404,0.107006728870911,0.0888887118792911,0.169617761962949,0.039066190145882,0.111888114019572,0.228087493341778,0.0705811658191821,0.155598866208356,0.0560466700505908
-11,0.0577902197440003,0.0208335172614663,0.108363566572381,0.102403146276942,0.239648223875125,0.0613728096137725,0.109952728721371,0.121653235167515,0.0653237532819795,0.127714672036405,0.165339001237254,0.148396503602953,0.177949543658011,0.174820900137497,0.080409594072103,0.187204525720267,0.196216223815593,0.174132211210935,0.116985533130386,0.112581182167687,0.12831661393472,0.276482895815863,0.139922794420432,0.243060229864966,0.265799120669982,0.245702170143953,0.172371704005898,0.0720777032180432,0.119502496237608,0.244363201035606,0.187857080355209,0.169535479781675,0.142778146386687,0.298225174059654,0.190034272375007,0.139188114855521,0.173066074776678,0.176334140983634,0.207108432858148,0.312364338005518,0.038881956877763,0.202668058415302,0.0393570811146185,0.108258069076693,0.0614745266502171,0.086106102240955,0.0824587252142354,0.142988640763263,0.0429783097670766,0.105795884056323,0.205133480116347,0.0761268246112177,0.170832130863381,0.0895911808297028
-10.5,0.0819378715030335,0.0420567959271581,0.119031573483719,0.12439051003911,0.214361616339507,0.0438459051829754,0.0911221245751629,0.0654130929076675,0.0537729352703963,0.153852702127947,0.175909639475571,0.159617985865961,0.174213852329842,0.133208737831472,0.0946529861955414,0.192119010600485,0.198629971612679,0.142777301834927,0.0791699411755053,0.163150645559947,0.13935305095256,0.264526848687775,0.15012997552755,0.213092191262783,0.241073334936928,0.227840292181245,0.187974141576502,0.0526380932294139,0.155622591480691,0.229244219471426,0.124217545644921,0.139759710341646,0.182624528015114,0.29505941892405,0.186309386619031,0.115970904063676,0.198590698288411,0.181646729646996,0.184553959387309,0.322204615882561,0.0858463848777956,0.137106952407956,0.0155105816628552,0.0477415918508343,0.0778029305825534,0.0293235439806679,0.0639882059046738,0.0977585699627305,0.03879761908788,0.110139798982283,0.137247733679008,0.0158974577084131,0.131321053337704,0.159888328870504
-10,0.107518294291272,0.0368823405201591,0.0876222500951902,0.13664254627473,0.17895703733322,0.0422699059101818,0.0809632774345992,0.0368010432868069,0.0650046259925869,0.140788692674687,0.193038556338705,0.123871861460067,0.0877008702440266,0.0905657374454967,0.0989483360099683,0.166791927990679,0.159388547774046,0.134014994849315,0.0245362176314649,0.195958648458257,0.179484293700745,0.256363314903065,0.176644033227419,0.181202404179425,0.204211220438054,0.200217874877751,0.203414426927776,0.0639402627008147,0.139650658492013,0.188046381853471,0.0629358814346629,0.06636327035366,0.160552583838378,0.256802782660317,0.179094298887931,0.107262207598241,0.222986270953091,0.177837764975429,0.158370676358463,0.323587554885732,0.130174259895119,0.0611973437009367,0.0391849752394226,0.0157170243077228,0.0821680870208137,0.0308576902458204,0.0989327382821101,0.0813096218847871,0.0408960852393127,0.111102445291234,0.0668987440658251,0.0786697258288386,0.082070643061104,0.182578833477548
-9.5,0.120930970972318,0.0487446564129491,0.0835935699631349,0.148482785654293,0.139692672765515,0.050481045532023,0.0965040222408989,0.00882857042967783,0.033604828826818,0.129962364063824,0.160143994118495,0.0495565262840131,0.0393071468213253,0.0379702278039866,0.0776887868479431,0.151562332233554,0.0896053257976301,0.144518158984138,0.11241538606909,0.227518228791889,0.200806326799572,0.192568499939104,0.156393938454105,0.120845817068077,0.129205093085817,0.14033490529065,0.180053497020548,0.0459318216116784,0.057256980259492,0.0971931938467249,0.0132422156588477,0.0661836534678362,0.119981192828577,0.188600711941375,0.205536015052069,0.0872023554148737,0.192663451151786,0.164621056656147,0.0694351289710997,0.180292895783582,0.137328747834826,0.0853546366305854,0.0845576929933261,0.0517427578000544,0.0488414832643051,0.0945045700113189,0.181219194845812,0.0998976798110731,0.0429414000296884,0.108854260774366,0.109117605205914,0.0659095041962407,0.0333290376790158,0.160665051840685
-9,0.0993576022811555,0.0486639593374726,0.114480831390084,0.164425700635367,0.097634462974671,0.0394867512056503,0.0890631799423134,0.058971607149439,0.0115360621284693,0.125422716844206,0.128745322432364,0.00839511998573718,0.0181615306381249,0.0278115235916338,0.0572793875554387,0.136879857668374,0.0634485402706014,0.136618674881345,0.180375797359763,0.221957202914923,0.223316200102754,0.146700520344087,0.0860372793963735,0.0522023000651536,0.0718943845033248,0.0370968237935269,0.108845538577161,0.0478546548855182,0.0162906067598293,0.0348946985707343,0.0390948080607655,0.0856508415007084,0.0586754923372123,0.042693630291794,0.154023837710197,0.135386295528598,0.161040638238215,0.12978602462576,0.0493292438570086,0.0317626529729606,0.141924858357584,0.164629033273704,0.111187263978487,0.0820073749600258,0.0209081791055136,0.107603665372097,0.202203843012871,0.119350853269335,0.0480135386936975,0.0898126823415375,0.138044004665591,0.040422409692975,0.0790575965834862,0.132243156578588
-8.5,0.0470750266253585,0.0541040338846288,0.123465219679297,0.169881477235517,0.0941684184077794,0.0492311903348515,0.0909586356911672,0.0821216738237775,0.0565379752150797,0.144839717154493,0.109212261670142,0.0841962968770476,0.0612179451743061,0.0340508067261423,0.0588439978795915,0.15662945324857,0.0743244280886147,0.105028491085801,0.209717474429598,0.19900918851059,0.140122961406989,0.101512589793395,0.0665322551395845,0.0200910083738716,0.0552132212684369,0.0170310311051885,0.0705897579202034,0.0624572090652286,0.0363904490265147,0.0641142277064424,0.0583426982304008,0.0915087102692042,0.05422267791331,0.0369587656776494,0.0949625262956578,0.104860409228793,0.106743297361899,0.0903313027008014,0.0791655382611648,0.074234234797274,0.137366599330177,0.218572591736319,0.135982078600095,0.0771107307146334,0.0322017717341442,0.100241133959529,0.179236942295155,0.121550582450248,0.0644754171343237,0.062568289388526,0.100319360375196,0.0232853272532541,0.153917842286642,0.130453274460853
-8,0.0211495470570366,0.0318240596720443,0.116302066108442,0.155632435263197,0.0725157874335096,0.0699776627945866,0.106073775326913,0.0644268754582237,0.0969060861907077,0.13580424743193,0.0647533620662323,0.117535726465484,0.101692202611799,0.0151447231335882,0.0556790955437496,0.126793613626449,0.096440914617317,0.0641863550876142,0.164488045582468,0.106991433960654,0.0291918762458308,0.0532425284292174,0.0457896467582443,0.0313069290414705,0.0449544812833326,0.0287007023050189,0.0118010701021617,0.0158975091529725,0.0612291408042909,0.122347615409986,0.0779992348161763,0.0844625817612186,0.035868204832949,0.0519770120171691,0.0779763480796526,0.109307771846606,0.0689202734202265,0.0921240762755115,0.0874597038314225,0.153921870640737,0.128912985027509,0.24389537317017,0.161298102438366,0.0796418476088467,0.0619541791653422,0.0783338742185099,0.142883999955751,0.116102281799213,0.0814875574302129,0.0578535458194597,0.0875248514301635,0.0828757239080486,0.212186688430254,0.14457619503596
-7.5,0.0593171348552945,0.0452103096916755,0.0916901776899125,0.120331237291409,0.0498658473089733,0.0466801273586977,0.104551518786009,0.0131091209616795,0.0785392524118607,0.040781876015572,0.0248163665295465,0.114904580521201,0.132026023753561,0.0717477992356682,0.0490534551112417,0.0589010085576896,0.148657477600899,0.0784773377023759,0.0980534409882011,0.0270861562301326,0.0436633440932069,0.09485723155221,0.0270364766814055,0.0535684190871513,0.0495897894525687,0.0118626381468278,0.0372342680076976,0.061513000434851,0.0690053311817345,0.113612640604981,0.0485342480484301,0.103996925386658,0.0258393839001244,0.042926069481325,0.0955922217980246,0.106311084146941,0.059010206441364,0.0615186516762478,0.0783671318572024,0.12938190544166,0.102714931596471,0.197240679441435,0.1838039048481,0.0888328485128868,0.0625045398665485,0.0527865878927225,0.110254486881328,0.0943160979756545,0.117188280526022,0.0658426128652301,0.106756486536448,0.0631879564365548,0.184582408233952,0.150938698357552
-7,0.0681639941288069,0.0535669827683699,0.055213451404976,0.0897031248836239,0.0355568391853738,0.0344981321209912,0.105495429275623,0.0628458819513842,0.064815280280899,0.00843757759444587,0.0158604711783474,0.0836052137774901,0.132022832042469,0.111287371639091,0.0545391468442854,0.0180794729807518,0.143973933551792,0.101159533892099,0.0947760490026361,0.0978438160179522,0.0901444389055206,0.114556447256899,0.0532991070158566,0.061667427648175,0.0528868643223529,0.0565793274849638,0.0193583090273824,0.0781849872793093,0.0725772666924978,0.0976486121590251,0.0188816642323999,0.120954863153156,0.0280705242145817,0.0133008091466044,0.141746511561793,0.106347852263935,0.0496535526297317,0.021410207235936,0.0711038613835535,0.103237859411969,0.0681943460002986,0.117484713973066,0.177869942071189,0.102638717160371,0.0461297244717785,0.0292440686259239,0.102322541772584,0.0514616193777539,0.10943493409192,0.057437894305902,0.101766297197907,0.0333244184842669,0.145673344902858,0.145631273289343
-6.5,0.0460398465267294,0.0435695067359117,0.0347798920814913,0.0612889418627162,0.0428061250364452,0.0808232398509515,0.0864314780573719,0.0845838812081967,0.0613222090093129,0.0282490355634431,0.0293584069986439,0.0759635202122236,0.131328721048601,0.129830678348185,0.0323656328496719,0.0280314157100149,0.0662155625075831,0.0634588073097589,0.137291406490335,0.161648028042865,0.0918887399270621,0.0799020213387389,0.0726464869711208,0.0369929333175197,0.0424945513454669,0.0955744714220574,0.0161600364693402,0.0903311114722431,0.0675598447523714,0.0153086542175142,0.0421370457717673,0.101578222028093,0.0498329395669912,0.0819074732490606,0.165507478219126,0.111310480202891,0.0506461416693737,0.0494687078838972,0.0432303497231459,0.061452555246939,0.00203819020337895,0.0441819062946971,0.132973673497469,0.117375199424757,0.0355647868142568,0.0105033989615237,0.0935065069397313,0.0476261039021558,0.0668527520511858,0.0898616981067647,0.0602427299932674,0.00931497398049145,0.121170618321714,0.138591002165004
-6,0.0619933309308628,0.0264257691335582,0.00885863061334778,0.0533490844419281,0.0784478718311154,0.103706615963981,0.0426350689203296,0.0998393790042548,0.0536474507165607,0.0759909936720916,0.0478074744601075,0.0599969015879636,0.121991602105631,0.155849097334336,0.0322190546549307,0.0351799128882822,0.0545765289303237,0.0848821332508743,0.161406042170145,0.159913806723702,0.0707940745080928,0.0221173672393924,0.0956653681278904,0.0843250708223301,0.0779573511303808,0.112079149535167,0.0522657093215395,0.0554253639192733,0.0502564487208516,0.0766792862024566,0.0973769210860015,0.0953103729767372,0.0661414350472642,0.152964431351915,0.17132799131052,0.119295913959246,0.119836899608136,0.106269985993967,0.0433646982829662,0.0219123129488709,0.0440828035655489,0.108870785519517,0.0941504000258894,0.129612533166504,0.0797933925741326,0.0170262237451589,0.0667218875518152,0.079177648624362,0.0723777777068899,0.0902577955818537,0.00940261303167213,0.0235608894145894,0.080939137590099,0.104701138269134
-5.5,0.118026097631139,0.0631003193081605,0.0301893432473594,0.0669778823224549,0.113694336344272,0.109484318802324,0.0147880897823343,0.117215503332223,0.0404110333627673,0.154540389585525,0.0957660014411403,0.0534563073906194,0.0861445939804211,0.154263349759578,0.0626967887273293,0.0817965645585118,0.104563563378065,0.134026760688695,0.187970779935874,0.145240167908064,0.0607956198390434,0.0605411485432058,0.109681638903655,0.122093061444513,0.111325747146948,0.131011959646196,0.0506139250682862,0.0112814086104927,0.0882670439065847,0.127958883666305,0.150905391016504,0.166136478802075,0.0429029613813337,0.154266638695947,0.162976672151957,0.108892666310455,0.118229174053201,0.120254758288144,0.0930025295785807,0.0666387858928281,0.0333266111893626,0.106544501697565,0.122448485574483,0.125430411272206,0.0599632646274824,0.0447174199402529,0.0403969538573733,0.0586102186955737,0.0727595060326122,0.101303402138629,0.0382715643255132,0.0179680596399563,0.0431403697958418,0.0392601881139905
-5,0.163861213345697,0.0877035307373199,0.047564083886538,0.0828924348632718,0.138819839314454,0.100229575794174,0.034141889068469,0.166188971366116,0.0719883326845631,0.207335368981113,0.133731399688275,0.0716403063704377,0.0427269573534067,0.14226776573254,0.067895678890278,0.0918588497580045,0.125015578397984,0.139061054762052,0.162275118706661,0.111128212399471,0.0699697916991416,0.120237165457093,0.164737475485986,0.16214582189094,0.154847704771731,0.168904522683581,0.0598029338467829,0.0382674157236642,0.134409887001527,0.190978022281693,0.233331340400239,0.2210220522076,0.0405591590857261,0.126468854603616,0.154429424330058,0.109000216249352,0.128050678479401,0.116398142139635,0.14552704197122,0.146922002741989,0.0938664254745638,0.0818959466225127,0.132656746006817,0.153357002670865,0.0321554436336922,0.0649242813962087,0.0551725620592762,0.060108582519417,0.0718917459124457,0.117625113464229,0.0503039915972935,0.0465525749689853,0.0103857901229778,0.029599559403091
-4.5,0.182672826765303,0.0875089910112642,0.0841411027306531,0.0963089003233602,0.156973427988964,0.0745636876609328,0.0650167483553625,0.180602581933923,0.119526126762449,0.228107215409028,0.165079221756622,0.104513357009618,0.0171618151943566,0.14547191683047,0.0468984150175985,0.0831402339871801,0.126735919520534,0.0738335342162265,0.108072812481318,0.134715763540801,0.0747632868989704,0.119258947554475,0.196196444595657,0.214410748733795,0.223743280181984,0.172582344971574,0.0894758293859567,0.0745798662828182,0.178278578052109,0.219086683417143,0.229145510364457,0.17830247716426,0.0435018616929216,0.13988089304857,0.11756965832488,0.0790947042169049,0.11854597329136,0.0967260442399586,0.130338407956402,0.151302779128866,0.0984437570576591,0.0647220007703114,0.0952454232021089,0.121798365971182,0.0273676940916376,0.111863222801179,0.0578406014591751,0.0678908613146165,0.0594794097973205,0.111594373080161,0.0463476956707649,0.0615738236438693,0.0347138789281708,0.0533223385964005
-4,0.119766717636797,0.0471900574871319,0.118205320602531,0.0513891268797572,0.145348231065353,0.0179108129106285,0.0831378947087699,0.187413935339496,0.149149495576774,0.229186765828012,0.172129119534561,0.0989442927460963,0.0364795623359089,0.13466776775121,0.0419357224672484,0.074021783659095,0.153565910689571,0.0505183208598054,0.0887971803919166,0.127706267284762,0.0863026538930929,0.140453743140886,0.222940441409467,0.219484180083946,0.263242347684336,0.139511195128656,0.0526845938963426,0.0604776467080034,0.168429685721137,0.248912578184086,0.213623901104821,0.137727429458104,0.0402293529480762,0.14603097403669,0.0538275791085074,0.0380498070822555,0.101886272393079,0.0832377632540424,0.120752521762021,0.153928772304602,0.0991936496886548,0.0897535122796686,0.131182478588383,0.109857086333614,0.0445057802754123,0.147483645996764,0.105814704626253,0.125404390882422,0.10107473920189,0.0929893488904128,0.0616889569256874,0.0678407954071708,0.0345651193960768,0.0263891181886097
-3.5,0.0668409417892288,0.0238714984322379,0.202151330590918,0.0934961736850226,0.163621979976373,0.025635707078604,0.0973829151736344,0.290468033845661,0.227689942598673,0.213589997660401,0.128649521994724,0.0640904156856794,0.0615408294499736,0.1452947839783,0.0320026122903153,0.117929571197767,0.244860543938457,0.0863776829447402,0.108385789967515,0.0912454088022591,0.0687581623107225,0.216605887052369,0.265317400797263,0.205941772189557,0.248389111061606,0.157401963773121,0.0674247822768571,0.02299332807179,0.121879427869354,0.240820200056914,0.183696661947073,0.139767463514855,0.0148253035106632,0.148498607166569,0.15289032423146,0.161509094995957,0.038111864094284,0.0788575417674446,0.15310165247232,0.194960438271374,0.0830565436911048,0.121967875607454,0.26793634452098,0.148277440018134,0.10306824952049,0.219216717326081,0.181877262319946,0.263364263940189,0.214766315751637,0.17754961889696,0.13192783964479,0.0152295077626334,0.0663278432447502,0.108700473476854
-3,0.0642788999108074,0.0723605880802984,0.431421851704613,0.277965637035002,0.255480967962332,0.0386874344013739,0.231622003330628,0.572339129660362,0.338651911426235,0.249004581792033,0.119917640250673,0.101249240751199,0.113256006370268,0.314164317725732,0.122185367823891,0.354908789858625,0.59742843682647,0.258143218094025,0.360770426588911,0.132401984506209,0.095838702820336,0.5102104572773,0.484252294608384,0.260675322135277,0.286305721179129,0.245482696940318,0.155936523093818,0.143950546261917,0.251861741669701,0.28839692794897,0.154448379738107,0.220336302378853,0.095844031984388,0.176898064551828,0.354658889626946,0.407728768084884,0.0426725445261927,0.0941287349763627,0.152916112377635,0.268014861537147,0.0942679627367695,0.232746346516596,0.429085856070674,0.237787331563536,0.224065159007672,0.500347575496195,0.508442050999528,0.709288800985072,0.494757605181663,0.342407749952875,0.491989975534063,0.0901771792593211,0.138732317685666,0.410125816318312
-2.5,0.20486316348283,0.131542025120005,0.985556787099063,0.763081807454081,0.512922735527311,0.0390543006239753,0.555197183630249,1.43421928956087,0.884328537548291,0.358524384973698,0.253977005337484,0.280935950653259,0.273360803826556,0.815920746474411,0.347262537122848,0.78621983526345,1.25384559665969,0.596809471375035,0.8747090439924,0.352173846691657,0.190152836544396,1.03206614181179,0.881029334780697,0.583209526318427,0.660856942369196,0.759631819027768,0.395502768197996,0.290053567522228,0.619950423666878,0.748107203353995,0.531434149754188,0.46137968186588,0.168542943731206,0.467969627366036,0.876719495572974,1.05424986349495,0.300505248860036,0.243071461342558,0.306006584670856,0.688944911148498,0.0611303868655828,0.676675628299906,0.946245860594397,0.455444842861682,0.622959411988802,0.862126274015464,1.0767960163507,1.63557392993395,0.897129290161412,0.538687151197672,1.10978046315672,0.115519182114957,0.478717115268454,0.971940739041404
-2,0.200782253828662,0.443544323475438,1.98142045862556,1.45727088550171,1.2341277971939,0.125144333068606,1.32486675764254,2.96171315783608,1.64967789437405,0.678632418498299,0.499014338880573,0.792880219845581,0.644551970740991,1.96611155565441,0.94395704780935,1.82709971048892,2.8963730657098,1.3500228758258,2.14273305776499,1.2540878687689,0.496308047138448,2.20167886188453,1.95129289716106,1.26357737350067,1.36209350324759,1.577008842544,0.820358164802577,0.859236962930185,1.69268417733472,1.52484816509191,0.964659973866545,1.17627822681253,0.522291681123915,1.15638769917252,1.41782793070053,1.81911566795312,0.791818442156367,0.728452658662012,0.620911138561563,1.30309954684421,0.200251243274526,1.51260656601421,1.35207267110445,0.530814830499148,1.12915915758516,1.91443584363891,2.40186608504363,3.35842782283446,1.50948991556544,0.603417589391129,2.70214053518245,0.411809807864547,1.02744842613153,2.23243245963389
-1.5,0.749133366267586,0.800556991365986,3.84350622329224,2.91644222913632,2.48664315261365,0.323554829235163,2.59001907992698,5.9028235888383,3.73008633188262,1.71808089196837,1.39492715172134,1.84726730183667,1.37811175436142,4.28207973029463,1.9260736244177,2.9100188007776,5.11414414511588,2.65899425545406,4.12581868656314,2.59367996576665,1.1316433401962,4.31860180496928,3.61961257626395,3.09750329039368,3.12968325762677,3.66644565048189,1.81498208015889,1.47489114231831,3.57851682063794,3.9384456574556,2.84134037555418,2.6352114114199,0.957863211674751,2.93176234371355,2.41029250879511,3.48321164078572,2.17020503791116,1.71513097354483,1.67296280351978,3.52467212263254,0.587093446960695,3.57245137804757,2.43772238427371,0.938187739906717,2.56061631593372,3.3294578830469,4.54736253723568,6.36094029205714,2.37310937948827,0.665592930956047,5.30132312801269,0.714798331393389,2.62338672296606,4.27525943385239
-1,1.08134858711294,1.72617808019147,6.26090388745554,3.98328389908472,5.22514726050883,0.554523058850031,4.57498617965946,9.72883688045513,6.32490325076682,3.18422615573433,2.58736713860376,3.93400744104594,2.68825737475625,7.69568742060278,3.3465011113959,4.64829769569789,8.59819999849878,4.48933489390898,7.42085445366966,5.7016713354428,2.66387123565347,6.96587847736416,6.50799711496956,6.08771023806358,5.75111323786155,6.72096841783906,3.60397256546332,2.49009327644599,6.3593891446723,6.86646230427777,4.91543720448931,5.15010577151123,1.62628553512949,5.94398943008417,3.45858446381745,5.13539270511953,4.13332555939926,3.69416116514493,3.21854682578748,6.01894848959582,0.99515963586851,6.45488817443495,3.46405355098576,1.70644725744182,4.17588221344444,5.86333172277737,7.72489115001666,9.75403608073965,3.04705107025326,0.760781650418032,8.8931740756381,1.33477148279735,4.77200915349246,7.38215104066082
-0.5,2.20053084862298,2.28447018473414,9.87380748822533,5.95831871351893,8.30673064047808,0.769540940774219,7.07848296435441,14.2284826502063,10.1534627564508,6.35271430153445,4.11755566477417,6.14215249920893,5.04717664927123,12.3868763901201,5.33358872859888,6.4147305326144,12.8218483553218,7.29214650193199,11.5320016355875,9.44764463925321,4.93394494845039,11.4482909510059,9.93465792392859,10.7361849425551,9.83044597469021,10.9602400923025,5.85634827606723,3.75294279628974,10.6691901106085,12.1327842267737,8.78238656403199,8.67381722014151,3.15119162643947,10.5417822934118,3.47968431746519,7.06932693976329,7.92308655212156,7.1047731822933,6.47344281758079,11.208139773616,1.35707712927391,10.6138539384913,6.01858844784415,4.28405245901346,6.08502992309648,9.2164753285987,11.6136713056864,14.1803209501148,4.30066316050583,1.36773343902892,13.834467808485,2.20938467536157,8.20981917737173,11.2836976901715
0,2.8841547642797,4.30203365578057,13.0562648955748,7.04934994451124,12.8345758818575,1.28826094672653,10.1260422780047,18.6416300847091,14.7187128050346,9.28161951091486,6.47241138997826,9.9853422768997,7.0237112157892,17.4010331799172,7.30504788185224,9.28212773741389,16.9307498837368,10.0337016059693,15.6428297573679,14.2574965651152,8.47910293143833,15.2003687745445,14.3196009158488,16.0608777572552,14.4850917470847,16.3460986545348,9.1576415535494,4.94585106021258,13.8355895250368,17.1289421936022,12.9846848609873,12.603818333809,3.5726626038946,15.9156087807436,4.45927544574834,8.97564747258292,11.9282975177591,10.5171515139978,9.23663560502652,16.2240046490519,1.88521532759691,14.7653334751937,8.67169833537714,6.54823685220354,8.54901697697121,12.41154097281,15.8582225347099,17.8565116355491,5.22465070768772,1.62411132893859,18.0002410513085,2.5705599431816,12.1730685942025,15.5845814785608
0.5,4.13041510980332,4.52868752908431,17.9050540060092,9.36075613501919,16.5298216366701,1.3914738859647,13.164329309397,22.224617519092,18.5194428430764,13.3201627709215,7.17765149834702,11.6794694848748,10.3912875458608,21.7666987579755,9.65560207635876,11.9125454631688,21.4876179987787,13.4452078597711,20.5274886394583,19.2342033092088,11.5241408387395,19.5548734976793,17.9907232611988,20.944496899354,18.7254162307908,20.3579218226271,11.3487246163356,6.82036633741146,17.8383584550159,21.3858240502422,16.1820350598194,16.0956365067995,5.40637970803027,21.0336550945108,3.69703853726904,11.0006634082352,15.8064547693396,15.2701953161394,13.5739456261371,20.3718394096993,2.46664859926466,18.7181070885875,12.1467689482815,7.98797554146668,8.66007608837744,16.6212932352871,19.5871110921356,21.9121877089974,7.225036983076,1.53958792606289,22.6681597357745,3.68925745181937,15.5992310680698,19.6370453157303
1,5.06497473650155,6.2264909756826,19.484122619373,9.63366844665357,20.2493814026189,1.51271983339751,15.4293947442137,26.1948101461157,23.9241036332565,16.2172665875078,9.23940111520311,14.7561533906949,11.5192744879822,25.8357012274071,11.6585153985879,14.8574192372558,25.0944664252703,16.2079496899032,22.7758459493147,22.5384264451437,15.5016019556291,23.0666017278415,20.7201860898224,25.4177648832732,22.8544959219869,24.8991294505323,13.7829871786696,7.81588720278878,19.8843728029766,25.8597699932526,20.3540851221155,19.371249010518,5.83288026431478,24.7501746426187,5.66850301363821,13.4373612697528,19.7805006838255,17.8294588889237,15.7871927938399,24.9520589213094,3.27161747681372,21.823674001253,14.111652630081,9.27852046654697,10.3695428377863,19.5231735829015,22.6497481371461,25.6447562063961,8.4876551443643,1.24918448362353,26.1536569827756,3.71474412394671,19.0890804551606,22.8881576620452
1.5,5.2743724931302,6.88535436803523,22.0296847099526,10.3265053207699,23.8026005902195,1.50611269748819,17.8847748742883,29.3630895457003,26.010972174561,18.9985143346101,10.2867849232763,16.4569009701572,13.4182959739333,29.1737089803503,13.0569914279753,16.0006568878362,29.0141214292239,18.1232107786063,26.2565889446659,25.9034963982642,17.2792396054323,25.9557446358482,23.2486627296589,28.195174004181,26.0895180562947,27.9163114733737,15.5417388207587,10.01673200576,22.7078790039637,28.1784496209818,22.5920732574329,22.1588563128227,6.20110583811358,27.9615341404723,6.83154372930566,15.7542888761266,22.0968501598296,20.9951502797757,18.1997938664937,26.6646517348457,3.32496669136963,24.7593147538833,14.8767148554844,8.55039017061023,11.1931410575876,23.6599921870882,24.697062809225,28.3692748348614,9.47666684226264,2.22273272428659,29.6585766709105,4.45952722339617,22.167943314343,25.8584766444783
2,6.28816084567704,7.19730192703559,22.3102109050455,10.273657305225,25.8388983439607,1.44382634500139,18.8639540377001,32.0427999801321,29.693866693852,22.4449738852645,11.9787419948553,18.2301120059887,14.7269219701957,32.0321101679771,14.2293719309384,16.6206522982118,31.0369370848207,19.6691553914351,27.2399582494265,27.4875140739163,19.1402908437443,28.8674701115686,23.952158535261,31.3534471118013,29.7503663412487,31.3363617656347,17.6597533492407,9.52908477576096,24.9971098028467,32.2051979413635,26.980892650925,25.1594139100534,7.846006386403,30.7929279808714,8.64075125478644,18.1192255645779,25.5864904780653,22.9972460706326,20.6565728773673,30.767830223775,3.57268288435719,27.4625984832601,15.0324849997029,8.90834567533483,12.5327827537443,24.9832541326544,25.198118304386,30.0305703775584,9.05734120438163,4.29972726885363,32.26873765074,4.63417954621446,25.8931153075397,27.4073928992496
2.5,6.07593850545282,7.95518592692803,22.9352580375971,10.4368592586583,28.149550291777,1.84718095451056,19.5181779328299,31.9273261253632,29.8586906669551,24.2048697387382,13.3426196725456,19.9897337388928,15.5463229213425,33.4235557195834,14.429312870027,16.6985361708771,32.0588944009239,19.7854214664388,28.1298545402844,29.415444089068,20.4864743051838,29.4321463814526,24.5036128576751,32.7957990022321,31.5950207077066,32.8708666386976,19.4074199109877,10.0719420857894,26.0032105202145,32.7986954042271,27.9812313389044,26.9992398480696,7.86643644141892,32.6180341574769,9.6953302839897,16.6379777486367,26.6991812118311,24.1765999261715,21.3176640659571,31.2600213877425,3.40788287365233,28.7247715663881,15.4130702406406,10.3927016891958,13.4970007684301,25.6965344887815,24.9748730430044,28.6047599104364,7.15450250286153,6.79171633661598,33.2581071021531,4.76370960765666,27.5080776459561,28.0456549458522
3,6.09510342212003,7.99414929971815,22.4975535261947,10.3521278640464,27.3955708282433,1.87092356251466,19.5482620412145,30.2176126376317,30.9781583542818,26.2336929984183,14.1326619369927,20.3622975869115,15.6070298998067,33.2455218853619,14.7646738851983,17.5997857063696,30.428711347669,19.9723502262095,27.1067494836719,29.395444247012,21.169498823869,28.3794585324355,24.0451639346331,33.6343598540496,32.8996514446666,33.2086920284014,19.500480027329,10.1622073675147,25.6482826719409,34.0329693460006,29.981689146006,27.4146142812251,8.59230346885517,33.4249730228298,8.72015582872742,15.0562982664829,28.3823142211475,24.9344988953785,22.3724542200354,32.8491488206887,3.52304588770332,28.9347095021097,16.8931142074017,12.9287918730217,13.6671827428818,22.5835176067073,22.7845206855933,25.4836356399719,4.4144977326831,8.04939614185955,32.0296711590453,4.36319104798136,28.5573541052789,26.5760509144697
3.5,6.46272071858863,7.26043017337305,23.7017886463715,11.7185268423564,26.3561002251664,1.96280695920085,19.6505682686094,25.6173907024152,27.7902409441043,25.2514936733081,12.7997418110766,19.008980613958,15.7792937312464,30.9557923066655,15.2198608474184,18.7938302325929,28.4294104201925,20.275923391733,26.4766091468669,29.405889936112,20.3778836677729,24.551565461006,23.6859438388565,31.8540748166147,30.3306769390952,29.8398941068872,17.8570980920938,11.0974050453365,24.2335637916639,31.2306903787998,26.6700704417756,25.4045309391568,7.4932872854921,32.2945577778665,8.6507896560923,10.2328124576716,26.3726622831557,24.795124151774,22.1323320009751,30.2547809289837,3.83679218604128,27.4035269072528,18.9027176019646,13.9100983574371,11.1741364005259,18.493090145664,21.1370888514188,20.6198262512198,2.67193537357708,8.51756108251516,29.3191019388261,4.67933328228898,24.7015142548987,24.1114984014385
4,6.59123729408283,7.06384549843939,22.2641976956838,10.7780181042349,23.4066499198107,1.63641792771098,19.3362507387011,24.0863090972553,27.5932915191345,23.7341638172749,11.1099075019144,17.2004649516798,13.7686709860021,28.0284186562748,15.1970242829425,20.2064939180959,25.0056904020855,20.1305901676838,23.4389155426751,26.614209817696,19.4453423814037,21.9444834906237,23.2090779071998,29.5208510184769,27.1509514912799,26.5843078798786,13.7526066819977,11.3842556685819,20.4746977229833,29.7171784788471,25.4530716671182,22.2966874667129,7.52425996286835,29.6722388820652,5.24960752554787,7.19746105473845,24.7481873192027,22.5858137312216,20.5914736025384,29.2477540392074,4.48464116937027,24.6634424584076,19.7804568621469,15.3885746341163,9.45141429472278,14.927052014582,21.0493133922966,19.5984373217163,5.23225854804106,6.0371018230375,25.5423347889429,4.15632701645726,20.4533601881465,21.9383827617346
4.5,5.62529140307144,6.92367687793832,23.4815979078808,10.5631440463492,23.8017259822989,1.5603342115942,20.1180159557211,25.5747088287613,24.5448387613228,19.9968898763626,8.84125694328582,15.3055397945744,12.7641984724571,26.0632424644523,15.022029518623,19.8759906190927,25.5032557324755,19.6842724184009,24.8405223350702,25.874444265804,16.8033080740118,20.1365328521505,23.899586460823,25.502956119864,23.2472964350371,24.0917303411996,10.8200830212907,13.8928207974838,18.6396900259036,24.8706487825678,20.7038026091585,20.4357978999948,3.60406198187598,26.6607377465701,3.40816489159643,8.939407206407,20.3684450933618,21.3780364646283,18.4837350389718,23.6450672025158,4.263096552547,23.0906201142738,18.2659958880916,11.2192685898534,8.24234620197265,17.1290778832497,22.2721283883666,22.7276184298525,7.65610215602585,2.13900790090655,24.6963043472802,3.96168142835763,17.5809621057256,23.5240667482465
5,7.23124056423793,5.86832165175087,22.7804657306138,10.8679390492915,23.8095557905802,0.431691754067467,19.8312920108147,29.8484162625316,27.7780544377232,21.5913974880697,8.46407077269869,14.5655475566808,13.4463731100373,28.4930875389702,15.3959636782013,18.4216024911787,27.0678002292877,20.4530605698422,25.208336291249,24.9001088191168,15.3898494055428,24.2612275106434,23.4260696796287,27.3197254082921,25.2404913984008,27.1123159763781,11.4808604988056,11.6406809611125,21.2881805140112,28.6892784944342,23.9676128236414,22.531123811235,4.61946097633486,26.7392962048454,3.41181912368838,14.1777578210453,21.7163812232986,21.3284515198605,19.6210937550696,27.0916363018712,4.4809984780909,25.1845266826576,16.3456191800186,9.99962226723046,9.87225338376942,20.2300822165467,23.6144486249326,27.3406010808818,8.60403541156039,3.0145909076553,28.2959558545735,4.89274920163626,21.6554464136165,25.8080372478899
5.5,5.80386058576546,7.77579224156364,22.8948104325598,10.1937611331783,27.3597424138121,1.27635313982549,19.8839092809801,30.7663494356482,28.2275323412927,22.162438899479,11.0802127999372,18.4235285564441,13.9814248021176,30.975252821371,14.4295079298501,17.0615894044326,29.2883296470534,19.4549057724936,26.9771492968552,27.8597391962576,17.8976943318595,26.0221582650565,23.9557193124622,29.7969840416587,28.1765748229639,30.3906316450095,15.5734054069982,11.4369346432395,23.3219703717277,29.5030276459843,24.9167288743042,24.9495066673039,4.61862216829226,29.2526479303392,8.5897445997333,15.2623871203779,23.4708000006048,22.076073625479,19.0432622860767,27.7706288757217,3.67473852893977,26.817241000392,14.7718105535695,9.48802055246407,12.4744042531495,23.4646838048876,23.6686960254695,27.4661167234145,7.77129741036982,5.38625659059183,30.8140725954228,4.58474975501809,25.0378447682953,27.436728155337
6,6.01012890149158,7.33659695529764,22.3010471978936,10.2998022973347,26.5115877951865,1.64496247663254,19.4274444713869,30.1977934683695,30.1714441595472,25.5437106556558,12.5547022548118,19.0075737260818,14.9257002606417,31.9704854842947,14.4348941857322,16.6687468884422,29.1907423415425,19.720098663714,26.3541866733452,28.1659562396789,19.4335338720721,27.7224049060286,23.2476076647693,32.227662151874,31.3757343171579,31.8174306673257,17.2697048726106,10.4345007439345,25.0336079357434,32.8759134160786,28.0940114521709,26.1253072196093,7.74811050447828,31.7307928658288,9.30934309907643,16.441243968525,27.1521659195429,24.4193984223707,21.934910514739,31.9759257942548,3.46260773182261,28.060521783406,14.7976685187227,11.1122908687395,13.458691399425,23.0346233669292,22.0283812922977,26.5101888162688,6.60630309745574,6.91074706029763,32.2158066867942,4.66552836953413,27.6860826742742,27.0326508566348
6.5,6.03533592982186,7.40937428378617,22.5237122663089,10.3915713623917,26.4419563148724,2.23736137581682,19.0822298208467,27.2165759824885,28.0241265389031,24.6714348737994,12.2939407230449,19.0298952197677,15.1528386811004,30.513420301331,14.018399974053,16.6293826725219,27.4833007848082,19.1365785563383,25.762601996851,28.7162430833276,19.718336059068,25.3937739931987,22.7354695746948,31.5660021345257,30.2324198904959,30.482995616462,17.8346031558103,10.6990634589421,24.1300568236986,30.9187211142298,25.8526750508167,24.7520087631165,7.48150512635786,31.6632686876965,11.2332838495933,14.0554745965276,25.818830906916,24.2016535184377,21.5466469100404,30.2863572114043,3.53872838228672,26.9626427447617,14.687892768209,11.1228935706231,12.2133313180451,20.4479560725034,19.8078865266835,22.7706025568227,4.57209213190888,8.00648634148889,30.6931022438221,4.7238473484449,25.8990897047501,25.5383259976479
7,6.16408971598278,7.185777757346,20.9902904548665,9.59324126972187,23.9408645855672,2.11060018286453,18.0116715356014,24.9502163062025,27.4146661903386,24.053412879791,11.2248823926652,17.458219419652,13.9325901831638,27.8877712179066,13.5029597997183,16.4563105087484,24.2805060742051,18.4256628742613,22.8948978180497,26.5568635542998,19.1711013389686,23.6132712273554,21.3686445087098,30.3851751355779,28.6666874779462,28.4034299810542,15.6724396748559,10.1874591580905,22.3919602406803,30.3842856222834,25.1171780073881,22.3600969402951,7.91209847388698,29.8687168527689,10.020782568302,12.1493410427057,24.8870663821196,23.0130191705529,20.9022917996688,29.8399897703039,3.88505507695593,24.6691084997173,14.0784702808576,12.1998717562417,10.9057402667568,17.5273699330997,17.5569726716897,19.9797504411747,3.9141932741348,7.42929782834806,28.1252506417391,4.64777738176985,23.4041530869712,22.6908235791533
7.5,5.55447672962554,7.17454217484021,20.290785777866,8.2160208345719,23.020713345509,2.35996046742104,16.9828262367414,22.2085166178345,23.5499529411367,20.6796548392046,9.69625970943253,16.2100413379269,12.6201155900371,24.6511133127591,12.3993084105553,15.1792474042196,21.6867913161017,16.6265550050731,21.8575563833974,25.3875427272929,17.5185370636818,20.4352395165718,20.4055401642541,27.330588176908,25.4598186513997,25.5392505642206,14.0314655096311,10.9686664370339,20.1862493116364,26.2671511380833,21.1703925459631,19.7551355005857,5.62822648387132,26.988143533513,10.7202346255343,10.3035939586618,21.0039408405335,21.2017039163396,18.7951136286687,24.9791378629207,3.62921301770341,21.7131017760484,11.9150515560345,9.74848112399022,9.26893628971066,15.1474931395078,15.4947992603111,17.2483000773834,3.33458915104213,6.98734063649651,24.8471150029206,4.41531827122228,19.6291293934415,20.34543826769
8,6.15223620117975,6.04779173203086,17.8650598929502,7.58282085208586,20.2303355462143,2.13754796204817,14.8868829997453,20.4585044301261,22.1841038123022,19.8082641634932,7.83174764959219,13.5581906502371,11.895651777117,22.5019237900782,11.3273757334011,12.8748771061834,19.2274666901255,15.3780291911313,19.5231575493372,22.7411066950903,15.5967002105175,20.0346896680154,18.2333041129878,26.166235142697,23.8928134120661,23.8164077297385,12.2243301059556,9.11162338496946,19.333444332621,25.7526595229452,20.5272578124468,18.1589237389382,6.31608651208066,24.674730116585,9.58216075289293,10.0302791810879,19.1743735804748,19.4157160026403,18.2180913816838,24.3352824436632,3.63968220609582,20.0176878406079,9.94111833273682,9.97903459880539,8.08338927883739,13.9594253265468,13.9557335271801,16.1373506113071,3.31288217930242,6.74275775637459,22.6256880500552,4.66485019684851,17.7455310101016,17.7938698854501
8.5,4.61204044167856,6.72829007676595,15.5143180078556,5.50351768925513,19.4662117272648,2.60825846704806,12.910836228513,17.1497668296587,18.8284860270636,16.7298142078777,7.59756635265034,13.8465379059048,10.1928381931258,20.0857246321427,9.32302204652026,10.7720052560184,17.0262807655647,12.7854215284279,17.9646720607392,21.8916658670832,15.2900790898752,17.8837625108496,16.5762023380131,24.1452927066991,21.786753046708,22.0233057837831,12.2793322070227,8.6094772308901,16.8921736085908,21.7924638644583,17.516675468639,17.0057211999288,4.53645437630956,22.636040541215,10.8595193341711,9.09422929003832,16.900896325703,17.056510136461,15.3603927284881,20.6859819506399,2.73437790357667,17.4890024164687,8.50875105659522,8.56872328854692,8.38093207873433,12.9902557203261,11.540815814509,13.1384790766421,2.37263493218703,6.65020072361172,19.467311209006,3.62058104050011,15.9550229865747,15.6891453300922
9,4.68284759177649,4.63262186577992,12.5248611195297,4.7755375097696,15.516476644226,2.27584407887695,10.37432258108,13.6426557019404,16.7445303667129,15.9920529920707,6.18790492089822,10.745046571971,9.23264560381701,17.0594677526993,7.91513853252297,8.96973294051698,14.181366464865,11.157065818475,14.6099952187937,18.3838862385773,13.7907670324191,17.0744894703296,13.562937730419,22.1415794291553,20.0440222636332,19.3978832005232,10.8419187175733,6.67913358399206,15.425669914558,20.1725574178445,16.0533047101627,14.936038114679,6.07293820010958,20.5496446746731,9.28063048594811,8.84446327590867,16.0931902658162,16.0018783174872,15.5499593870279,20.4137069324717,2.38898785076572,15.4948375686913,7.35366219868863,8.64105085788367,7.07952567748172,11.6730505173963,9.29379767870354,10.5019988761545,1.6829023914477,5.79800688257432,16.7710766756673,3.29596288251048,14.7515431450228,12.8678924712531
9.5,3.13435127370313,4.60817655065352,9.55471091805994,3.26588103200501,13.0136079837064,2.37600107430777,8.03671165523465,9.51485001753332,12.6745897273082,11.8679842965464,5.2548541568357,9.50631971825121,6.72568729837541,12.6798252824557,5.93215827470046,7.34280212266964,10.2720263749514,8.29693371005308,11.0859478157653,15.3815445058163,12.2375033168415,13.0631517238328,10.8217201974486,17.9655679872495,16.0702170202005,15.8655068724982,9.97173257520916,5.9350118804247,10.9163689242817,14.5753858861215,11.9390316787284,11.7265174194445,4.20645734195131,16.3322771296602,8.28176776598802,6.5939305244593,12.4054221338344,12.4675872554211,11.6937423401165,15.2538866236042,1.86857425254703,11.2401362483477,6.13610806012653,6.08658761188682,6.1954102023366,9.1846600679131,5.92412414971722,6.39953759972483,0.783563974376928,4.09133536132636,11.8128187600215,2.07869088382846,11.6246215786412,9.83345227232335
10,2.85014684755379,2.40659227537888,6.92724701162488,3.00739314332525,8.48601777260808,1.62622790530597,5.60427293686309,6.18985659593946,9.27773776871556,9.39627629178377,3.23713713158009,5.61546619917221,4.95610000148441,8.15643384581762,4.60039584937071,5.659681062847,6.99050187005907,6.43497918451028,7.43340656159998,10.6394770815974,9.25814171270946,10.090542409926,7.39227854635014,13.2835435967595,11.9744245967435,10.9204917228917,6.84527026610882,4.44174251571502,8.01592127205004,10.5498428595215,8.39208077568072,8.0542898523791,3.58838044297204,11.3026886917787,5.28428399083673,4.76768990212079,9.33557551142362,9.86999493151171,9.61701491305233,11.2303853152438,1.67887206000599,7.54523974301578,4.39274327002373,4.31217350231137,3.84549526006641,6.65974825973427,3.58167784009137,3.60685282016264,0.148571248123084,2.57075627733716,8.08044632442537,1.57263316289932,8.2594159373283,6.59200030260387
10.5,1.68449713368313,2.16255227563922,4.70300776818835,2.20536301559773,5.90764206988746,1.14736543444412,3.85365369552375,4.03298292693217,6.20395035560225,5.61963558816761,2.10005645852491,3.93516115561114,2.63161935181315,4.76344427332625,3.10220561227538,4.14193439222875,4.15789161967468,4.33027091430079,4.78224020538345,6.86470896953689,6.76845165832505,6.12117143781359,5.263813635829,8.61240379326805,7.43893695825997,7.13643900482174,4.83204973247919,3.6633790890023,4.25713488389488,6.17704995072778,5.16174539884209,5.00353193099625,1.84078936428907,6.51176948939318,2.94284560461295,2.56759487292068,5.50271014007829,5.68799882669604,5.40152140477453,6.38694149626427,1.18522158763028,4.18939958554782,2.82830957297668,2.33226251647328,2.23825205002164,3.69156741440658,2.2368728739651,2.14403532804738,0.402781304038776,1.13049525261571,4.37526619637728,0.499578343030335,4.87378095469773,4.39271292435137
11,1.55011452026244,0.844943679445993,3.72794179180879,1.9687788561422,3.68051503391162,0.546667092199538,2.89739074649364,3.70815859674836,4.52397685871523,3.75094562746376,0.851820841008819,1.93411355809433,2.02303861115064,3.46658899383736,2.36853757860884,2.7978425819391,3.55271738042235,3.45949880054609,3.90029859841177,4.43247077466873,4.29214313592553,4.16477997951261,3.8186039689357,5.56901372112913,4.44071751123575,4.23686754188375,2.51093809852088,2.68896254886186,3.39815006065569,4.43434101476296,3.29673626773007,3.19923380233027,0.989573186851063,3.78849219717913,1.17810864914235,1.53332608030482,3.45841739805768,3.80406284151607,3.53069334298966,3.57761596632956,0.874749869455597,3.24606061232575,1.72762396909204,1.53921080017376,0.408331550273011,2.23294179733467,2.41763043548095,2.92558767129117,0.748718812918379,1.05606695987423,3.73000102309869,0.297727592781672,2.90734677466747,3.50346216428437
11.5,1.01504969406312,1.21042743854093,2.64008224433955,0.952744513334917,3.66663843950975,0.422060370646505,2.54065875436968,3.77986850435649,3.7802286465236,2.51487167639578,1.11315187340837,2.48675818529483,1.81446966306367,3.83917720841126,1.85417788035774,1.95662934924105,3.69229333457511,2.7223021419133,3.92981202963072,4.28849381224731,3.49624290275162,3.59465847359269,3.50957085316942,4.64086334323181,3.57909230729556,4.02863126651201,2.2559251304622,2.02762497339462,3.16672471236105,3.99137828775959,3.01164188940136,3.0875110945167,0.489342288995488,3.54486345276682,1.90051455900569,1.6776130218555,2.85374915368687,2.68610393823657,2.25791681748963,3.15471087741075,0.566304397236213,3.33135787294,1.13446773644247,1.48140858841942,1.13442862294409,2.2088648933559,2.45600645557223,3.09139617326203,0.77320390395481,1.59405337731447,3.98010246243297,0.471299622226596,2.98544382890133,3.56339085176208
12,0.930429391714258,0.725151434523961,1.96494341389873,0.538901669374939,3.18083894034739,0.450724714096059,2.05377303057623,3.41574457724597,3.47802247647718,3.22669811500271,1.35014233675878,2.28206519158321,2.19082638238169,3.93233783209035,1.54522923416667,1.15539467551078,3.3985233139485,2.22332199722674,3.60549006797454,4.10027884052584,3.12918267825849,4.23573128551949,2.78991013326988,4.79963823289992,4.1823892124743,4.2382363865512,2.37904099064062,1.15055829391852,3.64776201249523,4.45973709297937,3.54396786829127,3.19608093278605,1.44342663192783,4.19103333250571,2.27469360201727,2.42593654806768,3.36744469630175,3.09522006836246,3.03112605342196,4.26116994044004,0.314997606598825,3.55893012943434,1.03642317966363,1.88837005735191,1.76246275815441,2.73437949138539,2.16248115731437,2.87800622954054,0.74608830179644,1.65573842180288,4.07959836926212,0.741188247351614,3.78055419132006,3.10235723929428
12.5,0.417691805323141,0.890868850076256,0.651887321207545,0.493308555451424,2.79276918206317,0.705536369033974,1.09958821023109,2.50962387222225,2.58909823025873,2.81807631909218,1.68242952220415,2.56194156815826,1.71635563118022,3.04086216258662,0.93020151409851,0.844612131810137,2.56621202096687,1.18088691260821,2.43905990329862,3.73348149089396,3.14679229510873,3.83749922411085,1.6964143674672,4.25010649740049,3.94952370764808,3.84106860515828,2.76226689961448,0.510648388863208,2.84564653963448,3.44086820370315,2.95401635002791,2.76763054368809,1.24066772913506,3.77858122932232,2.53631645338465,2.30134045350692,2.92053586345269,2.55129540922352,2.43192353444196,3.61899980324188,0.119974086448555,2.59709174964988,1.04100446288607,1.33718405471398,2.39453210037594,2.69933637369605,1.57104579969745,2.2935897801726,0.684903089402973,1.31415160465508,3.19237301474518,0.634341410070694,3.43291136286749,2.07241299985994
13,0.068623109830033,0.508532973951731,0.810789559164658,0.606570902128494,1.88555210278113,0.630157274749936,0.75521011002559,2.74912946904857,1.40116203561411,2.50569704540839,1.54414189268451,1.85250488599169,1.16583573704165,2.18916049335261,0.363353776665015,0.636834867674729,2.02650102657994,0.323209327042784,1.82768630716288,2.42990369716058,2.26191751444785,3.36946717966361,1.27660157118049,3.06814647744872,3.36170207897904,2.96846354421652,2.34296500851926,0.378084754358411,2.44885373045147,2.56266586968927,2.23402582799771,1.92629102160453,1.41179916211568,2.97418594333658,2.03930877337776,2.14965254590325,2.25804508978125,2.02407529500832,2.04486208064482,2.95140923628393,0.145294749674767,1.98418185664223,0.491618753342581,0.838206419903608,2.43188843558801,2.28450917133172,1.67210861360815,2.41790056814632,0.645720057387491,1.02584877265991,2.69466170325556,0.651745448887719,2.9020201170004,1.82338702569252
13.5,0.313774133063894,0.559897682381274,1.82083846991594,0.782295121026483,2.25267350625754,0.511457382360084,1.35906370014191,3.78835283680924,1.96034118544033,1.9443207739485,1.36109580959933,1.72642244391973,1.11756848706518,2.54349172076751,0.38178103667444,0.429594277418549,2.59251021384754,0.830429411567483,2.39925980990144,2.19662806834071,1.43181075291285,3.3790832372795,1.94697395928401,2.95486416264775,3.17222356480722,3.16358853093451,2.34472774413836,0.746240942320363,2.99276350131114,3.03298258113931,2.28354416687564,2.12265246535664,1.47765599506943,2.84606287390158,1.54408397568918,1.82291928788036,2.1383454680004,1.66883832059241,1.67969567144191,3.0016643911751,0.194144887766612,2.41448448656054,0.450331083478069,1.01437962803339,2.28060328257705,2.03968022657139,2.20392197285146,2.82985297504732,0.610911100110621,1.20747548206816,3.24694732451338,0.727435805777728,2.86909720758153,2.59161655195397
14,0.549760096266052,1.05829309720021,2.44840605094807,0.991601141695522,3.33587589915681,0.475688462414719,2.02868983594935,4.33997394003221,3.29727717619221,2.51492433200919,1.75793689098048,2.39011587745396,1.38239423017506,3.44210533182626,0.932429381587091,1.16523590455161,3.03120521062421,1.52243921029371,3.03737040138825,2.91850051503161,1.93174192045811,3.83468867790966,2.84288445501119,3.88727912162308,3.99221913094884,4.353565165488,2.88694784531387,0.513489062571896,3.43534148908336,4.10494170120885,3.26317464590252,3.07913432243424,1.25377153989861,3.78209488872307,1.6439715803853,1.96503617062581,3.09383772779078,2.26453758989232,2.11332397499272,4.07452547880426,0.359022625761637,3.2029268530045,1.18800407868451,1.73330798637036,2.47283638045345,2.12765496952873,2.4747097621328,2.78503574013846,0.420460495410647,1.2250743835006,3.71679105405375,0.558967515116597,3.77504952731809,3.51152384453155
14.5,0.806719994963112,0.897174044322802,3.36043932089938,1.82369598592998,3.83125604649354,0.521558025935861,2.20311676521787,3.55315226236934,3.52311311486153,3.11678234575387,1.52866448762528,2.30688002202807,2.00947801738571,3.37331132519281,1.32191080728296,1.82377585510394,3.10598677968784,2.01113212283735,3.37072048853484,3.63495677923616,2.50084986931367,3.79913074126605,3.07449990280942,4.46502143451517,4.21853658958848,4.49675611660898,3.01261523627793,0.886829255512586,3.41439649962204,3.90080154605926,3.10222173237716,3.27161182492718,1.38743647937079,4.26400767900188,1.73239955281708,1.6580439373999,3.32567725695033,2.99571229986871,2.84367231326469,3.89684964990485,0.468814225632421,3.15429937382172,1.86157735225498,1.67513511765374,1.76050318065443,2.19920308930065,2.09406153924441,2.1022296781923,0.436156639482237,0.898655465499369,3.47607347337809,0.586056867665894,3.78689598167515,3.50348093949566
15,0.96063242784901,0.903156447626745,3.20400553755329,1.84330913621122,3.25861720626691,0.466951367881746,2.14195656135814,2.88284921743153,3.78922597051698,3.04248211454063,1.36426955982196,2.07690944903243,1.4707344278972,2.85297581831114,1.64741744193553,2.61402700966866,3.10390904969406,2.42390822827415,2.80706743102138,3.34432882662585,3.26502634303747,3.59797768548932,3.11347450595453,4.28196489864178,3.78882808217127,3.76814571302553,2.49085987849348,1.27014181807847,2.72504598962014,3.50210855150578,2.81188160922623,2.91781685164971,0.927785299252987,3.50119105302252,0.939793585976393,1.29951326557929,3.32890010899543,2.70753056721112,2.56104878532723,3.51048068793865,0.632199458198239,2.46061711956185,1.79600976840492,1.51404887901818,1.08703410206882,1.79238462297897,2.1075477767192,2.35370249963212,0.754624223790333,0.499241651765062,3.19218828969448,0.271971800939014,2.96659291223254,3.09798394214958
15.5,1.01992046600122,0.817112295957171,3.51741225342245,2.02951187757524,3.05348811146167,0.366602676341242,2.64815983927951,3.81551913175869,3.43714691998131,2.38041095665994,0.821075269048331,1.71135884079754,1.36115232404764,3.12934497527823,1.83578170634804,2.63528228473888,3.71768288928974,2.72660543283382,3.46235852755073,3.21133474548141,2.73359922691272,3.46899692461464,3.72903063009923,3.79604009114203,3.15021151124601,3.38489054567491,1.81434853250532,1.9179044541119,2.94466928185206,3.57932957066359,2.51895365465243,2.61856483550675,0.297482055720397,2.91594223537956,0.731049173177387,1.07887649376555,2.32649114755934,2.29134400407996,2.0617850714823,2.58825041750352,0.600003826893367,2.76568633214814,1.44116880300815,1.10837258696527,0.743025225838271,1.90010404255408,2.89043274609568,3.7639248217353,1.08104465206342,1.11181482203957,3.87962660110084,0.456501885762676,2.38340814963854,3.63327062634891
16,1.33557233045632,1.09035188262381,3.63947655764528,1.82826047785519,3.73883426999348,0.0662095619754903,3.01886634073247,5.40158723818543,4.26199579473847,2.85829552718517,1.16383275635049,2.52585015569235,2.03642123361059,4.53476092004825,2.0399121137137,2.29597314981917,4.58752515210711,3.00631727760031,4.51602082047565,4.19917703489747,2.72789848411096,4.4216124415996,4.19211848151787,4.90217673963349,4.07456334700553,4.7110900153071,2.31153499581704,1.77630397404157,4.27289865699386,5.21910616888787,3.97129114896243,3.80787032616836,0.781859165277027,4.04767911740787,1.89539426328122,2.06389592598843,2.8211859076224,2.67230139913133,2.4015152777071,3.93824439300524,0.585907542954716,4.17819011107484,1.36869615569119,1.74599277909196,1.98938348528697,2.85028882499949,3.57168129827635,4.82755581573017,1.21567657469363,1.81363727609966,5.05130256103402,0.833359143660948,3.69247971981863,4.47468160479385
16.5,1.09634755103476,1.60305687960808,3.56293255217227,1.20888147769119,4.89039699613698,0.330997935014126,3.24773051904364,5.88952888552899,4.89068182450763,4.01349253108677,2.03000413730097,3.78552674079101,2.67708413264615,5.71670718698248,2.20283755200661,2.10478595644985,5.50517584223821,3.11849085635426,5.31506152816634,5.61795983006841,3.64834296240274,5.55873804787971,4.43425818760608,6.26128899689298,5.5648642951798,5.95997789896499,3.44889228811498,1.75514878968243,5.50154931836311,6.44932357900717,5.13675518073426,5.28536836592569,1.46165630059754,5.86966821874535,3.18233200715143,2.8979141563381,4.30538831785066,3.92770837747333,3.46682168461885,5.74198222500863,0.500857194386876,5.18478933541573,1.83026965207431,2.41059236381871,3.02971606127789,4.03344050510012,3.74686929684175,4.87766458135707,1.02615081668115,2.37321563308083,6.01449707556925,1.11043799093946,4.9917891994679,4.95339419687874
17,1.0799187091534,1.54833657695778,3.24698822475747,1.02774272816031,4.9336448047635,0.614690910438168,3.09823546460242,5.39242460358494,5.37955896697794,5.23346898822091,2.50269663252997,3.9980643134357,3.00273701940805,5.96131495769276,2.15701100504965,2.05874307895467,5.06214870707232,3.02189406983412,4.95514524317361,5.65336658657202,4.26048417473646,6.16931811198358,4.02753472767426,6.90808088814978,6.47647919192349,6.58597955699769,4.16455975727184,1.24296573765699,5.70075892780984,7.24721391396682,6.26527337487972,5.77007678199568,2.27939278985511,7.13680008806267,3.54950966922385,3.59247308576901,5.4911474771564,4.78198181563764,4.60864928567843,7.41499002007569,0.600863140027359,5.53157490092603,2.11767498419076,2.91637886340746,3.38113651712354,4.17240353961665,3.34434449078969,4.19511781072824,0.730609624914705,2.19600223177692,5.8015233857951,1.14363920621791,5.80487416982475,4.57434514724459
17.5,0.73223464822926,1.40168289650654,2.69272223592394,1.0404526929483,4.48938109629266,0.859391458559736,2.32602540015892,3.45027770640353,4.25233682463172,4.68473465347302,2.27935959554612,3.70113979453348,2.76083614175096,4.61269866276937,1.74051839711591,2.00821053015463,3.74889473276623,2.35633132500489,3.77226000514758,5.23300019321322,4.1779788292578,4.84264909066541,2.9583564875256,5.95953474000652,5.57772693830111,5.59814048099724,4.1491812027683,1.25003532392582,4.26485111244357,5.44683464137258,5.02319665418799,4.9301020226735,1.99549532155313,6.61550620145924,3.63150895871142,2.94228449381037,4.88219649640356,4.58969364461151,4.29012832123656,6.10851099021691,0.57772908392342,4.32417732254821,2.25564415379991,2.22813536414504,2.95286311184658,3.54325917032437,2.01002323012062,2.33325300238104,0.395253925073955,1.54118049260485,4.14357547955218,0.913158276568282,4.8384736096208,3.22567275719949
18,0.495041751779332,0.788123958748052,1.57471340885389,0.996198964915671,2.62905791095727,0.713812710305709,1.26410610965119,1.1305087548029,2.80443677304264,3.77771638669686,1.69210170688254,2.34417845881955,1.75443709688174,2.51164974358877,1.36787178591003,2.0060706565576,2.00628154750754,1.74099855423308,1.82677180354187,3.35564220740698,3.4054080446036,3.3088561219832,1.49545543700914,3.95026202463914,3.90722045628837,3.32971631416059,2.82115809748962,1.24068939456802,2.50906129705378,3.378206172122,3.43424404342862,3.34875038269824,1.69654306144882,4.67061777450984,2.43424805594055,2.25017671781195,3.93419476700978,3.60931049497829,3.4044676355714,4.54982042866826,0.593351871735503,2.5473801986726,1.73777225515741,1.50243092148393,2.15861098796325,2.29566693373373,0.703026251747377,0.619142111670476,0.522799831491346,0.818662317056875,2.17713520636562,0.577048512849178,3.16844124628239,1.39761062322476
18.5,0.31936129159467,0.232520413363373,1.02986808514943,1.06942411122846,0.730673099175329,0.55458921717575,0.659134304318907,1.21829463765814,0.959936194925402,1.90094748088346,0.804808064465878,0.777351451883341,0.68879573168874,0.208480902796498,0.99179168562265,1.68474600379087,0.52129852191601,1.06496426222269,0.358059723329905,1.18879578413522,1.85754582582389,0.98769375988701,0.848374799685514,1.32452364753361,1.40245874846538,0.948532319769862,1.4639775361399,1.42713659586509,0.495926245657619,0.759587958697775,1.26765317399792,1.20807310206875,1.01286474796147,2.06805382510512,1.22451662496261,0.907039693973427,1.77177328540506,1.78847171045933,1.69986799002867,1.77419104838256,0.474705645198316,0.470030000176254,1.12323648077351,0.464692539120618,1.22201316134432,0.607295238552832,0.774672641046582,1.48703455038152,0.804969094243942,0.589876844618413,0.328426548693992,0.32693482824599,1.18690358367811,0.64694766247494
19,0.509071479589557,0.399118895047281,1.50675162507849,1.17599172108248,1.15569662866303,0.329523803892813,1.10405965497271,3.08753598825577,1.42381792896705,0.292945936667784,0.762448752863146,0.76823873786724,0.497375586613517,1.98656314291257,1.02111503162032,1.28701442256545,1.99445994850154,1.14651559598688,1.7634239018586,0.881807485167441,0.349152609297067,1.23990627047159,1.60866808544134,1.13938625630318,1.16414462794746,1.55081950601232,0.712272238368405,1.22568439702553,1.69348138197591,1.76317149713513,1.04778550870441,0.886104807109685,0.588088903913993,0.757543456967064,0.879146097831166,1.0048177991499,0.335979783588586,0.366765085795551,0.187372241715107,1.19152951161532,0.366012492270892,1.68782496874911,0.586509110863087,0.518437345907767,1.45807228398121,0.991348357555561,1.85572536969073,2.91585177153285,1.00432428386652,1.07909544895256,2.32922428744041,0.437309759670958,1.41221726511454,2.12825066452439
19.5,0.527553150348146,0.954396727050628,2.03898642374903,0.970998530118058,2.77276282730542,0.238999403899798,1.66673997683934,4.18257711593968,2.63595641522603,1.68706290590452,1.37219655146868,2.03014896549416,1.37111940852336,3.56310652412152,1.24054323087703,1.12597539424944,3.32261942174437,1.53029968341131,2.92266444202246,2.60498532373246,1.13439468956214,2.83869368703627,2.40035670417617,3.0458278421392,2.93839749468915,3.34273345706374,1.79961875317862,1.11042132704964,3.1377559925927,3.45133482950359,2.53923645170381,2.57357370330187,1.02155737131644,3.05241129217507,1.83858913148742,1.79710575289197,2.14809968157178,1.84407177670089,1.64961290792454,3.2410821836817,0.329497661463208,3.22959910213758,0.690992704413859,1.3154791055806,2.16248638756955,2.36988471538953,2.61149898705395,3.76760763899086,1.05831296615818,1.60551647563099,3.8679525646256,0.72465077172985,2.86105840151696,3.21553181287101
20,0.666003462968203,1.14359744034245,2.48210476866424,0.988712607009465,3.63791606312087,0.474554292168355,2.04499004705313,4.76272335942217,3.61762616651519,3.02166389638042,2.00944490026592,2.73798416740475,1.94213035987515,4.60799013979862,1.42107729258211,1.03496954787637,3.92038349954895,1.85135845539547,3.53642886368754,3.47702838368517,2.11648998114744,4.10173853226928,2.85976848383909,4.42292264682158,4.32483775476345,4.63865350096071,2.6979680397036,0.918416830490017,4.06327005381677,4.87603962513425,3.95728278921909,3.73253415927436,1.61801590955711,4.8830731088192,2.55316454129274,2.65149523249703,3.66684948344417,3.18180563489454,3.02955841375523,5.22342380760932,0.305456785129605,4.39087953619488,1.13009369423961,1.98939738022408,2.88654675843078,3.19882077932631,3.02592290992472,4.17117084491874,0.989619642281429,1.83101891944669,4.76184993965583,0.867306535230522,4.07167453837509,3.81307003912393
20.5,0.628838540219865,1.30702527557421,2.6262418909901,0.70574434503287,4.18979412252138,0.707043466862939,2.04192407732554,4.56023327870326,3.79251325359137,3.53569398665396,2.19773339476942,3.14229668158913,2.28894268257664,4.87442396614857,1.471238215021,1.2630786886136,4.07192966848921,1.94885264035993,3.75237299613407,4.12747746664886,2.66015086888019,4.51468861415846,2.90837575553407,4.98241328924862,4.79181433047758,5.10174078610639,3.27996446008646,0.714943250834776,4.28638901746884,5.04671647838528,4.18344826050479,4.2625829899634,1.81755345241488,5.8000964763248,3.08084988349744,2.77659734922004,4.27348415959319,3.91042794840454,3.66183385359503,5.75362522540955,0.275674023267035,4.60434469301859,1.63876879579912,2.17951838533023,3.08343833133314,3.68492965421343,2.91857329052646,3.82816370673527,0.755401575483226,1.86065655802107,4.9550436864116,0.970414023391431,4.42209988859395,3.86095916113584
21,0.512719311562829,1.22752372099561,2.40532491528777,0.662344153191142,3.96592433665375,0.728091508867902,1.96016543544874,4.01872435027991,3.7499478425568,3.83268934417754,2.24857477733831,3.09566138201813,2.191504526678,4.67068279151069,1.48978002859054,1.61984305681884,3.79916316446151,1.94670799174695,3.48290000324984,4.02325854802224,2.92959628318309,4.62798186674497,2.76318416463089,4.94707325531577,4.85269238080314,4.96045603987837,3.31029294742241,0.622040452258983,4.1235079767827,4.97921628319801,4.27912045388588,4.26728799593499,1.94416293615861,5.90430039780063,2.88829734463416,2.88487000932901,4.6449438525905,4.10241710693513,3.89225676922274,6.12834504208083,0.332467239580478,4.41139955725344,1.72670685931922,2.28548021318676,3.06378225338908,3.58572493880741,2.66536103002904,3.2697938137562,0.490009023931061,1.63164558304458,4.66694008615722,0.870997883921774,4.40681036978222,3.59328337218457
21.5,0.524701152372395,0.993118561388681,2.25676160276184,0.736959407942744,3.54174643579383,0.714199881556149,1.71399418332963,3.08652951520513,3.20295169431349,3.49746706273983,1.8441577385677,2.68325377098713,2.11354918201008,3.96774610583486,1.41068196334106,1.71308563640468,3.18906092500177,1.76442593442274,3.06860679055166,3.75467569036943,2.70710904729093,4.02125990331283,2.3924001397224,4.38154431140167,4.19546187432156,4.32599152743484,3.06036512857015,0.541414440666085,3.46710890094263,4.12232113887251,3.64761464162803,3.74391440868209,1.71215532575328,5.28258234992566,2.5556234379098,2.37299116651474,4.04994788720542,3.74287576525892,3.5156735220737,5.12592248491091,0.350277231997624,3.68088129880976,1.74018659548258,1.86904314738439,2.45203630207934,3.07963278472654,2.07442412575563,2.32168316388648,0.213678024393265,1.20397072827326,3.73490782473107,0.69726092491043,3.8132073667875,3.03438007820733
22,0.396179821950034,0.851606904688624,1.72582455807831,0.663285894984179,2.7693486615489,0.577382012124651,1.39053662117979,2.08352632282188,2.6363345936562,2.9144732807185,1.49220699857229,2.16345642821692,1.66047870293995,3.06172000684481,1.29723683571852,1.77774763217408,2.61695222420279,1.58683193802093,2.34429614972056,3.09279541665813,2.52462714679569,3.33170875903288,1.92634843066401,3.56345955368518,3.33942078466112,3.26777055089739,2.40106037930993,0.544073895994567,2.58326557689664,3.1682774126644,2.91770163227193,3.0722322514895,1.21961928776281,4.07284423658715,1.83208937124058,1.85288718651818,3.40765539745072,3.08097730231472,2.78124993393519,4.0190632292779,0.382123608505626,2.67139684634176,1.45518324084255,1.45256813229603,1.89400225705855,2.44797015222118,1.50519371810374,1.50004556150043,0.111846074119392,0.817085117969697,2.85445565224008,0.447397356880681,2.93525117751705,2.34782813332713
22.5,0.33798406569163,0.557285299143678,1.37762842150024,0.714040414374664,1.97821274942764,0.408822812804806,1.16312403255919,1.36857154018754,1.97326870938862,2.15528553205153,0.946000290473251,1.40281912766226,1.28758552613527,2.16528621328143,1.07013707132572,1.53793875670966,2.02182480929836,1.39160119342903,1.80015226340922,2.28119240850893,1.96009384171587,2.41923029958914,1.48816752576203,2.52904711376329,2.33148335055493,2.29090619078604,1.68247187485046,0.644281161256498,1.60964439740527,2.10533815753857,2.03949530578276,2.20096513557157,0.798363474433422,2.84628969146874,1.17274091007204,1.17614074882264,2.36555362614493,2.29700813339404,2.08487407996703,2.75103189069587,0.372805626906416,1.88561037923834,1.05295158291141,0.97482916074357,1.14007879795835,1.73269969488032,1.08157116017471,1.08127228606733,0.228007066743824,0.546058678135094,2.049030421352,0.267146390565647,2.11479515288586,1.87743702560696
23,0.381590517486658,0.372099351493333,1.05075331931375,0.627341998079735,1.35104016982145,0.238952170324148,0.871563672387519,1.18177226630761,1.50439273012967,1.41347651636919,0.502778897139754,0.924372716968267,0.956076772791314,1.512607462657,0.832160969709034,1.16498004635333,1.60021403330814,1.17931772480421,1.42466382457341,1.70941677507134,1.49313280577419,1.66710487488588,1.03051946624352,1.65072089380588,1.47294326091555,1.52355917780493,1.01088969015303,0.544035556463651,0.939378858784158,1.28677350521859,1.25969732681087,1.50807135160796,0.375604306313398,1.76705217189571,0.662007819311027,0.640932056684638,1.48693207281655,1.62833949640418,1.46426890729489,1.69974872106404,0.34567774899418,1.36939732517713,0.725508150050234,0.689505226130613,0.544092603754076,1.20413791237005,0.877077909043122,1.06214621903464,0.299635617438256,0.514683869501166,1.57941342630344,0.205607613744134,1.53468568508141,1.57115002491015
23.5,0.267227122654625,0.416966482134282,0.762738412657224,0.413352206756962,1.04298623966869,0.0676204743341788,0.757480078013369,1.16525731737113,1.19691419408488,1.04067638331139,0.438811094523289,0.82434849382536,0.702754458332138,1.26733374162884,0.608899418930572,0.842226107628982,1.3945623473102,0.954277264651684,1.20151257890748,1.42458517133681,1.25184378298067,1.3382739288058,0.844175709549356,1.27505547276161,1.16179586422466,1.25989524777766,0.734528013576382,0.47277899207571,0.817100280085816,1.06913787500496,1.02296109048722,1.28352055483722,0.208580894963491,1.3135631457473,0.554929142099491,0.602450417365836,1.20349965968653,1.25073228877076,1.06916798663312,1.43151415022364,0.293209564880274,1.2050450352543,0.62041733903004,0.757892197716502,0.584736860920976,0.90071047646839,0.880667284632472,1.00603762830136,0.256530416004121,0.58202679183024,1.45010814630444,0.207446504502577,1.37901089789414,1.39224685671878
24,0.26720938357235,0.324411358525666,0.693835046883224,0.35927889152355,0.918074177875184,0.128698006788183,0.701167600125004,0.919620409976208,1.06699529228573,1.09818210144467,0.360771314263833,0.604476052011906,0.707248797192722,1.03814494135073,0.451874959354574,0.652449034507322,0.978733026278117,0.767356444067294,0.992695566269912,1.23199672930152,1.03842833388239,1.17105759581865,0.785062828997062,1.31534516088667,1.17576484341362,1.28833306770137,0.811365110833287,0.37030038126195,0.833958461373681,1.11029903122101,1.09002582369441,1.1308429212716,0.423324172762581,1.30086862645651,0.532548328108636,0.654015254231428,1.1720221974959,1.10855364295881,1.01904502760711,1.44710980845295,0.229356457470246,1.21145062461914,0.754772442760162,0.85318456381011,0.597023484017581,0.640558981597302,0.781294551672032,0.718874936649543,0.114889719471702,0.471684927126498,1.16771369036714,0.235038327975086,1.43951028834777,1.15485115294904
24.5,0.215306045792277,0.230174900305211,0.83889252119028,0.570296375409841,0.775536794824505,0.2245256478685,0.581786679749134,0.428467127638204,0.755169745527983,0.884451662428535,0.228289213984996,0.442002007061086,0.579204137591888,0.533301505308935,0.518605052758519,0.816626117082717,0.605124254143192,0.702838040383472,0.796137948219032,1.08089687612109,0.954850690079146,0.732559849157915,0.796575062246452,1.15086017333188,0.886659151844683,0.914931748464167,0.75542159472956,0.421833287472592,0.488321684646206,0.628784426181629,0.665698852530217,0.795480430597205,0.287774036189552,0.966179601231107,0.495261904383819,0.296636187841918,0.831443763068199,0.831957425832136,0.738859632301927,0.890911819834471,0.139667045645374,0.783948180540186,0.869492681720339,0.581451798306389,0.445755848209825,0.292200401383625,0.606137030141804,0.370141671755063,0.214183324502094,0.224760155542581,0.661023512934233,0.14505456393662,1.01917380548149,0.834676179786707
25,0.215889051491116,0.231731375658104,0.991436264146648,0.700137025825705,0.47494445114999,0.167605092874475,0.69220446432645,1.23879980115829,0.906798999545659,0.538867498908805,0.083990918520208,0.17731951234553,0.249854960091043,0.737338226607315,0.758457232669068,1.11815336208197,0.911826587164895,0.821194648599348,0.869824720093295,0.662734381567191,0.829856237283873,0.417955887659953,0.969778968631508,0.758356651732855,0.446091460370219,0.46191647828714,0.293826334586084,0.554336015719924,0.29555908570912,0.436753454032247,0.242432134517688,0.402519619226144,0.180547611675696,0.438470452733312,0.266706197395398,0.120115457557332,0.577664076691546,0.523689772520971,0.406374003336246,0.382033367934181,0.187204194172933,0.484719630820004,0.756013860502519,0.28095277876333,0.268213264510231,0.307316876762439,0.90390289698241,1.05149716629174,0.47129543627275,0.177800551786326,0.845832758654265,0.0794121844638342,0.48945132078049,0.990272326453069
25.5,0.346585797792301,0.400670806411047,1.49415509375948,0.956572875313235,1.06782740842467,0.155797167640203,1.17919282018149,2.45182495913653,1.52457523831986,0.5146689591595,0.558672947306002,0.758131914019489,0.559048984647452,1.78852830251901,0.976924209211172,1.21325020849254,1.83948682435716,1.10153051245198,1.6429571956795,1.02948968974903,0.710854952324849,1.17504760921423,1.4400872737107,0.985949677632718,0.995680883264969,1.20531045344353,0.413897125562277,0.762378746656348,1.25638712674844,1.41841740289998,0.919563556886111,0.997418581413377,0.257749542247509,1.03303914690026,0.458727416501359,0.731997753497239,0.941255650171085,0.821579691097116,0.588027649424376,1.10500883895881,0.225155909611403,1.15459231864568,0.519814709673792,0.320739683460117,0.70715041383417,1.00820504369574,1.546573565536,1.93737416465426,0.727231449386878,0.630670472941386,1.85967141451,0.239388825966033,0.918774954559637,1.77111636546196
26,0.540066025188046,0.692012332497416,2.02113216695348,1.04460558176774,2.09145939808881,0.163920943797771,1.67060785764132,3.53959160289506,2.48660461195641,1.48530349259149,1.09038658438184,1.59417219445885,1.14679048493848,2.90547210713442,1.1738095453752,1.22864060479712,2.66939615516908,1.50522607360021,2.4713467337668,1.96370840966738,1.14392882711516,2.13779587115086,1.98068350716093,2.16328957268766,2.15119018456094,2.47459065713734,1.31885750724525,0.786666595167651,2.20130409766452,2.57884521679409,1.99628655239712,1.91943834439176,0.599017066015552,2.26717725936173,1.01773726353643,1.34954689761001,1.82416779844459,1.51780713474442,1.31304632209262,2.36926736362486,0.280778654684256,2.05649587552385,0.418204414558974,0.835822755805865,1.25777163931813,1.64084308022863,2.0806535992011,2.60868791838657,0.845473540225779,0.956557266824325,2.73475782063538,0.390760591004509,1.94027303369446,2.55107560034237
26.5,0.616559417104596,0.935982250158683,2.50260537135411,1.02673174531739,3.02630365954507,0.264366375895828,2.07669359953059,4.11448884509557,3.18899413112245,2.43292464655881,1.47515370786395,2.29936614247523,1.74632524026596,3.77397829466577,1.33162255755369,1.29875523359026,3.44471313853859,1.92690326955156,3.22092628255466,2.93079165377751,1.78602651708299,3.04998968405649,2.49547470867633,3.34028643669947,3.20594193624248,3.44939866991741,2.08379321209091,0.912755812515777,3.10811003401133,3.55909462391848,2.78505807339136,2.72539324479428,0.926105564846169,3.34554761781396,1.57734082815675,1.8159998782629,2.63585943061914,2.28826644291645,2.05058742036662,3.39081134385485,0.326069758886017,2.74083040996028,0.671609075951204,1.22635053870577,1.59362007283741,2.26464103537614,2.41147869492374,2.91943220867861,0.821559194338347,1.18970549151552,3.42116462276626,0.58811847903436,2.68658157471806,3.05764077071003
27,0.731437616128726,1.10461772769443,2.62655469297561,1.01122666055186,3.56265263323305,0.434738413219591,2.31378776502616,4.27920222018118,3.83545354499114,3.18284323016142,1.8331317191721,2.75016430556365,2.05635005510858,4.2694378186634,1.4260012829303,1.40228543307108,3.71154899711905,2.17838973995491,3.48661075368818,3.48592768410357,2.37952628007121,3.72822280613152,2.77340098645899,4.23202938129682,3.99636234287835,4.19799000485397,2.63855195350446,0.912848415514442,3.55449182394013,4.34816818262073,3.54252095910908,3.24021331237429,1.21594905875684,4.09740429234736,1.91308342664091,2.23982096172038,3.31491253748634,2.79353368825528,2.62530522860856,4.30502684348946,0.401428209352208,3.19945897675552,0.952253066154809,1.54876987628379,1.85946041135025,2.55779113780406,2.47424959183774,2.98313760983418,0.792259868952288,1.27335653755147,3.72512004191809,0.632863100440936,3.19904581602971,3.15939551533518
27.5,0.728994476973779,1.14791795314777,2.62852544764261,0.909532285374607,3.81756296525531,0.578961739630981,2.2987007316083,3.84758955174245,3.76695822810572,3.35645943222727,1.83999394408296,2.85347272715583,2.24770944676071,4.17947933840447,1.41717026995126,1.43840842265059,3.60277745010143,2.10916211761743,3.49694963806563,3.8379365013586,2.68217483346858,3.81902213127719,2.75990453509245,4.45637795252709,4.11022129091093,4.27562010819007,2.85641157590491,0.983257257786769,3.49215013563413,4.1595297205884,3.46157541029341,3.29880183434133,1.2098974239859,4.25453272761835,2.20792247369901,2.24008550370054,3.33311248905167,3.00140144230535,2.75983271417244,4.10654176787964,0.333801297865088,3.13439377264277,1.17563790820369,1.49813673598875,1.8132459969171,2.62076681520949,2.17317351167927,2.63969229020038,0.714253993378982,1.26045727013145,3.56884014682096,0.640126431558322,3.17258298276876,2.90480724811197
28,0.682018829242904,0.951604634172142,2.18460074083506,0.745839603788813,3.38296702396147,0.581354290179319,2.00365414074641,3.21312008010853,3.58754464364993,3.32688599073771,1.68880268728287,2.53243473298559,2.08351463095188,3.71402251382796,1.34712463253041,1.38463230523544,3.16197138482165,1.88759392227914,2.96753572804957,3.55541374691709,2.72190147925127,3.70196933252989,2.37143893820024,4.25855204847774,3.89735612177858,3.84092552158997,2.58220392749785,0.868319429862419,3.1451563508378,3.83915498079794,3.28500186936365,3.03881408123704,1.20846254895957,3.84501425176653,2.00295792146246,2.2088602816126,3.23437238016398,2.88144919863096,2.68447322688842,3.85394894925694,0.273510382597897,2.80638913794574,1.15175655876645,1.43330734221064,1.6179976319421,2.39296400551735,1.74723851651382,2.20070326450865,0.596356155630332,1.1245968342981,3.15913118287138,0.584636007904381,2.89414913130228,2.34551849636073
28.5,0.457664997283164,0.80040932119183,1.60276031348702,0.494075449622192,2.84203426085281,0.560300216754512,1.60478880266861,2.40322857779223,2.84930638043087,2.69410799745423,1.48967234282814,2.21148677515136,1.69038338391343,2.95685612135611,1.12736065787121,1.17256664812846,2.46936483468595,1.38047843156441,2.27049106996625,3.08534158906136,2.38675265823802,2.98340953533127,1.83012989687035,3.53904910823902,3.23109086383896,3.12805678868052,2.20429803019812,0.805933208079693,2.38186158286631,2.98494468869036,2.6337594685305,2.43581902458696,0.938113745749316,3.14019306686558,1.77431912051044,1.85194781247474,2.68002084681395,2.39699829859718,2.1622813325052,3.06895322167406,0.212407194359794,2.22408291797047,1.04035522691325,1.14105878200954,1.37802144770018,1.93660852209989,1.18281915796703,1.59524374566449,0.448695529437791,0.900763441797274,2.3762023334343,0.433181999946174,2.31548760919159,1.71179903101989
29,0.329044703705899,0.460084942388205,1.04307329361655,0.356323031372524,1.9305552026774,0.41661755260301,1.09527743486537,1.57241638957726,2.00313434766686,2.1157895491486,1.13905394983048,1.5699845204519,1.31448377162402,2.05252191195224,0.847299079088909,0.849558312196044,1.70119579225368,0.90483939735015,1.5136008889841,2.28507923347636,1.81823084950308,2.22538785444698,1.14431433522878,2.64192273520085,2.45635914208089,2.18933131040447,1.59447038859412,0.571003154020149,1.71907292160985,2.13187752975428,1.90658301722196,1.70659689097772,0.795590622692703,2.34628630665312,1.38918992964542,1.48028673954204,2.08596376855085,1.90807530628555,1.70688086874131,2.27740197013174,0.188894134707418,1.59178372787288,0.802197165542236,0.859839911074129,1.04361526286794,1.45887146695508,0.693015675563609,1.07363680202874,0.3966551070365,0.695512766364855,1.61102084332985,0.339138250953956,1.67208033068674,1.0157681374975
29.5,0.14631313245741,0.270299149072837,0.371843865890301,0.230058217244389,1.12145991610881,0.336586938979258,0.554842103670419,0.908275352103628,1.17909558185722,1.43292065131372,0.84540248518043,1.07074057996139,0.803249690134372,1.18301373743003,0.445421122916271,0.526872263755822,0.928631295070836,0.424247853209979,0.75964817100037,1.44074940404394,1.30814918766333,1.43291821690881,0.478414070372014,1.7031686556741,1.6380339170014,1.32634914644627,1.08849854795383,0.40879666396975,1.0963913952767,1.31251088934381,1.27086833404304,1.04653540544665,0.619888572480157,1.53702219014014,1.00654245970654,1.0180002224731,1.40761355383074,1.26485656519184,1.08623653134327,1.55947849583592,0.191673219870601,0.957370736118746,0.524786001190675,0.55391728213605,0.845239930340024,0.974001684236368,0.442188703339311,0.834944000488986,0.447804631259005,0.561838489527583,0.940196274142736,0.192592973534578,1.06473301088741,0.392789945724723
30,0.158681417435409,0.130973631581648,0.0594305943104974,0.26343906721807,0.542405033489321,0.243461678540153,0.186956196759988,0.778982898212988,0.419286572730396,0.853120798619168,0.625346376782361,0.652778637725533,0.429600967252586,0.648195778187864,0.142534004089053,0.393119439493843,0.360571016847381,0.129246837267478,0.436179847724188,0.691558836104373,0.725599667741241,0.786779717184143,0.146330485570335,0.88187652585702,1.00220033901188,0.751189675587886,0.73153275713807,0.306610056615354,0.728267260261546,0.763068051385162,0.774623343721278,0.55319652850737,0.44831100145723,0.939100335535262,0.786811119684209,0.690967283570793,0.794996294000415,0.742499491984357,0.603493569014632,0.95958403131502,0.189124977121027,0.563449759972897,0.254285250728475,0.317896681318077,0.682950642093754,0.607743572785804,0.470420823433102,0.870037554395411,0.524793713867089,0.522874424128266,0.635434269663861,0.178099090155752,0.727688080233024,0.382173389324803
30.5,0.126186658328834,0.187608200679294,0.297976896393725,0.219110715656249,0.520765291257543,0.142682039264993,0.289644601377998,1.07310553115483,0.404522734419072,0.611684818015958,0.552467198467486,0.595030313235346,0.439789790223589,0.839127196919345,0.156341254563614,0.332842334611215,0.623880434449217,0.201363002512992,0.661755379859309,0.55508794204006,0.348568480751463,0.742672604050705,0.442774373291507,0.787944315624954,0.970145009838732,0.836612921670819,0.639284646660405,0.238867576371116,0.829195010640299,0.88846333439805,0.6987652133857,0.567843132461465,0.367631588590844,0.775283495172439,0.786948575180691,0.651117860428034,0.609074467004751,0.50095312161538,0.466976570362639,0.88091786687997,0.170563040049268,0.749529390849735,0.276568924377073,0.404032252145075,0.670983846860367,0.716534501113956,0.657958148193412,1.08990571404184,0.599392368218746,0.644693027640435,0.942585493978147,0.292232967317806,0.792871900657623,0.747736098533267
31,0.187126875981942,0.224710879178053,0.426892273035279,0.258258836257329,0.741351936357637,0.166941452974218,0.458837274482442,1.4047691305903,0.713155989685998,0.74636309739871,0.667087936292028,0.797233673643984,0.573319513011366,1.23275765129015,0.246515801059817,0.328564904470182,0.930882014214223,0.327475155652866,0.956300682531793,0.787627551771194,0.42479932936886,0.988727372250182,0.503329021155365,1.14901992116364,1.35106196638364,1.33121303402881,0.885441109347293,0.135845279510699,1.03281561078818,1.30496925444434,1.06180065846074,0.788277708105972,0.500243490112074,1.09991506418552,1.09635257489687,1.01942923511244,0.817645460885935,0.599246670243683,0.723789577699252,1.26839179250297,0.151117635352958,1.07531714335334,0.34391448533739,0.57149694257809,0.843020285141316,0.919841709245486,0.680255316934934,1.37471135652456,0.694436295319976,0.724685801262605,1.2532948370336,0.393773257850991,1.17210199274516,0.996780411075126
31.5,0.105181898038921,0.39557484638205,0.369187184023124,0.362450115146529,0.997491628521141,0.246967318248303,0.512904649321107,1.62958770153141,0.881763698522033,0.83441812898963,0.793447536718513,1.18547486531712,0.634166964749255,1.55244641001295,0.317275820125346,0.35822100600612,1.41709013071041,0.5113244756924,1.24142160621912,1.1927163952239,0.736067377615381,1.28321114241513,0.530928899704322,1.33709713134135,1.54315885123307,1.56291801529324,1.13722004168956,0.195157785624776,1.22903583696683,1.45269919624006,1.16129513724532,1.05690434120285,0.506279688748148,1.31179025572216,1.46964747549849,1.31405520291431,0.926812586574462,0.772580364364251,0.831634673371745,1.42479055430568,0.121434403762688,1.14533331075356,0.384531054872821,0.478941867141497,1.18233804271609,1.29476291928258,0.896170953778544,1.7976224631707,0.823885121901179,0.823153992783575,1.62980534899613,0.442191185051199,1.39332146238662,1.23534181567481
32,0.197101318512367,0.383490884612364,0.716373895177,0.418474296076978,1.21020727997167,0.27097300138534,0.744360844761048,2.0056476360691,1.14301040210406,1.15137771529862,1.00701582720142,1.36536562373945,0.889718193032949,2.02303509611709,0.451517498280135,0.244916512203053,1.79231454489929,0.689223140985611,1.79505143603036,1.51811910432599,0.955573034354904,1.71981156342961,0.854572937827805,1.51129835356861,1.83557453636808,1.88169249365083,1.32389080322355,0.200553338560594,1.55569065516902,1.86956446060495,1.60010273895808,1.41422824918112,0.68157176974302,1.78454736850923,1.5927957285715,1.68194950959846,1.2223901310204,1.07720996138838,1.15319742896447,1.93085329454444,0.100019033654386,1.56153863842032,0.15555354740129,0.48102778437821,1.46758910184218,1.63904642435021,1.23640603169977,2.13689860392727,0.80857261202531,0.764284870363944,1.99496379495684,0.46173395493386,1.82959055250295,1.6259230593725
32.5,0.258537335667553,0.437588014355055,0.885534029691712,0.222692645988811,1.53551243797173,0.320523075502542,0.786659640842463,2.09069624465964,1.47734101474314,1.53277736788413,1.0679446439249,1.67287804251699,1.34263916206066,2.34605821046216,0.690997098650288,0.293552895488508,2.22265149372463,0.894022957195132,2.11033329766593,2.14094897979868,1.34314226482238,2.11430735281481,0.971327094821174,1.87238251202629,2.08796566482452,2.11148916724442,1.48781567200306,0.272847035882798,1.84040738084234,2.0705119823709,1.87751417971317,1.86889022044859,0.847220950120673,2.32078752720039,1.45881492663688,1.6281662852895,1.63846280923058,1.47566903538627,1.47434056370505,2.20616508128285,0.040391863136082,1.83031327700431,0.419486504066955,0.590599470615128,1.51830099378417,2.02314396155159,1.34787095925294,1.97886835586402,0.619693628244555,0.691362477369517,2.24792124051608,0.508901929570318,2.10270021000709,1.80680297875829
33,0.191977588997375,0.508125145099809,0.821219171687587,0.24693030444355,1.57082751946315,0.369801270585804,0.857701683067007,1.94367568127204,1.7449884746544,1.99042386741185,1.24415145822021,1.76217037001634,1.39324750978279,2.44968369426344,0.799427525755952,0.638619862540247,2.14786507590224,0.957236128104393,1.93183895733952,2.0628941543347,1.69751482416669,2.41671950885801,0.962128127324641,2.01917684282353,2.32234420251452,2.20156783119027,1.45516307542831,0.0545458322751485,1.79072356105343,2.2804510581675,2.35807355623119,2.12641042825248,0.991176423279382,2.60782042824237,1.18685349367737,1.60885273223157,2.05246946589952,1.63614553015437,1.620748626106,2.58075776329387,0.0962980237779257,1.91117184021572,0.782231536373105,0.886348970106516,1.5812921877992,1.81285139266673,1.24396361625485,1.61050822310045,0.32369250119494,0.567220494963802,2.15914410658868,0.410833309359365,2.31021342695931,1.78891789673524
33.5,0.19329353215847,0.400390213105634,0.818891592001238,0.37153337976578,1.4654342395242,0.369481357234903,0.69707260819408,1.35977710029052,1.41460811072996,1.91250921921467,1.08290574043625,1.4966159080076,1.41900684815966,1.95157286495583,0.697603575289773,0.790589477698612,1.69623389089747,0.781808051254398,1.56286953490327,1.8673160192607,1.49093173811434,1.92831164965023,0.721201214099056,1.74190499902734,1.90203056783607,1.81126517363146,1.31800536738045,0.270217727152473,1.31084024718468,1.73215404831244,1.98093898341485,1.78552581296165,0.893628616724743,2.33112874537237,0.892368901772709,1.06589209379692,1.70875520961189,1.46309775376754,1.47544477789758,1.96825313655874,0.125088274564749,1.52888566759757,1.08072280472344,0.789887607126381,1.15941265136434,1.24020110990466,0.859995320300148,0.885308610758061,0.0767411225672049,0.48233075229199,1.53926022921026,0.351837151668605,1.92959620862216,1.4096159869673
34,0.034673679341703,0.377216887401932,0.588526116322992,0.302298017724579,0.995212178019324,0.26899107554904,0.513097774621393,0.620282461358896,1.03791065085867,1.57429601635865,0.985512762487583,1.14402140671951,1.01029823418023,1.24024004135409,0.660819767347699,1.03909008712049,1.26840043862279,0.678830894422981,0.996029165943482,1.3807635940816,1.30135276085943,1.3741617299592,0.492468004293332,1.24002177529945,1.30339170908638,1.03515330437934,0.862086144479049,0.285643947763284,0.70346643791564,1.22566415051327,1.54536739569418,1.32105876557371,0.535848172755606,1.54934891689111,0.38210508355201,0.543707761160283,1.36513621691476,1.0772094122747,1.03235272391891,1.30843949793203,0.137846992324844,0.880534689822854,1.05188716326202,0.73654569816939,0.77320609651118,0.821946770082605,0.677132217803522,0.578716895214844,0.456268250145436,0.400846675140582,1.01335630170681,0.210694087679913,1.22153377666639,0.991146013816064
34.5,0.0579669359104973,0.104514622335604,0.614960598314903,0.434448329683907,0.451920054437405,0.171908223512889,0.475857130924411,0.391209219271222,0.541657289849105,0.953324673775697,0.513710456283125,0.513771115522194,0.799250671113711,0.655884316206562,0.626481241086175,1.01698016109513,0.956349438895638,0.641005310806083,0.55715058962626,0.826210513987452,0.79575389528756,0.571832560845293,0.371257634062211,0.539049333433059,0.477129955794111,0.292774315714095,0.381145396935471,0.428769278267214,0.0745355885997757,0.364976067627121,0.768216484243078,0.693590171798599,0.257577278622859,0.795356889093955,0.360324097668938,0.513750893657968,0.656268274272577,0.612909657363272,0.638257581057863,0.632893137944099,0.178450819501307,0.47561083192196,0.929777698905454,0.473066484108076,0.0705936498505885,0.765600967913338,0.819967560946148,1.19586832131534,0.816223312648621,0.653289819032148,0.922867460078541,0.137382180268597,0.675173146515294,1.0059289146132
35,0.166070338166783,0.0745899165634849,0.626384278730394,0.39926342015575,0.40879523991055,0.150378388643187,0.516781077621287,1.30435971656036,0.609722692044949,0.191230849377509,0.301626082255704,0.165654135409848,0.389712735976613,0.914680394875341,0.589520122525587,0.883660216499722,1.21437301433358,0.644562975488777,0.57810400168623,0.32992418249006,0.462037292010328,0.227467645944738,0.533279601737326,0.353786362909414,0.419453132970811,0.754040864448999,0.23016304191086,0.417305502035042,0.662626797204346,0.5019606372403,0.212570373374822,0.601952019537384,0.200970624506139,0.614195960507293,0.928912387948883,1.09573329061851,0.354638990043478,0.35269967123982,0.317246634862311,0.511895302604648,0.232470232987949,0.823026788147586,0.734615226816041,0.541108443932671,0.470666235168087,1.25026336767308,1.07005038136848,1.76973961929969,0.976187927838429,0.744581513115367,1.37936472156026,0.198821450821175,1.02046082710024,1.26159889368592
35.5,0.0679174177454758,0.369616173626939,0.554006239971876,0.327384618863377,1.02062795293905,0.156671324173125,0.626241742907764,1.8918016467653,1.06068268380844,0.557655399139599,0.543180526438324,0.706726543566957,0.3728332443544,1.58142159615482,0.531844781729478,0.68211273225332,1.73456811572502,0.664137879594807,0.951438574214903,0.673944464009267,0.309982027433485,0.942970553876657,0.795308006066416,1.12621442160403,1.30839507967842,1.40438706271233,0.742865984420287,0.454628824719217,1.26134004186244,1.20839384012313,0.915638263848777,1.25166637311605,0.404205728960377,1.28317139148592,1.31796777085142,1.54933415031306,1.09959225056909,0.787205334940772,0.636464896688065,1.21951778233707,0.154137118996917,1.27323660067504,0.366964923797089,0.426127005748119,1.04437453773552,1.87520886442211,1.50774257082824,2.2105865706213,0.989709764662101,0.810579265072554,2.01245717748241,0.227208853784884,1.64553289708978,1.62485979109475
36,0.160542221132649,0.294491384023892,0.969722140031511,0.477270488254394,1.36473072080753,0.206931699255085,0.820383597999549,2.44898863650842,1.38832585392021,1.32685976048302,0.898422129743144,1.0418734095531,0.847209939511352,2.20559662463459,0.553598208587425,0.451247476272451,2.14592845739102,0.775860753025329,1.52370261897351,1.13996874043869,0.48846133960676,1.54630392856307,1.03746249700214,1.68493685225787,2.02076419691515,2.04084774947534,1.25597022527669,0.331722119185399,1.74442992107099,1.89003849313875,1.6420001644943,1.75540306266864,0.84449632977787,2.01771340188728,1.48325484867383,1.98051861289145,1.69565554229005,1.28814486145338,1.21133106884467,1.94386818049279,0.137043796793228,1.85405892116841,0.085100511244257,0.558129551402029,1.39508425958215,2.05196806565099,1.7347021854683,2.55397412023706,1.00315425538533,0.959048423198781,2.55139979952822,0.39292160671318,2.34466559072143,2.09881669019448
36.5,0.257313891142304,0.432020441962575,1.23073429858409,0.480161150984732,1.77866564382007,0.264085796816283,0.946678084973254,2.70362150328545,1.77790025064561,1.67154145266838,1.19453564026414,1.57109843705293,1.16949342443282,2.80014517037375,0.798114602949182,0.474196914013255,2.69879244460266,1.09789901084051,1.92103960173292,1.83453901659635,0.93194895787513,2.01880295559182,1.22281778594063,2.20846938511034,2.39402749080477,2.48155557712804,1.6913514325247,0.29549558777557,2.14444400703684,2.42348549547142,2.05300893700413,2.19883645617377,0.964186530527834,2.58641454256488,1.65703077993714,2.00117713059326,2.10207470738904,1.63851219671993,1.46641813677387,2.57245973198191,0.147423827800592,2.28158099487837,0.330624707332636,0.77528888147833,1.70883839080354,2.16583123523578,1.88895923214061,2.70002172211199,0.934690250157695,1.2312678811436,3.18682875669615,0.609292895175159,2.68210466996161,2.32449663919181
37,0.303706179627993,0.692329706069438,1.37052357284158,0.56912973672337,2.12545590650393,0.339224992106838,1.17921087722907,2.71474941348642,2.14069224803304,1.99607580315812,1.54710853888447,2.01709413676754,1.33679630772019,3.27703915190106,0.919987417901593,0.689853270912711,2.75426886436392,1.24548781640955,2.12705871100271,2.28301770491904,1.45956472755153,2.46032874495578,1.47160255974913,2.66579930094046,2.79964996511448,2.87784729166846,1.88535872759786,0.315426844687423,2.34352367570151,3.01671719099627,2.59461309707473,2.4933399902192,1.11045857428581,3.30664482003073,1.91631142860818,2.18780319008957,2.59792349733405,2.01367959234102,1.83256845408428,3.34354319991651,0.18094963891044,2.67931570022633,0.557787250653777,1.12228804703493,1.96931546022568,2.2637259446949,1.81846818630986,2.65712572125762,0.89090570315451,1.23891327593644,3.33093236838103,0.581136430884927,2.97113233012573,2.35671121212286
37.5,0.286932201281379,0.713589536496461,1.36831421985168,0.5100183714528,2.21453742673293,0.439274364409921,1.15448389213037,2.31805737418417,2.00219631290869,2.12969449427472,1.37444761619389,2.04210377134298,1.49791644869014,3.03767073216659,0.889458339712723,0.729189400546177,2.53143986215261,1.13590734512167,2.04269648117248,2.61606839422975,1.65510868449041,2.37255157177975,1.34849367799715,2.69392359686203,2.70050698429743,2.78148939470574,1.92975584636229,0.447200398865347,2.13372010204812,2.68163504370156,2.38145322727561,2.40017631486302,1.15762152848728,3.4417638215831,2.15252605212588,2.1573118348834,2.49378002259841,2.24415214409111,2.02302451180282,3.0285237510464,0.130058634942161,2.51110738431139,0.533648968714327,0.746965596155433,1.6919033428221,2.29803219774661,1.31711658185907,2.18627395193745,0.859807325492137,1.01338539684571,2.79770142964143,0.460178415201443,2.76128266096705,2.02866852701302
38,0.271258691997817,0.560401647114924,0.945709616599784,0.359369992262202,1.78266438913834,0.439990275513645,0.90889539007748,1.92809847571504,1.78367870120704,2.0899624479451,1.15520596325877,1.7103768805685,1.30425989526489,2.47204773475455,0.768205136771464,0.546875401476872,2.32229497233586,0.967618275580072,1.65608565575246,2.16677596453371,1.61442983731613,2.33589892938933,1.05139818500794,2.37375571081167,2.39593077237554,2.26611073802523,1.64294654926614,0.322913292800695,1.89269435171792,2.28332507584,2.09784563045142,2.18079776704217,1.130069495397,2.86640894117597,1.80141496953707,2.09958863436835,2.33301490906384,2.08396177890195,1.9015354862696,2.67348783191678,0.142106366286354,2.08345067913389,0.225772020988175,0.435690390515567,1.4892543023358,2.24566996563752,1.1917544884373,1.92124188734311,0.824630882218882,0.785156914200564,2.36128419649465,0.34336557466987,2.29558775190964,1.58713927704109
38.5,0.143800676025947,0.478583738426683,0.684405563146965,0.274811024748787,1.47369278010389,0.388417132323932,0.799732257723202,1.83379108217328,1.54824799337143,1.76159192324195,1.03572565839909,1.45289292724868,1.03128772988037,2.02880709314719,0.514271358902552,0.244693291965181,2.0534915175055,0.815806689476428,1.54854235876612,1.60953014068985,1.34991169481946,2.17454816962624,1.07117736695569,1.9689141139666,2.09368376988681,2.05891000385619,1.48195729222932,0.19394030657773,1.59752959691288,1.91946294895815,1.93481663750145,1.89965309782344,0.974503676406176,2.29418654072095,1.33275149862269,1.72906697561782,1.89960430626955,1.58879243733857,1.41382569671388,2.16433631850954,0.0995745862415406,1.84532133338197,0.278550568938383,0.303628186119767,1.38713041196954,2.08673831327979,1.42832781086776,1.96428324435147,0.891001692872825,0.641108683307645,2.04767403958704,0.294570918601118,1.99920675327817,1.44521965037107
39,0.0949540371780617,0.475510680078263,0.821130618002133,0.257727910685525,1.49702128784307,0.256716220117037,0.808587334123355,1.86499261889758,1.48083452541187,1.52457558814503,1.05523674926144,1.36482398083793,0.995727775351797,1.84847765732614,0.468002714038374,0.376275032211679,2.02128438997449,0.905711198562292,1.74611339034017,1.66898923844238,1.24257047137197,1.97661947100895,1.26046960378144,1.85527448806691,2.01984943151756,2.11531963885124,1.4790735324587,0.156951333590486,1.51538009551915,1.8249535169074,1.84604369077386,1.72938068301705,0.759720680715879,2.05005971707246,1.10255862796422,1.39966833866638,1.62836200814467,1.40236428237763,1.14463646347113,1.82303968953209,0.174559234391889,1.8614335308616,0.469176226126834,0.4049108031438,1.36243533633217,1.82238549184296,1.45130726861216,1.95118652548665,0.877802782600845,0.785231873819175,2.03866559609795,0.370799523432965,1.88678809602905,1.43707185677373
39.5,0.185393075700294,0.506197910828482,0.963837543219893,0.218690857565619,1.5632211236856,0.180833761929591,0.824863601675443,1.77681784706271,1.50765685963107,1.6001127007341,1.11030976466566,1.3558434208011,1.09406846035034,1.90434987773514,0.578649529109499,0.531788059245169,2.0544180927421,1.04563225523708,1.92987087133923,1.91351908967541,1.27510387155811,1.89764335515161,1.30224989386374,1.93938515992945,2.06669213509804,2.16092435590616,1.48930391072402,0.230832571733468,1.77123155462633,2.13420351694167,1.86703454118392,1.65925343631301,0.736767141588508,2.17376007641582,1.14495124463027,1.25457072180246,1.69785658881604,1.6107777013566,1.36611009640251,2.20730720043189,0.100266762249624,2.03888935863874,0.716628217852476,0.81232938608983,1.33741655754424,1.6425404243018,1.32847939771983,1.85499151008693,0.732175612911603,1.08754767378874,2.30470632101394,0.554498730911263,1.8740140074915,1.40598953162486
40,0.272887635343168,0.514335463578073,0.819753268040498,0.147016889903971,1.46197204364654,0.205679664035683,0.704450849717889,1.50346813169758,1.49923397331685,1.67466023309897,1.11440451425694,1.38024313236501,1.06447535241409,1.82626098085661,0.53785170209923,0.597791953785524,1.61646890552832,0.940564030628933,1.63048231662914,1.92033714346809,1.37360953087061,1.68816842373434,1.09146989590023,1.99289367697247,2.03632406636668,2.16878754239336,1.51442372548312,0.212749716653817,1.73183684286574,2.28749360653784,1.90792883019607,1.48428438395486,0.872075067266731,2.35391107030678,1.3508338534089,1.1992713728342,1.73211660638054,1.70746427408243,1.60240979244163,2.61005991125947,0.141642360791252,2.01588280533094,0.858689153088464,1.11002456299948,1.27134620982838,1.35836036521649,1.05434027741283,1.55141292133771,0.58625478425631,1.02946650908353,2.09879799070501,0.648389421837073,1.88248756095415,1.17153926451763
40.5,0.174581164339624,0.534653265709675,0.582314631778791,0.24980339403115,1.18482329381518,0.269120707455271,0.305903560757821,1.03458224798017,0.948017998042248,1.37425782763066,0.935539153569381,1.29692743186636,0.842684411539889,1.29953400625986,0.302201436371739,0.572154361897733,0.959083339917077,0.503778873481667,0.998043373539567,1.72601462891291,1.42226121223006,1.29151769464842,0.591266294051824,1.58048430222181,1.52035838215612,1.61373672214145,1.36813819704076,0.33156172462239,1.27327452402098,1.5715221962363,1.36980848712888,1.19830730044769,0.764013275582582,2.02845889858684,1.33556450398775,0.93602985705398,1.47362394881973,1.56361500269084,1.41980848055121,2.0754376516095,0.142594339832372,1.41135292294931,0.929923852429287,0.841780624925729,1.12534636496196,1.06879366251932,0.580321454066217,1.04407044888562,0.516316130803166,0.845616993391035,1.44871538418346,0.468785038932067,1.5475718352235,0.67531475637605
41,0.209919015069823,0.269595558689904,0.16782086997104,0.40274239499343,0.680586413329286,0.26844565894421,0.171838705008056,1.35826410173418,0.388393806595451,1.05496926172328,0.783423905875112,0.894213649398601,0.461580902476334,0.919867492732062,0.226776560871637,0.639350568511612,0.427957482396703,0.256244031371091,0.356323002683446,0.872979929971428,1.06229811340319,0.951685211980554,0.0614503804055518,0.8943737124878,0.892281716708802,0.92001226854361,0.914411706233386,0.393744128044189,0.878109792488509,0.984058376472478,0.993355331923935,0.846374758117646,0.729916351804915,1.42408275561882,1.00757908434887,0.866821975020839,1.14398022258176,1.10266741288803,1.07674628623412,1.61143717780588,0.230048750332396,0.917706296057217,0.695837842843871,0.645580115170496,1.0757013436141,0.856984007683606,0.604563230086173,1.12562485895811,0.567736069779144,0.697890885281058,0.962602131077024,0.281045024041905,1.28085916153462,0.541377404571905
41.5,0.151837785188181,0.425779604354879,0.569120776275938,0.503984867229044,0.997145558205256,0.287598619798984,0.622754065100561,2.06998503004691,0.918857203283574,0.821299035677882,0.746316301418547,0.904732002643292,0.504372600416041,1.35776956712689,0.408041652380644,0.536003167984427,1.21377838163316,0.583187267716235,1.00551733673816,0.551809369320723,0.460597742830326,1.10472151440849,0.78745211738684,0.941151470641588,0.972952569221735,1.04590203600251,0.746710316306313,0.560999188030976,1.32661796414285,1.32218771190203,1.01640307203443,0.990717129176056,0.599996027034982,1.34259846372334,0.992684306243346,0.934488306621172,0.945506893003963,0.696820117503525,0.6887909954372,1.33253774841202,0.182430879844911,1.09813631493383,0.30873972875047,0.541393541625911,1.27093023128019,1.12590871038585,1.13793809400902,1.60207621139877,0.649228718943697,0.783339468898856,1.41144786049259,0.383723627898712,1.11821476024768,1.04348446460274
42,0.292821380641602,0.602155982429414,1.15054332224129,0.587386337000212,1.68514878063054,0.313667656804941,1.09680193702311,2.77027087810215,1.74661253922147,1.37303722805379,1.11262039697151,1.40197542144712,0.844481101605098,2.26774451304336,0.636919524046903,0.493073927453288,1.9051248984042,0.920631642466481,1.78777916700371,1.30956774448806,0.592477094445885,1.80953025691619,1.51744529337532,1.85292942400592,1.91191510059014,2.08614261859914,1.28011368675645,0.451717538334417,2.04446917555661,2.38989581620135,1.92238459324576,1.67520870359211,0.73271699348642,2.24440445479513,1.26701396598059,1.3441815449888,1.62296085599386,1.23883457921145,1.06971253570823,2.22300425899096,0.118931182393444,1.87266480881966,0.262598603100039,0.981895445427183,1.65868512162881,1.49826685364527,1.60441909974197,2.09023943515468,0.7075342018214,0.9838484010774,2.15485392673146,0.538756164298071,1.55656841517444,1.71112750533292
42.5,0.342474760136573,0.682969678620067,1.54076395844861,0.447785713378179,2.26994638984496,0.370462473285334,1.33736417069075,2.95886756956659,2.19391869306778,1.94280975474905,1.27530647605815,1.81507975984845,1.30786622528006,2.79053059829604,0.827577707141401,0.675943643478913,2.42625358146163,1.10405319425516,2.26323857746576,2.21968891496222,1.19647691995281,2.35358119449214,1.87244246870767,2.6919645763661,2.61370804337187,2.75133908935477,1.85717531715146,0.399812736177978,2.47986495484591,2.86722897098496,2.33100659323049,2.17958170208939,0.944711799745171,3.03052529940522,1.71230056216767,1.5658054387606,2.18947332377048,1.93312094385058,1.67147945240081,2.73008310696802,0.0889049679340057,2.29891245251766,0.622995469427769,1.16781194392756,1.67017456046346,1.89097120281126,1.7488191425314,2.22106105147277,0.735208916816691,1.14621093124768,2.70019222248762,0.702232701598465,2.01852782597845,2.07375772350394
43,0.385466891800582,0.679935185247444,1.42239149303008,0.384177271481922,2.34115599973144,0.430122781763612,1.35957104287706,2.8351096421929,2.5016541113893,2.37317684827288,1.43965671706945,1.93324631754213,1.43925706850595,2.95787709726574,0.895580711036314,0.73811424877759,2.49511881393825,1.15829140433266,2.21107771426886,2.43170896581081,1.709024764527,2.77981024058073,1.85047129379863,3.10021554995549,3.03943396232726,3.04215719241627,2.06536187923609,0.417674202791858,2.6195829080377,3.20358300690356,2.69284538557569,2.44784345794546,1.14355960683852,3.3513985367559,1.78454238742216,1.85906982362867,2.6741240263162,2.2520172154829,1.99382956484031,3.2513456080914,0.101911396207212,2.44549232721335,0.725142132276674,1.31270309643127,1.71590303444761,2.0224166134412,1.69935428152243,2.19801469803921,0.722368165125695,1.17487940320302,2.85926760121384,0.706134628248338,2.38025280232057,2.11125346600164
43.5,0.339056186941485,0.63215933615504,1.13227642152473,0.182783843270617,2.25553157747422,0.485477233267618,1.17864277766866,2.41849897386579,2.15281639985703,2.28929696950623,1.36791235806495,1.84371766286396,1.40983761953839,2.7866006112041,0.76596633882941,0.576980562282755,2.2635591109008,0.98955722897181,2.0019688961369,2.41219667857947,1.76710687011757,2.67336973478908,1.64422306012028,2.99361141290737,2.91234020694261,2.92205162276651,2.09107654637567,0.446873355833556,2.39119123030086,2.85844900156264,2.42460504180408,2.33275094032854,1.10120385295406,3.23721945376083,1.90627534070774,1.82379953231104,2.43952504950332,2.13589823041957,1.93998121644399,3.00424376092143,0.0611293929249291,2.26200179555986,0.770935027262031,1.22530887926646,1.58421098590464,1.9542869985112,1.40787694105045,1.95221631501951,0.678278882315684,1.09863313882322,2.51313836507277,0.584178680786822,2.35495352539628,1.89414991540984
44,0.299203686260877,0.466830927086568,0.614364328683625,0.10864934745625,1.80345652216301,0.455262069212107,0.83065777422309,2.03939480203698,1.70209904714935,2.12287483587282,1.22125836333518,1.54748057095066,1.24979947858748,2.44070702831733,0.525153847576859,0.357087651610955,1.94952652813974,0.733608397886015,1.6826357268866,2.07819750215789,1.63834372528615,2.50343144409374,1.2335888702627,2.68952150023255,2.6409480424895,2.50903183254248,1.7970049281277,0.266277804592216,2.13381666823787,2.47695585255543,2.12116744549599,2.00533937953044,1.12360744776286,2.83524286247053,1.8085727965817,1.81656158673134,2.17724004969444,1.90427261418647,1.81320046546263,2.73620718300288,0.0395967803979191,1.95138276815398,0.622929734105555,1.10308583978035,1.45772015903299,1.83380951928588,1.15027702375813,1.84331072562064,0.787704906446584,1.02635343297045,2.15642962155639,0.515925801575711,2.20668274071015,1.52587114938677
44.5,0.12137929142006,0.476110030051056,0.441470123055951,0.552136024910093,1.46780879869885,0.466698211193028,0.663921884131705,2.16587148439217,1.30659877401764,1.73284927232163,1.19055236348806,1.47453953533124,1.05357834379885,2.23292760346122,0.271691428608536,0.279855695306984,1.8687651400695,0.520021585996272,1.53313707754591,1.75830267784991,1.39698420414379,2.30898720506951,1.06370494379114,2.2813116244149,2.36163079230237,2.22238467641538,1.63610316801652,0.114804772225263,1.87819582562408,2.13941800282965,1.89203995058965,1.70288319280497,1.02225852014516,2.37879704488925,1.79436741773846,1.81471043434281,1.89547350544212,1.59514661371843,1.4689912806328,2.36719945247178,0.110285613709712,1.67636644941559,0.42723296138176,0.815826869176493,1.57487839362616,1.75530415675367,1.32106288181081,2.1501088198258,1.02622699918035,1.02754018338146,2.09841907575706,0.508551060587957,1.99775913262782,1.47323369505139
45,0.170790036802346,0.526861206317379,1.13869366352294,0.812177544326838,1.66823483521779,0.447359517226131,1.08696862282757,3.00604161173232,1.53929312153773,1.63523067479703,1.20949792246569,1.56662419027163,1.18122391570312,2.52687834514805,0.486215047631403,0.579480319005924,2.36864930434968,0.786319494339983,2.00318621677059,1.85492124339048,1.11037395943384,2.50077676499274,1.5269995102827,2.29696058060725,2.48392146819906,2.49580628477171,1.74218910490398,0.269199740768024,2.21816090118104,2.4115205447511,2.0162798816636,1.80105768566453,1.16622108337242,2.32731359742587,1.81319048715419,1.97711258225163,1.80855933226024,1.58017315273938,1.4412537090358,2.36691775584763,0.19927968860452,1.93872847266634,0.200798944884721,0.621487051646038,1.75498378422711,1.94437670077602,1.88038312199636,2.8407720874541,1.17552739898482,1.118000295893,2.67755272610223,0.663919957377291,2.110110111554,2.0492020961591
45.5,0.382958528066772,0.818642973901982,1.8496576002246,1.07890864732057,2.48508941087272,0.473842001653583,1.78938513803442,4.23368252834514,2.56553569370309,2.08790767107369,1.54009102992623,2.14667302984252,1.47236188123263,3.47997052952176,0.932149639283953,0.788271336704284,3.32029013333903,1.42415461284301,2.8230667598492,2.55608699360909,1.4650540718398,3.40438778766359,2.34748252037113,3.16812045172574,3.26246522552729,3.4260846036452,2.22147091243065,0.639836180004262,3.15111428244794,3.55650921268518,2.80402132118512,2.64825491806132,1.33928395058017,3.0291598332719,1.94033709794809,2.31434034977257,2.42717934531416,2.00146690039895,1.77317195567683,3.29500654116961,0.218702482451284,2.79647948357621,0.209137612475355,1.04123871849953,2.26085344068173,2.53032420284575,2.6725648209425,3.79471084335953,1.24587282405943,1.49580455771515,3.89768015818696,0.842759375188502,2.78529411688163,3.04054476407118
46,0.688676741983292,1.14986771551207,2.51103684783527,1.16364530067223,3.57336728779298,0.582569299405394,2.40721911866422,5.35142876245251,3.7325905208558,2.97222753966633,2.04027509471857,2.86875050774706,2.07100659808153,4.64251096027318,1.2979039077347,0.940359037775144,4.0953219270816,1.95280756770091,3.70801142892205,3.53423670232935,2.08637822253454,4.32644921531549,3.09616426930504,4.44043528972991,4.39046760946259,4.78423379659083,3.03511447442647,0.739817225197046,4.10987924043314,4.86805551995466,3.89737748905755,3.70627297018957,1.66883022357456,4.37825063509191,2.42428573808671,2.81951942365935,3.34429065095845,2.7948179248727,2.54063438108383,4.54960217464596,0.204982462163069,3.84068871282104,0.644816032433337,1.65555235159725,2.80852584517689,3.12238094473248,3.24502328879801,4.46298064321128,1.24703584433171,1.84489615992181,4.9128483425112,0.994435113090157,3.90459370694371,3.93460202321715
46.5,0.773772656124945,1.43335171582363,2.91215248809418,0.927516375702683,4.45332842871894,0.719299192939286,2.72729705806854,5.72028494408848,4.50449893911255,3.93115752829019,2.40705006226117,3.51049944875702,2.63776505688584,5.39693107102199,1.58224609294611,1.23001378118674,4.77931259728387,2.30875244487656,4.28076839161499,4.57486004808532,2.86662417028823,5.18297569609113,3.50572456037994,5.5386403964758,5.3699964981363,5.67163616254342,3.68383023482114,0.849205280915881,4.89998981948249,5.66088547949344,4.51952495022049,4.61732250241919,1.90449110363137,5.47643677036737,2.92488519683818,3.16626741536883,4.26469772091149,3.67376600114884,3.27635940818699,5.42826018722343,0.165865479066093,4.42046490928145,1.16777536357703,2.06457621252046,3.14193369745579,3.75767627622418,3.44563821576723,4.57779668947154,1.15565764571601,2.14276345387222,5.65495316996376,1.17687134417683,4.63157425971881,4.3206422711448
47,0.784945215258551,1.57378609686345,2.93368386355555,0.862921900723465,4.68722302944381,0.789198566289907,2.8375197757048,5.56500394615604,5.06801165043655,4.71147928450914,2.72937625596824,3.79393202572468,2.7343731848295,5.68176774679761,1.73117242076381,1.55516804053458,4.78790480278528,2.46373684293276,4.2798471941792,4.85712811633458,3.50902307574141,5.74215397046229,3.61977218258194,6.14812463359382,6.03102146360488,6.15407111123795,4.02579966102454,0.848863149831052,5.10295778679894,6.19114890527696,5.12490361022847,4.99576421671208,2.07848501798035,6.13610597250288,3.06193700178144,3.5311287051404,4.99229177212188,4.19443284912906,3.80098102701444,6.26244699853879,0.227989672069436,4.65975185482837,1.39692565974389,2.38718527203768,3.34794910151419,3.89429482174793,3.36854035176453,4.36535804810974,1.0226885451008,2.07003959418478,5.72277242528067,1.13239908344108,5.09369668212939,4.26431698092267
47.5,0.760859192250863,1.48545547464842,2.89204280362328,0.764026751301719,4.58041022760622,0.800312316709237,2.55703162576691,4.71159373197068,4.68542093431195,4.60649815204587,2.52948862632133,3.61237742591686,2.74580426660823,5.20077953976879,1.67280631379954,1.60691285243582,4.32519009973723,2.29920012689418,3.98822505111718,4.88712516465534,3.5702146203808,5.34717632932575,3.27069345505111,5.96177180238829,5.73543863175203,5.82615908990422,4.03121795620404,0.885375966515243,4.61206989407462,5.50863835721107,4.63321786313914,4.63354848745006,2.02451761263109,6.00503097076905,3.09046852938281,3.15499998664023,4.66097230843551,4.24183468421878,3.84775039004904,5.71202544266616,0.282006651065092,4.23227155882764,1.55335023024363,2.11692882405973,3.03737860438904,3.69022652729319,2.79874073179395,3.5674428768118,0.807372835444148,1.7243984891125,4.95235459681672,0.982876351311631,4.70324773628183,3.73388151948991
48,0.670864017647072,1.2086709456833,2.32367506521298,0.645750806827698,3.74358671640989,0.630217383960402,2.01789503079044,3.63551270302061,4.14695435155295,4.22783064888976,2.23454725540511,3.04064076030406,2.24977562863799,4.29033085447447,1.4918296194374,1.53851976166382,3.57483923935805,2.00400661884533,3.17335845552298,4.19952652102677,3.47072613509481,4.81653478729943,2.60708655162509,5.24873328312524,5.05116842719783,4.86793238511958,3.49315301553117,0.802522119131204,3.83256843529995,4.66949078958977,3.99320367475832,3.91045549746263,1.82537773422389,5.1453947663299,2.58716950447173,2.77544461297144,4.21716109243823,3.82622671684773,3.47689480023047,5.04964189388082,0.333634748264554,3.48638325779808,1.38197470377026,1.82354714813254,2.6708540031808,3.16024236968741,2.17179465068108,2.74260401089865,0.571581182498793,1.30765425118276,4.03175256433478,0.729396808876551,3.97215840882833,2.94370385404758
48.5,0.542265506433074,0.861034695460524,1.7773772036278,0.576818843457526,2.85818701292087,0.483520090707492,1.48422475817009,2.54107120168327,3.0798735223675,3.2839036723649,1.77294757536782,2.3107839092681,1.70202128250267,3.12470547050896,1.09530661553066,1.20529112279461,2.5508582914688,1.47231179342393,2.33241327309769,3.27381004974995,2.85739687001982,3.75345044043662,1.91891335566991,4.05947029889146,3.88022239319715,3.73377469200032,2.84544288387856,0.783514691574898,2.73855448731381,3.39434363307936,3.03127975167994,2.88237252939445,1.49445318390694,3.99826397977621,2.02422757270042,2.06227492598546,3.22486516264404,3.03162349875361,2.78648575270914,3.77128343970448,0.24873450692756,2.59932844679494,1.13776672535626,1.29165575128277,2.06384542450001,2.36072980038746,1.44392846257538,1.86181240329491,0.358228408299231,0.853268974371347,2.82296198324962,0.503224032299557,3.0084949605761,2.10147750743787
49,0.466158186090821,0.539414162873113,1.22112149750598,0.478104495032032,1.9265400020764,0.335857755072197,0.97768728451961,1.56260594550759,1.99949588506367,2.306430008705,1.29468594958238,1.63039406803121,1.13120603187248,1.97341596598091,0.76765763838243,0.924349222587666,1.74062917370836,1.03936863287495,1.52219094213978,2.30421028201965,2.18935931331462,2.72058075549623,1.31005361491563,2.83472048599648,2.69594067648999,2.47045918665137,2.02419716817322,0.601811080717233,1.77092310965794,2.17432913324593,2.03869124795202,1.95642070645525,1.0308838285614,2.71616597431845,1.38215263381064,1.38004253762891,2.28765312455966,2.17305591740536,1.98139878821696,2.50248088626078,0.163259291436851,1.68707899203976,0.835669963869919,0.823810102254108,1.49462009106052,1.61966080547743,0.904159123052005,1.11067882297905,0.169048810100498,0.505227682312024,1.84627663559903,0.328244134302331,1.97667929242946,1.34517499354786
49.5,0.353605179670904,0.232883631195905,0.791891509961966,0.368851158067701,1.10485322743944,0.189248113384083,0.582780390151601,0.802141283841349,1.24633819463498,1.50921018032984,0.791783021517151,0.957847223199405,0.68217896782123,1.09679762552109,0.511883713814839,0.706794333316581,1.02860483946433,0.725731180076219,0.872138508659231,1.36257804500181,1.52602605808246,1.80689571215473,0.838525358597789,1.76851946045747,1.65869015100878,1.50560298249316,1.31052426708796,0.434912662057826,1.00272393297878,1.32692726064574,1.30497910942214,1.16271487472538,0.696711145469002,1.63746632366429,0.68502070099256,0.790179850073384,1.4538354808006,1.34382691124753,1.23649182923404,1.54830496072088,0.09168684135964,1.04003565536607,0.615225130934393,0.55923019015085,0.837865060067168,0.897170324244145,0.555235827195221,0.544780552720083,0.117131488756057,0.271877844729543,1.09498927265961,0.210888304015997,1.22976753010099,0.826656495371823
50,0.248098134729535,0.172472586859814,0.643309534230994,0.403464075290421,0.575299678278162,0.112404923892644,0.390661130785955,0.268765223223898,0.612788333521929,0.752533635773767,0.449190448804769,0.533248099961669,0.315998954612419,0.494576463434873,0.380485693592175,0.641875046840431,0.688043109957013,0.572853381367753,0.548819132768065,0.769444793015844,0.9755854637202,1.01179589265114,0.601496891221728,0.931528981029107,0.808391308460204,0.748759104519357,0.778092245600223,0.376762326247443,0.343920358925549,0.583667839211735,0.625802327224217,0.609436982328812,0.239553286220559,0.764166891353952,0.21556619352945,0.221409725688518,0.745908021345892,0.71339930205473,0.556541274165903,0.640790476879746,0.0484285622932554,0.581699099949135,0.537017178813286,0.388678597605877,0.387187826722767,0.462390299254428,0.415247509370757,0.322585143604626,0.319705997547127,0.210073679372644,0.638963000892237,0.112641518239801,0.607128528960455,0.594507779677971
50.5,0.247766872046439,0.116388398105645,0.754769480415585,0.627968891275361,0.235487518396807,0.0317105981978668,0.430208653788059,0.793225336517588,0.633143380096077,0.396275195845041,0.0818976410557807,0.0450429538396589,0.188147198357214,0.516720192515,0.399007682446223,0.667189710718608,0.846294737470279,0.650937940365134,0.623197557045413,0.374414290093849,0.515729090599503,0.615410404175596,0.615623453282494,0.497201017378346,0.3466273174858,0.327055367971388,0.276951730295471,0.396375630394509,0.409430255587863,0.38207122472211,0.289296140646218,0.249103765874694,0.162747465223032,0.381233588469134,0.326441420859427,0.416070689162135,0.418018986000753,0.41598128716369,0.321571708141116,0.496454315197273,0.111579608058837,0.648706702850095,0.506034052855378,0.156029791959996,0.200924310436803,0.473097080147514,0.702762668150686,0.95311566638551,0.558259674519191,0.360970900847017,0.793554439175198,0.108893027641343,0.352801794849807,0.730206820504869
51,0.261348171963702,0.220644865488753,1.0552272106914,0.744857076254769,0.772180392613627,0.0375419787727758,0.650354027532647,1.66243021898311,0.990041765636528,0.399844102236066,0.215018418952758,0.404066903723282,0.392757203529049,1.18473673888934,0.528958675908519,0.884850998282203,1.5384879212727,0.839621999511918,1.26869473466089,0.795407928601213,0.404347986976872,0.874679786384464,0.942314466119769,0.792136377455802,0.72952199912926,0.819392857883715,0.348601883339213,0.503643518233787,1.06913623367717,0.943232740467064,0.674879962504552,0.582239654861001,0.398636839520083,0.87457011255684,0.808115003828989,0.916678283206628,0.586099931458774,0.612307111366948,0.487643484317745,0.979081713351998,0.181291814548825,1.14192162792943,0.462084635632677,0.108516878655392,0.673489824193651,0.996193513528389,1.20107008418262,1.76173413565339,0.802047413727364,0.591783286821348,1.49438275155079,0.252346472859233,0.730392870886134,1.25493356641288
51.5,0.30260856084838,0.493121811883458,1.36895524198243,0.910109430992758,1.48270633445775,0.151230461335241,1.07481921451266,2.74760696904084,1.71430102755064,0.98817538582127,0.742110722508632,1.12245237018055,0.666795051931507,2.2054372006909,0.813283250014908,1.04420355536806,2.46087606791014,1.19539631095047,1.99709990222107,1.50518559774931,0.70947922527903,1.82154566702286,1.53178733923121,1.71408683527619,1.70402735490801,1.75661489832226,0.954464554439867,0.670447547958435,1.93994541079994,2.13869175693412,1.5806315645203,1.37416496089674,0.67595730189281,1.79715411950998,1.32145380977903,1.52536238837324,1.43724851963798,1.17067124914379,1.05099393174638,2.15284031435796,0.241397197403401,1.97197492846482,0.300518640599634,0.615108230140714,1.42018030463148,1.71650494905024,1.96214112091529,2.8315694763649,1.04936958107203,1.062664560655,2.60330209825551,0.438007666630677,1.58331374550857,2.05936128007495
52,0.490326262483734,0.642270626248017,1.92675457062481,1.00052148893821,2.35460287231215,0.289175374121961,1.50382544334594,3.8130163591706,2.45359715011651,1.75469808701053,1.20252069037413,1.75306248150873,1.31478907624802,3.30442885856618,1.05075819254848,0.994334006069041,3.21304603059993,1.51494951634973,2.88482380246743,2.53182557391664,1.1691910287224,2.70659878088465,2.11416909292676,2.84442867545396,2.7952009470524,2.97933693384869,1.7586411869173,0.685264076536249,2.89441668971383,3.35580145536869,2.56061337007874,2.22990330258758,1.19587458458172,3.13434509683091,1.9589560461674,2.15797288496092,2.27303548905083,1.97748492181792,1.92429594541889,3.36795830296488,0.269141554155622,2.94430193798299,0.271210759294672,1.11533591307449,2.02951346677525,2.3697313141668,2.52256029546282,3.62392742273817,1.1828071614204,1.44919431064277,3.52735547584591,0.67649792276809,2.63589441974822,2.82851989792214
52.5,0.487853224493827,0.971366347960972,2.20716130338333,0.85850326283716,3.16245666938985,0.457872517202815,1.81299302459281,4.48418481818306,3.15314316266732,2.60328180072958,1.71455754449315,2.59985254319436,1.77541300550018,4.25902919431665,1.2914847069718,0.982265205375031,3.99983612761148,1.83717652905661,3.54963896297841,3.61897198581978,2.00421635771338,3.78851061495946,2.62764762091753,3.9857788051652,3.86427586705903,3.95452984027601,2.52628838296268,0.75024799476019,3.7772250900724,4.35046627664854,3.30829851851453,3.15645789080203,1.51097722177241,4.29882267950586,2.60708176591463,2.60861132826354,3.25938801413295,2.8754071739637,2.66650248182947,4.52007076851745,0.194625544441505,3.6527572784757,0.655584623923237,1.6490004322639,2.65356625705783,3.08938611366853,2.92661215432294,4.0338832418149,1.16308864409665,1.84293308388458,4.4159388600135,0.882422396029749,3.48361257082307,3.41349367563808
53,0.581755688347955,1.05830080021255,2.42491099022396,0.867810011349165,3.63682163339309,0.558112796716569,2.07564659127915,4.78617730689054,3.69631233222273,3.42731616783068,2.14898189923924,3.02271182650497,2.19737514184104,4.88550782697777,1.38256551695084,0.860716840373159,4.17134406604773,1.98533874457972,3.93599522046298,4.16487958147373,2.61647264249115,4.59187108515336,2.9784159438528,4.85731127183724,4.76385671113966,4.85265121865485,3.17349878894687,0.626247437848642,4.29220268851786,5.17213196898956,4.11389277074101,3.72309731685752,1.93238592955654,5.28595120308217,2.96812330174829,3.09004460942601,4.05168767765829,3.52026054540874,3.36925546986267,5.63291821325667,0.143162182318194,4.26436017582966,1.01770630154875,2.10058173149216,3.07082245799642,3.38735557085943,2.99055054129921,4.0912533128509,1.07573597450115,1.91195130347435,4.73124637963736,0.97444416421578,4.27395986660815,3.6924395796753
53.5,0.620319614767909,1.1156282861816,2.36701387307933,0.557236970332712,3.86192205789378,0.6901709011711,1.95921162092495,4.30338044490221,3.62529638103776,3.73416484201823,2.19545310608812,3.22295741187538,2.42372674041323,4.74499360724371,1.35236020696487,0.941029228382931,4.12249434702492,1.92901059721504,3.8655795148013,4.62597322228969,3.10609829032704,4.78549992334809,2.84736227693776,5.13733281338278,4.95005491153541,4.97379380050952,3.49785370912291,0.465165774851865,4.20257181716186,4.92046728078159,4.0120934371924,3.87285193892752,1.94390570459982,5.53372029647415,3.19127700295934,2.96403107529505,4.13315102372365,3.73565074424762,3.48824930827153,5.44565294998608,0.17645027118299,4.04435758506946,1.3220167501975,1.95816882693486,3.06819847086006,3.48853757582849,2.58695750814613,3.55178029655627,0.891875380688491,1.78749516566308,4.49952347589772,0.991150984214837,4.26876652190811,3.41897101086086
54,0.480305010370408,1.04070900832682,1.84145768876324,0.389487503845594,3.4241655429222,0.729080017400402,1.72242813279247,3.53395278350905,3.35066661827177,3.84277366556685,2.17234476559716,2.9384714114716,2.15534057003652,4.2538167980754,1.22706626801499,1.08378502094111,3.61466610365903,1.73826728857457,3.2490138867715,4.11021058525358,3.2463402927561,4.76701765256468,2.47361497128332,4.82037450020502,4.80341589681233,4.56611434365229,3.28307052166195,0.440528406931568,3.7789708130783,4.56492542134623,3.92193542814134,3.65434259407174,1.96838669093749,5.16791993629686,2.8015929690621,2.89974645359978,4.0946119685554,3.5174689439641,3.27265743291242,5.23190924027858,0.262401892118014,3.52644344939394,1.19249164614123,1.8124767125533,2.93298004661981,3.19838524451678,2.18099766499942,2.98344545612501,0.727786782525371,1.46888598249747,3.94845484168171,0.855637717843846,3.97573822847339,2.88211022297539
54.5,0.408563771783563,0.84624453965729,1.38638822464903,0.303647987806513,2.86835605231032,0.709318270871845,1.29257977163622,2.60897490560164,2.62156708812518,3.27041558656499,1.76530570386904,2.3884616974577,1.92429391816657,3.37893665611826,0.907906864484099,0.877136121547484,2.81507879416518,1.31505154792362,2.54560084505454,3.44850256975982,2.69177547574381,3.89721897717646,1.8544377398259,4.02665119499584,4.01997426421613,3.83271309626251,2.92162482962609,0.459319614713159,2.99617754507374,3.53535620941813,3.16415815632816,2.96855857979333,1.70668610009745,4.31749333999165,2.33153879465937,2.29964004962026,3.27873807779752,2.86693336339458,2.69803002286423,4.1174843872712,0.253829033047522,2.72150630649009,1.01235572039393,1.32493582076297,2.43065719516069,2.66050776422767,1.60940258271717,2.22669179527749,0.586854865292615,1.04800850072029,2.97867972504745,0.729905564833393,3.24364390377294,2.17379753432242
55,0.21036032839611,0.674570795208594,0.865863404704364,0.109218737143551,2.07274084959764,0.550594223386869,0.922219067581542,1.95221839395036,1.98679180552723,2.60831462983274,1.50165787952566,1.8756598869991,1.33678450710974,2.5765964878516,0.672433965066535,0.764186266918504,2.21892989546461,0.989589308552389,1.8306821353773,2.5802851986292,2.24120885882299,3.19775305976428,1.41797480661261,3.12148072675048,3.2100038985746,2.88276263163731,2.29599264291919,0.330823303071901,2.30252314807605,2.67221056931779,2.4701040193374,2.32147284766453,1.27225769674165,3.21932978670743,1.65506988256121,1.80470216176224,2.66092701309752,2.18070711906061,1.97536507365586,3.16407237321562,0.226918261008664,1.96714982150563,0.760307358665874,0.998655246455752,2.06124421278828,2.0982808284599,1.31497480216135,1.71212140543093,0.402387827905104,0.743735379565063,2.33006760084415,0.583809450460041,2.50253678908069,1.76815927651434
55.5,0.186176246506378,0.362896308418381,0.881728067863078,0.280955810363148,1.5127915736104,0.362444500843256,0.776121644788824,1.53826858499465,1.56937436798704,1.95049305058028,1.08376378334591,1.25652220875274,1.15722465173493,2.02030263667087,0.519040174084776,0.632658407085538,1.64455147670564,0.788023950492664,1.45825919123667,1.82419404603717,1.56340665532411,2.41463692578398,1.18597449668877,2.37723485492673,2.46411712116015,2.30018460548233,1.82528632035343,0.277484234379042,1.77628597545069,2.04289139376994,1.91807279547477,1.70527391167007,1.08437899113587,2.46478121367389,1.03617173206679,1.23050371134968,1.94537078470258,1.64974448894927,1.5464730824606,2.3553388824596,0.15779444026065,1.51397160194558,0.692473506339978,0.7508841295345,1.36565796562837,1.49151593662471,1.05339258562101,1.29801319840331,0.218299452761745,0.515699410986549,1.777709328477,0.506018168845045,1.99557271706972,1.54524278276118
56,0.0966924930814108,0.38694140103826,0.851348142458557,0.307613307397524,1.26594989070165,0.246276414438001,0.73513280786812,1.18028998726141,1.42575152818839,1.39902770715766,0.910933626207438,1.09333519477595,0.830620036831299,1.62296936918143,0.557577383457914,0.852563064536203,1.40333119621093,0.80132624816196,1.14827220403257,1.49196689819351,1.31102352204827,1.75312801469394,1.12316957835437,1.88501873744045,1.94610504612767,1.85897863290243,1.46657826886441,0.298245086129283,1.24920684462659,1.55420595932686,1.44412306496088,1.39982509970333,0.562243165611441,1.75504875084056,0.589379861015257,0.711678319360958,1.5266332995671,1.26072577480072,1.04585395401443,1.72914800000006,0.148892212463061,1.04169390850857,0.67414042557006,0.63605024845904,0.992778474268263,1.04777861081887,0.886567482909328,0.942718191188655,0.0557314973913999,0.360694962356634,1.41915563720024,0.328490487947323,1.53199555215109,1.34320079230381
56.5,0.201275083681716,0.159249099199142,1.130936798787,0.662447437243275,0.993770037942539,0.0907969333234712,0.87797044516346,1.05630846351071,1.2988495136775,1.11384906687887,0.505707231761305,0.568780477491876,0.766454854795738,1.34326166947197,0.661068522511949,0.948256838921453,1.279854049655,0.933625695165801,1.15687869430913,1.15897482593788,1.01570480724566,1.37206405167489,1.19657538977554,1.45948117699145,1.44577248177055,1.47473728373686,1.05938843356272,0.497551940784244,1.00102123867613,1.25678029738688,1.11433742274,1.07591136705869,0.369929952331019,1.26508668578257,0.222494525487289,0.421715479389533,1.11151731110069,1.07112625646056,0.928348613075628,1.1997276617934,0.17493545311752,0.901024470491656,0.716108896060688,0.474558550162881,0.364649132948706,0.690160448933249,0.923085849657945,1.00904300900107,0.166031182145915,0.167658570474836,1.21267648852407,0.240572691399834,1.12364707715855,1.21283091330647
57,0.327742470378501,0.242745542988996,1.24856390076641,0.794401858440109,0.982610616105924,0.0988504305607121,1.03136303400445,1.5362482009009,1.38291979918404,0.741225931551306,0.3275958030932,0.555491521136026,0.566378337681269,1.43643869937162,0.786955994115481,1.11601350467287,1.56424221387718,1.10939813515812,1.42943960196822,1.26733897206302,0.987123926123505,1.22183554162847,1.43262775130214,1.33067938068571,1.12981254992285,1.34030868130916,0.792121885652886,0.65967458133383,1.02514368089393,1.23052995692175,0.945409099894522,1.04267581128139,0.0980096614493131,0.943491371057419,0.219685903650542,0.418315746548173,0.822059481331706,0.840619288496222,0.722091228102405,0.916332572981909,0.215477074096953,1.06513796826782,0.748385766288178,0.411481892046018,0.291380861039938,0.703984725087406,1.20635334742951,1.3937826895924,0.313641380774269,0.233823686901939,1.39906694832363,0.176172311137818,0.872959729675859,1.3476869288705
57.5,0.453693550995382,0.304165036817399,1.60260771904242,0.982325557736241,1.31159083690879,0.173548658545128,1.29308259306046,2.26527075660219,1.71051794409138,0.99796853690023,0.547293434487396,0.914278691582322,0.768917019836909,2.04409219178576,1.00021690987866,1.24435451068911,2.24969642563749,1.44611599007506,2.03447504014487,1.750109893171,1.16073046779407,1.86864407024086,1.82640425775457,1.82012348044693,1.55014835210298,1.715003371427,0.898995463202867,0.87864274306053,1.68841063254532,1.86151936547742,1.3138054609823,1.48998757779353,0.456688077906297,1.46345307418657,0.562484169554276,0.850324521300836,1.23232211321082,1.14741381572034,1.065111767711,1.61204695877338,0.253387928147804,1.68905280480103,0.799716443046447,0.689177832534508,0.780323419725305,1.21074608553952,1.65847304179006,1.90119619881175,0.487255277938656,0.553835781405124,2.11646220594094,0.276786196839707,1.38117896455313,1.86748185334002
58,0.590429596991597,0.594390842092161,1.86970284391882,1.03423118964381,1.93513758887144,0.240172221587259,1.53722680708802,2.92558606845164,2.37134958916167,1.5795014871794,0.941757840311715,1.47364267364317,1.15954265097637,2.75419165977533,1.1936632979113,1.38273792978029,2.74850529663554,1.76982137599557,2.54644015063032,2.35129091716934,1.66407285854419,2.55332102540381,2.26703242903665,2.68157534482984,2.35648621961693,2.5560076695129,1.46164502462832,0.904114179155396,2.23730732537293,2.6500042057151,2.02211826312282,2.06058387972699,0.698013426124262,2.37123632263758,0.983370326104404,1.27411078733594,1.95963796989571,1.60096452321303,1.51280311321888,2.55436382415389,0.305581236550422,2.34042527557734,0.91725636244762,1.06721552710776,1.28935948315805,1.68201733711664,2.01672695862493,2.30072174222415,0.587451905500977,0.781228043545202,2.69546365726005,0.294546961213971,2.1707837873193,2.40187444947405
58.5,0.626000962048168,0.766168029235895,2.21588689648494,1.05413890375389,2.49870146567507,0.272072774321926,1.78610220750106,3.21114546061966,2.74002553411325,2.15565200872065,1.11191279686292,1.79676602110783,1.59597250650513,3.22971087454732,1.37418265524797,1.5376431459005,3.20511657982435,2.07895395469457,3.03285601096976,3.0049002813083,2.11628365511636,3.04262689183944,2.62117555791154,3.44506693071434,3.03718559427817,3.11853869344474,1.88398681216977,0.998687824673983,2.72510431725368,3.14709009114532,2.43384303556398,2.48391903077426,0.962484680424403,3.15332571035181,1.40160438843198,1.53942454099036,2.48871011490398,2.17434046667295,1.96517672502825,3.09423078664458,0.29429491843152,2.73867729604224,1.01426235214295,1.28603776345411,1.47282643899083,2.15038815624229,2.20038673614956,2.48139690120859,0.635872386855708,0.985853114774257,3.13865158608304,0.384001951690928,2.59830155433889,2.7332164457788
59,0.67858206483924,0.931671218781507,2.2207020711512,0.98723471610811,2.73175304656547,0.290153998396804,1.9132077567378,3.29503644222507,3.18293377464529,2.59167783911886,1.26562958209129,2.03348612737411,1.75760915313466,3.50398004265427,1.47098351921825,1.63454641588212,3.32388661603094,2.22683774160346,3.06984313362227,3.30574851629984,2.51592536377376,3.37270289314743,2.71419153461238,4.00877050952356,3.53072387782114,3.54047546418971,2.116517739728,0.914327820062532,2.89924775629793,3.62593913008615,2.93214686181165,2.74899944321949,1.15267710966681,3.66459611366408,1.61913561998896,1.79284097252565,2.96686833928241,2.5062215889268,2.28705235962957,3.65701945916246,0.315954385803815,2.90224503670402,1.03912511230764,1.52021177522152,1.64693266891072,2.35486210758256,2.19816213354403,2.55767074632518,0.647178906049514,1.09246166564673,3.33660320462546,0.400642265964927,2.83334013442452,2.72884104680883
59.5,0.563080218781467,0.981255375231999,2.1758879583209,0.821508123880463,2.8647975721867,0.30948622738716,1.93326637529721,3.00809468413615,3.02127959577327,2.55541840186038,1.28323023395184,2.12260097469727,1.8246265043421,3.46347380229104,1.37571859498642,1.54585315150455,3.22133679861444,2.05897653669272,3.01327598171074,3.4790885768616,2.59334555440983,3.22576924703698,2.63098361132575,3.98812503124831,3.54498841586736,3.57571458755489,2.21493429848563,0.991844023566303,2.77805496719333,3.48118362801959,2.83970196987442,2.75730758983712,1.0245906501136,3.76731532016628,1.86419117032356,1.73168978736445,2.90169324931689,2.67356059376099,2.36830966412029,3.48149176475172,0.29635009315206,2.72290151507795,1.07294351964162,1.4076123224057,1.63632597196312,2.41556923187144,1.95677853728477,2.37082715638152,0.565006566409746,1.16641717354857,3.2506958943591,0.426818603302892,2.74826036720247,2.56630519132999
60,0.593585216301484,0.779773687973892,1.80588547964891,0.666285952479531,2.53066813147972,0.250292988639723,1.66080357336659,2.53712838358727,2.81171888909294,2.53187405208564,1.15822030150358,1.86690971967386,1.7537267906664,3.180019046512,1.25190374497473,1.36414099925907,2.83961595301264,1.82998171632192,2.60187782922529,3.18496566912678,2.46412746320645,3.05612364577658,2.21622191933912,3.69435919482584,3.37669281523947,3.33855034562239,2.0405284173343,0.893661369077113,2.55422109324832,3.3396338769358,2.79146470765583,2.58210065980024,1.05426905167982,3.50553975238755,1.6943655131923,1.69657145192153,2.81097815388856,2.65192422901621,2.4301691861342,3.3786776365934,0.30008734835507,2.46732062373086,1.04843326229033,1.35189093086321,1.4633066166228,2.21314803744147,1.62339139611488,2.06027116313802,0.479994131271165,1.13723350633167,2.99664782342637,0.445194699968891,2.57844215942273,2.1682885296689
60.5,0.443823491651227,0.710821704692555,1.33572528336462,0.496337128501107,2.18435253035906,0.24294867453005,1.29560813469827,1.8014368216776,2.17215486538224,2.08010834498271,1.06335571758004,1.73456511351054,1.42163680374284,2.61394763732868,1.05569525749835,1.17145308356695,2.26488166016563,1.40097838994866,2.04427894633331,2.79373782211766,2.21102322751524,2.49149331200386,1.72858678645317,3.03724923296893,2.82239089660618,2.78839583019665,1.82286480714461,0.848750330289662,1.92545392796824,2.57426657197207,2.31825750886744,2.22104624516715,0.784622634950572,2.95117259183321,1.56235895156305,1.41321218797836,2.34844551454123,2.28399665266046,2.06507876683676,2.75139320832747,0.233287442627199,2.01115804087204,1.01035167202188,1.07267599591454,1.31881582461458,1.81113795191089,1.11810809953826,1.43767619314765,0.349713961212256,1.02016248849515,2.40327869565926,0.325380476367376,2.15880186729389,1.68145678397316
61,0.426317925637116,0.376586038811092,0.886424811615969,0.452275868129759,1.45261964480725,0.180068244344064,0.872572711099341,1.00245438472658,1.5109520296711,1.69951367374241,0.81402785738519,1.21868706515507,1.00612250520285,1.82146657297764,0.836396313970713,0.968893102869443,1.55689298195061,1.02919976163191,1.40551355781441,2.09054425132713,1.69398630919812,1.93215268120316,1.09401866255817,2.26587627213143,2.13722326950355,1.96316132807907,1.36371756575329,0.631354859781626,1.3654341432279,1.81506635595912,1.80966652834073,1.67854065400512,0.724788949571908,2.21780811941489,1.16263413607596,1.12298646787789,1.83784721922165,1.84671830937626,1.75471015185898,2.15729908267658,0.204716416419882,1.5016310439431,0.888602966722325,0.844525139526696,0.975593359671359,1.34857448280319,0.598220268702995,0.809852321566075,0.26754625776958,0.756320063075222,1.66010248690612,0.259943151924965,1.65865842284832,1.03480717182868
61.5,0.30434452039318,0.208726942601905,0.429629117150253,0.408237458578981,0.772182945455781,0.151455873209775,0.406357736907836,0.207903704269829,0.747844685377154,1.05646354883706,0.555528211044513,0.799321795638158,0.475493256910496,0.900485507653681,0.527790710730391,0.733757095173902,0.737268179719801,0.600083122064883,0.68856381129964,1.31458834375741,1.2114684599425,1.17668432544005,0.488299675098476,1.38188705468174,1.29925954082473,1.11173847385502,0.926851655632261,0.491118958375395,0.655623087041095,0.903828546157293,1.05364270676756,0.982824968984708,0.490836950057397,1.31506211267384,0.773623647113714,0.687205039989025,1.07478389435134,1.13127705043005,1.10064028765096,1.29691445314303,0.175326385102249,0.792472243896723,0.725064568160778,0.488566095107926,0.711521973247475,0.782207785984595,0.0576453025540064,0.336908493325868,0.296970427722739,0.395574362018058,0.696056057109597,0.155529469786369,0.9563780590489,0.322652231235468
62,0.217891313094508,0.0423200208704051,0.411045818046646,0.431021721578344,0.0915521363121164,0.148315345760129,0.268104469534213,0.531694427115601,0.316031937820168,0.523036501101995,0.226663572508802,0.188486300536046,0.0771245668274284,0.207592482077201,0.33214160450094,0.477427261930941,0.110878630118509,0.346277330047179,0.0638905687106779,0.460249638288641,0.600721547651259,0.50634495136167,0.252700578965988,0.465209448982164,0.472766801855486,0.207264336735777,0.415785427043925,0.37199057743334,0.0800872450365507,0.0327705892160012,0.268111754023065,0.194725960812507,0.351250261194185,0.45770575568617,0.444111586698872,0.341291998483225,0.328945287040328,0.479402564571404,0.524197958058932,0.439901627978199,0.187821047990858,0.148714767349689,0.439694534864333,0.168261960747834,0.52042170555046,0.338197455094328,0.423304746626803,0.670864840099698,0.35225772444707,0.195862199415958,0.29876471227062,0.158816515401714,0.337231346611813,0.367604291776022
62.5,0.120407006415752,0.183485965572028,0.806257902756665,0.484860032689752,0.60948596279214,0.145791799980431,0.600981697957693,1.10099973765428,0.66718047585764,0.0994679712740583,0.27802377832448,0.318457520545773,0.389193692060255,0.839894656279983,0.364785194886347,0.357471392703291,0.681330674370581,0.379067302027274,0.642150165084751,0.523772262848307,0.0717218240399978,0.647740924347085,0.710260022730446,0.415473184130448,0.408743152849458,0.620679034510338,0.387695136346552,0.417099666941567,0.714447861315643,0.79339802103096,0.525616330084897,0.557659196424021,0.374141412463747,0.514826447433629,0.313400452851783,0.441795548603594,0.440677599537483,0.282581097366141,0.199574470732961,0.55490542485146,0.153709267115094,0.635206308448678,0.14783042701142,0.211855971297248,0.570825594470125,0.558423253223593,0.777021794508136,1.10103356541382,0.383441101207174,0.300804978027289,1.00807254278838,0.255769903901523,0.625790488907532,0.9067801641931
63,0.21203980397282,0.41277760371026,0.997449136861731,0.47337843208336,1.14268214323091,0.167872449752526,0.788677120170553,1.45934733388808,1.19092108831529,0.624006814685498,0.575780016246285,0.780326063808699,0.690346508760937,1.35059432712568,0.437121187738511,0.396927501748235,1.01411693397905,0.581721895761353,1.05290587233368,1.11802149411817,0.544933215230553,1.14298035802835,1.0549464359775,1.19264968931165,1.04308904041092,1.28773535260341,0.782389710199101,0.379560041475485,1.16227153899564,1.4971125235255,1.17228278179299,1.14044636181131,0.406464908787714,1.20851759628163,0.515422243195711,0.677835114432786,1.01745814517628,0.7927963439536,0.725171114406975,1.30973700870907,0.115364183017744,1.12380518222918,0.315041147909203,0.51911579389728,0.801487396156572,0.870444841972487,1.00655501572176,1.27551405410216,0.302784302804384,0.378927728343753,1.39042103847729,0.264971344391176,1.19298393863326,1.22078336640386
63.5,0.193349284820574,0.484593336283166,1.15637299948495,0.450157202612574,1.46397741493231,0.202919399051733,0.818527131372134,1.33009317173842,1.2908308342531,0.968405121016182,0.604193998476892,0.998485366273129,0.946234284979914,1.43619528270977,0.472554237609556,0.625801998619712,1.16144626633204,0.734216366069915,1.32431156106505,1.53099861459849,0.929702272386634,1.38442907059309,1.20281369010695,1.58794950147497,1.37909032135025,1.51906316858321,1.0033946139953,0.42904709712879,1.40004257645488,1.65736605007185,1.27539787712078,1.39937422928239,0.533166056535047,1.63075957374466,0.605699084214161,0.619344329920446,1.32356865960312,1.20953512246974,1.05313468102441,1.5947656805521,0.129726943251545,1.28032243225361,0.705418684179009,0.69379820962793,0.83156536502828,1.09328815092822,0.992530143503336,1.05714978981263,0.136158082398185,0.394508700558337,1.39427121431023,0.289662049479897,1.39012433182057,1.28820905129604
64,0.200277393229097,0.432579745396295,1.00796066806352,0.472805868143509,1.32431711146124,0.193027758093673,0.724570057345788,1.0118930694901,1.37323879371209,1.13052281420041,0.560313571459043,0.835580782088466,0.816397900558351,1.23614877097208,0.600433301352012,0.931356214893896,1.04448793813856,0.836733643871236,1.09898952041483,1.34079368703191,1.21195321541057,1.40639234037411,1.10235575655672,1.63157816123713,1.44385743576267,1.45478981284895,0.987776965771178,0.401895701889598,1.21357354620021,1.65968720108405,1.32267415157391,1.30116676583045,0.627182203701347,1.6677647873296,0.428577382623271,0.529793241207487,1.4494641836145,1.23182384702723,1.13257129256623,1.76337262528335,0.232832481605509,1.14648947548755,0.872200324389416,0.800946871950047,0.714753045648128,0.848961424853996,0.825485989497104,0.707355651984783,0.095956653357414,0.29905260695871,1.09374904172842,0.204625154423989,1.35572140091965,1.09329159477185
64.5,0.185020238619578,0.323241713230316,1.04486481335353,0.680850308356785,1.07000448168935,0.162366047784659,0.730270496475882,0.835158360774089,1.08141327241743,0.881542173537397,0.322723315079838,0.506204595806737,0.624255665144304,0.87074725673754,0.666003955082348,0.943984725547083,0.960883269118174,0.86745285368821,1.0063782794689,1.04196369875923,1.11274123963221,0.957818377050897,0.991440862224608,1.24453114791279,1.05714410039171,1.09217078398741,0.786879173567341,0.596790406532603,0.665086322652733,1.05418374713717,0.846889427486696,0.825432108981332,0.452118944544218,1.21703891014569,0.316789838566384,0.163641290029618,0.921536375394257,0.878406684053273,0.79228984767109,0.966821351415601,0.205351708041488,0.748873016957546,0.835998978536009,0.501522491609845,0.298037965834911,0.449257089561576,0.706117030364802,0.682400396504361,0.325187889431261,0.171724408814751,0.671418265947193,0.0629580637501203,0.866235623252001,0.804233364787954
65,0.305385595420893,0.293527389210539,0.964250500744593,0.661772213630729,0.775625548054285,0.0342769817589293,0.752399113922013,1.17259235427512,1.10039329025012,0.688598758368826,0.119797145226129,0.336498281219601,0.453073555840643,0.967212672777573,0.671893615618195,0.912495744808088,1.19634953142473,0.93935372944896,1.05189044578115,0.957340901699264,0.940574084851649,0.821241275713996,0.953475749709731,1.00774065883749,0.800782543561753,0.873725585405251,0.430798555360436,0.573499497299983,0.606445636500098,0.94019587220237,0.704543460352874,0.521962025503449,0.274867248605331,0.718299618753802,0.218856188268509,0.353981430616042,0.592860177717157,0.514280007656988,0.496179537735468,0.541244317401244,0.174003479691004,0.607001787693061,0.606913747878699,0.272922638938629,0.184895704347004,0.546094477854315,0.894868785809386,1.15992786779235,0.487407027753017,0.229284787178323,0.925919756345292,0.0516918896886549,0.425422673960696,0.78127107162963
65.5,0.272127341232913,0.435322338903526,0.941708210955641,0.530205796398974,1.10709467477306,0.155149373708155,0.899807929436619,1.53945584955412,1.15835488730777,0.761640959987559,0.356656998101588,0.775495743855873,0.574624787323623,1.32932361533862,0.598202958808927,0.793634245439701,1.63758508672336,0.993733913757461,1.38844318000114,1.30742720870168,0.820861135149911,1.08077862536044,1.1174732222099,1.20564688287218,1.08442038888196,1.16271445688982,0.504996963490504,0.641104365280253,0.978922416629742,1.20841129102446,1.00165038209447,0.980796592261233,0.0787143788958055,1.10408308007406,0.620209909136956,0.765225035380094,0.86205060988922,0.767535314518857,0.690778494999253,1.0377852339045,0.179942878117967,1.00101062513257,0.332035763125245,0.153423398273034,0.562975545527727,1.00665025686564,1.10032968573575,1.42259471909533,0.569409576271635,0.451721181790822,1.40872127331519,0.167038162773206,0.806585361043633,1.14726023549715
66,0.390540975023252,0.386199685963126,0.913027213624684,0.44002098620347,1.33008562783583,0.209518223815192,0.90938981681251,1.74274362987481,1.39332669780147,1.25159485894323,0.536142219868399,1.03101710073792,0.793460937901767,1.59636139311449,0.577745494573627,0.546920700952083,1.77070182867809,1.04344498112035,1.51860060539091,1.50208131951792,0.876565505531166,1.54596686636365,1.12016505724158,1.62504349541929,1.57476241345383,1.59235112242218,0.779914247870718,0.505485927790852,1.32482659182722,1.68305362583255,1.55582131420117,1.47413795841133,0.477865239158674,1.72249065882675,0.905414336343796,1.16557499307415,1.37545042748378,1.17256094474417,1.15462007376413,1.73977974907592,0.233095592259313,1.41429407024585,0.273253356175205,0.354718152575096,0.840741453227659,1.30443416288939,1.11776801607119,1.57929913834291,0.693566372798524,0.582602094092871,1.66654204697526,0.210640827640943,1.34491436936345,1.35169460515515
66.5,0.319491309972294,0.46668581695849,0.678955238544174,0.189795649371944,1.50058905337291,0.248288904423749,0.792743368861986,1.67756909823111,1.35262199523057,1.41778138053229,0.672845880035266,1.26831724935786,0.863667691004451,1.62112224584116,0.495209570640356,0.368218421067826,1.68975799047884,0.861265776853296,1.42645727373864,1.61582052931335,1.11958661547781,1.6916400170068,1.03591603145786,1.80310172414256,1.77462357702789,1.73905738771516,1.03026398021582,0.377982083075246,1.37614672977008,1.68399149082101,1.59174373913965,1.62833006565031,0.524360786314521,1.91974909419142,1.26955616118218,1.39910495965524,1.4902171248661,1.28545121337742,1.18481875478809,1.73448323347899,0.161542228384556,1.43667377215346,0.112312298274399,0.296202839980018,0.967248916066814,1.44195139379843,0.992217077133,1.5357451134776,0.795500112378514,0.635925531449541,1.5750767204472,0.179920720941724,1.50323636425442,1.28786144464211
67,0.22588996422576,0.324763881247458,0.551890701308107,0.0551889437202752,1.34417752485098,0.168327074722148,0.654381370813559,1.61327132954457,1.20457820618867,1.56429604207446,0.697920912728011,1.12685948990123,0.824279165583933,1.49407904271374,0.367295182149687,0.0646194001190474,1.58120820048481,0.650275833063023,1.23701135961407,1.36515599910113,1.16330277774766,1.80334738614578,0.800313768215775,1.74035326492596,1.78649884993854,1.61305672467054,1.06933855790445,0.213500830430076,1.42492834842959,1.63811515577753,1.54016134284348,1.53040859318553,0.705622318486762,1.8472907969964,1.28270416515129,1.58978427237883,1.4830211250881,1.23861828970824,1.16773221748332,1.69011091922553,0.101340913315975,1.3452642831141,0.0654617166590852,0.325268035947126,0.955666846989548,1.45992268925768,1.01096957425169,1.55702967661742,0.834292797912623,0.598913818828556,1.52856039481151,0.237146180138622,1.50707119524213,1.10796486828823
67.5,0.119654957424008,0.351361076870897,0.696414288144028,0.222977004356979,1.30712490975298,0.159139576044319,0.637861766936094,1.76646704555115,1.1773589393106,1.40138411029785,0.820662866869012,1.10626512423436,0.629567508004544,1.47131342510214,0.24121711330079,0.21697564726553,1.57103960991941,0.537402875944797,1.20378577317656,1.10875150208736,1.07633311610307,1.76360775922755,0.767650258682488,1.57178342153327,1.69054672662979,1.63478144227747,1.19011225980538,0.0563870476530324,1.41726377522151,1.64110006560056,1.56167908766426,1.47411827385,0.634541607244032,1.63324782559546,1.23810768351618,1.43569118425282,1.21952504049654,0.917611633593577,0.872104929904305,1.57087151999765,0.0326467456282841,1.25877848308622,0.0527563468543366,0.207596562774352,1.06328452706085,1.43574439085191,1.34526091638113,1.82251376726238,0.881644009107643,0.686938474285335,1.71471606667519,0.265160890054875,1.44525532825482,1.12586502995299
68,0.207767418159244,0.541363534506354,0.93025593580566,0.337032103291281,1.45702141484474,0.185483837351129,0.786967679988502,1.98478911670928,1.33785733048049,1.3459314007464,0.975855188142379,1.15868818914592,0.685232891204106,1.7241858631875,0.33718210033413,0.285889893693454,1.65762977553563,0.661093423893905,1.54512140659293,1.29700061119537,0.976305068385203,1.7211283158163,0.976773809984607,1.6732210256502,1.78675639055126,1.92034195457726,1.36012473513874,0.0994104993371674,1.55602175382692,1.85167785423265,1.71998089370684,1.52710649864299,0.530919803465286,1.73807135281839,1.30233215856226,1.39624475491065,1.19235721855334,0.976493204987056,0.879031579990966,1.67076698477129,0.0370865819422027,1.50075352375439,0.102282141494358,0.33476317184806,1.14706676714728,1.45446954435559,1.4447115586388,1.99096702165199,0.899633484906348,0.779045598203884,1.88677022967438,0.285673842444398,1.59398294685301,1.32130291285004
68.5,0.149911300218285,0.669589293801179,0.957903142580863,0.244542159049984,1.57960106832072,0.214203072822698,0.744059350694678,1.88261374772544,1.40996823461543,1.45403266860373,1.02505290280592,1.24098624625443,0.906766325058667,1.92351956111359,0.522561560729387,0.345754947001095,1.88908557494675,0.836806355182404,1.76199760191996,1.74804937603043,1.13640966704409,1.8168964033151,0.984039803009721,1.9554346884465,1.95943581157124,2.01065357919654,1.4477515356831,0.265028753745416,1.81897289624402,2.08765487895668,1.76156375971892,1.5958643878581,0.699249468272956,2.08479514235228,1.41758104521616,1.4719321476344,1.54074649346526,1.42047345154788,1.28949341414539,1.98960717579449,0.0659691309921909,1.77502985293368,0.365966806501121,0.48897685669482,1.05579927676138,1.66693977307354,1.23978382658666,1.79896727614365,0.803223637217606,0.785969335294893,1.9964044359947,0.331172277243645,1.68682323500677,1.30677662273011
69,0.210893644161893,0.463844515234159,0.693846734114936,0.218115885132188,1.39961670819916,0.25620506862234,0.612008556025256,1.7277769434466,1.38019057256696,1.54537017248229,0.99095554734624,1.20866811058313,0.87441956456513,1.88307174365747,0.544075761499008,0.369323987672814,1.78823544221367,0.822213685248419,1.47435315407731,1.64049656911826,1.32825648860774,1.94658966361489,0.860095226514648,1.99928942874669,1.99338988854187,1.8949559407426,1.45866252728412,0.196904888645132,1.78154008488708,2.19428125871694,1.81828784194136,1.58413263252846,0.968662981123717,2.21411467720992,1.40525823508216,1.58950011395658,1.78759403296008,1.50088324893979,1.46522344984608,2.28125316222229,0.100855982874851,1.81007693829901,0.427856114785611,0.588256951880513,1.0083217925196,1.63955673592448,1.1136443202669,1.61402987155896,0.66505192059326,0.577176619140107,1.88371789173408,0.266639905752102,1.72935353987636,1.23228433701043
69.5,0.166664824171081,0.370134348680768,0.640838817421673,0.211741644377547,1.29398237170957,0.276826122725123,0.575030632851152,1.63600268432046,1.21135075442503,1.3302695360559,0.876141355272298,1.12610597663325,0.703634638604699,1.61468829054777,0.353669300117563,0.277940517408148,1.51952805615961,0.557723078308294,1.10418294367765,1.3503740902014,1.24689433740843,1.71971325812363,0.80618239043975,1.67645889220341,1.70029956404661,1.69284180964485,1.43856968327148,0.278336022786331,1.37719152653241,1.76221842426811,1.5886342824425,1.45997972538429,0.865404797151132,1.88941112048938,1.15983947239335,1.26538848622406,1.52425245451358,1.14847900874223,1.09212937667754,1.78585602459383,0.031055987379042,1.44688216623256,0.466653467145104,0.413322067959969,1.01872923439115,1.41186080083721,1.09034908267495,1.40790075231556,0.543372088971937,0.340890327574016,1.56121414783814,0.248728253782725,1.61344255363172,1.18440210568376
70,0.0378632794745222,0.422373387711878,0.814999550902532,0.212713719011841,1.38762310796528,0.200996422097624,0.716376493251908,1.53688003332454,1.20292533799847,1.17752551087604,0.888714504927787,1.03212438727933,0.577835324373742,1.51013870269668,0.336899600545162,0.469596121444824,1.39785226605605,0.508773490416076,1.04062082067472,1.12258341983144,1.06351274532367,1.42787528741405,0.952127906292915,1.46852110532445,1.56367544289343,1.56724568754563,1.24798286103079,0.149280620546844,1.19326087243957,1.59444405533411,1.50113173462577,1.41770424349376,0.590143465367309,1.5574280764762,0.780202906830678,1.00177710973076,1.36955358088784,0.957730832402628,0.798469909001618,1.47096210373285,0.0391670551328074,1.22310442292684,0.514867843628196,0.559810181465764,1.06422980312291,1.13495362199627,1.05692947636098,1.1857401541651,0.390887867462468,0.430071710412892,1.45783487343419,0.28168975802997,1.52171752901289,1.13834165466603
70.5,0.176435999395067,0.33855238028554,1.02156870549389,0.394208205350348,1.44391111674087,0.119519360423206,0.69803754807012,1.15602264572264,1.08282695858005,1.25778305920157,0.764263739405181,0.866956110195443,0.726933996485979,1.42401939296116,0.411782335205595,0.62822447971029,1.24802998639143,0.624774776371741,1.02771594692963,1.15955974098108,0.905574535157176,1.16820858239068,0.914138076194451,1.49555280832223,1.50611413277382,1.4392498323318,1.08381588478237,0.163566796660705,1.22733492145502,1.55151534294856,1.32009561159606,1.27076290746929,0.552587157155394,1.57736896170938,0.710173972932161,0.695910771814484,1.21548831183127,1.0082715975533,0.89863325678192,1.44451896916276,0.0672569394944661,1.17419796372055,0.734246333094691,0.670749466647034,0.766714806278503,0.867250995148716,0.835402010327349,0.806386009833781,0.205453571664613,0.559989077591866,1.37000172193238,0.303409040161354,1.3117858560834,0.933229833042669
71,0.220382818880084,0.346494842663395,0.782073472762578,0.326321918346475,1.14185275887056,0.158080887107101,0.561770016674327,0.617472041105182,0.941421751003361,1.178767744877,0.650239651250268,0.804038942606095,0.579217683068553,1.10186943815553,0.382639338908656,0.750623268168479,0.838429068619605,0.625533548075426,0.676629544412577,1.05506319650498,0.923395097881899,0.899763022323294,0.752352131282237,1.39255047327388,1.30749439202317,1.192887868925,0.916941946454863,0.24562134657722,0.979445304049676,1.40468664687613,1.11510127370968,0.977798298752984,0.551474966592452,1.44510121666895,0.701113268646363,0.498467590664408,1.05639903408701,0.886876101295507,0.869625300823525,1.40565406382395,0.163197354022146,0.888769678965215,0.804438666438344,0.734375999037218,0.494566739559832,0.494344752982774,0.54397803364774,0.380167518063588,0.0903518473220333,0.435274535841313,1.01968093704373,0.243100488188959,0.985577577845942,0.545580159393789
71.5,0.217994759084062,0.269444717597026,0.653473857795803,0.312650951249504,0.742005333022785,0.208859862448426,0.541577319452005,0.145290624052628,0.524665195632182,0.776277225486444,0.387946315573756,0.553991933226175,0.392757940774556,0.457254881443337,0.325325718502513,0.689900691303029,0.416396696085035,0.533735520266788,0.496767388083264,0.757825933508786,0.662329180107965,0.335536925748262,0.610822084561177,0.883915222599357,0.770486519140054,0.71298232383361,0.656489641465305,0.390947711300371,0.47613812901736,0.794518923865712,0.559046676984736,0.445736555158684,0.415988429391493,0.960133646644415,0.561999278491857,0.235610019248471,0.530969898168312,0.648097563929829,0.587578417113767,0.653474667250285,0.173798597285754,0.432769161769934,0.653866718795598,0.403008277169509,0.187086973756585,0.0349674546556332,0.340241432991397,0.225260775359622,0.144839632695525,0.135096422176587,0.425758215330834,0.129569591433714,0.444668781812448,0.174687697902202
72,0.285351421442676,0.0734111668646707,0.562975113151625,0.314763471732868,0.321596172750035,0.174494934048888,0.554488353784345,0.694157097880469,0.383947411553058,0.317856928686974,0.113996621812242,0.149694842187251,0.230772883184029,0.365234659698395,0.405581266589169,0.568016751611251,0.56931456026948,0.547757288565698,0.621869622223019,0.446701635491029,0.305149316433539,0.207703546959146,0.52340772469172,0.327393676920009,0.235958183917163,0.238985961571955,0.230498090612558,0.315126163925397,0.139422368526186,0.387676659148404,0.238776037495313,0.128925211908318,0.210728227705727,0.201416093768991,0.246046184407648,0.331871795726735,0.00631812157904164,0.328710265571811,0.256806852438364,0.125347180281953,0.168147263973568,0.368936226557094,0.383200341614691,0.138768410341455,0.312257908161819,0.316256703173302,0.431809338982545,0.585096880323537,0.221526111662656,0.12047981982586,0.410596229205134,0.109214287612896,0.190593571355939,0.478884585746359
72.5,0.20447726348521,0.120473369668163,0.606913573408877,0.293386942472304,0.539596068211171,0.14901632050045,0.621125638015134,0.986583400779842,0.602382847124595,0.25452348510892,0.278550601522459,0.40191298013781,0.309542038262748,0.833539097831621,0.449808456895295,0.47472584139144,1.02009326515235,0.647953633735331,0.950486791007659,0.767854365922844,0.273353282044418,0.569747662793376,0.63858550522046,0.534762874949014,0.515745579956979,0.500944752038949,0.135614109534237,0.336383944697829,0.494471172039682,0.567250274103187,0.542353164415042,0.554471636192364,0.0712562422371521,0.507676081953849,0.294831667287208,0.4303271384537,0.526320496447627,0.439379689530256,0.362753518608502,0.746008159830214,0.0848999345053605,0.699293536490783,0.221473943568602,0.207092689274876,0.418967002177262,0.62134414158314,0.568440433970448,0.753395294663777,0.233875020206672,0.346076663545899,0.836911986821602,0.0917429005000133,0.616715953564906,0.745874757748681
73,0.252145499432296,0.189976031598047,0.658656443920117,0.321185994606537,0.795819386675658,0.134737908402805,0.67045651975896,1.11201313144347,0.954063513404028,0.664528765715503,0.518872686793955,0.639894234368921,0.438196171431157,1.09010438861625,0.46247656576701,0.449321404658737,1.18760650916251,0.748603871287592,1.09054559697074,1.06669900173815,0.510350884176469,0.935183259749308,0.788777807315889,0.965703437729451,0.922307446560862,0.833643532315943,0.353610023248632,0.310391217222558,0.754097612552395,0.972273311604081,0.912177787514126,0.877596525579911,0.23512600073931,0.984315446250664,0.442973928483283,0.575554804902487,0.960225748697873,0.762901004413248,0.717641675532557,1.32216519006697,0.14248314227474,0.982035565315466,0.439181047792106,0.441772801797059,0.52782603997014,0.774144417442459,0.664664316186709,0.868473417070421,0.273500031548107,0.40399568230045,1.12357092603208,0.13234753253672,0.911379333384969,0.899490125466735
73.5,0.256922627266843,0.235320040791059,0.715039005146269,0.333761803518661,0.996671733558607,0.1378191848638,0.69180807601395,1.08747432324586,1.01842901879014,0.765548555353223,0.535207437681518,0.745365635093682,0.550802025499305,1.07431042922938,0.394455911578692,0.448164569869255,1.18152630499732,0.67182961423062,1.14174003148152,1.30020609860195,0.654747447376065,1.07126197302685,0.862705668068564,1.19127859144983,1.09896783058259,1.02445427067965,0.50443286617211,0.287130056156809,0.852464914916983,1.01499608277232,0.945311675658549,0.959647337084122,0.29084476613163,1.19644226170351,0.579196615178138,0.611355710702048,1.00744790557229,0.941519066166483,0.888120554929213,1.36268191399798,0.154670883027629,1.05917132355028,0.514106066097357,0.421084464336965,0.498566179320875,0.816204379547825,0.630617410401611,0.875396925542245,0.313106225077866,0.391277629356554,1.17211980194175,0.183081890468074,0.959084735534296,0.963915713618704
74,0.279003822650718,0.249146765466041,0.66823701564024,0.309182557556571,0.982587667908523,0.219338282474785,0.655471253350196,1.11734054570736,1.06731463716241,0.809423693929285,0.513105410899988,0.726407247828204,0.540239926316641,1.04419493999023,0.375128555277475,0.388958106216274,1.25319634882461,0.644691373694721,1.08724138479503,1.25214134882465,0.716661445345675,1.22351057472601,0.827851422221407,1.32414177034953,1.19856371314367,1.13618613259231,0.575737770422365,0.229658351806835,0.994407763317969,1.11234977684289,0.95713211158428,0.941495130800167,0.330546910455802,1.19290770175743,0.571595505294306,0.660505698570271,1.03040166533152,0.993339926778223,0.985364621461989,1.41248176716853,0.157759802949697,0.972357205908658,0.385407511205638,0.430396974110039,0.497501301581555,0.856183330338124,0.640095262411232,0.951295480352563,0.365648624593881,0.428352582671038,1.26829561611789,0.248599269248877,0.907718080092658,0.926551524567487
74.5,0.270137432885591,0.315198693854272,0.623977782087861,0.320417210735235,1.04101923116196,0.248653322267532,0.6943147838336,1.35396509909195,1.13969010606696,0.828214672546254,0.535178659361846,0.782953579430333,0.47279118282578,1.13190611258068,0.334889398189415,0.305660117812466,1.28764450547367,0.616659784203706,1.13114806662806,1.15313480790252,0.7276025023228,1.33521654331176,0.845584555270002,1.36404066773132,1.27896400821088,1.30105148083769,0.72265642031726,0.187138165464956,1.10947917775037,1.22966279500454,1.04040589002462,0.921397089068917,0.286176616897132,1.14214110729492,0.643789474422448,0.704771089837521,0.963832678613016,0.907029805858736,0.877320268149326,1.35882966676039,0.0838484335919091,0.956908913558887,0.234493334797564,0.430526849796287,0.650304691821105,0.870375333899491,0.735393136286364,1.13279164868576,0.427236170503426,0.471179000280523,1.35989178808102,0.231305358901908,0.984742061744531,0.990324161153435
75,0.302217226027934,0.248870843843526,0.748584173986689,0.354345755171651,1.14471888208407,0.190507143437855,0.744720038304833,1.69274807402986,1.23217023003215,0.935555253243139,0.54403288142771,0.799143689282661,0.607440112283299,1.29595015588893,0.340227749556622,0.314312781220782,1.43883481965551,0.669285053291823,1.38524248819749,1.28945835053942,0.70924067331659,1.50139736744895,0.938241495270368,1.46746961068007,1.42794677773017,1.49542659872502,0.893081154067057,0.171472442462237,1.35018542023228,1.40502018009861,1.14190507520099,0.981836082987524,0.356582549707394,1.19626107245624,0.75957685339426,0.76395730213674,0.938274896846498,0.935082779229238,0.880115122370202,1.33354092213527,0.0178769677937644,1.07868946886712,0.201349138051327,0.452448985776511,0.807977513918575,1.00833661140315,0.889278874659386,1.37102950389764,0.486512247159985,0.563591191692624,1.5431142945667,0.252982544707675,1.17002057827863,1.14593756334684
75.5,0.273680359219725,0.317239228166056,0.836074800730943,0.39230059777975,1.31864544614225,0.195583009988124,0.873951525903831,2.05968762482887,1.5335619109532,1.12105533969258,0.724849870647422,1.00974472267045,0.671948169932571,1.6436178476779,0.465174562059001,0.400770995676659,1.72471934808741,0.879406503865974,1.66093524138367,1.54087863597297,0.943205303741114,1.93426637842503,1.2067454810846,1.76761286531613,1.75611686508003,1.81669437044952,1.12171997282282,0.23735242441644,1.68519535322162,1.83342172215834,1.40104184314364,1.22042642923427,0.399709666819634,1.44055495383038,0.860491416990476,0.951232864871711,1.19435968737438,1.03856440815593,0.952295174752995,1.6583754508282,0.0608411778916766,1.36875958916174,0.256328794715522,0.650735285975253,1.13216661048372,1.23308051838496,1.18825656187171,1.72008360421229,0.531885271173107,0.746336391366722,1.88705174705733,0.284077760594494,1.40945038470645,1.37296711244375
76,0.250260936040889,0.443412594495936,1.02889017024433,0.407221878662275,1.59080023611808,0.258099401244926,1.07262852632281,2.36270610894176,1.82975259759667,1.39493115692141,0.898818265605258,1.23147070518687,0.835117290865584,2.07073254698152,0.601621222282949,0.443245236760675,1.91065632383672,1.05864871531363,1.9588643384061,1.89294143282766,1.15653287289631,2.29782710084415,1.55007825411038,2.17170457077817,2.16292421833685,2.29566952201493,1.37775397901719,0.270606824708508,1.9664605219996,2.25980665005761,1.71479869572973,1.49544797171254,0.534417144042881,1.91676765082002,1.04255423917687,1.13714788317822,1.45102596990325,1.25591468701705,1.1492588082799,2.02301727661784,0.120976806850076,1.75171124042582,0.403013903505087,0.849581255060293,1.38314128398755,1.43687825159087,1.39867574275963,1.93600401021574,0.507883373090185,0.852070833306549,2.13894115285462,0.33226459742774,1.71168267145595,1.61957950685418
76.5,0.26932077661377,0.571627770295325,1.1795456891486,0.372092752127563,1.81471029439534,0.301460549062039,1.13502269891569,2.42317513466208,2.01723559179072,1.66183839396952,0.966558338975015,1.40778505275094,1.00048363776644,2.31599878877709,0.753844918328744,0.592234287247833,2.07874081553924,1.19374671694504,2.10116402957264,2.2740688711945,1.4073539920828,2.53861955685602,1.70508217094272,2.50441880429025,2.4323216979529,2.53527969350328,1.56583259903291,0.289326660506641,2.13427985354493,2.47320622870491,1.93199040501695,1.82035388091971,0.671084550393549,2.27765607618626,1.18220367086617,1.22301683039132,1.7568086069732,1.50031696919317,1.37167109520572,2.29756617070532,0.147617064222119,1.95661571046302,0.641859526231132,0.984893851088562,1.44299174942074,1.66567275110128,1.4361056020398,1.90638634281271,0.409765888295349,0.914895425008799,2.32248960667642,0.347403542119531,1.89569557178599,1.73616586860171
77,0.241159656449704,0.607076518416837,1.20183456728773,0.349306071388643,1.84544276977804,0.317524349523537,1.13884264953504,2.28374621065098,2.14115289927154,1.86180154279892,1.0163291225991,1.47757627998095,0.97714152163953,2.36956424592339,0.833282508549356,0.798415088077755,1.99444665426017,1.24012689162223,1.94823963550059,2.27626124747888,1.62267681618302,2.63992902080194,1.71966429664182,2.61382915862304,2.53156149953284,2.58873288100028,1.66641443647977,0.355960068570149,2.08295165225599,2.5991684794557,2.16788822804154,2.04780515527848,0.726936878494603,2.43607648552556,1.17157222796178,1.30751256015857,2.02429224731388,1.64078487808714,1.51248452668347,2.54405581513748,0.162836382148174,1.98492468507672,0.758549705469641,1.08944513886905,1.43030207327028,1.65064270692856,1.36596372418725,1.69751315283836,0.272720843538454,0.858749989072123,2.27236921521048,0.262188303779927,2.03300880050903,1.75057983583138
77.5,0.262990671133081,0.53119417912134,1.27030850496313,0.437797751860179,1.75277699729169,0.321960511545418,1.0544888624006,1.80687049514466,1.8880759841408,1.82025857068722,0.882480175648872,1.37742870152355,0.971997779245376,2.13129321750906,0.785445479721376,0.861104095171584,1.70331959796219,1.15565229564928,1.71284895339946,2.15630245759007,1.51023125783141,2.3138616277989,1.55470995406826,2.4472403289611,2.27467439263263,2.34593534471877,1.58749029172998,0.464185945686295,1.78679500520673,2.29802266256818,1.9865991424393,1.96928160300585,0.70896271527299,2.33134024147156,1.10778513272488,1.07869090317925,1.93091948358152,1.68759267313473,1.57224725750306,2.33522463373058,0.11776177551524,1.71726763307449,0.839822984136321,0.990154068094154,1.12217648849953,1.48050030145472,1.10421533418322,1.2052038045896,0.0809232062694955,0.705934154620899,1.94866251001589,0.257155374792629,1.8250811940246,1.55941855453241
78,0.239362921415374,0.462889712952151,1.0924254409904,0.435626528987173,1.42306120856422,0.294126257931582,0.910517324650018,1.23202092589543,1.61636449900924,1.61839301208471,0.748960098320164,1.16544560743241,0.772735821531523,1.69660174769752,0.724122238525478,0.945844681926711,1.33306084778014,1.04369534175732,1.32292492834082,1.78383086371404,1.38963547105197,1.88541125186375,1.28954263972673,2.07883644317964,1.86924047427591,1.87065392552159,1.28459482860014,0.534579158494669,1.30669379428224,1.90183124544935,1.74816559952071,1.69089172814848,0.515369045469769,1.94154385171821,0.842478814920052,0.845938592383795,1.76339054486087,1.4686049314926,1.38635482346839,2.06561594732176,0.170758343109931,1.29780767606971,0.788764747175723,0.869235636512689,0.820176716773239,1.20079556172578,0.860724527016077,0.790252001580252,0.0830695931926189,0.473700765753169,1.55419149921645,0.193447122490771,1.43580196085354,1.2578872547741
78.5,0.19392847305316,0.339732503591167,1.00462529296672,0.476751831860042,1.09014980841598,0.235607072812434,0.769604749979035,0.838799695592958,1.22644605971727,1.17050871444822,0.440448147244796,0.761356013261976,0.614578622382114,1.24025370595626,0.640960257317672,0.864656247828847,1.00348010153322,0.889987854573455,1.1257695339741,1.34247427647852,1.0441262812168,1.35108730583533,1.08187981708042,1.5035259145333,1.3293628082903,1.40548575875871,0.921516421915879,0.644448113999905,0.79698561886479,1.2245996404886,1.18585541920895,1.2341503834368,0.307987425893645,1.48533811538922,0.585174501913813,0.531527570855374,1.25681303803109,1.12254048005822,1.02547096839387,1.41458161921406,0.142396878262416,1.03016754743497,0.653362362836858,0.555372698422027,0.474542469174879,0.863021026677141,0.741447442912264,0.707938024673489,0.213544134391305,0.295559063271344,1.18637995989114,0.153360869741105,1.00502469926648,1.06026068974993
79,0.163739428762702,0.230331669267641,0.880613935678174,0.461375077874859,0.84813044076736,0.144171796226426,0.61603816049007,0.943161952293758,1.05067034610455,0.777108741679247,0.218426008920815,0.465555631222447,0.497991631431482,1.04137462340649,0.554493011412099,0.671306713621912,0.966030466571445,0.791084296364471,1.11826514505773,1.10496727553368,0.808563124524214,1.15205314636407,0.907092718082686,1.13792564707823,1.01245560099414,1.21372031902393,0.638795881834126,0.541094480581599,0.754889752618796,0.896935413779518,0.728544414224218,0.92434225844953,0.179477575815755,1.12989262473247,0.383090922213773,0.407405201569734,0.934679079907161,0.910548504291894,0.744134845203856,1.0377631092517,0.120246990723896,1.05471177500843,0.537495184820788,0.359805979914011,0.236376207842074,0.720775757012424,0.778284862792219,0.922365114775305,0.290321854432328,0.368428597272133,1.18566786346695,0.180297620627386,0.837863554240229,1.02091719629495
79.5,0.0815413653457952,0.307049627890656,0.732106738918141,0.315103487667869,0.907579810719124,0.0551350885652662,0.570904059872358,1.133082957842,1.0411836925027,0.682658824517432,0.396207919147389,0.615929483842441,0.406182945835272,1.09867533375877,0.490471429485058,0.518194615814942,1.11593965096114,0.709516639871366,1.14394665907052,1.17584153188935,0.868962053950257,1.33622116013144,0.926401762952551,1.19631237534294,1.13839266870654,1.33132809439318,0.734847059707478,0.469864915741858,0.999284616635214,1.06056185024254,0.748153819355532,0.95182242739136,0.164127326826829,1.14976397614371,0.532625130355871,0.573906436578735,0.998606187616213,0.906967364810913,0.639851315748381,1.12861369296099,0.132405284450219,1.17190633084998,0.474890396828908,0.46713700364766,0.47494075248876,0.831570200313961,0.828823088361657,1.04468232766508,0.27787357681877,0.479585552332148,1.33764928803775,0.213008920665386,1.03038797439549,1.14059348430033
80,0.136275738909836,0.286440598898025,0.74215978122168,0.262716268739771,1.01407166466153,0.0119487643772457,0.576175178601691,1.19008483487521,1.09543303524701,0.96305236531263,0.51660115220337,0.703465224768847,0.507835133671949,1.17395743624075,0.467865668637153,0.439307026752509,1.09665821403521,0.650945741143983,1.12858350280272,1.26137029584859,0.927674461464936,1.55960752767049,0.915921953997126,1.37807451666048,1.34542399244223,1.48130045774654,0.919000322017665,0.347421671629397,1.19795891723696,1.31044160171497,0.970512775419187,1.04388778580336,0.378354343765172,1.36242644694223,0.621153915641325,0.776749320358359,1.18565924695587,1.06154961647789,0.874467028028538,1.37166845793791,0.130367146955416,1.27201678916141,0.461603395438206,0.613702917833499,0.660007514301785,0.917183375247722,0.777330862079349,1.03284095054381,0.23488383192972,0.500822485756539,1.37313541737438,0.259066207761845,1.30239081941364,1.15284788014625
80.5,0.220750981708644,0.301895839678554,0.64103802225686,0.135146990162492,1.07186072413044,0.0670039112444303,0.495606018415056,0.97331148742332,0.960211860900224,1.02188029451792,0.541628649407889,0.80266753956932,0.544898246242846,1.08732053393759,0.378928316129401,0.45782687059192,0.942616928204967,0.551061429779365,0.978092081769447,1.32915733915136,0.974529329717566,1.46502735025982,0.786385336526629,1.37675027621669,1.28790619874683,1.3941681022768,1.01361290156961,0.204754240729264,1.1189189337278,1.25151845701031,0.957083750218874,1.05899317995102,0.371612516354992,1.36325264224228,0.675782047851041,0.750554420570364,1.0990843324951,1.03176121011304,0.906360615343984,1.28418304447565,0.0919245330366421,1.08194770785053,0.427408750068956,0.587038979410054,0.757092848136336,0.901972674388988,0.597741966518517,0.808953203603268,0.154746151118874,0.457238730085725,1.22378798997046,0.267093638928825,1.26986780029494,0.969045478619909
81,0.270117790043019,0.243301620001754,0.412463268696261,0.0571316398749389,0.878893378108269,0.101955771961784,0.356954394135715,0.662691546440354,0.737356921223219,0.978348833717368,0.524297690774161,0.669256198638901,0.492013600779186,0.890352150272019,0.278636246080229,0.504890952009731,0.641626761683689,0.432499719328202,0.681479204107705,1.07021783457899,0.926729616436301,1.27411661648894,0.610210370145999,1.17003331996603,1.08382153236783,1.09907452096622,0.864496334644022,0.142064302567586,0.924682437706962,1.10873889914173,0.896911402202251,0.901784112897756,0.373344154326852,1.19403927199566,0.557995196852874,0.696939713890871,0.949385277432852,0.887809821772224,0.857907234306513,1.15979994938837,0.0525291498699936,0.788704729604119,0.279904125015838,0.539061579771852,0.709111760524932,0.725963170840969,0.374861516024372,0.5515524480021,0.119393864418869,0.3425945492845,0.920869869038388,0.247832492455972,1.11409350591854,0.700996380796718
81.5,0.27899991227299,0.205648906824988,0.164331990361735,0.116286078204257,0.639477842624736,0.126948955945606,0.167171929330935,0.412460711505146,0.43450990305872,0.695693742215475,0.425614762654842,0.501537831845656,0.391601233426601,0.578102710630374,0.134516469563401,0.448370756835575,0.246676872070096,0.267587052472914,0.340684382829646,0.72434943806128,0.732380641187105,0.857033708749143,0.326913206766973,0.774161378387797,0.691393706842255,0.753573372032063,0.694463062103586,0.152817044662221,0.569953297692719,0.686964365143703,0.636959758036663,0.627537135655224,0.262056214530442,0.857078201933717,0.454654451101895,0.410209640424475,0.584769766916585,0.604582060110682,0.642590359409029,0.804007163869552,0.0617434418700731,0.421620208988031,0.138259260670452,0.373160120245413,0.524105241668409,0.446448652622169,0.0953021901768983,0.308921796220458,0.171389140280338,0.193831176242748,0.452934434531737,0.137672424255328,0.79131891747865,0.390269468310072
82,0.204145002641238,0.164283977079702,0.137006280505884,0.184163582520775,0.347567899429722,0.101434599256993,0.0492320964936954,0.454337608706945,0.149590756008466,0.433476946933738,0.32148801596358,0.350327622450202,0.161869570517043,0.387673524176399,0.0575362706361795,0.345744196048767,0.151847633427058,0.140766190813172,0.0569230547733309,0.341618297396656,0.491185018077083,0.504077093637728,0.0699786001302287,0.361366017233918,0.331973256465416,0.404329387237614,0.495683688767324,0.172240662894611,0.278988672838611,0.364383257221427,0.392330231998001,0.35717776659242,0.227374720139162,0.548362130218378,0.348616984649214,0.286567799745622,0.331143706895681,0.336884698103534,0.42193005382905,0.533294061585216,0.114984260986218,0.394792591087648,0.103017067349319,0.209246412299253,0.365106346877551,0.262428707958374,0.187083136975429,0.375944734177463,0.226641016102575,0.156208112796777,0.182024175552909,0.0489675100584695,0.49961181243623,0.134162432461356
82.5,0.10384992233579,0.0968933824111192,0.267897008165699,0.168255304634092,0.258735265521788,0.0721230262254644,0.168176246453503,0.651747918003631,0.220399579034701,0.337613976213131,0.229012933487317,0.23626002881401,0.152757468425239,0.508496089056124,0.16955963360387,0.262137592070341,0.498734981132361,0.214378725744448,0.356063528310134,0.13819250277752,0.238286749786719,0.401173477019462,0.291485281774164,0.284318310896013,0.304580114891719,0.368389273547845,0.37301161554307,0.210144001021198,0.371527728601054,0.427037386506618,0.290069159397115,0.345558430375498,0.247465350963482,0.535075288774371,0.345919267710445,0.375991481724034,0.405017777612436,0.290016840465042,0.294685458411769,0.512604417181194,0.143343515842082,0.666018070803057,0.169116980654235,0.135049299499171,0.382528117691927,0.411380799462873,0.404980082369818,0.606089313024852,0.261555905274768,0.295770701208728,0.51637294989517,0.0786508024979539,0.407836013247076,0.243464589031098
83,0.0920285850244926,0.125923382559471,0.314836143297577,0.153733556225812,0.42679342335716,0.0430497257960358,0.256303105136937,0.837478726766047,0.46711174718808,0.492214183073424,0.218515069398154,0.283348695601295,0.309666820762309,0.699250538229056,0.261754991157699,0.171088093922019,0.718180255153678,0.354537597681481,0.543385859271394,0.433705090229975,0.180554040515598,0.590414928430506,0.465685853274085,0.580291487058769,0.589605268563402,0.666114725531641,0.425194598038247,0.206114349662069,0.628702457278011,0.759853308925355,0.531644671594552,0.5814117129059,0.252004472250285,0.784011780490887,0.495137973358249,0.550834702169539,0.663514140691268,0.518149708008402,0.457051436879537,0.774970326883522,0.161601023952034,0.895745233243108,0.20993850734721,0.289183792615059,0.521650870745665,0.62214292969999,0.56830907732219,0.789048198721879,0.271279229709239,0.39291253621997,0.810401471101066,0.0999741020594326,0.598453905755004,0.471848126311162
83.5,0.0912802496566727,0.181862194794146,0.279385124218006,0.0681265608008255,0.607663915028063,0.0333272094121262,0.309643271060506,0.895249825021502,0.611085600855596,0.602485264369569,0.254053266317561,0.444394391237376,0.423706732125976,0.859471832384325,0.295758441871223,0.158607650808525,0.852455285202614,0.383467619598965,0.60738655097531,0.714513182616007,0.360790670598264,0.777225996077121,0.58646539501628,0.814735461450941,0.807048926282152,0.886043065236785,0.553393672208683,0.205466841326139,0.825152237667931,0.93212761775243,0.707683740463746,0.804990496301268,0.307577145452642,1.03015772019513,0.605886047920972,0.607018279713499,0.821362275045865,0.711614668962018,0.683017068332963,0.999313440370903,0.148082965333183,0.984009591205416,0.258714440930221,0.392520736666683,0.612792891753806,0.815273127837124,0.645016819500565,0.850804762011677,0.244953470491238,0.442614770264378,0.988534762208878,0.154261006024621,0.763291670842529,0.657952169095
84,0.0984150966551195,0.206735982356085,0.295593682999996,0.048382579141451,0.674467125120241,0.03025248826717,0.354400119792335,0.887794623574653,0.728085094667353,0.708672532033681,0.34577628157879,0.57657731904449,0.426976312617625,0.94870710177433,0.323344576768544,0.248567551639697,0.877915839787304,0.398553831428826,0.563026458324394,0.810236927773917,0.49858708531306,0.882095600400031,0.652712073257679,0.971394559433069,0.97633818742155,1.02435103781489,0.640434065296167,0.16920533939321,0.904951894436292,1.06761689400587,0.884471057791089,0.894528391990192,0.375998714975375,1.22884476983463,0.647497275150864,0.659154554968393,0.953625667934538,0.793473068547235,0.82976782185212,1.22886325055595,0.11542583658016,0.980157230101263,0.242498938728205,0.478839598388133,0.687529797071596,0.897905594806563,0.651462317721234,0.840055857889843,0.186792940665641,0.36708485337475,1.01923610490287,0.177833490060054,0.896811368431446,0.783881992032319
84.5,0.0981798865187751,0.196090120625901,0.315393770412493,0.0939952205161815,0.718055407579883,0.0256542176878542,0.356434911179994,0.782476019806266,0.740358196859208,0.67226303814055,0.373529991397282,0.652365600175995,0.441328944076124,0.866993161065152,0.35600717130324,0.365018057733944,0.823373549097603,0.376749892306501,0.521893478628965,0.866667728879346,0.567074348704532,0.825136181928031,0.630962078651988,1.06116436718632,1.00061269447087,1.03262721524006,0.677161175762033,0.13724161261741,0.865944611461093,1.02840055424575,0.85270504078909,0.829226960050742,0.419373969567794,1.27017459914206,0.656660370068176,0.510847158355974,0.890526986029998,0.780928814583021,0.806830536399635,1.19246125038313,0.0209015202124371,0.82760346722719,0.280212689056498,0.460081254504839,0.676747127185536,0.900416283960637,0.537614858308127,0.691334411574413,0.112694072946628,0.21003019346855,0.890488507109328,0.164569750006202,0.891725954846708,0.771793112307148
85,0.0260169085704558,0.240157035174111,0.323486276416387,0.164963705490952,0.659635322784054,0.0252869145579508,0.398100670005572,0.639287718214918,0.75239980282156,0.617725304258498,0.409071772920316,0.624372709563572,0.370287205127649,0.74747211603394,0.390781651995712,0.468801977223507,0.781107739625695,0.375188198915238,0.464263738372923,0.76871706526888,0.614858830632995,0.77190860009095,0.651356661464599,1.06248088027814,0.983648372859899,0.940268286885452,0.595163912349172,0.259570515526115,0.737206977047035,0.966218941703003,0.819905355091537,0.715620861578662,0.387609653115988,1.14504533000918,0.551935915519599,0.375282553562385,0.83739898777283,0.702803134133674,0.694505949445002,1.11516774428375,0.0862400768152949,0.647895787057551,0.290441912324292,0.452201518227617,0.615960593595537,0.774974264339281,0.466825765662818,0.578414701376281,0.100428697675107,0.121219579411178,0.819611089047941,0.117239824193389,0.803029275995208,0.719630428466836
85.5,0.0696969343794576,0.174114213859113,0.441228066023229,0.323751638742363,0.554109540651015,0.0686473672687178,0.426188791006942,0.515174666653297,0.652558375013811,0.472892302828625,0.275017982864449,0.398936415712669,0.374634223956208,0.662724926927883,0.385301855682169,0.446610270688441,0.716517023269883,0.391018164262645,0.453021590991114,0.633003526758965,0.511457708015958,0.688337726871887,0.671342253020095,0.942683586020303,0.814097335974495,0.765803868736979,0.452625187624221,0.381990228132463,0.570874025538119,0.823960926719979,0.661842024988536,0.511397264199108,0.351872778018071,0.986438805200564,0.39848399778858,0.243420504307867,0.69595513836179,0.609865741934551,0.589300386691844,0.914443090945773,0.111086080141239,0.58463930674424,0.315198571066893,0.369622938303562,0.322138871504584,0.572768284347309,0.470249574789906,0.589127866375495,0.144605663739562,0.167600976768688,0.801745862306174,0.137759284208273,0.597048030931083,0.675478744110198
86,0.122399358448383,0.189834757813454,0.490702722082672,0.356536671418337,0.440982743531728,0.0502965511888856,0.4504813013637,0.63100579342716,0.594691732014999,0.276797958901219,0.218473064802639,0.362642284308396,0.321686025686976,0.718189933126504,0.401863996669722,0.471740110100589,0.785630787066984,0.451146217051668,0.553332540403895,0.685094311885726,0.49031041821866,0.696738088953711,0.70775208919562,0.842376191709068,0.641369519744805,0.597772761913851,0.233812724890262,0.419000446303058,0.508162896664418,0.7491492919678,0.533644640976665,0.470108559856378,0.174925631089796,0.809721630110939,0.27909366051956,0.239402343876748,0.606791161717472,0.537062980416956,0.456732571924824,0.789647359430395,0.129162786197209,0.710431950645328,0.388122884420282,0.3177722397997,0.232366950694063,0.539681165242089,0.562320675782618,0.726380351016717,0.204538849545148,0.333938100496679,0.931889048579692,0.193777841237139,0.427656441363703,0.708504264437422
86.5,0.148848179534925,0.262011161660672,0.601796741410024,0.419062525202493,0.558733042536851,0.0310846813729124,0.564767338260516,0.983561223500209,0.685021623426754,0.40386835790614,0.348507411816423,0.535047130546547,0.364824066273636,1.01773955541925,0.462206477556031,0.462717793953536,0.966838684785503,0.565921210110859,0.798896053925398,0.821544936961348,0.479781621499658,0.93998494211831,0.837338596995508,0.901100911388009,0.652450708078609,0.717216497884953,0.238884915811472,0.455426709358464,0.712207023647766,0.903753051698361,0.644256610336992,0.665805889226668,0.110224538481854,0.92428706205673,0.356588890302517,0.454764734807848,0.745424024812768,0.657529948468837,0.566936927430625,1.02374444414026,0.108386168208917,1.01085565093526,0.439761739067358,0.387812442575767,0.426051399151465,0.70903522914072,0.757517957890261,0.951923385577148,0.257313716935676,0.550932186274363,1.24818373879398,0.20408929328434,0.715523339842054,0.884470405684156
87,0.197789857638086,0.312091312833749,0.737258769586676,0.396305053645883,0.875036509244212,0.0782588268080485,0.654147828822282,1.31297758547975,0.945657710543901,0.718008101835188,0.512767526175807,0.749215750716926,0.557973843895767,1.36241132973868,0.523107675348032,0.46369497615895,1.11877562577496,0.645870246297025,1.04985354990333,1.0063316983216,0.569210597432731,1.19088174815332,0.929982846660669,1.12963510854997,0.883756820067777,1.09585324984583,0.543692454485647,0.392593405817855,0.969351428172787,1.18594895915986,0.906719303113731,0.916713178022907,0.220414688368521,1.2641475018281,0.552441327103347,0.671805692483068,0.989196025965661,0.877176445342666,0.805904040102605,1.36184120020207,0.085978010610812,1.29378718352102,0.512658331921082,0.520749391513046,0.641050519659374,0.889353411659455,0.885201749382897,1.09954388332815,0.268455901484308,0.655120449104038,1.44692503241672,0.209238575553965,1.1488884793048,1.08217113825785
87.5,0.18641417008078,0.352681827029958,0.804392347846347,0.301985376636599,1.13654856041597,0.137164511964456,0.691294503411358,1.4044381071639,1.12012866251881,1.00096715249558,0.628014309813496,0.94754741147965,0.687939066852074,1.52428387625397,0.5716295464321,0.535905904125692,1.26760568861239,0.692291296577388,1.18797697515283,1.17934212798016,0.751046722243802,1.35386730010697,0.943266467084661,1.35773572287371,1.16946523776156,1.37487873228876,0.789706771369227,0.378544588646602,1.16206884771259,1.35468923612054,1.05685102093587,1.12126214636222,0.278282303403186,1.5094577108779,0.752380107668735,0.82070104861908,1.23604206741932,1.08226963497859,1.02593945918008,1.60970855278244,0.01638117601157,1.3980658443255,0.587076783082707,0.623706414666518,0.839275615230601,1.05331869614539,0.919561324672635,1.10323458594396,0.241051882116398,0.682775095782783,1.5275115099695,0.203864426581697,1.37754859511998,1.19208927264976
88,0.188491446603614,0.338965033684877,0.736002030205547,0.270409875706813,1.1531318325151,0.143222440231101,0.678110071253739,1.32683299855681,1.25233529564672,1.23052507062373,0.699267016900193,0.986248791714576,0.704003092704776,1.49978565766757,0.569921940835363,0.578756651712856,1.19107871187384,0.65234539303925,1.11477542590519,1.15386159557496,0.850954677501111,1.39713564711286,0.850882462437467,1.48646488265895,1.37992238559295,1.53779503325334,0.908496767668384,0.339366879679087,1.15448275349222,1.4461682128315,1.1937858990163,1.18453946447886,0.407060705032944,1.63299154748865,0.819977912245419,0.946741734751808,1.40891346528715,1.18660958213699,1.20240652693015,1.81429212144702,0.059383123528684,1.37192727004974,0.571841561425878,0.684278071109272,0.924309258291192,1.05546655700085,0.856337942281023,0.973272641136174,0.199433751334048,0.61532792866375,1.44070809265546,0.192245668877634,1.49362116543697,1.13497268706543
88.5,0.156590282939726,0.308896283442436,0.610585703089903,0.239671383743647,1.05651651928685,0.151186021732656,0.557705171830313,1.00280836420743,1.0880282885107,1.17098873815997,0.61907506709834,0.898149652637836,0.619037448117601,1.2143299851493,0.489649442199525,0.524686888485518,0.973546583635268,0.497436370322997,0.869225629089621,1.06111500473325,0.802718964371189,1.17613544451052,0.677885519150362,1.37775425875245,1.30832885830239,1.37074130692624,0.907871099179411,0.338485990847906,0.909119249935745,1.15500610490188,1.03735867896174,1.10793598387289,0.370313743968313,1.49741356494396,0.799183897220636,0.785286315855881,1.24942168169535,1.14474772174934,1.15108478843113,1.53427274948037,0.102909823510759,1.07512609590473,0.509870846334139,0.545851666219447,0.839171166832333,0.95833934973826,0.622709995747155,0.626632669704949,0.131407686136402,0.483172768403671,1.16389260761792,0.189748458904127,1.28262172627379,0.892818635234032
89,0.13679884364233,0.199549865890477,0.409307107314059,0.20609097287304,0.686267813526963,0.106834422088251,0.367419202007032,0.563433669891853,0.881544961020277,1.03054064112792,0.465198917827127,0.572452133949491,0.400112241405957,0.768556380690381,0.364710131205124,0.406735546526033,0.59801988778587,0.321023314147233,0.419390329514303,0.740437693253677,0.646536628968381,0.888699736762355,0.411860579935248,1.0698163273445,1.0579954701609,0.950723234697698,0.744584301286358,0.303546945166188,0.622498329138497,0.820472713105504,0.841428741043873,0.911774518206661,0.323736106281474,1.1595952890771,0.598690043852123,0.623241535468952,1.03006125234227,0.940701673759479,0.977193672445143,1.2150864959702,0.13589965472293,0.672874982035144,0.345170741692722,0.402485221961402,0.682413700543825,0.732767598273659,0.335829146772742,0.304029008530963,0.0746758961069702,0.318204591897281,0.811234357644258,0.168949376503341,0.926891517076191,0.503541593865403
89.5,0.0876380849449139,0.101055567183988,0.259008103928504,0.205918784082201,0.302330763602872,0.0888697495174218,0.185129774973781,0.0992171764451247,0.466677218431226,0.646635221058467,0.280834593592541,0.235800605330663,0.176706753680353,0.312373419617857,0.16744440454292,0.238562063446467,0.189877320469295,0.122051361514234,0.14367295754995,0.362252542299407,0.33923619732621,0.395567110682001,0.190936208065647,0.568520339558073,0.581289426750561,0.4681813517766,0.529126237125862,0.370142352865013,0.290886153299924,0.391539086083708,0.498524077205072,0.560991291496429,0.177708403033521,0.688674141798562,0.418457766347842,0.400487169869208,0.608897217367104,0.573670600908594,0.595565621431035,0.637521422490512,0.102794487090716,0.267538005209907,0.164801442388231,0.187543254572465,0.470682224279168,0.420153511254332,0.0137119770475514,0.114549934869106,0.0733009125824905,0.149056596939559,0.319807754718345,0.102613629060122,0.456746985390069,0.109449594666751
90,0.0774445289923628,0.0443117658539882,0.203165810517839,0.155423034445826,0.147126620328116,0.0815444492335366,0.0603036857363477,0.404273694787906,0.151501560266277,0.265677494074275,0.136599718734651,0.142725043129905,0.0861140851901197,0.329666378896278,0.0601818286474121,0.193101217201269,0.423244645484377,0.245036191468976,0.458267608518311,0.178769083427074,0.0864574009272431,0.095151830739782,0.21476762075638,0.134696492928835,0.228612893597562,0.179355687249147,0.240596013047154,0.303307863197636,0.18432151047465,0.0617082770652833,0.184579167502963,0.172138794805235,0.13202670935478,0.274162742759214,0.25343260816567,0.259736877412837,0.215840032943835,0.233192719413237,0.231569101570811,0.137982967703714,0.0774444926838518,0.213893183793572,0.157289280694966,0.0411785372614384,0.354793695353761,0.255249739354398,0.24518169745281,0.290469556434102,0.0865286961976454,0.125980405271396,0.128937628952173,0.0825088763775903,0.111041797507102,0.265684454264626
90.5,0.0783777784391807,0.101407959318687,0.335094842727432,0.138813706142741,0.477944246897459,0.0832151663656121,0.237971961691519,0.612370245378872,0.310021164409256,0.155479913628119,0.185490007116286,0.358960829000965,0.305756284026314,0.613629467279661,0.253876498422399,0.302975252893706,0.744378554387308,0.40948270083558,0.735006444972853,0.550521267903859,0.276920973831497,0.400634178821456,0.381123684665023,0.486014196058253,0.491394485637884,0.506585346269897,0.267743267631345,0.265805602108477,0.433943427537116,0.376780861197851,0.268264537395687,0.2154967500903,0.207437432199477,0.433395717061787,0.248289421842797,0.27358657461611,0.238782309128106,0.1083155386346,0.0848680868510583,0.4033882826754,0.0597828153092384,0.460984857847163,0.255080300251396,0.138721947510466,0.281301068156481,0.320589294710091,0.402221623208624,0.411402131013417,0.0860014219845984,0.200045955837999,0.467456998100508,0.0267616692956444,0.413673915701923,0.500430423028798
91,0.121308045289395,0.153867578861913,0.402807548284902,0.189000463738218,0.585557531945907,0.0856517307797879,0.332056223599662,0.637536832772061,0.524855059184253,0.400490337178347,0.302542967304987,0.484229943406798,0.361828826139734,0.760057819520795,0.361825865223239,0.328156437076119,0.75990549090412,0.495163961087245,0.779747860019053,0.73913605903863,0.506903107870948,0.680227857507842,0.504675667693369,0.838762057571447,0.792739189847357,0.745695414904374,0.404957458690309,0.16554715522216,0.547741289388094,0.642297983606713,0.492158314483266,0.445832644024767,0.216756544405658,0.668413545525788,0.332852238391264,0.39512234528023,0.525076212660897,0.338203304457053,0.321098376587317,0.717915297954163,0.121727541733438,0.589626186381595,0.308334730340877,0.252960435203614,0.326567568488831,0.403707669104295,0.462032394070702,0.428137875313405,0.0639762039024906,0.227303814504098,0.642050509341527,0.0832922079110847,0.665779563789358,0.600133256051598
91.5,0.165485627422278,0.147228320588337,0.461690584331809,0.322054091175359,0.613705877966026,0.066721247018416,0.362072127673515,0.421326021880139,0.418274067302783,0.470982287226601,0.252267828765431,0.467617077821033,0.390955461099627,0.655520215882367,0.348537051568596,0.32042082575265,0.576084793461451,0.417775480202838,0.73405384555373,0.818105424538254,0.590442058698079,0.725451292579685,0.519382143829608,0.910386247709294,0.846924058352508,0.736950562000361,0.454000925610561,0.163576222229792,0.518654401176193,0.601151611776883,0.50471491444006,0.515209894747088,0.195215464070015,0.7185267902185,0.39735060885627,0.388400455869047,0.565352359433376,0.475994583078429,0.46667716513906,0.702443697104511,0.15804354276846,0.565838759287929,0.301279527838528,0.223906490211302,0.279949648977191,0.431703119852542,0.398382412647449,0.302195525192323,0.0629128728093908,0.215428903891867,0.626737829451406,0.153964660421476,0.682961004466574,0.580408036795131
92,0.162136265521861,0.192448683366163,0.353817203738762,0.337407735550794,0.449575340433037,0.068442706768839,0.315477640219942,0.147057505610485,0.334231595107337,0.458315118143966,0.158771817722472,0.314893464867184,0.271490657703651,0.408964719391939,0.282152815512605,0.305897157875583,0.351924498529125,0.310503356257577,0.498981081880229,0.637366962155073,0.616623808442535,0.659423012419657,0.361911227761201,0.762080899478721,0.724017797166956,0.54504656809375,0.375160921897094,0.160853922426329,0.38380097084603,0.508397481487207,0.502961810296358,0.485546579157779,0.168234743226456,0.557338835686221,0.291100140859071,0.369443755697074,0.562529782365203,0.443190146465443,0.47728762952479,0.658278760310752,0.189972658986042,0.418694485073706,0.170843623945589,0.213458375433588,0.202200893254199,0.36128027112257,0.298604195032632,0.236856469029467,0.0938687842026524,0.138446360455059,0.496493416067556,0.203335277554513,0.62639488594033,0.451737047923516
92.5,0.0831882811397977,0.235963279640303,0.311550429035245,0.312403289468645,0.31370066943773,0.0655546804736303,0.293824156232292,0.274231379440652,0.274000328811429,0.24632088642749,0.054688905904703,0.189840519698142,0.194059796864341,0.204537956702697,0.180112312127663,0.248335974643658,0.206750807497285,0.220563293434092,0.297059820519965,0.382544184236578,0.482104400762366,0.278281838954194,0.266965901797171,0.378497112215905,0.339290534788289,0.266331113868923,0.234593169959249,0.215595078072362,0.139248479079713,0.290841868105917,0.341315930858775,0.348140488954926,0.0831072010221261,0.316288229764527,0.200811503519855,0.214379781452772,0.346081090457945,0.291797826400611,0.270590628447803,0.331872027596153,0.117842760289259,0.273508584161283,0.09544223214949,0.159437282159382,0.10693281766081,0.234765847541975,0.228226374195391,0.294917363180532,0.108186070816606,0.0829420176500988,0.303744759276485,0.145193627570638,0.435949248948209,0.297218495613229
93,0.0655799244781173,0.178565449009867,0.270103005495021,0.214978084638781,0.245859589969035,0.0494434977539661,0.240789424402703,0.481959586488018,0.413788786719998,0.189159967100546,0.0737404019552149,0.0422219345039575,0.185591327634009,0.366295460185653,0.211230268555356,0.239634657313318,0.315067381714574,0.221107348203831,0.212394273477546,0.176362521280963,0.280717271715747,0.0453788305329629,0.326573854953357,0.184330316239469,0.126826527603641,0.237792454387903,0.0285213834346943,0.186103346794725,0.203138025496564,0.287737683048478,0.277149107244471,0.234094459558848,0.123885549647196,0.267342765478687,0.0739183857943221,0.0679872752974403,0.167577874694882,0.210067615282177,0.178489314239186,0.186255869611603,0.0537204257081646,0.255615103506188,0.14915395481256,0.202681173730394,0.0440313255389766,0.193603925105256,0.228167855785302,0.364420493145673,0.100760142408305,0.156763010376297,0.367098508844342,0.106878175797279,0.328757364375069,0.271426164003394
93.5,0.0553897959920462,0.17958212286755,0.258726231747117,0.130847603996131,0.365499614184706,0.0593907441673036,0.200348933528122,0.467557607977404,0.426372759041796,0.297850484731303,0.134258784890876,0.20880748692456,0.189076810742968,0.507179620801906,0.230738278563401,0.223727508962212,0.469315656467749,0.266658754023098,0.342222689486123,0.397983357504978,0.13062183438347,0.304246914362265,0.434142218815892,0.373118908300036,0.34867628426094,0.425923778682716,0.199865758569093,0.184126841611398,0.361915274803144,0.318812788881293,0.233147949524034,0.271668888281371,0.0897537838147583,0.394204368752648,0.113378196448506,0.0563290754753834,0.223041247631662,0.274162543724266,0.252694239156459,0.276844888219214,0.0463009622502345,0.337575997195555,0.253538369288409,0.212652304805761,0.14649258194044,0.250664954016299,0.194867514762452,0.29889752910534,0.0586261940042759,0.229720005525393,0.471693910153382,0.0525210414619064,0.384327253608381,0.383173190831889
94,0.0918393725802188,0.113232623019631,0.215163103165692,0.0935818063128604,0.343017841810214,0.0615965137438899,0.154405202538138,0.330433137381567,0.469939775134616,0.452071063498092,0.180713116764804,0.226638382375698,0.241252585954545,0.496706011467172,0.198112902199566,0.183934890989279,0.424895769518654,0.3271755097413,0.351388851452439,0.455479972215558,0.246808991320383,0.487661766072063,0.43155731046621,0.51031667911333,0.513846087141181,0.571760326971804,0.329615998393919,0.0874330018121638,0.365717111883786,0.405129108838598,0.304166879341087,0.322108271582213,0.13640823904377,0.460528797475496,0.129240277530552,0.167230003696643,0.370546640127545,0.321363792207806,0.337806685527915,0.427737433796042,0.0349037193851726,0.404831751263996,0.307915235162682,0.224846005251431,0.176230424084226,0.258075676853756,0.175856679768988,0.172994867167381,0.0899632848546743,0.248694742657794,0.470918747745387,0.0560238128137685,0.478106700675932,0.400390566020814
94.5,0.0726850709671227,0.124004930974373,0.260928121561718,0.19366251361389,0.31872887798444,0.0873289331859208,0.158068911847584,0.0788762067274037,0.347789713901139,0.377291955535018,0.131049807488765,0.169176750337857,0.232507073851339,0.291146961060698,0.115672583756567,0.167764568348744,0.253119921072078,0.298279529842477,0.299873399906252,0.450902052444839,0.297927502518644,0.438264983659218,0.309246533999622,0.440868864931305,0.456360925498986,0.515456014527064,0.355205091578552,0.165102127478641,0.206603695180878,0.245582949836558,0.217983751664057,0.302483225935333,0.0529054910193934,0.363743398794776,0.161153111047931,0.168331117194381,0.342872247753693,0.259330781229542,0.214278099907772,0.302014119048929,0.0220255082501435,0.29539265820016,0.290723964932682,0.155016307956198,0.235886581798636,0.19383067109716,0.126048351862662,0.091351876867871,0.161428886590549,0.230848918451245,0.307017893064943,0.0776061765492791,0.366229052657608,0.357882339628642
95,0.0856011280221379,0.0922729767955291,0.282006917461828,0.239852892921034,0.154690348446646,0.0952574370537691,0.200735342399835,0.306524612067313,0.241657212230137,0.251727925578777,0.0338537373908985,0.0493545561296194,0.172542055771464,0.115232570982598,0.144328296987103,0.28716468785956,0.0902009844628369,0.271326021701201,0.179166845488397,0.251820089358962,0.263789976850281,0.285450916795131,0.131588665978787,0.227437852841486,0.302020954508409,0.304394383338525,0.214076420066037,0.220796100409427,0.133585859074093,0.190123533134844,0.192393361093532,0.252932263930737,0.086229222542469,0.139489204529982,0.139139162304359,0.19112749456543,0.276284511043852,0.186347992681062,0.105151579871942,0.144474130093143,0.0092018401157871,0.0893201119049625,0.169610435349713,0.109140944698431,0.237894126084949,0.11641951956534,0.283337581008666,0.390394439632455,0.245781596759458,0.201212891033435,0.0392180898594115,0.0594694866912522,0.178214224419748,0.35657209894849
95.5,0.162360750610273,0.0872079970441134,0.463786294719278,0.337797885595767,0.206805564242061,0.104637160573411,0.372661734119325,0.713627931604668,0.298448110761138,0.0882432764207288,0.105088624997974,0.261268648584048,0.0992110389225696,0.288522233854178,0.188658168232623,0.376057742756463,0.443193029500372,0.243812652305555,0.364055636260463,0.0658780929700908,0.128972500015849,0.216812391638771,0.344966511609824,0.277891284304204,0.234530471072093,0.246111989166295,0.0748207103980443,0.275648889304423,0.377075010936535,0.419544939960516,0.254146325716334,0.290357429431577,0.189921510263422,0.17091832814703,0.226671473996939,0.281588046171502,0.0402769597876941,0.078810150729812,0.112317146528,0.274443908052398,0.0321021137464828,0.234504048778435,0.0875657902117555,0.170962900461526,0.309935197461082,0.31523603653018,0.501271785362916,0.746126220771275,0.341694014375994,0.275100624520998,0.427079407946756,0.0403904031900871,0.155053094981823,0.50490930532344
96,0.236026827404624,0.139729239642183,0.559150544908211,0.325615539304434,0.476458412690505,0.154137784776113,0.498751539639771,1.04425543977478,0.629626749158431,0.38466275506344,0.259914634529608,0.491067649840716,0.265316064078913,0.576015460280329,0.242037025626646,0.44462944175461,0.759866870184347,0.321389058106069,0.652157495100798,0.450808063909967,0.313351708031568,0.574087108520667,0.638135989846368,0.689722830273408,0.53051579735087,0.592400750488491,0.37121646093739,0.202352971402629,0.608313219760603,0.76686502474162,0.533126477019247,0.438224177330763,0.269976748886399,0.501279247384542,0.370274874940433,0.46024052751486,0.324444363978509,0.213349578771071,0.364362608705914,0.657161718226088,0.0522009424980397,0.540648189479009,0.0766201508331687,0.248968907607393,0.408863731835204,0.543696957219317,0.625604178320272,0.960709833474278,0.374154511848485,0.352772367128001,0.742637574036807,0.110069953278384,0.468498388062858,0.652801267783525
96.5,0.229218898140842,0.21339324458426,0.543516960608833,0.180211217429492,0.726488711363005,0.216661461419801,0.540510843421626,1.12111451902051,0.836917070766266,0.677314459284608,0.39216395737387,0.696134888422586,0.473675690653223,0.794038645358907,0.24747553881406,0.475373112405114,1.02877590867762,0.475471066980756,0.90943314351432,0.846879730134742,0.553993669693932,0.892205361487175,0.814366756550599,0.943235863686019,0.787049921409864,0.826543786783615,0.625407669132915,0.166944511741203,0.780862841158933,0.976365567235165,0.711443647687792,0.601224303760415,0.325472607714163,0.737178876616524,0.459263067562433,0.595263719021773,0.617413252849005,0.521620629008549,0.569966697611015,0.83877677654612,0.0286844837907859,0.79733344548714,0.223554860134792,0.246369184920217,0.456332038850356,0.785184882324504,0.632134631107922,0.953355082976045,0.332995898424751,0.409050358867029,0.930233943362023,0.144145851238035,0.759335612556303,0.753975976650497
97,0.262306323265031,0.180518774837752,0.503566089670445,0.1503543835876,0.770033936327422,0.250326704034011,0.538652010756635,1.06798473088482,0.987559356970324,0.918690809664348,0.487165556786977,0.774687607902169,0.51941705019087,0.924371353481937,0.270073420376008,0.427959639862515,1.09103617056992,0.577548237635245,0.909655746868523,0.923456483085571,0.684222487902018,1.10887562554795,0.811716847650544,1.0582895775925,0.94980968745338,0.933851781625146,0.738424070685181,0.123527049576144,0.833618439103156,1.11659653239984,0.878016523452634,0.698226952314978,0.369485230266822,0.847058069239117,0.428230604057574,0.720635150424659,0.853293660142628,0.664413925734024,0.656046227381702,0.999894563072776,0.0889549125953547,0.975692196729431,0.359831901958644,0.244001504593508,0.485259833595071,0.808756861544864,0.561356557140872,0.870950545507214,0.251543677490748,0.368534977619946,0.977457565408932,0.180662623930185,0.996108935055895,0.812125551835449
97.5,0.251770658168884,0.176213312859109,0.492145414472894,0.147905553428758,0.7755789102712,0.254780664808021,0.483201716134149,0.924366954553569,0.923920648577707,0.91332716168122,0.462572257593121,0.743056826500095,0.488788341721564,0.917095957266983,0.295655952034564,0.390292927042909,1.03186207802466,0.542000271981083,0.82790044770295,0.914012955270832,0.62931785027162,1.03444764402416,0.694721867048066,1.00665276431538,0.930280034816889,0.914306345063639,0.775817087910466,0.170414182659658,0.707805427727541,0.998837222924421,0.86280372911852,0.712498358589814,0.350446864326605,0.852805670430627,0.399969288261897,0.672324669780541,0.849978157021141,0.630278188092956,0.545931942916443,0.915209052035192,0.0950500578100199,0.92471854426914,0.437020202080467,0.241590287017521,0.4722735624535,0.702516580359924,0.424959177128532,0.669135639553865,0.137682570078854,0.276399184571347,0.859952790099549,0.215288110622618,0.980364546731687,0.782963675094336
98,0.177048788955014,0.183119740222025,0.485014613065844,0.141240058985308,0.685827372955187,0.203060644372353,0.437375697841108,0.778545274942273,0.838978213686957,0.851877710444702,0.45690463326818,0.638148909605852,0.418264030515023,0.831491282127802,0.311693540402307,0.377989506225487,0.990849266362564,0.518845371946902,0.740740597564103,0.822256644909609,0.564685399521006,0.936140455701287,0.601506205440856,0.883189581013713,0.868756841695699,0.790298417301207,0.682099475138898,0.255103475906784,0.59807985595355,0.875800488661137,0.821159885185463,0.688669766752295,0.287038412052423,0.805619674879039,0.389412016741933,0.604369961093099,0.837621791568064,0.603200308990432,0.457536127967362,0.801783673388594,0.122813839728989,0.763320226871572,0.397928882332531,0.278498850432898,0.464493045966115,0.576077470340491,0.377387659707145,0.482892562767969,0.00403605807783021,0.223122221705197,0.771749999533308,0.226765777556861,0.868041989255424,0.696790132041795
98.5,NaN,NaN,NaN,NaN,NaN,NaN,NaN,NaN,NaN,NaN,NaN,NaN,NaN,NaN,0.316480574080923,NaN,NaN,0.502378771828481,NaN,NaN,NaN,NaN,NaN,NaN,NaN,NaN,NaN,NaN,0.556862260385068,NaN,NaN,NaN,NaN,NaN,NaN,0.380806174665135,0.74092579205366,0.580483110002708,NaN,NaN,0.137260594765818,NaN,NaN,0.317849371055107,0.346996022234879,0.451036870325829,0.400741435542607,0.389271437773739,0.135605920058048,0.227847703805291,0.707888899268758,NaN,NaN,NaN
99,NaN,NaN,NaN,NaN,NaN,NaN,NaN,NaN,NaN,NaN,NaN,NaN,NaN,NaN,NaN,NaN,NaN,NaN,NaN,NaN,NaN,NaN,NaN,NaN,NaN,NaN,NaN,NaN,NaN,NaN,NaN,NaN,NaN,NaN,NaN,NaN,NaN,NaN,NaN,NaN,NaN,NaN,NaN,NaN,NaN,NaN,NaN,NaN,NaN,NaN,NaN,NaN,NaN,NaN
99.5,NaN,NaN,NaN,NaN,NaN,NaN,NaN,NaN,NaN,NaN,NaN,NaN,NaN,NaN,NaN,NaN,NaN,NaN,NaN,NaN,NaN,NaN,NaN,NaN,NaN,NaN,NaN,NaN,NaN,NaN,NaN,NaN,NaN,NaN,NaN,NaN,NaN,NaN,NaN,NaN,NaN,NaN,NaN,NaN,NaN,NaN,NaN,NaN,NaN,NaN,NaN,NaN,NaN,NaN
100,NaN,NaN,NaN,NaN,NaN,NaN,NaN,NaN,NaN,NaN,NaN,NaN,NaN,NaN,NaN,NaN,NaN,NaN,NaN,NaN,NaN,NaN,NaN,NaN,NaN,NaN,NaN,NaN,NaN,NaN,NaN,NaN,NaN,NaN,NaN,NaN,NaN,NaN,NaN,NaN,NaN,NaN,NaN,NaN,NaN,NaN,NaN,NaN,NaN,NaN,NaN,NaN,NaN,NaN
