# DW1000 CIR capture - initialising
# DEV_ID (before)      : DECA - model: 1, version: 3, revision: 0
# PMSC_CTRL0 (before)  : 0xF0300400
# PMSC_CTRL0 (clks on) : 0xF0308448   RXCLKS=10 FACE=1 AMCE=1
# ACC clock enable  : OK
# DEV_ID (clks on)     : DECA - model: 1, version: 3, revision: 0
# DEV_ID (after)       : DECA - model: 1, version: 3, revision: 0
# Mode: Data rate: 110 kb/s, PRF: 16 MHz, Preamble: 2048 symbols (code #4), Channel: #5
# Waiting for frames...
# FRAME,1,RX_TS,5963571304,FP_INDEX,746.0625,FP_INT,746,RXPACC,1999,RXPWR,-89.16,FP_PWR,-93.74,STD_NOISE,64.00,NTM,13,NOISE_THRESH,832.00,PEAK_IDX,750,PEAK_AMPL,18242,START,696,elapsed_s,0.0068
sample,real,imag,amplitude,amplitude_norm
696,287,173,335.11,0.16764
697,262,79,273.65,0.13689
698,240,100,260.00,0.13007
699,194,283,343.11,0.17164
700,143,320,350.50,0.17534
701,279,304,412.62,0.20641
702,373,347,509.45,0.25485
703,372,401,546.98,0.27363
704,249,295,386.04,0.19312
705,176,306,353.00,0.17659
706,182,302,352.60,0.17639
707,267,196,331.22,0.16569
708,253,95,270.25,0.13519
709,228,73,239.40,0.11976
710,287,60,293.20,0.14668
711,280,113,301.94,0.15105
712,251,260,361.39,0.18078
713,249,232,340.33,0.17025
714,337,338,477.30,0.23877
715,506,539,739.29,0.36983
716,508,492,707.20,0.35378
717,538,161,561.57,0.28093
718,646,-52,648.09,0.32421
719,511,-23,511.52,0.25589
720,105,265,285.04,0.14259
721,100,328,342.91,0.17154
722,123,302,326.09,0.16313
723,436,336,550.45,0.27536
724,471,298,557.36,0.27882
725,518,205,557.09,0.27868
726,309,187,361.18,0.18068
727,235,157,282.62,0.14138
728,85,98,129.73,0.06490
729,109,150,185.42,0.09276
730,241,158,288.18,0.14416
731,293,171,339.25,0.16971
732,177,119,213.28,0.10670
733,162,18,163.00,0.08154
734,283,17,283.51,0.14183
735,325,207,385.32,0.19276
736,281,247,374.13,0.18716
737,287,222,362.84,0.18151
738,234,204,310.44,0.15530
739,98,352,365.39,0.18279
740,128,346,368.92,0.18455
741,204,290,354.56,0.17737
742,324,140,352.95,0.17656
743,223,158,273.30,0.13672
744,-37,320,322.13,0.16115
745,-1181,1306,1760.79,0.88084
746,-4631,4018,6131.11,3.06709
747,-8598,7280,11266.06,5.63585
748,-4949,9263,10502.18,5.25372
749,7273,12001,14032.84,7.01993
750,14253,14938,20646.84,10.32858
751,6101,12053,13509.15,6.75795
752,-5156,3119,6025.98,3.01450
753,-5088,-3420,6130.59,3.06683
754,1634,-2872,3304.29,1.65297
755,3740,774,3819.25,1.91058
756,895,2226,2399.19,1.20019
757,-803,998,1280.94,0.64079
758,-189,-965,983.33,0.49191
759,130,-1676,1681.03,0.84094
760,-406,-1631,1680.77,0.84081
761,-478,-1476,1551.47,0.77612
762,67,-1199,1200.87,0.60074
763,282,-792,840.71,0.42056
764,53,-372,375.76,0.18797
765,211,-386,439.91,0.22006
766,848,-610,1044.61,0.52256
767,1624,-819,1818.83,0.90987
768,1620,-1138,1979.76,0.99037
769,942,-1638,1889.55,0.94525
770,499,-1507,1587.47,0.79413
771,284,-1133,1168.05,0.58432
772,-496,-1688,1759.36,0.88012
773,-1321,-2307,2658.44,1.32988
774,-1343,-1712,2175.91,1.08850
775,-672,-797,1042.49,0.52151
776,1,-715,715.00,0.35768
777,399,-1027,1101.78,0.55117
778,975,-623,1157.05,0.57881
779,1680,-175,1689.09,0.84497
780,1790,-557,1874.66,0.93780
781,1047,-1342,1702.11,0.85148
782,-271,-1064,1097.97,0.54926
783,-1802,82,1803.86,0.90238
784,-2477,1122,2719.27,1.36031
785,-1633,1146,1994.99,0.99800
786,245,118,271.94,0.13604
787,1968,-1671,2581.72,1.29150
788,2320,-3145,3908.12,1.95504
789,1340,-2678,2994.54,1.49802
790,343,-680,761.61,0.38100
791,519,352,627.11,0.31371
792,772,-195,796.25,0.39832
793,415,-1011,1092.86,0.54670
794,-185,-694,718.23,0.35930
795,-492,290,571.11,0.28570
796,-527,589,790.35,0.39537
797,-609,-298,678.00,0.33917
798,-185,-1494,1505.41,0.75308
799,495,-1626,1699.68,0.85026
800,727,-639,967.91,0.48420
801,613,346,703.91,0.35213
802,658,519,838.05,0.41923
803,751,328,819.50,0.40996
804,540,-126,554.51,0.27739
805,151,-625,642.98,0.32165
806,-107,-743,750.67,0.37552
807,-15,-161,161.70,0.08089
808,103,608,616.66,0.30849
809,56,964,965.63,0.48305
810,-35,377,378.62,0.18941
811,234,-449,506.32,0.25329
812,199,-526,562.39,0.28133
813,-223,129,257.62,0.12888
814,-588,426,726.10,0.36323
815,-134,141,194.52,0.09731
816,784,-97,789.98,0.39519
817,1248,-18,1248.13,0.62438
818,1012,201,1031.77,0.51614
819,659,112,668.45,0.33439
820,487,-346,597.40,0.29885
821,612,-746,964.91,0.48270
822,733,-581,935.33,0.46790
823,399,-227,459.05,0.22964
824,-272,-111,293.78,0.14696
825,-449,-192,488.33,0.24429
826,18,-133,134.21,0.06714
827,530,35,531.15,0.26571
828,466,439,640.22,0.32027
829,-300,817,870.34,0.43539
830,-882,681,1114.31,0.55743
831,-399,72,405.44,0.20282
832,408,-384,560.29,0.28028
833,765,-710,1043.71,0.52211
834,445,-770,889.34,0.44489
835,278,-621,680.39,0.34036
836,451,-229,505.81,0.25303
837,542,115,554.07,0.27717
838,371,94,382.72,0.19146
839,133,-128,184.59,0.09234
840,165,-162,231.23,0.11567
841,203,-70,214.73,0.10742
842,-167,-10,167.30,0.08369
843,-446,-51,448.91,0.22457
844,-290,31,291.65,0.14590
845,-230,664,702.71,0.35153
# END
# FRAME,2,RX_TS,12353365253,FP_INDEX,748.1094,FP_INT,748,RXPACC,1467,RXPWR,-87.57,FP_PWR,-93.63,STD_NOISE,56.00,NTM,13,NOISE_THRESH,728.00,PEAK_IDX,752,PEAK_AMPL,17446,START,698,elapsed_s,0.2331
sample,real,imag,amplitude,amplitude_norm
698,121,230,259.89,0.17716
699,75,325,333.54,0.22736
700,110,211,237.95,0.16220
701,168,77,184.81,0.12597
702,300,96,314.99,0.21471
703,182,230,293.30,0.19993
704,66,264,272.12,0.18550
705,-7,48,48.51,0.03307
706,139,68,154.74,0.10548
707,120,145,188.22,0.12830
708,158,170,232.09,0.15820
709,114,166,201.38,0.13727
710,184,202,273.24,0.18626
711,225,277,356.87,0.24326
712,242,372,443.79,0.30251
713,149,306,340.35,0.23200
714,139,99,170.65,0.11633
715,164,18,164.98,0.11246
716,232,-20,232.86,0.15873
717,163,-39,167.60,0.11425
718,35,-21,40.82,0.02782
719,-69,346,352.81,0.24050
720,39,492,493.54,0.33643
721,116,372,389.67,0.26562
722,337,194,388.85,0.26507
723,361,138,386.48,0.26345
724,146,155,212.93,0.14515
725,-27,152,154.38,0.10523
726,-175,118,211.07,0.14388
727,-117,85,144.62,0.09858
728,-28,122,125.17,0.08533
729,145,63,158.09,0.10777
730,139,71,156.08,0.10640
731,112,204,232.72,0.15864
732,224,255,339.41,0.23137
733,220,175,281.11,0.19162
734,177,100,203.30,0.13858
735,138,74,156.59,0.10674
736,146,243,283.49,0.19324
737,137,395,418.08,0.28499
738,199,333,387.93,0.26444
739,132,170,215.23,0.14671
740,160,197,253.79,0.17300
741,167,263,311.54,0.21237
742,197,209,287.21,0.19578
743,249,181,307.83,0.20984
744,183,144,232.86,0.15873
745,92,137,165.02,0.11249
746,208,27,209.75,0.14298
747,574,-718,919.24,0.62661
748,1916,-3436,3934.10,2.68173
749,3487,-7109,7918.15,5.39751
750,783,-7249,7291.17,4.97012
751,-8737,-4208,9697.55,6.61046
752,-16406,-3356,16745.73,11.41495
753,-11570,-4725,12497.62,8.51917
754,678,-3560,3623.99,2.47034
755,5834,266,5840.06,3.98096
756,2146,2480,3279.59,2.23558
757,-1940,1262,2314.36,1.57761
758,-1630,-641,1751.51,1.19394
759,109,-794,801.45,0.54632
760,1041,318,1088.49,0.74198
761,1204,964,1542.37,1.05138
762,1292,1042,1659.83,1.13144
763,1113,1023,1511.72,1.03048
764,718,1059,1279.45,0.87216
765,485,1029,1137.57,0.77544
766,726,876,1137.74,0.77556
767,842,852,1197.86,0.81654
768,238,952,981.30,0.66892
769,-755,1324,1524.14,1.03895
770,-835,1694,1888.61,1.28740
771,254,1726,1744.59,1.18922
772,1234,1177,1705.31,1.16245
773,1411,638,1548.54,1.05558
774,1238,760,1452.67,0.99023
775,1490,602,1607.02,1.09544
776,1865,224,1878.40,1.28044
777,1505,211,1519.72,1.03594
778,629,704,944.06,0.64353
779,-97,924,929.08,0.63332
780,-382,259,461.52,0.31460
781,-113,-273,295.46,0.20141
782,256,367,447.47,0.30502
783,291,1400,1429.92,0.97473
784,597,1372,1496.26,1.01995
785,1515,-40,1515.53,1.03308
786,1955,-1481,2452.63,1.67187
787,1739,-1358,2206.42,1.50403
788,1026,211,1047.47,0.71402
789,343,2389,2413.50,1.64519
790,-138,3407,3409.79,2.32433
791,0,2327,2327.00,1.58623
792,161,380,412.70,0.28132
793,196,-247,315.32,0.21494
794,344,668,751.37,0.51218
795,903,1442,1701.40,1.15978
796,1106,817,1375.04,0.93731
797,693,-401,800.66,0.54578
798,542,-1022,1156.83,0.78857
799,1010,-410,1090.05,0.74304
800,1376,926,1658.57,1.13059
801,798,1564,1755.82,1.19688
802,138,1141,1149.32,0.78345
803,99,622,629.83,0.42933
804,181,445,480.40,0.32747
805,-79,437,444.08,0.30272
806,-43,316,318.91,0.21739
807,453,269,526.85,0.35913
808,855,506,993.51,0.67724
809,560,464,727.25,0.49574
810,-33,-62,70.24,0.04788
811,-96,-425,435.71,0.29701
812,214,-261,337.52,0.23007
813,310,312,439.82,0.29981
814,407,604,728.33,0.49648
815,531,105,541.28,0.36897
816,656,-493,820.60,0.55937
817,461,-431,631.10,0.43019
818,-60,176,185.95,0.12675
819,-330,482,584.14,0.39819
820,-253,463,527.62,0.35966
821,20,420,420.48,0.28662
822,34,529,530.09,0.36134
823,-1,822,822.00,0.56033
824,178,947,963.58,0.65684
825,374,831,911.28,0.62119
826,512,572,767.68,0.52330
827,649,291,711.25,0.48484
828,696,261,743.33,0.50670
829,501,209,542.85,0.37004
830,222,52,228.01,0.15543
831,270,-446,521.36,0.35539
832,602,-383,713.51,0.48637
833,675,110,683.90,0.46619
834,228,724,759.05,0.51742
835,-77,653,657.52,0.44821
836,276,484,557.16,0.37980
837,469,326,571.17,0.38935
838,383,482,615.64,0.41966
839,59,503,506.45,0.34523
840,40,328,330.43,0.22524
841,281,192,340.33,0.23199
842,220,295,368.00,0.25085
843,123,305,328.87,0.22418
844,433,128,451.52,0.30779
845,779,101,785.52,0.53546
846,845,187,865.44,0.58994
847,414,-247,482.08,0.32862
# END
# FRAME,3,RX_TS,18743159177,FP_INDEX,750.9531,FP_INT,750,RXPACC,1657,RXPWR,-89.07,FP_PWR,-100.98,STD_NOISE,88.00,NTM,13,NOISE_THRESH,1144.00,PEAK_IDX,755,PEAK_AMPL,18450,START,700,elapsed_s,0.3207
sample,real,imag,amplitude,amplitude_norm
700,277,116,300.31,0.18124
701,186,222,289.62,0.17479
702,162,209,264.43,0.15959
703,356,120,375.68,0.22672
704,318,185,367.90,0.22203
705,143,94,171.13,0.10328
706,173,98,198.83,0.11999
707,240,383,451.98,0.27277
708,153,444,469.62,0.28342
709,60,176,185.95,0.11222
710,27,18,32.45,0.01958
711,120,166,204.83,0.12362
712,242,223,329.08,0.19860
713,247,259,357.90,0.21599
714,278,120,302.79,0.18274
715,225,118,254.06,0.15333
716,299,95,313.73,0.18934
717,260,112,283.10,0.17085
718,104,184,211.36,0.12755
719,203,219,298.61,0.18021
720,86,267,280.51,0.16929
721,63,385,390.12,0.23544
722,182,590,617.43,0.37262
723,483,605,774.15,0.46720
724,381,258,460.14,0.27769
725,336,-38,338.14,0.20407
726,225,-4,225.04,0.13581
727,152,131,200.66,0.12110
728,158,275,317.16,0.19140
729,245,317,400.64,0.24179
730,153,353,384.73,0.23219
731,119,273,297.81,0.17973
732,141,255,291.39,0.17585
733,144,178,228.95,0.13817
734,216,104,239.73,0.14468
735,242,82,255.52,0.15420
736,283,-32,284.80,0.17188
737,229,104,251.51,0.15179
738,299,131,326.44,0.19701
739,373,232,439.26,0.26510
740,249,320,405.46,0.24470
741,135,252,285.88,0.17253
742,92,104,138.85,0.08380
743,191,-37,194.55,0.11741
744,181,100,206.79,0.12480
745,91,153,178.02,0.10743
746,108,161,193.87,0.11700
747,117,130,174.90,0.10555
748,-10,211,211.24,0.12748
749,41,186,190.47,0.11495
750,-194,-356,405.43,0.24468
751,-1320,-2045,2434.01,1.46893
752,-3229,-3465,4736.31,2.85837
753,-4729,-477,4753.00,2.86843
754,-6583,8896,11066.83,6.67883
755,-8688,16400,18559.13,11.20044
756,-7895,12005,14368.40,8.67134
757,-2537,378,2565.01,1.54798
758,2350,-4953,5482.22,3.30852
759,2822,-1668,3278.10,1.97833
760,345,2057,2085.73,1.25874
761,-1249,1538,1981.27,1.19570
762,-703,-275,754.87,0.45557
763,587,-739,943.76,0.56956
764,1153,-653,1325.07,0.79968
765,1308,-640,1456.18,0.87881
766,1293,-533,1398.55,0.84402
767,1169,-392,1232.97,0.74410
768,1042,-340,1096.07,0.66148
769,860,-312,914.85,0.55211
770,679,-124,690.23,0.41655
771,879,334,940.32,0.56748
772,1257,910,1551.82,0.93652
773,1261,1059,1646.69,0.99378
774,622,243,667.78,0.40301
775,135,-847,857.69,0.51762
776,1074,-1411,1773.24,1.07015
777,2390,-1608,2880.58,1.73843
778,1835,-1623,2449.77,1.47843
779,13,-1249,1249.07,0.75381
780,-732,-772,1063.86,0.64204
781,1,-477,477.00,0.28787
782,391,-394,555.08,0.33499
783,-145,-351,379.77,0.22919
784,-159,-167,230.59,0.13916
785,556,269,617.65,0.37275
786,1493,474,1566.44,0.94535
787,1597,220,1612.08,0.97289
788,759,-1031,1280.25,0.77263
789,-371,-2060,2093.14,1.26321
790,-505,-1790,1859.87,1.12243
791,765,-341,837.56,0.50547
792,2383,875,2538.57,1.53202
793,3100,818,3206.11,1.93489
794,2112,-42,2112.42,1.27484
795,474,-278,549.51,0.33163
796,0,272,272.00,0.16415
797,778,249,816.88,0.49298
798,1582,-702,1730.76,1.04451
799,1093,-966,1458.70,0.88033
800,-212,-319,383.02,0.23115
801,-904,-193,924.37,0.55786
802,-61,-1058,1059.76,0.63956
803,1175,-1327,1772.44,1.06967
804,1627,-481,1696.61,1.02391
805,1182,516,1289.72,0.77835
806,721,712,1013.30,0.61153
807,549,523,758.24,0.45760
808,434,535,688.90,0.41575
809,258,277,378.54,0.22845
810,398,-206,448.15,0.27046
811,697,-495,854.89,0.51593
812,454,-237,512.14,0.30908
813,-232,36,234.78,0.14169
814,-559,61,562.32,0.33936
815,-421,68,426.46,0.25737
816,38,245,247.93,0.14963
817,500,225,548.29,0.33089
818,391,-7,391.06,0.23601
819,-54,-246,251.86,0.15200
820,-288,68,295.92,0.17859
821,-47,526,528.10,0.31871
822,369,701,792.19,0.47809
823,707,547,893.90,0.53947
824,720,602,938.51,0.56639
825,542,665,857.90,0.51774
826,519,534,744.66,0.44940
827,793,447,910.31,0.54937
828,988,443,1082.77,0.65345
829,567,216,606.75,0.36617
830,385,-82,393.64,0.23756
831,371,-134,394.46,0.23806
832,540,121,553.39,0.33397
833,236,297,379.35,0.22894
834,-276,-190,335.08,0.20222
835,-390,-550,674.24,0.40690
836,264,-373,456.97,0.27578
837,618,204,650.80,0.39276
838,601,396,719.73,0.43436
839,417,14,417.23,0.25180
840,381,-157,412.08,0.24869
841,384,103,397.57,0.23994
842,224,527,572.63,0.34558
843,-39,210,213.59,0.12890
844,65,-44,78.49,0.04737
845,390,34,391.48,0.23626
846,496,285,572.05,0.34523
847,302,149,336.76,0.20323
848,179,-179,253.14,0.15277
849,40,-178,182.44,0.11010
# END
# FRAME,4,RX_TS,25132953620,FP_INDEX,745.2812,FP_INT,745,RXPACC,1978,RXPWR,-90.48,FP_PWR,-97.93,STD_NOISE,60.00,NTM,13,NOISE_THRESH,780.00,PEAK_IDX,749,PEAK_AMPL,17124,START,695,elapsed_s,0.3851
sample,real,imag,amplitude,amplitude_norm
695,161,46,167.44,0.08465
696,201,53,207.87,0.10509
697,126,124,176.78,0.08937
698,132,262,293.37,0.14832
699,151,266,305.87,0.15464
700,246,132,279.18,0.14114
701,291,81,302.06,0.15271
702,451,58,454.71,0.22989
703,395,228,456.08,0.23058
704,210,166,267.69,0.13533
705,81,208,223.22,0.11285
706,87,94,128.08,0.06475
707,148,8,148.22,0.07493
708,149,7,149.16,0.07541
709,142,204,248.56,0.12566
710,157,267,309.74,0.15659
711,224,387,447.15,0.22606
712,160,356,390.30,0.19732
713,260,250,360.69,0.18235
714,307,100,322.88,0.16323
715,262,46,266.01,0.13448
716,104,-46,113.72,0.05749
717,-68,-136,152.05,0.07687
718,85,-267,280.20,0.14166
719,141,78,161.14,0.08146
720,96,512,520.92,0.26336
721,73,302,310.70,0.15708
722,158,-10,158.32,0.08004
723,323,-1,323.00,0.16330
724,224,64,232.96,0.11778
725,109,234,258.14,0.13051
726,188,218,287.87,0.14553
727,257,195,322.61,0.16310
728,228,286,365.76,0.18491
729,123,269,295.79,0.14954
730,45,237,241.23,0.12196
731,51,187,193.83,0.09799
732,92,58,108.76,0.05498
733,103,154,185.27,0.09367
734,149,185,237.54,0.12009
735,369,101,382.57,0.19341
736,408,112,423.09,0.21390
737,382,117,399.52,0.20198
738,233,286,368.90,0.18650
739,184,404,443.93,0.22443
740,203,246,318.94,0.16125
741,255,89,270.09,0.13654
742,213,138,253.80,0.12831
743,240,323,402.40,0.20344
744,252,771,811.14,0.41008
745,797,2031,2181.78,1.10302
746,2035,3650,4178.96,2.11272
747,4615,1807,4956.16,2.50564
748,9246,-5998,11021.09,5.57184
749,13555,-13580,19187.35,9.70038
750,11985,-10604,16002.66,8.09032
751,3193,-220,3200.57,1.61808
752,-4207,4469,6137.65,3.10296
753,-3996,1170,4163.76,2.10504
754,488,-2037,2094.64,1.05897
755,2529,-957,2704.01,1.36704
756,1061,1124,1545.67,0.78143
757,-681,1237,1412.07,0.71389
758,-855,562,1023.17,0.51727
759,-666,658,936.23,0.47332
760,-822,1397,1620.89,0.81946
761,-1303,1940,2336.97,1.18148
762,-1106,1367,1758.39,0.88897
763,-550,238,599.29,0.30298
764,-371,-501,623.41,0.31517
765,-716,-988,1220.16,0.61687
766,-797,-1578,1767.85,0.89376
767,-334,-1754,1785.52,0.90269
768,-12,-522,522.14,0.26397
769,-585,926,1095.31,0.55375
770,-1932,1504,2448.40,1.23781
771,-2863,1324,3154.32,1.59470
772,-2074,1672,2664.03,1.34683
773,-291,2200,2219.16,1.12192
774,478,1574,1644.98,0.83164
775,-83,542,548.32,0.27721
776,-334,305,452.31,0.22867
777,325,800,863.50,0.43655
778,351,906,971.62,0.49121
779,-609,142,625.34,0.31615
780,-1526,-896,1769.60,0.89464
781,-1502,-478,1576.23,0.79688
782,-733,1170,1380.65,0.69800
783,137,2810,2813.34,1.42231
784,422,2936,2966.17,1.49958
785,-208,1361,1376.80,0.69606
786,-1635,-689,1774.25,0.89699
787,-2695,-1557,3112.44,1.57353
788,-1996,-956,2213.13,1.11887
789,-281,128,308.78,0.15611
790,496,399,636.57,0.32182
791,-431,141,453.48,0.22926
792,-1767,576,1858.51,0.93959
793,-1372,1380,1945.97,0.98380
794,401,1542,1593.29,0.80550
795,1431,1565,2120.61,1.07210
796,415,1639,1690.72,0.85476
797,-1156,1206,1670.56,0.84457
798,-1481,203,1494.85,0.75574
799,-378,-608,715.92,0.36194
800,284,-589,653.89,0.33058
801,145,-265,302.08,0.15272
802,130,-98,162.80,0.08231
803,351,278,447.76,0.22637
804,41,681,682.23,0.34491
805,-476,529,711.63,0.35977
806,-295,412,506.72,0.25618
807,437,673,802.43,0.40568
808,841,1111,1393.41,0.70446
809,556,960,1109.39,0.56086
810,106,415,428.32,0.21654
811,-80,3,80.06,0.04047
812,206,332,390.72,0.19753
813,689,920,1149.40,0.58109
814,1038,789,1303.83,0.65916
815,866,-157,880.12,0.44495
816,470,-626,782.80,0.39575
817,104,-187,213.97,0.10818
818,-174,131,217.80,0.11011
819,-75,-114,136.46,0.06899
820,38,-403,404.79,0.20464
821,75,-371,378.50,0.19136
822,-39,-112,118.60,0.05996
823,55,225,231.62,0.11710
824,64,496,500.11,0.25284
825,-61,605,608.07,0.30742
826,-89,469,477.37,0.24134
827,147,559,578.01,0.29222
828,638,819,1038.17,0.52486
829,671,1039,1236.84,0.62530
830,171,779,797.55,0.40321
831,-46,241,245.35,0.12404
832,-109,-51,120.34,0.06084
833,-152,295,331.86,0.16777
834,-205,596,630.27,0.31864
835,35,407,408.50,0.20652
836,264,260,370.53,0.18733
837,564,402,692.60,0.35015
838,550,639,843.10,0.42624
839,426,563,706.01,0.35693
840,162,152,222.14,0.11231
841,-125,197,233.31,0.11795
842,-117,565,576.99,0.29170
843,116,864,871.75,0.44072
844,882,769,1170.16,0.59159
# END
# FRAME,5,RX_TS,31522747666,FP_INDEX,748.4687,FP_INT,748,RXPACC,1547,RXPWR,-88.72,FP_PWR,-90.85,STD_NOISE,48.00,NTM,13,NOISE_THRESH,624.00,PEAK_IDX,750,PEAK_AMPL,16889,START,698,elapsed_s,0.4583
sample,real,imag,amplitude,amplitude_norm
698,217,-9,217.19,0.14039
699,74,121,141.83,0.09168
700,131,138,190.28,0.12300
701,165,151,223.66,0.14458
702,275,137,307.24,0.19860
703,472,187,507.69,0.32818
704,359,210,415.91,0.26885
705,237,246,341.59,0.22081
706,253,200,322.50,0.20847
707,255,160,301.04,0.19460
708,201,63,210.64,0.13616
709,100,35,105.95,0.06849
710,103,81,131.03,0.08470
711,168,51,175.57,0.11349
712,18,163,163.99,0.10601
713,-18,136,137.19,0.08868
714,146,18,147.11,0.09509
715,261,-29,262.61,0.16975
716,299,-38,301.41,0.19483
717,243,-101,263.15,0.17011
718,352,-221,415.63,0.26867
719,287,-61,293.41,0.18966
720,214,213,301.94,0.19517
721,84,228,242.98,0.15707
722,77,88,116.93,0.07559
723,286,49,290.17,0.18757
724,294,65,301.10,0.19463
725,195,107,222.43,0.14378
726,74,184,198.32,0.12820
727,188,60,197.34,0.12756
728,200,61,209.10,0.13516
729,131,87,157.26,0.10165
730,120,214,245.35,0.15860
731,104,103,146.37,0.09462
732,-12,43,44.64,0.02886
733,-41,107,114.59,0.07407
734,91,46,101.97,0.06591
735,102,19,103.75,0.06707
736,210,-15,210.54,0.13609
737,120,131,177.65,0.11484
738,153,172,230.20,0.14881
739,198,237,308.83,0.19963
740,190,169,254.29,0.16437
741,222,96,241.87,0.15635
742,274,130,303.28,0.19604
743,210,133,248.57,0.16068
744,55,232,238.43,0.15412
745,276,599,659.53,0.42633
746,1091,1600,1936.56,1.25182
747,3085,1925,3636.32,2.35056
748,6990,192,6992.64,4.52013
749,13010,-2677,13282.56,8.58601
750,16402,-2493,16590.38,10.72423
751,10757,879,10792.85,6.97663
752,121,1989,1992.68,1.28809
753,-4534,-288,4543.14,2.93674
754,-1242,-1960,2320.38,1.49992
755,2034,-675,2143.08,1.38531
756,1384,1014,1715.71,1.10905
757,-301,930,977.50,0.63187
758,-551,16,551.23,0.35632
759,-231,-202,306.86,0.19836
760,-915,-87,919.13,0.59413
761,-1816,-193,1826.23,1.18050
762,-1848,-181,1856.84,1.20029
763,-1026,45,1026.99,0.66386
764,-321,181,368.51,0.23821
765,-160,-257,302.74,0.19569
766,181,-1066,1081.26,0.69894
767,976,-1712,1970.66,1.27386
768,1044,-1337,1696.32,1.09652
769,-2,-392,392.01,0.25340
770,-1245,-469,1330.41,0.85999
771,-1845,-1145,2171.42,1.40363
772,-1926,-894,2123.37,1.37257
773,-1722,785,1892.49,1.22333
774,-1193,2012,2339.10,1.51202
775,-615,1429,1555.72,1.00564
776,-466,179,499.20,0.32269
777,-480,-209,523.53,0.33841
778,-595,93,602.22,0.38929
779,-662,-17,662.22,0.42807
780,-620,-703,937.34,0.60591
781,-522,-990,1119.19,0.72346
782,-602,-309,676.67,0.43741
783,-856,1172,1451.32,0.93815
784,-1162,2098,2398.30,1.55029
785,-1360,1719,2191.93,1.41689
786,-1275,203,1291.06,0.83456
787,-1162,-1516,1910.10,1.23472
788,-1024,-2026,2270.08,1.46741
789,-617,-1116,1275.20,0.82431
790,-61,193,202.41,0.13084
791,65,315,321.64,0.20791
792,-650,-333,730.33,0.47210
793,-1471,-191,1483.35,0.95885
794,-1241,891,1527.73,0.98754
795,-469,1744,1805.96,1.16740
796,-213,1646,1659.72,1.07287
797,-819,936,1243.73,0.80396
798,-1232,25,1232.25,0.79654
799,-610,-436,749.80,0.48468
800,213,-215,302.65,0.19563
801,336,59,341.14,0.22052
802,174,-46,179.98,0.11634
803,137,19,138.31,0.08941
804,-9,367,367.11,0.23730
805,-278,332,433.02,0.27991
806,-323,-23,323.82,0.20932
807,-100,45,109.66,0.07088
808,189,660,686.53,0.44378
809,48,1122,1123.03,0.72594
810,42,1001,1001.88,0.64763
811,265,695,743.81,0.48081
812,489,360,607.22,0.39252
813,398,494,634.38,0.41007
814,302,811,865.40,0.55941
815,298,899,947.10,0.61222
816,716,507,877.33,0.56712
817,793,177,812.51,0.52522
818,202,220,298.67,0.19306
819,-445,52,448.03,0.28961
820,-188,-101,213.41,0.13795
821,446,-205,490.86,0.31730
822,498,-77,503.92,0.32574
823,106,158,190.26,0.12299
824,-199,251,320.32,0.20706
825,-224,301,375.20,0.24254
826,-85,86,120.92,0.07816
827,-147,30,150.03,0.09698
828,-28,353,354.11,0.22890
829,257,957,990.91,0.64053
830,119,1148,1154.15,0.74606
831,-262,798,839.91,0.54293
832,-208,186,279.03,0.18037
833,-92,-194,214.71,0.13879
834,-7,81,81.30,0.05255
835,-111,355,371.95,0.24043
836,-300,312,432.83,0.27979
837,-294,178,343.69,0.22216
838,-194,237,306.28,0.19798
839,87,393,402.51,0.26019
840,90,467,475.59,0.30743
841,-67,326,332.81,0.21513
842,-226,239,328.93,0.21263
843,-93,480,488.93,0.31605
844,281,866,910.45,0.58853
845,509,1300,1396.09,0.90245
846,404,1541,1593.08,1.02979
847,-119,868,876.12,0.56633
# END
# FRAME,6,RX_TS,37912541511,FP_INDEX,749.1875,FP_INT,749,RXPACC,2020,RXPWR,-90.37,FP_PWR,-92.74,STD_NOISE,104.00,NTM,13,NOISE_THRESH,1352.00,PEAK_IDX,751,PEAK_AMPL,16391,START,699,elapsed_s,0.5361
sample,real,imag,amplitude,amplitude_norm
699,281,278,395.28,0.19568
700,82,209,224.51,0.11114
701,134,177,222.00,0.10990
702,111,306,325.51,0.16114
703,71,246,256.04,0.12675
704,-3,226,226.02,0.11189
705,-35,208,210.92,0.10442
706,1,243,243.00,0.12030
707,188,355,401.71,0.19887
708,220,325,392.46,0.19429
709,335,323,465.35,0.23037
710,384,308,492.26,0.24369
711,299,388,489.84,0.24250
712,275,309,413.65,0.20478
713,238,306,387.66,0.19191
714,176,95,200.00,0.09901
715,111,272,293.78,0.14543
716,50,457,459.73,0.22759
717,84,574,580.11,0.28719
718,302,684,747.70,0.37015
719,413,626,749.96,0.37127
720,387,361,529.24,0.26200
721,191,71,203.77,0.10088
722,203,44,207.71,0.10283
723,295,314,430.84,0.21329
724,164,444,473.32,0.23432
725,78,332,341.04,0.16883
726,253,269,369.28,0.18281
727,273,236,360.87,0.17865
728,268,281,388.31,0.19223
729,194,333,385.39,0.19079
730,269,265,377.61,0.18693
731,291,251,384.29,0.19024
732,305,196,362.55,0.17948
733,275,200,340.04,0.16834
734,269,243,362.51,0.17946
735,284,294,408.77,0.20236
736,246,308,394.18,0.19514
737,189,259,320.63,0.15873
738,200,220,297.32,0.14719
739,298,172,344.08,0.17033
740,294,110,313.90,0.15540
741,354,118,373.15,0.18473
742,192,149,243.03,0.12031
743,82,236,249.84,0.12368
744,124,174,213.66,0.10577
745,166,-59,176.17,0.08721
746,-408,-1071,1146.08,0.56737
747,-2079,-2525,3270.76,1.61919
748,-4617,-1727,4929.42,2.44031
749,-8223,4345,9300.36,4.60414
750,-12623,12019,17429.76,8.62859
751,-13464,11090,17443.26,8.63528
752,-5931,2056,6277.25,3.10755
753,3396,-3601,4949.75,2.45037
754,5565,-1072,5667.31,2.80560
755,1010,2589,2779.03,1.37576
756,-2280,2006,3036.85,1.50339
757,-1253,-273,1282.40,0.63485
758,460,-452,644.91,0.31926
759,833,447,945.36,0.46800
760,1000,434,1090.12,0.53966
761,2096,-131,2100.09,1.03965
762,2919,-347,2939.55,1.45522
763,2450,-258,2463.55,1.21958
764,1014,-274,1050.37,0.51998
765,647,-241,690.43,0.34180
766,911,186,929.79,0.46029
767,712,1398,1568.87,0.77667
768,29,2364,2364.18,1.17039
769,-51,1987,1987.65,0.98399
770,1123,1073,1553.21,0.76892
771,2958,946,3105.59,1.53742
772,4326,847,4408.14,2.18225
773,3841,-537,3878.36,1.91998
774,1664,-2320,2855.05,1.41339
775,54,-2172,2172.67,1.07558
776,274,-255,374.30,0.18530
777,900,1147,1457.95,0.72176
778,485,943,1060.41,0.52496
779,156,438,464.95,0.23017
780,673,771,1023.41,0.50664
781,1747,1271,2160.43,1.06952
782,2036,1064,2297.26,1.13726
783,1378,-381,1429.70,0.70777
784,494,-2166,2221.62,1.09981
785,326,-2997,3014.68,1.49241
786,1111,-2171,2438.76,1.20731
787,2114,-161,2120.12,1.04957
788,2819,1504,3195.12,1.58174
789,2553,1763,3102.58,1.53593
790,1253,918,1553.30,0.76896
791,38,259,261.77,0.12959
792,522,405,660.69,0.32707
793,1868,413,1913.11,0.94708
794,2438,-181,2444.71,1.21025
795,1276,-924,1575.42,0.77991
796,-140,-1175,1183.31,0.58580
797,-120,-1152,1158.23,0.57338
798,1159,-602,1306.02,0.64654
799,1699,289,1723.40,0.85317
800,875,1007,1334.04,0.66042
801,-165,756,773.80,0.38307
802,-188,297,351.50,0.17401
803,312,270,412.61,0.20426
804,316,438,540.09,0.26737
805,220,180,284.25,0.14072
806,473,2,473.00,0.23416
807,740,145,754.07,0.37330
808,498,-13,498.17,0.24662
809,152,-707,723.15,0.35800
810,40,-1020,1020.78,0.50534
811,70,-701,704.49,0.34876
812,191,-144,239.20,0.11842
813,242,216,324.38,0.16058
814,52,20,55.71,0.02758
815,-349,-126,371.05,0.18369
816,-637,295,701.99,0.34752
817,-695,862,1107.28,0.54816
818,-298,638,704.16,0.34860
819,420,200,465.19,0.23029
820,862,79,865.61,0.42852
821,527,304,608.40,0.30119
822,77,503,508.86,0.25191
823,111,366,382.46,0.18934
824,363,90,373.99,0.18514
825,641,-71,644.92,0.31927
826,801,-69,803.97,0.39800
827,627,211,661.55,0.32750
828,446,329,554.22,0.27437
829,-84,-167,186.94,0.09254
830,-451,-913,1018.32,0.50412
831,-223,-991,1015.78,0.50286
832,446,-289,531.45,0.26309
833,695,374,789.24,0.39071
834,380,409,558.28,0.27638
835,230,78,242.87,0.12023
836,457,-135,476.52,0.23590
837,533,-79,538.82,0.26674
838,133,-95,163.44,0.08091
839,-24,-296,296.97,0.14702
840,-157,-247,292.67,0.14489
841,87,-84,120.93,0.05987
842,244,-9,244.17,0.12087
843,434,-181,470.23,0.23279
844,313,-490,581.44,0.28784
845,-320,-745,810.82,0.40139
846,-770,-801,1111.08,0.55004
847,-631,-696,939.46,0.46508
848,69,-107,127.32,0.06303
# END
# FRAME,7,RX_TS,44302335141,FP_INDEX,746.6719,FP_INT,746,RXPACC,2032,RXPWR,-91.39,FP_PWR,-101.39,STD_NOISE,60.00,NTM,13,NOISE_THRESH,780.00,PEAK_IDX,751,PEAK_AMPL,14857,START,696,elapsed_s,0.5906
sample,real,imag,amplitude,amplitude_norm
696,201,307,366.95,0.18058
697,358,195,407.66,0.20062
698,571,98,579.35,0.28511
699,499,60,502.59,0.24734
700,163,108,195.53,0.09623
701,120,225,255.00,0.12549
702,123,209,242.51,0.11934
703,208,306,370.00,0.18209
704,217,404,458.59,0.22568
705,237,399,464.08,0.22839
706,239,260,353.16,0.17380
707,273,210,344.43,0.16950
708,368,368,520.43,0.25612
709,343,265,433.44,0.21331
710,287,156,326.66,0.16076
711,227,200,302.54,0.14889
712,300,236,381.70,0.18785
713,294,169,339.11,0.16689
714,258,183,316.31,0.15567
715,244,282,372.91,0.18352
716,361,314,478.45,0.23546
717,495,279,568.21,0.27963
718,672,256,719.11,0.35389
719,561,144,579.19,0.28503
720,274,132,304.14,0.14967
721,-7,102,102.24,0.05031
722,200,177,267.07,0.13143
723,491,358,607.66,0.29904
724,599,386,712.60,0.35069
725,310,413,516.40,0.25413
726,202,348,402.38,0.19802
727,304,319,440.66,0.21686
728,346,407,534.20,0.26289
729,333,365,494.08,0.24315
730,340,289,446.23,0.21960
731,298,279,408.22,0.20090
732,202,278,343.64,0.16911
733,136,255,289.00,0.14222
734,313,161,351.98,0.17322
735,363,-23,363.73,0.17900
736,310,103,326.66,0.16076
737,140,222,262.46,0.12916
738,76,270,280.49,0.13804
739,194,224,296.33,0.14583
740,138,147,201.63,0.09923
741,239,231,332.39,0.16358
742,211,205,294.19,0.14478
743,137,258,292.12,0.14376
744,177,155,235.27,0.11578
745,-69,195,206.85,0.10180
746,-608,612,862.67,0.42454
747,-1797,1570,2386.23,1.17433
748,-1257,3170,3410.12,1.67821
749,4116,6660,7829.24,3.85297
750,11237,11617,16162.45,7.95396
751,11336,12304,16730.01,8.23327
752,3120,4487,5465.12,2.68953
753,-3126,-4182,5221.21,2.56949
754,-1528,-4705,4946.90,2.43450
755,2234,628,2320.59,1.14202
756,2195,3010,3725.34,1.83333
757,26,1090,1090.31,0.53657
758,-274,-536,601.97,0.29625
759,570,-182,598.35,0.29446
760,641,-142,656.54,0.32310
761,-80,-1348,1350.37,0.66455
762,-411,-2176,2214.47,1.08980
763,-361,-1842,1877.04,0.92374
764,-560,-502,752.07,0.37011
765,-547,421,690.25,0.33969
766,-20,220,220.91,0.10871
767,1232,-216,1250.79,0.61555
768,1880,33,1880.29,0.92534
769,1475,222,1491.61,0.73406
770,748,-198,773.76,0.38079
771,1071,-1242,1640.00,0.80709
772,1358,-2487,2833.61,1.39449
773,-247,-2968,2978.26,1.46568
774,-2499,-1771,3062.91,1.50734
775,-2877,128,2879.85,1.41725
776,-1248,601,1385.17,0.68168
777,539,44,540.79,0.26614
778,1189,-229,1210.85,0.59589
779,1364,-83,1366.52,0.67250
780,1573,-141,1579.31,0.77722
781,1422,-785,1624.29,0.79935
782,954,-1349,1652.25,0.81311
783,-362,-1019,1081.39,0.53218
784,-2014,-152,2019.73,0.99396
785,-2819,197,2825.88,1.39069
786,-2203,-606,2284.83,1.12442
787,-366,-1710,1748.73,0.86060
788,1322,-2324,2673.70,1.31580
789,1561,-2201,2698.36,1.32793
790,911,-1066,1402.24,0.69008
791,729,163,747.00,0.36762
792,775,411,877.24,0.43171
793,383,-746,838.57,0.41268
794,-126,-1885,1889.21,0.92973
795,-406,-1146,1215.79,0.59832
796,-610,565,831.46,0.40918
797,-1081,1031,1493.83,0.73515
798,-1253,-203,1269.34,0.62467
799,-453,-1320,1395.57,0.68680
800,634,-1014,1195.89,0.58853
801,888,358,957.45,0.47119
802,280,918,959.75,0.47232
803,229,351,419.10,0.20625
804,542,154,563.45,0.27729
805,316,263,411.13,0.20233
806,-273,216,348.12,0.17132
807,-261,-304,400.67,0.19718
808,-16,-384,384.33,0.18914
809,-337,217,400.82,0.19725
810,-1023,441,1114.01,0.54823
811,-980,396,1056.98,0.52017
812,-180,388,427.72,0.21049
813,424,244,489.20,0.24075
814,203,176,268.67,0.13222
815,-72,299,307.55,0.15135
816,388,843,928.00,0.45670
817,924,1347,1633.46,0.80387
818,958,1073,1438.43,0.70789
819,297,131,324.61,0.15975
820,159,-481,506.60,0.24931
821,523,-261,584.51,0.28765
822,583,247,633.17,0.31160
823,354,386,523.75,0.25775
824,-20,36,41.18,0.02027
825,-54,-149,158.48,0.07799
826,10,-29,30.68,0.01510
827,258,115,282.47,0.13901
828,152,327,360.60,0.17746
829,-280,686,740.94,0.36464
830,-796,999,1277.35,0.62862
831,-936,871,1278.57,0.62922
832,-320,377,494.50,0.24336
833,346,43,348.66,0.17159
834,373,69,379.33,0.18668
835,-111,161,195.56,0.09624
836,-517,141,535.88,0.26372
837,-360,-58,364.64,0.17945
838,-179,10,179.28,0.08823
839,-380,302,485.39,0.23887
840,-446,508,676.00,0.33268
841,-201,276,341.43,0.16803
842,213,5,213.06,0.10485
843,219,101,241.17,0.11869
844,-141,340,368.08,0.18114
845,-537,839,996.14,0.49023
# END
# FRAME,8,RX_TS,50692129572,FP_INDEX,749.1562,FP_INT,749,RXPACC,2005,RXPWR,-90.83,FP_PWR,-92.63,STD_NOISE,44.00,NTM,13,NOISE_THRESH,572.00,PEAK_IDX,751,PEAK_AMPL,16114,START,699,elapsed_s,0.6863
sample,real,imag,amplitude,amplitude_norm
699,474,188,509.92,0.25432
700,307,292,423.69,0.21132
701,189,343,391.62,0.19532
702,134,228,264.46,0.13190
703,326,158,362.27,0.18068
704,323,325,458.21,0.22853
705,324,346,474.02,0.23642
706,231,336,407.75,0.20336
707,201,263,331.01,0.16509
708,493,199,531.65,0.26516
709,436,219,487.91,0.24335
710,232,70,242.33,0.12086
711,180,53,187.64,0.09359
712,236,209,315.24,0.15723
713,321,240,400.80,0.19990
714,254,217,334.07,0.16662
715,259,330,419.50,0.20923
716,462,338,572.44,0.28551
717,493,163,519.25,0.25898
718,453,-159,480.09,0.23945
719,522,-132,538.43,0.26854
720,282,38,284.55,0.14192
721,73,311,319.45,0.15933
722,75,206,219.23,0.10934
723,189,99,213.36,0.10641
724,328,198,383.13,0.19109
725,417,174,451.85,0.22536
726,307,335,454.39,0.22663
727,388,251,462.11,0.23048
728,302,207,366.13,0.18261
729,228,234,326.71,0.16295
730,211,189,283.27,0.14128
731,261,281,383.51,0.19128
732,357,215,416.74,0.20785
733,187,191,267.30,0.13332
734,181,112,212.85,0.10616
735,258,119,284.12,0.14171
736,380,95,391.70,0.19536
737,300,177,348.32,0.17373
738,230,237,330.26,0.16472
739,280,141,313.50,0.15636
740,329,190,379.92,0.18949
741,152,260,301.17,0.15021
742,224,298,372.80,0.18594
743,268,194,330.85,0.16501
744,311,119,332.99,0.16608
745,203,266,334.61,0.16689
746,59,674,676.58,0.33745
747,194,1571,1582.93,0.78949
748,2160,2241,3112.50,1.55237
749,7393,2473,7795.65,3.88811
750,14361,3278,14730.36,7.34681
751,15420,3946,15916.89,7.93860
752,6121,2278,6531.15,3.25743
753,-3946,-951,4058.98,2.02443
754,-4695,-2098,5142.43,2.56481
755,934,-155,946.77,0.47221
756,3166,1577,3537.02,1.76410
757,1008,996,1417.07,0.70677
758,-349,-142,376.78,0.18792
759,305,-439,534.55,0.26661
760,695,-386,795.00,0.39651
761,-262,-583,639.17,0.31879
762,-1138,-813,1398.58,0.69754
763,-1143,-555,1270.62,0.63373
764,-687,-17,687.21,0.34275
765,-452,252,517.50,0.25811
766,-515,-87,522.30,0.26050
767,29,-615,615.68,0.30707
768,1174,-633,1333.78,0.66523
769,1507,-276,1532.07,0.76412
770,823,-568,999.98,0.49874
771,269,-1630,1652.05,0.82396
772,-209,-3041,3048.17,1.52029
773,-1544,-3105,3467.70,1.72953
774,-2923,-1079,3115.79,1.55401
775,-2510,1497,2922.52,1.45761
776,-1238,1714,2114.34,1.05453
777,-92,66,113.23,0.05647
778,707,-1115,1320.26,0.65848
779,1322,-966,1637.33,0.81662
780,1466,-284,1493.26,0.74477
781,910,-932,1302.58,0.64967
782,180,-1851,1859.73,0.92755
783,-533,-1336,1438.40,0.71740
784,-1706,469,1769.29,0.88244
785,-2903,1804,3417.87,1.70467
786,-2997,1133,3204.01,1.59801
787,-1573,-845,1785.60,0.89057
788,61,-2470,2470.75,1.23230
789,678,-2634,2719.86,1.35654
790,547,-1509,1605.08,0.80054
791,805,-118,813.60,0.40579
792,1179,361,1233.03,0.61498
793,553,-352,655.52,0.32695
794,-639,-1064,1241.14,0.61902
795,-1041,-734,1273.75,0.63529
796,-558,375,672.30,0.33531
797,-631,1196,1352.25,0.67444
798,-1302,834,1546.21,0.77118
799,-1294,-439,1366.44,0.68152
800,-212,-1024,1045.72,0.52155
801,728,-168,747.13,0.37264
802,605,871,1060.50,0.52893
803,263,976,1010.81,0.50415
804,286,433,518.93,0.25882
805,163,259,306.02,0.15263
806,-193,345,395.32,0.19716
807,-427,247,493.29,0.24603
808,-336,119,356.45,0.17778
809,-420,128,439.07,0.21899
810,-725,306,786.93,0.39248
811,-592,482,763.41,0.38075
812,-29,492,492.85,0.24581
813,248,361,437.98,0.21844
814,55,318,322.72,0.16096
815,-233,503,554.34,0.27648
816,257,695,741.00,0.36957
817,1119,709,1324.70,0.66070
818,1367,862,1616.09,0.80603
819,530,623,817.94,0.40795
820,0,217,217.00,0.10823
821,207,-54,213.93,0.10670
822,436,208,483.07,0.24093
823,134,371,394.46,0.19674
824,-347,254,430.03,0.21448
825,-494,-31,494.97,0.24687
826,-192,253,317.61,0.15841
827,113,488,500.91,0.24983
828,18,342,342.47,0.17081
829,-174,411,446.31,0.22260
830,-199,1145,1162.16,0.57963
831,-429,1341,1407.95,0.70222
832,-390,773,865.81,0.43183
833,-7,-25,25.96,0.01295
834,259,-212,334.70,0.16693
835,-55,214,220.95,0.11020
836,-372,608,712.77,0.35550
837,-423,640,767.16,0.38262
838,-214,479,524.63,0.26166
839,-191,546,578.44,0.28850
840,-320,757,821.86,0.40990
841,-273,555,618.51,0.30848
842,-58,330,335.06,0.16711
843,47,200,205.45,0.10247
844,-241,495,550.55,0.27459
845,-146,934,945.34,0.47149
846,-45,1314,1314.77,0.65575
847,174,1482,1492.18,0.74423
848,158,823,838.03,0.41797
# END
# FRAME,9,RX_TS,57081923306,FP_INDEX,748.1250,FP_INT,748,RXPACC,2015,RXPWR,-91.39,FP_PWR,-93.84,STD_NOISE,68.00,NTM,13,NOISE_THRESH,884.00,PEAK_IDX,750,PEAK_AMPL,14338,START,698,elapsed_s,0.7823
sample,real,imag,amplitude,amplitude_norm
698,126,433,450.96,0.22380
699,340,350,487.95,0.24216
700,257,226,342.24,0.16984
701,27,198,199.83,0.09917
702,-49,216,221.49,0.10992
703,97,178,202.71,0.10060
704,190,173,256.96,0.12752
705,194,208,284.43,0.14116
706,209,207,294.16,0.14599
707,217,178,280.67,0.13929
708,151,194,245.84,0.12200
709,77,240,252.05,0.12509
710,155,372,403.00,0.20000
711,208,305,369.17,0.18321
712,139,315,344.31,0.17087
713,271,183,327.00,0.16228
714,283,46,286.71,0.14229
715,38,138,143.14,0.07104
716,-6,190,190.09,0.09434
717,-214,218,305.48,0.15160
718,-208,336,395.17,0.19611
719,164,355,391.05,0.19407
720,424,374,565.38,0.28058
721,490,305,577.17,0.28644
722,277,163,321.40,0.15950
723,-18,100,101.61,0.05043
724,13,199,199.42,0.09897
725,126,76,147.15,0.07303
726,447,65,451.70,0.22417
727,388,-40,390.06,0.19358
728,290,110,310.16,0.15393
729,152,326,359.69,0.17851
730,108,271,291.73,0.14478
731,161,253,299.88,0.14883
732,298,351,460.44,0.22851
733,306,457,549.99,0.27295
734,231,409,469.73,0.23311
735,95,241,259.05,0.12856
736,104,130,166.48,0.08262
737,329,210,390.31,0.19370
738,255,337,422.60,0.20973
739,339,344,482.97,0.23969
740,416,331,531.62,0.26383
741,509,145,529.25,0.26266
742,243,66,251.80,0.12496
743,72,220,231.48,0.11488
744,206,316,377.22,0.18720
745,432,-103,444.11,0.22040
746,409,-1289,1352.33,0.67113
747,-1328,-3446,3693.03,1.83277
748,-5100,-6798,8498.40,4.21757
749,-8869,-11462,14492.64,7.19238
750,-8014,-12094,14508.24,7.20012
751,-1452,-4313,4550.85,2.25849
752,4344,4397,6180.93,3.06746
753,3978,5118,6482.16,3.21695
754,180,-95,203.53,0.10101
755,-1166,-2596,2845.83,1.41232
756,206,-712,741.20,0.36784
757,873,1228,1506.69,0.74774
758,-69,1145,1147.08,0.56927
759,-745,585,947.23,0.47009
760,-272,943,981.44,0.48707
761,554,1682,1770.89,0.87885
762,1027,2009,2256.28,1.11974
763,1019,1712,1992.31,0.98874
764,948,1614,1871.82,0.92894
765,803,1549,1744.77,0.86589
766,-232,1107,1131.05,0.56131
767,-1459,195,1471.97,0.73051
768,-1496,2,1496.00,0.74243
769,-718,927,1172.54,0.58191
770,-645,2134,2229.35,1.10637
771,-847,3008,3124.98,1.55086
772,289,3407,3419.24,1.69689
773,2258,2794,3592.35,1.78281
774,3090,1050,3263.53,1.61962
775,2195,-270,2211.54,1.09754
776,885,50,886.41,0.43991
777,-129,616,629.36,0.31234
778,-826,410,922.16,0.45765
779,-973,39,973.78,0.48327
780,-565,580,809.71,0.40184
781,-134,1584,1589.66,0.78891
782,530,1827,1902.32,0.94408
783,1632,1348,2116.73,1.05048
784,2859,1111,3067.28,1.52222
785,2500,1577,2955.83,1.46691
786,339,2134,2160.76,1.07234
787,-1782,2343,2943.67,1.46088
788,-2177,1827,2842.05,1.41045
789,-1073,968,1445.11,0.71718
790,-65,20,68.01,0.03375
791,99,-586,594.30,0.29494
792,16,126,127.01,0.06303
793,319,1331,1368.69,0.67925
794,698,1193,1382.19,0.68595
795,1009,28,1009.39,0.50094
796,1588,-283,1613.02,0.80051
797,1673,805,1856.60,0.92139
798,801,1990,2145.16,1.06459
799,-438,1622,1680.10,0.83380
800,-458,357,580.70,0.28819
801,647,-318,720.93,0.35778
802,1107,-119,1113.38,0.55254
803,474,-40,475.68,0.23607
804,157,-205,258.21,0.12815
805,504,188,537.92,0.26696
806,896,747,1166.54,0.57893
807,718,739,1030.36,0.51135
808,738,600,951.13,0.47202
809,880,420,975.09,0.48392
810,855,272,897.22,0.44527
811,385,192,430.22,0.21351
812,162,-74,178.10,0.08839
813,480,-64,484.25,0.24032
814,882,141,893.20,0.44328
815,445,-75,451.28,0.22396
816,-167,-646,667.24,0.33113
817,-124,-881,889.68,0.44153
818,371,-193,418.20,0.20754
819,466,457,652.69,0.32392
820,204,527,565.11,0.28045
821,118,275,299.25,0.14851
822,249,503,561.26,0.27854
823,497,844,979.46,0.48609
824,487,594,768.12,0.38120
825,706,102,713.33,0.35401
826,742,19,742.24,0.36836
827,489,463,673.42,0.33420
828,515,263,578.27,0.28698
829,1118,-57,1119.45,0.55556
830,1563,-30,1563.29,0.77583
831,986,424,1073.30,0.53265
832,22,601,601.40,0.29846
833,-216,492,537.33,0.26666
834,406,324,519.43,0.25778
835,828,265,869.37,0.43145
836,827,440,936.77,0.46490
837,717,481,863.39,0.42848
838,872,222,899.82,0.44656
839,991,184,1007.94,0.50022
840,661,392,768.50,0.38139
841,346,550,649.78,0.32247
842,464,460,653.37,0.32425
843,778,226,810.16,0.40206
844,1210,-177,1222.88,0.60689
845,1283,-596,1414.67,0.70207
846,991,-595,1155.90,0.57365
847,362,140,388.13,0.19262
# END
# FRAME,10,RX_TS,63471717047,FP_INDEX,747.0625,FP_INT,747,RXPACC,1860,RXPWR,-89.79,FP_PWR,-91.99,STD_NOISE,56.00,NTM,13,NOISE_THRESH,728.00,PEAK_IDX,748,PEAK_AMPL,17069,START,697,elapsed_s,1.0272
sample,real,imag,amplitude,amplitude_norm
697,299,195,356.97,0.19192
698,120,140,184.39,0.09913
699,208,82,223.58,0.12020
700,306,114,326.55,0.17556
701,463,109,475.66,0.25573
702,438,300,530.89,0.28542
703,241,194,309.38,0.16633
704,109,110,154.86,0.08326
705,291,134,320.37,0.17224
706,412,193,454.96,0.24460
707,363,261,447.09,0.24037
708,226,154,273.48,0.14703
709,108,43,116.25,0.06250
710,78,142,162.01,0.08710
711,144,224,266.29,0.14317
712,249,261,360.72,0.19394
713,372,211,427.67,0.22993
714,440,170,471.70,0.25360
715,389,-18,389.42,0.20936
716,439,-121,455.37,0.24482
717,434,-79,441.13,0.23717
718,209,171,270.04,0.14518
719,20,316,316.63,0.17023
720,-4,142,142.06,0.07637
721,240,80,252.98,0.13601
722,472,208,515.80,0.27731
723,439,260,510.22,0.27431
724,279,239,367.37,0.19751
725,95,273,289.06,0.15541
726,120,271,296.38,0.15934
727,107,213,238.37,0.12815
728,83,64,104.81,0.05635
729,202,33,204.68,0.11004
730,171,256,307.86,0.16552
731,173,190,256.96,0.13815
732,95,18,96.69,0.05198
733,98,71,121.02,0.06506
734,292,92,306.15,0.16460
735,387,95,398.49,0.21424
736,116,166,202.51,0.10888
737,40,172,176.59,0.09494
738,98,128,161.21,0.08667
739,128,218,252.80,0.13591
740,270,256,372.07,0.20004
741,265,200,332.00,0.17850
742,263,165,310.47,0.16692
743,239,290,375.79,0.20204
744,588,1031,1186.89,0.63811
745,1841,2355,2989.20,1.60710
746,4475,3094,5440.45,2.92497
747,9897,3317,10438.06,5.61186
748,16396,3724,16813.60,9.03957
749,14650,3134,14981.47,8.05455
750,2508,1135,2752.87,1.48004
751,-6595,-119,6596.07,3.54628
752,-4460,209,4464.89,2.40048
753,1741,825,1926.58,1.03580
754,2813,784,2920.21,1.57001
755,-6,181,181.10,0.09737
756,-1150,-184,1164.63,0.62614
757,-48,-698,699.65,0.37616
758,519,-962,1093.07,0.58767
759,-492,-792,932.38,0.50128
760,-1350,-505,1441.36,0.77493
761,-1382,-323,1419.24,0.76303
762,-1145,-311,1186.48,0.63790
763,-913,-364,982.89,0.52843
764,-496,-611,786.98,0.42311
765,549,-957,1103.29,0.59317
766,1607,-1042,1915.26,1.02971
767,1203,-1032,1585.00,0.85215
768,-144,-1360,1367.60,0.73527
769,-655,-2113,2212.19,1.18935
770,-987,-2366,2563.62,1.37829
771,-2039,-1287,2411.20,1.29634
772,-2678,379,2704.69,1.45413
773,-2025,1378,2449.39,1.31688
774,-858,877,1226.90,0.65963
775,58,-304,309.48,0.16639
776,592,-803,997.63,0.53636
777,938,-312,988.53,0.53147
778,497,-47,499.22,0.26840
779,46,-946,947.12,0.50920
780,-166,-1568,1576.76,0.84772
781,-872,-741,1144.32,0.61523
782,-2033,1083,2303.47,1.23843
783,-2980,1806,3484.54,1.87341
784,-2387,550,2449.54,1.31696
785,-532,-1574,1661.48,0.89327
786,882,-2799,2934.68,1.57778
787,1057,-2264,2498.59,1.34333
788,848,-530,1000.00,0.53764
789,741,749,1053.60,0.56645
790,641,698,947.67,0.50950
791,-293,-93,307.41,0.16527
792,-917,-287,960.86,0.51659
793,-716,435,837.78,0.45042
794,-408,1154,1224.00,0.65807
795,-989,994,1402.20,0.75387
796,-1598,-110,1601.78,0.86117
797,-1011,-1032,1444.70,0.77672
798,175,-891,908.02,0.48818
799,341,166,379.26,0.20390
800,-390,851,936.11,0.50328
801,-358,585,685.85,0.36874
802,286,298,413.04,0.22206
803,392,457,602.09,0.32370
804,-339,440,555.45,0.29863
805,-840,59,842.07,0.45273
806,-788,-260,829.79,0.44612
807,-369,75,376.54,0.20244
808,-161,599,620.26,0.33347
809,36,544,545.19,0.29311
810,434,342,552.56,0.29707
811,341,266,432.48,0.23251
812,-79,666,670.67,0.36057
813,-158,874,888.17,0.47751
814,582,542,795.29,0.42758
815,1192,579,1325.18,0.71246
816,865,778,1163.40,0.62549
817,149,589,607.55,0.32664
818,-1,172,172.00,0.09247
819,153,32,156.31,0.08404
820,-9,139,139.29,0.07489
821,-162,177,239.94,0.12900
822,-222,139,261.93,0.14082
823,-244,341,419.31,0.22543
824,-344,501,607.73,0.32674
825,-243,177,300.63,0.16163
826,18,-66,68.41,0.03678
827,42,509,510.73,0.27459
828,-355,1325,1371.73,0.73749
829,-716,964,1200.81,0.64560
830,-308,-45,311.27,0.16735
831,241,-390,458.46,0.24648
832,262,-130,292.48,0.15725
833,-158,428,456.23,0.24529
834,-324,520,612.68,0.32940
835,-127,176,217.04,0.11669
836,-63,220,228.84,0.12303
837,-171,616,639.29,0.34371
838,-297,761,816.90,0.43920
839,-80,422,429.52,0.23092
840,-206,-43,210.44,0.11314
841,-377,90,387.59,0.20838
842,-345,620,709.52,0.38146
843,-185,1208,1222.08,0.65703
844,-34,1607,1607.36,0.86417
845,-81,1215,1217.70,0.65468
846,9,179,179.23,0.09636
# END
# FRAME,11,RX_TS,69861510748,FP_INDEX,754.1250,FP_INT,754,RXPACC,1715,RXPWR,-89.06,FP_PWR,-91.11,STD_NOISE,136.00,NTM,13,NOISE_THRESH,1768.00,PEAK_IDX,756,PEAK_AMPL,16726,START,704,elapsed_s,1.1214
sample,real,imag,amplitude,amplitude_norm
704,48,353,356.25,0.20773
705,210,260,334.22,0.19488
706,249,182,308.42,0.17984
707,153,91,178.02,0.10380
708,96,-21,98.27,0.05730
709,184,42,188.73,0.11005
710,166,105,196.42,0.11453
711,181,115,214.44,0.12504
712,86,20,88.29,0.05148
713,34,39,51.74,0.03017
714,35,-7,35.69,0.02081
715,40,123,129.34,0.07542
716,197,228,301.32,0.17570
717,254,213,331.49,0.19329
718,189,149,240.67,0.14033
719,241,131,274.30,0.15994
720,182,193,265.28,0.15468
721,-50,84,97.75,0.05700
722,-169,77,185.71,0.10829
723,-166,15,166.68,0.09719
724,-126,-6,126.14,0.07355
725,72,152,168.19,0.09807
726,230,321,394.89,0.23026
727,253,251,356.38,0.20780
728,199,187,273.08,0.15923
729,207,-30,209.16,0.12196
730,204,-5,204.06,0.11899
731,137,79,158.15,0.09221
732,135,134,190.21,0.11091
733,267,200,333.60,0.19452
734,313,234,390.80,0.22787
735,127,205,241.15,0.14061
736,64,252,260.00,0.15160
737,71,192,204.71,0.11936
738,120,111,163.47,0.09532
739,64,145,158.50,0.09242
740,-8,219,219.15,0.12778
741,32,69,76.06,0.04435
742,47,174,180.24,0.10509
743,136,283,313.98,0.18308
744,155,246,290.76,0.16954
745,192,184,265.93,0.15506
746,274,167,320.88,0.18710
747,312,181,360.70,0.21032
748,277,214,350.04,0.20410
749,264,205,334.25,0.19490
750,274,26,275.23,0.16048
751,671,-487,829.10,0.48344
752,1333,-2156,2534.80,1.47802
753,1444,-5169,5366.91,3.12939
754,604,-9982,10000.26,5.83105
755,-546,-15898,15907.37,9.27544
756,-607,-16397,16408.23,9.56748
757,690,-6806,6840.89,3.98886
758,1762,3856,4239.50,2.47201
759,1343,4939,5118.34,2.98445
760,212,-415,466.01,0.27173
761,-91,-2631,2632.57,1.53503
762,508,-399,645.96,0.37665
763,463,1345,1422.46,0.82942
764,-365,850,925.05,0.53939
765,-818,271,861.72,0.50246
766,-653,1040,1228.01,0.71604
767,-185,2275,2282.51,1.33091
768,-3,2539,2539.00,1.48047
769,-195,1478,1490.81,0.86928
770,-456,376,591.03,0.34462
771,-672,239,713.24,0.41588
772,-871,264,910.13,0.53069
773,-1122,-416,1196.64,0.69775
774,-1199,-802,1442.50,0.84111
775,-1119,-49,1120.07,0.65310
776,-1295,1132,1720.01,1.00292
777,-1751,2069,2710.49,1.58046
778,-1148,2853,3075.31,1.79318
779,699,2658,2748.38,1.60255
780,2061,1547,2577.00,1.50262
781,1714,803,1892.78,1.10366
782,470,844,966.04,0.56329
783,-280,674,729.85,0.42557
784,-274,120,299.13,0.17442
785,-199,81,214.85,0.12528
786,-725,866,1129.42,0.65855
787,-1278,1374,1876.48,1.09415
788,-853,1456,1687.47,0.98395
789,654,1734,1853.23,1.08060
790,1754,2305,2896.47,1.68890
791,1320,2506,2832.39,1.65154
792,-473,1713,1777.10,1.03621
793,-2077,754,2209.63,1.28841
794,-2186,272,2202.86,1.28446
795,-931,74,933.94,0.54457
796,230,-128,263.22,0.15348
797,387,-196,433.80,0.25295
798,-14,413,413.24,0.24095
799,-5,1055,1055.01,0.61517
800,400,880,966.64,0.56364
801,1104,460,1196.00,0.69738
802,1114,859,1406.73,0.82025
803,287,1801,1823.72,1.06340
804,-715,1865,1997.36,1.16464
805,-1030,802,1305.41,0.76117
806,-44,212,216.52,0.12625
807,770,552,947.42,0.55243
808,678,647,937.17,0.54646
809,368,90,378.85,0.22090
810,195,-113,225.38,0.13141
811,516,417,663.43,0.38684
812,323,1135,1180.07,0.68808
813,-70,1276,1277.92,0.74514
814,28,895,895.44,0.52212
815,414,470,626.34,0.36521
816,623,140,638.54,0.37232
817,474,-145,495.68,0.28903
818,450,57,453.60,0.26449
819,554,508,751.65,0.43828
820,651,646,917.12,0.53477
821,630,89,636.26,0.37099
822,611,-415,738.61,0.43068
823,435,-309,533.58,0.31112
824,270,166,316.95,0.18481
825,-1,231,231.00,0.13470
826,37,41,55.23,0.03220
827,225,189,293.85,0.17134
828,190,432,471.94,0.27518
829,64,813,815.52,0.47552
830,226,699,734.63,0.42835
831,500,639,811.37,0.47310
832,206,721,749.85,0.43723
833,-89,552,559.13,0.32602
834,382,321,498.96,0.29094
835,1263,416,1329.75,0.77536
836,1288,695,1463.55,0.85338
837,422,806,909.79,0.53049
838,-401,472,619.34,0.36113
839,-286,259,385.85,0.22498
840,295,549,623.24,0.36340
841,562,748,935.60,0.54554
842,404,621,740.85,0.43198
843,264,650,701.57,0.40908
844,472,722,862.59,0.50297
845,711,713,1006.92,0.58713
846,466,634,786.84,0.45880
847,101,642,649.90,0.37895
848,252,778,817.79,0.47685
849,777,623,995.92,0.58071
850,1277,395,1336.70,0.77941
851,1602,184,1612.53,0.94025
852,1364,108,1368.27,0.79782
853,397,205,446.80,0.26053
# END
# FRAME,12,RX_TS,76251304341,FP_INDEX,750.2812,FP_INT,750,RXPACC,1977,RXPWR,-89.51,FP_PWR,-91.10,STD_NOISE,60.00,NTM,13,NOISE_THRESH,780.00,PEAK_IDX,752,PEAK_AMPL,17066,START,700,elapsed_s,1.1991
sample,real,imag,amplitude,amplitude_norm
700,28,322,323.22,0.16349
701,113,190,221.06,0.11182
702,146,120,188.99,0.09559
703,248,140,284.79,0.14405
704,124,121,173.25,0.08763
705,215,139,256.02,0.12950
706,252,111,275.36,0.13928
707,343,5,343.04,0.17351
708,300,153,336.76,0.17034
709,315,253,404.02,0.20436
710,294,183,346.30,0.17517
711,151,227,272.64,0.13790
712,166,194,255.33,0.12915
713,31,262,263.83,0.13345
714,31,250,251.91,0.12742
715,101,229,250.28,0.12660
716,165,308,349.41,0.17674
717,190,166,252.30,0.12762
718,78,150,169.07,0.08552
719,-81,68,105.76,0.05349
720,-265,16,265.48,0.13429
721,-269,-40,271.96,0.13756
722,33,141,144.81,0.07325
723,277,329,430.08,0.21754
724,168,305,348.21,0.17613
725,65,92,112.65,0.05698
726,94,21,96.32,0.04872
727,277,45,280.63,0.14195
728,219,121,250.20,0.12656
729,116,177,211.62,0.10704
730,199,315,372.59,0.18846
731,177,181,253.16,0.12805
732,123,314,337.23,0.17058
733,185,402,442.53,0.22384
734,232,277,361.32,0.18276
735,236,191,303.61,0.15357
736,174,248,302.95,0.15324
737,43,334,336.76,0.17034
738,-23,202,203.31,0.10284
739,159,161,226.28,0.11446
740,294,239,378.89,0.19165
741,127,246,276.85,0.14003
742,3,283,283.02,0.14315
743,158,238,285.67,0.14450
744,226,208,307.15,0.15536
745,267,221,346.60,0.17531
746,191,288,345.58,0.17480
747,269,112,291.38,0.14739
748,529,-490,721.07,0.36473
749,544,-2935,2984.99,1.50986
750,-1052,-7263,7338.79,3.71209
751,-2775,-12032,12347.86,6.24576
752,-1767,-16377,16472.05,8.33184
753,1291,-15756,15808.80,7.99636
754,2668,-5850,6429.68,3.25224
755,1722,5283,5556.56,2.81060
756,561,6478,6502.25,3.28895
757,287,375,472.22,0.23886
758,637,-2777,2849.12,1.44113
759,645,-619,893.97,0.45219
760,123,1705,1709.43,0.86466
761,-634,1351,1492.37,0.75486
762,-864,506,1001.27,0.50646
763,-311,1049,1094.13,0.55343
764,467,2559,2601.26,1.31576
765,812,3209,3310.14,1.67432
766,40,2174,2174.37,1.09983
767,-740,937,1193.97,0.60393
768,-905,622,1098.14,0.55546
769,-871,540,1024.81,0.51837
770,-1221,-304,1258.28,0.63646
771,-1337,-819,1567.91,0.79307
772,-1293,35,1293.47,0.65426
773,-1251,1352,1841.98,0.93171
774,-1478,2260,2700.39,1.36590
775,-909,2639,2791.17,1.41182
776,860,2388,2538.14,1.28383
777,2254,1710,2829.24,1.43108
778,1724,1576,2335.80,1.18149
779,-70,1701,1702.44,0.86112
780,-978,1016,1410.23,0.71332
781,-351,-8,351.09,0.17759
782,193,208,283.75,0.14352
783,-549,1101,1230.29,0.62230
784,-1499,1469,2098.80,1.06161
785,-1047,1251,1631.32,0.82515
786,1017,1684,1967.27,0.99508
787,2572,2894,3871.75,1.95839
788,1682,3112,3537.47,1.78931
789,-886,1901,2097.33,1.06087
790,-2725,410,2755.67,1.39387
791,-2384,42,2384.37,1.20605
792,-644,76,648.47,0.32801
793,769,25,769.41,0.38918
794,809,120,817.85,0.41368
795,189,889,908.87,0.45972
796,83,1810,1811.90,0.91649
797,603,1631,1738.90,0.87956
798,1358,930,1645.92,0.83254
799,1439,1064,1789.64,0.90523
800,552,1811,1893.26,0.95764
801,-748,1841,1987.16,1.00514
802,-1168,997,1535.65,0.77676
803,-180,497,528.59,0.26737
804,1047,855,1351.75,0.68374
805,1090,959,1451.82,0.73436
806,340,326,471.04,0.23826
807,268,-172,318.45,0.16108
808,574,198,607.19,0.30713
809,719,962,1201.00,0.60749
810,235,1385,1404.80,0.71057
811,188,1036,1052.92,0.53258
812,569,530,777.60,0.39332
813,869,172,885.86,0.44808
814,844,-309,898.79,0.45462
815,553,-209,591.18,0.29903
816,527,508,731.98,0.37025
817,904,811,1214.47,0.61430
818,1006,171,1020.43,0.51615
819,653,-703,959.49,0.48533
820,313,-516,603.51,0.30527
821,111,422,436.35,0.22072
822,-5,648,648.02,0.32778
823,118,159,198.00,0.10015
824,275,101,292.96,0.14818
825,240,560,609.26,0.30817
826,155,986,998.11,0.50486
827,335,813,879.31,0.44477
828,542,691,878.21,0.44421
829,414,757,862.81,0.43643
830,99,840,845.81,0.42783
831,327,568,655.40,0.33151
832,1154,549,1277.93,0.64640
833,1230,945,1551.10,0.78457
834,503,889,1021.44,0.51666
835,-197,373,421.83,0.21337
836,-209,211,296.99,0.15022
837,306,444,539.23,0.27275
838,625,638,893.12,0.45176
839,570,634,852.56,0.43124
840,412,640,761.15,0.38500
841,544,650,847.61,0.42873
842,721,606,941.85,0.47640
843,547,733,914.60,0.46262
844,66,662,665.28,0.33651
845,125,687,698.28,0.35320
846,890,490,1015.97,0.51390
847,1566,242,1584.59,0.80151
848,1697,68,1698.36,0.85906
849,1317,235,1337.80,0.67668
# END
# FRAME,13,RX_TS,82641098452,FP_INDEX,748.1406,FP_INT,748,RXPACC,1988,RXPWR,-89.77,FP_PWR,-91.72,STD_NOISE,64.00,NTM,13,NOISE_THRESH,832.00,PEAK_IDX,751,PEAK_AMPL,16959,START,698,elapsed_s,1.3813
sample,real,imag,amplitude,amplitude_norm
698,180,254,311.31,0.15660
699,96,327,340.80,0.17143
700,74,167,182.66,0.09188
701,127,142,190.51,0.09583
702,134,194,235.78,0.11860
703,76,246,257.47,0.12951
704,75,47,88.51,0.04452
705,276,-52,280.86,0.14128
706,340,103,355.26,0.17870
707,105,186,213.59,0.10744
708,30,176,178.54,0.08981
709,198,160,254.57,0.12805
710,126,119,173.31,0.08718
711,83,342,351.93,0.17703
712,146,291,325.57,0.16377
713,79,198,213.18,0.10723
714,150,87,173.40,0.08723
715,225,124,256.91,0.12923
716,116,287,309.56,0.15571
717,9,190,190.21,0.09568
718,-183,110,213.52,0.10740
719,-262,179,317.31,0.15961
720,-32,289,290.77,0.14626
721,202,359,411.93,0.20721
722,333,314,457.70,0.23023
723,213,180,278.87,0.14028
724,72,161,176.37,0.08872
725,66,76,100.66,0.05063
726,123,190,226.34,0.11385
727,177,264,317.84,0.15988
728,241,268,360.42,0.18130
729,235,267,355.69,0.17892
730,188,362,407.91,0.20518
731,249,363,440.19,0.22143
732,180,175,251.05,0.12628
733,144,160,215.26,0.10828
734,69,232,242.04,0.12175
735,-35,307,308.99,0.15543
736,115,278,300.85,0.15133
737,185,96,208.43,0.10484
738,213,223,308.38,0.15512
739,249,367,443.50,0.22309
740,203,367,419.40,0.21097
741,239,217,322.82,0.16238
742,225,237,326.79,0.16438
743,260,227,345.15,0.17362
744,284,258,383.69,0.19300
745,189,227,295.38,0.14858
746,-91,-221,239.00,0.12022
747,-1087,-2134,2394.90,1.20468
748,-3908,-5603,6831.26,3.43625
749,-7692,-8945,11797.45,5.93433
750,-10270,-12121,15886.83,7.99137
751,-10196,-14170,17457.01,8.78119
752,-6180,-9926,11692.64,5.88161
753,-33,-389,390.40,0.19638
754,3570,5151,6267.19,3.15251
755,2615,2640,3715.89,1.86916
756,269,-1385,1410.88,0.70970
757,-185,-1406,1418.12,0.71334
758,386,722,818.71,0.41182
759,196,1494,1506.80,0.75795
760,-406,1296,1358.11,0.68315
761,-442,1196,1275.06,0.64138
762,324,1553,1586.44,0.79801
763,1180,1961,2288.65,1.15123
764,1314,1966,2364.69,1.18948
765,522,1800,1874.16,0.94274
766,-170,1479,1488.74,0.74886
767,-633,832,1045.42,0.52587
768,-1185,-47,1185.93,0.59655
769,-1723,-645,1839.77,0.92544
770,-1388,-130,1394.07,0.70124
771,-840,1286,1536.03,0.77265
772,-638,2653,2728.64,1.37255
773,-291,3114,3127.57,1.57322
774,893,2542,2694.29,1.35528
775,2311,1238,2621.71,1.31877
776,2662,509,2710.23,1.36329
777,1871,846,2053.38,1.03289
778,677,1222,1397.00,0.70272
779,-109,828,835.14,0.42009
780,2,559,559.00,0.28119
781,299,1069,1110.03,0.55836
782,153,1737,1743.73,0.87713
783,-100,1724,1726.90,0.86866
784,927,1170,1492.73,0.75087
785,2889,917,3031.04,1.52467
786,3775,1441,4040.68,2.03254
787,1857,2054,2769.00,1.39286
788,-1016,2386,2593.31,1.30448
789,-2051,1899,2795.14,1.40601
790,-910,1138,1457.10,0.73295
791,335,190,385.13,0.19373
792,405,-245,473.34,0.23810
793,-160,320,357.77,0.17997
794,338,1373,1413.99,0.71126
795,1259,1614,2046.97,1.02966
796,1400,796,1610.47,0.81010
797,1279,213,1296.61,0.65222
798,1300,876,1567.60,0.78853
799,869,1889,2079.30,1.04592
800,-139,1951,1955.95,0.98388
801,-280,1107,1141.86,0.57438
802,540,267,602.40,0.30302
803,1260,289,1292.72,0.65026
804,773,423,881.17,0.44324
805,350,268,440.82,0.22174
806,463,166,491.86,0.24741
807,915,718,1163.08,0.58505
808,1033,1112,1517.77,0.76347
809,794,1054,1319.60,0.66378
810,914,531,1057.05,0.53172
811,1028,-46,1029.03,0.51762
812,734,-539,910.65,0.45807
813,458,-579,738.24,0.37135
814,706,-152,722.18,0.36327
815,1091,376,1153.97,0.58047
816,994,206,1015.12,0.51062
817,391,-493,629.23,0.31651
818,114,-642,652.04,0.32799
819,464,-22,464.52,0.23366
820,473,479,673.18,0.33862
821,210,338,397.92,0.20016
822,196,129,234.64,0.11803
823,225,329,398.58,0.20049
824,414,854,949.06,0.47739
825,698,941,1171.62,0.58934
826,963,679,1178.31,0.59271
827,870,448,978.57,0.49224
828,476,599,765.10,0.38486
829,252,647,694.34,0.34927
830,779,287,830.19,0.41760
831,1445,62,1446.33,0.72753
832,1305,492,1394.66,0.70154
833,451,813,929.72,0.46766
834,-229,668,706.16,0.35521
835,-1,418,418.00,0.21026
836,705,269,754.58,0.37957
837,969,406,1050.62,0.52848
838,721,430,839.49,0.42228
839,681,406,792.84,0.39881
840,847,346,914.95,0.46023
841,779,380,866.74,0.43599
842,425,526,676.24,0.34016
843,368,705,795.27,0.40003
844,763,470,896.14,0.45078
845,1221,-54,1222.19,0.61479
846,1535,-361,1576.88,0.79320
847,1456,-428,1517.60,0.76338
# END
# FRAME,14,RX_TS,89030892036,FP_INDEX,752.8750,FP_INT,752,RXPACC,1918,RXPWR,-88.76,FP_PWR,-91.98,STD_NOISE,64.00,NTM,13,NOISE_THRESH,832.00,PEAK_IDX,756,PEAK_AMPL,17195,START,702,elapsed_s,1.4862
sample,real,imag,amplitude,amplitude_norm
702,414,235,476.05,0.24820
703,62,170,180.95,0.09434
704,-194,199,277.92,0.14490
705,10,140,140.36,0.07318
706,229,166,282.84,0.14746
707,220,121,251.08,0.13091
708,191,105,217.96,0.11364
709,266,54,271.43,0.14152
710,273,102,291.43,0.15195
711,220,106,244.20,0.12732
712,118,236,263.86,0.13757
713,50,250,254.95,0.13293
714,51,72,88.23,0.04600
715,72,102,124.85,0.06509
716,112,215,242.42,0.12639
717,87,352,362.59,0.18905
718,168,245,297.07,0.15488
719,213,84,228.97,0.11938
720,196,7,196.12,0.10225
721,73,9,73.55,0.03835
722,13,11,17.03,0.00888
723,-128,-131,183.15,0.09549
724,-217,-110,243.29,0.12684
725,-106,54,118.96,0.06202
726,188,312,364.26,0.18992
727,330,531,625.19,0.32596
728,278,403,489.58,0.25526
729,188,194,270.15,0.14085
730,335,-45,338.01,0.17623
731,379,88,389.08,0.20286
732,176,209,273.23,0.14246
733,89,238,254.10,0.13248
734,155,236,282.35,0.14721
735,196,236,306.78,0.15995
736,283,179,334.86,0.17459
737,307,203,368.05,0.19189
738,268,334,428.23,0.22327
739,163,442,471.10,0.24562
740,91,263,278.30,0.14510
741,63,83,104.20,0.05433
742,126,67,142.71,0.07440
743,192,206,281.60,0.14682
744,205,344,400.45,0.20879
745,207,351,407.49,0.21246
746,175,245,301.08,0.15698
747,256,168,306.20,0.15965
748,253,153,295.67,0.15415
749,214,226,311.24,0.16227
750,240,199,311.77,0.16255
751,435,-552,702.80,0.36642
752,683,-3584,3648.50,1.90224
753,222,-8757,8759.81,4.56716
754,148,-13387,13387.82,6.98009
755,2111,-16402,16537.29,8.62215
756,4161,-16033,16564.15,8.63616
757,2417,-8016,8372.46,4.36521
758,-907,2908,3046.16,1.58820
759,-1694,7035,7236.08,3.77272
760,187,2583,2589.76,1.35024
761,1585,-1593,2247.19,1.17163
762,1063,-987,1450.56,0.75629
763,-175,1097,1110.87,0.57918
764,-832,1329,1567.95,0.81749
765,-1026,475,1130.62,0.58948
766,-671,885,1110.62,0.57905
767,-470,2434,2478.96,1.29247
768,-522,3535,3573.33,1.86305
769,-856,3072,3189.03,1.66269
770,-1071,1667,1981.40,1.03305
771,-896,733,1157.63,0.60356
772,-689,449,822.39,0.42877
773,-822,-495,959.54,0.50028
774,-1120,-1428,1814.82,0.94621
775,-1137,-514,1247.78,0.65057
776,-1504,1174,1907.95,0.99476
777,-2186,2448,3281.97,1.71114
778,-1894,2910,3472.08,1.81026
779,289,2615,2630.92,1.37170
780,2267,2132,3112.03,1.62254
781,2234,1963,2973.91,1.55053
782,519,2076,2139.89,1.11569
783,-838,1336,1577.07,0.82225
784,-764,319,827.92,0.43166
785,-173,301,347.17,0.18101
786,-442,933,1032.40,0.53827
787,-1387,1114,1778.98,0.92752
788,-1207,1048,1598.48,0.83341
789,386,1597,1642.99,0.85661
790,1844,2824,3372.73,1.75846
791,1598,3418,3773.11,1.96721
792,-663,2376,2466.77,1.28611
793,-2594,573,2656.53,1.38505
794,-2212,-266,2227.94,1.16159
795,-435,159,463.15,0.24147
796,934,449,1036.32,0.54031
797,764,145,777.64,0.40544
798,59,469,472.70,0.24645
799,-245,1510,1529.75,0.79757
800,89,2127,2128.86,1.10994
801,631,1615,1733.89,0.90401
802,1064,1149,1565.98,0.81647
803,485,1709,1776.49,0.92622
804,-646,2123,2219.11,1.15699
805,-1137,1239,1681.63,0.87676
806,-372,420,561.06,0.29252
807,751,624,976.41,0.50908
808,1005,992,1412.12,0.73625
809,319,733,799.41,0.41679
810,285,188,341.42,0.17801
811,755,301,812.79,0.42377
812,607,933,1113.08,0.58033
813,153,1150,1160.13,0.60487
814,168,722,741.29,0.38649
815,736,410,842.49,0.43926
816,1187,212,1205.78,0.62867
817,1279,-53,1280.10,0.66741
818,952,-96,956.83,0.49887
819,771,486,911.39,0.47518
820,883,751,1159.18,0.60437
821,986,298,1030.05,0.53704
822,728,-528,899.32,0.46888
823,541,-568,784.41,0.40897
824,276,29,277.52,0.14469
825,179,513,543.33,0.28328
826,187,396,437.93,0.22833
827,72,248,258.24,0.13464
828,-105,430,442.63,0.23078
829,-161,805,820.94,0.42802
830,186,1011,1027.97,0.53596
831,440,923,1022.51,0.53311
832,259,749,792.52,0.41320
833,-2,626,626.00,0.32638
834,181,592,619.05,0.32276
835,1014,585,1170.65,0.61035
836,1260,866,1528.91,0.79714
837,374,993,1061.10,0.55323
838,-363,601,702.12,0.36607
839,-271,177,323.68,0.16876
840,453,298,542.23,0.28271
841,711,550,898.90,0.46867
842,394,706,808.50,0.42153
843,286,714,769.15,0.40102
844,582,739,940.66,0.49044
845,775,733,1066.73,0.55617
846,401,657,769.71,0.40131
847,25,501,501.62,0.26153
848,262,574,630.97,0.32897
849,1159,806,1411.71,0.73603
850,1494,624,1619.08,0.84415
851,1486,459,1555.27,0.81088
# END
# FRAME,15,RX_TS,95420685608,FP_INDEX,749.0625,FP_INT,749,RXPACC,2008,RXPWR,-89.31,FP_PWR,-91.33,STD_NOISE,72.00,NTM,13,NOISE_THRESH,936.00,PEAK_IDX,752,PEAK_AMPL,17190,START,699,elapsed_s,1.5441
sample,real,imag,amplitude,amplitude_norm
699,274,246,368.23,0.18338
700,290,359,461.50,0.22983
701,225,329,398.58,0.19850
702,229,89,245.69,0.12235
703,231,267,353.06,0.17583
704,167,380,415.08,0.20671
705,10,449,449.11,0.22366
706,-121,324,345.86,0.17224
707,45,160,166.21,0.08277
708,253,197,320.65,0.15969
709,263,282,385.61,0.19204
710,164,316,356.02,0.17730
711,219,270,347.65,0.17313
712,379,259,459.04,0.22861
713,373,303,480.56,0.23932
714,287,318,428.36,0.21333
715,313,237,392.60,0.19552
716,433,297,525.07,0.26149
717,259,522,582.72,0.29020
718,189,627,654.87,0.32613
719,180,704,726.65,0.36188
720,96,770,775.96,0.38643
721,94,579,586.58,0.29212
722,332,253,417.41,0.20787
723,495,83,501.91,0.24996
724,252,285,380.43,0.18946
725,13,438,438.19,0.21822
726,-59,244,251.03,0.12502
727,107,238,260.95,0.12995
728,264,269,376.90,0.18770
729,171,306,350.54,0.17457
730,153,229,275.41,0.13716
731,203,212,293.52,0.14617
732,365,239,436.29,0.21727
733,363,204,416.40,0.20737
734,332,274,430.46,0.21437
735,259,275,377.76,0.18813
736,337,327,469.57,0.23385
737,393,399,560.04,0.27891
738,200,293,354.75,0.17667
739,269,276,385.40,0.19193
740,302,309,432.07,0.21517
741,343,362,498.69,0.24835
742,265,209,337.50,0.16808
743,267,109,288.39,0.14362
744,227,76,239.38,0.11922
745,296,181,346.95,0.17279
746,307,281,416.19,0.20726
747,-113,379,395.49,0.19696
748,-1995,1734,2643.25,1.31636
749,-5923,5692,8214.67,4.09097
750,-10145,9427,13848.80,6.89681
751,-13649,8438,16046.65,7.99136
752,-16014,4178,16550.04,8.24205
753,-11314,1749,11448.39,5.70139
754,-40,1041,1041.77,0.51881
755,7262,-151,7263.57,3.61732
756,4821,-1390,5017.38,2.49870
757,-863,-1089,1389.49,0.69198
758,-2188,-238,2200.91,1.09607
759,317,50,320.92,0.15982
760,1570,147,1576.87,0.78529
761,1272,458,1351.94,0.67328
762,937,599,1112.10,0.55384
763,1788,33,1788.30,0.89059
764,2857,-829,2974.84,1.48150
765,2732,-903,2877.37,1.43295
766,1514,60,1515.19,0.75458
767,868,868,1227.54,0.61132
768,994,1316,1649.21,0.82132
769,869,1660,1873.70,0.93312
770,198,2128,2137.19,1.06434
771,-26,1791,1791.19,0.89203
772,838,1323,1566.07,0.77992
773,2312,1399,2702.32,1.34578
774,3213,1150,3412.60,1.69950
775,2964,-438,2996.19,1.49213
776,1557,-2067,2587.81,1.28875
777,516,-2400,2454.84,1.22253
778,939,-1227,1545.07,0.76946
779,1437,-44,1437.67,0.71597
780,868,330,928.61,0.46246
781,404,184,443.93,0.22108
782,1047,230,1071.96,0.53385
783,1922,862,2106.45,1.04903
784,1939,958,2162.75,1.07707
785,1186,-129,1192.99,0.59412
786,991,-1827,2078.46,1.03509
787,1954,-2677,3314.28,1.65054
788,2433,-1210,2717.28,1.35323
789,2024,1137,2321.50,1.15612
790,1416,2272,2677.13,1.33323
791,1054,1480,1816.95,0.90486
792,457,232,512.52,0.25524
793,-394,-89,403.93,0.20116
794,-341,22,341.71,0.17017
795,1031,-189,1048.18,0.52200
796,2106,-576,2183.35,1.08733
797,1595,-589,1700.28,0.84675
798,479,-676,828.50,0.41260
799,828,-1137,1406.54,0.70047
800,2066,-529,2132.65,1.06208
801,2114,817,2266.38,1.12868
802,851,990,1305.49,0.65014
803,149,-55,158.83,0.07910
804,477,-995,1103.43,0.54952
805,724,-681,993.95,0.49500
806,310,-54,314.67,0.15671
807,-65,-6,65.28,0.03251
808,348,-288,451.72,0.22496
809,981,-300,1025.85,0.51088
810,1090,-260,1120.58,0.55806
811,597,-454,750.02,0.37351
812,-26,-750,750.45,0.37373
813,-723,-605,942.74,0.46949
814,-859,-440,965.13,0.48064
815,-245,-394,463.96,0.23106
816,575,-608,836.83,0.41675
817,608,-442,751.68,0.37434
818,-197,131,236.58,0.11782
819,-766,286,817.65,0.40720
820,-286,165,330.18,0.16443
821,414,157,442.77,0.22050
822,495,227,544.57,0.27120
823,204,145,250.28,0.12464
824,307,96,321.66,0.16019
825,749,-6,749.02,0.37302
826,1154,114,1159.62,0.57750
827,926,36,926.70,0.46150
828,765,-207,792.51,0.39468
829,785,-61,787.37,0.39211
830,650,109,659.08,0.32823
831,140,-383,407.79,0.20308
832,39,-892,892.85,0.44465
833,556,-778,956.25,0.47622
834,808,23,808.33,0.40255
835,758,554,938.87,0.46757
836,684,322,756.00,0.37650
837,549,-297,624.19,0.31085
838,440,-511,674.33,0.33582
839,441,-193,481.38,0.23973
840,464,-328,568.23,0.28298
841,507,-632,810.23,0.40350
842,581,-473,749.19,0.37310
843,577,282,642.23,0.31983
844,452,583,737.69,0.36738
845,120,-183,218.84,0.10898
846,-113,-1151,1156.53,0.57596
847,-69,-1417,1418.68,0.70651
848,118,-1168,1173.95,0.58463
# END
# FRAME,16,RX_TS,101810479143,FP_INDEX,753.0312,FP_INT,753,RXPACC,1873,RXPWR,-88.05,FP_PWR,-89.79,STD_NOISE,80.00,NTM,13,NOISE_THRESH,1040.00,PEAK_IDX,755,PEAK_AMPL,18681,START,703,elapsed_s,1.7079
sample,real,imag,amplitude,amplitude_norm
703,48,371,374.09,0.19973
704,-7,426,426.06,0.22747
705,32,352,353.45,0.18871
706,206,186,277.55,0.14818
707,179,114,212.22,0.11330
708,85,179,198.16,0.10580
709,-104,-41,111.79,0.05968
710,142,-61,154.55,0.08251
711,279,74,288.65,0.15411
712,220,171,278.64,0.14877
713,165,221,275.80,0.14725
714,106,144,178.81,0.09547
715,139,265,299.24,0.15977
716,249,269,366.55,0.19570
717,266,274,381.88,0.20389
718,177,244,301.44,0.16094
719,35,247,249.47,0.13319
720,21,182,183.21,0.09782
721,79,270,281.32,0.15020
722,-85,367,376.71,0.20113
723,-233,460,515.64,0.27530
724,-394,297,493.40,0.26343
725,-171,314,357.54,0.19089
726,108,303,321.67,0.17174
727,348,293,454.92,0.24288
728,366,302,474.51,0.25334
729,124,268,295.30,0.15766
730,-30,71,77.08,0.04115
731,16,-16,22.63,0.01208
732,185,89,205.29,0.10961
733,229,150,273.75,0.14616
734,227,286,365.14,0.19495
735,168,262,311.24,0.16617
736,132,268,298.74,0.15950
737,173,276,325.74,0.17391
738,250,220,333.02,0.17780
739,183,320,368.63,0.19681
740,160,415,444.78,0.23747
741,164,391,424.00,0.22638
742,184,282,336.72,0.17978
743,198,172,262.27,0.14003
744,283,228,363.42,0.19403
745,264,407,485.12,0.25901
746,295,268,398.56,0.21279
747,222,183,287.70,0.15361
748,316,103,332.36,0.17745
749,220,228,316.83,0.16916
750,157,296,335.06,0.17889
751,-149,126,195.13,0.10418
752,-2509,-953,2683.89,1.43294
753,-9033,-2706,9429.61,5.03450
754,-15968,-4680,16639.69,8.88398
755,-16403,-8146,18314.36,9.77809
756,-11322,-11975,16479.94,8.79869
757,-5171,-9629,10929.63,5.83536
758,-91,-528,535.78,0.28606
759,2959,5865,6569.16,3.50729
760,2676,3722,4584.13,2.44748
761,699,-1223,1408.66,0.75209
762,-232,-2421,2432.09,1.29850
763,515,-148,535.84,0.28609
764,1170,1439,1854.62,0.99019
765,1025,1402,1736.73,0.92724
766,741,1135,1355.47,0.72369
767,1329,1400,1930.35,1.03062
768,2158,2025,2959.32,1.57999
769,1927,2002,2778.73,1.48357
770,621,1366,1500.53,0.80114
771,31,1005,1005.48,0.53683
772,194,1372,1385.65,0.73980
773,-332,1767,1797.92,0.95991
774,-1300,1274,1820.19,0.97180
775,-1118,615,1275.99,0.68125
776,-219,1221,1240.48,0.66230
777,238,2569,2580.00,1.37747
778,958,3148,3290.54,1.75683
779,2506,2007,3210.62,1.71416
780,3563,-55,3563.42,1.90252
781,3399,-751,3480.98,1.85850
782,2448,216,2457.51,1.31207
783,1479,1247,1934.54,1.03286
784,510,929,1059.78,0.56582
785,205,286,351.88,0.18787
786,258,641,690.97,0.36891
787,49,1844,1844.65,0.98486
788,-211,2377,2386.35,1.27408
789,620,1786,1890.55,1.00937
790,2405,385,2435.62,1.30038
791,3558,-189,3563.02,1.90230
792,2459,527,2514.84,1.34268
793,198,1733,1744.27,0.93127
794,-922,2127,2318.23,1.23771
795,-247,1258,1282.02,0.68447
796,639,97,646.32,0.34507
797,419,-258,492.06,0.26271
798,72,199,211.62,0.11299
799,957,1004,1387.03,0.74054
800,1933,1426,2402.08,1.28247
801,1677,838,1874.72,1.00092
802,1286,43,1286.72,0.68698
803,1682,400,1728.91,0.92307
804,2039,1674,2638.14,1.40851
805,942,2397,2575.46,1.37504
806,-362,1343,1390.93,0.74262
807,-146,1,146.00,0.07795
808,987,-415,1070.70,0.57165
809,1402,138,1408.78,0.75215
810,861,370,937.13,0.50034
811,513,82,519.51,0.27737
812,814,293,865.13,0.46189
813,1155,806,1408.43,0.75196
814,1186,886,1480.40,0.79039
815,1225,297,1260.49,0.67298
816,1051,-361,1111.27,0.59331
817,513,-749,907.84,0.48470
818,157,-744,760.38,0.40597
819,495,-286,571.68,0.30522
820,1132,146,1141.38,0.60938
821,1143,294,1180.21,0.63012
822,485,-7,485.05,0.25897
823,-178,-394,432.34,0.23083
824,-167,-203,262.86,0.14034
825,323,290,434.08,0.23176
826,296,411,506.49,0.27042
827,171,218,277.06,0.14793
828,316,218,383.90,0.20497
829,769,648,1005.62,0.53690
830,851,929,1259.86,0.67264
831,588,653,878.72,0.46915
832,585,318,665.84,0.35550
833,666,508,837.63,0.44721
834,753,608,967.82,0.51672
835,846,-26,846.40,0.45190
836,1147,-513,1256.49,0.67085
837,1235,-67,1236.82,0.66034
838,844,606,1039.02,0.55474
839,314,786,846.40,0.45190
840,292,499,578.16,0.30868
841,672,205,702.57,0.37511
842,921,116,928.28,0.49561
843,708,335,783.26,0.41818
844,811,320,871.85,0.46548
845,1102,146,1111.63,0.59350
846,1016,231,1041.93,0.55629
847,434,572,718.01,0.38335
848,200,512,549.68,0.29347
849,713,-287,768.59,0.41035
850,1274,-1058,1656.03,0.88416
851,1563,-1015,1863.65,0.99501
852,1509,-560,1609.56,0.85935
# END
# FRAME,17,RX_TS,108200272679,FP_INDEX,749.0625,FP_INT,749,RXPACC,1503,RXPWR,-84.89,FP_PWR,-88.60,STD_NOISE,52.00,NTM,13,NOISE_THRESH,676.00,PEAK_IDX,751,PEAK_AMPL,16969,START,699,elapsed_s,1.7782
sample,real,imag,amplitude,amplitude_norm
699,168,141,219.33,0.14593
700,253,203,324.37,0.21582
701,227,249,336.94,0.22418
702,311,177,357.84,0.23808
703,257,293,389.74,0.25931
704,176,280,330.72,0.22004
705,127,311,335.93,0.22351
706,-14,292,292.34,0.19450
707,102,206,229.87,0.15294
708,137,93,165.58,0.11017
709,154,228,275.14,0.18306
710,152,281,319.48,0.21256
711,182,144,232.08,0.15441
712,247,158,293.21,0.19508
713,172,153,230.20,0.15316
714,117,176,211.34,0.14061
715,226,186,292.70,0.19474
716,290,198,351.15,0.23363
717,276,171,324.68,0.21602
718,369,206,422.61,0.28118
719,300,454,544.17,0.36205
720,411,516,659.68,0.43891
721,331,417,532.40,0.35423
722,352,123,372.87,0.24808
723,268,7,268.09,0.17837
724,162,44,167.87,0.11169
725,188,293,348.13,0.23162
726,163,416,446.79,0.29727
727,60,397,401.51,0.26714
728,56,223,229.92,0.15298
729,94,79,122.79,0.08170
730,223,185,289.75,0.19278
731,363,252,441.90,0.29401
732,267,111,289.15,0.19238
733,155,8,155.21,0.10326
734,178,96,202.24,0.13456
735,193,135,235.53,0.15671
736,302,60,307.90,0.20486
737,249,198,318.13,0.21166
738,-44,251,254.83,0.16955
739,4,213,213.04,0.14174
740,80,168,186.08,0.12380
741,154,129,200.89,0.13366
742,55,107,120.31,0.08005
743,25,181,182.72,0.12157
744,128,171,213.60,0.14212
745,223,189,292.32,0.19449
746,228,217,314.76,0.20942
747,131,515,531.40,0.35356
748,-181,2833,2838.78,1.88874
749,-275,8485,8489.46,5.64834
750,-338,14585,14588.92,9.70653
751,-2842,16396,16640.49,11.07151
752,-6915,14015,15628.10,10.39794
753,-7091,9320,11710.88,7.79167
754,-1617,2883,3305.51,2.19927
755,3030,-2173,3728.65,2.48080
756,2259,-2501,3370.18,2.24230
757,-659,21,659.33,0.43868
758,-1439,1228,1891.75,1.25865
759,26,452,452.75,0.30123
760,961,-350,1022.75,0.68047
761,750,-372,837.19,0.55701
762,557,-191,588.84,0.39178
763,731,-671,992.27,0.66019
764,1191,-1418,1851.81,1.23208
765,1534,-1457,2115.66,1.40762
766,1427,-845,1658.42,1.10341
767,1050,-307,1093.96,0.72785
768,896,-39,896.85,0.59671
769,1151,439,1231.88,0.81961
770,1081,1216,1627.03,1.08252
771,810,1129,1389.51,0.92449
772,1006,251,1036.84,0.68985
773,1962,-593,2049.66,1.36371
774,2361,-936,2539.77,1.68980
775,1549,-1437,2112.91,1.40579
776,-104,-1924,1926.81,1.28198
777,-750,-1952,2091.13,1.39130
778,16,-1458,1458.09,0.97012
779,579,-671,886.27,0.58967
780,461,-57,464.51,0.30906
781,204,-170,265.55,0.17668
782,670,-434,798.28,0.53113
783,1333,-249,1356.06,0.90223
784,1491,96,1494.09,0.99407
785,649,-533,839.82,0.55876
786,-433,-1710,1763.97,1.17363
787,-807,-2162,2307.70,1.53540
788,31,-1218,1218.39,0.81064
789,1478,-19,1478.12,0.98345
790,2234,419,2272.95,1.51228
791,1535,123,1539.92,1.02456
792,204,63,213.51,0.14205
793,-450,457,641.36,0.42672
794,-49,289,293.12,0.19503
795,717,-927,1171.93,0.77973
796,840,-1863,2043.62,1.35969
797,299,-1330,1363.20,0.90698
798,-282,-546,614.52,0.40887
799,-117,-839,847.12,0.56362
800,838,-1321,1564.38,1.04084
801,1638,-738,1796.58,1.19533
802,1241,184,1254.57,0.83471
803,326,234,401.29,0.26699
804,-251,-409,479.88,0.31928
805,-137,-669,682.88,0.45435
806,105,-421,433.90,0.28869
807,161,-109,194.43,0.12936
808,140,-303,333.78,0.22208
809,337,-551,645.89,0.42973
810,438,-828,936.71,0.62323
811,211,-913,937.06,0.62346
812,-186,-564,593.88,0.39513
813,-437,144,460.11,0.30613
814,-686,431,810.16,0.53903
815,-538,11,538.11,0.35803
816,-111,-704,712.70,0.47418
817,-66,-807,809.69,0.53872
818,-87,-17,88.65,0.05898
819,-241,598,644.74,0.42897
820,-192,352,400.96,0.26677
821,179,-122,216.62,0.14413
822,375,-70,381.48,0.25381
823,276,146,312.24,0.20774
824,229,-21,229.96,0.15300
825,449,-316,549.05,0.36530
826,532,-610,809.40,0.53852
827,394,-540,668.46,0.44475
828,173,-329,371.71,0.24731
829,213,-302,369.56,0.24588
830,315,-276,418.81,0.27865
831,-186,-273,330.34,0.21979
832,-651,-584,874.56,0.58188
833,-488,-827,960.25,0.63889
834,120,-551,563.92,0.37519
835,493,-322,588.84,0.39178
836,400,-244,468.55,0.31174
837,138,-296,326.59,0.21729
838,-115,-320,340.04,0.22624
839,-42,-361,363.43,0.24181
840,15,-537,537.21,0.35742
841,53,-656,658.14,0.43788
842,205,-579,614.22,0.40866
843,439,-227,494.22,0.32882
844,351,-99,364.69,0.24264
845,-124,-182,220.23,0.14653
846,-795,-410,894.50,0.59514
847,-1091,-609,1249.46,0.83131
848,-972,-627,1156.68,0.76958
# END
# FRAME,18,RX_TS,114590066666,FP_INDEX,751.7031,FP_INT,751,RXPACC,1890,RXPWR,-88.08,FP_PWR,-90.85,STD_NOISE,104.00,NTM,13,NOISE_THRESH,1352.00,PEAK_IDX,754,PEAK_AMPL,17188,START,701,elapsed_s,1.8632
sample,real,imag,amplitude,amplitude_norm
701,284,88,297.32,0.15731
702,330,246,411.60,0.21778
703,347,362,501.45,0.26532
704,261,311,406.01,0.21482
705,218,355,416.59,0.22042
706,139,283,315.29,0.16682
707,61,256,263.17,0.13924
708,7,173,173.14,0.09161
709,26,72,76.55,0.04050
710,260,73,270.05,0.14289
711,330,204,387.96,0.20527
712,301,306,429.23,0.22710
713,238,310,390.82,0.20679
714,239,321,400.20,0.21175
715,232,344,414.92,0.21954
716,275,263,380.52,0.20133
717,237,288,372.98,0.19734
718,189,463,500.09,0.26460
719,74,446,452.10,0.23920
720,128,435,453.44,0.23992
721,161,613,633.79,0.33534
722,42,665,666.33,0.35255
723,-162,712,730.20,0.38635
724,59,576,579.01,0.30636
725,243,252,350.08,0.18523
726,427,40,428.87,0.22692
727,188,138,233.21,0.12339
728,-21,422,422.52,0.22356
729,-19,513,513.35,0.27161
730,58,302,307.52,0.16271
731,213,152,261.67,0.13845
732,258,200,326.44,0.17272
733,197,306,363.93,0.19256
734,103,309,325.71,0.17234
735,174,272,322.89,0.17084
736,227,321,393.15,0.20802
737,251,437,503.95,0.26664
738,268,390,473.21,0.25037
739,304,378,485.08,0.25665
740,224,321,391.43,0.20711
741,182,245,305.20,0.16148
742,284,240,371.83,0.19673
743,296,187,350.12,0.18525
744,177,251,307.13,0.16250
745,172,179,248.24,0.13135
746,255,168,305.37,0.16157
747,255,194,320.41,0.16953
748,328,134,354.32,0.18747
749,167,179,244.81,0.12953
750,-691,392,794.45,0.42034
751,-4025,1633,4343.65,2.29823
752,-10207,4324,11085.12,5.86514
753,-14972,5629,15995.20,8.46307
754,-16398,2565,16597.40,8.78169
755,-15842,-1307,15895.82,8.41049
756,-10524,-1158,10587.52,5.60186
757,-324,1043,1092.17,0.57787
758,6554,1394,6700.61,3.54530
759,4593,-28,4593.09,2.43020
760,-468,-526,704.06,0.37252
761,-1741,91,1743.38,0.92242
762,115,685,694.59,0.36751
763,1621,785,1801.07,0.95295
764,1719,636,1832.88,0.96978
765,1481,518,1568.98,0.83015
766,1903,215,1915.11,1.01328
767,2871,-71,2871.88,1.51951
768,2957,152,2960.90,1.56662
769,2228,951,2422.47,1.28173
770,1569,1268,2017.32,1.06737
771,1087,1255,1660.30,0.87847
772,270,1289,1316.97,0.69681
773,-752,1304,1505.30,0.79645
774,-633,931,1125.81,0.59567
775,965,512,1092.41,0.57800
776,2962,935,3106.07,1.64342
777,4045,1536,4326.81,2.28932
778,3470,437,3497.41,1.85048
779,2092,-1648,2663.15,1.40907
780,1617,-2309,2818.90,1.49148
781,2121,-918,2311.14,1.22283
782,1987,662,2094.38,1.10814
783,1237,887,1522.15,0.80537
784,863,369,938.58,0.49660
785,889,511,1025.40,0.54254
786,849,1622,1830.76,0.96866
787,919,2139,2328.06,1.23178
788,1456,490,1536.24,0.81283
789,1728,-2011,2651.43,1.40288
790,1873,-2536,3152.69,1.66809
791,1828,-75,1829.54,0.96801
792,1744,2770,3273.29,1.73190
793,1470,2924,3272.72,1.73160
794,1001,947,1377.97,0.72909
795,24,-440,440.65,0.23315
796,-577,14,577.17,0.30538
797,98,578,586.25,0.31018
798,1618,-7,1618.02,0.85609
799,2300,-914,2474.95,1.30950
800,1338,-1000,1670.40,0.88381
801,526,-720,891.67,0.47178
802,1120,-259,1149.56,0.60823
803,1999,622,2093.53,1.10769
804,1554,1417,2103.05,1.11272
805,339,1229,1274.90,0.67455
806,-220,-247,330.77,0.17501
807,333,-1045,1096.77,0.58030
808,849,-642,1064.41,0.56318
809,803,-38,803.90,0.42534
810,618,-40,619.29,0.32767
811,794,-162,810.36,0.42876
812,1050,-22,1050.23,0.55568
813,1065,132,1073.15,0.56780
814,774,-265,818.11,0.43286
815,287,-453,536.26,0.28374
816,-434,-382,578.17,0.30591
817,-439,-294,528.35,0.27955
818,483,-550,731.98,0.38729
819,1286,-736,1481.72,0.78398
820,959,-516,1089.01,0.57619
821,-170,-148,225.40,0.11926
822,-524,103,534.03,0.28255
823,97,80,125.73,0.06653
824,550,194,583.21,0.30858
825,272,343,437.76,0.23162
826,-67,301,308.37,0.16316
827,402,-22,402.60,0.21302
828,1284,-210,1301.06,0.68839
829,1426,-113,1430.47,0.75686
830,804,-88,808.80,0.42794
831,393,-111,408.37,0.21607
832,536,74,541.08,0.28629
833,487,-114,500.16,0.26464
834,318,-740,805.43,0.42616
835,389,-1186,1248.17,0.66040
836,706,-791,1060.24,0.56098
837,785,68,787.94,0.41690
838,718,441,842.62,0.44583
839,588,86,594.26,0.31442
840,609,-172,632.82,0.33483
841,615,-48,616.87,0.32639
842,544,-63,547.64,0.28975
843,711,-201,738.87,0.39093
844,825,-221,854.09,0.45190
845,787,71,790.20,0.41809
846,752,228,785.80,0.41577
847,655,41,656.28,0.34724
848,445,-618,761.54,0.40293
849,282,-1267,1298.00,0.68677
850,219,-1445,1461.50,0.77328
# END
# FRAME,19,RX_TS,120979860131,FP_INDEX,747.5781,FP_INT,747,RXPACC,1730,RXPWR,-87.75,FP_PWR,-91.27,STD_NOISE,60.00,NTM,13,NOISE_THRESH,780.00,PEAK_IDX,751,PEAK_AMPL,16718,START,697,elapsed_s,1.9163
sample,real,imag,amplitude,amplitude_norm
697,131,190,230.78,0.13340
698,251,161,298.20,0.17237
699,383,79,391.06,0.22605
700,350,50,353.55,0.20437
701,207,114,236.32,0.13660
702,287,216,359.20,0.20763
703,268,329,424.34,0.24528
704,221,418,472.83,0.27331
705,131,328,353.19,0.20416
706,94,316,329.68,0.19057
707,158,279,320.63,0.18534
708,274,165,319.85,0.18488
709,313,135,340.87,0.19704
710,215,58,222.69,0.12872
711,196,48,201.79,0.11664
712,222,161,274.24,0.15852
713,362,335,493.22,0.28510
714,316,297,433.66,0.25067
715,293,167,337.25,0.19494
716,355,122,375.38,0.21698
717,550,129,564.93,0.32655
718,623,128,636.01,0.36764
719,675,236,715.07,0.41333
720,451,195,491.35,0.28402
721,219,45,223.58,0.12923
722,140,17,141.03,0.08152
723,137,273,305.45,0.17656
724,258,389,466.78,0.26982
725,289,402,495.10,0.28619
726,251,195,317.85,0.18373
727,180,165,244.18,0.14115
728,141,296,327.87,0.18952
729,217,214,304.77,0.17617
730,198,49,203.97,0.11790
731,207,-34,209.77,0.12126
732,207,19,207.87,0.12016
733,230,153,276.24,0.15968
734,219,72,230.53,0.13326
735,175,97,200.08,0.11566
736,272,130,301.47,0.17426
737,146,161,217.34,0.12563
738,164,71,178.71,0.10330
739,112,128,170.08,0.09831
740,215,90,233.08,0.13473
741,221,194,294.07,0.16998
742,127,234,266.24,0.15390
743,46,118,126.65,0.07321
744,122,146,190.26,0.10998
745,170,280,327.57,0.18934
746,699,1109,1310.91,0.75775
747,3097,3986,5047.73,2.91776
748,7156,8345,10993.06,6.35437
749,8905,11738,14733.62,8.51655
750,5990,14460,15651.57,9.04715
751,2317,16395,16557.91,9.57105
752,1086,11907,11956.42,6.91123
753,672,1272,1438.60,0.83156
754,25,-5402,5402.06,3.12258
755,-342,-3463,3479.85,2.01147
756,-159,1097,1108.46,0.64073
757,91,2028,2030.04,1.17343
758,122,227,257.71,0.14896
759,130,-1065,1072.90,0.62018
760,89,-977,981.05,0.56708
761,-43,-821,822.13,0.47522
762,-349,-1476,1516.70,0.87670
763,-684,-2372,2468.65,1.42697
764,-581,-2194,2269.62,1.31192
765,54,-1037,1038.41,0.60023
766,657,-394,766.08,0.44282
767,987,-689,1203.70,0.69578
768,1488,-572,1594.15,0.92148
769,1563,94,1565.82,0.90510
770,860,157,874.21,0.50533
771,406,-643,760.45,0.43957
772,482,-2150,2203.37,1.27362
773,-26,-3274,3274.10,1.89255
774,-1450,-2790,3144.30,1.81751
775,-2328,-1289,2661.03,1.53817
776,-1561,-646,1689.39,0.97653
777,-292,-1200,1235.02,0.71388
778,214,-1275,1292.83,0.74730
779,171,-476,505.78,0.29236
780,175,-383,421.09,0.24340
781,785,-1145,1388.25,0.80246
782,1542,-1459,2122.84,1.22707
783,1322,-1081,1707.70,0.98711
784,-290,-904,949.38,0.54877
785,-2232,-813,2375.46,1.37310
786,-2355,-938,2534.93,1.46528
787,-152,-1386,1394.31,0.80596
788,2214,-1926,2934.50,1.69624
789,2408,-1932,3087.25,1.78454
790,744,-868,1143.22,0.66082
791,-382,383,540.94,0.31268
792,-139,921,931.43,0.53840
793,160,132,207.42,0.11990
794,-581,-1416,1530.56,0.88472
795,-1124,-1943,2244.69,1.29751
796,-879,-1004,1334.41,0.77134
797,-574,-86,580.41,0.33550
798,-576,-575,813.88,0.47045
799,82,-1357,1359.48,0.78582
800,1039,-1065,1487.87,0.86004
801,1006,-211,1027.89,0.59416
802,-25,385,385.81,0.22301
803,-715,139,728.39,0.42103
804,-471,-226,522.41,0.30197
805,56,-186,194.25,0.11228
806,101,-69,122.32,0.07070
807,-161,-372,405.35,0.23430
808,-286,-619,681.88,0.39415
809,-413,-678,793.88,0.45889
810,-445,-161,473.23,0.27354
811,-436,440,619.43,0.35805
812,-164,1017,1030.14,0.59546
813,50,859,860.45,0.49737
814,-258,-27,259.41,0.14995
815,-789,-543,957.79,0.55364
816,-859,-116,866.80,0.50104
817,-218,656,691.27,0.39958
818,222,737,769.71,0.44492
819,164,134,211.78,0.12242
820,321,-117,341.66,0.19749
821,344,131,368.10,0.21277
822,53,305,309.57,0.17894
823,-248,-77,259.68,0.15010
824,-361,-639,733.92,0.42423
825,-180,-672,695.69,0.40213
826,-110,-281,301.76,0.17443
827,39,-146,151.12,0.08735
828,117,-191,223.99,0.12947
829,-330,-37,332.07,0.19195
830,-1104,255,1133.07,0.65495
831,-1351,177,1362.55,0.78760
832,-802,-212,829.55,0.47951
833,-30,-408,409.10,0.23647
834,288,-292,410.13,0.23707
835,-81,-231,244.79,0.14150
836,-337,-132,361.93,0.20921
837,-101,-204,227.63,0.13158
838,119,-246,273.27,0.15796
839,-180,-185,258.12,0.14920
840,-285,-104,303.38,0.17537
841,45,-186,191.37,0.11062
842,305,-254,396.91,0.22943
843,163,-169,234.80,0.13572
844,-558,98,566.54,0.32748
845,-1095,429,1176.04,0.67979
846,-1128,561,1259.80,0.72821
# END
# FRAME,20,RX_TS,127369653597,FP_INDEX,749.7187,FP_INT,749,RXPACC,1469,RXPWR,-83.57,FP_PWR,-89.69,STD_NOISE,56.00,NTM,13,NOISE_THRESH,728.00,PEAK_IDX,753,PEAK_AMPL,16639,START,699,elapsed_s,1.9652
sample,real,imag,amplitude,amplitude_norm
699,138,159,210.54,0.14332
700,99,248,267.03,0.18178
701,137,220,259.17,0.17643
702,44,172,177.54,0.12086
703,138,109,175.86,0.11971
704,159,-29,161.62,0.11002
705,98,32,103.09,0.07018
706,79,53,95.13,0.06476
707,119,13,119.71,0.08149
708,143,131,193.93,0.13202
709,184,106,212.35,0.14455
710,72,81,108.37,0.07377
711,92,152,177.67,0.12095
712,148,297,331.83,0.22589
713,151,275,313.73,0.21357
714,180,186,258.84,0.17620
715,147,233,275.50,0.18754
716,41,161,166.14,0.11310
717,-55,51,75.01,0.05106
718,-126,108,165.95,0.11297
719,-135,91,162.81,0.11083
720,-238,-38,241.01,0.16407
721,-349,-129,372.08,0.25329
722,-163,59,173.35,0.11801
723,108,332,349.12,0.23766
724,220,355,417.64,0.28430
725,94,258,274.59,0.18692
726,40,154,159.11,0.10831
727,138,83,161.04,0.10962
728,153,100,182.78,0.12443
729,160,188,246.87,0.16805
730,80,178,195.15,0.13285
731,129,158,203.97,0.13885
732,126,233,264.89,0.18032
733,158,283,324.12,0.22064
734,178,204,270.74,0.18430
735,163,166,232.65,0.15837
736,96,310,324.52,0.22092
737,95,220,239.64,0.16313
738,130,155,202.30,0.13771
739,103,140,173.81,0.11832
740,135,280,310.85,0.21160
741,127,130,181.74,0.12372
742,193,191,271.53,0.18484
743,286,162,328.69,0.22375
744,178,145,229.58,0.15629
745,115,141,181.95,0.12386
746,142,129,191.85,0.13060
747,100,82,129.32,0.08803
748,-302,-722,782.62,0.53275
749,-2276,-3533,4202.65,2.86089
750,-5853,-8057,9958.56,6.77914
751,-7346,-12003,14072.52,9.57966
752,-3887,-15053,15546.75,10.58322
753,683,-16396,16410.22,11.17101
754,2141,-11331,11531.50,7.84990
755,867,-990,1315.97,0.89583
756,-211,4973,4977.47,3.38834
757,-235,2871,2880.60,1.96093
758,371,-1080,1141.95,0.77736
759,759,-1301,1506.21,1.02533
760,439,462,637.31,0.43384
761,163,1132,1143.68,0.77854
762,230,691,728.27,0.49576
763,227,758,791.26,0.53864
764,209,1607,1620.53,1.10315
765,317,2299,2320.75,1.57982
766,166,2019,2025.81,1.37904
767,-172,1131,1144.00,0.77876
768,-541,813,976.55,0.66477
769,-943,943,1333.60,0.90783
770,-1272,686,1445.19,0.98379
771,-1119,197,1136.21,0.77346
772,-738,184,760.59,0.51776
773,-843,773,1143.76,0.77860
774,-1028,1750,2029.60,1.38162
775,-401,2571,2602.08,1.77133
776,1190,2782,3025.83,2.05979
777,2147,2198,3072.59,2.09162
778,1669,1736,2408.16,1.63932
779,425,1534,1591.79,1.08358
780,-222,1052,1075.17,0.73191
781,-86,462,469.94,0.31990
782,22,481,481.50,0.32778
783,-548,804,973.00,0.66235
784,-1316,1078,1701.16,1.15804
785,-1324,1021,1671.95,1.13816
786,185,1058,1074.05,0.73115
787,1777,1232,2162.30,1.47196
788,1492,1451,2081.22,1.41676
789,-197,1644,1655.76,1.12713
790,-1512,1666,2249.82,1.53153
791,-1252,1588,2022.19,1.37658
792,-172,1187,1199.40,0.81647
793,282,334,437.13,0.29757
794,-9,-323,323.13,0.21996
795,73,88,114.34,0.07783
796,661,1272,1433.49,0.97583
797,971,1905,2138.19,1.45554
798,762,1336,1538.03,1.04699
799,696,778,1043.89,0.71061
800,627,1207,1360.14,0.92589
801,82,1776,1777.89,1.21027
802,-559,1279,1395.82,0.95019
803,-423,394,578.07,0.39351
804,390,123,408.94,0.27838
805,886,467,1001.54,0.68178
806,600,631,870.72,0.59273
807,299,478,563.81,0.38381
808,392,436,586.31,0.39912
809,462,665,809.73,0.55121
810,510,733,892.97,0.60787
811,473,546,722.39,0.49176
812,589,296,659.19,0.44874
813,753,236,789.12,0.53718
814,660,-19,660.27,0.44947
815,415,-43,417.22,0.28402
816,646,371,744.95,0.50712
817,1163,815,1420.14,0.96674
818,1173,640,1336.24,0.90962
819,733,29,733.57,0.49937
820,306,-157,343.93,0.23412
821,194,295,353.07,0.24035
822,169,504,531.58,0.36187
823,201,256,325.48,0.22157
824,416,126,434.66,0.29589
825,466,530,705.73,0.48042
826,369,815,894.64,0.60901
827,295,731,788.28,0.53661
828,442,516,679.43,0.46251
829,523,550,758.97,0.51665
830,413,771,874.65,0.59540
831,653,555,856.99,0.58338
832,1090,317,1135.16,0.77274
833,1388,433,1453.97,0.98977
834,954,686,1175.04,0.79989
835,331,873,933.64,0.63556
836,160,623,643.22,0.43786
837,418,586,719.81,0.49000
838,418,412,586.91,0.39953
839,416,452,614.30,0.41817
840,390,532,659.64,0.44904
841,586,701,913.67,0.62197
842,644,761,996.92,0.67864
843,382,734,827.45,0.56328
844,134,581,596.25,0.40589
845,454,373,587.58,0.39998
846,1062,97,1066.42,0.72595
847,1556,-89,1558.54,1.06096
848,1556,48,1556.74,1.05973
# END
# FRAME,21,RX_TS,133759446995,FP_INDEX,751.0937,FP_INT,751,RXPACC,1462,RXPWR,-84.40,FP_PWR,-88.43,STD_NOISE,48.00,NTM,13,NOISE_THRESH,624.00,PEAK_IDX,753,PEAK_AMPL,16948,START,701,elapsed_s,2.0536
sample,real,imag,amplitude,amplitude_norm
701,124,215,248.20,0.16976
702,-99,126,160.24,0.10960
703,-30,13,32.70,0.02236
704,201,55,208.39,0.14254
705,36,113,118.60,0.08112
706,45,-5,45.28,0.03097
707,132,-23,133.99,0.09165
708,288,58,293.78,0.20095
709,205,207,291.33,0.19927
710,156,211,262.41,0.17948
711,88,20,90.24,0.06173
712,-28,-42,50.48,0.03453
713,-22,36,42.19,0.02886
714,27,224,225.62,0.15432
715,105,246,267.47,0.18295
716,34,161,164.55,0.11255
717,38,67,77.03,0.05269
718,105,93,140.26,0.09594
719,-6,159,159.11,0.10883
720,-266,8,266.12,0.18202
721,-249,-131,281.36,0.19245
722,-171,-207,268.50,0.18365
723,-25,-109,111.83,0.07649
724,18,156,157.04,0.10741
725,81,247,259.94,0.17780
726,94,259,275.53,0.18846
727,39,136,141.48,0.09677
728,58,76,95.60,0.06539
729,190,129,229.65,0.15708
730,333,166,372.08,0.25450
731,231,158,279.87,0.19143
732,61,151,162.86,0.11139
733,-23,172,173.53,0.11869
734,-38,66,76.16,0.05209
735,122,130,178.28,0.12194
736,217,173,277.52,0.18982
737,102,213,236.16,0.16153
738,65,273,280.63,0.19195
739,-18,173,173.93,0.11897
740,66,209,219.17,0.14991
741,191,242,308.29,0.21087
742,156,190,245.84,0.16815
743,70,160,174.64,0.11945
744,132,246,279.18,0.19096
745,154,294,331.89,0.22701
746,132,287,315.90,0.21607
747,179,258,314.01,0.21478
748,89,120,149.40,0.10219
749,148,-214,260.19,0.17797
750,186,-2212,2219.81,1.51834
751,-167,-7948,7949.75,5.43759
752,-171,-14599,14600.00,9.98632
753,1723,-16406,16496.23,11.28333
754,4527,-13704,14432.37,9.87166
755,4620,-8840,9974.47,6.82248
756,1913,-2334,3017.80,2.06416
757,-352,3044,3064.28,2.09595
758,-658,3875,3930.47,2.68842
759,186,1010,1026.98,0.70245
760,697,-760,1031.22,0.70535
761,506,229,555.41,0.37990
762,120,1372,1377.24,0.94202
763,-215,1361,1377.88,0.94246
764,-227,1028,1052.76,0.72009
765,-253,1459,1480.77,1.01284
766,-390,2375,2406.81,1.64624
767,-444,2314,2356.21,1.61164
768,-457,1360,1434.73,0.98135
769,-689,505,854.25,0.58430
770,-1030,468,1131.34,0.77383
771,-1316,479,1400.46,0.95791
772,-1312,-174,1323.49,0.90526
773,-955,-219,979.79,0.67017
774,-646,690,945.21,0.64652
775,-949,1785,2021.59,1.38276
776,-1310,2585,2897.99,1.98221
777,-572,3151,3202.50,2.19049
778,1068,3219,3391.55,2.31980
779,1540,2624,3042.53,2.08107
780,413,1754,1801.97,1.23254
781,-675,1004,1209.81,0.82750
782,-529,496,725.16,0.49601
783,-82,673,677.98,0.46373
784,-475,1135,1230.39,0.84158
785,-1392,1358,1944.69,1.33016
786,-1500,1190,1914.71,1.30965
787,-256,1262,1287.70,0.88078
788,1247,1536,1978.46,1.35326
789,1631,1771,2407.61,1.64679
790,528,1626,1709.58,1.16934
791,-935,1102,1445.21,0.98852
792,-1437,688,1593.21,1.08975
793,-811,742,1099.22,0.75186
794,-83,575,580.96,0.39737
795,130,38,135.44,0.09264
796,-22,-65,68.62,0.04694
797,-67,827,829.71,0.56752
798,15,1766,1766.06,1.20798
799,113,1478,1482.31,1.01389
800,432,777,889.02,0.60808
801,489,1173,1270.85,0.86925
802,-132,1814,1818.80,1.24405
803,-806,1408,1622.37,1.10970
804,-833,335,897.84,0.61412
805,-22,-146,147.65,0.10099
806,691,311,757.76,0.51830
807,691,806,1061.66,0.72617
808,238,645,687.51,0.47025
809,-2,374,374.01,0.25582
810,204,410,457.95,0.31323
811,279,737,788.04,0.53902
812,391,710,810.54,0.55441
813,409,548,683.80,0.46772
814,536,527,751.68,0.51415
815,665,530,850.37,0.58165
816,658,468,807.46,0.55230
817,677,508,846.40,0.57893
818,769,959,1229.24,0.84080
819,808,1076,1345.60,0.92038
820,606,276,665.89,0.45547
821,315,-191,368.38,0.25197
822,251,186,312.41,0.21368
823,223,722,755.65,0.51686
824,206,567,603.26,0.41263
825,191,196,273.67,0.18719
826,186,196,270.21,0.18482
827,138,559,575.78,0.39383
828,-34,842,842.69,0.57639
829,-47,834,835.32,0.57136
830,20,516,516.39,0.35321
831,102,392,405.05,0.27705
832,127,464,481.07,0.32905
833,667,598,895.82,0.61274
834,1207,717,1403.90,0.96026
835,1076,884,1392.56,0.95251
836,370,734,821.98,0.56223
837,-140,442,463.64,0.31713
838,-124,323,345.98,0.23665
839,156,384,414.48,0.28350
840,286,477,556.17,0.38042
841,173,379,416.62,0.28496
842,121,517,530.97,0.36318
843,143,657,672.38,0.45991
844,140,628,643.42,0.44009
845,-41,347,349.41,0.23900
846,70,272,280.86,0.19211
847,657,490,819.60,0.56060
848,1224,573,1351.48,0.92441
849,1329,515,1425.30,0.97489
850,1108,507,1218.49,0.83344
# END
# FRAME,22,RX_TS,140149240383,FP_INDEX,744.9062,FP_INT,744,RXPACC,2039,RXPWR,-88.47,FP_PWR,-90.60,STD_NOISE,88.00,NTM,13,NOISE_THRESH,1144.00,PEAK_IDX,747,PEAK_AMPL,19056,START,694,elapsed_s,2.0963
sample,real,imag,amplitude,amplitude_norm
694,284,132,313.18,0.15359
695,65,169,181.07,0.08880
696,0,307,307.00,0.15056
697,106,333,349.46,0.17139
698,75,271,281.19,0.13790
699,-7,211,211.12,0.10354
700,-31,169,171.82,0.08427
701,94,139,167.80,0.08230
702,220,196,294.65,0.14450
703,305,268,406.02,0.19913
704,311,227,385.03,0.18883
705,124,277,303.49,0.14884
706,94,276,291.57,0.14300
707,31,312,313.54,0.15377
708,326,312,451.24,0.22131
709,323,189,374.23,0.18354
710,220,293,366.40,0.17970
711,200,301,361.39,0.17724
712,134,297,325.83,0.15980
713,-37,292,294.33,0.14435
714,-337,494,598.00,0.29328
715,-361,502,618.32,0.30325
716,-244,391,460.89,0.22604
717,35,398,399.54,0.19595
718,376,263,458.85,0.22504
719,397,229,458.31,0.22477
720,139,146,201.59,0.09887
721,60,234,241.57,0.11847
722,118,221,250.53,0.12287
723,79,136,157.28,0.07714
724,180,88,200.36,0.09826
725,128,84,153.10,0.07509
726,153,144,210.11,0.10304
727,88,221,237.88,0.11666
728,81,291,302.06,0.14814
729,-7,319,319.08,0.15649
730,211,334,395.07,0.19375
731,154,287,325.71,0.15974
732,198,303,361.96,0.17752
733,218,294,366.01,0.17950
734,228,210,309.97,0.15202
735,234,313,390.80,0.19166
736,159,263,307.33,0.15072
737,197,190,273.70,0.13423
738,173,155,232.28,0.11392
739,205,159,259.43,0.12724
740,231,230,325.98,0.15987
741,178,240,298.80,0.14654
742,146,159,215.86,0.10587
743,-245,-244,345.78,0.16958
744,-2967,-2710,4018.36,1.97075
745,-9574,-7959,12450.19,6.10603
746,-15383,-13100,20205.12,9.90933
747,-15114,-14615,21024.54,10.31120
748,-11115,-12772,16931.25,8.30370
749,-5215,-7761,9350.37,4.58576
750,1466,-1221,1907.88,0.93569
751,5240,3223,6151.86,3.01709
752,3250,3000,4422.95,2.16918
753,-416,362,551.45,0.27045
754,-826,-1035,1324.20,0.64944
755,1100,-227,1123.18,0.55085
756,1817,954,2052.22,1.00648
757,975,1436,1735.72,0.85126
758,561,1703,1793.02,0.87936
759,1234,2168,2494.59,1.22344
760,2027,2596,3293.62,1.61531
761,1670,2471,2982.41,1.46268
762,696,1871,1996.26,0.97904
763,5,1633,1633.01,0.80089
764,-374,1861,1898.21,0.93095
765,-919,1774,1997.91,0.97985
766,-1455,1233,1907.17,0.93535
767,-572,823,1002.25,0.49154
768,1039,1179,1571.48,0.77071
769,1857,2430,3058.32,1.49991
770,1921,3523,4012.70,1.96798
771,2528,2677,3682.00,1.80579
772,3125,640,3189.86,1.56443
773,2697,-7,2697.01,1.32271
774,1611,920,1855.19,0.90985
775,723,1554,1713.96,0.84059
776,391,1029,1100.78,0.53986
777,402,577,703.23,0.34489
778,72,1317,1318.97,0.64687
779,-648,2277,2367.41,1.16106
780,-482,2160,2213.13,1.08540
781,1156,696,1349.35,0.66177
782,2800,-269,2812.89,1.37954
783,3100,197,3106.25,1.52342
784,1418,1574,2118.54,1.03901
785,-648,2120,2216.82,1.08721
786,-1074,2032,2298.37,1.12720
787,-164,1481,1490.05,0.73078
788,180,819,838.55,0.41125
789,-387,321,502.80,0.24659
790,-73,444,449.96,0.22068
791,1166,1440,1852.88,0.90872
792,1815,2002,2702.26,1.32529
793,1344,1127,1753.99,0.86022
794,1209,254,1235.39,0.60588
795,1986,678,2098.54,1.02920
796,1923,1937,2729.45,1.33862
797,727,2266,2379.77,1.16712
798,-117,1228,1233.56,0.60498
799,289,202,352.60,0.17293
800,998,109,1003.93,0.49237
801,856,192,877.27,0.43024
802,375,419,562.30,0.27577
803,472,535,713.45,0.34990
804,828,597,1020.78,0.50063
805,946,673,1160.97,0.56938
806,879,469,996.29,0.48862
807,916,97,921.12,0.45175
808,1165,-240,1189.46,0.58336
809,1175,-346,1224.88,0.60073
810,910,2,910.00,0.44630
811,1238,272,1267.53,0.62164
812,1681,283,1704.66,0.83603
813,1404,30,1404.32,0.68873
814,600,-339,689.15,0.33798
815,274,-175,325.12,0.15945
816,565,295,637.38,0.31259
817,775,565,959.09,0.47037
818,269,303,405.18,0.19871
819,186,140,232.80,0.11417
820,385,475,611.43,0.29987
821,748,1031,1273.76,0.62470
822,795,1228,1462.88,0.71745
823,752,943,1206.13,0.59153
824,580,432,723.20,0.35469
825,654,404,768.72,0.37701
826,861,344,927.18,0.45472
827,1406,-93,1409.07,0.69106
828,1601,-371,1643.42,0.80599
829,1161,37,1161.59,0.56969
830,503,649,821.10,0.40270
831,239,949,978.63,0.47996
832,587,719,928.19,0.45522
833,985,315,1034.14,0.50718
834,647,494,814.03,0.39923
835,404,751,852.77,0.41823
836,709,660,968.65,0.47506
837,994,344,1051.84,0.51586
838,637,412,758.63,0.37206
839,210,705,735.61,0.36077
840,338,669,749.54,0.36760
841,1064,-42,1064.83,0.52223
842,1591,-621,1707.90,0.83762
843,1526,-772,1710.16,0.83873
# END
# FRAME,23,RX_TS,146539033753,FP_INDEX,746.2500,FP_INT,746,RXPACC,1603,RXPWR,-85.68,FP_PWR,-88.85,STD_NOISE,48.00,NTM,13,NOISE_THRESH,624.00,PEAK_IDX,748,PEAK_AMPL,17813,START,696,elapsed_s,2.2214
sample,real,imag,amplitude,amplitude_norm
696,252,247,352.86,0.22013
697,226,-11,226.27,0.14115
698,270,25,271.15,0.16915
699,278,195,339.57,0.21184
700,249,258,358.56,0.22368
701,239,272,362.08,0.22588
702,357,194,406.31,0.25347
703,332,351,483.14,0.30140
704,218,224,312.57,0.19499
705,137,126,186.13,0.11611
706,117,117,165.46,0.10322
707,253,199,321.89,0.20080
708,336,155,370.03,0.23083
709,258,30,259.74,0.16203
710,113,-2,113.02,0.07050
711,157,185,242.64,0.15137
712,225,238,327.52,0.20432
713,88,238,253.75,0.15830
714,209,95,229.58,0.14322
715,440,-82,447.58,0.27921
716,505,-210,546.92,0.34119
717,553,-109,563.64,0.35162
718,418,-55,421.60,0.26301
719,202,123,236.50,0.14754
720,-12,75,75.95,0.04738
721,-33,17,37.12,0.02316
722,173,129,215.80,0.13462
723,355,219,417.12,0.26021
724,279,264,384.11,0.23962
725,228,140,267.55,0.16691
726,246,131,278.71,0.17387
727,276,204,343.21,0.21410
728,242,228,332.49,0.20742
729,144,18,145.12,0.09053
730,151,0,151.00,0.09420
731,221,42,224.96,0.14033
732,142,79,162.50,0.10137
733,96,10,96.52,0.06021
734,109,55,122.09,0.07616
735,276,116,299.39,0.18677
736,172,222,280.83,0.17519
737,242,140,279.58,0.17441
738,191,191,270.11,0.16851
739,142,180,229.27,0.14302
740,14,219,219.45,0.13690
741,-5,250,250.05,0.15599
742,62,104,121.08,0.07553
743,145,132,196.08,0.12232
744,340,232,411.61,0.25678
745,1813,901,2024.54,1.26297
746,6692,2536,7156.41,4.46438
747,13417,4798,14249.09,8.88902
748,16396,6528,17647.76,11.00921
749,14850,7548,16658.18,10.39188
750,10143,6731,12173.20,7.59401
751,2861,3552,4560.92,2.84524
752,-3592,135,3594.54,2.24238
753,-4411,-1326,4606.00,2.87336
754,-731,-575,930.05,0.58019
755,1412,588,1529.54,0.95417
756,478,801,932.78,0.58190
757,-898,189,917.67,0.57247
758,-1036,-376,1102.12,0.68754
759,-523,-761,923.39,0.57604
760,-674,-1044,1242.66,0.77521
761,-1404,-1236,1870.54,1.16690
762,-1559,-1412,2103.38,1.31215
763,-922,-1280,1577.49,0.98409
764,-255,-1043,1073.72,0.66982
765,116,-969,975.92,0.60881
766,480,-1002,1111.04,0.69310
767,991,-1062,1452.56,0.90615
768,812,-899,1211.42,0.75572
769,-11,-579,579.10,0.36126
770,-874,-674,1103.70,0.68852
771,-1391,-1496,2042.77,1.27434
772,-1865,-1891,2655.96,1.65687
773,-2577,-874,2721.18,1.69755
774,-2600,520,2651.49,1.65408
775,-1911,379,1948.22,1.21536
776,-893,-518,1032.36,0.64402
777,-197,-692,719.49,0.44884
778,-211,-421,470.92,0.29377
779,-590,-749,953.47,0.59480
780,-671,-1358,1514.73,0.94493
781,-476,-1233,1321.69,0.82451
782,-702,-268,751.42,0.46876
783,-1657,893,1882.31,1.17424
784,-2424,1232,2719.12,1.69627
785,-2027,242,2041.39,1.27348
786,-547,-1230,1346.15,0.83977
787,603,-1940,2031.55,1.26734
788,451,-1363,1435.68,0.89562
789,-134,-471,489.69,0.30548
790,124,-57,136.47,0.08514
791,384,-172,420.76,0.26248
792,-336,-444,556.81,0.34735
793,-1475,-564,1579.15,0.98512
794,-1306,-272,1334.02,0.83220
795,-415,257,488.13,0.30451
796,-741,323,808.34,0.50427
797,-1483,-326,1518.41,0.94723
798,-1002,-1155,1529.06,0.95387
799,21,-849,849.26,0.52979
800,270,-41,273.10,0.17037
801,-212,327,389.71,0.24311
802,-444,200,486.97,0.30378
803,-68,63,92.70,0.05783
804,-107,68,126.78,0.07909
805,-422,-58,425.97,0.26573
806,-582,21,582.38,0.36331
807,-418,264,494.39,0.30841
808,-419,559,698.60,0.43581
809,-559,868,1032.43,0.64406
810,-604,951,1126.60,0.70280
811,-290,771,823.74,0.51387
812,-250,523,579.68,0.36162
813,-708,575,912.08,0.56898
814,-920,814,1228.41,0.76632
815,-328,916,972.95,0.60696
816,287,550,620.38,0.38701
817,59,159,169.59,0.10580
818,-178,37,181.80,0.11342
819,-88,20,90.24,0.05630
820,230,153,276.24,0.17233
821,218,132,254.85,0.15898
822,-175,-172,245.38,0.15307
823,-522,-347,626.81,0.39102
824,-400,-319,511.63,0.31917
825,-100,-88,133.21,0.08310
826,5,95,95.13,0.05935
827,-138,138,195.16,0.12175
828,-451,453,639.23,0.39877
829,-643,926,1127.35,0.70328
830,-587,793,986.62,0.61548
831,-269,258,372.73,0.23252
832,-46,-142,149.26,0.09312
833,-193,-302,358.40,0.22358
834,-281,-126,307.96,0.19211
835,-120,136,181.37,0.11315
836,-17,27,31.91,0.01990
837,-115,-39,121.43,0.07575
838,-343,117,362.41,0.22608
839,-288,144,321.99,0.20087
840,61,81,101.40,0.06326
841,168,12,168.43,0.10507
842,-44,351,353.75,0.22068
843,-442,985,1079.62,0.67350
844,-466,1359,1436.68,0.89624
845,-309,1242,1279.86,0.79842
# END
# FRAME,24,RX_TS,152928827619,FP_INDEX,747.8594,FP_INT,747,RXPACC,2016,RXPWR,-89.24,FP_PWR,-92.33,STD_NOISE,64.00,NTM,13,NOISE_THRESH,832.00,PEAK_IDX,750,PEAK_AMPL,16711,START,697,elapsed_s,2.3366
sample,real,imag,amplitude,amplitude_norm
697,164,268,314.20,0.15585
698,129,571,585.39,0.29037
699,221,574,615.07,0.30510
700,218,303,373.27,0.18516
701,223,81,237.26,0.11769
702,78,27,82.54,0.04094
703,16,191,191.67,0.09507
704,-82,73,109.79,0.05446
705,83,-7,83.29,0.04132
706,292,93,306.45,0.15201
707,310,386,495.07,0.24557
708,114,343,361.45,0.17929
709,-12,363,363.20,0.18016
710,156,321,356.90,0.17703
711,296,364,469.16,0.23272
712,341,191,390.85,0.19387
713,293,99,309.27,0.15341
714,225,255,340.07,0.16869
715,167,376,411.42,0.20408
716,95,356,368.46,0.18277
717,-148,412,437.78,0.21715
718,-233,393,456.88,0.22663
719,-143,452,474.08,0.23516
720,-41,413,415.03,0.20587
721,225,160,276.09,0.13695
722,283,22,283.85,0.14080
723,235,290,373.26,0.18515
724,58,100,115.60,0.05734
725,2,137,137.01,0.06796
726,91,124,153.81,0.07629
727,253,302,393.97,0.19542
728,154,329,363.26,0.18019
729,145,147,206.48,0.10242
730,219,174,279.71,0.13874
731,283,191,341.42,0.16936
732,238,234,333.77,0.16556
733,60,229,236.73,0.11743
734,77,274,284.61,0.14118
735,223,450,502.22,0.24912
736,227,302,377.80,0.18740
737,212,276,348.02,0.17263
738,208,300,365.05,0.18108
739,186,154,241.48,0.11978
740,329,156,364.11,0.18061
741,321,165,360.92,0.17903
742,284,291,406.62,0.20169
743,266,227,349.69,0.17346
744,242,186,305.22,0.15140
745,267,95,283.40,0.14057
746,-231,-462,516.53,0.25622
747,-2666,-2715,3805.10,1.88745
748,-7346,-6594,9871.40,4.89653
749,-11493,-9673,15021.85,7.45131
750,-14067,-9543,16998.51,8.43180
751,-14355,-7239,16076.98,7.97469
752,-7848,-4225,8913.01,4.42114
753,2516,-1077,2736.82,1.35755
754,7107,1490,7261.51,3.60194
755,3273,2036,3854.58,1.91200
756,-1398,813,1617.21,0.80219
757,-1298,-107,1302.40,0.64603
758,898,102,903.77,0.44830
759,1503,1126,1878.00,0.93155
760,973,1778,2026.82,1.00537
761,974,1830,2073.06,1.02830
762,2101,1686,2693.84,1.33623
763,3017,1348,3304.45,1.63911
764,2093,797,2239.61,1.11092
765,470,759,892.74,0.44283
766,-252,1426,1448.10,0.71830
767,-413,2260,2297.43,1.13960
768,-1160,2322,2595.63,1.28751
769,-1561,1819,2396.97,1.18897
770,-21,1391,1391.16,0.69006
771,1905,1523,2438.97,1.20980
772,2285,2517,3399.49,1.68625
773,2063,3056,3687.15,1.82895
774,2572,1795,3136.43,1.55577
775,2867,-209,2874.61,1.42590
776,2124,-443,2169.71,1.07624
777,1028,971,1414.08,0.70143
778,439,1581,1640.82,0.81390
779,191,988,1006.29,0.49915
780,128,539,553.99,0.27480
781,218,1253,1271.82,0.63086
782,188,2253,2260.83,1.12144
783,448,1979,2029.07,1.00649
784,1594,447,1655.49,0.82118
785,2880,-814,2992.82,1.48454
786,2979,-326,2996.78,1.48650
787,1062,1485,1825.67,0.90559
788,-918,2759,2907.71,1.44232
789,-1060,2673,2875.50,1.42634
790,-103,1448,1451.66,0.72007
791,254,459,524.59,0.26021
792,-179,154,236.13,0.11713
793,76,620,624.64,0.30984
794,1349,1125,1756.54,0.87130
795,1805,1136,2132.73,1.05790
796,1144,458,1232.27,0.61125
797,1000,-145,1010.46,0.50122
798,1882,378,1919.59,0.95218
799,1948,1594,2517.05,1.24854
800,740,2017,2148.46,1.06571
801,-173,1009,1023.72,0.50780
802,141,30,144.16,0.07151
803,764,-126,774.32,0.38409
804,733,161,750.47,0.37226
805,542,255,598.99,0.29712
806,583,321,665.53,0.33012
807,840,441,948.73,0.47060
808,826,203,850.58,0.42191
809,787,-106,794.11,0.39390
810,1331,-433,1399.66,0.69428
811,1557,-586,1663.62,0.82521
812,1206,-353,1256.60,0.62331
813,777,204,803.33,0.39848
814,1019,135,1027.90,0.50987
815,1627,-406,1676.89,0.83179
816,1382,-582,1499.55,0.74382
817,748,-379,838.54,0.41594
818,455,120,470.56,0.23341
819,422,494,649.71,0.32228
820,240,436,497.69,0.24687
821,151,112,188.00,0.09326
822,434,-34,435.33,0.21594
823,732,471,870.44,0.43177
824,880,1099,1407.91,0.69837
825,706,1167,1363.94,0.67656
826,466,651,800.60,0.39712
827,523,263,585.40,0.29038
828,618,430,752.88,0.37345
829,845,100,850.90,0.42207
830,1140,-529,1256.76,0.62339
831,1162,-431,1239.36,0.61476
832,844,132,854.26,0.42374
833,420,585,720.16,0.35722
834,270,645,699.23,0.34684
835,386,559,679.32,0.33696
836,593,320,673.83,0.33424
837,455,316,553.97,0.27479
838,554,412,690.41,0.34246
839,778,328,844.32,0.41881
840,934,227,961.19,0.47678
841,615,340,702.73,0.34857
842,268,532,595.69,0.29548
843,404,451,605.49,0.30034
844,958,-60,959.88,0.47613
845,1207,-709,1399.83,0.69436
846,966,-958,1360.49,0.67484
# END
# FRAME,25,RX_TS,159318620934,FP_INDEX,749.2969,FP_INT,749,RXPACC,1974,RXPWR,-90.27,FP_PWR,-92.30,STD_NOISE,56.00,NTM,13,NOISE_THRESH,728.00,PEAK_IDX,751,PEAK_AMPL,14605,START,699,elapsed_s,2.4017
sample,real,imag,amplitude,amplitude_norm
699,183,148,235.36,0.11923
700,68,-73,99.76,0.05054
701,87,147,170.82,0.08653
702,175,219,280.33,0.14201
703,361,190,407.95,0.20666
704,337,45,339.99,0.17223
705,272,-17,272.53,0.13806
706,345,142,373.08,0.18900
707,313,88,325.14,0.16471
708,196,197,277.89,0.14078
709,127,205,241.15,0.12216
710,154,102,184.72,0.09357
711,104,67,123.71,0.06267
712,17,61,63.32,0.03208
713,87,122,149.84,0.07591
714,143,296,328.73,0.16653
715,124,272,298.93,0.15143
716,120,213,244.48,0.12385
717,102,39,109.20,0.05532
718,252,-88,266.92,0.13522
719,152,-309,344.36,0.17445
720,74,-186,200.18,0.10141
721,-10,151,151.33,0.07666
722,134,328,354.32,0.17949
723,212,322,385.52,0.19530
724,158,249,294.90,0.14939
725,202,149,251.01,0.12716
726,377,59,381.59,0.19331
727,341,-28,342.15,0.17333
728,244,146,284.34,0.14405
729,194,165,254.68,0.12902
730,178,291,341.12,0.17281
731,172,272,321.82,0.16303
732,37,193,196.51,0.09955
733,127,228,260.98,0.13221
734,69,268,276.74,0.14019
735,-3,213,213.02,0.10791
736,117,200,231.71,0.11738
737,112,246,270.30,0.13693
738,206,163,262.69,0.13307
739,200,112,229.22,0.11612
740,284,233,367.35,0.18609
741,284,291,406.62,0.20599
742,249,266,364.36,0.18458
743,192,197,275.09,0.13936
744,111,199,227.86,0.11543
745,204,231,308.18,0.15612
746,182,224,288.62,0.14621
747,541,163,565.02,0.28623
748,1897,-601,1989.93,1.00807
749,5336,-3324,6286.64,3.18472
750,9732,-7083,12036.64,6.09759
751,12239,-10099,15867.67,8.03833
752,11714,-10949,16034.29,8.12274
753,8163,-7019,10765.73,5.45376
754,3187,276,3198.93,1.62053
755,-735,4678,4735.39,2.39888
756,-1929,2917,3497.13,1.77160
757,-673,-568,880.65,0.44613
758,703,-1131,1331.68,0.67461
759,731,169,750.28,0.38008
760,-145,932,943.21,0.47782
761,-1281,933,1584.76,0.80281
762,-1912,877,2103.54,1.06562
763,-1807,1117,2124.37,1.07617
764,-1420,1211,1866.26,0.94542
765,-905,1002,1350.20,0.68399
766,-604,419,735.10,0.37239
767,-898,8,898.04,0.45493
768,-1572,-271,1595.19,0.80810
769,-1588,-1168,1971.29,0.99863
770,-1081,-2004,2276.97,1.15348
771,-399,-805,898.46,0.45515
772,-249,1808,1825.07,0.92455
773,-1780,2900,3402.70,1.72376
774,-3721,1962,4206.58,2.13099
775,-3471,1475,3771.40,1.91054
776,-1208,2327,2621.87,1.32820
777,159,2450,2455.15,1.24375
778,-382,1424,1474.35,0.74688
779,-911,311,962.62,0.48765
780,-471,-88,479.15,0.24273
781,-38,164,168.34,0.08528
782,-736,600,949.58,0.48104
783,-1424,493,1506.93,0.76339
784,-1255,483,1344.74,0.68122
785,-266,1358,1383.81,0.70102
786,652,2647,2726.12,1.38101
787,775,3326,3415.10,1.73004
788,-234,2078,2091.13,1.05934
789,-1522,-376,1567.76,0.79420
790,-2285,-1692,2843.25,1.44035
791,-1948,-981,2181.07,1.10490
792,-906,14,906.11,0.45902
793,133,-134,188.80,0.09564
794,323,-248,407.23,0.20629
795,-493,1057,1166.32,0.59084
796,-1096,2188,2447.15,1.23969
797,-555,1657,1747.48,0.88525
798,307,1055,1098.76,0.55662
799,237,1400,1419.92,0.71931
800,-760,1524,1702.99,0.86271
801,-1359,601,1485.96,0.75277
802,-909,-294,955.36,0.48397
803,-161,-43,166.64,0.08442
804,76,635,639.53,0.32398
805,43,661,662.40,0.33556
806,212,250,327.79,0.16605
807,165,231,283.88,0.14381
808,-62,617,620.11,0.31414
809,-29,902,902.47,0.45718
810,282,795,843.53,0.42732
811,751,935,1199.26,0.60753
812,921,1328,1616.11,0.81870
813,659,1402,1549.16,0.78478
814,215,843,869.99,0.44072
815,124,630,642.09,0.32527
816,463,1108,1200.85,0.60833
817,988,1409,1720.88,0.87177
818,904,895,1272.10,0.64443
819,689,289,747.16,0.37850
820,229,229,323.85,0.16406
821,-94,151,177.87,0.09011
822,270,-44,273.56,0.13858
823,576,51,578.25,0.29293
824,284,396,487.31,0.24686
825,-555,587,807.83,0.40924
826,-1056,570,1200.02,0.60791
827,-637,342,723.00,0.36626
828,261,304,400.67,0.20297
829,560,352,661.44,0.33508
830,501,430,660.23,0.33446
831,665,852,1080.80,0.54752
832,872,1135,1431.30,0.72507
833,631,995,1178.21,0.59687
834,-26,469,469.72,0.23795
835,-279,228,360.31,0.18253
836,-358,193,406.71,0.20603
837,-104,427,439.48,0.22264
838,175,425,459.62,0.23284
839,91,354,365.51,0.18516
840,99,496,505.78,0.25622
841,281,709,762.65,0.38635
842,139,559,576.02,0.29180
843,-182,82,199.62,0.10112
844,-220,-9,220.18,0.11154
845,66,609,612.57,0.31032
846,496,1220,1316.97,0.66716
847,906,1181,1488.49,0.75405
848,953,906,1314.93,0.66613
# END
# FRAME,26,RX_TS,165708414304,FP_INDEX,750.0625,FP_INT,750,RXPACC,1762,RXPWR,-89.29,FP_PWR,-90.76,STD_NOISE,56.00,NTM,13,NOISE_THRESH,728.00,PEAK_IDX,752,PEAK_AMPL,16712,START,700,elapsed_s,2.5200
sample,real,imag,amplitude,amplitude_norm
700,335,150,367.05,0.20831
701,209,256,330.48,0.18756
702,182,181,256.68,0.14568
703,279,189,336.99,0.19125
704,295,366,470.09,0.26679
705,119,455,470.30,0.26691
706,-44,528,529.83,0.30070
707,101,315,330.80,0.18774
708,159,64,171.40,0.09727
709,384,95,395.58,0.22450
710,490,78,496.17,0.28159
711,414,-31,415.16,0.23562
712,295,91,308.72,0.17521
713,144,141,201.54,0.11438
714,218,258,337.77,0.19170
715,189,159,246.99,0.14017
716,124,223,255.16,0.14481
717,191,267,328.28,0.18631
718,305,461,552.76,0.31371
719,505,511,718.43,0.40774
720,581,412,712.25,0.40423
721,585,236,630.81,0.35801
722,293,46,296.59,0.16833
723,-57,44,72.01,0.04087
724,60,184,193.54,0.10984
725,216,286,358.40,0.20341
726,285,282,400.94,0.22755
727,289,236,373.12,0.21176
728,244,311,395.29,0.22434
729,140,351,377.89,0.21447
730,260,249,360.00,0.20431
731,277,141,310.82,0.17640
732,206,190,280.24,0.15905
733,143,101,175.07,0.09936
734,170,91,192.82,0.10943
735,264,35,266.31,0.15114
736,279,46,282.77,0.16048
737,145,305,337.71,0.19166
738,280,243,370.74,0.21041
739,245,207,320.74,0.18203
740,188,110,217.82,0.12362
741,226,60,233.83,0.13271
742,310,93,323.65,0.18368
743,213,84,228.97,0.12995
744,102,118,155.97,0.08852
745,58,80,98.81,0.05608
746,108,41,115.52,0.06556
747,-135,-36,139.72,0.07929
748,-1127,450,1213.52,0.68872
749,-2633,2913,3926.61,2.22850
750,-3510,8298,9009.82,5.11341
751,-2879,14478,14761.47,8.37768
752,-1835,16399,16501.35,9.36512
753,-2411,10262,10541.42,5.98265
754,-3035,816,3142.78,1.78365
755,-1372,-3498,3757.44,2.13249
756,1011,-1499,1808.07,1.02615
757,1262,1202,1742.83,0.98912
758,-109,1490,1493.98,0.84789
759,-728,406,833.56,0.47308
760,67,-565,568.96,0.32291
761,1112,-1028,1514.37,0.85946
762,1297,-1338,1863.45,1.05758
763,747,-1437,1619.56,0.91916
764,-332,-1313,1354.32,0.76863
765,-636,-662,918.01,0.52100
766,-8,-19,20.62,0.01170
767,1154,14,1154.08,0.65499
768,1846,159,1852.83,1.05155
769,2040,1053,2295.74,1.30292
770,1688,2047,2653.22,1.50580
771,654,1514,1649.22,0.93599
772,110,-190,219.54,0.12460
773,1230,-2281,2591.50,1.47077
774,2448,-3450,4230.27,2.40084
775,1364,-3197,3475.82,1.97265
776,-777,-2122,2259.78,1.28251
777,-1026,-1056,1472.35,0.83561
778,628,-479,789.83,0.44826
779,1505,-116,1509.46,0.85668
780,1017,328,1068.58,0.60646
781,525,573,777.14,0.44106
782,841,341,907.50,0.51504
783,1482,-232,1500.05,0.85133
784,1217,-685,1396.54,0.79259
785,-292,-1012,1053.28,0.59778
786,-1877,-1458,2376.74,1.34889
787,-1653,-1669,2349.04,1.33316
788,300,-1075,1116.08,0.63341
789,2337,98,2339.05,1.32750
790,2892,415,2921.62,1.65813
791,2149,22,2149.11,1.21970
792,1254,121,1259.82,0.71500
793,891,700,1133.08,0.64307
794,807,351,880.03,0.49945
795,756,-1080,1318.31,0.74819
796,442,-1675,1732.34,0.98316
797,-146,-895,906.83,0.51466
798,-624,-359,719.90,0.40857
799,-362,-1115,1172.29,0.66532
800,605,-1508,1624.84,0.92215
801,1523,-463,1591.82,0.90342
802,1305,518,1404.05,0.79685
803,299,229,376.62,0.21375
804,-97,-410,421.32,0.23911
805,58,-95,111.31,0.06317
806,212,103,235.70,0.13377
807,103,-303,320.03,0.18163
808,22,-546,546.44,0.31013
809,15,-214,214.53,0.12175
810,-368,358,513.41,0.29138
811,-1157,197,1173.65,0.66609
812,-1175,-225,1196.35,0.67897
813,-266,-393,474.56,0.26933
814,479,-191,515.68,0.29267
815,110,-246,269.47,0.15294
816,-833,-562,1004.85,0.57029
817,-1020,-569,1167.97,0.66287
818,-644,-256,693.02,0.39331
819,74,-3,74.06,0.04203
820,527,213,568.42,0.32260
821,438,429,613.09,0.34795
822,274,754,802.24,0.45530
823,64,594,597.44,0.33907
824,337,-136,363.41,0.20625
825,807,-811,1144.10,0.64932
826,859,-800,1173.83,0.66619
827,559,-285,627.46,0.35611
828,186,120,221.35,0.12562
829,-5,179,179.07,0.10163
830,-289,23,289.91,0.16454
831,-665,-101,672.63,0.38174
832,-741,-161,758.29,0.43036
833,-266,-105,285.97,0.16230
834,355,-145,383.47,0.21763
835,579,-297,650.73,0.36931
836,385,-386,545.18,0.30941
837,241,-146,281.77,0.15992
838,352,142,379.56,0.21542
839,405,10,405.12,0.22992
840,127,-332,355.46,0.20174
841,-100,-258,276.70,0.15704
842,295,-37,297.31,0.16874
843,773,57,775.10,0.43990
844,605,-25,605.52,0.34365
845,-18,-52,55.03,0.03123
846,-530,-58,533.16,0.30259
847,-856,130,865.82,0.49138
848,-912,112,918.85,0.52148
849,-307,18,307.53,0.17453
# END
# FRAME,27,RX_TS,172098207381,FP_INDEX,747.0469,FP_INT,747,RXPACC,2004,RXPWR,-90.77,FP_PWR,-101.47,STD_NOISE,52.00,NTM,13,NOISE_THRESH,676.00,PEAK_IDX,751,PEAK_AMPL,16371,START,697,elapsed_s,2.6236
sample,real,imag,amplitude,amplitude_norm
697,178,319,365.30,0.18229
698,272,204,340.00,0.16966
699,168,5,168.07,0.08387
700,152,177,233.31,0.11642
701,177,200,267.07,0.13327
702,189,329,379.42,0.18933
703,264,112,286.78,0.14310
704,354,-33,355.53,0.17741
705,394,-10,394.13,0.19667
706,214,134,252.49,0.12599
707,74,197,210.44,0.10501
708,127,286,312.93,0.15615
709,174,124,213.66,0.10662
710,102,140,173.22,0.08644
711,-43,261,264.52,0.13200
712,-45,309,312.26,0.15582
713,126,291,317.11,0.15824
714,244,306,391.37,0.19530
715,241,344,420.02,0.20959
716,150,283,320.30,0.15983
717,179,199,267.66,0.13356
718,82,-61,102.20,0.05100
719,-28,-231,232.69,0.11611
720,-57,-113,126.56,0.06315
721,58,192,200.57,0.10008
722,179,466,499.20,0.24910
723,262,408,484.88,0.24196
724,213,51,219.02,0.10929
725,276,-56,281.62,0.14053
726,386,63,391.11,0.19516
727,220,169,277.42,0.13843
728,199,220,296.65,0.14803
729,152,288,325.65,0.16250
730,92,210,229.27,0.11441
731,198,224,298.96,0.14918
732,346,283,447.00,0.22305
733,259,224,342.43,0.17087
734,-1,293,293.00,0.14621
735,26,328,329.03,0.16419
736,206,380,432.25,0.21569
737,329,222,396.89,0.19805
738,262,125,290.29,0.14486
739,182,125,220.79,0.11018
740,298,322,438.73,0.21893
741,399,346,528.13,0.26354
742,286,322,430.67,0.21491
743,223,286,362.66,0.18097
744,216,230,315.52,0.15745
745,139,245,281.68,0.14056
746,92,516,524.14,0.26155
747,209,1348,1364.11,0.68069
748,289,2244,2262.53,1.12901
749,1214,115,1219.43,0.60850
750,3741,-6839,7795.32,3.88988
751,6100,-14687,15903.39,7.93583
752,6341,-14536,15858.86,7.91360
753,4757,-4781,6744.41,3.36547
754,2274,3986,4589.04,2.28994
755,-355,4625,4638.60,2.31467
756,-1311,403,1371.54,0.68440
757,-298,-1549,1577.40,0.78713
758,1015,-542,1150.65,0.57418
759,966,471,1074.71,0.53628
760,-157,1081,1092.34,0.54508
761,-1070,1355,1726.54,0.86154
762,-1417,1514,2073.66,1.03476
763,-1140,1675,2026.14,1.01105
764,-485,1653,1722.68,0.85962
765,185,1304,1317.06,0.65721
766,167,543,568.10,0.28348
767,-496,334,597.97,0.29839
768,-1014,-124,1021.55,0.50976
769,-1174,-971,1523.52,0.76024
770,-536,-1048,1177.12,0.58738
771,-32,658,658.78,0.32873
772,-800,2263,2400.24,1.19773
773,-2534,2515,3570.21,1.78154
774,-2724,2406,3634.42,1.81358
775,-636,2367,2450.96,1.22303
776,1399,2253,2652.02,1.32336
777,1077,1499,1845.79,0.92105
778,-451,599,749.80,0.37415
779,-1131,-33,1131.48,0.56461
780,-643,-432,774.64,0.38655
781,-326,-43,328.82,0.16408
782,-741,750,1054.32,0.52611
783,-906,1149,1463.23,0.73015
784,-8,1319,1319.02,0.65820
785,1764,1931,2615.43,1.30510
786,2723,2726,3853.03,1.92267
787,1612,2558,3023.56,1.50876
788,-899,1025,1363.39,0.68033
789,-2630,-690,2719.01,1.35679
790,-2320,-855,2472.53,1.23380
791,-982,132,990.83,0.49443
792,-19,160,161.12,0.08040
793,-46,-367,369.87,0.18457
794,-277,206,345.20,0.17226
795,-361,1588,1628.52,0.81263
796,46,1908,1908.55,0.95237
797,771,1192,1419.61,0.70839
798,1130,1210,1655.60,0.82615
799,514,1804,1875.80,0.93603
800,-764,1565,1741.53,0.86903
801,-1352,212,1368.52,0.68289
802,-688,-195,715.10,0.35684
803,437,468,640.31,0.31951
804,667,568,876.08,0.43716
805,389,86,398.39,0.19880
806,-1,161,161.00,0.08034
807,-86,1011,1014.65,0.50631
808,136,1056,1064.72,0.53130
809,955,293,998.94,0.49847
810,1514,-98,1517.17,0.75707
811,1546,284,1571.87,0.78437
812,940,849,1266.65,0.63206
813,117,714,723.52,0.36104
814,-411,596,723.97,0.36126
815,121,793,802.18,0.40029
816,1021,1016,1440.38,0.71875
817,1154,784,1395.12,0.69617
818,815,243,850.46,0.42438
819,452,3,452.01,0.22555
820,170,-107,200.87,0.10023
821,152,-230,275.69,0.13757
822,290,-564,634.19,0.31646
823,331,-178,375.83,0.18754
824,-214,523,565.09,0.28198
825,-679,1105,1296.94,0.64718
826,-494,1002,1117.16,0.55746
827,112,534,545.62,0.27226
828,628,29,628.67,0.31371
829,694,234,732.39,0.36546
830,898,610,1085.59,0.54171
831,1211,851,1480.11,0.73858
832,999,629,1180.53,0.58908
833,239,297,381.22,0.19023
834,-113,182,214.23,0.10690
835,-125,428,445.88,0.22250
836,215,457,505.05,0.25202
837,357,205,411.67,0.20543
838,96,203,224.56,0.11205
839,27,385,385.95,0.19259
840,334,329,468.83,0.23394
841,342,384,514.22,0.25660
842,8,343,343.09,0.17120
843,-390,159,421.17,0.21016
844,-208,161,263.03,0.13125
845,278,323,426.16,0.21266
846,824,419,924.41,0.46128
# END
# FRAME,28,RX_TS,178488000633,FP_INDEX,747.1094,FP_INT,747,RXPACC,1973,RXPWR,-91.43,FP_PWR,-102.65,STD_NOISE,68.00,NTM,13,NOISE_THRESH,884.00,PEAK_IDX,752,PEAK_AMPL,15013,START,697,elapsed_s,2.7195
sample,real,imag,amplitude,amplitude_norm
697,150,191,242.86,0.12309
698,313,236,392.00,0.19868
699,350,298,459.68,0.23298
700,285,322,430.01,0.21795
701,182,226,290.17,0.14707
702,176,136,222.42,0.11273
703,151,151,213.55,0.10823
704,104,124,161.84,0.08203
705,-10,75,75.66,0.03835
706,102,174,201.69,0.10223
707,264,332,424.17,0.21499
708,457,359,581.15,0.29455
709,367,296,471.49,0.23897
710,219,390,447.28,0.22670
711,176,426,460.93,0.23362
712,182,348,392.72,0.19905
713,255,256,361.33,0.18314
714,290,150,326.50,0.16548
715,274,192,334.57,0.16958
716,482,123,497.45,0.25213
717,315,13,315.27,0.15979
718,91,298,311.58,0.15792
719,-235,514,565.17,0.28645
720,-132,525,541.34,0.27437
721,394,288,488.04,0.24736
722,559,74,563.88,0.28580
723,455,59,458.81,0.23254
724,169,82,187.84,0.09521
725,-98,73,122.20,0.06194
726,2,240,240.01,0.12165
727,143,293,326.03,0.16525
728,115,188,220.38,0.11170
729,192,245,311.27,0.15776
730,213,250,328.43,0.16646
731,239,396,462.53,0.23443
732,260,371,453.04,0.22962
733,360,215,419.31,0.21253
734,301,184,352.78,0.17881
735,282,250,376.86,0.19101
736,195,323,377.30,0.19123
737,190,412,453.70,0.22995
738,145,215,259.33,0.13144
739,142,164,216.93,0.10995
740,268,174,319.53,0.16195
741,396,130,416.79,0.21125
742,283,123,308.57,0.15640
743,215,189,286.26,0.14509
744,346,190,394.74,0.20007
745,353,279,449.94,0.22805
746,697,269,747.11,0.37867
747,1840,572,1926.86,0.97661
748,3709,1266,3919.11,1.98637
749,2072,1272,2431.29,1.23228
750,-5117,-986,5211.13,2.64122
751,-13394,-4237,14048.18,7.12021
752,-13409,-5413,14460.35,7.32912
753,-4921,-3293,5921.16,3.00109
754,2539,-289,2555.39,1.29518
755,2968,1376,3271.45,1.65811
756,-88,1185,1188.26,0.60226
757,-1331,56,1332.18,0.67520
758,-584,-545,798.80,0.40487
759,141,-300,331.48,0.16801
760,638,325,716.01,0.36290
761,1101,1058,1526.95,0.77392
762,1297,1634,2086.18,1.05737
763,805,1362,1582.11,0.80188
764,112,425,439.51,0.22276
765,-201,-233,307.72,0.15596
766,181,-52,188.32,0.09545
767,375,673,770.42,0.39048
768,-315,1364,1399.90,0.70953
769,-1213,1437,1880.52,0.95312
770,-584,546,799.48,0.40521
771,1687,-667,1814.07,0.91945
772,3531,240,3539.15,1.79379
773,3609,2702,4508.40,2.28505
774,3029,3683,4768.58,2.41692
775,2563,1469,2954.14,1.49728
776,2201,-776,2333.79,1.18286
777,1244,-340,1289.63,0.65364
778,305,1255,1291.53,0.65460
779,-489,1448,1528.34,0.77463
780,-1002,546,1141.10,0.57836
781,-957,197,977.07,0.49522
782,-381,695,792.58,0.40171
783,424,1352,1416.93,0.71816
784,756,740,1057.89,0.53618
785,989,-1269,1608.88,0.81545
786,1277,-2871,3142.19,1.59260
787,1537,-1896,2440.73,1.23707
788,902,751,1173.71,0.59489
789,-356,2806,2828.49,1.43360
790,-498,2580,2627.62,1.33179
791,-32,1184,1184.43,0.60032
792,-166,300,342.86,0.17378
793,-444,287,528.68,0.26796
794,297,477,561.91,0.28480
795,1445,608,1567.70,0.79458
796,1562,415,1616.19,0.81915
797,869,-431,970.01,0.49164
798,1028,-918,1378.23,0.69854
799,1824,-226,1837.95,0.93155
800,1459,1192,1884.02,0.95490
801,338,1988,2016.53,1.02206
802,-108,1101,1106.28,0.56071
803,210,-29,211.99,0.10745
804,314,-328,454.07,0.23014
805,38,219,222.27,0.11266
806,205,590,624.60,0.31657
807,905,290,950.33,0.48167
808,1084,-358,1141.59,0.57860
809,405,-826,919.95,0.46627
810,123,-981,988.68,0.50111
811,491,-953,1072.05,0.54336
812,849,-512,991.44,0.50250
813,645,317,718.69,0.36426
814,542,682,871.14,0.44153
815,771,40,772.04,0.39130
816,982,-698,1204.79,0.61064
817,502,-988,1108.22,0.56169
818,-96,-721,727.36,0.36866
819,-136,-217,256.10,0.12980
820,-12,187,187.38,0.09497
821,-106,322,339.00,0.17182
822,-307,98,322.26,0.16334
823,-1,73,73.01,0.03700
824,524,593,791.34,0.40109
825,1016,986,1415.79,0.71758
826,1064,906,1397.47,0.70830
827,499,404,642.04,0.32541
828,17,-18,24.76,0.01255
829,130,-155,202.30,0.10253
830,428,-621,754.20,0.38226
831,699,-985,1207.82,0.61217
832,752,-356,832.01,0.42170
833,444,461,640.04,0.32440
834,175,540,567.65,0.28771
835,372,413,555.84,0.28172
836,351,209,408.51,0.20705
837,413,148,438.72,0.22236
838,396,206,446.38,0.22624
839,550,167,574.79,0.29133
840,641,-120,652.14,0.33053
841,499,0,499.00,0.25291
842,93,342,354.42,0.17963
843,46,636,637.66,0.32319
844,189,459,496.39,0.25159
845,282,-57,287.70,0.14582
846,201,-629,660.33,0.33469
# END
# FRAME,29,RX_TS,184877794360,FP_INDEX,745.6094,FP_INT,745,RXPACC,1988,RXPWR,-92.49,FP_PWR,-103.65,STD_NOISE,60.00,NTM,13,NOISE_THRESH,780.00,PEAK_IDX,750,PEAK_AMPL,14482,START,695,elapsed_s,2.8151
sample,real,imag,amplitude,amplitude_norm
695,97,222,242.27,0.12186
696,182,113,214.23,0.10776
697,226,95,245.16,0.12332
698,170,271,319.91,0.16092
699,107,255,276.54,0.13910
700,74,186,200.18,0.10069
701,136,114,177.46,0.08927
702,279,40,281.85,0.14178
703,320,12,320.22,0.16108
704,402,100,414.25,0.20838
705,377,238,445.84,0.22427
706,326,383,502.96,0.25300
707,156,195,249.72,0.12561
708,88,128,155.33,0.07813
709,61,136,149.05,0.07498
710,152,281,319.48,0.16070
711,151,464,487.95,0.24545
712,56,365,369.27,0.18575
713,125,273,300.26,0.15103
714,347,230,416.30,0.20941
715,413,227,471.27,0.23706
716,239,18,239.68,0.12056
717,53,-209,215.62,0.10846
718,-50,-29,57.80,0.02908
719,79,232,245.08,0.12328
720,375,346,510.24,0.25666
721,365,477,600.63,0.30213
722,128,283,310.60,0.15624
723,146,-39,151.12,0.07602
724,263,-58,269.32,0.13547
725,356,144,384.02,0.19317
726,258,307,401.01,0.20172
727,238,271,360.67,0.18143
728,119,207,238.77,0.12010
729,69,320,327.35,0.16467
730,149,349,379.48,0.19088
731,161,287,329.07,0.16553
732,191,203,278.73,0.14021
733,63,334,339.89,0.17097
734,60,486,489.69,0.24632
735,150,235,278.79,0.14024
736,269,85,282.11,0.14191
737,115,8,115.28,0.05799
738,205,140,248.24,0.12487
739,262,258,367.71,0.18496
740,199,439,482.00,0.24245
741,153,348,380.15,0.19122
742,139,173,221.92,0.11163
743,197,67,208.08,0.10467
744,242,331,410.03,0.20625
745,-221,1261,1280.22,0.64397
746,-1486,3511,3812.52,1.91777
747,-2563,4643,5303.43,2.66772
748,-470,668,816.78,0.41085
749,5128,-7488,9075.60,4.56519
750,9302,-11990,15175.22,7.63341
751,6954,-7068,9915.38,4.98762
752,1026,821,1314.05,0.66099
753,-2492,3220,4071.67,2.04812
754,-1702,505,1775.34,0.89303
755,541,-1549,1640.76,0.82533
756,1303,-1051,1674.04,0.84207
757,821,-125,830.46,0.41774
758,190,177,259.67,0.13062
759,-284,558,626.11,0.31495
760,-896,1046,1377.29,0.69280
761,-1033,1418,1754.37,0.88248
762,-400,1378,1434.88,0.72177
763,556,884,1044.31,0.52531
764,759,504,911.10,0.45830
765,215,243,324.46,0.16321
766,-545,-116,557.21,0.28029
767,-686,-1148,1337.35,0.67271
768,-108,-1506,1509.87,0.75949
769,987,-365,1052.33,0.52934
770,1220,1186,1701.47,0.85587
771,-576,2162,2237.41,1.12546
772,-2582,2494,3589.81,1.80574
773,-1825,2582,3161.86,1.59047
774,715,2355,2461.15,1.23800
775,1314,1458,1962.74,0.98730
776,-352,527,633.75,0.31879
777,-1211,-264,1239.44,0.62346
778,-521,-813,965.61,0.48572
779,-116,-922,929.27,0.46744
780,-940,-494,1061.90,0.53416
781,-1577,-224,1592.83,0.80122
782,-888,145,899.76,0.45260
783,840,1070,1360.33,0.68427
784,2349,1970,3065.73,1.54212
785,2110,2128,2996.75,1.50742
786,437,998,1089.48,0.54803
787,-1311,-988,1641.60,0.82576
788,-1731,-1436,2249.10,1.13134
789,-841,-359,914.42,0.45997
790,150,261,301.03,0.15143
791,367,-164,401.98,0.20220
792,75,-235,246.68,0.12408
793,-384,1091,1156.61,0.58179
794,-535,1883,1957.53,0.98467
795,285,1382,1411.08,0.70980
796,1060,1012,1465.52,0.73718
797,833,1512,1726.28,0.86835
798,-634,1492,1621.12,0.81545
799,-1662,244,1679.82,0.84498
800,-1181,-765,1407.12,0.70781
801,34,-623,623.93,0.31385
802,633,88,639.09,0.32147
803,560,323,646.47,0.32519
804,73,345,352.64,0.17738
805,-192,735,759.66,0.38212
806,44,926,927.04,0.46632
807,658,689,952.73,0.47924
808,1321,480,1405.50,0.70699
809,1527,778,1713.77,0.86206
810,983,924,1349.10,0.67862
811,176,743,763.56,0.38408
812,-421,661,783.68,0.39421
813,-77,816,819.62,0.41229
814,607,1024,1190.39,0.59879
815,1196,620,1347.15,0.67764
816,1346,-84,1348.62,0.67838
817,1007,-407,1086.14,0.54635
818,438,-217,488.81,0.24588
819,91,-120,150.60,0.07576
820,371,-376,528.22,0.26570
821,495,-334,597.14,0.30037
822,38,183,186.90,0.09402
823,-639,716,959.68,0.48273
824,-689,878,1116.07,0.56140
825,82,721,725.65,0.36501
826,559,426,702.82,0.35353
827,483,294,565.44,0.28443
828,640,398,753.66,0.37910
829,1060,673,1255.60,0.63159
830,910,748,1177.97,0.59254
831,370,478,604.47,0.30406
832,22,64,67.68,0.03404
833,-10,206,206.24,0.10374
834,69,485,489.88,0.24642
835,232,469,523.24,0.26320
836,159,368,400.88,0.20165
837,187,321,371.50,0.18687
838,447,482,657.37,0.33067
839,647,544,845.31,0.42521
840,375,272,463.26,0.23303
841,-230,-2,230.01,0.11570
842,-427,-53,430.28,0.21644
843,-45,126,133.79,0.06730
844,603,228,644.67,0.32428
# END
# FRAME,30,RX_TS,191267587538,FP_INDEX,744.1250,FP_INT,744,RXPACC,1995,RXPWR,-91.51,FP_PWR,-101.62,STD_NOISE,56.00,NTM,13,NOISE_THRESH,728.00,PEAK_IDX,748,PEAK_AMPL,14922,START,694,elapsed_s,2.9324
sample,real,imag,amplitude,amplitude_norm
694,300,297,422.15,0.21160
695,278,81,289.56,0.14514
696,55,8,55.58,0.02786
697,77,84,113.95,0.05712
698,203,307,368.05,0.18448
699,271,263,377.64,0.18929
700,216,163,270.60,0.13564
701,204,-54,211.03,0.10578
702,423,29,423.99,0.21253
703,486,206,527.86,0.26459
704,277,318,421.73,0.21139
705,190,307,361.04,0.18097
706,262,-26,263.29,0.13197
707,243,-120,271.01,0.13585
708,62,8,62.51,0.03134
709,53,236,241.88,0.12124
710,203,209,291.36,0.14604
711,131,45,138.51,0.06943
712,260,149,299.67,0.15021
713,161,405,435.83,0.21846
714,186,359,404.32,0.20267
715,238,-133,272.64,0.13666
716,306,-423,522.08,0.26169
717,191,-296,352.27,0.17658
718,148,229,272.66,0.13667
719,154,527,549.04,0.27521
720,124,379,398.77,0.19988
721,338,129,361.78,0.18134
722,522,-1,522.00,0.26165
723,434,126,451.92,0.22653
724,264,281,385.56,0.19326
725,237,261,352.55,0.17672
726,201,114,231.08,0.11583
727,207,82,222.65,0.11160
728,27,65,70.38,0.03528
729,49,125,134.26,0.06730
730,174,155,233.03,0.11680
731,185,221,288.21,0.14447
732,103,286,303.98,0.15237
733,117,198,229.98,0.11528
734,214,98,235.37,0.11798
735,340,146,370.02,0.18547
736,295,313,430.11,0.21559
737,261,371,453.61,0.22737
738,201,155,253.82,0.12723
739,196,235,306.01,0.15339
740,291,102,308.36,0.15457
741,227,160,277.72,0.13921
742,60,242,249.33,0.12498
743,-214,508,551.23,0.27631
744,-1711,1783,2471.16,1.23867
745,-4142,3352,5328.42,2.67089
746,-3077,2309,3847.00,1.92832
747,4457,-2563,5141.38,2.57713
748,13285,-7181,15101.59,7.56972
749,13347,-5688,14508.47,7.27242
750,4254,-468,4279.67,2.14520
751,-3629,1868,4081.55,2.04589
752,-3856,242,3863.59,1.93663
753,150,-1232,1241.10,0.62210
754,2135,-591,2215.29,1.11042
755,1514,257,1535.66,0.76975
756,473,-27,473.77,0.23748
757,-132,-142,193.88,0.09718
758,-802,325,865.35,0.43376
759,-1755,925,1983.85,0.99441
760,-2229,1168,2516.48,1.26139
761,-1586,933,1840.08,0.92234
762,-212,459,505.59,0.25343
763,317,95,330.93,0.16588
764,-242,-84,256.16,0.12840
765,-479,-851,976.55,0.48950
766,87,-1810,1812.09,0.90832
767,719,-1524,1685.09,0.84466
768,299,-369,474.93,0.23806
769,-1255,-69,1256.90,0.63002
770,-2943,-162,2947.46,1.47742
771,-3026,756,3119.01,1.56341
772,-1291,2392,2718.15,1.36248
773,-148,2682,2686.08,1.34641
774,-305,1242,1278.90,0.64105
775,-619,-3,619.01,0.31028
776,79,-496,502.25,0.25176
777,769,-780,1095.34,0.54904
778,792,-1125,1375.82,0.68964
779,128,-1183,1189.90,0.59644
780,-444,-784,900.99,0.45163
781,-4,520,520.02,0.26066
782,1061,1889,2166.57,1.08600
783,1393,2483,2847.06,1.42710
784,556,1423,1527.76,0.76580
785,-517,-761,920.01,0.46116
786,-943,-1950,2166.04,1.08574
787,-748,-1043,1283.49,0.64335
788,-231,325,398.73,0.19986
789,556,221,598.31,0.29991
790,792,-380,878.44,0.44032
791,88,346,357.02,0.17896
792,-933,1347,1638.57,0.82134
793,-590,1342,1465.97,0.73482
794,636,1149,1313.28,0.65828
795,930,1503,1767.46,0.88594
796,-503,1607,1683.88,0.84405
797,-1853,196,1863.34,0.93400
798,-1191,-1202,1692.12,0.84818
799,345,-810,880.41,0.44131
800,1258,188,1271.97,0.63758
801,1192,500,1292.62,0.64793
802,518,487,710.98,0.35638
803,-164,592,614.30,0.30792
804,-524,844,993.43,0.49796
805,-1,920,920.00,0.46115
806,832,868,1202.35,0.60268
807,1280,1048,1654.30,0.82922
808,1180,1176,1665.95,0.83506
809,413,683,798.16,0.40008
810,-433,253,501.50,0.25138
811,-524,540,752.45,0.37717
812,-152,1133,1143.15,0.57301
813,564,1112,1246.85,0.62499
814,1074,326,1122.39,0.56260
815,1360,-367,1408.65,0.70609
816,917,-374,990.34,0.49641
817,406,-78,413.42,0.20723
818,301,-75,310.20,0.15549
819,536,-153,557.41,0.27940
820,240,-185,303.03,0.15189
821,-422,52,425.19,0.21313
822,-786,496,929.41,0.46587
823,-368,742,828.24,0.41516
824,249,539,593.74,0.29761
825,609,310,683.36,0.34254
826,514,609,796.92,0.39946
827,566,1232,1355.79,0.67960
828,459,1445,1516.15,0.75997
829,277,910,951.22,0.47680
830,92,189,210.20,0.10536
831,42,108,115.88,0.05808
832,12,225,225.32,0.11294
833,201,355,407.95,0.20449
834,349,416,543.01,0.27218
835,161,490,515.77,0.25853
836,135,651,664.85,0.33326
837,162,650,669.88,0.33578
838,157,261,304.58,0.15267
839,-25,-154,156.02,0.07820
840,25,-313,314.00,0.15739
841,182,79,198.41,0.09945
842,407,464,617.21,0.30938
843,721,730,1026.03,0.51430
# END
# FRAME,31,RX_TS,197657380685,FP_INDEX,750.1719,FP_INT,750,RXPACC,1986,RXPWR,-91.02,FP_PWR,-102.04,STD_NOISE,56.00,NTM,13,NOISE_THRESH,728.00,PEAK_IDX,755,PEAK_AMPL,16308,START,700,elapsed_s,3.0045
sample,real,imag,amplitude,amplitude_norm
700,193,32,195.63,0.09851
701,208,262,334.53,0.16844
702,194,575,606.85,0.30556
703,211,454,500.64,0.25208
704,232,113,258.06,0.12994
705,186,82,203.27,0.10235
706,143,169,221.38,0.11147
707,65,340,346.16,0.17430
708,6,243,243.07,0.12239
709,93,161,185.93,0.09362
710,103,121,158.90,0.08001
711,206,218,299.93,0.15102
712,206,462,505.85,0.25471
713,213,532,573.06,0.28855
714,392,367,536.99,0.27039
715,261,253,363.50,0.18303
716,224,122,255.07,0.12843
717,216,160,268.80,0.13535
718,212,22,213.14,0.10732
719,224,-44,228.28,0.11494
720,234,103,255.67,0.12873
721,207,403,453.05,0.22812
722,165,543,567.52,0.28576
723,112,582,592.68,0.29843
724,56,279,284.56,0.14329
725,287,81,298.21,0.15016
726,373,192,419.52,0.21124
727,205,240,315.63,0.15893
728,-17,244,244.59,0.12316
729,110,132,171.83,0.08652
730,169,228,283.80,0.14290
731,236,256,348.18,0.17532
732,98,106,144.36,0.07269
733,221,257,338.95,0.17067
734,182,215,281.69,0.14184
735,209,249,325.09,0.16369
736,148,245,286.23,0.14413
737,296,302,422.87,0.21293
738,355,321,478.61,0.24099
739,269,370,457.45,0.23034
740,254,217,334.07,0.16821
741,228,205,306.61,0.15439
742,185,118,219.43,0.11049
743,189,81,205.63,0.10354
744,222,132,258.28,0.13005
745,274,260,377.72,0.19019
746,184,294,346.83,0.17464
747,51,134,143.38,0.07219
748,197,211,288.67,0.14535
749,629,187,656.21,0.33042
750,2315,-107,2317.47,1.16690
751,5117,-330,5127.63,2.58189
752,4873,242,4879.01,2.45670
753,-2980,984,3138.26,1.58019
754,-13911,992,13946.33,7.02232
755,-15963,-364,15967.15,8.03985
756,-6207,-1124,6307.95,3.17621
757,3468,113,3469.84,1.74715
758,4511,1741,4835.31,2.43470
759,255,1793,1811.04,0.91190
760,-2037,354,2067.53,1.04105
761,-1236,-359,1287.08,0.64808
762,-207,75,220.17,0.11086
763,254,511,570.65,0.28733
764,936,573,1097.46,0.55260
765,2054,739,2182.90,1.09914
766,2619,846,2752.25,1.38583
767,1994,689,2109.68,1.06228
768,404,486,631.99,0.31822
769,-327,344,474.62,0.23898
770,320,878,934.50,0.47054
771,681,1642,1777.62,0.89507
772,-513,2009,2073.46,1.04404
773,-1459,1356,1991.84,1.00294
774,-341,290,447.64,0.22540
775,2046,644,2144.96,1.08004
776,4009,2417,4681.24,2.35712
777,4034,2466,4728.03,2.38068
778,2276,-310,2297.01,1.15660
779,732,-2243,2359.42,1.18803
780,629,-896,1094.74,0.55123
781,831,1092,1372.23,0.69095
782,417,1197,1267.56,0.63825
783,-355,650,740.62,0.37292
784,-276,1299,1328.00,0.66868
785,78,2043,2044.49,1.02945
786,354,1697,1733.53,0.87287
787,369,211,425.07,0.21403
788,251,-1477,1498.18,0.75437
789,516,-2265,2323.03,1.16970
790,583,-1340,1461.33,0.73582
791,234,913,942.51,0.47458
792,113,2254,2256.83,1.13637
793,405,1655,1703.83,0.85792
794,688,78,692.41,0.34864
795,244,-373,445.72,0.22443
796,-408,288,499.41,0.25146
797,112,516,528.02,0.26587
798,1499,-92,1501.82,0.75620
799,1774,-412,1821.21,0.91703
800,777,-748,1078.53,0.54307
801,522,-1166,1277.51,0.64326
802,1716,-702,1854.04,0.93355
803,2260,829,2407.25,1.21211
804,1041,1971,2229.02,1.12237
805,-557,1289,1404.20,0.70705
806,-926,-114,932.99,0.46978
807,-410,-583,712.73,0.35888
808,169,-316,358.35,0.18044
809,743,-70,746.29,0.37578
810,1116,76,1118.58,0.56324
811,880,32,880.58,0.44339
812,454,-308,548.62,0.27624
813,-136,-980,989.39,0.49818
814,-18,-1076,1076.15,0.54187
815,303,-338,453.93,0.22857
816,710,320,778.78,0.39214
817,645,230,684.78,0.34480
818,531,-563,773.91,0.38968
819,156,-826,840.60,0.42326
820,-471,-415,627.75,0.31609
821,-1054,-4,1054.01,0.53072
822,-928,182,945.68,0.47617
823,-123,210,243.37,0.12254
824,218,432,483.89,0.24365
825,-118,405,421.84,0.21241
826,-317,379,494.10,0.24879
827,464,612,768.01,0.38671
828,1243,686,1419.73,0.71487
829,1322,423,1388.02,0.69890
830,489,-135,507.29,0.25543
831,41,-380,382.21,0.19245
832,421,-297,515.22,0.25943
833,834,-536,991.39,0.49919
834,770,-652,1008.96,0.50804
835,531,-411,671.48,0.33811
836,224,-97,244.10,0.12291
837,178,104,206.16,0.10380
838,509,143,528.71,0.26622
839,483,127,499.42,0.25147
840,141,21,142.56,0.07178
841,5,-14,14.87,0.00749
842,305,9,305.13,0.15364
843,352,-31,353.36,0.17793
844,437,-21,437.50,0.22029
845,400,416,577.11,0.29059
846,279,728,779.63,0.39256
847,224,693,728.30,0.36672
848,172,356,395.37,0.19908
849,171,-180,248.28,0.12501
# END
# FRAME,32,RX_TS,204047173821,FP_INDEX,747.6719,FP_INT,747,RXPACC,1936,RXPWR,-90.43,FP_PWR,-103.91,STD_NOISE,64.00,NTM,13,NOISE_THRESH,832.00,PEAK_IDX,752,PEAK_AMPL,18432,START,697,elapsed_s,3.1584
sample,real,imag,amplitude,amplitude_norm
697,395,36,396.64,0.20487
698,286,141,318.87,0.16470
699,229,289,368.73,0.19046
700,97,311,325.78,0.16827
701,21,282,282.78,0.14606
702,205,244,318.69,0.16461
703,215,187,284.95,0.14718
704,49,106,116.78,0.06032
705,-17,38,41.63,0.02150
706,216,-9,216.19,0.11167
707,367,51,370.53,0.19139
708,261,266,372.66,0.19249
709,152,440,465.51,0.24045
710,62,324,329.88,0.17039
711,136,270,302.32,0.15616
712,159,318,355.53,0.18364
713,209,336,395.70,0.20439
714,126,315,339.27,0.17524
715,242,246,345.08,0.17824
716,330,125,352.88,0.18227
717,302,-41,304.77,0.15742
718,29,233,234.80,0.12128
719,-300,311,432.11,0.22320
720,-414,326,526.95,0.27218
721,13,320,320.26,0.16543
722,415,367,554.00,0.28616
723,515,244,569.88,0.29436
724,235,233,330.93,0.17093
725,110,182,212.66,0.10984
726,140,108,176.82,0.09133
727,329,60,334.43,0.17274
728,205,129,242.21,0.12511
729,89,144,169.28,0.08744
730,147,260,298.68,0.15428
731,127,245,275.96,0.14254
732,275,288,398.21,0.20569
733,270,257,372.76,0.19254
734,155,327,361.88,0.18692
735,238,433,494.10,0.25522
736,72,372,378.90,0.19571
737,78,242,254.26,0.13133
738,216,182,282.45,0.14590
739,232,172,288.80,0.14918
740,284,301,413.83,0.21376
741,227,229,322.44,0.16655
742,263,206,334.07,0.17256
743,172,329,371.25,0.19176
744,301,285,414.52,0.21411
745,359,198,409.98,0.21177
746,473,421,633.22,0.32708
747,916,1225,1529.60,0.79008
748,1863,3280,3772.16,1.94843
749,2310,4555,5107.26,2.63805
750,-195,-5,195.06,0.10076
751,-4994,-9934,11118.65,5.74310
752,-7134,-16398,17882.63,9.23689
753,-3234,-11148,11607.61,5.99567
754,1871,-452,1924.82,0.99423
755,2439,4600,5206.60,2.68936
756,-200,2266,2274.81,1.17500
757,-1334,-1093,1724.59,0.89080
758,-246,-1512,1531.88,0.79126
759,530,-561,771.76,0.39864
760,134,-30,137.32,0.07093
761,-61,523,526.55,0.27198
762,116,1415,1419.75,0.73334
763,385,2295,2327.07,1.20200
764,721,2350,2458.12,1.26969
765,646,1254,1410.61,0.72862
766,312,102,328.25,0.16955
767,-208,257,330.63,0.17078
768,-1097,1087,1544.34,0.79769
769,-1975,799,2130.50,1.10046
770,-1812,-634,1919.71,0.99159
771,-438,-1548,1608.77,0.83098
772,919,-629,1113.64,0.57523
773,1111,2447,2687.40,1.38812
774,314,4956,4965.94,2.56505
775,494,3691,3723.91,1.92351
776,1363,569,1477.00,0.76291
777,1421,-160,1429.98,0.73863
778,431,1178,1254.37,0.64792
779,-303,1309,1343.61,0.69401
780,-514,242,568.12,0.29345
781,-698,-187,722.62,0.37325
782,-953,677,1168.99,0.60382
783,-879,1207,1493.15,0.77125
784,-84,727,731.84,0.37801
785,1536,-16,1536.08,0.79343
786,2534,-265,2547.82,1.31602
787,2200,39,2200.35,1.13654
788,424,373,564.72,0.29169
789,-1289,779,1506.11,0.77795
790,-1308,1076,1693.71,0.87485
791,24,1137,1137.25,0.58742
792,489,611,782.59,0.40423
793,-144,-391,416.67,0.21522
794,-614,-397,731.17,0.37767
795,79,843,846.69,0.43734
796,969,1859,2096.39,1.08284
797,1146,1198,1657.87,0.85634
798,1242,17,1242.12,0.64159
799,1559,355,1598.91,0.82588
800,1094,1918,2208.07,1.14053
801,-380,2297,2328.22,1.20259
802,-1370,996,1693.79,0.87489
803,-751,-606,965.01,0.49845
804,381,-952,1025.41,0.52965
805,1003,-275,1040.02,0.53720
806,983,605,1154.26,0.59621
807,907,1241,1537.12,0.79397
808,668,1358,1513.40,0.78172
809,595,470,758.24,0.39165
810,1157,-398,1223.54,0.63199
811,1521,-470,1591.96,0.82229
812,1214,147,1222.87,0.63165
813,619,618,874.69,0.45180
814,427,661,786.92,0.40647
815,715,126,726.02,0.37501
816,1019,-175,1033.92,0.53405
817,614,-268,669.94,0.34604
818,-16,-628,628.20,0.32449
819,-221,-802,831.89,0.42970
820,23,-434,434.61,0.22449
821,176,-68,188.68,0.09746
822,183,-185,260.22,0.13441
823,76,-203,216.76,0.11196
824,-126,180,219.72,0.11349
825,-134,989,998.04,0.51551
826,154,1354,1362.73,0.70389
827,538,725,902.81,0.46633
828,558,-46,559.89,0.28920
829,575,-169,599.32,0.30957
830,860,581,1037.86,0.53609
831,1297,887,1571.30,0.81162
832,1074,690,1276.55,0.65937
833,582,314,661.30,0.34158
834,271,342,436.35,0.22539
835,243,410,476.60,0.24618
836,490,306,577.70,0.29840
837,616,240,661.10,0.34148
838,450,290,535.35,0.27652
839,381,302,486.17,0.25112
840,549,242,599.97,0.30990
841,698,202,726.64,0.37533
842,293,281,405.97,0.20969
843,-112,429,443.38,0.22902
844,-410,388,564.49,0.29157
845,-43,420,422.20,0.21808
846,508,273,576.71,0.29789
# END
# FRAME,33,RX_TS,210436967436,FP_INDEX,745.0312,FP_INT,745,RXPACC,1994,RXPWR,-91.26,FP_PWR,-100.75,STD_NOISE,104.00,NTM,13,NOISE_THRESH,1352.00,PEAK_IDX,749,PEAK_AMPL,16697,START,695,elapsed_s,3.2212
sample,real,imag,amplitude,amplitude_norm
695,153,246,289.70,0.14528
696,251,188,313.60,0.15727
697,325,253,411.87,0.20655
698,317,235,394.61,0.19790
699,256,317,407.46,0.20434
700,117,258,283.29,0.14207
701,268,207,338.63,0.16983
702,365,237,435.19,0.21825
703,351,301,462.39,0.23189
704,185,371,414.57,0.20791
705,84,257,270.38,0.13560
706,251,212,328.55,0.16477
707,358,70,364.78,0.18294
708,467,107,479.10,0.24027
709,330,130,354.68,0.17788
710,351,35,352.74,0.17690
711,232,24,233.24,0.11697
712,104,-32,108.81,0.05457
713,81,28,85.70,0.04298
714,150,158,217.86,0.10926
715,444,232,500.96,0.25123
716,527,297,604.93,0.30337
717,658,266,709.73,0.35593
718,497,131,513.97,0.25776
719,86,61,105.44,0.05288
720,-27,141,143.56,0.07200
721,221,320,388.90,0.19503
722,271,271,383.25,0.19220
723,326,319,456.11,0.22874
724,195,393,438.72,0.22002
725,226,232,323.88,0.16243
726,297,252,389.50,0.19534
727,218,395,451.16,0.22626
728,254,391,466.26,0.23383
729,143,263,299.36,0.15013
730,196,150,246.81,0.12378
731,198,138,241.35,0.12104
732,180,64,191.04,0.09581
733,247,-63,254.91,0.12784
734,369,-31,370.30,0.18571
735,430,222,483.93,0.24269
736,315,278,420.13,0.21070
737,191,275,334.82,0.16791
738,161,130,206.93,0.10378
739,137,205,246.56,0.12365
740,290,270,396.23,0.19871
741,348,377,513.06,0.25730
742,140,121,185.04,0.09280
743,-41,203,207.10,0.10386
744,-385,-9,385.11,0.19313
745,-1529,-1288,1999.20,1.00261
746,-2816,-2786,3961.27,1.98659
747,-932,-883,1283.87,0.64386
748,5379,6873,8727.64,4.37695
749,10795,14253,17879.60,8.96670
750,8333,12475,15002.15,7.52365
751,311,3216,3231.00,1.62036
752,-4097,-3159,5173.46,2.59451
753,-1850,-2362,3000.26,1.50464
754,1722,927,1955.66,0.98077
755,2005,1921,2776.74,1.39255
756,446,929,1030.51,0.51681
757,-118,140,183.10,0.09182
758,108,-90,140.58,0.07050
759,169,-743,761.98,0.38214
760,-408,-1849,1893.48,0.94959
761,-1004,-2309,2517.84,1.26271
762,-716,-1422,1592.09,0.79844
763,208,-10,208.24,0.10443
764,898,495,1025.39,0.51424
765,1248,-271,1277.08,0.64046
766,1916,-627,2015.98,1.01102
767,2451,76,2452.18,1.22978
768,2045,1031,2290.19,1.14854
769,901,1209,1507.81,0.75617
770,82,-193,209.70,0.10516
771,-426,-2656,2689.95,1.34902
772,-850,-3401,3505.61,1.75808
773,-1076,-1667,1984.10,0.99504
774,-809,-54,810.80,0.40662
775,-234,-123,264.36,0.13258
776,373,-604,709.89,0.35601
777,688,-281,743.17,0.37270
778,900,-183,918.42,0.46059
779,1291,-890,1568.05,0.78638
780,1529,-1234,1964.84,0.98538
781,907,-640,1110.07,0.55670
782,-564,276,627.91,0.31490
783,-1740,660,1860.97,0.93328
784,-1920,489,1981.29,0.99363
785,-659,98,666.25,0.33413
786,1056,-361,1116.00,0.55968
787,1684,-721,1831.86,0.91868
788,617,-662,904.95,0.45384
789,-269,-35,271.27,0.13604
790,393,639,750.18,0.37622
791,1221,743,1429.30,0.71680
792,505,-40,506.58,0.25405
793,-774,-1168,1401.18,0.70270
794,-1122,-1042,1531.22,0.76792
795,-772,169,790.28,0.39633
796,-1001,779,1268.40,0.63611
797,-1240,-414,1307.29,0.65561
798,-266,-1734,1754.28,0.87978
799,1033,-1016,1448.91,0.72664
800,1124,696,1322.04,0.66301
801,147,1227,1235.77,0.61975
802,-417,634,758.84,0.38056
803,-477,105,488.42,0.24494
804,-463,-227,515.65,0.25860
805,-482,-444,655.33,0.32865
806,-301,-147,334.98,0.16799
807,-390,652,759.74,0.38101
808,-791,1178,1418.93,0.71160
809,-959,813,1257.24,0.63051
810,-569,-56,571.75,0.28673
811,-64,-360,365.64,0.18337
812,67,290,297.64,0.14927
813,-67,925,927.42,0.46511
814,-169,1096,1108.95,0.55615
815,83,1091,1094.15,0.54872
816,536,1129,1249.77,0.62677
817,523,679,857.07,0.42982
818,154,142,209.48,0.10505
819,50,196,202.28,0.10144
820,256,594,646.82,0.32438
821,609,478,774.19,0.38826
822,685,-265,734.47,0.36834
823,236,-919,948.82,0.47584
824,-69,-632,635.76,0.31883
825,-87,345,355.80,0.17844
826,55,659,661.29,0.33164
827,-269,23,269.98,0.13540
828,-885,-451,993.29,0.49814
829,-876,-383,956.07,0.47947
830,-247,241,345.09,0.17307
831,324,348,475.48,0.23845
832,241,217,324.30,0.16264
833,-84,124,149.77,0.07511
834,-330,354,483.96,0.24271
835,-222,485,533.39,0.26750
836,127,105,164.78,0.08264
837,226,-25,227.38,0.11403
838,-157,257,301.16,0.15103
839,-153,327,361.02,0.18105
840,396,-15,396.28,0.19874
841,738,-438,858.19,0.43039
842,557,-219,598.51,0.30015
843,-7,258,258.09,0.12944
844,-465,762,892.68,0.44768
# END
# FRAME,34,RX_TS,216826760524,FP_INDEX,750.2656,FP_INT,750,RXPACC,1881,RXPWR,-89.80,FP_PWR,-101.81,STD_NOISE,72.00,NTM,13,NOISE_THRESH,936.00,PEAK_IDX,755,PEAK_AMPL,19075,START,700,elapsed_s,3.3612
sample,real,imag,amplitude,amplitude_norm
700,170,214,273.31,0.14530
701,79,303,313.13,0.16647
702,301,344,457.10,0.24301
703,401,311,507.47,0.26979
704,216,292,363.21,0.19309
705,36,268,270.41,0.14376
706,91,198,217.91,0.11585
707,183,322,370.37,0.19690
708,254,436,504.59,0.26826
709,103,328,343.79,0.18277
710,41,265,268.15,0.14256
711,46,209,214.00,0.11377
712,244,219,327.87,0.17430
713,436,354,561.62,0.29857
714,476,313,569.69,0.30286
715,382,295,482.65,0.25659
716,153,219,267.15,0.14203
717,150,89,174.42,0.09273
718,302,96,316.89,0.16847
719,263,76,273.76,0.14554
720,76,123,144.59,0.07687
721,120,294,317.55,0.16882
722,410,677,791.47,0.42077
723,645,589,873.47,0.46436
724,388,283,480.24,0.25531
725,191,15,191.59,0.10185
726,303,-82,313.90,0.16688
727,384,272,470.57,0.25017
728,137,391,414.31,0.22026
729,128,261,290.70,0.15454
730,172,215,275.33,0.14638
731,181,208,275.73,0.14658
732,4,309,309.03,0.16429
733,-14,323,323.30,0.17188
734,126,280,307.04,0.16323
735,231,225,322.47,0.17143
736,266,131,296.51,0.15763
737,367,190,413.27,0.21971
738,445,230,500.92,0.26631
739,372,300,477.90,0.25406
740,228,331,401.93,0.21368
741,249,171,302.06,0.16059
742,149,137,202.41,0.10761
743,278,149,315.41,0.16768
744,388,137,411.48,0.21875
745,229,215,314.11,0.16699
746,190,137,234.24,0.12453
747,117,80,141.74,0.07535
748,251,31,252.91,0.13445
749,369,-190,415.04,0.22065
750,1074,-1342,1718.85,0.91380
751,2843,-3715,4678.02,2.48699
752,3296,-3643,4912.75,2.61177
753,-1094,3511,3677.49,1.95507
754,-8468,13965,16331.82,8.68252
755,-11353,16396,19942.90,10.60229
756,-6350,7048,9486.66,5.04342
757,270,-2596,2610.00,1.38756
758,2396,-3295,4074.04,2.16589
759,587,1219,1352.97,0.71928
760,-861,2582,2721.77,1.44698
761,-393,1117,1184.12,0.62952
762,166,263,311.01,0.16534
763,376,312,488.59,0.25975
764,687,-123,697.92,0.37104
765,1599,-1152,1970.76,1.04772
766,2339,-2094,3139.39,1.66900
767,2208,-1967,2957.09,1.57208
768,981,-679,1193.06,0.63427
769,83,624,629.50,0.33466
770,299,1027,1069.64,0.56866
771,1162,1322,1760.09,0.93572
772,1085,1973,2251.66,1.19705
773,212,2090,2100.72,1.11681
774,-91,1384,1386.99,0.73737
775,851,899,1237.90,0.65811
776,2383,339,2406.99,1.27963
777,2971,-1108,3170.88,1.68574
778,1886,-2395,3048.45,1.62065
779,517,-1934,2001.91,1.06428
780,181,-463,497.12,0.26429
781,602,414,730.62,0.38842
782,806,519,958.64,0.50965
783,896,773,1183.36,0.62911
784,1233,1301,1792.45,0.95293
785,1710,1514,2283.92,1.21421
786,1612,831,1813.59,0.96416
787,824,-345,893.31,0.47491
788,-339,-1354,1395.79,0.74205
789,-956,-2016,2231.19,1.18617
790,-491,-1718,1786.79,0.94991
791,658,-180,682.18,0.36267
792,1524,1292,1997.96,1.06218
793,1446,1065,1795.87,0.95474
794,510,-59,513.40,0.27294
795,-138,-139,195.87,0.10413
796,-93,1283,1286.37,0.68387
797,528,1367,1465.43,0.77907
798,1263,-520,1365.86,0.72613
799,1444,-1853,2349.20,1.24891
800,626,-1144,1304.08,0.69329
801,-452,-582,736.90,0.39176
802,-289,-1374,1404.06,0.74645
803,1250,-1611,2039.07,1.08404
804,1804,-126,1808.39,0.96140
805,903,1082,1409.30,0.74923
806,-228,731,765.73,0.40709
807,-386,78,393.80,0.20936
808,-10,-109,109.46,0.05819
809,201,-184,272.50,0.14487
810,373,-446,581.42,0.30910
811,280,-690,744.65,0.39588
812,-181,-393,432.68,0.23003
813,-843,-367,919.42,0.48879
814,-792,-637,1016.38,0.54034
815,9,-864,864.05,0.45936
816,684,-183,708.06,0.37643
817,364,366,516.19,0.27442
818,-395,395,558.61,0.29698
819,-939,-139,949.23,0.50464
820,-720,-77,724.11,0.38496
821,-326,412,525.38,0.27931
822,-60,571,574.14,0.30523
823,72,256,265.93,0.14138
824,55,16,57.28,0.03045
825,-153,319,353.79,0.18809
826,-102,852,858.08,0.45618
827,478,591,760.11,0.40410
828,1168,18,1168.14,0.62102
829,1066,-366,1127.08,0.59919
830,246,-140,283.05,0.15048
831,-178,69,190.91,0.10149
832,-36,-153,157.18,0.08356
833,139,-815,826.77,0.43954
834,137,-1037,1046.01,0.55609
835,48,-500,502.30,0.26704
836,114,191,222.43,0.11825
837,234,266,354.28,0.18834
838,258,-38,260.78,0.13864
839,92,-339,351.26,0.18674
840,-62,-93,111.77,0.05942
841,235,188,300.95,0.15999
842,632,239,675.68,0.35921
843,352,-92,363.82,0.19342
844,-160,-172,234.91,0.12489
845,-38,164,168.34,0.08950
846,575,359,677.87,0.36038
847,794,366,874.30,0.46480
848,327,128,351.16,0.18669
849,-415,-56,418.76,0.22263
# END
# FRAME,35,RX_TS,223216553600,FP_INDEX,842.0937,FP_INT,842,RXPACC,2030,RXPWR,-90.76,FP_PWR,-96.86,STD_NOISE,64.00,NTM,13,NOISE_THRESH,832.00,PEAK_IDX,846,PEAK_AMPL,18153,START,792,elapsed_s,3.4463
sample,real,imag,amplitude,amplitude_norm
792,344,270,437.31,0.21542
793,267,89,281.44,0.13864
794,-71,90,114.63,0.05647
795,-4,281,281.03,0.13844
796,204,444,488.62,0.24070
797,229,285,365.60,0.18010
798,102,171,199.11,0.09808
799,144,120,187.45,0.09234
800,258,200,326.44,0.16081
801,333,362,491.87,0.24230
802,275,249,370.98,0.18275
803,240,73,250.86,0.12357
804,166,102,194.83,0.09598
805,-65,171,182.94,0.09012
806,-51,231,236.56,0.11653
807,277,205,344.61,0.16976
808,323,198,378.86,0.18663
809,228,386,448.31,0.22084
810,160,424,453.18,0.22324
811,369,482,607.03,0.29903
812,514,338,615.17,0.30304
813,293,-27,294.24,0.14495
814,49,-151,158.75,0.07820
815,81,-49,94.67,0.04663
816,375,449,585.00,0.28818
817,276,512,581.65,0.28653
818,152,239,283.24,0.13953
819,143,-78,162.89,0.08024
820,262,-190,323.64,0.15943
821,177,22,178.36,0.08786
822,148,79,167.76,0.08264
823,228,107,251.86,0.12407
824,160,178,239.34,0.11790
825,78,192,207.24,0.10209
826,59,171,180.89,0.08911
827,90,93,129.42,0.06375
828,173,297,343.71,0.16932
829,157,293,332.41,0.16375
830,40,261,264.05,0.13007
831,207,122,240.28,0.11836
832,304,20,304.66,0.15008
833,265,82,277.40,0.13665
834,158,164,227.73,0.11218
835,235,225,325.35,0.16027
836,242,276,367.07,0.18082
837,246,223,332.03,0.16356
838,233,221,321.14,0.15820
839,136,310,338.52,0.16676
840,213,257,333.79,0.16443
841,-445,618,761.54,0.37514
842,-3610,2543,4415.76,2.17525
843,-8087,5239,9635.70,4.74665
844,-6442,3531,7346.25,3.61884
845,4311,-6148,7508.84,3.69893
846,13674,-14602,20004.92,9.85464
847,10483,-9383,14068.90,6.93049
848,101,3624,3625.41,1.78591
849,-4973,7894,9329.84,4.59598
850,-2043,1688,2650.13,1.30548
851,1794,-3458,3895.66,1.91905
852,2294,-2532,3416.64,1.68308
853,698,-256,743.46,0.36624
854,-90,-105,138.29,0.06812
855,-31,-414,415.16,0.20451
856,-359,436,564.78,0.27822
857,-1147,1757,2098.25,1.03362
858,-1457,1873,2372.97,1.16895
859,-608,852,1046.69,0.51561
860,502,-179,532.96,0.26254
861,675,-557,875.14,0.43110
862,-134,-625,639.20,0.31488
863,-118,-1194,1199.82,0.59104
864,692,-1804,1932.17,0.95181
865,949,-844,1270.01,0.62562
866,-363,468,592.28,0.29176
867,-2147,782,2284.98,1.12561
868,-2108,1184,2417.75,1.19101
869,-148,2571,2575.26,1.26860
870,1765,3237,3686.92,1.81622
871,1516,1597,2201.97,1.08471
872,42,-498,499.77,0.24619
873,-271,-1122,1154.26,0.56860
874,121,-846,854.61,0.42099
875,3,-976,976.00,0.48079
876,-549,-1238,1354.27,0.66713
877,-892,-736,1156.44,0.56968
878,-85,118,145.43,0.07164
879,1662,1199,2049.35,1.00953
880,2677,1825,3239.90,1.59601
881,1995,2107,2901.63,1.42938
882,117,1257,1262.43,0.62189
883,-2006,-14,2006.05,0.98820
884,-3361,-600,3414.14,1.68184
885,-2413,-157,2418.10,1.19118
886,-297,229,375.03,0.18475
887,727,-156,743.55,0.36628
888,134,-291,320.37,0.15782
889,-775,926,1207.52,0.59484
890,-783,2302,2431.52,1.19779
891,188,1937,1946.10,0.95867
892,1222,877,1504.13,0.74095
893,1448,1217,1891.51,0.93178
894,361,2079,2110.11,1.03946
895,-773,1565,1745.50,0.85985
896,-903,35,903.68,0.44516
897,87,-560,566.72,0.27917
898,848,7,848.03,0.41775
899,830,426,932.94,0.45958
900,549,182,578.38,0.28492
901,407,181,445.43,0.21942
902,72,763,766.39,0.37753
903,193,796,819.06,0.40348
904,1019,808,1300.47,0.64063
905,1811,1019,2078.00,1.02365
906,1517,1345,2027.39,0.99871
907,112,943,949.63,0.46780
908,-605,-26,605.56,0.29830
909,294,-93,308.36,0.15190
910,1366,638,1507.65,0.74268
911,1204,521,1311.89,0.64625
912,433,-450,624.49,0.30763
913,124,-761,771.04,0.37982
914,558,-102,567.25,0.27943
915,681,352,766.59,0.37763
916,429,103,441.19,0.21734
917,114,-329,348.19,0.17152
918,-194,-151,245.84,0.12110
919,-620,616,873.99,0.43054
920,-716,1032,1256.06,0.61875
921,-173,772,791.15,0.38973
922,553,540,772.92,0.38075
923,648,393,757.86,0.37333
924,466,651,800.60,0.39438
925,786,830,1143.11,0.56311
926,1059,603,1218.64,0.60032
927,815,193,837.54,0.41258
928,158,165,228.45,0.11254
929,-265,380,463.28,0.22821
930,11,493,493.12,0.24292
931,555,588,808.56,0.39831
932,465,536,709.59,0.34955
933,112,540,551.49,0.27167
934,68,707,710.26,0.34988
935,617,671,911.55,0.44904
936,893,392,975.25,0.48042
937,554,73,558.79,0.27527
938,170,-76,186.21,0.09173
939,120,-95,153.05,0.07540
940,479,2,479.00,0.23596
941,1100,431,1181.42,0.58198
# END
# FRAME,36,RX_TS,229606346816,FP_INDEX,754.1875,FP_INT,754,RXPACC,1978,RXPWR,-89.15,FP_PWR,-91.75,STD_NOISE,56.00,NTM,13,NOISE_THRESH,728.00,PEAK_IDX,756,PEAK_AMPL,18157,START,704,elapsed_s,3.4893
sample,real,imag,amplitude,amplitude_norm
704,107,167,198.34,0.10027
705,331,246,412.40,0.20850
706,387,346,519.12,0.26245
707,205,307,369.15,0.18663
708,216,92,234.78,0.11869
709,247,49,251.81,0.12731
710,276,146,312.24,0.15785
711,329,218,394.67,0.19953
712,337,164,374.79,0.18948
713,150,-6,150.12,0.07589
714,264,32,265.93,0.13445
715,242,247,345.79,0.17482
716,116,343,362.08,0.18306
717,28,233,234.68,0.11864
718,64,140,153.94,0.07782
719,106,192,219.32,0.11088
720,232,82,246.07,0.12440
721,190,-73,203.54,0.10290
722,105,-163,193.89,0.09802
723,-105,-234,256.48,0.12967
724,-157,-34,160.64,0.08121
725,93,108,142.52,0.07205
726,383,309,492.11,0.24879
727,509,339,611.56,0.30918
728,349,58,353.79,0.17886
729,240,57,246.68,0.12471
730,257,-40,260.09,0.13149
731,299,102,315.92,0.15972
732,362,215,421.03,0.21286
733,354,286,455.10,0.23008
734,248,294,384.63,0.19445
735,207,392,443.30,0.22411
736,216,222,309.74,0.15659
737,259,134,291.61,0.14743
738,249,255,356.41,0.18019
739,130,243,275.59,0.13933
740,119,194,227.59,0.11506
741,218,142,260.17,0.13153
742,340,43,342.71,0.17326
743,293,142,325.60,0.16461
744,208,372,426.20,0.21547
745,298,343,454.37,0.22971
746,365,315,482.13,0.24375
747,295,208,360.96,0.18249
748,184,215,282.99,0.14307
749,185,272,328.95,0.16631
750,300,115,321.29,0.16243
751,1272,-831,1519.39,0.76814
752,3685,-3145,4844.61,2.44925
753,6678,-5868,8889.83,4.49435
754,8697,-9363,12779.03,6.46058
755,8938,-14734,17233.07,8.71237
756,7530,-16120,17792.00,8.99494
757,4503,-6999,8322.44,4.20750
758,1608,4592,4865.40,2.45976
759,125,6579,6580.19,3.32669
760,-228,736,770.51,0.38954
761,93,-2807,2808.54,1.41989
762,321,-1330,1368.19,0.69170
763,177,225,286.28,0.14473
764,-365,101,378.72,0.19146
765,-962,221,987.06,0.49902
766,-1648,1501,2229.10,1.12695
767,-1793,2643,3193.79,1.61466
768,-1327,2433,2771.36,1.40109
769,-338,1249,1293.93,0.65416
770,143,411,435.17,0.22000
771,-509,539,741.35,0.37480
772,-1036,638,1216.69,0.61511
773,-132,70,149.41,0.07554
774,688,-485,841.77,0.42556
775,-697,-39,698.09,0.35293
776,-3181,673,3251.41,1.64379
777,-4171,749,4237.72,2.14243
778,-2285,1483,2724.06,1.37718
779,512,3091,3133.12,1.58398
780,1505,3586,3889.01,1.96613
781,361,2338,2365.71,1.19601
782,-939,460,1045.62,0.52862
783,-741,-410,846.87,0.42814
784,-157,-521,544.14,0.27510
785,-366,-474,598.86,0.30276
786,-1095,-335,1145.10,0.57892
787,-1232,174,1244.23,0.62903
788,-310,1288,1324.78,0.66976
789,481,2142,2195.34,1.10988
790,1050,2359,2582.13,1.30542
791,864,1459,1695.63,0.85725
792,-436,-42,438.02,0.22145
793,-2172,-1200,2481.45,1.25452
794,-2871,-1041,3053.90,1.54393
795,-1233,-304,1269.92,0.64202
796,663,-252,709.28,0.35858
797,800,-536,962.96,0.48684
798,-367,12,367.20,0.18564
799,-1098,1379,1762.74,0.89117
800,-719,1815,1952.23,0.98697
801,524,967,1099.85,0.55604
802,1195,722,1396.18,0.70585
803,730,1716,1864.82,0.94278
804,-594,2202,2280.71,1.15304
805,-1435,849,1667.34,0.84294
806,-837,-399,927.24,0.46878
807,122,-317,339.67,0.17172
808,423,229,481.01,0.24318
809,406,237,470.11,0.23767
810,243,16,243.53,0.12312
811,-37,376,377.82,0.19101
812,-334,1117,1165.87,0.58942
813,-160,1434,1442.90,0.72947
814,891,1244,1530.17,0.77359
815,1495,1428,2067.42,1.04521
816,874,1778,1981.20,1.00162
817,-71,1556,1557.62,0.78747
818,-225,775,807.00,0.40799
819,490,714,865.97,0.43780
820,808,833,1160.50,0.58670
821,542,198,577.03,0.29173
822,286,-616,679.16,0.34335
823,336,-610,696.42,0.35208
824,376,118,394.08,0.19923
825,147,458,481.01,0.24318
826,-70,133,150.30,0.07598
827,29,-267,268.57,0.13578
828,47,151,158.15,0.07995
829,-330,975,1029.33,0.52039
830,-506,1007,1126.98,0.56976
831,-71,643,646.91,0.32705
832,122,347,367.82,0.18596
833,-181,534,563.84,0.28506
834,-297,924,970.56,0.49068
835,48,946,947.22,0.47888
836,401,492,634.72,0.32089
837,328,196,382.10,0.19317
838,-79,279,289.97,0.14660
839,-259,466,533.14,0.26953
840,177,570,596.85,0.30174
841,490,540,729.18,0.36864
842,146,477,498.84,0.25220
843,-268,710,758.90,0.38367
844,-148,809,822.43,0.41579
845,282,602,664.78,0.33609
846,251,237,345.21,0.17452
847,-44,18,47.54,0.02403
848,74,471,476.78,0.24104
849,698,1185,1375.29,0.69529
850,1093,1279,1682.41,0.85056
851,1383,1080,1754.73,0.88713
852,1373,1027,1714.60,0.86684
853,538,993,1129.38,0.57097
# END
# FRAME,37,RX_TS,235996140214,FP_INDEX,747.0156,FP_INT,747,RXPACC,1971,RXPWR,-88.33,FP_PWR,-90.88,STD_NOISE,164.00,NTM,13,NOISE_THRESH,2132.00,PEAK_IDX,750,PEAK_AMPL,18968,START,697,elapsed_s,3.6359
sample,real,imag,amplitude,amplitude_norm
697,145,250,289.01,0.14663
698,51,358,361.61,0.18347
699,108,263,284.31,0.14425
700,380,189,424.41,0.21533
701,402,221,458.74,0.23275
702,298,272,403.47,0.20470
703,10,203,203.25,0.10312
704,34,122,126.65,0.06426
705,252,121,279.54,0.14183
706,313,169,355.71,0.18047
707,184,113,215.93,0.10955
708,12,139,139.52,0.07078
709,149,165,222.32,0.11280
710,274,288,397.52,0.20168
711,340,328,472.42,0.23969
712,292,396,492.02,0.24963
713,185,286,340.62,0.17282
714,148,168,223.89,0.11359
715,34,2,34.06,0.01728
716,-121,-122,171.83,0.08718
717,-311,-69,318.56,0.16162
718,-303,243,388.40,0.19706
719,-83,366,375.29,0.19041
720,394,123,412.75,0.20941
721,569,-11,569.11,0.28874
722,398,120,415.70,0.21091
723,87,241,256.22,0.13000
724,33,164,167.29,0.08487
725,-14,-7,15.65,0.00794
726,62,18,64.56,0.03275
727,98,175,200.57,0.10176
728,185,248,309.40,0.15698
729,196,310,366.76,0.18608
730,314,322,449.76,0.22819
731,277,243,368.48,0.18695
732,171,115,206.07,0.10455
733,394,271,478.20,0.24262
734,340,289,446.23,0.22640
735,198,306,364.47,0.18492
736,178,171,246.83,0.12523
737,205,150,254.02,0.12888
738,181,186,259.53,0.13168
739,241,328,407.02,0.20650
740,292,330,440.64,0.22356
741,331,199,386.21,0.19595
742,210,199,289.31,0.14678
743,174,268,319.53,0.16212
744,216,250,330.39,0.16762
745,546,-118,558.61,0.28341
746,2722,-1711,3215.09,1.63120
747,6578,-5725,8720.42,4.42436
748,6791,-10939,12875.54,6.53249
749,-824,-14852,14874.84,7.54685
750,-9392,-16398,18897.20,9.58762
751,-7459,-12846,14854.51,7.53653
752,2942,-3826,4826.35,2.44868
753,8493,4719,9715.97,4.92946
754,3677,6256,7256.57,3.68167
755,-2394,1627,2894.54,1.46856
756,-2569,-2032,3275.48,1.66184
757,-29,-1259,1259.33,0.63893
758,335,949,1006.39,0.51060
759,-928,1600,1849.64,0.93843
760,-1070,1371,1739.12,0.88235
761,95,1754,1756.57,0.89121
762,1037,2622,2819.62,1.43055
763,880,2297,2459.80,1.24800
764,283,1060,1097.13,0.55663
765,-59,505,508.43,0.25796
766,-86,1452,1454.54,0.73797
767,-32,2022,2022.25,1.02600
768,514,932,1064.34,0.54000
769,1129,204,1147.28,0.58208
770,177,1851,1859.44,0.94340
771,-1880,3893,4323.18,2.19339
772,-2148,3772,4340.72,2.20230
773,547,1807,1887.98,0.95788
774,3511,230,3518.53,1.78515
775,3801,-144,3803.73,1.92985
776,1590,406,1641.02,0.83258
777,-439,636,772.80,0.39208
778,-1023,222,1046.81,0.53111
779,-965,11,965.06,0.48963
780,-1124,590,1269.44,0.64406
781,-1496,1774,2320.58,1.17736
782,-1421,2293,2697.61,1.36865
783,-89,1380,1382.87,0.70161
784,1749,87,1751.16,0.88846
785,2586,-199,2593.65,1.31590
786,1878,469,1935.68,0.98208
787,-122,1686,1690.41,0.85764
788,-2131,2643,3395.09,1.72252
789,-2543,2688,3700.30,1.87737
790,-1286,1648,2090.38,1.06057
791,-620,477,782.26,0.39688
792,-874,252,909.60,0.46149
793,-571,719,918.15,0.46583
794,652,1421,1563.44,0.79322
795,1231,1512,1949.74,0.98922
796,989,526,1120.18,0.56833
797,1247,-314,1285.93,0.65242
798,2185,460,2232.90,1.13287
799,1821,2045,2738.26,1.38927
800,85,2314,2315.56,1.17482
801,-1080,836,1365.76,0.69293
802,-434,-458,630.97,0.32013
803,431,-182,467.85,0.23737
804,34,695,695.83,0.35303
805,-608,912,1096.09,0.55611
806,-263,727,773.11,0.39224
807,477,804,934.85,0.47430
808,978,562,1127.98,0.57229
809,1344,5,1344.01,0.68189
810,1818,-123,1822.16,0.92448
811,1839,775,1995.63,1.01250
812,955,1316,1626.00,0.82496
813,62,591,594.24,0.30149
814,77,-157,174.87,0.08872
815,399,-52,402.37,0.20415
816,-198,356,407.36,0.20668
817,-1141,211,1160.35,0.58871
818,-925,-128,933.81,0.47378
819,-20,-61,64.20,0.03257
820,613,67,616.65,0.31286
821,342,333,477.34,0.24218
822,-271,777,822.90,0.41751
823,-470,1194,1283.17,0.65103
824,-66,1465,1466.49,0.74403
825,381,1337,1390.23,0.70534
826,543,631,832.47,0.42236
827,393,308,499.31,0.25333
828,428,765,876.59,0.44474
829,624,749,974.87,0.49461
830,560,455,721.54,0.36608
831,371,-13,371.23,0.18834
832,35,208,210.92,0.10701
833,-123,858,866.77,0.43976
834,-198,974,993.92,0.50427
835,-158,532,554.97,0.28157
836,16,127,128.00,0.06494
837,65,370,375.67,0.19060
838,171,915,930.84,0.47227
839,507,824,967.48,0.49086
840,635,286,696.43,0.35334
841,194,98,217.35,0.11027
842,-148,333,364.41,0.18488
843,203,669,699.12,0.35470
844,866,697,1111.65,0.56400
845,1159,261,1188.02,0.60275
846,1189,-202,1206.04,0.61189
# END
# FRAME,38,RX_TS,242385933206,FP_INDEX,750.4844,FP_INT,750,RXPACC,1471,RXPWR,-83.66,FP_PWR,-91.06,STD_NOISE,48.00,NTM,13,NOISE_THRESH,624.00,PEAK_IDX,754,PEAK_AMPL,16596,START,700,elapsed_s,3.6804
sample,real,imag,amplitude,amplitude_norm
700,281,101,298.60,0.20299
701,103,136,170.60,0.11598
702,51,115,125.80,0.08552
703,117,55,129.28,0.08789
704,182,132,224.83,0.15284
705,21,93,95.34,0.06481
706,6,82,82.22,0.05589
707,106,74,129.27,0.08788
708,197,114,227.61,0.15473
709,113,210,238.47,0.16212
710,174,207,270.42,0.18383
711,312,240,393.63,0.26759
712,331,216,395.24,0.26869
713,268,25,269.16,0.18298
714,152,117,191.82,0.13040
715,63,284,290.90,0.19776
716,267,246,363.05,0.24680
717,234,206,311.76,0.21193
718,205,152,255.20,0.17349
719,269,244,363.18,0.24689
720,468,319,566.38,0.38503
721,480,58,483.49,0.32868
722,335,-134,360.81,0.24528
723,222,36,224.90,0.15289
724,234,319,395.62,0.26895
725,154,438,464.28,0.31563
726,78,312,321.60,0.21863
727,208,69,219.15,0.14898
728,346,46,349.04,0.23728
729,341,38,343.11,0.23325
730,235,72,245.78,0.16709
731,210,222,305.59,0.20774
732,220,123,252.05,0.17135
733,245,114,270.22,0.18370
734,87,137,162.29,0.11033
735,81,242,255.20,0.17348
736,118,240,267.44,0.18181
737,40,172,176.59,0.12005
738,26,36,44.41,0.03019
739,99,0,99.00,0.06730
740,262,151,302.40,0.20557
741,250,220,333.02,0.22639
742,102,229,250.69,0.17042
743,4,145,145.06,0.09861
744,60,104,120.07,0.08162
745,107,170,200.87,0.13655
746,120,145,188.22,0.12795
747,107,142,177.80,0.12087
748,76,73,105.38,0.07164
749,-208,634,667.25,0.45360
750,-1645,3596,3954.40,2.68824
751,-4179,9659,10524.27,7.15450
752,-2528,13285,13523.39,9.19333
753,7078,8531,11084.95,7.53565
754,16394,1598,16471.70,11.19762
755,13630,883,13658.57,9.28523
756,942,4361,4461.58,3.03302
757,-6982,4152,8123.26,5.52227
758,-4181,-439,4203.98,2.85791
759,1631,-3133,3532.12,2.40117
760,3027,-1480,3369.44,2.29058
761,908,600,1088.33,0.73986
762,-301,269,403.69,0.27443
763,-46,-1228,1228.86,0.83539
764,-196,-1564,1576.23,1.07154
765,-1080,-1123,1558.05,1.05918
766,-1706,-864,1912.31,1.30001
767,-1231,-496,1327.17,0.90222
768,-270,167,317.47,0.21582
769,188,525,557.65,0.37909
770,-118,-84,144.84,0.09847
771,-517,-112,528.99,0.35961
772,-531,1003,1134.89,0.77151
773,-331,1317,1357.96,0.92315
774,382,-1145,1207.04,0.82056
775,1014,-4116,4239.06,2.88176
776,165,-3839,3842.54,2.61220
777,-1359,-794,1573.95,1.06999
778,-1334,1490,1999.91,1.35956
779,274,1635,1657.80,1.12699
780,1494,475,1567.69,1.06573
781,1082,-547,1212.41,0.82421
782,156,-1047,1058.56,0.71962
783,-8,-1452,1452.02,0.98710
784,251,-1516,1536.64,1.04462
785,460,-1463,1533.61,1.04256
786,198,-1206,1222.15,0.83083
787,-163,-453,481.43,0.32728
788,-460,677,818.49,0.55642
789,-776,1067,1319.34,0.89690
790,-670,289,729.67,0.49604
791,-139,-1107,1115.69,0.75846
792,196,-2094,2103.15,1.42974
793,22,-1833,1833.13,1.24618
794,-227,-932,959.25,0.65210
795,14,-683,683.14,0.46441
796,332,-979,1033.76,0.70276
797,171,-592,616.20,0.41890
798,-500,459,678.73,0.46141
799,-526,742,909.53,0.61831
800,44,540,541.79,0.36831
801,-77,695,699.25,0.47536
802,-1314,588,1439.56,0.97863
803,-1867,-297,1890.48,1.28516
804,-710,-1239,1428.01,0.97078
805,811,-970,1264.37,0.85953
806,1089,-9,1089.04,0.74034
807,470,331,574.86,0.39079
808,293,-81,303.99,0.20666
809,236,-354,425.46,0.28923
810,-7,-268,268.09,0.18225
811,-133,-120,179.13,0.12178
812,171,81,189.21,0.12863
813,358,802,878.28,0.59706
814,-113,1389,1393.59,0.94738
815,-699,1024,1239.83,0.84285
816,-539,-45,540.88,0.36769
817,167,-419,451.05,0.30663
818,405,14,405.24,0.27549
819,137,329,356.38,0.24227
820,259,132,290.70,0.19762
821,827,-52,828.63,0.56331
822,860,-14,860.11,0.58471
823,232,-43,235.95,0.16040
824,-31,-209,211.29,0.14363
825,249,-357,435.26,0.29589
826,313,-407,513.44,0.34904
827,-56,-635,637.46,0.43335
828,-515,-752,911.44,0.61961
829,-542,-480,723.99,0.49218
830,-135,-2,135.01,0.09178
831,390,44,392.47,0.26681
832,178,-122,215.80,0.14670
833,-310,-125,334.25,0.22723
834,-365,197,414.77,0.28196
835,18,282,282.57,0.19210
836,231,-11,231.26,0.15721
837,145,-387,413.27,0.28095
838,125,-352,373.54,0.25393
839,282,-5,282.04,0.19174
840,253,153,295.67,0.20100
841,3,-71,71.06,0.04831
842,-251,-279,375.29,0.25513
843,-268,11,268.23,0.18234
844,125,287,313.04,0.21281
845,403,137,425.65,0.28936
846,228,-183,292.36,0.19875
847,-381,-290,478.81,0.32550
848,-787,-1,787.00,0.53501
849,-348,650,737.30,0.50122
# END
# FRAME,39,RX_TS,248775726196,FP_INDEX,745.6875,FP_INT,745,RXPACC,1364,RXPWR,-83.36,FP_PWR,-92.46,STD_NOISE,64.00,NTM,13,NOISE_THRESH,832.00,PEAK_IDX,750,PEAK_AMPL,16698,START,695,elapsed_s,3.8193
sample,real,imag,amplitude,amplitude_norm
695,238,161,287.34,0.21066
696,154,36,158.15,0.11595
697,205,170,266.32,0.19525
698,223,238,326.15,0.23911
699,155,214,264.24,0.19372
700,160,197,253.79,0.18606
701,74,57,93.41,0.06848
702,163,17,163.88,0.12015
703,163,96,189.17,0.13869
704,98,245,263.87,0.19346
705,79,224,237.52,0.17414
706,260,174,312.85,0.22936
707,331,24,331.87,0.24331
708,263,-43,266.49,0.19538
709,122,85,148.69,0.10901
710,95,204,225.04,0.16498
711,96,208,229.09,0.16795
712,114,227,254.02,0.18623
713,98,212,233.56,0.17123
714,146,198,246.01,0.18036
715,327,381,502.09,0.36810
716,338,189,387.25,0.28391
717,267,-157,309.74,0.22708
718,213,-222,307.66,0.22556
719,235,41,238.55,0.17489
720,174,389,426.14,0.31242
721,99,319,334.01,0.24487
722,149,119,190.69,0.13980
723,172,-17,172.84,0.12671
724,241,70,250.96,0.18399
725,279,102,297.06,0.21779
726,307,72,315.33,0.23118
727,199,143,245.05,0.17966
728,139,192,237.03,0.17378
729,83,211,226.74,0.16623
730,133,137,190.94,0.13999
731,127,127,179.61,0.13168
732,130,152,200.01,0.14663
733,183,-8,183.17,0.13429
734,151,93,177.34,0.13002
735,280,160,322.49,0.23643
736,368,68,374.23,0.27436
737,288,34,290.00,0.21261
738,102,32,106.90,0.07837
739,-83,132,155.93,0.11432
740,25,195,196.60,0.14413
741,165,156,227.07,0.16647
742,252,96,269.67,0.19770
743,97,147,176.12,0.12912
744,-191,473,510.11,0.37398
745,-1453,2356,2768.02,2.02934
746,-4682,6997,8418.97,6.17227
747,-5144,10389,11592.76,8.49909
748,3507,6625,7495.98,5.49558
749,15145,-93,15145.29,11.10358
750,16405,-1517,16474.99,12.07844
751,4583,2746,5342.70,3.91693
752,-6424,5249,8295.77,6.08194
753,-6098,2338,6530.84,4.78800
754,243,-1256,1279.29,0.93790
755,2866,-1457,3215.09,2.35710
756,1138,-86,1141.24,0.83669
757,-331,189,381.16,0.27944
758,-280,-770,819.33,0.60068
759,-275,-1404,1430.68,1.04888
760,-973,-1372,1682.00,1.23314
761,-1317,-1019,1665.19,1.22081
762,-768,-418,874.38,0.64104
763,250,297,388.21,0.28461
764,662,528,846.78,0.62080
765,71,53,88.60,0.06496
766,-429,-91,438.55,0.32151
767,53,1060,1061.32,0.77810
768,920,1694,1927.70,1.41327
769,978,-198,997.84,0.73156
770,232,-3076,3084.74,2.26154
771,-631,-3552,3607.61,2.64488
772,-1079,-1237,1641.47,1.20342
773,-804,1096,1359.28,0.99654
774,-194,1589,1600.80,1.17361
775,453,632,777.58,0.57007
776,628,-160,648.06,0.47512
777,473,-186,508.26,0.37262
778,393,-72,399.54,0.29292
779,305,-201,365.28,0.26780
780,-87,-895,899.22,0.65925
781,-349,-1444,1485.58,1.08913
782,-383,-790,877.95,0.64366
783,-309,742,803.77,0.58927
784,-442,1552,1613.71,1.18307
785,-646,1018,1205.67,0.88392
786,-335,-451,561.81,0.41188
787,176,-1716,1725.00,1.26466
788,181,-1819,1827.98,1.34016
789,-78,-1311,1313.32,0.96284
790,-12,-960,960.08,0.70387
791,440,-1046,1134.78,0.83195
792,639,-727,967.91,0.70961
793,186,184,261.63,0.19181
794,-176,762,782.06,0.57336
795,40,652,653.23,0.47890
796,129,733,744.26,0.54565
797,-633,764,992.16,0.72739
798,-1352,179,1363.80,0.99985
799,-939,-728,1188.15,0.87108
800,262,-864,902.85,0.66191
801,713,-274,763.84,0.56000
802,573,46,574.84,0.42144
803,341,-3,341.01,0.25001
804,257,-126,286.23,0.20984
805,47,-2,47.04,0.03449
806,-268,128,297.00,0.21774
807,-143,107,178.60,0.13094
808,203,382,432.59,0.31715
809,21,834,834.26,0.61163
810,-432,756,870.72,0.63836
811,-237,143,276.80,0.20293
812,386,-46,388.73,0.28499
813,537,459,706.43,0.51791
814,126,612,624.84,0.45809
815,65,57,86.45,0.06338
816,552,-339,647.78,0.47492
817,870,-223,898.13,0.65845
818,727,34,727.79,0.53357
819,500,-53,502.80,0.36862
820,404,-210,455.32,0.33381
821,35,-201,204.02,0.14958
822,-310,-139,339.74,0.24907
823,-634,-187,661.00,0.48461
824,-734,-60,736.45,0.53992
825,-311,185,361.86,0.26530
826,91,381,391.72,0.28718
827,58,227,234.29,0.17177
828,-149,-27,151.43,0.11102
829,-281,62,287.76,0.21097
830,-48,355,358.23,0.26263
831,67,303,310.32,0.22751
832,126,-15,126.89,0.09303
833,41,-151,156.47,0.11471
834,183,92,204.82,0.15016
835,156,338,372.26,0.27292
836,25,174,175.79,0.12888
837,-200,-168,261.20,0.19149
838,-193,-90,212.95,0.15612
839,96,178,202.24,0.14827
840,251,112,274.85,0.20151
841,43,-246,249.73,0.18309
842,-376,-365,524.02,0.38418
843,-370,-176,409.73,0.30039
844,-124,453,469.66,0.34433
# END
# FRAME,40,RX_TS,255165519168,FP_INDEX,749.6562,FP_INT,749,RXPACC,1399,RXPWR,-81.61,FP_PWR,-91.17,STD_NOISE,52.00,NTM,13,NOISE_THRESH,676.00,PEAK_IDX,754,PEAK_AMPL,18938,START,699,elapsed_s,3.9857
sample,real,imag,amplitude,amplitude_norm
699,299,225,374.20,0.26748
700,176,279,329.87,0.23579
701,144,254,291.98,0.20871
702,64,139,153.03,0.10938
703,125,124,176.07,0.12585
704,194,19,194.93,0.13933
705,102,86,133.42,0.09537
706,-18,66,68.41,0.04890
707,42,23,47.89,0.03423
708,156,142,210.95,0.15079
709,224,254,338.66,0.24207
710,232,335,407.49,0.29127
711,274,238,362.93,0.25942
712,258,62,265.35,0.18967
713,184,11,184.33,0.13176
714,125,52,135.38,0.09677
715,175,31,177.72,0.12704
716,128,103,164.30,0.11744
717,95,241,259.05,0.18517
718,26,347,347.97,0.24873
719,-22,415,415.58,0.29706
720,180,351,394.46,0.28196
721,471,23,471.56,0.33707
722,564,-115,575.60,0.41144
723,296,-8,296.11,0.21166
724,-93,122,153.40,0.10965
725,-68,203,214.09,0.15303
726,149,145,207.91,0.14861
727,334,211,395.07,0.28239
728,204,212,294.21,0.21030
729,95,62,113.44,0.08109
730,106,133,170.07,0.12157
731,158,249,294.90,0.21079
732,317,123,340.03,0.24305
733,190,106,217.57,0.15552
734,58,150,160.82,0.11496
735,184,115,216.98,0.15510
736,289,135,318.98,0.22800
737,304,58,309.48,0.22122
738,194,35,197.13,0.14091
739,184,239,301.62,0.21560
740,156,305,342.58,0.24487
741,185,115,217.83,0.15570
742,210,51,216.10,0.15447
743,184,128,224.14,0.16022
744,52,212,218.28,0.15603
745,157,166,228.48,0.16332
746,203,196,282.18,0.20170
747,136,145,198.80,0.14210
748,-221,52,227.04,0.16228
749,-2861,-370,2884.83,2.06206
750,-9982,-1728,10130.46,7.24122
751,-14274,-1765,14382.71,10.28071
752,-3667,3717,5221.40,3.73223
753,12870,11016,16940.75,12.10919
754,16403,10885,19686.08,14.07153
755,4689,3140,5643.25,4.03378
756,-5816,-2834,6469.73,4.62454
757,-3626,-1477,3915.28,2.79863
758,2775,1953,3393.35,2.42555
759,3414,2093,4004.50,2.86240
760,376,202,426.83,0.30509
761,-541,-428,689.83,0.49309
762,686,64,688.98,0.49248
763,966,-37,966.71,0.69100
764,-62,-851,853.26,0.60990
765,-676,-1333,1494.61,1.06834
766,-228,-1074,1097.93,0.78480
767,331,-135,357.47,0.25552
768,220,444,495.52,0.35419
769,-263,133,294.72,0.21066
770,-874,-205,897.72,0.64169
771,-1520,674,1662.73,1.18851
772,-1385,1312,1907.77,1.36366
773,858,-298,908.28,0.64923
774,3380,-2964,4495.52,3.21338
775,3126,-3487,4683.06,3.34743
776,44,-1687,1687.57,1.20627
777,-2232,50,2232.56,1.59583
778,-1708,185,1717.99,1.22801
779,223,-350,415.00,0.29664
780,1116,-249,1143.44,0.81733
781,552,351,654.14,0.46758
782,-56,659,661.38,0.47275
783,105,432,444.58,0.31778
784,925,-291,969.69,0.69313
785,1311,-1006,1652.50,1.18120
786,740,-936,1193.19,0.85289
787,-603,-286,667.39,0.47705
788,-1564,185,1574.90,1.12574
789,-1088,235,1113.09,0.79563
790,554,-334,646.89,0.46240
791,1935,-883,2126.95,1.52034
792,2125,-931,2320.00,1.65833
793,1137,-340,1186.75,0.84828
794,198,20,199.01,0.14225
795,352,-283,451.66,0.32284
796,854,-407,946.03,0.67622
797,634,52,636.13,0.45470
798,-254,591,643.27,0.45981
799,-945,488,1063.56,0.76023
800,-794,18,794.20,0.56769
801,-434,-341,551.94,0.39452
802,-61,-512,515.62,0.36856
803,404,-454,607.73,0.43440
804,784,-255,824.43,0.58930
805,715,176,736.34,0.52634
806,264,391,471.78,0.33723
807,60,208,216.48,0.15474
808,32,-94,99.30,0.07098
809,43,-193,197.73,0.14134
810,63,-375,380.26,0.27180
811,10,-372,372.13,0.26600
812,-41,107,114.59,0.08191
813,-286,660,719.30,0.51415
814,-162,464,491.47,0.35130
815,249,-103,269.46,0.19261
816,555,112,566.19,0.40471
817,169,880,896.08,0.64052
818,-103,954,959.54,0.68588
819,230,394,456.22,0.32610
820,836,208,861.49,0.61579
821,910,394,991.63,0.70882
822,499,548,741.15,0.52977
823,182,396,435.82,0.31152
824,-7,20,21.19,0.01515
825,56,-280,285.55,0.20411
826,107,-402,416.00,0.29735
827,-103,-598,606.81,0.43374
828,-419,-478,635.65,0.45436
829,-328,-71,335.60,0.23988
830,-91,219,237.15,0.16952
831,-63,143,156.26,0.11170
832,-47,-117,126.09,0.09013
833,-37,-206,209.30,0.14960
834,198,-54,205.23,0.14670
835,308,198,366.15,0.26172
836,162,122,202.80,0.14496
837,258,123,285.82,0.20430
838,293,420,512.10,0.36605
839,182,569,597.40,0.42702
840,80,263,274.90,0.19650
841,-100,-244,263.70,0.18849
842,-184,-297,349.38,0.24973
843,-215,223,309.76,0.22142
844,16,298,298.43,0.21332
845,315,-90,327.60,0.23417
846,458,-577,736.68,0.52657
847,340,-615,702.73,0.50231
848,-222,163,275.41,0.19687
# END
# FRAME,41,RX_TS,261555312130,FP_INDEX,752.3125,FP_INT,752,RXPACC,1117,RXPWR,-76.26,FP_PWR,-89.73,STD_NOISE,48.00,NTM,13,NOISE_THRESH,624.00,PEAK_IDX,757,PEAK_AMPL,16764,START,702,elapsed_s,4.0501
sample,real,imag,amplitude,amplitude_norm
702,271,180,325.33,0.29126
703,232,155,279.01,0.24979
704,181,82,198.71,0.17789
705,148,66,162.05,0.14508
706,88,160,182.60,0.16348
707,116,80,140.91,0.12615
708,140,34,144.07,0.12898
709,127,82,151.17,0.13534
710,104,158,189.16,0.16934
711,143,168,220.62,0.19751
712,115,189,221.24,0.19806
713,108,261,282.46,0.25288
714,184,198,270.30,0.24198
715,232,90,248.85,0.22278
716,192,33,194.82,0.17441
717,76,-19,78.34,0.07013
718,148,106,182.04,0.16298
719,145,123,190.14,0.17023
720,28,139,141.79,0.12694
721,-132,140,192.42,0.17226
722,-133,198,238.52,0.21354
723,137,144,198.76,0.17794
724,457,39,458.66,0.41062
725,494,225,542.83,0.48597
726,116,300,321.65,0.28796
727,-106,109,152.04,0.13612
728,13,-2,13.15,0.01178
729,130,192,231.87,0.20758
730,328,225,397.75,0.35609
731,264,204,333.63,0.29869
732,188,140,234.40,0.20985
733,103,191,217.00,0.19427
734,29,158,160.64,0.14381
735,83,44,93.94,0.08410
736,131,35,135.59,0.12139
737,160,165,229.84,0.20576
738,197,166,257.61,0.23063
739,146,117,187.10,0.16750
740,92,75,118.70,0.10626
741,131,99,164.20,0.14700
742,104,180,207.88,0.18611
743,170,204,265.55,0.23773
744,205,107,231.24,0.20702
745,88,24,91.21,0.08166
746,-2,19,19.10,0.01710
747,44,72,84.38,0.07554
748,146,149,208.61,0.18676
749,207,102,230.77,0.20659
750,176,97,200.96,0.17991
751,-329,-302,446.59,0.39981
752,-2719,-3328,4297.50,3.84736
753,-6700,-10027,12059.47,10.79630
754,-6393,-11498,13155.78,11.77778
755,698,1069,1276.70,1.14297
756,5459,15323,16266.38,14.56256
757,1983,16409,16528.39,14.79712
758,-4170,4399,6061.36,5.42647
759,-4740,-6220,7820.23,7.00110
760,-174,-4730,4733.20,4.23742
761,2679,1432,3037.71,2.71952
762,1622,3287,3665.41,3.28148
763,-37,1022,1022.67,0.91555
764,189,-560,591.03,0.52913
765,991,-333,1045.45,0.93595
766,915,-239,945.70,0.84664
767,216,-712,744.04,0.66611
768,-144,-841,853.24,0.76387
769,9,-285,285.14,0.25527
770,93,364,375.69,0.33634
771,39,181,185.15,0.16576
772,-54,-541,543.69,0.48674
773,-480,-560,737.56,0.66031
774,-1234,602,1373.01,1.22920
775,-779,1506,1695.55,1.51795
776,1455,520,1545.13,1.38329
777,3243,-1420,3540.26,3.16944
778,2445,-2176,3273.07,2.93023
779,230,-1187,1209.08,1.08243
780,-1116,9,1116.04,0.99914
781,-895,394,977.89,0.87546
782,20,29,35.23,0.03154
783,489,-92,497.58,0.44546
784,299,371,476.49,0.42658
785,12,834,834.09,0.74672
786,75,492,497.68,0.44555
787,639,-236,681.19,0.60984
788,1119,-488,1220.78,1.09291
789,762,-223,793.96,0.71080
790,-310,28,311.26,0.27866
791,-1065,-74,1067.57,0.95575
792,-488,-461,671.32,0.60100
793,937,-550,1086.49,0.97269
794,1894,-523,1964.88,1.75907
795,1749,-343,1782.32,1.59563
796,998,-19,998.18,0.89363
797,728,2,728.00,0.65175
798,883,-144,894.66,0.80095
799,769,-399,866.35,0.77560
800,193,-197,275.79,0.24690
801,-251,224,336.42,0.30118
802,-384,459,598.45,0.53576
803,-400,315,509.14,0.45581
804,-201,-140,244.95,0.21929
805,258,-597,650.36,0.58224
806,715,-357,799.17,0.71546
807,811,252,849.25,0.76030
808,537,620,820.22,0.73431
809,234,490,543.01,0.48613
810,183,142,231.63,0.20737
811,89,-82,121.02,0.10834
812,52,-77,92.91,0.08318
813,12,-11,16.28,0.01457
814,129,114,172.15,0.15412
815,125,331,353.82,0.31676
816,128,265,294.29,0.26347
817,391,-102,404.09,0.36176
818,805,-114,813.03,0.72787
819,471,472,666.80,0.59696
820,-306,671,737.48,0.66023
821,-560,403,689.93,0.61767
822,-36,115,120.50,0.10788
823,684,362,773.89,0.69283
824,890,691,1126.76,1.00873
825,575,580,816.72,0.73117
826,218,415,468.77,0.41967
827,27,244,245.49,0.21978
828,85,103,133.54,0.11956
829,242,-131,275.18,0.24636
830,356,-319,478.01,0.42794
831,247,-226,334.79,0.29972
832,-56,-3,56.08,0.05021
833,-241,197,311.27,0.27867
834,-48,70,84.88,0.07599
835,136,-3,136.03,0.12178
836,80,100,128.06,0.11465
837,99,261,279.15,0.24991
838,168,209,268.15,0.24006
839,282,5,282.04,0.25250
840,275,263,380.52,0.34066
841,139,557,574.08,0.51395
842,118,653,663.58,0.59407
843,136,244,279.34,0.25008
844,49,20,52.92,0.04738
845,-133,117,177.14,0.15858
846,-238,342,416.66,0.37302
847,39,292,294.59,0.26374
848,434,-83,441.87,0.39558
849,932,-364,1000.56,0.89576
850,785,-303,841.45,0.75331
851,-27,341,342.07,0.30624
# END
# FRAME,42,RX_TS,267945105597,FP_INDEX,746.3125,FP_INT,746,RXPACC,1055,RXPWR,-71.63,FP_PWR,-85.01,STD_NOISE,64.00,NTM,13,NOISE_THRESH,832.00,PEAK_IDX,751,PEAK_AMPL,18319,START,696,elapsed_s,4.1094
sample,real,imag,amplitude,amplitude_norm
696,126,160,203.66,0.19304
697,82,71,108.47,0.10281
698,107,48,117.27,0.11116
699,72,25,76.22,0.07224
700,99,162,189.86,0.17996
701,43,162,167.61,0.15887
702,119,103,157.38,0.14918
703,186,100,211.18,0.20017
704,83,95,126.15,0.11957
705,-48,107,117.27,0.11116
706,-40,51,64.82,0.06144
707,126,39,131.90,0.12502
708,189,5,189.07,0.17921
709,189,4,189.04,0.17919
710,50,62,79.65,0.07550
711,94,116,149.31,0.14152
712,169,32,172.00,0.16304
713,153,66,166.63,0.15794
714,100,213,235.31,0.22304
715,263,448,519.49,0.49241
716,281,445,526.29,0.49886
717,29,66,72.09,0.06833
718,-91,-286,300.13,0.28448
719,-38,-236,239.04,0.22658
720,172,55,180.58,0.17117
721,168,405,438.46,0.41560
722,156,272,313.56,0.29721
723,189,58,197.70,0.18739
724,130,-87,156.43,0.14827
725,130,-76,150.59,0.14274
726,111,-5,111.11,0.10532
727,162,49,169.25,0.16042
728,166,17,166.87,0.15817
729,98,113,149.58,0.14178
730,-23,198,199.33,0.18894
731,-41,209,212.98,0.20188
732,6,147,147.12,0.13945
733,75,52,91.26,0.08651
734,22,124,125.94,0.11937
735,36,70,78.71,0.07461
736,181,40,185.37,0.17570
737,204,121,237.19,0.22482
738,134,136,190.92,0.18097
739,24,179,180.60,0.17119
740,57,171,180.25,0.17085
741,233,138,270.80,0.25668
742,118,174,210.24,0.19928
743,112,159,194.49,0.18435
744,64,61,88.41,0.08380
745,-378,648,750.19,0.71108
746,-4216,4467,6142.37,5.82215
747,-12027,10179,15756.29,14.93487
748,-14718,9121,17315.08,16.41240
749,-2518,-2445,3509.75,3.32678
750,13784,-10761,17487.07,16.57543
751,16416,-7920,18226.67,17.27646
752,6504,-74,6504.42,6.16533
753,-5873,4917,7659.57,7.26026
754,-4450,2119,4928.76,4.67181
755,1623,-1000,1906.34,1.80696
756,2673,-781,2784.76,2.63958
757,396,317,507.25,0.48081
758,-482,275,554.93,0.52600
759,65,-101,120.11,0.11385
760,35,78,85.49,0.08104
761,-728,330,799.30,0.75763
762,-1096,155,1106.91,1.04920
763,-545,7,545.04,0.51663
764,267,293,396.41,0.37574
765,371,588,695.26,0.65901
766,5,629,629.02,0.59623
767,68,871,873.65,0.82810
768,793,1740,1912.18,1.81250
769,852,1772,1966.19,1.86368
770,-389,29,390.08,0.36974
771,-1539,-1918,2459.11,2.33091
772,-1336,-1784,2228.80,2.11261
773,-377,-50,380.30,0.36048
774,118,1014,1020.84,0.96762
775,229,798,830.21,0.78693
776,246,236,340.90,0.32313
777,186,137,231.01,0.21897
778,296,175,343.86,0.32594
779,352,25,352.89,0.33449
780,160,-366,399.44,0.37862
781,-105,-817,823.72,0.78078
782,-381,-836,918.73,0.87083
783,-125,-386,405.74,0.38458
784,443,193,483.22,0.45802
785,914,648,1120.40,1.06199
786,976,467,1081.97,1.02557
787,237,-229,329.56,0.31238
788,-720,-973,1210.43,1.14732
789,-1182,-1223,1700.84,1.61217
790,-743,-719,1033.93,0.98003
791,-182,-298,349.18,0.33098
792,123,-410,428.05,0.40574
793,92,-478,486.77,0.46140
794,52,69,86.40,0.08190
795,169,634,656.14,0.62193
796,319,814,874.28,0.82870
797,273,705,756.01,0.71660
798,-125,507,522.18,0.49496
799,-498,12,498.14,0.47217
800,-288,-458,541.02,0.51282
801,226,-473,524.22,0.49689
802,414,3,414.01,0.39243
803,334,459,567.66,0.53807
804,151,443,468.03,0.44363
805,206,310,372.20,0.35280
806,209,262,335.15,0.31768
807,60,194,203.07,0.19248
808,-34,73,80.53,0.07633
809,221,96,240.95,0.22839
810,331,126,354.17,0.33571
811,61,-168,178.73,0.16941
812,-233,-526,575.30,0.54530
813,382,-306,489.45,0.46393
814,707,586,918.28,0.87041
815,603,813,1012.21,0.95944
816,398,223,456.22,0.43243
817,285,-616,678.73,0.64335
818,455,-553,716.12,0.67879
819,280,28,281.40,0.26673
820,-94,273,288.73,0.27368
821,-88,239,254.69,0.24141
822,38,188,191.80,0.18180
823,-67,148,162.46,0.15399
824,-258,-24,259.11,0.24561
825,-250,-139,286.04,0.27113
826,98,89,132.38,0.12548
827,336,386,511.75,0.48507
828,213,469,515.10,0.48825
829,79,365,373.45,0.35398
830,237,368,437.71,0.41489
831,415,390,569.50,0.53981
832,400,258,475.99,0.45117
833,272,75,282.15,0.26744
834,204,-108,230.82,0.21879
835,431,48,433.66,0.41106
836,530,151,551.09,0.52236
837,370,102,383.80,0.36379
838,122,27,124.95,0.11844
839,120,101,156.85,0.14867
840,311,392,500.38,0.47430
841,300,336,450.44,0.42696
842,-88,-27,92.05,0.08725
843,-556,-647,853.08,0.80861
844,-295,-867,915.81,0.86807
845,721,-93,726.97,0.68907
# END
# FRAME,43,RX_TS,274334898517,FP_INDEX,749.6719,FP_INT,749,RXPACC,910,RXPWR,-67.00,FP_PWR,-75.63,STD_NOISE,56.00,NTM,13,NOISE_THRESH,728.00,PEAK_IDX,751,PEAK_AMPL,17396,START,699,elapsed_s,4.2315
sample,real,imag,amplitude,amplitude_norm
699,117,108,159.23,0.17497
700,75,176,191.31,0.21024
701,43,168,173.42,0.19057
702,38,123,128.74,0.14147
703,90,79,119.75,0.13160
704,119,134,179.21,0.19694
705,101,123,159.15,0.17489
706,58,114,127.91,0.14056
707,44,109,117.55,0.12917
708,83,175,193.69,0.21284
709,120,215,246.22,0.27057
710,138,118,181.57,0.19953
711,-17,-26,31.06,0.03414
712,12,-16,20.00,0.02198
713,81,67,105.12,0.11552
714,111,82,138.00,0.15165
715,127,127,179.61,0.19737
716,127,78,149.04,0.16378
717,198,97,220.48,0.24229
718,408,7,408.06,0.44842
719,508,-18,508.32,0.55859
720,462,68,466.98,0.51316
721,173,210,272.08,0.29899
722,-181,160,241.58,0.26547
723,-137,142,197.31,0.21683
724,274,301,407.03,0.44729
725,264,248,362.22,0.39804
726,88,125,152.87,0.16799
727,55,-3,55.08,0.06053
728,44,-72,84.38,0.09273
729,22,54,58.31,0.06408
730,84,119,145.66,0.16007
731,167,129,211.02,0.23189
732,204,106,229.90,0.25263
733,126,131,181.76,0.19974
734,69,232,242.04,0.26598
735,64,201,210.94,0.23181
736,39,147,152.09,0.16713
737,26,62,67.23,0.07388
738,45,81,92.66,0.10182
739,76,54,93.23,0.10245
740,218,56,225.08,0.24734
741,132,24,134.16,0.14743
742,136,85,160.38,0.17624
743,138,86,162.60,0.17869
744,206,143,250.77,0.27557
745,124,52,134.46,0.14776
746,33,35,48.10,0.05286
747,128,44,135.35,0.14874
748,242,225,330.44,0.36312
749,1591,2512,2973.45,3.26753
750,5394,11038,12285.47,13.50051
751,5602,16120,17065.66,18.75348
752,1996,16403,16524.00,18.15824
753,-5032,1380,5217.80,5.73384
754,-5167,-14868,15740.25,17.29697
755,-1551,-11868,11968.92,13.15266
756,595,4523,4561.97,5.01315
757,-827,7549,7594.16,8.34523
758,-1508,-2417,2848.85,3.13061
759,-84,-6011,6011.59,6.60614
760,823,-1420,1641.26,1.80358
761,267,1448,1472.41,1.61803
762,-234,369,436.94,0.48015
763,-71,-1139,1141.21,1.25408
764,85,-551,557.52,0.61266
765,-142,631,646.78,0.71075
766,-370,763,847.98,0.93185
767,-148,-83,169.68,0.18647
768,343,-492,599.76,0.65908
769,478,-358,597.20,0.65626
770,359,-122,379.16,0.41666
771,913,-147,924.76,1.01622
772,1646,0,1646.00,1.80879
773,1025,192,1042.83,1.14596
774,-823,82,827.07,0.90887
775,-1627,-129,1632.11,1.79352
776,-704,-163,722.62,0.79409
777,351,49,354.40,0.38945
778,356,-56,360.38,0.39602
779,39,-517,518.47,0.56975
780,198,-764,789.24,0.86730
781,584,-677,894.08,0.98251
782,655,-577,872.90,0.95923
783,355,-422,551.46,0.60600
784,50,-383,386.25,0.42445
785,-333,-370,497.78,0.54702
786,-412,-59,416.20,0.45737
787,2,-63,63.03,0.06927
788,807,-264,849.08,0.93306
789,1122,-399,1190.83,1.30861
790,286,-581,647.58,0.71162
791,-812,-515,961.55,1.05664
792,-1306,-156,1315.28,1.44537
793,-819,8,819.04,0.90004
794,-272,-210,343.63,0.37762
795,-225,-567,610.01,0.67034
796,-301,-756,813.72,0.89420
797,8,-570,570.06,0.62644
798,452,-237,510.37,0.56084
799,624,-56,626.51,0.68847
800,473,-67,477.72,0.52497
801,287,-65,294.27,0.32337
802,15,45,47.43,0.05213
803,-279,62,285.81,0.31407
804,-516,-121,530.00,0.58241
805,-309,-349,466.14,0.51224
806,53,-393,396.56,0.43578
807,180,-337,382.06,0.41984
808,101,-126,161.48,0.17745
809,9,-47,47.85,0.05259
810,-117,-160,198.21,0.21782
811,-51,-334,337.87,0.37129
812,166,-507,533.48,0.58625
813,456,-368,585.97,0.64392
814,227,47,231.81,0.25474
815,-348,314,468.72,0.51508
816,-748,281,799.04,0.87807
817,-176,-322,366.96,0.40325
818,735,-499,888.38,0.97625
819,658,-502,827.63,0.90948
820,-66,-550,553.95,0.60873
821,-345,-588,681.74,0.74916
822,-51,-610,612.13,0.67267
823,182,-514,545.27,0.59920
824,142,-288,321.10,0.35286
825,53,-188,195.33,0.21465
826,17,-124,125.16,0.13754
827,-206,-42,210.24,0.23103
828,-244,78,256.16,0.28150
829,-142,109,179.01,0.19672
830,177,-131,220.20,0.24198
831,368,-273,458.21,0.50352
832,392,-169,426.88,0.46910
833,324,28,325.21,0.35737
834,294,-49,298.06,0.32753
835,229,-245,335.36,0.36853
836,102,-269,287.69,0.31614
837,-2,-103,103.02,0.11321
838,-16,-259,259.49,0.28516
839,157,-350,383.60,0.42154
840,335,-342,478.74,0.52608
841,302,-194,358.94,0.39444
842,204,-142,248.56,0.27314
843,229,-211,311.39,0.34218
844,279,-283,397.40,0.43671
845,120,-128,175.45,0.19281
846,-375,212,430.78,0.47338
847,-852,384,934.54,1.02696
848,-817,60,819.20,0.90022
# END
# FRAME,44,RX_TS,280724691435,FP_INDEX,751.4844,FP_INT,751,RXPACC,1166,RXPWR,-74.09,FP_PWR,-83.89,STD_NOISE,72.00,NTM,13,NOISE_THRESH,936.00,PEAK_IDX,753,PEAK_AMPL,19200,START,701,elapsed_s,4.3028
sample,real,imag,amplitude,amplitude_norm
701,80,159,177.99,0.15265
702,109,90,141.35,0.12123
703,167,-12,167.43,0.14359
704,150,115,189.01,0.16210
705,119,130,176.24,0.15115
706,-21,129,130.70,0.11209
707,111,127,168.67,0.14466
708,168,60,178.39,0.15300
709,96,146,174.73,0.14986
710,47,129,137.30,0.11775
711,163,151,222.19,0.19056
712,251,247,352.15,0.30202
713,278,282,395.99,0.33961
714,227,125,259.14,0.22225
715,107,124,163.78,0.14047
716,173,39,177.34,0.15209
717,113,103,152.90,0.13113
718,33,221,223.45,0.19164
719,-62,220,228.57,0.19603
720,-146,260,298.19,0.25574
721,-251,420,489.29,0.41963
722,-58,304,309.48,0.26542
723,376,-7,376.07,0.32253
724,541,36,542.20,0.46501
725,198,132,237.97,0.20409
726,-206,149,254.24,0.21804
727,-181,119,216.61,0.18578
728,105,88,137.00,0.11750
729,263,152,303.76,0.26052
730,202,221,299.41,0.25678
731,198,160,254.57,0.21832
732,148,108,183.22,0.15713
733,219,234,320.49,0.27487
734,93,252,268.61,0.23037
735,4,110,110.07,0.09440
736,69,67,96.18,0.08248
737,177,69,189.97,0.16293
738,139,153,206.71,0.17728
739,82,132,155.40,0.13327
740,118,38,123.97,0.10632
741,173,136,220.06,0.18873
742,120,223,253.24,0.21718
743,82,143,164.84,0.14137
744,174,37,177.89,0.15256
745,164,13,164.51,0.14109
746,155,-2,155.01,0.13294
747,146,165,220.32,0.18895
748,158,143,213.10,0.18276
749,120,203,235.82,0.20224
750,-257,-112,280.34,0.24043
751,-3987,-1957,4441.40,3.80909
752,-13153,-7237,15012.51,12.87523
753,-16404,-10618,19540.55,16.75862
754,-7611,-5861,9606.18,8.23857
755,8678,9217,12659.41,10.85713
756,10014,14120,17310.53,14.84608
757,183,3120,3125.36,2.68041
758,-5007,-9154,10433.88,8.94844
759,-876,-6918,6973.24,5.98048
760,2917,2383,3766.64,3.23039
761,1686,5265,5528.37,4.74131
762,-546,1449,1548.46,1.32801
763,-263,-1196,1224.58,1.05024
764,781,-424,888.67,0.76215
765,684,523,861.04,0.73845
766,124,-149,193.85,0.16625
767,186,-1127,1142.25,0.97963
768,577,-981,1138.11,0.97608
769,211,-20,211.95,0.18177
770,-458,633,781.31,0.67008
771,-382,610,719.74,0.61727
772,-229,473,525.52,0.45070
773,-1040,498,1153.08,0.98892
774,-1509,414,1564.76,1.34199
775,1,76,76.01,0.06519
776,2020,-351,2050.27,1.75838
777,2182,-728,2300.24,1.97276
778,1057,-784,1316.02,1.12866
779,50,-485,487.57,0.41816
780,-142,216,258.50,0.22169
781,-50,954,955.31,0.81930
782,86,1146,1149.22,0.98561
783,441,943,1041.02,0.89282
784,589,790,985.40,0.84511
785,529,742,911.27,0.78153
786,950,717,1190.21,1.02076
787,1392,32,1392.37,1.19414
788,1047,-335,1099.29,0.94279
789,31,-3,31.14,0.02671
790,-815,440,926.19,0.79433
791,-615,680,916.86,0.78633
792,694,585,907.67,0.77845
793,1772,62,1773.08,1.52066
794,1857,-600,1951.52,1.67369
795,1105,-685,1300.10,1.11501
796,713,-287,768.59,0.65917
797,1046,292,1085.99,0.93138
798,1120,365,1177.97,1.01027
799,436,81,443.46,0.38033
800,-12,1,12.04,0.01033
801,15,350,350.32,0.30045
802,22,554,554.44,0.47550
803,43,339,341.72,0.29307
804,225,-11,225.27,0.19320
805,745,-83,749.61,0.64289
806,888,193,908.73,0.77936
807,529,383,653.09,0.56011
808,345,346,488.61,0.41905
809,421,275,502.86,0.43127
810,434,110,447.72,0.38398
811,505,10,505.10,0.43319
812,471,232,525.04,0.45029
813,584,443,733.01,0.62865
814,454,542,707.02,0.60637
815,169,224,280.60,0.24065
816,191,-386,430.67,0.36936
817,558,-667,869.63,0.74582
818,762,-84,766.62,0.65748
819,132,673,685.82,0.58818
820,-236,712,750.09,0.64330
821,134,277,307.71,0.26390
822,756,267,801.76,0.68762
823,944,514,1074.86,0.92184
824,630,448,773.05,0.66299
825,245,208,321.39,0.27563
826,185,260,319.10,0.27367
827,395,335,517.93,0.44419
828,659,327,735.67,0.63093
829,714,14,714.14,0.61247
830,527,-120,540.49,0.46354
831,203,227,304.53,0.26117
832,-3,527,527.01,0.45198
833,40,457,458.75,0.39344
834,108,248,270.50,0.23199
835,129,229,262.83,0.22542
836,2,445,445.00,0.38165
837,143,507,526.78,0.45178
838,416,384,566.14,0.48554
839,546,332,639.01,0.54804
840,485,392,623.61,0.53483
841,267,457,529.28,0.45393
842,120,316,338.02,0.28990
843,95,139,168.36,0.14439
844,128,178,219.24,0.18803
845,71,392,398.38,0.34166
846,112,450,463.73,0.39771
847,453,247,515.96,0.44251
848,769,-521,928.87,0.79663
849,756,-786,1090.56,0.93530
850,587,5,587.02,0.50345
# END
# FRAME,45,RX_TS,287114484346,FP_INDEX,746.1094,FP_INT,746,RXPACC,1146,RXPWR,-70.77,FP_PWR,-83.35,STD_NOISE,88.00,NTM,13,NOISE_THRESH,1144.00,PEAK_IDX,748,PEAK_AMPL,18629,START,696,elapsed_s,4.3786
sample,real,imag,amplitude,amplitude_norm
696,172,126,213.21,0.18605
697,161,31,163.96,0.14307
698,38,57,68.51,0.05978
699,68,148,162.87,0.14212
700,68,194,205.57,0.17938
701,99,178,203.68,0.17773
702,129,195,233.81,0.20402
703,142,136,196.62,0.17157
704,58,137,148.77,0.12982
705,73,190,203.54,0.17761
706,200,110,228.25,0.19917
707,201,17,201.72,0.17602
708,155,17,155.93,0.13606
709,57,136,147.46,0.12868
710,41,115,122.09,0.10654
711,86,147,170.31,0.14861
712,176,155,234.52,0.20464
713,189,247,311.01,0.27139
714,236,345,418.00,0.36474
715,444,449,631.46,0.55101
716,352,526,632.91,0.55228
717,-18,269,269.60,0.23525
718,-84,-83,118.09,0.10304
719,137,-165,214.46,0.18714
720,246,204,319.58,0.27887
721,69,463,468.11,0.40848
722,-1,251,251.00,0.21902
723,46,-45,64.35,0.05615
724,90,-108,140.58,0.12267
725,46,-33,56.61,0.04940
726,67,51,84.20,0.07347
727,144,95,172.51,0.15054
728,154,100,183.62,0.16023
729,150,146,209.32,0.18266
730,118,190,223.66,0.19517
731,78,82,113.17,0.09875
732,85,93,125.99,0.10994
733,190,142,237.20,0.20698
734,66,173,185.16,0.16157
735,32,165,168.07,0.14666
736,107,126,165.30,0.14424
737,252,89,267.25,0.23321
738,118,109,160.64,0.14017
739,80,163,181.57,0.15844
740,54,158,166.97,0.14570
741,159,126,202.87,0.17703
742,137,134,191.64,0.16722
743,144,123,189.38,0.16525
744,161,217,270.20,0.23578
745,-595,1391,1512.91,1.32017
746,-5688,7092,9091.19,7.93298
747,-13738,12574,18623.59,16.25095
748,-16402,8600,18519.87,16.16045
749,-2822,-6159,6774.73,5.91163
750,14959,-11480,18856.35,16.45406
751,16204,-2899,16461.28,14.36412
752,259,6319,6324.31,5.51859
753,-10440,2832,10817.29,9.43917
754,-4343,-5091,6691.78,5.83925
755,4157,-4344,6012.57,5.24657
756,4246,702,4303.64,3.75536
757,501,2033,2093.82,1.82707
758,-717,-57,719.26,0.62763
759,255,-809,848.24,0.74017
760,435,200,478.77,0.41778
761,-507,493,707.18,0.61708
762,-997,-2,997.00,0.86998
763,-253,7,253.10,0.22085
764,726,749,1043.11,0.91022
765,882,779,1176.76,1.02684
766,587,103,595.97,0.52004
767,749,445,871.22,0.76023
768,1389,1860,2321.41,2.02566
769,1285,1891,2286.29,1.99501
770,75,-124,144.92,0.12645
771,-978,-1818,2064.37,1.80137
772,-1077,-1062,1512.54,1.31984
773,-476,613,776.11,0.67723
774,194,1197,1212.62,1.05813
775,676,511,847.41,0.73945
776,853,-201,876.36,0.76471
777,541,-264,601.98,0.52529
778,235,-7,235.10,0.20515
779,251,-43,254.66,0.22221
780,406,-464,616.55,0.53800
781,371,-948,1018.01,0.88832
782,-123,-727,737.33,0.64340
783,-8,-202,202.16,0.17640
784,399,597,718.06,0.62658
785,711,845,1104.33,0.96364
786,708,368,797.93,0.69627
787,93,-598,605.19,0.52809
788,-753,-1301,1503.20,1.31169
789,-991,-1020,1422.14,1.24096
790,-523,-263,585.40,0.51082
791,250,-66,258.57,0.22562
792,702,-451,834.39,0.72809
793,487,-395,627.05,0.54717
794,41,109,116.46,0.10162
795,110,545,555.99,0.48516
796,636,632,896.62,0.78239
797,713,453,844.74,0.73712
798,326,322,458.21,0.39984
799,19,5,19.65,0.01714
800,161,-318,356.43,0.31102
801,382,-301,486.34,0.42438
802,322,-187,372.36,0.32492
803,192,-276,336.21,0.29338
804,218,-326,392.17,0.34221
805,187,-172,254.07,0.22170
806,87,113,142.61,0.12444
807,200,43,204.57,0.17851
808,492,57,495.29,0.43219
809,762,77,765.88,0.66831
810,367,6,367.05,0.32029
811,-277,-530,598.02,0.52183
812,-172,-954,969.38,0.84588
813,696,-317,764.79,0.66736
814,773,780,1098.15,0.95824
815,408,1013,1092.08,0.95295
816,118,154,194.01,0.16929
817,527,-607,803.85,0.70144
818,940,-474,1052.75,0.91863
819,628,-14,628.16,0.54813
820,153,242,286.31,0.24983
821,181,229,291.89,0.25471
822,350,151,381.18,0.33262
823,211,32,213.41,0.18622
824,-174,-30,176.57,0.15407
825,-181,71,194.43,0.16966
826,206,106,231.67,0.20216
827,498,181,529.87,0.46237
828,458,263,528.14,0.46086
829,353,416,545.59,0.47608
830,420,491,646.13,0.56381
831,383,293,482.22,0.42079
832,355,139,381.24,0.33267
833,323,-34,324.78,0.28341
834,290,-12,290.25,0.25327
835,434,-56,437.60,0.38185
836,501,74,506.44,0.44192
837,463,139,483.41,0.42183
838,272,154,312.57,0.27275
839,295,207,360.38,0.31447
840,444,279,524.38,0.45758
841,396,235,460.48,0.40181
842,-80,-97,125.73,0.10972
843,-563,-749,937.00,0.81763
844,-296,-965,1009.38,0.88078
845,879,-110,885.86,0.77300
# END
# FRAME,46,RX_TS,293504277224,FP_INDEX,747.5937,FP_INT,747,RXPACC,900,RXPWR,-67.19,FP_PWR,-75.64,STD_NOISE,60.00,NTM,13,NOISE_THRESH,780.00,PEAK_IDX,749,PEAK_AMPL,17015,START,697,elapsed_s,4.5052
sample,real,imag,amplitude,amplitude_norm
697,68,143,158.34,0.17594
698,-6,79,79.23,0.08803
699,69,98,119.85,0.13317
700,189,68,200.86,0.22318
701,112,-8,112.29,0.12476
702,12,23,25.94,0.02882
703,33,39,51.09,0.05676
704,49,78,92.11,0.10235
705,57,45,72.62,0.08069
706,75,-37,83.63,0.09292
707,104,45,113.32,0.12591
708,157,129,203.20,0.22578
709,146,176,228.67,0.25408
710,135,158,207.82,0.23091
711,62,59,85.59,0.09510
712,78,-4,78.10,0.08678
713,89,25,92.44,0.10272
714,73,56,92.01,0.10223
715,-62,59,85.59,0.09510
716,-197,64,207.14,0.23015
717,-286,89,299.53,0.33281
718,-289,-29,290.45,0.32272
719,104,-175,203.57,0.22619
720,386,13,386.22,0.42913
721,273,181,327.55,0.36395
722,-10,92,92.54,0.10282
723,-65,-85,107.00,0.11889
724,168,102,196.54,0.21838
725,148,241,282.82,0.31424
726,77,259,270.20,0.30023
727,61,125,139.09,0.15454
728,80,27,84.43,0.09381
729,149,124,193.85,0.21539
730,71,145,161.45,0.17939
731,111,161,195.56,0.21728
732,33,142,145.78,0.16198
733,51,88,101.71,0.11301
734,42,103,111.23,0.12359
735,46,108,117.39,0.13043
736,41,39,56.59,0.06287
737,67,110,128.80,0.14311
738,48,78,91.59,0.10176
739,71,139,156.08,0.17343
740,91,160,184.07,0.20452
741,110,141,178.83,0.19870
742,121,76,142.89,0.15876
743,107,41,114.59,0.12732
744,65,127,142.67,0.15852
745,44,142,148.66,0.16518
746,-60,-86,104.86,0.11651
747,-1193,-2781,3026.09,3.36232
748,-3372,-11702,12178.14,13.53127
749,-1981,-16406,16525.17,18.36130
750,3631,-15420,15841.73,17.60193
751,9777,-136,9777.95,10.86438
752,4349,14658,15289.56,16.98841
753,-2640,9669,10022.93,11.13659
754,-3545,-5055,6174.14,6.86016
755,40,-6269,6269.13,6.96570
756,1602,1609,2270.53,2.52281
757,433,4300,4321.75,4.80194
758,-756,1662,1825.86,2.02874
759,-529,-26,529.64,0.58849
760,231,364,431.11,0.47901
761,443,839,948.77,1.05419
762,259,500,563.10,0.62567
763,176,30,178.54,0.19838
764,159,178,238.67,0.26519
765,60,359,363.98,0.40442
766,-235,352,423.24,0.47026
767,-436,377,576.39,0.64043
768,-630,466,783.62,0.87069
769,-1403,142,1410.17,1.56685
770,-1826,-461,1883.29,2.09255
771,-654,-465,802.46,0.89162
772,1105,356,1160.93,1.28992
773,1452,937,1728.08,1.92009
774,512,685,855.20,0.95022
775,-241,261,355.25,0.39472
776,-236,140,274.40,0.30489
777,-131,290,318.22,0.35357
778,-314,441,541.37,0.60152
779,-616,350,708.49,0.78721
780,-588,463,748.41,0.83156
781,-246,599,647.55,0.71950
782,2,654,654.00,0.72667
783,67,674,677.32,0.75258
784,104,268,287.47,0.31941
785,-153,126,198.20,0.22023
786,-574,353,673.86,0.74873
787,-565,672,877.96,0.97551
788,-110,890,896.77,0.99641
789,587,951,1117.57,1.24175
790,1018,749,1263.85,1.40428
791,836,532,990.92,1.10102
792,322,523,614.18,0.68242
793,216,687,720.16,0.80017
794,331,889,948.62,1.05402
795,335,723,796.84,0.88538
796,198,574,607.19,0.67466
797,25,602,602.52,0.66947
798,-142,675,689.77,0.76642
799,-284,584,649.39,0.72155
800,-54,489,491.97,0.54664
801,251,589,640.25,0.71139
802,258,784,825.36,0.91707
803,112,732,740.52,0.82280
804,-33,562,562.97,0.62552
805,118,573,585.02,0.65003
806,213,606,642.34,0.71371
807,147,588,606.10,0.67344
808,45,498,500.03,0.55559
809,62,553,556.46,0.61829
810,54,637,639.28,0.71032
811,-14,605,605.16,0.67240
812,334,241,411.87,0.45763
813,762,78,765.98,0.85109
814,1080,415,1156.99,1.28554
815,522,1142,1255.65,1.39516
816,-488,734,881.42,0.97935
817,-390,591,708.08,0.78676
818,254,727,770.09,0.85566
819,338,893,954.83,1.06092
820,83,870,873.95,0.97106
821,-79,568,573.47,0.63719
822,46,347,350.04,0.38893
823,123,303,327.01,0.36335
824,235,480,534.44,0.59382
825,279,522,591.88,0.65765
826,322,453,555.78,0.61753
827,293,463,547.92,0.60880
828,108,473,485.17,0.53908
829,-43,421,423.19,0.47021
830,-104,323,339.33,0.37703
831,-222,333,400.22,0.44468
832,-271,428,506.58,0.56287
833,-224,434,488.40,0.54266
834,-47,365,368.01,0.40890
835,37,455,456.50,0.50722
836,66,594,597.66,0.66406
837,122,692,702.67,0.78075
838,-39,577,578.32,0.64257
839,-83,401,409.50,0.45500
840,-63,330,335.96,0.37329
841,-37,353,354.93,0.39437
842,-164,466,494.02,0.54891
843,83,365,374.32,0.41591
844,773,8,773.04,0.85893
845,1003,-62,1004.91,1.11657
846,914,410,1001.75,1.11305
# END
# FRAME,47,RX_TS,299894070599,FP_INDEX,749.2812,FP_INT,749,RXPACC,1011,RXPWR,-69.76,FP_PWR,-80.53,STD_NOISE,56.00,NTM,13,NOISE_THRESH,728.00,PEAK_IDX,754,PEAK_AMPL,17730,START,699,elapsed_s,4.6393
sample,real,imag,amplitude,amplitude_norm
699,184,210,279.21,0.27617
700,150,105,183.10,0.18111
701,97,26,100.42,0.09933
702,86,16,87.48,0.08652
703,54,92,106.68,0.10552
704,86,207,224.15,0.22172
705,26,184,185.83,0.18381
706,183,138,229.20,0.22671
707,155,164,225.66,0.22320
708,21,214,215.03,0.21269
709,119,100,155.44,0.15375
710,177,26,178.90,0.17695
711,203,72,215.39,0.21305
712,99,80,127.28,0.12590
713,73,9,73.55,0.07275
714,53,74,91.02,0.09003
715,37,160,164.22,0.16244
716,102,200,224.51,0.22207
717,187,330,379.30,0.37517
718,349,346,491.44,0.48610
719,449,283,530.74,0.52497
720,198,144,244.83,0.24216
721,51,-134,143.38,0.14182
722,110,-262,284.15,0.28106
723,161,-31,163.96,0.16217
724,112,266,288.62,0.28548
725,76,225,237.49,0.23491
726,15,136,136.82,0.13534
727,136,14,136.72,0.13523
728,184,86,203.11,0.20090
729,126,90,154.84,0.15316
730,144,101,175.89,0.17398
731,153,20,154.30,0.15262
732,113,31,117.18,0.11590
733,118,58,131.48,0.13005
734,56,18,58.82,0.05818
735,158,190,247.11,0.24442
736,132,236,270.41,0.26746
737,29,166,168.51,0.16668
738,-41,74,84.60,0.08368
739,86,92,125.94,0.12457
740,187,80,203.39,0.20118
741,114,195,225.88,0.22342
742,90,237,253.51,0.25076
743,66,129,144.90,0.14333
744,96,101,139.34,0.13783
745,122,183,219.94,0.21755
746,127,98,160.42,0.15867
747,124,86,150.90,0.14926
748,-253,932,965.73,0.95522
749,-2872,5590,6284.62,6.21624
750,-7375,13364,15263.92,15.09784
751,-7955,15819,17706.57,17.51392
752,762,10180,10208.48,10.09741
753,13824,-2519,14051.63,13.89874
754,16418,-5446,17297.68,17.10947
755,9237,235,9239.99,9.13945
756,-2026,4083,4558.02,4.50843
757,-3184,488,3221.18,3.18613
758,1403,-2729,3068.53,3.03514
759,2442,-1533,2883.31,2.85193
760,254,435,503.73,0.49825
761,-876,111,883.00,0.87340
762,-375,-894,969.46,0.95892
763,-143,-835,847.16,0.83794
764,-753,-273,800.96,0.79225
765,-1368,-78,1370.22,1.35531
766,-968,-233,995.65,0.98481
767,-237,-203,312.05,0.30866
768,0,-98,98.00,0.09693
769,-168,-241,293.78,0.29058
770,-205,382,433.53,0.42881
771,45,1678,1678.60,1.66034
772,41,1755,1755.48,1.73638
773,-542,-263,602.44,0.59588
774,-1033,-2312,2532.28,2.50473
775,-959,-1940,2164.09,2.14054
776,-730,-194,755.34,0.74712
777,-596,678,902.72,0.89290
778,-120,304,326.83,0.32327
779,470,47,472.34,0.46720
780,582,314,661.30,0.65411
781,215,549,589.60,0.58318
782,122,91,152.20,0.15054
783,89,-371,381.53,0.37737
784,257,-810,849.79,0.84055
785,109,-485,497.10,0.49169
786,-34,12,36.06,0.03566
787,-328,440,548.80,0.54283
788,-96,457,466.97,0.46189
789,235,100,255.39,0.25261
790,129,-559,573.69,0.56745
791,-365,-1131,1188.44,1.17551
792,-666,-1143,1322.88,1.30848
793,-347,-631,720.12,0.71228
794,39,-345,347.20,0.34342
795,228,-368,432.91,0.42820
796,99,-196,219.58,0.21719
797,-282,-38,284.55,0.28145
798,-231,-178,291.62,0.28845
799,370,-261,452.79,0.44787
800,669,153,686.27,0.67881
801,249,413,482.26,0.47701
802,-310,-88,322.25,0.31874
803,-217,-742,773.08,0.76467
804,252,-809,847.34,0.83812
805,460,-438,635.17,0.62826
806,310,-235,389.01,0.38477
807,48,-302,305.79,0.30246
808,-78,-365,373.24,0.36918
809,30,-328,329.37,0.32579
810,171,-171,241.83,0.23920
811,239,-40,242.32,0.23969
812,252,-155,295.85,0.29263
813,176,-243,300.04,0.29678
814,-243,-328,408.21,0.40377
815,-577,-398,700.95,0.69332
816,-552,-455,715.35,0.70757
817,38,-113,119.22,0.11792
818,382,174,419.76,0.41519
819,347,159,381.69,0.37754
820,146,-163,218.83,0.21645
821,90,-242,258.19,0.25538
822,21,-53,57.01,0.05639
823,-136,-46,143.57,0.14201
824,-73,0,73.00,0.07221
825,39,-230,233.28,0.23074
826,-33,-426,427.28,0.42263
827,-244,-397,465.99,0.46092
828,-335,-280,436.61,0.43186
829,-126,-10,126.40,0.12502
830,105,160,191.38,0.18929
831,181,52,188.32,0.18627
832,171,-22,172.41,0.17053
833,117,-14,117.83,0.11655
834,132,23,133.99,0.13253
835,68,-46,82.10,0.08120
836,86,-161,182.53,0.18054
837,-33,-348,349.56,0.34576
838,105,-588,597.30,0.59080
839,260,-505,568.00,0.56182
840,265,-232,352.21,0.34837
841,73,-170,185.01,0.18300
842,35,-112,117.34,0.11606
843,146,36,150.37,0.14874
844,109,136,174.29,0.17239
845,-300,-192,356.18,0.35230
846,-829,-503,969.66,0.95911
847,-938,-478,1052.77,1.04132
848,-310,-217,378.40,0.37429
# END
# FRAME,48,RX_TS,306283863423,FP_INDEX,749.9531,FP_INT,749,RXPACC,992,RXPWR,-71.45,FP_PWR,-88.12,STD_NOISE,48.00,NTM,13,NOISE_THRESH,624.00,PEAK_IDX,755,PEAK_AMPL,17606,START,699,elapsed_s,4.7004
sample,real,imag,amplitude,amplitude_norm
699,96,173,197.85,0.19945
700,67,174,186.45,0.18796
701,26,75,79.38,0.08002
702,37,-9,38.08,0.03839
703,181,100,206.79,0.20845
704,109,235,259.05,0.26114
705,43,115,122.78,0.12377
706,-25,101,104.05,0.10489
707,-8,63,63.51,0.06402
708,83,124,149.21,0.15042
709,132,40,137.93,0.13904
710,0,-45,45.00,0.04536
711,76,-4,76.11,0.07672
712,97,-13,97.87,0.09866
713,122,77,144.27,0.14543
714,-18,74,76.16,0.07677
715,53,22,57.38,0.05785
716,101,88,133.96,0.13504
717,144,148,206.49,0.20816
718,210,223,306.32,0.30879
719,194,329,381.94,0.38502
720,110,343,360.21,0.36311
721,-78,86,116.10,0.11704
722,-63,-215,224.04,0.22585
723,35,-317,318.93,0.32150
724,169,-159,232.04,0.23391
725,190,206,280.24,0.28250
726,155,205,257.00,0.25907
727,81,124,148.11,0.14931
728,142,95,170.85,0.17223
729,133,30,136.34,0.13744
730,127,62,141.33,0.14247
731,154,93,179.90,0.18135
732,69,121,139.29,0.14041
733,58,109,123.47,0.12447
734,79,52,94.58,0.09534
735,91,94,130.83,0.13189
736,81,190,206.55,0.20821
737,41,269,272.11,0.27430
738,8,126,126.25,0.12727
739,12,79,79.91,0.08055
740,142,63,155.35,0.15660
741,227,113,253.57,0.25562
742,233,117,260.73,0.26283
743,85,180,199.06,0.20067
744,111,67,129.65,0.13070
745,62,90,109.29,0.11017
746,64,117,133.36,0.13444
747,90,124,153.22,0.15445
748,133,189,231.11,0.23297
749,-481,1635,1704.28,1.71803
750,-4079,6615,7771.52,7.83419
751,-9998,10665,14618.56,14.73645
752,-10419,4267,11258.90,11.34970
753,2519,-8754,9109.22,9.18268
754,13640,-10726,17352.14,17.49207
755,16416,-5061,17178.44,17.31697
756,9909,1740,10060.61,10.14174
757,-1099,2889,3090.97,3.11590
758,-2860,-565,2915.27,2.93878
759,572,-1364,1479.08,1.49101
760,2065,402,2103.77,2.12073
761,691,1150,1341.63,1.35245
762,-625,449,769.56,0.77577
763,-625,344,713.42,0.71917
764,-369,777,860.17,0.86711
765,-467,786,914.27,0.92164
766,-670,332,747.75,0.75378
767,-547,172,573.40,0.57803
768,-89,252,267.25,0.26941
769,82,224,238.54,0.24046
770,-38,122,127.78,0.12881
771,-72,142,159.21,0.16049
772,-47,607,608.82,0.61373
773,-523,726,894.77,0.90198
774,-1192,51,1193.09,1.20271
775,-1303,-846,1553.55,1.56608
776,-592,-688,907.64,0.91496
777,-70,202,213.78,0.21551
778,-79,718,722.33,0.72816
779,19,619,619.29,0.62429
780,292,576,645.79,0.65099
781,280,753,803.37,0.80985
782,-121,581,593.47,0.59825
783,-166,-27,168.18,0.16954
784,-23,-298,298.89,0.30130
785,-50,-324,327.84,0.33048
786,-83,-22,85.87,0.08656
787,-101,253,272.42,0.27461
788,-80,506,512.29,0.51642
789,52,440,443.06,0.44664
790,76,291,300.76,0.30319
791,-263,42,266.33,0.26848
792,-690,-272,741.68,0.74766
793,-568,-423,708.20,0.71392
794,-158,-279,320.63,0.32322
795,392,-141,416.59,0.41995
796,448,164,477.07,0.48092
797,-42,475,476.85,0.48070
798,-725,413,834.38,0.84111
799,-390,-43,392.36,0.39553
800,710,-105,717.72,0.72351
801,1102,722,1317.46,1.32808
802,201,1242,1258.16,1.26831
803,-746,588,949.87,0.95753
804,-633,-484,796.83,0.80326
805,1,-696,696.00,0.70161
806,283,-227,362.79,0.36572
807,205,92,224.70,0.22651
808,30,127,130.50,0.13155
809,53,127,137.62,0.13873
810,-100,264,282.30,0.28458
811,-135,130,187.42,0.18893
812,108,-42,115.88,0.11681
813,362,49,365.30,0.36825
814,190,28,192.05,0.19360
815,-199,-379,428.07,0.43152
816,-229,-848,878.38,0.88546
817,75,-471,476.93,0.48078
818,358,237,429.34,0.43280
819,336,673,752.21,0.75828
820,140,499,518.27,0.52245
821,-141,-85,164.64,0.16597
822,-61,-162,173.10,0.17450
823,79,188,203.92,0.20557
824,139,411,433.87,0.43737
825,52,239,244.59,0.24656
826,-7,56,56.44,0.05689
827,-150,-42,155.77,0.15703
828,-161,171,234.87,0.23676
829,-118,304,326.10,0.32873
830,-28,302,303.30,0.30574
831,91,62,110.11,0.11100
832,176,24,177.63,0.17906
833,207,218,300.62,0.30305
834,193,372,419.09,0.42247
835,26,358,358.94,0.36184
836,-143,179,229.11,0.23095
837,-105,-25,107.94,0.10881
838,80,-126,149.25,0.15046
839,212,-222,306.97,0.30944
840,285,-28,286.37,0.28868
841,68,40,78.89,0.07953
842,-125,-20,126.59,0.12761
843,-38,12,39.85,0.04017
844,226,123,257.30,0.25938
845,224,134,261.02,0.26313
846,-282,-191,340.60,0.34334
847,-802,-712,1072.45,1.08110
848,-295,-717,775.32,0.78157
# END
# FRAME,49,RX_TS,312673656209,FP_INDEX,750.1719,FP_INT,750,RXPACC,946,RXPWR,-68.87,FP_PWR,-76.09,STD_NOISE,60.00,NTM,13,NOISE_THRESH,780.00,PEAK_IDX,752,PEAK_AMPL,18141,START,700,elapsed_s,4.8105
sample,real,imag,amplitude,amplitude_norm
700,139,114,179.77,0.19003
701,81,187,203.79,0.21542
702,192,131,232.43,0.24570
703,164,157,227.04,0.23999
704,57,53,77.83,0.08228
705,114,-20,115.74,0.12235
706,145,36,149.40,0.15793
707,77,102,127.80,0.13510
708,41,158,163.23,0.17255
709,63,98,116.50,0.12315
710,78,91,119.85,0.12670
711,65,106,124.34,0.13144
712,126,52,136.31,0.14409
713,171,133,216.63,0.22900
714,195,83,211.93,0.22403
715,52,90,103.94,0.10988
716,65,64,91.22,0.09643
717,171,-40,175.62,0.18564
718,139,-16,139.92,0.14790
719,-207,-20,207.96,0.21984
720,-319,-23,319.83,0.33808
721,-185,-27,186.96,0.19763
722,132,173,217.61,0.23003
723,218,373,432.03,0.45670
724,44,178,183.36,0.19382
725,96,-79,124.33,0.13142
726,189,-40,193.19,0.20421
727,240,127,271.53,0.28703
728,47,160,166.76,0.17628
729,16,109,110.17,0.11646
730,129,77,150.23,0.15881
731,107,124,163.78,0.17313
732,203,92,222.87,0.23560
733,196,73,209.15,0.22109
734,120,148,190.54,0.20141
735,119,93,151.03,0.15965
736,68,69,96.88,0.10241
737,116,78,139.79,0.14776
738,208,123,241.65,0.25544
739,209,130,246.13,0.26018
740,72,63,95.67,0.10113
741,99,40,106.78,0.11287
742,120,60,134.16,0.14182
743,96,99,137.90,0.14577
744,106,178,207.17,0.21900
745,71,103,125.10,0.13224
746,57,82,99.86,0.10557
747,86,28,90.44,0.09561
748,82,2,82.02,0.08671
749,451,-852,964.00,1.01903
750,2828,-6672,7246.60,7.66025
751,6135,-14642,15875.34,16.78154
752,6757,-16414,17750.39,18.76363
753,2814,-12561,12872.35,13.60713
754,-8767,4062,9662.30,10.21385
755,-12562,9066,15491.81,16.37612
756,-6318,786,6366.70,6.73013
757,3368,-4127,5326.87,5.63094
758,3925,253,3933.15,4.15766
759,-904,3767,3873.95,4.09509
760,-2732,1580,3155.98,3.33613
761,-833,-999,1300.73,1.37498
762,533,-364,645.43,0.68228
763,478,806,937.08,0.99057
764,250,915,948.54,1.00268
765,494,397,633.75,0.66993
766,902,289,947.17,1.00123
767,693,515,863.41,0.91269
768,418,398,577.17,0.61012
769,157,284,324.51,0.34303
770,156,663,681.11,0.71998
771,186,922,940.57,0.99426
772,234,718,755.17,0.79828
773,393,465,608.83,0.64358
774,809,629,1024.75,1.08325
775,1224,1213,1723.24,1.82160
776,973,1325,1643.88,1.73772
777,562,805,981.77,1.03781
778,496,424,652.53,0.68978
779,365,639,735.90,0.77790
780,-106,603,612.25,0.64719
781,-451,128,468.81,0.49557
782,-355,-23,355.74,0.37605
783,-249,148,289.66,0.30620
784,-333,325,465.31,0.49187
785,-619,430,753.70,0.79672
786,-126,561,574.98,0.60780
787,417,494,646.47,0.68337
788,604,496,781.56,0.82617
789,179,153,235.48,0.24892
790,-204,-37,207.33,0.21916
791,-376,315,490.51,0.51851
792,-636,1065,1240.45,1.31126
793,-729,1259,1454.83,1.53787
794,-605,856,1048.22,1.10805
795,-397,330,516.25,0.54571
796,55,270,275.54,0.29127
797,543,612,818.16,0.86487
798,888,913,1273.62,1.34632
799,544,1106,1232.55,1.30290
800,-368,838,915.24,0.96749
801,-593,74,597.60,0.63171
802,163,-408,439.36,0.46443
803,869,62,871.21,0.92094
804,682,955,1173.52,1.24051
805,64,1257,1258.63,1.33047
806,-311,864,918.27,0.97069
807,-181,554,582.82,0.61609
808,-153,358,389.32,0.41155
809,-174,173,245.37,0.25937
810,-55,47,72.35,0.07648
811,183,247,307.41,0.32495
812,19,557,557.32,0.58914
813,-402,422,582.83,0.61610
814,-67,101,121.20,0.12812
815,705,181,727.86,0.76941
816,1014,499,1130.13,1.19464
817,766,945,1216.46,1.28590
818,-163,734,751.88,0.79480
819,-355,296,462.21,0.48860
820,-92,555,562.57,0.59469
821,18,1031,1031.16,1.09002
822,-273,837,880.40,0.93065
823,-246,286,377.24,0.39878
824,50,43,65.95,0.06971
825,317,184,366.53,0.38745
826,291,377,476.25,0.50343
827,396,454,602.44,0.63683
828,521,419,668.58,0.70675
829,347,362,501.45,0.53007
830,-15,439,439.26,0.46433
831,-254,498,559.03,0.59095
832,-119,472,486.77,0.51456
833,-39,257,259.94,0.27478
834,69,25,73.39,0.07758
835,137,125,185.46,0.19604
836,126,287,313.44,0.33133
837,104,391,404.59,0.42769
838,24,487,487.59,0.51542
839,-49,656,657.83,0.69538
840,-30,588,588.76,0.62237
841,58,427,430.92,0.45552
842,160,496,521.17,0.55092
843,19,507,507.36,0.53632
844,-257,407,481.35,0.50883
845,-287,416,505.40,0.53425
846,242,603,649.75,0.68684
847,994,757,1249.43,1.32075
848,1179,590,1318.39,1.39364
849,762,436,877.92,0.92803
# END
# FRAME,50,RX_TS,319063448950,FP_INDEX,749.6562,FP_INT,749,RXPACC,1004,RXPWR,-70.23,FP_PWR,-79.80,STD_NOISE,80.00,NTM,13,NOISE_THRESH,1040.00,PEAK_IDX,754,PEAK_AMPL,17670,START,699,elapsed_s,4.8798
sample,real,imag,amplitude,amplitude_norm
699,47,164,170.60,0.16992
700,21,156,157.41,0.15678
701,179,94,202.18,0.20138
702,170,174,243.26,0.24229
703,67,167,179.94,0.17922
704,1,110,110.00,0.10957
705,-16,113,114.13,0.11367
706,61,149,161.00,0.16036
707,137,162,212.16,0.21132
708,163,39,167.60,0.16693
709,60,105,120.93,0.12045
710,83,150,171.43,0.17075
711,119,147,189.13,0.18838
712,137,106,173.22,0.17253
713,159,92,183.70,0.18297
714,119,135,179.96,0.17924
715,32,138,141.66,0.14110
716,41,146,151.65,0.15104
717,0,29,29.00,0.02888
718,-64,204,213.80,0.21295
719,-185,393,434.37,0.43264
720,-133,457,475.96,0.47406
721,115,336,355.14,0.35372
722,426,77,432.90,0.43118
723,373,105,387.50,0.38595
724,-7,121,121.20,0.12072
725,-202,139,245.20,0.24423
726,-55,26,60.84,0.06059
727,157,110,191.70,0.19094
728,117,146,187.10,0.18635
729,61,268,274.85,0.27376
730,48,155,162.26,0.16162
731,3,68,68.07,0.06779
732,107,44,115.69,0.11523
733,190,58,198.66,0.19786
734,156,100,185.30,0.18456
735,64,192,202.39,0.20158
736,47,185,190.88,0.19012
737,104,73,127.06,0.12656
738,163,26,165.06,0.16440
739,175,53,182.85,0.18212
740,93,201,221.47,0.22059
741,49,253,257.70,0.25667
742,75,134,153.56,0.15295
743,99,102,142.14,0.14158
744,204,55,211.28,0.21044
745,109,53,121.20,0.12072
746,160,106,191.93,0.19116
747,96,175,199.60,0.19881
748,-97,73,121.40,0.12092
749,-2110,-2092,2971.29,2.95945
750,-9181,-9244,13028.52,12.97661
751,-12981,-12805,18233.88,18.16124
752,-13658,-10507,17231.89,17.16324
753,-5272,5112,7343.47,7.31421
754,5464,16400,17286.28,17.21741
755,4226,11234,12002.58,11.95476
756,-2052,-3457,4020.14,4.00413
757,-1945,-7012,7276.76,7.24776
758,2037,-364,2069.27,2.06102
759,2452,3225,4051.29,4.03515
760,200,1450,1463.73,1.45790
761,-626,-263,679.00,0.67630
762,426,-8,426.08,0.42438
763,1280,314,1317.95,1.31270
764,1200,-95,1203.75,1.19896
765,826,-505,968.14,0.96429
766,754,-128,764.79,0.76174
767,881,472,999.47,0.99549
768,856,684,1095.72,1.09135
769,978,563,1128.47,1.12398
770,1159,561,1287.63,1.28250
771,928,762,1200.76,1.19598
772,522,480,709.14,0.70632
773,695,-263,743.10,0.74014
774,1549,-729,1711.97,1.70515
775,1834,-405,1878.19,1.87070
776,964,-168,978.53,0.97463
777,156,-366,397.86,0.39627
778,247,-50,252.01,0.25101
779,608,1001,1171.18,1.16651
780,296,1679,1704.89,1.69810
781,213,1369,1385.47,1.37995
782,566,622,840.98,0.83763
783,717,322,785.99,0.78285
784,727,612,950.30,0.94652
785,1209,1104,1637.22,1.63070
786,873,344,938.33,0.93459
787,518,-11,518.12,0.51605
788,-6,114,114.16,0.11370
789,-338,662,743.30,0.74033
790,160,1070,1081.90,1.07759
791,1188,923,1504.42,1.49842
792,1729,606,1832.12,1.82482
793,1221,731,1423.10,1.41743
794,514,1130,1241.41,1.23646
795,399,1277,1337.88,1.33255
796,625,694,933.95,0.93023
797,833,-282,879.44,0.87594
798,886,-503,1018.83,1.01477
799,669,233,708.41,0.70559
800,175,1024,1038.85,1.03471
801,-320,798,859.77,0.85634
802,-178,-90,199.46,0.19866
803,584,-434,727.61,0.72471
804,1061,280,1097.32,1.09295
805,885,1004,1338.37,1.33304
806,504,972,1094.90,1.09054
807,312,447,545.12,0.54295
808,374,27,374.97,0.37348
809,276,-31,277.74,0.27663
810,275,179,328.12,0.32682
811,478,438,648.33,0.64574
812,446,643,782.54,0.77942
813,226,478,528.73,0.52663
814,371,-336,500.54,0.49854
815,825,-725,1098.29,1.09392
816,1109,-613,1267.14,1.26209
817,725,111,733.45,0.73053
818,-179,434,469.46,0.46759
819,-35,437,438.40,0.43665
820,815,321,875.94,0.87245
821,956,544,1099.94,1.09556
822,568,667,876.08,0.87259
823,439,574,722.63,0.71975
824,503,281,576.17,0.57387
825,568,-15,568.20,0.56593
826,510,-143,529.67,0.52756
827,436,-147,460.11,0.45828
828,314,-64,320.46,0.31918
829,267,110,288.77,0.28762
830,411,445,605.76,0.60335
831,427,547,693.93,0.69116
832,188,336,385.02,0.38349
833,-49,212,217.59,0.21672
834,-96,147,175.57,0.17487
835,193,121,227.79,0.22689
836,513,167,539.50,0.53735
837,635,229,675.03,0.67234
838,522,271,588.15,0.58581
839,358,361,508.41,0.50639
840,349,381,516.68,0.51463
841,448,225,501.33,0.49933
842,424,241,487.71,0.48576
843,322,300,440.10,0.43834
844,295,435,525.59,0.52350
845,538,404,672.80,0.67012
846,940,-115,947.01,0.94324
847,957,-666,1165.94,1.16129
848,707,-777,1050.51,1.04633
# END
# FRAME,51,RX_TS,325453241685,FP_INDEX,750.0156,FP_INT,750,RXPACC,974,RXPWR,-70.30,FP_PWR,-81.82,STD_NOISE,64.00,NTM,13,NOISE_THRESH,832.00,PEAK_IDX,754,PEAK_AMPL,16986,START,700,elapsed_s,4.9962
sample,real,imag,amplitude,amplitude_norm
700,72,166,180.94,0.18577
701,119,56,131.52,0.13503
702,166,49,173.08,0.17770
703,84,80,116.00,0.11910
704,36,87,94.15,0.09667
705,121,130,177.60,0.18234
706,90,82,121.75,0.12500
707,103,113,152.90,0.15698
708,72,16,73.76,0.07573
709,82,-62,102.80,0.10554
710,123,62,137.74,0.14142
711,114,116,162.64,0.16698
712,44,101,110.17,0.11311
713,51,122,132.23,0.13576
714,118,55,130.19,0.13366
715,51,67,84.20,0.08645
716,55,166,174.87,0.17954
717,62,239,246.91,0.25350
718,8,298,298.11,0.30607
719,-22,450,450.54,0.46256
720,-25,503,503.62,0.51706
721,136,132,189.53,0.19458
722,379,-221,438.73,0.45044
723,311,-122,334.07,0.34299
724,-17,235,235.61,0.24190
725,-64,265,272.62,0.27990
726,66,99,118.98,0.12216
727,275,68,283.28,0.29084
728,267,152,307.23,0.31544
729,176,174,247.49,0.25410
730,73,136,154.35,0.15847
731,54,140,150.05,0.15406
732,88,185,204.86,0.21033
733,94,106,141.68,0.14546
734,51,100,112.25,0.11525
735,43,100,108.85,0.11176
736,102,145,177.28,0.18201
737,94,97,135.07,0.13868
738,1,59,59.01,0.06058
739,-15,75,76.49,0.07853
740,131,131,185.26,0.19021
741,151,219,266.01,0.27311
742,29,135,138.08,0.14177
743,-33,44,55.00,0.05647
744,96,114,149.04,0.15302
745,183,125,221.62,0.22753
746,153,160,221.38,0.22729
747,70,126,144.14,0.14799
748,-47,142,149.58,0.15357
749,-1430,234,1449.02,1.48770
750,-8881,-27,8881.04,9.11811
751,-16417,-1319,16469.90,16.90955
752,-15463,-2160,15613.13,16.02991
753,2037,1813,2726.97,2.79976
754,15481,6445,16769.00,17.21663
755,11425,6594,13191.34,13.54347
756,-3377,817,3474.42,3.56717
757,-7411,-2251,7745.32,7.95207
758,519,125,533.84,0.54809
759,4965,2027,5362.83,5.50599
760,2054,784,2198.54,2.25723
761,-839,-608,1036.14,1.06380
762,-273,-353,446.25,0.45816
763,943,181,960.21,0.98585
764,642,-224,679.96,0.69811
765,-114,-823,830.86,0.85304
766,-28,-576,576.68,0.59207
767,484,179,516.04,0.52981
768,553,408,687.22,0.70557
769,291,-144,324.68,0.33335
770,221,-441,493.28,0.50644
771,-145,-103,177.86,0.18261
772,-1222,179,1235.04,1.26801
773,-1593,-425,1648.72,1.69273
774,-327,-1103,1150.45,1.18116
775,933,-802,1230.32,1.26316
776,721,-59,723.41,0.74272
777,-7,-75,75.33,0.07734
778,365,-500,619.05,0.63558
779,1034,-105,1039.32,1.06706
780,1026,661,1220.49,1.25307
781,837,874,1210.14,1.24245
782,1036,545,1170.61,1.20186
783,797,300,851.59,0.87432
784,558,430,704.46,0.72326
785,566,212,604.40,0.62053
786,317,-216,383.59,0.39383
787,-20,-211,211.95,0.21760
788,-390,383,546.62,0.56121
789,-268,939,976.50,1.00256
790,390,854,938.84,0.96390
791,1398,-44,1398.69,1.43603
792,1789,-912,2008.05,2.06165
793,1180,-862,1461.32,1.50032
794,522,-106,532.65,0.54687
795,678,392,783.17,0.80407
796,1275,138,1282.45,1.31668
797,1148,-509,1255.78,1.28930
798,410,-579,709.47,0.72840
799,32,-79,85.23,0.08751
800,296,549,623.71,0.64036
801,197,684,711.80,0.73080
802,-279,179,331.48,0.34033
803,-198,-445,487.06,0.50006
804,500,-586,770.32,0.79089
805,1009,2,1009.00,1.03594
806,807,445,921.56,0.94616
807,468,231,521.91,0.53584
808,378,-91,388.80,0.39918
809,307,-178,354.87,0.36434
810,144,-123,189.38,0.19444
811,192,-59,200.86,0.20622
812,478,98,487.94,0.50097
813,409,306,510.80,0.52444
814,-61,210,218.68,0.22452
815,-72,-435,440.92,0.45269
816,329,-912,969.53,0.99541
817,705,-535,885.01,0.90864
818,409,176,445.26,0.45715
819,207,194,283.70,0.29127
820,483,-196,521.25,0.53517
821,756,-8,756.04,0.77622
822,577,423,715.44,0.73454
823,407,386,560.93,0.57591
824,251,40,254.17,0.26095
825,391,-85,400.13,0.41081
826,459,-272,533.54,0.54778
827,407,-455,610.47,0.62677
828,190,-430,470.11,0.48266
829,10,-153,153.33,0.15742
830,28,253,254.54,0.26134
831,380,328,501.98,0.51538
832,393,104,406.53,0.41738
833,208,133,246.89,0.25348
834,44,197,201.85,0.20724
835,42,193,197.52,0.20279
836,74,81,109.71,0.11264
837,272,-10,272.18,0.27945
838,370,70,376.56,0.38662
839,347,243,423.62,0.43493
840,322,353,477.80,0.49055
841,267,122,293.55,0.30139
842,233,52,238.73,0.24510
843,154,226,273.48,0.28078
844,248,383,456.28,0.46846
845,316,207,377.76,0.38785
846,393,-393,555.79,0.57062
847,279,-950,990.12,1.01655
848,203,-760,786.64,0.80764
849,148,354,383.69,0.39393
# END
# FRAME,52,RX_TS,331843034890,FP_INDEX,747.9687,FP_INT,747,RXPACC,1016,RXPWR,-70.17,FP_PWR,-78.77,STD_NOISE,76.00,NTM,13,NOISE_THRESH,988.00,PEAK_IDX,749,PEAK_AMPL,18023,START,697,elapsed_s,5.1294
sample,real,imag,amplitude,amplitude_norm
697,157,95,183.50,0.18061
698,112,69,131.55,0.12948
699,173,-14,173.57,0.17083
700,77,64,100.12,0.09855
701,19,108,109.66,0.10793
702,106,199,225.47,0.22192
703,102,148,179.74,0.17691
704,109,87,139.46,0.13727
705,36,20,41.18,0.04053
706,-13,91,91.92,0.09048
707,-1,121,121.00,0.11910
708,110,107,153.46,0.15104
709,248,82,261.20,0.25709
710,159,130,205.38,0.20215
711,104,131,167.26,0.16463
712,120,73,140.46,0.13825
713,138,4,138.06,0.13588
714,191,97,214.22,0.21085
715,174,219,279.71,0.27530
716,213,274,347.05,0.34159
717,479,303,566.79,0.55786
718,540,294,614.85,0.60516
719,238,143,277.66,0.27328
720,-120,-123,171.84,0.16913
721,-89,-129,156.72,0.15425
722,186,212,282.03,0.27759
723,215,372,429.66,0.42290
724,80,260,272.03,0.26775
725,150,10,150.33,0.14797
726,224,-10,224.22,0.22069
727,207,102,230.77,0.22713
728,102,20,103.94,0.10231
729,110,87,140.25,0.13804
730,145,123,190.14,0.18715
731,160,72,175.45,0.17269
732,106,93,141.01,0.13879
733,80,102,129.63,0.12759
734,64,85,106.40,0.10472
735,18,107,108.50,0.10679
736,39,123,129.03,0.12700
737,75,99,124.20,0.12225
738,259,30,260.73,0.25663
739,297,108,316.03,0.31105
740,218,81,232.56,0.22890
741,143,81,164.35,0.16176
742,54,105,118.07,0.11621
743,138,94,166.97,0.16434
744,144,110,181.21,0.17835
745,143,161,215.34,0.21195
746,106,233,255.98,0.25195
747,-309,1898,1922.99,1.89271
748,-2874,9497,9922.34,9.76609
749,-6783,16410,17756.61,17.47698
750,-9140,15400,17908.09,17.62607
751,-3852,2606,4650.71,4.57747
752,8763,-12019,14874.36,14.64012
753,11714,-8089,14235.51,14.01133
754,2546,4119,4842.34,4.76608
755,-5782,6624,8792.55,8.65408
756,-4185,-491,4213.70,4.14735
757,957,-3851,3968.13,3.90564
758,2815,-1135,3035.20,2.98740
759,1460,967,1751.20,1.72362
760,140,116,181.81,0.17895
761,142,-1085,1094.25,1.07702
762,203,-744,771.20,0.75905
763,-175,-21,176.26,0.17348
764,-305,-137,334.36,0.32909
765,184,-582,610.39,0.60078
766,564,-431,709.83,0.69865
767,338,-98,351.92,0.34638
768,51,-22,55.54,0.05467
769,47,1145,1145.96,1.12792
770,-127,3330,3332.42,3.27994
771,-486,3425,3459.31,3.40483
772,-380,277,470.24,0.46284
773,346,-2110,2138.18,2.10451
774,519,-1180,1289.09,1.26879
775,-234,566,612.46,0.60282
776,-758,194,782.43,0.77011
777,-121,-1242,1247.88,1.22823
778,907,-1551,1796.73,1.76844
779,1200,-992,1556.94,1.53242
780,824,-715,1090.96,1.07378
781,237,-512,564.19,0.55531
782,50,-458,460.72,0.45347
783,66,-789,791.76,0.77929
784,-49,-508,510.36,0.50232
785,168,-53,176.16,0.17339
786,654,469,804.78,0.79211
787,1068,429,1150.94,1.13282
788,798,-217,826.98,0.81395
789,-35,-1353,1353.45,1.33214
790,-803,-1985,2141.27,2.10755
791,-652,-1616,1742.57,1.71513
792,215,-653,687.48,0.67666
793,618,-444,760.96,0.74898
794,251,-868,903.56,0.88933
795,-217,-810,838.56,0.82536
796,-328,-263,420.42,0.41380
797,88,20,90.24,0.08882
798,869,-1,869.00,0.85532
799,946,51,947.37,0.93245
800,335,333,472.35,0.46491
801,-319,8,319.10,0.31408
802,-15,-821,821.14,0.80821
803,682,-1084,1280.70,1.26053
804,805,-689,1059.60,1.04291
805,392,-416,571.59,0.56259
806,200,-344,397.91,0.39165
807,145,-263,300.32,0.29559
808,80,-170,187.88,0.18492
809,139,-239,276.48,0.27213
810,569,-360,673.32,0.66272
811,830,-169,847.03,0.83369
812,273,233,358.91,0.35326
813,-520,19,520.35,0.51215
814,-897,-595,1076.40,1.05945
815,-323,-1029,1078.50,1.06152
816,373,-289,471.86,0.46443
817,297,170,342.21,0.33682
818,164,-127,207.42,0.20416
819,502,-677,842.81,0.82954
820,868,-669,1095.89,1.07864
821,692,-452,826.54,0.81352
822,439,-300,531.72,0.52334
823,383,-277,472.67,0.46523
824,217,-367,426.35,0.41964
825,-133,-429,449.14,0.44207
826,-376,-284,471.20,0.46378
827,-247,19,247.73,0.24383
828,270,7,270.09,0.26584
829,601,-141,617.32,0.60760
830,516,-167,542.35,0.53381
831,334,50,337.72,0.33240
832,352,178,394.45,0.38823
833,359,130,381.81,0.37580
834,266,-126,294.33,0.28970
835,202,-322,380.12,0.37413
836,296,-294,417.20,0.41063
837,425,-264,500.32,0.49244
838,458,-196,498.18,0.49033
839,161,-179,240.75,0.23696
840,72,-178,192.01,0.18899
841,208,-68,218.83,0.21539
842,532,41,533.58,0.52517
843,519,-168,545.51,0.53692
844,-83,-411,419.30,0.41269
845,-783,-483,919.99,0.90550
846,-772,-461,899.17,0.88501
# END
# FRAME,53,RX_TS,338232827538,FP_INDEX,746.8437,FP_INT,746,RXPACC,920,RXPWR,-69.87,FP_PWR,-77.99,STD_NOISE,56.00,NTM,13,NOISE_THRESH,728.00,PEAK_IDX,748,PEAK_AMPL,16448,START,696,elapsed_s,5.1834
sample,real,imag,amplitude,amplitude_norm
696,144,71,160.55,0.17451
697,42,109,116.81,0.12697
698,-34,162,165.53,0.17992
699,-30,51,59.17,0.06431
700,83,51,97.42,0.10589
701,150,84,171.92,0.18687
702,152,93,178.19,0.19369
703,102,143,175.65,0.19092
704,155,114,192.41,0.20914
705,244,235,338.76,0.36822
706,223,295,369.80,0.40196
707,42,168,173.17,0.18823
708,-39,7,39.62,0.04307
709,132,31,135.59,0.14738
710,164,146,219.57,0.23867
711,84,184,202.27,0.21986
712,-12,19,22.47,0.02443
713,28,46,53.85,0.05853
714,86,-4,86.09,0.09358
715,264,-31,265.81,0.28893
716,114,-287,308.81,0.33567
717,91,-325,337.50,0.36685
718,33,-38,50.33,0.05471
719,-121,345,365.60,0.39740
720,-94,305,319.16,0.34691
721,141,78,161.14,0.17515
722,318,-94,331.60,0.36044
723,212,-2,212.01,0.23045
724,34,129,133.41,0.14501
725,40,183,187.32,0.20361
726,-9,36,37.11,0.04033
727,8,8,11.31,0.01230
728,100,21,102.18,0.11107
729,59,-1,59.01,0.06414
730,36,106,111.95,0.12168
731,46,157,163.60,0.17783
732,11,135,135.45,0.14723
733,73,85,112.04,0.12179
734,143,46,150.22,0.16328
735,208,94,228.25,0.24810
736,116,93,148.68,0.16161
737,55,13,56.52,0.06143
738,41,-37,55.23,0.06003
739,152,45,158.52,0.17231
740,125,143,189.93,0.20645
741,98,100,140.01,0.15219
742,98,72,121.61,0.13218
743,102,112,151.49,0.16466
744,67,108,127.09,0.13815
745,220,115,248.24,0.26983
746,1928,-246,1943.63,2.11264
747,9897,-1093,9957.17,10.82301
748,16405,-481,16412.05,17.83919
749,16102,1267,16151.77,17.55627
750,2510,840,2646.83,2.87699
751,-13244,-3097,13601.28,14.78400
752,-10370,-5314,11652.27,12.66552
753,2589,-1921,3223.84,3.50418
754,6796,1945,7068.85,7.68353
755,682,1997,2110.24,2.29374
756,-3583,5,3583.00,3.89457
757,-2126,-835,2284.10,2.48271
758,-4,-351,351.02,0.38155
759,-124,142,188.52,0.20491
760,-864,248,898.89,0.97705
761,-589,304,662.83,0.72046
762,-27,694,694.53,0.75492
763,-162,865,880.04,0.95656
764,-591,423,726.78,0.78998
765,-480,-64,484.25,0.52636
766,-36,-61,70.83,0.07699
767,298,-53,302.68,0.32900
768,1221,-1035,1600.65,1.73983
769,2738,-2037,3412.63,3.70938
770,2299,-698,2402.62,2.61155
771,-539,1626,1713.01,1.86197
772,-2417,2021,3150.61,3.42457
773,-1239,442,1315.48,1.42987
774,532,-296,608.80,0.66174
775,509,296,588.81,0.64001
776,-714,661,972.99,1.05760
777,-1360,99,1363.60,1.48217
778,-1215,-305,1252.70,1.36163
779,-836,-183,855.79,0.93021
780,-425,135,445.93,0.48470
781,-460,267,531.87,0.57812
782,-670,330,746.86,0.81180
783,-229,492,542.68,0.58987
784,162,255,302.11,0.32838
785,312,-360,476.39,0.51781
786,-75,-887,890.17,0.96757
787,-512,-608,794.86,0.86398
788,-749,638,983.89,1.06945
789,-710,1573,1725.81,1.87588
790,-561,1247,1367.38,1.48628
791,-600,377,708.61,0.77023
792,-906,252,940.39,1.02217
793,-998,619,1174.38,1.27650
794,-461,755,884.62,0.96154
795,140,418,440.82,0.47915
796,103,-36,109.11,0.11860
797,-431,-477,642.88,0.69878
798,-453,-579,735.15,0.79908
799,-14,-236,236.41,0.25697
800,22,364,364.66,0.39637
801,-599,653,886.12,0.96317
802,-990,301,1034.75,1.12472
803,-813,-38,813.89,0.88466
804,-382,-41,384.19,0.41760
805,-99,142,173.10,0.18816
806,-51,223,228.76,0.24865
807,-112,182,213.70,0.23228
808,-222,93,240.69,0.26162
809,-329,-264,421.83,0.45851
810,-215,-469,515.93,0.56080
811,8,-81,81.39,0.08847
812,101,682,689.44,0.74939
813,-150,1267,1275.85,1.38679
814,-617,1054,1221.31,1.32751
815,-351,52,354.83,0.38569
816,-212,-152,260.86,0.28354
817,-569,108,579.16,0.62952
818,-1085,266,1117.13,1.21427
819,-940,-37,940.73,1.02253
820,-607,-94,614.24,0.66765
821,-313,-17,313.46,0.34072
822,-343,176,385.52,0.41904
823,-286,385,479.61,0.52131
824,-100,584,592.50,0.64402
825,191,622,650.67,0.70724
826,186,392,433.89,0.47162
827,-104,17,105.38,0.11454
828,-401,-51,404.23,0.43938
829,-476,20,476.42,0.51785
830,-216,-68,226.45,0.24614
831,-4,-272,272.03,0.29568
832,82,-191,207.86,0.22593
833,-13,75,76.12,0.08274
834,-207,268,338.63,0.36808
835,-318,115,338.16,0.36756
836,-353,-57,357.57,0.38867
837,-329,-121,350.55,0.38103
838,-233,159,282.08,0.30661
839,-122,269,295.37,0.32106
840,-93,105,140.26,0.15246
841,-183,-158,241.77,0.26279
842,-252,53,257.51,0.27991
843,-159,678,696.39,0.75695
844,58,1011,1012.66,1.10072
845,35,878,878.70,0.95511
# END
# FRAME,54,RX_TS,344622620154,FP_INDEX,751.8437,FP_INT,751,RXPACC,940,RXPWR,-69.90,FP_PWR,-78.51,STD_NOISE,60.00,NTM,13,NOISE_THRESH,780.00,PEAK_IDX,753,PEAK_AMPL,16804,START,701,elapsed_s,5.3033
sample,real,imag,amplitude,amplitude_norm
701,68,195,206.52,0.21970
702,22,189,190.28,0.20242
703,51,130,139.65,0.14856
704,134,75,153.56,0.16336
705,121,46,129.45,0.13771
706,117,183,217.20,0.23107
707,77,143,162.41,0.17278
708,-16,47,49.65,0.05282
709,-15,-27,30.89,0.03286
710,-55,-2,55.04,0.05855
711,-41,27,49.09,0.05223
712,139,150,204.50,0.21756
713,235,218,320.54,0.34101
714,160,105,191.38,0.20359
715,57,-4,57.14,0.06079
716,132,40,137.93,0.14673
717,170,130,214.01,0.22767
718,136,156,206.96,0.22017
719,52,135,144.67,0.15390
720,125,240,270.60,0.28787
721,54,466,469.12,0.49906
722,109,443,456.21,0.48533
723,159,17,159.91,0.17011
724,233,-235,330.93,0.35205
725,211,-71,222.63,0.23684
726,45,258,261.90,0.27861
727,-139,239,276.48,0.29413
728,38,65,75.29,0.08010
729,133,3,133.03,0.14153
730,205,149,253.43,0.26960
731,158,90,181.84,0.19344
732,86,34,92.48,0.09838
733,184,67,195.82,0.20832
734,163,110,196.64,0.20920
735,80,115,140.09,0.14903
736,63,45,77.42,0.08236
737,65,30,71.59,0.07616
738,62,130,144.03,0.15322
739,48,161,168.00,0.17873
740,57,158,167.97,0.17869
741,83,149,170.56,0.18144
742,110,175,206.70,0.21989
743,129,143,192.59,0.20488
744,38,108,114.49,0.12180
745,110,127,168.01,0.17874
746,119,78,142.28,0.15137
747,87,126,153.12,0.16289
748,76,83,112.54,0.11972
749,125,120,173.28,0.18434
750,-52,107,118.97,0.12656
751,-1928,522,1997.42,2.12491
752,-9946,1662,10083.91,10.72756
753,-16409,1332,16462.97,17.51380
754,-15547,-836,15569.46,16.56326
755,876,-2088,2264.31,2.40885
756,15497,369,15501.39,16.49084
757,11518,3000,11902.28,12.66200
758,-2873,1890,3438.93,3.65843
759,-6778,-742,6818.49,7.25372
760,236,-1302,1323.22,1.40768
761,4054,-1,4054.00,4.31277
762,1790,962,2032.13,2.16184
763,-307,836,890.59,0.94743
764,424,269,502.13,0.53418
765,1341,-57,1342.21,1.42788
766,770,-260,812.71,0.86459
767,-132,-399,420.27,0.44709
768,11,-258,258.23,0.27472
769,593,196,624.55,0.66442
770,641,401,756.10,0.80436
771,251,92,267.33,0.28439
772,-49,240,244.95,0.26059
773,-974,1621,1891.12,2.01182
774,-2238,2782,3570.46,3.79836
775,-1789,1349,2240.61,2.38363
776,799,-1416,1625.87,1.72965
777,2302,-1929,3003.37,3.19508
778,1121,-277,1154.72,1.22842
779,-595,398,715.84,0.76153
780,-509,-318,600.17,0.63848
781,778,-660,1020.24,1.08536
782,1406,-37,1406.49,1.49626
783,1097,338,1147.89,1.22116
784,741,155,757.04,0.80536
785,517,-137,534.84,0.56898
786,585,-173,610.04,0.64898
787,628,-165,649.31,0.69076
788,321,-75,329.65,0.35069
789,21,142,143.54,0.15271
790,75,710,713.95,0.75952
791,400,1102,1172.35,1.24718
792,795,589,989.42,1.05257
793,1096,-712,1306.97,1.39039
794,997,-1594,1880.12,2.00013
795,687,-1230,1408.85,1.49878
796,618,-256,668.92,0.71162
797,988,46,989.07,1.05220
798,1211,-271,1240.95,1.32016
799,596,-467,757.17,0.80550
800,-142,-195,241.22,0.25662
801,-30,274,275.64,0.29323
802,582,865,1042.57,1.10912
803,535,945,1085.93,1.15525
804,149,416,441.88,0.47008
805,196,-296,355.01,0.37767
806,759,-452,883.39,0.93978
807,1105,0,1105.00,1.17553
808,972,235,1000.00,1.06383
809,538,99,547.03,0.58195
810,466,22,466.52,0.49630
811,317,123,340.03,0.36173
812,200,193,277.94,0.29568
813,306,208,370.00,0.39362
814,432,376,572.71,0.60927
815,400,547,677.65,0.72090
816,127,240,271.53,0.28886
817,-20,-443,443.45,0.47176
818,258,-1006,1038.56,1.10485
819,724,-631,960.38,1.02168
820,387,278,476.50,0.50692
821,386,444,588.33,0.62588
822,636,162,656.31,0.69820
823,947,131,956.02,1.01704
824,953,334,1009.83,1.07429
825,666,266,717.16,0.76293
826,347,110,364.02,0.38725
827,237,59,244.23,0.25982
828,317,-28,318.23,0.33855
829,226,-284,362.95,0.38612
830,53,-353,356.96,0.37974
831,-53,-56,77.10,0.08203
832,163,247,295.94,0.31483
833,389,364,532.74,0.56675
834,401,232,463.28,0.49285
835,314,170,357.07,0.37986
836,228,352,419.39,0.44616
837,166,368,403.71,0.42948
838,92,145,171.72,0.18268
839,171,-75,186.72,0.19864
840,420,31,421.14,0.44802
841,523,303,604.43,0.64301
842,438,329,547.80,0.58277
843,233,116,260.28,0.27689
844,151,123,194.76,0.20719
845,225,223,316.79,0.33701
846,363,310,477.36,0.50783
847,328,94,341.20,0.36298
848,263,-470,538.58,0.57296
849,95,-866,871.20,0.92680
850,245,-618,664.79,0.70723
# END
# FRAME,55,RX_TS,351012412761,FP_INDEX,748.9531,FP_INT,748,RXPACC,947,RXPWR,-70.19,FP_PWR,-78.12,STD_NOISE,64.00,NTM,13,NOISE_THRESH,832.00,PEAK_IDX,751,PEAK_AMPL,17177,START,698,elapsed_s,5.3892
sample,real,imag,amplitude,amplitude_norm
698,69,164,177.92,0.18788
699,103,130,165.86,0.17514
700,154,107,187.52,0.19802
701,133,92,161.72,0.17077
702,89,143,168.43,0.17786
703,-4,90,90.09,0.09513
704,27,51,57.71,0.06094
705,101,142,174.26,0.18401
706,51,79,94.03,0.09929
707,-13,-22,25.55,0.02698
708,-18,-13,22.20,0.02345
709,122,61,136.40,0.14403
710,154,87,176.88,0.18677
711,127,121,175.41,0.18523
712,28,121,124.20,0.13115
713,126,2,126.02,0.13307
714,116,13,116.73,0.12326
715,70,88,112.45,0.11874
716,74,168,183.58,0.19385
717,22,273,273.89,0.28921
718,-3,412,412.01,0.43507
719,23,472,472.56,0.49901
720,10,219,219.23,0.23150
721,301,-123,325.16,0.34336
722,324,-100,339.08,0.35806
723,129,65,144.45,0.15254
724,-115,192,223.81,0.23633
725,-9,151,151.27,0.15973
726,126,149,195.13,0.20605
727,181,129,222.27,0.23470
728,178,102,205.15,0.21664
729,125,132,181.79,0.19197
730,123,71,142.02,0.14997
731,156,33,159.45,0.16838
732,135,100,168.00,0.17741
733,189,61,198.60,0.20971
734,159,97,186.25,0.19668
735,47,84,96.25,0.10164
736,10,62,62.80,0.06632
737,94,112,146.22,0.15440
738,127,207,242.85,0.25645
739,84,224,239.23,0.25262
740,96,195,217.35,0.22951
741,59,123,136.42,0.14405
742,141,-10,141.35,0.14927
743,79,26,83.17,0.08782
744,54,85,100.70,0.10634
745,30,70,76.16,0.08042
746,105,70,126.19,0.13326
747,-4,98,98.08,0.10357
748,-1820,147,1825.93,1.92812
749,-9462,-233,9464.87,9.99458
750,-16326,-1564,16400.74,17.31863
751,-16409,-2695,16628.84,17.55949
752,-4051,859,4141.07,4.37283
753,12119,6915,13953.04,14.73394
754,11404,8477,14209.53,15.00478
755,244,3276,3285.07,3.46893
756,-4788,-2257,5293.30,5.58954
757,235,-1665,1681.50,1.77561
758,3826,1091,3978.51,4.20117
759,1764,1679,2435.31,2.57161
760,-496,554,743.59,0.78521
761,-33,-45,55.80,0.05893
762,912,-63,914.17,0.96534
763,740,-125,750.48,0.79248
764,-75,-450,456.21,0.48174
765,-110,-520,531.51,0.56125
766,362,-50,365.44,0.38589
767,325,391,508.43,0.53689
768,-113,255,278.92,0.29453
769,-308,88,320.32,0.33825
770,-1100,867,1400.60,1.47899
771,-2490,1692,3010.48,3.17896
772,-2137,881,2311.48,2.44084
773,493,-1054,1163.60,1.22872
774,2334,-1643,2854.30,3.01404
775,1229,-738,1433.56,1.51379
776,-906,-311,957.89,1.01150
777,-989,-776,1257.10,1.32745
778,293,-768,821.99,0.86800
779,847,-119,855.32,0.90319
780,534,374,651.94,0.68843
781,254,448,515.00,0.54382
782,344,328,475.31,0.50191
783,423,122,440.24,0.46488
784,732,-123,742.26,0.78380
785,488,-469,676.83,0.71471
786,106,-253,274.31,0.28966
787,-166,297,340.24,0.35928
788,65,1004,1006.10,1.06241
789,530,804,962.97,1.01687
790,989,-383,1060.57,1.11993
791,1160,-1423,1835.90,1.93865
792,1009,-1233,1593.23,1.68239
793,721,-439,844.13,0.89138
794,937,-203,958.74,1.01239
795,1210,-615,1357.32,1.43329
796,928,-720,1174.56,1.24029
797,101,-385,398.03,0.42030
798,-195,127,232.71,0.24573
799,297,655,719.19,0.75944
800,508,882,1017.83,1.07480
801,54,403,406.60,0.42936
802,17,-282,282.51,0.29832
803,571,-529,778.38,0.82195
804,961,-103,966.50,1.02060
805,752,270,799.00,0.84372
806,469,297,555.13,0.58620
807,339,160,374.86,0.39584
808,246,-7,246.10,0.25987
809,175,-71,188.85,0.19942
810,268,-41,271.12,0.28629
811,414,318,522.03,0.55125
812,263,650,701.19,0.74043
813,-67,436,441.12,0.46581
814,113,-374,390.70,0.41256
815,372,-854,931.50,0.98364
816,595,-609,851.41,0.89906
817,278,183,332.83,0.35145
818,149,477,499.73,0.52770
819,742,359,824.28,0.87042
820,1154,418,1227.37,1.29606
821,880,621,1077.05,1.13733
822,616,420,745.56,0.78728
823,425,194,467.18,0.49333
824,462,74,467.89,0.49407
825,403,-81,411.06,0.43407
826,323,-299,440.15,0.46478
827,205,-467,510.01,0.53856
828,31,-259,260.85,0.27545
829,90,44,100.18,0.10579
830,282,218,356.44,0.37639
831,348,212,407.49,0.43030
832,183,173,251.83,0.26592
833,80,296,306.62,0.32378
834,124,297,321.85,0.33986
835,247,82,260.26,0.27482
836,337,51,340.84,0.35991
837,345,140,372.32,0.39316
838,407,327,522.09,0.55131
839,466,238,523.26,0.55254
840,425,-10,425.12,0.44891
841,244,-11,244.25,0.25792
842,172,170,241.83,0.25537
843,209,411,461.09,0.48689
844,356,120,375.68,0.39671
845,347,-479,591.48,0.62458
846,205,-994,1014.92,1.07172
847,189,-889,908.87,0.95973
# END
# FRAME,56,RX_TS,357402205810,FP_INDEX,745.1250,FP_INT,745,RXPACC,1070,RXPWR,-71.17,FP_PWR,-80.67,STD_NOISE,56.00,NTM,13,NOISE_THRESH,728.00,PEAK_IDX,747,PEAK_AMPL,18894,START,695,elapsed_s,5.5013
sample,real,imag,amplitude,amplitude_norm
695,143,109,179.81,0.16804
696,87,220,236.58,0.22110
697,168,194,256.63,0.23984
698,102,28,105.77,0.09885
699,73,-19,75.43,0.07050
700,57,107,121.24,0.11330
701,100,171,198.09,0.18513
702,192,152,244.88,0.22886
703,263,97,280.32,0.26198
704,288,7,288.09,0.26924
705,89,109,140.72,0.13151
706,-27,166,168.18,0.15718
707,-9,195,195.21,0.18244
708,193,116,225.18,0.21045
709,178,142,227.70,0.21281
710,27,81,85.38,0.07980
711,39,74,83.65,0.07818
712,133,74,152.20,0.14224
713,104,-34,109.42,0.10226
714,-190,-151,242.70,0.22682
715,-314,-248,400.12,0.37395
716,-93,9,93.43,0.08732
717,320,423,530.40,0.49571
718,364,474,597.64,0.55854
719,115,126,170.59,0.15943
720,15,-140,140.80,0.13159
721,106,-19,107.69,0.10064
722,205,180,272.81,0.25496
723,157,294,333.29,0.31149
724,4,207,207.04,0.19349
725,44,137,143.89,0.13448
726,129,127,181.02,0.16918
727,45,113,121.63,0.11367
728,72,140,157.43,0.14713
729,105,174,203.23,0.18993
730,181,85,199.96,0.18688
731,161,94,186.43,0.17424
732,100,15,101.12,0.09450
733,91,84,123.84,0.11574
734,85,177,196.35,0.18351
735,-34,191,194.00,0.18131
736,-32,146,149.47,0.13969
737,56,106,119.88,0.11204
738,160,128,204.90,0.19150
739,128,126,179.61,0.16786
740,31,93,98.03,0.09162
741,26,12,28.64,0.02676
742,82,1,82.01,0.07664
743,199,51,205.43,0.19199
744,549,-1027,1164.53,1.08835
745,3286,-7705,8376.44,7.82845
746,7840,-15997,17814.87,16.64941
747,9649,-16397,19025.37,17.78072
748,3232,-4996,5950.28,5.56101
749,-10004,12048,15659.96,14.63548
750,-12088,11130,16431.57,15.35661
751,-2502,-505,2552.46,2.38547
752,5424,-5818,7954.17,7.43381
753,2687,140,2690.64,2.51462
754,-2025,4679,5098.40,4.76486
755,-2135,2625,3383.61,3.16226
756,-219,-313,382.01,0.35702
757,170,-120,208.09,0.19447
758,-370,1067,1129.33,1.05545
759,-131,1219,1226.02,1.14581
760,762,584,960.05,0.89724
761,1057,448,1148.02,1.07292
762,383,810,895.98,0.83737
763,-241,626,670.79,0.62690
764,-114,347,365.25,0.34135
765,245,112,269.39,0.25176
766,-160,-865,879.67,0.82212
767,-664,-2979,3052.10,2.85243
768,120,-3218,3220.24,3.00957
769,1481,307,1512.48,1.41354
770,1503,3187,3523.63,3.29311
771,494,2084,2141.75,2.00164
772,274,-587,647.80,0.60542
773,780,-832,1140.45,1.06584
774,700,621,935.76,0.87454
775,-43,1154,1154.80,1.07925
776,-521,466,699.00,0.65327
777,-435,-17,435.33,0.40685
778,-181,294,345.25,0.32266
779,-147,594,611.92,0.57189
780,-269,1052,1085.85,1.01481
781,331,758,827.12,0.77301
782,566,225,609.08,0.56924
783,168,-183,248.42,0.23217
784,-667,-226,704.25,0.65818
785,-593,256,645.90,0.60364
786,226,1272,1291.92,1.20740
787,1043,1945,2207.01,2.06262
788,919,1689,1922.83,1.79704
789,208,896,919.83,0.85965
790,-130,858,867.79,0.81102
791,115,1396,1400.73,1.30909
792,464,1303,1383.15,1.29266
793,492,563,747.69,0.69877
794,121,12,121.59,0.11364
795,-574,174,599.79,0.56055
796,-827,201,851.08,0.79540
797,-309,36,311.09,0.29074
798,450,212,497.44,0.46489
799,472,906,1021.58,0.95475
800,-171,1117,1130.01,1.05609
801,-549,764,940.80,0.87925
802,-162,561,583.92,0.54572
803,174,424,458.31,0.42833
804,38,377,378.91,0.35412
805,-63,223,231.73,0.21657
806,-113,362,379.23,0.35442
807,-293,429,519.51,0.48552
808,-474,237,529.95,0.49528
809,-320,-130,345.40,0.32280
810,446,171,477.66,0.44641
811,927,671,1144.36,1.06950
812,633,1055,1230.33,1.14984
813,-102,388,401.18,0.37494
814,-336,90,347.84,0.32509
815,-301,631,699.12,0.65338
816,-537,1053,1182.02,1.10469
817,-715,871,1126.88,1.05316
818,-441,512,675.74,0.63153
819,-50,430,432.90,0.40458
820,-5,453,453.03,0.42339
821,-6,455,455.04,0.42527
822,383,529,653.09,0.61037
823,714,494,868.23,0.81143
824,558,264,617.30,0.57692
825,0,225,225.00,0.21028
826,-280,354,451.35,0.42182
827,-238,447,506.41,0.47328
828,-157,292,331.53,0.30984
829,-310,-64,316.54,0.29583
830,-294,-183,346.30,0.32365
831,-40,101,108.63,0.10153
832,164,390,423.08,0.39540
833,75,428,434.52,0.40609
834,-168,512,538.86,0.50361
835,-198,411,456.21,0.42636
836,-29,342,343.23,0.32077
837,48,275,279.16,0.26090
838,-109,223,248.21,0.23198
839,-278,148,314.94,0.29434
840,-215,283,355.41,0.33216
841,390,507,639.65,0.59780
842,1141,645,1310.69,1.22494
843,1090,653,1270.63,1.18751
844,131,479,496.59,0.46410
# END
# FRAME,57,RX_TS,363791998354,FP_INDEX,750.1094,FP_INT,750,RXPACC,946,RXPWR,-71.00,FP_PWR,-78.90,STD_NOISE,120.00,NTM,13,NOISE_THRESH,1560.00,PEAK_IDX,752,PEAK_AMPL,17610,START,700,elapsed_s,6.1312
sample,real,imag,amplitude,amplitude_norm
700,47,59,75.43,0.07974
701,98,32,103.09,0.10898
702,85,89,123.07,0.13009
703,119,121,169.71,0.17940
704,108,26,111.09,0.11743
705,105,34,110.37,0.11667
706,110,60,125.30,0.13245
707,128,84,153.10,0.16184
708,239,-14,239.41,0.25308
709,247,-17,247.58,0.26172
710,130,73,149.09,0.15760
711,7,91,91.27,0.09648
712,46,99,109.17,0.11540
713,204,87,221.78,0.23444
714,131,46,138.84,0.14677
715,90,122,151.60,0.16026
716,66,151,164.79,0.17420
717,37,18,41.15,0.04349
718,-45,-44,62.94,0.06653
719,-238,-50,243.20,0.25708
720,-265,-40,268.00,0.28330
721,-49,-34,59.64,0.06305
722,283,266,388.39,0.41056
723,305,338,455.27,0.48126
724,171,151,228.13,0.24115
725,81,-151,171.35,0.18113
726,146,-84,168.44,0.17805
727,130,142,192.52,0.20351
728,71,281,289.83,0.30638
729,38,210,213.41,0.22559
730,79,122,145.34,0.15364
731,90,117,147.61,0.15604
732,60,147,158.77,0.16784
733,93,81,123.33,0.13037
734,190,42,194.59,0.20569
735,94,109,143.93,0.15215
736,19,72,74.46,0.07872
737,77,93,120.74,0.12763
738,197,100,220.93,0.23354
739,109,67,127.95,0.13525
740,-55,102,115.88,0.12250
741,0,65,65.00,0.06871
742,91,99,134.47,0.14215
743,166,33,169.25,0.17891
744,87,-1,87.01,0.09197
745,168,68,181.24,0.19159
746,187,94,209.30,0.22124
747,167,62,178.14,0.18831
748,128,-78,149.89,0.15845
749,232,-1325,1345.16,1.42194
750,1309,-7658,7769.07,8.21255
751,3326,-15405,15759.96,16.65958
752,4588,-16407,17036.41,18.00889
753,1409,-7211,7347.37,7.76677
754,-6066,9917,11625.11,12.28870
755,-7850,10969,13488.57,14.25853
756,-2189,-181,2196.47,2.32185
757,3025,-5810,6550.32,6.92423
758,1897,-876,2089.49,2.20877
759,-855,3156,3269.76,3.45641
760,-1259,1636,2064.36,2.18220
761,-259,-411,485.80,0.51353
762,74,97,122.00,0.12897
763,-10,1044,1044.05,1.10364
764,189,807,828.84,0.87615
765,724,116,733.23,0.77509
766,932,119,939.57,0.99320
767,369,640,738.76,0.78093
768,-267,515,580.10,0.61321
769,-202,99,224.96,0.23780
770,11,-109,109.55,0.11581
771,-590,-863,1045.40,1.10508
772,-1472,-2722,3094.52,3.27117
773,-726,-2910,2999.20,3.17040
774,971,-244,1001.19,1.05834
775,1531,2280,2746.34,2.90310
776,678,1714,1843.23,1.94844
777,330,-426,538.87,0.56963
778,820,-683,1067.19,1.12811
779,1018,533,1149.09,1.21469
780,289,1149,1184.79,1.25242
781,-283,748,799.75,0.84540
782,-384,454,594.62,0.62856
783,-328,473,575.60,0.60845
784,-221,549,591.81,0.62559
785,-104,763,770.06,0.81401
786,295,556,629.41,0.66534
787,422,160,451.31,0.47708
788,58,-139,150.62,0.15921
789,-529,-87,536.11,0.56671
790,-576,287,643.54,0.68028
791,404,829,922.20,0.97484
792,1398,1504,2053.39,2.17060
793,1348,1511,2024.90,2.14049
794,455,1067,1159.96,1.22618
795,108,833,839.97,0.88792
796,480,932,1048.34,1.10819
797,644,739,980.23,1.03619
798,484,221,532.07,0.56244
799,63,131,145.36,0.15366
800,-433,430,610.24,0.64507
801,-571,370,680.40,0.71924
802,-165,-59,175.23,0.18523
803,385,51,388.36,0.41053
804,435,728,848.06,0.89647
805,65,1166,1167.81,1.23447
806,-248,916,948.98,1.00315
807,-101,564,572.97,0.60568
808,27,294,295.24,0.31209
809,-24,177,178.62,0.18882
810,50,158,165.72,0.17518
811,122,317,339.67,0.35905
812,-111,398,413.19,0.43677
813,-427,227,483.59,0.51119
814,-239,-124,269.25,0.28462
815,456,110,469.08,0.49586
816,970,471,1078.30,1.13986
817,785,878,1177.76,1.24499
818,39,572,573.33,0.60605
819,-180,292,343.02,0.36260
820,104,613,621.76,0.65725
821,23,1003,1003.26,1.06053
822,-294,880,927.81,0.98077
823,-334,621,705.12,0.74537
824,-93,481,489.91,0.51787
825,70,457,462.33,0.48872
826,206,454,498.55,0.52701
827,422,440,609.66,0.64446
828,614,259,666.39,0.70443
829,524,64,527.89,0.55803
830,203,136,244.35,0.25829
831,-251,419,488.43,0.51631
832,-224,508,555.19,0.58689
833,-132,226,261.73,0.27666
834,-213,90,231.23,0.24443
835,-190,114,221.58,0.23422
836,-16,282,282.45,0.29858
837,231,370,436.19,0.46109
838,48,332,335.45,0.35460
839,-165,352,388.75,0.41094
840,-105,406,419.36,0.44330
841,69,437,442.41,0.46767
842,209,355,411.95,0.43547
843,41,224,227.72,0.24072
844,-229,171,285.80,0.30211
845,-138,350,376.22,0.39770
846,381,522,646.25,0.68314
847,1048,392,1118.91,1.18278
848,1082,339,1133.86,1.19859
849,360,351,502.79,0.53149
# END
# FRAME,58,RX_TS,370181790836,FP_INDEX,746.6719,FP_INT,746,RXPACC,1080,RXPWR,-71.77,FP_PWR,-81.11,STD_NOISE,64.00,NTM,13,NOISE_THRESH,832.00,PEAK_IDX,751,PEAK_AMPL,18011,START,696,elapsed_s,6.2202
sample,real,imag,amplitude,amplitude_norm
696,65,122,138.24,0.12800
697,39,112,118.60,0.10981
698,84,185,203.18,0.18813
699,142,266,301.53,0.27919
700,171,172,242.54,0.22457
701,165,-39,169.55,0.15699
702,165,-5,165.08,0.15285
703,180,115,213.60,0.19778
704,306,165,347.65,0.32190
705,390,81,398.32,0.36882
706,273,45,276.68,0.25619
707,-33,210,212.58,0.19683
708,-112,218,245.09,0.22693
709,42,212,216.12,0.20011
710,229,155,276.52,0.25604
711,272,148,309.66,0.28672
712,126,101,161.48,0.14952
713,45,109,117.92,0.10919
714,118,-25,120.62,0.11168
715,-14,-188,188.52,0.17456
716,-242,-219,326.38,0.30221
717,-260,-241,354.52,0.32825
718,5,110,110.11,0.10196
719,110,487,499.27,0.46229
720,223,358,421.77,0.39053
721,153,-51,161.28,0.14933
722,102,-95,139.39,0.12906
723,85,84,119.50,0.11065
724,140,205,248.24,0.22986
725,148,122,191.80,0.17759
726,106,109,152.04,0.14078
727,92,120,151.21,0.14001
728,165,232,284.69,0.26360
729,163,75,179.43,0.16614
730,119,19,120.51,0.11158
731,138,97,168.68,0.15619
732,95,72,119.20,0.11037
733,110,57,123.89,0.11471
734,173,-42,178.03,0.16484
735,286,19,286.63,0.26540
736,178,137,224.62,0.20798
737,2,124,124.02,0.11483
738,27,25,36.80,0.03407
739,144,20,145.38,0.13461
740,87,116,145.00,0.13426
741,88,72,113.70,0.10528
742,154,74,170.86,0.15820
743,149,92,175.11,0.16214
744,104,121,159.55,0.14773
745,227,-159,277.15,0.25662
746,2736,-2727,3862.93,3.57679
747,9954,-9798,13967.21,12.93260
748,14568,-12921,19472.52,18.03011
749,12869,-11275,17109.55,15.84218
750,-3809,-985,3934.30,3.64287
751,-16410,5996,17471.12,16.17697
752,-12084,2367,12313.64,11.40152
753,1794,-2640,3191.87,2.95544
754,6333,-1249,6454.99,5.97684
755,874,2483,2632.33,2.43734
756,-2343,2803,3653.28,3.38267
757,-1027,631,1205.36,1.11607
758,217,-94,236.48,0.21897
759,-37,538,539.27,0.49932
760,-250,933,965.91,0.89436
761,167,587,610.29,0.56509
762,758,359,838.72,0.77659
763,479,504,695.31,0.64381
764,-235,312,390.60,0.36167
765,-363,-295,467.75,0.43311
766,-40,-336,338.37,0.31331
767,200,-543,578.66,0.53580
768,333,-2262,2286.38,2.11702
769,810,-3697,3784.69,3.50435
770,1311,-1529,2014.09,1.86490
771,958,2315,2505.39,2.31981
772,25,3223,3223.10,2.98435
773,104,805,811.69,0.75156
774,1056,-799,1324.21,1.22612
775,1031,285,1069.67,0.99043
776,-140,1447,1453.76,1.34607
777,-920,920,1301.08,1.20470
778,-718,157,734.96,0.68052
779,-468,182,502.14,0.46495
780,-232,458,513.41,0.47538
781,-414,675,791.85,0.73319
782,-288,842,889.89,0.82397
783,156,572,592.89,0.54897
784,143,98,173.36,0.16052
785,-295,-480,563.40,0.52167
786,-554,-621,832.20,0.77056
787,-202,165,260.82,0.24150
788,336,1744,1776.07,1.64451
789,494,2453,2502.25,2.31690
790,110,1516,1519.99,1.40739
791,-207,730,758.78,0.70258
792,-77,818,821.62,0.76076
793,259,1273,1299.08,1.20285
794,497,910,1036.87,0.96007
795,414,156,442.42,0.40964
796,-165,-44,170.77,0.15812
797,-701,-54,703.08,0.65100
798,-400,-175,436.61,0.40427
799,419,-55,422.59,0.39129
800,576,665,879.77,0.81460
801,-178,1150,1163.69,1.07749
802,-725,898,1154.14,1.06864
803,-498,494,701.46,0.64950
804,-125,477,493.11,0.45658
805,66,470,474.61,0.43946
806,76,369,376.75,0.34884
807,111,328,346.27,0.32062
808,-113,386,402.20,0.37241
809,-429,190,469.19,0.43444
810,-433,-247,498.50,0.46157
811,88,-93,128.04,0.11855
812,567,557,794.82,0.73594
813,700,1220,1406.56,1.30237
814,105,906,912.06,0.84450
815,-258,-36,260.50,0.24120
816,-345,35,346.77,0.32108
817,-589,633,864.64,0.80060
818,-759,778,1086.91,1.00639
819,-568,475,740.44,0.68559
820,-272,412,493.69,0.45712
821,-126,425,443.28,0.41045
822,-95,277,292.84,0.27115
823,63,402,406.91,0.37677
824,399,577,701.52,0.64956
825,538,508,739.94,0.68513
826,424,309,524.65,0.48579
827,-98,136,167.63,0.15521
828,-346,174,387.29,0.35860
829,-259,122,286.30,0.26509
830,-179,-8,179.18,0.16591
831,-90,-66,111.61,0.10334
832,-178,-14,178.55,0.16532
833,-113,206,234.96,0.21755
834,-66,369,374.86,0.34709
835,-174,371,409.78,0.37942
836,-232,287,369.04,0.34171
837,-173,312,356.75,0.33033
838,162,472,499.03,0.46206
839,148,407,433.07,0.40099
840,-97,78,124.47,0.11525
841,-321,84,331.81,0.30723
842,-24,281,282.02,0.26113
843,624,860,1062.53,0.98383
844,880,1088,1399.34,1.29568
845,573,870,1041.74,0.96458
# END
# FRAME,59,RX_TS,376571583307,FP_INDEX,749.2187,FP_INT,749,RXPACC,927,RXPWR,-69.60,FP_PWR,-80.49,STD_NOISE,60.00,NTM,13,NOISE_THRESH,780.00,PEAK_IDX,751,PEAK_AMPL,16752,START,699,elapsed_s,6.2910
sample,real,imag,amplitude,amplitude_norm
699,78,211,224.96,0.24267
700,165,49,172.12,0.18568
701,146,-6,146.12,0.15763
702,116,96,150.57,0.16243
703,53,183,190.52,0.20552
704,42,167,172.20,0.18576
705,62,108,124.53,0.13434
706,17,69,71.06,0.07666
707,-11,11,15.56,0.01678
708,-47,16,49.65,0.05356
709,134,74,153.08,0.16513
710,287,125,313.04,0.33769
711,169,170,239.71,0.25859
712,112,2,112.02,0.12084
713,158,-30,160.82,0.17349
714,199,78,213.74,0.23057
715,186,145,235.84,0.25441
716,117,173,208.85,0.22530
717,18,175,175.92,0.18978
718,-29,366,367.15,0.39606
719,-18,423,423.38,0.45672
720,105,300,317.84,0.34287
721,324,-212,387.20,0.41769
722,336,-160,372.15,0.40146
723,163,62,174.39,0.18813
724,-88,211,228.62,0.24662
725,-23,135,136.95,0.14773
726,175,72,189.23,0.20413
727,238,67,247.25,0.26672
728,163,209,265.05,0.28592
729,53,150,159.09,0.17162
730,140,72,157.43,0.16983
731,144,20,145.38,0.15683
732,165,38,169.32,0.18265
733,126,50,135.56,0.14623
734,113,58,127.02,0.13702
735,107,132,169.92,0.18330
736,114,112,159.81,0.17240
737,55,90,105.48,0.11378
738,125,30,128.55,0.13867
739,148,91,173.74,0.18742
740,132,138,190.97,0.20600
741,113,84,140.80,0.15189
742,77,66,101.41,0.10940
743,110,93,144.05,0.15539
744,74,135,153.95,0.16607
745,99,6,99.18,0.10699
746,104,35,109.73,0.11837
747,88,142,167.06,0.18021
748,-817,237,850.68,0.91767
749,-6290,266,6295.62,6.79139
750,-14837,-262,14839.31,16.00789
751,-16408,-1004,16438.69,17.73321
752,-5983,1042,6073.06,6.55130
753,12695,5270,13745.40,14.82783
754,13935,6331,15305.74,16.51105
755,1883,2526,3150.61,3.39872
756,-7275,-2632,7736.48,8.34571
757,-2541,-2761,3752.31,4.04780
758,3547,-381,3567.40,3.84833
759,3011,786,3111.90,3.35696
760,109,561,571.49,0.61650
761,-218,348,410.64,0.44298
762,1036,295,1077.18,1.16201
763,1164,1,1164.00,1.25566
764,190,-443,482.03,0.51998
765,-325,-588,671.84,0.72475
766,188,-146,238.03,0.25678
767,748,394,845.42,0.91200
768,519,381,643.83,0.69453
769,74,129,148.72,0.16043
770,-590,644,873.40,0.94218
771,-2047,1739,2685.95,2.89747
772,-2588,1303,2897.51,3.12568
773,-339,-779,849.57,0.91647
774,2011,-1965,2811.64,3.03306
775,1549,-918,1800.59,1.94238
776,-435,6,435.04,0.46930
777,-964,-323,1016.67,1.09674
778,300,-740,798.50,0.86138
779,1231,-251,1256.33,1.35526
780,989,367,1054.90,1.13797
781,513,437,673.90,0.72697
782,454,147,477.21,0.51478
783,542,-90,549.42,0.59269
784,936,-68,938.47,1.01237
785,617,-180,642.72,0.69333
786,185,-81,201.96,0.21786
787,-159,268,311.62,0.33616
788,-69,813,815.92,0.88018
789,230,846,876.71,0.94575
790,548,-152,568.69,0.61347
791,1089,-1075,1530.21,1.65071
792,1253,-1109,1673.29,1.80506
793,1025,-372,1090.42,1.17629
794,832,-14,832.12,0.89765
795,879,-323,936.47,1.01021
796,536,-542,762.27,0.82230
797,30,-281,282.60,0.30485
798,47,75,88.51,0.09548
799,442,436,620.85,0.66975
800,524,676,855.31,0.92266
801,-11,454,454.13,0.48990
802,-187,-221,289.50,0.31230
803,264,-599,654.60,0.70615
804,793,-205,819.07,0.88357
805,735,270,783.02,0.84469
806,501,258,563.53,0.60791
807,295,42,297.97,0.32144
808,212,-8,212.15,0.22886
809,181,39,185.15,0.19973
810,404,15,404.28,0.43611
811,539,219,581.79,0.62761
812,367,591,695.68,0.75046
813,27,582,582.63,0.62851
814,-49,-158,165.42,0.17845
815,262,-885,922.97,0.99565
816,686,-746,1013.47,1.09327
817,460,182,494.70,0.53365
818,203,482,523.00,0.56419
819,491,151,513.69,0.55415
820,890,-102,895.83,0.96637
821,950,217,974.47,1.05121
822,707,296,766.46,0.82682
823,569,148,587.93,0.63423
824,435,26,435.78,0.47009
825,379,-87,388.86,0.41948
826,268,-310,409.79,0.44206
827,109,-354,370.40,0.39957
828,86,-214,230.63,0.24880
829,97,32,102.14,0.11019
830,221,257,338.95,0.36565
831,358,336,490.98,0.52964
832,230,285,366.23,0.39507
833,143,288,321.55,0.34687
834,71,364,370.86,0.40006
835,195,105,221.47,0.23891
836,358,-133,381.91,0.41198
837,436,-154,462.40,0.49881
838,420,93,430.17,0.46405
839,402,268,483.14,0.52119
840,313,46,316.36,0.34128
841,270,-118,294.66,0.31786
842,220,39,223.43,0.24102
843,175,230,289.01,0.31177
844,343,274,439.00,0.47358
845,367,-266,453.26,0.48895
846,189,-927,946.07,1.02057
847,173,-948,963.66,1.03954
848,261,-209,334.37,0.36070
# END
# FRAME,60,RX_TS,382961376261,FP_INDEX,752.0156,FP_INT,752,RXPACC,1023,RXPWR,-70.00,FP_PWR,-82.08,STD_NOISE,64.00,NTM,13,NOISE_THRESH,832.00,PEAK_IDX,756,PEAK_AMPL,17365,START,702,elapsed_s,6.4465
sample,real,imag,amplitude,amplitude_norm
702,48,49,68.59,0.06705
703,61,153,164.71,0.16101
704,208,188,280.37,0.27407
705,202,114,231.95,0.22673
706,116,24,118.46,0.11579
707,90,78,119.10,0.11642
708,69,107,127.32,0.12446
709,226,127,259.24,0.25341
710,382,149,410.03,0.40081
711,233,135,269.28,0.26323
712,41,100,108.08,0.10565
713,-121,70,139.79,0.13665
714,6,73,73.25,0.07160
715,148,247,287.95,0.28147
716,120,193,227.26,0.22215
717,75,77,107.49,0.10507
718,77,-17,78.85,0.07708
719,92,8,92.35,0.09027
720,120,-58,133.28,0.13029
721,-102,-284,301.76,0.29498
722,-135,-304,332.63,0.32515
723,-24,58,62.77,0.06136
724,44,500,501.93,0.49065
725,16,511,511.25,0.49976
726,68,130,146.71,0.14341
727,163,-150,221.52,0.21653
728,209,-10,209.24,0.20453
729,143,149,206.52,0.20188
730,51,280,284.61,0.27821
731,30,143,146.11,0.14283
732,57,109,123.00,0.12024
733,126,125,177.49,0.17349
734,45,134,141.35,0.13818
735,-3,48,48.09,0.04701
736,85,160,181.18,0.17710
737,152,252,294.29,0.28768
738,34,106,111.32,0.10882
739,51,-7,51.48,0.05032
740,184,-31,186.59,0.18240
741,212,30,214.11,0.20930
742,-12,59,60.21,0.05885
743,20,-6,20.88,0.02041
744,139,62,152.20,0.14878
745,227,136,264.62,0.25867
746,162,80,180.68,0.17661
747,91,91,128.69,0.12580
748,126,159,202.87,0.19831
749,128,132,183.87,0.17974
750,187,36,190.43,0.18615
751,1342,-909,1620.88,1.58444
752,7749,-5613,9568.32,9.35320
753,14750,-9713,17660.83,17.26376
754,14795,-9459,17560.32,17.16551
755,-602,-3101,3158.89,3.08787
756,-16407,3474,16770.76,16.39370
757,-14199,2516,14420.19,14.09598
758,1640,-1314,2101.47,2.05423
759,8937,-1322,9034.25,8.83113
760,1827,1510,2370.24,2.31695
761,-4069,2083,4571.18,4.46840
762,-2508,267,2522.17,2.46547
763,260,-584,639.26,0.62489
764,90,281,295.06,0.28843
765,-966,1108,1469.97,1.43692
766,-576,977,1134.15,1.10865
767,551,550,778.52,0.76102
768,719,488,868.97,0.84943
769,-104,505,515.60,0.50401
770,-544,259,602.51,0.58896
771,-176,85,195.45,0.19106
772,227,-52,232.88,0.22764
773,508,-1284,1380.84,1.34980
774,1260,-3054,3303.71,3.22944
775,1733,-2105,2726.59,2.66529
776,781,1619,1797.53,1.75712
777,-572,3588,3633.31,3.55162
778,-403,1785,1829.93,1.78879
779,996,-291,1037.64,1.01431
780,1243,-177,1255.54,1.22731
781,296,941,986.46,0.96428
782,-472,1156,1248.65,1.22057
783,-442,555,709.50,0.69355
784,-355,246,431.90,0.42219
785,-166,419,450.69,0.44055
786,-209,646,678.97,0.66370
787,-355,887,955.40,0.93392
788,16,603,603.21,0.58965
789,170,272,320.76,0.31354
790,60,-276,282.45,0.27610
791,-292,-615,680.80,0.66549
792,-407,-240,472.49,0.46187
793,-146,1061,1071.00,1.04692
794,23,2134,2134.12,2.08614
795,-252,1840,1857.18,1.81542
796,-468,895,1009.97,0.98727
797,-370,632,732.34,0.71588
798,-129,1143,1150.26,1.12440
799,127,951,959.44,0.93787
800,306,402,505.21,0.49385
801,100,35,105.95,0.10357
802,-419,26,419.81,0.41037
803,-518,-205,557.09,0.54456
804,130,-156,203.07,0.19850
805,515,325,608.97,0.59528
806,71,844,846.98,0.82794
807,-571,774,961.83,0.94021
808,-614,323,693.78,0.67818
809,-207,297,362.02,0.35388
810,106,262,282.63,0.27628
811,204,256,327.34,0.31998
812,186,237,301.27,0.29450
813,-17,330,330.44,0.32301
814,-338,251,421.00,0.41154
815,-377,-35,378.62,0.37011
816,10,-179,179.28,0.17525
817,393,373,541.83,0.52965
818,534,996,1130.12,1.10471
819,26,903,903.37,0.88306
820,-210,66,220.13,0.21518
821,-331,-33,332.64,0.32516
822,-469,523,702.49,0.68669
823,-821,721,1092.65,1.06808
824,-911,345,974.14,0.95224
825,-569,124,582.35,0.56926
826,-230,346,415.47,0.40613
827,-117,397,413.88,0.40458
828,-60,356,361.02,0.35290
829,210,461,506.58,0.49519
830,453,534,700.26,0.68452
831,474,387,611.92,0.59816
832,61,181,191.00,0.18671
833,-306,166,348.13,0.34030
834,-337,208,396.02,0.38712
835,-139,71,156.08,0.15257
836,-45,-105,114.24,0.11167
837,-45,49,66.53,0.06503
838,-44,293,296.29,0.28962
839,15,461,461.24,0.45087
840,-111,487,499.49,0.48826
841,-257,390,467.06,0.45656
842,-155,225,273.22,0.26708
843,63,257,264.61,0.25866
844,119,349,368.73,0.36044
845,-55,243,249.15,0.24355
846,-186,118,220.27,0.21532
847,-124,273,299.84,0.29310
848,256,714,758.51,0.74145
849,580,997,1153.43,1.12750
850,585,935,1102.93,1.07813
851,-47,159,165.80,0.16207
# END
# FRAME,61,RX_TS,389351168695,FP_INDEX,747.5625,FP_INT,747,RXPACC,919,RXPWR,-70.56,FP_PWR,-78.47,STD_NOISE,52.00,NTM,13,NOISE_THRESH,676.00,PEAK_IDX,749,PEAK_AMPL,17022,START,697,elapsed_s,6.5015
sample,real,imag,amplitude,amplitude_norm
697,-34,50,60.46,0.06579
698,95,35,101.24,0.11017
699,135,65,149.83,0.16304
700,87,131,157.26,0.17112
701,68,75,101.24,0.11016
702,76,107,131.24,0.14281
703,122,169,208.43,0.22681
704,193,64,203.33,0.22126
705,257,-8,257.12,0.27979
706,246,-5,246.05,0.26774
707,186,57,194.54,0.21168
708,-3,172,172.03,0.18719
709,-40,158,162.98,0.17735
710,163,152,222.87,0.24252
711,240,71,250.28,0.27234
712,109,16,110.17,0.11988
713,25,68,72.45,0.07884
714,103,-11,103.59,0.11272
715,101,-57,115.97,0.12620
716,-147,-11,147.41,0.16040
717,-288,-36,290.24,0.31582
718,-261,47,265.20,0.28857
719,105,251,272.08,0.29606
720,332,382,506.11,0.55072
721,217,225,312.59,0.34014
722,26,-33,42.01,0.04571
723,-17,-63,65.25,0.07100
724,107,91,140.46,0.15284
725,162,176,239.21,0.26029
726,78,217,230.59,0.25092
727,16,91,92.40,0.10054
728,130,79,152.12,0.16553
729,207,136,247.68,0.26951
730,152,83,173.18,0.18845
731,145,70,161.01,0.17520
732,165,40,169.78,0.18474
733,118,85,145.43,0.15824
734,70,-4,70.11,0.07629
735,128,-38,133.52,0.14529
736,107,50,118.11,0.12852
737,60,99,115.76,0.12597
738,25,99,102.11,0.11111
739,40,24,46.65,0.05076
740,84,27,88.23,0.09601
741,134,53,144.10,0.15680
742,100,72,123.22,0.13408
743,48,34,58.82,0.06401
744,80,15,81.39,0.08857
745,56,29,63.06,0.06862
746,29,-295,296.42,0.32255
747,370,-3725,3743.33,4.07327
748,1356,-12390,12463.98,13.56255
749,2251,-16405,16558.71,18.01819
750,295,-12619,12622.45,13.73498
751,-6197,4491,7653.23,8.32778
752,-8953,12953,15746.00,17.13384
753,-6499,6794,9401.88,10.23056
754,607,-3238,3294.40,3.58477
755,3033,-2999,4265.34,4.64128
756,553,2222,2289.78,2.49160
757,-1054,3180,3350.12,3.64540
758,-417,722,833.77,0.90726
759,285,-140,317.53,0.34552
760,223,613,652.30,0.70980
761,200,902,923.91,1.00534
762,590,401,713.37,0.77625
763,1087,-100,1091.59,1.18780
764,888,-16,888.14,0.96642
765,297,227,373.82,0.40676
766,78,130,151.60,0.16497
767,293,132,321.36,0.34969
768,2,-405,405.00,0.44070
769,-1216,-1881,2239.83,2.43724
770,-1587,-3107,3488.84,3.79635
771,85,-1500,1502.41,1.63483
772,1924,1488,2432.27,2.64664
773,1886,2361,3021.81,3.28815
774,659,287,718.78,0.78214
775,441,-1258,1333.06,1.45055
776,922,-551,1074.10,1.16877
777,686,628,930.04,1.01202
778,17,796,796.18,0.86636
779,-230,526,574.09,0.62469
780,-60,516,519.48,0.56526
781,187,476,511.41,0.55649
782,231,723,759.01,0.82590
783,415,814,913.69,0.99422
784,412,316,519.23,0.56499
785,268,-32,269.90,0.29369
786,-304,-187,356.91,0.38837
787,-739,5,739.02,0.80415
788,-139,407,430.08,0.46799
789,1009,915,1362.10,1.48215
790,1421,1182,1848.34,2.01125
791,754,960,1220.70,1.32829
792,139,713,726.42,0.79045
793,345,758,832.82,0.90622
794,698,736,1014.35,1.10375
795,628,357,722.38,0.78605
796,192,-8,192.17,0.20910
797,-272,258,374.90,0.40794
798,-639,368,737.39,0.80238
799,-570,-14,570.17,0.62043
800,174,-332,374.83,0.40787
801,728,97,734.43,0.79917
802,563,801,979.07,1.06536
803,-46,922,923.15,1.00451
804,-112,611,621.18,0.67593
805,288,304,418.76,0.45567
806,373,326,495.38,0.53905
807,215,240,322.22,0.35062
808,152,187,240.98,0.26222
809,100,241,260.92,0.28392
810,-244,329,409.61,0.44571
811,-433,58,436.87,0.47537
812,48,-81,94.15,0.10245
813,657,83,662.22,0.72059
814,909,387,987.95,1.07503
815,302,407,506.81,0.55148
816,-169,224,280.60,0.30533
817,-138,433,454.46,0.49451
818,-25,921,921.34,1.00255
819,-179,1067,1081.91,1.17727
820,-202,707,735.29,0.80010
821,-95,459,468.73,0.51004
822,32,380,381.35,0.41496
823,69,412,417.74,0.45456
824,285,381,475.80,0.51774
825,623,198,653.71,0.71132
826,747,67,750.00,0.81610
827,448,20,448.45,0.48797
828,96,229,248.31,0.27019
829,-26,390,390.87,0.42532
830,58,393,397.26,0.43227
831,-115,195,226.38,0.24634
832,-219,235,321.23,0.34954
833,-89,171,192.77,0.20977
834,180,228,290.49,0.31609
835,299,373,478.05,0.52018
836,105,501,511.88,0.55700
837,-8,452,452.07,0.49192
838,100,401,413.28,0.44971
839,405,402,570.64,0.62093
840,363,318,482.59,0.52513
841,-27,217,218.67,0.23795
842,-166,225,279.61,0.30425
843,210,259,333.44,0.36283
844,904,350,969.39,1.05483
845,1203,294,1238.40,1.34756
846,832,213,858.83,0.93453
# END
# FRAME,62,RX_TS,395740961095,FP_INDEX,749.0469,FP_INT,749,RXPACC,933,RXPWR,-70.14,FP_PWR,-80.43,STD_NOISE,48.00,NTM,13,NOISE_THRESH,624.00,PEAK_IDX,751,PEAK_AMPL,16522,START,699,elapsed_s,6.5523
sample,real,imag,amplitude,amplitude_norm
699,202,44,206.74,0.22158
700,77,7,77.32,0.08287
701,51,58,77.23,0.08278
702,62,97,115.12,0.12339
703,156,186,242.76,0.26019
704,134,191,233.32,0.25007
705,104,103,146.37,0.15688
706,-24,172,173.67,0.18614
707,-119,162,201.01,0.21544
708,-68,186,198.04,0.21226
709,51,101,113.15,0.12127
710,198,-8,198.16,0.21239
711,123,75,144.06,0.15441
712,45,89,99.73,0.10689
713,-56,59,81.34,0.08719
714,39,85,93.52,0.10024
715,102,145,177.28,0.19001
716,107,118,159.29,0.17073
717,187,145,236.63,0.25362
718,426,189,466.04,0.49951
719,491,104,501.89,0.53794
720,212,98,233.56,0.25033
721,-189,-76,203.71,0.21834
722,-162,-113,197.52,0.21170
723,129,90,157.29,0.16859
724,297,317,434.39,0.46559
725,199,236,308.70,0.33087
726,79,132,153.83,0.16488
727,74,9,74.55,0.07990
728,176,10,176.28,0.18894
729,194,85,211.80,0.22701
730,77,192,206.86,0.22172
731,38,132,137.36,0.14722
732,-2,41,41.05,0.04400
733,103,69,123.98,0.13288
734,66,177,188.90,0.20247
735,82,193,209.70,0.22476
736,122,123,173.24,0.18568
737,-34,188,191.05,0.20477
738,86,109,138.84,0.14881
739,100,84,130.60,0.13998
740,159,118,198.00,0.21222
741,112,127,169.33,0.18149
742,-16,107,108.19,0.11596
743,12,50,51.42,0.05511
744,80,86,117.46,0.12589
745,74,146,163.68,0.17544
746,32,192,194.65,0.20863
747,95,164,189.53,0.20314
748,271,1483,1507.56,1.61582
749,849,8254,8297.55,8.89341
750,845,15862,15884.49,17.02518
751,989,16417,16446.76,17.62783
752,4379,3906,5867.92,6.28930
753,7289,-12073,14102.72,15.11546
754,7631,-11581,13869.09,14.86505
755,3449,693,3517.93,3.77056
756,-1207,6953,7056.99,7.56376
757,-1284,1251,1792.67,1.92140
758,206,-3338,3344.35,3.58451
759,374,-1727,1767.03,1.89393
760,-251,602,652.23,0.69907
761,-171,300,345.31,0.37011
762,-87,-747,752.05,0.80605
763,-257,-637,686.89,0.73622
764,-513,186,545.68,0.58486
765,-627,435,763.12,0.81792
766,-372,-63,377.30,0.40439
767,-54,-231,237.23,0.25426
768,-101,83,130.73,0.14012
769,-35,407,408.50,0.43784
770,981,1257,1594.49,1.70900
771,2337,2628,3516.81,3.76936
772,1596,2788,3212.50,3.44319
773,-1004,555,1147.19,1.22957
774,-2329,-1532,2787.70,2.98789
775,-1155,-876,1449.62,1.55372
776,57,974,975.67,1.04573
777,-155,1435,1443.35,1.54700
778,-409,226,467.29,0.50084
779,-173,-650,672.63,0.72093
780,196,-471,510.15,0.54679
781,192,-364,411.53,0.44109
782,-5,-343,343.04,0.36767
783,-83,-445,452.67,0.48518
784,-134,-784,795.37,0.85249
785,-335,-406,526.37,0.56416
786,-196,107,223.30,0.23934
787,142,425,448.09,0.48027
788,745,210,774.03,0.82962
789,651,-23,651.41,0.69818
790,-464,-253,528.49,0.56644
791,-1552,-594,1661.79,1.78112
792,-1264,-871,1535.04,1.64527
793,-353,-823,895.51,0.95982
794,-73,-727,730.66,0.78313
795,-421,-651,775.27,0.83094
796,-601,-282,663.87,0.71154
797,-357,222,420.40,0.45059
798,20,216,216.92,0.23250
799,399,-219,455.15,0.48784
800,693,-269,743.38,0.79676
801,466,263,535.09,0.57352
802,-311,303,434.20,0.46538
803,-641,-444,779.75,0.83575
804,-147,-892,904.03,0.96895
805,287,-695,751.93,0.80592
806,125,-313,337.04,0.36124
807,-132,-35,136.56,0.14637
808,-233,4,233.03,0.24977
809,-178,46,183.85,0.19705
810,-117,-80,141.74,0.15191
811,120,-278,302.79,0.32454
812,496,-180,527.65,0.56554
813,450,-14,450.22,0.48255
814,-286,90,299.83,0.32136
815,-910,-42,910.97,0.97639
816,-718,-279,770.30,0.82562
817,22,-165,166.46,0.17841
818,244,-71,254.12,0.27237
819,-54,-419,422.47,0.45280
820,-97,-731,737.41,0.79036
821,254,-709,753.12,0.80721
822,225,-538,583.15,0.62503
823,17,-417,417.35,0.44732
824,-9,-277,277.15,0.29705
825,-153,-58,163.62,0.17537
826,-415,48,417.77,0.44777
827,-675,42,676.31,0.72487
828,-387,24,387.74,0.41559
829,22,46,50.99,0.05465
830,202,-88,220.34,0.23616
831,117,-199,230.85,0.24742
832,26,-206,207.63,0.22254
833,244,-55,250.12,0.26808
834,288,23,288.92,0.30966
835,143,-92,170.04,0.18225
836,-72,-214,225.79,0.24200
837,-126,-305,330.00,0.35370
838,102,-226,247.95,0.26576
839,79,-153,172.19,0.18456
840,-171,-89,192.77,0.20662
841,-152,-87,175.14,0.18771
842,87,-202,219.94,0.23573
843,323,-229,395.94,0.42438
844,107,-164,195.82,0.20988
845,-503,-171,531.27,0.56942
846,-936,27,936.39,1.00363
847,-884,37,884.77,0.94831
848,-41,52,66.22,0.07097
# END
# FRAME,63,RX_TS,402130753994,FP_INDEX,751.0781,FP_INT,751,RXPACC,961,RXPWR,-69.58,FP_PWR,-80.46,STD_NOISE,52.00,NTM,13,NOISE_THRESH,676.00,PEAK_IDX,753,PEAK_AMPL,17180,START,701,elapsed_s,6.6798
sample,real,imag,amplitude,amplitude_norm
701,181,42,185.81,0.19335
702,134,12,134.54,0.14000
703,-20,45,49.24,0.05124
704,38,64,74.43,0.07745
705,87,82,119.55,0.12441
706,109,110,154.86,0.16114
707,99,193,216.91,0.22571
708,57,167,176.46,0.18362
709,11,228,228.27,0.23753
710,54,235,241.12,0.25091
711,67,140,155.21,0.16151
712,80,-31,85.80,0.08928
713,75,75,106.07,0.11037
714,25,193,194.61,0.20251
715,85,204,221.00,0.22997
716,103,95,140.12,0.14581
717,92,103,138.11,0.14371
718,127,205,241.15,0.25094
719,320,219,387.76,0.40350
720,561,62,564.42,0.58732
721,472,58,475.55,0.49485
722,68,70,97.59,0.10155
723,-303,-40,305.63,0.31803
724,-293,-32,294.74,0.30670
725,51,290,294.45,0.30640
726,271,299,403.54,0.41991
727,166,202,261.46,0.27207
728,-14,8,16.12,0.01678
729,0,6,6.00,0.00624
730,108,56,121.66,0.12659
731,138,103,172.20,0.17919
732,1,72,72.01,0.07493
733,-10,43,44.15,0.04594
734,123,64,138.65,0.14428
735,111,183,214.03,0.22272
736,-12,176,176.41,0.18357
737,26,84,87.93,0.09150
738,232,97,251.46,0.26167
739,203,166,262.23,0.27287
740,158,88,180.85,0.18819
741,66,69,95.48,0.09936
742,190,48,195.97,0.20392
743,151,125,196.03,0.20398
744,50,139,147.72,0.15371
745,15,145,145.77,0.15169
746,50,99,110.91,0.11541
747,100,38,106.98,0.11132
748,227,116,254.92,0.26527
749,254,144,291.98,0.30383
750,536,1425,1522.47,1.58426
751,2148,7920,8206.11,8.53914
752,3514,15748,16135.29,16.79011
753,3659,16403,16806.15,17.48819
754,3950,2545,4698.89,4.88958
755,2865,-14540,14819.58,15.42099
756,1763,-14638,14743.79,15.34213
757,-249,-1351,1373.75,1.42951
758,-1661,7568,7748.13,8.06257
759,-604,2661,2728.69,2.83943
760,431,-2581,2616.74,2.72293
761,240,-1756,1772.33,1.84425
762,-152,482,505.40,0.52591
763,-104,256,276.32,0.28753
764,-127,-607,620.14,0.64531
765,-460,-301,549.73,0.57204
766,-633,644,903.01,0.93966
767,-430,991,1080.27,1.12411
768,27,284,285.28,0.29686
769,369,-190,415.04,0.43189
770,315,-51,319.10,0.33205
771,230,243,334.59,0.34817
772,1183,937,1509.12,1.57037
773,2753,2366,3630.01,3.77732
774,2085,2638,3362.48,3.49894
775,-804,775,1116.71,1.16203
776,-2532,-1102,2761.42,2.87348
777,-1212,-613,1358.20,1.41332
778,271,1150,1181.50,1.22945
779,199,1593,1605.38,1.67053
780,-398,475,619.70,0.64485
781,-265,-450,522.23,0.54342
782,231,-372,437.89,0.45566
783,161,-262,307.51,0.31999
784,-105,-321,337.74,0.35144
785,-151,-375,404.26,0.42067
786,-369,-443,576.55,0.59995
787,-393,-109,407.84,0.42439
788,-237,200,310.11,0.32270
789,227,239,329.62,0.34300
790,842,-19,842.21,0.87639
791,676,-263,725.36,0.75480
792,-404,-384,557.38,0.58000
793,-1517,-375,1562.66,1.62608
794,-1301,-422,1367.73,1.42324
795,-328,-471,573.96,0.59725
796,-27,-501,501.73,0.52209
797,-473,-392,614.32,0.63925
798,-630,-73,634.22,0.65995
799,-203,359,412.42,0.42916
800,289,307,421.63,0.43874
801,543,-364,653.72,0.68025
802,633,-412,755.27,0.78592
803,310,234,388.40,0.40416
804,-336,459,568.84,0.59192
805,-610,-104,618.80,0.64391
806,-149,-730,745.05,0.77529
807,307,-601,674.87,0.70226
808,238,-272,361.42,0.37609
809,-62,-60,86.28,0.08978
810,-116,-64,132.48,0.13786
811,-52,49,71.45,0.07435
812,54,-39,66.61,0.06931
813,242,-122,271.01,0.28201
814,600,-251,650.39,0.67678
815,598,3,598.01,0.62228
816,-121,135,181.29,0.18865
817,-801,146,814.20,0.84724
818,-616,-269,672.17,0.69945
819,235,-250,343.11,0.35704
820,463,-275,538.51,0.56037
821,93,-531,539.08,0.56096
822,-53,-693,695.02,0.72323
823,174,-597,621.84,0.64708
824,197,-508,544.86,0.56697
825,-45,-396,398.55,0.41472
826,-13,-299,299.28,0.31143
827,-16,-151,151.85,0.15801
828,-216,-29,217.94,0.22678
829,-564,142,581.60,0.60520
830,-429,328,540.02,0.56194
831,-97,240,258.86,0.26937
832,105,-19,106.71,0.11104
833,20,-185,186.08,0.19363
834,124,-171,211.23,0.21980
835,443,-34,444.30,0.46233
836,402,69,407.88,0.42443
837,264,26,265.28,0.27604
838,57,-38,68.51,0.07129
839,48,-144,151.79,0.15795
840,230,-168,284.82,0.29638
841,275,-221,352.80,0.36711
842,118,-18,119.36,0.12421
843,-25,21,32.65,0.03397
844,152,-104,184.17,0.19165
845,262,-210,335.77,0.34940
846,64,-183,193.87,0.20174
847,-428,-40,429.87,0.44731
848,-850,196,872.30,0.90771
849,-824,269,866.80,0.90197
850,45,8,45.71,0.04756
# END
# FRAME,64,RX_TS,408520546335,FP_INDEX,753.1719,FP_INT,753,RXPACC,996,RXPWR,-69.90,FP_PWR,-81.82,STD_NOISE,76.00,NTM,13,NOISE_THRESH,988.00,PEAK_IDX,755,PEAK_AMPL,17174,START,703,elapsed_s,6.7338
sample,real,imag,amplitude,amplitude_norm
703,61,93,111.22,0.11167
704,106,127,165.42,0.16609
705,188,148,239.27,0.24023
706,192,105,218.84,0.21971
707,7,86,86.28,0.08663
708,13,40,42.06,0.04223
709,176,43,181.18,0.18190
710,201,56,208.66,0.20949
711,205,-26,206.64,0.20747
712,215,-75,227.71,0.22862
713,135,131,188.11,0.18887
714,111,262,284.54,0.28569
715,167,214,271.45,0.27254
716,162,133,209.60,0.21044
717,133,87,158.93,0.15957
718,123,146,190.91,0.19167
719,103,182,209.12,0.20996
720,48,89,101.12,0.10152
721,-11,58,59.03,0.05927
722,-251,159,297.12,0.29832
723,-240,285,372.59,0.37409
724,85,243,257.44,0.25847
725,506,156,529.50,0.53163
726,459,206,503.11,0.50513
727,55,170,178.68,0.17939
728,-94,-3,94.05,0.09443
729,53,-7,53.46,0.05367
730,166,120,204.83,0.20565
731,73,291,300.02,0.30122
732,29,266,267.58,0.26865
733,36,162,165.95,0.16662
734,42,96,104.79,0.10521
735,73,91,116.66,0.11713
736,137,88,162.83,0.16348
737,159,20,160.25,0.16090
738,79,58,98.01,0.09840
739,46,83,94.89,0.09528
740,60,81,100.80,0.10121
741,47,55,72.35,0.07264
742,60,46,75.60,0.07591
743,46,95,105.55,0.10597
744,-27,214,215.70,0.21656
745,5,177,177.07,0.17778
746,124,99,158.67,0.15931
747,149,62,161.38,0.16203
748,98,76,124.02,0.12451
749,124,140,187.02,0.18777
750,86,151,173.77,0.17447
751,83,92,123.91,0.12440
752,-383,-746,838.57,0.84194
753,-3010,-6269,6954.17,6.98210
754,-6233,-14561,15838.97,15.90258
755,-6441,-15449,16737.92,16.80515
756,-3714,-386,3734.00,3.74900
757,-684,16402,16416.26,16.48219
758,-1996,15250,15380.07,15.44184
759,-2909,192,2915.33,2.92704
760,-345,-8800,8806.76,8.84213
761,1996,-2730,3381.85,3.39543
762,1561,3392,3733.95,3.74895
763,270,2294,2309.83,2.31911
764,139,-451,471.93,0.47383
765,792,-213,820.14,0.82344
766,996,1146,1518.33,1.52443
767,772,949,1223.35,1.22826
768,703,-254,747.48,0.75048
769,865,-673,1095.97,1.10037
770,639,-16,639.20,0.64177
771,46,436,438.42,0.44018
772,-188,322,372.86,0.37436
773,37,93,100.09,0.10049
774,-737,-436,856.31,0.85975
775,-2700,-1289,2991.91,3.00392
776,-2637,-1947,3277.89,3.29106
777,545,-834,996.28,1.00028
778,3173,852,3285.40,3.29859
779,2146,853,2309.31,2.31859
780,267,-692,741.72,0.74470
781,132,-1274,1280.82,1.28596
782,686,-214,718.60,0.72149
783,490,895,1020.36,1.02445
784,26,1066,1066.32,1.07060
785,312,745,807.69,0.81094
786,719,491,870.66,0.87415
787,842,549,1005.17,1.00921
788,1025,824,1315.14,1.32042
789,888,373,963.16,0.96703
790,552,-12,552.13,0.55435
791,58,-255,261.51,0.26256
792,-657,150,673.91,0.67661
793,-522,510,729.78,0.73271
794,670,506,839.60,0.84298
795,1831,377,1869.41,1.87692
796,1787,515,1859.73,1.86720
797,919,626,1111.95,1.11642
798,555,557,786.30,0.78946
799,823,436,931.36,0.93510
800,871,172,887.82,0.89139
801,511,-237,563.29,0.56555
802,83,-103,132.28,0.13281
803,-267,495,562.42,0.56468
804,-376,643,744.87,0.74786
805,-148,128,195.67,0.19646
806,439,-293,527.80,0.52992
807,879,71,881.86,0.88540
808,645,849,1066.22,1.07050
809,267,998,1033.10,1.03725
810,239,530,581.40,0.58373
811,296,176,344.37,0.34575
812,252,-9,252.16,0.25317
813,246,8,246.13,0.24712
814,376,160,408.63,0.41027
815,179,455,488.94,0.49091
816,-218,556,597.21,0.59961
817,-347,263,435.41,0.43715
818,258,-125,286.69,0.28784
819,951,-150,962.76,0.96662
820,901,405,987.84,0.99181
821,20,513,513.39,0.51545
822,-118,316,337.31,0.33867
823,448,305,541.97,0.54414
824,733,760,1055.88,1.06012
825,435,1100,1182.89,1.18764
826,276,860,903.20,0.90683
827,367,451,581.46,0.58379
828,373,281,467.00,0.46888
829,307,244,392.15,0.39373
830,461,96,470.89,0.47278
831,650,-122,661.35,0.66401
832,624,-206,657.12,0.65976
833,231,47,235.73,0.23668
834,-39,319,321.38,0.32267
835,55,369,373.08,0.37457
836,120,340,360.56,0.36200
837,46,274,277.83,0.27895
838,-31,248,249.93,0.25093
839,123,181,218.84,0.21972
840,357,262,442.82,0.44460
841,291,295,414.37,0.41604
842,193,444,484.13,0.48608
843,127,392,412.06,0.41371
844,179,154,236.13,0.23708
845,350,82,359.48,0.36092
846,127,239,270.65,0.27173
847,4,333,333.02,0.33436
848,125,303,327.77,0.32909
849,608,130,621.74,0.62424
850,1054,-135,1062.61,1.06688
851,978,-203,998.85,1.00286
852,99,82,128.55,0.12907
# END
# FRAME,65,RX_TS,414910338685,FP_INDEX,745.9062,FP_INT,745,RXPACC,1009,RXPWR,-70.82,FP_PWR,-79.97,STD_NOISE,60.00,NTM,13,NOISE_THRESH,780.00,PEAK_IDX,747,PEAK_AMPL,17758,START,695,elapsed_s,6.8537
sample,real,imag,amplitude,amplitude_norm
695,180,147,232.40,0.23033
696,172,105,201.52,0.19972
697,60,46,75.60,0.07493
698,68,54,86.83,0.08606
699,44,114,122.20,0.12111
700,52,180,187.36,0.18569
701,84,178,196.82,0.19507
702,81,118,143.13,0.14185
703,1,165,165.00,0.16353
704,-123,162,203.40,0.20159
705,-65,215,224.61,0.22261
706,124,88,152.05,0.15070
707,259,7,259.09,0.25678
708,64,54,83.74,0.08299
709,-1,121,121.00,0.11992
710,10,72,72.69,0.07204
711,148,58,158.96,0.15754
712,167,133,213.49,0.21159
713,66,279,286.70,0.28414
714,197,275,338.28,0.33526
715,338,265,429.50,0.42567
716,390,303,493.87,0.48947
717,86,94,127.40,0.12627
718,-96,-218,238.20,0.23608
719,-66,-116,133.46,0.13227
720,111,265,287.31,0.28475
721,212,453,500.15,0.49569
722,167,131,212.25,0.21036
723,115,-3,115.04,0.11401
724,79,-118,142.00,0.14074
725,101,2,101.02,0.10012
726,99,58,114.74,0.11372
727,95,117,150.71,0.14937
728,91,95,131.55,0.13038
729,94,68,116.02,0.11498
730,81,126,149.79,0.14845
731,70,123,141.52,0.14026
732,1,135,135.00,0.13380
733,45,159,165.25,0.16377
734,100,263,281.37,0.27886
735,109,140,177.43,0.17585
736,186,129,226.36,0.22434
737,157,210,262.20,0.25986
738,130,206,243.59,0.24142
739,10,194,194.26,0.19252
740,85,77,114.69,0.11367
741,69,104,124.81,0.12369
742,75,123,144.06,0.14278
743,160,167,231.28,0.22921
744,136,303,332.12,0.32916
745,-331,2189,2213.88,2.19414
746,-2775,9833,10217.07,10.12594
747,-5769,16410,17394.52,17.23937
748,-5272,14428,15361.03,15.22401
749,4317,-2333,4907.07,4.86330
750,11589,-12851,17304.71,17.15036
751,10853,-7987,13475.15,13.35496
752,524,4529,4559.21,4.51855
753,-5247,6676,8491.17,8.41543
754,-1225,-290,1258.86,1.24763
755,2160,-3276,3924.00,3.88900
756,1137,-1016,1524.80,1.51120
757,-554,534,769.46,0.76260
758,-348,-268,439.24,0.43532
759,28,-904,904.43,0.89637
760,-301,-494,578.48,0.57332
761,-752,58,754.23,0.74751
762,-683,111,691.96,0.68579
763,19,31,36.36,0.03604
764,405,266,484.54,0.48022
765,214,444,492.88,0.48848
766,145,536,555.27,0.55031
767,1122,1701,2037.72,2.01954
768,1992,3590,4105.63,4.06901
769,917,2984,3121.72,3.09388
770,-1144,-252,1171.43,1.16098
771,-1662,-2422,2937.40,2.91120
772,-625,-1157,1315.02,1.30329
773,-321,948,1000.87,0.99194
774,-648,968,1164.87,1.15448
775,-419,-246,485.88,0.48154
776,407,-617,739.15,0.73255
777,485,-399,628.03,0.62243
778,86,-366,375.97,0.37261
779,-80,-413,420.68,0.41692
780,150,-588,606.83,0.60142
781,124,-768,777.95,0.77101
782,-258,-385,463.45,0.45932
783,-484,-2,484.00,0.47969
784,-30,474,474.95,0.47071
785,742,452,868.83,0.86108
786,563,56,565.78,0.56073
787,-378,-758,847.02,0.83947
788,-1083,-1307,1697.39,1.68225
789,-751,-1195,1411.39,1.39880
790,-189,-666,692.30,0.68612
791,-94,-479,488.14,0.48378
792,-368,-439,572.84,0.56773
793,-420,-168,452.35,0.44832
794,-340,302,454.76,0.45070
795,59,335,340.16,0.33712
796,659,-46,660.60,0.65471
797,783,-47,784.41,0.77741
798,200,275,340.04,0.33700
799,-509,95,517.79,0.51317
800,-343,-448,564.23,0.55920
801,406,-670,783.41,0.77643
802,687,-392,790.97,0.78391
803,346,-194,396.68,0.39314
804,-10,-37,38.33,0.03799
805,-73,145,162.34,0.16089
806,-42,227,230.85,0.22879
807,121,72,140.80,0.13955
808,347,-20,347.58,0.34448
809,623,161,643.47,0.63773
810,347,358,498.57,0.49412
811,-390,-21,390.56,0.38708
812,-678,-470,824.98,0.81762
813,51,-499,501.60,0.49713
814,441,1,441.00,0.43707
815,303,20,303.66,0.30095
816,-50,-567,569.20,0.56412
817,55,-955,956.58,0.94805
818,449,-697,829.10,0.82171
819,386,-348,519.71,0.51508
820,94,-174,197.77,0.19600
821,202,-201,284.96,0.28242
822,155,-182,239.06,0.23693
823,-344,-309,462.40,0.45828
824,-624,-282,684.76,0.67865
825,-518,38,519.39,0.51476
826,-54,254,259.68,0.25736
827,187,73,200.74,0.19895
828,222,-222,313.96,0.31116
829,337,-178,381.12,0.37772
830,526,125,540.65,0.53583
831,442,195,483.10,0.47879
832,202,93,222.38,0.22040
833,65,-124,140.00,0.13875
834,134,-210,249.11,0.24689
835,319,-127,343.35,0.34029
836,299,26,300.13,0.29745
837,14,-67,68.45,0.06784
838,-60,-163,173.69,0.17214
839,238,-76,249.84,0.24761
840,412,-22,412.59,0.40891
841,232,-60,239.63,0.23750
842,-391,-341,518.81,0.51418
843,-900,-381,977.32,0.96861
844,-698,-329,771.65,0.76477
# END
# FRAME,66,RX_TS,421300130995,FP_INDEX,746.2344,FP_INT,746,RXPACC,1194,RXPWR,-70.36,FP_PWR,-83.77,STD_NOISE,68.00,NTM,13,NOISE_THRESH,884.00,PEAK_IDX,748,PEAK_AMPL,19457,START,696,elapsed_s,6.9056
sample,real,imag,amplitude,amplitude_norm
696,-12,65,66.10,0.05536
697,176,120,213.02,0.17841
698,196,206,284.34,0.23814
699,106,176,205.46,0.17207
700,91,90,127.99,0.10719
701,76,54,93.23,0.07808
702,170,79,187.46,0.15700
703,215,223,309.76,0.25943
704,306,106,323.84,0.27122
705,344,71,351.25,0.29418
706,203,138,245.46,0.20558
707,-41,207,211.02,0.17673
708,72,199,211.62,0.17724
709,300,101,316.55,0.26511
710,252,182,310.85,0.26034
711,62,179,189.43,0.15865
712,83,88,120.97,0.10131
713,183,-14,183.53,0.15371
714,142,-42,148.08,0.12402
715,-164,-198,257.10,0.21533
716,-271,-210,342.84,0.28714
717,55,98,112.38,0.09412
718,342,518,620.72,0.51986
719,285,542,612.36,0.51287
720,-6,119,119.15,0.09979
721,-28,-234,235.67,0.19738
722,178,-183,255.29,0.21381
723,252,271,370.06,0.30993
724,20,448,448.45,0.37558
725,-109,290,309.81,0.25947
726,5,49,49.25,0.04125
727,116,104,155.79,0.13048
728,60,201,209.76,0.17568
729,77,244,255.86,0.21429
730,149,188,239.89,0.20091
731,147,95,175.03,0.14659
732,20,-18,26.91,0.02254
733,63,45,77.42,0.06484
734,185,74,199.25,0.16688
735,199,195,278.61,0.23335
736,111,185,215.75,0.18069
737,49,117,126.85,0.10624
738,107,99,145.77,0.12209
739,174,15,174.65,0.14627
740,111,37,117.00,0.09799
741,74,59,94.64,0.07926
742,135,188,231.45,0.19384
743,130,114,172.90,0.14481
744,135,12,135.53,0.11351
745,394,-733,832.18,0.69697
746,3091,-6394,7101.94,5.94802
747,8796,-15947,18211.99,15.25292
748,11852,-16408,20240.86,16.95214
749,3194,-95,3195.41,2.67622
750,-11661,16020,19814.63,16.59516
751,-14967,12612,19572.27,16.39218
752,-3497,-3511,4955.41,4.15026
753,8787,-11785,14700.26,12.31177
754,4766,-2864,5560.33,4.65689
755,-3097,5115,5979.52,5.00797
756,-3456,3555,4958.02,4.15245
757,97,-536,544.71,0.45620
758,1187,-675,1365.50,1.14364
759,275,1005,1041.95,0.87265
760,84,1237,1239.85,1.03840
761,721,322,789.64,0.66134
762,1079,-17,1079.13,0.90380
763,582,170,606.32,0.50781
764,-236,81,249.51,0.20897
765,-495,-82,501.75,0.42022
766,-461,-210,506.58,0.42427
767,-648,-1073,1253.49,1.04982
768,-1281,-3136,3387.54,2.83714
769,-751,-3920,3991.29,3.34279
770,1003,-772,1265.70,1.06005
771,1953,2624,3271.02,2.73955
772,1232,2385,2684.41,2.24825
773,613,-6,613.03,0.51342
774,864,-835,1201.55,1.00632
775,729,195,754.63,0.63202
776,-21,755,755.29,0.63257
777,-631,391,742.32,0.62171
778,-366,340,499.56,0.41839
779,217,703,735.73,0.61619
780,178,898,915.47,0.76673
781,134,1146,1153.81,0.96634
782,362,610,709.33,0.59408
783,483,228,534.11,0.44733
784,542,-441,698.75,0.58521
785,-329,-607,690.43,0.57825
786,-652,-191,679.40,0.56901
787,121,839,847.68,0.70995
788,1169,1816,2159.73,1.80882
789,1125,1982,2279.02,1.90873
790,261,1348,1373.03,1.14995
791,-102,907,912.72,0.76442
792,241,916,947.17,0.79328
793,563,655,863.71,0.72337
794,626,-2,626.00,0.52429
795,211,-261,335.62,0.28109
796,-347,1,347.00,0.29062
797,-773,144,786.30,0.65854
798,-264,65,271.88,0.22771
799,674,152,690.93,0.57867
800,782,736,1073.88,0.89940
801,-38,987,987.73,0.82725
802,-734,832,1109.50,0.92923
803,-470,589,753.54,0.63110
804,83,511,517.70,0.43358
805,219,270,347.65,0.29116
806,146,29,148.85,0.12467
807,107,83,135.42,0.11342
808,-118,168,205.30,0.17194
809,-495,-7,495.05,0.41461
810,-522,-279,591.88,0.49571
811,334,74,342.10,0.28652
812,950,958,1349.17,1.12996
813,409,1323,1384.78,1.15978
814,-427,408,590.59,0.49463
815,-343,-72,350.48,0.29353
816,290,382,479.61,0.40168
817,329,777,843.78,0.70669
818,-458,663,805.81,0.67488
819,-546,448,706.27,0.59152
820,-136,460,479.68,0.40174
821,179,576,603.17,0.50517
822,259,442,512.29,0.42906
823,385,380,540.95,0.45306
824,787,228,819.36,0.68623
825,852,132,862.16,0.72208
826,385,-9,385.11,0.32253
827,57,-17,59.48,0.04982
828,-25,204,205.53,0.17213
829,-24,265,266.08,0.22285
830,-262,34,264.20,0.22127
831,-359,-67,365.20,0.30586
832,-108,74,130.92,0.10965
833,289,304,419.45,0.35130
834,255,411,483.68,0.40509
835,-42,418,420.10,0.35185
836,-142,225,266.06,0.22283
837,175,295,343.00,0.28727
838,367,349,506.45,0.42416
839,87,188,207.15,0.17350
840,-358,91,369.38,0.30937
841,-209,135,248.81,0.20838
842,376,503,628.00,0.52596
843,1155,825,1419.38,1.18876
844,1086,887,1402.20,1.17437
845,-158,470,495.85,0.41528
# END
# FRAME,67,RX_TS,427689923812,FP_INDEX,748.0312,FP_INT,748,RXPACC,984,RXPWR,-67.14,FP_PWR,-79.94,STD_NOISE,60.00,NTM,13,NOISE_THRESH,780.00,PEAK_IDX,752,PEAK_AMPL,17712,START,698,elapsed_s,6.9438
sample,real,imag,amplitude,amplitude_norm
698,86,106,136.50,0.13872
699,98,157,185.08,0.18809
700,137,111,176.32,0.17919
701,61,40,72.95,0.07413
702,96,74,121.21,0.12318
703,219,109,244.63,0.24860
704,184,172,251.87,0.25597
705,120,91,150.60,0.15305
706,234,98,253.69,0.25782
707,219,163,273.00,0.27744
708,36,144,148.43,0.15085
709,17,77,78.85,0.08014
710,71,65,96.26,0.09783
711,163,137,212.93,0.21639
712,117,197,229.12,0.23285
713,41,157,162.27,0.16490
714,74,49,88.75,0.09020
715,233,-29,234.80,0.23862
716,169,-164,235.49,0.23932
717,26,-287,288.18,0.29286
718,-20,-257,257.78,0.26197
719,255,134,288.06,0.29275
720,221,501,547.58,0.55648
721,113,557,568.35,0.57759
722,-4,77,77.10,0.07836
723,18,-254,254.64,0.25878
724,126,-27,128.86,0.13096
725,74,258,268.40,0.27277
726,-21,199,200.10,0.20336
727,1,135,135.00,0.13720
728,84,47,96.25,0.09782
729,68,43,80.45,0.08176
730,79,147,166.88,0.16960
731,120,148,190.54,0.19363
732,124,118,171.17,0.17396
733,168,49,175.00,0.17785
734,105,58,119.95,0.12190
735,98,128,161.21,0.16383
736,156,45,162.36,0.16500
737,151,-10,151.33,0.15379
738,63,-62,88.39,0.08983
739,55,-71,89.81,0.09127
740,53,85,100.17,0.10180
741,113,144,183.04,0.18602
742,150,128,197.19,0.20040
743,90,154,178.37,0.18127
744,70,95,118.00,0.11992
745,91,50,103.83,0.10552
746,212,4,212.04,0.21549
747,1374,-694,1539.32,1.56435
748,8046,-4029,8998.39,9.14470
749,15701,-6296,16916.29,17.19136
750,16399,-2692,16618.49,16.88871
751,-133,7347,7348.20,7.46769
752,-15491,8589,17712.76,18.00078
753,-16198,3488,16569.29,16.83871
754,-1841,-4358,4730.90,4.80783
755,9865,-5282,11190.07,11.37203
756,2952,416,2981.17,3.02964
757,-4066,2658,4857.71,4.93669
758,-2188,315,2210.56,2.24650
759,1418,-1123,1808.83,1.83824
760,1266,-66,1267.72,1.28833
761,-241,896,927.85,0.94293
762,-413,646,766.74,0.77920
763,439,211,487.07,0.49499
764,739,258,782.74,0.79547
765,321,106,338.05,0.34355
766,-72,-419,425.14,0.43205
767,-46,-576,577.83,0.58723
768,82,-365,374.10,0.38018
769,217,-1236,1254.90,1.27531
770,792,-2983,3086.35,3.13653
771,1366,-2486,2836.57,2.88270
772,993,386,1065.38,1.08271
773,228,2152,2164.04,2.19923
774,151,1334,1342.52,1.36435
775,730,127,740.96,0.75301
776,993,82,996.38,1.01258
777,217,404,458.59,0.46605
778,-739,137,751.59,0.76381
779,-832,-80,835.84,0.84943
780,-353,262,439.61,0.44675
781,11,668,668.09,0.67895
782,-40,617,618.30,0.62835
783,-226,527,573.42,0.58274
784,95,340,353.02,0.35876
785,398,148,424.63,0.43153
786,427,-476,639.46,0.64985
787,-236,-939,968.20,0.98395
788,-335,-485,589.45,0.59903
789,15,743,743.15,0.75524
790,122,1672,1676.45,1.70370
791,-201,1383,1397.53,1.42025
792,-515,702,870.65,0.88481
793,-219,435,487.02,0.49494
794,59,498,501.48,0.50964
795,308,331,452.13,0.45949
796,419,-8,419.08,0.42589
797,209,-306,370.56,0.37659
798,-262,-503,567.14,0.57637
799,-422,-622,751.64,0.76387
800,0,-287,287.00,0.29167
801,328,412,526.62,0.53518
802,91,693,698.95,0.71031
803,-415,303,513.84,0.52220
804,-464,-66,468.67,0.47629
805,-222,-22,223.09,0.22671
806,60,223,230.93,0.23469
807,148,56,158.24,0.16081
808,69,-171,184.40,0.18739
809,-5,-199,199.06,0.20230
810,-243,-298,384.52,0.39077
811,-231,-630,671.01,0.68193
812,57,-576,578.81,0.58823
813,357,295,463.11,0.47064
814,112,1185,1190.28,1.20964
815,-634,948,1140.46,1.15901
816,-472,-124,488.02,0.49595
817,-139,-330,358.08,0.36390
818,119,18,120.35,0.12231
819,-143,353,380.86,0.38706
820,-552,32,552.93,0.56192
821,-459,-121,474.68,0.48240
822,-128,101,163.05,0.16570
823,-26,285,286.18,0.29084
824,-62,213,221.84,0.22545
825,250,185,311.01,0.31606
826,571,336,662.52,0.67330
827,484,137,503.02,0.51120
828,191,-83,208.25,0.21164
829,-11,-110,110.55,0.11235
830,-28,44,52.15,0.05300
831,45,-42,61.55,0.06256
832,-5,-199,199.06,0.20230
833,-51,-266,270.84,0.27525
834,-52,-9,52.77,0.05363
835,0,145,145.00,0.14736
836,18,188,188.86,0.19193
837,-43,63,76.28,0.07752
838,-20,-8,21.54,0.02189
839,57,106,120.35,0.12231
840,188,165,250.14,0.25421
841,62,2,62.03,0.06304
842,-101,-161,190.06,0.19315
843,-33,-96,101.51,0.10316
844,290,429,517.82,0.52624
845,530,954,1091.34,1.10908
846,216,1005,1027.95,1.04466
847,-649,-18,649.25,0.65981
# END
# FRAME,68,RX_TS,434079716082,FP_INDEX,747.8906,FP_INT,747,RXPACC,944,RXPWR,-71.59,FP_PWR,-78.78,STD_NOISE,72.00,NTM,13,NOISE_THRESH,936.00,PEAK_IDX,749,PEAK_AMPL,16831,START,697,elapsed_s,7.0407
sample,real,imag,amplitude,amplitude_norm
697,157,42,162.52,0.17216
698,157,74,173.57,0.18386
699,121,114,166.24,0.17611
700,42,91,100.22,0.10617
701,64,60,87.73,0.09293
702,43,141,147.41,0.15616
703,84,169,188.72,0.19992
704,79,213,227.18,0.24066
705,-3,151,151.03,0.15999
706,-30,135,138.29,0.14650
707,-72,160,175.45,0.18586
708,47,46,65.76,0.06967
709,111,-17,112.29,0.11896
710,27,24,36.12,0.03827
711,4,169,169.05,0.17908
712,33,191,193.83,0.20533
713,41,132,138.22,0.14642
714,65,155,168.08,0.17805
715,225,231,322.47,0.34160
716,323,259,414.02,0.43858
717,484,135,502.47,0.53228
718,486,69,490.87,0.51999
719,189,83,206.42,0.21867
720,-92,-90,128.70,0.13634
721,-67,-39,77.52,0.08212
722,68,105,125.10,0.13252
723,179,152,234.83,0.24876
724,57,126,138.29,0.14650
725,-13,-11,17.03,0.01804
726,96,-76,122.44,0.12971
727,157,-45,163.32,0.17301
728,98,78,125.25,0.13268
729,62,114,129.77,0.13747
730,114,89,144.63,0.15321
731,77,116,139.23,0.14749
732,24,175,176.64,0.18712
733,83,166,185.59,0.19660
734,162,157,225.59,0.23898
735,149,180,233.67,0.24753
736,96,145,173.90,0.18422
737,134,87,159.77,0.16924
738,167,53,175.21,0.18560
739,146,73,163.23,0.17292
740,116,206,236.41,0.25044
741,69,201,212.51,0.22512
742,50,38,62.80,0.06653
743,83,34,89.69,0.09501
744,154,127,199.61,0.21145
745,122,238,267.45,0.28331
746,69,290,298.10,0.31578
747,-95,2120,2122.13,2.24802
748,-1029,9853,9906.59,10.49426
749,-2100,16411,16544.82,17.52629
750,-1826,15549,15655.85,16.58459
751,1541,526,1628.30,1.72489
752,4183,-13119,13769.74,14.58659
753,2914,-7257,7820.19,8.28410
754,169,5914,5916.41,6.26739
755,-695,7154,7187.68,7.61407
756,323,-658,733.00,0.77649
757,964,-3643,3768.39,3.99194
758,804,-841,1163.48,1.23251
759,496,737,888.36,0.94106
760,179,-108,209.06,0.22146
761,-176,-837,855.30,0.90604
762,-510,-470,693.54,0.73468
763,-619,2,619.00,0.65572
764,-487,-142,507.28,0.53737
765,31,-113,117.18,0.12413
766,552,426,697.27,0.73863
767,614,452,762.43,0.80766
768,605,253,655.77,0.69467
769,1109,968,1472.04,1.55937
770,1709,2412,2956.08,3.13144
771,815,2398,2532.71,2.68296
772,-880,465,995.30,1.05434
773,-1241,-1012,1601.32,1.69631
774,-495,-345,603.37,0.63916
775,-343,1062,1116.02,1.18222
776,-762,923,1196.90,1.26790
777,-427,-203,472.80,0.50085
778,321,-799,861.07,0.91215
779,513,-501,717.06,0.75959
780,-64,-220,229.12,0.24271
781,-442,-333,553.40,0.58623
782,-226,-655,692.89,0.73400
783,-28,-945,945.41,1.00150
784,-23,-400,400.66,0.42443
785,-31,286,287.68,0.30474
786,318,617,694.13,0.73530
787,883,418,976.94,1.03489
788,599,42,600.47,0.63609
789,-619,-682,921.02,0.97566
790,-1597,-1384,2113.26,2.23862
791,-1329,-1370,1908.70,2.02193
792,-636,-939,1134.12,1.20139
793,-236,-695,733.98,0.77752
794,-169,-558,583.03,0.61762
795,-183,-25,184.70,0.19566
796,-260,599,652.99,0.69173
797,-68,428,433.37,0.45908
798,552,-330,643.12,0.68127
799,970,-550,1115.08,1.18123
800,462,-201,503.83,0.53372
801,-474,-200,514.47,0.54499
802,-603,-585,840.14,0.88998
803,145,-699,713.88,0.75623
804,502,-457,678.86,0.71913
805,133,-442,461.58,0.48896
806,-155,-439,465.56,0.49318
807,38,-193,196.71,0.20837
808,303,76,312.39,0.33092
809,421,157,449.32,0.47598
810,566,-143,583.79,0.61842
811,774,-54,775.88,0.82191
812,425,138,446.84,0.47335
813,-362,-47,365.04,0.38669
814,-776,-421,882.85,0.93522
815,-447,-809,924.28,0.97911
816,161,-509,533.86,0.56553
817,190,-448,486.63,0.51549
818,-61,-450,454.12,0.48105
819,241,-540,591.34,0.62642
820,581,-442,730.02,0.77332
821,567,-431,712.21,0.75446
822,305,-437,532.91,0.56452
823,201,-364,415.81,0.44048
824,20,-209,209.95,0.22241
825,-210,-111,237.53,0.25162
826,-389,41,391.15,0.41436
827,-302,132,329.59,0.34914
828,-35,53,63.51,0.06728
829,152,-111,188.22,0.19938
830,158,-247,293.21,0.31061
831,281,-241,370.19,0.39215
832,482,-132,499.75,0.52939
833,419,-5,419.03,0.44389
834,252,-31,253.90,0.26896
835,112,-281,302.50,0.32044
836,184,-274,330.05,0.34963
837,402,-217,456.83,0.48393
838,345,-157,379.04,0.40153
839,119,-110,162.05,0.17167
840,62,-187,197.01,0.20870
841,244,-152,287.47,0.30453
842,367,-181,409.21,0.43348
843,262,-208,334.53,0.35437
844,-363,-207,417.87,0.44266
845,-883,-133,892.96,0.94593
846,-728,-169,747.36,0.79169
# END
# FRAME,69,RX_TS,440469508343,FP_INDEX,747.7656,FP_INT,747,RXPACC,985,RXPWR,-68.81,FP_PWR,-78.30,STD_NOISE,56.00,NTM,13,NOISE_THRESH,728.00,PEAK_IDX,749,PEAK_AMPL,17871,START,697,elapsed_s,7.0895
sample,real,imag,amplitude,amplitude_norm
697,73,85,112.04,0.11375
698,156,106,188.61,0.19148
699,145,120,188.22,0.19108
700,85,194,211.80,0.21503
701,82,97,127.02,0.12895
702,148,19,149.21,0.15149
703,220,54,226.53,0.22998
704,122,115,167.66,0.17021
705,130,121,177.60,0.18030
706,260,130,290.69,0.29512
707,206,115,235.93,0.23952
708,128,98,161.21,0.16366
709,101,87,133.30,0.13533
710,147,165,220.98,0.22435
711,196,205,283.62,0.28794
712,126,151,196.66,0.19966
713,115,46,123.86,0.12574
714,145,-53,154.38,0.15673
715,186,-33,188.90,0.19178
716,140,-45,147.05,0.14929
717,-101,-179,205.53,0.20866
718,25,-258,259.21,0.26316
719,305,97,320.05,0.32493
720,179,437,472.24,0.47943
721,-47,306,309.59,0.31430
722,88,51,101.71,0.10326
723,238,-82,251.73,0.25556
724,261,112,284.02,0.28834
725,129,224,258.49,0.26243
726,3,166,166.03,0.16856
727,15,92,93.21,0.09463
728,8,82,82.39,0.08364
729,22,88,90.71,0.09209
730,58,-32,66.24,0.06725
731,191,52,197.95,0.20097
732,283,170,330.13,0.33516
733,171,147,225.50,0.22893
734,13,175,175.48,0.17815
735,145,121,188.85,0.19173
736,157,130,203.84,0.20694
737,11,202,202.30,0.20538
738,-47,108,117.78,0.11958
739,45,27,52.48,0.05328
740,164,118,202.04,0.20512
741,178,136,224.01,0.22742
742,171,98,197.09,0.20009
743,84,35,91.00,0.09239
744,32,13,34.54,0.03507
745,59,60,84.15,0.08543
746,329,-24,329.87,0.33490
747,2649,-1523,3055.61,3.10214
748,10482,-5585,11877.06,12.05793
749,16412,-6188,17539.81,17.80692
750,15949,-752,15966.72,16.20987
751,-407,7386,7397.21,7.50985
752,-15115,5709,16157.22,16.40327
753,-13410,-1877,13540.72,13.74693
754,299,-5127,5135.71,5.21392
755,6584,-1169,6686.97,6.78881
756,1533,2257,2728.39,2.76994
757,-2649,1326,2962.34,3.00746
758,-1522,-590,1632.36,1.65721
759,388,-591,706.98,0.71775
760,372,365,521.16,0.52910
761,-129,698,709.82,0.72063
762,81,537,543.07,0.55134
763,584,498,767.50,0.77919
764,561,538,777.28,0.78912
765,-6,43,43.42,0.04408
766,-436,-623,760.41,0.77199
767,-245,-606,653.65,0.66361
768,-173,-540,567.04,0.57567
769,214,-1904,1915.99,1.94517
770,879,-3227,3344.57,3.39551
771,1031,-1826,2096.96,2.12889
772,210,798,825.17,0.83774
773,-525,1648,1729.60,1.75594
774,-34,776,776.74,0.78857
775,884,295,931.92,0.94612
776,734,614,956.95,0.97152
777,-239,327,405.03,0.41120
778,-902,-377,977.62,0.99250
779,-525,-440,685.00,0.69543
780,29,117,120.54,0.12238
781,155,449,475.00,0.48223
782,-89,243,258.79,0.26273
783,-237,304,385.47,0.39134
784,61,450,454.12,0.46103
785,318,499,591.71,0.60072
786,204,-199,284.99,0.28933
787,-175,-929,945.34,0.95974
788,-130,-362,384.63,0.39049
789,87,1383,1385.73,1.40684
790,90,2483,2484.63,2.52247
791,-106,1972,1974.85,2.00492
792,-204,846,870.25,0.88350
793,-258,586,640.28,0.65003
794,-285,678,735.47,0.74667
795,-114,316,335.93,0.34105
796,218,-62,226.65,0.23010
797,50,-155,162.86,0.16535
798,-430,-306,527.77,0.53580
799,-432,-458,629.59,0.63918
800,54,-132,142.62,0.14479
801,216,523,565.85,0.57447
802,-256,644,693.02,0.70357
803,-687,185,711.47,0.72231
804,-575,46,576.84,0.58562
805,-229,107,252.76,0.25661
806,8,119,119.27,0.12108
807,169,98,195.36,0.19833
808,184,65,195.14,0.19812
809,-191,14,191.51,0.19443
810,-462,-217,510.42,0.51820
811,-328,-440,548.80,0.55716
812,160,-65,172.70,0.17533
813,296,599,668.14,0.67832
814,-155,1210,1219.89,1.23846
815,-692,860,1103.84,1.12065
816,-405,1,405.00,0.41117
817,-150,-81,170.47,0.17307
818,-314,290,427.43,0.43394
819,-742,309,803.77,0.81601
820,-682,119,692.30,0.70285
821,-296,71,304.40,0.30903
822,-59,87,105.12,0.10672
823,-24,65,69.29,0.07034
824,-24,273,274.05,0.27823
825,220,470,518.94,0.52684
826,499,564,753.06,0.76453
827,378,207,430.97,0.43753
828,189,-233,300.02,0.30459
829,-2,-114,114.02,0.11575
830,69,98,119.85,0.12168
831,11,152,152.40,0.15472
832,-98,-159,186.78,0.18962
833,-199,-247,317.19,0.32202
834,-32,-48,57.69,0.05857
835,16,210,210.61,0.21382
836,-87,164,185.65,0.18847
837,-154,7,154.16,0.15651
838,-175,-12,175.41,0.17808
839,28,207,208.89,0.21207
840,118,261,286.43,0.29080
841,48,-5,48.26,0.04899
842,-24,-74,77.79,0.07898
843,-32,217,219.35,0.22269
844,175,912,928.64,0.94278
845,399,1186,1251.32,1.27037
846,-25,945,945.33,0.95973
# END
# FRAME,70,RX_TS,446859300554,FP_INDEX,747.1875,FP_INT,747,RXPACC,934,RXPWR,-68.79,FP_PWR,-80.19,STD_NOISE,60.00,NTM,13,NOISE_THRESH,780.00,PEAK_IDX,749,PEAK_AMPL,17007,START,697,elapsed_s,7.1353
sample,real,imag,amplitude,amplitude_norm
697,186,170,251.98,0.26979
698,175,121,212.76,0.22779
699,131,41,137.27,0.14697
700,127,98,160.42,0.17175
701,-34,123,127.61,0.13663
702,-7,125,125.20,0.13404
703,52,120,130.78,0.14002
704,80,67,104.35,0.11172
705,-9,52,52.77,0.05650
706,19,24,30.61,0.03277
707,186,27,187.95,0.20123
708,274,122,299.93,0.32113
709,149,151,212.14,0.22713
710,-65,55,85.15,0.09116
711,-5,29,29.43,0.03151
712,100,110,148.66,0.15917
713,104,182,209.62,0.22443
714,50,180,186.82,0.20002
715,51,238,243.40,0.26060
716,139,455,475.76,0.50938
717,175,488,518.43,0.55506
718,89,312,324.45,0.34737
719,244,-144,283.32,0.30334
720,323,-173,366.41,0.39230
721,156,112,192.04,0.20561
722,-8,260,260.12,0.27850
723,-16,93,94.37,0.10103
724,146,-36,150.37,0.16100
725,236,35,238.58,0.25544
726,215,149,261.58,0.28007
727,88,132,158.64,0.16985
728,74,52,90.44,0.09683
729,84,37,91.79,0.09827
730,91,80,121.17,0.12973
731,51,97,109.59,0.11733
732,-6,54,54.33,0.05817
733,11,18,21.10,0.02259
734,54,2,54.04,0.05786
735,100,145,176.14,0.18859
736,158,129,203.97,0.21839
737,172,158,233.56,0.25006
738,83,147,168.81,0.18074
739,-3,62,62.07,0.06646
740,30,11,31.95,0.03421
741,16,38,41.23,0.04414
742,74,177,191.85,0.20540
743,79,186,202.08,0.21636
744,100,109,147.92,0.15838
745,67,50,83.60,0.08951
746,-708,460,844.31,0.90398
747,-6140,2425,6601.53,7.06802
748,-14574,4073,15132.44,16.20176
749,-16419,2157,16560.08,17.73028
750,-5108,-1410,5299.03,5.67348
751,14283,-931,14313.31,15.32474
752,15392,3552,15796.53,16.91277
753,2697,5434,6066.48,6.49516
754,-7531,1259,7635.51,8.17507
755,-2371,-1759,2952.24,3.16086
756,3900,-598,3945.58,4.22439
757,2744,1151,2975.62,3.18589
758,-557,870,1033.03,1.10603
759,-898,-409,986.75,1.05648
760,559,-841,1009.83,1.08119
761,801,-555,974.49,1.04335
762,111,-330,348.17,0.37277
763,-150,-426,451.64,0.48355
764,282,-292,405.94,0.43463
765,300,217,370.26,0.39642
766,-4,383,383.02,0.41009
767,118,268,292.83,0.31352
768,106,814,820.87,0.87888
769,-989,1979,2212.37,2.36870
770,-1734,1335,2188.37,2.34301
771,0,-1018,1018.00,1.08994
772,2165,-2176,3069.56,3.28647
773,1754,-892,1967.79,2.10684
774,-368,385,532.59,0.57022
775,-930,286,972.98,1.04174
776,225,-367,430.48,0.46090
777,1081,-423,1160.81,1.24284
778,808,-50,809.55,0.86675
779,460,181,494.33,0.52926
780,381,60,385.70,0.41295
781,307,-268,407.52,0.43632
782,330,-523,618.41,0.66211
783,67,-542,546.13,0.58472
784,30,-292,293.54,0.31428
785,-77,390,397.53,0.42562
786,-63,1021,1022.94,1.09523
787,-12,805,805.09,0.86198
788,200,-296,357.23,0.38248
789,619,-1382,1514.29,1.62130
790,835,-1412,1640.42,1.75634
791,727,-932,1182.01,1.26554
792,517,-716,883.14,0.94555
793,531,-545,760.91,0.81468
794,500,-162,525.59,0.56273
795,210,84,226.18,0.24216
796,-53,189,196.29,0.21016
797,109,227,251.81,0.26961
798,351,368,508.55,0.54449
799,370,360,516.24,0.55272
800,246,-244,346.49,0.37097
801,363,-673,764.66,0.81869
802,583,-349,679.48,0.72749
803,686,205,715.98,0.76657
804,611,355,706.64,0.75658
805,269,24,270.07,0.28915
806,125,-210,244.39,0.26166
807,273,-118,297.41,0.31843
808,447,-60,451.01,0.48288
809,591,1,591.00,0.63276
810,510,184,542.18,0.58049
811,137,144,198.76,0.21280
812,-40,-386,388.07,0.41549
813,225,-731,764.84,0.81889
814,894,-584,1067.84,1.14330
815,698,300,759.74,0.81343
816,267,495,562.42,0.60216
817,396,277,483.26,0.51741
818,664,85,669.42,0.71672
819,785,388,875.65,0.93753
820,695,228,731.44,0.78313
821,328,-92,340.66,0.36473
822,177,-142,226.92,0.24296
823,217,-61,225.41,0.24134
824,138,-176,223.65,0.23946
825,-66,-480,484.52,0.51875
826,-163,-348,384.28,0.41144
827,-69,255,264.17,0.28284
828,129,476,493.17,0.52802
829,144,232,273.06,0.29235
830,48,-22,52.80,0.05653
831,139,75,157.94,0.16910
832,159,239,287.06,0.30734
833,173,151,229.63,0.24586
834,292,-25,293.07,0.31378
835,458,83,465.46,0.49835
836,535,212,575.47,0.61614
837,426,270,504.36,0.54000
838,252,56,258.15,0.27639
839,129,-147,195.58,0.20940
840,158,-37,162.27,0.17374
841,212,273,345.65,0.37007
842,293,190,349.21,0.37389
843,91,-292,305.85,0.32746
844,-98,-925,930.18,0.99591
845,6,-909,909.02,0.97325
846,567,-78,572.34,0.61278
# END
# FRAME,71,RX_TS,453249093265,FP_INDEX,746.9531,FP_INT,746,RXPACC,1090,RXPWR,-69.97,FP_PWR,-79.43,STD_NOISE,68.00,NTM,13,NOISE_THRESH,884.00,PEAK_IDX,748,PEAK_AMPL,18792,START,696,elapsed_s,7.2721
sample,real,imag,amplitude,amplitude_norm
696,45,130,137.57,0.12621
697,88,61,107.07,0.09823
698,46,41,61.62,0.05653
699,64,169,180.71,0.16579
700,140,118,183.10,0.16798
701,249,70,258.65,0.23730
702,210,70,221.36,0.20308
703,141,87,165.68,0.15200
704,97,100,139.32,0.12781
705,274,134,305.01,0.27983
706,314,204,374.45,0.34353
707,134,85,158.69,0.14558
708,-76,65,100.00,0.09175
709,57,131,142.86,0.13107
710,242,210,320.41,0.29396
711,238,279,366.72,0.33644
712,93,146,173.10,0.15881
713,34,63,71.59,0.06568
714,92,53,106.17,0.09741
715,81,-165,183.81,0.16863
716,-170,-206,267.09,0.24503
717,-279,-128,306.96,0.28162
718,-59,183,192.28,0.17640
719,118,475,489.44,0.44903
720,246,419,485.88,0.44576
721,210,77,223.67,0.20520
722,213,-150,260.52,0.23901
723,233,69,243.00,0.22294
724,122,247,275.49,0.25274
725,62,181,191.32,0.17553
726,87,118,146.60,0.13450
727,69,160,174.24,0.15986
728,1,136,136.00,0.12477
729,-78,130,151.60,0.13909
730,38,156,160.56,0.14730
731,108,162,194.70,0.17862
732,143,170,222.15,0.20380
733,109,53,121.20,0.11119
734,74,-26,78.43,0.07196
735,143,8,143.22,0.13140
736,209,121,241.50,0.22156
737,56,120,132.42,0.12149
738,-9,31,32.28,0.02961
739,59,54,79.98,0.07338
740,128,148,195.67,0.17952
741,109,160,193.60,0.17761
742,140,34,144.07,0.13217
743,98,23,100.66,0.09235
744,84,140,163.27,0.14979
745,131,106,168.51,0.15460
746,1699,-1059,2002.02,1.83672
747,9160,-5911,10901.63,10.00149
748,16409,-9923,19176.06,17.59271
749,16209,-9992,19041.32,17.46910
750,762,-3330,3416.07,3.13401
751,-16393,5893,17420.04,15.98169
752,-14232,6283,15557.18,14.27264
753,1016,-24,1016.28,0.93237
754,7814,-3309,8485.76,7.78510
755,1055,-403,1129.35,1.03610
756,-3990,1881,4411.15,4.04693
757,-1901,816,2068.73,1.89792
758,1066,-511,1182.15,1.08454
759,672,-99,679.25,0.62317
760,-732,919,1174.90,1.07789
761,-643,1115,1287.12,1.18084
762,443,780,897.02,0.82296
763,635,722,961.51,0.88212
764,-13,497,497.17,0.45612
765,-391,-101,403.83,0.37049
766,-232,-232,328.10,0.30101
767,-136,-139,194.47,0.17841
768,224,-1330,1348.73,1.23737
769,1469,-3186,3508.36,3.21867
770,2267,-2005,3026.44,2.77655
771,1074,1793,2090.05,1.91748
772,-667,3556,3618.01,3.31928
773,-572,1570,1670.95,1.53298
774,1246,-582,1375.22,1.26167
775,1943,-626,2041.35,1.87280
776,959,358,1023.64,0.93912
777,-369,648,745.70,0.68413
778,-941,406,1024.85,0.94023
779,-729,510,889.69,0.81623
780,-78,749,753.05,0.69087
781,38,912,912.79,0.83742
782,-327,1190,1234.11,1.13221
783,-69,934,936.55,0.85922
784,183,639,664.69,0.60981
785,125,-232,263.53,0.24177
786,-130,-1091,1098.72,1.00800
787,-85,-698,703.16,0.64510
788,-70,814,817.00,0.74955
789,-141,2081,2085.77,1.91355
790,-266,2069,2086.03,1.91379
791,49,1263,1263.95,1.15959
792,202,805,829.96,0.76143
793,-186,770,792.15,0.72674
794,-730,552,915.21,0.83964
795,-421,268,499.06,0.45786
796,45,53,69.53,0.06379
797,23,-171,172.54,0.15829
798,-203,-241,315.10,0.28909
799,-164,56,173.30,0.15899
800,-79,820,823.80,0.75578
801,-397,1082,1152.53,1.05737
802,-621,538,821.64,0.75379
803,-601,157,621.17,0.56988
804,-436,253,504.09,0.46247
805,-262,429,502.68,0.46117
806,-250,397,469.16,0.43042
807,-249,150,290.69,0.26669
808,-242,102,262.62,0.24093
809,-382,322,499.61,0.45836
810,-519,352,627.11,0.57533
811,-148,492,513.78,0.47136
812,252,765,805.44,0.73893
813,190,1157,1172.50,1.07569
814,-636,1006,1190.18,1.09191
815,-576,24,576.50,0.52890
816,-374,42,376.35,0.34528
817,-492,802,940.89,0.86320
818,-764,754,1073.41,0.98478
819,-889,57,890.83,0.81727
820,-516,-72,521.00,0.47798
821,-162,43,167.61,0.15377
822,-86,285,297.69,0.27311
823,-248,425,492.07,0.45144
824,-76,656,660.39,0.60586
825,138,697,710.53,0.65186
826,159,384,415.62,0.38130
827,-92,31,97.08,0.08907
828,-110,-114,158.42,0.14534
829,-2,23,23.09,0.02118
830,57,93,109.08,0.10007
831,-66,12,67.08,0.06154
832,-99,-62,116.81,0.10717
833,-24,164,165.75,0.15206
834,-64,351,356.79,0.32733
835,-259,394,471.51,0.43257
836,-390,170,425.44,0.39031
837,-327,112,345.65,0.31711
838,-93,293,307.41,0.28202
839,27,489,489.74,0.44931
840,-24,289,289.99,0.26605
841,-151,64,164.00,0.15046
842,-181,121,217.72,0.19974
843,116,644,654.36,0.60033
844,625,1090,1256.47,1.15273
845,525,1087,1207.14,1.10747
# END
# FRAME,72,RX_TS,459638885452,FP_INDEX,753.1094,FP_INT,753,RXPACC,1095,RXPWR,-69.67,FP_PWR,-82.57,STD_NOISE,80.00,NTM,13,NOISE_THRESH,1040.00,PEAK_IDX,755,PEAK_AMPL,18520,START,703,elapsed_s,7.3106
sample,real,imag,amplitude,amplitude_norm
703,231,100,251.72,0.22988
704,95,-43,104.28,0.09523
705,1,73,73.01,0.06667
706,38,166,170.29,0.15552
707,109,185,214.72,0.19609
708,109,127,167.36,0.15284
709,108,82,135.60,0.12384
710,101,116,153.81,0.14046
711,-9,142,142.28,0.12994
712,4,75,75.11,0.06859
713,191,50,197.44,0.18031
714,349,135,374.20,0.34174
715,235,111,259.90,0.23735
716,102,26,105.26,0.09613
717,43,29,51.87,0.04737
718,159,62,170.66,0.15585
719,97,110,146.66,0.13394
720,128,195,233.26,0.21302
721,219,237,322.69,0.29470
722,311,404,509.84,0.46561
723,370,413,554.50,0.50639
724,42,278,281.15,0.25676
725,31,-172,174.77,0.15961
726,178,-262,316.75,0.28927
727,138,114,179.00,0.16347
728,72,410,416.27,0.38016
729,-83,298,309.34,0.28250
730,-6,79,79.23,0.07235
731,222,-39,225.40,0.20584
732,232,43,235.95,0.21548
733,213,185,282.12,0.25765
734,165,116,201.70,0.18420
735,147,60,158.77,0.14500
736,162,104,192.51,0.17581
737,71,65,96.26,0.08791
738,80,82,114.56,0.10462
739,105,120,159.45,0.14562
740,134,154,204.14,0.18643
741,45,210,214.77,0.19613
742,-18,195,195.83,0.17884
743,153,241,285.46,0.26070
744,236,169,290.27,0.26509
745,142,137,197.31,0.18020
746,2,91,91.02,0.08313
747,27,145,147.49,0.13470
748,97,223,243.18,0.22208
749,130,113,172.25,0.15730
750,136,121,182.04,0.16624
751,55,187,194.92,0.17801
752,-961,973,1367.57,1.24892
753,-7061,5404,8891.62,8.12020
754,-15109,10056,18149.52,16.57490
755,-16284,8690,18457.65,16.85630
756,-1459,-491,1539.40,1.40585
757,16405,-6698,17719.69,16.18236
758,16408,-908,16433.10,15.00740
759,1236,8247,8339.11,7.61562
760,-8857,7178,11400.44,10.41136
761,-3725,-920,3836.93,3.50405
762,3255,-3895,5076.03,4.63564
763,3354,-572,3402.43,3.10724
764,452,1990,2040.69,1.86364
765,-225,847,876.38,0.80034
766,765,-1179,1405.44,1.28351
767,1024,-1353,1696.82,1.54960
768,144,-476,497.30,0.45416
769,-521,-305,603.71,0.55133
770,-349,-401,531.60,0.48548
771,192,29,194.18,0.17733
772,333,521,618.33,0.56468
773,284,507,581.12,0.53071
774,281,1057,1093.71,0.99883
775,-165,2414,2419.63,2.20971
776,-583,2027,2109.17,1.92619
777,95,-832,837.41,0.76475
778,1064,-2864,3055.26,2.79019
779,640,-1740,1853.97,1.69312
780,-862,82,865.89,0.79077
781,-1345,241,1366.42,1.24787
782,-256,-343,428.00,0.39087
783,929,-540,1074.54,0.98132
784,1182,-403,1248.81,1.14047
785,624,-541,825.87,0.75422
786,-43,-538,539.72,0.49289
787,-69,-321,328.33,0.29985
788,209,-385,438.07,0.40006
789,246,-527,581.59,0.53113
790,34,-368,369.57,0.33750
791,65,626,629.37,0.57476
792,497,1645,1718.44,1.56935
793,687,1378,1539.76,1.40617
794,476,-187,511.41,0.46705
795,313,-1631,1660.76,1.51668
796,196,-1777,1787.78,1.63267
797,115,-804,812.18,0.74172
798,-39,-291,293.60,0.26813
799,-2,-417,417.00,0.38083
800,178,-402,439.65,0.40150
801,97,-174,199.21,0.18193
802,30,120,123.69,0.11296
803,497,333,598.25,0.54634
804,796,560,973.25,0.88881
805,609,372,713.63,0.65172
806,195,-456,495.94,0.45292
807,297,-846,896.62,0.81883
808,636,-446,776.80,0.70940
809,695,68,698.32,0.63773
810,392,0,392.00,0.35799
811,265,-130,295.17,0.26956
812,346,-47,349.18,0.31888
813,276,180,329.51,0.30092
814,197,245,314.38,0.28710
815,292,37,294.33,0.26880
816,352,168,390.04,0.35620
817,-32,242,244.11,0.22293
818,-436,-302,530.38,0.48436
819,-425,-936,1027.97,0.93878
820,463,-826,946.91,0.86476
821,684,108,692.47,0.63240
822,475,277,549.87,0.50216
823,242,-223,329.08,0.30053
824,539,-527,753.82,0.68842
825,1105,-264,1136.10,1.03753
826,1015,-58,1016.66,0.92845
827,500,-146,520.88,0.47569
828,192,-100,216.48,0.19770
829,241,-63,249.10,0.22749
830,180,-224,287.36,0.26243
831,-22,-460,460.53,0.42057
832,-55,-337,341.46,0.31183
833,172,101,199.46,0.18216
834,365,235,434.11,0.39645
835,341,117,360.51,0.32924
836,336,84,346.34,0.31629
837,406,198,451.71,0.41252
838,417,342,539.31,0.49252
839,323,109,340.90,0.31132
840,313,-246,398.10,0.36356
841,511,-292,588.54,0.53748
842,714,-11,714.08,0.65213
843,598,267,654.90,0.59808
844,276,137,308.13,0.28140
845,161,-85,182.06,0.16627
846,315,34,316.83,0.28934
847,468,213,514.19,0.46958
848,375,174,413.40,0.37754
849,51,-445,447.91,0.40905
850,-364,-984,1049.17,0.95814
851,-182,-949,966.29,0.88246
852,823,-79,826.78,0.75505
# END
# FRAME,73,RX_TS,466028677607,FP_INDEX,752.0156,FP_INT,752,RXPACC,927,RXPWR,-69.04,FP_PWR,-80.56,STD_NOISE,60.00,NTM,13,NOISE_THRESH,780.00,PEAK_IDX,754,PEAK_AMPL,16449,START,702,elapsed_s,7.4602
sample,real,imag,amplitude,amplitude_norm
702,72,128,146.86,0.15843
703,76,128,148.86,0.16059
704,79,85,116.04,0.12518
705,125,42,131.87,0.14225
706,149,24,150.92,0.16281
707,65,34,73.36,0.07913
708,46,130,137.90,0.14876
709,126,151,196.66,0.21215
710,223,147,267.09,0.28812
711,309,148,342.61,0.36960
712,92,26,95.60,0.10313
713,-68,-34,76.03,0.08201
714,38,73,82.30,0.08878
715,212,119,243.12,0.26226
716,216,213,303.36,0.32725
717,50,143,151.49,0.16342
718,84,84,118.79,0.12815
719,137,53,146.89,0.15846
720,171,-55,179.63,0.19377
721,120,-292,315.70,0.34056
722,-7,-254,254.10,0.27411
723,78,59,97.80,0.10550
724,-137,250,285.08,0.30753
725,-121,277,302.27,0.32608
726,114,-17,115.26,0.12434
727,291,-142,323.80,0.34930
728,242,53,247.74,0.26724
729,36,198,201.25,0.21709
730,-82,130,153.70,0.16580
731,-41,24,47.51,0.05125
732,14,21,25.24,0.02723
733,65,39,75.80,0.08177
734,56,54,77.79,0.08392
735,74,107,130.10,0.14034
736,124,180,218.58,0.23579
737,56,193,200.96,0.21679
738,46,98,108.26,0.11678
739,90,60,108.17,0.11668
740,156,87,178.62,0.19269
741,72,72,101.82,0.10984
742,37,7,37.66,0.04062
743,-68,41,79.40,0.08566
744,30,60,67.08,0.07236
745,79,150,169.53,0.18288
746,93,204,224.20,0.24185
747,40,103,110.49,0.11920
748,110,74,132.57,0.14301
749,174,21,175.26,0.18906
750,210,23,211.26,0.22789
751,1522,-127,1527.29,1.64756
752,8553,-661,8578.50,9.25405
753,16038,-723,16054.29,17.31854
754,16403,-511,16410.96,17.70330
755,2863,-2362,3711.58,4.00386
756,-13709,-4795,14523.38,15.66708
757,-11187,-6524,12950.35,13.97017
758,3822,-4787,6125.61,6.60799
759,9303,-530,9318.08,10.05187
760,958,1717,1966.18,2.12101
761,-4795,1102,4920.00,5.30745
762,-2268,-330,2291.88,2.47236
763,1027,-610,1194.50,1.28856
764,590,163,612.10,0.66030
765,-1069,880,1384.62,1.49365
766,-1214,938,1534.16,1.65497
767,-210,613,647.97,0.69900
768,180,512,542.72,0.58546
769,-122,394,412.46,0.44494
770,-217,241,324.30,0.34984
771,-148,230,273.50,0.29504
772,-74,234,245.42,0.26475
773,364,-623,721.54,0.77836
774,1331,-1956,2365.90,2.55221
775,1284,-1387,1890.09,2.03893
776,-735,863,1133.58,1.22284
777,-2550,2197,3365.90,3.63096
778,-1508,1382,2045.48,2.20656
779,571,432,716.01,0.77239
780,1190,502,1291.55,1.39326
781,453,986,1085.08,1.17053
782,-302,768,825.24,0.89023
783,-681,230,718.79,0.77540
784,-811,142,823.34,0.88817
785,-467,383,603.97,0.65153
786,-185,661,686.40,0.74045
787,-180,792,812.20,0.87616
788,-175,773,792.56,0.85497
789,-94,618,625.11,0.67433
790,83,-156,176.71,0.19062
791,323,-1007,1057.53,1.14081
792,207,-686,716.55,0.77298
793,-381,780,868.08,0.93644
794,-1100,1681,2008.92,2.16712
795,-1140,1288,1720.04,1.85549
796,-572,561,801.19,0.86428
797,-80,287,297.94,0.32140
798,-298,313,432.17,0.46621
799,-403,152,430.71,0.46463
800,-18,186,186.87,0.20158
801,216,241,323.63,0.34912
802,-149,52,157.81,0.17024
803,-433,-146,456.95,0.49294
804,-372,129,393.73,0.42474
805,-200,820,844.04,0.91050
806,-454,937,1041.19,1.12319
807,-582,382,696.17,0.75099
808,-519,-64,522.93,0.56411
809,-352,106,367.61,0.39656
810,-211,376,431.16,0.46511
811,-34,214,216.68,0.23375
812,34,39,51.74,0.05581
813,-49,4,49.16,0.05303
814,-106,20,107.87,0.11636
815,-88,-85,122.35,0.13198
816,48,81,94.15,0.10157
817,54,603,605.41,0.65309
818,-46,978,979.08,1.05618
819,-191,680,706.32,0.76194
820,64,-116,132.48,0.14292
821,74,-132,151.33,0.16324
822,-370,258,451.07,0.48659
823,-711,34,711.81,0.76787
824,-756,-434,871.72,0.94036
825,-517,-233,567.08,0.61174
826,-147,277,313.59,0.33828
827,1,413,413.00,0.44552
828,-208,334,393.47,0.42446
829,-300,416,512.89,0.55328
830,-229,614,655.31,0.70692
831,69,575,579.13,0.62473
832,187,180,259.56,0.28000
833,-82,-35,89.16,0.09618
834,-171,47,177.34,0.19131
835,-155,122,197.25,0.21279
836,-9,-108,108.37,0.11691
837,51,-122,132.23,0.14264
838,-35,100,105.95,0.11429
839,-201,331,387.25,0.41774
840,-380,196,427.57,0.46124
841,-379,-83,387.98,0.41854
842,-159,-71,174.13,0.18784
843,29,251,252.67,0.27257
844,34,443,444.30,0.47929
845,-30,233,234.92,0.25342
846,-115,-59,129.25,0.13943
847,-132,27,134.73,0.14534
848,-4,649,649.01,0.70012
849,140,1224,1231.98,1.32900
850,29,1100,1100.38,1.18704
851,-238,196,308.32,0.33260
# END
# FRAME,74,RX_TS,472418469754,FP_INDEX,750.0781,FP_INT,750,RXPACC,974,RXPWR,-65.63,FP_PWR,-76.17,STD_NOISE,60.00,NTM,13,NOISE_THRESH,780.00,PEAK_IDX,752,PEAK_AMPL,17617,START,700,elapsed_s,7.5080
sample,real,imag,amplitude,amplitude_norm
700,13,59,60.42,0.06203
701,79,170,187.46,0.19246
702,91,168,191.06,0.19616
703,54,68,86.83,0.08915
704,52,37,63.82,0.06552
705,59,37,69.64,0.07150
706,107,69,127.32,0.13072
707,153,120,194.45,0.19964
708,250,77,261.59,0.26857
709,263,56,268.90,0.27607
710,96,137,167.29,0.17175
711,77,247,258.72,0.26563
712,-29,171,173.44,0.17807
713,83,59,101.83,0.10455
714,74,78,107.52,0.11039
715,131,170,214.62,0.22035
716,111,173,205.55,0.21103
717,14,81,82.20,0.08440
718,-91,11,91.66,0.09411
719,-273,-4,273.03,0.28032
720,-256,31,257.87,0.26475
721,31,-114,118.14,0.12129
722,365,128,386.79,0.39712
723,353,322,477.80,0.49055
724,-13,290,290.29,0.29804
725,-116,-124,169.80,0.17433
726,69,-129,146.29,0.15020
727,214,107,239.26,0.24565
728,150,201,250.80,0.25750
729,23,146,147.80,0.15175
730,51,152,160.33,0.16461
731,191,164,251.75,0.25847
732,88,135,161.15,0.16545
733,127,101,162.27,0.16660
734,141,19,142.27,0.14607
735,119,103,157.38,0.16159
736,81,161,180.23,0.18504
737,59,83,101.83,0.10455
738,87,32,92.70,0.09517
739,115,45,123.49,0.12679
740,16,113,114.13,0.11717
741,47,97,107.79,0.11066
742,40,66,77.18,0.07924
743,158,85,179.41,0.18420
744,72,68,99.04,0.10168
745,28,112,115.45,0.11853
746,54,81,97.35,0.09995
747,162,117,199.83,0.20517
748,94,-4,94.09,0.09660
749,-40,-1231,1231.65,1.26453
750,150,-8462,8463.33,8.68925
751,2472,-16402,16587.24,17.03002
752,7950,-15557,17470.63,17.93699
753,13945,-2252,14125.67,14.50274
754,5134,14894,15754.02,16.17456
755,-7333,12206,14239.36,14.61946
756,-9383,-5413,10832.42,11.12158
757,-1181,-10911,10974.73,11.26769
758,2691,-197,2698.20,2.77023
759,-144,6580,6581.58,6.75726
760,-2677,2874,3927.62,4.03246
761,-1573,-1335,2063.14,2.11822
762,316,-541,626.53,0.64325
763,529,1474,1566.05,1.60786
764,-110,1516,1519.99,1.56056
765,-185,290,343.98,0.35317
766,191,-41,195.35,0.20057
767,-35,556,557.10,0.57197
768,-608,625,871.95,0.89522
769,-675,356,763.13,0.78350
770,-445,237,504.18,0.51764
771,-968,-264,1003.35,1.03014
772,-1513,-1499,2129.83,2.18668
773,-149,-1653,1659.70,1.70401
774,2073,320,2097.55,2.15355
775,2413,2206,3269.40,3.35668
776,598,1621,1727.79,1.77391
777,-585,209,621.21,0.63780
778,-317,-151,351.13,0.36050
779,164,449,478.01,0.49077
780,166,806,822.92,0.84488
781,48,752,753.53,0.77365
782,9,869,869.05,0.89224
783,120,463,478.30,0.49107
784,98,222,242.67,0.24915
785,61,149,161.00,0.16530
786,247,285,377.14,0.38721
787,70,478,483.10,0.49599
788,-697,378,792.90,0.81407
789,-1482,-88,1484.61,1.52424
790,-1025,-181,1040.86,1.06864
791,258,437,507.48,0.52102
792,1281,1279,1810.19,1.85852
793,1118,1364,1763.64,1.81072
794,584,724,930.18,0.95501
795,315,432,534.65,0.54892
796,174,852,869.59,0.89280
797,-106,985,990.69,1.01713
798,-263,465,534.22,0.54848
799,-313,10,313.16,0.32152
800,-595,207,629.98,0.64680
801,-788,398,882.81,0.90637
802,-323,162,361.35,0.37099
803,413,146,438.05,0.44974
804,563,632,846.40,0.86899
805,89,925,929.27,0.95408
806,-351,801,874.53,0.89787
807,-306,510,594.76,0.61063
808,-197,347,399.02,0.40967
809,-174,294,341.63,0.35075
810,-232,290,371.38,0.38129
811,-83,393,401.67,0.41239
812,-212,443,491.11,0.50422
813,-567,298,640.54,0.65764
814,-352,-2,352.01,0.36140
815,377,116,394.44,0.40497
816,895,582,1067.59,1.09609
817,520,1343,1440.16,1.47860
818,-527,816,971.38,0.99731
819,-574,212,611.90,0.62823
820,1,285,285.00,0.29261
821,159,728,745.16,0.76505
822,-318,967,1017.95,1.04512
823,-510,828,972.46,0.99842
824,-234,473,527.72,0.54180
825,-72,242,252.48,0.25922
826,-72,283,292.02,0.29981
827,77,384,391.64,0.40210
828,350,308,466.22,0.47867
829,294,180,344.73,0.35393
830,-134,83,157.62,0.16183
831,-421,247,488.11,0.50114
832,-322,418,527.64,0.54173
833,-315,459,556.69,0.57155
834,-383,208,435.84,0.44747
835,-446,32,447.15,0.45908
836,-230,27,231.58,0.23776
837,58,303,308.50,0.31674
838,18,519,519.31,0.53317
839,-254,645,693.21,0.71172
840,-334,420,536.62,0.55094
841,-103,220,242.92,0.24940
842,-11,166,166.36,0.17080
843,-147,227,270.44,0.27766
844,-401,353,534.24,0.54850
845,-255,397,471.84,0.48444
846,372,317,488.75,0.50179
847,1025,239,1052.50,1.08059
848,935,590,1105.59,1.13510
849,-74,1342,1344.04,1.37992
# END
# FRAME,75,RX_TS,478808262371,FP_INDEX,747.9687,FP_INT,747,RXPACC,974,RXPWR,-69.83,FP_PWR,-77.84,STD_NOISE,64.00,NTM,13,NOISE_THRESH,832.00,PEAK_IDX,750,PEAK_AMPL,18324,START,697,elapsed_s,7.5777
sample,real,imag,amplitude,amplitude_norm
697,97,95,135.77,0.13940
698,-54,-10,54.92,0.05638
699,8,35,35.90,0.03686
700,58,201,209.20,0.21479
701,166,295,338.50,0.34753
702,190,125,227.43,0.23350
703,121,-11,121.50,0.12474
704,71,-34,78.72,0.08082
705,124,134,182.57,0.18744
706,255,194,320.41,0.32896
707,245,162,293.72,0.30156
708,80,66,103.71,0.10648
709,-89,51,102.58,0.10531
710,-3,71,71.06,0.07296
711,120,121,170.41,0.17496
712,156,90,180.10,0.18491
713,84,152,173.67,0.17830
714,51,159,166.98,0.17144
715,149,120,191.31,0.19642
716,86,-31,91.42,0.09386
717,-32,-312,313.64,0.32201
718,-123,-330,352.18,0.36158
719,-44,-153,159.20,0.16345
720,149,215,261.58,0.26857
721,155,305,342.13,0.35126
722,38,-24,44.94,0.04614
723,136,-235,271.52,0.27876
724,177,-3,177.03,0.18175
725,91,177,199.02,0.20434
726,9,192,192.21,0.19734
727,-25,105,107.94,0.11082
728,64,41,76.01,0.07804
729,66,43,78.77,0.08087
730,93,100,136.56,0.14021
731,58,143,154.31,0.15843
732,96,136,166.47,0.17091
733,47,139,146.73,0.15065
734,59,94,110.98,0.11394
735,135,53,145.03,0.14890
736,174,104,202.71,0.20812
737,112,153,189.61,0.19467
738,16,103,104.24,0.10702
739,-52,-1,52.01,0.05340
740,48,29,56.08,0.05758
741,125,72,144.25,0.14810
742,237,131,270.80,0.27802
743,134,102,168.40,0.17290
744,44,41,60.14,0.06175
745,71,106,127.58,0.13099
746,179,18,179.90,0.18471
747,1513,-846,1733.46,1.77973
748,8390,-4757,9644.75,9.90220
749,15296,-7944,17235.86,17.69595
750,16402,-7956,18229.74,18.71637
751,13589,-5605,14699.56,15.09195
752,-1626,3104,3504.10,3.59764
753,-9785,6187,11576.92,11.88596
754,-2726,-678,2809.05,2.88403
755,4123,-5316,6727.48,6.90706
756,1917,-1315,2324.68,2.38673
757,-3189,3619,4823.58,4.95234
758,-3919,3432,5209.34,5.34839
759,-1272,449,1348.92,1.38493
760,-12,-525,525.14,0.53916
761,-567,374,679.24,0.69737
762,-1297,1176,1750.77,1.79750
763,-992,1135,1507.41,1.54765
764,-308,814,870.32,0.89355
765,-354,455,576.49,0.59188
766,-610,45,611.66,0.62799
767,-670,22,670.36,0.68826
768,-452,27,452.81,0.46489
769,-204,-995,1015.70,1.04281
770,760,-2622,2729.92,2.80280
771,1482,-1891,2402.54,2.46667
772,713,1485,1647.30,1.69127
773,-929,3591,3709.22,3.80824
774,-1577,2337,2819.31,2.89457
775,-833,150,846.40,0.86899
776,-67,-436,441.12,0.45289
777,-80,155,174.43,0.17908
778,-444,774,892.31,0.91613
779,-607,734,952.47,0.97790
780,-714,466,852.61,0.87537
781,-440,237,499.77,0.51311
782,-305,363,474.12,0.48678
783,-363,470,593.86,0.60971
784,-328,677,752.27,0.77235
785,-120,492,506.42,0.51994
786,-656,-87,661.74,0.67941
787,-1202,-922,1514.89,1.55533
788,-925,-801,1223.61,1.25627
789,-500,899,1028.69,1.05615
790,-709,2453,2553.41,2.62157
791,-993,2002,2234.74,2.29439
792,-930,759,1200.41,1.23245
793,-805,191,827.35,0.84943
794,-954,614,1134.51,1.16479
795,-824,903,1222.45,1.25508
796,-301,560,635.77,0.65274
797,-47,-101,111.40,0.11437
798,-368,-412,552.42,0.56717
799,-506,-346,612.99,0.62935
800,-152,245,288.32,0.29602
801,19,1024,1024.18,1.05152
802,-458,1270,1350.06,1.38610
803,-1213,718,1409.57,1.44720
804,-1194,83,1196.88,1.22883
805,-695,81,699.70,0.71838
806,-332,250,415.60,0.42669
807,-383,272,469.76,0.48230
808,-442,252,508.79,0.52237
809,-388,235,453.62,0.46573
810,-552,153,572.81,0.58810
811,-703,-257,748.50,0.76848
812,-595,-366,698.56,0.71720
813,44,259,262.71,0.26972
814,436,1032,1120.32,1.15023
815,284,1540,1565.97,1.60777
816,-737,866,1137.16,1.16751
817,-1060,226,1083.82,1.11276
818,-966,464,1071.66,1.10027
819,-1003,499,1120.27,1.15018
820,-1059,180,1074.19,1.10286
821,-1096,239,1121.76,1.15170
822,-746,355,826.16,0.84821
823,-543,461,712.30,0.73131
824,-362,358,509.12,0.52272
825,-263,483,549.96,0.56464
826,-150,513,534.48,0.54875
827,-62,361,366.29,0.37606
828,-332,133,357.65,0.36720
829,-570,128,584.20,0.59979
830,-630,189,657.74,0.67530
831,-473,123,488.73,0.50178
832,-357,-88,367.69,0.37750
833,-206,-102,229.87,0.23601
834,-152,54,161.31,0.16561
835,-220,308,378.50,0.38861
836,-414,309,516.60,0.53039
837,-630,144,646.25,0.66350
838,-634,92,640.64,0.65774
839,-399,222,456.60,0.46879
840,-304,355,467.38,0.47985
841,-365,241,437.39,0.44906
842,-567,85,573.34,0.58864
843,-525,163,549.72,0.56440
844,-145,532,551.41,0.56613
845,361,817,893.20,0.91705
846,395,887,970.98,0.99690
# END
# FRAME,76,RX_TS,485198054466,FP_INDEX,753.4687,FP_INT,753,RXPACC,986,RXPWR,-69.98,FP_PWR,-77.54,STD_NOISE,56.00,NTM,13,NOISE_THRESH,728.00,PEAK_IDX,755,PEAK_AMPL,18148,START,703,elapsed_s,7.7364
sample,real,imag,amplitude,amplitude_norm
703,107,192,219.80,0.22292
704,133,129,185.28,0.18791
705,39,47,61.07,0.06194
706,16,175,175.73,0.17823
707,-19,115,116.56,0.11821
708,-14,74,75.31,0.07638
709,95,101,138.66,0.14063
710,143,116,184.13,0.18675
711,11,221,221.27,0.22442
712,-149,119,190.69,0.19340
713,-51,12,52.39,0.05314
714,186,12,186.39,0.18903
715,206,55,213.22,0.21624
716,126,90,154.84,0.15704
717,44,86,96.60,0.09797
718,39,107,113.89,0.11550
719,180,100,205.91,0.20884
720,159,170,232.77,0.23607
721,119,120,169.00,0.17140
722,251,183,310.63,0.31504
723,477,277,551.60,0.55943
724,394,136,416.81,0.42273
725,208,-180,275.07,0.27898
726,34,-222,224.59,0.22778
727,81,180,197.39,0.20019
728,132,455,473.76,0.48049
729,82,365,374.10,0.37941
730,38,96,103.25,0.10471
731,41,6,41.44,0.04203
732,184,112,215.41,0.21847
733,209,75,222.05,0.22520
734,134,74,153.08,0.15525
735,171,70,184.77,0.18740
736,165,87,186.53,0.18918
737,177,71,190.71,0.19342
738,78,59,97.80,0.09919
739,108,98,145.84,0.14791
740,208,51,214.16,0.21720
741,143,73,160.56,0.16283
742,83,74,111.20,0.11278
743,104,55,117.65,0.11932
744,261,107,282.08,0.28609
745,200,89,218.91,0.22202
746,52,125,135.38,0.13731
747,-15,140,140.80,0.14280
748,34,85,91.55,0.09285
749,98,78,125.25,0.12703
750,119,118,167.59,0.16997
751,117,126,171.94,0.17439
752,-112,585,595.62,0.60408
753,-1984,4372,4801.11,4.86928
754,-6359,12693,14196.80,14.39838
755,-7364,16412,17988.39,18.24380
756,-552,14989,14999.16,15.21213
757,12182,2522,12440.32,12.61696
758,12704,-5622,13892.39,14.08964
759,971,-492,1088.53,1.10399
760,-6396,4662,7914.74,8.02712
761,-1433,1775,2281.25,2.31364
762,3733,-2506,4496.15,4.55999
763,2423,-2344,3371.24,3.41911
764,-497,-286,573.42,0.58156
765,-525,237,576.02,0.58419
766,537,-212,577.33,0.58553
767,460,-568,730.91,0.74128
768,-278,-360,454.85,0.46130
769,-594,-127,607.42,0.61605
770,-157,-110,191.70,0.19442
771,301,-76,310.45,0.31485
772,242,112,266.66,0.27045
773,-2,114,114.02,0.11564
774,374,743,831.82,0.84363
775,984,2235,2442.02,2.47670
776,607,2886,2949.14,2.99102
777,-704,649,957.51,0.97110
778,-1395,-2402,2777.70,2.81714
779,-1001,-2593,2779.51,2.81897
780,-375,-199,424.53,0.43056
781,-352,884,951.50,0.96501
782,-393,-34,394.47,0.40007
783,-267,-874,913.87,0.92685
784,103,-577,586.12,0.59444
785,226,-241,330.39,0.33508
786,95,-332,345.32,0.35023
787,-57,-573,575.83,0.58400
788,6,-762,762.02,0.77284
789,-162,-919,933.17,0.94642
790,-315,-550,633.82,0.64282
791,56,-147,157.31,0.15954
792,1010,294,1051.92,1.06686
793,1361,616,1493.91,1.51513
794,230,-145,271.89,0.27575
795,-1021,-1587,1887.06,1.91386
796,-1036,-2169,2403.72,2.43785
797,-159,-1412,1420.92,1.44110
798,268,-509,575.24,0.58341
799,18,-343,343.47,0.34835
800,-220,-373,433.05,0.43919
801,-398,33,399.37,0.40504
802,-381,403,554.59,0.56246
803,-12,101,101.71,0.10315
804,360,-303,470.54,0.47722
805,250,-227,337.68,0.34248
806,-396,-249,467.78,0.47442
807,-614,-526,808.50,0.81998
808,33,-831,831.65,0.84346
809,606,-670,903.40,0.91623
810,572,-491,753.83,0.76454
811,424,-426,601.04,0.60958
812,384,-321,500.50,0.50760
813,176,-215,277.85,0.28180
814,-124,-101,159.93,0.16220
815,89,-189,208.91,0.21187
816,609,-110,618.85,0.62764
817,752,-10,752.07,0.76274
818,200,56,207.69,0.21064
819,-404,-186,444.76,0.45108
820,-570,-264,628.17,0.63709
821,-72,-303,311.44,0.31586
822,354,-333,486.01,0.49291
823,329,-747,816.24,0.82783
824,370,-961,1029.77,1.04439
825,737,-558,924.41,0.93754
826,762,-283,812.85,0.82440
827,374,-389,539.63,0.54729
828,107,-454,466.44,0.47306
829,121,-335,356.18,0.36124
830,137,-406,428.49,0.43458
831,-16,-554,554.23,0.56210
832,-113,-405,420.47,0.42644
833,20,-143,144.39,0.14644
834,219,-155,268.30,0.27211
835,202,-463,505.15,0.51232
836,172,-439,471.49,0.47819
837,274,-89,288.09,0.29218
838,261,172,312.58,0.31702
839,193,35,196.15,0.19893
840,103,-288,305.86,0.31021
841,197,-290,350.58,0.35556
842,342,-192,392.21,0.39778
843,261,-223,343.29,0.34817
844,133,-338,363.23,0.36838
845,58,-356,360.69,0.36582
846,131,-132,185.97,0.18861
847,308,12,308.23,0.31261
848,432,-9,432.09,0.43823
849,180,-331,376.78,0.38213
850,-508,-535,737.76,0.74823
851,-743,-487,888.38,0.90099
852,-366,-137,390.80,0.39635
# END
# FRAME,77,RX_TS,491587846540,FP_INDEX,749.8281,FP_INT,749,RXPACC,962,RXPWR,-68.51,FP_PWR,-77.67,STD_NOISE,72.00,NTM,13,NOISE_THRESH,936.00,PEAK_IDX,751,PEAK_AMPL,17648,START,699,elapsed_s,7.7801
sample,real,imag,amplitude,amplitude_norm
699,6,84,84.21,0.08754
700,122,142,187.21,0.19461
701,102,160,189.75,0.19724
702,106,95,142.34,0.14796
703,1,22,22.02,0.02289
704,-31,111,115.25,0.11980
705,-24,129,131.21,0.13640
706,44,90,100.18,0.10414
707,-16,134,134.95,0.14028
708,-136,204,245.18,0.25486
709,-71,219,230.22,0.23932
710,66,31,72.92,0.07580
711,265,-35,267.30,0.27786
712,93,82,123.99,0.12889
713,-24,159,160.80,0.16715
714,64,107,124.68,0.12960
715,196,93,216.94,0.22551
716,143,126,190.59,0.19812
717,119,252,278.68,0.28969
718,315,268,413.58,0.42992
719,507,271,574.88,0.59759
720,422,237,484.00,0.50312
721,24,402,402.72,0.41862
722,-367,82,376.05,0.39090
723,-144,-30,147.09,0.15290
724,185,107,213.71,0.22216
725,201,273,339.01,0.35240
726,54,178,186.01,0.19336
727,19,-14,23.60,0.02453
728,188,-34,191.05,0.19860
729,230,39,233.28,0.24250
730,198,153,250.23,0.26011
731,41,103,110.86,0.11524
732,92,58,108.76,0.11305
733,123,138,184.86,0.19216
734,38,172,176.15,0.18311
735,57,124,136.47,0.14186
736,116,37,121.76,0.12657
737,56,146,156.37,0.16255
738,61,141,153.63,0.15970
739,112,72,133.15,0.13841
740,176,39,180.27,0.18739
741,202,110,230.01,0.23909
742,97,203,224.98,0.23387
743,46,157,163.60,0.17006
744,35,75,82.76,0.08603
745,59,105,120.44,0.12520
746,97,207,228.60,0.23763
747,75,202,215.47,0.22399
748,111,317,335.87,0.34914
749,-223,2547,2556.74,2.65774
750,-2092,10670,10873.15,11.30265
751,-5244,16406,17223.71,17.90407
752,-9560,14346,17239.53,17.92051
753,-12164,845,12193.31,12.67496
754,-3882,-13750,14287.49,14.85186
755,3662,-10897,11495.86,11.94996
756,3224,2064,3828.09,3.97930
757,-303,5702,5710.04,5.93560
758,-745,-126,755.58,0.78543
759,1407,-3263,3553.42,3.69379
760,1996,-889,2185.03,2.27134
761,857,1010,1324.59,1.37692
762,68,338,344.77,0.35839
763,146,-586,603.91,0.62777
764,305,-497,583.12,0.60616
765,-16,-33,36.67,0.03812
766,-199,-97,221.38,0.23013
767,330,-173,372.60,0.38732
768,801,240,836.18,0.86921
769,542,650,846.32,0.87975
770,495,715,869.63,0.90398
771,1589,1607,2259.95,2.34922
772,2716,3268,4249.29,4.41714
773,1840,2770,3325.43,3.45679
774,-296,-34,297.95,0.30972
775,-1414,-2160,2581.67,2.68364
776,-763,-1281,1491.02,1.54991
777,94,520,528.43,0.54930
778,299,433,526.20,0.54699
779,150,-702,717.85,0.74620
780,242,-927,958.07,0.99591
781,574,-169,598.36,0.62200
782,711,230,747.28,0.77679
783,356,6,356.05,0.37011
784,-35,-220,222.77,0.23157
785,-248,-223,333.52,0.34669
786,-264,-1,264.00,0.27443
787,120,-19,121.49,0.12629
788,825,114,832.84,0.86574
789,1374,420,1436.76,1.49351
790,1034,307,1078.61,1.12122
791,-294,-605,672.65,0.69922
792,-1013,-1572,1870.12,1.94399
793,-662,-1429,1574.89,1.63710
794,110,-596,606.07,0.63001
795,359,-220,421.05,0.43768
796,611,-483,778.85,0.80962
797,839,-588,1024.53,1.06500
798,740,103,747.13,0.77665
799,460,778,903.82,0.93952
800,448,638,779.58,0.81038
801,502,111,514.13,0.53443
802,307,-245,392.78,0.40829
803,-192,-485,521.62,0.54223
804,-147,-685,700.60,0.72827
805,219,-566,606.89,0.63086
806,441,-328,549.60,0.57131
807,495,-292,574.71,0.59741
808,376,-175,414.73,0.43111
809,284,-63,290.90,0.30239
810,179,90,200.35,0.20827
811,197,-15,197.57,0.20537
812,544,-173,570.85,0.59339
813,977,-108,982.95,1.02178
814,751,41,752.12,0.78183
815,-39,-1,39.01,0.04055
816,-578,-401,703.48,0.73127
817,24,-1035,1035.28,1.07617
818,980,-677,1191.10,1.23815
819,891,-301,940.47,0.97762
820,281,-376,469.40,0.48794
821,253,-692,736.80,0.76590
822,771,-684,1030.68,1.07139
823,784,-446,901.98,0.93761
824,364,-262,448.49,0.46620
825,193,-255,319.80,0.33244
826,185,-377,419.95,0.43653
827,168,-315,357.00,0.37110
828,-11,-140,140.43,0.14598
829,113,18,114.42,0.11894
830,337,-12,337.21,0.35053
831,375,-120,393.73,0.40928
832,348,-183,393.18,0.40871
833,400,52,403.37,0.41930
834,543,147,562.55,0.58477
835,545,125,559.15,0.58124
836,290,49,294.11,0.30573
837,195,-82,211.54,0.21990
838,300,-64,306.75,0.31887
839,485,-101,495.40,0.51497
840,448,-177,481.70,0.50073
841,260,-72,269.79,0.28044
842,284,143,317.97,0.33053
843,468,162,495.25,0.51481
844,600,48,601.92,0.62569
845,490,-37,491.39,0.51081
846,-87,-41,96.18,0.09998
847,-639,-154,657.30,0.68326
848,-604,-476,769.02,0.79940
# END
# FRAME,78,RX_TS,497977639086,FP_INDEX,746.7500,FP_INT,746,RXPACC,982,RXPWR,-69.03,FP_PWR,-77.24,STD_NOISE,60.00,NTM,13,NOISE_THRESH,780.00,PEAK_IDX,748,PEAK_AMPL,17953,START,696,elapsed_s,7.9139
sample,real,imag,amplitude,amplitude_norm
696,82,226,240.42,0.24482
697,-15,242,242.46,0.24691
698,109,110,154.86,0.15770
699,131,57,142.86,0.14548
700,114,39,120.49,0.12270
701,81,61,101.40,0.10326
702,113,98,149.58,0.15232
703,151,74,168.16,0.17124
704,146,-6,146.12,0.14880
705,78,-23,81.32,0.08281
706,141,25,143.20,0.14582
707,173,148,227.67,0.23184
708,136,212,251.87,0.25649
709,141,149,205.14,0.20890
710,203,57,210.85,0.21472
711,131,78,152.46,0.15526
712,75,185,199.62,0.20328
713,77,122,144.27,0.14691
714,-89,56,105.15,0.10708
715,-164,94,189.03,0.19249
716,-198,249,318.13,0.32396
717,-220,204,300.03,0.30553
718,118,25,120.62,0.12283
719,372,40,374.14,0.38100
720,322,104,338.38,0.34458
721,42,117,124.31,0.12659
722,-128,2,128.02,0.13036
723,71,-16,72.78,0.07411
724,201,89,219.82,0.22385
725,180,183,256.69,0.26139
726,-27,203,204.79,0.20854
727,53,114,125.72,0.12802
728,111,112,157.69,0.16058
729,61,138,150.88,0.15365
730,76,96,122.44,0.12469
731,110,51,121.25,0.12347
732,126,41,132.50,0.13493
733,75,159,175.80,0.17902
734,59,190,198.95,0.20260
735,90,186,206.63,0.21042
736,144,227,268.82,0.27375
737,119,178,214.11,0.21804
738,93,171,194.65,0.19822
739,110,107,153.46,0.15627
740,101,83,130.73,0.13312
741,138,155,207.53,0.21133
742,129,200,237.99,0.24236
743,85,150,172.41,0.17557
744,118,65,134.72,0.13719
745,-56,-119,131.52,0.13393
746,-1469,-2264,2698.83,2.74829
747,-5725,-10398,11869.88,12.08745
748,-7019,-16066,17532.33,17.85370
749,-3117,-16409,16702.42,17.00858
750,6344,-3518,7254.15,7.38712
751,8655,12695,15364.64,15.64627
752,531,11960,11971.78,12.19122
753,-7018,-570,7041.11,7.17017
754,-4312,-6234,7579.98,7.71892
755,2050,-1189,2369.86,2.41330
756,3109,3457,4649.38,4.73460
757,-9,2609,2609.02,2.65684
758,-1337,254,1360.91,1.38586
759,-163,-117,200.64,0.20432
760,828,754,1119.87,1.14039
761,714,909,1155.89,1.17708
762,422,239,484.98,0.49387
763,485,71,490.17,0.49915
764,265,531,593.45,0.60433
765,-191,690,715.95,0.72907
766,-193,289,347.52,0.35389
767,-166,195,256.09,0.26078
768,-1381,48,1381.83,1.40716
769,-2471,-466,2514.56,2.56065
770,-804,-621,1015.90,1.03452
771,2108,230,2120.51,2.15938
772,2684,1084,2894.64,2.94769
773,981,752,1236.07,1.25873
774,-13,98,98.86,0.10067
775,297,78,307.07,0.31270
776,513,456,686.37,0.69895
777,245,609,656.43,0.66847
778,139,428,450.01,0.45825
779,329,359,486.95,0.49588
780,430,182,466.93,0.47549
781,537,479,719.59,0.73278
782,652,795,1028.17,1.04701
783,491,401,633.94,0.64556
784,168,208,267.37,0.27227
785,-583,452,737.69,0.75122
786,-1243,732,1442.52,1.46896
787,-943,480,1058.13,1.07753
788,339,278,438.41,0.44645
789,1487,564,1590.37,1.61952
790,1571,719,1727.72,1.75938
791,859,621,1059.96,1.07939
792,553,565,790.59,0.80508
793,575,794,980.34,0.99831
794,394,749,846.31,0.86182
795,117,411,427.33,0.43516
796,-127,355,377.03,0.38394
797,-197,640,669.63,0.68191
798,-133,641,654.65,0.66665
799,292,228,370.47,0.37726
800,850,145,862.28,0.87808
801,1050,502,1163.83,1.18516
802,752,776,1080.59,1.10040
803,382,626,733.35,0.74679
804,286,368,466.07,0.47461
805,298,219,369.82,0.37660
806,393,268,475.68,0.48440
807,256,267,369.90,0.37668
808,30,509,509.88,0.51923
809,-221,766,797.24,0.81186
810,-301,704,765.65,0.77968
811,82,173,191.45,0.19496
812,594,-80,599.36,0.61035
813,910,114,917.11,0.93392
814,533,958,1096.29,1.11639
815,-306,1051,1094.64,1.11470
816,-402,693,801.16,0.81584
817,74,487,492.59,0.50162
818,296,673,735.22,0.74869
819,99,1001,1005.88,1.02432
820,-145,952,962.98,0.98063
821,-83,687,692.00,0.70468
822,165,603,625.17,0.63663
823,417,622,748.85,0.76257
824,495,520,717.93,0.73109
825,442,301,534.76,0.54456
826,144,382,408.24,0.41572
827,54,715,717.04,0.73018
828,48,757,758.52,0.77242
829,112,603,613.31,0.62456
830,-76,466,472.16,0.48081
831,-273,319,419.87,0.42757
832,-121,218,249.33,0.25390
833,324,309,447.72,0.45593
834,346,514,619.61,0.63096
835,186,720,743.64,0.75727
836,99,681,688.16,0.70077
837,223,433,487.05,0.49598
838,362,319,482.50,0.49134
839,240,327,405.62,0.41306
840,49,531,533.26,0.54303
841,-90,646,652.24,0.66419
842,-23,564,564.47,0.57482
843,573,211,610.61,0.62181
844,1028,-179,1043.47,1.06259
845,1036,181,1051.69,1.07097
# END
# FRAME,79,RX_TS,504367431098,FP_INDEX,751.3437,FP_INT,751,RXPACC,1005,RXPWR,-70.17,FP_PWR,-81.25,STD_NOISE,60.00,NTM,13,NOISE_THRESH,780.00,PEAK_IDX,753,PEAK_AMPL,18085,START,701,elapsed_s,7.9627
sample,real,imag,amplitude,amplitude_norm
701,41,81,90.79,0.09033
702,110,188,217.82,0.21673
703,120,173,210.54,0.20950
704,198,175,264.25,0.26294
705,229,104,251.51,0.25026
706,160,130,206.16,0.20513
707,100,122,157.75,0.15696
708,101,62,118.51,0.11792
709,193,3,193.02,0.19206
710,301,27,302.21,0.30071
711,192,109,220.78,0.21968
712,-9,146,146.28,0.14555
713,-15,251,251.45,0.25020
714,84,172,191.42,0.19046
715,107,68,126.78,0.12615
716,42,138,144.25,0.14353
717,-47,127,135.42,0.13474
718,-36,92,98.79,0.09830
719,1,13,13.04,0.01297
720,-132,-89,159.20,0.15841
721,-241,-108,264.09,0.26278
722,99,50,110.91,0.11036
723,401,227,460.79,0.45850
724,434,253,502.36,0.49986
725,112,40,118.93,0.11834
726,-18,-111,112.45,0.11189
727,61,-2,61.03,0.06073
728,182,84,200.45,0.19945
729,200,63,209.69,0.20864
730,125,70,143.27,0.14255
731,89,138,164.21,0.16339
732,126,170,211.60,0.21055
733,64,193,203.33,0.20232
734,8,88,88.36,0.08792
735,76,19,78.34,0.07795
736,169,103,197.91,0.19693
737,212,102,235.26,0.23409
738,132,48,140.46,0.13976
739,85,-6,85.21,0.08479
740,80,107,133.60,0.13294
741,62,196,205.57,0.20455
742,-23,149,150.76,0.15001
743,51,130,139.65,0.13895
744,190,36,193.38,0.19242
745,132,110,171.83,0.17097
746,86,185,204.01,0.20300
747,69,146,161.48,0.16068
748,110,51,121.25,0.12064
749,131,47,139.18,0.13848
750,170,-518,545.18,0.54247
751,1368,-5099,5279.32,5.25306
752,4406,-14389,15048.46,14.97359
753,6385,-16417,17614.94,17.52730
754,4633,-4978,6800.38,6.76655
755,-2080,14202,14353.51,14.28210
756,-3463,14451,14860.14,14.78621
757,1091,-895,1411.14,1.40412
758,4255,-10095,10955.09,10.90059
759,1584,-3260,3624.45,3.60642
760,-1513,4390,4643.41,4.62031
761,-1120,3495,3670.07,3.65181
762,310,-502,590.00,0.58707
763,246,-1013,1042.44,1.03726
764,-439,858,963.79,0.95899
765,-315,1583,1614.04,1.60601
766,300,451,541.67,0.53897
767,614,-252,663.70,0.66040
768,253,65,261.22,0.25992
769,-204,246,319.58,0.31799
770,8,-78,78.41,0.07802
771,179,-96,203.12,0.20211
772,-484,-369,608.62,0.60559
773,-1570,-1878,2447.81,2.43563
774,-1456,-2731,3094.88,3.07948
775,184,-435,472.31,0.46996
776,1104,2684,2902.18,2.88775
777,667,2667,2749.14,2.73546
778,158,-75,174.90,0.17403
779,304,-1250,1286.44,1.28004
780,336,-20,336.59,0.33492
781,-116,1123,1128.98,1.12336
782,-487,815,949.42,0.94469
783,-604,216,641.46,0.63827
784,-355,325,481.30,0.47891
785,-40,604,605.32,0.60231
786,191,1136,1151.94,1.14621
787,443,779,896.15,0.89169
788,243,349,425.26,0.42315
789,-504,-229,553.59,0.55083
790,-1259,-683,1432.33,1.42520
791,-1115,-685,1308.61,1.30210
792,-212,-246,324.75,0.32313
793,828,552,995.13,0.99018
794,1056,1239,1627.96,1.61986
795,524,1059,1181.55,1.17567
796,222,530,574.62,0.57176
797,234,611,654.28,0.65102
798,-6,840,840.02,0.83584
799,-108,527,537.95,0.53528
800,-148,-236,278.57,0.27718
801,-211,-598,634.13,0.63098
802,-326,-499,596.05,0.59309
803,-233,-52,238.73,0.23754
804,197,342,394.68,0.39272
805,472,607,768.92,0.76509
806,300,832,884.43,0.88003
807,-139,701,714.65,0.71109
808,-223,405,462.34,0.46004
809,-41,264,267.16,0.26584
810,8,343,343.09,0.34139
811,51,485,487.67,0.48525
812,80,553,558.76,0.55598
813,-23,573,573.46,0.57061
814,-397,469,614.47,0.61141
815,-526,173,553.72,0.55096
816,95,-16,96.34,0.09586
817,625,251,673.52,0.67017
818,392,815,904.37,0.89987
819,-558,640,849.10,0.84487
820,-745,476,884.08,0.87968
821,-196,632,661.69,0.65840
822,41,677,678.24,0.67487
823,-586,739,943.14,0.93845
824,-1044,733,1275.63,1.26928
825,-822,681,1067.45,1.06214
826,-346,431,552.70,0.54995
827,-60,450,453.98,0.45172
828,124,523,537.50,0.53482
829,319,512,603.25,0.60024
830,395,228,456.08,0.45381
831,174,175,246.78,0.24555
832,41,397,399.11,0.39713
833,-22,591,591.41,0.58847
834,-205,369,422.12,0.42002
835,-341,-13,341.25,0.33955
836,-310,-124,333.88,0.33222
837,49,94,106.00,0.10548
838,287,474,554.12,0.55136
839,113,419,433.97,0.43181
840,-255,306,398.32,0.39634
841,-218,259,338.53,0.33685
842,135,306,334.46,0.33279
843,243,211,321.82,0.32022
844,34,146,149.91,0.14916
845,-254,170,305.64,0.30412
846,-352,191,400.48,0.39849
847,7,154,154.16,0.15339
848,682,316,751.65,0.74791
849,887,594,1067.52,1.06221
850,124,839,848.11,0.84389
# END
# FRAME,80,RX_TS,510757223093,FP_INDEX,747.2656,FP_INT,747,RXPACC,1043,RXPWR,-70.20,FP_PWR,-81.07,STD_NOISE,60.00,NTM,13,NOISE_THRESH,780.00,PEAK_IDX,749,PEAK_AMPL,18478,START,697,elapsed_s,8.0309
sample,real,imag,amplitude,amplitude_norm
697,113,87,142.61,0.13673
698,173,51,180.36,0.17292
699,165,155,226.38,0.21705
700,110,182,212.66,0.20389
701,133,148,198.98,0.19078
702,200,172,263.79,0.25291
703,282,73,291.30,0.27929
704,217,15,217.52,0.20855
705,198,112,227.48,0.21810
706,187,200,273.80,0.26252
707,73,199,211.97,0.20323
708,-96,182,205.77,0.19728
709,-24,116,118.46,0.11357
710,93,62,111.77,0.10716
711,172,95,196.49,0.18839
712,89,118,147.80,0.14171
713,81,118,143.13,0.13723
714,141,2,141.01,0.13520
715,171,41,175.85,0.16860
716,84,-189,206.83,0.19830
717,-51,-287,291.50,0.27948
718,-111,-69,130.70,0.12531
719,-17,444,444.33,0.42601
720,78,439,445.88,0.42749
721,170,45,175.86,0.16861
722,284,-172,332.02,0.31834
723,136,-5,136.09,0.13048
724,110,171,203.32,0.19494
725,110,247,270.39,0.25924
726,17,98,99.46,0.09536
727,69,59,90.79,0.08704
728,71,114,134.30,0.12877
729,143,111,181.02,0.17356
730,143,40,148.49,0.14237
731,89,126,154.26,0.14790
732,69,143,158.78,0.15223
733,51,127,136.86,0.13122
734,167,168,236.88,0.22712
735,158,87,180.37,0.17293
736,60,149,160.63,0.15400
737,-47,35,58.60,0.05618
738,2,-26,26.08,0.02500
739,174,11,174.35,0.16716
740,185,164,247.23,0.23703
741,93,173,196.41,0.18832
742,59,164,174.29,0.16710
743,-1,154,154.00,0.14765
744,79,113,137.88,0.13219
745,126,54,137.08,0.13143
746,817,-401,910.10,0.87258
747,5702,-3228,6552.31,6.28218
748,14443,-7661,16349.04,15.67502
749,16407,-8689,18565.79,17.80037
750,4183,-6427,7668.36,7.35222
751,-15453,-95,15453.29,14.81620
752,-15505,1454,15573.03,14.93099
753,483,-761,901.34,0.86418
754,9774,-2574,10107.25,9.69056
755,2330,-1537,2791.28,2.67621
756,-4857,232,4862.54,4.66207
757,-3125,1018,3286.63,3.15113
758,854,690,1097.91,1.05265
759,1087,276,1121.49,1.07526
760,-506,299,587.74,0.56351
761,-720,448,848.00,0.81304
762,344,445,562.46,0.53927
763,806,437,916.85,0.87905
764,201,281,345.49,0.33124
765,-74,32,80.62,0.07730
766,318,5,318.04,0.30493
767,568,306,645.18,0.61858
768,345,-386,517.71,0.49636
769,668,-2224,2322.15,2.22642
770,1459,-2062,2525.97,2.42183
771,1096,1481,1842.44,1.76648
772,-332,4230,4243.01,4.06808
773,-947,2731,2890.53,2.77136
774,-172,-115,206.90,0.19837
775,507,-726,885.51,0.84900
776,368,331,494.96,0.47455
777,-26,691,691.49,0.66298
778,-37,332,334.06,0.32028
779,-76,273,283.38,0.27170
780,-109,603,612.77,0.58751
781,-172,727,747.07,0.71627
782,-496,974,1093.02,1.04796
783,-241,1057,1084.13,1.03943
784,-117,759,767.96,0.73630
785,-79,-266,277.48,0.26604
786,-213,-1284,1301.55,1.24789
787,-97,-1192,1195.94,1.14663
788,115,-150,189.01,0.18122
789,195,1225,1240.42,1.18928
790,-103,1836,1838.89,1.76307
791,-299,1504,1533.43,1.47021
792,-208,836,861.49,0.82597
793,-261,583,638.76,0.61242
794,-336,583,672.89,0.64515
795,-152,382,411.13,0.39418
796,329,-12,329.22,0.31565
797,483,-460,667.00,0.63950
798,286,-452,534.88,0.51283
799,117,-240,267.00,0.25599
800,273,387,473.60,0.45408
801,111,1191,1196.16,1.14685
802,-396,1413,1467.44,1.40694
803,-584,1092,1238.35,1.18730
804,-215,557,597.05,0.57244
805,106,286,305.01,0.29244
806,-21,395,395.56,0.37925
807,-191,576,606.84,0.58182
808,-163,557,580.36,0.55643
809,-238,333,409.31,0.39243
810,-488,-114,501.14,0.48048
811,-305,-224,378.42,0.36282
812,230,241,333.14,0.31940
813,434,686,811.76,0.77829
814,-85,574,580.26,0.55634
815,-535,-277,602.46,0.57762
816,-543,-250,597.79,0.57314
817,-434,471,640.47,0.61406
818,-385,568,686.18,0.65789
819,-721,114,729.96,0.69986
820,-824,-95,829.46,0.79526
821,-399,156,428.41,0.41075
822,-97,449,459.36,0.44042
823,-19,647,647.28,0.62059
824,-17,672,672.21,0.64450
825,102,695,702.45,0.67349
826,261,585,640.58,0.61417
827,88,513,520.49,0.49903
828,-181,534,563.84,0.54060
829,-214,427,477.62,0.45793
830,-144,130,194.00,0.18600
831,-38,-145,149.90,0.14372
832,32,-9,33.24,0.03187
833,33,381,382.43,0.36666
834,-94,565,572.77,0.54915
835,-259,419,492.59,0.47228
836,-348,327,477.53,0.45784
837,-179,515,545.22,0.52274
838,94,750,755.87,0.72471
839,119,660,670.64,0.64299
840,-157,389,419.49,0.40219
841,-407,118,423.76,0.40629
842,-356,153,387.49,0.37151
843,-134,593,607.95,0.58289
844,399,1085,1156.04,1.10838
845,482,1221,1312.69,1.25858
846,47,640,641.72,0.61527
# END
# FRAME,81,RX_TS,517147015585,FP_INDEX,741.8750,FP_INT,741,RXPACC,943,RXPWR,-67.56,FP_PWR,-78.38,STD_NOISE,52.00,NTM,13,NOISE_THRESH,676.00,PEAK_IDX,743,PEAK_AMPL,16685,START,691,elapsed_s,8.1684
sample,real,imag,amplitude,amplitude_norm
691,28,-15,31.76,0.03368
692,66,87,109.20,0.11580
693,54,191,198.49,0.21048
694,71,172,186.08,0.19733
695,39,23,45.28,0.04801
696,43,-122,129.36,0.13718
697,76,38,84.97,0.09011
698,106,123,162.37,0.17219
699,165,-5,165.08,0.17505
700,234,-37,236.91,0.25123
701,189,64,199.54,0.21160
702,93,172,195.53,0.20735
703,24,251,252.14,0.26739
704,50,87,100.34,0.10641
705,120,24,122.38,0.12977
706,153,71,168.67,0.17887
707,104,145,178.44,0.18923
708,121,93,152.61,0.16184
709,55,-2,55.04,0.05836
710,-129,-72,147.73,0.15666
711,-246,-28,247.59,0.26255
712,-238,0,238.00,0.25239
713,99,-39,106.40,0.11284
714,239,-139,276.48,0.29319
715,130,-180,222.04,0.23546
716,-114,-107,156.35,0.16580
717,-79,148,167.76,0.17791
718,143,123,188.62,0.20002
719,218,118,247.89,0.26287
720,107,135,172.26,0.18267
721,-61,121,135.51,0.14370
722,28,136,138.85,0.14725
723,99,83,129.19,0.13700
724,161,106,192.76,0.20441
725,139,100,171.23,0.18158
726,149,122,192.57,0.20421
727,165,49,172.12,0.18253
728,127,92,156.82,0.16630
729,97,35,103.12,0.10935
730,75,29,80.41,0.08527
731,95,185,207.97,0.22054
732,39,146,151.12,0.16025
733,27,110,113.27,0.12011
734,65,14,66.49,0.07051
735,158,-3,158.03,0.16758
736,127,128,180.31,0.19121
737,58,33,66.73,0.07076
738,87,15,88.28,0.09362
739,111,63,127.63,0.13535
740,40,-45,60.21,0.06385
741,-100,-1854,1856.69,1.96892
742,-207,-9885,9887.17,10.48480
743,865,-16406,16428.79,17.42183
744,4234,-15395,15966.61,16.93172
745,11053,-3709,11658.71,12.36342
746,14193,6076,15438.88,16.37209
747,11800,1001,11842.38,12.55820
748,1008,-6531,6608.33,7.00777
749,-6543,-3969,7652.70,8.11527
750,-3819,2421,4521.73,4.79504
751,1361,3444,3703.17,3.92701
752,1701,852,1902.45,2.01744
753,-868,-221,895.69,0.94983
754,-1783,767,1940.97,2.05830
755,-590,1461,1575.63,1.67087
756,372,1002,1068.83,1.13343
757,270,482,552.47,0.58587
758,-223,720,753.74,0.79930
759,-615,1060,1225.49,1.29956
760,-759,751,1067.75,1.13229
761,-665,295,727.50,0.77147
762,-800,224,830.77,0.88098
763,-1596,-362,1636.54,1.73546
764,-2120,-1501,2597.58,2.75459
765,-490,-1114,1217.00,1.29057
766,1654,1325,2119.28,2.24738
767,1584,2931,3331.64,3.53302
768,-54,1526,1526.96,1.61925
769,-641,-473,796.62,0.84478
770,71,-523,527.80,0.55970
771,255,356,437.91,0.46437
772,-198,639,668.97,0.70941
773,-661,386,765.45,0.81172
774,-699,547,887.59,0.94124
775,-433,656,786.02,0.83353
776,-156,676,693.77,0.73570
777,74,742,745.68,0.79075
778,-42,555,556.59,0.59023
779,-533,535,755.19,0.80084
780,-1336,439,1406.28,1.49128
781,-1625,233,1641.62,1.74085
782,-1108,-49,1109.08,1.17612
783,-145,166,220.41,0.23373
784,519,868,1011.33,1.07246
785,154,1231,1240.60,1.31558
786,-524,939,1075.31,1.14031
787,-678,739,1002.90,1.06352
788,-271,1053,1087.31,1.15304
789,20,1230,1230.16,1.30452
790,-7,771,771.03,0.81764
791,-487,67,491.59,0.52130
792,-1040,-138,1049.12,1.11253
793,-1088,145,1097.62,1.16397
794,-654,389,760.94,0.80694
795,-2,601,601.00,0.63733
796,368,906,977.89,1.03699
797,160,1134,1145.23,1.21446
798,-232,973,1000.28,1.06074
799,-371,625,726.82,0.77075
800,-168,497,524.63,0.55634
801,-85,713,718.05,0.76145
802,-159,749,765.69,0.81197
803,-321,561,646.35,0.68541
804,-673,607,906.30,0.96108
805,-894,691,1129.92,1.19822
806,-470,548,721.94,0.76558
807,314,207,376.09,0.39882
808,704,411,815.19,0.86447
809,287,1275,1306.90,1.38590
810,-228,1485,1502.40,1.59321
811,-52,1249,1250.08,1.32564
812,67,783,785.86,0.83336
813,-381,384,540.94,0.57364
814,-714,532,890.40,0.94423
815,-505,730,887.65,0.94131
816,-139,743,755.89,0.80158
817,-136,788,799.65,0.84799
818,-127,747,757.72,0.80352
819,-27,621,621.59,0.65916
820,85,424,432.44,0.45857
821,-9,277,277.15,0.29390
822,-226,327,397.50,0.42153
823,-285,529,600.89,0.63721
824,-249,416,484.83,0.51413
825,-468,286,548.47,0.58162
826,-646,150,663.19,0.70327
827,-491,267,558.90,0.59268
828,-139,449,470.02,0.49843
829,79,634,638.90,0.67752
830,-103,703,710.51,0.75345
831,-283,737,789.47,0.83719
832,-216,575,614.23,0.65136
833,-59,449,452.86,0.48023
834,-149,472,494.96,0.52488
835,-402,387,558.01,0.59174
836,-471,309,563.31,0.59736
837,-320,337,464.72,0.49282
838,96,368,380.32,0.40330
839,629,272,685.29,0.72671
840,785,527,945.49,1.00264
# END
# FRAME,82,RX_TS,523536807545,FP_INDEX,746.5312,FP_INT,746,RXPACC,912,RXPWR,-72.78,FP_PWR,-76.15,STD_NOISE,64.00,NTM,13,NOISE_THRESH,832.00,PEAK_IDX,748,PEAK_AMPL,16959,START,696,elapsed_s,8.2115
sample,real,imag,amplitude,amplitude_norm
696,74,155,171.76,0.18833
697,63,119,134.65,0.14764
698,92,5,92.14,0.10103
699,142,-37,146.74,0.16090
700,63,-87,107.42,0.11778
701,-65,81,103.86,0.11388
702,-82,162,181.57,0.19909
703,-46,60,75.60,0.08290
704,-15,-3,15.30,0.01677
705,-97,14,98.01,0.10746
706,-42,49,64.54,0.07076
707,149,67,163.37,0.17913
708,226,54,232.36,0.25478
709,118,-13,118.71,0.13017
710,8,-27,28.16,0.03088
711,47,58,74.65,0.08186
712,104,91,138.19,0.15153
713,128,118,174.09,0.19089
714,120,147,189.76,0.20807
715,140,277,310.37,0.34032
716,136,416,437.67,0.47990
717,106,410,423.48,0.46434
718,-30,185,187.42,0.20550
719,-26,64,69.08,0.07575
720,-17,169,169.85,0.18624
721,-20,257,257.78,0.28265
722,-58,172,181.52,0.19903
723,-35,-26,43.60,0.04781
724,75,47,88.51,0.09705
725,146,96,174.73,0.19159
726,115,113,161.23,0.17678
727,27,164,166.21,0.18225
728,68,172,184.95,0.20280
729,120,104,158.80,0.17412
730,91,76,118.56,0.13000
731,75,6,75.24,0.08250
732,22,29,36.40,0.03991
733,-13,112,112.75,0.12363
734,67,62,91.29,0.10009
735,73,89,115.11,0.12622
736,144,159,214.52,0.23521
737,154,198,250.84,0.27504
738,159,246,292.91,0.32117
739,79,139,159.88,0.17531
740,52,-42,66.84,0.07329
741,105,83,133.84,0.14676
742,78,162,179.80,0.19715
743,89,135,161.70,0.17730
744,115,99,151.74,0.16639
745,-223,302,375.41,0.41163
746,-3620,1264,3834.33,4.20431
747,-12214,2809,12532.85,13.74216
748,-16408,1984,16527.51,18.12227
749,-15664,-1092,15702.02,17.21712
750,-7670,-4000,8650.37,9.48505
751,381,-2134,2167.74,2.37691
752,-1568,1504,2172.70,2.38235
753,-3245,2217,3930.03,4.30924
754,325,491,588.82,0.64563
755,3094,-732,3179.41,3.48620
756,1657,-445,1715.71,1.88127
757,-24,36,43.27,0.04744
758,186,85,204.50,0.22423
759,956,-176,972.07,1.06586
760,1084,-163,1096.19,1.20196
761,548,-76,553.24,0.60663
762,330,-107,346.91,0.38039
763,709,-243,749.49,0.82181
764,586,209,622.16,0.68219
765,229,719,754.59,0.82740
766,179,836,854.95,0.93744
767,264,1198,1226.74,1.34511
768,-486,2429,2477.14,2.71617
769,-1704,3121,3555.88,3.89899
770,-1486,1746,2292.75,2.51398
771,440,-506,670.55,0.73525
772,1685,-1292,2123.32,2.32820
773,834,-708,1093.99,1.19955
774,-377,-145,403.92,0.44290
775,-276,-104,294.94,0.32340
776,605,-228,646.54,0.70892
777,952,-281,992.61,1.08838
778,730,-271,778.68,0.85381
779,540,-82,546.19,0.59889
780,491,-17,491.29,0.53870
781,755,-219,786.12,0.86197
782,1171,-373,1228.97,1.34756
783,925,-132,934.37,1.02453
784,398,496,635.94,0.69730
785,158,1249,1258.95,1.38043
786,83,1315,1317.62,1.44476
787,-78,793,796.83,0.87371
788,-67,-379,384.88,0.42201
789,325,-1202,1245.16,1.36531
790,711,-1096,1306.42,1.43248
791,751,-481,891.83,0.97788
792,909,-108,915.39,1.00372
793,966,-153,978.04,1.07241
794,356,-301,466.19,0.51118
795,-308,36,310.10,0.34002
796,-122,914,922.11,1.01108
797,218,1681,1695.08,1.85864
798,140,1487,1493.58,1.63769
799,108,343,359.60,0.39430
800,860,-564,1028.44,1.12768
801,1602,-655,1730.73,1.89773
802,1518,-107,1521.77,1.66860
803,887,170,903.14,0.99029
804,490,-44,491.97,0.53944
805,646,-187,672.52,0.73741
806,1014,-36,1014.64,1.11254
807,825,157,839.81,0.92084
808,712,271,761.83,0.83534
809,775,500,922.29,1.01129
810,742,647,984.47,1.07946
811,335,233,408.06,0.44744
812,130,-354,377.12,0.41350
813,411,-712,822.11,0.90144
814,1030,-612,1198.10,1.31371
815,1042,-160,1054.21,1.15593
816,692,142,706.42,0.77458
817,763,458,889.91,0.97577
818,1139,908,1456.63,1.59719
819,1289,934,1591.82,1.74541
820,916,398,998.73,1.09510
821,618,-57,620.62,0.68051
822,526,-171,553.10,0.60647
823,575,-170,599.60,0.65746
824,460,-210,505.67,0.55446
825,254,-179,310.74,0.34072
826,215,-44,219.46,0.24063
827,550,49,552.18,0.60546
828,665,0,665.00,0.72917
829,645,139,659.81,0.72347
830,479,521,707.73,0.77602
831,432,545,695.45,0.76255
832,438,328,547.20,0.60000
833,499,-20,499.40,0.54759
834,542,-1,542.00,0.59430
835,585,144,602.46,0.66059
836,768,151,782.70,0.85823
837,749,-20,749.27,0.82156
838,704,-76,708.09,0.77641
839,744,271,791.82,0.86822
840,828,507,970.89,1.06458
841,808,396,899.82,0.98665
842,712,72,715.63,0.78468
843,400,-417,577.83,0.63359
844,241,-681,722.39,0.79209
845,403,-715,820.75,0.89995
# END
# FRAME,83,RX_TS,529926599465,FP_INDEX,749.0781,FP_INT,749,RXPACC,1088,RXPWR,-74.11,FP_PWR,-77.92,STD_NOISE,80.00,NTM,13,NOISE_THRESH,1040.00,PEAK_IDX,751,PEAK_AMPL,19222,START,699,elapsed_s,8.2572
sample,real,imag,amplitude,amplitude_norm
699,82,121,146.17,0.13435
700,237,79,249.82,0.22961
701,289,118,312.16,0.28691
702,153,183,238.53,0.21924
703,-43,91,100.65,0.09251
704,12,11,16.28,0.01496
705,162,0,162.00,0.14890
706,22,22,31.11,0.02860
707,-21,6,21.84,0.02007
708,3,53,53.08,0.04879
709,208,186,279.03,0.25647
710,249,324,408.63,0.37558
711,149,201,250.20,0.22997
712,73,73,103.24,0.09489
713,112,92,144.94,0.13322
714,197,192,275.09,0.25284
715,51,117,127.63,0.11731
716,0,207,207.00,0.19026
717,-86,329,340.05,0.31255
718,-85,467,474.67,0.43628
719,-182,465,499.35,0.45896
720,-214,275,348.46,0.32027
721,-68,152,166.52,0.15305
722,-37,147,151.58,0.13932
723,-92,101,136.62,0.12557
724,-57,90,106.53,0.09792
725,-64,16,65.97,0.06063
726,115,109,158.45,0.14563
727,121,200,233.75,0.21485
728,137,200,242.42,0.22282
729,107,112,154.90,0.14237
730,69,76,102.65,0.09435
731,54,90,104.96,0.09647
732,192,156,247.39,0.22738
733,237,163,287.64,0.26438
734,206,220,301.39,0.27701
735,107,197,224.18,0.20605
736,23,59,63.32,0.05820
737,165,25,166.88,0.15339
738,223,193,294.92,0.27107
739,226,260,344.49,0.31663
740,80,196,211.70,0.19458
741,9,101,101.40,0.09320
742,98,99,139.30,0.12803
743,147,195,244.20,0.22445
744,145,203,249.47,0.22929
745,88,209,226.77,0.20843
746,31,112,116.21,0.10681
747,11,133,133.45,0.12266
748,-1140,-221,1161.22,1.06730
749,-8321,-3058,8865.12,8.14809
750,-16397,-7835,18172.75,16.70290
751,-16404,-10718,19595.07,18.01017
752,-9645,-11128,14726.11,13.53503
753,1185,-3480,3676.22,3.37888
754,-60,896,898.01,0.82537
755,-5619,-2,5619.00,5.16452
756,-3004,20,3004.07,2.76109
757,2941,1621,3358.14,3.08653
758,4039,1779,4413.43,4.05646
759,1282,734,1477.25,1.35777
760,-166,543,567.81,0.52188
761,880,990,1324.58,1.21744
762,1769,1164,2117.61,1.94633
763,1285,586,1412.31,1.29808
764,741,112,749.42,0.68880
765,934,137,943.99,0.86764
766,1020,545,1156.47,1.06293
767,610,938,1118.90,1.02840
768,234,1027,1053.32,0.96813
769,245,967,997.55,0.91687
770,-508,1421,1509.07,1.38702
771,-2347,1956,3055.22,2.80810
772,-2245,1550,2728.10,2.50744
773,1162,206,1180.12,1.08467
774,3957,-554,3995.59,3.67242
775,2615,-360,2639.66,2.42616
776,-144,96,173.07,0.15907
777,-575,285,641.76,0.58985
778,799,337,867.16,0.79702
779,1647,510,1724.15,1.58470
780,1404,730,1582.44,1.45445
781,945,1010,1383.16,1.27128
782,699,711,997.06,0.91641
783,988,380,1058.56,0.97294
784,1617,471,1684.20,1.54798
785,1584,738,1747.48,1.60614
786,573,784,971.07,0.89253
787,-111,924,930.64,0.85537
788,-230,1331,1350.73,1.24148
789,-61,1321,1322.41,1.21545
790,548,410,684.40,0.62904
791,1668,-348,1703.92,1.56610
792,1966,221,1978.38,1.81837
793,970,1271,1598.86,1.46954
794,143,1356,1363.52,1.25323
795,718,602,936.98,0.86119
796,1616,-322,1647.77,1.51449
797,1384,-676,1540.27,1.41569
798,384,253,459.85,0.42266
799,-479,1733,1797.98,1.65255
800,-755,1968,2107.85,1.93737
801,-317,813,872.62,0.80204
802,770,-64,772.66,0.71016
803,1842,164,1849.29,1.69971
804,1963,697,2083.07,1.91459
805,1304,816,1538.27,1.41385
806,924,553,1076.84,0.98974
807,925,370,996.26,0.91568
808,1011,608,1179.74,1.08432
809,839,692,1087.56,0.99959
810,644,703,953.39,0.87627
811,758,907,1182.04,1.08643
812,927,963,1336.67,1.22856
813,760,599,967.68,0.88941
814,432,-2,432.00,0.39706
815,485,-252,546.56,0.50235
816,1061,-78,1063.86,0.97782
817,1279,405,1341.59,1.23308
818,1030,310,1075.64,0.98864
819,839,376,919.40,0.84504
820,593,977,1142.88,1.05044
821,627,1353,1491.22,1.37061
822,855,1070,1369.64,1.25886
823,904,423,998.07,0.91734
824,801,291,852.22,0.78329
825,876,440,980.29,0.90101
826,852,306,905.28,0.83206
827,838,11,838.07,0.77029
828,672,-105,680.15,0.62514
829,618,299,686.53,0.63100
830,620,511,803.44,0.73846
831,634,484,797.63,0.73311
832,504,560,753.40,0.69247
833,224,789,820.18,0.75384
834,287,725,779.74,0.71667
835,516,365,632.05,0.58092
836,628,221,665.75,0.61190
837,648,442,784.39,0.72095
838,649,754,994.85,0.91438
839,702,532,880.81,0.80957
840,767,254,807.96,0.74261
841,630,356,723.63,0.66510
842,439,721,844.13,0.77586
843,355,804,878.89,0.80780
844,474,504,691.88,0.63592
845,780,73,783.41,0.72004
846,788,-512,939.73,0.86372
847,857,-519,1001.90,0.92087
848,1032,135,1040.79,0.95661
# END
# FRAME,84,RX_TS,536316391374,FP_INDEX,752.2344,FP_INT,752,RXPACC,1225,RXPWR,-75.92,FP_PWR,-79.64,STD_NOISE,88.00,NTM,13,NOISE_THRESH,1144.00,PEAK_IDX,754,PEAK_AMPL,20259,START,702,elapsed_s,9.1939
sample,real,imag,amplitude,amplitude_norm
702,101,144,175.89,0.14358
703,133,176,220.60,0.18008
704,124,170,210.42,0.17177
705,138,146,200.90,0.16400
706,72,131,149.48,0.12203
707,62,60,86.28,0.07043
708,130,28,132.98,0.10856
709,98,75,123.41,0.10074
710,116,8,116.28,0.09492
711,55,33,64.14,0.05236
712,91,290,303.94,0.24812
713,177,411,447.49,0.36530
714,161,237,286.51,0.23389
715,206,36,209.12,0.17071
716,257,-5,257.05,0.20984
717,163,177,240.62,0.19642
718,66,253,261.47,0.21344
719,66,167,179.57,0.14659
720,-116,231,258.49,0.21101
721,-182,409,447.67,0.36544
722,-279,439,520.16,0.42462
723,-263,340,429.85,0.35090
724,69,134,150.72,0.12304
725,156,290,329.30,0.26881
726,31,300,301.60,0.24620
727,-35,195,198.12,0.16173
728,-22,97,99.46,0.08119
729,87,8,87.37,0.07132
730,136,103,170.60,0.13927
731,96,176,200.48,0.16366
732,145,216,260.16,0.21237
733,169,81,187.41,0.15299
734,111,115,159.83,0.13047
735,156,178,236.69,0.19321
736,94,106,141.68,0.11565
737,13,92,92.91,0.07585
738,65,201,211.25,0.17245
739,70,127,145.01,0.11838
740,75,78,108.21,0.08833
741,49,70,85.45,0.06975
742,122,175,213.33,0.17415
743,143,232,272.53,0.22247
744,178,177,251.02,0.20492
745,204,117,235.17,0.19198
746,100,30,104.40,0.08523
747,44,109,117.55,0.09596
748,-34,179,182.20,0.14874
749,5,165,165.08,0.13476
750,92,110,143.40,0.11706
751,-687,-334,763.89,0.62358
752,-6391,-3907,7490.63,6.11480
753,-15462,-11276,19136.92,15.62197
754,-16397,-14772,22069.74,18.01612
755,-11031,-13226,17222.37,14.05908
756,-1171,-1682,2049.48,1.67304
757,-2130,2327,3154.65,2.57523
758,-6906,-2847,7469.82,6.09781
759,-3151,-3161,4463.26,3.64348
760,3338,2121,3954.86,3.22845
761,4036,3951,5647.98,4.61060
762,1050,1285,1659.44,1.35464
763,0,-313,313.00,0.25551
764,913,975,1335.74,1.09040
765,1598,2057,2604.78,2.12635
766,1234,1248,1755.07,1.43271
767,1081,47,1082.02,0.88328
768,1595,29,1595.26,1.30226
769,1567,708,1719.52,1.40369
770,509,1087,1200.27,0.97981
771,-174,774,793.32,0.64761
772,202,721,748.76,0.61123
773,-95,1241,1244.63,1.01603
774,-2145,1730,2755.71,2.24956
775,-2589,1362,2925.40,2.38808
776,1203,551,1323.18,1.08015
777,4675,408,4692.77,3.83083
778,3374,95,3375.34,2.75538
779,239,-674,715.12,0.58377
780,-140,-600,616.12,0.50295
781,1115,50,1116.12,0.91112
782,1416,455,1487.31,1.21413
783,531,560,771.73,0.62998
784,279,861,905.08,0.73884
785,719,779,1060.10,0.86538
786,1116,418,1191.71,0.97283
787,1478,549,1576.67,1.28708
788,1416,1135,1814.74,1.48142
789,395,1184,1248.15,1.01890
790,-163,1077,1089.26,0.88920
791,-432,1252,1324.43,1.08117
792,-450,1539,1603.44,1.30893
793,101,1189,1193.28,0.97411
794,1265,345,1311.20,1.07037
795,1870,65,1871.13,1.52745
796,1208,194,1223.48,0.99876
797,439,287,524.49,0.42816
798,771,539,940.72,0.76794
799,1457,999,1766.59,1.44212
800,1355,1053,1716.05,1.40086
801,444,863,970.52,0.79226
802,-228,1034,1058.84,0.86436
803,-483,1550,1623.51,1.32532
804,-588,1195,1331.83,1.08721
805,-12,220,220.33,0.17986
806,1443,30,1443.31,1.17821
807,2503,764,2617.00,2.13633
808,2025,1699,2643.34,2.15783
809,1030,1508,1826.19,1.49077
810,549,689,880.98,0.71917
811,728,383,822.60,0.67151
812,1019,690,1230.63,1.00460
813,899,845,1233.79,1.00717
814,604,926,1105.57,0.90251
815,455,1033,1128.77,0.92144
816,582,952,1115.81,0.91086
817,534,294,609.58,0.49762
818,636,-10,636.08,0.51925
819,1151,218,1171.46,0.95630
820,1283,673,1448.80,1.18269
821,1079,335,1129.81,0.92229
822,1024,429,1110.23,0.90631
823,624,1398,1530.94,1.24975
824,413,2069,2109.82,1.72230
825,672,1590,1726.18,1.40912
826,1024,646,1210.74,0.98836
827,1185,348,1235.04,1.00820
828,1205,652,1370.08,1.11844
829,1141,651,1313.65,1.07237
830,985,162,998.23,0.81488
831,899,-72,901.88,0.73623
832,798,251,836.54,0.68289
833,714,783,1059.66,0.86503
834,590,682,901.79,0.73615
835,394,592,711.13,0.58051
836,211,806,833.16,0.68013
837,112,871,878.17,0.71687
838,374,573,684.26,0.55858
839,694,314,761.73,0.62182
840,653,420,776.41,0.63380
841,572,680,888.59,0.72538
842,657,711,968.08,0.79027
843,820,543,983.49,0.80285
844,798,503,943.30,0.77004
845,386,661,765.45,0.62486
846,371,808,889.10,0.72580
847,487,760,902.65,0.73685
848,935,354,999.77,0.81614
849,1102,-403,1173.38,0.95786
850,1027,-505,1144.44,0.93424
851,1033,184,1049.26,0.85654
# END
# FRAME,85,RX_TS,542706183806,FP_INDEX,746.7656,FP_INT,746,RXPACC,1011,RXPWR,-73.65,FP_PWR,-77.50,STD_NOISE,76.00,NTM,13,NOISE_THRESH,988.00,PEAK_IDX,748,PEAK_AMPL,18289,START,696,elapsed_s,9.2570
sample,real,imag,amplitude,amplitude_norm
696,78,160,178.00,0.17606
697,48,84,96.75,0.09569
698,179,-24,180.60,0.17864
699,183,38,186.90,0.18487
700,149,192,243.03,0.24039
701,11,197,197.31,0.19516
702,-80,184,200.64,0.19846
703,-62,87,106.83,0.10567
704,126,160,203.66,0.20144
705,85,211,227.48,0.22500
706,57,125,137.38,0.13589
707,131,217,253.48,0.25072
708,236,250,343.80,0.34006
709,187,135,230.64,0.22813
710,101,-8,101.32,0.10021
711,86,6,86.21,0.08527
712,122,149,192.57,0.19048
713,108,178,208.20,0.20594
714,20,307,307.65,0.30430
715,135,466,485.16,0.47988
716,295,442,531.40,0.52562
717,312,434,534.51,0.52869
718,-18,441,441.37,0.43656
719,-12,194,194.37,0.19226
720,30,208,210.15,0.20787
721,41,204,208.08,0.20582
722,58,120,133.28,0.13183
723,76,144,162.83,0.16105
724,77,129,150.23,0.14860
725,218,133,255.37,0.25259
726,199,155,252.24,0.24950
727,208,167,266.75,0.26384
728,195,184,268.11,0.26519
729,203,158,257.24,0.25444
730,159,10,159.31,0.15758
731,178,-39,182.22,0.18024
732,70,97,119.62,0.11832
733,84,168,187.83,0.18579
734,3,118,118.04,0.11675
735,78,140,160.26,0.15852
736,150,183,236.62,0.23405
737,312,189,364.78,0.36081
738,213,220,306.22,0.30289
739,127,97,159.81,0.15807
740,103,40,110.49,0.10929
741,89,30,93.92,0.09290
742,137,57,148.38,0.14677
743,194,46,199.38,0.19721
744,130,83,154.24,0.15256
745,-62,252,259.51,0.25669
746,-2208,1556,2701.18,2.67180
747,-10577,5501,11921.99,11.79228
748,-16403,7314,17959.76,17.76435
749,-16301,5918,17342.01,17.15332
750,-7034,1446,7181.09,7.10296
751,941,-1600,1856.20,1.83600
752,-3366,62,3366.57,3.32994
753,-5969,2179,6354.29,6.28515
754,34,1472,1472.39,1.45637
755,4619,-321,4630.14,4.57976
756,2852,-1081,3049.99,3.01681
757,173,-469,499.89,0.49445
758,576,141,593.01,0.58655
759,2049,21,2049.11,2.02681
760,1934,-385,1971.95,1.95049
761,744,-443,865.90,0.85648
762,305,-444,538.67,0.53281
763,896,-505,1028.51,1.01732
764,1378,-426,1442.35,1.42665
765,1102,83,1105.12,1.09310
766,798,317,858.66,0.84932
767,860,557,1024.62,1.01347
768,602,1942,2033.17,2.01105
769,-149,3481,3484.19,3.44628
770,183,2407,2413.95,2.38768
771,2049,-718,2171.16,2.14753
772,2723,-2419,3642.29,3.60266
773,1008,-1620,1908.00,1.88724
774,-738,-447,862.82,0.85343
775,-365,-6,365.05,0.36108
776,956,-62,958.01,0.94758
777,1391,22,1391.17,1.37604
778,1057,53,1058.33,1.04681
779,772,43,773.20,0.76478
780,597,-51,599.17,0.59266
781,756,-235,791.68,0.78307
782,1281,-182,1293.86,1.27979
783,860,262,899.02,0.88924
784,248,610,658.49,0.65132
785,484,799,934.16,0.92400
786,1050,1102,1522.14,1.50558
787,847,1063,1359.18,1.34439
788,84,-91,123.84,0.12250
789,107,-1486,1489.85,1.47364
790,932,-1450,1723.69,1.70494
791,1568,-159,1576.04,1.55889
792,1347,562,1459.54,1.44366
793,584,-82,589.73,0.58331
794,-208,-1013,1034.13,1.02288
795,-203,-918,940.18,0.92995
796,710,307,773.53,0.76511
797,1313,1492,1987.47,1.96584
798,939,1510,1778.15,1.75880
799,327,481,581.63,0.57530
800,693,-631,937.24,0.92704
801,1554,-939,1815.66,1.79591
802,1882,-565,1964.98,1.94360
803,1337,-292,1368.51,1.35363
804,1015,-371,1080.68,1.06892
805,967,-471,1075.61,1.06390
806,960,-427,1050.68,1.03925
807,764,-288,816.48,0.80760
808,733,-181,755.02,0.74680
809,1023,6,1023.02,1.01189
810,1057,135,1065.59,1.05399
811,645,-167,666.27,0.65902
812,174,-532,559.73,0.55364
813,343,-742,817.44,0.80855
814,794,-630,1013.58,1.00255
815,614,-369,716.35,0.70856
816,509,-595,783.01,0.77449
817,826,-455,943.03,0.93277
818,1282,200,1297.51,1.28339
819,1589,358,1628.83,1.61111
820,1183,-137,1190.91,1.17795
821,741,-643,981.09,0.97041
822,516,-570,768.87,0.76050
823,685,-503,849.84,0.84060
824,703,-480,851.24,0.84198
825,476,-554,730.41,0.72246
826,337,-421,539.27,0.53340
827,550,-90,557.32,0.55125
828,570,48,572.02,0.56579
829,550,25,550.57,0.54458
830,509,158,532.96,0.52716
831,634,290,697.18,0.68959
832,626,97,633.47,0.62658
833,584,-233,628.76,0.62192
834,589,-245,637.92,0.63098
835,644,-43,645.43,0.63841
836,727,56,729.15,0.72122
837,637,-190,664.73,0.65750
838,456,-414,615.90,0.60920
839,577,-218,616.81,0.61010
840,715,140,728.58,0.72065
841,759,276,807.62,0.79884
842,671,4,671.01,0.66371
843,330,-602,686.52,0.67905
844,-23,-905,905.29,0.89544
845,91,-748,753.52,0.74532
# END
# FRAME,86,RX_TS,549095975701,FP_INDEX,748.6094,FP_INT,748,RXPACC,924,RXPWR,-73.16,FP_PWR,-77.15,STD_NOISE,64.00,NTM,13,NOISE_THRESH,832.00,PEAK_IDX,750,PEAK_AMPL,17267,START,698,elapsed_s,9.4295
sample,real,imag,amplitude,amplitude_norm
698,65,132,147.14,0.15924
699,40,96,104.00,0.11255
700,104,21,106.10,0.11483
701,148,94,175.33,0.18975
702,147,105,180.65,0.19551
703,46,131,138.84,0.15026
704,36,74,82.29,0.08906
705,23,119,121.20,0.13117
706,19,157,158.15,0.17115
707,-39,178,182.22,0.19721
708,21,128,129.71,0.14038
709,93,-8,93.34,0.10102
710,157,-7,157.16,0.17008
711,139,145,200.86,0.21738
712,22,157,158.53,0.17157
713,38,67,77.03,0.08336
714,41,97,105.31,0.11397
715,115,59,129.25,0.13988
716,181,82,198.71,0.21505
717,350,131,373.71,0.40445
718,501,107,512.30,0.55444
719,401,239,466.82,0.50522
720,96,224,243.70,0.26375
721,26,38,46.04,0.04983
722,215,128,250.22,0.27080
723,219,279,354.69,0.38386
724,161,243,291.50,0.31547
725,37,204,207.33,0.22438
726,115,58,128.80,0.13939
727,176,53,183.81,0.19893
728,158,67,171.62,0.18573
729,27,38,46.62,0.05045
730,124,67,140.94,0.15254
731,124,51,134.08,0.14511
732,47,66,81.02,0.08769
733,44,45,62.94,0.06811
734,25,36,43.83,0.04743
735,58,72,92.46,0.10006
736,-7,240,240.10,0.25985
737,28,178,180.19,0.19501
738,84,91,123.84,0.13403
739,170,0,170.00,0.18398
740,206,119,237.90,0.25747
741,129,88,156.16,0.16900
742,-9,116,116.35,0.12592
743,87,44,97.49,0.10551
744,146,72,162.79,0.17618
745,115,89,145.42,0.15738
746,63,152,164.54,0.17807
747,83,438,445.79,0.48246
748,-38,3602,3602.20,3.89849
749,-1447,12459,12542.75,13.57440
750,-3730,16409,16827.60,18.21169
751,-6250,13397,14783.17,15.99910
752,-3026,813,3133.31,3.39103
753,2612,-3814,4622.68,5.00290
754,2390,4485,5082.06,5.50006
755,-634,7432,7458.99,8.07250
756,-734,263,779.70,0.84383
757,945,-4862,4952.99,5.36037
758,1228,-2903,3152.05,3.41131
759,383,-45,385.63,0.41735
760,104,-258,278.17,0.30105
761,463,-1694,1756.13,1.90058
762,509,-1525,1607.70,1.73994
763,37,-573,574.19,0.62142
764,-272,-311,413.16,0.44715
765,34,-774,774.75,0.83847
766,591,-760,962.75,1.04193
767,659,-180,683.14,0.73933
768,371,108,386.40,0.41818
769,654,285,713.40,0.77208
770,1688,1331,2149.63,2.32644
771,1870,2468,3096.44,3.35112
772,435,1107,1189.40,1.28723
773,-795,-1810,1976.90,2.13950
774,-478,-2720,2761.68,2.98883
775,162,-821,836.83,0.90566
776,165,730,748.41,0.80997
777,-167,436,466.89,0.50529
778,-147,-435,459.17,0.49693
779,214,-770,799.18,0.86492
780,573,-730,928.02,1.00436
781,497,-408,643.02,0.69591
782,126,-212,246.62,0.26690
783,54,-413,416.52,0.45077
784,370,-883,957.39,1.03613
785,582,-606,840.21,0.90932
786,681,-14,681.14,0.73717
787,905,27,905.40,0.97987
788,1189,-262,1217.52,1.31767
789,976,-273,1013.46,1.09682
790,-117,-356,374.73,0.40556
791,-725,-928,1177.63,1.27449
792,-313,-971,1020.20,1.10411
793,489,-350,601.35,0.65081
794,568,-94,575.73,0.62308
795,-88,-561,567.86,0.61457
796,-517,-947,1078.93,1.16768
797,-237,-850,882.42,0.95500
798,601,-423,734.94,0.79538
799,1261,22,1261.19,1.36493
800,1079,411,1154.63,1.24960
801,340,523,623.80,0.67511
802,-348,-275,443.54,0.48002
803,-286,-1442,1470.09,1.59100
804,153,-1665,1672.01,1.80954
805,421,-1065,1145.19,1.23939
806,380,-415,562.69,0.60898
807,219,-277,353.11,0.38216
808,82,-476,483.01,0.52274
809,264,-529,591.22,0.63984
810,460,-590,748.13,0.80967
811,694,-681,972.32,1.05229
812,611,-642,886.28,0.95917
813,229,-359,425.82,0.46084
814,-99,-269,286.64,0.31022
815,-113,-636,645.96,0.69909
816,175,-973,988.61,1.06993
817,-30,-594,594.76,0.64368
818,-399,-508,645.96,0.69909
819,308,-687,752.88,0.81481
820,1171,-671,1349.62,1.46063
821,1138,-716,1344.51,1.45509
822,371,-690,783.42,0.84785
823,-66,-593,596.66,0.64574
824,69,-571,575.15,0.62246
825,171,-569,594.14,0.64301
826,-150,-609,627.20,0.67879
827,-381,-491,621.48,0.67260
828,-104,-363,377.60,0.40866
829,234,-358,427.69,0.46287
830,233,-357,426.31,0.46137
831,176,-368,407.92,0.44147
832,402,-279,489.33,0.52958
833,555,-188,585.98,0.63417
834,339,-199,393.09,0.42543
835,11,-417,417.15,0.45146
836,69,-438,443.40,0.47987
837,293,-438,526.97,0.57031
838,182,-450,485.41,0.52534
839,-98,-471,481.09,0.52066
840,-68,-367,373.25,0.40395
841,293,-246,382.58,0.41404
842,543,-269,605.98,0.65582
843,532,-413,673.49,0.72889
844,156,-562,583.25,0.63122
845,-421,-409,586.96,0.63524
846,-658,-265,709.36,0.76770
847,-443,-452,632.89,0.68495
# END
# FRAME,87,RX_TS,555485767563,FP_INDEX,750.6094,FP_INT,750,RXPACC,1267,RXPWR,-76.89,FP_PWR,-81.00,STD_NOISE,88.00,NTM,13,NOISE_THRESH,1144.00,PEAK_IDX,752,PEAK_AMPL,20278,START,700,elapsed_s,9.4797
sample,real,imag,amplitude,amplitude_norm
700,222,131,257.77,0.20345
701,214,91,232.54,0.18354
702,97,88,130.97,0.10337
703,122,52,132.62,0.10467
704,106,195,221.95,0.17518
705,94,238,255.89,0.20197
706,40,143,148.49,0.11720
707,82,83,116.67,0.09209
708,-40,65,76.32,0.06024
709,65,164,176.41,0.13924
710,159,154,221.35,0.17471
711,244,145,283.83,0.22402
712,295,105,313.13,0.24714
713,150,90,174.93,0.13807
714,74,41,84.60,0.06677
715,126,40,132.20,0.10434
716,48,17,50.92,0.04019
717,81,66,104.48,0.08247
718,87,215,231.94,0.18306
719,335,516,615.21,0.48556
720,570,542,786.55,0.62080
721,441,484,654.78,0.51680
722,146,368,395.90,0.31247
723,118,201,233.08,0.18396
724,144,349,377.54,0.29798
725,156,432,459.30,0.36251
726,148,297,331.83,0.26190
727,145,212,256.84,0.20272
728,296,97,311.49,0.24585
729,273,62,279.95,0.22096
730,211,132,248.89,0.19644
731,115,115,162.63,0.12836
732,199,155,252.24,0.19909
733,142,108,178.40,0.14081
734,132,73,150.84,0.11905
735,239,84,253.33,0.19995
736,183,184,259.51,0.20482
737,118,188,221.96,0.17519
738,102,232,253.43,0.20003
739,93,88,128.04,0.10105
740,161,82,180.68,0.14260
741,235,178,294.80,0.23268
742,281,262,384.19,0.30323
743,310,219,379.55,0.29957
744,196,48,201.79,0.15927
745,187,192,268.02,0.21154
746,201,188,275.22,0.21722
747,137,215,254.94,0.20121
748,108,135,172.88,0.13645
749,45,510,511.98,0.40409
750,-2359,3508,4227.40,3.33655
751,-10548,12354,16244.43,12.82118
752,-15738,16410,22737.04,17.94557
753,-15007,14479,20853.09,16.45864
754,-3634,4804,6023.65,4.75426
755,2870,45,2870.35,2.26547
756,-3807,4930,6228.82,4.91619
757,-6412,6311,8996.80,7.10087
758,916,984,1344.36,1.06106
759,5955,-2759,6563.09,5.18002
760,3102,-1842,3607.68,2.84742
761,-248,-25,249.26,0.19673
762,184,-146,234.89,0.18539
763,1950,-1121,2249.25,1.77526
764,1700,-1313,2148.02,1.69536
765,433,-796,906.15,0.71519
766,202,-679,708.41,0.55912
767,1018,-733,1254.44,0.99008
768,1502,-380,1549.32,1.22283
769,848,52,849.59,0.67055
770,222,-109,247.32,0.19520
771,582,156,602.54,0.47557
772,1200,2031,2359.02,1.86189
773,1217,3482,3688.55,2.91125
774,1048,1190,1585.69,1.25153
775,1516,-2791,3176.15,2.50683
776,1496,-4031,4299.65,3.39357
777,368,-1748,1786.32,1.40988
778,-212,242,321.73,0.25393
779,181,339,384.29,0.30331
780,571,-556,796.98,0.62903
781,556,-1248,1366.25,1.07833
782,610,-1057,1220.39,0.96321
783,704,-460,840.96,0.66374
784,471,-212,516.51,0.40767
785,480,-523,709.88,0.56028
786,1031,-877,1353.55,1.06831
787,1111,-160,1122.46,0.88592
788,830,550,995.69,0.78586
789,1009,682,1217.87,0.96122
790,1461,538,1556.91,1.22882
791,1349,441,1419.25,1.12017
792,282,-415,501.75,0.39601
793,-4,-1502,1502.01,1.18548
794,550,-1372,1478.14,1.16664
795,1006,-294,1048.08,0.82721
796,824,69,826.88,0.65263
797,373,-825,905.40,0.71460
798,142,-1575,1581.39,1.24814
799,443,-1278,1352.60,1.06756
800,1063,-496,1173.02,0.92583
801,1504,222,1520.30,1.19992
802,1126,839,1404.21,1.10829
803,214,660,693.83,0.54761
804,-144,-635,651.12,0.51391
805,641,-2165,2257.90,1.78208
806,1575,-2213,2716.25,2.14384
807,1654,-1078,1974.28,1.55824
808,882,-361,953.02,0.75219
809,230,-578,622.08,0.49099
810,449,-1050,1141.97,0.90132
811,826,-891,1214.97,0.95894
812,954,-323,1007.20,0.79495
813,1179,-44,1179.82,0.93119
814,1238,95,1241.64,0.97998
815,694,-33,694.78,0.54837
816,7,-348,348.07,0.27472
817,-113,-746,754.51,0.59551
818,411,-1104,1178.02,0.92977
819,462,-920,1029.49,0.81254
820,328,-1121,1168.00,0.92186
821,1024,-779,1286.63,1.01549
822,1995,27,1995.18,1.57473
823,2022,-35,2022.30,1.59613
824,1100,-762,1338.15,1.05616
825,602,-1089,1244.32,0.98210
826,643,-793,1020.93,0.80579
827,761,-525,924.52,0.72970
828,376,-717,809.61,0.63900
829,19,-838,838.22,0.66157
830,224,-686,721.65,0.56957
831,582,-334,671.03,0.52962
832,646,-265,698.24,0.55110
833,492,-330,592.42,0.46758
834,672,-130,684.46,0.54022
835,952,139,962.09,0.75935
836,746,-26,746.45,0.58915
837,520,-492,715.87,0.56501
838,604,-651,888.04,0.70090
839,816,-418,916.83,0.72362
840,807,-380,891.99,0.70402
841,438,-397,591.15,0.46657
842,327,-329,463.86,0.36611
843,534,-178,562.89,0.44427
844,830,-165,846.24,0.66791
845,1012,-350,1070.81,0.84516
846,765,-575,957.00,0.75533
847,-31,-795,795.60,0.62794
848,-530,-847,999.15,0.78860
849,-302,-936,983.51,0.77625
# END
# FRAME,88,RX_TS,561875559969,FP_INDEX,753.1406,FP_INT,753,RXPACC,934,RXPWR,-72.50,FP_PWR,-76.03,STD_NOISE,156.00,NTM,13,NOISE_THRESH,2028.00,PEAK_IDX,755,PEAK_AMPL,17659,START,703,elapsed_s,9.5273
sample,real,imag,amplitude,amplitude_norm
703,73,102,125.43,0.13429
704,100,103,143.56,0.15370
705,76,132,152.32,0.16308
706,-9,76,76.53,0.08194
707,6,-24,24.74,0.02649
708,69,-28,74.46,0.07973
709,91,42,100.22,0.10731
710,128,-10,128.39,0.13746
711,47,1,47.01,0.05033
712,35,-44,56.22,0.06020
713,31,-41,51.40,0.05503
714,106,72,128.14,0.13720
715,99,-2,99.02,0.10602
716,109,-26,112.06,0.11998
717,170,117,206.37,0.22095
718,60,137,149.56,0.16013
719,2,103,103.02,0.11030
720,28,110,113.51,0.12153
721,-60,162,172.75,0.18496
722,-170,319,361.47,0.38701
723,-190,297,352.57,0.37749
724,-149,60,160.63,0.17198
725,5,-1,5.10,0.00546
726,26,173,174.94,0.18730
727,-19,94,95.90,0.10268
728,-38,-5,38.33,0.04104
729,9,-68,68.59,0.07344
730,130,-39,135.72,0.14531
731,111,106,153.48,0.16433
732,69,220,230.57,0.24686
733,85,112,140.60,0.15054
734,93,10,93.54,0.10015
735,142,47,149.58,0.16015
736,54,55,77.08,0.08252
737,123,98,157.27,0.16838
738,126,122,175.39,0.18778
739,28,128,131.03,0.14029
740,35,44,56.22,0.06020
741,87,54,102.40,0.10963
742,157,75,173.99,0.18629
743,-17,110,111.31,0.11917
744,-43,252,255.64,0.27371
745,-66,187,198.31,0.21232
746,14,34,36.77,0.03937
747,164,32,167.09,0.17890
748,183,157,241.12,0.25816
749,104,202,227.20,0.24326
750,64,70,94.85,0.10155
751,108,-7,108.23,0.11587
752,-511,-927,1058.51,1.13331
753,-3565,-6582,7485.45,8.01440
754,-6282,-14256,15578.74,16.67959
755,-4709,-16416,17078.05,18.28485
756,-686,-13489,13506.43,14.46085
757,1388,-2689,3026.10,3.23993
758,-2220,-13,2220.04,2.37691
759,-5367,-4282,6865.87,7.35104
760,-2809,-3013,4119.30,4.41039
761,1021,2286,2503.64,2.68056
762,1787,3723,4129.66,4.42148
763,630,1215,1368.62,1.46533
764,-110,129,169.53,0.18151
765,74,1204,1206.27,1.29151
766,479,2002,2058.51,2.20397
767,650,1382,1527.23,1.63515
768,696,557,891.44,0.95443
769,553,745,927.81,0.99337
770,109,1281,1285.63,1.37648
771,-214,1179,1198.26,1.28294
772,-116,741,750.02,0.80302
773,4,635,635.01,0.67988
774,-915,717,1162.46,1.24460
775,-2540,227,2550.12,2.73032
776,-2456,-289,2472.95,2.64769
777,-232,379,444.37,0.47577
778,1301,1378,1895.12,2.02904
779,1039,1204,1590.33,1.70270
780,220,284,359.24,0.38463
781,-142,45,148.96,0.15949
782,27,653,653.56,0.69974
783,385,1117,1181.49,1.26498
784,820,1167,1426.29,1.52707
785,816,855,1181.90,1.26541
786,276,412,495.90,0.53095
787,5,465,465.03,0.49789
788,143,788,800.87,0.85746
789,549,1017,1155.72,1.23739
790,127,612,625.04,0.66921
791,-579,575,816.01,0.87367
792,-838,882,1216.62,1.30259
793,-550,854,1015.78,1.08756
794,501,424,656.34,0.70272
795,1537,612,1654.36,1.77127
796,1723,1206,2103.13,2.25175
797,776,1437,1633.14,1.74854
798,51,1022,1023.27,1.09558
799,262,689,737.13,0.78922
800,847,789,1157.55,1.23935
801,958,921,1328.91,1.42282
802,264,1019,1052.64,1.12703
803,-471,960,1069.32,1.14488
804,-712,599,930.45,0.99620
805,-262,62,269.24,0.28826
806,472,-37,473.45,0.50690
807,1190,878,1478.85,1.58335
808,1355,1822,2270.62,2.43107
809,765,1874,2024.13,2.16716
810,403,1249,1312.41,1.40515
811,503,766,916.39,0.98114
812,709,812,1077.97,1.15415
813,634,859,1067.63,1.14307
814,331,736,807.00,0.86403
815,219,827,855.51,0.91596
816,138,987,996.60,1.06702
817,227,910,937.89,1.00416
818,362,521,634.42,0.67925
819,732,391,829.88,0.88853
820,1136,740,1355.76,1.45157
821,913,870,1261.14,1.35025
822,697,411,809.15,0.86633
823,678,486,834.19,0.89314
824,75,1038,1040.71,1.11425
825,-422,1373,1436.39,1.53789
826,44,1204,1204.80,1.28994
827,609,864,1057.06,1.13176
828,784,697,1049.03,1.12316
829,638,641,904.39,0.96830
830,630,522,818.16,0.87597
831,715,381,810.18,0.86743
832,642,394,753.26,0.80649
833,378,555,671.50,0.71895
834,196,655,683.70,0.73201
835,240,639,682.58,0.73082
836,253,611,661.31,0.70804
837,72,727,730.56,0.78218
838,-5,712,712.02,0.76233
839,239,654,696.30,0.74551
840,353,627,719.54,0.77039
841,240,640,683.52,0.73182
842,200,760,785.88,0.84141
843,399,706,810.95,0.86825
844,596,474,761.51,0.81532
845,477,437,646.91,0.69263
846,122,631,642.69,0.68810
847,-18,948,948.17,1.01517
848,118,954,961.27,1.02920
849,610,609,861.96,0.92287
850,956,16,956.13,1.02370
851,1037,-23,1037.26,1.11055
852,979,650,1175.13,1.25817
# END
# FRAME,89,RX_TS,568265351834,FP_INDEX,746.6094,FP_INT,746,RXPACC,969,RXPWR,-70.82,FP_PWR,-76.61,STD_NOISE,76.00,NTM,13,NOISE_THRESH,988.00,PEAK_IDX,748,PEAK_AMPL,17988,START,696,elapsed_s,9.6930
sample,real,imag,amplitude,amplitude_norm
696,68,98,119.28,0.12310
697,129,51,138.72,0.14315
698,103,-38,109.79,0.11330
699,138,-57,149.31,0.15409
700,161,100,189.53,0.19559
701,57,42,70.80,0.07307
702,30,34,45.34,0.04679
703,28,-20,34.41,0.03551
704,63,-61,87.69,0.09050
705,112,-76,135.35,0.13968
706,118,-23,120.22,0.12407
707,168,93,192.02,0.19817
708,124,137,184.78,0.19070
709,99,35,105.00,0.10836
710,40,-49,63.25,0.06528
711,57,30,64.41,0.06647
712,67,112,130.51,0.13469
713,78,118,141.45,0.14597
714,64,182,192.92,0.19910
715,10,373,373.13,0.38507
716,43,534,535.73,0.55287
717,-41,532,533.58,0.55065
718,-232,274,359.03,0.37051
719,-112,28,115.45,0.11914
720,27,120,123.00,0.12693
721,16,43,45.88,0.04735
722,-20,6,20.88,0.02155
723,26,49,55.47,0.05725
724,127,99,161.03,0.16618
725,126,149,195.13,0.20138
726,67,133,148.92,0.15369
727,55,57,79.21,0.08174
728,61,97,114.59,0.11825
729,114,64,130.74,0.13492
730,123,44,130.63,0.13481
731,124,143,189.27,0.19533
732,176,149,230.60,0.23798
733,-42,88,97.51,0.10063
734,-40,41,57.28,0.05911
735,70,-11,70.86,0.07313
736,201,50,207.13,0.21375
737,183,139,229.80,0.23716
738,102,145,177.28,0.18295
739,45,8,45.71,0.04717
740,91,-15,92.23,0.09518
741,119,5,119.10,0.12292
742,137,137,193.75,0.19995
743,79,97,125.10,0.12910
744,-12,62,63.15,0.06517
745,-341,109,358.00,0.36945
746,-3633,-257,3642.08,3.75860
747,-12473,-2551,12731.20,13.13849
748,-16407,-5904,17436.94,17.99478
749,-14103,-10112,17353.59,17.90876
750,-8098,-12597,14975.38,15.45447
751,-2977,-7169,7762.54,8.01088
752,-3841,100,3842.30,3.96522
753,-3652,2197,4261.91,4.39826
754,370,1276,1328.56,1.37106
755,2937,566,2991.04,3.08673
756,1733,417,1782.46,1.83949
757,535,457,703.61,0.72612
758,713,470,853.97,0.88129
759,1108,389,1174.30,1.21187
760,896,372,970.15,1.00119
761,503,389,635.87,0.65621
762,490,401,633.17,0.65342
763,762,492,907.03,0.93605
764,575,611,839.01,0.86586
765,125,534,548.44,0.56598
766,222,364,426.36,0.44000
767,212,785,813.12,0.83914
768,-877,1625,1846.55,1.90563
769,-1957,1559,2502.07,2.58211
770,-1299,159,1308.69,1.35056
771,601,-710,930.22,0.95997
772,1594,55,1594.95,1.64597
773,825,965,1269.59,1.31020
774,-250,800,838.15,0.86497
775,-210,581,617.79,0.63755
776,527,433,682.07,0.70389
777,939,407,1023.41,1.05615
778,1026,466,1126.87,1.16292
779,667,634,920.24,0.94968
780,230,514,563.11,0.58113
781,365,341,499.51,0.51549
782,593,414,723.22,0.74636
783,449,573,727.96,0.75125
784,-99,658,665.41,0.68669
785,-388,1083,1150.41,1.18721
786,-144,1516,1522.82,1.57154
787,277,1100,1134.34,1.17063
788,879,-192,899.72,0.92851
789,1510,-908,1761.98,1.81835
790,1652,-194,1663.35,1.71657
791,974,825,1276.44,1.31728
792,412,1177,1247.03,1.28692
793,514,619,804.58,0.83033
794,706,78,710.30,0.73302
795,610,-22,610.40,0.62992
796,370,622,723.73,0.74688
797,147,1331,1339.09,1.38193
798,-209,1301,1317.68,1.35984
799,-196,305,362.55,0.37415
800,520,-506,725.56,0.74877
801,1522,-308,1552.85,1.60253
802,1849,502,1915.93,1.97723
803,1367,774,1570.91,1.62117
804,939,431,1033.19,1.06624
805,941,323,994.89,1.02672
806,912,349,976.50,1.00774
807,620,337,705.67,0.72824
808,452,246,514.61,0.53107
809,618,496,792.43,0.81778
810,809,943,1242.47,1.28222
811,729,758,1051.67,1.08531
812,588,175,613.49,0.63312
813,917,-329,974.23,1.00540
814,1515,-355,1556.04,1.60582
815,1424,-186,1436.10,1.48204
816,771,-259,813.34,0.83936
817,451,373,585.26,0.60398
818,535,1225,1336.73,1.37950
819,752,1304,1505.30,1.55345
820,850,502,987.17,1.01875
821,770,7,770.03,0.79467
822,697,47,698.58,0.72093
823,737,105,744.44,0.76826
824,677,-50,678.84,0.70056
825,464,-127,481.07,0.49646
826,287,151,324.30,0.33467
827,338,437,552.46,0.57014
828,482,365,604.61,0.62395
829,549,379,667.11,0.68846
830,570,652,866.03,0.89373
831,423,787,893.48,0.92206
832,381,490,620.69,0.64055
833,463,240,521.51,0.53819
834,598,366,701.11,0.72354
835,478,532,715.20,0.73808
836,455,421,619.89,0.63972
837,465,236,521.46,0.53814
838,458,185,493.95,0.50975
839,377,488,616.66,0.63639
840,416,808,908.80,0.93788
841,540,888,1039.30,1.07255
842,677,408,790.44,0.81573
843,721,-282,774.19,0.79895
844,644,-647,912.88,0.94208
845,953,-493,1072.97,1.10729
# END
# FRAME,90,RX_TS,574655143669,FP_INDEX,748.3281,FP_INT,748,RXPACC,968,RXPWR,-72.45,FP_PWR,-77.04,STD_NOISE,64.00,NTM,13,NOISE_THRESH,832.00,PEAK_IDX,750,PEAK_AMPL,17922,START,698,elapsed_s,9.7453
sample,real,imag,amplitude,amplitude_norm
698,71,177,190.71,0.19701
699,101,80,128.84,0.13310
700,146,73,163.23,0.16863
701,113,50,123.57,0.12765
702,59,242,249.09,0.25732
703,71,145,161.45,0.16679
704,110,23,112.38,0.11609
705,63,-45,77.42,0.07998
706,18,13,22.20,0.02294
707,47,108,117.78,0.12168
708,92,158,182.83,0.18888
709,53,84,99.32,0.10261
710,57,39,69.07,0.07135
711,121,78,143.96,0.14872
712,125,72,144.25,0.14902
713,73,112,133.69,0.13811
714,54,104,117.18,0.12106
715,128,198,235.77,0.24357
716,146,256,294.71,0.30445
717,299,364,471.06,0.48663
718,434,460,632.42,0.65333
719,149,383,410.96,0.42455
720,-76,205,218.63,0.22586
721,100,204,227.19,0.23470
722,168,303,346.46,0.35791
723,73,193,206.34,0.21317
724,-65,79,102.30,0.10569
725,-18,76,78.10,0.08068
726,149,126,195.13,0.20158
727,213,74,225.49,0.23294
728,92,113,145.72,0.15053
729,64,52,82.46,0.08519
730,134,49,142.68,0.14739
731,111,103,151.43,0.15643
732,73,68,99.76,0.10306
733,-2,108,108.02,0.11159
734,49,84,97.25,0.10046
735,-10,91,91.55,0.09457
736,9,25,26.57,0.02745
737,32,130,133.88,0.13831
738,143,175,226.00,0.23347
739,168,165,235.48,0.24326
740,115,179,212.76,0.21979
741,110,148,184.40,0.19050
742,72,111,132.31,0.13668
743,125,61,139.09,0.14369
744,139,97,169.50,0.17510
745,69,118,136.69,0.14121
746,50,90,102.96,0.10636
747,-522,618,808.95,0.83570
748,-4863,3654,6082.80,6.28389
749,-13030,7535,15051.81,15.54940
750,-16411,5837,17418.14,17.99394
751,-14326,-202,14327.42,14.80106
752,-4183,-2725,4992.31,5.15734
753,-1292,3971,4175.90,4.31394
754,-5233,8562,10034.55,10.36627
755,-3317,3250,4643.81,4.79733
756,2621,-2698,3761.50,3.88584
757,4343,-2598,5060.76,5.22805
758,1602,159,1609.87,1.66309
759,18,709,709.23,0.73267
760,940,-474,1052.75,1.08755
761,1747,-928,1978.18,2.04357
762,1170,-420,1243.10,1.28420
763,234,-62,242.07,0.25008
764,323,-245,405.41,0.41881
765,956,-245,986.89,1.01952
766,999,79,1002.12,1.03525
767,657,227,695.11,0.71809
768,650,140,664.91,0.68689
769,899,819,1216.13,1.25633
770,554,2249,2316.23,2.39280
771,-203,1997,2007.29,2.07365
772,-136,-150,202.47,0.20917
773,763,-1279,1489.30,1.53853
774,1157,-382,1218.43,1.25871
775,559,502,751.32,0.77616
776,159,216,268.21,0.27708
777,554,-221,596.45,0.61617
778,1103,-125,1110.06,1.14676
779,1313,-123,1318.75,1.36234
780,936,-309,985.69,1.01827
781,249,-157,294.36,0.30409
782,198,-24,199.45,0.20604
783,850,-125,859.14,0.88754
784,1456,-234,1474.68,1.52343
785,919,-18,919.18,0.94956
786,192,516,550.56,0.56876
787,491,857,987.69,1.02034
788,945,855,1274.38,1.31651
789,891,244,923.81,0.95434
790,671,-822,1061.10,1.09617
791,1050,-1236,1621.79,1.67540
792,1476,-581,1586.23,1.63867
793,1257,359,1307.26,1.35048
794,914,314,966.43,0.99838
795,945,-375,1016.69,1.05030
796,992,-629,1174.61,1.21344
797,1004,-188,1021.45,1.05522
798,1116,653,1293.01,1.33575
799,873,1065,1377.08,1.42261
800,159,855,869.66,0.89841
801,-295,-29,296.42,0.30622
802,383,-1047,1114.85,1.15171
803,1450,-1294,1943.43,2.00768
804,1802,-700,1933.18,1.99709
805,1263,-171,1274.52,1.31666
806,739,-132,750.70,0.77551
807,631,-257,681.33,0.70385
808,770,-287,821.75,0.84891
809,722,-118,731.58,0.75576
810,766,-66,768.84,0.79425
811,1067,50,1068.17,1.10348
812,1196,177,1209.03,1.24899
813,761,-18,761.21,0.78638
814,513,-475,699.14,0.72225
815,847,-1060,1356.84,1.40169
816,1025,-931,1384.70,1.43047
817,472,-651,804.11,0.83069
818,350,-543,646.03,0.66738
819,927,-4,927.01,0.95765
820,1350,565,1463.46,1.51184
821,1265,360,1315.23,1.35871
822,783,-232,816.65,0.84364
823,666,-454,806.02,0.83267
824,620,-387,730.87,0.75503
825,561,-488,743.55,0.76813
826,379,-659,760.21,0.78534
827,214,-524,566.01,0.58473
828,469,-112,482.19,0.49813
829,512,208,552.64,0.57091
830,553,15,553.20,0.57149
831,704,-131,716.08,0.73976
832,940,2,940.00,0.97108
833,784,239,819.62,0.84671
834,531,43,532.74,0.55035
835,476,-146,497.89,0.51435
836,672,-109,680.78,0.70329
837,842,17,842.17,0.87001
838,646,-45,647.57,0.66897
839,413,-250,482.77,0.49873
840,348,-264,436.81,0.45125
841,565,-34,566.02,0.58473
842,808,238,842.32,0.87017
843,896,116,903.48,0.93334
844,682,-373,777.34,0.80303
845,9,-826,826.05,0.85336
846,-178,-894,911.55,0.94168
847,653,-792,1026.49,1.06042
# END
# FRAME,91,RX_TS,581044935507,FP_INDEX,749.6406,FP_INT,749,RXPACC,923,RXPWR,-71.45,FP_PWR,-76.23,STD_NOISE,60.00,NTM,13,NOISE_THRESH,780.00,PEAK_IDX,751,PEAK_AMPL,17346,START,699,elapsed_s,9.9164
sample,real,imag,amplitude,amplitude_norm
699,162,47,168.68,0.18275
700,96,108,144.50,0.15655
701,36,116,121.46,0.13159
702,-4,111,111.07,0.12034
703,85,98,129.73,0.14055
704,226,144,267.98,0.29033
705,217,185,285.16,0.30894
706,240,150,283.02,0.30663
707,169,111,202.19,0.21906
708,98,167,193.63,0.20978
709,35,162,165.74,0.17956
710,-7,98,98.25,0.10645
711,59,85,103.47,0.11210
712,116,13,116.73,0.12646
713,92,53,106.17,0.11503
714,122,24,124.34,0.13471
715,42,20,46.52,0.05040
716,96,26,99.46,0.10776
717,146,-29,148.85,0.16127
718,218,-169,275.84,0.29885
719,116,-404,420.32,0.45539
720,228,-419,477.02,0.51681
721,365,-96,377.41,0.40890
722,239,70,249.04,0.26982
723,161,52,169.19,0.18330
724,185,3,185.02,0.20046
725,128,149,196.43,0.21282
726,47,138,145.78,0.15795
727,7,104,104.24,0.11293
728,-11,76,76.79,0.08320
729,70,81,107.06,0.11599
730,96,114,149.04,0.16147
731,155,65,168.08,0.18210
732,91,130,158.69,0.17192
733,98,134,166.01,0.17986
734,92,190,211.10,0.22871
735,135,92,163.37,0.17700
736,176,100,202.43,0.21931
737,218,157,268.65,0.29106
738,106,155,187.78,0.20344
739,129,22,130.86,0.14178
740,107,-84,136.03,0.14738
741,171,-76,187.13,0.20274
742,162,17,162.89,0.17648
743,98,112,148.82,0.16124
744,9,53,53.76,0.05824
745,76,45,88.32,0.09569
746,117,109,159.91,0.17325
747,93,173,196.41,0.21280
748,398,6,398.05,0.43125
749,3373,172,3377.38,3.65914
750,12212,1643,12322.03,13.34998
751,16412,4209,16943.12,18.35658
752,14493,7949,16529.78,17.90876
753,6566,9416,11479.26,12.43690
754,600,3612,3661.49,3.96695
755,3925,-798,4005.30,4.33944
756,3970,-1477,4235.85,4.58922
757,-2438,-1184,2710.30,2.93640
758,-5634,-1267,5774.71,6.25645
759,-2583,-1015,2775.27,3.00679
760,209,-608,642.92,0.69655
761,-251,-526,582.82,0.63144
762,-1496,-673,1640.41,1.77726
763,-1159,-487,1257.16,1.36204
764,-213,22,214.13,0.23200
765,-206,259,330.93,0.35854
766,-791,-80,795.04,0.86136
767,-824,-447,937.44,1.01564
768,-368,-461,589.87,0.63908
769,-197,-314,370.68,0.40161
770,-169,-714,733.73,0.79494
771,728,-1663,1815.37,1.96681
772,1751,-1449,2272.80,2.46240
773,1064,544,1195.00,1.29469
774,-902,1924,2124.94,2.30221
775,-1783,871,1984.37,2.14991
776,-917,-776,1201.28,1.30149
777,-146,-1027,1037.33,1.12386
778,-486,-305,573.78,0.62164
779,-935,31,935.51,1.01356
780,-982,-257,1015.07,1.09975
781,-831,-457,948.37,1.02749
782,-480,-332,583.63,0.63232
783,-205,-47,210.32,0.22786
784,-369,55,373.08,0.40420
785,-837,-193,858.96,0.93062
786,-641,-367,738.63,0.80025
787,87,-410,419.13,0.45409
788,229,-653,691.99,0.74972
789,-14,-906,906.11,0.98170
790,-246,-613,660.52,0.71562
791,-713,303,774.71,0.83934
792,-1406,792,1613.72,1.74835
793,-1531,223,1547.16,1.67622
794,-777,-562,958.94,1.03894
795,-380,-469,603.62,0.65398
796,-584,115,595.22,0.64487
797,-751,408,854.67,0.92597
798,-557,143,575.06,0.62304
799,-398,-790,884.59,0.95839
800,-164,-1576,1584.51,1.71670
801,329,-1311,1351.65,1.46441
802,420,-200,465.19,0.50400
803,-563,699,897.54,0.97241
804,-1633,419,1685.90,1.82654
805,-1478,-326,1513.53,1.63979
806,-846,-521,993.56,1.07644
807,-576,-223,617.66,0.66919
808,-789,-28,789.50,0.85536
809,-874,-133,884.06,0.95781
810,-519,-167,545.21,0.59069
811,-371,-212,427.30,0.46295
812,-590,-384,703.96,0.76268
813,-769,-624,990.32,1.07294
814,-528,-425,677.80,0.73434
815,-317,171,360.18,0.39023
816,-686,549,878.63,0.95193
817,-1386,444,1455.38,1.57679
818,-1063,312,1107.84,1.20026
819,-688,373,782.61,0.84789
820,-553,-217,594.05,0.64361
821,-584,-956,1120.26,1.21372
822,-514,-883,1021.71,1.10694
823,-508,-76,513.65,0.55650
824,-599,287,664.21,0.71962
825,-644,112,653.67,0.70820
826,-584,70,588.18,0.63725
827,-450,453,638.52,0.69179
828,-281,498,571.81,0.61951
829,-229,143,269.98,0.29250
830,-297,-279,407.49,0.44149
831,-243,-223,329.82,0.35733
832,-272,-154,312.57,0.33865
833,-390,-453,597.75,0.64762
834,-406,-631,750.33,0.81293
835,-405,-380,555.36,0.60169
836,-485,41,486.73,0.52733
837,-585,-21,585.38,0.63421
838,-551,-293,624.06,0.67612
839,-379,-318,494.74,0.53601
840,-311,-16,311.41,0.33739
841,-273,145,309.12,0.33491
842,-232,-136,268.92,0.29136
843,-245,-460,521.18,0.56466
844,-309,-439,536.84,0.58163
845,-498,-87,505.54,0.54772
846,-409,616,739.42,0.80110
847,-279,953,993.00,1.07584
848,-519,779,936.06,1.01415
# END
# FRAME,92,RX_TS,587434727838,FP_INDEX,751.2187,FP_INT,751,RXPACC,915,RXPWR,-72.57,FP_PWR,-76.74,STD_NOISE,60.00,NTM,13,NOISE_THRESH,780.00,PEAK_IDX,753,PEAK_AMPL,17178,START,701,elapsed_s,10.0038
sample,real,imag,amplitude,amplitude_norm
701,26,176,177.91,0.19444
702,183,32,185.78,0.20303
703,190,67,201.47,0.22018
704,105,116,156.46,0.17100
705,35,75,82.76,0.09045
706,26,46,52.84,0.05775
707,16,-6,17.09,0.01868
708,49,-43,65.19,0.07125
709,26,-83,86.98,0.09506
710,83,1,83.01,0.09072
711,120,99,155.57,0.17002
712,119,203,235.31,0.25717
713,124,185,222.71,0.24340
714,130,27,132.77,0.14511
715,131,56,142.47,0.15570
716,166,150,223.73,0.24452
717,154,114,191.60,0.20940
718,51,138,147.12,0.16079
719,6,222,222.08,0.24271
720,68,409,414.61,0.45313
721,157,525,547.97,0.59888
722,28,412,412.95,0.45131
723,118,164,202.04,0.22081
724,-55,72,90.60,0.09902
725,-45,94,104.22,0.11390
726,55,157,166.36,0.18181
727,23,93,95.80,0.10470
728,-14,62,63.56,0.06947
729,102,79,129.02,0.14100
730,179,166,244.12,0.26680
731,127,111,168.67,0.18434
732,110,118,161.32,0.17631
733,150,98,179.18,0.19582
734,201,127,237.76,0.25985
735,139,103,173.00,0.18907
736,82,117,142.87,0.15615
737,69,8,69.46,0.07591
738,12,78,78.92,0.08625
739,13,106,106.79,0.11671
740,77,118,140.90,0.15399
741,150,130,198.49,0.21693
742,48,257,261.44,0.28573
743,31,247,248.94,0.27206
744,129,154,200.89,0.21955
745,183,24,184.57,0.20171
746,132,129,184.57,0.20171
747,106,141,176.40,0.19279
748,16,83,84.53,0.09238
749,-24,65,69.29,0.07573
750,-756,111,764.11,0.83509
751,-6360,-452,6376.04,6.96835
752,-14676,-1934,14802.88,16.17801
753,-16414,-2645,16625.75,18.17021
754,-12163,-1530,12258.85,13.39765
755,-2443,264,2457.22,2.68549
756,-2671,-1645,3136.92,3.42833
757,-6566,-3283,7341.01,8.02296
758,-2022,225,2034.48,2.22348
759,4283,3721,5673.62,6.20067
760,4056,2480,4754.11,5.19575
761,559,-327,647.62,0.70778
762,-213,-563,601.95,0.65786
763,1262,737,1461.44,1.59720
764,1886,1018,2143.20,2.34230
765,1070,174,1084.06,1.18476
766,409,-391,565.83,0.61839
767,786,-132,797.01,0.87105
768,1209,375,1265.82,1.38341
769,869,469,987.48,1.07922
770,487,263,553.48,0.60489
771,541,377,659.40,0.72066
772,117,1282,1287.33,1.40692
773,-1263,2092,2443.69,2.67070
774,-1894,1444,2381.67,2.60292
775,-217,40,220.66,0.24115
776,2093,-236,2106.26,2.30193
777,2306,581,2378.07,2.59898
778,1000,806,1284.38,1.40370
779,350,218,412.34,0.45064
780,589,-116,600.31,0.65608
781,936,103,941.65,1.02913
782,1008,276,1045.10,1.14219
783,1000,180,1016.07,1.11046
784,541,-71,545.64,0.59633
785,446,-74,452.10,0.49410
786,1051,105,1056.23,1.15435
787,1352,183,1364.33,1.49107
788,630,237,673.10,0.73563
789,128,327,351.16,0.38378
790,395,732,831.77,0.90904
791,803,1079,1345.01,1.46996
792,1065,468,1163.29,1.27136
793,1415,-499,1500.41,1.63979
794,1743,-576,1835.71,2.00624
795,1372,318,1408.37,1.53920
796,765,762,1079.75,1.18006
797,791,334,858.63,0.93839
798,1055,-342,1109.05,1.21208
799,814,-525,968.62,1.05860
800,320,126,343.91,0.37586
801,85,1201,1204.00,1.31585
802,-21,1671,1671.13,1.82637
803,-292,857,905.38,0.98949
804,64,-385,390.28,0.42654
805,1233,-785,1461.68,1.59747
806,1992,-69,1993.19,2.17835
807,1644,476,1711.52,1.87052
808,932,274,971.44,1.06169
809,740,-25,740.42,0.80920
810,946,22,946.26,1.03416
811,881,114,888.35,0.97087
812,713,88,718.41,0.78515
813,716,131,727.89,0.79550
814,908,575,1074.75,1.17459
815,883,841,1219.41,1.33269
816,430,326,539.61,0.58973
817,329,-224,398.02,0.43499
818,864,-378,943.07,1.03068
819,1129,-214,1149.10,1.25585
820,1093,-396,1162.53,1.27052
821,1100,-371,1160.88,1.26872
822,1066,500,1177.44,1.28682
823,963,1205,1542.53,1.68582
824,1004,731,1241.92,1.35729
825,864,-95,869.21,0.94995
826,803,-199,827.29,0.90414
827,708,44,709.37,0.77526
828,702,-114,711.20,0.77726
829,745,-574,940.48,1.02785
830,650,-490,814.00,0.88962
831,504,25,504.62,0.55150
832,498,265,564.12,0.61652
833,593,83,598.78,0.65440
834,715,208,744.64,0.81381
835,625,598,865.00,0.94536
836,445,709,837.08,0.91484
837,579,280,643.15,0.70290
838,683,9,683.06,0.74651
839,779,125,788.97,0.86226
840,737,402,839.51,0.91749
841,627,317,702.58,0.76785
842,586,29,586.72,0.64122
843,570,35,571.07,0.62412
844,548,277,614.03,0.67107
845,523,459,695.85,0.76049
846,601,340,690.51,0.75465
847,807,-46,808.31,0.88340
848,656,-625,906.07,0.99024
849,508,-780,930.84,1.01731
850,611,-357,707.65,0.77339
# END
# FRAME,93,RX_TS,593824519639,FP_INDEX,752.2812,FP_INT,752,RXPACC,921,RXPWR,-69.46,FP_PWR,-74.79,STD_NOISE,116.00,NTM,13,NOISE_THRESH,1508.00,PEAK_IDX,754,PEAK_AMPL,17502,START,702,elapsed_s,10.0511
sample,real,imag,amplitude,amplitude_norm
702,116,112,161.25,0.17508
703,268,156,310.10,0.33670
704,184,174,253.24,0.27497
705,121,63,136.42,0.14812
706,119,-110,162.05,0.17595
707,184,-102,210.38,0.22843
708,218,56,225.08,0.24438
709,227,135,264.11,0.28676
710,227,101,248.46,0.26977
711,184,107,212.85,0.23111
712,93,116,148.68,0.16143
713,62,131,144.93,0.15736
714,98,158,185.92,0.20187
715,125,41,131.55,0.14284
716,102,52,114.49,0.12431
717,102,93,138.03,0.14987
718,109,132,171.19,0.18587
719,81,40,90.34,0.09809
720,-53,-48,71.51,0.07764
721,-183,18,183.88,0.19966
722,-335,139,362.69,0.39380
723,-284,136,314.88,0.34189
724,-31,-115,119.10,0.12932
725,70,-48,84.88,0.09216
726,30,-40,50.00,0.05429
727,-30,55,62.65,0.06802
728,216,-10,216.23,0.23478
729,288,26,289.17,0.31398
730,130,39,135.72,0.14737
731,-45,123,130.97,0.14221
732,-23,125,127.10,0.13800
733,65,200,210.30,0.22834
734,142,85,165.50,0.17969
735,141,115,181.95,0.19756
736,104,129,165.70,0.17991
737,129,185,225.53,0.24488
738,44,89,99.28,0.10780
739,54,-34,63.81,0.06929
740,183,7,183.13,0.19884
741,154,133,203.48,0.22094
742,58,144,155.24,0.16856
743,9,79,79.51,0.08633
744,97,91,133.00,0.14441
745,211,164,267.24,0.29016
746,166,97,192.26,0.20875
747,74,61,95.90,0.10413
748,41,77,87.24,0.09472
749,84,156,177.18,0.19238
750,104,68,124.26,0.13492
751,140,-764,776.72,0.84335
752,967,-5762,5842.58,6.34373
753,2952,-14015,14322.52,15.55105
754,4371,-16399,16971.53,18.42728
755,5107,-15245,16077.67,17.45675
756,4468,-10966,11841.29,12.85699
757,3419,-6841,7647.80,8.30380
758,2640,-5766,6341.64,6.88560
759,-337,-1964,1992.70,2.16363
760,-3081,2725,4113.17,4.46599
761,-2252,3481,4145.95,4.50157
762,-38,807,807.89,0.87719
763,343,-330,475.97,0.51680
764,-403,424,584.97,0.63514
765,-532,1011,1142.43,1.24042
766,40,889,889.90,0.96623
767,375,611,716.90,0.77839
768,117,684,693.93,0.75346
769,-335,822,887.64,0.96378
770,-476,655,809.69,0.87914
771,-96,487,496.37,0.53895
772,-42,651,652.35,0.70831
773,-802,174,820.66,0.89105
774,-1761,-1201,2131.55,2.31439
775,-1173,-1657,2030.17,2.20431
776,653,182,677.89,0.73604
777,1255,2295,2615.73,2.84010
778,-17,1943,1943.07,2.10974
779,-819,189,840.52,0.91262
780,-132,-308,335.09,0.36384
781,439,549,702.94,0.76323
782,149,1064,1074.38,1.16654
783,-310,931,981.25,1.06542
784,-272,739,787.47,0.85501
785,111,578,588.56,0.63905
786,333,467,573.57,0.62276
787,181,631,656.45,0.71275
788,-187,837,857.64,0.93120
789,-203,559,594.72,0.64573
790,-239,18,239.68,0.26024
791,-519,87,526.24,0.57138
792,-855,449,965.73,1.04856
793,-291,724,780.29,0.84722
794,588,1239,1371.45,1.48908
795,686,1607,1747.30,1.89717
796,55,1194,1195.27,1.29779
797,-252,597,648.01,0.70359
798,-44,580,581.67,0.63156
799,300,873,923.11,1.00229
800,356,790,866.51,0.94083
801,-88,246,261.27,0.28368
802,-973,55,974.55,1.05815
803,-1551,-67,1552.45,1.68561
804,-905,-252,939.43,1.02001
805,339,279,439.05,0.47671
806,865,1357,1609.25,1.74728
807,328,1960,1987.26,2.15771
808,-403,1491,1544.50,1.67699
809,-401,747,847.83,0.92055
810,10,789,789.06,0.85675
811,131,1070,1077.99,1.17046
812,-4,1020,1020.01,1.10750
813,-70,668,671.66,0.72927
814,-129,630,643.07,0.69823
815,-409,774,875.42,0.95051
816,-579,775,967.40,1.05038
817,-153,468,492.37,0.53461
818,325,420,531.06,0.57661
819,655,759,1002.55,1.08854
820,722,1163,1368.89,1.48631
821,685,1244,1420.13,1.54194
822,487,1066,1171.97,1.27250
823,-391,842,928.36,1.00799
824,-1056,760,1301.05,1.41265
825,-730,746,1043.75,1.13328
826,18,771,771.21,0.83736
827,230,656,695.15,0.75478
828,205,724,752.46,0.81701
829,371,797,879.12,0.95453
830,539,752,925.22,1.00458
831,473,679,827.51,0.89849
832,82,552,558.06,0.60593
833,-99,484,494.02,0.53640
834,40,467,468.71,0.50891
835,-72,531,535.86,0.58182
836,-499,478,691.00,0.75027
837,-531,500,729.36,0.79192
838,-148,581,599.55,0.65098
839,69,784,787.03,0.85454
840,-136,783,794.72,0.86289
841,-381,695,792.58,0.86057
842,-214,551,591.10,0.64180
843,66,524,528.14,0.57344
844,86,645,650.71,0.70652
845,-279,648,705.51,0.76603
846,-449,717,845.98,0.91855
847,-388,742,837.32,0.90914
848,38,762,762.95,0.82839
849,832,637,1047.85,1.13773
850,1002,537,1136.83,1.23434
851,672,651,935.62,1.01587
# END
# FRAME,94,RX_TS,600214311407,FP_INDEX,751.4375,FP_INT,751,RXPACC,1233,RXPWR,-74.39,FP_PWR,-79.50,STD_NOISE,72.00,NTM,13,NOISE_THRESH,936.00,PEAK_IDX,753,PEAK_AMPL,19942,START,701,elapsed_s,10.2420
sample,real,imag,amplitude,amplitude_norm
701,214,64,223.37,0.18116
702,107,202,228.59,0.18539
703,134,291,320.37,0.25983
704,134,229,265.32,0.21519
705,264,118,289.17,0.23453
706,369,94,380.78,0.30883
707,365,172,403.50,0.32725
708,221,177,283.14,0.22964
709,234,191,302.05,0.24498
710,262,41,265.19,0.21508
711,240,91,256.67,0.20817
712,101,168,196.02,0.15898
713,21,212,213.04,0.17278
714,161,88,183.48,0.14881
715,286,70,294.44,0.23880
716,174,133,219.01,0.17762
717,118,185,219.43,0.17796
718,96,202,223.65,0.18139
719,104,9,104.39,0.08466
720,-81,-140,161.74,0.13118
721,-397,-141,421.30,0.34168
722,-261,-155,303.56,0.24619
723,221,-209,304.17,0.24669
724,235,-11,235.26,0.19080
725,111,-125,167.17,0.13558
726,117,-30,120.78,0.09796
727,163,99,190.71,0.15467
728,206,214,297.04,0.24091
729,120,206,238.40,0.19335
730,5,203,203.06,0.16469
731,104,254,274.47,0.22260
732,121,217,248.46,0.20150
733,57,145,155.80,0.12636
734,16,140,140.91,0.11428
735,159,226,276.33,0.22411
736,298,197,357.23,0.28972
737,177,90,198.57,0.16104
738,113,-43,120.90,0.09806
739,233,98,252.77,0.20500
740,124,155,198.50,0.16099
741,69,189,201.20,0.16318
742,84,11,84.72,0.06871
743,145,-28,147.68,0.11977
744,195,126,232.17,0.18829
745,212,174,274.26,0.22244
746,196,172,260.77,0.21149
747,121,167,206.23,0.16726
748,156,135,206.30,0.16732
749,176,38,180.06,0.14603
750,625,-424,755.25,0.61253
751,3923,-4365,5868.83,4.75980
752,11942,-12720,17447.34,14.15032
753,16214,-15519,22444.00,18.20276
754,16411,-13503,21252.10,17.23609
755,10085,-7199,12390.84,10.04934
756,4232,-2920,5141.62,4.17001
757,6045,-5504,8175.33,6.63044
758,3177,-4713,5683.81,4.60974
759,-4019,231,4025.63,3.26491
760,-5237,3071,6071.01,4.92377
761,-435,1649,1705.41,1.38314
762,1439,-40,1439.56,1.16752
763,-392,-225,451.98,0.36657
764,-1658,407,1707.22,1.38461
765,-888,803,1197.23,0.97099
766,208,794,820.79,0.66569
767,-50,921,922.36,0.74806
768,-998,1118,1498.64,1.21544
769,-974,591,1139.28,0.92399
770,-356,203,409.81,0.33237
771,-100,259,277.63,0.22517
772,-645,-295,709.26,0.57523
773,-1028,-2476,2680.93,2.17431
774,-437,-3399,3426.98,2.77938
775,666,-409,781.56,0.63387
776,392,3323,3346.04,2.71374
777,-1163,3210,3414.19,2.76901
778,-1541,394,1590.57,1.29000
779,-446,-743,866.58,0.70282
780,272,501,570.07,0.46235
781,-226,1439,1456.64,1.18138
782,-822,1299,1537.23,1.24674
783,-965,792,1248.39,1.01249
784,-425,476,638.12,0.51754
785,-30,433,434.04,0.35202
786,-95,689,695.52,0.56409
787,-551,1032,1169.88,0.94881
788,-449,728,855.33,0.69370
789,-35,42,54.67,0.04434
790,-404,-488,633.53,0.51381
791,-1055,-488,1162.40,0.94274
792,-727,199,753.74,0.61131
793,172,1434,1444.28,1.17135
794,310,2298,2318.82,1.88063
795,-307,1600,1629.19,1.32132
796,-574,526,778.56,0.63143
797,-383,602,713.51,0.57868
798,-141,1308,1315.58,1.06697
799,197,1380,1393.99,1.13057
800,126,624,636.59,0.51630
801,-825,-294,875.82,0.71032
802,-1554,-1071,1887.31,1.53067
803,-1060,-1223,1618.43,1.31260
804,154,-197,250.05,0.20280
805,354,1465,1507.16,1.22235
806,-507,2444,2496.03,2.02436
807,-1232,1770,2156.55,1.74903
808,-1011,794,1285.52,1.04259
809,-444,669,802.93,0.65120
810,-430,996,1084.86,0.87985
811,-525,1308,1409.43,1.14309
812,-408,1121,1192.94,0.96751
813,-499,759,908.34,0.73669
814,-931,407,1016.08,0.82407
815,-1021,162,1033.77,0.83842
816,-320,283,427.19,0.34646
817,166,617,638.94,0.51820
818,189,1254,1268.16,1.02852
819,-465,1794,1853.28,1.50307
820,-435,1548,1607.96,1.30410
821,34,1210,1210.48,0.98173
822,-491,788,928.45,0.75300
823,-1410,480,1489.46,1.20800
824,-1400,486,1481.96,1.20191
825,-533,864,1015.18,0.82334
826,-15,895,895.13,0.72597
827,-65,739,741.85,0.60167
828,-94,940,944.69,0.76617
829,68,1167,1168.98,0.94808
830,199,1013,1032.36,0.83728
831,14,554,554.18,0.44945
832,-317,286,426.95,0.34627
833,-264,384,466.00,0.37794
834,-198,583,615.71,0.49936
835,-544,346,644.71,0.52288
836,-765,167,783.02,0.63505
837,-535,418,678.93,0.55063
838,-437,853,958.42,0.77731
839,-659,830,1059.80,0.85953
840,-768,483,907.26,0.73581
841,-655,385,759.77,0.61620
842,-258,650,699.33,0.56718
843,-219,803,832.33,0.67504
844,-476,545,723.60,0.58686
845,-789,271,834.24,0.67660
846,-893,381,970.88,0.78741
847,-658,774,1015.89,0.82392
848,326,1201,1244.46,1.00929
849,826,1230,1481.61,1.20163
850,602,1249,1386.51,1.12450
# END
# FRAME,95,RX_TS,606604103159,FP_INDEX,751.6406,FP_INT,751,RXPACC,971,RXPWR,-73.10,FP_PWR,-77.10,STD_NOISE,72.00,NTM,13,NOISE_THRESH,936.00,PEAK_IDX,753,PEAK_AMPL,17963,START,701,elapsed_s,10.2997
sample,real,imag,amplitude,amplitude_norm
701,3,12,12.37,0.01274
702,174,97,199.21,0.20516
703,243,37,245.80,0.25314
704,241,64,249.35,0.25680
705,56,70,89.64,0.09232
706,0,106,106.00,0.10917
707,55,84,100.40,0.10340
708,39,30,49.20,0.05067
709,-4,20,20.40,0.02101
710,8,50,50.64,0.05215
711,100,52,112.71,0.11608
712,126,94,157.20,0.16190
713,121,176,213.58,0.21996
714,71,80,106.96,0.11016
715,87,20,89.27,0.09194
716,111,74,133.41,0.13739
717,65,140,154.35,0.15896
718,65,113,130.36,0.13425
719,14,221,221.44,0.22806
720,-28,374,375.05,0.38625
721,26,590,590.57,0.60821
722,-60,482,485.72,0.50023
723,7,187,187.13,0.19272
724,137,79,158.15,0.16287
725,20,176,177.13,0.18242
726,-72,211,222.95,0.22960
727,72,85,111.40,0.11472
728,164,30,166.72,0.17170
729,140,161,213.36,0.21973
730,129,205,242.21,0.24944
731,124,66,140.47,0.14467
732,132,87,158.09,0.16281
733,91,175,197.25,0.20314
734,69,230,240.13,0.24730
735,119,118,167.59,0.17259
736,103,27,106.48,0.10966
737,84,90,123.11,0.12679
738,-27,115,118.13,0.12166
739,-28,66,71.69,0.07384
740,54,140,150.05,0.15453
741,108,257,278.77,0.28710
742,117,282,305.31,0.31443
743,115,246,271.55,0.27966
744,85,69,109.48,0.11275
745,99,20,101.00,0.10402
746,162,103,191.97,0.19770
747,137,234,271.15,0.27925
748,142,212,255.16,0.26278
749,180,175,251.05,0.25855
750,-117,80,141.74,0.14597
751,-3081,-575,3134.20,3.22780
752,-12042,-3279,12480.45,12.85319
753,-16405,-5805,17401.78,17.92151
754,-14356,-7280,16096.37,16.57711
755,-4109,-4290,5940.37,6.11778
756,1092,-439,1176.94,1.21209
757,-5293,-738,5344.20,5.50381
758,-7073,-125,7074.10,7.28538
759,150,2702,2706.16,2.78698
760,4784,3155,5730.68,5.90183
761,2791,709,2879.65,2.96565
762,-82,-442,449.54,0.46297
763,-68,687,690.36,0.71098
764,1101,1474,1839.80,1.89475
765,1299,700,1475.60,1.51967
766,727,-305,788.39,0.81193
767,659,-168,680.08,0.70039
768,1074,543,1203.46,1.23941
769,1015,881,1344.02,1.38416
770,519,552,757.67,0.78030
771,448,146,471.19,0.48526
772,348,641,729.37,0.75116
773,-990,1894,2137.13,2.20096
774,-2382,2086,3166.28,3.26084
775,-1058,360,1117.57,1.15095
776,1868,-1090,2162.76,2.22735
777,2865,-283,2878.94,2.96493
778,1255,1201,1737.07,1.78895
779,-209,1176,1194.43,1.23010
780,124,86,150.90,0.15541
781,862,-187,882.05,0.90839
782,1038,482,1144.45,1.17863
783,1015,945,1386.81,1.42823
784,785,571,970.70,0.99970
785,568,-66,571.82,0.58890
786,753,-91,758.48,0.78113
787,1184,450,1266.63,1.30446
788,936,526,1073.67,1.10574
789,315,329,455.48,0.46909
790,91,525,532.83,0.54874
791,206,1043,1063.15,1.09490
792,472,966,1075.15,1.10726
793,1122,-123,1128.72,1.16243
794,1799,-938,2028.85,2.08945
795,1733,-405,1779.69,1.83285
796,1070,342,1123.33,1.15688
797,990,406,1070.02,1.10197
798,1360,71,1361.85,1.40253
799,1255,-224,1274.83,1.31291
800,758,-57,760.14,0.78284
801,318,704,772.49,0.79556
802,-19,1488,1488.12,1.53257
803,-229,1385,1403.80,1.44573
804,-31,269,270.78,0.27887
805,959,-559,1110.03,1.14318
806,2031,-221,2042.99,2.10400
807,1919,632,2020.39,2.08073
808,1105,769,1346.25,1.38646
809,613,410,737.47,0.75950
810,808,82,812.15,0.83641
811,1135,164,1146.79,1.18104
812,1043,292,1083.10,1.11545
813,776,309,835.26,0.86020
814,724,678,991.90,1.02152
815,704,914,1153.69,1.18815
816,553,528,764.59,0.78742
817,494,-50,496.52,0.51135
818,958,-283,998.93,1.02876
819,1498,137,1504.25,1.54918
820,1186,78,1188.56,1.22406
821,908,-155,921.13,0.94865
822,806,331,871.32,0.89734
823,668,1293,1455.36,1.49883
824,780,1433,1631.53,1.68026
825,853,681,1091.50,1.12410
826,784,101,790.48,0.81409
827,821,48,822.40,0.84696
828,908,-25,908.34,0.93547
829,974,-180,990.49,1.02007
830,728,-264,774.39,0.79752
831,484,-100,494.22,0.50898
832,321,161,359.11,0.36984
833,419,169,451.80,0.46529
834,674,191,700.54,0.72146
835,654,506,826.89,0.85159
836,390,661,767.48,0.79040
837,336,439,552.83,0.56934
838,691,177,713.31,0.73461
839,835,293,884.91,0.91134
840,687,505,852.64,0.87810
841,505,426,660.68,0.68041
842,520,223,565.80,0.58270
843,650,122,661.35,0.68110
844,691,259,737.94,0.75998
845,644,510,821.48,0.84602
846,561,593,816.31,0.84070
847,617,321,695.51,0.71628
848,637,-304,705.82,0.72690
849,596,-801,998.41,1.02823
850,724,-604,942.86,0.97102
# END
# FRAME,96,RX_TS,612993894904,FP_INDEX,751.7812,FP_INT,751,RXPACC,1071,RXPWR,-73.43,FP_PWR,-78.68,STD_NOISE,68.00,NTM,13,NOISE_THRESH,884.00,PEAK_IDX,754,PEAK_AMPL,18637,START,701,elapsed_s,10.3573
sample,real,imag,amplitude,amplitude_norm
701,71,109,130.08,0.12146
702,91,174,196.36,0.18334
703,85,126,151.99,0.14191
704,118,59,131.93,0.12318
705,130,65,145.34,0.13571
706,191,64,201.44,0.18808
707,288,118,311.24,0.29060
708,246,160,293.46,0.27400
709,192,107,219.80,0.20523
710,279,36,281.31,0.26266
711,220,46,224.76,0.20986
712,56,91,106.85,0.09977
713,85,47,97.13,0.09069
714,62,118,133.30,0.12446
715,153,62,165.08,0.15414
716,161,147,218.01,0.20356
717,70,192,204.36,0.19081
718,125,128,178.91,0.16705
719,98,35,104.06,0.09716
720,-21,-178,179.23,0.16735
721,-214,-230,314.16,0.29333
722,-217,-136,256.10,0.23912
723,92,-71,116.21,0.10851
724,91,96,132.28,0.12351
725,19,-59,61.98,0.05787
726,98,-195,218.24,0.20377
727,123,14,123.79,0.11559
728,109,195,223.40,0.20859
729,92,201,221.05,0.20640
730,24,149,150.92,0.14092
731,-2,83,83.02,0.07752
732,25,142,144.18,0.13463
733,68,230,239.84,0.22394
734,30,170,172.63,0.16118
735,59,166,176.17,0.16449
736,59,137,149.16,0.13928
737,98,43,107.02,0.09992
738,177,-8,177.18,0.16543
739,183,98,207.59,0.19383
740,185,118,219.43,0.20488
741,61,153,164.71,0.15379
742,-104,79,130.60,0.12194
743,-31,-1,31.02,0.02896
744,108,89,139.95,0.13067
745,245,225,332.64,0.31059
746,74,150,167.26,0.15617
747,-84,139,162.41,0.15164
748,-24,112,114.54,0.10695
749,54,20,57.58,0.05377
750,325,-64,331.24,0.30928
751,2280,-1946,2997.55,2.79883
752,9964,-8130,12859.95,12.00742
753,15612,-11238,19236.09,17.96087
754,16404,-9357,18885.04,17.63309
755,10013,-2886,10420.61,9.72980
756,2536,1007,2728.62,2.54773
757,4888,-3074,5774.25,5.39146
758,4731,-5812,7494.11,6.99730
759,-2263,-2370,3276.90,3.05966
760,-5883,1452,6059.54,5.65783
761,-2602,1928,3238.45,3.02377
762,525,532,747.43,0.69788
763,-83,-96,126.91,0.11849
764,-1651,366,1691.08,1.57897
765,-1531,929,1790.81,1.67209
766,-360,993,1056.24,0.98622
767,-167,809,826.06,0.77129
768,-1002,625,1180.94,1.10266
769,-1285,413,1349.74,1.26026
770,-789,277,836.21,0.78078
771,-429,448,620.28,0.57916
772,-568,85,574.32,0.53625
773,-885,-1812,2016.57,1.88289
774,-258,-3485,3494.54,3.26287
775,287,-1671,1695.47,1.58307
776,-185,1910,1918.94,1.79173
777,-1387,2775,3102.32,2.89666
778,-1516,669,1657.05,1.54720
779,-792,-548,963.10,0.89926
780,-312,249,399.18,0.37272
781,-532,1137,1255.31,1.17209
782,-1101,919,1434.14,1.33907
783,-1360,604,1488.09,1.38944
784,-887,625,1085.08,1.01314
785,-124,745,755.25,0.70518
786,-144,1029,1039.03,0.97015
787,-965,1212,1549.25,1.44654
788,-922,647,1126.36,1.05169
789,-364,-40,366.19,0.34192
790,-359,-297,465.93,0.43504
791,-989,-293,1031.49,0.96311
792,-1159,92,1162.65,1.08557
793,-398,1106,1175.43,1.09751
794,55,2145,2145.71,2.00346
795,-296,1866,1889.33,1.76408
796,-744,1042,1280.35,1.19547
797,-732,748,1046.58,0.97720
798,-596,1137,1283.74,1.19864
799,-192,1212,1227.11,1.14576
800,194,678,705.21,0.65846
801,-250,-151,292.06,0.27270
802,-1025,-711,1247.46,1.16476
803,-927,-894,1287.85,1.20248
804,-138,-189,234.02,0.21851
805,-12,1239,1239.06,1.15692
806,-907,2166,2348.23,2.19256
807,-1671,1807,2461.20,2.29804
808,-1307,869,1569.53,1.46548
809,-520,361,633.03,0.59106
810,-380,603,712.75,0.66550
811,-676,962,1175.76,1.09782
812,-689,1000,1214.38,1.13388
813,-663,830,1062.29,0.99187
814,-758,551,937.10,0.87498
815,-979,226,1004.75,0.93814
816,-629,160,649.03,0.60600
817,-4,505,505.02,0.47154
818,108,1155,1160.04,1.08314
819,-476,1681,1747.09,1.63127
820,-541,1373,1475.74,1.37791
821,-391,1006,1079.31,1.00776
822,-651,642,914.31,0.85370
823,-1278,-4,1278.01,1.19328
824,-1400,-51,1400.93,1.30806
825,-813,382,898.27,0.83872
826,-304,741,800.94,0.74784
827,-247,832,867.89,0.81035
828,-378,968,1039.19,0.97030
829,-367,1104,1163.40,1.08628
830,-71,1022,1024.46,0.95655
831,-19,619,619.29,0.57824
832,-185,289,343.14,0.32039
833,-290,388,484.40,0.45229
834,-452,554,715.00,0.66760
835,-655,329,732.98,0.68439
836,-659,-65,662.20,0.61830
837,-372,91,382.97,0.35758
838,-275,652,707.62,0.66071
839,-575,775,965.01,0.90104
840,-704,383,801.44,0.74831
841,-528,213,569.34,0.53160
842,-216,301,370.48,0.34592
843,-87,560,566.72,0.52915
844,-404,443,599.55,0.55981
845,-714,297,773.31,0.72204
846,-728,255,771.37,0.72023
847,-567,392,689.31,0.64362
848,-115,855,862.70,0.80551
849,426,1054,1136.83,1.06147
850,371,1208,1263.69,1.17991
# END
# FRAME,97,RX_TS,619383687145,FP_INDEX,752.4062,FP_INT,752,RXPACC,900,RXPWR,-73.06,FP_PWR,-76.44,STD_NOISE,48.00,NTM,13,NOISE_THRESH,624.00,PEAK_IDX,754,PEAK_AMPL,16991,START,702,elapsed_s,10.5430
sample,real,imag,amplitude,amplitude_norm
702,80,66,103.71,0.11523
703,106,55,119.42,0.13269
704,121,61,135.51,0.15056
705,108,117,159.23,0.17692
706,177,84,195.92,0.21769
707,276,94,291.57,0.32396
708,238,129,270.71,0.30079
709,173,130,216.40,0.24044
710,197,138,240.53,0.26725
711,177,79,193.83,0.21537
712,13,102,102.83,0.11425
713,-76,47,89.36,0.09929
714,61,-41,73.50,0.08166
715,165,-1,165.00,0.18334
716,127,136,186.08,0.20675
717,89,147,171.84,0.19094
718,55,73,91.40,0.10156
719,113,-16,114.13,0.12681
720,222,-38,225.23,0.25025
721,147,-171,225.50,0.25055
722,-74,-286,295.42,0.32824
723,67,-258,266.56,0.29618
724,225,-22,226.07,0.25119
725,132,81,154.87,0.17208
726,137,8,137.23,0.15248
727,114,-89,144.63,0.16070
728,78,-26,82.22,0.09135
729,166,118,203.67,0.22630
730,81,135,157.44,0.17493
731,30,114,117.88,0.13098
732,18,65,67.45,0.07494
733,35,112,117.34,0.13038
734,31,124,127.82,0.14202
735,22,101,103.37,0.11485
736,10,109,109.46,0.12162
737,62,55,82.88,0.09209
738,151,116,190.41,0.21157
739,188,66,199.25,0.22139
740,177,110,208.40,0.23155
741,148,80,168.24,0.18693
742,27,2,27.07,0.03008
743,-10,21,23.26,0.02584
744,107,-13,107.79,0.11976
745,197,196,277.89,0.30877
746,148,230,273.50,0.30389
747,5,133,133.09,0.14788
748,-22,84,86.83,0.09648
749,87,81,118.87,0.13208
750,178,105,206.66,0.22962
751,569,-98,577.38,0.64153
752,4424,-1233,4592.61,5.10290
753,13236,-3100,13594.18,15.10464
754,16403,-2644,16614.73,18.46081
755,13967,-486,13975.45,15.52828
756,3084,1987,3668.68,4.07631
757,-245,1510,1529.75,1.69972
758,5133,-891,5209.76,5.78862
759,4463,-2542,5136.16,5.70684
760,-2014,-2015,2848.93,3.16548
761,-4205,-268,4213.53,4.68170
762,-1323,887,1592.83,1.76981
763,434,456,629.52,0.69946
764,-440,-410,601.41,0.66824
765,-1411,-397,1465.79,1.62865
766,-1090,401,1161.42,1.29047
767,-474,823,949.74,1.05527
768,-601,489,774.80,0.86089
769,-1089,-37,1089.63,1.21070
770,-848,-279,892.72,0.99191
771,-378,-51,381.42,0.42381
772,-377,145,403.92,0.44880
773,-416,-701,815.14,0.90571
774,442,-2347,2388.26,2.65362
775,1310,-2449,2777.35,3.08595
776,358,73,365.37,0.40596
777,-1745,2330,2911.00,3.23445
778,-2253,1528,2722.28,3.02475
779,-886,-458,997.38,1.10820
780,273,-755,802.84,0.89205
781,9,151,151.27,0.16808
782,-700,577,907.15,1.00795
783,-1058,346,1113.14,1.23682
784,-968,126,976.17,1.08463
785,-517,287,591.32,0.65702
786,-238,573,620.46,0.68940
787,-571,656,869.70,0.96633
788,-1019,426,1104.46,1.22718
789,-541,145,560.09,0.62233
790,-121,-150,192.72,0.21413
791,-211,-512,553.77,0.61530
792,-527,-761,925.66,1.02851
793,-504,-194,540.05,0.60005
794,-363,1003,1066.67,1.18519
795,-689,1687,1822.28,2.02475
796,-901,1030,1368.47,1.52052
797,-690,333,766.15,0.85128
798,-556,269,617.65,0.68628
799,-657,701,960.75,1.06751
800,-344,723,800.67,0.88963
801,-61,296,302.22,0.33580
802,-188,-502,536.05,0.59561
803,-344,-1186,1234.88,1.37209
804,-104,-961,966.61,1.07401
805,105,129,166.33,0.18481
806,-604,1177,1322.93,1.46992
807,-1540,1115,1901.27,2.11252
808,-1538,390,1586.68,1.76297
809,-794,20,794.25,0.88250
810,-403,277,489.02,0.54335
811,-703,499,862.10,0.95788
812,-926,463,1035.30,1.15033
813,-606,310,680.69,0.75632
814,-328,195,381.59,0.42399
815,-534,-59,537.25,0.59694
816,-656,-296,719.69,0.79965
817,-382,-115,398.93,0.44326
818,-249,428,495.16,0.55018
819,-582,960,1122.64,1.24738
820,-993,829,1293.56,1.43729
821,-801,573,984.85,1.09428
822,-683,523,860.24,0.95583
823,-772,14,772.13,0.85792
824,-1016,-608,1184.03,1.31559
825,-1048,-381,1115.11,1.23901
826,-630,108,639.19,0.71021
827,-347,240,421.91,0.46879
828,-325,377,497.75,0.55305
829,-520,606,798.52,0.88725
830,-472,813,940.08,1.04453
831,-238,602,647.34,0.71927
832,-216,271,346.55,0.38506
833,-369,204,421.64,0.46848
834,-340,314,462.81,0.51424
835,-325,131,350.41,0.38934
836,-366,-230,432.27,0.48030
837,-427,-329,539.05,0.59894
838,-337,130,361.20,0.40134
839,-434,464,635.34,0.70593
840,-543,273,607.76,0.67529
841,-527,-143,546.06,0.60673
842,-343,-200,397.05,0.44117
843,-190,220,290.69,0.32299
844,-248,358,435.51,0.48390
845,-286,97,302.00,0.33556
846,-356,-183,400.28,0.44476
847,-516,-134,533.12,0.59235
848,-475,174,505.87,0.56207
849,-92,866,870.87,0.96764
850,115,1111,1116.94,1.24104
851,-205,766,792.96,0.88106
# END
# FRAME,98,RX_TS,625773478863,FP_INDEX,752.1719,FP_INT,752,RXPACC,1094,RXPWR,-74.18,FP_PWR,-78.28,STD_NOISE,72.00,NTM,13,NOISE_THRESH,936.00,PEAK_IDX,754,PEAK_AMPL,19168,START,702,elapsed_s,10.6123
sample,real,imag,amplitude,amplitude_norm
702,157,54,166.03,0.15176
703,159,49,166.38,0.15208
704,178,124,216.93,0.19829
705,119,117,166.88,0.15254
706,180,131,222.62,0.20349
707,256,127,285.77,0.26122
708,285,156,324.90,0.29698
709,218,135,256.42,0.23438
710,227,49,232.23,0.21227
711,188,7,188.13,0.17197
712,28,145,147.68,0.13499
713,25,72,76.22,0.06967
714,66,74,99.16,0.09064
715,157,-9,157.26,0.14375
716,117,65,133.84,0.12234
717,23,136,137.93,0.12608
718,3,84,84.05,0.07683
719,70,14,71.39,0.06525
720,31,-69,75.64,0.06914
721,-168,-232,286.44,0.26183
722,-293,-270,398.43,0.36420
723,48,-192,197.91,0.18090
724,135,-46,142.62,0.13037
725,123,21,124.78,0.11406
726,226,-66,235.44,0.21521
727,157,-48,164.17,0.15007
728,214,59,221.98,0.20291
729,92,143,170.04,0.15543
730,-45,115,123.49,0.11288
731,-34,137,141.16,0.12903
732,84,112,140.00,0.12797
733,98,102,141.45,0.12930
734,-9,92,92.44,0.08450
735,74,74,104.65,0.09566
736,166,123,206.60,0.18885
737,71,177,190.71,0.17432
738,24,104,106.73,0.09756
739,129,38,134.48,0.12293
740,244,110,267.65,0.24465
741,128,214,249.36,0.22793
742,16,213,213.60,0.19525
743,-30,17,34.48,0.03152
744,86,-17,87.66,0.08013
745,237,99,256.85,0.23478
746,178,250,306.89,0.28052
747,20,274,274.73,0.25112
748,-26,73,77.49,0.07083
749,58,-7,58.42,0.05340
750,167,-33,170.23,0.15560
751,1014,-844,1319.29,1.20593
752,6510,-5981,8840.39,8.08079
753,14166,-11781,18424.64,16.84154
754,16404,-11524,20047.29,18.32476
755,13486,-6899,15148.21,13.84663
756,3789,158,3792.29,3.46645
757,3046,-582,3101.10,2.83465
758,5894,-4447,7383.43,6.74902
759,1042,-3347,3505.45,3.20425
760,-4897,98,4897.98,4.47713
761,-3873,1637,4204.75,3.84346
762,-37,879,879.78,0.80418
763,451,207,496.24,0.45360
764,-1410,357,1454.49,1.32952
765,-1865,918,2078.69,1.90008
766,-700,1100,1303.84,1.19181
767,-12,738,738.10,0.67468
768,-706,592,921.36,0.84219
769,-1393,587,1511.63,1.38174
770,-1043,480,1148.15,1.04950
771,-386,314,497.59,0.45483
772,-451,199,492.95,0.45060
773,-1163,-977,1518.91,1.38840
774,-931,-2973,3115.36,2.84768
775,86,-2573,2574.44,2.35323
776,170,991,1005.48,0.91908
777,-1084,3330,3501.99,3.20109
778,-1792,1732,2492.21,2.27807
779,-971,-552,1116.94,1.02096
780,-124,-472,488.02,0.44608
781,-284,708,762.84,0.69729
782,-971,1139,1496.72,1.36811
783,-1185,841,1453.10,1.32825
784,-981,605,1152.56,1.05352
785,-398,563,689.47,0.63023
786,-173,785,803.84,0.73477
787,-557,1150,1277.79,1.16800
788,-829,1085,1365.45,1.24813
789,-416,479,634.43,0.57991
790,-324,-21,324.68,0.29678
791,-808,-303,862.94,0.78880
792,-1176,-240,1200.24,1.09711
793,-698,532,877.63,0.80222
794,-183,1798,1807.29,1.65200
795,-399,2174,2210.31,2.02039
796,-768,1317,1524.57,1.39357
797,-681,674,958.14,0.87582
798,-636,893,1096.33,1.00213
799,-457,1155,1242.12,1.13540
800,-76,759,762.80,0.69725
801,-196,106,222.83,0.20368
802,-812,-574,994.39,0.90895
803,-1099,-977,1470.49,1.34414
804,-311,-552,633.58,0.57914
805,312,856,911.09,0.83280
806,-221,2232,2242.91,2.05020
807,-1308,2187,2548.30,2.32934
808,-1616,1103,1956.54,1.78843
809,-935,602,1112.04,1.01649
810,-400,730,832.41,0.76088
811,-384,1074,1140.58,1.04258
812,-481,995,1105.16,1.01020
813,-391,751,846.69,0.77394
814,-529,630,822.64,0.75196
815,-955,486,1071.55,0.97948
816,-1008,267,1042.76,0.95316
817,-276,347,443.38,0.40528
818,17,783,783.18,0.71589
819,-291,1494,1522.08,1.39129
820,-659,1509,1646.62,1.50514
821,-458,1270,1350.06,1.23406
822,-577,1065,1211.26,1.10719
823,-1110,409,1182.95,1.08131
824,-1497,-14,1497.07,1.36843
825,-1121,278,1154.96,1.05572
826,-559,704,898.94,0.82170
827,-452,725,854.36,0.78095
828,-365,742,826.92,0.75586
829,-195,1004,1022.76,0.93488
830,88,1125,1128.44,1.03148
831,93,845,850.10,0.77706
832,-204,446,490.44,0.44830
833,-384,425,572.78,0.52357
834,-358,597,696.11,0.63630
835,-509,529,734.11,0.67104
836,-662,115,671.91,0.61418
837,-664,-23,664.40,0.60731
838,-414,383,563.99,0.51553
839,-462,748,879.17,0.80363
840,-698,449,829.94,0.75863
841,-708,205,737.08,0.67375
842,-441,332,552.00,0.50457
843,-138,652,666.44,0.60918
844,-157,655,673.55,0.61568
845,-448,366,578.50,0.52879
846,-749,242,787.12,0.71949
847,-621,332,704.18,0.64367
848,-186,724,747.51,0.68328
849,481,1022,1129.53,1.03248
850,514,1021,1143.08,1.04487
851,-142,1008,1017.95,0.93049
# END
# FRAME,99,RX_TS,632163270587,FP_INDEX,750.8906,FP_INT,750,RXPACC,893,RXPWR,-71.48,FP_PWR,-77.33,STD_NOISE,52.00,NTM,13,NOISE_THRESH,676.00,PEAK_IDX,753,PEAK_AMPL,16584,START,700,elapsed_s,10.8527
sample,real,imag,amplitude,amplitude_norm
700,136,73,154.35,0.17285
701,69,124,141.90,0.15891
702,55,113,125.67,0.14073
703,30,100,104.40,0.11691
704,103,138,172.20,0.19283
705,30,214,216.09,0.24198
706,36,221,223.91,0.25074
707,17,217,217.66,0.24375
708,-29,183,185.28,0.20748
709,49,187,193.31,0.21648
710,19,155,156.16,0.17487
711,118,25,120.62,0.13507
712,157,-59,167.72,0.18782
713,48,73,87.37,0.09784
714,12,174,174.41,0.19531
715,45,157,163.32,0.18289
716,86,75,114.11,0.12778
717,119,121,169.71,0.19005
718,203,167,262.86,0.29436
719,316,159,353.75,0.39613
720,402,43,404.29,0.45274
721,393,33,394.38,0.44164
722,372,194,419.55,0.46982
723,194,234,303.96,0.34038
724,133,202,241.85,0.27083
725,169,198,260.32,0.29151
726,211,185,280.62,0.31424
727,127,233,265.36,0.29716
728,78,159,177.10,0.19832
729,133,72,151.24,0.16936
730,113,44,121.26,0.13579
731,46,78,90.55,0.10140
732,50,98,110.02,0.12320
733,46,7,46.53,0.05210
734,42,-38,56.64,0.06343
735,-27,84,88.23,0.09880
736,-16,130,130.98,0.14668
737,3,160,160.03,0.17920
738,56,276,281.62,0.31537
739,43,173,178.26,0.19962
740,54,8,54.59,0.06113
741,126,-23,128.08,0.14343
742,260,46,264.04,0.29568
743,120,193,227.26,0.25450
744,-5,245,245.05,0.27441
745,94,187,209.30,0.23437
746,136,194,236.92,0.26531
747,95,116,149.94,0.16790
748,115,84,142.41,0.15948
749,144,240,279.89,0.31342
750,700,2025,2142.57,2.39930
751,2101,9272,9507.06,10.64620
752,2521,15664,15865.57,17.76660
753,1238,16413,16459.62,18.43183
754,-623,12452,12467.58,13.96145
755,-1417,4506,4723.55,5.28953
756,-511,4173,4204.17,4.70792
757,914,5529,5604.04,6.27552
758,1914,451,1966.42,2.20204
759,1782,-4173,4537.56,5.08125
760,535,-2629,2682.88,3.00435
761,-114,344,362.40,0.40582
762,187,324,374.09,0.41892
763,424,-770,879.02,0.98434
764,92,-1012,1016.17,1.13793
765,-366,-413,551.84,0.61796
766,-313,-217,380.86,0.42650
767,-2,-647,647.00,0.72453
768,229,-864,893.83,1.00093
769,229,-511,559.97,0.62706
770,28,-146,148.66,0.16647
771,282,-104,300.57,0.33658
772,1565,405,1616.55,1.81025
773,2601,1354,2932.32,3.28368
774,1318,1314,1861.11,2.08411
775,-1111,-403,1181.83,1.32344
776,-1502,-2113,2592.45,2.90307
777,229,-1567,1583.64,1.77340
778,1068,-45,1068.95,1.19703
779,298,294,418.62,0.46878
780,-242,-396,464.09,0.51970
781,44,-916,917.06,1.02694
782,321,-865,922.64,1.03319
783,218,-590,628.99,0.70435
784,-23,-327,327.81,0.36709
785,18,-236,236.69,0.26505
786,19,-523,523.35,0.58605
787,83,-572,577.99,0.64725
788,269,-47,273.08,0.30580
789,585,116,596.39,0.66785
790,949,-334,1006.06,1.12661
791,901,-595,1079.73,1.20911
792,-24,-414,414.70,0.46438
793,-1005,-501,1122.95,1.25751
794,-935,-779,1216.99,1.36281
795,-200,-650,680.07,0.76156
796,52,-455,457.96,0.51284
797,-264,-495,561.00,0.62822
798,-394,-370,540.50,0.60526
799,-163,66,175.86,0.19693
800,336,239,412.33,0.46174
801,986,-18,986.16,1.10433
802,1354,-17,1354.11,1.51636
803,693,181,716.25,0.80207
804,-582,-176,608.03,0.68088
805,-1175,-1042,1570.47,1.75865
806,-599,-1449,1567.93,1.75580
807,65,-1034,1036.04,1.16018
808,69,-475,479.99,0.53750
809,-232,-423,482.44,0.54025
810,-315,-688,756.68,0.84735
811,-215,-632,667.57,0.74756
812,-94,-395,406.03,0.45468
813,130,-483,500.19,0.56012
814,480,-713,859.52,0.96250
815,528,-636,826.61,0.92565
816,87,-255,269.43,0.30172
817,-375,-334,502.18,0.56235
818,-794,-821,1142.14,1.27899
819,-757,-995,1250.23,1.40003
820,-650,-615,894.83,1.00205
821,-133,-637,650.74,0.72871
822,680,-965,1180.52,1.32197
823,950,-1138,1482.41,1.66004
824,505,-824,966.44,1.08224
825,-43,-522,523.77,0.58653
826,-102,-292,309.30,0.34636
827,-215,-369,427.07,0.47824
828,-464,-497,679.93,0.76140
829,-562,-336,654.78,0.73324
830,-229,-183,293.14,0.32826
831,78,-277,287.77,0.32225
832,118,-316,337.31,0.37773
833,-40,-327,329.44,0.36891
834,135,-366,390.10,0.43685
835,444,-430,618.09,0.69215
836,352,-293,457.99,0.51286
837,31,-355,356.35,0.39905
838,-66,-460,464.71,0.52039
839,230,-574,618.37,0.69246
840,387,-502,633.86,0.70980
841,187,-281,337.54,0.37798
842,-148,-300,334.52,0.37460
843,32,-380,381.35,0.42704
844,349,-443,563.96,0.63153
845,460,-520,694.26,0.77745
846,300,-539,616.86,0.69078
847,-264,-298,398.12,0.44582
848,-772,-25,772.40,0.86495
849,-784,-54,785.86,0.88002
# END
# FRAME,100,RX_TS,638553062256,FP_INDEX,749.5312,FP_INT,749,RXPACC,906,RXPWR,-73.16,FP_PWR,-76.92,STD_NOISE,64.00,NTM,13,NOISE_THRESH,832.00,PEAK_IDX,751,PEAK_AMPL,16597,START,699,elapsed_s,10.9089
sample,real,imag,amplitude,amplitude_norm
699,76,47,89.36,0.09863
700,167,56,176.14,0.19441
701,180,93,202.61,0.22363
702,115,164,200.30,0.22108
703,55,140,150.42,0.16602
704,-13,48,49.73,0.05489
705,3,-25,25.18,0.02779
706,77,3,77.06,0.08505
707,34,22,40.50,0.04470
708,0,61,61.00,0.06733
709,-4,115,115.07,0.12701
710,206,111,234.00,0.25828
711,182,102,208.63,0.23028
712,22,70,73.38,0.08099
713,8,73,73.44,0.08106
714,131,70,148.53,0.16394
715,257,124,285.35,0.31496
716,155,198,251.45,0.27754
717,-67,239,248.21,0.27397
718,16,417,417.31,0.46060
719,147,434,458.22,0.50576
720,33,449,450.21,0.49692
721,-79,198,213.18,0.23530
722,57,149,159.53,0.17608
723,6,205,205.09,0.22637
724,8,283,283.11,0.31249
725,38,168,172.24,0.19011
726,49,9,49.82,0.05499
727,174,73,188.69,0.20827
728,201,153,252.61,0.27882
729,154,136,205.46,0.22677
730,92,72,116.82,0.12895
731,83,85,118.80,0.13113
732,84,31,89.54,0.09883
733,57,54,78.52,0.08666
734,27,18,32.45,0.03582
735,71,61,93.61,0.10332
736,72,70,100.42,0.11084
737,48,78,91.59,0.10109
738,34,-16,37.58,0.04148
739,81,42,91.24,0.10071
740,175,183,253.21,0.27948
741,112,219,245.98,0.27150
742,-32,168,171.02,0.18876
743,-5,41,41.30,0.04559
744,140,44,146.75,0.16198
745,162,155,224.21,0.24747
746,150,179,233.54,0.25777
747,97,223,243.18,0.26841
748,-212,160,265.60,0.29316
749,-3462,646,3521.76,3.88715
750,-12322,1253,12385.54,13.67058
751,-16415,489,16422.28,18.12614
752,-14689,-1541,14769.61,16.30200
753,-4006,-2786,4879.53,5.38580
754,1600,-1916,2496.21,2.75520
755,-3817,-314,3829.89,4.22726
756,-5289,1637,5536.54,6.11097
757,865,2775,2906.69,3.20827
758,4579,1741,4898.81,5.40707
759,2658,-107,2660.15,2.93615
760,162,-503,528.44,0.58327
761,349,199,401.75,0.44343
762,1423,520,1515.03,1.67222
763,1410,34,1410.41,1.55674
764,921,-417,1011.00,1.11590
765,798,-302,853.23,0.94176
766,1136,171,1148.80,1.26799
767,1085,492,1191.34,1.31494
768,682,281,737.62,0.81415
769,560,7,560.04,0.61815
770,459,728,860.62,0.94991
771,-568,2282,2351.63,2.59561
772,-1627,2519,2998.75,3.30988
773,-587,315,666.18,0.73530
774,1985,-1812,2687.67,2.96652
775,2910,-1001,3077.35,3.39664
776,1275,982,1609.33,1.77630
777,-206,1169,1187.01,1.31017
778,13,126,126.67,0.13981
779,899,-255,934.47,1.03142
780,1323,168,1333.62,1.47199
781,1200,420,1271.38,1.40329
782,802,234,835.44,0.92212
783,484,-58,487.46,0.53804
784,727,-2,727.00,0.80243
785,1239,163,1249.68,1.37933
786,834,117,842.17,0.92954
787,243,219,327.12,0.36106
788,298,578,650.30,0.71777
789,605,1088,1244.90,1.37406
790,619,761,980.96,1.08274
791,616,-355,710.97,0.78474
792,1082,-1056,1511.91,1.66877
793,1282,-572,1403.82,1.54947
794,923,187,941.75,1.03946
795,776,128,786.49,0.86809
796,958,-226,984.30,1.08642
797,732,-321,799.29,0.88222
798,226,15,226.50,0.25000
799,222,717,750.58,0.82846
800,438,1258,1332.07,1.47027
801,189,1070,1086.56,1.19930
802,-29,-46,54.38,0.06002
803,749,-1076,1311.02,1.44704
804,1747,-1018,2021.96,2.23175
805,1778,-77,1779.67,1.96431
806,964,428,1054.74,1.16417
807,456,184,491.72,0.54274
808,616,-205,649.22,0.71657
809,982,-277,1020.32,1.12618
810,951,-117,958.17,1.05758
811,707,75,710.97,0.78473
812,838,275,881.97,0.97348
813,985,636,1172.48,1.29413
814,631,338,715.82,0.79009
815,333,-238,409.31,0.45177
816,750,-616,970.54,1.07124
817,1341,-544,1447.14,1.59729
818,1092,-409,1166.08,1.28707
819,947,-367,1015.63,1.12100
820,1018,126,1025.77,1.13219
821,1089,907,1417.24,1.56428
822,1072,950,1432.37,1.58098
823,864,340,928.49,1.02482
824,663,-53,665.12,0.73412
825,615,-145,631.86,0.69742
826,697,-314,764.46,0.84378
827,679,-392,784.03,0.86538
828,553,-352,655.52,0.72354
829,475,38,476.52,0.52596
830,392,209,444.24,0.49033
831,469,158,494.90,0.54625
832,572,-9,572.07,0.63142
833,567,230,611.87,0.67536
834,464,569,734.21,0.81038
835,470,313,564.68,0.62327
836,617,-90,623.53,0.68822
837,769,22,769.31,0.84913
838,722,410,830.29,0.91644
839,576,506,766.69,0.84624
840,470,120,485.08,0.53541
841,402,-122,420.10,0.46369
842,358,86,368.18,0.40638
843,497,468,682.67,0.75349
844,663,579,880.23,0.97156
845,707,185,730.80,0.80663
846,463,-560,726.61,0.80200
847,188,-882,901.81,0.99538
848,446,-605,751.63,0.82961
# END
# FRAME,101,RX_TS,644942853942,FP_INDEX,748.8281,FP_INT,748,RXPACC,899,RXPWR,-71.71,FP_PWR,-77.07,STD_NOISE,64.00,NTM,13,NOISE_THRESH,832.00,PEAK_IDX,751,PEAK_AMPL,16640,START,698,elapsed_s,10.9900
sample,real,imag,amplitude,amplitude_norm
698,17,130,131.11,0.14584
699,53,120,131.18,0.14592
700,40,144,149.45,0.16624
701,2,110,110.02,0.12238
702,113,159,195.06,0.21698
703,136,155,206.21,0.22937
704,101,180,206.40,0.22959
705,50,200,206.16,0.22932
706,-19,185,185.97,0.20687
707,55,196,203.57,0.22644
708,110,187,216.95,0.24133
709,89,77,117.69,0.13091
710,71,35,79.16,0.08805
711,-13,63,64.33,0.07155
712,-19,175,176.03,0.19580
713,51,254,259.07,0.28818
714,104,155,186.66,0.20763
715,113,42,120.55,0.13410
716,59,106,121.31,0.13494
717,207,141,250.46,0.27860
718,371,22,371.65,0.41341
719,501,-47,503.20,0.55973
720,290,113,311.24,0.34620
721,135,160,209.34,0.23286
722,258,150,298.44,0.33196
723,306,169,349.57,0.38884
724,180,148,233.03,0.25921
725,43,121,128.41,0.14284
726,43,76,87.32,0.09713
727,130,17,131.11,0.14584
728,47,60,76.22,0.08478
729,31,132,135.59,0.15082
730,94,119,151.65,0.16868
731,146,23,147.80,0.16441
732,120,66,136.95,0.15234
733,45,182,187.48,0.20854
734,72,94,118.41,0.13171
735,136,51,145.25,0.16157
736,108,118,159.96,0.17793
737,130,161,206.93,0.23018
738,61,59,84.86,0.09440
739,116,48,125.54,0.13964
740,122,49,131.47,0.14624
741,120,144,187.45,0.20851
742,74,178,192.77,0.21443
743,-36,127,132.00,0.14683
744,56,139,149.86,0.16669
745,97,223,243.18,0.27050
746,109,176,207.02,0.23028
747,232,336,408.31,0.45419
748,785,2296,2426.49,2.69910
749,2239,9809,10061.29,11.19165
750,2619,15856,16070.84,17.87635
751,1470,16420,16485.67,18.33778
752,386,11888,11894.26,13.23055
753,448,3652,3679.38,4.09274
754,1029,4024,4153.48,4.62011
755,1046,6279,6365.53,7.08068
756,1119,1518,1885.86,2.09774
757,1195,-3335,3542.63,3.94064
758,784,-2433,2556.20,2.84338
759,259,97,276.57,0.30764
760,181,180,255.27,0.28394
761,111,-693,701.83,0.78068
762,-96,-963,967.77,1.07650
763,-280,-406,493.19,0.54860
764,-232,-296,376.09,0.41834
765,-82,-707,711.74,0.79170
766,231,-892,921.43,1.02495
767,200,-379,428.53,0.47668
768,2,-37,37.05,0.04122
769,353,28,354.11,0.39389
770,1677,516,1754.59,1.95171
771,2722,1412,3066.44,3.41094
772,1317,1285,1840.03,2.04675
773,-1216,-480,1307.31,1.45418
774,-1662,-2008,2606.59,2.89943
775,79,-1361,1363.29,1.51645
776,1208,90,1211.35,1.34744
777,463,280,541.08,0.60187
778,-393,-397,558.62,0.62138
779,-315,-802,861.64,0.95845
780,68,-826,828.79,0.92191
781,134,-585,600.15,0.66758
782,-77,-353,361.30,0.40189
783,-186,-387,429.38,0.47762
784,-115,-720,729.13,0.81104
785,62,-750,752.56,0.83711
786,218,-309,378.16,0.42065
787,441,-71,446.68,0.49686
788,801,-333,867.46,0.96492
789,768,-393,862.71,0.95964
790,-147,-358,387.01,0.43048
791,-1056,-588,1208.67,1.34446
792,-867,-795,1176.31,1.30847
793,-115,-700,709.38,0.78908
794,83,-504,510.79,0.56817
795,-231,-505,555.33,0.61771
796,-432,-394,584.69,0.65038
797,-92,18,93.74,0.10428
798,524,79,529.92,0.58946
799,1216,-217,1235.21,1.37398
800,1377,-76,1379.10,1.53403
801,504,301,587.04,0.65299
802,-624,-58,626.69,0.69710
803,-1109,-1058,1532.72,1.70492
804,-672,-1504,1647.30,1.83237
805,65,-998,1000.11,1.11247
806,169,-384,419.54,0.46668
807,-143,-406,430.45,0.47881
808,-336,-788,856.64,0.95289
809,-206,-730,758.51,0.84373
810,-94,-532,540.24,0.60094
811,46,-695,696.52,0.77477
812,414,-874,967.09,1.07574
813,340,-553,649.16,0.72209
814,-70,-125,143.27,0.15936
815,-515,-172,542.96,0.60396
816,-788,-635,1012.01,1.12571
817,-695,-753,1024.71,1.13984
818,-574,-556,799.13,0.88891
819,-161,-789,805.26,0.89573
820,597,-1069,1224.41,1.36196
821,805,-1050,1323.07,1.47172
822,305,-789,845.90,0.94093
823,-138,-467,486.96,0.54167
824,-173,-380,417.53,0.46444
825,-226,-448,501.78,0.55815
826,-480,-460,664.83,0.73952
827,-644,-363,739.26,0.82231
828,-281,-225,359.98,0.40042
829,96,-332,345.60,0.38443
830,123,-380,399.41,0.44428
831,-54,-312,316.64,0.35221
832,124,-355,376.03,0.41828
833,379,-328,501.22,0.55753
834,319,-318,450.43,0.50103
835,-61,-359,364.15,0.40506
836,-153,-583,602.74,0.67046
837,188,-666,692.03,0.76977
838,314,-515,603.18,0.67094
839,138,-301,331.13,0.36833
840,-76,-226,238.44,0.26522
841,92,-395,405.57,0.45114
842,264,-518,581.39,0.64671
843,340,-516,617.95,0.68737
844,162,-436,465.12,0.51738
845,-455,-356,577.72,0.64263
846,-891,-1,891.00,0.99110
847,-882,4,882.01,0.98110
# END
# FRAME,102,RX_TS,651332645583,FP_INDEX,748.2031,FP_INT,748,RXPACC,1139,RXPWR,-74.76,FP_PWR,-78.90,STD_NOISE,88.00,NTM,13,NOISE_THRESH,1144.00,PEAK_IDX,750,PEAK_AMPL,19608,START,698,elapsed_s,11.1457
sample,real,imag,amplitude,amplitude_norm
698,172,181,249.69,0.21922
699,152,178,234.07,0.20550
700,129,130,183.14,0.16079
701,116,34,120.88,0.10613
702,116,64,132.48,0.11632
703,67,69,96.18,0.08444
704,81,75,110.39,0.09692
705,159,69,173.33,0.15217
706,83,55,99.57,0.08742
707,178,88,198.56,0.17433
708,115,126,170.59,0.14977
709,-18,184,184.88,0.16232
710,-57,103,117.72,0.10335
711,31,26,40.46,0.03552
712,184,18,184.88,0.16232
713,154,118,194.01,0.17033
714,117,210,240.39,0.21106
715,-32,172,174.95,0.15360
716,-94,145,172.80,0.15171
717,-183,421,459.05,0.40303
718,-233,456,512.08,0.44959
719,-278,257,378.59,0.33239
720,-86,92,125.94,0.11057
721,55,163,172.03,0.15104
722,-100,108,147.19,0.12922
723,-113,92,145.72,0.12793
724,63,86,106.61,0.09360
725,122,42,129.03,0.11328
726,156,147,214.35,0.18819
727,124,142,188.52,0.16551
728,64,141,154.85,0.13595
729,59,151,162.12,0.14233
730,210,219,303.42,0.26639
731,252,145,290.74,0.25526
732,226,41,229.69,0.20166
733,137,-40,142.72,0.12530
734,61,18,63.60,0.05584
735,76,73,105.38,0.09252
736,18,12,21.63,0.01899
737,139,84,162.41,0.14259
738,109,224,249.11,0.21871
739,87,320,331.62,0.29115
740,49,184,190.41,0.16718
741,185,54,192.72,0.16920
742,203,73,215.73,0.18940
743,152,178,234.07,0.20550
744,88,240,255.62,0.22443
745,73,155,171.33,0.15042
746,25,126,128.46,0.11278
747,-826,-672,1064.83,0.93488
748,-6049,-5972,8500.30,7.46295
749,-12409,-13914,18643.57,16.36837
750,-12487,-16400,20612.74,18.09723
751,-8394,-13354,15773.03,13.84814
752,-1737,-3027,3489.97,3.06407
753,-2284,-1825,2923.57,2.56679
754,-5197,-5811,7795.93,6.84454
755,-2811,-2251,3601.21,3.16173
756,696,4036,4095.57,3.59576
757,1400,4393,4610.69,4.04801
758,568,984,1136.17,0.99751
759,363,-39,365.09,0.32053
760,949,1463,1743.84,1.53103
761,1237,2068,2409.73,2.11565
762,1265,1125,1692.88,1.48629
763,1106,368,1165.62,1.02337
764,1064,777,1317.51,1.15672
765,936,1390,1675.77,1.47126
766,472,1160,1252.35,1.09952
767,354,537,643.18,0.56469
768,476,565,738.78,0.64862
769,-758,1131,1361.52,1.19536
770,-2994,1031,3166.54,2.78011
771,-2595,169,2600.50,2.28314
772,1396,20,1396.14,1.22576
773,4286,1192,4448.67,3.90577
774,2430,1922,3098.22,2.72013
775,-496,1254,1348.53,1.18396
776,-763,304,821.33,0.72110
777,721,345,799.29,0.70175
778,1264,944,1577.60,1.38508
779,902,1255,1545.52,1.35691
780,628,1135,1297.15,1.13885
781,613,620,871.88,0.76548
782,865,447,973.67,0.85485
783,1138,907,1455.23,1.27764
784,1048,1199,1592.45,1.39811
785,577,652,870.65,0.76440
786,105,493,504.06,0.44254
787,-153,930,942.50,0.82748
788,-269,1431,1456.06,1.27837
789,365,1108,1166.57,1.02421
790,1596,479,1666.33,1.46298
791,2077,599,2161.65,1.89785
792,1356,1041,1709.51,1.50088
793,724,1019,1250.01,1.09747
794,979,632,1165.27,1.02307
795,1230,396,1292.17,1.13448
796,862,163,877.28,0.77022
797,140,379,404.03,0.35472
798,-463,1102,1195.31,1.04944
799,-1005,1340,1675.00,1.47059
800,-744,755,1059.98,0.93062
801,625,192,653.83,0.57404
802,2220,608,2301.75,2.02085
803,2395,1502,2827.02,2.48202
804,1244,1687,2096.07,1.84027
805,553,1078,1211.57,1.06371
806,655,630,908.80,0.79790
807,891,838,1223.16,1.07389
808,958,970,1363.33,1.19695
809,898,821,1216.74,1.06825
810,832,943,1257.57,1.10410
811,520,1376,1470.98,1.29146
812,426,1334,1400.37,1.22947
813,547,462,716.00,0.62862
814,903,-17,903.16,0.79294
815,1451,430,1513.37,1.32869
816,1477,850,1704.12,1.49616
817,1366,497,1453.60,1.27621
818,1354,792,1568.62,1.37719
819,642,1630,1751.87,1.53808
820,161,2056,2062.29,1.81062
821,357,1577,1616.90,1.41958
822,702,849,1101.64,0.96720
823,763,679,1021.38,0.89673
824,720,750,1039.66,0.91279
825,1140,607,1291.53,1.13392
826,1212,291,1246.44,1.09433
827,872,222,899.82,0.79000
828,464,408,617.87,0.54246
829,305,620,690.96,0.60664
830,519,661,840.41,0.73785
831,450,731,858.41,0.75365
832,74,883,886.10,0.77796
833,-2,686,686.00,0.60229
834,474,437,644.71,0.56603
835,827,589,1015.31,0.89140
836,616,974,1152.45,1.01181
837,349,1006,1064.82,0.93487
838,306,661,728.39,0.63950
839,565,368,674.28,0.59199
840,492,363,611.42,0.53680
841,262,700,747.42,0.65621
842,110,905,911.66,0.80040
843,383,874,954.24,0.83778
844,864,589,1045.67,0.91806
845,1172,-235,1195.33,1.04945
846,1152,-280,1185.54,1.04086
847,1037,415,1116.96,0.98065
# END
# FRAME,103,RX_TS,657722437749,FP_INDEX,746.7187,FP_INT,746,RXPACC,907,RXPWR,-73.00,FP_PWR,-77.17,STD_NOISE,52.00,NTM,13,NOISE_THRESH,676.00,PEAK_IDX,748,PEAK_AMPL,16477,START,696,elapsed_s,11.2070
sample,real,imag,amplitude,amplitude_norm
696,122,23,124.15,0.13688
697,35,6,35.51,0.03915
698,43,94,103.37,0.11397
699,51,99,111.36,0.12278
700,145,138,200.17,0.22070
701,194,192,272.95,0.30093
702,95,170,194.74,0.21471
703,80,137,158.65,0.17491
704,159,149,217.90,0.24025
705,234,173,291.01,0.32085
706,191,153,244.72,0.26982
707,-63,9,63.64,0.07016
708,-90,-46,101.07,0.11144
709,155,64,167.69,0.18489
710,274,195,336.30,0.37079
711,159,222,273.07,0.30106
712,-1,77,77.01,0.08490
713,-20,21,29.00,0.03197
714,177,21,178.24,0.19652
715,221,-140,261.61,0.28844
716,71,-271,280.15,0.30887
717,39,-341,343.22,0.37842
718,148,-133,198.98,0.21938
719,118,59,131.93,0.14546
720,170,40,174.64,0.19255
721,292,-59,297.90,0.32845
722,252,0,252.00,0.27784
723,166,102,194.83,0.21481
724,121,129,176.87,0.19500
725,64,-36,73.43,0.08096
726,49,-34,59.64,0.06576
727,101,140,172.63,0.19033
728,7,169,169.14,0.18649
729,13,178,178.47,0.19677
730,40,122,128.39,0.14155
731,77,69,103.39,0.11399
732,101,63,119.04,0.13124
733,125,61,139.09,0.15335
734,195,97,217.79,0.24013
735,203,118,234.80,0.25888
736,79,143,163.37,0.18012
737,32,40,51.22,0.05648
738,44,-79,90.43,0.09970
739,100,76,125.60,0.13848
740,152,165,224.34,0.24734
741,162,25,163.92,0.18073
742,106,-2,106.02,0.11689
743,102,9,102.40,0.11290
744,44,80,91.30,0.10066
745,335,4,335.02,0.36938
746,2775,-152,2779.16,3.06412
747,11282,-171,11283.30,12.44024
748,16414,780,16432.52,18.11744
749,15634,2258,15796.22,17.41590
750,6606,2108,6934.18,7.64519
751,-286,247,377.90,0.41664
752,4606,-89,4606.86,5.07923
753,7153,121,7154.02,7.88757
754,910,-948,1314.08,1.44882
755,-3724,-1695,4091.60,4.51114
756,-2081,-788,2225.20,2.45336
757,477,186,511.98,0.56448
758,211,60,219.36,0.24186
759,-1230,-366,1283.30,1.41488
760,-1463,-202,1476.88,1.62831
761,-821,299,873.75,0.96334
762,-576,489,755.58,0.83305
763,-857,160,871.81,0.96120
764,-895,-207,918.63,1.01282
765,-463,-141,483.99,0.53362
766,-278,101,295.78,0.32611
767,-360,-384,526.36,0.58033
768,462,-1671,1733.69,1.91146
769,1578,-2233,2734.30,3.01466
770,828,-481,957.57,1.05576
771,-1677,1743,2418.76,2.66676
772,-2840,1500,3211.79,3.54111
773,-1383,-354,1427.59,1.57397
774,208,-1009,1030.22,1.13585
775,97,-151,179.47,0.19787
776,-800,497,941.81,1.03838
777,-1081,145,1090.68,1.20252
778,-862,-221,889.88,0.98112
779,-546,-103,555.63,0.61260
780,-317,139,346.14,0.38163
781,-506,211,548.23,0.60444
782,-965,26,965.35,1.06433
783,-808,-84,812.35,0.89565
784,-247,-106,268.78,0.29634
785,-124,-299,323.69,0.35688
786,-270,-799,843.39,0.92986
787,-379,-723,816.31,0.90002
788,-656,241,698.87,0.77053
789,-1123,1006,1507.70,1.66230
790,-1300,664,1459.76,1.60944
791,-919,-50,920.36,1.01473
792,-625,22,625.39,0.68951
793,-749,426,861.67,0.95002
794,-661,573,874.79,0.96448
795,-152,217,264.94,0.29211
796,37,-373,374.83,0.41326
797,-150,-1161,1170.65,1.29068
798,47,-1265,1265.87,1.39567
799,112,-341,358.92,0.39572
800,-568,803,983.58,1.08443
801,-1626,1088,1956.43,2.15703
802,-1754,383,1795.33,1.97941
803,-1036,-252,1066.21,1.17553
804,-541,-75,546.17,0.60218
805,-779,233,813.10,0.89647
806,-1050,250,1079.35,1.19002
807,-979,103,984.40,1.08534
808,-781,32,781.66,0.86180
809,-757,-182,778.57,0.85840
810,-818,-454,935.54,1.03147
811,-473,-175,504.34,0.55605
812,-225,325,395.28,0.43582
813,-445,675,808.49,0.89139
814,-1048,484,1154.37,1.27273
815,-854,413,948.62,1.04589
816,-804,610,1009.22,1.11270
817,-1087,167,1099.75,1.21252
818,-1054,-778,1310.04,1.44436
819,-953,-966,1356.97,1.49611
820,-743,-212,772.65,0.85188
821,-627,231,668.20,0.73671
822,-613,200,644.80,0.71092
823,-601,342,691.49,0.76240
824,-570,593,822.53,0.90686
825,-511,708,873.15,0.96268
826,-328,321,458.94,0.50600
827,-257,4,257.03,0.28339
828,-313,35,314.95,0.34724
829,-425,116,440.55,0.48572
830,-447,-198,488.89,0.53902
831,-274,-500,570.15,0.62862
832,-188,-332,381.53,0.42065
833,-338,157,372.68,0.41090
834,-654,184,679.39,0.74905
835,-655,-166,675.71,0.74499
836,-428,-341,547.23,0.60335
837,-291,-29,292.44,0.32243
838,-335,271,430.89,0.47507
839,-354,124,375.09,0.41355
840,-385,-248,457.96,0.50492
841,-436,-277,516.55,0.56952
842,-486,17,486.30,0.53616
843,-405,594,718.93,0.79265
844,-172,921,936.92,1.03299
845,-355,829,901.81,0.99428
# END
# FRAME,104,RX_TS,664112229404,FP_INDEX,800.0937,FP_INT,800,RXPACC,1056,RXPWR,-73.34,FP_PWR,-77.06,STD_NOISE,80.00,NTM,13,NOISE_THRESH,1040.00,PEAK_IDX,802,PEAK_AMPL,19016,START,750,elapsed_s,11.2667
sample,real,imag,amplitude,amplitude_norm
750,-17,19,25.50,0.02414
751,79,69,104.89,0.09933
752,189,63,199.22,0.18866
753,54,27,60.37,0.05717
754,-22,37,43.05,0.04076
755,14,-58,59.67,0.05650
756,135,-119,179.96,0.17042
757,72,-94,118.41,0.11213
758,88,-63,108.23,0.10249
759,-15,2,15.13,0.01433
760,-7,78,78.31,0.07416
761,123,168,208.21,0.19717
762,100,231,251.72,0.23837
763,120,179,215.50,0.20407
764,47,83,95.38,0.09033
765,134,122,181.22,0.17161
766,42,99,107.54,0.10184
767,87,68,110.42,0.10457
768,68,147,161.97,0.15338
769,6,378,378.05,0.35800
770,-21,516,516.43,0.48904
771,-152,262,302.90,0.28684
772,-178,-50,184.89,0.17508
773,17,13,21.40,0.02027
774,-31,130,133.65,0.12656
775,-29,42,51.04,0.04833
776,-62,12,63.15,0.05980
777,89,64,109.62,0.10381
778,134,157,206.41,0.19546
779,162,132,208.97,0.19789
780,213,47,218.12,0.20656
781,121,85,147.87,0.14003
782,145,196,243.81,0.23088
783,246,73,256.60,0.24300
784,152,23,153.73,0.14558
785,178,92,200.37,0.18974
786,-3,75,75.06,0.07108
787,-3,46,46.10,0.04365
788,-1,30,30.02,0.02842
789,72,73,102.53,0.09710
790,113,132,173.76,0.16455
791,74,173,188.16,0.17818
792,51,119,129.47,0.12260
793,60,2,60.03,0.05685
794,130,-2,130.02,0.12312
795,90,87,125.18,0.11854
796,115,97,150.45,0.14247
797,141,67,156.11,0.14783
798,47,50,68.62,0.06498
799,-1214,-349,1263.17,1.19618
800,-7916,-3259,8560.62,8.10664
801,-15650,-7696,17439.92,16.51508
802,-16403,-9967,19193.74,18.17589
803,-12233,-10108,15868.77,15.02725
804,-3552,-5310,6388.49,6.04971
805,-2298,-2362,3295.43,3.12067
806,-6175,-2402,6625.72,6.27436
807,-4011,646,4062.69,3.84724
808,1303,3567,3797.54,3.59615
809,2717,2350,3592.30,3.40180
810,868,-307,920.69,0.87187
811,-160,-408,438.25,0.41501
812,369,716,805.49,0.76278
813,1015,926,1373.94,1.30108
814,1053,243,1080.67,1.02337
815,712,-258,757.30,0.71714
816,832,132,842.41,0.79773
817,931,691,1159.41,1.09793
818,388,656,762.15,0.72174
819,37,285,287.39,0.27215
820,65,481,485.37,0.45963
821,-797,1231,1466.48,1.38871
822,-2547,1786,3110.79,2.94582
823,-2310,950,2497.72,2.36526
824,792,-474,923.01,0.87406
825,3261,-425,3288.58,3.11418
826,2144,805,2290.14,2.16870
827,-195,1096,1113.21,1.05418
828,-480,452,659.32,0.62436
829,586,31,586.82,0.55570
830,1040,361,1100.87,1.04249
831,806,779,1120.93,1.06148
832,630,737,969.57,0.91815
833,458,409,614.04,0.58148
834,545,284,614.56,0.58197
835,747,504,901.12,0.85334
836,848,763,1140.73,1.08024
837,479,518,705.52,0.66811
838,-12,356,356.20,0.33731
839,-191,992,1010.22,0.95665
840,-73,1390,1391.92,1.31810
841,496,670,833.62,0.78941
842,1371,-193,1384.52,1.31110
843,1808,-205,1819.58,1.72309
844,1260,387,1318.09,1.24819
845,659,563,866.75,0.82078
846,887,218,913.40,0.86496
847,1160,-45,1160.87,1.09931
848,741,39,742.03,0.70268
849,82,460,467.25,0.44247
850,-403,1251,1314.31,1.24461
851,-789,1630,1810.92,1.71488
852,-640,936,1133.89,1.07376
853,392,-152,420.44,0.39814
854,1798,-368,1835.27,1.73795
855,2210,446,2254.55,2.13499
856,1444,952,1729.58,1.63786
857,740,657,989.57,0.93709
858,730,176,750.92,0.71110
859,1077,185,1092.77,1.03482
860,1092,326,1139.62,1.07919
861,863,383,944.17,0.89410
862,787,588,982.40,0.93030
863,793,1030,1299.90,1.23097
864,590,1085,1235.04,1.16955
865,418,327,530.71,0.50257
866,613,-148,630.61,0.59717
867,1233,-77,1235.40,1.16989
868,1567,344,1604.31,1.51924
869,1308,256,1332.82,1.26214
870,1194,445,1274.23,1.20666
871,808,1233,1474.16,1.39599
872,533,1775,1853.30,1.75502
873,558,1194,1317.95,1.24806
874,755,479,894.13,0.84671
875,770,190,793.10,0.75104
876,817,137,828.41,0.78448
877,976,-105,981.63,0.92958
878,1049,-310,1093.85,1.03584
879,811,-77,814.65,0.77145
880,533,166,558.25,0.52865
881,418,296,512.19,0.48503
882,633,234,674.87,0.63908
883,608,562,827.95,0.78405
884,320,955,1007.19,0.95378
885,156,706,723.03,0.68469
886,438,223,491.50,0.46544
887,811,233,843.81,0.79906
888,724,676,990.53,0.93800
889,509,842,983.89,0.93172
890,496,531,726.62,0.68809
891,541,182,570.79,0.54052
892,630,277,688.21,0.65171
893,493,660,823.80,0.78012
894,438,881,983.87,0.93170
895,550,762,939.76,0.88992
896,876,280,919.66,0.87089
897,921,-447,1023.74,0.96945
898,826,-576,1007.00,0.95360
899,927,-69,929.56,0.88027
# END
# FRAME,105,RX_TS,670502021013,FP_INDEX,751.2344,FP_INT,751,RXPACC,1042,RXPWR,-73.18,FP_PWR,-77.84,STD_NOISE,56.00,NTM,13,NOISE_THRESH,728.00,PEAK_IDX,753,PEAK_AMPL,18747,START,701,elapsed_s,11.3897
sample,real,imag,amplitude,amplitude_norm
701,115,77,138.40,0.13282
702,42,149,154.81,0.14857
703,135,166,213.96,0.20534
704,164,69,177.92,0.17075
705,221,165,275.80,0.26468
706,190,265,326.08,0.31293
707,98,199,221.82,0.21288
708,45,175,180.69,0.17341
709,80,179,196.06,0.18816
710,205,180,272.81,0.26181
711,160,113,195.88,0.18798
712,50,-55,74.33,0.07133
713,49,-10,50.01,0.04799
714,87,126,153.12,0.14695
715,74,231,242.56,0.23279
716,64,133,147.60,0.14165
717,145,34,148.93,0.14293
718,212,9,212.19,0.20364
719,323,-25,323.97,0.31091
720,295,-271,400.58,0.38444
721,254,-425,495.12,0.47516
722,396,-150,423.46,0.40639
723,317,125,340.76,0.32702
724,243,94,260.55,0.25005
725,294,21,294.75,0.28287
726,213,19,213.85,0.20523
727,151,103,182.78,0.17542
728,123,106,162.37,0.15583
729,62,5,62.20,0.05969
730,36,-5,36.35,0.03488
731,-9,36,37.11,0.03561
732,17,59,61.40,0.05893
733,46,-7,46.53,0.04465
734,172,53,179.98,0.17273
735,156,149,215.72,0.20703
736,72,211,222.95,0.21396
737,51,124,134.08,0.12867
738,185,95,207.97,0.19958
739,297,200,358.06,0.34363
740,101,170,197.74,0.18977
741,-14,-37,39.56,0.03797
742,76,-138,157.54,0.15119
743,186,1,186.00,0.17851
744,171,159,233.50,0.22409
745,129,193,232.14,0.22279
746,13,79,80.06,0.07684
747,100,33,105.30,0.10106
748,136,63,149.88,0.14384
749,214,147,259.62,0.24916
750,1070,383,1136.48,1.09067
751,6513,2845,7107.26,6.82079
752,15138,7498,16893.17,16.21225
753,16409,9900,19164.17,18.39171
754,11414,10137,15265.59,14.65028
755,1205,5209,5346.56,5.13106
756,1551,3858,4158.10,3.99050
757,7053,4498,8365.21,8.02804
758,4037,-124,4038.90,3.87611
759,-2268,-4725,5241.13,5.02988
760,-3128,-3225,4492.77,4.31168
761,-161,77,178.47,0.17127
762,816,296,868.03,0.83304
763,-507,-1180,1284.31,1.23254
764,-1594,-1338,2081.12,1.99724
765,-1335,-221,1353.17,1.29863
766,-710,353,792.91,0.76095
767,-756,-140,768.85,0.73786
768,-884,-678,1114.06,1.06916
769,-547,-630,834.33,0.80070
770,-215,-175,277.22,0.26604
771,-283,-240,371.06,0.35611
772,463,-1016,1116.52,1.07152
773,2394,-1721,2948.40,2.82956
774,2644,-934,2804.12,2.69109
775,-438,693,819.81,0.78677
776,-3351,821,3450.11,3.31104
777,-2474,-521,2528.26,2.42636
778,215,-1019,1041.43,0.99946
779,802,-386,890.06,0.85418
780,-406,144,430.78,0.41342
781,-1103,-242,1129.24,1.08372
782,-785,-716,1062.49,1.01966
783,-592,-682,903.10,0.86670
784,-361,-200,412.70,0.39606
785,-327,-12,327.22,0.31403
786,-557,-318,641.38,0.61553
787,-853,-678,1089.63,1.04571
788,-424,-570,710.41,0.68177
789,116,-418,433.80,0.41631
790,95,-787,792.71,0.76076
791,-22,-1302,1302.19,1.24970
792,-458,-760,887.34,0.85157
793,-1257,241,1279.89,1.22831
794,-1731,303,1757.32,1.68649
795,-1215,-270,1244.64,1.19447
796,-572,-574,810.35,0.77768
797,-727,-296,784.95,0.75331
798,-1049,-70,1051.33,1.00896
799,-675,-40,676.18,0.64893
800,-13,-277,277.30,0.26613
801,477,-927,1042.52,1.00050
802,798,-1458,1662.10,1.59510
803,772,-927,1206.36,1.15774
804,-236,260,351.14,0.33698
805,-1674,700,1814.46,1.74133
806,-2213,-83,2214.56,2.12529
807,-1378,-891,1640.96,1.57482
808,-535,-680,865.23,0.83036
809,-521,-40,522.53,0.50147
810,-874,81,877.75,0.84237
811,-940,-210,963.17,0.92435
812,-726,-289,781.41,0.74991
813,-600,-324,681.89,0.65441
814,-584,-774,969.60,0.93052
815,-470,-1048,1148.57,1.10227
816,-294,-352,458.63,0.44014
817,-499,207,540.23,0.51846
818,-1079,238,1104.94,1.06040
819,-1229,-136,1236.50,1.18666
820,-1116,-1,1116.00,1.07102
821,-1178,-144,1186.77,1.13893
822,-730,-1100,1320.19,1.26698
823,-235,-1601,1618.16,1.55293
824,-242,-919,950.33,0.91202
825,-596,-153,615.33,0.59052
826,-626,-67,629.58,0.60420
827,-597,-173,621.56,0.59651
828,-698,33,698.78,0.67061
829,-865,389,948.44,0.91021
830,-741,340,815.28,0.78242
831,-389,-39,390.95,0.37519
832,-203,-265,333.82,0.32036
833,-328,-149,360.26,0.34574
834,-320,-296,435.91,0.41834
835,-97,-740,746.33,0.71625
836,91,-677,683.09,0.65556
837,-188,-251,313.60,0.30096
838,-603,-25,603.52,0.57919
839,-615,-231,656.95,0.63047
840,-335,-492,595.22,0.57123
841,-223,-307,379.44,0.36415
842,-299,-25,300.04,0.28795
843,-442,7,442.06,0.42424
844,-391,-374,541.07,0.51926
845,-230,-519,567.68,0.54480
846,-324,-534,624.61,0.59943
847,-561,-245,612.17,0.58749
848,-649,590,877.10,0.84174
849,-613,802,1009.44,0.96875
850,-799,237,833.41,0.79982
# END
# FRAME,106,RX_TS,676891812645,FP_INDEX,748.1875,FP_INT,748,RXPACC,968,RXPWR,-72.04,FP_PWR,-75.83,STD_NOISE,68.00,NTM,13,NOISE_THRESH,884.00,PEAK_IDX,750,PEAK_AMPL,18152,START,698,elapsed_s,11.4449
sample,real,imag,amplitude,amplitude_norm
698,103,77,128.60,0.13285
699,143,121,187.32,0.19352
700,170,143,222.15,0.22949
701,92,-24,95.08,0.09822
702,0,-51,51.00,0.05269
703,7,-54,54.45,0.05625
704,104,13,104.81,0.10827
705,117,16,118.09,0.12199
706,57,-70,90.27,0.09326
707,81,-50,95.19,0.09834
708,135,37,139.98,0.14461
709,222,204,301.50,0.31146
710,149,211,258.31,0.26685
711,29,74,79.48,0.08211
712,21,-24,31.89,0.03294
713,26,49,55.47,0.05730
714,-18,157,158.03,0.16325
715,-50,189,195.50,0.20196
716,-59,192,200.86,0.20750
717,39,390,391.95,0.40490
718,137,452,472.31,0.48792
719,-56,413,416.78,0.43056
720,-201,84,217.85,0.22505
721,-52,88,102.22,0.10559
722,-30,276,277.63,0.28680
723,-13,218,218.39,0.22561
724,-21,9,22.85,0.02360
725,77,5,77.16,0.07971
726,148,70,163.72,0.16913
727,189,113,220.20,0.22748
728,101,80,128.84,0.13310
729,60,75,96.05,0.09922
730,93,132,161.47,0.16681
731,49,56,74.41,0.07687
732,104,-51,115.83,0.11966
733,159,78,177.10,0.18296
734,105,137,172.61,0.17832
735,40,53,66.40,0.06860
736,35,-24,42.44,0.04384
737,44,1,44.01,0.04547
738,160,217,269.61,0.27852
739,103,345,360.05,0.37195
740,27,166,168.18,0.17374
741,88,-18,89.82,0.09279
742,200,16,200.64,0.20727
743,167,116,203.33,0.21006
744,118,123,170.45,0.17608
745,99,67,119.54,0.12349
746,-6,39,39.46,0.04076
747,-1022,-123,1029.38,1.06340
748,-6781,-1716,6994.76,7.22599
749,-14897,-4685,15616.33,16.13257
750,-16404,-6581,17674.86,18.25916
751,-13164,-7442,15121.98,15.62188
752,-4985,-4661,6824.60,7.05021
753,-2847,-2108,3542.47,3.65957
754,-6008,-1526,6198.77,6.40369
755,-3107,874,3227.59,3.33429
756,2379,2917,3764.11,3.88854
757,3241,1639,3631.86,3.75192
758,795,-289,845.90,0.87386
759,-80,-64,102.45,0.10584
760,582,848,1028.51,1.06251
761,991,834,1295.24,1.33805
762,797,55,798.90,0.82531
763,593,-427,730.74,0.75489
764,904,-79,907.45,0.93744
765,931,433,1026.77,1.06071
766,440,447,627.22,0.64796
767,42,185,189.71,0.19598
768,147,265,303.04,0.31306
769,-334,1099,1148.63,1.18660
770,-1907,1967,2739.66,2.83023
771,-2312,1205,2607.18,2.69336
772,216,-728,759.37,0.78447
773,2840,-1275,3113.07,3.21598
774,2402,232,2413.18,2.49295
775,75,1139,1141.47,1.17920
776,-663,676,946.86,0.97816
777,325,-56,329.79,0.34069
778,982,170,996.61,1.02955
779,836,694,1086.52,1.12244
780,644,678,935.10,0.96602
781,477,254,540.41,0.55828
782,442,43,444.09,0.45877
783,695,191,720.77,0.74459
784,1104,517,1219.06,1.25936
785,655,502,825.24,0.85253
786,89,521,528.55,0.54602
787,-10,958,958.05,0.98972
788,152,1277,1286.01,1.32853
789,398,597,717.50,0.74122
790,1029,-377,1095.89,1.13212
791,1378,-371,1427.07,1.47424
792,1069,188,1085.41,1.12129
793,616,384,725.89,0.74988
794,772,93,777.58,0.80329
795,1095,13,1095.08,1.13128
796,732,72,735.53,0.75985
797,73,432,438.12,0.45261
798,-287,1121,1157.16,1.19541
799,-478,1526,1599.11,1.65198
800,-443,897,1000.43,1.03350
801,182,-160,242.33,0.25034
802,1425,-579,1538.14,1.58898
803,2049,-131,2053.18,2.12106
804,1586,548,1678.00,1.73348
805,771,492,914.61,0.94484
806,617,149,634.74,0.65572
807,990,139,999.71,1.03276
808,1146,286,1181.15,1.22019
809,925,425,1017.96,1.05162
810,710,564,906.75,0.93673
811,668,862,1090.54,1.12659
812,659,937,1145.53,1.18340
813,511,362,626.23,0.64693
814,624,-240,668.56,0.69066
815,1110,-387,1175.53,1.21439
816,1515,-237,1533.43,1.58412
817,1155,-108,1160.04,1.19839
818,1099,139,1107.76,1.14438
819,971,991,1387.42,1.43328
820,866,1613,1830.77,1.89129
821,844,1094,1381.73,1.42740
822,852,456,966.35,0.99830
823,765,264,809.27,0.83602
824,727,267,774.48,0.80008
825,756,-46,757.40,0.78244
826,860,-344,926.25,0.95687
827,648,-248,693.84,0.71677
828,439,137,459.88,0.47508
829,413,294,506.96,0.52372
830,572,302,646.83,0.66821
831,545,376,662.12,0.68401
832,290,662,722.73,0.74663
833,147,677,692.78,0.71568
834,436,324,543.21,0.56116
835,741,143,754.67,0.77962
836,811,458,931.39,0.96218
837,645,724,969.64,1.00169
838,562,507,756.90,0.78192
839,497,125,512.48,0.52942
840,554,137,570.69,0.58955
841,406,566,696.56,0.71958
842,357,770,848.73,0.87679
843,550,754,933.28,0.96413
844,773,262,816.19,0.84318
845,574,-505,764.53,0.78980
846,650,-755,996.26,1.02919
847,881,-333,941.83,0.97297
# END
# FRAME,107,RX_TS,683281604243,FP_INDEX,746.4219,FP_INT,746,RXPACC,889,RXPWR,-72.52,FP_PWR,-76.67,STD_NOISE,84.00,NTM,13,NOISE_THRESH,1092.00,PEAK_IDX,748,PEAK_AMPL,16403,START,696,elapsed_s,11.6867
sample,real,imag,amplitude,amplitude_norm
696,47,43,63.70,0.07166
697,16,56,58.24,0.06551
698,99,11,99.61,0.11205
699,133,109,171.96,0.19343
700,91,157,181.47,0.20412
701,84,181,199.54,0.22446
702,10,150,150.33,0.16910
703,9,130,130.31,0.14658
704,118,183,217.75,0.24493
705,115,198,228.97,0.25756
706,85,65,107.00,0.12037
707,115,-39,121.43,0.13660
708,140,-2,140.01,0.15750
709,84,158,178.94,0.20128
710,71,220,231.17,0.26004
711,97,74,122.00,0.13724
712,168,41,172.93,0.19452
713,172,105,201.52,0.22668
714,184,127,223.57,0.25149
715,323,134,349.69,0.39336
716,497,54,499.92,0.56235
717,428,120,444.50,0.50000
718,206,265,335.65,0.37756
719,192,182,264.55,0.29758
720,287,197,348.11,0.39157
721,305,248,393.10,0.44218
722,128,118,174.09,0.19583
723,55,138,148.56,0.16711
724,98,90,133.06,0.14967
725,161,82,180.68,0.20324
726,39,51,64.20,0.07222
727,71,-12,72.01,0.08100
728,155,-56,164.81,0.18538
729,133,48,141.40,0.15905
730,20,79,81.49,0.09167
731,-21,47,51.48,0.05791
732,165,63,176.62,0.19867
733,163,160,228.41,0.25692
734,71,185,198.16,0.22290
735,57,97,112.51,0.12656
736,106,21,108.06,0.12155
737,212,-4,212.04,0.23851
738,162,64,174.18,0.19593
739,57,148,158.60,0.17840
740,55,147,156.95,0.17655
741,51,85,99.13,0.11150
742,130,41,136.31,0.15333
743,108,105,150.63,0.16944
744,172,79,189.27,0.21291
745,258,595,648.53,0.72950
746,806,4399,4472.23,5.03063
747,1257,13143,13202.97,14.85149
748,396,16408,16412.78,18.46207
749,-1617,13990,14083.14,15.84155
750,-2665,4142,4925.28,5.54025
751,-1756,1423,2260.19,2.54240
752,-266,6734,6739.25,7.58071
753,1581,5079,5319.38,5.98355
754,2542,-2424,3512.48,3.95105
755,1793,-4645,4979.04,5.60072
756,459,-1220,1303.49,1.46624
757,148,776,789.99,0.88862
758,329,-327,463.86,0.52178
759,190,-1589,1600.32,1.80013
760,-325,-1241,1282.85,1.44303
761,-459,-490,671.40,0.75523
762,-145,-552,570.73,0.64199
763,107,-1032,1037.53,1.16708
764,242,-796,831.97,0.93585
765,133,-279,309.08,0.34767
766,16,-239,239.53,0.26944
767,653,-166,673.77,0.75790
768,1955,814,2117.69,2.38211
769,2076,1774,2730.72,3.07168
770,-109,653,662.03,0.74470
771,-1934,-1772,2623.04,2.95055
772,-1074,-2372,2603.82,2.92893
773,759,-715,1042.74,1.17294
774,1056,453,1149.06,1.29253
775,164,-61,174.98,0.19682
776,-208,-933,955.90,1.07526
777,136,-1055,1063.73,1.19655
778,362,-772,852.66,0.95912
779,219,-446,496.87,0.55891
780,-36,-322,324.01,0.36446
781,55,-616,618.45,0.69567
782,376,-1023,1089.91,1.22600
783,389,-713,812.21,0.91363
784,386,-192,431.11,0.48494
785,601,-188,629.72,0.70834
786,1122,-558,1253.10,1.40956
787,748,-694,1020.36,1.14776
788,-376,-838,918.49,1.03317
789,-981,-1251,1589.77,1.78827
790,-409,-1113,1185.77,1.33382
791,152,-670,687.03,0.77281
792,5,-589,589.02,0.66257
793,-268,-809,852.24,0.95864
794,-171,-582,606.60,0.68234
795,284,-177,334.64,0.37642
796,893,-233,922.90,1.03813
797,1454,-410,1510.70,1.69933
798,1246,-145,1254.41,1.41103
799,121,75,142.36,0.16013
800,-982,-646,1175.43,1.32220
801,-871,-1561,1787.56,2.01075
802,47,-1583,1583.70,1.78144
803,323,-927,981.66,1.10423
804,-7,-384,384.06,0.43202
805,-216,-616,652.77,0.73428
806,-104,-777,783.93,0.88181
807,5,-687,687.02,0.77280
808,126,-657,668.97,0.75250
809,401,-870,957.97,1.07758
810,683,-835,1078.76,1.21345
811,350,-430,554.44,0.62366
812,-171,-160,234.18,0.26342
813,-514,-539,744.79,0.83779
814,-360,-1121,1177.39,1.32440
815,-264,-1044,1076.86,1.21132
816,-176,-1069,1083.39,1.21866
817,448,-1133,1218.36,1.37048
818,1184,-950,1518.01,1.70755
819,1015,-725,1247.34,1.40308
820,261,-561,618.74,0.69600
821,-124,-564,577.47,0.64957
822,-151,-527,548.21,0.61665
823,-171,-472,502.02,0.56470
824,-429,-435,610.96,0.68724
825,-419,-357,550.46,0.61919
826,-30,-339,340.32,0.38282
827,228,-326,397.82,0.44749
828,153,-415,442.31,0.49753
829,61,-440,444.21,0.49967
830,397,-385,553.02,0.62207
831,605,-157,625.04,0.70308
832,290,-126,316.19,0.35567
833,-116,-381,398.27,0.44799
834,16,-600,600.21,0.67516
835,284,-600,663.82,0.74670
836,366,-342,500.92,0.56346
837,53,-174,181.89,0.20460
838,-53,-249,254.58,0.28636
839,209,-417,466.44,0.52468
840,514,-444,679.21,0.76402
841,461,-476,662.64,0.74538
842,107,-440,452.82,0.50936
843,-544,-261,603.37,0.67871
844,-734,-54,735.98,0.82788
845,-549,-395,676.33,0.76078
# END
# FRAME,108,RX_TS,689671395836,FP_INDEX,751.7344,FP_INT,751,RXPACC,934,RXPWR,-73.49,FP_PWR,-77.30,STD_NOISE,144.00,NTM,13,NOISE_THRESH,1872.00,PEAK_IDX,753,PEAK_AMPL,17131,START,701,elapsed_s,11.7373
sample,real,imag,amplitude,amplitude_norm
701,53,61,80.81,0.08652
702,169,149,225.30,0.24123
703,97,266,283.13,0.30314
704,57,215,222.43,0.23815
705,109,90,141.35,0.15134
706,122,-43,129.36,0.13850
707,73,-40,83.24,0.08912
708,36,88,95.08,0.10180
709,170,46,176.11,0.18856
710,212,-117,242.14,0.25925
711,186,-7,186.13,0.19928
712,53,163,171.40,0.18351
713,-40,228,231.48,0.24784
714,4,120,120.07,0.12855
715,86,58,103.73,0.11106
716,177,74,191.85,0.20540
717,48,98,109.12,0.11683
718,41,83,92.57,0.09912
719,-13,-10,16.40,0.01756
720,-113,19,114.59,0.12268
721,-274,145,310.00,0.33191
722,-330,122,351.83,0.37669
723,-186,-24,187.54,0.20079
724,61,82,102.20,0.10942
725,-19,21,28.32,0.03032
726,-104,-68,124.26,0.13304
727,72,-2,72.03,0.07712
728,169,60,179.33,0.19201
729,162,201,258.16,0.27640
730,30,254,255.77,0.27384
731,-24,165,166.74,0.17852
732,107,95,143.09,0.15320
733,157,70,171.90,0.18405
734,65,203,213.15,0.22821
735,70,128,145.89,0.15620
736,138,14,138.71,0.14851
737,125,-3,125.04,0.13387
738,40,118,124.60,0.13340
739,46,47,65.76,0.07041
740,162,63,173.82,0.18610
741,112,155,191.23,0.20474
742,-34,235,237.45,0.25423
743,-82,207,222.65,0.23838
744,55,89,104.62,0.11202
745,174,55,182.49,0.19538
746,125,88,152.87,0.16367
747,72,120,139.94,0.14983
748,121,118,169.01,0.18095
749,127,156,201.16,0.21537
750,12,-94,94.76,0.10146
751,-697,-2430,2527.99,2.70662
752,-2469,-10864,11141.03,11.92829
753,-2619,-16406,16613.73,17.78772
754,-773,-15949,15967.72,17.09606
755,2077,-6807,7116.82,7.61973
756,2708,901,2853.96,3.05563
757,1063,-3197,3369.09,3.60716
758,-938,-5450,5530.13,5.92091
759,-2027,318,2051.79,2.19678
760,-1401,4449,4664.38,4.99398
761,80,2553,2554.25,2.73475
762,425,-29,425.99,0.45609
763,-171,309,353.16,0.37812
764,-463,1669,1732.03,1.85442
765,85,1727,1729.09,1.85127
766,681,927,1150.26,1.23154
767,670,651,934.18,1.00020
768,314,1024,1071.06,1.14675
769,-96,1080,1084.26,1.16088
770,-147,437,461.06,0.49364
771,16,166,166.77,0.17855
772,-279,280,395.27,0.42320
773,-1683,-196,1694.37,1.81411
774,-2528,-1475,2926.84,3.13366
775,-625,-1281,1425.34,1.52606
776,2106,927,2300.99,2.46359
777,2246,2535,3386.85,3.62618
778,84,1554,1556.27,1.66624
779,-1057,-77,1059.80,1.13469
780,-272,-166,318.65,0.34117
781,446,802,917.67,0.98252
782,280,1310,1339.59,1.43425
783,-9,1073,1073.04,1.14886
784,66,724,727.00,0.77837
785,286,387,481.21,0.51522
786,240,543,593.67,0.63563
787,3,1116,1116.00,1.19487
788,32,1162,1162.44,1.24458
789,49,618,619.94,0.66375
790,-232,484,536.73,0.57466
791,-777,814,1125.31,1.20483
792,-772,915,1197.17,1.28176
793,307,867,919.75,0.98474
794,1332,1106,1731.32,1.85366
795,1115,1351,1751.69,1.87547
796,249,1031,1060.64,1.13559
797,111,754,762.13,0.81598
798,582,913,1082.72,1.15923
799,782,846,1152.06,1.23347
800,382,494,624.47,0.66860
801,-227,292,369.86,0.39599
802,-944,558,1096.59,1.17407
803,-1048,497,1159.88,1.24184
804,-209,214,299.13,0.32026
805,959,592,1127.01,1.20665
806,1473,1555,2141.90,2.29326
807,610,1858,1955.57,2.09376
808,-167,1246,1257.14,1.34598
809,-38,573,574.26,0.61484
810,395,613,729.24,0.78077
811,418,858,954.40,1.02185
812,245,906,938.54,1.00486
813,232,858,888.81,0.95162
814,44,1014,1014.95,1.08667
815,-238,1065,1091.27,1.16838
816,-69,722,725.29,0.77654
817,316,291,429.58,0.45993
818,686,434,811.76,0.86912
819,688,1066,1268.74,1.35839
820,540,1071,1199.43,1.28419
821,539,1068,1196.30,1.28084
822,167,1344,1354.34,1.45004
823,-676,1499,1644.38,1.76058
824,-898,1181,1483.63,1.58847
825,-217,827,855.00,0.91541
826,338,775,845.50,0.90525
827,274,725,775.05,0.82982
828,351,701,783.97,0.83936
829,655,590,881.55,0.94384
830,749,454,875.85,0.93774
831,366,486,608.40,0.65139
832,-50,474,476.63,0.51031
833,-1,524,524.00,0.56103
834,204,508,547.43,0.58611
835,-31,563,563.85,0.60370
836,-319,466,564.73,0.60463
837,-168,388,422.81,0.45269
838,237,546,595.22,0.63728
839,337,759,830.45,0.88913
840,34,766,766.75,0.82094
841,-68,650,653.55,0.69973
842,115,499,512.08,0.54827
843,279,483,557.79,0.59721
844,148,612,629.64,0.67413
845,-71,689,692.65,0.74159
846,-150,695,711.00,0.76124
847,142,745,758.41,0.81200
848,715,571,915.02,0.97968
849,1032,238,1059.09,1.13393
850,906,344,969.11,1.03759
# END
# FRAME,109,RX_TS,696061187413,FP_INDEX,749.5469,FP_INT,749,RXPACC,1171,RXPWR,-74.63,FP_PWR,-79.72,STD_NOISE,76.00,NTM,13,NOISE_THRESH,988.00,PEAK_IDX,751,PEAK_AMPL,19687,START,699,elapsed_s,11.7879
sample,real,imag,amplitude,amplitude_norm
699,164,229,281.67,0.24054
700,146,13,146.58,0.12517
701,165,27,167.19,0.14278
702,75,94,120.25,0.10269
703,-39,164,168.57,0.14396
704,-77,197,211.51,0.18063
705,11,138,138.44,0.11822
706,145,122,189.50,0.16182
707,47,71,85.15,0.07271
708,-70,118,137.20,0.11717
709,-32,85,90.82,0.07756
710,192,96,214.66,0.18332
711,253,122,280.88,0.23986
712,74,176,190.92,0.16304
713,10,100,100.50,0.08582
714,58,146,157.10,0.13416
715,101,95,138.66,0.11841
716,175,134,220.41,0.18822
717,254,204,325.78,0.27821
718,387,450,593.52,0.50685
719,584,424,721.69,0.61630
720,409,370,551.53,0.47099
721,142,320,350.09,0.29897
722,140,208,250.73,0.21411
723,137,332,359.16,0.30671
724,159,368,400.88,0.34234
725,78,150,169.07,0.14438
726,-8,78,78.41,0.06696
727,129,77,150.23,0.12829
728,281,31,282.70,0.24142
729,190,76,204.64,0.17475
730,104,91,138.19,0.11801
731,117,126,171.94,0.14684
732,285,33,286.90,0.24501
733,191,46,196.46,0.16777
734,48,118,127.39,0.10879
735,37,131,136.12,0.11625
736,145,104,178.44,0.15238
737,103,215,238.40,0.20359
738,47,103,113.22,0.09668
739,150,40,155.24,0.13257
740,331,142,360.17,0.30758
741,385,103,398.54,0.34034
742,120,157,197.61,0.16875
743,-8,89,89.36,0.07631
744,142,7,142.17,0.12141
745,208,68,218.83,0.18688
746,219,135,257.27,0.21970
747,186,168,250.64,0.21404
748,18,474,474.34,0.40507
749,-2215,3811,4407.94,3.76425
750,-9108,12826,15730.92,13.43375
751,-13393,16406,21178.51,18.08583
752,-14078,13276,19350.51,16.52477
753,-6798,2793,7349.40,6.27617
754,-1794,-1020,2063.69,1.76234
755,-5015,5576,7499.47,6.40433
756,-3628,7282,8135.72,6.94767
757,3790,781,3869.63,3.30455
758,6358,-3690,7351.21,6.27772
759,2435,-2355,3387.51,2.89284
760,-380,111,395.88,0.33807
761,476,426,638.79,0.54551
762,1819,-625,1923.38,1.64251
763,1397,-1199,1840.98,1.57214
764,396,-1050,1122.19,0.95832
765,454,-893,1001.78,0.85549
766,1071,-780,1324.93,1.13145
767,1288,-489,1377.70,1.17652
768,657,-175,679.91,0.58062
769,341,-285,444.42,0.37952
770,880,96,885.22,0.75595
771,1379,2325,2703.20,2.30845
772,736,3927,3995.38,3.41193
773,-512,1419,1508.54,1.28825
774,-397,-2902,2929.03,2.50131
775,1052,-3813,3955.46,3.37785
776,1597,-761,1769.05,1.51072
777,832,1094,1374.43,1.17372
778,140,336,364.00,0.31085
779,286,-706,761.73,0.65049
780,802,-724,1080.45,0.92268
781,1005,-450,1101.15,0.94035
782,661,-398,771.57,0.65890
783,177,-434,468.71,0.40026
784,420,-615,744.73,0.63598
785,1167,-1022,1551.25,1.32472
786,1163,-693,1353.82,1.15612
787,695,0,695.00,0.59351
788,805,309,862.27,0.73635
789,1461,412,1517.98,1.29631
790,1518,111,1522.05,1.29979
791,617,-872,1068.21,0.91222
792,139,-1812,1817.32,1.55194
793,468,-1492,1563.68,1.33534
794,797,-632,1017.17,0.86863
795,815,-472,941.81,0.80428
796,773,-994,1259.19,1.07531
797,389,-1025,1096.33,0.93624
798,218,-233,319.08,0.27249
799,799,409,897.60,0.76652
800,1532,958,1806.87,1.54302
801,1299,1079,1688.68,1.44208
802,265,322,417.02,0.35613
803,-203,-1402,1416.62,1.20975
804,526,-2674,2725.24,2.32728
805,1323,-1967,2370.53,2.02436
806,1241,-654,1402.78,1.19793
807,657,-186,682.82,0.58311
808,564,-658,866.64,0.74008
809,751,-1079,1314.63,1.12265
810,808,-881,1195.42,1.02085
811,684,-694,974.42,0.83213
812,1007,-614,1179.43,1.00720
813,1322,-529,1423.91,1.21598
814,812,-284,860.23,0.73461
815,95,-293,308.02,0.26304
816,51,-932,933.39,0.79709
817,666,-1398,1548.53,1.32240
818,517,-1233,1337.00,1.14176
819,410,-1198,1266.22,1.08131
820,1156,-730,1367.20,1.16755
821,1958,17,1958.07,1.67214
822,1909,62,1910.01,1.63109
823,1012,-426,1098.01,0.93767
824,474,-677,826.44,0.70576
825,401,-569,696.10,0.59445
826,309,-598,673.12,0.57482
827,75,-905,908.10,0.77549
828,-61,-874,876.13,0.74819
829,340,-363,497.36,0.42473
830,621,-132,634.87,0.54216
831,576,-328,662.84,0.56605
832,482,-450,659.41,0.56312
833,778,-129,788.62,0.67346
834,871,242,903.99,0.77198
835,589,6,589.03,0.50302
836,342,-526,627.41,0.53579
837,620,-716,947.13,0.80882
838,952,-360,1017.79,0.86917
839,922,-108,928.30,0.79274
840,475,-188,510.85,0.43625
841,233,-417,477.68,0.40792
842,493,-416,645.06,0.55086
843,832,-173,849.80,0.72570
844,1002,-138,1011.46,0.86376
845,790,-426,897.54,0.76647
846,-44,-854,855.13,0.73026
847,-554,-798,971.45,0.82959
848,-212,-813,840.19,0.71749
# END
# FRAME,110,RX_TS,702450979518,FP_INDEX,747.8437,FP_INT,747,RXPACC,925,RXPWR,-72.11,FP_PWR,-77.43,STD_NOISE,64.00,NTM,13,NOISE_THRESH,832.00,PEAK_IDX,750,PEAK_AMPL,17076,START,697,elapsed_s,11.9518
sample,real,imag,amplitude,amplitude_norm
697,16,90,91.41,0.09882
698,7,75,75.33,0.08143
699,130,-65,145.34,0.15713
700,189,5,189.07,0.20440
701,96,49,107.78,0.11652
702,-71,-45,84.06,0.09088
703,-58,-88,105.39,0.11394
704,-14,-26,29.53,0.03192
705,22,41,46.53,0.05030
706,50,83,96.90,0.10475
707,-18,91,92.76,0.10028
708,128,169,212.00,0.22919
709,229,129,262.83,0.28415
710,103,175,203.06,0.21953
711,-11,3,11.40,0.01233
712,59,-50,77.34,0.08361
713,94,45,104.22,0.11267
714,158,144,213.78,0.23111
715,164,148,220.91,0.23882
716,92,286,300.43,0.32479
717,151,430,455.74,0.49269
718,72,450,455.72,0.49267
719,-43,285,288.23,0.31160
720,-46,85,96.65,0.10449
721,25,200,201.56,0.21790
722,-38,279,281.58,0.30441
723,-53,163,171.40,0.18530
724,38,73,82.30,0.08897
725,41,67,78.55,0.08492
726,143,95,171.68,0.18560
727,133,140,193.10,0.20876
728,128,115,172.07,0.18602
729,190,69,202.14,0.21853
730,78,122,144.80,0.15654
731,37,96,102.88,0.11123
732,91,10,91.55,0.09897
733,85,-13,85.99,0.09296
734,33,-1,33.02,0.03569
735,-41,33,52.63,0.05690
736,-33,-11,34.79,0.03761
737,207,33,209.61,0.22661
738,351,53,354.98,0.38376
739,211,225,308.46,0.33347
740,-19,173,174.04,0.18815
741,-16,27,31.38,0.03393
742,146,-2,146.01,0.15785
743,196,94,217.38,0.23500
744,137,79,158.15,0.17097
745,35,114,119.25,0.12892
746,-157,117,195.80,0.21168
747,-2320,206,2329.13,2.51798
748,-10179,162,10180.29,11.00572
749,-16259,-779,16277.65,17.59746
750,-16411,-2371,16581.39,17.92583
751,-11064,-3495,11602.89,12.54367
752,-2924,-2356,3755.06,4.05953
753,-3563,-935,3683.64,3.98231
754,-5138,854,5208.49,5.63080
755,-339,2872,2891.94,3.12642
756,3921,2852,4848.52,5.24164
757,2590,664,2673.76,2.89055
758,137,-532,549.36,0.59390
759,8,177,177.18,0.19155
760,882,808,1196.16,1.29314
761,1022,500,1137.75,1.23000
762,561,-218,601.87,0.65067
763,560,-303,636.72,0.68834
764,984,59,985.77,1.06569
765,939,457,1044.30,1.12898
766,393,320,506.80,0.54789
767,234,-35,236.60,0.25579
768,252,316,404.18,0.43695
769,-542,1622,1710.16,1.84882
770,-1928,2429,3101.17,3.35261
771,-1634,923,1876.67,2.02883
772,792,-1234,1466.29,1.58518
773,2631,-1312,2939.98,3.17836
774,1638,367,1678.61,1.81471
775,-174,1079,1092.94,1.18156
776,-532,370,648.02,0.70056
777,336,-193,387.49,0.41890
778,743,-47,744.49,0.80485
779,771,234,805.73,0.87106
780,633,109,642.32,0.69440
781,395,-138,418.41,0.45234
782,468,-236,524.14,0.56664
783,805,24,805.36,0.87066
784,862,311,916.39,0.99069
785,257,360,442.32,0.47819
786,-27,462,462.79,0.50031
787,327,1043,1093.06,1.18169
788,603,1116,1268.49,1.37134
789,743,218,774.32,0.83710
790,1159,-687,1347.31,1.45655
791,1184,-606,1330.07,1.43792
792,748,16,748.17,0.80883
793,529,220,572.92,0.61938
794,764,-96,770.01,0.83244
795,812,-282,859.57,0.92927
796,256,-193,320.60,0.34660
797,97,406,417.43,0.45127
798,211,1242,1259.80,1.36194
799,0,1532,1532.00,1.65622
800,-169,606,629.12,0.68013
801,493,-632,801.54,0.86653
802,1556,-1044,1873.79,2.02571
803,1873,-273,1892.79,2.04626
804,1193,489,1289.33,1.39387
805,626,380,732.31,0.79169
806,650,-105,658.43,0.71181
807,998,-158,1010.43,1.09236
808,986,9,986.04,1.06599
809,812,89,816.86,0.88310
810,908,322,963.40,1.04152
811,900,649,1109.59,1.19956
812,674,587,893.78,0.96625
813,356,44,358.71,0.38779
814,510,-297,590.18,0.63803
815,1094,-387,1160.43,1.25452
816,1207,-333,1252.09,1.35361
817,826,-363,902.24,0.97540
818,930,184,948.03,1.02489
819,1004,1108,1495.22,1.61645
820,1101,1322,1720.43,1.85993
821,910,637,1110.80,1.20086
822,784,130,794.70,0.85914
823,597,-17,597.24,0.64567
824,689,-180,712.12,0.76986
825,664,-520,843.38,0.91177
826,599,-535,803.14,0.86825
827,565,-178,592.38,0.64041
828,531,242,583.55,0.63086
829,541,194,574.73,0.62133
830,507,172,535.38,0.57879
831,486,444,658.28,0.71165
832,348,662,747.90,0.80854
833,284,433,517.83,0.55981
834,439,30,440.02,0.47570
835,626,-21,626.35,0.67714
836,762,305,820.77,0.88732
837,686,413,800.73,0.86565
838,549,197,583.28,0.63057
839,458,-74,463.94,0.50156
840,477,25,477.65,0.51638
841,594,367,698.23,0.75484
842,693,615,926.54,1.00166
843,830,438,938.48,1.01457
844,760,-233,794.91,0.85937
845,381,-821,905.10,0.97848
846,410,-780,881.19,0.95264
# END
# FRAME,111,RX_TS,708840771046,FP_INDEX,751.5625,FP_INT,751,RXPACC,1093,RXPWR,-74.84,FP_PWR,-78.78,STD_NOISE,84.00,NTM,13,NOISE_THRESH,1092.00,PEAK_IDX,753,PEAK_AMPL,19139,START,701,elapsed_s,12.0258
sample,real,imag,amplitude,amplitude_norm
701,102,144,176.47,0.16145
702,155,59,165.85,0.15174
703,137,47,144.84,0.13251
704,160,188,246.87,0.22586
705,53,195,202.07,0.18488
706,111,263,285.46,0.26118
707,11,153,153.39,0.14034
708,-36,25,43.83,0.04010
709,-35,110,115.43,0.10561
710,-122,174,212.51,0.19443
711,174,161,237.06,0.21689
712,263,181,319.26,0.29210
713,250,99,268.89,0.24601
714,136,175,221.63,0.20277
715,27,261,262.39,0.24007
716,49,181,187.52,0.17156
717,94,89,129.45,0.11843
718,168,169,238.30,0.21802
719,218,297,368.42,0.33707
720,233,433,491.71,0.44987
721,472,318,569.13,0.52070
722,406,396,567.14,0.51889
723,129,409,428.86,0.39237
724,13,190,190.44,0.17424
725,48,303,306.78,0.28068
726,123,295,319.62,0.29242
727,128,182,222.50,0.20357
728,9,197,197.21,0.18043
729,33,104,109.11,0.09983
730,243,27,244.50,0.22369
731,224,-3,224.02,0.20496
732,108,114,157.04,0.14367
733,94,171,195.13,0.17853
734,44,134,141.04,0.12904
735,59,78,97.80,0.08948
736,40,16,43.08,0.03942
737,91,103,137.44,0.12575
738,121,135,181.29,0.16586
739,29,153,155.72,0.14247
740,-25,36,43.83,0.04010
741,186,50,192.60,0.17622
742,359,22,359.67,0.32907
743,284,165,328.45,0.30051
744,92,229,246.79,0.22579
745,38,140,145.07,0.13272
746,146,33,149.68,0.13695
747,187,58,195.79,0.17913
748,226,119,255.42,0.23368
749,197,195,277.19,0.25360
750,0,419,419.00,0.38335
751,-1718,3751,4125.71,3.77467
752,-7392,12728,14718.82,13.46644
753,-11243,16398,19882.14,18.19043
754,-12075,13662,18233.37,16.68195
755,-6131,2911,6786.98,6.20950
756,-1329,-2530,2857.82,2.61466
757,-3594,2592,4431.17,4.05414
758,-2676,5068,5731.11,5.24347
759,3028,846,3143.96,2.87645
760,5061,-2436,5616.74,5.13883
761,1860,-1703,2521.87,2.30729
762,-220,-137,259.17,0.23712
763,864,-89,868.57,0.79467
764,1850,-655,1962.53,1.79554
765,1045,-768,1296.86,1.18652
766,91,-626,632.58,0.57876
767,273,-730,779.38,0.71306
768,940,-877,1285.59,1.17620
769,1030,-585,1184.54,1.08375
770,610,-152,628.65,0.57516
771,389,-259,467.33,0.42757
772,952,24,952.30,0.87127
773,1614,1999,2569.24,2.35063
774,1073,3590,3746.92,3.42811
775,-323,1483,1517.77,1.38863
776,-656,-2625,2705.73,2.47551
777,533,-3616,3655.07,3.34407
778,1311,-878,1577.85,1.44359
779,883,1007,1339.31,1.22535
780,196,499,536.11,0.49050
781,290,-586,653.83,0.59820
782,713,-813,1081.36,0.98935
783,966,-618,1146.77,1.04919
784,649,-470,801.31,0.73313
785,200,-407,453.49,0.41490
786,252,-556,610.44,0.55850
787,868,-773,1162.31,1.06341
788,907,-476,1024.32,0.93716
789,538,70,542.53,0.49637
790,699,325,770.86,0.70527
791,1568,283,1593.33,1.45776
792,1570,-38,1570.46,1.43683
793,496,-890,1018.88,0.93219
794,-57,-1877,1877.87,1.71808
795,379,-1638,1681.27,1.53822
796,702,-714,1001.30,0.91610
797,670,-487,828.29,0.75782
798,537,-907,1054.05,0.96436
799,232,-820,852.19,0.77968
800,69,-249,258.38,0.23640
801,670,188,695.88,0.63667
802,1506,571,1610.61,1.47357
803,1399,898,1662.41,1.52096
804,343,519,622.10,0.56917
805,-368,-1026,1090.00,0.99726
806,209,-2256,2265.66,2.07288
807,1150,-1769,2109.94,1.93041
808,1248,-537,1358.63,1.24303
809,553,-132,568.54,0.52016
810,272,-599,657.86,0.60189
811,499,-1090,1198.79,1.09679
812,652,-867,1084.80,0.99250
813,706,-543,890.67,0.81488
814,935,-572,1096.09,1.00283
815,1194,-567,1321.79,1.20932
816,819,-376,901.19,0.82451
817,145,-308,340.42,0.31146
818,24,-838,838.34,0.76701
819,627,-1216,1368.13,1.25172
820,587,-1133,1276.03,1.16746
821,469,-1048,1148.16,1.05046
822,1030,-794,1300.51,1.18986
823,1806,-220,1819.35,1.66455
824,1765,-218,1778.41,1.62709
825,1014,-521,1140.02,1.04302
826,567,-750,940.21,0.86021
827,444,-671,804.60,0.73614
828,282,-742,793.78,0.72624
829,-62,-878,880.19,0.80529
830,-117,-680,689.99,0.63128
831,164,-308,348.94,0.31925
832,415,-104,427.83,0.39143
833,379,-238,447.53,0.40945
834,432,-328,542.41,0.49626
835,771,-52,772.75,0.70700
836,876,234,906.71,0.82957
837,572,67,575.91,0.52691
838,266,-497,563.71,0.51574
839,488,-680,836.99,0.76577
840,785,-340,855.47,0.78268
841,641,-99,648.60,0.59341
842,361,-250,439.11,0.40175
843,209,-377,431.06,0.39438
844,455,-273,530.62,0.48547
845,766,-113,774.29,0.70841
846,871,-160,885.57,0.81022
847,636,-449,778.52,0.71228
848,-144,-706,720.54,0.65923
849,-674,-695,968.14,0.88577
850,-334,-787,854.94,0.78220
# END
# FRAME,112,RX_TS,715230562580,FP_INDEX,748.3281,FP_INT,748,RXPACC,976,RXPWR,-73.08,FP_PWR,-76.85,STD_NOISE,48.00,NTM,13,NOISE_THRESH,624.00,PEAK_IDX,750,PEAK_AMPL,18178,START,698,elapsed_s,12.2280
sample,real,imag,amplitude,amplitude_norm
698,92,171,194.18,0.19895
699,115,78,138.96,0.14237
700,201,73,213.85,0.21910
701,146,98,175.84,0.18016
702,24,28,36.88,0.03779
703,-5,27,27.46,0.02813
704,17,67,69.12,0.07082
705,96,36,102.53,0.10505
706,149,-11,149.41,0.15308
707,143,-17,144.01,0.14755
708,68,98,119.28,0.12221
709,76,205,218.63,0.22401
710,47,227,231.81,0.23751
711,108,56,121.66,0.12465
712,122,-15,122.92,0.12594
713,80,62,101.21,0.10370
714,107,162,194.15,0.19892
715,0,121,121.00,0.12398
716,-72,74,103.25,0.10579
717,-233,190,300.65,0.30804
718,-294,352,458.63,0.46991
719,-206,126,241.48,0.24742
720,-33,-27,42.64,0.04369
721,89,37,96.38,0.09875
722,-139,75,157.94,0.16183
723,-118,33,122.53,0.12554
724,123,52,133.54,0.13682
725,169,56,178.04,0.18241
726,170,197,260.21,0.26661
727,63,214,223.08,0.22857
728,134,173,218.83,0.22421
729,131,155,202.94,0.20793
730,133,131,186.68,0.19127
731,119,92,150.42,0.15411
732,144,80,164.73,0.16878
733,201,38,204.56,0.20959
734,87,64,108.00,0.11066
735,-20,16,25.61,0.02624
736,123,-60,136.85,0.14022
737,98,60,114.91,0.11773
738,-2,160,160.01,0.16395
739,9,200,200.20,0.20513
740,83,69,107.94,0.11059
741,74,24,77.79,0.07971
742,220,98,240.84,0.24676
743,116,186,219.21,0.22460
744,117,158,196.60,0.20144
745,40,129,135.06,0.13838
746,78,67,102.83,0.10535
747,-226,-426,482.24,0.49409
748,-2767,-4884,5613.35,5.75139
749,-6678,-13403,14974.51,15.34274
750,-6603,-16406,17684.92,18.11980
751,-3228,-13755,14128.69,14.47612
752,1841,-3350,3822.54,3.91653
753,1747,-1390,2232.51,2.28741
754,-1628,-6118,6330.90,6.48658
755,-2780,-3258,4282.87,4.38819
756,-1251,3946,4139.56,4.24135
757,210,4854,4858.54,4.97801
758,522,933,1069.10,1.09539
759,82,-641,646.22,0.66211
760,-34,936,936.62,0.95965
761,304,1952,1975.53,2.02411
762,608,1231,1372.96,1.40672
763,724,360,808.56,0.82845
764,588,678,897.46,0.91953
765,443,1386,1455.08,1.49086
766,176,1190,1202.94,1.23253
767,172,565,590.60,0.60512
768,274,507,576.30,0.59047
769,-553,731,916.61,0.93915
770,-2422,140,2426.04,2.48570
771,-2640,-891,2786.30,2.85482
772,420,-334,536.62,0.54981
773,3103,1507,3449.59,3.53441
774,2146,2243,3104.25,3.18058
775,-326,1144,1189.54,1.21879
776,-778,66,780.79,0.79999
777,210,185,279.87,0.28675
778,698,917,1152.43,1.18077
779,428,1241,1312.73,1.34501
780,259,1129,1158.33,1.18681
781,309,604,678.45,0.69514
782,446,311,543.73,0.55710
783,543,776,947.11,0.97040
784,450,1327,1401.22,1.43568
785,85,921,924.91,0.94766
786,-180,446,480.95,0.49278
787,-427,606,741.33,0.75956
788,-625,1128,1289.58,1.32129
789,-128,1111,1118.35,1.14585
790,1072,886,1390.75,1.42495
791,1708,1085,2023.48,2.07324
792,977,1185,1535.82,1.57359
793,353,1015,1074.63,1.10106
794,474,769,903.35,0.92556
795,776,689,1037.74,1.06325
796,650,435,782.13,0.80136
797,151,190,242.70,0.24866
798,-450,563,720.74,0.73847
799,-1045,940,1405.57,1.44013
800,-978,500,1098.40,1.12541
801,21,-17,27.02,0.02768
802,1421,441,1487.86,1.52444
803,1742,1449,2265.87,2.32159
804,862,1731,1933.75,1.98131
805,69,1182,1184.01,1.21313
806,233,543,590.88,0.60541
807,720,648,968.66,0.99248
808,640,943,1139.67,1.16770
809,339,831,897.49,0.91956
810,272,809,853.50,0.87449
811,338,1176,1223.61,1.25370
812,166,1236,1247.10,1.27776
813,279,647,704.59,0.72192
814,519,297,597.97,0.61268
815,1013,709,1236.47,1.26687
816,1017,1107,1503.24,1.54021
817,828,907,1228.10,1.25830
818,792,1041,1308.03,1.34020
819,211,1389,1404.93,1.43948
820,-435,1575,1633.97,1.67415
821,-204,1318,1333.69,1.36649
822,396,946,1025.54,1.05076
823,662,834,1064.80,1.09098
824,557,713,904.78,0.92702
825,682,496,843.29,0.86403
826,822,354,894.99,0.91699
827,681,332,757.62,0.77625
828,365,475,599.04,0.61377
829,180,575,602.52,0.61733
830,293,472,555.55,0.56921
831,201,599,631.82,0.64736
832,-203,679,708.70,0.72612
833,-326,558,646.25,0.66214
834,114,455,469.06,0.48060
835,464,591,751.38,0.76986
836,385,788,877.02,0.89859
837,67,824,826.72,0.84705
838,117,672,682.11,0.69888
839,415,405,579.87,0.59413
840,436,372,573.13,0.58723
841,102,551,560.36,0.57414
842,-53,698,700.01,0.71722
843,-26,815,815.41,0.83547
844,465,729,864.68,0.88594
845,923,219,948.63,0.97195
846,1021,-57,1022.59,1.04774
847,864,430,965.09,0.98882
# END
# FRAME,113,RX_TS,721620354092,FP_INDEX,753.0781,FP_INT,753,RXPACC,915,RXPWR,-73.03,FP_PWR,-77.56,STD_NOISE,64.00,NTM,13,NOISE_THRESH,832.00,PEAK_IDX,755,PEAK_AMPL,16824,START,703,elapsed_s,12.2679
sample,real,imag,amplitude,amplitude_norm
703,78,144,163.77,0.17898
704,152,12,152.47,0.16664
705,113,12,113.64,0.12419
706,13,84,85.00,0.09290
707,-42,113,120.55,0.13175
708,23,77,80.36,0.08783
709,115,27,118.13,0.12910
710,96,22,98.49,0.10764
711,14,18,22.80,0.02492
712,58,-76,95.60,0.10448
713,178,57,186.90,0.20427
714,290,156,329.30,0.35989
715,127,187,226.05,0.24705
716,70,145,161.01,0.17597
717,30,28,41.04,0.04485
718,119,16,120.07,0.13122
719,128,110,168.77,0.18445
720,123,227,258.18,0.28217
721,67,273,281.10,0.30721
722,118,424,440.11,0.48100
723,108,439,452.09,0.49409
724,-61,292,298.30,0.32601
725,21,137,138.60,0.15148
726,-38,161,165.42,0.18079
727,-116,240,266.56,0.29133
728,-39,190,193.96,0.21198
729,47,171,177.34,0.19382
730,49,149,156.85,0.17142
731,117,146,187.10,0.20448
732,161,185,245.25,0.26803
733,253,92,269.21,0.29422
734,171,55,179.63,0.19631
735,110,122,164.27,0.17953
736,72,142,159.21,0.17400
737,65,109,126.91,0.13870
738,81,39,89.90,0.09825
739,57,41,70.21,0.07674
740,23,91,93.86,0.10258
741,9,108,108.37,0.11844
742,101,105,145.69,0.15923
743,174,96,198.73,0.21719
744,227,120,256.77,0.28062
745,44,190,195.03,0.21315
746,14,141,141.69,0.15486
747,86,89,123.76,0.13526
748,173,159,234.97,0.25680
749,129,186,226.36,0.24738
750,108,154,188.10,0.20557
751,66,73,98.41,0.10755
752,-1061,262,1092.87,1.19439
753,-7659,518,7676.50,8.38961
754,-15443,52,15443.09,16.87769
755,-16419,-1287,16469.36,17.99930
756,-10477,-2660,10809.40,11.81355
757,-373,-2004,2038.42,2.22778
758,-2108,-1283,2467.74,2.69699
759,-6987,-293,6993.14,7.64278
760,-2827,1805,3354.10,3.66568
761,3456,2816,4458.00,4.87213
762,3815,1331,4040.52,4.41587
763,814,-332,879.10,0.96077
764,-160,-182,242.33,0.26484
765,912,705,1152.72,1.25981
766,1545,575,1648.53,1.80167
767,990,-157,1002.37,1.09549
768,632,-385,740.03,0.80878
769,1007,39,1007.75,1.10137
770,1265,459,1345.70,1.47071
771,922,455,1028.16,1.12367
772,515,132,531.65,0.58104
773,438,124,455.21,0.49750
774,20,1167,1167.17,1.27560
775,-1344,2410,2759.43,3.01577
776,-1698,1477,2250.50,2.45956
777,526,-963,1097.29,1.19922
778,2741,-1864,3314.75,3.62268
779,2343,-317,2364.35,2.58399
780,436,1128,1209.33,1.32167
781,-248,742,782.35,0.85502
782,457,16,457.28,0.49976
783,1108,-3,1108.00,1.21093
784,1187,378,1245.73,1.36146
785,1038,418,1119.00,1.22295
786,563,-63,566.51,0.61914
787,555,-303,632.32,0.69106
788,1133,24,1133.25,1.23853
789,1152,345,1202.55,1.31426
790,644,371,743.22,0.81226
791,313,519,606.08,0.66238
792,445,938,1038.20,1.13465
793,805,1181,1429.26,1.56203
794,934,386,1010.62,1.10450
795,1243,-673,1413.50,1.54481
796,1544,-764,1722.68,1.88271
797,1277,-50,1277.98,1.39670
798,892,308,943.68,1.03134
799,931,-66,933.34,1.02004
800,885,-292,931.93,1.01850
801,564,-205,600.10,0.65585
802,303,189,357.11,0.39029
803,376,921,994.79,1.08721
804,268,1378,1403.82,1.53423
805,-1,860,860.00,0.93989
806,249,-261,360.72,0.39423
807,1249,-979,1586.96,1.73438
808,1977,-457,2029.13,2.21763
809,1652,321,1682.90,1.83923
810,851,429,953.02,1.04155
811,603,45,604.68,0.66085
812,919,-187,937.83,1.02495
813,1104,-52,1105.22,1.20790
814,898,64,900.28,0.98391
815,734,296,791.44,0.86496
816,922,546,1071.54,1.17108
817,969,586,1132.41,1.23761
818,496,120,510.31,0.55772
819,469,-357,589.41,0.64417
820,1111,-540,1235.28,1.35003
821,1279,-235,1300.41,1.42121
822,1061,-296,1101.52,1.20384
823,1203,-108,1207.84,1.32004
824,1180,684,1363.91,1.49061
825,1033,1164,1556.27,1.70084
826,956,715,1193.80,1.30470
827,898,128,907.08,0.99134
828,816,-74,819.35,0.89546
829,739,-61,741.51,0.81040
830,682,-268,732.77,0.80084
831,632,-426,762.17,0.83297
832,539,-258,597.57,0.65308
833,518,51,520.50,0.56886
834,510,196,546.37,0.59712
835,564,159,585.98,0.64042
836,553,282,620.75,0.67842
837,460,621,772.81,0.84461
838,284,489,565.49,0.61802
839,385,59,389.49,0.42568
840,752,56,754.08,0.82413
841,955,377,1026.72,1.12210
842,834,522,983.89,1.07529
843,584,142,601.02,0.65685
844,469,-72,474.49,0.51857
845,482,12,482.15,0.52694
846,570,308,647.89,0.70808
847,653,462,799.91,0.87422
848,732,314,796.50,0.87050
849,709,-143,723.28,0.79047
850,424,-725,839.88,0.91790
851,376,-806,889.39,0.97201
852,857,-207,881.65,0.96355
# END
# FRAME,114,RX_TS,728010145576,FP_INDEX,748.5156,FP_INT,748,RXPACC,999,RXPWR,-72.70,FP_PWR,-76.98,STD_NOISE,56.00,NTM,13,NOISE_THRESH,728.00,PEAK_IDX,750,PEAK_AMPL,18340,START,698,elapsed_s,12.3228
sample,real,imag,amplitude,amplitude_norm
698,155,53,163.81,0.16397
699,59,77,97.01,0.09710
700,19,114,115.57,0.11569
701,49,136,144.56,0.14470
702,116,148,188.04,0.18823
703,144,208,252.98,0.25324
704,-11,183,183.33,0.18351
705,-31,171,173.79,0.17396
706,-5,245,245.05,0.24530
707,89,219,236.39,0.23663
708,155,46,161.68,0.16184
709,125,-73,144.75,0.14490
710,119,-105,158.70,0.15886
711,222,124,254.28,0.25454
712,251,215,330.49,0.33082
713,161,92,185.43,0.18562
714,41,-20,45.62,0.04566
715,54,50,73.59,0.07367
716,285,156,324.90,0.32523
717,440,49,442.72,0.44316
718,438,-215,487.92,0.48841
719,404,-8,404.08,0.40448
720,287,240,374.12,0.37450
721,170,152,228.04,0.22827
722,348,163,384.28,0.38467
723,308,114,328.42,0.32875
724,202,139,245.20,0.24545
725,51,140,149.00,0.14915
726,101,33,106.25,0.10636
727,149,-33,152.61,0.15276
728,107,66,125.72,0.12584
729,80,90,120.42,0.12054
730,87,95,128.82,0.12895
731,176,96,200.48,0.20068
732,113,153,190.21,0.19040
733,4,172,172.05,0.17222
734,41,137,143.00,0.14315
735,77,131,151.95,0.15211
736,147,206,253.07,0.25332
737,57,126,138.29,0.13843
738,138,-36,142.62,0.14276
739,197,-53,204.00,0.20421
740,268,45,271.75,0.27202
741,127,201,237.76,0.23800
742,90,196,215.68,0.21589
743,99,16,100.28,0.10038
744,142,-20,143.40,0.14355
745,194,49,200.09,0.20029
746,116,135,177.99,0.17817
747,397,417,575.76,0.57633
748,2603,3823,4625.03,4.62966
749,7467,12391,14466.96,14.48144
750,8332,16404,18398.73,18.41715
751,5570,15222,16209.08,16.22530
752,77,5582,5582.53,5.58812
753,-1034,1503,1824.33,1.82615
754,2690,6600,7127.14,7.13427
755,4110,5267,6680.82,6.68751
756,1642,-2766,3216.66,3.21988
757,-684,-5516,5558.25,5.56381
758,-936,-1849,2072.41,2.07449
759,-23,717,717.37,0.71809
760,547,-293,620.53,0.62115
761,53,-1632,1632.86,1.63449
762,-624,-1120,1282.10,1.28338
763,-813,-178,832.26,0.83309
764,-628,-336,712.24,0.71295
765,-335,-1106,1155.62,1.15678
766,-107,-1118,1123.11,1.12423
767,-2,-459,459.00,0.45946
768,-202,-212,292.83,0.29312
769,539,-513,744.10,0.74485
770,2424,-173,2430.17,2.43260
771,3204,798,3301.88,3.30519
772,637,797,1020.28,1.02130
773,-2707,-761,2811.93,2.81475
774,-2591,-1988,3265.80,3.26907
775,91,-1259,1262.28,1.26355
776,1310,-30,1310.34,1.31166
777,359,166,395.52,0.39592
778,-605,-568,829.85,0.83068
779,-557,-1074,1209.84,1.21106
780,-203,-1072,1091.05,1.09214
781,-230,-539,586.02,0.58661
782,-419,-92,428.98,0.42941
783,-455,-338,566.81,0.56737
784,-402,-1015,1091.71,1.09280
785,-101,-861,866.90,0.86777
786,268,-310,409.79,0.41020
787,457,-442,635.78,0.63641
788,699,-1039,1252.25,1.25350
789,407,-1105,1177.57,1.17875
790,-696,-661,959.86,0.96082
791,-1484,-599,1600.33,1.60193
792,-1128,-839,1405.81,1.40722
793,-282,-778,827.53,0.82836
794,-328,-683,757.68,0.75843
795,-705,-661,966.41,0.96738
796,-598,-421,731.33,0.73206
797,-55,-164,172.98,0.17315
798,535,-473,714.11,0.71483
799,1076,-785,1331.92,1.33325
800,1233,-529,1341.69,1.34303
801,374,24,374.77,0.37514
802,-962,-136,971.57,0.97254
803,-1559,-1065,1888.04,1.88993
804,-844,-1555,1769.28,1.77105
805,-176,-1193,1205.91,1.20712
806,-204,-648,679.35,0.68003
807,-529,-582,786.49,0.78728
808,-658,-820,1051.36,1.05242
809,-438,-820,929.65,0.93058
810,-325,-687,760.00,0.76076
811,-130,-814,824.32,0.82514
812,157,-948,960.91,0.96187
813,77,-411,418.15,0.41857
814,-360,3,360.01,0.36037
815,-827,-270,869.96,0.87083
816,-899,-782,1191.52,1.19271
817,-767,-624,988.77,0.98976
818,-785,-769,1098.90,1.10000
819,-179,-1156,1169.78,1.17095
820,618,-1440,1567.01,1.56858
821,562,-1222,1345.04,1.34638
822,-47,-795,796.39,0.79719
823,-398,-612,730.03,0.73076
824,-428,-551,697.70,0.69840
825,-520,-394,652.41,0.65306
826,-687,-147,702.55,0.70325
827,-608,-120,619.73,0.62035
828,-253,-197,320.65,0.32097
829,46,-275,278.82,0.27910
830,-77,-337,345.68,0.34603
831,-46,-429,431.46,0.43189
832,294,-552,625.41,0.62604
833,462,-450,644.94,0.64558
834,83,-274,286.30,0.28658
835,-388,-361,529.97,0.53050
836,-349,-588,683.77,0.68446
837,-29,-744,744.57,0.74531
838,88,-454,462.45,0.46291
839,-83,-202,218.39,0.21861
840,-316,-197,372.38,0.37275
841,-92,-402,412.39,0.41281
842,135,-620,634.53,0.63516
843,107,-685,693.31,0.69400
844,-268,-604,660.79,0.66145
845,-720,-53,721.95,0.72267
846,-867,354,936.49,0.93742
847,-750,18,750.22,0.75097
# END
# FRAME,115,RX_TS,734399937047,FP_INDEX,753.2500,FP_INT,753,RXPACC,901,RXPWR,-72.66,FP_PWR,-76.49,STD_NOISE,56.00,NTM,13,NOISE_THRESH,728.00,PEAK_IDX,755,PEAK_AMPL,16977,START,703,elapsed_s,12.4981
sample,real,imag,amplitude,amplitude_norm
703,102,52,114.49,0.12707
704,60,76,96.83,0.10747
705,95,58,111.31,0.12354
706,116,84,143.22,0.15896
707,155,183,239.82,0.26617
708,207,129,243.91,0.27071
709,62,158,169.73,0.18838
710,83,201,217.46,0.24136
711,210,209,296.28,0.32883
712,209,186,279.78,0.31052
713,140,94,168.63,0.18716
714,19,-46,49.77,0.05524
715,-31,40,50.61,0.05617
716,58,65,87.11,0.09669
717,125,109,165.85,0.18407
718,188,106,215.82,0.23954
719,95,37,101.95,0.11315
720,154,69,168.75,0.18729
721,236,-61,243.76,0.27054
722,153,-195,247.86,0.27509
723,36,-320,322.02,0.35740
724,176,-148,229.96,0.25522
725,144,11,144.42,0.16029
726,149,-45,155.65,0.17275
727,291,-58,296.72,0.32933
728,267,31,268.79,0.29833
729,162,86,183.41,0.20357
730,89,103,136.12,0.15108
731,-40,98,105.85,0.11748
732,-10,49,50.01,0.05550
733,-10,51,51.97,0.05768
734,25,77,80.96,0.08985
735,96,32,101.19,0.11231
736,54,44,69.66,0.07731
737,51,164,171.75,0.19062
738,35,211,213.88,0.23738
739,44,54,69.66,0.07731
740,204,-5,204.06,0.22648
741,177,80,194.24,0.21558
742,141,80,162.11,0.17993
743,-8,33,33.96,0.03769
744,-79,-95,123.56,0.13713
745,45,38,58.90,0.06537
746,78,120,143.12,0.15885
747,10,107,107.47,0.11927
748,32,101,105.95,0.11759
749,110,85,139.01,0.15429
750,159,77,176.66,0.19607
751,156,60,167.14,0.18551
752,851,50,852.47,0.94613
753,6225,277,6231.16,6.91583
754,14657,1387,14722.48,16.34016
755,16405,2821,16645.78,18.47479
756,12142,4011,12787.35,14.19240
757,1727,2322,2893.82,3.21179
758,1518,1062,1852.61,2.05617
759,6682,751,6724.07,7.46290
760,3673,-841,3768.05,4.18208
761,-2968,-2251,3725.05,4.13436
762,-3958,-1386,4193.66,4.65445
763,-701,134,713.69,0.79211
764,632,88,638.10,0.70821
765,-437,-695,820.97,0.91118
766,-1304,-594,1432.92,1.59036
767,-912,229,940.31,1.04363
768,-527,620,813.71,0.90312
769,-789,230,821.84,0.91214
770,-1086,-272,1119.54,1.24256
771,-781,-356,858.31,0.95262
772,-288,-72,296.86,0.32948
773,-323,0,323.00,0.35849
774,107,-745,752.64,0.83534
775,1544,-2002,2528.23,2.80603
776,2222,-1459,2658.19,2.95026
777,122,794,803.32,0.89159
778,-2512,1934,3170.25,3.51859
779,-2363,628,2445.03,2.71368
780,-263,-808,849.73,0.94309
781,660,-695,958.45,1.06376
782,-53,60,80.06,0.08885
783,-780,206,806.74,0.89539
784,-934,-177,950.62,1.05508
785,-847,-301,898.89,0.99766
786,-458,91,466.95,0.51826
787,-332,402,521.37,0.57866
788,-651,272,705.54,0.78306
789,-922,-70,924.65,1.02625
790,-451,-208,496.65,0.55123
791,-97,-216,236.78,0.26280
792,-112,-566,576.97,0.64037
793,-404,-935,1018.55,1.13046
794,-615,-352,708.61,0.78647
795,-925,718,1170.96,1.29962
796,-1259,941,1571.80,1.74451
797,-1126,278,1159.81,1.28725
798,-729,-217,760.61,0.84419
799,-768,106,775.28,0.86047
800,-890,582,1063.40,1.18025
801,-460,579,739.49,0.82074
802,-65,27,70.38,0.07812
803,-37,-812,812.84,0.90216
804,-20,-1327,1327.15,1.47298
805,101,-789,795.44,0.88284
806,-149,342,373.05,0.41404
807,-1052,1010,1458.36,1.61860
808,-1765,618,1870.07,2.07555
809,-1553,-179,1563.28,1.73505
810,-826,-365,903.05,1.00228
811,-466,86,473.87,0.52594
812,-738,350,816.79,0.90654
813,-877,255,913.32,1.01367
814,-694,75,698.04,0.77474
815,-618,-163,639.13,0.70936
816,-744,-442,865.39,0.96048
817,-674,-553,871.83,0.96762
818,-334,-39,336.27,0.37322
819,-330,433,544.42,0.60424
820,-823,633,1038.28,1.15236
821,-1076,368,1137.19,1.26214
822,-847,421,945.86,1.04979
823,-825,243,860.04,0.95454
824,-868,-505,1004.22,1.11456
825,-759,-1101,1337.27,1.48420
826,-690,-760,1026.50,1.13929
827,-609,-101,617.32,0.68515
828,-543,118,555.67,0.61673
829,-481,239,537.11,0.59612
830,-540,408,676.80,0.75117
831,-593,660,887.27,0.98476
832,-520,440,681.18,0.75602
833,-322,77,331.08,0.36746
834,-316,-95,329.97,0.36623
835,-391,63,396.04,0.43956
836,-424,-42,426.08,0.47289
837,-283,-445,527.37,0.58531
838,-211,-390,443.42,0.49214
839,-332,43,334.77,0.37156
840,-584,257,638.05,0.70816
841,-675,-17,675.21,0.74941
842,-445,-278,524.70,0.58235
843,-273,-196,336.07,0.37300
844,-225,77,237.81,0.26394
845,-261,198,327.60,0.36360
846,-357,-74,364.59,0.40465
847,-373,-299,478.05,0.53058
848,-535,-257,593.53,0.65874
849,-622,135,636.48,0.70642
850,-285,780,830.44,0.92168
851,-256,861,898.25,0.99695
852,-498,438,663.21,0.73608
# END
# FRAME,116,RX_TS,740789728513,FP_INDEX,748.7812,FP_INT,748,RXPACC,923,RXPWR,-72.86,FP_PWR,-77.29,STD_NOISE,68.00,NTM,13,NOISE_THRESH,884.00,PEAK_IDX,750,PEAK_AMPL,16784,START,698,elapsed_s,12.5545
sample,real,imag,amplitude,amplitude_norm
698,49,96,107.78,0.11677
699,189,65,199.86,0.21654
700,179,118,214.39,0.23228
701,124,189,226.05,0.24490
702,83,191,208.25,0.22563
703,62,94,112.61,0.12200
704,63,64,89.81,0.09730
705,103,33,108.16,0.11718
706,64,84,105.60,0.11441
707,-15,62,63.79,0.06911
708,42,38,56.64,0.06136
709,219,156,268.88,0.29131
710,190,217,288.43,0.31249
711,51,148,156.54,0.16960
712,16,87,88.46,0.09584
713,50,30,58.31,0.06317
714,178,75,193.16,0.20927
715,130,195,234.36,0.25391
716,42,182,186.78,0.20237
717,7,302,302.08,0.32728
718,139,416,438.61,0.47520
719,179,477,509.48,0.55198
720,-5,257,257.05,0.27849
721,33,125,129.28,0.14007
722,26,137,139.45,0.15108
723,-78,176,192.51,0.20857
724,27,186,187.95,0.20363
725,27,115,118.13,0.12798
726,98,88,131.71,0.14270
727,188,107,216.32,0.23436
728,181,139,228.21,0.24725
729,188,184,263.06,0.28500
730,173,173,244.66,0.26507
731,188,45,193.31,0.20944
732,187,29,189.24,0.20502
733,70,66,96.21,0.10423
734,118,98,153.39,0.16618
735,98,84,129.07,0.13984
736,15,46,48.38,0.05242
737,35,95,101.24,0.10969
738,145,103,177.86,0.19270
739,216,182,282.45,0.30602
740,134,124,182.57,0.19780
741,60,77,97.62,0.10576
742,49,16,51.55,0.05585
743,-13,138,138.61,0.15017
744,82,105,133.23,0.14434
745,105,104,147.79,0.16012
746,43,140,146.45,0.15867
747,-143,228,269.13,0.29159
748,-2354,273,2369.78,2.56747
749,-10863,-91,10863.38,11.76964
750,-16416,-1077,16451.29,17.82372
751,-15715,-2642,15935.54,17.26494
752,-7033,-2952,7627.41,8.26372
753,242,-1293,1315.45,1.42519
754,-4115,-335,4128.61,4.47304
755,-6311,618,6341.19,6.87019
756,53,2148,2148.65,2.32790
757,4737,2203,5224.21,5.66003
758,2886,606,2948.94,3.19495
759,10,-94,94.53,0.10242
760,-65,630,633.34,0.68618
761,1121,992,1496.90,1.62178
762,1400,351,1443.33,1.56374
763,739,-333,810.56,0.87818
764,676,-266,726.45,0.78705
765,1066,110,1071.66,1.16106
766,1217,458,1300.33,1.40881
767,766,337,836.85,0.90667
768,571,135,586.74,0.63569
769,535,377,654.49,0.70909
770,-341,1599,1634.96,1.77135
771,-1778,2346,2943.64,3.18921
772,-1234,851,1498.99,1.62404
773,1440,-1333,1962.27,2.12597
774,3095,-1353,3377.81,3.65960
775,1748,371,1786.94,1.93601
776,-104,1065,1070.07,1.15933
777,-289,405,497.54,0.53905
778,650,-38,651.11,0.70543
779,1216,183,1229.69,1.33228
780,1181,438,1259.61,1.36469
781,940,313,990.74,1.07339
782,539,-60,542.33,0.58757
783,572,-130,586.59,0.63552
784,1023,128,1030.98,1.11698
785,988,269,1023.97,1.10939
786,445,363,574.28,0.62219
787,319,636,711.52,0.77087
788,462,1080,1174.67,1.27266
789,650,1032,1219.64,1.32139
790,924,-4,924.01,1.00109
791,1426,-883,1677.25,1.81717
792,1571,-569,1670.87,1.81026
793,1167,237,1190.82,1.29017
794,894,265,932.45,1.01024
795,1075,-141,1084.21,1.17466
796,898,-439,999.56,1.08295
797,317,-221,386.43,0.41867
798,215,441,490.62,0.53155
799,339,1166,1214.28,1.31558
800,150,1230,1239.11,1.34248
801,-11,447,447.14,0.48444
802,538,-616,817.86,0.88609
803,1661,-824,1854.16,2.00884
804,2074,-76,2075.39,2.24853
805,1504,474,1576.92,1.70848
806,843,337,907.86,0.98360
807,863,-115,870.63,0.94326
808,1100,-99,1104.45,1.19658
809,1016,-5,1016.01,1.10077
810,816,255,854.92,0.92624
811,905,482,1025.35,1.11089
812,1035,706,1252.86,1.35738
813,732,480,875.34,0.94837
814,403,-86,412.07,0.44645
815,673,-469,820.30,0.88873
816,1344,-269,1370.66,1.48500
817,1251,-110,1255.83,1.36059
818,1162,-216,1181.91,1.28050
819,1261,236,1282.89,1.38992
820,1201,1109,1634.71,1.77109
821,1129,1353,1762.17,1.90918
822,1002,690,1216.60,1.31809
823,828,198,851.34,0.92237
824,705,21,705.31,0.76415
825,726,-77,730.07,0.79098
826,813,-371,893.65,0.96820
827,700,-511,866.67,0.93897
828,576,-144,593.73,0.64326
829,422,190,462.80,0.50141
830,523,184,554.42,0.60068
831,699,43,700.32,0.75874
832,628,340,714.13,0.77371
833,417,661,781.54,0.84674
834,339,524,624.10,0.67616
835,538,19,538.34,0.58325
836,821,32,821.62,0.89017
837,824,339,891.01,0.96534
838,659,378,759.71,0.82309
839,472,169,501.34,0.54317
840,535,-46,536.97,0.58177
841,558,97,566.37,0.61362
842,672,349,757.22,0.82039
843,733,492,882.81,0.95646
844,785,294,838.25,0.90818
845,717,-299,776.85,0.84165
846,377,-830,911.61,0.98766
847,595,-766,969.94,1.05085
# END
# FRAME,117,RX_TS,747179519946,FP_INDEX,752.2344,FP_INT,752,RXPACC,1128,RXPWR,-74.55,FP_PWR,-79.01,STD_NOISE,76.00,NTM,13,NOISE_THRESH,988.00,PEAK_IDX,754,PEAK_AMPL,19473,START,702,elapsed_s,12.6065
sample,real,imag,amplitude,amplitude_norm
702,116,130,174.23,0.15446
703,65,109,126.91,0.11251
704,76,-41,86.35,0.07655
705,84,90,123.11,0.10914
706,56,276,281.62,0.24967
707,76,318,326.96,0.28985
708,38,141,146.03,0.12946
709,11,119,119.51,0.10595
710,-51,185,191.90,0.17013
711,-82,163,182.46,0.16176
712,50,65,82.01,0.07270
713,305,76,314.33,0.27866
714,228,155,275.70,0.24441
715,54,171,179.32,0.15897
716,139,143,199.42,0.17679
717,182,137,227.80,0.20195
718,170,71,184.23,0.16333
719,57,121,133.75,0.11858
720,95,250,267.44,0.23709
721,451,293,537.82,0.47679
722,691,286,747.85,0.66299
723,309,356,471.40,0.41791
724,112,236,261.23,0.23158
725,158,278,319.76,0.28348
726,223,334,401.60,0.35603
727,169,296,340.85,0.30217
728,56,218,225.08,0.19954
729,82,83,116.67,0.10344
730,162,33,165.33,0.14657
731,207,50,212.95,0.18879
732,136,61,149.05,0.13214
733,188,115,220.38,0.19538
734,192,108,220.29,0.19529
735,215,92,233.86,0.20732
736,77,18,79.08,0.07010
737,17,85,86.68,0.07685
738,105,137,172.61,0.15302
739,175,165,240.52,0.21323
740,43,137,143.59,0.12730
741,-11,74,74.81,0.06632
742,138,61,150.88,0.13376
743,278,147,314.47,0.27879
744,175,159,236.44,0.20961
745,62,162,173.46,0.15378
746,106,69,126.48,0.11213
747,136,20,137.46,0.12186
748,226,105,249.20,0.22092
749,147,194,243.40,0.21578
750,59,184,193.23,0.17130
751,-354,1027,1086.30,0.96303
752,-3556,6531,7436.34,6.59250
753,-9776,15171,18047.97,15.99998
754,-12499,16413,20630.36,18.28932
755,-11509,11375,16181.71,14.34549
756,-3555,760,3635.33,3.22281
757,-1557,616,1674.43,1.48442
758,-4031,6579,7715.71,6.84017
759,-544,4687,4718.46,4.18304
760,4848,-1647,5120.13,4.53912
761,4270,-3536,5544.02,4.91491
762,650,-1052,1236.61,1.09629
763,-245,581,630.54,0.55899
764,1368,117,1372.99,1.21719
765,1785,-810,1960.18,1.73775
766,625,-1046,1218.50,1.08023
767,-102,-830,836.24,0.74135
768,455,-926,1031.75,0.91467
769,1219,-945,1542.40,1.36737
770,1154,-544,1275.79,1.13102
771,656,-283,714.44,0.63337
772,457,-409,613.29,0.54370
773,1114,461,1205.62,1.06881
774,1598,2825,3245.65,2.87735
775,686,3498,3564.63,3.16013
776,-531,17,531.27,0.47099
777,-248,-3708,3716.28,3.29458
778,1155,-3024,3237.07,2.86974
779,1346,89,1348.94,1.19587
780,555,1064,1200.05,1.06387
781,166,-10,166.30,0.14743
782,566,-940,1097.25,0.97274
783,1060,-892,1385.38,1.22817
784,932,-643,1132.29,1.00380
785,288,-485,564.06,0.50006
786,5,-449,449.03,0.39807
787,411,-706,816.92,0.72422
788,980,-957,1369.76,1.21433
789,841,-472,964.40,0.85496
790,621,79,626.00,0.55497
791,995,390,1068.70,0.94743
792,1517,314,1549.16,1.37337
793,1104,-373,1165.31,1.03308
794,123,-1462,1467.16,1.30068
795,-45,-1966,1966.51,1.74336
796,576,-1266,1390.87,1.23304
797,827,-541,988.24,0.87610
798,554,-691,885.66,0.78516
799,246,-1062,1090.12,0.96642
800,-98,-682,689.01,0.61082
801,173,63,184.11,0.16322
802,1069,420,1148.55,1.01822
803,1536,812,1737.42,1.54027
804,870,955,1291.87,1.14527
805,-207,169,267.23,0.23690
806,-239,-1545,1563.38,1.38597
807,686,-2329,2427.93,2.15242
808,1397,-1620,2139.16,1.89642
809,1138,-637,1304.15,1.15616
810,549,-484,731.89,0.64884
811,462,-978,1081.63,0.95889
812,655,-1013,1206.31,1.06943
813,602,-732,947.75,0.84020
814,752,-545,928.72,0.82334
815,1180,-490,1277.69,1.13271
816,1294,-361,1343.41,1.19097
817,470,-297,555.98,0.49289
818,-31,-561,561.86,0.49810
819,121,-1154,1160.33,1.02866
820,594,-1357,1481.31,1.31322
821,431,-1168,1244.98,1.10371
822,566,-1212,1337.65,1.18586
823,1382,-662,1532.37,1.35849
824,2017,-198,2026.70,1.79672
825,1699,-297,1724.76,1.52905
826,909,-639,1111.13,0.98504
827,604,-722,941.33,0.83451
828,438,-643,778.01,0.68972
829,143,-705,719.36,0.63773
830,-143,-887,898.45,0.79650
831,-154,-806,820.58,0.72746
832,280,-426,509.78,0.45193
833,426,-197,469.35,0.41609
834,351,-293,457.22,0.40534
835,513,-304,596.31,0.52864
836,804,54,805.81,0.71437
837,810,163,826.24,0.73248
838,399,-192,442.79,0.39255
839,314,-647,719.17,0.63756
840,662,-660,934.80,0.82872
841,983,-394,1059.02,0.93885
842,690,-307,755.21,0.66952
843,283,-445,527.37,0.46752
844,194,-464,502.92,0.44585
845,542,-224,586.46,0.51991
846,854,-144,866.06,0.76778
847,909,-299,956.91,0.84833
848,476,-754,891.68,0.79050
849,-362,-850,923.87,0.81904
850,-650,-801,1031.55,0.91450
851,33,-887,887.61,0.78689
# END
# FRAME,118,RX_TS,753569311379,FP_INDEX,746.4531,FP_INT,746,RXPACC,1005,RXPWR,-73.31,FP_PWR,-76.96,STD_NOISE,56.00,NTM,13,NOISE_THRESH,728.00,PEAK_IDX,748,PEAK_AMPL,18401,START,696,elapsed_s,12.8180
sample,real,imag,amplitude,amplitude_norm
696,68,131,147.60,0.14686
697,65,169,181.07,0.18017
698,112,145,183.22,0.18231
699,140,165,216.39,0.21531
700,95,110,145.34,0.14462
701,124,153,196.94,0.19596
702,131,132,185.97,0.18505
703,28,162,164.40,0.16358
704,73,202,214.79,0.21372
705,104,187,213.97,0.21291
706,78,73,106.83,0.10630
707,-15,-60,61.85,0.06154
708,89,-19,91.01,0.09055
709,187,109,216.45,0.21537
710,143,210,254.06,0.25280
711,125,94,156.40,0.15562
712,70,53,87.80,0.08736
713,120,44,127.81,0.12718
714,253,46,257.15,0.25587
715,348,-36,349.86,0.34812
716,399,-96,410.39,0.40834
717,393,8,393.08,0.39113
718,210,153,259.82,0.25853
719,272,155,313.06,0.31151
720,430,212,479.42,0.47704
721,322,188,372.86,0.37101
722,189,200,275.17,0.27381
723,89,132,159.20,0.15841
724,69,21,72.12,0.07177
725,112,67,130.51,0.12986
726,61,78,99.02,0.09853
727,133,-2,133.02,0.13235
728,102,44,111.09,0.11053
729,98,126,159.62,0.15883
730,58,157,167.37,0.16654
731,-10,102,102.49,0.10198
732,12,57,58.25,0.05796
733,99,119,154.80,0.15403
734,206,226,305.80,0.30428
735,122,146,190.26,0.18932
736,36,15,39.00,0.03881
737,165,-66,177.71,0.17683
738,227,68,236.97,0.23579
739,136,238,274.12,0.27275
740,90,197,216.58,0.21551
741,58,129,141.44,0.14074
742,140,53,149.70,0.14895
743,93,29,97.42,0.09693
744,148,58,158.96,0.15817
745,545,490,732.89,0.72924
746,3044,4183,5173.34,5.14760
747,7985,12755,15048.26,14.97340
748,8589,16405,18517.42,18.42529
749,5741,15013,16073.25,15.99328
750,68,5048,5048.46,5.02334
751,-668,1160,1338.59,1.33193
752,3007,5479,6249.92,6.21882
753,3701,3577,5147.07,5.12146
754,952,-3326,3459.56,3.44235
755,-1081,-4889,5007.08,4.98217
756,-786,-1238,1466.44,1.45914
757,205,542,579.47,0.57659
758,542,-633,833.34,0.82919
759,97,-1706,1708.76,1.70025
760,-493,-986,1102.38,1.09690
761,-699,-77,703.23,0.69973
762,-665,-321,738.42,0.73475
763,-356,-1151,1204.80,1.19880
764,-46,-1131,1131.94,1.12630
765,25,-581,581.54,0.57864
766,-109,-403,417.48,0.41540
767,430,-681,805.39,0.80139
768,2319,-272,2334.90,2.32328
769,3179,755,3267.43,3.25117
770,426,721,837.45,0.83328
771,-2830,-839,2951.75,2.93706
772,-2476,-1881,3109.46,3.09399
773,101,-1208,1212.21,1.20618
774,1146,-30,1146.39,1.14069
775,297,129,323.81,0.32219
776,-478,-525,710.01,0.70647
777,-405,-960,1041.93,1.03675
778,-207,-957,979.13,0.97426
779,-188,-451,488.62,0.48618
780,-254,-74,264.56,0.26324
781,-404,-356,538.47,0.53579
782,-399,-883,968.96,0.96414
783,-54,-725,727.01,0.72339
784,322,-295,436.70,0.43453
785,577,-516,774.07,0.77022
786,809,-1046,1322.35,1.31577
787,398,-939,1019.87,1.01479
788,-801,-492,940.03,0.93536
789,-1610,-539,1697.83,1.68938
790,-1143,-878,1441.30,1.43413
791,-354,-852,922.62,0.91803
792,-308,-615,687.81,0.68439
793,-697,-458,834.01,0.82986
794,-708,-18,708.23,0.70471
795,-46,100,110.07,0.10953
796,627,-397,742.12,0.73843
797,1138,-826,1406.17,1.39918
798,1195,-482,1288.55,1.28213
799,374,121,393.09,0.39113
800,-1082,-139,1090.89,1.08546
801,-1672,-1020,1958.57,1.94882
802,-961,-1479,1763.79,1.75502
803,-247,-1127,1153.75,1.14801
804,-244,-609,656.06,0.65280
805,-577,-583,820.25,0.81617
806,-594,-706,922.64,0.91805
807,-409,-540,677.41,0.67404
808,-275,-489,561.02,0.55823
809,-72,-847,850.05,0.84583
810,132,-1111,1118.81,1.11325
811,-33,-540,541.01,0.53832
812,-345,24,345.83,0.34411
813,-914,-206,936.93,0.93227
814,-938,-782,1221.22,1.21514
815,-852,-647,1069.82,1.06450
816,-883,-617,1077.21,1.07185
817,-288,-1081,1118.71,1.11314
818,474,-1508,1580.74,1.57288
819,401,-1383,1439.96,1.43280
820,-112,-855,862.30,0.85801
821,-380,-548,666.86,0.66354
822,-362,-413,549.19,0.54646
823,-542,-335,637.17,0.63400
824,-659,-102,666.85,0.66353
825,-556,55,558.71,0.55593
826,-189,-53,196.29,0.19531
827,43,-262,265.51,0.26418
828,-161,-269,313.50,0.31194
829,-164,-398,430.46,0.42832
830,156,-543,564.96,0.56215
831,396,-447,597.18,0.59421
832,71,-165,179.63,0.17873
833,-374,-329,498.11,0.49564
834,-295,-603,671.29,0.66795
835,-4,-623,623.01,0.61991
836,15,-407,407.28,0.40525
837,-308,-255,399.86,0.39787
838,-356,-317,476.68,0.47431
839,-41,-411,413.04,0.41099
840,193,-527,561.23,0.55844
841,47,-603,604.83,0.60182
842,-344,-535,636.05,0.63289
843,-869,33,869.63,0.86530
844,-938,381,1012.43,1.00739
845,-780,-41,781.08,0.77719
# END
# FRAME,119,RX_TS,759959103312,FP_INDEX,750.2500,FP_INT,750,RXPACC,902,RXPWR,-72.56,FP_PWR,-76.28,STD_NOISE,56.00,NTM,13,NOISE_THRESH,728.00,PEAK_IDX,752,PEAK_AMPL,17096,START,700,elapsed_s,12.8797
sample,real,imag,amplitude,amplitude_norm
700,63,60,87.00,0.09645
701,72,85,111.40,0.12350
702,65,68,94.07,0.10429
703,78,70,104.80,0.11619
704,102,173,200.83,0.22265
705,53,191,198.22,0.21975
706,41,170,174.87,0.19387
707,161,156,224.18,0.24854
708,93,249,265.80,0.29468
709,51,192,198.66,0.22024
710,49,74,88.75,0.09840
711,118,-44,125.94,0.13962
712,130,62,144.03,0.15968
713,107,150,184.25,0.20427
714,89,169,191.00,0.21175
715,148,109,183.81,0.20378
716,175,47,181.20,0.20089
717,170,89,191.89,0.21274
718,212,148,258.55,0.28664
719,371,-30,372.21,0.41265
720,486,-69,490.87,0.54421
721,425,193,466.77,0.51748
722,152,248,290.87,0.32248
723,188,136,232.03,0.25724
724,261,190,322.83,0.35791
725,182,279,333.11,0.36931
726,128,221,255.39,0.28314
727,21,89,91.44,0.10138
728,60,-14,61.61,0.06831
729,116,-5,116.11,0.12872
730,52,38,64.40,0.07140
731,72,35,80.06,0.08875
732,42,55,69.20,0.07672
733,30,47,55.76,0.06182
734,-3,50,50.09,0.05553
735,29,116,119.57,0.13256
736,128,164,208.04,0.23064
737,90,272,286.50,0.31763
738,3,163,163.03,0.18074
739,27,102,105.51,0.11698
740,105,-37,111.33,0.12342
741,212,-18,212.76,0.23588
742,206,118,237.40,0.26320
743,81,154,174.00,0.19291
744,97,32,102.14,0.11324
745,152,12,152.47,0.16904
746,112,102,151.49,0.16794
747,36,99,105.34,0.11679
748,144,99,174.75,0.19373
749,454,794,914.63,1.01400
750,2144,5753,6139.52,6.80657
751,3983,14180,14728.77,16.32901
752,3234,16411,16726.62,18.54392
753,773,13011,13033.94,14.45005
754,-1383,2802,3124.72,3.46422
755,-585,1720,1816.76,2.01415
756,1403,5951,6114.15,6.77843
757,2125,2678,3418.67,3.79010
758,1465,-3587,3874.63,4.29560
759,308,-3971,3982.93,4.41566
760,-330,-597,682.14,0.75625
761,71,362,368.90,0.40898
762,606,-869,1059.43,1.17454
763,294,-1402,1432.49,1.58813
764,-289,-765,817.77,0.90662
765,-543,-233,590.88,0.65508
766,-360,-659,750.92,0.83251
767,38,-1112,1112.65,1.23354
768,170,-922,937.54,1.03940
769,47,-464,466.37,0.51704
770,-48,-467,469.46,0.52047
771,899,-387,978.76,1.08510
772,2510,565,2572.80,2.85233
773,2371,1473,2791.30,3.09457
774,-447,477,653.71,0.72473
775,-2467,-1627,2955.20,3.27628
776,-1223,-2213,2528.46,2.80317
777,785,-700,1051.77,1.16604
778,995,369,1061.22,1.17652
779,-29,-10,30.68,0.03401
780,-412,-787,888.32,0.98483
781,68,-1087,1089.12,1.20746
782,235,-862,893.46,0.99053
783,-16,-320,320.40,0.35521
784,-243,-143,281.95,0.31259
785,-262,-610,663.89,0.73602
786,25,-1082,1082.29,1.19988
787,204,-648,679.35,0.75316
788,326,-210,387.78,0.42992
789,697,-353,781.29,0.86618
790,892,-760,1171.86,1.29918
791,386,-763,855.08,0.94798
792,-869,-714,1124.70,1.24690
793,-1340,-950,1642.59,1.82105
794,-574,-1021,1171.29,1.29855
795,73,-644,648.12,0.71854
796,-174,-624,647.81,0.71819
797,-466,-676,821.06,0.91026
798,-357,-323,481.43,0.53374
799,154,-86,176.39,0.19555
800,779,-285,829.50,0.91962
801,1405,-389,1457.86,1.61625
802,1215,-8,1215.03,1.34704
803,111,41,118.33,0.13119
804,-1035,-639,1216.37,1.34852
805,-1053,-1518,1847.47,2.04819
806,-264,-1398,1422.71,1.57728
807,134,-841,851.61,0.94413
808,-220,-485,532.56,0.59043
809,-487,-671,829.10,0.91918
810,-358,-824,898.41,0.99602
811,-83,-620,625.53,0.69349
812,94,-508,516.62,0.57275
813,147,-755,769.18,0.85275
814,306,-830,884.61,0.98072
815,85,-345,355.32,0.39392
816,-287,-108,306.65,0.33996
817,-730,-547,912.20,1.01131
818,-629,-980,1164.49,1.29101
819,-600,-771,976.95,1.08310
820,-514,-846,989.91,1.09746
821,187,-1089,1104.94,1.22499
822,826,-1158,1422.41,1.57695
823,569,-941,1099.66,1.21913
824,7,-728,728.03,0.80713
825,-216,-592,630.17,0.69864
826,-239,-467,524.60,0.58160
827,-413,-397,572.87,0.63511
828,-585,-284,650.29,0.72095
829,-463,-147,485.78,0.53855
830,-117,-149,189.45,0.21003
831,27,-316,317.15,0.35161
832,-87,-322,333.55,0.36979
833,29,-424,424.99,0.47116
834,413,-530,671.91,0.74492
835,601,-345,692.98,0.76827
836,107,-312,329.84,0.36567
837,-254,-429,498.55,0.55272
838,-87,-589,595.39,0.66008
839,155,-648,666.28,0.73867
840,118,-391,408.42,0.45279
841,-149,-189,240.67,0.26682
842,-109,-171,202.79,0.22482
843,110,-347,364.02,0.40357
844,320,-515,606.32,0.67220
845,255,-629,678.72,0.75247
846,-149,-561,580.45,0.64351
847,-772,-79,776.03,0.86035
848,-904,111,910.79,1.00974
849,-575,-349,672.63,0.74571
# END
# FRAME,120,RX_TS,766348894728,FP_INDEX,752.8594,FP_INT,752,RXPACC,930,RXPWR,-71.88,FP_PWR,-77.34,STD_NOISE,116.00,NTM,13,NOISE_THRESH,1508.00,PEAK_IDX,755,PEAK_AMPL,17219,START,702,elapsed_s,13.1321
sample,real,imag,amplitude,amplitude_norm
702,95,30,99.62,0.10712
703,186,61,195.75,0.21048
704,101,147,178.35,0.19178
705,67,117,134.83,0.14497
706,137,9,137.30,0.14763
707,191,-34,194.00,0.20860
708,208,-26,209.62,0.22540
709,177,39,181.25,0.19489
710,211,6,211.09,0.22697
711,210,-68,220.74,0.23735
712,188,-2,188.01,0.20216
713,122,119,170.43,0.18325
714,48,203,208.60,0.22430
715,52,122,132.62,0.14260
716,208,22,209.16,0.22490
717,256,54,261.63,0.28133
718,91,100,135.21,0.14538
719,14,76,77.28,0.08310
720,85,0,85.00,0.09140
721,-44,-12,45.61,0.04904
722,-296,120,319.40,0.34344
723,-336,67,342.61,0.36840
724,-84,-37,91.79,0.09870
725,166,-61,176.85,0.19016
726,40,5,40.31,0.04335
727,-59,1,59.01,0.06345
728,14,-70,71.39,0.07676
729,86,-60,104.86,0.11275
730,96,103,140.80,0.15140
731,118,216,246.13,0.26466
732,95,176,200.00,0.21506
733,53,94,107.91,0.11603
734,65,119,135.59,0.14580
735,138,123,184.86,0.19877
736,133,102,167.61,0.18023
737,196,113,226.24,0.24327
738,150,17,150.96,0.16232
739,98,1,98.01,0.10538
740,199,-65,209.35,0.22510
741,267,-62,274.10,0.29474
742,166,93,190.28,0.20460
743,-41,159,164.20,0.17656
744,-73,29,78.55,0.08446
745,26,14,29.53,0.03175
746,168,39,172.47,0.18545
747,96,78,123.69,0.13300
748,117,208,238.65,0.25661
749,70,128,145.89,0.15687
750,139,49,147.38,0.15848
751,76,-137,156.67,0.16846
752,-25,-2254,2254.14,2.42380
753,473,-10151,10162.01,10.92690
754,1673,-16263,16348.83,17.57938
755,3109,-16415,16706.83,17.96433
756,3850,-11582,12205.13,13.12380
757,2350,-4073,4702.32,5.05626
758,1184,-4660,4808.06,5.16996
759,154,-5597,5599.12,6.02056
760,-1629,-228,1644.88,1.76869
761,-2148,4003,4542.90,4.88484
762,-675,2187,2288.80,2.46107
763,300,-208,365.05,0.39253
764,-51,-94,106.94,0.11499
765,-554,859,1022.15,1.09909
766,-131,905,914.43,0.98326
767,510,457,684.80,0.73634
768,564,527,771.90,0.83000
769,27,1005,1005.36,1.08104
770,-418,1016,1098.63,1.18132
771,-354,570,670.98,0.72149
772,31,433,434.11,0.46678
773,-120,366,385.17,0.41416
774,-1366,-518,1460.92,1.57088
775,-2142,-1974,2912.87,3.13212
776,-760,-1631,1799.38,1.93481
777,1465,854,1695.74,1.82338
778,1658,2650,3125.93,3.36122
779,36,1672,1672.39,1.79827
780,-775,-174,794.29,0.85408
781,-243,-389,458.66,0.49318
782,269,446,520.84,0.56005
783,94,1021,1025.32,1.10249
784,-238,983,1011.40,1.08753
785,-193,705,730.94,0.78596
786,209,339,398.25,0.42822
787,364,439,570.28,0.61320
788,13,858,858.10,0.92269
789,-301,846,897.95,0.96554
790,-372,361,518.37,0.55738
791,-359,109,375.18,0.40342
792,-845,251,881.49,0.94784
793,-966,438,1060.66,1.14049
794,41,760,761.11,0.81839
795,1045,1263,1639.27,1.76265
796,959,1309,1622.70,1.74484
797,273,945,983.64,1.05768
798,82,710,714.72,0.76852
799,277,937,977.09,1.05063
800,541,818,980.72,1.05453
801,332,403,522.14,0.56144
802,-233,187,298.76,0.32125
803,-1141,92,1144.70,1.23086
804,-1385,-204,1399.94,1.50532
805,-618,-339,704.87,0.75793
806,547,450,708.31,0.76163
807,852,1537,1757.35,1.88962
808,213,1747,1759.94,1.89241
809,-214,1090,1110.81,1.19442
810,-49,628,629.91,0.67732
811,276,804,850.05,0.91404
812,240,1200,1223.76,1.31588
813,-17,1021,1021.14,1.09800
814,-21,681,681.32,0.73261
815,-241,687,728.05,0.78284
816,-506,826,968.67,1.04158
817,-391,673,778.34,0.83692
818,103,359,373.48,0.40160
819,624,506,803.38,0.86384
820,780,1089,1339.52,1.44035
821,579,1257,1383.94,1.48811
822,505,1080,1192.24,1.28197
823,60,1099,1100.64,1.18348
824,-765,1029,1282.21,1.37872
825,-960,1018,1399.26,1.50458
826,-337,835,900.44,0.96822
827,123,804,813.35,0.87457
828,148,741,755.64,0.81251
829,221,602,641.28,0.68955
830,589,601,841.50,0.90484
831,637,572,856.13,0.92057
832,361,410,546.28,0.58740
833,70,323,330.50,0.35537
834,70,472,477.16,0.51308
835,119,593,604.82,0.65035
836,-212,585,622.23,0.66906
837,-466,414,623.34,0.67026
838,-304,417,516.05,0.55489
839,109,651,660.06,0.70974
840,110,866,872.96,0.93866
841,-224,817,847.15,0.91092
842,-335,595,682.83,0.73422
843,-47,431,433.56,0.46619
844,278,485,559.03,0.60110
845,72,561,565.60,0.60817
846,-276,524,592.24,0.63682
847,-333,614,698.49,0.75106
848,-110,627,636.58,0.68449
849,499,730,884.25,0.95081
850,1039,472,1141.19,1.22708
851,929,464,1038.43,1.11659
# END
# FRAME,121,RX_TS,772738686092,FP_INDEX,746.5469,FP_INT,746,RXPACC,1235,RXPWR,-75.14,FP_PWR,-79.99,STD_NOISE,64.00,NTM,13,NOISE_THRESH,832.00,PEAK_IDX,748,PEAK_AMPL,20257,START,696,elapsed_s,13.1794
sample,real,imag,amplitude,amplitude_norm
696,-21,265,265.83,0.21525
697,90,158,181.84,0.14723
698,182,116,215.82,0.17476
699,221,116,249.59,0.20210
700,124,71,142.89,0.11570
701,148,-14,148.66,0.12037
702,86,-51,99.99,0.08096
703,103,40,110.49,0.08947
704,102,71,124.28,0.10063
705,118,-87,146.60,0.11871
706,116,-6,116.16,0.09405
707,173,227,285.41,0.23110
708,127,269,297.47,0.24087
709,79,268,279.40,0.22624
710,103,117,155.88,0.12622
711,99,142,173.10,0.14017
712,88,141,166.21,0.13458
713,22,182,183.32,0.14844
714,-131,194,234.09,0.18954
715,-175,435,468.88,0.37966
716,-179,638,662.63,0.53655
717,-183,495,527.74,0.42732
718,-124,77,145.96,0.11819
719,31,85,90.48,0.07326
720,-129,191,230.48,0.18663
721,-157,125,200.68,0.16250
722,48,161,168.00,0.13603
723,102,157,187.22,0.15160
724,57,220,227.26,0.18402
725,48,245,249.66,0.20215
726,196,134,237.43,0.19225
727,216,218,306.89,0.24849
728,189,179,260.31,0.21078
729,174,187,255.43,0.20683
730,274,78,284.89,0.23068
731,243,32,245.10,0.19846
732,213,186,282.78,0.22897
733,87,134,159.77,0.12936
734,34,30,45.34,0.03672
735,174,5,174.07,0.14095
736,179,226,288.30,0.23344
737,164,361,396.51,0.32106
738,115,307,327.83,0.26545
739,40,157,162.02,0.13119
740,131,83,155.08,0.12557
741,128,67,144.47,0.11698
742,68,150,164.69,0.13336
743,108,239,262.27,0.21236
744,111,117,161.28,0.13059
745,-197,-26,198.71,0.16090
746,-3620,-2403,4344.98,3.51820
747,-12850,-10103,16346.04,13.23566
748,-16395,-14806,22091.03,17.88747
749,-13609,-15206,20406.55,16.52352
750,-3826,-7174,8130.47,6.58338
751,273,-1503,1527.59,1.23692
752,-5165,-5075,7241.05,5.86320
753,-5807,-3731,6902.29,5.58890
754,226,3895,3901.55,3.15915
755,3492,6273,7179.46,5.81332
756,1733,2038,2675.21,2.16616
757,-239,-530,581.40,0.47077
758,107,924,930.17,0.75318
759,1151,2344,2611.35,2.11445
760,1307,1431,1938.04,1.56927
761,998,55,999.51,0.80932
762,1092,217,1113.35,0.90150
763,1309,1276,1828.02,1.48018
764,1028,1535,1847.43,1.49590
765,527,887,1031.75,0.83542
766,675,490,834.10,0.67539
767,297,980,1024.02,0.82916
768,-1957,1388,2399.25,1.94271
769,-3812,723,3879.96,3.14167
770,-1273,-484,1361.90,1.10276
771,3435,-283,3446.64,2.79080
772,4508,1202,4665.50,3.77773
773,1317,1737,2179.83,1.76504
774,-907,868,1255.42,1.01653
775,-249,217,330.29,0.26744
776,1052,536,1180.68,0.95601
777,1263,1136,1698.72,1.37549
778,915,1316,1602.84,1.29784
779,650,844,1065.29,0.86258
780,559,171,584.57,0.47334
781,891,291,937.32,0.75896
782,1232,1185,1709.40,1.38413
783,755,1211,1427.08,1.15553
784,128,798,808.20,0.65441
785,-117,827,835.24,0.67630
786,-179,1535,1545.40,1.25134
787,127,1674,1678.81,1.35936
788,1427,688,1584.19,1.28275
789,2446,74,2447.12,1.98147
790,2141,498,2198.16,1.77988
791,1039,919,1387.11,1.12317
792,781,857,1159.49,0.93886
793,1287,741,1485.08,1.20249
794,1296,368,1347.23,1.09088
795,704,304,766.83,0.62092
796,13,914,914.09,0.74016
797,-617,1614,1727.91,1.39912
798,-1041,1467,1798.82,1.45654
799,-337,373,502.69,0.40704
800,1464,-75,1465.92,1.18698
801,2646,800,2764.29,2.23829
802,2009,1583,2557.73,2.07103
803,905,1334,1612.01,1.30527
804,804,674,1049.14,0.84951
805,1288,551,1400.91,1.13434
806,1479,758,1661.93,1.34569
807,1048,889,1374.27,1.11277
808,698,747,1022.36,0.82782
809,587,1012,1169.92,0.94730
810,595,1499,1612.77,1.30589
811,493,1013,1126.60,0.91222
812,597,156,617.05,0.49963
813,1218,-111,1223.05,0.99032
814,1780,462,1838.98,1.48905
815,1634,649,1758.17,1.42362
816,1679,694,1816.78,1.47107
817,1215,1226,1726.07,1.39762
818,391,2004,2041.79,1.65327
819,222,1968,1980.48,1.60363
820,648,1216,1377.88,1.11569
821,860,723,1123.53,0.90974
822,959,546,1103.54,0.89355
823,1083,374,1145.76,0.92774
824,1211,-3,1211.00,0.98057
825,948,-90,952.26,0.77106
826,502,133,519.32,0.42050
827,406,455,609.80,0.49377
828,527,468,704.81,0.57069
829,632,599,870.76,0.70507
830,255,930,964.33,0.78083
831,86,959,962.85,0.77963
832,402,549,680.44,0.55097
833,884,410,974.45,0.78903
834,966,696,1190.62,0.96406
835,596,1015,1177.05,0.95307
836,420,830,930.22,0.75321
837,556,393,680.87,0.55131
838,722,303,783.00,0.63401
839,533,571,781.11,0.63248
840,348,856,924.03,0.74821
841,367,955,1023.09,0.82841
842,703,796,1061.99,0.85991
843,1157,-69,1159.06,0.93851
844,1221,-599,1360.02,1.10123
845,1258,-267,1286.02,1.04131
# END
# FRAME,122,RX_TS,779128477476,FP_INDEX,749.2031,FP_INT,749,RXPACC,1020,RXPWR,-73.08,FP_PWR,-77.27,STD_NOISE,76.00,NTM,13,NOISE_THRESH,988.00,PEAK_IDX,751,PEAK_AMPL,18651,START,699,elapsed_s,13.2290
sample,real,imag,amplitude,amplitude_norm
699,126,152,197.43,0.19356
700,115,208,237.67,0.23301
701,145,43,151.24,0.14828
702,184,19,184.98,0.18135
703,74,129,148.72,0.14580
704,60,65,88.46,0.08672
705,66,26,70.94,0.06955
706,48,-26,54.59,0.05352
707,24,-73,76.84,0.07534
708,-8,39,39.81,0.03903
709,170,171,241.12,0.23640
710,218,222,311.14,0.30504
711,155,187,242.89,0.23812
712,94,100,137.24,0.13455
713,134,59,146.41,0.14354
714,72,128,146.86,0.14398
715,100,217,238.93,0.23425
716,118,139,182.33,0.17876
717,14,53,54.82,0.05374
718,-12,300,300.24,0.29435
719,-34,479,480.21,0.47079
720,-185,379,421.74,0.41347
721,-12,139,139.52,0.13678
722,155,151,216.39,0.21215
723,-72,227,238.14,0.23348
724,-61,149,161.00,0.15785
725,48,84,96.75,0.09485
726,80,-32,86.16,0.08447
727,240,57,246.68,0.24184
728,288,249,380.72,0.37325
729,203,223,301.56,0.29565
730,165,194,254.68,0.24968
731,143,50,151.49,0.14852
732,110,20,111.80,0.10961
733,107,68,126.78,0.12429
734,149,115,188.22,0.18453
735,160,97,187.11,0.18344
736,156,13,156.54,0.15347
737,71,-41,81.99,0.08038
738,87,135,160.61,0.15746
739,89,298,311.01,0.30491
740,111,307,326.45,0.32005
741,96,172,196.98,0.19311
742,59,72,93.09,0.09126
743,61,155,166.57,0.16331
744,87,210,227.31,0.22285
745,91,164,187.56,0.18388
746,166,64,177.91,0.17442
747,38,94,101.39,0.09940
748,-843,-121,851.64,0.83494
749,-6549,-2330,6951.14,6.81484
750,-15044,-6441,16364.85,16.04397
751,-16411,-8497,18480.26,18.11790
752,-11806,-8217,14384.04,14.10200
753,-1543,-3054,3421.66,3.35457
754,-1424,-1912,2384.01,2.33727
755,-6474,-3136,7193.55,7.05250
756,-3356,386,3378.13,3.31189
757,2855,4528,5352.93,5.24797
758,3730,3461,5088.36,4.98859
759,869,227,898.16,0.88055
760,-196,-290,350.02,0.34316
761,860,1090,1388.42,1.36119
762,1514,1377,2046.54,2.00641
763,1181,408,1249.49,1.22499
764,786,-134,797.34,0.78171
765,1044,378,1110.32,1.08855
766,1254,907,1547.63,1.51729
767,851,931,1261.33,1.23660
768,514,365,630.41,0.61805
769,649,318,722.72,0.70855
770,-8,1098,1098.03,1.07650
771,-2050,1839,2753.98,2.69998
772,-2737,1090,2946.06,2.88829
773,289,-478,558.57,0.54762
774,3511,-782,3597.03,3.52650
775,3086,537,3132.37,3.07095
776,402,1172,1239.03,1.21473
777,-691,639,941.17,0.92272
778,318,188,369.42,0.36217
779,1186,428,1260.86,1.23614
780,1272,755,1479.19,1.45019
781,960,818,1261.24,1.23651
782,626,320,703.05,0.68926
783,670,-43,671.38,0.65821
784,1131,243,1156.81,1.13413
785,1187,758,1408.38,1.38076
786,659,837,1065.29,1.04441
787,154,631,649.52,0.63678
788,77,915,918.23,0.90023
789,386,1411,1462.85,1.43416
790,777,842,1145.73,1.12326
791,1464,-198,1477.33,1.44836
792,2025,-297,2046.66,2.00653
793,1565,290,1591.64,1.56043
794,879,658,1098.00,1.07647
795,915,492,1038.89,1.01852
796,1166,259,1194.42,1.17100
797,867,35,867.71,0.85069
798,306,158,344.38,0.33763
799,39,969,969.78,0.95077
800,-345,1633,1669.05,1.63632
801,-478,1195,1287.05,1.26182
802,323,-14,323.30,0.31696
803,1735,-510,1808.40,1.77295
804,2365,104,2367.29,2.32087
805,1559,833,1767.59,1.73293
806,774,677,1028.30,1.00814
807,832,225,861.89,0.84499
808,1291,207,1307.49,1.28185
809,1292,466,1373.47,1.34654
810,809,492,946.86,0.92829
811,612,467,769.83,0.75473
812,732,793,1079.20,1.05804
813,710,1011,1235.40,1.21118
814,468,353,586.20,0.57471
815,638,-186,664.56,0.65153
816,1270,-226,1289.95,1.26466
817,1477,89,1479.68,1.45067
818,1185,-15,1185.09,1.16186
819,1247,169,1258.40,1.23373
820,1031,949,1401.27,1.37380
821,663,1584,1717.16,1.68349
822,690,1238,1417.30,1.38951
823,768,536,936.55,0.91818
824,886,329,945.11,0.92658
825,939,379,1012.60,0.99275
826,961,118,968.22,0.94923
827,877,-250,911.94,0.89406
828,624,-317,699.90,0.68618
829,424,86,432.63,0.42415
830,361,284,459.32,0.45032
831,553,331,644.49,0.63185
832,586,453,740.68,0.72616
833,469,793,921.31,0.90324
834,264,714,761.24,0.74632
835,549,238,598.37,0.58664
836,859,164,874.52,0.85737
837,852,540,1008.71,0.98894
838,568,680,886.02,0.86864
839,391,522,652.20,0.63941
840,462,150,485.74,0.47622
841,589,133,603.83,0.59199
842,526,358,636.27,0.62379
843,384,570,687.28,0.67381
844,502,642,814.97,0.79899
845,819,326,881.50,0.86421
846,761,-533,929.09,0.91087
847,739,-762,1061.49,1.04068
848,1002,-168,1015.99,0.99606
# END
# FRAME,123,RX_TS,785518268833,FP_INDEX,751.4531,FP_INT,751,RXPACC,1118,RXPWR,-74.19,FP_PWR,-78.39,STD_NOISE,68.00,NTM,13,NOISE_THRESH,884.00,PEAK_IDX,753,PEAK_AMPL,19343,START,701,elapsed_s,13.3911
sample,real,imag,amplitude,amplitude_norm
701,138,138,195.16,0.17456
702,77,146,165.06,0.14764
703,56,74,92.80,0.08301
704,124,129,178.93,0.16005
705,168,71,182.39,0.16314
706,84,95,126.81,0.11343
707,53,191,198.22,0.17730
708,147,180,232.40,0.20787
709,233,254,344.68,0.30830
710,224,272,352.36,0.31517
711,86,126,152.55,0.13645
712,76,-88,116.28,0.10400
713,109,-56,122.54,0.10961
714,130,89,157.55,0.14092
715,116,177,211.62,0.18929
716,118,152,192.43,0.17212
717,177,129,219.02,0.19590
718,239,66,247.95,0.22178
719,357,69,363.61,0.32523
720,518,-93,526.28,0.47074
721,506,-258,567.98,0.50803
722,519,-46,521.03,0.46604
723,366,224,429.11,0.38382
724,262,168,311.24,0.27839
725,373,180,414.16,0.37045
726,202,61,211.01,0.18874
727,156,95,182.65,0.16337
728,180,149,233.67,0.20901
729,229,96,248.31,0.22210
730,181,87,200.82,0.17963
731,57,14,58.69,0.05250
732,35,80,87.32,0.07810
733,25,105,107.94,0.09654
734,24,34,41.62,0.03722
735,-4,168,168.05,0.15031
736,1,183,183.00,0.16369
737,82,191,207.86,0.18592
738,117,203,234.30,0.20957
739,174,267,318.69,0.28506
740,64,244,252.25,0.22563
741,37,137,141.91,0.12693
742,192,-124,228.56,0.20444
743,217,-48,222.25,0.19879
744,66,178,189.84,0.16981
745,23,173,174.52,0.15610
746,-6,58,58.31,0.05216
747,94,38,101.39,0.09069
748,199,113,228.84,0.20469
749,175,218,279.55,0.25005
750,596,564,820.56,0.73395
751,4136,4110,5830.83,5.21541
752,11152,12710,16908.91,15.12425
753,12499,16404,20623.20,18.44651
754,9170,15445,17962.10,16.06628
755,1211,5769,5894.73,5.27257
756,-440,1926,1975.62,1.76710
757,4021,5941,7173.84,6.41667
758,4511,3213,5538.27,4.95373
759,775,-4229,4299.43,3.84564
760,-1490,-5538,5734.94,5.12964
761,-951,-1259,1577.81,1.41128
762,48,648,649.78,0.58119
763,190,-783,805.72,0.72068
764,-415,-1808,1855.02,1.65923
765,-748,-950,1209.13,1.08151
766,-784,7,784.03,0.70128
767,-766,-320,830.15,0.74254
768,-603,-1206,1348.35,1.20604
769,-237,-1180,1203.57,1.07653
770,-69,-543,547.37,0.48959
771,-364,-338,496.73,0.44430
772,287,-775,826.43,0.73921
773,2583,-724,2682.55,2.39942
774,3669,315,3682.50,3.29383
775,683,747,1012.17,0.90534
776,-3144,-363,3164.89,2.83085
777,-3042,-1636,3454.02,3.08946
778,-128,-1213,1219.73,1.09100
779,1232,-118,1237.64,1.10701
780,277,36,279.33,0.24985
781,-782,-555,958.93,0.85772
782,-733,-1062,1290.40,1.15420
783,-474,-995,1102.13,0.98581
784,-249,-453,516.92,0.46236
785,-463,-45,465.18,0.41608
786,-675,-413,791.32,0.70780
787,-732,-1189,1396.26,1.24889
788,-269,-896,935.51,0.83677
789,373,-343,506.73,0.45325
790,569,-646,860.86,0.77000
791,560,-1373,1482.81,1.32631
792,102,-1145,1149.53,1.02821
793,-1200,-269,1229.78,1.09998
794,-1994,-198,2003.81,1.79231
795,-1391,-739,1575.12,1.40887
796,-451,-986,1084.25,0.96981
797,-488,-840,971.46,0.86893
798,-951,-622,1136.35,1.01641
799,-830,-306,884.61,0.79124
800,-123,-105,161.72,0.14465
801,610,-605,859.14,0.76846
802,1274,-1163,1725.01,1.54294
803,1318,-746,1514.48,1.35463
804,294,38,296.45,0.26516
805,-1395,27,1395.26,1.24800
806,-2134,-880,2308.32,2.06469
807,-1309,-1343,1875.40,1.67746
808,-371,-944,1014.29,0.90723
809,-298,-395,494.80,0.44258
810,-696,-414,809.82,0.72435
811,-780,-719,1060.83,0.94886
812,-545,-698,885.57,0.79210
813,-337,-543,639.08,0.57162
814,-229,-856,886.10,0.79258
815,-138,-1175,1183.08,1.05821
816,-73,-576,580.61,0.51933
817,-353,156,385.93,0.34520
818,-1057,146,1067.04,0.95441
819,-1314,-382,1368.40,1.22397
820,-1043,-342,1097.64,0.98179
821,-957,-602,1130.60,1.01127
822,-393,-1198,1260.81,1.12774
823,305,-1626,1654.36,1.47975
824,225,-1478,1495.03,1.33723
825,-289,-920,964.32,0.86254
826,-521,-563,767.08,0.68612
827,-490,-424,647.98,0.57959
828,-657,-268,709.56,0.63467
829,-767,3,767.01,0.68605
830,-662,222,698.23,0.62454
831,-270,47,274.06,0.24513
832,-173,-225,283.82,0.25386
833,-238,-309,390.03,0.34887
834,-231,-357,425.22,0.38034
835,161,-573,595.19,0.53237
836,291,-531,605.51,0.54160
837,-77,-313,322.33,0.28831
838,-455,-225,507.59,0.45402
839,-386,-560,680.14,0.60836
840,-130,-651,663.85,0.59379
841,-77,-445,451.61,0.40395
842,-205,-199,285.70,0.25555
843,-286,-183,339.54,0.30370
844,-180,-364,406.07,0.36321
845,-16,-588,588.22,0.52613
846,-36,-590,591.10,0.52871
847,-365,-488,609.40,0.54508
848,-780,194,803.76,0.71893
849,-1035,547,1170.66,1.04710
850,-857,56,858.83,0.76818
# END
# FRAME,124,RX_TS,791908060194,FP_INDEX,753.0469,FP_INT,753,RXPACC,1026,RXPWR,-72.70,FP_PWR,-76.51,STD_NOISE,116.00,NTM,13,NOISE_THRESH,1508.00,PEAK_IDX,755,PEAK_AMPL,18738,START,703,elapsed_s,13.4719
sample,real,imag,amplitude,amplitude_norm
703,111,94,145.45,0.14177
704,163,106,194.44,0.18951
705,108,128,167.48,0.16323
706,105,78,130.80,0.12749
707,146,-75,164.14,0.15998
708,250,-18,250.65,0.24430
709,260,110,282.31,0.27516
710,158,162,226.29,0.22056
711,178,97,202.71,0.19758
712,174,108,204.79,0.19960
713,95,174,198.24,0.19322
714,-15,160,160.70,0.15663
715,111,74,133.41,0.13002
716,241,30,242.86,0.23671
717,238,118,265.65,0.25891
718,168,107,199.18,0.19413
719,108,42,115.88,0.11294
720,104,22,106.30,0.10361
721,22,-147,148.64,0.14487
722,-201,-104,226.31,0.22058
723,-265,11,265.23,0.25851
724,-161,-60,171.82,0.16746
725,79,-94,122.79,0.11968
726,112,-41,119.27,0.11625
727,109,-52,120.77,0.11771
728,130,-20,131.53,0.12820
729,278,-41,281.01,0.27389
730,212,83,227.67,0.22190
731,64,205,214.76,0.20932
732,28,228,229.71,0.22389
733,64,99,117.89,0.11490
734,65,84,106.21,0.10352
735,128,220,254.53,0.24808
736,148,148,209.30,0.20400
737,156,225,273.79,0.26685
738,143,44,149.62,0.14582
739,99,-8,99.32,0.09681
740,221,3,221.02,0.21542
741,211,77,224.61,0.21892
742,87,112,141.82,0.13823
743,-41,124,130.60,0.12729
744,-62,107,123.66,0.12053
745,90,133,160.59,0.15652
746,202,154,254.01,0.24757
747,179,164,242.77,0.23662
748,162,82,181.57,0.17697
749,180,16,180.71,0.17613
750,154,41,159.36,0.15533
751,170,-4,170.05,0.16574
752,693,-1443,1600.78,1.56021
753,3580,-8358,9092.45,8.86203
754,7448,-15771,17441.25,16.99927
755,9289,-16412,18858.40,18.38051
756,8855,-12513,15329.26,14.94080
757,4500,-4303,6226.22,6.06844
758,2909,-3044,4210.49,4.10379
759,3037,-5426,6218.11,6.06053
760,-705,-2183,2294.02,2.23588
761,-3956,2245,4548.62,4.43335
762,-2337,2233,3232.31,3.15040
763,334,220,399.95,0.38981
764,321,-178,367.05,0.35775
765,-688,436,814.52,0.79388
766,-731,857,1126.41,1.09787
767,131,732,743.63,0.72479
768,508,761,914.98,0.89179
769,-134,1026,1034.71,1.00849
770,-589,921,1093.23,1.06553
771,-374,476,605.35,0.59001
772,73,415,421.37,0.41069
773,-155,474,498.70,0.48606
774,-989,-519,1116.91,1.08860
775,-1433,-2440,2829.68,2.75797
776,-356,-2404,2430.22,2.36863
777,1015,648,1204.21,1.17370
778,803,3292,3388.52,3.30265
779,-427,2269,2308.83,2.25032
780,-761,-225,793.57,0.77346
781,-188,-762,784.85,0.76496
782,135,283,313.55,0.30560
783,-141,913,923.82,0.90041
784,-506,896,1029.01,1.00293
785,-444,761,881.05,0.85873
786,-62,544,547.52,0.53365
787,61,619,622.00,0.60624
788,-165,883,898.28,0.87552
789,-529,948,1085.61,1.05810
790,-353,282,451.81,0.44036
791,-419,-321,527.83,0.51445
792,-861,-167,877.05,0.85482
793,-1186,170,1198.12,1.16776
794,-304,732,792.62,0.77253
795,651,1507,1641.60,1.60000
796,547,1755,1838.27,1.79169
797,-122,1258,1263.90,1.23187
798,-295,752,807.79,0.78732
799,-64,870,872.35,0.85024
800,192,1048,1065.44,1.03844
801,252,619,668.33,0.65139
802,-100,67,120.37,0.11732
803,-961,-416,1047.18,1.02064
804,-1298,-733,1490.67,1.45289
805,-620,-638,889.63,0.86709
806,417,301,514.29,0.50125
807,679,1704,1834.30,1.78782
808,-9,2138,2138.02,2.08384
809,-720,1363,1541.48,1.50242
810,-556,724,912.86,0.88973
811,42,725,726.22,0.70781
812,30,1168,1168.39,1.13878
813,-132,980,988.85,0.96379
814,-213,681,713.53,0.69545
815,-353,715,797.39,0.77719
816,-734,810,1093.09,1.06539
817,-819,663,1053.72,1.02702
818,-123,367,387.06,0.37725
819,367,594,698.23,0.68054
820,505,1228,1327.78,1.29414
821,256,1531,1552.26,1.51292
822,231,1232,1253.47,1.22170
823,-222,930,956.13,0.93190
824,-1083,669,1272.97,1.24071
825,-1579,580,1682.15,1.63953
826,-1047,731,1276.94,1.24458
827,-297,753,809.46,0.78894
828,25,739,739.42,0.72068
829,43,686,687.35,0.66993
830,246,832,867.61,0.84562
831,571,788,973.13,0.94847
832,396,601,719.73,0.70150
833,28,377,378.04,0.36846
834,-77,424,430.94,0.42001
835,4,633,633.01,0.61697
836,-244,523,577.12,0.56249
837,-593,278,654.93,0.63833
838,-489,210,532.19,0.51870
839,-45,563,564.80,0.55048
840,11,766,766.08,0.74667
841,-408,706,815.41,0.79475
842,-544,592,803.99,0.78362
843,-251,594,644.85,0.62851
844,53,599,601.34,0.58610
845,62,624,627.07,0.61118
846,-303,451,543.33,0.52956
847,-557,458,721.12,0.70285
848,-327,608,690.36,0.67286
849,209,789,816.21,0.79553
850,796,764,1103.32,1.07536
851,900,730,1158.84,1.12947
852,337,855,919.02,0.89573
# END
# FRAME,125,RX_TS,798297851526,FP_INDEX,745.9531,FP_INT,745,RXPACC,948,RXPWR,-71.69,FP_PWR,-77.63,STD_NOISE,128.00,NTM,13,NOISE_THRESH,1664.00,PEAK_IDX,748,PEAK_AMPL,17845,START,695,elapsed_s,13.6903
sample,real,imag,amplitude,amplitude_norm
695,96,81,125.61,0.13250
696,132,166,212.08,0.22372
697,121,110,163.53,0.17250
698,70,160,174.64,0.18422
699,189,125,226.60,0.23903
700,320,136,347.70,0.36677
701,350,136,375.49,0.39609
702,234,168,288.06,0.30386
703,117,160,198.21,0.20909
704,242,162,291.22,0.30719
705,236,103,257.50,0.27162
706,134,128,185.31,0.19548
707,-20,195,196.02,0.20678
708,50,119,129.08,0.13616
709,207,82,222.65,0.23486
710,241,129,273.35,0.28835
711,54,110,122.54,0.12926
712,10,103,103.48,0.10916
713,170,26,171.98,0.18141
714,274,-125,301.17,0.31769
715,-8,-276,276.12,0.29126
716,-172,-135,218.65,0.23065
717,74,-53,91.02,0.09601
718,218,10,218.23,0.23020
719,108,40,115.17,0.12149
720,176,-7,176.14,0.18580
721,214,31,216.23,0.22809
722,159,91,183.20,0.19325
723,148,177,230.72,0.24338
724,161,89,183.96,0.19405
725,118,57,131.05,0.13823
726,40,48,62.48,0.06591
727,75,150,167.71,0.17690
728,69,144,159.68,0.16844
729,94,123,154.81,0.16330
730,182,166,246.33,0.25985
731,188,200,274.49,0.28954
732,238,99,257.77,0.27191
733,200,49,205.92,0.21721
734,216,75,228.65,0.24119
735,133,78,154.18,0.16264
736,39,3,39.12,0.04126
737,80,12,80.89,0.08533
738,137,116,179.51,0.18936
739,87,149,172.54,0.18200
740,68,109,128.47,0.13552
741,85,87,121.63,0.12830
742,44,31,53.82,0.05678
743,22,34,40.50,0.04272
744,185,24,186.55,0.19678
745,1892,-839,2069.68,2.18321
746,8613,-4431,9685.95,10.21724
747,15201,-6998,16734.47,17.65239
748,16418,-6159,17535.22,18.49707
749,13177,-3547,13646.04,14.39456
750,5343,-434,5360.60,5.65464
751,4134,-661,4186.51,4.41615
752,5101,-2236,5569.55,5.87505
753,221,-1963,1975.40,2.08376
754,-4082,-606,4126.74,4.35310
755,-2386,342,2410.39,2.54260
756,460,252,524.50,0.55327
757,379,-141,404.38,0.42656
758,-712,-221,745.51,0.78640
759,-850,246,884.88,0.93342
760,-147,732,746.61,0.78757
761,-53,778,779.80,0.82258
762,-754,544,929.76,0.98076
763,-909,187,928.04,0.97894
764,-393,106,407.04,0.42937
765,-142,297,329.20,0.34726
766,-378,217,435.86,0.45977
767,-314,-1209,1249.11,1.31763
768,629,-2755,2825.89,2.98090
769,1312,-1883,2295.00,2.42089
770,386,1238,1296.78,1.36791
771,-1309,2761,3055.59,3.22319
772,-1432,1078,1792.40,1.89072
773,-136,-749,761.25,0.80300
774,416,-596,726.82,0.76669
775,-105,215,239.27,0.25239
776,-726,453,855.74,0.90268
777,-912,306,961.97,1.01473
778,-679,240,720.17,0.75967
779,-122,349,369.71,0.38999
780,-123,489,504.23,0.53189
781,-592,502,776.19,0.81876
782,-840,264,880.51,0.92881
783,-328,-58,333.09,0.35136
784,7,-366,366.07,0.38615
785,-489,-586,763.23,0.80509
786,-908,-621,1100.05,1.16039
787,-508,418,657.87,0.69395
788,-319,1566,1598.16,1.68582
789,-595,1601,1707.99,1.80168
790,-743,836,1118.46,1.17981
791,-626,365,724.64,0.76439
792,-529,611,808.18,0.85252
793,-340,947,1006.19,1.06138
794,-31,633,633.76,0.66852
795,-28,-70,75.39,0.07953
796,-446,-861,969.66,1.02285
797,-344,-1303,1347.64,1.42157
798,178,-758,778.62,0.82133
799,155,620,639.08,0.67414
800,-658,1614,1742.97,1.83858
801,-1258,1263,1782.62,1.88040
802,-1066,447,1155.93,1.21933
803,-550,191,582.22,0.61416
804,-359,570,673.63,0.71058
805,-619,799,1010.72,1.06616
806,-605,609,858.43,0.90552
807,-412,314,518.02,0.54643
808,-579,145,596.88,0.62962
809,-815,-91,820.06,0.86505
810,-774,-95,779.81,0.82258
811,-138,198,241.35,0.25458
812,29,681,681.62,0.71901
813,-324,1143,1188.03,1.25320
814,-685,1156,1343.71,1.41742
815,-550,964,1109.86,1.17074
816,-650,602,885.95,0.93454
817,-1037,-157,1048.82,1.10635
818,-1257,-385,1314.64,1.38675
819,-840,-63,842.36,0.88856
820,-514,376,636.85,0.67178
821,-413,461,618.94,0.65289
822,-361,582,684.87,0.72244
823,-299,851,902.00,0.95148
824,-24,901,901.32,0.95076
825,-32,586,586.87,0.61906
826,-214,234,317.10,0.33449
827,-330,299,445.31,0.46974
828,-312,443,541.84,0.57156
829,-367,201,418.44,0.44139
830,-499,-132,516.16,0.54448
831,-410,-133,431.03,0.45468
832,-350,254,432.45,0.45617
833,-429,434,610.24,0.64372
834,-596,316,674.59,0.71159
835,-616,98,623.75,0.65796
836,-320,256,409.80,0.43228
837,-210,507,548.77,0.57887
838,-291,437,525.02,0.55382
839,-474,110,486.60,0.51329
840,-564,4,564.01,0.59495
841,-600,276,660.44,0.69666
842,-356,615,710.61,0.74958
843,152,925,937.41,0.98882
844,119,947,954.45,1.00680
# END
# FRAME,126,RX_TS,804687642820,FP_INDEX,746.9531,FP_INT,746,RXPACC,933,RXPWR,-72.82,FP_PWR,-77.65,STD_NOISE,160.00,NTM,13,NOISE_THRESH,2080.00,PEAK_IDX,749,PEAK_AMPL,17315,START,696,elapsed_s,13.7956
sample,real,imag,amplitude,amplitude_norm
696,-4,112,112.07,0.12012
697,4,173,173.05,0.18547
698,173,187,254.75,0.27304
699,260,97,277.50,0.29743
700,135,32,138.74,0.14870
701,18,58,60.73,0.06509
702,90,77,118.44,0.12695
703,87,99,131.80,0.14126
704,119,-5,119.10,0.12766
705,166,-10,166.30,0.17824
706,231,28,232.69,0.24940
707,223,175,283.47,0.30382
708,21,267,267.82,0.28706
709,-71,139,156.08,0.16729
710,-71,28,76.32,0.08180
711,94,80,123.43,0.13230
712,98,106,144.36,0.15473
713,12,133,133.54,0.14313
714,80,83,115.28,0.12356
715,-60,38,71.02,0.07612
716,-281,137,312.62,0.33507
717,-414,218,467.89,0.50149
718,-217,-23,218.22,0.23389
719,98,-6,98.18,0.10523
720,25,50,55.90,0.05992
721,-114,-5,114.11,0.12230
722,-48,63,79.20,0.08489
723,121,124,173.25,0.18570
724,210,110,237.07,0.25409
725,156,58,166.43,0.17838
726,-30,112,115.95,0.12427
727,-5,143,143.09,0.15336
728,89,253,268.20,0.28746
729,126,211,245.76,0.26341
730,98,106,144.36,0.15473
731,153,77,171.28,0.18358
732,208,133,246.89,0.26462
733,94,111,145.45,0.15590
734,60,27,65.80,0.07052
735,34,-13,36.40,0.03901
736,9,117,117.35,0.12577
737,5,276,276.05,0.29587
738,34,197,199.91,0.21427
739,113,75,135.62,0.14536
740,121,-42,128.08,0.13728
741,91,141,167.82,0.17987
742,14,314,314.31,0.33688
743,63,182,192.60,0.20643
744,50,49,70.01,0.07503
745,-34,13,36.40,0.03901
746,-629,-1353,1492.06,1.59921
747,-3073,-8610,9141.96,9.79846
748,-4594,-15610,16271.97,17.44048
749,-3343,-16418,16754.89,17.95808
750,-420,-10265,10273.59,11.01135
751,1550,-755,1724.10,1.84791
752,169,-2748,2753.19,2.95090
753,-1651,-5844,6072.74,6.50883
754,-1929,-454,1981.71,2.12401
755,-992,4759,4861.29,5.21039
756,181,3266,3271.01,3.50591
757,391,-12,391.18,0.41928
758,-87,-175,195.43,0.20947
759,-306,1470,1501.51,1.60934
760,224,1725,1739.48,1.86440
761,759,853,1141.79,1.22379
762,743,597,953.13,1.02158
763,408,1076,1150.76,1.23339
764,110,1427,1431.23,1.53401
765,17,905,905.16,0.97016
766,311,595,671.38,0.71959
767,232,751,786.02,0.84246
768,-1063,480,1166.35,1.25011
769,-2635,-679,2721.08,2.91648
770,-1642,-1287,2086.27,2.23609
771,1390,347,1432.66,1.53554
772,2594,2331,3487.46,3.73790
773,814,2106,2257.84,2.41998
774,-842,454,956.60,1.02529
775,-557,-223,599.98,0.64307
776,322,494,589.68,0.63202
777,459,1214,1297.87,1.39108
778,161,1310,1319.86,1.41464
779,99,1055,1059.63,1.13573
780,313,520,606.93,0.65052
781,540,509,742.08,0.79537
782,504,1095,1205.42,1.29198
783,237,1226,1248.70,1.33837
784,-94,616,623.13,0.66788
785,-302,363,472.20,0.50611
786,-564,775,958.50,1.02733
787,-617,1111,1270.83,1.36209
788,276,914,954.76,1.02333
789,1444,842,1671.56,1.79159
790,1617,1221,2026.21,2.17172
791,785,1296,1515.20,1.62401
792,223,979,1004.08,1.07618
793,459,820,939.72,1.00721
794,757,795,1097.76,1.17659
795,547,470,721.19,0.77298
796,-87,362,372.31,0.39904
797,-912,619,1102.23,1.18138
798,-1283,532,1388.93,1.48867
799,-615,110,624.76,0.66962
800,784,173,802.86,0.86052
801,1648,1108,1985.84,2.12845
802,1156,1827,2162.00,2.31726
803,260,1437,1460.33,1.56520
804,34,764,764.76,0.81967
805,482,738,881.46,0.94476
806,580,985,1143.08,1.22516
807,306,968,1015.21,1.08812
808,156,768,783.68,0.83996
809,74,869,872.15,0.93477
810,-115,1050,1056.28,1.13213
811,-226,871,899.84,0.96446
812,151,398,425.68,0.45625
813,693,379,789.87,0.84659
814,1014,983,1412.26,1.51368
815,831,1185,1447.34,1.55127
816,736,897,1160.30,1.24363
817,472,997,1103.08,1.18230
818,-251,1219,1244.57,1.33395
819,-583,1370,1488.89,1.59581
820,-168,1066,1079.16,1.15665
821,327,762,829.20,0.88875
822,433,728,847.04,0.90786
823,536,768,936.55,1.00380
824,799,543,966.05,1.03542
825,839,252,876.03,0.93894
826,546,235,594.42,0.63711
827,216,407,460.77,0.49385
828,213,590,627.27,0.67232
829,289,548,619.54,0.66403
830,74,583,587.68,0.62988
831,-248,637,683.57,0.73266
832,-90,496,504.10,0.54030
833,308,484,573.69,0.61489
834,384,734,828.38,0.88787
835,87,896,900.21,0.96486
836,-153,801,815.48,0.87404
837,69,570,574.16,0.61539
838,415,389,568.81,0.60966
839,294,501,580.89,0.62261
840,-21,729,729.30,0.78167
841,-61,763,765.43,0.82040
842,112,764,772.17,0.82762
843,600,569,826.90,0.88628
844,954,148,965.41,1.03474
845,904,181,921.94,0.98815
# END
# FRAME,127,RX_TS,811077434092,FP_INDEX,747.6719,FP_INT,747,RXPACC,1206,RXPWR,-75.16,FP_PWR,-80.08,STD_NOISE,80.00,NTM,13,NOISE_THRESH,1040.00,PEAK_IDX,750,PEAK_AMPL,19685,START,697,elapsed_s,13.8583
sample,real,imag,amplitude,amplitude_norm
697,19,162,163.11,0.13525
698,123,36,128.16,0.10627
699,192,148,242.42,0.20101
700,87,125,152.30,0.12628
701,101,150,180.83,0.14995
702,89,20,91.22,0.07564
703,148,8,148.22,0.12290
704,121,80,145.06,0.12028
705,100,-58,115.60,0.09586
706,56,-145,155.44,0.12889
707,160,-56,169.52,0.14056
708,237,191,304.38,0.25239
709,137,260,293.89,0.24369
710,170,109,201.94,0.16745
711,151,9,151.27,0.12543
712,125,-6,125.14,0.10377
713,59,169,179.00,0.14843
714,35,189,192.21,0.15938
715,11,118,118.51,0.09827
716,-127,202,238.61,0.19785
717,-249,506,563.95,0.46762
718,-336,506,607.40,0.50365
719,-258,158,302.54,0.25086
720,92,95,132.25,0.10966
721,26,56,61.74,0.05120
722,-136,175,221.63,0.18377
723,36,250,252.58,0.20944
724,68,160,173.85,0.14415
725,91,168,191.06,0.15843
726,100,203,226.29,0.18764
727,169,286,332.20,0.27546
728,152,178,234.07,0.19409
729,220,202,298.67,0.24765
730,155,198,251.45,0.20850
731,126,18,127.28,0.10554
732,110,16,111.16,0.09217
733,99,80,127.28,0.10554
734,102,102,144.25,0.11961
735,30,0,30.00,0.02488
736,70,-73,101.14,0.08386
737,228,103,250.19,0.20745
738,199,297,357.51,0.29644
739,30,238,239.88,0.19891
740,38,92,99.54,0.08254
741,92,56,107.70,0.08931
742,114,210,238.95,0.19813
743,146,152,210.76,0.17476
744,110,156,190.88,0.15828
745,87,82,119.55,0.09913
746,-216,-110,242.40,0.20099
747,-2752,-2222,3537.06,2.93288
748,-10999,-10020,14878.79,12.33731
749,-14961,-15517,21554.79,17.87296
750,-12775,-16398,20786.90,17.23623
751,-4070,-9075,9945.88,8.24700
752,1687,-1588,2316.83,1.92109
753,-2655,-4448,5180.13,4.29530
754,-5492,-4373,7020.34,5.82118
755,-1476,2866,3223.75,2.67309
756,2249,6153,6551.14,5.43212
757,1935,2554,3204.24,2.65691
758,201,-441,484.65,0.40186
759,-294,632,697.04,0.57797
760,507,2091,2151.59,1.78407
761,1256,1527,1977.19,1.63946
762,1204,425,1276.81,1.05871
763,1036,472,1138.46,0.94399
764,880,1343,1605.63,1.33137
765,580,1652,1750.86,1.45179
766,442,919,1019.77,0.84558
767,743,532,913.82,0.75773
768,512,829,974.36,0.80793
769,-1644,1262,2072.53,1.71852
770,-3728,616,3778.55,3.13313
771,-1716,-491,1784.86,1.47999
772,2685,-80,2686.19,2.22736
773,4045,1435,4292.00,3.55887
774,1252,1841,2226.38,1.84609
775,-994,842,1302.69,1.08017
776,-443,136,463.41,0.38425
777,868,556,1030.81,0.85473
778,1146,1286,1722.53,1.42830
779,868,1595,1815.89,1.50571
780,520,1080,1198.67,0.99392
781,618,392,731.84,0.60683
782,771,496,916.76,0.76017
783,1054,1155,1563.63,1.29654
784,696,1177,1367.39,1.13382
785,152,755,770.15,0.63860
786,-186,960,977.85,0.81082
787,-327,1664,1695.83,1.40616
788,66,1562,1563.39,1.29635
789,1266,588,1395.89,1.15745
790,2566,261,2579.24,2.13867
791,2365,750,2481.07,2.05727
792,1216,1064,1615.78,1.33979
793,654,869,1087.60,0.90183
794,1157,693,1348.67,1.11830
795,1297,429,1366.11,1.13276
796,822,158,837.05,0.69407
797,6,716,716.03,0.59372
798,-790,1492,1688.24,1.39987
799,-1136,1335,1752.92,1.45350
800,-390,277,478.36,0.39665
801,1384,-102,1387.75,1.15071
802,2650,789,2764.96,2.29267
803,2180,1687,2756.51,2.28567
804,962,1431,1724.30,1.42977
805,523,731,898.83,0.74530
806,1040,482,1146.27,0.95047
807,1281,826,1524.22,1.26386
808,1026,935,1388.13,1.15102
809,674,826,1066.09,0.88399
810,539,1046,1176.71,0.97571
811,507,1400,1488.98,1.23464
812,339,932,991.74,0.82234
813,599,90,605.72,0.50226
814,1205,-94,1208.66,1.00221
815,1712,568,1803.76,1.49566
816,1520,619,1641.21,1.36087
817,1377,531,1475.84,1.22374
818,1050,982,1437.65,1.19208
819,258,1783,1801.57,1.49384
820,10,1936,1936.03,1.60533
821,465,1267,1349.63,1.11910
822,740,768,1066.50,0.88433
823,714,601,933.27,0.77386
824,882,417,975.61,0.80896
825,1119,129,1126.41,0.93401
826,1071,-110,1076.63,0.89273
827,542,145,561.06,0.46522
828,289,502,579.25,0.48030
829,474,637,794.01,0.65838
830,627,515,811.39,0.67279
831,409,823,919.03,0.76205
832,101,983,988.18,0.81938
833,272,739,787.47,0.65296
834,643,571,859.94,0.71305
835,778,808,1121.67,0.93008
836,573,1096,1236.75,1.02550
837,215,887,912.69,0.75679
838,409,435,597.08,0.49509
839,683,308,749.23,0.62126
840,548,599,811.85,0.67318
841,397,875,960.85,0.79673
842,362,972,1037.22,0.86005
843,626,800,1015.81,0.84230
844,1078,101,1082.72,0.89778
845,1214,-529,1324.25,1.09805
846,1204,-253,1230.29,1.02014
# END
# FRAME,128,RX_TS,817467225368,FP_INDEX,748.2656,FP_INT,748,RXPACC,916,RXPWR,-72.87,FP_PWR,-76.34,STD_NOISE,152.00,NTM,13,NOISE_THRESH,1976.00,PEAK_IDX,750,PEAK_AMPL,17191,START,698,elapsed_s,14.0872
sample,real,imag,amplitude,amplitude_norm
698,68,117,135.33,0.14774
699,129,113,171.49,0.18722
700,227,175,286.63,0.31291
701,168,73,183.17,0.19997
702,16,55,57.28,0.06253
703,83,94,125.40,0.13690
704,114,81,139.85,0.15267
705,249,97,267.23,0.29173
706,178,26,179.89,0.19639
707,86,-27,90.14,0.09840
708,52,107,118.97,0.12988
709,43,268,271.43,0.29632
710,75,199,212.66,0.23217
711,77,75,107.49,0.11735
712,79,29,84.15,0.09187
713,83,23,86.13,0.09403
714,86,63,106.61,0.11638
715,74,93,118.85,0.12975
716,-87,54,102.40,0.11179
717,-283,155,322.67,0.35226
718,-323,262,415.90,0.45404
719,-146,113,184.62,0.20155
720,47,21,51.48,0.05620
721,88,46,99.30,0.10840
722,-40,19,44.28,0.04834
723,-4,65,65.12,0.07109
724,41,139,144.92,0.15821
725,129,116,173.48,0.18939
726,130,142,192.52,0.21017
727,29,200,202.09,0.22062
728,12,217,217.33,0.23726
729,124,131,180.38,0.19692
730,125,192,229.10,0.25011
731,187,84,205.00,0.22380
732,148,50,156.22,0.17054
733,127,11,127.48,0.13917
734,154,87,176.88,0.19310
735,70,-24,74.00,0.08079
736,149,2,149.01,0.16268
737,166,36,169.86,0.18544
738,82,244,257.41,0.28102
739,32,248,250.06,0.27299
740,114,163,198.91,0.21715
741,164,106,195.27,0.21318
742,183,106,211.48,0.23088
743,115,202,232.44,0.25376
744,95,146,174.19,0.19016
745,109,51,120.34,0.13138
746,33,46,56.61,0.06180
747,-243,-585,633.46,0.69155
748,-1704,-5522,5778.94,6.30888
749,-3582,-14053,14502.33,15.83224
750,-2831,-16412,16654.38,18.18163
751,-408,-13524,13530.15,14.77091
752,2076,-3155,3776.74,4.12308
753,1572,-1179,1965.00,2.14520
754,-740,-5472,5521.81,6.02818
755,-2385,-2795,3674.27,4.01121
756,-1897,3610,4078.08,4.45205
757,-221,4291,4296.69,4.69071
758,609,923,1105.81,1.20721
759,2,-444,444.00,0.48472
760,-504,766,916.94,1.00102
761,-41,1700,1700.49,1.85643
762,657,1126,1303.66,1.42321
763,705,628,944.14,1.03073
764,343,872,937.03,1.02296
765,-31,1295,1295.37,1.41416
766,-91,1022,1026.04,1.12013
767,129,594,607.85,0.66359
768,265,648,700.09,0.76429
769,-579,650,870.48,0.95031
770,-2230,-378,2261.81,2.46922
771,-2205,-1452,2640.14,2.88225
772,402,-287,493.94,0.53923
773,2370,1895,3034.46,3.31273
774,1317,2279,2632.17,2.87355
775,-561,827,999.32,1.09097
776,-789,-170,807.11,0.88112
777,138,224,263.10,0.28722
778,478,982,1092.16,1.19231
779,154,1210,1219.76,1.33162
780,60,1162,1163.55,1.27025
781,223,663,699.50,0.76364
782,441,437,620.85,0.67778
783,375,826,907.14,0.99033
784,226,1260,1280.11,1.39750
785,-45,897,898.13,0.98049
786,-308,429,528.11,0.57654
787,-636,602,875.73,0.95604
788,-773,1144,1380.68,1.50729
789,-170,1011,1025.19,1.11921
790,1106,841,1389.43,1.51685
791,1679,1108,2011.64,2.19612
792,936,1263,1572.03,1.71619
793,173,1077,1090.81,1.19084
794,311,889,941.83,1.02820
795,785,906,1198.77,1.30871
796,765,630,991.02,1.08190
797,308,328,449.94,0.49120
798,-561,550,785.63,0.85768
799,-1203,605,1346.56,1.47005
800,-926,225,952.94,1.04033
801,268,92,283.35,0.30934
802,1396,887,1653.96,1.80563
803,1309,1841,2258.93,2.46608
804,458,1736,1795.40,1.96004
805,62,939,941.04,1.02734
806,366,565,673.19,0.73492
807,623,793,1008.45,1.10093
808,369,1033,1096.93,1.19752
809,168,823,839.97,0.91700
810,132,809,819.70,0.89487
811,-45,1061,1061.95,1.15934
812,-127,1066,1073.54,1.17199
813,115,553,564.83,0.61663
814,618,319,695.47,0.75925
815,966,726,1208.40,1.31921
816,885,1276,1552.87,1.69527
817,816,1046,1326.64,1.44830
818,681,1022,1228.11,1.34073
819,-163,1221,1231.83,1.34479
820,-711,1394,1564.85,1.70835
821,-410,1151,1221.84,1.33389
822,72,892,894.90,0.97697
823,226,714,748.91,0.81759
824,391,700,801.80,0.87533
825,596,670,896.73,0.97896
826,842,458,958.50,1.04640
827,628,376,731.96,0.79908
828,210,505,546.92,0.59708
829,51,495,497.62,0.54325
830,298,510,590.68,0.64485
831,215,662,696.04,0.75987
832,-143,698,712.50,0.77784
833,-365,578,683.60,0.74629
834,14,442,442.22,0.48277
835,436,634,769.45,0.84001
836,214,811,838.76,0.91568
837,-156,728,744.53,0.81280
838,-64,554,557.68,0.60883
839,287,527,600.08,0.65511
840,351,501,611.72,0.66782
841,128,570,584.20,0.63777
842,-150,739,754.07,0.82322
843,-22,830,830.29,0.90643
844,326,762,828.81,0.90481
845,906,247,939.07,1.02518
846,1095,90,1098.69,1.19945
847,742,512,901.50,0.98417
# END
# FRAME,129,RX_TS,823857017130,FP_INDEX,748.6094,FP_INT,748,RXPACC,1111,RXPWR,-74.45,FP_PWR,-78.72,STD_NOISE,64.00,NTM,13,NOISE_THRESH,832.00,PEAK_IDX,750,PEAK_AMPL,19397,START,698,elapsed_s,14.1493
sample,real,imag,amplitude,amplitude_norm
698,124,48,132.97,0.11968
699,68,190,201.80,0.18164
700,58,270,276.16,0.24857
701,75,152,169.50,0.15256
702,166,104,195.89,0.17632
703,215,77,228.37,0.20556
704,215,106,239.71,0.21576
705,96,157,184.02,0.16564
706,124,110,165.76,0.14920
707,274,130,303.28,0.27298
708,177,196,264.09,0.23771
709,-40,288,290.76,0.26171
710,-3,186,186.02,0.16744
711,178,187,258.17,0.23238
712,246,155,290.76,0.26171
713,170,187,252.72,0.22747
714,38,232,235.09,0.21160
715,93,132,161.47,0.14534
716,155,-5,155.08,0.13959
717,6,-52,52.35,0.04712
718,-299,-119,321.81,0.28966
719,-245,-149,286.75,0.25810
720,116,-140,181.81,0.16365
721,158,15,158.71,0.14285
722,113,-85,141.40,0.12727
723,136,-179,224.80,0.20234
724,76,-70,103.32,0.09300
725,80,75,109.66,0.09870
726,113,149,187.00,0.16832
727,0,163,163.00,0.14671
728,18,197,197.82,0.17806
729,74,126,146.12,0.13152
730,98,122,156.49,0.14085
731,82,159,178.90,0.16103
732,127,202,238.61,0.21477
733,189,153,243.17,0.21887
734,183,157,241.12,0.21703
735,58,245,251.77,0.22662
736,171,131,215.41,0.19389
737,189,6,189.10,0.17020
738,57,94,109.93,0.09895
739,-147,240,281.44,0.25332
740,-38,152,156.68,0.14102
741,113,122,166.29,0.14968
742,233,169,287.84,0.25908
743,22,239,240.01,0.21603
744,-25,155,157.00,0.14132
745,117,85,144.62,0.13017
746,147,121,190.39,0.17137
747,265,-187,324.34,0.29193
748,1884,-3170,3687.59,3.31917
749,7618,-12223,14402.63,12.96366
750,11626,-16399,20102.02,18.09363
751,12623,-14245,19033.13,17.13153
752,7265,-4711,8658.74,7.79364
753,1847,1563,2419.58,2.17784
754,3692,-3242,4913.39,4.42250
755,2872,-5890,6552.90,5.89820
756,-2760,-952,2919.57,2.62788
757,-4716,3041,5611.45,5.05081
758,-1416,2139,2565.22,2.30893
759,604,7,604.04,0.54369
760,-415,-214,466.93,0.42028
761,-1398,882,1652.98,1.48783
762,-784,1555,1741.46,1.56747
763,118,1299,1304.35,1.17403
764,-126,1003,1010.88,0.90989
765,-968,956,1360.50,1.22457
766,-1064,881,1381.40,1.24338
767,-489,576,755.58,0.68009
768,-55,683,685.21,0.61675
769,-626,420,753.84,0.67852
770,-1370,-1360,1930.41,1.73755
771,-1020,-3244,3400.58,3.06083
772,376,-1430,1478.61,1.33088
773,776,2576,2690.34,2.42155
774,-279,3928,3937.90,3.54446
775,-1153,1190,1656.96,1.49141
776,-679,-875,1107.55,0.99689
777,-41,-317,319.64,0.28771
778,-81,935,938.50,0.84474
779,-625,1228,1377.90,1.24023
780,-946,1020,1391.16,1.25217
781,-556,814,985.76,0.88728
782,23,702,702.38,0.63220
783,-52,823,824.64,0.74225
784,-784,1179,1415.87,1.27441
785,-753,881,1158.95,1.04316
786,-425,255,495.63,0.44611
787,-630,111,639.70,0.57579
788,-1373,133,1379.43,1.24161
789,-1331,339,1373.49,1.23627
790,-72,1193,1195.17,1.07576
791,607,2316,2394.22,2.15502
792,11,2253,2253.03,2.02793
793,-540,1175,1293.15,1.16395
794,-452,850,962.71,0.86652
795,-140,1184,1192.25,1.07313
796,168,1235,1246.37,1.12185
797,179,662,685.77,0.61726
798,-518,82,524.45,0.47205
799,-1252,-390,1311.34,1.18032
800,-1066,-755,1306.29,1.17577
801,-52,-139,148.41,0.13358
802,453,1248,1327.67,1.19502
803,-196,2486,2493.71,2.24457
804,-993,2266,2474.03,2.22685
805,-843,1215,1478.81,1.33106
806,-266,689,738.56,0.66477
807,-133,893,902.85,0.81265
808,-365,1273,1324.29,1.19198
809,-403,1085,1157.43,1.04179
810,-286,838,885.46,0.79699
811,-642,735,975.90,0.87840
812,-1115,661,1296.20,1.16670
813,-604,512,791.81,0.71270
814,155,600,619.70,0.55778
815,460,1181,1267.42,1.14079
816,-111,1762,1765.49,1.58910
817,-254,1554,1574.62,1.41730
818,-183,1412,1423.81,1.28156
819,-636,1180,1340.48,1.20656
820,-1386,529,1483.52,1.33530
821,-1467,449,1534.17,1.38089
822,-710,697,994.94,0.89554
823,-150,808,821.81,0.73970
824,-79,793,796.93,0.71730
825,-63,967,969.05,0.87223
826,235,1090,1115.04,1.00364
827,471,896,1012.25,0.91112
828,203,642,673.33,0.60606
829,-140,425,447.47,0.40276
830,-117,523,535.93,0.48238
831,-143,627,643.10,0.57885
832,-483,515,706.06,0.63551
833,-735,276,785.11,0.70667
834,-425,324,534.42,0.48102
835,-145,658,673.79,0.60647
836,-335,828,893.20,0.80396
837,-666,614,905.84,0.81534
838,-567,495,752.67,0.67747
839,-188,524,556.70,0.50108
840,71,651,654.86,0.58943
841,-170,581,605.36,0.54488
842,-412,528,669.72,0.60281
843,-514,423,665.68,0.59917
844,-332,585,672.64,0.60544
845,214,899,924.12,0.83179
846,847,978,1293.79,1.16453
847,632,1065,1238.41,1.11468
# END
# FRAME,130,RX_TS,830246808355,FP_INDEX,748.9219,FP_INT,748,RXPACC,950,RXPWR,-72.52,FP_PWR,-77.44,STD_NOISE,72.00,NTM,13,NOISE_THRESH,936.00,PEAK_IDX,751,PEAK_AMPL,17727,START,698,elapsed_s,14.2039
sample,real,imag,amplitude,amplitude_norm
698,49,128,137.06,0.14427
699,110,203,230.89,0.24304
700,167,198,259.02,0.27266
701,187,113,218.49,0.22999
702,24,73,76.84,0.08089
703,-51,115,125.80,0.13242
704,81,165,183.81,0.19348
705,145,126,192.10,0.20221
706,73,57,92.62,0.09749
707,-55,48,73.00,0.07684
708,-19,38,42.49,0.04472
709,145,102,177.28,0.18661
710,167,144,220.51,0.23212
711,81,22,83.93,0.08835
712,-68,62,92.02,0.09686
713,-62,140,153.11,0.16117
714,101,133,167.00,0.17579
715,137,104,172.00,0.18106
716,99,255,273.54,0.28794
717,120,406,423.36,0.44564
718,246,524,578.87,0.60934
719,358,490,606.85,0.63879
720,79,320,329.61,0.34696
721,6,163,163.11,0.17170
722,86,156,178.13,0.18751
723,9,356,356.11,0.37486
724,37,241,243.82,0.25666
725,58,149,159.89,0.16831
726,32,145,148.49,0.15630
727,231,117,258.94,0.27257
728,294,93,308.36,0.32459
729,218,12,218.33,0.22982
730,159,111,193.91,0.20412
731,150,132,199.81,0.21033
732,124,93,155.00,0.16316
733,104,32,108.81,0.11454
734,40,11,41.48,0.04367
735,41,90,98.90,0.10410
736,29,90,94.56,0.09953
737,77,95,122.29,0.12872
738,116,71,136.00,0.14316
739,253,124,281.75,0.29658
740,238,203,312.81,0.32928
741,82,164,183.36,0.19301
742,-41,-32,52.01,0.05475
743,67,38,77.03,0.08108
744,232,136,268.92,0.28308
745,149,206,254.24,0.26762
746,73,151,167.72,0.17655
747,17,146,146.99,0.15472
748,-1522,986,1813.47,1.90892
749,-8790,4325,9796.41,10.31201
750,-15500,6349,16749.92,17.63149
751,-16414,5040,17170.35,18.07405
752,-10353,1204,10422.77,10.97134
753,-883,-1728,1940.53,2.04267
754,-2584,221,2593.43,2.72993
755,-5416,2934,6159.66,6.48385
756,-192,2639,2645.98,2.78524
757,4836,799,4901.56,5.15954
758,3193,-394,3217.22,3.38654
759,-17,-81,82.76,0.08712
760,-166,494,521.14,0.54857
761,1349,323,1387.13,1.46014
762,1690,-250,1708.39,1.79831
763,974,-601,1144.50,1.20474
764,626,-449,770.37,0.81092
765,1080,-129,1087.68,1.14492
766,1283,195,1297.73,1.36604
767,914,156,927.22,0.97602
768,699,-156,716.20,0.75389
769,768,-160,784.49,0.82578
770,588,1344,1467.00,1.54421
771,-484,3126,3163.25,3.32973
772,-1020,2061,2299.59,2.42062
773,330,-1301,1342.20,1.41284
774,2004,-2597,3280.31,3.45296
775,1820,-656,1934.62,2.03644
776,380,1108,1171.35,1.23300
777,-234,671,710.63,0.74803
778,451,-308,546.14,0.57488
779,1198,-381,1257.13,1.32329
780,1343,-26,1343.25,1.41395
781,1024,-26,1024.33,1.07824
782,492,-180,523.89,0.55147
783,428,-331,541.06,0.56954
784,964,-266,1000.03,1.05266
785,1088,-45,1088.93,1.14624
786,623,154,641.75,0.67553
787,572,369,680.69,0.71652
788,995,808,1281.75,1.34921
789,1233,880,1514.82,1.59455
790,914,-86,918.04,0.96635
791,834,-1322,1563.09,1.64535
792,1088,-1362,1743.21,1.83496
793,1120,-493,1223.70,1.28811
794,878,-37,878.78,0.92503
795,902,-432,1000.11,1.05275
796,694,-726,1004.35,1.05721
797,353,-429,555.56,0.58480
798,433,258,504.04,0.53056
799,781,948,1228.28,1.29292
800,680,1205,1383.63,1.45645
801,229,570,614.28,0.64661
802,232,-590,633.97,0.66734
803,1210,-1461,1897.00,1.99685
804,1839,-1109,2147.51,2.26054
805,1502,-279,1527.69,1.60810
806,814,-112,821.67,0.86491
807,716,-331,788.81,0.83032
808,912,-416,1002.40,1.05515
809,948,-263,983.81,1.03558
810,846,-126,855.33,0.90035
811,877,16,877.15,0.92331
812,970,147,981.08,1.03271
813,656,196,684.65,0.72069
814,277,-180,330.35,0.34773
815,304,-608,679.76,0.71554
816,982,-974,1383.11,1.45591
817,1152,-750,1374.63,1.44698
818,928,-672,1145.76,1.20606
819,1131,-386,1195.06,1.25795
820,1319,444,1391.72,1.46497
821,1433,773,1628.19,1.71389
822,1078,275,1112.52,1.17108
823,800,-146,813.21,0.85601
824,673,-297,735.62,0.77434
825,646,-331,725.86,0.76407
826,484,-592,764.67,0.80492
827,343,-726,802.95,0.84521
828,352,-492,604.95,0.63679
829,487,-100,497.16,0.52333
830,576,-88,582.68,0.61335
831,621,-153,639.57,0.67323
832,673,71,676.73,0.71235
833,785,465,912.39,0.96041
834,635,405,753.16,0.79280
835,596,-103,604.83,0.63667
836,698,-194,724.46,0.76259
837,756,156,771.93,0.81256
838,691,237,730.51,0.76896
839,616,-16,616.21,0.64864
840,523,-277,591.83,0.62297
841,552,-111,563.05,0.59268
842,737,152,752.51,0.79212
843,850,318,907.54,0.95530
844,815,109,822.26,0.86553
845,500,-442,667.36,0.70248
846,28,-818,818.48,0.86156
847,127,-732,742.94,0.78204
# END
# FRAME,131,RX_TS,836636599571,FP_INDEX,748.4687,FP_INT,748,RXPACC,1073,RXPWR,-73.71,FP_PWR,-77.50,STD_NOISE,80.00,NTM,13,NOISE_THRESH,1040.00,PEAK_IDX,750,PEAK_AMPL,19158,START,698,elapsed_s,14.3706
sample,real,imag,amplitude,amplitude_norm
698,174,75,189.48,0.17658
699,159,99,187.30,0.17456
700,118,103,156.63,0.14597
701,116,123,169.07,0.15757
702,63,159,171.03,0.15939
703,8,59,59.54,0.05549
704,-8,32,32.98,0.03074
705,73,48,87.37,0.08142
706,68,145,160.15,0.14926
707,-7,178,178.14,0.16602
708,96,97,136.47,0.12719
709,315,80,325.00,0.30289
710,233,133,268.29,0.25003
711,-16,165,165.77,0.15450
712,-78,146,165.53,0.15427
713,-9,177,177.23,0.16517
714,128,88,155.33,0.14476
715,190,185,265.19,0.24715
716,195,332,385.03,0.35884
717,324,394,510.11,0.47541
718,436,363,567.33,0.52873
719,309,372,483.60,0.45070
720,80,254,266.30,0.24818
721,210,104,234.34,0.21840
722,134,260,292.50,0.27260
723,65,360,365.82,0.34093
724,37,271,273.51,0.25491
725,61,215,223.49,0.20828
726,125,102,161.34,0.15036
727,256,59,262.71,0.24484
728,127,75,147.49,0.13746
729,-18,132,133.22,0.12416
730,97,127,159.81,0.14893
731,141,44,147.71,0.13766
732,67,-17,69.12,0.06442
733,71,98,121.02,0.11278
734,50,95,107.35,0.10005
735,103,127,163.52,0.15239
736,76,175,190.79,0.17781
737,99,129,162.61,0.15155
738,238,2,238.01,0.22182
739,267,77,277.88,0.25898
740,173,208,270.54,0.25214
741,4,183,183.04,0.17059
742,124,106,163.13,0.15203
743,187,13,187.45,0.17470
744,196,47,201.56,0.18784
745,225,55,231.62,0.21587
746,163,133,210.38,0.19606
747,-197,478,517.00,0.48183
748,-3857,3605,5279.44,4.92026
749,-12633,9724,15942.05,14.85745
750,-16408,10842,19666.51,18.32852
751,-15419,7744,17254.42,16.08054
752,-5793,426,5808.64,5.41346
753,-1007,-1237,1595.06,1.48654
754,-5003,3303,5994.98,5.58712
755,-3558,4666,5867.79,5.46858
756,3350,1280,3586.21,3.34223
757,5185,-1355,5359.13,4.99453
758,1484,-848,1709.20,1.59292
759,-611,393,726.48,0.67705
760,605,504,787.43,0.73386
761,1754,-300,1779.47,1.65841
762,1302,-927,1598.29,1.48955
763,560,-773,954.53,0.88959
764,752,-502,904.16,0.84265
765,1455,-281,1481.89,1.38107
766,1353,-92,1356.12,1.26386
767,755,-157,771.15,0.71869
768,518,-381,643.03,0.59928
769,950,375,1021.33,0.95185
770,805,2558,2681.68,2.49923
771,-266,3435,3445.28,3.21089
772,-643,603,881.51,0.82154
773,668,-2881,2957.43,2.75622
774,1853,-2523,3130.36,2.91739
775,1382,241,1402.86,1.30741
776,250,1273,1297.32,1.20906
777,125,262,290.29,0.27054
778,715,-657,971.02,0.90496
779,1318,-536,1422.82,1.32602
780,1470,-230,1487.88,1.38666
781,846,-195,868.18,0.80912
782,395,-393,557.20,0.51929
783,610,-545,818.00,0.76235
784,1204,-531,1315.89,1.22637
785,961,-113,967.62,0.90179
786,609,225,649.23,0.60507
787,859,429,960.17,0.89484
788,1490,646,1624.01,1.51353
789,1343,296,1375.23,1.28167
790,564,-941,1097.08,1.02244
791,523,-1902,1972.60,1.83839
792,1013,-1440,1760.62,1.64084
793,1113,-485,1214.08,1.13148
794,958,-360,1023.41,0.95378
795,684,-884,1117.73,1.04168
796,273,-800,845.30,0.78779
797,163,-192,251.86,0.23472
798,771,522,931.09,0.86774
799,1178,1033,1566.77,1.46018
800,809,892,1204.22,1.12229
801,114,-10,114.44,0.10665
802,329,-1338,1377.86,1.28411
803,1412,-1970,2423.77,2.25887
804,1878,-1301,2284.62,2.12919
805,1312,-495,1402.27,1.30687
806,694,-313,761.32,0.70952
807,645,-600,880.92,0.82099
808,1026,-651,1215.10,1.13244
809,960,-395,1038.09,0.96746
810,761,-288,813.67,0.75832
811,1090,-118,1096.37,1.02178
812,1241,-57,1242.31,1.15779
813,635,-147,651.79,0.60745
814,149,-445,469.28,0.43736
815,378,-1061,1126.32,1.04970
816,955,-1289,1604.23,1.49509
817,768,-1077,1322.78,1.23279
818,684,-983,1197.56,1.11608
819,1212,-410,1279.47,1.19242
820,1617,471,1684.20,1.56962
821,1523,461,1591.24,1.48298
822,948,-131,957.01,0.89190
823,660,-408,775.93,0.72314
824,714,-451,844.51,0.78705
825,554,-723,910.85,0.84888
826,268,-924,962.08,0.89663
827,181,-792,812.42,0.75715
828,319,-261,412.17,0.38413
829,605,-43,606.53,0.56526
830,662,-193,689.56,0.64265
831,652,-312,722.81,0.67363
832,856,-16,856.15,0.79790
833,897,287,941.80,0.87772
834,636,23,636.42,0.59312
835,563,-380,679.24,0.63303
836,778,-330,845.09,0.78760
837,992,7,992.02,0.92453
838,808,84,812.35,0.75709
839,554,-183,583.44,0.54375
840,464,-338,574.06,0.53500
841,614,-141,629.98,0.58712
842,818,52,819.65,0.76389
843,939,44,940.03,0.87608
844,771,-313,832.11,0.77550
845,88,-770,775.01,0.72229
846,-264,-883,921.62,0.85892
847,251,-834,870.95,0.81170
# END
# FRAME,132,RX_TS,843026390790,FP_INDEX,747.9687,FP_INT,747,RXPACC,1015,RXPWR,-72.35,FP_PWR,-78.89,STD_NOISE,60.00,NTM,13,NOISE_THRESH,780.00,PEAK_IDX,750,PEAK_AMPL,18482,START,697,elapsed_s,14.4282
sample,real,imag,amplitude,amplitude_norm
697,58,103,118.21,0.11646
698,65,137,151.64,0.14940
699,57,151,161.40,0.15901
700,146,213,258.23,0.25442
701,272,234,358.80,0.35350
702,294,135,323.51,0.31873
703,317,153,351.99,0.34679
704,228,92,245.86,0.24223
705,183,161,243.74,0.24014
706,241,216,323.63,0.31885
707,208,184,277.70,0.27360
708,109,140,177.43,0.17481
709,86,129,155.04,0.15275
710,153,153,216.37,0.21318
711,251,172,304.28,0.29978
712,271,227,353.51,0.34829
713,155,198,251.45,0.24774
714,20,107,108.85,0.10724
715,69,55,88.24,0.08693
716,133,-59,145.50,0.14335
717,-156,-247,292.14,0.28782
718,-175,-203,268.02,0.26406
719,15,-91,92.23,0.09087
720,259,-109,281.00,0.27685
721,103,25,105.99,0.10442
722,36,-53,64.07,0.06312
723,171,-40,175.62,0.17302
724,228,-1,228.00,0.22463
725,181,12,181.40,0.17872
726,109,119,161.38,0.15899
727,55,80,97.08,0.09565
728,10,74,74.67,0.07357
729,38,67,77.03,0.07589
730,101,144,175.89,0.17329
731,134,144,196.70,0.19380
732,140,192,237.62,0.23411
733,118,196,228.78,0.22540
734,125,134,183.25,0.18054
735,184,157,241.88,0.23830
736,188,166,250.80,0.24709
737,99,147,177.23,0.17461
738,-33,76,82.86,0.08163
739,97,5,97.13,0.09569
740,199,-7,199.12,0.19618
741,216,115,244.71,0.24109
742,174,139,222.70,0.21941
743,81,103,131.03,0.12910
744,74,70,101.86,0.10036
745,96,76,122.44,0.12063
746,364,-34,365.58,0.36018
747,1806,-1222,2180.58,2.14835
748,8303,-6031,10262.20,10.11054
749,14841,-9770,17768.18,17.50560
750,16400,-8814,18618.45,18.34330
751,13864,-4899,14704.10,14.48680
752,6056,27,6056.06,5.96656
753,4292,-720,4351.97,4.28766
754,5001,-3380,6036.09,5.94689
755,137,-2497,2500.76,2.46380
756,-4234,5,4234.00,4.17143
757,-2457,924,2625.00,2.58621
758,560,210,598.08,0.58924
759,585,-420,720.16,0.70951
760,-677,-133,689.94,0.67974
761,-923,496,1047.83,1.03234
762,-257,773,814.60,0.80256
763,-12,635,635.11,0.62573
764,-682,336,760.28,0.74904
765,-1060,146,1070.01,1.05419
766,-525,200,561.81,0.55350
767,-110,458,471.02,0.46406
768,-267,290,394.19,0.38837
769,-492,-1313,1402.15,1.38143
770,86,-3181,3182.16,3.13514
771,974,-2135,2346.68,2.31200
772,585,1282,1409.17,1.38834
773,-731,3054,3140.27,3.09386
774,-1174,1101,1609.50,1.58571
775,-233,-1053,1078.47,1.06253
776,357,-747,827.92,0.81569
777,-81,313,323.31,0.31853
778,-688,628,931.52,0.91775
779,-841,340,907.13,0.89372
780,-676,394,782.44,0.77088
781,-256,484,547.53,0.53944
782,-144,542,560.80,0.55252
783,-485,504,699.46,0.68912
784,-745,353,824.40,0.81222
785,-386,-18,386.42,0.38071
786,-220,-301,372.83,0.36732
787,-763,-571,953.00,0.93892
788,-1092,-598,1245.02,1.22662
789,-529,270,593.92,0.58514
790,-126,1502,1507.28,1.48500
791,-185,1684,1694.13,1.66909
792,-509,896,1030.48,1.01526
793,-469,476,668.23,0.65836
794,-377,718,810.96,0.79897
795,-174,981,996.31,0.98159
796,226,658,695.73,0.68545
797,-42,-24,48.37,0.04766
798,-728,-654,978.62,0.96416
799,-781,-917,1204.51,1.18671
800,-140,-469,489.45,0.48222
801,216,744,774.72,0.76327
802,-376,1843,1880.96,1.85317
803,-1257,1764,2166.04,2.13403
804,-1282,868,1548.21,1.52533
805,-723,405,828.71,0.81646
806,-417,632,757.17,0.74598
807,-658,742,991.73,0.97707
808,-731,611,952.72,0.93864
809,-555,444,710.75,0.70024
810,-675,427,798.72,0.78692
811,-992,188,1009.66,0.99474
812,-718,80,722.44,0.71177
813,-126,313,337.41,0.33242
814,26,773,773.44,0.76201
815,-290,1368,1398.40,1.37773
816,-599,1444,1563.31,1.54021
817,-400,1247,1309.58,1.29023
818,-594,859,1044.37,1.02894
819,-1140,62,1141.68,1.12481
820,-1339,-259,1363.82,1.34366
821,-885,112,892.06,0.87888
822,-493,517,714.38,0.70382
823,-347,615,706.14,0.69570
824,-280,685,740.02,0.72908
825,-73,893,895.98,0.88274
826,74,1076,1078.54,1.06260
827,11,771,771.08,0.75968
828,-244,323,404.80,0.39882
829,-297,280,408.18,0.40215
830,-313,555,637.18,0.62776
831,-493,331,593.81,0.58503
832,-610,-145,627.00,0.61773
833,-427,-100,438.55,0.43207
834,-299,334,448.28,0.44166
835,-440,470,643.82,0.63430
836,-665,263,715.12,0.70455
837,-616,78,620.92,0.61174
838,-369,309,481.29,0.47418
839,-176,523,551.82,0.54366
840,-354,502,614.26,0.60519
841,-575,259,630.64,0.62132
842,-670,191,696.69,0.68640
843,-620,348,710.99,0.70048
844,-139,747,759.82,0.74859
845,318,969,1019.85,1.00477
846,207,976,997.71,0.98297
# END
# FRAME,133,RX_TS,849416181952,FP_INDEX,748.0781,FP_INT,748,RXPACC,1087,RXPWR,-74.32,FP_PWR,-78.81,STD_NOISE,64.00,NTM,13,NOISE_THRESH,832.00,PEAK_IDX,750,PEAK_AMPL,19050,START,698,elapsed_s,14.5946
sample,real,imag,amplitude,amplitude_norm
698,180,75,195.00,0.17939
699,47,87,98.88,0.09097
700,26,63,68.15,0.06270
701,61,182,191.95,0.17659
702,111,228,253.58,0.23329
703,113,241,266.18,0.24487
704,105,119,158.70,0.14600
705,91,141,167.82,0.15438
706,79,183,199.32,0.18337
707,160,244,291.78,0.26843
708,205,11,205.29,0.18886
709,116,-152,191.21,0.17590
710,120,-31,123.94,0.11402
711,121,139,184.29,0.16954
712,131,217,253.48,0.23319
713,116,100,153.15,0.14090
714,102,24,104.79,0.09640
715,145,115,185.07,0.17026
716,393,136,415.87,0.38258
717,443,-88,451.66,0.41551
718,418,-304,516.86,0.47549
719,443,-15,443.25,0.40778
720,210,138,251.28,0.23117
721,149,182,235.21,0.21639
722,312,210,376.09,0.34599
723,197,216,292.34,0.26895
724,187,173,254.75,0.23436
725,79,116,140.35,0.12911
726,25,-8,26.25,0.02415
727,65,-40,76.32,0.07021
728,77,12,77.93,0.07169
729,175,97,200.08,0.18407
730,135,95,165.08,0.15186
731,84,56,100.96,0.09288
732,-29,55,62.18,0.05720
733,29,107,110.86,0.10199
734,173,191,257.70,0.23708
735,189,178,259.62,0.23885
736,83,201,217.46,0.20006
737,41,103,110.86,0.10199
738,79,-89,119.00,0.10948
739,209,-154,259.61,0.23883
740,177,-18,177.91,0.16367
741,121,57,133.75,0.12305
742,129,68,145.83,0.13415
743,160,64,172.33,0.15853
744,182,94,204.84,0.18845
745,94,56,109.42,0.10066
746,200,88,218.50,0.20102
747,1501,1265,1962.96,1.80585
748,7060,7444,10259.47,9.43834
749,12164,14529,18948.74,17.43214
750,11237,16413,19891.12,18.29910
751,5103,12152,13179.97,12.12509
752,-2034,2396,3142.92,2.89137
753,351,2878,2899.32,2.66727
754,4988,5735,7600.68,6.99235
755,3508,562,3552.73,3.26838
756,-422,-4825,4843.42,4.45577
757,-1681,-3294,3698.13,3.40215
758,-459,445,639.30,0.58813
759,440,712,836.99,0.77000
760,91,-1100,1103.76,1.01542
761,-643,-1572,1698.42,1.56248
762,-929,-631,1123.03,1.03315
763,-681,-118,691.15,0.63583
764,-303,-807,862.01,0.79302
765,-83,-1313,1315.62,1.21032
766,-182,-890,908.42,0.83571
767,-550,-306,629.39,0.57902
768,-390,-418,571.69,0.52593
769,1294,-826,1535.16,1.41229
770,3707,-386,3727.04,3.42874
771,2976,651,3046.37,2.80255
772,-1155,503,1259.78,1.15895
773,-3523,-837,3621.06,3.33124
774,-1441,-1414,2018.88,1.85730
775,1082,-691,1283.82,1.18107
776,984,47,985.12,0.90628
777,-310,-188,362.55,0.33353
778,-716,-829,1095.40,1.00773
779,-398,-1163,1229.22,1.13083
780,-229,-930,957.78,0.88112
781,-366,-255,446.07,0.41037
782,-506,-89,513.77,0.47265
783,-576,-585,820.98,0.75527
784,-451,-931,1034.49,0.95169
785,-55,-652,654.32,0.60195
786,214,-526,567.87,0.52242
787,513,-1018,1139.95,1.04871
788,582,-1306,1429.81,1.31537
789,-201,-741,767.78,0.70633
790,-1503,-123,1508.02,1.38733
791,-1864,-260,1882.05,1.73141
792,-961,-684,1179.57,1.08516
793,-367,-717,805.47,0.74100
794,-723,-524,892.92,0.82145
795,-1055,-278,1091.01,1.00369
796,-684,63,686.90,0.63192
797,5,-77,77.16,0.07099
798,655,-836,1062.04,0.97703
799,983,-1122,1491.70,1.37231
800,569,-491,751.56,0.69141
801,-769,162,785.88,0.72298
802,-1902,-313,1927.58,1.77330
803,-1806,-1348,2253.61,2.07323
804,-886,-1585,1815.83,1.67049
805,-343,-929,990.30,0.91104
806,-455,-428,624.67,0.57467
807,-674,-517,849.45,0.78146
808,-539,-657,849.81,0.78179
809,-366,-632,730.33,0.67188
810,-358,-803,879.19,0.80882
811,-222,-1050,1073.21,0.98732
812,-137,-787,798.84,0.73490
813,-307,-93,320.78,0.29510
814,-667,75,671.20,0.61748
815,-1323,-416,1386.86,1.27586
816,-1227,-744,1434.94,1.32010
817,-1010,-557,1153.41,1.06109
818,-836,-647,1057.12,0.97251
819,-68,-1269,1270.82,1.16911
820,410,-1531,1584.95,1.45809
821,-4,-1096,1096.01,1.00829
822,-379,-515,639.43,0.58825
823,-520,-346,624.59,0.57460
824,-607,-309,681.12,0.62661
825,-880,-130,889.55,0.81835
826,-882,170,898.23,0.82634
827,-516,6,516.03,0.47473
828,-124,-344,365.67,0.33640
829,-90,-445,454.01,0.41767
830,-379,-352,517.25,0.47585
831,-215,-462,509.58,0.46879
832,210,-720,750.00,0.68997
833,150,-637,654.42,0.60204
834,-306,-367,477.83,0.43959
835,-471,-436,641.82,0.59045
836,-195,-607,637.55,0.58653
837,91,-646,652.38,0.60016
838,-121,-503,517.35,0.47594
839,-399,-287,491.50,0.45216
840,-280,-375,468.00,0.43054
841,-23,-578,578.46,0.53216
842,139,-762,774.57,0.71258
843,-105,-673,681.14,0.62663
844,-645,-135,658.98,0.60623
845,-872,505,1007.68,0.92702
846,-835,414,932.00,0.85740
847,-686,-453,822.07,0.75628
# END
# FRAME,134,RX_TS,855805973128,FP_INDEX,746.1562,FP_INT,746,RXPACC,1079,RXPWR,-73.21,FP_PWR,-77.39,STD_NOISE,64.00,NTM,13,NOISE_THRESH,832.00,PEAK_IDX,748,PEAK_AMPL,19136,START,696,elapsed_s,14.6445
sample,real,imag,amplitude,amplitude_norm
696,69,123,141.03,0.13071
697,-57,216,223.39,0.20704
698,2,212,212.01,0.19649
699,83,224,238.88,0.22139
700,157,163,226.31,0.20974
701,225,203,303.04,0.28085
702,153,217,265.51,0.24607
703,105,129,166.33,0.15415
704,150,286,322.95,0.29930
705,71,299,307.31,0.28481
706,1,80,80.01,0.07415
707,-20,-3,20.22,0.01874
708,199,90,218.41,0.20241
709,163,302,343.18,0.31805
710,182,245,305.20,0.28286
711,127,239,270.65,0.25083
712,77,76,108.19,0.10027
713,105,66,124.02,0.11494
714,239,54,245.02,0.22708
715,275,-166,321.22,0.29770
716,243,-397,465.47,0.43139
717,419,-172,452.93,0.41977
718,371,201,421.95,0.39106
719,176,248,304.11,0.28184
720,187,128,226.61,0.21002
721,131,112,172.35,0.15973
722,209,202,290.66,0.26938
723,76,215,228.04,0.21134
724,105,122,160.96,0.14918
725,56,22,60.17,0.05576
726,23,6,23.77,0.02203
727,139,88,164.51,0.15247
728,131,247,279.59,0.25912
729,66,174,186.10,0.17247
730,81,164,182.91,0.16952
731,67,196,207.14,0.19197
732,90,169,191.47,0.17745
733,182,177,253.88,0.23529
734,203,194,280.79,0.26023
735,94,127,158.00,0.14643
736,53,7,53.46,0.04955
737,88,-30,92.97,0.08617
738,134,21,135.64,0.12570
739,111,133,173.23,0.16055
740,84,181,199.54,0.18493
741,51,90,103.45,0.09587
742,74,96,121.21,0.11234
743,166,132,212.08,0.19656
744,205,103,229.42,0.21262
745,1392,618,1523.02,1.41151
746,7390,3806,8312.50,7.70390
747,15422,9039,17875.73,16.56694
748,16407,11522,20048.59,18.58072
749,12669,12022,17465.17,16.18644
750,3891,7113,8107.69,7.51408
751,1359,3612,3859.20,3.57664
752,5238,3755,6444.89,5.97303
753,4121,404,4140.76,3.83759
754,-613,-3581,3633.09,3.36709
755,-2235,-2660,3474.31,3.21993
756,-426,516,669.13,0.62014
757,544,856,1014.23,0.93998
758,79,-406,413.61,0.38333
759,-585,-795,987.04,0.91477
760,-577,-167,600.68,0.55670
761,-464,270,536.84,0.49753
762,-488,-229,539.06,0.49959
763,-481,-976,1088.09,1.00842
764,-196,-718,744.27,0.68978
765,-214,-37,217.18,0.20127
766,-353,18,353.46,0.32758
767,751,-878,1155.37,1.07078
768,3051,-1512,3405.11,3.15580
769,3431,-521,3470.33,3.21625
770,233,863,893.90,0.82845
771,-2913,771,3013.31,2.79268
772,-2021,-456,2071.81,1.92012
773,791,-824,1142.22,1.05859
774,1308,-158,1317.51,1.22105
775,42,173,178.03,0.16499
776,-708,-240,747.57,0.69284
777,-611,-783,993.18,0.92047
778,-415,-780,883.53,0.81884
779,-378,-104,392.05,0.36334
780,-394,255,469.32,0.43496
781,-542,-38,543.33,0.50355
782,-686,-520,860.81,0.79779
783,-174,-402,438.04,0.40597
784,189,-312,364.78,0.33807
785,356,-886,954.85,0.88494
786,340,-1331,1373.74,1.27316
787,-74,-596,600.58,0.55660
788,-1081,509,1194.84,1.10736
789,-1605,625,1722.40,1.59629
790,-1047,13,1047.08,0.97042
791,-496,-365,615.83,0.57074
792,-737,-238,774.48,0.71777
793,-1011,166,1024.54,0.94952
794,-584,451,737.87,0.68385
795,54,182,189.84,0.17594
796,379,-756,845.68,0.78376
797,543,-1265,1376.62,1.27583
798,522,-718,887.70,0.82270
799,-121,280,305.03,0.28269
800,-1464,472,1538.21,1.42559
801,-2102,-338,2129.00,1.97312
802,-1552,-932,1810.34,1.67779
803,-650,-809,1037.78,0.96180
804,-454,-180,488.38,0.45262
805,-662,-94,668.64,0.61969
806,-761,-424,871.15,0.80737
807,-697,-499,857.21,0.79445
808,-599,-506,784.12,0.72671
809,-388,-806,894.53,0.82903
810,-288,-703,759.71,0.70408
811,-200,-74,213.25,0.19764
812,-544,349,646.33,0.59900
813,-1115,333,1163.66,1.07847
814,-1597,-151,1604.12,1.48668
815,-1253,-163,1263.56,1.17105
816,-971,-273,1008.65,0.93480
817,-397,-1042,1115.07,1.03343
818,-123,-1493,1498.06,1.38838
819,-236,-1052,1078.15,0.99921
820,-416,-357,548.18,0.50805
821,-467,-88,475.22,0.44043
822,-537,-49,539.23,0.49975
823,-826,143,838.29,0.77691
824,-836,344,904.01,0.83782
825,-537,305,617.57,0.57235
826,-231,-67,240.52,0.22291
827,-224,-264,346.23,0.32088
828,-471,-215,517.75,0.47984
829,-442,-402,597.47,0.55372
830,-56,-674,676.32,0.62680
831,97,-566,574.25,0.53221
832,-134,-219,256.74,0.23795
833,-506,-160,530.69,0.49184
834,-454,-409,611.06,0.56632
835,-211,-603,638.85,0.59208
836,-162,-418,448.29,0.41547
837,-399,7,399.06,0.36984
838,-490,-88,497.84,0.46139
839,-266,-454,526.19,0.48766
840,-178,-704,726.15,0.67299
841,-354,-655,744.54,0.69003
842,-626,-144,642.35,0.59532
843,-706,540,888.84,0.82376
844,-652,704,959.54,0.88929
845,-798,264,840.54,0.77899
# END
# FRAME,135,RX_TS,862195764260,FP_INDEX,753.6406,FP_INT,753,RXPACC,1059,RXPWR,-74.29,FP_PWR,-78.33,STD_NOISE,76.00,NTM,13,NOISE_THRESH,988.00,PEAK_IDX,755,PEAK_AMPL,18829,START,703,elapsed_s,14.6986
sample,real,imag,amplitude,amplitude_norm
703,216,172,276.12,0.26073
704,97,119,153.53,0.14497
705,89,21,91.44,0.08635
706,172,98,197.96,0.18693
707,142,171,222.27,0.20989
708,87,154,176.88,0.16702
709,35,138,142.37,0.13444
710,108,121,162.19,0.15315
711,128,106,166.19,0.15693
712,22,132,133.82,0.12637
713,-16,175,175.73,0.16594
714,145,-27,147.49,0.13928
715,251,45,255.00,0.24080
716,151,112,188.00,0.17753
717,5,149,149.08,0.14078
718,97,150,178.63,0.16868
719,197,118,229.64,0.21684
720,237,176,295.20,0.27876
721,154,253,296.18,0.27968
722,235,336,410.03,0.38718
723,557,311,637.94,0.60240
724,538,273,603.30,0.56969
725,115,292,313.83,0.29635
726,53,125,135.77,0.12821
727,177,263,317.01,0.29935
728,233,372,438.95,0.41449
729,150,258,298.44,0.28181
730,38,121,126.83,0.11976
731,30,51,59.17,0.05587
732,77,129,150.23,0.14186
733,151,121,193.50,0.18272
734,166,25,167.87,0.15852
735,114,94,147.76,0.13952
736,115,145,185.07,0.17476
737,104,65,122.64,0.11581
738,124,5,124.10,0.11719
739,169,43,174.38,0.16467
740,132,169,214.44,0.20249
741,65,240,248.65,0.23479
742,12,220,220.33,0.20805
743,174,109,205.32,0.19388
744,335,50,338.71,0.31984
745,248,100,267.40,0.25250
746,98,174,199.70,0.18857
747,-31,123,126.85,0.11978
748,94,139,167.80,0.15845
749,146,158,215.13,0.20314
750,210,178,275.29,0.25995
751,105,221,244.68,0.23104
752,13,389,389.22,0.36753
753,-1208,3245,3462.56,3.26965
754,-6151,12092,13566.55,12.81072
755,-9957,16410,19194.53,18.12514
756,-11404,14169,18188.23,17.17491
757,-6961,4156,8107.27,7.65559
758,-1351,-2277,2647.63,2.50012
759,-2661,2894,3931.43,3.71240
760,-2556,6085,6600.03,6.23232
761,2098,1565,2617.41,2.47159
762,4223,-2489,4901.92,4.62882
763,1533,-1778,2347.63,2.21684
764,-666,164,685.90,0.64768
765,310,229,385.41,0.36394
766,1530,-756,1706.59,1.61151
767,1127,-1151,1610.88,1.52113
768,238,-773,808.81,0.76375
769,248,-522,577.92,0.54572
770,1058,-637,1234.96,1.16616
771,1349,-617,1483.40,1.40076
772,851,-461,967.84,0.91392
773,349,-493,604.03,0.57038
774,769,-228,802.09,0.75740
775,1627,1603,2284.02,2.15677
776,1434,3514,3795.33,3.58388
777,-89,1825,1827.17,1.72537
778,-698,-2057,2172.20,2.05118
779,280,-3206,3218.20,3.03891
780,1229,-713,1420.85,1.34169
781,983,1233,1576.89,1.48904
782,196,623,653.10,0.61672
783,275,-672,726.09,0.68564
784,764,-960,1226.91,1.15855
785,1087,-674,1279.00,1.20774
786,771,-506,922.21,0.87083
787,122,-430,446.97,0.42207
788,78,-608,612.98,0.57883
789,729,-982,1223.01,1.15488
790,956,-699,1184.29,1.11831
791,728,-92,733.79,0.69291
792,837,100,842.95,0.79599
793,1556,77,1557.90,1.47111
794,1400,-60,1401.29,1.32322
795,321,-720,788.32,0.74440
796,-357,-1654,1692.09,1.59782
797,232,-1725,1740.53,1.64356
798,838,-956,1271.29,1.20046
799,685,-643,939.51,0.88716
800,356,-981,1043.60,0.98546
801,18,-1087,1087.15,1.02658
802,-111,-496,508.27,0.47995
803,506,33,507.07,0.47882
804,1506,335,1542.81,1.45686
805,1537,404,1589.21,1.50067
806,460,126,476.94,0.45037
807,-275,-938,977.48,0.92302
808,254,-2046,2061.71,1.94684
809,1191,-1926,2264.50,2.13834
810,1248,-1060,1637.41,1.54618
811,733,-533,906.30,0.85581
812,365,-620,719.46,0.67938
813,511,-890,1026.27,0.96909
814,671,-727,989.33,0.93421
815,761,-571,951.40,0.89839
816,881,-567,1047.69,0.98932
817,1033,-498,1146.78,1.08288
818,577,-288,644.88,0.60895
819,-126,-338,360.72,0.34062
820,-133,-880,889.99,0.84041
821,512,-1523,1606.76,1.51724
822,589,-1283,1411.74,1.33309
823,367,-1102,1161.50,1.09679
824,830,-799,1152.09,1.08790
825,1667,-245,1684.91,1.59104
826,1628,-320,1659.15,1.56672
827,832,-478,959.54,0.90608
828,370,-500,622.01,0.58736
829,297,-441,531.69,0.50206
830,241,-714,753.58,0.71159
831,38,-896,896.81,0.84684
832,-92,-688,694.12,0.65545
833,120,-205,237.54,0.22431
834,443,-67,448.04,0.42308
835,441,-294,530.02,0.50049
836,396,-489,629.24,0.59418
837,780,-247,818.17,0.77259
838,882,123,890.54,0.84092
839,595,78,600.09,0.56666
840,292,-387,484.80,0.45779
841,567,-584,813.97,0.76862
842,778,-251,817.49,0.77194
843,718,-84,722.90,0.68262
844,404,-231,465.38,0.43945
845,246,-480,539.37,0.50932
846,522,-365,636.95,0.60147
847,715,-167,734.24,0.69334
848,756,-145,769.78,0.72689
849,652,-455,795.07,0.75077
850,83,-739,743.65,0.70222
851,-457,-587,743.92,0.70247
852,-351,-623,715.07,0.67523
# END
# FRAME,136,RX_TS,868585555411,FP_INDEX,751.9375,FP_INT,751,RXPACC,920,RXPWR,-73.05,FP_PWR,-77.79,STD_NOISE,88.00,NTM,13,NOISE_THRESH,1144.00,PEAK_IDX,754,PEAK_AMPL,16793,START,701,elapsed_s,14.8850
sample,real,imag,amplitude,amplitude_norm
701,182,194,266.01,0.28914
702,141,97,171.14,0.18603
703,94,19,95.90,0.10424
704,69,39,79.26,0.08615
705,60,87,105.68,0.11487
706,25,84,87.64,0.09526
707,7,67,67.36,0.07322
708,111,49,121.33,0.13189
709,78,34,85.09,0.09249
710,-22,69,72.42,0.07872
711,12,49,50.45,0.05483
712,102,111,150.75,0.16386
713,211,207,295.58,0.32129
714,178,115,211.92,0.23035
715,43,46,62.97,0.06844
716,75,17,76.90,0.08359
717,90,131,158.94,0.17276
718,97,161,187.96,0.20431
719,88,136,161.99,0.17607
720,59,258,264.66,0.28767
721,143,420,443.68,0.48226
722,190,527,560.20,0.60892
723,22,413,413.59,0.44955
724,-14,152,152.64,0.16592
725,-91,59,108.45,0.11788
726,-82,195,211.54,0.22993
727,81,228,241.96,0.26300
728,50,62,79.65,0.08658
729,71,-5,71.18,0.07737
730,214,142,256.83,0.27916
731,219,221,311.13,0.33818
732,137,164,213.69,0.23228
733,95,48,106.44,0.11569
734,103,68,123.42,0.13415
735,159,77,176.66,0.19203
736,68,59,90.03,0.09786
737,122,66,138.71,0.15077
738,53,105,117.62,0.12785
739,66,135,150.27,0.16334
740,94,125,156.40,0.17000
741,150,52,158.76,0.17256
742,215,67,225.20,0.24478
743,162,217,270.80,0.29435
744,131,233,267.30,0.29054
745,98,71,121.02,0.13154
746,155,77,173.07,0.18812
747,141,71,157.87,0.17159
748,11,172,172.35,0.18734
749,-25,131,133.36,0.14496
750,3,270,270.02,0.29350
751,-1547,684,1691.47,1.83855
752,-8833,2300,9127.53,9.92123
753,-15774,2955,16048.40,17.44391
754,-16417,1232,16463.16,17.89474
755,-9769,-1929,9957.63,10.82351
756,470,-2925,2962.52,3.22013
757,-1372,-932,1658.62,1.80284
758,-5410,1472,5606.68,6.09422
759,-1460,2462,2862.35,3.11125
760,3666,1659,4023.91,4.37381
761,2957,76,2957.98,3.21519
762,156,-425,452.73,0.49209
763,-173,183,251.83,0.27373
764,1156,574,1290.66,1.40290
765,1587,149,1593.98,1.73259
766,876,-349,942.96,1.02496
767,631,-338,715.82,0.77807
768,970,189,988.24,1.07418
769,1191,472,1281.12,1.39252
770,910,370,982.34,1.06777
771,670,-14,670.15,0.72842
772,645,116,655.35,0.71233
773,274,1469,1494.33,1.62428
774,-1068,2826,3021.08,3.28378
775,-1465,1680,2229.04,2.42287
776,417,-1153,1226.09,1.33271
777,2306,-1910,2994.28,3.25466
778,1834,-115,1837.60,1.99739
779,117,1271,1276.37,1.38736
780,-314,700,767.20,0.83391
781,435,-201,479.19,0.52086
782,1149,-167,1161.07,1.26204
783,1270,202,1285.96,1.39779
784,1011,204,1031.38,1.12106
785,506,-100,515.79,0.56064
786,533,-335,629.53,0.68428
787,1032,-231,1057.54,1.14950
788,1210,103,1214.38,1.31997
789,697,360,784.48,0.85270
790,531,504,732.10,0.79577
791,804,860,1177.29,1.27966
792,1029,984,1423.76,1.54757
793,796,80,800.01,0.86958
794,975,-992,1390.93,1.51188
795,1334,-1112,1736.69,1.88771
796,1246,-299,1281.37,1.39280
797,929,51,930.40,1.01130
798,875,-291,922.12,1.00230
799,831,-732,1107.42,1.20372
800,375,-533,651.70,0.70837
801,321,194,375.07,0.40768
802,707,1007,1230.41,1.33740
803,731,1294,1486.20,1.61544
804,346,648,734.59,0.79847
805,406,-572,701.44,0.76244
806,1365,-1210,1824.10,1.98271
807,2058,-607,2145.65,2.33223
808,1828,210,1840.02,2.00002
809,1109,284,1144.79,1.24433
810,689,-137,702.49,0.76357
811,778,-242,814.77,0.88562
812,958,-15,958.12,1.04143
813,921,101,926.52,1.00709
814,995,229,1021.01,1.10980
815,982,412,1064.93,1.15753
816,689,256,735.02,0.79894
817,319,-163,358.23,0.38938
818,428,-604,740.27,0.80464
819,1162,-691,1351.93,1.46949
820,1288,-416,1353.51,1.47121
821,1094,-384,1159.44,1.26026
822,1234,-163,1244.72,1.35296
823,1275,645,1428.86,1.55311
824,1230,988,1577.67,1.71486
825,906,489,1029.54,1.11907
826,711,1,711.00,0.77283
827,701,-184,724.75,0.78777
828,713,-268,761.70,0.82794
829,737,-512,897.39,0.97543
830,583,-569,814.65,0.88549
831,473,-213,518.75,0.56385
832,465,200,506.19,0.55020
833,527,102,536.78,0.58346
834,665,-13,665.13,0.72296
835,796,146,809.28,0.87965
836,636,525,824.69,0.89641
837,438,425,610.30,0.66337
838,528,58,531.18,0.57737
839,721,-57,723.25,0.78614
840,698,231,735.23,0.79916
841,575,351,673.67,0.73225
842,545,134,561.23,0.61003
843,474,-116,487.99,0.53042
844,566,112,576.97,0.62715
845,589,422,724.57,0.78758
846,723,484,870.05,0.94571
847,687,306,752.07,0.81746
848,559,-298,633.47,0.68856
849,224,-643,680.90,0.74011
850,236,-600,644.74,0.70081
# END
# FRAME,137,RX_TS,874975346542,FP_INDEX,749.6250,FP_INT,749,RXPACC,898,RXPWR,-73.31,FP_PWR,-76.81,STD_NOISE,60.00,NTM,13,NOISE_THRESH,780.00,PEAK_IDX,751,PEAK_AMPL,16497,START,699,elapsed_s,14.9532
sample,real,imag,amplitude,amplitude_norm
699,105,18,106.53,0.11863
700,62,13,63.35,0.07054
701,57,108,122.12,0.13599
702,87,152,175.14,0.19503
703,149,72,165.48,0.18428
704,211,35,213.88,0.23818
705,75,155,172.19,0.19175
706,33,176,179.07,0.19941
707,134,157,206.41,0.22986
708,270,128,298.80,0.33274
709,160,74,176.28,0.19631
710,73,36,81.39,0.09064
711,39,38,54.45,0.06064
712,230,190,298.33,0.33221
713,209,152,258.43,0.28778
714,88,102,134.71,0.15002
715,45,15,47.43,0.05282
716,100,20,101.98,0.11356
717,148,49,155.90,0.17361
718,157,-104,188.32,0.20971
719,-10,-296,296.17,0.32981
720,140,-266,300.59,0.33474
721,212,-29,213.97,0.23828
722,203,80,218.19,0.24298
723,248,54,253.81,0.28264
724,287,45,290.51,0.32350
725,179,54,186.97,0.20820
726,163,139,214.22,0.23855
727,149,173,228.32,0.25425
728,19,30,35.51,0.03954
729,-58,72,92.46,0.10296
730,-56,88,104.31,0.11616
731,22,28,35.61,0.03965
732,-15,29,32.65,0.03636
733,52,43,67.48,0.07514
734,75,109,132.31,0.14734
735,41,101,109.00,0.12139
736,74,14,75.31,0.08387
737,206,43,210.44,0.23434
738,161,148,218.69,0.24353
739,26,74,78.43,0.08734
740,-43,-50,65.95,0.07344
741,91,-73,116.66,0.12991
742,165,84,185.15,0.20618
743,165,183,246.40,0.27439
744,98,162,189.34,0.21084
745,98,21,100.22,0.11161
746,108,34,113.23,0.12609
747,188,-11,188.32,0.20971
748,340,-40,342.34,0.38123
749,3088,-485,3125.85,3.48091
750,11714,-1305,11786.47,13.12524
751,16404,-672,16417.76,18.28258
752,15377,1500,15449.99,17.20489
753,5706,3312,6597.56,7.34695
754,-1456,2425,2828.53,3.14981
755,2911,538,2960.30,3.29655
756,5173,-1113,5291.38,5.89240
757,115,-1907,1910.46,2.12747
758,-3468,-1257,3688.78,4.10777
759,-1851,204,1862.21,2.07373
760,320,541,628.55,0.69995
761,56,-115,127.91,0.14244
762,-1112,-402,1182.43,1.31674
763,-1173,90,1176.45,1.31008
764,-591,476,758.85,0.84505
765,-499,303,583.79,0.65010
766,-911,-222,937.66,1.04416
767,-854,-472,975.76,1.08659
768,-595,-38,596.21,0.66393
769,-565,300,639.71,0.71237
770,-547,-148,566.67,0.63103
771,456,-1701,1761.06,1.96109
772,1911,-2449,3106.37,3.45921
773,1403,-518,1495.57,1.66545
774,-992,1829,2080.70,2.31704
775,-2183,1613,2714.27,3.02257
776,-918,-268,956.32,1.06494
777,448,-1003,1098.50,1.22328
778,226,-249,336.27,0.37446
779,-641,283,700.69,0.78028
780,-958,25,958.33,1.06718
781,-982,-268,1017.91,1.13353
782,-614,-112,624.13,0.69502
783,-347,289,451.59,0.50288
784,-499,426,656.11,0.73063
785,-1005,139,1014.57,1.12981
786,-773,-123,782.72,0.87163
787,-305,-231,382.60,0.42606
788,-369,-409,550.86,0.61343
789,-581,-786,977.42,1.08845
790,-611,-625,874.04,0.97332
791,-557,457,720.48,0.80232
792,-995,1262,1607.07,1.78961
793,-1217,980,1562.53,1.74001
794,-853,163,868.43,0.96708
795,-680,74,684.01,0.76171
796,-802,549,971.91,1.08230
797,-625,805,1019.14,1.13490
798,-222,504,550.73,0.61328
799,-201,-197,281.44,0.31341
800,-500,-1033,1147.65,1.27800
801,-317,-1027,1074.81,1.19689
802,-98,-54,111.89,0.12460
803,-504,1021,1138.62,1.26795
804,-1489,1198,1911.11,2.12818
805,-1841,352,1874.35,2.08725
806,-1165,-271,1196.10,1.33196
807,-537,-88,544.16,0.60597
808,-544,297,619.79,0.69019
809,-797,275,843.11,0.93888
810,-784,137,795.88,0.88628
811,-647,-7,647.04,0.72053
812,-734,-183,756.47,0.84239
813,-773,-279,821.81,0.91515
814,-413,113,428.18,0.47682
815,-116,484,497.71,0.55424
816,-454,807,925.94,1.03111
817,-1175,686,1360.60,1.51514
818,-1160,471,1251.97,1.39418
819,-901,393,982.98,1.09463
820,-896,-14,896.11,0.99789
821,-864,-778,1162.66,1.29472
822,-874,-776,1168.78,1.30154
823,-682,-200,710.72,0.79145
824,-458,237,515.69,0.57426
825,-517,332,614.42,0.68421
826,-616,416,743.31,0.82774
827,-504,590,775.96,0.86410
828,-388,577,695.32,0.77430
829,-243,236,338.74,0.37722
830,-289,1,289.00,0.32183
831,-390,90,400.25,0.44571
832,-522,171,549.29,0.61169
833,-483,-208,525.88,0.58562
834,-301,-478,564.88,0.62904
835,-171,-147,225.50,0.25111
836,-379,248,452.93,0.50438
837,-549,148,568.60,0.63318
838,-507,-150,528.72,0.58878
839,-335,-219,400.23,0.44569
840,-173,77,189.36,0.21087
841,-265,241,358.20,0.39888
842,-461,-23,461.57,0.51400
843,-428,-305,525.56,0.58525
844,-460,-317,558.65,0.62210
845,-529,3,529.01,0.58910
846,-366,559,668.16,0.74405
847,-59,805,807.16,0.89884
848,-206,754,781.63,0.87042
# END
# FRAME,138,RX_TS,881365137657,FP_INDEX,747.6875,FP_INT,747,RXPACC,930,RXPWR,-73.52,FP_PWR,-76.97,STD_NOISE,144.00,NTM,13,NOISE_THRESH,1872.00,PEAK_IDX,749,PEAK_AMPL,17229,START,697,elapsed_s,15.0150
sample,real,imag,amplitude,amplitude_norm
697,48,142,149.89,0.16118
698,55,161,170.14,0.18294
699,111,181,212.33,0.22831
700,100,92,135.88,0.14611
701,-5,-89,89.14,0.09585
702,69,-95,117.41,0.12625
703,148,-14,148.66,0.15985
704,122,58,135.09,0.14525
705,115,50,125.40,0.13484
706,113,32,117.44,0.12628
707,166,67,179.01,0.19249
708,73,124,143.89,0.15472
709,74,188,202.04,0.21725
710,59,144,155.62,0.16733
711,55,16,57.28,0.06159
712,130,20,131.53,0.14143
713,199,122,233.42,0.25099
714,129,91,157.87,0.16975
715,-33,110,114.84,0.12349
716,-153,181,237.00,0.25484
717,-202,275,341.22,0.36690
718,-221,262,342.76,0.36856
719,41,30,50.80,0.05463
720,161,20,162.24,0.17445
721,8,61,61.52,0.06615
722,-16,5,16.76,0.01802
723,38,13,40.16,0.04319
724,100,47,110.49,0.11881
725,117,106,157.88,0.16976
726,95,239,257.19,0.27655
727,46,210,214.98,0.23116
728,70,111,131.23,0.14111
729,105,137,172.61,0.18560
730,154,138,206.78,0.22235
731,131,102,166.03,0.17852
732,98,100,140.01,0.15055
733,80,117,141.74,0.15240
734,61,56,82.81,0.08904
735,120,56,132.42,0.14239
736,129,34,133.41,0.14345
737,65,181,192.32,0.20679
738,-77,224,236.86,0.25469
739,-112,132,173.11,0.18614
740,-31,90,95.19,0.10235
741,146,84,168.44,0.18112
742,170,157,231.41,0.24882
743,98,167,193.63,0.20821
744,33,101,106.25,0.11425
745,130,158,204.61,0.22001
746,0,-128,128.00,0.13763
747,-747,-2597,2702.30,2.90570
748,-2876,-11250,11611.80,12.48581
749,-2980,-16419,16687.24,17.94327
750,-683,-15825,15839.73,17.03197
751,2459,-6366,6824.41,7.33808
752,2492,1557,2938.42,3.15959
753,-101,-2503,2505.04,2.69359
754,-1794,-5059,5367.67,5.77169
755,-1692,102,1695.07,1.82266
756,-557,3987,4025.72,4.32873
757,443,2288,2330.49,2.50591
758,483,-52,485.79,0.52236
759,36,197,200.26,0.21534
760,-146,1335,1342.96,1.44404
761,209,1363,1378.93,1.48272
762,441,698,825.64,0.88779
763,247,576,626.73,0.67390
764,-137,1073,1081.71,1.16313
765,-322,1128,1173.06,1.26135
766,-97,638,645.33,0.69391
767,252,567,620.48,0.66718
768,-34,860,860.67,0.92545
769,-1699,156,1706.15,1.83457
770,-2773,-1289,3057.95,3.28812
771,-766,-1175,1402.63,1.50821
772,2007,925,2209.90,2.37624
773,2010,2290,3047.00,3.27634
774,-108,1265,1269.60,1.36516
775,-991,-170,1005.48,1.08116
776,-159,-50,166.68,0.17922
777,435,710,832.66,0.89533
778,184,1060,1075.85,1.15683
779,-139,1090,1098.83,1.18153
780,12,875,875.08,0.94095
781,454,476,657.79,0.70730
782,533,587,792.88,0.85256
783,291,1271,1303.89,1.40203
784,-36,1164,1164.56,1.25221
785,-119,659,669.66,0.72006
786,-246,574,624.49,0.67150
787,-584,855,1035.41,1.11335
788,-512,886,1023.30,1.10032
789,536,694,876.89,0.94289
790,1508,1030,1826.19,1.96364
791,1236,1327,1813.46,1.94995
792,254,1129,1157.22,1.24432
793,89,855,859.62,0.92432
794,623,909,1102.00,1.18495
795,918,710,1160.53,1.24788
796,604,316,681.67,0.73298
797,-165,449,478.36,0.51436
798,-916,771,1197.29,1.28741
799,-1035,597,1194.84,1.28477
800,-173,177,247.50,0.26613
801,1041,557,1180.65,1.26951
802,1408,1551,2094.77,2.25244
803,597,2030,2115.97,2.27523
804,-89,1546,1548.56,1.66512
805,-15,756,756.15,0.81306
806,481,676,829.66,0.89211
807,489,901,1025.14,1.10231
808,265,938,974.71,1.04808
809,50,801,802.56,0.86297
810,-57,887,888.83,0.95573
811,-207,1026,1046.67,1.12546
812,42,657,658.34,0.70789
813,528,307,610.76,0.65674
814,842,541,1000.82,1.07615
815,674,1270,1437.77,1.54599
816,419,1228,1297.51,1.39518
817,537,993,1128.90,1.21387
818,190,1103,1119.24,1.20349
819,-616,1250,1393.54,1.49843
820,-768,1136,1371.25,1.47446
821,-129,815,825.15,0.88725
822,301,631,699.12,0.75174
823,339,731,805.78,0.86643
824,456,793,914.76,0.98361
825,736,665,991.93,1.06659
826,633,536,829.45,0.89188
827,298,394,494.00,0.53119
828,-35,458,459.34,0.49391
829,88,593,599.49,0.64462
830,185,693,717.27,0.77126
831,-112,699,707.92,0.76120
832,-321,529,618.77,0.66535
833,-75,486,491.75,0.52877
834,327,559,647.62,0.69636
835,248,683,726.63,0.78132
836,-80,605,610.27,0.65620
837,-161,533,556.79,0.59869
838,143,547,565.38,0.60794
839,343,539,638.88,0.68697
840,117,610,621.12,0.66787
841,-279,587,649.93,0.69885
842,-221,644,680.86,0.73211
843,92,771,776.47,0.83491
844,728,533,902.26,0.97017
845,972,215,995.49,1.07042
846,882,354,950.39,1.02192
# END
# FRAME,139,RX_TS,887754928749,FP_INDEX,746.2812,FP_INT,746,RXPACC,1047,RXPWR,-74.33,FP_PWR,-77.69,STD_NOISE,60.00,NTM,13,NOISE_THRESH,780.00,PEAK_IDX,748,PEAK_AMPL,18806,START,696,elapsed_s,15.1766
sample,real,imag,amplitude,amplitude_norm
696,76,98,124.02,0.11845
697,91,141,167.82,0.16028
698,89,165,187.47,0.17906
699,160,106,191.93,0.18331
700,250,117,276.02,0.26363
701,237,94,254.96,0.24352
702,172,106,202.04,0.19297
703,199,92,219.24,0.20940
704,197,106,223.71,0.21367
705,217,158,268.43,0.25638
706,125,154,198.35,0.18944
707,-99,107,145.77,0.13923
708,57,24,61.85,0.05907
709,179,59,188.47,0.18001
710,188,81,204.71,0.19552
711,76,105,129.62,0.12380
712,88,65,109.40,0.10449
713,129,53,139.46,0.13320
714,78,-89,118.34,0.11303
715,-171,-201,263.90,0.25205
716,-303,-265,402.53,0.38446
717,-14,-149,149.66,0.14294
718,207,55,214.18,0.20457
719,201,94,221.89,0.21193
720,101,-47,111.40,0.10640
721,111,-15,112.01,0.10698
722,110,25,112.81,0.10774
723,119,49,128.69,0.12292
724,33,115,119.64,0.11427
725,16,202,202.63,0.19354
726,74,172,187.24,0.17884
727,77,81,111.76,0.10674
728,100,-7,100.24,0.09574
729,94,113,146.99,0.14039
730,98,207,229.03,0.21875
731,127,181,221.11,0.21119
732,136,133,190.22,0.18168
733,124,59,137.32,0.13116
734,210,62,218.96,0.20913
735,193,84,210.49,0.20104
736,39,162,166.63,0.15915
737,-9,180,180.22,0.17213
738,92,141,168.36,0.16080
739,168,102,196.54,0.18772
740,72,151,167.29,0.15978
741,-4,165,165.05,0.15764
742,-14,139,139.70,0.13343
743,116,48,125.54,0.11990
744,75,15,76.49,0.07305
745,681,-608,912.92,0.87194
746,5434,-4382,6980.71,6.66734
747,13651,-10053,16953.25,16.19221
748,16404,-10025,19224.77,18.36177
749,13991,-5368,14985.44,14.31274
750,2885,2145,3595.03,3.43365
751,68,1397,1398.65,1.33587
752,4473,-3633,5762.50,5.50382
753,2954,-3760,4781.60,4.56696
754,-2851,20,2851.07,2.72309
755,-3800,1895,4246.30,4.05568
756,-800,931,1227.50,1.17240
757,359,-58,363.66,0.34733
758,-636,113,645.96,0.61696
759,-1345,733,1531.77,1.46301
760,-757,773,1081.93,1.03336
761,-150,612,630.11,0.60183
762,-548,490,735.12,0.70212
763,-1112,310,1154.40,1.10258
764,-1089,135,1097.34,1.04808
765,-557,362,664.30,0.63448
766,-357,698,784.00,0.74880
767,-757,-412,861.85,0.82317
768,-490,-2858,2899.70,2.76953
769,716,-3141,3221.57,3.07696
770,986,377,1055.62,1.00823
771,-343,3325,3342.64,3.19259
772,-1364,2179,2570.71,2.45531
773,-759,-502,909.99,0.86914
774,75,-946,948.97,0.90637
775,-66,270,277.95,0.26547
776,-617,802,1011.88,0.96645
777,-1052,471,1152.63,1.10088
778,-1002,270,1037.74,0.99116
779,-320,477,574.39,0.54861
780,38,780,780.93,0.74587
781,-406,903,990.07,0.94563
782,-967,738,1216.44,1.16184
783,-714,216,745.96,0.71247
784,-428,-50,430.91,0.41157
785,-811,-124,820.42,0.78360
786,-1207,-331,1251.56,1.19538
787,-752,172,771.42,0.73679
788,-221,1456,1472.68,1.40657
789,-435,2141,2184.74,2.08667
790,-789,1441,1642.86,1.56912
791,-750,531,918.95,0.87769
792,-618,724,951.89,0.90916
793,-452,1173,1257.07,1.20064
794,-64,1096,1097.87,1.04858
795,-27,423,423.86,0.40483
796,-665,-282,722.32,0.68990
797,-1153,-709,1353.55,1.29279
798,-634,-553,841.29,0.80352
799,32,561,561.91,0.53669
800,-231,1890,1904.06,1.81859
801,-1345,2083,2479.50,2.36819
802,-1689,1081,2005.31,1.91529
803,-1100,309,1142.58,1.09129
804,-397,386,553.72,0.52886
805,-376,839,919.40,0.87813
806,-659,796,1033.39,0.98700
807,-650,550,851.47,0.81325
808,-699,393,801.90,0.76591
809,-973,288,1014.73,0.96918
810,-774,292,827.25,0.79011
811,-90,471,479.52,0.45800
812,160,858,872.79,0.83361
813,-287,1334,1364.52,1.30327
814,-876,1229,1509.24,1.44149
815,-695,1010,1226.02,1.17098
816,-630,870,1074.15,1.02593
817,-1181,356,1233.49,1.17812
818,-1543,-140,1549.34,1.47979
819,-1177,56,1178.33,1.12544
820,-526,448,690.93,0.65991
821,-281,544,612.29,0.58480
822,-379,700,796.02,0.76028
823,-415,970,1055.05,1.00769
824,-149,1086,1096.17,1.04697
825,-26,728,728.46,0.69576
826,-220,304,375.25,0.35841
827,-348,260,434.40,0.41490
828,-395,441,592.04,0.56546
829,-524,288,597.93,0.57109
830,-640,-82,645.23,0.61627
831,-482,-137,501.09,0.47860
832,-249,226,336.27,0.32117
833,-376,537,655.55,0.62612
834,-565,506,758.46,0.72441
835,-527,325,619.16,0.59136
836,-439,317,541.49,0.51718
837,-313,454,551.44,0.52668
838,-298,432,524.81,0.50125
839,-372,272,460.83,0.44015
840,-477,95,486.37,0.46454
841,-610,222,649.14,0.62000
842,-495,589,769.38,0.73484
843,177,958,974.21,0.93048
844,400,1026,1101.22,1.05178
845,-199,893,914.90,0.87383
# END
# FRAME,140,RX_TS,894144719851,FP_INDEX,752.7187,FP_INT,752,RXPACC,1010,RXPWR,-73.55,FP_PWR,-77.19,STD_NOISE,52.00,NTM,13,NOISE_THRESH,676.00,PEAK_IDX,754,PEAK_AMPL,18371,START,702,elapsed_s,15.2640
sample,real,imag,amplitude,amplitude_norm
702,69,239,248.76,0.24630
703,93,219,237.93,0.23557
704,75,186,200.55,0.19857
705,114,149,187.61,0.18575
706,70,148,163.72,0.16210
707,61,56,82.81,0.08199
708,150,-3,150.03,0.14854
709,163,72,178.19,0.17643
710,121,35,125.96,0.12471
711,26,5,26.48,0.02621
712,83,80,115.28,0.11414
713,189,157,245.70,0.24327
714,188,151,241.13,0.23875
715,119,106,159.36,0.15779
716,103,107,148.52,0.14705
717,85,105,135.09,0.13376
718,64,140,153.94,0.15241
719,86,45,97.06,0.09610
720,-61,69,92.10,0.09119
721,-171,181,249.00,0.24654
722,-239,425,487.59,0.48276
723,-204,335,392.23,0.38834
724,-48,104,114.54,0.11341
725,177,99,202.81,0.20080
726,-16,49,51.55,0.05104
727,-151,19,152.19,0.15068
728,-33,102,107.21,0.10614
729,131,109,170.42,0.16873
730,208,134,247.43,0.24498
731,111,150,186.60,0.18476
732,248,306,393.88,0.38998
733,189,232,299.24,0.29628
734,122,166,206.01,0.20397
735,77,167,183.90,0.18208
736,139,229,267.88,0.26523
737,189,226,294.61,0.29170
738,80,74,108.98,0.10790
739,43,-45,62.24,0.06163
740,-11,47,48.27,0.04779
741,95,147,175.03,0.17329
742,114,198,228.47,0.22621
743,29,234,235.79,0.23346
744,-1,169,169.00,0.16733
745,89,66,110.80,0.10970
746,172,3,172.03,0.17032
747,204,142,248.56,0.24609
748,131,212,249.21,0.24674
749,18,154,155.05,0.15351
750,7,34,34.71,0.03437
751,-137,-118,180.81,0.17902
752,-1736,-2513,3054.32,3.02408
753,-6283,-10927,12604.58,12.47978
754,-7748,-16330,18074.86,17.89590
755,-5076,-16408,17175.22,17.00517
756,738,-7245,7282.49,7.21039
757,2538,1062,2751.23,2.72399
758,-1662,-2623,3105.22,3.07447
759,-3878,-4925,6268.53,6.20647
760,-1539,601,1652.19,1.63583
761,949,4489,4588.22,4.54279
762,1082,2549,2769.14,2.74172
763,109,-46,118.31,0.11714
764,-130,249,280.89,0.27811
765,430,1414,1477.94,1.46330
766,733,1401,1581.17,1.56551
767,694,738,1013.05,1.00302
768,393,576,697.30,0.69039
769,170,1021,1035.06,1.02481
770,25,1266,1266.25,1.25371
771,182,919,936.85,0.92757
772,534,632,827.39,0.81920
773,120,857,865.36,0.85679
774,-1913,563,1994.13,1.97438
775,-3336,-680,3404.60,3.37089
776,-1062,-1078,1513.25,1.49827
777,2493,392,2523.63,2.49864
778,2813,1784,3331.01,3.29803
779,182,1344,1356.27,1.34284
780,-1245,314,1283.99,1.27127
781,-298,124,322.77,0.31957
782,631,670,920.36,0.91125
783,469,1167,1257.72,1.24526
784,114,1305,1309.97,1.29700
785,246,925,957.15,0.94768
786,574,346,670.22,0.66358
787,651,480,808.83,0.80082
788,606,1181,1327.40,1.31426
789,362,1066,1125.79,1.11464
790,63,666,668.97,0.66235
791,-119,781,790.01,0.78219
792,-496,1221,1317.90,1.30485
793,-347,1134,1185.90,1.17416
794,647,531,837.00,0.82871
795,1756,648,1871.75,1.85322
796,1593,1115,1944.45,1.92520
797,645,1157,1324.64,1.31153
798,455,861,973.83,0.96419
799,983,803,1269.29,1.25672
800,1112,639,1282.52,1.26982
801,638,366,735.53,0.72824
802,16,583,583.22,0.57745
803,-664,1123,1304.62,1.29170
804,-837,1035,1331.09,1.31791
805,-76,342,350.34,0.34687
806,1297,256,1322.02,1.30893
807,1861,1149,2187.13,2.16547
808,1138,1887,2203.59,2.18177
809,215,1593,1607.44,1.59153
810,181,839,858.30,0.84980
811,679,656,944.13,0.93478
812,747,848,1130.09,1.11891
813,454,865,976.90,0.96723
814,149,822,835.40,0.82712
815,114,1046,1052.19,1.04178
816,63,1080,1081.84,1.07112
817,204,679,708.98,0.70196
818,515,172,542.96,0.53759
819,977,355,1039.50,1.02920
820,1172,1187,1668.10,1.65158
821,871,1195,1478.74,1.46410
822,794,971,1254.30,1.24188
823,462,1118,1209.70,1.19772
824,-239,1458,1477.46,1.46283
825,-363,1464,1508.33,1.49340
826,199,1043,1061.81,1.05130
827,543,698,884.34,0.87558
828,535,732,906.67,0.89769
829,641,741,979.78,0.97008
830,872,558,1035.25,1.02500
831,818,341,886.23,0.87746
832,415,342,537.76,0.53244
833,56,599,601.61,0.59566
834,185,744,766.66,0.75907
835,352,796,870.36,0.86174
836,114,838,845.72,0.83735
837,-168,774,792.02,0.78418
838,10,562,562.09,0.55652
839,391,493,629.23,0.62300
840,437,724,845.66,0.83729
841,250,777,816.23,0.80815
842,137,674,687.78,0.68097
843,278,445,524.70,0.51950
844,423,472,633.81,0.62753
845,292,579,648.46,0.64204
846,3,769,769.01,0.76139
847,-45,770,771.31,0.76368
848,231,721,757.10,0.74961
849,784,373,868.21,0.85961
850,978,-33,978.56,0.96887
851,955,127,963.41,0.95387
# END
# FRAME,141,RX_TS,900534511446,FP_INDEX,749.8906,FP_INT,749,RXPACC,938,RXPWR,-73.52,FP_PWR,-77.74,STD_NOISE,72.00,NTM,13,NOISE_THRESH,936.00,PEAK_IDX,752,PEAK_AMPL,17118,START,699,elapsed_s,15.5231
sample,real,imag,amplitude,amplitude_norm
699,44,36,56.85,0.06061
700,102,104,145.67,0.15530
701,100,114,151.64,0.16167
702,147,36,151.34,0.16135
703,68,0,68.00,0.07249
704,-17,68,70.09,0.07473
705,-1,144,144.00,0.15352
706,28,83,87.60,0.09339
707,-8,-27,28.16,0.03002
708,-25,-12,27.73,0.02956
709,91,107,140.46,0.14975
710,180,251,308.87,0.32929
711,92,199,219.24,0.23373
712,31,62,69.32,0.07390
713,102,96,140.07,0.14933
714,113,125,168.51,0.17964
715,110,56,123.43,0.13159
716,92,143,170.04,0.18128
717,89,186,206.20,0.21983
718,10,272,272.18,0.29017
719,178,343,386.44,0.41198
720,107,450,462.55,0.49312
721,-83,210,225.81,0.24073
722,25,43,49.74,0.05303
723,102,148,179.74,0.19163
724,-7,263,263.09,0.28048
725,-89,127,155.08,0.16533
726,-18,-17,24.76,0.02640
727,84,36,91.39,0.09743
728,173,189,256.22,0.27316
729,126,165,207.61,0.22133
730,88,93,128.04,0.13650
731,116,18,117.39,0.12515
732,184,124,221.88,0.23655
733,128,115,172.07,0.18345
734,137,-53,146.89,0.15660
735,111,-3,111.04,0.11838
736,148,120,190.54,0.20313
737,-40,128,134.10,0.14297
738,6,67,67.27,0.07171
739,171,89,192.77,0.20552
740,259,155,301.84,0.32179
741,69,241,250.68,0.26725
742,-17,182,182.79,0.19487
743,49,114,124.08,0.13229
744,118,31,122.00,0.13007
745,118,109,160.64,0.17126
746,78,172,188.86,0.20134
747,75,201,214.54,0.22872
748,-23,249,250.06,0.26659
749,-1840,271,1859.85,1.98278
750,-9878,131,9878.87,10.53184
751,-16411,-1118,16449.04,17.53629
752,-16250,-3086,16540.43,17.63372
753,-7732,-4315,8854.55,9.43982
754,1931,-1883,2697.12,2.87539
755,-1630,55,1630.93,1.73873
756,-6101,898,6166.73,6.57434
757,-1621,1564,2252.50,2.40138
758,3709,1637,4054.19,4.32216
759,3106,615,3166.30,3.37559
760,277,-21,277.79,0.29616
761,-143,153,209.42,0.22327
762,1035,399,1109.25,1.18256
763,1458,244,1478.28,1.57599
764,923,-56,924.70,0.98582
765,607,28,607.65,0.64781
766,879,423,975.48,1.03996
767,1015,741,1256.70,1.33977
768,734,533,907.11,0.96707
769,637,100,644.80,0.68742
770,624,259,675.62,0.72027
771,-214,1542,1556.78,1.65968
772,-1900,2454,3103.56,3.30870
773,-1583,1017,1881.54,2.00590
774,970,-1262,1591.71,1.69692
775,2651,-1391,2993.77,3.19166
776,1509,335,1545.74,1.64791
777,-276,1050,1085.67,1.15743
778,-282,327,431.80,0.46034
779,585,-255,638.16,0.68034
780,1032,174,1046.57,1.11574
781,1002,745,1248.61,1.33114
782,865,625,1067.17,1.13771
783,595,-5,595.02,0.63435
784,620,-239,664.47,0.70839
785,1046,139,1055.20,1.12494
786,996,448,1092.12,1.16430
787,512,453,683.63,0.72882
788,493,545,734.90,0.78347
789,728,1022,1254.78,1.33772
790,699,1085,1290.67,1.37598
791,810,157,825.08,0.87961
792,1339,-902,1614.47,1.72119
793,1716,-744,1870.35,1.99397
794,1302,-1,1302.00,1.38806
795,864,201,887.07,0.94571
796,1037,-188,1053.90,1.12356
797,1019,-483,1127.67,1.20221
798,615,-428,749.27,0.79880
799,400,255,474.37,0.50572
800,538,1100,1224.52,1.30546
801,334,1411,1449.99,1.54583
802,105,658,666.33,0.71037
803,535,-604,806.87,0.86020
804,1576,-837,1784.47,1.90242
805,2100,-36,2100.31,2.23914
806,1545,718,1703.69,1.81630
807,965,478,1076.90,1.14808
808,732,-62,734.62,0.78318
809,935,-147,946.49,1.00905
810,1002,140,1011.73,1.07861
811,780,347,853.70,0.91013
812,790,511,940.86,1.00305
813,869,671,1097.91,1.17048
814,631,453,776.77,0.82811
815,382,-206,434.00,0.46269
816,632,-516,815.89,0.86982
817,1399,-300,1430.80,1.52538
818,1367,52,1367.99,1.45841
819,1058,-28,1058.37,1.12833
820,1092,160,1103.66,1.17661
821,1109,882,1416.97,1.51063
822,1006,1120,1505.47,1.60498
823,857,502,993.20,1.05885
824,764,2,764.00,0.81450
825,802,31,802.60,0.85565
826,873,-16,873.15,0.93086
827,865,-274,907.36,0.96733
828,631,-414,754.69,0.80457
829,447,-84,454.82,0.48489
830,414,284,502.05,0.53523
831,574,288,642.20,0.68465
832,675,161,693.94,0.73980
833,589,328,674.17,0.71873
834,461,722,856.62,0.91325
835,410,534,673.24,0.71774
836,551,144,569.51,0.60715
837,650,60,652.76,0.69591
838,630,262,682.31,0.72741
839,565,379,680.34,0.72531
840,623,128,636.01,0.67805
841,671,6,671.03,0.71538
842,574,144,591.79,0.63090
843,452,409,609.58,0.64987
844,531,497,727.30,0.77538
845,673,267,724.03,0.77189
846,749,-242,787.12,0.83915
847,445,-672,805.98,0.85926
848,472,-605,767.34,0.81806
# END
# FRAME,142,RX_TS,906924302500,FP_INDEX,747.2187,FP_INT,747,RXPACC,944,RXPWR,-73.33,FP_PWR,-76.66,STD_NOISE,68.00,NTM,13,NOISE_THRESH,884.00,PEAK_IDX,749,PEAK_AMPL,17807,START,697,elapsed_s,15.6153
sample,real,imag,amplitude,amplitude_norm
697,150,153,214.26,0.22697
698,159,70,173.73,0.18403
699,158,11,158.38,0.16778
700,122,90,151.60,0.16060
701,107,115,157.08,0.16640
702,110,134,173.37,0.18365
703,79,107,133.00,0.14089
704,53,95,108.78,0.11524
705,-52,-18,55.03,0.05829
706,-25,-1,25.02,0.02650
707,108,94,143.18,0.15167
708,164,140,215.63,0.22842
709,88,152,175.64,0.18606
710,52,141,150.28,0.15920
711,98,33,103.41,0.10954
712,178,73,192.39,0.20380
713,204,153,255.00,0.27013
714,117,214,243.90,0.25836
715,90,302,315.13,0.33382
716,271,453,527.87,0.55919
717,318,442,544.51,0.57681
718,167,429,460.36,0.48767
719,101,178,204.66,0.21680
720,113,20,114.76,0.12156
721,1,198,198.00,0.20975
722,-25,234,235.33,0.24929
723,58,168,177.73,0.18827
724,60,121,135.06,0.14307
725,164,68,177.54,0.18807
726,175,129,217.41,0.23030
727,113,97,148.92,0.15776
728,123,38,128.74,0.13637
729,184,91,205.27,0.21745
730,139,126,187.61,0.19874
731,87,65,108.60,0.11504
732,54,54,76.37,0.08090
733,113,104,153.57,0.16268
734,109,69,129.00,0.13666
735,99,123,157.89,0.16726
736,120,104,158.80,0.16822
737,118,106,158.62,0.16803
738,108,161,193.87,0.20537
739,84,160,180.71,0.19143
740,16,103,104.24,0.11042
741,46,34,57.20,0.06059
742,131,4,131.06,0.13884
743,87,107,137.91,0.14609
744,73,193,206.34,0.21859
745,105,216,240.17,0.25442
746,-619,616,873.28,0.92508
747,-5929,3144,6711.02,7.10913
748,-14094,6156,15379.76,16.29212
749,-16416,5348,17265.17,18.28938
750,-12714,1528,12805.49,13.56514
751,-1451,-2212,2645.44,2.80237
752,43,-388,390.38,0.41353
753,-4782,2897,5591.08,5.92275
754,-2958,2809,4079.25,4.32123
755,2834,568,2890.36,3.06182
756,3851,-738,3921.08,4.15368
757,1048,-415,1127.18,1.19404
758,-258,204,328.91,0.34842
759,729,169,748.33,0.79273
760,1535,-198,1547.72,1.63953
761,1077,-395,1147.15,1.21520
762,521,-278,590.53,0.62556
763,648,-9,648.06,0.68651
764,1143,210,1162.13,1.23107
765,1105,232,1129.09,1.19607
766,661,-180,685.07,0.72571
767,640,-351,729.93,0.77323
768,664,878,1100.81,1.16611
769,-175,2742,2747.58,2.91057
770,-1089,2504,2730.56,2.89254
771,-394,-560,684.72,0.72533
772,1431,-2612,2978.31,3.15498
773,1833,-1232,2208.55,2.33957
774,612,869,1062.88,1.12593
775,-77,931,934.18,0.98960
776,398,-114,414.00,0.43856
777,934,-374,1006.10,1.06578
778,1076,119,1082.56,1.14678
779,1128,282,1162.72,1.23169
780,649,-6,649.03,0.68753
781,399,-313,507.12,0.53720
782,762,-363,844.05,0.89412
783,1067,-173,1080.93,1.14506
784,770,123,779.76,0.82602
785,638,317,712.41,0.75468
786,874,616,1069.27,1.13270
787,1152,844,1428.09,1.51281
788,859,286,905.36,0.95907
789,653,-1006,1199.35,1.27050
790,983,-1501,1794.24,1.90068
791,1178,-828,1439.88,1.52530
792,957,-208,979.34,1.03744
793,806,-386,893.66,0.94668
794,730,-800,1083.01,1.14725
795,484,-734,879.21,0.93137
796,371,-184,414.12,0.43869
797,805,657,1039.07,1.10071
798,1063,1119,1543.42,1.63497
799,578,849,1027.08,1.08800
800,207,-241,317.69,0.33654
801,747,-1342,1535.89,1.62701
802,1679,-1138,2028.32,2.14864
803,1844,-142,1849.46,1.95917
804,1179,239,1202.98,1.27434
805,661,-75,665.24,0.70470
806,743,-372,830.92,0.88021
807,862,-171,878.80,0.93093
808,819,40,819.98,0.86862
809,936,25,936.33,0.99188
810,1134,173,1147.12,1.21517
811,981,220,1005.37,1.06501
812,370,-13,370.23,0.39219
813,260,-437,508.50,0.53866
814,840,-846,1192.19,1.26291
815,1207,-575,1336.96,1.41628
816,997,-414,1079.54,1.14358
817,956,-308,1004.39,1.06397
818,1299,251,1323.03,1.40151
819,1403,667,1553.48,1.64563
820,1159,258,1187.37,1.25781
821,706,-185,729.84,0.77313
822,646,-268,699.39,0.74087
823,657,-237,698.44,0.73987
824,714,-481,860.90,0.91198
825,548,-664,860.93,0.91200
826,315,-360,478.36,0.50673
827,377,120,395.64,0.41911
828,588,131,602.42,0.63815
829,702,-177,723.97,0.76692
830,743,-54,744.96,0.78915
831,708,385,805.91,0.85372
832,538,466,711.76,0.75398
833,436,20,436.46,0.46235
834,599,-304,671.73,0.71158
835,704,-148,719.39,0.76206
836,692,122,702.67,0.74436
837,614,24,614.47,0.65092
838,458,-102,469.22,0.49706
839,519,-70,523.70,0.55477
840,684,169,704.57,0.74637
841,780,273,826.40,0.87542
842,758,155,773.69,0.81958
843,558,-266,618.16,0.65483
844,131,-724,735.76,0.77940
845,-36,-772,772.84,0.81869
846,529,-475,710.96,0.75314
# END
# FRAME,143,RX_TS,913314093536,FP_INDEX,752.3750,FP_INT,752,RXPACC,1247,RXPWR,-75.66,FP_PWR,-79.43,STD_NOISE,88.00,NTM,13,NOISE_THRESH,1144.00,PEAK_IDX,754,PEAK_AMPL,20442,START,702,elapsed_s,15.7034
sample,real,imag,amplitude,amplitude_norm
702,122,117,169.04,0.13555
703,158,189,246.34,0.19755
704,134,237,272.26,0.21833
705,152,210,259.24,0.20789
706,64,149,162.16,0.13004
707,157,94,182.99,0.14674
708,71,28,76.32,0.06120
709,58,43,72.20,0.05790
710,80,12,80.89,0.06487
711,176,-61,186.27,0.14938
712,138,69,154.29,0.12373
713,172,240,295.27,0.23678
714,225,131,260.36,0.20879
715,107,62,123.66,0.09917
716,27,14,30.41,0.02439
717,81,55,97.91,0.07851
718,67,189,200.52,0.16081
719,126,101,161.48,0.12950
720,-52,147,155.93,0.12504
721,-125,401,420.03,0.33683
722,-137,598,613.49,0.49197
723,-173,452,483.98,0.38811
724,-54,55,77.08,0.06181
725,80,30,85.44,0.06852
726,-20,141,142.41,0.11420
727,-26,195,196.73,0.15776
728,60,243,250.30,0.20072
729,144,140,200.84,0.16106
730,193,75,207.06,0.16605
731,185,175,254.66,0.20422
732,211,210,297.69,0.23873
733,132,190,231.35,0.18553
734,86,170,190.52,0.15278
735,161,153,222.10,0.17811
736,232,62,240.14,0.19258
737,180,112,212.00,0.17001
738,83,216,231.40,0.18556
739,-8,155,155.21,0.12446
740,72,26,76.55,0.06139
741,187,49,193.31,0.15502
742,125,280,306.63,0.24590
743,151,443,468.03,0.37532
744,96,299,314.03,0.25183
745,144,51,152.76,0.12251
746,205,97,226.79,0.18187
747,201,198,282.14,0.22626
748,90,186,206.63,0.16570
749,40,103,110.49,0.08861
750,88,113,143.22,0.11485
751,-407,-146,432.39,0.34675
752,-4862,-3302,5877.27,4.71312
753,-14187,-11238,18098.72,14.51381
754,-16405,-15425,22517.88,18.05764
755,-11982,-15551,19631.66,15.74311
756,-471,-5743,5762.28,4.62092
757,2171,52,2171.62,1.74148
758,-4649,-3352,5731.41,4.59616
759,-5811,-3090,6581.48,5.27785
760,35,2597,2597.24,2.08279
761,3303,4549,5621.67,4.50816
762,1928,1596,2502.88,2.00712
763,-74,-224,235.91,0.18918
764,253,692,736.80,0.59086
765,1225,1582,2000.84,1.60452
766,1337,1098,1730.08,1.38739
767,933,451,1036.29,0.83102
768,757,657,1002.35,0.80381
769,818,1333,1563.97,1.25419
770,627,1491,1617.47,1.29709
771,588,820,1009.03,0.80917
772,798,575,983.58,0.78876
773,48,1146,1147.00,0.91981
774,-2557,1611,3022.18,2.42356
775,-3921,613,3968.63,3.18254
776,-618,-745,967.96,0.77623
777,3643,-359,3660.65,2.93556
778,3532,1073,3691.39,2.96022
779,290,1461,1489.50,1.19447
780,-1085,669,1274.67,1.02219
781,144,255,292.85,0.23484
782,1120,706,1323.95,1.06171
783,866,1252,1522.32,1.22079
784,596,1437,1555.69,1.24755
785,620,869,1067.50,0.85606
786,757,221,788.60,0.63240
787,979,419,1064.90,0.85397
788,1141,1176,1638.55,1.31400
789,687,1104,1300.30,1.04274
790,356,806,881.12,0.70659
791,82,1052,1055.19,0.84618
792,-117,1671,1675.09,1.34330
793,158,1432,1440.69,1.15532
794,1308,328,1348.50,1.08139
795,2522,39,2522.30,2.02270
796,2181,736,2301.84,1.84590
797,1066,1022,1476.77,1.18426
798,967,733,1213.42,0.97307
799,1582,393,1630.08,1.30720
800,1530,153,1537.63,1.23306
801,738,217,769.24,0.61687
802,64,953,955.15,0.76596
803,-466,1702,1764.64,1.41511
804,-498,1337,1426.74,1.14413
805,320,228,392.92,0.31509
806,1845,15,1845.06,1.47960
807,2633,967,2804.96,2.24936
808,1836,1803,2573.27,2.06357
809,897,1612,1844.76,1.47936
810,766,817,1119.93,0.89810
811,1079,564,1217.51,0.97635
812,1145,771,1380.39,1.10697
813,851,910,1245.91,0.99913
814,648,1012,1201.69,0.96366
815,610,1260,1399.89,1.12261
816,478,1220,1310.30,1.05076
817,532,439,689.74,0.55312
818,862,-171,878.80,0.70473
819,1455,157,1463.45,1.17357
820,1723,965,1974.83,1.58366
821,1326,961,1637.62,1.31325
822,1254,828,1502.70,1.20505
823,904,1386,1654.75,1.32699
824,333,2056,2082.79,1.67024
825,382,1740,1781.44,1.42858
826,752,825,1116.30,0.89519
827,933,475,1046.95,0.83958
828,1033,631,1210.48,0.97071
829,1188,581,1322.46,1.06051
830,1157,300,1195.26,0.95851
831,865,179,883.33,0.70836
832,484,487,686.60,0.55060
833,390,742,838.25,0.67221
834,641,595,874.59,0.70135
835,682,661,949.76,0.76164
836,168,973,987.40,0.79182
837,-61,956,957.94,0.76820
838,344,622,710.79,0.57000
839,760,454,885.28,0.70993
840,668,676,950.37,0.76212
841,370,889,962.92,0.77219
842,451,702,834.39,0.66912
843,718,507,878.96,0.70486
844,630,493,799.97,0.64151
845,356,709,793.36,0.63621
846,290,976,1018.17,0.81650
847,456,947,1051.07,0.84288
848,769,694,1035.86,0.83068
849,1038,-154,1049.36,0.84151
850,1027,-450,1121.26,0.89917
851,1174,18,1174.14,0.94157
# END
# FRAME,144,RX_TS,919703884576,FP_INDEX,748.6719,FP_INT,748,RXPACC,1011,RXPWR,-73.62,FP_PWR,-77.14,STD_NOISE,60.00,NTM,13,NOISE_THRESH,780.00,PEAK_IDX,750,PEAK_AMPL,18354,START,698,elapsed_s,15.8902
sample,real,imag,amplitude,amplitude_norm
698,106,66,124.87,0.12351
699,16,74,75.71,0.07489
700,-8,127,127.25,0.12587
701,32,51,60.21,0.05955
702,162,120,201.60,0.19941
703,133,143,195.29,0.19316
704,101,154,184.17,0.18216
705,100,185,210.30,0.20801
706,130,253,284.45,0.28135
707,11,273,273.22,0.27025
708,63,192,202.07,0.19987
709,113,-23,115.32,0.11406
710,143,-30,146.11,0.14452
711,178,166,243.39,0.24074
712,117,261,286.02,0.28291
713,119,176,212.45,0.21014
714,148,88,172.19,0.17031
715,166,85,186.50,0.18447
716,252,149,292.75,0.28957
717,442,74,448.15,0.44328
718,503,-183,535.26,0.52943
719,381,-135,404.21,0.39981
720,189,225,293.85,0.29065
721,90,212,230.31,0.22781
722,346,104,361.29,0.35736
723,396,199,443.19,0.43837
724,189,280,337.82,0.33414
725,52,232,237.76,0.23517
726,11,97,97.62,0.09656
727,70,-74,101.86,0.10075
728,129,15,129.87,0.12846
729,120,77,142.58,0.14103
730,87,55,102.93,0.10181
731,112,-6,112.16,0.11094
732,85,28,89.49,0.08852
733,21,72,75.00,0.07418
734,92,82,123.24,0.12190
735,217,202,296.47,0.29324
736,190,273,332.61,0.32899
737,137,188,232.62,0.23009
738,117,72,137.38,0.13588
739,137,-48,145.17,0.14359
740,205,122,238.56,0.23596
741,148,141,204.41,0.20219
742,90,76,117.80,0.11651
743,105,60,120.93,0.11962
744,68,54,86.83,0.08589
745,119,43,126.53,0.12515
746,139,61,151.80,0.15014
747,315,310,441.96,0.43715
748,2133,2884,3587.08,3.54805
749,7003,11292,13287.26,13.14269
750,8480,16393,18456.46,18.25565
751,5936,16401,17442.16,17.25238
752,-16,7353,7353.02,7.27301
753,-1998,-420,2041.67,2.01945
754,1980,3325,3869.89,3.82778
755,4097,5136,6569.92,6.49844
756,1650,-549,1738.94,1.72002
757,-800,-4235,4309.90,4.26301
758,-939,-2125,2323.22,2.29794
759,-127,272,300.19,0.29692
760,176,-82,194.16,0.19205
761,-83,-1143,1146.01,1.13354
762,-448,-1121,1207.21,1.19407
763,-575,-510,768.59,0.76022
764,-322,-446,550.09,0.54411
765,-73,-807,810.29,0.80148
766,173,-1031,1045.41,1.03404
767,67,-718,721.12,0.71327
768,-295,-457,543.94,0.53802
769,144,-618,634.55,0.62765
770,2125,-349,2153.47,2.13004
771,3496,750,3575.54,3.53664
772,1333,1157,1765.09,1.74588
773,-2183,-179,2190.33,2.16650
774,-2584,-1476,2975.84,2.94346
775,-59,-1098,1099.58,1.08762
776,1238,-111,1242.97,1.22944
777,442,151,467.08,0.46200
778,-451,-310,547.27,0.54131
779,-240,-908,939.18,0.92896
780,130,-1125,1132.49,1.12016
781,85,-744,748.84,0.74069
782,-242,-265,358.87,0.35497
783,-385,-281,476.64,0.47145
784,-396,-820,910.61,0.90071
785,-122,-822,831.00,0.82196
786,199,-455,496.61,0.49121
787,433,-517,674.37,0.66703
788,701,-952,1182.25,1.16938
789,544,-897,1049.07,1.03765
790,-573,-470,741.10,0.73304
791,-1630,-507,1707.03,1.68846
792,-1409,-879,1660.70,1.64263
793,-469,-874,991.89,0.98109
794,-322,-578,661.64,0.65444
795,-791,-493,932.06,0.92192
796,-973,-301,1018.49,1.00741
797,-498,15,498.23,0.49281
798,219,-352,414.57,0.41006
799,920,-987,1349.28,1.33460
800,1110,-725,1325.79,1.31137
801,290,49,294.11,0.29091
802,-1095,-10,1095.05,1.08313
803,-1696,-970,1953.80,1.93254
804,-990,-1771,2028.93,2.00685
805,-100,-1480,1483.37,1.46723
806,-65,-711,713.96,0.70620
807,-434,-393,585.50,0.57913
808,-464,-559,726.48,0.71858
809,-221,-625,662.92,0.65571
810,-96,-645,652.11,0.64501
811,-2,-900,900.00,0.89021
812,121,-999,1006.30,0.99535
813,-41,-432,433.94,0.42922
814,-432,73,438.12,0.43336
815,-792,-88,796.87,0.78820
816,-916,-930,1305.36,1.29115
817,-652,-892,1104.88,1.09286
818,-543,-596,806.27,0.79749
819,-185,-840,860.13,0.85077
820,458,-1323,1400.03,1.38480
821,428,-1231,1303.28,1.28910
822,-107,-721,728.90,0.72097
823,-342,-449,564.42,0.55827
824,-405,-445,601.71,0.59516
825,-456,-598,752.02,0.74384
826,-668,-336,747.74,0.73961
827,-565,-60,568.18,0.56199
828,-164,-149,221.58,0.21917
829,143,-379,405.08,0.40067
830,-123,-412,429.97,0.42529
831,-271,-462,535.62,0.52979
832,135,-617,631.60,0.62472
833,371,-602,707.14,0.69944
834,145,-391,417.02,0.41248
835,-236,-295,377.78,0.37367
836,-234,-400,463.42,0.45838
837,-28,-517,517.76,0.51212
838,21,-457,457.48,0.45250
839,-179,-322,368.41,0.36440
840,-220,-257,338.30,0.33462
841,79,-390,397.92,0.39359
842,313,-521,607.79,0.60118
843,275,-544,609.56,0.60293
844,-13,-558,558.15,0.55208
845,-507,-131,523.65,0.51795
846,-697,221,731.20,0.72324
847,-763,-22,763.32,0.75501
# END
# FRAME,145,RX_TS,926093675595,FP_INDEX,746.0937,FP_INT,746,RXPACC,911,RXPWR,-73.56,FP_PWR,-77.26,STD_NOISE,60.00,NTM,13,NOISE_THRESH,780.00,PEAK_IDX,748,PEAK_AMPL,16872,START,696,elapsed_s,15.9528
sample,real,imag,amplitude,amplitude_norm
696,142,152,208.01,0.22833
697,153,98,181.69,0.19945
698,146,63,159.01,0.17455
699,89,124,152.63,0.16755
700,62,119,134.18,0.14729
701,0,143,143.00,0.15697
702,39,39,55.15,0.06054
703,88,37,95.46,0.10479
704,-91,-16,92.40,0.10142
705,-42,23,47.89,0.05256
706,126,-5,126.10,0.13842
707,240,120,268.33,0.29454
708,81,94,124.08,0.13621
709,-65,54,84.50,0.09276
710,-31,86,91.42,0.10035
711,95,88,129.50,0.14215
712,94,104,140.19,0.15388
713,38,182,185.92,0.20409
714,74,303,311.91,0.34238
715,95,418,428.66,0.47054
716,174,473,503.99,0.55323
717,-21,371,371.59,0.40790
718,-26,149,151.25,0.16603
719,-11,84,84.72,0.09299
720,-108,247,269.58,0.29592
721,27,246,247.48,0.27165
722,89,153,177.00,0.19430
723,178,59,187.52,0.20584
724,152,80,171.77,0.18855
725,152,172,229.54,0.25196
726,176,176,248.90,0.27322
727,161,139,212.70,0.23348
728,144,140,200.84,0.22046
729,174,89,195.44,0.21453
730,137,36,141.65,0.15549
731,139,60,151.40,0.16619
732,142,120,185.91,0.20408
733,13,73,74.15,0.08139
734,-11,16,19.42,0.02131
735,51,47,69.35,0.07613
736,211,128,246.79,0.27090
737,214,204,295.66,0.32454
738,62,86,106.02,0.11638
739,48,5,48.26,0.05297
740,251,96,268.73,0.29499
741,257,141,293.14,0.32178
742,92,115,147.27,0.16166
743,63,22,66.73,0.07325
744,71,90,114.63,0.12583
745,-998,364,1062.31,1.16609
746,-7356,677,7387.09,8.10877
747,-15188,151,15188.75,16.67261
748,-16418,-1405,16478.01,18.08782
749,-10823,-3418,11349.89,12.45872
750,-32,-2412,2412.21,2.64787
751,-365,-542,653.44,0.71728
752,-5461,635,5497.79,6.03490
753,-2936,1465,3281.21,3.60176
754,2677,1594,3115.63,3.42001
755,3496,714,3568.17,3.91676
756,873,-89,877.52,0.96325
757,-92,119,150.42,0.16511
758,799,572,982.64,1.07864
759,1393,391,1446.83,1.58818
760,1009,-111,1015.09,1.11426
761,660,-162,679.59,0.74598
762,855,267,895.72,0.98323
763,956,654,1158.30,1.27146
764,854,559,1020.68,1.12040
765,756,143,769.41,0.84457
766,848,66,850.56,0.93366
767,289,1134,1170.25,1.28457
768,-1257,2435,2740.31,3.00802
769,-1780,1712,2469.69,2.71096
770,263,-792,834.53,0.91605
771,2435,-1834,3048.41,3.34622
772,1962,-309,1986.18,2.18022
773,125,1065,1072.31,1.17707
774,-351,665,751.95,0.82541
775,444,-120,459.93,0.50486
776,1018,3,1018.00,1.11746
777,1016,607,1183.51,1.29914
778,934,611,1116.10,1.22514
779,579,160,600.70,0.65939
780,552,-129,566.87,0.62225
781,1033,102,1038.02,1.13943
782,1167,315,1208.77,1.32686
783,641,335,723.26,0.79392
784,329,435,545.40,0.59869
785,652,838,1061.77,1.16550
786,738,1157,1372.33,1.50640
787,683,457,821.79,0.90207
788,1080,-708,1291.38,1.41754
789,1562,-857,1781.65,1.95571
790,1364,-103,1367.88,1.50152
791,974,327,1027.43,1.12780
792,922,-157,935.27,1.02664
793,1067,-570,1209.71,1.32789
794,781,-502,928.42,1.01912
795,441,30,442.02,0.48520
796,623,904,1097.88,1.20514
797,488,1396,1478.84,1.62331
798,150,829,842.46,0.92477
799,364,-382,527.66,0.57920
800,1318,-953,1626.45,1.78534
801,2024,-386,2060.48,2.26178
802,1685,468,1748.79,1.91963
803,999,509,1121.20,1.23073
804,671,70,674.64,0.74055
805,874,-101,879.82,0.96577
806,963,65,965.19,1.05949
807,818,271,861.72,0.94591
808,822,406,916.80,1.00637
809,928,587,1098.07,1.20534
810,711,425,828.34,0.90926
811,361,-106,376.24,0.41300
812,443,-485,656.87,0.72104
813,1091,-387,1157.61,1.27070
814,1289,-1,1289.00,1.41493
815,1009,-51,1010.29,1.10899
816,1053,-21,1053.21,1.15610
817,1044,622,1215.24,1.33397
818,914,1148,1467.41,1.61077
819,882,733,1146.83,1.25887
820,800,51,801.62,0.87994
821,806,-94,811.46,0.89074
822,853,-64,855.40,0.93897
823,824,-157,838.82,0.92077
824,682,-331,758.08,0.83214
825,472,-108,484.20,0.53150
826,481,216,527.27,0.57879
827,516,236,567.41,0.62284
828,683,89,688.77,0.75606
829,636,199,666.41,0.73151
830,461,632,782.27,0.85869
831,400,548,678.46,0.74474
832,497,186,530.66,0.58251
833,667,-9,667.06,0.73223
834,618,101,626.20,0.68738
835,555,269,616.75,0.67701
836,544,173,570.85,0.62661
837,533,-3,533.01,0.58508
838,579,69,583.10,0.64006
839,548,251,602.75,0.66163
840,579,474,748.28,0.82138
841,617,371,719.95,0.79029
842,618,-108,627.37,0.68866
843,337,-550,645.03,0.70805
844,360,-630,725.60,0.79649
845,808,-86,812.56,0.89195
# END
# FRAME,146,RX_TS,932483466615,FP_INDEX,750.7344,FP_INT,750,RXPACC,924,RXPWR,-72.48,FP_PWR,-77.10,STD_NOISE,64.00,NTM,13,NOISE_THRESH,832.00,PEAK_IDX,753,PEAK_AMPL,16915,START,700,elapsed_s,16.0989
sample,real,imag,amplitude,amplitude_norm
700,64,44,77.67,0.08405
701,122,11,122.49,0.13257
702,135,42,141.38,0.15301
703,119,74,140.13,0.15166
704,50,43,65.95,0.07137
705,-14,28,31.30,0.03388
706,24,95,97.98,0.10604
707,125,90,154.03,0.16670
708,68,48,83.23,0.09008
709,-15,7,16.55,0.01791
710,-29,100,104.12,0.11268
711,96,71,119.40,0.12922
712,129,91,157.87,0.17085
713,33,51,60.75,0.06574
714,0,52,52.00,0.05628
715,57,18,59.77,0.06469
716,138,102,171.60,0.18572
717,63,181,191.65,0.20741
718,-46,170,176.11,0.19060
719,56,347,351.49,0.38040
720,184,408,447.57,0.48438
721,217,480,526.77,0.57010
722,-56,278,283.58,0.30691
723,-82,-15,83.36,0.09022
724,42,75,85.96,0.09303
725,93,124,155.00,0.16775
726,57,63,84.96,0.09195
727,28,-36,45.61,0.04936
728,122,-5,122.10,0.13215
729,144,109,180.60,0.19546
730,271,181,325.89,0.35269
731,170,164,236.21,0.25564
732,109,123,164.35,0.17786
733,153,28,155.54,0.16833
734,135,-68,151.16,0.16359
735,120,-103,158.14,0.17115
736,85,21,87.56,0.09476
737,-24,43,49.24,0.05329
738,22,12,25.06,0.02712
739,36,95,101.59,0.10995
740,161,101,190.06,0.20569
741,267,139,301.01,0.32577
742,206,165,263.93,0.28564
743,21,87,89.50,0.09686
744,-14,4,14.56,0.01576
745,49,12,50.45,0.05460
746,82,141,163.11,0.17653
747,140,244,281.31,0.30445
748,109,115,158.45,0.17148
749,-213,116,242.54,0.26249
750,-2730,457,2767.99,2.99566
751,-10904,950,10945.31,11.84557
752,-16409,172,16409.90,17.75963
753,-16404,-1762,16498.36,17.85537
754,-10720,-3410,11249.29,12.17455
755,-2277,-2295,3232.92,3.49883
756,-3115,-255,3125.42,3.38249
757,-4826,1197,4972.23,5.38120
758,-643,1917,2021.96,2.18827
759,3309,1569,3662.14,3.96335
760,2173,359,2202.46,2.38361
761,43,-194,198.71,0.21505
762,-164,227,280.04,0.30308
763,667,434,795.77,0.86122
764,850,177,868.23,0.93965
765,498,-188,532.30,0.57609
766,477,-145,498.55,0.53956
767,713,265,760.65,0.82322
768,768,500,916.42,0.99180
769,602,369,706.09,0.76417
770,558,14,558.18,0.60409
771,576,354,676.09,0.73169
772,-323,1710,1740.24,1.88337
773,-1785,2504,3075.10,3.32803
774,-1554,982,1838.27,1.98947
775,658,-1254,1416.15,1.53263
776,2130,-1409,2553.86,2.76391
777,1061,250,1090.06,1.17971
778,-517,1003,1128.41,1.22122
779,-315,409,516.24,0.55870
780,528,-31,528.91,0.57241
781,774,253,814.30,0.88128
782,630,519,816.25,0.88339
783,586,373,694.64,0.75178
784,453,-34,454.27,0.49164
785,500,-131,516.88,0.55939
786,854,193,875.54,0.94755
787,885,409,974.94,1.05513
788,343,389,518.62,0.56128
789,173,548,574.66,0.62193
790,408,1095,1168.54,1.26466
791,521,1011,1137.35,1.23090
792,636,-100,643.81,0.69677
793,1124,-1028,1523.21,1.64849
794,1326,-828,1563.29,1.69187
795,913,-121,920.98,0.99674
796,604,86,610.09,0.66027
797,808,-338,875.85,0.94789
798,806,-654,1037.96,1.12333
799,419,-448,613.40,0.66386
800,369,339,501.08,0.54230
801,462,1267,1348.60,1.45953
802,260,1343,1367.94,1.48045
803,-40,413,414.93,0.44906
804,475,-737,876.81,0.94893
805,1557,-941,1819.27,1.96890
806,1930,-109,1933.08,2.09207
807,1386,493,1471.07,1.59207
808,735,353,815.37,0.88244
809,732,-139,745.08,0.80636
810,947,-99,952.16,1.03048
811,874,134,884.21,0.95694
812,783,221,813.59,0.88051
813,855,455,968.53,1.04819
814,911,590,1085.37,1.17464
815,567,243,616.88,0.66762
816,276,-280,393.16,0.42550
817,515,-545,749.83,0.81151
818,1171,-389,1233.92,1.33541
819,1267,-99,1270.86,1.37539
820,929,-59,930.87,1.00744
821,887,175,904.10,0.97846
822,1042,911,1384.08,1.49793
823,1108,1043,1521.68,1.64684
824,755,410,859.14,0.92981
825,632,-70,635.86,0.68817
826,610,-51,612.13,0.66248
827,695,-79,699.48,0.75701
828,682,-371,776.38,0.84024
829,560,-345,657.74,0.71184
830,411,-23,411.64,0.44550
831,404,295,500.24,0.54139
832,572,142,589.36,0.63784
833,665,131,677.78,0.73353
834,609,377,716.25,0.77516
835,436,668,797.70,0.86331
836,422,508,660.42,0.71473
837,537,140,554.95,0.60059
838,628,77,632.70,0.68474
839,588,265,644.96,0.69800
840,588,319,668.96,0.72398
841,611,69,614.88,0.66546
842,581,42,582.52,0.63043
843,528,231,576.32,0.62372
844,479,475,674.59,0.73007
845,553,451,713.59,0.77228
846,713,248,754.90,0.81699
847,562,-337,655.30,0.70919
848,375,-750,838.53,0.90750
849,399,-654,766.11,0.82912
# END
# FRAME,147,RX_TS,938873257576,FP_INDEX,746.5469,FP_INT,746,RXPACC,983,RXPWR,-73.60,FP_PWR,-76.93,STD_NOISE,96.00,NTM,13,NOISE_THRESH,1248.00,PEAK_IDX,748,PEAK_AMPL,18201,START,696,elapsed_s,16.1566
sample,real,imag,amplitude,amplitude_norm
696,102,117,155.22,0.15790
697,129,79,151.27,0.15388
698,143,29,145.91,0.14843
699,58,69,90.14,0.09170
700,24,120,122.38,0.12449
701,57,172,181.20,0.18433
702,43,135,141.68,0.14413
703,51,185,191.90,0.19522
704,3,142,142.03,0.14449
705,28,277,278.41,0.28323
706,111,152,188.22,0.19147
707,197,82,213.38,0.21707
708,146,92,172.57,0.17555
709,2,178,178.01,0.18109
710,60,133,145.91,0.14843
711,127,91,156.24,0.15894
712,115,98,151.09,0.15371
713,30,182,184.46,0.18765
714,84,278,290.41,0.29544
715,355,283,454.00,0.46185
716,585,183,612.96,0.62356
717,563,294,635.14,0.64613
718,143,397,421.97,0.42927
719,57,235,241.81,0.24600
720,137,176,223.04,0.22689
721,254,216,333.42,0.33919
722,159,165,229.14,0.23310
723,25,100,103.08,0.10486
724,60,56,82.07,0.08349
725,131,29,134.17,0.13649
726,149,45,155.65,0.15834
727,163,6,163.11,0.16593
728,166,12,166.43,0.16931
729,153,117,192.61,0.19594
730,6,60,60.30,0.06134
731,-31,25,39.82,0.04051
732,47,-13,48.76,0.04961
733,168,157,229.94,0.23392
734,102,188,213.89,0.21759
735,138,116,180.28,0.18340
736,218,75,230.54,0.23453
737,276,110,297.11,0.30225
738,226,226,319.61,0.32514
739,114,175,208.86,0.21247
740,5,43,43.29,0.04404
741,102,-17,103.41,0.10520
742,104,30,108.24,0.11011
743,77,228,240.65,0.24481
744,58,179,188.16,0.19142
745,66,386,391.60,0.39837
746,-944,3728,3845.66,3.91217
747,-4603,12840,13640.13,13.87603
748,-7452,16403,18016.40,18.32798
749,-8898,13920,16520.92,16.80663
750,-5194,3378,6195.85,6.30300
751,-816,-1864,2034.79,2.06998
752,-1180,3745,3926.50,3.99441
753,-626,5908,5941.07,6.04382
754,2302,525,2361.11,2.40194
755,3149,-3235,4514.58,4.59265
756,1060,-2039,2298.07,2.33781
757,-210,4,210.04,0.21367
758,405,62,409.72,0.41680
759,949,-761,1216.44,1.23748
760,581,-981,1140.14,1.15986
761,78,-687,691.41,0.70337
762,216,-501,545.58,0.55501
763,695,-599,917.51,0.93338
764,1006,-572,1157.25,1.17726
765,650,-468,800.95,0.81480
766,297,-611,679.36,0.69111
767,733,-277,783.59,0.79714
768,1713,1455,2247.53,2.28640
769,1595,2998,3395.88,3.45461
770,-26,1327,1327.25,1.35021
771,-1115,-2017,2304.67,2.34453
772,-218,-2743,2751.65,2.79924
773,911,-555,1066.75,1.08519
774,768,841,1138.91,1.15860
775,183,264,321.22,0.32678
776,157,-632,651.21,0.66247
777,665,-681,951.83,0.96829
778,969,-477,1080.04,1.09872
779,680,-395,786.40,0.80000
780,156,-399,428.41,0.43582
781,98,-645,652.40,0.66369
782,645,-921,1124.40,1.14384
783,741,-559,928.20,0.94426
784,599,-109,608.84,0.61937
785,817,-96,822.62,0.83685
786,1272,-117,1277.37,1.29946
787,1036,-300,1078.56,1.09721
788,59,-844,846.06,0.86069
789,-520,-1752,1827.54,1.85915
790,-67,-1726,1727.30,1.75717
791,434,-939,1034.45,1.05234
792,376,-598,706.39,0.71860
793,119,-978,985.21,1.00225
794,-214,-946,969.90,0.98668
795,-197,-485,523.48,0.53254
796,610,-31,610.79,0.62135
797,1522,262,1544.39,1.57109
798,1339,447,1411.64,1.43605
799,211,164,267.24,0.27186
800,-613,-1077,1239.23,1.26066
801,-112,-2050,2053.06,2.08856
802,981,-1867,2109.04,2.14551
803,1211,-916,1518.41,1.54467
804,495,-526,722.29,0.73478
805,97,-683,689.85,0.70178
806,254,-845,882.35,0.89761
807,487,-684,839.66,0.85418
808,576,-517,773.99,0.78738
809,865,-540,1019.72,1.03735
810,898,-613,1087.28,1.10608
811,407,-357,541.39,0.55075
812,-182,-342,387.41,0.39411
813,-207,-772,799.27,0.81309
814,363,-1355,1402.78,1.42704
815,447,-1102,1189.21,1.20977
816,346,-787,859.70,0.87457
817,746,-708,1028.48,1.04627
818,1311,-596,1440.12,1.46502
819,1302,-509,1397.96,1.42213
820,647,-490,811.61,0.82564
821,145,-517,536.95,0.54623
822,202,-589,622.68,0.63344
823,255,-652,700.09,0.71220
824,-36,-683,683.95,0.69578
825,-173,-526,553.72,0.56330
826,130,-238,271.19,0.27588
827,390,-162,422.31,0.42961
828,328,-327,463.16,0.47117
829,387,-494,627.54,0.63839
830,726,-266,773.20,0.78657
831,894,-22,894.27,0.90974
832,544,-114,555.82,0.56543
833,255,-479,542.65,0.55203
834,323,-623,701.75,0.71389
835,591,-447,741.01,0.75382
836,518,-240,570.90,0.58077
837,309,-327,449.90,0.45768
838,265,-413,490.71,0.49919
839,446,-259,515.75,0.52467
840,696,-187,720.68,0.73315
841,714,-289,770.27,0.78359
842,463,-445,642.18,0.65328
843,-172,-508,536.33,0.54560
844,-561,-427,705.02,0.71721
845,-342,-614,702.82,0.71498
# END
# FRAME,148,RX_TS,945263048562,FP_INDEX,750.6094,FP_INT,750,RXPACC,1144,RXPWR,-74.52,FP_PWR,-79.09,STD_NOISE,84.00,NTM,13,NOISE_THRESH,1092.00,PEAK_IDX,753,PEAK_AMPL,19300,START,700,elapsed_s,16.2102
sample,real,imag,amplitude,amplitude_norm
700,118,157,196.40,0.17168
701,225,149,269.86,0.23589
702,179,107,208.54,0.18229
703,116,90,146.82,0.12834
704,175,70,188.48,0.16476
705,191,47,196.70,0.17194
706,152,38,156.68,0.13696
707,142,3,142.03,0.12415
708,181,-44,186.27,0.16282
709,206,-73,218.55,0.19104
710,221,4,221.04,0.19321
711,226,175,285.83,0.24985
712,105,229,251.92,0.22021
713,66,75,99.90,0.08733
714,141,-120,185.15,0.16185
715,129,26,131.59,0.11503
716,41,67,78.55,0.06866
717,36,124,129.12,0.11287
718,-80,129,151.79,0.13269
719,-172,302,347.55,0.30380
720,-200,498,536.66,0.46911
721,-161,512,536.72,0.46916
722,-138,128,188.22,0.16453
723,-36,-30,46.86,0.04096
724,111,56,124.33,0.10868
725,7,156,156.16,0.13650
726,49,102,113.16,0.09892
727,115,-41,122.09,0.10672
728,154,96,181.47,0.15863
729,122,213,245.46,0.21457
730,77,164,181.18,0.15837
731,113,196,226.24,0.19776
732,131,127,182.46,0.15949
733,134,58,146.01,0.12763
734,189,120,223.88,0.19570
735,174,84,193.21,0.16889
736,38,31,49.04,0.04287
737,22,131,132.83,0.11611
738,6,107,107.17,0.09368
739,141,128,190.43,0.16646
740,138,155,207.53,0.18141
741,124,143,189.27,0.16545
742,143,109,179.81,0.15717
743,112,41,119.27,0.10426
744,84,65,106.21,0.09284
745,143,172,223.68,0.19552
746,114,164,199.73,0.17459
747,126,60,139.56,0.12199
748,117,24,119.44,0.10440
749,-319,-215,384.69,0.33627
750,-3424,-2897,4485.13,3.92057
751,-10936,-10499,15159.98,13.25173
752,-13709,-15292,20537.33,17.95221
753,-11267,-16401,19898.19,17.39353
754,-4376,-11054,11888.66,10.39219
755,489,-2815,2857.16,2.49751
756,-2992,-2617,3975.02,3.47466
757,-4940,-2172,5396.40,4.71714
758,-1351,2382,2738.45,2.39375
759,2130,4496,4975.03,4.34880
760,1839,1775,2555.88,2.23416
761,267,-297,399.37,0.34910
762,-173,295,341.99,0.29894
763,260,964,998.45,0.87277
764,787,684,1042.70,0.91145
765,911,188,930.20,0.81311
766,559,444,713.87,0.62402
767,413,983,1066.24,0.93202
768,204,1066,1085.34,0.94873
769,234,647,688.02,0.60141
770,614,498,790.57,0.69106
771,86,848,852.35,0.74506
772,-2107,994,2329.70,2.03645
773,-3697,237,3704.59,3.23828
774,-1298,-826,1538.53,1.34487
775,2550,-367,2576.27,2.25199
776,3158,884,3279.39,2.86660
777,399,977,1055.33,0.92249
778,-1182,166,1193.60,1.04336
779,-182,-91,203.48,0.17787
780,703,436,827.23,0.72310
781,408,937,1021.98,0.89333
782,99,1043,1047.69,0.91581
783,253,776,816.20,0.71346
784,555,250,608.71,0.53209
785,736,383,829.69,0.72525
786,834,977,1284.56,1.12286
787,619,922,1110.52,0.97073
788,56,390,394.00,0.34441
789,-273,605,663.74,0.58019
790,-552,1430,1532.84,1.33990
791,-314,1230,1269.45,1.10966
792,997,382,1067.68,0.93328
793,2200,35,2200.28,1.92332
794,1883,458,1937.90,1.69397
795,955,724,1198.42,1.04757
796,653,585,876.72,0.76636
797,1138,422,1213.72,1.06095
798,1194,93,1197.62,1.04687
799,752,-106,759.43,0.66384
800,13,579,579.15,0.50625
801,-839,1451,1676.10,1.46513
802,-1143,1158,1627.09,1.42228
803,-209,61,217.72,0.19031
804,1385,-225,1403.16,1.22654
805,2268,750,2388.79,2.08810
806,1660,1618,2318.09,2.02630
807,659,1490,1629.23,1.42415
808,503,785,932.33,0.81497
809,966,459,1069.50,0.93488
810,1130,712,1335.61,1.16749
811,733,891,1153.76,1.00853
812,527,1020,1148.10,1.00358
813,596,1158,1302.37,1.13844
814,477,1188,1280.18,1.11904
815,444,723,848.45,0.74165
816,650,46,651.63,0.56960
817,1159,40,1159.69,1.01372
818,1595,724,1751.63,1.53114
819,1273,903,1560.75,1.36429
820,884,655,1100.22,0.96173
821,641,1067,1244.74,1.08806
822,113,1597,1600.99,1.39947
823,61,1672,1673.11,1.46251
824,403,934,1017.23,0.88919
825,681,459,821.24,0.71787
826,774,418,879.66,0.76893
827,846,517,991.47,0.86667
828,954,291,997.40,0.87185
829,837,110,844.20,0.73793
830,497,334,598.80,0.52343
831,298,638,704.16,0.61553
832,553,664,864.12,0.75535
833,659,622,906.18,0.79212
834,274,860,902.59,0.78898
835,-138,864,874.95,0.76482
836,115,651,661.08,0.57787
837,628,502,803.98,0.70278
838,692,584,905.49,0.79152
839,430,820,925.90,0.80936
840,307,712,775.37,0.67777
841,515,598,789.20,0.68986
842,708,555,899.60,0.78637
843,384,728,823.07,0.71946
844,83,790,794.35,0.69436
845,189,836,857.10,0.74921
846,581,698,908.17,0.79385
847,1010,62,1011.90,0.88453
848,986,-353,1047.28,0.91546
849,938,-98,943.11,0.82439
# END
# FRAME,149,RX_TS,951652839503,FP_INDEX,745.6562,FP_INT,745,RXPACC,897,RXPWR,-73.53,FP_PWR,-76.83,STD_NOISE,68.00,NTM,13,NOISE_THRESH,884.00,PEAK_IDX,747,PEAK_AMPL,16460,START,695,elapsed_s,16.3783
sample,real,imag,amplitude,amplitude_norm
695,180,110,210.95,0.23517
696,45,113,121.63,0.13560
697,92,157,181.97,0.20286
698,99,1,99.01,0.11037
699,89,42,98.41,0.10971
700,63,235,243.30,0.27124
701,20,189,190.06,0.21188
702,-5,157,157.08,0.17512
703,43,138,144.54,0.16114
704,23,195,196.35,0.21890
705,76,146,164.60,0.18350
706,151,10,151.33,0.16871
707,233,-57,239.87,0.26741
708,107,17,108.34,0.12078
709,12,159,159.45,0.17776
710,65,103,121.79,0.13578
711,102,46,111.89,0.12474
712,78,34,85.09,0.09486
713,92,156,181.11,0.20190
714,306,162,346.24,0.38599
715,492,79,498.30,0.55552
716,480,81,486.79,0.54268
717,252,228,339.84,0.37886
718,149,175,229.84,0.25623
719,165,171,237.63,0.26491
720,229,228,323.15,0.36025
721,191,221,292.10,0.32564
722,68,119,137.06,0.15280
723,58,68,89.38,0.09964
724,175,-37,178.87,0.19941
725,124,7,124.20,0.13846
726,78,54,94.87,0.10576
727,51,56,75.74,0.08444
728,120,128,175.45,0.19560
729,81,104,131.82,0.14696
730,64,120,136.00,0.15162
731,95,132,162.63,0.18131
732,99,146,176.40,0.19666
733,32,173,175.93,0.19614
734,67,146,160.64,0.17909
735,132,51,141.51,0.15776
736,187,42,191.66,0.21367
737,207,115,236.80,0.26399
738,70,166,180.16,0.20084
739,-56,81,98.47,0.10978
740,-2,-3,3.61,0.00402
741,144,-21,145.52,0.16223
742,133,68,149.38,0.16653
743,119,106,159.36,0.17766
744,233,386,450.87,0.50264
745,431,3188,3217.00,3.58640
746,416,11802,11809.33,13.16536
747,-607,16408,16419.22,18.30460
748,-2032,15320,15454.17,17.22873
749,-1881,5693,5995.70,6.68417
750,-232,-1444,1462.52,1.63046
751,394,2785,2812.73,3.13571
752,849,5009,5080.44,5.66381
753,1631,-236,1647.99,1.83722
754,1317,-4123,4328.23,4.82523
755,11,-2459,2459.02,2.74139
756,-457,70,462.33,0.51542
757,163,237,287.64,0.32067
758,558,-805,979.48,1.09196
759,152,-1124,1134.23,1.26447
760,-312,-718,782.86,0.87275
761,-218,-515,559.24,0.62346
762,256,-688,734.08,0.81838
763,584,-771,967.21,1.07827
764,417,-672,790.87,0.88168
765,43,-653,654.41,0.72956
766,399,-485,628.03,0.70015
767,1664,616,1774.36,1.97810
768,2194,1984,2958.02,3.29768
769,496,1263,1356.90,1.51271
770,-1564,-1271,2015.33,2.24674
771,-1325,-2368,2713.49,3.02508
772,382,-834,917.32,1.02266
773,882,663,1103.40,1.23010
774,207,261,333.12,0.37137
775,-92,-599,606.02,0.67561
776,251,-865,900.68,1.00410
777,598,-765,970.99,1.08249
778,302,-515,597.02,0.66557
779,-45,-329,332.06,0.37019
780,-22,-575,575.42,0.64149
781,262,-1021,1054.08,1.17512
782,370,-661,757.51,0.84449
783,270,-154,310.83,0.34652
784,414,-187,454.27,0.50644
785,970,-487,1085.39,1.21002
786,919,-511,1051.51,1.17226
787,-259,-644,694.13,0.77384
788,-1198,-1196,1692.81,1.88720
789,-796,-1404,1613.95,1.79927
790,118,-886,893.82,0.99646
791,354,-620,713.94,0.79592
792,-202,-803,828.02,0.92310
793,-519,-718,885.94,0.98767
794,-429,-286,515.59,0.57480
795,326,-68,333.02,0.37126
796,1217,-165,1228.13,1.36916
797,1233,9,1233.03,1.37462
798,242,105,263.80,0.29409
799,-757,-579,953.04,1.06248
800,-709,-1619,1767.44,1.97039
801,152,-1701,1707.78,1.90388
802,576,-981,1137.60,1.26823
803,275,-425,506.21,0.56434
804,-115,-520,532.56,0.59372
805,-59,-840,842.07,0.93876
806,134,-815,825.94,0.92078
807,258,-681,728.23,0.81186
808,370,-761,846.18,0.94334
809,469,-750,884.57,0.98614
810,174,-369,407.97,0.45481
811,-265,-162,310.59,0.34626
812,-540,-473,717.86,0.80029
813,-213,-1099,1119.45,1.24799
814,80,-827,830.86,0.92627
815,-7,-639,639.04,0.71242
816,259,-710,755.77,0.84255
817,909,-771,1191.94,1.32881
818,896,-784,1190.58,1.32729
819,302,-630,698.64,0.77887
820,-40,-542,543.47,0.60588
821,-90,-537,544.49,0.60701
822,-122,-638,649.56,0.72415
823,-216,-551,591.83,0.65978
824,-287,-389,483.41,0.53892
825,-42,-132,138.52,0.15443
826,191,-104,217.48,0.24245
827,152,-258,299.45,0.33383
828,141,-416,439.25,0.48968
829,301,-354,464.67,0.51803
830,509,-245,564.89,0.62976
831,330,-232,403.39,0.44971
832,3,-364,364.01,0.40581
833,37,-499,500.37,0.55783
834,189,-404,446.02,0.49724
835,229,-347,415.75,0.46349
836,5,-372,372.03,0.41475
837,9,-366,366.11,0.40815
838,201,-321,378.74,0.42223
839,445,-304,538.93,0.60081
840,441,-421,609.69,0.67970
841,202,-453,496.00,0.55295
842,-369,-277,461.40,0.51438
843,-716,-141,729.75,0.81355
844,-530,-244,583.47,0.65047
# END
# FRAME,150,RX_TS,958042630469,FP_INDEX,749.7031,FP_INT,749,RXPACC,919,RXPWR,-72.58,FP_PWR,-76.51,STD_NOISE,104.00,NTM,13,NOISE_THRESH,1352.00,PEAK_IDX,751,PEAK_AMPL,16958,START,699,elapsed_s,16.4230
sample,real,imag,amplitude,amplitude_norm
699,52,105,117.17,0.12750
700,118,97,152.75,0.16621
701,139,130,190.32,0.20709
702,197,85,214.56,0.23347
703,135,-20,136.47,0.14850
704,37,-68,77.41,0.08424
705,178,28,180.19,0.19607
706,186,71,199.09,0.21664
707,109,51,120.34,0.13095
708,118,-4,118.07,0.12847
709,154,17,154.94,0.16859
710,142,161,214.67,0.23360
711,73,151,167.72,0.18250
712,96,-24,98.95,0.10768
713,155,-72,170.91,0.18597
714,162,-2,162.01,0.17629
715,107,74,130.10,0.14156
716,87,-11,87.69,0.09542
717,74,-30,79.85,0.08689
718,-125,43,132.19,0.14384
719,-320,102,335.86,0.36547
720,-361,20,361.55,0.39342
721,-66,-107,125.72,0.13680
722,94,-109,143.93,0.15662
723,45,19,48.85,0.05315
724,1,-23,23.02,0.02505
725,158,-20,159.26,0.17330
726,191,7,191.13,0.20797
727,39,66,76.66,0.08342
728,88,82,120.28,0.13088
729,63,117,132.88,0.14460
730,59,130,142.76,0.15534
731,82,98,127.78,0.13904
732,181,23,182.46,0.19854
733,229,114,255.81,0.27835
734,257,99,275.41,0.29968
735,151,80,170.88,0.18594
736,147,85,169.81,0.18477
737,166,33,169.25,0.18417
738,105,28,108.67,0.11825
739,85,143,166.36,0.18102
740,-39,125,130.94,0.14248
741,-32,106,110.72,0.12048
742,146,95,174.19,0.18954
743,228,121,258.12,0.28087
744,149,50,157.17,0.17102
745,25,117,119.64,0.13019
746,55,68,87.46,0.09517
747,172,95,196.49,0.21381
748,169,-196,258.80,0.28161
749,132,-2987,2989.92,3.25344
750,789,-11418,11445.23,12.45400
751,2066,-16418,16547.48,18.00596
752,3217,-15961,16281.97,17.71705
753,2582,-9531,9874.55,10.74488
754,497,-1750,1819.21,1.97955
755,189,-3451,3456.17,3.76080
756,215,-4971,4975.65,5.41420
757,-1213,-14,1213.08,1.32000
758,-1768,3854,4240.18,4.61391
759,-251,2163,2177.51,2.36944
760,750,-116,758.92,0.82581
761,273,-83,285.34,0.31049
762,-375,733,823.36,0.89593
763,-59,931,932.87,1.01509
764,523,640,826.52,0.89936
765,531,568,777.55,0.84608
766,98,781,787.12,0.85650
767,-341,792,862.29,0.93829
768,-276,550,615.37,0.66960
769,-14,589,589.17,0.64110
770,-281,487,562.25,0.61181
771,-1400,-668,1551.20,1.68792
772,-1830,-2112,2794.54,3.04085
773,-138,-1273,1280.46,1.39332
774,1619,1232,2034.45,2.21376
775,1345,2438,2784.40,3.02981
776,-215,967,990.61,1.07792
777,-590,-573,822.45,0.89494
778,-24,-371,371.78,0.40454
779,249,480,540.74,0.58840
780,-29,786,786.53,0.85586
781,-352,792,866.70,0.94309
782,-240,709,748.52,0.81449
783,54,528,530.75,0.57753
784,80,577,582.52,0.63386
785,-60,966,967.86,1.05317
786,-113,694,703.14,0.76511
787,-30,146,149.05,0.16219
788,-317,43,319.90,0.34810
789,-889,347,954.32,1.03843
790,-773,491,915.76,0.99647
791,372,791,874.11,0.95115
792,1275,1249,1784.83,1.94215
793,942,1375,1666.73,1.81363
794,163,966,979.66,1.06600
795,-38,765,765.94,0.83345
796,205,894,917.20,0.99804
797,530,814,971.34,1.05695
798,471,414,627.09,0.68236
799,-220,253,335.27,0.36483
800,-1049,161,1061.28,1.15482
801,-1127,-135,1135.06,1.23510
802,-244,-34,246.36,0.26807
803,748,780,1080.70,1.17595
804,794,1749,1920.79,2.09009
805,48,1868,1868.62,2.03332
806,-331,1102,1150.64,1.25205
807,46,575,576.84,0.62768
808,413,798,898.54,0.97774
809,294,1073,1112.55,1.21061
810,-72,891,893.90,0.97269
811,-147,639,655.69,0.71348
812,-269,809,852.55,0.92769
813,-434,802,911.90,0.99227
814,-146,567,585.50,0.63710
815,288,384,480.00,0.52231
816,637,612,883.35,0.96121
817,515,1154,1263.70,1.37508
818,205,1040,1060.01,1.15344
819,145,767,780.59,0.84939
820,-134,830,840.75,0.91485
821,-721,925,1172.80,1.27617
822,-789,933,1221.89,1.32958
823,-212,666,698.93,0.76053
824,136,717,729.78,0.79411
825,177,748,768.66,0.83641
826,196,857,879.13,0.95661
827,521,730,896.85,0.97590
828,566,506,759.20,0.82612
829,204,368,420.76,0.45785
830,-49,352,355.39,0.38672
831,41,474,475.77,0.51770
832,79,585,590.31,0.64234
833,-274,568,630.63,0.68622
834,-500,597,778.72,0.84736
835,-277,515,584.77,0.63631
836,72,597,601.33,0.65433
837,35,640,640.96,0.69745
838,-212,630,664.71,0.72330
839,-223,573,614.86,0.66906
840,-65,474,478.44,0.52061
841,108,480,492.00,0.53536
842,-55,454,457.32,0.49763
843,-271,464,537.34,0.58470
844,-263,579,635.93,0.69198
845,-16,655,655.20,0.71294
846,556,574,799.13,0.86957
847,902,355,969.34,1.05478
848,822,513,968.94,1.05435
# END
# FRAME,151,RX_TS,964432421375,FP_INDEX,753.1250,FP_INT,753,RXPACC,919,RXPWR,-72.96,FP_PWR,-76.91,STD_NOISE,52.00,NTM,13,NOISE_THRESH,676.00,PEAK_IDX,755,PEAK_AMPL,17309,START,703,elapsed_s,16.4809
sample,real,imag,amplitude,amplitude_norm
703,176,84,195.02,0.21221
704,43,84,94.37,0.10268
705,22,57,61.10,0.06648
706,78,47,91.07,0.09909
707,137,194,237.50,0.25843
708,153,176,233.21,0.25376
709,87,146,169.96,0.18494
710,66,180,191.72,0.20862
711,13,309,309.27,0.33653
712,19,215,215.84,0.23486
713,88,35,94.70,0.10305
714,157,-37,161.30,0.17552
715,98,44,107.42,0.11689
716,68,167,180.31,0.19621
717,-30,86,91.08,0.09911
718,39,121,127.13,0.13833
719,183,148,235.36,0.25610
720,224,143,265.75,0.28918
721,295,75,304.38,0.33121
722,413,-49,415.90,0.45255
723,410,-59,414.22,0.45073
724,368,187,412.79,0.44917
725,185,256,315.85,0.34369
726,151,185,238.80,0.25985
727,238,227,328.90,0.35789
728,248,196,316.10,0.34396
729,125,178,217.51,0.23668
730,65,98,117.60,0.12796
731,62,67,91.29,0.09933
732,115,103,154.38,0.16799
733,65,52,83.24,0.09058
734,102,38,108.85,0.11844
735,151,102,182.22,0.19828
736,114,140,180.54,0.19646
737,113,99,150.23,0.16347
738,89,120,149.40,0.16257
739,127,144,192.00,0.20893
740,186,190,265.89,0.28932
741,84,146,168.44,0.18329
742,42,74,85.09,0.09259
743,135,-22,136.78,0.14884
744,223,20,223.90,0.24363
745,236,140,274.40,0.29859
746,73,248,258.52,0.28131
747,42,162,167.36,0.18211
748,196,105,222.35,0.24195
749,202,80,217.26,0.23641
750,121,63,136.42,0.14844
751,130,102,165.24,0.17980
752,532,1099,1220.99,1.32861
753,2810,7077,7614.46,8.28559
754,4909,14749,15544.49,16.91458
755,4112,16409,16916.38,18.40737
756,1316,11427,11502.53,12.51635
757,-1754,562,1841.84,2.00417
758,-1128,982,1495.56,1.62738
759,1175,6150,6261.24,6.81310
760,2220,2799,3572.51,3.88738
761,1502,-3814,4099.10,4.46039
762,84,-3971,3971.89,4.32197
763,-792,-291,843.77,0.91814
764,-511,829,973.84,1.05967
765,77,-626,630.72,0.68631
766,132,-1469,1474.92,1.60492
767,-347,-815,885.80,0.96387
768,-473,-160,499.33,0.54334
769,-250,-390,463.25,0.50408
770,208,-941,963.71,1.04866
771,409,-850,943.28,1.02642
772,139,-577,593.51,0.64582
773,-49,-604,605.98,0.65940
774,968,-429,1058.80,1.15213
775,2667,696,2756.32,2.99926
776,2236,1416,2646.65,2.87992
777,-679,271,731.08,0.79552
778,-2480,-1437,2866.25,3.11888
779,-1057,-1565,1888.51,2.05496
780,846,-315,902.74,0.98231
781,833,337,898.59,0.97779
782,-73,-124,143.89,0.15657
783,-310,-694,760.09,0.82708
784,59,-932,933.87,1.01618
785,177,-957,973.23,1.05901
786,36,-505,506.28,0.55090
787,-207,-341,398.91,0.43407
788,-253,-767,807.65,0.87884
789,-66,-998,1000.18,1.08834
790,237,-435,495.37,0.53903
791,461,-174,492.74,0.53617
792,793,-538,958.28,1.04274
793,894,-778,1185.12,1.28958
794,191,-568,599.25,0.65207
795,-1051,-489,1159.19,1.26136
796,-1445,-975,1743.17,1.89681
797,-615,-1147,1301.47,1.41618
798,151,-850,863.31,0.93940
799,-98,-692,698.90,0.76051
800,-529,-664,848.96,0.92379
801,-573,-449,727.96,0.79213
802,8,-324,324.10,0.35266
803,841,-531,994.61,1.08227
804,1312,-492,1401.22,1.52472
805,816,-90,820.95,0.89331
806,-351,-160,385.75,0.41975
807,-1152,-854,1434.02,1.56042
808,-893,-1608,1839.32,2.00144
809,-157,-1375,1383.93,1.50591
810,115,-663,672.90,0.73221
811,-89,-356,366.96,0.39930
812,-279,-588,650.83,0.70820
813,-190,-700,725.33,0.78926
814,-48,-592,593.94,0.64629
815,114,-747,755.65,0.82225
816,205,-911,933.78,1.01608
817,175,-690,711.85,0.77459
818,-199,-140,243.31,0.26476
819,-606,-78,611.00,0.66485
820,-699,-674,971.02,1.05660
821,-354,-1049,1107.12,1.20470
822,-246,-799,836.01,0.90970
823,-295,-780,833.92,0.90742
824,262,-1119,1149.26,1.25056
825,709,-1278,1461.49,1.59031
826,372,-955,1024.89,1.11523
827,-154,-635,653.41,0.71100
828,-257,-557,613.43,0.66750
829,-304,-604,676.19,0.73579
830,-421,-468,629.50,0.68498
831,-533,-195,567.55,0.61757
832,-334,-58,339.00,0.36888
833,46,-188,193.55,0.21060
834,55,-303,307.95,0.33509
835,-46,-352,354.99,0.38628
836,131,-411,431.37,0.46939
837,402,-449,602.66,0.65578
838,370,-364,519.03,0.56478
839,1,-371,371.00,0.40370
840,-177,-419,454.85,0.49494
841,-13,-548,548.15,0.59647
842,131,-494,511.07,0.55612
843,29,-421,422.00,0.45919
844,-53,-262,267.31,0.29087
845,-38,-278,280.59,0.30532
846,179,-402,440.05,0.47884
847,307,-500,586.73,0.63844
848,179,-503,533.90,0.58096
849,-290,-379,477.22,0.51928
850,-709,93,715.07,0.77810
851,-750,214,779.93,0.84868
852,-408,-241,473.86,0.51563
# END
# FRAME,152,RX_TS,970822212302,FP_INDEX,748.1094,FP_INT,748,RXPACC,957,RXPWR,-72.86,FP_PWR,-77.12,STD_NOISE,52.00,NTM,13,NOISE_THRESH,676.00,PEAK_IDX,750,PEAK_AMPL,17818,START,698,elapsed_s,16.6593
sample,real,imag,amplitude,amplitude_norm
698,166,231,284.46,0.29724
699,108,85,137.44,0.14361
700,40,82,91.24,0.09534
701,52,115,126.21,0.13188
702,69,232,242.04,0.25292
703,121,234,263.43,0.27527
704,128,182,222.50,0.23250
705,75,132,151.82,0.15864
706,85,181,199.96,0.20895
707,151,241,284.40,0.29718
708,146,110,182.80,0.19101
709,98,-90,133.06,0.13903
710,111,13,111.76,0.11678
711,84,148,170.18,0.17782
712,25,148,150.10,0.15684
713,20,24,31.24,0.03264
714,82,78,113.17,0.11826
715,227,139,266.18,0.27814
716,338,129,361.78,0.37804
717,454,-12,454.16,0.47456
718,487,-117,500.86,0.52336
719,352,172,391.78,0.40938
720,201,233,307.72,0.32154
721,217,177,280.03,0.29261
722,304,263,401.98,0.42004
723,267,292,395.67,0.41345
724,152,216,264.12,0.27599
725,43,156,161.82,0.16909
726,73,30,78.92,0.08247
727,120,-30,123.69,0.12925
728,116,92,148.05,0.15471
729,129,8,129.25,0.13506
730,138,35,142.37,0.14877
731,143,148,205.80,0.21505
732,45,94,104.22,0.10890
733,40,142,147.53,0.15415
734,178,142,227.70,0.23793
735,217,142,259.33,0.27098
736,104,132,168.05,0.17560
737,87,90,125.18,0.13080
738,152,20,153.31,0.16020
739,177,-62,187.54,0.19597
740,182,16,182.70,0.19091
741,107,159,191.65,0.20026
742,80,169,186.98,0.19538
743,88,13,88.96,0.09295
744,85,-17,86.68,0.09058
745,137,85,161.23,0.16847
746,120,161,200.80,0.20982
747,836,1188,1452.67,1.51794
748,4172,7140,8269.53,8.64110
749,7197,14674,16343.90,17.07827
750,6178,16410,17534.42,18.32227
751,2071,11815,11995.13,12.53410
752,-1995,1506,2499.61,2.61192
753,-358,2217,2245.72,2.34662
754,2572,6605,7088.10,7.40659
755,2433,2016,3159.71,3.30168
756,553,-4610,4643.05,4.85167
757,-518,-4163,4195.10,4.38360
758,-531,-165,556.04,0.58103
759,-103,821,827.44,0.86461
760,10,-792,792.06,0.82765
761,-252,-1516,1536.80,1.60585
762,-510,-739,897.90,0.93824
763,-585,-133,599.93,0.62688
764,-385,-430,577.17,0.60310
765,-49,-899,900.33,0.94079
766,252,-902,936.54,0.97862
767,35,-558,559.10,0.58422
768,-206,-597,631.54,0.65992
769,1029,-495,1141.87,1.19318
770,2906,389,2931.92,3.06366
771,2447,1167,2711.03,2.83284
772,-723,278,774.61,0.80941
773,-2691,-1343,3007.51,3.14265
774,-1062,-1570,1895.45,1.98062
775,928,-514,1060.84,1.10850
776,881,181,899.40,0.93981
777,-73,-155,171.33,0.17903
778,-376,-716,808.72,0.84506
779,-136,-922,931.98,0.97385
780,-107,-960,965.94,1.00935
781,-154,-445,470.89,0.49205
782,-309,-258,402.55,0.42064
783,-359,-755,836.01,0.87357
784,-150,-954,965.72,1.00911
785,175,-489,519.37,0.54271
786,508,-310,595.12,0.62186
787,854,-759,1142.54,1.19388
788,915,-852,1250.25,1.30643
789,40,-372,374.14,0.39096
790,-1219,-345,1266.88,1.32380
791,-1581,-808,1775.51,1.85528
792,-601,-1058,1216.78,1.27146
793,37,-767,767.89,0.80239
794,-218,-612,649.67,0.67886
795,-626,-622,882.47,0.92213
796,-477,-404,625.10,0.65318
797,112,-303,323.04,0.33755
798,898,-605,1082.79,1.13144
799,1302,-656,1457.92,1.52343
800,822,-283,869.35,0.90841
801,-417,-135,438.31,0.45800
802,-1357,-812,1581.39,1.65244
803,-1201,-1571,1977.48,2.06634
804,-454,-1443,1512.73,1.58070
805,-79,-788,791.95,0.82753
806,-240,-436,497.69,0.52005
807,-421,-696,813.42,0.84997
808,-336,-785,853.89,0.89225
809,-61,-684,686.71,0.71757
810,-27,-791,791.46,0.82702
811,83,-936,939.67,0.98189
812,7,-819,819.03,0.85583
813,-259,-176,313.14,0.32721
814,-579,-78,584.23,0.61048
815,-805,-687,1058.30,1.10585
816,-526,-975,1107.84,1.15761
817,-521,-747,910.74,0.95166
818,-476,-932,1046.52,1.09354
819,205,-1201,1218.37,1.27311
820,669,-1250,1417.77,1.48147
821,242,-825,859.76,0.89839
822,-237,-562,609.93,0.63733
823,-377,-583,694.28,0.72547
824,-413,-696,809.31,0.84568
825,-533,-539,758.03,0.79209
826,-550,-303,627.94,0.65615
827,-290,-65,297.20,0.31055
828,7,-180,180.14,0.18823
829,-33,-318,319.71,0.33407
830,-192,-329,380.93,0.39804
831,28,-377,378.04,0.39502
832,417,-492,644.94,0.67392
833,404,-483,629.69,0.65798
834,25,-351,351.89,0.36770
835,-222,-379,439.23,0.45897
836,-105,-513,523.64,0.54716
837,105,-605,614.04,0.64163
838,8,-426,426.08,0.44522
839,-144,-224,266.29,0.27826
840,-79,-229,242.24,0.25313
841,214,-445,493.78,0.51597
842,203,-499,538.71,0.56292
843,-15,-512,512.22,0.53523
844,-431,-211,479.88,0.50144
845,-771,231,804.86,0.84103
846,-855,348,923.11,0.96459
847,-573,-263,630.47,0.65880
# END
# FRAME,153,RX_TS,977212003207,FP_INDEX,750.2344,FP_INT,750,RXPACC,901,RXPWR,-72.57,FP_PWR,-76.38,STD_NOISE,60.00,NTM,13,NOISE_THRESH,780.00,PEAK_IDX,752,PEAK_AMPL,16991,START,700,elapsed_s,16.7293
sample,real,imag,amplitude,amplitude_norm
700,121,90,150.80,0.16737
701,120,26,122.78,0.13628
702,59,20,62.30,0.06914
703,70,158,172.81,0.19180
704,90,189,209.33,0.23234
705,75,104,128.22,0.14231
706,86,57,103.17,0.11451
707,70,134,151.18,0.16779
708,69,214,224.85,0.24955
709,-2,123,123.02,0.13653
710,66,48,81.61,0.09058
711,106,-67,125.40,0.13918
712,128,-23,130.05,0.14434
713,32,159,162.19,0.18001
714,26,178,179.89,0.19965
715,85,80,116.73,0.12955
716,161,52,169.19,0.18778
717,200,157,254.26,0.28220
718,299,203,361.40,0.40111
719,399,72,405.44,0.44999
720,454,-178,487.65,0.54123
721,394,107,408.27,0.45313
722,52,249,254.37,0.28232
723,110,182,212.66,0.23603
724,285,233,368.12,0.40857
725,310,242,393.27,0.43649
726,98,81,127.14,0.14111
727,25,127,129.44,0.14366
728,50,123,132.77,0.14736
729,114,87,143.41,0.15916
730,61,-32,68.88,0.07645
731,96,-10,96.52,0.10712
732,163,44,168.83,0.18739
733,120,100,156.20,0.17337
734,116,93,148.68,0.16501
735,81,23,84.20,0.09345
736,77,81,111.76,0.12404
737,147,140,203.00,0.22531
738,121,160,200.60,0.22264
739,55,149,158.83,0.17628
740,85,-15,86.31,0.09580
741,193,-90,212.95,0.23635
742,109,18,110.48,0.12262
743,91,116,147.43,0.16363
744,88,50,101.21,0.11233
745,62,-66,90.55,0.10050
746,133,47,141.06,0.15656
747,194,137,237.50,0.26359
748,92,115,147.27,0.16345
749,347,812,883.04,0.98006
750,2042,5913,6255.66,6.94302
751,3774,14249,14740.32,16.35996
752,2814,16418,16657.41,18.48769
753,-96,13058,13058.35,14.49318
754,-2622,2287,3479.26,3.86155
755,-1903,844,2081.76,2.31050
756,240,6024,6028.78,6.69121
757,1457,3603,3886.45,4.31348
758,1292,-3322,3564.40,3.95605
759,522,-4625,4654.36,5.16578
760,-153,-981,992.86,1.10195
761,36,776,776.83,0.86219
762,430,-337,546.32,0.60635
763,311,-1420,1453.66,1.61338
764,-328,-1053,1102.90,1.22409
765,-498,-313,588.19,0.65282
766,-188,-391,433.85,0.48152
767,301,-842,894.18,0.99244
768,482,-764,903.34,1.00260
769,282,-511,583.65,0.64778
770,-40,-553,554.44,0.61537
771,796,-290,847.18,0.94027
772,2480,837,2617.44,2.90503
773,2316,1586,2807.00,3.11543
774,-253,280,377.37,0.41884
775,-2043,-1685,2648.22,2.93920
776,-873,-1888,2080.07,2.30862
777,868,-426,966.90,1.07314
778,896,294,943.00,1.04662
779,111,-245,268.97,0.29853
780,-139,-862,873.14,0.96907
781,126,-1037,1044.63,1.15941
782,77,-1034,1036.86,1.15079
783,-151,-541,561.68,0.62339
784,-281,-312,419.89,0.46602
785,-134,-702,714.67,0.79320
786,29,-1056,1056.40,1.17247
787,294,-551,624.53,0.69315
788,600,-72,604.30,0.67070
789,911,-370,983.27,1.09131
790,1069,-749,1305.28,1.44870
791,369,-566,675.66,0.74990
792,-825,-458,943.60,1.04729
793,-1161,-846,1436.54,1.59438
794,-444,-1055,1144.62,1.27039
795,238,-870,901.97,1.00107
796,-36,-838,838.77,0.93094
797,-508,-949,1076.41,1.19469
798,-495,-583,764.80,0.84883
799,57,-271,276.93,0.30736
800,819,-383,904.13,1.00347
801,1361,-482,1443.83,1.60247
802,1063,-140,1072.18,1.18999
803,-30,-52,60.03,0.06663
804,-964,-839,1277.97,1.41839
805,-799,-1601,1789.30,1.98591
806,-141,-1409,1416.04,1.57163
807,128,-796,806.23,0.89481
808,-103,-495,505.60,0.56116
809,-220,-606,644.70,0.71554
810,-187,-777,799.19,0.88700
811,-72,-760,763.40,0.84728
812,66,-794,796.74,0.88428
813,244,-920,951.81,1.05639
814,190,-742,765.94,0.85010
815,-164,-281,325.36,0.36111
816,-475,-199,515.00,0.57159
817,-597,-623,862.87,0.95768
818,-469,-975,1081.94,1.20082
819,-521,-717,886.30,0.98369
820,-409,-755,858.67,0.95301
821,334,-1028,1080.90,1.19966
822,820,-1121,1388.90,1.54151
823,519,-832,980.60,1.08835
824,-5,-557,557.02,0.61823
825,-209,-485,528.12,0.58614
826,-165,-629,650.28,0.72173
827,-345,-680,762.51,0.84630
828,-428,-431,607.41,0.67415
829,-215,-185,283.64,0.31480
830,71,-204,216.00,0.23974
831,86,-388,397.42,0.44108
832,-35,-431,432.42,0.47993
833,131,-455,473.48,0.52551
834,509,-492,707.92,0.78570
835,472,-403,620.64,0.68883
836,71,-283,291.77,0.32383
837,-178,-378,417.81,0.46372
838,30,-569,569.79,0.63240
839,153,-574,594.04,0.65931
840,122,-448,464.31,0.51533
841,-41,-340,342.46,0.38009
842,-34,-311,312.85,0.34723
843,155,-345,378.22,0.41978
844,294,-457,543.40,0.60311
845,191,-469,506.40,0.56204
846,-150,-396,423.46,0.46999
847,-641,14,641.15,0.71160
848,-777,103,783.80,0.86992
849,-494,-371,617.80,0.68568
# END
# FRAME,154,RX_TS,983601794093,FP_INDEX,754.0781,FP_INT,754,RXPACC,891,RXPWR,-72.25,FP_PWR,-76.65,STD_NOISE,52.00,NTM,13,NOISE_THRESH,676.00,PEAK_IDX,756,PEAK_AMPL,16340,START,704,elapsed_s,16.9021
sample,real,imag,amplitude,amplitude_norm
704,84,81,116.69,0.13097
705,106,119,159.36,0.17886
706,78,198,212.81,0.23884
707,57,141,152.09,0.17069
708,74,137,155.71,0.17476
709,139,142,198.71,0.22302
710,151,112,188.00,0.21100
711,156,113,192.63,0.21619
712,162,122,202.80,0.22761
713,120,144,187.45,0.21038
714,64,99,117.89,0.13231
715,-25,38,45.49,0.05105
716,113,-23,115.32,0.12942
717,140,60,152.32,0.17095
718,106,101,146.41,0.16433
719,102,161,190.59,0.21391
720,203,105,228.55,0.25651
721,108,-44,116.62,0.13089
722,119,-183,218.29,0.24499
723,15,-194,194.58,0.21838
724,15,-236,236.48,0.26541
725,244,-155,289.07,0.32443
726,216,93,235.17,0.26394
727,126,57,138.29,0.15521
728,213,-53,219.49,0.24635
729,208,-9,208.19,0.23366
730,172,60,182.16,0.20445
731,111,183,214.03,0.24022
732,28,174,176.24,0.19780
733,-13,140,140.60,0.15780
734,81,68,105.76,0.11870
735,104,79,130.60,0.14658
736,114,36,119.55,0.13417
737,78,-2,78.03,0.08757
738,45,94,104.22,0.11697
739,88,113,143.22,0.16074
740,119,125,172.59,0.19370
741,193,55,200.68,0.22523
742,244,95,261.84,0.29387
743,79,103,129.81,0.14569
744,-40,37,54.49,0.06115
745,-48,-68,83.23,0.09342
746,-5,-19,19.65,0.02205
747,108,100,147.19,0.16519
748,64,169,180.71,0.20282
749,79,106,132.20,0.14837
750,48,64,80.00,0.08979
751,74,148,165.47,0.18571
752,144,92,170.88,0.19178
753,1164,-215,1183.69,1.32850
754,7462,-1084,7540.32,8.46277
755,15101,-1302,15157.03,17.01125
756,16408,254,16409.96,18.41747
757,11799,2912,12153.03,13.63976
758,1644,3859,4194.59,4.70774
759,2121,2614,3366.25,3.77806
760,6844,877,6899.96,7.74406
761,3166,-694,3241.17,3.63768
762,-3307,-989,3451.72,3.87398
763,-3790,-190,3794.76,4.25899
764,-594,420,727.49,0.81648
765,561,100,569.84,0.63955
766,-564,-354,665.89,0.74735
767,-1388,-177,1399.24,1.57042
768,-913,321,967.79,1.08618
769,-447,482,657.37,0.73779
770,-642,186,668.40,0.75017
771,-917,-245,949.16,1.06528
772,-716,-309,779.83,0.87523
773,-590,-2,590.00,0.66218
774,-705,93,711.11,0.79810
775,-213,-843,869.49,0.97586
776,1310,-2297,2644.30,2.96779
777,1819,-1645,2452.51,2.75253
778,-58,829,831.03,0.93269
779,-1971,1886,2727.97,3.06170
780,-1656,398,1703.16,1.91151
781,-13,-997,997.08,1.11906
782,355,-768,846.08,0.94958
783,-458,91,466.95,0.52408
784,-1085,267,1117.37,1.25406
785,-1125,-48,1126.02,1.26377
786,-937,-205,959.16,1.07650
787,-469,85,476.64,0.53495
788,-383,295,483.44,0.54258
789,-826,184,846.25,0.94977
790,-1048,-60,1049.72,1.17813
791,-525,-316,612.77,0.68773
792,-191,-615,643.98,0.72276
793,-405,-981,1061.31,1.19115
794,-551,-1035,1172.53,1.31597
795,-546,-188,577.46,0.64810
796,-766,963,1230.50,1.38103
797,-1089,1144,1579.45,1.77267
798,-942,303,989.53,1.11059
799,-699,-276,751.52,0.84345
800,-762,53,763.84,0.85729
801,-874,515,1014.45,1.13855
802,-454,570,728.71,0.81785
803,-137,-23,138.92,0.15591
804,-252,-950,982.86,1.10309
805,-292,-1392,1422.30,1.59629
806,-8,-817,817.04,0.91699
807,-225,293,369.42,0.41462
808,-1139,909,1457.26,1.63553
809,-1773,594,1869.86,2.09860
810,-1442,2,1442.00,1.61841
811,-612,-43,613.51,0.68856
812,-340,169,379.69,0.42613
813,-637,141,652.42,0.73223
814,-903,86,907.09,1.01805
815,-806,42,807.09,0.90583
816,-781,-86,785.72,0.88184
817,-869,-339,932.78,1.04689
818,-733,-171,752.68,0.84476
819,-344,275,440.41,0.49429
820,-386,563,682.62,0.76612
821,-858,734,1129.12,1.26725
822,-1052,436,1138.77,1.27808
823,-843,415,939.61,1.05456
824,-957,259,991.43,1.11271
825,-1098,-412,1172.75,1.31622
826,-1002,-795,1279.07,1.43555
827,-811,-387,898.60,1.00853
828,-598,68,601.85,0.67548
829,-584,197,616.33,0.69173
830,-659,231,698.31,0.78374
831,-663,289,723.25,0.81173
832,-374,422,563.88,0.63286
833,-178,273,325.90,0.36577
834,-245,25,246.27,0.27640
835,-485,26,485.70,0.54511
836,-551,141,568.75,0.63833
837,-503,-35,504.22,0.56590
838,-374,-335,502.10,0.56352
839,-356,-260,440.84,0.49476
840,-350,133,374.42,0.42022
841,-530,171,556.90,0.62503
842,-657,-42,658.34,0.73888
843,-501,-173,530.03,0.59487
844,-384,26,384.88,0.43196
845,-291,192,348.63,0.39128
846,-319,95,332.85,0.37356
847,-365,-201,416.68,0.46766
848,-392,-280,481.73,0.54066
849,-383,-76,390.47,0.43824
850,-374,479,607.71,0.68206
851,-118,956,963.25,1.08109
852,-40,932,932.86,1.04698
853,-485,533,720.63,0.80879
# END
# FRAME,155,RX_TS,989991584972,FP_INDEX,747.2656,FP_INT,747,RXPACC,1175,RXPWR,-74.54,FP_PWR,-78.81,STD_NOISE,88.00,NTM,13,NOISE_THRESH,1144.00,PEAK_IDX,749,PEAK_AMPL,19972,START,697,elapsed_s,16.9618
sample,real,imag,amplitude,amplitude_norm
697,111,90,142.90,0.12162
698,81,112,138.22,0.11763
699,134,203,243.24,0.20701
700,135,179,224.20,0.19081
701,111,77,135.09,0.11497
702,25,15,29.15,0.02481
703,20,36,41.18,0.03505
704,181,158,240.26,0.20448
705,173,118,209.41,0.17822
706,33,-19,38.08,0.03241
707,74,44,86.09,0.07327
708,212,157,263.80,0.22451
709,246,149,287.61,0.24477
710,116,8,116.28,0.09896
711,17,44,47.17,0.04014
712,52,150,158.76,0.13511
713,93,149,175.64,0.14948
714,111,142,180.24,0.15339
715,-239,107,261.86,0.22286
716,-218,465,513.57,0.43708
717,-89,657,663.00,0.56426
718,-174,445,477.81,0.40665
719,-132,107,169.92,0.14461
720,34,55,64.66,0.05503
721,-128,162,206.47,0.17572
722,-87,82,119.55,0.10175
723,-13,71,72.18,0.06143
724,66,41,77.70,0.06613
725,72,158,173.63,0.14777
726,142,231,271.15,0.23077
727,272,249,368.76,0.31384
728,156,137,207.62,0.17670
729,100,59,116.11,0.09882
730,182,154,238.41,0.20290
731,308,152,343.46,0.29231
732,212,62,220.88,0.18798
733,65,75,99.25,0.08447
734,-59,132,144.59,0.12305
735,45,80,91.79,0.07812
736,135,70,152.07,0.12942
737,205,219,299.98,0.25530
738,152,370,400.01,0.34043
739,59,265,271.49,0.23105
740,74,37,82.73,0.07041
741,171,-48,177.61,0.15116
742,147,161,218.01,0.18554
743,135,231,267.56,0.22771
744,146,278,314.01,0.26724
745,66,180,191.72,0.16316
746,-693,-235,731.76,0.62278
747,-5959,-3656,6991.14,5.94990
748,-14958,-10514,18283.49,15.56042
749,-16396,-13649,21333.64,18.15629
750,-11975,-13339,17925.67,15.25589
751,-1287,-5158,5316.14,4.52437
752,459,-1916,1970.21,1.67678
753,-5572,-5641,7928.94,6.74803
754,-5255,-3934,6564.40,5.58673
755,890,2454,2610.41,2.22162
756,3624,4455,5742.86,4.88754
757,1805,1506,2350.76,2.00064
758,197,-215,291.61,0.24818
759,450,741,866.94,0.73782
760,1336,1528,2029.70,1.72740
761,1408,918,1680.83,1.43049
762,1144,177,1157.61,0.98520
763,1076,384,1142.47,0.97231
764,1093,1098,1549.28,1.31853
765,837,1468,1689.85,1.43817
766,567,1051,1194.19,1.01633
767,786,706,1056.52,0.89916
768,-59,1233,1234.41,1.05056
769,-2435,1596,2911.43,2.47782
770,-3247,756,3333.85,2.83732
771,85,-308,319.51,0.27193
772,3681,-10,3681.01,3.13278
773,2974,1157,3191.13,2.71586
774,-88,1361,1363.84,1.16072
775,-958,738,1209.30,1.02919
776,368,450,581.31,0.49473
777,1367,766,1566.99,1.33361
778,1124,1229,1665.48,1.41743
779,768,1368,1568.84,1.33518
780,564,829,1002.66,0.85333
781,624,335,708.24,0.60276
782,1101,640,1273.50,1.08383
783,1342,1310,1875.38,1.59607
784,666,1097,1283.34,1.09221
785,12,986,986.07,0.83921
786,-231,1469,1487.05,1.26558
787,-98,2029,2031.37,1.72882
788,505,1341,1432.94,1.21952
789,1745,59,1746.00,1.48595
790,2458,-213,2467.21,2.09975
791,1894,497,1958.12,1.66649
792,892,1030,1362.56,1.15962
793,986,910,1341.75,1.14192
794,1626,642,1748.15,1.48779
795,1429,314,1463.09,1.24518
796,605,421,737.07,0.62729
797,-151,1290,1298.81,1.10537
798,-631,1927,2027.68,1.72569
799,-611,1367,1497.33,1.27433
800,216,376,433.63,0.36904
801,1742,219,1755.71,1.49422
802,2491,987,2679.41,2.28035
803,1852,1508,2388.30,2.03259
804,1077,1197,1610.20,1.37038
805,908,702,1147.72,0.97679
806,1042,643,1224.42,1.04206
807,1026,828,1318.43,1.12207
808,808,658,1042.03,0.88683
809,768,675,1022.47,0.87019
810,745,1164,1382.00,1.17617
811,781,1266,1487.52,1.26597
812,609,526,804.71,0.68486
813,865,137,875.78,0.74535
814,1621,192,1632.33,1.38922
815,1764,702,1898.55,1.61579
816,1202,521,1310.06,1.11494
817,1177,596,1319.30,1.12281
818,1024,1446,1771.86,1.50797
819,552,1991,2066.10,1.75839
820,513,1518,1602.34,1.36369
821,829,676,1069.68,0.91037
822,1008,452,1104.70,0.94017
823,989,516,1115.52,0.94938
824,924,490,1045.89,0.89012
825,739,168,757.86,0.64498
826,570,21,570.39,0.48544
827,494,357,609.50,0.51872
828,518,582,779.13,0.66309
829,744,596,953.28,0.81131
830,644,698,949.71,0.80826
831,292,1027,1067.70,0.90868
832,200,965,985.51,0.83873
833,439,810,921.31,0.78410
834,758,605,969.84,0.82540
835,847,840,1192.90,1.01523
836,777,955,1231.16,1.04780
837,689,772,1034.75,0.88064
838,663,391,769.71,0.65507
839,583,320,665.05,0.56600
840,408,669,783.60,0.66689
841,312,864,918.61,0.78179
842,487,887,1011.90,0.86119
843,787,580,977.63,0.83203
844,948,-269,985.43,0.83866
845,942,-630,1133.25,0.96447
846,1176,-78,1178.58,1.00305
# END
# FRAME,156,RX_TS,996381375855,FP_INDEX,750.1719,FP_INT,750,RXPACC,1098,RXPWR,-74.16,FP_PWR,-77.78,STD_NOISE,80.00,NTM,13,NOISE_THRESH,1040.00,PEAK_IDX,752,PEAK_AMPL,19399,START,700,elapsed_s,17.0173
sample,real,imag,amplitude,amplitude_norm
700,93,61,111.22,0.10129
701,205,79,219.70,0.20009
702,115,115,162.63,0.14812
703,78,113,137.31,0.12505
704,1,-15,15.03,0.01369
705,43,-50,65.95,0.06006
706,69,42,80.78,0.07357
707,177,94,200.41,0.18252
708,98,3,98.05,0.08929
709,52,-24,57.27,0.05216
710,184,125,222.44,0.20259
711,272,212,344.86,0.31408
712,190,109,219.05,0.19950
713,103,-49,114.06,0.10388
714,170,-46,176.11,0.16039
715,66,38,76.16,0.06936
716,72,134,152.12,0.13854
717,106,197,223.71,0.20374
718,-134,283,313.12,0.28517
719,-183,465,499.71,0.45511
720,-95,554,562.09,0.51192
721,-44,314,317.07,0.28877
722,-23,34,41.05,0.03739
723,21,47,51.48,0.04688
724,-147,126,193.61,0.17633
725,-185,41,189.49,0.17258
726,21,88,90.47,0.08240
727,81,69,106.40,0.09691
728,228,88,244.39,0.22258
729,187,131,228.32,0.20794
730,128,190,229.09,0.20865
731,94,150,177.02,0.16122
732,222,113,249.10,0.22687
733,166,131,211.46,0.19259
734,134,92,162.54,0.14803
735,100,45,109.66,0.09987
736,42,7,42.58,0.03878
737,-14,38,40.50,0.03688
738,14,34,36.77,0.03349
739,46,101,110.98,0.10108
740,104,168,197.59,0.17995
741,63,265,272.39,0.24807
742,87,155,177.75,0.16188
743,85,37,92.70,0.08443
744,58,30,65.30,0.05947
745,173,158,234.29,0.21338
746,147,137,200.94,0.18301
747,104,106,148.50,0.13525
748,-41,88,97.08,0.08842
749,-1133,-443,1216.53,1.10795
750,-7101,-3769,8039.25,7.32172
751,-15214,-9211,17785.06,16.19769
752,-16405,-11468,20015.97,18.22948
753,-12657,-10094,16189.15,14.74421
754,-2841,-2618,3863.32,3.51850
755,-728,-832,1105.54,1.00686
756,-5289,-5373,7539.41,6.86649
757,-4272,-4365,6107.64,5.56251
758,1039,1614,1919.51,1.74819
759,3108,3777,4891.36,4.45479
760,1132,1284,1711.75,1.55897
761,-222,-278,355.76,0.32401
762,117,303,324.80,0.29581
763,777,796,1112.36,1.01308
764,940,362,1007.30,0.91739
765,880,-86,884.19,0.80528
766,886,271,926.52,0.84382
767,810,899,1210.08,1.10208
768,373,927,999.23,0.91004
769,281,503,576.17,0.52474
770,434,437,615.89,0.56092
771,-466,983,1087.86,0.99077
772,-2611,1377,2951.86,2.68839
773,-2844,592,2904.96,2.64568
774,486,-569,748.30,0.68151
775,3453,-447,3481.81,3.17105
776,2323,443,2364.86,2.15379
777,-441,496,663.70,0.60446
778,-1056,191,1073.13,0.97735
779,234,205,311.10,0.28333
780,852,594,1038.62,0.94592
781,712,869,1123.43,1.02316
782,553,791,965.14,0.87900
783,519,352,627.11,0.57114
784,646,117,656.51,0.59791
785,1015,490,1127.09,1.02649
786,1261,956,1582.42,1.44119
787,589,851,1034.95,0.94258
788,-178,705,727.12,0.66223
789,-487,1264,1354.57,1.23367
790,-329,1520,1555.20,1.41639
791,463,732,866.14,0.78883
792,1730,-343,1763.67,1.60626
793,2110,-377,2143.42,1.95211
794,1308,258,1333.20,1.21421
795,554,606,821.07,0.74778
796,920,404,1004.80,0.91512
797,1573,77,1574.88,1.43432
798,1279,-50,1279.98,1.16573
799,296,345,454.58,0.41401
800,-406,1390,1448.08,1.31883
801,-809,1947,2108.39,1.92021
802,-761,1143,1373.16,1.25060
803,21,147,148.49,0.13524
804,1336,68,1337.73,1.21833
805,2034,721,2158.01,1.96540
806,1581,1212,1992.11,1.81431
807,808,886,1199.11,1.09208
808,592,430,731.69,0.66638
809,683,511,853.00,0.77687
810,717,568,914.72,0.83308
811,622,489,791.20,0.72059
812,607,582,840.94,0.76588
813,581,958,1120.41,1.02041
814,504,957,1081.60,0.98507
815,485,265,552.68,0.50335
816,674,-159,692.50,0.63069
817,1214,-91,1217.41,1.10875
818,1306,488,1394.20,1.26976
819,1010,457,1108.58,1.00964
820,1001,442,1094.24,0.99658
821,910,1220,1522.01,1.38616
822,595,1761,1858.80,1.69290
823,597,1245,1380.74,1.25750
824,729,446,854.61,0.77833
825,735,204,762.79,0.69470
826,715,244,755.49,0.68806
827,819,112,826.62,0.75284
828,805,-115,813.17,0.74059
829,607,-154,626.23,0.57034
830,541,165,565.60,0.51512
831,645,491,810.62,0.73827
832,776,474,909.31,0.82815
833,540,724,903.20,0.82259
834,296,1001,1043.85,0.95068
835,180,847,865.92,0.78863
836,442,488,658.41,0.59965
837,740,388,835.55,0.76097
838,816,652,1044.49,0.95127
839,720,795,1072.58,0.97685
840,656,555,859.28,0.78259
841,678,208,709.19,0.64589
842,609,344,699.44,0.63701
843,428,615,749.27,0.68240
844,424,792,898.35,0.81817
845,640,704,951.43,0.86651
846,866,183,885.12,0.80612
847,849,-547,1009.96,0.91981
848,838,-654,1063.00,0.96812
849,997,-104,1002.41,0.91294
# END
# FRAME,157,RX_TS,1002771166708,FP_INDEX,753.0937,FP_INT,753,RXPACC,908,RXPWR,-73.41,FP_PWR,-76.79,STD_NOISE,56.00,NTM,13,NOISE_THRESH,728.00,PEAK_IDX,755,PEAK_AMPL,16962,START,703,elapsed_s,17.2048
sample,real,imag,amplitude,amplitude_norm
703,86,103,134.18,0.14778
704,106,79,132.20,0.14560
705,114,91,145.87,0.16065
706,69,81,106.40,0.11719
707,47,27,54.20,0.05970
708,-20,19,27.59,0.03038
709,123,46,131.32,0.14463
710,101,59,116.97,0.12882
711,-50,39,63.41,0.06984
712,-67,-21,70.21,0.07733
713,163,75,179.43,0.19761
714,300,161,340.47,0.37497
715,153,39,157.89,0.17389
716,-49,-20,52.92,0.05829
717,-52,-22,56.46,0.06218
718,93,3,93.05,0.10248
719,76,85,114.02,0.12557
720,66,26,70.94,0.07812
721,92,230,247.72,0.27282
722,174,389,426.14,0.46932
723,228,413,471.76,0.51955
724,25,397,397.79,0.43809
725,-142,124,188.52,0.20762
726,-35,139,143.34,0.15786
727,15,141,141.80,0.15616
728,-77,208,221.79,0.24427
729,-77,94,121.51,0.13382
730,68,31,74.73,0.08230
731,219,93,237.93,0.26204
732,213,158,265.20,0.29207
733,93,113,146.35,0.16118
734,65,-18,67.45,0.07428
735,84,-21,86.59,0.09536
736,186,79,202.08,0.22256
737,172,-5,172.07,0.18951
738,113,53,124.81,0.13746
739,75,155,172.19,0.18964
740,-49,133,141.74,0.15610
741,3,63,63.07,0.06946
742,149,4,149.05,0.16416
743,279,118,302.93,0.33362
744,212,240,320.22,0.35267
745,69,170,183.47,0.20206
746,15,26,30.02,0.03306
747,86,78,116.10,0.12787
748,64,94,113.72,0.12524
749,42,124,130.92,0.14418
750,43,31,53.01,0.05838
751,-28,55,61.72,0.06797
752,-1226,612,1370.26,1.50910
753,-7302,2303,7656.57,8.43234
754,-14821,3245,15172.08,16.70934
755,-16421,1992,16541.38,18.21738
756,-11831,157,11832.04,13.03088
757,-152,-445,470.24,0.51789
758,882,801,1191.44,1.31216
759,-5017,1133,5143.34,5.66447
760,-3869,334,3883.39,4.27686
761,2049,-70,2050.20,2.25792
762,3592,58,3592.47,3.95646
763,970,75,972.90,1.07147
764,-322,-26,323.05,0.35578
765,299,23,299.88,0.33027
766,878,-36,878.74,0.96777
767,636,-268,690.16,0.76009
768,253,-495,555.91,0.61223
769,602,-316,679.90,0.74879
770,1026,193,1043.99,1.14977
771,758,446,879.48,0.96859
772,291,222,366.01,0.40310
773,350,135,375.13,0.41314
774,-8,1160,1160.03,1.27756
775,-1026,2564,2761.66,3.04148
776,-1624,1899,2498.72,2.75189
777,-4,-800,800.01,0.88107
778,1908,-2153,2876.78,3.16826
779,1488,-758,1669.94,1.83914
780,-127,781,791.26,0.87143
781,-581,660,879.30,0.96839
782,240,-17,240.60,0.26498
783,926,-72,928.79,1.02290
784,980,201,1000.40,1.10176
785,844,141,855.70,0.94240
786,426,44,428.27,0.47166
787,311,-200,369.76,0.40722
788,811,-247,847.78,0.93368
789,1111,-137,1119.42,1.23284
790,595,150,613.62,0.67579
791,236,621,664.33,0.73164
792,397,1152,1218.49,1.34195
793,539,1115,1238.44,1.36393
794,516,46,518.05,0.57054
795,780,-1262,1483.59,1.63391
796,1089,-1411,1782.37,1.96296
797,860,-439,965.57,1.06340
798,470,194,508.46,0.55998
799,537,-101,546.42,0.60178
800,678,-633,927.56,1.02155
801,513,-653,830.41,0.91455
802,314,76,323.07,0.35580
803,422,1131,1207.16,1.32948
804,453,1612,1674.44,1.84410
805,127,1123,1130.16,1.24467
806,231,-9,231.18,0.25460
807,1022,-848,1328.00,1.46256
808,1724,-726,1870.63,2.06016
809,1538,-216,1553.09,1.71046
810,787,8,787.04,0.86678
811,464,-112,477.33,0.52569
812,591,-136,606.45,0.66789
813,685,19,685.26,0.75470
814,561,73,565.73,0.62305
815,681,203,710.61,0.78261
816,789,419,893.35,0.98387
817,685,309,751.47,0.82761
818,316,-135,343.63,0.37845
819,362,-457,583.00,0.64207
820,837,-499,974.46,1.07319
821,1052,-186,1068.32,1.17656
822,647,-124,658.78,0.72552
823,671,-142,685.86,0.75535
824,1162,350,1213.57,1.33653
825,1370,849,1611.74,1.77504
826,1023,606,1189.02,1.30949
827,560,97,568.34,0.62592
828,504,-259,566.65,0.62407
829,540,-276,606.45,0.66789
830,447,-344,564.04,0.62119
831,232,-454,509.84,0.56150
832,168,-280,326.53,0.35962
833,372,-32,373.37,0.41120
834,523,45,524.93,0.57812
835,679,48,680.69,0.74966
836,743,249,783.61,0.86301
837,646,421,771.08,0.84920
838,472,306,562.51,0.61951
839,443,58,446.78,0.49205
840,605,113,615.46,0.67782
841,803,265,845.60,0.93127
842,825,243,860.04,0.94718
843,514,-14,514.19,0.56629
844,421,-241,485.10,0.53425
845,406,-90,415.86,0.45799
846,434,248,499.86,0.55051
847,482,404,628.92,0.69264
848,600,194,630.58,0.69448
849,515,-320,606.32,0.66775
850,139,-737,749.99,0.82598
851,-39,-845,845.90,0.93161
852,477,-502,692.48,0.76265
# END
# FRAME,158,RX_TS,1009160957537,FP_INDEX,745.6250,FP_INT,745,RXPACC,1092,RXPWR,-75.26,FP_PWR,-78.77,STD_NOISE,80.00,NTM,13,NOISE_THRESH,1040.00,PEAK_IDX,747,PEAK_AMPL,19120,START,695,elapsed_s,17.2562
sample,real,imag,amplitude,amplitude_norm
695,111,218,244.63,0.22402
696,99,95,137.21,0.12565
697,106,101,146.41,0.13408
698,124,99,158.67,0.14530
699,120,134,179.88,0.16472
700,21,158,159.39,0.14596
701,70,203,214.73,0.19664
702,63,51,81.06,0.07423
703,19,56,59.14,0.05415
704,-90,194,213.86,0.19584
705,-12,139,139.52,0.12776
706,233,40,236.41,0.21649
707,247,-5,247.05,0.22624
708,196,103,221.42,0.20276
709,44,195,199.90,0.18306
710,26,115,117.90,0.10797
711,142,71,158.76,0.14539
712,142,112,180.85,0.16562
713,133,285,314.51,0.28801
714,327,387,506.65,0.46397
715,596,284,660.21,0.60458
716,490,316,583.06,0.53394
717,130,317,342.62,0.31376
718,32,121,125.16,0.11462
719,133,228,263.96,0.24172
720,195,315,370.47,0.33926
721,74,267,277.06,0.25372
722,13,223,223.38,0.20456
723,50,167,174.32,0.15964
724,78,1,78.01,0.07143
725,180,121,216.89,0.19862
726,73,141,158.78,0.14540
727,123,136,183.37,0.16792
728,133,90,160.59,0.14706
729,91,-6,91.20,0.08351
730,43,52,67.48,0.06179
731,22,174,175.39,0.16061
732,39,198,201.80,0.18480
733,4,175,175.05,0.16030
734,31,81,86.73,0.07942
735,165,15,165.68,0.15172
736,262,80,273.94,0.25086
737,235,112,260.32,0.23839
738,155,152,217.09,0.19880
739,175,41,179.74,0.16460
740,188,118,221.96,0.20326
741,173,100,199.82,0.18299
742,61,96,113.74,0.10416
743,158,200,254.88,0.23341
744,25,426,426.73,0.39078
745,-1501,3371,3690.07,3.37919
746,-7045,12226,14110.53,12.92173
747,-11132,16410,19829.51,18.15889
748,-12099,14151,18618.18,17.04962
749,-5046,4105,6504.85,5.95683
750,2434,-2005,3153.47,2.88779
751,-330,3176,3193.10,2.92408
752,-3730,5928,7003.86,6.41379
753,-426,894,990.31,0.90688
754,3267,-3231,4594.85,4.20774
755,2324,-2116,3143.00,2.87820
756,27,78,82.54,0.07559
757,10,245,245.20,0.22455
758,1120,-822,1389.27,1.27223
759,1196,-1261,1737.97,1.59155
760,301,-1000,1044.32,0.95634
761,82,-724,728.63,0.66724
762,755,-722,1044.66,0.95665
763,1378,-539,1479.66,1.35500
764,1071,-225,1094.38,1.00218
765,309,-406,510.21,0.46723
766,567,-139,583.79,0.53461
767,1304,1748,2180.81,1.99708
768,1074,3571,3729.01,3.41484
769,-248,1533,1552.93,1.42210
770,-575,-2611,2673.56,2.44832
771,392,-3646,3667.01,3.35807
772,964,-922,1333.93,1.22155
773,448,1021,1114.96,1.02103
774,115,448,462.52,0.42356
775,416,-612,740.00,0.67766
776,775,-857,1155.45,1.05811
777,812,-666,1050.19,0.96171
778,510,-452,681.47,0.62406
779,216,-430,481.20,0.44066
780,446,-631,772.71,0.70761
781,1057,-1043,1484.96,1.35985
782,986,-798,1268.46,1.16160
783,661,-133,674.25,0.61744
784,987,122,994.51,0.91072
785,1443,370,1489.68,1.36418
786,1264,176,1276.19,1.16868
787,176,-801,820.11,0.75101
788,-257,-1961,1977.77,1.81114
789,284,-1987,2007.19,1.83809
790,753,-820,1113.29,1.01949
791,601,-415,730.36,0.66883
792,235,-886,916.64,0.83941
793,-70,-1051,1053.33,0.96459
794,-85,-503,510.13,0.46715
795,617,123,629.14,0.57614
796,1568,569,1668.05,1.52752
797,1540,655,1673.51,1.53252
798,568,188,598.30,0.54790
799,-193,-1004,1022.38,0.93625
800,386,-2009,2045.75,1.87339
801,1188,-1701,2074.79,1.89999
802,1154,-859,1438.61,1.31741
803,452,-573,729.82,0.66833
804,251,-673,718.28,0.65777
805,683,-741,1007.75,0.92285
806,712,-569,911.43,0.83464
807,688,-477,837.18,0.76665
808,1005,-421,1089.62,0.99782
809,1173,-304,1211.75,1.10966
810,599,-375,706.70,0.64716
811,-44,-550,551.76,0.50527
812,-71,-834,837.02,0.76650
813,522,-967,1098.90,1.00632
814,556,-588,809.25,0.74107
815,339,-678,758.03,0.69416
816,857,-833,1195.13,1.09444
817,1647,-515,1725.64,1.58026
818,1719,-255,1737.81,1.59140
819,851,-387,934.86,0.85610
820,233,-530,578.96,0.53018
821,311,-721,785.21,0.71906
822,335,-667,746.40,0.68352
823,126,-593,606.24,0.55516
824,-130,-304,330.63,0.30277
825,57,-149,159.53,0.14609
826,465,-298,552.29,0.50576
827,576,-509,768.67,0.70391
828,673,-508,843.20,0.77216
829,890,-317,944.77,0.86517
830,921,-45,922.10,0.84441
831,599,-135,614.02,0.56229
832,438,-393,588.47,0.53889
833,606,-388,719.57,0.65895
834,880,-342,944.12,0.86458
835,703,-376,797.24,0.73007
836,389,-448,593.32,0.54333
837,165,-505,531.27,0.48651
838,426,-205,472.76,0.43293
839,671,-40,672.19,0.61556
840,684,-117,693.93,0.63547
841,502,-448,672.84,0.61615
842,-113,-648,657.78,0.60236
843,-562,-573,802.60,0.73499
844,-345,-654,739.42,0.67712
# END
# FRAME,159,RX_TS,1015550748386,FP_INDEX,748.6719,FP_INT,748,RXPACC,920,RXPWR,-72.90,FP_PWR,-76.46,STD_NOISE,60.00,NTM,13,NOISE_THRESH,780.00,PEAK_IDX,750,PEAK_AMPL,17061,START,698,elapsed_s,17.4526
sample,real,imag,amplitude,amplitude_norm
698,109,0,109.00,0.11848
699,124,18,125.30,0.13620
700,120,90,150.00,0.16304
701,76,86,114.77,0.12475
702,53,62,81.57,0.08866
703,33,22,39.66,0.04311
704,-16,43,45.88,0.04987
705,74,32,80.62,0.08763
706,44,-22,49.19,0.05347
707,-95,-3,95.05,0.10331
708,39,8,39.81,0.04327
709,161,130,206.93,0.22493
710,150,67,164.28,0.17857
711,84,110,138.41,0.15044
712,100,31,104.69,0.11380
713,114,-2,114.02,0.12393
714,82,111,138.00,0.15000
715,-42,110,117.75,0.12798
716,-43,110,118.11,0.12838
717,106,349,364.74,0.39646
718,115,502,515.00,0.55979
719,58,472,475.55,0.51690
720,-126,173,214.02,0.23263
721,-10,37,38.33,0.04166
722,4,150,150.05,0.16310
723,-53,219,225.32,0.24492
724,-63,101,119.04,0.12939
725,80,114,139.27,0.15138
726,126,65,141.78,0.15411
727,150,131,199.15,0.21647
728,75,107,130.67,0.14203
729,35,28,44.82,0.04872
730,114,55,126.57,0.13758
731,109,68,128.47,0.13964
732,89,35,95.63,0.10395
733,55,112,124.78,0.13563
734,149,135,201.06,0.21855
735,57,99,114.24,0.12417
736,15,57,58.94,0.06407
737,15,-4,15.52,0.01687
738,130,115,173.57,0.18866
739,234,241,335.91,0.36512
740,125,190,227.43,0.24721
741,21,33,39.12,0.04252
742,76,-51,91.53,0.09948
743,125,8,125.26,0.13615
744,118,72,138.23,0.15025
745,114,57,127.46,0.13854
746,15,46,48.38,0.05259
747,-308,83,318.99,0.34673
748,-3221,85,3222.12,3.50231
749,-11759,-843,11789.18,12.81432
750,-16408,-2331,16572.75,18.01386
751,-15526,-3690,15958.47,17.34616
752,-7741,-2344,8088.10,8.79142
753,10,324,324.15,0.35234
754,-3100,-357,3120.49,3.39184
755,-5172,-1388,5355.01,5.82066
756,-187,485,519.80,0.56500
757,3708,2182,4302.37,4.67649
758,2129,1235,2461.27,2.67530
759,-156,-223,272.15,0.29581
760,-192,-136,235.29,0.25575
761,700,462,838.72,0.91165
762,932,403,1015.40,1.10369
763,661,-74,665.13,0.72297
764,695,-163,713.86,0.77593
765,1003,385,1074.35,1.16777
766,883,857,1230.50,1.33750
767,479,577,749.91,0.81512
768,297,44,300.24,0.32635
769,126,458,475.02,0.51632
770,-961,1698,1951.08,2.12074
771,-2299,2017,3058.38,3.32433
772,-1409,233,1428.14,1.55232
773,1433,-1578,2131.57,2.31692
774,2676,-1111,2897.46,3.14942
775,997,390,1070.56,1.16366
776,-659,683,949.09,1.03162
777,-359,162,393.86,0.42811
778,531,-116,543.52,0.59079
779,911,125,919.54,0.99950
780,675,349,759.89,0.82596
781,547,189,578.73,0.62906
782,360,-21,360.61,0.39197
783,653,10,653.08,0.70987
784,1108,275,1141.62,1.24089
785,876,286,921.51,1.00164
786,271,236,359.36,0.39060
787,18,690,690.23,0.75026
788,198,1313,1327.85,1.44331
789,353,923,988.20,1.07413
790,680,-345,762.51,0.82882
791,1289,-1012,1638.80,1.78130
792,1313,-374,1365.23,1.48394
793,791,303,847.05,0.92070
794,644,232,684.51,0.74404
795,804,-209,830.72,0.90296
796,755,-338,827.21,0.89914
797,320,-126,343.91,0.37382
798,76,562,567.12,0.61643
799,-40,1216,1216.66,1.32245
800,-224,1195,1215.81,1.32154
801,-53,411,414.40,0.45044
802,762,-544,936.26,1.01767
803,1769,-518,1843.28,2.00357
804,1962,153,1967.96,2.13908
805,1299,368,1350.12,1.46752
806,692,110,700.69,0.76162
807,689,2,689.00,0.74892
808,866,141,877.40,0.95370
809,736,218,767.61,0.83436
810,580,293,649.81,0.70631
811,685,468,829.61,0.90175
812,770,572,959.21,1.04262
813,587,214,624.79,0.67912
814,435,-225,489.74,0.53233
815,707,-322,776.87,0.84443
816,1211,-48,1211.95,1.31734
817,1134,31,1134.42,1.23307
818,801,-154,815.67,0.88660
819,861,221,888.91,0.96621
820,960,973,1366.87,1.48573
821,849,1150,1429.44,1.55374
822,744,564,933.61,1.01480
823,638,120,649.19,0.70564
824,622,35,622.98,0.67716
825,739,7,739.03,0.80330
826,640,-151,657.57,0.71475
827,397,-341,523.35,0.56885
828,344,-126,366.35,0.39821
829,408,173,443.16,0.48170
830,601,228,642.79,0.69869
831,782,219,812.09,0.88270
832,718,574,919.24,0.99917
833,453,689,824.58,0.89628
834,340,380,509.90,0.55424
835,549,143,567.32,0.61665
836,714,244,754.54,0.82015
837,688,470,833.21,0.90567
838,611,341,699.72,0.76056
839,675,98,682.08,0.74139
840,608,23,608.43,0.66134
841,555,275,619.39,0.67326
842,486,528,717.62,0.78002
843,576,498,761.43,0.82764
844,731,274,780.66,0.84855
845,557,-353,659.44,0.71678
846,353,-696,780.40,0.84826
847,502,-629,804.76,0.87474
# END
# FRAME,160,RX_TS,1021940539178,FP_INDEX,749.5469,FP_INT,749,RXPACC,1220,RXPWR,-76.02,FP_PWR,-80.25,STD_NOISE,76.00,NTM,13,NOISE_THRESH,988.00,PEAK_IDX,751,PEAK_AMPL,20032,START,699,elapsed_s,17.5208
sample,real,imag,amplitude,amplitude_norm
699,152,151,214.25,0.17562
700,208,101,231.23,0.18953
701,214,80,228.46,0.18727
702,171,80,188.79,0.15474
703,44,173,178.51,0.14632
704,61,144,156.39,0.12819
705,87,90,125.18,0.10260
706,51,49,70.72,0.05797
707,-19,166,167.08,0.13695
708,-9,138,138.29,0.11336
709,124,133,181.84,0.14905
710,311,51,315.15,0.25832
711,276,80,287.36,0.23554
712,76,158,175.33,0.14371
713,-25,84,87.64,0.07184
714,132,42,138.52,0.11354
715,244,89,259.72,0.21289
716,138,169,218.19,0.17884
717,165,212,268.64,0.22020
718,302,293,420.78,0.34490
719,533,420,678.59,0.55622
720,519,516,731.86,0.59988
721,166,398,431.23,0.35347
722,98,147,176.67,0.14481
723,147,290,325.13,0.26650
724,150,437,462.03,0.37871
725,144,306,338.19,0.27720
726,87,159,181.25,0.14856
727,138,48,146.11,0.11976
728,194,96,216.45,0.17742
729,270,98,287.24,0.23544
730,270,72,279.44,0.22905
731,118,27,121.05,0.09922
732,94,87,128.08,0.10499
733,168,87,189.19,0.15507
734,261,152,302.03,0.24757
735,161,114,197.27,0.16170
736,119,178,214.11,0.17550
737,41,185,189.49,0.15532
738,53,181,188.60,0.15459
739,183,109,213.00,0.17459
740,326,138,354.01,0.29017
741,242,189,307.06,0.25169
742,11,182,182.33,0.14945
743,20,153,154.30,0.12648
744,206,118,237.40,0.19459
745,335,150,367.05,0.30086
746,194,108,222.04,0.18200
747,129,154,200.89,0.16466
748,-66,505,509.29,0.41745
749,-2353,3798,4467.82,3.66215
750,-9990,12866,16289.08,13.35170
751,-14801,16404,22094.36,18.11013
752,-14608,13486,19881.29,16.29614
753,-3042,2618,4013.44,3.28970
754,4884,-1523,5115.95,4.19341
755,-1412,5366,5548.67,4.54809
756,-6017,7361,9507.29,7.79286
757,-441,1036,1125.96,0.92291
758,4624,-3125,5580.95,4.57455
759,2888,-1723,3362.93,2.75650
760,-223,347,412.48,0.33810
761,-80,58,98.81,0.08099
762,1341,-860,1593.07,1.30580
763,1350,-1171,1787.10,1.46484
764,399,-974,1052.56,0.86275
765,217,-798,826.98,0.67785
766,1009,-712,1234.92,1.01223
767,1426,-314,1460.16,1.19685
768,950,51,951.37,0.77981
769,321,-248,405.64,0.33249
770,666,-39,667.14,0.54684
771,1041,2027,2278.69,1.86778
772,388,3803,3822.74,3.13339
773,-607,1390,1516.76,1.24324
774,-112,-3245,3246.93,2.66142
775,1218,-4104,4280.93,3.50896
776,1279,-767,1491.35,1.22242
777,408,1375,1434.26,1.17562
778,-6,544,544.03,0.44593
779,432,-811,918.88,0.75318
780,862,-934,1270.98,1.04179
781,840,-628,1048.80,0.85967
782,613,-373,717.56,0.58817
783,346,-335,481.60,0.39476
784,643,-558,851.36,0.69784
785,1249,-917,1549.48,1.27007
786,1060,-680,1259.36,1.03227
787,704,-21,704.31,0.57731
788,983,566,1134.30,0.92976
789,1530,707,1685.45,1.38152
790,1328,202,1343.28,1.10105
791,192,-1133,1149.15,0.94193
792,-111,-2387,2389.58,1.95867
793,609,-2161,2245.17,1.84031
794,928,-858,1263.86,1.03595
795,695,-404,803.89,0.65893
796,394,-1166,1230.77,1.00883
797,310,-1469,1501.35,1.23062
798,395,-701,804.63,0.65953
799,817,416,916.81,0.75149
800,1448,1072,1801.63,1.47675
801,1258,1154,1707.13,1.39928
802,293,335,445.06,0.36480
803,-4,-1222,1222.01,1.00164
804,891,-2266,2434.88,1.99580
805,1711,-1801,2484.17,2.03621
806,1326,-860,1580.47,1.29546
807,617,-516,804.33,0.65929
808,500,-585,769.56,0.63079
809,737,-602,951.62,0.78001
810,853,-494,985.72,0.80797
811,783,-486,921.57,0.75538
812,1063,-499,1174.30,0.96254
813,1127,-360,1183.10,0.96976
814,552,-153,572.81,0.46952
815,-33,-388,389.40,0.31918
816,153,-931,943.49,0.77335
817,986,-1272,1609.40,1.31918
818,817,-926,1234.89,1.01221
819,403,-892,978.81,0.80230
820,920,-776,1203.57,0.98653
821,1698,-187,1708.27,1.40022
822,1819,-160,1826.02,1.49674
823,1077,-410,1152.40,0.94459
824,633,-675,925.37,0.75850
825,620,-745,969.24,0.79446
826,568,-824,1000.80,0.82033
827,140,-914,924.66,0.75792
828,-166,-851,867.04,0.71069
829,74,-466,471.84,0.38675
830,502,-299,584.30,0.47893
831,711,-360,796.94,0.65323
832,732,-313,796.11,0.65255
833,817,-87,821.62,0.67346
834,836,148,849.00,0.69590
835,643,-55,645.35,0.52897
836,520,-352,627.94,0.51470
837,656,-492,820.00,0.67213
838,891,-360,960.98,0.78769
839,884,-385,964.20,0.79033
840,500,-450,672.68,0.55138
841,236,-340,413.88,0.33925
842,483,-159,508.50,0.41680
843,785,-46,786.35,0.64455
844,803,-223,833.39,0.68311
845,604,-443,749.04,0.61397
846,-130,-809,819.38,0.67162
847,-634,-859,1067.63,0.87511
848,-174,-843,860.77,0.70555
# END
# FRAME,161,RX_TS,1028330329990,FP_INDEX,750.6250,FP_INT,750,RXPACC,927,RXPWR,-73.41,FP_PWR,-76.89,STD_NOISE,56.00,NTM,13,NOISE_THRESH,728.00,PEAK_IDX,752,PEAK_AMPL,17346,START,700,elapsed_s,17.6105
sample,real,imag,amplitude,amplitude_norm
700,130,63,144.46,0.15584
701,146,109,182.20,0.19655
702,82,40,91.24,0.09842
703,62,82,102.80,0.11090
704,119,136,180.71,0.19494
705,122,154,196.47,0.21194
706,51,107,118.53,0.12787
707,42,86,95.71,0.10324
708,23,163,164.61,0.17758
709,56,237,243.53,0.26270
710,52,123,133.54,0.14406
711,57,5,57.22,0.06172
712,122,-41,128.71,0.13884
713,153,75,170.39,0.18381
714,85,112,140.60,0.15167
715,108,79,133.81,0.14435
716,68,65,94.07,0.10148
717,31,61,68.43,0.07381
718,117,93,149.46,0.16123
719,356,100,369.78,0.39890
720,462,-47,464.38,0.50095
721,468,-6,468.04,0.50490
722,173,170,242.55,0.26165
723,47,67,81.84,0.08829
724,252,179,309.10,0.33345
725,313,315,444.07,0.47903
726,201,298,359.45,0.38776
727,65,138,152.54,0.16455
728,-25,-8,26.25,0.02832
729,79,-64,101.67,0.10968
730,186,6,186.10,0.20075
731,103,46,112.81,0.12169
732,19,42,46.10,0.04973
733,38,99,106.04,0.11439
734,96,103,140.80,0.15189
735,69,139,155.18,0.16740
736,171,103,199.62,0.21534
737,86,77,115.43,0.12452
738,148,158,216.49,0.23354
739,10,161,161.31,0.17401
740,73,-28,78.19,0.08434
741,220,-58,227.52,0.24543
742,219,45,223.58,0.24118
743,166,128,209.62,0.22613
744,95,96,135.06,0.14569
745,92,36,98.79,0.10657
746,69,117,135.83,0.14653
747,56,69,88.87,0.09586
748,155,70,170.07,0.18347
749,288,361,461.81,0.49817
750,1336,3145,3417.00,3.68609
751,4052,11721,12401.63,13.37825
752,4333,16405,16967.58,18.30376
753,2237,15050,15215.34,16.41353
754,-514,2286,2343.07,2.52759
755,511,-6109,6130.33,6.61309
756,3088,711,3168.80,3.41833
757,2338,6253,6675.80,7.20151
758,-331,1934,1962.12,2.11663
759,-1210,-3165,3388.41,3.65524
760,-219,-2623,2632.13,2.83940
761,429,-157,456.83,0.49280
762,346,129,369.27,0.39834
763,-128,-943,951.65,1.02659
764,-335,-1160,1207.40,1.30249
765,-430,-545,694.21,0.74888
766,-401,-317,511.17,0.55142
767,-76,-741,744.89,0.80355
768,333,-946,1002.90,1.08188
769,338,-472,580.54,0.62626
770,53,-78,94.30,0.10173
771,225,-142,266.06,0.28701
772,1639,364,1678.93,1.81115
773,2557,1522,2975.69,3.21002
774,735,1230,1432.87,1.54571
775,-1909,-669,2022.83,2.18213
776,-1923,-1796,2631.26,2.83847
777,12,-797,797.09,0.85986
778,927,482,1044.82,1.12710
779,286,401,492.54,0.53133
780,-295,-427,518.99,0.55986
781,-302,-950,996.85,1.07535
782,-33,-977,977.56,1.05454
783,-36,-633,634.02,0.68395
784,-120,-289,312.92,0.33757
785,-311,-370,483.34,0.52141
786,-436,-814,923.41,0.99613
787,-138,-695,708.57,0.76437
788,412,-292,504.98,0.54475
789,885,-349,951.33,1.02624
790,1080,-613,1241.84,1.33963
791,643,-504,816.99,0.88132
792,-592,-407,718.41,0.77498
793,-1520,-748,1694.08,1.82749
794,-1195,-1115,1634.40,1.76310
795,-177,-861,879.01,0.94823
796,112,-515,527.04,0.56854
797,-285,-601,665.15,0.71753
798,-601,-530,801.31,0.86441
799,-260,-279,381.37,0.41140
800,616,-193,645.53,0.69636
801,1379,-306,1412.54,1.52378
802,1287,-102,1291.04,1.39270
803,387,177,425.56,0.45907
804,-895,-276,936.59,1.01035
805,-1199,-1252,1733.52,1.87004
806,-578,-1613,1713.43,1.84836
807,-55,-1158,1159.31,1.25060
808,-136,-510,527.82,0.56939
809,-248,-330,412.80,0.44531
810,-66,-466,470.65,0.50771
811,-22,-498,498.49,0.53774
812,-18,-478,478.34,0.51601
813,135,-668,681.50,0.73517
814,324,-587,670.48,0.72328
815,163,-202,259.56,0.28000
816,-191,-36,194.36,0.20967
817,-518,-330,614.19,0.66255
818,-438,-855,960.66,1.03631
819,-213,-612,648.01,0.69904
820,-399,-401,565.69,0.61023
821,-153,-774,788.98,0.85111
822,500,-1094,1202.84,1.29757
823,566,-996,1145.59,1.23580
824,128,-602,615.46,0.66392
825,-234,-456,512.53,0.55290
826,-286,-476,555.31,0.59904
827,-350,-477,591.63,0.63822
828,-511,-265,575.63,0.62096
829,-482,13,482.18,0.52015
830,-304,-24,304.95,0.32896
831,-45,-265,268.79,0.28996
832,45,-416,418.43,0.45138
833,107,-410,423.73,0.45710
834,308,-402,506.43,0.54631
835,456,-279,534.58,0.57668
836,224,-260,343.19,0.37021
837,-33,-391,392.39,0.42329
838,-169,-529,555.34,0.59907
839,36,-541,542.20,0.58489
840,46,-476,478.22,0.51588
841,-114,-342,360.50,0.38889
842,-146,-193,242.00,0.26106
843,26,-208,209.62,0.22613
844,331,-308,452.13,0.48774
845,319,-499,592.25,0.63889
846,-55,-457,460.30,0.49655
847,-674,-158,692.27,0.74679
848,-872,145,883.97,0.95359
849,-709,-153,725.32,0.78244
# END
# FRAME,162,RX_TS,1034720120770,FP_INDEX,752.2187,FP_INT,752,RXPACC,955,RXPWR,-73.94,FP_PWR,-77.31,STD_NOISE,56.00,NTM,13,NOISE_THRESH,728.00,PEAK_IDX,754,PEAK_AMPL,17839,START,702,elapsed_s,17.7871
sample,real,imag,amplitude,amplitude_norm
702,103,-54,116.30,0.12178
703,82,153,173.59,0.18177
704,85,86,120.92,0.12662
705,65,71,96.26,0.10080
706,90,118,148.40,0.15540
707,212,52,218.28,0.22857
708,254,84,267.53,0.28014
709,144,83,166.21,0.17404
710,187,144,236.02,0.24714
711,178,64,189.16,0.19807
712,30,120,123.69,0.12952
713,-69,141,156.98,0.16437
714,32,61,68.88,0.07213
715,195,-22,196.24,0.20548
716,201,39,204.75,0.21440
717,138,157,209.03,0.21888
718,-11,129,129.47,0.13557
719,36,-10,37.36,0.03912
720,139,-168,218.05,0.22832
721,-8,-212,212.15,0.22215
722,-217,-267,344.06,0.36027
723,3,-182,182.02,0.19060
724,150,143,207.24,0.21701
725,198,252,320.48,0.33558
726,113,55,125.67,0.13160
727,147,-67,161.55,0.16916
728,170,13,170.50,0.17853
729,87,157,179.49,0.18795
730,10,103,103.48,0.10836
731,-28,31,41.77,0.04374
732,8,37,37.85,0.03964
733,43,167,172.45,0.18057
734,79,130,152.12,0.15929
735,71,141,157.87,0.16531
736,92,171,194.18,0.20333
737,117,154,193.40,0.20252
738,93,96,133.66,0.13996
739,236,36,238.73,0.24998
740,149,138,203.09,0.21266
741,89,162,184.84,0.19355
742,-77,54,94.05,0.09848
743,-55,-56,78.49,0.08219
744,24,-30,38.42,0.04023
745,78,45,90.05,0.09429
746,151,42,156.73,0.16412
747,101,-3,101.04,0.10581
748,57,72,91.83,0.09616
749,45,65,79.06,0.08278
750,125,94,156.40,0.16377
751,957,-444,1054.98,1.10469
752,6119,-3536,7067.21,7.40022
753,14109,-7008,15753.60,16.49592
754,16408,-6064,17492.70,18.31696
755,12136,-1326,12208.23,12.78348
756,-1464,3817,4088.13,4.28076
757,-3810,1627,4142.85,4.33807
758,2741,-2801,3919.02,4.10368
759,3225,-2578,4128.77,4.32332
760,-1907,447,1958.69,2.05098
761,-3713,1423,3976.34,4.16371
762,-1031,280,1068.34,1.11869
763,593,-379,703.77,0.73693
764,-284,-5,284.04,0.29743
765,-1286,508,1382.70,1.44785
766,-944,684,1165.76,1.22069
767,-175,614,638.45,0.66854
768,-192,509,544.01,0.56964
769,-723,280,775.33,0.81186
770,-838,-64,840.44,0.88004
771,-474,-96,483.62,0.50641
772,-257,92,272.97,0.28583
773,-179,-684,707.03,0.74035
774,571,-2324,2393.12,2.50588
775,1318,-2240,2598.99,2.72145
776,426,696,816.02,0.85447
777,-1359,2752,3069.26,3.21389
778,-1613,1428,2154.29,2.25580
779,-268,-657,709.56,0.74299
780,559,-723,913.90,0.95696
781,158,452,478.82,0.50138
782,-634,834,1047.62,1.09699
783,-918,516,1053.08,1.10270
784,-759,257,801.33,0.83909
785,-331,291,440.73,0.46150
786,-174,338,380.16,0.39807
787,-507,421,659.01,0.69006
788,-774,558,954.17,0.99913
789,-348,134,372.91,0.39048
790,-133,-387,409.22,0.42850
791,-514,-726,889.53,0.93145
792,-706,-742,1024.21,1.07247
793,-255,44,258.77,0.27096
794,-115,1375,1379.80,1.44482
795,-666,1913,2025.62,2.12107
796,-924,1193,1508.98,1.58009
797,-658,291,719.48,0.75338
798,-489,363,609.01,0.63770
799,-441,781,896.91,0.93917
800,-250,813,850.57,0.89065
801,-81,417,424.79,0.44481
802,-400,-395,562.16,0.58865
803,-528,-1142,1258.15,1.31744
804,-73,-994,996.68,1.04364
805,78,167,184.32,0.19300
806,-512,1302,1399.05,1.46498
807,-1377,1404,1966.56,2.05922
808,-1508,692,1659.19,1.73738
809,-855,324,914.33,0.95741
810,-410,384,561.74,0.58821
811,-538,426,686.24,0.71857
812,-681,304,745.77,0.78091
813,-573,280,637.75,0.66780
814,-651,274,706.31,0.73959
815,-756,46,757.40,0.79309
816,-643,-10,643.08,0.67338
817,-175,253,307.63,0.32212
818,-138,639,653.73,0.68454
819,-591,1093,1242.55,1.30110
820,-944,768,1216.95,1.27429
821,-666,475,818.03,0.85658
822,-625,500,800.39,0.83811
823,-991,158,1003.52,1.05080
824,-1167,-265,1196.71,1.25310
825,-844,-145,856.36,0.89672
826,-453,318,553.47,0.57955
827,-477,622,783.85,0.82078
828,-493,607,781.98,0.81883
829,-291,723,779.37,0.81609
830,-7,740,740.03,0.77490
831,107,599,608.48,0.63715
832,-92,420,429.96,0.45022
833,-309,234,387.60,0.40587
834,-317,240,397.60,0.41634
835,-375,36,376.72,0.39448
836,-397,-247,467.57,0.48960
837,-342,-290,448.40,0.46953
838,-263,113,286.25,0.29974
839,-355,366,509.88,0.53391
840,-542,296,617.56,0.64666
841,-557,148,576.33,0.60348
842,-410,193,453.15,0.47451
843,-222,329,396.89,0.41560
844,-180,317,364.54,0.38172
845,-217,66,226.81,0.23750
846,-389,-71,395.43,0.41406
847,-464,213,510.55,0.53461
848,-314,607,683.41,0.71561
849,198,903,924.45,0.96801
850,345,1022,1078.66,1.12949
851,-306,907,957.23,1.00233
# END
# FRAME,163,RX_TS,1041109911542,FP_INDEX,752.1094,FP_INT,752,RXPACC,891,RXPWR,-72.83,FP_PWR,-76.53,STD_NOISE,52.00,NTM,13,NOISE_THRESH,676.00,PEAK_IDX,754,PEAK_AMPL,16440,START,702,elapsed_s,17.8593
sample,real,imag,amplitude,amplitude_norm
702,137,121,182.78,0.20514
703,37,148,152.55,0.17122
704,24,55,60.01,0.06735
705,87,64,108.00,0.12122
706,110,108,154.16,0.17301
707,168,218,275.22,0.30889
708,84,107,136.03,0.15267
709,1,62,62.01,0.06959
710,10,101,101.49,0.11391
711,102,161,190.59,0.21391
712,141,98,171.71,0.19272
713,135,24,137.12,0.15389
714,158,-39,162.74,0.18265
715,63,90,109.86,0.12330
716,97,93,134.38,0.15082
717,125,-22,126.92,0.14245
718,104,31,108.52,0.12180
719,140,133,193.10,0.21673
720,301,147,334.98,0.37596
721,429,-1,429.00,0.48148
722,493,-32,494.04,0.55448
723,374,200,424.12,0.47600
724,86,221,237.14,0.26615
725,29,136,139.06,0.15607
726,219,118,248.77,0.27920
727,192,92,212.90,0.23895
728,84,103,132.91,0.14917
729,-31,52,60.54,0.06795
730,25,-15,29.15,0.03272
731,101,26,104.29,0.11705
732,114,79,138.70,0.15566
733,67,28,72.62,0.08150
734,101,1,101.00,0.11336
735,98,54,111.89,0.12558
736,122,134,181.22,0.20339
737,81,86,118.14,0.13259
738,133,98,165.21,0.18542
739,61,106,122.30,0.13726
740,20,153,154.30,0.17318
741,31,11,32.89,0.03692
742,125,-88,152.87,0.17157
743,184,60,193.54,0.21721
744,145,157,213.71,0.23986
745,32,105,109.77,0.12320
746,-15,40,42.72,0.04795
747,43,81,91.71,0.10292
748,50,70,86.02,0.09655
749,81,138,160.02,0.17959
750,106,88,137.77,0.15462
751,440,1117,1200.54,1.34740
752,1708,7116,7318.11,8.21337
753,2275,14976,15147.81,17.00091
754,524,16420,16428.36,18.43811
755,-3022,11725,12108.18,13.58943
756,-4245,251,4252.41,4.77263
757,-1496,-668,1638.36,1.83879
758,1207,4361,4524.95,5.07851
759,1866,2577,3181.65,3.57087
760,1144,-2952,3165.92,3.55322
761,312,-3701,3714.13,4.16849
762,-102,-713,720.26,0.80837
763,59,579,582.00,0.65320
764,382,-361,525.59,0.58989
765,288,-1225,1258.40,1.41235
766,-26,-962,962.35,1.08008
767,-245,-460,521.18,0.58493
768,-160,-518,542.15,0.60847
769,187,-920,938.81,1.05366
770,440,-895,997.31,1.11931
771,351,-631,722.05,0.81039
772,270,-438,514.53,0.57748
773,1144,118,1150.07,1.29076
774,2462,1387,2825.81,3.17151
775,1870,1816,2606.68,2.92556
776,-582,-45,583.74,0.65515
777,-1782,-2201,2831.95,3.17839
778,-337,-1943,1972.01,2.21325
779,1026,-110,1031.88,1.15811
780,818,590,1008.58,1.13196
781,-2,-112,112.02,0.12572
782,-203,-935,956.78,1.07383
783,-41,-989,989.85,1.11094
784,113,-675,684.39,0.76812
785,28,-354,355.11,0.39855
786,-94,-310,323.94,0.36357
787,61,-713,715.60,0.80315
788,191,-912,931.79,1.04578
789,316,-440,541.72,0.60799
790,492,-279,565.60,0.63479
791,919,-548,1069.98,1.20088
792,1039,-576,1187.98,1.33331
793,287,-448,532.05,0.59713
794,-993,-725,1229.50,1.37991
795,-1306,-1250,1807.80,2.02895
796,-427,-1118,1196.77,1.34317
797,304,-606,677.98,0.76092
798,66,-532,536.08,0.60166
799,-341,-585,677.13,0.75997
800,-242,-309,392.49,0.44050
801,251,-154,294.48,0.33050
802,830,-239,863.73,0.96939
803,1274,-142,1281.89,1.43871
804,942,231,969.91,1.08856
805,-74,27,78.77,0.08841
806,-807,-988,1275.69,1.43175
807,-559,-1842,1924.95,2.16044
808,79,-1578,1579.98,1.77326
809,265,-798,840.85,0.94372
810,102,-449,460.44,0.51677
811,31,-569,569.84,0.63956
812,66,-626,629.47,0.70648
813,92,-597,604.05,0.67794
814,252,-640,687.83,0.77197
815,458,-739,869.42,0.97578
816,359,-586,687.22,0.77130
817,-95,-214,234.14,0.26278
818,-443,-245,506.24,0.56817
819,-570,-856,1028.41,1.15422
820,-297,-1058,1098.90,1.23333
821,-271,-712,761.83,0.85503
822,-96,-787,792.83,0.88982
823,643,-981,1172.95,1.31644
824,1164,-1009,1540.45,1.72890
825,714,-755,1039.14,1.16627
826,69,-463,468.11,0.52538
827,-167,-444,474.37,0.53240
828,-114,-542,553.86,0.62162
829,-172,-623,646.31,0.72537
830,-367,-324,489.56,0.54945
831,-290,-94,304.85,0.34215
832,2,-73,73.03,0.08196
833,123,-254,282.21,0.31674
834,-10,-401,401.12,0.45020
835,213,-400,453.18,0.50862
836,592,-269,650.25,0.72980
837,613,-137,628.12,0.70496
838,123,-208,241.65,0.27121
839,-122,-518,532.17,0.59728
840,18,-640,640.25,0.71858
841,257,-528,587.22,0.65906
842,201,-355,407.95,0.45786
843,9,-271,271.15,0.30432
844,63,-268,275.31,0.30898
845,345,-335,480.88,0.53971
846,438,-421,607.52,0.68184
847,269,-448,522.56,0.58648
848,-226,-431,486.66,0.54619
849,-690,-19,690.26,0.77470
850,-742,-46,743.42,0.83437
851,-461,-574,736.20,0.82627
# END
# FRAME,164,RX_TS,1047499702815,FP_INDEX,753.2500,FP_INT,753,RXPACC,925,RXPWR,-72.67,FP_PWR,-75.98,STD_NOISE,152.00,NTM,13,NOISE_THRESH,1976.00,PEAK_IDX,755,PEAK_AMPL,17519,START,703,elapsed_s,17.9432
sample,real,imag,amplitude,amplitude_norm
703,71,29,76.69,0.08291
704,128,154,200.25,0.21649
705,133,155,204.24,0.22080
706,90,143,168.96,0.18266
707,81,16,82.57,0.08926
708,109,12,109.66,0.11855
709,117,85,144.62,0.15634
710,132,27,134.73,0.14566
711,32,-8,32.98,0.03566
712,96,47,106.89,0.11555
713,157,146,214.39,0.23178
714,44,195,199.90,0.21611
715,-18,106,107.52,0.11624
716,84,-17,85.70,0.09265
717,202,1,202.00,0.21838
718,64,28,69.86,0.07552
719,-12,114,114.63,0.12392
720,29,79,84.15,0.09098
721,35,131,135.59,0.14659
722,-109,242,265.41,0.28693
723,-315,295,431.57,0.46656
724,-239,162,288.73,0.31214
725,32,-66,73.35,0.07930
726,-60,36,69.97,0.07564
727,-80,63,101.83,0.11008
728,4,69,69.12,0.07472
729,100,31,104.69,0.11318
730,137,-3,137.03,0.14814
731,147,152,211.45,0.22860
732,121,305,328.12,0.35473
733,114,159,195.65,0.21151
734,126,61,139.99,0.15134
735,68,48,83.23,0.08998
736,28,124,127.12,0.13743
737,51,105,116.73,0.12620
738,125,118,171.90,0.18584
739,79,74,108.25,0.11702
740,80,108,134.40,0.14530
741,58,-17,60.44,0.06534
742,33,67,74.69,0.08074
743,21,143,144.53,0.15625
744,-26,183,184.84,0.19982
745,17,232,232.62,0.25148
746,129,155,201.66,0.21801
747,106,133,170.07,0.18386
748,69,99,120.67,0.13046
749,80,57,98.23,0.10619
750,71,60,92.96,0.10049
751,78,106,131.61,0.14228
752,-263,-525,587.19,0.63480
753,-2458,-5561,6080.01,6.57298
754,-5175,-13908,14839.58,16.04279
755,-4175,-16407,16929.86,18.30256
756,-299,-14036,14039.18,15.17750
757,3391,-3763,5065.48,5.47619
758,1549,-393,1598.08,1.72765
759,-2228,-4226,4777.35,5.16470
760,-2781,-2505,3742.86,4.04633
761,-756,3199,3287.12,3.55364
762,701,4337,4393.29,4.74950
763,668,1266,1431.43,1.54749
764,109,-252,274.56,0.29683
765,-49,660,661.82,0.71548
766,201,1590,1602.65,1.73260
767,399,1398,1453.82,1.57170
768,473,866,986.75,1.06676
769,337,782,851.52,0.92057
770,46,1090,1090.97,1.17943
771,-170,1203,1214.95,1.31346
772,-116,1034,1040.49,1.12485
773,-18,823,823.20,0.88994
774,-736,515,898.29,0.97112
775,-2223,-410,2260.49,2.44378
776,-2127,-1267,2475.77,2.67650
777,592,-254,644.19,0.69642
778,2699,1637,3156.64,3.41258
779,1604,1994,2559.07,2.76656
780,-486,695,848.07,0.91683
781,-831,-113,838.65,0.90665
782,186,320,370.13,0.40014
783,735,997,1238.64,1.33907
784,503,1066,1178.71,1.27428
785,385,873,954.12,1.03149
786,252,575,627.80,0.67870
787,393,496,632.82,0.68413
788,497,891,1020.24,1.10296
789,404,1330,1390.01,1.50271
790,51,827,828.57,0.89575
791,-200,506,544.09,0.58821
792,-570,880,1048.48,1.13349
793,-836,1224,1482.25,1.60243
794,-209,969,991.28,1.07166
795,1158,765,1387.87,1.50040
796,1790,1047,2073.72,2.24186
797,993,1152,1520.91,1.64422
798,106,997,1002.62,1.08391
799,153,983,994.84,1.07550
800,494,1068,1176.72,1.27213
801,455,736,865.29,0.93545
802,82,379,387.77,0.41921
803,-531,520,743.21,0.80347
804,-1058,512,1175.38,1.27068
805,-924,245,955.93,1.03344
806,147,195,244.20,0.26400
807,1296,968,1617.60,1.74876
808,1416,1828,2312.28,2.49976
809,756,1701,1861.43,2.01236
810,311,1092,1135.42,1.22748
811,304,766,824.12,0.89094
812,365,907,977.69,1.05696
813,237,899,929.72,1.00510
814,159,716,733.44,0.79291
815,74,801,804.41,0.86963
816,-94,1068,1072.13,1.15906
817,-137,1009,1018.26,1.10082
818,219,418,471.90,0.51016
819,622,320,699.49,0.75620
820,1032,767,1285.81,1.39007
821,896,1194,1492.80,1.61384
822,824,815,1158.97,1.25294
823,730,870,1135.69,1.22778
824,45,1227,1227.82,1.32738
825,-580,1455,1566.34,1.69334
826,-391,1216,1277.32,1.38088
827,113,784,792.10,0.85633
828,407,724,830.56,0.89790
829,491,719,870.66,0.94125
830,697,621,933.51,1.00921
831,694,453,828.76,0.89596
832,487,400,630.21,0.68131
833,276,440,519.40,0.56151
834,188,535,567.07,0.61305
835,288,589,655.64,0.70880
836,165,672,691.96,0.74807
837,-190,825,846.60,0.91524
838,-312,707,772.78,0.83544
839,75,532,537.26,0.58082
840,445,541,700.50,0.75730
841,356,758,837.44,0.90534
842,139,909,919.57,0.99413
843,123,744,754.10,0.81524
844,320,554,639.78,0.69165
845,194,411,454.49,0.49134
846,2,532,532.00,0.57514
847,-84,772,776.56,0.83952
848,77,809,812.66,0.87855
849,455,709,842.44,0.91075
850,887,165,902.22,0.97537
851,1009,-66,1011.16,1.09314
852,915,430,1011.00,1.09298
# END
# FRAME,165,RX_TS,1053889493571,FP_INDEX,753.4219,FP_INT,753,RXPACC,966,RXPWR,-72.46,FP_PWR,-75.59,STD_NOISE,64.00,NTM,13,NOISE_THRESH,832.00,PEAK_IDX,755,PEAK_AMPL,18093,START,703,elapsed_s,18.1835
sample,real,imag,amplitude,amplitude_norm
703,141,24,143.03,0.14806
704,166,103,195.36,0.20223
705,51,133,142.44,0.14746
706,78,83,113.90,0.11791
707,201,70,212.84,0.22033
708,323,72,330.93,0.34258
709,183,149,235.99,0.24429
710,137,141,196.60,0.20352
711,214,224,309.79,0.32070
712,221,195,294.73,0.30510
713,163,138,213.57,0.22109
714,-12,100,100.72,0.10426
715,31,181,183.64,0.19010
716,192,156,247.39,0.25609
717,213,150,260.52,0.26969
718,129,153,200.12,0.20717
719,179,126,218.90,0.22660
720,248,139,284.30,0.29430
721,137,103,171.40,0.17743
722,8,-154,154.21,0.15964
723,-171,-306,350.54,0.36288
724,-47,-184,189.91,0.19659
725,210,-16,210.61,0.21802
726,177,131,220.20,0.22795
727,15,18,23.43,0.02426
728,128,-30,131.47,0.13610
729,155,-35,158.90,0.16450
730,242,70,251.92,0.26079
731,43,139,145.50,0.15062
732,-70,114,133.78,0.13848
733,12,96,96.75,0.10015
734,100,174,200.69,0.20775
735,78,139,159.39,0.16500
736,102,89,135.37,0.14013
737,120,158,198.40,0.20539
738,183,202,272.57,0.28216
739,200,133,240.19,0.24864
740,210,140,252.39,0.26127
741,265,97,282.19,0.29213
742,223,158,273.30,0.28292
743,111,53,123.00,0.12733
744,37,-25,44.65,0.04623
745,86,-10,86.58,0.08963
746,201,65,211.25,0.21868
747,127,177,217.85,0.22552
748,3,133,133.03,0.13772
749,39,72,81.88,0.08477
750,141,80,162.11,0.16782
751,252,92,268.27,0.27771
752,740,-302,799.25,0.82738
753,4574,-2766,5345.30,5.53344
754,12732,-6916,14489.13,14.99910
755,16408,-7138,17893.39,18.52318
756,16204,-4486,16813.50,17.40528
757,8654,-213,8656.62,8.96131
758,940,211,963.39,0.99730
759,2755,-2982,4059.85,4.20274
760,3907,-3104,4989.94,5.16557
761,26,28,38.21,0.03955
762,-2832,1715,3310.81,3.42734
763,-1482,818,1692.76,1.75234
764,87,-172,192.75,0.19954
765,29,-79,84.15,0.08712
766,-591,397,711.96,0.73702
767,-682,679,962.37,0.99625
768,-452,746,872.25,0.90295
769,-454,806,925.07,0.95763
770,-728,667,987.36,1.02211
771,-835,179,853.97,0.88403
772,-462,-152,486.36,0.50348
773,-315,12,315.23,0.32632
774,-286,-379,474.80,0.49151
775,208,-1978,1988.91,2.05891
776,1057,-2538,2749.31,2.84607
777,991,-233,1018.02,1.05385
778,-396,2298,2331.87,2.41394
779,-1247,1871,2248.48,2.32762
780,-510,-355,621.39,0.64326
781,340,-1043,1097.02,1.13563
782,89,-53,103.59,0.10723
783,-370,660,756.64,0.78327
784,-512,727,889.20,0.92049
785,-540,524,752.45,0.77893
786,-414,380,561.96,0.58174
787,-232,416,476.32,0.49308
788,-309,458,552.49,0.57194
789,-689,464,830.67,0.85991
790,-435,330,546.01,0.56523
791,4,-136,136.06,0.14085
792,-368,-747,832.73,0.86204
793,-856,-922,1258.10,1.30238
794,-663,-177,686.22,0.71037
795,-306,1227,1264.58,1.30909
796,-382,1941,1978.23,2.04786
797,-655,1159,1331.28,1.37814
798,-575,239,622.69,0.64461
799,-491,388,625.80,0.64783
800,-676,897,1123.20,1.16274
801,-570,827,1004.40,1.03976
802,-222,259,341.12,0.35313
803,-168,-541,566.48,0.58642
804,-456,-1178,1263.18,1.30764
805,-323,-1233,1274.60,1.31947
806,53,-353,356.96,0.36952
807,-219,1031,1054.00,1.09110
808,-960,1588,1855.63,1.92094
809,-1341,1081,1722.45,1.78308
810,-967,511,1093.71,1.13221
811,-475,432,642.07,0.66466
812,-472,376,603.46,0.62470
813,-572,267,631.25,0.65346
814,-433,156,460.24,0.47644
815,-519,147,539.42,0.55840
816,-833,45,834.21,0.86358
817,-822,-21,822.27,0.85121
818,-265,288,391.37,0.40514
819,4,551,551.01,0.57041
820,-174,918,934.34,0.96723
821,-708,1113,1319.10,1.36553
822,-488,854,983.60,1.01821
823,-261,805,846.25,0.87604
824,-726,368,813.94,0.84259
825,-1219,-193,1234.18,1.27762
826,-987,-206,1008.27,1.04376
827,-518,211,559.33,0.57901
828,-317,549,633.95,0.65626
829,-430,624,757.81,0.78448
830,-440,652,786.58,0.81426
831,-135,793,804.41,0.83272
832,9,714,714.06,0.73919
833,-31,420,421.14,0.43597
834,-274,235,360.97,0.37368
835,-332,253,417.41,0.43210
836,-477,198,516.46,0.53464
837,-635,-51,637.04,0.65947
838,-635,-158,654.36,0.67739
839,-380,72,386.76,0.40037
840,-246,301,388.74,0.40242
841,-442,287,527.00,0.54555
842,-678,209,709.48,0.73445
843,-602,271,660.19,0.68342
844,-367,275,458.60,0.47474
845,-290,285,406.60,0.42091
846,-462,72,467.58,0.48403
847,-639,-37,640.07,0.66260
848,-652,84,657.39,0.68053
849,-432,510,668.37,0.69190
850,76,908,911.18,0.94325
851,299,1026,1068.68,1.10629
852,-3,1003,1003.00,1.03831
# END
# FRAME,166,RX_TS,1060279284286,FP_INDEX,745.5156,FP_INT,745,RXPACC,909,RXPWR,-73.56,FP_PWR,-76.42,STD_NOISE,52.00,NTM,13,NOISE_THRESH,676.00,PEAK_IDX,747,PEAK_AMPL,17047,START,695,elapsed_s,18.2373
sample,real,imag,amplitude,amplitude_norm
695,113,-8,113.28,0.12462
696,118,94,150.86,0.16597
697,87,96,129.56,0.14253
698,87,118,146.60,0.16128
699,65,24,69.29,0.07623
700,191,-66,202.08,0.22231
701,244,-6,244.07,0.26851
702,172,103,200.48,0.22055
703,175,74,190.00,0.20902
704,189,-4,189.04,0.20797
705,138,76,157.54,0.17332
706,102,254,273.72,0.30112
707,52,298,302.50,0.33279
708,153,151,214.97,0.23649
709,271,9,271.15,0.29829
710,163,72,178.19,0.19603
711,33,121,125.42,0.13798
712,10,89,89.56,0.09853
713,-42,80,90.35,0.09940
714,-249,99,267.96,0.29478
715,-406,228,465.64,0.51225
716,-276,112,297.86,0.32768
717,34,39,51.74,0.05692
718,149,183,235.99,0.25961
719,-30,205,207.18,0.22792
720,-130,94,160.42,0.17648
721,32,-10,33.53,0.03688
722,137,55,147.63,0.16241
723,125,97,158.22,0.17406
724,72,193,205.99,0.22661
725,47,209,214.22,0.23567
726,73,127,146.49,0.16115
727,90,140,166.43,0.18309
728,154,69,168.75,0.18564
729,170,37,173.98,0.19140
730,103,91,137.44,0.15120
731,86,138,162.60,0.17888
732,63,60,87.00,0.09571
733,136,-46,143.57,0.15794
734,38,30,48.41,0.05326
735,10,269,269.19,0.29613
736,-34,161,164.55,0.18102
737,3,111,111.04,0.12216
738,141,81,162.61,0.17889
739,149,149,210.72,0.23181
740,94,117,150.08,0.16511
741,34,105,110.37,0.12142
742,44,142,148.66,0.16354
743,44,90,100.18,0.11021
744,-39,-240,243.15,0.26749
745,-848,-3642,3739.42,4.11377
746,-2463,-12467,12707.97,13.98016
747,-2117,-16412,16547.97,18.20459
748,-250,-14990,14992.08,16.49294
749,1384,-3755,4001.93,4.40257
750,264,3616,3625.62,3.98859
751,-1430,-1357,1971.38,2.16874
752,-1442,-4735,4949.71,5.44522
753,-400,-481,625.59,0.68822
754,182,3326,3330.98,3.66444
755,226,2299,2310.08,2.54134
756,76,297,306.57,0.33726
757,-14,295,295.33,0.32490
758,157,1230,1239.98,1.36411
759,339,1292,1335.73,1.46945
760,524,838,988.34,1.08728
761,564,742,932.02,1.02532
762,363,1026,1088.32,1.19727
763,-46,1093,1093.97,1.20348
764,-138,822,833.50,0.91695
765,80,718,722.44,0.79477
766,-393,478,618.82,0.68077
767,-1689,-417,1739.72,1.91388
768,-2014,-1557,2545.67,2.80052
769,-3,-693,693.01,0.76238
770,2038,1687,2645.64,2.91050
771,1527,2528,2953.39,3.24905
772,-246,1001,1030.78,1.13398
773,-863,-364,936.62,1.03039
774,-52,-62,80.92,0.08902
775,566,817,993.90,1.09340
776,496,1149,1251.49,1.37677
777,318,1142,1185.45,1.30412
778,143,780,793.00,0.87239
779,210,503,545.08,0.59964
780,219,644,680.22,0.74831
781,315,1032,1079.00,1.18702
782,128,757,767.75,0.84460
783,-213,351,410.57,0.45168
784,-749,475,886.92,0.97571
785,-1027,849,1332.49,1.46589
786,-425,806,911.19,1.00241
787,937,741,1194.59,1.31418
788,1716,1210,2099.70,2.30991
789,1022,1376,1714.02,1.88561
790,88,995,998.88,1.09888
791,127,780,790.27,0.86939
792,668,1060,1252.93,1.37836
793,666,1112,1296.19,1.42595
794,188,578,607.81,0.66865
795,-401,266,481.20,0.52938
796,-1029,425,1113.31,1.22477
797,-1113,259,1142.74,1.25714
798,-186,107,214.58,0.23606
799,942,656,1147.91,1.26283
800,1250,1725,2130.29,2.34355
801,550,1829,1909.91,2.10111
802,101,1173,1177.34,1.29520
803,169,571,595.48,0.65510
804,255,615,665.77,0.73242
805,183,862,881.21,0.96943
806,-3,771,771.01,0.84819
807,-77,732,736.04,0.80972
808,-175,879,896.25,0.98597
809,-308,905,955.98,1.05168
810,54,558,560.61,0.61673
811,473,293,556.40,0.61210
812,795,566,975.90,1.07360
813,693,997,1214.19,1.33574
814,479,808,939.31,1.03335
815,547,721,905.01,0.99561
816,154,966,978.20,1.07613
817,-531,1166,1281.22,1.40948
818,-517,1117,1230.84,1.35406
819,44,772,773.25,0.85066
820,431,640,771.60,0.84884
821,457,707,841.84,0.92612
822,470,780,910.66,1.00183
823,616,719,946.79,1.04158
824,645,441,781.35,0.85957
825,304,287,418.07,0.45993
826,70,431,436.65,0.48036
827,138,515,533.17,0.58654
828,135,703,715.84,0.78751
829,-192,688,714.29,0.78580
830,-314,608,684.30,0.75280
831,-56,591,593.65,0.65308
832,253,728,770.71,0.84787
833,200,813,837.24,0.92105
834,64,793,795.58,0.87522
835,90,722,727.59,0.80043
836,272,634,689.88,0.75895
837,248,611,659.41,0.72543
838,69,579,583.10,0.64147
839,-88,636,642.06,0.70634
840,-86,659,664.59,0.73112
841,282,681,737.08,0.81087
842,878,355,947.05,1.04186
843,1032,89,1035.83,1.13953
844,822,349,893.02,0.98242
# END
# FRAME,167,RX_TS,1066669075011,FP_INDEX,754.1875,FP_INT,754,RXPACC,917,RXPWR,-72.95,FP_PWR,-75.45,STD_NOISE,60.00,NTM,13,NOISE_THRESH,780.00,PEAK_IDX,756,PEAK_AMPL,17445,START,704,elapsed_s,18.4432
sample,real,imag,amplitude,amplitude_norm
704,86,25,89.56,0.09767
705,79,64,101.67,0.11087
706,70,38,79.65,0.08686
707,36,118,123.37,0.13454
708,-13,125,125.67,0.13705
709,-35,59,68.60,0.07481
710,34,-14,36.77,0.04010
711,56,7,56.44,0.06154
712,98,-48,109.12,0.11900
713,37,-57,67.96,0.07411
714,156,-8,156.20,0.17034
715,247,81,259.94,0.28347
716,211,140,253.22,0.27614
717,36,32,48.17,0.05253
718,-39,34,51.74,0.05642
719,8,36,36.88,0.04022
720,22,99,101.41,0.11059
721,5,103,103.12,0.11246
722,-34,184,187.11,0.20405
723,79,391,398.90,0.43501
724,75,497,502.63,0.54812
725,-14,440,440.22,0.48007
726,-95,142,170.85,0.18631
727,96,-8,96.33,0.10505
728,122,52,132.62,0.14462
729,30,121,124.66,0.13595
730,39,101,108.27,0.11807
731,32,65,72.45,0.07901
732,156,92,181.11,0.19750
733,165,173,239.07,0.26071
734,179,179,253.14,0.27606
735,126,107,165.30,0.18026
736,117,155,194.20,0.21178
737,91,153,178.02,0.19413
738,126,70,144.14,0.15719
739,30,0,30.00,0.03272
740,-22,16,27.20,0.02967
741,-5,-5,7.07,0.00771
742,22,-3,22.20,0.02421
743,108,13,108.78,0.11863
744,129,117,174.16,0.18992
745,155,133,204.24,0.22273
746,71,117,136.86,0.14924
747,22,134,135.79,0.14809
748,124,99,158.67,0.17303
749,82,88,120.28,0.13117
750,91,77,119.21,0.13000
751,26,53,59.03,0.06438
752,-4,78,78.10,0.08517
753,-947,53,948.48,1.03433
754,-6796,-643,6826.35,7.44422
755,-14787,-2448,14988.26,16.34489
756,-16399,-3891,16854.29,18.37981
757,-13424,-4242,14078.29,15.35256
758,-3147,-1035,3312.83,3.61268
759,962,1528,1805.61,1.96904
760,-2747,1003,2924.38,3.18908
761,-2605,678,2691.79,2.93543
762,1456,1489,2082.56,2.27106
763,2796,1414,3133.21,3.41681
764,742,364,826.47,0.90128
765,-226,-67,235.72,0.25706
766,328,229,400.03,0.43624
767,867,372,943.44,1.02883
768,808,155,822.73,0.89720
769,531,-240,582.72,0.63546
770,701,-139,714.65,0.77933
771,834,233,865.94,0.94431
772,565,539,780.86,0.85154
773,451,408,608.17,0.66321
774,409,283,497.36,0.54238
775,-215,1024,1046.33,1.14103
776,-1649,1774,2422.04,2.64126
777,-2172,1075,2423.47,2.64282
778,42,-695,696.27,0.75929
779,2474,-1233,2764.23,3.01443
780,2117,-80,2118.51,2.31026
781,-104,752,759.16,0.82787
782,-805,415,905.68,0.98765
783,146,-175,227.91,0.24853
784,837,-83,841.11,0.91724
785,835,173,852.73,0.92992
786,698,213,729.78,0.79583
787,491,29,491.86,0.53637
788,412,-62,416.64,0.45435
789,729,169,748.33,0.81607
790,898,346,962.35,1.04946
791,413,287,502.93,0.54845
792,69,492,496.81,0.54178
793,100,1168,1172.27,1.27838
794,262,1382,1406.62,1.53393
795,482,413,634.74,0.69219
796,1049,-821,1332.08,1.45265
797,1499,-874,1735.19,1.89224
798,1264,-109,1268.69,1.38352
799,762,288,814.61,0.88834
800,842,57,843.93,0.92031
801,1123,-165,1135.06,1.23779
802,878,-184,897.07,0.97827
803,276,116,299.39,0.32648
804,-73,851,854.13,0.93143
805,-259,1471,1493.63,1.62882
806,-330,1099,1147.48,1.25134
807,34,-1,34.01,0.03709
808,985,-663,1187.35,1.29482
809,1723,-258,1742.21,1.89990
810,1418,385,1469.34,1.60233
811,829,365,905.80,0.98778
812,620,8,620.05,0.67617
813,789,-76,792.65,0.86440
814,770,108,777.54,0.84791
815,580,261,636.02,0.69359
816,614,591,852.22,0.92936
817,783,748,1082.86,1.18088
818,719,628,954.64,1.04105
819,458,71,463.47,0.50542
820,449,-357,573.63,0.62555
821,735,-351,814.51,0.88823
822,999,-125,1006.79,1.09792
823,790,-78,793.84,0.86569
824,728,-25,728.43,0.79436
825,776,645,1009.06,1.10039
826,734,1175,1385.42,1.51081
827,615,788,999.58,1.09006
828,587,77,592.03,0.64561
829,663,-131,675.82,0.73699
830,716,-3,716.01,0.78081
831,760,-71,763.31,0.83240
832,612,-317,689.23,0.75161
833,471,-377,603.30,0.65791
834,419,11,419.14,0.45708
835,473,214,519.16,0.56615
836,541,177,569.22,0.62074
837,536,267,598.82,0.65302
838,408,553,687.22,0.74942
839,332,472,577.07,0.62930
840,581,227,623.77,0.68023
841,804,113,811.90,0.88539
842,816,207,841.85,0.91804
843,634,315,707.94,0.77202
844,524,107,534.81,0.58322
845,561,-102,570.20,0.62181
846,569,17,569.25,0.62078
847,509,299,590.32,0.64376
848,528,519,740.37,0.80738
849,596,336,684.19,0.74611
850,668,-71,671.76,0.73257
851,561,-596,818.50,0.89258
852,394,-672,778.99,0.84949
853,548,-438,701.53,0.76503
# END
# FRAME,168,RX_TS,1073058865709,FP_INDEX,753.6562,FP_INT,753,RXPACC,912,RXPWR,-74.23,FP_PWR,-77.42,STD_NOISE,132.00,NTM,13,NOISE_THRESH,1716.00,PEAK_IDX,755,PEAK_AMPL,16481,START,703,elapsed_s,18.5175
sample,real,imag,amplitude,amplitude_norm
703,13,97,97.87,0.10731
704,77,111,135.09,0.14813
705,104,115,155.05,0.17001
706,157,86,179.01,0.19628
707,84,78,114.63,0.12569
708,65,-1,65.01,0.07128
709,101,23,103.59,0.11358
710,99,93,135.83,0.14894
711,112,51,123.07,0.13494
712,175,27,177.07,0.19416
713,164,84,184.26,0.20204
714,48,145,152.74,0.16748
715,72,172,186.46,0.20445
716,97,119,153.53,0.16834
717,151,106,184.49,0.20229
718,94,119,151.65,0.16628
719,68,92,114.40,0.12544
720,52,65,83.24,0.09127
721,7,52,52.47,0.05753
722,-142,25,144.18,0.15810
723,-345,158,379.46,0.41607
724,-233,114,259.39,0.28442
725,42,-14,44.27,0.04854
726,138,194,238.08,0.26105
727,-18,111,112.45,0.12330
728,-82,-76,111.80,0.12259
729,70,-87,111.66,0.12244
730,136,96,166.47,0.18253
731,52,205,211.49,0.23190
732,102,255,274.64,0.30114
733,89,227,243.82,0.26735
734,30,131,134.39,0.14736
735,64,170,181.65,0.19918
736,53,108,120.30,0.13191
737,157,121,198.22,0.21734
738,241,121,269.67,0.29569
739,165,97,191.40,0.20987
740,110,6,110.16,0.12079
741,120,11,120.50,0.13213
742,206,69,217.25,0.23821
743,143,124,189.27,0.20754
744,-33,189,191.86,0.21037
745,-97,95,135.77,0.14887
746,80,5,80.16,0.08789
747,139,17,140.04,0.15355
748,138,71,155.19,0.17017
749,24,182,183.58,0.20129
750,74,101,125.21,0.13729
751,111,101,150.07,0.16455
752,117,-158,196.60,0.21557
753,-190,-2828,2834.38,3.10787
754,-492,-11568,11578.46,12.69568
755,177,-16407,16407.96,17.99118
756,1369,-15200,15261.53,16.73413
757,841,-3426,3527.71,3.86811
758,-1112,5720,5827.09,6.38935
759,-1550,55,1550.98,1.70063
760,-980,-5059,5153.05,5.65027
761,-849,-1139,1420.61,1.55768
762,-808,3816,3900.60,4.27698
763,-114,3048,3050.13,3.34444
764,330,153,363.74,0.39884
765,57,-279,284.76,0.31224
766,-300,976,1021.07,1.11959
767,-92,1419,1421.98,1.55919
768,345,920,982.56,1.07737
769,534,656,845.87,0.92749
770,247,923,955.48,1.04767
771,-140,984,993.91,1.08981
772,-205,755,782.34,0.85782
773,-38,610,611.18,0.67016
774,-272,444,520.69,0.57093
775,-1335,-565,1449.64,1.58952
776,-1748,-1897,2579.56,2.82846
777,-104,-1139,1143.74,1.25410
778,1908,1413,2374.24,2.60334
779,1604,2758,3190.51,3.49837
780,-60,1161,1162.55,1.27473
781,-527,-573,778.50,0.85362
782,142,-467,488.11,0.53521
783,589,598,839.36,0.92035
784,373,1056,1119.94,1.22800
785,42,949,949.93,1.04159
786,69,706,709.36,0.77781
787,215,466,513.21,0.56273
788,225,605,645.48,0.70777
789,120,1051,1057.83,1.15990
790,36,799,799.81,0.87699
791,-154,402,430.49,0.47203
792,-566,437,715.07,0.78407
793,-1000,517,1125.74,1.23436
794,-751,362,833.69,0.91414
795,542,475,720.69,0.79023
796,1537,1240,1974.83,2.16539
797,891,1660,1884.01,2.06580
798,-78,1141,1143.66,1.25402
799,-108,707,715.20,0.78421
800,400,979,1057.56,1.15961
801,655,1022,1213.88,1.33101
802,365,595,698.03,0.76539
803,-256,185,315.85,0.34633
804,-997,163,1010.24,1.10772
805,-1068,73,1070.49,1.17378
806,-319,-42,321.75,0.35280
807,652,515,830.86,0.91103
808,931,1459,1730.73,1.89774
809,395,1734,1778.42,1.95002
810,-15,1181,1181.10,1.29506
811,130,662,674.64,0.73974
812,384,655,759.26,0.83253
813,294,824,874.88,0.95930
814,168,577,600.96,0.65895
815,-29,547,547.77,0.60062
816,-279,851,895.57,0.98198
817,-346,1006,1063.84,1.16649
818,198,611,642.28,0.70426
819,535,339,633.36,0.69447
820,625,580,852.66,0.93493
821,231,1158,1180.82,1.29475
822,-13,992,992.09,1.08781
823,375,769,855.56,0.93812
824,177,875,892.72,0.97886
825,-591,914,1088.43,1.19345
826,-775,826,1132.65,1.24194
827,-114,729,737.86,0.80906
828,404,655,769.57,0.84383
829,418,654,776.17,0.85106
830,325,688,760.90,0.83432
831,540,569,784.45,0.86014
832,677,362,767.71,0.84178
833,374,302,480.71,0.52709
834,37,382,383.79,0.42082
835,-81,461,468.06,0.51323
836,45,494,496.05,0.54391
837,-83,472,479.24,0.52548
838,-249,338,419.82,0.46032
839,-28,369,370.06,0.40577
840,355,622,716.18,0.78528
841,311,838,893.85,0.98010
842,103,770,776.86,0.85182
843,-59,546,549.18,0.60217
844,62,484,487.95,0.53504
845,237,462,519.24,0.56935
846,70,437,442.57,0.48528
847,-189,431,470.62,0.51603
848,-183,456,491.35,0.53876
849,175,578,603.91,0.66218
850,746,499,897.51,0.98411
851,942,272,980.48,1.07509
852,731,341,806.62,0.88446
# END
# FRAME,169,RX_TS,1079448656389,FP_INDEX,753.5312,FP_INT,753,RXPACC,1029,RXPWR,-74.47,FP_PWR,-77.95,STD_NOISE,68.00,NTM,13,NOISE_THRESH,884.00,PEAK_IDX,755,PEAK_AMPL,18621,START,703,elapsed_s,18.6009
sample,real,imag,amplitude,amplitude_norm
703,196,188,271.59,0.26393
704,154,65,167.16,0.16244
705,45,31,54.64,0.05310
706,70,86,110.89,0.10776
707,88,152,175.64,0.17069
708,123,266,293.06,0.28480
709,108,269,289.87,0.28170
710,116,308,329.12,0.31984
711,152,303,338.99,0.32943
712,138,269,302.33,0.29381
713,133,158,206.53,0.20071
714,66,-77,101.41,0.09856
715,119,-37,124.62,0.12111
716,95,196,217.81,0.21167
717,80,261,272.99,0.26529
718,113,256,279.83,0.27194
719,81,153,173.12,0.16824
720,120,96,153.67,0.14934
721,235,75,246.68,0.23973
722,440,-45,442.30,0.42983
723,437,-179,472.24,0.45893
724,391,10,391.13,0.38010
725,94,164,189.03,0.18370
726,32,130,133.88,0.13011
727,188,115,220.38,0.21417
728,320,146,351.73,0.34182
729,250,51,255.15,0.24796
730,114,143,182.88,0.17773
731,30,116,119.82,0.11644
732,66,21,69.26,0.06731
733,127,-45,134.74,0.13094
734,152,27,154.38,0.15003
735,106,137,173.22,0.16834
736,58,160,170.19,0.16539
737,72,176,190.16,0.18480
738,64,121,136.88,0.13303
739,49,45,66.53,0.06465
740,149,53,158.15,0.15369
741,111,213,240.19,0.23342
742,89,183,203.49,0.19776
743,66,81,104.48,0.10154
744,206,64,215.71,0.20963
745,205,121,238.05,0.23134
746,70,198,210.01,0.20409
747,86,135,160.07,0.15555
748,69,-14,70.41,0.06842
749,93,-16,94.37,0.09171
750,129,117,174.16,0.16925
751,176,175,248.20,0.24120
752,495,452,670.32,0.65143
753,2961,3753,4780.43,4.64571
754,8300,12398,14919.80,14.49932
755,9494,16398,18948.10,18.41409
756,6501,14296,15704.73,15.26213
757,-1525,396,1575.58,1.53117
758,-3730,-6408,7414.54,7.20558
759,1351,917,1632.82,1.58680
760,3991,4939,6349.94,6.17099
761,1279,-281,1309.50,1.27260
762,-1459,-4489,4720.15,4.58712
763,-1205,-2344,2635.59,2.56132
764,265,684,733.54,0.71287
