# DW1000 CIR capture - initialising
# DEV_ID (before)      : DECA - model: 1, version: 3, revision: 0
# PMSC_CTRL0 (before)  : 0xF0300400
# PMSC_CTRL0 (clks on) : 0xF0308448   RXCLKS=10 FACE=1 AMCE=1
# ACC clock enable  : OK
# DEV_ID (clks on)     : DECA - model: 1, version: 3, revision: 0
# DEV_ID (after)       : DECA - model: 1, version: 3, revision: 0
# Mode: Data rate: 110 kb/s, PRF: 16 MHz, Preamble: 2048 symbols (code #4), Channel: #5
# Waiting for frames...
# FRAME,1,RX_TS,7403910866,FP_INDEX,749.6875,FP_INT,749,RXPACC,912,RXPWR,-73.17,FP_PWR,-77.71,STD_NOISE,44.00,NTM,13,NOISE_THRESH,572.00,PEAK_IDX,751,PEAK_AMPL,16837,START,699,elapsed_s,0.2304
sample,real,imag,amplitude,amplitude_norm
699,133,83,156.77,0.17190
700,81,126,149.79,0.16424
701,15,35,38.08,0.04175
702,-78,-22,81.04,0.08886
703,-31,119,122.97,0.13484
704,23,181,182.46,0.20006
705,17,125,126.15,0.13832
706,-67,58,88.62,0.09717
707,-4,119,119.07,0.13056
708,-19,223,223.81,0.24540
709,36,169,172.79,0.18946
710,187,40,191.23,0.20968
711,132,25,134.35,0.14731
712,-9,85,85.48,0.09372
713,-17,112,113.28,0.12421
714,39,146,151.12,0.16570
715,130,174,217.20,0.23816
716,86,166,186.95,0.20499
717,132,167,212.87,0.23341
718,222,174,282.06,0.30928
719,375,148,403.15,0.44205
720,425,228,482.30,0.52883
721,107,275,295.08,0.32356
722,-244,118,271.04,0.29719
723,-45,137,144.20,0.15812
724,138,246,282.06,0.30928
725,152,232,277.36,0.30412
726,11,153,153.39,0.16820
727,48,73,87.37,0.09580
728,149,32,152.40,0.16710
729,156,52,164.44,0.18031
730,100,54,113.65,0.12461
731,143,111,181.02,0.19849
732,98,99,139.30,0.15274
733,43,29,51.87,0.05687
734,-39,61,72.40,0.07939
735,-3,101,101.04,0.11079
736,122,130,178.28,0.19548
737,45,97,106.93,0.11725
738,77,82,112.49,0.12334
739,149,6,149.12,0.16351
740,196,59,204.69,0.22444
741,87,152,175.14,0.19204
742,-16,120,121.06,0.13274
743,-6,123,123.15,0.13503
744,138,95,167.54,0.18370
745,189,118,222.81,0.24431
746,119,65,135.59,0.14868
747,50,129,138.35,0.15170
748,127,439,457.00,0.50110
749,660,3185,3252.66,3.56652
750,2063,11392,11577.29,12.69440
751,2197,16408,16554.43,18.15179
752,498,14720,14728.42,16.14959
753,-2046,789,2192.86,2.40445
754,-2186,-10374,10601.81,11.62480
755,352,-4016,4031.40,4.42039
756,1227,3975,4160.07,4.56148
757,154,2272,2277.21,2.49694
758,-554,-2406,2468.96,2.70719
759,-3,-2388,2388.00,2.61842
760,377,-146,404.28,0.44329
761,244,218,327.20,0.35877
762,-50,-612,614.04,0.67329
763,-199,-669,697.97,0.76532
764,-347,24,347.83,0.38139
765,-406,297,503.04,0.55157
766,-166,19,167.08,0.18321
767,222,117,250.94,0.27516
768,460,525,698.02,0.76537
769,234,464,519.67,0.56981
770,473,663,814.43,0.89302
771,1532,1799,2362.93,2.59093
772,1933,2725,3340.98,3.66335
773,535,1105,1227.70,1.34616
774,-1031,-1550,1861.57,2.04120
775,-1174,-2036,2350.23,2.57700
776,-618,316,694.10,0.76108
777,-286,1762,1785.06,1.95730
778,30,658,658.68,0.72224
779,402,-686,795.11,0.87183
780,744,-697,1019.48,1.11785
781,744,-168,762.73,0.83633
782,799,-179,818.81,0.89781
783,570,-352,669.93,0.73457
784,106,-519,529.71,0.58083
785,-405,-648,764.15,0.83789
786,-596,-315,674.12,0.73917
787,-78,149,168.18,0.18441
788,677,543,867.86,0.95160
789,897,770,1182.16,1.29623
790,220,332,398.28,0.43671
791,-870,-872,1231.78,1.35064
792,-1147,-1428,1831.61,2.00834
793,-486,-976,1090.31,1.19551
794,136,-520,537.49,0.58935
795,390,-412,567.31,0.62205
796,-18,-521,521.31,0.57161
797,-621,-335,705.60,0.77368
798,-663,1,663.00,0.72697
799,97,302,317.20,0.34780
800,697,639,945.58,1.03683
801,101,822,828.18,0.90809
802,-972,119,979.26,1.07375
803,-1072,-1098,1534.53,1.68260
804,-158,-1625,1632.66,1.79020
805,702,-1085,1292.30,1.41699
806,530,-387,656.25,0.71958
807,-46,-357,359.95,0.39468
808,-113,-627,637.10,0.69858
809,115,-787,795.36,0.87210
810,29,-533,533.79,0.58529
811,-49,-185,191.38,0.20985
812,113,134,175.29,0.19220
813,326,353,480.50,0.52687
814,153,213,262.26,0.28756
815,-97,93,134.38,0.14735
816,-62,-125,139.53,0.15299
817,202,-634,665.40,0.72961
818,506,-842,982.34,1.07713
819,394,-756,852.51,0.93477
820,373,-689,783.49,0.85909
821,613,-697,928.21,1.01778
822,700,-842,1094.97,1.20063
823,494,-741,890.57,0.97650
824,304,-428,524.98,0.57563
825,131,-271,301.00,0.33005
826,65,-367,372.71,0.40868
827,-238,-466,523.26,0.57375
828,-436,-285,520.88,0.57115
829,-241,-23,242.10,0.26546
830,-75,146,164.14,0.17997
831,-82,-59,101.02,0.11077
832,-25,-186,187.67,0.20578
833,131,5,131.10,0.14374
834,298,221,371.01,0.40680
835,61,-13,62.37,0.06839
836,-70,-322,329.52,0.36132
837,67,-330,336.73,0.36922
838,245,-151,287.80,0.31556
839,188,-186,264.46,0.28998
840,-29,-321,322.31,0.35341
841,-263,-359,445.03,0.48797
842,-92,-202,221.96,0.24338
843,229,17,229.63,0.25179
844,385,106,399.33,0.43786
845,182,9,182.22,0.19981
846,-463,7,463.05,0.50773
847,-761,162,778.05,0.85313
848,-535,15,535.21,0.58685
# END
# FRAME,2,RX_TS,13793693433,FP_INDEX,751.2344,FP_INT,751,RXPACC,1289,RXPWR,-74.91,FP_PWR,-82.57,STD_NOISE,76.00,NTM,13,NOISE_THRESH,988.00,PEAK_IDX,753,PEAK_AMPL,20615,START,701,elapsed_s,0.2988
sample,real,imag,amplitude,amplitude_norm
701,93,32,98.35,0.07630
702,273,55,278.49,0.21605
703,211,111,238.42,0.18496
704,71,68,98.31,0.07627
705,143,29,145.91,0.11320
706,216,-123,248.57,0.19284
707,219,11,219.28,0.17011
708,237,147,278.89,0.21636
709,85,118,145.43,0.11282
710,55,126,137.48,0.10666
711,102,262,281.15,0.21812
712,92,318,331.04,0.25682
713,148,221,265.98,0.20635
714,229,24,230.25,0.17863
715,128,67,144.47,0.11208
716,104,150,182.53,0.14160
717,120,229,258.54,0.20057
718,117,165,202.27,0.15692
719,-31,144,147.30,0.11427
720,-297,345,455.23,0.35316
721,-317,471,567.74,0.44045
722,-193,267,329.45,0.25559
723,292,-76,301.73,0.23408
724,516,-20,516.39,0.40061
725,175,132,219.20,0.17005
726,-90,83,122.43,0.09498
727,31,39,49.82,0.03865
728,154,69,168.75,0.13092
729,198,272,336.43,0.26100
730,131,238,271.67,0.21076
731,38,286,288.51,0.22383
732,22,179,180.35,0.13991
733,56,191,199.04,0.15441
734,177,169,244.72,0.18986
735,211,117,241.27,0.18717
736,81,233,246.68,0.19137
737,25,250,251.25,0.19492
738,18,104,105.55,0.08188
739,214,57,221.46,0.17181
740,163,178,241.36,0.18724
741,103,273,291.78,0.22636
742,-15,289,289.39,0.22451
743,83,133,156.77,0.12162
744,152,106,185.31,0.14376
745,140,131,191.73,0.14874
746,103,236,257.50,0.19977
747,-4,251,251.03,0.19475
748,117,145,186.32,0.14454
749,141,118,183.86,0.14264
750,-621,-490,791.04,0.61368
751,-6125,-5086,7961.35,6.17637
752,-15036,-13345,20103.99,15.59658
753,-16402,-16139,23010.71,17.85160
754,-6894,-10132,12254.99,9.50736
755,11290,7176,13377.56,10.37825
756,11893,11260,16377.76,12.70579
757,-892,1409,1667.62,1.29373
758,-5950,-4649,7550.87,5.85793
759,-241,-1033,1060.74,0.82292
760,3928,3284,5119.95,3.97203
761,2082,2511,3261.88,2.53055
762,-357,439,565.84,0.43897
763,142,431,453.79,0.35205
764,1412,1174,1836.31,1.42460
765,930,727,1180.44,0.91578
766,-187,-574,603.69,0.46834
767,-405,-1209,1275.03,0.98916
768,29,-685,685.61,0.53190
769,229,97,248.70,0.19294
770,139,277,309.92,0.24043
771,-53,129,139.46,0.10819
772,-1238,-123,1244.10,0.96516
773,-3426,-680,3492.83,2.70972
774,-2990,-918,3127.75,2.42649
775,1022,427,1107.62,0.85928
776,4100,2008,4565.31,3.54175
777,2774,1104,2985.61,2.31623
778,19,-1143,1143.16,0.88686
779,-686,-1419,1576.12,1.22275
780,225,333,401.89,0.31178
781,621,1546,1666.06,1.29252
782,210,1366,1382.05,1.07219
783,-263,1124,1154.36,0.89555
784,-185,1343,1355.68,1.05173
785,311,1202,1241.58,0.96321
786,1217,1007,1579.60,1.22545
787,1461,205,1475.31,1.14454
788,918,-136,928.02,0.71995
789,-43,201,205.55,0.15946
790,-1106,438,1189.57,0.92286
791,-1046,185,1062.23,0.82408
792,545,229,591.16,0.45862
793,2494,734,2599.77,2.01689
794,2839,1106,3046.83,2.36371
795,1515,930,1777.67,1.37911
796,393,941,1019.77,0.79113
797,411,1057,1134.09,0.87982
798,892,645,1100.77,0.85397
799,1189,-50,1190.05,0.92324
800,746,-204,773.39,0.59999
801,-336,250,418.80,0.32491
802,-797,64,799.57,0.62030
803,232,-602,645.16,0.50051
804,1984,-283,2004.08,1.55476
805,2642,1402,2990.95,2.32036
806,1502,2482,2901.09,2.25065
807,227,1836,1849.98,1.43521
808,153,717,733.14,0.56877
809,781,376,866.80,0.67246
810,1045,786,1307.60,1.01443
811,851,1086,1379.71,1.07037
812,822,635,1038.71,0.80582
813,704,197,731.04,0.56714
814,198,167,259.02,0.20095
815,-199,77,213.38,0.16554
816,103,-80,130.42,0.10118
817,459,-69,464.16,0.36009
818,833,630,1044.41,0.81025
819,572,1405,1516.97,1.17686
820,511,1485,1570.46,1.21836
821,680,1185,1366.24,1.05993
822,427,1156,1232.34,0.95604
823,143,1342,1349.60,1.04701
824,409,1431,1488.30,1.15462
825,580,1159,1296.03,1.00545
826,391,647,755.97,0.58648
827,393,438,588.47,0.45653
828,648,483,808.20,0.62700
829,964,449,1063.44,0.82501
830,834,174,851.96,0.66094
831,500,-27,500.73,0.38846
832,372,-11,372.16,0.28872
833,559,282,626.10,0.48573
834,428,312,529.65,0.41090
835,17,111,112.29,0.08712
836,-84,64,105.60,0.08193
837,363,344,500.10,0.38798
838,617,659,902.76,0.70035
839,444,713,839.94,0.65162
840,221,533,577.00,0.44763
841,358,384,525.00,0.40729
842,699,376,793.71,0.61576
843,831,489,964.20,0.74802
844,476,553,729.65,0.56606
845,-45,432,434.34,0.33696
846,8,417,417.08,0.32357
847,479,132,496.86,0.38546
848,856,-474,978.47,0.75910
849,818,-527,973.06,0.75490
850,416,244,482.28,0.37415
# END
# FRAME,3,RX_TS,20183476030,FP_INDEX,751.9375,FP_INT,751,RXPACC,1260,RXPWR,-74.81,FP_PWR,-82.15,STD_NOISE,72.00,NTM,13,NOISE_THRESH,936.00,PEAK_IDX,753,PEAK_AMPL,20039,START,701,elapsed_s,0.3681
sample,real,imag,amplitude,amplitude_norm
701,115,166,201.94,0.16027
702,137,93,165.58,0.13142
703,177,144,228.18,0.18109
704,271,202,338.00,0.26826
705,246,107,268.26,0.21291
706,136,-66,151.17,0.11998
707,147,9,147.28,0.11689
708,211,239,318.81,0.25303
709,152,234,279.03,0.22146
710,56,34,65.51,0.05199
711,20,-23,30.48,0.02419
712,75,125,145.77,0.11569
713,183,334,380.85,0.30226
714,165,158,228.45,0.18131
715,164,-16,164.78,0.13078
716,229,144,270.51,0.21469
717,142,222,263.53,0.20915
718,124,89,152.63,0.12114
719,81,42,91.24,0.07241
720,-115,235,261.63,0.20764
721,-340,409,531.87,0.42212
722,-356,368,512.02,0.40636
723,30,50,58.31,0.04628
724,468,-42,469.88,0.37292
725,408,31,409.18,0.32474
726,-66,44,79.32,0.06295
727,-77,43,88.19,0.06999
728,132,102,166.82,0.13239
729,179,139,226.63,0.17987
730,83,334,344.16,0.27314
731,157,242,288.47,0.22894
732,232,192,301.14,0.23900
733,249,173,303.20,0.24063
734,106,147,181.23,0.14383
735,135,149,201.06,0.15957
736,171,114,205.52,0.16311
737,164,110,197.47,0.15673
738,122,102,159.02,0.12621
739,129,98,162.00,0.12857
740,151,109,186.23,0.14780
741,122,200,234.27,0.18593
742,66,295,302.29,0.23992
743,-26,281,282.20,0.22397
744,52,164,172.05,0.13654
745,111,154,189.83,0.15066
746,117,166,203.09,0.16118
747,102,176,203.42,0.16145
748,133,219,256.22,0.20335
749,107,102,147.83,0.11732
750,17,20,26.25,0.02083
751,-1641,-1127,1990.73,1.57995
752,-9357,-7450,11960.60,9.49254
753,-16397,-13888,21488.09,17.05404
754,-15237,-14918,21324.00,16.92381
755,-407,-4338,4357.05,3.45798
756,13904,9815,17019.27,13.50735
757,8009,8484,11667.15,9.25964
758,-4315,-1491,4565.34,3.62328
759,-4880,-3964,6287.11,4.98977
760,1936,718,2064.85,1.63877
761,4000,3352,5218.80,4.14191
762,1067,1676,1986.82,1.57684
763,-513,177,542.68,0.43070
764,595,584,833.72,0.66168
765,1477,953,1757.77,1.39505
766,841,75,844.34,0.67011
767,380,-1104,1167.57,0.92664
768,761,-1106,1342.52,1.06549
769,735,-218,766.65,0.60845
770,-11,298,298.20,0.23667
771,-271,233,357.39,0.28365
772,-244,-5,244.05,0.19369
773,-1736,-254,1754.48,1.39245
774,-3677,-838,3771.28,2.99308
775,-2035,-608,2123.89,1.68562
776,2486,932,2654.96,2.10711
777,4384,1794,4736.87,3.75942
778,1862,210,1873.80,1.48715
779,-757,-1397,1588.92,1.26105
780,-672,-946,1160.39,0.92094
781,405,719,825.22,0.65494
782,642,1420,1558.39,1.23681
783,29,1278,1278.33,1.01455
784,-480,1314,1398.93,1.11026
785,-175,1295,1306.77,1.03712
786,589,1014,1172.65,0.93068
787,1405,691,1565.73,1.24264
788,1310,-94,1313.37,1.04236
789,766,-117,774.88,0.61499
790,-352,235,423.24,0.33590
791,-1312,288,1343.24,1.06606
792,-685,-49,686.75,0.54504
793,1359,90,1361.98,1.08093
794,2894,617,2959.04,2.34845
795,2395,970,2583.97,2.05077
796,875,974,1309.31,1.03914
797,248,1003,1033.21,0.82000
798,628,966,1152.19,0.91444
799,1116,404,1186.87,0.94196
800,915,-211,939.01,0.74525
801,126,-87,153.12,0.12152
802,-749,256,791.54,0.62821
803,-648,-138,662.53,0.52582
804,678,-625,922.12,0.73184
805,2199,138,2203.33,1.74867
806,2351,1759,2936.20,2.33032
807,1161,2352,2622.94,2.08170
808,120,1422,1427.05,1.13258
809,274,472,545.77,0.43315
810,955,374,1025.62,0.81399
811,1156,1002,1529.82,1.21414
812,950,908,1314.14,1.04297
813,660,314,730.89,0.58007
814,287,74,296.39,0.23523
815,-191,226,295.90,0.23484
816,-383,124,402.57,0.31950
817,100,-52,112.71,0.08945
818,563,-50,565.22,0.44858
819,774,735,1067.38,0.84713
820,405,1293,1354.94,1.07535
821,486,1286,1374.77,1.09109
822,710,1122,1327.77,1.05379
823,452,1235,1315.12,1.04374
824,193,1441,1453.87,1.15386
825,458,1405,1477.76,1.17283
826,543,967,1109.03,0.88018
827,405,590,715.63,0.56796
828,441,527,687.18,0.54538
829,750,502,902.50,0.71627
830,940,251,972.93,0.77217
831,869,-40,869.92,0.69041
832,406,-168,439.39,0.34872
833,323,119,344.22,0.27319
834,485,402,629.94,0.49996
835,182,311,360.34,0.28598
836,-177,118,212.73,0.16883
837,24,166,167.73,0.13312
838,581,272,641.52,0.50914
839,740,493,889.18,0.70570
840,436,547,699.50,0.55516
841,213,574,612.25,0.48591
842,489,415,641.36,0.50902
843,878,398,964.00,0.76508
844,690,392,793.58,0.62982
845,168,378,413.65,0.32830
846,-138,472,491.76,0.39029
847,152,340,372.43,0.29558
848,648,-13,648.13,0.51439
849,941,-517,1073.67,0.85212
850,767,-503,917.22,0.72795
# END
# FRAME,4,RX_TS,26573258619,FP_INDEX,752.7969,FP_INT,752,RXPACC,934,RXPWR,-72.34,FP_PWR,-78.66,STD_NOISE,48.00,NTM,13,NOISE_THRESH,624.00,PEAK_IDX,754,PEAK_AMPL,16831,START,702,elapsed_s,0.4367
sample,real,imag,amplitude,amplitude_norm
702,58,117,130.59,0.13981
703,113,-24,115.52,0.12368
704,254,36,256.54,0.27467
705,290,146,324.68,0.34762
706,220,150,266.27,0.28509
707,157,74,173.57,0.18583
708,86,66,108.41,0.11607
709,54,121,132.50,0.14187
710,58,71,91.68,0.09816
711,187,41,191.44,0.20497
712,231,46,235.54,0.25218
713,31,88,93.30,0.09989
714,-100,125,160.08,0.17139
715,52,155,163.49,0.17504
716,61,191,200.50,0.21467
717,160,97,187.11,0.20033
718,93,72,117.61,0.12592
719,64,3,64.07,0.06860
720,108,-42,115.88,0.12407
721,-93,-39,100.85,0.10797
722,-274,-4,274.03,0.29339
723,-228,-2,228.01,0.24412
724,115,55,127.48,0.13648
725,366,103,380.22,0.40708
726,205,150,254.02,0.27197
727,-67,-10,67.74,0.07253
728,55,10,55.90,0.05985
729,146,60,157.85,0.16900
730,120,77,142.58,0.15266
731,-10,106,106.47,0.11399
732,65,104,122.64,0.13131
733,55,111,123.88,0.13263
734,120,76,142.04,0.15208
735,115,123,168.39,0.18029
736,91,147,172.89,0.18510
737,155,217,266.67,0.28552
738,119,95,152.27,0.16303
739,112,2,112.02,0.11993
740,128,101,163.05,0.17457
741,124,94,155.60,0.16660
742,-23,148,149.78,0.16036
743,-88,149,173.05,0.18527
744,19,114,115.57,0.12374
745,235,48,239.85,0.25680
746,200,85,217.31,0.23267
747,19,173,174.04,0.18634
748,-79,115,139.52,0.14938
749,-52,50,72.14,0.07724
750,57,81,99.05,0.10604
751,69,-25,73.39,0.07858
752,-223,-2136,2147.61,2.29937
753,-1007,-10437,10485.47,11.22641
754,-1169,-16417,16458.57,17.62159
755,192,-14978,14979.23,16.03772
756,2399,832,2539.18,2.71861
757,2071,12985,13149.12,14.07828
758,-442,6454,6469.12,6.92625
759,-1434,-4422,4648.70,4.97720
760,-184,-4064,4068.16,4.35564
761,791,2164,2304.03,2.46685
762,365,3657,3675.17,3.93487
763,-205,1042,1061.97,1.13702
764,-210,-129,246.46,0.26387
765,111,753,761.14,0.81492
766,348,1048,1104.27,1.18230
767,439,146,462.64,0.49533
768,573,-533,782.57,0.83787
769,580,-231,624.31,0.66842
770,145,306,338.62,0.36254
771,-243,210,321.17,0.34386
772,-81,16,82.57,0.08840
773,-10,-170,170.29,0.18233
774,-846,-1290,1542.67,1.65168
775,-1573,-2371,2845.34,3.04640
776,-445,-949,1048.15,1.12222
777,1115,2197,2463.74,2.63784
778,1441,3035,3359.72,3.59713
779,859,578,1035.36,1.10852
780,535,-1307,1412.26,1.51205
781,194,-651,679.29,0.72729
782,-102,840,846.17,0.90596
783,-356,1122,1177.12,1.26030
784,-642,669,927.21,0.99273
785,-859,433,961.96,1.02994
786,-652,524,836.47,0.89558
787,-132,762,773.35,0.82800
788,586,982,1143.56,1.22436
789,793,563,972.53,1.04125
790,429,224,483.96,0.51816
791,-271,-161,315.22,0.33749
792,-636,-524,824.06,0.88229
793,-111,-93,144.81,0.15504
794,772,1023,1281.61,1.37217
795,1224,1887,2249.21,2.40815
796,788,1532,1722.78,1.84452
797,124,816,825.37,0.88369
798,-208,649,681.52,0.72968
799,53,898,899.56,0.96313
800,613,679,914.77,0.97941
801,713,116,722.37,0.77342
802,130,-258,288.90,0.30932
803,-526,-401,661.42,0.70816
804,-164,-412,443.44,0.47478
805,886,128,895.20,0.95846
806,1190,1341,1792.87,1.91956
807,327,2108,2133.21,2.28395
808,-668,1565,1701.60,1.82184
809,-563,601,823.51,0.88170
810,93,273,288.41,0.30879
811,385,647,752.88,0.80609
812,218,984,1007.86,1.07908
813,159,777,793.10,0.84915
814,323,436,542.61,0.58095
815,197,210,287.94,0.30829
816,-209,58,216.90,0.23223
817,-111,-102,150.75,0.16140
818,313,-29,314.34,0.33655
819,481,280,556.56,0.59589
820,108,838,844.93,0.90464
821,-463,831,951.28,1.01850
822,-293,959,1002.76,1.07362
823,-118,824,832.41,0.89123
824,-399,769,866.35,0.92757
825,-568,870,1039.00,1.11242
826,-353,919,984.46,1.05403
827,-20,696,696.29,0.74549
828,36,417,418.55,0.44813
829,142,548,566.10,0.60610
830,283,680,736.54,0.78859
831,475,585,753.56,0.80681
832,548,220,590.51,0.63224
833,372,67,377.99,0.40470
834,183,308,358.26,0.38358
835,142,536,554.49,0.59367
836,37,279,281.44,0.30133
837,-36,-71,79.61,0.08523
838,75,30,80.78,0.08649
839,160,491,516.41,0.55290
840,110,649,658.26,0.70477
841,5,456,456.03,0.48825
842,9,301,301.13,0.32241
843,141,508,527.20,0.56446
844,350,638,727.70,0.77912
845,268,539,601.95,0.64449
846,71,239,249.32,0.26694
847,-11,115,115.52,0.12369
848,127,275,302.91,0.32431
849,586,327,671.06,0.71848
850,890,161,904.45,0.96836
851,679,238,719.50,0.77035
# END
# FRAME,5,RX_TS,32963041182,FP_INDEX,745.6406,FP_INT,745,RXPACC,1111,RXPWR,-73.63,FP_PWR,-79.84,STD_NOISE,64.00,NTM,13,NOISE_THRESH,832.00,PEAK_IDX,747,PEAK_AMPL,19181,START,695,elapsed_s,0.5107
sample,real,imag,amplitude,amplitude_norm
695,87,96,129.56,0.11661
696,96,90,131.59,0.11844
697,16,28,32.25,0.02903
698,20,53,56.65,0.05099
699,89,66,110.80,0.09973
700,101,148,179.18,0.16128
701,20,179,180.11,0.16212
702,-36,188,191.42,0.17229
703,30,144,147.09,0.13240
704,64,233,241.63,0.21749
705,185,161,245.25,0.22074
706,171,-15,171.66,0.15451
707,200,-23,201.32,0.18120
708,105,142,176.60,0.15896
709,0,205,205.00,0.18452
710,89,70,113.23,0.10192
711,124,51,134.08,0.12068
712,141,125,188.43,0.16960
713,166,241,292.64,0.26340
714,419,203,465.59,0.41907
715,543,10,543.09,0.48883
716,588,5,588.02,0.52927
717,133,192,233.57,0.21023
718,-185,174,253.97,0.22860
719,14,139,139.70,0.12575
720,260,263,369.82,0.33287
721,238,228,329.59,0.29666
722,82,108,135.60,0.12205
723,42,27,49.93,0.04494
724,164,56,173.30,0.15598
725,175,51,182.28,0.16407
726,118,88,147.20,0.13249
727,127,76,148.00,0.13322
728,120,142,185.91,0.16734
729,65,138,152.54,0.13730
730,34,26,42.80,0.03853
731,23,125,127.10,0.11440
732,56,198,205.77,0.18521
733,46,131,138.84,0.12497
734,24,26,35.38,0.03185
735,112,-37,117.95,0.10617
736,253,46,257.15,0.23146
737,241,63,249.10,0.22421
738,168,148,223.89,0.20152
739,64,167,178.84,0.16098
740,82,74,110.45,0.09942
741,152,44,158.24,0.14243
742,131,7,131.19,0.11808
743,76,64,99.36,0.08943
744,262,388,468.18,0.42140
745,2495,3220,4073.50,3.66652
746,8922,11655,14677.91,13.21144
747,11740,16407,20174.67,18.15902
748,8160,14318,16480.01,14.83349
749,-4611,-2018,5033.25,4.53038
750,-9415,-12071,15308.54,13.77906
751,-1577,-4878,5126.58,4.61438
752,4864,4556,6664.51,5.99865
753,2021,3272,3845.83,3.46160
754,-2334,-2129,3159.15,2.84351
755,-1966,-3005,3590.99,3.23221
756,255,-639,688.00,0.61926
757,512,104,522.46,0.47026
758,-467,-667,814.23,0.73288
759,-850,-409,943.28,0.84904
760,-598,1138,1285.55,1.15711
761,-580,1801,1892.09,1.70305
762,-724,805,1082.68,0.97451
763,-247,-315,400.29,0.36030
764,292,-204,356.20,0.32061
765,337,298,449.86,0.40491
766,751,616,971.32,0.87427
767,2506,1098,2735.99,2.46264
768,3391,1582,3741.87,3.36802
769,775,482,912.66,0.82148
770,-2649,-1657,3124.56,2.81238
771,-2777,-1792,3305.00,2.97479
772,-542,492,732.00,0.65887
773,788,1766,1933.83,1.74062
774,359,504,618.79,0.55696
775,-144,-985,995.47,0.89601
776,32,-1125,1125.46,1.01301
777,647,-906,1113.30,1.00207
778,796,-952,1240.94,1.11695
779,461,-904,1014.76,0.91337
780,-191,-807,829.29,0.74644
781,-869,-438,973.14,0.87592
782,-785,191,807.90,0.72718
783,-1,249,249.00,0.22412
784,947,263,982.84,0.88465
785,1314,392,1371.23,1.23423
786,363,295,467.75,0.42102
787,-1315,-485,1401.59,1.26156
788,-2008,-1076,2278.12,2.05051
789,-1155,-1003,1529.72,1.37688
790,-231,-627,668.20,0.60144
791,0,-673,673.00,0.60576
792,-426,-662,787.22,0.70857
793,-783,-24,783.37,0.70510
794,-403,639,755.47,0.67999
795,520,511,729.05,0.65622
796,1200,281,1232.46,1.10933
797,528,509,733.39,0.66012
798,-936,404,1019.47,0.91761
799,-1727,-753,1884.02,1.69579
800,-1086,-1931,2215.44,1.99409
801,86,-1797,1799.06,1.61931
802,307,-788,845.69,0.76120
803,-170,-175,243.98,0.21960
804,-441,-373,577.59,0.51988
805,-471,-727,866.24,0.77969
806,-352,-519,627.11,0.56445
807,-199,-57,207.00,0.18632
808,2,94,94.02,0.08463
809,417,-8,417.08,0.37541
810,435,154,461.46,0.41535
811,-53,335,339.17,0.30528
812,-379,173,416.62,0.37499
813,-158,-641,660.19,0.59423
814,141,-1137,1145.71,1.03124
815,-70,-1130,1132.17,1.01905
816,13,-846,846.10,0.76157
817,359,-812,887.82,0.79912
818,214,-1058,1079.43,0.97158
819,-94,-983,987.48,0.88882
820,-108,-484,495.90,0.44636
821,-112,-290,310.88,0.27982
822,-264,-444,516.56,0.46495
823,-491,-318,584.98,0.52654
824,-663,-49,664.81,0.59839
825,-451,192,490.17,0.44120
826,-215,123,247.70,0.22295
827,-220,-160,272.03,0.24485
828,-217,-247,328.78,0.29593
829,81,-39,89.90,0.08092
830,302,160,341.77,0.30762
831,99,97,138.60,0.12475
832,-127,-200,236.92,0.21325
833,-27,-341,342.07,0.30789
834,103,-267,286.18,0.25759
835,39,-162,166.63,0.14998
836,-256,-254,360.63,0.32460
837,-535,-255,592.66,0.53345
838,-322,-177,367.44,0.33073
839,127,-150,196.54,0.17691
840,361,-67,367.16,0.33048
841,80,-38,88.57,0.07972
842,-492,313,583.12,0.52486
843,-722,556,911.27,0.82023
844,-516,242,569.93,0.51299
# END
# FRAME,6,RX_TS,39352823762,FP_INDEX,746.5469,FP_INT,746,RXPACC,946,RXPWR,-72.88,FP_PWR,-77.63,STD_NOISE,60.00,NTM,13,NOISE_THRESH,780.00,PEAK_IDX,748,PEAK_AMPL,17656,START,696,elapsed_s,0.5872
sample,real,imag,amplitude,amplitude_norm
696,91,9,91.44,0.09666
697,169,65,181.07,0.19140
698,220,26,221.53,0.23418
699,187,79,203.00,0.21459
700,143,38,147.96,0.15641
701,94,-14,95.04,0.10046
702,173,11,173.35,0.18324
703,94,-20,96.10,0.10159
704,-62,-21,65.46,0.06920
705,0,-42,42.00,0.04440
706,91,140,166.98,0.17651
707,185,295,348.21,0.36809
708,202,233,308.37,0.32597
709,138,39,143.41,0.15159
710,42,-15,44.60,0.04714
711,21,49,53.31,0.05635
712,76,146,164.60,0.17399
713,53,98,111.41,0.11777
714,-7,36,36.67,0.03877
715,-71,261,270.48,0.28592
716,-70,437,442.57,0.46783
717,-72,359,366.15,0.38705
718,81,39,89.90,0.09503
719,205,-154,256.40,0.27104
720,176,-73,190.54,0.20142
721,26,95,98.49,0.10412
722,-8,5,9.43,0.00997
723,15,16,21.93,0.02318
724,143,178,228.33,0.24136
725,144,232,273.06,0.28864
726,131,155,202.94,0.21453
727,47,134,142.00,0.15011
728,77,149,167.72,0.17729
729,78,33,84.69,0.08953
730,132,106,169.29,0.17896
731,159,76,176.23,0.18629
732,89,-9,89.45,0.09456
733,78,13,79.08,0.08359
734,64,52,82.46,0.08717
735,119,49,128.69,0.13604
736,110,179,210.10,0.22209
737,109,174,205.32,0.21704
738,94,202,222.80,0.23552
739,87,25,90.52,0.09569
740,97,26,100.42,0.10616
741,128,104,164.92,0.17434
742,85,107,136.65,0.14445
743,67,158,171.62,0.18142
744,47,70,84.31,0.08913
745,-328,14,328.30,0.34704
746,-3827,-773,3904.29,4.12715
747,-12472,-2898,12804.26,13.53516
748,-16417,-4535,17031.86,18.00408
749,-12852,-5140,13841.73,14.63185
750,2427,-1333,2768.97,2.92703
751,10945,2994,11347.12,11.99484
752,2345,2307,3289.57,3.47735
753,-4708,-293,4717.11,4.98637
754,-1403,-778,1604.27,1.69585
755,3261,321,3276.76,3.46381
756,2467,918,2632.26,2.78252
757,-32,489,490.05,0.51802
758,-122,293,317.38,0.33550
759,742,172,761.67,0.80515
760,686,-306,751.15,0.79403
761,-239,-1339,1360.16,1.43780
762,-245,-1833,1849.30,1.95486
763,363,-1061,1121.38,1.18539
764,303,70,310.98,0.32873
765,-141,448,469.66,0.49647
766,-160,8,160.20,0.16934
767,-635,40,636.26,0.67258
768,-2196,738,2316.69,2.44893
769,-2800,802,2912.59,3.07885
770,-333,-1,333.00,0.35201
771,2690,-379,2716.57,2.87164
772,2625,-345,2647.57,2.79870
773,-35,-680,680.90,0.71977
774,-1334,-706,1509.30,1.59546
775,-101,-76,126.40,0.13362
776,931,637,1128.06,1.19246
777,715,883,1136.18,1.20104
778,221,925,951.03,1.00532
779,182,985,1001.67,1.05885
780,481,683,835.37,0.88306
781,860,328,920.43,0.97297
782,975,-132,983.89,1.04006
783,510,-420,660.68,0.69839
784,-22,-156,157.54,0.16654
785,-730,421,842.70,0.89080
786,-1000,488,1112.72,1.17624
787,-165,114,200.55,0.21200
788,1325,-310,1360.78,1.43846
789,1931,-315,1956.52,2.06821
790,1379,-28,1379.28,1.45802
791,710,244,750.76,0.79361
792,656,564,865.12,0.91450
793,888,319,943.56,0.99742
794,609,-312,684.27,0.72333
795,-139,-534,551.79,0.58329
796,-710,11,710.09,0.75062
797,-868,286,913.90,0.96607
798,-399,-206,449.04,0.47467
799,751,-691,1020.53,1.07878
800,1793,-217,1806.08,1.90918
801,1907,842,2084.61,2.20361
802,1082,1129,1563.77,1.65303
803,469,665,813.75,0.86020
804,417,27,417.87,0.44173
805,702,136,715.05,0.75587
806,902,440,1003.60,1.06088
807,751,281,801.85,0.84762
808,447,-60,451.01,0.47675
809,64,30,70.68,0.07472
810,-139,345,371.95,0.39318
811,-46,246,250.26,0.26455
812,123,-49,132.40,0.13996
813,379,-3,379.01,0.40065
814,598,537,803.72,0.84960
815,683,956,1174.91,1.24198
816,729,787,1072.76,1.13399
817,596,730,942.40,0.99619
818,494,1020,1133.33,1.19802
819,684,1029,1235.60,1.30613
820,754,734,1052.27,1.11234
821,461,435,633.83,0.67002
822,292,290,411.54,0.43503
823,511,236,562.86,0.59499
824,753,82,757.45,0.80069
825,708,-241,747.89,0.79059
826,420,-275,502.02,0.53068
827,293,6,293.06,0.30979
828,442,110,455.48,0.48148
829,424,117,439.85,0.46495
830,124,180,218.58,0.23105
831,-25,270,271.15,0.28663
832,161,234,284.04,0.30025
833,496,115,509.16,0.53822
834,494,96,503.24,0.53197
835,391,359,530.81,0.56111
836,449,314,547.90,0.57918
837,637,93,643.75,0.68050
838,690,-15,690.16,0.72956
839,464,114,477.80,0.50507
840,111,291,311.45,0.32923
841,60,328,333.44,0.35248
842,395,48,397.91,0.42062
843,453,-336,564.01,0.59620
844,356,-605,701.97,0.74204
845,328,-299,443.83,0.46916
# END
# FRAME,7,RX_TS,45742606313,FP_INDEX,747.5469,FP_INT,747,RXPACC,960,RXPWR,-73.14,FP_PWR,-77.79,STD_NOISE,104.00,NTM,13,NOISE_THRESH,1352.00,PEAK_IDX,749,PEAK_AMPL,17908,START,697,elapsed_s,0.6918
sample,real,imag,amplitude,amplitude_norm
697,157,68,171.09,0.17822
698,201,151,251.40,0.26188
699,176,220,281.74,0.29348
700,102,195,220.07,0.22924
701,160,130,206.16,0.21475
702,270,76,280.49,0.29218
703,296,113,316.84,0.33004
704,124,194,230.24,0.23984
705,136,115,178.10,0.18552
706,192,54,199.45,0.20776
707,220,6,220.08,0.22925
708,99,119,154.80,0.16125
709,37,197,200.44,0.20880
710,173,204,267.48,0.27862
711,253,53,258.49,0.26926
712,199,26,200.69,0.20905
713,86,34,92.48,0.09633
714,112,17,113.28,0.11800
715,124,3,124.04,0.12920
716,-17,-32,36.24,0.03775
717,-199,-61,208.14,0.21681
718,-170,-67,182.73,0.19034
719,144,55,154.15,0.16057
720,356,216,416.40,0.43375
721,191,123,227.18,0.23664
722,74,-7,74.33,0.07743
723,133,13,133.63,0.13920
724,132,106,169.29,0.17635
725,34,169,172.39,0.17957
726,-41,136,142.05,0.14796
727,79,108,133.81,0.13938
728,62,27,67.62,0.07044
729,113,75,135.62,0.14128
730,186,88,205.77,0.21434
731,178,131,221.01,0.23022
732,139,116,181.04,0.18859
733,61,70,92.85,0.09672
734,104,20,105.91,0.11032
735,143,152,208.69,0.21739
736,111,210,237.53,0.24743
737,10,164,164.30,0.17115
738,-81,101,129.47,0.13486
739,59,62,85.59,0.08915
740,198,112,227.48,0.23696
741,133,158,206.53,0.21513
742,68,127,144.06,0.15006
743,13,117,117.72,0.12263
744,49,147,154.95,0.16141
745,111,200,228.74,0.23827
746,206,-264,334.86,0.34881
747,1231,-3877,4067.74,4.23723
748,4037,-12453,13091.01,13.63647
749,5916,-16400,17434.42,18.16086
750,6303,-12597,14085.89,14.67280
751,1444,2687,3050.43,3.17753
752,-3467,11078,11607.85,12.09151
753,-2259,2418,3309.05,3.44693
754,797,-4639,4706.97,4.90309
755,1117,-1373,1769.98,1.84373
756,-395,3246,3269.95,3.40619
757,-912,2443,2607.68,2.71633
758,-313,-1,313.00,0.32604
759,9,-73,73.55,0.07662
760,-86,744,748.95,0.78016
761,51,514,516.52,0.53805
762,773,-422,880.69,0.91738
763,1262,-327,1303.68,1.35800
764,767,483,906.41,0.94418
765,-290,353,456.85,0.47588
766,-396,-440,591.96,0.61662
767,252,-532,588.67,0.61319
768,333,-756,826.09,0.86051
769,-222,-2264,2274.86,2.36964
770,-287,-2892,2906.21,3.02730
771,213,-378,433.88,0.45196
772,336,2812,2832.00,2.95000
773,374,2799,2823.88,2.94154
774,909,145,920.49,0.95885
775,1072,-1227,1629.33,1.69722
776,226,-207,306.47,0.31924
777,-561,832,1003.47,1.04528
778,-671,618,912.23,0.95024
779,-664,6,664.03,0.69169
780,-687,11,687.09,0.71572
781,-550,362,658.44,0.68588
782,-173,811,829.25,0.86380
783,159,1023,1035.28,1.07842
784,350,576,674.00,0.70208
785,252,96,269.67,0.28090
786,-109,-664,672.89,0.70092
787,-93,-903,907.78,0.94560
788,179,14,179.55,0.18703
789,363,1590,1630.91,1.69887
790,356,2140,2169.41,2.25980
791,63,1263,1264.57,1.31726
792,-277,520,589.18,0.61373
793,-358,617,713.34,0.74306
794,-72,977,979.65,1.02047
795,512,767,922.19,0.96061
796,760,63,762.61,0.79438
797,292,-573,643.11,0.66991
798,15,-762,762.15,0.79390
799,437,-318,540.46,0.56298
800,824,746,1111.53,1.15784
801,203,1720,1731.94,1.80410
802,-832,1806,1988.43,2.07128
803,-1069,1026,1481.70,1.54344
804,-364,518,633.10,0.65948
805,103,594,602.86,0.62798
806,48,779,780.48,0.81300
807,-167,869,884.90,0.92177
808,12,753,753.10,0.78447
809,186,513,545.68,0.56842
810,86,90,124.48,0.12967
811,-84,-219,234.56,0.24433
812,7,-198,198.12,0.20638
813,263,96,279.97,0.29164
814,284,429,514.49,0.53592
815,-300,654,719.52,0.74951
816,-770,654,1010.26,1.05235
817,-599,636,873.67,0.91007
818,-463,517,694.02,0.72293
819,-780,436,893.59,0.93082
820,-809,619,1018.65,1.06109
821,-583,773,968.20,1.00855
822,-245,589,637.92,0.66450
823,-115,388,404.68,0.42155
824,-74,488,493.58,0.51414
825,58,696,698.41,0.72751
826,417,575,710.29,0.73989
827,564,354,665.89,0.69364
828,368,309,480.53,0.50055
829,120,423,439.69,0.45801
830,-23,439,439.60,0.45792
831,-32,48,57.69,0.06009
832,24,-98,100.90,0.10510
833,54,139,149.12,0.15533
834,63,466,470.24,0.48983
835,-26,391,391.86,0.40819
836,-125,282,308.46,0.32131
837,-134,291,320.37,0.33372
838,-9,513,513.08,0.53446
839,151,711,726.86,0.75714
840,34,499,500.16,0.52100
841,-127,189,227.71,0.23719
842,-140,95,169.19,0.17624
843,62,280,286.78,0.29873
844,520,476,704.97,0.73434
845,707,442,833.79,0.86854
846,407,454,609.73,0.63513
# END
# FRAME,8,RX_TS,52132388855,FP_INDEX,746.7344,FP_INT,746,RXPACC,930,RXPWR,-72.27,FP_PWR,-78.66,STD_NOISE,48.00,NTM,13,NOISE_THRESH,624.00,PEAK_IDX,748,PEAK_AMPL,16749,START,696,elapsed_s,0.7862
sample,real,imag,amplitude,amplitude_norm
696,116,132,175.73,0.18895
697,86,35,92.85,0.09984
698,108,19,109.66,0.11791
699,176,82,194.16,0.20878
700,59,69,90.79,0.09762
701,-10,74,74.67,0.08029
702,78,-34,85.09,0.09149
703,142,-64,155.76,0.16748
704,76,54,93.23,0.10025
705,13,-24,27.29,0.02935
706,52,67,84.81,0.09120
707,64,179,190.10,0.20441
708,150,222,267.93,0.28809
709,163,31,165.92,0.17841
710,81,-84,116.69,0.12548
711,90,92,128.70,0.13839
712,87,180,199.92,0.21497
713,68,114,132.74,0.14273
714,-2,86,86.02,0.09250
715,-56,264,269.87,0.29019
716,-16,436,436.29,0.46913
717,4,424,424.02,0.45593
718,79,105,131.40,0.14129
719,158,-238,285.67,0.30717
720,179,-47,185.07,0.19900
721,-66,164,176.78,0.19009
722,-159,105,190.54,0.20488
723,47,10,48.05,0.05167
724,229,64,237.78,0.25567
725,172,169,241.13,0.25928
726,124,140,187.02,0.20110
727,132,136,189.53,0.20379
728,150,246,288.12,0.30981
729,45,183,188.45,0.20264
730,31,33,45.28,0.04868
731,131,-8,131.24,0.14112
732,107,62,123.66,0.13297
733,58,135,146.93,0.15799
734,39,59,70.72,0.07605
735,130,34,134.37,0.14449
736,182,150,235.85,0.25360
737,135,178,223.40,0.24022
738,22,190,191.27,0.20567
739,24,87,90.25,0.09704
740,119,15,119.94,0.12897
741,114,75,136.46,0.14673
742,164,177,241.30,0.25946
743,150,184,237.39,0.25526
744,129,88,156.16,0.16791
745,-39,35,52.40,0.05635
746,-2307,329,2330.34,2.50574
747,-10897,1193,10962.11,11.78722
748,-16402,1108,16439.38,17.67676
749,-14487,-320,14490.53,15.58122
750,1653,-2234,2779.06,2.98823
751,13090,-1528,13178.88,14.17084
752,6146,956,6219.91,6.68807
753,-4425,1597,4704.36,5.05845
754,-3706,247,3714.22,3.99379
755,2340,-711,2445.63,2.62971
756,3582,-168,3585.94,3.85585
757,919,553,1072.55,1.15328
758,-231,477,529.99,0.56988
759,886,134,896.08,0.96352
760,1565,32,1565.33,1.68315
761,707,113,715.97,0.76986
762,-203,-178,269.99,0.29031
763,-198,-505,542.43,0.58326
764,94,-268,284.01,0.30538
765,94,157,182.99,0.19676
766,75,168,183.98,0.19783
767,-300,208,365.05,0.39253
768,-1515,1064,1851.30,1.99065
769,-2519,1658,3015.68,3.24267
770,-744,559,930.60,1.00065
771,2310,-989,2512.81,2.70195
772,2954,-1264,3213.07,3.45491
773,465,-631,783.83,0.84283
774,-1351,-181,1363.07,1.46567
775,-525,36,526.23,0.56584
776,919,325,974.77,1.04814
777,1148,646,1317.28,1.41643
778,670,906,1126.83,1.21164
779,507,1206,1308.24,1.40671
780,552,830,996.80,1.07182
781,770,276,817.97,0.87954
782,1037,-337,1090.38,1.17246
783,537,-493,728.98,0.78385
784,114,-122,166.97,0.17954
785,-298,529,607.16,0.65286
786,-581,829,1012.33,1.08852
787,-114,328,347.25,0.37338
788,1038,-495,1149.99,1.23654
789,1804,-760,1957.55,2.10490
790,1444,-416,1502.73,1.61584
791,816,131,826.45,0.88865
792,752,405,854.12,0.91841
793,1082,208,1101.81,1.18474
794,703,-336,779.17,0.83782
795,3,-595,595.01,0.63979
796,-487,-2,487.00,0.52366
797,-597,560,818.54,0.88015
798,-417,232,477.19,0.51311
799,223,-602,641.98,0.69030
800,1338,-721,1519.90,1.63430
801,2077,120,2080.46,2.23706
802,1654,910,1887.81,2.02990
803,865,711,1119.71,1.20399
804,555,61,558.34,0.60037
805,670,-96,676.84,0.72779
806,909,16,909.14,0.97757
807,797,0,797.00,0.85699
808,493,-202,532.78,0.57288
809,159,-110,193.34,0.20789
810,-103,213,236.60,0.25441
811,-200,141,244.71,0.26312
812,15,-78,79.43,0.08541
813,293,-196,352.51,0.37905
814,834,207,859.30,0.92398
815,901,624,1095.98,1.17848
816,938,463,1046.05,1.12478
817,711,324,781.34,0.84015
818,606,556,822.42,0.88432
819,868,718,1126.48,1.21126
820,979,542,1119.02,1.20325
821,722,245,762.44,0.81982
822,512,147,532.68,0.57278
823,582,159,603.33,0.64874
824,722,-11,722.08,0.77643
825,517,-359,629.42,0.67680
826,242,-411,476.95,0.51285
827,178,-181,253.86,0.27297
828,409,8,409.08,0.43987
829,521,13,521.16,0.56039
830,222,63,230.77,0.24814
831,11,185,185.33,0.19928
832,110,150,186.01,0.20001
833,481,-6,481.04,0.51724
834,598,-4,598.01,0.64303
835,472,131,489.84,0.52671
836,452,269,525.99,0.56558
837,462,77,468.37,0.50363
838,492,-227,541.84,0.58263
839,437,-137,457.97,0.49244
840,275,170,323.30,0.34764
841,190,330,380.79,0.40945
842,209,205,292.76,0.31479
843,199,-329,384.50,0.41344
844,72,-773,776.35,0.83478
845,186,-555,585.34,0.62940
# END
# FRAME,9,RX_TS,58522171418,FP_INDEX,746.9375,FP_INT,746,RXPACC,930,RXPWR,-73.12,FP_PWR,-78.49,STD_NOISE,48.00,NTM,13,NOISE_THRESH,624.00,PEAK_IDX,748,PEAK_AMPL,16503,START,696,elapsed_s,0.8779
sample,real,imag,amplitude,amplitude_norm
696,85,9,85.48,0.09191
697,78,37,86.33,0.09283
698,37,106,112.27,0.12072
699,34,106,111.32,0.11970
700,-10,122,122.41,0.13162
701,38,187,190.82,0.20518
702,56,146,156.37,0.16814
703,42,103,111.23,0.11961
704,9,85,85.48,0.09191
705,-26,127,129.63,0.13939
706,111,186,216.60,0.23291
707,223,91,240.85,0.25898
708,222,25,223.40,0.24022
709,123,35,127.88,0.13751
710,47,62,77.80,0.08366
711,27,44,51.62,0.05551
712,86,44,96.60,0.10387
713,94,116,149.31,0.16054
714,85,194,211.80,0.22775
715,234,215,317.78,0.34169
716,347,163,383.38,0.41223
717,447,171,478.59,0.51461
718,199,92,219.24,0.23574
719,-105,72,127.31,0.13690
720,-105,151,183.92,0.19776
721,86,175,194.99,0.20967
722,89,288,301.44,0.32413
723,73,208,220.44,0.23703
724,88,99,132.46,0.14243
725,99,18,100.62,0.10820
726,168,0,168.00,0.18065
727,154,104,185.83,0.19981
728,98,110,147.32,0.15841
729,66,142,156.59,0.16837
730,9,78,78.52,0.08443
731,11,110,110.55,0.11887
732,84,171,190.52,0.20486
733,53,168,176.16,0.18942
734,-12,166,166.43,0.17896
735,76,85,114.02,0.12260
736,119,57,131.95,0.14188
737,223,84,238.30,0.25623
738,228,136,265.48,0.28546
739,64,134,148.50,0.15968
740,49,147,154.95,0.16661
741,101,121,157.61,0.16948
742,172,92,195.06,0.20974
743,208,115,237.67,0.25556
744,106,92,140.36,0.15092
745,40,228,231.48,0.24891
746,296,2037,2058.39,2.21333
747,1040,9406,9463.32,10.17561
748,1339,16287,16341.95,17.57199
749,119,16408,16408.43,17.64347
750,-1910,5137,5480.59,5.89311
751,-1917,-9681,9868.97,10.61180
752,571,-7003,7026.24,7.55510
753,1625,3015,3425.03,3.68283
754,322,3886,3899.32,4.19281
755,-576,-1500,1606.79,1.72773
756,-71,-3155,3155.80,3.39333
757,574,-725,924.72,0.99432
758,488,423,645.81,0.69442
759,-76,-328,336.69,0.36203
760,-435,-725,845.49,0.90913
761,-845,-198,867.89,0.93321
762,-1157,463,1246.20,1.34000
763,-1047,306,1090.80,1.17290
764,-384,131,405.73,0.43627
765,310,352,469.05,0.50435
766,432,541,692.32,0.74443
767,369,629,729.25,0.78414
768,1040,1564,1878.22,2.01959
769,1785,2739,3269.30,3.51538
770,873,1580,1805.14,1.94101
771,-806,-1248,1485.64,1.59747
772,-1292,-2620,2921.24,3.14112
773,-737,-531,908.37,0.97674
774,-275,1539,1563.38,1.68105
775,-31,1105,1105.43,1.18864
776,275,-405,489.54,0.52639
777,571,-777,964.25,1.03682
778,643,-230,682.90,0.73430
779,819,-63,821.42,0.88325
780,730,-298,788.48,0.84783
781,290,-537,610.30,0.65624
782,-159,-893,907.04,0.97532
783,-508,-397,644.73,0.69325
784,-407,94,417.71,0.44915
785,339,677,757.13,0.81412
786,877,1083,1393.56,1.49845
787,523,708,880.22,0.94648
788,-333,-581,669.66,0.72007
789,-841,-1566,1777.54,1.91133
790,-578,-1297,1419.96,1.52684
791,120,-549,561.96,0.60426
792,448,-356,572.22,0.61529
793,294,-691,750.94,0.80747
794,-225,-557,600.73,0.64594
795,-545,182,574.59,0.61783
796,-111,729,737.40,0.79291
797,580,902,1072.38,1.15310
798,410,792,891.83,0.95896
799,-438,287,523.65,0.56307
800,-808,-737,1093.63,1.17595
801,-120,-1586,1590.53,1.71025
802,715,-1428,1597.00,1.71720
803,700,-710,997.05,1.07209
804,221,-289,363.82,0.39120
805,-50,-377,380.30,0.40893
806,-28,-662,662.59,0.71246
807,-32,-628,628.81,0.67614
808,-112,-230,255.82,0.27508
809,-1,35,35.01,0.03765
810,280,170,327.57,0.35222
811,314,173,358.50,0.38549
812,89,85,123.07,0.13233
813,-70,-38,79.65,0.08564
814,131,-415,435.19,0.46794
815,564,-602,824.92,0.88702
816,535,-663,851.94,0.91606
817,423,-516,667.22,0.71744
818,586,-382,699.51,0.75217
819,660,-597,889.95,0.95693
820,489,-786,925.70,0.99537
821,305,-534,614.96,0.66125
822,145,-327,357.71,0.38463
823,143,-368,394.81,0.42452
824,30,-520,520.86,0.56007
825,-259,-475,541.02,0.58175
826,-316,-114,335.93,0.36122
827,-163,95,188.66,0.20286
828,-32,-183,185.78,0.19976
829,17,-341,341.42,0.36712
830,128,-51,137.79,0.14816
831,219,330,396.06,0.42587
832,160,203,258.47,0.27793
833,4,-156,156.05,0.16780
834,36,-259,261.49,0.28117
835,246,-224,332.70,0.35775
836,340,-187,388.03,0.41724
837,90,-332,343.98,0.36987
838,-142,-474,494.81,0.53206
839,-150,-335,367.05,0.39468
840,241,25,242.29,0.26053
841,438,24,438.66,0.47167
842,216,1,216.00,0.23226
843,-322,-95,335.72,0.36099
844,-659,68,662.50,0.71236
845,-488,-12,488.15,0.52489
# END
# FRAME,10,RX_TS,64911954459,FP_INDEX,747.7812,FP_INT,747,RXPACC,1173,RXPWR,-75.23,FP_PWR,-80.09,STD_NOISE,68.00,NTM,13,NOISE_THRESH,884.00,PEAK_IDX,749,PEAK_AMPL,19522,START,697,elapsed_s,0.9810
sample,real,imag,amplitude,amplitude_norm
697,110,87,140.25,0.11956
698,136,179,224.80,0.19165
699,168,216,273.64,0.23328
700,197,175,263.50,0.22464
701,322,176,366.96,0.31284
702,280,178,331.79,0.28286
703,145,200,247.03,0.21060
704,77,253,264.46,0.22545
705,160,220,272.03,0.23191
706,331,121,352.42,0.30045
707,247,16,247.52,0.21101
708,96,86,128.89,0.10988
709,2,103,103.02,0.08783
710,136,177,223.22,0.19029
711,231,135,267.56,0.22810
712,145,97,174.45,0.14872
713,150,133,200.47,0.17091
714,159,101,188.37,0.16059
715,222,-1,222.00,0.18926
716,61,-271,277.78,0.23681
717,-52,-367,370.67,0.31600
718,-22,-308,308.78,0.26324
719,198,95,219.61,0.18722
720,334,373,500.68,0.42684
721,288,266,392.05,0.33422
722,241,30,242.86,0.20704
723,199,89,218.00,0.18584
724,195,240,309.23,0.26363
725,150,265,304.51,0.25960
726,129,182,223.08,0.19018
727,-8,31,32.02,0.02729
728,106,130,167.74,0.14300
729,113,145,183.83,0.15672
730,170,94,194.26,0.16561
731,164,140,215.63,0.18383
732,135,205,245.46,0.20926
733,81,239,252.35,0.21513
734,176,178,250.32,0.21340
735,184,252,312.03,0.26601
736,92,192,212.90,0.18150
737,23,65,68.95,0.05878
738,52,-33,61.59,0.05250
739,94,-18,95.71,0.08159
740,221,57,228.23,0.19457
741,316,216,382.77,0.32632
742,105,174,203.23,0.17325
743,-17,148,148.97,0.12700
744,75,121,142.36,0.12136
745,250,170,302.32,0.25774
746,509,-125,524.12,0.44682
747,2776,-2317,3615.89,3.08260
748,10690,-8969,13954.18,11.89614
749,16404,-13021,20943.68,17.85480
750,16212,-10753,19453.94,16.58478
751,3534,898,3646.31,3.10853
752,-9731,9461,13572.14,11.57045
753,-5491,2758,6144.73,5.23847
754,3262,-4151,5279.34,4.50072
755,2995,-1843,3516.63,2.99798
756,-1812,2629,3192.96,2.72204
757,-2657,2392,3575.10,3.04782
758,-544,50,546.29,0.46572
759,210,-358,415.05,0.35383
760,-475,440,647.48,0.55198
761,-521,727,894.41,0.76250
762,555,450,714.51,0.60913
763,1413,436,1478.74,1.26065
764,1018,668,1217.60,1.03802
765,246,245,347.19,0.29598
766,93,-401,411.64,0.35093
767,586,-242,634.00,0.54050
768,911,-484,1031.59,0.87945
769,1218,-2259,2566.44,2.18793
770,1519,-3580,3888.93,3.31537
771,789,-1020,1289.54,1.09935
772,-968,2684,2853.22,2.43241
773,-1458,3528,3817.40,3.25439
774,562,1126,1258.46,1.07286
775,2023,-660,2127.94,1.81410
776,940,-220,965.40,0.82302
777,-663,478,817.35,0.69680
778,-1045,341,1099.23,0.93711
779,-890,-403,976.99,0.83290
780,-1136,-676,1321.92,1.12696
781,-1104,-307,1145.89,0.97689
782,-838,276,882.28,0.75216
783,-556,922,1076.67,0.91788
784,142,920,930.89,0.79360
785,274,363,454.80,0.38773
786,240,-558,607.42,0.51784
787,464,-1201,1287.52,1.09763
788,429,-384,575.76,0.49084
789,-262,1388,1412.51,1.20419
790,-720,2178,2293.92,1.95560
791,-684,1520,1666.81,1.42098
792,-538,526,752.41,0.64144
793,-791,411,891.40,0.75994
794,-846,814,1174.02,1.00087
795,-177,1026,1041.16,0.88760
796,706,645,956.27,0.81524
797,837,-327,898.61,0.76608
798,623,-834,1041.00,0.88747
799,757,-344,831.50,0.70886
800,687,1000,1213.25,1.03431
801,-370,1913,1948.45,1.66109
802,-1639,1525,2238.74,1.90856
803,-1734,483,1800.01,1.53454
804,-874,125,882.89,0.75268
805,-64,429,433.75,0.36978
806,-227,752,785.51,0.66966
807,-679,771,1027.37,0.87585
808,-487,696,849.46,0.72418
809,19,637,637.28,0.54329
810,167,370,405.94,0.34607
811,113,-70,132.92,0.11332
812,134,-89,160.86,0.13714
813,246,230,336.77,0.28710
814,215,450,498.72,0.42517
815,-403,485,630.58,0.53758
816,-946,345,1006.95,0.85844
817,-1062,356,1120.08,0.95489
818,-878,166,893.55,0.76177
819,-778,-181,798.78,0.68097
820,-1001,80,1004.19,0.85609
821,-1036,438,1124.78,0.95890
822,-607,368,709.84,0.60515
823,-382,132,404.16,0.34456
824,-432,288,519.20,0.44263
825,-282,702,756.52,0.64495
826,166,1002,1015.66,0.86586
827,444,801,915.83,0.78076
828,348,467,582.40,0.49651
829,-111,510,521.94,0.44496
830,-236,511,562.86,0.47985
831,27,180,182.01,0.15517
832,295,-139,326.11,0.27801
833,165,153,225.02,0.19183
834,-129,606,619.58,0.52820
835,-312,589,666.53,0.56823
836,-320,285,428.51,0.36532
837,-282,192,341.16,0.29084
838,-329,449,556.63,0.47454
839,-191,832,853.64,0.72774
840,-62,579,582.31,0.49643
841,-43,171,176.32,0.15032
842,-134,-73,152.59,0.13009
843,-17,237,237.61,0.20257
844,533,829,985.56,0.84021
845,699,947,1177.03,1.00344
846,410,841,935.62,0.79763
# END
# FRAME,11,RX_TS,71301736983,FP_INDEX,746.9219,FP_INT,746,RXPACC,1163,RXPWR,-74.11,FP_PWR,-80.46,STD_NOISE,72.00,NTM,13,NOISE_THRESH,936.00,PEAK_IDX,748,PEAK_AMPL,19213,START,696,elapsed_s,1.0719
sample,real,imag,amplitude,amplitude_norm
696,169,209,268.78,0.23111
697,108,55,121.20,0.10421
698,153,-45,159.48,0.13713
699,126,-23,128.08,0.11013
700,114,73,135.37,0.11640
701,23,116,118.26,0.10168
702,39,49,62.63,0.05385
703,183,-2,183.01,0.15736
704,95,19,96.88,0.08330
705,-123,60,136.85,0.11767
706,5,132,132.09,0.11358
707,212,228,311.33,0.26770
708,348,237,421.04,0.36203
709,253,47,257.33,0.22126
710,17,-56,58.52,0.05032
711,6,89,89.20,0.07670
712,65,214,223.65,0.19231
713,110,154,189.25,0.16273
714,134,117,177.89,0.15296
715,132,309,336.01,0.28892
716,296,544,619.32,0.53252
717,355,634,726.62,0.62478
718,125,290,315.79,0.27153
719,-42,-143,149.04,0.12815
720,37,-62,72.20,0.06208
721,173,231,288.60,0.24815
722,81,299,309.78,0.26636
723,53,96,109.66,0.09429
724,95,42,103.87,0.08931
725,174,163,238.42,0.20501
726,129,113,171.49,0.14746
727,106,134,170.86,0.14691
728,89,88,125.16,0.10762
729,173,134,218.83,0.18816
730,155,149,215.00,0.18487
731,142,15,142.79,0.12278
732,161,53,169.50,0.14574
733,67,135,150.71,0.12959
734,-13,69,70.21,0.06037
735,108,-7,108.23,0.09306
736,185,107,213.71,0.18376
737,242,274,365.57,0.31433
738,159,182,241.67,0.20780
739,132,56,143.39,0.12329
740,150,-19,151.20,0.13001
741,157,69,171.49,0.14746
742,197,228,301.32,0.25909
743,161,151,220.73,0.18979
744,153,116,192.00,0.16509
745,38,174,178.10,0.15314
746,-1607,1622,2283.27,1.96326
747,-9175,7516,11860.48,10.19817
748,-16079,12236,20205.29,17.37343
749,-16404,10698,19584.14,16.83933
750,-3001,-672,3075.32,2.64430
751,11833,-9952,15461.64,13.29461
752,8532,-4322,9564.24,8.22377
753,-2570,4205,4928.18,4.23747
754,-4248,3499,5503.50,4.73216
755,1331,-1587,2071.26,1.78097
756,3692,-2633,4534.71,3.89914
757,1530,-224,1546.31,1.32959
758,42,672,673.31,0.57894
759,708,-362,795.18,0.68373
760,1038,-1206,1591.19,1.36818
761,84,-1060,1063.32,0.91429
762,-908,-954,1317.03,1.13245
763,-618,-1107,1267.82,1.09013
764,160,-595,616.14,0.52978
765,500,398,639.06,0.54950
766,217,642,677.68,0.58270
767,-228,518,565.96,0.48664
768,-840,1947,2120.47,1.82328
769,-1631,3594,3946.77,3.39361
770,-853,1865,2050.81,1.76338
771,1486,-2029,2514.96,2.16248
772,2445,-3445,4224.46,3.63238
773,531,-1131,1249.45,1.07433
774,-1493,810,1698.57,1.46051
775,-836,690,1083.97,0.93205
776,904,-153,916.86,0.78835
777,1644,-141,1650.04,1.41878
778,1295,605,1429.35,1.22902
779,1167,1068,1581.93,1.36022
780,995,594,1158.82,0.99640
781,899,-225,926.73,0.79684
782,915,-1053,1395.00,1.19949
783,372,-832,911.38,0.78364
784,17,-202,202.71,0.17430
785,-51,571,573.27,0.49293
786,-167,1280,1290.85,1.10993
787,-224,878,906.12,0.77913
788,467,-745,879.27,0.75604
789,1341,-2079,2473.97,2.12723
790,1376,-1597,2108.03,1.81258
791,1006,-313,1053.57,0.90591
792,1002,113,1008.35,0.86703
793,1082,-192,1098.90,0.94489
794,615,-766,982.33,0.84466
795,-249,-585,635.79,0.54668
796,-493,272,563.06,0.48414
797,-260,978,1011.97,0.87014
798,-297,756,812.25,0.69841
799,-320,-501,594.48,0.51116
800,665,-1414,1562.57,1.34357
801,1970,-1234,2324.58,1.99878
802,2270,-305,2290.40,1.96939
803,1302,131,1308.57,1.12517
804,458,-127,475.28,0.40867
805,475,-550,726.72,0.62487
806,910,-506,1041.22,0.89529
807,827,-385,912.22,0.78437
808,346,-399,528.13,0.45411
809,140,-185,232.00,0.19949
810,270,360,450.00,0.38693
811,333,449,559.01,0.48066
812,115,215,243.82,0.20965
813,41,-210,213.96,0.18398
814,745,-184,767.39,0.65983
815,1321,249,1344.26,1.15586
816,1396,100,1399.58,1.20342
817,985,17,985.15,0.84707
818,928,339,987.98,0.84951
819,1158,277,1190.67,1.02379
820,1340,-29,1340.31,1.15246
821,1016,-66,1018.14,0.87544
822,708,84,712.97,0.61304
823,573,-50,575.18,0.49456
824,630,-475,789.00,0.67842
825,468,-669,816.45,0.70202
826,131,-489,506.24,0.43529
827,-31,-167,169.85,0.14605
828,263,-179,318.14,0.27355
829,575,-206,610.79,0.52518
830,362,105,376.92,0.32409
831,70,391,397.22,0.34154
832,40,245,248.24,0.21345
833,452,-305,545.28,0.46886
834,707,-361,793.83,0.68257
835,615,-79,620.05,0.53315
836,505,52,507.67,0.43652
837,461,-93,470.29,0.40437
838,413,-467,623.42,0.53605
839,428,-331,541.06,0.46523
840,305,138,334.77,0.28785
841,271,362,452.20,0.38882
842,425,142,448.09,0.38529
843,74,-499,504.46,0.43376
844,-423,-766,875.03,0.75239
845,-223,-516,562.13,0.48334
# END
# FRAME,12,RX_TS,77691519509,FP_INDEX,747.7187,FP_INT,747,RXPACC,1019,RXPWR,-72.71,FP_PWR,-78.51,STD_NOISE,52.00,NTM,13,NOISE_THRESH,676.00,PEAK_IDX,749,PEAK_AMPL,18364,START,697,elapsed_s,1.1496
sample,real,imag,amplitude,amplitude_norm
697,67,40,78.03,0.07658
698,19,81,83.20,0.08165
699,33,144,147.73,0.14498
700,118,99,154.03,0.15116
701,233,133,268.29,0.26328
702,330,115,349.46,0.34295
703,186,125,224.10,0.21992
704,75,185,199.62,0.19590
705,131,170,214.62,0.21062
706,231,166,284.46,0.27916
707,190,105,217.08,0.21304
708,30,43,52.43,0.05145
709,8,23,24.35,0.02390
710,85,151,173.28,0.17005
711,191,120,225.57,0.22136
712,92,124,154.40,0.15152
713,39,80,89.00,0.08734
714,70,65,95.52,0.09374
715,176,14,176.56,0.17326
716,111,-51,122.16,0.11988
717,3,-257,257.02,0.25223
718,76,-251,262.25,0.25736
719,211,100,233.50,0.22914
720,142,450,471.87,0.46307
721,154,292,330.12,0.32397
722,196,49,202.03,0.19827
723,189,-2,189.01,0.18549
724,240,176,297.62,0.29207
725,147,165,220.98,0.21686
726,-41,112,119.27,0.11704
727,-6,76,76.24,0.07481
728,85,-3,85.05,0.08347
729,37,57,67.96,0.06669
730,25,100,103.08,0.10116
731,69,202,213.46,0.20948
732,79,114,138.70,0.13611
733,121,143,187.32,0.18383
734,241,146,281.77,0.27652
735,181,124,219.40,0.21531
736,42,111,118.68,0.11647
737,-29,-11,31.02,0.03044
738,-50,-35,61.03,0.05989
739,110,54,122.54,0.12025
740,136,150,202.47,0.19870
741,99,163,190.71,0.18715
742,-16,103,104.24,0.10229
743,51,43,66.71,0.06546
744,150,77,168.61,0.16547
745,57,125,137.38,0.13482
746,238,-9,238.17,0.23373
747,2708,-1393,3045.28,2.98850
748,11115,-5951,12607.84,12.37276
749,16416,-8134,18320.67,17.97907
750,14819,-5707,15879.94,15.58385
751,-995,3231,3380.74,3.31770
752,-12187,7118,14113.43,13.85027
753,-5532,1345,5693.16,5.58701
754,4399,-3432,5579.41,5.47538
755,3585,-1347,3829.70,3.75830
756,-2065,1958,2845.70,2.79264
757,-3100,1775,3572.20,3.50560
758,-665,-83,670.16,0.65766
759,246,-347,425.35,0.41742
760,-720,573,920.18,0.90302
761,-1044,989,1438.07,1.41126
762,-69,935,937.54,0.92006
763,533,1095,1217.83,1.19512
764,117,1022,1028.68,1.00950
765,-290,242,377.71,0.37067
766,-61,-520,523.57,0.51380
767,226,-277,357.50,0.35083
768,577,-170,601.52,0.59031
769,1403,-1520,2068.53,2.02996
770,2106,-2524,3287.22,3.22593
771,820,-498,959.38,0.94149
772,-1713,2302,2869.42,2.81592
773,-2163,2593,3376.72,3.31376
774,189,910,929.42,0.91209
775,1688,-179,1697.46,1.66581
776,744,-104,751.23,0.73723
777,-783,191,805.96,0.79093
778,-1005,14,1005.10,0.98636
779,-595,-508,782.36,0.76777
780,-586,-641,868.49,0.85230
781,-655,-163,674.98,0.66239
782,-846,379,927.02,0.90973
783,-704,986,1211.53,1.18894
784,20,841,841.24,0.82555
785,218,322,388.85,0.38160
786,370,-458,588.78,0.57780
787,601,-774,979.94,0.96167
788,263,-132,294.27,0.28878
789,-643,1229,1387.04,1.36118
790,-1297,1898,2298.83,2.25597
791,-1076,1287,1677.54,1.64626
792,-631,389,741.27,0.72745
793,-772,97,778.07,0.76356
794,-910,427,1005.20,0.98646
795,-299,760,816.70,0.80147
796,416,612,740.00,0.72620
797,567,-139,583.79,0.57290
798,450,-687,821.26,0.80595
799,460,-247,522.12,0.51238
800,250,885,919.63,0.90249
801,-692,1447,1603.96,1.57405
802,-1724,862,1927.49,1.89155
803,-1547,30,1547.29,1.51844
804,-707,-31,707.68,0.69448
805,-233,407,468.98,0.46023
806,-418,631,756.89,0.74278
807,-710,574,913.00,0.89598
808,-436,507,668.69,0.65622
809,-45,522,523.94,0.51417
810,66,224,233.52,0.22917
811,120,-159,199.20,0.19549
812,236,-172,292.03,0.28658
813,163,130,208.49,0.20460
814,75,438,444.37,0.43609
815,-616,307,688.26,0.67543
816,-917,-33,917.59,0.90048
817,-797,123,806.44,0.79140
818,-538,104,547.96,0.53774
819,-620,-123,632.08,0.62030
820,-899,-92,903.70,0.88685
821,-870,129,879.51,0.86311
822,-522,128,537.46,0.52744
823,-353,120,372.84,0.36589
824,-408,270,489.25,0.48013
825,-452,494,669.58,0.65710
826,-190,755,778.54,0.76402
827,188,679,704.55,0.69141
828,183,427,464.56,0.45590
829,-62,335,340.69,0.33434
830,-190,319,371.30,0.36437
831,8,15,17.00,0.01668
832,189,-224,293.08,0.28762
833,103,-41,110.86,0.10879
834,-216,387,443.20,0.43493
835,-353,386,523.07,0.51332
836,-351,90,362.35,0.35560
837,-282,-13,282.30,0.27704
838,-309,247,395.59,0.38821
839,-317,552,636.55,0.62468
840,-182,402,441.28,0.43305
841,-24,12,26.83,0.02633
842,-65,-129,144.45,0.14176
843,-58,194,202.48,0.19871
844,205,707,736.12,0.72240
845,435,893,993.31,0.97479
846,223,618,657.00,0.64475
# END
# FRAME,13,RX_TS,84081302047,FP_INDEX,747.7812,FP_INT,747,RXPACC,1125,RXPWR,-73.64,FP_PWR,-79.72,STD_NOISE,60.00,NTM,13,NOISE_THRESH,780.00,PEAK_IDX,749,PEAK_AMPL,19293,START,697,elapsed_s,1.2256
sample,real,imag,amplitude,amplitude_norm
697,118,200,232.22,0.20641
698,186,159,244.70,0.21751
699,203,132,242.14,0.21524
700,173,152,230.29,0.20470
701,121,108,162.19,0.14417
702,173,44,178.51,0.15867
703,101,81,129.47,0.11508
704,119,85,146.24,0.12999
705,172,-12,172.42,0.15326
706,208,-105,233.00,0.20711
707,150,18,151.08,0.13429
708,-25,270,271.15,0.24103
709,82,374,382.88,0.34034
710,189,221,290.80,0.25848
711,220,79,233.75,0.20778
712,157,107,189.99,0.16888
713,23,132,133.99,0.11910
714,56,138,148.93,0.13238
715,-11,130,130.46,0.11597
716,-190,133,231.92,0.20616
717,-330,213,392.77,0.34913
718,-320,198,376.30,0.33449
719,75,113,135.62,0.12056
720,424,53,427.30,0.37982
721,257,97,274.70,0.24417
722,-53,57,77.83,0.06919
723,-60,-57,82.76,0.07356
724,174,-15,174.65,0.15524
725,199,206,286.42,0.25460
726,44,337,339.86,0.30210
727,10,266,266.19,0.23661
728,104,105,147.79,0.13137
729,82,54,98.18,0.08727
730,17,129,130.12,0.11566
731,156,132,204.35,0.18165
732,275,109,295.81,0.26295
733,151,83,172.31,0.15316
734,145,105,179.03,0.15913
735,215,117,244.77,0.21758
736,220,177,282.36,0.25099
737,133,181,224.61,0.19965
738,-74,209,221.71,0.19708
739,-83,87,120.24,0.10688
740,85,52,99.64,0.08857
741,131,45,138.51,0.12312
742,99,210,232.17,0.20637
743,26,189,190.78,0.16958
744,-5,128,128.10,0.11386
745,66,56,86.56,0.07694
746,75,-71,103.28,0.09180
747,-1608,-2229,2748.47,2.44309
748,-7585,-10514,12964.43,11.52394
749,-11015,-16407,19761.58,17.56585
750,-8491,-15543,17711.07,15.74317
751,3204,104,3205.69,2.84950
752,9602,12694,15916.53,14.14803
753,2757,6877,7409.06,6.58583
754,-4222,-3718,5625.73,5.00065
755,-2210,-3684,4296.04,3.81870
756,2390,2080,3168.36,2.81632
757,2472,3618,4381.86,3.89499
758,163,1148,1159.51,1.03068
759,-446,-92,455.39,0.40479
760,655,768,1009.38,0.89723
761,1249,1132,1685.65,1.49836
762,998,184,1014.82,0.90206
763,903,-625,1098.20,0.97617
764,944,-204,965.79,0.85848
765,310,485,575.61,0.51165
766,-429,348,552.40,0.49102
767,-327,-175,370.88,0.32967
768,-187,-490,524.47,0.46620
769,-1759,-1039,2042.94,1.81595
770,-3016,-1564,3397.40,3.01991
771,-927,-594,1100.98,0.97865
772,2637,1662,3117.05,2.77071
773,3310,2200,3974.43,3.53283
774,1187,48,1187.97,1.05597
775,-315,-1492,1524.89,1.35546
776,-184,-489,522.47,0.46442
777,301,1021,1064.44,0.94617
778,245,1359,1380.91,1.22747
779,-317,987,1036.66,0.92147
780,-607,1034,1199.00,1.06578
781,-289,1119,1155.72,1.02730
782,259,1147,1175.88,1.04523
783,1043,861,1352.47,1.20219
784,1018,40,1018.79,0.90559
785,511,-119,524.67,0.46638
786,-355,-46,357.97,0.31819
787,-867,-76,870.32,0.77362
788,-305,73,313.61,0.27877
789,1275,778,1493.62,1.32766
790,2080,1410,2512.87,2.23366
791,1658,1393,2165.51,1.92489
792,638,1035,1215.84,1.08075
793,249,1074,1102.49,0.97999
794,565,1106,1241.96,1.10396
795,889,497,1018.49,0.90533
796,835,-286,882.62,0.78455
797,-19,-408,408.44,0.36306
798,-783,-295,836.73,0.74376
799,-478,-345,589.50,0.52400
800,876,-176,893.51,0.79423
801,1683,770,1850.78,1.64514
802,1244,1978,2336.67,2.07704
803,362,1995,2027.58,1.80229
804,29,1122,1122.37,0.99767
805,381,560,677.32,0.60206
806,687,612,920.06,0.81783
807,712,905,1151.51,1.02356
808,673,783,1032.48,0.91776
809,548,380,666.86,0.59277
810,270,133,300.98,0.26754
811,-186,103,212.61,0.18899
812,-215,86,231.56,0.20583
813,162,-7,162.15,0.14413
814,526,64,529.88,0.47100
815,434,841,946.38,0.84123
816,111,1209,1214.08,1.07919
817,303,1229,1265.80,1.12516
818,226,864,893.07,0.79384
819,53,938,939.50,0.83511
820,208,1238,1255.35,1.11587
821,339,1179,1226.77,1.09046
822,223,813,843.03,0.74936
823,157,569,590.26,0.52468
824,327,633,712.47,0.63331
825,700,677,973.82,0.86562
826,773,263,816.52,0.72579
827,547,-1,547.00,0.48622
828,317,99,332.10,0.29520
829,422,410,588.37,0.52300
830,469,468,662.56,0.58894
831,23,160,161.64,0.14368
832,-236,40,239.37,0.21277
833,-22,153,154.57,0.13740
834,365,466,591.93,0.52616
835,420,596,729.12,0.64811
836,194,561,593.60,0.52764
837,68,519,523.44,0.46528
838,389,469,609.33,0.54163
839,810,519,962.01,0.85512
840,688,487,842.92,0.74926
841,104,298,315.63,0.28056
842,-134,285,314.93,0.27994
843,137,323,350.85,0.31187
844,787,49,788.52,0.70091
845,1005,-277,1042.47,0.92664
846,685,-140,699.16,0.62148
# END
# FRAME,14,RX_TS,90471084580,FP_INDEX,746.9531,FP_INT,746,RXPACC,1057,RXPWR,-72.86,FP_PWR,-79.18,STD_NOISE,64.00,NTM,13,NOISE_THRESH,832.00,PEAK_IDX,749,PEAK_AMPL,18336,START,696,elapsed_s,1.4727
sample,real,imag,amplitude,amplitude_norm
696,128,204,240.83,0.22784
697,133,119,178.47,0.16884
698,133,33,137.03,0.12964
699,180,-7,180.14,0.17042
700,131,68,147.60,0.13964
701,22,54,58.31,0.05517
702,47,65,80.21,0.07589
703,118,15,118.95,0.11254
704,71,58,91.68,0.08673
705,-59,51,77.99,0.07378
706,52,99,111.83,0.10580
707,226,204,304.45,0.28804
708,309,149,343.05,0.32455
709,236,20,236.85,0.22407
710,122,-18,123.32,0.11667
711,100,48,110.92,0.10494
712,94,146,173.64,0.16428
713,89,204,222.57,0.21057
714,-24,247,248.16,0.23478
715,-16,317,317.40,0.30029
716,154,484,507.91,0.48052
717,165,525,550.32,0.52064
718,77,176,192.11,0.18175
719,36,-47,59.20,0.05601
720,105,39,112.01,0.10597
721,117,225,253.60,0.23993
722,110,230,254.95,0.24120
723,58,163,173.01,0.16368
724,87,140,164.83,0.15594
725,186,102,212.13,0.20069
726,172,85,191.86,0.18151
727,167,55,175.82,0.16634
728,58,103,118.21,0.11183
729,90,151,175.79,0.16631
730,105,96,142.27,0.13460
731,106,-7,106.23,0.10050
732,148,-12,148.49,0.14048
733,143,50,151.49,0.14332
734,144,75,162.36,0.15361
735,139,-3,139.03,0.13153
736,212,53,218.52,0.20674
737,232,234,329.51,0.31175
738,114,267,290.32,0.27466
739,51,54,74.28,0.07027
740,120,-31,123.94,0.11726
741,143,51,151.82,0.14364
742,201,161,257.53,0.24364
743,187,160,246.11,0.23284
744,87,40,95.75,0.09059
745,-28,76,80.99,0.07663
746,-1502,1086,1853.48,1.75353
747,-8861,5316,10333.30,9.77607
748,-16033,8701,18241.83,17.25812
749,-16406,7427,18008.81,17.03766
750,-3365,-853,3471.43,3.28423
751,11937,-7334,14009.98,13.25447
752,8934,-2861,9380.92,8.87504
753,-2540,3478,4306.75,4.07450
754,-4401,2727,5177.39,4.89819
755,1277,-1213,1761.28,1.66630
756,3746,-1938,4217.63,3.99018
757,1532,-61,1533.21,1.45053
758,-77,621,625.76,0.59201
759,682,-94,688.45,0.65132
760,1518,-658,1654.48,1.56526
761,790,-605,995.05,0.94139
762,-331,-644,724.08,0.68504
763,-453,-817,934.18,0.88381
764,249,-306,394.51,0.37323
765,411,483,634.20,0.60000
766,5,516,516.02,0.48820
767,-410,216,463.42,0.43843
768,-937,1372,1661.43,1.57184
769,-1637,2885,3317.08,3.13820
770,-866,1553,1778.14,1.68225
771,1497,-1657,2233.08,2.11266
772,2538,-2883,3840.98,3.63385
773,693,-1185,1372.76,1.29873
774,-1342,408,1402.65,1.32701
775,-779,528,941.08,0.89033
776,879,40,879.91,0.83246
777,1457,-29,1457.29,1.37870
778,1097,531,1218.76,1.15303
779,964,981,1375.38,1.30121
780,984,710,1213.41,1.14797
781,864,66,866.52,0.81979
782,893,-734,1155.94,1.09361
783,370,-812,892.33,0.84421
784,-45,-364,366.77,0.34699
785,-151,450,474.66,0.44906
786,-296,1104,1142.99,1.08136
787,-8,685,685.05,0.64810
788,711,-656,967.40,0.91523
789,1464,-1550,2132.09,2.01711
790,1429,-1217,1877.00,1.77578
791,993,-301,1037.62,0.98166
792,979,118,986.09,0.93291
793,1181,-141,1189.39,1.12525
794,724,-652,974.31,0.92177
795,-76,-655,659.39,0.62384
796,-426,39,427.78,0.40471
797,-309,831,886.59,0.83878
798,-381,739,831.43,0.78660
799,-289,-322,432.67,0.40934
800,690,-1182,1368.66,1.29485
801,1902,-935,2119.39,2.00510
802,2006,34,2006.29,1.89810
803,1258,452,1336.74,1.26465
804,613,35,614.00,0.58089
805,589,-410,717.65,0.67895
806,858,-359,930.08,0.87992
807,838,-273,881.35,0.83382
808,497,-249,555.89,0.52591
809,164,-54,172.66,0.16335
810,1,248,248.00,0.23463
811,-67,446,451.00,0.42668
812,-52,70,87.20,0.08250
813,42,-231,234.79,0.22213
814,670,-133,683.07,0.64624
815,1109,266,1140.45,1.07895
816,1195,97,1198.93,1.13428
817,932,24,932.31,0.88203
818,886,345,950.80,0.89953
819,1051,430,1135.56,1.07433
820,1158,119,1164.10,1.10132
821,881,2,881.00,0.83349
822,551,169,576.33,0.54526
823,546,63,549.62,0.51998
824,706,-294,764.77,0.72353
825,465,-561,728.66,0.68937
826,13,-493,493.17,0.46658
827,-53,-184,191.48,0.18116
828,340,-148,370.82,0.35082
829,499,-165,525.57,0.49723
830,206,118,237.40,0.22460
831,-23,347,347.76,0.32901
832,62,254,261.46,0.24736
833,396,-91,406.32,0.38441
834,594,-141,610.51,0.57758
835,492,119,506.19,0.47889
836,333,174,375.72,0.35546
837,375,-100,388.10,0.36718
838,518,-440,679.65,0.64300
839,496,-314,587.04,0.55538
840,442,81,449.36,0.42513
841,279,345,443.70,0.41977
842,190,204,278.78,0.26374
843,29,-419,420.00,0.39735
844,-269,-775,820.36,0.77612
845,-174,-619,642.99,0.60832
# END
# FRAME,15,RX_TS,96860867112,FP_INDEX,748.0000,FP_INT,748,RXPACC,1015,RXPWR,-72.50,FP_PWR,-80.48,STD_NOISE,48.00,NTM,13,NOISE_THRESH,624.00,PEAK_IDX,750,PEAK_AMPL,17952,START,698,elapsed_s,1.5605
sample,real,imag,amplitude,amplitude_norm
698,75,116,138.13,0.13609
699,151,198,249.01,0.24533
700,202,242,315.23,0.31057
701,137,45,144.20,0.14207
702,131,-19,132.37,0.13041
703,140,9,140.29,0.13822
704,177,190,259.67,0.25583
705,152,117,191.82,0.18898
706,92,-12,92.78,0.09141
707,39,-19,43.38,0.04274
708,38,96,103.25,0.10172
709,-36,303,305.13,0.30062
710,66,260,268.25,0.26428
711,211,143,254.89,0.25113
712,177,78,193.42,0.19057
713,69,78,104.14,0.10260
714,18,77,79.08,0.07791
715,45,-25,51.48,0.05072
716,-129,-11,129.47,0.12755
717,-287,114,308.81,0.30425
718,-292,183,344.61,0.33951
719,121,168,207.04,0.20398
720,410,88,419.34,0.41314
721,359,-1,359.00,0.35370
722,1,89,89.01,0.08769
723,-41,17,44.38,0.04373
724,159,24,160.80,0.15842
725,192,34,194.99,0.19211
726,75,84,112.61,0.11095
727,36,162,165.95,0.16350
728,86,270,283.37,0.27918
729,79,121,144.51,0.14237
730,82,108,135.60,0.13360
731,87,71,112.29,0.11063
732,144,80,164.73,0.16230
733,76,121,142.89,0.14078
734,90,105,138.29,0.13625
735,53,-17,55.66,0.05484
736,169,102,197.40,0.19448
737,129,216,251.59,0.24787
738,18,246,246.66,0.24301
739,-33,122,126.38,0.12452
740,79,8,79.40,0.07823
741,168,45,173.92,0.17135
742,139,110,177.26,0.17464
743,26,197,198.71,0.19577
744,72,155,170.91,0.16838
745,162,115,198.67,0.19573
746,129,4,129.06,0.12715
747,-599,-1446,1565.16,1.54203
748,-3867,-8543,9377.45,9.23886
749,-6796,-15867,17261.15,17.00606
750,-5673,-16411,17363.87,17.10726
751,982,-4019,4137.23,4.07609
752,6435,11641,13301.21,13.10464
753,2745,9215,9615.16,9.47306
754,-2580,-2319,3469.03,3.41776
755,-2082,-4626,5072.93,4.99796
756,1240,1094,1653.61,1.62918
757,1946,3901,4359.44,4.29501
758,301,1667,1693.96,1.66892
759,-410,-103,422.74,0.41649
760,253,538,594.52,0.58573
761,732,1310,1500.64,1.47846
762,601,699,921.85,0.90822
763,616,-361,713.99,0.70344
764,953,-432,1046.34,1.03088
765,491,256,553.73,0.54555
766,-314,388,499.14,0.49176
767,-362,6,362.05,0.35670
768,32,-312,313.64,0.30900
769,-831,-1000,1300.22,1.28100
770,-2288,-1764,2889.06,2.84636
771,-1308,-1022,1659.92,1.63539
772,1589,1465,2161.28,2.12934
773,2832,2735,3937.06,3.87888
774,1423,919,1693.96,1.66892
775,-9,-1269,1269.03,1.25028
776,-134,-812,822.98,0.81082
777,220,820,849.00,0.83645
778,23,1482,1482.18,1.46027
779,-337,974,1030.65,1.01542
780,-751,719,1039.69,1.02433
781,-519,823,972.98,0.95860
782,97,879,884.34,0.87127
783,792,1067,1328.82,1.30918
784,1055,365,1116.36,1.09986
785,678,-63,680.92,0.67086
786,-181,-101,207.27,0.20421
787,-909,-153,921.79,0.90816
788,-589,-75,593.76,0.58498
789,748,670,1004.19,0.98935
790,1704,1461,2244.58,2.21141
791,1421,1536,2092.50,2.06157
792,476,1072,1172.93,1.15559
793,48,959,960.20,0.94601
794,260,1029,1061.34,1.04565
795,762,759,1075.51,1.05962
796,892,16,892.14,0.87896
797,308,-311,437.70,0.43124
798,-420,-245,486.24,0.47905
799,-345,-325,473.97,0.46697
800,639,-215,674.20,0.66424
801,1349,695,1517.51,1.49508
802,1010,1887,2140.30,2.10867
803,140,2046,2050.78,2.02048
804,-236,1263,1284.86,1.26587
805,108,456,468.61,0.46169
806,508,474,694.79,0.68453
807,561,849,1017.61,1.00257
808,497,870,1001.95,0.98715
809,440,493,660.79,0.65103
810,284,179,335.70,0.33074
811,-17,77,78.85,0.07769
812,-138,18,139.17,0.13711
813,141,19,142.27,0.14017
814,448,150,472.44,0.46546
815,408,602,727.23,0.71649
816,-27,1048,1048.35,1.03285
817,-47,1094,1095.01,1.07883
818,-109,847,853.98,0.84136
819,-239,783,818.66,0.80657
820,-263,883,921.33,0.90772
821,50,1118,1119.12,1.10258
822,155,893,906.35,0.89296
823,19,615,615.29,0.60620
824,30,671,671.67,0.66174
825,482,674,828.61,0.81637
826,719,407,826.20,0.81399
827,658,58,660.55,0.65079
828,424,-2,424.00,0.41774
829,317,217,384.16,0.37848
830,341,497,602.74,0.59383
831,147,370,398.13,0.39225
832,-99,141,172.28,0.16974
833,-27,81,85.38,0.08412
834,269,363,451.81,0.44513
835,355,475,593.00,0.58424
836,183,514,545.61,0.53754
837,53,336,340.15,0.33513
838,296,400,497.61,0.49026
839,592,606,847.17,0.83465
840,487,550,734.62,0.72377
841,136,403,425.33,0.41904
842,-116,298,319.78,0.31506
843,29,254,255.65,0.25187
844,642,219,678.33,0.66830
845,1050,-74,1052.60,1.03705
846,850,-9,850.05,0.83749
847,-15,488,488.23,0.48102
# END
# FRAME,16,RX_TS,103250649628,FP_INDEX,747.6875,FP_INT,747,RXPACC,925,RXPWR,-72.11,FP_PWR,-77.95,STD_NOISE,48.00,NTM,13,NOISE_THRESH,624.00,PEAK_IDX,749,PEAK_AMPL,17027,START,697,elapsed_s,1.6325
sample,real,imag,amplitude,amplitude_norm
697,81,71,107.71,0.11645
698,19,77,79.31,0.08574
699,-21,101,103.16,0.11152
700,31,85,90.48,0.09781
701,128,91,157.05,0.16978
702,84,158,178.94,0.19345
703,41,171,175.85,0.19010
704,65,67,93.35,0.10092
705,161,106,192.76,0.20839
706,188,189,266.58,0.28819
707,130,142,192.52,0.20813
708,-32,-100,105.00,0.11351
709,-41,-61,73.50,0.07946
710,45,92,102.42,0.11072
711,150,214,261.34,0.28252
712,146,128,194.16,0.20991
713,72,43,83.86,0.09066
714,117,77,140.06,0.15142
715,146,19,147.23,0.15917
716,295,-108,314.15,0.33962
717,255,-190,318.00,0.34379
718,273,-205,341.40,0.36908
719,156,124,199.28,0.21544
720,15,362,362.31,0.39169
721,67,190,201.47,0.21780
722,221,15,221.51,0.23947
723,138,113,178.36,0.19282
724,51,150,158.43,0.17128
725,29,116,119.57,0.12926
726,21,50,54.23,0.05863
727,61,86,105.44,0.11399
728,87,136,161.45,0.17454
729,91,58,107.91,0.11666
730,128,0,128.00,0.13838
731,155,99,183.92,0.19883
732,8,152,152.21,0.16455
733,-25,60,65.00,0.07027
734,45,37,58.26,0.06298
735,56,185,193.29,0.20896
736,73,87,113.57,0.12278
737,42,15,44.60,0.04821
738,113,-30,116.91,0.12639
739,190,36,193.38,0.20906
740,143,154,210.15,0.22719
741,127,93,157.41,0.17017
742,160,8,160.20,0.17319
743,56,44,71.22,0.07699
744,65,74,98.49,0.10648
745,75,129,149.22,0.16132
746,341,148,371.73,0.40187
747,2974,449,3007.70,3.25157
748,11485,1832,11630.20,12.57318
749,16406,2984,16675.16,18.02720
750,13881,3923,14424.70,15.59427
751,-2599,1733,3123.79,3.37707
752,-12546,-1672,12656.92,13.68316
753,-4491,-2220,5009.74,5.41593
754,5100,-226,5105.00,5.51892
755,3354,896,3471.62,3.75310
756,-2470,306,2488.88,2.69068
757,-3050,-498,3090.39,3.34096
758,-314,-465,561.09,0.60658
759,481,-206,523.26,0.56568
760,-593,16,593.22,0.64131
761,-973,256,1006.11,1.08769
762,-369,740,826.90,0.89394
763,23,1083,1083.24,1.17107
764,-15,699,699.16,0.75585
765,22,-41,46.53,0.05030
766,362,-329,489.17,0.52883
767,420,148,445.31,0.48142
768,571,277,634.64,0.68610
769,1846,-433,1896.10,2.04984
770,2901,-894,3035.63,3.28176
771,916,-123,924.22,0.99916
772,-2298,796,2431.96,2.62914
773,-2878,876,3008.36,3.25229
774,-270,759,805.59,0.87091
775,1404,612,1531.59,1.65577
776,596,173,620.60,0.67092
777,-677,-419,796.17,0.86073
778,-779,-550,953.59,1.03091
779,-232,-693,730.80,0.79006
780,-66,-941,943.31,1.01980
781,-312,-689,756.35,0.81768
782,-716,-203,744.22,0.80456
783,-855,437,960.21,1.03806
784,-373,798,880.87,0.95229
785,-24,477,477.60,0.51633
786,451,-192,490.17,0.52991
787,821,-480,951.02,1.02813
788,343,-43,345.68,0.37371
789,-984,464,1087.91,1.17612
790,-1839,537,1915.80,2.07114
791,-1462,201,1475.75,1.59541
792,-705,-199,732.55,0.79194
793,-607,-308,680.67,0.73586
794,-816,-129,826.13,0.89312
795,-650,436,782.69,0.84615
796,16,771,771.17,0.83369
797,534,309,616.96,0.66698
798,798,-275,844.06,0.91249
799,544,96,552.41,0.59720
800,-251,695,738.94,0.79885
801,-1310,614,1446.75,1.56406
802,-1664,-317,1693.93,1.83127
803,-1085,-814,1356.40,1.46638
804,-388,-425,575.47,0.62213
805,-260,46,264.04,0.28545
806,-460,142,481.42,0.52045
807,-668,-11,668.09,0.72226
808,-594,87,600.34,0.64901
809,-352,296,459.91,0.49720
810,-51,203,209.31,0.22628
811,282,-178,333.48,0.36052
812,332,-69,339.09,0.36659
813,79,223,236.58,0.25576
814,-166,304,346.37,0.37445
815,-572,-224,614.30,0.66410
816,-519,-567,768.67,0.83099
817,-520,-417,666.55,0.72059
818,-402,-266,482.04,0.52112
819,-273,-429,508.50,0.54973
820,-453,-507,679.90,0.73502
821,-591,-383,704.25,0.76135
822,-381,-208,434.08,0.46928
823,-187,-157,244.17,0.26397
824,-351,-191,399.60,0.43200
825,-538,54,540.70,0.58454
826,-445,327,552.23,0.59700
827,-82,458,465.28,0.50301
828,-16,318,318.40,0.34422
829,-190,124,226.88,0.24528
830,-227,49,232.23,0.25106
831,29,0,29.00,0.03135
832,334,-37,336.04,0.36329
833,140,53,149.70,0.16183
834,-254,85,267.85,0.28956
835,-320,45,323.15,0.34935
836,-203,-53,209.80,0.22682
837,-74,-81,109.71,0.11861
838,-286,-6,286.06,0.30926
839,-514,185,546.28,0.59057
840,-382,129,403.19,0.43588
841,-15,-87,88.28,0.09544
842,151,-98,180.01,0.19461
843,-16,70,71.81,0.07763
844,-150,526,546.97,0.59132
845,-89,845,849.67,0.91857
846,-129,569,583.44,0.63075
# END
# FRAME,17,RX_TS,109640432154,FP_INDEX,747.3281,FP_INT,747,RXPACC,1078,RXPWR,-73.70,FP_PWR,-80.25,STD_NOISE,52.00,NTM,13,NOISE_THRESH,676.00,PEAK_IDX,749,PEAK_AMPL,18973,START,697,elapsed_s,1.7264
sample,real,imag,amplitude,amplitude_norm
697,141,15,141.80,0.13154
698,120,131,177.65,0.16480
699,46,112,121.08,0.11232
700,92,113,145.72,0.13517
701,80,249,261.54,0.24261
702,33,318,319.71,0.29657
703,16,174,174.73,0.16209
704,33,-10,34.48,0.03199
705,126,140,188.35,0.17472
706,94,225,243.85,0.22620
707,122,127,176.11,0.16336
708,64,21,67.36,0.06248
709,40,8,40.79,0.03784
710,-16,84,85.51,0.07932
711,5,175,175.07,0.16240
712,95,103,140.12,0.12998
713,139,75,157.94,0.14651
714,99,127,161.03,0.14938
715,238,201,311.52,0.28898
716,498,-27,498.73,0.46265
717,497,-47,499.22,0.46310
718,312,117,333.22,0.30911
719,-63,185,195.43,0.18129
720,-151,142,207.28,0.19228
721,97,122,155.86,0.14458
722,368,108,383.52,0.35577
723,185,208,278.37,0.25823
724,43,139,145.50,0.13497
725,101,12,101.71,0.09435
726,127,-73,146.49,0.13589
727,112,51,123.07,0.11416
728,215,61,223.49,0.20732
729,262,102,281.15,0.26081
730,230,128,263.22,0.24417
731,38,141,146.03,0.13546
732,13,120,120.70,0.11197
733,70,66,96.21,0.08925
734,124,176,215.30,0.19972
735,2,190,190.01,0.17626
736,54,81,97.35,0.09031
737,152,-16,152.84,0.14178
738,216,-79,229.99,0.21335
739,209,59,217.17,0.20145
740,82,149,170.07,0.15777
741,101,82,130.10,0.12068
742,162,108,194.70,0.18061
743,109,141,178.22,0.16532
744,73,68,99.76,0.09255
745,82,130,153.70,0.14258
746,583,654,876.13,0.81274
747,4054,5165,6565.98,6.09089
748,10036,13578,16884.41,15.66272
749,10915,16409,19707.68,18.28170
750,4663,10656,11631.59,10.78997
751,-7270,-6640,9845.94,9.13352
752,-7405,-11087,13332.50,12.36781
753,1416,-1162,1831.75,1.69921
754,4590,5194,6931.50,6.42997
755,196,1392,1405.73,1.30402
756,-2701,-3043,4068.81,3.77441
757,-1091,-2294,2540.22,2.35642
758,636,-100,643.81,0.59723
759,245,35,247.49,0.22958
760,-794,-805,1130.69,1.04888
761,-967,-538,1106.59,1.02652
762,-508,645,821.03,0.76162
763,-563,938,1093.99,1.01483
764,-396,176,433.35,0.40199
765,357,-309,472.15,0.43799
766,755,5,755.02,0.70039
767,409,451,608.84,0.56478
768,997,723,1231.56,1.14245
769,2772,1408,3109.09,2.88413
770,2708,1482,3087.00,2.86364
771,-441,-128,459.20,0.42597
772,-3160,-1890,3682.08,3.41566
773,-2260,-1038,2486.97,2.30703
774,-112,1133,1138.52,1.05614
775,673,1473,1619.46,1.50228
776,63,-123,138.20,0.12820
777,-246,-1148,1174.06,1.08911
778,154,-996,1007.84,0.93491
779,678,-738,1002.16,0.92965
780,683,-807,1057.23,0.98073
781,211,-803,830.26,0.77018
782,-565,-809,986.77,0.91537
783,-901,-174,917.65,0.85125
784,-541,331,634.23,0.58834
785,80,187,203.39,0.18868
786,891,183,909.60,0.84378
787,993,304,1038.49,0.96335
788,-33,-8,33.96,0.03150
789,-1445,-694,1603.02,1.48703
790,-1653,-1063,1965.29,1.82309
791,-930,-840,1253.20,1.16252
792,-88,-733,738.26,0.68485
793,-92,-901,905.68,0.84015
794,-479,-719,863.95,0.80143
795,-771,142,783.97,0.72724
796,-204,658,688.90,0.63905
797,771,464,899.85,0.83474
798,1087,409,1161.40,1.07737
799,117,659,669.31,0.62088
800,-1183,72,1185.19,1.09943
801,-1472,-1156,1871.66,1.73624
802,-644,-1876,1983.46,1.83994
803,145,-1362,1369.70,1.27059
804,138,-481,500.40,0.46420
805,-296,-204,359.49,0.33348
806,-452,-480,659.32,0.61161
807,-362,-647,741.39,0.68774
808,-347,-325,475.43,0.44103
809,-306,-7,306.08,0.28393
810,117,27,120.07,0.11139
811,512,59,515.39,0.47810
812,378,86,387.66,0.35961
813,-110,259,281.39,0.26103
814,-381,-156,411.70,0.38191
815,-97,-869,874.40,0.81113
816,162,-983,996.26,0.92417
817,61,-734,736.53,0.68324
818,94,-603,610.28,0.56612
819,161,-879,893.62,0.82896
820,-5,-1022,1022.01,0.94806
821,-196,-845,867.43,0.80467
822,-104,-377,391.08,0.36278
823,-28,-350,351.12,0.32571
824,-188,-545,576.51,0.53480
825,-448,-360,574.72,0.53314
826,-504,103,514.42,0.47720
827,-241,323,403.00,0.37384
828,-141,147,203.69,0.18895
829,-238,-132,272.15,0.25246
830,-64,-120,136.00,0.12616
831,258,135,291.19,0.27012
832,314,175,359.47,0.33346
833,-55,3,55.08,0.05110
834,-303,-342,456.92,0.42386
835,-107,-338,354.53,0.32888
836,40,-301,303.65,0.28168
837,-69,-231,241.09,0.22364
838,-339,-265,430.29,0.39915
839,-386,-172,422.59,0.39201
840,-37,-17,40.72,0.03777
841,230,-27,231.58,0.21482
842,124,-25,126.50,0.11734
843,-182,36,185.53,0.17210
844,-617,459,769.01,0.71336
845,-650,557,856.01,0.79407
846,-240,-38,242.99,0.22541
# END
# FRAME,18,RX_TS,116030214694,FP_INDEX,748.3594,FP_INT,748,RXPACC,932,RXPWR,-73.00,FP_PWR,-77.78,STD_NOISE,48.00,NTM,13,NOISE_THRESH,624.00,PEAK_IDX,750,PEAK_AMPL,17483,START,698,elapsed_s,1.7904
sample,real,imag,amplitude,amplitude_norm
698,103,89,136.12,0.14606
699,145,122,189.50,0.20332
700,6,170,170.11,0.18252
701,-47,263,267.17,0.28666
702,125,251,280.40,0.30086
703,111,185,215.75,0.23149
704,97,218,238.61,0.25602
705,-25,165,166.88,0.17906
706,165,232,284.69,0.30546
707,295,194,353.07,0.37883
708,194,132,234.65,0.25177
709,60,35,69.46,0.07453
710,101,18,102.59,0.11008
711,141,120,185.15,0.19866
712,101,184,209.90,0.22521
713,73,149,165.92,0.17803
714,43,53,68.25,0.07323
715,76,101,126.40,0.13562
716,216,92,234.78,0.25191
717,314,-95,328.06,0.35199
718,282,-290,404.50,0.43402
719,244,-96,262.21,0.28134
720,101,250,269.63,0.28930
721,-36,358,359.81,0.38606
722,27,181,183.00,0.19635
723,246,10,246.20,0.26417
724,187,73,200.74,0.21539
725,5,97,97.13,0.10422
726,-50,50,70.71,0.07587
727,11,-2,11.18,0.01200
728,146,11,146.41,0.15710
729,169,40,173.67,0.18634
730,137,35,141.40,0.15172
731,21,73,75.96,0.08150
732,10,151,151.33,0.16237
733,93,206,226.02,0.24251
734,122,109,163.60,0.17554
735,85,105,135.09,0.14495
736,91,140,166.98,0.17916
737,72,96,120.00,0.12876
738,70,20,72.80,0.07811
739,116,-81,141.48,0.15180
740,115,8,115.28,0.12369
741,105,207,232.11,0.24904
742,100,193,217.37,0.23323
743,115,46,123.86,0.13290
744,101,72,124.04,0.13309
745,77,53,93.48,0.10030
746,153,123,196.31,0.21063
747,814,267,856.67,0.91917
748,5204,1257,5353.66,5.74427
749,13659,3464,14091.40,15.11953
750,16415,4841,17113.96,18.36262
751,11176,5160,12309.69,13.20783
752,-4557,1074,4681.85,5.02344
753,-9871,-2562,10198.06,10.94213
754,-435,-1447,1510.97,1.62121
755,4849,695,4898.55,5.25596
756,686,814,1064.51,1.14218
757,-3231,-383,3253.62,3.49101
758,-1761,-611,1863.99,1.99998
759,373,-226,436.12,0.46795
760,124,-11,124.49,0.13357
761,-725,67,728.09,0.78121
762,-611,351,704.64,0.75605
763,-102,989,994.25,1.06679
764,-164,1257,1267.65,1.36014
765,-391,638,748.28,0.80288
766,9,-85,85.48,0.09171
767,489,-123,504.23,0.54102
768,412,196,456.25,0.48953
769,1063,65,1064.99,1.14269
770,2704,-462,2743.18,2.94333
771,2789,-369,2813.30,3.01857
772,43,346,348.66,0.37410
773,-2624,561,2683.30,2.87908
774,-1865,679,1984.76,2.12957
775,726,1094,1312.98,1.40877
776,1437,1000,1750.71,1.87844
777,275,185,331.44,0.35562
778,-594,-431,733.89,0.78744
779,-287,-747,800.24,0.85862
780,125,-847,856.17,0.91864
781,5,-819,819.02,0.87877
782,-330,-453,560.45,0.60135
783,-785,-125,794.89,0.85289
784,-757,350,834.00,0.89485
785,-312,555,636.69,0.68314
786,230,294,373.28,0.40051
787,948,-148,959.48,1.02949
788,1135,-292,1171.96,1.25747
789,117,58,130.59,0.14011
790,-1366,414,1427.36,1.53150
791,-1694,418,1744.81,1.87211
792,-914,125,922.51,0.98982
793,-424,-245,489.69,0.52542
794,-590,-353,687.54,0.73770
795,-640,-88,646.02,0.69316
796,-378,574,687.28,0.73743
797,316,624,699.45,0.75048
798,786,83,790.37,0.84804
799,940,-38,940.77,1.00941
800,532,511,737.66,0.79148
801,-482,831,960.67,1.03076
802,-1410,238,1429.95,1.53428
803,-1402,-678,1557.33,1.67096
804,-735,-894,1157.35,1.24179
805,-222,-375,435.79,0.46758
806,-275,80,286.40,0.30730
807,-581,40,582.38,0.62487
808,-658,-128,670.33,0.71924
809,-396,74,402.85,0.43225
810,-114,303,323.74,0.34736
811,191,126,228.82,0.24551
812,366,-138,391.15,0.41969
813,257,-53,262.41,0.28155
814,89,153,177.00,0.18992
815,-174,229,287.61,0.30859
816,-390,-243,459.51,0.49304
817,-533,-582,789.18,0.84677
818,-450,-524,690.71,0.74110
819,-244,-493,550.08,0.59021
820,-220,-599,638.12,0.68468
821,-521,-548,756.14,0.81131
822,-617,-386,727.79,0.78090
823,-345,-179,388.67,0.41703
824,-136,-47,143.89,0.15439
825,-265,-28,266.48,0.28592
826,-485,200,524.62,0.56290
827,-353,401,534.24,0.57322
828,-122,415,432.56,0.46412
829,-8,287,287.11,0.30806
830,-222,147,266.26,0.28568
831,-185,68,197.10,0.21148
832,131,17,132.10,0.14174
833,187,21,188.18,0.20190
834,-109,61,124.91,0.13402
835,-369,-15,369.30,0.39625
836,-204,-136,245.18,0.26307
837,-160,-187,246.11,0.26406
838,-163,1,163.00,0.17490
839,-352,118,371.25,0.39834
840,-433,126,450.96,0.48386
841,-202,68,213.14,0.22869
842,142,-91,168.66,0.18096
843,138,-146,200.90,0.21556
844,-63,185,195.43,0.20969
845,-258,768,810.18,0.86929
846,-173,773,792.12,0.84992
847,-114,284,306.03,0.32835
# END
# FRAME,19,RX_TS,122419997221,FP_INDEX,747.1406,FP_INT,747,RXPACC,1199,RXPWR,-74.17,FP_PWR,-82.00,STD_NOISE,56.00,NTM,13,NOISE_THRESH,728.00,PEAK_IDX,749,PEAK_AMPL,19773,START,697,elapsed_s,1.8595
sample,real,imag,amplitude,amplitude_norm
697,142,140,199.41,0.16631
698,155,149,215.00,0.17932
699,103,148,180.31,0.15039
700,70,249,258.65,0.21572
701,69,320,327.35,0.27302
702,41,278,281.01,0.23437
703,-13,145,145.58,0.12142
704,2,154,154.01,0.12845
705,139,179,226.63,0.18902
706,189,278,336.16,0.28037
707,100,124,159.30,0.13286
708,89,-30,93.92,0.07833
709,60,81,100.80,0.08407
710,21,283,283.78,0.23668
711,67,232,241.48,0.20140
712,171,136,218.49,0.18223
713,174,148,228.43,0.19052
714,190,192,270.12,0.22529
715,415,172,449.23,0.37467
716,406,-136,428.17,0.35711
717,514,-231,563.52,0.46999
718,330,47,333.33,0.27801
719,42,308,310.85,0.25926
720,-46,303,306.47,0.25561
721,142,5,142.09,0.11851
722,245,112,269.39,0.22468
723,166,246,296.77,0.24751
724,108,212,237.92,0.19844
725,128,33,132.19,0.11025
726,111,-100,149.40,0.12461
727,103,1,103.00,0.08591
728,147,171,225.50,0.18807
729,127,158,202.71,0.16907
730,153,-36,157.18,0.13109
731,19,95,96.88,0.08080
732,36,188,191.42,0.15965
733,160,189,247.63,0.20653
734,113,57,126.56,0.10556
735,75,112,134.79,0.11242
736,30,120,123.69,0.10316
737,147,19,148.22,0.12362
738,255,-27,256.43,0.21387
739,252,103,272.24,0.22705
740,55,317,321.74,0.26834
741,21,269,269.82,0.22504
742,136,74,154.83,0.12913
743,149,-15,149.75,0.12490
744,68,102,122.59,0.10224
745,120,126,174.00,0.14512
746,1139,842,1416.43,1.18135
747,7481,5454,9258.05,7.72148
748,15843,12155,19968.59,16.65437
749,16400,14071,21609.10,18.02260
750,5094,7796,9312.70,7.76706
751,-11759,-6582,13475.79,11.23919
752,-9698,-8665,13005.13,10.84665
753,2954,21,2954.07,2.46378
754,5929,4209,7271.09,6.06429
755,-536,585,793.42,0.66174
756,-3857,-2587,4644.25,3.87343
757,-1317,-1709,2157.58,1.79949
758,718,-78,722.22,0.60236
759,-122,-102,159.02,0.13263
760,-1244,-577,1371.30,1.14370
761,-907,59,908.92,0.75806
762,-341,1104,1155.46,0.96369
763,-429,1277,1347.13,1.12355
764,-326,399,515.24,0.42973
765,249,-228,337.62,0.28158
766,564,9,564.07,0.47045
767,391,412,568.00,0.47373
768,1588,580,1690.60,1.41001
769,3836,692,3897.92,3.25097
770,3045,691,3122.42,2.60419
771,-1426,-168,1435.86,1.19755
772,-4326,-1148,4475.73,3.73289
773,-2247,-160,2252.69,1.87881
774,761,1509,1690.03,1.40953
775,1216,1396,1851.34,1.54407
776,-33,-185,187.92,0.15673
777,-704,-1108,1312.74,1.09486
778,-140,-1133,1141.62,0.95214
779,678,-1237,1410.62,1.17650
780,596,-1127,1274.89,1.06329
781,-120,-652,662.95,0.55292
782,-988,-407,1068.55,0.89120
783,-976,217,999.83,0.83389
784,-490,430,651.92,0.54372
785,318,203,377.27,0.31465
786,1186,-115,1191.56,0.99380
787,1000,-222,1024.35,0.85433
788,-514,-188,547.30,0.45647
789,-2120,-313,2142.98,1.78731
790,-2231,-533,2293.79,1.91308
791,-1080,-592,1231.61,1.02720
792,-328,-765,832.35,0.69420
793,-503,-994,1114.02,0.92913
794,-732,-528,902.56,0.75276
795,-561,395,686.11,0.57223
796,-7,674,674.04,0.56217
797,796,280,843.81,0.70376
798,920,331,977.73,0.81546
799,-43,641,642.44,0.53581
800,-1316,291,1347.79,1.12409
801,-1801,-1010,2064.87,1.72216
802,-1018,-1839,2101.96,1.75310
803,-244,-1392,1413.22,1.17867
804,-189,-434,473.37,0.39480
805,-434,-85,442.25,0.36885
806,-597,-440,741.63,0.61854
807,-504,-636,811.49,0.67680
808,-419,-217,471.86,0.39354
809,-171,161,234.87,0.19588
810,299,160,339.12,0.28283
811,549,-101,558.21,0.46557
812,198,57,206.04,0.17184
813,-187,289,344.22,0.28709
814,-470,-173,500.83,0.41770
815,-141,-979,989.10,0.82494
816,-116,-1186,1191.66,0.99388
817,-123,-851,859.84,0.71713
818,5,-746,746.02,0.62220
819,4,-898,898.01,0.74896
820,-320,-1029,1077.61,0.89876
821,-428,-697,817.92,0.68217
822,-45,-382,384.64,0.32080
823,-122,-319,341.53,0.28485
824,-443,-402,598.21,0.49892
825,-786,-49,787.53,0.65682
826,-473,390,613.05,0.51130
827,-99,479,489.12,0.40794
828,-172,173,243.95,0.20346
829,-445,-137,465.61,0.38833
830,-229,-120,258.54,0.21563
831,299,58,304.57,0.25402
832,325,202,382.66,0.31915
833,-207,-65,216.97,0.18096
834,-555,-222,597.75,0.49854
835,-369,-276,460.80,0.38432
836,-28,-203,204.92,0.17091
837,-133,-222,258.79,0.21584
838,-503,-135,520.80,0.43436
839,-601,-92,608.00,0.50709
840,-235,-104,256.98,0.21433
841,126,-146,192.85,0.16084
842,176,-120,213.02,0.17766
843,-237,119,265.20,0.22118
844,-627,806,1021.16,0.85168
845,-572,736,932.14,0.77743
846,-202,-97,224.08,0.18689
# END
# FRAME,20,RX_TS,128809779756,FP_INDEX,747.6875,FP_INT,747,RXPACC,926,RXPWR,-72.21,FP_PWR,-78.22,STD_NOISE,40.00,NTM,13,NOISE_THRESH,520.00,PEAK_IDX,749,PEAK_AMPL,16999,START,697,elapsed_s,1.9937
sample,real,imag,amplitude,amplitude_norm
697,44,65,78.49,0.08476
698,50,158,165.72,0.17897
699,77,221,234.03,0.25273
700,184,140,231.21,0.24968
701,190,65,200.81,0.21686
702,120,115,166.21,0.17949
703,192,121,226.95,0.24508
704,157,145,213.71,0.23079
705,75,46,87.98,0.09501
706,112,23,114.34,0.12347
707,54,86,101.55,0.10966
708,-19,214,214.84,0.23201
709,50,341,344.65,0.37219
710,145,198,245.42,0.26503
711,148,54,157.54,0.17013
712,112,112,158.39,0.17105
713,82,122,147.00,0.15874
714,92,113,145.72,0.15736
715,119,11,119.51,0.12906
716,-37,-81,89.05,0.09617
717,-277,-135,308.15,0.33277
718,-282,-126,308.87,0.33355
719,151,73,167.72,0.18112
720,421,166,452.55,0.48871
721,185,173,253.29,0.27353
722,-33,22,39.66,0.04283
723,45,-24,51.00,0.05508
724,256,59,262.71,0.28371
725,213,116,242.54,0.26192
726,-2,138,138.01,0.14904
727,14,163,163.60,0.17667
728,92,76,119.33,0.12887
729,160,109,193.60,0.20907
730,83,57,100.69,0.10873
731,127,101,162.27,0.17523
732,191,126,228.82,0.24710
733,91,144,170.34,0.18396
734,127,125,178.20,0.19244
735,141,164,216.28,0.23356
736,124,188,225.21,0.24321
737,26,78,82.22,0.08879
738,-32,78,84.31,0.09105
739,51,32,60.21,0.06502
740,186,27,187.95,0.20297
741,115,56,127.91,0.13813
742,-33,84,90.25,0.09746
743,-56,122,134.24,0.14497
744,54,116,127.95,0.13818
745,121,47,129.81,0.14018
746,184,-180,257.40,0.27797
747,280,-2816,2829.89,3.05603
748,1125,-11486,11540.96,12.46324
749,2117,-16410,16545.99,17.86824
750,3301,-13508,13905.49,15.01673
751,2014,3098,3695.10,3.99039
752,-794,12825,12849.55,13.87641
753,-1748,4547,4871.42,5.26071
754,-333,-4954,4965.18,5.36196
755,747,-2917,3011.13,3.25176
756,317,2833,2850.68,3.07849
757,-312,3256,3270.91,3.53230
758,-418,493,646.35,0.69801
759,-111,-203,231.37,0.24985
760,121,999,1006.30,1.08672
761,532,1491,1583.07,1.70958
762,844,891,1227.28,1.32536
763,1073,523,1193.67,1.28907
764,819,717,1088.51,1.17549
765,140,513,531.76,0.57426
766,-329,20,329.61,0.35595
767,-230,-174,288.40,0.31145
768,-118,-394,411.29,0.44416
769,-705,-1783,1917.32,2.07054
770,-1014,-2776,2955.40,3.19157
771,-126,-642,654.25,0.70653
772,765,2640,2748.60,2.96826
773,969,2983,3136.44,3.38708
774,847,391,932.89,1.00744
775,632,-1254,1404.26,1.51648
776,140,-280,313.05,0.33807
777,-249,1014,1044.13,1.12756
778,-432,1117,1197.63,1.29333
779,-648,460,794.67,0.85818
780,-939,318,991.39,1.07061
781,-695,526,871.61,0.94126
782,-129,998,1006.30,1.08672
783,478,1198,1289.84,1.39292
784,672,655,938.41,1.01340
785,334,174,376.61,0.40670
786,-189,-397,439.69,0.47483
787,-443,-745,866.76,0.93603
788,-108,-84,136.82,0.14775
789,471,1332,1412.82,1.52573
790,591,2053,2136.37,2.30710
791,291,1569,1595.76,1.72328
792,-111,702,710.72,0.76752
793,-322,704,774.14,0.83601
794,-146,923,934.48,1.00915
795,337,647,729.51,0.78780
796,569,100,577.72,0.62389
797,78,-375,383.03,0.41364
798,-391,-555,678.90,0.73315
799,137,-452,472.31,0.51005
800,794,317,854.94,0.92326
801,586,1404,1521.38,1.64296
802,-379,1931,1967.84,2.12510
803,-942,1314,1616.77,1.74598
804,-508,579,770.26,0.83182
805,111,383,398.76,0.43063
806,171,613,636.40,0.68726
807,-30,961,961.47,1.03830
808,41,874,874.96,0.94488
809,348,388,521.20,0.56285
810,158,32,161.21,0.17409
811,-69,-192,204.02,0.22033
812,-106,-37,112.27,0.12124
813,148,90,173.22,0.18706
814,205,287,352.70,0.38088
815,-230,645,684.78,0.73950
816,-571,723,921.29,0.99491
817,-473,738,876.57,0.94662
818,-395,473,616.24,0.66549
819,-531,458,701.23,0.75727
820,-541,636,834.97,0.90170
821,-302,808,862.59,0.93153
822,-124,655,666.63,0.71991
823,-112,493,505.56,0.54596
824,-59,546,549.18,0.59307
825,147,717,731.91,0.79040
826,444,607,752.05,0.81215
827,408,324,521.00,0.56263
828,261,164,308.25,0.33288
829,172,351,390.88,0.42211
830,107,526,536.77,0.57967
831,-10,150,150.33,0.16235
832,6,-102,102.18,0.11034
833,117,74,138.44,0.14950
834,142,438,460.44,0.49724
835,44,548,549.76,0.59370
836,-84,311,322.14,0.34789
837,-27,346,347.05,0.37479
838,219,485,532.15,0.57468
839,276,592,653.18,0.70537
840,209,423,471.82,0.50952
841,20,128,129.55,0.13991
842,-184,73,197.95,0.21377
843,-14,187,187.52,0.20251
844,612,271,669.32,0.72280
845,966,195,985.49,1.06424
846,624,326,704.03,0.76029
# END
# FRAME,21,RX_TS,135199562307,FP_INDEX,747.8437,FP_INT,747,RXPACC,942,RXPWR,-73.56,FP_PWR,-78.30,STD_NOISE,100.00,NTM,13,NOISE_THRESH,1300.00,PEAK_IDX,749,PEAK_AMPL,16894,START,697,elapsed_s,2.0337
sample,real,imag,amplitude,amplitude_norm
697,56,61,82.81,0.08791
698,130,21,131.69,0.13979
699,176,17,176.82,0.18771
700,78,71,105.48,0.11197
701,116,11,116.52,0.12369
702,87,10,87.57,0.09296
703,151,47,158.15,0.16788
704,191,164,251.75,0.26725
705,180,71,193.50,0.20541
706,152,-21,153.44,0.16289
707,102,64,120.42,0.12783
708,-16,133,133.96,0.14221
709,21,211,212.04,0.22510
710,132,140,192.42,0.20426
711,185,70,197.80,0.20998
712,191,34,194.00,0.20595
713,-3,125,125.04,0.13273
714,16,100,101.27,0.10751
715,51,10,51.97,0.05517
716,-11,11,15.56,0.01651
717,-265,5,265.05,0.28137
718,-234,46,238.48,0.25316
719,-38,84,92.20,0.09787
720,301,178,349.69,0.37122
721,214,103,237.50,0.25212
722,58,40,70.46,0.07479
723,77,36,85.00,0.09023
724,163,87,184.76,0.19614
725,94,128,158.81,0.16859
726,49,82,95.52,0.10141
727,38,88,95.85,0.10176
728,104,133,168.83,0.17923
729,107,32,111.68,0.11856
730,73,55,91.40,0.09703
731,132,43,138.83,0.14737
732,139,94,167.80,0.17813
733,129,43,135.98,0.14435
734,154,6,154.12,0.16361
735,262,37,264.60,0.28089
736,175,44,180.45,0.19156
737,57,128,140.12,0.14875
738,0,135,135.00,0.14331
739,-15,34,37.16,0.03945
740,123,41,129.65,0.13764
741,131,90,158.94,0.16872
742,153,85,175.03,0.18580
743,68,97,118.46,0.12575
744,93,123,154.20,0.16370
745,136,124,184.04,0.19538
746,154,-166,226.43,0.24037
747,-267,-2350,2365.12,2.51074
748,-1353,-10087,10177.34,10.80397
749,-1611,-16416,16494.86,17.51047
750,-202,-15966,15967.28,16.95040
751,2148,-3736,4309.48,4.57482
752,2312,10048,10310.56,10.94539
753,-295,6014,6021.23,6.39196
754,-1416,-3266,3559.75,3.77893
755,-119,-3062,3064.31,3.25298
756,962,2203,2403.88,2.55189
757,471,3233,3267.13,3.46829
758,-192,724,749.03,0.79514
759,-211,-228,310.65,0.32978
760,125,542,556.23,0.59048
761,237,1057,1083.24,1.14994
762,249,460,523.07,0.55527
763,515,-253,573.79,0.60912
764,980,-29,980.43,1.04080
765,688,378,785.00,0.83334
766,-89,169,191.00,0.20276
767,-171,-165,237.63,0.25226
768,-81,-599,604.45,0.64167
769,-887,-1578,1810.21,1.92166
770,-1712,-2420,2964.35,3.14686
771,-611,-1012,1182.14,1.25493
772,1196,1709,2085.93,2.21436
773,1745,2666,3186.31,3.38250
774,1114,413,1188.09,1.26125
775,594,-1537,1647.79,1.74924
776,330,-895,953.90,1.01263
777,-16,509,509.25,0.54061
778,-355,880,948.91,1.00733
779,-653,546,851.19,0.90360
780,-869,441,974.50,1.03450
781,-626,563,841.93,0.89377
782,-148,721,736.03,0.78135
783,404,925,1009.38,1.07152
784,628,537,826.29,0.87716
785,485,84,492.22,0.52253
786,-47,-385,387.86,0.41174
787,-539,-698,881.89,0.93619
788,-224,-231,321.77,0.34158
789,616,952,1133.91,1.20373
790,1029,1720,2004.31,2.12771
791,747,1399,1585.94,1.68359
792,202,801,826.08,0.87694
793,-191,873,893.65,0.94867
794,-53,917,918.53,0.97509
795,473,666,816.88,0.86717
796,714,67,717.14,0.76129
797,187,-363,408.34,0.43348
798,-322,-632,709.30,0.75297
799,-20,-622,622.32,0.66064
800,807,-81,811.05,0.86099
801,1018,1119,1512.77,1.60592
802,245,1897,1912.76,2.03053
803,-567,1464,1569.96,1.66663
804,-485,769,909.17,0.96515
805,68,400,405.74,0.43072
806,274,597,656.88,0.69732
807,202,862,885.35,0.93986
808,158,817,832.14,0.88337
809,372,442,577.71,0.61328
810,223,55,229.68,0.24382
811,-79,-53,95.13,0.10099
812,-31,-78,83.93,0.08910
813,150,6,150.12,0.15936
814,300,164,341.90,0.36295
815,54,677,679.15,0.72097
816,-300,969,1014.38,1.07683
817,-372,1012,1078.21,1.14459
818,-323,740,807.42,0.85714
819,-564,667,873.49,0.92727
820,-522,811,964.47,1.02385
821,-183,871,890.02,0.94482
822,4,624,624.01,0.66243
823,-107,489,500.57,0.53139
824,-40,522,523.53,0.55576
825,308,640,710.26,0.75399
826,644,533,835.96,0.88743
827,595,205,629.33,0.66807
828,366,163,400.66,0.42532
829,335,419,536.46,0.56949
830,226,398,457.69,0.48587
831,63,165,176.62,0.18749
832,-106,-70,127.03,0.13485
833,-4,69,69.12,0.07337
834,193,472,509.93,0.54133
835,188,619,646.92,0.68675
836,-8,421,421.08,0.44700
837,-32,291,292.75,0.31078
838,222,502,548.90,0.58269
839,388,694,795.10,0.84405
840,321,596,676.95,0.71863
841,-18,281,281.58,0.29891
842,-103,199,224.08,0.23787
843,99,268,285.70,0.30329
844,633,180,658.09,0.69861
845,862,52,863.57,0.91674
846,643,125,655.04,0.69537
# END
# FRAME,22,RX_TS,141589344821,FP_INDEX,747.7031,FP_INT,747,RXPACC,961,RXPWR,-72.32,FP_PWR,-78.09,STD_NOISE,60.00,NTM,13,NOISE_THRESH,780.00,PEAK_IDX,749,PEAK_AMPL,17701,START,697,elapsed_s,2.1766
sample,real,imag,amplitude,amplitude_norm
697,82,146,167.45,0.17425
698,13,150,150.56,0.15667
699,76,98,124.02,0.12905
700,175,6,175.10,0.18221
701,151,25,153.06,0.15927
702,98,66,118.15,0.12295
703,18,-14,22.80,0.02373
704,-20,4,20.40,0.02122
705,21,4,21.38,0.02225
706,19,47,50.70,0.05275
707,21,189,190.16,0.19788
708,149,257,297.07,0.30912
709,283,186,338.65,0.35240
710,131,14,131.75,0.13709
711,83,-14,84.17,0.08759
712,103,-1,103.00,0.10719
713,89,132,159.20,0.16566
714,52,169,176.82,0.18399
715,4,100,100.08,0.10414
716,-5,297,297.04,0.30910
717,62,530,533.61,0.55527
718,60,456,459.93,0.47860
719,81,13,82.04,0.08537
720,114,-184,216.45,0.22524
721,168,-11,168.36,0.17519
722,109,197,225.14,0.23428
723,-8,166,166.19,0.17294
724,-6,79,79.23,0.08244
725,119,44,126.87,0.13202
726,237,128,269.36,0.28029
727,193,201,278.66,0.28997
728,136,108,173.67,0.18071
729,64,34,72.47,0.07541
730,69,104,124.81,0.12987
731,135,79,156.42,0.16276
732,272,88,285.88,0.29748
733,208,75,221.11,0.23008
734,68,63,92.70,0.09646
735,66,10,66.75,0.06946
736,126,-4,126.06,0.13118
737,190,153,243.94,0.25384
738,224,291,367.23,0.38213
739,104,225,247.87,0.25793
740,40,100,107.70,0.11207
741,176,-13,176.48,0.18364
742,92,21,94.37,0.09820
743,42,151,156.73,0.16309
744,121,156,197.43,0.20544
745,141,62,154.03,0.16028
746,-146,80,166.48,0.17324
747,-2676,953,2840.63,2.95591
748,-11190,3822,11824.71,12.30459
749,-16407,4915,17127.37,17.82245
750,-14348,2835,14625.40,15.21894
751,1858,-2808,3367.05,3.50369
752,12514,-4329,13241.62,13.77900
753,5234,-81,5234.63,5.44706
754,-4434,2662,5171.71,5.38159
755,-3128,875,3248.08,3.37989
756,2562,-1186,2823.20,2.93777
757,3450,-774,3535.76,3.67925
758,820,398,911.48,0.94848
759,-73,414,420.39,0.43745
760,1011,-157,1023.12,1.06464
761,1325,-352,1370.96,1.42660
762,251,-40,254.17,0.26448
763,-649,-22,649.37,0.67573
764,-393,-250,465.78,0.48468
765,180,-221,285.03,0.29660
766,241,176,298.42,0.31054
767,-26,321,322.05,0.33512
768,-382,536,658.19,0.68491
769,-1335,1514,2018.52,2.10044
770,-2016,2172,2963.42,3.08368
771,-439,587,733.00,0.76275
772,2230,-1586,2736.48,2.84753
773,2510,-1948,3177.23,3.30617
774,76,-782,785.68,0.81757
775,-1419,-51,1419.92,1.47754
776,-359,66,365.02,0.37983
777,1054,101,1058.83,1.10180
778,1265,298,1299.63,1.35237
779,734,622,962.10,1.00115
780,732,830,1106.67,1.15158
781,879,568,1046.55,1.08902
782,1008,29,1008.42,1.04934
783,963,-509,1089.24,1.13345
784,356,-738,819.38,0.85263
785,18,-387,387.42,0.40314
786,-287,400,492.31,0.51229
787,-366,747,831.84,0.86560
788,106,312,329.51,0.34289
789,1161,-692,1351.59,1.40644
790,1733,-1112,2059.09,2.14265
791,1370,-620,1503.76,1.56479
792,860,76,863.35,0.89839
793,975,440,1069.68,1.11310
794,1069,70,1071.29,1.11477
795,584,-479,755.31,0.78597
796,-62,-596,599.22,0.62353
797,-336,66,342.42,0.35632
798,-385,628,736.62,0.76651
799,-354,183,398.50,0.41468
800,101,-780,786.51,0.81843
801,1198,-960,1535.19,1.59749
802,1994,-69,1995.19,2.07616
803,1687,684,1820.39,1.89427
804,893,454,1001.78,1.04244
805,373,30,374.20,0.38939
806,592,-133,606.76,0.63138
807,941,7,941.03,0.97922
808,767,-33,767.71,0.79887
809,436,-208,483.07,0.50268
810,67,-5,67.19,0.06991
811,-6,417,417.04,0.43397
812,0,442,442.00,0.45994
813,56,18,58.82,0.06121
814,243,-175,299.46,0.31161
815,861,169,877.43,0.91304
816,1050,526,1174.38,1.22204
817,1115,488,1217.11,1.26651
818,916,531,1058.78,1.10175
819,791,603,994.63,1.03500
820,868,422,965.15,1.00431
821,989,105,994.56,1.03492
822,658,60,660.73,0.68754
823,431,122,447.93,0.46611
824,609,42,610.45,0.63522
825,667,-274,721.09,0.75035
826,364,-525,638.84,0.66477
827,84,-289,300.96,0.31317
828,83,-83,117.38,0.12214
829,338,-99,352.20,0.36649
830,441,-12,441.16,0.45907
831,179,207,273.66,0.28477
832,36,267,269.42,0.28035
833,226,40,229.51,0.23883
834,585,-146,602.94,0.62741
835,569,10,569.09,0.59218
836,434,176,468.33,0.48734
837,407,78,414.41,0.43122
838,497,-210,539.55,0.56144
839,604,-369,707.80,0.73652
840,502,-140,521.16,0.54231
841,333,187,381.91,0.39741
842,139,341,368.24,0.38319
843,87,102,134.06,0.13950
844,39,-557,558.36,0.58102
845,-72,-777,780.33,0.81200
846,125,-419,437.25,0.45499
# END
# FRAME,23,RX_TS,147979127861,FP_INDEX,747.8750,FP_INT,747,RXPACC,1113,RXPWR,-73.77,FP_PWR,-80.18,STD_NOISE,52.00,NTM,13,NOISE_THRESH,676.00,PEAK_IDX,749,PEAK_AMPL,18949,START,697,elapsed_s,2.2294
sample,real,imag,amplitude,amplitude_norm
697,75,11,75.80,0.06811
698,45,134,141.35,0.12700
699,67,205,215.67,0.19377
700,159,93,184.20,0.16550
701,109,154,188.67,0.16952
702,97,240,258.86,0.23258
703,81,172,190.12,0.17082
704,28,143,145.72,0.13092
705,100,186,211.18,0.18974
706,121,305,328.12,0.29481
707,139,198,241.92,0.21736
708,166,-37,170.07,0.15281
709,123,-68,140.55,0.12628
710,42,25,48.88,0.04392
711,6,146,146.12,0.13129
712,114,108,157.04,0.14109
713,178,-24,179.61,0.16138
714,228,180,290.49,0.26100
715,167,280,326.02,0.29292
716,341,113,359.24,0.32276
717,474,-206,516.83,0.46436
718,498,-240,552.81,0.49669
719,102,65,120.95,0.10867
720,-173,296,342.85,0.30804
721,-80,220,234.09,0.21033
722,271,103,289.91,0.26048
723,327,174,370.41,0.33280
724,163,217,271.40,0.24385
725,34,45,56.40,0.05067
726,146,0,146.00,0.13118
727,177,32,179.87,0.16161
728,117,124,170.48,0.15318
729,90,116,146.82,0.13191
730,178,1,178.00,0.15993
731,149,79,168.65,0.15153
732,50,107,118.11,0.10611
733,-14,125,125.78,0.11301
734,104,91,138.19,0.12416
735,108,65,126.05,0.11325
736,113,165,199.99,0.17968
737,59,114,128.36,0.11533
738,76,-40,85.88,0.07716
739,137,16,137.93,0.12393
740,189,186,265.17,0.23825
741,134,242,276.62,0.24854
742,109,104,150.66,0.13536
743,91,73,116.66,0.10482
744,120,129,176.18,0.15830
745,122,133,180.48,0.16216
746,265,156,307.51,0.27629
747,2067,1205,2392.60,2.14968
748,9923,6200,11700.68,10.51274
749,16405,10742,19609.04,17.61819
750,15008,11577,18954.34,17.02995
751,237,3431,3439.18,3.09001
752,-12765,-6862,14492.49,13.02111
753,-6421,-5715,8595.96,7.72323
754,4821,1381,5014.90,4.50575
755,4373,2899,5246.65,4.71397
756,-2040,-509,2102.54,1.88908
757,-3524,-2209,4159.12,3.73685
758,-636,-952,1144.90,1.02866
759,693,40,694.15,0.62368
760,-415,-285,503.44,0.45233
761,-1181,-683,1364.28,1.22576
762,-838,-332,901.37,0.80986
763,-383,170,419.03,0.37649
764,-366,283,462.65,0.41568
765,18,160,161.01,0.14466
766,570,96,578.03,0.51934
767,531,111,542.48,0.48740
768,529,251,585.53,0.52608
769,2080,303,2101.95,1.88855
770,3708,362,3725.63,3.34738
771,1846,358,1880.39,1.68948
772,-2383,-215,2392.68,2.14976
773,-3916,-494,3947.04,3.54630
774,-1242,547,1357.12,1.21933
775,1145,1424,1827.24,1.64172
776,909,799,1210.24,1.08737
777,-329,-531,624.66,0.56124
778,-656,-979,1178.46,1.05882
779,26,-875,875.39,0.78651
780,490,-1049,1157.80,1.04025
781,293,-1014,1055.48,0.94832
782,-422,-611,742.57,0.66718
783,-1196,-189,1210.84,1.08791
784,-997,415,1079.92,0.97028
785,-403,489,633.66,0.56933
786,525,235,575.20,0.51680
787,1142,49,1143.05,1.02700
788,590,-40,591.35,0.53132
789,-1036,-145,1046.10,0.93989
790,-2169,-298,2189.38,1.96709
791,-1595,-327,1628.18,1.46287
792,-542,-470,717.40,0.64457
793,-185,-817,837.68,0.75264
794,-597,-806,1003.02,0.90118
795,-753,-63,755.63,0.67891
796,-467,722,859.87,0.77257
797,328,593,677.67,0.60887
798,1038,139,1047.27,0.94094
799,721,351,801.90,0.72048
800,-386,636,743.97,0.66844
801,-1528,100,1531.27,1.37580
802,-1519,-1149,1904.62,1.71125
803,-674,-1589,1726.04,1.55080
804,-127,-942,950.52,0.85402
805,-98,-105,143.63,0.12905
806,-360,-38,362.00,0.32525
807,-578,-361,681.47,0.61228
808,-729,-335,802.29,0.72083
809,-544,-58,547.08,0.49154
810,-30,-19,35.51,0.03191
811,404,-87,413.26,0.37130
812,342,49,345.49,0.31042
813,-17,289,289.50,0.26011
814,-222,316,386.19,0.34698
815,-342,-381,511.98,0.46000
816,-220,-1024,1047.37,0.94103
817,-498,-971,1091.26,0.98047
818,-339,-787,856.91,0.76991
819,-9,-827,827.05,0.74308
820,-99,-900,905.43,0.81350
821,-491,-771,914.07,0.82127
822,-371,-408,551.46,0.49547
823,-178,-254,310.16,0.27867
824,-326,-288,434.99,0.39083
825,-730,-136,742.56,0.66717
826,-779,247,817.22,0.73425
827,-359,421,553.28,0.49711
828,-98,345,358.65,0.32224
829,-262,108,283.39,0.25462
830,-319,8,319.10,0.28670
831,49,120,129.62,0.11646
832,413,163,444.00,0.39892
833,117,95,150.71,0.13541
834,-396,-101,408.68,0.36719
835,-491,-185,524.70,0.47143
836,-125,-259,287.59,0.25839
837,31,-205,207.33,0.18628
838,-293,-39,295.58,0.26557
839,-579,29,579.73,0.52087
840,-436,-83,443.83,0.39877
841,43,-179,184.09,0.16540
842,257,-101,276.13,0.24810
843,29,113,116.66,0.10482
844,-339,560,654.62,0.58815
845,-585,956,1120.79,1.00700
846,-495,627,798.85,0.71774
# END
# FRAME,24,RX_TS,154368910395,FP_INDEX,747.6875,FP_INT,747,RXPACC,911,RXPWR,-72.62,FP_PWR,-78.47,STD_NOISE,48.00,NTM,13,NOISE_THRESH,624.00,PEAK_IDX,749,PEAK_AMPL,16436,START,697,elapsed_s,2.3682
sample,real,imag,amplitude,amplitude_norm
697,145,70,161.01,0.17674
698,62,134,147.65,0.16207
699,-12,99,99.72,0.10947
700,114,103,153.64,0.16865
701,173,123,212.27,0.23301
702,202,136,243.52,0.26731
703,94,175,198.65,0.21805
704,-19,153,154.18,0.16924
705,99,106,145.04,0.15921
706,170,108,201.41,0.22108
707,92,148,174.26,0.19129
708,-31,86,91.42,0.10035
709,20,115,116.73,0.12813
710,122,136,182.70,0.20055
711,124,179,217.75,0.23903
712,62,126,140.43,0.15415
713,58,86,103.73,0.11386
714,127,22,128.89,0.14148
715,272,-2,272.01,0.29858
716,250,-97,268.16,0.29436
717,181,-209,276.48,0.30349
718,185,-209,279.12,0.30638
719,96,105,142.27,0.15617
720,13,292,292.29,0.32084
721,-14,145,145.67,0.15991
722,190,32,192.68,0.21150
723,209,123,242.51,0.26620
724,109,111,155.57,0.17077
725,76,27,80.65,0.08853
726,32,-21,38.28,0.04201
727,88,39,96.25,0.10566
728,157,82,177.12,0.19443
729,161,97,187.96,0.20633
730,94,43,103.37,0.11347
731,121,90,150.80,0.16553
732,74,167,182.66,0.20051
733,27,133,135.71,0.14897
734,58,120,133.28,0.14630
735,113,104,153.57,0.16858
736,100,137,169.61,0.18618
737,6,20,20.88,0.02292
738,32,27,41.87,0.04596
739,164,38,168.34,0.18479
740,180,113,212.53,0.23329
741,91,96,132.28,0.14520
742,71,58,91.68,0.10064
743,80,53,95.96,0.10534
744,144,31,147.30,0.16169
745,70,78,104.80,0.11504
746,359,84,368.70,0.40472
747,2970,9,2970.01,3.26017
748,11483,22,11483.02,12.60485
749,16412,559,16421.52,18.02582
750,13924,1975,14063.37,15.43729
751,-2238,2255,3177.05,3.48744
752,-12345,445,12353.02,13.55984
753,-4552,-1222,4713.17,5.17362
754,4919,-821,4987.04,5.47425
755,3206,429,3234.58,3.55058
756,-2489,595,2559.13,2.80914
757,-2991,-5,2991.00,3.28321
758,-263,-359,445.03,0.48851
759,453,-184,488.94,0.53671
760,-651,166,671.83,0.73747
761,-1030,564,1174.31,1.28903
762,-252,1080,1109.01,1.21736
763,-22,1389,1389.17,1.52489
764,-442,848,956.28,1.04970
765,-289,-111,309.58,0.33983
766,401,-415,577.08,0.63346
767,595,95,602.54,0.66140
768,654,86,659.63,0.72407
769,1665,-845,1867.15,2.04956
770,2618,-1450,2992.73,3.28510
771,906,-218,931.86,1.02290
772,-2156,1242,2488.15,2.73123
773,-2584,1350,2915.40,3.20022
774,-94,792,797.56,0.87548
775,1554,447,1617.01,1.77498
776,664,141,678.81,0.74512
777,-674,-262,723.13,0.79378
778,-875,-468,992.29,1.08924
779,-328,-660,737.01,0.80901
780,-113,-760,768.35,0.84342
781,-366,-528,642.45,0.70521
782,-786,28,786.50,0.86334
783,-918,573,1082.15,1.18787
784,-348,765,840.43,0.92254
785,97,398,409.65,0.44967
786,475,-214,520.98,0.57188
787,709,-584,918.55,1.00829
788,240,-311,392.84,0.43122
789,-979,285,1019.64,1.11925
790,-1551,584,1657.30,1.81921
791,-1129,322,1174.02,1.28872
792,-518,-134,535.05,0.58732
793,-436,-290,523.64,0.57479
794,-677,-51,678.92,0.74525
795,-495,544,735.50,0.80736
796,44,808,809.20,0.88825
797,451,311,547.83,0.60135
798,722,-310,785.74,0.86250
799,597,90,603.75,0.66273
800,-229,866,895.77,0.98328
801,-1351,824,1582.46,1.73706
802,-1735,-165,1742.83,1.91309
803,-1089,-827,1367.42,1.50101
804,-375,-444,581.17,0.63795
805,-197,101,221.38,0.24301
806,-478,216,524.54,0.57578
807,-737,10,737.07,0.80908
808,-541,20,541.37,0.59426
809,-215,153,263.88,0.28966
810,25,93,96.30,0.10571
811,146,-170,224.09,0.24598
812,173,-21,174.27,0.19130
813,96,154,181.47,0.19920
814,-78,123,145.65,0.15988
815,-451,-267,524.11,0.57531
816,-614,-527,809.15,0.88820
817,-670,-343,752.69,0.82623
818,-485,-304,572.40,0.62832
819,-357,-566,669.18,0.73456
820,-492,-580,760.57,0.83487
821,-704,-256,749.10,0.82228
822,-467,-23,467.57,0.51324
823,-168,27,170.16,0.18678
824,-314,7,314.08,0.34476
825,-609,242,655.32,0.71934
826,-534,513,740.49,0.81283
827,-107,498,509.37,0.55913
828,54,290,294.98,0.32380
829,-204,139,246.85,0.27097
830,-298,154,335.44,0.36821
831,-10,65,65.76,0.07219
832,308,-121,330.92,0.36324
833,75,-69,101.91,0.11187
834,-299,76,308.51,0.33865
835,-359,47,362.06,0.39744
836,-187,-95,209.75,0.23024
837,-154,-73,170.43,0.18708
838,-227,131,262.09,0.28769
839,-410,277,494.80,0.54314
840,-325,272,423.80,0.46521
841,-16,-102,103.25,0.11333
842,147,-176,229.31,0.25172
843,56,84,100.96,0.11082
844,-52,644,646.10,0.70922
845,-22,944,944.26,1.03651
846,-153,646,663.87,0.72873
# END
# FRAME,25,RX_TS,160758692935,FP_INDEX,748.6406,FP_INT,748,RXPACC,951,RXPWR,-73.15,FP_PWR,-77.48,STD_NOISE,52.00,NTM,13,NOISE_THRESH,676.00,PEAK_IDX,750,PEAK_AMPL,17698,START,698,elapsed_s,2.4604
sample,real,imag,amplitude,amplitude_norm
698,133,35,137.53,0.14461
699,115,177,211.08,0.22195
700,234,183,297.06,0.31237
701,113,105,154.25,0.16220
702,107,-86,137.28,0.14435
703,116,-89,146.21,0.15374
704,178,-31,180.68,0.18999
705,223,83,237.95,0.25021
706,206,93,226.02,0.23767
707,126,-56,137.88,0.14499
708,99,7,99.25,0.10436
709,11,149,149.41,0.15710
710,97,213,234.05,0.24611
711,187,144,236.02,0.24818
712,270,70,278.93,0.29330
713,139,87,163.98,0.17243
714,65,73,97.74,0.10278
715,80,26,84.12,0.08845
716,100,84,130.60,0.13733
717,-116,54,127.95,0.13455
718,-247,53,252.62,0.26564
719,-193,49,199.12,0.20938
720,113,-15,113.99,0.11986
721,306,-42,308.87,0.32478
722,158,64,170.47,0.17925
723,-10,-78,78.64,0.08269
724,83,-82,116.67,0.12269
725,140,-5,140.09,0.14731
726,132,187,228.90,0.24069
727,13,257,257.33,0.27059
728,92,147,173.42,0.18235
729,103,55,116.76,0.12278
730,117,-3,117.04,0.12307
731,102,116,154.47,0.16243
732,106,134,170.86,0.17966
733,77,171,187.54,0.19720
734,158,196,251.75,0.26473
735,168,111,201.36,0.21173
736,147,96,175.57,0.18462
737,121,157,198.22,0.20843
738,38,121,126.83,0.13336
739,6,108,108.17,0.11374
740,59,66,88.53,0.09309
741,163,13,163.52,0.17194
742,173,-12,173.42,0.18235
743,175,52,182.56,0.19197
744,58,135,146.93,0.15450
745,86,155,177.26,0.18639
746,69,29,74.85,0.07870
747,-40,-346,348.30,0.36625
748,-1157,-3336,3530.94,3.71287
749,-3848,-11647,12266.20,12.89821
750,-4738,-16405,17075.50,17.95531
751,-2533,-14463,14683.14,15.43968
752,2660,-137,2663.53,2.80076
753,4041,10370,11129.54,11.70298
754,-32,3639,3639.14,3.82665
755,-2190,-3915,4485.90,4.71704
756,-150,-1769,1775.35,1.86682
757,1471,2937,3284.78,3.45403
758,791,2654,2769.37,2.91206
759,-229,348,416.59,0.43805
760,-174,0,174.00,0.18297
761,367,747,832.28,0.87517
762,752,682,1015.20,1.06751
763,971,-210,993.45,1.04464
764,1152,-412,1223.46,1.28650
765,619,168,641.39,0.67444
766,-178,308,355.74,0.37407
767,-304,-228,380.00,0.39958
768,240,-502,556.42,0.58509
769,-90,-622,628.48,0.66086
770,-1657,-1360,2143.65,2.25410
771,-2199,-1955,2942.38,3.09399
772,-201,-458,500.16,0.52594
773,2012,1869,2746.14,2.88764
774,2054,2043,2897.03,3.04630
775,857,-242,890.51,0.93640
776,114,-1501,1505.32,1.58288
777,117,-346,365.25,0.38407
778,23,1021,1021.26,1.07388
779,-207,984,1005.54,1.05735
780,-486,590,764.39,0.80378
781,-786,566,968.58,1.01849
782,-508,737,895.12,0.94124
783,140,838,849.61,0.89339
784,789,807,1128.61,1.18677
785,850,356,921.54,0.96902
786,241,-8,241.13,0.25356
787,-557,-311,637.94,0.67081
788,-851,-494,983.99,1.03469
789,-222,194,294.82,0.31001
790,743,1239,1444.70,1.51914
791,1119,1669,2009.41,2.11294
792,550,1137,1263.04,1.32812
793,-7,691,691.04,0.72664
794,-129,668,680.34,0.71540
795,279,709,761.92,0.80118
796,812,379,896.09,0.94227
797,671,-182,695.24,0.73107
798,-31,-392,393.22,0.41348
799,-456,-562,723.73,0.76102
800,198,-594,626.13,0.65839
801,1206,4,1206.01,1.26815
802,1278,1087,1677.75,1.76420
803,397,1676,1722.38,1.81112
804,-301,1262,1297.40,1.36425
805,-232,723,759.31,0.79843
806,135,383,406.10,0.42702
807,258,496,559.09,0.58790
808,270,634,689.10,0.72460
809,346,591,684.83,0.72012
810,471,393,613.42,0.64503
811,147,227,270.44,0.28437
812,-265,115,288.88,0.30376
813,-146,-55,156.02,0.16405
814,204,-53,210.77,0.22163
815,352,208,408.86,0.42993
816,51,785,786.65,0.82719
817,-174,1050,1064.32,1.11916
818,-8,955,955.03,1.00424
819,-6,790,790.02,0.83073
820,-344,884,948.57,0.99745
821,-270,1070,1103.54,1.16040
822,34,1017,1017.57,1.07000
823,95,652,658.88,0.69283
824,64,412,416.94,0.43842
825,182,462,496.56,0.52214
826,518,599,791.91,0.83272
827,808,412,906.98,0.95371
828,572,8,572.06,0.60153
829,328,63,334.00,0.35120
830,300,371,477.12,0.50170
831,283,439,522.31,0.54922
832,10,194,194.26,0.20427
833,-81,-77,111.76,0.11752
834,104,191,217.48,0.22868
835,327,515,610.04,0.64148
836,195,645,673.83,0.70855
837,65,482,486.36,0.51142
838,123,417,434.76,0.45716
839,331,476,579.77,0.60965
840,533,565,776.73,0.81675
841,234,475,529.51,0.55679
842,-102,297,314.03,0.33021
843,-120,206,238.40,0.25069
844,221,231,319.69,0.33616
845,735,175,755.55,0.79448
846,858,-93,863.03,0.90749
847,541,30,541.83,0.56975
# END
# FRAME,26,RX_TS,167148475464,FP_INDEX,748.6406,FP_INT,748,RXPACC,908,RXPWR,-72.97,FP_PWR,-77.36,STD_NOISE,36.00,NTM,13,NOISE_THRESH,468.00,PEAK_IDX,750,PEAK_AMPL,16927,START,698,elapsed_s,2.5599
sample,real,imag,amplitude,amplitude_norm
698,63,51,81.06,0.08927
699,140,28,142.77,0.15724
700,77,102,127.80,0.14075
701,27,146,148.48,0.16352
702,37,185,188.66,0.20778
703,43,198,202.62,0.22314
704,71,250,259.89,0.28622
705,24,199,200.44,0.22075
706,105,193,219.71,0.24198
707,188,289,344.77,0.37970
708,146,140,202.28,0.22277
709,119,11,119.51,0.13162
710,53,-10,53.94,0.05940
711,55,118,130.19,0.14338
712,110,204,231.77,0.25525
713,98,146,175.84,0.19366
714,37,104,110.39,0.12157
715,64,84,105.60,0.11630
716,104,49,114.97,0.12661
717,271,-97,287.84,0.31700
718,299,-287,414.45,0.45644
719,293,-244,381.29,0.41993
720,200,179,268.40,0.29560
721,-13,301,301.28,0.33181
722,51,216,221.94,0.24443
723,201,85,218.23,0.24035
724,211,117,241.27,0.26571
725,152,178,234.07,0.25778
726,65,104,122.64,0.13507
727,134,39,139.56,0.15370
728,135,14,135.72,0.14948
729,70,47,84.31,0.09286
730,120,91,150.60,0.16586
731,103,112,152.16,0.16758
732,86,211,227.85,0.25094
733,127,139,188.28,0.20736
734,154,18,155.05,0.17076
735,127,168,210.60,0.23194
736,108,168,199.72,0.21996
737,100,141,172.86,0.19038
738,26,54,59.93,0.06601
739,71,-9,71.57,0.07882
740,130,25,132.38,0.14580
741,136,145,198.80,0.21894
742,115,174,208.57,0.22970
743,86,93,126.67,0.13950
744,39,27,47.43,0.05224
745,35,128,132.70,0.14614
746,62,94,112.61,0.12401
747,449,8,449.07,0.49457
748,3551,225,3558.12,3.91864
749,11935,1442,12021.80,13.23986
750,16408,2607,16613.82,18.29716
751,13852,3732,14345.93,15.79948
752,-562,2288,2356.01,2.59473
753,-10288,-670,10309.79,11.35440
754,-2811,-1352,3119.23,3.43528
755,4536,-98,4537.06,4.99676
756,1929,661,2039.11,2.24571
757,-2745,162,2749.78,3.02839
758,-2343,-304,2362.64,2.60203
759,68,-275,283.28,0.31199
760,256,-41,259.26,0.28553
761,-582,88,588.62,0.64825
762,-856,286,902.51,0.99396
763,-150,330,362.49,0.39922
764,377,276,467.23,0.51457
765,430,332,543.25,0.59830
766,389,407,563.00,0.62005
767,281,178,332.63,0.36634
768,280,6,280.06,0.30844
769,928,-250,961.08,1.05846
770,2431,-856,2577.30,2.83844
771,2962,-806,3069.70,3.38073
772,669,238,710.07,0.78202
773,-2293,934,2475.93,2.72679
774,-2328,968,2521.23,2.77669
775,366,1011,1075.21,1.18415
776,1557,944,1820.82,2.00531
777,417,298,512.54,0.56447
778,-732,-377,823.38,0.90681
779,-540,-552,772.21,0.85045
780,35,-582,583.05,0.64213
781,36,-780,780.83,0.85995
782,-302,-490,575.59,0.63391
783,-712,84,716.94,0.78958
784,-940,444,1039.58,1.14492
785,-388,634,743.30,0.81862
786,267,360,448.21,0.49362
787,745,-88,750.18,0.82619
788,830,-381,913.27,1.00580
789,23,-155,156.70,0.17257
790,-1285,203,1300.94,1.43275
791,-1559,374,1603.23,1.76568
792,-862,155,875.82,0.96456
793,-301,-294,420.76,0.46339
794,-465,-471,661.87,0.72893
795,-653,-115,663.05,0.73023
796,-460,465,654.08,0.72036
797,69,669,672.55,0.74069
798,611,163,632.37,0.69644
799,965,-197,984.90,1.08469
800,778,343,850.25,0.93640
801,-100,1097,1101.55,1.21316
802,-1125,730,1341.09,1.47697
803,-1558,-289,1584.58,1.74513
804,-936,-783,1220.32,1.34397
805,-352,-406,537.35,0.59179
806,-121,157,198.22,0.21830
807,-367,192,414.19,0.45616
808,-511,-7,511.05,0.56283
809,-337,112,355.12,0.39111
810,-93,285,299.79,0.33017
811,41,200,204.16,0.22484
812,215,-93,234.25,0.25799
813,254,5,254.05,0.27979
814,170,176,244.70,0.26949
815,-133,304,331.82,0.36544
816,-459,-174,490.87,0.54061
817,-555,-509,753.06,0.82937
818,-461,-446,641.43,0.70642
819,-297,-441,531.69,0.58556
820,-323,-631,708.87,0.78069
821,-631,-535,827.28,0.91110
822,-766,-237,801.83,0.88307
823,-524,-110,535.42,0.58967
824,-233,-103,254.75,0.28056
825,-272,34,274.12,0.30189
826,-525,371,642.86,0.70799
827,-457,626,775.06,0.85360
828,-130,610,623.70,0.68689
829,14,309,309.32,0.34066
830,-132,132,186.68,0.20559
831,-108,155,188.92,0.20806
832,97,1,97.01,0.10683
833,306,-28,307.28,0.33841
834,92,91,129.40,0.14251
835,-364,152,394.46,0.43443
836,-357,103,371.56,0.40921
837,-106,-106,149.91,0.16510
838,-57,-15,58.94,0.06491
839,-377,210,431.54,0.47527
840,-575,313,654.67,0.72100
841,-228,93,246.24,0.27119
842,143,-156,211.62,0.23307
843,143,-125,189.93,0.20918
844,-24,212,213.35,0.23497
845,-177,710,731.73,0.80587
846,-84,910,913.87,1.00646
847,-174,506,535.08,0.58930
# END
# FRAME,27,RX_TS,173538257974,FP_INDEX,748.4531,FP_INT,748,RXPACC,1259,RXPWR,-75.21,FP_PWR,-81.83,STD_NOISE,76.00,NTM,13,NOISE_THRESH,988.00,PEAK_IDX,750,PEAK_AMPL,20405,START,698,elapsed_s,2.6468
sample,real,imag,amplitude,amplitude_norm
698,102,100,142.84,0.11346
699,124,113,167.76,0.13325
700,139,21,140.58,0.11166
701,96,-30,100.58,0.07989
702,-20,53,56.65,0.04499
703,93,64,112.89,0.08967
704,115,60,129.71,0.10303
705,148,-19,149.21,0.11852
706,29,-51,58.67,0.04660
707,-32,108,112.64,0.08947
708,113,99,150.23,0.11933
709,310,142,340.98,0.27083
710,264,129,293.83,0.23338
711,134,68,150.27,0.11935
712,-11,96,96.63,0.07675
713,63,155,167.31,0.13289
714,109,208,234.83,0.18652
715,34,240,242.40,0.19253
716,55,301,305.98,0.24304
717,209,493,535.47,0.42532
718,357,585,685.33,0.54434
719,257,460,526.92,0.41853
720,31,36,47.51,0.03773
721,-11,-70,70.86,0.05628
722,94,77,121.51,0.09651
723,84,309,320.21,0.25434
724,107,238,260.95,0.20726
725,94,147,174.48,0.13859
726,256,143,293.23,0.23291
727,340,100,354.40,0.28149
728,205,163,261.90,0.20803
729,151,195,246.63,0.19589
730,102,235,256.18,0.20348
731,174,148,228.43,0.18144
732,219,35,221.78,0.17616
733,225,54,231.39,0.18379
734,76,90,117.80,0.09356
735,40,175,179.51,0.14258
736,68,54,86.83,0.06897
737,149,9,149.27,0.11856
738,275,116,298.46,0.23706
739,361,240,433.50,0.34432
740,198,248,317.35,0.25206
741,100,123,158.52,0.12591
742,73,112,133.69,0.10619
743,236,211,316.57,0.25145
744,240,215,322.22,0.25593
745,172,156,232.21,0.18444
746,115,34,119.92,0.09525
747,-283,498,572.79,0.45496
748,-3955,4401,5916.99,4.69976
749,-12516,13113,18127.36,14.39822
750,-16397,15747,22733.89,18.05710
751,-13005,9451,16076.42,12.76920
752,4057,-7705,8707.83,6.91646
753,11788,-11598,16536.95,13.13498
754,3255,-470,3288.76,2.61220
755,-4373,6105,7509.60,5.96474
756,-1845,1462,2354.03,1.86976
757,2975,-3409,4524.59,3.59380
758,2980,-2166,3684.01,2.92614
759,698,421,815.13,0.64745
760,306,376,484.78,0.38505
761,1165,-934,1493.18,1.18600
762,1193,-1178,1676.58,1.33168
763,228,-267,351.10,0.27887
764,-968,162,981.46,0.77956
765,-1555,-133,1560.68,1.23962
766,-921,-271,960.04,0.76254
767,-42,111,118.68,0.09427
768,378,445,583.87,0.46376
769,38,1300,1300.56,1.03301
770,-811,3474,3567.41,2.83352
771,-1212,3804,3992.41,3.17110
772,187,48,193.06,0.15335
773,2019,-3805,4307.48,3.42135
774,1461,-3334,3640.07,2.89124
775,-885,-327,943.48,0.74939
776,-1524,1036,1842.79,1.46369
777,127,319,343.35,0.27272
778,1450,-452,1518.82,1.20637
779,1391,-218,1407.98,1.11833
780,1220,453,1301.39,1.03367
781,1365,676,1523.22,1.20987
782,1183,156,1193.24,0.94777
783,1167,-914,1482.32,1.17738
784,663,-1419,1566.25,1.24404
785,-100,-798,804.24,0.63879
786,-265,90,279.87,0.22229
787,-32,986,986.52,0.78357
788,251,1054,1083.47,0.86058
789,687,-16,687.19,0.54582
790,1171,-1535,1930.66,1.53349
791,1214,-1870,2229.51,1.77085
792,997,-868,1321.91,1.04996
793,1001,39,1001.76,0.79568
794,1339,37,1339.51,1.06395
795,987,-619,1165.05,0.92537
796,102,-873,878.94,0.69812
797,-278,-362,456.43,0.36253
798,-16,518,518.25,0.41163
799,20,980,980.20,0.77856
800,-575,231,619.67,0.49219
801,-391,-1176,1239.30,0.98435
802,993,-1924,2165.14,1.71973
803,2231,-1339,2601.98,2.06670
804,2038,-187,2046.56,1.62555
805,1012,228,1037.37,0.82396
806,358,-147,387.01,0.30739
807,579,-584,822.37,0.65320
808,910,-583,1080.74,0.85841
809,642,-444,780.58,0.62000
810,136,-385,408.31,0.32432
811,253,-55,258.91,0.20565
812,456,457,645.59,0.51278
813,181,457,491.54,0.39042
814,-42,35,54.67,0.04342
815,309,-440,537.66,0.42706
816,1316,-380,1369.76,1.08798
817,1578,-74,1579.73,1.25475
818,1297,-132,1303.70,1.03550
819,1039,258,1070.55,0.85032
820,1156,307,1196.07,0.95002
821,1366,-143,1373.46,1.09092
822,1309,-439,1380.65,1.09663
823,833,-203,857.38,0.68100
824,523,-120,536.59,0.42620
825,594,-481,764.33,0.60709
826,484,-939,1056.40,0.83908
827,121,-814,822.94,0.65365
828,-211,-300,366.77,0.29132
829,93,-47,104.20,0.08277
830,491,-351,603.56,0.47939
831,497,-271,566.08,0.44963
832,247,323,406.62,0.32297
833,101,605,613.37,0.48719
834,181,259,315.98,0.25098
835,462,-323,563.71,0.44775
836,480,-328,581.36,0.46177
837,510,18,510.32,0.40534
838,514,-73,519.16,0.41236
839,532,-449,696.15,0.55294
840,448,-641,782.04,0.62116
841,440,-192,480.07,0.38131
842,491,383,622.71,0.49461
843,420,513,663.00,0.52661
844,185,-54,192.72,0.15307
845,-328,-688,762.19,0.60539
846,-465,-726,862.15,0.68479
847,165,-295,338.01,0.26847
# END
# FRAME,28,RX_TS,179928040530,FP_INDEX,747.7031,FP_INT,747,RXPACC,1012,RXPWR,-73.56,FP_PWR,-77.82,STD_NOISE,48.00,NTM,13,NOISE_THRESH,624.00,PEAK_IDX,749,PEAK_AMPL,18399,START,697,elapsed_s,2.7453
sample,real,imag,amplitude,amplitude_norm
697,85,24,88.32,0.08728
698,61,8,61.52,0.06079
699,93,120,151.82,0.15002
700,124,142,188.52,0.18629
701,121,68,138.80,0.13715
702,111,34,116.09,0.11471
703,133,-12,133.54,0.13196
704,177,89,198.12,0.19577
705,174,68,186.82,0.18460
706,185,6,185.10,0.18290
707,39,-6,39.46,0.03899
708,10,111,111.45,0.11013
709,68,239,248.49,0.24554
710,261,173,313.13,0.30942
711,236,118,263.86,0.26073
712,170,74,185.41,0.18321
713,91,159,183.20,0.18103
714,85,163,183.83,0.18165
715,-6,5,7.81,0.00772
716,-173,71,187.00,0.18479
717,-339,134,364.52,0.36020
718,-258,112,281.26,0.27793
719,41,68,79.40,0.07846
720,387,73,393.82,0.38915
721,139,56,149.86,0.14808
722,-34,92,98.08,0.09692
723,2,33,33.06,0.03267
724,160,61,171.23,0.16920
725,141,132,193.15,0.19085
726,96,210,230.90,0.22816
727,152,195,247.24,0.24431
728,230,50,235.37,0.23258
729,75,91,117.92,0.11653
730,14,90,91.08,0.09000
731,63,110,126.76,0.12526
732,150,137,203.15,0.20074
733,97,45,106.93,0.10566
734,145,-6,145.12,0.14340
735,182,24,183.58,0.18140
736,120,144,187.45,0.18522
737,73,235,246.08,0.24316
738,-15,175,175.64,0.17356
739,60,27,65.80,0.06501
740,33,33,46.67,0.04612
741,92,102,137.36,0.13573
742,128,190,229.09,0.22638
743,158,99,186.45,0.18424
744,125,132,181.79,0.17964
745,119,80,143.39,0.14169
746,-71,-93,117.00,0.11562
747,-1488,-2839,3205.32,3.16731
748,-5568,-11091,12410.19,12.26304
749,-7537,-16412,18059.90,17.84575
750,-5394,-15399,16316.39,16.12291
751,1953,-2092,2861.94,2.82800
752,5945,10091,11712.02,11.57314
753,1130,4614,4750.36,4.69403
754,-2622,-3504,4376.40,4.32451
755,-728,-2222,2338.22,2.31049
756,1894,2673,3276.00,3.23715
757,1358,2865,3170.55,3.13295
758,-92,410,420.20,0.41521
759,-209,-63,218.29,0.21570
760,478,760,897.82,0.88718
761,497,964,1084.58,1.07172
762,130,179,221.23,0.21860
763,225,-330,399.41,0.39467
764,651,318,724.52,0.71593
765,417,923,1012.83,1.00082
766,-258,530,589.46,0.58247
767,-382,-245,453.82,0.44843
768,-605,-704,928.25,0.91724
769,-1853,-1332,2282.07,2.25501
770,-2486,-1853,3100.61,3.06385
771,-522,-554,761.18,0.75216
772,2072,1752,2713.43,2.68125
773,2380,1982,3097.21,3.06049
774,918,-324,973.50,0.96196
775,29,-1741,1741.24,1.72059
776,149,-586,604.65,0.59748
777,287,943,985.71,0.97402
778,-127,1069,1076.52,1.06375
779,-586,663,884.85,0.87436
780,-827,695,1080.26,1.06745
781,-485,827,958.73,0.94736
782,71,851,853.96,0.84383
783,660,693,957.00,0.94565
784,989,208,1010.64,0.99865
785,634,-67,637.53,0.62997
786,-195,-67,206.19,0.20374
787,-776,-73,779.43,0.77018
788,-347,178,389.99,0.38537
789,859,931,1266.74,1.25172
790,1389,1264,1878.04,1.85577
791,855,925,1259.62,1.24469
792,11,525,525.12,0.51889
793,-180,780,800.50,0.79101
794,265,882,920.95,0.91003
795,741,350,819.50,0.80978
796,715,-153,731.19,0.72252
797,-150,-425,450.69,0.44535
798,-599,-524,795.85,0.78641
799,60,-738,740.43,0.73166
800,1261,-336,1305.00,1.28952
801,1667,820,1857.76,1.83574
802,905,1859,2067.58,2.04307
803,-32,1685,1685.30,1.66532
804,-212,805,832.45,0.82258
805,354,308,469.23,0.46367
806,574,452,730.60,0.72194
807,404,661,774.69,0.76550
808,355,545,650.42,0.64271
809,489,150,511.49,0.50542
810,332,62,337.74,0.33373
811,-75,259,269.64,0.26644
812,-228,182,291.73,0.28827
813,32,-12,34.18,0.03377
814,393,104,406.53,0.40171
815,341,727,803.00,0.79348
816,8,1224,1224.03,1.20951
817,-23,1180,1180.22,1.16623
818,-147,871,883.32,0.87284
819,-340,786,856.39,0.84623
820,-66,1036,1038.10,1.02579
821,200,1145,1162.34,1.14855
822,231,738,773.31,0.76414
823,62,411,415.65,0.41072
824,146,509,529.53,0.52325
825,600,570,827.59,0.81777
826,846,320,904.50,0.89377
827,742,48,743.55,0.73473
828,509,104,519.52,0.51336
829,372,468,597.84,0.59075
830,317,455,554.54,0.54796
831,-11,68,68.88,0.06807
832,-62,-158,169.73,0.16772
833,111,20,112.79,0.11145
834,352,286,453.54,0.44816
835,337,398,521.51,0.51533
836,123,306,329.80,0.32588
837,46,316,319.33,0.31554
838,384,447,589.29,0.58230
839,669,441,801.28,0.79177
840,486,396,626.91,0.61947
841,86,304,315.93,0.31218
842,-157,218,268.65,0.26546
843,121,199,232.90,0.23014
844,797,19,797.23,0.78777
845,1000,-177,1015.54,1.00350
846,721,11,721.08,0.71253
# END
# FRAME,29,RX_TS,186317823039,FP_INDEX,748.5937,FP_INT,748,RXPACC,1244,RXPWR,-75.14,FP_PWR,-81.62,STD_NOISE,68.00,NTM,13,NOISE_THRESH,884.00,PEAK_IDX,750,PEAK_AMPL,20099,START,698,elapsed_s,2.8595
sample,real,imag,amplitude,amplitude_norm
698,40,129,135.06,0.10857
699,75,74,105.36,0.08470
700,55,24,60.01,0.04824
701,128,90,156.47,0.12578
702,116,241,267.46,0.21500
703,132,273,303.24,0.24376
704,23,208,209.27,0.16822
705,24,102,104.79,0.08423
706,167,194,255.98,0.20577
707,276,327,427.91,0.34398
708,214,176,277.08,0.22273
709,185,26,186.82,0.15018
710,181,50,187.78,0.15095
711,16,187,187.68,0.15087
712,-22,137,138.76,0.11154
713,56,106,119.88,0.09637
714,151,100,181.11,0.14559
715,225,213,309.83,0.24906
716,290,166,334.15,0.26861
717,362,4,362.02,0.29101
718,521,-186,553.21,0.44470
719,491,-147,512.53,0.41200
720,147,217,262.10,0.21069
721,-45,194,199.15,0.16009
722,163,91,186.68,0.15007
723,289,149,325.15,0.26137
724,289,214,359.61,0.28907
725,105,139,174.20,0.14003
726,89,10,89.56,0.07199
727,147,89,171.84,0.13814
728,131,153,201.42,0.16191
729,125,146,192.20,0.15450
730,188,147,238.65,0.19184
731,173,121,211.12,0.16971
732,116,166,202.51,0.16279
733,19,218,218.83,0.17591
734,37,155,159.35,0.12810
735,153,119,193.83,0.15581
736,2,123,123.02,0.09889
737,11,59,60.02,0.04824
738,106,-77,131.02,0.10532
739,201,-65,211.25,0.16981
740,262,74,272.25,0.21885
741,130,254,285.33,0.22937
742,56,248,254.24,0.20438
743,188,49,194.28,0.15617
744,266,-6,266.07,0.21388
745,199,141,243.89,0.19605
746,78,175,191.60,0.15402
747,295,293,415.78,0.33423
748,3460,2897,4512.67,3.62755
749,12304,10727,16323.51,13.12179
750,16400,15394,22493.00,18.08119
751,12039,14016,18476.63,14.85260
752,-5184,-817,5247.98,4.21864
753,-12735,-10661,16608.35,13.35076
754,-2593,-4589,5270.92,4.23707
755,6006,3871,7145.40,5.74389
756,2734,2893,3980.48,3.19974
757,-3000,-2051,3634.09,2.92129
758,-2799,-2874,4011.77,3.22489
759,106,-669,677.35,0.54449
760,584,34,584.99,0.47025
761,-696,-633,940.80,0.75627
762,-1262,-388,1320.30,1.06133
763,-868,923,1267.03,1.01851
764,-793,1457,1658.82,1.33346
765,-616,503,795.28,0.63929
766,198,-588,620.44,0.49875
767,781,-558,959.86,0.77159
768,491,347,601.24,0.48331
769,826,775,1132.65,0.91049
770,2945,804,3052.78,2.45400
771,4059,962,4171.44,3.35325
772,974,344,1032.96,0.83036
773,-3180,-997,3332.63,2.67896
774,-3496,-1045,3648.84,2.93315
775,-557,975,1122.89,0.90264
776,1097,2053,2327.71,1.87115
777,378,709,803.47,0.64588
778,-627,-925,1117.48,0.89829
779,-327,-1320,1359.90,1.09317
780,535,-922,1065.98,0.85690
781,859,-1150,1435.40,1.15386
782,344,-946,1006.60,0.80917
783,-583,-702,912.52,0.73354
784,-1233,-328,1275.88,1.02563
785,-843,204,867.33,0.69721
786,-285,100,302.03,0.24279
787,771,-128,781.55,0.62826
788,1383,-80,1385.31,1.11359
789,393,-127,413.01,0.33200
790,-1593,-748,1759.87,1.41469
791,-2193,-1129,2466.55,1.98276
792,-1140,-864,1430.42,1.14985
793,-56,-539,541.90,0.43561
794,-15,-657,657.17,0.52827
795,-588,-725,933.47,0.75038
796,-845,-106,851.62,0.68458
797,-413,552,689.40,0.55418
798,415,614,741.09,0.59574
799,1048,375,1113.07,0.89475
800,501,795,939.69,0.75538
801,-992,813,1282.59,1.03102
802,-2069,-298,2090.35,1.68035
803,-1458,-1898,2393.36,1.92392
804,-184,-2061,2069.20,1.66334
805,303,-966,1012.41,0.81383
806,-193,-95,215.11,0.17292
807,-608,-229,649.70,0.52226
808,-540,-503,737.98,0.59323
809,-387,-254,462.91,0.37211
810,-502,146,522.80,0.42026
811,-304,36,306.12,0.24608
812,279,-243,369.99,0.29742
813,407,-41,409.06,0.32883
814,17,246,246.59,0.19822
815,-365,113,382.09,0.30715
816,-423,-858,956.60,0.76898
817,-126,-1221,1227.48,0.98672
818,-160,-1176,1186.83,0.95405
819,98,-953,958.03,0.77012
820,328,-979,1032.48,0.82997
821,22,-1109,1109.22,0.89165
822,-505,-1086,1197.67,0.96276
823,-256,-702,747.22,0.60066
824,-65,-451,455.66,0.36629
825,-214,-348,408.53,0.32840
826,-674,-226,710.88,0.57145
827,-747,191,771.03,0.61980
828,-362,393,534.32,0.42951
829,-160,57,169.85,0.13654
830,-257,-241,352.32,0.28322
831,-81,-113,139.03,0.11176
832,383,209,436.31,0.35073
833,559,389,681.03,0.54745
834,92,44,101.98,0.08198
835,-219,-264,343.01,0.27573
836,-171,-363,401.26,0.32256
837,57,-271,276.93,0.22261
838,-42,-152,157.70,0.12677
839,-498,-109,509.79,0.40980
840,-679,-162,698.06,0.56114
841,-289,-113,310.31,0.24944
842,246,-147,286.57,0.23037
843,434,-167,465.02,0.37381
844,87,39,95.34,0.07664
845,-641,561,851.82,0.68474
846,-702,901,1142.19,0.91816
847,-411,414,583.37,0.46894
# END
# FRAME,30,RX_TS,192707605593,FP_INDEX,747.8906,FP_INT,747,RXPACC,987,RXPWR,-72.46,FP_PWR,-78.27,STD_NOISE,52.00,NTM,13,NOISE_THRESH,676.00,PEAK_IDX,749,PEAK_AMPL,17801,START,697,elapsed_s,2.9625
sample,real,imag,amplitude,amplitude_norm
697,63,102,119.89,0.12147
698,128,130,182.44,0.18484
699,101,159,188.37,0.19085
700,30,122,125.63,0.12729
701,-25,76,80.01,0.08106
702,106,79,132.20,0.13394
703,6,128,128.14,0.12983
704,47,78,91.07,0.09227
705,8,113,113.28,0.11477
706,130,189,229.39,0.23241
707,29,178,180.35,0.18272
708,83,86,119.52,0.12109
709,101,-39,108.27,0.10969
710,102,-24,104.79,0.10617
711,-26,74,78.43,0.07947
712,82,92,123.24,0.12486
713,147,92,173.42,0.17570
714,153,92,178.53,0.18088
715,157,138,209.03,0.21178
716,320,197,375.78,0.38073
717,478,97,487.74,0.49417
718,520,120,533.67,0.54070
719,220,154,268.54,0.27208
720,-84,228,242.98,0.24618
721,-113,157,193.44,0.19599
722,107,152,185.88,0.18833
723,159,167,230.59,0.23362
724,79,195,210.39,0.21317
725,3,84,84.05,0.08516
726,117,-4,117.07,0.11861
727,129,46,136.96,0.13876
728,126,132,182.48,0.18489
729,172,113,205.80,0.20851
730,145,34,148.93,0.15089
731,52,-27,58.59,0.05936
732,-40,-61,72.95,0.07391
733,39,123,129.03,0.13073
734,182,150,235.85,0.23895
735,31,51,59.68,0.06047
736,-67,73,99.09,0.10039
737,163,45,169.10,0.17132
738,308,-16,308.42,0.31248
739,217,105,241.07,0.24424
740,69,147,162.39,0.16453
741,-39,137,142.44,0.14432
742,88,81,119.60,0.12118
743,192,61,201.46,0.20411
744,143,51,151.82,0.15382
745,44,82,93.06,0.09428
746,91,269,283.98,0.28772
747,932,1992,2199.25,2.22821
748,4130,9776,10612.59,10.75237
749,6114,16414,17515.72,17.74642
750,4560,16020,16656.35,16.87573
751,-1754,2036,2687.34,2.72274
752,-5556,-11598,12860.12,13.02951
753,-1519,-6905,7070.10,7.16323
754,2699,3752,4621.92,4.68279
755,1701,4143,4478.60,4.53759
756,-1007,-1691,1968.13,1.99405
757,-1166,-3437,3629.40,3.67720
758,171,-940,955.43,0.96801
759,532,385,656.70,0.66534
760,-57,-506,509.20,0.51591
761,-294,-1260,1293.85,1.31089
762,170,-744,763.17,0.77323
763,493,292,572.99,0.58053
764,128,897,906.09,0.91802
765,-399,933,1014.74,1.02810
766,-232,466,520.56,0.52741
767,130,-42,136.62,0.13842
768,588,171,612.36,0.62043
769,1537,1436,2103.44,2.13115
770,2361,2515,3449.57,3.49501
771,930,1150,1478.99,1.49847
772,-1520,-1634,2231.67,2.26107
773,-2276,-2398,3306.14,3.34969
774,-1092,-48,1093.05,1.10745
775,-130,1772,1776.76,1.80016
776,54,892,893.63,0.90540
777,161,-808,823.88,0.83474
778,358,-1053,1112.19,1.12684
779,596,-347,689.66,0.69874
780,685,-354,771.06,0.78122
781,483,-720,867.00,0.87842
782,120,-927,934.73,0.94705
783,-402,-782,879.28,0.89086
784,-654,121,665.10,0.67386
785,-545,246,597.95,0.60582
786,173,57,182.15,0.18455
787,849,143,860.96,0.87230
788,530,59,533.27,0.54030
789,-547,-816,982.38,0.99532
790,-1215,-1569,1984.44,2.01057
791,-656,-1352,1502.74,1.52254
792,190,-660,686.80,0.69585
793,433,-662,791.03,0.80145
794,-23,-967,967.27,0.98001
795,-657,-651,924.91,0.93709
796,-583,-5,583.02,0.59070
797,186,339,386.67,0.39177
798,722,397,823.95,0.83480
799,322,627,704.85,0.71413
800,-834,438,942.02,0.95443
801,-1386,-652,1531.70,1.55187
802,-658,-1766,1884.60,1.90942
803,517,-1779,1852.60,1.87700
804,604,-894,1078.91,1.09312
805,-40,-207,210.83,0.21361
806,-366,-243,439.32,0.44511
807,-211,-694,725.37,0.73492
808,-57,-552,554.94,0.56224
809,-217,-187,286.46,0.29023
810,-171,18,171.94,0.17421
811,293,-10,293.17,0.29703
812,477,118,491.38,0.49785
813,178,151,233.42,0.23649
814,-130,-17,131.11,0.13283
815,-84,-664,669.29,0.67811
816,357,-976,1039.24,1.05293
817,332,-970,1025.24,1.03875
818,277,-644,701.05,0.71028
819,496,-537,731.02,0.74064
820,517,-659,837.60,0.84863
821,215,-904,929.22,0.94145
822,76,-682,686.22,0.69526
823,104,-376,390.12,0.39526
824,23,-356,356.74,0.36144
825,-265,-491,557.95,0.56530
826,-548,-233,595.48,0.60332
827,-490,167,517.68,0.52449
828,-209,187,280.45,0.28414
829,-159,-139,211.19,0.21397
830,-16,-327,327.39,0.33170
831,337,-19,337.54,0.34198
832,469,275,543.68,0.55084
833,271,241,362.66,0.36744
834,-46,-96,106.45,0.10785
835,-148,-442,466.12,0.47226
836,85,-262,275.44,0.27907
837,92,-152,177.67,0.18001
838,-222,-216,309.74,0.31382
839,-394,-403,563.60,0.57102
840,-230,-321,394.89,0.40009
841,179,-87,199.02,0.20164
842,329,44,331.93,0.33630
843,160,-47,166.76,0.16896
844,-468,-21,468.47,0.47464
845,-827,202,851.31,0.86253
846,-534,109,545.01,0.55219
# END
# FRAME,31,RX_TS,199097388134,FP_INDEX,748.7969,FP_INT,748,RXPACC,1178,RXPWR,-74.44,FP_PWR,-80.38,STD_NOISE,72.00,NTM,13,NOISE_THRESH,936.00,PEAK_IDX,750,PEAK_AMPL,19662,START,698,elapsed_s,3.0431
sample,real,imag,amplitude,amplitude_norm
698,231,230,325.98,0.27672
699,217,90,234.92,0.19943
700,173,70,186.63,0.15843
701,239,107,261.86,0.22229
702,71,142,158.76,0.13477
703,-13,99,99.85,0.08476
704,-52,-64,82.46,0.07000
705,119,-59,132.82,0.11275
706,117,1,117.00,0.09932
707,-31,98,102.79,0.08725
708,-12,151,151.48,0.12859
709,132,232,266.92,0.22659
710,341,127,363.88,0.30890
711,178,-38,182.01,0.15451
712,101,-90,135.28,0.11484
713,20,105,106.89,0.09074
714,47,241,245.54,0.20844
715,100,173,199.82,0.16963
716,94,144,171.97,0.14598
717,163,370,404.31,0.34322
718,258,549,606.60,0.51494
719,173,518,546.13,0.46360
720,153,130,200.77,0.17043
721,27,-117,120.07,0.10193
722,-18,7,19.31,0.01639
723,71,237,247.41,0.21002
724,6,222,222.08,0.18852
725,92,157,181.97,0.15447
726,173,153,230.95,0.19605
727,232,170,287.62,0.24416
728,214,171,273.93,0.23254
729,158,188,245.58,0.20847
730,112,126,168.58,0.14311
731,128,102,163.67,0.13894
732,162,30,164.75,0.13986
733,176,-74,190.92,0.16207
734,120,56,132.42,0.11241
735,104,129,165.70,0.14066
736,42,75,85.96,0.07297
737,101,34,106.57,0.09047
738,267,186,325.40,0.27623
739,338,296,449.29,0.38140
740,293,206,358.17,0.30405
741,106,-52,118.07,0.10023
742,77,1,77.01,0.06537
743,97,122,155.86,0.13231
744,157,194,249.57,0.21186
745,142,163,216.18,0.18351
746,108,142,178.40,0.15145
747,-84,243,257.11,0.21826
748,-2210,2125,3065.90,2.60263
749,-10419,8740,13599.38,11.54447
750,-16406,12765,20787.06,17.64606
751,-15815,10186,18811.40,15.96893
752,-866,-2823,2952.84,2.50666
753,11945,-10501,15904.53,13.50130
754,6672,-3288,7438.18,6.31425
755,-3638,4794,6018.10,5.10874
756,-3544,2965,4620.73,3.92252
757,2108,-2124,2992.50,2.54032
758,3649,-2474,4408.61,3.74246
759,1166,18,1166.14,0.98993
760,-1,627,627.00,0.53226
761,902,-556,1059.59,0.89949
762,1532,-1320,2022.23,1.71667
763,1011,-1331,1671.43,1.41887
764,615,-1354,1487.13,1.26242
765,712,-1215,1408.25,1.19546
766,468,-365,593.51,0.50382
767,-14,668,668.15,0.56719
768,-251,551,605.48,0.51399
769,-180,432,468.00,0.39728
770,-569,2190,2262.71,1.92081
771,-1330,3747,3976.04,3.37525
772,-590,1505,1616.52,1.37225
773,1541,-2380,2835.33,2.40690
774,2023,-3327,3893.77,3.30541
775,-178,-973,989.15,0.83968
776,-1707,760,1868.54,1.58620
777,-695,445,825.26,0.70056
778,1028,-90,1031.93,0.87600
779,1414,42,1414.62,1.20087
780,1037,713,1258.47,1.06831
781,931,974,1347.38,1.14379
782,960,408,1043.10,0.88549
783,1048,-455,1142.51,0.96987
784,1096,-1147,1586.45,1.34673
785,279,-806,852.92,0.72404
786,-39,-300,302.52,0.25681
787,-38,754,754.96,0.64088
788,13,1454,1454.06,1.23434
789,198,767,792.14,0.67245
790,933,-955,1335.11,1.13337
791,1327,-2003,2402.69,2.03964
792,1209,-1334,1800.34,1.52831
793,852,-109,858.94,0.72915
794,906,205,928.90,0.78854
795,902,-362,971.93,0.82507
796,516,-905,1041.77,0.88435
797,-28,-752,752.52,0.63881
798,-160,231,281.00,0.23854
799,-322,1105,1150.96,0.97705
800,-658,663,934.09,0.79295
801,-605,-913,1095.26,0.92976
802,488,-1898,1959.73,1.66361
803,1954,-1273,2332.09,1.97970
804,2239,-95,2241.01,1.90239
805,1270,368,1322.24,1.12245
806,500,-17,500.29,0.42469
807,518,-391,649.00,0.55094
808,783,-297,837.44,0.71090
809,631,-225,669.91,0.56869
810,266,-386,468.78,0.39794
811,315,-226,387.69,0.32911
812,418,197,462.10,0.39227
813,145,416,440.55,0.37398
814,-6,144,144.12,0.12235
815,197,-189,273.00,0.23175
816,904,-190,923.75,0.78417
817,1349,168,1359.42,1.15401
818,1240,190,1254.47,1.06492
819,934,324,988.60,0.83922
820,979,522,1109.47,0.94183
821,1155,292,1191.34,1.01132
822,1071,-265,1103.30,0.93659
823,767,-270,813.14,0.69027
824,590,60,593.04,0.50343
825,669,-103,676.88,0.57460
826,672,-525,852.77,0.72391
827,297,-706,765.93,0.65019
828,-17,-444,444.33,0.37719
829,96,-79,124.33,0.10554
830,424,-174,458.31,0.38906
831,348,-193,397.94,0.33781
832,145,217,260.99,0.22155
833,59,593,595.93,0.50588
834,286,253,381.84,0.32415
835,442,-262,513.82,0.43618
836,571,-280,635.96,0.53986
837,540,72,544.78,0.46246
838,534,178,562.89,0.47783
839,494,-232,545.77,0.46330
840,569,-574,808.23,0.68610
841,443,-287,527.84,0.44808
842,294,209,360.72,0.30621
843,198,423,467.05,0.39647
844,135,162,210.88,0.17901
845,-101,-547,556.25,0.47220
846,-391,-766,860.02,0.73007
847,-34,-498,499.16,0.42373
# END
# FRAME,32,RX_TS,205487170675,FP_INDEX,748.6719,FP_INT,748,RXPACC,929,RXPWR,-72.16,FP_PWR,-77.82,STD_NOISE,48.00,NTM,13,NOISE_THRESH,624.00,PEAK_IDX,750,PEAK_AMPL,17247,START,698,elapsed_s,3.1786
sample,real,imag,amplitude,amplitude_norm
698,99,111,148.73,0.16010
699,108,104,149.93,0.16139
700,70,104,125.36,0.13494
701,67,92,113.81,0.12251
702,53,89,103.59,0.11150
703,-7,170,170.14,0.18315
704,14,105,105.93,0.11402
705,9,-46,46.87,0.05045
706,43,31,53.01,0.05706
707,24,181,182.58,0.19654
708,55,78,95.44,0.10274
709,130,-4,130.06,0.14000
710,122,-28,125.17,0.13474
711,51,15,53.16,0.05722
712,83,81,115.97,0.12484
713,195,49,201.06,0.21643
714,223,53,229.21,0.24673
715,157,108,190.56,0.20512
716,228,188,295.51,0.31810
717,289,134,318.55,0.34290
718,406,106,419.61,0.45168
719,392,126,411.75,0.44322
720,75,101,125.80,0.13542
721,-83,136,159.33,0.17150
722,109,149,184.61,0.19872
723,189,265,325.49,0.35037
724,73,194,207.28,0.22312
725,-39,101,108.27,0.11654
726,13,2,13.15,0.01416
727,168,58,177.73,0.19131
728,162,132,208.97,0.22494
729,96,94,134.36,0.14463
730,103,35,108.78,0.11710
731,91,45,101.52,0.10928
732,29,98,102.20,0.11001
733,23,60,64.26,0.06917
734,72,25,76.22,0.08204
735,75,149,166.81,0.17956
736,89,106,138.41,0.14899
737,93,52,106.55,0.11469
738,138,72,155.65,0.16755
739,246,76,257.47,0.27715
740,171,106,201.19,0.21657
741,88,66,110.00,0.11841
742,31,87,92.36,0.09942
743,125,104,162.61,0.17503
744,208,111,235.76,0.25378
745,167,70,181.08,0.19492
746,86,33,92.11,0.09915
747,103,236,257.50,0.27718
748,929,2867,3013.76,3.24409
749,3089,11434,11843.91,12.74910
750,3808,16413,16848.96,18.13666
751,1840,14303,14420.87,15.52300
752,-2661,-1771,3196.46,3.44075
753,-3528,-11833,12347.74,13.29143
754,64,-4375,4375.47,4.70987
755,2201,4710,5198.89,5.59623
756,753,3073,3163.91,3.40572
757,-928,-2455,2624.54,2.82512
758,-562,-3019,3070.86,3.30556
759,385,-393,550.16,0.59220
760,415,294,508.59,0.54746
761,-44,-771,772.25,0.83128
762,-501,-1297,1390.40,1.49666
763,-714,-705,1003.40,1.08009
764,-854,-44,855.13,0.92049
765,-835,282,881.33,0.94869
766,-356,185,401.20,0.43186
767,123,82,147.83,0.15913
768,254,-65,262.19,0.28222
769,484,414,636.91,0.68558
770,1609,1742,2371.38,2.55262
771,2102,2543,3299.28,3.55143
772,590,797,991.62,1.06741
773,-1474,-2078,2547.70,2.74241
774,-1746,-2425,2988.17,3.21654
775,-856,77,859.46,0.92514
776,-264,1513,1535.86,1.65324
777,83,544,550.30,0.59235
778,341,-731,806.62,0.86827
779,490,-814,950.10,1.02272
780,565,-328,653.31,0.70324
781,928,-315,980.00,1.05490
782,801,-460,923.69,0.99428
783,310,-667,735.52,0.79173
784,-451,-618,765.07,0.82354
785,-637,-91,643.47,0.69264
786,-177,124,216.11,0.23263
787,625,235,667.72,0.71875
788,997,454,1095.50,1.17923
789,432,47,434.55,0.46776
790,-585,-924,1093.62,1.17720
791,-937,-1578,1835.23,1.97548
792,-446,-1167,1249.32,1.34480
793,238,-524,575.52,0.61950
794,402,-474,621.51,0.66901
795,-33,-777,777.70,0.83714
796,-561,-511,758.84,0.81684
797,-475,61,478.90,0.51550
798,262,498,562.71,0.60572
799,673,803,1047.73,1.12780
800,46,833,834.27,0.89803
801,-1006,215,1028.72,1.10734
802,-1163,-1044,1562.85,1.68229
803,-214,-1784,1796.79,1.93411
804,771,-1326,1533.86,1.65108
805,706,-541,889.45,0.95742
806,52,-252,257.31,0.27697
807,-201,-457,499.25,0.53741
808,-82,-649,654.16,0.70415
809,-106,-488,499.38,0.53755
810,-227,-94,245.69,0.26447
811,-86,43,96.15,0.10350
812,321,88,332.84,0.35828
813,377,53,380.71,0.40980
814,153,8,153.21,0.16492
815,-55,-125,136.57,0.14700
816,304,-652,719.39,0.77437
817,505,-802,947.75,1.02018
818,424,-770,879.02,0.94620
819,602,-587,840.82,0.90508
820,820,-477,948.65,1.02115
821,617,-620,874.69,0.94154
822,243,-693,734.37,0.79049
823,134,-417,438.00,0.47148
824,169,-200,261.84,0.28185
825,30,-317,318.42,0.34275
826,-224,-521,567.11,0.61046
827,-461,-302,551.11,0.59323
828,-380,131,401.95,0.43267
829,-175,173,246.08,0.26488
830,-60,-212,220.33,0.23717
831,87,-369,379.12,0.40809
832,277,49,281.30,0.30280
833,291,444,530.86,0.57144
834,73,158,174.05,0.18735
835,-138,-229,267.37,0.28780
836,-83,-338,348.04,0.37464
837,55,-288,293.20,0.31561
838,51,-184,190.94,0.20553
839,-91,-289,302.99,0.32614
840,-211,-472,517.02,0.55653
841,-96,-347,360.03,0.38755
842,224,-162,276.44,0.29757
843,410,-35,411.49,0.44294
844,182,-12,182.40,0.19633
845,-487,50,489.56,0.52698
846,-772,166,789.65,0.85000
847,-473,-23,473.56,0.50975
# END
# FRAME,33,RX_TS,211876953238,FP_INDEX,749.6094,FP_INT,749,RXPACC,1214,RXPWR,-75.99,FP_PWR,-80.61,STD_NOISE,72.00,NTM,13,NOISE_THRESH,936.00,PEAK_IDX,751,PEAK_AMPL,20065,START,699,elapsed_s,3.2272
sample,real,imag,amplitude,amplitude_norm
699,-26,121,123.76,0.10195
700,34,197,199.91,0.16467
701,201,162,258.16,0.21265
702,273,112,295.08,0.24307
703,194,8,194.16,0.15994
704,202,-32,204.52,0.16847
705,240,-17,240.60,0.19819
706,234,-48,238.87,0.19676
707,201,10,201.25,0.16577
708,111,33,115.80,0.09539
709,100,109,147.92,0.12185
710,70,233,243.29,0.20040
711,85,254,267.85,0.22063
712,65,123,139.12,0.11460
713,170,59,179.95,0.14823
714,222,10,222.23,0.18305
715,40,145,150.42,0.12390
716,-59,126,139.13,0.11460
717,3,25,25.18,0.02074
718,-201,128,238.30,0.19629
719,-359,289,460.87,0.37963
720,-324,263,417.31,0.34375
721,122,31,125.88,0.10369
722,435,-22,435.56,0.35878
723,278,130,306.89,0.25280
724,4,54,54.15,0.04460
725,-38,-27,46.62,0.03840
726,177,66,188.90,0.15561
727,145,251,289.87,0.23877
728,-8,231,231.14,0.19039
729,58,157,167.37,0.13787
730,193,94,214.67,0.17683
731,166,137,215.23,0.17729
732,189,170,254.21,0.20940
733,186,153,240.84,0.19839
734,229,151,274.30,0.22595
735,251,86,265.32,0.21855
736,230,19,230.78,0.19010
737,218,76,230.87,0.19017
738,239,144,279.03,0.22984
739,108,330,347.22,0.28602
740,50,345,348.60,0.28715
741,-9,86,86.47,0.07123
742,86,19,88.07,0.07255
743,135,-24,137.12,0.11295
744,76,23,79.40,0.06541
745,11,53,54.13,0.04459
746,89,182,202.60,0.16688
747,242,231,334.55,0.27558
748,-148,-202,250.42,0.20627
749,-3371,-3287,4708.29,3.87833
750,-11114,-11678,16121.31,13.27950
751,-14274,-16395,21738.06,17.90614
752,-10407,-14968,18230.38,15.01679
753,3316,-762,3402.43,2.80266
754,10010,9870,14057.63,11.57960
755,1289,3436,3669.83,3.02292
756,-4716,-3746,6022.72,4.96106
757,-1009,-1729,2001.88,1.64899
758,3209,2772,4240.48,3.49298
759,2191,2645,3434.60,2.82916
760,-190,500,534.88,0.44060
761,-252,174,306.24,0.25225
762,817,951,1253.75,1.03274
763,991,1195,1552.45,1.27879
764,574,397,697.91,0.57489
765,684,-154,701.12,0.57753
766,1162,-72,1164.23,0.95900
767,767,207,794.44,0.65440
768,-137,213,253.25,0.20861
769,-443,-150,467.71,0.38526
770,-1056,-604,1216.53,1.00209
771,-2856,-1068,3049.16,2.51166
772,-3382,-1236,3600.78,2.96605
773,-413,-157,441.83,0.36395
774,3065,1560,3439.16,2.83292
775,3099,1266,3347.62,2.75751
776,607,-1059,1220.63,1.00546
777,-615,-2041,2131.64,1.75588
778,3,-432,432.01,0.35586
779,481,1140,1237.32,1.01921
780,62,1086,1087.77,0.89602
781,-481,686,837.83,0.69014
782,-373,1043,1107.69,0.91243
783,133,1190,1197.41,0.98633
784,671,1190,1366.14,1.12532
785,1020,756,1269.62,1.04582
786,909,-109,915.51,0.75413
787,381,-343,512.65,0.42228
788,-476,-330,579.20,0.47710
789,-1012,-295,1054.12,0.86830
790,-162,215,269.20,0.22175
791,1581,1062,1904.57,1.56884
792,2135,1279,2488.79,2.05007
793,1323,925,1614.30,1.32973
794,300,687,749.65,0.61750
795,293,899,945.54,0.77887
796,980,831,1284.90,1.05840
797,1370,320,1406.88,1.15888
798,684,-326,757.71,0.62415
799,-696,-366,786.37,0.64775
800,-1254,-412,1319.95,1.08727
801,-224,-855,883.86,0.72805
802,1500,-713,1660.83,1.36807
803,2270,653,2362.06,1.94568
804,1498,1902,2421.08,1.99430
805,264,1812,1831.13,1.50834
806,14,1006,1006.10,0.82875
807,468,401,616.30,0.50766
808,766,569,954.21,0.78601
809,697,830,1083.84,0.89278
810,660,476,813.74,0.67030
811,683,114,692.45,0.57039
812,253,271,370.74,0.30539
813,-146,424,448.43,0.36938
814,-88,236,251.87,0.20747
815,156,106,188.61,0.15536
816,335,259,423.45,0.34880
817,408,1003,1082.81,0.89193
818,301,1371,1403.65,1.15622
819,230,1132,1155.13,0.95151
820,-6,980,980.02,0.80726
821,-128,1159,1166.05,0.96050
822,315,1333,1369.71,1.12826
823,532,1078,1202.13,0.99022
824,334,635,717.48,0.59101
825,105,519,529.51,0.43617
826,369,574,682.38,0.56209
827,902,350,967.52,0.79697
828,931,-11,931.07,0.76694
829,615,-259,667.31,0.54968
830,432,16,432.30,0.35609
831,572,341,665.93,0.54854
832,444,441,625.79,0.51548
833,-99,268,285.70,0.23534
834,-298,155,335.90,0.27669
835,55,258,263.80,0.21730
836,543,388,667.38,0.54973
837,580,396,702.29,0.57850
838,348,362,502.14,0.41363
839,310,540,622.66,0.51290
840,625,643,896.70,0.73863
841,940,592,1110.88,0.91506
842,595,339,684.80,0.56408
843,24,289,289.99,0.23888
844,-246,273,367.48,0.30271
845,288,180,339.62,0.27976
846,1012,-302,1056.10,0.86993
847,1114,-514,1226.86,1.01060
848,822,62,824.33,0.67902
# END
# FRAME,34,RX_TS,218266735799,FP_INDEX,749.7344,FP_INT,749,RXPACC,962,RXPWR,-72.31,FP_PWR,-78.10,STD_NOISE,48.00,NTM,13,NOISE_THRESH,624.00,PEAK_IDX,751,PEAK_AMPL,17657,START,699,elapsed_s,3.3423
sample,real,imag,amplitude,amplitude_norm
699,92,110,143.40,0.14907
700,143,66,157.50,0.16372
701,83,31,88.60,0.09210
702,113,130,172.25,0.17905
703,121,118,169.01,0.17569
704,122,90,151.60,0.15759
705,162,71,176.88,0.18386
706,100,76,125.60,0.13056
707,142,27,144.54,0.15025
708,171,6,171.11,0.17786
709,130,60,143.18,0.14883
710,64,195,205.23,0.21334
711,-5,251,251.05,0.26097
712,131,161,207.56,0.21576
713,171,143,222.91,0.23172
714,102,76,127.20,0.13223
715,37,87,94.54,0.09828
716,110,14,110.89,0.11527
717,50,16,52.50,0.05457
718,-163,10,163.31,0.16976
719,-339,128,362.36,0.37667
720,-214,163,269.01,0.27963
721,180,122,217.45,0.22604
722,352,91,363.57,0.37793
723,228,-1,228.00,0.23701
724,9,-44,44.91,0.04669
725,88,-78,117.59,0.12224
726,147,56,157.31,0.16352
727,80,132,154.35,0.16045
728,-2,209,209.01,0.21727
729,-22,158,159.52,0.16583
730,67,112,130.51,0.13567
731,89,123,151.82,0.15782
732,35,96,102.18,0.10622
733,52,137,146.54,0.15233
734,63,137,150.79,0.15675
735,137,159,209.88,0.21817
736,193,114,224.15,0.23301
737,250,109,272.73,0.28350
738,229,146,271.58,0.28231
739,144,146,205.07,0.21317
740,-6,237,237.08,0.24644
741,14,125,125.78,0.13075
742,70,70,98.99,0.10291
743,162,-37,166.17,0.17274
744,83,67,106.67,0.11088
745,39,200,203.77,0.21182
746,20,155,156.29,0.16246
747,112,129,170.84,0.17758
748,30,-185,187.42,0.19482
749,-745,-2596,2700.79,2.80747
750,-3389,-10954,11466.27,11.91920
751,-4533,-16401,17015.90,17.68805
752,-2701,-14639,14886.09,15.47411
753,2693,1196,2946.64,3.06303
754,4562,12331,13147.83,13.66718
755,575,5228,5259.53,5.46728
756,-2188,-4622,5113.73,5.31573
757,-727,-3401,3477.83,3.61521
758,1288,2609,2909.61,3.02454
759,1039,3540,3689.33,3.83506
760,-108,842,848.90,0.88243
761,-254,-134,287.18,0.29852
762,267,863,903.36,0.93904
763,330,1119,1166.65,1.21273
764,81,108,135.00,0.14033
765,285,-668,726.26,0.75494
766,845,-280,890.18,0.92535
767,922,426,1015.66,1.05578
768,214,486,531.03,0.55201
769,-172,117,208.02,0.21624
770,-439,-509,672.16,0.69871
771,-1319,-1500,1997.44,2.07634
772,-1815,-2076,2757.54,2.86646
773,-475,-446,651.57,0.67731
774,1641,2182,2730.20,2.83805
775,2017,2502,3213.77,3.34071
776,880,180,898.22,0.93370
777,210,-1287,1304.02,1.35553
778,38,-278,280.59,0.29167
779,-95,1022,1026.41,1.06695
780,-347,1188,1237.64,1.28653
781,-563,719,913.20,0.94927
782,-572,581,815.32,0.84752
783,-280,651,708.66,0.73665
784,170,978,992.67,1.03188
785,659,1158,1332.38,1.38501
786,821,560,993.80,1.03306
787,552,173,578.47,0.60133
788,-211,-88,228.62,0.23765
789,-597,-384,709.83,0.73787
790,-168,73,183.17,0.19041
791,773,1310,1521.06,1.58115
792,1276,1980,2355.54,2.44859
793,878,1565,1794.47,1.86535
794,176,861,878.80,0.91352
795,-134,762,773.69,0.80425
796,263,979,1013.71,1.05375
797,890,784,1186.07,1.23292
798,855,222,883.35,0.91824
799,10,-168,168.30,0.17495
800,-578,-487,755.81,0.78567
801,76,-654,658.40,0.68441
802,1257,-118,1262.53,1.31240
803,1473,1092,1833.63,1.90606
804,543,1997,2069.51,2.15125
805,-533,1643,1727.29,1.79552
806,-503,819,961.13,0.99910
807,187,450,487.31,0.50656
808,400,611,730.29,0.75914
809,188,862,882.26,0.91711
810,250,627,675.00,0.70167
811,433,292,522.26,0.54289
812,348,248,427.33,0.44421
813,-6,285,285.06,0.29632
814,-96,196,218.25,0.22687
815,108,43,116.25,0.12084
816,367,172,405.31,0.42132
817,184,733,755.74,0.78559
818,-225,1015,1039.64,1.08071
819,-190,1007,1024.77,1.06525
820,-290,791,842.48,0.87576
821,-471,750,885.63,0.92061
822,-338,1014,1068.85,1.11107
823,-17,1120,1120.13,1.16438
824,215,832,859.33,0.89328
825,130,552,567.10,0.58950
826,150,657,673.91,0.70053
827,465,749,881.60,0.91643
828,725,476,867.30,0.90155
829,597,111,607.23,0.63122
830,324,5,324.04,0.33684
831,242,396,464.09,0.48242
832,234,536,584.85,0.60795
833,-27,202,203.80,0.21185
834,-221,-153,268.79,0.27941
835,99,63,117.35,0.12198
836,428,538,687.48,0.71464
837,467,660,808.51,0.84045
838,186,545,575.87,0.59861
839,-23,403,403.66,0.41960
840,205,360,414.28,0.43064
841,450,574,729.37,0.75818
842,336,536,632.61,0.65760
843,-38,288,290.50,0.30197
844,-234,156,281.23,0.29234
845,60,168,178.39,0.18544
846,757,196,781.96,0.81285
847,1075,14,1075.09,1.11756
848,675,192,701.78,0.72950
# END
# FRAME,35,RX_TS,224656518370,FP_INDEX,750.7187,FP_INT,750,RXPACC,1110,RXPWR,-73.96,FP_PWR,-79.73,STD_NOISE,56.00,NTM,13,NOISE_THRESH,728.00,PEAK_IDX,752,PEAK_AMPL,19121,START,700,elapsed_s,3.4562
sample,real,imag,amplitude,amplitude_norm
700,159,25,160.95,0.14500
701,216,93,235.17,0.21187
702,153,148,212.87,0.19177
703,111,183,214.03,0.19282
704,114,202,231.95,0.20896
705,164,94,189.03,0.17030
706,158,148,216.49,0.19504
707,52,286,290.69,0.26188
708,60,248,255.15,0.22987
709,215,113,242.89,0.21882
710,159,65,171.77,0.15475
711,14,38,40.50,0.03648
712,-68,119,137.06,0.12348
713,36,186,189.45,0.17068
714,199,253,321.89,0.28999
715,159,195,251.61,0.22667
716,147,119,189.13,0.17039
717,54,96,110.15,0.09923
718,120,-12,120.60,0.10865
719,142,-159,213.18,0.19205
720,-16,-293,293.44,0.26436
721,63,-227,235.58,0.21223
722,215,168,272.85,0.24581
723,189,478,514.01,0.46307
724,65,178,189.50,0.17072
725,173,-60,183.11,0.16496
726,269,-8,269.12,0.24245
727,280,182,333.95,0.30086
728,85,184,202.68,0.18260
729,-26,79,83.17,0.07493
730,73,28,78.19,0.07044
731,128,43,135.03,0.12165
732,108,140,176.82,0.15929
733,13,142,142.59,0.12846
734,14,114,114.86,0.10347
735,109,81,135.80,0.12234
736,231,96,250.15,0.22536
737,220,143,262.39,0.23639
738,152,206,256.01,0.23064
739,57,193,201.24,0.18130
740,-87,78,116.85,0.10527
741,-94,10,94.53,0.08516
742,74,31,80.23,0.07228
743,170,140,220.23,0.19840
744,238,220,324.10,0.29199
745,84,132,156.46,0.14096
746,0,34,34.00,0.03063
747,3,63,63.07,0.05682
748,87,75,114.87,0.10348
749,333,-62,338.72,0.30516
750,2713,-1830,3272.50,2.94820
751,11094,-8049,13706.32,12.34804
752,16403,-11288,19911.74,17.93850
753,14997,-8445,17211.28,15.50565
754,-516,3794,3828.93,3.44948
755,-11495,9692,15035.62,13.54560
756,-4996,2346,5519.40,4.97243
757,4383,-4314,6149.90,5.54045
758,3392,-2082,3980.00,3.58558
759,-2054,2241,3039.90,2.73865
760,-3137,2379,3937.06,3.54690
761,-727,138,739.98,0.66665
762,205,-425,471.86,0.42510
763,-741,526,908.71,0.81866
764,-1110,889,1422.12,1.28119
765,-272,492,562.18,0.50647
766,660,329,737.46,0.66437
767,777,690,1039.15,0.93617
768,241,515,568.60,0.51225
769,72,58,92.46,0.08329
770,195,-117,227.41,0.20487
771,534,-524,748.15,0.67401
772,1274,-2154,2502.56,2.25456
773,1842,-3105,3610.26,3.25249
774,651,-704,958.86,0.86384
775,-1594,2684,3121.65,2.81230
776,-1790,3123,3599.62,3.24290
777,591,1101,1249.59,1.12576
778,1997,-137,2001.69,1.80333
779,730,166,748.64,0.67445
780,-1211,590,1347.08,1.21358
781,-1469,328,1505.17,1.35601
782,-779,-270,824.46,0.74276
783,-551,-560,785.62,0.70777
784,-746,-308,807.08,0.72710
785,-888,279,930.80,0.83856
786,-619,974,1154.05,1.03969
787,211,1081,1101.40,0.99225
788,238,702,741.25,0.66779
789,151,-287,324.30,0.29216
790,433,-827,933.50,0.84099
791,119,-122,170.43,0.15354
792,-726,1427,1601.06,1.44240
793,-1330,2094,2480.67,2.23484
794,-919,1371,1650.52,1.48695
795,-638,401,753.55,0.67888
796,-788,80,792.05,0.71356
797,-822,671,1061.10,0.95594
798,-344,1327,1370.86,1.23501
799,259,964,998.19,0.89927
800,373,-266,458.13,0.41273
801,498,-1027,1141.37,1.02826
802,943,-238,972.57,0.87619
803,939,1353,1646.92,1.48371
804,-349,2117,2145.57,1.93295
805,-1847,1364,2296.06,2.06853
806,-2055,159,2061.14,1.85688
807,-884,-255,920.04,0.82887
808,-25,250,251.25,0.22635
809,-151,675,691.68,0.62314
810,-592,665,890.33,0.80210
811,-456,587,743.31,0.66965
812,50,574,576.17,0.51908
813,63,338,343.82,0.30975
814,-141,-56,151.71,0.13668
815,-147,-275,311.82,0.28092
816,87,6,87.21,0.07856
817,-60,370,374.83,0.33769
818,-800,441,913.50,0.82297
819,-1076,160,1087.83,0.98003
820,-959,182,976.12,0.87938
821,-696,-41,697.21,0.62811
822,-748,-246,787.41,0.70938
823,-851,2,851.00,0.76667
824,-885,437,987.01,0.88920
825,-521,451,689.09,0.62080
826,-214,134,252.49,0.22747
827,-322,305,443.52,0.39957
828,-385,741,835.05,0.75230
829,-70,924,926.65,0.83482
830,230,564,609.09,0.54873
831,240,317,397.60,0.35820
832,-151,408,435.05,0.39193
833,-306,441,536.77,0.48357
834,-5,53,53.24,0.04796
835,350,-233,420.46,0.37880
836,244,30,245.84,0.22148
837,-214,532,573.43,0.51660
838,-418,614,742.78,0.66917
839,-462,312,557.48,0.50224
840,-326,115,345.69,0.31143
841,-326,543,633.34,0.57058
842,-441,837,946.07,0.85232
843,-363,591,693.58,0.62484
844,-285,86,297.69,0.26819
845,-62,-188,197.96,0.17834
846,45,154,160.44,0.14454
847,346,785,857.87,0.77286
848,515,989,1115.05,1.00455
849,184,710,733.45,0.66077
# END
# FRAME,36,RX_TS,231046301464,FP_INDEX,750.8906,FP_INT,750,RXPACC,941,RXPWR,-72.61,FP_PWR,-78.58,STD_NOISE,48.00,NTM,13,NOISE_THRESH,624.00,PEAK_IDX,752,PEAK_AMPL,16843,START,700,elapsed_s,3.5289
sample,real,imag,amplitude,amplitude_norm
700,50,98,110.02,0.11692
701,64,-1,64.01,0.06802
702,61,4,61.13,0.06496
703,74,142,160.12,0.17016
704,155,240,285.70,0.30361
705,159,145,215.19,0.22868
706,95,112,146.86,0.15607
707,19,96,97.86,0.10400
708,79,112,137.06,0.14565
709,202,225,302.37,0.32133
710,197,163,255.69,0.27172
711,120,0,120.00,0.12752
712,17,-2,17.12,0.01819
713,47,142,149.58,0.15895
714,173,228,286.20,0.30415
715,166,162,231.95,0.24649
716,233,104,255.16,0.27115
717,183,4,183.04,0.19452
718,122,16,123.04,0.13076
719,188,-146,238.03,0.25296
720,234,-229,327.41,0.34794
721,176,-291,340.08,0.36141
722,50,58,76.58,0.08138
723,-11,293,293.21,0.31159
724,100,197,220.93,0.23478
725,217,-7,217.11,0.23073
726,206,42,210.24,0.22342
727,144,179,229.73,0.24414
728,23,223,224.18,0.23824
729,-43,43,60.81,0.06462
730,34,32,46.69,0.04962
731,129,70,146.77,0.15597
732,100,111,149.40,0.15877
733,79,168,185.65,0.19729
734,39,66,76.66,0.08147
735,-36,77,85.00,0.09033
736,32,113,117.44,0.12481
737,64,160,172.33,0.18313
738,117,218,247.41,0.26293
739,111,198,226.99,0.24122
740,74,71,102.55,0.10898
741,59,-13,60.42,0.06420
742,95,21,97.29,0.10339
743,135,142,195.93,0.20822
744,106,168,198.65,0.21110
745,85,168,188.28,0.20008
746,76,132,152.32,0.16187
747,39,82,90.80,0.09650
748,79,89,119.00,0.12647
749,291,19,291.62,0.30990
750,1990,-250,2005.64,2.13139
751,9794,-1394,9892.71,10.51297
752,16408,-2023,16532.24,17.56880
753,15853,-809,15873.63,16.86889
754,1880,2083,2805.94,2.98187
755,-11892,2816,12220.86,12.98710
756,-6894,196,6896.79,7.32921
757,4039,-1510,4312.03,4.58239
758,4461,-581,4498.68,4.78074
759,-1584,738,1747.48,1.85705
760,-3341,619,3397.86,3.61090
761,-852,-106,858.57,0.91240
762,400,-219,456.03,0.48462
763,-558,223,600.91,0.63859
764,-1351,780,1560.00,1.65781
765,-754,1085,1321.26,1.40411
766,-156,1108,1118.93,1.18908
767,-271,673,725.51,0.77100
768,-412,68,417.57,0.44376
769,-86,-321,332.32,0.35316
770,311,-61,316.93,0.33680
771,556,-1,556.00,0.59086
772,1549,-943,1813.46,1.92717
773,2522,-1816,3107.79,3.30264
774,1407,-771,1604.40,1.70499
775,-1519,1167,1915.53,2.03563
776,-2655,1817,3217.22,3.41894
777,-439,1133,1215.08,1.29126
778,1650,588,1751.64,1.86147
779,1062,218,1084.14,1.15212
780,-407,-104,420.08,0.44642
781,-818,-229,849.45,0.90271
782,-453,-442,632.91,0.67259
783,-364,-742,826.47,0.87829
784,-504,-553,748.21,0.79513
785,-727,-97,733.44,0.77943
786,-837,472,960.91,1.02116
787,-167,713,732.30,0.77821
788,-167,574,597.80,0.63528
789,-80,44,91.30,0.09703
790,287,-364,463.54,0.49260
791,211,-211,298.40,0.31711
792,-797,465,922.73,0.98059
793,-1628,1013,1917.43,2.03766
794,-1315,840,1560.39,1.65823
795,-520,177,549.30,0.58374
796,-413,-264,490.17,0.52090
797,-755,12,755.10,0.80244
798,-750,757,1065.62,1.13244
799,-323,842,901.83,0.95837
800,341,-29,342.23,0.36369
801,835,-730,1109.11,1.17865
802,816,-108,823.12,0.87472
803,204,945,966.77,1.02738
804,-776,1270,1488.31,1.58163
805,-1612,357,1651.06,1.75458
806,-1409,-571,1520.30,1.61563
807,-650,-500,820.06,0.87148
808,-252,51,257.11,0.27323
809,-425,337,542.40,0.57640
810,-622,161,642.50,0.68278
811,-436,144,459.16,0.48795
812,-93,356,367.95,0.39102
813,16,221,221.58,0.23547
814,39,-190,193.96,0.20612
815,175,-209,272.59,0.28968
816,91,-52,104.81,0.11138
817,-60,201,209.76,0.22292
818,-561,42,562.57,0.59784
819,-729,-278,780.21,0.82913
820,-685,-215,717.95,0.76296
821,-574,-398,698.48,0.74228
822,-421,-682,801.48,0.85173
823,-467,-523,701.15,0.74512
824,-658,1,658.00,0.69926
825,-408,173,443.16,0.47095
826,-213,-30,215.10,0.22859
827,-281,29,282.49,0.30020
828,-612,313,687.40,0.73050
829,-432,604,742.59,0.78915
830,17,533,533.27,0.56671
831,142,365,391.65,0.41621
832,-153,283,321.71,0.34188
833,-338,205,395.31,0.42009
834,-96,-54,110.15,0.11705
835,317,-267,414.46,0.44045
836,181,-4,181.04,0.19240
837,-205,334,391.89,0.41647
838,-416,365,553.43,0.58813
839,-318,6,318.06,0.33800
840,-192,-137,235.87,0.25066
841,-199,74,212.31,0.22563
842,-340,367,500.29,0.53166
843,-350,334,483.79,0.51413
844,-82,70,107.81,0.11457
845,131,-169,213.83,0.22723
846,122,-28,125.17,0.13302
847,54,595,597.45,0.63490
848,136,972,981.47,1.04301
849,101,728,734.97,0.78106
# END
# FRAME,37,RX_TS,237436084036,FP_INDEX,752.7187,FP_INT,752,RXPACC,1077,RXPWR,-73.40,FP_PWR,-79.14,STD_NOISE,48.00,NTM,13,NOISE_THRESH,624.00,PEAK_IDX,754,PEAK_AMPL,18989,START,702,elapsed_s,3.6426
sample,real,imag,amplitude,amplitude_norm
702,99,-25,102.11,0.09481
703,122,131,179.01,0.16621
704,94,141,169.46,0.15735
705,113,242,267.08,0.24799
706,227,76,239.38,0.22227
707,203,4,203.04,0.18852
708,141,65,155.26,0.14416
709,160,137,210.64,0.19558
710,136,85,160.38,0.14891
711,121,-86,148.45,0.13784
712,140,5,140.09,0.13007
713,87,266,279.87,0.25986
714,54,309,313.68,0.29126
715,142,189,236.40,0.21950
716,174,18,174.93,0.16242
717,176,68,188.68,0.17519
718,96,85,128.22,0.11906
719,47,149,156.24,0.14507
720,-80,104,131.21,0.12183
721,-294,141,326.06,0.30275
722,-287,170,333.57,0.30972
723,-172,111,204.71,0.19007
724,79,4,79.10,0.07345
725,329,21,329.67,0.30610
726,116,79,140.35,0.13031
727,28,9,29.41,0.02731
728,-60,-2,60.03,0.05574
729,190,91,210.67,0.19561
730,198,222,297.47,0.27620
731,50,221,226.59,0.21039
732,-13,150,150.56,0.13980
733,98,141,171.71,0.15944
734,88,195,213.94,0.19864
735,145,211,256.02,0.23772
736,120,115,166.21,0.15432
737,143,120,186.68,0.17333
738,143,139,199.42,0.18517
739,124,60,137.75,0.12790
740,193,87,211.70,0.19657
741,229,128,262.35,0.24359
742,25,245,246.27,0.22866
743,20,250,250.80,0.23287
744,35,110,115.43,0.10718
745,175,25,176.78,0.16414
746,231,25,232.35,0.21574
747,153,181,237.00,0.22006
748,89,158,181.34,0.16838
749,109,135,173.51,0.16111
750,149,80,169.12,0.15703
751,17,-89,90.61,0.08413
752,-1694,-2515,3032.30,2.81551
753,-7169,-11066,13185.25,12.24258
754,-9812,-16407,19117.14,17.75036
755,-6982,-14815,16377.81,15.20688
756,3762,976,3886.54,3.60868
757,8601,12136,14874.80,13.81133
758,1938,5300,5643.21,5.23975
759,-3921,-4246,5779.51,5.36631
760,-1802,-3039,3533.09,3.28049
761,2058,2524,3256.68,3.02384
762,2030,3393,3953.90,3.67122
763,-1,780,780.00,0.72423
764,-342,-143,370.69,0.34419
765,466,772,901.74,0.83727
766,682,917,1142.81,1.06110
767,468,-26,468.72,0.43521
768,702,-660,963.54,0.89465
769,1222,-249,1247.11,1.15795
770,845,422,944.52,0.87699
771,-37,405,406.69,0.37761
772,-365,20,365.55,0.33941
773,-421,-339,540.52,0.50188
774,-1796,-1001,2056.12,1.90912
775,-2825,-1628,3260.52,3.02741
776,-663,-443,797.38,0.74037
777,2629,1913,3251.34,3.01889
778,3059,2249,3796.77,3.52532
779,1113,1,1113.00,1.03343
780,-52,-1520,1520.89,1.41215
781,213,-581,618.81,0.57457
782,604,985,1155.44,1.07283
783,396,1411,1465.52,1.36074
784,-402,1036,1111.26,1.03181
785,-687,878,1114.83,1.03513
786,-160,891,905.25,0.84053
787,454,1025,1121.04,1.04090
788,961,925,1333.85,1.23848
789,891,278,933.36,0.86663
790,556,146,574.85,0.53375
791,-92,72,116.82,0.10847
792,-433,-9,433.09,0.40213
793,-79,333,342.24,0.31777
794,1100,1296,1699.89,1.57835
795,1672,1720,2398.75,2.22725
796,1263,1318,1825.46,1.69495
797,435,830,937.08,0.87009
798,155,871,884.68,0.82143
799,725,919,1170.55,1.08686
800,1331,521,1429.34,1.32715
801,961,176,976.98,0.90713
802,-332,29,333.26,0.30944
803,-1109,-299,1148.60,1.06648
804,-293,-645,708.43,0.65778
805,1341,-321,1378.88,1.28030
806,1915,836,2089.53,1.94014
807,1110,2058,2338.26,2.17109
808,-47,1895,1895.58,1.76006
809,-212,930,953.86,0.88566
810,309,369,481.29,0.44688
811,508,495,709.29,0.65858
812,328,857,917.62,0.85202
813,295,663,725.67,0.67379
814,489,261,554.29,0.51466
815,327,81,336.88,0.31280
816,-81,191,207.47,0.19263
817,-139,187,233.00,0.21634
818,75,81,110.39,0.10250
819,273,267,381.86,0.35456
820,186,990,1007.32,0.93530
821,-76,1295,1297.23,1.20448
822,115,1165,1170.66,1.08697
823,-5,987,987.01,0.91645
824,-280,1027,1064.49,0.98838
825,-24,1095,1095.26,1.01696
826,333,889,949.32,0.88145
827,240,554,603.75,0.56059
828,31,514,514.93,0.47812
829,238,612,656.65,0.60970
830,682,627,926.42,0.86019
831,933,273,972.12,0.90262
832,611,7,611.04,0.56735
833,355,215,415.03,0.38536
834,331,554,645.35,0.59921
835,323,502,596.94,0.55426
836,23,142,143.85,0.13357
837,-202,50,208.10,0.19322
838,70,287,295.41,0.27429
839,447,460,641.41,0.59555
840,443,517,680.84,0.63216
841,189,482,517.73,0.48072
842,146,477,498.84,0.46318
843,420,522,669.99,0.62209
844,721,512,884.30,0.82108
845,498,402,640.01,0.59425
846,38,219,222.27,0.20638
847,-176,260,313.97,0.29152
848,119,277,301.48,0.27993
849,872,14,872.11,0.80976
850,1016,-278,1053.35,0.97804
851,652,57,654.49,0.60769
# END
# FRAME,38,RX_TS,243825866612,FP_INDEX,752.7344,FP_INT,752,RXPACC,1121,RXPWR,-73.77,FP_PWR,-79.55,STD_NOISE,60.00,NTM,13,NOISE_THRESH,780.00,PEAK_IDX,754,PEAK_AMPL,19341,START,702,elapsed_s,3.7454
sample,real,imag,amplitude,amplitude_norm
702,37,71,80.06,0.07142
703,167,39,171.49,0.15298
704,212,-18,212.76,0.18980
705,161,45,167.17,0.14913
706,115,118,164.77,0.14698
707,82,96,126.25,0.11263
708,-5,25,25.50,0.02274
709,80,-26,84.12,0.07504
710,61,86,105.44,0.09406
711,42,110,117.75,0.10504
712,35,174,177.49,0.15833
713,189,177,258.94,0.23099
714,234,113,259.86,0.23181
715,189,20,190.06,0.16954
716,162,46,168.40,0.15023
717,125,107,164.54,0.14678
718,145,149,207.91,0.18547
719,72,143,160.10,0.14282
720,123,198,233.09,0.20793
721,109,362,378.05,0.33725
722,196,468,507.39,0.45262
723,206,446,491.28,0.43825
724,67,149,163.37,0.14574
725,30,-99,103.45,0.09228
726,113,84,140.80,0.12560
727,73,256,266.20,0.23747
728,33,237,239.29,0.21346
729,45,80,91.79,0.08188
730,186,92,207.51,0.18511
731,219,146,263.21,0.23480
732,198,103,223.19,0.19910
733,99,77,125.42,0.11188
734,156,79,174.86,0.15599
735,91,109,141.99,0.12667
736,120,40,126.49,0.11284
737,82,9,82.49,0.07359
738,28,105,108.67,0.09694
739,71,59,92.31,0.08235
740,103,59,118.70,0.10589
741,165,52,173.00,0.15433
742,278,143,312.62,0.27888
743,298,221,371.01,0.33096
744,126,182,221.36,0.19747
745,80,85,116.73,0.10413
746,113,55,125.67,0.11211
747,202,142,246.92,0.22026
748,99,238,257.77,0.22995
749,122,186,222.44,0.19843
750,100,167,194.65,0.17364
751,-117,295,317.35,0.28310
752,-2497,2100,3262.67,2.91050
753,-10876,8263,13658.86,12.18454
754,-16410,11432,19999.47,17.84074
755,-15295,8637,17565.16,15.66919
756,150,-3281,3284.43,2.92991
757,12003,-9393,15241.41,13.59626
758,5877,-2376,6339.13,5.65488
759,-3938,4349,5867.00,5.23372
760,-3210,2277,3935.58,3.51078
761,2348,-2036,3107.80,2.77234
762,3428,-1974,3955.74,3.52876
763,989,209,1010.84,0.90173
764,84,523,529.70,0.47253
765,1080,-746,1312.60,1.17092
766,1418,-1740,2244.62,2.00234
767,602,-1588,1698.28,1.51497
768,-336,-978,1034.11,0.92249
769,-442,-434,619.45,0.55259
770,-104,-86,134.95,0.12039
771,87,90,125.18,0.11166
772,120,33,124.45,0.11102
773,-9,682,682.06,0.60844
774,-784,2530,2648.69,2.36279
775,-1604,3446,3801.02,3.39074
776,-582,996,1153.58,1.02906
777,1858,-2370,3011.49,2.68643
778,2156,-2904,3616.84,3.22644
779,-187,-774,796.27,0.71032
780,-1827,448,1881.13,1.67808
781,-645,-29,645.65,0.57596
782,1281,-545,1392.12,1.24185
783,1731,-110,1734.49,1.54727
784,1071,611,1233.03,1.09994
785,750,855,1137.33,1.01457
786,879,360,949.86,0.84734
787,1099,-272,1132.16,1.00995
788,1081,-745,1312.85,1.17115
789,239,-562,610.71,0.54479
790,91,-310,323.08,0.28821
791,142,318,348.26,0.31067
792,107,1032,1037.53,0.92554
793,459,591,748.31,0.66753
794,1189,-854,1463.91,1.30590
795,1639,-1721,2376.59,2.12006
796,1277,-1209,1758.52,1.56871
797,855,-172,872.13,0.77799
798,818,77,821.62,0.73293
799,969,-526,1102.56,0.98355
800,676,-1172,1352.98,1.20694
801,255,-704,748.76,0.66794
802,99,572,580.50,0.51784
803,-215,1292,1309.77,1.16839
804,-749,354,828.44,0.73902
805,-644,-1082,1259.15,1.12324
806,472,-1697,1761.42,1.57129
807,1928,-953,2150.67,1.91853
808,1969,199,1979.03,1.76542
809,979,417,1064.11,0.94925
810,316,21,316.70,0.28251
811,452,-357,575.98,0.51381
812,823,-294,873.94,0.77960
813,596,-140,612.22,0.54614
814,247,-34,249.33,0.22242
815,144,139,200.14,0.17854
816,237,383,450.40,0.40178
817,169,368,404.95,0.36124
818,71,169,183.31,0.16352
819,197,-37,200.44,0.17881
820,898,32,898.57,0.80158
821,1377,201,1391.59,1.24139
822,1362,124,1367.63,1.22001
823,1030,252,1060.38,0.94592
824,884,520,1025.60,0.91490
825,1061,288,1099.39,0.98073
826,1098,-284,1134.13,1.01172
827,719,-202,746.84,0.66622
828,509,184,541.24,0.48282
829,585,33,585.93,0.52269
830,628,-452,773.75,0.69023
831,377,-649,750.55,0.66954
832,-3,-304,304.01,0.27120
833,4,-40,40.20,0.03586
834,303,-122,326.64,0.29138
835,482,-119,496.47,0.44288
836,330,269,425.75,0.37979
837,13,606,606.14,0.54071
838,148,280,316.71,0.28252
839,542,-125,556.23,0.49619
840,623,-200,654.32,0.58369
841,596,77,600.95,0.53609
842,433,136,453.86,0.40487
843,384,-238,451.77,0.40301
844,517,-574,772.51,0.68912
845,461,-323,562.89,0.50214
846,398,207,448.61,0.40019
847,368,444,576.68,0.51443
848,315,67,322.05,0.28729
849,-70,-588,592.15,0.52824
850,-356,-735,816.68,0.72853
851,85,-366,375.74,0.33518
# END
# FRAME,39,RX_TS,250215649192,FP_INDEX,745.6562,FP_INT,745,RXPACC,1285,RXPWR,-76.38,FP_PWR,-81.21,STD_NOISE,72.00,NTM,13,NOISE_THRESH,936.00,PEAK_IDX,747,PEAK_AMPL,20358,START,695,elapsed_s,3.8417
sample,real,imag,amplitude,amplitude_norm
695,116,194,226.04,0.17590
696,131,176,219.40,0.17074
697,-25,173,174.80,0.13603
698,26,111,114.00,0.08872
699,36,74,82.29,0.06404
700,-18,83,84.93,0.06609
701,51,-40,64.82,0.05044
702,161,44,166.90,0.12989
703,-38,70,79.65,0.06198
704,-116,100,153.15,0.11919
705,-43,168,173.42,0.13495
706,144,145,204.36,0.15903
707,197,60,205.93,0.16026
708,59,-10,59.84,0.04657
709,-46,11,47.30,0.03681
710,30,157,159.84,0.12439
711,101,134,167.80,0.13058
712,120,178,214.67,0.16706
713,84,220,235.49,0.18326
714,226,386,447.29,0.34809
715,298,523,601.94,0.46844
716,253,467,531.13,0.41333
717,17,142,143.01,0.11129
718,-137,-130,188.86,0.14697
719,37,72,80.95,0.06300
720,11,136,136.44,0.10618
721,6,77,77.23,0.06010
722,130,75,150.08,0.11680
723,175,53,182.85,0.14230
724,247,198,316.56,0.24635
725,118,162,200.42,0.15597
726,101,79,128.23,0.09979
727,91,142,168.66,0.13125
728,69,172,185.32,0.14422
729,55,83,99.57,0.07749
730,221,20,221.90,0.17269
731,83,155,175.82,0.13683
732,22,151,152.59,0.11875
733,23,69,72.73,0.05660
734,75,-34,82.35,0.06408
735,239,96,257.56,0.20044
736,327,242,406.81,0.31658
737,226,187,293.33,0.22828
738,89,223,240.10,0.18685
739,44,111,119.40,0.09292
740,115,68,133.60,0.10397
741,116,223,251.37,0.19562
742,166,153,225.75,0.17568
743,146,133,197.50,0.15369
744,-160,428,456.93,0.35559
745,-2800,3458,4449.47,3.46262
746,-10833,11887,16082.74,12.51575
747,-16147,16406,23019.18,17.91376
748,-15861,13488,20820.60,16.20280
749,-2960,-893,3091.77,2.40605
750,9436,-10756,14308.38,11.13492
751,4578,-2804,5368.47,4.17780
752,-3302,4906,5913.72,4.60211
753,-2139,2147,3030.67,2.35849
754,2546,-2711,3719.09,2.89423
755,2819,-2204,3578.32,2.78469
756,695,310,761.00,0.59222
757,141,634,649.49,0.50544
758,776,-245,813.76,0.63327
759,880,-367,953.46,0.74199
760,88,200,218.50,0.17004
761,-793,118,801.73,0.62392
762,-843,-421,942.28,0.73329
763,-643,-38,644.12,0.50126
764,-318,622,698.58,0.54364
765,-97,570,578.19,0.44996
766,-39,1127,1127.67,0.87757
767,-513,3226,3266.53,2.54205
768,-1095,4206,4346.20,3.38226
769,-397,1164,1229.84,0.95707
770,1131,-2848,3064.35,2.38471
771,1254,-3283,3514.34,2.73490
772,-938,-724,1184.91,0.92211
773,-2305,765,2428.63,1.88999
774,-702,184,725.71,0.56476
775,1281,-563,1399.26,1.08892
776,1534,-195,1546.34,1.20338
777,977,425,1065.44,0.82913
778,944,663,1153.56,0.89771
779,988,335,1043.25,0.81187
780,963,-261,997.74,0.77645
781,508,-790,939.24,0.73092
782,-81,-805,809.06,0.62962
783,-50,-423,425.94,0.33147
784,232,438,495.65,0.38572
785,167,977,991.17,0.77134
786,508,235,559.72,0.43558
787,1211,-1411,1859.42,1.44702
788,1306,-2130,2498.51,1.94436
789,906,-1230,1527.66,1.18884
790,701,-142,715.24,0.55661
791,1002,37,1002.68,0.78030
792,1042,-812,1321.03,1.02804
793,461,-1483,1553.00,1.20856
794,62,-769,771.50,0.60039
795,35,708,708.86,0.55165
796,-292,1461,1489.89,1.15945
797,-893,533,1039.97,0.80932
798,-902,-1137,1451.33,1.12944
799,345,-2042,2070.94,1.61163
800,1811,-1423,2303.18,1.79236
801,1949,-257,1965.87,1.52986
802,918,-30,918.49,0.71478
803,280,-356,452.92,0.35247
804,592,-495,771.68,0.60053
805,908,-449,1012.95,0.78829
806,556,-429,702.27,0.54651
807,133,-434,453.92,0.35325
808,198,-70,210.01,0.16343
809,458,386,598.97,0.46612
810,217,543,584.75,0.45506
811,-2,239,239.01,0.18600
812,154,4,154.05,0.11988
813,859,-239,891.63,0.69387
814,1484,-156,1492.18,1.16123
815,1470,-53,1470.96,1.14471
816,1356,193,1369.67,1.06589
817,1420,490,1502.17,1.16900
818,1408,46,1408.75,1.09630
819,1144,-411,1215.59,0.94598
820,735,-263,780.64,0.60750
821,529,-5,529.02,0.41169
822,595,-165,617.45,0.48051
823,380,-650,752.93,0.58594
824,16,-825,825.16,0.64214
825,-240,-442,502.96,0.39140
826,-18,-133,134.21,0.10445
827,354,-354,500.63,0.38960
828,381,-363,526.24,0.40953
829,244,275,367.64,0.28610
830,195,624,653.76,0.50876
831,356,279,452.30,0.35199
832,521,-268,585.89,0.45594
833,539,-378,658.34,0.51232
834,531,-141,549.40,0.42755
835,483,-133,500.98,0.38987
836,534,-428,684.35,0.53257
837,565,-772,956.67,0.74449
838,478,-471,671.06,0.52223
839,371,92,382.24,0.29746
840,420,351,547.36,0.42596
841,344,101,358.52,0.27900
842,-230,-519,567.68,0.44177
843,-581,-787,978.23,0.76127
844,-190,-592,621.74,0.48385
# END
# FRAME,40,RX_TS,256605431753,FP_INDEX,745.7812,FP_INT,745,RXPACC,928,RXPWR,-72.69,FP_PWR,-78.56,STD_NOISE,48.00,NTM,13,NOISE_THRESH,624.00,PEAK_IDX,747,PEAK_AMPL,16550,START,695,elapsed_s,3.9420
sample,real,imag,amplitude,amplitude_norm
695,124,27,126.91,0.13675
696,159,142,213.18,0.22972
697,131,159,206.01,0.22200
698,34,150,153.81,0.16574
699,121,48,130.17,0.14027
700,159,6,159.11,0.17146
701,122,172,210.87,0.22724
702,99,175,201.06,0.21666
703,111,150,186.60,0.20108
704,207,55,214.18,0.23080
705,76,49,90.43,0.09744
706,-37,103,109.44,0.11794
707,-24,154,155.86,0.16795
708,87,175,195.43,0.21060
709,202,111,230.49,0.24837
710,128,67,144.47,0.15568
711,100,52,112.71,0.12146
712,70,93,116.40,0.12543
713,67,110,128.80,0.13879
714,-29,-13,31.78,0.03425
715,-301,-62,307.32,0.33116
716,-260,-88,274.49,0.29579
717,123,92,153.60,0.16552
718,357,175,397.59,0.42843
719,168,175,242.59,0.26141
720,2,6,6.32,0.00682
721,41,-36,54.56,0.05880
722,128,-14,128.76,0.13875
723,42,84,93.91,0.10120
724,-47,143,150.53,0.16220
725,9,167,167.24,0.18022
726,113,114,160.51,0.17297
727,145,69,160.58,0.17304
728,94,101,137.97,0.14868
729,95,97,135.77,0.14631
730,101,120,156.85,0.16902
731,150,69,165.11,0.17792
732,139,79,159.88,0.17229
733,140,98,170.89,0.18415
734,106,169,199.49,0.21497
735,39,129,134.77,0.14522
736,-40,73,83.24,0.08970
737,15,82,83.36,0.08983
738,113,118,163.38,0.17606
739,205,124,239.59,0.25817
740,67,133,148.92,0.16048
741,16,68,69.86,0.07528
742,69,59,90.79,0.09783
743,82,100,129.32,0.13935
744,49,-38,62.01,0.06682
745,46,-2214,2214.48,2.38629
746,-96,-10569,10569.44,11.38948
747,317,-16409,16412.06,17.68541
748,1600,-14884,14969.75,16.13120
749,2316,525,2374.76,2.55901
750,839,12581,12608.94,13.58722
751,-1034,5979,6067.75,6.53852
752,-926,-4326,4424.00,4.76724
753,187,-3504,3508.99,3.78124
754,442,2380,2420.69,2.60851
755,39,3532,3532.22,3.80627
756,-311,867,921.09,0.99256
757,-219,-276,352.33,0.37967
758,-191,623,651.62,0.70218
759,-341,818,886.23,0.95499
760,-355,-216,415.55,0.44779
761,137,-710,723.10,0.77920
762,703,-53,705.00,0.75969
763,535,404,670.40,0.72242
764,41,-14,43.32,0.04669
765,6,-181,181.10,0.19515
766,-120,-452,467.66,0.50394
767,-856,-1494,1721.85,1.85544
768,-1280,-2429,2745.62,2.95864
769,-344,-927,988.77,1.06548
770,978,2230,2435.03,2.62396
771,1226,3013,3252.88,3.50526
772,872,530,1020.43,1.09960
773,762,-1324,1527.62,1.64614
774,391,-528,657.01,0.70799
775,-211,910,934.14,1.00662
776,-423,1171,1245.06,1.34166
777,-455,607,758.60,0.81746
778,-493,417,645.71,0.69581
779,-428,650,778.26,0.83864
780,-189,1017,1034.41,1.11467
781,203,1361,1376.06,1.48282
782,559,679,879.50,0.94774
783,540,431,690.91,0.74452
784,57,93,109.08,0.11754
785,-343,-146,372.78,0.40170
786,-231,168,285.63,0.30779
787,255,1402,1425.00,1.53556
788,510,2035,2097.93,2.26070
789,368,1501,1545.45,1.66536
790,-12,649,649.11,0.69947
791,-277,669,724.08,0.78026
792,25,1108,1108.28,1.19427
793,684,1171,1356.13,1.46135
794,756,648,995.71,1.07296
795,69,-33,76.49,0.08242
796,-426,-457,624.76,0.67323
797,105,-454,465.98,0.50214
798,1100,324,1146.72,1.23569
799,1092,1338,1727.05,1.86105
800,95,1762,1764.56,1.90146
801,-661,1175,1348.16,1.45276
802,-441,534,692.56,0.74629
803,115,369,386.50,0.41649
804,176,668,690.80,0.74439
805,-10,826,826.06,0.89015
806,22,551,551.44,0.59422
807,277,344,441.66,0.47593
808,238,307,388.45,0.41859
809,-136,178,224.01,0.24139
810,-214,19,214.84,0.23151
811,-31,-23,38.60,0.04160
812,100,182,207.66,0.22377
813,-57,748,750.17,0.80837
814,-412,969,1052.95,1.13464
815,-393,950,1028.08,1.10785
816,-345,608,699.06,0.75330
817,-567,535,779.56,0.84004
818,-506,882,1016.84,1.09573
819,-171,1066,1079.63,1.16339
820,89,743,748.31,0.80637
821,-36,453,454.43,0.48969
822,-61,480,483.86,0.52140
823,246,709,750.46,0.80869
824,624,540,825.21,0.88924
825,594,116,605.22,0.65218
826,340,77,348.61,0.37566
827,180,397,435.90,0.46972
828,154,524,546.16,0.58854
829,61,274,280.71,0.30249
830,-54,-83,99.02,0.10670
831,70,67,96.90,0.10441
832,336,445,557.60,0.60087
833,272,699,750.06,0.80825
834,92,545,552.71,0.59559
835,3,345,345.01,0.37178
836,163,503,528.75,0.56978
837,414,741,848.81,0.91467
838,318,591,671.12,0.72319
839,-49,272,276.38,0.29782
840,-166,77,182.99,0.19719
841,11,241,241.25,0.25997
842,609,365,710.00,0.76509
843,933,246,964.89,1.03975
844,725,336,799.08,0.86107
# END
# FRAME,41,RX_TS,262995214340,FP_INDEX,746.7187,FP_INT,746,RXPACC,908,RXPWR,-73.13,FP_PWR,-77.65,STD_NOISE,44.00,NTM,13,NOISE_THRESH,572.00,PEAK_IDX,748,PEAK_AMPL,16601,START,696,elapsed_s,4.0382
sample,real,imag,amplitude,amplitude_norm
696,150,53,159.09,0.17521
697,147,106,181.23,0.19959
698,109,136,174.29,0.19195
699,41,135,141.09,0.15538
700,20,150,151.33,0.16666
701,76,157,174.43,0.19210
702,90,189,209.33,0.23054
703,122,158,199.62,0.21985
704,82,162,181.57,0.19997
705,188,252,314.40,0.34626
706,169,165,236.19,0.26012
707,93,49,105.12,0.11577
708,10,87,87.57,0.09645
709,43,194,198.71,0.21884
710,95,186,208.86,0.23002
711,84,117,144.03,0.15862
712,139,109,176.64,0.19454
713,195,89,214.35,0.23607
714,240,65,248.65,0.27384
715,280,-90,294.11,0.32391
716,251,-233,342.48,0.37718
717,266,-120,291.82,0.32138
718,103,231,252.92,0.27855
719,-38,342,344.10,0.37897
720,-8,176,176.18,0.19403
721,153,119,193.83,0.21347
722,252,219,333.86,0.36769
723,181,160,241.58,0.26606
724,102,8,102.31,0.11268
725,34,-41,53.26,0.05866
726,60,65,88.46,0.09742
727,79,118,142.00,0.15639
728,74,135,153.95,0.16955
729,87,159,181.25,0.19961
730,72,124,143.39,0.15792
731,149,172,227.56,0.25062
732,120,152,193.66,0.21328
733,124,178,216.93,0.23891
734,85,207,223.77,0.24645
735,47,123,131.67,0.14502
736,18,-40,43.86,0.04831
737,17,-67,69.12,0.07613
738,84,-23,87.09,0.09592
739,139,114,179.77,0.19798
740,141,231,270.63,0.29805
741,175,131,218.60,0.24075
742,150,76,168.15,0.18519
743,136,71,153.42,0.16896
744,116,93,148.68,0.16374
745,340,92,352.23,0.38792
746,2944,197,2950.58,3.24954
747,11247,579,11261.89,12.40297
748,16405,1283,16455.09,18.12235
749,14767,2572,14989.31,16.50805
750,1028,2527,2728.10,3.00451
751,-10486,31,10486.05,11.54851
752,-4201,-1575,4486.54,4.94112
753,4208,-670,4261.00,4.69274
754,2703,542,2756.80,3.03613
755,-2153,475,2204.78,2.42817
756,-2327,-203,2335.84,2.57251
757,-56,-325,329.79,0.36320
758,336,-170,376.56,0.41471
759,-709,-152,725.11,0.79858
760,-1130,-386,1194.11,1.31510
761,-471,-374,601.43,0.66237
762,305,318,440.62,0.48527
763,442,1049,1138.32,1.25365
764,-123,942,950.00,1.04625
765,-403,312,509.66,0.56130
766,-132,-7,132.19,0.14558
767,768,-197,792.86,0.87320
768,2359,-863,2511.90,2.76641
769,2920,-991,3083.58,3.39602
770,1045,-71,1047.41,1.15353
771,-1880,869,2071.13,2.28098
772,-2234,977,2438.30,2.68535
773,126,872,881.06,0.97033
774,1645,784,1822.27,2.00691
775,750,195,774.94,0.85345
776,-399,-308,504.05,0.55512
777,-543,-508,743.58,0.81892
778,-142,-473,493.86,0.54389
779,-203,-479,520.24,0.57295
780,-471,-359,592.22,0.65222
781,-629,-249,676.49,0.74504
782,-765,81,769.28,0.84722
783,-282,592,655.73,0.72217
784,-107,574,583.89,0.64305
785,214,3,214.02,0.23571
786,683,-501,847.05,0.93287
787,340,-347,485.81,0.53503
788,-989,141,999.00,1.10022
789,-1644,392,1690.09,1.86133
790,-1020,223,1044.09,1.14988
791,-453,-137,473.26,0.52121
792,-486,-279,560.39,0.61717
793,-792,-143,804.81,0.88635
794,-748,418,856.87,0.94369
795,-136,603,618.15,0.68078
796,447,148,470.86,0.51857
797,739,-109,747.00,0.82268
798,581,360,683.49,0.75274
799,-204,1037,1056.88,1.16396
800,-1087,949,1442.97,1.58918
801,-1438,-27,1438.25,1.58398
802,-934,-661,1144.24,1.26017
803,-340,-439,555.27,0.61153
804,-197,70,209.07,0.23025
805,-372,93,383.45,0.42230
806,-446,-32,447.15,0.49245
807,-347,57,351.65,0.38728
808,-172,344,384.60,0.42357
809,-46,135,142.62,0.15707
810,136,-51,145.25,0.15996
811,171,-126,212.41,0.23393
812,113,-56,126.12,0.13889
813,-87,50,100.34,0.11051
814,-403,-165,435.47,0.47959
815,-539,-351,643.21,0.70838
816,-614,-332,698.01,0.76874
817,-429,-488,649.76,0.71559
818,-439,-738,858.70,0.94570
819,-578,-551,798.55,0.87946
820,-733,-160,750.26,0.82628
821,-400,-9,400.10,0.44064
822,-170,-96,195.23,0.21501
823,-328,-17,328.44,0.36172
824,-544,267,605.99,0.66739
825,-346,559,657.42,0.72403
826,17,589,589.25,0.64895
827,20,348,348.57,0.38389
828,-289,155,327.94,0.36117
829,-227,98,247.25,0.27230
830,178,-72,192.01,0.21147
831,453,-49,455.64,0.50181
832,198,86,215.87,0.23774
833,-187,309,361.18,0.39777
834,-343,182,388.29,0.42764
835,-163,20,164.22,0.18086
836,-136,15,136.82,0.15069
837,-336,183,382.60,0.42137
838,-437,286,522.27,0.57519
839,-296,168,340.35,0.37484
840,-18,28,33.29,0.03666
841,64,-171,182.58,0.20108
842,25,74,78.11,0.08602
843,-110,603,612.95,0.67506
844,-79,842,845.70,0.93139
845,-129,548,562.98,0.62002
# END
# FRAME,42,RX_TS,269384996896,FP_INDEX,747.2031,FP_INT,747,RXPACC,1079,RXPWR,-74.48,FP_PWR,-79.85,STD_NOISE,60.00,NTM,13,NOISE_THRESH,780.00,PEAK_IDX,749,PEAK_AMPL,19070,START,697,elapsed_s,4.1374
sample,real,imag,amplitude,amplitude_norm
697,167,77,183.90,0.17043
698,240,163,290.12,0.26888
699,203,117,234.30,0.21715
700,148,32,151.42,0.14033
701,142,92,169.20,0.15681
702,165,61,175.91,0.16303
703,302,62,308.30,0.28573
704,178,88,198.56,0.18403
705,125,41,131.55,0.12192
706,172,13,172.49,0.15986
707,101,90,135.28,0.12538
708,25,210,211.48,0.19600
709,48,165,171.84,0.15926
710,176,46,181.91,0.16859
711,236,63,244.26,0.22638
712,84,36,91.39,0.08470
713,76,-11,76.79,0.07117
714,111,65,128.63,0.11921
715,-84,152,173.67,0.16095
716,-167,175,241.90,0.22419
717,-366,295,470.09,0.43567
718,-139,185,231.40,0.21446
719,225,-44,229.26,0.21248
720,382,-22,382.63,0.35462
721,110,86,139.63,0.12941
722,125,-52,135.38,0.12547
723,120,45,128.16,0.11878
724,100,116,153.15,0.14194
725,-51,161,168.88,0.15652
726,-26,42,49.40,0.04578
727,124,28,127.12,0.11781
728,156,60,167.14,0.15490
729,142,93,169.74,0.15732
730,136,95,165.89,0.15375
731,87,108,138.68,0.12853
732,139,137,195.17,0.18088
733,138,82,160.52,0.14877
734,145,17,145.99,0.13530
735,240,130,272.95,0.25296
736,211,300,366.77,0.33992
737,79,275,286.12,0.26517
738,28,198,199.97,0.18533
739,80,69,105.65,0.09791
740,201,13,201.42,0.18667
741,131,132,185.97,0.17235
742,71,142,158.76,0.14714
743,127,93,157.41,0.14589
744,232,105,254.65,0.23601
745,107,-30,111.13,0.10299
746,-646,-914,1119.25,1.03730
747,-4669,-6235,7789.40,7.21909
748,-9968,-14069,17242.33,15.97991
749,-10245,-16406,19342.10,17.92595
750,-3959,-10325,11058.00,10.24837
751,6488,5665,8613.15,7.98253
752,5805,9628,11242.62,10.41948
753,-1702,324,1732.56,1.60571
754,-3156,-4012,5104.55,4.73082
755,869,-75,872.23,0.80837
756,2472,3078,3947.77,3.65873
757,710,1569,1722.17,1.59608
758,-335,-38,337.15,0.31246
759,351,170,390.00,0.36145
760,1086,779,1336.50,1.23865
761,957,601,1130.07,1.04733
762,489,51,491.65,0.45566
763,307,-286,419.58,0.38886
764,277,-161,320.39,0.29693
765,166,70,180.16,0.16697
766,-9,145,145.28,0.13464
767,-241,-125,271.49,0.25161
768,-1526,-606,1641.92,1.52171
769,-3145,-1433,3456.08,3.20304
770,-2289,-1331,2647.84,2.45398
771,907,398,990.48,0.91796
772,2903,1734,3381.44,3.13387
773,1908,627,2008.38,1.86134
774,240,-1463,1482.55,1.37401
775,-122,-1434,1439.18,1.33381
776,137,408,430.39,0.39888
777,158,1444,1452.62,1.34626
778,-71,1055,1057.39,0.97997
779,-349,764,839.94,0.77844
780,-315,868,923.39,0.85578
781,-25,1011,1011.31,0.93727
782,444,1047,1137.25,1.05399
783,753,533,922.55,0.85500
784,751,31,751.64,0.69661
785,212,41,215.93,0.20012
786,-684,64,686.99,0.63669
787,-750,152,765.25,0.70922
788,430,665,791.91,0.73393
789,1456,1353,1987.60,1.84207
790,1355,1255,1846.90,1.71168
791,494,752,899.74,0.83387
792,-26,756,756.45,0.70106
793,105,1076,1081.11,1.00196
794,513,824,970.64,0.89958
795,695,158,712.73,0.66055
796,461,-121,476.62,0.44172
797,-207,-62,216.09,0.20026
798,-369,-347,506.53,0.46944
799,711,-651,964.01,0.89343
800,1838,55,1838.82,1.70419
801,1853,1435,2343.68,2.17209
802,679,1972,2085.62,1.93292
803,-272,1282,1310.54,1.21459
804,-172,488,517.42,0.47954
805,345,469,582.23,0.53960
806,466,748,881.28,0.81676
807,400,617,735.32,0.68148
808,428,96,438.63,0.40652
809,501,76,506.73,0.46963
810,26,354,354.95,0.32897
811,-281,289,403.09,0.37358
812,22,24,32.56,0.03017
813,282,20,282.71,0.26201
814,523,597,793.69,0.73558
815,315,1268,1306.54,1.21088
816,235,1346,1366.36,1.26632
817,303,1087,1128.44,1.04582
818,17,1062,1062.14,0.98437
819,-132,1116,1123.78,1.04150
820,219,1156,1176.56,1.09042
821,311,836,891.97,0.82667
822,113,449,463.00,0.42910
823,84,401,409.70,0.37971
824,491,504,703.63,0.65211
825,1019,393,1092.16,1.01219
826,838,2,838.00,0.77665
827,436,-204,481.36,0.44612
828,380,115,397.02,0.36795
829,486,414,638.43,0.59169
830,304,375,482.74,0.44740
831,-86,38,94.02,0.08714
832,-167,26,169.01,0.15664
833,338,178,382.01,0.35404
834,603,368,706.42,0.65470
835,505,417,654.92,0.60697
836,288,373,471.25,0.43674
837,375,440,578.12,0.53579
838,611,532,810.15,0.75084
839,599,463,757.08,0.70165
840,172,250,303.45,0.28124
841,-154,126,198.98,0.18441
842,-39,139,144.37,0.13380
843,458,88,466.38,0.43223
844,982,-240,1010.90,0.93689
845,909,-358,976.96,0.90543
846,353,190,400.89,0.37153
# END
# FRAME,43,RX_TS,275774779449,FP_INDEX,747.7656,FP_INT,747,RXPACC,930,RXPWR,-72.35,FP_PWR,-78.32,STD_NOISE,44.00,NTM,13,NOISE_THRESH,572.00,PEAK_IDX,749,PEAK_AMPL,16876,START,697,elapsed_s,4.2639
sample,real,imag,amplitude,amplitude_norm
697,184,155,240.58,0.25869
698,146,108,181.60,0.19527
699,105,64,122.97,0.13222
700,87,161,183.00,0.19678
701,87,130,156.43,0.16820
702,145,156,212.98,0.22901
703,188,132,229.71,0.24700
704,161,155,223.49,0.24031
705,218,125,251.29,0.27021
706,215,29,216.95,0.23328
707,110,97,146.66,0.15770
708,-28,160,162.43,0.17466
709,-32,156,159.25,0.17123
710,205,139,247.68,0.26632
711,230,107,253.67,0.27276
712,96,101,139.34,0.14983
713,19,103,104.74,0.11262
714,23,150,151.75,0.16318
715,59,72,93.09,0.10009
716,-65,-32,72.45,0.07790
717,-265,-99,282.89,0.30418
718,-259,-96,276.22,0.29701
719,48,38,61.22,0.06583
720,369,283,465.03,0.50003
721,220,220,311.13,0.33455
722,-2,-36,36.06,0.03877
723,29,-36,46.23,0.04971
724,185,86,204.01,0.21937
725,124,126,176.78,0.19009
726,78,86,116.10,0.12484
727,99,81,127.91,0.13754
728,147,124,192.31,0.20679
729,133,89,160.03,0.17208
730,90,89,126.57,0.13610
731,156,127,201.16,0.21630
732,104,118,157.29,0.16913
733,72,106,128.14,0.13779
734,37,103,109.44,0.11768
735,147,169,223.99,0.24085
736,208,209,294.86,0.31706
737,105,139,174.20,0.18731
738,-35,2,35.06,0.03770
739,1,27,27.02,0.02905
740,99,65,118.43,0.12735
741,158,132,205.88,0.22138
742,69,64,94.11,0.10120
743,11,3,11.40,0.01226
744,112,151,188.00,0.20215
745,171,216,275.49,0.29623
746,177,-76,192.63,0.20713
747,154,-2399,2403.94,2.58488
748,730,-10812,10836.62,11.65227
749,1656,-16399,16482.40,17.72301
750,2978,-14368,14673.37,15.77782
751,2375,1676,2906.82,3.12561
752,-406,13060,13066.31,14.04979
753,-1831,5955,6230.14,6.69907
754,-676,-4511,4561.37,4.90470
755,637,-3633,3688.42,3.96605
756,492,2201,2255.32,2.42507
757,-312,3279,3293.81,3.54173
758,-417,749,857.26,0.92178
759,16,-251,251.51,0.27044
760,399,782,877.91,0.94399
761,417,1060,1139.07,1.22481
762,244,230,335.31,0.36055
763,130,-160,206.16,0.22167
764,258,441,510.93,0.54938
765,217,927,952.06,1.02372
766,-102,400,412.80,0.44387
767,-179,-238,297.80,0.32022
768,-222,-589,629.45,0.67683
769,-760,-1583,1755.99,1.88816
770,-1024,-2611,2804.62,3.01572
771,-171,-962,977.08,1.05062
772,827,2146,2299.84,2.47294
773,1036,2925,3103.05,3.33661
774,958,583,1121.45,1.20586
775,835,-1172,1439.03,1.54734
776,188,-453,490.46,0.52738
777,-524,704,877.61,0.94366
778,-691,771,1035.34,1.11327
779,-634,499,806.82,0.86755
780,-603,404,725.83,0.78046
781,-555,556,785.60,0.84473
782,-392,881,964.27,1.03685
783,89,1138,1141.47,1.22739
784,551,589,806.55,0.86726
785,415,230,474.47,0.51019
786,-92,-124,154.40,0.16602
787,-482,-375,610.70,0.65666
788,-263,-17,263.55,0.28339
789,139,1218,1225.91,1.31818
790,276,2009,2027.87,2.18051
791,-18,1565,1565.10,1.68291
792,-149,767,781.34,0.84015
793,-292,586,654.72,0.70400
794,-184,760,781.96,0.84081
795,174,668,690.29,0.74225
796,514,355,624.68,0.67170
797,276,183,331.16,0.35608
798,-234,6,234.08,0.25170
799,-12,-114,114.63,0.12326
800,874,347,940.36,1.01114
801,913,1305,1592.67,1.71255
802,-41,1833,1833.46,1.97146
803,-856,1318,1571.58,1.68987
804,-579,430,721.21,0.77549
805,159,162,226.99,0.24408
806,329,490,590.20,0.63463
807,52,754,755.79,0.81268
808,149,577,595.93,0.64078
809,395,416,573.66,0.61683
810,216,394,449.32,0.48314
811,-80,230,243.52,0.26185
812,14,-23,26.93,0.02895
813,257,38,259.79,0.27935
814,365,409,548.18,0.58945
815,-35,866,866.71,0.93194
816,-553,884,1042.72,1.12120
817,-514,840,984.78,1.05891
818,-465,640,791.09,0.85064
819,-578,548,796.48,0.85644
820,-511,697,864.25,0.92930
821,-146,808,821.08,0.88289
822,20,575,575.35,0.61865
823,-50,414,417.01,0.44840
824,-7,646,646.04,0.69466
825,260,893,930.08,1.00009
826,618,820,1026.80,1.10409
827,572,354,672.68,0.72331
828,316,173,360.26,0.38737
829,90,349,360.42,0.38755
830,147,404,429.91,0.46227
831,126,47,134.48,0.14460
832,25,-144,146.15,0.15715
833,51,162,169.84,0.18262
834,90,593,599.79,0.64494
835,104,579,588.27,0.63254
836,97,316,330.55,0.35543
837,199,285,347.60,0.37376
838,216,592,630.17,0.67761
839,210,755,783.66,0.84265
840,86,457,465.02,0.50002
841,17,81,82.76,0.08899
842,-69,-83,107.94,0.11606
843,68,81,105.76,0.11372
844,593,296,662.77,0.71266
845,986,255,1018.44,1.09510
846,685,269,735.93,0.79132
# END
# FRAME,44,RX_TS,282164562001,FP_INDEX,748.7812,FP_INT,748,RXPACC,1048,RXPWR,-72.82,FP_PWR,-78.81,STD_NOISE,60.00,NTM,13,NOISE_THRESH,780.00,PEAK_IDX,750,PEAK_AMPL,18569,START,698,elapsed_s,4.3546
sample,real,imag,amplitude,amplitude_norm
698,139,135,193.77,0.18489
699,82,128,152.01,0.14505
700,84,102,132.14,0.12608
701,133,148,198.98,0.18987
702,20,135,136.47,0.13022
703,39,160,164.68,0.15714
704,153,98,181.69,0.17337
705,171,91,193.71,0.18483
706,77,213,226.49,0.21612
707,-6,288,288.06,0.27487
708,51,155,163.17,0.15570
709,222,-39,225.40,0.21508
710,171,-124,211.23,0.20155
711,9,22,23.77,0.02268
712,-22,134,135.79,0.12957
713,103,181,208.25,0.19872
714,191,142,238.00,0.22710
715,171,160,234.18,0.22346
716,211,138,252.12,0.24057
717,283,106,302.20,0.28836
718,468,-52,470.88,0.44931
719,531,52,533.54,0.50910
720,194,158,250.20,0.23874
721,-175,111,207.23,0.19774
722,-85,53,100.17,0.09558
723,242,198,312.68,0.29836
724,255,297,391.45,0.37352
725,56,151,161.05,0.15367
726,129,28,132.00,0.12596
727,287,121,311.46,0.29720
728,282,121,306.86,0.29281
729,108,83,136.21,0.12997
730,128,109,168.12,0.16042
731,122,73,142.17,0.13566
732,113,119,164.10,0.15659
733,103,112,152.16,0.14519
734,107,81,134.20,0.12805
735,44,134,141.04,0.13458
736,-67,126,142.71,0.13617
737,48,53,71.51,0.06823
738,155,-57,165.15,0.15758
739,268,-3,268.02,0.25574
740,192,118,225.36,0.21504
741,56,123,135.15,0.12896
742,100,130,164.01,0.15650
743,173,217,277.52,0.26481
744,175,167,241.90,0.23082
745,186,64,196.70,0.18769
746,94,110,144.69,0.13807
747,201,318,376.20,0.35897
748,1645,2478,2974.31,2.83808
749,6532,10590,12442.47,11.87259
750,9224,16412,18826.47,17.96419
751,6799,15530,16953.09,16.17661
752,-3001,163,3005.42,2.86777
753,-7842,-12248,14543.40,13.87729
754,-2057,-6643,6954.19,6.63567
755,3694,3861,5343.50,5.09876
756,2062,4039,4534.91,4.32720
757,-1613,-1466,2179.66,2.07983
758,-1716,-3098,3541.51,3.37930
759,205,-762,789.09,0.75295
760,507,438,669.99,0.63931
761,-616,-207,649.85,0.62009
762,-1188,-480,1281.31,1.22262
763,-824,26,824.41,0.78665
764,-428,488,649.10,0.61937
765,-562,577,805.46,0.76857
766,-685,300,747.81,0.71356
767,-384,-154,413.73,0.39478
768,22,-377,377.64,0.36034
769,710,68,713.25,0.68058
770,2242,1087,2491.61,2.37749
771,3149,1975,3717.10,3.54685
772,1185,844,1454.84,1.38821
773,-1702,-1459,2241.76,2.13908
774,-2581,-1897,3203.15,3.05644
775,-1118,255,1146.71,1.09419
776,130,1747,1751.83,1.67159
777,285,893,937.38,0.89444
778,-92,-546,553.70,0.52834
779,-292,-765,818.83,0.78133
780,174,-512,540.76,0.51599
781,759,-749,1066.34,1.01750
782,757,-808,1107.21,1.05650
783,125,-753,763.30,0.72834
784,-697,-541,882.32,0.84191
785,-776,56,778.02,0.74238
786,-295,98,310.85,0.29661
787,556,17,556.26,0.53078
788,1176,123,1182.41,1.12826
789,582,-237,628.41,0.59962
790,-658,-1143,1318.87,1.25846
791,-1373,-1679,2168.91,2.06957
792,-772,-1335,1542.14,1.47151
793,85,-750,754.80,0.72023
794,331,-786,852.85,0.81379
795,65,-952,954.22,0.91051
796,-455,-430,626.04,0.59737
797,-628,275,685.57,0.65417
798,-27,258,259.41,0.24753
799,715,27,715.51,0.68274
800,408,124,426.43,0.40690
801,-774,127,784.35,0.74843
802,-1421,-697,1582.73,1.51024
803,-745,-1598,1763.13,1.68238
804,221,-1487,1503.33,1.43448
805,418,-619,746.92,0.71271
806,-35,-24,42.44,0.04049
807,-138,-81,160.02,0.15269
808,101,-323,338.42,0.32292
809,-44,-260,263.70,0.25162
810,-273,3,273.02,0.26051
811,-71,-35,79.16,0.07553
812,420,-64,424.85,0.40539
813,589,101,597.60,0.57023
814,153,151,214.97,0.20512
815,-205,1,205.00,0.19561
816,-51,-725,726.79,0.69350
817,420,-1058,1138.32,1.08618
818,300,-995,1039.24,0.99164
819,282,-678,734.31,0.70068
820,527,-701,877.00,0.83683
821,287,-819,867.83,0.82808
822,-92,-743,748.67,0.71438
823,-65,-479,483.39,0.46125
824,58,-331,336.04,0.32065
825,-106,-540,550.31,0.52510
826,-527,-593,793.33,0.75700
827,-709,-245,750.14,0.71578
828,-395,67,400.64,0.38229
829,-103,78,129.20,0.12328
830,-80,-211,225.66,0.21532
831,-61,-190,199.55,0.19041
832,198,177,265.58,0.25342
833,399,309,504.66,0.48155
834,191,79,206.69,0.19723
835,-205,-329,387.64,0.36989
836,-247,-343,422.68,0.40332
837,-46,-117,125.72,0.11996
838,-90,-80,120.42,0.11490
839,-267,-263,374.78,0.35761
840,-345,-366,502.97,0.47994
841,-182,-145,232.70,0.22204
842,312,120,334.28,0.31897
843,508,165,534.12,0.50966
844,137,122,183.45,0.17505
845,-610,260,663.10,0.63273
846,-789,389,879.68,0.83939
847,-504,271,572.24,0.54603
# END
# FRAME,45,RX_TS,288554344583,FP_INDEX,748.7500,FP_INT,748,RXPACC,973,RXPWR,-73.03,FP_PWR,-77.62,STD_NOISE,44.00,NTM,13,NOISE_THRESH,572.00,PEAK_IDX,750,PEAK_AMPL,17859,START,698,elapsed_s,4.4482
sample,real,imag,amplitude,amplitude_norm
698,196,114,226.74,0.23303
699,206,184,276.21,0.28387
700,32,209,211.44,0.21730
701,-77,213,226.49,0.23278
702,69,186,198.39,0.20389
703,188,91,208.87,0.21466
704,190,105,217.08,0.22311
705,98,154,182.54,0.18760
706,251,135,285.00,0.29291
707,273,180,327.00,0.33607
708,308,194,364.01,0.37411
709,80,154,173.54,0.17836
710,-38,170,174.20,0.17903
711,34,147,150.88,0.15507
712,117,151,191.02,0.19632
713,129,169,212.61,0.21851
714,134,69,150.72,0.15490
715,153,129,200.12,0.20568
716,120,41,126.81,0.13033
717,60,-127,140.46,0.14436
718,38,-309,311.33,0.31997
719,89,-258,272.92,0.28049
720,228,70,238.50,0.24512
721,118,401,418.00,0.42960
722,104,174,202.71,0.20834
723,183,17,183.79,0.18889
724,172,80,189.69,0.19496
725,169,172,241.13,0.24782
726,140,108,176.82,0.18172
727,141,-39,146.29,0.15035
728,61,95,112.90,0.11603
729,95,66,115.68,0.11889
730,109,79,134.62,0.13835
731,137,145,199.48,0.20502
732,107,165,196.66,0.20211
733,78,240,252.36,0.25936
734,128,76,148.86,0.15299
735,118,107,159.29,0.16371
736,160,180,240.83,0.24751
737,146,54,155.67,0.15999
738,92,33,97.74,0.10045
739,15,-71,72.57,0.07458
740,31,68,74.73,0.07681
741,152,177,233.31,0.23978
742,156,160,223.46,0.22966
743,108,107,152.03,0.15625
744,121,43,128.41,0.13198
745,196,87,214.44,0.22039
746,139,130,190.32,0.19560
747,377,53,380.71,0.39127
748,2928,-1144,3143.55,3.23078
749,10904,-4564,11820.63,12.14864
750,16407,-6176,17530.91,18.01738
751,15490,-4158,16038.36,16.48341
752,2241,2153,3107.65,3.19389
753,-10229,5286,11514.09,11.83360
754,-5087,911,5167.93,5.31134
755,3674,-2286,4327.13,4.44721
756,2973,-537,3021.11,3.10494
757,-1975,1515,2489.15,2.55822
758,-2662,965,2831.51,2.91009
759,-243,-257,353.69,0.36351
760,569,-182,597.40,0.61398
761,294,167,338.12,0.34750
762,504,342,609.08,0.62598
763,969,534,1106.40,1.13710
764,730,1275,1469.19,1.50996
765,392,1505,1555.21,1.59837
766,243,674,716.47,0.73635
767,154,-119,194.62,0.20002
768,110,-229,254.05,0.26110
769,476,-455,658.48,0.67676
770,1510,-1800,2349.49,2.41469
771,2178,-2623,3409.37,3.50398
772,859,-794,1169.75,1.20221
773,-1250,1602,2031.97,2.08836
774,-1629,2172,2715.00,2.79034
775,632,1013,1193.98,1.22711
776,1933,232,1946.87,2.00090
777,774,57,776.10,0.79763
778,-683,-184,707.35,0.72698
779,-845,-467,965.46,0.99225
780,-463,-529,703.00,0.72251
781,-486,-530,719.09,0.73905
782,-708,-295,767.00,0.78828
783,-753,30,753.60,0.77451
784,-723,574,923.15,0.94877
785,-274,932,971.44,0.99840
786,-19,649,649.28,0.66730
787,127,-229,261.86,0.26913
788,287,-849,896.20,0.92107
789,-93,-309,322.69,0.33165
790,-1154,700,1349.71,1.38716
791,-1575,1117,1930.88,1.98446
792,-1122,615,1279.50,1.31500
793,-487,99,496.96,0.51075
794,-463,-128,480.37,0.49370
795,-712,147,727.02,0.74719
796,-361,717,802.75,0.82503
797,67,893,895.51,0.92036
798,291,203,354.81,0.36466
799,359,-418,551.00,0.56629
800,562,-86,568.54,0.58432
801,186,893,912.16,0.93748
802,-735,1379,1562.65,1.60601
803,-1474,857,1705.03,1.75234
804,-1189,-44,1189.81,1.22283
805,-471,-216,518.17,0.53255
806,-69,10,69.72,0.07166
807,-180,248,306.44,0.31494
808,-340,243,417.91,0.42951
809,-261,326,417.61,0.42920
810,-54,497,499.92,0.51380
811,-17,320,320.45,0.32934
812,90,-131,158.94,0.16335
813,165,-253,302.05,0.31043
814,155,-38,159.59,0.16402
815,7,382,382.06,0.39267
816,-617,263,670.71,0.68933
817,-944,-52,945.43,0.97167
818,-1004,-40,1004.80,1.03268
819,-709,-118,718.75,0.73870
820,-642,-326,720.03,0.74001
821,-709,-225,743.85,0.76449
822,-678,147,693.75,0.71300
823,-389,155,418.74,0.43036
824,-257,91,272.64,0.28020
825,-359,371,516.26,0.53058
826,-418,724,836.00,0.85920
827,-242,864,897.25,0.92215
828,18,618,618.26,0.63542
829,-91,482,490.52,0.50413
830,-190,381,425.75,0.43756
831,-114,324,343.47,0.35300
832,173,50,180.08,0.18508
833,277,-107,296.95,0.30519
834,30,62,68.88,0.07079
835,-267,256,369.90,0.38016
836,-252,313,401.84,0.41299
837,-178,259,314.27,0.32299
838,-151,322,355.65,0.36552
839,-361,484,603.80,0.62056
840,-473,540,717.86,0.73778
841,-295,241,380.93,0.39150
842,31,-76,82.08,0.08436
843,121,-115,166.93,0.17156
844,-8,182,182.18,0.18723
845,116,810,818.26,0.84097
846,337,1085,1136.13,1.16766
847,81,722,726.53,0.74669
# END
# FRAME,46,RX_TS,294944127123,FP_INDEX,749.7969,FP_INT,749,RXPACC,934,RXPWR,-72.44,FP_PWR,-78.67,STD_NOISE,52.00,NTM,13,NOISE_THRESH,676.00,PEAK_IDX,751,PEAK_AMPL,16761,START,699,elapsed_s,4.6309
sample,real,imag,amplitude,amplitude_norm
699,62,149,161.38,0.17279
700,59,105,120.44,0.12895
701,101,96,139.34,0.14919
702,174,39,178.32,0.19092
703,109,71,130.08,0.13928
704,59,29,65.74,0.07039
705,77,-13,78.09,0.08361
706,140,33,143.84,0.15400
707,31,58,65.76,0.07041
708,-95,46,105.55,0.11301
709,-39,33,51.09,0.05470
710,166,127,209.01,0.22378
711,170,174,243.26,0.26045
712,116,47,125.16,0.13400
713,103,-91,137.44,0.14715
714,150,-61,161.93,0.17337
715,146,183,234.10,0.25065
716,140,221,261.61,0.28010
717,-2,196,196.01,0.20986
718,-108,227,251.38,0.26915
719,22,303,303.80,0.32527
720,57,282,287.70,0.30803
721,58,74,94.02,0.10067
722,133,-183,226.23,0.24221
723,128,31,131.70,0.14101
724,35,255,257.39,0.27558
725,-80,175,192.42,0.20602
726,-21,125,126.75,0.13571
727,203,142,247.74,0.26524
728,224,144,266.29,0.28511
729,200,168,261.20,0.27965
730,145,51,153.71,0.16457
731,150,112,187.20,0.20043
732,177,108,207.35,0.22200
733,125,42,131.87,0.14119
734,206,-1,206.00,0.22056
735,153,74,169.96,0.18197
736,110,96,146.00,0.15632
737,136,64,150.31,0.16093
738,131,-9,131.31,0.14059
739,106,120,160.11,0.17143
740,144,221,263.77,0.28241
741,127,163,206.63,0.22124
742,115,29,118.60,0.12698
743,130,-42,136.62,0.14627
744,76,35,83.67,0.08958
745,87,182,201.73,0.21598
746,80,163,181.57,0.19440
747,161,101,190.06,0.20349
748,0,33,33.00,0.03533
749,-2173,312,2195.28,2.35041
750,-10449,1123,10509.17,11.25179
751,-16413,1109,16450.42,17.61287
752,-14968,-393,14973.16,16.03122
753,716,-2347,2453.79,2.62718
754,13080,-1584,13175.56,14.10660
755,6701,915,6763.18,7.24109
756,-4086,1474,4343.74,4.65068
757,-3847,109,3848.54,4.12050
758,2014,-650,2116.29,2.26584
759,3446,-99,3447.42,3.69103
760,893,494,1020.53,1.09265
761,-472,398,617.40,0.66103
762,449,234,506.32,0.54210
763,1354,478,1435.90,1.53736
764,978,682,1192.31,1.27657
765,149,407,433.42,0.46404
766,-70,-92,115.60,0.12377
767,285,-97,301.05,0.32233
768,390,226,450.75,0.48260
769,106,264,284.49,0.30459
770,-351,247,429.20,0.45953
771,-1469,1080,1823.28,1.95212
772,-2435,1715,2978.33,3.18879
773,-904,616,1093.93,1.17123
774,1947,-928,2156.85,2.30926
775,2787,-1332,3088.95,3.30722
776,405,-897,984.19,1.05374
777,-1385,-495,1470.80,1.57473
778,-614,30,614.73,0.65817
779,832,416,930.20,0.99594
780,1033,493,1144.61,1.22550
781,536,583,791.95,0.84791
782,400,868,955.73,1.02327
783,618,742,965.65,1.03389
784,896,232,925.55,0.99095
785,1121,-381,1183.98,1.26764
786,552,-560,786.32,0.84189
787,305,-289,420.17,0.44986
788,178,228,289.25,0.30969
789,-75,624,628.49,0.67290
790,191,449,487.94,0.52242
791,1337,-39,1337.57,1.43209
792,2038,-387,2074.42,2.22100
793,1611,-159,1618.83,1.73322
794,835,276,879.43,0.94158
795,542,393,669.49,0.71680
796,762,78,765.98,0.82011
797,621,-443,762.82,0.81672
798,252,-600,650.77,0.69676
799,-46,6,46.39,0.04967
800,-281,651,709.06,0.75916
801,-328,394,512.66,0.54889
802,137,-565,581.37,0.62245
803,1141,-892,1448.29,1.55063
804,1859,-194,1869.10,2.00117
805,1470,569,1576.28,1.68767
806,658,538,849.95,0.91001
807,208,-35,210.92,0.22583
808,503,-71,507.99,0.54388
809,766,145,779.60,0.83469
810,609,75,613.60,0.65696
811,432,-202,476.89,0.51059
812,251,-11,251.24,0.26899
813,102,426,438.04,0.46899
814,-65,422,426.98,0.45715
815,39,60,71.56,0.07662
816,315,-245,399.06,0.42726
817,852,94,857.17,0.91774
818,904,571,1069.23,1.14479
819,977,561,1126.61,1.20622
820,831,407,925.32,0.99070
821,660,560,865.56,0.92673
822,734,571,929.94,0.99566
823,778,250,817.18,0.87493
824,621,98,628.69,0.67311
825,444,220,495.52,0.53053
826,580,134,595.28,0.63734
827,741,-160,758.08,0.81165
828,596,-417,727.40,0.77880
829,358,-336,490.98,0.52567
830,199,-131,238.25,0.25508
831,346,-66,352.24,0.37713
832,333,13,333.25,0.35680
833,165,115,201.12,0.21533
834,-66,161,174.00,0.18630
835,1,94,94.01,0.10065
836,363,-38,364.98,0.39077
837,548,-31,548.88,0.58766
838,435,45,437.32,0.46822
839,357,89,367.93,0.39393
840,502,-63,505.94,0.54169
841,581,-239,628.24,0.67263
842,356,-133,380.03,0.40689
843,14,186,186.53,0.19971
844,-25,309,310.01,0.33192
845,200,94,220.99,0.23660
846,358,-602,700.41,0.74990
847,166,-915,929.94,0.99565
848,242,-554,604.55,0.64727
# END
# FRAME,47,RX_TS,301333910207,FP_INDEX,749.7031,FP_INT,749,RXPACC,1125,RXPWR,-74.81,FP_PWR,-79.90,STD_NOISE,68.00,NTM,13,NOISE_THRESH,884.00,PEAK_IDX,751,PEAK_AMPL,19383,START,699,elapsed_s,4.7062
sample,real,imag,amplitude,amplitude_norm
699,84,80,116.00,0.10311
700,157,121,198.22,0.17619
701,203,182,272.64,0.24235
702,334,141,362.54,0.32226
703,251,41,254.33,0.22607
704,215,50,220.74,0.19621
705,247,130,279.12,0.24811
706,156,-7,156.16,0.13881
707,174,-35,177.49,0.15776
708,166,-120,204.83,0.18207
709,106,16,107.20,0.09529
710,100,121,156.97,0.13953
711,172,127,213.81,0.19005
712,278,42,281.15,0.24992
713,257,-40,260.09,0.23119
714,123,56,135.15,0.12013
715,97,117,151.98,0.13509
716,32,149,152.40,0.13546
717,27,57,63.07,0.05606
718,-161,241,289.83,0.25763
719,-244,381,452.43,0.40216
720,-178,390,428.70,0.38107
721,85,107,136.65,0.12147
722,362,-170,399.93,0.35549
723,259,-62,266.32,0.23673
724,31,141,144.37,0.12833
725,-32,140,143.61,0.12765
726,57,101,115.97,0.10309
727,170,187,252.72,0.22464
728,200,232,306.31,0.27227
729,33,142,145.78,0.12959
730,101,120,156.85,0.13942
731,127,132,183.17,0.16282
732,150,92,175.97,0.15641
733,162,52,170.14,0.15124
734,255,84,268.48,0.23865
735,187,84,205.00,0.18222
736,101,4,101.08,0.08985
737,139,-74,157.47,0.13997
738,177,40,181.46,0.16130
739,172,179,248.24,0.22066
740,49,236,241.03,0.21425
741,-18,93,94.73,0.08420
742,144,86,167.73,0.14909
743,160,55,169.19,0.15039
744,157,90,180.97,0.16086
745,90,136,163.08,0.14496
746,102,94,138.71,0.12330
747,61,40,72.95,0.06484
748,-137,-132,190.24,0.16911
749,-2901,-1779,3403.03,3.02492
750,-11353,-7242,13466.15,11.96991
751,-16409,-11342,19947.34,17.73097
752,-13780,-11655,18047.92,16.04259
753,971,-2477,2660.52,2.36491
754,11504,7594,13784.44,12.25284
755,3782,4946,6226.27,5.53446
756,-4418,-1658,4718.87,4.19455
757,-1944,-2200,2935.84,2.60963
758,3024,1175,3244.26,2.88378
759,2603,2121,3357.72,2.98464
760,35,759,759.81,0.67538
761,-172,350,389.98,0.34665
762,1170,692,1359.32,1.20829
763,2090,505,2150.15,1.91124
764,1816,-147,1821.94,1.61950
765,1218,-309,1256.58,1.11696
766,848,62,850.26,0.75579
767,191,-3,191.02,0.16980
768,-287,-287,405.88,0.36078
769,-187,-224,291.80,0.25937
770,-559,100,567.87,0.50478
771,-2484,229,2494.53,2.21736
772,-3593,-288,3604.52,3.20402
773,-1125,-437,1206.89,1.07280
774,2453,368,2480.45,2.20484
775,3039,516,3082.50,2.74000
776,519,-896,1035.46,0.92041
777,-1052,-1736,2029.88,1.80433
778,-235,-606,649.97,0.57775
779,804,834,1158.44,1.02972
780,751,1193,1409.70,1.25307
781,-1,890,890.00,0.79111
782,-393,702,804.52,0.71513
783,-25,728,728.43,0.64749
784,677,617,915.98,0.81420
785,1322,374,1373.89,1.22123
786,1023,-171,1037.19,0.92195
787,505,-149,526.52,0.46802
788,-279,233,363.50,0.32311
789,-772,406,872.25,0.77533
790,-100,536,545.25,0.48467
791,1439,832,1662.21,1.47752
792,2163,1056,2407.01,2.13957
793,1356,960,1661.43,1.47682
794,314,646,718.27,0.63846
795,215,701,733.23,0.65176
796,453,619,767.05,0.68182
797,521,-42,522.69,0.46461
798,305,-684,748.92,0.66571
799,-265,-310,407.83,0.36252
800,-674,202,703.62,0.62544
801,-425,-260,498.22,0.44286
802,686,-737,1006.86,0.89499
803,1881,-134,1885.77,1.67624
804,1944,1142,2254.62,2.00410
805,1095,1587,1928.11,1.71387
806,366,916,986.41,0.87681
807,283,195,343.68,0.30549
808,437,298,528.94,0.47017
809,354,608,703.55,0.62538
810,319,398,510.06,0.45339
811,442,8,442.07,0.39295
812,256,170,307.30,0.27316
813,-145,530,549.48,0.48842
814,-265,336,427.93,0.38038
815,72,-151,167.29,0.14870
816,612,-143,628.48,0.55865
817,861,704,1112.18,0.98860
818,566,1314,1430.72,1.27175
819,405,1142,1211.69,1.07706
820,111,962,968.38,0.86078
821,-21,1055,1055.21,0.93796
822,392,1058,1128.29,1.00292
823,580,891,1063.15,0.94502
824,282,557,624.32,0.55495
825,105,473,484.51,0.43068
826,418,600,731.25,0.65000
827,891,390,972.62,0.86455
828,870,78,873.49,0.77644
829,451,-176,484.12,0.43033
830,249,-52,254.37,0.22611
831,483,110,495.37,0.44033
832,468,204,510.53,0.45380
833,39,102,109.20,0.09707
834,-295,55,300.08,0.26674
835,-143,168,220.62,0.19611
836,282,228,362.64,0.32235
837,552,272,615.38,0.54700
838,449,235,506.78,0.45047
839,403,224,461.07,0.40984
840,621,329,702.77,0.62468
841,804,302,858.85,0.76342
842,486,214,531.03,0.47203
843,32,194,196.62,0.17477
844,-50,231,236.35,0.21009
845,169,65,181.07,0.16095
846,698,-417,813.08,0.72273
847,775,-703,1046.34,0.93008
848,585,-386,700.87,0.62300
# END
# FRAME,48,RX_TS,307723692784,FP_INDEX,750.9062,FP_INT,750,RXPACC,932,RXPWR,-73.23,FP_PWR,-78.18,STD_NOISE,48.00,NTM,13,NOISE_THRESH,624.00,PEAK_IDX,752,PEAK_AMPL,16676,START,700,elapsed_s,4.7868
sample,real,imag,amplitude,amplitude_norm
700,147,132,197.57,0.21198
701,188,230,297.06,0.31873
702,70,81,107.06,0.11487
703,11,158,158.38,0.16994
704,-33,257,259.11,0.27802
705,115,263,287.04,0.30799
706,177,228,288.64,0.30970
707,128,98,161.21,0.17297
708,131,51,140.58,0.15083
709,173,170,242.55,0.26024
710,228,227,321.73,0.34521
711,106,124,163.13,0.17503
712,48,28,55.57,0.05962
713,110,111,156.27,0.16767
714,119,238,266.09,0.28551
715,53,195,202.07,0.21682
716,161,109,194.43,0.20861
717,166,70,180.16,0.19330
718,186,120,221.35,0.23750
719,167,-31,169.85,0.18225
720,198,-231,304.24,0.32644
721,174,-200,265.10,0.28444
722,128,96,160.00,0.17167
723,1,315,315.00,0.33798
724,71,254,263.74,0.28298
725,218,67,228.06,0.24470
726,180,98,204.95,0.21990
727,125,105,163.25,0.17516
728,29,-14,32.20,0.03455
729,59,-1,59.01,0.06331
730,173,6,173.10,0.18573
731,103,113,152.90,0.16405
732,136,137,193.04,0.20713
733,74,108,130.92,0.14047
734,75,133,152.69,0.16383
735,82,142,163.98,0.17594
736,180,189,261.00,0.28004
737,130,175,218.00,0.23391
738,64,151,164.00,0.17597
739,113,166,200.81,0.21546
740,75,-17,76.90,0.08251
741,131,-17,132.10,0.14174
742,100,15,101.12,0.10850
743,110,180,210.95,0.22634
744,96,193,215.56,0.23128
745,116,133,176.48,0.18936
746,107,137,173.83,0.18652
747,137,125,185.46,0.19899
748,192,158,248.65,0.26679
749,247,105,268.39,0.28797
750,2259,209,2268.65,2.43417
751,9855,683,9878.64,10.59940
752,16413,1611,16491.87,17.69514
753,15861,2893,16122.68,17.29901
754,3613,2785,4561.80,4.89463
755,-10342,48,10342.11,11.09669
756,-6294,-1726,6526.37,7.00254
757,3385,-616,3440.59,3.69162
758,3444,741,3522.81,3.77984
759,-1716,615,1822.88,1.95588
760,-2833,-116,2835.37,3.04225
761,-491,-160,516.41,0.55409
762,506,448,675.83,0.72513
763,-161,939,952.70,1.02221
764,-376,987,1056.19,1.13325
765,175,785,804.27,0.86295
766,377,672,770.53,0.82675
767,70,671,674.64,0.72386
768,38,539,540.34,0.57976
769,322,162,360.46,0.38675
770,347,-92,358.99,0.38518
771,633,-269,687.79,0.73797
772,1842,-810,2012.23,2.15904
773,3002,-1040,3177.04,3.40884
774,1693,-262,1713.15,1.83815
775,-1322,717,1503.92,1.61365
776,-2397,1025,2606.96,2.79717
777,-258,978,1011.46,1.08526
778,1546,1055,1871.67,2.00823
779,875,479,997.53,1.07031
780,-428,-321,535.00,0.57403
781,-615,-590,852.25,0.91443
782,-20,-568,568.35,0.60982
783,76,-587,591.90,0.63509
784,-238,-480,535.76,0.57486
785,-459,-93,468.33,0.50250
786,-668,320,740.69,0.79473
787,-558,663,866.56,0.92979
788,-285,547,616.79,0.66180
789,106,-43,114.39,0.12274
790,502,-441,668.20,0.71695
791,80,-301,311.45,0.33417
792,-1209,182,1222.62,1.31183
793,-1980,286,2000.55,2.14651
794,-1334,-10,1334.04,1.43137
795,-271,-165,317.28,0.34043
796,-81,-152,172.24,0.18480
797,-401,-132,422.17,0.45297
798,-369,116,386.80,0.41503
799,104,492,502.87,0.53956
800,385,287,480.20,0.51524
801,505,-141,524.31,0.56257
802,529,270,593.92,0.63725
803,-35,1072,1072.57,1.15083
804,-1124,1127,1591.70,1.70783
805,-1780,137,1785.26,1.91552
806,-1206,-727,1408.18,1.51092
807,-365,-509,626.34,0.67204
808,-101,93,137.30,0.14731
809,-286,189,342.81,0.36782
810,-420,-124,437.92,0.46987
811,-280,-47,283.92,0.30463
812,-130,210,246.98,0.26500
813,-42,192,196.54,0.21088
814,140,-249,285.66,0.30650
815,290,-199,351.71,0.37737
816,278,174,327.96,0.35189
817,-2,342,342.01,0.36696
818,-577,-44,578.68,0.62090
819,-783,-684,1039.69,1.11554
820,-755,-746,1061.39,1.13883
821,-458,-581,739.81,0.79379
822,-350,-719,799.66,0.85801
823,-512,-677,848.81,0.91074
824,-872,-472,991.55,1.06389
825,-642,-292,705.29,0.75674
826,-261,-178,315.92,0.33897
827,-335,-37,337.04,0.36163
828,-485,280,560.02,0.60088
829,-560,495,747.41,0.80194
830,-189,510,543.89,0.58358
831,7,310,310.08,0.33270
832,-176,189,258.26,0.27710
833,-180,114,213.06,0.22861
834,117,-2,117.02,0.12555
835,443,-33,444.23,0.47664
836,215,17,215.67,0.23141
837,-174,79,191.09,0.20504
838,-336,129,359.91,0.38617
839,-254,78,265.71,0.28509
840,-313,65,319.68,0.34300
841,-396,172,431.74,0.46324
842,-400,154,428.62,0.45989
843,-147,186,237.08,0.25437
844,262,1,262.00,0.28112
845,322,-116,342.26,0.36723
846,39,25,46.32,0.04970
847,-245,604,651.80,0.69935
848,-132,919,928.43,0.99617
849,-84,726,730.84,0.78417
# END
# FRAME,49,RX_TS,314113475332,FP_INDEX,750.6875,FP_INT,750,RXPACC,943,RXPWR,-72.20,FP_PWR,-78.10,STD_NOISE,48.00,NTM,13,NOISE_THRESH,624.00,PEAK_IDX,752,PEAK_AMPL,17436,START,700,elapsed_s,4.9138
sample,real,imag,amplitude,amplitude_norm
700,89,30,93.92,0.09960
701,160,95,186.08,0.19733
702,83,152,173.18,0.18365
703,143,148,205.80,0.21824
704,100,61,117.14,0.12422
705,99,36,105.34,0.11171
706,156,58,166.43,0.17649
707,114,98,150.33,0.15942
708,40,51,64.82,0.06873
709,8,-43,43.74,0.04638
710,72,50,87.66,0.09296
711,43,189,193.83,0.20555
712,88,148,172.19,0.18259
713,127,88,154.51,0.16385
714,192,64,202.39,0.21462
715,142,91,168.66,0.17885
716,60,59,84.15,0.08924
717,38,108,114.49,0.12141
718,-13,16,20.62,0.02186
719,-139,-22,140.73,0.14924
720,-262,5,262.05,0.27789
721,-244,7,244.10,0.25886
722,164,86,185.18,0.19637
723,326,140,354.79,0.37624
724,161,206,261.45,0.27726
725,-3,87,87.05,0.09231
726,-1,-68,68.01,0.07212
727,108,-2,108.02,0.11455
728,34,166,169.45,0.17969
729,-8,198,198.16,0.21014
730,-29,99,103.16,0.10940
731,114,1,114.00,0.12090
732,225,21,225.98,0.23964
733,97,89,131.64,0.13960
734,37,149,153.53,0.16281
735,143,118,185.40,0.19661
736,159,94,184.71,0.19587
737,226,68,236.01,0.25027
738,161,117,199.02,0.21105
739,126,179,218.90,0.23213
740,19,180,181.00,0.19194
741,-91,227,244.56,0.25934
742,-49,120,129.62,0.13745
743,185,78,200.77,0.21291
744,172,4,172.05,0.18245
745,100,5,100.12,0.10618
746,62,103,120.22,0.12749
747,46,197,202.30,0.21453
748,147,158,215.81,0.22885
749,87,-114,143.41,0.15207
750,-720,-2678,2773.10,2.94072
751,-2985,-11264,11652.81,12.35717
752,-3698,-16402,16813.71,17.83002
753,-1681,-14109,14208.79,15.06764
754,2646,2530,3660.90,3.88219
755,3073,12978,13336.86,14.14301
756,-554,5445,5473.11,5.80394
757,-2111,-4341,4827.07,5.11884
758,-31,-3092,3092.16,3.27906
759,1432,2370,2769.03,2.93640
760,713,3181,3259.93,3.45698
761,-248,700,742.63,0.78752
762,-210,-262,335.77,0.35607
763,13,433,433.20,0.45938
764,281,407,494.58,0.52448
765,598,210,633.80,0.67211
766,869,560,1033.81,1.09630
767,753,913,1183.46,1.25499
768,162,515,539.88,0.57251
769,-83,-155,175.82,0.18645
770,70,-263,272.16,0.28861
771,-174,-177,248.20,0.26321
772,-1364,-1166,1794.45,1.90292
773,-1875,-2320,2982.96,3.16326
774,-187,-805,826.43,0.87639
775,1725,1981,2626.78,2.78556
776,1866,2314,2972.63,3.15232
777,940,-200,961.04,1.01913
778,502,-1656,1730.42,1.83501
779,254,-455,521.10,0.55259
780,-70,1077,1079.27,1.14451
781,-146,1167,1176.10,1.24719
782,-320,652,726.29,0.77020
783,-481,545,726.90,0.77084
784,-380,654,756.38,0.80210
785,42,854,855.03,0.90671
786,648,980,1174.86,1.24588
787,831,484,961.67,1.01980
788,473,457,657.71,0.69746
789,-242,200,313.95,0.33293
790,-644,-101,651.87,0.69127
791,-162,317,356.00,0.37751
792,720,1542,1701.81,1.80468
793,955,2225,2421.29,2.56765
794,385,1481,1530.22,1.62272
795,-69,436,441.43,0.46811
796,-9,444,444.09,0.47093
797,116,807,815.29,0.86458
798,403,595,718.63,0.76207
799,564,-3,564.01,0.59810
800,251,-183,310.63,0.32940
801,-134,-109,172.73,0.18317
802,209,-170,269.41,0.28569
803,1086,267,1118.34,1.18594
804,1372,1310,1896.97,2.01163
805,552,2033,2106.61,2.23394
806,-260,1507,1529.26,1.62170
807,-175,694,715.72,0.75899
808,323,336,466.07,0.49425
809,337,554,648.45,0.68764
810,53,776,777.81,0.82482
811,20,585,585.34,0.62072
812,292,234,374.19,0.39681
813,240,116,266.56,0.28268
814,-92,184,205.72,0.21815
815,-152,25,154.04,0.16335
816,142,28,144.73,0.15348
817,286,354,455.10,0.48260
818,52,936,937.44,0.99411
819,-305,984,1030.18,1.09245
820,-246,896,929.16,0.98532
821,-176,692,714.03,0.75719
822,-223,731,764.26,0.81045
823,-305,967,1013.96,1.07525
824,-158,976,988.71,1.04847
825,-28,711,711.55,0.75456
826,53,463,466.02,0.49419
827,192,494,530.00,0.56204
828,473,717,858.96,0.91088
829,633,585,861.92,0.91402
830,515,225,562.01,0.59598
831,276,190,335.08,0.35533
832,210,465,510.22,0.54106
833,200,467,508.02,0.53873
834,1,91,91.01,0.09651
835,-174,-157,234.36,0.24853
836,-48,32,57.69,0.06118
837,241,453,513.12,0.54413
838,346,553,652.32,0.69175
839,118,445,460.38,0.48821
840,86,291,303.44,0.32178
841,299,447,537.78,0.57029
842,451,561,719.81,0.76332
843,342,356,493.66,0.52350
844,-54,21,57.94,0.06144
845,-123,-3,123.04,0.13047
846,240,238,338.00,0.35843
847,779,256,819.99,0.86955
848,853,-2,853.00,0.90456
849,633,164,653.90,0.69343
# END
# FRAME,50,RX_TS,320503257898,FP_INDEX,751.0469,FP_INT,751,RXPACC,937,RXPWR,-72.72,FP_PWR,-80.62,STD_NOISE,48.00,NTM,13,NOISE_THRESH,624.00,PEAK_IDX,753,PEAK_AMPL,16596,START,701,elapsed_s,4.9559
sample,real,imag,amplitude,amplitude_norm
701,131,92,160.08,0.17084
702,89,46,100.18,0.10692
703,63,24,67.42,0.07195
704,76,51,91.53,0.09768
705,80,178,195.15,0.20827
706,47,122,130.74,0.13953
707,2,53,53.04,0.05660
708,-6,58,58.31,0.06223
709,77,88,116.93,0.12479
710,82,174,192.35,0.20529
711,162,64,174.18,0.18590
712,192,-47,197.67,0.21096
713,110,-32,114.56,0.12226
714,8,93,93.34,0.09962
715,52,192,198.92,0.21229
716,85,142,165.50,0.17662
717,100,130,164.01,0.17504
718,58,206,214.01,0.22840
719,171,229,285.80,0.30502
720,374,190,419.49,0.44770
721,505,169,532.53,0.56833
722,289,148,324.69,0.34652
723,9,101,101.40,0.10822
724,5,92,92.14,0.09833
725,136,171,218.49,0.23318
726,126,223,256.13,0.27336
727,93,177,199.94,0.21339
728,142,146,203.67,0.21736
729,217,173,277.52,0.29618
730,118,134,178.55,0.19055
731,89,23,91.92,0.09810
732,119,44,126.87,0.13540
733,129,105,166.33,0.17751
734,87,111,141.03,0.15051
735,26,56,61.74,0.06589
736,62,53,81.57,0.08705
737,64,108,125.54,0.13398
738,24,127,129.25,0.13794
739,19,90,91.98,0.09817
740,125,29,128.32,0.13695
741,253,39,255.99,0.27320
742,227,95,246.08,0.26262
743,149,45,155.65,0.16611
744,49,37,61.40,0.06553
745,84,140,163.27,0.17424
746,150,212,259.70,0.27716
747,108,154,188.10,0.20074
748,128,76,148.86,0.15887
749,133,178,222.20,0.23714
750,200,1473,1486.52,1.58646
751,258,8400,8403.96,8.96901
752,-90,16057,16057.25,17.13688
753,-1104,16409,16446.10,17.55186
754,-1977,4152,4598.66,4.90785
755,-261,-11743,11745.90,12.53565
756,1923,-9093,9294.12,9.91901
757,1628,2545,3021.16,3.22429
758,-118,4903,4904.42,5.23417
759,-718,-827,1095.20,1.16883
760,20,-3468,3468.06,3.70124
761,583,-1168,1305.42,1.39319
762,97,438,448.61,0.47878
763,-623,-309,695.42,0.74218
764,-885,-950,1298.35,1.38565
765,-489,-459,670.67,0.71577
766,-48,61,77.62,0.08284
767,-23,17,28.60,0.03052
768,-198,-111,226.99,0.24225
769,13,83,84.01,0.08966
770,205,243,317.92,0.33930
771,366,297,471.34,0.50304
772,946,1301,1608.58,1.71673
773,1502,2774,3154.53,3.36663
774,794,1976,2129.56,2.27274
775,-561,-1102,1236.58,1.31972
776,-1001,-2773,2948.14,3.14636
777,-866,-885,1238.22,1.32147
778,-787,1123,1371.31,1.46351
779,-386,911,989.40,1.05593
780,296,-301,422.16,0.45054
781,613,-666,905.17,0.96603
782,476,-405,624.98,0.66700
783,707,-313,773.19,0.82517
784,821,-407,916.35,0.97796
785,455,-618,767.43,0.81903
786,-109,-985,991.01,1.05764
787,-495,-514,713.60,0.76158
788,-244,-157,290.15,0.30965
789,284,108,303.84,0.32427
790,678,395,784.67,0.83743
791,556,247,608.40,0.64930
792,139,-874,884.98,0.94449
793,-59,-1836,1836.95,1.96046
794,-95,-1614,1616.79,1.72550
795,149,-683,699.06,0.74607
796,363,-288,463.37,0.49453
797,487,-417,641.14,0.68425
798,74,-348,355.78,0.37970
799,-533,-54,535.73,0.57175
800,-466,54,469.12,0.50066
801,282,230,363.90,0.38837
802,392,418,573.05,0.61158
803,-413,95,423.79,0.45228
804,-789,-931,1220.36,1.30241
805,-105,-1677,1680.28,1.79326
806,786,-1284,1505.47,1.60670
807,849,-555,1014.31,1.08251
808,187,-244,307.42,0.32809
809,-60,-395,399.53,0.42639
810,290,-531,605.03,0.64571
811,420,-486,642.34,0.68552
812,3,-170,170.03,0.18146
813,-134,15,134.84,0.14390
814,261,63,268.50,0.28655
815,515,230,564.03,0.60195
816,241,274,364.91,0.38944
817,-44,72,84.38,0.09005
818,174,-427,461.09,0.49209
819,687,-732,1003.89,1.07139
820,664,-697,962.66,1.02738
821,620,-440,760.26,0.81138
822,781,-353,857.07,0.91470
823,819,-486,952.34,1.01637
824,520,-665,844.17,0.90093
825,171,-419,452.55,0.48298
826,213,-235,317.17,0.33849
827,202,-319,377.58,0.40296
828,-40,-575,576.39,0.61514
829,-357,-563,666.65,0.71147
830,-369,-223,431.15,0.46014
831,-70,26,74.67,0.07969
832,23,-60,64.26,0.06858
833,-30,-209,211.14,0.22534
834,4,52,52.15,0.05566
835,172,384,420.76,0.44905
836,198,257,324.43,0.34624
837,59,-159,169.59,0.18100
838,-59,-398,402.35,0.42940
839,62,-238,245.94,0.26248
840,87,-166,187.42,0.20002
841,79,-301,311.19,0.33212
842,-14,-408,408.24,0.43569
843,-58,-331,336.04,0.35864
844,70,20,72.80,0.07770
845,203,172,266.07,0.28396
846,104,35,109.73,0.11711
847,-346,-146,375.54,0.40079
848,-705,-211,735.90,0.78538
849,-597,-167,619.92,0.66160
850,306,-204,367.77,0.39249
# END
# FRAME,51,RX_TS,326893040462,FP_INDEX,751.8437,FP_INT,751,RXPACC,940,RXPWR,-72.53,FP_PWR,-78.84,STD_NOISE,64.00,NTM,13,NOISE_THRESH,832.00,PEAK_IDX,753,PEAK_AMPL,16509,START,701,elapsed_s,5.1144
sample,real,imag,amplitude,amplitude_norm
701,104,85,134.32,0.14289
702,70,131,148.53,0.15801
703,135,70,152.07,0.16178
704,177,44,182.39,0.19403
705,82,-46,94.02,0.10002
706,22,-65,68.62,0.07300
707,108,-83,136.21,0.14490
708,127,-6,127.14,0.13526
709,129,71,147.25,0.15665
710,-26,-17,31.06,0.03305
711,74,-5,74.17,0.07890
712,175,115,209.40,0.22277
713,170,94,194.26,0.20666
714,79,63,101.04,0.10749
715,22,46,50.99,0.05424
716,101,84,131.37,0.13975
717,131,94,161.24,0.17153
718,91,114,145.87,0.15518
719,35,134,138.50,0.14734
720,-5,267,267.05,0.28409
721,11,432,432.14,0.45972
722,-16,421,421.30,0.44820
723,114,138,179.00,0.19042
724,183,-48,189.19,0.20127
725,224,-18,224.72,0.23907
726,66,89,110.80,0.11787
727,34,162,165.53,0.17610
728,-5,177,177.07,0.18837
729,150,173,228.97,0.24359
730,239,131,272.55,0.28994
731,150,119,191.47,0.20369
732,115,170,205.24,0.21834
733,65,96,115.94,0.12334
734,77,21,79.81,0.08491
735,87,37,94.54,0.10058
736,83,153,174.06,0.18517
737,91,64,111.25,0.11835
738,64,2,64.03,0.06812
739,118,69,136.69,0.14542
740,61,77,98.23,0.10450
741,90,140,166.43,0.17706
742,147,198,246.60,0.26234
743,107,71,128.41,0.13661
744,143,42,149.04,0.15855
745,64,52,82.46,0.08773
746,108,106,151.33,0.16099
747,159,129,204.75,0.21782
748,152,111,188.22,0.20023
749,149,117,189.45,0.20154
750,-28,116,119.33,0.12695
751,-1984,258,2000.70,2.12841
752,-10052,478,10063.36,10.70570
753,-16411,77,16411.18,17.45870
754,-15426,-1176,15470.76,16.45826
755,-195,-1915,1924.90,2.04777
756,13037,-278,13039.96,13.87230
757,7588,1864,7813.59,8.31233
758,-3682,1481,3968.69,4.22201
759,-4138,-257,4145.97,4.41061
760,1805,-661,1922.22,2.04492
761,3565,174,3569.24,3.79707
762,802,864,1178.86,1.25410
763,-957,992,1378.37,1.46635
764,-473,916,1030.91,1.09672
765,263,432,505.76,0.53804
766,342,-315,464.96,0.49464
767,298,-703,763.55,0.81229
768,287,-522,595.70,0.63372
769,249,4,249.03,0.26493
770,150,232,276.27,0.29390
771,78,72,106.15,0.11293
772,-167,117,203.91,0.21692
773,-1252,918,1552.49,1.65159
774,-2587,1469,2974.98,3.16488
775,-1195,558,1318.86,1.40304
776,1920,-724,2051.97,2.18295
777,3055,-1071,3237.29,3.44393
778,857,-791,1166.25,1.24069
779,-1146,-517,1257.22,1.33747
780,-708,-96,714.48,0.76008
781,570,397,694.63,0.73897
782,976,521,1106.35,1.17697
783,804,541,969.07,1.03093
784,705,688,985.07,1.04795
785,636,570,854.05,0.90856
786,875,171,891.55,0.94846
787,1201,-237,1224.16,1.30230
788,691,-427,812.29,0.86413
789,382,-177,421.01,0.44789
790,160,308,347.08,0.36923
791,-73,562,566.72,0.60289
792,128,431,449.61,0.47830
793,1340,73,1341.99,1.42765
794,2292,-45,2292.44,2.43877
795,2038,4,2038.00,2.16809
796,1090,215,1111.00,1.18192
797,703,439,828.81,0.88172
798,746,387,840.41,0.89405
799,605,73,609.39,0.64829
800,309,-344,462.40,0.49192
801,167,-198,259.02,0.27556
802,-71,284,292.74,0.31143
803,-176,-15,176.64,0.18791
804,258,-731,775.19,0.82467
805,1314,-866,1573.71,1.67416
806,1973,-75,1974.42,2.10045
807,1482,707,1642.00,1.74681
808,534,612,812.22,0.86406
809,163,59,173.35,0.18441
810,494,-41,495.70,0.52734
811,752,302,810.38,0.86210
812,615,277,674.50,0.71756
813,305,-82,315.83,0.33599
814,189,-136,232.85,0.24771
815,175,125,215.06,0.22879
816,73,279,288.39,0.30680
817,34,83,89.69,0.09542
818,321,-165,360.92,0.38396
819,855,163,870.40,0.92596
820,906,647,1113.30,1.18437
821,839,736,1116.07,1.18731
822,567,466,733.92,0.78077
823,596,567,822.62,0.87513
824,771,689,1034.00,1.10000
825,916,557,1072.06,1.14049
826,593,250,643.54,0.68462
827,377,69,383.26,0.40773
828,612,34,612.94,0.65207
829,871,-166,886.68,0.94327
830,801,-381,887.00,0.94361
831,437,-422,607.50,0.64627
832,287,-216,359.20,0.38213
833,357,-39,359.12,0.38205
834,450,-9,450.09,0.47882
835,131,124,180.38,0.19189
836,-132,156,204.35,0.21740
837,-13,152,152.55,0.16229
838,440,95,450.14,0.47887
839,629,53,631.23,0.67152
840,438,35,439.40,0.46744
841,352,76,360.11,0.38310
842,464,55,467.25,0.49707
843,581,-9,581.07,0.61816
844,401,-22,401.60,0.42724
845,64,86,107.20,0.11404
846,-30,238,239.88,0.25519
847,221,69,231.52,0.24630
848,376,-495,621.61,0.66129
849,266,-843,883.97,0.94039
850,280,-601,663.02,0.70534
# END
# FRAME,52,RX_TS,333282823046,FP_INDEX,752.7344,FP_INT,752,RXPACC,983,RXPWR,-73.07,FP_PWR,-78.05,STD_NOISE,60.00,NTM,13,NOISE_THRESH,780.00,PEAK_IDX,754,PEAK_AMPL,17982,START,702,elapsed_s,5.1765
sample,real,imag,amplitude,amplitude_norm
702,97,112,148.17,0.15073
703,71,69,99.01,0.10072
704,212,-7,212.12,0.21578
705,219,42,222.99,0.22685
706,117,78,140.62,0.14305
707,36,-49,60.80,0.06185
708,125,-38,130.65,0.13291
709,184,67,195.82,0.19921
710,145,53,154.38,0.15705
711,54,-74,91.61,0.09319
712,50,41,64.66,0.06578
713,136,220,258.64,0.26312
714,177,244,301.44,0.30665
715,115,60,129.71,0.13195
716,142,-52,151.22,0.15384
717,40,-8,40.79,0.04150
718,25,65,69.64,0.07085
719,26,33,42.01,0.04274
720,59,-21,62.63,0.06371
721,9,189,189.21,0.19249
722,-117,384,401.43,0.40837
723,-234,410,472.08,0.48024
724,-54,42,68.41,0.06959
725,280,-165,325.00,0.33062
726,301,51,305.29,0.31057
727,-3,152,152.03,0.15466
728,-30,105,109.20,0.11109
729,21,-8,22.47,0.02286
730,70,107,127.86,0.13007
731,87,217,233.79,0.23783
732,24,123,125.32,0.12749
733,90,96,131.59,0.13387
734,109,80,135.21,0.13755
735,179,66,190.78,0.19408
736,168,48,174.72,0.17774
737,210,129,246.46,0.25072
738,161,142,214.67,0.21839
739,54,63,82.98,0.08441
740,148,6,148.12,0.15068
741,151,16,151.85,0.15447
742,143,213,256.55,0.26099
743,42,274,277.20,0.28199
744,41,133,139.18,0.14158
745,73,-33,80.11,0.08150
746,126,54,137.08,0.13945
747,18,179,179.90,0.18301
748,17,151,151.95,0.15458
749,128,133,184.59,0.18778
750,163,70,177.40,0.18046
751,-76,-13,77.10,0.07844
752,-2703,-768,2809.99,2.85858
753,-11116,-3437,11635.22,11.83644
754,-16410,-5833,17415.86,17.71704
755,-14186,-6787,15725.96,15.99793
756,431,-2543,2579.27,2.62387
757,11845,3582,12374.76,12.58877
758,4846,3532,5996.56,6.10027
759,-4082,-188,4086.33,4.15700
760,-2520,-1434,2899.44,2.94958
761,2533,306,2551.42,2.59554
762,2688,1282,2978.06,3.02957
763,305,639,708.06,0.72030
764,-118,129,174.83,0.17785
765,667,64,670.06,0.68165
766,839,-5,839.01,0.85352
767,303,-199,362.51,0.36877
768,87,-421,429.90,0.43733
769,320,-401,513.03,0.52190
770,183,-109,213.00,0.21669
771,-209,40,212.79,0.21647
772,-235,-49,240.05,0.24421
773,-629,77,633.70,0.64465
774,-2149,651,2245.44,2.28427
775,-3191,658,3258.14,3.31448
776,-1010,129,1018.20,1.03581
777,2304,-232,2315.65,2.35570
778,2761,-203,2768.45,2.81633
779,186,-875,894.55,0.91002
780,-1369,-1261,1861.26,1.89345
781,-385,-240,453.68,0.46153
782,671,936,1151.67,1.17158
783,345,1144,1194.89,1.21555
784,-172,775,793.86,0.80759
785,2,625,625.00,0.63581
786,341,556,652.24,0.66352
787,817,399,909.22,0.92495
788,1042,212,1063.35,1.08174
789,665,-205,695.88,0.70792
790,286,-235,370.16,0.37657
791,-163,216,270.60,0.27528
792,-566,526,772.68,0.78604
793,-47,547,549.02,0.55851
794,1440,485,1519.48,1.54576
795,2095,496,2152.91,2.19015
796,1585,468,1652.65,1.68123
797,760,448,882.22,0.89747
798,516,601,792.12,0.80582
799,553,683,878.80,0.89400
800,487,16,487.26,0.49569
801,354,-399,533.40,0.54263
802,-62,-19,64.85,0.06597
803,-453,394,600.37,0.61075
804,-458,-86,466.00,0.47406
805,492,-802,940.89,0.95716
806,1691,-393,1736.07,1.76609
807,1911,718,2041.43,2.07674
808,1118,1216,1651.84,1.68041
809,377,781,867.23,0.88223
810,252,85,265.95,0.27055
811,562,177,589.21,0.59940
812,653,558,858.94,0.87379
813,499,511,714.23,0.72658
814,358,140,384.40,0.39105
815,137,17,138.05,0.14044
816,-160,244,291.78,0.29683
817,-194,170,257.95,0.26241
818,25,30,39.05,0.03973
819,381,-5,381.03,0.38762
820,645,470,798.08,0.81188
821,597,924,1100.08,1.11911
822,707,877,1126.49,1.14597
823,636,713,955.44,0.97196
824,378,831,912.93,0.92872
825,472,844,967.02,0.98374
826,589,668,890.59,0.90599
827,498,435,661.23,0.67267
828,360,385,527.09,0.53621
829,541,304,620.56,0.63129
830,784,62,786.45,0.80005
831,908,-242,939.70,0.95595
832,508,-287,583.47,0.59356
833,311,-203,371.39,0.37781
834,390,-41,392.15,0.39893
835,311,35,312.96,0.31838
836,-42,79,89.47,0.09102
837,-286,149,322.49,0.32806
838,37,150,154.50,0.15717
839,568,145,586.22,0.59635
840,649,242,692.65,0.70463
841,439,272,516.43,0.52537
842,283,245,374.32,0.38079
843,473,129,490.28,0.49875
844,668,73,671.98,0.68360
845,467,12,467.15,0.47523
846,71,57,91.05,0.09262
847,50,126,135.56,0.13790
848,209,16,209.61,0.21324
849,516,-518,731.15,0.74379
850,435,-796,907.11,0.92279
851,456,-488,667.89,0.67944
# END
# FRAME,53,RX_TS,339672605603,FP_INDEX,745.6562,FP_INT,745,RXPACC,942,RXPWR,-71.91,FP_PWR,-77.94,STD_NOISE,44.00,NTM,13,NOISE_THRESH,572.00,PEAK_IDX,747,PEAK_AMPL,17503,START,695,elapsed_s,5.2195
sample,real,imag,amplitude,amplitude_norm
695,78,111,135.67,0.14402
696,64,116,132.48,0.14064
697,18,150,151.08,0.16038
698,129,154,200.89,0.21326
699,160,123,201.81,0.21424
700,179,183,255.99,0.27175
701,164,164,231.93,0.24621
702,191,116,223.47,0.23722
703,137,74,155.71,0.16530
704,170,111,203.03,0.21553
705,124,130,179.66,0.19072
706,96,11,96.63,0.10258
707,-11,46,47.30,0.05021
708,9,211,211.19,0.22420
709,22,172,173.40,0.18408
710,78,60,98.41,0.10447
711,90,-18,91.78,0.09743
712,97,97,137.18,0.14562
713,66,50,82.80,0.08790
714,123,-112,166.35,0.17659
715,55,-265,270.65,0.28731
716,55,-229,235.51,0.25001
717,73,120,140.46,0.14911
718,82,266,278.35,0.29549
719,126,132,182.48,0.19372
720,173,-23,174.52,0.18527
721,143,26,145.34,0.15429
722,53,254,259.47,0.27545
723,-23,144,145.83,0.15480
724,-46,20,50.16,0.05325
725,69,-48,84.05,0.08923
726,139,90,165.59,0.17579
727,16,102,103.25,0.10960
728,105,39,112.01,0.11891
729,42,104,112.16,0.11907
730,37,127,132.28,0.14042
731,125,79,147.87,0.15698
732,186,47,191.85,0.20366
733,123,118,170.45,0.18094
734,88,93,128.04,0.13592
735,26,-47,53.71,0.05702
736,-14,-78,79.25,0.08413
737,27,-45,52.48,0.05571
738,41,100,108.08,0.11473
739,70,104,125.36,0.13308
740,67,60,89.94,0.09548
741,72,69,99.72,0.10586
742,72,27,76.90,0.08163
743,56,133,144.31,0.15319
744,365,46,367.89,0.39054
745,3127,-896,3252.84,3.45312
746,11636,-3682,12204.66,12.95611
747,16413,-4672,17065.00,18.11571
748,13967,-2256,14148.03,15.01914
749,-2800,3555,4525.27,4.80389
750,-12691,4588,13494.86,14.32575
751,-5281,158,5283.36,5.60867
752,4514,-2390,5107.67,5.42216
753,3444,-444,3472.50,3.68631
754,-2001,1468,2481.74,2.63454
755,-2806,918,2952.35,3.13413
756,-474,-194,512.16,0.54370
757,178,-357,398.91,0.42348
758,-761,-174,780.64,0.82870
759,-873,31,873.55,0.92734
760,-91,398,408.27,0.43341
761,38,798,798.90,0.84809
762,-149,661,677.59,0.71931
763,-10,151,151.33,0.16065
764,294,-93,308.36,0.32734
765,267,90,281.76,0.29911
766,260,-166,308.47,0.32747
767,1368,-1487,2020.54,2.14495
768,2348,-2139,3176.23,3.37179
769,942,-313,992.64,1.05376
770,-1686,1784,2454.64,2.60577
771,-2013,1955,2806.10,2.97887
772,251,905,939.16,0.99699
773,1564,203,1577.12,1.67422
774,566,2,566.00,0.60085
775,-778,-31,778.62,0.82656
776,-850,-28,850.46,0.90282
777,-452,-233,508.52,0.53983
778,-446,-496,667.03,0.70810
779,-509,-352,618.86,0.65696
780,-723,299,782.39,0.83056
781,-699,869,1115.24,1.18391
782,-149,754,768.58,0.81590
783,14,391,391.25,0.41534
784,147,-170,224.74,0.23858
785,280,-515,586.20,0.62229
786,-119,-244,271.47,0.28819
