Range_m,Frame_001,Frame_002,Frame_003,Frame_004,Frame_005,Frame_006,Frame_007,Frame_008,Frame_009,Frame_010,Frame_011,Frame_012,Frame_013,Frame_014,Frame_015,Frame_016,Frame_017,Frame_018,Frame_019,Frame_020,Frame_021,Frame_022,Frame_023,Frame_024,Frame_025,Frame_026,Frame_027,Frame_028,Frame_029,Frame_030,Frame_031,Frame_032,Frame_033,Frame_034,Frame_035,Frame_036,Frame_037,Frame_038,Frame_039,Frame_040,Frame_041,Frame_042,Frame_043,Frame_044,Frame_045,Frame_046,Frame_047,Frame_048,Frame_049,Frame_050,Frame_051,Frame_052,Frame_053,Frame_054,Frame_055,Frame_056,Frame_057,Frame_058,Frame_059,Frame_060,Frame_061,Frame_062,Frame_063,Frame_064,Frame_065,Frame_066,Frame_067,Frame_068,Frame_069,Frame_070,Frame_071,Frame_072,Frame_073,Frame_074,Frame_075,Frame_076,Frame_077,Frame_078,Frame_079,Frame_080,Frame_081,Frame_082,Frame_083,Frame_084,Frame_085,Frame_086,Frame_087,Frame_088,Frame_089,Frame_090,Frame_091,Frame_092,Frame_093,Frame_094,Frame_095,Frame_096,Frame_097,Frame_098,Frame_099,Frame_100,Frame_101,Frame_102,Frame_103,Frame_104,Frame_105,Frame_106,Frame_107,Frame_108,Frame_109,Frame_110,Frame_111,Frame_112,Frame_113,Frame_114,Frame_115,Frame_116,Frame_117,Frame_118,Frame_119,Frame_120,Frame_121,Frame_122,Frame_123,Frame_124,Frame_125,Frame_126,Frame_127,Frame_128,Frame_129,Frame_130,Frame_131,Frame_132,Frame_133,Frame_134,Frame_135,Frame_136,Frame_137,Frame_138,Frame_139,Frame_140,Frame_141,Frame_142,Frame_143,Frame_144,Frame_145,Frame_146,Frame_147,Frame_148,Frame_149,Frame_150,Frame_151,Frame_152,Frame_153,Frame_154,Frame_155,Frame_156,Frame_157,Frame_158,Frame_159,Frame_160
0.0,-0.9000036409052079,-2.43772345902893,-1.1512505521148633,0.2090784843636248,0.6026928816024101,0.856453888551335,-1.2295223948537115,0.9740030388998808,0.35783869127648876,0.7070926917600031,-0.18046611066088725,0.20116791653998808,-0.4362456488161164,0.30961882544852537,0.08589477488484679,0.552412768717655,0.35219752571548335,0.46050755450044045,0.4876373323553358,-1.5569533290461586,1.4461968589575838,-0.17333206181346955,-2.3250512697655394,0.9400155395127215,1.275994938410904,0.3344780178457562,-0.2512813585033949,0.07965399449594307,1.270927227072661,-0.40111528076480435,-0.3872858356691254,-0.10240087670358483,0.5260380011589197,-1.4590279194104059,0.8756696409502944,1.0892673384113143,0.06824839267281847,-1.309774515803694,-0.7448155218875133,-0.4404384732885035,-0.5143233935997132,-0.3279871796840398,-0.6535616402449299,0.5894960167489703,0.058129763060041494,-0.715595545629472,-0.8562323549947943,-0.7872259705581088,1.020440522307345,0.24446186273312023,-0.9351075793371757,0.027763520116991375,0.41691050616662034,-0.6012865929256063,-0.061847898380074824,0.28185785361602006,0.5204690734475482,2.855382252518694,0.7134999469230501,-0.13947884356527018,-2.4724398504178744,0.8343761162747261,-0.2651376345243982,0.8057538993337998,0.3309587318144126,0.3045867081235259,0.1986799694165027,0.5907835718377916,0.4877433078991821,0.23745229427128703,-0.6751471535987794,-0.41758905114679806,1.1699920134893351,-0.20012120997111374,-0.2856138539835414,1.68793421509493,1.9073233706962347,-1.6471692913550258,-0.2151995289008888,0.42406197815831714,0.4139620107331002,0.6659199686935267,0.681032787443735,0.9779775862166679,-0.6882014151956672,1.0051173834466756,-0.14012586119415865,1.808524999305616,-0.49975878409466723,2.4727213470255003,-0.38970946344984475,0.838592978073304,-0.22249630254229213,-0.06792875019436967,-1.8198981716908638,0.5223101538703245,-1.1199120034955907,-0.6242527007643655,-0.925588538171324,1.318080763859011,0.11073059855046527,0.8713595179062951,0.20707199336232845,0.8197014940683058,0.7278467318106894,0.9965941057178725,-0.05276894328020586,-0.0782127557618533,2.0011313643605737,0.4465589890520811,-0.32305635928139126,2.1037602546547287,1.0997027226971199,0.5891290771166642,1.0489930424306737,1.1966260701124516,0.7068033068206041,1.41772454291078,1.4343419403957114,-0.24069674760913282,1.1533509839207927,-0.2232809839835336,0.2723886234756049,-1.285408741148517,0.15315774980914196,-0.40613479928433627,-0.23413992750921175,-0.31818281232411433,0.821229226535894,-0.09115897678388074,-0.4424588411723897,0.6109110975830072,0.08169225531146564,-0.5514094097676132,1.4904992012854892,0.6284257887922282,0.39862820678305005,0.8311419911474212,-0.9921283253453591,0.7073775276643746,-1.140744180084387,0.6897717150414963,0.34396190562906065,-0.670835801763179,-0.721700720318555,2.0164127159742415,-0.4977269148098501,-1.2689945765298811,-0.12639009619776118,1.2228397789242542,-0.8114661657798442,0.3478413301474143,-0.06686826821939809,0.5643945006100607,-0.12838643233204677,-0.23321455027689944,-1.0011771605168192,-1.0465756313621526,-1.0794740998727475,0.6574982742583688
0.023529411764705882,0.8182428306878635,0.8873050643784683,-0.06157672832235739,0.9161774031526916,0.016331889121223946,-0.20762926074292018,0.6548039727019468,-0.6951561903131601,-0.03984130801292671,0.38131744778967774,-1.5929460416710572,-1.616500868644613,-0.8414567556583078,-1.8159450955799976,-0.5065793473025229,0.9577784874271219,-0.4709184265624237,-0.5787251465857185,0.7994368455693259,-0.24836133300241922,0.6482553512304582,0.031486551289084744,-1.0056574070972382,0.4231876230348997,-0.7750681623863598,-0.9271782542454629,0.46186198380647503,-0.4650583866650286,-0.07518504225788925,-0.3091145899268023,-2.165878174788157,0.34220050059781015,-1.0873873594556305,0.09901796342376606,-0.025577448901476677,0.3093534878100514,0.8151572972837542,-0.06389151794388957,0.4371457097394414,-0.598389488169858,0.10715654547247784,0.5526581859693226,-1.7261483738338637,0.21147392096846376,1.0608505681485272,0.12246008363932505,-1.1603279306596792,-0.11273078172176625,-0.359532957263199,0.9941176975959232,1.2253561996733002,1.0933071675952117,0.727256049130141,-0.12009437021229895,-0.19320896322336162,-0.961135109000609,0.16357329481317848,-0.5304733691746126,1.2293014959498603,1.0642761532415659,-0.11096362411864863,0.5943090844495944,0.2951015857088554,0.7790084448457691,-1.5411484538574087,0.3279376738137755,-0.18335867169930362,-0.15708569807309333,-0.04166565055074196,-0.7489871113566471,-0.2807836263587054,0.11502951311089774,0.340549880270531,0.2263370724672002,-0.2769652755273723,0.12991646707486823,-0.37848793084276755,1.7408180713552848,-0.37028352493913785,0.5323581418252743,1.7341128863348525,0.6721467893755575,-0.4105289339963951,-0.7076897504442359,0.5564775993649985,-0.15868689962414567,0.5286889039228999,-0.411474513861575,-0.25116080859942974,-0.11348819173821358,2.387607968384121,1.2107822732126952,-0.5797120840811849,0.06179615906248201,-1.1173278361170718,-0.31907795898128233,1.559243187640088,1.3727521111755427,1.0219024560522372,0.15089403195900852,-1.2603052292697838,-0.713747772761274,0.5852342105150599,1.3794931924907128,0.49719244710943095,0.3121249271110402,0.47871373877124807,-0.11305846097900246,0.09620029550358553,-1.0681164891317136,-1.1462410172084638,-0.9030398918966904,-0.19626108845567936,0.6251509672889727,-0.04791413122782547,0.5784512124133404,0.6244938446392551,-1.6040931474163944,-0.2218657381487364,-0.5574816435710234,-0.7782816390316436,-0.7673108504831838,-0.3173207820954715,0.7973127879125423,-1.0010533537885982,1.0931701604480586,0.45495372883456564,-0.4679361953596786,-0.6698469707639628,0.8509385027855764,1.3470878590139301,0.668184470556623,0.8767490157108806,2.8915412368719706,0.4100891790604146,1.0122698937404557,0.299639916280995,-0.08376575704056506,-0.2415358866964592,-0.8701136969909647,0.23679936327606638,0.4380342433083813,-0.46363054375697094,1.6389514113653894,0.6694765519460787,0.8249074945887305,-0.3039918411431666,1.0337415067260036,-0.5395396529675083,-0.11635154583297437,-0.45214242018895895,0.23980026265218385,1.4451178285675768,0.3273470309967964,0.48581903384413877,1.130419241299774,-0.6485846337636114,-0.20049445511080824,-0.7252263467288232,-0.27337640725696083
0.047058823529411764,-0.5066891859620785,-0.3841277249914092,0.3446078667653159,0.8970501922340166,0.061779618242610926,-0.001108656946001667,0.7272769126912904,-0.5355816637224491,-1.6144528013852057,1.0903177879234742,0.1556142412833073,-1.32596781795808,1.2750284695890923,1.1611042194959122,-1.569502939185694,1.579906624218482,0.1022755401221474,0.3634380665539628,1.1990082993036557,-0.19978276923309332,0.8066844285024949,-0.24002380579951782,-0.40500913787009757,-0.01556708479565437,0.559909215060982,0.7289661210099938,0.37567666520756177,1.1748803658833455,1.6318795016959478,0.5491100845611908,-0.32083186368534794,-0.10099930217565486,0.07965762250246268,0.12721033508975144,1.4102706984492406,-0.8207809102994739,0.13315816504394967,-1.2937025205064332,-0.8072627240403776,0.2965482545330126,0.16745798792187,-0.0798932897095729,-0.8099120709557844,-0.7793842694020114,-1.221814735874043,2.841421387108084,0.5983556953773532,-0.2664326829271524,1.2148960534494844,0.6624145825683998,0.0866566880264759,0.6409599217489459,-0.670149157087087,-0.012470310014160019,-0.8676490274355089,-0.7146039853385786,0.5490973738991783,-0.26379479953122936,-0.1578947887432187,1.4550435476717467,-0.7993083453399555,0.6369155643366715,0.5764752294235973,-0.46622233898641724,1.3329547220808884,-0.5923490655435615,-1.4165850725897284,-0.567928207975553,0.035809247177214065,-0.0695595913226428,-0.7518605091599604,1.164082980614892,-0.6429317418192433,-0.037674040705903585,-0.20430287341559975,0.2066425627126539,-0.8051097555073964,-1.1935271624711363,-0.5134292019847879,-1.5085368702624378,-0.10897551353377576,1.357185211456614,-1.389123364520265,-1.423751638432565,0.2566773748257945,1.07965818174039,0.5865103828603491,1.3385627200515011,-0.1951715099200088,1.381662489857592,0.6515456938560581,-1.1308089068147933,1.1386790169054026,-1.4629577671200538,0.9243276236188426,-0.5925154025995852,1.395948938217267,0.5609626719063737,0.11649399338022885,-0.8056449182816541,0.9691227992208272,0.4617486584226286,-0.47605477744416863,0.05961635966863864,-0.29912066405860066,-0.0019401418259073272,-1.1941362839883427,1.2991093228271546,0.13014378036112864,-0.0576203923887386,-0.423653689133209,1.067294644422514,0.010720822029647586,-0.3256858898941497,-0.24475236031962563,-0.09303323104654422,1.813173698283227,0.13966978642486255,-0.31775738157146033,0.06651283354886954,0.957731673391975,1.1157755214274019,0.7004584914828501,-1.6110897593328735,-0.5265549035951045,0.019614456491347215,0.9665249610392374,0.20554474939126724,-1.0923494745093176,-0.6505426196680971,0.45284939447339345,1.6436188076574934,-1.2116477133446564,0.54117948668665,-0.09906707993604234,0.290296396026416,1.010931431200597,-1.0536971947619478,0.2254772342860513,-0.8778231583573518,0.6528503430401377,-0.881041318555853,-0.657958276084479,-0.9526395770599281,-0.7755084636235933,0.7607184726039081,-1.112639354809384,-0.8430153117885578,-0.5763483742545329,-0.9002931315762648,0.6112094332129773,-0.015604299010414982,0.37908738364245775,0.8387805379309885,-0.5832675877980679,0.7054542806963312,0.4594654894085358,0.4713109269608736,-0.4027073009062856,0.29313803273896405
0.07058823529411765,-0.6982616711965424,0.20819918478888066,-0.8199507648041066,0.8121207612236174,0.6207074000607492,0.09993188483782244,-0.969007312024145,0.8832473996948726,-0.40522069201916994,-0.42506652998778466,1.5454850751797768,1.4338236972008949,-1.1606479275561166,0.08868095349167307,-0.18985980172637734,0.5274232411736086,-0.5883943425208111,0.08721032802715906,-0.33039860464814547,-0.3995742324966946,-0.19444340029192872,-1.1071582745611643,-0.1505386601867424,0.12427165032417685,0.43909908071207654,-0.15922293813242547,1.0181361582657587,0.27936012456431875,1.4991960250561627,1.6206722883783353,0.001502223289575464,0.36907237119076874,-0.8180307956662574,0.08188286761294458,-0.537319594313817,1.4765686196007934,-0.8255214681436776,1.3579574594373929,0.13169090339496203,-0.36980093132312375,0.17222128581915508,-0.0020326284857263752,0.42858532490952,1.4621687595766089,1.2385412724347773,-0.13850508785842414,1.7342569487286434,-0.5080140133444729,1.1970590116473414,0.816994536571473,0.01304284891327489,0.263033656461992,-0.3322328642271866,0.33722902261355037,-0.12794170817895925,-0.011503439376293039,1.5197200750662763,1.0984699098067099,1.2706729611492222,0.2626555984057286,-1.7754434331076439,0.710650749965683,-0.7654813261142409,1.2622868169340966,0.0378220642063697,-0.7967435155610084,0.9023494488978543,-0.43499746483483204,-0.3773943788006848,0.18943950155047926,1.2511923099913873,-1.700641370023766,2.5342432591810216,1.1081202136374158,-0.08872584670233102,0.45078868095536556,0.5059284981830633,-1.163838398189351,0.4629196695904853,-0.2277992062753019,0.04168797367941914,0.6986671837819967,-1.0431213827565908,-0.5881367396344445,-0.5191467367838616,-1.3308099733531618,-0.7309267939744216,-1.0519780428394856,1.3521610267278623,-0.07097245302486284,-0.6452601966199969,-0.9424237191726551,1.1454172333343144,-0.2626858421608537,0.20040901229934066,0.5172707140817133,0.540929016197887,-0.3263842110328697,0.8083810269263881,0.8623748671096753,0.8421108303765605,1.375660848778286,-0.6972630980307515,-1.2377581926751662,0.0556795755998789,0.10178239028899692,0.8452286644286497,1.2854263346514896,1.0811606574040453,0.35046600514173853,-0.49903572192962153,0.9920640590246755,2.2416534431063426,-0.32071508655635933,-0.6671716309314452,0.9404904083610748,-0.45525653379578007,0.06828978584083964,0.327304809255914,0.06491362764419488,0.21474059893342484,-0.16431555779633208,0.6753132329679831,0.37744669663602065,-0.29739928098040813,-0.6206766992796926,-1.269229177623281,0.4401525727190555,-0.1790863998222411,0.016918164393040058,1.3785952774993704,0.06027619443295747,0.45807942033700844,0.7713934741134828,0.6533591103676327,-0.8216434610830674,0.8802330497051263,-0.49550094589396637,1.9766199292745348,2.1346671732576716,0.0753697643306458,1.2959593918605226,-0.6092671071888867,-0.08128209809244862,-1.2177806901725954,-1.353228152125756,-0.7021330847315952,-0.12056204868834396,0.6832846095512697,-0.141445945960202,-0.4602810366176112,0.5021620229170364,0.9648255539128312,0.5961714645585221,0.6038297646202923,1.523574338176813,-0.2907656987898369,2.2953660944791636,1.7660019878435196,0.2526437916334025
0.09411764705882353,-0.6715335493199156,0.6806583168480445,1.5005543352463828,-0.3718869509111548,0.18282923025316414,0.23871120111856367,1.1029743563049696,-0.078450376121416,-0.1484257103866332,-0.681289020471139,0.17846667296866733,-1.2812252068170074,1.717598415477565,1.6781375536178467,0.6396928899023034,0.3836125218135276,0.5410234962230196,-0.44366210371516557,0.8872562467097939,-0.2805547775149112,-0.7831550875782566,0.6429621379791012,0.2612266566664806,0.5872851870725713,-0.6556922608370434,-0.4974463435702957,0.3344151156064903,-0.2784935348593,-0.42483116977535623,-0.6509470242197409,0.8728362789140652,-0.35073967529495265,-0.42457224953151146,-2.338880401667257,0.43573122474984055,0.10461997535719234,1.2735118317917276,-0.5038297323113735,0.7750665073833138,1.3489038369909019,1.0814798727920765,-1.6989471437534527,0.21182798036040806,1.3102904470538184,0.5250448802627907,-0.7941209930464139,-0.9274851414315354,-0.7504151527394326,1.0067122932640045,-0.2347631895325009,0.23419309572823988,0.5260186484728208,-0.7654723756355835,1.0478734709144837,0.44109402485972105,0.5019946090818562,-0.9345665926326733,0.7983317743216818,-0.2121560736238791,0.280279539297981,0.012693774336607839,-1.8557491971947777,-0.003740212221075677,1.1749499380580006,0.4308262808856322,0.6622072033548554,-1.6830636739120628,-0.6657239858009261,-0.5862413188583236,0.5592123337072715,-0.30946904441482315,-0.2335436200189663,0.21601199930390538,-0.36409569321021484,-0.04536272637377009,0.5612442029962036,-0.6888742837542953,-0.7579346634956292,-0.4486791231302336,-0.1824357487581496,0.4262868510409166,1.0155383823693729,1.7520927673042752,-0.3261173344242224,0.883101601882291,0.9192174965361117,0.013060659146999732,0.754227868455847,0.8689171147848523,0.6512202015689623,-0.142018556594546,0.31485282435908185,-1.5822933205734597,1.1417908485255321,1.4480175740607504,-0.6129867692308207,1.3174146497821595,0.3072353381653743,0.031113118934200382,-0.08283329294974942,-1.569527996947242,-0.41135184563982385,-0.20575078899794688,0.4315833292785615,0.16573178897988763,-1.5923361653923773,-0.10730167915475189,-0.540443384350862,0.05759288230684103,0.702655778789595,0.1256843803413082,-0.849571723390913,-0.8786046320646306,-1.388297156013729,1.2406408279751584,1.6915874312980284,-0.5236298492552458,-0.6079280676073852,1.6067851761421716,-1.050963398164994,0.8909605335728272,1.1872412740323632,2.150536660574333,-0.27689740354332926,-1.0881771110826228,0.028056299012818673,0.03648845575604955,0.7164665092797554,0.18716987897413895,0.5482356451302308,0.7418736438913253,0.7081626412707076,-0.1659867414340492,-0.5935320861902389,0.496188932900547,-1.832116967984851,-0.4474717977436077,0.32271864324441973,-0.6196327992452764,-1.4200906091681063,0.15009841437387691,-1.2715530614841537,-0.7364847520650893,0.2531872259929875,-0.4679034852864127,0.348090288833,-1.8090491937207065,-0.25899412414161593,0.45756312137142213,0.7793491523960517,-1.106825942795994,-1.0719590219299633,-1.4048757953228057,-0.001741602174161744,2.0040998293201064,-1.0476385074121746,0.08245057010932533,0.3279693185302939,0.07630623297189544,-0.7846620955620568
0.11764705882352941,0.5802587896725505,-1.7037421089429738,0.3286772806690635,-1.0111047610212447,0.886855419095845,0.6054863297584577,0.9386494472776252,-0.17715344412534043,-1.1796182015578858,1.276890411965219,0.16859578975019485,0.15315374404286897,0.5240243499536162,-1.0150216193215154,-0.6931316861117855,-1.0176334361925947,-0.4689763046332722,0.8760970393022212,1.5325752483649087,0.8401682873625597,-0.41523351433172534,-1.2172351395433074,-0.9353935607783956,1.4235048329001077,-0.21047344971461404,-0.9438245515878277,0.013412575443792872,-0.8898419121886718,0.7089276296916468,-0.645210448606711,0.16252364159618402,1.0531308772943517,1.6549686805757262,-1.1425376550895583,1.3910740489639082,-0.19684282193854533,-0.12446616313989554,0.043297320386701595,-2.5635101652964134,-0.12522902792131627,0.1251739384421005,0.2791666175843514,0.8126526813448142,0.039913034830506254,1.079110671766293,-0.3590479504861157,0.7302557254391321,1.0911690798047413,0.23276432821258955,-0.6254546076578639,-1.1125185474007298,-1.1763130510986652,1.378490593733925,-0.1696300003734042,-0.45806553589338517,0.4143875310795513,-0.5623102660731111,-0.7018251548747618,-0.015130761733582264,-0.9205976064599943,-0.8071490432781939,0.038817830905234774,0.8863075766882377,2.0086746371447046,1.5475797661002517,-1.469116892139956,0.004065041291308887,-2.1742365177979,-0.7028661811818255,-0.846105325363993,1.1205656422232249,1.134281774974305,0.6213319294149093,0.5263528399256439,0.4231711739306794,-0.46051699611409375,0.6845608432429602,-2.036084634945259,-1.563987448718872,0.5943219407044534,-1.9217363596907358,0.6552994768339528,0.8603609574127573,-0.22804212468398818,0.5817675448575187,0.054081600327818474,0.7842281065820543,-0.5903013098086148,-0.178274855080723,0.5263583747123297,-0.18722672316654715,0.6211783363358027,0.8607945633501508,0.6100759985414071,0.5359054051929727,-0.6535071835273923,0.7239827209057499,1.6714762613865428,0.031610232221433894,-0.47338649867145766,0.3968067050320267,0.013972823640713224,1.0433425781859642,0.4654076700779902,-0.32803102284198116,-0.12316602435796828,-2.440376306217328,-0.2338132443606045,0.5679107696167581,0.5029447449615733,0.6130290025794188,0.42046505820687613,0.2250014246513448,-0.0556190235319927,0.477160169781243,-1.8421114433594339,0.024343680677231458,1.1839596381704012,0.5579915457025759,-0.9974542584609083,-0.4425144746838769,-0.7946196092789797,-0.49254302112781106,-0.24865139082553847,-1.7862231537641327,-1.0806175492935846,-1.472908777588625,0.4296761476574455,0.21744845509222469,1.2950572206519502,0.28756129143283743,0.1267187270148775,0.8583710810139473,0.022621866494784024,0.5745057179166839,-0.5763882619081224,0.003833433022631361,-0.5372365272715658,-0.7999531687486922,-2.0094951027735983,-0.5789677448707329,0.8258896504276246,0.9685497379971635,0.2782180910001856,0.5431606238454214,0.6855889003673183,-0.2807474777429683,-2.7421430899832666,0.995938250955533,0.7002098918642664,0.30150318857405917,0.17073494910354223,-0.6413259446369748,0.2366956084525145,-0.7892537826796215,-0.4451765128923202,1.402008160265741,0.5671576364366963,0.026635719656180598,-1.456978947757606
0.1411764705882353,0.9376094444222752,0.004505233366369898,-0.5389683481891802,-0.4389923087501836,0.4521977703995434,-1.8440079621597623,-0.8410907687401922,-0.21570977256644047,0.20858155671242587,-0.8348704240222997,-0.7620082294292074,0.20128238044579164,-0.18285051531259583,0.5764290191584538,-0.052318706045479724,-0.27020603668276233,1.5596109534355183,0.3178746801131554,-0.5732881501315976,0.03718032679415375,-0.6903955486037575,0.024072109252921498,0.3258400305754383,-0.6495611047571327,-0.4677281013216717,-0.9287530231492106,0.8992507244852546,-0.04950998059528139,-0.9074171422231778,-0.13435483184720454,-0.3875199050290094,-0.3369895219903892,0.16919993335304076,-0.5793127802789302,-0.5110168923313079,0.10727083217838641,0.22044124903972995,-0.9868725082426711,0.4079632593543027,0.18794388507102197,0.12538142428354776,0.035753746055243146,-1.3407010997389706,1.832294919150036,1.080252727837853,-1.3268429693528294,-1.1701822545686738,0.48620340214298685,0.6786656475494218,1.342054012222137,-0.5920879311466476,1.5682374755200985,0.7949287497677053,-0.5157197305897155,1.4162213121990985,-0.08345137071287079,1.5911459346678045,0.13387454008951072,0.6782510598314833,1.9674002497441583,-0.9719688083337212,-0.002405106018742626,0.38985914674931205,-0.4456497319596631,0.4385899427517241,2.177497941550807,-0.008190954701369605,0.8253669124267803,-2.6792973153674513,-0.905157091567005,3.090987616957472,-0.08702062046992429,0.08966593874019803,-1.1199395953044344,-1.166355211672477,0.33814315997612254,1.4785572332906454,-0.5453602470145541,-0.7021517379753357,-0.03701362766763897,-0.020461119868204904,0.1729315939022395,0.4294788978736731,-0.0011142055720276265,0.18884372463701216,0.0003269765581561682,0.09397882758897692,-0.8580609968464001,-0.48403969093590593,-0.9543233715440919,0.691029524342002,-0.5383184605188532,-0.429163289302502,0.7819080001889528,0.5339735209731236,-1.2486295448626843,-1.5883315848725845,-1.3333540659786867,-0.2154821963282554,-1.088471291053256,-0.1459859020708109,0.3927776226800387,-0.4523285814954756,0.26350508068981987,0.4545817421179935,-0.1572246976406649,-2.314432122935883,-0.29947572511962217,1.41923465443973,0.491417281849593,0.0604891333642456,0.9008945732173461,0.5796712460659835,-0.9115380504601582,-0.1383166656684216,0.3285923147673982,-0.4848447352956811,1.1047764092961354,0.3786780746638647,-0.18202136233099614,-0.43374083999539176,-0.018142736900344632,0.5029977624519355,0.07124156455290619,-1.4059759243292207,-0.8278270784381715,-0.5942480658261055,-0.5561849822615068,0.13977030547348043,-0.05825001914377898,0.6972267241701398,-1.248068335254119,-0.9818860376334535,-1.1047932205268547,0.08032786566463526,0.31552130436772163,0.7628535159320017,1.5542900878903512,1.5850577788566282,-1.149797159554893,-0.5968775244824331,0.13952351838652968,-1.1663897715413303,-0.23085598036659122,1.1980605328700744,1.1154350797205788,-0.25903902041345667,-0.6791581920090632,-0.33660542161868245,2.0073904609524003,0.0033283696445332083,0.240076700065204,0.15934068954625147,-1.0544397402172847,0.21139217432449348,-1.853472817501794,-0.3627623230440942,-0.30533587621498176,-0.3724032136265994,0.22879859145542833
0.16470588235294117,1.2390574875545022,-0.30500366485038455,-0.3330466391144459,0.3018809763014917,1.0895245752669607,0.8466533947423429,0.5654316741777097,-0.5364220889728101,-0.021014850931763442,0.3591566985496132,-0.34720225517404313,0.277378729460299,-1.2762594079060028,-0.3506875852222811,1.452790128111705,-1.2394002760558984,0.020359910225993563,0.07349366198286757,0.3086440334901682,0.040943427879769075,1.200368741035314,-0.25359942725042367,0.1382595513746703,1.424620808733883,0.02225795915942729,-1.2153718206227357,-1.1381407385790152,0.9313748838186099,1.2586912087333402,0.9432537644118443,0.16313568799068437,-0.14311990844590194,-0.4968359648626898,-0.1380122193672462,-0.8400131991149946,-0.5575324698380743,-1.14323658695704,-1.6828725403582985,-0.3125377822728866,-0.015592292140944127,0.38565290812319225,-1.3043954842567875,0.25712852505889405,-0.15037021139072737,0.24227261174875786,0.9239694397003669,0.9126382715414139,-0.643028753106086,-1.0711265619651678,-2.1155696674671924,-0.7434545521203911,0.48338996740711887,-0.7612927937308361,-0.7767093190972976,-0.26017114201418917,-0.553197360684837,0.8580677920815603,1.1976172599540928,0.8489669822054434,0.2853103407395926,0.004508052607956731,-0.03620230729650016,-1.2289175425554153,0.6175568444620892,1.1152620028894729,-0.27537316959413527,-1.4570922961712138,-0.13920538927235768,1.6325280983881834,-0.7495900494659715,-1.125506948591944,1.2007923996765466,-1.1981530767664188,0.4763532198715736,-0.6677788506841899,-0.9015462519145949,-0.9484499562523888,-0.29249385615848444,0.4347631537383834,0.6719312767103226,-0.5189294086046813,1.378611176955159,-0.9958043095137626,0.7246866134943474,-1.3195555327893405,-0.051647225818901944,-0.941591466308239,0.09170486827629493,1.8663194613423917,1.0964058178602285,0.30274186159153343,0.3443269386905889,-1.364433534244809,-0.37839808853094614,-0.34544700267228473,0.6327810804742129,-1.5285210240783564,-0.11589692992359613,0.5422014520836705,1.383090929408595,1.4500050895571868,0.07384119349210207,-0.8084009151194168,-1.4794958933501972,-0.5320956391191153,-0.07721562586796703,-0.18780801134592565,-0.2763571322408337,-1.1584570872830173,-0.21704336225067597,0.2524543552843167,-0.3922168248503474,-0.22882260005511532,-0.3775802756131561,-0.6535863143464613,-0.9351370311655985,0.42506592086561,0.6268239274810424,0.90326351592201,0.30351520969319545,0.7805261706028207,-0.9656046947609408,0.702264943537445,-0.6661127314493779,-0.6738208789309461,-0.40661457426441056,-1.0893451203073063,-0.6725934505890402,0.6381505010173112,-0.1968279219066793,1.367378426887339,-0.639631038218851,0.01690374220455265,2.3988127533597665,-0.5345652752067104,0.46838896117038636,0.003557213153179977,0.3222761923946593,0.7181483235685553,-0.509269242093997,-0.6841355508709038,-0.41535585063206787,1.0742831129653847,-0.1454338232935027,0.343307388499435,1.1981240064959089,0.1336122442705963,1.0635919134380991,2.3667663422576055,0.17340993470264868,-0.08342840401620519,-1.09774970893679,1.186379964082683,-0.7460421784394143,-1.0353632943729087,-1.2165672081393875,-1.102090274638224,0.7641442207098482,0.6746386454289324,-0.4495506921614755
0.18823529411764706,-0.3698051763784445,0.5520277126917984,-0.03352616523865741,1.6034244336496064,-1.3872066077058587,0.4628605441296065,-1.0043855615659425,1.2064632120830627,1.929343072554556,1.4879889212669855,-0.084442631059107,-0.5966828863272289,-0.07823083425720327,0.40187867443234515,-1.1882200003302203,0.6629854606091797,0.8239507154705238,0.6653487221300899,0.4697037403816366,0.6188848372957011,1.032750757300961,-0.0902142676852043,-2.7267335857363952,-0.09262492077028273,-0.5034973146727053,0.4015427220578258,0.32068896485239595,1.187090577234569,0.13569321129012135,-1.2948696267266202,-1.0582172543361554,1.0987872683400963,0.1304277749597126,0.4994022949992189,-0.22690893017437747,-0.8707842022987997,-0.1547646806291002,1.2398100727025998,-0.2529970598967118,-0.05713353567385661,0.05532005972358449,1.5799611663446937,-0.3488602346307356,-1.489400783851107,0.22637772941660214,-1.6127605699860794,0.020785297564858262,0.5969773051220708,-0.6556578548826739,-0.8245209348311247,1.2872298973349756,-0.30098175519196146,-0.43476761485040377,1.6282466206999027,1.081211932960128,-0.6900896571108018,-0.20640690516398927,0.8743940537672517,0.14616770880041047,0.33193775443608037,1.0282434057435395,1.9189794273805394,-0.3599113188099752,0.21249733052502623,-1.2143618381928911,0.17337702522960102,-1.5262727752443888,0.0878904587924228,-0.04085193029796154,0.4260446845342352,0.6369008058812872,-0.8304452528073449,-0.515572426777414,-0.16578121915621344,1.3292044040363402,0.22996546994132774,0.5698207372848737,-0.6375592758189129,0.27908972533457366,0.04609438227744708,-0.38546213708440913,-0.5156235936187653,-1.5859673781361183,0.537673104120713,0.982291894628142,0.8437737170071783,1.077985147952966,-1.0344064717069439,-1.5905787069560993,-0.6558827765005149,0.2624447389884544,0.8314399329229916,0.40285110769645843,0.9998697107435182,0.5761121108083339,-0.2844208085425606,0.5085025457615081,0.41544065112172796,-0.8363802950750922,0.3772064134905373,-0.08602649061309886,-0.44105378883728014,0.7151434040780446,-0.29152059869346886,-1.1159370468320244,-1.0816627466716602,1.146383496159876,0.839322793086234,-0.26766519971446173,0.7059598672733413,0.07690665639466394,1.2401236360101995,-0.6684813512430013,0.07976925809102212,0.1351599772357009,0.4332298923931568,0.4088893262408604,0.26228686621981795,-1.3203361338823465,0.6787567727142163,-0.019090029484333776,0.7079450619902038,0.1731944557115543,-0.3203767989357822,-0.3845552978906312,0.03705536820131558,0.14041287572135125,-0.14801584616884453,1.7741594690615108,0.5273292943811688,-1.7272670540425354,0.5654798245042489,0.22677936440516036,0.6372414780380278,-0.20113853437756907,1.4146175599905775,2.61749038459573,-2.1710609839937614,-0.789581947047601,0.8771801968970755,-0.7183385249425296,2.282681076783322,0.7771763056574107,-0.9037380232582692,0.1210932399845356,-0.9763567880459455,-0.7427792557148618,1.2516002813011986,1.2163329453560763,-0.2847701460944671,-0.015871520604316295,-0.2021473414322128,1.2037931941382711,-0.08312704937969556,-2.2832282282144574,-0.30801843055311934,-0.3386287768359633,0.03781553504944847,0.924771735868415,0.6313638875766896
0.21176470588235294,0.08197959006682777,0.3229841113867469,0.23258675251332228,-0.253651449751288,0.14881307868450838,0.007783200034319438,-0.6619850146825226,-0.800596163778996,-1.1463331067453784,-1.8464238327621554,0.7737170199879685,-0.3569361477053127,-0.27399313478827886,0.9711734595509106,-0.5162351660010693,-0.14869525957975938,-0.11192029787176738,0.9866166342495463,1.5206531537911645,0.16456858691175513,-1.1959272881876846,0.601226613316074,-0.060445853388477876,0.7922722620864736,0.7705672480504506,-0.38815595666685215,-0.5457411433268765,-0.25555293590208056,0.738603314431621,0.793050456931831,-0.9117219476723354,-0.847071789216534,-0.17352282739394945,-0.32550093590969065,-0.6004769573332566,0.3606777424178612,1.4789127226563152,0.08254398025010767,2.8874840780889266,0.536721706065894,-0.18649449996486936,-1.21851088473922,-0.20851737587677963,0.9224067637818819,0.17337076838745896,0.17971082938074606,1.3605700470262192,-0.5054264106664663,0.4887278132667565,-0.7750209335550584,-0.08794625321215863,0.4980314666616652,-0.49154700032432663,0.6537898872090138,-0.10439028033166438,-1.3280718364802864,-0.6608241291757216,0.36172052867600024,0.10551675174514842,-0.5980668329631895,-0.17411495804687524,0.31976122131536217,-0.22896977160489318,1.5740256877097414,1.026939784831695,0.6117079545852067,-0.5497865843337844,-0.1376462991812528,0.7782161008920628,0.2984719228789324,-0.4888173682607638,0.09148580660507173,-0.8412343945452178,0.8601531167241003,0.6128222986846804,0.5438781891130198,0.35400224293872196,-0.18582982961922753,0.006369794090451996,0.33787953203279786,0.710312192949391,-0.442682900999266,-0.353118525986215,1.0272976675679197,0.33809406608379455,-1.6764898076045716,-0.27965591612082846,0.20353551863437847,1.52702197077142,-0.7799220729727608,-0.4152678209453897,1.5471090478257354,0.9403488861002494,1.3024135262927163,-1.1198172435394877,1.903802042448632,-0.1361771355367194,0.4326995048096427,-1.198663632921706,-0.7111076157874434,0.9601513815150958,1.3871924755513596,-0.2306260838743855,1.9256677430817462,-0.8370860380817527,-2.4520697104072067,1.2828903353244532,-1.3600929039262133,-1.031768289063812,-0.7215383716280205,1.150873920968454,-0.37773836823392265,0.7762711996600451,-0.3268164547129897,0.34137284999887585,0.5601806104610703,-0.3831398449407181,-0.7925149840227953,1.8038921883248096,-1.4045549885015691,-0.3247246530567772,0.01920990682040628,-0.050433519658521636,-0.3766930351399829,0.20334281607639515,1.2297739025283476,1.2643593208847324,-0.4273624305940928,0.10709514487955908,-0.011332542811259469,-1.5226003813635356,-0.5669802035351441,-1.0842379632138115,1.8570552511507123,1.0215741172936323,-1.0442312438306682,-0.03435357620486687,0.05098807770362126,-0.8081068936426548,0.5025914208789324,-1.0095677576697926,-0.4918274729773131,0.09291882954665698,0.2881190700095804,1.0383119503686105,1.0146167422198487,-0.20928598380854163,0.0866032739666694,-0.2560233069754897,0.034942599937886384,-0.6659383024669526,0.9938796583234616,-0.3368883138095035,0.5360256696246011,0.17975393320689825,1.2489680253273392,-0.4959109530877519,-0.27054195413232673,1.3574264721442848,0.6279202019369112
0.23529411764705882,-1.2984201397007924,0.7992379039271799,0.7087637503935204,-0.26714245510818946,-1.0983460820828526,0.3717155265840749,0.6925982946707504,0.5498091972412331,0.39400979207244724,-0.8903061233149724,-0.5641142409446745,0.4546518413527832,-0.3311408628949656,-0.03435399416740431,1.3298826022001256,1.221402114517477,0.4158609547119451,0.25301431923463935,1.4940596696362658,0.25586110620808405,1.2608960853316367,-0.16323260613402768,-1.0527915197512165,0.2587769644354448,-0.37259030341450705,-0.09817134117533259,-0.6678519861985388,0.735702466839341,-0.019646153513234666,-0.3537762658206167,0.6540917687605246,0.9094985891544043,-1.0002189841705067,0.9165913343044916,-0.1533487552672616,-1.2059357186937045,-0.050614844111117475,1.0513791298026602,-0.9665167780798504,0.28363088493958244,0.6659676570603397,-0.865530100648073,-1.2198490060441696,0.24612587311429096,0.6177629173779524,-1.5415718064939088,-0.36271042719119484,-0.5493531349071544,-0.7658165242971822,-0.4519777936565712,-1.088995887133026,0.07906917645699046,-0.25957185073676425,0.5781752103700367,0.7339509467330392,0.30347332596119503,0.720582706517821,-1.0725923996651014,-0.8256002751647588,-0.4102182636775111,0.09721005534484059,-0.3708867549445709,-0.1423436385943394,0.4560080941167651,-1.3083238246190994,1.796960341959512,-1.3530620795877393,1.157574656585009,0.7013971045508663,-0.3341670543797613,-0.2094812855670669,-0.18947652315256752,2.1773292106476587,-0.5407171771801618,0.03932026192403898,0.8591751708511247,0.3516702673057825,-0.5139179728372165,-0.304866227827973,0.5095018888562531,0.8566198076642623,0.2788994258258675,-0.5442832264019275,0.3695406418356625,0.42622719917673013,0.20169871535531078,0.7518258819498546,-0.12971541741084378,-0.43372952363692474,-2.6237860895947867,-1.2375440159051005,0.403410799777974,0.9144946386819225,0.5538777190206867,-0.5687712584498209,1.2898300280765902,1.8171162442521267,1.676255996052523,2.5779883899323783,-1.4366596422110094,-1.3405700695538632,-1.0592616488729656,-0.7117321514149871,0.11566112236848729,-0.6200563766687262,-1.198327875275401,0.6066675375211354,0.03413502509019361,0.7910192509782261,-0.9142893106273674,1.7693957529166093,0.5886846483994957,0.6747573974602136,-0.13938029542553232,-1.3068291429260828,-0.09280903518414617,1.363645041201711,1.0068441340796837,-0.5786768967680265,-0.17387171185939246,1.240118653722884,0.29391595345115684,-0.3432776422992893,1.2028015206703102,-0.23764817951214232,0.7532239194618595,-0.29448246207845846,0.1671803294646544,-0.10172363391443685,-0.4909638712053324,0.4218968378205402,0.34879772522783153,0.2474149704717324,0.22096476892723055,-8.822435434618736e-05,2.3854672988944716,0.19771077543695056,-0.12208702228013954,-0.16064657843902083,0.633133980830336,0.1890799098865147,0.2885228119153323,-1.300014030765391,0.22538844561524443,1.2004546344111457,0.46678212399659047,0.7731688875679757,0.4384867881799453,1.3714180933387337,0.9747212229515092,-1.6702893186769383,-0.19969103014991818,0.842035988174269,-0.07164661111841585,-0.697876842470774,-1.896686608897085,0.481605403754525,0.31634440732754776,-0.5915744971362636,-0.32113584632814934
0.2588235294117647,-0.5813431940742881,0.7513651218288049,0.06360324703461881,2.1379064127622214,-0.4696054821021267,-0.08193111118610155,-2.3152052209134526,-0.9751881928550483,-0.37491294855570684,-0.9429474467607087,-1.214573375639655,-0.14932461733107116,-0.34929340012585686,-0.28933457695428344,0.18613707199806637,0.2441832981085971,0.7189632226350438,0.2050877061391512,-0.032139901549680154,0.4585001419011441,2.011548050495588,-0.6946856286941504,-0.5962969182976361,-0.1557257148842288,-0.6146497064421939,0.0486020633513925,0.5109840008343491,-0.37055985034646904,0.4672535779616648,-1.585946956010825,1.0509684079263746,1.3300422429312702,-0.7384171508202478,-0.4275309240524688,-0.45500341093247426,-0.006691798174542011,0.13215830463883563,0.18054556493908372,-0.017870365001003304,0.45216279206997473,0.7202584829300596,0.05481098207029026,0.41030562177682633,-0.7207219725366758,0.5276727716600066,-0.025974455976795048,0.6940436599759527,0.28499287404927737,0.866452724388952,-0.4011350230491495,0.015231962306998647,-0.13534002925024743,-0.3936835831237364,1.2751414827928482,0.34335890037486017,0.5696655712541776,-1.4890103094606468,-0.009181206205480479,0.7406414942641723,-0.5681040862951833,0.6149704359712287,0.18644761987510086,0.3973817374799092,0.39717293256383385,-1.0334080800018621,-1.197534380660327,0.6292251919384587,1.7468914983275627,0.3964413608376759,0.2308980107362559,0.3637956609936137,0.9075833833263044,-2.3309105962891175,0.29748607948711336,-0.1370852790179276,2.337286869637728,0.3022552142296835,-1.0787936170513885,0.28254239488296706,1.4634592366597339,-1.914186787890199,-0.32004535867571876,-0.0980905499355547,-0.8585109562295223,-0.2764322439564955,0.7438031652477403,-0.9790679538519709,1.1326465225468725,0.37564128903970606,-0.629225108352356,-0.393603339767489,-0.4053615754940368,0.5555801523755481,0.34049969650441964,-0.4670468418203576,0.8921999807853331,-0.18755699120176528,0.07367984163264844,0.8970803310069423,0.2860792619881238,0.37609669869091444,0.8506875578189932,-0.8026948667165067,0.8610670494311934,-0.7176401520806135,-0.5945076728488817,-0.6600091939852695,-1.360053202838059,-0.5602446975145985,1.2225030521825677,-0.9597632564421151,0.9719516631763502,-0.6893553535812098,0.33595269352802126,0.940637222128228,1.9731443431762257,0.2805116147534933,0.3452665528407754,0.05206620036447186,-0.38479234003520896,0.3121475890058971,-0.7789241946620357,0.6696073777515895,-1.1667995635876955,-0.5064000679813643,0.8009702818050555,-0.8170764695359573,0.415407224339827,0.17641427424469172,0.720306230471898,-0.6759549287339927,-0.3155048273876869,-0.7740450402095708,-0.5718268207233382,-1.617981025330448,0.25549814505663826,-0.050420235731371915,-1.1226507661206828,0.19051374526665232,0.384656694695445,-0.522326751067972,-1.7914013703304692,-0.6713067297792088,-0.10811531687968816,0.9587349181690653,0.9489376452166781,0.39791565028015596,0.4156786373435619,-0.0624518498452342,-0.731144532566038,0.8504972278410161,2.379144055424388,0.9686077667469111,-0.027422093967914594,0.4221049375058844,1.1227536026986025,-1.0405557836821533,0.2134554485996041,0.8777155161686766,-1.1777142373344953
0.2823529411764706,-0.7616049044978043,-0.08839020150962736,-0.8146526719230525,0.23718736766345003,-0.5907911986383692,1.273132316577,-1.3364780461677435,0.8630182740882179,0.7212069168804697,0.36535328691255825,-0.07267481930658871,0.7924959738239233,0.07257208224158031,0.14658213909656603,1.7128353879192677,-0.8602723418313721,-1.0757749444834888,0.017223378986606305,-0.7304509681997239,-0.23376093666056444,-0.04082913412199562,0.5178213409947494,-1.2324481534466376,-0.3868388875977988,0.021834734991553327,0.4875059167957408,1.2338716336932207,-0.588158349713977,-0.9345794595083078,1.0043285229184715,0.3711800339003004,0.7267257895707581,-0.06617934372342883,-0.16036436373942178,1.4744899737620518,1.1152635664560964,-0.9824283791217552,-0.5833732881959854,-0.20198717763743432,-0.12448946131762313,0.02068326541480902,0.2238057140831344,-0.07616885276545185,-1.475230005558461,0.6493592685294152,-0.6654410260600685,0.41592994440919806,0.4981191073079975,1.2830895560085462,0.2250987510186308,-0.5968876315736785,-1.0242375840098785,-0.2309415510401744,0.5953472032722408,-0.0590387597026753,1.0989570641059045,1.1340952259797945,-0.41839550901399913,-0.9026005470631305,0.21016406750108899,0.04638836983830271,0.8448933091136244,-0.13071367753589117,0.22705750155349214,0.7341518501947838,1.0383155883092408,0.5166977183070952,0.7337480007707957,-0.08927166025783673,-1.2106823307076857,-0.012392875349390771,-0.8377948759864489,0.1555168370407985,1.2281118413845213,1.1990466094288414,1.0008029671823333,-0.7064132180639208,-0.6370091388190204,-0.4941545210396808,-0.24642819038598124,-1.5004031692161965,1.5342572747495276,-1.7646607833285488,-0.5606493368978016,0.2056911118350691,-0.15693179035246652,-0.5110653756518899,-1.0562603657514125,-0.5050653867573017,-0.21917299814208233,0.35468507414282485,-0.3718013642074424,-0.8070795696508726,-0.08253919661328848,0.35579159045263425,0.37077567936587613,1.2451714464272696,1.292188628916649,0.4374555082343834,-0.7720838359691832,0.14410625175045483,-1.6081757543163029,-0.6836372911229852,1.546593603810739,-0.28994042518283947,-1.102351443653892,-0.01521922506102738,-0.3136648498528158,-1.0169253923632975,0.45098611995285165,1.0801512803762403,-1.391782224435111,0.4097327631058907,-1.1634643445020736,-0.1881420628180229,-1.0099370806874295,-0.16893939977715267,2.3682429372783957,-0.6368917869905801,2.024986142200461,-0.023605264307238114,-0.33973175194031374,0.8919404518873676,-0.6823451519109209,-0.37658729270590796,-1.2785534918569261,0.8644027583842968,0.8714186346079551,0.7700495765519892,0.640357279050844,-0.31200196775871075,0.2544990883096661,-0.5859639878668017,0.6470477181504626,0.40204090388971125,0.4773990311288973,0.028859290113160383,-0.6973399452660685,0.26948909844828894,0.7180261063920658,0.46498866226550645,-0.15791411105021064,-0.545516085791559,-0.3477420647628171,0.5082072972951307,0.3402208434327034,-0.2597261120177856,0.8596026838485612,0.06973249862987874,-1.0892100626057142,0.15363041911615227,0.43062469417542815,-0.12500541700535076,-1.4121394770266793,0.32719420159566004,-0.7996812124971215,0.7227419630280693,0.20499660332184386,-0.1874875900617011,-0.3615895352496052
0.3058823529411765,-0.42739685894557045,0.21440788324672158,2.0881161443520084,0.3104500160938221,0.5856182621776732,-0.15149266086055976,1.3090619690176795,-1.021819112495276,-0.13613622702869152,-0.8830204371464935,-1.3055275795066046,0.14269825858904614,-0.09775383328064383,1.3832516751104091,-0.09532322985028745,0.7428869884647238,0.13674630701228,0.5466976671021955,0.8803999431574686,1.2995599361625259,-1.6689985342609979,0.7904860811802207,-0.18937145483094833,0.6853694799706465,-0.988633725897918,-1.3083085819430293,0.028580087742080373,-0.13077122067496877,0.6077493350971878,0.23336719056144375,0.924733860786638,0.020488138539771147,-0.16746324618357025,-0.5993358278327292,0.8170808600357866,-1.578855601553731,-0.7352588179084616,-0.43110274051808745,-0.022305961773773596,0.12786674310650814,-0.17465039056450662,1.0970860532387035,-0.5486699801333403,0.9833471401892382,0.35831269942616173,1.3419066103647443,0.0015250743001383109,-0.10400012474523514,-0.5010533306809992,1.4059447391998934,-1.1866068716479454,-0.9804050241969808,0.694321457538667,-0.7999788098378399,-0.41487358230483407,-0.5694340285320065,-0.5540776285234419,-0.19906308230519693,-0.9592618838898487,0.5687017744796177,0.0930302530532022,-0.15626659829077647,-1.2369315679598554,0.20289987986357644,1.3623739617184651,0.2381201188822904,1.1110081672060668,-0.20164447438119745,-0.7825952367122078,-1.3405071177857772,0.04384252762342269,0.4902349066160407,-1.2628222913364056,1.0425214399199874,0.21278880085456744,0.10980679253481547,0.5378308498073684,0.21007543511244026,0.6821711192859733,0.20472283532861127,0.569759980518851,0.045778055415061795,-0.8351568849110202,0.30089916164979985,-0.8868963814865118,-1.6779615914180346,-0.394117440014158,0.6942214034561465,-1.2658311208735609,0.10705474388843253,0.23131376519130986,-0.8143734564372478,0.4603915123528933,-0.437801392133368,1.0565082209077987,0.24422611475118267,-1.148744677062084,0.11817448078008365,0.037467163854641085,-0.7618902694944822,0.27198371962275186,0.5900149259028575,2.0282319171768863,0.07771165390012773,-0.6433994769440825,-0.9944076975636372,-2.1130988061034897,0.3254435644870132,0.18401447565948748,0.3159485400874899,-0.0036924318909245636,-0.910489617534983,-0.2395565706351892,-0.7401024884622719,-0.2448509798960257,-0.7787745485098128,-0.1648045320814534,1.0934533879530997,1.2238570936369273,1.4743455418968774,0.5470251513881422,-0.9272429731783426,-0.03611713502559745,-0.4379886652291269,0.12893938894660165,0.6397769637629658,0.9163593556233101,-0.8835651667338204,0.5060340416022994,0.474639160956065,0.1944950117726215,1.2255660420263552,-1.4992128817625547,-1.040734118677216,1.5351585107862078,-0.46171738739784324,1.0293744852250513,1.7840262975265126,-0.6348612529187403,0.011550000359015202,1.1357008148370935,-0.6002942377964532,0.8770806962725989,-0.3512451503415538,-1.1119705942918534,-1.409234128894352,-0.26567204482092366,1.6319763889253591,0.1187121313470623,-0.5006949492367487,-0.3855864145841479,-0.8132645792776733,0.9628755478570615,0.8746186241484877,0.1715615815423324,-1.7034608777600648,-0.8526742240280202,-0.21174864154600892,0.28668408873652856,0.0014433186002360142
0.32941176470588235,0.6875684594442717,-0.47931362986454734,0.20174055309491104,0.6386707839893294,-0.8941217048295605,-0.13221585785674428,-0.6396282378887055,-0.4658088349807628,0.9869168461345736,0.5717617683708582,0.7921421378778328,-0.05162754814580207,-0.7031181621324915,-0.23712010333987169,0.9815742484615745,-0.7241981008251296,0.05699862829998961,-0.14147306813003735,-0.8106699132072518,-0.5794133671043217,0.29188898720273093,0.27873773037290556,-0.8532774976638233,-0.6747549714129979,-0.30487113659959186,0.3077323592640225,0.23266204901398485,0.3982871776611437,-0.4117426865992039,0.8872267429676726,-0.6117315101660984,0.45631130842677226,0.7321118367054501,-0.20455068828094966,-1.969004957695449,-0.7123332774520575,-0.47690455069615006,-0.44999482646967703,0.053359202562280536,0.5246462540556619,1.6829791115592627,0.6669103426195193,0.8134525833190357,-0.5612155457142666,0.26324321975946935,0.5614881279198507,-0.5864831666064024,1.4496285191513356,0.8025090080636987,1.3539915874598976,0.2551739199395313,-1.1883763052192695,-0.5246818627593589,-0.054794212348593885,-0.47470269695686557,-0.2997510910714157,0.4504103189981153,0.6157225424305252,0.1386040032847115,-0.3518899742336479,-0.21208191990157305,-0.157214172313432,0.7958603794663597,0.29447819407649106,-1.0054556682726883,-0.09861736178405622,0.19867495958276127,0.5013479953393375,-0.4427612654116028,-0.27354651119704476,-0.05232716094343138,2.3891408629033504,-0.06534165221445155,-1.215850029612748,-0.6551671525734459,-0.14045365368529494,-0.6806108500639344,0.3988380246906965,-0.996256762282593,0.00013357378582485596,0.16676776272975596,0.30555865829852485,-1.0136997867654403,-0.16336497744789977,-0.6651000789407843,0.2775095734665119,1.4221268011531454,-0.5417579329781292,0.5854027092134196,-0.023360896327498857,0.22156275304767936,0.8378702239834978,0.4553060550498028,0.4917110950863665,-0.4646459334655226,-0.4566632884642518,0.7542818612486041,1.2345555824264345,-1.286743616199232,-0.3423699593319665,-0.5354857282642628,-0.5600948115743869,-0.5130390047129314,-1.4944720032862322,-0.2951333668265444,0.12162238850501832,0.8281389780993922,0.8293722422241601,-0.36976127898764266,0.3016815301210757,-1.7731374290417443,0.019206706997066808,-0.3647085963959919,-0.42779633833842046,-0.5467494839427053,-0.8300573189385773,-0.5258262297670084,0.266417933629029,-1.1799750244400196,0.6277674402681067,2.0218218056944934,0.07209508809529905,0.35151166011327045,0.8175550519459291,-1.202934441008691,-0.06753075279539456,-1.2235758086789013,0.5545847494411444,-0.47993474964112354,0.8787536496491598,-0.9374170226452639,0.3347326674475359,-0.28001746004423594,1.0340984074796464,1.431428762898566,0.3186498328305349,0.3216276888147273,0.8230159250026896,-1.4529550168820131,-0.7775261782268459,-1.1345545346043406,-0.048176154886716144,0.9134223067724488,-0.28006448811543205,-0.3885171003715458,-0.28738865193269725,-0.11004924004128008,0.538798878562573,-0.8079783655434029,0.8704204002340354,-0.3170704954487922,0.18811073732080658,-0.07762578473354184,-0.7071633285221453,-0.33101111726013394,0.8876855242245443,-1.030962829794708,-0.08263928966382433,0.643569300195385,-0.01802936151703637
0.3529411764705882,0.18570831555959436,0.43142931375381316,-0.25265524173224424,-0.8676131257609068,-0.2666298023654826,0.9914695487833769,0.18816530125702635,-0.7699746172249214,-0.6824635561908591,-1.2306342404760555,-0.34736441217704683,1.102388171597793,-1.1057808232985105,0.8695873234642272,0.629222924109827,-0.2528217398927028,-1.0030965601461532,-0.5027572928547529,0.8480561650125897,-0.6447573182611298,1.9823047044930828,0.34825265403435257,-0.5601584124377437,0.794355125424731,-0.5097384829021137,0.28585661628851355,-1.149941173333762,0.2762497598377808,0.9517644183892634,0.7780583244999292,-0.2800582297516568,1.3817064390246465,-0.7097567355980993,-0.9482646781471095,-0.46778819557392365,0.13038999689773095,-0.7641252188241402,0.06685248782908462,-0.2219429763872871,0.6986256918407123,-0.22244078383115812,0.739503970492604,-0.7212907281606009,0.439073307337454,1.125066938492975,-0.0867961532309088,1.4447219115139973,-0.5850388474791512,1.403222666942825,-1.0481635895233945,-0.10070362283674957,-0.07723612893633938,0.8975168014099473,0.10331146914743766,-0.2981088028697751,-0.5187387820850081,2.6141580053307525,1.4003816614752647,1.5575793940909586,-0.7485243193510339,-0.7264022811932883,1.3552619661264413,-0.5438489483761358,0.018330536893584642,-0.28177387864691456,0.37878024425716555,0.650122471416521,0.039644922459667095,0.20429696967906866,0.13566485635677095,0.5374784466252218,-0.29565994756697545,-0.20498105949901727,-1.7347307261316307,-0.0009860095275735434,-1.2424848897800989,-0.08937056700941845,-0.8502311744163289,-0.2555182678042741,-0.6455582222750903,1.1983454136524259,-0.6988432013708816,-0.7913599429230581,0.5796350254805056,-0.8748984914872466,-0.5146717923734621,0.4573910827778844,-0.42110710373352767,-0.3705366963325468,0.6303792515084763,0.9567959984334816,-0.4249326678143011,0.29870435423885605,0.8398001477436379,-0.3049621465102498,-0.36380979785120976,-0.2418739690320614,1.0350630851136842,0.33958124585450944,1.9193102953622752,1.3997882477145833,-0.183170999205257,0.11836610630570223,0.15286178633066952,-0.5689648397288851,0.06730107033652571,-0.12736840949753103,0.6397938703710022,0.5358130324818039,-0.21350653963037683,-0.5257182555157799,-0.27559607418178056,-0.29955894186614074,1.1115903347040863,0.740452021798572,-0.14706076691644582,0.511474826869982,-1.0349505263583971,0.10925639347204112,0.014213944504292437,-0.9447848701426157,-0.6340787212330771,-0.14400661215700827,0.24502598857409527,-0.4062744338031986,-1.0454732909769051,0.2475732671352471,-0.5970612787209053,0.4927700273783089,0.9023561454858046,0.5441015031859023,-0.09603742670125992,-0.37375108403441765,1.31364580482115,-0.14406131864693658,0.04555645597916948,2.641730083383542,0.5674297274581896,0.08292980857391045,0.052827073685182746,-1.3820491728210962,1.5371351537944977,0.998805261446873,0.5088272803950349,0.2952732569691725,-0.14584764499412098,-0.251914808579874,-0.7718678261416767,1.2002751579756243,0.8244730341141362,-0.05394334286988216,-0.3307010887973556,-0.8902810730082298,-1.6070185027920922,-0.10447187343710969,0.8438293827440725,0.18958411890642418,0.8070282208386298,0.1188865055128638,-1.1620736087758246
0.3764705882352941,0.724335207688798,0.394999539690493,-0.45800549267616364,-0.12242036646134141,-0.9339165693617564,0.5467173589803109,0.9147880443057692,0.3968550655292073,0.004730101800899021,-0.665345870015206,1.8428571304112529,-0.6049567865639175,-1.2363507085926029,-0.023403201310976368,-0.6680862966531235,-0.5316214618458878,-1.323341119975101,1.1371352976253128,0.10498471699024678,-0.18607180538257795,-1.6109514957493947,0.1888014949571094,0.2929477082277247,-0.4146633956786738,0.044746590862204956,0.6516876204384755,0.7883625451130968,-0.7907439872398961,1.4446197211008356,0.01997455940983086,0.9683483203495129,-0.03821132557403965,0.4229126663888402,1.3296505603248359,-0.43402312933528536,-0.5490882482100783,1.1660386399204934,-1.1000307196090011,-0.284971408989695,0.13644691548563206,-0.09838208375948777,1.1607429865670216,0.3044064959909203,0.4869631138287759,0.006764027979064072,0.3892283305052923,0.17021182499361726,-0.1693741720052987,0.19429346374554532,1.6495746321214975,-1.1828759987468305,0.45143734018994314,1.109181924418532,0.16013794620659633,-1.8174436205730395,0.2502116242025671,-1.111342595634155,-0.02893923668642822,0.43698197032199654,0.017757309549892304,0.8446291830478106,0.07058306627973368,1.3186703209852702,0.6349314766540203,-0.18676342188066003,0.788725462459732,1.492393364792109,-0.24096120210119668,-0.5355792004903469,-1.1622908831760665,-0.1790554809322411,-0.04743202043933732,0.4176195462913924,-0.47614148648065346,-0.14130210477819335,1.725673052300263,-0.07499834984268618,0.7455478442057281,0.1335162704653999,-0.8463804845467142,0.698740224815586,-1.3526719770702678,-0.6347377134294911,0.056338239708574454,0.2057245400323185,-0.421395225497137,-0.13689120252719658,-1.4737630037405858,-0.4247127146936149,-0.01832119652965243,-1.349470967442422,-1.5649605173307313,-0.45952888543799447,-1.0994967253989383,-0.3695707207612402,0.06744343222599075,0.6001995224660076,-0.5151271887796525,-1.0268728701111678,0.8566192437173674,0.33894357987158796,-0.6956326415923294,0.6706427628916576,1.3313417054941286,-1.6761954236871284,0.2614406197924218,0.9149952930115046,-1.7275425361519683,0.1429978335643937,1.2962072633128612,0.2019395472763025,1.679558008726513,-0.18202015058334334,0.3985231335959418,-1.358986264501726,-0.17453338000584434,-0.3490465391709839,-0.04725803038331091,-0.6549212745816299,-1.6396301341179316,-0.33410196301198003,-0.27725713496111737,-0.20670069132924793,0.30374973421083284,-1.2614269729393894,-0.4611993485768697,0.33682141860218895,0.3558946635002511,-1.9300482270151584,-0.0413927216082006,1.2371565499198893,-1.8529406789307012,2.0635118626405777,-1.314513866861264,-0.7587355041341413,0.26139538304287824,-0.894541330198629,-1.015570708214646,-0.6106710423305778,0.5636935685571671,-0.6809873791178054,-0.0834333842409801,-0.28000859512959114,-0.6822837379650877,-0.6277154168211817,1.5443350749468936,0.7818074114678961,0.6488847833434168,-1.4437179505540452,-0.7362104527091136,0.09022348688935095,-0.45694820298420574,0.36266176266839517,0.5344864912858013,0.9773461702876798,-0.32732555862662244,0.6397671974711687,0.2551023240551063,-0.4934804587779085,-1.868981410545369
0.4,-0.825230596780394,-0.36423495281030543,1.1176301784979885,-1.25540895890067,0.03511477464868151,-0.21960821339874204,-1.3586248562506766,0.384727954721666,-0.547727437099812,-0.47321880212917866,0.434667505966597,-0.24839829723664986,-0.12915205993038253,0.8557517689363648,0.7171533306418268,0.4831425199210452,-1.2104741895300897,-1.174621876245796,0.189413882248734,-0.9627623952896939,-0.03525595910938273,-1.1089373840436005,-1.2555784479455814,-1.8220660323993452,-0.8006368819710264,-0.5247644993980234,0.08236632679344336,-1.664723188143523,-0.6790380103969067,0.5068929800782895,-0.32975930350051097,0.4206677787010493,0.350586828249548,0.32666294965961623,0.6300105508554437,-1.0874152663762817,-0.9606661609132757,-0.22764335800872068,0.7800887292330573,1.4038129170876876,-1.4219958421678063,0.13877435123838638,0.8573797805264743,-0.09921773319735494,0.2090772528438467,1.2228309241331425,-0.8078111732305865,-0.024972206953284004,-0.45962936997367987,1.622859871045342,0.37346594736702465,0.7470297853814623,0.6512423836395831,0.088168533946368,-1.49978809207999,-1.2330326368162428,0.14935893919692023,0.8292626851382717,-2.1445019055043613,-1.1315037720640742,0.01015995432874034,-0.6825735593575056,0.5507530614655091,-0.0001432278091727246,-0.6653186581428198,-0.5438015009256539,1.10057254941985,-0.8250182592714832,0.648006640891743,-0.057118342109942946,-0.9379173799249835,0.20739859184328424,-0.02761163388822238,-0.032843645045312134,0.6045570524214808,-1.094401139398344,0.38568952160060443,-0.47532116206077396,0.22730903656772128,0.6125939858562374,-0.722589399199818,-0.5885707445347622,1.041282111863879,-0.19904747666835215,0.6695433841241443,0.25105623973961605,1.2278385790993622,0.35141277334662957,0.1278387866592527,-1.108718205588583,-0.4327053510805579,-2.018599542357579,0.3502147845380067,0.16790341368975942,0.5468752638909257,0.16322773318597178,-0.03720924949910977,-0.7817305328133896,0.5392075000363526,-0.14042452104226016,-0.5557547457583059,-1.194174368800518,0.2957850485790543,0.5055546751178177,-0.4584675526198844,-0.7835648692386121,-0.7734032744002417,1.3000018267935056,0.839448604170314,-0.23263498062519328,0.27221774238249447,-0.28604867649338106,0.05228729804064419,-0.6700823851570104,-0.34814936834193266,-0.7349206363182488,1.210455872174607,-1.4603107834308826,0.25502446575780774,-0.10457147969250534,0.6065640149180768,-0.12642467647195085,1.3917585330071318,-1.4138779535529389,-1.4424972124452284,0.41090902360243975,0.7174643878754676,1.3737027467828433,-0.5758077494307041,0.4153871192392675,-1.0852222280968213,-0.35041361524821313,-0.7347463345905787,0.6814814348208151,0.04659662722700594,-0.2821260630955015,-0.6218121383995127,0.24394134059944367,-0.8651985841017004,-0.8737943442680222,0.3350217567231385,-1.1913242014685328,-0.1891994705798778,-0.813561392712551,0.5908390914792554,0.43431700829448217,-0.35415851669966686,0.5574730825930391,0.13936195074789254,-0.6564237776985267,0.2258893549848836,-0.4318326347419319,0.5355764542566656,0.06465428680579444,0.034990089957273096,-0.39206295313447564,-0.734346882408766,-1.4428834740534693,0.09415686641585719,-1.3715935968914845
0.4235294117647059,-1.0766703613256414,-1.4635626339015593,-0.7451716662567465,-2.341826560547607,0.004196117013798573,0.06343943998765217,0.6199785433907934,-0.6487710577762065,-0.005638248588107186,0.9276675249359512,0.9952253973592629,0.681148311209407,-0.21092612370291514,0.7224421442417539,-1.815142699251564,-0.7056099500937789,-0.399959209412561,-0.10875758765872648,-1.19767051389301,-0.3260287315624994,0.9482349465673969,0.40723533859312355,-0.8184357418132355,-1.1143130334990092,-1.0327849401115765,-0.447450985335785,0.3187448532993603,-0.43083817390298373,0.0044458538084435895,-0.9235677601466658,0.03488267052464311,-1.1243958947593287,-1.6525220365282094,-1.3876048123886113,0.3503421854117095,0.3976733440496296,-0.46522323593390236,0.768578847206268,-1.6518935847505765,-1.7147291480952451,-0.43373016077711507,0.7119246871290075,-0.9319058573146284,-1.0957964249099266,-0.595148467139829,-0.13040991887530468,0.07500477868005112,-1.3218734480702752,-0.7678402876286733,0.15502479973030958,-0.7128433369882574,-0.6467254228525956,0.16884682657737615,0.9059985628148628,-0.8643320156614069,-0.14904710647248937,-0.9848862311143932,-0.05493324976010949,0.24914256160513593,-0.5401449481428887,0.47138255515194116,1.2941827503149401,-0.45068953898089503,-0.19154127061512732,-0.14913924533917308,0.3577635688843651,0.4421853446656202,0.7227311523265445,-0.19526962611882,-0.5478272053147152,0.15524869340668324,-1.3246774885059813,-0.2589304768792191,-0.3486895631850609,-1.2849248796158024,-0.3309113716985597,0.8691468152188002,-0.3401044421727377,-0.5922557911475437,0.41537194950821577,0.5148180818540394,0.852024807978327,-1.0505058463645631,-0.5588055613465999,-0.3440083599642772,-2.3542930318533335,-0.5081130922547826,-0.5074435131251697,-0.5126838669750619,0.0989626483336094,0.8677416394005744,-2.2950348017168816,0.7649801953752553,1.3429245272184058,-1.1733250696907933,0.33284201747311226,-0.10233060228770205,1.3168649468846403,0.6307374427043378,-0.04700140955337073,-0.5503292436368022,-0.9333065334371443,-0.30156241056880106,-0.12470203671717767,-0.874020847455507,0.3369460894252665,0.0963490085866679,0.06647528250311807,-1.8091669870965188,0.005552733790766873,-1.217424064718263,0.05902196358233858,-0.43777260499430565,0.3306949140978257,0.4347351469833931,-0.6835036758475868,-1.8867780231776152,0.16361492682149947,-1.351271826520164,0.5098900991383335,-0.204450343659451,0.5407560776927833,0.11859350564871785,-0.626172188155123,0.37296245354293567,0.037607348465748924,0.35608202658580645,-2.7556023700541536,-0.5474138987968087,-0.11834227301345851,0.37576025214068076,-0.6365383319225151,-1.2155337085723494,-0.7663187953801474,-0.7722246466936256,0.47810201404654096,-1.0336077975916425,0.8850053965271836,-1.7147588512621397,0.4105350261351356,-0.44624050476781535,0.16644593705149713,-0.5474709170560581,-0.6637125573710903,0.269863893252971,-0.5716403057988465,-0.014956513039727004,0.9946084334250287,-0.9146862487940023,0.5856502149263978,0.7338341032146565,-1.6252989258858799,-2.0520596568811538,0.8602377916174333,-0.1357376546508859,-0.32470851692582725,-0.4623950132636786,0.21120079558637483,-0.41477105741241593,0.3722449410227727
0.44705882352941173,-0.5310490105338845,-1.4510572462380913,-0.251570008925303,0.8310108781982047,1.0411704863975269,-0.6094206114517746,1.089257212467512,-1.3350529921224426,-0.67131062912926,-0.9964788423672469,-0.07762062095394218,-2.1256188372370204,-0.35150358358990774,-1.1593672594426405,-0.288264969678765,-0.8986688399354649,-2.001306878128993,-1.2856286050283972,-1.1089740518475382,0.31710900160512456,-1.7215780956020614,-1.1353436169577464,-0.568756210869678,-0.11710169504599965,-1.455735775875649,-1.4847610156953912,-0.27415018902316035,-1.0634986229991774,-1.0275435213193878,-0.8555998601156378,-0.6981409010000778,-2.827004180117074,-2.1966053402174843,0.7484878456490279,0.1712363210149097,-0.13150784543116734,0.07245352591546106,-0.7627798695290371,0.7418814982990755,-1.4125456309121498,-1.2350908352504315,-0.8981990062567234,0.057562889883399526,-0.6607233902683384,-1.3016184564881295,0.036260030534162824,-1.8171355354457583,-0.3251980709871955,-0.6189177081562455,-1.1863086331323431,1.2360080734299927,-1.2836543806184577,-0.276535556531739,-1.1860977129830585,-0.5712842711060213,-0.694200507667314,-0.02173483774463769,-0.7329726007687176,-0.2810316621228026,-0.8760015441586166,-0.6749034760411003,-0.8965276043007706,-1.351444836022808,-0.2393164098976962,-0.6149153852999902,0.07251237075178696,-1.2046571562869717,0.2371745185213303,-1.332958052680263,-0.051915099692844024,-0.3216709433893228,0.7378232949779385,-1.7744110840623377,-0.6134495135154017,1.058505878591422,-0.2419208838822866,0.6357331871446815,-1.0953145478065704,-0.10394417907558207,0.7740185484400913,0.052015651112666594,-0.9270211591785412,-0.7764734983498457,-0.2140161049751821,-0.2522687703640955,-0.486166796226036,0.3347202208553206,-1.3974434496736265,-2.100161826366476,-0.5751489572146644,0.014699175408920295,-0.5777115361876495,-1.4091082230019811,-1.9856557481236203,-0.12968645600196316,-0.05696847852936748,-0.7823938493991149,-1.4940351291960732,-1.4970849022304211,-0.47300088590287515,-1.3164490611722361,-1.3343787382248677,-0.3687300914071818,-0.2191895881286276,0.243113118044622,-0.9199727007914622,-0.924534884026612,-1.2577488987069554,-1.048930890271743,-1.3521878133074192,-0.3052996612601895,-1.3274936122560943,-1.986342113854715,-0.839933404823429,-2.7028365887673096,-1.4042065967766986,-0.7734705994795991,-0.5544061587447708,-1.3648076547188683,-1.3121194927426307,0.25280037541794587,-0.4070622924337727,0.19792379496200263,-0.6064065325104719,-1.7881037538733375,-1.0751863786106122,-0.034329067999883556,-1.586752402155979,-0.6493854135991766,-0.5972503105956237,-0.27332824887546486,-1.0979718598479473,-1.6103726675421173,-0.42361086855175795,-1.0881209455405667,-1.1951298769486822,-0.43251689999466647,-0.35269975034827483,-0.16345962799032787,-1.1955201753682565,-0.6043262032697853,-0.9198127667457994,-0.7861655894221888,0.4866635289637594,0.1553974573445368,-0.28720973221628016,0.022810102993164993,-0.962199393576357,-1.077629779867316,-0.523330228437476,-1.2857512384103216,-0.007700794695798541,-1.8444491364380755,-1.050072899193111,0.10759070510413282,-1.939892246099972,1.787169580463952,0.4584227062467422,0.26902598447085135,-0.9379754802864058
0.47058823529411764,-1.3391141266954356,-1.5686548986694497,0.15327132681027011,-1.3715464964643322,0.16361647494335219,0.011541350180159116,-1.5359576089806115,-0.016948034202362017,-1.3354628103833899,0.13639690929533432,-1.5948533734390569,-1.3702181622349972,-2.2902742491297046,-1.477577244665174,-1.1033009167463594,-1.4275663513620247,-2.225465322255938,-0.1252584427557385,-2.664879177388676,-0.8656154333281356,0.21795988140015887,-1.1917932113827054,-0.656915138155559,-2.767719837541449,-0.8703810390818321,-1.5508603093758007,-1.4843838565807554,-1.3557246272414845,-1.396033506921489,-0.8058737621289999,-1.371586382190822,0.5362367077817285,-0.9545552576897179,-1.8262393922249105,-0.579690529351006,-0.5640376054596914,-0.19924317863374152,-2.3784090845322448,-0.5218015131933047,-2.7233448734737324,-1.603301331992983,-1.1479775574659874,-0.666300066687274,-1.3310824458217183,-1.1183570488501497,-1.277182140286722,-0.43138171899872335,-0.06052781501493121,-0.7335781299684636,0.41154663603090036,-0.39072287338520617,0.12166706328166454,-2.1085847086609615,-0.44084186724049534,-1.6817324064406725,-1.4702968334533342,-0.7485965516592454,-0.7401398338636996,0.07562672897557232,1.0058790765342358,-0.9060909746280953,-0.18443803929886304,-1.8310158801847463,-1.67340051377382,-2.714129338059448,-0.8925815508832593,-1.6067135490083384,-2.7633469071396153,-1.6864832908728828,-0.47923843926975984,-1.596882111348335,-2.2503619754777997,-2.3284665071249764,-0.3848101153081145,-0.7406000066623954,-2.1070438373016502,-1.2558103452890417,0.5699945585580943,-1.5610830730515015,-1.3026652472605205,-0.8381958686010912,-0.5783473441017153,-0.7323130100701627,-1.0630603979250743,-1.7102271191559248,-2.0349969309927003,-0.7855270036801467,-0.3457060148801767,-0.9352691225492925,-0.24994644076317218,0.25512780168258287,-0.869104738846251,-0.2180791720746298,-0.822110144206404,-0.943547992065177,-0.33140219974594165,-1.259932559303612,-0.9268688818977018,-1.4052736128567258,0.7682933310078126,-0.8919389285391791,-0.464704985062683,-0.68035857587657,0.2830888211536693,-0.32769328242104456,-1.4981036826509304,-0.9769752968385347,-1.0207256433102874,-0.7382765262793105,-0.43812056281357714,-1.8243091003686853,-0.5821289816190383,-1.2150581607270292,-0.04084648091139664,-2.980814415128785,0.11585483982404554,-0.9663351556644426,0.0027502353737025587,-1.083806391517526,-0.6790234014517136,-0.054091189277418184,0.544229328392789,-1.3166964518454127,-0.8026653603048032,-0.8331949811524374,1.461189659156042,0.43761841361144516,-1.6458781845369592,-1.568891475449003,-2.304157386981066,-0.09558911500489209,-1.5005338557624066,-0.7584660043936129,-0.2129234066020721,-3.5689997200613774,-1.0079720761332924,-1.2515204567690812,-1.6625885900741475,-1.1557327219285658,-0.4427767737886035,-0.8583449006827162,-0.8899768244628274,-0.7063598017941104,-1.4856980858713889,-0.5493498986824039,-0.548752381359068,-0.9126910312357748,-1.1132740620745059,-0.6315619409630876,-1.838386864374087,-0.9720359206356762,-1.7417995950554168,-1.2456039076537158,-1.2266981636405638,-0.60010921568431,-0.3435205231423685,-0.6852521971742802,-1.0634309669961628,-1.6828153227133416,-1.1959631739127483
0.49411764705882355,-0.47512440459825656,-0.6381922865930938,-2.6280192888693708,-2.3427270352218232,0.6579270317371935,-1.724065210459894,-0.0373033927085924,-0.13521048611865005,-1.1940280206502456,-1.3050804290184976,-0.33085018982066805,-1.6209416351319712,0.47631373535912114,-0.04988263000902027,-0.6823825367912403,-1.3715287230204183,-0.22338094386456842,-0.5112898781888138,-2.5351580871334125,-1.5147700326516687,-1.9151688314789288,-0.9250772199706162,-0.12675934197866123,-1.1999300281919272,-0.5559718525099957,-1.1523686886523772,-1.889770822568464,-0.5660368550700333,-3.1693406707298193,-2.5984496804004564,-1.609835505212532,-0.03989826440940902,-0.7895260433851709,-1.6935464039175616,-1.2200402205145837,-2.0991798894567704,-0.5834070177932589,-0.7944387268390611,-1.245945410123118,-1.9019375183772795,-0.8291410026489208,-2.6377127431291614,-0.7581725109005424,-1.4612816514591662,-2.3066535125446235,-1.0115910608985534,-1.176441409359701,-0.1080498383264823,-0.5924889563849687,-0.5567089565091103,-0.6050212534343355,-2.528063668748633,-1.3649567838913945,-1.3837648722323146,-1.2123061673287636,-0.25369459524571714,-1.4086898734484998,-2.272418439105047,-0.6460654373767484,0.2273824268908049,-1.2488646817021818,-0.9991039536107073,-1.3027777413539001,-1.5214357637435865,-1.38056582763112,-0.31838844025549196,-0.724390063536152,-1.856223908095751,-1.5410723191235713,-0.20597411156882772,-2.574930710089733,-1.1742724618049611,0.3550275954179811,-1.4551301777913095,-1.7731656737908132,-0.06934550547419271,-0.9361768534877398,-1.6556031392462085,-0.34099129467510114,-0.569459437068342,-1.6124676148234802,-0.9325544367237848,0.1315711685078882,-0.25170014583858646,0.49121365293498176,-2.608702095902747,-1.4879242431963915,-1.4983641678903838,-1.9813383095244728,-0.4650516221695713,-1.8508961317136514,-1.8301546446284345,-2.318392385992066,-1.6225125516888652,-1.6712790670817637,0.3475035470907535,-1.5530427843127677,-2.2987481276408395,-0.5794191766324384,-1.024958081439911,-1.3750775787282796,-2.5883268718657053,-2.1318469102285316,-0.4635486740628322,-1.2069008497781943,0.19603094585164094,-2.9732576528605783,-1.3530457772100823,-0.31675047697682757,-1.8109776227970276,-0.2704023913599558,-1.4307071392055064,0.14351617363844293,-1.4621178621206545,-1.652732950258388,-2.625009365307469,-1.074506245931104,-1.546241578079414,-1.4950555633658713,-0.2775391481510535,0.01625274861399273,-2.0714645841389263,-1.3592965062510263,-0.7311896324117637,0.23788278332640056,-2.4348082380638845,-0.8771634250215439,0.15098995457886133,-1.7390278338842935,-1.7352392214195902,-1.8653381063649581,-1.807363801204536,-0.7929715415313743,-1.1437561694716154,-2.2719246282283816,-0.6538737564858593,-0.8557307760136103,-2.1174217584783888,-0.1973239462678953,-0.62914709869832,-0.2955642712320091,-0.7519864771460134,-1.8065298390532738,-1.643786279420615,-1.1860535327380488,-2.040130459249908,-1.3508719006370615,-1.7447392865896716,-0.8721370893046166,-0.4628199193758906,0.1471405432477364,0.05886608569768148,-2.4892582361464335,0.5133940121802787,-0.5291072338941686,-1.2872686395175956,-0.963160472600677,-2.0488756797137975,-2.4988960530898545,-0.6983118108844122
0.5176470588235293,-0.775619453800553,-0.6905585209997189,1.8635136136688875,-0.8836282103871042,-0.035987363357656565,0.8963590179405999,-0.43842165749785267,0.8116514313826805,-0.6746838042239258,-0.7365952727968226,0.12017736021753367,-1.1163983292323008,-0.7359510188959351,1.164391964925811,-0.571772990596345,0.09077664225791493,-0.5981542868155705,-0.3658849310795531,0.22955929419037158,-0.2431644148700693,-1.5617490479539216,-2.631642875194668,0.05142802300238347,0.9703724745178174,-0.10009089740984917,0.35442671077462806,-1.289342076352995,-0.8746631469120039,-1.0715519743553337,-1.5851538672397947,-0.6026771565418824,-0.3457135030877272,-1.0520457455164571,-1.3822760182564702,-1.5241999213900925,0.14949571934774508,-0.337353186446968,-2.1125705740324996,-0.8408637276376798,-0.9588588110431688,-0.2960640771205603,-0.9449986742070873,-1.3981307933451905,-1.1340752144526283,-0.22182012295735032,0.14038516602526097,-1.0239258164302512,-2.3757122435045606,1.6396274212885258,1.3321442405398463,-0.24689895482605217,1.4045546533324398,-0.25237957758796115,-1.6697117749151626,-0.48286017689943495,-0.41130638387290247,-0.9485618832975957,-1.1097933285561452,-0.6609264810283756,-1.0084147511034744,-1.2738818059063,-0.7072508648399162,0.22853781065474021,-0.5529747555774249,-0.3680943591562999,-0.7634377935641683,0.9731294503129765,0.11224766771805161,-1.2079868947583339,-0.9981004021456887,-0.19945677822132574,-0.09768989677315437,-1.6111680682681242,0.11035975462534475,-0.6872907216692572,0.630351481714433,0.5728413338594412,0.2976911599575748,-0.11528873434799736,-0.2157288712457613,-0.8810947449408921,-0.5447202816117725,-1.820512335101058,-1.254433033991393,-2.15661746636339,0.09690815632278804,-0.1846163617548775,0.9451823511103211,-1.0041925122678999,-0.8331376977854744,-1.3625937776049253,-1.867544811836535,-0.06259320117374989,-0.6680241450703536,-0.5907768849871387,-0.10912056115671975,-1.7354782700413232,-2.234475585428221,1.3584722990402232,-1.6537041463099067,0.04558769753935299,0.7902584369357729,-1.0487990069405746,-0.622576468438303,-0.8431110693864342,-0.47154235383259235,-0.7778462242087629,-1.2244570987200833,0.22768342877184944,-1.9347354211868826,-1.096308978188393,-1.0807077554146578,-0.9768839314915325,-2.2183245914700485,-0.6473416863000148,-0.3241487020574434,-1.0078672877502748,-0.798149156499661,-2.000485064592988,0.3860117444280228,-0.3770150610407618,-0.9693169947372491,-2.0375334588494027,-1.208700858536432,-1.583211283655844,-0.646160233699771,-1.7070168654082183,-2.0394186609274776,0.13485540972632415,-0.9400871628892243,-0.6933092682123492,0.33059217531064955,-0.14495652259831165,-0.3388510938890017,0.39208109146560066,0.1843223310253279,0.8616043717500782,0.18996821137032194,-1.1066544664001918,0.028403759130966932,-0.3131485486585077,-1.2600559120375392,-0.9933390119948758,0.029654164996147925,-0.058255833141255764,-0.33132276345429135,-1.07918616640145,-0.6524552980543263,-0.14847178879640438,-0.6361237978362093,-0.2182012514558752,-0.4454320251187258,-1.586396775591155,0.3512105579154391,-0.22504859987005643,-0.15976172206520667,-0.3325677681021498,-0.4076286766961522,0.07369342039008564,0.6125856709082412
0.5411764705882353,0.9761720267589808,0.8685583853574157,0.9906470436836959,0.45534376694942247,0.2777971335692821,0.6835922231254966,0.6716559073923284,1.2311178179332054,2.2600482042203858,-1.0721657520529955,1.1712240423796367,0.48913510036016594,1.134232578806309,0.5864316886941193,-0.37720998359851765,-0.13547818146317858,0.3776457869191105,0.2891679189062963,0.6325096968664297,0.8675397630831303,1.3549685215383307,1.29972871158876,1.5223444712653706,0.44249619536286655,0.7100873525959789,-0.7483887424671674,2.7994147002929024,-0.09014358149021273,1.549825572171522,1.7996905340443254,1.533434845263288,1.3021860616835172,1.3799049753968218,1.5183567893708654,0.030557376580978457,0.2891862058286703,-0.44920345992541555,0.5570488418269515,0.7451576321270277,0.36110039277191475,-0.2634963800065727,-0.16329395022546,2.2593307714842323,1.5701922048601107,0.22821379992802554,0.9104133109587654,0.8396686925059208,1.105012134513259,0.7392575259679122,0.4942704595694364,0.9014957167059412,0.26076582272089,-0.4046356177751609,-1.1419894834935367,0.9157044918458089,-0.023591815780592107,1.3159752137584562,0.28264194642058466,0.3565554101409602,0.5117020888571513,0.32657055330195717,0.42825494356716653,1.3340129914047738,-0.13430307518215967,0.8572919373212089,0.8573066303007875,1.031311510264819,0.6517358666345455,-0.25482458261155017,-0.405621359037728,1.9687107284323173,1.746313379138887,-0.8188492530605047,0.9989927376547786,-1.4113822769488271,0.37475196438560276,0.8424542661821897,1.5011550469034647,1.2908800791701,0.6571129564442372,0.08752059343423302,0.06577354195057605,0.8102251248904743,1.6104111153994762,1.6174509542647688,0.7432897807461856,0.710771308777575,0.4269461580813096,0.470056221428218,-0.5772219041557463,1.1975300327402199,-0.11563913032000017,0.2996476334929541,0.5293366876458789,0.925232969191558,0.7857275088530143,1.4684268072699138,-0.8120200199201424,-0.3963076759372408,0.1300935444780642,1.7308047107796998,0.7704533818083574,0.32246123983098823,0.47207956021574315,1.6662744790186492,0.8878296066761697,1.1542203170642789,1.4050815469972227,-0.7330898122394196,2.183271947165002,1.6265320607999338,1.357885219498388,0.5016078011728675,1.3648368346509934,0.6830478624168936,0.7329286010111364,0.670024860745434,0.5085128924376578,1.2711655349449733,0.42062207481954494,-0.3158493017932694,0.9391087203528667,0.14943220490768622,1.434234334612138,1.0679768088806338,0.17193378536942006,-0.22142119870451082,0.5948254929660038,1.3379837099835923,-0.1872101442610956,1.117447296212317,1.1949340506533328,1.2196774184951056,0.48626407566125834,2.271675043033821,-0.5170127683308805,-0.5798412991949939,1.181753623720593,1.1538833175586733,1.3698303362339088,0.21994735742780108,1.1466009099581955,1.1531549037854858,0.37393065601785885,1.9328653496593886,0.9644749106426436,0.9436049808780946,-0.20865179526989175,1.1327915905026114,0.344202559748196,0.8345282165950048,1.8330597172619212,0.3470414677429041,-0.2009685977721638,0.2484775713881846,-1.112596872036386,-0.07990871695340751,1.2988795944505214,0.45048795579204615,-0.08353029908432674
0.5647058823529412,3.263644674316925,1.9789621992225248,3.102978836475685,1.1206502189909942,2.27865066695379,2.77284144382651,0.6616725794492166,2.680684728620943,1.094968100439242,0.5594432845176189,1.4590316718917298,1.6115404785765222,1.8415020572931677,1.8031302904115556,0.8393545273066874,1.1307614038805882,1.0635990816445764,2.2754695001044793,2.549418556537586,3.4978211050603045,0.7087729123760063,1.8940362331862781,2.7578964084794064,1.7335523469093332,2.5734240908271357,1.552809238789767,2.758632515649886,2.223096590396428,2.9204835127929374,1.457123481092735,2.027306976582244,1.17283766427046,2.4311660836004765,2.8016927647783976,-0.6050904059790649,1.624280243437629,2.6276311922378057,1.111434702190259,1.019228680119162,0.4704886668643531,3.3307083385850587,2.0905638833333935,1.7586407910149808,1.9953644410338718,0.9852379831398945,2.9584336402717266,2.4984623035267037,1.9278326735841707,1.7971995686580815,1.9100211352798435,2.6372898085119374,2.9120279140955585,2.164324625203304,1.1484486584873186,2.4500017485785195,3.055666523836742,3.7805124085410213,2.7690303478073464,1.4167018382350938,1.6798103854873172,2.160012944364073,1.3737894777485065,2.6601522873749177,2.073446361863321,0.9241685689056252,1.6253227756623079,2.0863439644519035,2.25688527787802,0.29111658590362977,1.75860849783153,0.8054197267632068,0.9435800095511259,3.5858410788631563,1.6175625298536942,1.4804525639662487,1.0471158674782088,0.9930408814416485,1.6825700997095177,-0.0072702664102406445,2.0379678039782285,2.3472125209707007,0.9344540534781242,1.4642318299999804,1.2798788723734684,0.8578337067068891,1.8476525142543754,2.126594081669656,1.5862814422743545,1.614518443475106,2.500703567967302,1.463856187301195,2.211576912006622,0.9856364115411185,2.3960961689145113,1.1187671553139005,1.3703020405544541,1.305960662005776,2.029658449820898,1.687877565627517,0.6094968668718825,3.444990588857724,1.6852373469691804,2.4049168874899944,0.8015240124525387,1.685538816530943,2.492205869470273,3.103406754775466,1.177728726759449,3.482264516688242,3.1072808563935785,0.7447993439844185,1.3367117654881018,0.9602041794646333,1.5843686202501384,1.6630326106754176,2.701032944141603,3.986949330735958,2.4446296679352,2.402057920098002,1.9227678261906258,0.2980966114024224,1.0881040497376444,1.76974206266023,1.4135958950006002,1.1854198975853447,3.252061798396564,2.1954054417424964,0.8706312654931863,1.237385097712686,1.000342715615877,0.8162709383999531,1.6922588340266032,0.5295283033698366,0.2811257531498146,1.4010659914669752,2.114689736178943,0.9408888311370347,0.45164791312566965,2.310822359614587,2.6748593749536815,2.158822065506018,2.1596624654857255,2.4905648251858237,1.6434708510172544,1.7702751533063799,3.168264809779859,2.705526746186675,2.456156664539797,2.2412852775945704,2.2111715653369886,1.905932838220081,2.9824801085115342,2.393002199208429,3.1805371295352813,2.1136885945760366,0.715547227176776,1.0470294367606212,0.8464449982876432,0.07512264879130903,0.33265701940166226
0.5882352941176471,2.7752091514434065,1.2606299343869218,1.6635127753422267,2.1218561940664182,3.323015782286565,2.8631647083719645,1.4962108616695713,2.775789576619824,2.974246385518021,2.988179305371088,3.8553461923953076,2.1021686409451674,3.496122847066755,2.627513774459333,2.0666708936103317,1.9687443531934912,2.8771824405030917,1.8088059283159472,3.5972418990142776,2.8871162517546467,3.7413569798168487,2.7543000066375583,2.6797462719047225,4.111194219293166,2.8205440356416482,0.8774111477887749,2.193594234200516,2.5421417891891482,2.7790593931954577,3.557767448897872,1.2890229933909851,1.7790022051378258,2.4734838852915395,1.729225407643166,2.921557836449213,2.5804308318782163,2.6513585574631136,2.7863737182435404,1.8473638693207337,0.6685782398763866,0.3395320557386632,1.746517277327761,2.6997202400276303,0.5096925801264345,3.092984734988688,2.6928205614341714,1.603498551260006,2.4216110440557688,2.0172524957213995,1.3690836691106971,3.4640728275037342,2.85138491524808,3.470583733521143,3.7207383585731533,2.674677181084084,1.9545253476207443,3.271478944140833,3.092477939894264,3.2152730536668686,2.9405897429577963,3.317828076071525,0.8107603649947941,2.6937037233049788,1.3929309318090448,1.4767191118662668,2.0512822438207614,2.659021207701683,2.156579826120761,1.9393093243817088,2.546220682209346,0.6553510244995511,2.35473898219402,2.296031464800521,3.5121975604398505,2.8315715861337427,3.967697633165045,3.0366867571782015,3.401123453708822,2.699486469271387,2.8817418268588972,2.647309364891406,1.7876915039973555,3.9745024847691006,2.773165555709047,1.657879445034259,3.0351034272801023,1.9974718287260695,3.7760574457584766,2.778239266776092,2.108884386948048,1.7728325955764928,4.187979149083483,1.7837108247136495,2.3447813487425453,2.645332449962057,2.4928792570490246,4.50770802081337,1.3859867612160641,2.3592543609773116,2.0568409332569795,3.2854908032000165,1.9643218704475596,1.9790048975714916,3.0064128859657817,2.3772443054168533,2.651139857051713,2.7664485566925285,3.2826518703941128,2.5547691863264115,2.3909439079917036,2.34852918773611,1.616459140741475,1.3479036374045583,2.415316470788926,3.0322390002668023,1.6766359627787946,1.2228393505560666,1.5707560007144332,1.1438451773693827,1.2509714996124444,3.0598492098739847,1.4970529071167424,2.722045274384225,2.3867258581080093,1.065008513343105,0.6210208503694032,1.8855389143780559,3.287563331913423,3.567613292911835,1.9281087888666875,2.6637628732934386,1.9970162039449268,2.07017575059475,2.2439444507422373,2.8277271068214467,1.6884503843756908,4.098516874848593,2.9641129240159234,3.562157077010636,1.1363032891837064,3.107496485517827,2.1471832440205008,3.7835378035152143,3.244164690774039,2.950093703812509,1.608041741444562,3.758564046405966,2.3210481144932222,3.900535677967314,2.1927699118364674,2.477669489562746,0.07436105297678708,1.6007106977921035,2.9559371892796085,3.5447365933054904,2.2934397067615966,2.3396484541641875,2.368045730759383,1.8923208767481219,2.4065101611700834
0.611764705882353,1.6072958326655562,1.9307092661348373,2.1942288272456225,2.9019803479444346,0.9747283092881888,1.49626361752539,0.926575452131779,2.435549721896086,0.5632806671477628,1.7355221668177443,3.276279015769246,0.21444059795404602,2.471860291445847,2.612056932300674,3.1332966979900916,2.04254413155573,3.105060279989533,1.5974374993736706,2.1442452498664193,2.1270183278614745,2.769462450764148,1.1785878783827526,2.1650319527021566,2.2130279216659376,0.9208799739237736,1.2652453355091189,1.292892234777105,1.071389067312809,2.0410143277951343,2.814938683219287,1.7340295791264693,1.0139639522285213,3.440006971380283,1.7943552393375373,2.1957434600351244,1.64910345359138,1.661188679813459,0.6258878992241854,2.0553857536974984,2.520260407448813,2.0655660714702693,2.14448844429232,1.7786145166222045,2.7579046804422163,3.3843712209473495,1.617546005663979,2.9234059127850633,2.3416794618509598,1.3343659416038909,1.5372297994422084,0.6704672414464301,3.910903797810781,2.994198725015705,1.360594242240797,1.9192412529794114,2.2430840204232236,1.4987294980695594,1.3424097385310012,1.9566451468012962,1.1373969476633778,1.95561584453658,0.9379014959678029,1.9029237615621635,1.2182267868553545,1.2821461688607685,0.7338739934275789,1.546187672917878,0.3718783053923842,2.76598030645827,1.7613057220544412,1.6182400570674706,1.0864287674344486,0.667658925580696,1.7182256353508947,0.9812809522318778,0.5204210351020924,2.1423110763254742,0.3480085867832168,2.8450400263828466,2.115753693768779,1.7539826307257242,2.543418686369032,2.7114635811420102,2.763849241409175,1.5368351087590206,0.010174720911641622,2.9714534492946765,2.7421473686383147,0.42319100024164413,0.8702457064408502,0.6196882104150307,2.6889012039951243,1.7873064375753507,3.1272658723626097,3.2410227610920956,0.8767346857044505,2.165411447648944,2.2424576734929778,1.562581745709676,3.161328567202661,0.8708264579928497,1.7659588710002954,2.355798289479958,2.2688040312684836,2.527440818612687,2.5565799889151855,3.4119341260334344,1.4377301350215461,0.5813947707974418,2.636684170838811,2.309298237931294,2.3040096584886025,2.5045892744515834,2.1278727280177026,2.4099524213479953,0.10077069165958674,2.967696552208781,2.2765040594486767,1.0521214546332707,2.2979114225079873,1.6032398117066822,0.701102734955505,1.4177194169481502,0.6497055575573438,1.7515025024768565,2.3488179196044587,1.619563954457854,2.449435659480997,1.975779816073165,2.6516987226884456,0.9049514742617051,1.0509910147157577,2.499320418864617,2.3159990496701464,1.7272776264187366,1.3471948540280194,1.715716949778601,0.8796177021015863,1.864469250852651,1.7421769117770511,2.2066407060387956,2.1018586841547497,0.4943589922722631,2.674179157017292,2.1214544140563882,3.860405433300457,2.5688779574802525,2.940700344384255,0.7445447053681948,3.073281271832898,1.665914476907567,1.5631541053686469,1.1652649735039313,1.925132084382552,0.9948784679239696,0.6028611640637498,-0.4453579166116717,0.8638365231838414,1.7583604241684248,2.943177776609958
0.6352941176470588,-0.02269757799845995,0.3506896078330056,0.838236206820059,0.5506856745491376,1.0443641306796128,1.195937902181238,1.7392213653255837,1.2639429666754691,1.1787593142843056,0.3846317814509464,-0.6441642383351376,0.9327013126304938,-0.6516356365465856,0.6786894593033979,1.2860910407055193,0.6212212939047232,1.0175795547662985,-0.1562299261679988,1.0338034828370986,0.6166328942755336,1.2501750333375652,-0.3774605907381008,-0.9619353611698604,0.7283897640048156,-0.5330027832770519,0.9928781944064736,1.313750095378095,1.227733205084713,2.0783925970723187,0.3154059032350848,0.963191046134751,1.9912755814973249,0.951323506456758,-0.13325928645557883,0.4807790941661597,0.8430517100194342,-0.5601816913591104,0.0951345526481655,1.0953444545141247,1.418205357573791,1.3705571688339746,0.9281313894781258,-1.3310958598594167,0.4473214383539307,-0.0517481746386792,-0.896782749934738,1.7867644891788041,0.5083555933655625,0.8239850569255225,0.5196081491307507,-0.3227434607676769,1.030626134552315,0.03679014449192519,1.4903726743061205,1.0393202532444956,0.7702044969753467,0.4712442650988975,1.1751642109334923,1.73401069318509,0.006535124068948073,2.3042168005490553,-0.43868675370103016,-0.24393914521835414,-0.6427774952226151,0.40581702544653003,0.5864518820054507,1.3383252523302085,0.19419562123200063,-0.05537271650503439,0.013828996105461844,-0.2805863712677996,-0.7357121741911941,1.3781987719020643,0.9503992673053575,0.9966164267248394,0.8968718991919493,0.3518406329909242,0.25434801979109145,0.11728974535127934,1.7659538352071436,0.29949762671930635,0.8602650217433462,1.028582802392123,1.0936917469737861,1.3129600481339856,-0.30994798635018894,1.0017296447215323,0.1578995392895361,-1.3382675398479176,1.2123470070779112,-0.4589630041164068,0.7353325429064644,-0.1149898133077295,-0.7108592922709549,1.5091491754420363,1.1284420376860744,0.47800956148941065,1.2373022665252487,-0.10510899661946382,1.359572537771344,1.2697859306116466,0.10309838690926354,-0.7383700189190034,1.027328551021291,-0.2291187900075783,0.36003106809566615,0.16013205444560064,1.7730930736994224,0.8078285060005306,1.3538645383719543,1.3666693259680929,0.5966526603786753,1.0544937825257068,0.03200157326339326,1.5478016331445197,0.868170227831347,0.28412175047359306,0.3250956637123528,2.089548818246514,1.6457406428220112,0.8812474389337562,1.8650609504827027,0.754356794165825,0.44367182866552435,2.708399300623886,0.639760427706555,1.936025948126608,1.5762918766010543,0.26747720318032686,2.147159968061022,0.7125931373210447,0.8530022314937489,0.6519245285957487,1.093082738226738,0.3309180052483386,0.43115813063892905,0.41146391753201383,1.3064911886955715,0.7629109177730643,1.2421531211063603,0.02460388158196647,0.5634733277980999,0.42000801532793164,1.5046970326577207,1.0414630543308392,-2.084955781239137,0.16711618622474272,0.612441608586637,-0.026820812847399678,0.15956020081471284,0.25081264563954714,0.723691431816712,2.202156908716249,1.4627333373812155,-0.04967095797636778,-0.5142871686777852,-0.5319437596442076,0.17039543157731557,1.5493727509861048,0.5860862506850271
0.6588235294117647,-1.9731372790035544,-1.2515340660024017,-0.5149060212486481,0.4067235302962785,0.8383409620415371,-1.32811080300582,-0.5144182931831194,1.1294727123387713,-1.821315628568143,-2.0935875969085225,0.3171990702642177,0.006478943668121739,-1.2632742283018428,0.5413822950602433,-0.38127249358446896,0.08024390973371087,-1.4105055231318724,-1.6839428278925048,-0.44891483548832933,-0.4001107440727567,-1.206377976451999,-1.03302256869907,-1.2831797699313487,-0.4923697287107112,-0.3781017376147058,-1.4115753534552273,0.31194447285341453,-0.7946666600321608,-0.4003225802906717,0.9771256892378969,-0.4054093929458048,0.573395784251903,-0.2868345352111663,-0.762704497897892,-0.5875805635836182,1.5809624196716765,-1.076837595766499,-0.07314891469623153,-0.5926754884787065,-1.0340378191871005,-0.35742548364608884,-0.9281865097118933,-1.740562694289851,-0.12072052125521299,0.14361369786260614,-0.5100388736267762,-0.1849612058516799,-0.4852644572625147,0.18714253883666354,-0.9438814525045451,0.04066839026153324,0.2616331430725466,-1.6030883428458895,-2.3345201043465558,-0.06196806985515291,-1.8881716795115429,1.411094933113953,-0.5856262975132609,0.19795535092877303,-1.5675271600057061,-2.1334788173253867,-2.1124044117284515,0.5664968455482756,-0.006002064658682249,-0.4060525754901061,0.7531559039600036,-0.878583468371624,-0.4258644041424029,-1.024074273491328,-0.42071886629698874,0.020224492877673472,-0.8283334026561385,-0.7238129023898273,0.24923468797664206,-0.3754858261986125,-0.8354739060432712,-0.2665363537819522,-0.7785622557127839,0.614372378732691,-0.48325383894604684,1.1025584478233652,-1.1666625708806833,-1.0587431104651666,-0.46122921345019835,-0.5725742492475273,-0.003086434111963521,-0.2190385222840166,-1.0479000984490436,-0.6577869470087354,-1.8141799462494053,-0.9270536315121519,-0.3706354475580015,-1.0784753623018488,0.304667795459595,-0.7036964230053617,-1.0912786302538509,-1.2322758617296563,0.3733474720671963,0.6467363563191365,-0.493522814465467,0.1369345923327696,-1.8287001222548858,-0.1010009402742339,-0.013528046783793046,0.20538491161443206,0.23480591370542203,-0.3323172393539511,-0.992554727605591,1.0740671600501912,-0.3648452867938656,-1.2184608847642049,-1.180218770034258,-0.661014543057459,-0.6895920670963274,-2.0465367855660004,-1.13413656236744,1.1864074008750585,-1.4539207309952078,-0.41469470906729494,0.3409419792442451,0.4208287016723661,-1.2475913426588212,0.27980885167549896,0.5134767387463129,0.5765251903524083,-0.01648541770818157,-1.2197845542356913,-1.2861804567313608,0.12636846491948073,-2.2049154270901807,0.40482692166733136,-0.12146517202531781,0.23376945160304552,-2.0760957878698845,-0.792253832133171,-2.3461220494292543,0.4106827669565565,-0.7949696647599294,1.420131548634357,-1.9173653263087824,0.45916641535135216,0.04895142464140578,-1.5588485033120336,-0.783718082492646,0.33781601137334394,0.6522439907464906,-1.9418599014737317,0.9853401026794789,-0.1569789179829046,-0.6920087556230279,0.0999672779200601,0.4414215356257425,-2.1083065767599516,-1.3217531021961566,-0.9459241884742138,0.2998204900603647,-0.12961728155402713,-0.8942824553926179,0.4347688228857728,-1.4541190790088439
0.6823529411764706,-1.3912136148792085,0.9647512999722858,-0.31394862644925625,-1.8592348753694203,-1.134498977370742,-0.8731835908572625,-2.3161026519481522,-1.3614558374829624,-0.49236527572552935,-0.15346571669565578,-1.1930384924990487,-0.44033601879123463,-2.3221570080249556,0.3366530632219966,-0.9217326205303041,-0.29236648876494487,-0.36655910817213944,-1.738808931724281,-0.8319966934030902,-2.003180375478974,-0.420549946809472,-2.43321346167735,-1.9967327522414722,-1.6367908041609942,-1.4122390748603262,-0.20861182634576714,-0.9321525691482115,-0.8000693383211814,-0.5655045072051347,-2.1421236078875223,-1.7172083670157727,-0.49804179540525606,-1.4428145399354118,-0.6440808040554158,0.07196483991984337,-2.16418737193939,-1.5128051209506892,0.5064700850104649,-1.6100456165669164,-1.1233357692743433,-0.972003942164503,-0.3841395417554794,-1.996778311183443,-0.2276550804392785,-1.3160882953778539,-1.041541118302642,-0.019658238520034788,-0.40184279868389716,-1.0286361504864876,-0.16852045742106425,0.33640467329876866,-1.1272802449143375,-2.8869469308133313,-1.148244894383925,-0.47443989977776546,-1.4677439921106,-1.276714610848607,-0.17319614336850142,-2.0809304822097685,0.22360323011851424,-0.9601507533128482,-2.0437283770372705,-0.4196973302473481,-2.0414477090545553,-0.6224038796699864,0.09957767308319743,-1.0778161641330806,-0.018873481702119,-0.25145861967054184,-0.3833135019058296,-0.7141609704014749,-0.9347789786217238,-1.0068676054487424,-2.245999955790664,-0.8595484137959097,-1.302788973258543,-1.2761872095652693,0.5572343986697903,1.3877115589693343,-0.9469796891226713,0.007179388389803254,-2.1908633279088634,-2.4001445143104414,-0.5208367024041679,-2.325570025540372,-1.1527907830322084,-1.7242559609447436,-2.054022034024556,-3.184288041761345,-2.0972166251896525,-2.158877147242257,-0.6039846901960607,-0.8610619263346748,0.45574387034524966,-1.292828727890117,-1.8232011803124166,-1.3046062814380037,-2.8018166335532637,-0.9522053487972333,-1.1759675820982962,-2.1687870722738283,-1.2810875307579894,-2.255416215798827,-0.6331188546051667,-1.0088470618305438,-0.7303503669755678,-0.8504195244452439,-1.2246077690860349,-2.216540486207564,-0.38547210771672336,-0.4527862918524381,-2.54507175879755,-0.35389635409336706,-1.1049385387379345,-0.1889019391063138,-1.149953722390372,-1.4607271510604634,-2.0570555509403436,0.6320374472288632,0.571226916516486,-1.9232433813957122,-1.557324739552886,-1.5750774882758949,0.4626926845732482,-1.1692942007439893,-0.7195029935526163,-1.1044872134108263,-0.3442434203210557,-1.1082821014901942,-0.9118873964815214,-0.7655447263863768,-2.0669242370392644,-1.7921085989436651,-1.108757547496472,-0.5451428532626762,-2.626630326270459,-0.002661126358489252,-1.1949150612826103,-0.741765655798512,-0.9453170771376852,-0.21759740664819038,-1.4555478591623425,-2.7276302518255493,-2.272055529555373,-0.8643167860323692,-1.74603404269524,0.5400300436337231,-1.1345414647034726,-0.9707043259125107,-0.2802057449723666,-1.7136806655536554,-0.9122698601516123,-0.8621966789231175,-2.382702685160134,-0.36382579088647093,-1.9061749878968461,-0.7611525183402637,0.3431520404967465,-0.8838487438136083,-1.8189037174794405
0.7058823529411764,-0.5873160386930363,-1.1522407750541865,-0.3487827135531417,-0.7879932851021682,0.15965553583708259,-2.1591819450757073,-2.3911417371283954,-0.5353507143619003,-1.3690892753459734,-0.007647088518407563,-0.5259937919916964,-1.3107392213358806,-1.1639600797375906,-1.388362256396628,0.39218974904884507,-0.9757516385343439,-1.295116219218727,-2.175396782787952,-1.2997164876405072,-0.08711910380104793,-1.4211820181972648,-1.7463715169319713,-1.822241363508195,-0.6980317410757932,-0.008676990742191748,0.47694388391230347,-0.6869984528073398,-0.5112334855376892,-0.6702391801919279,-1.1962032240761369,-1.7885998705117148,-1.6293997447073119,-2.5798868751133437,-3.104224585571507,-0.3036755576293746,-1.0929276204764837,-0.8052068844295837,-1.3208753548310725,0.2985337189735855,-2.113660924205381,-0.9268115854542956,-1.0252562750433996,-0.4242328302842281,-0.43110551989062895,-1.6164723108839396,-1.2111842449567374,0.024146176943728337,-0.9508180520213201,-0.3891687730993736,-2.652278187727597,0.01517519846489912,-1.2342892926898776,-0.23143243822505521,-0.2852592310263362,-1.2652347761232619,-0.9638661518604326,-1.1211587990882925,-0.8819607003152282,-1.1502193657856452,0.07032171877896376,-1.1889208997568286,0.21026453847431092,-0.23916775994768646,-0.43353723965131674,-0.7169570832156408,-2.5766178544789407,-0.8370931768258427,-0.9295326754751456,-2.546036794026229,-0.463367368925488,-1.0115329509929416,-2.4270940086186545,-1.6054413448501408,-0.08712772176046302,-2.5101360008998883,-0.6717476033638847,-0.7714856690739156,-0.6603139445131676,-2.4808139083482565,-1.5181539800090038,-1.7075109428427457,-2.687090426064014,-0.6563541976835153,-0.2824173843401522,-1.5749888560848693,-0.5452714381363041,-0.47222551876358887,-0.19605278477949062,-0.6885339060224283,0.13268134887484817,-1.825796166773292,-1.5215046867199304,-1.7914282162597992,-1.0704318547049192,-1.5292870780991161,-1.281720028055556,0.11244067987205897,-0.4494666050631346,-1.4555084622324115,-1.1175627961629409,-2.2870170613207117,-0.4304861157394938,-2.0834816691949287,-0.08048225632156791,-0.828716922944069,-1.4526410100752953,-1.221917530846143,-1.6210998615351846,-1.0566790877872838,-1.319427950261011,-0.5078539133788663,-0.12273419201372127,-0.8265671618107976,-1.1636810921574587,-0.5707382780264552,-0.33996354607516355,-2.1505461490588855,-0.8848774057248404,-1.2082350445982326,0.3226791600532102,-1.2171851573480215,-1.3433073308857115,-1.2178418407599176,-1.3081784425516576,-0.8764747080849391,0.23639911969299665,-0.6868883997275244,-0.9622013399507732,-0.9158583411610013,-1.9885128569980086,-0.23542101034106566,-1.4694632077101255,-0.7050301795450454,-1.5081870136947648,-1.9496040057610555,-0.8834520936787688,-1.7857600430058191,0.08185179452470637,-1.0297992077570364,-1.3377455664073392,-0.5175901858612832,-2.6433705145665334,-2.455243251194677,-0.35240561894446565,-1.9578904686438192,-0.7535790958148687,-1.9935443158714674,-1.9106625779129056,0.3016355377542306,-0.6232946538748233,-0.7673174684976807,-1.641657334146489,-1.0469423229874961,-2.8834475050610986,-1.5132249014884485,-0.7072476202060434,-1.964810768116911,-1.4441687774899186,-0.4995121980501813,-0.24428327265652527
0.7294117647058823,-1.582160804904389,-1.9754112468886955,-0.6360074933986566,-2.872801862704114,-0.5434705265246744,0.4914915329151156,-0.6558734659438816,-1.147833058952329,-1.2554952880350911,-0.873624922870354,-0.2915435205503765,-0.7142083770759685,-0.22194663095366257,0.33532883239509303,0.2126356338960681,-0.3631082938693347,-0.6606706358813952,-0.7135252930543227,-0.22386212708466868,-1.4850605486870976,-0.5382485389381848,-1.3316035874555947,0.2961516489962437,-3.1351301577245616,-0.32575767760776575,-0.29990420538491314,-0.06464388243994812,1.0193654244192079,-0.996761793680799,-0.8897923240267804,-1.0779125944834766,-0.7067774100223425,1.044210667954057,-0.5570123376106058,-1.284175168258042,-0.6419461694403599,0.22344566311896252,-1.4032344508894585,-0.3714081843158696,0.11080758349505038,0.18132223813267268,-0.4384263577393185,-0.6487449667477,-0.9297481789882025,-1.279756399829284,0.9424012032573111,-1.0107837948425122,-1.3094217893965596,-0.19462762915015486,-1.0353777764228689,0.5681739698759335,-2.1497290615497806,-0.4027113540398986,-0.2979355000477888,0.7995338315452701,-1.0770486611852679,-0.5849680378399537,-0.5219195476929257,-1.0065511041174755,0.6360250109494529,-1.5038288159625433,-1.0647592568410738,-0.3268315608752356,-1.2047173244132305,-1.2821222729016686,0.04985300096720946,-0.1704330579209764,-1.6975567367413813,1.5998158726070164,-1.539787208060858,-1.7337551339993995,2.1915958865415153,-2.3000174944031144,-0.08033230504701594,-1.033675710070824,0.21234156246226277,-0.0640102299302614,-0.24487645894447246,-0.7183705699135168,-0.928166548884654,0.1272852001542467,-2.2111793425963366,0.2604284382759948,0.4439525867238595,-1.5938004359608795,-0.5646849767671263,-0.9968216849707987,-1.488511984205201,-0.13273125190968693,-0.3014198258265151,-0.7012819146966857,0.7997696734105092,-1.0326415597173373,-1.7691106623449038,1.6007586003742333,-1.1017484725827966,-0.7200381937347836,-1.4518683047597762,-0.9060830228043565,0.12547948004373466,-1.865447113297535,0.2532915624980303,-0.7486986196026112,0.1864601601271566,-0.7881228485401014,-1.2264928699821578,-2.0003976104013947,-0.9294998109437784,-1.5505547277440308,-0.6547643749736561,-0.08405880099236873,-0.8564182222347194,0.08468258165561515,-0.49777427646409983,-1.0359757337600002,0.5108749355615735,-1.3441173420048065,-0.3567594907735801,0.38347781408518455,-0.7496355867099779,-0.9034803835280902,-1.1988317695325161,-0.5456556197723009,-2.7982305235587286,0.8995839467158252,-0.839342277479677,-1.7140184556515865,-1.3985913072761202,-0.22812889029534544,-0.1808843028635006,0.006437305749641964,-1.465639011625454,-0.2848260606694178,-1.2431977825554514,-1.4168977566533951,-0.9311222081791635,0.04773601842829511,-1.1783866706101391,0.7929987675134259,0.2515055990375461,0.5494604502108501,-0.976594223218145,-1.473665478733694,-0.9708830429665705,-1.1568959529083267,0.5790369894304533,-2.5542733899717778,2.074324998078238,0.5900617284717239,-1.4353083324187503,0.17408266028241848,-1.731087511141069,-0.38268707441969385,-0.3489387013523937,-0.8009232509085985,0.24597929322882772,-1.515549559496388,-1.430604913733751,0.03657716086585372,0.18205046028365357
0.7529411764705882,-0.7723866753360387,-0.06327944015395032,0.6980580396634029,0.1580302986292178,-1.6225549672705448,-0.2988792494809755,-0.9533334656377364,-1.4886578556545795,0.8278529910402184,-1.8255229970487563,-0.8796929067521344,0.04455275524398039,-1.347740302447866,-1.3203994030609554,-0.13179918384315525,0.13423382946309342,-1.6717900387617006,0.6486699579277198,0.6077775423246049,-0.23192884484624632,1.256565240233869,-0.2475544249040278,-1.9640059517682988,-0.3983232810470802,0.23737405898557307,-0.18129139914443904,-0.2808838850633915,0.9630665802351996,-0.2337892808368428,-0.5394324174753123,-1.5616013442428538,-0.07244584395510267,0.22989242471715554,0.8499490149072415,1.0253473880464223,-0.4617059875238005,1.3911784585786318,-0.9730107596288142,-1.0785189174252028,-0.543845988725076,0.20827977718689206,0.15772433674813974,-0.3601230835590401,-0.23221635412359878,-2.9793304538363525,0.3427796478773223,-1.1327469314678835,-0.9914568676071314,0.2816035024362553,0.03927621103200418,-0.55844956140334,-0.20217880979447553,-0.4949622626887228,0.38982198298083137,0.3895109585226959,-0.330641634699645,0.5431252496788717,-1.428556714914872,1.452319646043889,-0.7450180665062776,-0.8161750701529962,-1.1866443869768228,0.5943338285529416,-2.075848425719153,0.8497129638427432,-1.8139146630833713,0.21171242330190843,0.20684870946301026,-0.18596352071632982,0.5226022390490309,-0.28352865385626014,1.0162997353805194,1.0359837273839791,0.02603783030169249,-0.5279137615063119,-2.054303146732641,0.07296403651165378,-0.9079618532274134,0.7186309705061493,1.4398003745747208,0.30526552812824415,-0.350261934734268,-0.3790453605118906,-0.6555557386182034,0.563604533748125,-0.20880935629851768,0.8269881159500911,-0.5025035594992019,-1.8029873249188761,-0.6805550876145658,0.7568293291025108,1.808766412366984,0.5058042078969484,-1.2217123733262953,-0.5989510195185803,-0.6888876527299386,0.015862540363855482,-1.084751812653189,0.40082690123729114,0.7553648686100263,-0.7041762272023844,0.28341918203410355,-0.1821553437415272,0.06330416980829245,-0.03420508695247254,-0.2953641861633871,-1.334602369456006,-0.7703365804267099,0.4264946513401019,0.9545084610153141,-1.1398264354902552,-0.506713744198475,0.11143286742476638,-0.6732472744562095,0.0032067415821065426,0.034809656838448166,-0.11954368704065027,0.17468689534256365,-0.9864229240662993,-0.08214644504287066,1.015236233905908,0.5539933023559794,0.08424875077445604,-2.3032243749515295,0.3202075576216271,0.23603665597266787,-0.0905155610117909,-0.7431119392978776,0.4188896492884381,-0.38668316299813177,-0.38022475106579856,-1.1975689320649199,-0.49383946930806666,-2.146572350925714,-0.2522721987418327,1.277168063980272,-0.2739405711348534,-0.6111252171716833,-0.8950543911199954,0.3454902216392042,0.12756249237762773,-0.5427497268896786,0.340135283402898,-1.3533511264690172,1.1812248038924167,-2.6177545006390397,-0.9941693565022672,0.6520855532783199,0.44684752368351977,-2.125568595828563,-0.6162632975499596,-0.8940628281098493,0.9208725187783322,0.6556449493693335,0.11853364936066751,0.16369536295810583,-0.6310954041683572,-0.8277732878154278,-0.29777306971859374,0.25022116228867886
0.7764705882352941,-0.9064978910421749,0.43999430426756747,0.3626204689574414,0.1822438307801748,0.4572627592583267,0.5055380662737328,0.1738792365469376,-1.1859020612423887,0.29055979026087664,-0.6183115150203418,0.6016518400664057,-0.7263550662199089,0.26935904413515255,0.9282179380319331,0.2704096392882086,0.10606560706540757,-0.3278977378880633,0.6208567606564513,0.22504359968976062,-1.3398631046394545,-0.008634361568477078,0.6989871995594904,0.3354089433791646,-0.5922996542181359,-0.24867752658835146,0.23133628763078118,-1.057650745282959,-1.2921276831847732,-0.4567328371038392,-1.117501642860284,1.9806583325485676,0.4700081398640613,-0.24250859145002057,0.258596209997209,0.01704413825013945,-0.04871827624479974,-0.5954735423580908,-1.112811571254517,-0.5864051824215917,-1.54323473937058,0.11533555485577324,-0.8446021821528071,-0.4732653745140346,-2.590809643507316,-1.058139014377267,0.42258285623212133,-0.4568828158664166,1.0146696863046847,-1.256197214857495,-0.44160549807001803,-1.2262262604046725,0.5509709510740414,-0.650523356528995,0.49055862302604125,-0.3231049447498143,0.4081216049481995,-2.150818828928119,0.2921537933354379,-0.6301191262065282,-0.44991951362795024,-0.7457222896721322,-1.0747388874098878,-0.22009371861590535,-0.019987103572679854,-0.6493594356404941,0.07911539255040154,0.5979564970865422,0.42799224060175356,1.2230875833362391,-1.2045888965165499,0.36269884391381446,-0.5191404538753939,-0.44185199190053215,-1.2251147651663699,-0.4102985199035092,0.26749811643709653,-0.3752522192986396,0.42231912607624544,0.6392647944289352,0.8182465178774384,0.231410643678146,0.8357928335574208,0.4328491586372105,-1.4839846782214923,0.47858765261495007,0.7001396773060554,-1.0682125338040538,-0.250080006704388,0.7243527413067479,0.9602664075225513,0.8409065609182695,0.7401720689151812,-0.411894394800487,-1.087642733350581,0.4081734247204114,0.21603564293005995,-0.4240770676159473,1.1298556283430383,0.06328730186411147,-0.9865618582631382,0.02577180759451672,-0.6900214594534847,-1.1606051178989767,0.2568612504971076,-0.9358117558564526,-0.844217677475607,0.0400983913464103,0.07550500137518545,0.6832146475031781,-0.08678746899622394,0.44222111250531215,-0.2908746967040605,1.114533330020599,1.7262706851646548,-0.09397720948356408,-2.0301608674394274,-0.03782401184959887,1.147810475576556,0.39883633030429333,0.29735044305450015,-0.5646323022216656,0.45561496742005614,0.45110490295251005,0.4653023865226341,-1.1538335747960153,-0.7893200776303595,-0.2932404889148499,0.726390919696976,0.25911539005573353,-1.5971229473890325,0.26705063341561913,-0.39643100085386707,-0.3399953402581143,0.43358682727379794,-0.1393347187548429,1.3542893278176877,0.15171037945926225,0.7865948935576281,-1.701562916102141,0.48650762103778256,0.786650698616269,1.279922425167111,-0.5209247585806053,-0.4006963284406982,-0.5845196684723478,0.5084724704748679,1.0630457220244929,-0.40682215450927167,-0.3090914694226754,-0.7845621869838665,-0.3450198036093464,0.5625166648436681,-0.5481928074669512,-1.058449715242479,-0.21377255960152577,1.1891683230576047,-1.3189471210663595,0.4553281492579089,0.02665540235960251,-0.42622514972725617
0.8,-0.31034000138090406,-0.7365213705030167,1.3641063997707121,-0.9026416353293722,-0.26170035747664394,-0.4359318300543092,-0.565433251817785,1.1687811867653752,0.007298047097180599,-0.3123053283262741,-0.41791690413826166,1.1309838450894514,-0.14973611621988317,-0.4570644733750424,1.7039602212156992,-0.48867434128394543,0.17496204083217098,-0.7934213293872511,-1.1996748466932516,0.3483682667289052,0.18887448975660706,0.38764398563314867,0.9934483933599823,1.4590256843790064,0.25091072115943314,0.07084193104912775,0.21104647466394055,-1.234866325636505,0.5066740162625962,-0.29668994738951565,-0.4384115583437601,1.3818839140429529,-1.6240880783720988,-0.14532017784870765,0.031796858247640454,-0.6607648823744199,-0.29701102760274023,0.523640718251202,1.038247950518685,-0.12936779771414744,0.08566756991784116,-0.3132397895569729,0.30400193629151445,0.41201286897152745,0.4051642319414151,-0.12946475171419697,0.8521186079951807,-0.7092921145014514,0.39935272853507336,0.27489388588347297,0.10164804399233437,-0.030320588589254904,0.37672357420577424,-0.5430954655282089,0.8294331530876538,0.024015044855836006,1.259010151417241,-0.7485853628400718,0.22999948981163892,-0.10023979246107326,0.10853603149556415,0.10926836649853278,-0.18047281503265383,1.1063228894406487,-0.22576790544324654,-0.2708124285927606,-0.41144083917163343,-0.7259901328894598,0.6570792210812874,0.012794422786199647,-1.6483149252001403,-2.1308301916320675,0.25176248859245304,0.2100084713618764,-0.4209432221611609,-0.1250521428887147,0.05326618143358162,-0.609287293352753,0.0923700741121582,-0.42906184920194346,-0.3918591504194235,-0.13131332587134262,0.5285427071961785,-0.12134662226415371,0.9941379504925323,0.7304625486307834,0.4667881950876607,-1.555716108733856,-0.6957785357776146,0.8409428886982347,0.426385347756342,1.5774622523869766,-0.527939004273794,-1.9403832936054646,-0.4869584523465978,-0.8596571216696707,0.22866317436375388,-0.7972475784417125,0.23826968169612112,0.04840837246849145,0.2565958205743991,1.3289896899670628,0.24226515457108466,-0.21204392075129413,-0.8595375736393462,1.5590769915207483,-0.16292037194686143,-0.17106588996829017,-0.8084614094488619,0.2078062965083885,-1.2182106876281258,-0.8858389653557973,-1.234675085811233,0.020270057558869244,0.28148454306916026,-1.6544645544149708,-0.9507934892546439,0.7771405658231895,-0.5469100026834935,-2.0033423910622568,-1.0146900146906939,-0.0069179245721079155,2.0973476655395333,-0.5576411295783004,-0.8355880151679529,-0.6828052232152727,-0.38284797184922276,-0.2591907986119816,0.3810688415035558,-1.0787672025548256,-1.4181305442816434,-0.323613598821332,-0.15164506525345087,-0.27137599955033304,-0.86272170846574,1.9221107002807793,-0.8052661163747427,1.2887975606073807,-1.5362753681993924,-0.557321606644939,0.8191544284397557,0.3220340299253031,0.222535977845991,0.3390593846084473,-0.7049206185997693,0.12233745335918597,-1.5725638057563869,-0.3397562353657154,-1.0707736107099235,-1.7800261178829313,0.049492446613524414,0.836623788301686,-0.01008934689004471,-0.04313697322450441,0.16291277160742632,0.4394697532834655,-0.15985077550825247,-0.3913270354774799,-0.7075192756045033,0.06735943291945704
0.8235294117647058,0.6579511912583215,-0.9436238082636117,-0.4205780696192417,0.4766383992727058,-0.3689625429169393,-0.6101212249635086,0.15368196549184687,0.46196241170000296,-0.06384296852962629,0.10933828742893031,0.16000519669619986,0.3619471984417674,-0.1308083180788059,0.3543424767374559,-0.043399111347369776,-0.5675156791618062,-0.14154437053687943,0.1837335364518521,0.37773419248087786,-0.8440810925542036,0.32837710781793295,1.7949839626612556,0.3860964589303262,-0.15044821877936027,0.7123280906634235,0.649550433495657,0.7097259478583138,0.846117841381297,1.0146680066236935,-0.9484354470480505,-0.28696448963871785,0.0028526750388705915,1.3099818816785378,-0.09006017555504,0.331331434880057,1.2423817565755852,-1.2891023267576425,0.9084567508393228,0.6478133290079033,-0.8704518206090155,-0.6859899593225219,0.1514980969972227,-0.20496388735860951,-0.8258397138605929,-0.1561662533159113,0.23271777885609798,1.4606944158295936,1.38859589678944,0.060861643890257125,1.3870708311633713,0.5398317656341222,1.0074760981928137,-0.12092848057642056,-0.019902784360885096,-0.31055263948097456,0.8260404379039735,-0.4535345378978328,-0.3726021507601326,1.318379381310385,0.36156357849548426,1.996669365384492,-0.043947935428241464,1.0104008806650602,-0.7344129929594335,-1.0072275711235865,0.36612290912209555,1.3330259401690627,-1.3047259505975888,-0.5339896708800472,-0.6683573832828387,-0.8295341518162661,-1.1218695249771728,-0.374730220429276,0.44039501909086004,-0.1871048154358622,-0.1809888433382739,-0.5528001381431239,0.1285556599278404,-0.07901762477130012,0.9484369253738932,0.6524201533414,0.9952064837879913,-0.5806492788872192,-0.7120230537971076,-0.22911664423971032,-1.3428612732412293,-0.18479263593515416,-1.1876556753880037,-0.1464519991158559,-1.354334379945823,0.15634478130867313,-1.1920003175433438,-0.09636231724533141,0.9019274760105286,-0.6896562009106177,2.009312892768776,0.4317223146540569,-0.30211737698497054,1.8086069361490007,1.282052778603372,-1.0032317186340016,0.5100617620273904,0.0076531904434973645,0.10292417797650476,-1.1476834930381237,0.5272743833692459,0.876241189988626,-0.147691701184006,-0.13397751633348765,0.31031457527790446,0.10349137136245085,0.8061187545231545,0.7240227577123157,-0.6104383047742894,-0.40997323078928855,0.952535503784043,-0.8018281794875407,-0.5706182356135494,0.9391641353028848,0.24465845619323442,-0.5249253587000012,-1.1909205977473905,-1.0238512455791557,0.6041413138591409,-0.33804937542232877,-0.8205238380483312,0.8110823817024797,-0.05777901577824607,1.2408771879642222,0.1553327683409586,-0.20204932953959276,-1.0619857135204327,0.8165964810995882,0.2241599759337743,0.005616575253861059,0.45973065511449485,-0.14693966198126282,0.4663354624867826,0.18233322519489253,0.3976030151374409,0.5494117868000076,0.7130514412953318,2.01755303950389,0.9662668685901201,-0.3558395814783856,0.1626754740232023,-0.07267199469152132,-1.6964968802321807,-0.9937249116333093,0.41959671678421345,-0.7309765442236998,2.0489905735377203,0.25928041646772054,0.6626173006346192,0.519659168152814,0.24299645546910273,0.3865396663980834,-0.15689302141522857,0.5389909119485846,0.07513245097289514
0.8470588235294118,0.08736722038567987,-1.067934217744438,-0.25861726846009847,0.5218357238846552,-1.3008905143476255,0.16714521376260152,-0.1796314652095743,-1.0231217161796649,-0.24967145414820016,0.31900753801451814,-1.0144617100507487,0.10683096914361094,-0.0554023898853265,1.3790785588308576,0.1298228392033612,1.1211230291500651,-1.0114909989555994,0.575094822947816,0.027584066566842487,-0.1792044045079538,-0.5514673794568731,1.451248175841135,-0.6815721853533501,0.05812974272699777,0.7821187607109606,0.40604160341556267,0.6041696193676965,0.9518026210078606,-0.8595304057207915,-0.0586158155108411,-0.8394854056618113,0.274982267736592,-0.5293732563219158,-0.6448484690157844,-0.6571519925325199,-0.3556081465299611,1.7343759353921937,-1.093642741604434,0.3648975923986668,0.29583082918917486,0.33131273250850385,-0.8369136447925773,-0.5016493212008034,-0.4253061796426773,0.36100685508316677,0.7484631380126574,-0.19910999364316176,-0.5456649246814462,-0.5413617136608269,0.22231591304809842,0.0998287902570099,-0.4746071118502755,-1.0958328588659978,-0.9628697621549009,-0.8581433503980896,-2.1591888522897644,-0.33507539465496056,-0.36125082509256295,0.46541585466007557,-0.43144182011762683,-0.09447695690468993,-1.1564128862948637,-0.23758088116566356,0.3947717401394158,0.11965972584626963,0.14735142715622324,1.1844371748866982,-1.0156300911661529,-0.9621760885624256,-0.27050893415853683,-1.435821523744972,0.32500987469921444,-0.09529230703786767,0.8034651777696186,1.9050604884631364,-0.5081961393488672,-1.5740602093400873,0.25123809197040614,0.6345852291549273,-1.0637190925314992,0.00673076704494807,1.0747247709584185,-0.3429087139973857,-0.7104951597659526,-0.3965731517042275,0.1720591537847653,0.3242827758653793,-1.0860713036811662,0.13855920517508838,0.6145691893203844,1.2260180488697774,1.1160781958679176,1.1237845489497438,-1.0042908535963442,0.7343865992486797,0.9349185346386992,0.5059543326485945,0.6626564314512154,-1.4233744300635338,0.741797104972905,-1.0147914212696043,0.04499721338219426,0.04570401790403047,0.9743463947318376,-0.8174907727336219,1.407340693341382,0.3889197717301847,0.05139600755626387,-2.0427380025166753,0.056143219794787175,-0.8870889480948316,-0.42767250246963956,1.5605338840094984,-0.2673910329112535,0.5098810812718271,1.2396125873530905,-0.6808174939588403,-1.7500321490604585,0.8719895433797561,-1.2077093186525456,1.4032228109029445,-0.24922593193223766,0.7949688657512826,-0.6694831989382131,-1.2756500753928879,-1.5888128103842112,0.31359734640902653,-0.45730906545828903,0.6272187802897394,1.277553348374533,1.1536137618645919,-0.22645414241253478,-0.46970906342747504,1.7537642535487783,-0.2502203128420975,-0.006214900133326304,-0.7787754367851428,-1.044397281153547,-0.8811913754296707,-1.0641953587998527,0.39044244575332065,-0.30967216738152853,-1.057361120828474,0.9669900769181698,-0.6267290803192601,-0.711104208852103,-1.124372767029728,0.5958708229729879,-0.6395131916068385,-0.5152795361751095,-0.031516588231346204,-0.6908691769130336,0.7203446160952737,0.39409914262724394,0.2341735574522816,0.24613360383222863,-0.8963462502953418,0.7120548872083434,-1.438949937943064,0.41542172145132295
0.8705882352941177,-0.8588942556710756,0.06403698455863512,1.061170352234359,-1.1466633563875082,-0.5509793285146125,0.9396877471689187,0.8110193625190255,0.4098040132884237,-1.1751776595189356,-0.1448549512595861,-0.0033537975577583134,1.4862761454342788,-0.5854402963421224,0.5437010588238594,1.3345550115560827,0.20836953520835655,0.8177585143337858,0.2733671063013518,1.122087985011219,0.8054775078340278,1.3182724006488629,0.06583188857048727,0.7814178351362897,0.27103898049137454,-1.9289253002779922,0.01683832076256986,0.330857839368072,-0.4192093912790625,-0.04016180005870453,0.7261550917283961,-0.9472956064702789,-0.5865694134946509,-0.40066251977524053,1.3649194299439027,-0.10755502613058746,0.42413720878787803,-0.682655834601844,-0.24933399803453501,0.13452600325292557,-1.7444026657783582,0.4047246993491822,0.48427834743598136,-0.5180490879158417,2.558853951793189,-0.251641147771645,-1.772260256287106,1.1030095867157046,0.3034317331274617,-0.17818537550749533,0.05411124735247614,-0.5948186016837687,0.0984187794546199,-0.293325124398974,-0.5331206707865883,0.6732628549421494,1.2593649618911844,1.0447011372628667,0.7169029558966016,-1.8502184912166546,0.9393819689253501,0.5807960438876087,-0.3974299123667844,0.5811240231951527,-1.7529585338991096,-0.046638225742944836,-0.7734138964359268,1.1154884731886174,0.5276936693166658,0.4222505015052521,-0.03505736545055677,0.042712199526436546,-0.5018636034086212,0.8094345202348777,0.6940787402296902,-2.1543402662816704,-0.747958988752179,0.22405181121828371,1.4109592352352542,-0.9753555402238068,-0.18379453124429357,1.3427519355211972,-0.7938370193661112,0.017742177686551938,-0.25561103369742205,0.8472276857801094,0.06699058730646877,1.8994809898069571,0.742920475650801,-1.1907982138333089,-0.3875890232881705,0.3299999855137562,0.4918194219188285,-0.8536265813767521,-0.44598898391629915,0.7955729642413691,-0.38134480291866696,1.295698900239849,-1.3379771427367027,-0.48366785334018686,0.610665632578056,0.467457136191623,1.053298564879038,-0.09171366146122076,-0.22236351169103763,-0.4060207555001854,-1.0394903258218842,-1.0221090283888228,-0.13766626173816052,0.27129168306417556,-0.4080107502370406,0.4738650356054694,1.0316361231531328,-0.4869071736078401,1.0560099455917515,0.4350393343755893,-0.47595450881884876,0.6684943143178913,-1.2511849038265057,1.7359622161129056,-0.6906865217549536,-0.7610789938425656,-0.8546315535850573,1.19157454020372,0.05586365844684652,-0.23294817607399715,0.7678806448240483,-0.31626229364849406,1.2339909538339509,0.7048321317299776,0.9900542287005655,-1.1188156854168854,-0.6923106700430905,-1.4868654694269716,-0.4255228878302801,-0.8084823527068559,1.1375121081991688,0.35880161348542833,0.13388392073980837,0.15243782375459622,0.5740531013977221,-0.709333968098912,0.2500331046063165,0.22622665645685033,-1.226035342557014,-1.0784061527883975,1.9559817405411182,1.1405692301868335,-0.9738098672010141,0.7186773443181561,-0.4748012507835371,0.5903706386053988,-0.5703964158670023,0.18890635563893737,-0.7819663422890111,-0.40508536772018205,-0.34310880916189274,-0.10299974993163609,0.03342740642187427,-0.4740149725278443,1.685918777704419
0.8941176470588235,0.21458824307839464,1.9582603262286031,0.06776481429949055,-0.09442938929220016,0.14345194921376228,0.9633347105362131,-0.4495326678705038,0.03172650701300031,-0.5566417970077372,0.06513050147071567,1.2367261213476837,-0.009641539281448067,0.9319767716424797,-1.390316503793448,0.24620030848651245,0.03409113057162796,-0.13930720197907742,1.480050377748822,0.11854529219928774,1.9963831851723086,-0.20635797333144795,-1.3098342135421357,-1.1416738289696764,-0.6960983777585998,0.850345219933457,-0.166157829015679,-0.8935984655724034,0.24184679207405568,0.9966002931050542,0.8970030655532711,0.5376229370302679,-0.9366512528664337,0.5071856247097237,0.2836129257703484,-0.322121681206428,0.6708744262287275,0.41448364780945063,0.7432291321319205,1.3343736626851628,0.06368458499935994,0.44473844233200904,0.294917903850179,-0.3437640134098619,2.267222622866795,0.8601967031331409,-0.0738693775068323,-0.23617031144340736,1.3548409806444448,-0.5973172885269329,-0.17108228199233336,-0.08406378080916746,0.36169863007592284,0.0907134293971193,-0.6447583264798571,0.41565618604884014,-0.07102173192477967,-0.31366478501184936,-0.5997999572606807,0.151459914282583,0.05301680854045429,-1.2181101127011202,-0.017209511106956232,-1.355320051613563,-0.036699881405838616,0.1960262072164519,1.7259639645422065,-0.5192230055756764,-0.10050741398833304,-0.038975103813970444,0.12837556961849378,0.5147711711418788,0.9225433531980735,0.43136212957147557,-2.136216516290511,0.5306153306769001,0.690621433594682,0.5968474017583671,-0.22715670706989885,-1.2931927098893392,0.9938117010253841,-1.1132800253887003,0.054043467454077766,-0.5470748532511922,0.1486375509536575,1.5616937848734438,0.30196269062695796,-1.9285303076654086,0.05310739074206461,0.8168649972767601,1.19730515429061,-0.8755110670336836,0.5176092574777937,1.1291241141382253,-0.36400425571598366,0.14624297052069327,0.6424041487650357,-1.5631768913583248,1.2901301865326569,1.2838605126341647,0.818216822598124,-0.30360261716969694,0.6753804276237085,-0.7432134561466748,0.651053099895534,-0.06819057817124322,-0.7241975833134866,0.645833217472402,1.0880541834070487,0.8097047430637022,0.43448911728550516,1.7698585392286483,-0.1645675643157878,1.3052627327831745,-1.4626659175526193,-1.0340437293829459,-0.4318098643770621,0.7296801513115011,0.7042974420585049,0.4198732430582379,-0.7205552990219566,0.03138422877867198,1.2441260011260828,-0.03890994484101052,-1.2791748188924208,-0.3584721968811018,0.9008736398905228,-0.1377757710408908,-0.9577155928479448,-0.9177861710287274,0.4492526206769297,-0.14738798822120985,0.39553661960960207,-0.8507456798648295,1.197287126519468,-0.162387538660897,0.5986576063907068,1.0361654857506566,-0.14716666249729027,0.2770738596901493,1.1190454042592997,0.005611965004397244,0.42697686556457576,1.3439205288373726,0.6873506975855084,-0.42242260538483617,-0.3413796397694077,-0.44282734291787723,-0.24641998881272725,0.9560271529166873,1.7348988493702553,0.40184635440905647,-0.018766204300424996,0.2452009141254507,0.8398219060627713,1.7911192147851738,1.0831184280607657,0.03985872782514876,0.7474834675895697,-0.1689778101536835,-1.422832408966654
0.9176470588235294,-0.5801960639092365,0.3149462234485457,0.4737444783306523,0.6012407155863763,-0.42149926413984035,-0.8470987390169563,-0.7247839284455994,0.13015277669892197,-0.9081700111835355,0.7195167327237914,0.32370233970161355,-1.2816652916199636,0.16783660234920908,1.1432093734624822,-1.1138523427337774,0.6791619804155841,0.6986013996350786,0.4125221226915337,-0.6769517361192411,0.7883662580922776,0.49542053190199176,-0.7365641955593983,-0.5793389337443724,1.9806390569629435,0.9430772538154716,1.0576830573300642,-0.4428062282077212,0.3941188812049389,-0.238766573806247,0.26099770775093484,-0.9409555011615657,0.30255632266890337,0.04163064638567357,0.6648479722041601,0.48472366475573264,-0.25318383248625304,0.5757086041400135,-0.8183776675310575,-0.582542489400286,1.2275600696964852,0.7044436553787626,-0.4818005742206134,0.8670918438940916,-0.4355471284642106,-1.1548462732705367,-1.0308512096619729,0.18174970859773004,0.9474633119041124,0.23114717778091867,0.0008535107590287003,1.0588903318277998,-1.4130632784598731,-0.9805874898887795,-0.0517071982654034,0.5848703206199681,-1.1480363787651344,-0.47381136542401925,-0.8228092486028168,-0.7929742488068904,0.28568397893079367,0.555743803201825,-0.5940682194548184,1.5744378474579932,-0.19373308402170275,-0.36785687475176243,-0.9125145034954874,1.2829182026021666,0.7100816862817929,-0.2657645881903825,-0.7358081179905854,-0.010330797557661942,1.3370012142391157,-0.041858854893306006,0.7172000645880628,0.8443140458058062,-0.819266327969937,-0.5862588448281856,0.8849016243940567,-2.0722735867279045,1.3010667673657523,-0.7135347931427115,0.026432931122023003,0.31627361081073707,0.4685894943508547,-0.41907736213975044,1.141192137823007,1.2243143717459997,-1.4607750186998238,0.18952396642916086,1.2383769203402237,0.06632026665844787,-0.1908958825115425,-0.7545221977159319,0.7351007392572405,-1.6341359791187027,1.0018539585729516,0.6672547888151534,0.8113119189166764,0.7477299414802673,0.8238098272133305,-0.7654299794267581,1.4287282129261167,-0.9806942048307313,-0.6332831553838103,0.6484028447739411,0.16320131486398576,0.24436616859644672,-0.44405096637220176,0.6528724125024761,-0.8575297250313062,-0.5974994506640217,-0.5076485305119655,0.40859592464926925,-0.5756384434964297,0.16198999182502866,0.855004063191377,-0.9196699625545208,0.826715696004832,-0.20441442866017775,-0.6561006340046734,-0.7969028887739236,0.8013728043550188,-0.18803974543450033,0.5469548476821273,-1.271736145450776,0.2930747062077449,-0.02980568826475685,-0.2755571704995608,-0.0797750780033196,-0.17774841772480007,-0.031628280568830665,0.11984068910771495,0.3805203359873886,-0.6789853610481503,0.49636326295393884,-0.5178143603249754,-0.32069875345818233,0.025671649446719572,-0.6811303948758213,0.8570737635544038,0.33420461236552695,-0.5262477622527435,0.9345787251724587,-0.44468964646931713,-0.33219226358265525,0.5377176489413444,0.8993864084868635,-0.5385375358958417,-0.3185263366406345,-0.5583666977839031,-1.5270621509888318,0.02641693343868576,0.848496673938261,0.7704719126539716,-0.6872059995798735,-0.9931893501567021,-1.0726643472235902,1.4231677548901456,0.4914596175169266,1.191049281336017
0.9411764705882353,0.5624916186551381,-0.5512619077089801,0.45410554409498527,0.8253691153364415,0.36963951061270545,-0.22219157616848698,0.8035492548531699,1.925147169973312,0.13698755209135605,-0.11860106601426214,1.9855640473938978,1.0014539452044269,0.025532776341524874,-0.30939924024502674,0.47529858925249,-1.0845590631182525,-0.03289688441672008,-0.712771676279381,0.38321930434433105,0.06228448501400494,0.06768757712676314,-0.5697921386379862,-0.4679908487063429,-0.2811688031768077,0.10090201589266226,-0.4400575814947941,0.351302266464016,0.02640574177357463,-0.6024149604440772,0.7261775812959634,-0.46717836541718094,-0.4748666286320743,0.17200315302306657,0.7084076622813595,0.052286197493068794,0.5509451955355822,0.8724112997921918,0.488749908274877,1.2602950126443602,1.157417222892821,-0.9862679214551494,0.29350021994934367,0.1539041614043519,0.5778137954392084,0.004884474300509417,-0.6637881162002932,-0.25555850514844286,0.08838626375999084,-1.6024465329532658,-1.3719631365364948,-2.482647303473061,0.5067167568332116,-1.6097917508357118,-0.3053127943286987,-0.6180843350067323,-0.07144138834873127,-0.7552851665894829,1.7858055299999185,-0.04402209842696082,0.6086625327220017,-0.10208188224007783,0.3025455161632234,1.317826205777549,1.7997996218053183,0.31792570061678915,0.9643622646371217,1.2892004897258937,-0.976115394150723,0.2642779818346157,0.6345674472064051,0.07990344771181931,1.1727819016307848,-0.12689605463075412,1.5524429873485548,0.1581674339384835,-0.6654791720782633,0.776155123403926,1.0929013081609862,0.6536719222494397,-0.04666549669514756,0.8811391916420231,0.2959855001857094,1.4146177401349476,-0.29114559656072925,-0.8148899686113096,0.5094196901094437,-0.23026204871538955,-0.10764992153152404,1.2122200763478224,0.3359595875126935,-0.6806289316137756,1.2086100734430552,-0.22181050068493474,-0.9050593828985175,0.03776545324138345,-0.5999545325921795,0.4028412859192846,0.9429224197122417,-0.25682012061847487,-0.22337397225519662,-1.4296490493637943,0.10219331086782442,0.49222324620749164,0.011063265674816669,0.31346516424210624,0.5907887411269569,-0.5565035101937053,-0.16204583889326674,2.718944787814659,-0.9309966909316332,-0.6682485398320032,-0.5844464741535754,-0.4324477171258879,0.535264889831167,-0.5417302713762351,0.7518262595668124,-1.1159412449230643,-1.0672304816326772,1.0168853611847692,0.4618240276389816,1.1268311535115956,0.0844115197694507,0.06238724197780636,-0.12126640220289245,0.434357766796438,-0.8545763493436415,0.4084902625333212,1.328595034597073,0.31029865075634616,-0.7767638070661111,-0.2751303639165448,-0.007901841960631872,-1.7043509463441648,0.4074519136766372,-0.38059607891501174,-1.0151754605657939,1.0826514774792244,1.444126355805356,1.0090174869772939,0.5662573742227193,-0.0800289559602693,-1.1571432355775482,0.7771364597841671,-0.9019693165590821,-1.4467950525411057,0.8305120470261258,0.15905731353431798,1.0107438961690678,0.17106224417431573,-0.10045324106065566,-1.1988115849815204,0.8368292768484662,-0.15405950339398503,0.29120011023144005,-0.4847432491913135,-0.8059051375144343,1.763923807865933,0.10023353145255558,-0.7518876789821608,1.6582573567004855
0.9647058823529412,0.3003001025303863,-1.2276152456195522,0.28697118475299827,-0.3183590504084555,0.10696459999743406,-0.12028480602812902,-0.26676205261699465,-0.7367354804259708,0.9534827866224027,0.5319557629006538,-0.42017860643159183,0.19445595350496295,1.30741675706772,0.5343849518533448,-0.30163234511949877,0.13009588528589497,-1.971335492556729,0.3784023514797677,-0.41144284720862034,-0.6340607417821289,-0.954590322253647,-0.2540610415443562,0.9483717818738256,-1.0261385596792942,0.2980415632596244,0.8054902202036944,-0.9286731507240339,-0.09464528140716982,-1.8039262664900668,0.9885886371902592,-1.0662083104126767,-1.8167501943788302,-0.8747091106188029,0.13107834020566322,0.00019676392898033125,-0.37133519978349955,-0.9375299972125964,-0.17049414909127356,0.030337143551632875,0.3593526919524965,0.004003537633545806,-1.905409418406694,0.43064570275623076,0.37224918604767043,-0.42904051798036685,0.5717911418052786,-0.08425525758987235,0.22397220296786213,0.44743446242999024,-0.29707699109384844,0.6644352359328416,0.6991564326533057,-0.15218344771331238,0.3446525287867,1.4264243280807816,-1.2965887009813553,-1.294383004993786,0.6484330687067104,-1.62767250160533,0.6331266296175186,-0.30910055015608595,1.0284932945623673,-1.232046911667132,-0.4922558321567308,0.14487601924400695,-0.6634385183042121,0.4868088702780393,-0.8311019209732237,0.8930385349894193,-1.6088635742483912,0.015412746638263563,0.516413678533314,0.5486896482748247,1.2525234981160716,-1.1638156171295562,0.48559805311244675,-0.6881287879853719,0.8518349195971403,0.21522824347653574,-0.32874738605972775,-0.39333961654952887,-0.4061611117190217,-0.2499547636762494,-0.4919050706631578,-0.45960984713091435,0.5315510920148552,0.38026405147906855,0.9485881623777386,-1.7896797891207912,0.9923359755004231,-0.35481801011600034,1.0405789114798478,-0.7368432098964899,-2.1384384561951433,-0.0901479053927233,-0.9912711330293634,-0.23344890648088637,1.0399957730029092,-0.09928197264818141,1.288672062986054,0.7182172450056807,-0.6110837612268205,-0.6584176265360295,-0.9537751984778969,0.18862914386025315,0.958142424654499,0.6814514717890773,0.031966855108994684,1.0364368570345714,2.6613931947226668,-1.372513077836407,-1.0432496428884857,0.2809462740215562,0.10245987587588011,-0.7974823623854354,-0.893183844040921,-0.23450954516941472,-0.6100604536497877,1.3381707899593387,0.07418463358436875,-0.909464076713727,1.8210851118836082,-1.020602805401114,-0.6583084704095996,0.7111134340036522,0.22900229953108575,0.8562834281247529,0.5929555006374301,-0.9896360096975919,0.7581333186938656,0.27070634959594414,-0.844948110091242,0.7518342339398503,0.4608463873019666,-1.29129782150861,-0.31391953327971356,0.5155157495920398,0.24084936137090035,-0.429032039191657,-0.9320259467676016,-0.19625953943837274,0.6758169453310044,-0.07034787061205994,0.8566095555412248,-0.8470626325421566,-0.3795255717852898,-0.6012729355543743,1.9901933992050689,-1.953716643009265,0.761316672714205,0.6689158862654151,0.7592417933822756,0.5627362177595014,-0.08077933809131202,-0.7232240651701972,-0.6421149838840727,-0.028939137541726723,0.538744811661803,-0.4728203250443475,0.31148122099333947
0.9882352941176471,0.1274410807100875,-0.1651761512299168,-0.9216292600110091,0.7892279279128113,0.23664174653744005,-0.6756008659925997,-0.4110361287036491,0.9193350517860025,0.5710062400723988,-0.8637447109182678,0.2812612797045957,-1.342297465262722,0.4630686123937465,-1.0441019880065932,0.6606421039768741,-0.8063920065381769,-0.04457643962568373,-0.4300291556381155,1.5629597235695039,-0.10836782640577053,0.03680136839084499,-0.6870084959591484,1.8688306904595795,-0.5408106546804979,1.1948255438009512,0.6866166356993738,0.9941304024374147,0.6025175437350607,-0.7868130581102926,-0.658738091983452,-0.5589613919748707,0.5611163633735888,0.4783742536705168,0.39861959003015474,0.22130633344590628,-0.2255163731312702,0.7940276163557912,-0.2632364573114106,0.40096676710876644,-0.4024230524109215,-2.0101490646698483,0.6453414606048697,0.12507421354789405,-1.0826185904062604,1.486831960261155,-0.04005118775818004,0.7055649663413323,-0.21540019198789068,1.0186029401799563,-0.5038852631981278,-0.6150373157503911,-1.0527980595072437,0.4414387356534689,-1.2950504656522903,0.05596107936259308,-1.5647058288726294,-1.0889180843237343,-0.5990907364029338,0.3097651479590926,0.49926720788624046,0.26813848595278794,-0.26247225029433113,-0.7195992854231096,-0.9134825165159429,0.7022469104911441,0.7193209282570925,0.6607759148823114,0.7835343609973622,-0.6146772163449642,-0.35781302728283476,-0.21183275766061346,1.0963165836088204,1.2178862612505537,0.5574789630781057,-0.8656888335570009,-1.0657392954267138,-0.2874426228892088,-0.18492014730046036,0.846211443877168,-0.17320590803947014,-0.51950329805858,-1.6167117293255902,-0.14296504945573202,-0.8430307697728272,0.7547620379020065,0.09675246085705186,0.8676570223820547,1.000451203445284,-1.162983061909208,1.4452283074777943,-2.095840802115035,0.3177940080195742,-0.013492599184076002,-1.1214263371484412,0.7317910471713515,-2.0934028769151856,1.618538481397318,0.15503386791630253,0.06201946450032962,0.19725683620336595,1.0412531803499827,-0.5359233693737522,-1.365554865140894,0.30264197504326884,0.2620767871188568,0.07947790232106211,0.45333086305662473,-1.0607831105085597,0.8281086246123026,-0.9052344712102738,0.5523868786185413,-1.0599820977678198,0.5202874057126486,0.018702216621434654,-0.4776466428204143,-1.928754649982718,0.5188243923158817,0.766359546420156,0.7464913771683604,0.21125126309542716,-0.6363342394971503,-0.5629440911879987,-0.11565872279780108,1.5922937428513653,0.4722467233693202,0.10692764130360823,0.21912856592252122,-0.8140192155949091,0.07185886308984962,-0.30453396445861897,-0.6586102605815666,0.39261932054363735,0.691080523364835,-0.4961048769262718,-0.17080654754324737,0.26746946469631133,-0.8540637886570506,-0.7134605079803348,0.7753370572014507,0.17118131077162252,0.10779089811902384,0.708022954339512,-0.5766455256629464,-0.9657846301650439,0.14146503381341669,0.5509398944471925,-0.02666914328138339,-1.1554079528363153,-0.4228582054523754,-0.2984420692596889,0.0059642267082490995,-0.5662056111688601,-0.2967424317772863,-0.5869982122631195,-0.4957026294111329,0.8381811406618856,-0.2464551191909421,0.9050826884317625,-1.016761028385768,-0.8175460067779617
1.011764705882353,1.0912469285266686,-0.16642917172707955,-1.3382462538476825,0.7911884347400352,0.024204280545302638,-0.9953802601074349,-0.5061541584927627,2.891937512145435,0.33871113679186504,0.70862460298559,-1.058046810759755,-0.5035806650996055,0.0882209500316502,-0.8603254736216964,-0.02351288732733751,-0.89781005712461,0.307008499767766,1.388430803628603,-1.0266517663034287,0.14185136159002856,-2.7391696771139364,0.4865996962844231,-1.723093969213394,-0.414671817359246,1.6178861137047684,0.5248489913867727,0.05535587618930219,-0.3294373293901344,-0.48301917954468077,0.01380976498507002,-0.52367538312803,-1.3377351146947487,0.3033004664767122,1.216445423554266,1.1732874852726474,0.5425773564397632,0.0607642205373597,-0.07570738964570828,-0.526603639867607,-0.1169310505070246,-0.1532955911353724,-0.9827952580760244,0.26813001639837486,-0.5210568098641057,0.6165655512263737,0.8211031276556648,-1.1692304813883745,1.0349043099949018,-0.6796492521332471,0.5764746810920063,0.8245413080555796,0.9974515191978971,-0.23258957282725334,-1.2585229966243532,-0.16455259898106606,-0.15677727892941756,-0.20762865128723998,0.3410165027288136,-0.23017251984383746,0.6316842663498633,-0.3005630185072675,0.09574594365120406,0.920246705849241,-0.5695305972195642,1.0900780536813341,-0.9897566028576202,0.40143606451528874,0.8864265091245175,0.3940265996244594,1.4231089362044538,0.08565439141415657,-0.45346041728659253,-0.290076910298669,-1.0532124487083163,-0.8460052669169174,0.44375066722393075,0.7017411415145856,0.2303549506220797,-0.603113513991061,-1.3218887230628746,0.22920090239601013,-0.5229528197025355,0.30427953085393766,0.8345811718604585,-1.092242377495192,-0.4838779935028365,-0.21124933004612836,-1.2582567828699074,0.7113540784715093,1.9639458734590172,0.857173192850607,0.9520898690207077,0.660575609008576,-0.5683287948624236,-1.450335084367008,0.011074653160110672,0.5131859434957075,-1.3859978399001989,0.47464665465426414,-0.8755287948670106,1.5475687041719495,0.45644773492466884,-1.2308596782761994,-1.7028249646593414,2.719892817578895,1.9826595318201143,0.21157413423841717,-0.2117621343250743,0.8828194145676251,-0.6633043315619976,-0.9989750336438835,0.22176648403159463,-0.6386352136314588,0.846007730508804,-1.364695077208157,-0.04995429989921881,-1.1732050855113072,0.14000398613941933,0.14586836865783487,0.6939679895549064,-0.5355357847936496,0.4246140623709533,0.8268276337451477,-1.2075801861828563,1.3265917697343583,1.609199449990263,1.1584336747877872,0.6567154677635174,-1.11738117250884,-0.07295728729982322,-1.0659848780904124,-0.6417967677665027,-0.1477977882904729,-0.5340350497010318,-0.2973823954817082,-0.1828078739071254,1.6366056355785437,-1.529348298982539,2.227343607011098,-1.5384392687315462,0.6925117865375402,-1.6340273494175974,0.7862249308049308,-0.9188286648262208,-0.42135700796091585,0.4665822461539828,0.26252478738740076,-0.43376136268609117,-0.05836526308607323,0.5335490028915933,-0.16613275817141399,0.5393061332340716,0.699574533927816,-0.2974658560144984,-1.4045677635637834,-0.23714956295465617,-0.7223696088747582,0.667289176145554,-0.8446792969490946,-1.0209602715261679
1.0352941176470587,-1.1246064804919853,-0.24473047023764816,-1.4725664539749197,-0.2269685892215039,-0.2358061474667161,1.3562031749206886,0.4092883603621164,-0.40022137720797935,1.082663996898111,1.313960510223369,0.4831254983763265,0.6323007752151113,-1.18025341231841,-0.963264889007434,-0.17918008897737533,0.8169678054761407,0.3739731450176023,-1.3215873196982622,-0.996432202215517,1.0888321326149453,0.06194172396776826,0.3396891246396326,-1.6369066412228885,-1.0579699780514729,1.0683043309918783,-0.7270671490029859,0.1731643465185107,-1.465820611787047,-0.5401096680643479,1.1700161485177474,0.3087092214948229,-0.2947429244366383,0.02276909738944674,0.6710483186445177,-1.070759431143484,1.2032756820276158,-1.3061655624783324,1.2544205931946488,-0.8483800182103987,0.2999695224346515,-1.322815947805288,-1.0141983527182443,-0.12206799910988807,0.7477542549599812,-0.03992598976298961,0.9320652578197095,-0.5324522075170617,1.3582531311514818,-1.0977579278711334,-0.6218742439439101,0.07217675165754608,-0.8006435638670386,1.067238756177327,-0.49766628888032877,-0.510497099633948,2.30042424228179,-0.5859873671253542,-0.7049262192847923,-1.5469176666167403,-0.3957172915296448,-0.06333121008475097,0.16356194574999222,0.3754832474540299,0.7558561203004264,1.6768075034245369,0.49729935389506735,0.024606180095090413,0.3057912501425216,1.6424601840302417,-0.12913958159030617,0.5340084045011557,0.12307622085419823,-0.31197141350197516,-0.2721956225194351,-0.23160987898536223,0.15683511843192455,0.5395256356824236,-0.9664017247865235,1.0738477283121906,-0.6553287255299403,0.45464352519681667,-0.4821561648087747,0.9938366302520669,-0.2578643501521276,-1.0124141165720992,0.17362458221742733,-0.94681149512668,-0.41876797323850046,-0.16152755499358729,0.15283930769663862,0.7589605253714065,-0.6034619431055186,-0.6639422278889697,-1.2816678021897743,0.7033768411469137,0.05829010187907718,-0.17690117586526222,0.22026884196461471,0.7090661258447912,-1.0808171394608828,-0.600577314667041,0.3521304736099558,-0.2751964416651113,-2.8264892799417796,-0.7579894610658835,0.4875714672070674,-0.2933452799047973,0.5586975557740979,0.5676674290009869,-0.5231971295063456,-0.22868219734946527,0.8035256788472365,-1.1598632905827921,0.5934897772898395,-0.14813273917564967,-0.7536638959184134,0.9917978902711306,1.5842668183493624,0.8543229358717452,-0.9637976835706132,-1.502303468470499,0.616789171972786,-2.2325696187034247,0.35431846026847985,-1.0081901111244365,-0.7183385387336709,-1.2768658792612382,-0.31553847928645673,0.05167266170325435,1.192195810680592,1.0656613201236609,1.1357339742452464,-0.40712009360328766,-1.7833083573956272,-0.5664010731911694,0.21121900645015546,-0.5812626693969762,-0.7278103804659801,0.35290341723641755,0.059069209110383186,-0.5421513295763003,-1.3787796581695588,1.2591018160182903,-0.051526779757936916,0.6207080528647546,-0.9437710727613553,-0.1036089740851754,-0.5574545327310807,-0.1711964056134099,0.04292183286792042,-0.14416758807125277,-0.027721630970861527,0.40373393906114324,0.90284498789522,-0.34536722877987613,0.5083997524198098,-0.7139879136841174,-0.457558673779603,-0.46133709760881164,0.03495220099215254
1.0588235294117647,0.9580514807759057,-1.7278588888329498,-0.09488314758254052,1.2852231366089282,0.03134032210176535,0.4394210288739968,-0.5592144571304571,0.23985647608017613,-0.13359174269179902,-0.8437996351404063,-0.6044829868759645,-2.2321172318254536,-1.3636878935189762,-0.41575386708565965,-0.6250741345420692,-0.7859646436579337,-0.3704420250713922,-0.5699851639111184,-0.4497769956327423,0.1964626570341539,1.0453354971915227,-0.7810274758147209,1.0396364589150984,-1.0239557817421137,0.46694933180436426,-0.5943581327637112,0.5623537975769821,-1.948924548915435,-1.358752904432225,-0.01868953129095635,-1.1682950985945704,-0.2129516852332618,0.07399289013777183,0.6383251481432626,0.45095907451549644,-0.21937903773930909,-1.0622009280708276,0.25815400375606934,0.8222095422317166,-1.0647686344917657,0.06639864387968453,-0.9088003842421941,-0.7526187496265173,0.7491255621602406,0.33967242335624337,-1.1647187754587258,0.0406368076650267,-1.4122980482627718,-2.0739906395848564,-0.03538543251283027,0.08592780763395935,-0.4006373178222108,-1.206226045384731,0.3388743123873206,-0.09313721454759011,-0.6841379395717289,-1.2802121843165022,-2.346048664314776,1.2467782904686726,0.43484549760735025,-0.5694901164746686,0.6737489826730831,1.1721451288573113,-0.7221034247671458,2.065302821579367,-0.7636962270895447,0.3503009825495015,0.3957809496858833,-1.2577002975263363,-0.8056598776025732,1.3122404388140854,0.1862899512623657,0.23129256853618452,0.8125142249211073,-0.29456904290981867,-0.018578246734339,-0.1322540754333601,-1.5943989274012156,-1.049539991805316,0.9555864327383559,-0.6102908336657192,-0.7935457831959143,-0.41276121220295,0.9205957230623678,-1.3751303868899378,-0.4780781449356625,0.10694706990357494,-0.6707412259809645,-1.6679590332541259,0.6292145445686999,-0.6176787122446474,0.12335550307965037,-0.4265817016178387,-0.6353771637469016,0.3903040140812819,1.0649609769246255,0.1887121089896896,-0.35182223832777704,0.9678665403540403,-1.3817883924604981,-0.09226772830414792,-0.14886519178299226,-1.15470978194327,0.2696030210821385,-0.18286242109067208,-1.6112860426005948,1.7313123131824404,0.21224935982432636,-1.1370720126968532,0.1744960548508998,-0.2709654936298723,-0.3844583184474762,-0.865590420611696,-1.6487102991617244,0.33336782943068366,-0.008716770322806877,1.3598824760469306,0.1301151121478965,0.056124404850605714,0.3039672586047927,-0.7294519326359876,0.31972642013397023,-1.8208031093120256,-0.867176209211133,-1.987547877377316,-1.099628734177205,0.9236559110256892,0.1958964248228321,-0.858663736530462,0.10585684500229986,-1.1167456816290198,-1.880960007079058,-1.7265071674810193,-0.5881310825255874,-1.2840581575850472,-1.2483585961238652,1.604572842056926,0.02288439264316383,-0.21313938145305822,-0.7807172364963058,-0.6596622681643827,-1.1389447782024935,-1.7726038959180879,1.009539673853857,0.05823269245371371,0.7229273581975946,-1.6538511036952552,-0.8454245608197101,-0.4320417697319048,-2.0009027195467715,0.24581211521179702,0.6937901364670418,-1.1742669341970688,0.2698353371065396,-0.43467175842671063,-0.3846852890369354,-0.36937386395171756,-1.5819527848646968,-0.4525723576525369,0.6028934380772903
1.0823529411764705,-0.8318127202609686,-0.2180348409192273,-1.075202966710241,-0.02607323132008943,0.14754984890510192,-2.004270686400648,-1.670184245254038,-1.1417059152619717,-0.7341153402391699,-1.1589796550317821,-0.7678384486340732,1.0641134189335326,-0.46666586581154146,-1.4587620357156075,-1.7000068937243213,-0.22069142138008757,-0.905842001831216,-1.589836042366196,-0.9547306474514948,-0.07811989099238204,-1.8155348979375665,0.7790333993051545,-1.1091551508660942,-1.3624119262424101,0.7074649417923958,-1.9926591821444575,-0.9233180063035353,-1.4142594187359694,-1.5511719142923477,-0.32019426905258525,-0.5830516491813351,-1.729546862928534,-0.6291839479436965,-0.7093180116510027,-0.13795573279051876,-0.5136389050201177,-1.6635425998798112,-0.971831768778048,-1.028417299461874,1.48157690883894,-0.6062486438544477,-0.6809117864035474,-0.12302005745309286,-0.05762321829907224,-1.04263753043822,-1.1702434488145406,-0.025645804557359764,-0.9150914969059982,-0.5454902466873385,-0.8596424067767151,-1.1034785614007239,-0.9053615300993043,0.24439587674179186,-0.41072256288845727,-1.8752831949113165,-0.9530100388125777,-0.989288413839386,-1.8821319264536482,-0.46029766795291016,-0.9733976118327032,-0.9368904763128134,-1.6722972557443225,-1.4484857932015118,-0.6405970920359588,-1.1214616518247749,-1.013109752368032,0.10134885478594513,-0.6206963125920469,-1.055588891638852,0.07743085808229244,0.5366686989119204,-1.4544246877879028,-1.3984612455508452,-0.36618946090176063,-0.17630729655802502,0.41179107600012055,-0.678472673022324,-0.8531418661578323,-1.1949183902039673,0.9847681095648667,-2.1537976267542938,-0.6053348492332227,-1.6197979120918098,-1.3157715230246605,-0.2295158577330615,-0.5557654520999664,-0.28825700533160487,-0.877299973087123,-1.8075289431822599,-1.083754260866364,0.5791595420068177,-0.5710431553239509,0.5550872231864462,-0.5719389217187514,-0.873725228217562,-2.2160728515825996,-1.5083100265897866,-1.7802735740932754,-0.6151338446998573,-1.553178424195175,-0.8523779632493861,-0.5091218099746935,0.00582861867371709,0.08661513920140007,0.17773107652105258,-0.31828714497872357,-1.4746343495576917,-0.9612737765984549,0.15104355352833065,-1.471108988186963,-0.19983385516990482,-0.777929279195409,-0.07216276363707341,-2.4024018899383166,1.5797027957137528,-0.44059779705464686,1.1314568062878267,-0.03256267418380243,-0.4639516744200448,0.6439166611210051,-1.462302105542913,-0.762315996572465,-1.5214176832478064,-1.7832647946334927,-1.7134469945919033,0.6089835886938139,-1.7257450842057869,-1.5397585730384877,-1.4253040422004903,0.28045933729853745,-1.4347841240723103,-1.586941349479353,0.27527298702136294,-1.850004109867788,0.21514082371565424,-1.510152468693894,-1.7256245690603649,0.7556336425163025,-0.7722097518660872,-0.45354974771630296,-1.5705891707423523,-2.064676205234724,-1.021046232128029,-0.8988417566185719,1.0817005693417734,-2.276808415771373,-1.0280988617380697,0.48409281250580405,-1.1984459402818137,-1.3395551624255229,-0.5783911075240427,-2.2904652993254997,-1.4598599381403479,0.36668343488240984,-0.9825154690151989,0.689252906555944,-0.30117134682634067,-0.6152409619279122,0.8815866829531881,1.5940035542247313
1.1058823529411765,-0.8015534611098725,-0.3349855926757219,-0.8276021604634636,-2.027380974890138,-1.1844839154170168,-1.8270123299219105,-0.7263711007368128,-0.6329866461972552,-1.4764941416009958,-0.6086797832846057,-0.1324353142452117,-2.1440501371315666,-1.1155591363911073,-0.19251511458282433,-2.0210135731163827,-1.784324539143515,0.04414259594344205,-0.7413811370599355,0.08249325580014011,-4.058279022784667,-0.8140029580910582,-0.5898933224582734,-2.1816626958564,-0.6686017347755652,-1.5920416852209953,-1.036988249579939,-0.9116228951035127,-0.7482833452743268,-2.1117638571566064,-1.1334867866210538,-1.7452266973618924,-0.9400951135542843,0.08049912489727462,-0.40084735777694314,-0.3674787757154765,-0.666670952914201,-1.889136261030953,-1.2321265256698832,-0.7414415764814887,-0.0687657650864566,-1.4877271596610266,-1.0547876450854383,0.038743761264768306,-0.20406501100894436,1.260455387519138,0.040638229043190144,0.49442324520974323,-0.2897980263186126,0.1025879754489627,-0.811644802414561,-2.070839674116027,-2.0410819377709286,-0.7380780678234395,-1.6919045673398436,-0.48855537773177127,-1.338153886878835,-0.38356311026527556,-0.5169840651069326,-0.620034987373211,-0.26221179314195464,-0.6349087284528814,-0.796381088076624,-0.18978892560067673,-0.16616923461419086,-2.299007325672841,0.14329251094948314,-0.7344451767230493,-0.3134021100063299,-2.262839113862749,-0.6870839178971673,-1.005156453308387,-1.0810395292219375,-1.6639915582916158,0.08171014692143763,-1.5696326106504865,-1.1140132635373068,-1.171854564552502,0.7043717293895118,-0.49562773657063774,-1.4062224683472886,-1.5423747704048876,-4.514861362742828,-0.08134848399472228,-2.274871455512903,-1.9115703243785775,-1.8249431684949649,-0.9441311150636584,-1.6426776153530525,-0.17196096725877463,-1.8063263474996858,-0.5047361137548897,-1.2691873050654547,-2.14090044319471,-1.2148819297328568,-0.5868538996008476,-2.5938733103651073,-0.22090171174129813,-0.7752978589424859,-1.7670106067441433,-0.8342864098779631,-0.2254434973944871,-1.7086236552113305,-1.7082128315003007,-0.8914852508474678,-1.0891110658938203,-0.16989525557710217,-2.091904838340204,-1.5913535876970224,-1.4924148292304165,-1.3144292911381568,-2.171274853332881,-0.9567156718076395,0.8297251856242802,-1.2752932508746342,-0.6065388339823714,-1.843149458909235,-0.4521110102331536,0.22485871962760484,-1.7775006683286927,-2.0601961491259035,-1.7890681453979507,-0.626826426614395,-3.398543376229263,-1.1926077091583536,-2.1477476298343445,-1.3834819113954675,-1.7554306742294896,-1.238609175869851,-1.4732815855225756,-1.1519050606541805,-0.9045342878321518,-0.9957510471420841,-1.234378531000996,-2.910393665117499,-0.027404541687668482,-1.1909313649773399,-0.8234681632527324,-0.7753566201443426,-0.07396979798078807,-0.793710391013634,-1.3071634755707724,-0.8348975873639466,-1.7806557910961902,-2.68282484015042,-0.9205183201077106,-1.5964297551581892,-2.245233926876549,0.3818240772651771,0.7930843059626014,-1.7227645064296424,-1.2401335508161595,0.9191469020289,-2.184426245502732,-0.4006528083678277,0.25480835665267976,-1.720724786531808,-0.1970876049811363,-0.9321441346608091,-0.010116139326845408,-1.2938437772874196
1.1294117647058823,-1.5702065629221986,-0.3961840364442948,-1.4398467389437857,-0.32146472636768963,-1.274569122332281,-1.1305344577984777,-0.6783534629787774,-1.2807092740358694,-1.6031564610505498,0.06755887281364537,0.10905676440020984,-2.0521408026498653,-2.1827880487066356,-1.1156314972437174,-1.1958771445274803,0.9967283399694753,-1.901020262332782,-0.9889011035603936,-0.912761110062164,-3.2406550785625425,-2.4436088034828862,-0.9680786773300316,-0.8474150569908809,-1.2384725606843436,-1.2079713834933326,-2.898904910618126,-1.3282715216189862,-0.2085182086931845,-2.9177270227925503,-1.0670881952596873,-2.4130041236078004,-1.8239397049864199,-0.8544471869292669,-1.3998012648002789,-2.565874019964161,-1.4374970653437458,-1.665724773550716,-1.6946805285108895,-2.342333108177467,-1.2147899205189372,-1.7322689652365852,-2.3138198482548393,-1.63182030584768,-1.0648543796284333,-1.5098285350936578,-1.2444007874640215,-1.3755022865468247,-2.309883275557869,-1.1741158505907041,0.1519919682410098,-0.7831370998482685,-1.73878579220229,-1.1834969706595286,0.0669156236702233,-1.7486364124292062,-0.5900756360574622,-1.1948215589829771,-2.0720166425910906,-1.7930228694859174,-2.115647406641375,-0.9227268322470409,-2.0686778618118833,-1.7388568783082263,-0.7244123899785111,-0.8402303820252539,-1.2845923103786945,-1.2262889946930426,-0.6369964098132548,-0.568918001836303,0.03164149373588376,-1.2004841271531599,-0.9753501470873048,-0.380847095403562,-0.8399352505141271,-0.34919116001074124,-1.3262527586701023,-1.2747464708985925,-0.5464148554384259,-2.9761513063047893,-1.09984405585603,-0.43575487585636197,-0.38124196420395773,-0.6135592358117218,0.2753603748646547,-1.9701208540248984,-0.940061555555396,-0.9921510571079024,-0.5514675672624031,-0.5707737778003821,-1.9921811768358921,-1.6314481231359959,-1.7392077023507941,-2.8127720213351775,-1.6089918785985562,-0.5096323671645868,-2.5242185833087705,-1.6230229989772158,-2.9523711212467574,-0.5768742425696171,0.2131865568929192,-0.0006531453219180694,-0.18548279110478672,-1.1029229776853136,-1.3870801334999465,-1.0400501840686982,-1.281736031753171,-1.8061469333054196,-1.764670301822393,-1.6230390667591392,-1.1154134283824622,-0.6479057515997391,-1.8648058107992227,-2.843103333402917,-1.637685649680121,-0.937776178357242,-1.5718449955670537,-2.7577772416691797,-2.804096589658009,-1.0953610636806796,-1.8236583677193203,-1.0377303853532844,-1.298857009209343,-1.030237393763148,-1.343179614630517,-1.2676666367313316,-0.23108204676003274,-1.353418865603633,-1.4126942711868837,-0.8922662035910786,-0.6855926516378903,-1.517151820171812,-1.5546488198672361,-1.3604684071517834,-1.5928439830311056,-0.26125001118704905,0.023163130371287144,-1.2393714813090395,-0.6724226359060477,-1.552537461633262,-1.066741434979108,-0.6507557369162523,0.4929046753762447,-0.6603383059263404,-1.7022399106721164,0.03398182708208908,-2.5579076027995695,-1.0450591160337463,-1.7449561434332281,-0.4143325864070758,-2.2605740217244277,-1.575569268451017,-2.022027008888309,-2.4773067963854243,-1.2742629569818111,-1.4611224390989486,-2.1879548571020955,-0.16635223878187366,-1.3381599459846008,-0.6439968403004325,-0.7329270064141405
1.1529411764705881,-0.9025647347809871,-0.15013630932273986,-1.972705730091604,-0.6534185204442908,-1.1032337874379499,-1.7964722992229052,-0.1430749374069626,-0.3556930194906712,-0.1423635765252736,-0.031221639141434276,-0.24974301849167363,-1.7269739836679094,-0.9435066851346846,-1.928972805630826,-1.2246339599341145,-1.2929118443870316,-1.0174102105842857,0.017083884730563548,0.897992117445824,-2.1738944442967556,1.3136084980571963,-1.0184820382017892,-0.009970475036273019,-1.1391809127628074,-0.09858245175340308,-0.7315371567544665,-0.8883887786080832,-1.5728221899259798,-2.570096365454175,-0.34890283619742896,1.0665927837549152,0.24087264224796268,-0.9235743440846353,0.42324226272692844,1.1376493878616638,-0.9046298068330301,-0.26344396989238095,-0.9991387051412074,-0.882730399454089,-0.1220283679197709,-0.28335140100487544,-1.9015675646941719,0.3118512141362846,-0.39754269751121096,-1.3028520898926483,-0.36880861929470543,-0.7101647586631001,-0.8196369317553757,-0.3704381337461119,1.892128531866017,-0.01795787347567701,0.9497303639904399,-1.4188425151014703,-0.18177103882186613,0.5598376693451691,-1.4104797244296994,-0.4384559877097732,-1.6886615635956321,-0.13728008329919106,-1.8164762584373162,0.9842287512033453,-1.2502683087114743,-0.06420909166664357,-0.23337506652164336,-1.0622734093386448,-0.6186372770097796,0.20647497804564985,-0.10218786932404511,-1.693841623422803,-0.17044158870512904,-1.2538336957219296,-1.1837287410911306,-1.2191619234346858,-0.27882493781610657,0.5286298651529925,0.2454533295757576,-1.3102832094880754,-1.0462973808408382,-1.0981036009928051,-1.346106280140235,-1.058887877217877,-0.7738556056802577,-0.03535255427691486,-0.3531947861328987,-0.6265229258881418,-0.7937657021096258,-1.0265273430091886,-1.641375569243829,-0.7142290177015729,-1.363175798640198,-0.06950916904954363,-0.3810264039130919,0.20534592463591428,-1.5519234369139787,-1.2551001699425646,-0.5133443550723165,-0.4052472390230647,-0.10375464869153805,-2.4260802324924553,0.010990301666125246,0.030267872332181645,-1.8355933987292126,-1.1903549008620735,0.1792743288011608,-1.8074152601121813,-0.5982076069133466,-0.11368923230843359,0.7776735955318342,0.7893067679898799,-0.6552268295225404,0.07779322311081749,-0.9617049779947826,-1.4393799981604007,-0.009345063617099636,-1.5946499872002124,-2.1988477196426595,0.08949072120816215,0.7787694710580294,-0.3229768290540524,-1.9561597681754672,0.504670999915345,-0.01754751784188302,0.6390016218408835,-0.8539433468144669,-0.1407147654091483,-0.3069641574085462,0.6123259800504731,1.0748946315344998,-0.6912833760310342,-0.09869751552129591,-1.6308953628888618,-0.048990944386127944,-0.8562823918619248,-0.1591924173238119,-0.9020476913493249,-0.2715110301515654,0.754926052038336,0.2134979149736732,-0.3441986021292506,-0.8187731848938857,-2.9421360438743314,-2.0339549767671175,-1.4129074693880024,-0.6053883508826251,-0.9440108080713181,-0.5046445002854218,-1.2136711255345842,-1.4832396224719975,-0.92267361306137,-0.40491288863733044,-0.5029162066718978,-1.161719173326781,0.18262542526358927,-0.911512341569111,-0.7121687553415523,-1.8595537346698139,0.481525522820205,-2.623592295548788,-0.9911077167243877,-1.535867901041656
1.1764705882352942,1.6928526810347786,1.4098919003640833,-0.189838926601116,1.1187543792766612,0.727774186343286,1.8112689040905963,0.4620831617258497,0.935805398391939,1.1518406548956217,0.2692538986750039,0.00968491281662287,1.5583927541344424,0.1293281479116476,0.8004955063933209,0.734360334159054,0.11319811624584541,0.5617440887573835,0.9910249002823364,1.1230263995286351,1.0575909779083372,1.8855134509235656,1.268404628669805,1.2529886104713137,0.9735886727598454,0.5154553739445846,0.2935625704707338,1.086630424337189,0.7334251682124554,0.9451302379449357,0.20270594446049373,2.1436436273741126,0.7820231845406417,1.7506068854519903,1.5561862263741082,1.6231596332205704,1.561575815707422,0.056584468642925545,-0.3291219437979511,-0.37813906513216833,0.34224923757073444,0.22065284089149628,0.555745110258992,-1.1434447820959057,1.1265349486591076,1.3592253834542363,0.8669697710924468,0.2998717443823128,2.0867718347581468,0.30449767230613906,-1.9836006005504347,1.542666145229305,0.8979886097983767,0.3729383973612147,1.521051080784837,1.203875890590315,0.7354181709993634,-0.8213879415074381,0.17808562647324544,0.44861488782302383,0.7772466299812683,-0.27724908847086405,1.7211143223462517,-0.16323765022419912,1.6725006370541058,-0.4980326754846254,1.4279050047871418,0.1691545877359063,0.6752535486964796,0.4247660535783509,0.40707681553347735,0.9785273400382508,0.051641838980865495,-0.7452749631247471,1.3027206339603954,0.27494982119872485,1.2855423585398467,-0.43301995995572584,0.587178039650673,0.056004511867800755,2.537010833071908,-0.5003036526774711,1.1820287560829317,0.7399775447551006,-0.15860405660726384,0.7425327749116287,2.1796703930133576,1.2128688137990036,-0.6752522831829229,1.7943148919673857,-0.6365827982414083,1.0922715617893788,1.1472514783904895,2.2113147424034496,-0.7718035405285946,2.663538919316877,0.74233396580605,1.2118327501239592,0.056371538007464195,1.7259393126610834,1.2609893403302292,0.9999812431125614,1.046218341397093,0.0808040430447704,0.715793701737342,0.9545321563344523,0.058800470190805476,1.160967445233404,-0.15746717217065842,-0.6933772869354904,-0.24850966159719756,0.8858718066167617,1.0275534899583336,1.7644419712373962,-0.2705626176067826,0.5853184176709639,0.7527742689844821,0.7063372302622757,-0.57673570814215,0.9635455067396689,0.12312207797383368,1.5014002917716076,1.0939125746687663,0.2804961566663765,1.1567817436696273,0.6773088967381657,0.585476323008766,1.643154356280021,0.4934828007662058,1.56914666862764,0.47233723552713464,0.7778649009676797,1.1064209776931633,0.8058662891788134,0.44932936103814075,1.1775248534769123,-1.0419198008339932,0.5773986590927589,1.4050980861867464,0.8968669967696644,1.1467063530247432,-0.4091042999852794,-0.4453974124623459,0.863429462294389,0.4273752553313012,-1.0849020511695324,-0.09768701111102518,-0.28998550349624264,0.9193207961807627,1.3099461982499512,1.8589656660581395,1.1576810973097456,0.9116809894081668,0.5465739208400668,0.28170835048424636,0.21037424982355402,2.5719019853140566,1.6987900624874528,1.3220133940159715,0.04561853652066106,-0.3295076677977242
1.2,2.5247676619718105,2.545742894627073,1.6014609303111818,2.922998863402622,2.334103878328755,0.9726797617317202,2.1503822100369936,2.9334337616829345,2.6428879001818646,0.001657700223159253,2.6153165458810905,2.263058553995978,1.9701584001388355,2.712203556563721,3.0792242458162398,2.0381113938771644,2.409210646263901,2.0361494822262896,2.5125688302325107,1.400897256651235,1.6790352808774518,1.8689776660331892,1.9490564627756854,2.324058733235254,2.1699249803919787,3.210103295128594,2.262597399444613,1.870749313488175,3.2302740294804915,1.4919329537807071,1.160949137904171,2.391369270661623,2.2882439758672257,2.9020919853627505,2.25362658937304,1.1197788456883977,2.358920308371161,1.9803492285845559,1.7021475578256566,1.5830752641264554,4.528393687004101,0.6743374258475809,0.9634061372274805,2.3407175944931207,0.7606208277735977,0.6168376365998782,1.3941495160497155,1.9337885748618744,2.2588333178474054,2.750091403276137,2.967508179247631,1.6653549825233283,1.512574086009142,2.550306140148109,2.788409101873186,2.36454282121697,3.3066353864743183,1.5220664011042897,3.3113575222311957,2.034032919041883,0.7403473651918882,2.9398305651982017,2.695305598602762,1.2910856990810786,2.032355957429023,2.2956369691783474,3.173355241894229,1.9824716051228808,2.137501151873525,2.1774065495986243,1.7442768508669662,2.1893170309401726,1.849102254157726,2.5472656714119024,1.5721152467771402,1.933605734972984,2.9075931631568457,1.6206340013501692,3.414285656246924,1.682561558576304,2.803391432671615,2.018444026673589,3.0322498370009354,2.3773542400730023,2.201657796878712,2.104408245548913,1.479987413430434,0.8134954992018584,2.2169933033383393,0.8403572151450356,2.745957801234082,3.9803098141266275,2.63644190328767,2.388779017471138,0.7311897322226875,1.0086400185994686,2.2866893020442194,1.156160673770644,1.9206594733601334,2.0085297456927895,3.0293931441793913,2.6449051079913843,2.3744634536655562,2.839226719105534,4.393854023422548,3.1719685855187576,2.7248418709451787,1.3391939221227802,1.9839211232312066,2.5126615913983956,1.9807651955313639,2.4968285980339546,2.006008198632713,1.5928456328644334,1.4930382750602842,1.8265579249642945,2.059159124882984,3.3812057586064457,0.9112199597110098,2.857154632680408,1.9397662763450263,2.0311529886740454,1.2609767882301797,1.524936963144064,2.4591879963409182,3.564292346692307,2.7320255066288066,3.5580212234193427,2.2162992702047926,2.6990378965059953,1.0026335982810455,3.402071873300877,2.2757655964704187,2.0222986748762817,1.6369004107399407,1.165281227924909,2.2474950662490896,0.9899470523166569,0.2884140658438483,1.7331277573785835,2.821677763556859,2.6378669256186984,2.249169692779722,0.9423288395151157,1.5762614598776967,2.4522119540290426,1.2406736887305616,1.403226719026848,2.6498584446920117,1.5061466967666113,2.198605998813291,2.6056923509531495,2.3321644899144407,2.456951681636868,2.675563607444981,2.556442172618007,3.7811569544107595,3.071819632904893,2.760285730287178,3.1175043909509466
1.223529411764706,1.3210851531559753,2.310284084702501,3.1911945030380875,2.05561637832032,3.2125535891194494,3.4579181148145453,2.1656449152219452,4.4577555511475655,3.5166808666973006,2.1887161396658903,2.8870323815112986,3.4381374801765974,1.454490175725352,3.802684145848567,2.5831706754484007,2.8614907053911165,4.437177300937663,2.7810158622954084,3.6627954508871916,3.0529674326240004,2.246641578133275,3.786278922230541,2.716696313487724,3.1843597401537744,3.396806866782044,2.918588333498692,2.713346169433479,2.5430856682883554,2.1315576538168233,3.8602046501121374,2.8747414499459234,2.4557184504396186,2.7732516527908406,2.9776691913575553,4.728990869456121,2.6252818618945892,2.7137168635390676,3.1806295732653287,2.8505251153117164,3.2208274879394674,1.7996987865133804,2.9440208404734953,3.137255672179475,3.704043187135879,2.325442845786001,3.234850845793083,2.9109336855015417,2.1120325423856072,2.7504124446560416,2.286486387079532,2.072745867515828,2.303650614629165,2.9246321589237256,2.9518540359301837,1.6432120012322229,1.6212544849583037,2.8616137479260026,3.4887052233427647,2.4943147137831465,3.8282480933587757,2.443675779954787,2.2864660406637967,2.6702124221829067,2.8880972546627426,4.132871455969959,2.9087056228822745,2.6844654237618726,2.820078804350304,2.824305865954384,1.1472381609185967,2.610383353755034,4.172414998860222,1.7767065437891514,1.625600317847441,3.75165814371377,3.7017557202351172,2.910905547049879,2.381949548449867,3.7369103156780032,3.5877445181497016,2.794776208631094,2.1799311255800897,2.7895828249021064,3.608053577731288,4.434871935111291,4.191730588267652,1.815295669924691,3.7009313126754932,3.048128660993523,3.2814737883200467,3.4024999613858267,2.825319882395228,3.5394824260082873,3.902802905709925,0.7010147417798755,2.7030389810014337,2.88134605177138,2.600577793641083,3.2144945895237584,2.15926673881597,1.831781324602253,2.783929558873283,3.556548783194057,3.179133673826529,3.2711916389792917,3.4264697595750704,3.2522744273476265,1.60462181731472,3.3314357759904984,2.150883975357005,2.5619423255580593,3.5076760989054008,3.3650760801471833,1.1426982018343197,3.8520056302326102,2.3357786386654524,2.8584719143190593,3.2638583678197146,4.213434565820045,2.5906567684263138,3.5780700864573616,3.321505745425051,2.396603727799223,3.180790794343561,2.6979641969532056,4.1584516910040215,1.399763720197238,4.796910629730333,4.68441799241665,3.020333639494682,3.3940815252219085,2.463288679423762,2.915025295921804,3.578023657031483,2.7826781009171477,3.733710949723168,3.9813441246314927,3.2819425718513697,2.400073631650914,3.2187467912081855,3.5056829688841478,3.3700546535587623,2.952108906490611,3.5644561310520633,4.322721946656873,3.0949293588764815,2.5980758507021995,3.0400463774551807,3.085266134154633,1.8963589194995834,2.0628699116165463,1.6999332615802327,3.541470904719093,3.790479013654741,4.363522662225647,3.045367873974155,2.1956025719737142,2.765942057397012,3.5640035186925085,3.4996541640822096
1.2470588235294118,2.37689229575133,1.2123497929549027,2.237171211999988,2.699983707930117,1.5448164871840053,2.5454022576113258,4.099675381655262,2.0096792031135267,2.3771554664776873,3.7845366584458406,1.7738842267302002,1.4268911332163694,2.9079701774686058,4.273682578502195,1.5724760389663963,0.3361948057941233,3.5433549655295433,3.3167978155441897,1.4475696570064085,2.421603187363384,2.5265810121698906,1.922315949258811,2.025434313110074,2.5915940538074285,1.1085998166320046,2.3898106510626826,2.8841997233850987,3.01668333585306,1.7562226011794522,2.5300511188170525,1.9566109990890985,1.221606035819179,2.10895445120736,2.39989020503955,3.5637566940434815,2.270273467503326,2.0233546485579983,1.852434772405207,2.4706498950276465,2.8950277104944444,2.551466409585069,2.177909527666219,1.5311242167950732,0.8244490456517488,1.9299038485196789,1.450736097914976,2.9256523160791574,2.5549225965249613,2.5679797111012674,1.8435928757799722,0.9198199644002063,2.729582846091025,1.267467612185666,1.7577624692198093,3.087865942821187,2.8388846543279262,1.5611558676448682,2.433708606369083,2.8994946835779714,2.324168108861598,2.102361613391613,3.1745292683589748,1.7918617188108668,1.4205915874332975,2.2121658999483746,1.126676889969101,1.909853003504737,2.9168637049456265,0.7457210576882758,2.484877290778244,4.6651786901333185,4.160729807235185,1.9556709493085016,3.0139378311912015,1.8015120732701457,2.579908539179833,1.5384005526371687,2.786770528590542,3.4357780305197823,1.5893590340995911,1.8813485969871742,1.8906295215603093,2.9931853364670675,3.0170977671754406,2.1469113667552184,1.1877316969471052,1.8706781645080053,2.3822536602014637,1.9571744193993648,3.0779815735765297,3.2403797683135402,2.3935656418979225,1.2481922762951363,3.675368929856239,2.2641540575531893,1.460701802528482,2.8284810824558066,4.005371740247929,2.874783985750745,3.1994212264704727,3.2980606500426095,3.337297538954106,1.0134266356013546,1.257669953135319,2.148878224014247,3.6454178938794053,2.4974616612967635,3.229044234503945,1.1753341872499092,2.4406173279209717,2.563168006782767,3.724163827209181,1.0965153891545776,2.6900424103747174,1.2373529994904056,2.2970579783889145,1.433700021860293,2.0175912188572296,1.7571909419400988,2.640462669927769,3.255180529621831,2.1535224171527094,0.7109455560569806,2.319760092340564,1.962132819450769,4.277193297988488,1.8929004559398428,3.1238885958243108,1.873478994654064,3.030627106445599,0.7316245645520396,3.787313639484924,1.6867453162723032,2.3485058050343226,2.95536668248952,2.856253423962958,3.9744076859591653,2.670220914624643,3.169336832439438,1.3944426198756639,1.7292106308309423,1.8175585896922124,2.827595440375559,1.762323185662281,1.2216419831229288,2.844593371561951,2.6664401195466247,1.8683494737767647,3.344158077510543,2.1512979496084466,2.198537081969372,1.334911854410744,2.0079450223931246,2.890282814885097,2.6748254170309727,1.8721950608302191,2.7069224310799327,1.668711976237756,0.07303405154876197,2.0490056609744607
1.2705882352941176,-0.03727317872742841,0.06874088009279955,0.2697650518098196,-1.7785658227381709,0.9296838475270817,-0.47516013458850415,2.6690865930605243,0.140452838705436,2.1040964360967007,-0.8604582606614066,-0.6014931372427592,0.5764884161618883,0.4631590363678,1.93086775286637,-0.2331557398271772,0.7024384635449603,-0.03445260699294228,-0.7918427049673817,1.39193307009329,1.5147105841586672,0.8160091560141498,0.5660687951964676,-0.2125055968586651,1.1536275223159247,1.3591801531091445,2.1367542719394343,2.0220592181704005,0.44201588501434785,1.0972187533254285,-0.0624591377029452,1.0774710019409108,-0.1445277274336867,2.4972767786154044,0.6874641079835587,0.7470565163962293,0.7969709981707145,0.7111691972977368,1.1380389907730857,0.3268229755677638,-0.643116142166773,0.7043147334070265,1.130655831805977,-0.53691678140466,0.6781138737950405,0.6051602480735482,1.212551680278834,-0.5918559521225017,0.18235518373751425,-0.293553068949193,0.4146815114721994,1.0736065189115722,1.131926546693444,0.5016767322107338,-0.3527362220860488,1.3493317485439875,0.2952601166194619,0.7362580998491653,3.236980362833163,0.17393256334241158,0.723117527025743,2.1613544984593345,1.4464767281355035,1.081665370669836,-0.340118695224932,0.3177543038199457,2.265063193943937,1.438669540449602,-0.07953302441321797,-0.8553617068839261,0.800469667037895,0.9046178224197019,0.2019214439689193,-0.5035611234815383,0.7794073805218235,-0.019731311123337814,-0.5645387560152941,2.2159731297477236,2.1619189367300597,0.7264204596432668,0.40261739261879426,1.8030393289559687,0.8936012269754081,-1.031524292571832,0.2631711560065968,0.7139480178261324,0.8030537160858302,0.51823272973894,0.6763312063682503,-0.022337326204283636,0.49595593539788396,-0.990340277739904,1.6938112010617163,0.5983750599895388,-0.53437761300689,0.9322641832976724,0.8118201198516523,1.2033427871428946,-0.38652172238352644,0.6489067396036895,0.5416382101154289,0.04011730361845922,-0.40152151911676826,1.6492531669105635,0.23015813155611042,1.2813041825797669,5.772077779075957e-06,0.06732858647328488,-1.244058303824806,0.290555440000397,2.236685703264905,1.3613290335595098,0.39120239563433246,-0.19398881343556296,0.6409754495141338,0.5780663568078999,1.0666192575257745,0.8440367062215648,0.09213108698739825,0.1727038030442254,0.8427626956084423,2.1360662891668127,1.4302137186602375,0.7848901927844121,1.2994136276492103,0.16324722942499914,0.2764859762415259,0.09360696081781872,0.09434451893668094,1.1461923271507455,0.3403182931042735,0.39659949870809946,0.5840283486967114,1.174859318816975,-0.5012569181738236,1.3118497387426356,0.47207324011778784,1.832088227394992,1.607648041670917,0.9074134356133262,1.5903266697132037,1.7192192929883068,-0.28690802670087634,-0.07400356468283098,1.5685231365573458,-1.0921541587157135,0.31246452100301575,0.3538142046502428,1.904076744002252,0.9226843542745946,0.0017645723625882015,0.6804342687825209,0.08169614899422462,2.499629708218608,1.8228788210009215,0.584217633591606,-0.09437601827756803,0.11880072937843145,1.466959479242597,0.03027620928733854,0.8899745312014371
1.2941176470588236,0.03321176114174196,-0.16153423488147584,-1.5696884649179732,-0.4208311937762915,0.4945911008198073,-1.6244724731046811,-1.376112138780326,0.1428875763311397,-0.865156782025738,-1.0044432411970385,-1.5196812620764586,0.26670915815262963,-1.4053473268099537,0.401243463685684,-0.694036932194888,-0.049652617736511306,-0.42104706926727076,0.8940127211944978,-0.3948691032823133,-1.58828067304683,-1.1048011667702515,-0.1830148045556504,-1.9635016031537336,-1.0303152330824248,0.0755883815758176,-0.4980498014097264,-0.025914202515579854,-0.18395880261247616,0.6812042571240787,-0.5261118330850607,-1.7739554927963601,-0.6060827546296662,-1.6532966859619007,-1.3126112689526368,-1.0162232007792587,-1.3421157062572924,-0.008126785860868901,-1.0378984456172515,-0.9055222769837414,-0.6033804300489161,0.33200158830236337,-1.3554458880033402,-2.285001430584426,-0.928882915676172,-0.931861733186503,0.48592471677533144,-0.6846488579873256,-1.2880526981992437,-0.3862745315013044,-0.7805361422430914,0.7120682589259278,-0.9545619445265023,-2.260974846491393,-0.35925309489382506,-2.3149311973237228,-0.555508612057585,-1.4916969590639053,-0.9925143367309541,-1.1079681705647773,-0.35387342307720204,-1.70247085064607,-0.9660683157619321,0.7621837130032579,-2.570399102355143,0.25011499078352106,0.40200584907011183,-0.16054478806841715,-1.3318983894018728,-0.734774766579289,-2.0421264429216026,0.4399258419104014,0.15316971024988002,-1.900778707213434,0.6556104554534484,-0.15957910957102445,-0.5951385038247297,-0.5359598234767673,0.03428715134416993,-0.6242601010131655,-1.523519092264217,0.24626898958218058,0.013695942036718756,0.4170226164506331,0.602011179466588,-0.1781516848687829,-1.1401962834623425,-0.34644377894802075,-0.4682612215449754,0.4642092663726082,1.101416576290045,0.3850930083365086,-0.3120544880158524,-1.4428971046327548,-0.6790396290290386,-0.24001469541707277,-0.2573686285579391,-0.7718484071914782,-0.25528451353747295,-1.2349585418063205,-1.7625399015276515,-0.6931901618610634,0.4614388955935166,-0.7239129285484849,-1.042382527421398,-2.2537531994874063,-1.03117561951272,0.9485480991233267,-1.1207142264413483,-0.307778196715822,-1.3141762623879603,-0.856092649789271,-0.9261947900278291,-0.8587614283266135,-1.0881894098367042,-0.28084148398540926,-0.7268534473537269,-1.956092636961552,-1.9751454323125515,-0.3918103287160696,-0.4468234088859113,-0.7401042031629362,-0.037256954708324796,-0.549977580027939,-1.0334545628574985,-0.4699996981633979,0.009481609102370392,-0.38633290139835225,-1.054862538017835,-1.500020961779448,-0.7546336645092159,0.3138773785671344,-0.6996641471145155,0.6919194323678063,-0.6022160319146215,-1.574465336370837,-0.866850255675257,-1.9929802650353117,-0.20906975129976002,-1.6485030358571677,-1.054392067763513,-0.9493692858886236,-1.9522008305102307,-1.5417067774695554,-0.06635183963170521,-1.745892231785862,0.5108665274884173,-1.0169505079592698,-1.467878798170753,0.5948993495633853,0.20772242878559388,-0.3119651640283517,-0.35736266779601494,-0.9586104543997015,-1.3387965380694529,-0.5086272838100867,-0.35366289392703637,-1.5788372663403814,-0.39929045663561247,-0.5738915135784082,-0.7274630966853987
1.3176470588235294,-0.2820407407101361,-1.7575309532865457,-1.8456826195256912,-1.5016765478906517,-0.2842038001009518,-1.1680415853998012,-0.4527638884774047,-2.069963567136598,-1.6746580640083777,-1.0183292953697696,-2.2527030710159774,-1.734143655722836,-2.2777288544312926,-0.7639046016895523,-1.0790842988969334,-0.9429443379362779,-0.5283537807974992,-2.1954910936408565,-1.3524412244963944,-1.9020633758500156,-2.1515915343018,-1.4862415820499242,-2.8793334457106434,-0.7694074900075777,-1.0850786469777156,-2.9818171130101447,-1.7851134101093646,-0.8653916434262781,-1.16623062181635,-2.080107936009238,0.8175774230567123,-1.498311726553713,-0.5616769470166681,-1.4726051160283509,-1.7062606129584048,-1.5396298813722358,-0.9153498730020752,-2.234644463241033,-1.832417696826241,-1.6931108225875406,0.7819525267378511,0.24482457485450082,-2.53659964480502,-1.539142053734432,-2.29335170643332,-1.3343021476048558,-1.3714523206966032,-0.22094920747789581,-0.6781758597768477,-0.9237210279901215,-1.7075410952748686,-2.4476482506847033,-1.29969809871092,-0.3826122979624692,-2.112424133296469,-0.826175004881111,-0.2022904031739552,-1.078776751879138,0.20373802729741142,-0.3347870146080737,-2.4731908585973157,-1.698628018661035,-0.3249067862446685,-1.4282055590500702,-0.7077289303990324,-2.3167049640570205,-0.5634669137257358,-1.7152927316403308,-1.247109965911793,-1.9211487819349404,-0.6032514088267071,0.5671039887089753,-1.1432082429135262,-0.3661114570609335,-0.5555780584349402,-1.497582214847028,-1.594935999422637,-2.42525871798306,-1.5456030846156534,-2.3856694942318586,-0.9357137692750647,-1.986519235580502,-1.8287682029536536,-2.2843026518835092,-1.6481199240432478,-2.0306621790677215,-0.7795803638724064,-0.48722030511971903,-1.5930816833942356,0.8247982507120217,-1.0462284199643102,-2.153832474810158,-1.6369394000818165,-2.394147495569638,-1.6684341911288147,-1.0389697212278048,-2.194667839997172,-1.3920462027135088,-1.449495931442234,-0.5967656690008802,-1.198180515772521,-1.3742788909754469,-0.35344297686001425,-1.4821232093091632,-1.122904981879662,-1.2366114906613832,-0.5469322657008129,-1.3966844399206875,-0.7247044341328753,-1.0409636233866701,-1.002229040027494,0.45827642677665925,-0.9735665132922224,0.15227605279114576,-2.03490337838194,-0.4387031179125971,-2.6370641147849785,-0.09358728502848268,-1.5913579657516705,-3.1904962749997257,-0.5404645703360494,0.18402765293295298,-1.953014356261369,-1.4934402311131225,-0.3511292503978588,-1.403183948423222,-1.5846131788714042,-2.4114818593515084,-2.0169696932504872,-0.8655507796433264,-0.6833650085819691,0.2085320785762126,-0.5316740531776987,-0.04507745817593145,0.03761397050981374,-2.129016686243804,-1.2811775284595515,-1.3742026981276434,-1.800486764809732,-1.468016444133938,0.34262464637326095,-1.8391917922838346,-1.5324539249556264,-1.0615676823785307,-0.8617902700910953,-2.1352620431423635,-1.619422941154586,-1.5595859329395236,-0.4578383894523683,-1.7783605001542075,-0.924601780568096,-2.529731699160056,-0.8886721784662295,-0.5503544698735111,-1.9242433820069653,-0.7554352553964168,-2.0512935110915795,-1.596324539363087,-1.5766068568679388,0.05603387200586596
1.3411764705882352,-0.8820972709376427,-2.143282049004594,-0.6674431677150598,-0.9932307870908983,-1.933693820764418,0.12052794062436334,-1.3578397120571075,-2.64975780831708,-1.2355377554787519,-1.2898713728985256,-1.2664234595274182,-0.01693200246539206,-1.7010775150211295,-1.9865586129463333,-1.614834838120083,-2.162304214926727,-0.05893057891064313,-2.226083450690634,-1.5859009877786552,-0.9424041917144518,-2.1149747127113336,-0.8052553191156484,-3.8879630996754826,-0.3542492830367132,-2.6660809226910014,-0.9031783711860873,-0.6651740398728931,-0.22008094390411148,-1.2856570781578394,-2.1398695351467896,0.2875188853216548,-0.7574078316940203,-1.6829994572674742,-1.1571364314057333,-0.997415922832396,-0.4547568297284589,-1.4707175271235036,-2.637084299802432,-0.7752012000250438,-0.6077519779252363,-0.3341959553324879,-0.5716218269449955,-2.075251911930197,-1.4503382850275586,-0.7057133243447067,-0.3024127800092702,-1.147688198504992,-0.5958139068675261,-0.13462001932738965,-1.5586163592858133,-2.7661722842368563,-2.525966070846674,-1.7091219958701669,-1.730994686837215,-2.191629978943965,0.4483384467357092,-0.17483722014995906,-1.6818628001911962,-0.3315265161470021,-1.830117439913196,-1.6713322362274154,-0.41694196115096127,0.4381742690816257,-1.1429679227858642,-0.9267347101557745,-2.482067712277427,0.8432461320267914,-0.3242475317946757,-1.3549534667567713,-1.8873434664154916,-1.8150046374015647,0.011022981759777561,-1.733171323002348,-1.8711301489839816,-0.5080830675770907,-2.858103761827467,-1.3164763951225753,-1.3923889441944433,-1.6027549448401832,-0.18527865402839672,-1.653256189742635,1.0634696477982182,-1.5862013809837108,-1.3507919145080676,0.6246299812578431,-1.5154916167218024,-1.972581019761061,0.5576710476298459,0.3838044026005818,-1.829209371740496,-1.6096237025660758,-1.197238986463708,-1.1074273929900729,-0.230294870997374,-2.0307605622779774,-1.8100303774327937,-2.3758787862268336,-1.4759826737666917,-1.4656361907949393,-2.7265364217137815,-0.7051122054571246,-1.0849335753497718,-1.7335503163500112,-1.550358891545752,-1.1700102974219797,-1.2696151465676866,-0.46325730042357927,-0.7947716169035797,-1.3876809857945407,-1.8595660157919864,-0.6006848619294419,-1.7249367883162747,-1.8534844828779993,-1.0017425589763382,-1.171182109280498,-0.3558144175021597,-1.7823857996623658,-1.2738014944535772,-0.13166091887313014,-3.0402080772687556,-0.37406176130726665,-2.5271942208921034,-1.5677735198805711,0.23733613328250747,-2.353937306432361,-2.058397672133178,-1.88764893989234,0.1784101741281774,-0.8463801030090846,-0.9029282154816073,-0.7210345246753556,-0.26504170829676155,-1.0471377971845488,-0.5867737838220513,-1.294788268938945,-1.3905249674279427,-1.9192471120182741,-0.43263343701640866,-0.4646024312225683,0.3855203785320971,-1.1572376250581937,-0.5182602159326816,-0.549504771194728,-1.2106584437258203,-0.8572578523839461,0.30156789715571075,-1.0692564906930424,-0.8107202439236763,-2.9260217973149825,-1.3613577825967809,-2.148545848807027,-0.7334273771381759,-1.4488445267750079,-2.237085077358489,-1.3683827347585453,-1.6658971113004073,-1.5605058448376896,-2.2304135847987916,-1.9537347332281643,-1.5129116454936509
1.3647058823529412,-0.42198571544233926,-0.28020883786589895,-1.6705954315262255,-0.7442612021904591,-0.9040364544545206,0.11320561956822406,0.7062582091141502,0.037665104136190175,-0.5229289906023694,-1.571793665861931,-0.4060843444622267,-0.4736485970827859,0.5512351983281168,-0.3842180621542175,-0.4866072506805376,-0.7414443952226741,-0.7186104843050967,-0.170641324291825,-0.3139588361854325,-1.6207144447112487,-0.9348517879814138,0.7809829228656465,-1.4576924513046456,-1.601345825385099,0.48900409397089806,-0.056604032125896486,-0.790974204908184,-0.828534674733311,-0.6717460945461413,-2.1294251225493097,-0.2884061723072369,-0.6888767507073845,0.1462167583661651,-0.8768278473934316,-0.5766042618262163,-0.9778188438700517,-0.8263405298834874,-1.5639665897347543,-2.3902405366508512,0.7503779045692139,-0.5777209389800635,-0.9551505594062675,-0.5286008294392359,0.09856687468763714,-0.8605828619098556,-1.0930283747721656,-1.0296494999665329,0.01934030537979836,-0.8051805172232301,-0.038754169435208485,-0.16649441052590308,-0.5213998421120491,-1.5176193336686348,-0.5327047442664166,-1.0043886912567765,-0.028787671566277373,-0.7049025554378539,-1.073499212987572,0.07893975919284679,-0.4296257989377161,-1.7496679706445213,-1.6798811937052247,-1.565678450315057,-1.9206797413141579,-1.2064896070349715,-1.4661873961435077,-2.2404491867969147,0.377259670308843,-0.358228767774167,-0.05441305699512011,-0.6025408127382437,-1.3687267688690676,-0.6290605529975983,-0.09217394019483038,-0.5583219760639729,-1.3616649305695034,-1.377908130709955,-0.8412610018542119,-0.19114949350002108,-0.4191946079495021,-1.3092274146425407,-1.3177407645704906,-0.46319009799680544,-1.7023162955024236,-1.2262745867544211,-1.3354505796365153,0.22204737956223541,-1.9341051981239192,-2.292377178278066,-1.4525167699562305,-0.7254447745479476,-2.543223155845509,-0.7263606668906775,-1.4206501823767206,-1.2601542461995132,-1.0830192981759246,-0.7273295325895113,-0.2714876059150418,-0.39193658653373303,1.1051666620208787,-0.7336705141114285,-0.8891188857342465,-0.7159271924163686,-1.9005408148733909,0.3661296558505788,-0.46042208156783826,-0.5357401274892406,-1.0795636967425968,-0.20146823843805606,-0.10739292211637541,-0.001887210176585996,-1.0391125662270593,-2.0217260421901813,-0.031042279967779973,-1.4796623051436912,-0.35254156367639466,-1.4871574683197464,-1.4356114674302947,-0.9280348699704665,0.05526084620900018,-0.5472296975744531,-0.4087827930376435,-0.6008738529320143,-0.2851644816502591,-1.5343760319746398,-1.3410207075790046,-0.4444618865336619,-1.2166074456569447,-0.9827557455787322,-1.7511988391233193,-0.7210326682935267,-1.153718938134257,-0.7715640133766607,-0.32258683861911575,-1.827105819212954,-1.4365499616418667,-0.6771628799470361,0.31970587693155605,-1.1130330178168457,0.24926776765561554,-0.12057940308782111,-0.15797340960665163,-1.4373718450827573,-1.6281041515307604,-1.9617173699628099,-0.784012347728716,-0.9095068882472522,-0.888778869159594,-1.599998774151494,-1.6740141981065189,0.25157439242845714,-0.15902766218727105,-1.521795485605656,-1.3404991450956247,0.5015644082942815,-1.226678496282168,-1.9214329938654777,-0.47047688136886534,0.08006997332132493,-1.3904642332075814
1.388235294117647,-1.800678394429124,-0.45797827674792735,-0.17500563567449764,-1.835352143754764,-0.7429769669398081,-0.983673263119037,1.0524036127555452,-0.5339795332124587,-2.0182032692839744,-1.1330112799833743,-0.25924814550496417,0.8088217105525035,-0.5349879729866298,0.11734299952145721,0.22211702930449317,-1.261178778157089,-0.44218959970255906,-0.3164211373768588,-1.7767917710544436,-0.9439723519442081,0.4523934119093085,0.22309442130425072,-0.7487159296574117,-0.12059581446569967,-0.3768427290105829,-1.2564140112944635,-1.2673418380528467,-1.064209428774968,0.040182499192644106,-1.2358144099560366,0.1914580517303961,0.4691175092628853,1.024175582356063,-0.6847040141863343,-0.8620337713115986,0.8176371551251311,0.1491968015110765,2.128822245469361,-0.9012053558198776,-0.2863722911658343,-0.20975820001443796,-0.3952508431987322,0.1883702745968331,-0.22449002855590028,-0.55897775142978,-0.2900008802826728,0.16237060039313478,-2.2759252355251185,-0.7216737757080995,0.13226479095322208,-1.206389059983861,-0.26724551741677294,1.6795859873263814,-1.6599695394321636,0.7180122132954456,-0.5988545994646007,-1.8832012098533135,0.8141625474154917,0.7872228305433575,1.4525829610038359,-0.02684608085919621,-1.517236067857623,-1.6319151308228832,-0.06226747572846347,-0.21731945153003535,0.9466898483684902,0.05469803459159667,0.2549793170796463,-0.4943054069972106,-0.7987109797684017,0.024748100733914702,-0.29332264471157116,-0.549832080285604,1.7079278647136178,0.08483925323296443,0.44345430933439967,-1.4667731447890198,0.1668758251707647,-0.27840876846959495,-1.0925170093638135,-1.4473648052939594,-0.33340230011543176,0.13500529813941475,-1.5008487689751129,1.980361527922195,1.0465248650996306,-0.21825964926193447,1.610475304334598,0.01052669459209149,-1.0748199948044945,-1.2190286875000769,-2.2187926794690527,0.40192707737825917,-1.1182644934276662,-0.3400331050539935,-1.130135415720794,1.4969547955793374,-0.5859506288248524,-1.6821110251809142,-0.13378334751160853,0.41094063765703803,-0.11598845787944179,0.08346251104975894,0.7699766113716657,-0.507877035587611,-0.8057843431044163,-1.2314698285820014,0.0047569142254229035,-1.4815149574747417,-0.5266806952150069,-1.0640054569667576,-2.199175395575457,-0.4723726867010662,0.2853823870454819,0.4137160334047374,-0.8621704382956876,-1.4946414241310864,-0.5292869574949728,-0.79551141097207,-0.8003635857017539,-0.34662455681599486,-0.6674853392878617,0.3172776573897035,-0.09087723392553704,1.128429398544113,0.23212773712989243,0.15405428566221335,-0.6751990954725258,0.44010020296070174,0.44604874985384224,-1.5136668501533037,0.2530507651367644,0.1831131224771414,-1.7473175963744614,0.7411110900660756,0.0724636558281096,-1.080716943147404,0.9949986489846907,0.7246233279157148,-0.845823923104635,1.496903002028027,-2.3396116254979686,-0.6012391263324287,-0.2136237765653003,-0.5811262187073571,-0.3362354890097444,-0.4507862063719881,-2.048493703943881,-0.31930201549268983,-0.7417829320681509,-0.49694989555304425,-0.2562067326367261,-2.1794603090152602,0.9424508839493173,-1.9645284932364628,-0.986237841524293,0.08711657129271144,-0.40428229477389716,-1.3527795767803625,0.6844059886783762
1.4117647058823528,0.8852532736731424,0.07856485025382204,-1.5685406750450095,-0.42304758780807183,-0.23027348891439353,0.9724277603976532,0.8294436286980578,-0.21120562839822032,0.6440921781951197,-0.5496440755193337,0.5049111018419308,0.4485230840142395,1.075544777484466,-0.20794596751957756,-0.9483760839211692,-1.0686733152857497,-0.2721024883718284,-0.3882341482940691,-0.7659830452718697,0.1705513027806677,-1.8053113035803268,3.119420166197096,0.9357073990633176,-2.150694562621775,-1.3519469191096998,-0.9788713652248069,-0.3139033775577955,0.02577649991104508,0.7468266942967166,-1.0423864856551923,-0.469755459428538,-0.6999115286017061,-0.4292050859042848,-0.1727315541864201,-1.0931860247466674,0.47353186981892786,0.7770189863564574,1.4724653974357889,-1.2026339797635188,0.2555365693373911,0.26021138698343765,-1.5930362621067944,-2.4480148179907117,1.6000925365269032,1.0394510077370647,-0.11720318049710732,0.14335397758544605,-0.10837465902100057,-2.3064831763889013,-0.000663900266978823,0.538300052259675,0.43627840452323036,0.5099936919279151,0.14788421066077845,-1.2019281767275427,-0.5766914283935032,0.7973959940452882,0.5666234243153547,0.7662375218178998,-0.11877312128684855,0.16357196435741683,-0.6909918402218105,1.8526279359150828,-0.34541536987699906,2.2308463570905572,-0.8423639095443809,-0.4175850942811808,-0.13333101788777715,-1.654533507284292,-2.2038211075554557,1.4278404612609856,-0.2172579174682711,1.2764031459235032,-0.5057080199155723,0.1354544008605133,0.4031213851676558,0.1006399795497459,-1.2425090334184408,-1.0515793184741136,0.8831099136682916,-1.245942578087733,-0.15925570607046063,1.2296416977103535,-1.158538159403117,0.7929582113218863,0.3347430151135716,-0.33387054404650995,-0.937712144152578,-1.242070577067297,0.16644526520530245,0.4789459168875216,0.433901020871673,-0.40326510566804574,0.1835311493720806,-0.29887810737940684,1.0196546760583274,-0.6953914736922187,0.15021837116835463,-0.5090352270662712,-0.6019738914895452,-0.38461582800418703,0.18984267853691722,-0.6278079492737376,-0.2437145596903112,0.1484265468126853,-0.7648411310347811,-1.8701685166150968,-2.0517736505575157,-0.06993524754851523,-0.5241366411826669,1.0044890857945261,0.4941587205293521,-0.3254926898401134,-0.5080382865932161,-0.9107456693578113,0.3702774263081651,-0.966252874312187,-1.0147332558836493,-2.213407494242541,-0.4897751826887906,0.7902771296380473,-0.43363975117703013,-1.4085182563723795,0.7566503735174837,-0.5474090804209298,0.596202049498123,-0.9152697508522352,-0.31026303469095745,1.7081174008769011,-1.5498052003508758,-0.45968039632008556,-0.15162048081659682,-0.9191314646455484,-0.13540946212501975,-1.1954962956883064,0.22407741207612136,-0.42107636479655014,0.321335685515063,-0.4375645739811984,-0.016702530014423733,-0.6841918480368867,-0.8721018164107694,0.3089700687265758,0.49860402259197995,-1.1352379775373418,-0.1398514717880683,0.6125887175944595,0.4437184043192442,-0.4950770451365453,0.21902003831696026,-0.8860120680947763,-0.9585632628586129,-0.8775394608908615,-1.2205329093056718,-0.3282392112054613,-1.9449111152161147,0.41970041220004245,-0.26102077820831254,-1.115562568869801,1.123260016299629
1.4352941176470588,0.022249194007792995,0.22705196980020478,0.8038278479827168,-0.2838056884648608,-0.8056059423010397,1.0384626654309745,-1.0957383338477644,-0.5559053321062057,-0.1751109810699234,0.18708877743275423,1.3619072456840395,0.5531006489383348,-1.5577699469273565,-0.7976659864093104,-0.3369207855510167,1.1746092973210043,-0.0148811464559069,0.9906770077084771,0.7012786616635325,0.3201111545707662,1.8363551514023064,-0.8802863724653494,-0.0633222364605229,0.6443678615985893,-0.5594422019414683,1.4604159326529593,-0.030622880466473146,-1.4837127277385136,-1.1680265628037259,1.3067037257761929,-0.9511684152515971,-0.33740490069724227,-1.0566503715940807,-0.4133223758552665,0.7620525904314362,0.10646098920839189,-0.24332658228952553,-1.38811333605288,-0.8920442723527644,0.9368741475804849,0.39296670616483237,-1.9451372964393883,-1.5377092320787695,-0.18005965578921476,-0.2268657813514419,1.0502756722754911,-0.9830594516677643,-0.9631983817060062,-1.1906411113002153,-0.2603857166072394,1.4849458099002713,1.3405262999673349,0.17692556627585607,0.5480339385497826,0.8143625751848957,-0.5359315085049019,0.8092248283743833,-0.9775260091736616,1.0323546498561824,0.37588428316463696,-0.7820748652657905,0.3376357597312557,1.4489112548193892,0.6764071924234424,1.7091364238942042,-0.7971290964450584,0.5364166160341329,0.6301292643495339,0.9304027651727887,0.24230126485367634,1.0714136701823418,-1.1913044298047006,0.2994185403092028,-0.11808126673151778,-0.23482753070209605,0.6996825942376103,0.6099101253103874,-0.8088008434816024,-0.08245867997731685,0.7366560896122597,0.09901699608981451,-0.5291281430093562,-1.0950755038665725,-0.6877629848694217,0.2551252638012281,0.32123598320963437,1.2024060065727034,-1.121122986376615,1.527123074149767,-0.6772343380281236,1.08985720911604,-0.9165193388616194,1.2966547282070047,0.8737989759314769,-0.5528041729718322,0.15638069474441021,-0.17137509516062938,1.9278514321565505,-0.6882666241631336,-1.312232262301235,0.22125451882525346,-0.10274150907340157,-0.24489554502470876,-1.0132659185657724,1.4704625793922743,0.4475459673415266,-0.8920598261757638,0.22075554140165973,-0.0785101225794583,-0.6680891726487641,0.11897236307346665,0.6494929843708646,0.9690251900479111,0.7682480744635685,-0.03061527549862093,0.30292761232372617,0.04682187683473806,0.35499518191290863,-0.6649131226686469,0.3812821810096014,0.12826490821869135,0.33785736773522246,-0.176771496446662,0.3730353934386245,0.2247149501193252,0.7950150202363154,-0.04484792933071537,0.14562375035812236,0.3045005373151625,-0.3459467321783785,-1.33514532713878,0.21273898194830274,-0.5610418598513193,1.0427491087179959,1.3916271743643156,-0.25924370242550676,-0.2922783462613444,0.8344727014013812,-1.0982943596534025,-0.2996277580759986,-0.5748023059039908,1.6706032599095024,-0.29200669622176284,-0.9430585130646063,0.6973253921627874,0.8636183207351449,1.582812967090529,-0.0886201031234402,0.09595268340188887,1.5783340613128771,-0.22080614456034295,0.28895079455374645,0.07426152263446975,-1.1453710753240518,0.41255936272089916,-0.10109175227898648,-1.266601786413131,-0.10923417724878538,0.5445457309012073,-0.8919404944534363
1.4588235294117646,-0.6224070385139548,-0.7692357680888757,0.5156262295884804,0.3623773255977425,0.8926302822421505,-0.5603354535212026,0.3674730910267384,-0.06891183896560736,-0.19210803746432248,1.2999523654284129,-0.46018138453999785,-1.3328468718087385,1.6792921499081712,-0.29557636728694026,-1.267954161494204,0.1425480952242337,1.0864966684011121,0.5492750107591863,0.914836363920231,0.03705262852647202,-0.7482527576297925,-0.2662481909469742,-0.36489410055318644,0.11852582634032582,0.3674369454559771,-0.6420906575169275,-1.028912177416453,0.3473705091817039,-1.0571871437406881,0.25030790236441325,0.7554194652891986,0.9226110839337431,-0.5940165134369467,-0.02345650488707968,0.7833903039921558,1.0434472479779964,1.3721358988892274,0.03184244198314593,0.2148275387500564,-0.9135929612143989,0.15077794243802567,-0.10668400146870136,-0.07155284354053154,-0.25002821862212704,-0.1253648173044875,-0.8072614948829905,-0.9704467038212824,-0.5671034131440872,-0.7932167471393803,-0.17179685060609182,-0.40595496583596136,-0.9680558246984127,-0.5757092577276023,-0.41269817950995935,-0.7424193797796796,-0.6880452440791731,-0.05756403046094537,0.8321977910820652,-0.4682814194728026,0.22477747569754566,-0.004364948888886689,0.5445793019528743,-0.4246866784836737,-0.25559730114279666,-0.8581376422872578,0.7543313917776303,0.4176648110367417,0.5532311735285567,0.8030664578722526,-0.027462737309337924,-0.15696372126574018,0.3188158040161812,0.3787661661883157,0.28318577429646763,-0.7258494460697947,0.23874664918784297,1.3907714176022616,-0.5335349791557682,-1.4240196771358613,0.821784170425303,-0.3492708688575946,0.5790513255502822,0.16193414650926835,-0.39117040772177897,-0.8707266042027629,-1.2098023126812363,-0.5861355389851447,1.3133192234944162,-0.8462034373398145,-0.4911394269726896,-1.36742577823916,0.12742821173330024,0.8761089736791988,-0.35384343291867587,-0.5341717101498678,0.19555190011760765,0.16625766818683377,0.24842001074313216,1.1513706252064715,-0.36258005609054883,-1.207184774598113,-0.8782519132221899,0.027270512170577008,-0.03419395645612058,0.816374364483518,0.12741864956886448,-0.5118397092897251,-1.7726988051736845,1.708113642093754,0.05070529548232172,0.4371288850428102,-0.9297897514013879,3.2039778927871896,0.30060761206869374,1.3231885240694357,-1.3886972545846223,0.47525508921687626,0.457446120835644,-0.008630542709515018,0.2817374604023551,0.7347223019590954,0.9652418548864674,1.1075004755337072,-0.06044559263822815,1.7625737683550013,0.5238254758733522,-0.5975734765039152,0.022145537881241663,0.18140113961312726,-1.1766817092414532,0.6252823564754193,-1.998786939342633,-0.40595513056184934,-0.660594226899585,1.0935917371789752,0.22943108121809236,-0.33742788405968677,0.4648469628618161,1.5675585194377752,-0.22043694482442636,0.22562974225502824,-0.863516223417529,-0.3957180217113877,0.012136995017824307,-1.5132730027595325,0.3244599849469975,-0.027056904422224436,-0.18649248337191812,-0.8496568647211857,-0.2367214985515289,0.163326130395538,0.772126161555485,0.8432776161611485,0.3078427635741916,-0.49569279392022025,-0.5099155642982172,1.0437072400264626,0.677618285878863,0.2575497026694184,0.9568738069176577
1.4823529411764707,0.8029204953782405,-0.5452533682775947,-1.0005125528031695,0.10435910152259824,0.4187775829968843,0.8813656774627757,0.907335536958478,-1.4595485578767449,0.5404928585659122,-0.4954548920752925,0.31032005374203986,0.31090440773554967,-0.9941578120083077,0.057377711711675695,2.08464925916074,-1.1748205649396846,1.5796076013625155,0.49919827664268757,-0.3640403736076332,-0.9646011775663248,-0.13384061158105906,0.7271639181280308,0.7923638471514818,0.6466813946968396,0.37574293638531314,0.09558975342258728,0.35478914156187097,-1.1359440492585027,-2.2518071760523535,0.6932942979804282,0.32989119932429656,0.801219329661706,-0.7319892410775924,-0.40187044336281186,0.0926797039285231,0.2321215736666044,-0.8392136703923633,0.9526140924131444,-0.7761645928237939,0.6294644060857745,1.435377013871553,1.0599268294774846,-0.13512844736361096,0.5038457198724647,-0.5722561293096154,0.44342979233111257,0.24908389465817277,0.16970024749888818,-0.20017738332280305,0.5197571263615264,-0.5985249374548787,-1.2151310777303805,-2.042383836159698,0.24814904116822564,0.7226913396068393,-0.13561364942319587,0.3036237894883728,-1.5950930509642118,0.7945471539602709,0.5217585125778369,-0.01717087577579356,-1.6689647419784093,0.13029557531267486,0.8876322912398994,-0.26294735699872157,-0.355172746078646,0.8795214128981856,-1.027344067716062,0.21871512975121984,-0.7337933673195819,-0.38313295387496327,0.3470745937146671,-1.032193889953411,-0.28847639794685437,1.6466867142399324,-0.2072676317640416,-1.0294455256172383,-0.14306562560300812,0.23232812016217638,-0.8267633420109581,0.02956178597597511,-0.5113187818030227,-0.6876597549247163,0.1980450769305952,-1.0959210048368626,-0.32094234908942276,-0.12152960033832032,-1.0230128740498339,-0.7167621728196695,-0.6745955246260422,-0.6034478846183261,-1.1007697593007686,-0.540516203419369,0.4920976734031648,-0.7322782265507186,-0.4562588456462734,0.2925799372978349,-0.31968456626992153,-1.3969448675135956,0.13968647827211378,0.7094123723533045,-0.4089950310718741,1.5173240351321824,0.8740395648438622,1.01228527453573,1.0997871830653267,0.1953937232718732,1.4022657117089454,0.16167609748117964,-0.4395268231921551,-0.5024071773221489,0.4701900028454452,1.2693929951256286,-0.10869882441754858,-0.23566228925584778,0.10773869525244435,-0.7419086369584974,0.25911070530354974,-1.1687092734449311,-0.5739065445013344,0.7478175503252822,-0.03157922507951382,-0.22695411236158605,-1.6675677755194696,-0.10218307843337499,-0.3600559937292793,1.0826879645287912,1.9771181461882261,-0.7550437747060027,-1.8165653741074328,0.6284430901609814,-0.5565556385121251,0.13792265981846089,-0.7731456622067262,0.35392331834874613,0.027713682472622174,-1.008496608140614,-1.0591570574759466,1.2103786602497144,0.25793519297875916,0.7022524235351952,0.9871517382728594,0.22626675377921718,0.7130150103868277,-1.1246155371485898,0.636269259766454,-1.0234468461993467,-0.9657598200916327,-0.25215016643438015,0.488748414377112,-0.28269694148477464,-0.17962609155161005,-1.2864074709709565,0.732294252633423,-0.4999050415321807,-0.9713061640440588,0.5214124145114245,-2.127817147718689,-0.27986613986552134,0.4490879379797623
1.5058823529411764,0.8258278593775302,1.078938403345592,1.4330259291649585,-0.5198437378048147,0.6473737644597086,0.34909141501396546,0.7708171191574322,0.21001558416263091,0.0360959517501137,0.24252555216431668,-0.4535806560151058,0.8974771266462653,0.2425903342281646,-0.7466712409768268,-2.0122969252394176,0.09767289394205715,-0.27420839736725533,0.3427960439848332,-0.21732324317237356,0.1257366360060315,-0.12133799067642358,0.9424031353782992,1.0332723846138738,-0.15388520662389618,0.9963037982666959,-0.976822749058205,1.1055957420156963,1.4465489430787806,1.008513524199324,-0.6657147416438344,-0.4285524627962435,-0.11770732319460064,0.6139469275920831,1.0090520950805113,-1.0178036154117038,-0.3987887649794219,-0.30841347417808834,1.5108944734448941,0.8811222014176827,0.34234972280162645,-0.46496571200475756,1.5364428938210946,-0.04601803766286791,-0.11666594929948505,1.3985030578874718,0.38927130391580994,-0.5999637299509099,-0.04541948694771391,-0.38962642140700204,0.42973193034497686,0.0033172344005544824,0.10330071847334647,-0.5146836700754523,0.2139827140360455,0.7868113811614248,-0.6775670003694367,-1.4312699717304007,0.7974229593667244,-0.036567469629968104,-0.7682962820971388,-1.0957505039306183,-0.42013952270098437,-0.5651352304411092,0.4245582155364286,0.6328807162745844,-0.6820214207075215,-0.6867505709749089,-0.5790113830419512,1.5339174408910952,0.34017730830384707,-1.6050514960450424,1.4358357468386855,-0.26298165129123696,-0.19818091711898153,0.39613094071628846,0.5583506824390347,0.02797965657603969,0.45656542288615193,0.38726662478386764,-0.944590192421156,-0.20484612102864763,-0.8505846028820907,0.1771169750711205,-0.045448452815038856,-0.724648404986855,-0.9299756786821541,-0.7081076683533954,0.4415011307199815,0.3274451623839536,0.5422718596189533,0.9917547257869278,0.2726693834714977,-0.37585044613717633,-0.6865050148450355,-0.42413551725888554,0.8540547370145538,0.7837235882470185,-0.20981323184750283,0.6695519029960084,0.2889909520876629,-0.7865750496072182,-1.6975225345613387,-0.5791007985495624,0.2590591064357768,1.6976593007606517,-0.9777217939212282,-1.18210059777539,0.24468059377819826,-0.09767890378635798,0.10226906963779905,1.4287985733912536,0.963807996022384,0.356554392017222,-0.4023469351855843,-0.1445625079077701,-1.0995526588212803,-0.1764649836879583,0.3351687445268946,0.6833739206168845,-0.5038677529515717,0.44401900055363697,1.5052352855819375,0.7076910394996535,-0.33887470049937685,-0.27195523089504803,-1.9011083185826223,-0.5605507696793813,-0.8298236605904659,0.8339777887705749,0.31652214546328944,0.09545902639165656,-0.8497226982098619,1.593937326379141,0.4817521263902787,-0.21645865751743348,-0.3081237293450165,0.2808264590591808,0.6335690925860752,-0.196745085337015,-1.0973699726719321,-0.560028291654142,-0.653137855010331,0.18459682851064346,0.8963142106172719,-0.5223507269865165,0.23746586406886644,-0.49040186590434914,-0.2690231036013364,1.03704689987647,0.23338199264751758,0.2242427320373948,0.7711548696636458,-1.8951650933496142,-0.2432069162494905,-0.9898810230876062,-0.11681475859813853,0.4378483926526156,-0.006345440617528794,-0.49231154430589125,1.1679775003549038
1.5294117647058822,0.6091916034790423,-1.6762040628985084,-0.5539762383517295,0.518179665531606,0.2222112897818595,-1.4292911416421155,-0.35649134606442856,1.5532386621785377,0.9091376625725053,-1.1013886441433356,1.4848899468586634,2.0598694647688425,-1.6513408776044063,1.4308202555923701,1.0906669759195684,-1.642558815967175,-0.43952093681762694,-1.5711806138886948,1.675781038468929,-0.14208851937880737,-0.19090474029360824,0.9507097762817026,0.22628991120665007,0.3089022691831525,-0.10925326706413004,-0.3054272012241289,-0.20984549479462844,-0.23414161720490137,-2.375443242955564,-0.20104409985068128,-0.23366760856612284,0.7053395439158554,0.13949618015953663,-0.4611334863631275,0.7627279289521449,-0.3134137320692539,-0.30330283877573944,0.5116012503903021,-0.7594359693484826,-0.4251038854204222,0.1277198868973082,-0.5718594058563579,0.4834186834831949,-0.42726315534230563,0.07397741183060477,0.27716124188163704,-0.2910389917963792,0.06026568612642911,0.3596785265667352,-0.019787127836531717,1.5019003866754468,-0.7621743146551013,0.7385209432587972,0.556705129908413,1.2299370669854135,0.2405575703811563,0.02838540667506492,1.4159778435299095,1.290108314602361,1.1066656373938732,1.1874661435482008,1.253149195862926,0.6403303536260293,-0.751636449930758,0.10844115660517582,-0.06630493134500397,1.5190085128731134,1.6387048795903167,0.8717866395729942,-0.11000272798304221,0.7457631610359226,0.00668044505421032,1.0114341615276086,1.3710526123658815,0.3021231933827319,-0.7782118490656663,-1.0538404328777013,0.49351611302370396,-0.1052132315001497,-1.0253937497089352,-1.1376526575384915,0.1544932521027349,1.300713104550046,-0.45744476872307616,-0.8502342375533825,-0.14175366214427834,-0.18836054019260368,-0.528576563477518,-1.6123712270297728,0.4292129000028306,0.9456284846506557,-1.4130903941101047,0.049400391805023564,-0.7597307981869522,1.983462072098555,0.16550280330991313,-0.7515253198369255,-0.3375007034394962,0.6886534237067851,-1.1524833279187718,-0.4058383994892588,0.16492699092190202,-0.24938565022344186,0.8162203164368925,0.7377188635043855,-1.0513760773549967,-0.008933569305079011,0.6580865106478557,-0.2277494877256915,0.43438531953752396,-0.8500459424781031,0.33837538382585614,0.24508456871570172,-0.4454306939910594,0.45654246401081644,0.41831995290150353,0.04725104563515711,0.1382331082238614,0.4743749031380855,-0.6038342591272359,-0.06517746869335711,0.7946687859040819,-0.4095614261440676,-0.10964310920642628,-0.693540124437473,0.4284545972335654,1.744703671992117,0.6636590472426563,0.5605663700236071,-1.485236173026339,-1.5671630144741922,-1.4279775893155924,0.813070148126256,-0.25391219355206146,-0.0961804115279229,-2.057519930551738,-0.8056075964942551,-1.2236391033682956,-0.42061115385270753,1.3597696683494753,1.0351901781805577,0.5209115221239798,-0.34220131291356637,1.8499315542312653,-2.193754193695774,1.0969080586477415,1.88400997889226,-2.0994102676830058,1.6258790658290632,0.728296835515399,0.5305624258558801,-0.8025523696203593,0.2820261139959455,-0.03513937840607095,0.7483512275623994,0.31689109162109597,-0.40178474855520535,-0.3852190009083651,0.4527328748150364,0.5880914685703856
1.5529411764705883,0.0027304784625422837,-0.3151481909489736,0.2267839400611871,-0.6943748446265461,-0.562769453047681,-0.6966742063737724,0.3469818377654037,0.9116917621674079,0.4250877270224362,1.2878193127468227,0.7432124021501951,0.6768756868757266,0.7338236043621216,-0.27150247189418886,-0.3491758213847721,1.4882867678064713,-0.03717083897894869,-1.6046680892185325,1.3931630513850666,0.03380323742948946,-0.08969225362330313,1.2269477956282202,0.022491360287280472,-0.44182144067371726,-0.14006139468058879,0.7791931516837329,0.677090789947379,0.4242655882437981,1.1108533778180452,-0.7339670657362389,-0.38624001520413653,0.008422178260054257,0.1657268673212256,-0.09401822382911061,-1.1606331766181914,0.7895183329461601,0.3915921732254233,-0.006619736916463289,0.10653417312250793,-0.33977028426540157,1.5162775113724372,-0.449714175811539,0.3396239470863503,0.5043254286613613,-0.37649350433305295,0.2699917473007801,1.6450304918314615,-0.2048639699561241,-1.1480730449849303,0.44191263552182,0.7638386192599997,-0.3656038699388704,1.9619771887196717,0.4672071833482564,-1.3470047561722376,0.11073260500853012,-0.9451753237028305,-0.1729397070898646,0.8867924921504761,-0.4932106530241684,1.3984969162348304,-1.7058786591210573,0.46017247691204016,0.4415714753255808,-1.6411694467533697,-1.3919390519278054,0.18923500210535127,-0.41296931324664926,-0.21018086145790865,-0.4886244756646576,-0.374415554719743,0.8705791166704971,-0.3831451894763598,0.4399764413747089,0.49362158025555164,0.7921285152307208,-1.2954952267662085,-0.48166166952656636,0.4956266563891989,-0.2359687125141607,0.948840157296081,-0.2283908804401738,-0.8693922754337161,1.2472767782090501,1.0870001926496098,-0.7911590327633999,1.0160841658332134,-1.0405487899482655,-1.13508360425943,1.9942793990822731,0.6012480055423441,1.805483885805098,-1.0039551918440808,0.310703991866552,-0.10221947536455826,1.0575720498894776,-0.6446691500459824,-0.7689332039195397,-0.21439299689822902,-1.0809271314057385,1.2368794117826913,0.6690777280584067,1.3847098436866387,-0.25911952018706275,1.013124602280645,0.8373910741234396,0.11632466956227451,-0.2754492391534354,0.3875212484000736,0.5917681839902226,-1.3783228706545951,-0.8709340330544583,0.747867584635742,0.9019527523367389,0.06595714665025426,-0.18222527091186244,0.17641329606867037,-0.10070428858494657,0.7257020253382259,1.3140843212335578,-0.26844319361143243,-2.144018543724185,0.773850883748325,-0.5629198893851576,0.6394045947476746,-0.5412597984370608,-0.09915211501257351,-1.601546705432991,1.7699275722649201,0.6923523972473421,0.6549944546333034,2.5880037087965575,0.35765306911947214,0.404238892489945,1.3753796525820716,-0.2156481661973209,-0.2629887476127692,-0.761781903086637,-0.08594295917805768,-0.08433501354432175,0.567999687522168,-0.08942202763029992,1.046737004084115,0.2056994260052706,0.22704318911654725,-0.9014266829240418,-0.0640638486162064,0.23107255014037803,1.5640547564191436,0.5071025646198559,0.09968282865550346,0.13208044602197797,0.9575804484912493,-0.1472935339554524,0.2197690150117266,1.5818173053608862,-0.5438568584941671,0.3177707541732574,0.37440480936977105,0.3521097186337662
1.576470588235294,0.47828176949174195,0.04474828641989318,0.3352048645609518,-0.7982855287687405,0.865870374970122,-1.2486115773999946,-0.6358579662739217,0.05477984457151199,0.2562419442924345,-0.7656463155678396,-0.7969663666590374,-0.09223768685238082,0.9378330814900825,0.4115088671798152,0.6318669988256949,0.8270763577366327,-0.7587301082739768,-0.22967448608680235,-1.467278613966738,0.8492026513784703,-0.7412109316108653,-0.4313564181581748,0.17745675331308333,-0.38766296148744583,0.13951067388329821,-0.6165397269504631,0.25547618603408495,-1.2503857097730884,1.3890051017939706,0.8345982602609767,0.3623181446800313,-1.512276269500356,-0.2294523098208682,-0.05469292048510912,0.9438190761320734,0.4156212280763193,0.007916650098834483,-1.0595028518518927,0.10982382105418424,1.0393785529322654,-0.048014418654902184,-1.1366624063261734,0.7128108786890472,-0.21649615373480444,0.5148430988063213,-0.05730912396624852,-0.5404504736509309,-0.05961098552703817,-0.8186779677385954,0.9633583232288252,-0.4340612397884841,0.12407237263762004,-2.3456860828920654,0.01940882271641449,-0.6382301069592407,-1.0096343357897324,0.1443160215872782,-0.435517340253908,-0.16943383228767675,-1.3380809756190948,1.598246076948723,-0.6928955784432924,-1.6448850125113827,-0.14794123028444894,0.6801186383273876,1.2571749280208497,1.3980936355628932,-1.6682637482017868,-0.5374984443099098,0.1925140023492974,-0.493655301370772,0.06254326270366287,-1.8746066701247728,0.5785215836769693,0.37603382810887004,-1.2817814236878466,-0.10453637967953339,0.19678139970759734,-0.7334970189032315,-0.9767846329602969,1.3359832697635783,-0.6338784160687498,-0.4096387992300658,0.5753088483594502,-0.3164063580027983,-0.0231264561735136,0.6007033543127953,1.3793664350785109,1.9200201532325192,0.292271816117352,0.6827768056421244,0.0546685540235847,0.5089808488748984,0.9835328053865127,0.30693174017587893,1.117402219164672,-0.21477158328645507,-0.4631196934949644,1.3215207285481576,0.9966207469788962,0.21058428405948026,0.5193236980840714,2.6842242889135415,-0.19471354731600696,0.4506681803599412,0.21259801216099125,0.32946799830464396,-1.0914693354641147,-0.5665757418467208,0.2374586560496186,-0.36715878421163356,0.24813817443363656,-0.6054269128900123,0.6482492709500336,-0.6957614923352115,-1.550296233369695,0.470005896452777,-0.46809090632014283,-0.2285085886309753,-1.4583215243310352,0.6949795872026175,-0.6941902202316884,0.7873145078851854,0.8757235208222168,-0.1863394381456777,0.8290720811892058,-1.4143524467106035,1.0884285951152812,-0.6570812284764148,-1.3388537002728722,0.924813190888779,-1.7491461630272112,-0.2419770753655768,-0.27841201217821715,0.6254537019232461,-0.30865972496397454,0.5208681112884327,-0.8186835705172633,-0.09390902037495678,-0.660454185747164,-0.9769265382577046,-1.3440715089260638,1.27964558268031,-0.5808470037885329,0.6961180294918826,-0.7131682978791534,0.6736092539552778,0.6624899805187598,-0.2953000714152803,-0.9616223407097043,-0.17790151314803496,-0.1415446728356299,-0.8889637025332543,0.6688191428626906,0.4877477053491058,-1.1339643155507377,-0.7330850913109822,0.12282357938026618,0.7018450534167201,0.6267833907085874
1.6,-1.1287098901874302,-0.7313283869071772,-0.119218852550101,-0.8327202972802659,0.16771273097098166,1.9484314963086593,-0.5544221589326992,0.0278650046281848,-0.056851706926502765,1.5627129928808727,0.6381204356584539,-1.530528612301241,1.2271077352071718,0.80590830052329,-0.10123012208448791,1.9208819634302894,-1.2293502421727984,-0.35161814897320737,-0.12198565143608472,0.6465027911757655,-0.7483082097976856,-0.29807942988850644,0.2584985603848121,-0.5498584437314921,0.22154264456028924,1.5048377325135152,0.6247685706731254,0.03556738680432022,0.3116374944899273,-0.15905929714750236,0.04312306164714491,-0.2356414917865603,-1.2550795240055812,-0.17027778114530678,-0.7600352267764867,0.2071650802037117,0.8017803921824149,1.1699402126020204,0.8909094860766398,1.6843024059114642,0.10018764241873886,-0.09550536009202731,0.2738845834984094,-1.9782152366159966,-1.0966549890953128,0.2925580936316941,-0.009487136526040692,0.43585896324082385,0.9301738531131408,-0.9196297612849292,-2.560786510680083,-0.12295921687617417,-0.17834461398874202,0.2039931605677248,-0.19608213465404728,1.175489414008394,-0.5702891676265981,-0.7764309836327704,-0.9746662719114051,0.8141015982060638,-0.9974442333906152,0.2546767195890951,1.325235153503509,-0.1196086215390095,-0.3071280313974859,1.093940134162204,-0.25940127833815185,-1.2513156538717334,0.8664867510608073,0.763285811341967,-0.7797058748511205,-2.042013078659874,0.8000710230229012,-0.9898816213850912,-0.04072843309924489,-0.7690888858935246,0.2752696119375023,-0.8894053793764247,0.2930263280671472,0.2872670155511809,0.6001974955227021,1.1026269896111587,0.158535100524229,0.15858954641395434,0.42332183986279565,-0.1723071375114503,-0.2914595203554668,2.2927971969927126,-0.8204395574180229,0.39290864454338076,-1.9277268503415579,1.3323750222686825,-2.0298712390482456,1.4821739782014796,0.18292354068908948,0.8568581804182134,0.594526393642564,-0.7860877006182807,-0.292505814160622,1.0761519502295698,-0.3311762516206096,-0.5980239151285102,-1.2184760448452454,-0.8455834476645091,-1.0289791412189155,-0.6278645878463683,1.122314666819423,0.08536076306165383,-0.4733501379715441,-0.6730274915103984,-1.0086193224389675,-0.5702068867039598,-0.16003502357979169,1.3573755563982932,-0.44219906748156956,-0.2629144751386793,0.8171700291769514,0.06773023934987181,0.37305409380483767,-0.8869883229677531,-0.3504683252520879,-0.6296378599835244,-0.09333874052793764,-0.32940141590527355,-1.3269170966688881,-1.253027635923775,0.2727317321136496,0.4875403578786876,-0.3009061429376003,-0.07860860924948483,-0.4225103675716567,0.4173930688767504,0.322081629543505,0.8674202789191168,-0.9080786181190648,1.6804855684545816,-1.0578119461538433,-0.0350634754086689,-0.6643120926065335,-1.0474212994773364,-0.7209756299930615,0.026815721188526716,-0.17466910021326013,-0.40388007845652224,0.8329419973013215,-0.18551272867130658,0.12499583170085264,1.066000750096822,-0.714137620411744,0.19646409558603437,-0.37242260078566997,-0.4012203016664859,0.9249214555144111,-1.4022091945667916,-0.2194573799321001,-0.19276018903049424,0.9808003537204076,0.41684022453113795,0.4880437398226189,-0.3325340045645001
1.6235294117647059,-0.4940941375294471,-0.13712932200375663,0.08894867491807995,1.7252831667555097,-0.3012503810180213,1.1966631392662928,-0.39973093651245467,-0.3474947516133727,0.5020340956340128,-0.5993529692698102,0.5023330985703597,0.23887935134684332,0.14978720587378544,-0.8989394564204695,-0.37400102374052563,0.15724419535425033,-1.4362504689245894,-1.3489871208078832,-0.1870758055502402,-0.6211335045544972,1.3868236013659139,0.10507679447828336,0.09223052724852562,-0.49756680610424586,-0.7502867319034711,0.5796884052826993,0.30651974612785304,-1.1344996374596956,-1.3306730931199495,-0.7663662033581026,-0.5218494192130393,1.2174108643901695,-1.817271705150509,-0.4813714798979566,0.02011149672912993,0.09256853134833523,0.6650175753288813,0.7108630964765891,1.055146093813994,0.3070940879887591,0.8371230701406552,-0.1368233778598738,-0.44722389382613065,0.5273827124738907,-0.10388726066185922,-0.24184486153305423,-0.7183934119219317,-1.09264793905265,0.7728022555618275,-0.9994284171184897,0.15998803423213237,-0.37463787749438465,-0.37784208086660837,-0.0012278788156733639,0.5371089806880701,0.8677045642514923,-1.3546977268751008,-0.2739606107041403,0.20027560038909908,0.08295599245338235,1.3057921445654175,-0.1338950737008819,-0.939219152184182,-0.5179231921889556,1.1386223319942934,-0.6230570555569804,1.4199459583736145,-0.5271505006743872,-0.5090223394882699,-0.18650564558810273,0.21880575990760706,-0.7269571755322618,0.2705347518858764,-0.24864840012838546,-0.11189065604255867,-2.1127512429913,0.3453864123518211,-0.5945140736646148,0.4295051528222115,0.036458972380426176,0.024540667686254264,1.9642524828129615,0.6053714155695096,-0.5669347683537874,0.528737266547135,-1.0109151849762563,0.14200705925370777,-0.810201678438852,-0.8468271987805945,-1.3729011836971776,-0.40238171672934564,-0.22280553338220596,0.03376655177219193,-0.15957361434691308,0.22355712072329473,-0.17318780936992342,-0.7773960386665628,0.14691016451400135,0.564993165249488,-0.5471929866126012,0.6958278194642957,-1.8450591112325763,0.7945097808837259,-0.3941560426165704,-1.092961148079761,0.07369649283416858,-1.4852521742630156,0.6605190042909956,-0.9601944711798643,-0.22296446294746766,0.2737002095368154,-0.6912402685525373,-0.4041951390591453,-1.3022962948903274,0.35730950924619137,-0.7228657226036798,0.7169066682068803,0.23587809717912533,0.7027475571269891,0.17525295370063204,0.8288809190355184,-0.5084451814979412,0.05527518602005026,1.005954632798509,-0.3684293476643507,-0.7194971357626035,0.7741331416485987,-0.2177893572502197,-0.31673817950413874,1.6181116365814088,-0.23643751058062457,0.08165977125954194,-1.378548058448414,1.2241104356638763,-0.14515069777668133,-1.379293211757168,0.24397953552214588,-0.721399268383548,1.3251944841473644,0.2996156462770387,0.7139171484328259,-0.7500014920173051,-0.12009122950108404,-0.6848697289736082,0.20833528052001843,1.0659458029439912,0.36487622719864826,-0.15604458154898837,0.04598059831193062,-0.3525768672501954,0.2604582769373043,0.0531496782799507,-1.031177280174824,0.5342610231124804,0.6063133817424962,1.7496724584780852,-0.10583433218990673,-0.6434190024717952,-0.16622230089546994,1.3025128268329877
1.6470588235294117,1.1035739021245057,-0.8276579858033961,-0.4735699546194157,1.2536567909976175,-0.8150366768226596,0.127653152046115,1.3193625698542002,0.1484879311659966,1.2346480775042856,1.4388134332964153,-0.8343454164217033,-0.8930076852445819,-0.053484111375965274,0.2915299670573724,0.46401945216638263,-0.33348446114445496,-1.9966879737058862,-0.8701275728762246,-0.4871951901662523,0.013605920593129837,-0.34056457975583593,1.3991211913877222,-1.8718749495873972,-0.893275516466664,0.3407203102914878,-0.43159029802250337,0.20336687879867502,0.4464426138917099,0.11557577984902472,-1.5915948894541743,-0.3408496459198394,-0.6701432190670542,0.2225960896107846,-0.443603030862032,1.08592719565902,0.6828959258427765,0.07850976626767552,-1.8067055589815892,-0.8544437314652725,0.38827379839214615,-0.622758843547936,0.8718866617456656,-0.7976864737455064,-0.10163263355352789,0.2136264415237144,-0.6557926776161348,-0.5054101614021844,0.3177136423473718,0.05900286828918547,-1.2913716429377415,1.8833429190685522,1.1753584056595208,-1.3159217292972725,-0.9959367146975833,-0.21018945298069328,-0.9975237859627559,0.6390052867757535,-0.916961632749041,0.8790336441992188,0.31084999933551055,-0.30478666280160244,-0.051453517788527206,1.2021947405385238,0.8371976265706419,-1.3686986606046276,0.3034472648495697,1.3038605479792904,-0.3740921519411997,0.09445088130967677,-0.5678144346602599,-0.5030477269904685,1.293954585633272,1.3822134907490817,0.7420638408564678,0.6534719425263887,1.5656033140985957,0.1537539069260706,0.5266440082553516,0.288992199579373,-1.6487053024118394,0.21820480369594322,-0.31905807199056413,-1.0795260381173186,1.811461642074408,-0.1414417489018354,0.4921632005732775,0.0870824005568615,-0.2656767449304564,0.10341327758449029,-0.5361447263226559,0.5896622744190838,-1.245328756931261,-0.9717765030396857,-0.6183686920637714,-0.9930851394204104,-1.5418454910303552,-2.127111018477613,0.06726404199115463,-0.6455515513471017,0.8763233065583816,-1.2452680131734712,-0.9453016637365692,-0.23808419252146107,1.5852963794059172,-1.0033867173731341,-1.1450584995240038,0.30597021423419785,0.41293906466795394,0.5903109168541789,-0.12386893524888609,-1.0331967025919213,0.49757447508088654,-0.49664576649526676,1.227542183980504,-0.5054225904470415,0.13480898028002306,0.08192999989867623,-0.47790707107690283,-0.6915270164732978,-0.08246985292113695,-0.25118737140321673,0.3793288725951166,-0.012115524155762362,1.4406158511790006,1.7629593014917735,-0.091740038629387,0.17331467024324998,0.2988015278777198,-0.5133701443768965,-1.4493642038213188,0.7163985547247971,1.576612918209861,-0.39179034711078975,-0.5681379578583329,0.5283923129830086,0.5043582650759114,-0.0028113337355370003,-0.4956622747466558,0.6963741573127983,0.6105847874932074,-0.11212210008034382,-1.1630027427030567,0.823552123450572,0.25036666752529224,-0.654526993741152,0.9344681512348709,-1.1020372760589643,-0.31791942931230277,-0.5483494183762785,1.193113721145005,0.27073097872850554,1.70982022003282,-0.9690806362933486,-0.44068770489704023,0.1780725398524313,1.076651984216413,-0.1451454727778962,1.1679521245525741,0.1560937147548886,-0.248771561146244
1.6705882352941177,0.49058372108845244,-0.254496812201544,0.22083737696559172,1.2301249904854188,-0.30419507397127127,0.5026660870072114,-1.2599074703096562,0.6592881394906178,-2.4386746081077333,-0.34601670184611916,0.09102356794232572,-2.136473158593365,-0.9382790153789199,-0.6317076116566098,0.2053170745836201,1.875778911996933,-0.4546248572670884,0.48260101700211105,-0.7237143072663645,-0.5918538975528735,0.029780112818350492,1.1148048502049799,0.5555735212064351,1.1216261819708555,-0.518821906925295,-0.992349996976126,0.06668486299890905,-0.005350727842092528,-0.9030819920146668,1.6688359946774238,-0.45265115362466124,-0.5549183341970556,-0.504276991582101,-0.10804970063650154,0.27523102717911646,0.3657154084598444,0.1926964822689832,0.8086718053234521,1.368091517598542,-0.26461976884263044,-0.6773802465569855,0.33452206602047535,-0.22644731258273437,0.7969108675147061,0.4925381454966262,0.7200410078952776,1.6575067997159265,1.227048752887912,-1.0632218307935717,-0.3160999561094393,1.0665719369858786,0.6727760442131854,0.40805532992803806,0.28521869727301835,-0.6465265566441069,1.8441466357953973,0.5470389553092718,0.544763302938312,-1.1960048195164887,2.0101702225070346,0.7015570951430388,1.1296445742016408,-0.04681515885866047,-0.5017777639757373,0.031529263801135056,1.094054211780983,-0.2779083214209113,0.5255602553164338,0.2552521543964141,-0.40530735223582864,-1.2268438644537203,0.2860865320472783,0.9713058184536276,2.024804267740779,1.4633865588635222,0.49865934404236845,1.492603321225233,1.331806851632548,1.0576111584410195,-1.8952491432724428,0.2573503287526086,2.7782062889090384,-0.2657471482654873,-0.5059678274840113,-1.1327944482699968,-0.6817907432420963,0.6599869477194752,1.4521575536985794,1.1660786859897183,0.22336922751134222,0.782991439881812,-2.728407221442685,-0.7203818776434082,0.14773852534869525,0.014946968549742824,-0.7935830291661436,-0.6218419411411537,0.9906094016667736,0.9245722021181051,-0.9924265143122418,0.626142733318735,-0.33746289430418186,-0.4786273920371644,-0.5870207909781956,-0.5681343466791318,0.16769657645668581,-0.6401926168989078,1.4883626465027777,0.7014109127585147,-0.17345038702822657,0.66937853337831,-1.1688312958545477,1.1248187300560244,0.7754638805580039,0.6014536050699169,-1.0327308985101706,1.2242424753235739,0.3806689355196778,-0.3729823450244656,0.5959874272522355,-1.0520569606391537,-0.3426793862483404,0.3423036660182758,-0.8169076211379573,-0.6099222719223069,0.33187245429775153,-0.6842433153290319,-0.03346846756967679,0.15579880311409577,-0.02087407277620721,0.5043175576900535,-0.18615501266331697,0.4068560389588961,-0.5651029047597352,-0.8243466240080478,1.0132989058465942,0.7843490386784093,-0.7255731301859982,-0.3916614314988226,-1.4840668006387512,1.1422005393749135,0.102144756203097,-0.33276856042924985,-1.594470634590742,-0.8689115517589802,-0.7232400352378449,-1.2937875654282855,-1.0120975928051192,0.20624662097182075,0.2818537842368489,-0.0379679604803634,-1.3154512463504067,-0.2973425560734424,0.841907681397502,-0.846795558114352,1.131785521972544,-0.03969460029828967,0.043071545132956614,-0.6110953755967268,-0.8244900089656133
1.6941176470588235,-0.9349532530771419,-0.12326326210487339,0.15143445253967946,-1.3091655642066815,0.002385015654877134,-0.901570177511043,-1.3181925068170828,0.3061347771760314,-0.11270870213483039,1.3511301040815422,0.06553875477725128,-0.42245662434989123,-0.020169099669739773,0.7716518043100515,0.12245032485601554,0.22106455880981724,-0.10132063544283966,0.13120148542525165,0.6682974127257578,1.4071289353267338,-1.1064167162872074,-0.5497790874957542,1.1134820332010154,0.2467901357854256,-0.7627882014995478,0.5424644545087298,-0.1907725517065783,1.8126593488555567,-1.652364545998706,0.6257771000815273,-0.15266722597149435,-0.6721660386071644,0.6275344076842267,-0.46320000373989956,0.23672122833944936,-1.3637278759694793,0.01535695059002766,0.8344991540298,0.25434661053520286,-0.0282842742942701,0.2693616760387049,0.12522360772310254,1.4723042399636879,-2.539569366871415,0.053403746732804014,0.6359883056629372,0.3957299857591711,-0.3092217189767125,-0.24660990426226956,-0.3535166018139523,0.08471067394313628,-0.12153979133452965,0.28282546229246963,0.9838693025837427,0.05972240630908391,-1.1038785878733597,0.3301695338949187,0.14997372473050605,-1.2154458029586537,0.9060803388499593,-0.5493990154289905,0.33334936936652504,-0.9590187853976688,0.6718065718328199,-0.44855266796056986,0.5895468905138811,-0.8232102711503507,-0.07590391572100312,-0.34103465934217486,-0.41926816066163736,0.3177444468788808,-1.7068324173883318,-1.3743363374587751,-0.6392758551054852,-1.4096997939470992,0.41516583950212627,-2.074172686361009,-0.4612949877347438,0.5242454820536937,-0.8399968802192906,-0.760654021072947,-0.6237778459098996,0.8974936784501559,0.7597102813216965,0.06141870476800256,0.3185213221985852,0.17235864802891285,-0.792546973432023,1.0503636641983967,-1.206261874557777,0.39408788595351424,0.5827739825975109,0.0325244194929866,0.4880954054717042,-0.1488492210415573,0.5087883685153166,-0.4219461607237135,-0.8301242049354473,-0.32171147526738614,2.1357310335616937,-0.9634811375298529,0.6111016349105094,2.275898767440079,0.5810973868641799,0.05910920270261903,-1.2606144779175816,0.5593654976283939,1.1466337192680205,0.3787677574060394,-1.3877839254409052,0.7710335120165778,1.434990664802681,-0.23496495805574535,-0.9538180741716236,1.0636708746252868,0.33471740686321877,-1.0561526947286206,-1.1975872597368575,-0.07801359874108331,-0.31017392417356526,-0.11129026340979514,1.08966042187377,0.3618908326204782,-0.44462231417951964,0.06121917179576408,0.2939839635429725,-0.25968362874232526,0.7441350067069283,-1.2522590355242893,-0.911611753323769,0.8038070047001568,-1.0225334156395156,-0.9454794151127672,1.5132657596377745,0.5923722903177748,-1.108538030884118,0.7030399999642178,-0.3341034928461993,-0.7615904290896758,-1.4224906780443523,0.7018484240993732,-0.11988645284098465,-0.180057420092615,0.17735527802126483,-0.2186732043940867,0.4003358199464239,-0.24283361124284145,-0.06809533298969772,-0.5291523420056031,0.5818821457013432,-0.0818973223738361,0.3006322298277501,-0.12022352634363327,1.587362826576171,0.7461633270789575,0.12838300437303854,-0.9309542661354376,0.5978575742233602,0.5960099527722688,0.07345448288465282
1.7176470588235293,0.07118881315335657,-0.4384290497853756,0.43218217987474516,-0.1090343410610229,-0.1491425216994853,-0.06669258395260737,0.3722222072965939,-0.8595264066944224,1.1658636444690382,0.7682495426158978,1.3142914018315641,0.3916729070741539,0.08284753733287178,-1.2561152108583251,-1.3441761998900652,0.9890677447929094,-1.456003705949798,-1.87341996430449,0.138899555096557,-0.3373374458266695,-0.727215773415988,0.07016057425197583,0.06021459004850646,-0.4135795531098993,0.7821460632351882,-0.6703474561424569,-1.3178054596012831,-1.2628887077307862,-2.2606118724291,1.6353822832361264,0.47560165789891923,-1.4061486038733217,0.918219848477409,-0.629278196594422,-0.31897778832629203,-1.9442100378828502,-0.3887216011860462,-0.772570344034732,-0.3026270983366452,-0.059136912592772595,-0.37065857443686256,-0.7884235688609252,0.33924730552368837,0.2911222541989462,-0.48033845143390375,0.16933233204144207,-0.5267125354175954,1.7732019282351623,0.17885777916310086,0.3402013957841698,0.0664035312680517,0.44108740894746573,1.2184922510813896,-0.4268319982708546,0.38713494684148264,-0.2951721285467094,1.201984715833424,0.9537801150890195,-1.8301566600095212,-0.4376147212941481,0.7469894147817281,-1.9505070786938175,0.9144812810160755,-1.4978973820227102,-1.6036126457194222,-0.5849606173111844,-0.3439539351732436,-1.266292209260077,-0.907751659507213,1.448169044392578,-0.7706725049185593,1.1059221683822709,-0.44509235054845947,-0.5822397282862485,-1.0509717916099803,0.304041605047654,-0.3032441715253752,1.1913588918612925,0.11222549443699852,0.00466699594468716,0.6504048796096372,0.10616348424836075,-0.27515098160427826,-1.3414458184764555,0.16809681499758714,-0.9390779873646311,1.0082229708950965,-1.8987257702037263,-1.3570259262929567,0.17510170366904004,-0.3140065220196517,-0.5614346622625069,0.14087662835595777,-0.7451270985998967,-1.4239337027219345,-0.4086786348423812,1.217545702833527,0.3530395538685151,0.10847937655567903,0.9475686494690998,-0.26351072955907245,0.975288237723187,-0.548430126686969,-0.8717742819809353,1.367753991843659,0.8168464473028019,-0.3972853944659845,-0.5254096711470261,-2.3737910953833588,-0.8404035588810913,1.3157769250753577,-0.6730522128033012,0.5794472588917633,0.8314308802268258,-0.23506820805585793,-0.7559905165702704,-0.6663700562937288,-0.6036433483548781,-0.8645380868499555,0.020467284556011076,0.9258763620379182,0.19797456106910125,0.23176356451037128,0.26267136780510597,-0.4331705892940547,0.5090060498999123,0.34700657771057153,-0.13992331510649247,-0.17239165723509192,0.8489855070291169,-1.604110265494153,0.17655054837887146,-0.5940382880027942,-2.2282401580959768,-0.3974665396843308,-0.39972144551146155,0.3485517664667246,0.18310619482686513,-0.8987344119784901,1.1535624019241562,0.436720954673207,-0.2457592153246185,-0.6068808243350937,1.226640024551774,0.08653232082028206,-0.17050666780928103,1.0685790421453436,-0.7204498149264695,0.6975253913128596,1.4535376649254874,0.2701766337160253,1.052729252327861,0.2817292269508982,0.523916233992079,-2.0304583014461564,-1.2382138557532891,-0.1034214441700217,1.361256259249515,0.9128476499370823,-0.09858082974226581
1.7411764705882353,1.0764603590695827,-0.5163464887799395,0.04772164042568672,-1.1871888631497058,1.2519773767165232,-0.17268692795588977,-1.370971805713251,-0.03260685125706746,-0.6170883177191125,1.4890854330849173,-0.05845203298353752,2.2545248809344174,-0.06786179725582536,0.9979631578104906,-0.18665037479424293,1.5226750679206518,-0.31367764574930657,-0.7522819855833895,0.37995691464565534,0.10767501326828831,-0.1788300753412543,0.0693790606573378,0.13884071579248036,0.24505426154831159,-1.0133712500061343,0.4192289207019786,1.6835149031723862,-0.1673503168366993,-0.47260480522582315,2.057247571410139,0.13061046347585872,0.7125850947763889,0.3877951005196155,-0.6169598673951927,0.03056615246287197,0.2633411595519018,0.3474199553663472,1.3294551595647282,1.4827389645097555,0.25650517014097035,0.2663610201320705,-1.9498767766272918,0.408644974009084,0.3177428716449108,0.49184789006295054,0.49014809451397207,-0.08889526511161222,1.413194167087457,-0.01800337111852543,-1.4554122444728455,0.08566105745139402,0.6863350496506224,-0.803184594538187,1.744780330226473,0.6231850763641843,0.4425902193628872,0.22449821866979186,0.6645605344943462,-1.4477570685622125,-0.6621389344529247,0.2544756053651239,1.1292772271920841,0.2661167724307677,-0.40779421640535896,-1.327356227101332,0.27959741876293037,0.7044965324745773,1.2278630391411471,-0.09264860992633063,-0.976357912940212,0.6519038294397912,-0.18697360296218757,-1.2162633225204251,-1.5508040804694372,-0.680619286823533,-0.04743617186871568,0.033874306719565754,0.7185265704280069,0.13581186289989666,0.6487488903300377,-0.30426774857906685,0.4260112285349881,1.3705864370060123,-0.6648561155004499,1.7741648032123505,-0.739104225250249,-0.7404790262223516,0.2762005264293009,0.251636907309019,0.8057736137395073,1.341988742607782,0.7002636718153331,0.046563727056386534,-0.4229190122037598,1.208379883374776,1.9765508810040773,-0.7950671265465432,-0.5029316856991515,0.8000039668899471,-0.07714421574469384,2.4215950819881837,1.3978996968536528,-0.3601777765270707,-1.221460008692537,1.2922771926599061,-0.18226060311803702,0.41990491820032505,0.7663846770134958,0.7976332631099762,0.3937882739431631,0.2588610744923871,0.1119255012464153,1.4380120567742756,-0.05649622411564568,-1.0022789662669924,-0.044426557661550174,-0.9010084951103637,0.3175684550127534,-0.6016025672400751,-0.43150599697918984,0.9116469696274643,-0.15961026978770795,-0.3128560931191759,-0.1351617306513956,-0.2466728618093258,-1.7135529632794573,1.1493545947677708,-0.48846008686908415,0.3609972537222052,-1.1399359940490805,-1.4281272342892612,0.16526175524557293,-0.5780554987518595,-0.7422385439042597,0.19933353226372916,2.228720348506517,0.7220479483117069,-0.06657401378692249,0.46425157173658405,-2.110495373772431,-1.545591734936659,0.5402863238273141,-1.073078424996432,-0.5108298357178187,0.3851806115708439,-0.8684794571392234,0.2759164590461673,0.32358652170761,-0.09177059091804515,-2.0624706761976324,-1.0088008789927116,0.10951770903639955,1.0316049609122742,-0.32312665030815146,0.7028922895436531,1.512935919690174,0.7263822444285631,-0.6898466750636517,0.7571163027831336,-0.45331509618190186
1.7647058823529411,-0.23421903044946704,1.1523840166228996,-0.36289461240831933,-0.9045664743690935,-0.4930553392208151,-0.1261425738470065,-1.1248890315285751,0.825995134717338,-0.11275721882004602,-0.948815960728739,-1.239221224119398,0.18883814560096132,-0.4629603584825018,-1.6938504999340593,0.03202500710328874,-0.15865812496145798,-0.320120178847841,-0.1255973293178594,-0.962984821671151,0.22113726832427263,-1.060567760377258,-0.7180130585739667,-0.40220695988253113,0.6813337502523908,0.48008471061770025,1.33390634483237,0.5924792135420422,-0.7015486693201161,1.748796749173965,0.7962065343769699,-0.020725409065134592,0.3880283431309687,0.5923948115824482,-0.5158467649791838,0.45839264287595793,0.1874233986732012,0.842554294615653,-0.17359972462021667,0.535161325356952,-0.022296410302383707,1.5110581092405253,0.19729356814553092,-0.6520253075127073,-0.25198622734517473,-0.39197119184429996,-1.3517941776913067,0.16423885403581268,-1.3062636644484587,-0.207483871619105,-1.24470706189424,0.1136490592271197,1.0854248367433044,0.909660327600514,-1.2987371263729928,-0.7512922582738912,0.08331204511201512,-1.255222157328515,0.2002130683202538,-0.10845700035919738,0.2172474313312501,0.9151809766001707,0.5949255210445685,-0.607876717625241,0.7225526590929275,0.2676726193677673,-2.2837225600064186,-1.3690868205862552,1.1093771225844644,2.0375585902602857,-1.1469469919104542,-0.041828160565430705,0.43402725462999103,0.42462043013181316,1.2354076757199857,0.8866004867475963,-0.5312495733730821,0.08296157681940937,-0.45826472238920357,-0.6463463240022509,0.6884112672930357,-0.7944356404488688,-0.04328860756864402,0.35228142539895846,-0.5014857090910451,-0.8475965554832232,-0.3566882892716014,0.052705149750334586,-0.6432966204569993,-1.4728506648128554,0.8392135751339861,0.08649977889809167,0.33795697324629215,1.427817782761122,-0.46533392288396797,0.16792320026499777,-0.9175092581372049,0.4285613285767576,0.6947966771933602,0.601358663237322,-1.5475526165234135,1.4034709491388997,0.4760469016436543,-0.2797703546743891,0.4816190662847068,-0.40329396756318525,-0.8489748314852942,1.6512462647382313,1.1212036118136888,0.9831396378377897,0.33404880748658294,-0.6810501369216653,1.6060991730621088,-0.16834328659814488,0.7982464405903412,-0.45614912762242493,-0.4760367665120809,-0.9277008092118683,-0.018892487064040984,0.024717055904126563,0.8851530610114413,0.7985717388800585,0.3868730537986291,0.9563912658029489,-0.2534497653241482,0.19184841358105761,0.7079021262705578,0.8884128904717867,-0.05930373856834492,0.1618226734903648,-0.26885374413452345,-1.213613821861476,1.888690212582115,0.8897308349310951,-1.0909101579820868,-0.40080037560292836,-0.09842715417165462,0.06556541850342734,-0.11563289239083664,-0.0772244827744412,-0.0536843608575839,-3.0464703129216293,-0.6115987337536152,0.6869847079657363,0.19815748097566774,-0.4716760402924226,-1.224032561611905,-1.157499223654687,-0.9910137011808449,1.6982367910218426,0.40696194960809845,0.1740232843433429,-0.21961244129190632,0.7506096472972675,2.687788305873671,0.19602194818137347,-0.9080081963326276,-0.9672478462997083,0.32905610672067914,-1.0436609639472103,-0.8400349241143094
1.788235294117647,0.1604662847344086,1.3324715899528343,0.14828783801356119,-0.6766277266978659,0.18411871989518838,0.06335107941707734,-0.12664768094632736,0.6223141487558357,1.1570385445354443,1.502436999754455,0.3096366836537057,-0.15704605068317706,-0.2556778907811573,0.7267821880280112,-0.07739641646746806,-0.6333161259078957,0.32567975556463186,0.05508723813791672,-1.3233989087180118,0.9315271567819015,-0.5761238371361223,0.4106907209311263,0.14737286481489134,-2.069997427275356,0.2988699701994253,0.4250356511852955,0.7311474608847393,-0.1318995508909094,-0.1417527847592522,0.4792620651875987,-0.4204470902847479,-0.36289838559214754,0.11852499995595621,-0.32977915078842013,0.20898643728766036,-1.2296850178048646,-0.06756461705477189,0.13427960716694554,0.9253092543533216,0.2286778462360273,0.3067149849381286,-0.2871344971067359,0.9237475867472901,-0.4940306122881078,0.3943889444327772,0.7319229319899337,0.2216167111095351,0.3989326841145807,-0.031692346844327084,-1.5022363462434056,0.09556075194061572,0.17054317850630732,-0.07562806561278695,-0.6042959742519817,-1.687478609625393,-0.7347276082329685,-0.44286986814497575,-0.5850007371980572,0.4771500619638446,-1.1912399065917973,0.3212377026904459,-0.11721957153857007,0.7802201458558844,-0.5941744911266045,0.017986092244420448,0.8823026780550417,0.048468267794508475,0.678439571185331,0.2963873144319445,1.6512701835752561,-0.6473981414953003,-0.04073950722222227,0.14348896155564883,1.6940503172702879,0.5502262692042897,-0.25435596706212976,-0.6008853524703778,0.023664343346865332,-1.2670648753329798,-0.03957863081278287,1.882091289701131,0.8899554957917689,1.6890145938001662,-0.10138603956842802,-0.4440094630844977,-0.4246099641690281,0.7882429004056862,0.03167302169497555,1.2517366457850099,-1.4524539896938513,0.4646944826822539,0.10109336000706237,0.575217593046774,1.6022126260137093,-0.40474853973223157,-1.1303896639613022,-0.2928145465728319,-0.3042489220581916,-1.1811408582543939,-1.507228532193581,0.7129246888194755,-1.5832833597939264,-1.634546207344559,-0.3006994173108994,-1.1022706676740526,0.9244271775898703,0.39855444811227897,-0.0007701426966408117,0.2567829754405117,-0.041005874910935776,1.0239941740927476,-0.4864641835102389,0.10919827436033801,0.03599230468254933,0.4332209392251398,0.042880320888095236,-0.9719644559117792,0.050416753508079774,0.8641630334062737,0.38833473642438826,1.0446394925769424,0.3010725651085577,1.0962498258872093,-0.52885800813034,-0.3241348261533636,0.8196919148940697,0.6537637309099011,-0.26619554288034913,-0.2930426357846646,-0.44129318132116924,0.6783251229305285,-0.1603818383764302,0.761593523039544,-0.6152770487647432,-0.481902748901544,-2.2041068800209507,0.6478612794152107,-0.4736026597089328,0.10633424837360449,0.10351869622139016,-0.04768280012062311,0.41271819684985656,-0.3227827597201112,1.0883864856080667,-0.8148885174478334,-0.550290329146002,-0.08480763815343556,0.07280116591877982,0.414150887857358,0.38915304512070886,-0.2041614275933763,0.7579009959805068,-1.401009662086907,0.429305881957668,-0.2874297559365389,-0.3727697950808781,-0.283475172237326,1.1871066942083173,0.027493845220625448,-0.8644773909676865
1.811764705882353,0.8287515345268384,0.6976167355092643,-0.5722424982995636,-0.46547590836615116,0.5518388204421126,0.9757767978832695,-0.7118396114508246,-0.1806302188585619,-0.8505011559638809,-0.8199495933492423,-1.0369556999371248,-0.5288315752041188,-0.8652008574061326,-0.6404592566019248,-0.26038656126463666,0.22063415682172616,-0.6334553497357973,-0.856989048841457,0.8058396422897367,-0.09789176166932816,0.9457849405486866,-0.25186856557972315,2.7965635483367435,0.8895274163791547,0.7656705373755683,0.07875563922241102,-0.4124541540005434,-0.3741752787061984,0.203798409956897,0.03321027097131462,-0.22239363356222844,1.1749287581902736,-1.2373523289887194,0.6274015921767374,0.8248044043899109,0.03372018462988,0.5468189641652511,-0.5147513292507697,1.5341160387836617,-0.13598676725522144,0.30739224485170646,-0.09034787567677012,-0.4534499610234189,1.2714288846742452,-0.8242426996612862,0.5807011557484606,0.2615719719622466,-1.0222077858926397,-0.5464666071288357,-0.37793250638718107,0.7561692149879019,-0.9431223123920907,-1.6684020701288254,-0.04661389997344614,2.108099363959911,0.10750431867219422,0.8811346161996895,0.15913397190739728,-1.4712039421848921,-0.42088072982423286,0.05717920353376192,0.03062064803963542,-0.4890329107905872,-1.8815447530506153,0.7846019147265038,0.057923687816585745,-0.5937898129258077,-2.2423519351044816,-0.7508899155375875,0.13255864691938157,-0.02676154712291366,-0.42560761942521735,0.9643855392607418,0.4551870893260795,0.6404138665089355,0.0629352935185833,-0.15902968873549156,-0.15673283920457998,0.8822776916298376,0.9228689524242167,0.21981773947322042,-0.020153387122200196,-0.7755509113270195,-0.07268363532885436,-1.4340367196417374,-1.0799731371050716,-0.32915595481255144,2.435746351945697,-0.8475668186699025,2.075782155242265,-0.44937543128066165,0.3027950482453137,0.25280584480065343,-0.36316490642997706,0.4098415642527875,0.8806663579423126,0.07245172450275306,-0.3428742908941431,-0.3055309616965557,-0.2293093213133788,0.5372661839380876,0.6370121627229556,-0.20179400530871808,0.13130522256577745,-2.1166132180645723,0.5481775838890692,1.3132901384801539,0.20791162678165434,0.1523840770423259,-0.9249434061487312,-1.3258174477238394,0.6878304052513285,-0.05016967297015898,-2.0118400541931947,0.333889357101385,-0.8382714056296846,1.2716476273987518,0.5741660731947313,0.47205256397987166,-0.379455444289608,-0.6182782182917693,-0.4553961491692314,0.8867481211633417,-0.041894324795350636,-0.05438940150643031,0.09518786903993454,-1.328715640916801,0.4480288832308529,-0.1887824396556616,0.19594133599126218,-0.23641926606273525,-0.07265802944029132,-0.6293621685835207,-0.9587186789911482,0.7556670250636746,-0.7587003005649514,-0.5640053316978446,0.14916461587552124,-1.300787997583101,-0.06994031784081549,1.8426334839686473,0.2749965540612135,-0.4273247978571482,1.7028632555971448,2.077494816576401,-1.4372265582586206,1.1660362517314,0.81195375134052,0.27144889778423187,0.8562510815531027,-0.8582468365518793,-1.2921303187387803,0.5641660588657638,0.1386575221532406,0.427688330306539,0.6545463600410196,-0.2874670626493555,0.039583566194101416,-1.3843181067635995,1.1784011044097706
1.8352941176470587,0.7964952525517287,1.0079669855964077,0.2999355455560506,0.37762734368526657,-1.6493752739551775,1.3895800728975094,0.2978746335977774,-0.26140932715657766,-0.2639383722834415,-0.6176551867559393,0.546214114881576,-0.04392851618042051,-0.18801386734634895,-0.0420409579763732,-0.1855711083021964,-0.009679448558880331,-1.048769801049052,-0.4995977936190919,-0.39522298389301663,-0.4535431345947573,-0.04251531484627382,1.8662814865598,0.7404629777532702,1.4487776850675675,1.287124935287478,-0.09400340636264493,-0.7249904529527037,0.4397423401739275,-0.04440602895996833,-0.9230165756518883,0.4760555710301007,0.22125940769397007,0.03849318023870808,-0.49823882153285604,-1.4816258409670915,-0.18330254419083158,0.5987555107575978,-0.7854162460193924,1.7677718515331975,0.7903149913133853,-0.4456097022653625,-0.5947241837044247,-0.7509150327370533,0.9006902023992479,-0.17520361678330026,-1.4767010596293075,0.47345437260331197,0.5945798257554664,-0.7954546073423838,-0.7742592294937523,-0.7738727037358446,0.7636319839453057,-0.20894425233126354,0.09072444371777072,-1.7503581279463478,-1.3028391407516027,0.6523119999757421,0.3383182476469913,-0.8622719523291624,0.7359169434215044,0.5620278364336884,-0.6528494898247142,-1.6709061596255605,0.11858004061239259,-0.054765291482044495,0.17055454844202772,0.03683557289509037,0.1308292761506875,-0.007708964880221769,-0.8126712502697593,-0.0866079011177611,0.639763786184226,0.3553842308571287,-1.9739028953453632,0.024113123691485158,-0.014369412575599923,-0.9498550577478664,-1.1176797172121942,-0.6340592505509547,-0.1874307432047888,-1.021712728588336,0.04703743585903431,0.35671707327983854,-0.9820357092469325,-0.4250456571394211,0.00817753143803848,1.1363805322227518,-0.055138202884313335,0.6763015980415625,-1.212230425546404,-0.44055657611957905,0.7999879953500821,0.08788492581087128,0.07771399603353561,-0.13781653032218835,1.7012860699154349,-1.1086690457775494,0.8858368090179545,0.6177661723626824,-0.9726315492963399,-0.12067523172985643,2.7234802507819267,-0.6909413914405149,-0.19750735247343656,0.6500332057010623,0.14662249843005742,0.4457427153873554,-1.2088711218144585,-1.2216073030211954,-1.1421116954575559,-0.5329676167319468,-0.5491116477758247,0.8326870236854601,-0.7079275142298602,1.4691257200563683,0.8854814412348668,0.47191022492493967,1.5569749197606846,1.7040114130472763,0.01698601378245942,-0.1883065285501485,0.41396425632740563,0.41005749805898534,-0.4061929718270002,-0.5333579099489453,1.5015353958123316,0.5474903066236411,-0.494061547824886,1.3195346054197612,-1.0974119327071354,1.3420438542879076,-0.34928252898948176,-0.23760890378397148,0.7381414704563355,0.9749650073127561,-0.9685413844076401,0.07542178992371588,-0.5857499252764559,-0.46809083947079555,-0.9013652688306439,-0.18039532116545562,-0.024247341167837704,-0.8284576155356195,-1.9018551873654141,-0.232644515639459,0.2627029942842775,-0.2158463873314234,0.05821071460077391,-0.9332027422000536,0.4532293160207,-0.04606039986219908,-0.6020026235687349,1.4366515016065042,0.48016168624862976,-0.4991148354530827,-0.9820362730581496,-0.9865026347570213,0.7767050745916694,0.10149289505179657,-0.6182939743038213
1.8588235294117648,1.0677353282842579,-0.572794268538986,0.4917022198990172,0.5643514631549724,-0.20263751117433676,0.4668342862245255,-0.9732072088413805,-0.7770910866532602,-0.0009713843453438931,0.8366182359690747,0.8734623639462302,-0.15639159093748653,1.4171561893034108,1.0353501321602379,-1.0185618655347255,1.1823671216750924,0.10194050389423072,-1.1218286881353872,0.4104456016434169,0.05796702125055301,0.5959928608045022,1.0069550852007023,-0.6642153013322294,0.16272505100666285,0.8582879266484539,-0.688207421392926,-1.404841999468172,-1.4636415376867067,0.47740324826030756,-1.1279541796375587,-0.20331290143559275,1.1776579533653353,-0.2103986471278801,1.1075667210109872,0.7114996833959143,0.2888636833261981,0.7071664071114957,-0.7289179626634061,-0.9967877130229551,-0.855757462587467,-0.6350199911603117,0.18630281246828118,-0.37120191735539,2.5209684823203493,-0.05971106779385018,1.6366818259039901,0.5517723242808047,-0.2781410285109791,-1.6830702196319776,-0.19534732275792271,0.9934570776265307,0.3248434783119961,-1.120138551652847,1.063286644627206,-0.7600951409342822,0.24656367852966413,-0.1953444771905979,-0.6240474805791373,-1.4118713250937436,-0.3703689023859968,-0.9036741524284565,-0.6067848325727131,0.3678092002950407,-0.883995311623792,-1.4601838041738462,-1.0112700814047042,-0.9456740544348414,-0.07069393061354519,0.743369650529189,1.9999491386104151,0.9490211570662284,0.9020672390080379,-0.04051838215262332,0.7049142821286024,0.8355846601177135,0.5448073161894565,-1.2774689618100143,-0.16610048889034892,-1.336420812801992,0.015718022803595515,0.13421907661785218,-0.7529016253738275,0.4729572439110059,0.5323892379435932,-0.2948560334868178,1.67577670746855,1.1755216022938604,-1.3514488068431492,-1.3250715309502907,-1.0179299021369648,0.12595377370436903,0.7226680277223921,-0.5890316357123474,-1.5184220136439586,-0.9416429766573444,0.2856607982271862,-0.737301673685819,0.158645442940473,0.6714318315750053,-1.348424698499951,0.30103819948940014,1.8147818582676403,-0.8857728430118632,-1.6472871314816504,1.3917158994101722,-0.8373291139615622,-0.5514848597855931,-1.9867509152904876,-1.5344543132750534,0.6758804986187449,-1.690136915113479,0.21822715492301853,-0.3710114373162627,0.33725162611838017,0.2069019800530513,-0.5597985782506247,0.338007280342837,-0.5865143254276435,0.23285369203759484,0.5821990129714951,0.06537520939417776,0.893303064221038,-0.278828615496188,-0.3587031416073958,-0.14563436289508688,0.641948319909126,-0.05094127367533737,0.6335948845232684,0.4726696783118557,-0.017030886696876187,-0.04851096351153199,-0.23212603862582398,-0.6974786980524825,0.9662765224681266,1.2128732770575834,1.1449490798917636,0.04915606280667947,-0.34696256264721087,0.28201545767392194,0.3873036539007993,1.8319029223601198,-0.5249125295380879,-1.2461848899603245,0.09194515046803366,0.5451209864869503,1.2312442645733628,-0.7280054857521552,1.5343687485003572,-0.04007861312399528,-0.27799205121974635,0.9148335789046077,1.778679262422542,0.31665973467469094,1.1772267952370628,-1.16900961949471,0.7631147562038192,-0.41366542258737954,-0.36136611625610354,-0.37417924774864714,0.8212780208490202
1.8823529411764706,0.10102531037313436,-0.662951755862344,0.1164122332536642,-0.332668533255059,0.5633113075748611,0.8132769851203208,-1.8059116018271169,-0.4613214645485847,-0.6581819260531382,-1.1496060171668094,-0.10433007668759053,-0.3574411892487586,0.4261124251314537,0.7140935085171968,1.132595617947424,-1.187475738359014,-0.38767880509447206,0.8334751850730672,0.5239543536239173,-1.2991534030839615,0.13424076929664208,-1.6503559944133934,-0.6410567711810727,-1.2101322693781145,0.40125796048125467,0.6495071398775613,0.4092828752320014,-0.3945567255385007,-0.21315234588612209,-0.21300064393578,-0.5806467195214015,0.22830680429780364,-1.312441344912337,-0.15674610836659564,0.23208899170119693,0.6153265768673795,1.3704230956569479,0.05407755204373454,-0.5791315962646457,0.2644333642241663,0.9266046470762302,0.7661461279953433,-0.5739045662127157,1.5026539509671513,-0.7814543807881118,1.1286342654256216,-0.8643968613706842,-0.6299354969095659,-0.17754090213895873,0.12983810472202373,0.5536410330040487,-1.7881961382001954,0.5071147113527082,-0.21915650500483239,-0.386879505049002,-0.5349750779251287,2.009787887187326,0.7108057134087776,-0.5608653941403429,-1.641977553257778,0.9802518287575548,1.6849096649721627,0.27214170370175034,0.7496300966270909,-0.6991990512110768,-1.5114961680417576,0.28784275949746063,-0.7411972819112416,0.1851463278538603,1.4467646074750773,-0.5507582845687037,-0.49859675380028345,0.3461776665824497,-0.02250665283432921,-1.1946646282403162,1.0866019349831326,0.837766714954155,-0.17969569625523327,-0.07085678869251615,-0.34147154985493694,0.2968701326124604,0.06496580718384481,-1.5753281611543253,-0.1935074355371475,0.5811958499764224,-0.5751243152975577,0.0689057271519667,0.5675176464485248,0.485435884662754,0.8737571836335699,-1.6149569118897493,0.8844953875897806,0.6540698851766509,-0.07593550680175172,-0.7292651803557629,1.6149093869019806,-1.2211653337213295,0.1990828818627858,-0.6457058524122163,-0.4825315026482348,0.6283820021339996,0.06910400718209204,-0.2000422435312691,0.3715270199997645,0.9394383890664293,1.0591876503820696,0.5488231057582901,-0.0075092765106990955,1.4372271333901274,0.40236594069411946,-0.7350893816170464,0.7282501847884378,0.9766983004786367,1.0863268994570736,-1.0176185413181733,-1.4223963736472378,0.4796083139278261,0.9199902495078917,-0.17198836828869024,-0.17820306056556812,1.211451438216988,1.1920791193466214,-0.17579481279571274,-0.11756364380681954,-0.6995012278076723,-0.0687210923048335,-0.5310749538749766,-0.6295103825192301,-0.9049075866019249,0.18892909622361156,0.7798636381832392,-0.03268162075008042,0.43066637934717406,0.30939604088605405,-0.6495816638372476,-0.09767290792429112,1.6372511155600782,0.7724050130182603,0.1554678838721887,0.7188937982147416,-0.7023599084111058,0.47565462750228743,0.7313262020608793,-0.02894559757817863,-0.7286952866257178,0.670436615322757,0.24071360469157868,1.323502302712268,0.8979672261342275,-0.5040026657072161,-1.7638255419249462,0.6348394024005544,0.07095933604388334,-0.05165274793477856,-1.7101901797090453,-0.528092288198322,1.2522751493133595,0.5760969636798811,0.1228828811251922,0.3599015676321919
1.9058823529411764,0.7445850030505372,-1.1419359066228765,-0.09616636727217132,-1.3971724227421078,-1.2312914242310609,-1.1125258815067371,1.1120657488256407,0.6094959976598497,-0.21966779124023422,-1.2537399707164643,0.7281685314848506,-0.7999809829060283,0.3400339792030124,0.7516239822240423,0.5162938839290727,-0.04770910167424809,-1.8211749136949666,-0.640243822402187,1.074452244650253,-1.3908261860892863,-0.4469362045130582,0.5895496651194697,-0.27490242671419446,-0.48859493454832303,-0.6390900422709639,-0.09862928783070547,-0.1452821196678739,-0.6380326367972815,0.2757578069337811,0.6042415377771875,-0.30335197408399817,0.4892941747800577,1.1576438881725561,1.0903853353243942,-0.22683555922938012,1.0069754117475025,-0.7829652871978724,0.8766329359483254,-0.4626416598144388,2.1688546617817113,-0.17107566088905615,-1.2125072977650073,-0.5378482941683602,-0.7756585968528805,-0.6402403412273123,-1.1472922208300194,-0.8433334978262604,-0.5631580921519255,-0.9481653942684343,0.07298469082644499,0.18730034620439323,-0.2998223292130728,0.34672797820118795,0.33363072667036026,-0.2525961884700956,0.76282615642496,-0.660535414172567,-0.47231232492933706,-0.5674206814930325,1.763127650393359,-0.5560698065612855,0.9608351358608213,-0.22520562938665473,0.4759489770934258,-0.5463160370569793,1.0037975370577217,0.4716019708748405,-1.127468177082535,0.25192498812125436,-0.04128392538305853,0.3118561625129004,1.1948467170177481,-0.22329732857598747,-0.3595984288474394,0.40254583670892485,-0.5122219425437844,-0.226716522141408,-0.1368858541844393,1.0487998883492555,-0.8288271191011984,-0.5694058943646648,0.09805220548425118,-0.2648311172115529,0.21875507334038244,-1.5250708934085782,-0.7834210077626942,0.34700410138014465,-0.14143417914697062,-1.1376180222186145,1.8838248004971179,-1.271806219714325,-0.8852126854304216,-0.4700305483915092,-0.6135836845203793,1.0676379970100962,0.5585288105350814,-0.2758780625646038,1.147487535705012,0.7700687449204505,0.9036586704783881,0.33785876184299474,-0.18386535528204706,0.6752023966848513,1.5672506986101449,0.4698743747328409,0.384552073778723,-0.2797690054450663,-0.25009856344100606,0.07618917374886588,0.3278183488732643,-0.015055463459105316,0.12178931055862566,0.23936948696900695,-1.2296089839129145,-0.2507454742076106,0.2740566250947494,0.5121877010152375,-0.8673017650261347,0.9636155478659456,1.2421281427686957,0.43663518946801066,-0.0689915681594628,0.38397216198877243,0.1631067334447573,0.1263535769888301,0.08012944051419187,1.1644867469105211,-0.5267263646502246,-0.5434913969511378,1.626249995727221,0.623279412862068,0.13370626949166342,-0.5843253309617146,1.1924140852387843,1.2686501931697505,0.15597012252470707,-0.32717951387250555,0.030949534657331725,0.7441684212242093,0.831780760046058,0.5157925392439651,-2.0441027597335184,0.41934104854608917,-0.3023095498334429,-0.5178550130338633,-0.6199074503723389,-0.4673129703009352,0.03226446094786176,1.6407845175651141,-0.9877815434349652,1.1773044809192534,1.11130124146621,0.8435444387441589,0.47744910327473766,-0.28884531373749095,-0.28180925519264033,-0.25954445775655594,1.6401532500615508,-0.9784581377271893,-0.15066047769061752
1.9294117647058824,0.1458314260026643,0.27256123321160286,0.4145261466053225,0.5795546857947919,0.3502579109668675,0.30141318259187244,0.1287770547542462,-0.6020304224609275,-0.11429734564993854,-0.3240690094016753,-0.4674458131874114,-0.07578685890902861,-1.158868987709134,1.2364736108787313,-0.20327164620904678,-0.8988955966494149,-0.4970864530987629,-0.40116662843044787,0.14150638336796337,-0.7946976554905423,0.46204485959478103,0.64148492494994,2.5498231917226994,0.5655999615606581,0.41687874806547015,0.9358027438231316,0.8680761929964502,0.7740844647714703,0.15419708610088154,0.3768194175136763,-0.542116579734275,-0.050914575879391834,-0.2971161050209065,0.12083082997678266,-1.739698729988756,0.3875129169758116,0.287846102971362,-1.4792396620257866,-0.6465822690170371,0.44644605289806716,-0.39757427467594575,-0.23133055084711898,0.8768693052212293,-1.2147682198184275,0.05194848780025566,-0.46570392601470334,-1.947004772336336,-0.054242021335732395,0.5675252336102544,1.3059027110472714,-0.013083070248068087,-0.5706031459338583,-0.24633038932087967,-1.0292543964889076,0.043435431320962024,1.1468818191313297,-0.6945304035537175,-0.06776703572446695,1.1104982036084887,-0.09855536237351209,-0.3943929915632078,1.5044085923041255,-0.06015429219917028,-0.3555023641738076,0.45093076291876527,0.32923972782715893,-1.3264087897668302,0.7232460261522177,-0.04958861138895753,-0.850385759135251,0.1333641404927452,-1.1187951727700551,-0.18571299068546493,-2.0639043575409604,0.06549439549239311,0.6110132111865381,0.8128965806794702,-0.5898057076449831,0.3688537973060182,0.08618885700575857,0.7053632840270364,-0.2340338138571211,0.9506414392279022,1.681621903058421,0.17206515349648482,-0.10266338780070347,-0.3488237704513965,0.9266479668878909,0.9023491779344335,-1.7317947066645234,-0.7889115503011759,0.7239889103189286,-0.3653301294672967,-0.3437454537965751,0.2547347417036834,-0.038863303982388527,-0.48485626377881785,-0.4145140505534622,-0.44301623330238654,0.33486704186945737,-0.6656313542045142,0.43843945451054434,-0.47596402487754536,0.2015088796674574,-0.39313921197958235,0.014473584403023654,0.21667558496469097,0.6254390124066278,0.2460513935030467,-1.1320207176423926,-0.6508561009662603,1.4605002496962327,0.058472753499661724,0.7980640631574868,-0.355063622872273,-0.2684302133723035,-0.9474816803150725,-0.033984139833891244,-1.1754525729836443,0.18299145518302548,-0.5145090675563547,0.49597660540732774,-0.8365569797867706,0.1273705513691658,0.9512759826272766,0.32607451486977457,0.4101305727213545,-0.799746372964791,0.7973758948102778,1.4830842971212803,-0.22478114890881498,0.29954747999979475,0.7814488844311669,-0.22901659958239773,1.0614908156042777,0.32052298371408977,-0.7481837571962181,-0.3785901312470287,1.3371019259995676,1.0641498720993083,-0.7120021476781847,-1.016867040316005,-1.2688058495494159,0.5366814276216,0.3501269116821834,0.37006627402061804,-1.1241977669886358,-0.11671427765600703,-1.5233227531793547,2.820653692468606,1.5714995877061446,-0.05546172953889603,2.0701988114190644,0.7885976116409047,-0.03466133277004366,0.3503828835895672,1.060165482777122,-0.20361917398657023,0.4417820623602163,0.8219032927150608
1.9529411764705882,1.473668611157483,-0.3154741745097288,-1.3622769331633404,1.1861852332770773,-2.221488659126774,1.0213993766257594,-0.19836431828635626,-0.45202585326605477,1.5306247247535658,-0.7902577239101821,-0.22317581744914153,0.6185504088332244,0.19361327888843674,-0.11377875204617231,-0.7073781232801712,0.08259942502391564,0.7950123008093962,0.22202045408454377,-0.14944630047760318,0.22337047749448588,-0.2324769978484244,0.013355652068694473,0.6845156149982088,0.49976392879650683,-0.8207712031678539,0.9321914476625163,-0.5601601192199492,-1.20489283687326,-0.09603492044423538,-0.29031693416901894,0.008173593863885689,1.2573133209449114,0.2709632357580457,-0.07063307021555626,0.2411665462986644,0.07934758985595662,0.4287290317975299,0.0002740270914489045,-1.3140335551059585,0.35458279588335767,0.903940220392385,1.0061271900030375,0.18455760070314636,0.526003018604405,0.30536812291990234,0.7239395047988683,-1.4716940594385135,0.5944520643237324,1.0213663709452097,-0.5219641232081447,-0.17122495803596086,0.3161129269384879,-1.0794013172205383,-1.1788704819297868,-0.7858391650555463,-0.9703792036679398,-2.0564298856095684,-1.254556097697386,-0.5295088819534342,-0.03989739046936604,-0.15223718062999544,0.01522743884209429,0.2594770692057765,-0.8732126793438795,0.9037161533210505,1.277141147639052,0.10260952758096623,-0.9543146538032811,1.0505469396437992,1.0110224921838484,1.894065624755188,0.033899746204585676,0.8782200864723361,0.3596704682195047,-1.009504553435052,0.18101464118976626,-0.9163614521965844,-1.1576454288593487,-0.41395499007156655,1.0424443617334023,1.082223856145517,-0.6081023692044861,-0.011805431082412426,-0.2406329822833143,0.0008656701856474885,-0.37126885133386106,0.7950230998604313,-0.5374648875528335,0.5200175736241966,0.13042703354748328,-1.0528284706235664,1.1410741046674908,-2.2600483485692733,-0.32624659386295685,0.14702941043783074,0.5079027763161511,-0.20210493286926112,0.18568628730129363,-0.7221034467793314,-0.906914345315417,0.2498327978911407,-0.35842698723262206,-0.031232341018721674,0.9070139475436064,-0.5703068837444316,-0.5567494167955206,-1.1022211127122754,-0.6388090544575352,-0.1767670548383966,-0.8331221141557091,0.04989892378012651,0.07964226908586328,0.04459234933845438,-0.16490937272079892,0.8837658155523538,0.5308548757576406,-0.16947431941971164,0.9835032863722524,0.5186367825428373,-0.775935393339302,0.09639477295671167,0.8490584725737709,-0.9539115376027208,-0.9770094188768939,0.10763483096633504,-0.505691136982815,-1.164617048553093,-1.9284838364966888,0.3655900477170721,-0.3773315947542232,-0.2676269379156332,1.6117754168741567,-0.7541422422493199,0.47542204128642135,-0.7962768253221553,0.5807723750922131,1.9816543517775633,0.24731257755751251,1.4024378403901245,0.010372066892744024,-0.010732140697200701,1.0499443524397163,-0.044506451760342014,0.9629431149630021,-0.25281123816957685,0.2632201567151584,0.24022482506594414,0.7921525590256642,-0.6602228051556008,-0.4657983544811686,0.9867972043930808,-0.6819695489089298,0.13447774349651576,0.8540245351862389,0.9373699010000421,1.5795161840227079,-0.9933571301472537,1.455111512136744,-1.1908471444937863,-0.3550308782862732
1.9764705882352942,0.08627236960648524,0.14886103405652418,1.4765820573090875,-0.3906852891575245,0.10254419632290232,0.47267001775302914,-0.12943043239090266,-0.18427214540892453,-0.4432495215804099,-1.14449272144168,0.8489915827734047,-0.44784613557307057,0.013429086329102315,0.1449188661916052,0.06170216912388098,-0.45482313150367343,0.7140993935681144,-0.7227224976379815,-1.0823602720051204,-0.9996720911113849,-0.22653156993176968,0.9166695667958266,0.3049766255539937,-0.8456325402841026,-0.6460874560540208,1.7213214246122044,-0.38950990445784833,-0.3992663882095881,0.7426382646585097,0.10921889453063702,-1.2843580822360035,0.02037046120896948,-0.7613185516204798,2.0521675734867233,0.5538466126964724,0.8141974390475927,1.8665487110636634,0.551531422009354,0.46187959116969896,-0.716312886568971,1.420899139404912,2.5168590196781286,0.799439700906897,-0.29609220988258317,0.11800693346451191,-0.46274477310885437,0.5364502352409013,0.4322654782561592,0.31585724791615616,-0.04297968674628981,-1.03372388377524,-0.41282586229221224,1.183351932291044,-0.1987196283457221,0.019752133610909987,0.695789130841026,-0.4471108080092079,0.5287899626416271,0.2747300715436529,0.19535550802653,0.6477316229462108,0.9265618920060438,0.12714811635097975,0.14174523653272947,1.2390947890292656,-0.7701331007752374,-0.02064913158493999,-0.4234085541548129,-0.4534652859132112,-1.2843617241849863,-1.2899776724545504,-0.6068088639616206,0.12475346147908156,-0.21057765685346966,0.7090517329555391,0.6364045653419688,-0.7010653886059681,-0.8920887115710523,-0.13946120094779482,-0.9436759593255646,-0.4561350689401287,-0.2036881988240924,-0.7454193308757566,0.4570841084982998,0.6663199436803889,1.3475603818928374,-0.14536097218936003,0.7832661897344633,-0.6013373190701433,-0.010760923269094481,-0.1603610183463076,-0.41045344029064906,-1.7142115490028895,-1.480949612821062,1.180540353081145,-0.2449349882357569,0.9922926789386791,-0.3509238208238609,0.4939669550072242,-0.4179709681540047,0.09795631979852351,0.0366965434129134,1.083255330268686,-0.4164790698963489,-0.42769987891561617,0.25993024044664403,0.7101211870538807,1.9280849161200408,-1.114413690734534,-0.2079001494695607,0.0841093744266298,-0.08937558337590279,-1.4504169750064053,0.07366334734238886,-0.0791371937697333,-0.30907105501788495,-0.02190010191734634,-0.24038308003385492,-1.6216193586809204,-0.8967481926501197,-0.6646045489752525,-0.12064844641829808,0.027634435278973725,0.7310076995714364,-0.34397134572168886,0.01269292580984838,1.2138372522962675,-0.6019120158865733,-0.48898956077806655,-2.049628167526278,0.05894611109712975,0.5608736922205525,0.9568249534413321,-1.008164537540879,0.4020246911069542,1.2138841045987983,-0.2237467029199205,0.432532714741902,-0.9687278120081187,-0.4044485064362671,1.2115387029763829,-1.313226025673821,0.902459646960441,-0.10870247222972962,0.7001251346988657,0.9914695809134927,-0.19010167573333964,-0.12760272410262732,-0.6193718060041606,-0.6374609962282703,-1.1969426987580094,0.1281213060455427,0.940070794030625,-1.6484641751559306,0.9238746104102923,-0.4801816796096186,-0.05794956659708678,1.9836533711371813,1.0351743744087034,-0.6280845203809863
2.0,-0.9284353151748843,-0.6677933303176053,-0.5841316755520478,-0.997242258879292,0.6512551429265884,-0.706574948846686,-0.33826150218641865,1.022860101538174,0.9992793192331604,-0.4926629877082916,0.06976607894345146,-0.07893554369967926,-1.9961666366397874,0.42071857897432424,0.8017757971541485,-1.2713760091207444,-0.7735611558328305,0.1768235431383471,-0.11191536451837286,-0.07247247698975537,-1.1742928428030632,-1.3868544666024536,-3.3242770964000985,0.23487129837361903,-0.07731798407830967,0.846287738590508,0.2568462479462854,0.39674396683401064,0.1937999209740399,0.3056872368967964,-0.22513330625575043,0.1698227301930066,-0.0575630919811302,-1.8948011610759503,0.8289967545045743,0.8031140607035164,0.6843188385866036,0.535138433471861,-1.1027059129692993,0.5595807411617747,-0.19439774815559638,-0.04906518716260889,0.9192120738900992,-1.0072920646098977,-0.6163747759000144,0.6405245446003962,-0.9627064655747928,0.04859168007047417,-1.064982637116969,-0.7355547088301105,-0.4783056571970525,-1.0384833523594992,-0.2051739529734135,0.2446886706435744,0.1968207820101719,-0.09992947032013923,-0.30950438586970713,0.514330344825456,-0.6652258860798296,0.7893888472544761,0.4781938719163002,-0.4275330210639929,-0.22519791469458944,-0.5783933083381153,1.3552179101204285,-2.0712902163029567,-1.0906541390752924,-0.9829322890015653,-0.27252442019731865,0.4126798461018276,-0.2776506282137497,-1.1015250039091324,0.4805147597033565,0.77109346056467,0.6520433512690581,0.7520628860080949,0.1266450286081621,0.341094132579435,-0.05453650014149804,0.9234257570710392,0.526189173322995,-0.30248395023835434,-0.1653400209223392,-0.392903146221216,-0.5251653273434912,-0.4010990674878761,-0.4514252893700169,0.5578215275652478,-0.44237119230665695,-1.0981625549388643,-0.4015929622461365,1.0481860974538557,0.19701016111039898,-0.3277341267560667,-0.9002183514730396,-0.5265215906200323,0.2782690928870042,-0.007553972960011979,2.4344008841242024,-0.22628756027648586,0.7206479166681189,0.2727895431720106,0.8050650520132906,0.621699122178436,-0.37593623298110834,1.540521964320621,0.25762398008415743,0.15593530255835228,0.9530668854678699,-0.3644395110255752,-2.175525957685802,-0.18625657447392957,0.6965213001084021,0.13217250969991978,-0.7241916619823375,-0.7440107729937971,-0.5988369698782156,-1.617195045989126,0.10803029358834279,-0.17783951331910625,-0.21471366469060035,-0.056551973244681544,0.6584633375373989,0.15860780798074126,1.0635193919062353,-0.3821720446351789,-0.51485656512838,-0.8535056328174718,-0.6837653251253891,1.0838502774367902,-0.5175702218017749,0.636857115863656,-0.44285111465902904,0.2506161122133732,-0.62704728113717,0.19639561689784868,-0.05374095035443326,-0.5899342731630463,0.25934901684789036,7.557791776173495e-05,-1.143445066053393,-0.8340499830733515,0.09973628530242681,0.17050055616768892,-0.7691709344253488,-1.0171162628225772,0.31898627409547103,0.11905458014360151,0.22131964211859123,-0.42673371589905246,0.3956873759853704,0.08923376453400755,0.0540180091379786,-0.07021880145278353,-0.7717315405705321,-0.8986903727382328,-0.9312117214924662,0.9240684827793544,0.7495377757289109,-0.9407646645436677
2.023529411764706,-0.5701138853354513,0.28297787835690524,-1.0644308714321977,0.6030139404858789,-0.7965578808691964,0.7988737442842917,-0.3417189376741312,-2.4170990981019895,-1.926925643408893,-0.21444473599408134,-0.07937305740324482,-1.032604746621907,1.803168034521532,-1.0994488572965095,-0.4966424995430414,-0.5517989536622852,-0.7705967153129445,0.11294971827417141,1.0462939231675024,0.11060226734561582,0.6211627944409691,0.4388946849814209,-0.1633871810231412,0.18894308634230317,-0.9912306067363567,-1.163698256018213,-1.054233681920387,-0.23449098217701145,0.05176232916856913,0.9763890011926131,0.47283604373541144,-0.6366691603358932,0.08685665144286683,-0.16603472140417602,-1.2665581416320542,0.032896956895544144,-0.9524678888574988,0.4318263273724122,-1.7872764172965525,-1.3905106607188913,0.6704155779971658,1.0414719460627642,-1.0274066833728521,1.0979079568664036,0.07752255958217266,-1.7943578482131988,0.22761743742794877,-0.3914424106103457,-1.498284412095158,-0.23780498800762973,0.10369921455338355,-0.8802692990155105,0.6707063423861716,-0.9245333602023698,-0.01023357257348377,-0.8427538883993424,-0.6693906994727277,-0.09077883206964946,-2.284461427316362,0.4490642728438615,-0.07130929196772648,0.2561329003734686,-0.1666375196036228,1.2644358423160504,-0.9455782885735333,-0.22720795670859972,1.04876779170194,0.6127226059115268,-1.2953744358576196,0.8653120737197859,-1.085535639036035,-1.5931772400917166,0.28886320835851387,-0.2769236830712546,-0.5467158021196628,-0.19263987261073484,-0.244882672458068,-0.9754508169943749,0.30417586968650573,0.13832077889558558,0.33268695877357934,1.7434392606985503,0.15430004021788435,-1.2602652666864644,0.7257514858321175,-0.995390977672545,1.1107135029889748,0.6393952327634409,0.14283453443896393,-0.7586699688626205,-0.41023793106313766,-0.43727421173149744,-0.632845189504897,-1.416901683057041,-0.30803247536157213,-0.3132057243804811,0.703783906948438,-1.1091501659566143,-0.17582088277897134,1.1626724732620366,0.08124911418718514,-0.2227513697862107,-0.9256220138979624,-0.2322519820336954,0.02930272880361315,-1.5067697746351916,0.11549392542226625,-1.4854555264966853,1.2711259823988468,-0.8056515585111701,0.5525072665511709,-0.9208462286888741,0.46783373756911917,0.990972236017942,0.8653857142397303,-0.5244466990781217,-0.6387738024597317,-0.042589548584109155,0.1910761900169144,-0.4142376526476426,-2.4444022873148965,-0.04695604016696746,0.9662579355543233,-0.26025905571751606,-2.1216025475934916,-0.573578179022042,-0.7840817870365894,-0.02252670712467253,0.9059000777250947,0.23474642774327986,-0.1551134213532528,-0.6340870038534069,-0.7416880138666156,-0.4967838560923066,-0.5551178375024737,-1.4040279225529178,0.3922918683480696,1.081422452895581,-1.0867803378650192,0.021620270255207907,-0.16966258219949792,0.15488676066480261,1.7942392299946173,-1.3006129676032372,-1.6358355280453705,-1.9101567095932603,1.0905259950223902,0.7242058651842929,0.518475324775682,0.3111025203393992,0.8365450261631153,1.2349583336578973,-0.3375773241355654,0.654164691853735,0.5043808339282391,0.41224952852328656,-0.15967709097871186,0.017571368384887487,-0.2500707101509228,0.9458695326215734
2.0470588235294116,-0.7510369335897678,-1.133055428188523,-1.29354880384972,-0.5147674315803452,-0.34883206406081074,0.09738807539077049,-1.4147505576289099,0.7007560859096469,0.36849207970755715,-0.734423669273887,0.6729414396396155,-0.21894823928444523,-1.0219687882106647,0.46117834335605756,-1.596284657033836,-0.3142571678950034,0.9496958063577045,-0.661228658955634,-0.2581750946901247,1.7532995527150015,-0.41820300515385683,-1.4508611890900958,0.7089173933251097,-0.23806243172008287,0.32153870174690113,0.33009569109940173,-1.21953171012656,-1.5197049166775982,-0.5523940117085118,0.2537338909990784,1.2494995080168194,0.39555123868754605,-0.10149080026813903,0.17042017905767887,0.48885745754464704,-1.3832912640310355,1.5181523252440474,-0.21950044150743445,-0.5859529656221191,-1.0700211659074241,0.7605658751323422,0.8089774829726345,-1.312539992781843,-0.6285677809608952,0.6422294005002025,-0.15061209035751294,1.6988194573597641,-1.0683243164469873,-0.01971208285499687,-1.6233308621758669,0.26191523195714406,-0.5646177336528868,-0.4409418661551329,-0.5060584724801072,0.5846134369595504,-1.644980379527727,-0.2890729988348825,0.21123806112258053,-0.3075476334907578,-0.5421664589667021,-0.04177669091937594,-0.8466183875448782,-1.1646244662063698,0.06360781556401501,0.384461347639277,-0.6546939446203355,0.2793124213259933,-1.1170040790406743,1.0446218867031574,1.29401979337542,-1.0392205795468525,-0.6893762276206543,0.5345883536157695,-0.3671326286155651,-0.04090319337404927,0.2560545821114071,0.09333375189535259,-0.5383984988048511,-0.18338560387926175,0.11764354992244558,-0.447431813370886,0.3149758693966469,0.9326085066237945,1.6453954771692625,0.13406100896840573,-0.6021181323269333,-0.49151250303790855,1.2593766354028744,-0.1441967187108028,0.20495927224966498,-0.012537181563580135,0.7528878651101528,0.07128001057315142,0.885926225135821,-0.08001694409828722,0.6347234111951351,0.6068887745997682,-0.8849905066401399,-1.6154731019558475,-0.40038388431724126,-1.5471372357658768,-0.9907590241046326,-0.9118573992004393,-0.7917824330004096,1.5078776778590282,-0.8419444487479181,0.1806862909898947,-0.3381487296397443,0.014377336817273878,-1.7432679337630774,-0.43841981820325726,0.28172883252707814,-0.533974529115819,-0.8082635143005479,-0.42044151232296945,-0.46233061621488225,1.1396671889468535,-0.30654725568090313,-0.21351583740050617,-0.9166671807059072,0.6962715118772645,-0.6148455885779691,0.36830875948568065,-0.9608382729708469,0.629806461491883,-1.0244571998771992,1.5672263472043024,-0.1373454502562686,-1.5645746169622394,-0.2081494094076866,-0.8872049431098801,-0.6842095324023199,-1.382103643130188,-0.2045394519728579,0.34887099684706513,-0.4257281538901824,-0.6711822278534221,-1.0311632091010607,-0.00432220604171385,-0.14339045018350188,-0.645675454510084,0.7909193683786843,-0.49981883408367256,1.2771456017631975,0.004300301940617646,0.6151993035398003,1.4684641987182183,0.0002457274122306674,-1.2809023009477318,0.27652990525883303,-0.8707131948694172,2.061583982944121,-1.8488989701236749,0.13065297462688913,-2.0204814053321543,0.07463968702660828,0.7714848601925682,0.5735406081033231,-0.23277664655060382,-0.7668020820139725
2.0705882352941174,-0.8867583164635922,-0.06524500195073946,-0.7018953446941124,0.22396980004840722,-0.3932477786838745,-0.5939085420220924,-0.006354848383806122,-0.08080257832567517,2.014124692857326,-0.3554026452588049,-0.9078162416289512,-1.2889845155183897,0.6033873508379257,-0.2496299433290542,0.040396617513127675,-0.9580091485295599,-0.4051264305623278,-0.011211218333293416,-1.367388930026895,0.37967371724635784,-0.5407108893597528,-0.9892023716513252,0.20558421001820965,-1.5195618770316182,-1.3085585992199704,0.9477124218163855,0.3964878389711545,-1.3337036510490017,-1.5068488980057455,-2.26681206200957,-1.0708054478114128,0.7409386583993185,0.1667528460410535,0.5729054291671825,-0.7010826488557953,-1.9260938013669806,-1.1042098453260147,0.24730664555727672,-0.6987589562402645,-0.4938043887276012,-0.5948492258489984,-1.4186360793391564,-1.4264719142137157,0.7742298533731593,-0.17385953343153077,0.45207115536813164,0.24522942947084286,1.4860675548559847,-1.1901582358006606,-0.2367943215929661,-1.4563931137846062,-0.11591635108291304,-0.7728810207572947,-0.07152445935854007,0.1307438665771961,-0.37407207089192085,-0.1878748656304502,-1.764900021465077,-0.9728015197178981,-0.5472813498275899,-0.7158704755214507,0.11282784719717581,-0.6217976479767681,-0.3257942313854614,0.03449368321779017,-0.6226219811702511,-0.6378874219874173,0.10663156955789738,-0.29668398701701093,-1.5656001948269676,0.6169378771384675,-1.2210655928368903,0.43146944265449655,0.5488302678900454,-0.7596594593322112,1.0084972851925307,-0.20566888868423028,-0.5537120124062422,-0.036969854197263285,-0.07977384787566838,-0.8155702329681623,-1.244277817200543,-0.7823784093208508,0.6116722561326116,-0.6607562935322497,-1.7925335906618414,-0.27508813414786215,-0.5521036865918583,1.8368192882260859,0.4087174377962451,-0.47071448830953916,-1.2707946742808163,-0.9486360850828846,-0.012664007421448076,-2.2657851593688267,-0.5902083412864002,0.5355813292443115,0.026210040382500077,-1.0575769772287595,0.5476734874674745,0.08604357905097987,-0.5881251618896803,-0.5159133025707962,0.4288523070521311,0.20294628698152867,-0.8651520690372541,1.1206135493102325,0.5904490570171856,0.3056622929989446,-0.24428831744449922,-1.9608093329829364,-0.2680065967468861,-0.9564264955887665,0.10925331141406741,-2.302856163589222,-0.7794072561961451,-0.7560460387292831,0.34880876735627303,0.10010772774926185,-1.0032881482426677,0.17647412000302926,-0.28140678836720223,0.23963810511067013,-2.785384220854222,-1.6223072704783619,0.8084946720572193,-1.2182638535835908,0.603058505669418,-0.14014618071079366,0.21477745146460808,-1.97136055950054,-1.4322217943299316,0.2944228507564895,-1.0465746343861142,0.8288834501000861,-0.8688247577279136,-1.4601171962267003,-0.9465509483359129,-0.4455858711965666,-0.5998778265249148,1.2478196468258984,-1.7619643161786573,-0.7684929177340016,-0.19753006068226567,0.24813066383950427,-1.3732781163993208,-1.3054030286465632,0.8415642503517564,-0.4752625191877541,-0.8307229285564751,0.19900406567014045,-1.265879817597817,-2.3335725399396527,0.3201721053688386,-0.4668108027774585,-0.01888817188786246,-0.3989800609847367,-0.8000477365878806,0.3113196901918291,0.0461902782951118
2.0941176470588236,-0.35659312206399507,-0.2480496672013264,-0.30755497525639014,-1.0204250147013263,-0.7870400215505728,-0.004309816702991187,-0.7863888972748301,-0.5349599560473404,0.09639822273136078,0.1526900962779959,0.1020120579377084,-1.388177357730727,-1.3492253482043877,0.7128101715593032,-0.5927911743240656,-1.2608283375349472,1.3063859976366834,-1.4639856360257533,0.06390880303921986,0.4857010236514583,-1.2827550271597383,-1.1310058822183624,0.83833778983608,-1.0922250489087018,-0.9064057004111865,1.2376343786226334,-1.618821034014777,-1.8547865885537067,-1.8429312801210362,-1.3697450755136549,-0.9599712386393782,-0.2918721896220554,0.27357668610969377,-0.25914483166613483,-0.9313690609902745,-1.2264537893491956,0.7887103919503191,-0.5454707422895053,-0.6908505378590919,-0.013952562094576015,-0.3968927368379731,-0.36542796220967555,-1.111012640969542,-0.14877814088041136,0.5135622278367983,0.22016563113858023,0.22489772906036032,0.40058369160974705,-0.5568222350821814,-2.0341439845092415,1.9309619132785072,-1.22082964498433,-0.412840085551656,-0.9564732349664349,-0.4840107359852147,0.999179417801273,-1.156259388113368,-0.8491105041325975,-0.7941158921446356,-1.3736585528609888,-0.21759520881840566,-1.1982461197142529,1.1493395174778749,-0.8808140715738096,-1.656855462113529,0.4360802506411656,-0.5264900830425843,1.086364922756659,-0.6540863370899918,-0.6038924368256088,1.0108746011859986,-0.2893333908761,-1.2769820245193102,-0.718666075339752,-2.302911767082428,-1.2004304129955103,-1.1406000910607956,0.777176842764338,-1.2315413742195913,-1.9232917761349193,-0.15045177289528827,-0.0957615286883407,-1.3638533457105946,-0.5599582704314984,-0.034723571537124465,0.973265365251208,0.08883361504131304,-0.6685164685249031,0.7699437979597679,-1.407093570697496,-0.3638518869473418,-0.5620292080307845,0.15715295732052958,-1.7112863589087879,0.7600760253993861,-2.617402574686225,-1.0398553581896186,1.7170743697601785,0.13412207995701242,0.5951407075793445,0.7998106437725054,-0.12743577400054967,-0.031432231233970376,1.2863231140017908,-1.134171611853934,-0.4634003020088652,0.3693728692904036,1.851310281709959,-0.6809662573461168,0.5382844673745911,-0.523492850072697,0.8837248329198293,-1.153235008001745,0.8514889898975322,-0.8429597482510407,1.1736830082595502,-0.31245767983193573,-1.0920418542744827,-1.5281493939344355,-1.691599971836393,0.9249675190402229,-1.2794582354849537,0.27871228376622137,-0.87386736509496,-0.551424500623452,-1.272037117435919,1.4634756612507505,0.23109724633785167,-0.2549496673509801,-0.7211919689386199,-0.4892380290065126,-0.47521075665177503,-0.285803222612117,0.16009357870794372,0.7518036222411315,0.25722702312965784,-0.5786759071402314,-0.4731499626920068,0.1699439761035737,-0.6473281771291614,-0.09489354518689885,-1.1647394539259048,-1.1671675451731995,-0.020036528070669524,-0.6821834248732893,-0.9013279590424277,-0.9427391891890409,-0.028407764216540066,-0.3741930705064273,-0.02583652090107691,0.21128762552497837,1.1137251292487187,0.4423413014993117,0.25361639323301666,-1.1644995441941477,1.2167516706807326,-1.9064461975150866,-0.6198426894686841,0.24668309911599784,-1.0021427971728598
2.1176470588235294,-0.5421247025141026,1.01503171943339,1.865111334241355,0.04732381346805689,-0.7978108238089429,-1.9168097816213274,-1.2392113957351991,0.33118266219432824,-0.6099453888324604,-0.47001969428511736,-0.1093720990236456,0.571683425839374,0.3744586985739077,-0.11067129506731599,0.020053802640891155,-0.5172879994256587,-1.2042084858199644,1.1085371110949576,0.0135412016585445,-1.2762830807517784,1.905489609168819,0.11609376124164075,0.7746459540922952,-0.5104625764543461,0.2522063532046225,-1.2742924324630853,0.5218600791031885,-0.2506003087375654,-0.06896604177719395,0.12644539031475446,-1.4840424623323178,-0.4891529677636729,0.5277491420353688,-2.08765403645577,-1.0247674937974558,-1.145132689849548,-0.16352285658786128,-0.6851624539818084,-1.0174100124597187,-0.15545016699242126,0.0430530533676837,-1.6749606770358934,0.7496254420583879,1.2590263520861302,-0.4481008150375545,-0.7239761956426694,1.2517532270101128,0.15377965578878725,1.8617476795939123,0.7017405511836413,0.6489126480524339,-0.2101618590080631,1.3203011497918213,0.43765833599041537,-0.6413194456937589,0.7631092993658696,-0.9500822922838769,-0.4330886326436431,-0.1513284295306022,-1.6162563979117088,-0.8881303857405525,-0.18865612518867336,-1.0220868002234966,-0.36849245521043705,-1.3038987249394192,0.46234338210921033,0.48227671894209756,-0.4602715110149041,-0.8507619459659718,-0.01911218069790646,0.0525218426062424,1.536444874196322,-0.1551423926476218,-1.520575109705507,-1.0410073988771906,0.4105027257259216,0.027789106059669944,0.45154338667113814,-0.6950020684816892,-0.8163061292967498,0.6366266296086635,-0.7889437679625704,-2.5581109768548167,-0.6890282704619649,-0.08301225405274212,-2.8601491966154176,0.45957694786507464,-3.219881540998872,0.6504878124298795,-1.3228876974284456,-0.642633002070607,-0.18082702243716403,-0.6074188965480981,0.4466669270310685,-0.913003948855534,-0.7435612624672675,-1.0433019551082003,-0.7849429348090365,1.0244140112144045,0.507359440312598,0.1927942027428247,-1.57020082013713,-1.4151120307902942,-0.25102682839816026,0.28112933431384246,-0.21563066851236473,-1.5817895472058077,1.1300324081169,-0.8686530418101476,-0.7217110434491685,-0.31095504370619564,-1.1760286478301445,-0.4807962484931567,0.5140249272869541,-0.37548285436480705,-1.4295776580753043,-0.394505702447334,-0.4272698334950611,-1.1094536685367187,-0.7417930451075342,1.058646973044729,-0.9561704231094615,0.9387323180354165,0.6911107471271786,-0.2545896429352875,-1.8130936138215497,1.4689603309614165,0.4667583179323479,-1.316859628270893,0.2502995631766979,-0.8009737327178098,-1.0237178490310057,2.316034375511001,0.8127199751624917,-0.9616313690328465,0.5691149764045219,-1.576495120712093,0.3103786601311903,-0.49430283267488073,-0.5533892909508374,0.08318115594434841,-0.4706052583442141,-0.4712286597522036,-0.28751472580926374,-0.8674388247268853,-1.2965996247052753,-0.6377827448256642,-0.17361156150932133,-0.48489597968035314,-1.8008847816278404,-0.051669928267360415,-0.425158582063906,1.2456647129213474,1.2465499273594711,0.40346290024231746,0.512869105910707,0.7794794853482984,0.07495545637305548,-0.5623521817568092,0.4032586498278786
2.1411764705882352,0.6892599144069157,0.2401027918434097,0.8162687288137029,-0.6263892627097716,0.6125743916886799,0.24557462499769772,-0.5214247815699218,-0.4454336489996947,-0.5054505922238168,0.21057446207217367,-0.6437050169153746,1.121027424034641,1.3752981138053535,-0.44208479852885624,-0.8385236556318223,0.6421422154245119,-0.3716226979725868,-0.06707090773990149,-0.7580528173080088,0.2632077560384758,-0.2866627281192144,1.3901397958866812,1.389497204309319,0.8801575918233013,1.4057000733309326,0.08241491207324245,-0.9443928617790822,0.4540807093551138,-0.05376015609465262,-0.2998525541335643,-0.5652331475500842,0.6744158802453735,0.7376017378416375,1.2319410625895089,-0.05563053211898378,2.309114303446009,-0.8226347644119003,-0.3248402293743861,-0.24320093334247567,0.6618793399829339,0.8557262505904504,0.9132348749817447,-1.6000737598409314,-0.045038065108563174,-0.018880136693551264,0.20035673433421008,0.7825443376894539,1.2353896123111792,0.626777114780245,1.8976783015185055,-1.2004886436903792,0.9939583652031896,0.5833937918576457,0.3738149088888911,1.2525856385259606,0.18568751006581802,1.5291877725234064,0.3483663506611343,0.4252573791383022,-0.19273025035094837,1.1511728929530898,0.21052245651747434,-0.21835055086581517,0.2226332005481337,0.5175562524297013,-0.7793569638864697,-0.5228181221280044,0.8495305751990989,0.11842003542182536,0.25706670778241686,1.100689651896813,1.962354608263823,0.7638272445797174,0.14266306063912415,0.9077948027812943,-0.3238398034154843,-0.9832651726793349,-0.718376482689788,-0.4196531379095156,-0.5641354263292553,0.4203231044747366,-0.46466433761771725,-1.4437935551736907,-1.3951620910305955,0.1927212491270825,-1.6239392302918352,-0.3848066039341282,0.30663834097677617,-0.3029165478621854,-0.03540349177613905,-0.5317424566643629,1.734436252388172,0.34113905645116116,0.0959298021977284,-0.13611179466764972,0.3205544901105426,-0.9861376976431642,-0.4689359946023713,0.4651381218784789,-0.5114640435882316,-0.09280232647576131,1.0260687851021386,1.2682109105699224,1.0022033267380783,0.9406311193057151,0.03500803349684875,0.7647554843299467,-0.31752551329704143,-1.3486640004191777,0.4265575456828483,0.8652511342033471,-1.1773340112983839,-1.6963528287641323,-0.5462646448097246,0.44307169751600034,-0.05954788692569579,0.07073343886742656,0.6761309716011101,0.7602451678178639,0.6850027718650367,-1.1548915521668484,0.33768210197048526,0.5127786305290223,-0.6790027675926926,1.1359796740606851,-0.29132684640801093,1.3995444040372136,1.175265219729458,-0.15404215663810417,-0.5678005522121885,-0.07351529165783738,1.4724673672070125,0.06520191097764388,0.6700964927493851,-0.37805824254136894,1.4468973390424342,0.10563607509473971,0.42752712497795436,-0.29308967886595577,0.5021442815730539,-0.3596674709021714,0.1525828891235148,1.411441481789242,0.43059530774445165,1.3810243303972838,0.4966607778857556,-0.7261035636809563,-0.11048685701822714,1.0369262486940356,1.921448772107282,1.253651698572687,1.4179894694692252,1.643789155525797,1.4593569324854985,0.656898318766061,0.05735501094864959,0.13164511528358536,0.18403118429209972,0.4754014209822124,-1.0998338643718055
2.164705882352941,0.7372065651106023,-1.1863723429124207,0.5596604513273533,1.0998056022981255,-0.396691228281164,0.19094464463461658,0.6219073370061311,0.8669889994230264,0.4337022550771882,0.21400581180769707,0.7751281675486206,0.513893172247921,-0.35882692631462587,0.5536623836241761,1.418564805526262,1.973749293996368,0.09577565447020187,-0.43542970248697144,1.0204436218428128,1.3732141390361468,-0.23129692730172846,0.2796306877001329,0.4398819044113512,2.0624313974034183,0.6156277789426257,1.002676710036424,1.4353877359357003,0.9616123192857833,0.6560021566977825,0.8314097278909232,1.0741759191838487,-0.3162109327506085,1.2606923113886426,0.8407704763840219,2.689021460957663,0.4557961877359407,0.3974592383368394,-0.0027894372109087406,0.5072696883299143,1.6268638716910941,1.2287415596209483,1.7994298944674774,1.4738778901225391,1.2606746660584485,-0.021221736420527826,1.6208700340131648,0.784198533566873,1.2550106194200634,2.2550746923395115,-0.008214207360242032,1.0555533333015532,0.7225622825898137,-0.7823313322102071,2.3887071659165535,1.0342505030308913,-1.1784995412363615,1.218746670166677,0.7408656579191364,-0.5919347735537336,-0.4145446583108222,0.6229168521212575,0.7085565220695837,1.3081847737728896,1.4006329942606044,-0.2149192918334506,0.6267854678407557,0.6286657424888821,0.4270698338372366,0.49040502804620306,0.7327860038745349,-0.3872810094520388,1.3769080432020953,0.9119424416127333,2.3404783041663095,0.9412002435966428,1.6445079746147204,0.027796229067752698,-0.38726128679144856,0.25081936073480504,0.4503402345329497,0.636497777958208,1.7592469653861678,-0.9690091424271069,0.08617758347535032,1.1523642510859469,1.5926133160734763,0.4897140404573307,0.8204965978944274,1.9331558282474495,0.9768868670236815,0.023100960387287928,2.0696452390085676,1.5296418593967755,0.879366120869749,1.1042696388359212,1.3279334624786867,0.9867334007245465,1.1155815632474029,0.7855081051187855,1.5644232691241515,2.0243842913114767,1.0007182204531566,1.0340778510945925,-0.3826021538374066,2.6449445162520218,0.8323718138853029,0.11219156039791267,1.1184267863960005,-0.8164132594499144,2.8057883456908477,0.7432809426462168,1.0067163651218762,1.677608378419015,0.33332313307336453,0.4156526097272443,0.5901325323269061,-0.9868023596755776,-0.08591748547020173,1.2742587741040183,1.5497457971035697,1.1377659927965686,0.6374164084257551,1.7059590705127234,0.30460170212760296,2.5546009654055037,0.8720505056571711,1.1267331314063358,0.9626005784670444,0.8279619101162444,1.946621518137377,-0.12488431358681551,0.8767982247406299,0.3786170514064869,0.6536120168629549,0.5818724651424007,0.3970000602596862,1.123387405496696,2.3592178950758105,1.3427739805513774,0.48311330333353203,-1.5830845031425902,1.177468251578908,-0.35253708019568075,1.6840105757016146,0.6947965099971057,0.5505652713995132,0.6760153980071606,0.5539930442253138,1.0465484207554754,-0.8266597273756463,1.4645832499102243,-0.4846752032357392,-0.8633944067886447,2.4462730187294683,2.035408192340003,-0.04644242191632242,1.3844549723025814,2.610688247358528,2.2459874872823358,1.2464086115745574
2.188235294117647,1.3189041353304187,1.6526982117999083,0.987596811237196,0.01480587519867227,0.9454162949119905,0.167482891715953,1.545234390974263,0.1051817962205539,0.9416922677217615,0.7567517191935487,1.638199290909089,0.36071701106381737,0.5217900766047958,1.799423130726754,-0.04301075796439158,2.1129038954365575,0.11772730318550229,0.4890655702184074,0.9625607916854887,0.5255082940519282,0.5257657808501259,1.3094912153056026,1.5764007946507208,2.637187708198214,0.8501470782334914,2.8718172808207907,-0.28719897215768697,-0.04463276750584588,0.5438336192911921,0.17549645461594865,1.3523571352471024,0.978873747194101,-0.3951497557934841,0.8567255247262368,1.0345744385079385,1.0450487966987563,1.0950122218044962,0.9640567402641604,1.4369154384041396,1.875378931157666,0.5479733200886865,2.300563849157639,2.1762875591584616,0.23635124086477977,0.9672393864433243,0.41196900069588327,0.7673311928844653,0.6822816129893183,1.3760719773687489,-0.4878766096443651,0.468486425171907,0.714293438112692,1.1041271530943293,1.2428963517307536,-0.21925660479830145,1.2176658361372392,0.9499146067195726,1.1883673117810356,0.7722665316113717,1.7607484239130171,1.0449336668815217,0.982074315301078,0.7628524557020768,1.918489735299222,1.1627914382976727,1.831963533782797,1.3908425281926595,0.2460118081588869,0.7311287932842065,2.3117710350780536,-0.40189650060181237,0.42996705482638375,1.0183511274505208,0.9596453687126676,1.5490596522723399,1.3188862776312655,1.6629425111105336,1.1585687410185594,1.3848332925943498,0.9473450989700456,-0.297796099890809,1.4724574108610704,0.5377931196268251,0.12618043291092995,0.6249639936480549,1.101091661826643,0.30675709603661094,0.9321645652304923,0.3388645447935621,1.4254926995673856,2.3355063582568865,0.1637733823955806,-0.12172028295508108,0.8234352427743863,-0.7211289857660722,1.2548425017556355,1.3518827958583322,0.21463845682652427,0.6052072852033235,0.23178446539428776,1.900053742809186,0.19089521006383203,2.4786221016948042,1.2318597862961065,0.6388891077572547,0.5638562904724207,1.7057387701435216,1.8837280347076204,0.6887623441482855,1.4435286724088674,0.7548032373952211,2.5246253292199703,1.54871425461381,-0.5990149255296823,1.48478658526821,1.079510820487763,0.16383447730290834,0.41567599793955323,1.5858158899782295,1.54406492588719,2.8118231841144596,0.8620214904338731,0.8799192019526239,0.622952362025968,1.5369127688748718,1.0506694119642295,2.009973194293868,1.1208787879860156,1.7344534858083345,1.6266223280485053,1.9599849063754684,1.1814012818402368,0.6685464376579164,1.2817683744075876,1.5522924543697736,0.09968104405028921,1.0735455691261153,1.0458306985690942,1.4038309427725804,1.543619912888047,1.9023269800419522,0.9846083686478436,0.5140501954546454,-0.8412927175625223,0.8110789431806638,2.7705164952545314,1.1185919727584688,0.9502421209675755,1.1397298052024278,0.6477123282492706,2.2129407892444894,0.9180874573122224,2.0194429319271388,2.154389341988601,1.51819253168344,2.063747048236057,1.4115332083914036,0.1369055848383668,-0.5002469614555035,0.8638035256906386
2.211764705882353,1.2809738176749197,0.389095825233718,0.6358390807949061,0.32458609335898797,1.6879785709181627,0.49821784305878886,2.0708793977099837,1.6739683667988023,1.0385899567237726,0.26854084131199724,0.43913611122909196,-0.28756555010333795,1.518640132288132,1.93344787365392,1.4887182086518638,0.23903773029276865,2.4442231704770365,0.1599361512265437,1.3714857735611532,0.030650123231106385,1.4705796611790014,2.0878917874574974,0.6216778454968177,1.306874988062438,-0.34962086426491,1.8585715438940213,1.3481669680628738,1.4381526215082423,2.2109567088287188,1.83560059742191,0.13700717611695734,1.9385661190125734,0.21965647521798282,0.20375466693703936,0.33616109258454807,1.4104747727111688,0.06901767044710105,-0.27789145402951887,0.4639494305005357,0.4579028740043692,1.3129447245748302,0.4678002599290788,1.1196993296844098,0.8224730261301785,0.561353840691717,0.7129530937869868,1.3271902940210332,2.2647819913334635,1.111015796638599,1.0851043363849526,0.3392813354883778,1.3748932445986766,1.3035060583558407,1.1696843713499534,1.2587008304177163,-0.07422758117994765,0.04764204670485073,0.632161125595129,1.420803594384214,0.49071835620838017,0.15600177149416128,0.7567360434781296,0.6626895994333074,0.7810422772018049,0.9283159641168008,1.501977006485816,0.4085164185247262,0.6678859378842457,-0.5036251884340727,0.6334284071519587,-0.21128057706453618,1.138848282841984,-0.13193773495421224,0.9027076820643167,1.576850183288609,1.091058121266152,1.013929442175296,-1.189635538416983,0.0566656642907577,1.1844074817102426,-0.45591570190173025,-0.40482929066704576,0.62783393515017,1.2449575531162838,1.3210579420006239,1.4379538380629087,0.2276214939362936,0.9284175632894254,0.41993207721643816,0.08004731194723513,1.2748152863833884,-0.3301805576435043,1.52271195589566,0.9294642629230656,0.34338054036261206,0.4639972943495088,0.7676178786525655,1.1732591295008368,1.2953149823375623,0.8346516699944383,0.014872135395790798,0.5926766240594334,0.4599687960275667,0.9091496531658235,1.285452584823083,-1.2038145427156612,0.490112006058256,1.2160321162158785,1.0083374823092368,1.0430329365656625,1.9364577983220128,1.506513731292265,-0.02859430197342827,1.7901957907110937,1.0969149702800232,1.651847582601356,-0.8130965485468441,1.6133268889457488,1.6257873762707675,0.560092730910454,1.7642728501945748,0.20531668739788034,0.6924784391754237,0.6992598759121662,0.12858805466422252,1.3856373087992553,0.24770502786530868,1.0681388804306238,-0.3733013633565666,0.14545388636630052,0.7552819900923561,0.8226791537611452,1.8274266664905783,0.9840907431452565,1.2105347445299308,0.5173945680108003,1.0397211266109752,0.5360155159623136,0.8362294360931455,0.8582514297337674,-0.1983165394911155,1.9994344585291728,0.11108437503147606,1.34750532170177,0.5818611095093122,1.8052421471412914,0.9061398825786985,-0.8350087509067589,0.992969180682495,0.2111048493169534,1.4572089588250072,0.26980727956703976,0.4031019726575599,0.16292349958951757,1.2468146868949361,0.7154846552333856,2.2641721584202457,0.886329715922114,1.1895547222276277,-0.1572615631234202
2.235294117647059,-0.4415610100306944,1.597900593151405,0.2700963236886985,0.23790842562994646,-0.5188032323743241,0.21138039214319015,0.4830681650817862,3.030300542357681,0.7019341829557385,0.9465626319484925,-0.6388749666669762,0.5128306523310298,0.547465979953295,-0.28665340196539485,0.2402431607799442,0.2904184680486619,1.0023912562240163,-0.07529446570586107,0.3115244428598406,0.47192086702919617,0.5347807012092499,-0.11706276852137598,1.1288702417941903,0.004546286398460553,-0.930155280909966,0.39277646345068185,-0.3629496971442658,0.5296772730815681,1.190623194797093,-0.7181493990782151,-0.8825151701182288,-0.4363532766562008,1.151695603002746,0.3973654877716229,0.20704406834799519,-0.3249730084845274,0.2715317844307339,-0.8935696226702996,0.2150320718423489,-0.6987006054139668,0.40206989537486043,0.9835710948849814,0.5839146709291503,1.418838862903279,-0.24729341327271676,1.148099426815758,0.8675291538074721,-0.2010700326952421,-0.27722938000522773,0.14614552468239328,-0.3708111104511342,1.5618740227135468,1.1040398643790663,1.159033505531098,0.8825452560482754,0.7119108064643455,0.691361719842893,-0.09285948155318846,1.0015063337091248,-0.9306841356850202,0.636834262789932,1.1503153850515326,-0.4494419459381607,-0.030056427905618854,0.1241075830931325,0.41680023010137834,0.9376546345025552,1.351184762840842,1.0050856188057145,0.8453369243847006,0.7179387778210176,1.600350649828312,1.3561777369976207,-0.7912014320756438,0.017031531462123883,0.09081768734022305,0.04627495996519412,-0.18549707980371544,-1.0584159403020053,1.5897099845647094,0.10959313606307347,-0.05911325630357478,1.0733362162425477,0.10988932832828086,-1.458435096168551,0.2392175846076347,-0.4582525039744458,1.90022146263154,0.3219182067126567,0.43064049041062624,-1.209967795078659,0.6625218323077958,-0.8207841706960324,0.3078223419369675,-0.6178236027315573,-0.11009938155671117,0.9241422078354411,-0.018572569710823494,0.8193821087421491,1.7624821762217058,-0.4706971352072163,0.7144888994288227,1.19044816765453,0.06974581432702007,0.36091895632780235,1.3563514100696223,0.28765751958626445,0.6856518383757095,1.106472363399049,1.1560623912526393,0.9894660044181984,-0.815047505200043,-0.6014200570388635,0.38789925210263504,0.030189873054655203,-0.6201355330900615,1.3748509485942535,1.1552004443694344,0.6546258751410563,-0.9009023337136042,0.7856414678262611,-0.741438644613057,0.6250702676916864,0.13516424709962582,1.1487856447555655,0.3381906934055926,0.22444003090770875,-0.30762474496625486,0.6390646271624227,-0.4666018615217212,-0.6428533566560284,0.8891830610612157,0.5093141470168725,0.06956202440396889,0.8257589178939584,0.2412034558842474,-0.14056296401185941,-0.7342607608065306,0.21670566338940828,0.6917080709193986,0.14828673721045826,0.6616029121109929,0.22949069569701513,-0.14706266557999303,-0.8263576872652998,0.4506706063362952,-0.6070203141025221,1.6559174636888354,0.49060635237364886,0.548904948033277,-0.7304786191695507,0.5160618403061854,0.2922890770195793,-0.2674240399454469,-0.4231724034731957,-0.38664641987192244,-0.2714728098126267,1.0047037942006567,0.19086850415734036,-0.5352377425573489
2.2588235294117647,0.07803360007354851,-0.16868690849041884,-0.7069571852724919,-0.7976180174746021,0.7688481625693467,1.4109347376201817,-0.36395934066857905,-0.6914095701813049,-1.5039487315361517,-1.0997015079575816,-0.659700452380075,0.5641557326422594,-1.4161043076130082,-0.46432327460001865,0.6491980292038954,-0.14679421788890987,-1.5791200609188367,-1.8020540938507816,1.1291318678826248,-0.7649856439483812,-1.1710101805320052,-0.4617267285812353,0.4174658985975245,-0.3027946906618899,-1.0905292053749058,1.0257318762161276,-0.068309730711622,-0.23309354131338528,0.5126440589993442,0.5740162356885612,-0.6454601396926869,0.27156291502552055,-0.4999427101388334,-0.4476046884471512,-0.4249183028984018,0.058061801389263284,-0.43866899868226433,-0.32601709456354666,-1.3874038846068426,0.27807266586515456,-0.555533531386208,-0.2461720931469058,-0.4831936477105957,-1.0803042073389673,-1.122846954801264,0.30776900130356366,-0.12089548247195595,-0.35741008680309266,-0.37348851236915526,1.3791704650528,1.7708679238858853,-1.1190107314785156,0.06024594500045663,0.1535365762492298,-0.1482988477087615,0.7608264184757154,-0.9227525113833737,-2.0487679797947815,-0.6526018547716769,0.11288898420604251,0.018753894745326377,-0.40045391530551266,-0.8262171681835043,0.37134273598422474,0.16604835656065295,-1.3729923142616032,1.1403677464214537,0.9873525287987329,0.44910581139250794,-0.8218712422325549,-1.0870311505630665,-0.552482978392092,0.7044604716821001,0.33706615458182787,1.354840001221492,-0.04976470133198585,-0.7629299034170848,-0.08580107327584818,0.6247937882886555,-0.2658707409714311,-1.9960712524237654,-0.014173848725256288,-1.3457680935077658,0.08041579046707045,-0.02726809316328227,-0.19855815792843587,-0.04346138981807818,-0.1425228196728573,-0.2550324715112251,-0.18200568582164,-0.4555263666168732,-0.4706891396877714,-0.9113163720474073,0.15987107006203063,0.6303049650654242,-0.07309884794735533,-0.18194992386922296,0.31383407996759094,-0.9345907365727578,-1.029257010300959,-0.5862360633130692,-1.567554133632556,-0.09768374172592412,0.12409730315637471,-0.04493485153540297,-0.23281646247942375,0.23801100484107832,-0.6319034270926254,-0.5981466773020143,-0.6586302817225805,-0.4080089676150066,1.1905253502099042,0.8362178950028777,-1.6252747024371677,-0.6316742806451779,0.742302973911453,1.2031214045201821,-0.7577842635686487,0.798423624170384,0.41578433479567867,0.30752463519691464,-0.31389165604906033,0.24309482144026504,-0.37892083739419247,-1.43016929280134,-1.4898766249204676,0.2660338604092852,0.28174085203772326,-2.070907058902724,0.13167359432126538,0.7964268789485397,-1.1153062133458287,-1.5333680074885727,-1.2650994654903154,0.34676044871947465,0.4820631942062944,-0.7884417919008426,-1.6090147522847202,0.43514325259465114,0.052256550185262624,0.30307454770935216,-1.3178501036908103,0.7659488821618667,-0.3036666528143195,-0.7237432880176242,0.10687186481940716,1.3675991370183704,-1.0303199472070588,-0.5039778513712547,-1.073679792538071,-2.2023690741879034,0.45706624111713867,0.2595583329546266,0.6332779940396849,0.8530516807511616,-0.9536548471766012,-0.199351831788659,-0.5770959597823281,-1.1478129060733528,-0.904224673256246
2.2823529411764705,-1.4337732734129771,-0.25256302150188537,-0.44077535131832674,0.380954260371694,-0.08819056896519178,-1.1304881552225647,-0.33846941590581786,-1.4659053141478948,-0.5270944978283607,-1.5188494395430934,-1.2279872481694705,-0.9954303034135792,-0.07739558076690706,0.9101767463080688,-0.36434914292913756,0.20647915709468012,-0.25845697227289655,-0.6246768653255412,-0.7872841237649049,-0.3260506728738787,0.8577921971551121,1.3299114708588495,-0.8536845449651544,0.7971277727612027,-1.7913604407407835,-0.9955473989126185,-0.7461963882850672,-1.0676794861771697,0.6121158468041801,0.24996567961096483,-1.0695924008317799,-0.3973179081808203,-0.7059561528429483,-0.23274857291593742,-1.6261780503181609,0.7567689865566058,-0.2140831716233478,-1.1651730279128882,-0.12026820153078616,-0.007755859847365265,-0.4739378103546346,-0.4433106099427439,0.15785175379277006,-1.4343738041150287,-0.8150122204461359,0.7248102455395711,-0.1215385594964315,-0.5629357045838765,0.3931078773988107,-0.7372716920088583,-0.8946764681912254,-0.6686553617789117,-0.34563600257762306,-0.42745520874922516,-1.268836925047468,-1.328757780066415,0.18445679749095656,-1.5562653952077687,0.5904208717938844,0.7724258841206402,0.4916785306949263,-0.3728735367130588,-0.009278851815199496,-0.7956583599225775,-0.2315902929669382,0.32775438315894256,-1.8605893207607864,0.19267152185526493,-0.6655608713175759,-3.006618687303095,-1.8708300916697511,0.12795679208491884,-0.46372440119534264,0.060138604164599097,-1.1949416635616887,-0.06781816290767323,-1.6361051082527824,-1.4710499299761695,-0.17050658033299138,-0.9749606572921616,-0.5865978437925184,-1.4196799436582133,0.4114538602829746,-0.9870467345451776,-0.9991226084005617,-0.2679734433943396,0.49521989694917645,-0.48276857850433846,-0.37451506326492595,-0.9193257494322409,-1.2812865592164897,-1.2716876789632474,0.3724030888582739,-0.5712030985151925,-1.4565732709771975,1.2006695877480156,0.0625654076815409,-1.0752991857593832,-0.097966858130004,-0.9898703290152526,-0.943812880723931,1.0943932594828247,-0.716413202689647,-1.7704440590628403,-0.577486759637178,-0.2522116895195645,-1.1198648356829808,-1.2461277737132952,-1.4054019304811884,0.3021467322086403,1.5223864501818332,-0.7258433335119978,-0.9952860738135588,0.6920316943572553,-0.417705736024559,0.19022595056138492,-0.4949924132830327,1.1960901103783987,0.653821019886567,1.1943080184446881,-3.1998622957076295,0.20044264818220792,1.1347177451733375,-0.8601914559393012,-1.340144347889701,-0.5288829478207032,-1.0934010700300536,-1.0122566789616627,-0.6867991594099598,-1.0728132749261383,-0.3832233488893776,-0.5589498121027695,0.9288992958056739,-1.8591068559569082,-1.884257619769432,-0.7893227605826485,-1.1183463409353767,-1.3537088389628777,-0.08555002997405886,-0.8425687534812967,-0.9044875399578521,0.4911413269257342,0.3522234958394592,-0.79102051401909,-1.0711598505850715,0.3090114485376483,-1.2456688999009853,-1.1512659837165926,-0.2328498647428353,-1.228922546124404,2.158669888343476,-1.0920550268578935,-1.03865234462937,-0.7850656501794677,0.22852698281857198,0.20125046123462054,0.20749547018482395,-1.605420602625577,-0.6040240270994838,-1.0276046951088782
2.3058823529411763,-1.0667617693432485,-0.9106917727939603,-0.6292109226098919,0.035135258578721906,0.657932174922965,0.23690133890982318,-1.4665820434980525,0.29482320568183856,0.18483443621091716,-0.4498144935204516,-2.1350216029857245,-0.3619044278162672,-1.9847910701675817,-0.4574106466818595,-0.7283632781008162,-2.0702277698799594,-0.8137064612103582,-0.9019026644403625,-1.3184487939432379,0.5008622358472066,-1.5894995715551992,-0.4594212130721068,0.06804689032722555,0.11185081602841435,0.02229202051072715,0.7940082367416905,-0.14300048932295661,-1.3346609282512432,0.32328050807130954,0.06065880179468225,-0.7261116038850205,0.9352879889189809,0.6709224683961741,0.6439616178382732,-0.2931169864403697,-0.5343729593598898,-0.8141508677501799,-0.5469284732482502,-1.2322447683374005,-0.18755034376876895,-0.3857733692713801,-0.5897656997251222,-0.7217824571661523,1.0370403415117357,-0.23090898598588483,0.019170640767830538,-0.03140897729144715,-0.47893638186767884,-0.2144539978171994,-0.5134131383657985,-0.9259764631168772,0.23959646163675957,1.1343915391770492,1.2467148718971608,-0.12751297136055229,0.2867782768671769,-0.0979310130414901,-1.0360351845747426,0.02664508737656629,-0.05646334048910867,-0.47705004010074503,-1.0368748445033882,0.3175966746951157,-2.056307750006662,-0.7592920057597803,0.21596857891821347,-1.0864891824252976,-0.7649144302621842,-0.9749155017523179,-1.4141652176521553,0.7659293525659085,-0.8286946561197248,-1.0276241507729797,-0.31864209577071356,-0.6719663188483006,0.6349366916040982,-0.05425468048899551,-0.4656472418210737,-1.7050867286114582,0.09168098892402499,-1.480975578764093,-0.04725796411678229,-1.00181829499103,0.5784850176689442,-1.095261119446567,-0.9927841324044611,-0.6296035221074119,-1.7637559324934853,0.31135337117604006,-0.26461034956770924,-0.2972986568210725,0.03826131571786584,0.39965044985280823,-2.1960955345055986,1.485634701309579,0.26658178448240294,-0.168122761598228,-0.2666630503798183,-1.3514747587962386,-1.316264985072319,-0.19974508710646197,-1.5956256671470785,-2.0163621686734943,-0.17501538285592652,-0.8526509550730871,-1.0187395236322638,-0.3326458484735393,-0.71504676278354,-1.3539156084064816,-0.7955679621944103,-1.06248689984741,-0.8733897905925898,0.19595304797179675,0.09947714043519101,-1.5260797936790784,-1.5001131611853873,0.20455088615108447,-0.4682371253602988,-0.49738630058104844,0.08570871294517335,-0.9450712285367224,0.11483615439410783,-0.07414582860601965,-0.19954406398685537,-0.6221537609190672,-1.706959372618072,-1.3640990820007424,-0.7319276525159956,0.27711143146949196,-0.35106980466134524,-1.3851528595167868,-1.0869580458485668,-1.1501865345079558,-0.4601954696110266,-1.161689957527139,0.7440138930369979,0.11504311903484904,0.06954938640117714,0.5891630330869684,-1.8755956687344308,-1.1350893836927565,-1.7042619099928478,-0.7833001720397823,-1.767082644229987,-0.2538667317978933,0.046834664010419635,-0.8822890794062469,-2.659826321371569,-0.7405297849125209,-0.6285460655878123,-0.9821053811187501,-0.7095560051014806,-0.8728202167114457,-1.0753225076977222,2.8746442827249905,-0.5519766340134036,-0.137159561629486,-0.17143015477340676,-0.9096448371190278,-0.23020594433863995
2.3294117647058825,0.22227430041414803,-1.279257293143722,0.7371002145418529,0.6743558796594579,-0.9304872487138146,-2.1475878304125144,-0.7959075784530862,-0.3467624758188839,0.8735382144016252,-0.19633603707710193,-1.4345675192302303,0.2710336621968107,-0.3426321612454424,-0.2572148922487872,-1.1345496297839848,0.05635274309312571,1.0451616187644515,-1.7240123894866373,-1.0150062962863928,-1.5257773469811835,-0.8293146172239383,-1.1454940184117723,0.27710107882019563,-0.4771194881502474,0.28250066147656805,0.4098654021241255,-1.1695836854971264,-2.3816540800760353,1.2350288080151555,-0.36918434307194764,0.7670527586463088,-1.228740320976647,0.37102692809670856,-0.18373140025424595,-0.67388640507163,-1.305138228663286,0.3659248697300095,-0.8849137543902762,-1.6670754706174922,-1.268939814612101,-1.4224841178890557,-0.06362104569389682,-0.8989648433983123,1.219068629701964,-2.064002071391854,-0.46508845176117564,0.8607761652586031,-0.6392257768120946,-0.5860498850916143,-1.1872457238037821,-0.21941229875821133,0.27162324960309703,-0.30545599007636737,0.8294571560936633,-1.1356666580192702,0.15872100164463454,1.01160441231336,0.9267857808880117,-1.493811337835182,-0.6052741513847453,0.42901374067438136,-1.612659813970481,0.7026203133946844,0.04879992221872731,-1.2778111379422765,0.0668375487792024,-1.0375635612803715,0.8919494072847788,0.4200246018870789,0.4918902056336284,-0.3043203643448701,-0.8045384749964349,-0.785855166289602,-0.49052366420741245,0.006283229759566744,0.09357761976088269,-1.7084266789799876,-1.1276295657168953,1.0600058813775082,-0.195162159749307,0.5860802454691012,-0.5583261962313253,0.260545496004823,0.9181005900378517,0.1756046957937079,-0.9174723213957722,-1.7043047442873442,0.5700278614692045,-0.22319582345428826,-0.8168003430449492,-0.013838373854088981,-0.8769220513415423,-0.8578247693802176,-0.37001848404541804,-0.8050184253058833,-0.35252540824102097,-1.0211039986986927,-0.37314525533305276,0.8534734617006893,-1.6168917546386226,0.527972007747448,-1.5812340045736502,0.3237086108046917,0.5438647815157298,-0.47435116589299375,0.2729155780537763,-0.8025761757535768,0.29953977853450287,-0.1408921238879799,1.2173976649640021,-0.11036217446859584,-0.8194781889599249,-0.441823349103283,0.09825298185785758,1.1456755392884808,-0.857819732168175,-0.23677513819812573,-0.26473669935266375,0.9191751671069289,0.5610566344433965,-1.3550220180567276,0.31897852784640035,-0.5827780882453253,-1.253448027073872,0.23188149276995224,-1.4737798589308153,-1.0804345358468659,-1.2513050472003244,-1.8998084000886224,-0.2504164559897503,-0.8556603248089664,0.4720182678336614,0.27667008328504106,-1.6402278168478892,0.5919938416553774,-0.7720957204448629,0.5843013326917567,-0.7366745484826047,-0.3457292990651901,0.8657678599613635,-0.6020132338920373,0.4741056099128875,-0.07216180366758315,-0.9961574736478547,-0.8045878407321431,-0.08477201305719978,-0.2637083741314804,0.5460592832516737,0.28322731102997056,-1.1669849714649607,0.5803114995230096,0.47177770660755436,-0.011880215745836475,-1.5090316727127258,-0.46478397398343574,0.9919814900103053,0.434486806533552,-0.006495514964370452,0.22482505510859951,-0.44774522116669846
2.3529411764705883,-1.7487389488720915,-1.0970018135108246,0.5674798441111113,0.20621802849212756,-0.2080772904468626,-0.4167492997626753,-0.9566463010639961,1.0302449205994204,0.4221627098308466,0.020388784862967413,0.1732028753964696,-0.12478090557053124,0.09635245276877008,0.17947295144024716,-0.53075783736254,-0.7392598419735611,0.4349648666219387,0.9278762387135946,-0.738355096361142,-0.9266858816365511,-1.2362161400497702,-0.17507964300924003,0.9409890089363273,0.07143886459077822,-0.7653434374520252,-0.24987478849290762,0.48598368079146503,-1.6633614591496522,-0.2214655795132917,-0.9448723159750134,0.2934729667274158,0.16093924688629396,0.7146968288512037,1.363582966009042,0.5469400341332107,0.4242567590384225,0.8167945474680406,-0.3915613002243369,-1.1522488501343349,-0.574116478855867,0.26637788211266605,-0.6389844926079099,-0.8984442774702398,0.3547176601232461,0.7508502677477953,0.14355882105090162,-0.4459222281263858,0.18271157308729336,0.17507988024483528,0.8693638916330733,-0.0639790763340304,-1.2452003850885978,-0.5714595721593283,1.1968736218278235,-1.2525774895582702,-3.582909117854697,-0.1544966912599629,0.29880288605822114,0.6094287779009135,0.0018358322836147523,-0.12474916529880248,-0.06484861625385344,1.2058602810341295,0.5740337338974848,-0.1435351484282251,0.07029424419573918,-1.85790091836001,0.4663710574274017,0.33757993534925657,-0.0007291724377630759,0.11523288488078509,-0.05649086354275125,-0.11718376427047471,-2.1573466270079464,1.3203222884655013,-0.5794810265578827,-0.2074337054059571,0.1886632254310563,0.06268931603415484,-0.03975889740060122,-0.26970891150955456,-0.9922992413712581,0.08656070250303022,0.6197239574747165,1.0030789619812945,-2.4275783675276976,-0.5854999141313436,0.35270473969228805,-0.597126701643248,-0.5374856927349195,0.5062769575411272,-0.6292512055357592,-0.03527734493116064,-0.856088833679865,-0.17859118258499612,1.1349570808360334,0.9138039619603444,-0.6398748663978361,-0.105808253742427,1.0120506813339358,-1.4318897442434684,0.32625537936771426,-0.3907847314063895,0.5879842069787988,1.4421237607700943,0.10561338942977472,-0.5772637041320279,0.45535164805618833,0.4467769442932895,-1.2123869739570887,0.41248755717888264,-0.0006317258010235249,-0.16179697831137407,0.7258890542786369,0.6862979833755642,0.7649742589133607,0.5372738949358765,-0.26515424996629844,-0.08007041604910844,-0.7005751692147855,0.13048730497106953,-0.2569915975651452,1.6746628359942326,-1.5711292805894221,-0.8011524535277676,1.0569805323966672,-1.8325149099477442,-1.3888867219293273,-0.33141430377730896,-0.06730220241478685,-0.5179726236714426,-0.325821767946211,0.4160691646214426,0.5750786000438656,-0.4879508595964141,0.9013665179899879,-1.27085784766074,0.7354066754192443,0.1364012517163875,0.48811813209409793,0.7117705921926644,-0.6683318337403991,-0.41721567156300954,-1.1852660260766124,0.6435399231263154,-0.5680236547362312,-1.4116533336760722,0.42235623249262966,-0.3601726940158977,-1.1855937793103988,0.30007497044272197,0.983837146039491,0.8364828808041495,-1.5457389091231946,-1.1028477979921072,-1.7916150648014901,0.6614867868014455,-0.8126485404859339,-0.3054222246008922,1.1429427562650631
2.376470588235294,-0.1338261445205582,-1.185008205826062,0.2930599301271007,0.6272393968374087,0.4058279815194705,0.9785613938979854,-0.29900099759842325,-0.3500737219356956,1.6825926860737583,-1.102733352973402,0.3024356123494809,-1.0085309019481397,-0.5926437610918822,-1.1820652432472838,-0.3029473602108411,0.9749179354481696,0.34210503404630194,-0.671491472170223,-1.6516737960725005,-0.9969557851683734,-0.9044455589840279,-1.5552289935829118,0.1777577462679143,-0.5581400095152907,0.915600770013366,-0.43479909343270046,-0.9484451282997325,-1.5984709679660245,-1.3520787413636532,-0.02134094853495061,-0.44859196697862647,0.5561465180735099,-0.5722965709939463,0.1967029157480183,1.505965345885612,0.34930434712897385,-0.019923412428270497,-0.1146881192463719,-1.161694457091144,-0.5494006942130384,-0.46466773104036846,-0.11452674256955184,-0.5634771560071448,0.0005477081350670626,0.6186644664140636,0.10212899492732241,0.17202256015639367,0.7203588711849253,-0.20134445336363913,0.2781303629375262,-0.08969280107400157,-0.5898181477849854,-1.5150755360311472,0.675434920534114,-1.572842890908391,-0.28389522712009735,-0.4857816155818085,-1.794805831759333,0.7429715673087253,0.40747077458207354,-0.566505506995017,-1.2437795317709033,0.5504507532266122,0.8652261405364771,-1.342623171754615,0.347197780566204,-0.23207327336395694,-0.9633725905156469,-0.7721270662560629,-0.9717898909347693,-0.6051190213438642,0.49514792432601257,0.658202199760623,0.5036644594482839,1.168531955217746,-0.2781055466636973,-0.1949674627098269,0.6309405287499293,1.3226280742867318,0.47173890497901144,0.9465381543069962,-0.2682219397927701,-0.5606080748474601,-0.642605377761978,0.2061288656004,-1.5247118947509548,-0.4838311798549418,0.19821448498904615,-0.33765720666552573,-0.6990912466576699,-1.2491147267401854,-0.5643205233380251,0.5760262751606451,1.3085407147471058,-0.8439648136621887,-1.6902568430725264,0.039101630416662085,1.7418306121250668,-1.3963767828370766,-0.3295394520790576,0.6521045086642703,-0.569155968045284,-0.38059030722219456,-1.08785261873313,-0.12314032977459699,-0.7453516588818466,0.5962132630576576,0.385550948246161,0.35661550548234605,1.5229128416947009,-0.04981594142716292,-1.0674441552418379,-1.2372980679275563,0.7680622189338856,0.08716371928404243,0.5251983438882672,0.6890685402788528,-0.4447231142317549,-0.4306297216040644,-0.320598788240659,0.6344662497334085,0.47752422273343437,-0.09570134261216764,-0.4610320636380565,-1.1934877123599243,-1.2636313612638137,0.3138393341803012,-0.18345455013434658,0.8497326655710973,0.16033717713457027,-0.5157285373275868,-0.18078348295332686,-1.4516707195623615,-0.36420039290467476,0.4658221119008497,-0.8022596543327283,0.9861028397344218,-0.7890589694597863,0.4130183503607883,-0.6146412725239819,0.021103354141707435,-0.33720114106195487,-0.1207981545093082,1.2264344008138637,-0.03007888876118002,0.18687316898220266,1.1982554565058061,1.121837036550015,0.6417760888652936,-0.7013305695450368,-1.0859626642694116,0.06684055461686506,-1.203148148025609,0.3487862982408254,0.13981802549716216,0.9083831306692416,-0.00042166650198478817,0.2905245745991726,-0.319552055390428,-1.0403318808401532
2.4,-0.3822117750771776,-1.2285113803113201,0.21078562516619795,0.7257682244167235,1.3675330968511223,0.7025182510197515,0.7248307028331115,0.2046162645839352,-0.04047657250741847,0.5585899941048209,-1.4379386668901928,-0.3570355641352932,0.8112372420090846,0.531252879495865,-0.48186832687110276,0.3163820020187288,-0.15351677910354108,-0.819041052031926,3.2107515123713806,1.675752658340387,-0.026192428498652255,-0.7235907981427131,-1.0101155475568921,0.21648302672307831,-0.7326432212868081,1.5857618973139513,1.444645310122439,0.023384963260418064,0.0661551527406243,0.16725692071002196,-0.04735024089244709,0.6982666597658926,-1.0012961412258752,-0.04671828088382098,-1.667877860902903,1.2052111524082587,0.5494868138143755,1.4870744843154264,-1.1650813884598406,0.8597310733075716,0.937124873911299,-0.009776955244019685,1.1449188406505477,0.5534878346754764,-1.0798904772839677,0.04290358496707786,0.5085535931465544,1.4642684745153836,0.3666298688820278,0.5910446319972056,0.07723349393289972,-1.4710218993069348,-0.6627328129907232,-0.24233328503243476,-0.07058992398646244,0.2967339421977557,0.4914657897745487,-0.7584005335777079,-0.661932365196711,0.44544012057167187,-0.5155197352844827,1.809546134917884,-1.6766320258243987,0.1018514019301725,-1.645089673007172,-1.3140245140694893,-0.6879573346313623,-0.7723887680264787,-0.45952961253777874,-0.8913595555713852,0.8560213277940713,-0.24706465051287932,-0.6479787797523364,-0.3196982300569443,0.06831041750213904,2.199824169310138,-0.05056289060801016,-0.49778450293142834,-0.7354495985306613,0.5424736407125934,-1.1812157215004335,0.3644829851657384,0.18592093515636737,-0.2870690673800818,1.3364090837681712,1.5186394566464696,0.01097144202111345,1.062711466592305,0.17335793930097312,-0.3544030090877397,-0.20646457096795223,0.6545187915295516,-0.4846261549497922,0.7559037862999881,-0.31442133166432334,0.4358690159877113,0.9961703212528289,-0.5710854976815952,-0.016965407703508645,0.3950520212186967,-1.5165536269326507,0.15055394124724708,-1.2283313195355032,-1.5651694988988862,-0.5350573029746903,1.0224188187246976,0.15839643322850366,-1.5824438285774647,0.6221829726820307,1.2653796444304775,0.43311264873185307,0.8149043763013725,0.2896194536521031,1.1464330057765444,-0.9793358983511505,-0.3263973572590349,-0.8443371177946384,0.0413502377933323,-0.5591842199045887,1.4990523919489973,0.5418648252740729,-0.17061204952285347,-0.584748034914141,-1.1371776393593016,0.005719964670045825,-0.7163184794790393,-0.6053888619582787,0.6180429806063643,1.9165483938950334,-0.15521720790989363,-0.048096788532000924,0.742650275275422,-0.018475913111463953,-0.6727714517995743,-0.8014720035850814,-1.1611658022813243,0.006230242129633405,-0.09134731778589891,-1.2868706772896807,1.1360448116608752,-0.7182975808760337,1.5446386476884184,-0.8744592186422504,0.6508448976016465,0.7305164796453595,-1.3468031662846616,0.3802563634879217,-0.24884534786518156,0.1400568659884202,0.06670938809913116,-0.6304506102108315,-0.8478631969507817,-1.0787478647066318,-0.24440505945839938,1.6915113366636667,-0.831963431732752,-0.6330417875495132,1.160774585173002,-0.4086850093707618,-0.25941376838226343
2.4235294117647057,0.21252247770485502,0.26603098583251317,0.7574053600177889,0.3047420321619342,2.121838196295003,0.3706765532636943,-0.2124301519946549,0.3303017366209033,0.19228786019979638,1.007797497659519,0.7565285588820712,0.009262411560200218,-0.9265322891224538,0.09739373980012271,-1.277492701922794,-1.2007742213331554,-0.34664680692009786,-0.18443107414515952,-0.8300794989067194,-0.17145462661289737,1.0503775444760977,-0.7809018331277373,1.2379552573337882,-0.32255988427958604,-0.3237972349173305,0.16265938440328842,-1.1789627175487767,-0.5154395185259248,0.23119299769548726,-1.6946333979143682,-0.6065365932885438,-0.5557390271995942,0.13984457113792184,-0.1280373802328914,0.40112174545534346,0.12409679683959329,0.8808267912964306,-0.6383095208482845,-0.6555451576080826,0.3004146169267058,-1.0416200243016687,0.39059934360994697,-1.0643741897736276,-1.1986940011424105,0.4450136614265754,-0.38312026101662267,0.31984440818204396,-1.0248661696010912,-0.6001774897562397,-0.416203479982468,0.28954436084333407,-0.32602831662012177,-1.1876102206327654,-0.5952315913639732,0.8562210783359894,0.3689291705958342,1.2537314922865999,1.069269631091229,-0.2840883062549856,0.24499241069122427,0.15612525381915013,0.720496579951056,-0.9548195203467296,0.7523835878878301,0.6049594366169411,0.8895479426248998,-1.0833929443568309,0.052470962594540545,-0.5188739462069558,0.12167468382876281,1.346927334256928,-0.9987363084668798,0.1712537947062538,1.195013105077921,0.05855238546384899,0.5825265911918635,-0.3661422074368261,1.0601717438817817,0.5586360475960072,-0.8736708575008258,-0.5928914877066669,1.0062700899694481,-0.6092033835927921,-1.1250025894634774,-0.34024797873048185,0.2771162113256035,0.2519559300373888,2.4085157263925465,0.6810383493647552,0.07828285368967611,-0.4346278125812074,1.003328058779152,0.4997425251252707,0.05879822366383081,0.7789121276000596,-0.30840617917729,-0.8497172317738932,0.1859170774978387,-0.48777677091564103,-0.16243080798847997,2.5247176806201295,-0.13091648828878205,0.1327123225384137,-0.3932921079509731,0.16612655047210936,0.8493865063590521,0.8575612464992795,0.7151778246052557,0.22915807108543268,0.19580377173164829,0.7617883627816513,-0.06218480366272264,1.0257493748484223,-0.8715878243236511,0.1287362499011726,-0.1451342219820455,0.5852584368248959,1.3066299867524962,-0.7869414719673797,-0.007638157947216296,-0.3554667880519192,-0.2544854796780377,-0.10407268607282577,0.58849708045095,0.8143507330793066,0.3911993445932733,0.4764988509007371,0.5889535079976201,-0.38724163095398856,-1.3238752296216136,-0.41700089766140763,-0.23411514953343968,-0.23655515019972437,-1.1266252222747013,1.6082869372633515,-0.40096044607380915,-0.7734693057314252,0.945738191894458,-0.7490383891481379,-0.951337788192855,0.7721393484359983,-0.8308787063097666,-0.12717195406693205,-1.5336371517312273,1.1071245353440882,0.4042477129834421,0.12628096718526924,0.0259869892298081,-1.1453510775081326,-2.1604205351023054,-0.7373800435438652,-0.2678111459911694,-0.20934934249297935,-0.885503459037335,1.5985484635808533,0.06340605866791853,-0.3769596271400318,0.2479371028310035,0.06333794689733975,-0.39150080662838777
2.447058823529412,-1.2369293605470402,-0.4529163109691048,-0.8061668471397202,0.4009286894492329,0.4862872775199429,0.8015918510184995,0.5919161063591583,0.7069192122646063,0.291990185530692,0.5198266678553252,0.9854203243331083,-0.8235679598019171,-1.1154377708761423,-1.149716304111069,0.14363515665206464,0.9621975877371544,0.3487318355270137,1.2089903738740813,1.165271377796218,0.2983464613590271,-0.26161835604717965,0.09013853041716546,0.35934591866321086,1.093571096227478,1.116693044202057,-0.3851516938756558,-0.3088031771689557,-0.31965424541489756,-0.9173903388321977,-0.080111427165387,-0.5310750241757728,-1.1378592480002707,-1.4127118008710842,0.9822311453472343,0.13739718510403306,-0.7623089493185644,-0.9469151696495152,0.7332386382515023,0.10135881526144322,0.7302619563050607,1.6699011663357606,-0.4397962191533575,-0.8812704701504304,-0.30539791071067085,-0.939016083711443,-0.5852188711114771,1.0491000430418247,-1.981463480710227,-0.38354166115428723,-0.5624119526909038,1.1629101016183823,0.6620750414294772,-0.5316630056765023,-0.5109268424179502,0.3023426843005683,0.29256238326141215,-0.4156647074218672,-1.384347586724699,-0.16377138215276546,-0.3266943361861261,1.1783659781873415,-0.01954253111218067,-0.5065481025872309,-0.39954224273160377,-0.5991862828707695,1.0385917210114637,0.22158220760101666,-1.4280495437913194,0.10349390718643309,0.7441581049323992,-0.3910044423608161,-0.16218941569792936,-0.9766239899301289,-0.19321127270820937,1.9134958065041479,1.7219686435501886,0.4444230340291188,-0.5629061216117537,1.3116037653791974,-0.8144171669001542,0.2140248333985067,-1.2310403359302677,0.4428521999901518,0.6700895776532295,0.22205269853786672,-0.10081873642933445,-0.12463791194530978,0.16699060601437646,-0.2149163923021368,-1.050126318063929,0.09423487823508844,1.4952111701842983,-0.4050102054596397,-0.0825483762756064,0.12808216819911145,-1.1437145971258222,-0.2282173447205417,0.8526420708470152,1.5176882779358454,0.31558484314027463,-1.4153535497896217,0.9813844369625946,0.2589273996973715,0.4044930698402425,-0.26076625472305975,0.9747425134582755,-0.8043129569473061,-1.4732291329930027,-0.498593869619082,0.27396158853848374,1.3954659031726382,-0.6106759119132875,0.5997224608790032,-0.7479942999885181,-0.9001353701772367,-0.16717114088226856,-0.44413250799881604,0.31458408512657104,-2.0080468041017685,-0.07756625299192134,-2.1526081329288305,-0.3240473104037666,1.0302984339397303,0.5347750785898747,-0.41317733241063537,-0.5756516688150679,1.459070063012054,0.7040212879239146,0.526730433609427,-0.04607397520498407,1.2108559340621106,-0.8694301687770494,-0.24612819269272462,-0.48667561328547077,0.4105361119245615,-0.21903634310870912,1.2268450599823708,0.8508421982129077,0.9961046563422161,-0.4605709704056037,-0.8057365762086502,0.4517644643111865,-0.5885963158287675,0.6447895000939503,-1.8242301643091263,-0.5935413442657497,-0.0385415890134168,-0.26553430142928963,0.02182014441221596,0.4160305322086543,-1.402799376672296,0.6648830940047514,0.048949295507063485,0.38471997219501103,0.2052167017227848,-0.5527971135000238,-1.0259302438848346,0.08674338359841303,-0.5104923058603024,0.8384140653372766
2.4705882352941178,-1.0158880615386598,0.0027864155133479167,0.8515151088363657,1.388232562740292,0.5377199923897903,-0.06543871613871041,-0.07754557334355457,0.27057146331393095,0.18604265047713234,-0.02705772467350067,0.46712088824641845,0.2334869569066661,0.27037050082091135,0.7863369560440356,0.3488319095311961,-2.7734077040148524,0.7954528586797767,-0.8119301739063565,-1.668637267677098,-0.7609581210471403,0.7570280313736816,1.8498969202334345,0.578321453686114,1.4960058845715944,-0.37627277090255,0.9632528829118487,0.31853862011188366,1.7953987613265587,-0.4274341880383937,-0.14375325757843677,-0.6590008438796089,0.8179407857574535,0.940828891109663,-0.26238667275511995,-0.38211694744220787,0.825276437017922,0.6307484648112727,-0.37509821094962126,0.20527728248249041,-0.24095204405420975,-0.11841997271792168,0.5789312309374836,1.7677709119177785,-0.5236148072395448,0.9099608287616188,0.937345674849772,0.10968809256269381,-0.6156958229375796,0.9561922650289585,0.4240510792381834,-0.6100424217592796,0.5001602728962833,0.1387205339721565,1.0081973707510519,0.17906243317365242,0.4446114194934738,-0.8095537227115747,0.9371721073940529,-0.4902486883534602,0.021772838783992287,-0.38411619349142084,0.20479660972502273,-0.9814516183695396,-1.3785545580658403,-0.173045226093871,0.35600065100845857,0.5761277974619755,0.6267281403101693,0.5704123773628762,-0.824449614833631,-1.017629226835867,1.0158542321373327,1.1116190868710183,-0.8054732600442519,1.9404681837038946,0.7086522385126134,-0.7105142963832992,1.1631171782249903,0.3689470218807944,-1.5729457013209218,0.7211287688217651,0.4324939008946388,-0.7446043346990241,-0.1312799961728286,0.5548985130635239,0.6509937253143134,0.8727921620290126,0.6941364273417783,-0.5979963633661438,-0.7914549688711499,0.0663026065348545,0.1560882727204628,0.9464855833419438,0.40166370121356054,0.7925585760373571,-1.1854146157165075,-0.11243954953808871,-0.294381957542363,0.459418609374387,0.5975616189430425,2.099954679563318,0.9465600944166103,-0.6371776313739091,-0.9334982187920315,2.3785168165377644,-0.30868948596393236,0.7223046349930025,0.950027569780806,0.7017753010213988,0.21706002409572503,-0.20939361368136647,-0.5176560448634464,0.7350513386441209,0.24640602053395294,1.179024836343491,0.9768571137271808,0.11024993221696103,0.9187380196415075,1.051051450429303,1.0333842605435373,0.0076455919980000005,0.4059432026229185,-0.255393598180324,-1.1778181657152929,0.4969088775248864,0.8812021149828507,-1.1024276304669982,1.2244748130729628,0.0882348713265327,-0.7770615660876308,0.08318634626863686,0.06743535977905567,0.04218108905920463,0.9738487668021488,2.368277112458932,-0.013335129095063823,0.8799629042067142,-0.37607900560236196,0.30077706620799416,-0.5536574493772045,-0.7280293808312026,1.3056994277056884,-0.0475643724874595,-0.1417385985045576,0.6000262700853706,-0.6391157061118312,0.9980898433691122,-0.18021653860190004,-0.017805840081104286,1.2671998009505239,-1.9248173857829933,-0.694237268440326,0.061254530393003055,2.1845206434961786,-0.2684326497370475,1.5431055469563253,0.011072984739425756,-1.3662585320231904,-0.698058601942531,-0.491607051471486
2.4941176470588236,0.6835862365659005,0.912163497848967,0.6543129302585475,2.1803086969091137,0.937743615604352,-0.33169408024581176,-1.3810450758977935,-0.7575698103089329,-0.5321955694835426,-0.08599471410456158,0.4986203094113183,-0.09709780519706909,1.2855144709043982,0.666951258052625,1.6172413830869503,-0.4658916959475544,0.9120640944010814,1.017508653196076,1.0946298191836374,-0.018064435600285728,-0.5075469869716742,-0.35403225842517844,-0.35552207446153855,-0.44967410659846885,0.2518103643975694,0.014168854240456403,1.1891220252089147,-0.5966605015213736,-0.037991599582208074,-0.4512622606872047,1.8519986251147849,0.11812703065740661,1.2055753084640075,0.36927055553739146,-0.8761499400742858,-1.1561523492872492,0.38270021646601804,0.1638021457553186,0.45861773306975784,1.375748789513789,-0.904631895703297,1.2656498507483582,0.30248823723614265,-1.3368789777285575,0.6822399198445627,0.551169046524143,0.998029395026289,0.00040205383149064585,-1.7351031460046895,0.8838581685396376,0.20627236824304815,-0.6121702699982868,-0.08855141922130425,-0.2713565391407231,-0.4474358564862533,0.9409382142686444,-1.7977267912285027,1.3151531774799357,1.280641334963595,0.12343472898981454,-0.10077080061916066,1.3673817872054372,0.4809146105621313,0.37561238459620394,-1.9157686833391991,0.2924376161382894,1.1483402039649369,0.5937872408735339,2.449216214761782,-0.3949309048339196,0.7339198872479712,-0.5453750496719468,-1.2240796791226185,0.6752510873834614,-0.0691755478998739,-1.3658053242538792,0.34743593202082945,0.75372922556428,-0.5212197202941167,-0.9953486617524335,1.003962259533926,0.2191698153692793,1.2641836194280525,0.6222002240549441,0.12852205868546585,0.018894801603474995,0.4272587122890267,-1.8046732749851635,0.8621730485141,1.431639309617969,-0.9528637374955107,-0.1953549124543029,-0.7573880006369395,0.25797222744069787,0.04457195778103876,1.0046046369852732,0.039806946919737234,0.9858899026412158,1.8638778702734928,-1.2672751777790539,-0.6620962413320038,0.9163358682503532,-0.2978797273467207,-0.1831641784197881,-0.8055509896558758,-0.21283859965763402,0.2604089200216057,-1.4456174344499797,-0.21817551085173723,1.6883104307361392,0.7498322695105208,-0.07283866713412071,-0.6555896280247713,0.5971101630131352,0.5665659980500489,0.6343398807818736,0.04637671811430437,-0.3496360790860746,1.1934586915592822,0.3443112340641123,-0.7467742723201056,-0.3236862755774112,-0.9513607373916793,-0.04729822110034618,-0.9117444105604989,-0.3228134090649396,0.6387200978931797,1.1259074844059056,1.0009571916018793,0.3990089703244658,-0.030114096904249828,1.0196127440251541,-0.5286772926029562,1.027838474838855,0.5142540343607194,0.4201968665419731,1.3162842482433863,1.003336045163197,-0.10111332737428302,1.163093430471454,-0.7782204134206147,-0.934237498772341,0.34656585972777326,-0.0881354524284025,0.35132626984935483,-0.7329488910246887,0.7906939090604767,0.5913553933919486,-0.19460242199219796,-0.7887361171865375,1.5908244421694822,-1.4780508574104403,-0.9108366547141487,-0.6193385714831031,0.9923303918594909,1.2522603905324334,-0.33526341715197705,0.5750083720006063,0.7936962617199871,-0.2599553084598334
2.5176470588235293,0.8163017252319911,2.7831233176643804,0.6474815208306348,0.4197544618284912,-0.027117752972854237,1.7429319065170956,1.1307854540996618,-1.105168701628705,1.7668425513090829,-0.11415814970091884,-1.164493560453179,-0.6016655379108817,1.250951417520914,0.29376292081183014,1.0477385374200394,0.58303074837838,0.09982529209314851,0.7626630993753242,0.21319847547977966,1.115001137790283,0.2623985658955185,0.249667600734672,1.064783837322869,-0.2630417575714254,0.34905268949552476,0.7153907961138214,1.1875626243418196,-0.1032703766163725,-1.6186012066238835,-1.132222126782767,-0.2815124061788125,1.397320204842969,-0.205853495552862,-0.6916901382260533,-0.3432161312706113,0.09733871477703232,2.033608271552813,-0.20200202170463782,-0.1423557507168208,-0.04613367893763896,0.7636690864444937,0.46471671916431734,1.0166144266035093,0.5006408673444379,-0.7757926857382719,-0.11282932840772816,0.8183212889043108,-1.1873400893592523,-0.6068185578519678,1.3511083145721012,-1.0545202704938486,0.14846549844005635,0.9840362094322247,0.09149621838615633,-0.9630733151766013,0.967237689645853,-0.19761858031319798,-0.08386956550592212,0.20027375688439006,-0.334393050503873,-0.9727707126517056,-0.8337516915633426,-0.6369784051342254,-0.5056102536096575,-0.30798972415684206,0.6898594340594567,1.047469504833339,0.22071639188308662,-1.2652513933544962,0.41183408708974123,-0.36469205838388474,-0.5398177216697587,-0.18053161725957717,0.13384949057420922,-0.6156555863866808,0.6722601436526165,0.07207005775102616,-0.507923521021669,-0.5056415732861592,-0.008159186526882457,0.09183274669366916,-0.15471346630639723,-1.1556106997769575,0.287700441344786,-0.08069087108698748,-0.64848597137111,0.11623182024213909,-0.2730521488389937,0.4722641705069846,2.4952717514174774,0.09462935681977247,0.1620928029704597,0.22674366883489858,1.5929289454572515,-0.33204805736842563,1.2426532888843675,1.3033155057078547,-0.0917307453129871,0.05615411514675224,0.2323661332219426,-0.12421275039786153,-0.46460203961677976,0.1280237972858836,0.35480015257834785,-0.646036726827975,1.5017237520901134,-0.10636954916561188,0.39888597557112804,0.26134924197278037,1.4160657318914218,-0.4296824358812325,-0.5816914752069633,0.9175313657670595,0.40754457233579405,-0.6902025843033792,0.5749299374288643,0.4586054194224048,-1.493504945204114,-0.8261223883563006,1.159347580749852,0.04201340397163775,0.5775486766260091,2.2743023936242333,1.1928868364525038,-0.47613984393289605,-0.3232265652739958,0.19099241909592343,-0.12888356713544694,0.10956235806908615,0.05233680619686904,0.766715950059501,-0.00845270403828553,0.47140998953983054,-2.7342517849227344,0.627173078365984,0.23801456587872608,0.10595246948332812,-0.6229973892524245,-0.17876990316309033,0.814209316943617,-1.915575985683202,-0.7872608852844117,1.3385901923246197,-0.11756457618290318,0.7843770689036219,0.7687326879810219,-0.15745612425655098,0.7130444490133161,-0.4260076008706242,1.2047811306808633,-0.11769975673595817,0.16573681619517572,1.2572840902526874,0.5029210596066591,0.6165522516818804,-0.4057680674820009,-0.04172403493089666,-0.0118494642427628,0.08300197868033159,-0.4984934539443744
2.541176470588235,0.7820557855689756,-0.2728715537353027,-1.3645022482638012,0.4776361359829073,1.2866986332668062,0.5827198744827692,-0.5357895226914549,-0.5025161971607369,-1.1890869217831472,-1.3838872102202533,0.7112373442725393,-0.20369472936815805,-0.5116885328019595,0.7597779690107166,0.008512756928068731,1.0281742994529601,1.0050916357852973,-0.1746684841812313,-0.7028693042399663,0.10597692119710084,0.8693596942700381,-0.283216988119734,-0.6594532770354377,-0.55235640717194,0.443964077666078,-0.09683983557750807,0.06840384779633961,-1.1760565796806224,1.3626540766716317,2.105717148519785,-0.6733760881429239,-0.10839393506846844,-0.08231968655083413,-0.5853103427954134,-0.7943096825397868,0.3831825812994568,0.2963521669827018,-0.08819974606266447,-0.38525276090411226,-0.9204889243456018,1.3465172356924027,-1.0287628798744508,0.41580589505872184,0.8023851948103946,-0.6417785045364153,0.25613291275556116,-0.32042667216910553,1.6756816187965264,-2.0507415524135233,1.5457027603187834,-0.31466393389821107,1.7541744293685033,-1.4181642597592694,0.16366103782154723,-1.320061817846219,-0.7791170203919704,1.2846420323660335,-0.4297391313624313,-0.5818914870882415,-2.2656085010462,0.7407229990875804,0.714848779493545,-0.6653002264961645,0.3035690742903425,0.7330187559724259,0.3130200372660555,0.2732352291881491,1.7405481460837886,1.241716135723755,-0.4660967256042753,-0.9118284903782473,-0.21710683436677727,0.14315023858321932,0.6081283953420412,0.26148525770516523,0.450724707883302,0.027984503797663807,-0.8809530632276643,0.02719540518728172,0.31908530035307286,1.6754461691579423,0.33417459979258535,-0.48886650997094594,-1.3366660790502383,-0.04847042885361796,0.22835095690354223,0.07134593573190028,0.4488310011448515,0.03754026825860818,-0.09799130463109045,-0.8478087942254848,-0.21017569794645832,-0.14365770365088348,-1.3432295177652926,0.47696283174441123,0.03630276433430317,1.9007332156968966,1.157150510519743,0.5904954778423652,-0.6279839560109753,-0.01925666303749231,-0.06937197962521402,1.2072711517785155,0.11398377222136509,0.3008394968250823,-0.8723901753352882,0.39959009310360843,0.36590584024085776,0.42392169432647075,0.5215755414215282,-0.29112814428395906,-0.9356879933851643,0.3048869520790743,-0.45330396971424464,1.0846915813679454,0.06509608006324405,-0.3012103282844794,-0.14109826504570347,0.10690315860830608,0.5742971723866918,-1.5760592525996229,-0.33403280909943,-0.12823245265867447,-0.3017014856953194,-0.2831813429731955,-0.6622367584109652,0.39523264801173225,0.24689437105643608,-1.458718546970802,-1.1250968168438853,-0.3417407556834583,-0.13624044975109967,0.17600249014352695,0.6839316169329182,-0.5079280069530335,1.0253433067357076,0.04620127035031231,0.6270244662213856,1.3521708594787782,0.6986232021458326,-1.1431107919191574,0.17167483702820846,-0.1311588577643514,0.3986981745215275,1.4574346465014385,0.24851422710195337,0.02092815550160162,0.7276648547565979,-0.20448590574377712,-0.9022496257442056,0.42137625901593123,-2.0572487097445866,-2.1532469723610377,-0.4240187911999105,-0.9511533970201778,1.0609105065912328,-1.5559736319798882,0.6955301198082964,-1.1017827646222818,-0.07622998677908094
2.564705882352941,1.1305238530515154,0.03752832986517467,2.0854887728551357,1.0655399988899,-0.4757908482929907,0.5184631698385918,2.1934953590865836,0.19887624791364064,0.09771037113057388,0.9203220240741877,0.6785585097568885,-0.04202951938929419,0.2602239175833736,0.16244975318963736,0.46279470657159494,-1.2574673295309957,-0.578389924708814,0.10050081346404591,-0.8038822763986362,-0.4829185696813877,1.3128359849658204,0.6745580869724204,0.07771036605008354,-1.0383542822894785,0.39187878537395976,-0.49881473387435576,-0.496371126712725,0.1474252156594182,0.41115037548216865,-0.28180434403458626,1.4227920269531673,-0.06321729932138849,-0.38135257323683214,0.5755665509454878,-1.8191410977869797,0.28699122804842847,0.15491778343473947,1.0932895873679884,-0.8405892215402384,-0.6494327919233204,-1.2292728096877408,-0.2711159309896902,0.7584629714463487,1.1699376914350155,-0.21148563807638895,-1.1705447597267509,0.35786080647851504,1.0160577927288998,0.5682402460135597,1.1881045438273226,0.8425638562925511,-0.38941972832663846,-0.5498509388570058,0.5057565127737786,-0.9836327077608076,0.03079374566271532,0.668592293571508,-0.6131702409545937,0.7381456463849557,0.22413402958183257,-0.4767600493289948,0.18143187180688972,-0.9693514821466224,-0.7737055246900503,-1.0905044193672893,-0.4543072071429671,0.33134456000599766,-0.40585426597846525,-0.4259241824810228,0.46431785560054445,0.6339269873825708,-0.2542017553900596,-0.8083966397448953,-1.2728152927064702,-0.7501799598491641,-1.2584938224252114,-0.6825231224793276,1.4591606208724346,0.39674315069961824,-1.2630515749907445,-1.4665994957080566,-0.8926994846213699,0.7022508512240474,-0.7642587520694983,0.1714617366423989,-0.0014486395087401434,-0.006004823783732319,-0.20312501687778978,-0.24993140330016694,0.23419805742088404,-0.317100852019629,1.1896581943478233,0.49603002100631943,-0.01580331551178387,1.3999506960969905,0.6389524809233106,-1.2552744831516336,-0.30410351455098705,-0.2625053160072105,0.9005201291450322,0.46015609632369087,-2.082702282384381,-0.12822443096018304,0.8720739554576241,-0.13424409462636983,0.6111446931564399,-1.9739672578358425,-0.08484998050203839,1.7816834381523927,-1.076037113818959,1.3555547750573493,0.8927116234180168,-0.41491124672381885,1.2559109585205108,-0.02816377030772151,-1.6970862936954412,0.6181560298953377,-0.1774862742775882,1.1003481849826695,-0.10184489807408982,0.5094035838351991,-1.3036539882381637,-0.7778133784253374,0.3664662735769434,0.6704487733730629,0.12897599524901882,-0.66272460998452,1.6305144210335671,-0.8307671743084201,-0.7716201941105169,-0.2617169532262364,0.5848878602827458,-0.14323230986931193,-0.09291371066769415,-1.2295324177109612,0.7947691816932431,0.008724016694561158,1.7925851678464217,0.832865780410696,-0.07923093247727561,-1.5442539860263198,0.09273163625692048,0.7107713873378156,0.7158202687788519,0.6190718661750293,-1.035678541387623,0.12551538200403517,-0.38153976109658616,0.5125251546856106,0.11777311420937017,-0.6623282593386437,0.7663007785389354,0.20032806533332104,1.1295887799134683,-0.48111468387618506,0.08798316776524176,-1.0426292797210817,-0.6345384040554963,0.8115515179190913,1.0783030489607381
2.588235294117647,-0.03929919881312299,1.1708643304521293,-1.2131383619318985,0.6206266535193905,-1.1205455128559738,0.02581516966342457,0.9636330945938579,-0.16557151076294438,-0.7577324792947326,0.4687872214439745,-0.13676003891099636,0.21552197414227633,0.619589591606011,-1.6003201075519953,1.1680140796548946,0.902270845226529,-0.16998225708070988,2.046970584846295,0.3329485563634687,-0.45209354656156636,1.0365740419714817,-0.3994472223295459,0.12209955883983667,1.2052298750670614,-1.1133926671638417,-1.083447810822627,-0.09332422387075706,-0.3690942283675723,0.5871624442848385,-0.479663115882086,0.5206428981558157,0.18097446481984114,0.8060560020179367,1.970033034597221,0.00569915170836395,-0.5210110614911584,-0.34047580371484765,-0.9749328204672818,-0.48475848003018207,-0.2506230039273631,0.6086172471752109,0.4792911085479204,-1.1607710018484716,-0.7142628257383075,1.5000342072236883,-0.8669906084717661,-0.6826009988225991,0.47252951530226484,0.3741133095019755,-0.7526382168560363,0.7720897016222916,0.6727674952481132,0.7222828325938396,-1.2355813654473127,-0.16739056666551447,1.8737588319006826,-2.6035793794890356,0.6508797491836565,-1.6942296417779288,0.23716399427782972,0.6194111457893562,0.7992039950113915,0.3686663793164885,0.20935116539345391,0.49541111846695507,0.19553839705633916,-0.025579842544038525,-0.4584480512240616,0.8237625608761666,1.1778442931843172,-0.17780256890880836,1.4377579015924584,-0.5496157744336553,-0.7352654623385462,-0.7471517515284118,1.323593604910004,1.308701530920285,-0.15103320131275605,-0.05534056807389107,-1.602083457188094,-0.18610882582521607,-1.245388990933344,0.4229359586249114,-1.0167535850714209,0.29372089310220123,-0.3135250679762543,0.4270774944723418,1.4235631189277766,0.3172418148967262,0.22174189080252554,0.036089478404660896,-0.3593774904491585,-0.33452589999683957,-3.2186683012832713,0.6999389459632767,-0.8117828619747621,-0.46565146689504516,-0.5449253699052289,-0.7232324642960996,-0.39610542219322037,-0.31181844891518606,0.3358013359774571,0.08882019004593492,0.35637813191395434,-0.9118097345411833,-0.26692768589374527,0.8056235574511875,0.27197489212011855,0.1428305578781735,0.4276091720744032,-1.0502124913973283,0.9486559991530239,0.12200131902880698,0.8449039612355191,0.11405307422033124,0.4173326221699691,0.22108762399983342,0.9067851493571576,0.6289206271533253,1.4962456090136373,-0.018153618671825,-0.5962545524520513,0.6650702761611472,1.4309276096863865,-0.7379764137846043,0.21558129259211545,-1.3596587621222334,-0.37392164494506247,0.1148552142990171,0.501999229602256,1.1230375709383482,0.07739872706735847,0.7678773494645919,-0.3825411649514853,-0.28245076510701916,0.49114079038544883,-0.5582731051011168,0.08027335878919455,0.24981847874536534,0.6240795611588094,0.21242512805112057,-0.23475984663098323,-0.7321337856106165,0.4535567107218385,-1.5852444367417422,1.1378680407937183,-0.16844483009239783,-1.8171748088498152,0.8747546548250394,-0.7369873948496994,-0.9041385080120841,0.8061143213418147,-0.7471948791803343,-0.8865923500932958,-0.9580526922270826,0.10761898820290913,-0.1794003909683045,0.5407259037955003,-0.21828709653816386,0.8062570512436967
2.611764705882353,-0.602802950959341,1.8330780605404136,0.9017958351432225,-1.9333352258348897,0.17267148806202406,0.8050966307839911,0.05989678672205082,1.2197955275719061,0.18247640266494972,-0.9358383467104942,-1.1092400447262327,-0.1899744252310136,-0.8160045884780601,0.6442293348310283,0.17807286613974296,1.3315168884889539,-1.6026769279392143,-0.2696448741811375,-1.2311728153400743,1.6115789607918387,-0.8667645178856325,-0.10640025299968903,-0.7320477221189541,-0.5357395587392584,-0.3891931230874361,0.06342061308530628,-0.06205406063943198,-1.3007285031047935,-0.5558700972567909,0.14338049329981137,-0.002501349096352255,0.9500797260169075,1.5434427755054025,-0.09085518861471793,-0.7115976135004269,0.5053610588534635,0.9488177037617364,0.3732432898379478,-0.2129953897446046,-0.5503653723833322,-0.3363691474499652,0.3414657428720625,-0.34775833819500374,0.12502246324288466,0.28107860776952276,0.5062643966123396,0.39882610132411195,1.7300120443750335,0.26428145398508573,-0.41807610515417143,-0.36311365705153836,0.05135379402434388,-0.8679418962805597,-0.6184955835950393,-1.2997563104497563,-0.15660629431213202,-0.14759075682967326,-0.4162775019629733,-0.44350040410948227,-0.36313416236756574,-0.6565494432250714,-0.4175776428173013,-0.4592854296171586,-1.3232082100831681,-0.11072429171020975,1.679950314586448,-1.174661476119374,-0.3706259251484945,-0.7848470921493479,1.0497627091847017,0.31608633738196357,-0.48877957298938834,0.14195844498856164,-0.4609367479700971,0.7027792632823338,1.0067821612948131,-1.1987534382573541,-1.3360517248095811,-0.8938456428256931,0.8043959454357273,0.3930760694876283,-0.49586501402476246,2.4471373933584175,0.8588183776555578,0.005692647451276409,1.0450457203471857,-0.38956726067020453,0.6956751016033859,-0.6102182430287192,0.09123545080686679,-2.178003725009301,1.4131105498269394,-0.11114067149966066,0.23984609448257352,-2.1732434538340573,0.015643423169213435,1.395604686953032,0.7696725548019699,-1.2575391869918318,0.27608682508970317,0.48937488804376644,0.8888021638434851,0.7624625697074152,0.4190103559961451,-1.0744680092757288,0.6749803823413356,-0.970062597184778,-0.5986768240085938,-0.11397671902318907,0.5642070620721277,0.629662029217352,-0.2012184693044423,-0.9434230629005421,0.4715747792432556,0.030051261997026728,0.3161417528503754,-0.1298837395038173,-0.543225738810758,-1.2553223050052178,0.6143247482592837,-1.3845654990251792,-0.411260590742248,0.21320087733515972,-0.9048493075740461,0.41222775064432293,-0.6019535560033957,0.028234995097109177,0.15973896891489503,0.3802985420842231,-0.7739397480032418,0.5012160458258821,-1.6874390475607455,0.693156997107677,0.2861746607218087,0.7255491872259855,0.1669145929916702,1.1804941397595907,0.48829664746181245,0.8887580359714713,-0.32873846691639996,0.22467809396087018,0.40479073586302583,0.07225826115814997,-1.4291121959645237,-0.22495962389894977,0.3902558447621754,0.7049457886966357,0.4248661044547201,0.5169387200472313,-0.4044773474024193,0.5279783659355712,1.0497227307860844,-1.2619472471425435,0.024695881288130328,1.4335593365799422,-0.36403024596616973,-2.2793758890179916,-1.4375662398808509,0.1528312229331524,-0.8183329251860177
2.635294117647059,-2.949942899058046,0.35039166169013214,1.1883091575067009,0.5744079262822225,-0.786439691701802,-2.060183609096069,-2.467127601435441,-0.07475490311660744,1.5584385249308945,0.5452724467184296,0.5596317580984416,-0.4520623439304196,-1.361620478055581,0.7084761843917953,1.915780343048867,0.7653420172062021,0.06268331829700823,-0.4394945783626699,-0.2574327970776573,-0.07002961887802613,0.2205293031226226,-0.821842494304594,0.26018438527443444,-0.822687330752569,0.8825848452265144,-1.4255267342403326,0.46828173894782116,0.7166703781799301,0.05116256263235135,-0.05048961400528089,0.10188490431948026,-0.31113400340195846,-1.0357766081379376,0.6099037031979848,-0.7398520838780087,-0.20158219480586534,-1.1076694130286968,-0.5211714315900245,-0.43001868427743584,-0.8115573588057067,0.9913702863786606,0.6517701363466676,0.35779135613255086,0.5024530423220407,0.33136981726885556,0.26815113434128685,1.4084768415246958,-0.9419259528299878,0.31721510629376476,0.529889098880871,-0.9585878399494677,-0.27195564809767947,-0.8846198681056072,-0.06854128458370033,-1.0449991603242073,-0.001179972863010926,-0.3269166308737834,-1.5296769722646912,0.8402421978875264,0.45437865547797485,-0.526654581375761,-0.7130707215232766,-0.173815168024205,-0.5155867471798498,-0.6345078596684398,-0.5561791246931639,-0.09502027687531246,0.49350518806235283,0.1297432712964413,0.42726478413288344,-1.1203444956012183,0.6607386494696315,0.14862893810637154,-0.47263624066325655,-0.06058729729656776,0.08326652508749165,-0.31423978121403756,-0.8860253609108746,1.3361493082680356,-0.3367353065170205,-0.4842121015041831,-1.073691521107636,0.08621529722809057,0.7538508979365398,-0.2831095725145193,-0.1429886189847116,-0.8846343767377738,-0.35094916536375786,-0.6670321854180596,-0.8069651278114075,0.041855962194548735,-0.18577610930352964,-0.5234208636144302,0.3961141699124457,0.2582156561412635,-0.09934143588141821,0.13459227950159738,1.6824418760645525,0.20521815739504312,0.9731715247878383,0.9113201978704556,-0.00487317633333579,1.0063284288586034,1.5207594697573354,1.4773637001619107,-0.8686178823871292,-0.7514893372951553,0.10851790608429487,1.7016985534461953,0.5748741027559969,0.6880526830886551,-0.78194950918467,-0.4796075920933414,1.2127665923682356,0.6996768404286393,-1.698879880761764,0.7058597324916437,-1.6501559437096176,0.9832701185685258,0.899369924803477,0.06701284198918574,-0.4076690540807258,-1.9284381842480245,-0.592450994564443,0.801709766635633,-1.2936432269097142,0.2786342289926363,-1.0420327409041137,-2.4011529963122484,0.10314417093802057,-0.36135128905317837,1.3816092095922214,1.5673253584626938,-0.6980012809967372,-0.2550312368179631,0.9065547183421407,-0.3971366650905418,-0.5996163720113248,0.8058915762961333,1.5598601296507235,-0.23833587535907458,0.8013896204114822,-0.5966241691149002,-0.05725325440033647,-0.07836047454593802,-0.9407925227591977,-0.6451625835204431,1.188483077602608,1.2083512612279879,0.27351891148746665,2.4537648351416985,-0.7918987045739484,-0.056086580712204785,-0.8397492396160838,0.9841704682928358,0.2989432400609737,1.082584708075625,-0.8498678622233009,-0.024824216179240598,-0.388561500698209
2.6588235294117646,0.12895311945338983,1.5402311280514964,-0.3728819915652546,-0.6776481389306247,0.19166236977757803,-0.6178630941879869,0.09601201420561892,-0.027126446828327416,-0.14843811382191827,-0.006216665877762572,0.3549788295891573,0.8021366840502747,-0.18240776270188888,-0.45510193712655983,-1.2239441601424272,1.3081293515677423,1.3632076981925394,-0.370296736573667,1.1504139461561211,-0.8396157115960037,0.23491845230740002,0.693639938525826,0.4863629709622032,-1.1307639207611382,0.16397289539620924,0.7062354398364273,0.9179683316782825,-0.12211369705764132,0.36349004082927233,1.091651396442331,0.47553414063263844,-1.3083788048138163,-0.654778215689151,-0.07916209552609313,1.6995708412680408,0.07223678903687905,0.677894498212656,0.7474369120669048,0.05758284472304053,0.29248047433381424,0.616562008550405,1.0598905580229188,-0.4895238250087696,0.43710007464045625,-0.03860267362050426,-0.42876289301842657,-0.5786565133394788,-1.004794909835631,0.30307241961800346,0.09938362498676793,1.6097376838538393,-0.21512105531742967,0.37936355457039067,-0.8769725929854739,-0.7393304140899384,0.20624281077439702,-0.6230775688993011,1.1567882386791586,-2.192625348291633,-0.6421033854124673,1.2347407518488538,-0.28665442358907417,1.230069886762965,0.39294523471037,2.57096659475967,-0.4585280793008616,-0.8967799397288857,0.31890010372162014,0.0759125059476845,1.2523987024392023,-0.5066192056426425,-0.5923681026579466,1.515825879194438,-0.14246122376470838,1.3496300765392961,-0.5912547737862343,-1.5301807795032873,-0.6811680393087983,-1.8107395983412484,-0.4829521287964354,0.7962391759591323,-0.7167093883237718,-1.0072067743928208,-0.606681481975051,0.7101349962652955,-0.360548486361408,-0.3364945313991144,-1.2598490137153375,-1.478006105157982,-0.3470219653192365,0.542063248790947,0.2944202989188096,0.7530029819244823,-2.143026787638463,0.5401506355403831,-0.7894173343320161,0.37128657358825995,0.3501063714847521,0.1198318168859365,-0.5598188033691335,1.262981056157715,0.9583735399519031,-1.1905272871006383,0.43752452461674884,0.5071834546579121,0.12055539507173609,0.02664727652021822,-0.6208286850638134,-1.1776672446637813,-0.2849018010573311,1.2143608382256506,-0.24646753724112602,-0.04430715270620141,-1.1792989748237839,-0.08641282752752583,1.087486909553844,-0.42169646194096205,1.829188202855211,-0.14374947199267116,1.660248803436759,-0.5286520682589839,0.18810006048989333,-0.6907700466810043,0.43003890031896536,0.30429897750712154,0.4301740967769311,-0.2172688088010362,-2.1874845987133673,-1.4202742178260894,0.5440504170012285,-0.18750270831388816,0.5417759097366637,-1.3090383261459293,0.9105077346937615,-0.09384668386542938,-0.8887159774840405,-1.1160420214153493,-1.4371768412841124,-1.0933914265032236,-0.6910768644389849,1.0218341662160866,0.5798393835622816,-0.7181546506635986,-1.7243157021323092,-0.4250891014784209,-0.6452967026700167,-1.007791334720428,-1.1706086469066224,0.35760325036792273,-0.09486387402204514,0.26026755745377195,-0.6731249114959071,1.4516939196301348,-0.1950386450782082,-0.6862614964319074,0.9004307026141728,-0.35870793592309097,0.006185133167807183,-2.2022892177555167,-0.24066963846823483
2.6823529411764704,0.5243279452540376,-0.444031411668486,-0.3879354575624929,0.09242880312385675,-0.28633509619728315,0.13342032749325752,-0.48072956596644556,-1.4774369797119635,0.4111285960696225,-1.2491414250062933,-0.6762443986204687,0.21896109959018611,0.8931903224517096,-0.7378264493048727,1.1641902933933612,0.1977941275939656,0.6030391359939244,-0.3488164052223165,-1.1580761052474813,0.6194084232151099,-2.0651744018047613,-0.6300010624709317,-1.4458795701235825,-0.07763666894790196,-1.70128511586827,0.894100687119465,0.055112570698464314,-1.475511537455163,0.2856142599758845,-1.4959513241165334,-0.788520203682569,-0.48149155984616987,-0.09941567051663561,-0.16791208330577315,0.1979489401141035,0.7293314569126116,0.12912684395607832,0.09950098500767832,-0.983617015632288,-0.1869895368265134,-1.2995547032895123,-2.1626209039541244,0.177127538060627,0.5441998665400062,-0.17049731397486656,-0.8530502427369474,0.7787009683167165,0.887961315147162,1.3516411799372001,-1.1261375811044174,-0.3773615868332038,-0.9197286884333927,0.1816208179119115,0.9414481328156035,-0.6608791179216374,-0.04790790578608613,-0.48622075241422336,0.553519613229333,0.7647599801878987,0.10535528369074622,0.4850889466947897,-0.9876419629872191,0.12141956907525267,0.5117823216581354,-0.8896959708001336,0.9133154063081999,0.9978356172549764,-0.32340284648050316,1.1197733187011571,-0.6192553800106984,1.388294849901433,0.4205754046216828,0.5253845894734023,-0.32098781923896025,0.5077412137801708,0.8292485135140311,0.017826670771877693,-1.37432546619003,0.5846360591476805,0.8617957852420229,-0.21343695109363156,-0.7292679498699035,0.4349592508340359,-1.6862323052456394,-1.1263221300858766,-0.4391203499534776,0.8174994915156538,-0.17356938721715442,0.6607066763997878,-0.2958564064430136,-0.5860444958513132,-0.8038149355461076,-0.9375452220512601,-0.2520550426601914,-0.8305503550133406,0.2963782600171296,0.1446227164402926,2.0839381542841613,0.3464087229221091,-0.5840242732274439,-0.7512215411062033,0.3907396010225899,0.4726460417006063,-1.5272623762881818,-0.057295505830284296,0.6556565731382108,-0.6464939473001716,0.8236798777829683,-0.6814803093834633,0.023070207601299297,-1.0393149634982757,-0.35121331033459674,0.15472626405737933,0.6663942258189668,0.2085772377567811,-0.8045865470396086,-0.9466000213718005,1.1767072090769113,0.4526639288304396,0.7293176311485347,-1.1772067483607769,1.0749000880421995,-0.7317186372662127,0.9270966035929319,-0.019623675437309435,-0.12562334364183764,0.6710239483997883,0.3612604631853213,-0.41507624039816365,-0.31470030467598603,-0.8634031262372643,-0.36048093523416413,0.6086955669771303,-0.865398689150641,-0.6297430256560466,1.302902424926295,0.6041308291750576,-0.5601024542350187,-0.8688280364395434,0.6785093839846553,-0.12148152924656794,0.7027291804941974,-0.5906130379967978,-1.3556229469264056,-0.2885957787616614,1.5236295824125523,0.2873095274761833,0.7315774779381315,0.14705143410148022,0.00028227070393572443,0.2006681913193715,0.030162588540211782,0.04143423543023173,0.5443461143525028,-0.8691869019111247,-0.795545675283179,0.18382071508571157,-0.9260764020065442,0.13417614659404153,-0.33244416660996207
2.7058823529411766,-0.565452795985082,0.2776477738537702,-1.1459516511898848,0.1253577762219345,-0.5485459466952468,-0.8081970234884499,2.305655938486435,-2.1885570517422597,0.5179934103963018,-1.6321913166061404,-0.20829440481954403,0.5169028571051402,0.7726521636376197,-0.23615908260672733,-0.36782740200332803,-1.5758355592653999,-0.4368478095539388,-0.1781123545769008,0.4991226164739068,1.8219770718613584,1.00439650618939,-1.2674461638660572,-0.16791497769203745,1.7074950950574423,1.1649789092054221,-0.0471588067572235,0.6911164735462938,-0.13236949788479946,0.8564568585153104,-2.3985871986357155,-1.4130434246580437,-3.6353127859676135,-0.14903084859138502,0.8179449973783596,0.9075220757728515,-0.2533257035631405,0.5123157268328827,-0.5341176942952138,-1.5025199955708792,-0.2871106960932608,-1.3845992483798597,0.6788472754752378,-0.8808737530362664,-1.0995616364919003,-0.16291219031954346,1.584334606312692,0.6853151913757659,0.010064890298319968,0.7006018841833638,-1.0982717862426474,-1.4056956352290957,-0.6640379760288088,-0.7474514547742676,-0.18560396152204037,-0.5146388385319425,-2.5117192133504167,-1.1454661729402211,-0.9316503861180248,0.828369145764966,-1.2959452725216383,1.4536832426101265,-0.27552637325977536,-1.051360933453464,1.795815457637492,-0.027888298494917634,0.6223632051863808,0.01934470503476308,0.015054189906937339,1.055986322268185,0.2756962602467944,0.6044616851206613,-0.02512291837986741,0.7699967328846057,0.13629376549225553,0.2921719341242755,0.7670540696596834,1.249251837303363,0.3032842216491082,-1.135711293837347,-1.4088522054024954,0.47520981129823114,0.8539223250061007,0.46557250348526663,0.3236902804229812,0.692544075384718,-1.6307175557769196,0.6192236184678455,1.9957872412199409,2.244077602740044,0.9480114306358883,-1.1945566152803824,-0.650220270088273,-1.1509197674701777,-0.5647420486281528,-1.34674261711197,0.9273989386646062,0.9563280374087547,-0.5594983041598202,-0.5350400039495934,0.1407761322456344,1.4468975978079697,-0.02804992627534174,-0.2217332953682731,-2.2666740151884386,-0.7709325960012958,0.6501872142551207,-0.3775395074423535,-0.08315034448185545,-0.5529680038793262,-0.9780859105797486,-0.8802448780731924,-0.5314383040305451,-0.9893644369748247,1.6508767684284658,0.38589502884463134,-0.12707238665475276,-1.014671491710727,0.15567772858470438,-0.8970787971662366,-0.46485785327105,0.25604808086706166,-1.1365709803632036,1.601732041130509,-1.4415717505875565,0.2717828513667796,-1.51662467393887,0.5726038909496395,-1.1388166066287009,-0.365685153015461,-0.13180753440641604,1.5461462270865807,0.19504626298620498,0.6006571343740971,-0.9031189667837833,-0.4048678628717315,-1.4637670390656856,-0.5610725859341451,0.5073519984468916,0.6469855475874233,0.7063219024495383,-1.1031409008772157,0.26469826416985687,-0.8412823071726504,0.2839262265578106,0.26708082351211265,0.5963163514997936,-0.3637394161507935,-0.23711189357560186,0.6386847448357841,-0.6715461654160773,-0.8375434227961177,-1.0206510900917654,-0.8314753612278505,-1.2805706460718782,0.5151060733525679,0.6482937799381173,0.35311602470645453,-0.8683224016169103,0.23978886970571753,-0.6802644735625902
2.7294117647058824,1.4307163034882802,0.01959139777545633,0.042899201963240596,1.1447428801115513,-0.23130760352302518,-0.06679364888366386,0.8301426590797296,0.10950218933070253,-0.8571534227351565,-0.4001534089338268,0.7681922991476681,-0.3630982295254623,0.1328118704060185,-0.4378830289030984,-0.42127820106967545,-0.06904680917547999,0.002571221608635911,0.3622497065488668,0.4241687193219781,-0.48500368467946603,-0.36867761761285434,0.438284334237727,0.8407811262300885,-0.674040583793968,1.4325223836051717,0.24506203221155276,1.709348764783323,-0.364880755433787,1.369780539831744,-0.49421086617847704,-0.09288034898519246,0.4168117277445088,0.11224611253872684,0.3004554430460784,0.5494557144575032,-0.5753896667563095,-1.6949075608250068,-1.1079777767325314,-0.10597792461356294,-1.2610068458654355,0.9061950526045904,1.2373930363102432,1.031350687145097,0.3268890413568394,-0.4142756319236948,-0.9251384846171017,-1.4899104467567805,-1.0554892176793882,0.7034541347310939,-0.35246549895760654,0.25147580792167845,-0.1976318652935506,1.284310767419509,-0.9330875975067747,0.45352449062923095,0.2850135653403261,0.6252313158150229,-0.5196262716074161,0.4808869805495536,0.000379710133542167,0.7407082341903861,0.4925636617232517,0.21290533802824615,0.6989149340147404,-1.272332759610112,-0.9715158305539559,-0.05454607961530032,-1.5404955344403588,-1.0911973954590692,0.4799971351307257,-0.3852369082334565,1.1944786808688101,-0.4960200438552368,0.9895198102504675,1.3495242661411693,-0.3413619671200059,0.4359245956388386,-0.34713970007274714,0.056792696370511236,0.06119749140187092,0.22997133572367714,-0.6940182227103981,0.15540671499668113,0.9663680331337,-0.04243546710470146,-0.11312602074304635,-0.2827285465177325,-0.12397707023639785,0.6572996501695861,-1.9982523651893251,-0.7226722173911957,-0.5227470671791048,-0.5931184027434211,0.7286266735874611,0.06022313829679219,-0.4156352697460966,1.4557942743253696,-0.03453201847060293,0.9859625862257692,-0.28216942805089396,0.5370871270664611,1.3993589293530309,-0.4576433216414472,1.7604342184683641,-0.3362140164432122,0.3021271065348491,-0.8163000929550109,0.46597424643629065,-0.04752481129686252,-0.9514898842818331,-0.15447425000555606,0.2231704855806938,-0.594199420134458,-0.3609956793956225,-1.2394710983886559,0.4826861828421385,0.6700451957438822,0.6414207797933299,-0.6276015352578819,0.7463568660641212,-0.8306678068859866,-1.913263922777837,-1.2027025125264588,0.04596385579686865,-0.04386755494931446,-0.1740754898699115,0.9395825104653789,0.15938718020959433,0.4911268593266192,1.0908622386420852,1.4260695942444566,0.8068696907514271,0.5619981430985874,0.7846855988318112,0.26402148847170487,-0.28862250941824585,0.1658719249541202,0.5474481572342577,0.4453873271032227,0.5080136217431216,-0.30489588561867903,-1.8377582883661532,-0.5565999276412389,0.4972259295845647,0.012589154181456357,0.5417316268308066,-0.5333174659876365,0.3744336701176483,1.1054653198599707,1.0969063335043463,0.2616475234333421,-0.18798045339636943,-0.11724141901711997,0.4645739979768117,0.12187869586191087,-0.9478694182118161,-0.9765774177306719,0.7811749800347377,-0.7502376655551423,-0.294187760915322
2.7529411764705882,-1.5015242990134248,-0.9321586739416774,-0.4780821239809182,-0.7592556506896174,1.5140726241353355,-0.7430397395542171,-1.0798379566823726,0.44885285376455597,-0.46545834635339123,-0.5197932189269392,-0.6734580313001709,-0.7286318883605565,0.4671279636808974,0.35237282756290417,0.25696082155799543,-0.7958996714950864,0.6906860994971268,0.9001696937984922,1.5121261482722397,0.03817485768950759,-0.010841404576201983,-1.1708051982816652,0.15283941852648966,1.6894036531515801,-1.0935134910134199,-1.8635168013904566,0.5582454435575812,0.2755559558349118,1.17632302797573,1.934902942356371,1.5941714323335967,0.49580275165005244,-1.1165371552132635,0.030480248319568085,1.6154069710131016,-0.30517347644382004,-0.9646883145280045,-1.2386044127432778,0.08675946446470781,-0.6199810713279659,-1.2392564969202369,1.0011438406138364,1.25798279925338,0.37665948788534914,0.5925068886213066,-0.7956841474281066,0.6009501180665724,0.7783085677613555,0.9647164572133682,-0.3507742181755549,1.133053697885544,-1.121382727778465,-1.0304142272825356,0.2537176652226626,-0.05379721438405037,1.0726229574617019,-0.48241589399005236,-0.016321055192598466,-0.34123279781013244,-0.31103484163837114,0.49479721895226875,-0.3550283964347988,-0.2009178073312178,-1.1007244447117956,0.04952603278948273,-1.0084347112783496,-0.6033397339273622,1.517661498133995,0.1978759969715495,0.559564956863951,-1.265901998357468,-0.14848041591688724,-2.1198298513437277,-0.3616579570964564,-0.6322609763381775,0.6117094051126047,-0.4137505678285426,-0.8805823158532924,0.14885227511209295,0.05488356831829671,0.4317526390234893,-0.1314263143980181,1.778195371159847,0.7141513393822295,-1.7882662910739304,-0.1438622987404729,0.14295160730605497,0.24400227323406104,0.7654147126952598,0.16681312190704475,-0.254276447945844,-0.769769409593601,-0.646548820245928,-0.7157312968404687,1.081168097828318,0.32017290258276426,-0.5452223971003585,-0.3004450877444722,0.19835043111881248,1.2331837503336058,-0.6576128972702368,0.6390591449432286,-1.0092851149100595,-0.6095567075988586,0.0587974192724649,0.9387497180377736,-0.9590747298027927,-0.6659506298549978,-0.5496675473695501,0.9595604158011317,-1.159156164803296,-0.3860819089796296,-0.3685874409736697,-0.5332308054215642,0.6380707752850344,-2.023452290835938,0.37767412270737005,0.6291725134222995,2.104819872140903,-2.0199070533064702,0.09839291136996695,-1.083497328514955,0.15663094198780877,-0.1572944380899999,0.8738068428494742,-0.6837211725876243,-0.32048112564219916,-0.6058120610743153,0.9128213668057314,0.15400679143727264,-0.26462240494971434,-1.0735200108034497,-0.01580666478185737,-1.6785453556473973,1.235036896443578,1.7066518693369648,0.5381907811577916,-0.14984630482972383,0.34990451121765026,-0.2664204725079654,2.3513044146252393,-0.24289157569264716,1.741958121909087,1.0126242836677875,-1.3621792359228366,0.10955320144935109,-1.0692429015437483,-0.6094166117240332,-0.5260873148996557,-0.40402789978992465,-0.2205877347792366,0.444524661669045,0.24616148416942946,-0.31127559659926385,-0.7461476981968674,-2.0891809965965424,-0.439001422531592,-0.20891135865096963,0.5398113238150647,-0.06008767389901703
2.776470588235294,0.22148100476318366,-0.726957383870424,0.6441976966745586,0.07878002014605161,-0.02093966178688915,-0.9561686501970474,-0.0007640356372034397,-0.5592634095431653,-1.6949654306360533,0.4718188573251502,-0.7171426010712163,1.2299833111229268,0.3420327280605398,-1.3756237578569492,-1.319522825079997,1.2437548642392726,-1.4100963320084847,-0.71235252249499,0.8544385670137535,2.406654666993963,-1.169526873097552,0.3096554622291107,0.8277411381920894,0.11348717827919054,0.11270226342736062,0.038653661642512306,-0.8042319198214548,-0.1073994556660274,0.12286594606429675,0.6108899809451771,0.9010022956773996,0.3894439403309199,-0.0005345750456569455,0.007994901745527076,-1.4097443981701816,-0.9992216140457727,1.1946896924372512,0.15362600367061963,0.10701665392535291,-1.772591901545033,0.18554750851343682,-0.7120291286437775,0.8667531209766801,0.2082234976463299,0.30950006585832107,-0.00471653747304255,-0.6907690492643788,-0.9092984869270452,0.5129427201819122,0.2067038690560645,-0.19867387458911448,0.1650523496604515,0.14593067156792797,0.33031808976737825,0.08773803082697051,-1.1589370451273027,0.34907063368572006,1.031041979781505,-0.20577082857053358,0.4282570182872899,0.9959478538294343,0.39459196788701223,0.06472858645659609,-1.4784014755568549,-0.08990526771832079,-0.28170011399429307,1.1220011584781189,0.5672794605548966,-0.961646632249153,-1.182037887433336,1.0770243354982887,-0.36328954383183953,0.331358071777526,-0.8474497299202521,-0.549187923253383,0.826460510862255,-0.8781550586020588,-0.8208199500890068,0.6207520262231229,1.7135006165727016,1.5244287265277536,0.6993293152086133,0.33436606940971236,0.9807989361811743,-1.0545005735492539,1.5326246044093743,-1.2103163318894574,-2.3364036584450463,0.29007035843848533,1.2648240665051864,-0.2673338859870453,0.018666124029499534,0.29175949501677384,0.8584728551946279,0.6238518607335509,-1.3289470608457576,0.6718524207770017,0.9607523382494343,-0.8782475069509854,-0.8807527803252736,-0.19549927315529997,-0.45296055875081764,-0.718288393718966,-0.03309089614683828,-0.6492554785769032,0.8168909331742615,-0.4612347519277477,0.614395064509571,0.5350396010779779,0.3999535239060319,-0.5892490364417897,0.2960332058045599,-0.21217024870440881,0.1877368334981831,0.2664574068309252,-0.5727956475096078,-1.0596564564273883,0.22401668997019758,0.9566383786780426,0.907615844461898,-0.16661582442916953,-1.8739144454062608,0.5696754600568057,-0.5903464132824279,1.8495321203823851,-1.1639168830882551,0.9928242979186417,0.7953533776185375,1.4096100452478888,0.7409841368654779,-0.8212763710661126,-0.06853921932782958,0.12158129231307417,0.2782014965341775,-0.03735124842112467,0.09696163450461104,-0.16752358911818624,0.03604795383293359,-0.5579908122863754,-0.7801344181384292,0.35595387864294054,1.2584989604774974,-0.23651570871724706,-0.07903668328718559,0.06179257097260679,0.8012454770968617,-0.9683653695585452,-0.46062267071580604,0.9166085366726496,-0.45216017823306154,-0.42468149857549836,1.2122384369934716,0.1966251430092123,-0.7651203415682966,-0.6082355069804235,-0.44748111179682554,0.11051938670373049,0.14107471043171727,-0.04994098196914716,0.46111450223333095
2.8,0.5996763137226182,-0.9273008007970978,-0.6015286738563492,0.7916861479429063,0.8513225710495609,0.36913226572629176,-0.4661940188498314,0.4521894478043378,0.40972558422936817,-0.6129748330892668,-0.3417043474900657,0.8954823159138559,1.1028599742679848,1.343096095348547,-0.4680345636843679,0.25291998158061035,-1.3919188184055833,-0.5743552966808937,0.4045435346279188,0.810748138227913,-0.5094342041951376,-0.3562151374849104,0.5359295216857878,-1.2564206231163593,1.0524675545106204,-0.4198494926530339,-0.4162509281065483,0.7729800619412032,-0.4579855146254497,0.9371604223744753,-0.37951257258429266,-0.15556893861005444,-0.5178088406580533,-0.3464442414842614,0.003759675223992781,0.1316399046633321,0.2814578651054066,-1.0359137647188241,1.2266284419098081,0.9978526045179557,0.35617951512995477,0.2921840689580582,-0.30702071372602086,-0.7066727448765132,-0.7842039968458199,0.3740694183877376,0.7362536086258201,0.25805324770163385,-0.24108462652245355,0.6624779257127762,-1.0329835920391013,-0.009984204408429221,-0.6118798850149314,-0.6128364655802133,-0.7202877055781433,-0.879505442905927,-0.9286450996234002,0.6088001946794387,-0.4226941658092762,0.6042893022131857,-0.3716446674931797,0.9052799442153316,-2.2348435483939766,-0.5447024514400921,1.141729377827434,0.9959368731410325,0.5260694057163492,-0.6197079593098893,1.2059891066361854,-0.37982717421690043,-0.8007277604049012,0.6074786485156789,-1.1857745327171947,0.3783851705321121,-0.46750577579480773,-0.01723273743602943,1.011150467678269,0.03842650841889294,-0.41367265637992895,-0.8989209906902119,-0.1606391196757631,-1.3805408139786517,0.39578855420518744,-0.5705492241914295,-0.2024116991760548,-0.6718968687125075,0.2964026282150369,-1.2215552857067282,-0.41440830522079186,-0.269331859894479,0.3684574499809605,0.3181263277667752,-0.2696031847273242,0.10396021344874316,0.10230744387536972,-0.13364956261909558,-0.8557866060727072,0.27079958599539294,-0.49051624556267903,0.061093232514864024,0.2437510566743965,1.72256605288872,-0.41857082305622534,-0.4559091096475934,0.4801782313329634,1.1273438121431845,-1.5295245761370304,1.8044135857399426,-0.8618586901574684,-0.07309300563473456,0.4116692981454307,-0.5993196119766774,1.2045418959708376,-0.740435179080727,1.1807491972128292,0.18579072650137154,0.4445009835023313,-0.24496486358844313,-1.3622326039884733,-1.075420718206384,-0.41307330588840285,1.1498568179055013,0.1457148854941581,-0.4308826811346741,0.7058382378705723,-1.3654413478668765,0.9522619612377117,1.4162083051468408,0.4024947361607268,0.42701665829066854,0.5680339548920041,-0.9647367004808466,-0.8658597351547995,-0.5114595776749081,1.7070420185092097,0.4658959257281156,0.46317813463400104,0.7505362110066683,0.031836132817434463,-0.036113568907857906,0.735806868464977,-0.7701920157112951,1.1784737318468812,0.0047935354563001355,-0.47008712785532025,-0.3126552613348322,-1.0788396532146929,-0.4817748792967523,-0.835694311169385,-0.3290652460476872,-1.115290695919222,-0.28498578558033033,0.5446148482051839,0.46251964603332213,1.2101217239907962,-1.0518459666852011,0.7318402433383318,1.4068584698495097,-1.1987329966195983,-1.4390193832434184
2.8235294117647056,-1.1593265800910033,-0.8371282258479522,0.11461539988440131,0.44691438406198164,0.3858927851740889,0.0846645478352005,-0.23989884160201494,-1.1749731473466114,-0.7042869297274372,-0.12392181129131509,-0.8273230522369692,-0.47300404386299255,0.0243590789834656,0.44879801662608687,0.6107115962914368,0.1636482165871969,-0.17527940144818224,-0.7833245340164962,1.3058385592709802,0.6149297361486221,-0.3738839319355948,0.18751983799307625,-0.4731312759585241,-0.7977057996009961,-0.04947852318613603,-1.5444650107234597,0.9758482966712169,-0.705774532461398,-0.9838610384458935,1.5060377754532495,-0.8420728362375979,1.5501070767969563,-0.3772597752275529,-0.6988204554696044,1.1264807046971517,-0.2819483509645828,-0.710937424688758,-1.1305258254988868,0.5625446235036088,-0.8681487408599117,1.0573016549406484,-0.649775604013683,0.5605443016002314,-0.06247247285657185,-1.1925452421595124,0.7447453557874797,-0.711704926523893,0.5894369057625107,-0.1285116182308668,0.9376801065936647,0.9189761937915812,-0.6378397272490085,-0.27489086883759556,-0.24193179067992876,0.8128978133027025,0.5700971875282339,0.7898397906869605,-1.2941390552722531,0.807002798003312,0.27667063944828635,-1.3893738855782054,1.0662711284831226,-0.41911926876290684,-0.5463906267743973,0.2743840343337629,0.8184433335110209,0.27483675315427336,0.6005255967676312,0.37734768542323077,0.7603559514216962,1.3662275220434157,0.176398639964524,-0.4437975229821205,-0.626344429119675,0.6028640795788769,1.1591249820692924,0.14796330482077152,1.652077258663758,0.9733775518332343,-0.6086887419318523,-0.47855695072494775,-0.013431323283063883,0.2900354342808196,-0.5490997601508552,0.05010040892906046,0.4077811321614705,-0.017770721960831275,0.10778058162024803,0.020225323529503687,-0.42038525084273204,-0.3776330530244453,-1.1790775115206764,0.12389701764398228,1.2524249298684178,-0.012271170642992891,-1.4303058223479346,0.8981174151161243,0.5690246712362687,0.9353529390830094,1.2698802878847215,0.29901444736253857,1.0265546254187674,-1.0362861121447247,-0.38399160469886384,1.5371825806225838,0.6401199924924643,-0.30473860688158205,-0.5629588931167819,0.4051156416454993,0.053527922391848455,-0.3624146008705293,0.43910238483602165,-0.3938454439962965,1.4742238573039925,-0.19413855902875904,1.9600403256064451,1.2499914630726532,-0.5415375589270196,0.11343617612994429,0.44426693504157516,1.3446220978515413,0.018173701141172022,-0.014131630217324788,0.9329849723812449,0.11414041474362324,-0.010133433041309897,0.15105953350006185,-1.2454084439372406,-0.31305230118315036,-0.2646774874470182,-0.821283551979631,0.3543839921479758,-0.8538956059122392,0.9901586808801407,0.4898916772068722,0.7583267690379293,-0.4473079217532194,1.3767817834487994,0.502419360441479,0.05199155237662997,-1.0525145247359025,0.7687526046828287,-2.4756098202471484,-0.8789392008450679,0.1974768594817044,1.188358833914965,0.2710469424094611,0.8347992485023713,-0.3640993065887112,0.22109667504504893,-0.3530711062033948,-0.20156766569589207,0.20395668590605667,-1.2678246644627087,0.25963079789645227,-0.7312079560581488,-0.4333793928239917,1.800797833440192,0.8479686233544972,-0.1354907827469696
2.847058823529412,-0.07314671649578275,-1.627520045204622,-1.077128398518813,-0.21610275656893982,-1.7518292785484917,-0.8004517323126034,1.0948749071548438,0.2695021799847126,-0.7230843707756938,-0.18437545333034436,0.4507492807821579,1.5092016884107808,-0.2455473294681031,1.149027427911468,-1.882280759145665,0.38460023069948557,0.9115528355752351,-0.18294475071957678,-1.1098737573383062,1.1076446065245102,-1.1022087420140714,-0.4750916267626485,-0.7541158676106146,-0.06631524586508804,0.277819473343894,0.620142545095102,1.2429580421130626,0.10768647193191573,0.4585369277487736,0.5044176819273287,0.4642139377675648,1.0769498472460324,0.06302591398935561,0.17489680142872652,0.13537613956180397,0.6097239290754266,-0.3934168703933101,0.7086565688873029,1.1137553617715297,0.8389157154309509,1.187693101725913,1.7638727487921622,-1.4305466187833376,-0.30782317137113235,0.15981349482704937,-0.2665169229498529,-0.856090889485584,-0.7987367376441074,-0.7190451682190553,0.2573823599775083,-0.16463950845780256,-0.9539834702323134,-0.2631197638866845,-0.629192434707991,0.24422785827485377,-0.20945638912025105,0.7976282343815096,1.0416865823607986,0.3970292924913033,0.3747731491659236,-0.5441630306696146,-1.265912938763166,-0.30044219776610215,0.5818089242627251,0.7715553444495046,0.9701594155329476,0.5826307360710692,0.32016792986864756,-0.08694015005857635,-0.16134377142043602,-1.1961869630658124,0.011623687971232772,0.05894749457002611,1.624794553728653,-1.9570505530784346,-0.2667208774427427,0.78896129180177,1.0426608687293877,0.31101529935577915,0.18745561135343689,2.864849190459708,1.9051540534955265,0.21273551673181054,0.29209059533842274,0.5017502302723367,-2.0690971881592604,0.7617830417574121,1.4374614442085965,-0.16686704076547332,0.4824771601822076,0.011685369369157515,0.9241172784903532,1.2018754662710804,0.34771276450507044,0.4902296091210831,0.5441151796305391,0.3760029375794938,1.032001739973389,1.356960918948106,0.06702869599696108,0.4858919781647387,-0.44236915829495066,0.3884763303038458,-0.6609466906197534,0.23215903864684936,0.41130040355908737,-0.022003001159821525,1.0974371033611576,0.21148705706825396,-0.36275656984300253,-0.08663775375365296,0.2567910599808967,0.7358323762542467,0.5109829976822262,-0.3792094116513162,-0.9195545496479522,1.4677973461317195,-0.6088742394086306,-0.7502956912274811,1.1071472289188742,0.9151012902631352,0.8809854700544575,0.5478029667269957,-1.0055157708872373,0.6593076518539082,-0.18648821092811618,-0.17890238193659222,0.5401340045070067,-0.9678743538492303,0.857288738007562,-0.09704570196318056,1.3959393223863368,1.4099099721613226,-0.372182835224045,0.8057528500121861,-1.6336061276964462,1.2610349641180374,-0.401221650222565,-0.890066636991455,-1.5693293951633511,-1.6510598142637019,0.5064807894503534,-0.3792273537406368,1.5438772173336488,1.2071609989133014,0.5540185573302193,0.9695557511333673,-0.7435497096874752,-1.3072047083591416,-1.1684968573309797,0.09410344211757031,0.8098881601905619,0.20016581537086514,-5.809564475532424e-05,0.788004708027184,-0.5942320698764051,1.1651076054609815,0.03240895584206363,-1.7641009560273355,-1.766938165117579
2.8705882352941177,-0.17479890628094005,-0.37064135375141605,-1.0901884880067088,0.46332539987707966,-0.6741104065210187,0.03306014628265261,0.364406969490566,-0.22463105243861448,-0.9099932309022213,-0.7316433642963368,-1.929988006963619,-0.001749762986848116,-0.7164178800588309,-0.29709435732249767,-1.7894973837775945,-0.8375222130693456,-0.4918567803896068,0.10788590635732477,-0.6023927089030292,0.1160810069259839,-0.8486417161038634,-0.33708458001559527,0.04353923777340435,1.8048333101192109,0.29434219132981715,-0.810233065639618,-0.0553205238019836,-0.3231088123830513,1.7781887274460482,-0.19268684966613725,-1.1227459892113476,-0.38728762042790854,-0.7077973340170675,-0.3228571181167122,-0.7142527249328527,2.0838739214786064,-0.8307212856373276,-0.21642578342513474,0.20990435374395164,-0.3685761423752998,-0.49449637680356745,-0.5982821173467203,-0.7462756964841121,-0.5298715930814473,-0.47381687802431405,1.6158497011358117,0.31318817027113516,0.23651292865074927,-0.7823003887110677,-0.4712571756955018,-0.406307689117477,0.6677622967911899,-0.03626576961919892,0.8089262832584359,-0.018731522931840234,0.506411728398649,0.30539883590461503,0.2722850228443447,0.4791241793390252,0.7430685495511081,-0.8216884728578322,0.522815392019974,-1.206397886641336,-0.7220485473155995,-0.3795725868729143,-0.4078692152742642,1.0852559956810133,0.005470918962265978,-0.46937264209479146,0.9128462446704813,-0.7982767771920316,-1.1888836438006256,0.3872511291281339,0.6060884034329515,1.6874846262380225,-1.0305556519561356,1.692892653967601,1.468974806290056,0.3868313507168306,0.19009868385360956,0.18531232875589757,-1.2069991027841533,-1.146440000884295,-0.5786175113404544,-0.45916606105546254,-0.20354935248114614,0.07559769391790973,0.9327649936454809,-0.6687040353014506,-0.8154507552278273,-0.3354414111174524,-1.5584368235377066,0.6314103120249798,-0.2286461722815333,0.2795805720329281,-0.6342786612602345,0.3635906737154689,-0.5777735058054441,-1.0123273822152632,-0.9197737387798152,-1.1472049808727227,1.442506471387037,1.257164002070633,-0.09828732715917372,-0.45573066210302554,-0.43028728820054263,0.1092195746237876,-1.1133244733571066,-0.06914058610870207,0.6388341243259373,-1.280863243649323,0.37943459241727256,0.8984789684582977,0.9818006417195143,0.9382742806498465,0.17263237362198153,-1.2459653232297991,1.5965562306490182,-0.17918776627869365,-0.37808138891580306,0.4113312636398387,-0.4407117783904375,0.0840122979502277,0.27368342376276794,-0.8962963045633782,0.3899152274436439,0.7123748477723205,0.9183245859029315,-1.7700100704127277,1.604960056842923,-0.3578541964390895,0.6745259608909793,0.18721392460435649,-0.5463980514006591,0.6771165232504437,-0.6506265484181327,0.3238608043698543,0.29577675852807245,0.47997105049588584,-0.8284333052483102,-0.12756561916614045,0.7700114559265772,0.29648170748836533,-0.8360404083990568,0.3057260887394942,-1.06668557162627,0.4938164648738793,-0.05594786044879469,-0.26691213829746624,-0.5347093236137802,-0.7385000493332193,-1.0053281504199683,-0.5583056084407824,-0.12822554047171078,0.22774028510681335,-0.4346757243083544,-1.1018564993329023,0.026858082581073466,-1.510520248853189,-0.9017875223381343
2.8941176470588235,1.3243076027053922,-0.040958545065062385,-1.0854181855984775,-0.08648716977658041,-1.4712043555779575,-0.1536513978827202,0.13637381203917,-0.9237944870035186,-1.0705828419689052,-0.2713033503412628,0.8997148552278117,0.4867731279622845,0.7234352590761041,-0.6063645447936655,-0.11124723847087684,0.5876911083741139,1.9697290731100416,0.43181121118385174,-0.1366055809420384,0.15957044760807254,0.2644794617872759,-0.031025444994002945,0.32361283429338294,-0.21555836217966254,-0.5176565742874351,0.9179421397358799,0.05936998145666089,-0.20618215709816815,1.8823759881862787,1.2049418107948444,-1.1149419904465134,-0.030590986117485452,0.6512398494586134,-0.36058510317116665,0.55318533942852,0.3157491321739607,0.6797937759689531,0.039698168653940935,0.42392501559412255,-0.12941045381881286,0.45076312874301516,0.08084977974760876,0.5316909241414254,0.2174070078487922,0.6067562414664717,-0.15153859641338027,-0.4078183782141302,0.08629032691010842,0.405637084838286,-0.6931935358898361,-0.14857031548470578,0.46577596374360797,0.18365258503107165,-1.1535840650182965,0.35103327534693496,-0.5440354854288441,2.067385879739382,0.6209949245704649,-0.036975288524008554,0.550905354990315,-0.8922940342325173,-0.5532785227202226,-0.04412688349809216,-0.5456939720428248,0.9614553689163168,0.9530194584773648,-0.6938082462514401,0.9982679001276149,0.6344979280206948,0.26954623857763016,0.2703196378956266,-1.6540615550799789,-0.3939965780145422,0.7125294490372178,1.004454313040823,0.5121110442739235,-0.08904296813582947,1.0239687513053146,1.248404566725711,0.013054740095409457,0.8736549672500468,-0.3347541849413146,-1.0187779747721224,-0.03452275759043754,-0.9650891784934306,-0.16357262802360467,0.20519430323306234,-0.1771400315328835,-0.25095084362153813,-1.0292066995460036,1.34203840382954,0.6524794577761994,0.6948769283204781,-1.6028302404815655,-0.6161558276983304,0.4040773090194585,-0.625298777139405,-0.8387909412160909,-0.5910161615192773,0.6052084729654765,0.7609586476198765,-0.96997564094063,-0.13661842338015986,-0.23495908082088407,1.1479652218406409,0.0968891989034787,-0.5706236260349488,0.2812392508742729,-0.5156408146566992,-0.5686138963786481,-0.2455992667151502,-0.10532986017129561,1.8415715200047496,0.7475171541284514,1.1395760129965498,0.19988556540230928,0.0066809315632297235,2.143396943504483,-1.2553840228904884,0.7252374272288751,-0.3392327695938977,0.7319803743517942,-0.3656159088975568,0.0516136253862967,-0.04044672149602071,0.6343001410991511,-1.482844910502423,-0.20640115640523332,-0.04858489724362728,-0.5430032217294641,0.03666581006301878,-0.10301820186408785,-0.44407607673997546,-0.7076478386460224,0.3472996190206806,1.8120935723091518,-0.6041638336288934,0.663185066675279,0.08098402238323843,-0.355767822552786,0.9812234417134676,0.19589244638151385,-0.008831171302357593,-0.8021042177170431,-1.1018308783925712,0.054378467785252585,1.8058052798013566,-1.0427241913775223,-0.16902792940331463,-0.7775687478883841,-0.48973266924792497,1.2578130058874457,-0.3850269798010678,-0.33736778396582545,-0.8082696385625113,0.25919112932807536,0.8180321528249118,-0.45161874207950603,0.03790324821541357,-0.17451824063814617
2.9176470588235293,0.6865079799648339,0.30843202521141105,1.0915279155697966,1.0694492820250836,0.2163157476901451,0.07222446229034486,0.8410699859392679,-1.111077955592021,0.36338024732437074,1.7115389337318097,1.0043629370129188,-0.12770107593026794,-1.6665679750831148,1.0522843594274356,0.30175867349595414,-0.6336148356090986,-0.5094143223823013,-0.5971244060579743,0.05988361569848869,-0.8377521403320181,1.4004675328391243,0.0820729908482599,1.0010224296849417,-1.9439821501324994,0.7260751719340416,-1.1031205132148176,-1.2489705069202435,-0.30063998055534635,0.4794682795239555,0.5145638771694265,-0.030830044452326198,-0.6675149506176743,-0.1449451474458934,-0.6085976245325406,-0.8460402664102189,1.808527964224207,0.337622780361413,0.6885687527713633,1.085453797692019,0.09851891507907574,0.3742234663674196,-0.6306720577262783,-1.3379913444801548,0.37440702460162517,0.7844354160834994,1.2930309960467123,-0.1913037419826414,0.6991538790081173,0.33992908089109747,0.1906504854476445,0.9250554995317047,1.7340776115003185,-1.0279454058091937,0.30751721957001615,-2.192468465108274,-0.7878487403457916,-0.7850991010580081,-0.26126350189583,0.9248836076747351,-0.3368849465541799,-0.26927250925734325,-0.03606233055653459,1.2468892708956825,-1.746047737230363,0.2249612067623831,-0.010644232145865266,0.34745885733762366,-0.7778529451556668,0.7541391816955423,-0.01892538905896619,0.05426730098136618,-0.04424424596904588,0.9447630996680305,-0.03983384018959433,0.011287041982501396,-0.8700252221027219,-0.7605101738601715,-1.0608135345756835,-1.0992448583815064,-0.9920501826721819,1.4936170670838582,0.2587283010781843,0.6942324273279747,0.9524975811863065,-0.8600388894912028,-0.35008922672366,-0.41463161542704374,-0.2984036288414028,0.19784095473149796,-0.8267472157981799,-0.735384602199821,-0.17649677839433156,0.5853242986865995,-0.7026213983334235,1.5894670920490888,0.3251551659378522,0.0032594743251463214,-0.46177775903723467,-0.7981535024235465,-0.5599329790911299,-0.9820326448661039,0.8710282243666959,0.40024739003981685,-1.123978650085031,1.1769084115999466,-0.6079047747597691,0.5818246938655625,0.580284476115574,-0.7315804416174807,-0.9327592844431676,0.4335193207126197,-0.1443271247732819,0.8491377186952436,0.09140728512106634,-0.7347213058483205,0.1924698095806501,0.07112304522761885,0.3596828167245338,-1.388511289122166,-0.39416197735885244,0.5786796897659922,-0.17717741357340988,0.2288865898358005,-0.6991401888774615,-0.4026990430623389,-0.2150996210056612,0.15916790570670833,-0.8616878912227379,-0.5334968225377061,0.10893519414392729,-0.49766312102850463,0.38749396290195565,-0.03983755505706584,0.7481068280040577,0.33500345808133547,-0.011971504629926157,-0.1427926061423683,1.4762834737556652,-0.677245031803531,-0.32973882494558926,1.2853790638551936,-1.151628508241235,0.7375305146702623,-0.5206387514951459,0.9652651088641572,0.39313375793056976,-1.0850292158076822,0.5185940984582068,-0.7397649784593637,-0.5374922557752887,0.45149698543124994,-0.6204675958031173,-0.14952670237439084,0.8795973328107849,-0.3992206238430508,-0.012517053287053255,-0.26818509812816266,-1.0582111170984991,0.11304789548690929,-0.004227723186042972
2.941176470588235,-0.16853419690541702,-1.4021476578073595,1.3426576819686398,-0.08921470251771992,1.1668819411852869,-1.7062728506533085,-0.8574403362894693,-1.63117734542063,-0.17593931557256487,0.5486574097844049,0.4978778244965968,-0.1608439001849506,-0.3632568407115121,-0.39875036274646136,-2.5788924252841166,0.8810083765572129,-1.0294168527129506,0.1665095049407598,-0.0769523773682382,0.056843495742639395,-0.6669792419014433,0.6509916814199515,1.040840056015795,0.3486387679279205,-1.1642268392166273,0.18878119932732704,1.1866411295901507,1.4616868514028167,1.699206769897048,-0.8419505082324237,-0.14981115562934955,0.11274136226460806,-0.13142822476585278,0.1273402807077261,-0.04043044178762828,0.6101637592246798,0.0540698942766939,0.7179472882482797,0.9424449683295016,-0.44116399254342875,-0.5120627105721232,-0.8217089166561217,-0.08901413645461363,-0.7157848081190229,0.7229505881805588,0.37373449119432034,0.9182712646736343,0.5197686658649163,0.2062694129086528,-0.15088471307877055,-0.3294547916887766,-0.19952800780193397,-0.47227192624793674,-1.1845465036433258,3.045401475169649,0.2671520418921949,1.0003243849780996,-0.5706531710638164,-1.270710225153259,0.6670763816005553,0.17574415458772216,-0.4511907310520593,-1.0547103325573497,0.620545267174497,0.9735909506301637,0.8882020024287461,-0.784757933986232,1.1107888872187883,-0.6981825190327853,-1.0074737544160302,0.09669406510712347,-0.9327639162524063,0.5733930759583308,-1.1109333893278515,-0.19806599751240228,0.7059018707432304,-0.3228942631702119,-1.7808247073496164,-0.16423373558635476,-0.11453405907102332,-0.42642486414300856,-0.1687642541776906,1.9952335180903316,-0.8572897864006236,0.13403383930118246,0.12254349710526197,0.8135777995428013,0.2565171597181465,-1.058812601553627,-0.18093893588391063,-0.4013283931539716,-0.919073982610266,-0.422664612487747,0.3043733823461199,-0.33307175448553417,0.7318895941582878,-1.3719204005140817,0.14895599987257122,0.5913902589190262,0.2937850875715977,-0.6955516677537035,-0.19767825701934275,0.9857397083560713,-0.42631547912378936,-0.008443162250212915,0.0407115528884857,0.011837673416251977,-0.9323152293165503,-0.36917065180604614,-0.49453977190552734,1.5712658242807644,0.7545529570329778,1.3043470764615668,-0.19738880427551672,0.11988898160282788,-0.6030610353321161,-1.2469765825957724,-0.3200724591942503,-0.6466729997661905,-0.3614255797092545,0.5055783723233914,-0.24352073604101102,-0.14309711495253968,1.1081510752896229,-0.131407109606723,0.43670165515957454,0.9353087337226489,-0.31409871609100115,0.02963305015280831,1.0019780886122154,0.5279894583410379,0.5229865361128891,-0.8635217778261661,0.43846300297046403,0.4551297254078882,0.13423207777259286,-0.41353806808597354,-0.3423744349667983,0.5230148009694615,-0.07813342120322705,-0.7673115903746152,-0.1276242835873886,-0.28979018524616595,-0.14661385743015928,-0.468869936486623,-0.32557040539644444,-0.021852687771666306,0.035906235194194114,-0.43387895830384426,0.45691459537029405,1.0366022318675776,-0.8186912343689677,0.6567956764623041,0.10958408534497688,-0.1596808801911458,1.1883293220599942,-0.02558953836392091,0.6873613903575749,-0.33312440788357645,-0.5529703909806679
2.9647058823529413,-0.6267978279037969,-1.04361749840335,-0.37260467985958756,0.9757626429234205,0.47271179587472756,-0.8040298552160121,-1.506648469094684,-0.33371712612256155,-0.430656584902189,-0.4443715816370692,1.3599832436353616,-0.07749139979866883,1.197164021659812,-0.9822446428325663,-0.24899368447498604,0.4404928177808152,1.5269130973668081,2.00427512196474,-0.7495372208571276,0.5153732426286142,-0.8553003681730423,-1.2847028253942343,0.247498187468075,-0.4909949402259682,0.8728183797749701,-1.7320608885753948,0.8320802456185907,-0.9454389581319608,0.7756840199288946,-0.9524852001927063,0.8471985486919955,0.5442825172119429,-1.3707207965756827,-0.6869026463016006,-0.887768370390065,-0.3683647566719404,-0.15663128208865723,0.3938078114970426,-0.17130245856991883,0.6956329415568357,0.25124231142015585,-0.6486029404237673,-0.44343540597609055,0.4065017537612621,0.6439778448135023,-0.7142967477066189,-0.07866146284823645,-0.5779376370828859,0.48846594274418426,-0.07856133223703617,1.0258402100384794,0.7160146607925034,-0.08332785418619827,0.35517903557707103,-0.4294361034212895,-1.0982001422279954,0.13985567251575443,0.15898793400775338,-0.6116033425613796,-0.39969249060647133,2.530725796526315,-0.2706120099438275,0.5190449060643518,0.4649879451877368,-0.5224925431858726,-1.1096216067446865,-0.6485435115927973,-0.5302756480545305,0.01645298648062404,-0.9598513282537133,1.1904978826853396,-1.3837314615787508,-1.5724591982021694,0.28748932950681577,-0.28596364086547754,-0.3581204497231751,2.3396410770207123,1.0334493610824456,1.512043939335171,2.4444073437825984,1.2937154506646522,0.36682290636150217,0.7678790113794284,-0.19035489049857582,-0.3360239847857047,0.05931386701371862,0.21340288976496166,0.8743490988061533,1.1552905403453508,-0.3381226869542145,0.5615480940778165,-1.06798471305431,0.5689297626156975,0.445150595110296,1.2845561135828265,0.06546995602170447,0.24240312429309457,-0.862094980215731,0.14569626406993397,1.389954833958054,-0.08133816092310052,0.2448151963596308,0.7881523332454035,-1.4275487175878931,-0.46957846544854576,0.8828475224788466,-0.5628401767818316,-1.095309380174329,-0.70221410537877,0.9402180653368707,-1.3877341463091752,-0.4851730517143165,0.717067861789841,-0.2088500606285651,0.19079220804226016,-0.14553720665997832,0.33854450483779286,-0.9140486248859744,-0.8747406810111032,-0.6919922924048988,-0.4426944594211416,1.2706093507745946,-0.28098307678415185,-0.008963734356140049,0.8017207866386001,-0.399513813488284,0.005003616236563576,-0.02080031382320179,-1.7729390213762266,-0.07460762584205147,-0.6812110801825528,0.39496357704995283,0.23794509704944494,-0.7413566924670861,1.1860748923809077,-0.5115755994985912,-0.7491466732558287,0.8661107209454163,0.4816302084522519,-0.22220001229239827,-1.5568526185605447,-0.3788541929533917,1.4378848924211265,1.1677244792010668,-0.030145961321825922,0.9231233534111557,-0.17616663582803258,-0.1933566252131361,-0.9296800022924161,1.4285951056322843,-0.1264996958066477,-1.5336088991999297,0.7269412969413891,0.6121182141128436,0.6046206129767852,-0.1816513279688049,0.7627483041620183,-0.3313148437612782,0.8867133640535989,-0.1679511863584496
2.988235294117647,0.22903577085885238,0.6375372490643283,-0.8014786946645301,0.05152198106607865,-0.4436697828424809,0.5590810421035882,-0.9900331688047677,0.0596660270543798,-0.46699410660832313,-0.595105600782293,2.226255335294601,0.678202346180702,1.0923174389585155,-0.4571398073926372,-0.013732056821633773,-0.248936856863986,0.8082696470029901,0.06154476932426199,0.35939096615163135,0.12200977191347923,-0.015800766270906662,-0.1164830582513302,-0.02310481083932056,0.24220920190465356,-0.4651560001932614,0.04323761307894904,0.07712115775249852,0.012197691264234804,0.5613633958646108,0.28735468698274425,1.1363432863260097,-0.3948366180661898,0.2772572298386331,0.011473412551641374,-0.7599061505688838,-0.704325942041418,-0.9169776352237655,-0.698039603245095,0.25020330135826213,-0.02554855730214527,-0.3449735176354185,-0.7277998016469432,0.13092304108437333,0.7234253267175851,-0.6522191306171508,-0.17090122277666958,-1.6721072963410528,-0.4136795179884524,-0.3030283475591948,0.03427402728799833,1.1101295738032553,-0.785727317551391,-0.5291088040660575,2.2273221326782044,0.72358889641338,-0.40721063812126934,1.7008928423759195,0.45797379632838964,0.6529421075771185,-0.19962283661012098,0.8761538005658979,-1.5067373817245449,-0.712199178300971,0.3329075610273847,-1.7050580291747577,0.21374199190025367,0.6896261451545347,-0.9418770178301409,0.5826891892881594,1.316521690961487,0.8197033427388015,-0.21040677516778766,1.8970851258267438,-0.26219944892750596,-0.12454018138813326,-0.405775258555258,-0.4945549576656878,-1.0747741781660096,0.6678694609659207,-0.8266800814102387,-0.4176661126537118,-0.16217093469729085,-0.7946954831823116,1.0634808286704764,-0.30635605434271984,0.7710319954646766,-0.6268451220366331,-0.4060008168863431,0.8663459310581191,-2.0419001249751423,2.011678605140858,0.7882918037476727,-0.6541304729727135,0.4501589082969552,0.27798284153542835,0.46462545768377844,0.4964817897933943,-0.38848074357453655,0.12570335493008036,-0.2819763886020339,0.1877601897460868,0.4580121481188243,0.42632421492103967,2.2496783687787887,1.1579446680023133,-1.2934150906751332,-0.6639216719930022,-1.0256595682824508,-1.005394945753972,-1.3148127769836129,0.8562792601796558,-0.2376402508172457,0.8673345878715163,0.3073961111249773,0.08812323493180144,-0.6758148905074897,-0.3967210543399001,-0.6676272258844955,1.239371177966861,1.0299676234224397,-1.5000884555071565,-1.264388125379602,0.8056246580795612,0.7076853388059783,-0.49788890040950634,0.05589321586570264,-1.3430766916785153,-1.5170385098364922,1.1481089399291076,0.29576819062822246,-0.1998563279092536,-0.9906418090194721,-0.49332254367897177,0.33846199805219507,-0.22942205667980187,-0.4680018833617603,-0.8239899912611471,-0.06010456511254934,0.5746402349497927,-0.8039913165373735,-0.5902256767120305,-0.42723688127063125,0.6714517366041778,0.2772551277150092,-0.20197140931965435,0.04377671437903366,0.45005878868680943,-0.8031568813058597,0.31722266888848766,0.4274392840612029,1.3648122775991942,-0.5421077426051456,0.6986816166538785,1.0833962106348454,0.42692029414788846,-0.3146101586694148,-0.2674058241693097,-0.0435902727336725,0.45803357347630197,1.114741604930537
3.011764705882353,-0.5096315281053975,-0.9743601460743725,1.2180917045350876,2.1790302003567845,-0.9383419905872784,-0.612971147931222,0.882597853785731,0.4375830682688513,-0.8092894457870548,1.7188338677685226,-0.9685297050777042,0.8554034283897801,-0.16904739111728886,-0.49093996908050924,1.0301686343785246,-0.39758858529933827,0.2210137599848683,1.1918684998221714,-0.44781421783356395,-0.9163425175217762,0.2429892069861798,-0.1366218262687364,0.9738508510749527,1.1535171246785938,-0.6613016961699003,0.69303149932873,-0.37039911364457045,0.11356113509185278,0.44249641026415043,-0.46796283425629875,-0.041754281466059036,-0.7168237690457369,-0.6405754389816786,1.211793989110986,0.3670547171829445,0.025571406651029725,0.36411029343276036,-0.020520641992439317,-1.1873664889423816,1.0166464321184447,0.4902245714244465,-0.3657138283654319,-0.7894716678667323,-1.2169780821059126,2.1903391083073718,0.4786788800281358,0.7105530238588845,0.09283869114359893,-0.508813799963948,0.020476866590794122,0.23557412470311148,0.3765441758675916,-0.3487233822275397,-0.6110867238953418,-0.8407294522706769,-0.8843569486964185,0.604168233580985,-0.6852252699637703,-0.6183955860502733,0.8552382006581407,0.49867859423706995,0.6007389471137998,1.0390119248687433,0.2848312522704321,0.6601139066114793,-0.36599631168181357,0.3260397909363118,1.3215838658434158,-0.6310515195557446,-1.020756240473425,0.22419599369008658,-1.2876365680444228,1.0158447827990016,-0.4963664473192463,-1.0961432597579823,0.9846346665803316,0.18683086085598713,-0.7488461939132202,0.11807273026034054,0.4767804103275427,-0.2531696808386267,-0.51437172445186,-0.8265245922265925,-0.1568844194279162,1.589935891847493,0.06467203090163579,-0.8653970687836784,1.2525232597720182,0.2766106837310841,-0.5096215289748945,-0.6286915646867056,0.8134905860109869,0.07633500300729283,0.012885280034938253,-0.26679750697831806,-0.5468220762263521,-0.7844151323302616,0.4692497169182529,-0.4784301770499876,-0.8879512250705867,0.3639446831839514,-0.47472392486319076,-0.08991065991101399,-0.7058027578673298,0.6849605526525628,0.1119062423282691,-0.362343235022887,0.06991135122391029,-0.3676077987461135,1.2496499465729007,-0.44784450193938774,-0.13174422022502164,0.4930781073773315,-0.23725640942120546,-0.1828888012715342,-0.7090133618240207,-0.38757624356859893,-0.20384565428175133,-0.004471780798761606,0.03767323270172369,0.0018233050667327197,1.253353153395944,-1.2136036624257374,-0.0007558182904789525,0.15346010752745648,-0.3826473876167237,-0.12365529720574579,0.5586081656697701,-0.6984260878466497,0.2801547248048678,-0.15895756228865682,-1.080429915992757,-0.5445027175200962,1.197515384916364,-0.5105364274933621,0.07014904726495276,0.2858787574403982,0.2118460971094571,-0.4274989071524315,0.16586021304388743,-1.1396676902011589,0.3393561235122808,0.22710583910745868,-0.745155983195453,1.0897081433301006,-0.4720653419746012,0.6549635735814711,-0.9318865031503673,-0.4840348249169573,0.16325163981433194,-1.4715907506783095,1.9815924739304664,-0.008207211474834799,-0.01446956909784807,0.17572157441198125,0.7488827775144418,-0.3584314175389041,-0.2487901247893065,0.520952930724906,0.3797040839351251
3.0352941176470587,0.2898548088379393,0.24509030074018118,0.3273847657671438,0.1749574113065484,-1.2776558710191506,0.6537061899301593,0.9699738410336601,0.008111076808918182,0.17335680689616245,-0.17458090031324064,1.8586231733131076,-0.8189711013660524,0.4447571054795125,1.3054691648893686,1.0315656090335237,-0.549929173827808,-0.039127659699650416,-1.25338360026573,0.06827677362743016,-0.7462853924874584,-0.24397429977354218,0.4004347124849462,0.3742080114743647,-1.3316435146684509,0.4893124757186958,-0.7138624234568653,-0.7365763103204377,0.11376327231643124,0.24191063541052538,-0.13472913700196829,-0.8008501914730856,-0.7427257516077742,0.0568947947579543,0.1583246148142539,-0.040783230056111924,-0.7434251912457439,0.6522151757493908,-0.680159071543744,-0.7118805959056416,-1.087517223128453,-1.1558266511840698,1.1452767462517421,-0.450399026117923,-0.3968075172750511,-1.1306393065938438,-1.2970424510178649,0.2220012703418091,-0.11579530335233008,0.2697360976563814,-0.6303760492895877,-0.2892281215751533,-0.49772494472984785,-1.9568057857808048,-0.39653407860634204,1.229026583070212,-0.2132899800242542,-1.6756770178052,-1.0681752456977813,-0.14799683560705548,-0.4090885230080848,1.6766864836349153,-1.2784293461357268,0.07138277912071571,-0.8942269158119247,0.33262075333502034,-0.41283671106808256,1.560459782405622,-0.10193760778929004,2.100656211510836,-0.1245079400864804,-0.41854295193471075,1.2942584047139725,0.2265521262543404,-0.24117643044699075,-0.4099972428263794,0.17722831950846948,0.4483586525129839,-2.078479358253767,-0.11842067087687803,0.28174082315050236,0.9520216398860069,0.18931000667551282,0.594632218527511,0.41562847177752676,1.5754003632124982,-0.4701117784290827,-0.40319315455380034,-1.0097551179816062,-0.992754962083103,-0.6139842060832553,1.3033478644727796,-0.5044007894509815,0.1166664503376733,0.7179904294001134,-1.29695131210717,-0.7794816356412351,-0.7901853457491284,1.2999952351921302,-0.05871320352057991,-0.41009284832255727,0.1264199960742962,0.43259321857444705,0.21498130113472072,-1.4607754908083976,-0.2851152320665966,-0.8965616780403781,0.8020694731707609,-0.46022807986191644,0.7921435060248193,-0.3839068351786892,1.0541202098497964,0.21415272555670994,-0.9644346393319273,0.04763439464384769,-0.4906344102697182,-1.1625964788103165,0.8781586917297228,-1.170387956659227,0.6660938102031678,-0.9114139725114744,0.9306957661439763,0.1558878145297603,-0.6260184216132596,0.8000104459125803,-0.5452572516130186,-0.9019607309428134,0.16207587521815836,1.6010994227062483,0.17798744864586163,-1.0956225409350124,0.29416104042149904,-1.4183845442446772,1.1045038192273102,-0.9817850361040851,-0.5515565636192741,-0.21829611774152505,-0.4944415442368939,0.13646249712129066,1.9041902915098823,1.8880774702041352,-0.07519291612978339,1.1186347173581455,-1.0080241841123472,-0.1332436277071706,-0.05897001111205406,-0.23042061647722958,0.01584613942113433,-0.692028121229975,-1.2463654956993024,-1.2736656140180393,0.4027622505895842,-0.3040215181105631,-1.1467532022490965,0.34382085072745394,-0.5866878183040661,2.1879109828677983,1.047722395280965,-1.4689548023861434,0.33168718933357827,-0.327006055437326
3.0588235294117645,1.363814470904963,0.8068824225630955,-0.4626742840912017,0.42887646342160063,2.3749286499043243,0.27638600802884244,-0.08284514806324612,0.22967100498424886,0.10663305456003819,-0.3444072572264046,0.6870172954588202,0.5623248496335684,0.08035793936401613,-0.17376633657448443,1.0391394473232463,-0.6851434940159694,0.5451043785117097,-0.2054825113014516,-0.19638803937507532,0.9796880115234752,-2.174193741551543,0.033744967183700465,0.6984939477335871,-0.9870838785775146,0.13081268945709662,0.7476854242281867,0.16689496288295927,-1.0302234077624632,-0.9910225450229733,1.0617757113464463,0.5594752774429086,0.14430602914288157,-0.19870990237012,-0.46387417300615974,-0.5124048845378765,-0.9333727067594083,-0.7978925387020791,-0.4831522416524985,-0.06593823341698889,-0.705462350005937,0.6661646440731074,-1.8120370916129787,-0.19058212673392355,-0.5133702165581658,0.8555368313285177,0.45798139893363066,-1.1100743429376647,-1.1623159604992752,0.049393376878714576,-1.5500670955808808,-0.7188862525854028,0.6391216065569929,-0.7187723505890039,1.036986299345224,1.115490928071703,0.49724403702539843,0.5095763565470869,1.5756363863870222,-2.3671104701524164,-0.2123357956627824,-0.16599089534547745,-1.1505274872580424,1.1828211075903867,0.05988978438015286,0.391309232492876,-1.3445654023405418,-0.3224665424020344,0.04535082064930814,-0.8340683322596022,-0.7870299258593252,2.6073392199979755,-0.7194846834895098,-0.09356725003108218,0.9442664124827664,1.3198881835238787,-1.1545686845533487,1.3573534041978732,2.338407062002561,-0.7718040365261174,-0.7287105420199231,-0.483720657786829,-1.6874163923518026,-0.8019440352286953,0.9162038377206806,1.21669928455161,0.015329936821856353,-0.11740631746291065,1.0589541264661957,0.2819413066547146,-0.18458588726584846,0.09348892111925955,0.8710973208925374,-0.13543961144319538,1.545966627345941,-0.9354800339644606,1.0399873083941582,-0.32077263678633794,1.6385745092846198,-1.8161676398354956,-0.45772177113250767,-1.4452914125111591,1.508104156588426,0.28244574702094766,0.9576685068125196,-2.0959636565490127,0.6029408548796835,1.2202679113942818,1.6622295180150584,-0.817025228208535,0.035221611161132774,-0.03461378770903265,0.03305391924676275,-0.948595819010741,-0.963652577578305,-0.4363475927011883,1.2036875885202032,-1.2766785943671684,-0.0531922750516252,-0.4909751626590007,0.9810861311292339,0.2627782585101139,2.086342717937803,-1.483351579039881,-0.18606162359221473,2.425213466511693,-0.8638588471449442,-0.8844971549347024,-0.012928364694217867,-0.8598822529075151,1.083830498544183,-0.1813384686372144,0.637752789863483,-0.47100056649081007,0.929094295010788,0.05687751334264871,0.8371580610928483,0.08772554805089501,0.29330134454209267,-1.523619028472981,0.12940001157031275,0.3033461966389327,-0.18955419777708987,-0.14301724395621415,0.9520817427049195,0.8035753931427299,0.6109997626711932,-1.0172325100802304,0.09381640884764623,-2.0747220153726476,-0.5192725504369693,1.7002109231731732,-0.6837493313553502,0.4810942849809679,1.0898079289074853,0.5808593407099969,0.3033082274010861,0.6676701930385132,-0.09022193959573176,0.1877741622218323,-0.862016375356572
3.0823529411764707,-0.1750313966350079,-0.9367147788368728,0.8280360768369829,1.1903780417069236,-1.3863106902105187,-0.8900580403769918,-0.8617698130182616,0.8536370355684051,0.7683087926476816,-0.7707402364641377,1.3186359105874983,-1.7701065497415351,0.008488188637663787,0.3914148361351019,-1.4393446120255555,0.09606607704269893,-0.2558043152239538,-0.613700340742461,1.0360051882608752,1.5212251306886708,-0.7340770025297179,1.3506836765056836,1.5544893759054397,-0.13424963417552532,-1.2649565278506048,-1.1723964526475366,-0.291431942430953,0.9698832252091213,-0.6426906422046588,0.2022094218516082,0.09905848970072972,-0.17957041328413384,0.30544660385263067,-1.1197061021833277,0.44800001499524505,0.36677071132690425,2.600755715678674,-0.25928114472711317,0.4496841963478614,0.1554885436439244,0.1688429408513296,-0.18930731443101081,-1.3422203600805211,-0.014978474979129222,1.0384929388261233,0.6130075053601662,0.3289207137215446,0.1384245574789088,0.360735725579933,0.34778120418159264,0.7747510990294005,1.4365291438289536,0.17245650722040914,0.12957796785276893,0.27265393597979676,-0.030117380477020093,-0.2046582800186818,0.6154513994657647,-1.0917580604280412,-0.32969093367788077,-0.5739391828660342,-0.7922060381863245,1.4624976263910754,0.11284460006173934,-0.6831993333284799,0.69653366262318,0.008197365416609287,0.3718554093242333,0.6480616227998683,0.09364759676980687,0.3292892533797897,-0.8440822946838273,-0.06031022216051206,0.4626776370146185,0.43460896031786533,1.085782585548681,-0.0962566801593416,0.033424444493015265,-0.9915886769856145,1.0618410238452012,-1.7469459077127067,-1.28299921249846,0.9524751071630821,-0.4367366832120845,-0.18072043732322426,-1.1526325071312207,-0.36624843014048936,-0.7285408396196245,-0.6026832916988177,0.5142427020024407,0.3196560296467349,1.2758096067540774,0.7987753916506403,-0.0602023924903909,0.747001883139509,0.30643638696959785,-0.573043489856515,-0.4650639775106286,0.9809953828980642,-0.07157463372692904,-1.071882440131479,-0.05590890908030023,0.1393142113485872,0.8025820617265202,0.18723752357864992,-0.08613784948696827,-0.1100480911551463,-1.1385805777451539,1.5848063045420733,0.6160590871153533,1.6582996270915014,-0.29598724595797393,-0.06524676849646707,-2.07899207080611,0.4839086246083629,-0.8661439687259249,-0.08096221560189643,-1.7087805318855689,0.5297927188715862,-0.7417046100604873,0.7205098777523962,-0.0608121735062072,-0.10696799066193254,0.46084788823597,0.18954735587470545,-0.07797756871453079,0.6381101296302942,-0.7136097911653123,1.2289531161147527,-0.10995347496883932,0.988600500440501,0.22503843314350952,-0.9849495006995806,-0.03534979153897175,0.12773843444373414,1.3999887589928217,-0.706838471015207,0.08942057374582119,0.4467935356743495,-0.48681907898938936,-1.1981707514743687,1.1126287095146827,0.030743886275498185,0.7977017999707895,-0.8813928450666408,-0.3248534282438661,-1.1274985635835524,0.5091808174756786,-0.5959849895239407,0.10848910630798801,-0.9605777172646417,0.08762877014313916,-1.9079383778306185,0.20161651433963504,0.8175634480769571,0.7389235660499285,-0.15369083356757368,-0.22444715691557593,-0.5882739817472361,0.4725622546753889
3.1058823529411765,-0.740376303642446,0.370335559999963,1.5107191261316495,-0.19005485598540353,-0.18792255016597276,0.017193688151298396,-1.3483679372332757,-0.9097463364314022,-1.1400821922570537,0.35460988910258895,0.4284297264217445,-0.028961833916374163,-0.2242631382726444,0.52847056523229,-1.4293288695830793,-0.3782066538897096,1.0633903590466653,0.8863480747654394,0.9693790334043286,0.8086490025863569,0.21121199691873002,-0.5910822697148825,-0.8798582960467974,-0.6651892719118496,-0.8028260379582528,0.5689364302227576,0.050581862820179346,0.17838898345104984,-1.50152014891924,0.7507260815047331,-0.7571843574182863,-0.6589716509524925,-1.615357702579912,-0.413303233376603,1.077283234239642,0.794166502103538,-1.41540722945231,-0.8362973779819758,-0.8600697190423967,0.39531705511075643,0.0854994062178185,-1.5354830937505535,0.721912622122003,-1.0957499309591578,-1.5715109287669144,1.6502609737637433,0.18446222764074469,-0.6783002094749507,-1.3848377331359727,0.33882024929501775,0.07490447284555689,0.23066000228057765,0.35631052603765895,0.9029288923033365,0.2417013038192443,-1.3409035257553619,0.23889702041382982,0.7315748281423984,0.6996942273333742,-0.8217111734470306,0.034677933514721294,0.5461384516378417,-0.38132450495380554,-0.868726681343103,-0.27534190950422555,0.576829751565247,0.07160920870081161,-0.7214143416893918,-0.6599181406334664,0.5019691667791468,-1.722129971797498,0.15719075661015885,-0.0898030420703581,0.3028301821186292,0.25023194079021177,-0.20241053870461234,-0.7186489772883918,1.348806055255613,-0.8256778860980593,0.24407163829252268,-0.14116124758224707,0.09788613669023101,0.8668753039360718,-1.0508407591373816,-1.218741965185067,0.8957833804954508,-2.345968468802946,-0.06280898003223427,-0.5668157649922354,0.3148374354902582,-0.7791795767854801,-0.14841052486375253,0.1543643221971644,-1.1651876621107948,1.3017282796118865,0.6170798475585254,0.15906324735969415,0.06481403092014258,-0.3664070686055588,-1.54306572572781,0.6615443951541969,1.2797064302002719,-0.8800324280591436,-0.2692624497402259,0.3797317052471048,1.6857699513249396,0.586597541194852,0.8765297359750003,-0.3993959665369487,0.872443199924092,-0.08931691848005478,-0.051441818973786496,-0.8761592277684349,0.4581939585599527,-0.9431296880296101,-0.11873706181338274,-0.05078909688483052,-1.2704109848704028,0.30943725670920247,-1.2066931636614526,-0.9683631075468585,-0.7063385297473416,0.4700689512856667,0.8583224072709456,0.5544521450848795,-0.9297129846292836,-0.4180353068028508,-0.7354602720670212,-0.43287837693607734,-0.2747392848399659,-1.0773999827150744,-0.4995409271182013,-1.5996361367380658,0.24166523801868448,-1.4862316718893303,-0.07717842348122492,1.3265859905531876,-0.7909897623714622,1.344130748789975,-0.5590653068668094,0.8788963565797127,-0.4690285008725397,-0.07179347972153385,-0.5050299661893516,-1.128267577007433,0.5135543784520724,-0.5101385648485823,-1.0533370916772993,-0.16645126602422575,0.7213538656527521,0.7147948032956414,-1.1342810625820208,-1.5426534189317382,-0.9775493193528623,-0.7657241017517316,0.6323687779366522,0.368292188909975,1.0853342641816706,-0.9529011178168386,0.07445351136248698
3.1294117647058823,-0.854853174280444,-0.7727425368670983,0.9208070679509571,-0.14397100947460975,0.3750925846124317,0.5983022956441141,0.8059208234800258,-0.10794108288044868,-0.9638031072413975,-0.28494462962616945,-1.9678098776701487,0.8052169132819469,0.4135731553738006,-0.1547502813053553,1.4471884202013992,-1.036583853437903,-0.9295490352741568,-0.41986597418560306,0.6736848808010044,-0.32482950984253095,0.9727803205869918,0.5398946819472604,-0.42422026719316075,-0.1440014591762354,-0.32249593597139475,0.8478209312843853,0.2881199409792261,-1.787136336401946,-1.5858248108482296,0.12723905351827042,-1.5301411842205108,0.35151158361776424,-0.08902333711452656,-0.40048195626892247,-0.5233453656206066,-1.4931384568999653,0.6188286869233862,-0.4314520870567839,1.4665308529667098,-0.34211198377820734,-1.6046695234907353,-0.556956225643989,-0.11139235954006693,-0.7899783343131551,-0.595128859824426,-1.7523321302372885,-0.2413398577485852,1.4053180518896982,0.41082633247658507,-0.6406489848678508,-1.3945775264946416,0.11963448882860835,-0.8201402741136722,0.14333327524275497,0.45046725689747247,-0.9491345032350841,-0.27403987415850795,-0.679619521048922,-0.7477421257072987,-0.35168199171662273,-0.8692916836680096,-0.9285023957276292,0.09688532588749733,-1.385049183253927,1.1433072046398218,-0.7821884449638647,-2.2194862582701074,0.5132373841544564,0.017006994105047496,0.6585452494257324,-0.9828089833497682,-0.4711297719449149,-0.261672094217502,0.21201194044827842,0.5661637358566677,-0.31343838748329267,0.13064448655149122,-0.07964942227730315,-0.290510280488692,-0.1644429674407969,-1.4072385523388051,-0.32978952463012556,-0.3655312004436613,-1.0168214350328277,-1.0228190335662377,0.5237759862136238,2.337805881677122,0.5865709435901646,0.40572367986589647,0.7451600088796955,0.42209628002438243,0.05689170245561229,1.178585111617292,-0.7231768979346924,1.1240762296564804,-1.53881370749399,-0.561681154647241,-1.4849961538321204,-0.5509986773247346,0.6501576840941784,-0.01956604895023253,0.5106751833417972,0.5789009279887842,0.36069376391182056,-0.6295572845451519,0.26977403350201246,0.891619032925995,0.4267138726280364,-0.9821434697576118,-0.7199187066412549,-0.694688979889536,0.34643237633436347,-1.0380010645799236,-0.09530105623549132,1.1088326689938788,1.137677634616034,-0.2020976528839839,-0.4233639305348851,-0.1840913341343463,0.3858993075138266,0.16172964636664694,-0.6295930026305904,-0.6577678309699562,0.7981228037270129,0.11231091891510692,0.20033973065759725,-1.1314601550857681,-1.4462493588382452,0.48070190702582805,-0.11877946875144173,-0.5292777309732886,0.4945824453619312,-0.29664314047940593,-0.031218036535019898,-2.4920292789190026,1.0445647759918706,-0.7087377716094256,-0.42253111743304783,-0.4451346907403457,-1.2190123523049072,-0.2557642501334432,-0.8910272616479472,0.32822268391898174,-1.6332117309899912,-1.6861128261167198,-0.23002903331950073,0.12804978888614793,0.39756578853811086,1.3314799663800747,-0.06026763990570423,0.6086559963782595,0.059769019741223145,1.2234977302620684,0.2868494948798499,-0.6628221911556109,0.3169419940648477,-0.8530640681877796,0.6476027829358791,-0.8424698746856841,-0.15346025942718
3.152941176470588,1.0760712299556003,0.6086934605225083,2.2277943026649485,-0.08833086580385359,-0.018992764193483384,-0.9768227438154032,0.7775760167272315,-0.8256975219112285,-1.151071900592564,2.729910232005483,0.5391925402788537,1.2012947411038657,1.9504746276298928,-1.5812109123742162,0.1796431704043394,-0.7353558754111609,-1.2905109508962063,0.16054320605050634,-0.019905857332413446,-0.22417745111053952,-0.9303228975727428,1.268624420432623,1.396514636701764,-0.6834568095535842,0.3209394099696157,-0.02904083276817636,0.04707059431887209,-0.46877027875500954,-0.6274462950510554,0.7896657497306868,0.771402460210221,-0.23063209368830176,-1.3094864191682778,-0.47306231228095424,-1.4291916119918802,-1.5808662989927178,2.0229824114441857,0.9665285708888243,-1.5990875235385074,-0.3193377399998295,0.3803581309501281,-0.9651768866297048,0.58724922056716,0.10286818898912659,1.3185182534584354,-0.39261836305988074,0.5268024484039613,-0.27140757177955793,0.8002273224834608,-0.17014083116486622,-0.042511618829371114,1.0807864725712228,-1.5497892826666564,-0.8783643228525254,-0.051790349029894336,-1.0962943352684207,-0.9538797711649095,0.4629235673143942,-0.9291127199770283,-0.43454176835479275,-1.1475309165128336,-0.08114749635025878,-1.0349983744053886,1.1684807765456875,0.6658819302455604,-0.9749550712319677,0.43413040617096177,-0.3931689244969033,-0.03522279106134715,-0.9816379112676654,0.6519021518565662,-0.31560146377991555,-0.16955913388645477,0.26743336147270924,-0.3027402183220452,-0.2286142515071814,-0.8972052121089887,1.0487501021712151,-1.1950640028713115,-0.3612341483242253,-0.4556648341533585,-1.4732433840063146,-0.23922645320405567,0.15094866475344182,-0.1811280706793312,-0.2870581742652934,-0.8789369983730786,-0.6655395554453627,-1.3595851401945254,0.6652913843273296,-0.013616867322969583,0.5438460148657952,-2.2908622895216637,-0.004987646629180096,-0.3353220263412146,0.2532704213527023,0.06943312499844112,0.6681606625164129,-1.1923767267785885,1.2742982628784891,1.3263443243697202,-0.6331236061483778,0.4599194810365571,1.3474581144424471,-0.41774421957591007,0.26608429123746374,-1.820166931969498,0.6049737042418163,0.31798772016060955,-0.2351582608166672,-0.15137455952568163,-1.1406245895813174,-0.7747697696896846,0.26171234408316496,1.933660145525312,-0.899092975734742,1.3802385455631239,2.062185984286285,0.15096529558461225,-0.05047202962973796,-0.2012571990643394,0.30944261534088807,0.3402568590643592,0.25490769798988133,-0.4257257856210429,-0.06865860992026683,0.9046449738458847,0.07963666630713148,0.4059967802435974,-0.08627078246713495,-0.5831308836974215,0.3855657165823983,-0.05931774202879152,1.1722410023209604,1.506470053790515,0.14237002836399731,1.220174370157937,-1.4249694638453356,1.073943142175342,0.11713643168256467,0.47140308221525035,-0.2728168576743191,1.9257202861544442,-0.6390446535270563,-0.1124564530734887,1.5635879828298163,0.09016272938535463,0.3249420296199046,0.13615961214635885,0.20366392694959684,1.417526565667314,-0.8546089478165969,-0.63459624581499,0.005637115495930517,0.49757779275981273,0.9215925930355457,0.09311751244896646,0.018295217084639215,1.1407006050866872,-0.12200044186959075
3.176470588235294,-0.4913113082460426,1.765773432947005,0.07674600532236403,-0.02342126812648494,0.6546960124357635,0.28996732305017886,-0.6901748107664244,0.6395549769858652,0.718459763828648,-2.177978542154413,-0.15700766945037065,0.6904112458746892,-1.0544550435800317,1.155977120749835,1.2091389167768982,-0.7716086949504352,0.2019568444895071,1.5806444360336511,0.01749834691820386,-0.07930024492328232,-0.9219370024846482,0.7041736892336784,1.2189594557716015,-0.15688968488939053,-0.8102512580298871,-0.6046727908769753,-1.5923064906570437,0.12865623458929554,-0.9783658340856997,-0.4502618180882958,0.921026766340401,1.4246489665795408,1.2842760669746935,-1.4109548744649953,1.1726103990016903,-0.48282306956516474,0.20616599149854198,-2.0603377986008695,-1.1999078432140209,-0.5865551819283892,-0.6480571640104116,0.1947910593704471,-0.8045215153064553,-2.0312777032202614,-1.1839507466226464,0.06827154655023854,-1.1343700540439787,-0.40963331933301983,1.6765490507459744,-0.4538417245900627,0.04920308174300202,0.6217416309190174,0.3938739140116557,-0.6209588679844436,-0.22001784222697066,-0.3842952937341858,0.27005382036841674,-0.6653242587734876,1.237121538304623,-0.643767968932311,1.037900999219478,-0.6043674060789752,-0.07265010143019013,-0.09154306379887683,-1.8402082645659683,1.8402181355041565,0.16379495807843183,0.1990695332713168,0.12042490353344382,0.38563127177025025,-0.021303944367538435,0.5564566379620589,0.5669516731950285,-1.8444001525789233,-0.5590899357619791,0.09798576560134473,-0.505900009531738,0.855315232699926,-1.271301369530356,-0.14226049670483754,-0.7488334021232288,-0.9950406860201528,0.14450826536667866,-0.5544888151446866,0.2505956655477434,-0.8504462536337379,0.39381178084774676,0.0006913482200305524,0.704040526001163,-0.48582341719245914,-0.35366268303422843,1.0490577262950598,-0.8897793854128644,-0.031893253468070204,-1.2813194045787115,-0.542616360176008,0.9185833011557764,0.6110314156339177,-1.6468402856996733,-0.5044169789980776,0.8470499337342253,-0.058380327793680034,0.22491443747540338,1.348153026652918,0.4438810729006563,1.3143886271590808,-0.6735731043674248,-0.15776492626582436,-0.5575741560304739,-1.4412504463784275,0.7637519667587018,1.351010059784054,-0.641791668274673,1.164268462964136,-0.2122058085647861,1.9876969841122571,0.21832758307250139,1.787783498043485,1.2015913078008695,0.6265497128509673,0.27520915212595565,-0.2850014141554411,0.400532546274033,-0.03958870350511605,-1.2123017506753162,-0.2761027417632833,2.0810181923317588,0.3853925826379649,-0.42348436985769744,0.383508473421664,-1.2846666939858244,0.6304905997146493,0.7009514158721772,-0.7072221726628161,-0.8038674247386993,0.10543747908266304,-0.352386992801607,-0.9984705042460322,-0.5979141259710969,0.12019785824038975,0.43312684065413687,-0.4304441608394855,0.20148904142936028,-0.4354163311594328,-0.12843997708010912,-0.4833738423654467,1.0019697851950384,-2.1545410222425327,0.4965587579565929,0.3930093585793404,-0.5374840475135981,-0.17223277593161107,-1.9115535769419831,-1.1574247627447334,-0.23878338567434126,0.0577613078135919,0.344843861649212,0.6262128912147603,-1.7326779392977207,-0.24408971185834152
3.2,-0.1641723901173821,-0.008019916485599,-0.3433471142674625,-0.31533965541765785,1.2503049176389334,0.3138272398664947,0.50227705639792,0.8122948944235365,-0.8292128808346971,0.5081800375224801,1.0935139531851084,1.262384058981991,1.0769993198614354,0.6422839318623147,-0.4677020549371978,-0.6828506164201025,1.4924001589439448,0.23905737663386853,-0.9535247767191903,0.5496438387546705,-0.22557427722942633,-1.3667994133776766,0.4550602763196139,0.9312612965943583,0.052206225830995434,0.13700434332716482,-0.5507050582118999,-0.9642067399935417,-0.8463670831947485,1.594278454405618,1.178096079727089,1.9519299723363788,0.3621553782586121,1.8853003834341477,0.33122301277969096,0.05673315056454968,-0.9809559924708917,0.004667600818551498,-0.4749282273431633,0.381581319984051,-1.1853171287612276,0.5612367382216812,1.3694443508066885,-1.1803924077945012,-0.7287920226111357,-1.215381955994013,1.290788005024948,-0.08261031544850408,2.036654025752455,0.013270455446424715,-0.7248279516529532,0.21983025041974968,-0.5657363747316503,-0.4406397634338024,-0.7275901401711752,-0.14662268108564255,-0.7342450772332497,-0.8967864338667848,-0.9795276204131138,-1.081897724689838,0.0407478096611749,0.6132135510662979,-0.3580877213541507,-0.11038088473575518,0.33612342232222425,-0.10292821939235369,1.4020172673116114,-0.574829335955234,-0.3366155916000956,-0.1315554662084784,-1.5894035418927999,-0.06701125918206381,-0.5246267626724801,1.1895418155722082,-0.7013603665061116,0.214284773609155,-0.45350565438388535,0.8425483392173987,0.2052279253220282,1.6023248431447616,0.045400100756215464,-0.5833310051944626,-1.8831561124350529,-0.39486202599871323,-1.18822848477064,-0.5840634794262363,0.906118804054858,-1.7465528441177995,-0.4999533364271838,0.30712325419821845,1.5939358121156197,0.9801333564301702,0.5645161777929212,-0.2311977732668276,0.2815128751198773,-0.7256510944256793,0.3690660169081321,1.6726523922650538,0.8283935099259007,0.44449556179000954,0.5538381035763372,-1.0203682597494033,-0.324875949753182,-0.42691266298940705,0.9238443674123368,-0.09844455857777601,-0.5331507243194619,0.04871457419196279,0.8670295200856013,-0.5367913902968573,-0.9879138368432762,-0.2855279799597397,0.626635692963857,0.973611746610654,0.17521616754353142,0.8658050370300384,0.07701366218653155,0.09765222099618498,-0.22019072094078807,-0.25483428646836925,-0.42777376694186336,0.19264858686586064,-0.6721897468464988,-1.0648510971511427,0.4862477553217987,-0.8346730201384699,-2.1686297735373725,-0.6267131822377098,0.8793961704500848,1.5945301463444244,-0.12944709371688373,-0.6151820801231185,-0.10215882411291374,0.6162866819088149,-0.3079100909317482,2.0313547492764252,0.5099979764028492,1.8913617820940227,1.2088146984474926,-1.2257354620879517,1.2531738646574337,1.914121387665305,0.5708999350208144,0.9619794026296044,0.9723149268613431,0.7112113321240384,-0.3951815443524667,0.24086772562962463,-1.1334371219170813,-0.01085589545409038,-0.01326292540447327,0.1620020003664317,-0.5567349507479706,0.38489729522073474,-0.17917742280793073,1.2224663364874198,0.5674551635849457,1.7426099352886806,0.8370898766301251,1.5840842841211875
3.223529411764706,0.5299336213253132,-0.13232216859160145,0.845950017228841,0.053056931108921374,-0.6167118891109807,0.6285323961902709,-0.9774883499005759,-0.9841015741068415,0.45302412403181297,0.9054091737249462,-0.21700632634510877,0.4180197054729983,1.5696007890549182,0.49542857271039026,-0.9031184341379057,1.3618669639375605,-0.8106430616062467,0.5358940719776235,-1.0448418531574184,-0.6420890564317911,-0.4302578627261642,-1.6359656499554107,2.0946552229635564,-0.588085692696556,-2.217377642709974,-0.665161196479242,0.45293417347369197,-0.8352860836626772,-1.404533239979388,-1.4148366087727435,1.0461952212112353,0.3129368052322469,1.0671183756962623,-0.9707645208276922,-0.23411603839034856,-1.5370455022230223,1.5161650181461594,-0.12729001630576892,0.12059145865864318,-0.09915037888818883,0.24296065267661077,-2.582566286668513,0.2539523164152638,-0.5318234788650863,-0.6552792314699787,0.6945430675970692,0.11571584631251275,-0.42215960937264957,-0.1944192351777747,-1.027463678722394,-0.5418089322469809,0.3234761999013975,1.3686555251357644,0.19224562413972932,1.263562235376406,-0.2842609346668378,0.09058695115315074,-1.0704853323524157,-0.5741194184437739,-0.5019371490098641,-1.2869403792794727,0.6522405020400173,-0.6315790528404506,-0.4870386572406436,0.19397306100901385,0.19435994503739182,1.637893361649143,0.31363345551642263,1.105269016971077,0.988138384625316,1.3980041386155835,-0.7685421474675802,-1.439535828110536,0.8295817571706052,-0.562558757261985,0.11195778102566417,-0.04377771919264478,0.6263123605601063,-0.23279097165147716,0.13251637878590716,0.7572221498841128,-0.07482933186708979,0.13202548774369866,-0.39447094695995544,1.1685199540768783,-0.23050236758733403,-0.2908374918082687,-0.3737257686595401,0.39296824322038776,-0.237739002858615,0.3454763518560734,0.7717289677654464,0.28099602581734645,0.5627829904840584,0.22604532669602642,-0.45398918683155143,0.5677969620757172,-0.6773582299103609,-0.6558360696776118,1.5383146500049907,0.10050956416168547,0.040150293209456386,-1.025148102062554,-1.0004156929687957,0.08345679846030515,-0.7274376589843886,-1.2047515566264198,0.26189114771269667,0.2428229336550862,-0.23069326858282377,-0.9379719495719703,-0.5022102523770784,0.08255081817823112,0.58955896359907,0.46411102638692814,2.1850347170166904,0.3534292662613538,0.49174955989196645,0.7078813233630257,-0.11076977003487459,-0.2118781118582957,1.5121611362533705,-0.6097724144845155,-0.3057991411314165,-1.7427323106448103,-0.5836198346281709,0.060329916576006976,1.1166179364909457,0.6909873780181384,-0.34499417017689066,0.32401219955763,-1.2730650934978107,0.8140347285785171,-0.8247531674714729,-1.1786000006634103,-2.3413562829579533,0.1677517953139519,-0.7344863681015688,0.09104227869845245,0.6872326984571677,1.38155924691567,0.6318163385240361,-0.9268243975470345,-0.5482030136367247,-0.5644832419688344,-0.06216761688832612,-1.2646934196468826,-0.1186246806887257,-0.2612012569149097,-1.2504491792176262,-0.3516971062385216,-0.10392732873678762,1.207054246188233,0.9322573337944411,0.1830852137646402,0.7794486988733038,0.18876474306884863,0.08500770209578777,-0.1903763191774903,0.015507346137688227
3.2470588235294118,-1.6421533200295555,-0.3419886642234272,0.5766897851407171,0.3038705984172363,0.19170813329219244,0.46260503183131474,0.6623149188311932,0.29323004033098654,0.15581420017754835,-0.04510650958128562,2.249147844758152,0.2843972276780644,-1.0403239562082995,-0.10716518143758963,-0.1762407095849418,-0.30025741288785346,0.1930808775688744,0.10824630163033575,0.325934134330166,-1.1066097128283146,1.2797050453905487,0.00043178469531143793,1.3707871649269094,0.17514322125543821,-1.4886581752304109,1.818789286774765,0.7259417071730117,0.44408768135432997,0.534120125785884,2.0280623888166676,-1.2238946676085471,0.006266600048148663,0.542055123306981,-0.4101533083098794,-0.0001847168106765551,0.3900546462132945,-0.1777966882127721,-0.958256765446383,0.3112709768751842,-1.2817741682625214,-0.2187701306822859,-0.19981657609134437,-0.5248694174614424,-0.056714093839033364,0.11266903201201472,0.7141526822962746,-1.6816434846573194,0.7840433889694833,1.0668421624518938,-1.845365160370989,-0.39730614185568464,1.8606118134696554,-0.8858728737598661,-0.09772513450442355,0.1878349824930253,-2.5820248595623196,-1.2457028783496467,-0.399129239584407,1.0770132520970572,-0.19348547536588886,0.5576548067785231,-1.6767819544005533,-0.1622478896756283,-0.2019613646014977,-1.0028695452872525,-0.40890566627548763,-0.8419331380095763,2.0569723474405426,1.1311523449905379,0.7346663716919776,-0.7752637079512168,1.0568865642228407,1.003022642884526,0.7783872078299106,0.6256268486777964,0.6885059161940981,-0.18137035730533546,-0.11968249528177588,1.816944979861523,1.9486978763168934,1.428745818454658,0.3063604295615918,0.9810587610897605,-0.28344553810722817,0.4999262362843036,-0.33046036014174934,-0.1368147705937976,-0.26646514721130504,-0.007817848950194689,0.7338324192541213,0.3376460233287791,1.033227892042142,1.2361832738782974,-1.0285947454730835,-0.08906137576943857,-0.19272764767035666,-1.22000114262253,-0.32455521911047247,-1.2743457836230678,1.478094596648586,0.6482245963615727,-0.27605731467354727,1.138821007460661,0.6783437586135648,-0.6509401529214826,-0.4921250503400382,-1.6301560641378932,-0.2670349788217041,0.5243751905899161,0.6710978086696897,0.2672085499596022,-1.7972865029608465,0.24740792132330963,-0.11640448682290655,0.14981766621815196,0.7085551453098636,-0.5529079167349819,1.3969065135506193,0.47735807364484373,2.105927930484036,0.7231957416467436,0.6302738768861875,-0.15869592095518226,0.5020427398811929,-0.06921313431465573,-1.8949125715410269,0.8835607626980335,-1.4709161582064163,0.3712597380942223,-0.8311818585921615,-1.790748438069305,1.2635471574729684,-0.2000205649354053,-0.19822997253945193,0.05148891327671634,-0.408358390452961,0.9721863043794418,-0.07136918797909443,-0.3850316284705627,1.2217151866373663,0.05641102122762074,0.13784352783996684,0.4255241680599216,-0.5672002711568404,-0.1569465122529457,-0.10363984098608954,-0.1539340298609979,0.6319918680691711,0.4349290543713462,-2.261365658220954,0.7363343087607169,0.3119105912712057,0.6367771740416487,0.13584257271966765,0.13742011973082552,0.01730793899991734,0.9910340409387492,2.5449535785406865,0.9736534397530245,-0.11892345446046859
3.2705882352941176,0.1395080826112569,-1.0185021837837032,-2.7744896454973254,0.06751264435695754,-0.39425344995208367,0.005877433505377672,-0.5006777069439868,-0.275957706937443,0.18452646900736772,-0.31896273806703485,-2.6831109355218414,-0.9040472790941504,-0.6313215231149683,0.364183148183822,0.4487476505755663,-0.46959759505338894,0.7138501570229225,-0.02260407672442323,-0.4335165854414596,0.1638277584164331,-0.2028849395143545,0.8390363812328743,-0.5251032062149605,-0.37793728167422735,0.359445614902277,0.19758094321275893,-1.3127820879108714,2.1495677518448395,-0.587095278084864,-1.3188655733680967,-0.16238703375393318,-0.06664134017763292,-0.6754598377424547,1.4023747759912322,0.13185927641932538,0.384941529614088,-0.45566313503526107,0.1059837320938808,-2.203399622984602,0.33336749667596527,-0.09420919729788313,0.44046696390580986,-0.7942840064336998,-0.7793406282637141,0.8417362170441605,1.0992578322311866,0.5108696360844402,-0.6568897883511862,-1.172259526778439,-1.795797705976387,-0.04742423494195005,0.1549034559790195,-0.042986699964346044,-0.853111330220692,1.480888825025717,-0.6645990557856404,1.1407581351011904,1.3145152981138652,0.32140950460654316,-0.322985705670652,0.049353108716841676,-0.23724835833954833,-1.071206398897436,0.008991775103802696,-0.600362275620789,0.1398202462580191,-0.34994401995010044,0.49564459127618166,1.2317834612652339,0.6686525773509804,1.116369131575546,0.7734927250344151,0.07091275435570349,-0.14815306414660667,-0.06945479785902708,0.288204792416438,-0.4490032581862363,-1.130686073813934,1.3626002811298594,0.761706755921558,1.2723755360454498,-1.0644644825792793,1.514927915521297,-0.29165306974814886,-0.01887865864412165,-0.7114278993933567,1.1450499705566253,-1.358941647772089,-1.0252212332741364,-0.1431303056014685,0.8606237286655142,-0.319195168183859,-1.2752241663169035,-0.23356093850223966,-0.07092993087823626,-1.001137809643652,1.361423836454348,0.6845903198288104,-0.07504161096539766,0.20056642011996895,-0.7593838669877783,-0.20635445682031256,0.2944264349643311,-1.441346280383718,-0.9850642244543402,-1.083934942723693,0.12323350809693484,-0.05721246116124146,0.7376424289195377,1.248216217153919,1.072932958745424,1.2053616391995836,-0.638638091175378,0.6446388848986162,-1.7343566453428771,-0.9150893342299373,-0.10597492311726553,-0.5662675505983108,-0.30749309003601394,1.231858261558468,0.8057315831233823,0.5854696675426714,0.5367702208675788,-0.5152425418719438,0.6787865346294145,-0.5196453301367916,-0.5681251842715184,0.824467669209771,0.19195028647902457,0.05433274819006126,-0.8507231392386629,-0.6512245690352876,0.04463566924389181,-1.333405325979849,-0.735682532925376,-0.1324388754419237,-0.907625031312169,0.1358790056697661,-0.5472383874770148,0.1680910483574084,-0.5695660188464581,0.5214629494370717,0.4544054255884385,0.20689294377324036,0.2991648776808746,0.06967109838331845,0.2304181320913627,1.2775788909071546,0.7927039412011687,0.255136062023256,-0.5013862881059323,0.3294605712932376,0.5622665065138936,0.49831178650791086,1.2599259313342415,0.9431148368405186,-0.04322322445688287,0.34086425634224293,1.192840292816565,-0.38948932479006526
3.2941176470588234,-0.946337703234069,1.3581548488173045,-0.6465062020174807,1.624394552074023,0.8098753957043916,0.8050527687861787,-0.7204866752969852,0.9990213728619705,-0.00816149837921791,0.9796174857115139,-0.169896656445091,0.21836884104807108,1.437120643142341,0.32493303482952873,0.803979483541509,-0.7576465701550009,-0.5726932776543898,-0.9563744076475011,-0.9289693076991149,-0.034828336565518564,0.799266211117288,-1.1915760227434689,-0.8095763767886422,0.6808223682323353,-0.9242642694318173,-0.42181582583178234,0.7394692726682845,-0.63026471621651,-0.4797035323896457,-0.7353307685692139,0.37679417954360916,-0.8215375949982167,-0.3101636426479433,-0.6482767266215858,-0.38377234551691514,0.878969471566518,-0.08630608258184935,0.5303960458981479,1.7086869953512054,1.131278867937064,0.46592822926088673,1.0981443853276283,-0.24403929815871328,1.2261998737740738,0.028768156479257526,-0.5863000700831038,-0.57408255554,-0.4709052300364267,-1.1053478998057842,-0.6964355580635191,-0.12913139698586115,-0.688198084830988,0.7046256008259575,-1.4974801904273822,0.8199785655558889,-0.6473070776864767,-0.7534097465417199,-1.5951487526094477,0.6727238646519589,-1.2446756945128277,-0.3339923231125642,-0.47710026015282514,0.06961666758639164,-0.4631234529021888,0.28011924824374024,0.6990817655102572,0.805507501396548,0.2274076998724612,0.26361921822159606,0.5750910692934685,1.1476449819544716,-0.694683563664575,-0.14095960579946942,0.8767365798966512,1.664231994706595,0.4518736337129867,0.5167397295854083,0.9860439318815841,0.29722102622495294,-1.1352820394004202,-0.3110442153500258,0.1413465652488805,-0.08453319965757766,1.4184629984681356,-0.16112882639059994,-0.4370799058167999,-0.3620966777819736,1.6155958738781753,-0.7152923595996599,0.55892080136171,-0.4988722692030453,0.20888334940011827,0.5281756384525627,-0.1349805504661904,-0.5931036549992592,-1.2522694413063022,1.0861993205451834,-0.4003019260607226,0.36664806030994285,-0.513810156826452,-0.40740672287673607,-0.38250122297665323,-0.9528542244492985,-0.35510700997868283,-2.3146650317574546,-1.2609934418926716,0.4553553419779641,-0.28383130244822286,-0.22693479086360988,-0.10815483386653779,-0.22837583192416178,1.2429352428728357,0.21290518031096123,-1.0933646901692424,-0.6051362200802501,0.22201660473469081,-0.9682096746893529,0.5202896012230541,-0.991575780274881,0.9533529903424017,0.08602488433289257,0.947357350978155,-0.3364525116108981,1.3283605296012122,-0.4589576713637799,-0.3174447752388127,0.5620720410188568,-1.063654858934316,0.6151584401042558,-0.6885040691165318,0.2531171260969769,-1.4593658135318903,0.2498924511794811,-0.6125906262730159,-1.379716757265386,0.7759580464828508,-0.11779660953647117,0.34634738913803187,-1.7782984403405033,-0.896706731043597,-0.509978224410226,-0.6070964390384468,0.8998001017143842,1.7449109034521808,-0.2015567529229827,-0.3641037370428533,-0.8238859220666496,1.047181962130794,1.471806873326711,0.6811604076335369,1.359422820260326,-0.733596102331537,0.7589463592557397,-0.4057572773072701,0.5870119678129266,0.9000277896461621,0.3069797594075747,0.5869331708018977,0.4818264248890933,-0.767566260610017
3.317647058823529,-0.22452539808159383,-0.02569383622980992,-1.6438672984996756,1.2300055073539191,0.15722114221818412,-0.24888267740775516,-0.06407500950256186,-0.474692979995913,-0.14713550886413798,-0.8908362124537138,-0.435788053468927,-0.6176827791061241,0.26823058382797876,-0.15899412062421647,-0.20921506724832337,-1.0815822156209651,-0.7477815258797796,1.1759344893852346,-0.29209469896191603,-0.07850220756052333,1.44568732390716,-0.42805567171110104,1.2349157289789077,0.3595049949305313,0.449760787349612,0.6527202026823008,0.7968461141116272,-0.49018064828206703,-0.9661811025004658,-0.9072437524682583,-0.1386965661758055,0.7297056164763428,-0.7625666062031091,0.8701307239446552,-1.1512395666144057,0.7861818118609073,1.2423501084115856,0.5759736279719974,1.2030802742482574,-1.299346398154921,0.839743914480051,-0.8341095076156926,-0.10258497594721289,-0.3073316036222401,0.6325053803145717,-2.0970891755036285,0.9189347345296047,0.4609872467858127,-0.854074712684394,0.05009124367868323,0.19578851904421132,0.16996993181228723,-0.6478702749621648,-0.8500309443153398,0.2403714154299696,-0.21027323337708975,0.6752149238210744,-0.622431352048918,0.6188367448755939,-0.30397942278821444,-0.1619470422843813,0.810754163753004,-0.019405427092859917,1.0088068501181198,1.6618100582616049,1.100295966991876,0.6428607145213467,-0.7820160736279932,-1.226062796524846,0.532799852718799,-0.8530319233199398,-0.408874006528321,-0.74224589826751,0.35711671784116317,-1.1985074961877173,-0.6612389479900429,-0.08651784190683379,1.847641616364868,0.23119100925675337,-0.15816686914555994,-0.2806087824319107,-0.8195092711095252,0.07776083979635973,1.2259480075156106,-2.0556698587508233,1.8317307506353422,0.2543530828311915,-0.901670362266206,0.07950933367977767,-0.6656647346712016,-0.02735047668907195,0.13748105418007223,-0.6118819600049252,1.4721466972582256,-0.3969336284807466,0.10129449881912925,-0.6283344909904489,-1.014946324426206,-0.7541755416076776,0.7546668444115296,-1.6763083010574895,-1.1061305939847148,-0.13173654460593293,0.7207829960779508,-1.2770867080381256,-1.1677746481304296,-0.8295316915353836,1.49653244260072,0.594660905004418,0.7744790533034358,0.2421736035493153,-1.4910879944097104,0.307312904198524,-0.8754728884695007,0.12228675236283876,-1.6144678367462986,-0.9605236387352631,-1.2245828838249817,-1.6780154958262836,0.9264874693604845,0.5206896996906922,0.20329926511157395,0.9958018485348122,0.10099543400824335,-0.26190547521100865,-2.1770588972700406,1.4318273631103335,-0.844895977115711,1.4761278304625154,0.36383357027260843,-1.9005620597292094,0.9098272313743118,0.18563081762669614,-0.5279651438113473,1.0635518816158822,-0.811553157202043,-0.5673435545491732,-0.4999694483552831,-0.22605134311701672,-0.3184726118030891,1.2358407308849444,-0.7935458184988575,-0.018151493483823875,1.1923920254140183,-0.8141151186967056,0.42159446961277713,0.3303527063063848,0.1485095551296382,0.1255338551326296,0.7644331770499889,0.7873458673252387,1.2013928707667019,0.8245038905695048,0.1431553604026892,-1.016452134087567,-0.18665935809240647,0.8796505816872078,-1.100551228542401,-0.2211839431869775,-0.02870351935809859
3.3411764705882354,1.3692931084281046,-0.6614167084928886,-0.6370358014843038,-0.5666764980032999,-0.07232878876690876,0.9931031531999126,-0.17268282569616267,-0.4176919456520888,0.12757112378111113,1.1100141823159575,-0.23415634358664822,-0.9388702472100412,0.42591585973096424,-0.4711807890581504,1.2505878108631876,1.7780158991058252,-0.07331423252070897,-1.712090274415947,0.4438326214766173,-0.3927771134834501,0.3283584282238259,-0.2819298085360474,0.8399265593171175,0.09517730713660971,0.2982813444543157,0.19489178377295469,0.1351856235724192,-1.9384543706526536,-0.18369039354892958,-0.7269385421169378,-1.018319187248695,0.003551448655008199,-1.5501660630710625,0.6121760693027204,0.3731287284569606,1.0459368037917294,-0.33691394876813646,1.0251642660153522,1.6142994848233627,0.4369235807453326,1.6876464380778005,0.24467269713311623,0.5475906613976929,-0.5460963971114093,1.3201853667835748,1.6951727111401684,1.0166220000531345,0.04079325285103204,-0.593878113801533,-0.8670993059532273,-1.6014367629212762,-0.7032635036196087,0.1321038592719503,-0.38707043947380304,-1.2730102164873116,-1.839165242392481,0.42711935279200586,-2.0699486476102917,1.4585120836568126,-1.0149526979008223,1.0062731981024038,0.40268622683674987,0.928871370806071,-0.9975669009399656,-0.2802605203184237,0.05907833408912125,0.10697968054457331,-0.05370103710436843,-0.8392785411003998,-0.2921754003522436,-0.00777338086896065,-1.5027920702274151,-0.5688189770962248,-0.5006461817599585,-0.5496862441841072,-1.5238355717095622,-0.5549189208602991,-0.36084362347005927,-0.9637423499215024,0.6325262242278876,-0.9643828347524034,-1.066842597904403,1.0235496145566931,1.209139557675323,-0.09688927857625251,0.3836931147671484,-0.5012076086126692,1.3183427271841215,0.42868123255708895,-0.94925706679636,-0.7741132005072506,0.4017662231163268,0.24188157236260616,-1.2610049401297865,-1.8347127863692883,-0.6816516699503642,1.9923194857587807,-0.2263968479240947,0.14521997861101044,-1.6893818950285395,-0.8252875020523693,-0.03109301952571747,0.6702135265090647,-0.9033073416701359,-1.036267363808081,0.12719420539841703,0.44725163158537373,0.5333917937789211,0.3114225996300709,-0.5117069914560871,-0.16044061857744477,0.567646594287328,0.4910328424592201,-0.02814172873817053,-0.09052717250188558,0.017863229029377203,-0.43583693415332325,0.954894758977412,-0.6443966802279055,0.6290846827868616,-0.47253941453489984,-0.04183779452828931,-0.3764029941296924,0.4544425162101373,1.0124249036704265,0.39050911171620634,0.4483976396676568,0.07982667899324497,0.6229327045384784,1.2855691746314657,0.6174449567038227,0.6026640506542907,1.1306641236590835,-0.2070468085138742,-1.580823003163777,-0.8527404982849613,-0.33364464459192666,2.5009255973199616,-0.09442670097664804,1.3871734926785368,-0.16649824269715652,0.06903804464674804,-0.08482131542056282,0.2092648104198287,0.20456210642001815,-0.025146251033421663,1.0803544620465075,0.22887727062518695,1.3276941168460046,0.25601479494756596,-0.2083805758559587,-1.3064937906042957,-1.0814421185506307,0.7923841224117325,1.2370191893216147,-1.6893107621380548,-0.17584696763183882,0.5105906811109627,0.7107108851290851,-1.7404968891178554
3.364705882352941,-0.4284263290505102,1.4526192821827797,-0.46168176827966395,0.08793407491032662,-0.7192921127580892,0.0523773751483228,-0.20131318862226297,0.05417585096143479,-0.6868366211262675,-0.6319057762565633,0.3797866890505566,-0.45334819799427173,1.0828161616480336,1.442917128176199,1.5994272983844064,-0.5508185863318191,-0.25204620813934475,-0.011896489237969696,-0.19338641952495195,1.4384956743472914,0.7932729001003118,0.628047253553558,-0.5682276926751835,-0.00029298577745207055,2.159713969972926,1.4633258149855795,-0.5345756423674255,-1.2034576230279903,0.024507029372805855,-0.46253660196585855,0.6341064068259653,0.5461242715196236,-1.265109305660075,0.986044379839621,-0.5254699141391633,-0.01935160111501852,0.19298700715431344,0.48975803394924633,2.058983416359695,-0.6872302492094802,0.8810052668990905,-0.05084167646316534,0.4366055785179348,0.4995358132747346,0.8267341296077608,0.3265046363622143,0.8441865941953262,-0.17702730774694853,2.0747972630949225,-0.4325609258312435,-0.5600230518922016,0.4526364577670521,-0.3230919061868944,-0.9579229344328761,0.39487402447225306,0.12843576722499694,0.17572708249124433,-0.20074913014569423,-1.1517415113433915,1.957083361438155,0.9936766061603934,0.48191355473498815,0.4080772957942732,0.09931771942578196,-0.772491335971906,-1.0149245336485522,-0.16057735704714182,-0.12278777878209061,-2.2171276965932973,-1.4322143535932548,-0.4907348906363077,0.3937664270298198,-1.0563861348376846,-0.37287198594769233,-0.624225556254667,0.5470581778897528,-0.004768397600082658,-0.458995137036018,0.10020753512905856,-0.1359388501551736,-2.0897525963202903,-0.09872673903777857,1.1422050625803912,0.5954880321694386,1.4905864226552676,0.5685162514555627,-1.4386984801362812,-0.6683376340763822,0.6026836845451431,-0.20444360060648298,-1.0791263832398799,0.4554808017981247,-0.15677583962598432,-0.1608953139728288,0.9026124331862895,-2.3473927133472565,-0.449282423463337,-0.7149574994160275,0.4435251164958455,-0.6411366063895799,0.2388358336606644,0.733509696812819,-1.531061593926652,-0.2673319722563648,-0.10821653174348639,0.4551509723148907,1.2840438460262265,1.4738094674325333,1.1164326566778833,1.3785884570163647,0.2726734718098684,1.353686132700286,-1.465043279522694,-0.39514203307214946,-0.10051131375079377,-1.526993025102238,0.1725796300630014,-0.09931892617015978,-0.904638406023282,-0.045786520487635624,0.6051288845035506,0.8583440286589956,0.3242971993938714,1.1669663542761386,-1.4231770195547226,0.5086033541821887,-1.540183249771146,-0.18899827626062682,1.67530563012459,-0.12656857721997922,-0.11022533910475268,-0.5934359825497559,1.1310505649925369,0.822752241735584,1.3709089155760725,0.3682592042068296,-0.5013627657393518,-0.5166528488521694,1.1801522619990104,0.13421777625447298,0.5000929777223689,0.4662633944486331,0.7456823796127034,0.24762460135674758,-1.2584182778116364,1.076649370247274,0.9499028561279657,1.1821878526757648,-0.6401092324714325,0.1720267545964906,0.6913907933701138,0.12084188751883981,0.5377730269532855,-0.4288411797136603,1.3478338870461226,0.08079456249942696,0.1767928840147976,0.8400604201824283,0.27398650411115055,0.15333999933493803
3.388235294117647,0.32644554372076773,0.5940456062394459,-0.6470311933486557,-0.16547648477084015,0.9683261046270226,-0.9628302043610832,0.48659557089440564,1.6669667933777594,-0.7827036594410807,-0.8455545577245089,0.8532156345477103,-1.4341768610586896,1.913323364938623,-0.0615884630880445,-0.6457971277270176,0.5000220496584706,-0.8178370335377476,-0.304981799111324,-2.8133114705589275,-0.13199345831140302,-0.9282922589263723,1.617650468798828,0.4560124360653741,0.451841178724135,-0.9554924272425289,0.7746051700442305,0.6256232188547575,-0.7432976314579537,0.08173537366422036,-0.6213814319976487,0.11428998053893738,-1.6245505218812584,-0.8616538599970878,0.7722088417343979,-0.10366439333952233,-0.6537771705652182,-0.44090787355675304,0.6702270991879279,-0.8990494850063665,0.04128869361063861,0.45354733096428934,0.41462664333968463,1.5085581927339704,0.7699870642947255,0.48683436904282257,-0.9093140724283397,0.13114910693791954,0.7743773012050855,-0.9436986793400752,0.11941214882954276,-0.9566226403993534,-0.012518598918762558,-1.0790457831686047,-0.8605194075128382,-1.0025283161478793,-0.7892158733746287,-0.5091338979560902,-0.15633907601224878,1.2800616133485054,0.7737480795532243,0.8912795556377014,-0.5077900502753505,0.6741162960264621,0.0900422863654458,-0.6442270557223904,-0.2845385509930768,-0.1303277313954455,-2.2685556429917235,-1.0778571891729936,-0.5234814519243203,-1.4279719115585476,-0.09604611263190128,-1.869276263030453,0.04585733533201711,0.02124554751364402,-1.3114466518630148,-0.1639952835225396,-1.9439044745133747,-0.7263580196035743,1.117841502531362,0.32337626139036024,-0.6127403026015501,-0.12649393620633223,-0.2034344307820079,0.5877596356366506,1.5180784148662738,0.60376512414965,0.9343127410548482,0.44856757382535195,0.3488337480149782,0.18413187262354164,-0.03742707198688339,-1.1203261520422547,-0.5313769957606183,-0.4764786407264119,-0.959885017707675,-0.2067242258453539,0.8645452063505015,-1.0266805537370323,0.30421564094487924,0.43263677208254525,2.1566618645981124,-1.0272228846568074,-0.5286727485913731,0.5111674738055562,1.2191519938949673,0.7301758238948122,2.1150350290818007,2.3087746288550184,-0.35635168692898533,-0.3030311911140141,0.004250980495870305,-0.4626770735012379,0.10482488901843946,1.3992380602622059,-0.22538238254345075,0.49427677519115293,0.7411951314834604,0.5252186917365498,0.6780069782917231,-0.12122466878186187,0.09246777114919294,1.031385879878512,-0.3460601055164576,-1.221294347798149,-0.7377535805496187,-0.6242421898167887,0.22966888772232322,0.6096029139410493,0.8051494184533994,0.8743077018827555,0.8232618589212438,-0.5587201439889293,-0.869986414162703,0.7821266841813515,0.22644325280866817,1.1003517612567206,-0.4983011008808237,-0.40577844824214726,-0.04084639404460233,-1.3327244391038382,0.04267534176976795,-0.8110763825330768,-0.4530972779001447,-0.46947910040623303,1.0763440208221438,1.6481500102334092,-0.33933748476917086,-0.029344934518648974,-0.0006988377918395183,1.339259604712756,-1.4212161499145177,0.3208029754663294,0.3125111618984232,1.191393587825277,-0.39386524616219504,0.047466210154289895,0.80389590683421,0.5778602397433292,0.42947963831322333
3.411764705882353,-0.24098642113794938,1.5855502759369773,-0.7379725504189177,-0.3966824208589736,-0.7984322320244628,1.385015409244793,1.179150075734198,0.7232005302530341,1.2432395253690884,1.3265259722359806,1.1762418393405192,0.46169955906211396,2.7483837925045798,-0.5480110861167281,0.9615428538879937,1.0723028988652927,0.8129960277227936,-1.572000575967968,-0.8401540281465611,0.43184866171434555,0.015790645460838137,0.4557975273960988,0.7136197875289094,0.18895963247738853,-0.6517494642660986,0.7045820483214835,-0.9459909731130386,-0.16126455313639126,-0.639748357687901,-0.9483670631300356,1.1050348000616512,-0.9116859626917169,0.28717797626204083,2.1326750244315877,-0.48297650282637306,0.017191097691183904,0.37232763505006183,-0.2995378464454444,-0.05208025918948908,0.5226380488407572,-0.42882016172805026,-0.2783353636232905,0.04371957424255807,-1.519107800441769,-0.6577600270031713,-1.479050718232603,0.7410823431627508,0.9671528932447592,-1.0117061199891726,0.3723868106165806,-0.5965140741048174,1.009311188289296,-1.4514576650668765,0.11336454444310484,-1.91602648797982,-0.7668524795565098,0.007254253543841405,-0.22871668704922146,0.008027797617147725,-0.20575857117691043,-0.7427822137530193,1.5959059581404043,0.6648478700740921,-0.11375897636475814,0.14917387580295383,-0.949404882998037,0.2221782948591563,-0.9318401778499918,-0.8354369189065118,0.32228627984265484,-0.7889417506068275,-1.237697675669854,-0.4881167041635229,-0.5067861639599949,0.08514036429416091,-1.1205598241012735,0.2189259421008564,0.899175671528979,-1.0058452264909117,0.7841063512087606,0.2467983866849241,-0.4743509840000111,-0.7809350002257369,-0.35325714757729315,-0.2345351737942437,-0.23780260064046296,0.5181192156012864,-0.1411335888316697,-0.5999748667457634,0.4268390370186779,0.16880226322233577,0.42588191402063946,-1.1812454076830767,-0.4251703891340037,2.155512460304966,0.7826897639506696,-0.7371395634032014,-0.39343049960181664,0.40712181762030414,-0.5485360271285259,-0.5001679341728297,0.48327227530804096,0.556807528282057,1.0227273077645653,-0.2149021414081818,1.5695211706952148,0.35186554995931907,0.25782363042100703,0.9850995460339922,-1.2774616064181197,-0.8989473052908231,0.7108770664827256,-0.3851303722209769,-1.8469888109977932,0.22498243260815534,1.0284857068900373,-1.109792561028244,-0.44335535145701904,-0.15522605761396882,0.07022209152011562,-0.19145148890092772,0.9271011466640877,-1.1134797875526532,-0.9978797315431054,1.0118424703517364,2.4881513629629914,-0.45917265820425796,-0.028739056504710703,0.49272936276122103,1.2555807090819338,-0.7675131375652782,0.9830454785338469,-0.09009048853496737,0.015061299073551804,0.06152560211736802,-0.6051969628530965,0.4530156095765744,0.7166867348282551,-1.53583820268683,-0.009584074476011367,-0.4513710657611958,0.4264568226816923,0.8735863088334528,0.918967438083687,-0.0020440313575870728,-1.3427944815170287,-0.9096937954033693,-0.4494189721815054,-0.648668857279323,0.1773687487901027,0.25813303638802243,0.6934010412505208,-0.32968870154079455,-1.4222677815277804,-1.6330511811930621,-0.8396424157631424,1.0949931214337632,-0.962696917891751,-0.28597786520532503,-0.04064822495812598
3.4352941176470586,0.8177068634258966,0.3557780505017668,0.8418339700042528,0.8057449429511463,1.2340598544870673,-0.390573421217332,-0.18964549009240145,1.0360836413540881,0.1568678902215639,0.3882287895015936,-0.5744444025056472,-0.5161649316780432,1.240291486337763,0.3011136440483371,-0.7316753935021905,1.5817472175139917,0.12570400193843087,1.6721521081723392,-0.5829580661621219,-1.4907801993581167,0.1761146208559764,0.9059919170199143,0.7987800293935645,0.14792216016115592,-0.9247442673678616,0.18544965353217602,-1.8646712517251767,1.2453414794069892,-0.6768782278711007,0.16813054730293747,0.6435657209765167,0.04853658111568258,1.7733079405204435,0.6465237555209702,1.4487345918653907,-0.5108824798325962,-0.052150108601344794,-0.7280708623552025,-0.4506128177404719,-1.1919575653154557,0.41609015355030365,0.8421077244042682,-0.5222519666818922,0.45020675600290794,0.0789160089258251,-1.560554761617033,0.42719050794339475,1.9682947175909264,0.29714986203583715,-0.39223913992804366,1.534230005801399,-0.4866501398879444,0.0459931993226132,1.4349751224578786,0.07795958582531302,-0.39317489780758746,-0.02623896916728613,-1.0161010368592998,1.268510701667346,1.0284149128636924,-0.34008435824108896,-0.48196399691595576,-0.1195693478012016,-1.0063128610236702,-1.3703958787193324,-0.3441406000727245,-0.7391341638865951,-0.877575358404545,0.5172235481224428,0.8158288472641851,0.5234312139538769,-0.9728994559533214,-0.5509049745110739,1.2965294789737727,0.8807391190961903,-0.2699893992244915,-0.7760565364719335,0.1248937081385194,0.6337558989772477,0.29648583195360734,-0.785711422739508,0.6561228751511415,0.1010257648381675,-0.5434059063762546,-1.6517991448481548,0.06491725371797517,1.2175619671775135,1.0286574464719058,1.441509927618466,0.6445492226087121,1.3028434200036918,-0.41929768477109053,-1.0161139091249594,-0.8229519737104207,0.6810251137088326,0.026047499535445773,0.2030786784859373,0.9441544019816845,1.51081467911857,0.14527924359544592,2.5463858328784017,-1.4505725424103413,0.24929260906312012,0.9261024017179545,2.5109493415405284,-1.0151479091813138,-0.48577547742845206,-0.01075909999166097,-0.8555497394794604,-1.4135138058734158,-0.5292617739324388,-1.0092645379232104,0.2203553223252689,0.5804124755566296,0.6825609305128908,-0.011602780335456963,0.13812884154500946,-0.23524696067200118,-0.4885691349448462,-0.18846682275372081,-0.2282438819731214,-0.3843783886971765,0.7633695039097298,-0.37539210103863885,-0.0035390202569679785,-0.3058805061106323,0.14083717002402593,-0.4357675390728925,-1.4107496179810164,0.2710081220796041,0.7875378149446735,-0.7561721747926323,0.7201841025208633,0.185794240132995,1.8139160337912812,0.41419529103109815,0.29340515732648403,-0.6384991518162084,0.5044021641024554,1.5959314393372046,0.70327241146883,-0.41064634674508915,-0.16090413126339692,0.5610519688834084,1.6218104220465976,0.11137182644464483,-1.050096495811109,0.07049902615262801,0.1695592911620722,-0.23221296756531215,0.12028628002420988,0.05317799254624439,0.3976039069677918,-1.0271082880542899,0.2565176990276568,-0.04138477825939292,1.0072271855204995,0.6013617957167845,0.790766757446291,-0.0616302425094432
3.458823529411765,-1.8853051551311142,-0.0903815718522038,-0.35409824372131266,1.2211983917755176,0.9996610674736692,2.612684613261754,0.6614180342688498,2.086100420533443,0.43190490515561136,0.2726708804216616,0.3085222351076372,-0.0318581358527808,-0.19088471504132554,0.1064163619530494,-0.3675940169061761,-0.1830729623292153,-0.29126853966337724,-0.7431876615965478,0.1987591218238235,0.5324280358555996,-0.04429140036976923,0.9391450436032954,-0.7857416067145542,-1.032051164004703,-0.9384911720323291,-0.8489909238118923,-2.2863137664619115,-0.25270035503635957,-0.5436789240145832,-0.9735706204940108,-0.1910323791295544,0.29101457530831154,0.14093434868738175,0.21999274282004933,1.6997493050148667,-0.04292458982663595,-1.629086714374269,0.6943208482831013,-0.5075721987200691,1.1529682193088668,-0.9203726625922684,-0.700779907737066,0.4274550265875626,-0.9092015481687358,-0.5334810961828931,-0.13696107560697968,0.03268327044329451,1.268737292634999,1.2461630504597763,0.5132737175459992,-1.7315334150189015,3.7979488856657992,0.294937811530369,2.0982711699557273,0.5995032297965699,0.23720788292172418,-0.3799426534087961,1.0461757067827275,-0.2693448767117581,-0.08376090169342465,1.2427812122805408,0.27152817064007573,-0.514156187808346,0.9486207012929152,-0.8838498084907281,1.4281736133336833,0.5025824539048634,0.06464715005456358,-0.3761282473550939,-0.6013299546930219,-1.5489589774512746,-1.5149483662818686,0.7528527528205277,0.9966255997598343,0.11844766994058398,-1.1970726055694412,-0.6066499533091171,0.3744691058363317,-1.732142920158078,1.7309455526755506,0.8900588012923369,0.18940786409085808,-0.28637407830916567,-0.41157418350390473,0.9456527837301844,0.8581068899596234,-0.6101258538248434,0.889208206838384,0.2374544437822177,0.8649630820626726,0.5761139942042709,0.8124276900075493,-0.6533256306697711,1.5885166583776984,0.30766869599506697,0.8713784219383184,0.29020934543357313,1.1974210583349865,-0.6309840325750907,-1.185639234573812,-0.4608831470969283,-1.282819029908566,0.06117048291170735,0.8335345024643374,0.7809011615676502,0.6209941119344586,-0.5898903891650871,0.06538636964127126,0.03208463107318657,-1.9400252717332682,0.6311070773080936,-1.0712789452979614,-0.023784493339669602,-0.3248674559377871,1.4459250063932287,-0.43016005811611796,1.1007419791384738,1.4241201864016848,0.3699869120776912,-0.017795302935110228,-0.5133937523255783,0.197830550309822,0.08233146350523413,-1.053744222875575,-0.8155659720022548,0.4204659873095661,0.8954395429889745,-0.3398787771318621,-0.540762478493306,1.2115526528283511,-1.3489067587921728,-0.09210213331179562,0.6159830747885414,1.6964536171205926,-0.7921459549855644,0.48888070472487594,0.36591957835504596,-0.34764368201953166,0.1456819800410108,0.24739235995405598,-0.9370306262052954,0.32614361482399673,0.5071459094641467,-0.38776086502434187,0.138163341365708,-0.1696226355606273,-1.3358335948373343,0.7407332444672549,0.4999161813725405,-0.01195205102370333,-0.3008901886232618,-1.0071226252126975,-0.5434628382585962,-1.6630169698305286,1.0907087177061778,1.2543811365310915,-0.510688898311495,-0.17258778209801284,1.3971695901152053,-0.12921852034077808
3.4823529411764707,-0.34982955859326814,0.524966742178805,0.4116582480668765,-0.06234520815934336,-1.0002438369827118,-0.4694381355462082,0.9381601362102465,0.46732426057534143,1.4188430690061127,1.2599444730941975,0.6464784370700738,-0.6233104881081684,1.0559824594542433,1.1061783498365934,-0.3307485729135077,1.8542139158558693,0.46620439321377416,-1.894720948210617,-1.5098783668035822,-0.10194553320890233,0.5240157134015803,1.975915353929299,-2.313958350266416,-1.0739485018388333,0.09706836419218803,0.6874478588081742,-0.852307962946948,-0.8009314020919368,-0.14514141293563523,0.5655855223582463,-0.3954329514725838,0.2805579068543469,1.397960648962291,0.6977685532400957,-0.04636113429901539,0.7516326202687036,0.5871341117596622,-1.3586645998361082,-0.2123887416368691,0.08152795729311874,-1.1619593168414823,0.47459014841741776,0.3103131494351714,1.4561774784998989,-0.4260148146085998,-1.3558912497280446,-1.655303957448088,-0.41580193080661476,0.9654098681407113,0.2822610914287214,0.8524053774699385,0.1525006944481208,1.6079256195523195,0.17791601842916482,2.064841329985477,1.9241268749225817,0.9245577832260901,-1.7993733102479803,0.12964086269588787,-0.7392731299643205,-1.085620871261061,-0.3200778844707706,-1.4900272015591904,-0.8277016375023664,-0.47759802277402097,-0.0010797626684544114,-0.2008648310229321,0.09063641195926418,0.7827522622266175,1.8473213865981455,-0.16898963438723644,0.7310995992110048,0.6969296515665603,-1.5024339024735098,1.1349525934686016,0.8775812264188476,0.18922471433347277,-0.4205350407173581,0.19864326796929827,-1.194957167734754,0.3208982255325895,1.178259879831783,-0.9126638894091247,0.24240512769637898,-0.9918059910943916,-0.1636346509916925,0.9425875187495225,-0.42659737770906336,-1.3860185911866465,-0.8853123062292431,2.4557292419246375,0.632141056178579,-0.43717275830078134,1.2615637303809735,1.1544564899866405,0.36023446862517716,-1.184659416005758,1.2856935142893389,-0.7229813611604575,-0.30994400738552297,0.27464110295239774,-1.786325001530889,-0.344333764990844,-0.2371881189236022,-1.6229891126327036,-1.6315295983828766,-1.4198290407190584,0.5966463903719725,-1.7131033879596043,-0.12413911110909652,-0.005155145659476855,0.7849741814495604,-1.4432611834510884,0.1493986352982722,1.7002920603030311,0.7021070876879074,0.1520940994980474,0.6112069140852747,-1.21722580130022,-0.9063430167217197,-0.5158972292103123,0.15685372893650476,-1.9390413233087909,-0.6852785022686778,-0.8174779517718092,0.6833620230451976,0.4459517805949885,-0.9968303560114549,-1.2057462866311428,0.7464788748904004,-0.315891127708953,-0.5703360898805079,0.11083539317765918,0.4008441624161986,0.3322707933817538,1.256436497571368,-0.004034118682839871,0.12616654394965438,0.2482767686103835,1.0641093184647175,-0.2716607727358422,1.192123915439241,-0.5811475983253367,-0.6043416444372259,-1.0695810274982769,0.6137084358481875,-1.4064027854050087,1.0543164501355975,1.0429649106776249,-0.854445566988421,-1.117049082434298,0.5356616293658893,-1.0073058894843694,1.2120465878971538,-0.4516623186954708,-0.16052857893752598,-0.4568060806562041,-0.7260694502440517,-1.0433484193205806,0.1253358329891746
3.5058823529411764,1.0420948794079838,0.0027550292525840847,-0.4784949236581077,0.3703951054672743,-0.2727640014887685,-0.4827579952906889,-0.3546476583913266,-1.2503988167013795,0.9340980842227417,0.5080696624598948,0.3844274715333045,0.05929703280740656,-1.4643133131558437,-1.5097297263289633,0.45484052929360486,1.3934320556557007,-0.06374784243729806,-0.2527680795034327,-0.7994881945879013,-0.7334031648063944,0.2471221649650411,-0.7018146700399839,-0.579508540233073,-0.748037404300091,-0.693834365372067,0.6852741362430003,-0.7145718970983572,1.3050448318526662,-0.24185646574399297,2.5604379115480196,0.4785115209045839,0.43384558864533335,-0.05051450711664109,-0.17642965391621182,-0.798036738634589,-0.07112184867613801,1.1496485112540187,-0.1969683143771584,0.1881324754786327,1.4030987569715703,-0.6314315875103286,-2.2668689983304895,-0.8723791659855462,-0.42277303153422396,0.4161397534048507,-1.1605307080825318,-0.40286496981043907,-0.3416795862333759,-1.0617136881685303,0.9759065009826969,-0.11847142282148247,0.6888137163294614,1.66117728649038,0.9250137577225297,2.0508231700218236,1.470017413579821,1.7436629573067781,0.5929239391950033,-1.133527148865116,-0.4402576915744143,0.568920887927143,-0.42414318407862367,-0.16537574624261708,0.24098013730222978,0.1370842654920715,1.6506217275064181,0.520763135073495,0.15871790009735406,0.09582890798653187,0.39772319253515165,-0.30500503096806353,-0.5353967945323322,1.424315229684534,-0.879018322167265,0.42403839977431107,0.20673339137998156,-0.0346025388106089,0.39992797089594956,0.11968683457282239,-0.8555188511502855,-2.5223943246120446,0.017234810245238163,1.1624782772533766,-1.599099246046817,0.26652618716798243,0.7200851771803313,-1.471025540745836,-0.5914902940839184,0.25753369064785936,0.7242999714721851,1.5457456465364934,2.8254580033867236,-0.20171088854654173,0.4559416420519167,1.5377929837382827,0.18041522775934915,-0.9994460786597213,-0.4628710914599545,-0.30683445390722364,-0.8063972758258526,-0.07134374086792492,-1.4862196127121905,-0.4801026440179327,-0.7694778014081671,-0.41629288430569444,-0.05825074738793787,-0.5282134953804036,-0.70042148932455,0.4052682072954581,-0.3183869656781204,-0.8600928212010392,1.2162368170678848,0.045271111374183506,0.675397079567585,-0.3201122375925202,-0.04936088065623548,1.3368732076192509,0.7457775436693188,-1.1663195994211688,1.4949916329313853,0.771548918435396,-0.3281219617388642,-0.6652799133309224,-0.503509856329085,1.0153233565301003,-0.6898781519789452,0.9929587685669325,-0.34507173243464817,-0.32385520808891133,-0.3082576938497954,-1.2866834480480764,0.32509042941684074,1.1445113277366494,-1.3235103421670162,-0.9585203461078382,-0.6726978423041476,1.3132713494527053,1.715351445559996,-0.2665272729809444,-0.6122428642054689,-0.19743460704199522,0.4900735181585867,0.7229189142155577,1.3149248734656103,-0.1613708736429687,-1.0001714056308981,-0.06429806009016231,0.06254104876300076,1.7577725276498382,0.4233928082762097,1.06064597858258,-0.9178604470207626,0.649548393134527,-0.3464759684049353,-0.5344822665986791,0.17632081040247244,-0.3313468881963889,-0.19932946017598105,0.9502823138337219,0.6984016708371398
3.5294117647058822,-0.3511377437818512,-0.5105883123266421,-0.3612902586741048,0.0030606965217027937,0.2346349302149211,0.5882480131399318,-0.4614787136248655,-1.0815602124505437,-0.24806167790731795,1.5703704567450172,-0.40600891997458943,1.6888395403178407,0.23476698448891284,0.16684961105334437,-0.3432585298915838,0.8707107223003377,-0.9032930583349859,-1.075759978981343,-1.677014887030323,-2.882965721467664,-0.6551317797195406,-0.31591397893168516,-0.5797056205400758,-0.26855063237160115,0.499644942941427,-0.423443180863344,2.256428970476903,-1.7033794599004535,-0.15389161224651168,-0.7193466321960688,-1.27006893345432,-1.46958694581985,-1.6132780314154977,-1.690588170070683,-0.05375312207902399,-0.6159780260368571,-0.9160362825852221,0.865939761425403,-0.3202615785573718,-1.1483493312981348,0.01733160839419756,-0.3228764480694245,-1.0120140518585918,0.0401745913128436,0.7877469805418957,0.3462243879350798,0.9729965280376047,0.12484732071957888,1.3849520821454795,-1.4776838732542736,-1.08757241375397,-0.11873454150137436,0.7062348114419046,-2.122868513585266,-0.600450593743393,0.4699683089956844,1.6127017069954233,0.9099786296635223,0.97208454142235,-1.586338644030313,0.09970220720838915,1.0317312453595653,0.755536948900401,1.4245563009717481,-0.5633245644763226,0.208574384283875,-1.8491356912253507,1.5246778699246182,-0.1349881413904297,-0.3567559936133705,-0.6328756044851029,0.15423279833641312,0.003618448655903669,-0.8869840000025995,0.2453712383748234,0.07643457586460045,-1.4621770882538425,0.676672376917636,-1.3852803846203492,0.9784136500169602,0.9957327820787624,2.4742963300309953,-0.2224199914075887,2.522364974705116,-0.02687699680617264,0.35447492585593515,-1.3365408709758677,0.32078284587827277,-0.8246148104086866,0.12192327569855659,-0.3776691858461828,-0.0714906712081473,1.8160041466303878,1.6061780015782219,0.1095509378471169,0.6146256889360279,-0.024413564715316,0.27472323219355554,-0.8091586416762104,0.720515290546299,-0.8424023206078882,-0.5423913534702822,-0.30368015641629564,-1.9061772024359038,1.7362666259486974,0.18224614982869367,1.1404592918452676,-0.3293630012589593,0.20337839388041773,-0.28946236273767706,1.149276110530755,0.1643219539888687,1.4955357822131312,-2.7649993550171827,0.9943204770522401,-1.1547815437997067,0.40412851852306136,1.2557513505950821,-0.40699191943683766,1.1367484577295768,-0.6970745050980185,0.45860120440647123,-0.6863117496169916,-0.6169291376395335,-1.5043890395519366,-0.05250209576945684,-1.335711405280293,0.33145243497823784,-1.8406765132155283,-0.03440065366703257,-1.4572241011488383,0.5227628738417338,0.47642686467131434,0.04006078539995456,0.21863558371866493,-0.5330857869152186,0.3390386006693122,0.6184668941738938,-0.056786088997771406,0.7209064272432143,-0.16513226916107052,-1.1309948115050603,0.22465175873647275,0.9101183358525455,-0.42167151590761287,-1.7551262344934204,0.5389780751762189,0.11048101729099531,-0.8010488718119584,-0.4065331274080717,0.6506511227925063,-0.027007284337973763,1.1704936513783761,-0.1169227656179626,-0.8103304568528134,0.9465000107682644,-0.6610722068324856,-0.9675636449070376,-1.0199389147642761,-1.061357669479386
3.552941176470588,-0.48473886264932675,0.14368224833130072,0.012484711232324835,0.18491724235119894,-0.44078877224607266,-0.8019121661541138,0.6278933690171934,-2.2766735673482517,-0.00565695784453718,0.3794622335391346,0.5886986010716939,-0.7851597061470544,-0.1562235028459817,0.23710375803018569,-1.3444364849175454,-0.5788426049008116,0.3638786319182517,-0.8738026178331967,0.4947440890021127,-0.5146023552059316,-1.2578475446260677,1.8178252630411627,-0.12363728627020425,-0.2854722226882999,0.897582733368967,-0.5981778406546028,0.15506386870835154,0.10407564991074963,-0.5494249635916841,0.20013639364466376,-0.46337612373134973,-0.9368489534102786,0.5256693150793165,1.0153963688066436,-1.0220954599235017,-0.8420446117067915,0.6503482942763446,0.6769665863187396,-0.4854902600841815,1.949431055660535,-0.8504309726768287,-0.6181204241713522,0.07277408456688654,-0.29885853205008994,1.352312181217478,-1.1950047870040987,0.44648830261840655,1.2076900584992551,0.34051640340811,-1.0509834431897835,-1.3316618384484524,1.1781287886915934,-0.8583162576717165,-0.5224464745246326,-0.6480564855754254,-3.1149773219055183,-0.7155159010563118,-0.7014913993765384,-0.43751548376610444,0.10623605456029275,0.2943023712310173,-1.964182538726707,0.5840626363987013,-0.6381152624962677,0.9219044133208125,-0.917387150684224,-0.7956395354858278,0.2592897410471817,0.9169092595841488,0.7454065764931164,-0.29292144768683237,-1.0487775130422299,-0.6170314829634165,0.44594611563903486,0.8923307308974302,0.9852651368128427,-1.3705234412511782,2.579477287521456,-0.04089090814322755,0.22280895659370029,-0.4493863825799116,0.742191240835361,1.740953704135451,-0.931563435768372,-1.464844749274071,-0.1350932910002812,-0.6870219912834369,1.2556755073893828,-1.6127757030333023,-1.1739552442169483,-0.49716884405701,-0.1665652821104891,0.5808610344212054,-1.1389541230215243,0.5892232424697357,0.9047683281623627,0.8768859361485004,0.5473459961103386,0.5931065489967773,-0.048597294692526105,0.380550056657582,-0.9700596932148794,-0.9772990857139827,-1.9651340635467096,-0.01094586205277119,-1.1416596724996064,0.7364799884181024,0.5092905529923057,0.11286806460062798,-0.21404809609678674,1.0486578651879641,-0.09804215004796808,0.35072031190337094,-0.3692742987676114,1.1459335717435588,0.6293505782302741,-0.06199708261329763,1.9995427993668757,-0.2519875753866969,-1.0664256008151372,0.3211870498511932,-0.14767368612560305,0.12824186160313517,1.8529288707931852,0.39405923450304825,0.682095218010288,-0.0030706217423962547,0.7372982598627048,0.55702899429611,0.8859645563837408,1.4100078439034271,1.5076951588906562,-0.37319177820437555,-1.4303992319891872,-0.6743547320592158,0.7042823022142437,0.030013503068210295,1.2115661415787944,0.38683795862587156,0.30892127513708834,-0.04824183225493806,-0.5545612301986602,-1.1701591468818517,1.4967609342664305,-0.9029234539850384,0.6759189543774256,-0.39224005208488333,-0.47667078147831143,1.360315133498866,0.6243491973385793,-1.5463552048470326,-1.044004304339548,0.8263702717696861,-0.3803029090773142,-0.5784229068107534,0.9800841953890257,0.9430668237050867,0.1843078832752571,-0.18609835799748417,-1.1899392027170628
3.576470588235294,0.506591076650632,0.28804313580372704,-0.2707646597621171,-0.8515011515112386,0.4458443822586878,0.4552980552925951,-1.4019997793571788,0.8101710408933015,-0.36881121346364815,0.007588830739861968,-0.2699080575019046,-1.9270617208883556,-1.641068217995666,1.4585745466032618,0.4352579352130211,1.0899723621601556,-0.6891641908134752,-0.523020217775062,1.714843092771691,0.8009823557956851,-1.0134538886765179,1.1179585070569167,-0.5514989826702895,-0.9242935855343116,-0.7307218256810494,0.8651716450239049,-0.42070218584743607,1.208537564892844,0.2855740462309716,0.39443172020300893,-0.771147012258331,0.28074462265067746,-0.6031279491416827,0.4930205401530553,-1.0613771748848013,0.6428286293998774,0.4682475155841203,0.306641812380014,0.8977950715650095,0.10434195926199547,-1.1210203514394321,0.4440876857443074,-0.6153720722039793,-1.1567241524146714,-0.8287907293549932,0.6260961163007999,0.2183308094222164,0.9502851789493308,-0.5492998472469897,-0.13731336760248608,-0.3898651213222282,0.22190177820604154,0.6846020106024935,1.3005368863610847,0.6793437572487522,-1.7451766573244498,-0.7546877079691229,0.12935375488398793,-0.9698358434542316,-0.2266231710991364,0.421489583185323,0.7799382993869755,0.14021688827950496,1.1286934924578609,-0.6081233191068219,-1.541722209425419,0.8067364342479267,-0.46297359627725626,0.6288216228237677,0.46485189679915756,0.8074742702239627,-0.45472581251866084,-0.6962227574494034,-0.43153868451278954,0.47755071585768216,2.0264147412284697,-0.6805428653576674,-0.7581450744143405,-0.9504149822898066,0.20604984815358243,-1.0665606910548142,-0.4318302222054054,-0.11145920386073649,0.43149938995953835,-1.5588550713852862,-1.5662624919199195,0.5300618031711732,0.6532606830177059,0.47946971250934023,0.9222968988543734,-0.7245093109838522,-0.9041192752888652,-0.08319214911894106,-0.8028479259377777,-0.819595691311199,0.3754391847879227,-0.9088152148275471,-0.6010057696215889,0.8885529681202958,0.8882085663071174,-0.21615003967445964,-0.396138331344132,-0.5541669316827929,1.134775425342647,-0.6753846496005921,1.2699597531595552,0.569430589213967,-0.47082825835723763,0.3847682565543622,-0.17654094419164604,-0.7021505736898269,0.24045058349083498,0.8349874328851941,1.2072749961172589,0.6563194943551358,0.5867714969350564,0.9731878537059614,-0.35606543469317,0.42743102085589674,-0.5273316310575851,0.48112563485164506,-1.7907479942052311,1.6013345883489063,1.579068655556094,-0.1210971937760918,-1.8344983497992648,0.00024270157443582845,-0.13403329386095786,-0.5794189703370018,0.28750761285399257,-0.40304271311018824,-0.1281973081800853,0.9860795818350311,-1.2535494762535384,-2.2787292978599174,1.1958102067394558,-0.8804617454549668,0.3112348573217891,-0.5463410005050882,0.5562901148718987,0.413989955152637,-1.3910141249096386,-0.6832329487682793,0.7881974187323157,-0.9377461101181889,0.4465901839645088,0.41992010623077963,0.5454959156797498,-1.8617434034761637,-0.6523125821606834,0.08205760198011577,0.8785095005263717,0.06795966140858838,0.9150807417539206,0.9663053689135449,-0.9949250145138991,0.6460559850114043,0.0829473630549877,-1.5176423549500384,0.9214564052200586
3.6,0.978975761124009,-0.4310238158225796,-1.5639559940285301,-0.15279797241510218,-1.804324336413733,-0.7185395687913991,-0.17008295963361936,0.1246760157149443,0.2701152267757898,-0.4953540009303563,-1.872743937460209,0.5752892933849706,0.47543653332658703,-0.35053598503829875,0.10971810767348489,0.6062032961636392,0.13415902784570888,0.77888677219302,-0.17438707513135457,-0.35419835606899336,-1.3378561499042225,0.89174687783427,0.37096828882015115,0.7091789734383112,-0.024196979954731985,-0.1387001697196194,-1.2120110919272051,0.3390196382215616,0.35896688614520206,-0.18017996800217384,-0.2016471908244208,-0.6160103352061888,0.2600472738464371,-0.06247916912630731,-0.5766299932330625,1.4122567998018734,-0.06751029980831888,0.26268703817076755,-0.5170793782259456,-0.3397980517475481,-0.7552439547463691,-2.0362856147429365,1.152779363239554,-0.3244560534995029,0.6122414735576321,0.41342232195286377,1.18318751489108,0.4805704195349466,-0.5326832945018533,-0.5285564943468053,0.2104004105742941,-0.0966383037399633,0.09123280350282123,-0.20876436726870268,0.3754698588691431,0.9353713731469735,-1.3349720247174772,-1.0103200069028493,-1.494686930357383,-0.3368542367388985,-0.5457436302625163,-1.2551765187953947,-0.5403190252313516,0.39814213825331257,0.6180695904419198,0.526908389895649,-0.5167351697492751,-0.8648404124629967,-0.0725128062869434,0.48728607457604556,0.10367883533969714,-0.00245177818128307,-0.612674405957735,0.1759814650308302,0.9354469040037041,0.9973130302733254,-0.6713465216762587,-0.6184129869451744,-0.020894804027545334,0.6926775132006914,0.18965978418237658,0.9221920991090131,0.1861427064771016,-0.05892173453857252,-3.0902761805524865,-0.31642667771380867,-0.8308403820042157,-0.5662605254258966,0.7387695737497275,-1.2946352868276836,2.3592479460259614,-2.1854273834879074,0.43167625040567703,-0.7598745569065553,0.8303461608703027,-0.8396255784884631,-1.6362317545484835,0.23221439115781997,-0.28775192311325287,0.6988896652291383,0.4836928904861174,0.24280209181993265,-1.894954942285991,-0.41759038260385745,1.1559627877963576,-0.31259889192236423,-0.8531633336505878,0.5859609520814065,0.9692751037229107,0.18687871044805618,-1.6727191761985607,-0.8712793935335966,0.22552258933814331,0.35023656386082846,1.1545632839553466,0.39816155530486497,-0.7444924497379578,-0.3413801016184296,1.2861737236833606,0.5796652668167307,-0.7027673072537237,-0.8806133562183105,-0.06609799428638378,0.9671781195750482,0.19999812178127394,0.06927224823826547,0.4515534493565312,1.0249977510348873,-1.0092369662604685,0.9333454470713582,0.5389232044168495,-0.4233730869819771,2.026414053582633,-0.8206219297927972,0.40152981783542635,-1.5069435668785511,0.051813968431423996,-1.1838484486655136,0.5207733764898357,-1.1643576515502791,-1.9911946711166442,0.1350246156771282,0.21052651268454223,1.0238293694836973,0.2407977894088463,0.06170478641825051,0.35115301516453,-0.042124367257013615,-1.010355473733217,0.828395891400629,-0.07208949152187635,1.2077447032379247,-0.04165167356239771,-0.2556359903522939,1.4938647322144158,1.1925749523680995,0.9656169911325659,1.5705210085091608,1.5024379373456358,-0.5248246554824048
3.623529411764706,-0.8031294903727642,-0.9545191985348717,-0.03385612261240283,1.1560878176521892,-0.15681643299720865,0.854071229575875,-0.14879397927949423,0.39798015616484117,0.11986787570986371,0.25211296676743106,0.6674714150402371,0.4970874485675659,1.31812299555773,1.3054166479485374,-0.4329581735845848,0.34203904515053,-0.4979815411362726,0.8018159964782299,-0.4779465622671543,0.02061494804651403,-0.1850080909079887,0.3310283077097093,-0.03558487396569725,1.074970581986586,0.402682860836111,0.5022129838944751,-1.310483354405993,-1.6236697967041025,0.8161114954462095,-0.8086821625587791,-0.12768029286891047,-1.5186933149986197,0.32465374939623304,0.9478790787642472,-1.0034829891326127,0.48053961046122845,-0.6286258019255528,0.8628962494756961,0.8379781134045045,-0.7199387898027341,-1.0011666877962495,0.48716455556673777,-0.2455321849163078,0.269685756595087,1.8299339124007485,0.5511414156843897,-0.05439966168263803,0.15853026626036174,0.3238341148286917,1.0743874839771455,-0.4238696464253748,-0.749592247080049,1.7537557611310572,-2.0677760646520347,-0.12220811467949914,-1.1688968964885613,0.49753663798535164,-1.5030212620188352,1.4211865348126904,0.8254785762210446,-1.1146545256465594,1.180427174572869,0.7472521215832416,-0.8171800700860651,1.3554005992093332,0.10476314091412096,-1.4085373463061828,0.18979688993228055,1.2776224179397346,-0.056705617855279083,0.4279644393995703,-0.25143732834818144,-1.6766752328763854,-1.2150464612363574,-0.10307292928501974,0.06461719639371372,0.16563700810768944,-0.6131187530711844,-1.3346764113940068,-0.3018956505218918,1.4427812640260331,-0.3342365922470191,-0.07333181114849296,-0.9135927432953164,0.19135361653412172,0.7260809815170469,0.5411991295623544,1.2874127577361958,0.09037206175221382,-0.015352216838162111,-0.9717760739386201,-0.4459767624334222,0.38649317724098803,0.3234312708988149,1.4724165814424637,0.34881386946361226,0.5659635033142261,-0.4400743206058987,-0.5216043049724789,-0.02037258443516291,-0.3647212522122351,0.7036521338542908,-0.22037785335285068,0.6299791602507506,-0.46718567855994714,0.6785205455304382,-0.47486335960791265,-1.626605932212731,0.4333786689898545,0.342465090780017,-0.9482533877897583,-0.17134696491368195,-0.03628364758705524,0.27283037520819053,-1.9546753840252342,0.9408159576089155,-0.5529813796629809,-1.9837440263985786,0.6902872618459168,-0.02307636794844558,-0.4944909451103425,0.0515851115083798,-1.4205698243869795,0.324684689721034,0.6868876603552961,0.5364046799215075,0.451433381339685,0.4076342833877989,-0.7171342484290404,-0.2424568396014804,-0.4016461601922391,-1.2538745433437712,-1.285375814193188,0.25235531380366844,0.3785746699540036,-0.2310211449615427,1.7246154309771329,0.19825759148267097,-0.6536500920859916,-1.7805854792811553,0.42602924147936694,-0.5260980733281848,0.02601191862342743,-0.8083442834635406,-0.9406571806283809,0.1152135991052718,1.4793498325911092,0.3138339922872924,-0.6556427351796078,-0.11090953353866086,0.9413852251275866,0.22998351815991985,-0.6404683112250438,0.8351450531415058,-0.1853757008951582,-0.37158376627831396,-0.5798377459452637,0.5775330588305254,-0.24194265143610932,-0.24828474488767094
3.6470588235294117,0.8476358205166571,1.169621061760321,-0.45673701667243977,-0.15696734319054667,-0.7734273208480805,-0.054112641603786926,-0.6123095215278737,-0.025303670105223327,-0.8584222605543148,1.5557599912903461,-1.082442424121623,-0.5724892851372575,-0.0471107489227041,0.21314048040068675,0.1911645263808039,1.1517024547685395,-1.2291037538861216,1.4797360982313295,-0.28560983307240223,-0.47529815042902634,-0.6054729107473833,-1.2831203565812728,-0.5050172841501978,1.1148018827205657,-0.3350360278714527,-0.21434150799357574,-0.842686866699809,0.07481815188947476,-0.6741134675510734,0.5490894716133252,-1.4051311521816108,-0.6368178922470127,0.2999262116721829,1.2025804021501811,-0.2600345853794782,-1.0739219969528084,-0.4000150157328814,-0.18526834197335634,0.057176258595603296,0.23793410330886158,0.024188368007645435,0.2069884907473448,-0.6220542751031227,0.2009071696803381,-0.6018188409151086,-1.4065968683385992,0.5711504585697412,2.096090517641483,1.4380315664255396,-0.06333472840427623,-1.2641506522466082,0.8775834553689116,-0.9351061039556677,0.5392331968800994,-0.2509849454720965,-0.922742070703498,1.1500301580859953,-0.4267870209925718,0.15195952223496378,-0.1559560736592861,0.7086863461506396,1.3367739281777573,-0.6877308716735182,0.4475090470638685,-0.8823833308529238,0.043684069710612165,-0.8287301880959387,-1.1447846579165077,-0.37796152820345114,-0.11109248575658928,0.6662245455519983,-0.5385475118848974,-0.2301969722198145,1.1853786823058132,-0.7600476382452335,-0.6758266092387952,0.4538912140140925,0.48492683505609324,-1.109939107206958,-0.2879499590425533,-0.4569386957256275,-1.482196359876252,0.37164226678509593,0.49418030791399514,-1.112036937909449,0.43494323168677723,-0.241924706847501,-0.31944428760565174,-0.19480583781743024,-1.8286121379011673,-1.5318147494149834,1.5673215120801345,1.0841657615123583,-0.45771094828916287,0.3386770484899583,0.6793117794708239,0.5570045910570673,1.13645164968336,-0.25187318017163657,-0.0334867346959059,0.07573421416120853,-1.3269910698598317,0.06721807632849414,0.8474670408951314,0.7415724762169837,-0.4401061169323879,-0.44305502219076365,-0.2633779601198704,-1.7864834147897835,-1.055734570260312,0.8414638023675568,-1.1142093478952522,-0.8435272994531612,-0.37537757722321075,-1.6931818225314248,-0.8217094801647343,0.24328253434158276,0.07539699019761169,0.7455596465076282,0.7884231868936913,0.5425304807904842,-1.6372854280994198,1.0945828811754732,1.2768308418539258,-0.28287705824252074,-0.18061534870764523,0.899552946957468,-0.6248290088654392,1.2463884361754216,-0.08393125038012236,-0.8369041556464777,-0.0408135699433979,-0.25927147698489916,0.32349979042328564,-0.9138681046415209,-1.0923414187885316,-0.48081961997988265,-0.7870416172461313,-0.49220882768984353,-0.1896854450706152,0.4885511076697193,-0.10664231915311355,-0.5474694613876211,-0.6106327946137154,-0.416162192287322,1.4194836277871299,0.2988602291127475,-0.9884775773000445,1.639453932890938,-0.9837478308299111,0.664719689201735,-0.1104138599978057,0.9291889176358625,0.21290824712446302,1.7094977061272993,0.9931480962291941,-0.5354725797866813,-0.731295806184715,0.15514736617079605,-0.3869907901549553
3.6705882352941175,1.4497926275439592,-0.48133276530052804,0.5003136781565698,-0.35160900494435154,-1.7546553532300415,-0.051276250435510984,0.4570133939054002,-0.683737237449233,-1.633037685158,0.12815775896371323,0.4964663494052709,-1.5062446270058694,1.8369891765366688,2.0143979947057655,0.7584714622754195,1.2476472087636747,-0.2650863311318829,-1.5142118122340162,-0.6864229438945602,0.35430114044307565,1.6941510638404795,-0.9425288941307872,-1.494069997498731,0.28724459647051215,-0.10634171197469633,-0.3236993374961257,-0.4306147100918839,1.6748882438596928,-0.6388311406378846,-1.183108067894826,-0.07500233383852065,-0.6865450372990601,-0.770292776618074,-0.4943400637159922,-0.6462437783014102,0.1988763788792761,-0.5011851985749539,-0.3397526708652445,-0.3576409592462254,0.5755401033793464,1.0799158228689845,-0.4815193453288831,0.39597357105278536,0.2168626243735742,0.5426530075287914,-1.3788095473959214,0.8568093744191974,0.3194836022526012,0.17226072821874144,0.12483266047794875,0.5928110494845873,0.9948835783298494,0.13807266032272508,1.8257589443374624,1.2840450970740684,-0.34267587658579857,0.29506014928558266,-0.6374634057541341,-0.6936001261140494,1.0976465529446997,0.8432206845470911,1.281387318699698,1.677960302186179,-0.13293885896723956,0.05854942569966965,-1.997330732681131,-0.1829347727087532,-0.28292619465142915,-0.4619631067902331,0.7635592969919335,-0.22482776816040312,0.28859127066429346,-0.6815802224192206,-0.7549311558669545,1.0339591092563887,0.578234674648367,0.6589022623553387,1.6536615311718965,0.6384614869090236,0.3078568495583368,-0.882596519168354,-1.1514089703741806,1.3737486997583261,0.32868754315423276,-0.2542712744124809,-1.8152131786439991,-0.44895420292304555,-0.0803143614695167,1.0550020243618565,0.07562910379776516,0.4921820881958424,1.3101534485030095,1.5616215785440901,-0.2941398431223104,-0.336867988799592,-0.5073324363614131,0.4877040381661989,-1.1809262129966844,1.0901496405473126,0.7266804516563692,0.009145410334132475,-0.3995204549842067,0.25494126255318716,1.0839388638239118,0.7928712539652664,0.5701278330275725,-1.0791402760738988,1.0515654588631491,-0.2698158901155866,-0.5466158435606692,-0.9706487170500352,0.19490965254695386,-1.2663849016333528,0.6536926812571662,0.8607402019478034,-0.36194392680651855,1.1104976223942313,-0.08350422191289542,0.3360998183297129,-0.023455444859633946,0.3653275551391585,0.3404758763914183,-1.890005186552965,-0.15975040060045653,0.7427677167810504,0.7345653160861519,-1.7198346875625814,1.3296425669911331,-0.1519715424311492,0.5579465252979422,-0.30405865263453247,0.40912924382903754,-0.02851148382765985,-1.5988851944244356,0.03900376786022701,0.39893274590095795,0.7166174283622458,-0.3107739797169288,-0.6568199376234497,1.0364432567117219,-0.09354184278164974,0.301912969871486,1.3397328693126542,-0.9960509233797895,1.5325189215857988,-0.0029339361577777503,-1.111651773455187,-0.3171729657434146,0.6566429940544951,-1.0345724387835527,-0.3851416887630486,1.1550191657771687,-0.294077514944504,0.14851801346856547,-1.3252762611105793,-0.927531358693575,1.7729822750868904,-0.822374732975029,-0.3065709120696129,0.09968358812957775
3.6941176470588233,1.5964700900723465,0.30604044313257844,-0.7955165897240234,-0.25306298777442526,-1.031246192709098,0.03995086608245946,1.4084208854271132,0.19290643048305456,-1.5667900304968152,-0.15736015705626397,-0.42719619726173996,-0.00515941143309414,-0.221058075355338,1.694141617310757,-0.079979429193871,1.447406814761978,0.35352769827641967,-0.43169917658593265,-0.7839233442987953,-1.244395125731864,-0.5341055364947472,-0.20472521738259572,-0.18163629828772682,-1.1045998012778642,-0.636518811452025,0.6948889293537788,-0.752280076396062,0.3926703122694739,-0.7357814759526183,0.8218980809034626,-1.8903176721276729,-1.960940947912543,-0.43575796960711255,-0.4685257753874605,-0.06927559465916064,1.3289401388731155,-1.4508217209781566,-1.6866879533161752,-0.48593861156844487,1.0829832181071324,0.9733468356200435,0.09688057548336211,0.09560526624568133,-1.020134372497298,0.8922824362766819,-1.2224369722499429,0.963111328184735,0.3423559548954534,-0.37899225093724337,-0.4218456858613348,-0.14377182335258681,-0.5900056789658092,1.489521074393588,0.11128226721547112,-0.9446542232485439,-0.22368714418119742,0.6950149822845918,0.1128641711232489,-1.3938480091164707,-0.2098834662111054,-0.27311405363417685,-0.39018702942379,0.6772373233036859,-0.6621223524442758,-1.1924219502295086,-0.5886523240936616,0.7972405576314194,-0.314255925678271,1.0127466547403001,-1.1235419485670823,0.12824141091104774,-0.40552102630093384,-1.9609241815947285,1.5991534830475307,-0.1621834560574148,0.9768302404058613,-1.3216884548958578,-0.5052816625599537,1.2238430511414427,0.32234051521475227,0.10442286308000054,-0.7416524152321924,-0.5093008474694256,1.5867375862783881,0.06833559840351379,-0.7641459475664065,0.12878980286485664,-1.7713924430470238,0.4305881477426101,-0.5107079104243083,-1.3943040494388517,0.15860475820214118,-0.15183364846664052,0.24111601709254463,1.096768756960783,-0.35630739830008923,-1.4895905856882978,0.38357067122801486,1.233028028601445,0.751401442063127,1.3559988211976268,0.4494598781325523,-0.9780571043399412,1.1290772149089818,0.3354733840038477,0.9539470403724214,-0.3259795255010849,0.0024561806458520095,0.6105095347873568,-0.5156191939910868,0.5659409473221756,-1.604636007736292,0.3665074563243533,1.0813856475868748,-0.7960714309774628,0.3887782796808831,0.0505317663533565,0.9231820095356102,-0.005564799352132985,-0.5570316350177305,-0.510067173021715,0.4394432499517753,-0.1336186191300913,0.451571396029417,-0.9237885837789553,-0.0008502701384341411,0.6807475457031728,-0.7200005932817692,0.28458236065507997,0.5560800407375075,-0.7620341985538944,1.2064577921924258,0.052988680553554636,0.38101641111000517,0.45142063180021497,-1.211839301876322,-1.0148945974536336,0.6699533977439284,-1.245782824720463,0.05271575660412872,1.7182849831750877,1.1034752307528146,-1.0318027739588498,-0.10649221878713902,0.7886138943461484,0.52531635194032,0.759307878401891,0.6336024115381903,-0.7518008812005036,-0.5348772142577796,0.007682183315162142,-1.0881438407366826,0.8682943176419766,0.29496947339255586,-0.17376989563730985,-0.06277223021638456,0.12127127562463749,-1.2593400302340059,-0.7819384462868549,-1.1140703587123657
3.7176470588235295,0.011852909291987623,0.9245850877131919,0.1981799522242159,-1.3850720923853284,-0.9939008535796547,1.3192810415846359,-0.16512599479748025,0.42576071417602696,0.12810492688740918,-0.3381874193387658,-1.4153044626362428,-0.7802546913763937,0.6111819438428193,-0.7010374256130492,-0.4810891307798511,-0.7435778429196158,-0.2581323622380004,0.46825751491106454,-0.3210363134870725,-0.395464888115679,0.006150689841389778,0.5156371452208014,-0.7139401993548222,-1.575537473437297,-0.631741476526454,0.4095922527590663,-1.3435873924004893,-0.10859635231874082,0.4830801839942365,0.4070106232054206,2.7561449473747386,0.6465207300804645,-0.2627210369497051,-0.3140984579677234,-0.320634157490174,1.035165921785158,-0.3226162265131569,0.14829877195815144,-1.4363106251692634,-0.49032804391001017,-0.5829129288096458,1.2429870699474748,1.7960360199120178,1.1037623974291644,0.04884992502578467,-1.3889940360354518,0.03839838747453191,0.007603892471577403,0.9763004760122775,-1.176708543051368,0.8304265185114884,0.9607312962424622,0.10603084651169054,-0.39416997147458105,0.20329133419554768,0.8170515183621262,-0.19851348090488738,1.281043025441551,0.6082132059669075,0.3403951936160514,1.0331435081162066,0.35100100849107835,0.009576003715719261,-0.59862534000305,-0.8715226096150245,0.8436415075836106,-0.9032121882945112,0.18949372002231268,0.7449785283983493,0.7646303039721742,-1.145886039789149,1.028736477023235,0.40190849393510925,0.15800456594227516,1.2379309788224895,0.8697674455158109,0.6334803731940796,1.7560293648145402,-0.378091407010381,-1.1498967031545626,0.8124445394391383,0.1330078711102465,0.10178805362064483,-1.1227369239131044,1.0286851838932944,0.7716405818771022,-0.2872226415977645,0.24285667390375504,0.28713072695082764,1.2433151748350106,-0.11733882986372832,1.2509493952773063,0.8303076994185231,0.07278547172549356,0.5339488733753435,-0.9039266922973441,0.71352412838809,0.3736786838658148,0.2997865714171378,-1.0789590757092864,0.7294082803085615,-0.19994404974526028,-0.2976958311585584,-1.205380986492211,-0.4028336403351481,-0.5845190079346563,-0.9437512892327122,-1.2533636966899246,-0.6915906014994273,1.0822848300739585,-0.24321279200853685,-0.27948999810283454,0.9940142729712874,0.284739445271362,1.5170945923029362,-0.1777717351609671,1.1557700311709727,-0.3685882376466332,1.4854903622848334,-0.065105952201689,-0.09099006684674746,-0.28762069603533286,1.7084746497214143,-0.3839297346187148,-0.9841151263367615,0.24252776861695013,-1.2740751827237244,1.311214065218513,0.0017076011344027073,-0.4284881027183346,0.7427899355659959,1.043895450813036,-1.3691548823437116,-0.3926161570591783,-0.07161040199094618,1.1948306823961083,0.9400916228863793,-0.11929137732694675,-0.3689920038300274,-0.2582737964435277,1.5057533971381565,0.596711894840254,-0.44757262174069695,0.8836058637692664,-0.22274592216254296,0.2057321749750197,0.0404602610159485,-0.23819765350561722,1.1439184930786264,-0.47706056418217346,0.6881052288315231,0.2146694207642465,-0.6363690062636017,-0.7126692601398263,-0.32861400368398985,-0.32337059110670985,-0.10007749826998784,0.19114643907881795,1.0002272839394226,-0.8753155803674016
3.7411764705882353,0.5386547830608326,0.5298599859989261,-0.17243066403224033,0.28432605263883015,-0.1273299612722038,0.5758735169160014,0.21009232834598696,-1.7425742702535802,0.2412504049059709,-0.926985307724473,-1.7342221031455096,0.9717203603493293,0.10861478463887138,1.8755632242992653,-1.2519220495157124,0.6291404837903147,0.19102446546258287,0.06190892107956926,0.29304310305112935,1.283467597921286,0.5368244410299384,-0.645930443247905,1.4506694158443316,1.2329021662617503,1.5154654947513848,0.9490805725744333,0.2874358216859663,0.7299272968123811,0.9336911826498023,0.5364233369710165,0.6657025290325328,0.8572874116325471,-0.00536593989238629,-0.24891704285632715,-0.2009788295041004,-1.3000274260243878,1.4839833481719955,-1.1596648243706542,-0.8215883954224167,0.9323982371664867,-1.0025760373864285,-1.0923152195316819,-0.8389460070382084,0.1485804712577884,1.1219102689313563,-0.011597537976142526,-1.4963993989449818,0.5080388030996951,-0.868822080580348,1.042797641018784,1.364414428768668,0.04035717255827058,1.3810037795067838,-0.16875032537717038,1.040476757368268,-0.7836075299367952,1.221636235147856,-0.5077012690511246,-0.07129266742342892,-0.5121992415388059,-0.36020445398218437,-0.6414369142193879,0.3895458645349313,0.013055973735486934,-0.7193545352194599,-0.7111732716142581,0.06993133474812978,0.9454073381413105,0.875955843105249,0.669957355503759,0.9800287611215575,1.8531596944331825,1.1091111790847537,-0.8968858856497439,0.5512394253624482,-0.33789299563454256,1.7301257505484005,-1.1639996783456859,-1.1549350295757523,-0.4025166435406159,0.9464147663229572,0.1547529584532013,0.778098777062389,1.8087915331371658,-0.22742058323616668,-0.38262963346453144,1.891840248323545,-0.8505392771796558,-0.2869321511249149,1.020327708703996,-0.4213668160038065,0.5117672152625434,-0.8343794301122389,0.37876520047493156,0.8687904001020869,0.9839527000575373,-0.23742545854021493,-0.415253658450901,-0.24580047958258205,0.4964261295303146,-0.2877400711840764,0.807536755258386,-0.1652139658015435,1.0347979740197253,-0.5202764878466535,0.07669732717237585,0.14027466645313202,0.804086010896128,-0.8433825065933568,0.4205885442083507,-0.7543428025215837,-0.04395070123239636,0.7086028603333718,-0.04992675936204255,0.5016890181960246,-0.46658162035259043,-1.4018222821799409,0.26323124675873294,1.312128284920321,0.5572391668103441,-0.1848354127959293,1.3254644976869907,0.5842026777302232,-0.811654934983806,0.112627150403663,-1.1287042718966216,0.9107017565403064,0.31882203340920484,0.5534469991239935,0.11629355887253374,-1.5000191493219124,-0.3124698368237087,-0.19217455314081647,-0.1535296812561239,-0.6022896404190726,0.5718470316284977,0.8872828016655605,-0.48405155577671105,0.17761443964714538,-0.9174397351694376,-0.8179276665117744,-0.0999719083954151,-0.48079471602319557,-0.4632738819604588,0.26457857640667953,-0.08807018845457071,-0.43338177304160275,0.2205652099551298,-1.237186543354001,-0.24249273364421503,-0.7051596432454169,0.760246559980693,1.9258704307199026,1.2856487472734617,-0.4607658457383979,0.5606305168379235,0.2451208277357698,0.2312443627137024,-1.0641385303998865,-0.3717288985851681
3.764705882352941,0.08569204213161721,-0.28489067999960876,-0.1890557455651358,0.805101619522472,-0.05676672618228616,-0.4258069191291629,0.9110885277025702,-0.27935455980336876,1.1080000158506023,0.4376545603537329,0.9064072470110691,-0.06275644427068616,-0.060897869311796936,-0.7911211069716512,1.2405682858771223,-0.8805921131248157,0.24332270905270179,-0.12063418720327923,0.45527497880544393,-1.6329697979803963,0.3538461603219313,-0.20533851641327233,0.5406003413793896,0.1086118063394741,0.8032461989727114,1.9030615248632015,-0.8742414588212942,-0.03047177110708177,0.9636959455332279,0.05145535700073112,-0.7676150510658106,0.2407937507307177,-0.34079304003525607,-1.3686892766968934,0.7656010310712689,-0.11763224353812562,-1.061787619405938,-2.1241065711771934,0.2245858814002353,-0.5945743649551909,-1.2512266830105503,-1.7883035205525315,-1.007584627726,-0.7168861978899324,0.43490726702769356,-0.19247464503260792,-0.2703077899104601,-1.2092542554177714,0.30064578751810206,-0.24159215584247337,-0.2889547482773398,-1.674357472457065,-0.12012414662111665,0.6404005043419307,-0.6306096864761853,0.131804441183555,0.3544705890751124,-0.008969054649052711,1.4725294317364626,0.5093122898145412,1.5161682155321068,0.6987245568095479,-0.8073752286960376,-0.4902712029548625,0.9869317866441176,0.3578301385190057,0.5941108099906075,-0.25037918854296404,-0.39566558483920033,1.237180491812682,0.15366341622511856,0.25155623847677444,-0.7260581070346696,0.8890030579069147,0.4375207568024596,0.6849838481755048,-0.39589613632677956,1.4364407917359285,1.5027420382026455,-0.6488174119644611,1.9402685360272982,1.2890067365800055,2.4314136823861183,-0.28189502273669936,-0.11593617894487107,0.6643108136581495,0.9300103605447803,0.19379341267180414,-0.39953283130511114,2.0429299801600385,-1.8488713199235656,-0.2350741846057557,1.589730534710877,-0.7487264936879602,-0.850104005681413,-1.2982035895377595,0.13492495820946776,0.7076496580329056,-0.5579454026532776,-0.12489055475270605,0.2841062239899778,0.0634308000206269,-0.9434575368860798,0.32278705069215574,0.41089095040618073,0.6358801570469788,-0.7775684471697395,-1.2263283560663614,0.22691523526127488,0.645495525537553,-0.3582461360643693,-1.3384860016515898,0.469660470254445,2.1263923725938634,-0.17102951215048814,-0.021012350806265602,-0.6240911187714905,1.2502696565083244,0.8966616676030281,0.6760445975940589,-1.1349118291026539,-1.515385357955746,1.2624025913923325,-1.1851186398608549,0.27241593209975573,0.09301540659163021,-0.019384634302933662,1.14209862793672,-0.909140606781559,1.5215795240265015,0.883453447058918,-0.42546143534657027,0.6215470498442456,-0.7818200944323144,-0.15668616816962908,-0.72766229972101,0.06370133246742782,-1.361575036791731,0.6723405041170786,-0.4164897203559215,-1.4800800982089353,-0.7657287464438011,-0.08810779214565613,-0.2396470690341445,0.43220163560807984,-0.039422014769219804,-1.0374239803180452,0.45906151668172684,0.3491037487955212,0.5099318775994413,0.3624077736591374,0.028626757072797215,0.5672231791183154,-0.6060170095964701,-0.40148690417150523,-0.1286779139821161,-1.2721220133088167,0.6163114866108994,-0.7267020973679735,0.8459621619733539
3.788235294117647,0.8133740135000764,0.1795514786011009,-0.9904302732576415,-0.7561057441655579,-0.2847316938844981,0.7315386873378383,-0.9729333207066119,0.37336561049330375,1.0765864156982494,-0.664087822507505,0.12168145997738167,-0.9330031329998933,-2.141142376229976,-1.1478114803339345,0.15121527846180383,1.0627039042873327,-0.12546595622305698,0.10994303339684523,0.6193326235138155,-0.3173071120904202,0.9403435176959485,0.7086045099817737,0.07956409677972628,-0.6503992853577564,0.9115224697429342,3.3854552747115023,0.8454645960592279,0.7566464330640003,-0.5785215323458786,0.4013781042276422,-0.5161411130341819,-1.0896778213254075,-1.082527795004474,-0.359761700289967,-0.9049752119750151,-1.294871895259221,-1.0106672845966218,0.5625574380967421,-1.0036751601399365,-1.179402827838887,-1.3881649215925351,-0.3706103311711784,0.6591518090608153,-0.20020166995037997,0.7572402332117903,0.4182263380100296,-1.966977392504788,-1.5228133668362713,1.3749920313592026,-0.06095500073478972,-0.5052487764560869,-0.34018554315952687,0.11070867811821031,-0.6416422288684849,1.4119429791749045,0.9306836053785975,-1.218548530575015,0.11351172194748449,-0.4355462710568533,0.33009281955589775,-1.0853468056609343,-0.7287727228151778,-0.3879084596830445,1.6589345589391813,0.27720530691399187,-0.9550316829358982,-0.09091821225338312,0.5659700174238977,0.3778301762308608,-0.3342850139515007,-1.113666762624353,-0.6336977166361139,-0.1707374478131564,-0.23282681484954548,-0.24090292347012351,-1.1015096757915153,-0.9744127047504976,-0.07395835623208205,-0.19562933628904366,-2.5648452513395457,-0.5148207512313944,-0.02077046671899266,0.5442115678715733,-0.40577627198321314,-0.1890944858531812,-0.31247924528671794,-1.9938681177998858,-0.0316536696836711,1.056319833496468,0.6140459916537753,0.9866021041111235,0.11853979628555061,1.4665344541316134,0.2570651310940609,0.556823806489386,0.3034909153198412,-0.43685779299332655,1.0140068863929304,0.8145932290916976,-1.0530067651397126,0.34184488093918763,0.30463058289232925,-1.6696145288542277,0.241321825907087,-0.4645851383616961,-0.191030285430571,0.4385940229591354,-0.3325299543333446,0.8677896325377293,-1.0076729213658357,0.6863838766687567,-0.953832121235966,0.48828717750564987,0.46795562258997786,0.011634518892573963,1.8396993497967133,-0.7975236117780315,-0.17714325023711808,-0.08611467678452547,1.6385011713293716,0.8798040433471582,0.19432768171528492,0.3969243176870421,0.08491329125764416,0.1411175055565253,-0.725865894349492,-0.32228127989118854,-0.8846649445235882,-0.9351349365047508,0.8494072188629246,0.629690463657815,-0.6696113526447989,0.39981494400134865,0.8097763039097583,0.31078574450872526,-0.30714178447608503,-0.20243123073982572,1.6267527688549006,1.2146666683331888,0.11008134789777395,-0.17414912085022102,-1.2262819541827548,-0.4026898670673372,0.8867850863976402,-0.49426639259204996,2.0200250815796097,-0.18933920284968642,-1.4529754899722842,1.4496127547928335,0.1570850410983372,0.25602512453866083,0.11103294544949005,-0.4148986530572319,0.007764453827239892,1.1847911350382918,-0.6247378442618856,0.30971780826340867,2.2179279227495825,0.13794428066356995,-0.5753488377253013
3.8117647058823527,-0.028759751522089677,-1.6598044247869645,-0.9370075618886446,-0.2711129781493164,-2.82573082550959,-0.25041713458436426,0.8424620393053153,1.488620668118726,-0.04390175690761667,-0.4005102806036225,0.26555606412705046,-0.8691316440909782,0.1830124238762153,-0.1147332242834549,-0.1140168732656345,-0.675364200993725,0.3455763581120235,-1.2986995359140834,0.07370138958671182,-0.2676073466275733,0.6285409503304629,0.4788713552652029,0.058172152104093836,-0.71887691583245,-0.26472435219682905,0.4688959612251822,0.12437934202895873,-0.9942201727780065,-1.7262305918253027,-1.0284566597797749,0.15982951755177227,-0.07428394317616877,1.0434251236469336,-1.3482750057576314,-0.2632035930700789,1.3295550759360024,1.031550087049801,-1.6530269763984764,0.5265187984920944,-1.4172996400145008,-0.9335446982329264,0.5562566699537902,0.5690473014590942,-1.3349040593675998,-1.1107706500896277,0.28516492284399864,-0.2952491369880958,-1.3366291322446295,-0.3398620833217738,0.1289782772267641,-0.06096475581240308,-1.2009735744927292,-2.286815273824291,0.6173199554574257,-1.4202310255910322,0.7388223852963892,-0.6847831041462388,0.42101085628171236,0.3135292987352757,1.4569714431463061,-1.0537855853829303,-0.3391876060276676,0.4038886183184305,0.939538053632625,-0.29808837137990807,0.9655715898434005,-0.44482013231381695,-5.425767416969429e-05,0.2429483499693126,-0.03466714307405841,1.9974411559421574,0.21548000299822911,0.7259619584337388,-0.7852001822552915,0.611823041543649,0.6196064961973764,1.364309981330859,-0.5984118493379356,0.4218314192353152,-1.046097822105354,-0.4059287143738864,0.06673096282173054,-1.6830073106819194,-1.418963486048448,-2.046193284678888,-0.2362002941870437,-0.143580047394905,0.9505550255359295,-0.4691480329117644,-0.5753766301496851,0.012003215985025129,0.48202935446724005,-0.5077805920067402,1.7614870000626723,-1.3772225105409452,0.3744258141244527,0.30462351429340917,-0.6299779665622492,0.4966562726766015,-0.10314033665807462,-0.9292022886537031,-0.32820176373896814,-1.0927915713225502,-0.045193344376967405,1.3815908153381766,-0.47560014237068726,1.4724480226206802,-0.9555657376338671,-0.4085540689038378,0.2851383674312355,0.7685648623414124,0.24087989653550157,-0.2911028234255504,-0.47342695471477947,-0.4894870595996822,0.5620841661259499,1.8315502622764175,-0.2636580248511915,1.297309190660726,0.855763969305096,1.2096448155224426,0.17829633148436885,0.1927847761757544,-0.5283468113433426,1.0714157845155359,-0.8225250084927974,-0.3287940983913834,-0.21348350771767677,0.7175159106147861,0.6859365264459085,0.8722660514063265,-0.12357533743035441,-1.1946278494273226,0.23666877403789438,0.11199771667228797,-0.4410075171553381,-0.3228661850782493,-0.03330170776309525,-1.5748988847071834,0.7459418353771349,-0.3477846838801998,-0.5208136770455426,0.17416106466582829,-0.4017887327064044,1.3205886212544273,0.10956925486633637,-0.23256898892899588,1.7437200304946632,-1.0692069884049333,-0.830041596734864,0.29934915475786505,0.8694506254387233,0.6451932237750025,1.233334661979275,1.3490747838614148,0.6269765073666616,1.251996129196311,-1.2879844334031287,-0.6915105564527206,-1.0411295740647515
3.835294117647059,-0.9014020824504327,0.29240935070243407,-2.6808319162194247,-0.9614241931154556,-1.3291858588732193,-0.7472558458758385,-1.111815346521816,0.5156746236463479,-0.7003993888982338,0.3778459810881936,0.28798109255351223,0.08744507425225893,0.24622879510526235,-1.2760698401677661,-0.682099774054232,-0.40743740812774487,-0.5133462434057962,-0.09648837819796621,0.6719994534519317,1.1202788790119786,0.08715811566236029,-0.05377457832503224,-0.08290650923871569,-0.7357839838065641,-0.033970751003789046,-0.2744562974217938,0.6266618124283109,-0.052385574209881415,1.1739522968786833,-0.03560334041823991,-1.319447831627318,-0.2558260046908466,-0.5595893682199202,-0.3092653275172314,-0.803778434382222,-0.9725764027176071,1.194660812746902,-0.3885915877276404,1.9614625994758594,-0.5169626777178833,-0.7854371461535947,0.5090531036629686,-1.0842311509238827,-1.0177535533733004,-0.7789557263711162,0.12366474635619959,-1.3644566603669823,-0.554019182284125,0.9297030156674554,-1.0411761547699436,0.2930913379033993,0.14650982355916964,0.017424844807232755,0.0921351330552047,0.9314719929686769,-0.3558269819852344,0.7162942084123273,0.0031496066030904865,0.029087254262056314,-0.7152837507587122,-0.30669457725407595,0.509514891409147,0.6032551236506312,-0.16343709818236404,0.6209983278781033,-0.6114128506557819,-1.3903671706006713,-0.7016389965940556,0.25576308809200005,-0.0610482786347595,-0.058932877446526,-0.41272810569621066,1.147306404748946,-0.13305047006434217,0.07400687902809258,1.0882991975836556,-1.057288055170223,1.4712751326013316,0.041452692152869945,-0.9392579254138025,-1.6671811087486854,-0.8293760160096352,-1.0037702469080891,0.6346192376170003,2.0620519732575024,-0.40731495320577404,-0.6872027522946429,0.29221880017528934,-0.570949307487895,1.9417874975741625,0.563905689366087,-0.26179457566505476,1.2014059682429485,-0.9014466990831831,0.3281145695893153,-0.22145732614543306,0.4809545956903164,-1.8258841139156936,1.2159019648432283,0.8812995373876727,-0.6507818114486116,-1.1671776887624141,-0.840910841698888,-0.03637038227752134,-0.7346143864212553,1.3531113270778385,-0.36417116217259526,1.092557767886925,-0.26497314421566165,0.4654508808385802,-1.1266166924401693,-0.5310633065351942,0.9760949342183292,0.37917609245798034,0.05926417697559576,-0.4152008744609878,-0.34965849652488445,0.0519214657226298,0.32134668043792264,-0.2376588753408736,-0.6142538071649838,-0.49640590925609507,0.49488612558200434,0.9514971849412286,1.465135742866455,-0.4659626260748121,0.4420471874771798,-0.41159889126006555,-0.8169706028752595,0.044279408006294735,-2.3592052375422514,-0.2639624587797247,0.3109085800114532,-0.32023600965840665,-1.0071225675587319,-0.08838407702674841,-0.41432163821884116,-0.6526609517682641,-0.5111577605605594,-0.6585202101055821,0.256734891066507,0.16435695503170378,-0.491635560833998,-2.6855128316464842,-0.2412490758787749,-0.7466688963801151,0.585030451983968,0.20034998971077655,-0.16052878271428547,1.4064449608632754,0.23562457854160918,-1.4970367285926895,0.8052842567111981,0.5087177444731804,-2.239689098441327,0.16553274011454105,-0.4962411664716826,-1.0152562936882272,-0.21937813475384366,1.4402446113910654
3.8588235294117648,-0.2568269510031453,0.37958815609722985,0.6168834611044558,-0.117743791892675,1.6524067839007248,0.6252812708273836,-0.5640092702025687,0.7653132655284468,0.7936319054505784,1.2801567833124796,0.7005165384696466,-1.1719574633300922,-0.6791638141921412,1.062568182106755,0.3912609778958055,-1.5446142875250282,0.10035809599260029,1.0153117044740225,0.01926601616409919,-1.5052073997555175,0.05429714884360848,0.1622326189083283,0.5807773486053447,-0.30676189602719817,0.2676731178144326,0.6017874496772628,0.9265605824481548,-0.5202318378389769,-0.20880107020156774,-0.7565626164339369,-0.55151362447498,-0.08461841953609579,0.4127527168602273,1.6905436404873206,-0.9037667273404807,-0.8956878112233557,0.743866017978022,1.0633276653764778,0.40004613444324266,0.3282468284939689,-0.5683485346266857,0.398065559812045,0.46715082181934553,-0.247683478878008,0.09381235574431335,-1.3016455020364466,-0.9097167143593982,1.1361798861880574,0.24523355404755398,-1.0482160337545903,-0.5559866135826161,0.3349757114905918,-0.04730441185756301,0.6520271550341586,0.7373648496836682,-0.8794927219565676,-0.4534826874149123,0.8452059361320808,1.4819194183358404,-0.4201142924137873,-0.2898615367644224,0.07110119035111236,0.3032686745220146,1.0310463231492557,0.17277757569745883,0.5235298764574483,-0.6891900130224119,-1.2469007099142844,0.9097908908337814,-2.092080204418547,-0.22617185320294686,-0.4513033725604367,-0.010490799914446899,0.4533581342543292,0.8421617277649657,0.22174765087384316,-0.8472508151539049,1.3580072167184434,-0.15573089204476254,-0.03385219434915053,0.6108669466164243,0.4550298933003796,-0.0007887738324983407,-1.0349151065302238,-1.282544980425511,-0.6660686514573486,-0.6582882618436533,-0.14644437640144903,-1.0710051347652265,-2.1174150237768665,0.6129708258409293,-1.6313903382573338,0.0492877145735533,0.595947136034761,-0.6276535617903938,0.0004760759767347966,-1.2745150888939734,-0.12614698726682133,-0.1125841495650739,-0.054797417840770815,-1.0808796141021282,0.9432860110998224,1.9211533696141478,1.3285922904270315,0.5450432940676555,-0.34180397806212176,-1.1732131410043358,-1.419346038370527,1.0582253775483244,-0.8158448873362385,-0.6298359079260727,0.05768543599285987,-0.5968262716364905,0.5014070687375884,-2.1323145022954098,-0.4238663247613516,-0.2849271248820173,0.32928489058404,0.9463224587841319,0.805384340787169,0.2312238482055395,-1.0661217434585357,0.5861141576991196,0.02948803228038291,-0.15823745261763494,-0.509430465951532,0.6866783807122872,0.2096430690878261,0.8608668323442119,-0.8239947749121036,-0.46850938639626327,0.7067289307034423,0.36565998832923413,-1.0581919469585086,1.0348384012495557,-0.30472471537623635,0.04232474748879134,1.2957542413938894,0.4863355372737532,-0.266757321882638,-0.28611463824151295,0.6547000501779023,-0.1642249010050183,-0.10819253177004767,-0.2490699779677782,0.1487357708039047,0.04036211867774797,0.32934282868783926,1.4310476502867149,0.8225841861764392,0.4176307640148642,0.2328435115236226,0.7489531082738989,-0.5778522489743393,-0.3302323482423198,0.2993714059608854,-0.8592786666268886,0.37321933030660903,-0.19515410439346492,0.6383021679427935
3.8823529411764706,-0.4519216136765243,0.01919996824042358,-1.5349296772608692,0.6479333705934481,-1.1014538282438746,-0.894395124554267,-0.723146937613994,0.9198360285304125,1.454210656453896,-0.9556828782146011,-0.346365333014837,0.39291014954465064,-0.03328133095018328,0.9773778544454005,-0.6837185011501032,0.31388068707171285,0.31616062727323535,-0.43506633038654335,-0.48310755273788536,-1.695246013275647,-0.0986382940952242,0.7084146969256281,-1.2726827234844533,-0.7474571210926082,1.1657864606455803,-0.24608083859262805,0.20672697798058823,-0.18968502361415107,-0.6219114793360192,-0.6283109285594571,1.3320638415164243,-1.1787237367106917,1.3445486362822796,-0.03942462229426943,-0.03970519045226571,-0.04939515360823508,-0.6677908365979044,-0.6802338966588176,1.7800787981551398,0.5370219230797139,0.7567790748400951,0.4486699244684944,-0.3592838905710035,-0.13497003722232334,0.48857250113040374,-0.08016721526840717,-1.2156232630853276,-0.20944333116461444,-1.0594411567548712,1.4817883369253422,0.11334545121432654,-0.3100701655937921,0.9652307293847683,0.6810903666295761,-0.2668903506427319,0.4197386583741681,-1.0586537133803615,0.061630591002427626,-1.0103983153810843,0.9496268852702983,1.8523708081548618,0.31779624968538156,-1.0241895427598497,-0.1281207741075871,0.9725037871391363,0.20975523205554172,0.7829761361725529,-0.05531205011233433,0.08254109367709624,-0.7221050315846087,0.1840308089626499,0.38551521360885926,-1.219864110795671,1.47388570077506,1.0859691030702106,-0.5984820315254082,0.7582697437393117,1.6027906279176258,-0.33502579116422276,-0.5195044658213274,0.9425475698062085,-1.1227078943216688,0.6810766057050547,-0.6477345095818794,0.03958717736513204,0.9130112886051807,0.9334260825162141,0.07769687431792333,0.03143061718818396,-0.45127626272025,-0.2710699569606594,0.5250128577543478,0.28415231370734356,-0.8198640285954957,-0.49474278686133943,0.6123715691133058,1.044788942950594,0.44524312074244443,1.4605256828593667,0.38437384514881595,-0.1646083445568008,-0.34817046670736,0.33669397039535987,-1.0764596452064292,-1.432582517165768,-0.5435308806174218,0.3441703202882641,1.4568961977920816,1.0968389856385319,-0.38316944831779054,1.5650395451979688,-2.1502608235608736,-2.298375324316093,0.21990928907822155,-0.6119686115296212,0.15670053964119143,-1.0384584641095629,-0.012012858511724636,-0.2772476269208827,0.31474776651395897,-0.48371032989438756,0.6535087458252717,0.0011886312245654868,1.3572071077128078,0.4736389017555988,-1.6623023329714286,0.16040094291710472,0.24346902586808156,0.2474487462494787,-0.29995557320232036,0.5507059101209782,1.6592102138925735,1.9792686400897987,2.4339443344976788,-1.5467132483089847,0.28098787257792834,0.8848339506540107,-0.037773538496451695,-1.0010807722121955,1.6550419827552014,-0.23906621378230697,-0.6531032904162768,0.6802704390889722,0.9033230998653908,0.06263177174772908,1.6170704571785621,-0.3674708726447631,0.22091999103095147,0.11880628444016136,-1.7140497106759303,-2.2440037211215267,0.9359335770675234,1.4022054599460547,0.8226800770643605,-0.1770653144046383,-0.21794885428517954,-0.7881619402523283,0.059168240946061296,-0.06829477287833148,-1.4869351477869865
3.9058823529411764,0.13165325760012708,0.7490028535852964,0.002251469080658486,-0.8757617849013242,1.4268109017343982,1.1334442014967936,0.03184414505414774,0.7235295370401474,0.25233413578733127,0.313811779182619,1.2746246721058507,1.4656908379660107,-0.4690893802830495,1.0895229887552074,0.2870044953198355,1.9029614119440064,0.13982122369520109,-1.719273941058461,-0.6206550760430304,-0.20450861882881816,-1.8522590043404463,-0.5474182234105891,-0.6596759779024347,-0.015881597848669084,0.9125559694795664,0.5957639039666908,1.377315533029905,0.4264338711471995,0.2804243516240514,-1.2606619620239972,0.44661937144799896,0.14618928601539288,1.9387191121073621,0.43531883331853616,-1.3753840136347657,-1.0920437622799697,0.23882082110688327,-1.2014755514900681,0.022692108409271695,-0.3100431873241507,1.5281019147961485,0.5438860658677895,1.0430967233430004,0.8050375009252447,-0.1780507791836013,-0.5079924538758988,-0.16480986088609206,0.611449462296528,-1.9508043695640611,-0.8138791446088409,-0.27135044208448983,1.1158970937814228,-0.21417367462334336,-1.3959158276777284,-0.9813135170680642,0.010510837276742624,-0.5109477501271357,-0.27392694071607,1.075563446691986,-0.24391217401951493,0.31209307788233265,0.5943761376406191,-1.386454790383455,0.2259018869698575,0.08460134165893246,-0.3522982750969789,1.3745191052196957,-0.8521185333523338,-0.19455837190723768,-0.029610050985624962,1.1001442523337133,-0.16086200991342248,-1.1591860486333811,-0.7459417397287267,-0.7630902251067601,-0.1378960558512714,-0.17339349322417047,0.6763051773324683,1.2758711004692043,0.5846363110915302,-0.39474368252460446,-0.1695307654209356,-0.21419651839831244,-0.18745731547866462,0.10106133043458201,0.2694177868367813,1.2059208348576398,0.6859082012655515,-0.47000305820832416,-1.0179712062809738,-0.250584056511856,-0.6470444652761453,0.7231958631169835,-0.8354603860034271,-0.27074716474106025,0.9688031652727147,0.909623100624213,0.24637720670826657,0.016254088599027647,0.5972422466297961,0.5725701006954669,0.265277786291659,-0.8124529065957384,-0.014452759718540847,-0.77774959646917,-2.3753351596705183,-0.09834631378007402,-0.11643349321577029,0.8225887428524644,-0.0015967228735721678,-0.8042066543640368,-1.232877773763156,-0.18822121797844757,-0.7121808944503578,0.16062593363053104,-2.234212803020034,0.0439394845553826,-0.08200795879728809,0.40272563380006876,-1.0024292799408276,-0.011160909332667328,0.2852337825094212,0.6883669150829673,0.028141186031458976,1.7258036348756738,-0.7031611152437292,0.29260387959082446,0.5253240474999714,-1.6246815188347359,-0.004145669348812803,0.204066424671824,0.3736318201452813,-0.38494877377957704,0.05488613656080904,0.5399871881562766,0.5181638349201482,-0.45876724088554477,-0.16691801731721276,-0.1507216878383944,-0.44975306173691304,0.5134114334825299,-0.6325015774656938,0.023697532821657007,-0.10503878369860002,1.5690942643824854,-0.3101954288079142,-0.332771760198697,1.0631420698164387,0.518312139089474,0.10584820721273436,-0.5218471015335747,0.4680151639577246,-1.0102974378399645,2.0760489138058094,0.5606658716210673,0.24589571454093037,-0.44041189400704805,0.12115001913213691,-1.150590461588485,0.26744804684851253
3.929411764705882,-0.6992533932112655,0.45995682881412153,0.4662061669512164,2.6837162741622476,0.2988360388350682,0.028232508445014196,0.7861084836710369,0.8633625139191807,-0.4860703870331959,0.2875782548990793,-1.058834948347461,-1.0302727458260104,-0.2767360909050588,-0.10603601786175207,0.31031596189942723,1.3129111765370916,0.3552646169063061,0.9398104704735737,-0.14747712733978852,-1.539706190151777,-0.314865492002923,0.8253230697082726,1.2305994981538202,1.576168047605471,0.12747268220622657,-1.5672341421920613,1.3336949419907667,0.350354841965136,1.3886450126167011,-0.8445901200796607,-0.12822392952349734,-0.5350616279600919,0.31603428762036706,-1.0161575002492869,-0.5430507870942137,0.6899057196764612,-0.814651852688553,0.6852644695388939,0.8442765057665198,0.5995720602591589,-0.7659142754788233,1.3928386174655487,1.7919200284378571,-1.2472274793397808,0.19185245812337653,-0.07794658433888321,0.6056348312624624,-0.25041222700519905,0.06566728769242035,1.9286290119779494,-1.0452948680113745,0.28576025052003595,-0.37950190328611033,-0.049258756468467405,-0.22507449553056422,-0.02425345684755406,0.7814004644040835,0.49080753917591535,-0.5442690265422578,1.9661455988671808,-0.023907517186246174,-0.5834132422404382,-0.2766628036841774,-0.1730157187099547,-0.43492856645016575,0.1500273770015017,-1.4039703706934425,-0.48056410673361827,-0.8251983109512802,0.8928378946273188,-0.7008886109461523,-0.8243693638651906,-1.3484766556801246,1.192283115351247,0.9110642664426951,-1.0089201713380755,0.8767901581648041,0.28602405268149944,-1.7013121689654371,0.6377565930358939,0.2657625220876288,0.23015825947214874,-1.7193834610117134,-1.2209345007748402,0.8616680478953397,0.4422649910527841,1.6355240054852844,-0.603234459274128,0.8168550801786033,0.6048646985660997,-1.1311171550732966,0.5437832942378346,-0.045477322668186174,-0.059299977852583625,0.8887268952712958,0.1652645159244974,0.19622611399666184,-0.7066939934764335,-0.1031289441466473,0.5748301269820755,-0.33927180591891426,1.487651148024715,-0.41634480139430063,-0.26485195205577844,1.3455952657544386,1.1749434482181285,0.04404466380989548,0.8453146418279223,-0.17368134525386117,0.08126564994586066,1.2840641684149057,-0.34118456409876186,-0.4878030869138338,-0.061691180477429344,-0.10663968003199625,-1.181968664027494,-0.473568564714084,-0.3733549485202812,0.12904093275576053,0.092417620120525,-0.28102828099966587,0.30880849698718144,-1.1821248107595064,0.9954840153722667,0.45480906715103386,-0.021900957474038293,0.018669718929142622,1.4882952460501575,0.5385601409808844,0.31797114090523704,-1.8496946819568072,1.7241129016794878,1.1501996799381404,-0.8016426005462514,0.3591164825304216,1.213888545494016,0.8414303406203428,-1.2621060513103457,0.4994560500016496,0.4045475105896245,0.27157310728252415,0.6909642236807914,0.40360268915210723,1.414200429799006,0.03100072689873762,-0.15118971716594926,0.7021459970438098,1.6253005946655208,-0.725135315586492,0.042275523356779435,0.7002444102148964,0.2816381572453241,-0.5047703836224411,0.15421427366313156,-0.1796133189379578,-0.5413546233147213,-0.27127108871173927,-0.050381456643218185,-0.2126531930102855,0.268221749055348
3.9529411764705884,-0.915874785654925,0.5841645997786271,-1.0221325046600709,0.4400707559809309,0.3363617763010174,-0.3587106777461585,0.03858438172306804,1.9279977095273624,-0.5618975067549306,0.9910772624667221,0.06199577348123014,0.39072943170129437,1.280758485024874,0.1142521523669549,-0.45927797462032083,-0.8053084650178426,1.0376527060924075,1.8797896149172368,1.1620464302486506,-0.5619717118791315,-0.09903073012336236,0.458339340783946,-0.8537552342968949,0.02371722114251193,0.42581670617103984,0.5216399663712523,-0.7197119768529486,1.2291498774712166,0.6978406626496692,0.3275248622459528,-0.4117880368172568,-0.258183360208101,-0.020469160550356705,0.7701915419130281,-0.8074858904879223,-1.1931450932798158,-1.4488340346179773,-1.1056029504937541,1.9834445840873265,-0.20935823453960056,-0.9095799081051446,0.4526340846014523,-0.4198218010061482,0.8256433433762825,-1.465097941914608,-0.8383970939588309,-0.6668297654205121,-1.2665589970598918,-0.13656218995684108,1.501961336756445,0.9553345665527757,-0.8057206263107133,-0.657658466811701,0.3734953315524493,-0.13121770201876873,-1.5012612015012292,0.44383021663582456,1.94831368403069,-0.7802503440207098,0.7489058924411833,0.24771400154554055,0.41991014406548033,-0.9742621115420724,0.5227177766192963,1.2038018236381145,-1.5532322920240582,-0.8807296967211766,-0.5613605875381966,-0.26176372873775366,-0.6203628330982794,-0.19116977177431824,-0.9261833780761831,0.6056448223856152,0.5610779502740749,-0.5029416623959848,-0.991694757295117,-0.17547243688843034,-0.5992147815407654,-0.5103349877560022,-1.421355702303219,-1.442859878704387,1.108848261073257,-0.4648932929200144,1.7936162080330658,0.44904159359244644,-0.5756872666301994,-0.5362325570516331,3.224493102903363,-0.18161038237660618,-0.24816863016845458,-0.023057015607911707,-0.9867751324032168,-1.158498813217686,-0.7861484021962352,-1.2241362617176388,-0.5650621955309144,1.2183979282387982,0.6248479542422795,0.6016241773075823,-0.08344747467746855,1.0834579261498078,0.007178194116209714,0.08618222797542877,0.042656385262652974,0.5034153792657843,-0.1108580333603506,0.49907129885967266,0.18788640087916225,-0.894258225414878,0.15015134144085876,0.11035937308992108,0.3359946959573255,-0.3386151937309336,1.2644773682290191,0.3554180373784002,0.35803167469917163,1.548787648700643,-0.9895542404600445,-0.5299931017237897,0.5548482950771184,0.532442003210238,0.5590245723365977,-0.9264993916037456,0.7760861506927035,-0.3597674977173938,-0.5351135229057089,-0.5352245291504346,0.6136589041942743,0.32226212056807957,0.78499682302467,0.3795317312323472,-0.47692188556390025,-0.13253024363884164,1.7726228295466846,0.36640495581270277,0.1890936990238176,0.1901270703103698,0.30999470928605993,0.5006217432545673,1.037890342112154,-1.1976077714369997,-1.3629530294143124,1.434715410798868,0.2452122404447405,0.41124445392141984,0.6945547362708202,0.15954518387561745,-0.27475448490620824,-0.5840807030536138,-0.972150610637118,0.9790992769620713,0.11183304721568671,-0.3703552424293419,0.5532377811090538,-1.5555317756748182,-1.7321337888729804,0.2055171134526422,1.1513064984620787,-1.902741769850218,-0.417272849426816
3.976470588235294,-0.25676929772835166,1.2724679404850845,-0.12185040676506834,0.7624303736705307,1.0232586788596474,2.755803358547469,0.4006770525989646,1.6300462369870001,0.6606998007956933,0.34968481591510236,0.4698738962221028,-0.05611644549412598,0.4474539290161722,1.1535796019920388,0.06936920014307356,0.13168772778867038,-0.7701256850104063,-0.3424754470049097,0.8602066008802598,1.2668274854013037,-1.927014915229057,-1.2250216144064128,0.21176406609890883,0.7710537853235734,0.8456596084534331,-0.03711980658364951,0.31055765327274965,-0.651211739156582,0.02027790545067081,0.2534901780493592,0.6271434433442103,-0.2216353274948884,0.005188541196594311,-0.0006405033527824546,-1.7490620461021609,1.6384412781376316,0.8275112669395169,-0.6385977675738652,0.283295594475141,-0.7599910087003915,0.676893555779509,-0.07109110481182189,-0.3024256619320967,-0.44056320261464016,0.3979131126619263,1.6214636339072317,-0.4172924223681667,0.30522779796622007,-0.013569148571283468,0.6492898013022064,0.2891554864926302,0.4505861525689202,-0.713533900062847,0.8456120496945698,-0.9837729290337378,-0.3741912027797263,1.1090537981437008,1.8305786103291743,-1.6589154364540206,0.8649971247837859,0.35562304878783435,-0.3031246572553937,0.8026108237877576,-0.1142018757170416,0.3888800815551708,-1.1564526227682936,0.9836250732093682,0.47140830914697274,1.7400723691263744,-1.6599973819879519,0.8047081793762306,0.6195861111521326,0.9789702851779969,0.09465775557024729,-0.04451443996882559,-0.5564787699224072,0.029954800807153563,0.7360703028399469,-0.836508513934426,-1.326951818835666,0.9868393149545628,2.16348877579567,1.5531434116799725,0.11788951470459225,0.12146170931128875,-0.04188401526079932,-0.32941253429757233,1.1815034301127256,-0.01120957920531615,-0.08785089623577122,0.47569328674235734,-0.2727832638918236,-0.2552637939249004,0.018693143298546294,0.16636041276698577,0.7505819547318937,0.15503981299144798,0.08720776180506166,-0.18311764564899957,0.19939637393458087,-1.4802539139880457,-1.0817286255541652,-0.6337904989444787,0.48483752223290294,0.9912707227457006,1.9795216183491218,0.28350374893630015,-2.348823216273896,0.24642904763513107,-0.9526060867828247,0.07557020161929562,0.4894064284343084,1.6967548391561704,-0.6139623368062405,-0.265500469481896,-0.4027450043030582,-0.2229732644847702,-0.4371809594725319,-0.6394941095272066,-0.31617521342184646,-0.05336129271187828,-1.420426812295284,-0.5791166523950793,0.45031276002660736,-0.03640698325246393,0.8892919654326569,0.32329325732989755,0.5877248200525992,0.019801794934055122,0.7402053447028201,-0.13498416627972032,0.03687232949601515,1.0154842838909965,-0.9790961007014147,0.8271878775814848,-0.08752019589101057,0.19943095549867895,0.17342897648741348,0.5737643170716075,-0.7141338371742219,-1.1013195309476824,0.4161899105391301,0.8321962211116021,1.4687914237453272,-0.7539845698650647,-1.9053542281906433,0.5753976512242703,0.8042484903118291,0.20352830834832644,-0.542883709913776,0.26785954471512907,0.20953939398945623,-0.15404451964985041,-0.33938242359400955,-0.0828532327762646,-0.28447124012616304,-0.16316401124715227,-0.420845460371575,0.42559850916120495,-0.23932699172937838
4.0,-0.7095248772309427,0.9577041938786488,-1.4007361910155463,-0.16934454751755607,-0.12444625191378383,-0.38520113903937603,0.013715174971332705,-0.11088982084172794,1.1152018073674084,-0.4337016603408299,-1.565314571769212,-0.3551448383617927,1.2266129010532172,0.9778451407683761,-0.6751611503302725,1.0386947333178331,-1.2591917884878536,-0.8675459740623643,-0.18567926872751336,0.1787098414244075,0.12440984575887835,-0.3736179398050185,-0.33914030888921753,0.7269851161959223,-1.4516811855624963,0.7218669312268332,-0.5269080674813614,-0.6640826395668739,0.3620924471211589,-0.5553711942051159,0.5193906886340406,2.087076269750342,0.6317811054399932,0.5324578279572457,-0.17569838625878814,2.158468466420617,2.1457400508313667,0.1168979300616737,2.992149003897828,-0.3842276716850651,-0.5135709989733861,0.45505905295517773,-2.25251639100938,-0.0622769804388108,-1.6924787104573527,-1.5710097045426659,-1.1628461185139303,-1.8895854336151958,-0.32686182178559603,-0.7154642517573224,0.9751969739028835,-1.9699721524935607,-0.9317717772937606,0.24007339610505585,1.1676920135730666,1.9423884540539629,-0.908144317832069,1.7326066905763187,1.438613190964961,0.4381313072879731,-0.6246315989451741,0.3916552773896665,-0.7563355832875607,1.2710855862769816,-0.4637308144983897,-0.21664913951834416,-0.3571801204580425,0.020331815524366147,-0.5017328473217619,-1.1258822343174615,-0.8754739539886232,-0.5584223014193163,0.8741680871816232,0.86743274389729,0.561488725095538,-0.5008763717184687,0.1444066114127554,0.8018229303655219,-0.8834468596541122,1.0228665138552557,0.6876391105744663,-1.461377629484257,-0.5587362506889616,-0.7442762071852523,-0.45600101705618895,-0.9602401156452216,-0.7802266532393889,-0.3225261559015802,-0.8351474964738237,0.7982869042160303,0.565879178445717,1.2258603848972438,-0.5567775960454038,-1.062624721060344,-1.3193185393257554,0.3664654548269202,1.3409373433776548,0.14427131319512862,0.9651079872444638,0.454180192680651,-0.5319841386368394,1.1334964136540908,1.21202104536484,-0.04935296163180854,-0.6048769645610728,2.356739550881502,1.4263112864705372,0.5346969332099568,-0.7176737133291574,-0.9090638899349257,0.5924959532901755,0.6292576687279025,-0.7851870846921858,0.7433163435780372,1.4507490773664704,1.280319819586113,0.3011367428419778,-0.45353185418890407,0.2036131150495083,-0.014968229847757855,-0.5494406737020932,0.14072993849925225,-0.7099531234986999,0.016176857712293012,0.009830992768671325,-1.038688639967637,-0.2834698563493058,-1.0115220600507404,-0.6150762890570228,-0.25530158290742094,-0.2874133361706198,-1.5869422231127432,0.5122909779878497,-1.1507636055607307,0.05931580014449764,1.099497576561361,0.39780709566051975,0.6703657334232301,-0.8076243572334233,0.16269590715976234,0.1583959152667764,1.206776392276785,1.0930094521641607,-0.16103811107802318,0.17644089308734845,-0.4357142805908589,-1.51562153685703,-0.5039333523117736,0.6477802538714338,-1.205020613747937,0.42007694360047276,-0.8159890396329987,-0.6063460013341035,-0.3817579918683847,-0.016416333296464074,-1.3766313648496078,0.741535382208045,0.8340190680910846,0.0691248094842517,0.8063352033229417
4.023529411764706,0.11114349695491718,0.4780415832335827,1.7055966589108287,-1.9701265327517667,1.7051834853590488,-0.4559084086681846,2.248797515558403,0.3981945877559304,-0.20619931104430772,0.7046220731944184,0.02822461672952789,-1.1546843582525044,-0.4990455487694122,0.7469843418538638,-0.6661657849784542,-0.9193560660567588,0.7590491942543678,-0.8021070734990997,1.1076609825399062,-0.7087054009084992,0.29737140226487757,1.556888851963894,-0.042593156340999326,-1.1405006578152548,-0.7344454165625238,1.4813965601141632,0.5140248139705225,-0.4673929018260728,-0.80854868697101,0.24806522743960363,0.6240324491793371,-0.3571038811621169,-0.13808159190901054,0.3776964110714837,-0.09228126445933606,1.497023642011498,-0.0876617860813914,-1.750991852667217,0.35265597897530154,0.18722457026883943,2.5400959971234953,-0.9227819692797083,-0.29709535481275756,-1.160392721021925,-0.5539648220556619,0.2759784202365712,1.438295491899529,2.6186275381653603,-2.1730470223220033,-0.8614055074111284,-1.3226679609863397,-0.17395016894245774,-0.43430216497516716,0.15682417520374028,-0.640244654456972,0.6597837204672092,0.3689475540758206,-1.2113917819304052,1.8203526723027874,-0.6443979048602895,0.8496585243645038,0.79482381297921,-0.3891705758684208,-0.5450672745113971,0.8305427494068612,0.523062613032126,0.20130674868899823,-1.233571039961283,-0.6833724708449294,-0.028798993339955097,-1.11888316036898,-0.2389160425008562,-1.015271724776055,0.14248493846502575,-0.810801591531357,0.5516243406833309,1.1475826126899236,0.891546389776269,-0.2030983514112418,0.949948088498226,-0.021238860806249503,0.5527346168792784,0.01835169745883126,1.627103244949079,-0.29663212449133636,0.35095796594380774,0.31400555349525,-1.9220247466067706,-0.6710565785615117,0.4848058244060457,-1.2433645265790263,0.18116499555949114,-0.679212130308237,-0.5151620951909746,-0.31931317662434566,-0.7565519256975224,-1.975714985902872,-0.9964564007887827,-0.31572160223806106,-0.2132793335076111,-0.7173744235393005,0.2381682720991486,-1.6176078988794729,0.7533891546341804,-0.4968853730258667,-1.1823012916152,-0.6762940883050857,-1.7363631389959895,0.30209945839356583,-0.13598917810783753,0.4655858229527318,-0.4318007659386896,0.512579839562234,0.9251318044514429,0.09762652938895713,-1.4657340707637365,-1.7220108291720242,-1.2531947079423116,0.2608986826729696,1.4653553681991616,0.212635892489469,2.1507216360394876,1.2738500677621816,1.4812443975973562,-0.2619092255057761,-0.7457371356635758,-1.1707564586614156,0.9811813261653961,0.42066283320455444,1.6304356094992283,-0.11620466288092517,0.2184264856272689,-0.4085073942574028,-0.9981791510892318,-1.9930246346184468,0.005765459447270568,0.24735666312339222,0.4063186574805476,-0.5562521423900251,0.08650689949664547,-1.0328779339064156,-0.106656854961085,0.4189531779137208,-0.846782375092361,0.10942298622548671,-0.4378523900028903,-1.2036210976455552,-0.04023489889084861,-0.17930442473389252,-0.39664293875683004,0.30319947057158,-0.6839381127780431,-0.5562195695159732,-0.3425776908365153,-0.18507380067054696,0.33367246482146656,0.7152002681004165,0.16939749301847573,-1.3610361848525037,-0.16237083108916733
4.047058823529412,0.004216193626199483,-0.8521728603823928,0.44189118024425056,-1.2982389805473495,-0.8494182132263081,0.0659764071000026,-0.32388642314889077,2.5281778387687153,-0.4942798869118285,-0.2189070282462935,0.08731783279540156,-2.2342837645216,1.0376301780721353,-1.8008130025078506,-1.1266915086529379,1.1943097046249467,0.7613261457034007,-0.6186022329905132,-2.075691591889924,-0.9037068346122855,-0.2439088645770268,-0.885309707055532,0.6112727732608895,0.07080581888877788,0.0724110130140161,-0.9218596800267413,1.355708450029858,0.6519650987127956,-0.934822216590757,-0.08358011922740635,0.003798353785118655,-1.0325584180625451,0.017201370142904522,0.8489701309840015,0.09809460743353085,-0.05550754917818749,-1.9296859375350885,-0.7620897695311167,0.2771096692862195,0.33746795554986914,-0.4140677401978993,0.5152335463919266,0.4650502648834278,-1.5842726066406114,1.8930654364903836,1.142949177268896,-0.3057200009779768,-0.4305662796110169,0.2062033533047754,-0.45962693929628523,1.484393195505447,-0.27886176761329995,0.2756073646507363,-0.8607509201734275,-0.2753874841704868,1.7619861512790935,-0.6690305478487212,-0.7308298977172192,-1.0666905268893787,-0.20457306764178945,-0.26136586187124267,-0.8820420153902326,1.0022873598198159,-0.0337701533964476,-0.3881079458829148,1.646654016284925,0.6152911421020716,-1.1659642567994117,0.6614378811170532,-0.15622586607747668,-0.6612702075563058,-0.9361360630355755,1.038895269962481,-0.007435842709367747,0.2042998923264558,1.476855909026197,0.06974506664420958,0.23877161973283803,0.43766680968645594,0.5049741023483343,-0.8208888408213791,-0.29943539062989594,-1.0301799393130162,1.1134096466050187,0.09373750749759169,-0.06950140817056824,-0.7148814239213732,0.5032810947667086,1.0321077435982622,1.4989261274607923,0.2065141626621368,0.017184948535542935,-0.30665951647289547,0.3095683675435807,1.3525074261183525,0.3284037981367535,0.6641825345372321,0.5643578554431472,-0.0625413815047712,-0.2015742788836599,0.12204035994195028,-0.5399690671522216,1.2478069125011637,0.6175372047312208,-0.6475574200998373,0.5839888633555079,-0.13673700100382652,0.8355324571297938,3.539417851111969,1.6730080722072531,1.017166079282551,0.10479241029154844,0.43172650351336483,0.17237817453013493,0.07635645718765151,0.6651563692521001,-1.1679986316711548,-0.21153913155125142,0.18887401661296518,-1.8892344100986005,-0.03462291667031296,0.039853689607849845,1.5303746412030417,1.8447785231082687,-0.5413062962332129,1.3600576291669595,1.1877630057584345,0.27097549082910777,0.5427175086091188,-1.5490641005569745,0.08528150742436436,-0.470428831265085,0.26497759973292956,-1.1309618504507575,0.7531121789376181,0.22276475989828354,0.017907813071255926,0.8920671164382832,0.3226828258633948,0.3566621878355314,-1.4888853465941874,0.3443030016495008,0.3474605570569348,0.08501537144033618,0.2662199279619022,0.3044206423961543,0.056916352188706026,0.5220486106382148,-0.3954464995943336,0.164870209311508,0.0763801512731476,-1.555995446748958,0.527378643322937,0.5514077898541297,-0.05555380248845982,-0.2512219133878311,-0.5188632674703597,1.5845566547167032,0.5435676236825578,0.3229279909633387
4.070588235294117,0.8564805166873318,-1.3247993257931698,-0.24869923514022502,0.9557763321477086,0.10707045868088576,-0.22887359914441244,-1.0749510240361475,0.030379324026367935,0.5046509994410597,-0.01343614254427096,0.028266351246002963,2.183495569508844,0.08954610783817088,-1.073067869315845,0.8526265671434903,0.8650889213236829,0.7074487542467046,0.4774708858759006,0.4227874080770146,1.0130835483082579,0.09739862624145965,0.24761248261851654,-0.1979255289016858,-0.6153198858662682,-0.02715422233265741,-0.13711138094802675,1.2357492535759844,-0.7945935496848521,1.0571248945150964,0.44368984215063795,0.3122749798901703,0.9707433637108319,-0.3119337529148483,-0.2147203604967484,-0.7265112062429114,0.22747434244005654,0.20899532970182072,-0.425340810481081,-0.9385093426193182,0.2842246741017585,-0.3011342328077982,0.5741304138078634,-0.8662743844994746,0.8929760463677529,-0.628259496274254,-0.6250054110216339,0.6092331800940048,0.02835148469021691,-1.6326582628705764,-0.23365001419005293,-1.15761984425891,-1.3746883623788235,0.7658263068596767,0.3999981060051322,1.6455867093042107,-0.8425355676891877,0.7030726986676696,-1.3714856780854385,0.36796255126130184,-1.336462038669438,0.3264533900378651,-0.19014409007913755,-0.35328364266961326,0.12170814143351875,0.20248243361744428,-0.9252035743933411,-0.8470740045218942,-0.581128232154355,1.90212905487937,0.19957910390768535,0.1453977783763328,-0.6031826687483148,-0.2689816708953132,1.2431964364299104,-0.5821698996671764,-0.6225132555315703,0.9151987709076858,1.8773684605049987,-0.11070696739092559,-0.3897726500646703,0.26657612496409216,1.0814805477448062,-1.0239534796917582,0.15104856296132538,0.2107415576661218,-0.31096151721722526,-1.0659766615881776,1.380951479634935,-1.7770251937245967,0.8620393890321779,0.3854865463377205,-0.30927132232374877,-0.21386531332140668,1.3681146504492672,0.16199919210616764,-1.0968684794854815,0.5304790159492576,0.10255170560677032,-0.01410403020163211,-0.15683254516719372,0.4658375642103646,0.3811930683149187,-0.3347054296402528,-0.9752733337734484,-1.1917193076504262,0.09250697448059414,1.151934753986496,0.5773986389133724,-0.3611671868087937,-1.5275401519775391,-0.5577175904449903,1.0734362764344938,0.1875921953114041,0.3518410395010812,-1.5522629558707257,-0.47863042772533043,-0.011707483879402404,-0.2576562383594961,0.6251021417332239,-2.4188417077031326,-0.907673484117868,1.016079388149421,-0.4626789214328004,0.07933266152991537,0.8446218179511296,0.9827180338870447,0.19584160410928841,0.2923885570458985,0.3465359424104866,-1.4975697230043037,0.4164511565241166,-0.14860418236964057,0.9180663164174128,-0.07832598009001629,0.6694786012733095,-0.004710048287584048,0.014209784448338203,-0.07674239854524043,0.09333367563500805,0.4704894802571499,-0.34126378565563514,-0.16314181735288563,-3.091992194862459,0.7664238776013393,2.0116908728612772,-0.45770347942548534,0.5291693523646628,1.1250702132530044,-1.7245099520550198,-0.3370599127735712,0.12172311492311085,-2.396358403451976,-1.2318529531376923,-1.2491869088514964,-0.49333886247473063,0.9598979900065268,0.46400736675276144,0.4355245854219364,0.11385931821083121,-0.8227924460225715
4.094117647058823,-0.7508114484212408,-0.3485194548154005,-0.883529991576076,0.15289519857965733,0.6200380374382148,1.1774553029776749,-1.0432183265356303,-0.8662577070670386,0.4381365359600128,-1.9025014677570105,0.9577097063879669,-0.6102590095409391,-0.582240738623646,-0.786872071076049,-1.2704780434997613,0.14163079255370772,0.6220596656053563,-1.0582907893638205,-0.7789846588432846,0.557129070647385,-0.321537869862398,0.12480818975840956,-2.398704050376386,0.38508149337219744,-0.1791473138686257,0.3016712865016803,1.4850847738190605,0.28718094708558367,0.12659186982836737,-0.6987035733561704,-0.3276295537132313,-0.1131768383872416,-0.40160964498513857,0.09341239973317991,-0.04982403972127117,-0.5194196223599808,-0.6231202854605506,1.4041274073372185,-0.08969881712808701,0.19246118651749558,0.17481852187668348,-0.56181836907378,1.052710116435611,0.45089976911371094,2.3596358708055494,-0.9127850927307484,-0.9175995289218852,0.5403194291066283,0.7420660743911274,-0.5534482436932856,0.5711233470785823,0.08714460987112652,-1.157509873979319,0.014410519129249372,-0.22298407811450988,0.9355963347555933,-1.5558768469810265,1.2985497895130926,-0.06748626048735415,0.9833998110478415,-0.01000184449455869,0.873411161864016,0.148462368697072,0.3184937634984773,-0.8041703072258336,0.15649829253834813,0.887617878172041,-0.0017947619422930099,1.8033493819310948,-0.4047280479975641,1.4149061500375126,0.5288913028903832,-1.7654892654891021,-1.2165376276584523,0.8515957501486139,0.27797180158962165,0.5573738500826437,-0.6580525892205565,-1.4239370710224064,0.15398693625599646,0.7874947002936943,0.8083188420329365,0.3278938190349337,0.6244153684173999,-0.7679238351027948,0.11834653033604811,-1.413859643757439,-0.034699008836425356,0.6598167118302919,-0.4907897317274914,-0.04537741687585489,1.5958200423702995,1.7569258314147378,-0.27085579508182556,0.40343085427246816,-0.6546011861287674,-0.02015076386704392,0.6268646636334884,-0.22443009962572769,-1.054647377457691,2.261156386995569,-0.37694181842263796,0.2944028423592059,-0.6850491804874824,-0.20196469823013183,-0.7588578246561265,-0.3084881131222951,0.5749998019826841,0.2682347451081731,0.3026144003701039,-0.4720564674026964,-0.22357125999655855,0.45058736142117267,-1.1388630570879885,0.6291913378393186,-1.266469786354872,0.3784538922407857,0.0038327691983260095,-1.7418382396311465,1.0587433054979007,-1.3126262018237047,-0.6285231023921061,-0.14153494955488205,1.327173724706011,0.7581902674679215,-0.6945532456484538,0.4225018257582704,0.2903669302417368,-0.42777977841996784,-0.9601716228271606,0.7158306674816468,0.10888782053194052,0.6385284921484653,-0.3369139090335111,0.8434483113239968,-0.7256578453012074,0.0053076031929369105,0.8681329768301359,-0.8273856564844485,-0.7535521133188646,-1.5432172607429524,-0.25623981676267116,1.330727297382727,0.2961822615384095,0.5810342987052589,1.1436168783859384,-0.8073357337779918,0.3154231373518393,-0.7004018870590463,1.0985514997872088,0.02796576466822302,-0.02518394153625434,0.5282456855109742,-0.17172449827885586,-0.16801296888341957,-2.370030644756141,0.866336480295891,1.1079935593452548,-0.5404208597972042,0.42079383667003356
4.117647058823529,0.0021432500362889664,-1.6182813069154909,0.6278753490899895,-0.7844011495922957,-0.33317194000964806,1.1614943400792828,-0.5682232541748342,-0.3166216145326566,-0.696699465378694,-0.7793025760883641,-0.7492219613314797,1.4290777592797588,-0.3594224861844443,0.2182198605291058,-0.09373006425173845,-0.6432462710233485,-0.11205113837811012,0.5844942126269589,0.31848899787234264,-2.078238935636792,0.1947369067339125,0.4095280533241652,-1.313876998438225,0.5103212620666601,-1.0214759543856533,-0.27187433249091497,-0.06566781319756472,0.8636125342712262,-0.892393646748765,0.5405503159858408,0.47877731945199414,1.1191440550749232,-0.6456183394110093,-1.5724566386733079,-1.2361761558648674,-0.8765733516476932,0.7525940967987185,0.20623001122734033,0.2371511580912545,1.348695688134155,0.14796053735230635,0.34621092796024167,0.4178031189313245,-1.2622685004276342,0.9987642377777537,-0.07831726417160004,0.08191793534208981,-0.3789585739107999,-0.18599374564695614,0.6925865039961403,0.1750919165019575,-0.465936519119955,0.4547142833928943,-1.1044843022578121,-0.6854894791690752,0.039819151244385356,-0.14257169949335183,-1.7232854750253304,0.20001246187359636,0.316492856518639,-0.41536664999578043,0.22764528287398558,1.01525541922088,-1.4696746601782231,-1.234314650783782,0.9782038339889635,0.648967957987112,1.1719281489890723,0.3398190352269853,-0.8407206529264679,0.8116194703325887,0.40772763324418965,-1.9521166298960837,-1.2606353490881277,-0.8207297918906473,0.1400462426699175,0.47185905855153815,0.9484939265870365,-0.24157084395548276,-2.1419992582338407,-0.41187967577628565,-0.594856432403136,0.5425964778134846,1.5319980992626223,0.2917006851687422,1.0939714226121033,1.0185298781721939,-1.6410351468045505,1.2155572733244955,-0.46672964661374333,-0.14074301510816928,0.35192683607630226,0.4028178708543631,-0.9920640961866949,-0.45666102000498066,-0.5716845749987591,-0.6354543628215626,1.1731908211815154,-0.2512315733689759,0.2511673039129726,-0.1784322152913341,0.6426433396555331,-0.5407681058067343,0.20751271949472874,0.02450042839440252,0.29210850393205834,-0.27891212434297574,0.43777570404211746,-0.2978762364350062,-0.5446302935455835,-1.1075882331541813,-0.03965588706614689,-1.5920357883601073,-0.13690433113032727,-0.28399695487293963,-0.9030909063299507,-0.6261247050071861,0.6745932457693071,-1.142521472555347,-0.9572578131107243,0.6537150190459204,-0.07515378945108481,0.8604493137046355,0.27236351270902165,1.0463606502511187,-0.5618551096746034,0.9907921696469112,1.339619668232251,0.039467878248444166,-0.447550404311456,-0.19035391336611265,-0.4798060491608544,-1.5431060122199896,-1.260460108648349,1.7842674236952916,1.81195538680515,0.4877698667013579,0.6325171421109497,1.3861489922552364,0.5409742207340564,-0.0855494758341151,-0.8677306764864592,0.5380583627710208,0.3060661226879597,-0.7449257690164902,0.41422211870478465,0.1296478702858898,1.0234964958659425,0.2145627053656115,-0.6833966283352725,0.7912060312566913,1.7484415031205582,0.3500319448080354,0.5830263416633931,0.629744818126468,-1.3177795909077754,-1.267554500769493,-0.5078058550861198,1.4173748946070193,-0.49836600123096686
4.141176470588235,0.09443434562368545,1.0038398240113404,-0.5595628755980858,0.2214598999972926,-1.591875427022007,0.7843093259312783,-0.2090480866015217,-1.4427963219258766,-0.7317627204659743,0.7124543341771913,-1.5316130276060327,1.4657880724818808,0.16977398538859964,0.4314931937102873,-0.1352638693813448,-0.08092556539064522,-0.7300140082244708,0.5878808201708008,-0.8133161444336238,-0.9143397742365121,-0.2611253232328322,0.5242897250681272,0.058166572551335186,0.5349173132731481,0.7547885612179265,0.31672480526787744,-0.1657698348745023,0.4618523376730361,-0.7281139233219578,0.9424546942992892,0.4345137588034728,-0.31706929055556266,0.2925885500107883,0.38797642878543426,-1.2342886650235754,-0.4365839182444557,0.09323049812302268,1.32525376705149,-1.9036600849994723,-0.8620309297474644,-2.2297203028586967,0.3978080050038564,-1.1311240002466862,0.3142197350633212,0.43513713890856304,-0.220774305542167,0.5936985861857756,0.48111529118306917,0.06113864225737191,-0.5818460177811213,0.0033523017020831037,-0.3983624875700646,-0.25714862825680923,-1.7462662548400403,-0.43630753850618775,0.07238028003318717,0.0444138923882717,-1.4445484244991662,-0.1927512027119813,0.49613572096988257,0.733765341270163,0.6444641262932916,-1.3225303819930672,1.546671045814865,-0.6413029904794084,-0.696544342574105,-2.7790897424541745,-0.5461073382969348,-0.5832019848723813,1.5602642014287982,-0.6615368490455292,-0.15506392626825505,-0.7928892614177013,-0.43814805456573536,0.5849792380504046,1.230207848379418,-0.48241859210354743,1.6628097354808629,-0.6985080789904885,-0.9383156643525418,0.07408956659877064,-0.3901284013240247,0.3681728692179688,-0.3957894854298328,-0.0726764239301551,1.0919640237577588,1.7301105380537625,-1.3496938061325836,-0.5688584351351903,0.8251016897754593,1.6992316435614292,0.22169683933541412,0.09939585942526448,-1.5007653068052929,-0.24403659385778775,0.038009838756301734,0.7422450944800566,-0.792080862421891,-1.7985674200368538,0.04112203663472528,1.8932465084985053,-0.047493415692856956,1.281376146887002,-0.08880761287253465,-0.35211587155232077,0.1478790255320937,-1.2531696554289171,0.9179700362715976,-0.27266359594707207,-0.14922061774116976,1.1302679164884257,-0.6611410315216275,0.9179070675841194,-0.5230859324721698,0.34090952362387283,-0.1098475694365196,-0.7334483680995625,-0.2951867847155939,0.7523173033422293,0.6082635388141493,1.0620799356975754,0.5133500268252557,-0.7849440779029936,-0.7474716487044741,-1.2169249298369733,0.003307644032953804,-0.8365504754605184,-1.3331154372557616,-0.12807592435959314,0.7145643219161534,-0.8661929324190375,-1.044983940639982,-0.1351639424843644,0.2329564554614891,1.0035416661677443,-1.6930553535778134,-0.6008496490929707,-0.9036702205863443,-0.4344872981805929,-0.3330040952154659,-0.4981517818638417,-0.552053227154992,1.0703841192884167,1.2350264288933255,0.24304987646409387,-0.18579530499621763,0.11885999563978987,-0.09843481723905763,1.2534872272421382,0.07271346611107576,-0.04033232891608869,-0.4570759964455106,-1.0980167473673603,-1.034463874606067,-1.076279952233829,-0.168141068445042,1.766504643582228,-0.29856188963387664,-0.07094762894706184,0.720170312231516
4.1647058823529415,0.5159206311434503,-0.8165743021284343,-0.5954162805640476,0.01691886542677233,0.1731466678982746,1.6031051071630207,-0.4068746251843002,1.616580904453313,-1.2428574953661071,1.240651764321274,-1.9726035209235802,1.0787116675034591,0.7819346295577541,0.5132447392704897,0.16351034916781634,0.15273270266499675,1.1537769703941172,1.018070385397449,1.1695667707664814,0.6082616409201627,-0.10350544421279069,-0.4955996298039157,-0.4454058442800085,-0.5072304519286936,-0.838352693533257,-0.6527613812934036,-0.3641852096371905,0.029947638338817896,0.317641818842047,0.2384737251825343,-0.24160550343478576,-0.9116178937339282,-1.4546040416839223,-0.260798814943233,-0.21962123513516388,-0.0886369993685512,0.22177803956135056,0.009998800186926646,0.6182711407106567,-0.5857169520901877,-0.27929875959325823,1.2113976191710756,-0.37647659749037704,-0.8553691408401497,1.364024817246473,0.7820681314005038,-1.2329921142899856,-0.5547479083970408,-1.0333803153806178,0.14380858519735124,-0.2960618125911606,0.46887721210438377,-0.5063242857339306,0.5925555725182107,-1.293515164066778,0.03289713000847581,-0.6878818359879078,0.8127013952691976,-0.792981342882759,0.3808995412138866,-0.05852699321638977,-1.30126357469083,-0.8843425399146887,0.14874595770697333,-1.4320438574937013,-0.4479863796197775,-0.7705933748558631,-0.03363900005494312,-0.3942634187504917,-0.30339800977907966,-0.8014596512611805,0.28391698180446984,2.2683099702952583,-1.4325730946880504,-1.15605247137986,-0.253739398819662,-1.2686510643602764,1.0981979194811664,-0.23951109437800078,-0.46295417771520897,-1.2259878204387649,-0.3090772766001888,-0.5268571856198377,0.10866956958794838,0.14439593706261392,-0.36355514501734365,0.7145396770852646,0.14539265765607198,-0.9419689527453458,-0.07023719742382442,0.5383167549677541,0.9390807746274977,-1.0821407495121487,-0.8072474494666458,-0.3372165038641063,-0.4006973338962462,-0.15277240165843237,-0.8801534750652438,0.8177758577841538,0.017215342230263386,0.49224095218324176,0.3331258909458639,0.642184714982746,-0.7731301220492224,0.7893276793398636,0.931985642757329,-1.617699367512974,-0.2565257499851539,0.1575196196092019,0.4123308299066616,0.30806944146979537,1.1790408510690806,-2.122949583788976,-0.8486952020622149,0.8809104978022606,-0.17975840286824765,-0.11195558419136642,0.5918885103646426,-0.7809119640362353,0.3813380652835587,0.8977607062075079,0.48181733593867665,-2.5921390724200646,1.2945647058028888,-0.44973134985228536,0.47229676556185074,0.8729511127453542,-0.5724996739496891,0.19749739942436068,-0.1508183876616578,-0.7820122538152121,-1.1293861178603086,1.048087676362304,0.14309304036675372,-1.2318843053427804,-0.643553985194416,-1.3455381029004942,-1.4139849037590975,-0.8973495989031534,-1.2025454360735115,-1.3513842645071965,0.12857593568694584,-0.3434956889376538,-0.8430205569329797,-1.9183810353415323,-0.19799185202415834,-0.2849750928058872,-0.9532237610221925,1.0447856555370059,-0.33508315208548645,-1.9316477792192086,1.007367156294293,0.394427852544019,0.5689682138799238,-0.6418235431112911,-0.27099702266040726,-1.1884703530521992,0.8792302518475344,-0.6306482806639246,-0.8824256168233933
4.188235294117647,-0.054666763670073476,1.0510507003610707,-1.7934560578313783,0.8492204864025753,0.8722070923821565,1.1154308157894102,-1.5216209702777956,-0.010614944643425796,-0.14899696644009255,0.03616637408814023,0.16515564233077187,0.021420217760753438,-0.4532385261279144,-1.3091291045502738,0.7490984159638368,0.8836497674624185,-0.27918789189126486,0.451031328649045,-0.543699114963781,-0.2065707855946318,-1.014604993709941,0.38116451877152885,0.9878145989708496,0.47902315833610914,2.47604809067396,-0.06119569621231703,0.6821645965672883,0.12215480508003855,-0.5915919666261091,0.2444003160794845,-1.242929149484497,-0.22599453828323482,-0.362446709254402,0.0582707741940117,-1.6792857618096633,-0.762114973408102,0.4303428567886532,0.5107856265292565,0.11816912193308332,-0.5513392219615184,-0.07392584648096065,0.45415473798344197,0.1214673687505928,-0.09315828556944351,1.3402142571349116,0.7799198357284738,0.2431739968061214,-1.5265657638304122,-0.5641019225886342,-0.0858671262961716,-0.08771417981151824,0.4615605008005853,-0.4356963270707089,-0.46559741359971,0.017628344922978486,-0.9302911563930597,-1.620112545454779,1.5909631409031342,0.2751000420698277,1.349577264281865,0.663656949283987,1.3879589686974376,0.17927274765623266,-0.5419423555283642,-0.28919437061118525,0.7527375526326896,-0.569748166761071,1.3009762641152607,-0.22316806049714383,-0.22155217382639975,-1.1982648625299341,0.7999747517448149,0.06045552117021664,1.559442435874889,0.5892244050414291,0.3956477039120999,-0.3662605136785972,-0.1578793072935106,-0.17124398505830252,-0.2384095149166711,0.5537867420357495,-0.6540325123568453,0.9631899686417554,-0.23685697292332425,0.09354790957514277,1.0345291752726247,-1.0055940791332243,-1.104732005201959,2.588782080470599,0.7243626797470912,0.38698732450903006,0.3796095142502928,-1.9295526056070982,0.12484942293300057,0.4518524032010827,-0.11426335204551141,-0.8278318227137677,0.4704232064238956,-0.23868703277031356,-0.48515940983734657,1.08531538419417,1.2908724721835265,-0.9018862390314366,0.5328551634857498,0.1532811230214182,-0.15096914726812555,0.0773722965904189,-0.25504166727863076,-0.1968019634653986,0.13182350712213248,1.0556610090453105,-0.5617125984939927,-0.04059284977575112,-0.5507927677403495,0.5149401047860567,-0.6717234026860956,-0.2368184991853592,-0.27158694241499914,-1.0795814047673824,0.29627289520481426,0.5308771669887425,-1.2295079484953333,-0.7150746553569016,-0.15736314562315876,-0.01014007782608598,-0.5812637596426562,-0.38265319096165173,0.2557822663423323,0.15846514466272055,1.677911892173285,-0.13926865481620002,-1.5393501475360263,0.20280370303609094,-0.34509049075675485,0.8503592258578737,-0.7333643228941802,-0.5335015389603541,-0.5834623648282841,-0.4109492773611956,1.7715037070393382,0.5886580513255636,0.36262294235604786,-0.7896373072013936,0.2941196164505907,0.13430150779168246,-1.4262144862937818,-0.7350708115635546,-0.18727446174226228,-0.1943612945113465,-0.6307520149183612,0.6144140788244118,0.28495317253997204,0.9616931296967494,-0.9896227092096804,0.49755633993547277,0.23181985195567884,-0.14692222814296949,0.6872990985422865,-0.29238975379920507,-1.6098336726826452
4.211764705882353,1.3457178842349595,0.3955647413966855,0.8610188693550046,-1.452413384907708,0.8353421675664132,-0.18451355113820295,-0.5569547841270236,-0.3169148040461966,-1.5369330759062023,-0.6532689975939996,1.0568915107972465,-0.01380854672841872,0.5444065878888088,-0.7995361452799263,-0.7958097704914975,0.08626873621462805,-0.852810019708245,1.699826981425295,0.5711186215632769,0.10269141293008067,0.7621386067280502,1.0030048371652311,0.6221885632502248,-0.45672252117955386,0.18618946194557923,-0.9350813998238181,0.13804287316350144,-1.2514567917590385,0.6290003321703265,0.24889645474377717,1.4121285104872483,2.087916694215914,0.051802086884656505,-0.9525429372881862,-0.16642052524249581,0.5759693166562262,-1.047175098320822,-0.05743375289313951,-0.2613235009206549,0.6670124626808502,0.4502673490300464,-1.212659860711213,0.24807684423864024,-0.35199864312442763,1.004764302263168,0.018187822855964448,0.8385830128498483,1.8998644468189343,-0.8869061507851608,0.383926326881486,1.0644580577234966,-1.394800050957613,-0.9800906849385215,-0.9904902779848296,0.830135166803861,0.39102987329077904,-0.3838508472608273,-0.4699946696606464,0.4156732314134575,-0.8436151616169865,-0.09941360919467919,-0.28834544204015855,0.5822602351289347,0.7517797872171659,-0.46676485386567257,1.069341531958689,-1.6433344101775007,1.3471339488230691,-1.3248162852012344,0.09678257686768707,-0.6898104624881259,-0.859482684717316,0.23965748825405253,-0.8340750443838143,1.2479618590750898,-1.3718117311819684,1.386931886501099,-1.4244264991548061,-0.8705251917074595,-0.2905747698156437,-2.1881607068690045,-0.8479642541855616,-1.1488663769407446,-0.9736560145543339,-1.7360400701249934,-0.9322210878459921,0.05191195016135008,1.024369157533602,1.7047581385484092,0.06494518251061111,-1.6619700780430506,-1.9995171226752768,0.25924589874326925,0.6512809487298781,-1.495217607966128,0.713997507589962,-0.8928533204988501,-1.1556954829964556,0.8496344924973673,-1.544085986104682,-1.2050730714924536,1.074666406534302,-0.5368925656264356,-1.1422460588292713,-0.3873796713706444,0.559641945360884,-0.702397240629557,-1.014325296325741,1.6740894853182664,-0.167700650260584,0.7813155363713702,-0.10401058699629455,0.37687761856776447,1.717907069455112,-0.4669431350134094,0.64670361384714,0.7517957930185515,-0.8050095885528639,-0.22620574380972278,-0.3102387820985951,-0.7903630898724434,-0.19861813692039262,0.3428517834720201,-1.878235431398601,0.7435006937603149,0.4916735224828522,-1.855300079337554,-0.24165828984999296,-0.8483277335357572,1.3829277562335163,0.823767877322438,-0.04459701963330023,-0.32273571484020785,0.3841553597228193,-1.203197520353937,-1.3959531926136877,0.8464913742664011,1.0316995650821403,0.5683020167962216,0.7919180885460138,-1.758278356779226,-0.4178599156696222,-0.08198643630529007,1.1232831404325216,0.8921744557017259,-1.274537330159707,-0.9795123303339666,0.3568138178331956,0.6697547762555348,0.9324258731406884,0.07286563458544677,0.8089205647615786,0.5624348301001924,-0.8643039704607264,0.30651383092592693,1.2544511236429619,-1.9844311629645877,-0.7777216704021439,0.6429973807316771,0.045147569161483096
4.235294117647059,-1.2872114731358462,0.2364670091837627,0.3495167787530482,-0.43068608369226846,1.0327834424555677,-0.8445181120420268,-0.9018261512210688,-0.48850141480670367,-0.6848988160220534,0.33623216787944304,0.32128981253808697,-0.5528897622098615,-0.3339381881687088,1.4754850565904587,-0.166758240934912,0.47930686532279204,0.8701001910969595,0.8437792721803637,0.42974132171780555,-0.21889159857085352,0.6939466401390604,-0.5375326094359667,-0.6691745748412803,-0.7273071876811285,-0.35824780172233844,1.7742235846955985,0.07452718089266945,0.7202200909409464,-0.6641936733409886,-0.800054196293024,0.3161894417512119,0.26312103745469195,0.6569130141265994,1.232559163148704,0.4869433814505529,0.4807614552534682,0.9819779135876138,0.7803479003676319,-0.28415779447165906,0.3352308882042919,0.38387613831714734,0.9356239138607936,0.0402749354122093,-1.230026961348219,-0.45361080303995,0.418749116035955,-0.7628658527630439,-0.3236623545287335,-0.06957925755764088,1.629522058328841,0.6718568522735214,-1.4280881449127345,0.6143502042769019,-0.5317811971437962,-1.2254187972964012,-0.1907403283809274,0.9592678429949486,-0.3093895583841158,-1.2238015817959835,0.5394606749456092,-0.906583980384017,1.2597611718489894,-0.7475534886083147,0.35266905274749016,0.913028283317024,-0.5765234166165633,0.648865250147565,1.1306440209084838,-0.955643499805936,-0.98330731661365,-0.04217781303732183,-0.7014139830479116,1.0587135356339388,-0.09594560731476134,-0.9361197623479267,0.553441782629343,-2.399736050977176,1.676345706277135,0.3528942746268857,-1.1608737457719454,-0.7377431211773253,0.01785818363626536,0.2763534120598596,0.6722886836399258,-0.01633888412711726,-0.9382412846359949,0.20795259029148366,0.5230833127967992,-0.8751935233052905,-0.016655742388619096,-1.2037656862760069,0.5827755634354633,0.7971477414991505,-0.21504520946377162,0.481270594242384,-1.9275675824310072,0.3733321691295253,-0.7116608073941741,1.0442590533710812,0.4739465848557434,-0.2770250310032653,-0.5054760930053016,-0.80907731459624,0.5996467690375412,-1.4691587297598532,0.8300190632144132,-0.4995025200018583,0.3219397182838026,0.9448984528723144,-1.3943844000030614,-0.9975893702068735,-0.9649932178121391,0.6699501833640134,-0.5950030711901002,1.4025486173419535,0.05572821703445244,-0.33812993123795315,-1.0984950668679525,-0.3684905634110226,0.5959866914444766,1.7727143090587179,-0.2995138518368265,1.2330365008222075,0.4177312160809312,1.4070105734596918,-0.7922099383940647,-0.5643228995645375,0.3882752738974039,0.33290485225628846,-0.274285863316454,-0.9609380493853202,0.5722965388662086,-0.9869372047175454,1.5043013290036273,-0.477034423004509,0.11026035042388085,0.1004522170425472,-0.22398406111206495,1.0748574069056211,1.4583809026638996,0.15702920624899674,-0.24700003847167706,-0.1610353840779041,-0.23848394041120266,0.5622088473938663,1.817608002513795,-1.0637910248542084,-0.5839999667681027,-1.2674834618422346,0.442825583822001,0.06168402572913627,-0.5224141686440675,0.891309922203561,0.07871064540797454,0.9604927096939851,1.541390458789723,-1.6485828211057787,0.057743208713425816,0.007585974767413266,-0.8611272942876447
4.258823529411765,0.8277986342746656,-0.14163970932157474,1.7021212709539517,0.9380400629183481,0.5479226033966781,0.20653035356274513,-0.913155957254517,-0.5951748150680832,-0.08467151018573633,-0.4253082923663495,-0.5254844204013613,0.8464663678510785,1.517183989274254,-0.41276320395573524,0.8343006748529552,0.08191913594984869,0.46847781766623314,0.5912910821188581,-0.7437222951816417,-1.0774482572767505,-1.3055510358549196,0.4980821325926136,-1.2855378969446125,-0.374448413345829,-1.3725095998302024,-0.45141636540228364,0.4363510736346439,0.5737694270910659,-0.9257459256083617,1.1357467009033748,0.3677900068817111,0.7955573714831234,0.8916762363295107,-0.02800042420457275,-1.0786186745905204,0.9265183976350252,0.24359699725598172,0.462340553867756,0.26289572344853557,-0.30022221988629244,0.697679002428579,-0.2656970898234391,-0.6678580708356895,1.7756547990050684,-1.1113090758112592,1.0317251726238466,-0.06895271271044119,-0.5593853640493828,0.22406080834323602,0.7574160157056252,-0.03643953940502644,1.0743901652790309,-1.4919164721645977,-0.24120527659373908,0.3921921976510893,0.2659994968770725,-0.17049201928260366,0.6500281982016121,-0.7021679623586551,1.0886470089428473,-0.3610668314966211,-0.5303753086549786,0.9007438225662684,0.00846368565597026,-0.18781491437314807,0.08356630927440241,0.0819159652424319,-0.21702093186508883,-0.21053444404193922,0.25643973832603956,0.1268737748005396,-1.124987996832543,1.4087490226456862,0.4021199328967421,0.5526108755970287,0.010531482730061548,-0.8674611080181086,0.4783690784254803,0.016575943559828565,-0.7227933034049713,0.16786998106515635,0.4054883713713968,0.27436954968944677,0.1104737461595345,1.0947511846856426,-0.22466449440855701,0.03426765045211523,-0.2905263111819379,-0.6436358739595995,-1.2643970766152224,0.8240933869370881,-0.0338429294239691,-0.42970268519380195,0.8080891502037533,0.512825540345151,0.01563829515427019,0.02025547859969263,-1.0250554560886638,-0.4401549539753527,0.7549950835450818,0.969167598507954,-0.5018443137795348,-0.636855334247265,0.3662189386931356,-0.8600395989765457,0.4434909300607688,-0.05555171465983717,-0.10015488682361327,-0.20987245674162613,-0.5081587808651752,1.075911338923383,-0.6645933807239807,0.28429143258276346,-0.42839715967267467,0.4864880422298906,0.6333783063818286,-2.110212184057876,0.41879626161487193,0.15429812091102202,-0.6950017577896077,0.5697090479441601,0.8124737762533399,0.7608880086818548,-0.2789900206181551,0.4525885281376468,-0.19931493042112758,0.5510485156584465,-0.05997163219857375,-0.020555501575349695,0.954727733593508,0.4067161306030704,-0.4516043866464101,0.9320262496595608,-0.29411230182398673,-0.3985331576114749,0.4101444675479369,-1.2242634120116995,-0.8787381529241909,-1.3715425578081695,0.6429564789301511,0.36810332284761793,0.6012903591634713,0.4970322048171237,0.8702307416044556,0.8938878464925655,-0.1319349986426964,0.3154453417869698,1.7165337196983776,-0.4431096067098183,1.155822543307051,-0.11518255156226656,-0.10833475195508481,1.0182968163428812,-0.6598973893035419,1.8677818829351454,-1.5029978347783959,0.8011755456930184,-0.06023512874682845,0.031702386250081545,1.2903060780954005
4.2823529411764705,0.6186030227294778,0.7320861612292883,0.47318571361934114,-0.22203293404632782,0.6239967476807019,1.360164246682364,-1.1892110102950364,-0.7427304578486683,0.44014306453957003,-1.5490842051740341,0.3617381397585257,1.6479006003165284,0.5070389052964672,-0.716413893768459,0.9751699693580583,-0.8446166807355165,-1.1073787389005283,0.3414423413352608,-0.18981911153276895,1.0724295684817287,-1.4475733615856492,0.702771483958499,1.453048780567056,0.5113118197222493,-0.0046521629800121795,0.11672218878531719,0.16170085957374067,0.21258670894809995,-0.07763010932086231,0.1596827116972193,0.16043452842043093,-1.6409440695380786,-1.751863689921995,-1.5875690537569835,0.40037827656963604,1.1647544603059508,-0.9122761105825122,0.7124790305009248,0.8353022599419083,-0.9522958041343675,-1.6315045616042387,0.10882884368244967,-1.7399094317160049,0.6257415086493907,0.3096772361115127,-0.3086064525550703,2.3304317278439495,0.13220911685051662,0.587943465370952,-0.22291536441477675,0.8595780794884633,-0.07741915399340916,-0.18249369979538063,-0.2210592950517313,-0.21681677593978063,-0.6725863292324995,1.2348447757919048,-0.11628169248415678,2.1317301058547726,1.200135033131117,1.2005197026129255,-0.23624582110788686,0.1214835994428137,1.223974278756906,0.41311702059113936,0.6231426111283467,0.17784881123481644,0.5917047551354326,-1.280579555952866,1.718441959348929,0.4247266560541685,0.5386578537682878,-0.6577879075324203,0.5929355871430285,-1.772808135465517,-0.27877258986519754,-0.4629487252805827,-0.5670369135427974,0.14475520071406445,0.9868490459186475,1.5043231897776468,0.9182502699851377,1.0532803076367894,-0.47977882414882517,-0.6886039462390379,-0.40702708233520846,-0.39946230317907966,-0.231117141854111,-0.09646681065486977,0.49492609286984995,0.23491466134778505,-0.05980360806258463,1.2633336142880454,0.6685594475649385,-0.08633711717086669,-1.0942291972378122,0.5078340086410403,-0.7501675178404428,-1.3260109850155413,-0.5967513256196056,0.16529801846012998,0.14141401052709876,-0.459544793319901,-0.13805899709526587,0.6223356651171906,0.5508248190355576,-0.324902416075369,0.2796724213127127,0.27778160113803513,-0.7293132130868282,-1.48107000323802,0.027728241326667315,0.2553965676876921,-0.023196514032134397,-0.36859165935634636,-1.067742800499794,-2.042328987470759,1.4041609978318805,-0.8446119405349023,0.4971847273255887,-0.7883477316370491,0.8740125534776848,-0.7906722750237157,-1.6224707033404626,0.15165489912728655,0.16521944081147688,-0.09118568913167953,-1.3471633060957218,-0.1299758041844687,0.8996312118624913,0.2834922879470368,-0.01675823331078265,0.9330576777526558,1.7852336350356837,-0.047221325591033286,-0.20778912705273475,0.5048105415713339,-0.1921460570072411,-0.41490270573629173,0.060578692175749606,0.038335089089298446,-0.253782589151792,0.16572766075064238,-0.8329982448408283,0.0009881244370837556,-0.772619357512354,0.16185075645133237,0.7991645458181261,-0.5791273258034143,-0.8598703819529643,-1.2664121351751847,0.22715263362508575,0.17718444119751114,-1.4476482933247765,-0.603245491705638,-0.4164561958119475,0.4395626421820472,-0.40082135602549596,-1.4387315995894039,0.029379299838898545
4.305882352941176,0.9187957156207115,-0.4194722004293173,0.969829585837551,0.8299360699347944,1.0720250853232294,-0.5135559304025393,0.5436728182213377,-0.6203377645517898,0.43438016375147687,1.0565422113903808,-1.1097433774416825,0.1616286580777788,-0.3138463823680534,0.4539610223815801,-0.6136516648887442,0.26270442835625424,-0.8236624830220949,-0.3675534181271843,0.06117295272363543,0.5004223211789043,-0.38645010740803143,-0.23470152589766902,0.4966166817040114,-0.9483222660669325,0.5296144149954805,-1.040791759452379,0.5436523306182591,0.1712751710311918,-1.1089571197868837,1.2106712498075372,0.3567890466194687,1.0293677615657066,0.15426505760095183,0.1010885268851914,-0.3269634404133814,-0.7593949757362582,-1.1172305824309963,-0.6636956552021829,1.480698509435671,-0.659706205156228,-0.8247755077961518,-1.8006217770684831,0.829253453701991,0.10390912114454691,1.5394481190054454,-0.1825568498993468,0.31960890136124087,1.4034645651859152,0.8679370102218572,0.17971334347779241,-0.6957588759137193,0.17978972426637158,0.030616270829572634,-0.0054019561223892796,0.4662995831498368,0.3533489929922827,-1.897932878084435,1.7297431087066582,-0.5142960051693949,-0.7062376167313661,0.44903321839223215,-0.11072099335306361,0.3381157520891161,-1.6539253084110808,0.10883320513893288,0.5553718317996773,-0.3346708165028068,0.49868341733854943,0.21207099008480643,0.4520186680370867,-0.1762658388392361,-2.0651849257542536,1.159626984629423,-0.48560568411262767,-0.45485752652628364,0.9620786001242235,0.1776323710316417,0.08797377919274814,-0.3904372960219139,-0.2224042999523919,0.061608884891960335,0.4307038635271865,-0.5764193780985971,-0.13190334298114018,-0.5731247280571861,1.188583346844823,-0.10518068002426005,-0.7349417679071174,-0.4901574635762849,-1.2223685770332104,1.2645283497424118,0.140345685430366,-0.005281955290509113,0.48446198882004865,-0.9647026754601089,0.18748767806347222,0.35370573223418766,0.5180239733612991,2.0195445347563608,-0.42321157185892844,1.2923642109555942,0.084761224256987,0.5702564874555118,-1.5456033574575756,0.30442946989797914,-0.2867599092603993,2.8397314361919426,0.35126755489692363,0.4945486269079522,0.6914473517146813,0.4029234097871767,-0.10418662551289122,0.4963884128747377,-0.758000702114404,-0.6173855936081795,-0.5366215268593871,-0.8443331462150733,0.8950164489817584,0.14037185228967675,-2.3849588647265674,-0.6146055311079418,0.8125731402404325,0.7576990226626371,0.7550208751952049,-0.3510662164262093,0.956417462623231,0.5384911137183356,-1.0036331274647043,0.8135686076363108,-1.0131542485221434,-0.31282947265588207,-0.6101422005314291,0.5899303499666086,1.133090285865278,0.3632196727954452,0.38433633205478074,0.44449695955382357,0.5818214583375639,0.6056051078019163,0.12945051772771674,0.570996111179819,-1.140282820640542,-0.22397827003373005,0.525177850461648,1.0040248731417283,0.27408324684084673,-0.08101351029149911,0.12011153989885529,0.4349270227444974,-0.7911780239092602,-0.2273571255092195,0.34577805195760164,-0.3147136997249646,0.17452469305773335,-0.6951164352757561,1.692557053492496,-0.4430614117270523,0.6278091825107746,0.9739239955098964,-1.321473156032109
4.329411764705882,-0.46646346864350774,0.8551076383409918,0.42506780279955786,0.19795294235604882,-0.6219202760763229,1.6530218128533873,-0.5680941496329192,-0.14486079140213548,0.46247011348937034,0.013514965980704613,-0.4152024545564153,0.4199504583545723,0.1946972431028064,0.3719126660245548,-0.19950833029149564,-1.1036755800329678,-1.4340716457811158,-0.41520822283954717,-1.058540296980938,-0.562515018538546,0.31089233855800036,0.8406972364714971,0.3427519810763249,1.4305328023150596,-1.4357727072368263,0.45501403688172215,0.573764814723396,0.19454600998336355,0.04736515301149362,-1.4552711021531015,0.6497146607964862,-0.07756918262550501,-1.5628235300964821,-1.298287321242672,0.5735396408224317,-0.2938561326770347,0.1369952968487881,-0.7624715762232556,-0.07529574898469173,-0.7231696751768941,0.04518066875833807,0.8692264358600704,-0.23586334954865368,-0.18697714020003173,-0.011135670850743308,-0.10202603552150526,-0.02570238355181527,0.050975913112951625,0.815918364882744,-1.021440490074056,1.2413021548592984,0.4374103096368686,-0.6123528627732793,-0.8451693131165905,-1.1097296362154454,0.8951197571364574,-0.9159301093430093,-0.627558520287606,0.16993416278309065,0.14369984683142695,-0.06655284023718344,0.504749225862531,0.6261821552443128,-0.0431503423031556,0.4901340845838838,0.511099795014281,-0.37365870409450685,1.9634385684980928,-0.6307311413147356,0.026764711971650805,1.2339055237429426,1.2702586641529858,-0.005839111920549512,-0.09012839185514213,0.48758625870029176,-1.502536394193258,0.0902792316292389,-0.34393933158659085,0.18531204021157371,0.4571478792598599,0.48592293828029676,1.2261725981485154,-0.0440634273550264,-0.11628187713212298,0.443084169347172,-0.7084930125578723,-1.3739305542236673,0.19160277702663095,0.6635646183720756,-0.0632755753374138,-0.3338342155229608,0.09515739308205894,1.0383610368041152,0.5127892488308302,0.46625889777768226,-0.7194449519455798,-0.044383051809712665,0.5474511482860343,1.594887262012379,0.978445707922492,0.4326872004780016,-2.027071956864306,-0.15767454098606123,1.0217577491213468,0.4814365512602954,1.7980978414516762,-0.6321760182593745,-2.7916361680876625,-0.30201392729244936,-0.25724011671801505,-0.6746031979308464,-1.0210840400652716,-0.697899923414807,0.5663760218092786,-0.48009901536569893,0.06732804489516542,-0.11263588880722541,-0.06990597143511854,-1.8523867958842621,0.44517537595410356,1.0159335421825764,-0.2695542673061803,-0.31370347100496077,0.8659571451318268,0.6293602058241914,0.7621802866509344,-0.86448825187257,0.8341730536292897,1.2423926959452827,-0.03586248173050988,-0.7580702074642223,0.48905507176286267,0.9085184862196455,0.45111175073892806,1.8600355412127512,0.7922709636080018,0.32155979652049316,-1.1018118592677746,-0.12926392130557018,1.3861591667103945,0.3499410511343634,0.13857522789412355,1.9089490692928148,-1.1616865901883566,-1.1790200360594738,-1.8328583798429512,0.4956574799603468,-0.7473285928040958,-0.6342565377391196,0.40573115666717946,0.2446246220387451,-0.4179167298371329,2.1972231618252556,-0.16645348331307572,0.8469335309167664,-0.656659004182289,0.32308462119213416,0.4249920463555698,0.00022965523686850424,0.5701341438583065
4.352941176470588,-0.7799955115882077,0.6738333967225633,1.418206545665719,-0.635272179330048,0.9009546913693744,1.1679764642419683,-1.081792289905552,0.22599757773655466,1.1386649818784202,-1.228573019929486,-0.0005351127288059957,0.5739078306098351,1.2979622346825714,-0.32111825240741554,-0.9810602906197148,0.048049806999705943,0.43705429348806885,2.286414530819488,-0.2467237767561201,-1.0273453601038378,0.0409788613365879,1.7593162990477273,-0.7639285360243248,0.46729469342822505,0.42843469671630524,-0.2480029780962777,0.4135584002057991,0.17021657010000243,0.5476730315791953,-0.7095582515423028,-1.019615397633397,-0.7641334283313684,-1.2648813407656305,-0.8642266145099063,0.2716435294797681,0.21372020183130913,-0.6911240520454053,-1.8262065087785702,-0.7822346303847137,-0.3376832858323193,0.17396081256995682,0.5564429848939144,0.07513367853722036,0.5097037611566883,0.49057089662486425,-0.3970808039822255,-1.0650724407619956,0.2636403935847613,0.329398369789729,-0.5037482055718234,0.7388116206351291,-1.0096683699170068,-0.2641721037994486,-1.5386788179843154,1.660427020351375,-0.1851690555619869,0.3585051622267762,-0.617313674931299,-0.6845591056329708,-0.7556593868992153,-0.8015240443262641,0.10596726744125032,0.1436213210732914,-0.3880587027016146,0.6381852831259367,0.16643488230576223,-0.5301750471458897,2.178014184375062,-0.16725444023979408,0.7250387320201594,-0.029292882015379464,-0.46192588760148523,-1.9574793244168818,-0.31154356103273384,-0.9278041928726013,-0.4643240556049822,-1.1600788887114095,0.8645941719553284,1.1104450994897088,1.3880027913460131,-1.092298201427255,1.0077838416249447,-0.5946633613224336,-0.4208949698349755,2.3090452948374427,-0.7651133689235066,0.004811767834004191,-0.5506537435389259,-0.01191965304455136,-1.330628930474574,-1.3432656310499533,-0.5257850608015426,0.12822532550615454,-0.8416758212422364,-0.6029709635589418,-0.570841743096282,1.1852507758983737,-0.6684293876665707,-0.23283949271091775,1.2911643793949548,-0.23794726699944155,1.3760516488564218,0.7472171376698595,1.2097685896049852,1.8181412027289976,-0.1356144411485464,-0.14285005888285382,-0.567270292153959,0.24597064668914584,0.24146363609366595,1.0384774814723807,-0.6272553210117063,-0.30572299532935265,-0.2686432094033105,-1.303983815087155,0.020466154418359077,0.20959953046575994,-0.45106601664823803,1.4231724575243643,-1.2576456722192815,0.8480997017848648,1.5846492487433106,0.11939764053860102,-0.019630440109438617,1.025166017228816,-0.9632396463395948,-1.5975419204381511,-0.776322357352439,-0.19396275564883728,0.5743871746348039,0.651933492757593,0.8081895282239082,-1.2079927124681473,0.35491229817033465,-0.7475665633282899,-0.7399434571503808,-0.6167268217036164,-1.6992921849533111,-1.489497836022084,0.5415212020883508,1.0038624846434063,1.522318637417791,-0.06017432293059436,0.46953396895319116,1.228565681570495,-0.13150998240910694,-0.7094877563751182,-0.7827481694270602,-0.7298021134847769,-0.903849373873323,-0.7550354311455961,-0.05885020948322776,-1.2379698865228095,-0.003875849927015655,-0.30428888158226725,1.4917140935873259,1.4162979556590338,-1.3494670728536573,-0.31872671252409557,-0.3106285922911201
4.376470588235294,0.6484822167578315,0.4238491476109222,-0.16664393434208039,-0.1322264072909107,-0.17289786886397313,-1.898631045915842,-0.28293999886333193,1.267037283701904,-0.7120416607288136,-0.5697597925838583,-1.0578977849554279,-0.8242682302655006,-0.8174712604689778,-1.3838409427392955,0.7059223050745218,-0.17240047405986497,-0.33567729669342034,-0.6598269344178789,0.35084801968989876,-0.7272400133320205,0.25161613245520803,-0.6188951922610454,0.5073464324886953,-1.0308753290555592,-0.5170493991878568,0.6393608567282103,-0.8754888627814393,0.20270258278968062,0.5699238149920098,-0.8199776452431868,-0.8362424408290146,-0.23695269724126924,0.11528747593093348,0.20466947295035828,0.017442349017598422,0.02733044637360845,-0.2413563834404771,-1.0517340303727203,0.6616192973302489,-0.9734937883589654,-0.5832550921594045,1.5429279565430039,0.5010818194888378,0.07965391324195284,-0.01481232467763378,1.8552849908499425,1.1053219361568778,-0.24990912107883892,1.1285874901096602,0.2344382932641164,-0.8731589369254855,1.124608099278896,-0.25457978048449004,-0.41197948758136804,0.5758849960282574,0.6146510718679405,-1.1766832725819403,-0.9381651773226055,-1.1045056716240838,-1.2045595784814507,0.8099694522232708,0.15910230701491354,0.07423320521783733,0.17888367619362744,0.5456328825179242,1.571561138137548,-0.21630823051795642,-1.542100091097679,0.13425144669649694,0.2865629120106583,1.523318369852691,-0.9964530321057313,0.2766449615042827,-1.2844309744376843,0.2918825482885673,0.7407747935402016,0.7539323947653017,1.2609633550145982,0.9819999462662065,-0.5652626342357653,0.4260454165075849,-0.3622466639337999,-0.9756202862402752,0.15421173605743752,-0.392588050036092,0.6795845410909589,-0.306752066076463,0.11838162649268313,-1.0032186557782465,-0.8792353843577736,-1.5412718668985026,-0.21370299272017151,-1.0257042704970438,-0.11554993424980287,-0.1864306354230577,-0.8816099866778293,0.5173640479258926,1.4260556776520283,-0.191865421762115,2.060915662058547,-1.1809301173469204,-1.249544157075313,1.5756937092380277,-0.1669657674143902,0.31242909903347366,0.26035753701861086,0.006050944358949876,-0.8823864058262483,0.8091645162133013,0.7346900525325005,-1.149435716609755,0.6751428806204899,-1.3304139295786965,0.41837984495226177,-0.34726059413528926,0.2759876305141392,0.9464119450484278,-0.8410081334101713,0.28867852131158944,-0.09715185420898353,1.871322743379392,-0.5740780534679248,-0.5151950262651787,-1.9784323270394188,0.3936115685560392,1.5130587752157916,-0.05647018904880976,-0.2453163533391013,0.2083181711625077,0.22586373803585438,-0.7747292472222839,-0.41994542756559894,-0.0077640711996247325,-1.0465808594424373,0.12851532764467724,1.1441960837085552,0.8027999636930765,-0.9036797273865629,0.4235453329477184,-0.5343851250066362,-0.5549775188708249,0.5305993153477139,-0.22612545432708098,1.3363547203530393,0.11573062355662146,0.3201270600233583,1.4270240349090286,1.2392155675754188,-0.579097638672795,-1.1902735948752947,-0.9162609987115563,1.724676153456799,-0.6416678987825517,-0.22989044328480956,-0.31264413774998917,-0.6913695379376833,-0.3617893528616995,-0.06101430518625615,0.40810369325676454,-0.016466164956568368
4.4,-0.3198848937631382,0.723602684450064,-0.7072012476126422,0.680180151678158,-0.2120484058870488,-0.02548346202498615,1.349537003813823,1.0102580994061794,0.8982481306287644,-0.8984832509971745,-0.6935619590305725,-0.16333589156551923,0.4366443438167799,-1.2654173172933276,-0.3026100958288743,-0.12000231633161898,-0.25099794171462436,0.43116657538699,-1.016613960854325,-0.26166233270718886,-0.509690436146779,1.7370942158916003,-0.055523655203732876,0.8327950060559649,1.3355228333854807,0.5523700173279854,0.23858235600105773,2.361769578192691,1.2668355691678044,-0.8045060576825462,0.4184870211615349,-0.28455905659193265,1.6886246409019852,0.4919347925728815,-0.35504576001382987,0.18792429851390596,1.3183769306271342,-0.427961304064181,-0.3800267904636346,1.1371460476094977,-1.600855080712647,-0.7086230741270048,-0.8176099285194486,1.4113563082453047,-1.1565188464196234,-0.04065675769232589,0.8761553000963349,-0.0795171877669416,-0.08522567791965903,0.6907575543633849,0.7218922442757513,-0.04268105443768671,-0.9726914384880824,0.6744758634522859,-0.37524813453765954,-0.6740653598657552,0.29359476122286876,1.130698252479718,-1.350676216760728,-0.2857801878708025,-0.31979544099241947,1.3775302827893514,0.6811551411077936,1.019491255678921,0.1144844413266681,0.8451584631359648,-1.330983270429849,0.6682604401531657,0.27101810206203286,-0.33962717502233497,-0.17317027025176673,-0.7834092545705914,-0.6541036883671993,-0.4160906334261664,0.8759374817465749,-0.06626466353315646,-0.174576906594351,-0.5104928800760096,-0.6499880162928922,-0.32672976012044247,0.25538000704927466,0.6535633646394656,-0.11613823624240889,0.3609342291367718,1.0815940933697759,-0.16043193942798697,0.44316635091487283,-0.41173391610522264,-1.1893863415235555,-0.020681875865711897,-0.7876443757540528,-1.1420476834557192,0.3264012611566844,0.13342105172543145,0.28520525031264693,0.9223591502588527,0.5691184135746005,-0.42853005949630707,0.40450594778622256,0.3275147491475755,-0.3825621884345673,0.5539017765420965,-0.7771683663575419,-0.6356306136922485,0.21240643321334032,1.1368840873915478,0.7141608027552012,0.6483261585024133,-0.7737213581791819,0.7830401406356083,0.546017182454619,0.31910077785914287,0.6972585099509775,0.7159646413615316,0.7325427821627286,0.16501839521547484,1.2328776202496077,-0.2578084481844937,0.1490233630266401,1.3325753595061418,0.731708141808316,0.42542828487306317,-0.06924738706057242,-0.9473247484970646,0.5449953216330148,-0.667979741288883,-0.26347778864953336,0.3919454078727187,0.6827882925356152,0.4733759351212726,-0.6046102024661701,-0.3858001009348402,-0.09708727538846258,0.08138319967416856,0.3943062200489844,-1.6542051323542528,1.6627188793078642,0.5656361098323303,-0.21825511537057773,-0.25285495549619386,0.476940486162363,-0.11062322045691685,1.2054289428732687,-0.1709773324820194,-0.14645123091693507,-0.21330753955245044,0.2557906423194386,-1.0687660014468419,0.14112102072933053,-0.30843922963964077,0.5110259598760286,-0.767815317762818,1.3261619833543417,-0.4144046230588081,-0.6614316446996074,-1.2162017042479882,0.3232783446130898,0.8638148490730999,0.6102611690166245,-2.817671109238537
4.423529411764706,0.6981653851912807,0.27475264905425445,0.9595214937551925,-0.938340666945464,-1.429452804680833,-0.4887873944020125,-0.07923447367458837,2.1969594325990593,-0.07360665363013644,1.0852121977021234,-1.1758780929601493,1.4096158772905218,-1.3203797908537669,-0.20950158955248666,0.377547198122056,-1.1261868160306276,-0.6054426710073785,0.17160971073656484,-1.0211149569709936,-0.09973565399031602,-0.5586409413540824,-0.05630588137375574,-1.450945829802109,-0.7702507038782993,1.0110908296940873,0.6179122365737202,1.2660954209063018,-1.5145535711537659,0.2466025349118306,-0.3698203468708139,1.0122608244154772,-0.600253042304482,-1.748220416825403,0.7726811675816675,-0.6003357589011494,-0.7316507184677075,-0.06476614885443711,0.564567872059341,1.7380971128948906,-0.0236402227712135,-1.5064444061407711,-0.3923643527380909,1.5848930723908454,0.9235222066223049,-0.340666049927832,0.17138426624370756,0.3047977292596351,-1.4669251485785377,0.7546820993025194,-0.9977083419546366,-0.37067641324235706,-0.735825991272432,0.7130961443902764,-0.8810918081435091,-1.0013749439032877,-1.111425204493506,0.20347657123634755,0.13862588146329155,0.5776078750849295,1.0996213232092054,0.2444154870186732,-0.3542057468829394,-0.053410844615630615,-0.7288359895948755,-1.0467396191174865,0.9545321213455333,-0.5416100758222471,-0.16339168707829355,1.4307773019552468,0.3934819288110903,-0.03219928663590633,0.5044546594015867,0.17254189266031836,-1.1582251267884975,-0.3447704886690626,0.8313409588510674,1.3533484983874093,-0.06554402727876577,0.9994986428697872,-0.06120328552607934,0.9523659877173043,1.5595781492560115,0.8636272609046575,-0.4885867153013488,-0.7453687611652839,1.2337299566415143,0.3824868511988342,-0.09311217442584584,0.6761850474452779,1.518570925924845,-0.8447721674784273,2.213087347444422,-0.3290874297859179,1.336287286339216,-0.4651945235221242,-0.9367144323764625,-0.9584860025336988,0.06777843190901256,0.06805586643174275,1.3979403728181987,0.18657556326985483,-0.14361033357398714,-0.6794367498428248,0.8791890162994368,-0.5282435566054607,-0.8682754924378646,0.13623573321653684,-0.5209033827898458,-0.6158179078960481,-0.49017703517236205,2.4384026620230554,1.3395917616362174,1.4807064981607976,-0.5889599915521753,0.7207579464581322,0.5962754376898987,-0.5762371233945927,-0.8966718617797216,0.6874797674010985,0.4699206453700237,-0.6524231214489854,0.49004972780235206,-0.7236727280790853,-2.342828427908126,-0.5294792776305602,0.6236656894126377,0.05723513463111426,-0.4126866909813803,0.43634690440311463,-0.41650466662591046,1.4703782705032622,-0.5560766566534316,-0.03916774351344335,-0.40121296423022823,0.12396336858074236,-0.1751225599159488,-0.45600295656484374,-1.2280466959017942,0.5028215257783949,-0.223720780333044,1.091429125100757,1.1112623860076654,1.3505349485076494,-0.25727096843461367,-0.1953090580520103,0.5305334209897095,0.8653754012040895,0.4469957961751539,-1.6731973002724776,-1.6303525429441248,0.5707874063030679,-0.02177237253622413,-0.4810193945588302,-0.37525077048934435,1.1738115555835569,1.204921275491253,0.16511641927532805,-0.6078820681486897,0.6160859351648417,-1.021085845898176
4.447058823529412,0.04033215108372587,-1.0315541911973347,1.5700095663377212,0.7391928354727535,0.25278438491438454,-0.12572317861091664,-1.7314167793278008,0.3277744937645993,-0.7665682335582927,-0.26614593388487384,1.2768120574897195,1.3955062450260227,-1.617269660064898,0.2294327459978182,0.6053019377945409,0.29854384173919707,1.5260721871868461,0.21891059184337663,0.2531383048147672,0.6638851794066487,1.0697402613853333,0.5355482534570837,-0.34371033733465006,-1.1819972731382498,1.5780113762840384,-0.5116834035264886,0.0349347454752695,-0.4832645471945592,-0.9981747881577032,-0.06475966463728379,-0.5851400652987493,0.3602177145948839,0.7396110210428056,0.5385212589529734,0.27532895315258715,-1.29713936123607,2.1976519260803205,0.09059928571609413,0.7329486328534675,-0.9243035738434567,-0.47869051622531017,-0.09700169272665567,-0.3456849939500807,-0.5708406661466158,-0.9995605922785408,1.1355686454469485,0.40438338295880666,0.32034857456850674,1.3773173861848647,-2.270802278550074,0.35264579986330774,0.1326461743017453,0.17522716797698565,0.2480034794606738,-2.388463024543413,0.04113597416304353,-1.5317361860722822,-1.2517375621497853,0.21239023464882398,-0.4828558033186328,-0.8200037726516405,0.837141525724967,0.2506660548304208,0.032833818872965805,1.0096123815885858,-0.4302093887987523,-0.40757875946520106,0.5715640589208433,0.18116489466312086,-1.0035152192177057,-0.98589483053763,-0.4842922028129734,0.06865003171710934,-0.5711200187263605,-0.25332554430204574,1.1168602829836112,-0.07861943083503385,-0.6433377718758504,1.260079577410255,0.4552114504593587,1.9067776532190466,-0.38422387302867733,-2.34409818496057,-0.1116220982318894,-0.07253351306880854,0.8021954526419995,-0.5946133844986138,0.5915284134922735,0.531575887175557,0.7301045419601673,1.3235366941035354,0.39936422067477556,1.27081887060867,0.14696116807051668,0.5721682424983382,-1.8190178919494089,0.2709931533347846,-0.8766846229394177,0.795772873567734,0.46707011705871776,-2.0666607717627117,-1.268559795803167,-0.23327423655776847,-0.0668312062522134,-0.05599771605460627,0.38385120626117814,0.3917397933486196,-0.781366253612881,1.131500300852215,0.7660774376057062,0.17952933396989793,0.6894852465240987,-0.7968738511328248,0.24671540498381556,0.3978721717286586,1.085784828071342,-1.0219139930368124,-0.1578368635438466,-0.4898777523526553,-0.05340212535124813,0.40243812177178256,0.11146504758612066,-0.35810404342700625,-0.7057945189174829,-0.9121851046788604,0.1334527987011299,-0.9832428912118514,0.7065900927795444,0.769907164584121,-0.18266498144054374,0.3221697351900806,-0.3781028440883129,-1.6803683669020408,0.5203985270631711,0.686998668812663,-0.029861543065168396,-1.3004152793929962,-0.728168670473059,-1.09690028877846,0.9930912477177442,-0.20320264274026914,0.5521300056722237,0.0527946743435769,-0.5268797167057173,-0.31306487350126244,0.1341425479938824,-0.28870316543409086,0.605244170623276,0.13754333610823566,-0.4808036123321297,-0.1977067226072475,-0.6552561205734446,1.409702836607148,-0.283551876991871,0.6570899243777188,0.8996329560612452,0.734279309269803,-0.08934549134061386,-0.1373969928496768,0.7398774693848772
4.470588235294118,-0.5357787621483083,-1.1087703902599215,-0.688722927550278,-0.2802295761828567,-2.022493987181728,0.21626791392426672,1.5087548848070773,0.46033049669057025,1.0456577495611643,-0.9245657758935204,0.15928894840317853,0.48245045093550487,1.7580359122208868,-0.2334546541590581,-0.06984662621050587,0.008766015217935727,0.5444950360748942,1.662273100606374,0.47053777714193096,-0.15682979993557394,0.3899285589881305,-2.504740483431508,0.25083741365797685,0.4365899783174264,0.06783148534425038,1.2991288289486387,0.970527926978236,0.049820058041550465,0.5411016494363988,-0.8015475670124619,1.5112186340933622,-0.2511830508826937,0.9699543689679541,-0.25982834872973704,0.20164384671806707,-1.1691573718221175,-0.27906489832732334,1.0834707811824562,-0.11869075497445947,2.325822759975856,1.0401608418755508,-1.3940570000680856,1.3203069580907338,-0.3396309159655941,0.6494458682142247,0.4421969435617991,-1.8209250952859886,1.1651913493429595,-0.12677247096007654,0.377935003351881,-0.7006843305054519,-2.187107933858395,-0.8103398267136711,-0.14404315722052963,-0.5188121748913156,-1.216225591516629,-0.3863115925740506,0.08008186387522778,0.18542811194241293,0.0521158157370634,0.5009415317348622,-1.6992944500319025,1.0674128686278799,-0.6517127093548304,-0.9419953663966858,0.1267062962354156,-1.145469367779609,-0.2345162190996117,-1.3375825980762963,-0.6837174470231664,0.33662539944137854,-0.1740949954352205,1.64971453524235,1.5780177113414486,0.5383246749605846,-0.30235681133177017,0.36186134322214925,1.2153226479560093,-0.2832510097769749,0.12183459889563532,2.1487914287894236,0.36453208989864583,-1.5759914179585892,1.479763805822607,-1.0715513420123068,-0.2528581623369717,-0.79208252567783,-1.5611714818853737,0.8014803248425453,-0.9571525977150068,0.6864632523082825,0.06352438336631658,-0.5030327826455778,-0.7375097714650399,-0.2960079407514581,0.42140846819009026,0.6821467625940124,-0.3557031948738586,-0.7193694723306028,0.9919848228622595,0.503082485200449,-0.8103504558817748,0.10567930702239643,3.1928253675223965,-0.3904946790723468,0.16492209063888838,-0.2657577589838782,0.650382219261448,1.421952892680335,-0.10974892669014569,0.8118523695977291,0.9676636922603529,0.6149318305069928,0.37732904402791506,-0.7855075838209178,-0.3172843058995304,0.8081556410424658,-0.11571012695990669,-0.4795454449557755,-0.0693675715293445,1.001209522756274,-1.7215729259574746,0.5751213048805803,0.1580043571546414,-0.2968242872114662,0.6214857030093234,0.7698749563731394,-0.34795226747743624,1.0091701288926958,1.4628146061599805,1.2055980923467904,-1.9739562570031042,0.19748195829690016,0.6448252354130185,0.2383984374151362,-0.4585934724710693,0.4704436066536191,0.8376983805888798,-0.3895012385776197,-1.0315833087421569,-0.4048321394225388,0.6455679935758128,1.285090521672905,-0.8215623994137862,0.9983040440426919,-1.0671336508739455,1.118271464662572,0.5119375202542992,1.3953400030611074,0.7606284344431515,-0.6250395865383653,-2.794726985858096,0.6681502051340222,-0.3531320644848572,1.0952219436563293,-0.6195407276972925,0.20448795094562094,0.1272265840064421,0.8082324221174936,1.1662365631437503
4.4941176470588236,6.015595558876058e-05,0.8791501676019167,0.5040906657662104,0.7394442785494493,1.0641617617632928,-1.5581971750571546,0.5053046394403142,-0.964059531256294,-0.21432084653207434,1.582777664379495,0.9828292712055633,1.0101302136172063,0.8900523433749207,-1.2418942681435186,0.5151435541078947,-0.31277777467646256,-0.939866554353542,-0.6346736389218254,0.19632195468678582,0.026671823738431903,-1.2039919193762312,1.760604373835703,0.8294758996394007,-0.3666662819811371,-2.42311911945763,-1.017581564355245,-0.4005717271702003,-2.0879347770714647,-0.868376911519068,1.0029110973841238,0.9301009438195112,0.5475595527250267,-0.8377866785050011,-0.44673948068625396,0.11418572444270092,-1.2636769410530393,0.4150410178631285,-1.03807949314103,0.8759609680573194,0.09313370111116168,-1.501486657430961,0.648483973315732,0.004778328135910357,-0.5598871162083827,-0.7578844313094865,0.2611209050377208,0.24879597770217265,0.3408803429490666,-0.6636722915103198,0.9257653852016104,-1.446162967632838,-0.01634325839999284,-0.6108146686432668,0.07982634197672582,-1.1938199710271502,0.20815886033023784,1.4474373409525476,0.34962370940410037,0.4288945707126222,-1.789171833186986,-0.3109364827278343,0.6022641024102786,0.12140774018956743,0.897359533968969,0.5094489297732582,0.24943335330566624,0.6843340918389942,-0.6536429259068316,-0.6530809185788268,1.0820084162994776,1.6181802909444647,-0.36025864410897984,-0.02647395806626281,0.3006863434338786,-0.521474743988378,-0.573468628989428,0.5900546316450689,-0.500306694771953,0.25720088186657564,-1.3073394135380898,-0.30031522531452765,-0.48744411437316015,0.19074666947018695,1.0391616780083264,-0.8454021725137653,1.2084162909726586,-0.35240938189730414,0.05056460820773383,0.0662662257722396,0.5104561057817538,0.5173116789912533,-0.521104701844053,0.1555191165164938,-0.08881990981113337,0.0010996171251879386,0.31270242414293575,-0.5947378625974856,-0.4129405246029772,0.4098682733459091,0.6808968124003889,0.9513994514949631,-0.39630260499929154,-1.9077337240835015,0.738733465125252,1.416545312213607,0.8695905576323001,-0.3437990871649298,2.2417393363324214,-0.7597299783350241,0.7283720512234196,0.3310415327541195,-1.2641385517136714,-0.061994032835276686,-1.2284300310540022,-1.3968437531325506,-0.27989936048190134,0.5422160221323173,-1.4915356305437804,0.2197107921840031,1.1868558344164406,-0.5222037319313088,-0.21081168770933417,1.5232284073725308,-0.07590529778499257,-0.04650286933098951,0.09120042990596818,-0.6495910306944341,-0.04355646280897879,0.143568134396292,-0.33365191769789593,-0.6516581666569828,0.9066930967035853,-0.11325154881102222,0.6375716304872088,0.8030395078992483,-1.00326435934957,-0.2619441306850337,-0.07523326591493273,0.2175454177422403,-0.39067720495837516,-0.9996943435679608,-0.862474245523018,-1.3755199790333597,0.03500716477667948,-1.116570753294543,-0.7719232458569188,1.1585399605467457,1.051260929210358,-1.5828253515609747,-0.3009736126966241,-0.1430866320547125,1.2654102488877117,0.7302927756943606,0.7747055714168096,-0.3982832253379651,-0.2567289125362589,0.3536386942828441,0.012848105628854148,-0.6114040157565817,0.5057767600484525
4.517647058823529,-1.2008147737027985,1.316290705945534,-2.8021673134894227,0.12452965539468679,0.15471500523329104,0.9467567447908183,-1.2969301049220094,-0.08762791379302068,-0.09364461189788333,-1.155810673975065,0.8062047872267672,-0.25046670616003985,0.5077744622394494,-1.3314884939139293,0.29664339014336016,-1.4608064857044847,1.2770114033830149,0.04996390617775596,-0.4444165120731227,0.5761520694635544,1.0818334921414472,-0.35940076473455645,0.8412179526824868,0.5362117974215683,-1.7394356321945852,0.743341543842884,0.4349034554222373,0.5437033282781553,0.47329881297521237,0.911859739946293,1.1358831188675846,0.4459226485421037,-0.20169670679075685,0.027341977335495614,0.39207016095348024,-0.584868833536374,2.1326054766841605,0.38879370067960406,-0.06604495197352868,1.201244538012268,-1.151899776315413,-0.7981252718678459,0.8862875946969131,-0.4382972787234835,2.718097714506757,-0.02401531680572592,-0.42375740783614235,-1.7373336832468445,0.15192571273573757,0.8347275052794719,-0.722387845904226,-0.8081531242419562,-0.5636711154583915,0.43747151335655443,1.2950095684721945,-0.05360376348866559,0.5940744530935053,0.6400053705995309,-0.2899535957174271,-0.3926279899023866,0.4205629253460571,-0.19422361438330163,0.47801327536529475,-0.0986084872830926,-0.29979138144778217,0.5227069545816725,0.32685586194125255,0.04227637000832758,-0.7453932735960284,0.2027904615876237,0.7035571931858858,0.09289545920775857,-1.196048667109025,0.043400095021251535,-0.7371781344277218,0.12179018164735524,-0.37374101687071687,0.5983232447291396,-1.1005842007753024,0.19506423952193055,0.004686887533596047,-1.0093902096875107,0.7266267807304321,0.07927124620723003,-0.2379619597351675,0.06983478556951503,-0.8710028804974072,-0.02560036693155206,-0.0349850239479465,-1.9814165560480297,-0.42901621967071885,-0.2939587571006701,-0.7588365270365569,0.46167966768611657,-0.14444800171435745,0.10549540408613285,-1.0733248340055863,0.6301376370361257,-0.11873707526447859,-2.1285672730640113,1.1180371082799594,-0.06378283386350007,0.3703123530727864,-0.6865489861937755,-0.18963047755401916,-0.803940752268287,0.029818648885842916,0.019578409326296384,0.41649246108070054,-0.9920546251220907,-0.5708648015232846,-0.046975295797143886,-0.768640079842719,1.6633635373063864,0.4514378328604077,-0.6128655081341393,-0.7194431997157212,0.10189801194531525,0.11156642256853089,-1.5059551813590657,-0.32147039065130584,0.08206436663773581,1.291377132914876,1.1184337073028883,-1.5865965026716753,-0.44832510609801723,-0.3831263697255554,0.010966957993794876,-0.16695961408520757,0.012142257697183474,-0.9930860894063541,-0.9828134809610009,-0.07704571836024167,1.4157043884485236,3.1531067474306327,-1.110307622388772,-0.31181437895817854,-0.25630980868615144,-0.07937557480002841,-0.5288513605055435,-0.1730333114685854,0.3409490469004802,0.4423669035209114,1.0879332943980922,0.5299753944585623,0.25167903821202114,-0.019086032982169956,-0.03740220788848157,-0.5048890023657207,1.9273857757777555,-1.3837271737808616,1.4858121636225343,0.18536831435081086,-0.18316169028781965,-0.8200827560410394,-0.995843108812344,0.30855051736672784,-0.8681669662180339,-0.8737909616608308,-0.48373046567651157
4.541176470588235,-0.47169244191361515,-0.2007522300728329,-0.15595304333152865,0.8298740631324748,0.7623920599376335,-0.7300190751888038,0.5428217909868974,-0.8599398524309797,-0.8333368312738633,-0.049127996412511116,-0.7994810195606984,0.9588906733537438,-0.13146794078571966,-1.3540424695948208,0.4440441715991866,-0.31221019598348787,1.4540806957690966,-0.12254114703512477,0.15968006750940633,1.0309691900562477,1.204354535218471,0.20716245267463929,-0.6110961828888709,-0.289320732551409,0.0854830564853992,0.9388746021855463,0.01091758241573306,-0.17362405474703255,0.6642571351075923,0.3082707138437055,0.4809014748199161,-0.21452019544121867,0.14042772272234608,-0.20025851874035405,-1.1050024194660653,0.5581970612387593,-0.7156841391170127,0.5129735783544301,0.4618504555697612,-0.8473225368058305,0.09712238443169387,0.12090144022115469,-0.12748423946935292,-0.7182356918612232,-0.9384502063511745,0.24538133001984064,0.4252742183347115,-0.7334148496569544,0.8399576372413126,0.2956264485862063,0.30520288521447897,-0.03888368113649875,-1.0507254071815921,0.2080760410353625,0.380702783643443,-0.2874709690805849,0.1802647447535666,0.11736939604179487,1.298180847971079,-0.08271532807922619,1.9247840432962269,-0.0064085891770734975,0.1319449492370349,-0.2702247661855334,-0.8813531862680962,-0.6175591518366104,-0.02062515065573919,-1.199049415663586,0.3657363162629075,-0.018705779290266653,0.46872736950158905,-1.0675185647139143,0.7942180210623107,-0.05337924844657371,1.9005244539373738,-1.0730397649113699,-1.0718894526190044,-0.4356904675658142,1.449255755173823,-0.1719972301664455,-0.30683892455841694,-0.5932548253286828,0.6150838948878432,-0.04787659124080953,0.1875399382940049,-1.204928144582059,0.5502363049552017,-0.4030473098013705,-0.4903017984088399,0.14331530774156542,-1.0218964585646182,-0.7762801637382732,0.07424340650156407,0.7487493752207418,-0.5849550654920442,-0.33445913968442564,-1.223442207630038,0.9547185767059057,1.6575584445010656,1.0350593769510783,-0.3160493242056078,-0.3134841391195578,-0.6747348967490735,-1.9086312285095968,0.07295639711565359,-1.1779236806224131,0.6832960731322347,-0.36833106516341585,-0.08367075766259656,-0.15733733801055344,-0.2317179130545173,-0.23472361331143532,-0.27147339366544926,0.12101606694749664,-0.20185046684869418,-0.5403202062304183,-0.4816370732174449,-0.1649698901750857,-1.8731583630007675,-1.1269493279182776,0.9332607091054557,-0.08107338618649693,-0.046922601367030296,-0.00452345789339283,-1.2852750662255605,0.7911310709079539,0.9823805900484746,-0.08323192127420156,0.01984224641688285,-0.1259521560614924,-1.0866079338733847,0.2993661690090992,-1.1620086546245694,0.7371074587758387,-0.027080062717522342,0.3757578505151993,0.17810233175090565,0.3799351729241942,0.26572525318953033,-0.05294365247632762,0.6217119997822453,-0.11709251785666229,-0.23826172687546313,-0.37439113129645063,1.467091642461699,0.511599033967569,1.9430226536130726,-0.002840154075574639,0.739024173057682,-0.3704288022153677,-0.3758137518137022,0.6302692701112946,-0.14035762643893257,-0.42848228733387417,-0.5945213869191464,-0.6355031802523388,-2.236727727478466,0.3002463008498655,0.17919830003470738,1.0492287515990977
4.564705882352941,-0.905264966480672,-0.9886823855388438,0.49861942318092656,-0.40424821466761046,-0.6251360553675476,-0.640466705781313,0.5261093952966003,-1.3180539450522384,1.4175479774155104,-0.21320002183863068,0.9005665402289502,0.8569295090698507,1.8484679882376667,1.1643764633436766,0.18319778361700095,-0.835519784908946,-0.30745215875850485,-0.9297543498825473,-0.3093538506263427,-0.6784451932765139,1.102392303573599,0.5614620076290924,-0.3091046886477539,-1.481605000978835,-0.06300087831107412,0.34808361861031833,1.0661112893382543,-0.15164620487932096,0.5841917406441854,-0.03225283917638535,-0.4023977375562357,-0.08352815092792733,0.17130669532932644,-0.2163260254005677,1.191463444105677,0.7365270219806953,-0.021263469190504664,0.48768793796704357,0.5715976582877154,-0.49050850007065483,-0.10303573453503842,0.5292119795300173,0.8753495802499669,0.2815859778297516,1.4710755014829047,-1.6145617538622024,-0.531102071637774,0.3059751843079809,0.6893719100587227,-0.013366738096469771,0.8279498342491312,-0.9689733167939445,-0.9811559153239311,-0.64497958284813,-0.43300849569260996,0.8017926493737982,0.72949528434444,1.1278906808573284,-0.008570220504938867,0.3880586893503161,-0.21518105134181903,0.8445935962794081,-0.5740746698651726,1.3171872496029444,0.3273865774470612,0.6801714493956253,-1.430632123900505,0.6795546636058445,-0.32854572329738996,0.6903111502367347,0.2536066780891719,-1.052587076570076,-0.10634081393762497,-0.82501410527244,-0.7923260672139866,-0.11870136979544528,0.2668093212286245,-1.1684558902516184,-1.2220148522681011,-0.3803249707999619,1.8630241285125326,-0.18594059746793073,0.3675529025645528,0.8056255135452085,0.7235984995174732,1.8503343291711416,-0.7598293676651781,-0.35161713594187155,0.30767173913568074,0.613514452041873,-0.7851894676271683,2.941325315890686,-1.0862271650858413,0.008769166052688604,-0.5894578658157691,-0.20793170749644563,-1.1825611202906468,-1.7432603323043214,-0.7324390173605644,0.3022835218743783,-0.6273899201981582,-0.40865491120881847,0.9266247157256218,-0.3793157288807031,-0.19082438263914375,-0.7756897699324086,1.104341194527145,-2.574501510052989,-1.0985192788238463,-1.3298176233863144,-0.02582704870635362,-0.6826377367378355,-2.5341091743689383,0.09237951644589235,1.4712899676075228,-0.005653067003368172,-0.23727685795643955,-0.1389903971650372,1.3331521603687981,-0.24744358511754855,0.7094985958928018,0.6243967334765884,1.7536594366645577,-1.0928278450475164,0.29011761101356853,0.6229079387390049,1.1205112917215547,-0.2997211485262466,0.03817442574432454,0.493541866439661,0.3184815914508993,-0.7216293002157134,-0.7491877948070151,1.4439649589618095,-1.0405467458639168,0.03560643098641075,-0.28918505398653493,0.43985384030188973,0.09046200898422851,0.7693228818858704,1.0584079048046937,0.150007832357415,0.31940984984907966,1.5103730400743707,0.42171242479752385,0.5228135738915684,1.6018791296428714,-0.309845844646879,0.9768995223462563,-0.1224534512759898,0.4718348789101661,0.7256267565910549,-1.1887779109973253,-0.7358517848978532,-0.21133651543797288,-0.503648487294465,-0.3893925726270758,1.5716114331872069,-0.3667821026858103,-0.3796633315938322
4.588235294117647,-0.005090133849448509,-1.5218275764410154,-0.5627194834405251,0.9643675165107072,0.35456983452252555,-0.6163033344691299,-0.19007606434445387,-0.4586990558378375,0.5776351576267129,-1.34857826176906,0.7980526035736891,-1.0348306452682416,0.44648879088163235,0.12377725440776928,-0.07571223576913819,0.7110166274177113,-0.2013141636586857,0.6522467752911162,-0.8593719203822782,-0.15603021916085452,0.6386840928904812,-0.7492037414991495,-0.9291360687427325,-0.4581497134939702,0.5201035919320919,0.2994820515000604,-0.03588597585837963,-0.5650608884772714,-1.140797007625338,0.6726116319875806,-0.24995037255686162,1.9592788025164514,0.6046193477399846,-0.41033782768974103,0.6601804186659843,1.6348943396282287,0.17149455317625442,0.950138430909752,1.7668854265219986,0.5969325168585952,0.2528794056898643,-1.4325024736338832,0.5582255979573676,1.77051405490494,-0.20959808808545463,1.0395630488625203,0.204729995334842,-0.42729482659917295,-1.7550302939020554,0.05722846454506044,-0.2344738392491474,0.4302565432479686,-0.42560018176022446,0.3354628030094184,0.6968409103503188,0.47118645713504437,-0.030550828977201596,-0.42327976960183405,-1.0294653382917287,-0.31012193375375147,-0.2611145198668138,-0.010002205425318758,-0.05771127083489821,1.0432311461355124,1.2685958145644334,0.8728824394396786,0.1560947274076163,0.4321999208300173,1.2969550276810264,-0.3016076870006997,-0.2295843214225059,-0.4797799298749002,-1.3417940580150718,0.16529025515491433,-0.7223147862630079,0.5173105367907013,1.0896804055800116,0.09107871177489225,0.7869656407911474,0.10909454330275767,-0.6234043349895984,-0.7110990255718167,-0.6764809580511943,0.30422292965482495,-0.15945861216396642,-1.1697689755918848,1.4727629959983368,0.4905348478600064,1.3587244947339534,0.15104168767132659,0.37965554501020904,-0.5756485226645398,0.012056595589398663,0.30021097185194895,-0.9643326716928265,0.6692630702426529,-0.5407769368912969,-0.9239594851580026,0.1819937519954373,-1.0412073903702954,0.9459588943675293,-0.7519612763439034,0.9054765174361252,-0.8585141654516607,1.9845036145941946,-0.6567315329696369,-2.0839603169888217,0.584659073482807,1.3448027858557041,0.8536792816269476,-0.28074493896886227,0.19436938421816077,-1.5004992472509437,0.13586441131400712,-0.8760051307252702,1.1410133333627837,-1.1200364103848925,0.6035269474725635,0.3558176952370313,-0.7330265250709739,-1.0118520425011446,1.2466010054968835,1.2360017545333277,0.3207449933073618,-1.4320055287009417,0.002225784413015861,0.5646055417743409,1.1457875807301567,-0.7562343190763446,0.7564573533535248,-0.23872217624454004,-0.08468560832958638,-0.18387048986361632,-0.6384404744469521,-0.890156468609735,-1.6781057839207096,-0.36734830316636213,0.4115089916775277,0.5057627192324997,-0.5609393149844624,-1.1533856339099784,-0.1698532709198223,-1.23500810513364,2.8855596785426467,-1.883082309172563,0.3884306817878255,-0.8421169310179047,0.2295925787655092,1.3765187150409095,0.6352666702674364,0.6118401125093301,-1.0104366185403315,0.88198989100703,0.1465022118512228,0.06927263892813826,-1.2075998814238926,0.5137984520484182,-0.9883933602440621,-1.04577251112886,-0.20290081738687035
4.6117647058823525,1.4814334868827048,0.2919014646104063,0.021902443196488246,0.7451660976712607,0.23205068321288488,-0.6189046325216461,0.809154834125704,0.3639601164023079,-0.1435625266526496,-0.5517208468054995,-0.28044572117389877,1.6373238391106306,1.0735795789626221,1.745362273572487,0.8167314749085214,-0.8552226254486863,0.4692717589933145,1.4842408931237077,-0.21424523239195153,-0.4949862872234282,1.2212891033230657,0.44456503490262916,-1.1978706737840612,-0.3214397765703945,-0.26354531319173696,-0.3289536156063835,-0.6434415223904839,2.3332994480566116,-0.43424908126083955,0.2808519511613805,0.1411716739104194,-0.46380081332685613,0.39372923768279344,-0.4578615719962178,-0.6725861251588148,0.7988028293402438,-0.8001608624630879,0.42512388573391635,1.2642836564884339,-0.5340605298924335,-0.07050768857862379,-0.8983381335786224,0.6382303739061643,-0.684347364536373,0.2816636703657225,1.2387920541109658,-0.6466871849555292,-0.0008759867256614075,-0.7307686087653187,0.48224104063079365,0.936907994583146,1.8666746251094355,-0.13941352863352677,0.005593816953377419,0.5743408235585368,-0.5933524258169516,-0.24809308337411254,0.5375907225169445,-0.8829237881113968,0.4169234053989798,-0.5963725703802513,-1.6825125922827957,-0.24357002782887455,-0.08497918841043077,-1.1490253171569964,0.12811130625496492,-0.255794084429769,0.2822658969271034,1.7602138850212952,0.778890245314785,-0.3477673415875504,-0.2778115742869935,1.1404371560069189,-0.6557342032220037,-0.7396172327728344,-1.2402142108119236,0.7783869749781823,0.5120053397564528,0.299090488808517,-0.553186574938555,2.022332031722647,-0.36348363805909384,-0.4436416561553265,-0.21302375977813562,0.11192811012972259,-1.5963656400851864,-0.07029679286191487,0.8911572608868719,0.17307654740060627,-1.2584835444902467,-0.2091002045952405,1.1578979786455257,-0.5056857616654489,-1.1010137866678382,0.5889127066595196,0.16383925244233818,0.2850050682743712,0.35831883434857437,0.20866316686823985,-0.040371026277711594,1.275165834396356,-0.3123903815571465,-0.5317037806586126,-0.2529803274661685,0.04416933266594107,0.6286698561122903,0.5714702295694647,-1.0571699083588282,-1.2449142300871976,0.940511299987738,-0.44458175886573464,0.5778440704215708,0.7233523604656893,-0.5025825932944988,0.7763918680151193,-0.5282907673032717,0.775993326728815,0.7533647445678193,-2.022602794951126,-0.7663736448897268,0.14014432465895815,0.5491772725903147,0.5570398409169942,-0.5512482413240583,-0.09385310911830164,-1.7341020866039405,-0.02924446093504251,0.5907101828156752,-1.0360644790675788,-1.1204477801263608,-1.4346889840156352,-0.8661398480733048,-1.3577911411545787,0.5757091023325999,0.9449821272352487,-0.20605213740302056,0.14182322513064585,0.10597426901898507,1.6421626123552724,-1.3852059034546675,-1.1427885045606356,0.5576044797058685,-0.6512650338316665,-0.15507449990431246,0.2525362902702941,-1.5863454777864479,-1.1336698005637977,0.8908032641397878,0.8459634987224574,-1.056013262837292,0.908999897364905,0.4352279293070343,0.5196724684967772,-0.6665249662491017,-1.1926845927200562,0.9207670672777518,-0.6045757608273215,-0.24195864114083632,-0.38950187879949394,-2.088441625504612
4.635294117647058,-0.89568465495005,0.7373576956372458,1.8144421518653924,0.17909038983817577,0.1513101316659652,-0.028403111253767908,-0.22947418785326845,0.30666361380309376,-1.1226892107962245,1.7848779707309856,-0.35909226643693964,1.9848054784847664,-0.6707012390110842,-0.16105700530959208,-0.5700600137696188,0.12974121681791012,0.10125834153430172,0.018893874051176648,-1.121634301626839,0.08851910532121836,0.2258804058356489,-0.24314148660309245,-1.0998586109350663,0.22157496397947934,-2.25144291208158,1.1834802560551947,0.6190299042301095,0.12790941909138248,-0.20298861303802257,-0.292466810161783,-2.01609935481776,-1.4949493037063846,0.9046296724563055,0.24906372011144645,-1.0321014310187369,0.06601770114195042,-0.6966989631143885,-0.18360634000466225,-0.5458851916912133,-0.4843206905430937,-0.0070716123362401994,1.063532359384765,-0.1389455814903539,-0.22895940147862853,-0.08941942590859625,0.4196338517889218,1.540051935783201,0.03575438740413916,0.8482975164841258,0.42205580300628737,-0.5709697305090756,0.5564773900346012,-0.35302597405320685,-0.42506462892871866,-0.6061680232696541,0.12913513751192124,-0.4086375950389289,0.203020530053733,-0.3916687408758449,0.16686390069090043,0.24190059589219665,-0.15647281392437862,-0.029988066709888437,-0.2783051152200657,-0.15984881633729967,1.0058388118148696,-0.23556350557717917,-0.8677487008068056,0.00972940693379637,-0.6136343530744873,0.9983751416692742,0.22511188543976707,0.11273717209377448,-0.253260537286042,0.186244696318054,-0.06023116387001309,0.37175404208222845,0.7289091709125323,1.948828671872854,-1.2060532312051173,-0.2540590093326931,-1.7330772421467593,-0.4883560326668065,1.9614645474068262,-0.2069840422947111,0.8741976829055211,-1.1819134383503906,1.2748096218805165,0.32360317791529825,1.4126493739899901,0.13816978336408148,-0.021282830418520183,0.20318599431598794,-0.4145483336503527,0.9547588616856929,0.5055820169107705,0.035213599256940106,-0.2913396403739102,-0.10039609216708408,1.6051280823849576,0.13714460278281734,-0.4779288661739431,0.48879096036215447,-0.8885174967884456,-0.9715773665645012,0.22584148654747102,-1.0166620376887887,-1.9594424774995962,0.28482541118981575,-1.824692947594733,-0.6493552255303787,-0.867591263660969,0.12338169307268423,-0.026618033194235984,-0.1933019938879213,0.5827535702500373,-0.5332014032224506,-1.2833305486653477,0.010326605421913262,-1.1841863925111078,-0.7720974890575995,-0.08710296941820775,0.3245071902668434,-0.5143518812572556,-1.0974481415144772,-0.2048451979906971,0.8991546964924356,-1.158992580354729,-0.5652403699660016,-0.05272289575471672,1.2816154977592404,-0.35373288009506193,-0.8498464287654357,1.266261884778897,0.5460809446324439,1.0881575817793654,-0.805531595230659,0.10340669969416293,-0.4973996351314828,0.42932327823679656,1.3254153720409492,-0.21480241631166724,-0.4679559269855978,-0.8451604012607998,1.1120125222773367,-1.7303309248388643,-0.7181716551157851,0.0927359377409228,0.5913913871743518,0.08138404486620768,-0.3559724748475187,-0.3701958062763839,1.5132027941696795,1.0683616284913813,-0.7694925343552054,0.3311591019630324,1.3753381488420753,-0.10556046188973707,-0.49749776960902464,-0.6814571753954941
4.658823529411765,0.5992073667666753,0.9057721411860078,1.4145280604717019,0.6688110881211462,0.085776044393866,-0.09161225065548864,0.6899801283260195,0.7203349064522464,0.6100679077915614,0.48555353631900605,0.6026148804306958,1.5044108645249115,-0.0012319720794924883,0.9687568075454007,-1.5254133991895749,0.14261126086106996,-0.06717115433523786,-0.1629422267794235,-1.1098075192310601,-0.48118749869419725,1.3483376518289163,0.39834125468503645,0.3615763167474852,-0.33589738476656433,-0.8902756418920876,0.18133400276862147,-0.5444426424894732,-1.7331152513346961,-0.015206847044397426,1.8366742339403255,0.6430392088121636,-0.20657039819041695,1.2390145100880277,-0.2808954272457874,1.8690463634148022,1.7929724414478347,0.18270768939950305,-0.21040726169131738,-0.44336570026567207,1.014591593861619,0.2526870319000922,0.034853970406150916,0.2559687811591503,-0.04980324364169335,0.8719030412100739,-0.43213151890886436,1.3761464185742895,-0.9011923718525254,-1.2122546793356999,-0.2534820753857213,1.3354344027347895,-1.0588512098922627,-0.8896185984512804,-0.3861562956414704,-0.7863546802692857,1.9742682489882704,1.2228652931966397,-0.9241025964288696,-0.03478542561208943,1.1515851026370176,-1.1147816077854271,-1.05968552258172,0.8213718572141622,0.295902292372361,-0.5177585174968704,-0.4181884249600184,0.350055315945659,-0.25415158823960277,0.7647469866376102,-0.6600880959702746,0.33583579449956663,0.47411170166477606,0.2947649885064536,-0.2955623549573717,0.48451515184216676,1.6992326515226825,0.10771529843226345,-1.1455573136023935,-0.3172855328525162,0.10442441265848204,-0.34115794212983785,0.589837901789501,-0.29284286118575137,-1.0207129118793192,0.8742750993547351,-0.4665271479873298,-1.0776998228776378,-0.06728345730670345,-0.8186670448248026,-1.084355345603109,-0.008791108207583637,-0.9158831813531292,-0.7944652880086414,-0.27843247939944743,-1.6203163496825457,-0.4189105928241149,-1.5931320018265749,0.14577937897686563,-1.257483800514537,1.9169929140280753,1.277038924741682,0.09184986774306564,0.2117466793206413,0.4121278063269036,1.3309048096514753,0.7129956150425664,-0.6414142990002795,0.5811842714382878,0.1353471757132175,-0.1329230974052485,-1.030216718460603,-1.4278084621616787,-0.45183545660490826,0.8055825001778111,-0.5620141432847643,1.9594713203761043,-0.4565120477377685,0.20129889541820156,-0.13574217297380436,1.7237283299993482,-0.8137202908354383,0.46464454141814326,-0.28286708387277304,-0.4854870253913895,0.950043446969366,0.3701713021821387,-0.0758092264175206,0.5075768042879604,0.9284739330487551,-0.7355157228935723,0.72210936265925,0.4749244685996637,-0.8394868261496276,0.06213382954408434,-0.5301557367015982,-0.5711594702871433,-1.1322414249470478,0.36230131555985406,0.7023584550198091,0.9232089419835978,-0.5763499193555713,0.5422713292383512,-0.8577865855909812,-1.2691001886538338,-0.8004874332092302,0.5198702473543796,-0.797151053905929,-0.26092340655295193,0.4678856921492196,-1.8436984584735547,-0.023216384609160264,2.008146026172335,-0.6346601519303611,-0.6275444001464014,0.9258199322790494,-0.48011513610488943,0.060037526174313835,0.9386952458472929,0.3546082167084909,0.2668652711226177
4.682352941176471,-0.7748858570861541,1.2895014580341522,1.7999125479575253,-1.3572271209014415,-0.3861364925761162,-0.6846078092699512,0.03474224241186136,-0.26686748303326424,0.3002302826510684,-0.2529501603871468,0.11492782461128537,0.302839099389534,-1.0987112347215948,-0.8967996215549726,0.00676318519852809,1.1372592689940964,1.1524399748113971,-0.11534887070610912,-0.36197309296125685,-0.8871396988651938,0.6297527835318392,0.6912183357277736,-0.851876324885671,-0.5641924411118936,1.546184574100169,-0.721121339230833,0.30723880104492424,0.7082786133127433,-0.897574450772095,1.792019700625408,0.2290383855839751,0.8772345037315978,-0.27822674531515973,0.6545234068148384,-0.289093707038149,-0.8204665304910607,1.0241114108292566,-0.03557127781173672,-1.316957396392205,-2.500131236504776,0.6091146240121089,-0.592485729450008,1.4041552047173662,0.10733293585599243,0.5185649736096497,-0.6054627113828384,0.20883735383162175,1.4243900755956815,-1.6258331826928545,0.03049003129424996,0.2152318997206334,-0.0621939884482707,-0.13525962560989557,-0.11634082386587956,-0.273972234662062,0.19224954903439545,-1.0853080738198138,0.47945633640584184,-0.2325465417591627,1.1574464818543466,1.7361407683784245,-0.038878711734348044,0.6777165724745668,1.6922721690304126,-0.31774630773275486,0.9867413622357314,0.30920647490686093,0.2690696348780257,-0.09225783278656763,0.5065842885990081,0.9625651350401841,-0.005931220870515117,1.5801823278255975,-0.8015180210723573,-0.05849773672250634,0.5027701615206618,-1.243055192417521,-0.3372489402955919,0.42489398823042535,-0.8657828602393637,-0.07215523682543686,-1.295713283916343,-0.611912020276786,-0.14527295814377741,0.591430657068072,0.47917579874172717,0.7448321299323374,-0.8402719648146391,-1.3482171904052085,0.14326194322449526,0.581379678535264,1.2211215025984214,1.2961237624207835,-0.8183337415999784,-1.62058501424193,1.0808764321067477,0.520805524625888,0.318444196459397,-1.0218844315456141,-0.03729920941479442,1.4680003326112814,-1.0546187275251608,0.37180329255321914,0.8652508850792577,-0.2027538247208078,0.3054069537508654,0.270137669114833,-0.05807659280357218,0.8915185162695802,-0.18478541153140024,0.17254170166765762,-0.3319296365864522,0.9911146498008646,-0.4078259412242893,-1.1638180831428797,-1.1416575847510906,0.2084783206680445,0.471390918475788,1.1899157019436097,-0.010189494648202487,0.5296612405834807,-0.8883649923155101,0.02682761282142486,0.5779220702691644,0.5119332380661481,-0.09179769164390436,-0.4162633260270095,-0.13102602790492546,0.9969278600861271,0.8174424161531753,0.2719744186491083,-0.12320437834686844,-1.3806636489066921,0.4927619076213293,0.3630395606839797,-0.4367697630606147,-0.43084871002470776,-0.8292129029857161,0.9987526637843335,-0.1325681944878421,-0.09919349096029567,0.49773460161459,-1.5373905317146221,0.3239959414814984,-1.904999036287783,0.6922515600032297,-0.5544787165824141,-0.4631224823393743,0.3326314358472016,1.577530575234394,0.9149035522926848,0.6498248637210494,-1.1204438720305616,-1.2985907703409094,-1.7577380729110987,0.760285951058439,-0.10537616893718982,-0.5707917937066883,-0.012866416663005423,-0.4676643342658029
4.705882352941177,0.06752315238321094,-1.0060772369413873,-0.04251108814196133,-0.06288545952192988,-0.6535354566254419,-1.0384442698668954,0.25674986849143894,-0.4668651474650793,0.3282042714886349,1.4754483405728138,0.15192081970139212,0.5201473374153945,-0.983312478545128,-0.8895866898249274,-0.2505015108129664,-0.6919694699930434,0.5053041997429807,-0.44737505950362916,0.320636627488028,0.05226821213918886,0.7867467043235037,-0.7332054694712223,0.8884693048363975,0.43235800292074306,-1.6668993889820132,0.8152552551987863,0.2023227861695726,-0.5094653346330664,1.571579319300168,1.0159598878780292,0.9370298461929655,-0.3042306896349644,-1.1752314262225934,-1.253166035994814,0.3387974079816523,1.19159232623284,0.903047339658814,-0.4237037500615718,1.2478534053174972,0.5759298445811513,0.19160236197088906,-0.8111424077032521,-0.9114729784234844,-0.7135359114230289,1.1823773261053714,0.15140411056494527,-0.3379874003548436,0.02994486050767125,-0.7824428015625688,-0.4535700570436784,-0.6565125116437969,-1.0930523573581683,-1.6537656127301443,-1.0133466016684276,-1.6185014152558528,0.22301671459654757,1.966290620862765,0.10330061944150878,0.6775391033794361,-0.10987888176865808,0.4476193374968781,-0.2981087804765709,0.6252038357142664,1.9015611531793621,-0.8146611871905329,0.9491076895748447,0.5727234377435007,0.703940910147423,-0.021389990390291318,-1.9557038228844343,-0.7618280687344172,-0.5100999049192995,-0.2718314781498071,0.29589155633499686,-1.8325875610511522,0.3617621151273702,0.2088200064398704,0.18878887582384826,0.847753401901496,-0.1060162519510873,1.1278417534275362,-0.004287853704544262,0.5025172591251688,0.7199377329606862,1.0304672353148348,0.7555218232247987,-1.4330786004924758,0.14789751083730107,2.0672134520807743,-1.171319648603112,-0.15335517882343666,1.1052974287104822,0.7319792195834297,0.516159373455501,0.7216025459733878,0.7509877934148462,0.26096162943982065,-0.46208384925290213,1.3597399781171007,0.7880052753215777,-0.5741161360397747,0.17874671309688914,-0.13751791839789504,-0.20000152202782007,-0.8131154839715599,0.8013723001035438,0.6001139965030912,0.008381860824000031,-0.8947796980065793,0.45263879629308873,0.7626864962428865,0.43120752813488933,-0.8648163482170884,-1.4100440112674102,1.4116337955370686,-1.2508363700668048,-0.9356179876094165,-0.2271196962111773,-1.2391019666989467,-0.4974541286197928,-0.4611172688737517,0.1684141231938188,1.614236026697003,0.42432435639468224,0.09896523942696689,-1.0267972525795577,-0.29038415499535924,-1.3001945547864149,1.3122946134137525,-0.5771494322835364,0.7916956762946945,0.18374872807156467,-0.5698597080579532,0.27090916903942075,0.5832971731936291,0.8419250258174822,0.8245101503942119,-0.7956722670997903,0.777195245938574,-0.4829561132033148,-0.6729771890850441,0.4437488868908077,0.3617948227941255,-0.6431770996562266,1.0660732185196444,-0.8274263840399488,0.4954685621913053,-0.6591496004080809,-0.6956280398015109,1.4050795670530136,-0.013052219186925841,-1.0308813468147127,0.6536299390022076,0.38739475338806134,-0.16965860719432463,0.00955752814419484,0.36387051759901257,0.5470679258943009,0.17201831716399882,-0.24945580773896284
4.729411764705882,-0.5777594450703883,-0.5305020841659699,-0.7009049508621118,0.15063995985192194,-0.07911592554177929,-1.4820224799343331,-0.0010326113461775284,-0.07481820191509009,0.008361495349618329,0.4329247331244746,-0.17180384276351268,0.010842912289354188,-0.01979391064724117,0.30698334599374927,-0.2391882266603065,0.10160901918955421,-0.07452714998405768,1.206235605826699,-1.0073637221972103,1.0974947809120303,0.5118978531964354,-0.48988335946379624,0.7978561227784073,0.1628109648697323,1.5002886823647652,-0.2574056566315107,-0.5159867061620292,-1.0201680355938585,-0.23380598581948864,0.8871812120754888,-0.21005528311283694,0.8276278376708777,0.779007785147568,0.8431826014894539,1.7209156152378415,0.6565553726043954,-0.014240915695268206,1.4239372962774808,0.4140415898563312,1.1295255439249023,-0.5967998990771628,0.9995441115448146,-0.1450674836987607,0.9228974959298493,0.05602046108658645,0.5548970801063793,0.08890621075153372,-0.3463094533115776,0.9768609465489498,0.467337972957874,1.170044163006121,-0.31353949644617235,1.0019905217111016,-1.0126906411523173,-0.5452580855023786,-0.8674664401640682,0.4590543354900253,-1.042556984958011,0.3339119172679172,0.25383180681762235,0.4517584125996574,-0.23907900647957883,0.34760124563354056,-0.533138626576721,0.571684046644368,1.0978651262621093,1.2049905393465523,-0.5674332725937351,-1.0497533760381847,-0.16113807345030493,-1.8115787942942454,0.7784461917417184,1.0303191274429122,-0.31720749980921636,-0.2786019260377999,1.267116644232005,-0.3141369927814845,-1.0308275335268975,-0.6737596102677894,-0.18642536427381762,-0.3385064642767444,2.3681451840592476,-0.28023706496248896,-0.5830094879165615,0.11640726885600076,-0.8549280632148156,-0.5858907217933643,0.44321129854674457,-1.5372890063177218,0.942256603170578,0.08193501970518663,-1.2619406707007002,-1.0834548362693202,-0.7121391246725434,0.344502640072447,-1.7663686375759218,-1.453263894433231,1.731237297514133,0.6752847191553137,0.3941815979520092,1.2739810836492267,0.6398124491022638,-0.951713893871868,0.6734061805514285,-0.7222920336508701,0.9897124034360708,-0.026893315340159242,1.8757116171730057,-1.4926717217396366,-0.7158604825453154,-0.010621042593440261,-0.20359530850637986,-0.5858270097690362,0.5968920022388716,-0.5123279938832932,0.40027359572608145,-0.08426311954580559,-1.2611995808571828,0.059683166126633415,-0.7160724673304444,0.27276183773499924,-1.1567585947868044,-0.5391263846238632,0.9264590918806852,0.3392384691901824,-1.598636616644821,0.06781103062513164,-1.844879266212721,-0.5183088354617265,1.3259710846145494,0.7409519971837264,-0.27382194530804316,0.9714224854847077,-0.3064021572755771,0.017837659909925304,0.047908352725913456,-0.11369929619159724,-0.7609846724957224,0.7643139045797726,0.34804130465107574,-1.1207239348146893,-0.9106780395390599,0.798086023386895,0.42576385514916554,-0.6532241279667995,-0.4350574331787473,1.0889559432661793,-0.7450973366576908,3.1145129686469115,-0.006493716248900998,1.6463533240949713,-0.9917032287139897,0.8593827463883835,-0.36572464778037933,1.4468820858459286,0.8830888952662385,-1.1677639579767383,0.8106305876139905,0.44457203397845085,-0.11236125302230984
4.752941176470588,-0.8545784536349516,0.2367576300797249,0.7080795686488967,-1.4278667317618625,1.2759277674484655,0.059546747378131544,0.779559046151917,0.9292596996174095,-0.4715364317348639,-1.023066721153306,0.5758570795943123,-1.5289758687444688,-0.2116536432811627,0.7116634895821312,-0.9575905092604549,-0.6325111071755813,-0.24057410754334038,1.2318177720886696,0.9083876590020159,-1.053646026471037,-2.7510639263476757,0.5480947943388245,-0.4641879464778873,-0.1518863345088335,-0.42110557976377777,0.07808801639308102,0.579481195503499,-0.8534582444559762,0.9026246132743062,-0.13942392039647172,0.34437408002269054,-0.363375462009236,-0.8738580960620708,-0.5162812267631344,0.4715536382297959,-1.324827467333384,0.226377763961207,-0.5921805779972407,0.15382508265877176,-1.0928765290428086,-0.06988487204993375,-0.5587406001711867,0.07502073825871054,0.24061802310256294,0.13574461997754583,-0.572809450104549,0.19684290199295007,-0.44169973321839456,0.5846722400190474,-0.7437287597552907,-0.2685459328091789,0.21657554105230375,-0.70931129929997,-0.6991574323620845,0.1116080066743846,0.13205741148488,-0.07563566348364296,1.2599647120707733,-0.3544578843959354,-1.0219669087757364,1.1180373759445752,-0.644068730692618,0.5845019857331473,-1.2688184032626098,-0.9091469977108032,0.7726096641512569,0.9448337578679638,0.32727742248050185,0.03836413056243173,-0.646583594007416,0.35173944042815247,0.6816047488785872,0.9499827958895964,0.737014855662636,-1.3351252025867053,-0.3197165850374513,0.9774922202534728,-1.3144061203235304,-0.6327733085857877,-0.5860565494486529,-0.01822468677350408,-0.5935286506861241,-1.333005563209464,0.2963725816774291,-1.0647662936571756,-0.9819007225354539,1.6059158574870198,-0.7763642047337859,-0.9635759388672392,-1.806754513657964,1.2341907605490394,0.5250853661322652,0.34997949316472643,0.37621774332353386,-1.7148636142808962,0.5191867007940599,-0.03266014893669551,0.8829541895564904,-1.2868335898308245,0.2307905419647548,0.8219203064325726,0.7831478180466536,-0.11109114335236782,1.34596836376807,-0.9881855842351307,0.3215819756337431,0.22947207094006863,-0.07765234499063381,1.5732006812936346,1.1920288929429668,-1.3029519710478779,-0.968171364757672,0.928735512974952,0.8250371527104716,0.15856997742070608,1.4133911353416106,-0.5351701963654203,-0.575543542372242,1.8521210608375687,-0.41635711166831085,-1.8899579300333536,1.4669431622942173,0.6045142412138355,-0.30280037031671253,0.018928297368055555,-0.5155456783168304,-1.1916859501477604,1.0010943995277641,1.048751724243945,-0.8152877563022298,-0.6287783118018253,0.08574840609581343,-0.8367463248807765,-1.1573053724660545,-1.9178995170602755,0.45315725050882494,0.025454434343990716,0.9284050847512645,0.5561201190560215,0.8086326361690335,0.18200188388581448,1.2742297532848321,1.0421935098997304,-0.467400853751687,-0.928907984691225,0.778160667267776,0.6003169175506586,1.4855773337418665,0.46795606920310034,0.6346850046160181,-1.2525278108317075,-0.20752951149010834,0.1649555748626737,-0.627556254382214,1.8453571587335171,0.08685383672964042,0.8195918937772035,0.3551531204954709,-0.4901227859955179,0.8490291377129098
4.776470588235294,-0.3231402570643727,0.034445249840762415,0.09024381000770022,-0.374343355338356,1.5178377870321313,-0.13768095940614472,-1.7937124276606289,-1.0617527658142145,-0.09786856003819244,-0.7257424846189363,-0.7984033029067485,1.7504929359961965,-0.2367672336650065,-0.023157187240511957,1.3897430528618142,0.7493080906532252,-2.2283306529523066,-0.9464730727335827,0.18528254005472203,-1.1681938281458386,1.177311658498099,1.2762634643862198,-0.5159769727062834,1.0536232082414128,-0.7967012233655718,-0.47231339486125656,0.8585283442716629,-0.8655329016842487,0.6649115045403653,-0.4205876894344275,-1.4410855609665776,0.08513246601354614,-1.0239514664190144,-0.3133466257786018,0.8710006747567841,0.21257154530941202,-0.25985017549056255,0.7296887893721953,1.562471142448278,1.6096932854583965,1.4407720748339174,0.5035679185284014,0.45667549741855334,0.5788853217749071,0.8134877253826772,-0.6569828052549546,-0.7473948497427928,-0.1741733897884935,-0.9273417476168088,0.21233897649538902,-0.6785151499134741,0.4501623307186119,-0.0703973282573396,-0.19262150098474345,-1.3576646948659745,1.6504067779897997,0.6190784006102432,1.6787863830356733,0.1163923009136253,1.8872770575483873,-1.5573035520518153,0.4596700801645862,-0.8172365611228561,-0.7735683071160059,-0.5466716809112989,1.5089719941033666,-0.9282266309713997,0.1625537513346706,-1.2351864565865012,-0.11312516973838854,0.6284582764720987,-1.8638595486081402,-0.32608558792809966,-0.1188229131541224,-0.06688501517876262,-0.6371299372143041,-0.7262610419385512,-0.7449266526703651,-0.4166768495053143,0.6919099148328425,0.33618131661407497,0.08445599664469194,1.5164196190325734,0.20521405685516766,0.055872429651155804,-1.3995839576818525,-0.1935046097805666,0.0423518581021375,-0.7966705977079174,-0.07475466844848187,-0.3184958650040407,0.1723381604757692,0.11392070439010067,-0.7388207106804404,0.15170964293219338,0.6168788856116215,-0.00988515683740385,-0.4299974709530332,-1.255919086315659,0.3632571980253006,-0.454409412427229,0.8544637291031707,0.5582902042359252,0.6431569734106201,0.08839079048764083,1.3088448036230673,1.0665078289914394,-0.4814703359003622,-0.49073074052029103,-1.1153394583122884,-0.5463296740038588,0.5815555466832175,0.10063896411885952,-1.8022826323084593,0.39651205499645603,-1.4641126517086822,-0.5676715414366749,1.371082238219173,-0.003646040936544985,-0.7058394417168813,1.1484587820004304,0.005085699875936239,1.3533377802297097,0.022824064266928578,-0.06885071250074366,0.9438539423405389,0.10616487305283455,-0.4474526624757465,-0.25577942250601565,0.6548872111256515,0.6634854413186254,-1.316099333230781,1.4500401506336376,0.4890731139082566,0.1437901094700407,1.147067811589984,-0.7192771465987202,-1.8316965570222452,2.2309768552771527,-0.20381395446571354,0.03708997317528636,0.7375840678159032,-0.33871946470139125,-0.05249124967500507,1.2721255454775044,-0.7997091043629664,-0.02730210435758433,-1.1148373981056574,-0.5158812244869738,0.6098910510986376,0.8174801469911127,-0.9193518440368815,-0.23180692409218473,0.7704415303528857,-0.9226296347366856,-0.3336649172997042,0.6806804757897317,0.1054673280535836,1.5812804120833117,0.038183612078266246
4.8,0.1397249658689291,0.16393564738805635,1.0866322655818241,1.3996692245288067,-0.5908766968747209,-0.5797660475479869,-0.1839049868190155,-2.1486846802600317,0.5729204240726956,-0.689812389186606,-0.7380798142858899,0.8308589318640349,0.9368304090463387,0.7351189973382828,-0.18876145003107925,-0.7617752785961607,0.4377623333024863,0.3422841333957855,0.5525127202557759,1.1492658457643417,-0.23921431274958935,0.17459957932175219,0.11784414856447764,-1.035099924180993,-0.6840644587619329,-1.3375462545820123,-1.203800335310863,0.5671866761090458,-0.8239816681812905,-0.9541800705302089,0.9258232172876809,0.42670557776447837,0.13890855981019953,0.5231213562051859,1.0885948145290072,-1.062677617218849,-0.6792019720398299,1.2289658051767152,0.9266824874841325,-0.8227459656103516,0.4218502727013964,0.16560914704083507,-0.8599929816140012,0.2698542991397664,-0.17348716816165027,0.09402556209484703,-0.2225160154158112,0.08636109037089015,0.36859255391209095,0.2652128749423638,0.6490721892991401,-0.5132735721244357,-0.08033220936618243,0.9757215123094821,-0.4683573776370985,0.4082463449614682,-0.6079570786216977,-0.5864074421578183,1.168643996040764,0.13349432989006543,-0.0188146595424651,1.6438100768252324,1.0381364397996684,-0.5180906713484307,-0.3963835735179311,1.8108542058427364,0.7898062400807746,0.992694699328947,0.8369746322916436,1.1547893225433956,-0.5754336949023747,1.4121696649219835,-0.13553569197973342,0.7621853402953033,-0.5623814776437848,-0.020425846320406574,-0.08454540769556415,1.1272002541605644,-1.5488260430677285,-0.3326051694248584,-1.1171874524776597,-0.6065744507483942,1.7753143562971965,0.18562467345344466,0.47974102511904543,0.23526421596245828,0.7144229520937888,0.7520120188966378,-0.7347363708614135,-0.20339870019934456,2.0589732898673265,-0.017120454781009563,-0.1587639879019761,-1.801797968422119,-0.5364674270296012,0.015765669845235836,-2.000206546598626,-0.6280854705544864,-0.3527688591802195,-0.29594081895984015,-0.45102444329284896,0.7080127309957426,-1.054971070468506,-0.4260594772508936,0.46978933894721975,-0.5973023272830349,-0.8070872432995554,0.24270097917376365,-0.03745731016196854,0.41446722197659386,0.7240215274704768,-1.2266383381468209,0.378798633924247,0.5333382198630104,0.21236431868632727,-0.1267892990387764,-0.7242057565745921,-0.1571394458649299,-0.11003816230048828,0.8410192906766543,-0.15783440512851504,-1.6875561881947392,-0.6675747232534863,-0.6956283188713406,-0.7219322374381681,-1.9730846937431872,0.11412688605793851,0.9222353332324195,-0.5018590184338338,-0.27150620954163224,-0.8560173706254987,0.355496060003371,-0.5987750217774743,0.35327562854134037,-0.7482215205366534,-0.3746824588207793,-0.4544759434771095,1.621907288484946,1.7588106915979964,0.5009674636951151,0.3033371208809269,-0.1033821852523436,0.21499036547244452,-0.771652158957458,0.01835311128228434,-0.681288157784356,1.1984900991444019,-0.6849395834284194,0.7915894622205845,0.3194758556064128,0.509822336013298,1.2637435943952045,0.3179490584139582,-0.9878586439070388,-0.3166764853715593,-0.2704616700769681,0.27070023082973854,0.40286850417385245,0.7974276794109013,-1.7526308370988501
4.823529411764706,-0.10502226524783312,0.1809450728792898,0.6271622983573609,0.2247084017413266,-0.33524720746653613,0.3752468858917171,-0.8326882612746972,-0.4229160050947302,1.0248465739302,-0.02197321441971747,0.578282021157302,-1.215252698513343,1.015792616913581,-1.0013790686465358,-0.8115085967773902,-0.5986135208986916,-2.1944627747790415,0.1778782324865994,-0.2801360285391973,0.25293151422756355,-0.2770869465729452,-0.23391291770803593,-0.07779164947282007,-0.9721338333482341,1.6581740603712876,-1.2277147754365043,-0.853116844001331,0.47818829623802944,0.08976967649115085,-1.1234532563153212,0.8619488842718029,-0.44726486299147605,-0.897979246715855,0.6310589970629653,0.2863453769131136,0.5161006746614247,-1.4972067150787962,-0.4171895137706057,0.3874507492556511,0.11303528255819921,0.4148757545091763,0.26996323747431894,0.5526662363690525,0.678992807168792,-1.1528693836516148,0.24977036229846933,0.4984443180169303,-0.6778659411371271,0.20422597149734512,-2.096458189301373,0.7523191539627667,-0.9283442209224566,0.5250771332183856,0.571098281409107,0.27338975647237973,-0.3589480243793895,-0.35314457516536263,1.4451363238565256,1.1525900088773744,0.04078113775345014,0.8979772920473245,-0.9051775927634513,0.7764653279584899,-0.07968680012669437,-0.35003213149202705,-0.4416310627812983,0.9618854789497464,0.08070186945768772,0.7754170562167646,-0.9844372135598353,-1.237977441800818,-0.01951580286732529,-0.9002658564656729,-2.394967769060746,-0.5629153847014153,0.37222705361914815,1.3587668236857644,0.9329285621426846,2.4020724887047282,1.193201141858193,1.330541379906753,0.1725795216689736,0.9560843285934731,-0.7157716870000987,0.6677524348941571,-0.8352810731129264,0.2375871035932796,-1.4828750803899193,-0.864720756776898,0.892652448291534,0.47442124473502517,0.3300704447934052,0.6604719150997324,-0.9445869080923368,-0.29800854897188583,-0.16755871966406147,-1.7102140429576633,-0.5456586052587467,1.3747659921122797,-0.6748762363347294,0.3276957809404171,0.5012441945605512,0.3336822790806712,0.783234467609228,-0.002404524263531986,-0.2528896232955944,-0.5979424921089526,1.4852853336898266,-0.2048949984792218,0.39349914630660254,0.2520389323759728,-0.43033550630764256,-0.41857234186680814,0.8981955562006486,0.7146140278719222,-1.0461572428639665,-1.0931243252357097,-0.686576628850158,-0.3640864358943002,-0.5546335419078261,1.7693673816072386,0.6845963469867833,1.3709202851878834,1.314529456606806,-0.04227720767213706,0.3314041978301825,0.34525513946644,0.5787416346780282,0.35431326515019335,-0.9341989532158242,-0.4731483898386364,-0.7634081607589323,0.1922096698000865,0.0323288783338959,1.0059372877816537,-1.4362938891340928,0.6188833771706667,-1.4405907429840594,-0.1157448012349463,0.47291401965819607,-0.5867066061757182,-0.1091925450534075,0.38422755427077876,0.2968217523717747,1.4603256851785753,-0.8372883915208349,0.3127620011433865,-0.16224174051584958,1.026345149725575,-0.2939905387199249,-0.1210307032836712,1.4695526318926526,-0.6128156997649403,-0.36285800891827663,0.5272366359271504,-0.6816629553022138,0.5842688595578744,1.6688843316271718,0.3757468938696314,-0.4681438532429895
4.847058823529411,0.21082251120252435,-0.25098841911842174,0.70011063752132,0.46163864124021153,0.9853728968725111,0.7769701969229103,-0.7384915145272999,1.1576649800450078,-0.24808140391898417,-0.16818750959292392,-1.1711977930434616,0.5408223754556926,0.4182961467914505,1.3550140150341121,0.7065627947924764,-1.516799856973674,-1.179766290084523,-1.7413079606329935,1.9322449875646803,1.300843497795391,0.409582645631407,1.0069034269328685,0.19344878754701403,0.15732241856068746,-0.44512071257001706,0.33277801176837923,1.1745769100077845,-0.32877514882711856,-0.823358551809727,-0.8913715948624363,-0.12288110529535103,0.2659473061654796,-0.9734545068111347,-1.0914169657397068,-0.5772681774624615,-1.1126446258116005,0.1367616756557743,-0.7614071369871318,-0.7428869854106713,-0.07273211211758839,-1.2271984967826677,0.664919468898949,-1.1793522771608584,-0.37881254104813417,-0.5784941255586704,0.10971761655943625,0.22925469019638575,-0.06582423685354039,-0.7559210972862865,1.0454014844964807,0.3834764249041395,0.7054702058953631,0.4931756308114526,1.5852073734687275,1.03343135497866,-1.1223946764587025,-0.2509709340862846,0.2709486956930183,-0.5045351829860244,-0.4857262862244635,1.3618561017698045,0.8998377745931688,-0.6354233229423367,-0.5361774924631715,0.025956247400377577,-0.36980523788859077,1.0002973261727643,-1.3285303246551818,0.5226259181023873,-0.720106822110745,-0.3492075307315333,-0.27723571323555474,-2.2706287727338954,1.6212985357164604,-0.37056891156726934,0.5157658765543524,-0.8221125405510544,0.9528897812291708,-1.4890888101831343,0.42274169843883297,-0.5883338890388105,-0.5205422325782213,-1.6442861689395936,-1.2642200457209458,-1.0100910878557432,-0.6238499474315526,-0.664676162480544,0.049461250439620914,0.45803819688656205,2.0441548183956884,0.3238547842690097,-0.4742344555129724,-0.7413232620680518,0.5308769751119816,-0.854284403805013,-0.2405207952988797,-0.21718258919572797,0.7776064550245221,-0.1435902744035113,-1.0575783545609503,0.2974979694296395,0.9736640494622805,-0.33366257265814536,0.10089015455323486,0.573591027116234,0.33092093524356264,0.7410283501478329,0.163133477678981,-0.13806464799828577,-0.1897693294366893,-0.14406720929867814,0.07882704862181532,0.028362630607861084,-1.6973831496395255,-0.5667264220722331,-1.2108424294492952,2.2024061614971067,-0.22880333785352586,-0.02582425082989178,-0.04972777842536752,-0.9833386023821253,-0.8861718276925167,-0.4672787967975818,-0.18501331429137313,-0.6524797192919006,-0.4657131826362445,0.6486727701669327,-0.602057978589476,0.842946662323732,0.43414032592072693,-0.5084706125563094,-1.344662017586643,-0.8022207481605307,0.15024173214073383,0.23714161596417224,0.17962812011852552,-0.7830194298113011,1.619129479064349,1.6191044114154898,0.2821685662619362,-0.6448276129974896,-0.9129917461061623,-0.12210264163188018,1.0277997096876827,-0.06030135084787512,0.26411819865372904,0.6117114189133396,-0.4809534454800539,-0.7709287572670201,-0.7794085643988652,-1.506905077695957,-0.3914421280837468,0.2556235131371978,-0.6570753569582336,-0.39666840002161785,0.3877109503248649,-0.5489552532546993,0.25776441722173554,-0.28965780081701703,-0.64270912454159
4.870588235294117,0.917526364078633,-0.44636826081579295,0.07084675180057645,-0.260886654992396,-0.06760673352375932,0.054611076151524184,-1.3499774035088647,0.7232365241736612,-0.6237047982599303,0.7625767410496288,0.6552529439600329,0.04496589333947927,0.43448046468056023,-0.9670555273535835,-0.07455026412627919,-0.9071511511026268,1.165983945179107,0.519394706176294,-0.5478726470183201,-1.6055473650219978,0.2467932867918183,0.6653199169655563,-0.5430739228321231,0.7635295638163443,0.042610988173584954,-1.5813907824215316,0.04328998527663066,-0.7862097680192658,1.2280874470509462,-0.43456174831422567,0.7888626499933276,-0.3358298829865965,-1.141869917359021,1.1762436613171412,-0.46181890854053276,0.01860852193357398,0.5147034951205539,-0.9728424184798041,-0.10712758632214076,0.45599119524334386,-0.7856259492890503,-0.25074423919633243,0.0768532004112792,0.8988352623857788,0.9251260653698047,0.17948957035442487,-0.29174375794066126,0.12198927582918301,-0.5505237926291671,0.46208499981945794,-0.18783217526195933,-1.0858554310189559,-0.9187782134856985,0.0419244642210089,0.8299194710717273,0.6640341375573393,0.4226224384206933,1.4125832411472472,0.9405823676379415,-1.201027886573632,-0.6597670210535781,0.8973991173546181,-1.2939833519208657,-0.1738597107356577,-0.052349019822364805,0.3569950626633982,-0.5669898922317669,0.3150320082257183,-0.45573132259207016,1.4981949631064635,-0.37686009091804595,-0.5740521176907954,0.23017252200066765,-1.082900695193256,-1.2242663886140734,0.6571565641715572,0.06073135016889505,0.0857470729237179,-1.7908023629995886,0.008747319027042575,-0.4532175989185113,-0.358386749900899,-0.7292537963042184,1.593787621695312,-0.10934121267019078,0.2531275149638758,1.2859975782034738,0.8609257856947468,0.1313492500939559,0.009009386248537045,-0.5681625047884166,0.5069069735594872,-0.6838474567275563,-0.8202029343896925,0.5358877548828985,0.02849423291162478,-0.025947430211241785,-0.7857045345200748,0.1000791811986943,-0.7505174851476586,1.3037608085056183,-0.13214786239776163,-0.17910092103631314,-0.6128505135016926,-0.6004793734781412,-1.670439038939635,-0.5116988145045042,1.310580418610394,-0.31037907834109457,0.004483478179881373,-0.12948642970008134,0.3295401962935938,-0.2855757442778461,0.33875795787600127,0.8157412569630813,-0.4709498822569018,-0.6577498274663541,0.0408055134654756,-0.670467139024732,-1.2844650423118344,0.009052313525558544,0.4653369597463084,0.16544884564046,-0.3891769046291618,-0.23527753886516423,0.7999661248247625,0.554215064330464,-0.5461269118652397,1.6355048136961057,1.0541343862019479,-0.6208026183621668,-0.05209174397901242,-0.8055154123852005,0.22310528595905252,0.5984132085082979,-0.3495737508716488,-0.6568408713213046,-0.48920530154738523,0.06358989956987858,0.5989974734088254,-1.589245172397077,0.13066376118831058,-0.7807682553972639,-1.069695810502742,0.4864089796195673,-0.02846273396247892,-0.39435148926625563,1.0379499198860676,1.0370823346785785,1.5994493939014844,-0.009742137677342477,-0.40313185887314895,-0.2662871532529474,-0.8323595649955342,0.29874837965639384,-1.0002189645088329,-1.6616233225870258,-0.36219997148485344,0.14073824577746424,0.30938245305003775
4.894117647058824,0.6478722483246715,-1.3946158292014583,-0.6810884305810359,0.31792277845309475,-0.736961029886126,1.7615042907297058,-0.7633204685051623,-0.45355359656111527,1.5438518990452204,0.8588937514469404,-0.11344425104918265,-0.6830529962854155,1.1604760934808531,1.0310351461500196,0.20784378178936347,0.881412272998389,0.21415061976874847,1.571847686966414,0.8590186644750263,-0.9197197871638503,0.7478880113129737,0.6275187674874645,0.17145242047485398,-1.0073383431997853,1.3300282093089184,0.07722379741283776,-0.00310213545882794,-0.6007610421286905,0.12486100681022512,-1.0565505208163588,1.2378016858069176,-0.10515082800270872,0.629093573901652,-1.2275368656872747,-1.2581004624365404,-2.1064052288166106,-1.0454525140968087,0.07994128367495645,0.20969717955036915,-1.496865796029208,-1.282588259743012,-0.00828160552691054,-0.8794221985076276,0.6999953581167285,0.4194096766846946,-0.14579329801710733,-0.5308180885191847,-0.6465777138037663,1.0957600821031617,0.4034653207740533,-0.9005744278179192,-1.0130798893334467,-0.0740833827396155,-0.10394368499514359,-0.13154766921977978,-0.8381231330520448,-1.3365559585544222,-0.1761197190952328,-0.9212329365589109,-0.5068641025206784,-0.10790412394690051,-1.7233798222712988,0.060797297617947235,-0.6937153035013454,-0.4674569796583348,-0.1661896688659304,-0.25906408971229744,1.2821339001935848,0.20210479728869613,-0.43366924904195475,-0.3864738465983071,0.38731283879864564,0.7997441776923568,-0.12338164634644036,-1.0697518878926775,0.2688760751277833,1.2606437865617024,-0.7455518468401946,0.11361954298798717,0.5716179363007873,-0.046397755175549366,0.29466963998690354,-1.1963682782838616,-0.0639478541890308,0.3312127248862166,-0.50490905779897,-0.29876841659140396,-1.5205331084095752,-0.5733387739578274,-0.19282303501365358,-0.696152133447999,-0.3269497607151462,-0.05397935743186594,-0.874485834683564,0.9809686059391215,-1.2406056853938272,-0.2712953503473887,0.7302290333998268,1.9171759881930655,-0.9283524568716349,0.013801487943579804,-0.14808718635904053,1.3877485253603927,0.743888936467221,-0.22960969809615825,0.7129454622431687,0.5282355613548729,-2.051076546334758,0.08064955619278746,0.4380058776119049,0.8287826956290685,-0.2791479170299553,0.7184827604988033,-0.3991098331192513,-0.49845610762085596,0.23712641754969802,0.14188656303039565,0.5969633894693779,-1.0352179252953015,-1.4575727062218156,1.3419151331776953,-0.1854547208914113,-0.026883106365254608,-1.069538721443335,-0.2804651579918259,-0.6926640344819177,-0.6077414011790612,1.0046664039997213,-0.9925525871877242,1.0263532826988566,0.162734468896934,-0.02645699423277685,-0.5503682836240416,-0.932693905810525,-0.07812277005453976,-0.435989895179172,-0.01850802931700679,0.1425110960687398,-0.18485323677273802,0.3226036603368305,0.615322300798486,0.6310638142597312,-0.25204723664932355,0.09312948111397232,-0.9610115010096919,0.5209932496547267,-1.2456773109188473,1.0122618426605876,-1.5025205411686944,-0.2794393857806953,-1.1079244939326052,0.5975076808320916,-2.208807816558943,-1.3190571224112697,1.3842421432885668,0.9844313448619125,-0.041917008975043246,-0.2803793264351025,0.3025120371948553,0.560181151486416
4.91764705882353,1.587212521009529,0.005382371643402948,0.7103374166174571,-0.2969905163671145,0.16603594566142502,-1.6743287339931936,0.2595152337216223,-0.1815506323356539,0.2680782877538097,0.12049681889497868,-0.9686595405559024,-1.1911380279932573,0.4498326831927904,-0.7040767522785315,0.4660273246884813,0.3794483591296935,0.4729307324242371,0.7062082850877974,0.2996292202861969,1.0761018838219105,-0.4059537303294432,0.14258305660682496,-1.2640107279512054,-0.017942821673830437,-0.5802793695904113,0.5188577434703469,0.3738731210998912,-0.2537814293041177,1.722591143385246,-0.47835865151778745,0.25269802855474904,0.3645401617072744,-0.1299393957962725,0.6898033939212986,-1.3119916673489533,-0.69668706045592,-0.0859349299262123,0.941525611299394,1.5837975427221962,0.503987280887725,-0.7131744051793861,0.7735761942912783,-0.2465519482093302,0.4724844475385663,-0.8004886719679252,0.12169509712527997,-0.7002392004222165,0.06943843467800902,-0.6317993815002713,-1.0019031009120225,0.3088076542393031,0.3183051938652976,-0.8556790431593547,-0.5132564181426731,-1.0868936541679914,0.38355978082931164,0.7479730718573684,0.16864213620561724,1.1254859287530037,-0.26588652897544246,0.15356076371674796,-1.074266665067616,-0.5052958532554618,-0.1425128851920755,-0.8720557098151643,-0.7404607151570326,-0.2698754273799852,-0.0960145713813574,-0.4784925538981938,1.0169952780642557,1.2015193326652003,-0.8099647333528558,0.5186363889329828,1.6341795038854257,-0.2527954869930544,0.8970685270158596,0.14143307781477407,0.22533493023078857,0.030140141837016615,-0.49598644330243674,1.4627974616833908,0.24481838065672415,0.6586105626580113,-0.2103569938231492,0.42340907877279765,-2.0109613832684587,-0.33572895399386143,-1.1104416565025428,1.4067669155576028,-0.7555668222211193,-0.27135222899791916,-0.705921596741472,1.6153569537991879,0.08995214675604105,0.7143587449196807,-0.5010690229394245,1.147640110703172,1.2895327779076995,0.5261151580844375,0.7970596507497489,-0.501170966820011,-0.9179914192047873,-0.8800443821576367,-0.4773758377299974,0.07000685401981252,0.028974592963042153,-1.785005042111975,-1.9620799803719349,-0.06715542713844715,0.4675616948686522,0.37875576251218646,-0.4924932458988296,-0.7178740316871797,-0.7945898950496431,-0.582189021167885,-0.3219394141786531,0.2517725571051224,0.01569038870678655,0.26889840740950066,-0.38980406223384506,-0.3068123768472307,0.29611621024432055,-1.6752287948837157,-0.6140536359365523,-1.0432727173232095,0.08270943763440705,-0.21244221120374643,0.3323861886932053,0.6748821035406869,-1.105363754062807,0.5749252786374331,0.0029292672511170978,1.5824609290571248,0.6487833235420016,1.4907823704176908,-0.14813101785700175,-2.019981445202312,-0.515726708722384,-0.059017064216053086,-0.920953757417598,0.3656275317443732,-0.6733119719374716,-1.051481501956489,0.03301636197701289,0.9340816944378176,0.8316640696203077,0.031042810525354774,0.22415850169923957,0.1656146618730463,-0.6358914994470399,0.5238741813075733,0.5753013666507978,0.21823635938896388,0.5437592970073761,-0.656251788300584,-0.8598724878018956,0.21517525590157996,-0.8479641899162835,-0.8911214603548049,0.5512820528073213
4.9411764705882355,0.9631571054029141,0.5875137358527678,0.7447754495968592,-0.6171627101458982,0.26780926486307916,-1.1522640640264197,0.30071421199994147,-1.195699673899667,0.25280049615699934,0.01667204827067224,0.10953034194599226,0.32099059177788497,-0.5632811824915718,-2.060802730470863,-0.971620368405358,1.0182342956047723,0.2556654594727991,-0.08122021668520406,1.4689830753902298,0.01923071248730999,1.1253830736405033,1.8970706737290695,-0.5772157245417376,0.3145433551563688,-0.02211679716450137,-0.3909784318295279,1.2190622352946197,0.5329780806137525,-0.004800671374851398,0.9637875259690509,-1.1181206797798915,0.07449788040447335,-0.2800499620775245,-0.34315693526089297,-0.2706818091970523,-1.3453071732319772,0.7842159441899395,0.5276497179252422,-0.1226592626417715,1.1880873110966104,-0.17724750748519535,-1.146362317877813,-0.6171137233272749,0.1505675400662389,-0.3305792238212081,0.3709061890582728,-0.3235740175840935,0.24331416081859944,0.5685030807453945,-1.004358739074899,-0.8936128498639687,-1.778836185204059,-1.2540448556666899,-1.493760237153552,-1.2354897837566574,1.7590127303758698,-0.5728579814285428,0.6189600475851904,1.6303293170814397,-0.9177098201132411,0.7375985077844319,-0.09437595953543786,-0.8318868233515496,-0.7996666808212765,-0.7114834149667063,0.3124544217766705,0.24392438137067604,-1.7471999045434712,1.3525206864238655,0.9634091056182367,-0.5350834824927032,0.932345611380457,0.5262430259652533,0.04835999121484211,-0.4712242094636811,-0.7925652284521413,-0.373541323683059,0.693896349084638,1.5180054922398882,-0.12041774229796735,0.6436265539351324,0.4043008549916351,-0.7585443044894241,0.10231424124479316,0.7196884404961008,-0.4158961382774767,-0.5756637167010373,-0.0959563459572104,1.980061211710684,-0.1770923015189234,0.7751511339122463,0.1611591920597745,-0.06679544566668655,-1.1806379035018106,-1.1897759716307255,0.48688395928575284,-0.06669612223339025,-0.09452284697602073,-0.8887507941593433,-0.9902685922018692,-1.5387073114285124,0.18434223812936812,1.7024407217432043,-0.57588703614207,-0.46695330311390715,-0.7404828336178404,0.7293780936637859,-0.32346206361629326,-0.41719531390865544,0.41881003426083085,-0.4573035082308835,1.1421606815575625,-0.02543293747181136,-1.6086463527548358,-0.8602033931671041,0.5462045217574344,-0.18722710367407325,-0.9775594598697185,1.2799353867840433,1.0821022597147738,-0.70254346672954,0.14532205623068936,0.812917976435164,-0.9779286672242227,0.8857327105829027,-0.45255888323337806,0.6800402816964428,-0.7816507250746472,0.19078310252020006,1.1550562800441708,-1.4823231228675444,-0.21203415242007617,-1.648583629578226,0.24913559337598978,-0.6634890837822278,0.11852399627912202,-0.13185067202146952,-0.6371171725267809,-0.060210686810795735,-0.21187916577085372,-1.202390627484277,-1.0698592703256478,-0.3222600342164078,-0.2092836061646162,0.22963125757696576,-0.13030687763375984,-0.007631503934041633,0.2704192225047213,-0.48049216547405216,-1.5488350180041406,0.345228288632411,0.917977806301988,-1.2197775422756116,-0.59740315795348,1.0664539922678697,-0.3696409563766952,0.2549067877536987,0.5759174038789504,-0.25711531533977605,-1.274089668768983
4.964705882352941,-0.08469265484209317,1.3803357330404682,-0.6391437100168857,-0.24277575839826834,0.8561537501795836,0.2559219984128877,-1.1858352932072114,-0.28943373236931313,-0.4579608883129085,-0.13128034262109736,-0.5210062465309014,-0.6147960799921804,-0.7481722220765123,0.012557542290780608,1.6179869070165558,-0.22220727374881705,0.18243598179095843,-1.8413270815571143,0.07691845486227432,0.012765256203788865,-0.169186471020027,-1.4671666868013447,0.058133750427052794,-0.08899448831542256,-0.04123384333887307,-0.1625012056523461,-0.7349829723581335,1.08337745248921,-0.2011394095832215,-1.5722715195287247,-1.1983818107593485,0.2461253663725197,1.114934944681067,-0.904156232138176,0.8755379052698841,-0.7203683197496803,-1.1877922952807205,-0.9311886716067509,-0.5824885661168204,-0.9957130915839026,0.4596167356776899,-1.204234539104269,0.26936101724928585,0.7333106964360799,-1.426899991240157,-0.7302391915288605,-0.8883335651175839,0.4450394699940084,0.18146578878398092,-0.37133860740787733,1.3138136508388867,0.22147444860398643,-1.5998019469492808,0.330060172483507,-0.8957214628692536,1.8687074705067308,-0.5241331213247541,0.5893057758323507,0.6213614392310123,0.7927298304488967,1.1320708334236602,-1.10214049012903,-0.30660729735801245,-0.289739466930788,-0.3472209363099695,0.6186095848513329,-1.4148796229965939,-0.2513751358352928,1.036052003788072,0.0038937520316643004,0.9584243973233363,-0.12370945685065367,-0.3174846879348473,0.46022975759014506,1.661883925190473,1.0642676368949764,-0.10890100528677153,0.37480151354217817,0.16249215916129442,0.22550016841323983,-0.5758553153194641,-0.8882898312348952,0.21059591207095313,-1.2130459863298415,-0.8852833559048979,1.0318776465991293,0.7234152631919089,-0.9894782484975702,-1.1514210131635871,-0.3625010347174482,0.8259509462853193,0.1283573776482394,0.45260603484709144,-0.17188743827093522,1.849152908962921,0.7358546446587337,-1.2732451313446027,-0.5148331461220655,1.306526411189275,0.07466006960691784,0.02278986308968629,0.026191778095192825,1.9576690526568663,0.8587092712140622,-0.3132705666438616,-0.24355883242907725,0.9475959184475125,1.3068341040114813,-0.3670816797548429,0.15075905024488206,1.1153049825684458,-0.004380116753728288,-0.0268272774528476,0.6111128257985967,-0.8580324041147213,0.006319163247155253,-1.5887447982947913,-1.044718765027331,1.4845738690908619,0.8702803111853461,-0.18386616027620145,-0.8572500085244672,-1.4150673680934638,1.600490598470626,-0.23307965334446926,-2.1321284927276056,-0.1474204958690809,-0.34162625861377455,-0.47247332466333525,-0.8995741536256074,1.5194612213047145,-1.4144857286760877,-0.6121633436610749,-0.8051751101657038,1.2798801045459123,1.1699103287827932,-0.26929774620682584,0.3244922396846193,0.36149407721835264,0.1922670530774784,-0.29814931093298963,-1.3130492443040478,0.7837557753412685,-2.2227246083834524,0.782556727984229,-0.48383665530860454,1.9861903965489291,-1.1482120605597925,-0.8159547230575713,0.11846101285447089,1.1931873545592218,0.42590802123818405,-0.9625845977935743,-0.3479259868594277,0.6059787850013757,-0.8958031059572171,-0.7447877207141541,0.36583570601357845,0.2562584495479775,0.4196621470972836
4.988235294117647,0.932198909485477,-0.37099889926174884,1.4080958059375028,0.09689274584908383,-0.07905267890279105,-0.7985635032955288,0.2950871458991642,1.2818843684164656,-0.27188404049196124,-0.30582164107624954,0.28547659661655,-1.0033912898730641,1.8471769083933316,-0.9571089038233116,-1.2619887947279655,-0.08046185521081554,-0.044252274833100076,-0.4357820648638532,0.9951907307398461,0.5988100763691371,0.2890871306546726,-0.9879378601016856,1.022700779523342,-0.11584572653747374,1.1753594398440057,-0.6308482850668353,-0.31303345432267476,-0.3312052291987245,2.0998513974860735,-1.1073408164308611,-1.0990762969205172,-0.9855223252204667,0.5722232639964443,-0.04664701690371484,-0.2812072991727497,0.6730788710841316,0.36198391085357934,-0.33987621841889615,1.4490612916985761,-0.8205915286419373,-0.4706571254231886,1.34596571887037,-1.2266139442636017,1.089584924833139,-1.625491687990934,0.21237556406349897,0.4814650187281661,0.11586452956732056,1.0735524868287893,0.5754998557165734,0.9755165869460197,-0.25371485962540935,-0.047787341880445776,-0.4422541597556539,-0.08026349707850919,-0.05396219997743546,1.657854625537757,0.21864286504459926,0.8183733964232224,-0.17227408990495321,-0.04032850777179105,-1.8230336007988517,0.05493020727107027,-1.806134534467195,-0.1042190243942906,1.1091111567781786,0.5715307532541972,0.13812097853288702,-0.5231691382351685,-0.30451538925289023,-0.6288983404856725,0.041102042611944,0.6762652344614088,-1.087075258729781,0.0074248078536359565,1.0219749318154572,-0.05394281944418615,-0.720121381897007,-0.59688111000154,0.35100725025271545,-2.1567705123782304,-0.10367554260014235,-1.320168512572626,-0.292976076150751,0.2033357601511739,-0.4285901203859602,-1.0081818025407858,0.9646131456239324,-0.2637776603418155,-0.41640174158104437,-1.4426566515197325,-1.1749091289663312,0.24593207963905708,0.5244174599864254,-0.5024571440228369,0.6008470848098324,-0.8853962421220759,0.6081449058505612,-2.254870086413288,-0.036155154508794064,0.4750664910493426,0.19524703810645536,0.2884495741402141,0.09344360878888845,0.6830612709257758,0.6199343469207406,0.05091912250631291,-1.7386838514555158,-1.0472658557407857,-0.276897194263562,0.3915597162957304,0.018879663068729315,1.564933907925344,-1.0694727584322767,0.5451223794006317,0.3994720580141158,1.1487335671028198,0.9299888060042292,0.35919941370487446,0.5956509240637075,1.110022383907922,-1.3557663944029894,-0.9406215085899864,0.7043049282269964,-0.7232019396256554,0.555389816017435,-0.9892875117898596,-0.43422027949471675,-0.11998576162360709,0.4288908795290049,2.5581193939805917,0.22750423288622162,-0.20824567983655556,0.2585720616321963,-0.5329623268561009,-0.09724280782339063,0.8219405479496975,0.14924315386814832,-0.21709088476736954,0.38061630627470466,-0.225266851018755,0.2359272014277314,-1.1308562976339287,-0.030640103722685497,1.1637176707104435,-0.8381861273326284,1.0661489870456016,-1.0547196691469929,0.18930824922357867,0.2253291687170468,0.4090363546134147,-0.9253391271059543,1.9956860894215818,-0.6682147459556013,-0.15361086495608475,-0.17547572169841424,0.2903687820861469,-0.5154784157810303,0.48845447801553266,-0.37844109920603597
5.011764705882353,1.5386285495119534,0.7467233833707876,0.29983230109554115,-0.1213814193178318,0.7945032246074704,0.48972037802481283,-0.8597549927345368,0.5775470138363289,1.298507621961205,-1.752207376708269,-1.2586627227536098,0.34866410831740924,0.6125221054548977,-0.2168932404230473,-0.47303969481664004,1.2946394852307825,0.6881846866872493,-0.39652380343680454,1.3062582860366019,0.7699423581937044,-1.5291479199062534,0.20601055244287586,-0.790597638245504,0.5060286950808474,0.9693152849963782,1.7074166296430235,0.4656154602416301,-1.028908719664968,0.250680825189876,-1.8980286572271947,-0.30084968562351677,-1.5398612419474935,-0.13238954041941933,-1.0457387157713178,-0.7933551073869238,-0.512833754359207,0.3102081118475583,0.4593718802662514,-0.25380707385462314,-0.6773588772082962,0.7629064742666705,-0.8305084345170736,0.356233360267394,-1.0224439466221205,-0.5565601907377571,0.9988305290965028,1.8915471837442657,-0.13671990489763175,1.2597934438564866,0.5939568971061991,0.883919196754712,0.5733213567857212,-0.1480687890262279,-0.6825570970193786,0.18220903868298208,0.2804565084934877,-0.35741765330643493,-0.05614389260195365,1.2826707944579747,0.7692709210624845,0.03363056163082127,0.3237935570735543,0.2899873381273518,1.3225005534760181,-1.7090591967783104,-1.6695511664423113,1.3791746923202952,-0.4628036786800807,-1.1296007478826964,-0.7228127766733826,1.1666324595978461,0.07114095991931856,0.6884318741753959,-0.5367486820751501,-1.401901892525081,-0.4024978663836838,0.11427824330213963,-0.35068264518382436,-0.23078735933348704,0.12664350568195262,0.08681891488419993,1.6814848755291683,-0.9101471931307732,0.8870211946400186,1.1084024517612516,-0.556313165458753,-0.052859961741027216,-1.1223195133362749,0.6034920441200693,-0.7917537612695063,-1.191906058931207,-0.055543147990454865,0.8774051422032141,0.18090629884653447,1.0809267508536675,0.2296680890547732,-1.8106252129385294,0.02994764428851229,-0.11769876260875824,1.515843299120215,-0.10512586785766602,0.10680634670500531,-0.6111648541575713,-0.9848211362497021,-1.1309137368241877,-0.16202391791890164,-0.8005256084502644,-1.5929596796013439,-0.8263742208288786,1.0787912328132696,0.5950442924845137,-1.7833993411151594,1.403871373582783,1.3243755787105618,0.4700924650410613,0.74065526564052,-0.6935316037174027,-0.23934564841482772,-1.077811164590768,1.8851991078255292,0.3187354871730312,-1.1983934695411673,-0.6148236214301541,-0.01555416716526132,-1.0368248225263261,-0.8852168081556065,-0.4264748771433502,0.94448056338766,1.4215521846483146,0.30717848919585516,-0.46048915396216195,1.64487512460989,-0.3160040733076594,-0.4126412701629193,1.3259188656974947,0.6571598554891811,-1.2490855873611197,0.40568908020858413,0.4213918990226585,-0.5463874377479246,-0.017362301229708638,-0.3067376825463751,0.5778904313570514,-0.4777861617250704,-0.8762264766950366,-1.7146380072759835,0.035761133658895425,1.7361470872270985,0.5647451219554731,-0.5399122260225812,-0.4916294713115158,-0.5944809707948774,0.9190240941204351,-0.5777884531341426,0.2617098880659596,-0.9191190877924582,-0.42803694570501905,0.2609198109481259,-0.056949911323562266,-0.43929335475325504
5.035294117647059,0.9689597545587074,1.162367697801676,0.17933869543805644,0.9622882277894488,-0.5921743938467172,0.5536158379527099,1.3966581282213333,0.13737885699038,-0.02150200599756041,-0.06016494783792868,0.7513799425431302,0.20420222977207755,0.6472157017159195,0.015721108472715135,0.33461289588680226,-0.6721153713314203,2.1308239005821785,0.4842850868905677,-0.21218472034564428,-1.1474162228833853,0.5119486940556226,-0.09884990851910164,-0.4244609477530134,0.8983195438630571,0.223069726010259,0.988222689731183,-1.4380290233032833,-0.9450010578879152,-0.13052123089374007,-0.08798681771305283,-0.6821615648930189,0.10329980699907995,0.07459156781272568,-0.2776643176502088,0.318951931695567,1.8110347307522627,-0.2780936091788553,0.9180874005266755,-0.966566283800232,0.6981516743403651,0.15849308817056768,-0.3781301424885067,1.4975129295954925,0.3070006933231984,-2.0419990297401887,-0.2525565135398802,-0.722070850006665,0.3195461451532406,0.34475577220476666,-0.46052717657349357,1.1658732632225732,-1.6073938856443706,0.7691560171503149,-1.0975653820400897,0.0023305691997693567,1.011316678928482,0.053318437810358874,0.7332637028075135,-1.1336726741053402,-0.5943174528192248,0.5667263079556554,0.5294395843714157,0.27426905318565387,0.5412241406111832,0.8869784535457788,-0.34680793994441866,0.9575918590143718,-0.6220288620996662,0.10350060756849085,-0.37587185734909095,1.8230462342276479,0.8652879093852167,1.0926084307424986,-0.8210095189844139,-1.3296266329723962,-0.7228441784678563,1.137350210802615,0.9747867759418535,-0.44731720088734844,-0.6642879308413372,1.5315932316562826,-1.152867591857982,0.8782472401244097,-1.218966115265765,1.9040359607177353,1.4475673943983427,0.4668713461021033,-2.386057499376966,0.6499932609795536,-0.2921005727422487,0.34349197377487184,1.6509958271166205,-0.4708974946260819,-0.7512556105922648,-0.431738794937586,1.513335530866342,1.5923553853045322,-0.46204298385785264,-0.9022206546924654,1.762589428236062,1.1403630254731547,-0.5657508290679992,0.5286751595687965,-0.08903793799974141,-0.02095669496965581,0.3553855143283045,-0.1838756756871694,0.01892337842744311,-0.7957346892863566,-0.3630080269526345,-0.3594607773211696,-1.0944891866662319,1.321504522481444,0.5378870842819383,-0.36942069469575345,1.8835333346594823,0.7556933726375998,1.3201402643049065,-1.0605219121897966,-0.5591807448280721,-0.4417761799493976,0.8666196700778102,-0.42716202480308313,-1.102763425169906,-0.5433970235086061,1.901856852317985,0.9268894919412057,0.3730088241159267,1.3593687733503534,0.8833168459887151,1.4616644788837847,1.1140876727190885,-0.3195567966159753,-0.28697282036027033,0.5999388371336715,-0.6839998421796188,1.1947980155914644,-1.1800801043044975,0.4703044150825957,-0.12245860556796834,0.42816717072286636,0.3289419326300451,0.31447218855190295,0.9816419647057903,-0.376215397988668,0.8534866500549305,0.31568577716968504,-0.3185416489383792,-0.35913564174100593,-0.923699295005598,0.3423021699188673,0.37709491026321335,0.9050583238499847,1.1443375069977728,-0.16436793047781703,-0.2810236414251041,-0.21734017526926905,0.38890054202020224,0.4767229973274847,-0.5020960532853487
5.0588235294117645,-1.3652360593007118,0.3728997725404386,-0.06446843730525725,-0.5553142301364417,-0.40019163791894624,0.5404333725488317,-0.13941397827668597,0.10741600653018742,0.12330454659184684,1.003733380723801,0.4390895032737455,-1.334599630713602,-0.38096063107464184,-0.47304415020134233,-0.13780316880723464,-0.5062879317771022,-0.5058076840250261,1.116483584418881,1.3227437064632923,-0.9521131750226715,-0.6916120837388415,0.2269885490994563,-0.6928106404650348,-1.0360409315621981,0.28688579584783475,0.6720870054984389,-1.995094195528462,-0.9521069549987962,0.1185261133897962,0.46438496340434143,-0.506108158700202,-1.2886818169848737,0.34218276230029837,-0.04543686414420041,0.11721356001697199,0.2610243192801876,0.022015447321974125,-0.42409321737653105,-0.34803354932898656,-0.12638339540271543,-0.5753551424598555,-1.121505674197147,-0.7484517779481049,1.1822846470897304,-0.19144646812195149,0.36280837723309495,-1.380834508077491,0.6411631768253819,-0.697213834689495,1.6936441732789993,-0.9739162986135655,-0.11110830944284628,-0.03248967680022591,-0.41240104913989023,0.9995326930140395,0.09187715474561853,-0.05281804040386521,1.3844025187780262,-0.6227866166683622,1.6438270420833825,0.21244214174763534,1.2685565498574387,0.4681261824001955,1.6324060399484606,0.2636052304866176,1.0718013190410876,-1.7568733447245668,-0.00813190233416382,-0.12783288757993286,-1.8840582364192278,0.4418330814993066,-0.5025599896078354,-0.7474733501887495,0.35772014388525053,-0.46892285088570634,0.17186301438644724,-0.781088685940901,-0.12625728785784615,0.38318289178430964,0.4118488908617856,1.4037927116328892,-0.3182551270357951,1.008349977153274,0.07723501420786986,0.949213656844373,-0.3539363391075034,-0.09440748830632652,0.41582633382724765,0.24687864432142353,-1.2204217735544147,0.7154080901334297,-0.5552201433977578,0.26054280551545445,0.7798934813643391,-1.6155734035662206,-0.031203387821388085,0.5409068599061384,-0.6649996885363304,-0.03259508396081144,0.8382977660379021,-0.6408421300725261,0.6587104849403503,-0.061635520087339565,-1.782238387852568,0.6375149920473335,0.7781469963221693,-1.2177992977700942,0.4732379173508003,-0.4987435748347233,-0.08637348038303974,-0.2700400228633125,-0.130306327563105,-0.2195909316205356,0.2058097842511891,0.5565608994809613,-0.8169775401024253,-1.1315973718315824,-0.8554151054741342,1.2439505948663923,1.5056688620223717,1.1536389449195528,-0.3862868195082875,-0.23213896437865586,0.06673040523340024,1.1463424893150982,-0.39406291566098023,-1.3936821751744566,2.2787496860828957,0.4229504436637817,0.09754964663919753,0.6728076765060123,0.8335422810957586,0.7023802250005972,-0.7973000349864969,0.2459805037356106,0.45963519367787403,-1.4449844600308495,-0.9273763054694498,1.0751849688632316,0.43619488830516795,0.4855278316535686,-1.1502768947306852,0.06790890323642998,-0.5299604407547628,-1.0495126888872315,-0.6374224250813997,-0.9826403073494127,0.9268178706521379,-0.8247101561350968,-0.9668693921593516,-1.019853403190741,0.7416302807004294,-2.6443445278492423,0.08444172130023989,-0.1350845006377769,-1.44257225294017,-0.4399299255053642,0.11255433699508569,-0.30060109036282356,0.10627463408137365
5.08235294117647,-1.314645945788925,0.3913067771903823,0.7981173971373764,0.6529380046959098,0.16780999997401114,-1.7745249300270722,0.053792403915953246,-0.9123781006882848,1.5385371684138398,0.0914056788598049,-0.5323641674754079,1.025421259384181,-0.3414757434538635,-0.2462070953462969,-1.5317185879513773,0.3819122768950625,0.7359115539849653,-1.0035332430962876,0.7910557328639336,0.7193346876980667,1.0228786978199433,2.0181709709498796,-0.3500670406885694,0.06920089762938007,0.8756824173662859,-0.004833097496373228,0.18244409392325914,0.4407642490504812,0.4796012425585441,-0.8489633430464875,-0.390967659752422,0.9094133651961777,-1.082204993452765,-0.15537223742527176,-1.6353155966901767,-1.543726770180384,-0.7244454104512611,-0.6244281342241393,-0.45465854467101446,0.24771219421301263,-0.3189706027850057,-0.2628980525999325,1.7903849286176914,-0.33925287383297287,0.9368798413031454,-0.6963135158241331,-0.26330116900525585,0.6195282288867544,-0.8478315287080379,1.1488310488404478,-0.10738438721612475,-1.069469062184613,0.645480808937287,-0.4601446205509639,-2.156909407981489,-0.17835873689280438,1.607027669885503,-2.3522274467202244,-0.8141552555652816,-0.7905192040541407,-0.010788826990229063,-0.0033961040098208547,0.5129183265456332,-1.244274332446224,-0.6618662460567931,-0.35343967284981126,-0.1097712180237022,-0.08660306965231336,-0.7952626187575496,-0.4290523373867178,0.10308128375348335,0.588072093862574,-0.6757013331785596,0.5689877396002622,0.8051126499336245,1.4351989530024833,-0.7802290205776433,-0.8793371396630534,-0.34677772429159504,0.11975793216124606,0.12749691002595653,-0.17618335167844948,0.2691949032575522,0.26069454969644307,0.35366130418263925,0.11169622106786073,-0.29804060420607376,-1.3860842756615364,0.38537047752151676,0.3945134601062955,-1.156134138679188,0.7806002923246446,0.3369513956769921,-0.34875837342678884,0.9733367349955364,0.41337682164454603,0.16466545623209014,0.9945946222422833,-1.1164207625268991,-0.4604812101070621,0.14754929041830703,0.8432383314618028,-0.42018772044652114,0.45652933818363306,1.594823344910869,-0.22572717733679154,1.3378053295595413,-0.4482318020021365,0.8187809664130643,1.3145313797874407,1.277829596607155,0.10927174104450302,0.4388950980995657,-1.1508087327195244,-0.538583434018163,0.6972219730466055,-2.1003746756063286,0.6972319338111116,0.18505302230924423,0.10339699846417374,0.39280764451075617,-0.006469100939550498,-0.3315315991872688,-2.077198634411209,-0.26620714334394835,-0.9000760910797571,1.8457720818342627,0.10195687841818507,1.232662403141986,-0.09827817386789159,0.7012778616021403,0.7119350871427735,0.14029405897352626,-0.7996708249470044,-0.22479132981033942,-1.418417005395621,-1.892472902716836,-0.6253644535206351,0.6655004576378462,-0.8760875755222497,0.14946567632850852,-0.37332661212457285,-1.828299628302659,0.2480655786198514,-0.6610859910341756,-0.7263143058087288,-1.0738103222147295,-1.7476621257865586,-0.13983158701871579,-0.15346831229840383,-0.49764480267931877,0.11729607079254924,-0.44473423119977235,0.08637310617172349,0.6220033214017251,-0.033949608599783514,-0.3282248451357958,-0.10230554263544042,-0.007436047202525832,0.754451099375163
5.105882352941176,1.1392384484580476,1.0008683888326881,-0.30374611982780547,0.2899980544437677,-1.4101260448533897,-0.5975599370715251,-1.2057643453268514,1.1869103758230581,-0.27529879780376737,0.6442717493105043,-0.6244901401040137,-0.8137346393875144,1.20201522382696,0.2914034660269602,0.17995102625028206,1.0081093870073452,0.7333246305131201,0.27823602034931566,0.8388710799923226,1.01881247630352,0.05302673075174012,-1.1836875927717534,-0.4095708490668733,-0.25071234649903795,-0.053319148305795525,-1.8632060316382781,-1.1191067757571254,0.9310426525178339,0.7886570604455065,-1.3473129812696742,0.593330343933319,0.657570881113317,0.5554974693883645,1.0196784624621695,1.0147838051793876,0.25073517246902444,-0.6062317208583448,0.37048460775516645,-0.5970459852380066,0.0736865510380668,-0.6590174141727514,-1.854762551810585,-0.6747074434995597,0.4744970172469076,1.277521063019827,-0.19933131696646247,1.905377233930933,-0.8555424887682251,-0.03245524945807005,0.9230000633841445,0.3371795994038022,-0.003348984493801327,-0.49327330778088246,0.6989231349450729,-0.8262124605310162,0.39654449534477176,1.0831539372989294,-0.4337978363092317,1.4370805378393048,0.646145489478516,-0.7654630550014889,-0.5027627511681735,-0.2254544690409701,0.12192541670281566,0.6277585964882462,0.0681030989496625,0.12751895800714377,1.1594432100456358,-1.0022251982237682,-0.8565673908491261,0.46281093610043866,-0.3132652967390432,-0.6089595086103794,0.02726016412523696,0.1480435537874612,-0.8429007553447648,1.9691524522643955,-0.9387626253784257,-0.1376459844887436,-0.23930050902859704,-0.1414780285546871,-1.124936970575546,-0.04192706895675707,0.6078007145493504,-0.4578664760043263,-0.13167980259874337,0.6306828679342327,0.039986067362383866,0.8897723428680655,0.17804726080558775,0.02510115462892567,-0.07384670690176122,1.7184058310556523,1.0706718969658986,0.18043235631693855,-1.4032854726395239,-0.46334513260644783,0.7714346213048972,0.35657611146207374,0.6214427089078652,-0.8049197829994261,0.7107827603039234,-0.8803712320471913,-0.36522717171220953,-0.32401471734415205,-0.02250065097362574,-0.17841827629594856,-0.15712113608190734,2.1986561021195112,0.6353329728575359,-0.13514357636823102,0.5461425815214987,-0.14293324236420432,-0.839810245624841,0.3324883853706965,-0.0006428612615120741,-1.74578405894353,-0.13753939480078414,1.0569424405263244,0.2801596135363687,-1.4907408156868498,-0.5819894673318992,1.3185365287779798,-1.435531948235456,0.8117485187491017,0.38766831222446224,0.1358011119741987,-1.671968415106415,0.09535994527762057,1.6646888998548164,0.5614547915151037,0.9139701753952681,0.5020122465368887,-1.1772250256520116,0.3229227755263422,0.2129845324292449,-1.2791451336131543,-0.17531397556536452,-1.2207348583797903,0.12867016549572172,-0.955565173001767,1.8244450320776964,-0.04634159457072602,0.3424560800869832,0.41181248341504373,1.169693695350601,-1.2768974763237337,-1.56368075335577,0.5639924753222917,0.33244689057733817,-0.6547697763815131,-0.19389617904012138,-0.06657687999129094,-0.2509892161398089,0.37781120932481277,-1.707127498868388,-0.3717420778682712,0.18347757058946657,-0.8278977305079074,-1.487807061945445
5.129411764705882,-0.08661611391155337,0.06969581220701576,-0.6576930574785559,1.6944628652035398,-1.3198135439544814,0.45360923859829977,1.4351039635895355,-1.001841456005994,0.6472465135299743,0.41954951924437067,-0.20522766104908116,0.3039636349465084,0.8404444524203576,-0.6759404104975903,1.2794718570575492,-1.4422561308207895,-0.8471406538729636,0.5878733670207689,-0.9337651091458405,1.4993959678596525,-0.1189612744578092,0.015401477580721823,-0.46077943215926176,0.25766225473848103,-1.122220703724191,-0.1663801235802029,-0.9427095127606979,-1.1098626636028734,-0.5275773126305089,-0.06609796473839555,1.3334358361943544,-0.2945404940700471,0.9226972249547527,1.1751236718478448,-0.4332833366645927,0.9447237962175543,-1.3268995208968126,1.8472278589537714,0.10732662140305217,0.11791048444657691,-0.8198341729324125,-0.4533154658298062,-0.7732647069267213,1.4974918792218443,-0.3170036514620418,1.3441110287730345,0.2882959366221288,0.4978989845328059,0.9992226506774478,-0.8273993506471682,0.4586206843246554,0.7458837519882705,0.05889345307319682,-0.559903970406972,0.7756984016914009,-1.1785756749694656,0.15345374807564494,0.9804806807655512,-0.07261458734646727,1.0851251716628665,-0.4341706680303905,0.9578717164996053,-1.6268618286795955,0.9148312585891413,-0.08473102744844321,1.8823806406476615,-0.8239628959439337,-1.479559569781902,-0.5280408041153885,0.7611375137858976,0.7812453459427126,-0.35755610550130756,-1.4761665491457023,0.9267749999290578,0.785529098907733,-1.1290316357692254,0.280356899081599,-0.2872399593838143,-0.2758586579169259,-0.19877433232388,-0.02255200115681387,-0.06231834086191725,-0.40807706575315106,1.184133414831962,-0.43202387540794535,0.7339082324797691,-0.6849320815873858,0.646815032156031,-0.5178108530062786,-0.6676725151034901,0.3777665329860667,0.028447464967919847,0.8144785198573238,-0.08895039228486386,1.218573628659826,0.0024620600008618604,1.2164618831740117,0.5869335508711999,-0.18339923930902757,-0.7004909865298837,-0.02320021325583193,-0.625664007301803,0.11868238074923282,0.21313067065364147,-1.3144956113984523,-0.9568745986134922,0.7447315571627454,-1.1679862463200688,-2.4542408044844226,0.7537413136165989,0.29018030451883775,-0.724715257111359,-0.853728607404182,-0.5666382997610493,-1.7070273719245195,0.4019016209173587,0.07315138801688233,-0.5197395058797142,0.5799976668413472,0.4849556297932815,0.7113343315804074,-0.44482904502519627,-0.0012097390653722057,-0.19936449999766062,-0.1083556469208171,-1.1021471373844942,-0.6826782927364695,0.5200460846026974,-0.21413964249659329,-0.3955755069874889,-0.6884588573392406,-0.007556421879127378,0.15169375622857847,0.4937934463653934,0.07813396809716011,0.8674958055402807,0.8171547546728974,0.1942982983216826,-1.8109845392222192,-0.8103921675150776,0.020471290433473392,0.05453796643326947,0.6071111106645487,0.5866496579814682,-0.441305010066248,0.8152897243829914,-0.5473988723288461,-0.864605836431952,0.3307861649436802,0.5639949111545224,0.31377095783489645,0.5588798205935178,-0.33434071590880576,0.7423592781234424,-0.5008387994819665,0.30107158836946313,0.5258344152622084,0.5822895914401043,-0.06385739312114397,-1.1811448496896793
5.152941176470589,-0.007636384573355305,-1.7690433645561858,-0.5752839550836187,-1.6363414345831797,-0.6349549783369227,1.508470397732811,1.461075669963817,-0.0050941726433928625,0.005926255667583959,0.09322934163329581,0.13371683881630658,-0.021589348043261063,1.2000095712605174,0.13040846245195287,0.959847975596142,-1.401778165495378,0.049093455726468394,-0.8010852908568228,0.6468197084228519,-0.4548105414760032,0.41487339068161844,0.06308848767147042,-0.9581080044413742,-0.1924765114958755,0.4686218660322854,-0.13032898380235386,-0.5582440804688984,-0.2120129647108844,-0.3838932453012728,-0.8206470439979813,-0.6862559575230881,-0.2939499218497681,-0.6731873447811731,-0.853281076082871,0.31044169612972544,-0.014506054597114322,0.5711640796480775,-0.4630176953786967,0.054405650094568596,1.3740432674617507,1.446667667760365,-0.7816789593595406,1.1707420922887983,-0.5119623057663688,0.4612807958089232,1.0474502220503044,0.3759735844203843,-1.61931777801624,0.5527171523518439,-1.3089079292756975,-0.0874183427380275,-0.37580271037388646,0.5812215386932704,2.0836903053606304,-0.6313756504505821,1.7406015129591734,0.707501104464206,-1.350823715227544,-1.8870898157075902,0.26385121201467326,0.6136733368347057,0.17937754016422194,0.5737116717913102,0.7628427144914804,1.990178838758459,-1.5997176512297582,0.634479115074498,0.6882063288893312,-1.582042225541417,0.43862394550841594,0.9440685110371699,0.366044606970577,-1.9269559082417338,0.9912997605109206,1.5794872130087476,-1.3282514556316156,-0.12664236527820208,-1.064426515916528,-0.47560122016323625,-0.18834557795199464,1.249057724285119,0.19084239349035442,0.29144658744029,0.4846555442553256,0.10845860656907508,-1.612877979208285,0.23857253468493816,-0.5892610097167802,0.7763396973144024,-0.4087594793179672,0.5346996183130788,0.8671442158308373,0.76420628524358,0.07049290693071343,-0.7244661901369506,0.41483007813309347,0.4521037356265523,-0.27366447277233547,0.42489399720294796,-1.0684997496996302,-1.0830421451072558,1.8405908038027472,-1.2039354426436881,0.6158981834424128,-1.2109063966548692,0.14712302275998468,-0.847127209620553,1.2968593960354444,-0.8088528668317779,0.40412002873338326,1.1819942389228548,0.5890148829398396,0.2458491907757299,-0.17364684359761337,0.4917697898919066,-0.7688358622408468,1.9155174232334762,-0.4297598931609339,-0.016073230468459116,1.0829574268718225,0.9690532314638796,0.8545589886298572,-0.6035161950635135,-0.6252403188336094,-0.17311017044310817,-0.6994960769223507,1.0326845931566475,0.4105768692154282,-1.1088980427414392,-0.05869981544640628,0.4199374971280263,-0.7003095271991339,0.9915083026769804,0.19002353005350003,-1.5084261753340624,-0.2793808108384765,0.2859452199670424,-1.3479085653831644,0.28195196730542604,-0.9831661228189454,-2.2359774617072277,0.8171658337189652,-0.44062121553782135,-1.5247703148321126,0.25059324052502696,1.4203634318937464,0.30582445593344815,1.2865394521229758,-0.2966555207811188,-0.7795974871602374,0.2475394196885335,1.1921996766355911,1.2869699637842371,0.2692985323939227,0.6486679736136506,0.7580063779836872,0.6507559686343564,-0.8646787955483912,-1.2339637939192472,-0.7130868812504455
5.176470588235294,0.056819725562193175,-0.07280679651534042,-0.903148275366052,-0.09313721320555068,-0.35272163032665865,-0.7839560692591062,0.40016953627574786,-0.9418743006289566,-1.6601975207290094,-0.9155236004204308,0.745878048003383,0.18609322586929283,-0.17457620839858354,-0.030954040763945225,0.41781523348880384,0.37419853994973584,0.8424134761818646,-1.4096962881428254,0.17632144369872652,0.3763266903548116,0.18653772092545565,-1.6572261077829005,0.3271732168036796,-0.5969445997285903,-0.39399591658171995,0.35603252560327325,0.6862968805461992,-0.5717873501515127,0.4623531127847095,0.10963133735742742,-0.4258113265938836,0.27966190384651934,-1.4951078867250347,0.16278261078571976,0.8593369142957699,0.41314186077677917,-2.3618728888089278,-0.3837266852711531,-0.2943149297508538,-0.8019242423974131,-0.6675284849906177,-0.7959523693547704,-0.4925842389835225,-0.09828777013324821,1.087541706095655,-1.0609870838097513,-0.5698644522444101,-1.070187009774895,-0.5414090079357002,0.32712428129301074,1.302980401357228,-0.7953825267311103,-0.3592576954677461,0.26999746129824936,-0.05514401656624655,0.4425441451047014,-2.349858218055426,-0.4163366524235448,1.4905897710507614,0.21558226090661095,2.5150675140734995,1.3586376386856305,-0.8152493897455024,0.48296941343622923,-0.22327157796252556,0.5086360706943194,0.33716525703517675,1.4252226675422721,-0.8285201478269983,0.030094891511292757,-0.576145183794045,0.8635373767475578,-0.10905226836797631,-0.07426559476674689,0.7041520489088636,0.24943551611851014,-1.6702738285681011,1.9499944905257025,0.31648713843816556,1.0361547611268491,0.002533280199497142,0.9869764303765601,-0.25870312401611195,-0.38083728117061927,1.2443774341159057,-0.04295375097789383,-0.02371565671482204,-0.755146888913835,0.2749272258457164,0.14616727449184425,-0.2118120065241218,-1.4020377237600592,0.17841831950832854,0.18599843232829635,-0.7366656248057485,-0.1951149955548464,0.3024429519274561,0.2882980604223918,0.8612938308939159,-0.3466163237249405,1.3706718831940623,-0.3638449744858153,-1.20584368523425,-0.4103067976688389,0.07650823568354512,0.036674678154466386,0.2055850485957882,-0.11566954323497572,1.456143061681118,0.6722949132758587,0.2570152762515679,0.5440772996223959,0.9435998040311787,-0.864446705941815,-0.6477436168520098,0.633911118678025,-0.3484926629649394,1.53648183932889,-1.5725213618138951,0.09793715744962617,0.3274492076230899,0.0887009785427257,-0.6164229972034094,-0.12038305577166863,0.42367217859898376,-0.6533330710678885,-0.3123280212902335,-0.6662606368691035,0.5843795922582651,-0.07044361625852247,-0.9070898247997174,0.7538426324604542,0.8259430335134017,-1.0243078951920948,1.2247037668464835,-1.0152739296500755,0.8784367698419265,0.21076512179383272,0.19042456955396533,0.6675153119524567,-0.6414935421774502,-0.07685297466470101,-0.789111514582276,0.730026586404943,-1.524368005051107,1.5636520555098445,0.4144281206503359,0.11809268918988806,-0.8813051150610824,0.9563612685485106,-0.5426637514923581,0.8788633403233455,-0.4810927105415346,-0.5822964862858738,-0.9085555568177098,0.03968161169723517,-0.4425429877355876,1.0338723453831082,0.5689033069324497,0.9188329650961672
5.2,-2.1916783349944886,0.7636437000370467,-0.045551775792768714,-0.29293810098030443,0.17014823449365812,0.4862147104364097,-0.2147959096267308,-1.1748925368650727,-0.842788834829451,0.299389735132742,-0.3135247610218222,0.32935571018488474,-1.0262652158427337,-1.2779418134184282,0.9705539373718064,-1.0664466194355955,0.3189701894399263,0.22471044342640953,0.541460686430594,-1.3078120269508227,0.684817949304536,-1.2429770594069,-0.28824195126485314,-0.36874775391667103,0.06173609186704573,-0.03530532439891455,0.010562820499108089,1.1908869327584932,0.6314934498411721,-0.8308739680610187,1.4138577841487934,0.711049296756911,-0.5172517828723937,0.42766897605708515,0.4506128970949369,-0.886665649572092,-2.8912238082613135,-1.7466560311806412,1.0179607306932936,-0.7088352248781912,-0.06086286312940186,-2.110581158931614,1.3658211874333135,-0.23150062147174244,-0.9237141128768483,-0.40029928208574983,-1.0642440222471108,0.3666785057805049,-0.31208867950241403,0.3858470524934913,0.6740259427842822,-0.24241252340622912,0.5732673731068433,-1.0804905051971947,-0.9447035739312335,0.513337835685541,-0.46347611296381225,-1.277472129147681,-0.4526175432623484,0.5687969072466574,1.5169924601317146,-1.1915623966787343,0.41815259986539227,0.36559774871175543,-0.9927780913236971,0.22251521755951942,0.09293079132849558,-1.22503439571291,1.5311845899161525,0.4847164229643647,0.2296409225936339,-0.030322130006457226,0.7271198250520446,-0.27258714738858814,0.29514610745203557,1.555373711669364,-1.2450145729144309,0.5047101416301849,0.29171602882686937,1.3307799139173064,0.27409797193564656,-0.6218324859548752,-0.5769425711576943,0.03732763103539233,0.8169305526654599,-0.7773406115922771,-0.7825784185899349,0.9083932570773913,0.3185600977352575,0.3802335232197268,-0.8835653299993109,0.9767616543933203,-1.7535535442485997,0.581959145231423,-0.0017550100975767388,0.18727726771015837,0.6139288442021663,-0.13202775464627328,0.020800230194624552,-0.7526400761393743,0.10494145049955118,-0.6478852409399523,-1.3731277144601477,-0.40926591520365946,-0.3373555744823004,-0.13871831220098654,-0.5386345620230683,-1.1210695943830344,-1.5144667377898577,0.015010399508935256,1.2316356735813832,-0.19556971899142564,-0.33918549371668655,-0.8746647116643744,-0.4628199980874761,0.5403646065482057,0.8042948267468247,1.1914315976191778,-0.22030702777035685,-0.3089363755529571,0.6107347499168903,0.09646271418214465,2.143851155635794,-0.15049007620325786,-0.492438015569068,-0.9040568724541068,0.11137315265291146,-1.1951092190012207,-0.027377108281744816,-0.5484471023171105,-0.5709363108131401,-0.05633891359640049,-0.18649195819611467,0.8868288284268677,0.14905757769274194,-0.1237371236200163,0.3244801018646258,-0.21659901590682043,-1.2518381473964242,-0.48575895430600297,1.6770816319767128,1.2512709247774245,-0.6945405898020541,-0.18689188770818,-1.0623804484274229,1.1074287441000794,0.08918189767922208,-0.4011662155075766,-1.8343132819813381,-0.3258512748736234,-0.6693820884036306,0.06734814356571875,-0.3351547921830996,0.824300007144167,-1.1068169183679664,0.44856592031163456,-1.0455587839840907,0.4811151689199938,-1.7408165781915692,0.7293824519769114
5.223529411764706,1.7298211694926278,0.7774706582626372,0.6522911890270605,0.1726073025693237,0.7222016910513394,-0.14863453424335846,0.1948457529096955,0.2926972440659524,-0.447163994950487,-0.007211899212072533,-0.17681521430675062,-0.5173773205804898,-0.23604186851348,-0.8584868431176392,-0.49984355209149056,-1.1124067450611292,-0.9143002413270365,-0.20330764908794308,0.08343848553169146,-1.3445742966547438,0.9068761713995112,-0.19260461707154883,0.9202474323681785,-1.3214207353652132,-0.14334065374150629,0.014216789768619923,0.015923983090379516,0.13678738217814645,-0.1430137866305276,0.4882241774048197,1.1242167161856047,0.19751645435012663,-0.44709793887239735,0.7627403854555092,-1.1155288389292488,0.6251647427765014,-0.9876231914835599,0.8100435592444505,-0.03490331370842382,1.2565636501357929,-0.8278763618753839,-0.6787424010545495,-1.4896083787575531,0.47414697652291027,-0.06524908903043856,0.4477334324276341,1.0511866972343105,-0.29523901627362187,-1.6748618356623748,0.19087016279270375,-0.5158999704377005,0.5929692974605104,0.12240860592911185,-0.5155539637561243,1.1364449268288106,-1.138948687887944,-1.252752409257298,0.7790640277391884,-0.4516440746096444,0.4034954212583007,-0.7811694464195472,-0.23198869320084273,-0.819218174714006,-0.056615682083713495,0.4079572231847085,-0.19775651191082733,-0.8134875968888382,0.36617052374008663,0.11224374656955977,-0.8045247014251203,1.1985482361995194,-0.5103105990209372,-0.3323196404157568,-0.42224483237206367,0.9791932847239996,0.140311698971017,-0.5854842180530162,0.5245568336602003,-0.37983285685245277,-0.21085947032423155,0.7464936158815783,0.050219514702144225,-1.2807174535257682,1.3684250524975081,0.29051986819914566,-1.3699013968491065,1.1655967673042906,0.4421068302386911,0.6627809761426582,-0.833487795769991,-0.2761261183389505,-0.3270302000563186,-0.43192445101527227,-0.4636909223053854,0.29044090256382854,0.2570186805668716,-0.49947925244049823,0.7854694008735795,-0.8104784759312069,-0.23594478074368674,-0.16112384169522648,-0.10824336381033106,0.33115883423629044,0.07197709311884092,0.7320688640545882,1.0271032047023179,-1.8627436729396885,1.362961434781903,1.2069400733314137,-1.3016156111551158,-2.982186488767578,0.09600524395490484,0.415783858928199,0.36778910614053634,-0.6210114670669158,0.40426812440114157,-0.2694787765378078,0.7413383591557735,0.9156171058746825,-0.30724012488128594,-0.6987386048042961,-0.30459276128528096,-0.33036026931746776,-0.7678775321862144,0.1479937114735096,1.216333415030431,0.7401852018877597,1.5683205971813827,0.5047674111504143,-0.8517126551314924,-0.6144949834646458,-0.3825557199153054,0.07039687900995759,-0.09087856834955997,-2.001293594436349,-0.4198691216743909,-0.5058209100848258,-1.7126498549570703,1.2238101451033032,-0.10088179683086791,-1.2723993084675662,0.8270201528573397,0.8211271691625222,0.6812110377291031,-0.563100800362889,-0.5464960288394898,1.544010123879691,-0.7749978615624364,-0.6195613549957438,1.4762581303520588,-1.4550827314522468,-1.0709275810628631,0.3609802610455707,0.4203893841256508,-0.1786115585180777,0.14666543692284742,0.6287102172524454,0.48027313043623876,-0.650521867702405,0.37315531513249806
5.247058823529412,0.11019621033529241,-0.45534020568812894,0.34063850432803355,0.8073046304010334,-0.012995955365871604,1.1922794439782192,0.5791919525297597,-0.9624905425306038,-0.30321716921537895,-0.21092635098083756,0.45639547400368685,-0.03142572065457661,-1.073841497255089,0.8887192627980504,0.7814399429302965,1.0147694609007274,0.45150554297453555,-0.5339294448222703,0.17230122420091834,1.0607186673145674,1.4881071366144447,-0.5994802198632335,-0.09791428215023353,0.48292108308506104,0.7637069604191266,-0.5396486710258278,1.0183879768327906,-0.06826558702642099,-1.422879944738202,-1.6646600368559954,-0.1787996947487262,-0.32578966936982706,0.7070384698044955,0.9341926023181865,0.642367187895029,1.4048232531795568,-0.3734036988690535,-0.1402053191269792,1.3476767369752725,-0.5445376109240025,0.5169704699433394,-0.24808565557708914,0.8636795807458075,-0.807549666782491,1.248780918587686,-0.20829778243288513,0.000751266341267845,-0.9547660888332462,-1.1120402579281392,-0.12090651753554237,-0.17075935489475902,0.10805054964608696,-0.9139856055787241,0.8923143146407689,-1.1789750780828046,-0.951751223910998,1.7871282391987795,0.6880649721686435,-0.28370797301831724,-0.1162664610666628,0.6871690574604581,-1.28806949970789,2.5558431678835323,0.6179574606798853,1.551036892392975,1.4040023881972852,0.3727340020022863,-0.006795316981905433,1.3152738677968936,0.4003811839231503,-0.040278999949810414,-1.06532229763075,-0.8128161391479372,0.46478642945796333,-1.0432367149859125,-0.16236786095036296,0.8155415010705173,1.0835130914358404,-0.07879852582200071,0.3050799261349065,0.7239251947598673,0.5153177180654138,-0.15875740174764974,2.3657709983670543,-0.6168410291990775,0.9196375297344102,0.9920548896962429,-0.6725659647038077,-3.186975426049117,0.0893977173308987,0.8225462857374458,0.15457971113053642,0.08775280879686734,-1.2236356590251525,0.40877539590563905,1.5271809165862713,-0.8398037177251668,-0.4146134598687948,0.7787648718181887,0.5729749157616447,0.20923785440081413,-0.23418941525169312,0.7297572640301231,0.9740882747298111,0.2341215136151037,0.8618869522573642,1.0689622516999828,-0.019480731746639154,-1.1216920026772574,0.24376053237503517,-0.27420766547658265,0.3991040568580988,-1.0652369866665996,0.9989845141867966,0.4701397680753393,-0.7626328665104651,-0.4616286913509171,0.3094244308169877,-0.7511683185390519,0.1663813013052679,-0.4115764434328301,-0.09235986881873726,0.12807185627347858,-0.20628479433799282,-0.9137601467199848,-1.1402928528859946,0.5637099058818538,-0.33409241495151054,-0.041311158586241375,-0.13567755205884702,-0.49203102244763464,-0.09203117407975413,0.3530744459758757,-0.20689970638700703,-0.729678799189762,-0.2602182740055139,0.07845197599819602,0.7062607118529113,0.5254092972697395,-0.7156016155119126,-0.6408120876702325,0.6440158793911104,-0.7206458760977048,-0.23690048880698825,-0.1103053774157134,1.2081265178676937,0.05316530746517964,0.12189223070553021,1.2206871938721662,-0.3564778250976766,-0.11732314226239303,1.7586992455557957,0.6418310008342915,0.3698496768206647,0.377105886241065,0.2592109032500963,-1.1178440457717658,-1.0847967695289513,0.697591536949557,1.343961436030715
5.270588235294118,-1.3055390571117595,-2.114604101592202,-0.0385258180634214,-0.8046931696930801,0.37501941733336075,-0.41955511539666634,0.6534414271213541,0.8898894268918134,-0.2998912145039376,0.7323754428160407,-0.5691753480964357,-0.5961169007998786,-0.5527065005520676,-1.0494013173361865,1.2332068737230801,-0.5292839747930373,-0.09718187800718817,-1.0145619182160348,0.4432522489340132,0.43507399295959354,-0.20624552476119143,-0.07730445888346195,1.7282146755536212,0.23569127394255454,-0.6010561884510536,0.6285674388107748,1.0843561556651253,-0.10586582791328937,0.4420854909633174,-0.4261264939100863,0.050124435528407375,-0.6087008099253822,1.0594273147534208,-0.04553211922817481,-1.5660017091923757,1.0098247619951084,-0.5878995781670728,-0.2807139205161169,-0.36418490388219577,1.6203499444327265,-1.1249717015089375,-0.6306930648241671,-0.09702321406692459,-0.5923237334741243,-1.1323517338510671,0.44853229494802677,0.0987331436320496,-0.8138043528682005,-0.31890581342808594,0.6605507570111976,2.4731069083158252,1.2573101811059757,-1.025410344115194,1.2793759238622149,0.49784109821720174,1.058058951107596,0.4887569196744522,0.887592722743454,-0.10334581574119221,0.5311456796193395,0.004385270658291485,0.12889256537996,2.3238446279112246,-1.0760468862051158,-0.5076977466121951,0.3515239555552136,0.30637026301403114,0.506393600175042,0.44837677827051065,-1.3738157206307025,-0.0820593552781438,0.4933086558221786,-0.22129622480356165,-0.9947594871281386,0.20486537198468027,-0.07884717586238923,2.1596867925593632,1.46139428341761,-0.11734379175730454,0.1843278644256569,-1.061330306628909,0.8195421466696781,-0.333273551963685,-0.6337012673946958,-0.7773808910288649,-0.8699422594611649,0.009450616512848732,0.6506822796232211,-0.388748737342216,0.19544668771823837,0.3647553139873459,0.5982126179090135,1.1442672415963229,0.5732701969571071,-0.31405602392188586,0.43333591666630866,-1.9858718196939624,-0.7284791937532283,-0.16314324068981628,-0.04185553640080165,0.11924849690187915,-1.175447774576766,-0.6899860451655967,-0.2456550726649239,0.21443004221508485,0.5566310199596318,-0.03538124117644394,-0.14347274500956955,-1.2577105561058946,-0.8126073530554521,0.29302459827704835,-1.4702853062912704,0.13047141219868397,0.6764921951251454,-0.4959728011892634,0.42122245363905997,-1.3328341882578945,1.934101974299576,0.2736005288816881,-0.8581875280595901,1.0164991542696584,1.2439464455344325,-0.3399557536277352,0.61947471108849,-0.29174868966417733,-0.6487476756670513,-2.012893963700577,-0.21709011877975487,0.41303180671969714,-0.3876248286156787,-0.9631628569148808,-0.3437685340501632,-0.7740427096224145,-0.05694322605791515,-0.20328486805469875,0.73473473225041,-0.30711158126377375,-0.4269024616035148,-0.6622685158497839,-0.3220591981513897,-0.4411115666782174,0.3450590951780717,-1.6906612100720895,0.2282695621897018,0.5082609034580429,-0.8078126595566109,-0.7182966878561372,0.2865903767257743,0.7292854842041196,-1.0496103407126953,0.0790883765238991,-0.8567561512208225,-2.235146064972285,-0.8305438981860837,-0.21064732995802377,0.41540027475678826,0.8661439898966626,-1.1630177924931258,0.3548171123159013,-0.6445842883652485
5.294117647058823,0.44103245784074585,0.9681753148289954,0.7232786479183637,-0.7839151239807066,0.25137608068065664,-0.39811573036346226,-0.28031107938395106,-0.5616406289632164,0.3997863094224831,-0.42090699504346196,0.40078885764014494,-0.31730844349538684,1.7004583155151975,0.9027983859058178,-0.5966719665640731,0.5832110712978366,1.247750249746392,0.07061759203721792,-0.09486618024764917,-0.5348491695945651,-1.583932743396569,-0.9284830362295852,1.1232519733397854,-0.3992746673020279,0.48245668434799704,-0.1505939808489935,-0.3909829399760753,-0.6236366359284148,0.7140245779845978,-0.6005380405560531,0.35312952039289575,0.26925040631026564,-0.19888634120440898,-0.4141068293720676,0.4076804310117606,-1.5690427966495026,2.1761432180456755,1.021980075814371,0.5387597766370965,1.3998558667416576,0.9192010338955184,0.1204742494094447,0.027321877144521854,-0.08450812052603399,0.5582183118903316,-0.027432273862063428,-0.14540699907489,0.24452939496761367,-1.0654831272144898,0.766587684289429,-0.5062003090465774,-0.05992443490852148,0.138758922066443,0.6898878887675679,-1.3498960437554997,-1.0096870098313309,1.5526493490159432,0.05504475086913737,0.18090860632975742,-1.6414426417923724,1.4041459156709277,0.6357507490986115,1.0182516299124449,-0.3917816038869317,1.5829256525068636,0.6500516777593465,-1.9995279397068781,-0.9886164033781195,0.6187060256563255,-0.6329253695603138,1.4096023993741762,-0.6010306434345839,-1.320719133099789,0.17426677160979398,0.37739165336548713,0.38856115130295177,-0.2779434628702277,-2.3923127985058366,0.33377751716013054,0.39463989685340484,0.1844671198989521,0.24043800589384712,-2.1151145775665396,-1.1158385340895374,0.29912044067075655,-0.9557511947183346,-1.1109194330632384,0.38177503195956375,-0.21899548520517623,-0.7279340067284931,0.12827942016466418,0.3062326363807955,-1.7676260380757167,0.5882021721865622,-1.0100270408508614,-0.6910382274723407,0.9408059891899226,0.3414293752178166,-1.8601590488667594,0.9525459764083389,-0.5184511373715027,1.6256681085157265,-0.5413894011415007,-1.0870924749224866,-1.2583204975351627,0.2593568374779081,-0.24798926587028006,-0.0952902037464797,1.9020750265540933,0.816023668720283,-0.7116131904610656,0.13636621080875858,-1.3496344534990274,1.041124028403552,2.0387388546953917,0.6730529674066235,-0.6249443232153199,-1.164901827139733,-0.6272781261114582,-0.7652192659462175,0.6400767598458611,0.5251746234281864,-0.3964139135753557,1.1116957957848579,0.11640642971142492,1.3281502261971774,0.3675982876120016,-0.9935442758728865,-0.3440022541945006,-0.3223740789978735,-0.8351252350034358,-0.5991030481700865,1.3733346303053535,-0.4078652407651768,0.6777814919434915,-0.6267527648567498,0.5753147279800114,0.7714598435287728,0.03338508691014736,1.3579005823521564,0.37510097469050224,-1.2653654400652075,-0.23773469277908874,0.8182079566762653,0.45287625054995373,0.9365940046346565,0.774888059158011,1.2184795267007258,-0.5673340813756678,0.7022704725306701,-0.7241487340297171,0.0006775726288962052,-0.23959200561985264,-1.046404302238462,-0.9687281703472366,-0.559502742279292,1.1800498642850328,-1.3675114797108598,0.20483510097104174,0.43865504683360024
5.317647058823529,-1.160721072591983,-1.3260577076928812,0.4867666359423129,-2.0657469925025884,-0.5644543200236284,-0.33197642715350834,-0.6853087275750113,1.197912844871834,-0.6512399448381009,0.4908347583980685,2.0546322747340398,0.018731077545207715,-0.6289259637253484,0.3106454101074125,0.6254674902110405,0.773398757318971,-0.19432131091391855,-0.6065348348546469,0.6748350135682148,-0.6632998238825767,2.381494531130837,0.9623786151410876,-1.151676496453918,-0.432375772595665,0.884882984575217,-0.5425918570944337,-1.260570448542758,-0.07552674600926355,0.5705354548746744,-1.202356577934779,-0.21047217724840778,-0.34156218366438407,0.110320648479804,-1.2625908205617837,0.891269324698526,1.3984143871011043,-0.8200453560002133,-1.0217640589794503,0.24432995052125708,-0.6411011926388587,-1.8561407478317258,-1.5703883976838393,0.6727753701433258,0.4241697884020288,0.6374759804532545,-0.60949154729049,-1.7525461669091134,-0.2819706876565462,-1.312011449321876,-0.6688204322239202,0.9459545678027338,-1.2130259285238258,0.7273766279485322,0.7326587073108687,-0.5135192361898803,0.3169024870132545,1.7630627161926427,1.4022337751871785,-1.374552778127275,0.1469257866097686,-0.432618196784376,0.8455897923832961,1.6212753495432752,-0.2359535572222144,-0.16526311883183264,0.06536055636757661,-1.5320278339437843,-0.14863965971084916,0.48494694666620064,-0.18823947307192926,-0.9896926217548118,-0.7335926919431189,0.4434168003315083,0.34436597283524867,0.4177944894337044,-0.15637174017473335,-0.800719838134226,0.6025314283839492,0.5906113569635122,0.44763116841202716,-0.5387285733953935,-0.7915285172689087,0.40177413461685846,-1.1665250687943296,-1.6979876139755448,0.3240928200287542,-1.9237308535302846,0.38047129899544113,0.41003381215530477,1.2673071894023804,1.0720793658647971,0.11378555079162755,0.7127701978808579,-0.861699438216261,-0.19914162011951111,1.1487620945239916,-1.6328954023400708,0.9892183683535818,-1.2951930417838546,0.3140877070222606,-1.1730356037079646,0.8257888279634631,1.527466330722578,-0.18272995254847224,0.5948416679892713,-0.5683278447548522,0.6574911432673783,0.7315388029075318,-0.6567307222432385,0.064561936600229,0.7391513019837015,-0.4476157507921866,0.6489483525097587,1.7171923519669896,0.3250693098676295,0.21334018749058964,0.5189161416135085,-0.7825703327903817,-0.3634699357134559,-0.7984788639884808,1.0092550237193585,-0.23634740322692901,-1.377122268696761,-0.9733538254799873,0.7404973706556846,0.1461126124078763,-0.401848186763467,-1.2281597215240025,-1.171628504492568,-0.17798168356654992,-1.3454749651466693,0.7615023401632776,-0.8495216401752529,0.059352405834600296,-0.1539697514241049,0.6603011186901431,0.15897727008881685,0.19157103756911312,-0.6930247365177873,0.3533816649865061,0.9157438657906642,0.23635732751284186,-0.3867018401318584,1.5964188427571575,-0.24182451909237054,0.6770988584806351,0.09451617981184957,-1.8293509480226915,-1.6884391041163505,-0.945059541274458,-0.6906290383142896,-0.6974692014586029,0.6994524101794894,-0.8204111234147199,0.8542463028769856,0.4067539145874136,0.7664083992773603,1.1641071022079006,-0.7957427514115931,0.0321029833943821
5.341176470588235,-0.11905218489034372,-0.8828830746964265,-0.10121093592593024,0.5815687078163477,-0.29736632641902494,0.2574355603050751,0.8111141247498074,-0.9083052421980892,-0.4576957349497875,0.17375503068198822,-0.4827432779271659,0.010182394700674178,0.35254559309353084,-0.48622109026583027,-0.5424610752338471,-0.5306967019231807,-0.054412563751724846,-2.0816947840807325,0.9074958351822683,0.6774806096325213,0.023339848636382624,1.2009199994652104,0.2309442008807685,-1.7523188175577107,-0.1352754699492647,-0.4103302014564591,1.3657283597126457,0.4825441912397706,0.16879190990872436,0.47460944801074395,-1.1338535444038544,0.17319119355646753,1.166614581631807,-0.2172329937280161,0.4235960428368616,0.69978951973734,0.1762438976622355,-0.8591486202269698,-0.7631778928015938,-1.0057694502672152,0.33504280507255185,0.22884553284913117,-0.5190685616248513,0.22299908693849635,-0.5739757401371156,1.2468057268317623,-1.3362030782870755,0.7537978969769776,1.134580052929646,-0.006915366518956429,0.7180302887819954,0.8298771686368613,1.710012298705502,-1.3666246140215046,0.20326443272201639,1.2584893547388483,0.026487620097315576,0.060777215417481115,0.05984164945131498,-1.2134742647671697,-1.1594084230634247,0.772720869368918,-0.9901713495098999,-1.0832511697288136,1.483348171380399,0.6203625378306554,-0.6448329957843436,-0.9943448455868218,-0.08567858601545672,0.3095877953747229,1.0581214382559274,-0.236948933880801,1.3233083445829952,0.25584135509639494,1.4761838470797268,-0.6608339247324618,0.8092533133520863,-1.395657796743753,-0.7369303860611685,-0.9640873633902969,-0.18544702940322966,-1.1183281703014165,0.6395253265450024,-0.3634812028723457,1.3146839470538676,-0.6238317762447619,-0.4163311707312896,-0.0371362529165687,-0.5907357906872985,-1.1535740953582811,-0.08576338753463268,-1.1919931453458146,0.8052615001110704,-0.6886284298597607,0.26554775575149736,0.6019397699849833,0.22665987825303827,1.4521296277777973,-0.3280216989372765,-0.2575795679092991,-1.0665651861737262,0.9936877666128754,0.7076685651220653,0.6208655885919491,0.2795146602414354,-1.0288016689151949,-0.03637070153310714,-0.3774340677807996,0.23549515930363346,0.15191872461686967,0.8508878626524045,1.018475824894116,-1.0233239679282982,-0.640486405512492,-0.9644361931072176,-0.0909061422943839,0.1045038680405979,0.18579889239482775,-0.49329084715651483,0.11352994336361726,0.45612950060132973,-0.7622927511875051,-0.45313378991833714,-1.1993708181827891,-1.3208335729484881,-0.7817748838926072,-0.23713563432236712,0.5130558934914236,0.3550600407093283,-0.6759955775244038,0.04513828774575738,0.6323351499485923,1.0169363593468148,-1.928930893739377,0.5071304495035145,-0.6461201358365817,1.4181046590364055,0.8725139938308164,-0.1408512472254861,-0.19661433957259614,-0.25672476392141963,0.10479513211874383,-0.9917878719033228,0.17416694176896413,0.13040636956581883,1.6816493624607922,0.4954231504012771,0.2504461359840828,-0.4635796429400636,-0.32698830065668105,0.14459640845401864,0.6237937306758901,-0.30676069559171315,-0.44417396003752385,1.3698296546648412,-0.13848071665933356,0.9726421274972177,-1.1329670781101209,-0.006186396713413552,-0.5907793371079748
5.364705882352941,1.7345021870492716,0.6062116804668263,-0.1853969574286973,0.8466939633164691,-0.5265232314205595,0.2038394795932281,-0.158039166569992,1.97597013550509,-2.6354237548369253,-0.06746862042898014,-0.20046323383353146,-0.20338348548340449,0.1537013440826936,0.9956542272558343,-1.1147897647620966,-0.14838990475682587,-0.10954954951346078,1.1415780570484508,-0.32024258547211554,-0.2766857272299202,0.5105512243107917,-0.630138946191501,-0.6389680336394948,-0.939759042402716,-0.4073410952014916,-0.3958127614158537,0.8274292773125149,-0.29000990059901066,-0.6051367876180881,1.8001812738410032,-1.5807865875712284,-0.298753670647433,-0.8114122959710444,0.21555287361861108,0.8134705849837847,-0.27812538067143255,1.7510704754398918,-0.8688170536298407,0.5027942997085576,-0.6371405787452568,0.0848552177411649,0.008266556868896218,-0.7205653678333055,-1.2124667919183103,-1.206313650701109,-0.634951697509067,-1.4165799188837442,0.8859464839748884,0.8394579468015035,0.013561748746732681,1.191852834884892,-1.188374575604096,-0.6009328206595966,0.35455517380674245,0.9444108039999047,0.49154543148952384,-0.7659683827224989,1.0429338370661148,0.2654432675863064,-1.1741959764812298,-0.17092270016733419,1.0261803411370127,0.7246449758724006,0.24347892995985856,-0.42956459321359625,-1.0884875437292352,1.6271266254194343,-0.5972377794791603,-1.9212836339230046,0.21474823351708094,0.703091216614393,0.8878509876625911,1.446494899842469,-1.2855036210657285,-0.16723358380427053,0.01726733674537281,1.6731452305621322,-0.32221912588475693,0.720760586461123,-0.8339267109609718,0.5918076448279221,0.12319800042124969,1.3680294966218256,-0.5430636775768741,0.2893714504757273,-0.621769363112278,-0.8703187456663412,-0.5085509414168204,-0.9612861612790526,-0.6160416480142441,-0.5463394603003019,0.21533338707871744,-0.45227702123115804,0.424154550266049,-0.9992961480665822,-0.2562225825601955,1.2343128159797903,-0.2625250162971625,1.329206564206077,-0.4558670664881197,0.7769571976021821,-0.7260866282795404,0.24120107513472483,-0.005414027945982886,-0.34377653554667514,0.5043277740138389,0.00568967895872117,0.5741685088777149,-1.0584738475093978,-1.1201734936075542,-0.014649141600419307,-1.029021506916915,0.22583799439425425,-1.268986450153592,-0.8659633983268337,-0.2881955918429315,-1.3938893799002563,0.012756511401228039,0.06099607936074053,0.8787827273345862,-0.731135863108181,0.17879476198837285,-0.9221165662332081,0.16624889494418044,0.8147638612655064,-0.29106217248140137,0.39401192381247757,-1.1508254775677038,-1.1024948741523939,0.5640885015975245,0.513225511462373,0.25314015552398733,-1.9685071076302718,0.2935035210417088,0.13519531231151946,-0.8126245267255758,2.1038165261736985,-0.9076871919578735,0.47039226303993387,1.3191240884500248,-0.7639386990968711,0.3208465793806017,0.141644533854393,-0.3938798873171552,0.8069377849030139,0.30204134493838936,-0.21341041555773294,-0.31729251758722793,1.0302304451747704,-0.4913106916480152,1.3235226265105962,-1.342329261029215,0.37532695258388243,-0.7127583889140614,-0.3060553319156542,-1.6669315970937635,0.36529792921131604,0.5335529679238968,0.30964813882820963,-0.44675859697338904
5.388235294117647,-0.11287619681457996,-0.7161558343373944,-0.07136254732257896,0.4143716810045839,0.10952800036677932,0.6199774725240607,0.47946555177963335,-0.8059649719203976,1.0844988141995902,0.1239339143872646,-1.1098764436645907,0.49853127468206426,0.20547313841211773,0.3579290084807546,-0.7083275033511445,-0.28921112433254204,-0.5420990854626776,-0.40448246362278656,0.3243643114162905,-0.015342391068404938,0.47275607312790324,0.03227324672271204,0.7461694278181604,0.7707708641425879,-0.6824716831964108,0.7897843039153939,0.20050881437557347,-0.6471009932448654,0.5561034931750948,-0.8360888413999886,-0.12101469026337867,0.7739974350883384,0.5015121545788437,0.16028536134161928,-0.9060685176683392,-0.39291345814524914,0.42334199393650485,-0.4018819006532883,0.578933018434594,1.1751689404035743,-0.719458981277508,0.04291501365392673,-0.8970471440288335,-1.4222013117152812,0.29739030205398276,0.5881448498925287,1.2167808649491914,-0.1555135280849013,-0.06455154865993905,0.4705330795457519,0.3226038002812444,0.5325501681220898,-0.38030272612607957,-0.02434448168715429,-0.9140505856918043,-0.8912422197753282,0.3615473766405854,0.29854741252297606,0.6486234665318651,1.0483938641097665,0.625307892750202,-1.0515184523870138,0.9786067493456787,0.9554561397953596,0.4629244276424794,0.10973330134852446,1.1722272651635839,-0.4259084633596311,-0.561597888592727,1.5854426250839473,0.015781031125860982,-0.5052467535552426,-0.9492408149787626,0.3311727500345852,-0.28319871363889676,-0.15759737732402326,-0.8767862681537485,-0.5365416610669969,0.03972086183266028,-0.40867532967112224,-0.03437649600712356,-0.609524901482607,0.3372488030279547,-0.5199268114863981,0.07911845694620802,0.5129272903062178,1.0075263795385907,0.28875889948798694,0.38217645309807724,0.07896011238922836,0.8444064493830697,-2.0223909828271034,0.7088121494014235,0.4715475127454117,-1.5288527067245161,0.9555579010132954,-0.16549604236833848,-1.810595326887402,0.9221067955750264,-0.5881728065812829,0.2249659351265554,0.538380199230484,-0.6400359613334126,-1.1186306626518407,0.33872417032469515,1.3652336619871148,1.7039961797542937,-0.6055007848354482,0.7226702565037606,-0.7914074590935114,-0.4203548932799603,-2.137871527621985,1.0295034637975777,0.33367473022842653,0.12376439474191893,1.086084929144473,-0.39831066884168326,1.4667905741574785,0.492708035385716,1.0897406379880747,-0.6867992400982071,-2.291772586818017,0.562166190214267,0.09321696478320025,0.2930777941266302,0.34844146680903104,0.31434876581677,-0.4720589783822468,0.21628928754616267,0.9950181124538439,0.9354606472644708,1.3090497558610785,-0.1290333936425633,0.6168567540253314,-1.2297609384895503,-1.1646296890958823,-0.2827819585660695,0.6678811866650499,1.6329857515856718,0.08659616332092596,-1.6236719240460769,-1.852656255063021,0.408587463590509,0.024528716190867064,-0.021939083926118576,1.0606877133963537,-1.165427110446528,-0.08663773946057084,0.1666816793719855,-0.16010575870221666,0.38125214307300875,-0.3821087791681973,1.2133628022869765,0.22048605725962492,0.34974390310713693,-0.20399029602370375,-0.9512287562647129,-0.5260774065553198,0.5812384454723787,0.7805077113565587
5.411764705882353,-0.42278928062060506,-1.2685803237163746,-1.8177718839992234,0.494084973076786,0.48562088551479565,2.0271418562934054,0.3759120741329179,2.8245291596134807,1.8039632105496783,0.3111758428551843,0.9285755733517199,-0.18298286266358096,-2.4004390543295253,-0.6747594592981058,-2.163074611878772,0.3696242378656938,-0.6787620413574625,-0.06747863057486117,1.8521407566308628,0.3297082079610547,0.17605189017316972,-0.002858935175480381,-0.5658153914450451,-0.03615349337853921,0.7096412600887783,-0.33914863097753845,0.20370850724162318,0.36801914677009046,-1.3673745539818705,-0.9986218422911096,0.9570499236951969,-0.3939386415613874,0.9109884901978572,0.6404053732822285,-1.0479009134512165,0.3620335279293258,-0.8141059798591949,1.312586823278024,0.9130740795061895,-0.35651646444577734,-0.28689065089651367,-0.18569382833476633,1.5738415369631955,0.535851560789369,1.6456775412942057,-0.857175377753174,2.5384824688918575,1.218800914460463,-0.8474486112420038,1.478915787440744,0.44116391024276463,-0.22377770605729935,1.0176438541988024,-0.25095858170403773,-0.2213862618605464,0.867829845320223,0.09296307705593045,-0.049380518884189435,-0.9423600093814852,-1.8209051553669438,0.10037833181077956,-1.1552309057762986,-1.3099029204864914,-1.0742041879522473,-0.45599081191947877,-0.7314476906059215,-0.18511868685939492,-0.9762951492315138,0.8736048077031167,-1.9769374261694825,0.5191980413965858,1.1644948234629247,0.01736728275846896,0.9263126442287052,-0.5350506406884195,-0.6566741146836046,1.2742777664206255,-1.386326209472385,0.5855094597585757,-0.2517412938706237,1.2157807071450148,0.980610372641947,-0.29470435044825155,0.821064656049536,0.6507805232181748,-0.39701655599338936,-0.7427469453753497,-0.7005675469197356,0.7167807366779475,0.15580475977772998,1.1318532121799005,0.8227113727619144,-0.01382244415002909,-0.19746015545940562,-0.6912980084400115,-0.9271741116709423,-0.7682132247927892,0.19440372868728592,-0.3478582310437698,1.1203241661789014,-0.4625833969546693,-0.6673286078469408,-1.1725799675366055,0.37293988919350757,-0.05072942722084897,0.7538966571170843,0.6444245451411241,-1.8941812987533568,-0.5055378640816512,1.1405109192874838,0.28444637631753195,-0.07964264057580808,-1.488587330267346,0.05830293391948933,-0.5473402685010827,0.5354216148432407,0.7282077848999515,-0.1015997612799917,-0.0764579846700477,0.6253478832209394,-0.12040580249787822,0.899345257922992,-0.8081572308367476,-0.6099722480858768,0.04093780731147595,1.106503202018756,1.0274560268222233,-0.008404535132167596,-0.5097276452194728,0.5026003196277636,0.351222339204164,-0.8478311799405123,1.3092310236245595,0.8665662342624741,-1.355907378363238,-1.169426468469044,0.2809705057508312,-0.9301945583546938,0.2846224971841584,-0.010333580382370642,-1.7331001844955154,-0.21602294464004737,0.34552069975531746,-0.7868301239595996,1.667466928323835,0.6163339315097917,1.3023995430011086,-0.5830908740699982,0.2559118485068218,-0.36058402626155317,2.012627286346335,0.7466473183769757,0.7367867111789418,1.0133060539765015,0.389899143035886,-0.6329572546581939,0.6615878827561377,0.0281300790366217,-0.6352828493625201,0.35723504233538517
5.435294117647059,1.180778268267202,-0.8160329499446843,0.7368931635621803,-0.05669789608976418,0.7444303888154367,-0.5808508767088464,-1.632029671206905,0.3275234639451359,-1.1325435553996255,0.6513248440341735,0.23882205641293153,0.43171457509579547,2.9272619731905243,-0.48768529591188037,0.09309010674476317,0.24341460679022572,-0.47090784248205053,-0.5153866497943944,-0.15628305098633433,0.08722962207809298,0.2758270877620346,-0.2235080073252113,-1.6385375228493582,-0.10457764285515007,0.09242991528761987,0.34924642745111995,0.3345744109091244,-0.24414733129309424,-0.7005180093647897,1.4690879148300156,2.0988037205739607,0.7384204657747587,0.29251613944642374,0.9931252415926516,0.29017744944814416,-0.8718384270141474,-1.73591811685489,1.4102180840097374,-2.5110176268791364,-0.4510515424589735,-0.3973671851007683,1.037425699073092,0.04718014393496527,0.21270791099118105,0.006896695450087063,-0.04907247661215217,-0.2962950196701466,-0.4032915772822244,0.37489012404268385,0.458098891547528,-0.3975478177192538,-0.8830549812527814,-0.9081021335640502,-0.5648299802456839,0.12308790692808191,-1.3371553967183456,-0.7211124541398186,-1.2324270387003455,-1.0056218373668908,-1.2982525376149934,0.5754315013064307,-0.26286937295699153,0.9083294557085252,-0.4866606274369901,-1.0070094760384747,0.22846964925825128,-0.9942778735800457,-0.8355632676614815,0.09978424522177033,-0.5558858140303727,-0.030896268405379554,0.6815216765902631,0.7192666616368905,-0.6605480365112755,2.4502204764745765,0.9832619864826071,0.7109244551945191,-1.639817175797875,-0.6430876510156233,-0.5770218752882202,-0.47796905358658553,-0.8276457977501797,-0.7674347048642911,-0.7325348665053226,-0.3812525074707219,-1.3421648444230696,1.8022365996850116,-0.9879082622634565,0.2923851937550575,0.99083565054616,-0.3199228661810873,-0.7837573748854179,0.08495228765439092,0.769007023764918,-0.0143610359028904,1.437813995637785,1.1268668392974217,-0.4125922572848643,0.13966910274286384,-0.8709041994030727,-2.2245528310409726,-1.3040477782236175,-0.4551917430499647,-0.8119588718494039,0.5232930277070162,-0.07969043646986022,0.8501893358415773,1.2108108045359727,0.7474177407914685,-1.6836540880470228,0.4917137657416825,-1.2048180846798517,-0.9650480197662837,0.007188779277665976,-0.7247590721444939,-0.2515249718902353,-0.33320252691741337,1.174418661821033,-0.6105306454204369,0.16877765665040198,0.12242888255016064,0.5974994841649941,-1.0654278733153322,-0.4340035664751156,-1.734656757670768,0.7252815831291649,-1.6698257208093372,-0.24209860101047162,-0.6464607005941443,-0.2035241798458064,-0.3440502686260433,0.8651579485754053,-0.47077150314991734,-0.23619389312433972,0.4475188138033008,0.5657412051675633,1.0111905638800605,-0.4907869609265505,1.1484178247562995,0.7842329890455111,0.30654949315363494,-0.2688518033121215,-1.5988623677039742,0.444679246356934,0.7367988984995735,-1.439535441386671,0.5598713863589354,0.6498841131946983,0.11504706248630511,-0.008437538222836908,-0.12934223103897066,-0.17854300925267294,-1.6840963674742306,-2.120340662271704,-0.1477367827226932,0.5864198987605015,1.282070637604137,-0.4901652499100071,0.5267983573880483,0.37144443906380775
5.458823529411765,1.2560357346385247,0.20929095043113158,-1.1321852873914262,0.1785181184312886,0.29752416206261434,0.9349194691990453,0.593517553869148,-0.9932097463605379,1.1400612253803035,-1.0273123643480742,-0.20821492789672083,1.3524847535654232,0.6053088365197283,-0.9729671026226222,-0.44553907152422384,1.1420494468230808,-1.662107571950846,-0.003440250403221164,0.31688360448621705,0.31249880186748014,-0.12347382798142002,0.6907925554137553,-0.40606318005890474,-0.7263910963841629,-0.6204567697693805,-1.420680873145343,-1.9789110067748998,-0.28817876275600257,0.4272149031250612,-2.044134337674664,0.745164058695218,0.6243385138028147,0.1931495784295933,-0.5859925042215389,-1.0496005253652572,0.774069574722203,0.18766506863527477,-1.3304690123512664,-0.28639176603127353,-1.7887916916680326,-0.06621198060070149,0.9126697320608019,0.29105273335000864,-0.021190573386451438,-0.5525709937020238,0.09894483816647266,-0.2074492291575739,-0.16524545589768425,0.40385992764624395,-0.14319443668233417,0.43266130967263244,-0.22155423157868334,0.013906005106297187,0.23272443899702047,0.04619986540754691,0.6607619325216241,1.1282428324299436,-0.34131416058758274,-0.05401266302929003,0.19559278856495735,1.2849072425616352,0.0938413677476092,-0.8233833672522676,-0.30628782296015267,-0.0592540353001286,0.8472768508486558,-1.1521463095019078,-1.2658341898419807,0.6775760326589717,0.7576216661575479,0.12157203243035497,-0.5570852284863929,-1.5954313967760543,-0.29274670708214284,-0.05117356132055028,-0.0032376324434749354,-1.7683885177577217,-0.15761899293180842,0.6558635028746042,-1.8962796918801894,1.0122130310696733,0.6014529247506536,1.3724143947221707,-0.01672955435609136,-1.7655327008065083,1.4363201629839302,0.9394173255947167,0.30217630803355733,-0.318899071334321,-0.05140795326522945,-1.9693756907736093,-0.5196912566937426,-0.6316929951224229,0.4206658261666218,-0.2191850342017281,0.09729691439594755,-1.5058216045014623,-0.6603998408413487,0.12278131077944526,1.076329890580027,-0.12930482931932505,-0.2694983917305679,0.2648716084572881,0.12452921609078677,0.6540128560107018,-0.22076335214400886,-0.16821531625014097,0.09982589569049585,-1.4637878313232051,-1.2887236577184333,0.8916012279003165,-0.21181558245601056,0.38512291320038367,0.2921646204178255,-0.0036752652262722857,0.7160360595522318,0.04978774580352578,-0.1310950898152155,0.1786585871930308,0.4090634989814559,0.03482639209810532,-1.3173923505422613,-0.09936504174294365,-0.45964770679128847,0.2989423116489522,0.19523396225169254,-0.9385743290037043,0.4834604745364735,0.6246776152949987,-1.1082262196028925,-0.16867737134197813,-0.16932491694077448,-0.31115126301731644,-0.5651277133252848,-0.49967436096594037,0.36005848821270314,1.2361362768144286,0.6032205513924241,0.4088980029605254,0.004448661085431505,0.9220803596418748,0.22579913046014896,1.231983189802228,-0.2761981673698467,-0.3037324771610039,-1.1237627460447202,0.608708021001133,0.6432311672933844,-0.31246346652852836,0.09507544031168347,-0.3602118931376086,0.3256508037549555,-0.13940605546041726,-0.03169456831336857,1.7687758913880844,-0.4898202103165553,0.6815135116119978,-1.062782070602349,-0.38336481002127903,-0.09279671456278826
5.482352941176471,0.5937416353943058,-0.3302165701001241,0.8546165241390146,0.6672164203355002,-2.0010301888386213,-0.16103294812481903,0.4612490727063111,-0.3918495094148317,1.817782271511367,0.39667873541757526,0.5199498377881787,0.30811544942796093,-0.36245988425020803,-1.5974362854575777,-0.9619682010751559,0.5144223146637493,-0.46753104685127767,-1.029883666198911,0.658773199306843,0.3901635472856363,0.03362122408800422,-0.024086342835031672,0.5563843034285479,1.3176721663869622,-0.4358283107458886,0.8537819677005114,0.06074595823438519,1.5115447158831912,-1.2212823408441191,-1.2775615019230457,0.44896791229126787,-0.14505432191374817,0.44272605190169306,0.5120286782264574,-0.7677910697862773,-0.3463567481625104,1.2776026369770899,-0.09794597131313372,-0.5885836289953991,-0.3817926241854671,-0.016115930286607134,1.8466588334477942,-0.10234894006722309,-0.10919281173645086,1.0277334373479603,0.04365495640553148,1.755388865729712,1.518947145987736,0.4983905347996494,0.03158983595395885,-0.7137960332139408,0.3049421516677745,-1.7316204765082162,-0.25680543260773464,0.7443598444520279,1.097362009435151,1.3477285201334344,-0.254641485373861,0.5194177403604282,0.7682614577937522,-0.1655212793882243,-0.4732494157225327,-0.5011674041173311,0.61793879147109,-0.6872947416933025,-1.032391779240908,-0.8640657204881206,0.015603324567689989,0.17855182670436348,-0.871216735258885,-0.2968206875042959,0.8301838967688331,-0.886397518152754,0.6617532969262507,0.3087867403944485,-0.2625422141460513,-0.4491314654269303,-1.6485125597396961,-0.16786093484385842,0.36609216992435645,0.2036028469290036,-0.4369591570819346,1.9329840721735985,0.14763923161644654,-1.3397762676676221,-0.4453220066425152,-0.5894539401815069,0.5263044022330347,0.7644492687866767,1.043991046254339,-0.6492925947725968,1.5206208020888492,-0.568960376582121,-0.3411551668243271,0.8516908814877606,-0.09639006839119144,0.5456814104098888,-1.0113599560101487,-0.47137097096480846,-1.5156160145336002,-0.6690198992241196,0.15407194523082463,0.1258101062841746,-1.810187355929464,0.08035054508973023,0.12754269902801363,0.22863963922794858,0.10791512540129226,-0.7786829683235252,1.105797275550344,0.1063630893906283,0.6501502052992472,-0.4839116274527247,-0.7472325564859468,-0.5274128455738587,0.3445686323598834,1.9987117581292089,-1.0807939548715582,-0.2536152183834131,0.3505165069941828,0.19924955206608144,-0.1523406185469671,-0.284777739352281,0.14406671014910008,0.10790010836152136,0.3010795979894224,0.22288935575384228,0.6074060622619741,-2.0262647516561043,0.416932931825592,1.3909640400482883,-0.2694755965528767,1.6407090576453705,-0.36958624845726346,-1.6453237403423648,1.4081275604077572,0.6597862918824992,0.8712174902808302,-0.2985144409445257,0.7520369915373171,-0.20376507512080977,0.22420554790809083,0.0691887536203097,-0.05564894739323517,0.05347994080571858,0.1562588647225715,0.5233656505764339,-0.5997120491631339,0.3603185509682171,-0.3223085006904421,-1.2402652770623919,-0.5120440270067061,0.24018992488455992,-0.5312771178160574,-0.5076201080490708,0.22680348089432043,0.8157838659713638,-1.591963245964681,-0.5985692187043212,-1.0650031927677437
5.5058823529411764,1.192251851283205,-1.5884832345638307,0.012459929495666397,-0.5174991652627143,1.8602758305054237,-0.56304697091099,-0.6853744798104352,0.299445746870095,1.6085824268760425,0.7378394373450479,0.39088310807431653,-1.373241796060599,-0.08560371403421614,0.7050250384926781,-0.7715192006276823,0.756218355662311,0.27109599637338894,0.6003351003281306,0.181911892203959,-0.07154001229858352,1.2139413681830813,0.06674063460028233,-1.3312657136793984,0.2364752819906641,-0.8910640208595979,-0.34134987605275935,0.6902419365095115,1.9461535368295053,-1.0331861518221825,-1.213471944156378,-0.8624190633593906,-1.240697490729349,-0.05966616336738532,-0.11766344882215357,0.2590450727476662,0.6550549153180594,0.6123736229221355,-1.1773135445327474,-0.07211027791777933,0.20782317159822056,-0.09646206577145415,-1.1556762288445646,0.7972333342208769,-1.1410959332116486,0.2162772616409569,0.16090347063968022,0.7561258818821208,-0.6188954399044968,0.1503239960135827,0.33352699969752325,-0.09644512525463748,-0.8778752369514258,-0.304776624668731,0.5429337711446139,-0.5875655039552067,-1.3230454697478775,-0.4419993634061834,-0.26475007266892575,-1.5075187195657065,0.8579016753270251,0.6811473968874691,0.1576883193323699,0.819816721061469,-0.37589709406236577,0.7336058239843053,-1.2587774383124073,-0.5294599473926856,0.215934385669237,0.33764369269746425,1.3539855906776082,0.22117665803271094,-1.2383828277267024,-0.7433189556616722,-0.8929768255511745,0.028494398037221032,-1.5862237129625718,0.16136419249810188,1.0606165331767239,-0.8508710384646496,0.097425521004271,0.5968223702975483,-2.4540742851287383,0.8670868031493865,-0.05473713929746698,0.24224156541056704,0.6773533732778735,-0.4174661142367081,1.0098290426056167,-1.1998585710754792,0.22362099035987887,-0.30847254015673076,-0.13663734529264077,1.2087620489445912,0.9632930697353902,0.4182455075902251,0.0867820035990237,-0.31235034777955617,-0.9027174720842123,-0.33379993112865913,-0.2939033607030285,-0.5295483706199915,0.3061580564053494,-0.07920633468158084,-0.5256590098314852,-1.1338572680315202,-0.040343238678079214,-0.8120057879855378,-0.6460955349341995,1.7786911543249833,0.29638243917180673,0.19705295156224134,-0.6396445855553567,-1.1432408652016068,1.7628252632619479,-1.2405406841870652,0.8598138376729091,1.9073411381237426,-0.7470939838775363,0.18279084972018486,-0.9256737636964161,0.08399816327244854,-0.8431497285774554,-0.09929031595459321,-0.7509296980269762,-1.9795578019693703,1.4152887071554847,0.21145169076670714,-0.2708627659925842,-0.11151778657546486,0.05676463743915519,1.8469231284725611,-1.3800855412841242,0.3888387542307119,0.29285260075342173,-0.8923750580958268,1.1060447523849195,-0.09220835723536047,0.8533905324980551,-0.6032423167511182,-1.215904803488781,1.8105503743822104,0.7340326199005809,-0.6461758872867652,1.3193167094903135,0.01584471400791319,0.02520648512599424,1.1488421502633162,-1.5479819851274172,0.37738697724587056,-0.8976742001694397,-0.3145939096475609,0.7769419556534816,-0.8495829372156269,0.8641992940746205,0.3181439418263597,0.2614591617279655,-0.33020004479815074,0.5804563806196278,0.9987602612347535,0.4753214073001265
5.529411764705882,-0.6245248156261168,0.6306787441676243,-0.5407704344608065,-1.8880585338277853,1.395168348478823,-1.1423902702526283,-0.1264620429567673,0.02603705818466237,-2.239281303493615,0.6792208294137628,-0.04250436777143453,0.7506898962716466,0.021317166820278247,1.031610965435482,-0.24866750466062523,0.33992156924197076,0.2758424499116973,1.3929689481695235,-0.7921616801187055,0.6499174099344792,-0.1669161996295307,0.30712487776731184,0.715095122929294,0.4555148598883056,0.5594947521116493,-0.5652739387396449,0.9422372132689866,-0.3227700113076113,-0.166993105317275,0.4865506603670928,0.42889800902192116,-0.8323814864027378,0.8277536494443429,0.2306879709327509,-1.0473097717905782,-0.48164094978829675,-0.21135168175909877,-1.2777991590152018,1.1050960043279316,0.6177374616113155,-1.336486421808544,-0.02541586350221738,0.5640949472019933,1.5544802416523738,-0.24694593179983268,-0.3770390566957209,1.63536574071549,1.0189225630903407,-0.6110963226674866,0.48159486521436073,0.4396247037638622,-1.4572365947314856,-0.8736585019974425,-0.2765259376250758,-2.187074710663542,1.977490413085378,1.1430332018324143,1.120543240536479,-0.4999914825592527,-1.2127045640810263,-0.13358586169485423,0.6066836157195354,-0.6966543762866617,0.4130276014541232,1.3802812690888269,-0.4885923438334419,-0.4191495377538439,0.8771671881758619,1.1686981199766606,-0.41668257690633687,1.4549544456260919,-0.7995149677700168,0.6294288357950968,-0.49486728156319804,1.4564254578856095,0.5523501898097326,1.948573234815212,0.32078549907660603,0.3531716157529896,0.5967204797995009,0.8431954471530376,-0.131051601579991,-0.21601741700042928,-1.0310027356927067,0.003246910350080949,1.1938646024220163,-0.8590711430099445,-1.2588356122196884,-0.8451763834692507,-1.3033542438835286,1.2971762730106622,0.28473694775302166,-0.08856912108103059,-0.06986316414585829,0.6356334785791611,0.40710895204116004,-2.646388011800926,-0.8027902102478707,0.9126933361923425,0.3647835209662592,0.006412499517887181,-0.5330088433456259,-0.6522029824400646,0.9988437981135274,-0.15466704854078422,0.09355499760815286,0.7943413366055653,-0.686077266950701,0.3041947509778118,-0.9420366472798669,-0.47589335686973744,-1.640955354295707,0.8548592768783423,0.8466329730030574,1.5309694775176872,1.0177731324713382,-0.023475926576631945,-1.1443437037781579,-0.6220238023462369,0.19401131362449903,-0.7420974746826733,-0.26156310240303104,1.006301856940034,-0.284698234046189,0.5710385404042111,1.057306766189744,-0.19747289367634244,0.16971977836403215,0.9902227060606453,0.4784074822565011,1.2219006473474616,-1.2508753533864212,0.780005061974231,-0.19837938194628058,0.08413657499513007,-0.22987295934369065,-1.0776800593687657,0.44097906080155486,-0.8034524213351332,0.07703068854773353,-0.8861742681600108,-0.1548842614463635,-0.9055610726540386,0.4808659935650675,-0.7834106602027335,-0.05714293532901901,0.4403283906086083,0.7355352146786774,-0.297707750259195,0.7719742219892387,0.7857324481781409,0.7477421302787343,-0.1717686980319652,-0.368760565469548,2.2747946404718635,0.24598400929890557,0.23343417862132773,-0.9640382156041858,-1.2359007700098759,0.26559102945379626
5.552941176470588,0.1432513857560938,0.7986367797982261,0.5930485989273829,-1.2511856499328957,1.5198990033857758,0.19101703172810733,0.4693039880206967,1.028499897859766,-0.32178669013701716,0.2587521526643764,-0.4047206781026579,0.5639723618180885,-0.0062337106928775365,0.7143583350787955,0.6901768508311781,-0.7314357594339257,-0.5584462416663392,-1.9274784196727563,0.8970546182850445,0.5717629812057907,0.45740031453175545,-0.7854923880974444,0.1394050263153579,0.25731844306657653,-0.33372221995342427,0.24886838019322605,0.21976217258048233,-0.9916766434946305,-0.16437875574596778,-1.7045674147040357,-0.8095777893880732,0.5650533133608865,-0.26516281353138493,1.1667781847161345,-1.5292848114358193,0.0023799151313132734,-0.008769703639515024,0.0660392701540436,-0.31487168663728243,-2.2857884188606667,-1.0559332329805549,0.6715789355216485,-0.14881058736381572,0.46882726134854147,-0.6643459658240326,0.047851137557235676,0.3246684974233129,-0.26201887067904467,-0.001309510905391816,0.31199631502529845,-0.9197568339267598,1.2719531010731404,0.900493965349807,-1.2304785359363934,0.5677194131751745,1.081331653123501,0.30932247690723563,0.1960979949396841,-0.014324047148315658,0.012884158889005737,0.20160553696373829,1.6881563644814812,-1.8283281293510214,0.5676548255472673,-1.455152235664191,1.7719498043840414,0.7791282542280248,-0.33938938551775466,0.7493786471409148,0.8071232388899626,-0.18450769223668612,0.2746014288343256,0.2383088120119035,-0.8322472352872692,0.5228730693837943,0.9521943829238217,-1.2447413192472372,-0.7592762405595139,-0.3268609853268432,1.1202606506580315,2.3470565577368863,-0.31221842080309276,-1.3927846732141667,0.269968633700612,-0.01717850041660583,1.3464439412477065,0.7864740935482621,-0.06175521801530135,-1.0940740404087437,0.31874121147098095,0.28876095145605174,0.19283662548469585,-0.19710135968550702,1.0941505888844107,-1.0951956519942065,-0.46112179642002055,-0.15962127679377952,0.856185553460036,1.0802305206535288,0.14550752887477855,0.36055384841667903,0.2928214624655694,-0.2821097881875226,0.045147348164094374,-0.9466001386015737,0.9758503546633868,2.0893049864179485,0.30137302646211267,-0.19238569344638215,0.7278032409588392,0.3368964685879829,-1.217903320803145,-0.2691950866569919,0.46320378307668486,-0.5409991939491884,-0.06975850734206068,0.6977120217584357,0.31655461712505983,0.5428575441756647,-0.8371530463684479,0.31840729447013333,0.8332378944020319,0.8829458228533317,-0.10781020671111834,-0.0915517130596334,-0.7046874077598819,0.5229123982529631,0.13823412509843877,0.4472657336460439,0.7438648623056836,-0.25643025453198354,-0.3494136140570334,1.1539408639360562,0.7510978106520678,-0.5185299294083454,0.25731552678284986,-0.6636312850278347,-0.9881039379904446,-0.6542822820878829,2.1206634609957176,0.42347637707105557,-0.09587985174467441,1.4274640149217894,0.2276826784384855,-0.530989452335241,-0.4957673873302047,-0.2423000981194288,0.9526910697002942,0.9075139925435823,-0.10535713362996223,1.322596571474968,-0.11991144141246966,-0.23533157292749446,0.7866598968511506,2.1047808475120418,-1.4972949837365919,0.29850361328186237,0.8639309709422853,-0.08839539572458043,1.288221702673476
5.576470588235294,-0.7814711171690074,0.561725140108171,0.2058556720589181,-1.9390811185452512,-0.8469777879816072,0.3819966433488758,-1.3303217127052913,-1.165457985140368,-0.09598878702416769,-0.25269972921875666,-1.376948619102735,0.06656603584551418,-1.0786465053800802,-2.066348828143752,-0.4202001762707042,0.8507739538154762,-0.21887818050326246,-0.4034243942007322,1.2721676837307934,1.0981780679396513,1.5585146314385456,-0.2663924375879657,1.570440769232049,0.8908879174661316,-0.3699883437723199,1.1050632877594777,-0.5973633669574671,-0.5351195073598854,0.5247775475381387,-1.163888409800143,-0.39224000247003193,1.6782841729051696,-0.8883803862213837,-1.5551033647426402,1.7963451020037633,1.8493827427441571,0.1625007124426905,1.1872605848844593,-0.03912825273669905,-1.2196535202864718,-0.18082393853291923,-0.9831690597875237,-0.7526086867623244,0.32834478354356195,1.3524984957178159,-0.4413761870790208,-0.07648470158020877,-0.9100574479140165,2.1964572799200646,-0.01807001072880047,-0.7045805934793913,0.31367353663950465,0.6162759331378962,0.0073108761020402235,-0.1555451805298028,2.2503004591393165,-0.78534041211104,0.49171399814976086,0.15663256110556742,-0.2684728511799411,-0.04710255571253477,0.6813478979773774,0.8008923731949973,1.2098472289396733,0.645197174133382,-0.7099999270345627,0.8524843088641821,0.17211726399848418,-1.5106517842503113,-0.25357462398198377,0.20538244132498512,0.19662007296686126,-1.078660969886636,-1.1164270683056934,1.118016683214815,0.49804451262182303,-0.8656300263098364,-1.3511511097645612,1.400261457017234,-0.3932806216261544,-0.5687322675603578,-0.6386967474045202,-0.08415514616686569,0.5704664823719494,0.6356271864029696,0.959224938397115,-0.97144746856684,0.6036604888808313,0.4280036564772526,-0.7420517512885636,-2.804937991039212,0.8617046046481499,0.6353535404643047,0.08931763237231383,-0.5037977122547938,-0.5154813209471003,0.3503225798113795,0.05190617906282808,-0.0719161313268109,0.2845649915860584,0.15969095385924897,-0.6365486894253601,0.4650735438877151,1.0382547216927585,-1.2246641118407786,0.8060971281227579,0.25830768259175757,1.6379205610695367,0.05038654109765191,0.6569046077529581,0.6239525781216151,0.5039741069248116,0.09837831319886126,-0.9465735579126697,-1.0258519390253682,-0.14151814205207167,1.0085757164502476,-1.019900368390907,-0.12472951350413732,-0.6450254217980305,-0.4204855704515575,0.11143091875605876,0.20982969007178612,0.30789796390383456,0.8194932375485455,-0.7115782661470893,0.4817813732148668,-0.3327711259412495,-1.787229356449152,-0.30744395612563424,0.3813018287246744,-0.3006270457772923,0.41919164858261776,-0.8404705553789311,-0.3663460136820905,1.2994688606482556,-1.2138669375877258,0.021025256411920327,1.23866666060256,0.36901685186273203,-0.06783465573691135,-0.744271180220577,0.5723557678568167,0.437053391005338,-0.9676344098992375,0.5296496063174645,1.4394618865555422,0.2811586819803964,0.035784452443878276,-0.30496853934948404,1.091197775056317,-0.6792359439098038,-0.8716190454451174,-0.04615529908877463,-0.6137951076605147,-0.9501873253603237,1.8620275633002468,0.08673589779781611,0.054678074318431635,-0.3232004005719463
5.6,0.008742629431247092,0.5718659148727256,0.17648916579456414,0.14545408662075926,-0.8910292585359767,0.12463042437612787,0.1510695005751583,-0.5841561572492777,-0.42523418143410574,-0.06666131623353949,-0.2943153483902736,-1.1272945175823001,0.24937265663662408,0.7900945746886904,0.6449730535827731,0.3895012731836869,-1.227951673629069,0.23191838766660047,-0.4246368888211099,-0.6757781636671326,0.7982613851185888,0.4770321345128994,-0.05477367114094622,-0.11495079875512325,1.6821634027643764,-0.48350449346843977,-0.190133222731779,0.3455448260639215,-0.24385422763392803,-0.324396984379708,0.5321429560738746,1.3133243142913065,0.25399630556829556,0.4413654617028027,-0.7278689113493103,1.359380544707202,-0.3709184267607969,-1.9182193318295895,-0.7002481338106564,-0.7754685344204727,-1.6665289581125842,1.0945899069282385,-1.3564061889793495,-0.47016792724367107,-0.721917001532028,0.21534065063192442,0.600544660059196,-0.8279719156402019,0.7951712365636958,0.5802571288593671,0.24774228105178947,-0.2038465552486195,-0.4937246095512171,0.7359758310803577,-0.09215573917307246,0.8372982955452293,2.4381804648977923,0.13027975031590464,1.7894427409199607,-0.3493302683401221,-1.207972894750524,-0.4821113632331071,-0.9525818447672826,-0.18453905176238172,1.3329217630796557,-0.567416609842482,-0.6899928475212649,-0.27826237216485905,-1.5631374913166312,-0.06355488315439163,-0.011135953303790025,0.43200991918669757,1.1302944609769545,-0.05912171705835823,0.7901825775513764,-0.4142112610906438,0.38946319108118826,-0.32789939570209253,-0.8762107533843505,-0.32325450691196034,-0.3238983582900857,-1.028049858966957,-0.20951958372634266,-1.2757507176616398,-0.2999863697163259,0.2778228179581613,-1.3184883395168878,-0.22503007211436948,0.030329452194920656,-0.6144669694717446,0.12846862109768736,0.36052550368283665,-0.4512464754653177,-0.40173933034265413,0.7501367993455821,-0.33280507584921964,-1.06994227460062,-0.06949492046284833,-0.18090491112417728,0.49839501490601257,-0.0027115574255758812,-0.8359287019557439,-0.3743716169755728,-0.6693289125480338,-1.1278096210502142,1.4574227074035797,-0.3046074119384197,-1.6901784943426408,1.0975556704120772,-0.0684238307402899,-1.9640781216368477,0.493996756524463,-1.6055659909611908,-0.71924066959271,-0.8524408508746424,-0.13733261911699382,-1.6614733333540783,-2.151491081554267,-0.34297766288031334,-0.6204295340005946,0.6186261729633866,-1.0912582246731826,0.00472490912443843,-0.29545512329069357,-0.5143230711473028,1.0235114939835301,1.546890797191378,0.6721265717289983,-0.8815948414667463,0.17764874071777026,2.2525949728377457,-0.30366943639143196,-0.02940014496326356,0.8954280467929375,-0.9646812253090911,0.5553448404333019,1.2611605544349545,1.3292988678978876,-1.3933129622465499,0.2687969071722706,0.08236884432756016,-0.5664316511199432,1.3680540763418763,-1.6117740613149127,-0.9065432648972127,-0.8088811981367734,-1.2346832554487348,0.5042975086271495,-0.5499503177568924,-0.6734730968313472,-1.3467072794970802,-0.716010657299887,0.9865197313230618,-0.08869634441179278,-0.5676586233836528,0.41070249083647864,-0.5218811066430118,1.1574158266711583,0.12600686274697195,1.062083191469681
5.623529411764705,1.4808530835278764,0.1864268611652053,-1.635997058948771,-1.018693735628519,0.4913727695785436,0.8940537264223224,-0.311272543711396,1.2671778058865668,-0.4144587285391689,-0.30065711132634476,1.3008921829892883,0.7080347636953803,-0.9211998276737419,-0.8140100773943726,0.3002943840881852,0.2911818456454018,-0.2445426442789941,0.09883249598060215,0.13700247170102095,1.2708104695400984,-1.4586027753255646,0.6289926280392252,-0.0009008027762987375,1.2935198156769845,-0.7972999464578455,0.296062567717172,1.231171974372909,0.9214525698748076,-0.5041890091586443,-1.0836952382895981,0.5832633300860485,0.09654584879550254,-0.20705847015307657,-0.014099900692526788,0.6785471784766693,-0.12893214022871152,-0.7009621147431209,-0.3467390378815867,0.6591566757315612,0.6231005907178907,0.13962160133417392,-0.4858607260736603,-0.304758385877208,0.4818328395025979,-1.1076129979875864,1.7991769180664214,0.4021858912267512,-0.7719238416107965,0.19641441677326277,0.6972735066312846,-1.612975784244138,0.4366769865634339,0.47839815251388457,0.0500021975126663,0.636541770696795,-0.6982963296083669,-0.38618860548993306,0.6403241430180117,-0.7303200209824862,0.3514084175337498,0.8501705957564216,-0.23756021612561595,0.4286322388344534,-0.4106490503034091,-1.4414731956830424,-0.9284858835263122,0.3955365807034911,0.5478633479123908,1.3601814048711498,0.9835526760335829,0.06820899066979437,0.42546972553322887,-1.6958907473094968,0.770142536527964,-1.2206121690366358,-1.732286282297303,1.060569653135003,0.6369301098528771,0.5562669308598838,-0.39375060278063834,2.600566734870495,-0.04700936008392548,0.8384488522010956,1.7716494846690625,0.5455388482557768,1.1272264200069662,-0.32032745956304176,0.5858122372383681,-1.23605120087266,0.5084503068157802,-0.9697703732109432,0.39853343833280824,0.8939251929190737,-0.005348351612167904,-2.582436424881844,2.1166328241391854,0.6840661568487175,0.7735112224065686,-1.8337221441163718,0.14247882051106991,0.5812573355070397,-0.9788839248200708,0.7280002598863001,0.5595148168853479,0.2903791201344108,-0.04928357457979718,0.8271450314711243,0.6570824521041364,0.802731617839078,-0.8835332091764073,0.9665767253639886,0.5207214544384751,0.6319951813404873,0.7579576940183778,0.3536037760769167,-0.786234615718059,0.6744078685803281,0.2750345425589707,-0.8765519419963187,-0.35781714353318234,1.3007527372593362,-0.37138625874114983,0.6918001089753226,-0.6055443633285342,-0.8690304795364654,1.6418121946724313,-0.7961247631171623,0.45335081633760865,0.1131588284748652,-0.4195959491405331,-0.23143504188806371,-0.8706779062712282,0.07239898025305207,-1.646753968762518,-0.47771965642209885,0.44128187341491026,-0.3569618526965782,-0.5265835309427528,-1.8977519692710534,1.126776332215169,-0.3281885643749287,0.8953720961136371,-0.861092870147456,-0.6024824518122207,0.4782024152067675,-0.12289213083267549,-1.1933832036406486,-0.9199498177959142,1.081795103553408,-0.6300836671221295,-0.8942184379288276,-1.1774388952636137,0.41876273890991306,0.826846873849065,-0.19306421832177753,0.75521893288089,0.8898927382768642,0.048407046427563036,1.0839759073810997,0.25947860065355083
5.647058823529411,-1.561423696145147,0.07691163614820842,0.11600125079026957,-0.44876319778353385,1.6416323293960386,1.2757439839003275,-0.05298271041449531,0.7006539112403501,-0.9712238349362348,0.33361789353274124,-0.009622710392238863,0.69631324461922,0.8877649267849477,-0.6502242340993276,-0.7254690678133123,-0.03774699291612783,-0.4114589566614852,-1.383443426712717,-0.6899334723603411,0.17231097259980813,0.032601817216076294,0.4972478728462093,-0.21362366298988741,-0.446955782786447,0.8046483068015172,-0.5832439751767178,-0.44890824258062684,1.3739530675342715,-0.8194988837474986,0.42467785171767186,1.3610936532463627,1.5012926260472845,0.08021983855584382,-0.9659172086634873,-1.0383831958801748,-0.16487316237864846,-0.5468637372436753,1.6921034907453147,1.6067971104895373,-0.7940494955020923,0.20399722306140522,1.028977630090226,0.2868019866208213,-0.9954284778700406,-0.39416185924488945,0.4552884873886313,-0.2975732466831293,0.7175778431437326,-0.37603626920435534,0.7181930355318212,-1.119702153914703,-0.5791506885462565,0.25331701134826595,-0.23013287930591148,0.432467521560216,0.2709344736822284,0.9553308873568854,0.1917384481048747,-0.5724231864727032,-0.24318132920022542,0.8101335762855756,0.4409345670897313,0.21198034204537153,-2.165555353086947,0.04052617227656288,0.7284711917787444,0.8741706402775133,-0.4941162130037731,1.419592019686106,0.29920470873089944,-0.08400414293784762,-0.10127790633513856,0.5035952092357682,-0.28631930644032577,-0.23834232086332452,1.9535428326569662,0.4470350201270264,-0.39215598263845325,-0.8397525028987407,-0.795503814792654,-0.9868566376268024,-0.2351335390585371,0.2820261832048598,-1.05823870332537,-0.6263236305610468,-0.4848620908828766,-0.7911356381669509,-0.6004967761666906,-1.530098097271799,-0.37822762355090883,-2.1160699846489783,-0.7033672496196953,-0.20609853466128428,0.3488228882776831,0.572454090316551,0.15830918506770214,0.2577929880467617,0.6693202302365955,0.3202762953644857,0.20919890680685707,-0.26882746087233184,-0.0259206503262875,1.1943850913100011,-0.25678903981652734,-0.130544894006202,1.3893380833856983,0.9155174340820552,-0.4358146232010139,-0.9548746682816833,0.6593208484516231,0.48103535819105464,-0.9522652209538506,0.5105303077706875,-0.5808349936020322,-0.08172750924474853,1.3965148004020573,0.6529161562608659,-0.7957432538882031,-0.38132020643654724,-0.5319672259986146,-1.6593677054280103,0.23344475020357933,0.938949028218266,0.9978584439986391,-0.23319124113798423,-0.6320232050093394,0.5761769133061349,0.45187400366528135,-0.4544552956636226,0.3887762995826313,-0.025180813940799712,0.49938970464550025,-0.8368259415334457,0.796988849011207,1.2128062142781184,-0.33370726706128434,0.9907289502311911,-1.0513958686063163,-0.14668361759817725,-0.45354811784012394,0.4566510578704359,0.6027245462409951,0.8853684194340097,-1.5910924172023364,1.0318909605501414,0.23639239314067242,-0.4327550186486441,-0.8048862313310453,0.3868255607527943,0.4702063417575719,-0.1979713032031889,0.35255233399404423,-0.28676952946608253,0.4676949043897719,0.49684886209362317,-0.19388882711080443,1.8163827642458386,-0.5558254922388645,-0.5651701947545165,-0.5707672523763688
5.670588235294118,1.3261804577333665,1.1716520164794273,-0.6570362205616386,-1.631780477782181,0.45630200298002943,0.27890674718998587,-1.439163280538845,0.3740802883439851,0.3658283087689719,0.6989864303270003,0.6338057776887076,-0.7569724927176495,-0.94170799874665,-0.7190529786340657,0.44535963029911185,0.47775965180783403,-0.45270897042478775,-0.48333741235395494,0.14801176551101022,-1.0596032341739212,-1.5673296968956887,-1.1641816587260558,0.41206671044123894,0.5989602221068355,2.086890372354152,0.33647351802086795,0.7157124945213489,-0.17626838691258848,0.19181362811796795,-0.8151694153349054,0.6907325287149203,0.11011553154583863,0.39554589134554585,0.5882473191193488,1.431857763798735,0.12368720043659297,0.4259129196552405,-0.09106508834069232,-0.22961959714757343,0.6253717610705908,0.8319222289443138,-0.883695924471412,-1.3408641288591523,0.37478378226467407,-0.548368096125206,1.1873892306041656,-0.9072378318659545,0.003834002564412608,-0.8298175417942214,-0.042357775113975434,0.1204758011700172,0.3092842448899442,-0.3212430967871273,0.7976307537134086,-0.7916120564985443,1.094782853990226,-0.5528102788988677,0.7390529403831669,0.30309252434595363,1.2697908901708275,0.8660342251551093,-0.021583633060832226,1.4592110244600738,-1.3560759132490579,-1.0670203515989702,-0.2896465123442115,-0.7907535067530377,-0.49846780870841284,0.7619110869895362,0.02762924971402991,-0.25011604402894594,0.4466038379710882,0.15863203105215104,1.2315597108461367,1.1279268432860787,-1.1174523808404455,0.535812909874227,-2.4615364262184496,0.572482827821637,0.385040428849055,0.06058330509323404,1.1352456764373848,0.7504375346006694,-0.5523852768854495,-0.1571453740619006,0.5372506976741459,0.6362781588958655,-0.9895008614878135,-1.617909464259215,0.49684314795928564,-1.054310588728194,-0.5893444177107786,1.8848341291216908,-1.1370436538217685,0.8003423868322224,-0.6391945252993328,0.4477326682116891,-0.11009379453246514,-0.4200964892372624,-0.8228679268352005,-0.5279802839524672,-1.0417806732650963,-0.7568772192417879,-0.5181901894008104,-0.793502541469647,1.152723843993154,-0.9843684150471659,0.761221519077996,0.29572187392275784,0.5679413132853428,-0.45451826288116226,-1.913754252375157,0.22233611825432764,0.47936637318439684,1.6096472767039316,1.847664682575749,-0.5501176208512238,-0.31926141113871215,-1.4630897914391487,0.5046868132765017,0.3802188923901902,1.0251254344610217,0.39128176521626423,-1.7970629235227684,-2.2243881109869204,1.4642436519807729,0.5588053103182826,1.4758543049552348,0.20537075156907078,0.9985005104990561,0.8400852127887776,-0.004070756729235101,0.11201626762123829,-0.7609060552210226,-0.021086621405228486,0.9696589275908175,-2.136759992213919,0.7648362369335086,0.5515687795347199,0.21116310579426542,-1.1655848367043424,-0.2808747154923631,0.23097613349207982,0.6095613581203841,-1.7762803350926526,0.34358332474498354,-0.520083364468206,0.12100505457111468,0.9997298146779348,-0.08739615291155532,0.9927117227921356,0.22192882545800607,-1.4798200781261088,-2.027864224929155,0.20498921570505999,0.06482035667456407,0.06346325846147091,-0.7755699448569299,0.7449313295931109,-0.8699358617353558
5.694117647058824,-0.459806057605165,0.5623838725566727,0.45644990394004975,1.0271562486374268,0.6087004544264296,1.070468012919609,0.1067225387037143,-0.031596914962960305,0.5648383901689322,-0.04662154436268703,1.8929085535560684,-0.13283208150722814,-0.11092526764730898,-0.36172531211549863,0.009812179954102227,0.958931505002625,-0.2196395090379431,1.7529709924081724,0.1503132445006524,0.34510490189142706,-1.0039825529198796,-0.5600097541286965,-0.05986387820799989,0.32962980740128767,0.0020066458294031387,0.6637833826935381,0.9448759359080201,-1.1279578807525041,0.3968561882603205,-0.8646496861448729,-1.4406768626507633,-1.2671307019464375,-1.2071977395125033,-0.07631684215765407,-0.5061663901371487,1.1434720383584944,-1.354530048319568,-0.8221054792621613,2.5177881011212944,0.48510427510739385,0.9355557117215979,0.18800291052888327,-1.313435356048105,-0.9318651712898229,-1.0615500711452945,-0.1432875170458481,-0.658072947168658,0.405723284326913,-0.06127897177961787,-0.4264853869816961,-2.506883836257018,0.714994254934066,-0.3084981369919434,-0.5437880083915427,0.15995758720638822,1.1817311877243555,1.5412475817149314,-1.5518158046274253,0.057710946364531765,1.0202879007079564,0.24840334844693987,-0.4521541531102463,-0.09288955178495285,-0.8341618747932509,-0.500862222018869,0.4963393435815415,0.3665922428836281,0.19419946884266787,-0.6854035865244251,-0.5418193832724093,-0.026013059865073806,-0.44959209150848617,0.6337102919169529,-0.25677671889261916,-0.4683349115988006,0.3047481135455104,-1.1984670801025286,0.6424412700756967,-0.044295056248746786,0.45709362079321253,0.9149026921906006,1.2249978575120724,0.40987021622058384,0.438222165352813,-0.49568782011246326,-1.0507019106178495,-0.1320275104846792,0.820908087828616,0.6001423865228147,2.0242075167437203,-0.7137195301949452,0.31134885207979357,1.4827076259647938,-0.5295315250476308,-0.9444952211016785,0.1802919188941953,-1.4488601362889673,0.9688400127227942,0.4634997028350508,-0.8783120435428986,1.255743681558304,0.7095072324428525,-1.352526458610441,0.3967822302969366,-0.3140420923521347,-0.6470088438508136,-0.954866927483436,0.7985545431888146,0.2688496556348429,-0.31823276089074604,1.0344855845421799,-1.093732322515427,-0.04071927879034919,1.5010955956704728,-0.044843257700666724,0.04163649298364631,-1.2762333020852512,0.09922752520039732,0.4292561910928926,-1.151128265953136,-0.6713389230433339,-0.6477741828405202,-0.06228242281333097,1.3837348337599098,0.6654481598516467,0.35444338868449193,-0.029143372556263116,0.858645189159155,0.7481190257651757,-1.2016831964694,0.514735122171715,-0.5397974105217235,-0.526621432154324,-0.4671897130255414,-1.119474007883915,0.47320435616064543,-0.8421768491089074,-1.9420913783894773,0.5767764427041203,0.215184596888043,-0.9969092742733894,-0.45436595400942986,0.7837938599635088,-1.2512557357427156,-0.4415409868475096,0.5941093086214778,-0.8833963925241198,0.5627196305969749,-2.2266794746773315,1.7148367442347419,-0.7340241495747108,-0.8755298148642741,-0.32406349850891386,-1.8847674722864993,0.5635378722087547,0.004651602946515492,-0.5909032285956121,1.262331628869864,-0.2971162249175808,-1.2612986345315556
5.7176470588235295,-0.655653594627201,-0.10977327421171038,-0.061266698680208,1.6965406846741289,-0.1463050683603273,-0.8689571229060568,-0.19642690160581558,-2.2902124805260837,0.9707899973779138,0.6035460513154174,0.44783288003224525,-0.28152576210547076,0.12380251262161943,-0.06426476007093827,0.8192188194123559,-1.2123660469553215,-1.4288955756096542,0.14914598282778627,-0.46270869377710083,-0.6985282634202197,0.6993404423961471,0.31386187814692773,-0.5201863060781112,1.0085341511263655,-0.21514554907417924,-0.01731114685775063,-0.8935405144425904,0.042362331890452375,-0.03348393723657761,0.21854233119011013,-0.7923823040517625,0.3576690619534544,0.535740070717225,-0.7533452043814678,-2.244261591098183,0.09376049947607544,0.3429720976629468,-0.6924942834588189,-0.18431990397158182,0.12403349342352048,1.1404903425667485,-0.07318152156031492,-1.5153649097696655,0.1421919891648146,0.5131319282914683,-1.0789030601492073,-0.01320115920076929,0.6814475340348548,0.09289854956397824,-0.1009976508407396,-0.8159124533304977,-1.6154303849045657,-0.3398868985461661,0.19576298169916076,-0.060180162194997465,-0.07436616157483568,0.5821573143489359,0.2624699330277293,1.0544723375934237,-0.8457875279652487,0.45468698405943786,0.06033486627072626,0.454746413442385,0.6957665828770045,-0.265984960447521,0.47927285898553973,0.09845277984517149,-1.0789947736092282,1.0210309433812133,-1.6029960850331342,0.3612706645648653,0.37297709836869497,0.9948806555772218,-0.630700216044946,-0.04226180885882832,-0.9372055464026284,-0.28621259930579224,0.0777893777337065,-0.9736699759208535,-0.10894373061285205,0.13299845998348217,-0.21221155883169152,-0.405235793467686,-0.30796802252791927,1.6615545851625808,0.479436546175535,0.7885745342579812,-0.19013285514451375,-0.36999400268124355,1.4083789875251653,-1.3589946726814757,0.9984074320250186,0.5663216859080432,0.5692816373386119,-0.5856317517613305,0.3364193939639388,-0.4501331795911968,-1.3705922907824037,0.1546676410642472,-1.0365209421560142,1.1720978887584723,-0.3021322996807023,0.6495378116601511,-0.24949839924163886,1.0951751324219916,0.23273869556242335,-0.35405972682323106,1.0703795487355425,0.4263712087330464,-0.020971768827857087,1.2805046831702342,-1.0993976420528844,0.2419622114751873,1.2260199287555849,0.007841958270793079,0.0953025661516461,0.41283950330557445,-0.057694728552068565,0.23355121840801485,1.0104138695318774,-0.1724176787063547,-0.26204606303798855,0.6057268534476536,-0.8165546136492406,0.2898698032504193,-0.46352597043017124,-0.5312326131581655,-0.11416699065860608,0.29801363878003234,0.6025606263533332,-0.3846568774653624,-0.5202386903208219,1.6091568670713443,0.07744837211044511,-0.39467012206471985,-1.0341626044587509,0.9185463716260931,-0.8901877178740121,0.5170377062555104,0.2819017112940821,0.5790286394937157,0.36289051833726543,-1.9809524651737287,-0.46419991344077605,0.37925452320858594,-0.5301922946099464,-0.4616408447497211,1.399655789057559,-0.31512342515001723,0.11538319249986759,0.07731738357784466,0.11450407175890329,0.2959141763496135,0.4449388805410172,-1.730499460109397,1.1308618103857666,-0.4065011418280674,-0.5086438552871465,0.23648187441143187,-0.40906546918771974
5.741176470588235,0.16386175192306124,0.9719111509329023,-0.30877724416633084,-0.6019061962147629,-0.33573902865176736,0.39123610364195105,-0.27711056661814376,-0.9736422362426226,1.0916022902512788,0.20004091015954534,0.20377395936930284,-0.46642963123121095,-0.5483941869337566,-0.34182772459647803,0.19707735142923635,1.0754070466216814,-0.25825057115885824,0.0053128461499063265,-0.899652555189418,0.010610093077839914,0.42205712327927497,-0.6142625052893232,-1.068189065636031,1.0587764244675553,0.7624426607153537,0.8220300316323305,-0.6321842755790167,1.3885545012224005,-0.8360326918915013,-0.7222455281386628,-0.3142551391349118,0.4725159686172469,-1.09885003929009,0.4233589457660543,-1.2460565928193006,-1.1145811803617407,-0.07462651419677858,-1.1323879047348353,1.143495574468269,-0.3187161394504846,-1.6104236652880357,-0.14976226960977082,0.7768932592068561,0.22538103904053586,-0.22268231326850443,0.1989522204640589,0.17202971297364864,1.5171775662128866,0.40071446238499725,1.3469677746633584,-0.9613572290020282,-0.5028174681999507,0.4666868784254402,-0.017463403809841987,-1.5386249176551086,-0.19654860266979424,1.0410379819949802,-0.676430850474532,-1.0809865083023449,1.016623398517036,-1.8544488346945172,-1.1159928760820854,1.1591329460913282,1.570190896879278,-0.46185209850344244,0.23045305790647774,0.263408165870457,0.004304355012311662,-0.044387517888901544,0.34863113299696236,0.127222427428845,-0.7134535544526398,-1.040300605360879,-0.5020793430796132,-0.035216304523410395,0.6818851899319731,-1.046264590136182,-0.9297258703859199,-0.09711092648394266,-0.19577527594456032,0.7833627358162742,1.2426364301392534,-0.2226927851983975,0.1938280233693293,-1.0533851804278644,0.2789257788037225,-1.1110518717704023,0.3629155552578378,-0.477331184659723,-0.35947611559175413,0.13892574754727846,0.8817418313677613,-0.4167818965018785,-0.5406962079049698,0.6676947038818635,-0.6677285429410222,-0.5956552670740886,-0.1451605730192902,-0.0922452542327052,-0.8668445893014882,-1.7405124354415427,-1.4016201527848162,0.48698391324399215,2.767076778158867,-1.419185023125784,-0.727797547405313,1.1244505749640659,0.37992202508192563,-0.47281574916330227,0.7101673203684402,-1.4847633008962908,-0.3964404953853661,0.6305450775321256,-0.8146328910220987,-0.4784925186207576,0.8313646135201138,-0.6896924403550401,-0.4131320461713132,-0.8418873032269398,-0.40349510426971635,1.282562688803188,-0.9099340840572077,0.11980488774919397,-1.8372769594329228,0.8790604386550487,1.9026255929312204,-1.03673939019791,0.28454982210923274,0.6629766633011519,-0.90021946275441,1.1013867492843439,-0.5007963731851341,-0.39363187795262605,1.8636363146379162,-0.08060975455389825,-0.11584506627344719,-1.236860209274771,0.963670214405335,-0.373492125016762,0.10554320096267275,-0.35995860585010486,-1.5542699091258458,1.1235861336345128,0.25706000706003934,0.5686135158561498,0.17838260279049614,0.20586661854001811,0.6010601885793252,-0.6014265321105062,-1.2811384457072381,-0.5203189873262413,-0.17071895029021825,-0.27848504320429496,-0.7009502990604356,0.1073984051472944,-0.020241575990886777,-0.31078886553735674,1.0004602746809625,-1.3520898849034986,0.8715282479494328
5.764705882352941,-0.5516631796629164,-0.6210764587358107,0.24909058512834664,0.2605847111183484,-1.1288273745139443,-0.7531986691111848,0.7222542236429843,0.06889136895194638,0.13527866746817732,0.2076435459409022,0.3104792702098392,-0.18033836705360803,-0.0007640175736005763,-0.9719447386862405,-1.2604725806491883,0.606336809050265,-0.9696861026721101,1.027153166256423,0.5650490784058094,0.13222785318688596,-0.7013812692452857,-0.6776549338156065,1.1282152937142256,0.2385489657011184,1.3508880354677344,-0.14026367085860922,0.7768842186361943,0.4632723661620008,-0.41883412753681715,1.1764456168036188,-0.616686936599699,-0.7127562548777896,1.2350314657098205,0.47903692458319125,0.08639382104724917,0.9642539719110795,0.3235651051477885,-0.17991358212856504,-0.39948981897370955,0.01746678376694579,0.3708797701828873,0.4246721686538685,0.692617883307046,0.9796690416428315,-0.36282171459532264,-0.9689214365044998,-0.04191478152098735,-1.4708729671803307,-0.6318110655283856,-0.20270469732153185,1.5789481123974296,0.1765743852449342,1.3195420483435378,-0.45020375008043856,-0.4096659745549246,1.131160930243837,0.7975006026670564,0.9471050980799611,-0.9763323087975558,-0.3539165325070264,-0.23014369936243617,0.027247379412073284,1.355987719485472,0.5680739802357397,-0.6465682451544015,1.354614722330332,0.7780545667091987,-0.8560669395516359,-1.0345085302851735,-0.6156638218175758,0.353870324712202,0.7533987946529288,-0.32137433853405284,0.40303821164423154,-0.3391392045795286,-1.377021216289475,0.7161572370488273,1.1976654229048829,0.633902230778295,0.32819018942840833,-1.1071573599431075,0.38141245429833315,0.5625297389954791,-0.40319046951061005,0.09626460302711994,-0.05092222720552354,1.1957624558906141,-0.30615475902360306,-0.29948964728238886,0.7763458124000825,0.3482176393589389,0.853298979686894,-0.07702734644874981,-0.45841042556633677,0.09020569298612294,-0.4114013881672969,1.4149857758727737,0.5420959659095318,0.08621957316797275,0.4877001703370003,0.8154401973491149,1.1021215884348914,-0.44217617026063377,-0.5874787187846969,-0.8234125291016694,-0.875531126052143,-0.8521281715798537,0.052955027330344843,-0.6240081638026431,0.20484912520856816,-0.03885363878759796,0.7983163488184138,0.5255032361096066,1.3584489553547532,-0.4619784517031773,-0.9236149413903167,-0.5604753715761459,-0.5631480618004723,1.1259229582358248,1.501389933181907,0.2503347501683624,-0.21257034893962123,0.4361617364870717,-0.8049849089822217,0.10234980316665172,-0.10224817489096615,-0.14055016465506473,-0.179612748498188,0.15312840684153625,-1.622502406237014,-0.3127691576389003,-1.9250106497014539,0.09557113102545843,-0.8980943681883016,-0.8001578667656467,-0.09529189669876781,-1.4813373001528427,1.2951186795341716,-0.1366399549789721,0.4417366089099143,1.3504987852402364,0.21819470756932358,0.9801384327595307,-1.7733703394308422,0.8259597898648723,0.9700059014068901,-0.8834524491327135,0.18393895998742446,-0.6611889038227815,-0.3734903632680328,1.1884953308743067,-0.21411975285417825,-0.5892472027432197,-0.010540105643783274,1.0356481031007305,-2.160292812661215,0.3875674980270037,0.5007568507127481,0.943041953579074,-1.0784525391871844
5.788235294117647,1.2973691609967226,0.09572540596285341,-1.1271945284975287,0.9449102067398778,0.05114927171939039,-0.5853929911947409,-1.4525723597042817,0.16436812148128999,-0.45590195853273513,0.08035133253434933,-0.9287426326473256,-1.2381329272481567,-0.3420713051646931,-0.25263544519581843,-0.6399440509978273,-0.5423344645316155,0.4138112789715387,0.41137965236058954,0.0785598915212401,-1.6597784568955638,0.8439848587599861,0.3129746934885678,-0.9137888829560097,0.059646103420608956,1.008545059866826,-1.575060145569249,0.2925714774891258,-0.3024511737511919,-1.6790677037593265,0.15931391882544682,-1.7128928087423794,-0.5201698966417381,-0.5046519964069047,0.3586138532753297,0.5931029399486479,1.572395194414037,-0.46926005287156397,-1.3726206510395023,1.6216582603124332,0.6876644158885964,-0.09349198018376084,-0.003101149800424482,-0.5680314850565156,-0.08324128590572566,1.0615392777478827,-1.4791093281962122,0.17067316420309686,0.20814050012414984,0.5029804859256416,-0.5917141252486237,-0.20885749706595716,0.3992753422564307,0.240749161240053,0.20816790773991067,0.9152959887141559,-0.14340896092593072,-0.045514926613206906,0.48186294616871045,0.31416861793479,1.0159967376438055,-0.734911460115403,-0.5735506674178985,-0.31687551438351963,-0.09652730571695606,-1.0978285810670307,0.16378517754879113,-1.124572528355818,-0.7812879037139406,-1.1937887547376829,-1.1703223983181419,1.7246023921640246,0.259160665741272,-0.12493302225857,0.3364817932561157,-0.3889724482047646,0.2983507256349316,-0.3411956400667071,1.0471709513009269,0.4205391213347685,0.5798164256642953,0.009011376244457149,0.315353118046861,0.7889656656423532,1.8322162696395898,-0.9304665110652648,-0.15467942159489403,-0.43792355622256557,-0.5302313762955546,0.7231129292350628,-0.2265987966869391,-1.0233309644389876,-0.3192031478798328,0.32675297208358334,-0.37366534706355536,0.18059402665452293,-1.5755458307114134,1.0000802317013693,-1.4220689639902773,-0.05259059375831313,-1.069008786662966,1.5909130193759173,-0.7413024970461862,-0.6869695076157459,-0.07286989268434063,-1.3569214758493224,0.834278180747529,-0.6020344837108804,-0.5217952890389529,-0.20654205851932397,-0.8074473634680428,-0.8435369322733669,-1.1571006614713824,-0.39663832252947956,-0.5428507592659669,0.8048719215980001,-0.6752359363626529,-0.24614283567220804,-0.8049253281403719,-0.06665760315105446,-0.2640690469707628,-0.2695962683941767,-1.1834022905639516,-1.790269666505691,-0.0016184956254565051,-1.6502520965018805,0.1649716228996298,0.12391447661579849,-0.08132165771590946,-0.7974083175446555,-0.8316107362934504,0.3784998103628409,-0.2837810823715886,0.8682742466858536,-0.28354768162181915,-0.7405179724602658,-0.2488511808191501,-0.4583605856430192,0.3232616009968031,0.16743993490941786,-0.9901709997084357,0.3091948214001017,-0.5469902785379434,-0.5353702968061197,-0.8914426586033107,-0.04965181106021004,-0.7394150310264913,0.5039116465542276,1.2210787327000028,0.7015918038005828,-1.1465513332288568,-0.8494489896369061,0.004832633560123374,-1.4956411072266005,0.5238219878479587,0.374852881554721,0.7371240793230508,-0.22863264152251292,-1.1807796316007573,-0.7827038337764796,0.6314761746901164
5.811764705882353,0.7615082093715532,-0.05447727177595722,-0.24528050160749126,-1.0174627703755157,-0.5204611852535488,0.3751162621324703,0.6839552121462867,1.625728887591281,0.15459217408286016,-0.8055814928361037,0.1857397647006843,0.44457327269059665,1.0827781500456815,-0.32116699340208194,-0.5888538905401184,0.6949648768291781,-1.0855026054250259,1.5007745420250367,-0.2617022383502938,1.3224651474788984,-1.337482107128869,-0.5522703584687677,-0.7402604780438978,-0.07506724435757366,0.6052550670144594,-1.2626305442948387,0.3548740456590709,0.3608443099224716,0.16545477274306888,1.6543898176364191,0.05806960129956993,-1.3587475224327754,-0.6901729574997353,-0.16013424656159864,-0.0809458329987666,1.1559594287584538,-0.0988977814904343,-0.5913651678812932,0.4624246138013946,1.1033467451688017,0.5824798403220993,0.5413379923434648,-0.8877267018994197,0.682156710016256,-0.3271344899353595,0.2302176662500253,-0.020722563910271885,0.8476234099989112,0.20553042875469715,1.1100066323780944,0.4428285174009893,-1.0022996964489308,-1.8859932486760933,0.46706050512074354,-0.9743316407743753,0.2945049798491896,0.7056867457690668,-1.2686377762798398,0.6515451701304238,0.4073019619139209,-0.8696802691455406,-0.5609333647083697,0.647741592745786,-1.0270886236737993,-0.0529352014114636,-0.7419247405250566,0.2762556889959506,-0.4211135318212453,0.38591179227367095,-0.7484830730119255,0.1992734774898244,-0.31813334854364367,0.566179232106845,0.8149028439074797,0.3803691467460502,-0.36663411635689785,0.36894222091449125,0.3270834713951331,-0.6528618807506533,-0.4938642829372771,0.8195173708339377,0.7492172997525649,0.10685137467983677,0.448480409889377,-0.4719559076559341,1.07943149345507,0.2846949337894346,-0.18805676998952042,0.6318253680055855,0.9359348598534726,0.6111179944440344,0.06045027007052103,0.5162146319276595,1.7925129926745784,-0.017243521838068147,1.3131955319831201,0.15103342249555896,0.028971061615988163,-0.3488890125955378,0.4857510654601313,-0.8798439551993884,-0.6528090145489343,0.9073370947285848,-0.15449606255052029,-0.04594705925525138,0.4486814820300236,-0.8987418174400729,-0.02992456683017211,0.980288465079523,0.20020248981757194,0.38055268692736743,-0.45053481215675323,-0.19283120106741247,1.6807563132112906,0.31600275465344957,-0.1732538998942114,-1.1502803478784167,1.363813812478373,-0.016014284324819165,-0.8489391108052559,-0.49307506879140994,-0.6937627583705882,-0.8497357017954508,-0.2589578160856489,-0.3740110167283896,-0.40795366323823035,-0.07133966138457767,2.145514456447994,-0.703022743658971,0.5450655000817617,-1.765440692670352,0.31470370541521486,-1.2315661391408232,0.9239153602163657,-0.563095459496709,0.19488507601453997,0.11534725453103517,-0.1837994590362036,0.019298587338822344,-0.7443440303465123,-0.08003433055466888,1.3542659951737557,0.27587197937067204,-1.243439127247747,0.7832285156670715,0.39435991628952494,0.6509374715310108,-0.1118957258065789,-0.6662757103559169,-0.604872289780607,-0.6705542821033269,-1.7101282999160992,1.012296301487484,-1.6232858047024237,-0.22764717931501396,-0.4203388216386789,-0.23654812149937401,0.29616383293422077,-1.4758582324653209,0.5225809436663649
5.8352941176470585,-0.21989386041942247,-0.44394136326760786,-1.8120391378252694,-0.4921690517640096,0.03977248144556024,-2.1953840816246095,0.13430089501456552,-0.21819158487738172,-0.49110909229298316,0.40891066991744146,0.4228605898737062,1.1041858410137848,0.11361878658369128,0.002080531632111425,-1.3937333880764065,-0.3963625667926511,0.573381955476025,-1.0281034088848071,-0.8128855363401233,0.2800396536213299,1.3719939402209322,1.3505313754357562,-0.19142530375937347,-0.22818251307212958,0.6623155186013524,1.6180790969941492,-0.7431071916278718,0.4197022376714009,-0.11933185916349864,0.10292511081302792,0.2283124268411929,0.31318943928219556,0.1412223032281328,0.09133375133813154,0.6366289547857846,1.370982403114464,1.5106148393204974,-1.2811003283034332,0.7626533869372001,0.7177082573671377,1.015313841026577,-0.21967113334524357,0.7566249962705276,-0.05879447985142112,-0.28350465700779104,-0.8137219134072845,-0.25534261748587483,-0.9975258587570706,0.4057185827262058,0.02152730847814993,-1.5603374112854291,0.9967170658476784,-0.1723677410910356,-1.2496854580420467,0.5700249032429436,-1.0304523584401863,0.5455941924647724,0.6626741687934989,-0.9425319359952876,-0.3876087467039638,-1.0447512767700595,-0.8254397861233509,-0.1360821463650506,-0.9373760512542552,-0.05921886883451364,-1.1168527637208034,0.8652731135777589,-1.2699896486623607,1.053950605357793,-0.07984012359452894,1.7883433876476074,-0.3623966706686935,0.055087613905557116,0.7930709272143803,-0.1698857005205819,-0.016685211962666133,-0.4964610702537793,0.713070799210194,0.1488188728407302,-0.3558968765776803,1.4403114458202715,-0.7344381065565624,1.309839138454166,0.33561201633052634,0.4571199690900299,0.6822836165782922,-1.5765018418329593,-0.8903903781198889,0.8202806262254005,-0.027228629471868555,-0.20009558105726102,0.19461679989584107,-0.3863616667110082,-2.1409656639954435,0.8973579716752292,-0.1929059233335253,1.0414493843227572,-0.9797667576486172,0.7060155679103228,-0.280726709859272,-0.5389903995865689,-0.38926368636337827,0.416895994544917,-0.386283611287252,-0.768412009056179,-0.014571816551436174,-0.4187054874987155,0.13164047107789573,-2.6666523824266766,-0.6162570601688958,-2.0441466322139763,0.18170022239159253,-0.011621115730604994,-0.6367383358769159,0.29284737941013655,-0.040547301130890126,-1.1260169658331944,-2.1405813400193847,-1.7175096719860583,0.8665247851897733,0.7242999030550985,0.2977243571851394,0.7293490290708826,1.8436409741346007,-0.2443318408940424,-0.31343710282562515,0.571869206597077,0.0966611014897954,-1.5711813525604383,0.7811912809120571,-0.13715328161049048,0.13556691791749403,1.1980476018927804,-1.1127184101954433,-0.5310949119372566,-0.4847496337366389,0.7856728602117475,0.061829037470869756,1.3891962516110126,-0.5609451828236796,-0.30378559098149854,1.1361064585507348,-1.462553006509563,0.5844848663590981,0.1278986646183558,-0.5896198546942296,-0.34754450585846075,-0.3760888919759168,-0.10701188031495412,-0.6917354792596694,0.1655974144234665,1.493434668196719,1.4071725774155488,-0.9451731072164503,2.039631670407295,-0.423579550546297,-0.08963200398209391,-1.1098832459707664,0.8278542108633762,-0.6729899325711991
5.858823529411764,0.8454115200533611,0.9067191148428438,-0.7428084610082474,1.0421230430377153,0.0384419398639164,-0.49261561784183455,-0.6734277624646146,0.26615650303384336,0.6395533955242745,-0.31263224284873725,1.062350216278926,0.5146962605408169,0.38034391345623025,-0.25846664285404636,0.5607807045049554,0.29934535655383837,0.6405963907012274,-0.06971495559584895,-1.1000108498480368,-0.6651536124895926,-1.0396632160429942,-0.6141387274589094,-0.9885933645164906,-0.2081488784782057,0.3942515306446861,-0.9352771516795431,-1.01385558470146,-0.10477517635605114,0.8431909500848601,-0.24649906812590064,0.3023398035032899,-1.1564344051507947,-1.4386172593646842,-1.7863361068024488,-1.0999249418786157,1.5844442978947588,-0.36143336294095335,-0.09883250744517202,0.4501066467120626,0.29511303254294124,0.6389323334032645,0.03605437976533021,-0.0739610258669172,-0.8756053853939114,0.27419758560850094,-0.6082389939827783,0.6820454632336169,0.304680352422595,0.48641879330626103,-1.5700629785988867,-1.0527041983334449,-0.536298762396495,-0.25779279690066587,-0.3824579503767724,-0.501697747777559,1.918090005508135,1.052565784468143,0.5719695652632605,0.7196729428650657,1.0841885160659788,-0.4348810733218389,-1.1438427075997255,0.7797909084704145,0.36453155258020387,-0.35303257938679017,-0.07370752279491888,-0.49176503714520925,-0.4378491229678805,-0.2584655381737955,1.3441817882809632,-0.887824343752177,0.015860049447193828,-0.9163478479836954,-0.2682676364087964,0.333304020708461,-0.4917989584722577,1.4284078248772594,-0.277213531111712,0.09882490123176002,-2.0631872372087123,-1.2217896955827146,-0.005733337959332113,-0.6951356435237609,0.9318333058712213,0.3976009021107835,-0.369792930974666,-0.22210987976340438,-0.12498741419162708,0.5933554380300473,0.012427518037808031,0.1566805946391277,-0.3750278208658446,1.058943020881812,0.5197071451684365,0.964109576776792,1.5928810742497745,-0.3119892191699792,0.3756421706705095,-0.6951745531993461,-0.06798557990059201,-0.353957061505269,0.8171785639880798,0.21572283055644828,-0.9907673055753009,-0.06045893938842453,-0.1335623489848289,-0.21884747228966595,0.2548262136331456,1.2414243765260171,0.592259690522815,-0.5022865757614985,0.7311960636843741,1.1884387412878152,-0.03804786865453246,0.375390431043398,0.7135914325981078,0.06759413578247855,0.12029150726226237,-0.39808773671762204,-0.16743515852617666,-0.9448379366019424,-0.8093638671562815,1.3678452020093705,-0.37686489049131655,0.5369351616209044,0.9024498742314618,1.286890883175085,-0.021281304106399605,-2.0202622266330033,0.6739860862704451,1.153346714665842,0.1102615543286473,-1.1170451882030197,-0.010433903203766757,1.8537009191491804,0.3664288810677961,0.7493897353862454,-0.23509808395470563,-1.8493992678699396,0.7494687550625744,0.19395248037940435,0.46810800198162894,0.0754751855374819,-0.008985278431258016,-1.2539151100784176,-1.0477671570385805,-0.5824611417784904,-2.3721936323918427,-0.3083644634090992,1.7534891242669095,-0.5300928065504952,0.7827540597814672,-0.324417217324259,-0.9539069708598212,-0.9076303614943961,-0.49780470921058523,-0.3411893080313683,-2.0182859027584157,1.0975795698902262,-0.7415956468378705
5.88235294117647,-0.8305336035218652,0.9807489638347882,-0.4656683320333447,1.7807386039383628,-0.044721381593870756,-0.3824869192939676,0.5325362135184247,0.07406084471434475,0.3642470797973926,0.16871673545698881,0.030983454956872384,0.5431114486045826,-0.9315598407641046,0.7211112703816314,0.2050206963900734,0.12363801862104506,1.1416573330207862,1.7598991893873281,-0.41941338227604935,0.46587200382620086,-2.138035227139654,0.1683870401831251,1.0832515785106418,-1.7313415986783853,-1.3580217395235032,-1.159553431245028,-0.05342664534485268,0.04461915590314161,0.66495531251252,0.15939191280189846,-0.43145093900526277,-0.7372557349338615,-0.49075597378564173,0.28408044142677635,1.3652645786592672,-1.0197759546895029,0.3831751541662563,-0.04398371019182298,-1.2474973615129996,0.8043652305112396,-0.7311609974994686,0.33698103133572155,-0.22629574788615486,1.8023373957782796,0.018059462235382583,-0.8200307585998355,0.18484097120250598,1.289736278642786,0.7152875464563248,-1.0164088058099876,0.2817603762001818,-0.5737887647858949,0.593227212145954,0.8507287301443344,0.011105003475580988,1.6195090530070486,-0.7300808789555301,0.6031858383851629,-0.7846696718433763,-0.4897756731597901,-0.8653821334385057,1.5238893368947932,-1.2862268125032417,0.23011193261642945,0.7470441844699021,-0.36815398714368913,-1.3332475006948357,0.3076876415441594,0.9248099761414246,-0.2630140284266881,1.0602232867585655,-1.2963244786735642,0.6102185350873987,0.2468345762568987,1.0001912600854859,0.3238776904826933,-0.6163741894285644,-0.10165824291252498,-1.1353698624388016,1.5548775709915519,-0.5359983959464885,-1.0496174021416333,0.7588879941453759,-0.4985718784208642,1.2216510811769568,0.5335836033871607,0.719211957034095,1.2706970035400689,-0.06158959523659011,-0.38987533433759347,-0.39319496308370744,-0.6677894739269843,-1.4696612544574283,-0.47176099563909063,-1.084197040127285,0.33274963333356683,-0.63015161903396,0.12991235599782833,1.3742883828256411,-0.307841202386077,0.09388288466299423,-0.747685789849394,-1.4006318140529082,-0.00960355349552126,0.6757502567431021,0.7559608125285909,1.2529985320168047,-0.877304151489531,-1.2454993585372476,0.04470972296293297,0.12013865047207371,0.9169602788829037,-0.15387150020659454,1.2017059755513912,1.2825040238022767,0.42003808019966393,0.9777650554704647,1.279379589822691,-1.164889588183555,-1.2455180350235393,0.09880280575149442,0.9602977987327046,0.47379422615312855,-0.5137820223651152,0.2679328809081389,1.2029903068758914,-0.2155189266768948,0.8891713823150864,1.0869049249613971,-0.8947667048776997,0.16170283858721676,0.6775678800209963,-0.6445945709477605,-0.15040036562822534,2.638982451888339,0.9079885409710262,0.22100647757430664,-0.48782021512078483,0.09099335198077865,1.321233681155815,-0.05920032232566283,-0.5462324686900059,-0.41095587807223594,0.94850848736537,0.21302647577765998,-0.3633580801478507,0.9165811742019381,0.9974182006458181,-0.7399215271112082,0.31923002907499526,0.29796363970716294,0.05488474173567105,-0.43254289481469477,1.7853907676617689,0.8942818418034388,-0.6375300080426719,-1.9523723470882375,-1.0707447977274027,-0.5560106609865558,-0.9195599914809408
5.905882352941177,-0.3209008365259091,-0.6978588665702076,0.43444115143418655,-0.3363142843423922,-0.4513246951524677,-0.043110159031656305,0.025385021906436638,-1.3369086408401767,-0.3096083965752089,0.6816333267654614,0.7534498356835648,-0.4010249855247905,0.00958724466885606,0.9969915387411432,0.29021367915755364,-0.07527915135200082,0.15043858675441063,-2.743739010606064,-0.6725011301668534,0.8276951395666508,-0.20634272098120818,1.4178973005285467,1.3843014315555138,-1.4281192323763952,-1.0526272077544703,1.1310189714336492,0.47298391703610726,-0.7026302489977005,0.07878233705854162,-0.7313818176983921,1.3152842892131758,-0.3339646560171561,-2.0515702639658646,0.8045097757986752,-1.2074895366363836,0.2210868615638038,-0.07274341173720542,0.6400668628449807,0.5754390393311962,0.787123016755069,-0.541367375631095,-1.096471306562433,-0.3419878223442509,0.5852524867420602,0.3137447206016562,0.3150298171776924,0.2396635159145209,1.0298938776755102,0.09944746133454904,-0.689184657413701,-0.4121386410450894,1.060046449894514,0.2726056705770444,-1.3174843118906057,-1.2771504907208773,-0.06353244947535988,0.23669163650348893,1.928630306345919,0.928168284255653,1.5679061933494762,0.009203360788679709,-0.2977268065486373,-0.33750894221931366,0.13613276733996574,0.6328107641676384,-0.03386631978662219,-0.2819598814026405,0.16191695565396325,0.4357163008496013,0.21824561540637788,0.5149140453058002,-1.4215521825608715,-0.2840006143618294,0.13189161140585504,-0.2304922623405984,-0.5047883860420922,0.8685575212514234,0.026622439664194964,-0.46430147381096015,-0.6618420382721172,-0.1952886060479027,1.3384215443831404,0.08529727523123802,-0.7770432512302323,-0.3037170236369025,0.837242372961904,1.2689414767274987,1.2352699896400938,-1.859644752966976,-0.3390699886614985,0.856896200215607,-0.1902401187064904,-0.26995496593123797,-0.24418926021203569,-0.3295533853468958,0.5457676133463031,0.37141419730312414,1.8117742136701636,1.269905350672492,0.48710859525660777,-0.5706811403032724,-0.18558424222667355,0.7270532564006584,1.22336500058055,0.0698551402091822,-0.5656447049818221,-0.6414179433184228,0.17002783024322074,-0.2327617226141958,0.792767950594324,2.1332840377932945,-0.30524084804452034,-1.1385141901912765,-0.893821333101486,1.5680637450047807,0.14391318050223917,-1.186042861930616,-0.3957556769825325,0.6482093135918985,0.1224987036351481,0.8599721912511501,0.22705711225923889,-1.4223097665231617,-0.4981301991725545,0.8319488767972264,0.6084169808883828,-0.3481310152140102,-0.8042616851297725,0.7347139275922733,0.5733910931230723,0.07896230071004522,0.07212799158502975,0.41747575296730166,0.026859901877806045,0.4661579833539086,-0.17115813664180654,1.3108091832348676,-0.8750385140209861,-0.24376874560188885,0.9801922219074763,0.01714999079599399,0.2130353093089234,-0.6801752699976401,1.4570261164222422,0.6810975986492128,-0.2718862817558705,0.7683864661174494,0.9698001069222311,-0.23703508562036407,0.013134994586161278,0.37503331600286965,-0.7207958528506503,-0.054047578319605945,1.6118391235438798,0.8912383631790451,-0.5222411476682074,-0.5019264145519121,0.2545428023809411,0.2797879910485687,0.22986054224697514
5.929411764705883,-0.42510784089551285,-0.9007149240843846,-0.0444523193890453,-0.5045724440585346,0.49979759175421473,-0.18016696255511996,0.7905528425102866,-0.4865681108712503,1.1591044589720156,1.4410053048754767,-0.43372280487064474,-0.6386214324050583,0.9555459235972354,0.03974427209233469,0.5057831012935875,0.14458867184595814,0.5953088771723221,-0.6771604483422512,0.8970373525546366,-0.15960508223350348,-0.437687820937535,-0.4813661104759098,0.5715411760950196,0.2524242062101686,0.19679857998276692,-0.5684092609510988,-1.0073226736343348,0.9300259807923076,-0.31637827601565877,0.018610936083765777,0.8404416306375212,-0.9408769091717997,0.1033500515456227,-0.6387190434921296,-0.03571958109116651,1.0580218519440985,0.26513696467209796,0.050589150539194036,-0.2955899691038129,0.48917970452316223,0.7734100121425344,0.19530829790265242,-0.2600087091526445,-0.14464628072766136,-0.03719196010226205,0.3792304787833912,-0.16083581314000878,0.6790671987351024,0.262737891320939,0.3556188004817952,0.4761962439196412,0.3147374831451701,-0.4503127939507412,-0.98607540921796,-1.0138417066267087,-0.9778884566570666,-0.012796067438886496,0.43468315244922556,0.07706420877270434,-1.4157761095401205,-0.9158554834794238,-0.7880518757141135,-0.1100030391168981,0.0039175610923205435,-0.1564679454147283,0.5304962704999003,0.16694712319893087,0.9353507091434712,1.077778696189786,-0.4396857382027217,-0.8362107049130056,0.09460421067042593,-0.03818269665116376,-0.2578441590313381,0.6936564552644173,0.7091417788363127,-1.243982507763261,0.307569443582871,-0.5815528640451824,-1.044449301716532,0.7660450593992311,0.11047608456416495,-0.6478811479611967,0.608722050485735,0.35893329094986315,1.701751320039515,0.9698484273907209,-0.11902218517730394,0.2952765862424482,-0.2194715530353263,0.5714629144437913,-0.04298393186449666,-0.8851195414814622,-0.37555180665436644,2.086456395396035,1.2668354133830968,0.6981252326862428,0.8953153454850666,0.3140228027775819,-0.12407183505331985,0.331670840714246,0.12759812494119707,0.6893063489095715,0.014418515661550715,0.24589674656091676,-1.4411544578664972,0.41548487368772924,1.2474707096458744,-0.17887052834507236,-0.045118552243130425,-0.35823359583910214,-0.32046146982958,0.48698690571064074,-0.72010790854565,1.390697623998005,0.2953129532733681,0.7195689347956449,-0.9997875602190653,-1.2459723963357952,-1.170501085447021,0.46344332787248976,0.23095515693473276,1.2678808958110028,0.5048582661042169,-0.43871334815593194,0.7612739309839416,0.20556217746623737,-0.10038460588827489,0.9017515742269971,1.0298325997784528,-2.2881747960818415,-1.9342815554163357,-0.8357473353190149,0.29481750376111265,-1.206375689535595,-1.6922092959540962,0.2082931687349408,-0.0043738106532696785,-1.7099384701843978,-0.6919353106111078,-0.17415756028026724,0.12047214105072242,0.43623334089675625,0.11309269272181165,0.7246747050778674,-0.2651479466902782,-0.1429514652199953,-0.3170564014853789,-1.0981612880788867,0.08728451074841725,-2.0158339152061373,-0.22880247747534835,2.05510580266984,-1.0380951578173552,0.12567228653592863,-0.40195162616129176,-1.7332711724544567,-0.25768035344588985,-0.5259174384948577,-1.6223481330357838
5.952941176470588,0.5434191333073954,-0.573243847067978,-0.7830995105481582,0.6871492517063659,-0.21422338529968404,0.5045679325414205,-0.7073190566879227,-0.9614437300395131,1.2132679260091912,1.5961522617941888,-0.43849554548996716,-1.030123917476886,1.2451227850248339,0.9537190002734592,-0.975804856824792,1.5205877085901447,0.9747412372082622,-0.2725991657980402,0.1473016580280162,1.0197354661222073,-0.17717067123407781,0.4625815959782262,1.3167020789501793,-0.5279573986824831,0.554796212883803,-1.059430195796951,-1.112364409443126,-0.47685514409813917,-1.5410149099328134,0.7032128541888403,-1.115335719625462,-0.7497335570999448,0.17957407745997425,0.07234029299124468,-0.4383548868984619,-1.2260575450246587,0.6416551273522527,-0.6400773338946919,-0.1815056616389882,1.8085288183697799,-0.1800479756245871,0.7322597036703042,1.1158033621584262,0.9045104405904426,-0.2594543215317916,-1.0186141098490429,0.014611565627106301,1.077902982852861,0.9244818446646669,0.5568500243338308,0.156387740838779,-0.6428970992655224,0.2982196193186746,-0.23765129467402626,-0.25050267768700357,1.0247968028903158,0.5895036053804766,1.7087737969555923,0.3876133139977382,-0.7242099272996485,0.16597471993296598,-0.9211762895708542,-0.09743000150341107,-1.0682959067479545,0.9228754070557219,-0.8053660226902423,0.3568033025774401,-0.5840193860703017,-1.4112658198488865,-0.037458445163046854,0.15230290908744074,0.251656776064727,-0.3101972052554654,-1.911315530355443,-0.3655516155811305,-0.00027399377654055765,0.3215288956203361,-0.10858986180475512,0.12829975752763545,-0.8725752631653731,-0.29917784441811207,1.40701977475615,-0.22111875028538802,-0.7032128142760086,-0.25558041166297485,0.014625918875936722,-1.4620005156863112,-0.4265692461777175,0.12590892643363183,-0.07373267201590451,0.027355075273681716,-0.44699707775599745,1.1749985419915197,-0.49528482156551357,0.035899995461662684,-1.1292331388082344,0.5496725249370947,0.6884700108644186,-0.6403373032805829,0.8800400951049677,0.24057934925077082,1.2049002582786694,1.2140729397828511,-0.37647856063375146,-1.9429566549419492,-0.9304976182918523,-0.36677397473755935,-0.6593199767250305,0.013545463459862794,-0.960052684588212,0.8561876119959828,-0.19917703163497755,-0.1615850817458591,0.2958810164401784,0.05411660929069699,1.1140081735613718,0.4532208055412127,0.927480967438318,-0.17228942063314753,-0.11776033441517335,0.8037109731565659,1.0342401630383988,-0.03436239196296036,-0.4365018117015577,1.0684495195129486,-0.2632770345945593,0.5493373399526187,-0.08192193575638887,-0.6258391851740626,-0.7531585265421793,1.1028816636780652,0.9907460779882065,-0.12813401929540635,-0.3566243928197158,-0.3524445272571549,-1.7765979933013951,0.7965919892649195,-0.197373867568576,-0.2041546824982743,-0.8149310253003577,-1.8488721245312143,0.43271743096821047,-0.9150727877626207,0.259745444734373,1.0398000767739233,-0.8953274205108869,0.7670546227084417,1.0960974582084966,-0.5842863369643051,0.7893122257100884,-0.5059434734042504,-0.008889206495316694,0.19606985706331226,-0.2916486090302079,1.2789222755259717,-0.7503357914503208,-1.7621294899294215,0.3159362014495921,0.6903398935160705,0.3056648918887003
5.976470588235294,0.5790050691381392,0.1094892894655778,-0.7775544113207258,2.028079866042715,0.18588388548535706,0.09496497494154048,0.4223232816978728,0.36266196772643405,0.8983927557939775,1.0268331249823974,0.9557386102386257,0.0279260538584456,-1.3804057137258416,-0.5371152330963812,-1.6289449498265247,1.0014561844356475,0.15790068374225227,1.4100408167749579,-0.5510847285077369,-0.00031103824550990253,-1.2535993636874359,0.761515125904229,0.8604888908491684,1.1189266229747312,1.2362503986005096,-0.20744577553086244,0.05028653481901375,0.533087047008524,1.764420986722063,0.3895386972424055,-1.0328591159182543,-0.9509990595522175,0.5913305615075274,-0.33820021234540826,-1.7604595214268408,-0.36281350140878943,0.9293946221768494,0.38616909167835883,0.6997378756799988,-0.34548439922484175,-0.6006661419932382,-0.9189788919218418,-0.33250588601551445,-0.20666543472362955,-0.6303683993822917,-1.3738503405180273,-0.24585454897396586,0.6395783285264626,0.610302285387809,1.6339011253898328,1.1539767233225475,1.0929765668994111,-0.8289403670215011,-0.2979384145176202,0.0938664402173849,1.0808033161571893,1.3180563571309278,-1.508352359966182,-1.4251160352130403,-1.0052781717246702,-1.479402530502267,0.3879803914791031,-0.21745985993994743,-0.8751487565867105,0.6130015970525182,-0.8067321837552652,-0.21693620032491048,-0.22787826284335835,1.0538609584412768,1.1204825492945885,-0.21477740496123415,-0.26420827114851647,1.2863214638858471,1.1645440725454073,-0.18614548337915796,0.04584818703469807,-0.7008212856760389,0.1761399819478381,-0.7310303619387216,1.0386269790132063,1.5296884379134648,-0.6511746448392672,1.6564812190269087,1.6254777427336078,-0.25587885728743615,-0.8125306812743581,0.15599772074851934,0.08438514987596836,0.25857544215490813,0.9226918383715051,-0.2233093262415421,-0.3176521136741748,0.9396866902282206,1.222312690762906,0.8069020538753269,0.38155122957696075,-0.3588166580596277,0.6847861503105377,1.0466558850791639,0.8783098512904628,0.9970811139279997,0.7849378491529748,-0.09720144909325844,-0.5853857536554383,1.0676489621515801,-1.13404370322309,0.3946705385404626,0.01939039780485194,-0.32073234374733006,-0.593181312862227,1.799500378293338,-2.2678364421411135,1.0810516954925087,0.3895218297153608,0.2800249968937645,0.5681932120184422,-0.7689201313538317,-0.915013894930044,-0.838983128868411,0.1606418428470001,-0.03208939154740637,0.3617920221978271,-0.36192128053895617,-0.3071815672270226,0.09470529857804878,-1.2276966919434171,-0.7026437148935092,0.5003709248926297,-1.1629899041975726,0.09773964996646743,0.31895099173342006,0.8319727411045947,0.6325872545909366,-0.2650273118148574,-0.749544770712895,1.5299021451824801,-0.49373426876215587,-0.6926727045297884,0.33477089427451584,-1.8204792693344407,0.42262321981335915,0.4147590758281184,-0.02776165713773388,-0.8313036455092975,-0.04462406580389662,0.8629541455777446,-0.3314016800407972,0.5337545952099244,-0.12198454511809353,1.2284250813781066,-0.6436257117414949,0.9242191629000079,0.8628288051492583,-1.0184828787125342,0.21158136891296972,-0.009876290691575087,-0.6249318133129892,0.39471744566167427,1.3117896552512172,2.345120763603717
6.0,0.36638906716540226,2.0887961725565884,-0.75833992544273,-0.20250331305146,0.8978262508937156,-0.2773522513114562,0.31261626815467775,0.686623229032382,0.35414888811011797,-2.647152945652393,0.7651631229353844,-0.5077806325377218,0.008480792899950355,0.6634999171947696,0.7230568123511997,-0.6137629864476566,0.8626025267084197,0.6465284683238662,-0.8215129253461355,0.3963352989732862,-0.6505967496750317,-0.7091725050210699,-0.3682652423390573,1.138368587489167,0.7947335259880037,0.17470706170988404,-0.24418384250730793,2.223024126231469,-0.0980964725553785,0.6592914841576646,1.0600851723573728,-0.07451207255563001,-0.6286673045512291,0.16268404605491407,0.9022858692130307,1.1606283911252173,1.171976997507578,0.15605931445109408,-0.6798775289101918,1.0304000829096094,-0.3751447143048743,-1.7648653158628766,-0.39615521330172987,-0.7034083342198146,1.0272274255704927,0.7990278661845577,0.5837730152460278,-0.41191994206057725,0.318929811016984,0.31679296829615267,-0.8424793712490801,1.9446894043099705,-2.04256317066194,-0.5341862158731475,-0.9778458119414413,-0.43379946222273946,0.4095610682057857,0.6145068267121291,-0.16334755521706457,1.9568704576474236,-1.02525600733383,0.011193510867952458,-2.0112855949179522,-0.6798328446691919,0.2834691970364975,0.47798008959094834,-1.2507330185583174,-0.09298967958148849,-1.1956341758359281,-0.05687289354501328,0.5917335374848313,1.141253185287216,0.5123025484184036,-0.8704172476053735,0.652663613614629,1.1167517657549213,-0.44850902190946396,1.4560902536681697,-0.8189832793017521,-1.0728267809267635,1.1867212126973044,0.41066975834396013,-0.8170580620615563,-0.8010520043430099,0.47644282332860766,0.9406844339583671,0.4864703334596577,-0.39581021155998075,0.9169611370501712,0.5307427340584274,0.7438197769396699,-0.003094649076620192,-0.2524122269064812,-1.0310318503723532,-0.09174227457225496,0.8412349381810199,-1.4460942929134846,-1.0211104731747442,0.10918461722975056,-1.0477917997921289,-0.5155079254141635,0.36044388545196676,0.22608917457602307,-1.4546955914313653,0.4391870805283895,-0.35866470953383367,-0.4274087611495001,0.4209010470509964,-0.7673563466708719,1.0186019034114622,1.1312578145913368,-0.9494675377628057,2.0469126856529876,0.7582982822464973,-0.05083484799359433,-0.3927555797135004,0.0899563523095347,0.441973234925086,0.7537696079812665,0.2450594180027865,-1.2742810572871772,-0.3021684666081699,-0.29251897092000767,-0.02905638886859726,-0.03833570738610803,0.8408539167502822,-0.2327412535853679,-0.29669392063940003,1.037565029921216,-0.3099541827258567,-0.8352983656851707,-0.7539755247413695,-0.2729922853419534,-0.026209765493346505,-0.3436125497464934,-1.2068577507784455,0.47785010459800786,0.3057582413365571,-0.1906746662650722,0.6678122922057674,0.4288454609620972,1.041831082745348,-0.03357344869041953,0.11759275678329738,0.04281387161439109,1.3718471432203583,-0.7409032817400295,-1.3496372217592763,0.0496198182090119,-1.7845138176581485,0.23660305797393438,-1.458149634919547,-0.5862857505039102,-1.5372788178407184,0.8024769855188748,-0.3341824441444106,1.2780319062198315,0.8960252119322463,-0.27584835007511255,0.2400925369056664
