elapsed_s,frame,status,detected_m,tracked_m,speed_mps,snr_db
0.2650,1,settling,NaN,NaN,NaN,NaN
0.3650,2,settling,NaN,NaN,NaN,NaN
0.4650,3,settling,NaN,NaN,NaN,NaN
0.5650,4,settling,NaN,NaN,NaN,NaN
0.6650,5,settling,NaN,NaN,NaN,NaN
0.7650,6,settling,NaN,NaN,NaN,NaN
0.8650,7,settling,NaN,NaN,NaN,NaN
0.9650,8,settling,NaN,NaN,NaN,NaN
1.0650,9,settling,NaN,NaN,NaN,NaN
1.1650,10,settling,NaN,NaN,NaN,NaN
1.2650,11,settling,NaN,NaN,NaN,NaN
1.3650,12,settling,NaN,NaN,NaN,NaN
1.4650,13,settling,NaN,NaN,NaN,NaN
1.5650,14,settling,NaN,NaN,NaN,NaN
1.6650,15,settling,NaN,NaN,NaN,NaN
1.7650,16,settling,NaN,NaN,NaN,NaN
1.8650,17,settling,NaN,NaN,NaN,NaN
1.9650,18,settling,NaN,NaN,NaN,NaN
2.0650,19,settling,NaN,NaN,NaN,NaN
2.1650,20,settling,NaN,NaN,NaN,NaN
2.2650,21,settling,NaN,NaN,NaN,NaN
2.3650,22,settling,NaN,NaN,NaN,NaN
2.4650,23,settling,NaN,NaN,NaN,NaN
2.5650,24,settling,NaN,NaN,NaN,NaN
2.6650,25,settling,NaN,NaN,NaN,NaN
2.7650,26,settling,NaN,NaN,NaN,NaN
2.8650,27,settling,NaN,NaN,NaN,NaN
2.9650,28,settling,NaN,NaN,NaN,NaN
3.0650,29,settling,NaN,NaN,NaN,NaN
3.1650,30,settling,NaN,NaN,NaN,NaN
3.2650,31,learning,NaN,NaN,NaN,NaN
3.3650,32,learning,NaN,NaN,NaN,NaN
3.4650,33,learning,NaN,NaN,NaN,NaN
3.5650,34,learning,NaN,NaN,NaN,NaN
3.6650,35,learning,NaN,NaN,NaN,NaN
3.7650,36,learning,NaN,NaN,NaN,NaN
3.8650,37,learning,NaN,NaN,NaN,NaN
3.9650,38,learning,NaN,NaN,NaN,NaN
4.0650,39,learning,NaN,NaN,NaN,NaN
4.1650,40,learning,NaN,NaN,NaN,NaN
4.2650,41,learning,NaN,NaN,NaN,NaN
4.3650,42,learning,NaN,NaN,NaN,NaN
4.4650,43,learning,NaN,NaN,NaN,NaN
4.5650,44,learning,NaN,NaN,NaN,NaN
4.6650,45,learning,NaN,NaN,NaN,NaN
4.7650,46,learning,NaN,NaN,NaN,NaN
4.8650,47,learning,NaN,NaN,NaN,NaN
4.9650,48,learning,NaN,NaN,NaN,NaN
5.0650,49,learning,NaN,NaN,NaN,NaN
5.1650,50,learning,NaN,NaN,NaN,NaN
5.2650,51,learning,NaN,NaN,NaN,NaN
5.3650,52,learning,NaN,NaN,NaN,NaN
5.4650,53,learning,NaN,NaN,NaN,NaN
5.5650,54,learning,NaN,NaN,NaN,NaN
5.6650,55,learning,NaN,NaN,NaN,NaN
5.7650,56,learning,NaN,NaN,NaN,NaN
5.8650,57,learning,NaN,NaN,NaN,NaN
5.9650,58,learning,NaN,NaN,NaN,NaN
6.0650,59,learning,NaN,NaN,NaN,NaN
6.1650,60,learning,NaN,NaN,NaN,NaN
6.2650,61,learning,NaN,NaN,NaN,NaN
6.3650,62,learning,NaN,NaN,NaN,NaN
6.4650,63,learning,NaN,NaN,NaN,NaN
6.5650,64,learning,NaN,NaN,NaN,NaN
6.6650,65,learning,NaN,NaN,NaN,NaN
6.7650,66,learning,NaN,NaN,NaN,NaN
6.8650,67,learning,NaN,NaN,NaN,NaN
6.9650,68,learning,NaN,NaN,NaN,NaN
7.0650,69,learning,NaN,NaN,NaN,NaN
7.1650,70,learning,NaN,NaN,NaN,NaN
7.2650,71,learning,NaN,NaN,NaN,NaN
7.3650,72,learning,NaN,NaN,NaN,NaN
7.4650,73,learning,NaN,NaN,NaN,NaN
7.5650,74,learning,NaN,NaN,NaN,NaN
7.6650,75,learning,NaN,NaN,NaN,NaN
7.7650,76,learning,NaN,NaN,NaN,NaN
7.8650,77,learning,NaN,NaN,NaN,NaN
7.9650,78,learning,NaN,NaN,NaN,NaN
8.0650,79,learning,NaN,NaN,NaN,NaN
8.1650,80,learning,NaN,NaN,NaN,NaN
8.2650,81,learning,NaN,NaN,NaN,NaN
8.3650,82,learning,NaN,NaN,NaN,NaN
8.4650,83,learning,NaN,NaN,NaN,NaN
8.5650,84,learning,NaN,NaN,NaN,NaN
8.6650,85,learning,NaN,NaN,NaN,NaN
8.7650,86,learning,NaN,NaN,NaN,NaN
8.8650,87,learning,NaN,NaN,NaN,NaN
8.9650,88,learning,NaN,NaN,NaN,NaN
9.0650,89,learning,NaN,NaN,NaN,NaN
9.1650,90,learning,NaN,NaN,NaN,NaN
9.2650,91,learning,NaN,NaN,NaN,NaN
9.3650,92,learning,NaN,NaN,NaN,NaN
9.4650,93,learning,NaN,NaN,NaN,NaN
9.5650,94,learning,NaN,NaN,NaN,NaN
9.6650,95,learning,NaN,NaN,NaN,NaN
9.7650,96,learning,NaN,NaN,NaN,NaN
9.8650,97,learning,NaN,NaN,NaN,NaN
9.9650,98,learning,NaN,NaN,NaN,NaN
10.0650,99,learning,NaN,NaN,NaN,NaN
10.1650,100,learning,NaN,NaN,NaN,NaN
10.2650,101,learning,NaN,NaN,NaN,NaN
10.3651,102,learning,NaN,NaN,NaN,NaN
10.4651,103,learning,NaN,NaN,NaN,NaN
10.5651,104,learning,NaN,NaN,NaN,NaN
10.6651,105,learning,NaN,NaN,NaN,NaN
10.7651,106,learning,NaN,NaN,NaN,NaN
10.8651,107,learning,NaN,NaN,NaN,NaN
10.9651,108,learning,NaN,NaN,NaN,NaN
11.0651,109,learning,NaN,NaN,NaN,NaN
11.1651,110,learning,NaN,NaN,NaN,NaN
11.2651,111,learning,NaN,NaN,NaN,NaN
11.3651,112,learning,NaN,NaN,NaN,NaN
11.4651,113,learning,NaN,NaN,NaN,NaN
11.5651,114,learning,NaN,NaN,NaN,NaN
11.6651,115,learning,NaN,NaN,NaN,NaN
11.7651,116,learning,NaN,NaN,NaN,NaN
11.8651,117,learning,NaN,NaN,NaN,NaN
11.9651,118,learning,NaN,NaN,NaN,NaN
12.0651,119,learning,NaN,NaN,NaN,NaN
12.1651,120,learning,NaN,NaN,NaN,NaN
12.2651,121,learning,NaN,NaN,NaN,NaN
12.3651,122,learning,NaN,NaN,NaN,NaN
12.4651,123,learning,NaN,NaN,NaN,NaN
12.5651,124,learning,NaN,NaN,NaN,NaN
12.6651,125,learning,NaN,NaN,NaN,NaN
12.7651,126,learning,NaN,NaN,NaN,NaN
12.8651,127,learning,NaN,NaN,NaN,NaN
12.9651,128,learning,NaN,NaN,NaN,NaN
13.0651,129,learning,NaN,NaN,NaN,NaN
13.1651,130,learning,NaN,NaN,NaN,NaN
13.2651,131,learning,NaN,NaN,NaN,NaN
13.3651,132,no target,NaN,NaN,NaN,NaN
13.4651,133,no target,NaN,NaN,NaN,NaN
13.5651,134,no target,NaN,NaN,NaN,NaN
13.6651,135,no target,NaN,NaN,NaN,NaN
13.7651,136,no target,NaN,NaN,NaN,NaN
13.8651,137,no target,NaN,NaN,NaN,NaN
13.9651,138,no target,NaN,NaN,NaN,NaN
14.0651,139,no target,NaN,NaN,NaN,NaN
14.1651,140,no target,NaN,NaN,NaN,NaN
14.2651,141,no target,NaN,NaN,NaN,NaN
14.3651,142,no target,NaN,NaN,NaN,NaN
14.4651,143,no target,NaN,NaN,NaN,NaN
14.5651,144,no target,NaN,NaN,NaN,NaN
14.6651,145,tracking,1.7769,1.7769,0.0000,6.93
14.7651,146,coasting,NaN,1.7769,0.0000,NaN
14.8651,147,coasting,NaN,1.7769,0.0000,NaN
14.9651,148,coasting,NaN,1.7769,0.0000,NaN
15.0651,149,coasting,NaN,1.7769,0.0000,NaN
15.1651,150,coasting,NaN,1.7769,0.0000,NaN
15.2651,151,coasting,NaN,1.7769,0.0000,NaN
15.3651,152,coasting,NaN,1.7769,0.0000,NaN
15.4651,153,coasting,NaN,1.7769,0.0000,NaN
15.5651,154,coasting,NaN,1.7769,0.0000,NaN
15.6651,155,coasting,NaN,1.7769,0.0000,NaN
15.7651,156,coasting,NaN,1.7769,0.0000,NaN
15.8651,157,coasting,NaN,1.7769,0.0000,NaN
15.9651,158,coasting,NaN,1.7769,0.0000,NaN
16.0651,159,coasting,NaN,1.7769,0.0000,NaN
16.1651,160,no target,NaN,NaN,NaN,NaN
16.2651,161,no target,NaN,NaN,NaN,NaN
16.3651,162,no target,NaN,NaN,NaN,NaN
16.4651,163,no target,NaN,NaN,NaN,NaN
16.5651,164,no target,NaN,NaN,NaN,NaN
16.6651,165,no target,NaN,NaN,NaN,NaN
16.7651,166,no target,NaN,NaN,NaN,NaN
16.8651,167,no target,NaN,NaN,NaN,NaN
16.9651,168,no target,NaN,NaN,NaN,NaN
17.0651,169,no target,NaN,NaN,NaN,NaN
17.1651,170,no target,NaN,NaN,NaN,NaN
17.2651,171,no target,NaN,NaN,NaN,NaN
17.3651,172,no target,NaN,NaN,NaN,NaN
17.4651,173,no target,NaN,NaN,NaN,NaN
17.5651,174,no target,NaN,NaN,NaN,NaN
17.6651,175,no target,NaN,NaN,NaN,NaN
17.7651,176,no target,NaN,NaN,NaN,NaN
17.8651,177,no target,NaN,NaN,NaN,NaN
17.9651,178,no target,NaN,NaN,NaN,NaN
18.0651,179,no target,NaN,NaN,NaN,NaN
18.1651,180,no target,NaN,NaN,NaN,NaN
18.2651,181,no target,NaN,NaN,NaN,NaN
18.3651,182,no target,NaN,NaN,NaN,NaN
18.4651,183,no target,NaN,NaN,NaN,NaN
18.5651,184,no target,NaN,NaN,NaN,NaN
18.6651,185,no target,NaN,NaN,NaN,NaN
18.7651,186,no target,NaN,NaN,NaN,NaN
18.8651,187,no target,NaN,NaN,NaN,NaN
18.9651,188,no target,NaN,NaN,NaN,NaN
19.0651,189,no target,NaN,NaN,NaN,NaN
19.1651,190,no target,NaN,NaN,NaN,NaN
19.2651,191,no target,NaN,NaN,NaN,NaN
19.3651,192,no target,NaN,NaN,NaN,NaN
19.4651,193,no target,NaN,NaN,NaN,NaN
19.5651,194,no target,NaN,NaN,NaN,NaN
19.6651,195,no target,NaN,NaN,NaN,NaN
19.7651,196,no target,NaN,NaN,NaN,NaN
19.8651,197,no target,NaN,NaN,NaN,NaN
19.9651,198,no target,NaN,NaN,NaN,NaN
20.0651,199,no target,NaN,NaN,NaN,NaN
20.1651,200,no target,NaN,NaN,NaN,NaN
20.2651,201,no target,NaN,NaN,NaN,NaN
20.3651,202,no target,NaN,NaN,NaN,NaN
20.4651,203,no target,NaN,NaN,NaN,NaN
20.5651,204,no target,NaN,NaN,NaN,NaN
20.6651,205,no target,NaN,NaN,NaN,NaN
20.7651,206,no target,NaN,NaN,NaN,NaN
20.8651,207,no target,NaN,NaN,NaN,NaN
20.9651,208,no target,NaN,NaN,NaN,NaN
21.0651,209,tracking,0.9313,0.9313,0.0000,7.82
21.1651,210,tracking,0.9314,0.9314,0.0002,10.56
21.2651,211,tracking,0.9318,0.9316,0.0008,10.61
21.3651,212,coasting,NaN,0.9317,0.0007,NaN
21.4651,213,tracking,0.9667,0.9492,0.0531,14.30
21.5651,214,tracking,0.9713,0.9629,0.0783,15.79
21.6651,215,tracking,0.9543,0.9625,0.0536,16.38
21.7651,216,coasting,NaN,0.9679,0.0429,NaN
21.8651,217,tracking,0.7638,0.8680,-0.2697,12.85
21.9651,218,tracking,0.7638,0.8024,-0.3855,15.42
22.0651,219,coasting,NaN,0.7638,-0.3084,NaN
22.1651,220,coasting,NaN,0.7500,-0.2468,NaN
22.2651,221,coasting,NaN,0.7500,-0.1974,NaN
22.3651,222,tracking,0.7638,0.7500,-0.1471,17.54
22.4651,223,coasting,NaN,0.7500,-0.1177,NaN
22.5651,224,coasting,NaN,0.7500,-0.0942,NaN
22.6651,225,coasting,NaN,0.7500,-0.0753,NaN
22.7651,226,tracking,0.7547,0.7500,-0.0570,23.46
22.8651,227,tracking,0.7510,0.7500,-0.0470,23.86
22.9651,228,tracking,0.8139,0.7796,0.0559,30.62
23.0651,229,tracking,0.8265,0.8058,0.1179,32.78
23.1651,230,tracking,0.8139,0.8158,0.1123,37.12
23.2651,231,tracking,0.8094,0.8182,0.0859,36.60
23.3651,232,tracking,1.5041,1.1654,1.1018,36.21
23.4651,233,tracking,1.3717,1.3237,1.2460,35.45
23.5651,234,tracking,1.3777,1.4130,1.1401,36.09
23.6651,235,tracking,1.3789,1.4529,0.9179,36.06
23.7651,236,coasting,NaN,1.5447,0.7344,NaN
23.8651,237,coasting,NaN,1.6182,0.5875,NaN
23.9651,238,coasting,NaN,1.6769,0.4700,NaN
24.0651,239,coasting,NaN,1.7239,0.3760,NaN
24.1651,240,coasting,NaN,1.7615,0.3008,NaN
24.2651,241,tracking,0.8215,0.8215,0.0000,32.77
24.3651,242,tracking,1.3169,1.0692,0.7431,31.01
24.4651,243,tracking,1.3579,1.2507,1.0647,29.82
24.5651,244,tracking,0.8629,1.1100,0.3233,27.52
24.6651,245,tracking,0.8619,1.0022,-0.0974,27.57
24.7651,246,tracking,0.8817,0.9371,-0.2635,33.45
24.8651,247,tracking,1.4091,1.1599,0.4841,33.99
24.9651,248,tracking,1.4098,1.3090,0.7863,33.56
25.0651,249,tracking,1.3919,1.3898,0.7926,28.77
25.1651,250,tracking,1.3992,1.4341,0.6878,28.35
25.2651,251,tracking,1.3922,1.4475,0.5217,29.22
25.3651,252,tracking,1.3998,1.4497,0.3718,29.99
25.4651,253,tracking,1.3988,1.4428,0.2396,31.38
25.5651,254,tracking,1.4110,1.4389,0.1558,32.75
25.6651,255,tracking,1.4179,1.4362,0.1010,33.28
25.7651,256,tracking,1.4217,1.4340,0.0641,33.27
25.8651,257,tracking,1.4142,1.4273,0.0248,32.93
25.9651,258,tracking,1.4084,1.4191,-0.0073,33.10
26.0651,259,tracking,1.4088,1.4136,-0.0216,33.22
26.1651,260,tracking,1.4205,1.4160,-0.0080,33.44
26.2651,261,tracking,1.4275,1.4213,0.0106,33.16
26.3651,262,tracking,1.4334,1.4279,0.0271,32.74
26.4651,263,tracking,1.4432,1.4369,0.0459,32.02
26.5651,264,tracking,1.4405,1.4410,0.0444,31.64
26.6651,265,tracking,1.4453,1.4454,0.0443,31.23
26.7651,266,tracking,1.4358,1.4428,0.0232,30.94
26.8651,267,tracking,1.4428,1.4439,0.0198,30.54
26.9651,268,tracking,1.4385,1.4422,0.0087,30.31
27.0651,269,tracking,1.4539,1.4485,0.0250,30.02
27.1651,270,tracking,1.4538,1.4524,0.0291,29.69
27.2651,271,tracking,1.4535,1.4544,0.0264,29.51
27.3651,272,tracking,1.4205,1.4388,-0.0284,29.23
27.4651,273,tracking,1.4218,1.4288,-0.0497,29.11
27.6651,275,tracking,1.4297,1.4243,-0.0415,28.90
27.7651,276,tracking,1.4287,1.4244,-0.0288,28.78
27.8651,277,tracking,1.4245,1.4230,-0.0244,28.67
27.9651,278,tracking,1.3999,1.4102,-0.0554,28.62
28.0651,279,tracking,1.3962,1.4004,-0.0682,28.68
28.1651,280,tracking,1.3672,1.3804,-0.1079,28.46
28.2651,281,tracking,1.3646,1.3671,-0.1153,27.89
28.3651,282,tracking,1.3642,1.3599,-0.1024,27.20
28.4651,283,tracking,1.3532,1.3514,-0.0971,26.58
28.5651,284,tracking,1.3617,1.3517,-0.0671,27.35
28.6651,285,tracking,1.3701,1.3575,-0.0295,28.59
28.7651,286,tracking,1.3868,1.3707,0.0188,30.47
28.8651,287,tracking,1.4034,1.3880,0.0650,31.98
28.9651,288,tracking,1.4140,1.4043,0.0944,32.78
29.0651,289,tracking,1.4390,1.4264,0.1323,34.18
29.1651,290,tracking,1.4585,1.4490,0.1606,37.12
29.2651,291,tracking,1.4517,1.4584,0.1406,38.54
29.3651,292,tracking,0.9055,1.1890,-0.7099,38.16
29.4651,293,tracking,0.9007,1.0093,-1.0358,35.51
29.5651,294,tracking,0.8800,0.8929,-1.0744,30.17
29.6651,295,tracking,0.8561,0.8208,-0.9684,26.49
29.7651,296,tracking,0.8554,0.7896,-0.7713,24.47
29.8651,297,tracking,0.8544,0.7835,-0.5584,24.68
29.9651,298,coasting,NaN,0.7500,-0.4467,NaN
30.0651,299,coasting,NaN,0.7500,-0.3574,NaN
30.1651,300,coasting,NaN,0.7500,-0.2859,NaN
30.2651,301,coasting,NaN,0.7500,-0.2287,NaN
30.3651,302,coasting,NaN,0.7500,-0.1830,NaN
30.4651,303,tracking,1.4491,1.4491,0.0000,33.30
30.5651,304,tracking,1.4481,1.4486,-0.0014,39.22
30.6651,305,tracking,1.4514,1.4499,0.0031,40.23
30.7651,306,tracking,0.9167,1.1834,-0.7973,40.08
30.8651,307,tracking,0.8837,0.9937,-1.1273,36.58
30.9651,308,tracking,0.8776,0.8793,-1.1324,35.90
31.0651,309,tracking,1.4363,1.1012,-0.1270,37.08
31.1651,310,tracking,0.8900,0.9893,-0.4247,38.22
31.2651,311,tracking,0.8925,0.9196,-0.5062,37.16
31.3651,312,tracking,0.8907,0.8798,-0.4737,34.63
31.4651,313,tracking,0.8653,0.8489,-0.4244,27.85
31.5651,314,tracking,0.8387,0.8226,-0.3760,24.59
31.6651,315,tracking,0.8332,0.8091,-0.3037,23.42
31.7652,316,tracking,0.8373,0.8080,-0.2158,23.28
31.8652,317,tracking,0.8380,0.8122,-0.1385,24.06
31.9652,318,tracking,1.2762,1.0373,0.5783,24.33
32.0652,319,tracking,1.2644,1.1798,0.8323,24.38
32.1652,320,tracking,1.2553,1.2592,0.8208,23.28
32.2652,321,tracking,0.8184,1.0798,0.0365,22.67
32.3652,322,tracking,0.8340,0.9587,-0.3378,24.02
32.4652,323,tracking,0.8425,0.8837,-0.4615,25.34
32.5652,324,tracking,0.8487,0.8431,-0.4448,28.32
32.6652,325,tracking,0.8558,0.8272,-0.3591,31.29
32.7652,326,tracking,1.3907,1.0910,0.5400,33.34
32.8652,327,tracking,1.3970,1.2710,0.9180,33.90
32.9652,328,tracking,1.4027,1.3828,0.9779,33.76
33.0652,329,tracking,1.4097,1.4451,0.8716,33.59
33.1652,330,tracking,1.4129,1.4726,0.6925,33.08
33.2652,331,tracking,1.4216,1.4817,0.5122,32.49
33.3652,332,tracking,1.4175,1.4753,0.3391,30.14
33.4652,333,tracking,1.4224,1.4658,0.2089,28.33
33.5652,334,tracking,1.3660,1.4263,0.0279,26.94
33.6652,335,tracking,1.4077,1.4184,-0.0042,28.26
33.7652,336,tracking,1.4197,1.4188,-0.0016,30.06
33.8652,337,tracking,1.4122,1.4155,-0.0113,30.19
33.9652,338,tracking,1.4121,1.4132,-0.0147,30.05
34.0652,339,tracking,1.4031,1.4074,-0.0276,30.46
34.1652,340,tracking,1.3938,1.3992,-0.0439,32.02
34.2652,341,tracking,0.8611,1.1280,-0.8444,32.50
34.3652,342,tracking,0.8563,0.9499,-1.1253,32.60
34.4652,343,tracking,0.8913,0.8643,-1.0445,39.42
34.5652,344,tracking,0.8936,0.8268,-0.8439,40.82
34.6652,345,tracking,0.8959,0.8192,-0.6135,40.85
34.7652,346,tracking,1.3975,1.0776,0.3460,36.88
34.8652,347,tracking,1.3935,1.2529,0.7679,31.21
34.9652,348,tracking,1.3833,1.3565,0.8483,30.44
35.0652,349,tracking,1.3912,1.4162,0.7731,30.72
35.1652,350,tracking,1.3737,1.4336,0.5934,31.60
35.2652,351,tracking,1.3766,1.4348,0.4189,31.54
35.3652,352,tracking,0.8406,1.1586,-0.5353,30.26
35.4652,353,tracking,0.8447,0.9749,-0.9259,28.96
35.5652,354,tracking,1.4290,1.1557,-0.1059,32.00
35.6652,355,tracking,1.4226,1.2839,0.3105,33.65
35.7652,356,tracking,1.4085,1.3617,0.4509,34.45
35.8652,357,tracking,0.8403,1.1236,-0.3988,32.50
35.9652,358,tracking,0.8683,0.9760,-0.7219,31.66
36.0652,359,tracking,0.8786,0.8912,-0.7597,31.11
36.2652,361,tracking,0.8653,0.8023,-0.6652,32.55
36.3652,362,tracking,0.8536,0.7947,-0.4884,33.95
36.4652,363,tracking,0.8458,0.7958,-0.3384,37.25
36.5652,364,tracking,0.8509,0.8065,-0.2051,38.82
36.6652,365,tracking,0.8580,0.8220,-0.0970,39.31
36.7652,366,tracking,0.8691,0.8407,-0.0118,37.70
36.8652,367,tracking,0.8704,0.8549,0.0346,34.64
36.9652,368,tracking,0.8549,0.8567,0.0294,29.39
37.0652,369,tracking,0.8493,0.8544,0.0139,25.72
37.1652,370,tracking,0.8576,0.8567,0.0166,28.43
37.2652,371,tracking,0.8558,0.8571,0.0126,37.76
37.3652,372,tracking,0.8487,0.8535,-0.0018,39.40
37.4652,373,tracking,0.8438,0.8485,-0.0162,39.76
37.5652,374,tracking,0.8386,0.8427,-0.0287,37.33
37.6652,375,tracking,0.8398,0.8398,-0.0289,35.81
37.7652,376,tracking,0.8404,0.8387,-0.0237,36.10
37.8652,377,tracking,0.8257,0.8310,-0.0395,36.27
38.0652,379,tracking,0.8334,0.8282,-0.0318,36.61
38.1652,380,tracking,0.8440,0.8345,-0.0034,37.38
38.2652,381,tracking,0.8479,0.8411,0.0172,37.88
38.3652,382,tracking,0.8504,0.8466,0.0287,38.78
38.4652,383,tracking,0.8408,0.8451,0.0156,39.64
38.5652,384,tracking,0.8528,0.8498,0.0248,40.76
38.6652,385,tracking,0.8440,0.8481,0.0124,41.70
38.7652,386,tracking,0.8571,0.8532,0.0241,43.34
38.8652,387,tracking,0.8510,0.8533,0.0171,44.09
38.9652,388,tracking,0.8556,0.8553,0.0179,44.71
39.0652,389,tracking,1.4277,1.1424,0.8738,57.41
39.1652,390,tracking,0.8871,1.0585,0.3598,58.51
39.2652,391,tracking,1.4296,1.2620,0.8626,59.05
39.3652,392,tracking,0.8783,1.1133,0.1576,54.83
39.4652,393,tracking,1.4470,1.2880,0.6346,51.86
39.5652,394,tracking,0.8685,1.1100,-0.0899,48.09
39.6652,395,tracking,0.8706,0.9858,-0.4356,46.62
39.7652,396,tracking,1.4501,1.1962,0.3262,46.99
39.8652,397,tracking,0.8691,1.0489,-0.2133,47.68
39.9652,398,tracking,0.8700,0.9488,-0.4497,55.55
40.0652,399,tracking,0.8689,0.8864,-0.5021,57.00
40.1652,400,tracking,0.8703,0.8533,-0.4508,59.92
40.2652,401,tracking,0.8698,0.8390,-0.3584,58.35
40.3652,402,tracking,0.8705,0.8368,-0.2574,57.22
40.4652,403,tracking,0.8486,0.8298,-0.2012,44.66
40.5652,404,tracking,0.8523,0.8310,-0.1373,41.96
40.7652,406,tracking,0.8497,0.8266,-0.1026,40.57
40.8652,407,tracking,1.4158,1.1161,0.7965,39.13
40.9652,408,tracking,1.4288,1.3123,1.1461,38.59
41.0652,409,tracking,1.4269,1.4269,1.1461,38.78
41.1652,410,tracking,1.4390,1.4902,0.9924,38.78
41.2652,411,tracking,1.4511,1.5203,0.7848,39.60
41.3652,412,tracking,1.4491,1.5239,0.5603,40.07
41.4652,413,tracking,1.4489,1.5144,0.3637,39.85
41.5652,414,tracking,1.4411,1.4960,0.1992,39.15
41.6652,415,tracking,1.4394,1.4776,0.0845,38.66
41.7652,416,tracking,1.4563,1.4712,0.0398,41.20
41.8652,417,tracking,1.4581,1.4666,0.0142,42.14
41.9652,418,tracking,1.4678,1.4679,0.0137,43.25
42.0652,419,tracking,1.4537,1.4615,-0.0096,43.71
42.1652,420,tracking,1.4615,1.4610,-0.0081,44.43
42.2652,421,tracking,1.4667,1.4635,0.0017,45.88
42.3652,422,tracking,0.8649,1.1643,-0.8965,48.56
42.4652,423,tracking,0.8643,0.9695,-1.2119,49.78
42.5652,424,tracking,1.4626,1.1554,-0.2905,53.19
42.6652,425,tracking,1.4540,1.2902,0.2009,59.15
42.7652,426,tracking,1.4534,1.3818,0.4156,63.98
42.9652,428,tracking,1.4538,1.4594,0.4073,63.91
43.0652,429,tracking,1.4544,1.4773,0.3387,62.73
43.1652,430,tracking,1.4649,1.4880,0.2693,52.75
43.2652,431,tracking,1.4582,1.4866,0.1842,50.18
43.3652,432,tracking,1.4631,1.4840,0.1213,45.40
43.4652,433,tracking,1.4383,1.4672,0.0346,40.77
43.5652,434,tracking,1.4493,1.4600,0.0024,38.27
43.6652,435,tracking,1.4420,1.4511,-0.0250,36.58
43.7652,436,tracking,1.4255,1.4370,-0.0596,35.68
43.8652,437,tracking,1.4230,1.4271,-0.0717,34.92
43.9652,438,tracking,1.4077,1.4138,-0.0899,34.67
44.0652,439,tracking,1.4011,1.4030,-0.0955,34.45
44.1652,440,tracking,1.4007,1.3971,-0.0846,34.33
44.2652,441,tracking,1.3971,1.3928,-0.0718,33.99
44.3652,442,tracking,1.4009,1.3933,-0.0489,33.58
44.4652,443,tracking,1.3993,1.3939,-0.0325,35.45
44.5652,444,tracking,1.4202,1.4054,0.0119,39.30
44.6652,445,tracking,1.4173,1.4119,0.0279,41.07
44.7652,446,tracking,1.4495,1.4321,0.0800,51.19
44.8652,447,tracking,1.4482,1.4442,0.0922,51.71
44.9652,448,tracking,1.4460,1.4497,0.0811,53.47
45.0652,449,tracking,1.4456,1.4517,0.0628,52.56
45.1652,450,tracking,1.4471,1.4526,0.0466,54.42
45.2652,451,tracking,1.4466,1.4519,0.0306,54.22
45.3652,452,tracking,1.4431,1.4490,0.0128,53.43
45.4652,453,tracking,1.4393,1.4448,-0.0038,50.20
45.5652,454,tracking,1.4389,1.4417,-0.0120,45.88
45.6652,455,tracking,0.8474,1.1439,-0.9015,36.50
45.7652,456,tracking,1.4053,1.2296,-0.3742,33.73
45.8652,457,tracking,1.3945,1.2933,-0.0707,34.54
45.9652,458,tracking,0.8421,1.0642,-0.7368,36.12
46.0652,459,tracking,0.8348,0.9126,-0.9704,35.92
46.1652,460,tracking,0.8280,0.8218,-0.9518,35.64
46.2652,461,tracking,1.3703,1.0485,0.0137,33.32
46.3652,462,tracking,1.3891,1.2195,0.5226,32.82
46.4652,463,tracking,1.3866,1.3292,0.6949,32.28
46.5652,464,tracking,1.3852,1.3919,0.6747,32.12
46.6652,465,tracking,1.3803,1.4198,0.5561,30.92
46.7652,466,tracking,1.3708,1.4231,0.3991,30.08
46.8652,467,tracking,1.3441,1.4036,0.2208,28.60
46.9652,468,tracking,1.3111,1.3684,0.0489,26.46
47.0652,469,tracking,1.2719,1.3226,-0.1032,23.17
47.1652,470,tracking,1.2458,1.2791,-0.2028,19.94
47.2652,471,tracking,0.8070,1.0329,-0.8805,19.70
47.3652,472,tracking,1.4635,1.2041,-0.1025,43.75
47.4652,473,tracking,1.4638,1.3289,0.3024,43.79
47.5652,474,tracking,1.4636,1.4114,0.4592,43.79
47.6652,475,tracking,0.8640,1.1607,-0.4307,29.76
47.7652,476,tracking,0.8528,0.9852,-0.8279,33.24
47.9652,478,tracking,0.8226,0.8211,-0.8256,36.49
48.0652,479,tracking,1.3588,1.0487,0.1048,37.80
48.1652,480,tracking,1.3820,1.2206,0.5890,37.13
48.3652,482,tracking,1.3785,1.3584,0.6191,34.80
48.4652,483,tracking,0.8635,1.1419,-0.2162,30.08
48.5652,484,tracking,0.8815,1.0009,-0.5744,28.26
48.6652,485,tracking,0.9135,0.9285,-0.6194,26.48
48.7652,486,tracking,1.4664,1.1665,0.2805,24.72
48.8652,487,tracking,0.9180,1.0563,-0.1343,23.00
48.9652,488,tracking,0.9027,0.9728,-0.3445,22.24
49.0652,489,tracking,0.8515,0.8949,-0.4747,21.24
49.1652,490,tracking,0.7680,0.8077,-0.5938,18.68
49.2652,491,tracking,0.7842,0.7663,-0.5400,19.88
49.3652,492,tracking,0.8125,0.7624,-0.3896,20.98
49.4652,493,tracking,0.8508,0.7871,-0.1987,22.02
49.5652,494,tracking,0.8630,0.8151,-0.0551,22.95
49.6652,495,tracking,0.8590,0.8343,0.0190,22.89
49.7652,496,tracking,0.8486,0.8424,0.0376,22.46
49.8652,497,tracking,0.8421,0.8441,0.0315,21.46
49.9652,498,tracking,0.8488,0.8481,0.0338,21.83
50.0652,499,tracking,0.8464,0.8489,0.0263,23.02
50.1652,500,tracking,0.8520,0.8518,0.0269,23.25
50.2652,501,tracking,0.8427,0.8486,0.0093,23.00
50.3652,502,tracking,0.7931,0.8213,-0.0754,21.40
50.4652,503,tracking,0.7638,0.7888,-0.1503,20.71
50.5652,504,tracking,0.7638,0.7688,-0.1653,19.65
50.6652,505,tracking,0.8465,0.7994,-0.0238,20.91
50.7652,506,tracking,0.8112,0.8041,-0.0025,23.96
50.8652,507,tracking,0.8151,0.8095,0.0144,25.69
50.9652,508,tracking,0.8165,0.8137,0.0228,26.08
51.0652,509,tracking,0.8177,0.8169,0.0254,26.21
51.1652,510,tracking,0.7799,0.7996,-0.0339,25.93
51.2652,511,tracking,0.7713,0.7838,-0.0714,25.90
51.3652,512,tracking,0.7573,0.7670,-0.1004,25.31
51.4652,513,tracking,0.7884,0.7727,-0.0531,25.54
51.5652,514,tracking,0.7935,0.7804,-0.0139,25.49
51.6652,515,tracking,0.8145,0.7967,0.0392,25.70
51.7652,516,tracking,0.8121,0.8064,0.0564,25.33
51.8652,517,tracking,0.8169,0.8145,0.0637,25.31
51.9652,518,tracking,0.8174,0.8191,0.0585,24.43
52.0652,519,tracking,0.8301,0.8276,0.0663,23.12
52.1652,520,tracking,0.7958,0.8150,0.0088,20.51
52.2652,521,coasting,NaN,0.8159,0.0070,NaN
52.3652,522,coasting,NaN,0.8166,0.0056,NaN
52.4652,523,coasting,NaN,0.8172,0.0045,NaN
52.5652,524,coasting,NaN,0.8176,0.0036,NaN
52.6652,525,coasting,NaN,0.8180,0.0029,NaN
52.7652,526,tracking,0.7900,0.8041,-0.0395,23.65
52.8652,527,tracking,0.8379,0.8190,0.0171,23.36
52.9652,528,tracking,0.7999,0.8103,-0.0141,23.23
53.0652,529,tracking,0.8081,0.8085,-0.0154,22.83
53.1652,530,tracking,0.8131,0.8100,-0.0062,21.78
53.2652,531,tracking,0.8190,0.8142,0.0081,21.67
53.3652,532,tracking,0.8167,0.8159,0.0107,21.16
53.4652,533,tracking,0.8062,0.8116,-0.0053,20.98
53.5652,534,tracking,0.8070,0.8090,-0.0115,20.88
53.6652,535,tracking,0.8200,0.8139,0.0067,20.87
53.7652,536,tracking,0.8285,0.8215,0.0275,20.34
53.8652,537,tracking,0.8368,0.8305,0.0462,19.98
53.9652,538,tracking,0.8435,0.8393,0.0587,20.24
54.0652,539,tracking,0.8472,0.8462,0.0617,20.27
54.1652,540,tracking,0.8444,0.8484,0.0499,19.09
54.2652,541,tracking,0.8239,0.8386,0.0056,16.30
54.3652,542,tracking,0.8265,0.8328,-0.0134,14.04
54.4652,543,tracking,0.8650,0.8483,0.0368,14.53
54.5652,544,tracking,0.8713,0.8616,0.0659,14.93
54.6652,545,tracking,0.8545,0.8614,0.0454,15.47
54.7652,546,tracking,0.8476,0.8568,0.0179,15.48
54.8653,547,tracking,0.8509,0.8547,0.0064,15.36
54.9653,548,tracking,0.8549,0.8551,0.0058,15.43
55.0653,549,tracking,0.8620,0.8588,0.0152,15.06
55.1653,550,tracking,0.8570,0.8587,0.0101,14.99
55.2653,551,tracking,0.8671,0.8634,0.0212,14.80
55.3653,552,tracking,0.8531,0.8593,0.0026,15.30
55.4653,553,tracking,0.8527,0.8561,-0.0077,15.80
55.5653,554,tracking,0.8469,0.8512,-0.0203,15.59
55.6653,555,tracking,0.8439,0.8465,-0.0282,15.48
55.7653,556,tracking,0.8528,0.8483,-0.0145,16.39
55.8653,557,tracking,0.8510,0.8489,-0.0082,16.46
55.9653,558,tracking,0.8522,0.8501,-0.0021,16.35
56.0653,559,tracking,0.8422,0.8461,-0.0136,14.99
56.1653,560,tracking,0.8464,0.8456,-0.0110,15.36
56.2653,561,tracking,0.8458,0.8451,-0.0090,15.23
56.3653,562,tracking,0.8635,0.8539,0.0199,16.50
56.4653,563,tracking,0.8698,0.8628,0.0408,16.22
56.5653,564,tracking,0.8683,0.8676,0.0429,16.13
56.6653,565,tracking,0.8643,0.8681,0.0315,15.82
56.7653,566,tracking,0.8543,0.8628,0.0061,15.37
56.8653,567,tracking,0.8557,0.8595,-0.0055,15.57
56.9653,568,tracking,0.8410,0.8500,-0.0325,14.27
57.0653,569,tracking,0.8555,0.8511,-0.0193,16.08
57.1653,570,tracking,0.8567,0.8530,-0.0080,16.12
57.2653,571,tracking,0.8586,0.8554,0.0017,16.40
57.3653,572,tracking,0.8467,0.8511,-0.0115,15.30
57.4653,573,tracking,0.8521,0.8510,-0.0084,15.60
57.5653,574,tracking,0.8581,0.8541,0.0034,15.71
57.6653,575,tracking,0.8643,0.8594,0.0181,16.16
57.7653,576,tracking,0.8717,0.8664,0.0338,16.22
57.8653,577,tracking,0.8631,0.8665,0.0238,15.78
57.9653,578,tracking,0.8656,0.8672,0.0190,15.67
58.0653,579,tracking,0.8507,0.8599,-0.0087,15.30
58.1653,580,tracking,0.8518,0.8554,-0.0196,15.29
58.2653,581,tracking,0.8466,0.8500,-0.0298,15.22
58.3653,582,tracking,0.8507,0.8489,-0.0244,15.36
58.4653,583,tracking,0.8557,0.8511,-0.0105,15.74
58.5653,584,tracking,0.8475,0.8487,-0.0143,15.23
58.6653,585,tracking,0.8437,0.8455,-0.0197,15.06
58.7653,586,tracking,0.8349,0.8392,-0.0327,14.76
58.8653,587,tracking,0.8450,0.8405,-0.0191,14.92
58.9653,588,tracking,0.8540,0.8463,0.0040,15.12
59.0653,589,tracking,0.8630,0.8548,0.0285,15.10
59.1653,590,tracking,0.8615,0.8596,0.0342,15.36
59.3653,592,tracking,1.5063,1.1864,0.5141,18.88
59.4653,593,tracking,0.8592,1.0485,-0.0538,15.55
59.5653,594,tracking,0.8598,0.9514,-0.3288,15.38
59.6653,595,tracking,0.8576,0.8881,-0.4202,15.24
59.7653,596,tracking,0.8543,0.8502,-0.4079,15.17
59.8653,597,tracking,0.8510,0.8302,-0.3454,15.07
59.9653,598,tracking,0.8535,0.8246,-0.2586,15.27
60.0653,599,tracking,0.8600,0.8294,-0.1667,15.24
60.1653,600,tracking,0.8562,0.8345,-0.1014,15.19
60.2653,601,tracking,0.8556,0.8400,-0.0545,15.05
60.3653,602,tracking,0.8497,0.8421,-0.0316,14.88
60.4653,603,tracking,0.8558,0.8474,-0.0063,14.94
60.5653,604,tracking,0.8543,0.8505,0.0049,15.04
60.6653,605,tracking,0.8550,0.8530,0.0109,15.01
60.7653,606,tracking,0.8555,0.8548,0.0131,15.09
60.8653,607,tracking,0.8545,0.8553,0.0107,14.93
60.9653,608,tracking,0.8543,0.8554,0.0075,15.07
61.0653,609,tracking,0.8492,0.8526,-0.0029,14.95
61.1653,610,tracking,0.8498,0.8511,-0.0067,14.96
61.2653,611,tracking,0.8493,0.8498,-0.0084,14.82
61.3653,612,tracking,0.8561,0.8526,0.0023,15.12
61.4653,613,tracking,0.8538,0.8533,0.0038,15.08
61.5653,614,tracking,0.8569,0.8553,0.0086,15.28
61.6653,615,tracking,0.8507,0.8534,0.0005,15.01
61.7653,616,tracking,0.8557,0.8546,0.0039,15.00
61.8653,617,tracking,0.8547,0.8549,0.0035,14.80
61.9653,618,tracking,0.8597,0.8575,0.0102,14.75
62.0653,619,tracking,0.8619,0.8602,0.0154,14.82
62.1653,620,tracking,0.8568,0.8593,0.0079,14.85
62.2653,621,tracking,0.8526,0.8563,-0.0033,15.01
62.3653,622,tracking,0.8482,0.8521,-0.0149,14.97
62.4653,623,tracking,0.8477,0.8491,-0.0194,14.92
62.5653,624,tracking,0.8472,0.8472,-0.0193,14.70
62.6653,625,tracking,0.8485,0.8469,-0.0144,14.67
62.7653,626,tracking,0.8490,0.8472,-0.0091,14.70
62.8653,627,tracking,0.8494,0.8478,-0.0046,14.83
62.9653,628,tracking,0.8513,0.8494,0.0013,14.75
63.0653,629,tracking,0.8530,0.8512,0.0066,14.78
63.1653,630,tracking,0.8482,0.8500,0.0010,14.76
63.2653,631,tracking,0.8488,0.8494,-0.0011,14.87
63.3653,632,tracking,0.8519,0.8506,0.0028,14.84
63.4653,633,tracking,0.8536,0.8522,0.0068,14.79
63.5653,634,tracking,0.8501,0.8515,0.0025,14.88
63.6653,635,tracking,0.8469,0.8493,-0.0048,15.01
63.7653,636,tracking,0.8475,0.8482,-0.0067,15.07
63.8653,637,tracking,0.8445,0.8460,-0.0112,14.69
63.9653,638,tracking,0.8418,0.8434,-0.0158,14.47
64.0653,639,tracking,0.8420,0.8419,-0.0154,14.47
64.1653,640,tracking,0.8486,0.8445,-0.0031,14.78
64.2653,641,tracking,0.8525,0.8483,0.0094,14.70
64.3653,642,tracking,0.8567,0.8530,0.0205,14.94
64.4653,643,tracking,0.8523,0.8537,0.0164,14.45
64.5653,644,tracking,0.8565,0.8559,0.0182,14.64
64.6653,645,tracking,0.8591,0.8584,0.0203,14.41
64.7653,646,tracking,0.8611,0.8608,0.0212,14.83
64.8653,647,tracking,0.8620,0.8625,0.0200,14.99
64.9653,648,tracking,0.8610,0.8627,0.0148,15.35
65.0653,649,tracking,0.8614,0.8628,0.0105,15.22
65.1653,650,tracking,0.8638,0.8638,0.0104,15.37
65.2653,651,tracking,0.8670,0.8659,0.0136,15.06
65.3653,652,tracking,0.8694,0.8683,0.0168,14.84
65.4653,653,tracking,0.8686,0.8693,0.0147,14.67
65.5653,654,tracking,0.8685,0.8697,0.0113,14.61
65.6653,655,tracking,0.8595,0.8651,-0.0056,14.86
65.7653,656,tracking,0.8542,0.8594,-0.0212,14.18
65.8653,657,tracking,0.8455,0.8514,-0.0388,13.95
65.9653,658,tracking,0.8550,0.8513,-0.0275,14.26
66.0653,659,tracking,0.8566,0.8526,-0.0154,14.70
66.1653,660,tracking,0.8584,0.8547,-0.0044,14.69
66.2653,661,tracking,0.8523,0.8533,-0.0073,14.33
66.4653,663,tracking,0.8373,0.8446,-0.0182,14.60
66.5653,664,tracking,0.8392,0.8410,-0.0235,14.65
66.6653,665,tracking,0.8495,0.8440,-0.0072,14.35
66.7653,666,tracking,0.8646,0.8539,0.0246,13.47
66.8653,667,tracking,0.8583,0.8574,0.0275,13.55
66.9653,668,tracking,0.8539,0.8570,0.0181,14.09
67.0653,669,tracking,0.8627,0.8608,0.0240,14.46
67.1653,670,tracking,0.8597,0.8614,0.0188,14.30
67.2653,671,tracking,0.8518,0.8575,0.0015,14.01
67.3653,672,tracking,0.8447,0.8512,-0.0180,13.60
67.4653,673,tracking,0.8490,0.8492,-0.0186,13.88
67.5653,674,tracking,0.8552,0.8513,-0.0068,14.32
67.6653,675,tracking,0.8573,0.8539,0.0032,14.93
67.7653,676,tracking,0.8509,0.8526,-0.0018,14.34
67.8653,677,tracking,0.8388,0.8456,-0.0222,13.68
67.9653,678,tracking,0.8327,0.8381,-0.0381,12.63
68.0653,679,tracking,0.8392,0.8367,-0.0307,12.64
68.1653,680,tracking,0.8487,0.8412,-0.0082,13.36
68.2653,681,tracking,0.8509,0.8456,0.0076,14.11
68.3653,682,tracking,0.8515,0.8489,0.0153,14.50
68.4653,683,tracking,0.8535,0.8520,0.0198,14.54
68.5653,684,tracking,0.8576,0.8558,0.0253,14.45
68.6653,685,tracking,0.8636,0.8610,0.0333,14.74
68.7653,686,tracking,0.8702,0.8673,0.0422,14.53
68.8653,687,tracking,0.8655,0.8685,0.0332,14.46
68.9653,688,tracking,0.8579,0.8649,0.0124,13.96
69.0653,689,tracking,0.8507,0.8584,-0.0107,13.50
69.1653,690,tracking,0.8508,0.8540,-0.0206,13.68
69.2653,691,tracking,0.8519,0.8519,-0.0207,14.29
69.3653,692,tracking,0.8572,0.8535,-0.0097,14.65
69.4653,693,tracking,0.8541,0.8534,-0.0074,14.51
69.5653,694,tracking,0.8635,0.8581,0.0090,14.12
69.7653,696,tracking,0.8587,0.8593,0.0082,13.97
69.8653,697,tracking,0.8710,0.8656,0.0245,14.33
69.9653,698,tracking,0.8653,0.8666,0.0204,14.55
70.0653,699,tracking,0.8635,0.8661,0.0126,14.72
70.1653,700,tracking,0.8600,0.8637,0.0017,14.47
70.2653,701,tracking,0.8567,0.8603,-0.0091,14.37
70.3653,702,tracking,0.8568,0.8581,-0.0129,14.17
70.4653,703,tracking,0.8493,0.8530,-0.0242,13.81
70.5653,704,tracking,0.8589,0.8548,-0.0118,13.33
70.6653,705,tracking,0.8645,0.8591,0.0047,13.39
70.7653,706,tracking,0.8658,0.8627,0.0140,14.00
70.8653,707,tracking,0.8614,0.8627,0.0100,14.60
70.9653,708,tracking,0.8575,0.8606,0.0007,14.78
71.0653,709,tracking,0.8542,0.8574,-0.0090,14.81
71.1653,710,tracking,0.8513,0.8539,-0.0169,14.48
71.2653,711,tracking,0.8567,0.8545,-0.0102,14.59
71.3653,712,tracking,0.8642,0.8588,0.0059,14.35
71.4653,713,tracking,0.8616,0.8605,0.0092,14.39
71.5653,714,tracking,0.8593,0.8604,0.0060,14.04
71.6653,715,tracking,0.8547,0.8579,-0.0033,13.70
71.7653,716,tracking,0.8615,0.8595,0.0026,13.27
71.8653,717,tracking,0.8665,0.8631,0.0127,13.10
71.9653,718,tracking,0.8736,0.8690,0.0265,13.29
72.0653,719,tracking,0.8814,0.8765,0.0412,13.34
72.1653,720,tracking,0.8746,0.8776,0.0321,13.32
72.2653,721,tracking,0.8677,0.8743,0.0124,13.64
72.3653,722,tracking,0.8514,0.8635,-0.0238,13.69
72.4653,723,tracking,0.8498,0.8554,-0.0407,13.57
72.5653,724,tracking,0.8496,0.8505,-0.0434,13.91
72.6653,725,tracking,0.8624,0.8543,-0.0189,13.98
72.7653,726,tracking,0.8697,0.8611,0.0071,14.29
72.8653,727,tracking,0.8694,0.8656,0.0186,13.93
72.9653,728,tracking,0.8612,0.8644,0.0093,13.82
73.0653,729,tracking,0.8443,0.8548,-0.0222,13.33
73.1653,730,tracking,0.8510,0.8518,-0.0246,13.40
73.2653,731,tracking,0.8590,0.8542,-0.0100,13.67
73.3653,732,tracking,0.8559,0.8545,-0.0059,14.23
73.4653,733,tracking,0.8458,0.8499,-0.0182,14.03
73.5653,734,tracking,0.8417,0.8449,-0.0277,14.21
73.6653,735,tracking,0.8543,0.8482,-0.0094,13.97
73.7653,736,tracking,0.8630,0.8552,0.0143,13.76
73.8653,737,tracking,0.8682,0.8624,0.0317,13.07
73.9653,738,tracking,0.8618,0.8637,0.0260,12.89
74.0653,739,tracking,0.8479,0.8571,-0.0015,12.67
74.1653,740,tracking,0.8443,0.8506,-0.0205,13.19
74.2653,741,tracking,0.8414,0.8450,-0.0312,13.34
74.3653,742,tracking,0.8472,0.8445,-0.0232,13.58
74.4653,743,tracking,0.8505,0.8464,-0.0108,13.82
74.5653,744,tracking,0.8711,0.8582,0.0279,15.38
74.6653,745,tracking,0.8912,0.8761,0.0732,15.00
74.7653,746,tracking,0.9007,0.8920,0.0991,19.44
74.9653,748,tracking,1.2751,1.0935,0.3716,22.09
75.0653,749,tracking,1.2632,1.1969,0.5704,22.21
75.1653,750,tracking,1.2603,1.2571,0.5799,22.15
75.2653,751,tracking,1.5794,1.4473,0.9764,18.68
75.3653,752,tracking,1.9965,1.7707,1.6537,18.14
75.4653,753,tracking,1.5949,1.7655,1.1419,20.48
75.5653,754,tracking,2.4009,2.1403,1.9238,9.07
75.6653,755,tracking,2.0153,2.1740,1.4477,20.24
75.7653,756,tracking,2.0237,2.1712,1.0051,19.17
75.8653,757,tracking,2.4128,2.3423,1.2167,9.39
75.9653,758,tracking,2.0229,2.2434,0.5552,16.41
76.0653,759,tracking,1.9909,2.1450,0.0932,14.50
76.1653,760,tracking,1.9921,2.0732,-0.1501,15.38
76.2653,761,tracking,1.9821,2.0201,-0.2642,16.82
76.3653,762,tracking,2.5025,2.2481,0.4990,6.31
76.4653,763,tracking,2.4027,2.3503,0.6560,9.32
76.5653,764,tracking,2.3752,2.3956,0.5949,10.45
76.6653,765,tracking,2.3750,2.4150,0.4748,11.87
76.7653,766,tracking,1.9839,2.2232,-0.2431,17.70
76.9653,768,tracking,2.3677,2.2711,-0.0983,10.81
77.0653,769,tracking,2.3693,2.3153,0.0637,8.93
77.1653,770,coasting,NaN,2.3216,0.0509,NaN
77.2653,771,coasting,NaN,2.3267,0.0407,NaN
77.3653,772,tracking,1.9914,2.1611,-0.4684,17.71
77.4653,773,tracking,1.9899,2.0521,-0.6549,17.73
77.5653,774,tracking,1.3899,1.6883,-1.5499,20.25
77.6653,775,tracking,1.9878,1.7605,-0.8682,16.25
77.7653,776,tracking,1.9894,1.8315,-0.3946,16.59
77.8653,777,tracking,1.3240,1.5580,-1.0968,18.65
77.9653,778,tracking,0.8213,1.1348,-2.0374,20.20
78.0653,779,tracking,0.8111,0.8711,-2.2173,21.98
78.1653,780,tracking,0.8240,0.7500,-1.9554,22.01
78.2653,781,tracking,0.8491,0.7500,-1.5134,23.10
78.3653,782,tracking,0.8353,0.7500,-1.1585,23.36
78.4653,783,tracking,0.8220,0.7500,-0.8766,24.33
78.5653,784,tracking,0.8209,0.7500,-0.6388,24.54
78.6653,785,tracking,0.7913,0.7500,-0.4810,23.45
78.7653,786,tracking,0.8055,0.7537,-0.3256,23.52
78.8653,787,tracking,0.7788,0.7500,-0.2391,23.32
78.9653,788,tracking,0.7838,0.7549,-0.1526,24.69
79.0653,789,tracking,0.7886,0.7642,-0.0791,24.30
79.1653,790,tracking,0.8132,0.7847,0.0063,24.32
79.2653,791,tracking,0.8450,0.8152,0.0957,23.66
79.3653,792,tracking,0.8631,0.8439,0.1533,22.30
79.4653,793,coasting,NaN,0.8593,0.1227,NaN
79.5653,794,coasting,NaN,0.8715,0.0981,NaN
79.6653,795,tracking,1.5489,1.2151,1.0995,21.16
79.7654,796,tracking,0.7638,1.0444,0.2575,19.60
79.8654,797,tracking,0.7638,0.9170,-0.2021,20.81
79.9654,798,tracking,0.9071,0.9019,-0.1866,21.23
80.0654,799,tracking,1.5466,1.2149,0.8083,21.96
80.1654,800,tracking,0.8449,1.0703,0.1320,21.43
80.2654,801,tracking,0.8126,0.9481,-0.2743,22.22
80.3654,802,tracking,0.7844,0.8525,-0.4787,23.76
80.4654,803,tracking,0.7588,0.7817,-0.5474,23.03
80.5654,804,tracking,0.7634,0.7500,-0.4929,22.38
80.6654,805,tracking,0.7896,0.7500,-0.3595,20.37
80.7654,806,tracking,0.8347,0.7744,-0.1786,19.87
80.8654,807,tracking,0.8397,0.7981,-0.0538,21.26
80.9654,808,tracking,0.8152,0.8040,-0.0201,21.21
81.0654,809,tracking,0.8133,0.8077,-0.0030,21.32
81.1654,810,coasting,NaN,0.8074,-0.0024,NaN
81.2654,811,coasting,NaN,0.8071,-0.0019,NaN
81.3654,812,coasting,NaN,0.8069,-0.0015,NaN
81.4654,813,coasting,NaN,0.8068,-0.0012,NaN
81.5654,814,tracking,0.7798,0.7932,-0.0415,22.44
81.6654,815,tracking,0.8015,0.7953,-0.0229,21.64
81.7654,816,coasting,NaN,0.7930,-0.0183,NaN
81.8654,817,coasting,NaN,0.7911,-0.0147,NaN
81.9654,818,tracking,0.8285,0.8091,0.0435,22.15
82.0654,819,tracking,0.8287,0.8211,0.0665,22.69
82.1654,820,tracking,0.7778,0.8028,-0.0084,21.83
82.2654,821,tracking,0.7785,0.7902,-0.0435,21.22
82.3654,822,tracking,0.8066,0.7962,-0.0124,20.99
82.4654,823,tracking,0.8100,0.8025,0.0101,20.82
82.5654,824,tracking,0.7745,0.7890,-0.0334,21.08
82.6654,825,tracking,0.7628,0.7742,-0.0677,21.78
82.7654,826,tracking,0.7804,0.7739,-0.0483,22.55
82.8654,827,tracking,0.7947,0.7819,-0.0099,23.43
82.9654,828,tracking,0.7844,0.7826,-0.0047,22.78
83.0654,829,tracking,0.8033,0.7927,0.0270,22.22
83.1654,830,tracking,0.8689,0.8322,0.1373,20.53
83.2654,831,tracking,0.9034,0.8747,0.2235,20.24
83.3654,832,tracking,0.9076,0.9023,0.2393,19.07
83.4654,833,tracking,0.8922,0.9092,0.1883,17.58
83.5654,834,tracking,1.5461,1.2371,1.1153,21.28
83.6654,835,tracking,1.5459,1.4473,1.4114,20.52
83.7654,836,tracking,1.5283,1.5584,1.3212,19.61
83.8654,837,coasting,NaN,1.6905,1.0570,NaN
83.9654,838,tracking,1.9590,1.8776,1.3011,16.27
84.0654,839,tracking,1.4810,1.7443,0.5111,16.72
84.1654,840,tracking,1.9792,1.8873,0.7868,18.45
84.2654,841,tracking,1.4775,1.7217,0.0540,18.43
84.3654,842,tracking,1.4192,1.5732,-0.4079,17.90
84.5654,844,tracking,0.8683,1.1799,-0.8754,16.01
84.7654,846,tracking,0.8877,0.9463,-0.9633,16.75
84.8654,847,tracking,0.8915,0.8707,-0.9010,16.22
84.9654,848,tracking,0.8897,0.8352,-0.7373,16.08
85.0654,849,tracking,0.8713,0.8164,-0.5725,15.53
85.1654,850,tracking,0.8669,0.8130,-0.4109,15.03
85.2654,851,tracking,0.8713,0.8216,-0.2619,15.11
85.3654,852,tracking,0.8766,0.8360,-0.1400,15.56
85.4654,853,tracking,0.8837,0.8529,-0.0475,16.19
85.5654,854,tracking,0.8772,0.8627,-0.0038,15.69
85.6654,855,tracking,0.8767,0.8695,0.0178,17.43
85.7654,856,tracking,0.8786,0.8749,0.0288,16.83
85.8654,857,tracking,0.9039,0.8909,0.0680,17.91
85.9654,858,tracking,0.8991,0.8984,0.0701,17.44
86.0654,859,tracking,0.8935,0.8995,0.0523,17.24
86.1654,860,tracking,0.8600,0.8823,-0.0148,16.17
86.2654,861,tracking,0.8634,0.8721,-0.0410,14.86
86.3654,862,tracking,1.4868,1.1774,0.8872,17.93
86.4654,863,tracking,1.4315,1.3488,1.1353,18.68
86.5654,864,tracking,1.3686,1.4155,0.9947,17.40
86.6654,865,tracking,0.8680,1.1915,0.0242,14.64
86.7654,866,tracking,0.8552,1.0246,-0.4838,13.96
86.8654,867,tracking,0.8670,0.9216,-0.6476,14.90
86.9654,868,tracking,0.8571,0.8569,-0.6472,14.43
87.0654,869,tracking,0.8600,0.8261,-0.5456,14.77
87.1654,870,tracking,0.8491,0.8103,-0.4292,14.53
87.2654,871,tracking,0.8635,0.8155,-0.2851,14.75
87.3654,872,tracking,0.8569,0.8219,-0.1801,15.01
87.4654,873,tracking,0.8468,0.8254,-0.1158,15.28
87.5654,874,tracking,0.8535,0.8336,-0.0562,15.94
87.6654,875,tracking,0.8556,0.8418,-0.0149,17.56
87.7654,876,tracking,0.8592,0.8498,0.0135,17.97
87.8654,877,tracking,0.8487,0.8499,0.0098,17.92
87.9654,878,tracking,1.5116,1.1812,1.0008,18.61
88.0654,879,tracking,1.5045,1.3929,1.3356,18.66
88.1654,880,tracking,1.4775,1.5020,1.2621,18.31
88.2654,881,tracking,1.4333,1.5307,0.9698,16.08
88.3654,882,tracking,1.9852,1.8065,1.5060,17.11
88.4654,883,tracking,1.4497,1.7034,0.7450,16.56
88.5654,884,tracking,1.9856,1.8818,1.0567,16.47
88.6654,885,tracking,1.4132,1.7003,0.1952,16.78
88.7654,886,tracking,1.4223,1.5710,-0.2511,17.56
88.8654,887,tracking,0.8622,1.2041,-1.2767,14.72
88.9654,888,tracking,0.8709,0.9736,-1.5850,14.81
89.0654,889,tracking,0.8660,0.8406,-1.5087,14.82
89.1654,890,tracking,0.8701,0.7799,-1.2381,15.05
89.2654,891,tracking,0.8655,0.7608,-0.9240,15.08
89.3654,892,tracking,0.8636,0.7660,-0.6311,14.91
89.4654,893,tracking,0.8630,0.7830,-0.3909,14.86
89.5654,894,tracking,0.8641,0.8040,-0.2106,14.74
89.6654,895,tracking,0.8765,0.8297,-0.0703,14.81
89.7654,896,tracking,0.8808,0.8517,0.0169,14.79
89.8654,897,tracking,0.8925,0.8730,0.0755,14.56
89.9654,898,tracking,0.9025,0.8915,0.1085,14.52
90.0654,899,tracking,0.9101,0.9062,0.1201,14.20
90.1654,900,tracking,0.9072,0.9127,0.1035,14.47
90.2654,901,tracking,0.8954,0.9092,0.0620,14.35
90.3654,902,tracking,0.8919,0.9037,0.0267,15.01
90.5654,904,tracking,1.4187,1.1638,0.4089,18.59
90.7654,906,tracking,1.4058,1.3257,0.5291,18.17
90.8654,907,tracking,0.9033,1.1409,-0.1839,17.68
90.9654,908,tracking,0.8956,1.0091,-0.5244,17.62
91.0654,909,tracking,0.8955,0.9261,-0.6160,17.73
91.1654,910,tracking,0.8952,0.8798,-0.5699,17.62
91.2654,911,tracking,0.8957,0.8593,-0.4606,15.47
91.3654,912,tracking,1.3907,1.1019,0.4055,18.54
91.4654,913,tracking,0.8992,1.0209,0.0407,15.61
91.5654,914,tracking,0.8974,0.9611,-0.1507,15.54
91.6654,915,tracking,0.8907,0.9184,-0.2338,15.00
91.7654,916,tracking,0.8985,0.8968,-0.2285,16.98
91.8654,917,tracking,0.9112,0.8926,-0.1725,14.61
91.9654,918,tracking,0.9190,0.8972,-0.1070,14.48
92.0654,919,tracking,0.9207,0.9036,-0.0557,14.16
92.1654,920,tracking,0.9130,0.9055,-0.0332,13.40
92.2654,921,tracking,1.5126,1.2074,0.8824,17.40
92.3654,922,tracking,0.9125,1.1041,0.3078,17.36
92.4654,923,tracking,0.9077,1.0213,-0.0330,15.98
92.5654,924,tracking,0.8917,0.9548,-0.2224,16.79
92.6654,925,tracking,0.8863,0.9094,-0.2919,16.76
92.7654,926,tracking,0.8753,0.8778,-0.2993,16.65
92.8654,927,tracking,0.8684,0.8581,-0.2685,15.72
92.9654,928,tracking,0.8562,0.8437,-0.2311,14.99
93.0654,929,tracking,0.8706,0.8456,-0.1562,15.06
93.1654,930,tracking,0.8787,0.8544,-0.0831,15.39
93.2654,931,tracking,0.8860,0.8660,-0.0231,15.46
93.3654,932,tracking,0.8859,0.8748,0.0102,15.15
93.4654,933,tracking,0.8916,0.8837,0.0339,15.20
93.5654,934,tracking,0.9032,0.8952,0.0580,15.85
93.6654,935,tracking,0.9074,0.9042,0.0676,16.28
93.7654,936,tracking,0.9060,0.9085,0.0602,17.09
93.8654,937,tracking,0.8986,0.9066,0.0364,16.96
93.9654,938,tracking,0.8946,0.9024,0.0131,16.33
94.0654,939,tracking,0.8938,0.8987,-0.0019,16.39
94.1654,940,tracking,0.8941,0.8963,-0.0085,16.44
94.2654,941,tracking,0.9002,0.8978,-0.0015,16.40
94.3654,942,tracking,0.9128,0.9052,0.0212,16.75
94.4654,943,tracking,0.9214,0.9144,0.0423,15.80
94.5654,944,tracking,0.9228,0.9207,0.0487,15.74
94.6654,945,tracking,0.9214,0.9235,0.0423,15.80
94.7654,946,tracking,0.9205,0.9241,0.0315,15.63
94.8654,947,tracking,0.9127,0.9200,0.0097,17.33
94.9654,948,tracking,0.9039,0.9124,-0.0159,16.95
95.0654,949,tracking,0.9004,0.9056,-0.0315,15.16
95.1654,950,tracking,0.8884,0.8954,-0.0527,14.88
95.2654,951,coasting,NaN,0.8901,-0.0422,NaN
95.3654,952,tracking,0.8630,0.8745,-0.0766,16.24
95.4654,953,tracking,0.8716,0.8692,-0.0694,16.24
95.5654,954,tracking,0.8767,0.8695,-0.0477,16.24
95.6654,955,coasting,NaN,0.8647,-0.0382,NaN
95.7654,956,tracking,0.8832,0.8721,-0.0047,16.78
95.8654,957,tracking,0.8823,0.8770,0.0114,16.81
95.9654,958,tracking,0.8751,0.8766,0.0069,16.73
96.0654,959,tracking,0.8817,0.8795,0.0136,17.09
96.1654,960,tracking,0.8879,0.8844,0.0241,17.32
96.2654,961,tracking,0.8871,0.8869,0.0246,17.08
96.3654,962,tracking,0.8807,0.8851,0.0115,16.47
96.4654,963,coasting,NaN,0.8862,0.0092,NaN
96.5654,964,coasting,NaN,0.8871,0.0074,NaN
96.6654,965,coasting,NaN,0.8879,0.0059,NaN
96.7654,966,coasting,NaN,0.8885,0.0047,NaN
96.8654,967,coasting,NaN,0.8889,0.0038,NaN
96.9654,968,tracking,0.8863,0.8878,-0.0007,15.26
97.0654,969,tracking,0.8935,0.8906,0.0079,16.27
97.2654,971,tracking,0.8748,0.8835,-0.0051,16.79
97.3654,972,tracking,0.8465,0.8647,-0.0599,16.65
97.4654,973,tracking,0.8555,0.8571,-0.0648,15.94
97.5654,974,tracking,0.8843,0.8675,-0.0143,15.97
97.6654,975,tracking,0.9229,0.8945,0.0711,16.90
97.7654,976,tracking,0.9205,0.9111,0.0995,16.75
97.8654,977,tracking,1.2589,1.0900,0.6064,17.41
97.9654,978,tracking,1.2658,1.2082,0.7792,16.61
98.0654,979,tracking,1.2558,1.2710,0.7336,18.77
98.1654,980,tracking,1.2433,1.2938,0.5822,17.14
98.2654,981,tracking,1.2346,1.2933,0.4060,16.74
98.3654,982,tracking,0.9318,1.1328,-0.1972,17.89
98.4654,983,tracking,0.9528,1.0330,-0.4377,19.10
98.5654,984,tracking,0.9468,0.9680,-0.5013,20.49
98.6654,985,tracking,0.9623,0.9401,-0.4347,22.84
98.7654,986,tracking,0.9465,0.9216,-0.3598,23.26
98.8654,987,tracking,0.9399,0.9128,-0.2783,22.87
98.9654,988,tracking,0.8820,0.8835,-0.2826,20.60
99.0654,989,tracking,0.8956,0.8754,-0.2220,19.98
99.1654,990,tracking,0.9210,0.8871,-0.1203,20.97
99.2654,991,tracking,0.9331,0.9041,-0.0333,21.83
99.3654,992,tracking,0.9269,0.9139,0.0060,21.98
99.4654,993,tracking,0.9079,0.9112,-0.0038,21.77
99.5654,994,tracking,0.8926,0.9017,-0.0311,19.92
99.6654,995,tracking,0.8760,0.8873,-0.0650,18.63
99.7654,996,coasting,NaN,0.8808,-0.0520,NaN
99.8654,997,coasting,NaN,0.8756,-0.0416,NaN
99.9654,998,coasting,NaN,0.8714,-0.0333,NaN
100.0654,999,tracking,1.3202,1.0941,0.6448,26.01
100.1654,1000,tracking,0.8572,1.0079,0.1926,26.82
100.2654,1001,tracking,1.3121,1.1696,0.6200,27.64
100.3654,1002,tracking,0.8473,1.0395,0.0435,27.86
100.4654,1003,tracking,0.8546,0.9492,-0.2403,27.15
100.5654,1004,tracking,0.8587,0.8919,-0.3400,25.72
100.6654,1005,coasting,NaN,0.8579,-0.2720,NaN
100.7654,1006,coasting,NaN,0.8307,-0.2176,NaN
100.8654,1007,coasting,NaN,0.8090,-0.1741,NaN
100.9654,1008,coasting,NaN,0.7916,-0.1393,NaN
101.0654,1009,coasting,NaN,0.7777,-0.1114,NaN
101.1654,1010,tracking,1.4843,1.4843,0.0000,25.24
101.2654,1011,tracking,1.4957,1.4900,0.0170,25.19
101.3654,1012,tracking,1.4881,1.4899,0.0115,28.78
101.4654,1013,tracking,1.5032,1.4971,0.0298,32.87
101.5654,1014,tracking,1.4869,1.4935,0.0100,34.41
101.6654,1015,tracking,1.4878,1.4912,-0.0000,38.68
101.8654,1017,tracking,1.4841,1.4877,-0.0053,37.98
101.9654,1018,tracking,1.4887,1.4879,-0.0030,37.27
102.0654,1019,tracking,0.8922,1.1899,-0.8961,21.21
102.1654,1020,tracking,0.8590,0.9797,-1.2580,18.76
102.2654,1021,tracking,0.8506,0.8522,-1.2628,18.87
102.3654,1022,tracking,0.8501,0.7880,-1.0766,18.58
102.4654,1023,tracking,0.8419,0.7611,-0.8343,18.70
102.5654,1024,tracking,0.8374,0.7575,-0.5948,18.27
102.6654,1025,tracking,0.8360,0.7670,-0.3880,17.85
102.7654,1026,tracking,0.8443,0.7862,-0.2139,17.21
102.8654,1027,tracking,0.8520,0.8084,-0.0832,16.54
102.9654,1028,tracking,0.8496,0.8248,-0.0090,17.00
103.0654,1029,tracking,0.8424,0.8331,0.0187,17.40
103.1654,1030,tracking,0.8383,0.8367,0.0236,17.55
103.2654,1031,tracking,0.8388,0.8389,0.0234,18.19
103.3654,1032,tracking,0.8351,0.8382,0.0142,18.20
103.4654,1033,tracking,0.8380,0.8388,0.0117,18.63
103.5654,1034,tracking,0.8322,0.8361,-0.0000,18.20
103.6654,1035,tracking,0.8405,0.8383,0.0066,19.33
103.7654,1036,tracking,0.8401,0.8395,0.0083,19.21
103.8654,1037,tracking,0.8451,0.8427,0.0155,19.27
103.9654,1038,tracking,0.8424,0.8433,0.0126,18.43
104.0654,1039,tracking,0.8362,0.8404,0.0000,18.30
104.1654,1040,tracking,0.8322,0.8363,-0.0122,18.88
104.2654,1041,tracking,0.8295,0.8323,-0.0206,19.72
104.3654,1042,tracking,0.8249,0.8276,-0.0285,20.27
104.4654,1043,tracking,0.8169,0.8208,-0.0403,20.71
104.5654,1044,tracking,0.8142,0.8155,-0.0441,20.85
104.6654,1045,tracking,0.8164,0.8137,-0.0362,21.53
104.7654,1046,tracking,0.8191,0.8146,-0.0227,21.42
104.8654,1047,tracking,0.8347,0.8235,0.0108,22.44
104.9654,1048,tracking,0.8437,0.8342,0.0395,22.86
105.0654,1049,tracking,0.8550,0.8465,0.0648,25.04
105.1654,1050,tracking,1.4914,1.1722,1.0224,31.67
105.2654,1051,tracking,1.4842,1.3793,1.3370,32.07
105.3654,1052,tracking,1.4284,1.4707,1.2100,43.38
105.4654,1053,tracking,0.9304,1.2611,0.2181,43.52
105.5654,1054,tracking,0.9302,1.1065,-0.3110,43.52
105.6654,1055,tracking,0.9261,1.0007,-0.5350,33.74
105.7654,1056,tracking,0.8225,0.8849,-0.7221,30.89
105.8654,1057,tracking,0.8172,0.8149,-0.7153,30.58
105.9654,1058,tracking,0.8202,0.7818,-0.6001,31.24
106.0654,1059,tracking,0.9175,0.8196,-0.3066,31.66
106.1654,1060,tracking,1.4772,1.1331,0.7258,32.76
106.2654,1061,tracking,1.4232,1.3145,1.0521,33.71
106.3655,1062,tracking,1.3553,1.3875,0.9555,33.63
106.4655,1063,tracking,0.8344,1.1587,-0.0174,34.57
106.5655,1064,tracking,0.8384,0.9977,-0.4952,33.16
106.6655,1065,tracking,0.8424,0.8953,-0.6539,30.37
106.7655,1066,tracking,0.8225,0.8262,-0.6650,23.49
106.8655,1067,tracking,1.4405,1.1001,0.3561,32.58
106.9655,1068,tracking,1.4398,1.2877,0.8123,32.62
107.0655,1069,tracking,1.4349,1.4019,0.9112,34.81
107.1655,1070,tracking,1.2876,1.3903,0.6030,33.50
107.2655,1071,tracking,1.2840,1.3673,0.3531,35.37
107.3655,1072,tracking,1.3594,1.3810,0.2882,50.06
107.4655,1073,tracking,1.3593,1.3846,0.2124,50.11
107.5655,1074,tracking,1.3600,1.3829,0.1438,50.08
107.6655,1075,tracking,1.2863,1.3418,-0.0228,34.21
107.7655,1076,tracking,0.8212,1.0803,-0.8003,29.92
107.8655,1077,tracking,0.8152,0.9078,-1.0779,26.53
107.9655,1078,tracking,0.8106,0.8053,-1.0619,27.78
108.0655,1079,tracking,0.8108,0.7549,-0.8944,27.67
108.1655,1080,tracking,0.8092,0.7500,-0.6788,27.85
108.2655,1081,tracking,1.3137,0.9979,0.2686,28.86
108.3655,1082,tracking,1.4214,1.2231,0.8635,28.98
108.4655,1083,tracking,1.4306,1.3700,1.0452,29.56
108.5655,1084,tracking,1.4298,1.4522,0.9781,29.41
108.6655,1085,tracking,1.4520,1.5010,0.8311,29.83
108.7655,1086,tracking,1.4564,1.5203,0.6396,30.93
108.8655,1087,tracking,1.4583,1.5212,0.4507,31.60
108.9655,1088,tracking,1.4577,1.5120,0.2877,31.79
109.0655,1089,tracking,1.4617,1.5012,0.1691,31.90
109.1655,1090,tracking,1.4656,1.4919,0.0903,32.42
109.2655,1091,tracking,1.4713,1.4861,0.0460,32.90
109.3655,1092,tracking,1.4754,1.4831,0.0230,32.62
109.4655,1093,tracking,1.4873,1.4863,0.0259,31.71
109.5655,1094,tracking,1.5007,1.4948,0.0436,30.38
109.6655,1095,tracking,1.3887,1.4439,-0.1221,29.43
109.7655,1096,tracking,1.5131,1.4724,-0.0001,28.49
109.8655,1097,tracking,1.5335,1.5029,0.0915,28.29
109.9655,1098,tracking,1.5316,1.5218,0.1208,29.69
110.0655,1099,tracking,1.4559,1.4949,0.0037,34.70
110.1655,1100,tracking,1.4284,1.4618,-0.0966,36.36
110.2655,1101,tracking,1.4195,1.4358,-0.1456,36.13
110.3655,1102,tracking,1.3801,1.4007,-0.2074,33.25
110.4655,1103,tracking,1.3382,1.3591,-0.2700,28.69
110.5655,1104,tracking,0.8438,1.0879,-1.0024,27.48
110.6655,1105,tracking,0.8440,0.9158,-1.2180,24.44
110.7655,1106,tracking,0.8491,0.8216,-1.1354,24.22
110.8655,1107,tracking,1.3801,1.0440,-0.1274,25.93
110.9655,1108,tracking,1.4344,1.2328,0.4772,28.70
111.0655,1109,tracking,1.4234,1.3520,0.6915,30.42
111.1655,1110,tracking,1.4319,1.4265,0.7077,31.28
111.2655,1111,tracking,1.4288,1.4630,0.6049,31.33
111.3655,1112,tracking,1.4347,1.4791,0.4717,30.99
111.4655,1113,tracking,1.4192,1.4727,0.3110,29.99
111.5655,1114,tracking,1.3490,1.4264,0.0787,28.09
111.6655,1115,tracking,0.8349,1.1346,-0.8204,25.05
111.7655,1116,tracking,0.8342,0.9433,-1.1480,21.99
111.8655,1117,tracking,0.8367,0.8326,-1.1358,24.72
111.9655,1118,tracking,0.8487,0.7839,-0.9413,29.07
112.0655,1119,coasting,NaN,0.7500,-0.7530,NaN
112.1655,1120,coasting,NaN,0.7500,-0.6024,NaN
112.2655,1121,coasting,NaN,0.7500,-0.4819,NaN
112.3655,1122,coasting,NaN,0.7500,-0.3856,NaN
112.4655,1123,coasting,NaN,0.7500,-0.3084,NaN
112.5655,1124,tracking,1.5386,1.5386,0.0000,32.59
112.6655,1125,tracking,1.5350,1.5368,-0.0054,31.24
112.7655,1126,tracking,1.5310,1.5336,-0.0132,30.07
112.8655,1127,tracking,1.5369,1.5346,-0.0063,29.00
112.9655,1128,tracking,1.5399,1.5369,0.0026,27.22
113.0655,1129,tracking,1.2165,1.3769,-0.4784,25.64
113.1655,1130,tracking,0.7860,1.0575,-1.2930,22.90
113.2655,1131,tracking,1.5396,1.2339,-0.3758,26.33
113.3655,1132,tracking,1.5229,1.3596,0.1140,28.08
113.4655,1133,tracking,1.5288,1.4499,0.3507,29.02
113.6655,1135,tracking,1.4805,1.5003,0.3211,35.59
113.7655,1136,tracking,1.5252,1.5288,0.3103,40.85
113.8655,1137,tracking,1.5312,1.5455,0.2673,41.77
113.9655,1138,tracking,1.5303,1.5513,0.2044,41.30
114.0655,1139,tracking,1.5044,1.5381,0.1035,50.97
114.1655,1140,tracking,1.5024,1.5254,0.0345,52.51
114.2655,1141,tracking,1.5031,1.5160,-0.0041,52.68
114.3655,1142,tracking,1.5039,1.5097,-0.0217,48.19
114.4655,1143,tracking,1.5145,1.5110,-0.0113,42.12
114.5655,1144,tracking,1.5110,1.5105,-0.0096,39.47
114.6655,1145,tracking,1.5038,1.5066,-0.0182,39.80
114.7655,1146,tracking,1.4843,1.4945,-0.0490,35.98
114.8655,1147,tracking,1.4475,1.4686,-0.1122,36.69
114.9655,1148,tracking,1.4023,1.4298,-0.1948,38.48
115.0655,1149,tracking,1.4529,1.4316,-0.1309,41.09
115.1655,1150,tracking,1.4925,1.4555,-0.0200,44.77
115.2655,1151,tracking,1.5146,1.4841,0.0716,44.36
115.3655,1152,tracking,1.5193,1.5053,0.1138,43.19
115.4655,1153,tracking,1.5076,1.5121,0.1002,33.49
115.5655,1154,tracking,1.5132,1.5177,0.0867,30.35
115.6655,1155,tracking,1.4825,1.5044,0.0210,36.49
115.7655,1156,tracking,1.4661,1.4863,-0.0396,52.32
115.8655,1157,tracking,1.4661,1.4742,-0.0640,52.32
115.9655,1158,tracking,1.4659,1.4669,-0.0668,52.23
116.0655,1159,tracking,1.5026,1.4814,-0.0032,34.25
116.1655,1160,tracking,0.8797,1.1804,-0.9053,38.87
116.2655,1161,tracking,0.8840,0.9869,-1.2142,39.17
116.3655,1162,tracking,0.8870,0.8762,-1.1819,38.32
116.4655,1163,coasting,NaN,0.7581,-0.9455,NaN
116.5655,1164,coasting,NaN,0.7500,-0.7564,NaN
116.6655,1165,coasting,NaN,0.7500,-0.6051,NaN
116.7655,1166,coasting,NaN,0.7500,-0.4841,NaN
116.8655,1167,coasting,NaN,0.7500,-0.3873,NaN
116.9655,1168,tracking,1.2557,0.9835,0.4294,32.04
117.0655,1169,tracking,1.2697,1.1481,0.7943,31.20
117.1655,1170,tracking,1.4521,1.3398,1.1312,38.09
117.2655,1171,tracking,1.4551,1.4540,1.1344,38.87
117.3655,1172,tracking,1.4506,1.5090,0.9591,39.05
117.4655,1173,tracking,1.4703,1.5376,0.7571,35.33
117.5655,1174,tracking,1.4696,1.5415,0.5416,42.63
117.6655,1175,tracking,1.4698,1.5327,0.3528,42.69
117.7655,1176,tracking,1.4684,1.5182,0.2035,42.49
117.8655,1177,tracking,1.4614,1.5000,0.0877,30.85
117.9655,1178,tracking,1.4895,1.4991,0.0588,27.63
118.0655,1179,tracking,0.8294,1.1672,-0.9545,25.00
118.1655,1180,tracking,0.8195,0.9457,-1.3328,28.52
118.2655,1181,tracking,0.8688,0.8406,-1.2482,34.37
118.3655,1182,tracking,1.3733,1.0445,-0.2619,40.52
118.4655,1183,tracking,1.3781,1.1982,0.2777,40.50
118.5655,1184,tracking,1.3607,1.2933,0.4797,39.59
118.6655,1185,tracking,0.8478,1.0945,-0.2605,27.06
118.7655,1186,tracking,0.8724,0.9704,-0.5547,24.75
118.8655,1187,tracking,0.8947,0.9048,-0.5851,37.73
118.9655,1188,tracking,0.8929,0.8696,-0.5152,38.15
119.0655,1189,tracking,1.4051,1.1116,0.3654,38.26
119.1655,1190,tracking,1.4258,1.2870,0.7819,32.03
119.2655,1191,tracking,1.4027,1.3839,0.8382,31.17
119.3655,1192,tracking,1.3927,1.4302,0.7256,30.01
119.4655,1193,tracking,0.8432,1.1730,-0.2639,26.76
119.5655,1194,tracking,0.8152,0.9809,-0.7610,22.45
119.6655,1195,tracking,0.8355,0.8702,-0.8648,22.99
119.7655,1196,tracking,0.8801,0.8319,-0.7202,26.43
119.8655,1197,tracking,0.8879,0.8239,-0.5281,28.01
119.9655,1198,tracking,0.8775,0.8243,-0.3685,27.63
120.0655,1199,tracking,0.8348,0.8111,-0.2974,28.89
120.1655,1200,tracking,0.8181,0.7998,-0.2423,27.72
120.2655,1201,tracking,0.8144,0.7950,-0.1839,28.29
120.3655,1202,tracking,0.8311,0.8038,-0.1022,31.09
120.4655,1203,tracking,0.8315,0.8126,-0.0454,31.88
120.5655,1204,tracking,1.3974,1.1027,0.8387,35.04
120.6655,1205,tracking,1.3841,1.2854,1.1350,36.45
120.7655,1206,tracking,1.3892,1.3940,1.1205,37.16
120.8655,1207,tracking,1.4090,1.4575,0.9749,41.50
120.9655,1208,tracking,1.4165,1.4858,0.7672,45.71
121.0655,1209,tracking,1.4182,1.4903,0.5506,45.76
121.1655,1210,tracking,1.4191,1.4822,0.3612,44.37
121.2655,1211,tracking,1.4537,1.4860,0.2642,33.36
121.3655,1212,tracking,1.4701,1.4913,0.2007,29.16
121.4655,1213,tracking,0.8642,1.1878,-0.7700,27.23
121.5655,1214,tracking,0.8584,0.9846,-1.1486,25.94
121.6655,1215,tracking,1.4438,1.1568,-0.2874,30.14
121.7655,1216,tracking,1.4492,1.2886,0.1943,30.04
121.8655,1217,tracking,1.4405,1.3743,0.3930,30.02
121.9655,1218,tracking,0.9314,1.1725,-0.3303,49.74
122.0655,1219,tracking,0.9308,1.0352,-0.6432,49.75
122.1655,1220,tracking,0.9199,0.9454,-0.7196,50.19
122.2655,1221,tracking,1.3674,1.1204,0.0214,40.33
122.3655,1222,tracking,1.3716,1.2471,0.3950,40.11
122.4655,1223,tracking,1.5333,1.4099,0.7651,28.31
122.5655,1224,tracking,1.5278,1.5071,0.8271,27.85
122.7655,1226,coasting,NaN,1.6726,0.6617,NaN
122.8655,1227,coasting,NaN,1.7387,0.5294,NaN
122.9655,1228,coasting,NaN,1.7917,0.4235,NaN
123.0655,1229,tracking,1.4156,1.6248,-0.2041,34.05
123.1655,1230,tracking,1.5293,1.5669,-0.3167,24.65
123.2655,1231,tracking,0.8469,1.1911,-1.3491,20.55
123.3655,1232,tracking,0.8484,0.9523,-1.6608,21.59
123.4655,1233,tracking,0.8503,0.8182,-1.5647,23.38
123.5655,1234,tracking,0.8533,0.7576,-1.2773,23.23
123.6655,1235,tracking,0.8605,0.7500,-0.9313,24.07
123.7655,1236,tracking,0.8225,0.7500,-0.6829,22.69
123.8655,1237,tracking,0.7940,0.7500,-0.5145,22.69
123.9655,1238,tracking,0.7621,0.7500,-0.4191,22.21
124.0655,1239,tracking,0.7708,0.7500,-0.3250,21.70
124.1655,1240,tracking,0.8340,0.7757,-0.1503,21.47
124.2655,1241,tracking,0.8556,0.8082,-0.0080,23.09
124.3655,1242,tracking,0.8471,0.8272,0.0517,24.81
124.4655,1243,tracking,0.8302,0.8313,0.0483,25.21
124.5655,1244,tracking,0.7961,0.8161,-0.0117,24.19
124.6655,1245,tracking,0.7794,0.7972,-0.0650,23.85
124.7655,1246,tracking,0.7879,0.7893,-0.0691,24.56
124.8655,1247,tracking,0.8097,0.7961,-0.0281,25.11
124.9655,1248,tracking,0.8112,0.8022,-0.0012,25.48
125.0655,1249,tracking,0.8150,0.8086,0.0182,25.17
125.1655,1250,tracking,0.8071,0.8088,0.0133,24.65
125.2655,1251,tracking,0.8046,0.8073,0.0050,24.30
125.3655,1252,tracking,0.8028,0.8053,-0.0025,24.44
125.4655,1253,tracking,0.7909,0.7980,-0.0237,24.60
125.5655,1254,tracking,0.7874,0.7915,-0.0361,24.60
125.6655,1255,tracking,0.7976,0.7927,-0.0215,24.58
125.7655,1256,tracking,0.8034,0.7970,-0.0024,24.78
125.8655,1257,tracking,0.8053,0.8010,0.0104,24.92
125.9655,1258,tracking,0.8061,0.8041,0.0165,24.84
126.0655,1259,tracking,0.8132,0.8095,0.0277,24.66
126.1655,1260,tracking,0.8138,0.8130,0.0300,24.46
126.2655,1261,tracking,0.8107,0.8134,0.0221,24.30
126.3655,1262,tracking,0.8061,0.8108,0.0079,24.28
126.4655,1263,tracking,0.7955,0.8035,-0.0164,24.39
126.5655,1264,tracking,0.7956,0.7988,-0.0258,24.76
126.6655,1265,tracking,0.8058,0.8010,-0.0114,24.98
126.7655,1266,tracking,0.8094,0.8046,0.0029,24.58
126.8655,1267,tracking,0.8098,0.8073,0.0102,24.29
126.9655,1268,tracking,0.8024,0.8054,0.0012,24.17
127.0655,1269,tracking,0.8020,0.8038,-0.0040,24.69
127.1655,1270,tracking,0.7954,0.7994,-0.0159,24.79
127.2655,1271,tracking,0.7807,0.7893,-0.0415,24.47
127.3655,1272,tracking,0.7946,0.7899,-0.0272,24.30
127.5655,1274,tracking,0.7991,0.7918,-0.0162,24.36
127.6655,1275,tracking,0.8102,0.8002,0.0138,24.63
127.7655,1276,tracking,0.8002,0.8009,0.0118,24.65
127.8655,1277,tracking,0.8049,0.8035,0.0160,24.56
127.9655,1278,tracking,0.7948,0.7999,0.0006,24.56
128.0655,1279,tracking,0.8036,0.8018,0.0060,24.72
128.1655,1280,tracking,0.7948,0.7986,-0.0053,24.72
128.2655,1281,tracking,0.7893,0.7937,-0.0185,24.43
128.3655,1282,tracking,0.7637,0.7778,-0.0607,24.02
128.4655,1283,tracking,0.7676,0.7696,-0.0669,24.45
128.5655,1284,tracking,0.7965,0.7797,-0.0165,24.89
128.6655,1285,tracking,0.8053,0.7917,0.0244,25.16
128.7655,1286,tracking,0.8095,0.8018,0.0474,25.16
128.8655,1287,tracking,0.8195,0.8130,0.0668,25.22
128.9655,1288,tracking,0.8314,0.8255,0.0843,25.43
129.0655,1289,tracking,0.8237,0.8288,0.0689,25.29
129.1655,1290,tracking,0.8101,0.8229,0.0305,25.30
129.2655,1291,tracking,0.7890,0.8075,-0.0250,24.86
129.3655,1292,tracking,0.7929,0.7990,-0.0431,24.59
129.4655,1293,tracking,0.7936,0.7941,-0.0446,24.56
129.5655,1294,tracking,0.7950,0.7923,-0.0367,24.68
129.6655,1295,tracking,0.8055,0.7971,-0.0114,24.81
129.7655,1296,tracking,0.8068,0.8014,0.0049,24.83
129.8655,1297,tracking,0.8297,0.8157,0.0466,24.55
129.9655,1298,tracking,0.8348,0.8276,0.0682,22.73
130.0655,1299,tracking,0.8061,0.8203,0.0258,21.43
130.1655,1300,tracking,0.8230,0.8229,0.0259,21.82
130.2655,1301,tracking,0.8105,0.8180,0.0034,23.21
130.4655,1303,tracking,0.8252,0.8219,0.0083,23.23
130.5655,1304,tracking,0.8039,0.8134,-0.0200,22.85
130.6655,1305,tracking,0.8090,0.8102,-0.0235,22.31
130.7655,1306,tracking,0.8208,0.8143,-0.0040,21.47
130.8655,1307,tracking,0.8291,0.8215,0.0188,20.38
130.9655,1308,tracking,0.8400,0.8317,0.0437,20.31
131.0655,1309,tracking,0.8420,0.8390,0.0526,19.01
131.1655,1310,tracking,0.8371,0.8407,0.0418,17.53
131.2655,1311,tracking,1.5211,1.1830,1.0561,19.13
131.3655,1312,tracking,0.8516,1.0701,0.4006,19.30
131.4655,1313,tracking,0.8601,0.9851,0.0255,19.80
131.5655,1314,tracking,0.8632,0.9254,-0.1612,19.36
131.6655,1315,tracking,0.8590,0.8842,-0.2367,20.04
131.8655,1317,tracking,0.8566,0.8467,-0.2219,19.86
131.9655,1318,tracking,0.8525,0.8385,-0.1799,20.00
132.0655,1319,tracking,0.8521,0.8363,-0.1326,20.02
132.1655,1320,tracking,0.8506,0.8368,-0.0912,20.00
132.2655,1321,tracking,0.8519,0.8398,-0.0549,20.14
132.3655,1322,tracking,0.8559,0.8451,-0.0226,19.92
132.4655,1323,tracking,0.8568,0.8498,-0.0015,19.97
132.5655,1324,tracking,0.8563,0.8530,0.0084,19.84
132.6655,1325,tracking,0.8539,0.8539,0.0085,20.07
132.7655,1326,tracking,0.8541,0.8544,0.0076,19.98
132.8655,1327,tracking,0.8540,0.8546,0.0058,19.99
132.9655,1328,tracking,0.8539,0.8545,0.0039,19.89
133.0655,1329,tracking,0.8540,0.8545,0.0025,19.90
133.1655,1330,tracking,0.8571,0.8559,0.0061,19.66
133.2655,1331,tracking,0.8569,0.8567,0.0067,19.65
133.3655,1332,tracking,0.8576,0.8575,0.0070,19.77
133.4655,1333,tracking,0.8535,0.8558,-0.0000,19.80
133.5655,1334,tracking,0.8525,0.8542,-0.0051,19.65
133.6655,1335,tracking,0.8512,0.8524,-0.0087,19.58
133.7655,1336,tracking,0.8522,0.8519,-0.0078,19.57
133.8655,1337,tracking,0.8540,0.8526,-0.0034,19.82
133.9655,1338,tracking,0.8536,0.8529,-0.0014,19.97
134.0655,1339,tracking,0.8570,0.8549,0.0049,19.94
134.1655,1340,tracking,0.8560,0.8557,0.0060,19.78
134.2656,1341,tracking,0.8561,0.8562,0.0057,19.67
134.3656,1342,tracking,0.8524,0.8546,-0.0008,19.65
134.4656,1343,tracking,0.8520,0.8533,-0.0045,19.73
134.5656,1344,tracking,0.8566,0.8547,0.0011,19.75
134.6656,1345,tracking,0.8557,0.8553,0.0025,19.76
134.7656,1346,tracking,0.8561,0.8558,0.0034,19.77
134.8656,1347,tracking,0.8575,0.8568,0.0054,19.80
134.9656,1348,tracking,0.8621,0.8598,0.0125,19.86
135.0656,1349,tracking,0.8617,0.8614,0.0136,19.97
135.1656,1350,tracking,0.8568,0.8598,0.0048,20.08
135.2656,1351,tracking,0.8559,0.8581,-0.0018,20.02
135.3656,1352,tracking,0.8548,0.8563,-0.0065,19.98
135.4656,1353,tracking,0.8546,0.8551,-0.0081,20.00
135.5656,1354,tracking,0.8514,0.8529,-0.0125,20.07
135.6656,1355,tracking,0.8529,0.8523,-0.0105,20.01
135.7656,1356,tracking,0.8528,0.8520,-0.0081,19.96
135.8656,1357,tracking,0.8537,0.8524,-0.0044,20.03
135.9656,1358,tracking,0.8585,0.8552,0.0053,19.85
136.0656,1359,tracking,0.8586,0.8572,0.0095,19.57
136.1656,1360,tracking,0.8589,0.8585,0.0106,19.44
136.2656,1361,tracking,0.8542,0.8569,0.0026,19.59
136.3656,1362,tracking,0.8530,0.8551,-0.0036,19.69
136.4656,1363,tracking,0.8519,0.8533,-0.0079,19.74
136.5656,1364,tracking,0.8504,0.8515,-0.0110,19.58
136.6656,1365,tracking,0.8529,0.8516,-0.0072,19.56
136.7656,1366,tracking,0.8520,0.8515,-0.0055,19.35
136.8656,1367,tracking,0.8569,0.8539,0.0035,19.40
136.9656,1368,tracking,0.8553,0.8548,0.0050,19.32
137.1656,1370,tracking,0.8574,0.8566,0.0062,19.63
137.2656,1371,tracking,0.8534,0.8553,0.0004,19.79
137.3656,1372,tracking,0.8535,0.8544,-0.0023,19.58
137.4656,1373,tracking,0.8512,0.8527,-0.0068,19.40
137.5656,1374,tracking,0.8504,0.8512,-0.0092,19.36
137.6656,1375,tracking,0.8516,0.8509,-0.0072,19.54
137.7656,1376,tracking,0.8525,0.8514,-0.0038,19.61
137.8656,1377,tracking,0.8551,0.8530,0.0024,19.76
137.9656,1378,tracking,0.8532,0.8533,0.0023,19.60
138.0656,1379,tracking,0.8524,0.8529,0.0007,19.39
138.1656,1380,tracking,0.8523,0.8527,-0.0004,19.33
138.2656,1381,tracking,0.8546,0.8536,0.0026,19.64
138.3656,1382,tracking,0.8551,0.8545,0.0045,19.86
138.4656,1383,tracking,0.8531,0.8540,0.0018,19.74
138.5656,1384,tracking,0.8505,0.8524,-0.0038,19.51
138.6656,1385,tracking,0.8520,0.8520,-0.0038,19.67
138.7656,1386,tracking,0.8515,0.8515,-0.0040,19.64
138.8656,1387,tracking,0.8531,0.8521,-0.0011,19.84
138.9656,1388,tracking,0.8517,0.8518,-0.0016,19.65
139.0656,1389,tracking,0.8522,0.8519,-0.0008,19.85
139.1656,1390,tracking,0.8525,0.8522,0.0001,19.88
139.2656,1391,tracking,0.8529,0.8525,0.0012,19.90
139.3656,1392,tracking,0.8540,0.8533,0.0033,19.67
139.4656,1393,tracking,0.8536,0.8537,0.0032,19.54
139.5656,1394,tracking,0.8508,0.8524,-0.0015,19.34
139.6656,1395,tracking,0.8540,0.8531,0.0011,19.28
139.7656,1396,tracking,0.8522,0.8527,-0.0005,19.11
139.8656,1397,tracking,0.8578,0.8552,0.0072,19.09
139.9656,1398,tracking,0.8555,0.8557,0.0066,19.04
140.0656,1399,tracking,0.8499,0.8532,-0.0031,18.67
140.1656,1400,tracking,0.8146,0.8337,-0.0605,19.99
140.2656,1401,tracking,0.8183,0.8230,-0.0746,19.70
140.3656,1402,tracking,0.7580,0.7868,-0.1608,21.69
140.4656,1403,tracking,0.7645,0.7676,-0.1701,22.23
140.5656,1404,tracking,0.7535,0.7520,-0.1658,23.61
140.6656,1405,tracking,0.7694,0.7524,-0.1148,23.24
140.7656,1406,coasting,NaN,0.7500,-0.0918,NaN
140.8656,1407,tracking,0.7648,0.7528,-0.0558,20.94
141.0656,1409,tracking,0.7638,0.7527,-0.0392,19.52
141.1656,1410,tracking,0.7638,0.7563,-0.0168,19.51
141.2656,1411,tracking,0.7638,0.7592,-0.0030,20.12
141.3656,1412,tracking,0.7638,0.7613,0.0043,19.84
141.4656,1413,tracking,0.8510,0.8064,0.1382,19.50
141.5656,1414,tracking,0.7883,0.8042,0.0903,19.33
141.6656,1415,tracking,0.7894,0.8014,0.0546,19.89
141.7656,1416,coasting,NaN,0.8068,0.0436,NaN
141.8656,1417,tracking,0.7941,0.8026,0.0180,21.14
141.9656,1418,tracking,0.7936,0.7990,0.0018,22.55
142.0656,1419,tracking,0.8131,0.8061,0.0226,23.23
142.1656,1420,tracking,0.8027,0.8056,0.0141,23.20
142.2656,1421,tracking,0.7971,0.8021,-0.0007,21.85
142.3656,1422,tracking,0.8212,0.8116,0.0282,21.52
142.4656,1423,tracking,0.8424,0.8284,0.0702,21.11
142.5656,1424,tracking,0.8389,0.8372,0.0754,22.77
142.6656,1425,tracking,0.7977,0.8212,0.0049,22.21
142.7656,1426,tracking,0.7814,0.8016,-0.0555,22.31
142.8656,1427,coasting,NaN,0.7960,-0.0444,NaN
142.9656,1428,tracking,0.8277,0.8096,0.0097,21.17
143.0656,1429,tracking,0.8819,0.8463,0.1167,20.53
143.1656,1430,tracking,0.8811,0.8695,0.1514,20.84
143.2656,1431,tracking,0.8087,0.8467,0.0375,21.45
143.3656,1432,tracking,0.7977,0.8241,-0.0415,21.86
143.4656,1433,tracking,0.8277,0.8238,-0.0299,21.80
143.5656,1434,tracking,0.8260,0.8234,-0.0221,19.98
143.6656,1435,tracking,0.8196,0.8204,-0.0244,20.11
143.7656,1436,tracking,0.8122,0.8151,-0.0331,19.91
143.8656,1437,tracking,0.7638,0.7878,-0.1051,20.68
143.9656,1438,tracking,0.7638,0.7705,-0.1253,19.58
144.0656,1439,coasting,NaN,0.7580,-0.1003,NaN
144.1656,1440,coasting,NaN,0.7500,-0.0802,NaN
144.2656,1441,coasting,NaN,0.7500,-0.0642,NaN
144.3656,1442,coasting,NaN,0.7500,-0.0513,NaN
144.4656,1443,coasting,NaN,0.7500,-0.0411,NaN
144.5656,1444,tracking,0.7538,0.7500,-0.0292,20.46
144.6656,1445,tracking,0.7743,0.7607,0.0116,22.04
144.7656,1446,tracking,0.7873,0.7746,0.0498,22.48
144.8656,1447,tracking,0.8047,0.7921,0.0875,22.56
144.9656,1448,tracking,0.8051,0.8030,0.0938,20.97
145.0656,1449,tracking,0.8020,0.8072,0.0783,19.56
145.1656,1450,coasting,NaN,0.8150,0.0626,NaN
145.2656,1451,tracking,0.7668,0.7941,-0.0190,19.01
145.3656,1452,tracking,0.7808,0.7865,-0.0360,21.05
145.4656,1453,tracking,0.8288,0.8058,0.0328,21.88
145.5656,1454,tracking,0.7902,0.7997,0.0045,26.73
145.6656,1455,tracking,0.8018,0.8010,0.0070,27.49
145.7656,1456,tracking,0.7930,0.7973,-0.0060,27.14
145.8656,1457,tracking,0.7893,0.7930,-0.0171,25.21
145.9656,1458,coasting,NaN,0.7913,-0.0137,NaN
146.0656,1459,coasting,NaN,0.7900,-0.0109,NaN
146.1656,1460,tracking,1.4125,1.1007,0.9246,25.97
146.2656,1461,tracking,1.3871,1.2901,1.2154,25.27
146.3656,1462,tracking,1.6295,1.5206,1.5421,22.51
146.4656,1463,tracking,2.1035,1.8891,2.1852,16.22
146.5656,1464,tracking,2.0790,2.0933,2.1422,14.29
146.6656,1465,tracking,2.5077,2.4076,2.4424,16.53
146.7656,1466,tracking,2.5050,2.5784,2.2221,18.69
146.8656,1467,coasting,NaN,2.8006,1.7777,NaN
146.9656,1468,coasting,NaN,2.9784,1.4221,NaN
147.0656,1469,tracking,2.4865,2.8035,0.4710,20.81
147.1656,1470,tracking,2.4868,2.6687,-0.0747,20.44
147.2656,1471,tracking,2.4824,2.5718,-0.3431,19.56
147.3656,1472,tracking,2.4853,2.5114,-0.4214,18.93
147.4656,1473,coasting,NaN,2.4692,-0.3372,NaN
147.5656,1474,coasting,NaN,2.4355,-0.2697,NaN
147.6656,1475,coasting,NaN,2.4086,-0.2158,NaN
147.7656,1476,coasting,NaN,2.3870,-0.1726,NaN
147.8656,1477,tracking,2.6337,2.5017,0.2233,18.42
147.9656,1478,tracking,2.5941,2.5591,0.3285,16.56
148.0656,1479,tracking,2.5630,2.5775,0.2851,15.64
148.1656,1480,tracking,2.5700,2.5880,0.2311,14.97
148.2656,1481,tracking,2.5211,2.5661,0.0962,13.22
148.3656,1482,tracking,2.5136,2.5446,0.0029,15.26
148.4656,1483,tracking,2.5138,2.5294,-0.0438,17.63
148.5656,1484,coasting,NaN,2.5250,-0.0350,NaN
148.6656,1485,coasting,NaN,2.5215,-0.0280,NaN
148.7656,1486,tracking,3.2033,2.8610,0.9988,18.92
148.8656,1487,tracking,3.2006,3.0807,1.3585,22.46
148.9656,1488,tracking,3.2013,3.2090,1.3356,22.70
149.0656,1489,tracking,3.1989,3.2707,1.1202,20.79
149.1656,1490,tracking,3.2029,3.2928,0.8504,11.71
149.2656,1491,coasting,NaN,3.3779,0.6804,NaN
149.3656,1492,coasting,NaN,3.4459,0.5443,NaN
149.4656,1493,coasting,NaN,3.5000,0.4354,NaN
149.5656,1494,coasting,NaN,3.5000,0.3483,NaN
149.6656,1495,coasting,NaN,3.5000,0.2787,NaN
149.7656,1496,tracking,1.5581,1.5581,0.0000,26.32
149.9656,1498,tracking,0.8956,1.2268,-0.4969,24.17
150.0656,1499,tracking,1.5937,1.3854,0.1280,30.20
150.1656,1500,tracking,1.5817,1.4900,0.4032,30.63
150.2656,1501,tracking,1.5724,1.5513,0.4663,30.40
150.3656,1502,tracking,1.5842,1.5911,0.4456,21.93
150.4656,1503,tracking,1.7814,1.7085,0.6642,19.50
150.5656,1504,coasting,NaN,1.7749,0.5314,NaN
150.6656,1505,tracking,1.4510,1.6395,-0.0342,27.14
150.7656,1506,tracking,1.4160,1.5261,-0.3643,37.23
150.8656,1507,tracking,1.4286,1.4591,-0.4559,39.13
150.9656,1508,tracking,1.4285,1.4210,-0.4334,38.99
151.0656,1509,tracking,1.4728,1.4252,-0.2907,34.92
151.1656,1510,tracking,1.5610,1.4786,-0.0435,24.31
151.2656,1511,tracking,0.8505,1.1624,-0.9791,22.93
151.3656,1512,tracking,0.7905,0.9275,-1.3900,23.92
151.4656,1513,tracking,0.7908,0.7896,-1.3866,24.31
151.5656,1514,tracking,0.7724,0.7500,-1.2044,22.87
151.6656,1515,tracking,0.8202,0.7500,-0.9185,20.94
151.7656,1516,tracking,0.8884,0.7733,-0.5731,20.83
151.8656,1517,tracking,0.8573,0.7866,-0.3611,21.22
151.9656,1518,tracking,0.8252,0.7878,-0.2491,22.66
152.0656,1519,tracking,0.8031,0.7830,-0.1889,22.63
152.1656,1520,tracking,0.7881,0.7761,-0.1529,21.65
152.2656,1521,tracking,0.7725,0.7667,-0.1354,18.91
152.3656,1522,coasting,NaN,0.7531,-0.1083,NaN
152.4656,1523,coasting,NaN,0.7500,-0.0867,NaN
152.5656,1524,coasting,NaN,0.7500,-0.0693,NaN
152.6656,1525,coasting,NaN,0.7500,-0.0555,NaN
152.7656,1526,coasting,NaN,0.7500,-0.0444,NaN
152.8656,1527,tracking,1.9795,1.9795,0.0000,19.40
152.9656,1528,tracking,1.9758,1.9777,-0.0056,17.79
153.0656,1529,tracking,1.9916,1.9844,0.0162,17.97
153.1656,1530,tracking,1.5291,1.7575,-0.6692,17.86
153.2656,1531,tracking,1.5240,1.6073,-0.9191,18.18
153.3656,1532,tracking,0.8306,1.1730,-1.9463,13.83
153.4656,1533,tracking,0.8068,0.8926,-2.2036,11.91
153.5656,1534,tracking,0.8274,0.7500,-1.9709,12.00
153.6656,1535,tracking,0.7966,0.7500,-1.6053,12.71
153.7656,1536,tracking,0.8295,0.7500,-1.2453,15.91
153.8656,1537,tracking,0.8176,0.7500,-0.9572,16.58
153.9656,1538,coasting,NaN,0.7500,-0.7657,NaN
154.0656,1539,coasting,NaN,0.7500,-0.6126,NaN
154.1656,1540,coasting,NaN,0.7500,-0.4901,NaN
154.2656,1541,tracking,0.8196,0.7603,-0.3122,13.44
154.3656,1542,tracking,0.8034,0.7662,-0.2006,12.31
154.4656,1543,tracking,0.7869,0.7666,-0.1395,11.78
154.5656,1544,tracking,0.7905,0.7715,-0.0827,11.36
154.6656,1545,tracking,0.8035,0.7834,-0.0223,12.24
154.7656,1546,tracking,0.8157,0.7985,0.0295,12.88
154.8656,1547,tracking,0.8200,0.8107,0.0574,12.86
154.9656,1548,tracking,0.8114,0.8139,0.0498,13.00
155.0656,1549,tracking,0.8091,0.8140,0.0352,13.06
155.1656,1550,tracking,0.7957,0.8066,0.0025,13.03
155.2656,1551,tracking,0.7895,0.7982,-0.0236,13.15
155.3656,1552,tracking,0.7845,0.7902,-0.0406,12.81
155.4656,1553,tracking,0.7912,0.7887,-0.0329,12.43
155.5656,1554,tracking,0.8035,0.7944,-0.0057,12.63
155.6656,1555,tracking,0.8063,0.8001,0.0130,12.83
155.7656,1556,tracking,0.8082,0.8048,0.0232,13.14
155.8656,1557,tracking,0.8073,0.8072,0.0235,12.50
155.9656,1558,tracking,0.8096,0.8096,0.0235,12.33
156.0656,1559,tracking,0.8061,0.8090,0.0148,12.35
156.1656,1560,tracking,0.8034,0.8070,0.0042,12.69
156.2656,1561,tracking,0.8078,0.8076,0.0048,13.34
156.3656,1562,tracking,0.8188,0.8134,0.0209,13.72
156.4656,1563,coasting,NaN,0.8155,0.0167,NaN
156.5656,1564,tracking,0.8164,0.8168,0.0156,14.34
156.6656,1565,tracking,0.8053,0.8118,-0.0041,14.37
156.7656,1566,tracking,0.7987,0.8051,-0.0231,13.92
156.8656,1567,tracking,0.7921,0.7974,-0.0391,13.59
156.9656,1568,tracking,0.7894,0.7914,-0.0453,13.49
157.0656,1569,tracking,0.7979,0.7924,-0.0289,13.64
157.1656,1570,tracking,0.7999,0.7947,-0.0133,13.34
157.2656,1571,tracking,0.8047,0.7990,0.0037,12.77
157.3656,1572,tracking,0.8046,0.8020,0.0114,13.06
157.4656,1573,tracking,0.8100,0.8065,0.0217,13.05
157.5656,1574,coasting,NaN,0.8087,0.0174,NaN
157.6656,1575,coasting,NaN,0.8104,0.0139,NaN
157.7656,1576,coasting,NaN,0.8118,0.0111,NaN
157.8656,1577,tracking,0.8327,0.8228,0.0407,12.84
157.9656,1578,tracking,0.8323,0.8296,0.0489,12.81
158.0656,1579,tracking,0.8321,0.8333,0.0452,12.07
158.1656,1580,tracking,0.8259,0.8319,0.0274,11.24
158.2656,1581,tracking,0.8180,0.8263,0.0026,10.97
158.3656,1582,tracking,0.8170,0.8218,-0.0118,11.63
158.4656,1583,tracking,0.8184,0.8195,-0.0151,12.41
158.5656,1584,tracking,0.8088,0.8134,-0.0289,15.59
158.6656,1585,tracking,0.8215,0.8160,-0.0124,13.95
158.7656,1586,tracking,0.9021,0.8584,0.1185,16.46
158.8656,1587,tracking,0.8612,0.8657,0.1049,17.21
158.9656,1588,tracking,0.8532,0.8647,0.0703,17.80
159.0656,1589,tracking,1.5600,1.2158,1.1027,16.84
159.1656,1590,tracking,0.8865,1.1063,0.4433,11.07
159.2656,1591,coasting,NaN,1.1506,0.3546,NaN
159.3656,1592,coasting,NaN,1.1861,0.2837,NaN
159.4656,1593,tracking,1.2437,1.2291,0.3276,19.28
159.5656,1594,tracking,1.2207,1.2413,0.2658,21.43
159.6656,1595,tracking,1.2220,1.2450,0.1971,21.69
159.7656,1596,tracking,1.5677,1.4162,0.6517,22.31
159.8656,1597,tracking,1.5728,1.5271,0.7889,21.44
160.0656,1599,coasting,NaN,1.6849,0.6311,NaN
160.1656,1600,coasting,NaN,1.7480,0.5049,NaN
160.2656,1601,tracking,2.3838,2.0911,1.3829,12.26
160.3656,1602,coasting,NaN,2.2294,1.1064,NaN
160.4656,1603,coasting,NaN,2.3401,0.8851,NaN
160.5656,1604,coasting,NaN,2.4286,0.7081,NaN
160.6656,1605,coasting,NaN,2.4994,0.5665,NaN
160.7656,1606,coasting,NaN,2.5560,0.4532,NaN
160.8656,1607,coasting,NaN,2.6014,0.3625,NaN
160.9656,1608,tracking,1.0963,1.0963,0.0000,23.49
161.0656,1609,tracking,1.0930,1.0947,-0.0050,23.66
161.1656,1610,coasting,NaN,1.0942,-0.0040,NaN
161.2656,1611,tracking,0.7519,0.9228,-0.5168,20.36
161.3656,1612,tracking,0.7950,0.8330,-0.6311,20.22
161.4656,1613,coasting,NaN,0.7699,-0.5048,NaN
161.5656,1614,tracking,0.9692,0.8443,-0.1303,21.00
161.6656,1615,tracking,0.9536,0.8924,0.0532,21.09
161.7656,1616,tracking,0.9255,0.9116,0.0948,21.15
161.8656,1617,tracking,0.8781,0.8996,0.0303,20.90
161.9656,1618,tracking,0.8681,0.8854,-0.0215,21.16
162.0656,1619,tracking,0.7612,0.8222,-0.2045,22.65
162.1656,1620,tracking,1.4805,1.1411,0.8136,24.14
162.2656,1621,tracking,1.4851,1.3538,1.2076,24.71
162.3656,1622,tracking,1.4971,1.4859,1.2414,24.65
162.4656,1623,tracking,1.4971,1.5535,1.0720,24.39
162.5656,1624,tracking,1.5013,1.5810,0.8328,24.34
162.6656,1625,tracking,1.5015,1.5829,0.5886,24.27
162.7656,1626,tracking,1.0281,1.3349,-0.3318,19.39
162.8656,1627,tracking,1.0300,1.1659,-0.7394,19.70
162.9656,1628,tracking,1.0375,1.0647,-0.8212,19.89
163.0656,1629,tracking,1.0375,1.0100,-0.7388,20.12
163.1656,1630,tracking,1.0378,0.9870,-0.5864,19.99
163.2657,1631,tracking,1.0385,0.9834,-0.4212,20.34
163.3657,1632,tracking,1.0416,0.9914,-0.2708,20.66
163.4657,1633,tracking,1.0349,0.9996,-0.1649,21.61
163.5657,1634,tracking,1.0344,1.0088,-0.0881,22.61
163.6657,1635,tracking,1.4870,1.2435,0.6425,27.19
163.7657,1636,tracking,1.4901,1.3989,0.9161,28.76
163.8657,1637,tracking,1.4902,1.4904,0.9156,29.74
163.9657,1638,tracking,1.4953,1.5386,0.7857,30.52
164.0657,1639,tracking,1.4948,1.5560,0.6020,30.30
164.1657,1640,tracking,1.4936,1.5549,0.4182,29.33
164.2657,1641,tracking,1.4795,1.5381,0.2424,27.50
164.3657,1642,tracking,1.4700,1.5162,0.1038,26.43
164.4657,1643,tracking,1.4770,1.5018,0.0295,28.31
164.5657,1644,tracking,1.4854,1.4951,0.0005,32.18
164.6657,1645,coasting,NaN,1.4951,0.0004,NaN
164.7657,1646,coasting,NaN,1.4952,0.0003,NaN
164.8657,1647,coasting,NaN,1.4952,0.0003,NaN
164.9657,1648,tracking,1.3994,1.4473,-0.1435,32.60
165.0657,1649,tracking,1.3312,1.3821,-0.2961,33.57
165.1657,1650,tracking,1.3415,1.3470,-0.3125,33.97
165.2657,1651,tracking,1.3363,1.3260,-0.2816,33.88
165.3657,1652,tracking,1.4206,1.3592,-0.0976,31.86
165.4657,1653,tracking,1.4965,1.4230,0.1230,29.87
165.5657,1654,tracking,1.5165,1.4759,0.2449,34.41
165.6657,1655,tracking,1.5155,1.5080,0.2675,33.04
165.7657,1656,tracking,1.4984,1.5165,0.2130,33.88
165.8657,1657,coasting,NaN,1.5378,0.1704,NaN
165.9657,1658,coasting,NaN,1.5549,0.1363,NaN
166.0657,1659,coasting,NaN,1.5685,0.1091,NaN
166.1657,1660,coasting,NaN,1.5794,0.0872,NaN
166.2657,1661,tracking,1.4393,1.5137,-0.1360,32.73
166.3657,1662,tracking,1.4224,1.4613,-0.2526,35.45
166.4657,1663,tracking,1.4134,1.4247,-0.2865,36.89
166.5657,1664,tracking,1.4042,1.4001,-0.2743,37.85
166.6657,1665,tracking,1.4279,1.4003,-0.1914,40.99
166.7657,1666,tracking,1.4343,1.4078,-0.1117,41.34
166.8657,1667,tracking,1.4479,1.4222,-0.0348,41.24
166.9657,1668,tracking,1.4681,1.4434,0.0393,43.50
167.0657,1669,tracking,1.4740,1.4607,0.0793,45.57
167.1657,1670,tracking,1.4724,1.4705,0.0849,48.98
167.2657,1671,tracking,1.4723,1.4756,0.0748,49.85
167.3657,1672,tracking,1.4715,1.4773,0.0575,49.92
167.4657,1673,tracking,1.4736,1.4784,0.0433,47.74
167.5657,1674,tracking,1.4755,1.4791,0.0326,44.72
167.6657,1675,tracking,1.4719,1.4771,0.0169,41.72
167.7657,1676,tracking,1.4549,1.4669,-0.0189,39.91
167.8657,1677,tracking,1.4399,1.4525,-0.0565,36.99
167.9657,1678,tracking,1.4163,1.4316,-0.1023,33.27
168.0657,1679,tracking,1.3662,1.3938,-0.1849,25.60
168.1657,1680,tracking,1.3867,1.3810,-0.1679,22.63
168.2657,1681,coasting,NaN,1.3642,-0.1343,NaN
168.3657,1682,tracking,0.8478,1.0993,-0.8887,28.05
168.4657,1683,tracking,0.8386,0.9245,-1.1464,28.03
168.5657,1684,tracking,0.8778,0.8438,-1.0445,27.40
168.6657,1685,tracking,1.4114,1.0754,-0.0365,25.51
168.7657,1686,tracking,1.3901,1.2309,0.4410,25.62
168.8657,1687,tracking,1.3933,1.3342,0.6184,25.34
168.9657,1688,tracking,1.4689,1.4324,0.7278,22.84
169.0657,1689,tracking,1.4991,1.5022,0.7187,23.63
169.1657,1690,tracking,1.4939,1.5340,0.5985,24.82
169.2657,1691,tracking,1.5242,1.5590,0.4941,24.74
169.3657,1692,tracking,1.5384,1.5734,0.3890,23.38
169.4657,1693,tracking,1.5658,1.5891,0.3193,21.20
169.5657,1694,tracking,1.5576,1.5893,0.2242,21.83
169.6657,1695,tracking,1.5389,1.5753,0.1149,22.39
169.7657,1696,coasting,NaN,1.5868,0.0919,NaN
169.8657,1697,coasting,NaN,1.5960,0.0735,NaN
169.9657,1698,tracking,0.9470,1.2752,-0.9110,26.34
170.0657,1699,tracking,0.9591,1.0716,-1.2484,27.06
170.1657,1700,tracking,0.9415,0.9441,-1.2562,28.48
170.2657,1701,tracking,0.9042,0.8614,-1.1277,29.56
170.3657,1702,tracking,0.8931,0.8208,-0.9110,29.11
170.5657,1704,tracking,0.8959,0.7673,-0.7180,27.39
170.6657,1705,tracking,1.2825,0.9890,0.1626,26.21
170.7657,1706,tracking,1.2649,1.1351,0.5521,26.09
170.8657,1707,tracking,1.2495,1.2199,0.6409,25.18
170.9657,1708,tracking,1.2210,1.2525,0.5463,23.58
171.0657,1709,tracking,1.2316,1.2694,0.4331,24.23
171.1657,1710,tracking,1.2533,1.2830,0.3440,25.50
171.2657,1711,tracking,1.2643,1.2909,0.2644,26.27
171.3657,1712,tracking,1.2824,1.2998,0.2120,25.70
171.4657,1713,tracking,1.2795,1.3003,0.1497,26.33
171.5657,1714,tracking,1.2565,1.2858,0.0615,26.58
171.6657,1715,tracking,1.2324,1.2622,-0.0278,26.30
171.7657,1716,tracking,0.8393,1.0494,-0.6580,25.63
171.8657,1717,tracking,0.8557,0.9196,-0.8498,25.88
171.9657,1718,tracking,0.8830,0.8588,-0.7773,26.57
172.0657,1719,tracking,0.8952,0.8381,-0.6062,27.30
172.2657,1721,tracking,0.8907,0.8038,-0.4759,27.31
172.3657,1722,tracking,0.8834,0.8198,-0.2851,26.96
172.4657,1723,tracking,0.8792,0.8352,-0.1532,26.42
172.5657,1724,tracking,0.8799,0.8499,-0.0632,26.40
172.6657,1725,tracking,0.8848,0.8642,-0.0015,26.44
172.7657,1726,tracking,0.9012,0.8826,0.0543,26.76
172.8657,1727,tracking,0.8487,0.8684,-0.0048,27.76
172.9657,1728,tracking,0.8326,0.8503,-0.0576,28.91
173.0657,1729,tracking,0.8187,0.8316,-0.0963,28.07
173.1657,1730,tracking,0.8298,0.8259,-0.0846,26.01
173.2657,1731,tracking,1.2461,1.0318,0.5585,24.70
173.3657,1732,tracking,1.2751,1.1814,0.8397,24.49
173.4657,1733,tracking,1.4951,1.3802,1.1844,30.12
173.5657,1734,tracking,1.1107,1.3047,0.6025,30.28
173.6657,1735,tracking,1.1036,1.2343,0.2105,30.26
173.7657,1736,tracking,1.0818,1.1686,-0.0498,25.25
173.8657,1737,tracking,1.4234,1.2935,0.3400,25.37
173.9657,1738,tracking,1.0148,1.1711,-0.1291,28.91
174.0657,1739,tracking,1.0151,1.0867,-0.3438,30.65
174.1657,1740,tracking,1.0183,1.0353,-0.3948,30.55
174.2657,1741,tracking,1.0033,0.9996,-0.3835,27.26
174.3657,1742,coasting,NaN,0.9612,-0.3068,NaN
174.4657,1743,tracking,0.7663,0.8484,-0.5532,26.18
174.5657,1744,coasting,NaN,0.7931,-0.4426,NaN
174.6657,1745,coasting,NaN,0.7500,-0.3541,NaN
174.7657,1746,coasting,NaN,0.7500,-0.2833,NaN
174.8657,1747,tracking,0.7753,0.7500,-0.2029,28.35
174.9657,1748,tracking,0.8052,0.7674,-0.0897,27.10
175.0657,1749,tracking,0.7962,0.7773,-0.0331,26.23
175.1657,1750,tracking,0.8439,0.8089,0.0717,32.80
175.2657,1751,tracking,0.8314,0.8238,0.0946,32.57
175.3657,1752,tracking,0.8330,0.8331,0.0943,32.50
175.4657,1753,tracking,0.7805,0.8115,0.0012,25.17
175.5657,1754,tracking,0.8200,0.8158,0.0137,26.33
175.6657,1755,tracking,0.8643,0.8407,0.0844,26.85
175.7657,1756,tracking,0.8918,0.8705,0.1483,27.15
175.8657,1757,tracking,0.9113,0.8983,0.1873,26.98
175.9657,1758,tracking,0.8961,0.9066,0.1559,27.37
176.0657,1759,tracking,0.8878,0.9050,0.1044,27.47
176.1657,1760,tracking,0.8812,0.8983,0.0530,27.38
176.2657,1761,tracking,0.8579,0.8807,-0.0156,27.29
176.3657,1762,tracking,0.8142,0.8467,-0.1131,27.51
176.4657,1763,tracking,0.8033,0.8193,-0.1612,30.39
176.5657,1764,tracking,0.7887,0.7959,-0.1830,32.54
176.6657,1765,tracking,0.7872,0.7824,-0.1687,32.37
176.7657,1766,tracking,0.7756,0.7706,-0.1536,30.76
176.8657,1767,tracking,0.7989,0.7771,-0.0881,29.37
176.9657,1768,tracking,0.8172,0.7927,-0.0147,29.13
177.0657,1769,tracking,0.8387,0.8150,0.0565,28.96
177.1657,1770,tracking,0.7566,0.7886,-0.0395,24.24
177.2657,1771,coasting,NaN,0.7847,-0.0316,NaN
177.3657,1772,coasting,NaN,0.7815,-0.0253,NaN
177.4657,1773,coasting,NaN,0.7790,-0.0202,NaN
177.5657,1774,tracking,0.7611,0.7690,-0.0440,24.94
177.6657,1775,coasting,NaN,0.7646,-0.0352,NaN
177.7657,1776,coasting,NaN,0.7611,-0.0282,NaN
177.8657,1777,coasting,NaN,0.7583,-0.0225,NaN
177.9657,1778,coasting,NaN,0.7560,-0.0180,NaN
178.0657,1779,coasting,NaN,0.7542,-0.0144,NaN
178.1657,1780,tracking,1.5286,1.5286,0.0000,25.38
178.2657,1781,tracking,1.4862,1.5074,-0.0637,26.22
178.3657,1782,tracking,1.5055,1.5033,-0.0569,27.94
178.4657,1783,tracking,1.4977,1.4976,-0.0568,27.81
178.5657,1784,tracking,1.4997,1.4958,-0.0452,28.93
178.6657,1785,tracking,1.5134,1.5023,-0.0121,29.16
178.7657,1786,tracking,1.5164,1.5088,0.0108,28.90
178.8657,1787,tracking,1.5293,1.5196,0.0400,27.22
178.9657,1788,tracking,1.0623,1.2929,-0.6519,24.64
179.0657,1789,coasting,NaN,1.2277,-0.5215,NaN
179.1657,1790,coasting,NaN,1.1756,-0.4172,NaN
179.2657,1791,coasting,NaN,1.1339,-0.3338,NaN
179.3657,1792,coasting,NaN,1.1005,-0.2670,NaN
179.4657,1793,coasting,NaN,1.0738,-0.2136,NaN
179.5657,1794,tracking,1.5082,1.2803,0.4700,25.18
179.6657,1795,tracking,2.0117,1.6695,1.4965,24.86
179.7657,1796,tracking,2.0114,1.9153,1.7849,24.83
179.8657,1797,tracking,2.0111,2.0524,1.6610,24.82
179.9657,1798,tracking,2.0110,2.1148,1.3497,24.89
180.0657,1799,tracking,2.0203,2.1350,1.0055,23.13
180.1657,1800,tracking,2.0208,2.1282,0.6833,23.15
180.2657,1801,tracking,1.5268,1.8617,-0.3212,25.12
180.3657,1802,tracking,1.5208,1.6752,-0.7843,25.50
180.4657,1803,tracking,1.5148,1.5557,-0.9073,25.29
180.5657,1804,tracking,1.5126,1.4888,-0.8359,25.29
180.6657,1805,tracking,1.5168,1.4610,-0.6686,24.84
180.7657,1806,tracking,1.5111,1.4526,-0.4931,25.21
180.8657,1807,tracking,1.5209,1.4621,-0.3168,24.95
180.9657,1808,tracking,1.5181,1.4743,-0.1852,25.51
181.0657,1809,tracking,1.5380,1.4969,-0.0618,25.58
181.1657,1810,tracking,1.5374,1.5140,0.0082,26.03
181.2657,1811,tracking,1.5404,1.5276,0.0465,25.75
181.3657,1812,tracking,2.0169,1.7746,0.7734,24.92
181.4657,1813,tracking,1.5359,1.6939,0.2994,25.78
181.5657,1814,tracking,1.5332,1.6285,0.0134,25.84
181.6657,1815,tracking,1.5214,1.5756,-0.1493,25.67
181.7657,1816,tracking,1.5181,1.5394,-0.2132,25.27
181.8657,1817,tracking,1.5213,1.5197,-0.2084,25.05
181.9657,1818,tracking,1.5299,1.5144,-0.1618,25.05
182.0657,1819,tracking,1.5191,1.5087,-0.1305,25.17
182.1657,1820,tracking,1.5240,1.5098,-0.0878,25.40
182.2657,1821,tracking,1.5202,1.5106,-0.0591,25.61
182.3657,1822,tracking,1.5223,1.5135,-0.0327,25.68
182.4657,1823,tracking,1.5179,1.5141,-0.0211,25.59
182.5657,1824,tracking,1.5199,1.5159,-0.0093,25.29
182.6657,1825,tracking,1.5251,1.5200,0.0059,25.15
182.7657,1826,tracking,1.5320,1.5263,0.0230,25.07
182.8657,1827,tracking,1.5296,1.5291,0.0244,25.13
182.9657,1828,tracking,1.5310,1.5313,0.0236,25.16
183.0657,1829,tracking,1.5305,1.5321,0.0189,25.11
183.1657,1830,tracking,1.5305,1.5323,0.0138,25.05
183.2657,1831,tracking,1.5260,1.5298,0.0022,24.99
183.3657,1832,tracking,1.5175,1.5238,-0.0165,25.09
183.4657,1833,tracking,1.5208,1.5214,-0.0185,24.98
183.5657,1834,tracking,1.5216,1.5206,-0.0156,24.88
183.6657,1835,tracking,1.5222,1.5206,-0.0108,24.85
183.7657,1836,tracking,1.5156,1.5176,-0.0167,24.95
183.8657,1837,tracking,1.5154,1.5156,-0.0175,24.94
183.9657,1838,tracking,1.5163,1.5151,-0.0139,24.77
184.0657,1839,tracking,1.5215,1.5176,-0.0021,24.80
184.1657,1840,tracking,1.5238,1.5206,0.0075,24.69
184.2657,1841,tracking,1.5262,1.5238,0.0147,24.64
184.3657,1842,tracking,1.5205,1.5228,0.0075,24.45
184.4657,1843,tracking,1.5168,1.5202,-0.0026,24.59
184.5657,1844,tracking,1.5168,1.5184,-0.0074,24.76
184.6657,1845,tracking,1.5229,1.5203,0.0005,24.69
184.7657,1846,tracking,1.5217,1.5210,0.0026,24.52
184.8657,1847,tracking,1.5191,1.5202,-0.0007,24.37
184.9657,1848,tracking,1.5136,1.5169,-0.0104,24.47
185.0657,1849,tracking,1.5218,1.5188,-0.0014,24.58
185.1657,1850,tracking,1.5245,1.5216,0.0073,24.68
185.2657,1851,tracking,1.5206,1.5214,0.0047,24.69
185.3657,1852,tracking,1.5098,1.5159,-0.0134,24.87
185.4657,1853,tracking,1.5073,1.5109,-0.0243,24.77
185.5657,1854,tracking,1.5120,1.5102,-0.0190,24.73
185.6657,1855,tracking,1.5111,1.5097,-0.0149,24.62
185.7657,1856,tracking,1.5045,1.5064,-0.0205,24.73
185.8657,1857,tracking,1.5013,1.5028,-0.0250,24.82
185.9657,1858,tracking,1.5064,1.5034,-0.0158,24.94
186.0657,1859,tracking,1.5158,1.5088,0.0053,24.88
186.1657,1860,tracking,1.5198,1.5145,0.0209,24.83
186.2657,1861,tracking,1.5219,1.5192,0.0287,24.56
186.3657,1862,tracking,1.5156,1.5189,0.0190,24.63
186.4657,1863,tracking,1.5100,1.5154,0.0029,24.66
186.5657,1864,tracking,1.5067,1.5112,-0.0106,24.83
186.6657,1865,tracking,1.5096,1.5099,-0.0114,24.80
186.7657,1866,tracking,1.5199,1.5143,0.0054,24.62
186.8657,1867,tracking,1.5312,1.5230,0.0298,24.49
186.9657,1868,tracking,1.5455,1.5358,0.0591,24.45
187.0657,1869,tracking,1.5524,1.5470,0.0752,24.64
187.1657,1870,tracking,1.5574,1.5560,0.0795,24.85
187.2657,1871,tracking,1.5530,1.5584,0.0630,25.04
187.3657,1872,tracking,1.5518,1.5583,0.0436,25.07
187.4657,1873,tracking,1.5474,1.5550,0.0208,25.06
187.5657,1874,tracking,1.5455,1.5513,0.0034,25.07
187.6657,1875,tracking,1.5418,1.5467,-0.0114,25.15
187.7657,1876,tracking,1.5377,1.5416,-0.0233,25.03
187.8657,1877,tracking,1.5345,1.5369,-0.0304,24.89
187.9657,1878,tracking,1.5342,1.5340,-0.0300,24.76
188.0657,1879,tracking,1.5388,1.5349,-0.0182,24.72
188.2657,1881,tracking,1.5433,1.5373,-0.0092,24.59
188.3657,1882,tracking,1.5416,1.5390,-0.0013,24.62
188.4657,1883,tracking,2.0243,1.7816,0.7269,22.85
188.5657,1884,tracking,2.0250,1.9396,0.9829,23.13
188.6657,1885,tracking,1.5458,1.7919,0.2447,24.17
188.7657,1886,tracking,1.5406,1.6785,-0.1689,24.07
188.8657,1887,tracking,1.0926,1.3771,-1.0223,24.14
188.9657,1888,tracking,1.5374,1.4061,-0.6285,24.24
189.0657,1889,tracking,2.0239,1.6836,0.3924,22.94
189.1657,1890,tracking,1.5335,1.6281,0.1084,24.72
189.2657,1891,tracking,1.5391,1.5890,-0.0415,24.91
189.3657,1892,tracking,1.5437,1.5643,-0.1033,24.25
189.5657,1894,tracking,1.5374,1.5405,-0.1079,24.37
189.6657,1895,tracking,1.5317,1.5307,-0.1050,24.15
189.7657,1896,tracking,1.5278,1.5240,-0.0936,24.35
189.8657,1897,tracking,2.0141,1.7644,0.6556,22.79
189.9657,1898,tracking,2.0175,1.9237,0.9370,22.20
190.0657,1899,tracking,1.5187,1.7680,0.1888,24.32
190.1657,1900,tracking,1.5273,1.6571,-0.2007,24.25
190.2657,1901,tracking,1.5286,1.5828,-0.3633,24.24
190.3657,1902,tracking,2.0358,1.7911,0.3706,22.77
190.4657,1903,tracking,2.0306,1.9294,0.6742,23.00
190.5657,1904,tracking,2.0316,2.0142,0.7264,22.93
190.6657,1905,tracking,1.5314,1.8092,-0.1067,23.81
190.7657,1906,tracking,2.0355,1.9170,0.2489,22.92
190.8657,1907,tracking,2.0467,1.9943,0.4060,23.42
190.9657,1908,tracking,2.0479,2.0414,0.4256,23.13
191.0657,1909,tracking,1.5270,1.8055,-0.4099,24.08
191.1657,1910,tracking,1.5201,1.6423,-0.7765,24.07
191.2657,1911,coasting,NaN,1.5646,-0.6212,NaN
191.3657,1912,coasting,NaN,1.5025,-0.4969,NaN
191.4657,1913,tracking,2.0138,1.7333,0.3445,24.29
191.5657,1914,tracking,2.0096,1.8887,0.7073,22.62
191.6657,1915,tracking,2.0154,1.9874,0.7912,22.28
191.7657,1916,tracking,2.0210,2.0438,0.7230,22.03
191.8657,1917,tracking,1.5248,1.8205,-0.1639,24.83
191.9657,1918,tracking,1.5320,1.6680,-0.5720,24.84
192.0657,1919,tracking,1.5385,1.5747,-0.6805,24.91
192.1657,1920,tracking,1.5401,1.5233,-0.6303,24.86
192.2657,1921,tracking,1.5373,1.4988,-0.5149,24.61
192.3657,1922,coasting,NaN,1.4473,-0.4119,NaN
192.4657,1923,tracking,2.0370,1.7216,0.5345,21.97
192.5657,1924,tracking,2.0327,1.9039,0.9211,22.02
192.6657,1925,tracking,2.0245,2.0102,0.9638,22.39
192.7657,1926,tracking,2.0161,2.0613,0.8280,22.45
192.8657,1927,tracking,1.5225,1.8333,-0.1044,24.56
192.9657,1928,tracking,1.5180,1.6705,-0.5617,24.65
193.0657,1929,tracking,1.5181,1.5662,-0.7059,24.30
193.1657,1930,tracking,1.5219,1.5088,-0.6665,24.09
193.2657,1931,tracking,1.5245,1.4833,-0.5430,24.00
193.3657,1932,tracking,1.5206,1.4748,-0.4055,24.32
193.4657,1933,tracking,1.5201,1.4772,-0.2768,24.52
193.5657,1934,tracking,1.5152,1.4823,-0.1782,24.71
193.6657,1935,tracking,1.5168,1.4907,-0.0998,24.68
193.7657,1936,tracking,1.5144,1.4975,-0.0492,24.86
193.8657,1937,tracking,1.5213,1.5070,-0.0062,24.97
193.9657,1938,tracking,1.5255,1.5159,0.0225,25.07
194.0657,1939,tracking,1.5283,1.5232,0.0377,25.03
194.1657,1940,tracking,1.5240,1.5255,0.0332,25.01
194.2657,1941,tracking,1.5207,1.5247,0.0210,24.96
194.3657,1942,tracking,1.5212,1.5240,0.0126,24.91
194.4658,1943,tracking,1.5246,1.5249,0.0115,24.90
194.5658,1944,tracking,1.5279,1.5270,0.0143,24.92
194.6658,1945,tracking,1.5295,1.5289,0.0158,24.90
194.7658,1946,tracking,1.5295,1.5300,0.0143,24.73
194.8658,1947,tracking,1.5262,1.5288,0.0064,24.34
194.9658,1948,tracking,1.5177,1.5236,-0.0112,23.98
195.0658,1949,tracking,1.5088,1.5156,-0.0318,23.87
195.2658,1951,tracking,1.5053,1.5073,-0.0347,24.08
195.3658,1952,tracking,1.5089,1.5064,-0.0270,24.18
195.4658,1953,tracking,1.5153,1.5095,-0.0096,24.09
195.5658,1954,tracking,1.5213,1.5149,0.0095,23.95
195.6658,1955,tracking,1.5187,1.5173,0.0138,23.98
195.7658,1956,tracking,1.5204,1.5195,0.0164,23.98
195.8658,1957,tracking,1.5229,1.5220,0.0190,24.04
195.9658,1958,tracking,1.5299,1.5269,0.0279,24.03
196.0658,1959,tracking,1.5283,1.5290,0.0258,23.93
196.1658,1960,tracking,1.5235,1.5275,0.0136,23.69
196.2658,1961,tracking,1.5124,1.5206,-0.0111,23.60
196.3658,1962,tracking,1.5079,1.5137,-0.0285,23.67
196.4658,1963,tracking,1.5066,1.5088,-0.0348,23.91
196.5658,1964,tracking,1.5059,1.5056,-0.0339,24.06
196.6658,1965,tracking,1.5030,1.5026,-0.0326,24.25
196.7658,1966,tracking,1.5027,1.5010,-0.0277,24.24
196.8658,1967,tracking,1.5054,1.5018,-0.0169,24.23
196.9658,1968,tracking,1.5113,1.5057,-0.0001,23.80
197.0658,1969,tracking,2.0266,1.7661,0.7811,21.90
197.1658,1970,tracking,2.0324,1.9383,1.0634,21.92
197.2658,1971,tracking,2.0401,2.0424,1.0565,21.64
197.3658,1972,tracking,2.0371,2.0925,0.8900,21.77
197.4658,1973,tracking,2.0334,2.1075,0.6678,22.00
197.5658,1974,tracking,2.0233,2.0988,0.4414,22.22
197.6658,1975,tracking,2.0230,2.0830,0.2616,22.07
197.7658,1976,tracking,2.7481,2.4287,1.2201,23.00
197.8658,1977,tracking,2.7383,2.6445,1.5015,23.18
197.9658,1978,tracking,2.7320,2.7633,1.4076,23.13
198.0658,1979,tracking,2.7226,2.8133,1.1354,22.42
198.1658,1980,tracking,2.7128,2.8198,0.8142,21.27
198.2658,1981,tracking,2.7033,2.8023,0.5174,19.99
198.3658,1982,tracking,2.6979,2.7760,0.2832,19.38
198.4658,1983,tracking,2.6933,2.7488,0.1167,18.21
198.5658,1984,tracking,2.6697,2.7151,-0.0194,16.75
198.6658,1985,tracking,2.6704,2.6918,-0.0835,15.08
198.7658,1986,tracking,2.0058,2.3446,-1.0999,22.54
198.8658,1987,tracking,2.0048,2.1197,-1.4446,22.50
198.9658,1988,tracking,1.5202,1.7477,-2.1273,24.79
199.0658,1989,tracking,1.5170,1.5260,-2.1543,24.66
199.1658,1990,tracking,1.5183,1.4145,-1.8426,24.64
199.2658,1991,tracking,1.5180,1.3741,-1.4109,24.60
199.3658,1992,tracking,1.5277,1.3803,-0.9689,24.55
199.4658,1993,tracking,1.5327,1.4081,-0.5951,24.52
199.5658,1994,tracking,1.5355,1.4420,-0.3146,24.60
199.6658,1995,tracking,1.5364,1.4735,-0.1259,24.57
199.7658,1996,tracking,1.5348,1.4979,-0.0150,24.57
199.8658,1997,tracking,1.5379,1.5172,0.0474,24.42
199.9658,1998,tracking,1.5368,1.5293,0.0697,24.41
200.0658,1999,tracking,1.5364,1.5364,0.0699,24.42
200.1658,2000,tracking,1.5327,1.5380,0.0539,24.41
200.2658,2001,tracking,1.5317,1.5376,0.0363,24.34
200.3658,2002,tracking,1.5316,1.5364,0.0220,24.13
200.4658,2003,tracking,1.5312,1.5349,0.0109,24.03
200.5658,2004,tracking,1.5326,1.5343,0.0058,23.99
200.6658,2005,tracking,1.5302,1.5325,-0.0012,24.14
200.7658,2006,tracking,1.5293,1.5309,-0.0058,24.21
200.8658,2007,tracking,1.5299,1.5301,-0.0064,24.18
200.9658,2008,tracking,1.5272,1.5283,-0.0098,24.19
201.0658,2009,tracking,1.5308,1.5291,-0.0046,24.12
201.1658,2010,tracking,1.5292,1.5289,-0.0037,24.19
201.2658,2011,tracking,1.5388,1.5337,0.0116,24.09
201.3658,2012,tracking,1.5420,1.5384,0.0225,24.13
201.4658,2013,tracking,1.5457,1.5432,0.0299,24.19
201.5658,2014,tracking,1.5454,1.5458,0.0288,24.31
201.6658,2015,tracking,1.5455,1.5471,0.0240,24.31
201.7658,2016,tracking,1.5458,1.5476,0.0185,24.25
201.8658,2017,tracking,1.5475,1.5485,0.0156,24.05
201.9658,2018,tracking,1.5423,1.5462,0.0040,23.97
202.0658,2019,tracking,1.5395,1.5430,-0.0067,23.81
202.1658,2020,tracking,1.5307,1.5366,-0.0241,23.87
202.2658,2021,tracking,1.5307,1.5324,-0.0292,23.76
202.3658,2022,tracking,1.5305,1.5300,-0.0277,23.64
202.4658,2023,tracking,1.5398,1.5335,-0.0089,23.19
202.5658,2024,tracking,2.0335,1.7831,0.7424,22.18
202.6658,2025,tracking,2.0385,1.9479,1.0142,22.17
202.7658,2026,tracking,2.0449,2.0471,1.0076,21.93
202.8658,2027,tracking,2.0522,2.1001,0.8641,21.60
202.9658,2028,coasting,NaN,2.1865,0.6913,NaN
203.0658,2029,coasting,NaN,2.2556,0.5530,NaN
203.1658,2030,tracking,2.0426,2.1768,0.1507,22.89
203.2658,2031,tracking,2.0302,2.1110,-0.0918,23.10
203.3658,2032,tracking,1.5161,1.8090,-0.9704,23.29
203.4658,2033,tracking,1.5180,1.6149,-1.2614,23.69
203.6658,2035,tracking,1.5206,1.4416,-1.1429,23.79
203.7658,2036,tracking,1.5225,1.4249,-0.8502,23.69
203.8658,2037,tracking,1.5209,1.4304,-0.5787,23.59
203.9658,2038,tracking,1.5186,1.4455,-0.3596,23.52
204.0658,2039,tracking,1.5172,1.4634,-0.1982,23.38
204.1658,2040,tracking,1.5188,1.4812,-0.0854,23.01
204.2658,2041,tracking,2.0206,1.7466,0.7365,22.03
204.3658,2042,tracking,2.0287,1.9245,1.0491,21.75
204.4658,2043,tracking,2.0283,2.0288,1.0475,21.43
204.5658,2044,tracking,2.0248,2.0792,0.8843,21.44
204.6658,2045,tracking,2.0204,2.0940,0.6634,21.41
204.7658,2046,tracking,2.0227,2.0915,0.4570,21.47
204.8658,2047,tracking,2.0263,2.0818,0.2906,21.50
204.9658,2048,tracking,2.0253,2.0680,0.1623,21.53
205.0658,2049,tracking,2.0233,2.0538,0.0708,21.29
205.1658,2050,tracking,2.0260,2.0434,0.0185,21.00
205.2658,2051,tracking,2.0320,2.0387,-0.0013,20.95
205.3658,2052,coasting,NaN,2.0385,-0.0011,NaN
205.4658,2053,coasting,NaN,2.0384,-0.0008,NaN
205.5658,2054,tracking,2.0200,2.0292,-0.0283,21.68
205.6658,2055,tracking,2.0130,2.0197,-0.0484,21.65
205.7658,2056,tracking,2.0197,2.0173,-0.0411,21.46
205.8658,2057,tracking,2.0144,2.0138,-0.0392,21.46
205.9658,2058,coasting,NaN,2.0099,-0.0314,NaN
206.0658,2059,tracking,2.0015,2.0041,-0.0393,23.36
206.1658,2060,tracking,1.9967,1.9984,-0.0445,23.87
206.3658,2062,tracking,2.0134,2.0015,-0.0266,23.50
206.4658,2063,tracking,2.0108,2.0048,-0.0086,23.44
206.5658,2064,tracking,1.5340,1.7690,-0.7135,23.62
206.6658,2065,tracking,1.5211,1.6094,-0.9783,24.08
206.7658,2066,tracking,1.5126,1.5121,-0.9766,24.09
206.8658,2067,tracking,1.5033,1.4589,-0.8434,23.49
206.9658,2068,tracking,1.5059,1.4402,-0.6463,23.60
207.0658,2069,tracking,1.5096,1.4426,-0.4452,23.78
207.1658,2070,tracking,1.5257,1.4619,-0.2537,24.49
207.2658,2071,tracking,1.5388,1.4877,-0.1004,24.32
207.3658,2072,tracking,1.5528,1.5152,0.0124,24.26
207.4658,2073,tracking,1.5558,1.5361,0.0714,23.70
207.5658,2074,tracking,1.5468,1.5451,0.0768,23.71
207.6658,2075,tracking,1.5363,1.5445,0.0521,23.60
207.7658,2076,tracking,1.5307,1.5402,0.0235,23.47
207.8658,2077,tracking,1.5268,1.5347,-0.0000,23.61
207.9658,2078,tracking,1.5273,1.5310,-0.0111,23.69
208.0658,2079,tracking,1.5284,1.5291,-0.0133,23.72
208.1658,2080,tracking,1.5232,1.5255,-0.0203,23.41
208.2658,2081,tracking,2.0089,1.7662,0.7078,23.19
208.3658,2082,tracking,2.0046,1.9208,0.9593,23.06
208.4658,2083,tracking,1.5017,1.7592,0.1868,23.11
208.5658,2084,tracking,1.5085,1.6432,-0.2173,23.00
208.6658,2085,tracking,1.5124,1.5669,-0.3809,23.31
208.7658,2086,tracking,1.5218,1.5253,-0.3914,23.31
208.8658,2087,tracking,1.5209,1.5036,-0.3393,23.30
208.9658,2088,tracking,1.5158,1.4927,-0.2700,23.09
209.0658,2089,tracking,1.5203,1.4930,-0.1882,22.93
209.1658,2090,tracking,1.5211,1.4976,-0.1178,22.93
209.2658,2091,tracking,1.5211,1.5035,-0.0650,23.09
209.3658,2092,tracking,1.5135,1.5053,-0.0401,23.08
209.4658,2093,tracking,1.5067,1.5039,-0.0320,23.09
209.5658,2094,tracking,1.5122,1.5065,-0.0148,23.04
209.6658,2095,tracking,1.5139,1.5095,-0.0015,23.22
209.7658,2096,tracking,1.5293,1.5193,0.0285,23.51
209.8658,2097,tracking,1.5297,1.5259,0.0398,23.61
209.9658,2098,tracking,1.5292,1.5296,0.0388,23.80
210.0658,2099,tracking,1.5230,1.5282,0.0231,23.49
210.1658,2100,tracking,1.5326,1.5316,0.0262,23.75
210.2658,2101,tracking,1.5268,1.5305,0.0152,23.42
210.3658,2102,tracking,1.5303,1.5312,0.0126,23.35
210.4658,2103,tracking,2.0167,1.7746,0.7391,21.20
210.5658,2104,tracking,1.5322,1.6903,0.2646,22.35
210.6658,2105,tracking,1.5316,1.6242,-0.0132,22.33
210.7658,2106,tracking,1.5209,1.5719,-0.1661,22.22
210.8658,2107,tracking,1.5208,1.5381,-0.2178,22.11
210.9658,2108,tracking,1.5221,1.5192,-0.2090,22.33
211.0658,2109,tracking,2.0252,1.7618,0.5813,20.64
211.1658,2110,tracking,2.0215,1.9207,0.8838,20.82
211.2658,2111,tracking,2.0182,2.0137,0.8975,20.78
211.3658,2112,tracking,2.0299,2.0667,0.7872,20.65
211.4658,2113,tracking,2.0368,2.0911,0.6243,20.88
211.5658,2114,tracking,2.0379,2.0957,0.4508,21.06
211.6658,2115,tracking,2.0216,2.0812,0.2722,21.23
211.7658,2116,tracking,2.0153,2.0619,0.1325,21.08
211.8658,2117,tracking,2.0113,2.0432,0.0368,21.06
211.9658,2118,tracking,2.0085,2.0277,-0.0208,21.06
212.0658,2119,tracking,2.0053,2.0154,-0.0513,21.44
212.1658,2120,tracking,1.5277,1.7690,-0.7753,22.32
212.2658,2121,tracking,2.0049,1.8482,-0.3052,21.41
212.3658,2122,tracking,2.0066,1.9121,-0.0217,21.02
212.4658,2123,tracking,2.0127,1.9613,0.1324,20.84
212.5658,2124,tracking,2.0091,1.9919,0.1843,21.21
212.6658,2125,tracking,2.0097,2.0100,0.1833,21.14
212.7658,2126,tracking,2.0052,2.0168,0.1487,21.23
