taps_from_fp,transition_1_to_2,transition_2_to_3,transition_3_to_4,transition_4_to_5,transition_5_to_6,transition_6_to_7,transition_7_to_8,transition_8_to_9,transition_9_to_10,transition_10_to_11,transition_11_to_12,transition_12_to_13,transition_13_to_14,transition_14_to_15,transition_15_to_16,transition_16_to_17,transition_17_to_18,transition_18_to_19,transition_19_to_20,transition_20_to_21,transition_21_to_22,transition_22_to_23,transition_23_to_24,transition_24_to_25,transition_25_to_26,transition_26_to_27,transition_27_to_28,transition_28_to_29,transition_29_to_30,transition_30_to_31,transition_31_to_32,transition_32_to_33,transition_33_to_34,transition_34_to_35,transition_35_to_36,transition_36_to_37,transition_37_to_38,transition_38_to_39,transition_39_to_40,transition_40_to_41,transition_41_to_42,transition_42_to_43,transition_43_to_44,transition_44_to_45,transition_45_to_46,transition_46_to_47,transition_47_to_48,transition_48_to_49,transition_49_to_50,transition_50_to_51,transition_51_to_52,transition_52_to_53,transition_53_to_54,transition_54_to_55,transition_55_to_56,transition_56_to_57,transition_57_to_58,transition_58_to_59,transition_59_to_60,transition_60_to_61,transition_61_to_62,transition_62_to_63,transition_63_to_64,transition_64_to_65,transition_65_to_66,transition_66_to_67,transition_67_to_68,transition_68_to_69,transition_69_to_70,transition_70_to_71,transition_71_to_72,transition_72_to_73,transition_73_to_74,transition_74_to_75,transition_75_to_76,transition_76_to_77,transition_77_to_78,transition_78_to_79,transition_79_to_80,transition_80_to_81,transition_81_to_82,transition_82_to_83,transition_83_to_84,transition_84_to_85,transition_85_to_86,transition_86_to_87,transition_87_to_88,transition_88_to_89,transition_89_to_90,transition_90_to_91,transition_91_to_92,transition_92_to_93,transition_93_to_94,transition_94_to_95,transition_95_to_96,transition_96_to_97,transition_97_to_98,transition_98_to_99,transition_99_to_100,transition_100_to_101,transition_101_to_102,transition_102_to_103,transition_103_to_104,transition_104_to_105,transition_105_to_106,transition_106_to_107,transition_107_to_108,transition_108_to_109,transition_109_to_110,transition_110_to_111,transition_111_to_112,transition_112_to_113,transition_113_to_114,transition_114_to_115,transition_115_to_116,transition_116_to_117,transition_117_to_118,transition_118_to_119,transition_119_to_120,transition_120_to_121,transition_121_to_122,transition_122_to_123,transition_123_to_124,transition_124_to_125,transition_125_to_126,transition_126_to_127,transition_127_to_128,transition_128_to_129,transition_129_to_130
-50,0.113078904267015,0.0679856597469324,0.147340233229183,0.0876148836317035,0.0757701524193588,0.0929593915571428,0.0282233568519454,0.0698987078292874,0.0955623115961286,0.0782695108282826,0.0779382558696002,0.0981331420302445,0.0553793737281388,0.0721174442542643,0.0902222320313689,0.0210898000626011,0.0756782199417882,0.0369343275683426,0.0372660706298686,0.0637089601673903,0.0527826936016881,0.0482899298960623,0.0498951199754148,0.0528213739018246,0.0985309092622472,0.106578158494988,0.0936636608317477,0.0818655013947906,0.13150318069096,0.0321585952145093,0.0993254746683185,0.130566272815652,0.0374252263660335,0.0553138402312269,0.0457566480933352,0.0612732321521245,0.0669209207941492,0.0489469678321612,0.0527592394777806,0.104474154381318,0.113187848920602,0.0421650214652879,0.0785026639664184,0.0495289239051963,0.0288253348605798,0.113345301249239,0.135057775140064,0.0610380874100713,0.114555986630791,0.0717839363179258,0.0564892390142081,0.0785485349527172,0.154433947209822,0.105313732815113,0.111174078345885,0.0982628662788401,0.0602760187602378,0.0562625768578414,0.0611800014978128,0.122818641358972,0.0779152426859982,0.0646253443202602,0.0653332115008687,0.0719220667002873,0.0728764315722836,0.0787302486949471,0.0206362124721292,0.0912053513380092,0.110630156717442,0.0784329996207418,0.0656436819588896,0.0545202506799661,0.0592447885970361,0.0515785902754412,0.123280068819579,0.0741581980466977,0.0413771450615619,0.0695671991924688,0.0212415061448745,0.0144399476871678,0.0455556952689484,0.0706098978971501,0.0164560980854957,0.0305321338552879,0.0875791243288786,0.0446491938770117,0.105710307197713,0.154103796219957,0.0656169189554576,0.0251030641605462,0.0951223061701643,0.176099756220898,0.13827413168993,0.101844519671711,0.0664146548397892,0.0335387573631948,0.0240351654844879,0.0316182865982121,0.0840386509462098,0.0465734326744921,0.0674089464412665,0.0845549715356741,0.0203849935714207,0.0763497981692258,0.0926160592785326,0.0724133538763181,0.0631284846177571,0.0474150552828716,0.0415461726674212,0.0330360590556894,0.0574847526852664,0.0361980397502765,0.0123012525876538,0.0752251563544638,0.0850728521378333,0.0699918052299697,0.0193324211692136,0.027298889297305,0.0204253341706769,0.0315206222143467,0.054474304847302,0.0436061879419356,0.106339993744633,0.165584107265147,0.111620514314541,0.0313602786186648,0.062350091661686,0.0355778164580706,0.0304983281919879
-49.5,0.0813122888451074,0.071270466837289,0.0986926866119644,0.0777707441199397,0.0746499387773158,0.0820685601786267,0.0213937543089197,0.0794640160974058,0.117197912033188,0.0979252828381059,0.0432092490647027,0.127911511345869,0.0721469981525709,0.10186195315316,0.0428906599548321,0.0528729218293207,0.0598579268205197,0.0899124595507642,0.0760767194500417,0.0808791690139905,0.0507527471812974,0.0925128474706838,0.041683451434431,0.0402728121755104,0.0951208640044057,0.102048867736234,0.100115899066384,0.0585959149879966,0.111620382761032,0.0605213471454384,0.102994993961482,0.107451712986766,0.0302633897247818,0.0440816671002706,0.0668272433951352,0.0709034369249628,0.0685325716360093,0.0434702615594554,0.0801689086244678,0.0559631536589708,0.0870467320595542,0.0208375605237935,0.0729514632526983,0.0735285620139637,0.0355674906624543,0.1030749453172,0.14944817517541,0.0898588582750514,0.12376291557942,0.0930595974364802,0.0483193653968098,0.0657798867732895,0.154531751131156,0.139704148479045,0.0883552330887678,0.0286895393121465,0.0227520028257552,0.0220012965269931,0.0600697420649622,0.10249882924219,0.102142095756544,0.0737931956508418,0.00981204855116539,0.0505095958498191,0.110542515760191,0.0940710548307232,0.058254747674188,0.112926770205014,0.0939433376992573,0.0578267619595513,0.0508454337645453,0.0850862546952172,0.090660953454746,0.055087950492875,0.0892122368098616,0.0521538888609385,0.0140343828146315,0.0347683794608814,0.0332360301413372,0.0806595013236193,0.0620859655794447,0.0687254970668529,0.0187586444340233,0.0729071968826213,0.103001087950265,0.045222717524213,0.115974245367029,0.159559938783245,0.0341969202058991,0.0424657993218967,0.0945420303329787,0.107228585071737,0.0768362519717347,0.0883968468215061,0.0732941704523473,0.014822137177012,0.0347315963279589,0.0284715101271386,0.0560176578647035,0.0322005406006875,0.151262915008364,0.139178639445598,0.0466028871652854,0.106848565720091,0.106375442398257,0.0845778331834855,0.0662987932266041,0.0818904675627911,0.0290364008131162,0.0576487664656761,0.0189195257862119,0.0569585470609593,0.0281067178158862,0.0471049666204923,0.0718322629496365,0.120626448316941,0.0729749410453539,0.0668113534869359,0.0458482273415488,0.0117203370858461,0.0535733258470182,0.0506682234820052,0.145185700016168,0.192921151700988,0.0994013381991001,0.00517508842617989,0.0622907305649962,0.044804681210571,0.025551626405162
-49,0.0779457353973595,0.0799619681969122,0.0666481922804279,0.0894513196127061,0.0623753106052762,0.0847144696820527,0.0500078178977522,0.0343988985507389,0.0982561311708044,0.150547155119616,0.0163605315249671,0.128687850297858,0.084072374967512,0.111882915101319,0.0480884913022082,0.0855910704294092,0.0641132871461116,0.114825487869242,0.119097691261359,0.103820195542965,0.0328102210603228,0.112992300130023,0.0442239638155434,0.0205647755710131,0.0908784470063647,0.117922316914579,0.114123548436692,0.0465884122066879,0.0733354712010166,0.0492856753694142,0.0959706453484089,0.0804759058347576,0.039451005781448,0.0441875966019405,0.0730395695643557,0.0777200542434096,0.0767074396238697,0.0829064505548368,0.0983922129747584,0.0114416157233879,0.0546259596524205,0.0123117701890773,0.0735657108961132,0.0822819595021654,0.0473197520898803,0.0843661232657005,0.1491774411813,0.115137468672053,0.126258835050756,0.11644674217416,0.0664094769859125,0.0671837097371435,0.117712047710262,0.11451954229558,0.0392597851315798,0.0260896905729212,0.0226204854498846,0.0337765657497812,0.0722130995581222,0.0970807125085238,0.104432210576398,0.0773428166752547,0.0434548199960121,0.0396481530758204,0.107035838880911,0.146750236637309,0.115484828851241,0.145135891138688,0.0475562007701387,0.0565736019590862,0.0366574088728055,0.0755593720735823,0.0354340115261247,0.0987061023576147,0.0755434822731814,0.041808458945198,0.0256398902195234,0.0157428444704806,0.0415088600742017,0.0871756828184666,0.0567672468147253,0.054275357450965,0.0561041509080998,0.0546374738136822,0.0956870512123473,0.0618927135457508,0.0831642275441036,0.117033353764143,0.0199691458902212,0.111544104936301,0.146151595703703,0.0676621440344121,0.0106387947407878,0.108262230039093,0.1074401629238,0.0236673999405385,0.0477786161561119,0.0292881236918572,0.0664817301862554,0.0122459219980608,0.158706980236945,0.140699012331298,0.0440115077610033,0.116245881376717,0.0993657714206869,0.065033131116805,0.0726267957657682,0.0741582901415699,0.0270037649402794,0.0750688964954708,0.0213382244921743,0.0910782726161406,0.0697479377179759,0.063308685116039,0.0682237501938583,0.104012815955475,0.0894122480685015,0.0922453406324258,0.0377041736993165,0.0547381375530475,0.0243408802351405,0.0525803039212291,0.127426460680576,0.179222401808803,0.0807181661319777,0.0213345421482259,0.0638450722981043,0.0851030406908851,0.0870743141887844
-48.5,0.0571889027990534,0.0752974808314922,0.0450541259429898,0.0727616564871316,0.0556034674021973,0.0924504520945143,0.0747417501106442,0.0339765144413843,0.056686038946773,0.126507507231841,0.0232557671607439,0.0970268239112992,0.108294801688255,0.102891781602561,0.100816892749296,0.0667736386627245,0.0939797279266101,0.112137709390238,0.0991441461246387,0.071862425993422,0.0160893651602283,0.137189058831052,0.0680911823989283,0.0393670514631349,0.0914326598134076,0.116124265852392,0.103934316573606,0.051266854341544,0.0389370389138818,0.0452572819420682,0.105933368863089,0.0613853673083429,0.0599033206383273,0.0882545627854793,0.0593722086383275,0.0913652509723584,0.0616464474222369,0.0761448823025698,0.118863952708236,0.0383885052475763,0.0634022125540561,0.0440556536766734,0.0691035256619604,0.067044866807702,0.0673390805780791,0.0512409598865327,0.129108376885991,0.116229810777368,0.0929816763848789,0.12208734936712,0.0987028195034935,0.081357692738502,0.0948575604153209,0.118954629616824,0.0293332355078989,0.0251279198865996,0.0579991126677231,0.0627706869834469,0.0978006336668653,0.0824277710988779,0.0921425635566956,0.0304213129690754,0.0329418037513295,0.0579418806511934,0.0636661398827648,0.100776841860475,0.11247460874799,0.123932696717942,0.0307404510790038,0.0630438511275153,0.0402774020385726,0.023097948401027,0.0547090290801282,0.132276001377598,0.0825677392276405,0.0876407593320996,0.0762498447451517,0.0263591422798468,0.0485123200030751,0.0553722540302076,0.0803747021573647,0.0307672248169423,0.0955232416487541,0.0211293835718055,0.0592566728167055,0.0405345033441023,0.0353578073065772,0.0830281107888941,0.0491412868649508,0.121535385303539,0.145133773310448,0.0762609207163194,0.0356990541687963,0.0895063144474625,0.135390550977719,0.0606836661252865,0.108249457053785,0.0278500025601948,0.0465667916073024,0.00745878784662735,0.138414557407316,0.142073345576235,0.0375456003848994,0.134217956756024,0.0822204079306342,0.0246697940219705,0.0839553170602055,0.0457710739240428,0.0542404681761706,0.0789081477998899,0.0148514484421242,0.0624234794165882,0.102710855102906,0.0678791445784492,0.0746980565123965,0.0837355635777635,0.0838332387152457,0.123454596101741,0.0702754135130135,0.0811987172744415,0.0259413223705745,0.0701982251341016,0.116046546107055,0.182982660015973,0.0320820218170102,0.050477162635547,0.084861582716839,0.0832700842371413,0.0926694866591377
-48,0.0766690902890717,0.0604460594129517,0.0185857859883211,0.0926710373439825,0.03048390876639,0.0996850973473436,0.0880342343062502,0.061439303974338,0.0365588407110182,0.0851897106692509,0.0271210369957134,0.050368101132494,0.113737561619937,0.0830966407378596,0.14236135693479,0.061284252778885,0.127307471290666,0.0872241070353189,0.0634988457846256,0.0372417352054252,0.0286978550172598,0.147935967965974,0.0766881052530932,0.0325278366702331,0.10377556775185,0.0959713121587617,0.0831748829514618,0.0726085781078427,0.00521590603699477,0.04938554900382,0.0950206669597606,0.0652879453822688,0.0984803655829559,0.121398691758253,0.0409572576433464,0.0680472302413075,0.0736281234088543,0.0517609343620159,0.113483581130134,0.0580579897172816,0.0964005819560579,0.0959170927927534,0.0848251738080148,0.0349673227347549,0.102521897063486,0.0170035027528896,0.120978546097696,0.117807136341921,0.066922581806718,0.127884593796447,0.113521079738812,0.0768071453207687,0.0828848311607876,0.129296052417629,0.0149743965492983,0.0241697666677953,0.084978769668352,0.0961766586819827,0.115967915126763,0.0573128167463507,0.0944757732354466,0.0172166631456214,0.0390064347167417,0.0963016886688882,0.0214867702396454,0.0686046655478726,0.141654532563115,0.11317626157651,0.0447348191714298,0.0601496612755715,0.0302098349333855,0.0362299010910482,0.0617118109789921,0.11231669443099,0.0727345182082519,0.131533664598901,0.139261962093439,0.0696306841562207,0.0273091913468124,0.016989559408339,0.121105762358558,0.0896233999063966,0.052417970915753,0.0459266220763464,0.0742802052784272,0.0356595186704306,0.0553489186973224,0.0495942042239309,0.0979702826797972,0.143087655787723,0.114078726893381,0.0724266882498214,0.0499919877653661,0.0626913092262372,0.15500020013371,0.0854654789045838,0.178662868363546,0.070536367583853,0.0376532641613561,0.0389822301302281,0.0394548727882578,0.0796789596302839,0.0470444069205406,0.154880183677553,0.0869365366391701,0.0497574059361985,0.0839399751753777,0.0252912633307633,0.064164607759009,0.0820589122583921,0.020126536658614,0.026544849608954,0.13462747169186,0.072457038738578,0.0517876048186668,0.0507799870871168,0.0869249414591781,0.16488054202701,0.092468529235201,0.0699402887041373,0.0611143582283554,0.0621328798496099,0.0599882590161259,0.15222933890907,0.008554620868685,0.0742953564923843,0.0862013462540004,0.085425931735147,0.0697648499882944
-47.5,0.065673701812292,0.0458706328297488,0.0220454782755499,0.0883506886810032,0.0375250760726264,0.1068634256404,0.0872365882528076,0.0774642803737797,0.02824052425324,0.0730797671842797,0.0155328316465242,0.0756006214350957,0.105424456781812,0.0862309446438063,0.126584866700767,0.0912826829045282,0.0990979567120506,0.116402929723856,0.0473554355428273,0.0191722477706731,0.0422864489499184,0.158490840413686,0.0919545392408178,0.0263363837945764,0.0993822351048352,0.0681172642986684,0.08210754153301,0.0949501140455341,0.0314125518016695,0.044501865658844,0.0709093824304463,0.0842424436804897,0.124689095028093,0.0966799299440733,0.0200793721144909,0.0851274436428154,0.092752737373542,0.0198947120908613,0.0727085247551512,0.0687952368287877,0.0926334500587767,0.105899348300267,0.116265239363596,0.0288913603785127,0.0715844905718143,0.0448498212243526,0.138156378786511,0.125383036048918,0.0207916713906522,0.0691912225797196,0.06866328008324,0.0467171137297731,0.0841473170804006,0.14654873236581,0.0334192342434619,0.0237479835538866,0.0866738852308409,0.0819855915590667,0.0893538786436505,0.00419136144087767,0.152523347510907,0.0877839837682182,0.0914800403624866,0.117469810929037,0.0799474853074805,0.0544812622661578,0.114562189865402,0.124519360135789,0.0721086951711675,0.067038331651354,0.0345567966765738,0.0636509777779068,0.0461808653475644,0.094453928112732,0.0523079385166244,0.11257954619619,0.164282498308713,0.130139830097106,0.0617395396692042,0.053943113831377,0.0950826030308834,0.155091995900337,0.0406248003219341,0.0768120495352371,0.0715966929289092,0.0752141611899922,0.0625770480514068,0.014544618852412,0.0840669131602979,0.120504202871009,0.0879357935034553,0.0374392853853726,0.0794467081744557,0.026131510753786,0.115150884120191,0.0635731015178823,0.162791691040273,0.0898977017010572,0.0941625821645508,0.0380603492938264,0.0581400432792858,0.0601904702952923,0.0705218175505368,0.156396643257871,0.0929657934275174,0.0828305070561484,0.0491566529255592,0.0392704958543039,0.0617673370965841,0.0714059062230814,0.0302769410839627,0.0222974700088485,0.120884238753501,0.088613099240363,0.016064916631328,0.0705513524057279,0.101615844996365,0.182786474140984,0.115451261750384,0.0997804541513842,0.0847974007724949,0.0583669577656227,0.0175361890624544,0.0762823121792171,0.0281724467349858,0.0285603878868845,0.0800468675229127,0.0667178983953719,0.0578559445998697
-47,0.0209036876854745,0.0828021898359085,0.0509959300464973,0.13311886651068,0.0517450014878057,0.104089227154648,0.0880561306165401,0.0625153048221868,0.0218744155493796,0.112780536567185,0.0347834987038679,0.169727192508471,0.123804648655794,0.0913391244304073,0.137644486404753,0.121410729137817,0.0996490045339797,0.150396552648045,0.0190987295476878,0.0514878336683251,0.0463305189223796,0.097944269265701,0.0480453521196006,0.0329041429282006,0.0728393526176788,0.0348427582050104,0.0808535546838987,0.0992042605280214,0.0571379513009021,0.0196184050146776,0.0596941946087727,0.100854324528847,0.0856225949886656,0.052995009960555,0.0339198026411081,0.120880267405482,0.0666423781984462,0.0392653423736366,0.0252447673937556,0.0697483386103897,0.0885511650907637,0.108819347382872,0.147118700545724,0.0753866094421516,0.0437112877542667,0.052640431459774,0.131405196049345,0.12380904497522,0.036399722870006,0.0560836834407557,0.00762039101741292,0.045408817632697,0.0742716373877561,0.118309825471518,0.0798307687481684,0.0181068368209694,0.0673345133554966,0.0559258341099818,0.0737647971085491,0.070362433898573,0.165332635520392,0.108660955321813,0.143358403336452,0.140259068046444,0.122398535823649,0.0655823118272004,0.0921675475320854,0.162381835178117,0.111234172639206,0.105483798792125,0.0325982583088531,0.0326053682034679,0.0167259065784357,0.0670994448337151,0.0309927751073968,0.095527146997435,0.161245606582043,0.144743971838068,0.0932579200959765,0.100838817575932,0.0594456886068936,0.142186360871216,0.0690412647861301,0.0816895536500724,0.0980385646062937,0.0944592225086041,0.0381898656734257,0.0404009757943842,0.0490508308358753,0.0883571683231152,0.103361007927383,0.0146815354334929,0.11544411513833,0.105002656483231,0.0862530571069727,0.0512518176331969,0.103683186098641,0.0678336487341559,0.162430196911473,0.0626718191949165,0.0615446349108773,0.0725058701204142,0.0848107604266114,0.135774641338575,0.074330874065544,0.101443203007997,0.0399428545968848,0.063070238332724,0.0568249368297264,0.0648850707207738,0.021380338461199,0.00949422986493833,0.134197846668457,0.108143804410611,0.0410724939119473,0.0816196449226819,0.0858817757882746,0.18565498850658,0.156415180630083,0.0720685937127605,0.0645039159121013,0.0323596728584506,0.00807290042619251,0.00679360071806689,0.0478001561806369,0.0694761756026803,0.0998568769768566,0.034739889492814,0.062227949628437
-46.5,0.0465401785506639,0.103106715921027,0.0090282038536085,0.129687708617629,0.0709637542141855,0.0701557585907372,0.0732887349064636,0.0740468939841975,0.0272759665224834,0.0893319862515773,0.0709869663980423,0.221202450771803,0.14997091104139,0.0853157253841037,0.136017601105614,0.130139706703225,0.0899584617679354,0.120182596778932,0.0151361253356966,0.0209299584553474,0.0636239836321873,0.0887881978730285,0.0532666410054743,0.0309538710603352,0.0352925068211812,0.0247697221778635,0.0630320086364791,0.0856968573339916,0.0657283489546215,0.0112453914635918,0.067569821554699,0.106541069733368,0.0456989042683627,0.0525725786482593,0.0245325986765697,0.143847637107079,0.0488996283204595,0.0588955558105481,0.0333873358766589,0.0697170871175286,0.110087682974209,0.0914531167064619,0.105824439952408,0.092113732417841,0.0592180910656672,0.0466929827423889,0.132167886800446,0.12688591099383,0.0683556427217994,0.0420895062959938,0.0259268890047103,0.0886844438387491,0.0387945431895971,0.110718363808559,0.111427918763257,0.0383656611134453,0.0369231098424138,0.0198769018174287,0.035832453839617,0.0772676704430487,0.122630740688395,0.0711765333704169,0.132687160945521,0.135805867599383,0.146121130060951,0.0909224733034835,0.0451167747740252,0.11091842502721,0.125809818218933,0.13870457317789,0.0313815013106222,0.0263308129651935,0.0378753708197397,0.0774615307817402,0.0418673502059163,0.0849466906480762,0.124372584410607,0.121802098093457,0.109453258079499,0.102975786932414,0.0193928518506502,0.0826440341721811,0.104311289638361,0.0617641419760483,0.0985883130936369,0.0828456525794628,0.0346866706341088,0.0463652089419304,0.0326215641081786,0.0490105431874107,0.106132258655465,0.0330089792940377,0.10626538129869,0.124830665829503,0.0755118939993721,0.0488139652353114,0.071042152891607,0.0195276256846621,0.141558429438089,0.0819862587780055,0.0508891479579173,0.076701466530675,0.0939999780007955,0.0869836670390001,0.0599033952776425,0.106375500264059,0.0436817012684337,0.0549889556415193,0.0609551315686383,0.0610904918603582,0.0150337711816111,0.0683618162397259,0.0934437847319342,0.122944628193305,0.0989423329181005,0.0936294620434801,0.027489501192998,0.129222047751268,0.183989560080668,0.0500387978676263,0.0389872781055623,0.0463401865138766,0.0144482247388117,0.0491158864132115,0.0665010751400858,0.0413497478522704,0.0900333751060942,0.0211863417546766,0.0395705495643576
-46,0.0769363992898783,0.115469061652487,0.0258150007682396,0.119364676068719,0.113587680963595,0.0382709352036011,0.074204848599234,0.090188779687806,0.0321425385480148,0.0465137518393271,0.0817426809298019,0.213681508590318,0.164116165896957,0.0777174440333366,0.126544055656408,0.152988600173556,0.0959831008257629,0.0476146561061145,0.0224137702282033,0.0185989349816339,0.0549557226520549,0.0838069570692602,0.0846039598374199,0.0522349881512336,0.00848633490520182,0.0267019182295154,0.0517397974240664,0.0709238670245921,0.0669925228043509,0.0897292264092836,0.119932319392472,0.110874815677207,0.00953952806304807,0.0795831586781969,0.0159226078792152,0.149371523946059,0.0353505060372722,0.075012271119893,0.0356373571703202,0.0646202890513688,0.147339197560131,0.0812861891623612,0.0500223814558851,0.0820301483816197,0.09347499501594,0.0328065872161472,0.144064811163475,0.113793588131739,0.103477848040893,0.0251208722587774,0.0512489000886922,0.104567892449976,0.0866701530354055,0.107174903549781,0.14691722682293,0.111769291731174,0.0632448642476138,0.0702608480526143,0.053424623800799,0.0493342080781538,0.0744228829050708,0.0541768253285622,0.123287504808817,0.120425784352835,0.147410488553177,0.11879202653136,0.0473843241414669,0.0719807345902532,0.0913401965375076,0.120183572264099,0.0390306671230964,0.0335454917818404,0.0320359364030922,0.0759751354420718,0.0791005821012164,0.08766143826196,0.10344101814642,0.0793919780930292,0.0846460721300803,0.0877036789346406,0.0199551276498525,0.0452603949168646,0.0876934147152453,0.0267643688102749,0.0978246455122476,0.0766194012370863,0.042420426596926,0.0567747550610488,0.0809072404740918,0.00872060145719417,0.0898941772849124,0.0486121408906087,0.0788037676554711,0.133925614539604,0.0635537668980638,0.0383570663110732,0.0819106429972609,0.0298044079202866,0.111871910201101,0.101737043333057,0.0384537484725257,0.0606176990576888,0.0689194307309233,0.0439622429845877,0.111535134856053,0.113482903770515,0.04471402192617,0.0506061701510871,0.100664036639972,0.0616870818165052,0.0179058427432454,0.114097575464954,0.0546682310936958,0.136388144592508,0.138135619692034,0.141184441677188,0.0350581455396097,0.0304117779118657,0.122906906016289,0.0438248951131048,0.0082022556567282,0.0460805694522844,0.0218085265890809,0.0641801387969489,0.0769485317840079,0.0204548113158043,0.0378495136535079,0.0227461261506494,0.0212947264517031
-45.5,0.0903912094619288,0.0947689690241866,0.0419258453156689,0.0850307136904474,0.108768873311828,0.0487711298354645,0.0879945925490264,0.103748009191983,0.0476399993152957,0.00771261723008279,0.110899029256421,0.166527052374965,0.136475726897443,0.0522557919782464,0.0599597641633172,0.111672641047732,0.0855157115561079,0.0234377176090932,0.0467155975919826,0.0576186187926066,0.0544637748306276,0.123887705532613,0.126449462677888,0.062114488943624,0.0223099744580354,0.0225197954237213,0.0403648909008466,0.0467325219854456,0.0763284544929334,0.143053894005843,0.144659291310581,0.0958177987514865,0.0416203602996638,0.102842118872923,0.0558087502764124,0.13727466978216,0.0335200806552578,0.0789198530061935,0.0284531780690104,0.046418624342311,0.144983498429401,0.0585598917963166,0.0402653286459407,0.0736276812633298,0.0788229265799165,0.0164404882447624,0.136035104271208,0.125285757680207,0.105112214987428,0.00612500621448812,0.0531190195229082,0.0775481112491862,0.119603533958469,0.142363728244486,0.187922973804718,0.167936993376526,0.108787049195793,0.0682488561084417,0.0257677682214306,0.0730927017951256,0.0555927756086168,0.0594605608967477,0.128270661292965,0.115557698208955,0.142461373319591,0.1139345619617,0.0184911269377163,0.0272606825616898,0.0523472623179058,0.0930447921208581,0.0476110989687483,0.0354831580607024,0.0373367384821168,0.092173984241504,0.114631793410268,0.0687714734816548,0.0838209206917985,0.0466469381139099,0.0412335255962245,0.0515084358501475,0.0455122997669742,0.0476426283475583,0.0601923842699441,0.0358580641473682,0.0572908531366299,0.0696639425586999,0.0466126922173122,0.0678122631233151,0.0515280237314667,0.0738482013237227,0.078062757647641,0.0570255207002868,0.0418329031507995,0.129869091376001,0.0429740910653962,0.0270721366714246,0.105534281071623,0.077246857281615,0.0789954701961919,0.045970089016304,0.0372512340950273,0.0543979694944354,0.052182545753724,0.0220738364161909,0.137691449777107,0.121277044496378,0.0497230535323686,0.077686857846444,0.114779549805415,0.0620188872828046,0.0832042339754496,0.11423220529234,0.0376437278623208,0.0907219275383833,0.153766574385774,0.175708494555125,0.0428440398626623,0.0428785263420999,0.0725452627195147,0.0631070997054806,0.0337681771936434,0.0354481044586994,0.0361697656288647,0.0686822935811612,0.0305241602395728,0.00390985489788733,0.0499971844235813,0.0149331708641702,0.0378572931628051
-45,0.0992230087546952,0.0791004510668031,0.0593024514991964,0.0421039150266862,0.0711595097180657,0.0540081586037118,0.0944007239665335,0.0655481251762727,0.0233592951036287,0.0640110678373912,0.0997701276528687,0.0793281713205086,0.121299509165633,0.0294111393694735,0.013472938020406,0.0742616186071376,0.0699154683887405,0.0946486581464451,0.106571492474245,0.122571191792072,0.0852705557536691,0.0976941228171946,0.10134511422121,0.0358562353126587,0.0472780030830452,0.0702214120980624,0.0838098119496781,0.0304949481694223,0.110254670354674,0.111959963419156,0.0866974353439626,0.101693092984559,0.057244172686832,0.139402963855066,0.0931560246016295,0.0884973009870846,0.0216440010582228,0.0821950223550275,0.0270682607709314,0.05856689638827,0.12315581399537,0.0517849207425146,0.0569189589295045,0.0689615696494323,0.0552466681175194,0.0336311396608121,0.110715304101729,0.137583170104932,0.125976799531122,0.0120341903266135,0.0475742335644776,0.0574446122178118,0.104961922057041,0.150346126004515,0.206646748847079,0.188684070985203,0.110819484603464,0.052462345235341,0.0747918781206929,0.107752336706497,0.0586506826764867,0.0514332591053647,0.135239874201473,0.11687214653402,0.140617803007731,0.0981543514504089,0.0255172172880619,0.0218319112267547,0.0379310451872294,0.0718044207809405,0.0547859017688808,0.0399376816949297,0.0586011433679337,0.0871611161593404,0.115497795953159,0.0595055605949175,0.0510524852896131,0.0346585410802088,0.0530168233917319,0.00929836419539406,0.0660905557933703,0.0524199759500217,0.0280189123479785,0.0372392388778378,0.0289515072537452,0.0552487421439745,0.0362703648769471,0.0608737935866367,0.0475244612660469,0.168617338955664,0.108591601443934,0.0558889998905535,0.00463669736994807,0.111656179519343,0.0537883822096219,0.0608700397264759,0.111996945667909,0.105063817404609,0.0750014185119628,0.0321839231752631,0.0512237608516628,0.0504520837569814,0.0735335371624529,0.0350643501022052,0.119926184839834,0.0951857074328397,0.0614092269174145,0.0962048210085173,0.108269010668631,0.0786960199316659,0.158673246743988,0.124484298004605,0.0189043764664034,0.0355858902806411,0.123453667308753,0.16680277471625,0.0462774828016849,0.0910144392113584,0.068403385305101,0.0626046154898704,0.0489283563975152,0.0323270018830452,0.040508278537871,0.0616710598913434,0.0390134035268302,0.0640526117769058,0.112194869733534,0.0329119750881585,0.0472405830890994
-44.5,0.0993148489351053,0.056105506030309,0.104134494494818,0.046250483335122,0.0267571668476085,0.0431882591119614,0.0813612962164328,0.0304544740218605,0.0466654644672192,0.0368455045732208,0.0844537381389849,0.0807971064533708,0.120834627382258,0.0452525376558344,0.0511872283418104,0.0309233980969382,0.0445763656961081,0.117998054875877,0.0896055224678149,0.113935914510206,0.0793625330668813,0.0771383259759711,0.0908226313521893,0.0241167152180653,0.0557516084974732,0.115036938225062,0.123661587248251,0.042582400857485,0.109850888233698,0.0717063249964149,0.045598442619557,0.113166282759767,0.0640828467258144,0.131044686513828,0.076988060015753,0.0540208616620995,0.0215176300089638,0.0671181217030823,0.0589253767095014,0.0818307884086024,0.097047900006462,0.107950570972098,0.0312043888567656,0.0442935067055862,0.0528438801255248,0.0395638882857858,0.117669631198367,0.129267770997857,0.10978280691675,0.0425727759618277,0.0185415320017248,0.0542420909195272,0.0951575594373821,0.169721993015901,0.18566058751212,0.150260260624933,0.0858130295906914,0.00268380157721148,0.0536640693403431,0.0893512883377042,0.071661540233014,0.0250553185353842,0.138796456764012,0.107547581542682,0.106390985613376,0.0542314868000505,0.0412596458579678,0.0504144487774912,0.0353827899052267,0.0455454533115534,0.0417967027172664,0.064230951336911,0.0877525905306695,0.082005375552596,0.105089263295761,0.0682853587351762,0.0227193396597719,0.0412675142733135,0.0590075714329433,0.0656234579905987,0.06966039788352,0.0581139564563752,0.0342692627488691,0.00643283341844873,0.0114805416359167,0.0369355852230535,0.0363812573100659,0.049232963969352,0.0637209085914904,0.159460167180242,0.152393717690933,0.0651252852879094,0.0169564680699013,0.104908037859972,0.0595550856517907,0.094481405215149,0.0967829915856065,0.107912330628273,0.0489807620506343,0.058750336603079,0.108801135640882,0.146366832900146,0.103015894353601,0.0337077212858496,0.0943052537961789,0.041792761087469,0.0771639085313371,0.0863528744598984,0.104077368254593,0.0724294709583896,0.151765126252301,0.0980532917250755,0.054387255550885,0.0213844883605688,0.106673975023838,0.157528854606004,0.0350177426187404,0.124632642170835,0.0889077521057457,0.071272991124053,0.0703191850478785,0.0512654408381657,0.0483597185371803,0.0491514146534915,0.0399515664067327,0.064464970981593,0.139002055436804,0.0352140137499191,0.00781408481298134
-44,0.123550146434795,0.0617169576262258,0.163951632250753,0.144155322548253,0.0479463075729049,0.0311716789244123,0.0694220922142912,0.0218090987954653,0.108166089976524,0.0386651727377715,0.12059247698267,0.109185526409701,0.105780161997922,0.0526391408689302,0.0708738518246092,0.0147553055003438,0.0535860168645176,0.0875364535811614,0.0428904253497598,0.101764230738368,0.0220979352658231,0.0478342280710319,0.114203368333186,0.051262396461897,0.0632199814429027,0.10193854362492,0.0891623741127101,0.0566884363197716,0.111893309585644,0.0624667154225958,0.0457750970117513,0.100802814540946,0.0589961024259796,0.0922171417536233,0.0649630686377015,0.0434456053854607,0.00860503133680205,0.0603143547584084,0.0682897205626187,0.0917175551508506,0.0916887886620582,0.161244608782733,0.0369861956429308,0.0720427663575528,0.0498102995287576,0.032813413368917,0.0915427439200965,0.100080908308317,0.115456658206789,0.0832857281603824,0.011473296698279,0.0432995812052901,0.112393404255688,0.178594542424629,0.157867134126134,0.107409340455007,0.0631247630114972,0.0614897358952171,0.0459002035821595,0.0756837448319442,0.0848767779639128,0.0191420682646989,0.134024988122389,0.0811057821053041,0.0711015996415775,0.0252523626983752,0.0604356216163205,0.0852272861743649,0.0256060111569404,0.0753652533470615,0.0434142153736337,0.0919771813718182,0.115208473606503,0.0705168635805411,0.0887235589770457,0.092618718040891,0.0126821328379791,0.0305727892316976,0.102760570856528,0.115539747185965,0.0686488892944954,0.1150825673959,0.0860639516439066,0.023183944873045,0.0452804584006518,0.0529277158521381,0.0370421430035736,0.0368390237337325,0.0806043285951929,0.12975369281842,0.17207064606415,0.0637515065917642,0.013011570272091,0.110971715148115,0.0553714633243222,0.108712208408636,0.112448422423741,0.0934119261529134,0.0325089324273855,0.0934061263503796,0.151734487526744,0.171188431426538,0.0851538345824107,0.086944274365645,0.104333552634258,0.0298935473401052,0.117941837639941,0.0912292067103073,0.0924778632121375,0.0686414243794838,0.12332962793983,0.0562729547571663,0.102115997227289,0.0189287813333678,0.0755631123225363,0.118040012010399,0.0166247682177233,0.153546170293107,0.101314794543122,0.0719285510547523,0.0724959793475038,0.0969420516827379,0.0318833276083968,0.0517862457948186,0.0440046084338795,0.0361681564683928,0.124082469314048,0.080434160457196,0.0393936942387736
-43.5,0.113224227804083,0.0582447835461159,0.196403476249517,0.143409867299016,0.0533988308060058,0.057081904139963,0.0913570836194863,0.0246720592271608,0.120321729083565,0.0500643375529856,0.142174694434905,0.117720768901709,0.0840622757938457,0.0440020605272888,0.0508159977749258,0.0465786123020913,0.0443712872663642,0.0843107826640411,0.0159036902536264,0.100375133378089,0.0117175400879563,0.0829452362048013,0.134664215556754,0.0651575611707245,0.0630475111509949,0.103997050960961,0.0532027639774177,0.0361564991584217,0.0827762847696697,0.0352364645662411,0.0561370768658491,0.0938143227645176,0.0536585852543265,0.0957402083500419,0.0849813316322008,0.0221137168464768,0.0392457260178014,0.0627509544819023,0.107472416368399,0.097966340610757,0.0622020854970831,0.111435402707996,0.066909155918498,0.0672243018991061,0.0577436683255109,0.0415485684356744,0.057594614550422,0.0528925830216089,0.13510495562408,0.112588009217623,0.0194933135106302,0.0332813215837056,0.126447890927718,0.184908716005961,0.128136528999295,0.0776792473434107,0.0558028376865116,0.0866600675099507,0.0828556716958777,0.0340709941757633,0.0945827454306572,0.103942832373669,0.07564561075927,0.0626634207670538,0.0590712961399012,0.0276908771011759,0.0669343291104125,0.0833971746011858,0.0132787026343557,0.082118194524461,0.041465924537868,0.115869660237765,0.146255974108056,0.0461739588738174,0.0686604847435517,0.129652100396603,0.0527305545501044,0.0709928877958075,0.130709063733042,0.131371159459714,0.0939112690976424,0.163430721681114,0.143529204869754,0.057119845685045,0.0809994116742034,0.109234433133651,0.0542143485463462,0.0321555105902514,0.0802039490339585,0.159761294703161,0.196083476343889,0.0871012839197226,0.0135633819650129,0.0689977467784706,0.0220187061781135,0.0847793979192132,0.122806887896873,0.105596961607732,0.0597251627069545,0.104943667489391,0.198995504210599,0.222168720829511,0.0816479521514586,0.047766932883089,0.0714750524444519,0.0612602351490532,0.155696878988622,0.102723069798197,0.0618017650879272,0.0742749762433004,0.103812138418687,0.0725871385794572,0.0839862844770178,0.0890321718021725,0.0756184059852559,0.0951697378885254,0.0178182755200779,0.152198776844771,0.0927037719669828,0.0638161343768728,0.0698232200353802,0.145712436846797,0.0269618237277517,0.102795975407017,0.0624361430548132,0.0243349931109629,0.108867936191032,0.0922552884278904,0.0660122685134194
-43,0.102870080806178,0.0335961355220331,0.204655241546151,0.124412696505848,0.0464485649783106,0.0816923432501818,0.115917370186516,0.0218673774951983,0.103366452720032,0.0403124443165515,0.121558661819553,0.103917151534177,0.102883736266693,0.0766472520967054,0.0368937951241328,0.0848229573860399,0.0374035535645784,0.0959530997641981,0.0344202238720656,0.111947582515634,0.0320421781503804,0.0454889525078643,0.123208810802384,0.0627230639525054,0.0548673194124659,0.102807107031429,0.0342509597986465,0.0279963891706432,0.0661703097411126,0.0277821543838015,0.0613451546158173,0.100339862654418,0.0250005727294175,0.111240253808948,0.113558996989178,0.0259072346700517,0.0470074753562505,0.0716892601576215,0.107445478617205,0.0524736167822493,0.0954986852361024,0.0606490513415543,0.104397538498108,0.0694082517945419,0.0759790589007866,0.0577492305979252,0.0497491491757974,0.0345759026299724,0.172951076573587,0.135301655415021,0.028914672591859,0.0515826911415437,0.100170544963877,0.14875899767535,0.0872157839101761,0.0457746045347675,0.0562422100874786,0.126542205142562,0.12185655629588,0.0261165599785769,0.0498005777891498,0.136512576814143,0.0396138148690985,0.0654623691213045,0.0682977096464967,0.0469274284307106,0.0956696681162726,0.0805911650378926,0.0182362981906602,0.0556920847440948,0.0367295498152119,0.110473804749217,0.110273172524355,0.0279483265992511,0.0614090439623588,0.148439929016047,0.0877193819154013,0.110892256449709,0.136675909966784,0.0853323198588844,0.0421266794245517,0.18602838226927,0.124589091120679,0.093851366101073,0.103361856554892,0.126865856916961,0.0892554461900241,0.0434940316056592,0.108896537770278,0.209037793062483,0.186671942609244,0.0798164008159309,0.0465003272209136,0.0335332343537204,0.0698318144618273,0.0740637754690364,0.101907461864081,0.115215325369901,0.0966740423948781,0.107906815948435,0.199408376472093,0.245880640904157,0.0790105938926475,0.0339856704421218,0.0562363938123488,0.0825023633363284,0.168963450053622,0.110516849316488,0.0210348676740511,0.0735513773862617,0.112395087220362,0.105612919072516,0.074670229023528,0.165405519753294,0.0857662838773682,0.100430228841444,0.0409843472120377,0.150775613339206,0.0918128496308272,0.0597980776271575,0.0702317887733957,0.120038512931978,0.0339566731874233,0.158057041779462,0.0809499614672043,0.0239153337222067,0.0884317563464872,0.107032745225327,0.134384322462521
-42.5,0.10522469887119,0.0154357017171926,0.126915493970882,0.0810843882037385,0.0538643105646612,0.0729267645781483,0.104043954674521,0.0777042516942617,0.134721009212549,0.02940657123111,0.0668779445658688,0.0902455325409533,0.122117318765515,0.0816249685584889,0.0506192604478907,0.0985937277365764,0.0361423463899024,0.0845379309514532,0.0386803590732632,0.0597118854282092,0.054285379643094,0.0422498687321805,0.116258796174049,0.0922741156250536,0.0725098375372452,0.0946035215775709,0.0345366097777853,0.0372087960564385,0.0631667756311953,0.00580233365131207,0.0553308697066678,0.097662467232124,0.0184588351210819,0.111330394483046,0.117826024704922,0.0537020896645794,0.0554735269264817,0.0641867761922553,0.0851681823358503,0.0319732881827392,0.10426718707922,0.0808880263391774,0.0999609671945831,0.107300862679836,0.061086816404627,0.0553647042698817,0.073574667249014,0.0361066486135687,0.153369750247419,0.116965752211957,0.0511428168849407,0.0480173774225982,0.0428987651954192,0.110068912573179,0.066480162232639,0.0271691579002175,0.0434311460010221,0.112569655595656,0.0655743583935281,0.0712732899892103,0.0406648132814768,0.108526419633528,0.0410261533734935,0.0836240342572948,0.122768727273876,0.0159756865824436,0.114683783682184,0.0629614201501307,0.0192235054376397,0.0511860946408617,0.0513466958683313,0.131058608763206,0.098355865624243,0.066729008121812,0.0563896879256594,0.094950164671546,0.0984728474596454,0.163487314931044,0.131185398745916,0.138693421414774,0.0540740992542899,0.12390246131681,0.0971534715489156,0.134734226824694,0.0941217931620553,0.104169440666126,0.0976955798923289,0.0380742250641091,0.0849733489734934,0.175152864086356,0.138417224178829,0.0454887529491738,0.0402546945133162,0.017915955960471,0.068388086315374,0.08397813457993,0.0923267991799881,0.105714295635058,0.117464253452299,0.0342407590772864,0.199836320395619,0.257367104861167,0.091858460294026,0.0475932097582386,0.0609095165585578,0.0867257974355101,0.147925784836559,0.118250680691762,0.00504022572943236,0.0386475522734587,0.0893719680980856,0.109275873217218,0.0596931236478642,0.154805999206257,0.0845487691586772,0.125906934417176,0.0342467807160739,0.140618553628856,0.105207366733686,0.0751447131787247,0.0637512162058748,0.0845193503230474,0.0538899684417412,0.130861482681912,0.0419158699344984,0.0283672258782484,0.0440857291163612,0.0639154938044456,0.096655541320774
-42,0.125067140844721,0.0181951947603356,0.0707945258319983,0.0336960038400388,0.0656881309693754,0.0766087113930179,0.121129006842255,0.0520663935846711,0.119426916565924,0.0856544736318853,0.0307903891999897,0.0482838054903841,0.131321906049199,0.100001772429455,0.0741904462580559,0.105133709064254,0.0271596425975169,0.0535127804579372,0.0198641121567039,0.0196593982246076,0.103830427261433,0.0608164275412075,0.0856225164172035,0.116176424456792,0.0864545266403375,0.0725460842008929,0.031755485970421,0.0517338468219566,0.104055461053282,0.0645106762559787,0.0432477552353048,0.0737475259884331,0.0248685619109286,0.108160143497155,0.112679804451915,0.0355350670623465,0.0502107352647869,0.0519392943155574,0.0902107262939659,0.056379752801202,0.113562980837863,0.119151362931163,0.0757076991879348,0.120280380050343,0.0460462189114612,0.0581938697145002,0.0718028636963429,0.0495028907734522,0.152397328261808,0.0994660312022135,0.0725986044667706,0.0548471859619242,0.00786818113828796,0.0605582239919889,0.042590824354406,0.0249960268539344,0.0515605846232097,0.0927883712764414,0.101407382893325,0.100369672976372,0.063175205676351,0.106434179167731,0.0485596603256892,0.118192847840886,0.144560507269551,0.0368861567429812,0.133281827924591,0.0420584589587694,0.0156840809290582,0.0521369735255256,0.0719880128439534,0.148626382334505,0.117033131432449,0.0552057460216278,0.0632150947809969,0.0435351834536709,0.0855203771641569,0.155284531765462,0.121413710235393,0.154006636438671,0.0978575331256341,0.0335515805007402,0.062196569009885,0.068020025858543,0.0786506791265102,0.103103041863924,0.100047970452344,0.0159078410564947,0.0541059640423972,0.152701066606865,0.12920619068435,0.0517671175785986,0.0258856751663852,0.0155556382830997,0.0558899167277855,0.0855543752649545,0.081994490296377,0.119034643033053,0.138104393845052,0.0527876197738142,0.113918186194791,0.106684372555986,0.0688447688260894,0.0416578939686097,0.0548771694455468,0.070048438472745,0.125932495928128,0.111616091878128,0.0158291179191403,0.0259767883783949,0.0835692979286756,0.116627803686757,0.0529033858431308,0.108181861447727,0.0371400982791427,0.152527814144969,0.0226131098504042,0.121867157603031,0.103782512215851,0.0940470415255496,0.0630935879395033,0.0524192770810132,0.048105598241291,0.0872060043195265,0.0509733994975647,0.0350920392175045,0.0167446181761336,0.035694345552598,0.0759786336323659
-41.5,0.099242345768247,0.0197423662899042,0.0741391334812383,0.0305000478453829,0.0595758373387635,0.0814250302608284,0.131286946748065,0.026945796400411,0.120806220372748,0.0756438207043013,0.0218127428003007,0.0321360802484602,0.134892102956721,0.140400447555212,0.0934525758196349,0.0498429152233085,0.0202326928619383,0.0418989594228819,0.00379717761878097,0.0429510638586016,0.122774191871016,0.0823812632479056,0.0438139705765398,0.117141450167271,0.092056204638264,0.0657049606402888,0.0179671890460866,0.0411484928354665,0.0925776407925076,0.0580688708681878,0.0502069302827052,0.0696690690033458,0.0344850005834014,0.0642735501673335,0.066146950545578,0.0141421123016588,0.0482515233847731,0.0539531690842628,0.0859372273830774,0.0549883733757687,0.101400156566121,0.103073614257821,0.0370032582666628,0.0830319163743219,0.0399655069144344,0.0954977596325971,0.115863678502382,0.0461991696801273,0.120635010085136,0.0451696546054706,0.0668076948211824,0.0203522571986157,0.0275812799644871,0.0659570835897843,0.0386516690434871,0.0490918397982981,0.062749139593932,0.0615286890662445,0.083835864142202,0.0754672594608441,0.0804371631519757,0.140352256730567,0.0940445347413149,0.123812929156477,0.113680008505686,0.0651310670959494,0.0771295046699913,0.030594052979423,0.0165786425638682,0.0365532735759973,0.0683663567504784,0.115204835634917,0.0925190622460385,0.0436244999968849,0.0645940485395371,0.021716613641853,0.035149424593012,0.0879980120818603,0.0879569394171031,0.0866160047816869,0.086386612803773,0.0147060903253994,0.0704889055456539,0.0767601740821736,0.0348341527075925,0.115359458603816,0.121726046570637,0.0406931377889263,0.0169553234831868,0.0894986651912686,0.127805643065398,0.066936839633764,0.010252934345457,0.0300913613674927,0.0315841879456753,0.0705603453086571,0.0715797708875441,0.0744018543443907,0.0830188480175886,0.0770158511979429,0.0784017830703177,0.0291885419983649,0.0738557852284412,0.0349705973731214,0.0297796533976933,0.0345073489288575,0.0790935976731405,0.103232061514234,0.0910560509308739,0.036755513759833,0.0938451189636898,0.058014510910908,0.0588001284012495,0.0484841941355682,0.0548748015888432,0.164302426040325,0.0238682738857778,0.0922552230404508,0.108317046167963,0.100517381788595,0.0625138827953531,0.0267230955006462,0.0429662398144111,0.0931596741822179,0.0926464761045721,0.0304708408843183,0.0336630854309293,0.0616030377565144,0.0852420624504032
-41,0.0700380531397601,0.0437160893787927,0.078000566500064,0.0395362936055894,0.044728117471509,0.104847202894981,0.147518957140134,0.024909225966053,0.100298966741941,0.0632249487774447,0.0217518102679027,0.064720562421253,0.115710301237527,0.143510419104041,0.13396041144266,0.0474942568681881,0.0348730145933568,0.0387933210531342,0.0110378675058479,0.0573302598639728,0.0940676021382663,0.0996632961407134,0.0501277025419156,0.0723664202421817,0.0872633232794666,0.0426824323910163,0.0326722175613926,0.032813898340763,0.0853974171137329,0.0919636251823072,0.090208104362417,0.0920501198992505,0.0436226864261166,0.0213420755004977,0.0212384472443373,0.0232668536397713,0.030108676046547,0.0581333704388792,0.0650081312790502,0.0251774376526467,0.0888085858679616,0.102320234740034,0.037469379636418,0.0346465218392963,0.0414968210026775,0.157898519846945,0.178856999714506,0.0559911821621531,0.118902025257513,0.0173962113016079,0.0365799545338511,0.00560878329126792,0.0622381619123478,0.0779018717076018,0.0157195709131057,0.0789613178183273,0.0859007048177075,0.0825968927132887,0.0898259325836975,0.0684244489835766,0.0560885548119774,0.149614145096333,0.132130609810955,0.105247733230805,0.107417528006362,0.0539262732853897,0.0332784596441189,0.0421170346718735,0.0429588486904956,0.0636676192968539,0.0382324537883335,0.0630134485164307,0.0650901266187187,0.0216506076236741,0.0558158340902355,0.0233939872479652,0.0113122985629693,0.0672380542085597,0.0721466532173208,0.0428037610670741,0.0703276220154892,0.042122366460326,0.0471425031446833,0.0942671579137441,0.0148359134175392,0.126081782457779,0.136626431977294,0.0850338818940927,0.035352172635349,0.016006295177341,0.0847305065966521,0.048722937667696,0.0395245714649175,0.063833725152938,0.00670494929793432,0.0526734637412331,0.0613499497908711,0.0315252041742623,0.0652464792825575,0.0823823861239795,0.0683646088408223,0.0161834576521829,0.0841037123545248,0.0152842360282438,0.0305392272820046,0.0373955869287705,0.066862159339857,0.133570864679382,0.153670825933222,0.0681282795766054,0.0994754616590375,0.0522490046216047,0.0735256132429307,0.00981325705256667,0.0758628932479058,0.131497675909424,0.0460688937996333,0.0598810637520497,0.131002339120211,0.104207801050391,0.0363219679737468,0.0103191057339769,0.032409562386783,0.146726397699587,0.124828535396914,0.0519635257954522,0.0156554105737407,0.0574803079326696,0.0964874408571855
-40.5,0.0602887093817333,0.053252732145317,0.0772668719545165,0.0846363123088699,0.0378514915372252,0.0864078893487555,0.111880331877113,0.0426032309451181,0.0880404623812019,0.0494909664899645,0.0469025623827944,0.0852684763093057,0.0979543326295417,0.14680811582897,0.155303216097933,0.0605897348308167,0.027507205356495,0.0206886493970763,0.0311272922887795,0.0639428736962396,0.0888261323601018,0.109323506533325,0.0763074231562322,0.0362645080097228,0.0766220910857312,0.0171569155810127,0.0703581530908651,0.0429009193532534,0.0334118470686979,0.0607041108340842,0.104195548629778,0.0892283132349389,0.037633515425914,0.0193654258948777,0.0228310747453897,0.0450742341479439,0.0498995102398012,0.0337466982742519,0.0851270199402939,0.0275719621986359,0.0956825155044302,0.123769296008342,0.0699566142374084,0.0229880401791902,0.0165376408351449,0.129612573995747,0.204941329511421,0.0718148618832004,0.111674894421501,0.0225319198156247,0.0328165950431512,0.0309146039473047,0.0821487956192335,0.0607747811162915,0.0553548256763284,0.11579142383062,0.109455306152286,0.113573732706834,0.0817765336184999,0.0661800597587309,0.0260554242099333,0.0967460251493732,0.113590847691193,0.091922701501804,0.0788840572700332,0.0622884194539777,0.071108439352268,0.0345468561032991,0.0718513480451864,0.0907651039282861,0.0359722951216425,0.0439808278550275,0.0399336442263285,0.0301758469386775,0.0565807507753236,0.0742203318002468,0.0127239162442055,0.0956893135783217,0.0716777987035767,0.0651238776533924,0.0358226825658344,0.0469354775391531,0.0575125252908314,0.075797011102968,0.0214085223091321,0.136876476591291,0.11164679960823,0.0832686435686132,0.0468243708655734,0.00659782213110585,0.0385314843259852,0.00344821578329831,0.081482226958169,0.0917112252014223,0.0250148407516942,0.0412158897553901,0.0374288844853924,0.0665416534331918,0.0511588345462857,0.0387196900016304,0.0419787988064694,0.0161930140361599,0.0869008741751154,0.0200133603885383,0.0757914856019989,0.0981638034332943,0.0684901397566983,0.17183255649996,0.161552836336327,0.066075569781568,0.104040736408788,0.0922167282871005,0.0411376280221797,0.0680330160474704,0.102043537941922,0.0938144726888097,0.037661358111535,0.0318033308151515,0.151727418707602,0.110458086782783,0.0269168174017511,0.0303533812209768,0.0340750998372684,0.129543578841294,0.0759540120053709,0.0378020388609914,0.0684642057162819,0.0259064864575615,0.0923834458189175
-40,0.0824094928782753,0.0694212807472755,0.0803677068594384,0.138633818699723,0.0752955591671841,0.0948933742651117,0.113378035662792,0.00792015693644969,0.0906249870360373,0.026982056851213,0.0495717613587645,0.0771812587890801,0.0593984656401259,0.152910575162212,0.188688644843836,0.0715110458794883,0.0762383999448535,0.0621182741509274,0.0842812562589857,0.067609997455864,0.0702912747404491,0.0581008933478358,0.0475757819795383,0.0237504173557454,0.0906169750986084,0.0372330555855632,0.0856364091409412,0.0527233886925804,0.06782298517694,0.0161563776570372,0.0655219360865366,0.0577151856876175,0.0274623359478375,0.041735729659483,0.0246859173025809,0.0335891480727837,0.0974442405306397,0.0271238373343894,0.0852297180417273,0.0340881221836742,0.107123129005577,0.155448613854918,0.103843204467958,0.0326892643059983,0.0243266277098285,0.0879758227943631,0.20281300943807,0.0834452607573756,0.102150763940242,0.0315097087370014,0.0722337412833681,0.0377131039048249,0.0595033221997394,0.0143286775615514,0.0764199710366483,0.130857344709654,0.117467795458656,0.139784302548671,0.0741529697212449,0.0656072767894218,0.0243482052239311,0.0551184688465711,0.0965370180496181,0.104898695712049,0.0844293520266495,0.0948723992044954,0.128945727245228,0.0393373269406994,0.0875107604479089,0.0908981161211212,0.0934099519019022,0.03536890756327,0.0213552101350916,0.0313970345719683,0.0344579228154159,0.126278236700542,0.0478406316915463,0.100297448437441,0.0684710919854563,0.0919298664072912,0.0602410445827928,0.0513166843469622,0.0730386707673831,0.0790337266677748,0.0312550834028044,0.112300476957392,0.0671517061652898,0.0619886713104851,0.0571897834680814,0.0234524448478361,0.0162909856921687,0.0378852355229897,0.126596728515819,0.112304840401862,0.0382002947433504,0.057528752772807,0.0422117315305719,0.119406855009789,0.0515589635908756,0.0324835961406366,0.0548357389022231,0.0539431071624084,0.0710301327627754,0.04303644624764,0.10261746110731,0.117610798211825,0.0940751229926471,0.18092236095382,0.147902766444728,0.0591217564862279,0.116798160070789,0.11966288562855,0.0647457062373667,0.0777499602958634,0.0641692327668034,0.0463661975356439,0.0385526538822202,0.0428323666534533,0.144461912770163,0.051558801932328,0.065089849924647,0.0249573744155721,0.0381867364495377,0.0594107258784667,0.0287555539491849,0.00524960918836187,0.131450259160956,0.0644244880546396,0.0800691214826029
-39.5,0.0683738046424668,0.0724561674403138,0.0581153161958724,0.131113983722855,0.0668953655510022,0.0819692587012095,0.104669327159897,0.0315069428970246,0.054451416854624,0.024998872512196,0.0497791854716765,0.0668053376327894,0.0504799748240947,0.109107674617527,0.154857055142213,0.0856420428074466,0.0802990431086087,0.083763229133789,0.0803547585417154,0.0484630835047202,0.0310509722800376,0.0564262188256055,0.0756072551167362,0.0277647850182963,0.0757556778710095,0.0569538120101842,0.0978343788253855,0.0547939032919109,0.0692699573162974,0.0362714472575073,0.038990756799424,0.0259777253418238,0.0587709103014513,0.0451498796720109,0.0170980414470018,0.0349892863772275,0.126729593590662,0.0496417550555696,0.0599304730590488,0.0332160966885772,0.120217319216007,0.164470293767383,0.0899191341742387,0.0157350627871899,0.0451335911745,0.112696658661217,0.201331047169846,0.096654431890684,0.0562634778726763,0.0190293797186313,0.0721231512430293,0.0342291204433562,0.0255963819458345,0.0210407073288135,0.0506364248261115,0.111345406339716,0.0799464190962091,0.10424515275452,0.0824874805919624,0.0817311842173591,0.0454153055904672,0.0366493716512695,0.0882839453154009,0.100902621486461,0.0988717137487654,0.0898548777156764,0.127779081238898,0.0660935823396342,0.083939685667038,0.0800773853092411,0.109855075384796,0.0279554720619222,0.0346680621864676,0.0627013221783367,0.0133701573100538,0.119824267111673,0.0535884456896046,0.0800508411916739,0.0351431286578237,0.0686452682794531,0.0852340662894015,0.0483481893736827,0.0815904876297688,0.0671723664587828,0.0249181065416415,0.0396344447096677,0.0270459003369612,0.0504424821451774,0.0460179728033075,0.0203131239559968,0.0216591930909312,0.0648034333231875,0.146004703239236,0.081964693138542,0.0270212880102664,0.0412438928071265,0.0464751722283216,0.13328412127414,0.0488532338887713,0.06863909741545,0.117295265459125,0.0944835057330841,0.0600777656328103,0.0301755853435107,0.0946619992208166,0.093872236471315,0.110272347167964,0.136238163677118,0.133225994468854,0.0418827165480936,0.137795537793168,0.132410025706119,0.0851722350735467,0.0349186792525242,0.0342287380655271,0.0501859112951917,0.0303181052178591,0.0673356466200525,0.128833369966816,0.00433736771730513,0.0988319716698352,0.0120944545366629,0.0520552459602435,0.0105323846878448,0.0128675875245984,0.0340463897562617,0.165976221425793,0.132594503660514,0.0535962502465522
-39,0.0589794853301917,0.059471941671129,0.0462192167195792,0.121540517476546,0.064575116305909,0.0742570524302028,0.112985591986523,0.0628276452544196,0.0362691268077071,0.0498276957955323,0.0302216508972768,0.0469046158261669,0.0468996461085797,0.0562909957599043,0.134477989888268,0.124810845339385,0.0783320124953803,0.0897588693508841,0.0376691565903172,0.0311058905447619,0.0303457681243132,0.0378209873327892,0.0770421605926979,0.0220015722448574,0.048110061856152,0.0661402142390317,0.0789692568765357,0.0676380443190424,0.0632754798833661,0.0498725042512907,0.0640267554272594,0.0406818646100602,0.0420068140094549,0.0299794972442346,0.0464844500999735,0.0874871054960867,0.147398937994039,0.0973236460407194,0.049335711151308,0.0378939792934549,0.15331913152863,0.196244492399087,0.0607390009476372,0.0585642524470084,0.0487994639361112,0.136988264829734,0.177306971701358,0.093528122311542,0.0177523205127477,0.0110822082909789,0.0767846409518261,0.0313833248930251,0.0195923981750282,0.0311174684483594,0.0399522187426385,0.08263475170944,0.031176069399324,0.0796463854875757,0.130475636028609,0.111665669585675,0.0603985106259925,0.0530314482001075,0.0901720245429068,0.0785889261606899,0.0994071291764779,0.0836436947680936,0.124352902508847,0.0925543565262082,0.0588951360313788,0.0544163353328599,0.0896568409944578,0.0127361100690709,0.0405383897150644,0.0943536039443259,0.037954332618931,0.085285284146973,0.0382248041627652,0.0420571209410124,0.0141525947830761,0.0209089911475008,0.0383946481588585,0.0520994549924096,0.0366578335545097,0.019969107514942,0.015423747114935,0.0112846282364811,0.0518108615748701,0.0584148958867354,0.0250901863463072,0.0776810388058506,0.0217926844240139,0.116490083298257,0.17453741010209,0.0431521286174026,0.0335086404527743,0.0240340345081744,0.0156635417118853,0.113853406593617,0.0752665534263393,0.0745642005137467,0.122576235106025,0.108013137803911,0.064707955464443,0.0178010465276674,0.0730240229993288,0.0551789570295644,0.116169504696018,0.107765881006782,0.107105945386428,0.0451681560609952,0.138429634845192,0.122105852499719,0.107548977059708,0.033060298675541,0.0708703491811096,0.061249342561038,0.0713313740506389,0.0933648005288635,0.100031425829716,0.0216719312180935,0.113342675378431,0.0182982177174861,0.0443939963139477,0.0321612143203771,0.0432476653864721,0.0702782248631407,0.163563974670886,0.188596138230911,0.0917835293443043
-38.5,0.0661684418494642,0.0175339841284539,0.00852130248472498,0.0768212449185898,0.0433821468976826,0.0525983028605213,0.114522579084674,0.0841044200658474,0.0846458741639754,0.0663836320000075,0.0289972266736905,0.0190982289602051,0.0302950824563082,0.0194399021454383,0.0809547143462114,0.131550319955171,0.0762925390750475,0.100037814561335,0.0257744487645976,0.0314437841225756,0.0357153881403919,0.0217431497988531,0.0777638645199046,0.0414219510816326,0.0186330309367541,0.0619226006174902,0.0773080997064801,0.0675721229740774,0.048937504484209,0.055412050083901,0.0773774556436889,0.0654901598387576,0.0371657437882392,0.026203487254755,0.0474348493960648,0.124932912821686,0.130737717890149,0.0997942574798222,0.0650846705746017,0.063263733134736,0.194533980493691,0.18686740436943,0.0269376316587203,0.0979930951939435,0.0790897977904099,0.0616684375841096,0.137860540374127,0.10627268414047,0.0504252094165452,0.0588985408726276,0.0613928434018715,0.0156018145980379,0.0300451790221841,0.0323333739381724,0.0449603048379705,0.05117041990636,0.0594734749483804,0.100340139788575,0.149390385415641,0.124844911775702,0.0713038731552846,0.0530802476369617,0.107948554303611,0.0936917683203186,0.115022402516802,0.0954218010509531,0.11193316112898,0.0978058565868684,0.0221915101723901,0.0545280505662439,0.0863153139815386,0.00657522327690355,0.0500775311726044,0.108839711234265,0.0853016620383068,0.0323385491118965,0.0436982443141787,0.0140459012061349,0.0211879146487182,0.0366057787117973,0.0209762095471127,0.0642646269303142,0.0152321537513545,0.0754414222325584,0.0265095024656828,0.0305111574185159,0.0627944601486875,0.0522730638454187,0.0248629939836646,0.0818540303389334,0.0340600667413771,0.144572029484584,0.161223311092004,0.0741819996632622,0.0194206014127735,0.0258484657257944,0.0563073024492431,0.106115664533653,0.109588961199284,0.0865788259026505,0.128533471461433,0.116272148889797,0.0641467420818452,0.0258063795428285,0.0418857243330868,0.0209552884789007,0.0843677887897714,0.065878116948516,0.019330948043912,0.0721881649199698,0.135605610585389,0.0843431951664619,0.0713411065404819,0.06314691257997,0.1095454337186,0.0647097143786157,0.111676121480989,0.102887182460629,0.0768353450349658,0.0460108882848914,0.135180937694874,0.0550615259308074,0.0376733096609492,0.0191227901115288,0.0438297959944453,0.0787317212290698,0.0986720993755602,0.125546874641532,0.0752821009986673
-38,0.117342383492177,0.0760312212435782,0.0398946107199604,0.0943463894242844,0.052620682351331,0.0196430318028005,0.11960426345873,0.0754809453458866,0.0972257964960978,0.0791616938481457,0.0294687966340531,0.0374863810724163,0.0451343070823854,0.0809755076608604,0.0340843535117626,0.135212242830288,0.0719438921279159,0.0878040325387302,0.0419101840021823,0.0525805177707949,0.0711338560837845,0.030205567804933,0.0610026866040104,0.0493265449606745,0.0309711012371282,0.0541103827154257,0.122294592979449,0.0510434981783197,0.0592143636428288,0.0389914082268457,0.0714204765971027,0.069406534390516,0.0420206223280164,0.0555002623930434,0.0233682599519703,0.123296999508228,0.0847436790404337,0.108601552274799,0.102048155462405,0.0752897188477607,0.208203020175903,0.192116547961838,0.00762152485564904,0.123354319071084,0.129678997210849,0.0578343340715896,0.104387870172172,0.137445305981553,0.0839161439978343,0.10253335183361,0.0559299588967142,0.0323243101652636,0.0129018765802932,0.0157782544152498,0.0550877666214784,0.0240292408467669,0.119783117885147,0.166392499866697,0.158412774205238,0.134467984859422,0.0884889621428458,0.0540971814411268,0.120977323523438,0.116520274372382,0.113987109238489,0.100012396230874,0.118118954186946,0.120101147548211,0.0724937700554704,0.112208837847483,0.103794465333688,0.0241705022904551,0.0528106390128032,0.0733674822479391,0.0787491733847103,0.0362936878206948,0.0536142011753741,0.0354475893511638,0.031662000783181,0.0400437572078309,0.0573336396216645,0.0752187063173956,0.0179264993927897,0.0563888357888242,0.0404227716056807,0.0446464542182279,0.0384896515407145,0.0126971070550646,0.077424741494556,0.0866429519781139,0.0463249429618489,0.137012606237719,0.148844774114254,0.114466979900514,0.0396074282960783,0.0560499690990471,0.102250476188505,0.132681447328997,0.153068419886056,0.113393220518945,0.111440211159006,0.0675362241030487,0.0263066195946805,0.0498278974417967,0.027888368880447,0.045319216696596,0.0706297270548283,0.0860251272487179,0.053548476982716,0.125388503642928,0.131047704047722,0.0781317218850135,0.0547052752881068,0.083670863394626,0.106249301567487,0.0382028022215069,0.128444633869802,0.0924061150139067,0.0781349326708057,0.0509200204109431,0.0957671258640492,0.0795470657914166,0.0450501855818432,0.0288625087840351,0.0957163034627216,0.0686380154235598,0.0421331785258049,0.0358184536922393,0.0466029143294925
-37.5,0.0985951713137127,0.087528718634462,0.0591316182856858,0.109444971011756,0.0561995270849953,0.011984032699556,0.12202941031848,0.0545778754957774,0.0980070136104342,0.0949250734503679,0.021138876264042,0.0476236900569221,0.0465661021517303,0.12358859695506,0.045258393277715,0.147401751597648,0.059523188778536,0.0852469309087627,0.0391251343335038,0.0630331665228658,0.0907180606800516,0.0523983765254799,0.0481394036516619,0.0512345867496918,0.0473030429109303,0.106818449491943,0.169918965751316,0.0706028449948705,0.0291671887235625,0.0125606477458292,0.0578238039367598,0.071375031588769,0.0504757096448736,0.0734724602156077,0.0241421378470518,0.12085854096796,0.061533334464891,0.117516569656344,0.125816889446117,0.0873951995707575,0.138881963667139,0.166433118920799,0.0536953998838181,0.131944417649519,0.15429750308715,0.0962539989013822,0.113506511550137,0.13090347310337,0.0644504421859655,0.10448548381174,0.0635270808380329,0.0472936952688858,0.0396364190841855,0.0603643395452739,0.105428549295591,0.0557923274942985,0.115100343503191,0.126097043583535,0.0860399567503481,0.101698861788879,0.0903916189718826,0.0268373222305207,0.0896099336810604,0.119687562109202,0.0890673962487347,0.0525062342929235,0.0899860782832148,0.126560181862238,0.113733730027747,0.129029673369633,0.104450521887125,0.0510042063692996,0.0636397133804462,0.0820414161657121,0.0632682301680353,0.0700833225003465,0.0406644803238268,0.0384039902681681,0.0403358572868837,0.0319825958179321,0.0858586783911489,0.0810120911341234,0.0362480528783811,0.0188627701645589,0.0132089640907612,0.0644985421903953,0.0238807369817999,0.0215040516048058,0.0538595648600273,0.0230654542008612,0.0506939454884469,0.116430258187181,0.169026938552354,0.108925431359648,0.0418902533481767,0.0860136620596458,0.0896961379927582,0.0772373873943405,0.0780378942194032,0.0852680564586579,0.0782689513653205,0.0449279111739151,0.0646940045708486,0.0702433903287493,0.0540549715790892,0.0534231930001502,0.0508542999217558,0.0833573171559601,0.0544561704635552,0.111024203457171,0.0999968146026085,0.0666471447138477,0.034055590257661,0.0841705726605205,0.0842532022974546,0.00136267041762572,0.113951905982397,0.0582114620472619,0.0797088971521809,0.0507569104455425,0.0466638028947139,0.0942880716806914,0.0690905561570932,0.0487915417896096,0.110230627480573,0.0310164949204521,0.0820747082898067,0.0474949680804125,0.0435574033081084
-37,0.0616156597416862,0.0776520495506586,0.0840791266914347,0.133726264731267,0.0763648470556241,0.0306076804337565,0.119395628619861,0.0510689057905226,0.0642105963807641,0.112861883322431,0.0522391621168848,0.0502776366710052,0.0606073664791186,0.137927512648129,0.0757502676811014,0.158346251287095,0.046468663801319,0.10582951919457,0.0483311269319476,0.0832268591441541,0.112120973714173,0.0990659891897361,0.0629421701903675,0.0570203578108729,0.0613741499939945,0.0855531124412512,0.137572350856473,0.107091420034019,0.0437792199554535,0.0281473161171933,0.0680766741491895,0.0661531143042484,0.0507931890792844,0.100097327200576,0.0184935912266252,0.130470564032793,0.0541843077929971,0.122888641879305,0.100621196156295,0.0810914989759078,0.120630328189979,0.159844066509077,0.117552648957164,0.142719039925833,0.174441273585025,0.115760082429739,0.129031134774524,0.0968036711097798,0.09316007294103,0.126208242508624,0.0613997933517944,0.0353359816157561,0.0445791099512101,0.0751896598975944,0.161795002404574,0.0814940632463025,0.073850421504733,0.0805436727894023,0.0474177097422282,0.0612768187844608,0.0856971254349606,0.0278756989407666,0.0575700330031859,0.123616294618184,0.0632587290597525,0.0267381194734855,0.0822787659747182,0.134075183071837,0.115898883735186,0.0802776528872649,0.129528443855205,0.072285778817929,0.0398561404489192,0.054869719891056,0.0839536223474849,0.101704804010289,0.0605683153916706,0.0701209333154239,0.0511582641108036,0.0741295406555277,0.0483649284191375,0.0865122046768557,0.0182296316496944,0.0397579174618483,0.0206412572823852,0.092454535862174,0.0883140362515054,0.0570759170777283,0.00671018580429872,0.0806531700823826,0.0721034989425863,0.128540329214771,0.197462412193452,0.0931343903593277,0.0585870014855381,0.100506173199683,0.0570392239189808,0.0415787784514756,0.0376985611302447,0.0541237281574628,0.00598446490840067,0.0871368668709597,0.0747882939314966,0.07343274993568,0.0865591249475457,0.0495804513731009,0.0553100806089032,0.0820119460951233,0.0718753852750224,0.111601130296028,0.0864569442067639,0.070105750554582,0.0436574962727162,0.0868056795176437,0.0383119252526984,0.0315896147556357,0.0660796443571851,0.0489606494395351,0.105394141066673,0.08981503846501,0.043599629580835,0.0987642979231566,0.0854519955326896,0.0401149203369104,0.115023772886582,0.01122405303959,0.109004726112157,0.0867390680654664,0.0881914291513643
-36.5,0.0393155126185987,0.0317699730227951,0.0534806155667961,0.0629725665967309,0.0508551707728908,0.0408325183197543,0.0741392323434425,0.0552469561127959,0.0283650222136052,0.0937525247518677,0.0659769253698164,0.0458480344141826,0.0812440270855534,0.0951924941887303,0.100308879017061,0.173244407749727,0.0460228051375625,0.105368675649181,0.044786640797166,0.0668331840543789,0.117247712710707,0.137445188661164,0.0797939823744425,0.0724189609961866,0.0368572682305121,0.0574160771364683,0.0990606266076889,0.12409858902408,0.0709078056207557,0.0416482163004636,0.0746917212919736,0.0551040207229186,0.0651529778056962,0.0895581518854967,0.0142664515081332,0.133538395496989,0.0429281727557114,0.094975932789643,0.0883431078451562,0.132248656174866,0.112360740032919,0.157384204592659,0.150869631277125,0.118806692073829,0.12236049837346,0.113201808545696,0.128225994801438,0.0592266973854728,0.0530147308200155,0.0476121844532549,0.0480173961701882,0.0254068583259895,0.0462628718282959,0.0944985819544356,0.178217376605408,0.0570538281129507,0.056315114333545,0.0660986382192481,0.0700097655524533,0.0748961771979928,0.107048637604315,0.0804117836318035,0.015185154878053,0.0959736441602004,0.031254086823388,0.0604435218677328,0.0854651533104463,0.116076324062878,0.112433235953206,0.0415862190403409,0.141492610560217,0.061511131308123,0.00471845345036818,0.0302376365957973,0.0968529618662522,0.118666693677428,0.111020925696704,0.136650697273535,0.0753579307736906,0.120231195735214,0.056115627995842,0.07543354789242,0.00311748039365235,0.0549823093105704,0.0311000805843454,0.130904554211146,0.116455731065308,0.0757684142905141,0.0124596385676985,0.0883737192228392,0.0783908034786651,0.0834913266209173,0.12629291136526,0.0856776665520133,0.0252247735701119,0.0883260752087825,0.0554700392402036,0.0933280018678314,0.0833276535425901,0.0704088439183835,0.0771049749940056,0.144729500360484,0.0834151147234837,0.0815324343774029,0.105679545320399,0.0344341153338473,0.0444619303303269,0.0821029043724743,0.023374205619019,0.0719829101513937,0.0896565755888891,0.0613819832502486,0.0447928906222238,0.0389164310771667,0.0531559167893737,0.0455551670843266,0.0348127218289978,0.0873958263199609,0.12868569110581,0.129384158082005,0.0406028163262086,0.105130530549901,0.101487657951653,0.0433943395766068,0.0732014855754936,0.0647562208094152,0.0755823212103974,0.0806287663469325,0.139721603384934
-36,0.124997304304983,0.070961348630364,0.0083829338423902,0.0371644877864961,0.00302469389172552,0.0557916354749753,0.0448594041105617,0.0497111459960061,0.0377946155535101,0.0762092626074045,0.0864718812619734,0.0428624840835864,0.0927087127732837,0.0547340179849263,0.148565483498282,0.206979411270042,0.0465339619334256,0.0788141313858364,0.0181523826814481,0.0580820223607541,0.0793249473359562,0.115098661069577,0.072483049669359,0.0795191682941019,0.0327575504085982,0.0340523689860167,0.0624478208432387,0.147457011230365,0.0926040102803524,0.0410952917483934,0.0590645865941576,0.0394273417327425,0.0683276115574635,0.0712027943053255,0.0385261262621427,0.117044251425233,0.0511225560596275,0.0760438645827547,0.135058123629475,0.156985284954925,0.129037210009525,0.157263994877798,0.168372189742956,0.107388468670522,0.0796159597668539,0.103444009393526,0.116453324929891,0.0388771456754569,0.0271551713163322,0.0603751407091406,0.0567936193229799,0.0553345943254482,0.0579014865651409,0.112657252510244,0.1738795366688,0.0679260244733672,0.068462884485946,0.102488546006987,0.0774719939881464,0.0987156775955595,0.122643201252833,0.118050328750163,0.022412490975904,0.0590324250023789,0.0439155209460366,0.085570891612535,0.108089308759571,0.100120382025718,0.0765123997716129,0.0215799679016312,0.114441965693522,0.0316446993714005,0.0402278072056194,0.00713358022747131,0.110535936385702,0.130612253696084,0.149296644681208,0.14987006028508,0.0660290874917108,0.116612262529874,0.0847441746595917,0.0591296245839538,0.0707915095031453,0.118962654368105,0.049120327264849,0.112386859851438,0.0998916749623264,0.0854074027047332,0.019184149427573,0.0842549176367125,0.0772783625520247,0.0494039195994604,0.0491106679728468,0.0836886910142382,0.00495854057929542,0.0914216747463643,0.0736745724584079,0.102186091412739,0.125984121603426,0.0860864078142717,0.0988072024946311,0.147054895583496,0.0860261282728304,0.0753036609533761,0.124922159318455,0.0206422471958688,0.0476485668499605,0.0893887153581602,0.0638786442195139,0.0678211624155254,0.0984137994869903,0.0344088674729842,0.0702721943096614,0.0277388480134901,0.0609515373679937,0.0491084664254563,0.0434569504751381,0.112585163960197,0.0934585547102953,0.0940266055127269,0.0312772878664656,0.0769302361932388,0.0872914437076708,0.0580341929363923,0.0826411836859652,0.106045562482854,0.0490948829875142,0.0838817889917543,0.18928688158138
-35.5,0.160814206156651,0.106075641396933,0.0459419562598793,0.0419403655459702,0.0130460340815333,0.0808942277801637,0.071768565699291,0.056703379241072,0.0157457803679193,0.0160507661884845,0.0977968786845045,0.0623453191592842,0.0923064803843701,0.0331575672527446,0.176867859096829,0.215332717394948,0.0441999751505832,0.0807975868073929,0.0174112624658644,0.0932510615741791,0.0513024740505304,0.0946971279921547,0.0703730600760216,0.0933083929008001,0.0577615084770111,0.0401044607544519,0.0489238285418925,0.132541088585825,0.0559220884123396,0.0568106260685366,0.0549596002110736,0.0388630468963565,0.0826520595107672,0.0708025988146713,0.038923664401045,0.113673658470476,0.0559776999501476,0.0677794739834799,0.174298784998053,0.123806486645035,0.103156976548845,0.116886523662306,0.158385516776789,0.0881036446028239,0.0776196118416983,0.0647650546813707,0.0935431669166992,0.0182209996972425,0.0416654717374113,0.0643682480682074,0.0765771100504014,0.0883258693486276,0.0318700737419538,0.126530677900432,0.172948510747009,0.0827636644122738,0.0863099486595855,0.136483573147019,0.0250529387187394,0.0900674688664129,0.110239341872134,0.124383396718785,0.0343661565371273,0.0579829474834526,0.055957452851781,0.0709392665230181,0.0982895374763006,0.0863524821795621,0.0337243804672069,0.0490250090721795,0.0700343380066471,0.00839627286586314,0.0640456225289815,0.0438262375387249,0.100699752056673,0.134337640511158,0.155833640331013,0.128204078282132,0.0312213162787089,0.102602704424857,0.0986408289259047,0.0334700559630674,0.159859027959464,0.187808121216415,0.058521126483172,0.0355151042734355,0.0908706792105931,0.0812498029747915,0.066548693953204,0.11439870798114,0.0665883686310962,0.0232929438196503,0.0298955521897234,0.0801560668985998,0.0130546594472214,0.115976587043474,0.0748501501069258,0.102775778801876,0.0763243055250604,0.0773078551827015,0.11837303531045,0.14966698344462,0.0766902078077483,0.0398276694726386,0.133048850594227,0.0142136459783904,0.0543028045892437,0.0996127990205687,0.137387672423129,0.0758797468546232,0.104283201893637,0.0279003800776011,0.0499243645222719,0.0108136674780441,0.0690672917684243,0.057782336531197,0.0404522077277583,0.113534313432787,0.0536721071645796,0.0423549835519384,0.0215099488297909,0.0553157560164682,0.0731828203437205,0.0541062440816024,0.0823996054186043,0.12355662835417,0.0586667716594939,0.0701919563101622,0.220147989498915
-35,0.174730118103005,0.114753072174479,0.0674426619631249,0.0448100842143619,0.0311787446519399,0.0921275084473495,0.0979688714453592,0.046318641009106,0.0246607093446443,0.0724533829301962,0.0989468473690354,0.0695487363162579,0.0966010399296113,0.0444646028431411,0.196040560816822,0.226219485828904,0.0658705696542719,0.116126999642002,0.036614834483681,0.145528331651176,0.0890658427861015,0.0347080312344909,0.0432671354278938,0.0863878792786765,0.0636125830502608,0.0701604377817602,0.0437943635423679,0.0838786032822165,0.0353947560342295,0.0746268694094767,0.0705788327046778,0.0247856071313513,0.0759930269573908,0.0630138495494981,0.00740735825670503,0.0867046459640807,0.0638042862649422,0.0517110579571319,0.184840948332143,0.086309681030351,0.0682238378832273,0.0941496976776783,0.135449541226928,0.0516765670560152,0.0990697064953593,0.0392554683692512,0.0577784952445651,0.0473141626636894,0.0633703433887059,0.0633705183862756,0.0768308563343049,0.109850736204442,0.0290734086377832,0.0842744475998012,0.151622459659235,0.0977770664167829,0.136648198327898,0.191798454871994,0.0365789075575862,0.0757681826677562,0.0746875579915321,0.129576597235636,0.0580242303316621,0.0743541940138004,0.0749718764563442,0.0527236640802587,0.0801902697596127,0.0806996249257345,0.0163003939064776,0.0686427408388792,0.051687194206596,0.0537475189064873,0.0866760340296874,0.0833823852159765,0.0845166304642407,0.128075603456179,0.147259470511727,0.10873788832983,0.0173421702894038,0.0655762577824745,0.0790376925043425,0.0460347584759381,0.134047500047921,0.155982772371386,0.0551912783441303,0.0340638646253069,0.0724167723216781,0.0608466445375811,0.127817495798844,0.159232536330955,0.0481370385514966,0.0297549557454756,0.0897888066013235,0.0978363472542112,0.0133792328884827,0.132756464713929,0.0815603838908703,0.109962156299859,0.020897993255778,0.0868897739176423,0.0966661381312549,0.117875742520401,0.0512923271421559,0.0477914598671343,0.142174358451808,0.0471105285109902,0.0395718753537533,0.0722469796577258,0.17270336018691,0.127919926165412,0.114664260827745,0.0351311186023218,0.0293812538230515,0.034874999078574,0.0690975713015966,0.0957059385400924,0.0324804979697708,0.11508195395702,0.0669090532708908,0.0289776425685603,0.0277390704676959,0.0574777400114228,0.0688084932886697,0.0244882235234384,0.100469203168976,0.124495040839416,0.062238464017373,0.0953231031134551,0.238399471361503
-34.5,0.0789481440095144,0.0218239080879122,0.0807309906004467,0.106249249250905,0.0357301736779034,0.0700129422570245,0.0678093743639934,0.0373851235672697,0.0345169494410234,0.0884100091513851,0.116715218453524,0.108454247572969,0.0659971289322619,0.060550988583596,0.169008527279982,0.215309155042105,0.0521041357541783,0.168823361063092,0.0579881968726569,0.198391343092615,0.179039710724231,0.0283557126546218,0.0329847776646604,0.0758192699216555,0.0401128913029927,0.080047775066672,0.03257249779052,0.0724150264386948,0.0527384572320705,0.0954906323897349,0.0881384793716406,0.0497657702627643,0.0678188012489443,0.0630528263755745,0.0287890298687492,0.0829208037676571,0.088443732442518,0.0569118232469787,0.174848313239739,0.0821031460689261,0.0351437618376476,0.0877422724423258,0.0661883136941877,0.0150837904859846,0.097798704200096,0.0447339491167139,0.0487826416806993,0.0830214856950384,0.0989639268081556,0.0484256238389057,0.0634411040667693,0.107911821716355,0.0572791660617987,0.0459932383311742,0.104971164248222,0.0860382003469133,0.146362377632309,0.19858019480242,0.0798557847142851,0.0848121725041531,0.0589732330968877,0.118809743173094,0.0660935916859109,0.0826462240807322,0.0783842659978755,0.0525406869766108,0.0832196863997925,0.111287956035681,0.0526540995260412,0.0629089595245702,0.07023762141033,0.0955025859220672,0.0958376176005568,0.103295807598031,0.0392233431014678,0.104343183111634,0.142897672108554,0.0815795947953335,0.047114075995349,0.0731429114040036,0.0101980241979804,0.0399263459203594,0.0939227085252022,0.0934668008302268,0.0190906961343793,0.0436571307683129,0.0555012406826263,0.0554680755863612,0.118533063369301,0.163124459224631,0.0525749262459335,0.0351104347561147,0.124314670804297,0.102536213813129,0.0524068892203971,0.119194123001518,0.0901744832932887,0.125196702183109,0.032705496368389,0.0991218855728464,0.0663054874692625,0.090587179187771,0.0450493216897426,0.0681838985770227,0.140602642873988,0.112925964645903,0.0794872585666821,0.0270147536116018,0.143259851167476,0.10350805273404,0.120020862515649,0.0577809851724747,0.0385406929807459,0.0425270084682429,0.0621680341000243,0.137466462871312,0.0618722700560049,0.0956664603709377,0.0865576589866121,0.044111828344508,0.0551442179304397,0.0832602445719906,0.0723573192036011,0.0467346295190678,0.076742556515389,0.0604266592289174,0.0271917196457917,0.0650627095560198,0.15545258298288
-34,0.0229336315556198,0.0816808131654323,0.115570294665799,0.193164823682315,0.0380804008134793,0.100151097226596,0.0757730086448349,0.0469916082890996,0.0204197114277464,0.0982861112430156,0.0840576494970661,0.138061371753694,0.0581883040760124,0.1057167155751,0.161533603369491,0.209404078989178,0.0170382455687327,0.220801241950663,0.0785246959164135,0.257047389380197,0.216203126237881,0.0741184449289922,0.0774006924307001,0.0572273919462568,0.0264589353199706,0.0733015319619298,0.0565810857748313,0.0832376039623592,0.0503884484737284,0.14123576384406,0.111394777701267,0.0687829463604706,0.0633036386262979,0.0694996318049965,0.0554788416907632,0.100867249730807,0.129297760458532,0.125754961967437,0.106058659951427,0.0804057175808732,0.0195629179659157,0.132751234064327,0.0763507579262195,0.0562538545908627,0.100547029343971,0.0638317136045211,0.0535746051564202,0.110320745395686,0.141733286523115,0.0214625129018172,0.0677882342967583,0.149418843181319,0.0501651961857937,0.0507416724790277,0.0821330137585484,0.0718344107851043,0.159629088034574,0.201275241754806,0.10681289706542,0.109113729801547,0.0646483572250844,0.0897551506207623,0.0800184789613169,0.0898140117929982,0.0871516609333475,0.0789365269549339,0.182369584613814,0.150012478160945,0.0455643639483871,0.0170130461158534,0.0821216650506951,0.12799633631934,0.0870744378095447,0.059783388867233,0.0355504574479378,0.122391647825104,0.143894133469871,0.0894263147353064,0.102786831533948,0.113388346390124,0.0575415277725453,0.10668020218821,0.0637983857448692,0.0792854377206569,0.0205936627847475,0.0391744687066142,0.0590981103157643,0.0678000135598036,0.0863422097015626,0.16301487079603,0.0908325991452625,0.0659165931204465,0.157184917771909,0.113303476444148,0.0765049472227283,0.0980773550962609,0.112744145208017,0.138220039122718,0.049695866225542,0.109500372691192,0.0409850556879599,0.0725180175014657,0.0486049702771946,0.129163224759236,0.137920712999889,0.154848567616958,0.133907119645697,0.0378267887827543,0.11275440112725,0.0856187272635658,0.119798674146554,0.0794654908322639,0.0530287521259735,0.0524452277066053,0.0537878250550513,0.0826729806339913,0.0110779959141605,0.0472336022187477,0.0373666161261629,0.0490571981643772,0.0756382622657225,0.0967467345495622,0.0408163551972399,0.0881049803631709,0.0654733443968863,0.0271424861150648,0.0258585153760051,0.0257762182965768,0.076457242993649
-33.5,0.118352530692061,0.147127769306644,0.161766851613729,0.273478109180764,0.0583391351222527,0.180277379812314,0.155391307031591,0.0664477635532738,0.053172274802417,0.144242153796826,0.0586934498943475,0.214811711811887,0.114341829718459,0.182623195471567,0.223957399610547,0.252221137963439,0.120993580124931,0.214163356517433,0.110900440197001,0.230561779447515,0.240617330473543,0.109545842874024,0.136902855921906,0.0485802238159045,0.0235950565716513,0.0356964751168657,0.0900104123130683,0.103515112174025,0.067969024517424,0.204817387818002,0.112887403387413,0.0644251871484458,0.0713417843298817,0.102148322810918,0.0896535281329863,0.104035427014359,0.154041752084875,0.137504509673276,0.0458015656096284,0.0895017045624653,0.0128118541313288,0.159111365285729,0.154453594239127,0.101080813862825,0.123747096687897,0.0795254937282207,0.081163731255591,0.136942258541783,0.155050316841401,0.0586671943228148,0.0773115498688092,0.216872638851461,0.0696159256864955,0.0640483747863486,0.0637508607824162,0.0592445835742216,0.165422125828943,0.166556597668727,0.0420405669481175,0.11680509454819,0.054723929782366,0.137382097805744,0.130963637167549,0.0979875950864815,0.0888815796706793,0.0636376715839332,0.190534469389964,0.193228436875535,0.0404742298924628,0.0576622302453051,0.0845532040231064,0.149849940726488,0.117489812038511,0.0733953014672074,0.0459541397627685,0.10984980067307,0.181595073875096,0.15996281769094,0.15702128823041,0.145631438611317,0.0968950524826512,0.18152192920489,0.041473690920688,0.101719621148037,0.0283223536271618,0.0222338718985857,0.0798726722287851,0.102069701829973,0.104998872985975,0.130147153595519,0.0610592392371535,0.0515373923748246,0.167591057677708,0.149655152238599,0.0320897613174132,0.0689331081988998,0.146310309625408,0.167266301051563,0.0289271806426396,0.14088220823871,0.0564843826524298,0.0768721179453091,0.0968491375958191,0.22909451223027,0.155634589270705,0.170774466783748,0.176076727992867,0.0916175308308362,0.0512713245138375,0.0568689908737874,0.107295915189245,0.0913066279824819,0.0923434893928277,0.0789915298312663,0.068874952852089,0.0283416872444631,0.0310258718254195,0.0489246790629597,0.0182868525080557,0.0483843421795968,0.0810796023404348,0.101424294302287,0.0141647245116466,0.057759209903906,0.0555899042583799,0.0140671554746265,0.0356129579990421,0.0586320486365117,0.115567857730824
-33,0.228250327933774,0.195210399240564,0.227255645436905,0.369160632078775,0.126333627632553,0.245076609656005,0.206517698015048,0.0994301255055987,0.168836483893517,0.230610027268569,0.0197410843682022,0.282935598784039,0.21041325356879,0.270103325366113,0.286709710626278,0.29556726693766,0.274199468030006,0.215573120845278,0.155882722748124,0.19942266286482,0.269395003942129,0.0560291539557545,0.120390159550185,0.0598477764619256,0.0408271064042206,0.0157022965448379,0.129905624123617,0.160175753817541,0.103480773293607,0.2488237182307,0.121014802378363,0.0144600823336889,0.1026801661759,0.148541486002016,0.0948123137162762,0.0817441061550296,0.193917133060717,0.134736818367162,0.0840386164103497,0.0817736203735145,0.0313719256279243,0.165307946997572,0.196920091501489,0.107015571683855,0.145525462091359,0.106428532044435,0.0698925600547108,0.139973568527501,0.162768292631361,0.144636187895353,0.057276542330991,0.25854634079922,0.144482783816524,0.0779060062250998,0.0246253427430394,0.0645727902191984,0.188727945250338,0.138790929091548,0.051732233151316,0.163098409886428,0.0566493543570729,0.274979719536036,0.193960891009956,0.124571527832808,0.136336392390297,0.0908148450811771,0.233972009187918,0.243437748286324,0.105441192222764,0.104767191397748,0.0689378347873058,0.156136263155933,0.202811557484106,0.0762418405554623,0.0671483425304653,0.105135981364963,0.202632047748822,0.213979865972003,0.222011153639029,0.19537229518832,0.0663321568370186,0.267112760684138,0.0542567340313876,0.15690370808972,0.078303152692774,0.0347364992856711,0.155353446186363,0.152763510583069,0.139868774301977,0.104133417086954,0.0511384460789262,0.0936619258172176,0.212351626110507,0.203433912887323,0.0347719576507114,0.0441488291606382,0.170672647483035,0.191957071927766,0.0497376394746434,0.204658150081247,0.147709004622345,0.145605991887345,0.142723283109231,0.278890567809432,0.238590263238292,0.210405620439777,0.214930922506792,0.097787371136684,0.0990661260956463,0.0792452563669476,0.13320012529705,0.101931534455988,0.127580958571734,0.0885592017363346,0.109923637548594,0.06084039888797,0.0211204676035161,0.0972648192183967,0.0873870373171408,0.0338588047525747,0.0603641944109766,0.0910919743355587,0.0327005899222573,0.0380133516367163,0.0750167687550281,0.0558842093864361,0.104303770812467,0.113488831157123,0.188901157095428
-32.5,0.356357361780555,0.193854363079339,0.26401443650022,0.35464552574472,0.081491468809159,0.308581236593,0.209556717368191,0.103933502508192,0.243849079417477,0.261617750136412,0.0414495459767342,0.309975939081347,0.312211795097126,0.329430424765328,0.289435384872422,0.298942760966871,0.382650826660616,0.223559771729461,0.100795704812941,0.30899424470398,0.296283334643538,0.0973937770800409,0.160236357602688,0.0610803839796365,0.101055048550283,0.0712190883021512,0.170299583639992,0.225889588359832,0.164305636247743,0.27089457039495,0.169158588354114,0.0115947351076209,0.139121398062943,0.215565972375911,0.170621196270803,0.125755048446427,0.26982653445678,0.180963153615888,0.129949678236079,0.0613615579128485,0.0252582777794785,0.0967080089434847,0.133061006102462,0.0979574149698909,0.194621834726366,0.095601514916335,0.0603373957504101,0.176924529334126,0.15293197942287,0.266653998132226,0.0276138331321763,0.272302347704563,0.244315171136936,0.125049980896867,0.0575524696359932,0.122308834757776,0.225431917240182,0.0738991869636461,0.152692587912829,0.227942983170499,0.11007724986103,0.395867690489,0.242049292124593,0.228311090864992,0.257988324163766,0.109858401906844,0.34689440080386,0.332448272020494,0.149515378161426,0.154175871048034,0.0728905904355743,0.196619578687765,0.294796141249914,0.0519322075488669,0.0885057062868044,0.145378534611953,0.231826712036791,0.228884062893803,0.320078520384902,0.308194459432323,0.0546044837179189,0.352667728380878,0.103508940494218,0.234837633154159,0.162859496289765,0.152286036053992,0.239603723918474,0.204543094011817,0.220655018120502,0.204440136898599,0.174839212105589,0.158913138652964,0.265233256098756,0.341182586909875,0.168556493319084,0.0384237306344276,0.244155283673321,0.210112086672294,0.105984343426844,0.336467828023656,0.24729555882668,0.21899852649402,0.178913035261259,0.302785573937623,0.387047898094908,0.272597855252348,0.234233396389067,0.0548236449998123,0.133564644923143,0.129108038769149,0.170388659497792,0.0941460305900661,0.0976170872761684,0.105067736785177,0.160175571588858,0.108775287295645,0.02577452854128,0.124324153696437,0.175970616431403,0.0710234983649934,0.085651350484464,0.110545961352683,0.0540386443706722,0.128465580594097,0.157146839432067,0.1278736133983,0.205125687296076,0.180125166489369,0.288395007668908
-32,0.522897427061364,0.180306626966314,0.33626224083226,0.343736946938288,0.0696056604902707,0.430829160789317,0.222810906864768,0.096214589579757,0.294641123542939,0.276002316309251,0.0426843659618811,0.308258682114362,0.395332685707486,0.359939809221947,0.296430106184358,0.327377035020678,0.477418449465346,0.195465013800866,0.00784728785599666,0.418228592478775,0.317349427051377,0.205139565831043,0.202390366608082,0.104176938938163,0.134374364283642,0.0489219645295115,0.186071343637144,0.290859287448882,0.239513734584044,0.239962572277389,0.25873644070925,0.0574054193491249,0.19463638622567,0.291965521379702,0.330805107224946,0.223506917026045,0.341419521298987,0.248788131294342,0.215544627263887,0.0673433782268072,0.0966825579284296,0.112522913296656,0.0911723087434732,0.0746959352322751,0.241386203391817,0.0733700163607999,0.120018515208391,0.230727438900837,0.168193359488439,0.400088443224695,0.0495829891476805,0.271824502957662,0.33709702675173,0.226435089553636,0.167749541235442,0.218774015634692,0.250466802128718,0.0077722003023316,0.257942812364326,0.26838425891736,0.124958850212523,0.449698389372054,0.296781832241312,0.366573317233022,0.414536177610037,0.139607007998296,0.476944250552399,0.415434678343371,0.205130378795465,0.19900565282021,0.0901697077195489,0.296033341177325,0.362680120485134,0.0656773006148052,0.13773251698604,0.18228313165344,0.301297835985937,0.24162923033148,0.383433030975237,0.416686611584824,0.0784752196774272,0.443568547164104,0.0947384278676448,0.367585388531447,0.253424680154357,0.260371333584515,0.296495051199034,0.318457389855018,0.327643582471997,0.328882484593995,0.27418783746778,0.168230309136566,0.324585342129492,0.482299559566935,0.265144096978719,0.039945984826653,0.351636426244144,0.273900896725706,0.157309599061758,0.49263262678717,0.375448807821753,0.365777607901282,0.288920273058054,0.39149770940422,0.53239451054344,0.348230006630359,0.258366546947283,0.0631095959489233,0.168305628407198,0.169368786304831,0.211012536855638,0.141718377826425,0.0979442096564147,0.117741921149372,0.242783083571285,0.18306614170262,0.062899204236756,0.147548812195008,0.264176122796249,0.163567629057741,0.0871599955970455,0.145677664945773,0.083676038716151,0.216071516572473,0.236587200186269,0.194709126649214,0.321663358454473,0.21317613390925,0.390256315719559
-31.5,0.598271266726378,0.157186229356519,0.447098653454261,0.45799201053675,0.11460018807262,0.489177115098621,0.277596606588204,0.0834693536277982,0.226240839579383,0.211264890826161,0.0744280428601972,0.37030547807129,0.404246255830531,0.38070706347964,0.358678244107746,0.381531741477167,0.489870346677376,0.250835042395454,0.0594734219659441,0.503779666422801,0.417147678055915,0.300505862011732,0.238766566737017,0.172861451980357,0.140670967739314,0.0517333449930256,0.253416843243938,0.372705439495609,0.27486743959533,0.3086422275131,0.35926782172007,0.0977657186957298,0.249560467530185,0.351341121637677,0.389991306569622,0.304510051487169,0.368763006428039,0.273545887785115,0.28233070138737,0.067722473186322,0.147722428732641,0.189089233997402,0.159271553645197,0.0290459116287852,0.296277690018293,0.067626440524362,0.225180560932819,0.257890181960742,0.229548839867896,0.424950654909103,0.0494056040024627,0.30442547177882,0.370657421362295,0.333070255495931,0.296103487113826,0.355468017350346,0.314730209202864,0.149202859830649,0.374202381840084,0.312666288058148,0.133355095627419,0.510015089875805,0.3751903645724,0.463979172805383,0.550469102946359,0.108586749557277,0.557237182778134,0.440279370823375,0.265583163003135,0.286260869274911,0.145203541698863,0.409148175139555,0.494118020146129,0.172577629105117,0.224348741897994,0.218915658517325,0.34096046971461,0.282981115776129,0.405104845887208,0.441450204749687,0.142970285710564,0.505050789475657,0.0892224755825887,0.456259144320322,0.338689563877847,0.39134616138983,0.366410845256369,0.44552064557936,0.370042124682823,0.381547995280962,0.366878540673642,0.223929059438953,0.404285336956736,0.572700245926294,0.302159621151704,0.036208888720612,0.452348082526839,0.332818008439694,0.136274398419197,0.562378818218535,0.493323230285422,0.516190720191055,0.412259358873586,0.40308881822981,0.610607794612359,0.441002048897609,0.323026689320634,0.106460587503516,0.257321665388482,0.188577258946301,0.287798119084726,0.186999529480946,0.165880722342335,0.101853624506482,0.345768415651658,0.227578309159879,0.0413855514186418,0.250260059541593,0.367567454954094,0.267873638007194,0.0868266468710622,0.199804955802939,0.183412260807913,0.280108463731416,0.312286072528062,0.185217007951119,0.428838553823367,0.242659169078286,0.508306406394382
-31,0.671286148965965,0.201885285402201,0.595251340456775,0.724780519071286,0.189734579461525,0.589013157755378,0.396962235355639,0.157037324566938,0.192290178107428,0.324343785470407,0.0921307035297668,0.498244148493314,0.429258456482443,0.477890255675421,0.509622872221235,0.49939924587998,0.544078325787997,0.36482581253073,0.141464013568731,0.628374385771461,0.522378844831584,0.260290242431141,0.315003564492599,0.244683255096475,0.146962677996989,0.0203384191359312,0.278673798571018,0.456023518106095,0.32900566190916,0.327592522042035,0.415488581603224,0.181157794015534,0.320940729217829,0.443044840203404,0.475179602193457,0.362812345114366,0.452956150404923,0.278477827739365,0.366913444099223,0.0501785628991053,0.251060310895913,0.271077350158784,0.221508330484486,0.0092566973828402,0.34206929865448,0.198794243011332,0.347422009954685,0.266330978883582,0.291238890780016,0.426801809260678,0.0264487345449791,0.386988133684399,0.396127909122505,0.415193094311602,0.428991019322497,0.459052101703321,0.34849311137152,0.310370118536133,0.483755580208278,0.333159861041592,0.177553221161123,0.575263239576519,0.448434035911624,0.563474756677388,0.689552905401103,0.11113423712225,0.661244661642521,0.488857650834983,0.294370446731817,0.403730999736412,0.232625148574897,0.490471480188365,0.629569929138753,0.237350093362065,0.296861144782422,0.292916499840745,0.392862190316246,0.343548733771513,0.444276780794009,0.524716792198966,0.219478357741127,0.538754030324486,0.107969199158037,0.497564770406133,0.408975320051568,0.48811754434474,0.45192424651786,0.583046469275481,0.454207878505291,0.477008120196822,0.447418608869662,0.22492030301731,0.483485443861397,0.64690369919126,0.311892617369848,0.0732856642981805,0.555249071787927,0.442732469162596,0.129494102964558,0.636288036844066,0.574170394348752,0.660304432720577,0.493516871338879,0.413799179937305,0.654257468878569,0.514029868080109,0.373045961101831,0.149323182586784,0.367001054585092,0.304183672734958,0.330573115005283,0.199540567132041,0.237233107473658,0.202680482968609,0.445274064874489,0.309286252774609,0.116038022817062,0.395413209306247,0.514272763965465,0.395834537648038,0.0579795303609976,0.256563124232327,0.330621321003776,0.38660290053803,0.377343462134758,0.159886209154883,0.525207616454386,0.280850244599721,0.618950146759537
-30.5,0.691520504413758,0.222526995685477,0.75508946254807,0.870101315750031,0.190655035950194,0.652441270229341,0.452739416264133,0.205085675196405,0.21777410508877,0.40897843548182,0.1483432820895,0.636887669971773,0.519547093167864,0.599038967042889,0.664378125763489,0.586863920748384,0.621862842810275,0.502269146466139,0.131375691330918,0.687904294069773,0.625567993991066,0.227018162352698,0.414637965541589,0.330054705967901,0.129278703281783,0.0165669295608044,0.347801035511489,0.497696441939179,0.310143858332496,0.39667419495431,0.492712575695012,0.239091138956786,0.41829959536033,0.530645001084345,0.508820134282132,0.399819971267406,0.564538054469943,0.307231514114648,0.434444654863721,0.013681009430285,0.357494229466334,0.217116910027135,0.221388307799538,0.0652023044968111,0.368735520744397,0.245470388407272,0.455361149035833,0.227953576099967,0.302062220739494,0.397598907037648,0.0750691278474307,0.509730562916929,0.421747316317397,0.514233736797044,0.495848489901254,0.503223364209198,0.416836164762358,0.392945319819642,0.478550180653921,0.411855445642754,0.241460728445294,0.647578838540558,0.414498618672101,0.542204000544274,0.81677594707523,0.0723405149263299,0.666093868568519,0.493616280663096,0.392539780305112,0.523270370916744,0.28832415932575,0.566144844959858,0.772683728156978,0.283073112322776,0.383418591934442,0.38578017073601,0.468088159192811,0.475104373918592,0.561305445634208,0.580256017938924,0.373023611351416,0.519127540354993,0.082285544616199,0.546799206131119,0.455595625306945,0.567036544885993,0.514284249703094,0.665090308738253,0.561562457836882,0.602527935266183,0.577694070125994,0.290297509134272,0.55269273121187,0.676370803106305,0.329732222990118,0.109818364449809,0.636924235820428,0.463665232200743,0.0737488031161561,0.637835625258233,0.666221546226713,0.807621401588346,0.56005059202919,0.423042519366816,0.661156709650226,0.620552163663988,0.43264638201913,0.254325079499583,0.523862040274569,0.431482017000204,0.347790104799142,0.223289030195087,0.236449081857447,0.196403935940384,0.559115409882387,0.429447601476571,0.241439308823252,0.52236833207157,0.675173425865171,0.518188790062098,0.0565945720342884,0.309525182352784,0.487539991152369,0.56231549869497,0.449111899911617,0.186559971320144,0.619324434283117,0.391400886270086,0.705363885241647
-30,0.702411566510266,0.244549983001021,0.893928697620882,0.993360132065574,0.147596764421114,0.698157066623239,0.464624478752048,0.230148525159658,0.279215756403493,0.471996869866206,0.176389826091032,0.710355238080775,0.643113174438886,0.702653748640371,0.821456353958412,0.687059364866231,0.770380916926137,0.608020082286899,0.162909484138396,0.790524850835293,0.639452380492092,0.176774644686117,0.498147165456318,0.398416589021986,0.121379860161054,0.0366087379234728,0.383872871402415,0.534034920390725,0.301917538797535,0.408304127324728,0.516142854718403,0.287053847497702,0.523208440524624,0.670678770033465,0.524427886012076,0.378243415382919,0.674265136788376,0.347814425847026,0.49091622967446,0.0891640955328017,0.449317928149563,0.198505780695518,0.238959045646749,0.122268691522422,0.411770765285394,0.297018847207665,0.461400777261118,0.20787838943536,0.317285417400123,0.387496883548791,0.0888473894373628,0.572365022661195,0.46395794884067,0.557944123044318,0.452456731058731,0.513049306414879,0.494894153510285,0.453519056583128,0.497328387399915,0.491357419079186,0.2476065574832,0.64817935295537,0.374904311981995,0.499956159281286,0.858440829200677,0.0455305722304821,0.735348970210173,0.517600847069201,0.484331717454093,0.628562978447761,0.300119140714585,0.55606820674702,0.835160924624596,0.259728059871695,0.401488606606033,0.481265756767063,0.51939579321499,0.516468335714619,0.62016765853662,0.616724815882295,0.433833343528347,0.552206042033819,0.0959801697659646,0.646371476653328,0.544177364012132,0.647347860441402,0.536786208215048,0.737812236558258,0.730733927499039,0.804405768258004,0.717372239276145,0.362655999420611,0.625889507103029,0.751977154301876,0.406237800426374,0.124063253767603,0.690388318914768,0.472443030768534,0.0189748312846597,0.637128365604427,0.649816462033897,0.822126897068927,0.586747657703529,0.457119628202454,0.677769626534834,0.713088381934065,0.48607284358787,0.285557695790984,0.623172684865434,0.551937096042707,0.325375184892635,0.244469790027602,0.2686348099608,0.200326279781676,0.687082539560388,0.531340914668026,0.416234780568051,0.614595443742432,0.770628448202482,0.61163161012499,0.110117666719889,0.333631589846535,0.573780278772965,0.776959965148094,0.573211884254722,0.240906404752908,0.735449388313929,0.512400397888683,0.867353743369171
-29.5,0.601046045128963,0.329362291954777,0.918849765051267,0.904659751819544,0.0625808270163009,0.653776273165199,0.37155570285949,0.234580089792071,0.283942007432019,0.411032417523396,0.176680665982728,0.71535598331727,0.72319544295368,0.706196073762395,0.762369562012019,0.581270116482774,0.737963925203492,0.563443549828177,0.206516825227804,0.768923403689773,0.539856408143724,0.271003445183874,0.576917703033203,0.456427979421547,0.0285350055936488,0.163332437858974,0.445290586208726,0.471837391397815,0.283685952338834,0.366289928127061,0.559037768834933,0.311381984070978,0.63365385629128,0.746532208176137,0.503579819799419,0.349342263416335,0.761338358761793,0.364250339971744,0.555197927408381,0.137216379719517,0.487768937781061,0.254607187192248,0.348557616859304,0.162522018184851,0.400472357687485,0.318893548023103,0.421565254522261,0.18834987069814,0.227759730313715,0.292311242970914,0.144920396972027,0.560692253465447,0.427495056648766,0.540443592226434,0.373271561821108,0.495064717661605,0.527975818998809,0.393608368984411,0.420651286823394,0.477067647797274,0.211519807277058,0.586446487988356,0.275484743112944,0.407175163790309,0.770764743387753,0.0292723077738201,0.673490542225909,0.530335021353272,0.589214978434991,0.689184536386872,0.297772506170987,0.530317859653579,0.818714695733453,0.273692395294657,0.46468594028291,0.514216621986336,0.543820143441702,0.511373827567935,0.618710998726594,0.619824694197723,0.431751268753067,0.63864674173819,0.0971642549796409,0.729139885929685,0.589657659107384,0.712047757251862,0.540509667449951,0.756761153108664,0.79875456447317,0.842128877425242,0.757706434888405,0.382231241705252,0.595465791548997,0.764582713342531,0.415060414330742,0.125624407480098,0.680482968956399,0.455946073008373,0.156710506924149,0.46460001082695,0.637059315690602,0.881531992580472,0.661200400771166,0.388280857930605,0.634820176961258,0.779728307897557,0.522159893537375,0.269012695323636,0.623169127367683,0.50557395009467,0.244402536939216,0.212374627860344,0.213716907885765,0.189483137555953,0.839420231309562,0.647571206323165,0.527795344098506,0.627317009966481,0.818211087050145,0.692370198586327,0.122168846079065,0.341595395743943,0.65926907695467,0.892975941836659,0.582449690330375,0.303947263908489,0.830068316476119,0.494523596451072,0.875171284846923
-29,0.633413482213937,0.445238698392241,0.896589569016671,0.777071225514238,0.0686720854044029,0.637094731809035,0.2861542253926,0.232069096299421,0.244700286517887,0.358370003783849,0.20393601826578,0.592332265810787,0.68842280908545,0.597115746122626,0.676278112297081,0.476634230489909,0.689728225200167,0.390786767793173,0.368239191974945,0.749478014938849,0.332078317682609,0.413119040844796,0.535304884850401,0.446341484991128,0.121757905109143,0.13853604293696,0.39108057143301,0.380710520927254,0.315792762600371,0.278083421053442,0.572855216500306,0.265084098059397,0.582232054150421,0.76589682717744,0.48014645559659,0.311375572166079,0.741902720842404,0.367356171242111,0.563289303380961,0.154916526266903,0.462063246885859,0.331208632104406,0.456255025542918,0.166481197721429,0.385342244153631,0.353344847248374,0.33436362325779,0.206382302534541,0.137395647280559,0.275391921028703,0.154409922167376,0.468674310934519,0.329047765954647,0.343360549057889,0.219329354796328,0.409395999661403,0.488790209044544,0.301090079229741,0.358194694744688,0.422630485315798,0.172694657221431,0.497663273430807,0.199001643190108,0.264677263097222,0.594882126619962,0.0917206877590945,0.675940602620101,0.526745622294872,0.611032848797355,0.66858784029824,0.292495146196605,0.504123916002152,0.667030063635208,0.386797927291287,0.504586460246522,0.560632531535239,0.583709386523844,0.486210811069489,0.609768810061177,0.588604660375093,0.351647502886417,0.706305338046146,0.113539021233261,0.769143456692836,0.583349941489536,0.642300819540656,0.473285842930889,0.741311643109141,0.868898284172344,0.890329774362202,0.694887024501101,0.301586047578623,0.555524637334576,0.76830737621614,0.432545398718324,0.153601607496937,0.581297802756971,0.493900364883814,0.323016241778754,0.34206746735795,0.591946878882921,0.83519272865867,0.647250119753208,0.304476251119437,0.645425884241956,0.756867835671925,0.496970501441793,0.200647754979694,0.572318179195682,0.446817228304038,0.233636019705538,0.217050345370336,0.171672362256517,0.176224967887775,0.846988152287362,0.630829393022643,0.536739073036899,0.56316685925996,0.755911592174688,0.661338909427455,0.0829656641430136,0.315857979711676,0.664958147399206,0.938303102911776,0.586798388528249,0.3436109933412,0.849304335031999,0.451761016386446,0.826232880681526
-28.5,0.577715411536427,0.484319986110561,0.632782874666879,0.470607892039438,0.155759323690029,0.54649703081007,0.187620468152363,0.270050635016893,0.224205194534906,0.36751638046583,0.175080238034727,0.43244502919764,0.592939408352749,0.457368355969152,0.487294863672764,0.339117891359258,0.527663445263132,0.195923607824783,0.3763966054187,0.55337577460027,0.289450120207351,0.545279749374867,0.475059110012054,0.376646654507354,0.226718045510926,0.190838282463297,0.363783676407125,0.247031877115731,0.311601614987336,0.102367902934643,0.618097016561994,0.234256767258178,0.505864499001485,0.663739662493797,0.443714238821922,0.377140678073761,0.628404790811637,0.248138044383573,0.490380193743141,0.10238683409197,0.311218383696665,0.319216757638817,0.498840722720062,0.186231676848262,0.246699957204679,0.336696498148998,0.235912035981728,0.219995298886336,0.0483995891422962,0.354260199856441,0.0605786723409481,0.285916528914238,0.193945146330825,0.126573142889388,0.0938086550480074,0.275511151219999,0.362318287018911,0.124430108306492,0.294928401016466,0.352225684011391,0.0830200908916515,0.428242322086766,0.213975046895002,0.232329716455305,0.446250624631127,0.0456215825148789,0.557514920219239,0.321046066240022,0.5260855143139,0.553113228012066,0.197370497773299,0.439896598132231,0.578485910460243,0.550738327477159,0.536020461053407,0.505824069855996,0.533313358627444,0.44679635891716,0.54468807033628,0.517350786669162,0.270394451931948,0.623196357044152,0.138882995264741,0.751682458784319,0.46959582423437,0.408127953519468,0.364238422494089,0.604044557039051,0.663176947036606,0.630864009904262,0.562174606981966,0.184121156825502,0.425452514215326,0.561426271883949,0.376625143467913,0.198341672359779,0.434460499851269,0.504117151879513,0.40671768231058,0.311360124962509,0.617908414643721,0.824980161866416,0.617353808757763,0.167420257254152,0.589808024256425,0.63382806103729,0.399593930789087,0.146198668634085,0.433803770045269,0.230514907925155,0.265890389191161,0.16941405479987,0.105983045011138,0.132618302340629,0.780407507306541,0.594633067686693,0.465678111495572,0.45805772364555,0.664535822345346,0.606696240213763,0.0261256874055692,0.297252686456521,0.664506183958518,0.849013226712358,0.412728750071249,0.365556004183354,0.737962096604099,0.392067016649571,0.649271307196807
-28,0.557814546318329,0.468333395913127,0.396186616413156,0.473854954113696,0.212343006891035,0.614633638194008,0.319236675671678,0.176935084253555,0.193765831341038,0.564480467009025,0.164291906680889,0.363270888678463,0.504335099169157,0.44770706963613,0.455236934921472,0.375899607547571,0.461459237373937,0.277826858420251,0.383146975239933,0.504154081154417,0.466069328249761,0.465050280348065,0.317566191958752,0.259081810161468,0.277276740453802,0.137448991169622,0.295736467311292,0.225761060545736,0.348572672062874,0.115195277679708,0.546961135468854,0.271140984506655,0.273688160336623,0.499825812266528,0.544215672516045,0.474219616718767,0.46025519927422,0.121393202399921,0.333518192362542,0.114805756264726,0.0942512641377346,0.345364711444562,0.494108498912834,0.173261379545709,0.106539699654734,0.373635055547483,0.254540869507505,0.230194378774362,0.216863275322506,0.449975398294964,0.0224810660548111,0.308870906637856,0.206897023550894,0.210714496632837,0.235973962832466,0.218737857154626,0.215487456613738,0.109400942977744,0.393867716289165,0.292522018911102,0.0043800088026632,0.491783063471578,0.353925647555974,0.418500536277579,0.474661530507608,0.0778763175268238,0.614272683635145,0.143215138814294,0.374925475936238,0.346837486734055,0.0305066605203652,0.256447390453536,0.494472566922821,0.568241293930079,0.472789878285466,0.467846702239799,0.476556720439822,0.365230772782446,0.442480035103849,0.46865853180713,0.140391709426575,0.488730754400939,0.14240067500065,0.631984970719033,0.458710334147272,0.289532717540415,0.248785586522794,0.465286538441688,0.442024862447837,0.436932495891297,0.476764027887564,0.0615547939594793,0.242529835307083,0.334936419693618,0.376301157096056,0.226923725431843,0.375515592005546,0.579135852773542,0.464701358620954,0.492653169876591,0.543729260225915,0.582626294620846,0.416573868540407,0.179516457063256,0.586755892156744,0.462796187653854,0.30089257551798,0.076870667035927,0.332186297591196,0.168031878319839,0.283161526714707,0.141303655330689,0.0599072770114255,0.0386511523813571,0.583073774004594,0.411526681258612,0.300879586986714,0.347784186388476,0.48638455541721,0.416154288273171,0.0169798690885541,0.265703159464413,0.506498880545821,0.69697843101309,0.305728716630106,0.314804345882953,0.542258013936697,0.367613818774127,0.591133376085076
-27.5,0.53053131179388,0.323074746023051,0.507999934975009,0.62811037443713,0.195238119535348,0.635106947931502,0.404734278167113,0.0831426279560386,0.178213408991688,0.558351437739404,0.0366398748994228,0.505031436244357,0.505191656803465,0.55948973138221,0.508678102748728,0.424279176664899,0.527720886684118,0.470995104964624,0.224500135013214,0.534023391084688,0.621466068955761,0.383558154574879,0.286108617017757,0.257681319268098,0.210121213566393,0.0318220087431812,0.328102479632753,0.284950462419953,0.275515882464761,0.215196772218124,0.460465204245179,0.333432113265614,0.295951140458673,0.373114616408609,0.628352694948299,0.547108541756576,0.38086757049884,0.156982745162777,0.252474999574972,0.104883531919618,0.0935016683903289,0.267446874796173,0.352839237497318,0.147492900915396,0.112363794619395,0.346646890421256,0.386792314559963,0.182921816255466,0.29176356873762,0.431806187478868,0.0535896822571736,0.431390590415415,0.350771695529597,0.450391350688754,0.368162707698531,0.338057634841257,0.257922265393569,0.22437547726459,0.381044872318838,0.330885781103888,0.11145945600772,0.598637292604534,0.383111557857947,0.452241709594498,0.667084927806688,0.0222936064992845,0.552175162953928,0.265028143855991,0.287886934375354,0.32644140378055,0.129568926197203,0.243326588117916,0.584041032078041,0.568155319543524,0.418395971901654,0.358015695484912,0.484911379140849,0.397985870676323,0.406859685727194,0.476643755869309,0.164769111425833,0.34421559638949,0.180849631262651,0.554013650583271,0.522695324063682,0.460258595670491,0.339354016456331,0.480489942346169,0.37798190916974,0.443758570390571,0.586107818742402,0.143407535674421,0.143573462329128,0.351677635098817,0.41147208734763,0.254589305062778,0.471637796481309,0.570643387342192,0.304975102311374,0.594276668085416,0.570029497161235,0.591796831498908,0.391446832241311,0.317003581849787,0.609069311342971,0.383968067013679,0.324767709246117,0.12887834360819,0.349098167254658,0.323199808641327,0.295059234023753,0.13670440745376,0.119247634425822,0.0504319758280408,0.534892270553903,0.390020292095137,0.232468575731033,0.289264855868749,0.430539992519986,0.350247854811268,0.0250388780916105,0.195845006291513,0.385625644385244,0.533912466603204,0.298000573684047,0.240522785933061,0.432642057341319,0.289638967548461,0.532834929835241
-27,0.629583499729806,0.256740672837107,0.728325987810019,0.80511094463347,0.134498185528988,0.686068424754001,0.486660134458959,0.169555037155691,0.236629195559994,0.511505239706559,0.148018736980205,0.683289169029498,0.645033522101153,0.717089480041175,0.682239515812299,0.534951146587363,0.702149172065399,0.582685682714999,0.0739557414226777,0.76707954058889,0.67545293162625,0.23233328393969,0.417210466725263,0.35898453760196,0.185184357052108,0.0514765776899354,0.342514362710518,0.347099702684669,0.198839684198009,0.330479000799979,0.313200555598714,0.277550856716746,0.454311054948773,0.568990760930694,0.739643832554685,0.567808173004825,0.462581599342962,0.260056082788001,0.326688128593698,0.0897277585513635,0.236520175235114,0.22221933458616,0.298659675452644,0.118679728369983,0.314595624038146,0.340229581804405,0.465787921713932,0.132944705453536,0.369803705722909,0.443911517736537,0.0516477881646537,0.536034665981129,0.462091949059062,0.561360099592441,0.393907952003526,0.436016225488365,0.444266094254529,0.366418281826384,0.387329284199613,0.40158125077498,0.189254377332704,0.651908099990527,0.404628195651988,0.43083536439902,0.760233100462023,0.0594676798660471,0.572830832499922,0.447120310853653,0.335178874954432,0.477917724897437,0.278817170144147,0.361712428310484,0.66745656938168,0.422442061434412,0.356475602687767,0.426050492847089,0.526107667762373,0.489920081492812,0.561068093265845,0.522315381630036,0.288852400589466,0.463458781375822,0.136840460568665,0.566933559651038,0.636118938579728,0.671963442707421,0.439521161045345,0.633230872476287,0.562985963322366,0.724894441956307,0.769426270016584,0.221233369148465,0.337838867366318,0.616690621809111,0.499559341403419,0.219572409601014,0.64345672177161,0.599820004779192,0.136054594473584,0.647430014424502,0.552726738428321,0.63440182656137,0.445589669003522,0.467058604890643,0.683801816314082,0.52388929532102,0.484202033947026,0.132244909826763,0.492881888544148,0.523015441256165,0.305380446906682,0.179381715760821,0.228051756421566,0.147570273819962,0.607419080950196,0.472444387205115,0.323652813181961,0.421276971617745,0.51255628700503,0.453997695381582,0.0429564041979259,0.147964025610457,0.343608867539426,0.567418960845528,0.489775173662049,0.203065625787026,0.478632473054679,0.37733753739215,0.650462822906064
-26.5,0.651150377368567,0.230929955724147,0.790696712930418,0.796647142769855,0.0346410443056426,0.64068957864316,0.421547591012043,0.29077825636341,0.31136212047689,0.425498529674985,0.20002537467829,0.744477195465609,0.755173170663835,0.772864249510213,0.740419767130241,0.557539937874746,0.746693187581567,0.60364118769268,0.105975201169861,0.830170398175909,0.643283134234813,0.275987425146852,0.590460770825791,0.456574286304642,0.0621689320746227,0.103627755328307,0.416203529063998,0.35340071352439,0.229584007845393,0.369322003464314,0.278319737333107,0.268774772747579,0.625526094665689,0.68517303272905,0.736106454920377,0.545247741326202,0.625601815400043,0.341730138923398,0.480533140252823,0.107949974423299,0.310500068098137,0.177797705962655,0.311606710963103,0.0997404730932492,0.400872704403565,0.320160802604096,0.480618499624474,0.166680552248895,0.311038207298907,0.366452666131122,0.0978529996509457,0.564435322876635,0.502889875235181,0.621986522073488,0.354660479056982,0.455178068141269,0.528259925856273,0.390280887591215,0.337483630514784,0.456871534529398,0.189620733317924,0.60025611590012,0.301428752677278,0.35533286066912,0.732603997908716,0.0669871300511298,0.620712282343698,0.500638091167135,0.433570113704432,0.643069600265234,0.35850084093805,0.457789209259585,0.725002824113939,0.310161209158251,0.378747582416378,0.426710726434037,0.525097918411598,0.507148948382748,0.638452212474502,0.612825118435599,0.329897823834445,0.66277342662018,0.148627579077664,0.736182356258806,0.615031093478171,0.743523333475376,0.49058048384664,0.740243260147822,0.685970558447445,0.848527359937349,0.840310114545872,0.301588642801512,0.475124283414564,0.712556841146494,0.449514711251651,0.127364989986171,0.747643331413969,0.619427332767075,0.118757467560613,0.565040611778424,0.626494932381489,0.867516380707391,0.615509417984841,0.515544279614276,0.720549873714922,0.740263281839669,0.600258206992189,0.117332707624916,0.532780423859144,0.519744851025573,0.28265811108229,0.154600750891031,0.205242564211451,0.217318150569179,0.756491498564601,0.641459184305443,0.456652152703183,0.544163701065406,0.726686967861054,0.644150241226416,0.0721039795251156,0.244844123618109,0.452456119569705,0.685168439399415,0.53357595374599,0.239548226187527,0.593338881370562,0.429118521150549,0.713874378742211
-26,0.686350198404725,0.276027062779828,0.811598797457589,0.758255975405874,0.048326921961087,0.607807737687813,0.39286043108406,0.249373025807103,0.278627040952387,0.340850448416885,0.230545102749517,0.676170063058434,0.748034774871788,0.749942464586202,0.816071464853505,0.623754999480045,0.785305283619424,0.568334767874636,0.236249624029298,0.897932552917475,0.576177465038855,0.343659088710406,0.57740266719405,0.478110511562849,0.0409493156010349,0.116024430626695,0.41891047754253,0.374386918422526,0.324752697613409,0.360169292809472,0.328675174442415,0.187825825938997,0.582912468488123,0.72758098998162,0.654847902375638,0.459911151744985,0.707465018906645,0.411603494937643,0.568951778394131,0.0777194060532386,0.356524795261407,0.193519827230487,0.372838351277312,0.0984317816118185,0.476181069975166,0.32711611422149,0.419144731969238,0.189332179384941,0.247165345966611,0.313511943224419,0.127972907165552,0.546979102791307,0.484640396210876,0.535525059189004,0.250601078168276,0.421211250777984,0.537566793868313,0.380385495117248,0.31656956498708,0.520348838765295,0.163879070029503,0.556971259912391,0.228163922177482,0.286287844134888,0.663491073838327,0.145022731202617,0.708863183764639,0.553768009628318,0.506369710497176,0.686854384510389,0.380983194255997,0.501191456748731,0.691577935920375,0.270913956292727,0.482653839342256,0.472923143078431,0.513535430534295,0.486496527920141,0.67545796995392,0.616108562050009,0.353401385275328,0.788186875250364,0.128325654823649,0.823017940018189,0.622307934888785,0.737037750355069,0.475289433571987,0.749850848050838,0.770597680411282,0.935863965193721,0.828725508149857,0.36556571511706,0.574747340703645,0.753490257698121,0.473934077816717,0.144395032388921,0.810400687944864,0.635553811378887,0.196658696109237,0.476595986528005,0.627741416842903,0.914256104756311,0.656781677305056,0.48547801696507,0.755791695490639,0.832656491913707,0.647720122838599,0.0738568969796044,0.56941297797898,0.521373518721684,0.292009409116779,0.188901817643381,0.195415297781034,0.224693602299845,0.80422889693632,0.636456567178588,0.455859845432196,0.63810230198227,0.812875026368063,0.682359714534386,0.0153235697565944,0.295949707396175,0.502761516840294,0.710219086614555,0.602259942934538,0.331552861935991,0.712498132723968,0.463140953346448,0.765862400304789
-25.5,0.604166880466056,0.265101504809093,0.744765750905722,0.660469205750647,0.107141592848671,0.628263600711935,0.366092470265476,0.241146554988765,0.22051474623306,0.318081225397371,0.220963185547465,0.543048529484823,0.650278074315022,0.655670912540594,0.714304175648128,0.564141200758139,0.693337266834656,0.458601422079471,0.303897502261939,0.836865478720006,0.511307829357538,0.407621338751701,0.551957577714343,0.451816332353057,0.107821277430598,0.178136496980369,0.432912521329774,0.369739247649502,0.34325449711321,0.233057081569033,0.41234350132098,0.159303569231197,0.522643272262643,0.699303598199567,0.563573732597769,0.377908198396197,0.666626681621933,0.371978895988051,0.566147612385601,0.0580969585599651,0.370730091312735,0.207483309597628,0.401377839741385,0.119819274989446,0.459996575172879,0.305229775935866,0.309444410460343,0.160521941961743,0.171797078411723,0.298704401232993,0.113107298310822,0.447043861282039,0.424629181922206,0.396493691810495,0.146282487034014,0.373402212881088,0.487539793165981,0.27665747339264,0.29586526395297,0.513779034513591,0.154878950993014,0.491929598992259,0.139177694443793,0.224815847967331,0.566633167334656,0.119349356526146,0.611375029337284,0.515007618560439,0.505494655934359,0.630097746338402,0.308559241454298,0.523296063172581,0.688022965450332,0.347109496282936,0.532962647888601,0.470404102403368,0.497008196721593,0.437199070175772,0.603080841668737,0.559702212667817,0.300574016722376,0.767504343050763,0.166135769052874,0.855895108587874,0.584829187170658,0.632548768589136,0.42542951633211,0.668733187736805,0.717104930246645,0.879124859653934,0.779691692453931,0.336812473515754,0.547050500014818,0.688783170215182,0.460368648074604,0.119814730876387,0.778075486417454,0.563445378959169,0.241875419164848,0.385143569992395,0.654160134354045,0.975592892141095,0.694354334505764,0.395109321752865,0.717139997468852,0.77901824969991,0.576534055471814,0.074976862425826,0.492225917466301,0.428100783053818,0.224608775652124,0.194653801782095,0.138843394779209,0.241716338268797,0.812190183849396,0.61164918083342,0.450309480966356,0.645105755999181,0.829122078985166,0.703773111109348,0.0401162192966392,0.32290332161071,0.615114701102632,0.738630488770636,0.555853901305443,0.33992024224191,0.753251123097645,0.463453130597947,0.739974823917527
-25,0.500904428964602,0.275688603968627,0.66178806320304,0.597510233849921,0.140288939384666,0.662480341333636,0.368604279542177,0.211139200487599,0.148481685929132,0.37702743340726,0.219610318718755,0.394534945635313,0.502153614184034,0.543361187888017,0.625828243561587,0.523328620184518,0.569908957655382,0.320723667693237,0.408229412323541,0.786405961996117,0.43061625970776,0.343831996790383,0.393519949837701,0.377117563991253,0.138350738167526,0.131736200537979,0.361285511142865,0.372456683878366,0.35675564901556,0.180117362996428,0.426396441796634,0.223835555102565,0.364802863252511,0.621372523488888,0.480188625334842,0.285332353874895,0.541970561280668,0.293184678667877,0.461568043518211,0.003771913072515,0.350001082588516,0.228484492335636,0.406556259309477,0.132744640739785,0.44500273764739,0.353227868650945,0.173840349433495,0.163874719227856,0.138488639655044,0.290452062527774,0.0821910697380064,0.325674973331223,0.306334506362329,0.180127660005561,0.0988631194573473,0.311004656863199,0.416102345688195,0.146257555200277,0.350013346732659,0.459975676551976,0.132982175107297,0.415247536195233,0.106958112043167,0.215850843448252,0.485042539312952,0.10699854968114,0.527172769724222,0.45423410500143,0.418385837811298,0.466948756509161,0.161211987910804,0.450310177687222,0.629899348169195,0.304405417710068,0.498101367373342,0.456350082933229,0.505739895366051,0.372243045463044,0.514402851782466,0.525409672299149,0.244085253562676,0.732022801336226,0.122806092881919,0.794520766013152,0.538087121247629,0.507057795021174,0.359304537527305,0.547136641574309,0.651585532947193,0.82061253466997,0.737735228512302,0.316962665046416,0.508336953612575,0.622097663742264,0.437811091644624,0.121124945066992,0.640672202837903,0.477450352778089,0.279683770916834,0.33516699612728,0.579567794328049,0.896574835863237,0.668952662461845,0.308259298184477,0.687135317920819,0.69717720986248,0.485450303964377,0.0863062864937986,0.409340313800018,0.33018926785168,0.161924149994476,0.207563505085943,0.082860459246352,0.192282898460049,0.728054949026526,0.448014743279803,0.376065131046764,0.579544906064653,0.718472353830828,0.644397102983243,0.0735122104880047,0.365511138017685,0.56192650480987,0.718398766176776,0.498881372062228,0.326461752532045,0.722671190162705,0.456148206312301,0.715224731417812
-24.5,0.345943524588936,0.261535905624639,0.52332622662071,0.518865225449519,0.1176968332806,0.524373891066769,0.290950666090673,0.214374947497028,0.124377944940637,0.353504907723799,0.124755123128422,0.353658398754828,0.378517214284014,0.439335500701524,0.506121644155663,0.399934437978406,0.376774068485942,0.226424058610968,0.318426767217613,0.580884058263883,0.350755525600584,0.272588573209619,0.289681897794767,0.325349217644224,0.136323663672483,0.113498576345574,0.288131880722328,0.337207678366066,0.302794477204145,0.0782930286420961,0.423627115900433,0.306628874765117,0.257856361788825,0.45920363478055,0.3801438334254,0.235830933612783,0.423288567296711,0.263339181535567,0.355790555698548,0.0295014867648813,0.324816441709042,0.186547241419379,0.351487412334154,0.174296358337806,0.341195847996251,0.319997321361026,0.117223622242518,0.190091763067676,0.103567839866167,0.224007415086966,0.023030011117331,0.169002174439048,0.193339255613748,0.129589123608961,0.165171274616939,0.252628293044699,0.324854073923434,0.0564003183877884,0.32831775645971,0.357928524190372,0.0550586642588651,0.368312969667397,0.154305139636474,0.236336223793183,0.467384402288152,0.0657242172459316,0.408186604890054,0.362273589675559,0.305904057338099,0.404912884997052,0.0555759866242924,0.367542947195771,0.519749604396321,0.278332461150332,0.444342712133261,0.326529325458226,0.465551262948999,0.307152228595611,0.444882912759343,0.467355946849756,0.146883995294508,0.649430150571346,0.0877208493551539,0.702997203577454,0.442295523413304,0.373572283277221,0.361521887737151,0.476823338885873,0.574863982098151,0.666593697271312,0.620717365724574,0.226047026197315,0.413522705246177,0.520601042145293,0.39093098286589,0.172311267405128,0.466056586690223,0.384971633465727,0.239719198223829,0.286491490380579,0.542597270141611,0.824804003146005,0.618144081869502,0.236393591050302,0.589803147122192,0.577804130647428,0.313872371951499,0.156604239270154,0.342911376242079,0.20594988651173,0.158600261245313,0.152068782283702,0.0637131113015323,0.145458429098098,0.630392393468092,0.328008797990469,0.299089066583684,0.471287757053768,0.616775204740031,0.576140074156197,0.0911449264376076,0.406527460949571,0.511798696307904,0.598060648598849,0.335593044825675,0.317500392673383,0.639809828719374,0.38613924717189,0.575165650603042
-24,0.261722809049334,0.212994070848265,0.423200718720233,0.444178011090854,0.0385658584932854,0.302167327144844,0.217952464927137,0.178324243884321,0.0454596678789196,0.303536635738124,0.0409852841917717,0.414593780228552,0.376248578513622,0.413245773698748,0.407130302093864,0.265242774441035,0.212774832513342,0.20363385116933,0.217400172152107,0.437700793024476,0.266636787667861,0.145250489407311,0.278707120256208,0.294070779014448,0.116291365189671,0.0873302998067946,0.228194840016123,0.293883390003798,0.213789895177926,0.0784471464472628,0.357832013650145,0.313989480269384,0.262053981020294,0.330813526527207,0.312118939658825,0.205538812395785,0.317893444876389,0.248730889928323,0.279905969219164,0.0760276005271884,0.275535477853882,0.141097229571109,0.269215093173997,0.158110317137764,0.289995976726971,0.266050599471423,0.137065887851531,0.238581539624457,0.0878960598393688,0.19723188037098,0.00908965309388857,0.144715424109812,0.129693721457839,0.203016547103978,0.198629829570823,0.210072870697425,0.271022865589709,0.112620983131584,0.332859122004855,0.313703735952415,0.0294383521852704,0.377826496811664,0.20568816849072,0.232826245432667,0.466655500864378,0.0280083610242927,0.338371235929024,0.340386920528215,0.275331945521977,0.435750056384387,0.14531385086306,0.324947140002821,0.391011353439782,0.209148941130841,0.330478407678718,0.215816701814149,0.380616236018046,0.284988033113387,0.449400098834548,0.40297990634762,0.124817684337096,0.488768699767272,0.0322681406639324,0.52764341652079,0.356341208410651,0.328823258389687,0.345436002750393,0.435625972377241,0.530457179555284,0.528899107266618,0.511966146455542,0.202790940215783,0.333273128993386,0.451148891061834,0.393695514078506,0.172835675542431,0.373438802787164,0.342799904039192,0.22349124923313,0.247190894177529,0.433449356941328,0.571868216043974,0.42104190427326,0.168077625341852,0.470977925957683,0.428114094154735,0.208001418565047,0.177083867337171,0.363766059311825,0.208793135971657,0.144598408257747,0.123010449274289,0.0599231376691517,0.0788102329795889,0.536105220796279,0.315797872032442,0.277142646455167,0.392344912883379,0.482771336596851,0.470506979640116,0.0906325794349716,0.397190677956191,0.405315790129913,0.441682763746424,0.229432515490559,0.286907472537159,0.545164800572048,0.37622297674801,0.52709689746717
-23.5,0.229009344575625,0.0748094990299952,0.366635704865885,0.30047675180752,0.0864200870037517,0.182820082478161,0.162292504540177,0.17071571014382,0.0497420944594154,0.204313474488112,0.0425359995350321,0.419917888157938,0.424054040893663,0.383034106688383,0.288657229669216,0.126153571738098,0.178822746243957,0.176260152872487,0.15680175450176,0.337830960527928,0.151673822385999,0.198385683401739,0.315074958902924,0.247175781170222,0.102220881889786,0.125550654813033,0.172463522522906,0.248147716658009,0.140873045714873,0.0746303564909888,0.28644797279049,0.31304266235384,0.357454277898727,0.296801317139796,0.246326473939421,0.173485381403912,0.259279732821065,0.204238123188166,0.313479250694972,0.105332648778877,0.236342090035957,0.103092293420445,0.190250217887263,0.108845878602033,0.293440874336768,0.221921303327235,0.149131257687758,0.259211557108579,0.0680949956683453,0.14988652854461,0.0338167070228484,0.175949747705681,0.146768622758046,0.265120312610885,0.237309454272811,0.244045788405511,0.248257931658828,0.144205937966825,0.263840941278825,0.299907185071473,0.013077531233601,0.333775778059382,0.222991202268872,0.196915088030793,0.422273176682312,0.0307152644465324,0.246471381306825,0.3339152631981,0.303614704527975,0.44344684356142,0.186734435540809,0.312462511819523,0.304665717498812,0.201287485394859,0.2281280640121,0.181024645478554,0.29182892317519,0.303540057152941,0.407143490910452,0.385834635572274,0.134825831528816,0.35996478831351,0.0664331892694893,0.425573646170094,0.25451128993149,0.294493801945219,0.274781819218991,0.401780189424445,0.433325980189826,0.382857586417372,0.391564445525516,0.157715173221928,0.240117350632217,0.384783854476184,0.334348287653713,0.127317972461253,0.340594912375613,0.310295996185634,0.179947948131156,0.173343288383713,0.333253825676325,0.435164896650649,0.305557368389427,0.158280957760022,0.309700834519337,0.276275057016724,0.227444929179198,0.156040423972553,0.320107007152877,0.151990505827732,0.095262235439071,0.0931366018728484,0.105394196920757,0.0874495108786241,0.513921445620079,0.394539352996777,0.3383045728704,0.311266512294064,0.398998299466735,0.362648939961271,0.0894410330363444,0.358525984044466,0.36482953348234,0.370958857735299,0.242826853418832,0.230488177031745,0.489910799263161,0.32609440981234,0.49903788188812
-23,0.226749532955027,0.11058552651651,0.321289140353124,0.138013698490718,0.128205882811732,0.234520932163231,0.151426254245616,0.127947784391877,0.041284968145162,0.117529466854689,0.0983781488739107,0.337959355825333,0.386573201147357,0.306361906689633,0.189989493805444,0.00567855340666899,0.236550452508763,0.160506972250048,0.183323530762063,0.315518969336641,0.0967831681236264,0.210771313565506,0.289220370385212,0.170742677808892,0.121561285305641,0.0682835450312285,0.0759171317055856,0.179726820038382,0.054257699637654,0.117578621007036,0.227050072971414,0.204620331639133,0.33063791750448,0.303872442868579,0.149734702608969,0.116800041161771,0.225535426996966,0.159200641090821,0.317015610267059,0.123650320452806,0.193382976188659,0.106308902235972,0.122009319746113,0.0631517653266299,0.290363964964009,0.182617370021676,0.130929929172042,0.238234982111203,0.0659518523631331,0.162460721327601,0.0549161327779178,0.188402680251022,0.180058977384852,0.265787268895814,0.228434398134599,0.264709236532197,0.268317027405344,0.157200672580549,0.227678888515058,0.280666512727942,0.0163095191981003,0.262429960314201,0.231422640621328,0.151035714646745,0.310799021267307,0.0381815175895993,0.198525492671916,0.306397363417726,0.293077475485922,0.348629406123694,0.159704738837846,0.276809129655422,0.239099833864985,0.211095927875595,0.224317043722235,0.224204006519546,0.210376152289601,0.292277623481845,0.378082173488066,0.293467825654678,0.111170449421655,0.29814507056139,0.0435223118007068,0.361302388554675,0.222404285854989,0.272813890014979,0.175382934236533,0.351029313820563,0.317503844252605,0.286149693797019,0.311064683947822,0.184792402802032,0.216268135614727,0.366977916178997,0.297530670406876,0.145976283350412,0.307368152667773,0.242998959446457,0.163269210421754,0.0662158492698127,0.270072481430214,0.360073427217913,0.257340800152553,0.131078037615335,0.161540251622232,0.217952158409614,0.272662572150126,0.105595616132887,0.274512747582957,0.121452555954894,0.172940831566469,0.0576273467396857,0.17603758328751,0.064020720038971,0.439940119184288,0.30287647526608,0.265234364943628,0.237575471710815,0.326750472711752,0.281171139327581,0.0940046117397374,0.268023002459219,0.368826280835742,0.435228327747145,0.311775411938815,0.175014376340904,0.408613927131535,0.293059272146664,0.458392146831311
-22.5,0.241041391878664,0.0937384830369427,0.239832139865162,0.0606213503810446,0.108901632111169,0.217465126609854,0.0905344650203816,0.114047030571069,0.0291445319363612,0.127094277367713,0.0750487192511303,0.213691849059236,0.262969771503435,0.166278839553786,0.0636189199434423,0.0503085000200828,0.234757306860114,0.12626793961118,0.150993132850012,0.233537040307362,0.0406627494051681,0.258937180222812,0.275564074481706,0.0762279929563275,0.102708874031633,0.0201117316778655,0.0745348866369103,0.0875362028919013,0.012572834075761,0.11274233938379,0.176599673087432,0.142051964904891,0.289861158304773,0.299149722232935,0.144946540946444,0.132980840120711,0.242983965298626,0.128114877247268,0.320699904750744,0.13780248625882,0.152335602932496,0.0780808598471126,0.0539165011499201,0.0474490242048205,0.215329503654828,0.15737872807105,0.0937349711193965,0.176220609327643,0.0580043131926878,0.158193709460128,0.0351897020177524,0.152265828206065,0.182033350480761,0.235293591618468,0.181533715465824,0.233484716642862,0.243606431489101,0.141655974437055,0.159819038705805,0.175382853841977,0.0249483893275508,0.101149504153875,0.13993233735403,0.139355421200755,0.216316280988424,0.0554918726276997,0.158827229634156,0.192712876467353,0.195341432625822,0.26343251495681,0.120251731676237,0.249299401806979,0.251592874114159,0.20410420195313,0.210865610867881,0.191001799761301,0.153497588733654,0.210146676584439,0.297251584674538,0.253166992755488,0.0624882554750721,0.254488307674082,0.0459189138487389,0.309777135232324,0.150115019057109,0.196251301512226,0.0964040244165143,0.266456207340662,0.23762450395678,0.220577888714978,0.216612306276959,0.194556542019772,0.207939959004668,0.271269972370146,0.154098860847304,0.165351698703337,0.242477014103862,0.182030542278544,0.146883749830616,0.037841443364933,0.266547921684021,0.374920351385523,0.292028230380618,0.141733415405353,0.0969917174825901,0.207691045015311,0.211865405877293,0.0322882598780502,0.192886446072336,0.13762139146522,0.183306550731039,0.0477467125564244,0.115873289367866,0.144242534195358,0.383003520293254,0.211912548345697,0.177042366592079,0.173991268722695,0.244075201299507,0.239215227553346,0.102034659800964,0.18886306497494,0.367992162128982,0.467662030981836,0.246085418898648,0.0806224573522696,0.326000355657679,0.176420609885451,0.382359009896768
-22,0.233977786592292,0.0713635261437834,0.160898695428376,0.133352006137914,0.0520024758479446,0.167770106087743,0.0587819866014194,0.103170412450667,0.0266108615979979,0.146196393419022,0.0762233454103949,0.104000853733707,0.110897249201752,0.054530780303172,0.050742815443432,0.0961894614149144,0.217098258122324,0.0804348603566308,0.130477222960029,0.161366265118841,0.0453458596923532,0.228286489397321,0.172500300430159,0.0182326888256785,0.0869203340280906,0.0314767464612651,0.113399702315432,0.016550404169146,0.075238017509537,0.151734371398077,0.11086193785701,0.123816621850817,0.171328017000926,0.27389171882852,0.186407632503597,0.153324843167263,0.219830698368093,0.134277873094652,0.285967814645127,0.0714069492321689,0.10823221868837,0.0676428623502366,0.0297218236740185,0.0455319638672042,0.13796760503965,0.17202547506954,0.062829930904013,0.104453390271806,0.0727983224550069,0.149087962207418,0.0245998863000436,0.113111533248288,0.117285004023186,0.136487232653294,0.103585476726484,0.18785289701906,0.20929062970823,0.127711769963265,0.0986819976824788,0.107191606511076,0.0332501470274821,0.102879142355394,0.0622610554656132,0.137051481363907,0.147927159711282,0.043788186913866,0.143368305410954,0.0799004505240159,0.133917719616178,0.164006518601321,0.0702220148007577,0.202758805951269,0.212817985539371,0.0999530656269141,0.182537725465626,0.179182187424802,0.139930465888798,0.172892862131521,0.251946733093979,0.20982221623088,0.0816983080717065,0.194131329154842,0.0320737429174671,0.194284643521036,0.0773564512667467,0.125168867463141,0.081778919789728,0.137268763575953,0.212995763123913,0.194706279427667,0.122640067643677,0.207662611362142,0.200784881280784,0.178123942149256,0.099571371945729,0.16645116089046,0.15125415278954,0.0903522389721293,0.128481644005764,0.0509641280716551,0.176237667538886,0.258073066962657,0.246728076974754,0.108860940527927,0.135611406941735,0.199108610208481,0.158589663130174,0.0163668210461138,0.145193257448091,0.164480477217588,0.169796542337869,0.104935811994671,0.101501799789124,0.162089751073036,0.308750857374171,0.131053489515491,0.0856105684797292,0.143340596416986,0.142282544485456,0.161953809644776,0.106057454788608,0.137560830777835,0.301326922733568,0.431999638087519,0.18731253276178,0.110096115069258,0.327068301212115,0.0699891721284683,0.311115071371667
-21.5,0.133974006832435,0.0586433584492754,0.0856288905906351,0.119480291252062,0.00985197319323131,0.113030801867456,0.0653619586858141,0.172026186041175,0.101405903345363,0.141826557864501,0.0462275499156741,0.0775186294752528,0.0437318282082901,0.0734759844451455,0.0982630094623949,0.116292664320542,0.16479648242838,0.0458453384148117,0.0917083243241407,0.0911021110910438,0.0774113775440115,0.198491267224785,0.142027522929369,0.0750933705142928,0.0709792896285434,0.0433728854147068,0.1418427043088,0.0547490560200375,0.0722593238120891,0.187332244837772,0.0876701272965475,0.141377205701374,0.0602737256085238,0.224274424120152,0.199494931558953,0.150274252973078,0.160550850575207,0.106757922427057,0.216275653654641,0.0185247231511175,0.14794878912589,0.0623831387327097,0.0656280672737903,0.018238023798579,0.0137142385377599,0.130084730295189,0.0539105881041066,0.0578301792491598,0.0397966743785785,0.0893286647563359,0.050224966912753,0.0509400132198885,0.0454763202203363,0.0909868221260168,0.0252659642419304,0.128827712357437,0.140715899938365,0.0980812093864452,0.0964882935083981,0.0942553650554361,0.0687679336421439,0.176852970716786,0.021464638552844,0.12894237090042,0.0852012657722539,0.0455462860025192,0.102322561453498,0.043942867407075,0.0823181087825221,0.0621157117111189,0.0229994332214249,0.113427179117457,0.120040825682158,0.00421035756590898,0.0845856914003931,0.172072308068454,0.139711344002981,0.138239856781916,0.179981921075185,0.155882754523562,0.064233914065906,0.144161744302128,0.0405813294382759,0.0967306971988207,0.0534708410821641,0.0475173707698511,0.0731130522111042,0.0253714156769652,0.189525793970068,0.113856482598648,0.0336409299553829,0.13528104923179,0.119763937808882,0.0934017890951764,0.0882125650504401,0.112955753830272,0.0628498495386358,0.0413139542019295,0.0698314578948789,0.0793983466847029,0.115194513278994,0.177513531541429,0.193531613446343,0.0804243244988645,0.186083373708269,0.151986612883841,0.0900380771356611,0.0703083808327434,0.0570347758900938,0.0930371070713319,0.108426718116505,0.106913476476018,0.0694874774908776,0.155763377062688,0.233836714174475,0.0777298960910364,0.0474085563096652,0.103760134151195,0.0667895906005435,0.0650487038888431,0.126265974418137,0.108545998688439,0.222388333813531,0.325787371957777,0.141972062087143,0.148541795273934,0.328326293934564,0.0709810721397507,0.227424830562492
-21,0.0297060826053808,0.0290659151588039,0.0158982362353408,0.0750497282143841,0.0693397132955893,0.0538697245941004,0.0779843785426894,0.164104956791254,0.114560477099797,0.118521156126978,0.0158811097776024,0.110628375299133,0.103142259258571,0.0985846148998253,0.140625773602595,0.158199096686272,0.104649195992499,0.0639279184130284,0.0503782188884306,0.0281978079123799,0.0932906435071368,0.129755791840752,0.116679438046272,0.110414560604205,0.0623279431278052,0.0219451812056988,0.091462238624944,0.0845851830452781,0.0449669077719117,0.190294051384469,0.0704431210242339,0.0809843717105783,0.0365105792379861,0.165983606849775,0.199087979068576,0.144995500134748,0.0948084354279304,0.0714327686972693,0.144789074243996,0.0333840928412529,0.17982301436671,0.0619883076063471,0.113602837358385,0.0162337103075872,0.117231296924733,0.14879937696413,0.0974207931896483,0.0175181608292265,0.0328669422243637,0.04794717349696,0.0710479807978118,0.0225476585104605,0.00809674976879421,0.0845064815995695,0.0490054815632072,0.080434692989627,0.0762827627859188,0.0739629991160367,0.13234482078567,0.108215052331178,0.0939038541917718,0.235635158759048,0.0649821634557614,0.122712703707933,0.0487236582249422,0.0533041555233434,0.0563476530108714,0.112872053077478,0.07736068841012,0.104244722769734,0.0584936770085624,0.0642357253047878,0.0654785197833986,0.0678861178304692,0.0372764697978792,0.161948021973872,0.144412192569317,0.103473011710712,0.117909579671801,0.070847105988787,0.106390561671688,0.116056243351219,0.046312494287754,0.0398278925466794,0.107288516747746,0.0412163986895859,0.0896063655064956,0.0975881870124728,0.144894858998886,0.0374932235308776,0.104799138285468,0.067327040780862,0.0395735950355018,0.0770349180082079,0.0898755663186124,0.0579171303576625,0.0197781830863852,0.0230384637837357,0.053832086098798,0.113268764324373,0.0343264848687728,0.055666212828447,0.0832130263618383,0.096198000791267,0.187475203181521,0.0847758737661755,0.0600372331947032,0.101899856210318,0.0336572228578269,0.039169972655917,0.0646385299424349,0.120349953601882,0.0815314654326793,0.133142320790154,0.143779043281556,0.0547590608221191,0.0535236468750108,0.0324834873961101,0.108096403783027,0.0651468904963327,0.0835613200067685,0.058941471703306,0.111877073384027,0.174494888068084,0.111903383192839,0.150906138001528,0.274466706713972,0.106934285474977,0.130220063105927
-20.5,0.0446353460953668,0.0402180890683146,0.0916590919970659,0.0764709649458268,0.0778556453236557,0.0521002197799666,0.0667505188467975,0.14446478939022,0.115502459598619,0.0709166765855116,0.0473717618209804,0.122870805245249,0.121719892976308,0.0767942706836545,0.136859606439235,0.183419396955571,0.0651522731879035,0.0773934682632856,0.051034057620221,0.0571152231472224,0.0940760206374753,0.0732390011826893,0.104958314146507,0.145590965638641,0.0331452937588961,0.0446214063573579,0.0189389461362379,0.131072212026592,0.0637780440638653,0.196751519142072,0.0651077905394762,0.0844097488036022,0.129823132699773,0.142635504542628,0.19310301451874,0.129210075315112,0.0442504505383119,0.0356780642597559,0.0989106989319013,0.00913408656174834,0.113654732836328,0.079771373983619,0.0813822406577759,0.0387361708769411,0.126190290735347,0.135616951253101,0.11939724010688,0.0429242711148931,0.0786159358574524,0.0384631157323521,0.0915921460107263,0.0387724557191486,0.0411988343137352,0.142358832833375,0.0888103289295277,0.0480386603677908,0.025790243433692,0.0431212217153842,0.0935426438898559,0.0790356820857139,0.0848252156486824,0.231127423083269,0.0716902702562202,0.132170838655098,0.0654113646004865,0.0246372026575205,0.00819549829157598,0.126348251252294,0.0792079990975016,0.174332939675674,0.0775515887848125,0.0738213300398242,0.0436577598174982,0.122500364707614,0.0692817493494825,0.172138703441826,0.143300011226663,0.0673917045451877,0.0944943799368474,0.0770112451855609,0.120044113143545,0.118869687683251,0.0614823376618211,0.130639459153885,0.135000915036698,0.0576115285225069,0.120832426403238,0.158808444035166,0.103464011085841,0.0805446562158651,0.178772823130479,0.0626899471502106,0.0362216432786414,0.103620225068761,0.0586519629231002,0.0319206417843222,0.087519267452266,0.0170050623534116,0.0613150160411113,0.106424324133057,0.074626253488571,0.159597813772133,0.026651435083097,0.119184316879622,0.109915000970076,0.0434482130401065,0.0821282516790653,0.137184164939911,0.0924818844116979,0.0125906751388592,0.0587955933644959,0.0895808148263452,0.0592606229650301,0.0582178975219139,0.0722569708904424,0.0639266993779312,0.0617245271242545,0.0499342529895135,0.160651263314787,0.170044104197341,0.0617267128387813,0.055778706844742,0.0535391061150926,0.0407812306519149,0.0612513653425605,0.107012904228933,0.189136262779932,0.0960367350328216,0.0323774055946835
-20,0.0774442913952051,0.0663541120261438,0.153159029200072,0.107286949289402,0.052715404617926,0.0609633975643606,0.052086088242914,0.0973422173193803,0.0846714837696028,0.0808077099073571,0.0954473169340328,0.115568249179466,0.125156785418126,0.0704837811239689,0.13779251340328,0.200290769106545,0.0424939902654039,0.0790728553013206,0.121898000009411,0.113303289484005,0.0728439340434678,0.0731040737174854,0.0760934202965973,0.144323420312657,0.0439521043294883,0.0269408896900788,0.0580816379097364,0.148333476476202,0.0893147975022769,0.21083836294362,0.071832618939422,0.069839717514544,0.126676359216095,0.168728358083756,0.150337828285635,0.0979470835005162,0.0471080094437887,0.0390311701653192,0.0749451972690914,0.0381258545059041,0.0456559303759711,0.0864540678803085,0.0543557308985441,0.0555403894975108,0.124297113783224,0.0817456456717614,0.107108155319756,0.0636887756404973,0.116007697957071,0.0524358985782067,0.121125786678878,0.0466184294053322,0.0268538049098692,0.130883268760277,0.0969998171059496,0.0374519795996268,0.0181162921928595,0.0159763950624092,0.0677451931818128,0.0933775107261692,0.0689567577348251,0.228378459143045,0.0865828828272429,0.148488508624727,0.0842254189562867,0.0169118860023246,0.0422250135385577,0.134503728984635,0.130920354268788,0.220327098105592,0.0724378250749067,0.0724269273235892,0.0356419432412449,0.104031952707947,0.0719667314598276,0.173238021433209,0.129663230039191,0.0470474424032188,0.100626551548302,0.0795349716932238,0.100695237376488,0.140023072754998,0.0645833294899498,0.152938633048556,0.131827662113894,0.063069077414205,0.124117641082824,0.175314509385777,0.0541213809659858,0.132013001508369,0.218244965204642,0.12803185221067,0.112686885753215,0.134207875576001,0.0533942200787748,0.0647652240718662,0.127495547999724,0.0307202216026677,0.0742014945261319,0.0768353956425885,0.0938375807944946,0.154085154871295,0.0556602604028624,0.124626913694904,0.0951239023009851,0.0472000150347551,0.071735282816683,0.132198929069075,0.127702166424632,0.0603391226497502,0.0491421415617408,0.0590962050737545,0.0414782899230169,0.0229635552944227,0.088943874723729,0.0888944128633844,0.0247465233209476,0.113166487420452,0.184292604330797,0.217737289749373,0.0682646472169425,0.0640670970423869,0.062119252815438,0.0883541633093758,0.0202757455030409,0.0561053644572894,0.110638133360836,0.0892545370518933,0.0811968497839247
-19.5,0.089491665494433,0.0693128689018344,0.109279876328282,0.0700905821983451,0.0584122548897297,0.0758691917082608,0.0309661558676208,0.048674321751666,0.0552238289572811,0.100755874608174,0.107059906404858,0.101841901383428,0.116085811796349,0.0908837250154558,0.151789419666658,0.19122146488947,0.024627970044701,0.0905275158450412,0.0788090713640415,0.0823910917022959,0.0809551969085468,0.108932612160468,0.055619755114353,0.120556589163592,0.026777912649578,0.0068460657781914,0.0606330793058313,0.118186906219354,0.0612789586989392,0.170916651947381,0.0692392403601534,0.0615842791659356,0.124958598107389,0.158911694587021,0.0876129143631131,0.0861562422724807,0.0710220365731145,0.0625190529856254,0.0791751786033815,0.0590130016231996,0.0122509393471466,0.0429116995998728,0.0511304600318953,0.0692012576354474,0.107564890597483,0.0905967953807279,0.109316309560385,0.0706270476641289,0.0853893511675585,0.10174987232897,0.121637005412927,0.0375136929829901,0.0628485826391821,0.169094812128655,0.144901690513058,0.0327044645908989,0.0333708243848838,0.028974197310174,0.0436348706486861,0.0543842358639461,0.0715150871376671,0.194768951186446,0.0982591917997461,0.162470164734693,0.0893893496061078,0.0390678855137823,0.0398009297396537,0.117331837063954,0.129372503501063,0.227000376812085,0.0771108452553094,0.0627461404267158,0.0317309723722061,0.091724405084672,0.0752888502781773,0.12999353600869,0.133396757357131,0.0744740014489246,0.0805551757817348,0.0664293893579013,0.0892305594991877,0.172712124332799,0.0886582499363774,0.134934709014318,0.0650021607959232,0.0513201409015266,0.0872986738111932,0.144999616294888,0.0334583130179238,0.105123293490436,0.196456254005346,0.154690878898568,0.106548659414353,0.130760793624281,0.0422647849586444,0.0606024511194844,0.124469388152747,0.0261151915379719,0.0911078503540072,0.0699404657388756,0.119458065641964,0.171638161225683,0.0799675027348646,0.10523900016704,0.083384325950024,0.0297020949327782,0.0151177535423667,0.0816580897200484,0.0998477201490563,0.0688846926342923,0.0637619345787649,0.0869139831628426,0.0782350317049378,0.0340133431371909,0.117595715767545,0.107960472819544,0.019721882989847,0.135018287151283,0.206383479060724,0.255715431519578,0.064304607780413,0.067987341188606,0.103428863105387,0.138683137169388,0.0335705207339086,0.00667003534566887,0.044833790672055,0.0234085896457386,0.0724910471470149
-19,0.167461002240231,0.0627216742904323,0.0515461651556054,0.041708763280935,0.0768115825646056,0.0956508184303291,0.00869449959596992,0.0254547890141079,0.0277151486114222,0.133728393330378,0.125550989487346,0.111218950740597,0.0924353059607989,0.105975897064466,0.181622199035111,0.192187568330822,0.047828398436391,0.110550923256749,0.0716848040576368,0.103763707975555,0.0742425893421839,0.0428403908780523,0.0974456548384369,0.0989448911698986,0.0171455551475484,0.0225981634572329,0.0406041672156438,0.108213212368639,0.0621627990827732,0.156300840077668,0.0732649546600913,0.0370302061740814,0.113955921698749,0.146719709513435,0.0428931934711291,0.0874379211356532,0.115796163762702,0.0918979529215355,0.062704622609995,0.0739470323424443,0.0324905286667184,0.0197827761595185,0.0724132200783751,0.0681684049628894,0.0879115720446567,0.146237203632432,0.158101593351444,0.0903862358704482,0.0983669725937176,0.134603654440303,0.103553234338034,0.024941714644725,0.083810184906511,0.161125525238826,0.140313347521775,0.0478962402017206,0.0670293630115358,0.0519294611434594,0.0681639523578377,0.0460158696914604,0.0585751682664517,0.154467475209367,0.125263311216214,0.190764998337786,0.121122750881222,0.0944037883947401,0.100116642462106,0.120372883318546,0.0778399596100163,0.196124500754552,0.122473217981233,0.083902759747666,0.0449462204033462,0.0653001450925611,0.0503083410669022,0.119035618979931,0.142300005083935,0.091028397121197,0.100558342645007,0.0802360712704719,0.0642292413449212,0.162535416691475,0.0711322139196795,0.0941737679320653,0.0615066172732824,0.0449586836652439,0.0310391729393647,0.0787440081038511,0.0369351143614284,0.0790978041212785,0.151795159892093,0.155324050141748,0.0891379997483449,0.140338163876751,0.094911060290631,0.0531844898674333,0.109786093734526,0.038355902526145,0.12424829279451,0.092546199297361,0.0532248139825294,0.117079662669241,0.0776654949396393,0.0937169520637497,0.0619912188705249,0.0650879620808438,0.051107763564838,0.0481448947013838,0.0841141242754005,0.105316182531378,0.0732982791321832,0.114959503977315,0.113186445321409,0.0604267894194372,0.140512492365222,0.0925325120319755,0.00382533404751876,0.159361256430982,0.213452275842793,0.190027697147422,0.0203230582875698,0.0517515948772943,0.104086839254053,0.150625125451769,0.07969814289033,0.0613561192985992,0.0382346913232361,0.107931607335401,0.174423974387819
-18.5,0.214092242810769,0.0324343795403279,0.114851588508479,0.0688582207037101,0.0505483397362621,0.0823786678939442,0.0080507395005867,0.0309419220032945,0.0436258337998511,0.0871349140640973,0.0709875153814908,0.111912690226147,0.104926554838052,0.125731765999129,0.175482804446633,0.15024401192167,0.0758605328231235,0.0974761877005488,0.0819521728041355,0.133982855784748,0.0834245325305613,0.0527205698656058,0.140945118105701,0.0831879175152248,0.024133146911205,0.0285036048832671,0.027645667335136,0.115132921166569,0.0883122480410239,0.167915225812624,0.0806246492827975,0.0145030510331755,0.114396367836121,0.149487569032051,0.0446554686519507,0.071799701591754,0.158626819487571,0.10804303319872,0.0641835977720747,0.112005400887722,0.0867460266862283,0.0435131484403786,0.0936008596384106,0.0567863370997978,0.0573676545292377,0.150511843404656,0.180486143258036,0.135268963357362,0.135005650877017,0.122566796980759,0.0685106171978726,0.0683386397876435,0.0446207513288285,0.178563015575731,0.121453731997194,0.0791829811968188,0.105717188623863,0.0456542911304805,0.118878357940033,0.0894051286094246,0.071031826900663,0.145718047681656,0.155106971814672,0.195730887142404,0.152061483233042,0.0873672870626282,0.133188289233875,0.0928677123169179,0.0260419350586652,0.188172298360731,0.129860975294929,0.106499045272862,0.0747052670534638,0.0361103927724813,0.00531898806547493,0.0917345994893629,0.112367789972709,0.0904093415826847,0.143344640446261,0.0795411021107627,0.0672164380233169,0.149954530400116,0.0338704702586197,0.131712322852968,0.0723437802511495,0.0383215078941901,0.0155674209400551,0.0630739100825168,0.0396720734944067,0.0837465090063789,0.13833111249447,0.171045414054159,0.0957925484931261,0.107364576731784,0.0902375984427599,0.0358466264400836,0.109134857595258,0.00789633383507498,0.069874438082271,0.0374647099825929,0.124216347216123,0.173185620581323,0.0914759989042323,0.0712422088610334,0.0126074948932031,0.104766305319679,0.0617725890374481,0.0302338490948446,0.0600757117134889,0.102367074422937,0.0584540660083035,0.100246539781786,0.114190063575073,0.111103233709695,0.169560300393923,0.0718724812302007,0.0457248149910062,0.16177014054502,0.220346897951357,0.180719181955524,0.0398322459231296,0.0590769932914916,0.118390776068922,0.143819477029445,0.103012399701362,0.0619063228068061,0.0217798171873555,0.0935553062993202,0.227789151271994
-18,0.24563245383992,0.0241778250273201,0.190444216367962,0.122036569242095,0.100513601655363,0.047289203703766,0.0136644041809092,0.0306020370943972,0.070501822471087,0.10952770316938,0.0324313414998925,0.11966665175128,0.144933129520967,0.128513774163052,0.168616869767434,0.115812203868062,0.0884919581525519,0.0625813231524134,0.119361269047915,0.175903467932951,0.0885012873325494,0.0794526837785783,0.148026621165804,0.0814229138611349,0.0463294342603116,0.0437533914227814,0.0103064411805452,0.12183388951213,0.122633350011542,0.145856667562212,0.0471040434319176,0.0199082146623269,0.151827111858282,0.159913082021,0.0405846039248171,0.0657731569574325,0.188206635397126,0.125213965457694,0.0746441922543564,0.119311341815065,0.116804795579963,0.0690998086419567,0.100376221864884,0.100578755876522,0.0989771878618699,0.167835126800136,0.182514383559486,0.170210876828636,0.165533770334027,0.117432966287808,0.0490154204229917,0.102412162113917,0.0231363004862585,0.142949991915037,0.0788325035810191,0.0657692505969433,0.0990080976476247,0.0375410338593007,0.154429990318377,0.124771608809896,0.0611231718439586,0.142797221661299,0.183785525245212,0.186309796110372,0.163468417143171,0.0972873416356111,0.163275516209813,0.0937648081380249,0.044141544110595,0.185444272418591,0.0928141553391116,0.101177202162689,0.0403467721800098,0.0609916254638962,0.00859305619255188,0.0710775275572852,0.112771634268565,0.133363945344473,0.186776388637665,0.0864925805091414,0.0688024946555869,0.153722105594839,0.0813824923239905,0.130239917669221,0.0696065115267101,0.0264771861253308,0.0505639288307876,0.105123024853956,0.0494491630401792,0.0903077290651398,0.119001657886419,0.160652913499309,0.113308045527656,0.0823060172529801,0.0716999204337645,0.0198061912361907,0.141126728451583,0.0618493645976347,0.0110879921393666,0.0632477301605408,0.16749489839038,0.209904685615129,0.117512155726464,0.0556032671895793,0.0609227966246442,0.117630311983052,0.0666272015970284,0.0500558599075341,0.0751883454103984,0.122522057567483,0.0812864885485891,0.0941919871565282,0.116642501978328,0.164825692107519,0.189188231733947,0.0883709560867186,0.0680935207145507,0.168259089940957,0.177679995409737,0.17049153213152,0.0268077403451669,0.0535500398814761,0.114767619419734,0.174294770497343,0.127122170471563,0.0256209480793182,0.041750909956196,0.0502283419764951,0.221072456153054
-17.5,0.160533250214622,0.0326372531919032,0.211349772132734,0.131692595074914,0.103495659161584,0.0400006101423475,0.0229720337254002,0.0383059322752379,0.10515020608927,0.132414842377426,0.0470499740645816,0.113621434956895,0.138446074473674,0.0902605247919445,0.15348449163831,0.0943267280000496,0.127176149980929,0.0602004732431432,0.110220837761313,0.175639183550678,0.0623725826804057,0.114610051534209,0.153187386686335,0.0759922389058058,0.0897079428169224,0.0444666728500766,0.0183439871575691,0.0917492869472602,0.0549076328056338,0.0903461243391562,0.0293781801399749,0.0399714527929133,0.178078466261988,0.172951963159467,0.0608661987601252,0.0978651392027814,0.184527834034679,0.10670044692988,0.0612339390304392,0.0986207792656762,0.0813340974073653,0.0458475866410816,0.0832675859371261,0.0744985275406043,0.0745026632966467,0.160217932719887,0.174736157470773,0.204568855236752,0.150059204354969,0.119530295138419,0.0469452520463072,0.0738345349425658,0.00746060533851635,0.110229002737591,0.0689470742506949,0.0769518567712165,0.0866583904300633,0.0148367397166052,0.121047959776648,0.106856000382356,0.0418488271266737,0.0625744570707189,0.154770171457019,0.138918303639538,0.13884511899387,0.0275143277234088,0.129787111489789,0.114076261665144,0.0998630468982183,0.179011441113533,0.0449127278431714,0.0772959786218046,0.0334598464503589,0.102076242763972,0.0234391525818823,0.0430711127038795,0.0724610412251174,0.21198337549841,0.208574066510398,0.0835485190352449,0.0639912723688057,0.158621699548426,0.151070058543552,0.124641144236548,0.0740943598196767,0.020338939409094,0.0685004552724913,0.142118149661118,0.0522905760502036,0.119109968850172,0.0919138485145023,0.113657959118685,0.0836493831267983,0.0564600980249434,0.0986107802786556,0.0279240861973865,0.148076509529428,0.0831412429252693,0.0220367773872664,0.104824554433582,0.205394858281926,0.240779582592442,0.153282616577574,0.00982290773175408,0.0905549606634943,0.105580594323726,0.0653728950769388,0.0820277741755148,0.087183553245566,0.0556925525769414,0.0758244345015266,0.0975943621897851,0.107098390789472,0.173232806475835,0.216606959532189,0.127322050729284,0.0411368713925487,0.16365995313982,0.110888246379031,0.152798431178453,0.0343592142782265,0.0429891042008521,0.134072207054274,0.219511472774924,0.121705782460047,0.02609385605278,0.0653312550506948,0.0227002792681483,0.145623938452424
-17,0.0641598552071388,0.0455284758612306,0.215051209628357,0.132909214423422,0.0685424992908047,0.0367393477821448,0.0522445137323086,0.0176887045763712,0.127092414575939,0.19618390869892,0.0878822919184199,0.0787145068385865,0.107351932115109,0.0365806959553974,0.152959251038902,0.0852589954959726,0.196556847411387,0.0838132982163825,0.106016014992612,0.195927837653083,0.0687677379034639,0.132172115473744,0.126513373853605,0.0728293814193391,0.103330320348901,0.0532953763538992,0.0557088259283565,0.0659175484014886,0.0435807719504289,0.062467300212285,0.0442681940437616,0.0344976658733105,0.122349696134506,0.148169802294308,0.0957221310878205,0.0899251849137239,0.118904153588117,0.0766046611247413,0.0189871454953121,0.0648010736850705,0.0439194886622779,0.0182371012622425,0.0549684699644961,0.0431856403412136,0.052370724467156,0.128149348665941,0.141610874566827,0.225220330886037,0.17465086844448,0.148837764590571,0.0641257785422368,0.061250572865095,0.0480128261966649,0.024894523061041,0.0644258777768804,0.102313706396094,0.073984182301116,0.0275298556479659,0.093320259703343,0.100228001799826,0.0714675311192503,0.011064615335456,0.127092201355533,0.0786839667800216,0.0754667693116446,0.0608751367292995,0.196163018196845,0.148752962451074,0.100091234870201,0.110829628515463,0.025764264997129,0.024759785301485,0.0889146292571131,0.101360396691945,0.0439911534558165,0.023132872860259,0.015075829869872,0.162121298284376,0.120920508544322,0.101229466641738,0.0646435571569104,0.148663064746832,0.171679634717221,0.128445748331695,0.110839972662467,0.0406169114075825,0.0912858417460372,0.165696913189112,0.0503359454540163,0.154082469976032,0.0580456687688208,0.0492461033719252,0.0447637799575211,0.0921198646444276,0.143795257923946,0.0393696737065395,0.127996532566502,0.0879749911836309,0.0442026183283912,0.119746718197225,0.196539857029672,0.175645645976675,0.14642727701952,0.0593527739576963,0.126679905520364,0.0937212811839266,0.0857235034824973,0.0643329126119868,0.0576575686921048,0.0405297660258683,0.0895052165156096,0.119150895198553,0.0961439529921805,0.134564776187989,0.221824854180375,0.117410517132343,0.0419444483874336,0.121988817470604,0.0646321873726741,0.0909876403611142,0.00823171414274091,0.0426234982799504,0.126945168272574,0.237532320073472,0.112782276703825,0.0609244241476739,0.0887550976779231,0.0568485343994661,0.0736088497922461
-16.5,0.0777982373254134,0.0663305110095941,0.170250777317026,0.106493291472313,0.0481217101880772,0.0468314963274235,0.0622335716564987,0.0338802153880261,0.104393855793645,0.184973404335125,0.10241025272165,0.0634513359524437,0.0465266205462435,0.0520075343091064,0.135419903951267,0.0814099081134686,0.161457273513386,0.077216881162648,0.0531983585801056,0.147438255345777,0.0847681985628848,0.138098498451318,0.0766460241486403,0.0602968383789924,0.025121673401383,0.0708174880297193,0.131794203369582,0.082538334820834,0.115647671262378,0.0624089549665382,0.0325378889298168,0.0141022833718361,0.0687257432269569,0.100675253529198,0.104423647837722,0.0693389483582211,0.0555119756106059,0.0721432374129605,0.0470914353254467,0.0528372507347589,0.0297225386900789,0.0255120184752977,0.0603912780732336,0.0580651982831764,0.0782133677745376,0.107555946110924,0.135236775738201,0.198582979089212,0.0896477418614338,0.107843908444943,0.0942821828547067,0.0462816984036269,0.0924114969374084,0.0614733233972057,0.0841386366348874,0.117929785780011,0.0481920239310081,0.016717017668621,0.0732448401996882,0.06825290613277,0.0603328111470423,0.059691522608851,0.0900866100971066,0.0472708257430411,0.0313582753825001,0.114922791502014,0.190131809179648,0.128607546326009,0.073053289362497,0.0561429662848068,0.0566250929685854,0.0383455603807708,0.130629827977724,0.0981437704384027,0.0853073465763046,0.0251784546145461,0.0618901101670877,0.03660143414727,0.0103672991264986,0.0831788316365539,0.0578050842463368,0.135569363806669,0.168578903148997,0.129528357459841,0.122758508825694,0.0633305826398275,0.0838037305627629,0.134088784178164,0.0312486375410932,0.120592634429888,0.0588207848744473,0.0563064042079116,0.0415181697798789,0.108915663775606,0.123930447861731,0.0535496393641779,0.0971490217203101,0.0573068963450495,0.0375655033919672,0.113315546852119,0.152052806151318,0.130944795149335,0.154479720544194,0.0551185382131425,0.108328847185206,0.112192836417975,0.102901652476407,0.0282960902277742,0.0289790919040818,0.056511677879194,0.121503773401389,0.123582447959866,0.0848284984979965,0.132306702358216,0.190011070779196,0.0912812211222517,0.04837317839466,0.0444496454425859,0.0772210315725133,0.065924322697058,0.0487278794876807,0.0524304197539209,0.112854007265725,0.20953599961147,0.0710603479188101,0.090219485338594,0.10156530400951,0.0377973906186594,0.0995187117468013
-16,0.149166066071452,0.114960769494525,0.144230036181444,0.0865960685039199,0.0251361771267279,0.115163395012568,0.0775855228176992,0.0511857112862201,0.110030097591386,0.151574920815678,0.0898962581656602,0.0500707629962781,0.0257545751905349,0.106435854870887,0.184062895008839,0.0670839203768042,0.115153241960935,0.0676565478476119,0.0138108227714458,0.108471056709564,0.122632155943492,0.0500479866713779,0.0453396045427788,0.0417110342271294,0.0350020898362957,0.0402958147265014,0.16997467135386,0.0987333350886921,0.172030076602005,0.0808994868228075,0.0272193768332541,0.0749071344155494,0.0193921177302856,0.0591279035838281,0.118167093301766,0.0785542340606198,0.0307204171100223,0.0693142180311891,0.0975407785244475,0.0501800078766051,0.0399278062569216,0.0293993177749018,0.0763153345292232,0.0691631069926706,0.108220939093104,0.110425005766222,0.117778955577064,0.12924207908542,0.0781613839303808,0.0890516572945171,0.0999281273814973,0.0558325823068497,0.1311459315509,0.113459748525196,0.12241754181214,0.124448557380475,0.0305555193474213,0.0471311608151568,0.0656334848351789,0.0933856384342028,0.0387766547565262,0.0994020838414496,0.0740356763993234,0.0261038892007374,0.0403081352809509,0.132466415853428,0.186677887200918,0.170034916049204,0.032635710835715,0.0360646606361161,0.0739443657218742,0.0760631363906844,0.144797331530953,0.0958966786603033,0.107138944793661,0.0379726421887896,0.145057408225918,0.0494297037743275,0.0642118178655389,0.0778549316778872,0.0517629346315228,0.115867675130288,0.186987251081769,0.133234256565674,0.131490072071105,0.0930801077501664,0.0823995222403942,0.0864960942318973,0.00789302247121039,0.0734247332805395,0.0849033963645581,0.0865213938702242,0.047545139313594,0.130630240904298,0.138608018321385,0.0624815718572831,0.0799445663819261,0.0210905512534587,0.0502565758143575,0.0936350565733541,0.0605719134690296,0.101452802307474,0.150763663975039,0.0572948412868269,0.0762658568939332,0.124665392473658,0.107089323271493,0.0417595753124249,0.0475049102347649,0.0780423179714552,0.149137107896508,0.151802045190631,0.0798472522283928,0.107800475873662,0.13529543170309,0.0509897304862207,0.0590551581307212,0.0551358414129789,0.112859602431169,0.0821625309132769,0.0453141411852792,0.0624878190047225,0.10980853021887,0.157924313924101,0.0371709018816101,0.104742913045518,0.112705384372131,0.018879159051502,0.169792602570219
-15.5,0.101529051426063,0.129363398241302,0.145020104672952,0.0970839877485779,0.04816156033172,0.126272889406029,0.0549441045657061,0.0854718248430705,0.11585971938405,0.0781612654148173,0.0529343735505069,0.0567940522999047,0.0593362098829091,0.113140605600929,0.193593719763515,0.0640696048287197,0.0734494232808257,0.0607372186989348,0.00882567369553567,0.0743326812606339,0.129974520034028,0.0309108501459338,0.151061924616824,0.0724407942695119,0.0177821773983179,0.0954307867926784,0.208698728515472,0.110923439753655,0.174923986552087,0.0817676449193337,0.0728936973931273,0.127344099454071,0.0368841282080101,0.00560751981810833,0.140085907679718,0.0613184479357257,0.0821378578724229,0.0426719290031848,0.0982773262324125,0.0596724086931323,0.00763195355308253,0.0068677590288162,0.0374580707709051,0.0171242635570794,0.159597459936746,0.12870059972167,0.102958938872795,0.116715724842339,0.0599719384423989,0.0584583597817691,0.113308497612296,0.0936985769033197,0.113677511422639,0.158281743633339,0.133953524233834,0.0950520237815077,0.0174893987278139,0.0465023903557202,0.0485512080162346,0.101679329292733,0.0319029621185652,0.108148190128872,0.068038224488925,0.0135676948986877,0.0819728051410101,0.0703866792167035,0.158844424607779,0.195117759584036,0.0370655996549452,0.0816965716702705,0.0903130899701145,0.100770812865264,0.161792655899038,0.0880931209223151,0.107637779054962,0.0288936683816983,0.202295993144024,0.106444134276692,0.122508388765498,0.106832076327517,0.0459210977884865,0.0836057048078546,0.196524602489809,0.168736285623659,0.139305809931371,0.136898452808678,0.0679992553748378,0.10166994123114,0.0578838479188138,0.0597784895098573,0.126480828264415,0.104803017102124,0.0835598454776672,0.0949714725761434,0.107410358199733,0.0607975413124343,0.0626974994897013,0.0598206850685078,0.0981027571771373,0.0501945910538249,0.0584547892770603,0.163881088855608,0.16071873982959,0.0790188892991376,0.0634062884059716,0.151025881312755,0.11809417244458,0.0711472738896602,0.0887127877463575,0.0845875069862609,0.141590188109415,0.169659801186413,0.0711340555525663,0.0670047019495608,0.172004768747585,0.126367469503348,0.0590698315997381,0.0951606358159581,0.165831117417709,0.141348279929344,0.0898241141777602,0.148196223056563,0.124837316832615,0.167744317093221,0.0345179586706037,0.113112884601512,0.147836770553617,0.0312298302746465,0.155020755731659
-15,0.0467094909476077,0.118931957322785,0.115889656486249,0.112697226506145,0.0800160084573908,0.108069960207567,0.0459174747282186,0.0784268398336636,0.0993096409311074,0.0719938038531723,0.0285530874228411,0.125428001304606,0.111653112797183,0.107475187930936,0.189709339781564,0.0882135009077459,0.035223397276311,0.0316267250890402,0.0438592701346972,0.0462035733865387,0.0590503063137958,0.0244509330854807,0.162834593114431,0.0879416052506632,0.00509802782066032,0.115127992106079,0.204138812602669,0.109765309179599,0.156349854671063,0.135287561648928,0.0466792567684734,0.139944572230176,0.0595288688537068,0.0628589442985334,0.133375187865632,0.0128786403078188,0.0910683137695683,0.0602386995007016,0.051224315768227,0.044382540683312,0.0579931728423119,0.0168594385846001,0.0673912055337867,0.0563701382767581,0.219999915648056,0.160851178807187,0.105004839432649,0.11957335955246,0.0563225984731316,0.0840112955833863,0.100664984717589,0.0871421947860613,0.0643949532522634,0.0940125964483581,0.106575763149981,0.0726156473067852,0.0391068229695164,0.0498571778301299,0.0621729151281012,0.0823087597467505,0.073473095845171,0.110310777819693,0.0589324411175462,0.0288679822477593,0.101497602097373,0.0391143371584788,0.126382798979715,0.203528656694411,0.0808554508959715,0.109089478519318,0.10895297132173,0.0959784626151268,0.139761183719511,0.0715883121683246,0.132994704730062,0.0441649359707251,0.216260369815739,0.132763492594761,0.151994287600321,0.113292294399906,0.00924069619015463,0.0549959078754069,0.117997868441778,0.152220743326575,0.129039854220279,0.139619207437276,0.0541379668440132,0.12603085380697,0.111746673578188,0.0817985645876338,0.143283283084586,0.135856797659264,0.124554742044396,0.0932005627972664,0.0907610970672059,0.0677533372751935,0.0395668400369489,0.153086109795808,0.152950536471681,0.00807604355316749,0.0881858011631302,0.16219830578022,0.119020948420984,0.0892748762800976,0.0621367832052041,0.158190476728228,0.1085821628865,0.0720411830490048,0.0952139582010512,0.0858409342448673,0.123429003966382,0.183103112128547,0.065929898495768,0.075649443445146,0.191891250409099,0.15195054256673,0.119436718342,0.14870179738783,0.210117965947063,0.195790275851843,0.0958835847566502,0.159853557983224,0.142311194077709,0.174115221978286,0.0370758548326958,0.110799286974624,0.159527318270553,0.0594235987477084,0.11854105244787
-14.5,0.0246631860780004,0.0806420845178168,0.0646484255943537,0.112117016226028,0.105390237912086,0.0509203531992176,0.065574894832499,0.0754702033697623,0.0657962036765961,0.0683467852995512,0.0125247972798749,0.133034849188593,0.110595198900346,0.0530555969314173,0.10918326895563,0.121895963207133,0.0446775673898991,0.0147152525115648,0.0666137827776622,0.00795832703111458,0.0512107705535531,0.0257862848130315,0.1598028781262,0.102723541287827,0.00794859011536102,0.113932207821402,0.175027549440844,0.0731527878425843,0.0852888663396135,0.141208673941826,0.0636348087760664,0.131670622826337,0.0779419420511642,0.0636580276527019,0.106638262988322,0.0448029294854311,0.0694425501149461,0.0814873884297859,0.0310120306832169,0.0459022054527612,0.0829010919309548,0.0332761760340701,0.0710680973980151,0.048865171083154,0.16123368659889,0.138051874094883,0.0904155298026394,0.0963333325964951,0.0608138106672564,0.0703080517314915,0.015783060766381,0.0177688400461083,0.0694454510451451,0.0211305867254905,0.078726470814584,0.0598363365813699,0.0624810068715484,0.0199691706668831,0.052757560063753,0.0923225727111432,0.108401720349593,0.11505638880562,0.0328323935389009,0.0695300031567023,0.0843015415026232,0.035023299155425,0.0690748741358476,0.15627219037192,0.0636339997688492,0.0967846481448536,0.0857212782418978,0.0808495228021356,0.103728007735994,0.0735801463209214,0.142276855509193,0.0451009450005412,0.14340000688418,0.123945777361381,0.131810250461143,0.0917338234274443,0.0442628877142825,0.0740386991734515,0.0617950774274405,0.0899579221251555,0.0485558799470311,0.0838563800107158,0.0477069912852468,0.107683348160176,0.086988433117171,0.0869801748741786,0.108565503365675,0.121971929915089,0.0925223228616982,0.0649380910915392,0.0322367434738841,0.0338873291257068,0.0300107640517947,0.152548314483936,0.114399605527391,0.070535009891669,0.127770475081039,0.155460020178214,0.0708256945052356,0.0948597003085586,0.0578676065693023,0.123284055171242,0.0697766311282829,0.0372113546734423,0.0901457529989982,0.0956024129129042,0.0853605350573721,0.18685027935519,0.0229941591810344,0.0944322816329162,0.189334372449129,0.161946251795554,0.141701669135109,0.11776750835879,0.217987880410931,0.231457749532999,0.0797223830310777,0.13933174386347,0.164449041794131,0.144867865546827,0.0626823054562598,0.074371485943142,0.13583757963711,0.0869714526079817,0.0360314144310271
-14,0.0727556826543653,0.0485396303893083,0.0173061034122509,0.124305004138226,0.130454420139138,0.0947344539694396,0.125636151371105,0.0905720791662508,0.0619869027652061,0.0335462659039656,0.0103442022748421,0.0719845104352617,0.08910365562673,0.0372620860982585,0.0345591638768112,0.14530801723196,0.123357152949308,0.0680528996241101,0.117939681459532,0.0308017082407467,0.105887783618587,0.0547289420581292,0.138786562794791,0.106458338626138,0.0354352686268646,0.0837788191978646,0.121261505621611,0.0272082280651933,0.0798572717899317,0.133116697880879,0.105918933458147,0.100157477295973,0.0633394664918086,0.0462351826834098,0.0706335854079991,0.0701881986614255,0.0612715086301682,0.0966336598892867,0.113705882558776,0.0266755445542469,0.0776295856149207,0.0365633775235908,0.0910138645455639,0.0427849057759821,0.138126548833387,0.106774650593342,0.0498058437597456,0.0619732066522687,0.0940142024523665,0.0929717622973703,0.0506286244525014,0.0787180770921627,0.115847650569364,0.0746572812375226,0.0924259041172897,0.0784372538122281,0.0550874679569501,0.0256440206882945,0.0809834102645825,0.105211144984469,0.0977165994034506,0.085458907382819,0.00983135478883705,0.116531120717424,0.0587458230137537,0.0556330570938115,0.0181152274751844,0.122080120586041,0.0428639989551519,0.0424133464917876,0.0681204693041538,0.050929363884958,0.0484258936136263,0.0508918125378467,0.104611644140633,0.0677843485408309,0.0537903383089403,0.0906403601890134,0.0797369695388918,0.0379191039799182,0.0467837601230872,0.0652355461541489,0.0296603536066045,0.0411147080310777,0.0391890730437481,0.0175320651462957,0.0483937778378064,0.0514697064806696,0.0349391012477218,0.126584932158317,0.0729091729626024,0.104137245649966,0.103705570605596,0.113464397891515,0.0610179472247628,0.0192168165803125,0.0533191104988737,0.110225976695436,0.0811125495920914,0.12249886199383,0.0869458134881532,0.0433846148825699,0.0586145887910025,0.112286886874828,0.0427599468570237,0.0913263045033453,0.0762482045444448,0.0204578896919629,0.0573131839230575,0.124108359906234,0.0417035048756906,0.190411515156889,0.117036625690787,0.143775985336062,0.13489455437339,0.0725874078675358,0.104708694266066,0.0217781078250386,0.13684384879493,0.154993590289099,0.0337562436475751,0.0811862682581636,0.0956837216157529,0.0756391204207441,0.0860776519093361,0.0520280151752637,0.0974603030925991,0.0938169499708668,0.0664560907630402
-13.5,0.112801078916609,0.0364688153285418,0.0868275519213738,0.106784560795088,0.0835559606458114,0.1440001378984,0.172893659529377,0.118560397360651,0.0772625362415472,0.0510864355070917,0.0230250152170307,0.0359413081454926,0.050559936474821,0.0430477676522437,0.00803238596286759,0.139092608309328,0.139091448776337,0.09799033323437,0.0841007204162586,0.0811828222793737,0.115919013283549,0.0837421869567778,0.109784932438541,0.104535946462687,0.0763752034969371,0.0513240710190655,0.0725788362523138,0.029875865372269,0.0781113068422049,0.169798501301227,0.145090325340571,0.0983804870311617,0.0399926411651886,0.0269619437014961,0.0212054099895676,0.0743527599391545,0.0654483024651375,0.0857605042755299,0.187352617669008,0.0973398389584509,0.0534323559308397,0.0275090206051578,0.0995792439993183,0.0306359345218461,0.114841082034361,0.0463849055452828,0.069671168526715,0.0393746777878197,0.0961728612762359,0.0466427105546356,0.0297187631517911,0.113502380078494,0.163294684139942,0.146110341132743,0.0986627536183029,0.111805756131887,0.0427699894333363,0.0365029640601751,0.065453179378061,0.116438491498815,0.0934978185832801,0.0467886031066238,0.0176355922585255,0.114414263798874,0.0118252152818942,0.0629186915090123,0.0445756284653426,0.0668020210322376,0.0402506031783212,0.082610622409458,0.0961320370212901,0.0720040814114303,0.0797037987466452,0.0546246200279322,0.0780405583323786,0.0729710639226688,0.0339043596313984,0.100085560132504,0.0329835387224543,0.0612043347374715,0.024180168213732,0.0350828065009471,0.0250644623137944,0.0833191595951032,0.0790664158784283,0.108204030534484,0.0872112492676325,0.0138717308492399,0.0409393775371321,0.117385334951497,0.0795949023603668,0.0684429284143978,0.0987264038639348,0.122274822540555,0.0559957342360643,0.0325010606114143,0.0740699684230257,0.05667417077072,0.0317032515047434,0.094465100233548,0.0102041936225067,0.110685148272245,0.125033672125496,0.118322288725498,0.055705567786661,0.0530939477862572,0.0983355293696001,0.0349420297119364,0.0186318825351519,0.111557152098837,0.00877464581120598,0.165540456452939,0.0807327413908673,0.124263990097882,0.0838077541689755,0.106012942819087,0.0339098704264444,0.0462882573870959,0.087754212263835,0.143615029571822,0.0300725806348089,0.0442934022463815,0.0643108216335698,0.0493245913827759,0.0908288874161482,0.0415848638477539,0.0845597888321807,0.0453450881636914,0.0872259986347863
-13,0.137690492018221,0.0535600750440213,0.169637633591122,0.18893136180087,0.0480239433159572,0.18885252698511,0.233071203251362,0.146335151738711,0.0797992937323665,0.0931381603532828,0.0282734636236899,0.0880848386479745,0.00922582869481767,0.0561364911607817,0.0240231456212023,0.139381313849759,0.142447853015023,0.104133374842611,0.0667460732392071,0.119412264129791,0.066532597521599,0.0477907729046825,0.0922187197612612,0.0604642804761391,0.0977118525651655,0.0562306874694031,0.0330465638382119,0.0921910612849198,0.0759236542697073,0.176401286176255,0.130388215506329,0.103100699853019,0.0342556150641031,0.0777780943869757,0.0698384323798765,0.0710693854872221,0.0891074388969443,0.093952099236363,0.206715862984175,0.121988534302017,0.0775312201410507,0.0923421134367784,0.111946411607971,0.017163550662103,0.0994243522489098,0.0190587930238727,0.0801513070062326,0.031904030015119,0.114512145628306,0.0636876408194622,0.0269874802546913,0.130455388153023,0.12617509932862,0.140331058763733,0.104378229098055,0.136412307725336,0.0652723069909437,0.0388855115395156,0.0466678621790519,0.146184887703021,0.0969107244426463,0.0592899352642817,0.0312121545138085,0.116953234682313,0.111568909589618,0.0635003226823597,0.111140607129099,0.12317420959009,0.0921340397550615,0.129228724031793,0.114881878168205,0.100046639705016,0.0880526763836464,0.060519854187004,0.0797032984749678,0.061083743969895,0.0786940672020235,0.115984483133571,0.0921961684538346,0.0889724426044135,0.0264480132518776,0.0652721633440582,0.0334990768183646,0.116073018744742,0.108798044946366,0.165687624179316,0.11150474164007,0.051488891796639,0.120240471507268,0.159478637077639,0.145182929647274,0.082289133449255,0.152133904533975,0.126806230433703,0.0568944168487689,0.033010151641667,0.104929961529634,0.0437362895236853,0.0337944533959095,0.0342153942288207,0.0563599135659911,0.153774546192638,0.165336882296531,0.149157738538108,0.0376935081742075,0.0330157822625725,0.165551263828133,0.0712441362249696,0.0504691455693461,0.114250831037008,0.0414408420012646,0.192133756568544,0.0429353166568948,0.0800431568355836,0.110699108859984,0.160948332624446,0.0239985449634959,0.12851140377587,0.158352368811464,0.137403551261877,0.0515745929936281,0.0365825058261839,0.0895992430334093,0.031500701237908,0.0989128029104447,0.00455561043265261,0.121543766196615,0.00849312131546854,0.101075723795433
-12.5,0.0929792412900388,0.0306965484758327,0.21052729339067,0.209628106327811,0.0292900723732853,0.149331342429878,0.20930858864314,0.186854581174623,0.0889519570195365,0.107642199929842,0.0187365045920282,0.147049931316142,0.0395847001381464,0.0408428304149622,0.00888375763664239,0.110119332177586,0.09093288532953,0.0951258254684062,0.0786095301261281,0.136092634760511,0.0459087384740527,0.028656701045581,0.121655682508178,0.0228599898565608,0.0807088827455463,0.0505200990577634,0.0526237712387828,0.121335949593558,0.0772257338224791,0.150412026167275,0.105752227829042,0.124450690629895,0.0970197496555236,0.0930464152624469,0.076960724069674,0.0606880010036797,0.0964529947654032,0.0945332784963911,0.205817574700743,0.12870482350538,0.066972683360755,0.082377005019251,0.11071609522176,0.0356035700256674,0.0710374056590733,0.0351055993409074,0.0774415411857526,0.0842516765139477,0.117127321952868,0.0748673382167238,0.0285186048675354,0.117825314574781,0.0778766322757679,0.139107351390614,0.115177153441317,0.139849188658781,0.0998155165573909,0.0329922479919458,0.0347273116473226,0.156208703899449,0.088612743443848,0.0994340635779343,0.061586969780463,0.152110443857073,0.194324232085322,0.0604833976061136,0.127813788986928,0.167077300261029,0.137491151426919,0.140207022203331,0.0993316314725749,0.126727970067333,0.105447644774756,0.0700844285741314,0.0894423762810297,0.0755981272476551,0.105239172702594,0.119741512849189,0.132210734104127,0.110644171093959,0.0243881451645831,0.116080888441298,0.0515812016141383,0.170233553857327,0.122253093729308,0.166687906162522,0.10979859573979,0.0983482724771957,0.162384523387217,0.167946912096877,0.163705164737942,0.13276693090728,0.19258881211072,0.162937997780669,0.0772527849211633,0.013045191257348,0.124780887424294,0.0685539447029138,0.0786294029469831,0.0101288778026194,0.0932055673168862,0.207906146683596,0.232248916821108,0.205868311690468,0.0580470935584178,0.145515832473697,0.194644944175936,0.126422044091685,0.138905167909227,0.149763170857275,0.0656787063089214,0.18440478383392,0.087381092441612,0.0523013914222106,0.192857060039132,0.18967221701194,0.0197391508086255,0.150319392076539,0.218125501197013,0.149146053417373,0.0893273912093927,0.0703758106145703,0.117028148353889,0.0698316856587167,0.0861885481075856,0.0467227880987152,0.148524456085319,0.0659444450345927,0.136541210973819
-12,0.0551112247605454,0.0351319945330254,0.239783731493872,0.225366274974662,0.0648526588220103,0.103913718840024,0.17444064878609,0.208084128412035,0.0674742918237445,0.121613267051927,0.033138210719764,0.209701976477789,0.100818890455683,0.0777767213309157,0.0387095014497994,0.085627835615093,0.0463079981758242,0.0713134688984319,0.141807170546957,0.161097601727276,0.0408867397294002,0.0183763031671925,0.125283003140964,0.0248920771238957,0.0779331372370748,0.0147011155263798,0.047448422899032,0.118387368519209,0.0672286020160737,0.13101043944988,0.0975663075395414,0.111545017848927,0.100950546164433,0.0823396229413673,0.0586169236898132,0.0415860332406157,0.124274804591176,0.09783904081664,0.14526646885773,0.0827582736485357,0.0805810063345265,0.0697546152550432,0.111838040108396,0.0820384329925181,0.0633790790747821,0.0268637215364414,0.0647693016950946,0.143455980526316,0.125065730555659,0.0853549262071504,0.0314951198439683,0.103524483076776,0.0565210188068298,0.123058176653108,0.114380214257722,0.138758931868211,0.133887866192102,0.0358758970881348,0.0774582255844373,0.136676945840027,0.118143769868497,0.102010060251359,0.0903354485581265,0.18908522308724,0.238188988845181,0.0705682986603977,0.136967836573068,0.1958274077053,0.15829028121408,0.117453626743813,0.0809655581831248,0.140893623951295,0.138425453508202,0.0555398311330797,0.0822091769807551,0.0992643654738255,0.14332824314136,0.125551954589438,0.15442346523303,0.150795382706356,0.0296337915359144,0.197224626425288,0.026699584209665,0.194978332510479,0.130921343270175,0.152536823301915,0.0989502226432269,0.151744152584733,0.195011368301444,0.163708718166012,0.141089149008253,0.161527000666722,0.231428335316043,0.200924342283658,0.0891011585792931,0.0411281628557195,0.139242574642652,0.0925847060190243,0.119380053631343,0.0149245487364556,0.0806154185870435,0.240136174004992,0.267060801441919,0.219437770262081,0.102981944715677,0.199701088256287,0.201767189000029,0.149039726090896,0.191586255981721,0.209218977564265,0.0544767376720634,0.137168620108056,0.139698859006963,0.0573293249519065,0.25238073809579,0.159364350363282,0.0560607512893242,0.149390084202099,0.208422278366911,0.126509059734748,0.0794352053847713,0.0418774343746442,0.140461181859968,0.132758001765821,0.082402848502669,0.0650241631590655,0.150358622187428,0.115583793654369,0.176749487194521
-11.5,0.0428927251776465,0.0569982889938192,0.212673320712839,0.190866029281749,0.0872428339443763,0.0900140655488757,0.138733163516723,0.223359069298577,0.0540292442882789,0.100031752580513,0.0405946842761442,0.200890876072898,0.119852004879925,0.131671755313975,0.0607462328839778,0.0429110098892118,0.0643100362419782,0.0494211050050391,0.142503519598651,0.146200152595162,0.0278711395952622,0.0396503488389796,0.152258960553741,0.0580199487434051,0.0489110335744143,0.0151991094637252,0.0765309130662567,0.114390677883936,0.0374018006232633,0.104105347439624,0.104145307955991,0.128924338241067,0.123955591499341,0.0776870541746366,0.0364406267466638,0.0297178219656677,0.155885367068903,0.104278951640973,0.103881852133014,0.0320333066057116,0.07534311152993,0.0635482556594403,0.0819320204383232,0.0859598414799515,0.023621325666962,0.0323831551063697,0.0972044115964864,0.1507686625532,0.0718640849487638,0.0937283026128901,0.0268430531636506,0.101995960498587,0.0531004062465258,0.115153675365832,0.0978534345263845,0.118180599313182,0.154129985984662,0.0436035118075232,0.10642987771447,0.151806880474216,0.111818649762196,0.0923271284122151,0.102899442106589,0.210084179346617,0.245944748737323,0.073639929002279,0.118809591039133,0.147684844533519,0.131516323462923,0.105060830478728,0.101266694689185,0.150864863477214,0.150140989288715,0.0709228470844895,0.0879511178657135,0.0621139340290197,0.134507786293175,0.120866479151094,0.16187400533659,0.187883902475471,0.0246819381586923,0.249655018664733,0.0815720111339577,0.231287476903203,0.122418378078518,0.101554140568169,0.0899216583723327,0.150126096391683,0.209703315442804,0.150814400048805,0.111326326913802,0.128492825632805,0.20004341160397,0.182003154793077,0.0826729763546963,0.0820780245894331,0.121235179139905,0.0852981190636041,0.0983499920781506,0.0149316296312191,0.0863138294331561,0.256224763066393,0.273324908259762,0.204433587227104,0.106585961596198,0.210467968775055,0.17976395453377,0.137992166055214,0.194803460364975,0.200812921502017,0.0589686312456952,0.104799621518851,0.107439767069458,0.113461735870061,0.289721284928909,0.117190579238912,0.0463510742625293,0.14960053967703,0.152672022586244,0.128559909883662,0.0555542619546686,0.0589281655117664,0.204311527281917,0.183774734246518,0.113393483156176,0.0569729883307803,0.142155387620984,0.0615482033112098,0.133903529996286
-11,0.0360366889507802,0.0785507512159175,0.209445341431968,0.182188308216044,0.126220914332354,0.0952864187300589,0.105621770499421,0.186946011705634,0.0374221422021591,0.0636561235111539,0.0426547088597592,0.14344804116539,0.118896193092023,0.15994287997158,0.0710138660980375,0.02813370149815,0.0818331022718729,0.0436200829745328,0.150512066854558,0.162342214184764,0.0495135784394848,0.0836026474811677,0.17971592607449,0.0772825482132635,0.0187587241739535,0.0180907283496955,0.114864723103647,0.0997055248409701,0.125907001796189,0.0926827158165536,0.127872225975829,0.149737020321664,0.158508718708498,0.113207831664963,0.0265435780123867,0.00221978250986543,0.16849221670571,0.10443979840204,0.0760818043913731,0.0532641403214838,0.0964214607813602,0.0636539327386059,0.0398204383220124,0.0839307928056763,0.0573230516495344,0.0372848101376674,0.109152784413586,0.110933725453597,0.038491364923024,0.0984722958646969,0.0225056795591483,0.104622163300788,0.0720893999065269,0.088163152103513,0.0507102811942902,0.0629704420759115,0.136671527367451,0.0665365768427267,0.117674087394953,0.169119680356234,0.0726368455547035,0.0737599517464518,0.119260821541895,0.220840108062109,0.219170789328668,0.0807390786014276,0.0987358839297094,0.0961070698692592,0.0871016993005716,0.0873636774993541,0.122800860627671,0.172958867522191,0.142214490023786,0.110103804954127,0.0948343953973044,0.0146257735208435,0.121334719261753,0.109255729199504,0.161822336766613,0.199157572573781,0.0521088520244922,0.244787049694264,0.112452735657368,0.221161292631954,0.113042361449931,0.0834575344481783,0.0919946617457659,0.105433308230108,0.210447616229915,0.16258867860435,0.127657305402257,0.125303972750924,0.164813810366349,0.153171416399294,0.0774425991785885,0.102503956122824,0.0581525185122703,0.110499271275581,0.0696128856406898,0.0468307333601257,0.0851150066574149,0.162048485769685,0.188434355217832,0.195361294130454,0.101742898714003,0.197135514237019,0.159271182930674,0.108185731000071,0.171359982412526,0.184691749705918,0.0690298432691065,0.0783836411160624,0.109702164921043,0.177393742649503,0.222520112544678,0.138374076839988,0.0657744902857755,0.115240189557918,0.0864439088983001,0.09794117420084,0.0389520837410294,0.050476063999037,0.172779557958854,0.213179529806188,0.135200729310734,0.0710160350189061,0.151952980785776,0.0122072704638342,0.12840606323637
-10.5,0.0376663418062027,0.102597963780982,0.197592018343368,0.108289007264497,0.131886667375287,0.129599048217364,0.0819796763090893,0.139113002673198,0.0367071025588077,0.076074947824674,0.060143366880317,0.0989143022894044,0.145666813844181,0.174445942211911,0.0440428245580189,0.0744525805509666,0.0660123264721903,0.0554232850177629,0.143771463932701,0.131057084562872,0.0706996431020491,0.124079520984839,0.199526560946995,0.0850034874714526,0.00325118873394146,0.0330164564850503,0.118457412416732,0.0625993834790624,0.137903344767832,0.0777045401742188,0.138981434212581,0.162504255655145,0.18053005131764,0.118491748044733,0.0671642016534453,0.017717533661666,0.15252371999242,0.0749596295377394,0.0416894877258416,0.0888866769352911,0.118388594432737,0.0685834532164865,0.0270176727935345,0.0205902448920482,0.017266040619767,0.0219837823834765,0.114516961752126,0.0887272469092115,0.0499640708707675,0.0882696384003135,0.0230278688053371,0.104940781286338,0.0812687709406364,0.0582850734930748,0.012730381382179,0.0315998131987164,0.0927648990931125,0.05870946336422,0.11370083060933,0.13453962015404,0.0355424977321317,0.0459938499510653,0.111731324697062,0.188052155088387,0.170505670974259,0.0716327030087235,0.0832155781901325,0.07708326869913,0.0314184589911153,0.0667213326510429,0.106843574472002,0.189278133787317,0.157670698085856,0.141992659962805,0.131808922169271,0.0543736365769329,0.134175520937878,0.0933052245362156,0.149054298032787,0.209413102900282,0.0603350742753844,0.223065605737153,0.113408917010812,0.164583574280147,0.0902329318844566,0.0711315797824959,0.0732461826752198,0.0393086391237507,0.156016825717306,0.171337952451843,0.197889821788133,0.120837700896842,0.131391779037258,0.134756082046169,0.0570785126409467,0.0916389001998499,0.000799869246059975,0.101515846094648,0.0536484373539087,0.0470414405020695,0.10229701786202,0.0865363702211068,0.106497562948928,0.138765235595841,0.137639436307334,0.190077434965793,0.139490748574825,0.0708380425565997,0.108567618527551,0.131357418920163,0.0810679530082519,0.0824049812735204,0.0910500463861384,0.161369613212173,0.159301423524915,0.197031434435407,0.125437500294589,0.0927465114484694,0.055218636472865,0.0568215229129697,0.0198705273193691,0.0361731889261098,0.131632292092513,0.154694511784645,0.0641947417239874,0.0649180652004323,0.137745778702549,0.0376954605076621,0.125990741147668
-10,0.0462978198473917,0.128518967991489,0.152458959053684,0.0618640145096095,0.149415594550997,0.157962058980613,0.0791643231910568,0.0894948359651946,0.039606379769498,0.109449869611386,0.0976267802384824,0.123862169840563,0.171501747148097,0.157403365917724,0.0299729286161946,0.11764000596008,0.0647041082688205,0.0757446529453998,0.130402943012036,0.0951340345541654,0.0674306056842491,0.14227912727018,0.201809771101925,0.0723544479647344,0.00853178125384029,0.0436532764837622,0.0735403149342693,0.0383842624651293,0.131161165805924,0.0364130779382311,0.118012600068007,0.134414329737888,0.150052485289989,0.0774844580925354,0.0931027563845451,0.00914588802541876,0.133712948951161,0.0573551180988131,0.0667669007227257,0.0619424316638255,0.130560456869438,0.102169282190937,0.0447912936342889,0.0578576064652691,0.0760501767521319,0.0672983829876446,0.148297290392875,0.0950158239138854,0.0975711693238643,0.0919737045825244,0.0210369074916932,0.113880751994389,0.0745125917487025,0.0387051000211249,0.00987034201091905,0.0582181355986386,0.0838896823787502,0.0571260771555575,0.132220665572482,0.105400512608291,0.0280584583686029,0.0263709884470257,0.109181183548811,0.143114844587535,0.128208965368649,0.0953146318744217,0.079948287372858,0.137677277656545,0.10659411520934,0.0455763077201828,0.05569386341741,0.160057102222665,0.132668639881688,0.128153649786602,0.13955906272178,0.0847178920602547,0.149134506606355,0.0983666373326871,0.147207167372629,0.185302106429936,0.0320837281501746,0.186105478481066,0.0936443128302102,0.126979655417363,0.0731919668184272,0.0676983219095612,0.0552469927794121,0.0643536372291791,0.0935346236163402,0.182686614235325,0.216212044947441,0.0689084242242885,0.14328848939266,0.123218761355406,0.0433648121023718,0.0819316701805161,0.0509677142808844,0.127815111306501,0.0816153170588296,0.0475911973909167,0.104353800656065,0.0923107591220918,0.119944965949624,0.125254855436738,0.129333526705312,0.177081151475837,0.133352916026636,0.0641350374168014,0.070064873027836,0.102135343834395,0.0975933048724341,0.0929506695116245,0.142044281333357,0.169665039250219,0.109439715296266,0.164386733864746,0.127616771464999,0.107498074078401,0.0904659897734079,0.0301462845075106,0.0367990136104664,0.0169821494292948,0.101670737108476,0.0646800540611489,0.027129386063974,0.0288207348510161,0.0707174960570802,0.0781790701301439,0.137670697083895
-9.5,0.0316209047053328,0.117142191479971,0.107605319797238,0.0220589426939178,0.102199638049672,0.164714190024257,0.101413988386054,0.0672528290849152,0.0614960247791016,0.136668751112241,0.117547566062987,0.0945238124329582,0.0971530750431517,0.0819489390170942,0.0666075034586821,0.0980600037388059,0.0257068681097293,0.0824849656899911,0.0992574951673278,0.0632251063928496,0.0539545415783086,0.178151619034849,0.207645312264306,0.0578738187226744,0.0569071002072607,0.031666080943034,0.0443225572646962,0.0373295563139391,0.0987007868953892,0.0623842182488049,0.102005812153802,0.0957732711996095,0.11572813825659,0.0683677667412708,0.0857758190098828,0.00668538006699722,0.0926438454344976,0.0174007596231889,0.0752324573918709,0.0287681277295822,0.101586791108984,0.0865626837978858,0.0508364847285593,0.101869832345715,0.0996523292744775,0.069501952774628,0.178797481087357,0.128292467352003,0.0807939485884717,0.0993504388987611,0.0329191623950762,0.103751728306012,0.0577546188946824,0.0332787828208757,0.0225126244431286,0.0761662577860959,0.0743469262014556,0.0375819355377927,0.148496306630457,0.103178191544695,0.0168376522188811,0.0141319884680653,0.118692450385212,0.112695725053229,0.0926541619032216,0.089789199304696,0.0806798040624388,0.140342823240726,0.154928261851281,0.0471577566224887,0.0306422003727421,0.103814598562156,0.0915017632840099,0.108676680794005,0.123588190188802,0.0933949352564185,0.159429942629805,0.109962627493622,0.101953404429462,0.105161081138764,0.0432261138951584,0.12518455878729,0.0648471629688089,0.096024402978332,0.0648949635008993,0.0837102969275873,0.0657906836497903,0.109746952406978,0.0952229601096725,0.103275563722986,0.164176400692161,0.0512050516393756,0.15294821649618,0.107848827581754,0.0504545838682101,0.088652189171792,0.0906266357977059,0.123058862268203,0.0577159461458226,0.0472551902005253,0.100805679928368,0.111485180789501,0.168635070338619,0.166568539456933,0.118077770581188,0.1431228312176,0.119301889801492,0.0603914381663797,0.0555890651123923,0.0925037612213355,0.0295942547213202,0.111480501410618,0.11877880408733,0.103019538813041,0.0907847340867272,0.136741505467642,0.104041510444876,0.107243575484343,0.102602608260072,0.0405687297788675,0.0472340974753789,0.0288954059183177,0.0757466329521385,0.0256940943460185,0.0213095224338132,0.0724418689947746,0.0776370727753794,0.123172436919464,0.100863229341394
-9,0.015111347310453,0.0855439365716891,0.061006212978261,0.0545273833480008,0.0245911194787236,0.157640650981387,0.120640369311064,0.0293552247828355,0.072856674842713,0.164568433467547,0.154921074358856,0.0282528657717106,0.0678685339329103,0.0609416163550348,0.108348386821789,0.0819533060089846,0.0241711454932884,0.0804618717402302,0.082435790952313,0.0388408879443564,0.0198713610653211,0.14470199024984,0.155317916680536,0.0404107464943244,0.0902756977926527,0.0207099311293119,0.0222073453969925,0.0431848172099712,0.116562473320334,0.0876421254224084,0.0941127590979856,0.0629476171300261,0.0722535795828369,0.0510464343398918,0.0726991257747662,0.00452218336766293,0.0266716546745137,0.0587748620447295,0.0715842663962237,0.0215997840471722,0.0754932118379976,0.0675276458823398,0.0527885634862788,0.121980214914309,0.120213838215705,0.0740147600348058,0.175980642855333,0.126652959594636,0.0550266786209636,0.118052381681085,0.0288380386675589,0.0928601168125973,0.0794474378354164,0.0464567065734693,0.0581723127347972,0.0627311086173361,0.0834500606841544,0.0322082640229932,0.158986869836202,0.113845719280625,0.0156036699729383,0.0187064455398099,0.134233257478328,0.0869787324913454,0.0653192094901171,0.0643228636091338,0.0721280228393094,0.137080354898237,0.139017704028384,0.0431118279002064,0.0264321696100338,0.065704651626268,0.0535507161347796,0.0592178921298794,0.0967796950889559,0.105854854021086,0.162796381746176,0.0791233394095055,0.0387144651813696,0.0497834077405345,0.0522280665522805,0.0810616739604262,0.025748966914317,0.0664485760481879,0.0612581767583003,0.100235519593027,0.0685191681961645,0.123450023720015,0.116767892432661,0.0044818180506752,0.112217208837619,0.0677213728351342,0.162973412674286,0.103311792500607,0.0504469906550819,0.124963539272851,0.105542849582312,0.133446171026103,0.0454983466553712,0.104315077396166,0.0699935098247154,0.0187859688172753,0.0864283445054259,0.134197238167801,0.113414521359214,0.10927811860001,0.122074054133492,0.0849278464591337,0.0766847617946582,0.107305542779681,0.0703445731136831,0.144593000860653,0.0886785997322132,0.118051219784719,0.0972726118745884,0.0539767424701778,0.0594286667288595,0.0567749014924341,0.0525319468654636,0.0317197421650437,0.0385072596231358,0.0184623970751923,0.00897654751044035,0.0284051258916383,0.0402407374601833,0.115456024758248,0.130413645965447,0.14088917723738,0.0564831900798536
-8.5,0.0391172331170335,0.0383191365063529,0.0254459919385125,0.11351618382645,0.0475186103162279,0.132380778830592,0.136994603498579,0.0098830938611329,0.114308949652713,0.162602431339891,0.159942606803029,0.043644827800646,0.10113256472057,0.0816405241291823,0.133524626102602,0.0630045964571236,0.0473967984017547,0.0808997957279049,0.0783135881287181,0.0347046946728507,0.0312482934365372,0.117891812599138,0.110763409834511,0.0352598519205039,0.0603532069678406,0.0439893146449915,0.0171439219630582,0.0282517810503329,0.0947616105671662,0.0926886437784345,0.118086823060498,0.0636324110613678,0.0437068377093411,0.0318846950613634,0.0587802941148804,0.0088015955584259,0.017775093445191,0.0749001396635497,0.0673149497820064,0.00693192668408976,0.0798004490701482,0.0796461883318763,0.0882095915609915,0.0823386121604814,0.0692765522193203,0.0626051324657863,0.176262573788631,0.131574334678821,0.020990196242939,0.0782096248129008,0.040308674517289,0.0800674142921751,0.0798725987497203,0.0461888967172997,0.0760282581455807,0.00766664717562765,0.105508746301187,0.0198576753397608,0.101669817025006,0.0563945915537222,0.0303358195572972,0.0237486089132746,0.145265479462574,0.0437618425529671,0.0383198434315039,0.0346464268765378,0.0301057203323009,0.0899575201063908,0.0750952637725007,0.0509276741965481,0.0349800056317892,0.048631003214358,0.0230497544111607,0.0247510179189813,0.0997169204586991,0.0974852877960998,0.132313701098494,0.0288410480356865,0.0299494682720621,0.0284677682556783,0.067288736629043,0.0563706725250561,0.00680778852258372,0.0281763051316222,0.0554314413512653,0.123039753550462,0.0432885024350051,0.119265314150684,0.104706554385987,0.0216566196227183,0.104078065713733,0.080867617956108,0.131495357804653,0.0506424466920673,0.0745888936694372,0.142423674337896,0.116066783963759,0.106474040934245,0.058930348137611,0.119093160876004,0.0717271769664536,0.0738706603141165,0.00695337319874298,0.063536600635805,0.063759204769809,0.0449567375535743,0.0871146778813162,0.0860989953068655,0.0893579026245619,0.0406032241081497,0.0648684906802888,0.155237335754747,0.0661357414312902,0.124039040546783,0.0985069310937995,0.0468603884689215,0.0166283799791819,0.0376349321450131,0.0406413725328954,0.0280418580741888,0.0267652328372884,0.0717436410123027,0.0694585235959941,0.0829978238604863,0.0519359913759244,0.122052654070225,0.158128985817186,0.101611709570394,0.0445034586654928
-8,0.112328727763057,0.0528581635623872,0.0463591172443281,0.179945549294343,0.122270889973427,0.092605773682155,0.149726879905183,0.0055939707493693,0.118181177489432,0.177746136870112,0.171535455746853,0.0553366249945803,0.103086470391424,0.0908913396755663,0.143617292734288,0.0688442756230684,0.0727577176726495,0.0866231742026907,0.0897948371836543,0.0489849690626335,0.037559061225096,0.0906635851781484,0.0722623310782822,0.0327622396653796,0.0292281318524988,0.0357389781073978,0.0758983074786003,0.0554177784760092,0.0784689543088438,0.141370054953842,0.143993465311774,0.0650578852553346,0.0149032750943056,0.0437789101699613,0.0746096574812516,0.0450247182553631,0.0310369670319368,0.0709646038390755,0.0770090113859881,0.0253585110166362,0.0712956815990284,0.0896575368242241,0.126488177571172,0.0506044031405571,0.0589149731771532,0.069629040069361,0.142652850633904,0.115561822589369,0.0711435407471033,0.0915495519397678,0.0476012905415963,0.06816437045614,0.0448742216880932,0.0281137563791917,0.0743734903551494,0.0244168505703949,0.0981687894321772,0.0273618154072239,0.0762483267466624,0.0401533486953257,0.022377552470682,0.0561189004797609,0.147724411627927,0.00676042184637086,0.0300275921642408,0.0250279942920351,0.0472470544555565,0.0733448580175272,0.0290658978091435,0.0720901777687681,0.0361008075097131,0.0453893433504779,0.0246321890149268,0.042110372374493,0.114191435529978,0.0810075329476918,0.102037094885133,0.0244903033489924,0.0409698610001414,0.0137954392110694,0.104122819521419,0.0774718458134986,0.0292706139706814,0.0340886577322427,0.0511584894363756,0.126713159318281,0.0033322163434268,0.105529274589373,0.0825198775732907,0.044642554393208,0.104940952151859,0.0783503589013533,0.0923505928756072,0.0155910769156957,0.0937988909999976,0.140047906067197,0.0987538144672973,0.0454065128423308,0.105866427384475,0.108669100654821,0.105164923826995,0.107016725912115,0.0553652481521927,0.031102421256018,0.0485044169362217,0.0206871496695684,0.060608298680661,0.0750186625769618,0.0887535090634158,0.0472600844108844,0.0554766931834915,0.142030308040527,0.0590801179734343,0.106558175081446,0.069947723925965,0.0596957854117357,0.020841457399738,0.0474543697085468,0.0376866427668809,0.0308712216191854,0.0334938992178648,0.0603391886099027,0.0546882709667709,0.0991085562602076,0.0730240340407317,0.12162172972802,0.160288330776916,0.0509600148935783,0.0372527875752193
-7.5,0.159421781389322,0.00330215290299497,0.0538720361668692,0.154005343784738,0.140724644399919,0.0323006105400214,0.0997778209138445,0.026779368343356,0.071247256111922,0.119733295146978,0.15882418978345,0.0471766002799544,0.0899310078817552,0.0868496756228233,0.146353399034575,0.0758287747357035,0.025196823729368,0.0827289801269713,0.0741359245971217,0.0487783241152292,0.0745865190138364,0.0770553206004916,0.0858053978546403,0.0362405591789089,0.0424199009321457,0.0333390764408008,0.107867774730427,0.0640867542367673,0.0915954775796421,0.180166172327922,0.143870810032575,0.0422371918881204,0.0158491477634538,0.0398295687065195,0.0675624817921013,0.0640781102457473,0.051246181649285,0.0800252158417468,0.106984234441906,0.0592152080555837,0.0560667125242893,0.0543294966547158,0.116662976269668,0.0325283991411532,0.0551005086188671,0.0816187889755135,0.12967854089349,0.113333806693797,0.0696825342737305,0.0852586080791263,0.0435354603007266,0.0607854608659555,0.0196241846379728,0.011796290161621,0.0680983424914663,0.0479646340330818,0.0765470618868265,0.0649301541564012,0.104053100864319,0.0700584562875086,0.0214339487456806,0.057811063448135,0.0966862914518031,0.0321250277752914,0.0168170404996901,0.0251808794732074,0.0611471539016179,0.048472401628951,0.029883832162566,0.0788889595272481,0.0291680314970628,0.0698571921455761,0.0384501425472196,0.0408384098094796,0.113920550369847,0.0805907182691967,0.0610571919595284,0.01662148964939,0.0518828770210762,0.00939241147600899,0.106424356312008,0.0914737752637438,0.0591580874509391,0.0643591731014136,0.0306028627517472,0.0955260210486138,0.0389965150467242,0.0783452058650452,0.0762517502306225,0.0355086257694578,0.102692733014103,0.0677967402403677,0.059881703516037,0.015817150387152,0.0201333244701962,0.125592054109561,0.0810908417790366,0.0544614422409925,0.0455515146056594,0.102439014765074,0.131107010839864,0.136024260378497,0.0895807539950826,0.0747477725565449,0.0637681477000236,0.038872333396469,0.0499681980884164,0.054150411554096,0.0955885658944261,0.0923986460248508,0.0321031659405301,0.111015677180333,0.0225785287645298,0.0461173189958823,0.0370097275263447,0.0587503925036971,0.0269926795543846,0.0355773988560517,0.0132525040142193,0.0639551520443932,0.0547457575695858,0.0531020290733242,0.0440698941049431,0.0594383300400902,0.0485968583235928,0.09649943137071,0.137457203781555,0.0382104928241604,0.0402113271449352
-7,0.185864100886346,0.0599927865703025,0.073684826978979,0.109246805596004,0.139629245476227,0.0804225520149056,0.0854953618973127,0.0394540310958135,0.0349942446088473,0.0576238645187571,0.123465962219739,0.0467645047678049,0.0747439108647825,0.0581636080009432,0.146274472844533,0.107310726281843,0.0533052980526952,0.0664645718973063,0.0424287877393562,0.0544594130710649,0.101800076997208,0.0549670411411469,0.122721486067549,0.0399937637604363,0.0677696068647462,0.0484556387466747,0.108090187388497,0.0735409203845632,0.109120453859449,0.180658316179489,0.0921529463251179,0.020602432505139,0.0164236533263957,0.0504284039153869,0.0329497061832393,0.0622365503043056,0.0807756852170825,0.0968299775382595,0.113503211560526,0.0566954809289171,0.0423284436183899,0.0332561507055344,0.134177004083452,0.0512711563151928,0.0550739383996118,0.0782632896339621,0.0934738169378996,0.0868201670961314,0.0800628379454354,0.0941704474940598,0.0524071307935705,0.0556083979354805,0.043588535760725,0.012564176042127,0.0556491762898611,0.0468501072773256,0.0532407752474894,0.131921860975851,0.170012301341209,0.0807124095415843,0.0186835806127872,0.0313983996235083,0.0469644449280906,0.0540923092234892,0.0333135923247063,0.00617925128830706,0.0799921980626996,0.0364557478520068,0.0488660594283054,0.0738925799873229,0.0512656618165808,0.0816018167701392,0.0607544051014479,0.0283905024357578,0.105522669378539,0.106116801726069,0.0280965792330956,0.0158835474944086,0.0477188666937551,0.0155825740159957,0.0816849429235049,0.13586671735938,0.0767412521715114,0.0421757674243383,0.013922962221944,0.0439363730829635,0.0546848245685908,0.0324194598010101,0.0780156154837531,0.0187543426084169,0.0970689840706455,0.024343782165201,0.050759737895041,0.041674563124524,0.0285415043665159,0.138931229036513,0.0576397876278871,0.0664350094449372,0.0347437986807487,0.118487070896082,0.121723159802925,0.10300745423472,0.0723430806063534,0.0945778618495082,0.074004313914008,0.030685182509101,0.0541973602407386,0.0248960581638748,0.126704031201581,0.158534867765489,0.00737273703398243,0.0847121632777337,0.0788380301125663,0.0727447803075647,0.0204611006542761,0.0603699256397753,0.0350853706202416,0.0532182410046112,0.0286291229310274,0.0455702950824344,0.0391329680248912,0.0339827509609784,0.0254575361610428,0.0115727454406457,0.0267022765312757,0.0602894368944032,0.10334659031551,0.0196440028682523,0.0506835553283935
-6.5,0.119227437162128,0.0915449040842616,0.0965910615432293,0.083041754759961,0.123885447048633,0.0769226171726485,0.0921114832859999,0.0453540298637,0.0531296207173655,0.0846459924903755,0.0961990210140368,0.0871112777418267,0.033675062349195,0.0236732446974567,0.083306776385372,0.102986833222431,0.0684191757737127,0.0799799931879237,0.0425810654333999,0.0654856979360005,0.0917941996620964,0.0358860990843508,0.151082160635849,0.0270502139111471,0.0832888981398265,0.0335518816409699,0.123958324225911,0.0912777029434233,0.0850409521348087,0.138845498654437,0.0707346626531482,0.0322072428935617,0.0250933483591374,0.0840603853274647,0.0398026490135211,0.0658435916462018,0.0926778237691249,0.098629156349183,0.120328665133861,0.0489542968177779,0.0691446119325004,0.024347734114971,0.114319001093326,0.0461818646705614,0.0476090712678648,0.0805122743450798,0.0790024056433567,0.0389980157970562,0.0357130592780747,0.0641141087472547,0.0655208971352055,0.0649677960246381,0.0584199782012538,0.0403592442147601,0.0188333854213229,0.0457770043489893,0.0524325935943213,0.129716354092177,0.161156960377571,0.0659741121476909,0.031910197592694,0.0450022544087698,0.0381303979511749,0.0386307718392898,0.0549303145598786,0.0353376694469914,0.0272126295886976,0.0689773807229353,0.03626347700362,0.0774047184801877,0.0839340767983406,0.0855137208256775,0.084058068231553,0.0687646593149801,0.091309452501826,0.116099769655322,0.0532158756721741,0.0323953710177127,0.0184390184584746,0.0241913008863502,0.0499863437363858,0.179564453164158,0.1300297747447,0.00562080813702062,0.0195571521526011,0.0445925542748644,0.0428299213732608,0.0223530880359853,0.090443182010063,0.0388356653395619,0.0978884659583211,0.031996015988489,0.0575381734069941,0.0466705569919808,0.0136945658219301,0.114779450038128,0.051008320750039,0.0770271401536607,0.0733229209093287,0.119022954676116,0.0935024255703677,0.0711000268306956,0.0585164875417973,0.0706525605802856,0.0702515101542559,0.0176286109372316,0.0488201287624839,0.0192908938101593,0.0919294146516792,0.155655473724824,0.0294824608674557,0.084258911323011,0.0686987212338591,0.0951812153502685,0.0199722027383958,0.0729113507528319,0.0163915127298196,0.0721929642183653,0.0383195376991729,0.023092513338265,0.0474143830384328,0.0116103118063137,0.0327864059544108,0.049488086350847,0.0515664288994962,0.0622036077232827,0.0925866332872973,0.0459245948329168,0.0447701433097911
-6,0.0509601626699548,0.124430696467362,0.116010493312576,0.119441637491255,0.123414592218978,0.0334632893520228,0.0883469055134814,0.0569295262878656,0.0687868970061886,0.124139787972427,0.0390363021074284,0.113089301384634,0.0954789064586919,0.103265603047499,0.0782488702681097,0.0883650902413097,0.0589458264273711,0.128812796053684,0.0526958033003146,0.0695581869854833,0.0811234730501915,0.0307604781414352,0.154288815186065,0.0364793093849136,0.0933208408567946,0.0339030036828134,0.140919318825989,0.0987513840317182,0.085096774677265,0.144400661360441,0.0942016153457329,0.0266930329147337,0.00657536358103997,0.099600709548011,0.0976416630733906,0.0455271842697206,0.0625980815685888,0.0879472932742524,0.118135265838578,0.0239511098188007,0.0872415511415377,0.0330955905959334,0.10021899288255,0.0153858258192466,0.0478720258156547,0.0715056993929291,0.0552089177967766,0.0111485458782051,0.0310029525764034,0.035340586794156,0.058911515801222,0.0744860824024674,0.0560893919475582,0.0549456909178857,0.038015377648124,0.0650939654670321,0.0600057610986949,0.121555438221948,0.130384069025899,0.0620751430694987,0.0422787246634134,0.0894605568843463,0.0612828112116666,0.0333411703955504,0.041262093388325,0.0585446599358045,0.0616751767618138,0.103452728613278,0.0192056957617115,0.080354087945606,0.119353452843361,0.0810107221546366,0.0777984561225347,0.05141210156996,0.0708165346025508,0.122777548286295,0.088001342313818,0.0445696230877741,0.0161547169961425,0.0169201989783301,0.0210517433944748,0.116752117049834,0.100236755490659,0.0317576831858071,0.0342310930220143,0.0990523465415062,0.0508306549513041,0.0794339907649614,0.105059241810984,0.088652491075674,0.105926672883878,0.0532567735335264,0.06666258921572,0.0581586401010657,0.0207339146941489,0.100951413642162,0.0828281737293331,0.0747745764434208,0.108408124124118,0.103227049777219,0.0377671303909854,0.0387787278724896,0.0223547181691903,0.0821337881014124,0.0528887031646217,0.00577894382957586,0.0404723398817755,0.0512709243063688,0.075222782541978,0.148595099408763,0.0454935581013521,0.0863365335161677,0.0526312949930786,0.0663556038927463,0.00925226551896176,0.040213737411449,0.0472470145190626,0.057809892584766,0.00892139903040667,0.0473042424452161,0.035707832021694,0.00286203306468528,0.0232460752761073,0.0669562151662703,0.0901259751506971,0.0689090818059832,0.095418839729417,0.0958807905323861,0.0380115089041738
-5.5,0.0114600106185546,0.133698589228024,0.130693454174007,0.116643967214361,0.140768509577879,0.027731093581502,0.0388155485472172,0.0474878673703675,0.0787494304554991,0.0999051785830593,0.00196812682145187,0.104739356380766,0.1774502266288,0.176605507050693,0.103207311192082,0.0533908793279571,0.0191091666819881,0.138747007414723,0.0855574207057315,0.0191844870281432,0.0442331881934884,0.0183262374300366,0.141270097762961,0.0619191435547095,0.089338591004897,0.0370877681313638,0.129862233738179,0.105728587866559,0.129839208959133,0.158565234394006,0.122314524361001,0.0551522499628784,0.01899326544911,0.0925055017640215,0.146013016067314,0.0344464713584569,0.0408392494194051,0.0800200320681025,0.153983714238455,0.0239188729543519,0.0675031029895999,0.0321015221529429,0.092092256211782,0.0319660371442052,0.0702578730049147,0.0309941516720868,0.0160029160548122,0.0311062973220779,0.0295321091745265,0.0477506143541216,0.047212054235663,0.0784615002833602,0.0411599630556224,0.0565357198484614,0.054803471570836,0.0771509515363004,0.0930511412437178,0.141305254684585,0.0934264289789952,0.0392002413850942,0.0404304107558562,0.0881728998785389,0.0496947467251778,0.0276674813020199,0.0474607527579936,0.0665796579647629,0.1136854685159,0.0621788819164846,0.050670524363813,0.074785352586233,0.116328610601257,0.0624729621354726,0.0823306520324506,0.0546725996034774,0.0698844939375681,0.0928854458397907,0.0793038183629817,0.0404019576366949,0.0257301580490376,0.0490756097558227,0.0376930963030877,0.0387470689654508,0.0209324714653534,0.0591574834931512,0.0572639495305366,0.108417139205354,0.0458316235967785,0.122308304954165,0.0748437595853555,0.092805791488184,0.0984833730094472,0.0720251946985531,0.0651207265725545,0.0850692960835678,0.0681010126344966,0.103737108689478,0.105679423864432,0.0653032784493087,0.080201129234394,0.0315348900224454,0.0462164945242781,0.0870925112749722,0.0812534962192734,0.090011098654395,0.00999454239144452,0.0666409304406507,0.0504131475062082,0.0677608705593407,0.07722760120248,0.138818937635187,0.0721265741847349,0.0942067250879468,0.0433447177437421,0.00151297659686585,0.0353637805680799,0.00722723520912656,0.0647696772653745,0.0413770349876587,0.033542400123592,0.106175421600327,0.011048016063306,0.0184675576502615,0.0344324858926205,0.0830951465860085,0.0738874769919187,0.0367702130806623,0.0582759976819235,0.0757984481889151,0.0509509334037071
-5,0.0681042339567041,0.125217280689387,0.123286346433622,0.108853465630704,0.166316704302962,0.0749845711561001,0.0391561010965773,0.0260920747304857,0.0654998380769107,0.106945885664763,0.0428763180926501,0.0855898260308507,0.195645729258952,0.187240924370445,0.12797610073693,0.0641892246495316,0.0744991368855424,0.121442505440667,0.12045792706925,0.114458122035883,0.0466046785008054,0.0494473233101026,0.137374846177903,0.0930326956013613,0.0671297568091966,0.015840933235757,0.0783012129448608,0.141445114308648,0.211413531915941,0.153972327875409,0.126498626432915,0.0912665198283288,0.0459979359077853,0.0795257523427837,0.178538231280727,0.02850755625006,0.0262530474415308,0.0796145004990559,0.17233051886942,0.0364883953217061,0.0641463222641183,0.0397593306363339,0.107003215446283,0.0508383581189183,0.0860084611091915,0.0529764337938434,0.0818999981524932,0.029265952707414,0.0127799542778303,0.0777973027432285,0.0526503984437367,0.069259665657797,0.0527436808602441,0.0620119451395811,0.064561987984664,0.0829047229245442,0.122763867288791,0.214862551795001,0.119170291076928,0.0507682195870649,0.0352582106891592,0.0984749513009471,0.0697801998968153,0.0194182792647469,0.0633343231758056,0.0771917588874103,0.175185722496511,0.0305208966517383,0.0678144520829135,0.0995673633793654,0.0924199171701383,0.0479214966073607,0.114366160379397,0.0765334203425878,0.077170365256123,0.0792484077616056,0.0749873582690227,0.0277524538658201,0.0103836932201732,0.075000084833689,0.0614769594543956,0.0885169678777271,0.0587045595722495,0.0607169694890817,0.0671918486262776,0.101926893757279,0.0703213247740282,0.150934107296914,0.10336200367995,0.109077110000469,0.106267090259208,0.0814321364503803,0.0686740797764521,0.108900982768443,0.0944690296495826,0.0885118805435647,0.0976632012591786,0.0283074374026209,0.0473681363956165,0.0527425401150386,0.0860195702016795,0.105804169175513,0.0938805248328264,0.0731972223290336,0.0386448183297553,0.0930156851234627,0.0541728980853106,0.0505315253107557,0.0718008793405079,0.128687629355394,0.100024929455935,0.0983367233399291,0.0766023902651574,0.0656924919196566,0.114469590558702,0.0338724441090309,0.0661196214069584,0.035909121882425,0.0331307613536108,0.103014001160316,0.0378676898396923,0.0401650718958631,0.0737297193541439,0.142654110516537,0.0790823256622359,0.0437591096827985,0.0251788810655856,0.0364261396935588,0.0520927369542119
-4.5,0.13858335552915,0.168902943688835,0.0808771804559685,0.086755540271329,0.164079568245016,0.11419114254375,0.0758859493618858,0.0265304976476037,0.0448672191914872,0.0566003316212671,0.0237190952334877,0.0370683609603617,0.147193319347195,0.123213389785354,0.149228815843436,0.129872661934048,0.11920527151511,0.0872964873699529,0.0827190274416363,0.12093269820239,0.130331303799412,0.121032711317674,0.163937788766463,0.124284822137872,0.0255047266960848,0.0426030941311227,0.0701133202977806,0.182801958660628,0.201652723934304,0.0963884658063024,0.107706623084123,0.104298188809563,0.0805006423127713,0.0188813669036221,0.155021821753191,0.0207576797945871,0.0287644925796573,0.0708733305985978,0.157648842261804,0.0663216671685211,0.031593314781731,0.03775014200563,0.123487543506752,0.0409955037607099,0.0550952223718693,0.0647894235828696,0.134235268400936,0.0491403988545843,0.0787054081984233,0.15697868941057,0.0498126179258938,0.0764238753643188,0.108617699933588,0.0729857254637934,0.0744762273029918,0.0958881812577215,0.112387588058338,0.218262923025661,0.12255210420466,0.0998724164842724,0.0375795129285764,0.130036951322787,0.120163776159101,0.0418759376585401,0.115929616968758,0.064461757590165,0.19552410365248,0.0778109903133613,0.0743905845556988,0.11193463202497,0.0826944395780285,0.0459820655893836,0.164759783347067,0.114423959706744,0.0531226885306573,0.0442953095843776,0.0927121632270559,0.0351914481365895,0.0625435324794677,0.095394233173441,0.0822653821345085,0.102363922091152,0.0827278789470112,0.0650404741996909,0.0377025950656832,0.0851319192896115,0.1185271590363,0.125454233755927,0.121583549779821,0.116743525986598,0.113666010358813,0.0805205223798964,0.0594715719213062,0.089249135783076,0.0507345764870668,0.0413130824539935,0.0892702369791747,0.0228636814775253,0.0501438365226739,0.12348473139142,0.104517878531045,0.121798548876989,0.107912762505045,0.0493601306001666,0.0629929540434376,0.111204387037083,0.104558828671547,0.0557216886037098,0.0311902834981498,0.0679293970165649,0.129158536176402,0.126762051809033,0.0449032146630767,0.0844539300314766,0.19422463360333,0.0580078977802469,0.0598910615066678,0.05712599009487,0.0449121859711542,0.101069215337704,0.0704660089595458,0.0668251828148024,0.10997142900346,0.169372654498598,0.114692185270302,0.0578618185572194,0.10656493578463,0.0579654180613159,0.0486897793031414
-4,0.298811896442287,0.283619718893926,0.0840572214631261,0.09322975974486,0.123948842109831,0.157223957604724,0.167636698681757,0.00367840212415489,0.0438334237854834,0.0375643052458815,0.0542037043800725,0.0500142777893675,0.125599331852392,0.107166879665032,0.185826433599811,0.231785970393671,0.166887446641498,0.017501408278841,0.0406217369216179,0.149196188399363,0.265406340327303,0.215428644645814,0.15742603219845,0.119988942696835,0.0366485032522268,0.0287567693341483,0.129844070662941,0.263419739361965,0.173225971409575,0.171480727500936,0.190148771985165,0.0908353053872845,0.0367423342697066,0.0398016025050041,0.157681083071744,0.0607176222694826,0.0315578963295045,0.0624736302553696,0.107475382176376,0.05089743217387,0.0125812779072161,0.067668463412495,0.152687557170455,0.0428818499856395,0.0364583763188009,0.0780915369433711,0.196844107854764,0.142177913010437,0.189607750654631,0.255412553849477,0.0500037589584083,0.172412710000957,0.180446667148894,0.102323276926852,0.127815269012969,0.114938155574441,0.0982753775169763,0.207105514462162,0.139504561606554,0.133016348667792,0.0343517358444496,0.134189626824285,0.168064620565505,0.115704055362939,0.165310929383263,0.0668534994136412,0.214465342522438,0.168959995849273,0.0372063246953239,0.109613845370337,0.0699432172556087,0.053132932075936,0.24779799484868,0.183030443029478,0.0413280936065727,0.029571619131591,0.10782543578841,0.0646011194996524,0.136065782210723,0.120790172287176,0.090684509589113,0.0865623546564137,0.0388784251263355,0.125792319467081,0.0266555167301641,0.0893535377035162,0.153265641602124,0.062914608483797,0.116549850490132,0.144455496486144,0.0929656928687661,0.122294578470935,0.0563782361581934,0.0749644546596885,0.0217621878374113,0.00916562108681851,0.121877117761462,0.0538930341331822,0.0649430103621349,0.214668003714007,0.168368672557518,0.149326558405084,0.0977306008705673,0.0616003031490496,0.112915765684883,0.156094600768362,0.182574934744596,0.0973606183423037,0.0247903122641655,0.0590921071752824,0.152876019133544,0.148777990977833,0.0481262515982351,0.118414008315583,0.247854272681189,0.0970515477459507,0.0751521398616414,0.117425364116597,0.0665128172915607,0.119224307434005,0.0294389155886554,0.0588890283945336,0.0884667672361795,0.166740404965894,0.149617135398294,0.0637462697451242,0.151692712194959,0.09838510858784,0.0729018364543888
-3.5,0.866307857620936,0.789828892837674,0.0787786810516053,0.379158442090988,0.22793626623404,0.26121758772099,0.266394620879183,0.0771826190719205,0.0473179095390168,0.130979264204104,0.139175052728779,0.200466845656206,0.116194468955961,0.189605557448447,0.265974029377156,0.491904357214156,0.399029159021387,0.186858182114602,0.0956201125783745,0.318523972703176,0.543997853183238,0.366039142855238,0.137788226605044,0.0943122177357779,0.179132245662564,0.167422899289937,0.271019721590659,0.462476156051056,0.174234531126265,0.336252294673621,0.31377528230088,0.0740483926325078,0.0106839469846169,0.0326149589335495,0.264596622803662,0.183628247758174,0.116097688338639,0.0246170701827358,0.0465852693626307,0.0441890821258765,0.0499560394791645,0.277425228772097,0.316151451771737,0.089228917769774,0.124798940870829,0.0999122165199735,0.329603577262594,0.211139360445193,0.494880115865977,0.584692233760525,0.144148905394827,0.336246555728811,0.306980119711123,0.155478683380484,0.21698791089074,0.140578154460919,0.0917921071801532,0.22672649019063,0.124139264203868,0.139813887406674,0.023222818592603,0.160189573957855,0.247865424283421,0.345590017602478,0.295745364667688,0.0898575089411868,0.357321997075631,0.441506364326398,0.0731590406971175,0.110965646808934,0.0398092640698178,0.0746486986359223,0.421305532712342,0.34551904284434,0.0355768092815008,0.0790522249579173,0.0806025860662319,0.100309220759751,0.199465280761853,0.173801950428217,0.0803632546158284,0.0754024863610628,0.0840727288150731,0.148242550762085,0.0578836349490832,0.140782201170648,0.193190415112181,0.0797117252843098,0.094766224569691,0.130645059406532,0.0732701391740868,0.12280473464392,0.0401033563579715,0.119989503821142,0.0468325531148934,0.00191257595271576,0.256010079795763,0.191424941207985,0.319736610472587,0.603904428613267,0.327519458168166,0.194630407188415,0.10329348204421,0.289019342921472,0.344718616374901,0.219089870617252,0.204145790558062,0.0773111907622703,0.0267024484817277,0.161721261583015,0.206737039451713,0.131510436247498,0.0599824539049029,0.159645018658307,0.299498481340304,0.157319684457869,0.141063108132455,0.181411898813598,0.11777492128856,0.113661991063986,0.0720528016217002,0.0460495242626635,0.0708367884265103,0.167235057956963,0.175599688630663,0.0888662237606437,0.180264755386223,0.134969691279239,0.151875922447722
-3,1.56047467941427,1.33327103594563,0.312401150574944,0.756244325716262,0.330091507645126,0.482171743764439,0.513028895104763,0.295857489280327,0.235588020554595,0.2564718199146,0.556639028229844,0.701152681383414,0.273352463960874,0.496418759132151,0.435953850546472,0.868238994251623,0.742510959858306,0.621362326917318,0.44101894376885,0.539321866795879,1.27238147228686,0.910922163067808,0.0783885140792946,0.103204417486024,0.3006297392765,0.272551524293506,0.453339372934931,0.809486763868793,0.217607135966585,0.928223082551714,0.882967421414762,0.0227066771255932,0.137926178506541,0.106756621908485,0.545806892188758,0.460976692106651,0.271050790999882,0.108016820751739,0.09287716670159,0.0703569432362479,0.0528100193138577,0.554833418763166,0.50915948394731,0.178027905246894,0.314887416081904,0.155142969920098,0.595732731856789,0.357898592931281,0.89880261577204,1.01850295947742,0.0742303580516059,0.773592494016448,0.643661113187737,0.412231780878307,0.472305669259863,0.347521871133324,0.189715339281861,0.291740393018296,0.187688055801827,0.175605819840224,0.218230384508949,0.447629394282304,0.38002455121067,0.642161039047164,0.631126349964181,0.0303453011651327,0.671981698336438,0.794585263850935,0.0989193553196262,0.096119874467471,0.0552102923913735,0.161933845402522,0.954778985245827,0.788643194806098,0.0398672936908979,0.15883684972569,0.204054722356159,0.25976305221726,0.252937797373048,0.239238389172189,0.078801134771544,0.125676802573278,0.118917605486808,0.199536843041361,0.169926363325682,0.418612721528351,0.388091977330172,0.144543928948269,0.0794725647368573,0.113005376422114,0.257510993672108,0.239805751011317,0.13351689535799,0.229821537319779,0.0958295906099942,0.021765848008617,0.539998652001676,0.446840704532558,0.574371276444526,1.09427921808142,0.569160551341924,0.330237564797087,0.17102613732027,0.625650699345183,0.683790327477236,0.434062468823832,0.352997120326807,0.126625916927681,0.152517800449791,0.34011911655006,0.327880540672218,0.140010299722008,0.105930825626234,0.214985961156515,0.368034062223014,0.234054233901054,0.192878302512439,0.270001903561531,0.255852280321958,0.163063161565545,0.0892749776115544,0.0967595346272547,0.0936240204385829,0.194644778354086,0.237234419665206,0.129021746968895,0.243283645948177,0.164822715847468,0.293960058264364
-2.5,2.96405108151856,2.42435761643185,0.979252055169541,2.0384883386491,0.786564970211639,1.27276955564502,1.13962633201762,0.655241398550327,0.888972400234316,0.793664312375252,0.940373877843046,1.52001139148195,0.688946276620013,1.0912580125741,1.06793381328421,2.13545477736487,1.9684545864976,1.47030169626478,0.880517230637799,1.34636909661206,2.40467264637142,1.53044735819985,0.0399875820804181,0.195504495065292,0.83110753131293,0.798284647895742,0.894144038804985,1.63533626014115,0.435114837718294,1.65004056799702,1.47160941397939,0.127095707900513,0.344483586068746,0.456924830134438,1.09013691373182,1.01420560555947,0.64021415999135,0.391234507588633,0.273209816256396,0.0554025153122342,0.309377506287353,1.29397346796562,1.22592102938473,0.394128096221756,0.849244851035553,0.357872888057665,0.993574335231656,0.321203324369609,1.87758870837463,2.15419505972611,0.316624072160539,1.61020704491614,1.35550467897806,0.802489912148802,0.880078138169101,0.830630422642157,0.511322144473849,0.801225267220869,0.616385561252728,0.494512391170175,0.392580497759233,1.01460287033107,0.847667294140966,1.43418866955157,1.48748882238338,0.136631618510941,1.63052311400732,1.85262383162431,0.213698199089268,0.277037141734506,0.198207750086316,0.42700596604291,1.76280499454236,1.40614373420365,0.133492091326512,0.326295825852131,0.557970054557107,0.631557513653532,0.389584591643221,0.394256714283838,0.131006344281677,0.401821482675952,0.140845472026479,0.369146630950589,0.485306856118777,0.968032902391979,0.707201718959078,0.513764582699049,0.468119989528393,0.596421988779959,0.71763102439655,0.47139218660056,0.56161620680517,0.817282315660507,0.328622699227911,0.0833306592407244,1.2538670493956,0.984661873294079,1.25248048225014,2.45390065815409,1.11399610224491,0.557197838835439,0.34147364062058,1.68454134253548,1.72740266405895,0.815584965942046,0.739370221319862,0.200653037137793,0.42178844475728,0.99767754293536,0.741854514774124,0.281159977302476,0.308701787046587,0.164075405654935,0.561319084076973,0.450102763648028,0.365414233606012,0.567440165590974,0.573788421502509,0.3208958988353,0.157415539745915,0.16416914717339,0.195533669771199,0.428699026250733,0.544828234504595,0.257179693406027,0.495043740902164,0.389258929084919,0.881070986177652
-2,4.43140226128321,3.2457421354266,2.00005384685713,3.55148044477525,1.19726883170067,2.31453692611585,1.98039743048702,1.15057545592371,1.65645428118016,1.5573660808696,1.83914259455766,3.08572843016168,1.69391269501539,2.32583592226056,1.95930334672786,3.51354377666828,3.40473147994899,2.9174441470431,1.84116875859072,2.2814998324497,4.24563786137185,2.60203904418276,0.421374265327827,0.643925987998883,1.11255769382242,1.05280166460685,1.24113220554402,2.61833240927475,0.77922291592108,2.92599343781808,2.69403560536099,0.461814864874928,1.08304787458406,0.994713754668217,2.18689265993787,1.94343542106263,1.4399206137397,0.815149635570248,0.772911310845873,0.159641100267604,0.660275758887366,2.08018372892778,1.92990857815066,0.616300784233145,1.5110960436001,0.667622774199477,1.61858797070938,0.417138269772846,2.90742970588053,3.48524995607309,0.341686122620153,2.90984097558079,2.45663414680364,1.89663358577633,1.80395314840065,1.84009962859488,1.36910025714316,1.45456777972952,1.06256736007985,1.09876163026911,0.90207442472476,2.21547718486864,1.43342072354456,2.5066417260331,3.13290378808546,0.233936715074929,2.70514043262127,3.09954032228915,0.61543537511467,0.819185316913608,0.574454991355157,1.16985185223747,3.58226165914993,2.48325500713836,0.417673818759115,0.614075144521908,1.43636354130404,1.41658783306011,0.915503177691869,0.86237199168388,0.399079402322778,0.91413268447665,0.252887736050935,0.979462863325363,1.12046400673252,2.16906884732603,1.54263383075533,1.19645722630552,1.00237870220723,1.18799594656985,1.82884154078933,1.3233751605984,1.15310824815019,1.65001733927366,0.667307970300127,0.166102581835831,2.58207627179083,1.95970646308107,1.89973257521093,4.07620715684951,2.36258123986727,1.77493341714195,1.04735462788179,2.94123256465242,3.0333164732481,1.98064714452492,1.71934384860166,0.62064474443017,1.04208640871615,1.76884742341146,1.18119200537304,0.404404851474159,0.576394635690167,0.344551863911352,1.34963422041782,1.0580958785304,0.652273353835951,1.07696025378707,1.44492187345145,0.952978933995143,0.161479567253332,0.480729609942441,0.713999951589883,0.838764253858067,0.98782182794057,0.484271016468123,1.1011445867338,0.697528108365856,1.81281133851819
-1.5,6.64488079334069,3.99266023945364,4.24897456772001,6.58905781463454,1.61949101730741,4.65172705746228,3.79248854285556,1.94633896502356,3.01304126905569,2.86707437024196,2.5738839557733,5.25656978680467,3.36615146814376,4.4277017248578,4.08336439583653,5.88676527360194,6.02381070983431,4.84938361247106,2.158247514929,4.64364895521731,6.73046084475317,3.61836715365863,0.999713218326275,1.41157044975951,1.7562761489299,1.72068394467772,2.00348494628202,4.17538511339019,1.62392268982592,4.5657638596164,4.03097340259208,0.802474833631368,2.02939942959039,2.52874494717517,3.67686684545402,3.17994708234212,2.86201798384959,1.74534319909582,1.66280586828834,0.262742766546655,1.46045025131154,3.10899820546489,2.98463064327836,1.02849686959674,2.99224143441283,1.21226222742937,2.67530314578861,0.613138958454113,4.39571566673987,5.39192541161163,0.25189542411829,4.97137420749159,4.13528560669626,3.3143649863973,2.9465686926957,3.26612359419706,2.79230516492499,2.76983281032039,2.01657999555579,2.34872105565951,1.57845905925754,4.27387215070049,2.63842555704908,4.10030722750134,5.71865312986563,0.267900464090589,5.11708126603184,5.49876685438176,1.47973294334216,1.89076812411395,1.26773856815926,2.35980534420185,5.79873688836707,3.53218823128384,0.997792963011194,1.6063344177162,3.01063119125267,2.83175133023886,2.06594033687565,1.94287177203046,1.16721926139152,2.43107437735919,0.243635956883868,2.10262913537323,2.42162553397217,4.23222587867941,2.83243342898543,2.75989419303459,2.70966084182124,3.23203769899792,3.78898733931394,2.31946765749548,2.55555984239668,3.76423953595367,1.75052899818472,0.331933153472085,4.69290251241676,3.40557261168892,2.26966242602938,6.60772794438567,4.06644174437777,3.23925612520592,2.03356412471022,4.9458081195297,5.38773647866432,3.96655589732359,3.49180367007215,1.08833045226683,2.34127719146345,3.58209229376156,2.17386072619501,1.14793226906619,1.43705348748639,0.70379437088651,2.6847135845782,2.00856970001601,1.32829695029226,2.38433916499542,2.81902383560021,1.87117975290613,0.26465298000268,0.928076159834927,1.40236325430328,2.08896483069216,2.33225387131364,1.12968808059956,2.51621667623886,1.85336715226688,4.3758628671206
-1,9.35828750711945,4.56748211576507,7.22098142806069,10.0771272117243,1.70271824449575,7.60361632179746,5.38638304110025,2.49039091156535,4.48747269188062,4.56417940313598,3.07320332361939,7.98304113431416,5.86941756860195,7.22091014161054,6.43675151791234,8.22423835692027,8.93845407665841,7.1170974264728,2.76886393088493,7.23455372318287,9.10206652184021,4.39346980669136,2.46221483527571,2.74659234796441,2.0148043841509,1.87768198547153,3.1741527723462,5.75339608872489,2.81149785203649,5.52350150578783,5.79632641100911,1.78064074742973,4.18018961869114,4.64329656842309,6.10520639363338,4.88866659238706,5.1581415365604,2.9363827269696,3.40168110110482,0.514274016609631,2.70985853017337,4.19619901231738,3.99120078763357,1.13237837318135,4.48767773117525,2.12140290824349,4.19615506595638,1.70349315906703,5.7143008302728,7.47534257644085,0.19794119566368,6.95506989967597,6.03728696321874,5.44431845934002,4.56921592851302,5.36148633943904,4.82999735151511,4.27106477365359,3.08965053278651,4.12512743360084,2.29614517722451,6.85926958687695,3.93792788601811,6.12796728846108,9.4266939861408,0.558197186693374,7.8608565038331,8.08711094160407,3.01738672074982,3.84207861434147,2.29107174677352,4.61912310244737,9.22855653062865,4.58134570789676,2.17782394994057,2.83346854543031,5.36041671765853,4.78324796791428,4.06128996330538,4.01544592131564,1.98289718824458,4.72138576264365,0.61267834026352,4.42881972976501,4.24092308590322,6.90927241309483,4.96898677962837,5.07780760112298,4.8373213728685,5.57283846018032,6.75004898720479,4.07250326214389,4.32079681041709,6.37279045334424,2.81161206659089,0.598743201521777,7.62132509146318,5.66584031413739,2.51999032483297,9.55870501584446,7.29318454024156,7.21130044858353,4.60494357708509,7.36193535053438,8.29902562002047,7.06174454251792,5.82870365527178,2.20055022366895,4.14328965978794,5.34498841468464,3.10017672856175,1.73896208682126,2.29106241597829,1.28095551764477,5.57142150584871,4.29152563348221,2.60277130184896,4.28305915231593,5.47574121123241,4.03938733472207,0.463159564155086,2.11401267395534,3.34373664937069,4.0514685466803,3.81666438015943,2.0853063621211,4.93256708673071,3.26573773572443,7.60047368392173
-0.5,13.1328682428263,6.06681970504203,11.0172727937604,13.7265583051325,1.33686300106601,10.9761737717084,7.76502575381347,2.84706968385645,5.24614294279278,6.22938817628342,3.9647338201255,11.267073139883,8.9544203813023,10.6886442461782,10.1049597004392,10.6842062033915,12.1624696593275,9.42785103593453,2.12674635528439,10.8819473111566,12.1800506484556,5.58444442229869,4.16174360029003,4.57119273077528,2.04467459284416,0.978980312493664,5.50666225544447,7.30817012351271,4.25620671445328,7.44966350984017,8.00691856164578,2.48996700526461,6.39573274813625,7.76446656041891,8.59296812969591,6.83045292368668,7.88412833702036,4.42319373369861,5.36206700760904,0.688875461929136,4.00560210435183,5.3007567953073,5.51296542328258,1.38146594440418,6.4538437838351,3.10048076079991,5.99211145741195,2.80526923697622,6.50257682727959,9.45677262148855,0.842772282319306,9.50976228673035,7.75910983988133,7.83044393545778,6.17673051059361,7.71291049991797,7.74775534613588,5.39147404281848,4.86294584683488,6.49790885645477,3.75780037586704,10.661259890207,6.08353916742442,8.39864034204278,13.473657066894,0.306715518943811,11.7710254755453,10.6966532931451,5.55329031821635,6.39910330583403,3.54575846302762,7.28744486679636,13.2700984296648,5.80818665302879,4.08530042002231,5.48450597833933,8.45376831171862,7.84378337154904,7.51743156244695,6.81848295958911,4.05439064539018,8.19508996294978,0.598725045923704,7.43104781948152,7.21365006460345,10.8017161619753,7.42917799386052,8.19970353650212,8.21863879955124,9.47695354740061,10.9393975118413,6.27668700193544,6.72450688252831,10.1979985636789,5.21155498798793,1.07924801221918,10.9848526279866,8.2989015797686,1.49105691794442,12.1838453613995,10.7946857021749,11.284791826841,7.37416668212729,9.33192680562522,12.1506044088242,11.284548582972,9.1845213307836,3.41160398368651,7.35280253378409,7.63640240512236,4.44790501080318,3.08679725616646,3.70842891388423,1.67175012417294,9.21280707861,6.64467008978484,3.96190432654007,6.95513897552309,8.52064303961878,6.68195501194144,1.04765039082169,3.62959975608236,5.56901506537265,7.16336868283762,6.58487786143053,3.59822743548156,8.45020707148337,5.7223503197909,12.3304288936626
0,17.8412884183784,7.93794189033419,15.438558604592,18.0787283068446,1.33747758174194,14.9320750789232,9.7154100908792,3.26733921226484,6.44570601343884,8.7870183594548,2.86762657414913,14.0812427352615,12.6082406744648,14.3369243669453,13.7159071794662,13.5440096814488,15.9876527809026,11.2783945318462,2.66495790214621,14.8802667875821,14.6686975028995,7.33317219701161,6.91831311095576,6.58348457001613,2.47823906381061,1.07174443564476,7.72627817506526,9.18322221119786,6.38329337183511,7.63337404892915,10.9373263955775,3.84894260909913,9.07373269729635,11.3161528531354,12.6162750219169,9.08860353681211,11.1399450002777,5.97308845984685,8.18590316616931,1.21740319937802,5.97838833901431,7.0806283535557,7.53765302689639,1.50628995130747,8.1975236017093,4.70102423631926,8.41205712166417,4.89251575790935,7.39758201423038,11.8307903860532,0.867014107552209,11.606947153691,9.6268258721158,9.61346705139317,7.56390462856065,9.82990016803675,9.76465829152604,6.54426247170517,7.25398934967781,8.77021883614608,3.89384686532126,13.346183522327,8.40851922918585,11.266443176899,17.5164018821919,1.72026322517655,16.5177209296545,13.5231491051409,8.30276275698932,9.88741093901867,4.88930274268347,10.2863603029178,17.3359347146261,7.66068985015052,6.2711796083698,8.04461961469788,12.2149245908583,10.497543357218,10.7830138372573,10.7127961637836,5.31153888605873,12.6390677200242,1.37901008686328,11.6618072664409,10.1713103113748,13.6816045751102,10.2005967966435,12.2186406795202,12.3191117103802,13.8728530357042,14.5483599721383,7.13199657459301,9.19834640207869,14.050361559866,7.14772952770479,1.78736457802018,14.5911323636839,12.579692349878,2.21860707529653,15.6162292701389,14.8113809217472,16.5055681954952,11.1900054792295,12.1639413962408,16.5560408025968,15.1310674509848,11.6530969603533,4.38091917590393,9.74725977123341,9.72232191275796,5.71661552489833,3.93081707762941,4.98258806066706,3.25319498238049,13.7539083388385,10.3700363587328,6.72763561959624,9.83750785081902,12.3744583048399,10.0557306737986,1.19952490075096,5.67897144779445,8.65528052689852,11.075068141178,9.1939167059483,5.42119741186647,12.8527176397828,8.04916167734952,17.1526205764596
0.5,20.9474638049582,9.16575527057472,18.8763051739483,21.1566937155348,1.76753346314825,17.9747651678163,12.7027103496001,2.91358939054661,5.86332920828455,10.2052940253798,4.15392451476038,17.5379083433051,15.8578464122311,17.4552434586083,17.1470623174556,16.2497861851848,18.9310774929663,13.8842122678523,2.72090322738266,18.3270941614807,18.4005246593087,10.12291954214,9.47255948582264,8.64582619486733,3.54168446366105,1.04935219198347,10.948543842018,11.2960384690503,7.53886215475695,10.279959220499,14.3465056013835,4.55312315148785,11.6166927058172,14.4288138683112,14.9860956292565,11.6868625064217,14.1121721974222,7.39382619531907,10.158331930384,1.12283293158537,6.98592694898763,8.4346280750429,9.72904426189591,2.52473154859745,9.63412654807125,6.15611973249562,10.9003262791304,5.59310095453706,8.52516624169201,13.9828101764791,1.3635129740057,14.5645336643014,11.0633719629165,11.6874669037912,9.18239451287744,12.1552670441329,12.313402332695,7.18139854654043,9.64174087667856,11.0419606523599,4.93624713097684,17.1490783645328,10.9240990438888,13.9288727262393,21.3801024971745,0.885388004459281,19.2937968026747,15.4245280057637,11.7782183892497,13.2676863126025,6.14648980576947,13.1077430714675,21.9627255873342,10.2807585422551,9.33677233086256,10.9279034416887,15.246983588146,14.5077911769015,15.1356417379353,13.5026432612384,8.15823855996462,15.6991623103295,1.69017997776213,15.228968479071,13.3572045194407,17.051852879837,12.8083122401783,15.480379774509,15.1856969242729,17.2214322361128,18.7179634876868,9.25332279739347,11.4519109204546,17.1126755846839,10.0200434283141,2.63697906786582,18.0700727088585,15.3265803163387,3.13103775853889,18.4105143593221,19.3237278419922,21.7548956145706,14.9016503536834,13.8338747841107,21.2872300302718,18.9562604886035,14.2453073447583,5.72223251753626,13.4935351521843,11.444693914774,7.53428284772343,4.86655489400536,5.71561222689657,2.87824292399397,18.4416605112132,13.3722391725331,7.95089710348409,12.6577665360318,15.9793507364288,13.5614065407369,1.79638564014721,7.7910527462552,11.8345498849957,15.2203811894301,11.8347559354001,7.62251526786838,16.8031506534745,10.8603011354115,20.6495101282964
1,24.6399573461892,9.84238279670245,22.9871191466529,25.9617473312887,1.75136996885739,22.3584143987274,15.799540382977,4.62099667805584,7.39620099682261,13.134202362664,4.067860222952,20.4401962364659,19.3626988392732,21.0968485640843,21.4515193921166,20.0413579999102,22.9246335505737,16.7459093002754,4.27053205558243,22.9534257710923,21.7234601092902,10.8494053603288,11.6877434935524,10.3424986357973,4.4918518157962,0.356566779766597,11.6630204664402,14.2883199232477,10.0341665761716,11.7884744413541,16.6933065625672,6.13277211484648,13.52224186681,17.8560028753393,18.8084515173871,13.5872219434455,17.5498843103014,8.956317074276,12.7389447863747,2.05291692735774,8.7266552988932,10.1681814951867,11.5112695044524,2.74837545851328,11.3444725257794,8.95128248111342,13.4587445357375,6.76718298879861,10.3021419642748,16.5890630791483,1.42205768009538,17.2392395636731,13.9733394962621,13.7130460632206,10.6200430808189,14.0777700461903,13.8291285829511,8.39454892458569,12.7534040210523,12.4431510424983,5.46068658637408,19.8138790339408,13.8670278797774,17.4838399903764,25.2184715786807,1.59978930022301,23.2300297754097,18.084901417366,13.2493846155966,15.9539103036967,7.14514102348214,14.9730524775497,25.1866667398652,11.6431149630087,10.9677464382499,13.8505600985652,18.4328336127941,16.5370534844029,17.5269002861714,17.5109593518198,8.51491903823894,19.5657658924468,2.65116251202851,19.1938310445554,16.4707751785339,19.6572109798896,14.5670263581473,19.511858943417,19.2856294976076,21.7752537346932,21.8692298405806,8.8301663980926,13.447925928598,20.4038311175107,12.2689623617442,3.11786551540555,21.6151861782796,19.4073154523443,3.99112531682405,22.4056743596129,22.1709959191338,24.8533312814659,17.4756562413053,16.7909493508466,25.5536958686979,21.9162728435676,16.1364305379606,5.95852238118657,15.6872266093993,13.9770901085651,8.94791623765934,5.38059517760541,6.75384798970579,4.39657534797683,22.033968654481,16.035488163452,10.6744625605926,15.0833528793058,19.2927851119507,16.2574540682681,2.11089693073225,9.64409453567422,13.9956998369156,19.1284828023633,14.8174494136576,9.03269248595837,20.3508672706035,13.4811705731433,24.5628689905348
1.5,24.4819024713616,8.50856832830095,26.2294336589427,27.9563807068319,0.706912172487793,25.1777023866781,17.8671510948666,5.23682818690771,7.73716143120369,13.9365593098708,5.45826079935217,23.5188092807688,22.5186666086161,23.9570365905696,24.1126684853124,21.5426897804089,24.4458314792194,19.6547457592414,2.79049699793681,25.805425984879,24.2704029224136,12.0379109622302,14.1651980474109,12.3475079213712,3.67775404521515,2.12650631500745,13.3672225270105,15.6852317484969,10.9147782047206,14.3318167858066,19.0984271046027,7.45103466246985,16.334261003237,20.667889710828,20.2881868684857,15.0560262862311,21.39666243008,10.9705803195519,15.0969950084803,1.97660684803353,10.5387239121721,9.31346688515726,11.5746733672262,2.9353534663317,13.3861609064463,10.0819992531392,15.9496799369076,6.87061301889318,10.9957848985713,16.7747596005015,2.28783678298493,19.3541347957976,16.2099621403521,16.319567533395,12.203713719052,16.1107978302633,15.9873665745717,9.51622438678924,12.6856313286077,15.1783852043291,5.89116582835508,22.3149930312085,13.5482950433335,17.5328546705901,28.6561082766977,1.66089693331883,23.5156651439403,20.3303522973369,16.1034829543017,18.9918083723525,8.59458932905954,17.6996487446818,28.6907527917529,12.9913188835587,14.1358701461919,15.2688544564464,20.3421739344172,18.666757673771,20.1284519612794,19.4020233907032,10.4956588466026,21.9497947260677,2.83808152619035,22.1980247346802,18.4664394111131,22.2933863984609,16.7557655773539,22.527422556559,21.5643601013864,24.4883167033093,25.5339804274111,10.8822373521196,16.0969501428241,22.9820717938724,13.6493534421322,3.29938057976034,24.5619058350436,20.4431245549037,3.41276915232992,23.0304553798837,25.6843578178704,29.8379366706382,20.9446602175338,17.7487519674665,27.5936377916125,25.1115245290415,18.5250135270242,7.17035945624056,18.5660374798321,16.255805673234,9.9555076900564,6.07195820328942,7.45478296050879,4.53014207789434,26.0893480329079,19.2878225241573,12.0888668799377,17.9944669182193,23.4038654940972,19.4636597647466,1.93893200029546,11.3427823502483,16.754714135979,23.0901548162635,17.3951344445018,11.022009709941,23.3815488110252,14.7153545210615,26.4575995598474
2,25.447615846803,9.49934857126381,29.4120862158522,30.6790181966235,0.101419327473296,28.4819839974065,19.4797157874807,6.92199379673087,9.29200275673472,15.2352496180729,6.23967823861295,24.6406763888849,24.6666731725783,25.8908409280621,27.6809773574197,23.4705170677171,26.6781554399264,21.384440911733,3.71127989476344,29.9497604798012,23.990327497167,10.2844711368903,16.0263448335161,13.5850368363134,3.60355367630161,2.70878688225186,13.8245665377773,16.6114537432051,12.5295562160279,14.4228774827416,18.4782240473903,8.41437193508903,18.0146578476172,24.2567445843699,21.8129403342601,15.3790908151074,24.8260601644824,13.2757992438758,17.408552449369,2.71794982393675,12.4085564409974,9.23799175274945,11.7534810134443,2.40147189190098,15.6788516846115,12.1685810044697,16.0141153259975,8.08658100035028,11.6177257439898,16.9086577576038,2.6214464583374,19.9890946782408,18.0739117413198,17.8180358715172,12.4407737939126,17.0195202851834,17.7258949431404,10.826526254591,13.7970575154717,17.5045826532846,6.37593123133932,23.8582068708748,13.6056413514903,17.2872974535496,30.7702696576699,1.3897384584609,25.1091321490141,22.8254563238855,17.3525381454194,21.4129532907065,10.3131474620011,19.2681241011773,29.2850606724256,11.502808440666,15.3068500597572,18.0821393403329,21.8931827650337,19.5814452756274,22.3891283152701,21.843183410732,11.3912506642134,25.0348213594703,3.18131626688832,25.2781802478243,20.7587131847523,24.2065681289317,17.6949221168708,25.8479206048441,25.4234202120547,28.9659669670278,28.786659410632,12.0217564487388,19.0240372775073,26.2336166779479,15.5476117286537,3.42804545475034,26.4916740932711,21.5314090527297,4.46415311919474,23.7161613339416,26.3813868527292,31.4991842303404,22.7679085063675,19.0453620004372,29.2542287878544,27.6117779820029,20.6286042115546,7.16107352656673,21.3381271503498,19.2345577638096,10.6766855452738,7.16255385215114,8.91675537344074,5.24227170144148,28.6646784546954,21.313392761424,14.0364995019837,20.9265085797968,26.2939462494425,22.1630677353305,2.66544542601772,12.5644743287434,18.7206975948458,26.8665204566058,20.9297907162039,11.8433305140045,25.9583992048868,16.45499699957,29.2057806880483
2.5,23.5236849231516,13.3621000197297,30.1807282057034,28.2007223550094,2.73154750498637,27.7556609278978,16.9111584714945,8.0406279045607,8.8408609292076,14.9394926753424,5.81272199796952,24.2507752855765,25.5622924223341,25.8441933890914,27.1413560700353,19.4390331306883,24.5150299340604,20.3352907430824,5.23577618022027,28.8624568306088,21.4751238931261,11.2504381915382,18.6775183090949,14.626332555881,2.72924184377058,6.35982207060533,16.5457103420311,14.0440425828006,12.1368382426909,12.5048061283449,18.5945587128661,9.44092526285716,20.2825961844203,25.6341346067233,21.6298842083859,15.5736863699929,26.7903375492389,13.9792996810313,19.4328940817632,2.88655636923146,13.5142099074323,8.97178428784638,12.3288270491759,3.02275771453001,15.9716130327147,12.085517592062,14.9746424348643,9.10410012479765,8.13974358310181,13.4157222801361,4.5034285741075,18.4062661672913,17.2083052170613,18.7171063604304,11.81766985318,16.5392691217326,18.3171550453957,9.82857356263841,13.3649011666977,18.4955353218341,6.33867885849814,23.6796084940855,11.9189107230955,14.896667740783,29.8603063667526,1.45361761516362,23.6014709147803,21.3290156167696,18.583918327558,23.3209229257132,11.0321533165112,20.5147006540497,29.1616086856388,11.962896897973,17.0977659567035,18.6444730751335,22.2207665587529,19.7580603471239,23.4604661988774,23.3946808516681,11.8791263554928,27.0212370981607,3.32803869676112,27.8100200493698,21.0237328681704,24.2349562253816,17.8793574236413,27.1391262476974,26.5622857043009,29.756733788218,30.2053625137445,13.2991874756431,20.4684046199355,26.628560119545,15.3361086033811,3.88394115036879,25.9164020117097,21.2281214174749,8.57779924438576,19.0230400054475,26.9064846711728,34.8770175430868,25.6637123191105,16.3681318883444,27.2532092479655,29.3204372622451,21.7258039032342,7.40486934156591,21.9846838624102,17.9989126251746,10.4060949471194,6.97323756599331,8.97676007851766,6.17072343378974,31.0837246563223,24.090409041002,15.9626959570209,22.3010224609913,28.9420162885308,25.2042008238598,2.4562735646221,13.5815553856141,21.5171928858486,29.3109337214956,21.6144217693905,12.235618568603,27.7724613999641,16.3591348083366,29.0433064908347
3,24.6120101730139,17.471481735397,29.9150698203029,25.9168538383292,4.36656115755261,26.6979856738866,14.3174710027258,7.33980224926443,6.66096255491335,15.8901848173809,6.87710445867143,20.3527763230679,24.376987452404,23.7153392308093,26.5313733137152,16.6363837765132,23.8313273371942,16.1851933290097,10.6355971178971,28.5063921691466,16.3293811315558,13.7245613262365,18.9773363616416,14.106651608758,3.83260107906402,6.20090928671563,17.1003915775908,11.0667799187034,12.1041150357678,8.9343545887362,17.7470688348409,9.41208248997442,19.0249134794884,26.1621560198699,21.9442117544261,15.084925977888,25.6265247296836,13.9166610287492,19.2944589078611,2.89568107048846,13.5479869087331,11.0428356882195,14.3684524813744,4.15125907003832,16.0343774188893,12.9709589411387,13.3126987937736,10.6328054059104,4.66436588337105,11.7390668047459,5.1588581667908,15.7067888555751,14.1672118163992,15.6791879913782,9.31079451021938,13.9537227940479,16.486842799,8.41420976634539,14.3582694558406,18.287689083598,5.08791036108804,21.4471342587551,11.1349371613904,12.6469358604636,26.4272445732568,1.32633213796843,24.1061513663431,19.802918784246,18.9846930437801,23.3872158484695,10.8354411954686,19.7961563690779,25.6226774792377,14.1360971451877,17.6349446606387,19.4851815916389,22.2187785029636,18.9751637164488,23.6473317813569,23.0885231581633,11.7725570942386,27.9897475245805,3.09474774386632,28.1426272408243,21.1401745036315,22.0961662926016,16.7253388770162,27.0205455159873,27.5372681624435,31.0751915029055,29.6333629363091,13.0344612139007,21.5701713487975,26.776270014302,15.8419174988603,4.58524374309588,23.4085872220833,22.1925290091746,12.4745486081313,15.6063696161172,24.4776238679533,33.318484530762,25.3648927473882,13.3971419574234,26.552318559383,28.304615743782,20.7741145948539,5.81939004180766,21.6577135846467,16.8676524785177,10.4900861171222,7.25960113312798,9.17207555543626,6.52536961142438,30.6931509296324,23.2810412944969,16.2046879179007,22.26402666909,27.7762636553142,24.7973980290918,2.57472130324447,13.8862911276843,21.2690072710009,30.4939814324872,22.5020903187102,12.1415020002717,28.2309407541142,16.5386314692094,28.5454795471226
3.5,23.3303673952181,18.5250960088281,25.35580565333,20.1075187647363,6.07568713969258,20.7300493432664,9.59739072100407,7.24025790844268,4.39481412304203,14.6588592202763,4.91631826159364,16.4520632354184,21.5007166568037,19.7134777699339,20.8758449207325,12.5600505707499,21.0031688570794,11.3228331434085,11.9587813214199,22.9475639734241,14.0094291007979,18.274841235925,19.261822469266,12.8456489554732,5.84137082279734,8.92474070828792,18.579507472765,7.91393934735873,9.41056752024131,3.48671033484955,18.6990916648229,9.13774527240907,17.9346122958267,22.8597803931552,20.1484771266436,15.2282668218567,21.5677936334414,10.860922403033,17.2053167103416,2.18056072743581,11.224647343758,11.824536190376,15.8843562607465,6.43401699547925,10.8699115945155,12.7141257035894,11.1834448721002,9.77850595668792,1.47542904218568,11.950216554527,4.20032224099411,13.4621871387067,9.33620371500795,12.4591906824408,8.10084477590477,11.7128985835099,12.8329753636087,4.6440860755229,14.2375840859193,15.1980063968821,3.60442509625748,18.484992225859,10.0151616296371,12.0496909054742,22.1664542573974,2.13087099574043,20.4063137628871,13.5758743562807,18.0051612874979,21.470196582303,8.6663655778829,17.8861654344826,23.9035825304984,18.2762149777533,17.6026705394604,18.0696333480403,20.8608649117252,18.9136017850929,21.8745736980382,20.713519269405,11.3669251285785,25.122478620245,3.32025908889227,27.0500913215086,19.6855743918454,18.1558012647398,14.9543514917997,23.1685170191016,23.354418113672,26.034930418444,26.1921406594798,11.0160964869131,18.0675902157909,22.5223464158797,15.9582503544476,5.72252141366392,19.7906366782909,21.8706433780754,14.0088323563606,14.4679548495679,23.6785848307894,32.6149278954992,24.9767599527802,9.3760538502436,25.0265291574183,24.6274447281912,16.7637317491477,5.13910441587351,18.5151717138618,9.98234874756553,10.747299052054,6.14719819396498,6.43807642541785,5.70402981416431,29.0381137933904,21.7168102759115,14.7712473603195,18.6937663598692,25.0000880639932,23.7436898285893,2.45798312896227,13.9898017690629,21.1856002156436,28.4804779874462,18.5914673131558,10.6795696604019,25.7044304019853,15.6936408558962,23.1246742545175
4,24.8516368407924,17.8268313895008,22.1429458818639,20.4166951023514,5.76103633561825,19.0595273074932,11.9504793441167,3.21755959720734,1.97729720516274,16.2146752189167,3.24784932178334,15.8548210929677,19.984046519559,19.272261801888,19.4528914408002,15.6794820717045,22.5456852429897,11.2186832801132,13.8964572979324,21.3977161421683,17.7730541383667,17.723379715389,15.5249973754118,11.0203986793504,7.30494704087344,6.05116017231107,15.3499052218748,10.59286412685,9.43266168383681,6.57449100750415,18.42336657296,8.53729246410675,13.3452751264794,19.1152875694454,20.9867677125894,15.1171790949212,16.3755571593679,7.63914790882442,13.3253626336494,2.35188913002014,7.73822671588311,13.1124648498916,16.7922479143411,6.68893413159189,6.63908116019938,14.8663264565844,11.2362283099624,8.86761508260443,5.93993625670506,15.4814850443864,3.79942906412999,15.3158649380181,9.10912534759668,10.4053232106485,8.76341685665444,11.6612568062644,10.3991469970783,4.08313266055054,16.621509245114,10.7751280773732,4.34410716625576,17.8546437208843,12.7020478431547,15.8971830991979,20.1944240397185,2.23712625777826,22.5882316055693,9.79323868156728,14.295524109764,17.0891686587359,5.51153054779743,13.2977025675189,22.180043905762,18.7688876714792,14.8599025165702,17.1301013305825,20.4054906738985,17.2232474765762,18.5089956128849,17.6976337199206,8.86069394095938,21.4528723202119,3.09105295517364,23.1417027675296,18.9834967779215,15.8340195929471,12.1826096523032,19.3556610656802,20.3442658731208,23.4204394428734,21.4249838126236,7.19829985420258,13.5718556326473,19.0112903132849,15.9922862346131,5.82117389111969,18.9524669762372,24.005927917218,14.8918138706768,19.6919591812873,20.7874631180496,24.6308501958719,19.225400132102,10.1272498690041,25.5340740158972,19.2628516352561,12.8427057350896,2.92835323805372,15.2783756905462,7.61806100631881,11.6113979647479,5.82256318285715,3.85569979736318,4.54137138176769,23.3519925103932,14.9482829083375,11.134687515364,14.0027839271607,18.3701884181773,17.8187249528377,2.77046844960796,12.7160381859418,16.2546256143055,25.0843363207094,16.1839867436816,8.41592244276304,21.2840645414168,16.0197709542591,21.4007362406689
4.5,23.3005589015695,12.112982714197,21.553077752391,22.6948974358421,3.46802138686425,21.1578744895704,15.3201049845344,0.516671665254812,3.86067041222032,15.4588664581679,2.87410175721683,19.1129742876345,21.1034144384583,21.6230361473667,19.9881153871377,18.7048315105215,23.3163510662435,15.8942479064187,9.73689355809804,21.3693757802936,22.3462596983893,17.657340068357,14.0041064237185,11.2864427487311,5.09188029278403,2.74077789501271,13.8485721919908,13.7922346498081,9.87632739269672,11.5751193555442,19.4464320734783,9.20387906240725,14.072481179242,16.8582277674299,20.630860528316,15.1390255733255,17.1979136397009,7.75075124100345,12.7269098365384,1.87500920696954,7.53455981325345,10.7994431422836,14.2796086268306,5.80871234296841,5.68664904100348,14.0336896685154,14.1477829915391,7.49229470772588,8.67960228842083,16.2926271577107,2.12646973599773,17.6551187312902,13.0354367570375,13.6014946184059,11.3865489563342,14.6616863455236,11.9736183728489,7.04043040952619,13.7873570621309,11.0119471553271,4.87429906596241,19.9014116331149,12.8677546228237,17.2134374187875,24.582273840903,0.421670578878812,21.9026100485288,12.6687364133797,12.7393461711367,16.4112191162208,5.35542369685672,13.2968204150048,25.32998214655,18.929802035913,13.8204273703347,13.7671413017709,20.1211338744608,17.4956473143783,16.7777949371029,16.1951725093042,7.99364773686962,17.9115702165619,2.97700786174222,19.4565531404372,17.6501534299161,17.8522166230603,14.4230208357454,19.1794274934141,17.374064057912,19.9001283210116,20.4787179232049,3.05980013279013,9.52096049765548,17.96862684903,14.7498471973243,5.08823146460222,21.9393013529566,22.742227628924,9.4908852496082,22.4975031626941,23.7183124413388,24.9346536055762,17.8134049641944,13.0510280838629,25.703016556051,17.1439707750544,12.5369267257651,5.52087220533296,14.4337486196445,11.3904944127731,11.2826813897345,5.73057164621844,1.89204215593961,3.39677793370067,22.4714545833167,14.6628095012341,9.77204455485318,13.3100845181861,18.6889720136995,14.9809951583649,1.95674828782563,12.3291643899154,13.3821616053425,21.4308480438169,13.2500198021841,8.76056511511647,19.3441061039133,14.4468930102401,21.9304485393152
5,24.6565279200883,9.54605328309714,26.1861932056314,28.4703027336277,1.22508452230853,26.5868340551486,19.3085084835523,4.59254810393666,7.49601875997978,15.5388993243953,4.68903091854796,23.0594002063156,23.5547257335616,25.218965837067,25.9087097183542,23.0157195106431,26.4444308216998,20.5423208352705,4.94661388324888,27.7120401423646,24.440344701965,12.7977387106952,13.418858607584,12.6569824752975,4.45785232620899,0.45036985971985,12.788844074029,16.5502071268579,11.8028718686479,14.6512514393018,18.2596802294702,8.68099454157397,15.8001918214305,21.118235311502,21.1848554010891,14.8488269718837,21.997472078222,11.4648400465826,14.8130121537432,2.36997260892427,9.97104027311303,9.51864873630544,12.4769733008026,3.82466925659124,11.196611318468,14.0758640978699,15.5205964915559,7.38503276932874,11.3311946354689,17.1941659778809,2.41610160857792,19.6232873544799,16.5952158464624,16.4651034753654,12.291907044718,16.810085762816,16.3054842881947,10.1047179836216,14.0131177093154,15.5297272235314,6.47198948815573,23.3721012082821,14.0105460821054,17.7507150349617,28.994131332804,1.32280387812812,24.5343902749956,18.6342009332158,13.864041213867,18.7584089129879,8.45378391376791,15.7808883622502,27.2558134995229,13.9429970731041,13.1181021848446,16.7425214500953,21.4368333845668,19.0240114171331,20.5516675167576,19.1144269762943,10.3098948243128,20.7269613515486,1.6100743313134,20.1878548503843,20.2240092422293,22.7348390519144,16.5430229453058,23.4500212991411,22.5386424640284,25.8291782796206,25.6666450621281,7.0947297042719,13.1709326147001,23.7347430111584,17.1281653903802,3.49407606745449,25.6641112037219,22.1368619035577,4.29419716982746,24.9167017322529,24.6085553772027,25.9860427561642,18.1670723189208,16.9843299022468,27.4830616164622,21.4525684130959,17.5807483550825,6.63086522312891,19.6683695332766,18.1215955189993,11.4635620139827,7.75804818397864,5.85610367567754,2.66050112180689,24.3942611817405,17.2739660972343,10.8903770790622,18.2353047970417,22.7565511442072,17.6010285645901,3.19027045140636,11.7807136800902,13.4402676368097,22.639232836982,18.0325844687927,10.1477047364865,22.1327663490374,16.4841957141901,27.5892045676158
5.5,23.2607986121975,9.79332377670235,28.7084250439751,28.4449500235004,1.76403896631165,27.6377878510363,17.9974613101402,8.0340153223508,9.23487305200076,15.1105137859466,5.77816659632715,24.8167832435286,25.3292995803863,26.0350694227699,26.7700361905557,21.5817510518065,25.8498288089245,21.8783401937697,3.45021817494584,28.6832507948559,24.046489206764,10.6508160869591,17.6097888708192,14.3351220764499,2.39422948152257,5.46737447577999,15.0637197751986,15.7183475085163,12.1344173987525,14.3250663406755,18.3497342378776,9.85875043654408,19.7209436098069,24.118729494938,21.4550756100471,15.2056341525668,26.0149052224234,13.3641670247989,18.6236052073615,2.8179364531821,12.5375895041719,8.40402098029361,11.5835901608943,2.59017148714828,14.1269875059787,12.9602174650286,15.816988099926,8.19315917728738,10.0831700620254,14.9761959137083,3.56151138208009,18.9523016586304,17.5208612739004,18.7200774352154,12.2402499326359,17.0676574942378,18.126585728406,10.4998357920634,13.1067457339884,17.7781388524098,6.77245791607519,23.9268323424249,12.7821742527493,16.2926342921516,30.2294573946395,0.753159875000515,23.6280914209295,20.7568487653395,16.3638546430922,22.4927498639829,10.4807326952656,19.1530130394437,29.0854496640428,11.5132367542453,15.1599648046768,17.335758036681,21.9285248728651,19.0719548914778,22.5170129339505,23.1395202332773,10.8374853281745,25.4632747781432,2.79737240261924,25.6522187495139,20.4201738854972,24.0880650131372,17.866412539337,27.0638783427113,25.908695836058,28.5158086695909,29.1172745178856,10.9603035943305,17.6967486789484,25.9849674785653,15.2949266756444,2.0477622007615,27.1094852893041,21.7335662461582,4.6158310294975,22.888310707507,27.6299004946198,33.9290190914663,24.2245605972657,18.3763902443095,27.4699828298931,26.9195534493838,20.7303694953125,7.60417130919357,21.3585744237971,18.9484157403894,10.7632218111947,6.97119785407541,7.68038661785536,5.54899370175284,29.7149691691496,23.5961778581213,15.512798324582,21.7887737724413,28.4230270982462,23.7276847674791,2.76916948540782,13.037039212479,18.6498787439318,26.3335449447788,19.8498617901728,11.4110627149949,26.2867939510748,16.2842370913709,28.7990457351297
6,23.1413093863205,12.3499912496562,30.011741928017,27.8682585440999,2.73521995739914,27.4458989937628,16.8446756665907,8.26811871125862,8.52273954043925,15.2834923044013,6.84643032569052,23.4534465580004,25.0577622473286,25.2700928253195,27.8250488803079,20.475102464626,25.3790858479924,20.2734449586402,7.16363840937488,30.664262904111,21.0425433323539,10.2120805182585,18.7139905127331,14.5901081854892,2.63324227178244,5.55101252889565,15.2935766495256,13.9359338556124,12.2405759639441,12.887137540825,17.073346872704,9.46988520968844,19.3577324726763,26.0403431833412,21.5526418120516,14.7495912623163,26.3750774562874,14.1895241545511,19.4923140028531,2.87555716024783,13.6411607815565,8.97680392538231,12.2362127074554,2.88586482185251,16.972901157859,12.9302951536768,14.7178835042384,9.18193567209617,8.74664914646558,13.2010046626105,4.29168875870911,17.6281838282863,16.0137455027712,17.0314221725116,10.5553590356907,15.7235846615573,18.131694874014,10.2725545366839,13.4571329895716,19.0718045839189,6.27484739665235,23.1935980292425,11.8634755708494,13.8756615018436,28.8937579403679,1.16304263626492,23.8815407123627,22.6035541230561,18.8393639832645,23.3685135257106,11.0939661873263,20.1558827290266,27.7035346562983,11.2160781127826,17.36283886945,19.1311287404683,22.2632063624815,19.1916178093783,24.391840930369,23.67015950762,11.9034842995209,28.3553422978189,2.4180054368992,27.7500217468734,21.5727904951733,24.4281259668223,17.9273071364061,28.1287628847736,28.1881624328464,31.6029265917298,31.0721918674032,13.9189100672768,22.0514209540495,28.1028134485364,16.2253557090949,3.77204389447039,26.9256697627983,21.9136316253042,7.47911998359839,20.4697030708912,26.2803289969345,33.9248758637357,25.4671670855814,17.8422976120541,28.2485447390547,29.624534701416,22.6193505644082,6.66363291272379,22.7284482834288,19.8383926931264,10.7119241220885,7.5621767448943,9.46949881849005,6.31222954145825,31.3851482017113,24.3862878910619,16.6233147134091,23.4257583235227,29.2742364615903,25.0401524159792,2.74455555347217,13.827205999022,20.3065231686135,29.5288643849363,22.7182094509179,12.3871859411023,28.4778188956437,16.735942045936,29.5934863068884
6.5,20.358259855304,12.7941070048927,27.5573246452241,23.8157611924948,4.07261611300014,23.3284875841504,12.58445643085,8.90712883597274,7.29434292844967,14.1109283483131,5.38736721028852,20.6440400999148,22.9794606723284,22.4513963261436,24.4914163822232,16.1869714106506,21.8635944058132,16.9404862065906,8.28996837612617,27.1641568296885,16.9927955712485,12.3572951125016,20.1469495646226,13.9622604659161,3.47893850830295,7.73484142926218,15.9924453877602,11.0325038425824,10.3790443184121,9.03102150892659,16.4521031358381,9.45736530020966,19.123642363422,24.627222139357,19.9897580601192,14.1210176308626,24.0753708982005,12.4526565437175,18.5398718974586,2.51369040792331,12.5228710509392,8.42321090303201,12.3604242898317,4.16842079164699,14.8248582504464,12.4399219052607,12.6537328885058,8.62810915437745,6.2475808983601,10.8241608128258,4.14644471710672,15.1434673604022,13.2626858209921,15.0546272876056,9.0827094622182,13.7730281353273,16.1443112161565,8.10042724818368,12.607121019417,17.3563038278896,5.35418033737301,20.6094872974237,9.56203823602947,11.273294523156,25.6136696865594,1.53773924308589,20.4159783560464,19.1566066859536,18.5630782227297,22.6143006263701,9.95391911825867,19.3588761342057,25.7879346587704,13.2365424816363,17.6925431812651,18.6629671797,21.3482422908118,18.8399448353681,23.5926051062617,23.0410709898067,11.7871641037662,27.8919545882439,3.38630833523635,28.8941411987622,20.8610410676096,22.7033372719381,16.8790920130116,26.6751940192636,26.9949745170777,30.0257448740677,30.2010252721985,13.7620282742653,21.3988143879162,26.5501995801202,15.8987893768777,4.79407709703645,24.3156590040528,21.2270183839878,9.66760028002681,16.3126326676943,25.6070414293559,34.9309936862183,26.7491526844598,15.4144938190491,26.0745826632912,28.8946345845475,21.2380204177146,6.39314957221673,21.1154019717176,16.2859145523521,10.0822646983832,6.90986449572602,8.3428210383397,6.50315138248191,31.4958453695107,24.6683374283153,16.6541375062658,22.182326865512,28.6517423214114,25.7982669092351,2.58562007857477,14.1559433216138,22.3273109307384,30.0938059875561,21.0869830850409,11.7636320266822,27.864645893147,16.3494492543434,27.0746464377589
7,18.6362760797418,12.5901459688489,24.7901287056021,20.8708414924291,4.10577696575355,19.7522685272997,10.5140054272785,6.91979673499613,4.01766410428649,13.9104119735384,5.25082601040615,17.6111953063863,20.2500864008327,19.7736717507333,21.9542351051834,13.5663349937456,19.3287885902744,13.4627410387653,10.4951511228895,24.713624781146,13.8786695553136,11.732455760026,17.8934408560338,12.3862038269634,4.36849989774948,5.9964266132074,13.4607601667176,8.86957863494515,9.21435007807226,7.74726968582812,14.3719353931647,8.60312109907802,15.5156388877789,21.9787702239951,18.854728057307,12.7057489298265,19.672579920594,10.0866908575336,15.6838437961939,2.48378859697802,10.3346755638685,8.34800635502049,12.4467628326142,4.35598028365083,12.9548575601619,12.9677625233483,10.4742144327272,7.64073182395676,4.53200617298016,9.93146195570971,4.05399561829529,13.5879970363554,10.7178273439148,12.2113622457193,7.67081447780696,11.5449972908491,13.6603458654719,5.81912743225167,13.0870211073831,14.5660607057917,5.04724983282255,17.8551801722324,8.18734140768183,9.19581973270516,21.3757853158051,0.908190964953524,19.4214999395854,16.1626521805405,16.7960445994854,19.4372999604464,7.72821398924065,16.5477089613332,22.0826015799112,13.1213662915904,16.2393688558124,18.1447586303602,20.183689211465,17.1658964650351,21.6807824572828,20.9103175118069,10.5465590158291,26.3710349785953,3.27349193248168,27.3554288455958,20.1231349113512,20.3271448102507,14.3720916895827,23.773584293623,25.4791206375164,28.950108567102,27.7902596456893,12.3883925739603,20.1170098744979,24.9203838688977,15.9023604272358,5.53339754584434,21.2270233446755,21.1952701795184,11.4648374068892,13.5090497823234,22.466411350322,31.1015928661818,24.1308627520208,12.2160359219724,24.3918059575509,26.3778214708552,18.9750668639133,4.77772499969911,19.1164916478024,13.7059811285634,9.82188965614092,6.91047583148262,7.22930625989623,6.29212598736005,28.8096519491758,21.3180985760558,14.8674843240121,19.5353894951265,24.7834544038511,22.9832359546601,2.83615648275946,13.9228115249794,20.060975935691,28.8523622025151,20.3344315342587,10.5227845347682,25.915346678688,16.3924859367371,25.6492839240319
7.5,14.9101685923437,9.47913940400187,20.4714384240723,17.292490859773,3.55814965403233,16.3659808124662,8.32653588385181,6.41320382110522,3.16849578586941,11.961268359658,2.97154386215637,14.8322981660925,17.4657148255439,16.5913178102955,17.1362357077406,10.8246591349693,15.8000373443281,10.8028590338536,8.90613268112326,19.846781139055,11.2926418988904,11.8487804947278,16.2803055948874,10.9419757207212,3.22263749718578,5.48890710659385,11.5413140205155,7.66595816511413,7.63707913508361,5.80251589234442,12.7154236790037,8.37776433224803,13.7088499463312,18.010121509085,16.4295624791165,10.9841999449641,16.192438998063,7.93330324454607,13.6050628246641,2.1087550657226,8.80337776428399,6.55513200756125,10.5713011369797,4.27902386749193,9.5992279908525,11.5136336490195,8.81090290144224,6.3277299076709,3.91282537946744,8.33743508238627,2.94815939325972,11.3240150683344,9.60373543590836,10.9855404671987,7.4318680560642,10.4284890757616,11.0848883759341,4.56404297526637,10.3816565671748,11.9657885126433,3.94272461288395,14.8240524131052,6.29217214461431,8.05099129434273,18.8937587281766,1.42561823766863,15.5456523078109,13.5091468836124,14.8312683147048,16.9569016169979,5.88217130582565,14.4068532326961,19.6554704916759,13.1586113245543,14.5543686202276,15.299274903756,18.0314855092972,15.6564874395043,18.7274282881575,18.0933250886211,8.79052979045969,22.6428913807005,3.43720896338692,24.9206875079589,17.6710475624257,17.1062437831939,12.7887668243517,20.3682377418151,21.4743372861845,24.1298838992959,24.0521826706188,9.69913027944496,16.9594762336169,21.551450036239,15.0116005267232,6.26919364490637,18.0083785956886,19.1482847619712,10.3574044742674,11.0065195635805,20.97877624511,29.1285415731525,22.112858332977,10.3078928515264,21.581965665926,22.5106810137292,15.0933388966678,4.51475408356441,15.521770917896,10.4399500891969,8.6240432898054,6.17214381309904,5.06478883042143,5.79671645428912,26.3687712023404,19.1564199470302,13.3053521425499,16.1472716081016,21.6865064613844,20.3947904755375,2.69275953155347,13.8001476181345,18.5816359563258,26.1664394717149,16.9509342377728,9.3824276116478,23.7699680846658,14.8024104462119,22.9800979975693
8,12.9240557317728,7.90151167002751,17.9402037044805,15.7645023261603,2.85590684744028,14.7860312791043,8.17104491561654,5.01456028284924,2.50929440792062,10.1039234733499,3.1554755049705,13.3451290260338,15.1115968750738,14.7159519067047,15.1768359407609,9.75681913349091,13.7173525966081,9.93566582216889,7.82727339991588,17.494348959746,9.82176360467214,8.63952578007538,12.960280196986,9.66371290825527,3.00146854250727,3.71050272959186,9.18123125212421,7.17181009799081,6.80983041653956,6.85965274534803,9.68529780711443,6.6342001404785,11.5508430161508,15.8958174117611,13.8408006698431,9.01062767050014,14.0627224771078,7.1002261531483,11.2705890916314,1.738101253195,7.28042045395368,5.46238077059375,9.00836579058512,3.44425671585686,7.9779018505531,10.3346053569836,7.61788698529522,5.62708313043941,4.12931731198192,7.48459866440642,2.61076235220297,9.95376017044751,8.51846474569435,9.88791742202551,6.64806404479505,9.66338029322354,10.778419645924,4.08217908498775,9.92700652289761,11.1770515345165,4.23175366878453,13.7417211733261,5.69809793010313,7.19792114080926,17.1138203373114,2.26507287779299,15.1150580642878,12.2296993612642,12.9987983691736,14.6592923799895,5.27856614047918,12.3847798337088,16.6938665535038,9.78567964047658,12.0389015585051,14.538956067663,16.0040918771282,14.2081597427482,17.3909392118589,15.7810051894239,8.16530010951769,19.5277733565089,2.45363412085749,21.2076361547631,16.1498781374374,15.3986355263932,10.6813538074271,17.523266297666,19.1451725171102,21.5130180867567,20.9531220343046,8.68090179771781,14.3991163212908,19.4395319001085,15.0124793933896,6.10946462006066,15.6091202709527,17.0402144556593,10.0948786444691,9.28063148171688,17.0869937893841,23.1213974149142,17.6161990267923,8.30735205076224,18.8416492342427,19.0705507663813,13.041405751202,4.01144808961436,14.3413445876652,9.57867649056557,7.55134062332406,6.48145876766762,3.68726024527364,3.79674264832619,22.1901678033885,15.2808424935812,10.2604413549132,13.7424252762763,17.8804978768138,16.9784492547359,3.26357621326317,12.4928134833256,15.8064529933023,23.5449496992711,15.7543866363652,8.43219912189269,21.9782745331336,14.8153770972543,22.84916727656
8.5,10.2851271690216,6.24940626536752,15.2531861538884,12.8639952250783,3.14811560255539,12.630224929358,6.17646477986153,6.06282419197311,4.16208129095917,7.94130578008817,2.42805732266314,11.5514244079745,13.2414032750379,12.1592984291461,11.7802244366239,7.20552504867852,10.6984582497765,8.61398702006814,5.92128412942925,13.7931660653173,7.28422424006084,7.42316879890827,11.9674122481957,8.9959553144164,2.31791918909213,4.71274989647458,8.5006977100257,6.0699755820292,5.9029597428633,5.54295295397813,7.79961600665578,6.38525269441789,11.5999660796154,13.9788796452552,11.7064040252749,7.63079900219283,13.280734700443,6.34734322726858,10.9443161866994,1.82108174350509,7.1756287718899,3.94854396017407,6.99284058200219,3.03142015924221,6.86459414305935,8.65246869194761,6.66358786347687,4.97794464562786,3.75760085788509,5.45271397672337,1.78890637392383,7.36752994266231,7.60850934839266,9.19061461280546,5.88128947874161,8.70554185733154,9.82595381043958,3.76238791683224,8.02835524099116,10.0955173140627,3.22378775503038,10.9560754161709,4.1350898683764,5.89616940102144,15.1929593605169,0.585620312536079,12.0168570290917,11.2045549836126,11.7722143496583,14.1006731372893,5.18332777876188,11.8140003816085,14.5730995779982,8.15724878176332,10.0925412632982,11.7642568890712,13.7290599443532,12.1726481324318,15.6427608184087,15.2474029809153,6.00397711268329,17.4160146060045,2.63006705972043,19.1032033555111,13.0042149933982,12.5278558037955,9.47441680113821,15.6360685174497,16.5572186290233,17.5325182530166,17.3467699634652,6.12800762893829,11.7877492975137,16.1874706265525,12.0331769747167,5.21719495853027,13.2238183948905,14.0101308012043,8.56974322260239,6.91760545409359,15.2429945404685,21.2901012496873,15.8367431744379,7.62430190294174,15.1164007444737,16.1627051800588,10.5856368825372,4.02261526130423,11.6022315271712,7.87327680263567,5.47050502570167,4.8817275464697,3.25584279338181,4.46164166297019,19.6391355982176,14.6495996593102,10.4138206198528,11.5569088744172,16.0952728541377,15.2048969967665,2.81801800473394,11.5245685268674,14.6542330610676,20.5650446448483,12.8139481611225,7.48421359537214,20.8320477875274,12.5077351176207,20.3505866431696
9,8.50791976594185,6.09067867600887,12.8176582691415,10.0262932452494,3.08855635338441,10.0243436233493,4.92350341781554,5.24824172324267,3.31698696663269,5.7806356122019,3.1688952949567,9.50447779050763,10.8859908712938,9.57189780804361,9.53156262774319,4.88527091807339,8.16751984877394,6.84993247889363,6.00504545480804,11.6292158126427,4.67475213288401,5.9949250427081,10.044588323026,7.87543593679,2.79344956336444,3.9408889583808,6.94034683370579,4.45510867060055,4.87106510725316,5.23138479005438,5.73934554521969,4.49715047084031,9.44417806044167,12.6221504116813,9.17108297793736,6.03153484536747,11.4108219716064,5.80280360108714,9.23061525281265,1.45510681205372,6.26698647941732,3.61833609760403,5.96341473560588,2.67060582367753,6.6553336734719,7.09895245098829,5.42373653607087,4.58574209709034,3.27165161072193,3.79788488532277,1.63931404353907,5.47830597111503,5.406219570306,6.96469894647869,4.23394100863866,6.95510725837519,9.13023506697347,3.32857993795223,7.91704768446744,9.73857936801232,2.62880009355097,8.67322975058547,3.04411798841818,4.02972190857357,11.9901960099329,1.1051032667219,10.6200547776249,10.325226889544,11.8156400781319,12.4194270616945,4.69654249677832,10.3289205672184,11.4770870463196,6.71892944625988,9.65098237844037,11.0334303122464,11.4009459473346,10.7029377762881,15.3470371844666,13.2558845137468,6.72572672879822,15.2228065379873,1.0267260417853,15.5094647863976,11.1349879399734,10.5870287885031,7.69920693129905,13.1380919994508,14.435747605595,15.1109476125201,14.5251610002667,7.11417197071794,10.8426610695476,14.2588717397665,11.3131856624093,4.69844628882665,10.5408578094993,10.8896044313273,8.4696990262761,4.24789592324099,11.2443170410083,16.3045356784003,12.7326642992314,5.79588320570231,12.2615244767176,13.863881708849,9.38536690922688,3.24283126819324,10.6436968968352,6.92761007544498,4.23999082822925,4.83602011973665,3.82269571290947,2.30858917758987,16.2143380964994,11.8985827495492,7.98036990670484,9.99695775110209,12.970410459853,12.4067500038076,2.52519986623425,9.34246728703722,12.3559462989463,17.7118516472858,11.3951357201883,6.98523350923357,18.7762743202352,11.2086242498351,17.8525086031075
9.5,6.16223391794495,4.87991393053206,9.02626137383947,6.45957905451358,2.76762362357492,6.82106846089877,2.80857882397981,5.09886236336958,3.51241980805867,4.14741633741778,2.36229368385143,6.49680980445392,8.13572184577202,6.1958728358623,5.88863444132197,2.40425326595685,5.37725366842065,4.32438297830491,5.02784874218264,7.72800842764135,1.97787912932501,6.23485509966607,9.18572559581089,6.29076001862651,2.51851296413141,4.01390145686941,5.9353061266966,2.72959438400402,3.5456772281177,2.995931858584,4.47708854854243,3.8939547283646,8.01084592121492,9.80843264346276,6.98546438575048,5.00063695195009,8.99694400298518,4.38974653506837,7.806588579302,1.43520533380373,5.02638924698853,2.99502579255427,4.92799874893772,2.65232858040829,5.29060201003907,5.78077744212015,4.1095969026366,3.66124379142919,2.26821670697139,2.22655545999301,0.943014371897545,3.20944213110936,3.67245021214427,4.80489626412267,2.66215724687191,4.62878194093514,6.39296282040907,2.55883241383342,6.02184299563283,6.83449415956482,1.38041873691735,5.0074850130034,1.67194872731296,2.57128722932432,7.82094021255742,0.503745365457454,7.39955761709493,7.27574934955422,9.30720631303314,10.6548885080089,3.73020375690304,7.90704864707573,7.94794996248299,7.04759371143193,7.70063557197812,8.26194029496893,8.40523758503182,8.15868782075312,12.0366608189088,11.4574630857167,4.49375029233512,12.4955362531785,1.77083308980964,13.3753791185984,7.65977099365303,6.52923078486255,5.3947188221692,10.3801770341623,11.2767606262436,11.0171069085256,10.0341517365911,4.89006008047845,8.17297533843354,9.84456956279757,7.65533809072566,3.85704994993716,7.26558956584865,8.21022526144732,6.92682049579234,2.16525085043008,8.53583927450369,13.4416564024082,10.9235183483482,4.69549275023298,8.91241836097706,10.3632536790867,6.32482608516754,2.18141283387186,7.38334522801627,4.54378934245819,2.61708523842402,2.78766066968866,3.05762655483607,3.08950557664863,13.0175345985885,10.2970815937469,7.40591292444985,7.38717027482517,10.0021547828652,10.0896530058526,1.70682133291529,7.29005722051733,10.7003966943076,13.9825381460812,7.87173876252999,5.2474915956073,15.123191071938,8.31456826819523,12.6079050713863
10,4.60321202512681,4.04481754850676,5.39633237986889,3.30419579353971,1.97390163467444,3.66576316736975,1.45110546330718,3.34694106075474,2.07393574982466,2.76588017561202,1.48952500749386,3.78635380598585,5.32638180588094,3.47103390719874,3.02593646182067,0.968819616983633,3.29386198245185,1.83400140852994,4.21945306405128,4.61521871754918,1.06799536522137,4.92318859504429,6.30997288041046,4.3494587801057,2.45365791073907,2.89806599627377,4.10365839202852,1.18204340164819,2.20215023368971,1.37712918126869,3.23991051891921,2.38249362710031,5.04211562480753,6.61331490136341,4.83152058328597,4.0213814679478,5.92935075852691,2.92911852426802,5.20664367210715,0.840743370184707,3.31278151807409,2.83636438731875,4.0936691475128,2.17235975481814,3.95955605269873,4.56116215994222,2.6739887472312,2.59738674457294,1.03144772179443,1.9537357212687,0.730489170786353,2.23949759309819,1.60672055442227,2.61734848424365,1.45849621288493,2.69102655911617,4.17473974801402,1.75204341950767,5.05659347943212,4.6233989527585,0.53786084983616,2.84599196416033,1.01782789922297,1.7444558854864,4.37210029173148,0.490898535311109,5.48789104575529,4.39162694377622,7.23972318602131,7.28851556843767,2.39109151551885,5.26819980587857,5.18311673435148,5.81620623982771,6.17583230411017,6.05850101652932,5.68815653174002,6.427874173768,9.3594627611496,7.67960987580221,3.76965189546499,8.38002300590073,0.65016471738165,8.55293804971275,5.20907323130135,3.5579856823171,3.34162961809931,6.49447786368597,7.11137095561834,6.83817477846217,6.15450878140037,4.25946594033023,5.99608124486296,6.13324407585043,6.00250513473884,3.18396035604149,4.36578715352909,5.4258150975094,5.22266847659345,1.1572222044422,4.88306201454668,8.01416905075566,7.20598037248956,2.38615105274866,6.32499219163065,6.85629242066296,3.98621912738519,1.17951396474821,5.2047867182047,2.37198376673146,1.8462082417647,2.02423421704072,2.08968469004559,1.64397095065262,8.82533918840251,6.62786327780055,4.51381029567559,4.78128725925679,6.23636411441989,6.54664512631903,1.12328758442446,4.86759701811074,7.3134356927615,9.69824561138373,5.01794830049055,3.77800377020968,10.5228208054414,6.21805669784304,7.58135355981728
10.5,3.50095998826723,2.11328427316539,2.88277158734765,2.47414047663878,0.911575244504228,2.39540740087049,1.1203176641945,1.89636637261547,1.00010994726595,2.21442276404542,0.942649226175591,2.04109707774021,3.52688088891965,2.24307964633176,1.53985312276812,1.64574706477036,2.62434597868724,0.83496607197486,2.89812092764596,2.03273842567988,2.1869025042195,4.00078592536143,4.09709806965284,2.5768678926654,1.47003075613698,1.50324252558491,2.51559941071022,1.38852969691897,1.60210385669888,0.393359214450725,2.75696505931998,1.84599347118513,3.20161845643706,3.95277414851788,3.7647738394973,3.3157656098566,3.48163860765878,1.45676400005512,3.30203622075749,0.756515009048756,1.84559301153754,2.21319368949902,3.0065575233476,1.60661096427471,2.20284652503489,3.53699229693241,1.73803775125257,1.5883204412372,0.296837471456505,2.15023217088034,0.121883823568085,2.05847055204965,1.36972537070454,1.73159315076256,1.48001221654099,1.7586470274276,1.6710115374089,0.990476598737716,3.40428442100116,1.81919214789292,0.175713539605827,2.08504859413287,0.985464375471588,1.95177645451225,3.00229839820312,0.276491078129906,3.81351545216309,1.73682137712761,4.0469287761329,4.65731320696611,1.2399625485229,2.8725552403165,3.69117525928091,4.96017751034006,3.66940407724111,3.5611508305474,3.94624249867431,4.44091655484395,5.12942153420889,4.85214020068398,1.77201045945228,4.71239792607299,0.943566508590849,4.97412704426155,2.80295356744965,1.07855787115779,1.97034264854881,3.59323620076652,3.85470846550658,3.3826812802884,2.44217109900626,2.25337338556325,3.02577201403452,2.51400701931871,3.29811266061021,1.86381902096792,2.30603765115717,3.73710373392864,2.97239722876319,1.80875193423208,2.77499419866049,3.82729403504821,3.96137006680362,0.96398883723429,3.82107642941491,2.84921351928762,1.27753408459195,0.135524136269125,2.40627250173826,0.563499595540778,1.25311707343114,0.76364513615237,0.913873684026719,1.13970572410058,4.90658059697786,3.75137107043428,2.86664554032084,2.22262771091065,3.06855732245946,3.57365872316369,0.61723494276137,2.73911002674586,4.324471272379,5.74154869138448,2.42943800060803,2.01812785870224,5.86743506479168,3.82007724782862,3.5393055322507
11,2.77911136453201,0.579678601524442,2.93442295975045,3.56077138937812,0.202234092127894,3.25937929478911,2.07679897151937,0.611656091649608,0.871559568574593,2.0292192602589,0.790864263855095,2.56495768538547,2.87723111198452,2.6818433131134,2.50213002594863,2.54115340907059,2.94374393013661,2.15271804059034,0.886555514680799,2.44974223633484,2.77779262568716,2.09240896853002,1.89311002856808,1.71516967909742,0.974603256342386,0.608222525570724,1.40218515973616,2.15114258038861,1.60440197846906,2.01339678379863,2.02940452088569,1.13787186819908,2.25702454227107,2.89427496089011,2.9553134375553,2.59310912621063,2.54458635609318,1.07720501586743,1.93890786938557,0.347664347745343,0.900144109941086,1.60771681906513,2.0809475057664,0.975722067074911,0.484884704152411,2.72903370027183,1.41039033734774,0.855824872978182,1.4147094994418,2.42677371746182,0.0441223716243085,2.52453619344234,2.10288370739964,2.2076827789475,1.80224909773498,2.20531770205784,1.69568698019644,0.714195293362153,2.53975968941555,1.44855996751163,0.788418553581969,2.89754078870814,1.2886266779408,2.20074739616076,3.88473520452279,0.585394639827377,3.57159574047698,2.0959330025087,2.94985919618243,3.06880367552518,1.06056277887983,2.20916502950999,3.70047276714894,3.08322213901499,2.65256368062861,2.50755442217144,3.2217768107954,3.68699469827742,3.21840712157896,2.52838570675948,1.72919879802237,1.70196990814207,0.486282730894988,1.80793536438755,2.18487582439471,2.15401904902616,1.75142653654832,1.98164597681828,1.48506662544174,1.69804636936533,1.81485239353611,0.527106853251638,0.422034741176264,1.70709347804146,2.46345147950009,0.872531560205228,2.40593400146608,2.4012361811872,0.68590735483377,2.2974893872945,2.34744449122111,2.03750020074324,1.63465947579761,0.984380402216293,3.09468058567133,1.32893980254856,1.08262671580231,0.448617836632456,1.94929743681751,1.64083804045042,1.42909629208806,0.982268518873551,0.453780484310188,0.261928529696809,2.71104122543735,1.63647642715292,0.91609207234025,1.34947548408368,1.75040269370505,1.38801657016388,0.138687430039057,1.42200287109093,1.71062634207647,2.76007534964534,1.0880338053714,1.29834880962401,2.47149794016238,2.63871752467427,2.55379982555241
11.5,1.82344172146604,1.08600238535508,3.66475347502124,3.77344932945257,0.842489258289144,3.66195778932856,2.07949429467575,1.49108394712913,1.44396769708564,1.79271035856265,1.18628287932765,3.15859639373598,3.07041654949068,2.97903092312021,2.720531753293,2.25313234289298,2.36423998205002,2.67254298663888,0.272521559734427,2.86762532545542,2.52870530844637,0.420920109958184,1.93002871019714,1.98245976696028,0.316932404508449,1.25578128335406,1.53176017024871,2.34199336428765,1.65682947255161,2.48115242334887,1.48494721498764,1.39008850384517,3.04107731283807,3.3535003759644,2.68369439354706,1.83569610449637,3.30873850110526,1.58386671628866,2.39167379653442,0.415886115823566,1.56522889380479,0.519951104478232,0.731634028283142,0.112533538969848,0.970277226157089,2.20921164338345,1.63464442702402,1.07480043038239,2.03258477471465,1.80062220308615,0.374749723122227,2.27983942113632,2.7427174562641,2.84905924472562,1.97471449086235,2.57534089808317,2.49644944975356,1.05202322432896,1.63454757110812,2.33115507910407,0.866754675599736,2.88713808285912,1.10162660351987,2.0271636592165,4.41945803279464,0.312789561616857,2.78399193725061,3.10182629586464,2.71836680583233,3.50019348832706,1.56234817030902,2.9082554487895,3.81821127689776,1.42476661749253,2.25532480532088,2.32462452901373,3.04475725002184,2.79733893343309,2.98145866934672,3.14545084936611,1.43907785160848,2.44073115458891,0.658037123177556,2.42838826661465,2.12912755584636,2.7137013762273,1.96912716189386,2.78707471975931,2.43218459366401,2.53452362152805,2.7786696643111,1.0974185747626,1.19495198004692,2.55739795205991,1.62158739399532,0.0740981671068429,2.79931185071082,2.02883865750968,1.00634503488207,1.95990162810231,3.02392301500143,4.14139035867096,2.52044501021187,1.92534738583853,2.56147920761713,3.01251758434681,2.20153062901379,1.09409753324734,2.31800018570392,2.25427002628171,1.08295952376187,1.0790643989937,1.1365767761013,0.69813606264589,3.60340736176157,2.8259166306914,1.83271075594152,2.1720062809199,3.10188484139795,2.15817755804744,0.167684378110149,1.53514067020168,1.34545609029989,2.15441566247493,1.51145832491326,1.14338939006522,2.38831903214166,1.87344475916428,3.46340863573878
12,0.98684890308189,2.07756867302336,3.86556097784314,3.56020222771725,1.24210600123179,3.41229208667637,2.1111606122317,1.97493564411764,1.90851669850272,1.13523756906872,2.09772999151757,3.10807266172899,2.73153817033367,2.52007766290589,2.7009171487242,2.08729627707047,1.52759321513176,2.70134493555282,2.14283515856858,3.20797018434764,2.15711659758036,1.07530753843032,2.33168393644801,2.09378005130575,0.93328721274735,1.61363107243664,1.49793491641362,2.15957083132633,1.40900749421321,2.98464177274779,0.594535252311954,0.931042609341741,2.94909525676183,3.84724049573161,1.82666999434898,0.965515104200852,3.54939024899701,2.06085975815548,2.50083575800224,0.285560068221792,1.94251578634449,0.513783026852904,0.364722976330468,0.403755348272667,2.1486488196963,1.44627075473951,1.63435490002465,1.48514569624627,2.73719794880613,1.52453765578696,0.605690752478142,1.91682563058116,2.59615138963016,2.62671229366366,1.60414109857256,2.28636925919839,3.09816477273798,1.73361148288774,1.51077639056287,3.18960962851415,0.931465549262882,2.49405413411866,0.889748664695224,1.5507899512234,3.97722634162451,0.505318057289009,2.23284874592962,3.84188899802256,3.39057263178867,3.84497367715376,1.85290048410589,3.14390257592139,3.19858540387345,0.650769711936282,2.59905157973219,2.72105286234746,2.55404253792245,2.32350052867545,4.13203158254714,3.47099351882243,1.87575253126921,3.49243768983056,0.308318810438716,2.93889307434106,2.13804188486831,2.77736923534573,1.71943873542381,3.17505482766708,3.33123002703508,3.3642176492279,3.17499569543759,1.95037157374864,2.43965529138065,3.23128911753496,1.73710786247888,0.537800842698798,2.53149607745139,1.35293209773731,2.36354932037256,1.64191667640259,2.43496428528605,4.21216026731644,3.11678863037386,2.17763607314538,2.22874993429883,3.88666919017952,2.86141864507997,1.10276843255756,3.02485722051177,2.80849750599068,0.90848631541712,1.63479350828422,1.82710875026332,0.647679851605312,4.25636619811501,3.32953628652776,2.1074202553574,2.83619416088989,3.41463021811932,2.79039873707542,0.363297727559433,1.55679721637341,2.04280978592038,2.88777838497107,2.26406305773578,1.38144770933372,3.54927552641285,1.88863466924104,3.99473203644486
12.5,0.730190184970123,1.76024663732155,3.05592685960281,2.9208288479263,1.2977841083858,2.59735550788339,1.82296938746794,2.47941410911872,2.67301859203149,0.550084396316088,2.23640435066017,2.66331614301916,1.81494268843481,1.76478735401991,1.9764580417226,2.19336388376718,1.15600221789218,2.52147414852669,2.20150017730807,2.31522548640963,2.27652655841396,2.21708659014579,2.74197874510126,1.69886100951904,1.22643941261464,2.1748425296877,1.50596324902645,1.90943215141697,0.997653864140562,2.86565548677616,0.306868054128556,0.80383377969138,2.7484561747348,3.25995304964318,1.1109006894764,0.298653258379654,3.1714637061718,1.86229405872144,2.54114346007774,0.459239957560608,2.07421755402649,0.78812650059267,0.833858588791195,0.900333837581419,2.4751945448351,0.829545948284444,1.35639840361665,1.3002700917144,2.81352307513127,1.67097262273823,0.437513330204948,1.70994484845,2.54298438556653,2.33314823340664,1.37563168938745,1.75280994286075,2.71790348440625,1.98581763770803,1.10686777204979,2.75698885616064,0.987426309858707,1.70160817567466,0.799928562982252,1.41772817688043,3.07020420681897,0.172550958563879,0.978356000596829,3.59137188456268,2.94390333685135,3.6058747500891,1.66798548858484,2.74220442039849,2.36296535995154,1.88246418870172,2.14182221106397,2.2727234068343,1.56558836521233,1.26069191724996,3.66655846012187,3.53798576605841,1.18632831876651,3.57445236287508,0.357603064680646,3.19317161906662,1.37686301691933,2.19404997160794,0.994304231592925,2.71579639533637,2.92371792482414,2.67526351081061,2.57251508448415,2.0323265905671,2.35846853847959,2.49753439187152,0.911756846999194,0.824126275765538,1.97771632425409,0.581957877397576,2.21799265877492,1.81989409466618,1.77635006895098,4.10826946512667,3.43463280716575,2.27277687412173,1.40120184305075,3.65154640922662,2.53752258790486,1.03305758360549,2.32630157899124,2.43240745964635,0.28587092481367,1.06084844747331,1.74333601993881,1.13064775326163,4.07667792709295,3.6142795351368,2.61684258497619,2.42077523143391,3.13121082034937,3.0320827048752,0.498953539969536,1.45924044336439,2.54004092499079,2.78444069755824,2.00937803497361,1.07409942010572,3.63274280732,1.16551564223041,3.17079918996603
13,1.30238733819182,1.19787176870486,2.71477836858922,3.06142795620409,1.06201358754582,2.62758516019941,1.96529490859415,2.00211939161275,2.75695048433496,0.750215398866304,1.92855483046092,2.61857917075758,1.38897620635665,2.01787291354227,1.9460283783999,2.69814184535463,2.07782946793504,2.70947181754111,2.04680628601137,1.98827364068255,2.37805366149939,1.53498961819974,2.00015452062048,1.16286041841885,1.27652937466478,1.83006878574827,0.624645988229583,1.9951060533966,0.766996123998828,2.41031274739618,0.478897114413154,0.21431418865014,1.95155797061949,2.48953282396969,0.776831888636475,0.234995067768231,2.60845392485313,1.78318880734317,1.95146005092419,0.211800534694704,2.02715345956763,0.847155315146999,0.820369919488893,0.844973088343767,2.79547256238503,0.231423962174811,1.4163076767403,1.0801550674477,2.93942964540204,2.18583593462601,0.510522259139581,1.97522768691428,2.51392187842864,2.18275909642284,1.56418436617269,1.77887271179639,2.46691281693454,2.26642195212268,0.828810296870368,2.71735078623697,0.770233178834335,1.74909343365674,0.982013763764045,1.81634493989686,3.03652040092888,0.621850328876923,1.27727085268998,3.45689589399172,2.56047010366147,2.57399702269121,1.41965659020924,2.31333846012907,2.16628511129093,1.69156248853283,1.7797702648239,1.57115493555498,0.958845186704445,0.494593899313147,3.07723194334899,2.39338763995764,0.769022244823299,2.99136992050033,0.360782210177858,2.3569696267317,0.915279865022062,2.31671010379989,1.17206428292381,2.15911466087845,2.3225916251062,2.28647351042296,2.47813648569393,2.37943607446458,2.45033031039729,2.47192398534642,0.249927434541275,0.875466373543263,2.1277495248667,0.417935088938189,1.83107108414927,2.43302064459736,1.68008942773552,3.00831224850525,2.58078645677911,2.44556466477011,0.998615980846664,3.2604500951381,2.49422187364442,1.15287598728738,1.82664215181187,2.5898176225077,0.682660524236562,0.950917877287617,1.72733086613628,0.960948968364674,2.88571056027031,2.60100645814112,1.90557221154863,2.16118671520437,2.58281892700768,2.39115260447524,0.219987701863219,0.866208636325161,2.28042270316471,2.5235088364265,2.0046556300806,1.01022023271124,3.26894065086551,0.443263791734778,3.42230617990767
13.5,2.25756457231108,0.431129169486757,3.04835693888148,3.1690246136746,0.520293089510995,3.00112069019303,1.88918920361407,1.51831370307041,2.41751050335622,1.17075668797791,1.73691719604531,3.08822384636902,2.09539215951655,2.7124740628067,2.40298895701335,2.32563077760598,2.46485789199958,2.93053403429008,1.29198639395906,2.46806817892224,2.33591126295127,0.741156521856768,1.64548328421992,1.21183843318506,0.374666325069036,1.03237338803985,1.17849130054093,1.88676804767038,1.16283515226974,2.27069955183787,0.68570199010528,0.571289151435801,2.12148890535855,2.4943734659704,1.38956811950068,0.841239043154689,2.82703988680869,1.76632668916464,1.92685473737485,0.260688963686563,1.83783099342565,0.213018926782914,0.16740209509347,0.49524041630778,2.51991122751439,0.500208982545151,1.64330020683144,1.14443330095239,2.12571476841162,1.78392266038558,0.187217723647613,2.18347970693182,2.45144285072789,2.62903054830946,1.82695553780737,2.31699924982402,2.84923630770203,1.94191813249039,0.283777509325736,2.62269528206867,1.01087977729504,2.44958423801856,1.0780057688821,1.93221542486423,3.63363501699813,0.611927806208447,2.42929176966522,3.0323155630277,1.86484723270502,2.17881496900196,1.4306838423909,2.26678308260251,2.77326792388863,1.19242791332667,1.03682361416352,1.52782367451604,1.4176066172367,1.03258582816517,2.65998934068036,2.3341793918965,0.764755090100538,2.90610591648172,0.232937937886767,2.42144333297491,1.53778082539984,2.97110164987062,1.76093614267828,2.87186169232792,2.75246665106382,2.81991635155295,3.30960945377617,2.62470855882595,2.4607879487022,2.99352383025244,0.838343431494226,0.709305272733833,3.02130095766727,1.22174404791778,1.01607089175744,2.32022014676383,2.73428273577769,3.44737717341641,2.45341388190203,2.30703307541557,2.00897507909781,3.49803850620822,2.78592615398873,1.4028318118443,2.31719067455256,2.59903841115557,0.91645043912856,1.0175750319875,1.73361033211533,0.750069577108779,2.86682430030235,2.59151301297244,1.76297897503467,2.51046205555109,3.2792168367395,2.99384649006124,0.37681192071746,0.757196557365455,2.73602919881616,2.63373558214252,2.27007671247792,1.08012444555788,3.50496838531243,1.47750261747334,4.53057490379459
14,3.22628269123551,1.54925341882621,3.59655700536763,3.15383444311621,0.614023773112763,3.2754712918842,1.76360413762817,1.41202262181636,1.97810943073279,1.52052150765184,0.683819047899015,3.02595420203183,2.97595236255677,2.96840705463215,2.78639242789759,1.88774049418988,2.7707248717182,2.4398567757168,0.803170114730574,3.07376590793989,1.56608730592016,0.885001860590597,2.09851188926354,1.79768844229031,0.251376842097599,0.955711661858558,1.87667556029469,1.65813962289323,1.70277898615931,1.64643919421852,1.17276260465264,0.735531240988981,2.60788924432445,3.22429069123845,2.3469085491545,1.45387818244593,3.41158856924468,2.03124964567794,2.43570738519484,0.367411561925627,2.18392527824956,0.779524840526318,0.752019629020066,0.272663824464805,2.39865150593036,0.683424825341022,1.83625348727962,1.60679535239908,1.47574121743346,1.27514295242247,0.339642247773477,1.92495585286493,2.11960846170444,2.37174418048715,1.60559656905171,2.3031713743246,2.95997075083195,1.58577346378521,1.21993164763012,2.86738204319898,0.718133650257322,2.45094489891443,1.12269411973697,1.72317607303786,3.63752772906582,1.2768747808467,3.57249395870222,2.83172779765844,2.24943105889743,2.80353526599336,1.54939635913964,2.64464679618582,3.01934023960529,0.438913254672936,1.49728540030053,1.94470487170996,2.32844686726024,1.79510478463458,3.26982994569813,3.26335574676705,1.07234826720789,3.82024446006163,0.124544018273223,3.17254099875203,2.20127064468448,3.04523350296479,2.31475266532128,4.04995020896261,3.90131806756747,3.82469842684956,3.68142782940407,2.22544947385447,2.79148791502984,3.71150782560385,1.50230264384402,0.66158698674725,3.30938329330129,2.21048996564173,1.53052978254802,1.87772367827807,2.96292371108813,3.99041110086188,2.95094286965006,2.13398152740141,2.74688809092751,3.83358874424638,2.95749322858717,1.30129127312626,2.7082447382498,2.73142135058235,1.04855530479046,1.40243743151322,1.90227252404642,1.16532737791564,3.74793582384184,3.41325163185902,2.4123353173497,3.08438944652517,3.98984260378991,3.64806015567275,0.251217761217779,1.20937390556712,3.20526151674905,3.44135615700921,2.75638267155192,1.49657785629469,4.504276393043,2.207301844116,5.52020343876691
14.5,3.47728693483992,2.11118725029544,2.92903630123313,2.24620734459087,0.907338819408154,2.35433477384823,0.859089417112498,1.61513821533382,1.09647297176363,1.33395523520916,0.309525133220987,2.36570947064862,2.82248948854982,2.19936501728584,2.0728939899079,1.34552628504265,2.67339127212617,1.53366971710062,1.15515820558841,2.55810296397705,1.44875201118343,2.35574177727209,2.75274640985953,1.9967236017194,0.967915948768369,1.43968868509539,2.61205962502802,1.03461443839302,1.3593398206487,0.474897374283307,1.84351034207439,0.837527876990787,2.90574114565757,3.18793200600696,2.32235685053216,2.1202934291097,3.27819887430476,1.7466523193617,2.36410839370275,0.171332303353532,1.81532562550681,1.30770953588444,1.48971281653032,0.634896289059032,1.64942112821532,0.705625880864936,1.52026003533192,1.51976497007577,0.32265964198162,1.37897317995754,0.37910378211347,1.50012267098746,1.18593440453438,1.87691656593485,1.25820270267327,1.7886222494471,2.48195244530039,0.81937383242968,1.84110511823655,2.54199705479823,0.385334794546107,2.04890564656042,0.997444060733575,1.42997449304795,2.90042521507915,0.561420393056402,3.20565589599707,1.87433360154373,2.79563999801058,3.33943505531894,1.44661117104346,2.63176877455808,3.03596143111168,1.91507415316743,2.18327442969315,2.15108414968909,2.3959878500559,2.67276468713137,3.90805403856896,3.45619860497296,1.74542629546299,3.8531145315854,0.23543579296456,3.37778959386942,2.19396292117781,2.27529139910484,2.28361517987141,3.98954039058819,3.58058328404947,3.31973632681051,3.23005641149341,1.81217464663409,2.41906100671884,3.10202106498574,1.84870064751351,0.637130029409911,2.94307589048638,2.42032315911162,1.63270309713326,1.74971233029029,3.20648835675788,4.45343097436278,3.574389172751,1.68126018143091,3.47217758111773,3.46022186868408,2.37614967840709,1.1934271814116,2.80433514179308,1.62499494818364,1.14735837455835,1.08230697030455,1.3718796428022,0.88600791006951,4.36907391273918,3.93966641286372,2.38966496435715,2.92919078810596,4.05681487996084,4.15815188090812,0.274142789700376,1.46122868166963,3.70542640075958,3.77737854341968,2.26226772192803,1.65500195839506,4.49158834917259,2.49823002477268,4.08714411695029
15,3.56648231810204,2.2048395483746,2.1815186044483,2.20135149045129,0.883596311698731,1.80845147933338,0.815562379193396,0.988575818674905,0.294189882051015,1.67023072044985,0.760273862362155,2.0360928457059,2.57245475577753,2.01607980204512,1.61166245545581,2.04414256096092,3.00714032505296,1.34033448488585,1.8476258263136,2.26168372475236,2.41725871848528,2.61290475839062,2.30819582126722,1.70912641658297,1.29835466628352,1.05597421136534,1.96251892394182,1.34753878506043,1.29573755239576,0.661233614760406,2.2477460099865,0.590710341552249,1.96199873834382,2.41070017496576,2.59397005552149,2.34536067972668,2.21233641880035,0.975815505691126,1.94681377559261,0.341472358769649,1.30610602036165,1.68040755070683,1.76563316039414,0.72655635337426,0.972103439550181,1.33091753224354,1.03458719712572,1.16814423025703,0.851110693494357,2.15468264781595,0.547029406614573,1.79315480236851,1.05667338337081,1.33517065324099,1.33333157226815,1.4992339381318,1.49576543558369,0.128817801415674,2.44223426363212,1.53397201763071,0.333010824986399,1.76815015226731,1.07387164329085,1.81378492549763,2.42429638182204,0.173014258769918,3.078356368968,1.12976389443704,2.21929154663171,2.67733169374825,0.894635179572563,1.98363069870609,3.04405924418774,2.55685965915009,1.94539588782696,2.06039301419311,2.43640886747929,2.73614070018931,3.38999337624367,3.18879223931197,1.18927533583183,3.25799645780358,0.659537245666956,2.90926344611932,2.1966958971507,1.67469647701967,1.89816658238467,2.9785951857963,2.71586671776732,2.60004391140579,2.36462125006212,0.773261920915997,1.59824977322407,2.19841974985525,1.94513309129442,0.631870282003309,2.6727036231786,2.95595823824143,1.58642268381574,2.56562432843036,2.76860141504152,3.0373669173246,2.7169668905348,1.67208352834106,3.88320674900617,2.55860889845876,1.57593715104677,0.441321712232698,2.06234815869693,0.763550904432409,1.31681738238902,0.767926642076454,0.873839965967352,0.847327551639292,3.48215536927098,2.63629167770674,1.77413427564726,1.910276437081,2.69316080104833,3.03627220050748,0.248121450898596,1.55077917705053,2.58441152234249,3.17218600221966,1.68268372371432,1.19631940355356,3.28603327238392,2.38124309563575,2.42232925015875
15.5,3.01346843092946,1.00961727087957,2.64661313194357,3.23787107828332,0.427574852691312,2.78512264728267,1.74229595184417,0.322043945111799,1.00781809129852,2.00668172957845,1.17123913832169,2.98213425899131,2.9135572042587,3.00724477058296,2.16860554872045,2.64534359021543,3.2905274861138,2.51978593512544,1.33981650729849,2.61823855562084,3.30949068877428,2.6866972500298,1.77000654817274,1.59901827447452,0.819471646227207,0.481448241051741,1.3290764599936,2.06919464857127,1.36817037850829,1.96084829739097,2.6403667972384,0.824447512794382,1.5879312915436,1.97295089754572,2.55546756850518,2.14451092576969,1.83118730474455,0.775920733349979,1.40383947003881,0.206864611193197,0.771103550675667,1.31333596184344,1.44667027850577,0.630570045039754,0.402097366703387,1.51538156607109,1.22889370202799,0.678669682588798,1.43155683065482,2.39007935566373,0.0806353788662269,2.42904700462829,1.97902379543345,2.02183913072559,1.93967262787322,2.24318412653678,1.49065071714722,0.801464912759006,1.9575817448164,1.2306465089014,0.723361872104639,2.35162284685729,1.20511262673369,2.2717639822246,3.38247596187539,0.297758051309663,2.99176002818175,1.92631130063006,1.99475860778537,2.22597957615512,0.734893223567553,1.85252603754759,3.57249073378917,2.82563226277284,1.96996817133542,1.67969607241605,2.68310465286078,2.8679785180458,2.53603708030587,2.21353981555169,1.26807350092954,2.15384142362578,0.466727357063748,2.10876616826242,2.23432163368292,2.40379289918673,2.15122209603833,2.37833051585228,1.950099497707,2.30562329740244,2.57703853517375,0.687048724999436,1.08144893752478,2.37701356238771,1.94100181641652,0.414488432377141,3.12679763904545,3.01163151372759,0.541648803263348,3.04869355396481,3.1821376934413,2.77164374208796,2.06745407317515,2.04617139269786,3.87589913922457,2.33847926401732,1.88444932607931,0.608310309217592,1.9022100271868,1.85583502791064,1.68276408233049,0.91897932074266,0.345056473509471,0.374927174746427,2.83818419628087,1.74448629263888,0.989788327230925,1.74085245456311,2.29190359704286,1.83153095481986,0.0967860174021466,1.47108747125437,1.62566458824696,2.6309210475316,1.42724001564985,1.16796799425548,2.12493277505904,2.13785358354194,3.20083647621149
16,2.98701243675689,0.452714733999744,3.98520393527663,4.55330597757689,0.234844058153664,4.25830831653043,2.59479550487593,0.850546725404133,1.83775952458017,2.46339006203581,1.1811942080956,3.87385943386449,3.56796256368613,3.8256639386905,3.22566206786735,3.17391464433498,3.90103121485688,3.51375746109884,0.235016978032687,3.72267619589307,3.41785216346915,1.39200047918364,1.75188631062419,1.97822501126334,0.520629261554039,0.503083289004396,1.54182847917005,2.70557991553607,1.88323693311594,2.7567370063386,2.2082460750853,1.21290454382342,2.40835503433609,3.04681002703342,2.60524098726416,1.85009346943319,3.09017162745908,1.68306920199136,1.99898946203679,0.299993940284466,1.31958242544396,0.840565938252452,0.973871230005703,0.288171946288183,1.36235804675235,1.86333746043877,1.81313790982971,0.831365757161109,2.10909452038257,2.50313859304354,0.10115738467124,2.72674871020596,2.74368978748604,2.81982179579941,2.20730413403182,2.95202373805165,2.76591058438849,1.57319929137795,1.84146644625464,2.40916171874857,1.10163307461012,3.04271689980087,1.38412820008582,2.60010003218045,4.49646131454089,1.09943121859536,3.76984234381659,3.10872129658854,2.04381198906043,2.77051585889344,1.40410079883885,2.58483947636129,3.94129459978154,1.67959545837058,1.82460109999299,2.16684421920406,3.0608758427315,2.94618644146249,3.0656019903978,2.931681893658,1.54627780675082,2.80844675150377,0.486521069409895,2.7216469376447,2.65958576512044,3.40400496444828,2.58486769062731,3.56557331191363,3.32186962678326,3.5678462965812,3.80397449380357,1.61957564647221,2.05033903752058,3.72592803058938,2.26407825162041,0.155890561155906,3.96269647214832,3.05227432640169,0.728441463301786,3.37011283653167,4.04857385581665,4.37288904896931,2.83021385019474,2.95405625270684,4.23484512284736,3.65498299068817,3.06229308892012,1.16343169528078,3.06022800083587,3.3405182190731,1.98454906004915,1.60730560307691,1.263613284745,0.439807389723664,3.89129319370235,2.98484336207783,1.8838295162777,3.04700397192237,3.79058894710371,2.6719149069138,0.233445094584713,1.74958486676508,2.20325950847044,3.15279485738434,2.46091510179576,1.46855793897632,3.55845862481613,2.86327581369088,5.6942267275807
16.5,2.67998978319272,1.62240780475738,4.53000858828346,4.27078881870336,0.843116515055764,4.29569524850657,2.29875427814489,1.8893875177295,2.19098686635851,2.24153639714349,1.22926939163011,4.20916126809065,4.02417749730053,3.91423237948898,3.28498859725292,2.30091866001328,3.33615839933132,3.53326601942354,0.677603548307113,3.94021815387855,2.77084667747147,0.90152426799333,2.84130106797986,2.62776548128843,0.535870746871203,1.61012327194163,2.54315155363034,2.43116418172178,1.97921077769939,2.70981174133287,1.84550290953626,1.70604514841537,3.5256587858886,3.977010017171,2.69395342827791,1.69556059128238,4.2524886570548,2.16491569397291,3.07148300155031,0.507429811840712,2.10728179399883,0.424099054277283,0.641350040618166,0.295903960977928,1.99253505017841,1.69942179351578,2.02187324846446,1.12958879841339,1.86612968533499,1.63865243784011,0.395621295634433,2.247586861229,2.84599054551732,3.30106575996586,2.17076021273562,3.22557837681655,3.71761770950825,1.67672269853662,1.77779727429241,3.30513322608183,1.23904233869068,3.22271461988862,1.1094004576743,2.21577697795651,4.84418486229443,0.640405954159099,3.49614104701741,3.53509557868898,2.90809705752105,3.73809730273377,1.83737808609298,3.53819937134764,4.31467836769626,0.794422282384179,2.35761399493415,2.6470332165602,3.29454428317354,3.03634295214143,4.4280101499855,4.26641864479079,1.76797750372415,4.26027835233755,0.384121522367169,4.04485022865734,2.93291547655707,3.80388411190992,2.87574447614159,4.54033126688769,4.40343402603063,4.32568438520177,4.71836579548635,2.37389282218367,2.84794078315998,4.36338031358783,2.31142678782451,0.484018471123656,4.31440129469638,2.98788957881112,1.89092851613584,2.51235208037226,4.68236743031848,6.39108726177686,4.48470541637201,2.99131686609034,4.03926509555926,5.16751606658381,3.92656877012169,1.6717155186692,3.87451950821949,3.40872257081634,1.51353661797663,1.74630753220073,1.67365151494903,1.10530280693024,5.60620612946184,4.90449022859839,3.3133875100622,3.85602874840344,5.3926159326082,4.43922277507207,0.48001126308204,2.41661524456159,3.71203017861434,4.17300426222813,3.06415751363309,1.81396983745039,5.37011305105379,3.05523068455253,6.24790294504148
17,2.68360815631671,2.42935850514314,4.40295240313273,3.55806054452098,1.08487706033478,3.69972002218297,1.94686343340855,2.10795012393915,2.03980326274611,1.76800945255256,1.50701868224214,3.64092095255335,3.89736633126896,3.27977111212594,3.06920582299168,1.34615349542718,2.66548473456744,2.71272556669216,2.17219699308705,3.99628079587632,1.3823657444857,1.83175918834295,3.35530432115533,2.74335776039449,0.987422159620965,1.66924732069774,2.50377047894743,1.77319445018934,1.88802327002709,2.4977900607066,1.41344949712143,1.41078316408649,3.3299242522704,4.44255906280291,2.65117957198573,1.58127566703295,4.337843858046,2.40220048715548,3.22641305220118,0.454788007797256,2.38084792836495,0.996161730432787,1.1649554456491,0.642130622387413,2.59341615202024,1.30602960578698,1.80144707923294,1.42977696126457,1.80302731300896,0.702120535387732,0.57708217887599,1.47890556627444,2.21619513203443,2.58449798340202,1.44872206394619,2.56607786320217,3.80551805797913,1.7997203576174,2.24967578414004,3.70306026312365,1.04056950219436,2.68071106540759,0.798585193883809,1.37077435428476,3.96243284399316,0.817551431607045,3.34192802704374,3.63815474739195,3.53825063705244,4.14331893941644,1.92169484567051,3.52507616080992,3.4445061919374,1.55114126453909,2.82927193922504,3.14030211219463,3.23273833155199,2.90536920804019,5.27463039450721,4.6404578744943,1.98995613519113,5.01804860090917,0.348615099741909,4.43264375067834,2.97023397211707,3.4397570455813,2.53256897246727,4.72856668464111,5.0558812371229,4.94906302596794,4.63607255668686,2.51120495392811,3.40423869820286,4.61933088875555,2.5582726336951,0.834291997828882,3.66863169457953,2.89944416642404,2.92493384390063,1.15824182597375,3.69139408895164,5.95592190695849,4.74223097036237,2.46336288118349,3.68277507888805,5.35554563649584,4.00075978366232,1.36600339979095,4.05295568551792,3.38316790528641,1.1628225247569,2.07216787316835,2.05258998884221,1.23610613558879,5.89338364005127,5.03699466764196,3.51546425743371,4.0727184952276,5.21022426393306,4.71507344234024,0.519519834654457,2.38597956540909,4.04707868362121,4.97193908347643,3.49525084574186,1.99261851748479,5.97610765675634,3.05020507534292,5.93082647055172
17.5,2.15979990269779,2.39062680338237,2.81675938445945,1.69642451291267,1.21935772227018,2.053493888442,0.805830649910412,2.30371077247087,2.02599864034341,1.0911033159676,1.34990310222309,2.10367963515936,2.78730194151319,1.67139106805353,1.63305570691586,0.0097156053960443,1.59952273124571,1.33186919449775,2.24470714615638,2.37915451467548,0.272842836339137,2.90387646464329,3.56573501114162,2.21256817530053,1.20063723499353,1.97772245494601,2.40959784039023,0.828153327653453,1.20555163928004,1.49693354035507,1.2058407835972,1.18892833178019,2.92321314077674,3.56062770172895,1.9591980610019,1.59511004361438,3.50351950039115,1.86481062585151,2.76063013673027,0.450661420056759,1.95393550087506,1.27676745589727,1.52665239945887,0.980084327716387,2.15203529296148,0.985639684556102,1.12576056860004,1.13466695952579,1.47912335684777,0.444741619602947,0.459064939195844,0.312604652889824,1.42399635435291,1.60603848358982,0.585951576254154,1.35549578464614,2.64184192344792,1.38522013316202,2.07757158468086,2.7409353400641,0.704033647876678,1.45923434613636,0.241741923203786,0.391345783259127,2.21394727611317,0.293001536039192,2.03737100445154,2.49267279888947,3.19198565185729,3.83513366205868,1.5225446371115,2.75919411152356,2.07200031120332,2.70737996849654,2.65248453439862,2.59409653318221,2.33382083612027,2.47358349352251,4.45270713957368,4.07407170290083,1.68599075617918,4.34824960203342,0.410322280700754,4.16475096684334,2.14411490999646,1.93601553774449,1.57489234666879,3.69344478464131,3.91179216371158,3.53363193678946,3.20943230094658,1.9117724665995,2.62068884450912,3.02571673657701,2.04899302508174,1.09661232479877,2.14344524796088,2.32363465404475,2.83435444595789,0.406947046423305,2.7520603778939,5.29962544907936,4.6682272710087,1.65596447512893,2.92980659169543,4.17437747207641,2.66208698881055,0.945144229791135,2.93700694426071,1.89259050179262,0.704517265372553,1.18079025707195,1.57114769784897,1.3087280984344,5.3186807439133,4.67634731477605,3.24542172217345,3.09913090483101,4.17625316594189,4.40198832751602,0.531263435201604,2.12708039897114,4.0538194755702,4.40918449119749,2.31516589052052,1.65123272846156,4.86409051293654,2.29405722475345,3.41560817223279
18,1.91501927471952,2.15849385480857,0.893593429018893,0.568650067299522,1.12286944347971,0.125629475686334,0.353080751685066,1.50379019489882,1.50658085405038,0.77513027101812,1.21097476670742,0.302083581584917,1.3830371511748,0.39991115564686,0.277075283227145,1.35047509578103,1.38362396151755,0.691979327261521,2.29503367689057,0.76378929436373,1.79477392625175,2.72948163642549,2.31893561193294,1.24852351086653,1.23988328075564,1.51527535507212,1.49059462849581,0.49479398425948,0.449688392959153,1.00706061689341,1.16832465060185,0.683361044260191,1.47181477213431,1.98526327094085,1.33400765872843,1.46039720072737,1.8535345065547,1.06756798309592,1.65342059910614,0.309266446854331,1.30368094378141,1.47053257169293,1.53855474162929,0.899212841904779,1.86252084436148,1.02385798322001,0.28526214865728,0.651685771564112,1.62478620666143,1.44183897703673,0.439955071611889,0.800998206250988,0.824170566340054,0.358529031787042,0.322430154835097,0.084838610872124,1.22074267659079,1.20672332560619,2.03222438667607,1.5989650965724,0.389095726209947,0.36072880844727,0.437861520014091,0.703260273337621,0.219199158319087,0.171808395265872,1.27365993897898,1.52023586027024,2.20702640324033,2.26096754609584,0.766086481604886,1.45600737462171,0.650269483447414,2.75132419130291,1.94142579795555,1.73822215685029,1.40186147851497,1.83150536480445,2.99902131473408,2.48350759871057,0.957715978520516,2.74168209523899,0.523652270493986,2.49886758696735,1.34763189396675,0.297603981697533,0.508225321172967,1.63659745059992,1.96594077206137,1.69668733732684,1.22587967469757,1.43885296595632,1.61937118989773,1.12383757401731,1.62827714722372,1.06445338267033,0.689320157307182,2.02483159600076,2.48922386388124,1.98196823002017,1.04657858899551,2.46369726042126,2.74075930191256,0.460838326825568,2.08695940010133,2.25313385822157,1.23624824457059,0.400466523532612,1.45762769303605,0.759570745050777,0.823303963041011,0.528539784609032,1.15306950779444,0.882423644974491,3.09523544777593,2.57851643590914,1.88437039287453,1.45685864129425,1.91099432614386,2.47232682510082,0.293419665539081,1.42570782452433,2.41070994917906,2.77860711523462,1.09624374706887,0.873934787859332,2.70019877642215,1.55630536914298,0.503847341372608
18.5,1.89655291204212,1.30848593401974,1.08953595672227,2.18466670578586,0.785215562820692,1.50231643049112,1.18051641501652,0.818759430658482,1.45924371559457,1.11150835515284,1.31601746198923,1.56078691295465,1.16966805279711,1.76071651887466,1.36308230307962,2.19209508062901,2.17340733986813,2.00870611120298,1.72714114671716,1.3168420612173,2.97296047884126,2.4685293491205,1.02255867519662,0.47019315731536,0.80355541372183,0.880394120535418,0.631183169037601,1.3224243815645,0.424186341146629,1.65926613316222,1.39639527519887,0.442127357799574,0.0856868298737873,0.208042057787381,1.20684328841962,1.29734450005995,0.175567299218065,0.394341398992963,0.332488644002356,0.130167260960227,0.535191605537438,1.2394930762444,1.18112757467792,0.697182216711168,1.45479609632141,0.956126972779534,0.736298967147752,0.162454191945054,1.79520064000902,1.91406380781568,0.24571920398329,1.61980640393965,1.41684735246792,1.14607860466373,1.16008649428028,1.3347991170838,0.85203070464116,1.29828530445175,1.40736322244718,0.472141577260731,0.654514745793194,1.33817234058025,0.812527829169415,1.44932359480517,1.88870333047274,0.319107225427816,1.64838497193231,1.39098291434021,0.785527197451351,0.64995838641733,0.381710073029897,0.279652087826137,1.56119375254499,2.6044494200319,0.903013542424094,0.517393368490319,1.23596569366301,1.48039980237675,0.685445888627061,0.50727392547121,0.475505746836598,0.530044325779251,0.416735111112233,0.462910126822998,1.02852510687118,1.66291440740875,1.24736830244402,0.670416032413152,0.209339604467244,0.490355161115312,1.10639683648759,1.3209008261955,0.85607338222233,1.1309161397821,1.16579866903275,0.622888315075938,1.88046813518688,1.98849089623024,1.47911630790812,2.91234275921215,1.66652464760261,0.382855260837466,0.637874769005817,1.34546686011375,1.93077827598632,0.554054809677432,0.939724782180534,0.641560345865631,0.47649135667977,1.53770339600655,1.16699268061999,0.328004357144372,0.700946407046608,0.368215985638183,0.645127731914953,0.354908774113583,0.39906859891815,0.386040464592503,0.554268318845995,0.323918210512355,0.15934854913306,0.640056868576616,0.670976089753012,0.867065001427295,0.524863782950838,0.410248372676466,0.0203212299160653,1.24195516472667,2.31494448062028
19,2.27392048312665,0.596068986767524,2.86839200972904,3.73698472016089,0.602231206343492,2.9424840594259,1.94074052777413,0.722848795648591,1.801172133692,1.67262745092986,1.27454026432108,2.86786193319268,2.24968401166433,2.93730630581308,2.65016261477,2.94884379966405,3.23636236425993,3.09755546277697,0.922062346511409,3.07241167907829,3.53199941029491,1.46481156149198,0.63586447674533,1.13572328081406,0.579750936935123,0.796412622568569,0.737110426378754,2.06790874035825,1.08610200285667,2.36035290120092,1.3887029972996,0.550606753556808,1.21065988926719,1.57206184224742,1.63782216248884,1.27409116066581,1.59888482931079,0.931192507644294,0.885624252703142,0.0735640353294957,0.943782096252442,0.966712521575217,0.794174511645818,0.446795103697168,1.75954769921141,1.01540247140032,1.38284202663567,0.565072643092509,2.18986309381295,2.27646613919581,0.242708751116281,2.14530122807321,2.15769766356306,2.02279289989219,1.65967687495917,2.23282097580137,2.13510621473831,1.72491009247255,1.14205965288106,1.59202485055372,0.866122709288295,2.33277342874191,1.15476987718718,2.00266104908725,3.3995790708745,0.720281322369229,2.66569278131741,2.57874019395679,0.635781515889247,1.08475156226867,0.95918563329026,1.51821622551704,2.67735220881121,1.72195872773145,0.486833771572465,0.891729285168882,1.95665540391469,1.84614111618345,1.49869319453449,1.46557377135825,0.967207704201342,1.81297016851612,0.329763959360451,1.61891532526101,1.95191850579955,3.1849604692027,2.20085245475795,2.65912246481929,2.48988482789684,2.73943435084603,3.12982214524243,1.90000397079011,2.07947777339999,3.27005421578667,1.66567097171547,0.221911552145432,3.35266735107314,2.30604803819032,0.781757142989691,3.64151593412454,3.04871233253418,2.95658715022037,1.56670155932549,2.63369272690485,2.92708108342751,2.68582203520294,2.47613301252208,1.11317421938617,2.14001506005211,2.92691982414901,1.55015244261668,1.0947567168449,1.15020825687506,0.425749121185545,2.20175444208614,1.80773250756382,1.1925116653705,2.11575101291774,2.70760407119042,1.80139205144881,0.14511896348834,0.879377607373983,1.29049786483204,1.72537383374301,2.00985339711605,1.03971077769254,2.50714496949877,2.08881186871696,4.82736749031431
19.5,2.3142956552673,0.393451637445548,3.85209644782221,4.16730273578056,0.580560823540157,3.47695994299691,2.08874650729719,1.38902614084523,2.04756257067172,1.82949551623327,1.38310439957738,3.66462544429373,3.08792473204786,3.52884730564055,3.15308737379895,2.88839141920321,3.46895126827,3.61746444316187,0.827448840649081,3.83755574638053,3.55789401889496,0.481129482547493,2.03463453919991,1.93994907015823,0.309735112967955,1.17288461851014,1.54487510905056,2.30182916080609,1.43209782881966,2.68319066453429,1.46349310030971,0.944229370090986,2.32128834034356,2.65068301636766,2.00607602311897,1.27729560515813,2.75036495598539,1.47363504751325,1.88430788203954,0.191283768507547,1.5377107737422,0.531042210394981,0.243064865363546,0.269278430988238,2.04503886043496,1.01717635204437,1.71575513397095,0.874161061475155,2.12819318576585,2.00905758201939,0.25413867713131,2.24813611327291,2.55300794580149,2.71806457999663,1.94217967003617,2.72833959361669,3.06795748635409,1.8618250430513,1.04876507801555,2.59947466199211,1.09987122589027,2.88734011694372,1.16964621852288,2.12455431842057,4.26147404628497,0.51320780387332,2.84270905584632,3.26539328019402,1.86699751128122,2.43369016930836,1.46787212818615,2.6111337192553,3.54280639475476,0.777208826767924,1.41678479149491,1.76124234082191,2.57801689605427,2.30404348134345,3.20679273258517,3.04558089982215,1.38737178387882,3.59125026511717,0.344310294302168,3.44831850351209,2.68063023447943,4.15002113251029,2.83830832508167,4.04342454829182,3.98099175809559,4.10655539723279,4.61232700452795,2.70215656913733,3.08593719646832,4.48656002020251,2.06078622834671,0.513240994411201,4.28480307573355,2.66864552052676,1.22156717784383,3.54463052228543,4.21558528920246,5.35920042519161,3.59140953723851,3.25358526059529,3.59665191906401,4.5932853838361,3.60549034276778,1.62833693451882,3.290478151326,3.37492883800051,1.46684742552162,1.45428292592958,1.64551130415851,0.89424537474845,4.43133362922023,3.73805938454515,2.43189674584669,3.29879328413333,4.47499763588517,3.70034642015723,0.314088616202933,1.72919458462906,3.1012476166843,3.41614403492159,2.88431254507723,1.56847165202174,4.41336568494863,2.57851822357203,5.89446571839584
20,2.37534756743413,0.94741868495713,4.40331551910427,4.32268071109382,0.756257595818096,3.63069182872956,2.20002171477941,1.71002430762521,2.15869021064553,1.75363316906887,1.48653658732536,3.85965227155207,3.45660333935564,3.64337743458803,3.44230237434664,2.74866350890784,3.48107823373164,3.62935336946798,1.45013747444115,4.43711383220035,3.07747324542224,0.444859129442905,2.77990998335501,2.38101560354988,0.452228084179254,1.30237582921553,1.77161716566594,2.29282613394279,1.65435749488899,2.79872588335957,1.30349001942561,0.963044314331166,2.66830043533706,3.34245832905242,2.06383531716572,1.12660655665783,3.31392629572137,1.87712976411423,2.3516406990788,0.274320341159642,1.95072834610731,0.203549284049002,0.292004129036976,0.348790518808719,2.53436449311373,0.942017769056245,1.7760593259553,1.18585901623441,2.1479143851776,1.6853248962224,0.299550876436382,2.12601576604423,2.55256979078862,2.72523339526282,1.79983658098007,2.70370238890469,3.50427396678413,2.0269371124575,1.37256904830577,3.33449710629959,1.09016697019085,2.94205848264904,1.14369662237185,1.98029476679769,4.38983190521652,0.652421676914506,2.99358959265985,3.85275541149807,2.70724131449227,3.21280483122542,1.76566382618782,3.1190325777669,3.5928035113983,0.166336616899377,2.07971158671883,2.4913455918661,2.88694402785757,2.51478428499743,4.36081027555561,3.96413201160233,1.83062254979132,4.84703869534023,0.270173072054716,4.46282450304273,3.13758891313053,4.45913421800866,2.97938507474445,4.83633917331258,5.12748536839579,5.29212211759149,5.27106392406915,3.05384395965826,3.93518416778952,5.363593637776,2.53232354278883,0.9133895247507,4.50225036282019,2.8638153274052,2.15148675395293,3.14205498449413,4.36902836100867,6.06394060907153,4.45871446766577,3.4779188084894,4.06439875225891,5.59921356367216,4.19789858105723,1.62229406545573,3.93851660623283,3.77217216370231,1.43162982039497,1.92728432035911,2.21159676250357,1.18236879988812,5.54910037376146,4.51071296968987,3.00559783096177,4.03849120335261,5.12251074834086,4.48626269109933,0.440228590428161,2.21779979918552,3.92322434930349,4.64924429176677,3.60761146287559,1.91052700376256,5.5197755677798,2.89930014245621,6.4068984224418
20.5,2.15223398822002,1.17282677854107,4.00933984440672,3.69797006809989,0.827529255777992,3.15838394770528,1.80392865702089,2.0095744904586,2.20837264194569,1.44090567000478,1.35309313252449,3.52059353661392,3.25744980753604,3.11573660048499,2.92044273414361,2.15163405238998,2.92161717282697,3.16832888536772,1.54615327679309,3.98122448036149,2.40632738128978,1.20358551202073,3.3197802931356,2.44151933408547,0.670578810135171,1.59985358532849,2.03101769888346,1.97341490094821,1.52241092442731,2.45158000393575,1.11516635506014,1.04322747959169,2.89877310162723,3.33110213679516,1.8797044278304,1.02788645916489,3.36376079834663,1.84098336227739,2.4974587442174,0.310232745210569,1.92817077665471,0.244866500539158,0.59514128118567,0.511060927157746,2.41364613436076,0.851320584091486,1.55502105625361,1.13936002754674,1.81434385510175,1.20383488448245,0.259399498706732,1.7047606777005,2.30711059487742,2.57166929880769,1.5446302083176,2.35166506373984,3.33247988452413,1.86924717025618,1.47999548950376,3.27104467448363,1.0093581698807,2.57935788241833,0.88423183168823,1.61678951136474,3.90925981000866,0.426833432689794,2.53449206991707,3.54739090813405,2.96270153518761,3.53742784630093,1.7504941397625,3.1703046564455,3.31623668183242,1.00924769437685,2.30760675491729,2.56598482512046,2.61639902821075,2.32912563751531,4.5296770617332,4.23776677883218,1.7694799052254,5.06750000164789,0.414093735522116,4.91639588203047,2.8644197567535,3.86823317143664,2.60263650728888,4.82594391412975,4.99827549892994,4.93942544989234,4.96903408907829,3.03215158802355,3.90307986853034,4.85408200338066,2.30322969244268,1.15001666282497,4.04148918867267,2.64249377748211,2.29753298763907,2.43273839306051,4.39519660859316,6.58847256465494,5.05556000510167,3.27811922808329,4.05679832774846,5.70757001772677,3.92598611770597,1.54282323650689,3.74627009659795,3.16087806377509,1.07220170523796,1.62376470111874,2.0733251241791,1.40238064565061,6.03006787379076,4.94484977477107,3.30883914714962,3.96096769888489,5.17727548638479,4.90560205899132,0.487966979934214,2.48959244961621,4.51446663633709,4.9288564531696,3.24440939432313,1.85428506108292,5.54237315505036,2.64115334363662,5.41119563937872
21,1.83913235377774,1.26159316868923,3.37589333990881,2.89790908816581,0.783964314121321,2.52933335528394,1.41293498176461,1.71306031726295,1.88814785379682,1.02161041257928,1.10062058027732,2.85258346349966,2.78994249359437,2.46712052343457,2.330952653103,1.54749799911139,2.20436406418747,2.37562810916572,1.69670629029374,3.45515764263197,1.66810159953178,1.35073658058636,3.02386235479073,2.15962787815543,0.762325642921029,1.42669477231792,1.75643771472744,1.54109044349207,1.29817560958688,1.94176934688842,1.06270067286224,0.85094045654197,2.4661329498753,2.9910355958869,1.61857446419492,0.864879459383389,2.93540482724908,1.67232437217277,2.22692208691845,0.287036275962135,1.7638899279695,0.387633845196816,0.685862478242152,0.512938540906248,2.3209886246091,0.714821829107288,1.18549342534004,1.01841833611451,1.51000001379243,0.763692760873491,0.294893315412639,1.25693655318783,1.81025333953593,2.02668288719217,1.14106314208958,1.80713786814414,2.8850335844475,1.6745194607584,1.5599160560169,3.029013740169,0.791448056049034,2.03272882425914,0.625118097467542,1.12507922370687,3.09875286363846,0.364782985073033,2.03698200675055,3.17120764738972,2.86880631828922,3.1514602384485,1.46463996543981,2.76876814997182,2.67544506314261,1.2981342695123,2.2434573062438,2.40071050347099,2.25701557057209,2.01004798279012,4.27844791885379,3.81182841126281,1.57126551217681,4.69632896078312,0.376060884995588,4.39347528819159,2.47441994697859,3.06409891635571,2.08189655503202,4.15627294287819,4.37474000345269,4.28353941662836,4.12997172299088,2.785748456955,3.69059269511154,4.14281402561277,2.05378544904146,1.19766337600557,3.2246607294971,2.31586071138109,2.28104508670493,1.55819693375106,3.37535773844476,5.31514271344863,4.37250870627272,2.61853617019256,3.55285255381413,5.04822890021386,3.41426028540105,1.14661445917546,3.16172511832142,2.53058007857312,0.749582682637322,1.48630408112393,1.90414860573473,1.34285108503276,5.22006566379356,4.18768461595545,2.89675443223699,3.36940656009893,4.21284199808136,4.16041617187963,0.420848951133414,2.21038467685979,3.86323068850729,4.42224759478104,2.81658078816784,1.56166822670067,4.78215800458528,2.11174245879857,4.06590682737288
21.5,1.52765961399836,0.942170068543341,2.48590215614285,2.07682420622336,0.640033531957829,1.86703281703402,1.00082775382712,1.41337705724287,1.47783147983175,0.717984241184071,0.884689903797088,2.0299912709398,2.04922864776554,1.6293930223991,1.58495870066244,1.05868326004757,1.63598242409164,1.59331261008147,1.39300886934886,2.54121604912084,1.01057019473633,1.44387399423187,2.6543318692059,1.67843827409049,0.568621409463061,1.10893476770467,1.46550572783933,1.10125417643836,0.966838295378733,1.33054445160614,0.941479218047885,0.651014100368321,2.0152192119973,2.39965960340819,1.19026619393754,0.712671010748423,2.3298059071863,1.33957330849366,1.73483573650843,0.244451447380952,1.33497512259864,0.358598768571294,0.638508970284107,0.498023840032129,1.81700525054953,0.592094411558457,0.800072674031057,0.806667115111662,1.00740599580571,0.500242205506033,0.170087026983631,0.788038998598028,1.29232241573064,1.49832143088814,0.71194863010458,1.14881294676212,2.16782084394148,1.32086219732413,1.2497420716663,2.29519958503306,0.623476655179433,1.42061729560148,0.396935974909348,0.74677986728446,2.18704366782363,0.2081716705928,1.48889861285236,2.34271526849142,2.3307561801773,2.65375070693245,1.13221801634961,2.07203568066522,1.8597868321793,1.47265876721029,1.87758209384707,1.9555839194577,1.63462659871415,1.62525933826193,3.43949449720804,3.01458054912739,1.32267105139334,3.68709190323972,0.391704712283383,3.4899006125944,1.74803895405958,1.98045743882123,1.43791498216823,3.20704772322778,3.30324160006963,3.11987546652986,2.93645221498049,2.15966568817325,2.80845590234078,2.89169748033791,1.61134538230383,0.991855502232167,2.19155499628262,1.73999361260841,1.69936637693962,0.952207780412496,2.47451554726826,4.03389238831229,3.55323484403574,2.04014212085704,2.80432969805091,3.67137173327799,2.37794038902264,0.750921052387308,2.22963333927312,1.65736793749818,0.461455818255045,0.9593615705429,1.3817535207902,1.10885776542738,4.00625108151371,3.26807210491904,2.2641359043369,2.4760374480648,2.98501917373977,3.2365583895808,0.401214448292364,1.6401556614199,3.11751861089341,3.44564166640153,1.88539301988321,1.10060121806219,3.39972819567165,1.44763477554697,2.38539335208836
22,1.13069322822209,0.71516017726393,1.65127504128897,1.2479991962638,0.511675032326108,1.22148207659102,0.618634790326509,0.996231404169201,0.96677173098589,0.498469618316994,0.475394406121826,1.32683428272512,1.37046399709492,1.00548477238783,0.898703617957961,0.597546868614206,1.03081727867192,0.859555229335393,0.970681606978253,1.64869770224992,0.518145731665591,1.0471119611399,1.91205599552026,1.19258276828683,0.469216274693071,0.802227421161779,1.04815130837455,0.65180760377031,0.676878159145634,0.722858629241266,0.85840200105556,0.52242788845393,1.41730743277422,1.6867078681459,0.89577438022935,0.575912742195684,1.65742532391631,0.958137145285877,1.28820612946127,0.236974147137566,1.04712468287694,0.330804134126653,0.528303963012043,0.399780160642752,1.39000016797712,0.535748262677941,0.481498726060252,0.5545363360504,0.60808198126225,0.236018293086103,0.148376282272708,0.432320715843713,0.820287943003859,0.962083228788141,0.362923916999475,0.613421331989371,1.44989638243684,0.94755786456822,0.952736044024141,1.5555827882151,0.370024730508828,0.91401566079946,0.198541080728311,0.403804191500682,1.37960726897369,0.189870323353666,0.940746387788253,1.59266539574959,1.65187728837302,1.86226158851248,0.745780743178609,1.40887367893223,1.29191324534686,1.1601765945507,1.40040294354486,1.40255219825516,1.08378363973303,1.16973636865692,2.43294540595359,2.1309807059815,0.851353344505977,2.55613031686452,0.358843706203361,2.39457168335551,1.1292951675594,1.08610594076564,0.880193421367795,2.02942844802939,2.06527416914876,1.86424989548683,1.77363282302871,1.41938543023608,1.80621955812687,1.60862012194395,1.12841095905355,0.766499582494928,1.34836853338269,1.19289338010568,1.05501263675224,0.450031379986669,1.50237226182043,2.4922629674022,2.37810582845816,1.27617117227411,1.9683737720149,2.38062943029859,1.48885173301098,0.382284888453258,1.26042306042673,0.818894750188656,0.184033608108271,0.470716579188086,0.884623981462172,0.91290401462246,2.5881604516661,2.10330166079602,1.57343853394774,1.412482011764,1.70791835668549,2.03372703836609,0.304795929909517,1.1094998105608,1.97551272990846,2.12578925824632,1.04140894935191,0.544816673045624,1.95808482957414,0.862343794954383,0.814738128813542
22.5,0.744881619263947,0.428047224594844,1.06044454821535,0.801529371340436,0.313861214191046,0.813792450267189,0.447510445284257,0.587065711060702,0.447698898204867,0.388358973300545,0.289163058088179,0.799936288075318,0.854722038095914,0.60617762726202,0.591551303643139,0.481713650084803,0.717680790316307,0.4501091149647,0.612342279787401,1.00984275278415,0.254309481434547,0.683609635821641,1.20064469291272,0.756649742458924,0.24364742752682,0.384579787605377,0.625582423813688,0.400368038890181,0.41051705914243,0.331995367566271,0.752086795731658,0.332012799481807,0.86275880496729,1.10037972820308,0.569553704942912,0.38522427349309,1.03417288717502,0.651835668905443,0.786808053917825,0.122997279985721,0.633338466098517,0.244427581896395,0.393570128337534,0.261986670176775,0.890439613739704,0.384936803456369,0.289591727718869,0.398903034424423,0.308580392428891,0.215231516235333,0.15791428003857,0.271446255536344,0.426302940645229,0.488173676518649,0.148877469728065,0.267080705837391,0.810531698681593,0.586447808112867,0.588002666428657,0.902513492139628,0.166128222507994,0.557071008849557,0.131166525130771,0.180180437350048,0.745299544274515,0.0553838382985272,0.584438689691731,0.951829474571188,1.11751010344975,1.24736352886374,0.476891345642281,0.79437319353121,0.725075856043071,0.91094806820829,1.01029020935048,0.912152326867243,0.717683926096401,0.759318068373286,1.46913821213262,1.21997371193754,0.595450392303203,1.52830938092389,0.254763276883058,1.29433456592315,0.708690014302474,0.497564107310189,0.571813959243499,1.14194275432949,1.15749449666479,1.05524279010377,0.846221052010283,0.805357838961852,0.985675107731459,0.795874173637398,0.727766144760938,0.425627505418438,0.736450028887899,0.79034049009074,0.594353185401202,0.249861708137124,0.659219694619117,1.03446956027987,1.244560711728,0.756014692636444,1.1508073885237,1.16501605591889,0.733429798861133,0.158372739496285,0.555646848638635,0.360460701959398,0.110074713153325,0.239800226064777,0.476195267563349,0.415122674627866,1.25751495318289,0.993780140551192,0.768654043447407,0.695674379310132,0.60070672845286,0.913626978692047,0.222663332389611,0.539969310223759,0.939017436085696,1.15903600422024,0.505595112890744,0.199234033917683,0.764327644225271,0.427894907392467,0.0144947527821343
23,0.346578916744476,0.239017463272474,0.586393340169922,0.476632144476346,0.171160354880228,0.495730634045056,0.288798780099372,0.396965596946454,0.11977726220057,0.345516996515715,0.114599422839202,0.48449337279805,0.497805634128516,0.380252015450337,0.38160689414754,0.416806449597389,0.479106603808871,0.423073772449919,0.149447831433808,0.452736204144564,0.185328019570594,0.392352440470267,0.699413761970893,0.439315345196648,0.150165523341942,0.231365230998029,0.38621451847698,0.262956300534847,0.213917636845913,0.143769314742603,0.478115459484281,0.259495202601776,0.517388153976398,0.527809084934397,0.314001549721043,0.278464006915198,0.576535497683788,0.315152190535412,0.49965180380853,0.121756557969732,0.361129128181854,0.178920300837308,0.290553832168651,0.196988619466628,0.440582560878478,0.306312044180529,0.11816372061447,0.243991725896351,0.0882568760429099,0.208668961496851,0.129967984830518,0.206441772734033,0.203134531434304,0.250977724142389,0.188700829194618,0.241088079530402,0.332527981282784,0.213116419431751,0.32728154063706,0.259025615742325,0.161185534213382,0.363138696516688,0.09411140169197,0.116752128838886,0.375599559155406,0.0803763710167582,0.227718639398329,0.425392083391176,0.516199890270077,0.717954691986901,0.220352552503433,0.372048157015619,0.407003187450013,0.604882881303893,0.542061557908779,0.470521227139915,0.384762305639746,0.507108780347276,0.700610794143092,0.659573062479982,0.328470869107129,0.752690429199958,0.183008052228447,0.669961925778051,0.387938762551378,0.305292691134198,0.368095309590609,0.524350822037058,0.440837374785319,0.4210783544413,0.312335785387529,0.213974992576248,0.186021423975164,0.260362152853545,0.455772181738665,0.188550932455797,0.458783281739738,0.366221656809701,0.184744748284304,0.237836636449259,0.483489056035379,0.545537609050587,0.630230754343906,0.441864285904703,0.588987152066611,0.412697969744521,0.22818921820508,0.0793876341521291,0.269583992472355,0.239947568479688,0.100701218294371,0.11068058692784,0.145842922018395,0.246001941036808,0.571729325671531,0.420064403619639,0.358227015833015,0.107102597140241,0.176543184590723,0.304943272419246,0.177140521615229,0.24420679475661,0.348446721854732,0.39921218230831,0.123724817593302,0.140034190887454,0.094341053594032,0.252228488391076,0.554277941725492
23.5,0.119619648205748,0.37194728675291,0.412321651858422,0.295098725024141,0.144205094478318,0.30407233892777,0.226106803560164,0.256577949341914,0.0820379611649157,0.267325131886643,0.0863022163756972,0.338280812885348,0.392864244772701,0.374308921695945,0.341369332299901,0.208613657543212,0.261479782150768,0.40108009975401,0.13122376118275,0.346901349345633,0.0592757469832826,0.166339014666753,0.287189331885294,0.29456827142527,0.138834409799876,0.179952027551797,0.216331422396465,0.147332140433128,0.104571308945458,0.176044553959182,0.230390443894785,0.208520419735431,0.243725715760001,0.249230185720363,0.112565041465728,0.207458605219671,0.324902280438674,0.166296384498417,0.285404422796842,0.039223226537713,0.173612718102548,0.0493656645467834,0.151180391275687,0.115455409409936,0.220932983148607,0.224497974655147,0.0159318045733823,0.199860540333131,0.144572796551911,0.0449741976176243,0.195051782043576,0.135986630870816,0.0836539390562245,0.105183166262769,0.207261287479472,0.278588438687414,0.168470417203937,0.141411349912367,0.117265074128106,0.117880950933646,0.185689378136601,0.279397259142269,0.0725795673650012,0.0825627941688268,0.231724108753652,0.0352078934400069,0.160309272020082,0.308263870016051,0.27701330138478,0.35359653646934,0.111623175987527,0.220227975021881,0.261304516106474,0.312150256807201,0.324965768645555,0.215948964186979,0.276439307373163,0.324420660889273,0.396453551775625,0.307562015482597,0.124817495814381,0.415500386940299,0.0705563856373335,0.3742536696335,0.30673488167673,0.362570071300996,0.270750211506966,0.335914879512445,0.372159812131184,0.425929188846206,0.359369525646385,0.0626810823571832,0.156732238797565,0.40063877573117,0.321019927262523,0.0677021909930421,0.372710726097289,0.236146594277416,0.311911345597464,0.122362710746075,0.348064682950382,0.508352377811683,0.33780467160401,0.112887168669003,0.256083417054309,0.375587938207968,0.245296052337948,0.137407257203899,0.276598827080026,0.242348680397345,0.0489616723070077,0.0856931712484484,0.0395053654317212,0.117566610715661,0.348650640642799,0.264857916065182,0.180902537630392,0.189959158513878,0.414558751922088,0.280926036878993,0.0219713212276393,0.177437511877542,0.184045852568262,0.13905968222813,0.0720275546850768,0.172118358015136,0.383804822482514,0.177063708209549,0.575553362883402
24,0.520654375590956,0.572495520691916,0.266700436784044,0.195772151169211,0.188351565074974,0.138954027902618,0.180709782499662,0.317087767612198,0.0917831099392812,0.157140258856904,0.306806794499914,0.0738450243399938,0.280534355649958,0.230089800655367,0.265654376049947,0.0244015929224379,0.24800125838396,0.253483085374413,0.41148532735669,0.306072915330113,0.272020208678658,0.450178967629811,0.264425541688879,0.220601590374951,0.21917002668771,0.239974326651499,0.257934993682477,0.0787704308167884,0.145060887893722,0.300088989148815,0.145769136218897,0.125325743227824,0.223087616950179,0.297603358051886,0.312429628409252,0.340652762091055,0.300448950037517,0.110424148654608,0.190474425510107,0.0504303736321135,0.0375691176140802,0.252979700833803,0.249161605287563,0.101903572545549,0.0557487630919485,0.130980569204924,0.0817234556920852,0.212379194392805,0.264795466106636,0.261350877773551,0.1755487815008,0.0844430202622482,0.149942080732214,0.0425871400456791,0.0654281151564592,0.170075409853121,0.158550563364923,0.163630839676279,0.194244460186462,0.207623682205022,0.18202387741262,0.163673010810018,0.0692812267912072,0.212611095514238,0.0335015024827971,0.182472806252022,0.347356292092585,0.243060817213453,0.158191582478599,0.286261109205219,0.147070191564542,0.183470749698976,0.0873364915457997,0.297682818899302,0.245221047049319,0.11791267256565,0.180735742805043,0.2463106106857,0.360062969697907,0.255396504807007,0.0838857661838157,0.372877631223823,0.113456107046601,0.296892965075755,0.25075475540682,0.239719320131231,0.20988391030994,0.380347088364652,0.460342005868815,0.518688801807103,0.390000157117734,0.148179798002054,0.354455865482258,0.547894038677043,0.264797542312623,0.132808532061216,0.188869245414803,0.296257793161995,0.571293220680939,0.418953287351806,0.223464360229423,0.479985350979286,0.411656783575038,0.125813152736516,0.465842049877503,0.380041193403354,0.226001193409835,0.073211094055997,0.226820369424567,0.206007574052907,0.0887278767925935,0.180889237058286,0.117577723083761,0.0396806883062285,0.398190023611252,0.366903833472715,0.188638777787479,0.344875964889883,0.481509656762776,0.360431597687284,0.0550782053907811,0.145933410291203,0.235238586355971,0.302193122441531,0.195522396538004,0.163738972809442,0.442786494321434,0.105906039430435,0.524650609284806
24.5,0.903841444214834,0.827035879496541,0.197122567610236,0.585702524179319,0.326681774922158,0.32403028603464,0.345561728076823,0.401126774982344,0.331039625846224,0.169593386259965,0.431521938912609,0.345235476300841,0.111549020665603,0.125945949413943,0.0560830681695084,0.485684497126321,0.504191005404088,0.305216734815379,0.580978164493501,0.110074033125886,0.711122096895836,0.747373245946503,0.273143663111072,0.105520109578272,0.413878763856754,0.443683898868215,0.368007536337053,0.349087474741129,0.137196225235124,0.446955571167775,0.462109901758821,0.138936178517658,0.188348603738463,0.143465057490856,0.457187471723803,0.567582395596842,0.191947264034334,0.104111395477411,0.217304939926712,0.113547479204727,0.154481296345051,0.507463354178628,0.504774879381663,0.20539685920184,0.267475952131601,0.0285920067592347,0.211338535586518,0.135558486582187,0.624429530766847,0.734627660623236,0.158071940666315,0.538136588727744,0.500672240560903,0.235832933924704,0.172499504459146,0.112179097583133,0.0046452116759133,0.287629131995652,0.374548182267775,0.0715371435345047,0.154586782540989,0.266246055646544,0.256085273024167,0.522004862046703,0.478685777685745,0.0616505762634412,0.56456805874873,0.541871032578884,0.0952618141219172,0.142217945329061,0.0929746923050387,0.0766746221984534,0.376259287801531,0.566101711041762,0.165062175995137,0.0341924971060124,0.1411027183244,0.302900480920164,0.237158567149116,0.232958297969884,0.192750368116678,0.213332487788326,0.128752804524981,0.22253282844774,0.242397402208337,0.178863590565595,0.123325435192398,0.183411954245043,0.227124257012923,0.2144335254201,0.173118923818774,0.0799950349389874,0.207082507361374,0.237353298275658,0.247187483224724,0.20780713179561,0.260466194366493,0.385909564709845,0.614195641769951,0.812848916804513,0.24610233866867,0.398152747417931,0.411782400669106,0.462308306129195,0.704726015216423,0.12868863917939,0.0310313982851256,0.0400206229612355,0.11183906078822,0.222563361165543,0.247709223284208,0.0711419384965999,0.011578955931496,0.172224560274966,0.367867706315748,0.364887170081239,0.211646453685687,0.198646145465432,0.373061570786871,0.397233040871089,0.0157056824026771,0.107774678281848,0.267799340455072,0.273737721822755,0.106857714662447,0.142503160610973,0.289939278255903,0.259101418135275,0.290778550237113
25,1.25588714220652,0.9654931268896,0.619667565808889,1.22563375081648,0.432921557352871,0.790586328503699,0.625787110178704,0.4016569056763,0.675825461235773,0.511430414956473,0.656379281634391,0.910889537880884,0.42704913681901,0.629923838394071,0.402019828904266,0.9412794962056,0.954934050598906,0.87314090899975,0.845598599999063,0.383873269723426,1.20876399428846,0.902242896431924,0.0893175440786739,0.117667749052302,0.501603804347141,0.463555394454059,0.284456996191977,0.729685585291868,0.311319538026213,0.735222212901933,0.75011666986219,0.15214880790664,0.220803346425241,0.211191131420399,0.671545262680792,0.689199520685142,0.294640619700309,0.350362259861299,0.17435657773517,0.0622799037105644,0.30789466760084,0.729887507119749,0.683740476289202,0.257147840582723,0.500487675102418,0.299276441402463,0.462927906815787,0.0515070446453818,0.96937310873375,1.22201817203154,0.176219877506421,1.00834648045476,0.936535323616817,0.660255596352422,0.537993218329975,0.558357796749608,0.389358911721773,0.548090291379955,0.539301625075572,0.171727966375196,0.291723588053605,0.747025342155411,0.492032108028507,0.937194866239823,1.16827938400727,0.0257880257346711,0.926831663658368,0.923275038526027,0.0620105267070554,0.181404709841934,0.192612191387974,0.293857150830783,0.991228971607835,0.834528336030683,0.061619515866348,0.182516496844591,0.374781715231276,0.429605678058383,0.0972914031849567,0.10735602955851,0.168784002590275,0.1486598774171,0.158443596212937,0.0925347790249644,0.404287730153877,0.658298690108037,0.413317748469694,0.340826288399093,0.150495336849742,0.191684060084629,0.340883683888458,0.194534666317846,0.121933665591256,0.220921003485234,0.274620343302871,0.219340557711902,0.786434448694691,0.621161397960182,0.657360953782909,1.2919492843196,0.655581732225756,0.265029648315497,0.0660554606372106,0.897910968399611,0.998583724711073,0.341180559418492,0.377152777841426,0.240315930208204,0.335379277049808,0.665873179043374,0.38526580727281,0.0764555246033105,0.141850156905667,0.156113189282872,0.174916727994835,0.169952723814766,0.114715398899238,0.204135854736607,0.16241903759438,0.092221883395867,0.0603476004040428,0.147694189738097,0.0190276887205125,0.147956407127495,0.128900391082157,0.132795516463031,0.14076863454451,0.362329244642508,0.649573429809679
25.5,1.54270536781531,0.783397108522734,1.29806537871221,1.87651694876752,0.406581447747435,1.35647280416316,0.978337050794857,0.506475905338725,1.01391834101415,0.807550055149173,0.797866414742153,1.59607527669791,1.04636056714976,1.30561125723963,0.948980148795391,1.32796885632737,1.4754968079256,1.46001999848691,0.770974014387273,1.03241633762439,1.69799272997102,1.00779166485437,0.19731295910002,0.48229973187804,0.451156985755718,0.479573490158043,0.395152505387886,1.0785994964834,0.543802118178698,1.146589977008,1.04886522805247,0.320866137315669,0.67788736520138,0.798966587745214,0.953914462762023,0.784995884950953,0.883187792313277,0.675195784863426,0.575543611994101,0.122141059237368,0.60529590608242,0.748608576939662,0.738780589035649,0.299429624682207,0.919782436517501,0.505375448972345,0.812372855478543,0.28476569938424,1.21364160827847,1.52402761072933,0.111116961136224,1.50380512200931,1.37417907108473,1.13247592700934,0.936059107089079,1.13303611369579,1.0257705832322,0.823621704263049,0.524594406473675,0.669967096682409,0.550501003702038,1.33638714519535,0.70593706142423,1.24005871085912,1.89623295593587,0.129332324597487,1.47743198660331,1.48879827344503,0.462558649851884,0.634612062945598,0.433594926955746,0.799145903627209,1.69940483868769,1.01158955714024,0.320697414059346,0.532193064492367,0.798776591086218,0.790381681297866,0.707527549307555,0.671465474657258,0.37005911226275,0.765095339707388,0.13361162501574,0.585125075067345,0.757065230333336,1.29776284149977,0.805633960201568,0.973259254249151,0.812808786347658,0.878922264370972,1.01037923962761,0.546753882849319,0.543815633653168,0.942466685848889,0.487832369867712,0.159671625342316,1.4214542467763,0.895033959162156,0.428666646730961,1.61317912615259,1.13370934765939,0.946104514011975,0.521023636305869,1.23606423254305,1.28920240918591,1.05281752793591,0.973286793332782,0.410810268979693,0.881203967489275,1.2397579085802,0.607787879547817,0.330725453500416,0.469411969775519,0.378094678617054,0.86094154213902,0.72651667661526,0.480940840967806,0.710099383758015,0.83849852364889,0.600588202411945,0.116776872274538,0.290703266575375,0.294855327287852,0.457120816885514,0.630616483777905,0.339691441288642,0.730383193421438,0.573857062829903,1.50869439479391
26,1.90673027835689,0.569822249007162,2.01474825032239,2.53426293704219,0.349826150029182,1.95680623673013,1.2850758497404,0.743626483935669,1.31729828786671,1.1119934187436,0.734811287777047,2.1126191960917,1.67647020004159,1.86889671705148,1.46360024379099,1.6895367058742,2.06010822706142,1.95877144275499,0.599329687889452,1.7065655903792,1.98352734436179,0.73268058937819,0.779984728395054,0.923419929489929,0.397658941186822,0.526203037087236,0.710783658497022,1.40779151267524,0.841304953134346,1.42660083101266,1.21576345890823,0.55445585167892,1.31211405533899,1.53306784776184,1.33946958484636,0.940041320160616,1.58470238077924,1.05389747096583,1.07302383021975,0.144083951642832,0.939177559560784,0.741928663641152,0.759123311943061,0.263463536357636,1.3120868183868,0.74974204938945,1.18849086266081,0.61126271076179,1.44085770514994,1.77865162481708,0.102675599338987,1.83451527058656,1.7670157457702,1.57545612921123,1.27271151277283,1.58999169770812,1.56467854875897,1.11813199851193,0.641899746976909,1.2574828259236,0.646736605828566,1.77953487394794,0.896424896372064,1.49723896703984,2.55249411620308,0.361432213709562,2.10487935665222,2.0526500266175,1.02072592182244,1.35358877601215,0.740516178782619,1.36826971328492,2.30988075631213,0.863886642970567,0.753228547984855,0.92662686825065,1.25374016014182,1.13844295248352,1.37230916383438,1.35480125125814,0.665558548741332,1.49672137459244,0.137278375383672,1.22010542387495,1.12127818433333,1.78619399165146,1.21103792235436,1.76574361540501,1.60334613360159,1.62886085549655,1.68483347987668,0.893890925667931,1.14570917885336,1.73257131437137,0.745874319729809,0.1514754980541,2.00116067036835,1.24882762523167,0.334417335314959,1.89334586162588,1.74290328136987,1.87412055587644,1.26609519791697,1.66321287036194,1.72676768355696,1.74601170792305,1.49697082535474,0.607041304459846,1.45928233914697,1.79933400676689,0.829289554178119,0.651718021800784,0.79614603802559,0.525551628336244,1.78886388877672,1.54405388347498,0.936644779475476,1.34118358585475,1.66503483765558,1.34918976966736,0.160968464653939,0.552498308157617,0.914301070968209,1.13201790354817,1.13132171081136,0.676163805665709,1.56518617013689,0.949834172177073,2.39294293010725
26.5,2.03164644586228,0.224821518699677,2.51391555943463,2.77905616751326,0.261468328894525,2.29609349451891,1.39667905355491,0.997827605216575,1.37822974425108,1.20198193011521,0.778052017977265,2.47238126639748,2.14827726336117,2.22767667125573,1.79088033980453,1.73314446677111,2.23792421509685,2.20941525239893,0.416671628787435,2.14654229792166,2.1098776800213,0.530124455075866,1.32029835652751,1.334422079959,0.0831684846837043,0.568235668057522,1.1142518721557,1.51840997888159,0.986455122910066,1.6798953713407,1.35033618135534,0.751709285339027,1.8781750360583,2.14898096823971,1.65548963189312,1.13183136333836,2.21745642555976,1.34205297791609,1.53344649631273,0.143099649551834,1.19812045145843,0.600984242368623,0.696651197531423,0.0788120368520866,1.5719299522945,0.847600139299862,1.45820556093101,0.82491768035765,1.40166454546867,1.72410915251615,0.186412635215177,1.96038939779877,1.95190370571358,1.95900938303821,1.50517745839051,1.89221391393555,2.02459187862766,1.16889306294294,0.877633344351249,1.71811880578152,0.740935705657359,2.0849815783022,0.930679075892499,1.5388223511754,3.00183578373319,0.309339539816355,2.3375453985714,2.37330042195794,1.60196883360558,1.98063860873494,0.967996624299046,1.86630561684288,2.8643784633773,0.762951299806228,1.20418553119783,1.34707206149713,1.66131196711391,1.5358701520857,2.04713801041283,2.00548396729196,0.980597997286632,2.13710025106963,0.13717341890347,1.87396422583525,1.47121630013085,2.10160632545919,1.52220768197268,2.3454174997785,2.17818053732889,2.16366848244655,2.28367770364468,1.25762059007011,1.57994773862177,2.23801816347216,1.01815442643119,0.258531481007681,2.41495928533901,1.49359952978335,0.561859879857352,1.8500534254434,2.25391575267756,2.7440999631043,1.98321354189182,1.79747839734073,2.10667498495272,2.40462078682877,1.92404133174709,0.804298450968272,1.95357758720661,1.95671851523629,0.841856353544114,0.829932777757658,0.977873789298674,0.676343924350877,2.70722009581767,2.31173493524118,1.41326484593718,1.86303940956834,2.45182128327934,2.12181581376177,0.233045287772614,0.890353327497624,1.552498909832,1.80361302177968,1.58959206051756,0.947160901829839,2.37524339294644,1.35933530806334,2.99240609980647
27,2.20324536714433,0.425864370199139,2.87901083365141,2.92678547045962,0.367647409119956,2.57453080549949,1.47203464595391,1.13063524624791,1.32454697011231,1.26499073427976,0.699882306304593,2.51920591152093,2.40568118498882,2.37128221593125,2.06153723643067,1.76653475446558,2.31984961910782,2.15947068198299,0.401564597189526,2.53519247074397,1.98701401761206,0.432511171083367,1.67958242926247,1.54806326600346,0.0780950935575332,0.646754009393094,1.25885004118468,1.54791070243532,1.15709830515778,1.75662001135244,1.26354270533237,0.781657576275911,2.07739277796756,2.60032610213005,1.93085554817241,1.2106061288532,2.57809992818489,1.5702516765124,1.92824642944955,0.229371263238452,1.40240046386041,0.540821768983357,0.749728620789956,0.097241427963572,1.81358994138563,0.946053432726218,1.62792417425657,1.00042471345501,1.35168464864753,1.60977324287724,0.210447417985601,1.90795129126494,1.98739680318323,1.99094163046646,1.47313232822553,1.96699088128413,2.24131977517533,1.15820130318839,1.21546686557913,2.03021370741645,0.736988466293172,2.14244180572618,0.933001958693761,1.46955702536793,3.11752847040291,0.451983987786347,2.57911525599578,2.6375009487784,1.99557800973836,2.4107933309461,1.09764621344484,2.11821962885329,2.94450571168275,0.683631606277549,1.53619370475303,1.70461190529511,2.01617784999045,1.76660332913059,2.49458375270084,2.48245248511456,1.10446952531142,2.66297362972273,0.180528003955109,2.37279794726344,1.71884135140955,2.19554841699485,1.6904500376369,2.75559779636315,2.67727793120672,2.65822193330377,2.57200021024453,1.34876425931942,1.91050072384906,2.59716769541012,1.25846204007857,0.40029796734997,2.53266144441443,1.73266237500283,0.903627104826086,1.68433133777501,2.35306938565366,3.04670070541925,2.33284618714025,1.81996785674207,2.34389013496656,2.75013602650088,2.14118461663762,0.778190400564979,2.18219919486317,2.07051661517965,0.835316682168547,0.981748391961882,1.15038814792065,0.805456925846395,3.18964549208562,2.68332421774082,1.73331350720411,2.27887370459213,2.89523288417056,2.57134764004861,0.222522920513237,1.1271025320223,1.98343335866664,2.4802574149714,1.98728735096179,1.15173504259827,2.99881306090504,1.68289242693999,3.42737080421385
27.5,1.99624913362409,0.685759520083169,2.85355468710583,2.68400530542755,0.477648312654721,2.43343968899128,1.26300256430219,1.26157649634985,1.19489576952595,1.14471371740634,0.64785491094962,2.32145456688931,2.34177324479641,2.23137823684675,1.97549433378273,1.46750208719352,1.99416871354527,1.93768816131077,0.567931118256111,2.43590155917966,1.71463966020956,0.65643290488169,1.9524259608019,1.59155780577132,0.264913343410459,0.846712830554477,1.40318651785684,1.41560700348381,1.08552999895849,1.58517771372719,1.17097883191904,0.800043689168983,2.19562810995546,2.66605728290656,1.8513841371742,1.22222690519772,2.60919460434238,1.54279894531301,2.08072943684167,0.260059792071378,1.45752766959179,0.49503677646872,0.792961376317481,0.24676593286464,1.80856638606189,0.950852780216598,1.62009526047451,0.938006524195299,1.1860853646804,1.26598399726431,0.23456295719855,1.59653886332929,1.81431561996013,1.91579502971088,1.34171568992553,1.87274543971519,2.22252581917896,1.03281481399646,1.27230863314332,2.09832184071848,0.638130134566765,1.96950183951993,0.756559818320595,1.25132803170796,2.90736640537152,0.334550380173631,2.25360938436791,2.57647264499958,2.25297033074505,2.62758697595553,1.11289814875197,2.20079476877687,2.82932446097134,0.865838971622918,1.82698129988574,1.80426142592889,2.08209367089363,1.93965896274658,2.71153926576331,2.60491376633493,1.22982895724965,2.78364954225279,0.17662042214076,2.58890273809126,1.67708608943356,2.02937644786626,1.68560243727266,2.7551807361692,2.6650497181374,2.62099480263021,2.5405304876891,1.31342328533141,1.88172525058811,2.48250707400768,1.35180318244416,0.507800706784786,2.33692487767813,1.67700705483635,1.02951292963831,1.36577592672743,2.41153375678592,3.2884320031228,2.58402653592068,1.68180689632987,2.27415661867617,2.78226972299132,2.03728422553204,0.744919885617572,2.13206848068945,1.76436830320252,0.759648159320268,0.888009832840283,1.0951459735619,0.746903282694476,3.3981530076733,2.87798946733045,1.82379600125005,2.35017917180068,3.063092817543,2.86565103512617,0.171012453674769,1.26491335443001,2.33518055891811,2.8581357282546,1.99435811543359,1.27235477447573,3.26747029393462,1.76043604870209,3.19993616681689
28,1.7276477933741,0.84891282853858,2.63015239713364,2.37252356095746,0.472716968874469,2.15030684624594,1.08969434212481,1.15336615005625,0.962328746255905,1.03913242238268,0.724356172147277,1.97616058720759,2.06659634802803,1.96424890858878,1.8349183094098,1.14784961462024,1.59943054683052,1.59451572328118,0.884429771663847,2.31040410750264,1.30238601946299,0.744839506848706,1.84472647403174,1.43286184191572,0.326459014590365,0.766609224150787,1.23608174014154,1.19558683308811,0.995405699133752,1.42531130001795,0.956066666995238,0.688498217253848,1.91911584083306,2.50898242344822,1.6803755217836,1.05047091013196,2.32096319330289,1.38741590579251,1.97759008200905,0.298517210643557,1.39194296269283,0.551403203198384,0.837657271885067,0.296464793194421,1.78797556026641,0.995288046481671,1.42642892429184,0.83588191065623,1.03146641094559,0.903780930740327,0.222391792240381,1.22799299093165,1.50280750080289,1.61730140907723,1.07342843731148,1.59464111360683,2.04413725344491,0.882781113655629,1.38119364245501,1.97371625710212,0.554139123022778,1.65750195969772,0.571412586733813,0.938377494781459,2.45878341326666,0.225521075643412,1.91166711040682,2.42037336975514,2.16083709413821,2.43777548747321,1.02194492310785,2.0228805916235,2.37985829740179,0.922853881689968,1.8178140983362,1.83327274832098,2.00300527383267,1.85931218405234,2.64032368442298,2.4756527077519,1.10077096821979,2.67397970019719,0.256507468648566,2.4800208336487,1.57874832924501,1.76652030608826,1.40680456878351,2.45294218139694,2.484694873242,2.51012831060569,2.30275674610647,1.17186714615214,1.71727829278543,2.23505659070029,1.39691968546572,0.557151695114511,2.01788080517449,1.54326865185202,1.08051792254061,1.00072843265492,2.06759036095051,2.87060530813686,2.32080637622625,1.37127223928072,2.04166476090531,2.55099402354273,1.81514102328751,0.560515382696635,1.9302418218474,1.48105837193236,0.687133395782083,0.825791990165151,1.04311395432,0.654724279356869,3.06801258877845,2.5204227573218,1.69348737827197,2.12256699818474,2.70349732745996,2.63494398897983,0.191392444709176,1.27760684640299,2.20430508289347,2.89514767751547,1.96259278791846,1.24989342090984,3.17666043256546,1.72763088196355,2.79771522809123
28.5,1.28566267537986,0.794563741214084,2.08964163220815,1.83137429178969,0.492169489366216,1.67048002160539,0.758249024217857,1.08134736455464,0.860357257396948,0.836858209171554,0.628393998951326,1.52078544025761,1.66162062473191,1.47300927228605,1.36629710619927,0.6677415582365,1.04217831502278,1.1384814098064,0.881845977379424,1.75769670360957,0.765126762270291,0.929234190801122,1.70777668620895,1.17235718827088,0.334890738151081,0.825687823199963,1.13582389902367,0.851843466545936,0.835929543153869,1.07387028433934,0.749499961344299,0.624576767535474,1.63393334933222,2.07025471704382,1.33188955123471,0.789108241879113,1.91800178571421,1.13636652997182,1.73753752548973,0.260896504580119,1.23269491188425,0.493495415329292,0.762006553176952,0.379299209726245,1.57263317180675,0.86076619116543,1.14543906852914,0.647568469207325,0.861913698363365,0.443954186552167,0.154441126286733,0.727054373283529,1.12184225399467,1.24992291159536,0.736389094846752,1.16506061077031,1.60545099826877,0.715926951090002,1.15424025695944,1.6213084876212,0.392373968607317,1.17021140898404,0.287440773535651,0.567241664989555,1.85346597441965,0.201679832217494,1.27971599314062,1.90803834970895,1.88041252232989,2.14857244871635,0.876631615719862,1.74146707084109,1.80466681963852,1.07800537675003,1.71597189797498,1.50505914893163,1.69357650599943,1.5990401449219,2.23140487415613,2.08126296295106,0.912793997225121,2.28851683187744,0.279367367850244,2.21397539577091,1.24842524977994,1.30636384536019,1.04130552728669,1.97220939666219,2.00234881021209,1.99500486576862,1.82432663449669,0.932330761371296,1.4132806252515,1.70383307107571,1.14317428128531,0.513453144785182,1.53480839170769,1.22626426640773,1.0516647878483,0.512329963409821,1.68739006134675,2.49903710681722,2.03405729750478,1.05279911990579,1.58728487105394,2.0750662288168,1.37623909799832,0.400121126828128,1.49180197576742,1.14062451777349,0.492125798827831,0.64458026985266,0.825438894569565,0.601275998251698,2.55510550416058,2.12808277082313,1.48031707875524,1.70611117110389,2.22176743124774,2.25461281416062,0.179359337781816,1.18088468597653,2.00879729218318,2.58305261135089,1.57316318577612,1.07724101734607,2.70066564466973,1.39128901543386,2.06431492771685
29,0.879579392420241,0.756629777351955,1.48504351481184,1.22021985385137,0.430610734790001,1.10347232057981,0.449115036385359,0.858533404914756,0.674936210470265,0.582343100152262,0.648309459554145,0.991842662048521,1.11078982873725,0.862767137132102,0.882110377519101,0.18587633474341,0.587110216196336,0.651314875579656,0.917249633430736,1.18499172136768,0.240256615118947,0.957419610094559,1.33732150792403,0.840533717932268,0.353806769809433,0.67728393148026,0.903526021831134,0.441762529430482,0.635441493170744,0.770969509277718,0.538502554633378,0.450154033032589,1.15437907741249,1.5328234571498,0.859452286609706,0.490931071010649,1.41020357647331,0.874145299397609,1.31511732654153,0.205851826319966,0.966309247612169,0.519332427927175,0.679627479280825,0.38312593170183,1.35514866514879,0.723283787784725,0.769761000460603,0.466737499106873,0.696097441506992,0.02956603756405,0.156062290019678,0.273139408475929,0.662211307311489,0.769606338424109,0.371815508961557,0.669895843461947,1.12909942152688,0.550975124196095,0.9717351181699,1.25419471117121,0.237941015419067,0.674491702870928,0.0185410306577328,0.161384702758375,1.11909055569284,0.138776729609912,0.744244775201973,1.35665549085914,1.50574465189875,1.66783340378436,0.694642523911413,1.28628460042591,1.12086277046151,1.1282611521421,1.43122875121433,1.21401817570954,1.25832176701648,1.25930061520973,1.80171839404516,1.45235469917171,0.711209338091662,1.71379240171645,0.233887151592261,1.65250825490823,0.906736376693415,0.821770116287323,0.606590358295927,1.3549157933685,1.4196450376141,1.41336179785247,1.27220747972968,0.7850298327231,1.09028968365175,1.15763886479601,0.971742369998151,0.450042518399534,0.947557835642521,0.827140512268069,0.989545744034364,0.0707615896618606,1.04727404374413,1.75455513906271,1.53275678980663,0.619731503563873,1.11816268175758,1.49041967786253,0.942384433535724,0.25633248357083,1.13017939998552,0.807397382518342,0.329275038139713,0.540879291228816,0.612134155465228,0.435611053723676,1.91740353166224,1.51930828496006,1.0790866490324,1.21854231517612,1.55743297617085,1.63843587679865,0.205278894120229,0.965712788024849,1.51822326192498,2.01507922335894,1.19192484161102,0.770586570789454,1.98799603253637,1.07331348081541,1.30796066124992
29.5,0.61394492753207,0.687558613828315,0.863388987579414,0.562241419808575,0.375361506408373,0.489096899856894,0.161063524874472,0.634396927964933,0.600008676934844,0.27007449692618,0.545000562330447,0.396148318147836,0.563036630719409,0.225572446027522,0.367135594415776,0.321903702915901,0.495199667791724,0.195805748663708,0.830097006129028,0.479742723826008,0.410134928830795,1.03516604223559,0.975618967816582,0.486041615986056,0.334959043396505,0.562506022528462,0.686389392132034,0.0999971771146814,0.400662676446217,0.553914323967145,0.456381620565694,0.348275050750387,0.708261641694634,0.952458421339343,0.476398118523712,0.355433826246294,0.842955031093606,0.562587084551208,0.927583016378162,0.18570629824515,0.698556332565059,0.544290087337341,0.616821139973271,0.418652184768145,1.01642000090432,0.524939555187973,0.393823096703316,0.274065751481103,0.591811207396317,0.350447848184378,0.10720473236248,0.167403648183489,0.375419485063696,0.292641059083713,0.0983465204711627,0.166079812820975,0.56878658519112,0.385117855293432,0.760935868690874,0.740037593278274,0.100668456700378,0.21934739855411,0.188114765979586,0.207085311048322,0.32996637963074,0.0965953615843822,0.452534721682347,0.741828985559355,0.970845650227777,1.14204130423594,0.448681791767978,0.738627730789047,0.464269130428811,1.21800978444064,1.00645310949714,0.822010601008064,0.741282691980314,0.792811926758705,1.16218620163596,0.907977707274986,0.388435802731743,1.08343479103028,0.205317111211724,1.08029611415851,0.453278067271921,0.220109323269369,0.21302821412676,0.72891842927118,0.731249257227279,0.639837335307902,0.547362761438018,0.508091725208421,0.650929326562473,0.421114867065831,0.637113643169702,0.382138164066664,0.350149024107685,0.609367935477328,0.855002671512275,0.56665268457199,0.483319166929193,1.01300046285886,1.01786659654732,0.185485189809937,0.675457005042701,0.787225788045985,0.448312944841942,0.0677985054441341,0.582673129810459,0.387094909134048,0.163507101870563,0.287733791962737,0.396382829560811,0.40670499152364,1.26563850075111,0.971730821416024,0.776796850408659,0.634538731801548,0.876563227598339,0.997230021027956,0.21789212897929,0.717546871857129,1.02805066467943,1.29702765406807,0.672386280688933,0.447399713036995,1.22036769732131,0.645080303703286,0.55149943828584
30,0.556493890170039,0.609335734918695,0.276905311265763,0.372304775829004,0.324115446921228,0.230360778821813,0.320478337186013,0.365972834635761,0.558561410020456,0.243774161879047,0.475005183317547,0.224891191177365,0.304007337594318,0.365835760036368,0.218097719166879,0.761329185302924,0.744021694769453,0.566264529020314,0.757761512312263,0.243505815380573,0.97802948497988,0.960610434269309,0.474955181502747,0.171999392331158,0.325269205621425,0.452632101188886,0.425390864337382,0.466865845835379,0.126565538763956,0.590997054318288,0.508777453582026,0.197826993442704,0.235063201802697,0.392939554916937,0.345615499783385,0.423212314001019,0.258541651297972,0.307340386082082,0.433312068874503,0.0845235084540215,0.406596960917829,0.569055538197589,0.553635263992994,0.405567813708688,0.701635412995543,0.476546133383692,0.261613559556718,0.0825729702168239,0.74707044856911,0.669607158202796,0.104960981955368,0.515185587633922,0.432695957908229,0.256436004923952,0.408889428539885,0.448988809716297,0.187101540946566,0.368210158815883,0.615654322658833,0.321664010385269,0.201463889230162,0.413782027488118,0.3832332130286,0.505728069777579,0.396081573997163,0.106336756896238,0.535482181296386,0.358357392133043,0.555494587792561,0.550727773346941,0.177279517791372,0.227967656638372,0.41043253540972,1.05836594818496,0.626542227466946,0.458258981971444,0.395460732988584,0.493556609175397,0.587478696880847,0.31595591676378,0.233555810995493,0.367826005943031,0.161306850693295,0.340754006611168,0.339660524235598,0.430628404796356,0.315225387011437,0.192201305825335,0.066573101405567,0.181730956279785,0.244981236589041,0.437991596245861,0.305678126967503,0.29552184282968,0.478481148307846,0.276336657770661,0.500753720164009,0.616278901524534,0.751569088534925,1.08686421804854,0.43587994482983,0.098936952420257,0.361203719452811,0.44275873594779,0.715102532907763,0.140642929392,0.298441285005291,0.123132421975494,0.0563302449891538,0.337592152141607,0.256434739378068,0.0912822061508779,0.20103835200341,0.236612981173083,0.485398430954045,0.342259889199307,0.327231779956603,0.102906835188409,0.175928910989909,0.297461307230761,0.120312867928625,0.390951002084976,0.473675655118928,0.580988706220768,0.192452325211454,0.159112765224632,0.461510149603823,0.44187152908225,0.371167223135702
30.5,0.635533910188881,0.514631603255394,0.377432173749263,0.824284416448534,0.311965971269837,0.712075670986879,0.649465216843594,0.356033783896448,0.580471315483332,0.453031169901692,0.6216542876662,0.865671567964057,0.64918832044938,0.93752580429314,0.69217720287576,1.06875041097312,0.995678868372511,1.09528038756773,0.687966116362459,0.865175483733268,1.42228405684413,0.860787781784296,0.0767369837926757,0.30713918253819,0.291654177454507,0.468397486295972,0.141681205153396,0.830659447030847,0.201297430129254,0.911314922478599,0.627446715931826,0.181870602873968,0.244260240184589,0.198221557930052,0.518664146274629,0.457986717868063,0.416777011675255,0.334241854200367,0.140832799663657,0.0357677588983456,0.22646810542627,0.485917612010127,0.446140687944869,0.322340837637602,0.554450244735862,0.489044261155558,0.473913135769881,0.154015675432807,0.873688056516686,0.781244013150627,0.0940078990443933,0.71696273887102,0.696958590514195,0.653149398971594,0.687640354858753,0.842943787197992,0.562902358623414,0.558361634474224,0.50501874048241,0.392481580690556,0.33730419080603,0.808844345773502,0.539602041556893,0.746061232473389,1.03620426085341,0.202995815402666,0.755833400176936,0.769060923886593,0.0416195660191718,0.0991565122021378,0.117629542753861,0.311140032084544,0.876649003617488,0.870572928454765,0.234079871865798,0.291916839584051,0.595418724813447,0.467848122523812,0.275684671390344,0.426395215920879,0.263940346377871,0.417201225989875,0.163647849350112,0.388036792749366,0.646656877941728,1.0916759909063,0.700169444113598,0.75182192009716,0.794961205839921,0.925883891707429,1.01832737441012,0.679069163568346,0.513289465888373,1.00056087659268,0.5052455596803,0.130707984334965,1.0698199863251,0.719158250170678,0.710151165525433,1.46780632352889,0.968019436429463,0.827799582577857,0.323776639513573,0.954475499611124,1.0359216190657,0.899384290814654,0.877609299102558,0.314586217125201,0.517878536909871,0.835032675756862,0.395368536071673,0.245424687877124,0.383503671000093,0.105235835274513,0.449599540397663,0.349237960055388,0.167471924228956,0.516871298443182,0.575172381481651,0.368706081573644,0.0667747010377357,0.0989310221689154,0.0905531566405388,0.247719666760645,0.324443760242828,0.186579919440922,0.37915123283942,0.469581229101726,0.995095351194664
31,0.689846140801679,0.478716712060611,0.939191100449244,1.44595498165456,0.452773819999171,1.18934454588042,0.99547586762318,0.647802594209149,0.834891541477634,0.594266938702964,0.901250342659214,1.41359059826645,1.00274188204251,1.34000682457033,1.16377752572013,1.38241089925035,1.25057111617045,1.58650820566404,0.693099862456729,1.47851340249999,1.74779296818391,0.62362374666868,0.477902645384743,0.585446178051619,0.326325425924234,0.597857689413847,0.180583068009841,1.13659068820578,0.447116066927546,1.31082327782128,0.647407868341852,0.255640414645498,0.661184652658357,0.797360696535835,0.580978775449981,0.450512129637338,0.924898013149723,0.663914785770362,0.391935244306854,0.0524193741388973,0.428976603498749,0.411443382519034,0.356370469687208,0.289717216701511,0.80476318796447,0.48780926008329,0.703506299972597,0.353590189920126,1.13126402953439,0.918505284031832,0.125538467453142,0.874276372756023,0.963249291054961,0.961579904325384,0.892658296868905,1.17938068387117,1.04233334298151,0.896175515953213,0.411667946749049,0.874265811745385,0.476180128817755,1.20421844509362,0.692852001123998,1.01120446080634,1.62442286984049,0.208299814992126,0.967382368913225,1.39572572825774,0.444416829180874,0.555792862740556,0.367433324388119,0.776224650051833,1.29613267417918,0.691634189967295,0.327991314971363,0.546476636972934,0.886267193840036,0.696721801790585,0.926562300898342,0.961864786367624,0.555593409499876,1.17625554864151,0.12981243249224,1.0663464913002,0.994029136223945,1.68580019634692,0.985304600324105,1.39571634824881,1.51731024848289,1.65471552874856,1.71787296329419,1.05499701924055,1.090581612775,1.67774779969816,0.744621401346805,0.140174348813071,1.60531569745444,0.788106774149424,1.03462257946016,1.90285418306289,1.53618252958917,1.77396133045122,1.08643612596332,1.51943465257005,1.46356998789713,1.72136154664879,1.47781830671656,0.548343732071087,1.17835372515085,1.45001235192029,0.529112288748648,0.552117867412186,0.752991762399562,0.0807963890696448,1.30389977392054,1.00594540554817,0.601950128243859,1.07731269859488,1.25671604856428,1.01912127219648,0.0586153298096977,0.272308819076116,0.672979331835787,0.899481197301225,0.801664005443457,0.48886644453183,1.14282186303547,0.686433660742207,1.65754927369873
31.5,0.678057637964619,0.324234121080188,1.38489150141899,1.71251076385946,0.472779772320526,1.46033589950914,1.17046961972634,1.00522814761722,1.12341090588719,0.714027395473642,1.02481000731518,1.85048957001281,1.37454219180902,1.71382123879829,1.47876496308243,1.42914274412865,1.39887838922402,1.87924118810054,0.679340165296677,1.89836765088539,1.89104386485913,0.469953238377542,0.926548958175307,0.855970643701919,0.331671308577805,0.847512989247615,0.552863855088953,1.22451998088809,0.698321344198649,1.61095795124552,0.760139637576517,0.44154163209763,1.05967283096602,1.22925518575835,0.801648104476649,0.398457369462307,1.36067015549754,0.835183489265236,0.709338019569692,0.123946297454045,0.590915758455132,0.28678850994781,0.298504315563875,0.353714708158544,0.998856083852387,0.404198513245045,0.795062138636154,0.385717996614744,1.1190708193069,0.838178150319482,0.121921358493292,1.00742737445227,1.24116876838477,1.2612797762884,0.989306786329715,1.42212777619305,1.49476633999823,1.07844569352623,0.253916933066036,1.32156715198188,0.638897355158634,1.51130145688669,0.812313573665963,1.15090405545092,2.07543254425082,0.307204678726625,1.16737593907207,1.75932568460968,0.772700943780315,0.978089572621766,0.553782041336537,1.21201194192595,1.67234537942702,0.618231130976875,0.587489109331454,0.820178562108892,1.22054188291387,0.86404731660001,1.55025096929544,1.55881164280908,0.614001681116226,1.89419419453955,0.163194566138739,1.81139409832767,1.31708533095127,2.17989012973563,1.21983612259647,1.89527144688507,2.0690888823297,2.16632969420836,2.28500744467528,1.43820274987513,1.53459331952585,2.08987599473964,0.791881251524785,0.360996150947074,2.00342132275848,1.0206606638972,1.10974663611706,1.95649920252383,1.95874547948698,2.69251845455032,1.81255509507519,1.81597307010069,1.68060497783678,2.58729379166126,2.06677764542343,0.805164652400581,1.62491666178767,1.8616594114702,0.599615007344699,0.728688324302941,0.961027050368507,0.478237729546933,2.10663881795315,1.66640060800452,1.12968555389384,1.50819059348673,1.91144130576146,1.62474523022069,0.0834743362536972,0.575645774435907,1.23391182230516,1.47281653661969,1.20769701181598,0.687045297113175,1.83831136575638,0.821408216481604,2.30822639371936
32,0.773986921163081,0.455753117362998,1.79573940328801,2.01145287330257,0.492878370870863,1.73492343775665,1.29359177117061,1.0965480017059,1.28006902321462,0.77449335153394,1.03495798008183,1.94017012505425,1.58916257862129,1.83721716465617,1.77305882589367,1.47603502721737,1.57028294638679,1.96576553346827,0.894641830781639,2.28108636664776,1.72609941394526,0.237127169579962,1.2558101398247,1.04427528321749,0.407207437982114,0.848379429756804,0.757081101655681,1.25473063359069,0.887917731545473,1.66705797784358,0.612039061883955,0.483889751450937,1.24592212034143,1.69115295100915,0.91478368460194,0.370250745543028,1.6768989128907,1.05280581422324,0.849345168205794,0.167293505583202,0.741882040948444,0.323251135383747,0.334367673228298,0.371191604199639,1.26159699889137,0.191234214141613,0.806907133096614,0.511174012909997,1.19671226952961,0.84087378278295,0.196506430040424,1.03653991471222,1.3464120040864,1.30811080566651,0.92157429468755,1.45892966380224,1.72928992506713,1.2835680937003,0.224881156613494,1.82466463912669,0.582767371408982,1.61141823920123,0.909959100799178,1.22497722717043,2.27873521384771,0.471845824385266,1.38742089010392,2.11520070923856,1.21523931750865,1.39632382075777,0.761021670888382,1.52247471094015,1.7317400603976,0.442358790334553,0.943469654986799,1.1074596298771,1.4312663718786,1.01910379075452,2.11549585834072,1.84429853766774,0.950511643882822,2.4648370580761,0.114429575778485,2.22744326282274,1.52766792903073,2.34391076104021,1.41760444509577,2.31790606316397,2.56780809293782,2.68849960850612,2.61609175807124,1.68175731848897,2.05488371910958,2.56909909729969,0.926595112379649,0.541144083308707,2.12278653502818,1.12799875186787,1.39356204685363,1.95796464840946,2.16960246361193,3.2051103699081,2.30285431789537,2.03272175432018,1.94179618486774,3.09971015836008,2.41562555246873,0.935601121040291,2.02547416432264,2.29253953307838,0.739676504369055,1.01012109351217,1.19838199252099,0.715612306399177,2.71236200592217,2.21541523610844,1.49206882982217,2.01873557774088,2.3866671077225,2.03968870656458,0.0852798798203755,0.831526427864504,1.66219790583985,2.02216696913582,1.58859874252792,0.956673858926959,2.43203667565792,1.0040481667927,2.88499682330717
32.5,0.840298495273411,0.710500255640405,1.71015318951657,1.6066052317105,0.481523721829479,1.55782818889957,0.992800319068104,1.1425798934049,1.25903376630808,0.63441168369152,0.980186315453392,1.77512690959929,1.51472563627555,1.60603688279656,1.63443508540046,1.09002704193999,1.37797795927377,1.73905991689452,0.911535152789204,2.02034920975601,1.27828925135844,0.554293482756076,1.52520008585351,1.10480065348141,0.426704130807256,0.928271729518054,1.08447977361221,0.979125155840753,0.839143181918187,1.47930332705788,0.476909771144646,0.550084292420479,1.40310313881788,1.7530694001349,0.869121238936462,0.460095547494145,1.8011647754673,1.00771393022287,0.936414696755597,0.202120271543046,0.816471976103341,0.363865409798603,0.463955677437483,0.39378053072888,1.11178200907519,0.119534747009765,0.711788331198811,0.497018116393007,0.868701417277135,0.509972607148005,0.216857185201905,0.841594808690687,1.24308164288893,1.34965451266441,0.78783382609588,1.33283286266788,1.75706949791461,1.1090544411974,0.501117280300943,1.88731660988578,0.594688613995753,1.48080450192371,0.664419358550569,0.941160555392979,2.13505888913533,0.278678932041937,1.18107965197925,1.9184085987105,1.37926498001552,1.62610950430564,0.826473855992269,1.64045792241814,1.75347929327988,0.571392425272275,1.07448534998848,1.29520908852512,1.29801997088673,1.05204079105986,2.370394885607,2.07718448811656,1.03614783140703,2.64625685396874,0.209845934286502,2.58375500592396,1.52433192022485,2.03644652746067,1.33943018611632,2.36080870967111,2.51289104334766,2.54418400758211,2.6230947222587,1.72309765993433,2.0929767546621,2.45495275767984,1.08186380418526,0.726080582872995,2.07317461409786,1.12960047262515,1.27595552251725,1.49765280923166,2.3173618204015,3.70184585779112,2.73876670450536,1.82015035626052,2.08651651286588,3.29092762407719,2.39217186357076,1.00746822126542,2.1788701099863,2.05446897015112,0.580826943206616,0.92331181286254,1.11336384345214,0.843314876827148,3.16795682890621,2.67051364858678,1.79214950891532,2.14844936055612,2.67882328430963,2.47427250897626,0.213017584875769,1.12583876180592,2.03877163111151,2.24938802280319,1.66921140368249,0.953694022750034,2.71862424046724,1.16841940697969,2.76572669588843
33,0.916620587587625,0.931957165862781,1.4758465688665,1.12994553723997,0.526203410026589,1.25008255054865,0.706958684263303,0.855691464758579,1.02292210929626,0.411180354125273,0.78944629355489,1.27409233833242,1.32378270325661,1.22887202463614,1.42215426629892,0.687604878904028,1.093231577663,1.22222440962195,1.09789201630764,1.67231976096846,0.49898527984911,0.80777781333979,1.41843581112738,0.986729905432545,0.529803162456456,0.859696673212799,1.00155477345672,0.609362617742129,0.742487840864621,1.08157090771005,0.597179837760697,0.510431847108768,1.17341370000643,1.68791358735882,0.834956280436206,0.456883748361848,1.57921611653282,0.94266917924848,0.86399707884539,0.244177639196609,0.90163888350157,0.574503028987118,0.598400139554439,0.37226436827897,1.0597223071016,0.0914546317811615,0.510837895508173,0.573796720217558,0.689804826318876,0.200575323066238,0.308780092990349,0.527105057094641,0.92293195460142,1.02955339530132,0.513290410354161,0.982297291331638,1.53714662733074,1.02101061796063,0.788101639682188,1.80792160747901,0.434362886955298,1.08857439175894,0.395556977728892,0.486482662267592,1.60811118475535,0.316895762408051,0.969607534929714,1.7196695929682,1.41023805240527,1.54313334982778,0.823733870417669,1.44563918598486,1.37530833536149,0.770180619837392,1.16471839727928,1.29532513870109,1.13657840468989,0.874230850617812,2.23897912895438,1.91011153490584,0.877046296203777,2.55117861446209,0.247267280611828,2.41138604199462,1.39779217785344,1.53493177471547,1.15098204918427,2.1008469361415,2.31389925905715,2.3523026018788,2.22690600106537,1.51884906546439,2.07865297211415,2.21806830705127,1.07211320560936,0.780398819271024,1.69375425311723,1.1785050099364,1.35134254718555,0.848388700031314,1.69047671599188,2.98131022748445,2.43987498840713,1.40032893350064,1.89861523092464,2.96480762510698,2.15200171559948,0.742416682317852,1.95837467924854,1.89096775718687,0.444214820978224,0.888336420218831,1.07741240725423,0.939505973614377,2.91096751906278,2.45807463849658,1.75244771314268,1.99386527295665,2.44312838754972,2.34662806008486,0.205541528093428,1.15764864972393,1.89943973609765,2.35249330694208,1.69523543697347,0.913236767280312,2.63944581715928,1.10428354420725,2.43567341317311
33.5,0.966033466763754,0.918679785165767,0.804577478037827,0.399671210743484,0.519202601106831,0.554241803555718,0.169080826937875,0.714432980396356,0.788160431608686,0.241697961460335,0.674884883146441,0.557287497943038,0.781534709700714,0.459220900043082,0.741108026053269,0.275822368161721,0.847136793072686,0.557285203841703,0.903854892455782,0.896719013282801,0.228412862635785,1.10772446181258,1.25733067132372,0.679749912909582,0.504798594863568,0.780873504042467,0.961073306562448,0.120600239574046,0.450677293063219,0.63692046888343,0.676874872884793,0.317433862750532,0.915169020960233,1.26001979699941,0.538922854884716,0.474493699902187,1.12767361967381,0.625395836106175,0.592170755077159,0.127332269826008,0.618217216413017,0.610633863030779,0.690254893174239,0.411487769850281,0.613325453134959,0.180361976193355,0.185629116410169,0.489421786515919,0.421115153176267,0.250931994107624,0.222500148565122,0.0766920756304708,0.517929736543757,0.730610267038079,0.243339209161926,0.468680283133567,1.01989964458592,0.661282917989304,0.701204323965895,1.20061579911032,0.402507447592849,0.544308988191485,0.127497164091628,0.140928957996975,0.828371092212441,0.204615066347969,0.729198492501343,0.970335049069525,1.10557218950911,1.36453812592025,0.716988612475352,1.02598059522143,0.844641539778609,1.08699053120067,0.965589423958935,1.025962474298,0.719777538873546,0.623186060082471,1.62171901406745,1.48007291909768,0.776953589901089,1.91751477824613,0.176824839936946,1.86492552408545,0.903382944676376,0.741375377978655,0.725682690137734,1.56054849108456,1.68532119165271,1.62260357756832,1.44544122421724,1.18825893728674,1.54458790801548,1.40257272076793,0.846673730785408,0.601018865880745,1.08234611795317,0.946748663970398,1.00587501155075,0.38862593669916,1.22837255641131,2.27734222638257,2.10072343605749,0.99819275047654,1.71490154774158,2.10159534521898,1.45019222244424,0.464464423060873,1.40778333005788,1.15215557992065,0.401222990466132,0.507619396719737,0.800961364377733,0.69182709083968,2.37925577075016,2.09335450562278,1.43011888863701,1.50529126532372,1.94235677339974,2.07974406884934,0.226644997369709,0.978094171780252,1.71749556929638,2.06229912572655,1.11968807663604,0.78907593122298,2.03449717214666,0.910057559964807,1.55975839616611
34,0.900337261058626,0.913376963916613,0.263807015677703,0.678387286462676,0.567526781082923,0.285493909045914,0.6662960890968,0.628996616671224,0.671290436978784,0.33962750880267,0.542931237684264,0.117306046177282,0.303524445183308,0.180362109339662,0.259740371226322,0.745109645294689,0.695276705501617,0.282260171572638,0.761886459698401,0.265411056234157,0.917953701089765,0.96129668228076,0.730661734832271,0.327077939529665,0.589249397564932,0.63575585718626,0.611127205197061,0.3893026665689,0.197634511050766,0.586373100077987,0.716209506574537,0.237415747241184,0.422040970599411,0.641914495822233,0.476712118716701,0.546283190194549,0.56520353085845,0.344190086806761,0.357418368840247,0.117792713240516,0.485830787937651,0.692530888956595,0.704570739880106,0.408572213939912,0.473792735326017,0.410405153938133,0.0666749683709821,0.320492876303797,0.705563997643973,0.697395712805959,0.243036332541107,0.407831501379583,0.363480096388255,0.156073281519029,0.25925637352895,0.167971009259982,0.434927755574388,0.473584309091741,0.694396612943659,0.603637153355153,0.197687950175074,0.0752362356245605,0.189207100017111,0.372034550134617,0.094676527216503,0.239064881499878,0.478557376645272,0.515510982925314,0.689426023698282,0.88247921360502,0.478135502234388,0.628977223244085,0.380412875103248,1.09146708549865,0.664613290305691,0.638819924563332,0.439060682082016,0.431624929541832,0.953124862980193,0.951799722321401,0.339869307986719,1.1539555556061,0.201924107488385,1.13495002830122,0.534811873684601,0.06439056926746,0.360588123089655,0.759246949042844,0.906690445220554,0.805704019949599,0.594345812347383,0.704483439419786,0.878745721283061,0.485351720741453,0.597733638312824,0.398112869044454,0.585376329743045,0.8220404590056,0.894823340605294,0.724547297584111,0.745947738958107,1.24171253904208,1.34007876780169,0.518522366658999,1.44999936658861,1.20493267119662,0.797366791248696,0.179213263466315,0.704625886744487,0.417843061101154,0.317852664538025,0.148966072722394,0.513046069349169,0.532293232677356,1.49351591299034,1.26367745100407,0.937581093564033,0.705099528137193,1.08912650200089,1.26397128178682,0.123870229425805,0.750018069014591,1.04562758126475,1.36614989635998,0.553085049478147,0.499033909520658,1.17750466212688,0.67169443286841,0.629659197796687
34.5,0.716195512297273,0.735390207865483,0.746203850970683,1.20230462405438,0.469997485412663,0.901301197323891,1.09767645253277,0.900170024043745,0.878685222105203,0.477788062578053,0.619590034739086,0.794204383728315,0.519471286878326,0.894341169900646,0.785419483228196,1.15848068488345,0.79591023873569,0.845486710693484,0.552831343876218,0.779641812543002,1.34956260157483,0.932331876647064,0.229077688993098,0.188951918539711,0.410454825702697,0.522695528430623,0.257694720204959,0.724150827489267,0.176627227370262,0.968699921187204,0.811286396392106,0.217075613833939,0.169239611033307,0.16319079346628,0.541249685782769,0.49682449656758,0.498478701522467,0.342075684460546,0.343314388669383,0.0958848237980412,0.359894407817125,0.609688472472315,0.569372286876348,0.419970180013341,0.518898806350527,0.41937232663603,0.275675554611557,0.228838509430297,0.908149237186884,0.838120055555941,0.233477618759123,0.819198168999231,0.862000297005763,0.604619592083688,0.597019333884984,0.610377356611528,0.350860367749419,0.486576707205307,0.529430834230273,0.253114838433328,0.246841812322412,0.585094293867796,0.425754233554654,0.651615693594691,0.747478731601037,0.109583514907076,0.499045499944176,0.488091129621285,0.373497099359694,0.42848346824533,0.2032205543444,0.243141429198212,0.45919931302108,1.19681938861832,0.5022182193777,0.238180313168226,0.335468650222126,0.437940310547808,0.390887592572197,0.231189088045092,0.231171132545917,0.203397750815227,0.0945181530795152,0.267185927285894,0.516066979469094,0.710129652205775,0.386730740196278,0.201665108463066,0.100878757239322,0.252804987682695,0.335079424625223,0.252338597411514,0.17711432597502,0.384272784282506,0.557300780433045,0.146184504474111,0.702472486136667,0.725009848066909,0.649372797078595,1.17271792086668,0.529413876242221,0.254813831798859,0.584041634386547,0.723924273356253,1.26480445940239,0.272224856624473,0.156421065500902,0.143789182274088,0.293251249283911,0.384162828105696,0.421594422419431,0.119282920384057,0.0890065024933788,0.0400130904526243,0.643141628553332,0.396954231706921,0.195095475323841,0.343419747231008,0.506104824866047,0.435040482353517,0.0237642238447515,0.447780314653349,0.401739252230023,0.837097110353055,0.389083154436488,0.336584293324645,0.39482739344467,0.541377423457087,0.670867463114677
35,0.530174744967551,0.998365036879719,1.49507231091556,1.89571232967966,0.57306805759663,1.5728425317691,1.50311166578073,1.05261148800617,1.13194278145636,0.524415799260541,1.07387709938763,1.27371455217151,0.81646734311267,1.21899514324321,1.31333121786077,1.60112360255786,1.00596578952514,1.429141045129,0.866826179308267,1.35727075186384,1.7417087700781,0.690031760342447,0.352029545318339,0.459443096958166,0.476392782543543,0.672451517864708,0.299188091302543,1.08745037118996,0.376681198831021,1.41747259613507,0.64082111668075,0.236911475634613,0.534307184837481,0.845397814165578,0.503765077166263,0.516106984100778,1.02772371239651,0.788447259545268,0.706516510932082,0.0793324736536608,0.662077658824012,0.602436564492238,0.47994777140523,0.426344708149531,1.06111049724175,0.415451898116099,0.48056578576968,0.484339971330534,1.45481334856637,1.18519432605796,0.366845882973062,1.13378639318786,1.29817324493422,1.00778752857728,0.802300758808575,0.929980554608044,0.785628805484331,0.868772013810314,0.450484974441,0.849332392905306,0.419003501309237,1.06436306112023,0.639228245543451,0.980698069377339,1.3877533266244,0.131082921350093,0.654843397406164,1.09059041605878,0.281853599880156,0.311092768347791,0.310367611465106,0.481217397962902,0.862107819458231,1.03670374210591,0.0586164484125096,0.188353888482738,0.45510184130366,0.512326496277662,0.311324775752901,0.339428664484041,0.323787818508233,0.676562520444246,0.161674318819393,0.460376123690316,0.659039498232617,1.26214707246607,0.570819542556685,0.768577910703512,0.775620713855385,0.983750331040103,1.07605480379177,0.488745827633771,0.60393508155805,1.09338795352734,0.574594868880678,0.149442927987927,1.15700394895989,0.586921049660686,0.998090622014398,1.69655304517873,0.946810757474369,0.804090506756849,0.365358880115034,1.22114451703358,1.28531331934668,0.805356817458413,0.716649560975505,0.364219032229977,0.730791053253661,1.14264809589943,0.545773661978833,0.442896693594912,0.364680690652525,0.173366012584193,0.785732991029652,0.61408657552869,0.32885725712886,0.922806035784777,1.03003715218546,0.71283410090678,0.0767038402668239,0.378561320290321,0.497747373756809,0.853815267737498,0.813678306017484,0.389877006202923,0.812343522934008,0.664143166782328,1.40862679629193
35.5,0.513500097639578,1.08991343113142,1.81181725195545,2.05046517382291,0.749197232147542,1.76583834941595,1.46385918016364,1.4194157513208,1.57907334071468,0.59243076840267,1.34223276866365,1.74728999141998,1.04534304368357,1.48895803135565,1.57550020401026,1.73903841160967,1.10412245412809,1.80768233892637,1.08271623044796,1.64159168310541,2.01928486766308,0.919819088127069,0.844745333531211,0.678730972533414,0.527254689377238,1.1056722754095,0.747570460452121,1.30794417574031,0.579571112129391,1.68421569440236,0.680921774786716,0.40838910187421,0.986358731562873,1.25693879924222,0.757704219799894,0.479051334444052,1.47551575626734,0.95371845322615,1.15483638259598,0.130473855183499,0.925580752495339,0.64775786435977,0.543265374645416,0.584050024904523,1.35840566506022,0.358712650150341,0.605663147815271,0.542312175056286,1.59708184214287,1.30787624676474,0.323518694511726,1.37275118966057,1.683538462619,1.43354094320959,1.00901469543696,1.2317007656195,1.21383107445098,1.10130702000782,0.310680888477965,1.18282435109428,0.672157061417128,1.37857623888111,0.821238431358207,1.19962325160507,1.87832808606886,0.218901585263299,1.04119769573346,1.618635480183,0.572103465061077,0.778054967546726,0.601657373389672,0.914428347834779,1.32693856596791,1.13017145512969,0.339309823243903,0.492305476713246,0.721564935703768,0.531560463576556,0.831512080422011,1.08770426646964,0.295014655380768,1.40128015524479,0.116342788904799,1.28065673538971,0.834266036468439,1.65105694538531,0.850161745164923,1.24526044715881,1.2948634503563,1.51355861187498,1.64103134831299,0.92693226170622,1.2303645254222,1.56757426733757,0.473737794072312,0.287431650755672,1.58385010435424,0.679227085673136,1.07404778674954,1.83803483407212,1.22923515639373,1.71226396914112,1.04345718486497,1.48723673154298,1.19664913136309,1.71949080956719,1.42794132985265,0.53343618544506,1.15442714781474,1.64742354775907,0.46510423986257,0.452898180549046,0.721268511627151,0.534890039545269,1.40862576373003,1.39139402103267,1.07913917208093,1.37169963387754,1.69756519469131,1.39490864115201,0.167958644356678,0.563104187996554,1.04343469405217,1.25540359389189,1.26456593482344,0.474452454864493,1.48638352351436,0.644274725785062,1.84168611547214
36,0.646594064430703,1.12946233636228,2.11963992108257,2.44749988358798,0.852843070044801,2.12792827835458,1.65057320441537,1.41415238247983,1.77747478800754,0.679207565772732,1.36322171238473,1.97895780864543,1.28502329727765,1.74865725598223,1.92210760463085,1.98676635291496,1.35032357725238,2.05060948171616,1.34462913010181,1.96516078846885,2.14856847452967,0.79516038910356,1.04609290531925,0.805823618960049,0.629927690341735,1.04295961237344,0.550902341484684,1.65244588935967,0.751923795346888,1.87672772657277,0.608145062430768,0.283858292908609,1.17753345923683,1.79408731925384,0.805555313866401,0.578777519158006,1.83595644319421,1.28865650916288,1.31222178941859,0.0127014351999747,1.15973362341984,0.744916859680544,0.604307343888199,0.626421997827782,1.88993744837068,0.316843894045521,0.99219486889298,0.598481131026772,1.86302566805636,1.55341076473038,0.412679329861387,1.55131997471372,1.94607778882772,1.66566736782048,1.18546430408303,1.51547613267198,1.61760733354553,1.51729816892568,0.344908415398013,1.69390372828706,0.712611273746253,1.76927204546828,1.19868294772365,1.61166107182643,2.32952245384195,0.423412313901833,1.53091778002017,2.24544739960316,1.0618764141152,1.20560283750286,0.9438297720644,1.35594775667498,1.688153178879,0.89305431625803,0.829594264619443,0.817718857695116,0.99660567636634,0.858730804094385,1.41375972292844,1.35891666316943,0.724389128622255,1.93116032554545,0.101520131501097,1.63574461229822,1.0351092343581,2.02957464174063,1.273602988674,1.77512012962054,1.84274188869825,2.12097050875491,2.19177935026817,1.51666116339789,2.01326291163853,2.22060446996647,0.596835137707883,0.418797548712205,1.87106510453676,0.641570770125112,1.36772262405752,2.04814212152792,1.71263527382212,2.32722029792378,1.55201045892586,1.82233579806952,1.41570323789961,2.34634087673206,1.99591782181349,0.761067700231606,1.74827015496639,2.26447850642065,0.564102166544382,0.67953718457596,1.10374796124417,0.569932122926085,1.97151054318181,1.85450138848468,1.30258523829349,1.97452068496044,2.20857630678918,1.81809763750595,0.11774080767166,0.616525988901003,1.4825627271935,1.83138501575264,1.71616196423496,0.750720050828586,2.01009260080839,0.718424984631843,2.3193373173364
36.5,0.877988013143058,0.846524223385935,2.31773595929099,2.54100283764242,0.737974102494035,2.24783755729137,1.59968265920359,1.54907364328902,1.83586615720257,0.762879089632008,1.37301010351782,2.12504862578317,1.51895886617442,1.95074639417733,2.00928395423396,1.84401902549636,1.45400179078642,2.16109279157226,1.12917669025418,2.16492464935305,2.15506515587685,0.769601263825642,1.30663196638732,0.921794757470326,0.438258903763887,1.0484335346646,0.582685450432106,1.78035486992399,0.82746485847435,1.95337984794082,0.667322750865334,0.330754227174596,1.55983340101723,2.09927442624349,1.07421142694386,0.746331825540616,2.22453481416975,1.33943594854642,1.55818291924838,0.116641524670542,1.26005401643866,0.475588606244238,0.310296172547061,0.486434669854185,1.89570556218119,0.366696901767727,1.35409320112338,0.464488004399882,1.71130650352376,1.46653275769378,0.372079012292206,1.54668322242435,2.12233825603169,1.99152201776515,1.35448780356715,1.76934543693623,1.9351511145435,1.45844927859628,0.261472687202193,1.80084068942544,0.871859426310779,2.07307636021494,1.2886581279694,1.72809203830958,2.69323795976535,0.154005673626289,1.57237051584408,2.32295712816031,1.2784624868585,1.57476200734414,1.12551374673667,1.81868401119491,2.2009607416331,0.768767943095968,0.941734177651376,1.24206954028236,1.37868305764336,1.2609576139932,1.92440920065439,1.96055435289047,0.876487872321968,2.37947658301033,0.138837507100265,2.25058048395354,1.45375314286844,2.31253705900446,1.44343594958748,2.15040093470246,2.21787328568794,2.44936080742515,2.69096414393293,1.84448654244259,2.18297575193134,2.50971541888432,0.875930043087322,0.55553410405685,2.21653249945338,0.902975345079298,1.31275733223145,2.01260449137326,2.1885018628989,3.1604108596007,2.14600065259221,1.89000825720913,1.78132423985738,2.86200704908908,2.29040457332559,0.961406809824583,2.08584258442248,2.17015164422629,0.51802619148827,0.659782298933457,1.13980331708919,0.674249709817461,2.63581157529795,2.35408236009513,1.55847578784668,2.20041785095716,2.65100498185521,2.37633132232823,0.317795622302922,0.797230612622235,1.9557446941133,2.11179813525455,1.90381275653044,0.782126028883773,2.38120088051458,1.00138172352386,2.50630490063769
37,1.17666170487937,0.766178531226517,2.58911396852638,2.63034454350489,0.637969049862196,2.35466546703649,1.71302726239956,1.52124173001997,1.64307770910362,0.774544514063941,1.27774846495723,2.21065320887539,1.81345775687389,2.03126011036554,2.07332205501574,1.77748259506254,1.59662494314849,2.12455486463016,1.11867409816676,2.45500784255022,1.94516741206984,0.496683370057602,1.42434694825235,1.07851798796306,0.465644494762047,1.05700575909526,0.502562551291454,1.76930680658213,0.895243438202685,1.93029954270476,0.850224599815469,0.461546828301458,1.70670393641655,2.46816128715209,1.36460773531394,0.734919006442055,2.42211887147549,1.43330377698777,1.83214167824424,0.141352204851041,1.53122808565133,0.225352478725743,0.0458656696262001,0.360448245937488,2.08026807695306,0.287756287226154,1.47786994059063,0.466410105876987,1.69735151282468,1.3758585983854,0.374477140345587,1.52973399777205,2.11933884492697,1.95804656461712,1.36403700292285,1.79535876088086,2.02821372254669,1.34488996007314,0.595119037176497,2.03591503871922,0.698937890705642,2.00012404224677,1.35277017666037,1.65234946752797,2.65523052444714,0.193105251514332,1.58228576034678,2.51311562620918,1.68514068754049,1.88631310675682,1.18482479924965,2.0522467199377,2.29078740413838,0.419528891856383,1.31942744002219,1.56718545292913,1.75806346080503,1.39478524797819,2.31526896186749,2.31710522708302,1.02607602022448,2.84479383945123,0.150763211101537,2.64341905657254,1.70682484835765,2.33197527348251,1.48716211382324,2.36766743505982,2.59715606732541,2.86715933610015,2.78089231257684,1.79896418283963,2.37306375295939,2.80231180372228,1.07515825732523,0.727007893689611,2.25334672303696,1.25093328222193,1.47963070996866,1.86040240326956,2.0760840730638,3.2255637019239,2.39313748020996,1.89750439053927,1.95210767040841,3.05702060721241,2.39747659890012,0.830627500965244,2.07883574517002,2.17114878438694,0.503098218532079,0.758027156028828,1.25086966191026,0.943109714132372,2.85778260229476,2.41054229502852,1.7080515847439,2.25137995482989,2.64668330104839,2.4379152501589,0.229425661851225,0.969244041738913,2.08695978998004,2.52692696542827,2.12793123093529,0.933111515590694,2.70594655707491,1.0844698255999,2.62755393149436
37.5,1.32014243374969,0.533460111576029,2.27058039791183,2.4599750093154,0.576674868159104,2.25541015764011,1.69259945291669,1.57479149403402,1.54708050676708,0.72558055007122,1.19733364052787,2.07960534630839,1.72940850186303,1.71130678327102,1.71485383388051,1.71866083657426,1.66395686914424,1.99331850908754,0.97709311167292,2.18225288452597,1.83457118655339,0.39601494476248,1.59507928348234,1.08717085610498,0.390778895378773,0.970744448496567,0.637072272636597,1.60780453532769,0.837766819410266,1.72232654660674,0.933249221768217,0.510497744770947,1.84418501573823,2.41704303050103,1.16646302092775,0.710997578810445,2.35747077672387,1.36758177613542,1.84665327067197,0.133326734847683,1.4335977518906,0.231034832616073,0.0712857869305819,0.323142384129988,1.957782785857,0.376959486536695,1.42333427688539,0.579631807187174,1.57799831585765,1.35025517041693,0.242849274695317,1.47825824940917,2.03782656340376,1.94236422308419,1.28797213888761,1.59794375699379,1.85968345938802,1.26519335742053,0.480196649451834,1.96485436527259,0.503498504475559,1.62708503638503,1.15999794696431,1.48283406885563,2.41689857441453,0.254959676583021,1.32551344114093,2.47365455055827,1.82834543770406,2.07141586118975,1.17865047322708,2.00770494316911,2.16976593400283,0.392886716244073,1.5058028825121,1.59253487384056,1.5741653826596,1.30734173795959,2.28234983535028,2.23010635234068,1.0967678174011,2.70560293235605,0.2732637700761,2.66000380246055,1.44323486672078,1.90430998618123,1.31811512006944,2.27248173759711,2.33989401244209,2.51919318567076,2.41036316935853,1.5706309989174,2.18817448198218,2.39862394997442,1.02352507590063,0.837607374467767,2.06044874086861,1.0710857519811,1.310182514862,1.89786393213412,2.06787100769854,3.28072221363004,2.59908506830472,2.04883682693738,2.07525693991215,2.83435602025299,2.08350153133046,0.56692764316979,1.81734185174419,1.93151463208345,0.474753318974834,0.676125311000602,1.10221894220212,0.814406977206071,2.86591489459785,2.36196904044066,1.58967146468459,2.13240487560145,2.48440294556,2.43916690774133,0.144034931765606,1.02046755157951,2.25809656199951,2.62729662263109,1.85012257153598,0.903372532832611,2.63747195286429,1.04117964372594,2.24776436526625
38,1.37845798200513,0.368417851359194,1.96294436884447,2.24672637917164,0.504372912047037,2.13566121737889,1.65928870344875,1.4138603017991,1.39276211833039,0.708992429888151,1.01439821731467,1.92956194047816,1.62017409007482,1.59071405950898,1.47895750324665,1.65344841211076,1.663507250952,1.805349109829,0.743122020083372,1.97819238624982,1.86289571736572,0.231397005716315,1.37174623407744,1.01749868677759,0.356796121876455,0.86397038525008,0.624113552358946,1.44958210901235,0.847453457652,1.49723665628865,1.01312358372187,0.52747344299987,1.75368654734088,2.14580304199183,1.03650904478995,0.674544755348694,2.14913443483966,1.21371412292806,1.76994725184036,0.150529854349547,1.33253245629509,0.26748791079886,0.217197750320383,0.274540793977441,1.96338641260812,0.515186190932129,1.19179128554135,0.686088758676969,1.43681868184166,1.28840736921646,0.202625502806263,1.50427849918639,1.88234390198734,1.82490896661021,1.2377385574935,1.50747027819933,1.73243921993724,1.20595063544545,0.370207638619013,1.7958399963183,0.502146078282058,1.49930945413909,1.00330409699935,1.34799213776491,2.28390059143689,0.251424487380251,1.16741767617069,2.44894397740735,1.69056884872003,1.88266280123062,1.09160746153044,1.78073731697323,2.10540427086358,0.323287709290579,1.39743063130751,1.50048252581791,1.24288892597191,1.10963398849525,2.10923084614794,1.98299222709159,0.88586323671567,2.4002114486068,0.269768117193852,2.29412666189447,1.19829864120665,1.63946467455156,1.07106692239873,1.90197084015134,1.85178886874183,2.01712016102852,2.00783035526834,1.40099160352869,1.91403376761147,1.91612462889583,0.916407011035184,0.827942502122594,1.99020711639045,0.869772313611837,1.07224258646612,1.92841760568738,1.80472176339315,2.68066393829414,2.2588452723569,1.98278713194043,1.98842917139238,2.55794662535035,1.94650014654526,0.346859396504857,1.54574676921958,1.71281835150382,0.451171722677206,0.605345200576705,0.942037598595112,0.701990828927595,2.43543080828797,1.92433658024109,1.3223567325395,1.83600918266099,2.15193246070197,2.12526951317406,0.120428255471067,0.91916651440078,1.99537559521718,2.31298051940941,1.62413923026563,0.700086290010621,2.30445950075993,0.908350356782144,1.8335919445644
38.5,1.28647755188642,0.474774396533272,2.0824876673988,2.33131836236931,0.408470929394732,2.16335611757436,1.61430376169389,1.21810570805763,1.23107709040877,0.801111083296867,0.964105213570653,1.89750711238283,1.6048858666605,1.73870504282781,1.69362882985765,1.64979733606409,1.64577824425987,1.72406140572495,0.551403221001902,2.00337310135883,1.96691728464982,0.251667808496632,1.22339387913462,0.947331199909671,0.267118824785711,0.679785293008354,0.584948770517604,1.38405257279193,0.863215587412662,1.47163938565132,1.07387151883971,0.509463542370073,1.6926229205651,2.08294374071577,1.14158122559062,0.699701615911073,2.0348727083575,1.15714736788053,1.54044379294437,0.154310623518348,1.11431753101953,0.245403594956147,0.258082670374268,0.243165430029713,1.91484913958668,0.535101857781634,1.01721093095887,0.74793939123555,1.33295234237415,1.16942245937698,0.367196746743278,1.59837775748333,1.73032872973372,1.72561163368887,1.14331340278649,1.42624938648013,1.66470660913309,1.26392274050278,0.320040470067793,1.65099144152771,0.587849618160068,1.70342989102588,1.08935145050928,1.30292243538282,2.22728383222498,0.232063563884488,1.387356208456,2.35497195275884,1.45225427319393,1.81070681855569,1.08173359881084,1.54001684556511,2.0078792850532,0.287636287317159,1.27267981151413,1.29947992103813,1.12925610560989,0.923108498910529,1.85363602709601,1.72924813690534,0.695859512159127,2.1732744666882,0.266061621622446,1.90555127457482,1.01148804354569,1.60394475767411,0.939875679576974,1.77057644394143,1.73552772214931,1.88856399295804,1.79235319390615,1.22511065442158,1.7613684834354,1.79275639579449,0.635357916685085,0.554241010567714,1.89510665338386,0.887984852676209,0.839883604319294,1.78498044300881,1.60367570253968,2.18085416699436,1.96009664978396,1.87442587505602,1.73976383657287,2.25524507541131,1.92193808298104,0.322434257218996,1.43547094912459,1.69563724822469,0.514496745878035,0.622261330820148,0.827186033067255,0.570641231684546,1.97644735867605,1.54037907379343,1.0598430083881,1.68603001955,1.89470112636832,1.83891694007266,0.0792920775788169,0.6951784746353,1.75767864442309,2.10332856327044,1.56436061714304,0.581866610349337,1.94998178137823,0.714916192783851,1.73541847204291
39,1.16946088549099,0.704102922059916,2.34499557595465,2.52938453774754,0.380429719661526,2.29747515035794,1.55049710740131,1.18147927305059,1.20288497311703,0.94420665236175,1.04303623389364,1.86407374968694,1.56413969969896,1.83765492111252,1.93023461407149,1.65653181947756,1.60580879527364,1.70222900788502,0.451949228448617,2.10756399978702,1.94509329307236,0.152368711799921,1.23675491480724,0.916380159904277,0.204245295293111,0.674448566540388,0.719877254161097,1.32890130153687,0.892662752503993,1.5052113242582,0.868247850456548,0.528475305378865,1.62480128225375,2.04465170299605,1.34246799025049,0.729569765821615,2.01872189724496,1.10258655732132,1.44023784118148,0.201264802198727,0.957464870399803,0.222963285894739,0.205585317722649,0.288919051305813,1.84059517363848,0.622251572030696,0.937011382043217,0.693355948719577,1.24157746206094,1.0473566454743,0.418274114155637,1.50323835772256,1.59746365773589,1.62020066385034,1.03154755938928,1.38926172681121,1.6326969181495,1.34735530942615,0.470245212624265,1.58706236957291,0.708696706804648,1.92509546901765,1.13430567316715,1.2541403888195,2.36359333582248,0.226850419818331,1.60317405362748,2.32707189221534,1.30625018311243,1.84046416935192,1.0829647562417,1.58685098884772,1.99030084289529,0.359789117647348,1.19954066863899,1.23261579581972,1.23540136815192,0.968653433202004,1.7783903594424,1.7114167802234,0.58681933834228,2.10080618931738,0.116317597813731,1.7988812380843,1.0090627097822,1.70652574935084,0.938997029889095,1.82774277751227,1.80635103647163,1.90601205131076,1.92620782118748,1.21203845908491,1.69866651782976,1.83205997615314,0.567632696737565,0.360426222786064,1.82383448989261,0.976566223836813,0.639247317332642,1.64073141137375,1.73345725622331,2.36338013559919,1.99302042515163,1.80344195679581,1.68876036051035,2.24863737600201,1.97315033775928,0.419193005192777,1.49293765026872,1.69271719694493,0.526338547298531,0.595677999120022,0.722316770891915,0.497468237338357,1.94583422939561,1.56859583458295,1.05403052197633,1.64008116047993,1.91967113136659,1.77160221523578,0.180598213899633,0.632383238352183,1.65489439255646,1.96104297716943,1.54967397628737,0.554978117648442,1.77631870003201,0.7027925329715,1.77554739687332
39.5,0.825865383977148,1.15053750617259,2.51777266578596,2.37952214050993,0.568234809327336,2.17824217995636,1.38408922721132,1.22037563389835,1.22879729942894,0.80009638627235,1.09021074930114,1.81682282569708,1.49878050151989,1.84431784990875,1.94323980976613,1.42118316039965,1.22323269119223,1.58988500548912,0.760296786175064,2.1279815784682,1.67282937977539,0.346013862793398,1.28338749765154,0.94917623829222,0.362951925129765,0.915147658401308,0.873479040462497,1.20440418190422,0.858980231231907,1.5273216297634,0.627078631790964,0.534783685494506,1.56128865201838,2.03861540529573,1.29384288591556,0.597598783761072,1.95288422915497,1.0708198640451,1.41769324200285,0.21335242340059,0.94864643568694,0.208756940903184,0.242882502130851,0.388373478264763,1.70312809755172,0.544419885650439,0.804808677994791,0.637793955985277,1.16863383608521,0.796721645745303,0.492949995523184,1.15796059710648,1.48368749091699,1.48134912489505,0.882824514559196,1.33041918485583,1.68801147101852,1.22881128098506,0.403604595542208,1.69473677644429,0.78351329158215,1.89454504587644,0.899122758433077,1.05695287973998,2.52018853688699,0.263473644699143,1.39679129161027,2.27057727746428,1.43758692499082,1.83829792847849,1.0471876900863,1.8495921057801,2.06587414771314,0.536937688549104,1.26321473313686,1.42268966593628,1.53159316977654,1.14012300894517,1.95219946219898,1.82175624265252,0.632348531737797,2.27437214409751,0.0110186504782462,1.99375673488816,1.28310119194957,1.97710838073398,1.05539992722756,1.82519055772421,2.07003404090903,2.23165431634423,2.28095755035639,1.42909982415215,1.86306378689287,2.10094717715732,0.745475326068174,0.329626852945926,1.65780944237567,1.00630584206365,0.966108192356614,1.17004165524975,1.75571318631777,2.59648855812281,2.06245754794733,1.46401873821569,1.44724175930262,2.52938653060413,2.11022283228899,0.605981029430907,1.58788522291804,1.60469644780348,0.379661788114406,0.564971270771188,0.807260269021315,0.518970915810428,2.05290959411266,1.63319051575179,1.05967748790063,1.62265470964819,1.98350675501213,1.75577749499985,0.30725128391237,0.7185942622135,1.62105726962077,1.94083263994258,1.59224900609092,0.63945265791209,1.79448169745108,0.765947974016875,1.88859600587105
40,0.478415925720965,1.39590665767378,2.46595690698362,2.25578635974777,0.753494183149151,1.95379760847532,1.26468201343792,1.21736296950388,1.29095366582279,0.53682540209921,1.30415066876587,1.63184900957712,1.26058690986645,1.60902146948762,1.83398488672598,1.28921390201057,0.872911557302993,1.49704638868271,1.25985844914381,2.0974420125982,1.42065510828848,0.731422858741686,1.34447223527414,0.925738828205909,0.509340740976353,0.979266307709447,0.858895957806032,1.10204054013907,0.784912992028383,1.51496759053764,0.327101148861253,0.431481181514718,1.41786922678071,2.05284950346436,0.995802430723515,0.322004951878643,1.77457828634855,1.06036846834898,1.25093994944909,0.173439404817951,0.871969505001554,0.442136564345322,0.503503434687185,0.505325441620525,1.58875879356684,0.396390184696823,0.636340741726118,0.620234289291678,1.21956590852056,0.796776688509859,0.455986454887741,0.822804851675143,1.29044365819194,1.18681350912918,0.683388622282277,1.13335339169908,1.63895384052754,1.16564595370313,0.489043669108443,1.75313074202193,0.623290957030024,1.52852238082278,0.679829865745607,0.835756601921946,2.29373829458869,0.26205027018533,1.18340817930992,2.26783094064653,1.6046362957284,1.81993515567086,1.00858324451334,1.87543088676802,1.72243530363167,0.873905351737928,1.31915169581526,1.63462082924843,1.57177703465413,1.0925885053428,2.06034241921424,1.85364230789363,0.851080712952238,2.47843948603083,0.177306942573287,2.28772503601939,1.35620338027175,1.9179059344631,0.979236724882288,1.77481663902887,2.3839693023824,2.62277218613637,2.34977969886236,1.53628349578237,2.08065872523437,2.30420152645727,0.882899583912675,0.428292323321415,1.2607139429431,1.00879193763647,1.56650118605826,0.81306956470141,1.51320126315152,2.6308601860117,2.05948546473615,1.19312111100881,1.17276624289454,2.53925520653797,1.94582066799207,0.631389689064932,1.53343740314419,1.54624811652822,0.204148471899018,0.552481107561025,0.978758375021058,0.561509711557227,2.1169545058745,1.68414228463677,1.04378901217203,1.60358041027297,1.88952160375725,1.74309646490909,0.36624822617665,0.804696531606997,1.63068871452558,2.03519076854268,1.58847943478538,0.701509094484217,1.8182755494374,0.820938714263066,1.92722556021676
40.5,0.144087340690995,1.37590632875481,1.97774612829572,1.79490913784075,0.795179577465052,1.55440350278005,1.03293116882203,1.21697524970996,1.37258044375389,0.24716215596406,1.21321466531438,1.405551686451,0.919017682171,1.20447215699206,1.3388481483921,1.09743980928481,0.600470024990324,1.35679729984214,1.26199844156383,1.61584015342561,1.388583006147,1.09830656812119,1.35188168155195,0.8425727711167,0.657013814809907,1.14838063438209,0.916461822147964,0.947066010590735,0.628058896615039,1.53208196374732,0.0937656463138647,0.353194517378444,1.30094574101307,1.7132341912976,0.592196507687211,0.105598494552169,1.56013674596427,0.922792327410765,1.13075806721014,0.192087996200983,0.843781160577041,0.600314317088138,0.71370018207855,0.585359918290391,1.38383848667972,0.225208321232764,0.485915188972568,0.48882251420305,1.1994664384246,0.871587924444122,0.296373399398046,0.767635996164042,1.16027728948656,0.997108263967575,0.601631824911878,0.937672215872851,1.46362564780358,1.02805181508879,0.558605322207122,1.48817892814864,0.460377297642566,0.997817003862611,0.466305726712964,0.610774145373857,1.72610817459893,0.275429169321146,0.608867494364599,1.90323871332084,1.49047103439788,1.62360237553219,0.872207301812399,1.71834411060837,1.31760575827988,1.17416346261276,1.21863604660881,1.42166647842586,1.05926953536152,0.710459574554746,1.98856050244646,1.84182099695004,0.675887450357947,2.24261287620799,0.372302650366012,2.37809326331867,0.982367521353424,1.43760284120358,0.692129249680674,1.48505789698614,2.00109422908086,2.12468065812751,1.99106512594162,1.52444325005298,1.90610450438737,1.80377255367451,0.639095152877389,0.677732841811016,0.797011094288953,0.712078357956029,1.54722696136745,0.659472524588857,1.22240332807151,2.56163739553692,1.94419500098839,0.855451429641014,0.928472415255324,2.30251833622728,1.47749617230752,0.570783796302015,1.13953815295662,1.14726737070906,0.133908329732558,0.275125774766782,0.992435739626064,0.551268678666168,2.08206224163288,1.71004835304042,1.10336643763695,1.30180927087148,1.684034746809,1.68713696389042,0.387942623885879,0.846942198332203,1.59220883342797,1.75099068861503,1.1673670495152,0.51055262292386,1.60703410596387,0.613546844668552,1.45831064491985
41,0.385976203598321,1.31341591191563,1.76742660677067,1.88428426668364,0.793294458841205,1.56411708570228,1.14522939657019,1.11285703802375,1.36619666431431,0.362655538963428,1.14070443202984,1.30810056449471,0.748258984021014,1.11127246883529,1.16658676093027,1.32393820130577,0.859757470242795,1.40759111654082,1.36135622100103,1.38562897724291,1.57081134221514,1.12548099185068,1.1500766554689,0.693853184046626,0.742974241616911,1.10140512532222,0.67958380499463,1.04581695014418,0.489657297598953,1.60954248636803,0.242197321007128,0.202945352926625,1.0708704288897,1.50569064360341,0.231723066402912,0.244294503688279,1.43731747176435,0.956143075139899,0.983458845803402,0.138870910248505,0.886882980694238,0.739862609933904,0.740818559683781,0.559618511776413,1.35436052265154,0.225906889341023,0.589935116508802,0.438486762181127,1.46162643213484,1.2229332376574,0.244127010504808,1.06133527255987,1.23168191766283,0.949772800977753,0.729407253636466,0.830771810445559,1.25611547649995,1.18410365040045,0.627322684193326,1.3854651203877,0.386625194664045,0.838968283741958,0.570397171885395,0.832150013884617,1.44521017974528,0.309564264353233,0.234054764646479,1.86123069046034,1.34470851439561,1.2703263667828,0.775410165947325,1.44490282478877,0.940573784408234,1.24346552595951,1.08836819680374,1.08512805710489,0.551107688269847,0.299309029811629,1.8071838803666,1.42020579004058,0.575380928406048,1.84021675388245,0.192650647388483,1.79664766689738,0.551729777803659,1.06350840088224,0.516211218065296,1.1727766655552,1.58093948794925,1.59316449756936,1.39159788115785,1.51316372197579,1.77889892336622,1.39145242651059,0.391315702394548,0.745718185303841,0.539639083301607,0.543365754181356,1.48034265501319,1.04289243382772,0.418897881885339,1.44224154933743,1.23322285156354,0.819420361610642,0.370818211395921,1.71749842533342,1.07712652488188,0.457132298072049,0.724051029079662,1.12346278173885,0.317805038665592,0.35335768037908,1.0593476714607,0.411597110184898,1.52203725718875,1.3362498854026,0.913110499171482,1.04250218658079,1.23029593752986,1.18203397673384,0.213147013599288,0.592651490927959,1.07702179708616,1.20834187418955,0.876694777875214,0.342721717830215,1.19629366502114,0.248263609321283,1.21915460103326
41.5,0.771971878241919,0.969731313091725,1.74749670215797,2.12311812332695,0.707626286378021,1.76022622942337,1.19973405007267,1.12779574275268,1.46988009171258,0.638766205102363,1.14800464189005,1.61267026392129,0.89217536699669,1.39972723112094,1.24144632368205,1.43008530563866,1.18805347512765,1.66190457253682,1.12051359491476,1.41825273545715,1.88233358411513,1.17034522192958,1.07020638895022,0.57812245816085,0.647545813964312,1.1276287017459,0.611303517385567,1.24594675833737,0.517498776887147,1.71218757114437,0.494620411367472,0.248553587204078,1.15472554719534,1.44236161776412,0.52588374710821,0.445705952257649,1.52211973513104,0.933552198062726,1.08596521343854,0.177854143122305,0.972009943515945,0.624663164499936,0.520075845064976,0.543368983685302,1.34393179282096,0.26635166258373,0.808174679670937,0.387142010946292,1.56735965518368,1.3953898429871,0.0668792767507328,1.37708587678153,1.48500670360437,1.30072417259138,1.01539380457172,1.10283755019971,1.30782030343108,1.24831058940526,0.347776965793489,1.25257249577834,0.625574834855105,1.22506686140583,0.693640973004741,1.16443127645301,1.95300166157149,0.104769313307218,0.763946416910861,1.90875970564221,0.95215531154488,1.06748205594616,0.74824834452992,1.31548544704934,1.32078448218969,1.26217483135352,0.757452368646452,0.744661623791447,0.45603173208587,0.159963512500747,1.49241971127196,1.19906956412606,0.424119401153329,1.512061585058,0.194583620651625,1.35155887371412,0.333431552541748,1.2281242768795,0.535088635886797,0.967205228016565,1.21869417577222,1.05241743084243,1.15271564733596,1.35108503428762,1.31840422251869,1.10763043449625,0.159419779936159,0.570860264897044,1.0200842615943,0.456211473832068,1.00707347205534,1.33409898627958,0.840604145723001,1.25372124584821,0.925982848486195,1.0658796745693,0.340280641567068,1.37882688345427,1.05905975566393,0.529657367812544,0.772636408298263,1.26822118689943,0.530773826937919,0.424629671483401,0.829398151508461,0.358227963030871,1.15992985426941,1.18989988702398,0.854555842446085,0.905997314488771,1.15418120564936,0.983107599669025,0.115088442130654,0.159340333473112,0.756635615893547,0.601999426418781,0.727611443714109,0.231075633925947,0.969819442485387,0.24261923707908,1.3091144664334
42,1.18351025829289,0.756231712112169,2.22584999351211,2.63456129234035,0.644315355860949,2.15586975311195,1.40674732252554,1.06910449130337,1.55523477641326,0.916742249788122,1.10463284717994,2.05306509941477,1.35195377670103,1.84686309434571,1.6466880301682,1.6539072063865,1.60320328438744,1.94229148440258,0.933019328254602,1.96606883600752,2.01923868316993,0.741467696638555,0.992686637632018,0.751215546686851,0.610117496228002,1.0203545514267,0.578676738797293,1.5228549221181,0.794463838515646,1.81824145350581,0.596108766095264,0.357199973495508,1.35256356093642,1.87017766542608,0.989968737265773,0.560885879225779,1.84278746122595,1.13236307469203,1.35791017479655,0.175094104655458,1.19896805611221,0.488479715129988,0.282222295804477,0.447109031082985,1.68935150053338,0.310975302499445,1.08369640546896,0.588568444921243,1.78232234949722,1.56706170972583,0.0646583627590601,1.6066738085284,1.72633806238644,1.52604346319777,1.16971797279222,1.44698188919343,1.68115710522826,1.45268761589191,0.120957372870779,1.59988857554111,0.642052557165525,1.56667634350625,0.891987764905745,1.43828849248479,2.58739153995376,0.327962509804566,1.46016727911196,2.37114555830778,1.0512486751091,1.18759161077371,0.871907072050439,1.5715898096569,1.82910425363905,0.898011419093593,0.747898671612353,0.843855237770489,1.11790981795357,0.648591952793945,1.55223805026555,1.27155674075602,0.449709828219136,1.78720488852215,0.114084911455291,1.3768763985137,0.796831626310205,1.69865390527522,0.983047321204203,1.27166433791637,1.56215240085373,1.56504699852876,1.61713086496003,1.3408287797878,1.48756251773671,1.72601233582286,0.531644850467554,0.422289226713864,1.49394660045747,0.667735322498985,0.872351418345307,1.59988573076501,1.46318480488819,1.84689407420605,1.18604470489327,1.43716106401561,1.03375317393234,1.82164531736755,1.5074232624557,0.654382567550866,1.20195562488987,1.72246443740216,0.770600622182623,0.695177241114981,0.911460558439044,0.512675542522625,1.38969326680152,1.25684747192851,0.981898419834199,1.29013430161037,1.52715353702322,1.13114300508212,0.202493056355638,0.294005198502444,0.900757394338255,1.05228673272144,1.23969829376546,0.529101872808175,1.53182949398856,0.566482602469781,2.03017058551151
42.5,1.21843854021728,0.705878089354692,2.47644006271291,2.69385178240782,0.600071348775991,2.29992889400553,1.40750952007056,1.23295234372582,1.61490720469336,0.952532119407632,1.19692286777538,2.400670010626,1.68643487527765,2.02038351656375,1.77353248171116,1.64102022299527,1.73150308353829,2.12632099033853,0.896192798615316,2.18660534166472,2.05167732877177,0.407128863149491,1.36945649439509,1.02339662911907,0.43166429961571,1.01389238946354,0.950831440642125,1.59774833332504,0.923354972917153,1.92075692621806,0.705381020228348,0.538237837277859,1.77248864394633,2.22353990867342,1.23439369856489,0.695273958424418,2.24074190992781,1.30625676169764,1.68557233298079,0.269103296963722,1.28191343799109,0.287691390363244,0.0646745280922044,0.344842015942709,1.75209197769819,0.387349524328253,1.25952920066417,0.683744020908718,1.74848404567678,1.39947483855339,0.157822975980643,1.61701736277555,1.84808308359271,1.76778458778143,1.23744502169369,1.70770506613595,2.04987800319037,1.40147995863822,0.346975350659083,1.89921384638786,0.716725595484388,1.75157958835535,0.87962062567219,1.47232413702387,2.95178502064631,0.340851562507803,1.65711738306005,2.52533714223905,1.43388771306551,1.67288251104529,1.03792016033353,1.91676315717105,2.33069231153087,0.576663476314412,0.99472618894472,1.27900232227727,1.47117911786024,1.09294555837095,1.96307053861572,1.74049605614962,0.765435765448583,2.12944728932634,0.0541109939979109,1.88496891198718,1.11951514143495,1.91286502715206,1.27414785183925,1.71808469853002,1.92129280726848,1.96680331893279,2.08586443037859,1.45516196115328,1.68626041165163,2.08272627569718,0.770496538437862,0.377800182876987,1.83211347522529,0.928128897841438,0.96106744349609,1.58989541942842,2.04884841931156,2.81620642120548,1.85872386516772,1.61204270535635,1.48941756756751,2.36004024609851,1.79890653987922,0.813555276143531,1.61924675740675,1.80892177539136,0.780711911945657,0.789016168175295,0.965453701397577,0.556398456544917,2.14558088387553,1.77588834722949,1.2398697908015,1.70694443307051,2.13977436275428,1.77858253843462,0.371917479227643,0.696354198472729,1.51594216693418,1.64793734759732,1.48610482889905,0.74590807967082,2.12681543039571,0.915899376468791,2.47519332386001
43,1.16981803905827,0.865073013421052,2.64136402271933,2.69772802822443,0.659057012331733,2.36644046263791,1.44578855345219,1.32038098145668,1.63800789685599,0.903252277978001,1.20979931404931,2.490742571175,1.91015881706988,2.080278800932,1.87447719807779,1.63444358445364,1.7635772838009,2.12755424931479,0.997186097736905,2.42355567880328,1.9372276018548,0.478215376589548,1.62018327664617,1.24902265350249,0.393430977712316,1.03119348848269,1.05688276961133,1.59776493008921,1.00316864678579,1.98398816127814,0.626651884251865,0.579809782077719,1.89747962715854,2.49563421155098,1.3937657463241,0.684673307217757,2.46057093644128,1.4809359121085,1.90506155930168,0.325920746974383,1.41083142554084,0.115785352063801,0.173936514556604,0.381770280076216,1.92384735933356,0.434378390020852,1.28496648686799,0.83611404906859,1.80453671113749,1.23073881142058,0.192961865472663,1.51027181752783,1.84277527343644,1.75921192996609,1.15188644040703,1.7552471191814,2.2530660360093,1.37057031075316,0.706870540572734,2.15680501105543,0.733803938372329,1.70521872192481,0.879061811955516,1.37914238342397,2.95280709108319,0.435788907200593,1.80094927643624,2.75161251992267,1.80228447941058,2.01994911029474,1.1271456864569,2.10450375859257,2.39254762708753,0.417894562967674,1.26478881804005,1.60652493637745,1.69181230581053,1.27425860553516,2.39638158529674,2.18100981859405,0.852277831612272,2.53458598863732,0.12745982076078,2.1857233726413,1.34073384836762,1.94070161477848,1.34240261688663,2.01872684430314,2.26394824663536,2.35500126071539,2.30614593592521,1.46871558995885,1.92376694194576,2.36099273412249,0.965181687729229,0.504753553329075,1.91089157418891,1.12464312173321,1.22265225269007,1.49205300134732,2.03634962559552,2.9593374383131,2.14529296342021,1.72645822289555,1.67735336623308,2.66941150951318,1.99304829913609,0.810959992737624,1.84416209536024,1.92545376157611,0.766645877677577,0.921645515251934,1.10948523253027,0.704306277007097,2.55497982378352,2.08592428692034,1.50984127569755,1.94677263198084,2.33696125294623,2.0301858764547,0.371741633597052,0.878617721287272,1.72603955276792,2.08269714945308,1.74649155735022,0.884169721982329,2.52100236628223,1.09597072544012,2.83198153972297
43.5,0.810183447417911,1.13268993062656,2.46940232544217,2.44368384919979,0.796175112006743,2.18077477226415,1.30820532717417,1.47599270981216,1.71813023880182,0.748860563639339,1.20311916545146,2.39059991218032,1.87945928405039,1.92008861200416,1.67977925925328,1.48315891941738,1.49505921627591,2.03879792474628,1.13747120850804,2.25410560470239,1.78268922729143,0.762273925341791,1.86664551267331,1.36155515895766,0.542315028126865,1.2515648036669,1.18651205021835,1.48928304032431,0.872939395467879,1.907208993864,0.500258019158434,0.621420031481522,2.00786144669317,2.46215852906745,1.19801761075793,0.579759282043049,2.44729295649405,1.47215201647765,1.94749262505075,0.327202081907608,1.37922217881604,0.282906596693225,0.314015770629944,0.497435635892961,1.84573720261708,0.460240940866197,1.19636087129034,0.817486500555662,1.75275922713789,1.02897304433798,0.270718071056697,1.25927992378495,1.79022371220306,1.71248143932378,1.02215909290617,1.63032823027617,2.1941392206991,1.27214608754394,0.803277051124048,2.14462795938338,0.715340060706043,1.45285016254351,0.757363407078265,1.19340058104458,2.63558516449867,0.388090372273744,1.4142149890675,2.56210567590319,1.90119541859065,2.20545161193476,1.14111514644095,2.11808585468706,2.19652080096489,0.672643856075269,1.42361443809962,1.55121072697003,1.54957145006154,1.24514696533162,2.50756263031491,2.28649691173588,0.888056435341482,2.57752530243991,0.138765648169588,2.26523417942515,1.26411766995605,1.72434967109163,1.15828732187611,2.04726729491378,2.23190189477896,2.20329842028486,2.20897526120024,1.44996390149484,1.84800120751944,2.14386785630924,0.850447245759622,0.563703298513442,1.68348830637458,0.936123841819482,1.42064461822653,1.30247744592449,1.93940790776844,3.10083240565612,2.40426066308365,1.76539103812158,1.46432138942208,2.65271048002561,1.89232350361104,0.853724830867825,1.7964044523832,1.70818155596106,0.541573519833241,0.842080576162888,1.05156272864062,0.667658782327933,2.72674457880285,2.32669977278454,1.65926105473745,1.90755442969809,2.32935863251441,2.16983178715911,0.330204713343935,0.906169443212058,1.92734691415861,2.16712595307542,1.59227447464951,0.892449880479918,2.57509403623695,1.04151774570669,2.75129718075053
44,0.540879527199773,1.34740195048602,2.28329787351127,2.31230202461512,0.91436186116706,1.99624279947882,1.25442202139961,1.43210306054579,1.7284217542939,0.593072341575571,1.35445493042441,2.20865986699636,1.67136106878237,1.69261008957427,1.50976581399018,1.50770631360579,1.28733522965592,2.0036232663982,1.4725570830195,2.11552689929197,1.76317572510968,1.05641026137174,1.80959809163681,1.29856705242311,0.672651052157848,1.24902063575922,1.01903318373336,1.41563629775327,0.690795328731556,1.9536281018448,0.22994116764247,0.485442041543682,1.78000955175757,2.27526096307345,0.848886415928289,0.282628099609679,2.23617280657003,1.40668968597122,1.81342221615845,0.302023362177246,1.28852443648121,0.545831504260863,0.430636222367438,0.524156837320359,1.88649893656878,0.450506585545443,1.04119691877806,0.76947263727666,1.86931876764663,1.07578788886756,0.271440184222716,1.14595239308852,1.69009632331016,1.58864297398732,0.976784693291741,1.43269601664837,2.02203258253321,1.2434651134043,0.873579886110635,2.06244075454621,0.716427938365674,1.22721090028713,0.742547511535177,1.11996438653483,2.27152679032452,0.302459408426021,1.02703710470007,2.48799577231892,1.78775253098523,2.01950948892238,1.06176367373602,1.93629283786105,1.78648725210173,1.01454406014529,1.3570203643635,1.43978669457815,1.2608155901261,0.990304717642156,2.41930974103497,2.13661183067905,0.739696092409787,2.42664982627153,0.220207063722548,2.08548871720076,1.07558033271207,1.53509582468146,0.832740921728272,1.83566171134985,2.08917774115592,1.97352431251254,1.95005726249712,1.43937225664223,1.72733706172313,1.88204179938492,0.693928133702356,0.575892693119027,1.40894232915634,0.546508559752242,1.55760068365393,1.4000570606894,1.51920668738307,2.62899091880181,2.14919061569046,1.75452292465611,1.15462664410386,2.45717732102331,1.78289776774873,0.824286608613946,1.66439199619247,1.59494416035493,0.408801359732722,0.856360072193308,1.00630981789943,0.585270432175037,2.43529732134707,2.08316318547622,1.50413577591317,1.71530449605218,2.00903985969281,1.95464169278216,0.310073712722339,0.789337253613235,1.81501470626741,2.03435515151275,1.49509947059641,0.794072801657033,2.46672667371273,0.962507209977076,2.66029977258702
44.5,0.717354226845082,1.41373454165445,2.15573370482096,2.38829551716936,0.995516335627313,1.95494212290567,1.32776011304939,1.4821534070179,1.88093676871702,0.617497948898164,1.45211333321713,2.1909252158162,1.47249042312511,1.63858802184039,1.4184354787718,1.75858581415663,1.29333394156422,2.05184311874008,1.55021778475402,1.83120763230125,2.02056668857856,1.32997028457665,1.72516516091752,1.1168147339548,0.856018581055834,1.4123534957212,0.890164278429497,1.53226953683991,0.57033220727388,2.06734608845332,0.410955082533525,0.41544750189897,1.61720217502751,1.96235200370545,0.564482789938603,0.193904918050482,2.00203424379795,1.29661006972773,1.66912997756636,0.311636218240752,1.24792715013211,0.751918604464033,0.608263176397497,0.587134662024944,1.89563491209021,0.225179037413827,1.01803774506874,0.575016774742581,2.09800802156492,1.41992834675465,0.249882242273912,1.37501816199197,1.81092572712107,1.61315895716026,1.14233211159908,1.36947773957277,1.81464680100812,1.35765768240467,0.625250094530024,1.8609475990199,0.715399370949292,1.16269231899799,0.829527844424767,1.30628086438699,2.18868637978941,0.35277475122218,0.875673305964669,2.52224416965102,1.56619603296063,1.77414936290537,0.984478252033445,1.72066359373712,1.62445861403444,1.31438159820938,1.14867240009032,1.17422002461527,0.904892980023014,0.5843831452347,2.05022819472408,1.84925253367792,0.461457211919892,2.1566356854971,0.170581575849249,1.82700221619799,0.705673053166011,1.47004386335244,0.703263811695086,1.54006285826345,1.83666781665445,1.64312932523066,1.69543105118404,1.39192664297623,1.60144974195871,1.6579939109477,0.353876603365721,0.526070513677129,1.44028181411019,0.35629981655445,1.51749132949939,1.85752536720112,1.30748198530591,2.30407527435616,1.91896678330852,1.9701418875804,1.07449589489024,2.27202403700234,1.7234517776498,0.791935233340762,1.37078973195537,1.67503862133887,0.499220776340467,0.708868705216837,0.967885261851826,0.645388859785898,2.05000038653029,1.87903741158264,1.4530935949325,1.46260621466615,1.75849163296514,1.7698704290448,0.321572481015047,0.666454132928059,1.76279786394072,1.85706797635979,1.5083557254952,0.677125229574381,2.43002380975445,0.817013395521088,2.79815387942741
45,1.20649236178869,1.3827708126267,2.39678853376703,2.8954185537691,1.0148489527075,2.32985243021958,1.60962817072884,1.45816401253552,2.04447159411047,0.848740735088061,1.6269263534587,2.38838543283054,1.47268433981263,1.85840125961075,1.62664943186764,2.2062572644584,1.75384776707956,2.32473739679979,1.69984591720132,1.91469044367745,2.47525512082412,1.34361000803133,1.40197746747102,0.939928559120136,0.933699927757612,1.3738363561137,0.579722009444421,1.87474807030035,0.655537344799239,2.29222816969164,0.710322458914447,0.280376775065062,1.51150012253729,1.88550278012289,0.743438155668161,0.595860427153646,2.03118737432418,1.38613048171656,1.55086494577956,0.268332361038287,1.26174689024596,0.903590544678577,0.711750079753126,0.569486809687991,2.07588514370077,0.0834072506398528,1.19451575323995,0.537629366075546,2.46968859369514,1.99148780784878,0.27313054764143,1.83499361402673,2.13874745656521,1.87165941921362,1.45461579655815,1.61662228887238,1.91578306178612,1.60866744330871,0.353070105535028,1.95232965279755,0.838151005902518,1.5353352233764,1.03661204713047,1.7439912372804,2.68623110403031,0.356702310679806,1.34246795478471,2.84816708681505,1.41289502402865,1.57889837747067,1.04410060757056,1.72808748021192,2.04875110618232,1.39117323042673,0.990994130677411,1.02023910383723,0.925654694935496,0.522998136761295,1.86500658309319,1.57003529884319,0.429980290750346,2.02960156771034,0.137259493102727,1.62889703668595,0.736823982517112,1.83506251268299,0.997130579887264,1.53228436215318,1.80928104615329,1.69263532286203,1.92098540795519,1.63513541704111,1.7426982805623,1.97318585659945,0.422383744227295,0.49279707920892,1.9745478422283,0.859114333630785,1.45548653357602,2.5479346410258,1.80171707485164,2.45123218816137,1.86792377025043,2.41645268525306,1.66864402940659,2.51317142196341,2.00271424002733,0.95675289927014,1.50330269143074,2.08852755884081,0.802766062259833,0.759783873771253,1.0792870016142,0.567332585781677,1.97515409316884,1.82551553236436,1.39253613278114,1.64578035668084,1.99320641399926,1.83756799872556,0.2956179111343,0.699790862717661,1.90912606306895,2.02125208922461,1.79712856702794,0.846876482908639,2.74408049162804,1.05527625959266,3.41474936656409
45.5,1.63625927001254,0.992686061372962,2.96439308627872,3.40413521955117,0.948427582321835,2.88974410150896,1.92947183711603,1.56018722707647,2.22904057851547,1.12909699520629,1.77265439260134,2.92653929809899,1.92080326046912,2.41670369885252,2.0913566414894,2.47797949114494,2.14436589749143,2.7408067645127,1.58252830161187,2.35200657802515,2.91818003342182,1.2984987157592,1.34522828618216,1.08017315814233,0.807197113886833,1.36552726938899,0.592256061319833,2.19348486131432,0.961791203709307,2.69646778465381,1.08806126273862,0.451761808781018,1.82510598874077,2.18315087300109,1.31837684890075,0.876938438470487,2.45059321133417,1.6114080364899,1.8522336814238,0.375383983348921,1.48476840223761,0.709677066128525,0.537245639452668,0.530320240350181,2.29152678423264,0.406662889227294,1.51158750183183,0.696433495904577,2.59980743204897,2.24606830922943,0.212759488197734,2.32210704657775,2.58421039997896,2.39511194448222,1.84646360359957,2.09937935643887,2.41248460782311,1.81326790148064,0.110248242057293,2.28306495885832,1.06681304466497,2.21238626912897,1.2512952739639,2.1165422282992,3.51134035283235,0.377541997581332,1.9707174335641,3.27437032560711,1.42819763987615,1.78673467706181,1.26276686338479,2.15666799693118,2.87146027826657,1.34121796553453,1.02202136746586,1.19725999203991,1.50939259349891,1.00345567686506,2.05624419565536,1.92853732688514,0.606471757753899,2.40480379329274,0.0352154707558315,2.09390856056865,1.33741076225712,2.60064505968215,1.54867931459108,2.11360844368518,2.3433770408293,2.38723838586136,2.75863723502955,1.98202211119393,2.13048771663594,2.73256108891651,0.846206473576924,0.553090641443384,2.76725560511842,1.42436356561396,1.27390398900093,2.88996901222303,2.5425939771745,3.2218523648923,2.27272067001001,2.73253217797283,2.25447077607276,3.30451225103966,2.68571901219049,1.20911390059995,2.09205057074674,2.66563976827148,1.08391945843606,1.03912623375591,1.38412413028207,0.747380856929212,2.65972298743,2.31903305577384,1.74509034823921,2.26850421609204,2.81195376599894,2.45176334318699,0.357304018353858,1.08689287574208,2.3655198595204,2.60740353958316,2.37115961003551,1.13266205660551,3.51223546771172,1.52673958500222,4.45734579563008
46,2.11818566817979,0.790329929273116,3.69120338605606,4.06177177999404,0.948966256399839,3.59357339185402,2.25364268449752,1.7115821355506,2.48370098703767,1.35467202497264,1.82986689103975,3.37511469284124,2.4900250683163,2.87044578082817,2.62506871788825,2.80317200071839,2.58873819805992,3.10593044798395,1.50653129944839,3.02732241291129,3.04220422199635,0.836600585883829,1.67277420229582,1.42296976098245,0.740335024407672,1.42049247517014,0.895412474410581,2.50752408931661,1.29084490059358,2.90622624389174,1.16966976211438,0.643747602046068,2.36317210151316,2.92657675986074,1.74905532524386,0.983530132396499,3.13507400529248,2.06505805363175,2.35710608139963,0.426645368220785,1.85015296575902,0.466439300559884,0.385845935341469,0.452771502048836,2.67729120528713,0.708412265368593,1.89346792418796,1.0839737610073,2.84470501687002,2.47737130455636,0.262057028261114,2.59312119043771,2.94667234103674,2.79221584221552,2.05713204518225,2.47533940512149,2.94600240761368,2.11196941128803,0.516616603004623,2.93070852982006,1.10711151204056,2.68505233780214,1.4330433712479,2.44883014292829,4.28047395922923,0.533571423322604,2.62183745660702,3.90096294097006,2.00103111676013,2.58161569609212,1.66000077952757,2.78277439325078,3.45313106585347,0.864768758509685,1.47528418656299,1.69287320842637,2.13955292512237,1.56965447822245,2.77919127796828,2.65599615470541,1.04243004617907,3.20784451767231,0.0345540931495965,2.86104068085199,1.93792793073629,3.25251580630095,2.08380789727718,3.10613790420598,3.28288336783045,3.4204914964341,3.66018075012798,2.32847310437893,2.83407219891451,3.71891908581662,1.32015083981833,0.675566733559818,3.46117763767003,1.85969809069971,1.44304263341807,3.16571930355084,3.27320412330259,4.30927327759443,3.07112042510597,3.1898433462044,2.91778785458784,4.12370391683508,3.34605441183829,1.42153122580877,2.81139251921995,3.34271628975226,1.35029190160728,1.470244484816,1.78848101691868,0.964221696172986,3.77714314704014,3.19401989595851,2.28864810747121,3.15690143243528,3.83409125468504,3.3708993480656,0.399001101430504,1.52341045904268,3.09967778055768,3.64858796781918,3.04207273701521,1.5678274221627,4.53947064502614,2.09744051845961,5.57206055001269
46.5,2.28229273864239,0.745095524217357,3.97925989063848,4.05785466262682,0.895464093536012,3.72884065223261,2.11782692022466,1.93459838027347,2.5409062791979,1.41146746442644,1.9085822051981,3.62584663531399,2.80957554812245,3.04302891216113,2.76965847864287,2.56180119240349,2.55567251230206,3.238258428664,1.41354905930284,3.33653802377499,2.9670261889066,0.521421279205853,2.1766774921291,1.77421964078625,0.516067257872346,1.53699644441647,1.47210581243738,2.42779410200352,1.42843766224563,2.8842297981321,1.24356589948218,0.88328750834544,2.95825115881647,3.46924304939533,1.99744436003041,1.08485030671087,3.70046042735559,2.26413267341796,2.84659688354089,0.506017271334885,2.107119778939,0.181912490690108,0.399225626644866,0.382117184706559,2.83010958276733,0.864647193263867,2.10058566287424,1.2184295039383,2.57765772626856,2.16133236373624,0.287828740227454,2.5025256012714,3.03782609421867,3.18392523354343,2.14822236294449,2.68221601185333,3.39346336409059,2.0847057378169,1.01946397098583,3.2957712173476,1.19355512640685,2.88058021765499,1.32799967355773,2.42476059471972,4.66280685910914,0.344577567392813,2.75131768078605,4.05397486465546,2.60229585832164,3.31828695755463,1.9271822838518,3.34203038858875,3.95878510364176,0.447979977771952,1.95940060412682,2.22855422456541,2.47614273014288,2.01251059854468,3.66717168325794,3.47519173897359,1.33870708489083,4.00989060722033,0.113798877472372,3.73779959127314,2.39376580233477,3.64498396568442,2.39931938612885,3.77769351142292,3.89148430957005,3.98003579412589,4.3070898030689,2.71197231117644,3.25819946808934,4.15428773576621,1.58455413224816,0.913585135773892,3.89656903593321,2.14039640760556,1.65416810413346,2.98504029291163,3.87382896510248,5.45736665565137,3.9597599348265,3.32923468225763,3.37955255731713,4.87206074881819,3.83559964521742,1.61172626246746,3.36535836528495,3.45710124847781,1.26655101028365,1.56074625126874,1.95960661321895,1.17461442526112,4.89343787300661,4.07267589769722,2.78010289884837,3.67165713152783,4.70052310109099,4.35359670052551,0.561916042174447,2.02280348700668,3.91963380534293,4.43732821029341,3.36942407727233,1.81987422536813,5.37824794704181,2.3946670123949,5.75080481141924
47,2.35318606482351,0.98888171331606,4.10413757193787,3.91126225195527,0.829467818092232,3.64639048110262,2.01459714309752,1.93311383186872,2.36581730722761,1.39651050863014,1.78171128780609,3.51788231484809,2.93615547096363,2.97588554267713,2.82771762716208,2.32943372296498,2.44992402296601,3.07386366341617,1.55848910497526,3.64727498927365,2.54127089533822,0.586820723124031,2.48353086789179,1.97965193133926,0.55165452753671,1.49895765189073,1.59065911871708,2.20884064829592,1.49943552543287,2.68011167867314,1.22245345061105,0.852723136186249,3.0137819608474,3.83519681495317,2.17121180869943,1.10868437053557,3.85837702395968,2.38298592202293,3.044435240142,0.478559638011701,2.32059966773227,0.223683989617,0.572677208893278,0.347301063819695,3.04992454827515,0.91400272261343,2.13254056716649,1.39665211071159,2.38026595518116,1.7818682778508,0.392151241173977,2.22696162491942,2.82104494150075,2.96177830460996,1.87418336642728,2.55608336159162,3.53136285285552,2.06761784661701,1.44210403141999,3.54784878245901,1.06878154974466,2.721377067817,1.20360131211978,2.17585947719372,4.4988721269386,0.471642870213399,2.84552121079847,4.19921622604426,3.1049479765399,3.72929020877364,2.05013468917293,3.56390413233537,3.83528152451327,0.612960854443168,2.37903870212396,2.63323256028539,2.71819104637917,2.24151443393853,4.27826324146303,3.90616048249545,1.52437152379781,4.6279781401531,0.225947181487521,4.18114425265192,2.66863706473664,3.7035500243829,2.52909808832167,4.1581902796226,4.39013475276845,4.5038938505722,4.515033849829,2.83545781516906,3.6360727673194,4.46559562981603,1.80209851891562,1.09228682263346,3.90617401815254,2.29536433759443,2.03623219733026,2.61987824703975,3.7165489590131,5.50860901768539,4.20262703011861,3.2840278272582,3.55214731282553,5.15497537452505,4.033396773157,1.51609779400298,3.57885898792562,3.60078563808353,1.1968388942013,1.75808719548368,2.1598802564774,1.34412960348097,5.26518012531016,4.25491827777511,2.94442529067887,3.87588832506832,4.79254749515653,4.56784194243099,0.538087079062291,2.17355504300508,4.08727603220364,4.96094966034367,3.63570262799882,1.99344564551638,5.76082106297688,2.3875132769996,5.63500589960886
47.5,2.06697017768569,1.01611536235618,3.59650775944287,3.30502724900042,0.775434456269978,3.05809070717191,1.58098572272223,1.97066402324577,2.1350653933935,1.18145183595895,1.53900741403691,3.10473514835787,2.64366766704698,2.43213967891967,2.39111445330466,1.82342198400327,2.09846686217895,2.68282475484667,1.47879447614592,3.22201543176625,2.01594299535825,1.04899881928025,2.74989801220571,1.95167380035148,0.580708419585169,1.48985120146467,1.75400289380839,1.81464190037527,1.32664467817762,2.23352892591697,1.09588831257182,0.813319563977451,3.00852437248217,3.66811481311636,1.95050723220126,1.15907773416574,3.64061984769913,2.19726369020245,2.8948748269184,0.349757979075264,2.133375081972,0.33598118562,0.704083361053326,0.388276835584551,2.78347868649265,0.893353543136612,1.92306680618613,1.27071939656113,1.92211604048455,1.30305927260481,0.344727963653977,1.70496493137864,2.37442025819661,2.61851902484027,1.50301253681691,2.20182924106415,3.23678112947083,1.77402558719727,1.51004268345559,3.22037604835431,0.919573225157282,2.3192365577036,0.89620359996396,1.75134616355971,3.8725166828957,0.349173553189408,2.31747109123151,3.64083935845761,3.23480406683624,3.86260967060205,1.96499172748676,3.4124077583363,3.43045195864844,1.19807249875815,2.52359679220954,2.64755690288831,2.48156076760157,2.32924188222309,4.31903109838813,3.93061163235625,1.65364882482186,4.59878550165552,0.281433631778095,4.25595549699817,2.46222473435515,3.27302357197524,2.31753282444575,4.04848428755773,4.14400700571664,4.194114585986,4.24624590190202,2.70685233661436,3.40820063744323,4.01083058207282,1.82091286749122,1.13468553863548,3.53140019078694,2.08389810983318,2.05920446142498,2.10295614275476,3.55879039583869,5.51659684283999,4.36153563062296,3.0337726161695,3.43103330555396,4.91007480897929,3.62408053999053,1.36990242616533,3.35996750496105,3.08855335793342,0.918297090352996,1.46729352733187,1.94138067014434,1.34379624789957,5.29116862975566,4.25055179574905,2.81963420748789,3.59049016934879,4.53845314044227,4.59650874987247,0.496434863784856,2.0900879821827,4.20543212474984,4.87482078201991,3.15377128057109,1.92175300918977,5.37832399908867,2.21616143035632,4.65574939887289
48,1.64574040781816,0.978667153063575,2.9288041551098,2.58790491881085,0.617779234985419,2.30520225609483,1.15880897102476,1.6824378952568,1.76637023469294,0.925200891496377,1.15150063389565,2.55387879352743,2.27066324621842,1.91707857430529,1.93090591699207,1.33222957329239,1.64007908392039,2.09503975284021,1.41875507282065,2.78512214321894,1.44404397793733,1.05393846998902,2.45693354852688,1.74025738858619,0.631212445193664,1.28839069923475,1.48240940311469,1.3432829109695,1.15804418817894,1.73782526730389,1.00435365688521,0.707540670966918,2.48416246886462,3.18047478286452,1.74927306206272,1.0878708009573,3.02906885181327,1.87165998574222,2.52579992447409,0.287404602541658,1.8836799461063,0.416340345777296,0.681304353394995,0.364911524111021,2.52505364301058,0.884177470714747,1.50076710130284,1.10359854300106,1.50986137240695,0.825661087129348,0.331143648364501,1.21829016508146,1.74376263926877,1.95642094894305,1.06115818963972,1.68366400508877,2.7054320677811,1.43705870833015,1.55040258273919,2.76001995612628,0.686466154150811,1.74244645253975,0.596940426915753,1.22495495587943,2.99135110930689,0.412361090914721,1.75253285630256,3.07661668324578,2.93353426364081,3.35211107602594,1.63324146317967,2.88014091378885,2.78443662642468,1.32689125980671,2.31635701354149,2.4516720666453,2.13602846788678,2.09123696495649,3.94406664923083,3.5769220898103,1.44586432522803,4.21372969398643,0.38791701761545,3.80733040927474,2.15296474800428,2.69458085780734,1.9294323246159,3.52921275193743,3.62011260607637,3.73202857075058,3.64382515558291,2.38023852043402,3.04261318557548,3.39979002002911,1.70503051506798,1.12463406122069,2.94043190125532,1.80849066631746,2.01924891283042,1.49751741297321,2.8257921446527,4.55431721502347,3.81481822876219,2.52914638517693,2.94607029235712,4.2889975098592,3.14411283853647,1.05265280024499,2.88396716150546,2.60669553679326,0.641949244426437,1.2539148760432,1.75286900243286,1.25308428881877,4.56352900211764,3.53365833755336,2.38128848081536,2.97043745929195,3.77190031319333,3.9156201709063,0.444967422062171,1.85198323202069,3.62536182391433,4.27542940201882,2.67061029915758,1.62211813957157,4.56464236711045,1.8510610563726,3.55585981194439
48.5,1.20693445747305,0.730887895935359,2.07742187834174,1.8330479564064,0.438627931037612,1.59489868490343,0.764743609497818,1.39241068882148,1.40247233344233,0.646965367813626,0.828678192811344,1.86564535008191,1.71160129749735,1.30080289028747,1.34875518647015,0.87128037747245,1.24977575199173,1.51391512579409,1.18122240062615,2.08135429156346,0.941605800126537,1.06333624165207,2.11905356989869,1.37384532305709,0.473987999395696,0.993539973788891,1.2032074337129,0.93671227246265,0.840241451728152,1.23001780323045,0.829896648330689,0.539391705511238,1.9329911204314,2.52851079114798,1.33059062650866,0.909149126503336,2.25226727907738,1.431257649299,1.95718584034127,0.175945685707148,1.46004241310714,0.416319440631026,0.625158590003548,0.361113899584446,1.99764270564,0.724479937534741,1.06616475138583,0.873647465696268,1.09334982171077,0.513839921505799,0.227669197810098,0.820407105380828,1.15952250400025,1.32282314184969,0.636500005235055,1.09616588371888,1.97708475876825,1.04334488089192,1.228340447424,2.07790064923738,0.51271456386078,1.12393331910957,0.334323202411315,0.784604566344448,2.03078392888718,0.325717678816711,1.250888681652,2.21694919759664,2.41568539007306,2.75447105271075,1.26910563919255,2.15903961711417,1.95959850075996,1.39820621952162,1.9879637162281,1.91478529662511,1.5881566980105,1.71153541976991,3.18097336411905,2.88110018013387,1.28959222862292,3.3858813099318,0.290448760170514,3.09853334496302,1.56022307005661,1.91213500716526,1.41362668958981,2.81295907127145,2.8443111078031,2.90948023106733,2.80568262822034,1.92706958160314,2.44714559704973,2.56182657180472,1.36406911733021,1.00221137591173,2.18593731299512,1.40883309468471,1.66542843847,1.01900873715623,2.15067798553218,3.61529949003201,3.22370989713334,2.03817836569969,2.25052882569623,3.29813136778164,2.41454881435388,0.797989810908849,2.24755696211829,1.97799861717852,0.434426779460111,0.926948287890789,1.33731906078352,1.02626379388969,3.59757121089015,2.74355540813877,1.79298456943725,2.30229674373485,2.89896788125377,3.14930813716287,0.337971662503863,1.43022910869991,3.03055050407402,3.5293596141977,2.01014633164876,1.32230113255943,3.48845756327411,1.4115560576696,2.50151039098091
49,0.769546059342973,0.542637821004069,1.29563582787071,1.07890244099027,0.291704445796882,0.919119119418589,0.393098121019246,0.969585000978162,0.98981105183605,0.403917282364952,0.464545221925252,1.25416891809297,1.18027299043242,0.820986272613313,0.808706490442642,0.418507124227064,0.814120556697853,0.922700546331242,0.900492602871175,1.41130706231435,0.483574094841499,0.848564125563161,1.56095695551664,0.96544539429444,0.386199443452614,0.763346484430469,0.878483409926834,0.546290795322413,0.541589465241152,0.698846734014699,0.688436875663878,0.415962854775547,1.35996660408862,1.75016630873316,0.915286472845726,0.67331059173814,1.49600649020009,0.934403585411558,1.40437146307014,0.130083513544195,1.10685892841056,0.391787326909206,0.504562800563701,0.292162607703961,1.4899151204752,0.595297272216132,0.684171555684222,0.618354604313386,0.697792619740262,0.215118383228955,0.193974364279582,0.497443665824775,0.661796001627667,0.806111759469035,0.319671992931597,0.619513173558416,1.30100801893787,0.664826625896414,0.92117449656027,1.381283383224,0.361909196260503,0.63412328336209,0.0908355143923019,0.374159166713935,1.16739406863702,0.345580162230902,0.749842848629565,1.3991954367092,1.69011720204975,1.89478315149366,0.851589551505013,1.44257184031676,1.24795085718242,1.15727787078725,1.46028434495047,1.3223102063811,1.06099012892673,1.29191847641872,2.33918522194457,2.15393003201519,0.901690938368729,2.4948242976085,0.257036277329437,2.28675063250704,1.0395495672049,1.21746440170146,0.932572120176494,1.92514997232578,2.01423612373151,2.03656419086312,1.9569122579691,1.44500089634362,1.84430120148716,1.77100520092568,0.994133219089964,0.839757515012703,1.52524526358783,1.06892073255204,1.30254183865685,0.583770645327216,1.41365017517977,2.55749636001305,2.41555360394067,1.41701401883918,1.54340680541531,2.37602306042528,1.75600166445498,0.539484929852633,1.59361673749543,1.40686634654705,0.213445307012876,0.610587060713576,0.935461716772532,0.837550152492879,2.56882014144794,2.00132316437015,1.33073026274262,1.59255787199584,2.0370707218259,2.31480782979317,0.226459765927197,1.06150534090413,2.2509548344927,2.56247206063719,1.37764925946259,0.931826691368428,2.43276097245224,0.992937646577096,1.53840388251731
49.5,0.670268424358131,0.42239287635406,0.737124759091054,0.529558695068402,0.158545464969198,0.455724667530635,0.16743475380981,0.558084961728441,0.546388506792329,0.239981293863979,0.257534211458933,0.739882425313417,0.727246041549448,0.379685674233253,0.397349959998136,0.196182221426996,0.607065001894442,0.450286120942938,0.69210957071315,0.854261334301929,0.104335730713676,0.667830819092061,1.0367974741184,0.606525609503723,0.26195927824918,0.434423405700977,0.575831727084781,0.259054946869111,0.328386548939819,0.315773435140315,0.577229737175843,0.270241831698772,0.831573504794221,1.13055899510729,0.61635287202973,0.460513311625948,0.88563965283368,0.580305290429042,0.830676315277227,0.125073047216026,0.731108153374444,0.32521907127996,0.388255292870864,0.190470673488316,1.04991823921584,0.470106130519035,0.395541781616837,0.430110519255847,0.296809006069629,0.112156197915636,0.150061845859895,0.293614850657944,0.253920879556981,0.363649149144643,0.084082113774356,0.259313370410396,0.739821815857853,0.372261425107649,0.607812885931741,0.817805667251866,0.245976408694142,0.345436862362648,0.136431340692312,0.0818008322038557,0.473908678640193,0.174356773490234,0.498248878526645,0.643237734902819,1.05453376071439,1.16727544123523,0.525039464637455,0.778258211297071,0.608983061555378,0.906504940661738,0.989469542148764,0.832860844081501,0.698444107215724,0.916299222119143,1.51674227740393,1.37009449586836,0.630519698881588,1.59801119971011,0.145746744502169,1.47804604591528,0.642263940553419,0.643319559691007,0.572130648383253,1.19699146776572,1.26765590329347,1.29028766599307,1.23251533611449,1.0518697820715,1.24771453974877,1.15191929634954,0.729580865768347,0.570463115633745,0.932462973882586,0.768273889665762,0.868972079672931,0.265822590357162,0.818423715512543,1.60822687702796,1.64858238733001,0.888205831598098,1.01273740266093,1.50965495017837,1.1297750139543,0.364173338034328,1.05646765026492,0.865955204413495,0.138075396814403,0.404111668186423,0.619421250644207,0.492470089879127,1.66715541109117,1.34081160976935,0.823791986408685,1.04389680834887,1.27188844143557,1.53681824136283,0.133459149632393,0.682000354705306,1.53402328025155,1.78801475486638,0.904187368964857,0.622913212553738,1.53025236426173,0.620220703013321,0.871303646521467
50,0.656535284723609,0.494412772814956,0.291080561684058,0.0363054345366337,0.181429916877516,0.122503095734471,0.140516653181689,0.270889633507922,0.280965211868799,0.142854524910164,0.11162818821288,0.326414080420432,0.385153715397251,0.136477984859631,0.0968925815421408,0.36265282095618,0.493942725094035,0.0589492244798456,0.475081531556381,0.322372412810686,0.414797797039499,0.59841957650382,0.614899469113756,0.319367840774389,0.253961345904659,0.280518398489631,0.39999995111066,0.246896073419856,0.170405830977855,0.19407114761077,0.578154382559042,0.16931297206419,0.460016449258788,0.604802503047939,0.448406147901679,0.389302878286334,0.444828816663143,0.263630319665343,0.442040983189412,0.12900094113437,0.448504640166619,0.306088206162527,0.337477038416585,0.128328878987818,0.623874410691908,0.356688221335297,0.217986307858211,0.270247195422919,0.156991210521702,0.2697740346008,0.141981068821912,0.27068799799304,0.168345068561275,0.0547469734536603,0.147557128831601,0.10504807223958,0.259640233394454,0.250562156685069,0.340578398985359,0.264983849845374,0.0777473460674841,0.268146283606413,0.311371932120893,0.18096539765589,0.0704576280362097,0.131292385234432,0.332200917716004,0.0953300310274872,0.464348887489756,0.570782177860883,0.23244302788384,0.302114178021695,0.447740078778577,0.709634632731922,0.551285308319102,0.416329069096283,0.453371747916356,0.651082727953518,0.767302137491289,0.814828024638534,0.281577320430561,0.864581943347172,0.113463280361493,0.844977387404354,0.345136760786352,0.105807183093321,0.347909528345426,0.596600397347576,0.596729628167013,0.596613155104324,0.599767909061255,0.533655485794036,0.684866927958655,0.566538916387003,0.478465999092666,0.364581943192522,0.449664445652371,0.577688021045051,0.589103368464897,0.14537110600479,0.413764570625694,0.933213888261321,1.03053429192683,0.433162523916022,0.59945280335761,0.826441843248376,0.570121640077438,0.198551235335977,0.557256377989571,0.415444817787792,0.117224206839922,0.201176504039104,0.395895359498945,0.360090500794703,1.02702312014225,0.864495910181679,0.529906551417341,0.542858811997212,0.714898631199085,0.929739693494659,0.0670504178539543,0.403522270929568,0.998716871830464,1.11904309740645,0.46081481408325,0.325171257489234,0.7923031676957,0.29806521387507,0.333438024018957
50.5,0.947211085132818,0.766982357130143,0.255722051917548,0.580812603572227,0.288984235214478,0.414441626292899,0.447481643404567,0.24105203327335,0.292107654424424,0.286412802599764,0.286944265903877,0.428545534095843,0.337404662367883,0.462509723323528,0.389034484487864,0.775224054033179,0.702711849728437,0.435371006167212,0.405799794342055,0.346233497622964,0.913297774114454,0.659037925610937,0.216603510099687,0.10246613378819,0.389066040496844,0.304281566941465,0.307392208637539,0.558795706542725,0.171139823883249,0.526555335380111,0.646103422699443,0.159333022831166,0.115397687905537,0.250283968702127,0.450679377365031,0.407076889069865,0.111425672761156,0.0390183451896044,0.0885489159351486,0.17803273219094,0.11643063964319,0.465363661925494,0.481282520107814,0.0861353204756889,0.253968593216506,0.369453762533977,0.232949623477769,0.176715584844433,0.601014245959624,0.669721919481001,0.131583340068298,0.523504328684663,0.502201924996038,0.269547219994291,0.35920520463206,0.329610417987236,0.20042156504123,0.316394286451402,0.221873796437703,0.136377372221144,0.080875298662544,0.426613792985601,0.46020052628122,0.463344578863823,0.578198882959166,0.0166972035228282,0.524358892371258,0.576847449091156,0.12791255176174,0.126715665822726,0.0932574329653346,0.0737687197138557,0.644036250072328,0.673505654588541,0.27533310518451,0.28862388919804,0.454520310676283,0.507217934446703,0.245345045981364,0.266930030875658,0.15174754851477,0.232316879540245,0.0648086398672227,0.211878165327001,0.329399338192983,0.409437617492808,0.303400187925834,0.0891025263586853,0.0499851988393042,0.136215622785382,0.0538058767525839,0.225627466888536,0.191512495126034,0.0313852737137506,0.380906972386862,0.207568476337488,0.36874645977002,0.515549266016073,0.53933415096,0.674099352543595,0.186173270933606,0.368205485515776,0.473139986196273,0.26297957623305,0.625836929576482,0.224516295299506,0.0646074645337903,0.167174114276853,0.239282419231883,0.211204731399639,0.247659316956152,0.0667325377596085,0.222933435541777,0.123729003221154,0.488956100276578,0.428879689286569,0.22262392212748,0.14487760657402,0.216073188179008,0.412940163768156,0.063084555872141,0.169348453249742,0.530328616805837,0.616268169199105,0.151775627319922,0.148225500974971,0.221541726022004,0.193379119454391,0.190440645401568
51,1.25263022360255,0.977891898901581,0.660978194151046,1.23661154335797,0.393889812044908,0.874934773149372,0.764262672959113,0.428143952695804,0.623774241721949,0.505169544456879,0.687046319577129,0.99122477946151,0.597707530123179,0.84330979449187,0.739984471736526,1.20147009631518,1.02529020302912,1.08389297724562,0.717892145788043,0.793890585496915,1.55106223702352,0.82589764060639,0.161746209676637,0.15701121341068,0.482548288726336,0.43092390150639,0.21644922405384,0.910947374066635,0.299956461606396,1.02254158571997,0.833802537305511,0.190947522975962,0.274478150730901,0.308391483528154,0.616496320032914,0.570665619859932,0.483271077086477,0.328758579753094,0.137853393560121,0.135196102997867,0.119960756149827,0.642446370906369,0.62311741482292,0.102947685194464,0.141065140582441,0.421298923993095,0.424682464878812,0.0576639299401931,1.0941023257833,1.12314766615902,0.175491393990473,0.938738110446282,0.900134642577816,0.673008078325505,0.664917191131976,0.666760162733617,0.539390575498193,0.607015412160584,0.199346035228831,0.556052346054498,0.312946224534224,0.812112620569099,0.636345362762556,0.839004696777333,1.20309266253713,0.0389526044474555,0.731176647828933,1.1616108364535,0.246363161487122,0.350838738591855,0.266201909781778,0.409941388308717,1.12712539329857,0.815592778033514,0.108112706555272,0.368202571796433,0.596272317321189,0.575080049824635,0.291705326357812,0.171758995539163,0.242564472703255,0.384592869750612,0.0937394129964135,0.363348937634826,0.50361997450557,0.997744245289554,0.553567303258729,0.431149698684728,0.532731297592048,0.539980471017146,0.724828637592333,0.626118000531567,0.518661817632423,0.575455260046039,0.330526167988755,0.0851547116761217,0.818494743550708,0.587133931063922,0.853929580748146,1.34454491870541,0.682792622831285,0.359957998854208,0.085125941580456,0.775087136142336,0.817035078026509,0.465774570356991,0.513137197199127,0.222319005722061,0.272855146056836,0.751719309914348,0.420725435502303,0.319646206383435,0.329710449523512,0.0740653268404654,0.159906441035307,0.185039741031929,0.185315042688217,0.377915679176625,0.395765734414323,0.0982770585628709,0.144209696839623,0.226921566394001,0.0851197331201668,0.293575502120832,0.284404240466863,0.176125850151512,0.381253324258504,0.259026517873271,0.752847122683491
51.5,1.46963481349102,0.971624024218692,1.38117760576208,2.02651452867199,0.487197582836451,1.53188940234017,1.17005814928614,0.724735023248871,1.11921670313775,0.769119840189179,0.956158305684962,1.67931880872321,1.06334276581508,1.44510130002941,1.34637058159933,1.80040300799335,1.52323105119702,1.70742857277817,0.854877743862695,1.45780389182547,2.17741396761275,1.04622333581814,0.473150075558383,0.467563308701072,0.55389036260315,0.705037701051198,0.140979414047025,1.32393363369814,0.545604558528341,1.54790812757289,1.10233534150654,0.29049977736415,0.618555366451807,0.829836117019458,0.934559770107885,0.716346831326992,1.04059057786077,0.616757451159851,0.490736315961669,0.190977948107961,0.512071035109888,0.761624944545614,0.71196621760868,0.222414832046784,0.755151202141136,0.511431825324346,0.766274374834137,0.166588481608983,1.60113086531635,1.56390790474434,0.150229475445151,1.51548268871032,1.41854747612927,1.12895950023869,1.02603451870921,1.12274767958128,1.00983979399613,0.946484302570273,0.189070077288715,0.982482659234811,0.552043178018474,1.27023263741162,0.881949990936813,1.24673591129061,1.96658012850746,0.163543578557178,1.21071435054692,1.84735022676341,0.542216757655528,0.713618949202864,0.487528983728901,0.874443833476258,1.72201086487065,1.01975357778489,0.269841029234315,0.688930379193004,0.957992932614,0.7794537226044,0.789252047252374,0.741992150377161,0.395727506786674,1.15035122911184,0.0841283005401239,1.03444172524411,0.923780085344326,1.72026915103454,1.00874683476685,1.05820573489515,1.26035572289201,1.32536758666272,1.56628816339852,1.12377506248761,1.10244750939793,1.39262988108711,0.586697650474525,0.180268690204822,1.47491339253007,0.828629662414713,0.975332456925483,1.9170853608215,1.22244015734064,1.12382606891937,0.580873558460368,1.38351352964783,1.24152273764493,1.34893270074866,1.22375681827436,0.44103913247587,0.766881685421112,1.35340376778835,0.637731035631329,0.491298857158,0.575968292984854,0.306208881804757,0.896059371847288,0.800804606715195,0.622614466252525,0.903157842014424,1.09702569185217,0.649328216147386,0.256253753970388,0.459966751445071,0.51796787406699,0.728333511831851,0.867332876199481,0.408747398096635,1.13950496241406,0.564205839406405,1.71734341882077
52,1.66712955147871,0.915690166944542,2.18750328328473,2.92880905640221,0.613367079023224,2.26153633080265,1.54892440726136,1.03398459056675,1.5965733376294,1.0384547378953,1.30915365012316,2.33954289965097,1.57062208513302,2.03637401626111,1.99410484012509,2.41107564383122,2.07462416697164,2.33923672828332,1.07699237999587,2.16946096558009,2.75168610070886,0.932375171262619,0.955811759901567,0.863531392148355,0.602391178408068,0.794121571844031,0.20422411327207,1.76444905954041,0.766755295334646,1.99303530033277,1.18761864568045,0.462811897205633,1.21533245616972,1.53007898306549,1.22372784943203,0.903908823529525,1.72170181680354,1.02581839756047,0.965052345402167,0.137088565180633,0.919501744405462,0.829270195954518,0.714990031607948,0.213768443806016,1.35448439458365,0.679584852911466,1.16623085626298,0.440226227384693,2.1233446609706,2.01427229508535,0.213903409674288,1.9748628225703,1.91138501288734,1.6769482977741,1.39864838831968,1.6105040503283,1.58036823906968,1.37991194100714,0.226010259645438,1.60119648747034,0.726405993392563,1.77667669054238,1.13781531267843,1.73183093613956,2.81649259855814,0.278019436836433,1.70774043569995,2.57194299437807,1.06847773788511,1.27221223210829,0.817609695894157,1.45597525905144,2.33504821776309,0.992326930193667,0.680007415735038,1.11093160671181,1.30148579970969,1.1501879166557,1.55420934628351,1.35627866597012,0.818549442742277,1.94958741816042,0.158934615878439,1.69369601696326,1.33341698415344,2.40440065270685,1.46550659211391,1.89569469336593,2.11461859902877,2.23146843618123,2.45760611770443,1.73403067129431,1.89751353474371,2.38075513073719,0.929126959313821,0.360520871982139,2.16229715527678,1.06601171988952,1.27148298597665,2.55764033680314,2.12337938127787,2.31687952096268,1.43673254297289,2.12561899308678,1.90077368935003,2.30628762257199,1.93803526216775,0.794771480173222,1.49780608724557,2.05313058033145,0.875102501527748,0.810337063004148,0.982497311818686,0.40205741591047,1.89010855845511,1.57683882742122,1.02066658957417,1.61850423732622,1.92683672613313,1.3790639579202,0.272142648654368,0.732110661918699,1.25858772519045,1.49924044400833,1.45820261665968,0.780280047294592,2.07655234707934,1.03555216953094,2.81272427709683
52.5,1.71320307880004,0.629167149839902,2.96150872827728,3.44320360266761,0.709434708528559,2.85190973954515,1.80472142179319,1.4088777075675,2.01508378113419,1.24512695250897,1.50837612267511,2.99156413691104,2.23288885459289,2.70375975720725,2.50913909196629,2.59534110930701,2.35793794401696,2.79422457179332,1.05078815377158,2.81619454501683,3.06902010533491,0.809265281739583,1.48056736530791,1.30031947101357,0.502722220712862,0.987566155829596,0.623732289453083,2.04020806704154,1.06831268590994,2.37751136691114,1.31279310116884,0.683745464084028,1.81732171933935,2.19978247492127,1.59482438606973,0.99569878495641,2.44225508069096,1.3645863112271,1.64331404487535,0.204494350040024,1.42289151241851,0.604179155280021,0.456115627660338,0.214105233745373,1.85887350559163,0.791122761189513,1.51990019086971,0.690788354086833,2.23475681923367,2.02157705960638,0.32028760339579,2.25418124278138,2.31454378782985,2.2411481957378,1.69006322340166,2.03419806048023,2.21084776962837,1.63450607178096,0.34459121593799,2.14437707058137,0.962860901393714,2.23308462492726,1.20446140765661,1.94982543691983,3.51820084455172,0.245825755204838,2.04636521805463,3.072383990768,1.51279036849704,1.82910586735358,1.10249877455959,2.09076325755889,2.97186662520448,0.879514137861773,1.0774781988384,1.59770036701944,1.74363838559867,1.54982309119999,2.45009727326404,2.22293136168247,0.986142682161824,2.84493954854985,0.102772094401201,2.59759299215148,1.83650610721056,3.01493820872922,1.86037285569517,2.67242073785198,2.88788581312802,3.00172310111356,3.32750987971727,2.18787313415701,2.44087836521679,3.12727969345772,1.21687809681809,0.609129044167908,2.8031345828938,1.45718083328468,1.40994154846568,2.7070562463722,2.81622128682482,3.53737971989234,2.32506727554505,2.46353531478374,2.32968435285464,3.45657624071809,2.70037928799131,1.10623422647387,2.17487991696262,2.55374744369552,0.93782998685608,1.03991249391192,1.25822116205368,0.762092278265802,2.95781958149013,2.39247772334128,1.61780035891435,2.18770154803115,2.78011435125165,2.23825411149189,0.421597752016022,1.15093219641221,2.02108180086067,2.24130076055073,2.01547712961352,1.04353240947748,3.09129630328599,1.39861955350709,3.76566591635438
53,1.8426740205276,0.776668536267856,3.63057093129388,3.94100337174659,0.84355514508716,3.35610261902689,2.04753020852547,1.64458150471667,2.23119953348711,1.36196345535987,1.63103611101491,3.31228518210441,2.71413236306851,3.04217487594646,2.93086621101231,2.76078650817197,2.64737939657299,3.04869893662604,1.25096814610237,3.41661044684706,2.99279320987511,0.400124418173879,2.00264970356849,1.68151131845895,0.515727516760225,1.1341212961082,1.00861980431808,2.24368686384206,1.33587943443309,2.56717039631003,1.12748410535785,0.736260346230587,2.29271490983176,2.9165714689341,1.76110760387411,0.972631366075797,3.04358978960571,1.76264137208244,2.14710720457078,0.244482144890242,1.84908155468573,0.342600081390103,0.275594710965554,0.27891625149586,2.3767005355429,0.835333507511391,1.76430554824246,1.02879945365271,2.40600327796246,2.00678440471382,0.436302449422204,2.31092291858169,2.53843751517989,2.4841461108047,1.71978264951107,2.21799035599799,2.67102407634504,1.93896944761695,0.539906854913191,2.69217609341633,1.03700064808776,2.43297765543235,1.23588306545395,2.03507289561661,3.86385936823505,0.426701701150356,2.38393418405241,3.5740674104502,2.19458122371435,2.55475733003685,1.41323841762903,2.57582518512636,3.12973871694571,0.41537191299972,1.61145033387511,2.06926103602618,2.07363245051573,1.83990334198575,3.26686767513965,2.82479621278678,1.36616516352926,3.68069103375258,0.0712810708670717,3.30494330301906,2.18594876038405,3.35395705341685,2.08654140161702,3.43022574737867,3.69304815413572,3.83206814345148,3.90443446774676,2.52063033267898,3.11054725615193,3.91261148512357,1.5412290495017,0.841671786924518,3.16127950654162,1.74624597814227,1.88634423675011,2.77539013086697,3.24803449726948,4.34614053439066,3.07903555539475,2.84538244699867,2.75620884417291,4.19861653528662,3.20151503834237,1.25577403531418,2.78039750781567,3.12016711182487,1.06375013387527,1.39271843814629,1.56473667270638,0.943831066564831,3.7192788810456,3.00995975806688,2.04078222748975,2.78322202767128,3.37081679985239,2.89040274236783,0.365585333787823,1.41150502388287,2.65375631754693,3.14521345277652,2.57654476933441,1.42861972313892,4.00798625790891,1.75746797252092,4.58216173755085
53.5,1.79071523678832,1.0124767130496,3.692937678524,3.67454898572728,0.92552606408414,3.2578472291713,1.85131192582013,1.95018433678357,2.31230652710155,1.25945215782275,1.66358826857824,3.3314028507804,2.85284812157968,2.96744758636438,2.76571951109451,2.41127953389079,2.45426691855474,2.98746105403161,1.33247489031352,3.38500160948557,2.67842613644577,0.57535960998787,2.46802360442456,1.93505761480774,0.571233827253837,1.42766773299776,1.48644098567403,2.0867976657322,1.35700187310562,2.4901803392478,0.946175196897532,0.853766329385176,2.69860665584807,3.22128089717504,1.81559225033935,0.953599359055043,3.36087459640417,1.85519881297506,2.52374723810668,0.334170305864267,2.05716387433981,0.0652067042200424,0.379072756143995,0.481104636207443,2.53201743440141,0.809364782758885,1.7846190388273,1.10503422391245,2.19600482594684,1.59370994060093,0.491941710123507,2.04915816219445,2.56258851313214,2.62871988136863,1.64853880605476,2.21324288520287,2.88523502027308,1.87207769936348,0.901668789065931,2.84252751037466,1.14111147199406,2.39193526760516,1.01601704404064,1.84315187056112,3.77176454282209,0.257460454152604,2.25869354885568,3.46514842815745,2.53925496120344,3.0441113269391,1.56191316727454,2.8254075055252,3.14607816108078,0.581943819737289,1.91623880605798,2.27361984498414,2.06706175803092,1.94091882368676,3.75738278978972,3.30392095579545,1.41106464794342,4.12936811897628,0.144331882807366,3.87936275574672,2.20895367475224,3.28461882700715,1.98201342703167,3.71974644645061,3.86493884716399,3.89999101983511,4.08490552260642,2.72078687767778,3.29649541116106,3.93189457440785,1.59161119619354,1.06686579839648,3.25730027642221,1.84605700807787,2.09409619852327,2.36087203810139,3.51116042066258,5.13883746135914,3.8072199884232,2.83807341654001,2.90521456039208,4.58457417645548,3.30574371954092,1.32737645034767,3.00688445267388,2.9509645770759,0.871234231054297,1.28699994560251,1.53280266936363,1.11183281690721,4.29283180316899,3.54269323972465,2.4041704595723,2.94119959201154,3.75166399297565,3.54130834841904,0.436607128914428,1.68445025908081,3.26585017295637,3.54807170490696,2.59699907618371,1.52412242100339,4.45823371406024,1.91460668575521,4.49610572149461
54,1.72688145511838,1.17044994664869,3.52119252898491,3.29256083366833,0.9385118224867,2.98540626731252,1.69477760094869,1.90322915713529,2.16252570543439,1.04362988671063,1.65221100727603,3.04139969408451,2.74692829686289,2.67944681174429,2.53454293838145,2.07521805352172,2.17684724574545,2.67517394271026,1.62773201684206,3.30961440943023,2.16962636573129,0.78071477002748,2.50010773923665,1.92521743154676,0.679880599210596,1.37758470100253,1.41464399468104,1.81814266787552,1.29000568252717,2.28615523924376,0.844968822574137,0.7074608627163,2.50975564311641,3.30492099477675,1.74649187179944,0.817043384670721,3.23805866785269,1.88092538851334,2.51611708158872,0.336817972989299,2.0965024444166,0.31241550300083,0.551380711671863,0.552488592556608,2.75634572854393,0.688503979088468,1.67722089349712,1.16585026073442,2.10009043571075,1.24752781821504,0.560133096884901,1.74498428315916,2.29576353932284,2.30222695346767,1.36524917726893,1.92503357332531,2.82740774022538,1.80595413796851,1.21401771213923,2.89680632988836,0.984828005062458,2.03569814677762,0.813257130379962,1.49622866608163,3.26445036464415,0.340266921752648,2.10443270163435,3.34696032673986,2.69870016120761,3.09615719664126,1.56937200967086,2.73427372997201,2.71686200500732,0.940545083607027,2.07405348342479,2.28250468684905,1.97381451871169,1.81536284996802,3.87950043841575,3.32199328724758,1.34798413017833,4.26434327211143,0.214003186085549,3.81042516841941,2.1171774712248,2.98063898805936,1.8055174794198,3.65343887554529,3.84332409593228,3.90414478234196,3.81931301951374,2.67218509505446,3.46970817320303,3.87397241662938,1.56701052272197,1.15891694392359,2.96525859953161,1.8515075217292,2.37254070009087,1.80638258361902,2.89655640718813,4.68969618511852,3.74994055938573,2.56775063468417,2.6780580109336,4.42382168576254,3.22468916963207,1.14439627068444,2.89781125546559,2.83707054257414,0.756008245582961,1.31131965155337,1.5816516004391,1.11447898691979,4.10047774462449,3.35142796707302,2.4082059887474,2.89965609809408,3.54408258660258,3.45828630088869,0.403019616535012,1.69332365640921,3.15714155897203,3.68226090572372,2.62836449363904,1.51850981435189,4.45271420237809,1.77483681905104,4.20067539862464
54.5,1.58241024855942,0.875133030182461,2.83221461708098,2.61175944823911,0.813052224422156,2.46809569078785,1.35745549241244,1.85672537467302,1.97717402580039,0.819795018374268,1.48553147106463,2.56402788344149,2.28927527630678,2.10200912069585,2.01482201758894,1.61465899009778,1.76051332904632,2.23862060345819,1.47759913898983,2.72745796943058,1.70986448902158,1.00833251013873,2.4698725589559,1.67252156781486,0.60226618914624,1.28308203225613,1.35463712215593,1.4431584145435,1.01324235022559,1.81408676410424,0.676832109712336,0.562662612956125,2.27969651048526,2.89380742482309,1.40215485984749,0.723483456045052,2.80192407188241,1.58982179819796,2.20879435864925,0.293982069356552,1.7438565812335,0.30946968202454,0.587467403460285,0.60544077573246,2.39920305127204,0.593254511215313,1.41797496754861,0.946523186308385,1.70484233016024,0.993243459015158,0.392183292878172,1.39177699123691,1.9141009859723,1.95758226239928,1.06768331897357,1.50798853409414,2.41367344239905,1.51928810659368,1.10726756793234,2.44971978554027,0.803823912936743,1.53859573670605,0.616333904150954,1.18592720119188,2.53781933458745,0.177620564428614,1.55664192193833,2.75139020303022,2.50953822429442,2.91115045681087,1.40911877633825,2.35756774587366,2.15581220422623,1.257921706197,1.92309958486981,1.97345024008462,1.53589672963838,1.54175555332985,3.3892570291904,2.97280393911392,1.20372943919479,3.76457640271163,0.235926617570906,3.44839461555295,1.69222835308372,2.3077617311819,1.44080613758174,3.17461327496192,3.27346906118186,3.2647826195943,3.13711636566838,2.32394111457625,2.99084166009205,3.13143009089945,1.34825900887667,1.06679604452609,2.43241177693823,1.45965739776118,1.98933250382554,1.41871105734284,2.4286357210444,4.2774232213761,3.62262794549268,2.30129785110084,2.29594069269678,3.74118445031059,2.64769203321387,1.00779783875047,2.44579576311955,2.23562794055818,0.499481477332043,0.987133789054632,1.30405027017053,0.984204287649575,3.66785446768101,3.06368391531266,2.15825834387865,2.54594509774671,3.15189546801387,3.30161325172173,0.430587749784623,1.55804531516536,3.04150704484683,3.3738646143511,2.15654093023143,1.33851061211877,3.86630163800947,1.46867928643151,3.28589039170206
55,1.38965135915357,0.696152243055816,2.18285034113832,1.91266390438386,0.633670393344125,1.94140724457086,1.08267175842776,1.45692490077871,1.59500206923165,0.62855303645404,1.05692397496563,2.12223172317336,1.85546352829869,1.673362014735,1.57651159963408,1.21773779497909,1.31865272303197,1.67857539663686,1.20474764002971,2.20248453527416,1.1920528052311,0.727832901034763,1.9853154998322,1.35689930151127,0.586786096432674,1.0499916842214,1.06110107756016,1.02641760616149,0.754190461535451,1.23247773697867,0.698651814634318,0.374754927740513,1.72323380151411,2.29228397045815,1.19087506779869,0.62328915491569,2.19155669847492,1.23035126990773,1.80522517812722,0.278233816425505,1.45763299283755,0.236755145434604,0.467660372307952,0.523376069342154,2.1226725059509,0.536975394464943,1.10565063268531,0.751768538197732,1.32510117223598,0.797175697234579,0.335660146995465,1.11105609614173,1.4694749236257,1.4704505756207,0.775939298172152,1.09596534139353,1.92335934047073,1.22920309284533,1.00347992350504,1.99816026569357,0.555706486123072,1.06694513025692,0.456954934161823,0.869034226925642,1.8466681172079,0.221406462404113,1.09301377709127,2.22386902408214,2.04879095744952,2.2415365249432,1.09796081955448,1.8895439024852,1.72998811593403,1.02009132131718,1.56154708451471,1.5456585003158,1.17700921793262,1.15839264243498,2.73308541882069,2.41157884276914,0.829360702962692,3.05660076116846,0.315403546688645,2.77278237354134,1.3224800006058,1.75046331971309,1.13809614429333,2.40983155594861,2.55018008926853,2.5935794831245,2.41624658905415,1.92076712228941,2.45002988573049,2.38974651269646,1.05040841221558,0.942425818317484,1.88575471153235,1.1114745643735,1.56036349002574,1.06869689866221,1.74011796357146,3.2052814115488,2.85258405287605,1.84031506632947,1.75504079282359,2.99416737588354,2.15587586130873,0.792205901486459,1.86725001096764,1.77808514945788,0.298326776011005,0.71730088265898,1.10473735683559,0.925827645506376,2.85099611395938,2.37115364552848,1.75040240470123,2.05352796638277,2.51337283073827,2.70033205603376,0.345111957137854,1.27314727445146,2.44393898954584,2.78860368886294,1.78436052303138,1.0455734532334,3.10823074497683,0.999872525975899,2.47186941848981
55.5,1.43846820405075,0.5904958949268,1.66747645755582,1.48814587995565,0.327568614182186,1.4873762153782,0.777693507292066,1.04900652040037,1.11556897857316,0.550164085698868,0.74686221758564,1.67316202767171,1.41057853882743,1.22078747851179,1.23136409637671,0.945582703121882,1.21866749915765,1.21972979944413,0.788596563895877,1.68186249182317,0.850892801341017,0.59805954442538,1.55826519932173,1.02160701965638,0.292507848599627,0.617802074408171,0.943757046210824,0.698915866934687,0.58403681698197,0.835030526553169,0.704672359704474,0.156161031309901,1.28223113824056,1.8124697873844,0.965836193910805,0.615915761416445,1.67233171803879,0.932766404347867,1.32050171204652,0.19065291449137,1.05132195688383,0.234850917975181,0.397435088493155,0.329463551198245,1.64086440857766,0.405775851095155,0.876331413801055,0.616323486572587,0.833165518637057,0.644755676456279,0.177350851967913,0.88478310902001,1.05771058179409,1.09035496737713,0.551771682566519,0.755170669211334,1.40964296792513,0.83289615357954,0.765251172808966,1.45729290515063,0.449972960620295,0.769368274443247,0.328661351867192,0.671025457644083,1.3029600422523,0.16341783554406,0.984197610739776,1.55521666316958,1.57310727888487,1.74917645177769,0.880669340009463,1.42506304334044,1.34510527855657,0.791832876356277,1.20151363490623,1.15203823319262,0.870839859126377,0.864515579946795,2.01494668887633,1.75763943267531,0.704244740463923,2.23592696379153,0.260017409828,2.00234403073618,0.990747119375977,1.31732078698813,0.883553159362348,1.87280794467165,1.89972243938967,1.97346495255143,1.80789087274054,1.53812156798262,1.85277856404445,1.80960638026222,0.884964569551601,0.741875141288637,1.4320776264746,0.835773221940578,0.942363461727409,0.83954889197726,1.42061143081133,2.3861069063811,2.18579996392592,1.49741289156008,1.53439240502912,2.1701172874622,1.55987297637426,0.635725260176809,1.49178176249888,1.31123411882631,0.310771116462312,0.503008458483743,0.864282606274255,0.614731845370692,2.14423057975229,1.7864549545158,1.21117919391128,1.66150438244998,1.98866952537021,2.23031638634469,0.291708944991856,0.858319940091456,2.01092014840637,2.2924304662759,1.34997839999701,0.908771303943755,2.33683283838388,0.759352303799271,1.88138492713801
56,1.45188320211466,0.818602121776599,1.28107850925975,1.11762565407133,0.180361172821122,1.08553329605289,0.448243587981922,0.665153786058212,0.674157371672025,0.587821610179362,0.182547232250764,1.27196970826197,1.19260489975216,0.957097867202037,0.916137250954186,0.737575288436799,1.1228168282631,0.779648134102981,0.452288816015139,1.22878710186316,0.70738895395411,0.667030412050787,1.17256455297014,0.795425899742614,0.235985272314563,0.397401194182182,0.891871242632735,0.453825832998954,0.524054330024213,0.341302829760371,0.880320120468009,0.191799386573092,1.02874414314186,1.34397502934914,0.99760428828576,0.748306255391222,1.30155064980462,0.596559084176937,1.08059341962358,0.202713514578134,0.868301106924095,0.478856095007102,0.535806835619623,0.215728422227164,1.17712791604647,0.415856293500194,0.682516084666694,0.554621492367375,0.346031305669922,0.557518412673344,0.174626396927035,0.675611131627221,0.726446833008848,0.798770151990804,0.493775021058285,0.598798681403164,0.935217085763649,0.394599692785679,0.691465041255756,0.918960179906233,0.285718311429584,0.584123936372528,0.274075168139851,0.624111651717486,0.970139897382482,0.253260882671538,0.907645901109446,0.966490594642917,1.08124687668865,1.28383808388657,0.63772333379781,1.10256279854995,1.26301928092953,0.656134615959219,0.866236488730687,0.806492867181183,0.78448521225236,0.756240009353605,1.43501287854522,1.42806983800037,0.423614306045046,1.67664779752383,0.279556503221443,1.52025162948582,0.837560183465042,0.937861522183246,0.753524449190805,1.45080144746152,1.37151961766972,1.45428401283589,1.33662819663731,0.988677299140426,1.31855570312175,1.2932323484607,0.704892559067802,0.586142068454051,1.20082437132089,0.875023333442998,0.555157030498116,0.694335472338003,1.15849113571515,1.77299660839942,1.60781615320531,1.10504406309272,1.40109096949575,1.59741731881228,1.07072263134616,0.375911311397985,1.07551576869531,0.85137827886978,0.26375030553785,0.287597975044516,0.662917716516978,0.615596880749577,1.66826215955848,1.38415803451167,1.02348225340213,1.17419606229791,1.58478171166868,1.72794946500884,0.200688811503103,0.721717475288139,1.54828307525224,1.72860546945497,0.970394874529432,0.733008773855025,1.76961320910862,0.570365502449207,1.3885944530455
56.5,1.45595169166341,0.972269134297322,1.0287243803118,1.04745957031267,0.280973384278938,0.8927639253869,0.427110395291642,0.331737084297165,0.10516068032416,0.650218872976065,0.155243941904115,1.12453871441319,1.09740118194099,0.785694876876972,0.701291254366548,0.880585947085974,1.27286972088127,0.741897438910356,0.478078323038471,1.04488015909695,1.00509686836466,0.919558825818926,0.838689747782264,0.651765958746925,0.388280682994179,0.375850690075163,0.864014170188681,0.562483332603985,0.492742569826723,0.399781267575346,1.06331006531273,0.154117715349398,0.780281002719847,1.05821677915742,1.0270089572294,0.85336673141584,0.973285672486589,0.440316581985151,0.707788714921364,0.141184251402044,0.582140457267056,0.688095017912753,0.808424624788312,0.262545086433588,0.716635721696977,0.486875554505192,0.576049576253817,0.469561908880259,0.256976654961866,0.763775128956744,0.146858155692481,0.78110200316668,0.481921252039287,0.586404195895598,0.589372105844835,0.687433819853861,0.62675169000186,0.112634191713991,0.703811611755106,0.631112346926352,0.154683130660517,0.69167874595668,0.423660925669079,0.759285600916889,0.981685949921064,0.060278910624973,1.0369947194238,0.658991996246045,0.93341331202166,1.02528207652169,0.479860741747235,0.832555310711501,1.2591263130471,0.910457444608811,0.777148150800689,0.721610690026201,0.84288898740305,0.890442384206987,1.13954321365224,0.978601121635475,0.54943230265959,1.08996853887192,0.194007463052916,1.01032077908174,0.775193840657837,0.733092312430439,0.734850369363006,1.078613218849,0.938622152269962,1.07357799541321,0.961839824521728,0.55931147708548,0.806695524789742,0.942046709016673,0.746828246611725,0.373800869632909,1.01806478576018,0.949817104312744,0.56671101162514,0.858158546626981,0.975710923681815,1.22450782994061,1.12668402200417,0.722758812382822,1.40210790995036,1.0330774564135,0.612334353289862,0.225555834790545,0.91455930976423,0.519163991228133,0.487316557298836,0.254346020881398,0.32565183806265,0.287872182388803,1.26802027732128,0.939885076812977,0.580233581906851,0.906910576592021,1.17993166216866,1.23131734437836,0.0740802586190764,0.562090481487767,1.15338335847678,1.45743748881133,0.734900443757416,0.684215440617619,1.29631802530535,0.615261188156125,1.03029916321081
57,1.61616389067906,1.00987332163903,1.03523314576259,1.38772436514017,0.340621027040882,1.10172191169,0.67356227609687,0.0918955254569929,0.417124888300642,0.816994174080827,0.380574892647484,1.25460801104483,1.18012335237067,0.994276336836016,0.793060795273172,1.22672648706989,1.61537534106235,1.09524526445902,0.62874609640674,1.10793132458949,1.43252321130473,0.93182904412535,0.661099809976771,0.579653546954333,0.469859857262694,0.268531772395692,0.758432463734816,0.940954386582878,0.663714817081122,0.69840101926317,1.20162563330391,0.3028131304744,0.747540176617491,0.928118316141965,1.20862578695654,0.982447227561501,0.971830113699781,0.472316371313342,0.609325437189908,0.190596782129403,0.425827789092748,0.854698467628218,0.995743385116984,0.336533199087795,0.327462686124118,0.721618979774992,0.662740567342202,0.439998770113605,0.581908362689613,1.11041952494306,0.123800861309985,1.06109456479177,0.781463143505443,0.763895597297043,0.843657932410545,0.99316581722553,0.615489342639684,0.444692417836014,0.743848981122173,0.535495095320252,0.165648205074776,0.993156773296584,0.612363752078994,1.05996449158324,1.43073174368906,0.173678620560688,1.37131064526354,0.835133649711642,0.633809428359227,0.860158297437539,0.380115678805685,0.647363684025651,1.43848794299985,1.05297578547893,0.546069665435306,0.67392118443513,0.995900936141331,1.00389899949767,0.760864661105294,0.866548071869129,0.400880999768264,0.717615584334178,0.26721899369224,0.846813235277457,0.786400882390377,0.830824078019163,0.787374108072131,0.880315087879421,0.765588486573667,0.882098897124197,0.85111119801791,0.0787508783858656,0.289455936282767,0.80312457936626,0.731789889719666,0.236538405435141,1.19002641555388,1.1629262462501,0.612311238033727,1.39290836366583,1.14963001291403,0.988203003280086,0.795579023832281,0.910736635868037,1.486384334088,0.656946305874643,0.383666006035502,0.322394019937556,0.769365318297276,0.682888466665961,0.694015415868081,0.268882258412973,0.102499781855329,0.225127765365232,1.11080874405479,0.692902658185052,0.497862405887222,0.779624463438611,1.05696314666052,0.917771267611421,0.0893402737978092,0.615438663133114,0.818763174399241,1.19127983666145,0.648434922420905,0.568950431988952,1.01063503154,0.737923731915795,1.19173821927173
57.5,1.84941761108584,0.814485374264069,1.40126446651523,1.81885725857049,0.254302040805457,1.57804006402722,1.03697542706879,0.18736892197899,0.675241910253673,0.916217296782157,0.59247577693005,1.68057314376579,1.50128048163712,1.52527971757608,1.21412002897934,1.45528759128464,1.88334975890954,1.4982164007568,0.426032419513831,1.58347174958075,1.82819747709974,0.924873205779091,0.674779667248673,0.735896528582604,0.360075337438048,0.145876820757793,0.803051244142004,1.22963389904178,0.810559065981884,1.1203563007077,1.38279914165052,0.417795853257787,1.0096186668311,1.23622033010243,1.43021068389158,1.11656179432264,1.3459559911833,0.735306187418794,0.82391141107856,0.252193700034589,0.514396998582326,0.793073640670474,0.978266055707758,0.33787952175538,0.587154977629797,0.767802450412732,0.9097543121965,0.479399969235245,0.775877981150243,1.31373711368406,0.0830089955080579,1.41344409288058,1.14889351558078,1.17872698585769,1.09605388187349,1.35016300547116,1.1001355210816,0.627476476193916,0.712106228351893,0.945943798749268,0.375299626520679,1.45646746908199,0.778145019215835,1.24405599527754,2.01018659045289,0.222696081379892,1.74777949358318,1.29408079009939,0.765371245196919,0.97598572939974,0.434722693188692,0.857894794258966,1.86504875535988,1.12261909363896,0.681394373786727,0.74282407570573,1.27523949619765,1.29313988527815,0.961380259435811,0.893555294527045,0.583676080732115,0.922065584992184,0.143906705521908,0.978762466329945,1.0547462946428,1.33014986102411,1.0186738022795,1.15559606247927,1.15684917803003,1.257399313964,1.3697817198151,0.596931395261833,0.686442809935293,1.29540166506653,0.897695789988703,0.127350117862169,1.6843636489597,1.32141847541707,0.388367119930486,1.7500799558414,1.54597132234528,1.36881203159331,0.90295779281377,1.20497663481224,1.72280600700717,1.21095379860626,1.01575435605737,0.545538790685994,1.13729280213,1.18631917545826,0.90357602328007,0.57595837245454,0.39923597155393,0.197632213531455,1.46880694539891,1.09352564951095,0.66531231181183,1.12285399452902,1.4594776294959,1.07122963015607,0.122798813653042,0.750428094550574,0.887092968139718,1.33206308679456,1.04933247289632,0.640636840001415,1.39850684085625,0.966663391644181,1.94441651236224
58,2.26462018730348,0.694736170620498,1.96195041156496,2.37823836127437,0.157131234203966,2.17711396824639,1.37039815391906,0.497407505281435,0.913979480304468,1.1288979164898,0.614201842519208,2.08518959431465,1.88216410122674,1.97578496103775,1.67659454128556,1.73975395808573,2.24586021759323,1.79961396186016,0.123768181486971,2.18946210365215,1.99632922361385,0.822937980050909,1.03638839345385,0.977866659778518,0.324764184696657,0.258630349015063,0.912282690452075,1.47812780285447,1.03806915317484,1.31245199635334,1.44489328882521,0.570774309067163,1.46040533049535,1.82212483288273,1.76240750046396,1.29226763831896,1.84484419405889,1.04725696343755,1.25602759674816,0.338547716837016,0.729088518412424,0.777189690516946,0.965491797214153,0.249060104412904,1.00875056620557,0.89184818439745,1.20969721290217,0.625819191535916,0.957537424232491,1.50879844785646,0.153039878594763,1.6500899806213,1.48125383283719,1.5049555671185,1.21017277389096,1.56202713858383,1.46664094615106,0.75170779225693,0.876285361297979,1.35698291579195,0.50709875741553,1.73918036053673,0.923486291940914,1.39777423470251,2.5003773992945,0.408793817219523,2.26337773180389,1.77259054856974,1.12504988340011,1.4896808468309,0.63859362448312,1.29401265044137,2.21546766204179,1.00879276494507,0.931572292031988,1.06530424045629,1.61721416136122,1.53750800318393,1.47232146451594,1.42406698789495,0.744050671560683,1.61212567611606,0.107389854430915,1.49032885367429,1.39366360649036,1.72340840730187,1.27280000249005,1.82323039265863,1.89473630617668,1.94571652958365,1.95070559529395,0.937794717185902,1.29786650734299,1.95042271146584,1.10133924449576,0.0432034910564473,2.17329295852535,1.62466532354419,0.221933161191164,2.06493406706336,2.04513322281463,2.18040518139117,1.53943406044933,1.68636980136407,2.23561247461376,1.94065655860747,1.57856882665322,0.682020423248257,1.61265487644162,1.70769651082289,1.0639429118556,0.850282170990066,0.712548373724874,0.474345015678086,2.14774563593283,1.78060947263395,1.12615771664782,1.64422628158328,2.05015412181635,1.70424297186868,0.1984617616148,0.906638338293466,1.37174864082685,1.88961679281798,1.52651826672002,0.862462264894389,2.16102653092176,1.33984904900028,2.79417451973458
58.5,2.34931267542518,0.582001730773969,2.38821510987625,2.64591725006819,0.104625253673216,2.4097671128005,1.44871444496059,0.78041266626279,0.943130999077198,1.24994440139446,0.698468810120948,2.41077620188737,2.16567475693279,2.23727860927531,1.92946294686178,1.79450516924154,2.29529807376983,1.98071214068361,0.0787732796559233,2.42143159435039,2.05903830551492,0.906855955270767,1.45568826277083,1.22361443894245,0.198419668027682,0.446595310560371,1.20050920591751,1.50820472558444,1.10235169546429,1.43141606795184,1.55151918681605,0.71754607457267,1.91756768552856,2.25425257065188,1.92097995554291,1.50130091553896,2.24492740190163,1.23132266361739,1.64620547013476,0.387339064768758,0.903259618700984,0.680935544910376,0.908677853946576,0.151598158828922,1.26674086927961,0.92991764328575,1.39027562479455,0.67628872057041,0.991203371289164,1.4999940484835,0.21117350741906,1.70823972894357,1.61295219473715,1.76206605477441,1.23060629529767,1.65064774095635,1.76300524618946,0.782856377446825,1.09503138861684,1.65691139616594,0.616105737431069,1.88964943174344,0.904664307766311,1.42285931638793,2.82628503519471,0.305727111662114,2.40623552212289,2.05952120198356,1.60962929761356,1.98491607428726,0.836330414097592,1.75720818730889,2.62931068541839,1.02280841423614,1.29358007107657,1.38864769166356,1.90819638613096,1.87452525890719,2.07142405955844,1.92267095622622,1.01098064170008,2.12466445146779,0.19787397442113,1.97568938923764,1.64753218168404,1.98829229652456,1.50418193768038,2.29857460847447,2.29426984843779,2.29861956185605,2.41638665906601,1.24065785117604,1.66346310633738,2.36289791230351,1.33203724247123,0.218181266847062,2.51349639520969,1.78594793549394,0.353105148679424,2.04888710008298,2.55753557174403,3.04769841962752,2.25318383905207,1.88012937263686,2.66360018303478,2.61490134875635,2.00528551906629,0.853435704808788,2.04727855206894,1.83311587128664,0.997342484273636,0.871205356426518,0.87829044248275,0.606164469272438,2.88653793340636,2.41108418650643,1.49823755787373,2.00652560598279,2.60099000321799,2.38770812836493,0.242224804350003,1.15230512206889,1.92988481914852,2.34998413432591,1.72907803712584,1.12435202965145,2.81379701356244,1.61958020655575,3.16434088483051
59,2.41619796955039,0.621126500713702,2.75507078594314,2.9212739074098,0.122119769251164,2.60111235740917,1.53903441229554,0.943474302125141,0.975950033991761,1.43808642349824,0.747227680806807,2.54937236757566,2.32935804739165,2.34625810786083,2.16219011766396,1.87393601315211,2.33164270607329,2.02809486126478,0.430846035727697,2.68095629352278,1.99743966228308,0.817598599489554,1.71687022644298,1.39624454409839,0.183911373632778,0.524935441547216,1.25947267635113,1.50445100367703,1.22778122187348,1.5453393792127,1.48727227883625,0.741018923005465,2.00892113836852,2.56180618874978,2.06617642149485,1.50429569329189,2.41988298622854,1.35189133416504,1.86139168435642,0.365828270144629,1.07606254022634,0.690609731863522,0.913020766120803,0.094313394529319,1.50313193621197,1.0176685304861,1.43941751867737,0.712434258752654,1.04518639184643,1.46623370008902,0.217862309725672,1.66208224818289,1.63522284070918,1.74902048884181,1.13238483457152,1.58776180678589,1.89288483815827,0.797862083896801,1.40930560790337,1.7795265008578,0.700062470784899,1.88103683504278,0.887190520661177,1.40326711054267,2.9134362020114,0.349073213497176,2.59862460490436,2.30098869119327,1.85505519016951,2.25255090993054,0.981029821821515,1.98264950424213,2.72636521694716,0.967291762076203,1.48620550494092,1.70304352207182,2.1463224175864,1.99564179781953,2.4383662877707,2.31094770103533,1.08555961308159,2.53175380080034,0.328552139578929,2.31171404143002,1.8589477375925,2.13080522700762,1.58964182598806,2.64508828325632,2.64204078868726,2.67820317371495,2.64463589028964,1.26169994213411,1.89159940463404,2.64611859851481,1.54010653096721,0.354159878085443,2.65143423207368,2.01128945449187,0.706414580795833,1.98447267006401,2.61040994031172,3.30563716487588,2.56274498883662,2.00438115459639,3.00420635827708,3.00594102834405,2.23743269053311,0.78133454391045,2.27567405427466,1.98296575683796,0.943100937967612,0.903056562938786,1.0553879421807,0.699929703812423,3.23692026735031,2.58718895617531,1.72761326420233,2.20082613526502,2.76337040977388,2.61993979085267,0.287598635464617,1.32111142996577,2.14405955092705,2.74047509877356,1.94576131261892,1.26880784520372,3.16269516970348,1.83167898307497,3.40230474145459
59.5,2.01473462864946,0.531984733619615,2.76249069271395,2.7279273145511,0.269940512453401,2.44743661609847,1.3504165221896,1.14725798916654,1.018028730978,1.38715328998239,0.711734924462684,2.5136074586906,2.35065349395627,2.21365111110796,2.0592273150992,1.68323455736919,2.10608852568993,1.98333150627189,0.551266504829543,2.54601170657444,1.77305530661493,0.862098551958074,1.96963195934524,1.52805452632517,0.16991770582216,0.769173065049777,1.37847722297327,1.38665191422501,1.16204928823422,1.51115410431939,1.42126239689299,0.813079398112794,2.12204181381462,2.54588377783475,1.9366685104348,1.38249475505604,2.45884355688728,1.35215427928182,1.94865345832467,0.284210709664002,1.27007996566155,0.610100081690362,0.78743389306943,0.220880874169223,1.48322123254931,0.995422482541701,1.38217329902898,0.656574979491646,1.01375527593524,1.20282469853736,0.161593227809495,1.42471494020358,1.54568668227631,1.70475974551651,1.07034991837706,1.49038062442937,1.86299308307423,0.825581263606693,1.33140549400695,1.81481854614036,0.639506430702746,1.70129099425496,0.706994722053808,1.28748664289373,2.82894012891053,0.264103271056568,2.21980650520738,2.20974406881772,2.00726915358451,2.3955002572037,1.06183642270063,2.11475670039607,2.69902172540468,0.988375230717793,1.69515893328355,1.71201297960789,2.09079594049267,1.98942450479283,2.59552816559653,2.4380777361471,1.14532394637361,2.622543037522,0.32244639716789,2.46059284521815,1.82794872218084,2.11424979158956,1.62085557344607,2.72705244722454,2.61087455841895,2.61891903332902,2.64149196018149,1.22309468101979,1.8834931375119,2.55924349126404,1.47172469503906,0.475243613785771,2.51096040843604,1.93752159739143,0.942198594925176,1.65839567976701,2.69303613163579,3.66984579227495,2.84774470025546,1.9454301636693,2.93229652827858,3.1472575236019,2.23392250257564,0.775012495794558,2.25206841799975,1.85319794133347,0.770174239091581,0.777102966250951,1.05643509510367,0.704410006232478,3.44329444462047,2.71438413259674,1.81654155317258,2.13607212764477,2.8543807856864,2.72865923735875,0.228185098347077,1.4477706861424,2.3313747696423,2.88972790083717,1.83158109113341,1.29653883819132,3.15199598589852,1.74609688288884,3.08702126923806
60,1.57894586555039,0.660636212729975,2.61252049617175,2.42460573949663,0.358034693811566,2.18913846953965,1.20899273457446,1.19513564284074,1.01232104181429,1.25795114026204,0.85389544029492,2.26696248440821,2.18784125339412,1.93907096341596,1.93931247310752,1.47598603549977,1.88873007396026,1.83980895324424,0.892421913351084,2.43597654762205,1.44117677697041,0.733380673975281,1.95488724500356,1.51491657449923,0.243737215074849,0.721466255571148,1.28091640179908,1.2137605813987,1.09826558970719,1.54453630533221,1.1330350161678,0.739957330896244,1.95224830383584,2.41563138530252,1.66071305235725,1.11655045991938,2.3128341299784,1.31331607884905,1.83563854517627,0.192347721507136,1.34398701002108,0.579651672986024,0.683753187773566,0.296683229447209,1.48132952733572,0.997844943026397,1.2138940022342,0.677102569072475,0.992799760077415,0.935099903102246,0.14776967726176,1.17961132413488,1.3631918982903,1.49572395818057,0.891824400364962,1.30520169065323,1.82542217139812,0.858858888180179,1.31701318030031,1.77911281171866,0.643857714444626,1.4952607616602,0.527369818230956,1.09851332181975,2.55694367140482,0.102412943179332,1.89984713937562,2.09002285266035,1.94607525289714,2.29708496498454,1.09445612996954,2.01594439467846,2.36912746053613,0.8182577005978,1.65995593593504,1.81992112986144,1.87697748005274,1.81192070378222,2.62397027204379,2.43770407633186,1.11274917723105,2.54684247963502,0.360864053040407,2.42625821538044,1.77980285725937,2.02247821214327,1.4303180839519,2.63091884462175,2.53786127759151,2.57990434537621,2.49579443400229,1.19205428088704,1.80192732096059,2.42097541018216,1.45619531705714,0.551504858773323,2.19867461506058,1.76027620454482,1.19979731447478,1.23023916377049,2.33969903223202,3.29889229636514,2.60397611551276,1.73247599971941,2.69418129770372,3.03041443295081,2.15395799890094,0.650027565749448,2.2258646671647,1.76322984887783,0.655857020926212,0.790942541858064,1.09378581826006,0.506501776358464,3.20082286641225,2.36638090331084,1.61742829573545,1.96204570041335,2.59214705616757,2.4546639799306,0.250572620520043,1.36830557807426,2.17961834274617,2.79505414183324,1.77476535032025,1.14903351794371,2.86047493388813,1.67272480315039,2.7119477408949
60.5,1.05822777689906,0.859293585097495,2.16813594483492,1.80838811455341,0.479183649644143,1.71965047402532,0.897480569174594,1.27453064770126,1.1068078014962,0.954722974761783,0.772560493225792,1.81819032362051,1.84958064989872,1.49876080400866,1.51068043922282,1.04551947149888,1.40136082006023,1.46136112266073,0.948167166828607,1.95626094815172,0.967471459400329,0.839392746572953,1.92046694914788,1.39171422845622,0.36042888687488,0.909607479383534,1.22533002456525,0.962531946854065,0.939789568623715,1.26020870102013,0.861541956653192,0.742679283878997,1.81697377620948,2.13927386421667,1.34578472431832,0.814304318884048,2.0514343782409,1.17821800937525,1.70479164351685,0.189189567813009,1.28861007654512,0.395234958743331,0.563622560117594,0.377920978911566,1.34805952594274,0.836836254997529,0.983383060715021,0.591028607930331,0.881955581163947,0.538580863617562,0.165963859747383,0.788847991624181,1.1459889482064,1.23898561437011,0.701452760399766,1.03890731548639,1.57222195232774,0.829323127872117,1.02352605539423,1.55169403374499,0.511030795245613,1.19212940488175,0.305876198108435,0.791543489036688,2.06160851103225,0.157793150776542,1.37029374517409,1.80858632791379,1.7746867174996,2.14932181285566,1.03668181028868,1.82612797873759,1.92579130330374,0.920682039783392,1.54204917713394,1.62088640590369,1.58032476506476,1.47260533756301,2.32094644957397,2.30942915305613,0.94283548196459,2.40753929977812,0.315764051603567,2.35963165860178,1.49771122276598,1.66093996165695,1.13618939969092,2.32265045073677,2.19350040240473,2.15597459912988,2.0592790833593,1.04085157320348,1.58714869160915,1.94197837559659,1.12319702320952,0.569609689973572,1.71763941743562,1.44153593575479,1.27443773158051,0.717038977412728,1.98466292872682,3.03232393698332,2.40182015134766,1.44785650946098,2.03800284706423,2.6281723358175,1.77710995433744,0.53692627019225,1.80162061140519,1.35534296432152,0.482482201177927,0.630021358366257,0.935797716385802,0.563755225455691,2.8301760341607,2.12037702619965,1.50355637367138,1.6580501632943,2.2533811379421,2.12698589722303,0.195620789651751,1.2280782531474,2.00786324284594,2.47161869340679,1.43656495994008,0.89992120549875,2.41125290991505,1.25154924348384,2.0355512129043
61,0.603989083426574,0.988109392794173,1.57791353901354,1.11297608775332,0.503758994242151,1.15036617624663,0.591818092971305,1.0474027195686,0.951758177377976,0.554237772998386,0.785009577234141,1.24561494336317,1.35243460682316,0.970059476503975,1.05504275916721,0.611591592183504,0.84172967182136,1.01618690602145,1.09790018798674,1.45741425791678,0.495756269316927,0.851822273340348,1.53054564024984,1.1143401700263,0.470088899159786,0.868257751249396,1.03161579791313,0.66591144511275,0.681411979278344,1.00609353243587,0.566586659822884,0.510516309995909,1.38840615170416,1.79193212520159,0.921057193046409,0.496723933260932,1.59112581078569,1.02126108021907,1.37509720360721,0.156407059618827,1.08259192307033,0.353603561647869,0.572843801610805,0.399543150973769,1.21127115819764,0.63737141994584,0.659283522777824,0.505425670199125,0.767177152589913,0.217146643234753,0.234725198123172,0.418603445232641,0.762800755703828,0.833143492413954,0.406383354057775,0.703384811887415,1.29198244836703,0.792607723020327,0.800150643343079,1.34036770778531,0.377457297866084,0.842416059458733,0.0896209192276977,0.404730578580999,1.40758042590404,0.0757918358798601,0.907489306443527,1.47185487952946,1.57082179051211,1.81258974703449,0.895833966956216,1.45902921191319,1.33257674677024,1.00123088845106,1.37368105471464,1.38538096568868,1.1783790243338,1.14666129856877,2.02531594160627,1.80664989548706,0.845730223644539,2.08832261559857,0.225558311398888,1.91032662279898,1.15741790554157,1.22008389683023,0.724275339971008,1.77492895799477,1.69960922496999,1.66189536228299,1.51432571286967,1.0042420882801,1.37058581056104,1.45137707992616,0.950514970931429,0.540444294046369,1.11243903459976,1.02223034528515,1.29938822796455,0.269790604685797,1.29393376515527,2.24255359884719,1.88925803229687,1.00606674127548,1.343204901834,2.04962853165601,1.38209532675509,0.416020546300708,1.42293335796657,0.951988393661075,0.37998809628976,0.625189492203694,0.772611743806941,0.316858788520412,2.17606578074251,1.54325670056933,1.05186219026394,1.30030985481764,1.61496054371822,1.56022092451468,0.204989645909982,0.924040115420762,1.55938405862894,1.95624282200209,1.10766798328987,0.665284912786784,1.82373913042244,0.863212437065632,1.28273389070585
61.5,0.300524550402171,0.816511268815577,0.893442724887099,0.560083833652374,0.456437611409692,0.596045598853297,0.309201415222073,0.813439993031873,0.845808564379854,0.229411585237982,0.720880289638362,0.649597047068231,0.762581846888695,0.42332325575516,0.564929311295652,0.397631428330667,0.268502821977099,0.656785795293684,0.985439293503346,0.824489424965593,0.408864985075535,0.904501621111303,1.12573168534667,0.756335309461176,0.491449932673824,0.813376379982849,0.833866874166205,0.42879118556118,0.380006625879592,0.759082828823789,0.340726486199605,0.326544525517077,0.955096032244979,1.23494502837113,0.508449258289918,0.301605772903055,1.03949230961116,0.753805153254061,1.01542561031846,0.169202158153772,0.854826760005999,0.320840541374887,0.523814554505191,0.441454647173343,0.978836271221099,0.474725028965976,0.36388438351422,0.344052733705141,0.623634687912101,0.298494364666836,0.252149998476423,0.067252100326992,0.414880081522952,0.42418160207042,0.11015520072148,0.335878082108958,0.83145889703575,0.663350266013442,0.569453422976843,0.868354730857231,0.273498943755151,0.35210877489963,0.117515007384367,0.189716277344196,0.715318246453859,0.117580668795195,0.368123159550529,1.04326280507546,1.12407292838379,1.35928128802073,0.664235926846992,0.969103509256329,0.666481571419953,1.12565197403889,1.00971387442353,0.918159442788154,0.617706785561377,0.727908566774176,1.3863496361035,1.32260704041344,0.510658620072351,1.55959754641206,0.22892608844211,1.39957302957569,0.600436933592448,0.64431517330103,0.265443056055556,1.09894031395788,1.10098177586159,0.974629812650504,0.791062662748281,0.736146502837122,0.950732977734245,0.765510986945812,0.574151780104097,0.474774891264541,0.384244555560406,0.57718344544303,1.05233146205565,0.511528106708585,0.593178788641954,1.44234302576113,1.33657980780915,0.709083806151974,0.594777798341899,1.29357102559486,0.830619448323859,0.25432801591315,0.778527336775193,0.632157065462714,0.21687406464122,0.345398764067372,0.557848096113278,0.264578530329646,1.40065478866864,1.00957651265949,0.745052199221672,0.747266235202707,0.880788313678182,0.968157811796712,0.206822997917145,0.58623815933744,1.08064944354285,1.24887855590321,0.636876740399449,0.347024527116787,1.11232431816368,0.414104291201812,0.630874780103734
62,0.189457610047622,0.61681995221238,0.421367547928164,0.599059689917455,0.4003401820113,0.336070191216257,0.291985382861659,0.514843977713843,0.709136034602812,0.116193957596778,0.581573475893737,0.442321259514738,0.196491808012181,0.208799458254379,0.307433053014454,0.635804789512544,0.353877651007663,0.666589929151072,0.801220087527791,0.345487224228852,0.641026904437112,0.699544704403072,0.62114469550568,0.370409938123564,0.473757243525229,0.628205390596627,0.478377472354971,0.500538085110383,0.129696420441168,0.58373044893058,0.260594374425121,0.128368332611465,0.516639029273776,0.67330734338242,0.116218478586921,0.27179566598987,0.538417274909815,0.538721425007021,0.541833196237128,0.0900366960167601,0.610809985019646,0.311981569216731,0.431209080087761,0.377848836128633,0.819519141272208,0.320616039675789,0.291595730330782,0.117241861117004,0.574985673076763,0.536061421127321,0.286999285894836,0.249862793526308,0.303559122732406,0.217129910510933,0.202849636048718,0.165339686325529,0.39753592065293,0.615776897305983,0.490238748229401,0.485125924789224,0.224233742459454,0.133502201389363,0.289586828479488,0.424989937298137,0.385031615146295,0.160023256200771,0.320989835836121,0.741185551013194,0.716744206757343,0.750604004415064,0.428442679199414,0.483448714527189,0.0433048605387436,0.980408717714541,0.649787374136725,0.437506667070998,0.149739310684758,0.427543020755232,0.749569180773716,0.676719803915133,0.251163138856202,0.869638934589645,0.211201429552211,0.66266383341016,0.0581270719529681,0.562223247692019,0.231510118389269,0.327510657050686,0.45361111002799,0.34911433019144,0.389138189260796,0.628124518909161,0.654144229609437,0.359007522699094,0.369273189052953,0.364585402464202,0.394908559814818,0.422010917726563,0.758308020512466,0.987196104596916,0.259398166198059,0.51794938416322,0.609515910614408,0.747919901812465,0.29686504653944,0.721847470723357,0.598160595014403,0.275485958538075,0.283490903843151,0.663200553973135,0.290235580617806,0.131994177235322,0.359302106621152,0.124670401319866,0.511607005871085,0.357513950469365,0.247714094579468,0.265793338898722,0.300688487125667,0.369471655907741,0.113665061802394,0.190304661926334,0.607289578071122,0.56855440902534,0.36616761374819,0.126526886653015,0.585508507102317,0.0444621787907015,0.683436876389804
62.5,0.234395396801413,0.247665881981105,0.635037148767769,0.78382548521736,0.221115540977467,0.624449456232436,0.442242698452583,0.308448684514867,0.558126375345319,0.200781156661222,0.62795939670209,0.760627546781688,0.356671479844061,0.570372337421769,0.590134493984982,0.798443425379965,0.696376772259367,0.865513176255972,0.566523484868025,0.577491129094691,0.820740207614739,0.482745923526758,0.267991864611908,0.213934171553394,0.24919026408958,0.315918512395613,0.0779561836614616,0.605164822859813,0.321630768869899,0.656485130820248,0.275804220090308,0.162633405414765,0.386228036125268,0.475764131655254,0.244278445764675,0.282726958916263,0.479733003245944,0.414816299482802,0.209794760687404,0.0218339257375977,0.391560195554289,0.189821007109037,0.184767425434325,0.244886528293859,0.679444466498044,0.217904954637609,0.415604685369389,0.0481443094458721,0.491575520836456,0.520190309566459,0.135415094318078,0.428987425691675,0.429298093051335,0.505617579575519,0.414355635034806,0.495340751038985,0.481400475924971,0.555539335069464,0.284125251853289,0.503056849207255,0.359922847495138,0.617609412560071,0.327297681357686,0.601048481304327,0.862275322966563,0.138682445405511,0.576315773789165,0.665664408288429,0.214341099972297,0.228900747641673,0.351964567238721,0.331687225053249,0.536258711548823,0.765004481689955,0.148830542984354,0.0892526560878544,0.447334689018653,0.381655351391175,0.307421162508623,0.423037685099279,0.113406799796741,0.631443999755417,0.168397361421608,0.386743129811645,0.483256155489036,1.03289381086502,0.659526515444856,0.570179104195288,0.612802931691732,0.712104491714842,0.928453769460184,0.739388489596748,0.692114124307355,0.893282943738837,0.347202481709094,0.235696359627632,1.00275664926519,0.617994013475018,0.386477302876331,1.13770949979429,0.980510774253794,0.983327187141751,0.542110775854359,0.898706924158698,0.698618095335052,1.00558630328959,0.982331501673894,0.422542204046209,0.647565192540906,0.959419063775561,0.367008250065423,0.203705588690073,0.416440259163878,0.118745405804292,0.548863888879729,0.418193599074302,0.286714409569804,0.58365138779219,0.820036433931147,0.544118205293807,0.114484090933674,0.224692230875456,0.571494241915551,0.558838962167953,0.686507603627215,0.248289092879981,0.850213079585166,0.435214458130107,1.23390247480249
63,0.441490240916502,0.381873295018108,1.00231326803841,0.935672407362433,0.275148402558762,0.971151711123145,0.552036053517051,0.280996282692253,0.573997914200695,0.207410684931943,0.578349625444937,0.877702831875113,0.719381860462874,0.788570812715227,0.905760440939085,0.925421841729123,0.966286238290914,0.952497369687214,0.3775839880741,1.0001767727032,0.739928427142578,0.088891327853792,0.430670604391259,0.429617854060779,0.141458572483248,0.271035347630053,0.224266552134561,0.654328550041814,0.547508310182966,0.702673346718061,0.114491093699056,0.205443692569317,0.58207172025504,0.811950136360001,0.533608270099034,0.28959750625078,0.741665179839934,0.47792851340796,0.438573043098095,0.108813849361134,0.490143706714185,0.137117728971368,0.0666598242547255,0.202540406873001,0.66321764068602,0.259528248148316,0.489527554817647,0.252999682270381,0.498635994639608,0.461908801200525,0.130311562176671,0.453731916943164,0.530184184118027,0.645818356888068,0.43056255027444,0.652150235854305,0.779345972300979,0.554287776510429,0.351699130458422,0.873892107968491,0.350094021617519,0.828907960043201,0.347998512874989,0.688422704925676,1.20921206819447,0.210027805012919,0.904577530238767,0.80934307678387,0.367035977745264,0.572571247256782,0.514079229949055,0.694898564202467,0.769117481406183,0.302408671025121,0.275715989840944,0.444174800024179,0.749629000144124,0.553495864412319,0.768075346748475,0.943163311140139,0.395422767797557,1.20687542626447,0.0405915890420889,0.932055546357884,0.895809378705703,1.35801386420581,0.884048074883138,1.24427633400815,1.31388952905716,1.39382258589098,1.38241557660783,0.815720713423992,1.02461267040109,1.51300934646744,0.627947596099583,0.239785147547208,1.38498281666483,0.930345310586374,0.53607286804863,1.1693757835913,1.38515020749958,1.7864424583952,1.18336847691459,1.08357852977705,1.11165400324311,1.52732756430248,1.32141547348382,0.485457317848402,1.10126661701758,1.30981885514704,0.441676341395763,0.453095213567065,0.611771372549274,0.270482555326486,1.28626216141984,0.962447869385192,0.668273870550272,1.05519602523895,1.38932224151726,1.10264126440712,0.113839826039708,0.530246284497535,0.941485569676214,1.10420193781045,1.07810428393583,0.421997268914277,1.37860553401963,0.736225181164313,1.74033922870209
63.5,0.461498180433735,0.701498914587222,1.00322373306047,0.677400728115852,0.39969161985747,0.88034050354529,0.366654067082269,0.423480644230866,0.556367830271071,0.152808295112655,0.520918897595652,0.751280594350295,0.78413798924468,0.728473188102607,0.856364817029292,0.590009310011749,0.774380981334998,0.817291187081735,0.458092251310933,0.982285492469145,0.466353143499046,0.300491742649572,0.720115738513107,0.588245019519841,0.218760557795319,0.435779418618191,0.550521747324723,0.498778088075857,0.523357271409514,0.618296845958667,0.113915271087398,0.283833442860283,0.813571403246058,0.949276241683516,0.574112559701923,0.36079273876075,0.902518754900559,0.507112010431294,0.570372710503009,0.135066401729167,0.533354515824676,0.199672695730908,0.361513405359138,0.269927446953446,0.561155684602234,0.253408646188707,0.420327318151919,0.306964972147852,0.340195773694105,0.187173924048707,0.183546705654535,0.266824655955341,0.48807037096217,0.690470918479783,0.388161655025436,0.671304079104247,0.902463814685521,0.398947647967852,0.491993430866123,0.993161930563926,0.34444991032275,0.817466429822117,0.221459120814594,0.540021167467732,1.22040896294145,0.13492274152508,0.805858283890391,0.704579157354047,0.737135090212583,0.933277742059122,0.588020497203462,0.931415529536519,0.858117273658693,0.201940465822464,0.580106986243157,0.696803351952444,0.775623060262575,0.715622529303414,1.24994905177111,1.36809556126731,0.549379655595761,1.64907964428065,0.065363419463622,1.38827846179469,1.02793697943722,1.40286239643728,0.887333093027296,1.53869410145728,1.57006193654372,1.57407091186304,1.56061454069761,0.926738434174289,1.18692707152759,1.64732754963054,0.755681376877274,0.310647175730811,1.43302771122631,1.01156322272491,0.831369735086541,0.781291442008854,1.66715381566652,2.47942961145467,1.74167711890369,0.938601352539405,1.27845519772059,1.85816434816169,1.36923810021467,0.56623916668102,1.36261626243309,1.17019902987716,0.365992215183446,0.442493434179382,0.665541440688621,0.326387383050367,1.82708506956478,1.37842694135492,0.884608634056226,1.24383651107948,1.73831505094618,1.57590016800697,0.143788079189359,0.758014226287855,1.32898010465713,1.49631384287054,1.14556079438459,0.533031564578342,1.66746909891896,0.810527450534042,1.7111241092856
64,0.450148882562322,0.887092478918034,0.800415814916116,0.32705533363906,0.423634350450212,0.601222592296104,0.229042493673447,0.405664357340104,0.465436817083085,0.130313639551591,0.505030227079289,0.431993700459598,0.620649913843834,0.494146099149736,0.722477680797438,0.239916243386567,0.513429432134052,0.502411831236728,0.803781034744354,0.897778569194384,0.0136096896099513,0.593935696338406,0.764639116763471,0.57508546438172,0.330249369040074,0.440513327304914,0.542773746212584,0.288611718481344,0.44963745650555,0.544372640097494,0.327541657824421,0.111703180622242,0.655740332851546,0.926504805923493,0.576902409378728,0.399589727499122,0.789207883012198,0.469020684042731,0.532772158839647,0.178452112122239,0.529354595136544,0.338800252456269,0.522391284662094,0.340557099853495,0.56685685237985,0.258718603995527,0.262030515704129,0.344766682022737,0.343275047370311,0.130232943131092,0.236923177132333,0.130985471710815,0.268039801151333,0.386861557657209,0.171013936897869,0.468953158816709,0.7913186236331,0.318409181908855,0.677985326155881,0.929106918300174,0.26499708803946,0.538972926755862,0.135314180301947,0.260394745391576,0.860058620495443,0.135287778061657,0.719577231335864,0.57628325792863,0.863969806389626,0.949524019733117,0.516132477884306,0.830412404988767,0.619839707787425,0.591145931979129,0.686686002434646,0.821480619435478,0.743033402055297,0.716720288096708,1.37774814423266,1.39599527257924,0.554053617368438,1.80767080174889,0.198213188748133,1.45960432471979,1.00049751224975,1.12704177588916,0.744309181415794,1.51005098720795,1.65251190261257,1.64989150523137,1.33992653077096,0.828444732360929,1.24116612872978,1.59026011485549,0.841180248872533,0.376674391308007,1.12679417182888,1.16216599613514,1.11231331328394,0.33745032890035,1.25782088739876,2.05406462399954,1.57797274644256,0.596688961508869,1.24179674096964,1.68543312976554,1.16756510226143,0.35461949440147,1.29998571880878,0.994423899657405,0.302701972464893,0.4863121627398,0.747799589691126,0.326680689984916,1.75289399429348,1.31481861384856,0.882015338077472,1.13515525685042,1.45867630846203,1.46404568228512,0.116910931558146,0.768021873506469,1.26685575819694,1.65074253492991,1.13776574879095,0.51543477289978,1.60399248896655,0.769015917647852,1.45943353266629
64.5,0.408930892985184,0.721061181953225,0.259553125864293,0.242522303483585,0.366739671912149,0.165677441293788,0.227518918595864,0.423239109034959,0.428557328175372,0.109019023750853,0.497362026494898,0.172914560703038,0.226510657579739,0.026733517777986,0.236111921751301,0.193588807024826,0.366084062739054,0.199467521378508,0.694311990106266,0.338205078551945,0.476761572925818,0.842458589768287,0.724886887244066,0.388880692814595,0.330234467414112,0.452076609911638,0.505751697754471,0.121196358839198,0.216822776040368,0.517153510601245,0.509307894398924,0.0170123636068101,0.455046780855078,0.617059426509514,0.370281894152715,0.414811178568676,0.47257836808865,0.222564879651142,0.33124199285533,0.0982833173064947,0.352304987412842,0.371228934499548,0.536269387727908,0.366246567857891,0.346826766227885,0.233197909814174,0.028443889340984,0.237500990792198,0.429722203023282,0.418061950934087,0.18117354579121,0.340771679245179,0.258475260384579,0.0565919371066872,0.123158693026367,0.185909069448211,0.406902128865466,0.270310147305817,0.550549237461321,0.499467026764667,0.25670583950478,0.172062500113828,0.329424037230148,0.251884581143647,0.249082331660246,0.108874517385417,0.442566711050194,0.190797164539923,0.742066875961782,0.788383015405299,0.380310563398713,0.51947583973657,0.333563372936687,0.885464165907398,0.615300494992707,0.585323380595599,0.504941000901393,0.680665395506022,1.02856912455018,1.01848855811782,0.412235893660141,1.38448151061948,0.18962932843447,1.18233694805256,0.613749105113912,0.419874325911267,0.493912132266479,1.08687675171276,1.11172102986191,1.00857684823764,0.712753896159469,0.522242670719699,0.835106546305834,0.92326871733794,0.683760170225229,0.407150159812437,0.661947510929761,1.0235054502785,0.910259465786697,0.472440345839542,0.935064296816295,1.57679230572282,1.30263286270225,0.257831420925552,1.04112529505776,1.01067903410124,0.567998276890985,0.152609457496465,0.841153938978256,0.387300114747052,0.327464403574374,0.187139297149951,0.458916770303381,0.201638604410243,1.38723431152147,1.11333106894932,0.703317658677615,0.73240428190421,0.966454126410943,1.17681489655016,0.0265917839567137,0.662270391118974,1.10546845192591,1.43051625680839,0.654419098704264,0.4547986512383,1.15652608191025,0.659441318553205,0.762695053088001
65,0.523378048326332,0.518959279761219,0.379051037717671,0.761689677798061,0.288920926936987,0.529312295198202,0.479854029897599,0.328059186608001,0.394403074278425,0.180882211181317,0.439245278910465,0.457095433743617,0.198034039026365,0.377168685493885,0.261482498056556,0.6064542784842,0.576317703101427,0.421959120237079,0.55775436412683,0.239966073684629,0.809549596848396,0.70282333573699,0.342817642946304,0.117282417195071,0.332116471847705,0.33049156941152,0.295325137553317,0.418417915125936,0.0357518680389496,0.608951519467138,0.521765162419377,0.167140265096353,0.125405846116518,0.19419224495148,0.294705027381439,0.340700058858367,0.217277195742179,0.155001336912075,0.0705213615585675,0.0582822008982256,0.191852981778391,0.369638411744639,0.431417143645254,0.27706038287936,0.390198218668694,0.326527308028269,0.318203331858827,0.11317513026268,0.657186714714387,0.685842627706181,0.206931804302963,0.546678863680444,0.539121794686646,0.356273447227364,0.310010223743739,0.227228493497774,0.151170836943551,0.37940795775368,0.442009454111015,0.190321215116382,0.14763652274222,0.383948683133055,0.574544482781699,0.59300139251198,0.38642169807402,0.150391038566116,0.35753038711455,0.273954293924274,0.39489117459205,0.297373340982163,0.200724101033689,0.137598727340042,0.417858243423749,0.717919378703687,0.274638888703598,0.295297978951606,0.368357343366163,0.565084752237154,0.500813943577546,0.458324891554507,0.12933455328122,0.737361896764658,0.262732238133797,0.587957736948066,0.450325581066917,0.264594057845125,0.307789441043301,0.413537276945433,0.380256022358266,0.444031173322583,0.379736220276078,0.325542796356897,0.302932093590033,0.358101626219944,0.641092978325318,0.33532837449509,0.637564636938133,0.891752398073969,0.618523222700559,0.901811308899699,0.626967202791016,0.624731943196888,0.601680172720991,0.279337775306415,0.940112993655109,0.349171215474133,0.0718456132617625,0.101439764557553,0.392219685758837,0.243600336544878,0.386290271752228,0.0992725658209725,0.222800663400097,0.0275753083169129,0.577003495465031,0.435293988318406,0.270660830246203,0.200736786039567,0.276187879752859,0.563544026711954,0.103190813556671,0.489892275065342,0.541662222759351,0.87643723047253,0.320459425850185,0.367527309066377,0.564592153272114,0.635697529679338,0.592131184276772
65.5,0.497540801705098,0.264896853029964,0.86398594508565,1.03007388322093,0.280989921642215,0.918164383525876,0.657150544776108,0.378200544924051,0.458392559851829,0.269783009490125,0.486695120956342,0.74272489221801,0.528884836086852,0.66705878310612,0.554265144103443,0.699677402283446,0.689573878903702,0.717209261530222,0.361801672387095,0.675735847636178,0.964643914442573,0.54583030567679,0.0482774827394776,0.172651886582251,0.229004731710508,0.2828633065163,0.0866022910115439,0.660410661283456,0.238556585635695,0.76841778271933,0.555038230623163,0.331928209637814,0.40212978626374,0.367676367775888,0.406075629889004,0.22378023271601,0.661505340587719,0.372868773429013,0.375155751377264,0.0534208429065036,0.331505605315388,0.243103101407687,0.237171213412797,0.136953945295402,0.530973343598553,0.307257806071298,0.577462767768036,0.02701475154452,0.737492525909718,0.673663822424562,0.120699893953753,0.615466111274584,0.726724381360064,0.684781794977078,0.442141576011548,0.426836538169729,0.431491023558043,0.427158219142037,0.213318870935997,0.491926124159176,0.159013517544437,0.574743666918178,0.547943615589923,0.717498332286468,0.877772713218507,0.0472671422282783,0.425638343300762,0.586645709991889,0.073664426773134,0.16988504321521,0.202771117717083,0.31237830011867,0.792305275195888,0.524198060651022,0.183799126712745,0.188051825729765,0.488129728983044,0.470101170073585,0.173299774739423,0.254139223762554,0.12517167050244,0.0640996946349885,0.213927500660682,0.325612102035719,0.561546771497862,0.731385808909944,0.534950479881624,0.501317576626893,0.386345718948394,0.684138471242247,0.787085576279758,0.315560189506403,0.256290350554881,0.69898510967531,0.491308702223386,0.107615127507103,0.980259145055478,0.786639260015891,0.275291268543929,1.06803432951423,0.901792635278747,0.816997674711617,0.476061618808436,0.618259481526059,0.920223368141022,0.689331551893648,0.54376242088391,0.313790144811657,0.424593538938194,0.578149361549695,0.402658460570716,0.265227338816046,0.229757836391344,0.212433006168241,0.53715774880597,0.362368102606103,0.335697220319315,0.465895835565263,0.639306093250217,0.340173313902885,0.0750952949137833,0.377011152607046,0.251941915215403,0.624084206141554,0.512659132558064,0.42464064531458,0.553554300369223,0.451555553655504,0.917932417247203
66,0.451819676019324,0.398945925176303,1.19066032032402,1.23145527250129,0.315009938606308,1.20337159164284,0.870885577816257,0.499042809055561,0.511800591197669,0.358729071584858,0.666886625424229,0.932821864708239,0.698833058478634,0.776888139380492,0.773131129172691,0.778139761085449,0.786996759665741,0.931705691646894,0.433399770949429,1.05821195248468,1.04356256890382,0.320645412965416,0.404048433768783,0.38388297104051,0.204253574371373,0.388523973383355,0.0832567136805784,0.819537729181745,0.424373212634796,0.996313696266838,0.494287897059665,0.316869738742879,0.576921266554655,0.751467565496066,0.454597144427226,0.180703092665294,0.983881444783413,0.571885462611481,0.674259009654044,0.122680060334677,0.57158803271937,0.126667076780315,0.124260418174132,0.0778822713042489,0.775929883436728,0.298188188212247,0.692755495764299,0.208202061754798,0.913621236940372,0.648167727542112,0.0950866602009521,0.647978206651043,0.811788234403075,0.776698641751985,0.456221287687321,0.513155194841163,0.675706558672255,0.518738300367935,0.140778919028298,0.806403725647147,0.229479896127902,0.666215897389904,0.520138593910102,0.773839663297571,1.13742356977443,0.104395814607788,0.548683562003222,0.906143826826004,0.412120591212858,0.612473888691928,0.374544511092313,0.599436790492045,0.947382121243827,0.262808768410492,0.477749169066061,0.474611680734252,0.574555070706222,0.493407617142295,0.66330558185363,0.633389265893114,0.374821123091403,0.597895216133291,0.132441897376212,0.715808697721321,0.754736480783307,1.00599678807966,0.681490201049636,1.00581062450078,0.944263445731063,1.2002197785934,1.18884976578561,0.542284374952678,0.775750607358133,1.18604982999877,0.591973500558684,0.159364877276465,1.16763647678972,0.608475945387882,0.334472945473715,1.14943105104015,1.06356537571203,1.20989492109414,0.823856408065436,0.874535284359681,1.03215776083322,1.15899306806085,0.928948858966374,0.345065713917058,0.759738372091998,0.906705746502705,0.462316154191406,0.47242847501311,0.500131613720018,0.239306859382561,1.07362798331078,0.780328832239412,0.654959981201285,0.954934733041639,1.10688149286457,0.788964951482409,0.12854600908714,0.408947458754243,0.600420886599786,0.961018929343942,0.887771337552385,0.498277535271,0.944612106623498,0.475781508600278,1.19706156961492
66.5,0.316026492560824,0.644296499238436,1.13913289345329,1.15740803139803,0.407889746663357,1.14193897061912,0.900686660023656,0.727984253511532,0.68346510245145,0.333360111455003,0.73355844174188,1.02786976372372,0.706455179402521,0.727868196110237,0.739988259492916,0.891459466653422,0.822574522650263,1.05979774565666,0.492318260681873,1.0635205993799,1.14908762634547,0.324952550629453,0.709589149868934,0.51068223494754,0.267680196800555,0.611295026449392,0.262090431901181,0.847459936415059,0.422985548266595,1.08104594834267,0.46822397755524,0.312784393094363,0.74808445159254,0.876478676884451,0.412134708091432,0.146120427042407,1.09945169790698,0.620019729100213,0.836237243789714,0.150082655081459,0.657432044472085,0.118359058400689,0.0742469698664808,0.171850001997697,0.925296414848852,0.251763628997395,0.712491810265513,0.210580048575444,1.03731608232345,0.689372632836176,0.191808601058288,0.636585315500887,0.924082069469781,0.830536195002086,0.483763260603595,0.563103400775681,0.749882923762912,0.630393646489072,0.110814932103087,0.861511579903219,0.294860666906591,0.633953542676156,0.543186166154453,0.854886054649526,1.26565102477197,0.173933675072053,0.559292118183119,1.17644376322994,0.620906176947755,0.871738595427365,0.487561436799372,0.763854999685874,1.0163239428047,0.180499550200727,0.682908637356493,0.546312963377643,0.518356490982476,0.393769082580013,0.816469562795913,0.904296246181747,0.390331088083267,0.937221313730978,0.156183582308145,1.02924586413237,0.728202606625405,0.992591691534586,0.679118045512493,1.25253213269929,1.13356191360067,1.2701545886807,1.27536267315472,0.702793759401772,1.00497060544695,1.22430207887299,0.466928800504582,0.279972738175448,1.17410734587584,0.515631532712193,0.575889963616858,1.15926516912288,1.13242523880201,1.58813431803629,1.18622678289272,1.10828123767136,0.9823588090322,1.34246776675045,1.05930913542274,0.320862265167276,0.825106562392553,1.03347155191632,0.343804956540404,0.379344400378947,0.581713168856102,0.368267155672649,1.40160578549027,1.15568653618069,0.928211690243655,1.12238410140748,1.4078393111054,1.18479699168192,0.176271646112457,0.504529967880248,0.947617798954589,1.19603881059831,0.958382017409756,0.425923368529584,1.16440114917955,0.471349153463348,1.16810389576745
67,0.378585686790087,0.777934977238441,0.980666855300502,1.09036931992468,0.409629800158776,1.07627344684284,0.955401600095683,0.796595576846132,0.809934663795721,0.317717714167356,0.841623949679304,1.17455642281783,0.657508063723173,0.757810355378098,0.780129469031431,1.06876714344484,0.900389410697976,1.1892634762,0.611528352688241,1.12937637776532,1.35046840055023,0.523221328125028,0.750189990361061,0.554554999235675,0.290405341346431,0.60169193003975,0.205980989848311,0.936898651863627,0.380337600160057,1.13689397826267,0.458355362610641,0.21034276760469,0.767227231127703,0.941220075244827,0.327020543418241,0.126666763772775,1.03202317730896,0.613775623121914,0.765494843926457,0.149211628189392,0.631049196566457,0.30077212374586,0.224938262045626,0.21241049620314,1.14267648558111,0.187416141084066,0.6695695697677,0.247957570388138,1.18785752540582,0.907285296586769,0.285945289559162,0.743787974566403,1.04445078482528,0.907434536969947,0.572520515268743,0.700036454386104,0.89554695328005,0.778154120465231,0.136423895582452,0.929849002680447,0.396927036065851,0.788393689182026,0.672222075056003,1.08724001074005,1.5034351247648,0.186304087533818,0.722504252484074,1.43070055320756,0.745534123490961,0.906240685365288,0.543878301311686,0.820879543200642,1.1340205988784,0.312076037167588,0.759031714663476,0.588422653132715,0.475489879585338,0.438494070637906,0.939227174953761,0.926624894757042,0.427244955182478,1.07563737730957,0.0827164801564188,1.04926674677375,0.715471840776424,1.12735773839184,0.665877719826871,1.28428490470578,1.16162921052385,1.25751399782102,1.32885270945459,0.970195682694953,1.19295070753777,1.23040734964468,0.408777086849453,0.36103293928004,1.17945017608234,0.347911935830545,0.772729395305249,1.24001725892463,0.97524361545885,1.44518985954492,1.1823951860055,1.18581130058855,0.906481323740667,1.45841954584743,1.2247960429397,0.325735266314158,0.918187350723836,1.18269322159326,0.343209461018645,0.383168279803283,0.702890008440594,0.299686887019424,1.36486616204815,1.14070846638889,0.878130742798622,1.16141707455589,1.39509460697531,1.21555435144017,0.154751919900148,0.440693248292674,0.996304031911846,1.27276501819836,1.04907649273254,0.388363655588895,1.20174920094658,0.466726430238429,1.15285798797912
67.5,0.549622558362907,0.715601159996511,1.0262807173687,1.25463635779068,0.402559790184281,1.22170918267068,1.08277585576377,0.877734415503344,0.922277725342995,0.459872072232052,0.85424472377742,1.41213440184225,0.834809139008517,1.0621058484132,1.0590325485079,1.22620284761913,0.982812056982828,1.31441324754245,0.590097151464301,1.32895284354215,1.57648880121717,0.683319383300165,0.78106756309179,0.602015653270149,0.244133730153516,0.616789333254741,0.13078481008393,1.20106483386073,0.440756877085088,1.27013585612486,0.569193079939381,0.21368119242506,0.846340695985944,1.0332981915058,0.53508251755958,0.293603966171253,1.05334858003993,0.603097303698775,0.761105423271,0.215454368467292,0.615738042657857,0.368033157181702,0.261286723513296,0.263571782927253,1.22509727511194,0.0597242175911097,0.805678115879104,0.225566511972789,1.22267955744378,1.01468867113917,0.336582527207777,0.996805109436835,1.23788827481196,1.04890521172746,0.708756548386374,0.958100856678681,1.13223159420795,0.842895265283813,0.292883906659616,0.983366213387474,0.545696343400503,1.16611665184938,1.02135303323519,1.44896807254847,1.81901667696137,0.171154068376902,1.01279857476551,1.46745107196953,0.725244708910705,0.955079654036423,0.585353325066884,0.873932431506194,1.31098529144902,0.401714650292475,0.637391330247131,0.644079245528791,0.69484799543454,0.681992392285323,1.01555481445476,1.06510799888532,0.378324768206147,1.27524579070289,0.0922585084638278,1.16643956035164,0.867640520710626,1.4594860526195,0.779175187725894,1.40193814842406,1.36251327337166,1.47106800574307,1.5031692009586,1.04546050969565,1.2593966830918,1.34408363892845,0.313193734065021,0.381098088247266,1.20364540936086,0.451474069007413,0.714454135468286,1.22294260635958,0.914076871474704,1.40874344821762,1.1878646692065,1.08423010982189,0.75772818541768,1.61201448464846,1.36499380654653,0.371317466490192,0.931887519331452,1.24957524417592,0.343431548208946,0.405258806314194,0.775530838898722,0.360978631882244,1.30599426684703,1.16185863807193,0.936115875469855,1.21818572594782,1.42194371297076,1.25804651058634,0.233211196178416,0.367514607917749,1.05149757207533,1.30280681350856,1.22285506639939,0.371175409112075,1.25615368987634,0.53616838182173,1.42393417539718
68,0.76156620347746,0.671684790613873,1.31882688801076,1.62547960785956,0.416724504245331,1.57348723319595,1.27761405294506,0.915215587633353,0.98213327780153,0.643419970672823,0.886974482804939,1.54388898073549,1.09867110395604,1.27201862283473,1.39888332230622,1.46108083351616,1.14883608863382,1.4488880474136,0.636026861561304,1.61694590520212,1.66774241765439,0.545854783974547,0.888866962236556,0.721827889439282,0.238881368882517,0.678281279066977,0.142736883540825,1.48824147255534,0.585420258096522,1.36586670465003,0.594737369178901,0.250251071101924,0.998368794253369,1.28549354684552,0.748435662161235,0.420636443678029,1.29171404594532,0.742462041900082,0.884084383419334,0.186529467280804,0.714940228503462,0.398190868600433,0.197106747123143,0.271066819861038,1.33615943032561,0.119058811090635,1.08680319560025,0.0972210872470738,1.34219767540488,1.14642578282274,0.424079948382296,1.15861742628775,1.40511316807919,1.10979104552874,0.726255956068212,1.05477507880017,1.22720867194223,0.912014813469555,0.422752941687979,1.17831297943246,0.496569650741683,1.3139387871939,1.32807595870313,1.76131710582267,2.02124304474061,0.267632472391599,1.29184959284583,1.5662623649237,0.904422693319608,1.18577281083216,0.683616285505132,1.09290191244895,1.39524244690989,0.346482015870415,0.702846373742839,0.808900433669247,0.917000637447704,0.821955247385303,1.22691953736821,1.32508025434383,0.488395845521419,1.59079575792966,0.0750324484855692,1.41377670945905,1.02460935709555,1.6209783467087,0.930905547960574,1.66627675312057,1.68701320743569,1.85079971648947,1.74827450719503,1.06686175723791,1.43439812101074,1.63015095681755,0.441279650677873,0.401620064558799,1.18309782940684,0.566485457248671,0.732672270677368,1.29699577435637,1.07749997564554,1.79627614178286,1.40456608268954,1.07905139017465,0.761885096673221,1.7184188560169,1.42515480758634,0.413194277163714,1.03659998026811,1.40086019877136,0.344395716069817,0.458493951411727,0.879934776214445,0.386520245687357,1.51782148399457,1.36535953093686,1.02582954260704,1.46355619269955,1.6112918807656,1.35348992374976,0.204870597592793,0.511878907058585,1.18314970536303,1.51542775212093,1.44774188363987,0.513063409370858,1.52193239352994,0.714689922334001,1.77537395750116
68.5,0.884073717905972,0.564950436914065,1.48577699106816,1.66347384313507,0.433860255797262,1.66557039819245,1.28010013668698,0.998341021982842,1.02327722634814,0.618227213550327,0.931503754624075,1.62698054871363,1.21295773531793,1.3130235948314,1.40022526461309,1.47766436804376,1.21441214601075,1.51689679842833,0.726552198279627,1.66495856196654,1.64038834987208,0.508731359001639,1.07093709853643,0.821095984079437,0.253496070805434,0.842219419716051,0.403260145769724,1.47662612488571,0.656907538331525,1.37090676730302,0.633016718621425,0.307592718960444,1.19355241395477,1.48870444396789,0.849913235019213,0.503496004810691,1.55275816542388,0.857924333865523,1.11898032655476,0.175361398415718,0.920135466783458,0.258194925859887,0.0860436415067614,0.308881081219199,1.30621007980257,0.197319373037669,1.3077358673479,0.0697400561024447,1.33066193030826,1.06629521419453,0.386907454658926,1.1677391488296,1.48891289509975,1.19148338479667,0.73473347179516,1.05345664216498,1.24226251010401,0.889426859732069,0.358549564900043,1.30959694255605,0.429592094707907,1.17884832434839,1.04514752954266,1.52609529962383,2.00560654018894,0.329216901568188,1.07215155402571,1.63838879745485,1.17135182872837,1.38744701366011,0.776039042178138,1.35281262948685,1.52536978469,0.341633587850265,0.944517769101366,0.987783273266627,0.889907545051574,0.798696022351662,1.41050877303495,1.46943228157932,0.598330544797967,1.74300739007709,0.143349179142032,1.70708144120237,1.01604037394254,1.4788042517985,0.923081290953857,1.69380663580385,1.65662016743102,1.81956045797422,1.84056408999443,1.14044733300086,1.47359890065462,1.59128573679566,0.585008171970096,0.539107670685772,1.18844649646681,0.512434366208061,0.793155975785904,1.22980442564002,1.26864503293865,2.21559301040524,1.65405371523397,1.12300802732211,0.877030553050906,1.79314105869555,1.38999835204481,0.441018205881989,1.04260735880725,1.27524391990689,0.224225170624663,0.420495006068571,0.84714687492993,0.384914148476179,1.81619057258004,1.58305876545738,1.13777428038479,1.53746750669563,1.76847235634089,1.54489937509496,0.239238031902001,0.762024036397583,1.38756601405749,1.68114045086008,1.44089128296977,0.557505716634739,1.70038586280592,0.725471895130516,1.6552407969721
69,0.951140937902794,0.454342932286573,1.55491094618349,1.70271268556008,0.399301652129205,1.67938040806217,1.32045759585212,1.00573029545946,1.0500617813772,0.548579577343862,0.885959691101141,1.67206364898821,1.22105889888379,1.3287978853487,1.42655633344403,1.4955865256268,1.28358247440671,1.50196344908015,0.803042580189049,1.70167026725737,1.49923458311009,0.371188574829348,1.10046572114863,0.842764873173836,0.272912475297326,0.789365773287528,0.43086652575409,1.33749753377089,0.68318264466045,1.24520530996713,0.637334077624478,0.293260071147643,1.23534582663845,1.63881860732127,0.843682782344619,0.490512897075659,1.65350768631623,0.997913384669825,1.19539305515791,0.147467420661864,1.06662907508645,0.115789504585946,0.0923867166463849,0.266572524990875,1.43613701533158,0.239330532157675,1.20434460128334,0.319947641195185,1.35579102400187,0.991430758349039,0.367535464426058,1.17555094198515,1.50236062459813,1.25047701844218,0.751220863455439,1.00177402252663,1.24168483106679,0.930004546056575,0.316620925748938,1.36072684986046,0.431947687794947,1.06467322729811,0.773743293438431,1.23131027636232,1.84361905520757,0.315238263266973,0.87756835288106,1.71178014193486,1.25560008814295,1.38875858655811,0.875338036056319,1.34502465988023,1.50312827198894,0.305910363877179,1.10867016022993,1.07381681727964,0.764964607867833,0.697532732779337,1.42813195437137,1.3377562309204,0.680466281861862,1.68784303744366,0.190324981278773,1.68111881809561,0.941909711664541,1.33072179833441,0.821919926222317,1.52939957614328,1.51031217961562,1.72493439726818,1.70471482985497,1.22129699472273,1.53306740995349,1.4643312002142,0.656425023411868,0.614858190321261,1.18833675848906,0.417557447906624,0.929613177498515,1.17623833191636,1.07212770271592,1.74634148736852,1.42502296551226,1.11376194103344,0.855968718014331,1.71961419873893,1.386979174115,0.42996346248754,1.01966503604444,1.26911422356171,0.204145502787664,0.445596495641386,0.896688086771044,0.381299488119808,1.63367874666467,1.41627100484482,1.13074088744962,1.46238950386329,1.59020956263516,1.42448063770973,0.23521038218201,0.725053798418431,1.4063892949786,1.81288691501297,1.46656097128285,0.554453791685941,1.65015472049778,0.587471014147337,1.50284763986049
69.5,0.861060893517308,0.33855912632717,1.56944441837868,1.68577325128072,0.237192707853048,1.64317337389301,1.19753051735622,0.979184588186459,1.06271988594424,0.605522254698244,0.825991719320115,1.67148363273886,1.21310387282812,1.3695219221294,1.4297865411323,1.27590575538392,1.22270323228317,1.39806024407727,0.562828001471955,1.56336676737234,1.38257540989793,0.251073369691344,1.14757795221761,0.822321861727251,0.12913222764711,0.640480310471686,0.563177338898063,1.08829399519115,0.692891803241144,1.12119894274736,0.640050295816679,0.29713704307804,1.29751408052446,1.64441564193238,0.924858450576567,0.556137767210235,1.67402437733621,1.02653640825817,1.18436482291221,0.180937144614381,0.949533029620157,0.124288605333611,0.222204809605715,0.174018291786443,1.47601514633355,0.303627800895515,1.02041129741476,0.500252674782336,1.13908247027224,0.7399388220842,0.376145519388184,1.1350564706885,1.41489553320157,1.31658191003091,0.726808229043365,0.900988996822404,1.17320234133442,0.890931422395435,0.280287080371725,1.20362687964211,0.552383117277972,1.09219434918409,0.640259713711401,0.99894510666441,1.68361221315697,0.159027982009342,0.98045500677323,1.50337093356154,1.04421445542658,1.37017437340315,0.895986035552738,1.16521466720278,1.39843315866403,0.288221630271951,0.982090813963185,0.923826025740153,0.606518928790011,0.5801420555286,1.23689428268391,1.20605972091483,0.57870508795075,1.4382080658699,0.26698023831904,1.48747990258461,0.759700924745806,1.23400171580554,0.667643918521155,1.42180152790461,1.3789438626319,1.51320028347514,1.49888976566372,1.1433746048904,1.34415166838446,1.22561687566209,0.456884835744102,0.456157772247617,1.14653485417753,0.395867871098309,0.612679820508521,0.989967965805686,1.02057910478297,1.47188689370993,1.27945321125951,0.954347998098729,0.852313966604183,1.56807106325172,1.36464038667474,0.507158311106653,1.07653587113137,1.15115956352489,0.232231731393584,0.345258298902061,0.769041370870234,0.362742210029812,1.38534314470158,1.27297073604006,1.0024320875893,1.32008133846764,1.40563925640676,1.3149522736322,0.120576660084607,0.543983325563618,1.39352905475408,1.64652083948634,1.2631272012962,0.473087929873549,1.46546954182819,0.480517333301977,1.41654639803308
70,0.802327709141258,0.576444105242432,1.71683021739249,1.68475460888234,0.196523085232971,1.64166215069692,1.03100059134182,0.878754677400444,1.01391919599285,0.711169709963913,0.754431221381506,1.46502924955239,1.22467275205187,1.31685682122726,1.45148890251851,1.05243182913892,1.12043138000399,1.16082771538188,0.484229170440345,1.50187913141968,1.06324330815723,0.346549532124491,1.18591421794074,0.807227226179415,0.095136477502758,0.546845455935988,0.665479931662805,0.874224248328476,0.695026548694105,0.91201745718034,0.546114455067894,0.360176100855471,1.28597977865325,1.6449628189638,1.11039168804299,0.627419804279186,1.64222997123679,1.02141204632096,1.21398221003684,0.252220192507193,0.907248477487655,0.259788401983234,0.382430945453577,0.141688569216611,1.52745937136883,0.354937214055561,0.891466537673984,0.610518430336325,0.996226082578243,0.464202735039263,0.438018410732246,0.943050833572326,1.20772005915481,1.18393823072719,0.584670964078706,0.770033864511267,1.03834798115654,0.819420002876301,0.359127478659488,1.10246401429154,0.499704790015678,1.08020316844277,0.497357619673887,0.725396244246732,1.53105233128766,0.158480989376857,1.11687851365092,1.35175135501033,0.950948467133735,1.34337612073171,0.808988614695765,1.08049084364205,1.25732501103797,0.329220338807983,0.851799302869126,0.840485129489114,0.662579906069385,0.606405685619216,1.15153508332341,1.23324051056875,0.470542579552472,1.39236270647358,0.155063826533688,1.35786329269298,0.762079290680603,1.13356598978042,0.646853180203823,1.36669354122634,1.36446824413883,1.45465348973958,1.44305433270149,0.98992588883206,1.19092108477939,1.16967428552781,0.392630178379701,0.330392064597423,1.02767725309044,0.590924632837196,0.435774104751402,0.710993565322482,0.936639813170922,1.43331839144579,1.23364464672527,0.780267929004333,0.865241843514812,1.54157675594413,1.35272510562365,0.508386343347489,1.07449569892616,1.05604945111682,0.221200532721354,0.268214830558474,0.646814630801655,0.437633393303037,1.28492826176947,1.19811017899087,0.902177373263262,1.16136695569208,1.28565622259244,1.18828848063635,0.0775979142456575,0.529993784195828,1.12673293436144,1.40218807589979,1.16966225191162,0.477479302179853,1.44341161006998,0.463181621484214,1.4063103666598
70.5,0.672405981942805,0.878052121573908,1.59610796529413,1.22183359748733,0.372556890557317,1.25836440943661,0.586195273779618,0.822278605096507,0.912276491023428,0.469749610066781,0.754562682616686,1.12024089086183,1.01272616925243,0.934176869941002,1.15150797778454,0.612799237448432,0.73937777222407,0.813569408724343,0.689947737937787,1.24844633405222,0.60967650233865,0.687964411087797,1.23403231356094,0.755007531451351,0.262604744924961,0.60258585841625,0.769266190136862,0.588347657145805,0.515148928848457,0.64921410896941,0.441213649965542,0.346912222664651,1.22757036996482,1.56730896363291,0.98579847989548,0.615806527332689,1.4187176570781,0.821293276396557,1.13765537639342,0.276929154696625,0.773457088719579,0.380477490440171,0.530533744263299,0.291454116916267,1.24368557101775,0.371288911013832,0.626217674331319,0.528469832824348,0.735409577921612,0.177646943165222,0.466758737773715,0.564965408208478,0.860831548235074,0.994716676840184,0.434831692857484,0.623482258559615,0.904893559498165,0.587546558019944,0.435108943216568,0.969203198153195,0.357007216323594,0.987075142431778,0.350237188702502,0.418225584592848,1.22551503953675,0.171787962186928,0.887995607711036,1.06935492930221,1.03113225374407,1.27844882287289,0.685951542091526,1.04036049907041,1.11487395179212,0.582230937049751,0.808601717814831,0.932867614063738,0.72118531589049,0.726788568038462,1.19287785561236,1.24147618085693,0.567512532646222,1.37648365346005,0.0439370226966324,1.36359582034721,0.817326242671736,0.93954120683816,0.592269328544964,1.17151351234245,1.19685964097421,1.2988459586265,1.3748835299253,0.983388000714989,1.06465433577206,1.05461887676156,0.562473303627727,0.352050070607279,0.733354158537251,0.567131387079438,0.605554344554984,0.264375926845228,0.833813835469857,1.481498955246,1.2632379187805,0.489568666251306,0.835973401536126,1.46947450097796,1.17086462325758,0.48004708289619,0.992101639352132,0.71354770408604,0.193198425308055,0.186051625568696,0.532793102495775,0.31351123309284,1.23725411782692,1.11849819321921,0.736286534434707,0.964300484232628,1.12227865271257,1.09943411177081,0.0920101489964704,0.569376547317564,0.990471870822407,1.32522823148655,0.983588440439453,0.531674758741002,1.40549975629125,0.5055399807248,1.07199678486066
71,0.583863179916323,1.0155485720791,1.26184750403448,0.632827407127314,0.503361501890453,0.741054305871854,0.217000109181823,0.611412883818776,0.736806981938651,0.295469972840621,0.720832581372256,0.644758623128056,0.665010717593315,0.486719075363085,0.792227795958922,0.201190508575856,0.305489640341071,0.407202004528756,0.936176409212214,0.939489536024424,0.0954725510499392,0.835960625638251,1.02263588082903,0.585996515037197,0.391630778090243,0.551775503623486,0.583779598206151,0.346941559413258,0.314983039506698,0.459106060893744,0.470165486978682,0.186690620201235,0.806003275250803,1.33852295648853,0.816517727478812,0.376424197136955,0.895892533625523,0.523209656432221,0.853092635999255,0.217292017341141,0.632672146711607,0.477967791942783,0.614288113034297,0.342274660076978,1.00316979916622,0.501674888986543,0.308628718829922,0.387766554963874,0.632493456047534,0.399400335194666,0.468962136319608,0.172136100508914,0.459777269895026,0.595172226241581,0.194717289325989,0.330524754498464,0.648671450682103,0.358429871794942,0.528543471504258,0.728351602355974,0.183681380094941,0.667419021390916,0.215046491074607,0.117770573866266,0.618082236711337,0.163080929960182,0.652903062120374,0.796827748830697,0.949727526819426,1.00407163828079,0.507555593716777,0.820870952638637,0.703199031959827,0.817202611856254,0.704075723987618,0.961830593953401,0.698027461628064,0.58262366354772,1.00421661602237,1.06379960947854,0.411282119326083,1.22462102353259,0.110262209051237,1.26868701304118,0.751071644920689,0.586558602378254,0.355098256048592,0.811337411805496,0.953913714165464,1.09799790908457,0.980104032225851,0.769587682253691,0.879009387334811,0.804541880402526,0.584165009990898,0.454543754069921,0.295703896623818,0.631540909669452,0.794207072650613,0.235164016164729,0.361382630417712,1.02995539454379,0.992504040242692,0.159647200462012,0.662472408340146,1.11961676687643,0.819651750973132,0.309392888858754,0.704068084679737,0.38660511023197,0.196185995565169,0.0972268912809308,0.521198011014749,0.315602177944632,0.948856565337373,0.787333017600658,0.583846850368834,0.615186739850618,0.685274710916148,0.811451272570406,0.139559123637694,0.517061039986109,0.80004630334635,1.16183991963777,0.75390811502607,0.451191274236256,1.12352630803478,0.459661827532957,0.640661352759958
71.5,0.357306811733398,0.763271767777901,0.557624011048277,0.0412047299150367,0.401072216738835,0.131677327083149,0.229793486451144,0.432086054357688,0.61965693129458,0.397777807841587,0.595523616273127,0.253365645234492,0.219776472511568,0.26817036285292,0.242445303074622,0.203134121839606,0.221882532518988,0.380688991981576,0.757107450261865,0.33268533647379,0.400486691595165,0.933741088764284,0.757236558456037,0.314325480785258,0.328262417344506,0.436109125810571,0.345582145057553,0.31429016146662,0.084876409490447,0.477191800648629,0.518224613871047,0.143433197240134,0.392742541769843,0.730220118442851,0.46527995770314,0.183518603006106,0.255038270388638,0.225472900127013,0.417751572533785,0.124253099562876,0.36883625160567,0.374046166460874,0.48053589146267,0.335208481033204,0.55961201576802,0.423754941138524,0.171118755727994,0.202427991421035,0.603966616152897,0.558504212250342,0.209961416450484,0.231756404884224,0.260444933144079,0.280138155656167,0.0969680036892661,0.0927794853911283,0.311370580183799,0.243520378727257,0.411653961977695,0.36270442797216,0.0761422206567815,0.222777249342666,0.164988635545396,0.285101918572241,0.128163367025176,0.208775981610016,0.202276636332409,0.418223127847592,0.707391989338081,0.623989842781407,0.276066177156386,0.462982863467012,0.299159443973222,0.952997271352634,0.606994829973684,0.587501727532382,0.470165744384029,0.33486597641376,0.502724493440597,0.651905009691834,0.245359761693768,0.669147899718335,0.2184550449757,0.870376034443016,0.402716734716835,0.144614929409296,0.196039075646178,0.31006119072772,0.364779138385615,0.515801755279004,0.322507094265135,0.460304539905716,0.500319188564694,0.285350047044822,0.408934270483366,0.508144650547946,0.246023700324445,0.549586213833848,0.606291459542464,0.53222601663329,0.177465404072586,0.548320756306663,0.654615906460238,0.239035101813221,0.491119948736148,0.47301447469298,0.219329452862191,0.194758150939589,0.196045682549798,0.159891283253687,0.301442492760853,0.114865671970694,0.382930893887456,0.13119882357301,0.534972429420755,0.412121374413965,0.302776384804179,0.169497678659342,0.188279152549417,0.434900633494128,0.0953750556480573,0.364805704884279,0.563153156080474,0.71747918742502,0.188714271526152,0.346081436797636,0.570577253592928,0.226621969665795,0.185230274093801
72,0.467876596563707,0.51785553710616,0.253458030587412,0.629617885233278,0.237676939335003,0.564932961498477,0.517519926353558,0.231009442427386,0.517217876579561,0.636052042650964,0.312966094813296,0.600665567530333,0.436429996640942,0.625460661349843,0.404897124861076,0.522828215698063,0.619732650869808,0.630487013547469,0.424636291376282,0.415856225591027,0.682793263427207,0.631377767117094,0.242254937235935,0.0834681567118308,0.282003179557492,0.355063880767636,0.140077523065228,0.485128446266754,0.154640309588618,0.591401084864949,0.435312922063226,0.231712536441567,0.236205321613137,0.209199275971992,0.35497307713042,0.251925549172931,0.465420799498064,0.280575611281174,0.264161533814552,0.0739521128845367,0.392115163581731,0.26290080922893,0.331756610275943,0.207357015788415,0.537311423931973,0.384010816767724,0.407246031792312,0.131550714700696,0.732080710773751,0.710316810576758,0.103620433152124,0.508941626138618,0.450104413381455,0.342776611808864,0.239368655901549,0.352633947583104,0.378595565933947,0.469394342511507,0.366987117233839,0.329394719897938,0.208607977325338,0.376949384968993,0.261993518769967,0.489113655465041,0.723378367665098,0.284487784399644,0.563764610097011,0.408151793034716,0.333898513754528,0.0284765627199925,0.0730187097392363,0.0782583819869813,0.477873054687994,0.666180964674066,0.290250559326423,0.233088267722572,0.404486119768046,0.281819284068414,0.280217534901188,0.242559980312751,0.0804652040350344,0.077011860339223,0.148635891670049,0.225568529531127,0.304609635250426,0.52653411594488,0.355567241361209,0.392778344472017,0.35040383971054,0.226310079945635,0.317870727593473,0.350371577110576,0.143787764292268,0.283190462803319,0.302790235918594,0.44182107760036,0.69016242632089,0.563625181985269,0.357304754233175,0.764522346866891,0.569804121065533,0.262116956224883,0.0675720000503267,0.531285045466801,0.56029322832818,0.25351625093874,0.348621645627594,0.282822323846836,0.283613622358285,0.526621971847803,0.425723719390044,0.302638532281905,0.298974106688776,0.048534687352459,0.173461955436907,0.1894400647782,0.119926175054794,0.357213765000055,0.36612106566633,0.121939309862891,0.170665158040451,0.23715575108958,0.0827527339029747,0.219867547238491,0.37308951380208,0.147705655067261,0.277264224983383,0.15976250964668,0.659804417491166
72.5,0.653280145601138,0.199821159260561,0.726252387854867,0.895976907731279,0.173403422676449,0.883048509949665,0.55392148413633,0.34374598331217,0.424352707996901,0.654439791223489,0.249805763819106,0.91028572758066,0.685803868974043,0.78536843892073,0.630275871845914,0.566373171858374,0.79795361018135,0.771662001176058,0.136918449666526,0.727800945026392,0.765325101044423,0.353320826740968,0.237936960616161,0.296463206018474,0.0745054297848758,0.25023238703226,0.260720096605019,0.575603983135049,0.270000900821599,0.632254198016799,0.455803873964386,0.367525819742754,0.621636624526934,0.599262864541943,0.525012094502678,0.366371861938516,0.854201253710497,0.45627423197067,0.549402563098427,0.0929464899758815,0.502195212871853,0.162701910415366,0.245788366800734,0.0754897853803401,0.664652354903127,0.350523353283809,0.565407147511193,0.255040192133437,0.677594935053653,0.666902240551757,0.0886039885053267,0.630749887017931,0.619261893777837,0.586408042389946,0.323009959629285,0.522062936552421,0.619821435598539,0.537625703395771,0.264482770350412,0.532105912249134,0.330406364848915,0.674110484517096,0.234879310660876,0.543344702006696,1.11005001959177,0.174754186970496,0.784179318896462,0.675464847621324,0.252046882239134,0.442570123058897,0.248115164163492,0.492408767612997,0.938078057159023,0.351134685957498,0.147312812135241,0.326905359869148,0.623931280221175,0.49049615227715,0.662405355817462,0.620043450576627,0.194877926395154,0.648197185593506,0.126215386596151,0.383846207072877,0.441575638597264,0.86496975792466,0.53693157304027,0.822320487120437,0.797874250102923,0.604521559130178,0.837836799997659,0.49390044229493,0.38216357147118,0.71100367908255,0.325700339196243,0.155762797328698,0.954518682924312,0.614849856977261,0.0606435049273198,0.806143523276903,1.00037300428856,1.02812993295684,0.526566818361858,0.689061749616924,0.801877271759687,0.834207802610111,0.718525024247195,0.405445213457116,0.612306114693894,0.616702215488137,0.441561901869381,0.362256232940631,0.297029842350554,0.0654525176751408,0.798335323540914,0.672481290087633,0.4650396556084,0.650766675274924,0.834598721108619,0.657003194467375,0.237307524858634,0.333672097290723,0.39374175277469,0.579101549069059,0.655029518386353,0.069359009539094,0.677496526506338,0.399560583067056,1.0008675879313
73,0.839644857918328,0.030233215472467,1.10023439313711,1.0892919053429,0.243648330939248,1.06926996794596,0.586623243862348,0.37023594787772,0.387266556471536,0.614253473968367,0.201972783868689,1.01009831195962,0.848854530347591,0.892230903223113,0.812532632128317,0.607915424165551,0.893144073869346,0.767535363259199,0.211910038608187,1.00026243969839,0.711091460048437,0.19394763767782,0.515025579135732,0.458450467993433,0.0321292821171904,0.219042138692128,0.304415160962771,0.60903247462648,0.37453017361296,0.634272547526954,0.464516917124752,0.384027457345237,0.778238623296309,0.936255020673208,0.668681803050715,0.416179688837669,1.00424006918504,0.571156642327438,0.764829286627177,0.170360249880109,0.665244468937307,0.252593007328385,0.302252425712399,0.0533421326372422,0.876024186750834,0.352472219547753,0.633207102455172,0.363402637132769,0.657217447310749,0.591620927355347,0.135256105870112,0.66738448624168,0.67441468094454,0.660307962416403,0.349778616195251,0.562543544345258,0.751454029992801,0.552240849634615,0.391437247391557,0.734139006278442,0.338610721002673,0.810278045347702,0.237893697702124,0.484787931192577,1.1899207651963,0.170942832008278,0.989697188433589,0.995477972140849,0.58311690642531,0.720498037166623,0.376888980522733,0.779604869048599,1.05479016005287,0.0905891791038759,0.432991925660409,0.693442482191323,0.824975752074797,0.660478225567925,0.973173708311621,0.959495271993201,0.342781837154553,1.12151972573431,0.11489875917966,0.895345844749168,0.634456407736421,1.00827395942663,0.615099721954517,1.08968284937075,1.13795821123279,0.99782895085074,1.07256322696629,0.542824767034118,0.698819728575825,1.0338030015997,0.542508142976518,0.0646115392663097,1.04248083901712,0.814719217674239,0.363029553533845,0.781816875984584,1.0598554548238,1.29043745996294,0.822882475806792,0.76786089792929,1.03593070034732,1.18956189310585,0.931045608357547,0.384662298589151,0.796380048982953,0.696513648251081,0.457217261558761,0.423065253314818,0.430227999640962,0.170734818553238,1.12393234439849,0.891229496607473,0.71274388848438,0.78234229665103,0.981437924566533,0.871938171935206,0.23203117653255,0.423743418252758,0.623694815413892,0.993075645671837,0.886062103631556,0.23084711979904,0.997994206002422,0.580348707113709,1.23674453996741
73.5,0.848889308521016,0.141669343847382,1.14427009629621,1.10028882465714,0.244093543147492,1.07180659919645,0.555883763653546,0.403385496353144,0.348630791623153,0.544835911688017,0.258864541757907,0.971931455800639,0.86453123249383,0.805377593125943,0.721939571686563,0.637244720435041,0.859285768382569,0.720570671117101,0.178157529602044,0.930896785338166,0.694536573323107,0.197093515459772,0.733932677238497,0.525423216662137,0.0536994909615713,0.226995999235805,0.336299479498882,0.60195980612569,0.369043476261451,0.585018663072818,0.442309386013546,0.396485638504433,0.88130855435346,1.01885311174009,0.629139083315301,0.445285264347444,0.998611417150718,0.546595812635666,0.836440989410156,0.205132589014625,0.627937671974777,0.236017740926937,0.304498880859692,0.104162683434716,0.847625703257859,0.396773255637313,0.615618841498453,0.342869216488736,0.651894017568503,0.529325359674605,0.11039709939907,0.605179295691413,0.663585676380623,0.683824184598431,0.401220153926574,0.572105131651895,0.775066986759599,0.541071760355904,0.359419088348022,0.799375700503176,0.286761579537155,0.74757963043264,0.176424365124072,0.441953685134177,1.13025585301031,0.123338186434536,0.838554016355471,1.11722976510106,0.810648047148336,0.91810190667251,0.438369287102547,0.90143088104073,1.06623802844668,0.302546045495787,0.660032417283849,0.808444885089213,0.81700903825899,0.690912093064561,1.16962646574664,1.08101679226249,0.505587040908367,1.20634718191099,0.227996012910934,1.18951324206579,0.628099997277906,0.903098906568698,0.640518803947557,1.14143129218338,1.11946071969505,1.02772385645915,1.07351317916887,0.544886760712499,0.817639736778628,1.14171028122757,0.61677265124082,0.193031295318669,1.04949629818277,0.83580173733037,0.403176462407626,0.808007853004095,1.14661319212557,1.53115658143707,1.0627591415251,0.868908977816719,1.15398421946912,1.29214871497697,0.889376874781213,0.311645924354684,0.779531988271171,0.637261435535041,0.463883392377952,0.372371860493558,0.456756055932887,0.204150201438193,1.30431877167193,1.02486306270989,0.763560143913204,0.781751889834256,1.02001473728414,0.983278195585231,0.206026333859995,0.511208569302905,0.799621830058825,1.08589558742378,0.722726360038718,0.340609168028245,1.08421617587583,0.644283820422531,1.13843725049683
74,0.816363511830852,0.265772630423356,1.10344702276034,1.07789600315465,0.143067092666871,0.965919729356739,0.553372160347267,0.386472054686107,0.362688564834499,0.474961011120977,0.378754917017307,0.940838607568134,0.799017199050107,0.740788004925339,0.683960032578712,0.67208519139219,0.770314226847339,0.703349416838427,0.18615168249804,0.895142276061542,0.798296244579751,0.0838132278993296,0.722378245059387,0.517231756570406,0.0611415415598625,0.168798636556622,0.254553124959706,0.571431579417682,0.36173958014664,0.69404573333233,0.439324925719694,0.341642059322851,0.761838712778704,0.949555185294141,0.563092697541494,0.400320901065235,0.882406736532565,0.450686079813732,0.796412868059404,0.213880771583214,0.558954709215917,0.191033618342125,0.242489831220743,0.154027302238158,0.841314569433916,0.459383542165565,0.518712531215409,0.311119241863703,0.647738411651669,0.492499900202586,0.110806791371956,0.598088023485774,0.606789455511064,0.636235986069393,0.415424380998552,0.590268505368757,0.818622504693845,0.539342812403303,0.358128244441704,0.805484960788714,0.317239053657536,0.745973147646093,0.158584233445765,0.414329639194274,1.0716674198767,0.120027441195442,0.664089674670858,1.20781798795933,0.88322972343622,0.927793583788557,0.421592953228475,0.876473595985093,1.07967459885609,0.199376419970577,0.69707705815567,0.873328684583082,0.776880889622513,0.664177421576785,1.24193501237879,1.03933894741597,0.547576984748515,1.19002511785978,0.20082601229877,1.15646828181102,0.620242763705279,0.839974287182989,0.614166320453773,1.02154754818088,0.989912711112791,1.01678313112038,1.04285057227947,0.550320001706244,0.884562310580442,1.20072499167542,0.677623858891928,0.248839014468991,1.07648905808546,0.789385627361122,0.446614463614932,0.843794708242079,1.01224280954202,1.38348934026538,1.06679035802088,0.910364428571178,1.14293028094296,1.31265024051517,0.884637612005108,0.253335977965896,0.769028857959698,0.635936650204255,0.472224347766833,0.359804681050178,0.481151664060549,0.213674966450185,1.2563748622945,0.92907313837898,0.677744284723123,0.713126760200654,0.96481138527961,0.896589942851927,0.155039100786804,0.501589409044493,0.763659357748023,0.98199947095762,0.584885706938521,0.369711419322652,1.00304129359063,0.634013802401751,0.998342498585078
74.5,0.808068276721312,0.384828523307897,1.09033961124403,1.15788204079266,0.188767071258251,0.973406155572761,0.600567978664546,0.429298386432713,0.518937216405195,0.451381193549514,0.421566630539699,0.974567946271367,0.767224951906626,0.762128804955428,0.740203581645486,0.803187389906785,0.768096374907591,0.775792179393498,0.268579166529935,0.932672864340609,0.935118365861396,0.0869481652192699,0.709806587936103,0.495569531724151,0.129958212483638,0.255729442675115,0.163513465823233,0.631040293891126,0.346898209683214,0.812253696396865,0.494674853873782,0.316231288472288,0.668825858159296,0.861635975859197,0.527807389760254,0.313469536635498,0.813865336797789,0.455371178841221,0.742325534817475,0.186036861200475,0.510493296671642,0.172327588547625,0.129092458270453,0.154288637656522,0.809860172795504,0.380998923868465,0.465260588810034,0.267059011754552,0.717748305958951,0.635170426123965,0.0314083441080358,0.682393210281668,0.677277075064173,0.629184439543766,0.465032175261695,0.64419190816906,0.813338925007017,0.599739121643087,0.210096271378019,0.795454348823809,0.326249670738165,0.794219945601998,0.243621733940193,0.499847625000689,1.094247895431,0.161136630493153,0.646300518965693,1.25838454894041,0.835201910129923,0.904660484851744,0.396537941903497,0.818765769627785,1.04433955721014,0.080533917443033,0.665130320282682,0.818973313919736,0.732913935406045,0.590426459414486,1.12797284527346,0.920231334281577,0.496075333168514,1.14628584345752,0.191718813633667,1.06343658732602,0.553355185789547,0.807910489037681,0.59375648766136,0.950451300590765,0.960434954357804,0.996924930642939,0.957726222760196,0.513526430635534,0.921964984803007,1.17392346843398,0.569051324815194,0.195012645574602,1.06602403999652,0.683557258349747,0.510351709628255,0.915960468197398,0.882483623425993,1.27086412678801,1.07546648069624,1.04064058771109,1.00807087343024,1.27013074114099,0.899411221001013,0.298021854476256,0.754513488244812,0.78702922120576,0.446422271317424,0.327175379490241,0.449300371061184,0.236004424658133,1.18778056291107,0.904767492069456,0.639037915022199,0.693786200320158,0.951181551782186,0.812098405645911,0.0938870971883192,0.431757737798396,0.732311112662181,0.924202776816425,0.563922680711842,0.358323718711297,0.898679188901645,0.488951854357626,0.930246154562939
75,0.831337236919633,0.409086185035816,1.113203231583,1.29009390016192,0.281667503147241,1.0619207421704,0.668924177003925,0.503116743593162,0.692258581583683,0.461106516561417,0.539392365290467,1.13039941293394,0.775316140420913,0.850857740446985,0.834197104085604,0.960992848025402,0.812689423098793,0.933229710463694,0.457226287897719,0.991901010019497,1.12304422007231,0.213170330201735,0.684931836252474,0.50738305543301,0.238274296925265,0.330484457782708,0.228331613842509,0.724529575033499,0.327752814465731,0.908908990819568,0.556292745807574,0.283048876704002,0.679988103886197,0.813856756110472,0.505311970126313,0.339071046420314,0.886149104051941,0.522851656164747,0.732411258234382,0.164558655175343,0.502945202438095,0.281920245569574,0.260840225819228,0.16887518704561,0.779450295593225,0.282042617570608,0.442852003726911,0.233664481981706,0.780635781231251,0.794532679870792,0.0735981287927158,0.807081606183199,0.837720730583136,0.797687989999372,0.616800669346207,0.787708302349167,0.894169432181218,0.673791638644126,0.0951637266613514,0.842169734950683,0.378534873237652,0.93253550902625,0.345048234800193,0.652749854517964,1.26953122965618,0.200280834517727,0.656056121008826,1.32232759686933,0.818032990410285,0.872676140742536,0.381099648218523,0.823539712621579,1.14252585835983,0.0822235728038133,0.625652987942111,0.780186662481068,0.6988240170434,0.601893004286811,1.10713355771873,0.849109766049731,0.510743901337975,1.10375123645268,0.125644488015171,0.9720883742172,0.52964296198922,0.898106921484398,0.605758170658675,0.915070657829531,0.970945803124092,0.968745827531468,1.03010487955202,0.659755168970732,0.972594858924782,1.16734317637815,0.502395121133031,0.174616771925087,1.11511246250533,0.537193422264048,0.581432538227986,1.06169138338735,1.01668786691716,1.39850938528246,1.12221195216745,1.15353541233929,0.997604193020786,1.33587576240196,0.992875966936744,0.396084550293973,0.847897996576415,0.942401645317783,0.451380934935418,0.312256808146799,0.44482139324888,0.231861783928787,1.27792414361081,1.02387790836051,0.631846349176627,0.739140820474322,0.992892507272923,0.856932306468918,0.0698785902941501,0.414695671111641,0.751131515256687,0.877194393019997,0.576678339337384,0.352591808069813,0.886680926972634,0.412025598729498,0.914116119263407
75.5,0.965024866247922,0.198456248213892,1.33480418380111,1.50728000822141,0.292400269685535,1.27929491035632,0.821277461542095,0.579033304986324,0.875140905448296,0.573431832908695,0.5855476341936,1.37927661783991,0.975641464893021,1.14589974438709,1.05860376070574,1.07275624598665,0.955433311253004,1.09045574592128,0.431500680780493,1.18712629633994,1.26219271898805,0.313451239856685,0.701038783317689,0.601556890211522,0.248096470795889,0.36334350320097,0.337033826712259,0.816110456847195,0.428243399604412,1.02770497641688,0.64911025204094,0.298030662580663,0.747216929382055,0.925827496342815,0.677302872006871,0.409303148220122,1.07906035334613,0.646538501087068,0.851457620641238,0.146607442514233,0.630986345228467,0.338815980015271,0.344238917285414,0.204964116007577,0.90327301096403,0.278003009669987,0.500595449260573,0.289245929882643,0.853246918894073,0.872079722497726,0.103774756211919,0.954760428567563,1.02016099789849,0.985559954028405,0.760289899032309,0.946783274098661,1.06873217251514,0.739335716384597,0.238449716302314,0.940738830141755,0.460643164932349,1.12740044571967,0.442387255887798,0.767179772886166,1.48267911008514,0.203159449431326,0.844552837194156,1.43089223814578,0.825556674814362,0.91367672040875,0.420227686202268,0.911626406283833,1.32715370678117,0.189209812795579,0.596034576745197,0.813614631538166,0.849585572983167,0.692421347652177,1.1880159743205,0.978416196866312,0.494933140068961,1.23711628204726,0.109460774839421,1.03124120776478,0.662945698626862,1.12565964406488,0.707498444849868,0.980387041633761,1.11678435836556,1.10945971195912,1.2147233044533,0.772427702490631,1.0657509528634,1.28904814740993,0.453532450994639,0.210437985204234,1.24117688962619,0.649519921966748,0.561490206381329,1.13809459772333,1.14298787355857,1.54832786378827,1.17668721214031,1.19202220849396,1.07915877113013,1.52897409990506,1.21465125314577,0.448323637234759,0.963290476449169,1.06772384990168,0.468520957219074,0.351612217485107,0.535164420402768,0.392196877484434,1.43631670435491,1.19225010470913,0.769684759496879,0.826855388364953,1.08547921862086,0.953886310316987,0.0704628117917659,0.454803857515968,0.783117515179877,0.892004231823061,0.722058703662322,0.337175569917859,1.00138036734871,0.43729921040514,1.19218984361746
76,1.13378617131028,0.0146681420197137,1.61148752321945,1.76797934000749,0.302411697929904,1.5501683503839,0.929907931966259,0.626766137185826,0.986172665992554,0.70324320690985,0.556985679406845,1.58992722110588,1.23594620979966,1.3830275382901,1.2911395684029,1.1789216146292,1.15933850755279,1.22610666739759,0.385719309205425,1.39171401764769,1.26184046434144,0.134792143763825,0.868363351078628,0.753955613112631,0.235312298788812,0.371211157664752,0.535330440634843,0.911686959567421,0.548434006260421,1.02378369639311,0.662700871076015,0.374541291123238,0.974912734049953,1.17381659242109,0.876064647319077,0.524990743193797,1.3400072380099,0.819068660217015,1.01629863201387,0.144035953021743,0.77462871447504,0.372090356555594,0.369680894363358,0.202120648452248,1.01851469569367,0.339379355348548,0.626947176918353,0.392629886419979,0.911029394322228,0.939270487943975,0.103672044262544,1.02871426895866,1.11183896629756,1.07740805505493,0.850692554855239,1.07096992217022,1.21529964439239,0.806944562436126,0.372540083699371,1.11063413887091,0.428804072775231,1.24266672026835,0.532896956674603,0.84955093510169,1.63606226163433,0.26355208500038,1.06371488171309,1.54517323944078,0.960712719331339,1.12109586879614,0.534938037962292,1.08540239790279,1.48399451019511,0.0879498910404804,0.699010496521726,0.883960357199167,1.02030714198161,0.844184433509173,1.37044945253868,1.18385774337697,0.607354493927362,1.45732793946596,0.0717258926552586,1.16239567908451,0.793875870236471,1.26403204688549,0.861023684580196,1.15860105501369,1.3441493324005,1.3306635750064,1.36860248513039,0.847277634418856,1.2200412301959,1.48525542928597,0.504944269203902,0.245497431789231,1.33781188148066,0.797445433202931,0.583691478727933,1.1883883084418,1.34622124581221,1.79862435013201,1.35679016440166,1.28496706486394,1.21562050550573,1.69726203092396,1.35831947388684,0.51464184606928,1.12445778001219,1.21201320698985,0.519489468145971,0.442357725237084,0.619750653468497,0.482744406168782,1.6407998849414,1.35486292932139,0.841072773044612,1.03614696294467,1.28562270776335,1.13065246148599,0.133892809219165,0.477447739849041,0.93831344770645,1.02011123589478,0.870436992751787,0.418276370942361,1.21244580973031,0.581288229481228,1.58394972010179
76.5,1.26260191865376,0.299707442915853,1.67090145480945,1.70243940359308,0.307165461022416,1.62962841507478,0.886875137285907,0.674762609370356,0.932555311465973,0.735039783425431,0.550903287680024,1.68992670236214,1.40353471054156,1.45528627334994,1.30147362177741,1.05577882783842,1.25494475223511,1.23791145068989,0.282614735825428,1.47580207153394,1.2211575730631,0.156237307323035,1.02857808562503,0.881662524055316,0.100820264277096,0.372203388290634,0.782540228658056,0.901194789180668,0.632714157037659,1.03332987051193,0.670763425913478,0.432435773753769,1.19415271260567,1.3522781905226,1.01007822109765,0.657222762447815,1.55183225368638,0.918921612607951,1.18716068806211,0.148100313955391,0.850440150032766,0.301527040907188,0.3598653168618,0.165119296186895,1.07104381526296,0.390194010773427,0.674004974093324,0.494847315058041,0.76011082827381,0.858260063960022,0.127334831486092,1.00499751256871,1.05750252890682,1.14614420732705,0.871640315450324,1.12078542415416,1.32212764608248,0.732148862910676,0.541401538592107,1.23022116314175,0.410088089054012,1.27974223370003,0.579779939296118,0.842029684808114,1.65582648058722,0.240293539398451,1.20115649204662,1.49170155289162,1.09579430657265,1.3137989053042,0.609110218979778,1.22061454681041,1.63344447644077,0.134874207063381,0.787195218445786,1.00416786843057,1.08001679885513,0.994785370743162,1.6213483700589,1.38790182961672,0.701419427725358,1.62571292016195,0.0978492488734846,1.30193669378636,0.897300279588613,1.28580145847679,0.905603770515213,1.28087899829786,1.42904184144132,1.4049884336438,1.47837487260674,0.919729299390007,1.23253227022867,1.48728156268716,0.618401607422533,0.325275239361612,1.3850088564716,0.912715233424574,0.499873148909203,1.05154143318715,1.54700502088352,2.06740469212985,1.55012927163424,1.21224963663027,1.3658471459639,1.82583572688563,1.4008131556207,0.575064819933674,1.2500424507227,1.14401039398366,0.4739378913381,0.459108449066018,0.634154502109117,0.525485742296144,1.85623740022242,1.48781043066555,0.963183175916387,1.1566979908448,1.47525413227636,1.33171918746857,0.229080967394584,0.581648580585064,1.10964675064359,1.1812212046279,0.968197238614862,0.509136106108103,1.43584084847252,0.729572701420935,1.76275272657799
77,1.41334906069801,0.532378817569614,1.65503536913066,1.54985113202,0.336554779270863,1.62720456416609,0.830446400737406,0.656084280502529,0.790014674069938,0.758652821612477,0.376030920024669,1.58840370843632,1.50425802690793,1.41901295194404,1.25436926367601,0.927294355410613,1.32227077199576,1.08574832917431,0.335195313859894,1.54333687417349,1.02343623519118,0.43088310403787,1.0835475255403,0.939651025420754,0.09341578177755,0.351453210183795,0.870181592444067,0.852375106471005,0.740162580681916,0.86155072469469,0.716853147882331,0.41688700656228,1.27107615174586,1.49391179102078,1.14723871407065,0.750604408110723,1.64216521843719,0.981859182100282,1.27324114515579,0.116765046898489,0.893551457537955,0.337804589016704,0.412770319486202,0.149997118439575,1.11032406375161,0.458762773782984,0.685677763753043,0.599027927995474,0.606373316745306,0.782488174268707,0.137480141608062,0.874103331145776,0.949477592048695,1.02144700324083,0.74104182095526,1.02853957399973,1.24608265226641,0.623474859098814,0.695447529418209,1.27085238583443,0.313515328497904,1.19064699410752,0.61599039645342,0.812541387902533,1.56349265512559,0.268920715709401,1.33077225580095,1.4070464236843,1.18655538856181,1.44950214584953,0.621117343563223,1.21523263300965,1.57727865449905,0.415586493951343,0.854560443844153,1.06105030999623,1.15821431186216,1.07502192770973,1.73259370939792,1.47740671003413,0.659546506507048,1.70870842616663,0.159417017126902,1.36515686790959,0.970622754711567,1.18197750904239,0.88971624044669,1.340070057612,1.46387525077806,1.45490687577058,1.42852619889481,0.800282568054375,1.18504547515878,1.41937014024249,0.680786857838793,0.379731283938645,1.29053231368865,1.05407557149538,0.566734893565346,0.891147516288112,1.47061086390076,1.97265998048859,1.57333968971913,1.09204601966533,1.48125326100174,1.78651781991395,1.31340202756179,0.468960122929431,1.17555600825581,1.05267297361598,0.410918712559714,0.488406235837807,0.656248790770148,0.532527702038987,1.85089526434254,1.46755959092913,1.06687373183216,1.18778464948733,1.45879045133206,1.32008757452537,0.243237499898358,0.659631749564325,1.13360452006253,1.33002041971261,1.03236530936216,0.591566362678156,1.59334340174211,0.811394311184457,1.81770640251797
77.5,1.43442947245064,0.627403576667404,1.41548823256724,1.24339054021109,0.302164768128315,1.4201948744049,0.688208564533705,0.639182536020442,0.534733903171663,0.68498233972807,0.232057628289145,1.35767263634644,1.40536901585777,1.19833188340606,1.07867525980699,0.848425150472261,1.28313762810363,0.936714133206158,0.371753424398531,1.39240564696922,0.911963780964711,0.706531307805055,1.10173297171545,0.932662367741323,0.217276898140174,0.342182627804593,0.968002052730326,0.742418789748389,0.675119349708752,0.635222504092725,0.82103679844206,0.405367713825925,1.29385148376089,1.47064345312846,1.10003157422312,0.861663687709867,1.54407265273866,0.852875249787852,1.17226531411198,0.103244859248956,0.731250444870334,0.389900080234538,0.517070516584992,0.176162883097376,0.950724930776444,0.565950176269456,0.657868533860417,0.561846229531295,0.405375725664876,0.72054542480582,0.0677840259725631,0.69590176019494,0.74089875665167,0.862806124245743,0.564121554059925,0.835889189128795,1.03951184647557,0.415307831084788,0.752916602696137,1.13340143335184,0.242456617752127,1.0502928741777,0.562991021262796,0.73184553390121,1.41297938857971,0.178543974310181,1.28905768671787,1.12375274164563,1.22810662319362,1.49400943413719,0.587059282161283,1.10203237974639,1.44424344210028,0.663880616658275,0.895436732872727,0.987189149153219,1.12653531104966,1.21271470742722,1.70588120518708,1.35460930667063,0.783393734742858,1.51328373880764,0.170325983788172,1.29280044744522,0.951665609798093,1.01050989464331,0.84797329959129,1.27559695299053,1.28913599231266,1.24745107955445,1.26907070154445,0.643229174357111,0.965776180938768,1.17283902314937,0.777018125722035,0.343973983870281,1.15022660090894,1.07569060490296,0.538166103436976,0.877515950802376,1.42385181929083,1.83745586302322,1.55074331071744,0.895380333042013,1.5532887437191,1.55704495078864,1.05821410480521,0.325731471259985,0.980172676555053,0.709297837692002,0.36011594764672,0.385595903361182,0.535900879519519,0.342591332957956,1.73514069931992,1.35224440539731,0.932382826668567,1.06864150393134,1.29104047337683,1.24183729836468,0.251966485094243,0.680692974746366,1.1368961486968,1.30684186722273,0.840689807216026,0.579977363922391,1.49797547195199,0.839032870886689,1.49792690342862
78,1.43841718729944,0.640154310796155,1.20175706359861,1.14835395356318,0.261600308353072,1.23164555016291,0.633335155488632,0.494526212756965,0.242024698521715,0.691670379677306,0.0807734931798027,1.13600844217317,1.28062313354274,1.09390479772967,0.978036411923144,0.886295820130708,1.27941301266624,0.875734935409697,0.480356794322667,1.28453583734949,0.994599827822096,0.74330938313341,0.965907019271245,0.815617020214655,0.299686902619412,0.238838865965863,0.865798697375695,0.718122197304176,0.655307501589817,0.567235959118402,0.927350135166512,0.438237075996592,1.13700429075537,1.32619579520209,1.12158255851973,0.896362601812615,1.2983127509461,0.623262192279492,1.07070639488994,0.175281210023152,0.561510776456147,0.464309013173045,0.600843486598064,0.194904268893714,0.77076967093427,0.736030629452023,0.623775593078614,0.481473075872612,0.298757071052485,0.72324376115964,0.0276978154882619,0.700069968905954,0.621053845293824,0.741659975460119,0.490650075561804,0.682513449748951,0.801492180045967,0.218118777759338,0.820733565344352,0.908742588422496,0.209472009823575,0.885146280000017,0.515568260020058,0.709007385782584,1.28894171422231,0.157021702995722,1.31083085666254,0.889023346641291,1.04729567320663,1.33140492221279,0.517613238360074,0.96170426075083,1.32160497101185,0.711763324946379,0.79187206415018,0.881045688894188,1.09762414217484,1.19779039641924,1.49467331309839,1.20023709191865,0.680150453018324,1.29258758814481,0.262768612679277,1.10220631131987,0.924083543262502,0.947770093483637,0.80952432010598,1.19454854060777,1.14240057241399,1.05708974040801,1.09251396627531,0.410811196661666,0.688598651675063,0.955662557559368,0.801011085534875,0.292161408729632,1.14735266436816,1.21351932448697,0.478783182400598,1.0511890033654,1.23064390299176,1.32876251727449,1.20379720551117,0.737174663271896,1.53776593732592,1.20464515121801,0.791552491328707,0.129670756965391,0.73633656062657,0.488415534598903,0.378126058974935,0.254356937145095,0.423054527204603,0.249277130994369,1.50136867273393,1.06975342187839,0.789931441979157,0.786287433608855,0.949578775779804,0.938617832755443,0.230859036515767,0.60002096460097,0.900632900306072,1.12389885630321,0.648431880784665,0.447329952627154,1.18440676337158,0.800865030891865,1.17852915193915
78.5,1.22213297479596,0.409213269487831,1.13756185193262,1.23508934990315,0.134772023916861,1.11440729791171,0.671870519540854,0.40684840208487,0.105890867212271,0.71955389577,0.169574897988144,1.11914745877968,1.22215166165616,1.13488265433939,0.961236669756085,0.931632445756454,1.22648064375556,0.980133503418419,0.319541133513771,1.20706840885722,1.09201913945452,0.752625996095181,0.87624221821646,0.702751191149511,0.250182725193781,0.179959218107863,0.775877673477374,0.780882181703171,0.613389640938815,0.663466381686804,1.01331091498654,0.492532134315336,1.04786317012593,1.13300883270988,1.04266304941454,0.857601591289483,1.09574673097007,0.483634627724085,0.962177239702993,0.172844350809803,0.464462896424112,0.445949163273469,0.615296345007781,0.233646195002607,0.455055134497999,0.732068054783778,0.63631045089312,0.35741825437303,0.38160344955888,0.717536307491908,0.0704084358925919,0.804268182965827,0.644053952987437,0.784256591981102,0.613057958750382,0.707557822300479,0.738747937859159,0.262549603882961,0.721874014125047,0.843942831853455,0.172521910672588,0.810982085583872,0.424083304115241,0.731599670893489,1.31770987797297,0.176579914307962,1.25754070353684,0.836942289670132,0.946275254866594,1.24834982953337,0.528776133126952,0.974991389285827,1.33788353695864,0.713697248640592,0.822510084281151,0.731409937521019,1.07636130573169,1.15469647601219,1.31636367614883,1.03117692650125,0.636241285005262,1.13322647385404,0.244708217299683,0.919899028992183,0.889905106324337,1.10422438511405,0.867531154228131,1.2266374449189,1.10574765465481,0.983070802515231,1.06545344370824,0.379719847430698,0.584287440281928,1.06074927798158,0.842212392597721,0.213402045250236,1.27457999600556,1.20059881827236,0.244835612820763,1.1276122889364,1.20182952469297,1.0952539624624,0.929512723772634,0.827858142721343,1.47940735401178,0.957535305202041,0.699076315796222,0.185229689114304,0.789480868949237,0.709128290914515,0.518009369719686,0.213964052435027,0.27851734400821,0.115685551862965,1.34062948563769,0.945103984382309,0.594988638448781,0.639601062546034,0.884815017260768,0.731457505118722,0.140795416618151,0.470436664982738,0.715383355838741,0.958873322657527,0.542466629543581,0.402813105280096,0.88841320384946,0.769352929098689,1.13145951098009
79,1.0341850841957,0.231795519121406,1.26355234839726,1.42903983599426,0.0455156199792235,1.16425774684717,0.770302846783052,0.468230074011603,0.315683115830058,0.771106627846078,0.301826372673368,1.24398526382284,1.24129400880222,1.23951469441713,1.08664060470314,1.0137854483746,1.25276669914231,1.16994697680514,0.0576697365371205,1.28452687392972,1.11094841286234,0.536542326406271,0.876828076526101,0.697813151491226,0.216980266842406,0.128840030415631,0.693558394032809,0.884591507885774,0.622389912000474,0.854899066137097,0.873296127028081,0.472659824912958,1.00306294444884,1.08297081945856,0.928658995492578,0.753171800029407,1.06357323125913,0.478254373379437,0.911542732179958,0.174685976040977,0.481439352422317,0.422624616160524,0.597174153066697,0.232382105517063,0.389904316504701,0.740257409089213,0.668020460303785,0.283139091385462,0.529918708468557,0.741214077859958,0.0884975590074444,0.908174751030508,0.74494943602147,0.891244285277021,0.721157576210823,0.845273435966562,0.896902618550214,0.404199918568246,0.707767997859639,0.944041778945293,0.273712164284227,0.906491134652999,0.367278864793147,0.764050194471311,1.44465190333331,0.234192950587398,1.32575472021779,0.952945947111333,0.885717793386268,1.27027370007897,0.636523335134087,1.05204265369056,1.37962126002553,0.491367406547432,0.810519847220708,0.77199969749744,1.04524373290873,1.08133972665898,1.30124468470744,1.13285767316065,0.630230714704485,1.19862905501773,0.238630463639513,1.09573725691708,0.994370312655402,1.33434911827478,0.897833167142482,1.45696759288256,1.32393672895223,1.19278043558681,1.23061919928312,0.522492530142914,0.754761059530274,1.40709755472435,0.950730033835626,0.131307077881955,1.48795974780598,1.16402475844859,0.341559193503723,1.18701923368152,1.33196050705481,1.34500575306084,0.992939664774874,1.07883932970371,1.49367629302453,1.17215130988828,0.925090895431973,0.329215658560711,1.08323535159366,1.0855905719745,0.675688858530155,0.431398605359314,0.382544854453814,0.10913215751869,1.42127133805901,1.10854399497951,0.580639574934783,0.926711731153248,1.2246696216695,1.00952047591881,0.158436445376577,0.490199005424128,0.747254256144945,1.0318748015765,0.754828120398042,0.489447681463755,1.04805129919465,0.90076362034217,1.54618282382789
79.5,0.844054661094516,0.212626260018072,1.35767733957455,1.41619921728914,0.197714100359566,1.21370453945796,0.738967097806175,0.618749689862471,0.525080129426112,0.749567238205115,0.325954290899463,1.34726137340937,1.33078416626551,1.32750416154909,1.08508010144711,0.888800267886332,1.16339650472,1.22630175623007,0.120227592548991,1.30447357365235,1.04470360776136,0.392238309529702,1.04204933987112,0.804232791058846,0.0130351526527457,0.371832787364364,0.66608375468164,0.895721485661331,0.593721880745147,0.869107376659077,0.754502222087663,0.497162743873917,1.07520629980567,1.16080887529123,0.905106113460928,0.659407945252253,1.20927318572131,0.559820609390663,1.01392150711046,0.206882098524697,0.623849736147764,0.297826446676668,0.433021721780564,0.141803881628794,0.580599766648301,0.643576834221305,0.687014817738544,0.331478064773561,0.548900802689948,0.673599113030518,0.141088761388631,0.888806002297579,0.856057441759701,0.997130518804542,0.805832607828822,0.983531549185236,1.05370670522204,0.521703730363914,0.648086518871289,1.04111831991855,0.336079505978204,0.962478250985578,0.32583663887199,0.737022377572739,1.52424706251555,0.156325451077916,1.19908869130366,1.15369160070074,1.01745819583064,1.33751502864069,0.692932197192156,1.1463947387782,1.40694884218059,0.324625533097702,0.876019415746656,0.854042399135073,1.00379280348932,0.955534707277685,1.37192228197588,1.33449905637282,0.561918165916261,1.46104854076799,0.214685094430113,1.41584538147083,1.05565860296308,1.44777117197148,0.893749376409242,1.64029225435596,1.5946041170641,1.44892135922842,1.42159336448962,0.664232541547813,0.965576273827085,1.575580885451,0.862411527299452,0.143104748637848,1.65218694246207,1.12637062528952,0.595184209293266,1.05816976802676,1.43186818789226,1.77748809489803,1.3412185486681,1.21118545122865,1.40536404920798,1.58736788908373,1.20036919377103,0.474863464716644,1.25037684740705,1.21690849825329,0.683991332661989,0.487066744498864,0.504924462303557,0.34322102985166,1.74738631349344,1.43453427811929,0.80547244483681,1.22988955225769,1.61718684357384,1.43782975361167,0.120336093689773,0.671150634927909,1.0599370582227,1.29435486024835,0.957572421384787,0.622823964964697,1.49677520703028,0.89367830758333,1.80276289757421
80,0.728146015434822,0.354608849458201,1.35691362494104,1.33247106770432,0.284585357374189,1.22728254723715,0.721578469692838,0.674293014300315,0.623328366267967,0.657907090036468,0.364460209911715,1.33433607005703,1.31760815315974,1.26452129350583,1.04343805356933,0.746964204612769,1.0706808026987,1.15352434781531,0.40210221273787,1.33719870106115,0.904586688563294,0.333009858624908,1.13154364559306,0.868478242927177,0.150943302285463,0.409158448316876,0.600736181876427,0.840120511205132,0.524693917662507,0.873326538715475,0.585920642561404,0.418167366363359,1.02600250509964,1.24427486098069,0.847408792634037,0.586355303722205,1.24250900507484,0.675608621974822,0.979714653746139,0.135620735447813,0.69370308823891,0.176628160147441,0.306138970716232,0.0704846962109143,0.793773468594436,0.510475573095346,0.627545943001882,0.465312070318602,0.555818022902943,0.586118199178438,0.160893830886081,0.789996696557179,0.851673973649281,0.973935640252223,0.777903044724868,1.00153565348026,1.1657978720459,0.631265182913389,0.613274833153322,1.11702432719306,0.360851065072822,0.934524341730903,0.307335735556475,0.648625146862269,1.44130791374617,0.132657788050515,1.07299386785724,1.30340054274813,1.18676686323217,1.36465310030387,0.681323659442094,1.10366527663835,1.27602644432695,0.307719470019787,0.930156233531265,0.980744710564644,0.965785507026563,0.910386787484802,1.5045737492966,1.38204494257004,0.625057297918106,1.62674060206841,0.142235772089752,1.51781846728462,1.06535982892985,1.39632854619077,0.808207787246336,1.700240887718,1.81514995153187,1.6975159533189,1.51091543637906,0.783863577192295,1.16481501113215,1.70244279109383,0.870092585003533,0.231135982230375,1.6285375212388,0.995886794263664,0.826551622168082,0.832314510314883,1.40410872212345,1.93578086090069,1.50563309083142,1.21228768976198,1.38091379037593,1.7972159435073,1.34997062246939,0.52301905777763,1.37991673738827,1.32064944574368,0.684380689389448,0.571884364546368,0.614817461860608,0.391403904724369,1.90569435104868,1.53294692500937,0.87012992717203,1.4192564992982,1.72362712372319,1.62832981616464,0.0909060095351925,0.789867052142978,1.27649106891498,1.61566209339951,1.13965210403654,0.735142432877823,1.81061335038542,0.940952985814598,1.93137841990703
80.5,0.516537367552188,0.445645482219244,1.12913675624053,1.02334751528156,0.342726931993138,1.04780644116066,0.575670902326158,0.747176977500181,0.699865111212026,0.474783904718323,0.332774070439827,1.15680349851447,1.15530786451495,1.0424837958519,0.842087913124638,0.56507124620183,0.844482205873713,0.933204348043476,0.470917346384429,1.14342975014267,0.682287817269132,0.434428324295726,1.18477431637009,0.844458396266649,0.24773278385011,0.479081854475435,0.536118375070564,0.723843739801631,0.425200898817396,0.756669245436062,0.42616484622981,0.403210748765878,0.980400324485412,1.17176830678004,0.726297464800601,0.479406904161955,1.12988444420734,0.614025134827225,0.919358537330567,0.133646952446567,0.743730635132613,0.13581922934238,0.244960697049623,0.0993135265221529,0.782824570136679,0.42393412065866,0.522136210024166,0.528152351065924,0.524218430517784,0.405236796408994,0.130889271145227,0.557778825963718,0.772671402343347,0.912066660299071,0.698466074169402,0.907825566196272,1.09228424223248,0.594205294967201,0.554390288147103,0.982179206320128,0.347291540453376,0.798374747003878,0.26972317883634,0.484384179122195,1.19775048066103,0.0835546251299012,0.787831406949113,1.16659693273212,1.10337506196422,1.29291694692071,0.602323107980399,0.972746024926939,1.06429365002523,0.415094852514163,0.838217231322323,0.957170306686698,0.89927904083205,0.876556951388442,1.41815366969807,1.3858203641313,0.53055467924606,1.58981397225688,0.120437807457616,1.50712465184761,0.903111073888717,1.10696639880163,0.642398917923176,1.55277659854834,1.68265215471025,1.53015174444642,1.36685376012426,0.764579438790353,1.11099674136768,1.48060405758004,0.824676892515966,0.311651153033259,1.42480931228249,0.845852636349148,0.855816658998337,0.610714446019689,1.36694291416617,2.04776268088988,1.60048836653259,1.10247141952976,1.28250184406217,1.76339077646546,1.25955223863978,0.541415868352303,1.25519147843963,1.09771717760417,0.506509507601462,0.479590029143083,0.597040215231613,0.429005351606698,1.94691867987397,1.57658995576897,0.915430821382159,1.37091191606523,1.7047151549591,1.73104313427073,0.0955385755971972,0.8804629291818,1.42868452341109,1.67505306199261,1.01129182090956,0.728903344218534,1.84667918322484,0.925990755249048,1.62870729350698
81,0.317549748523043,0.515295500902432,0.843105045918588,0.656857172647741,0.369961362390537,0.805158202630836,0.437600641562985,0.632906016701397,0.600096631430717,0.248476959042824,0.334698754110264,0.874669095617887,0.870399805449841,0.748958220097268,0.628795941100522,0.381798956337566,0.546270019036456,0.647916156781202,0.553367548061124,0.924441492546153,0.44706877035927,0.446575100135401,0.991928632195402,0.711779631866373,0.279029998019461,0.427967854674195,0.393933203915773,0.581669999333168,0.289125483002067,0.647849852691411,0.219383650413489,0.31329493530017,0.771029842071889,1.01704029693122,0.487686731910727,0.270667343910646,0.907037036487382,0.498201019730808,0.725390934875539,0.107629566792195,0.692130448276908,0.180049496962797,0.267962981161866,0.163651695720442,0.764578097074491,0.293013704297073,0.412226124594779,0.529393691032666,0.511212090213962,0.241874333081854,0.0934397647946165,0.334868214349825,0.618253790129731,0.694888623460598,0.50738540617962,0.727957001993338,0.91152348415497,0.527685576864208,0.49460703113944,0.835733267666518,0.247572005495999,0.621108336477426,0.258172868401893,0.280237777632541,0.881028165327159,0.0558045439153174,0.512434422583198,1.0059360670633,0.956504873565554,1.04525554046128,0.489890697033426,0.805076335586354,0.745374009851013,0.464217533473605,0.733391795661448,0.85974585130449,0.770400562414715,0.778452455265015,1.25889499169685,1.18730723191837,0.418254529765566,1.40123164089012,0.0863474572858614,1.288394063705,0.702917257631495,0.801581370608935,0.474074163749722,1.22152670426082,1.39165698757484,1.2772067636916,1.08843798391071,0.693792840391028,0.991691789046724,1.19489606578675,0.748811528153709,0.32779986931589,1.11044573102258,0.697494511599588,0.841224297235406,0.403733498545043,1.0423574775045,1.64500143161476,1.37956780848999,0.883034458731831,1.03924914847401,1.52451534428146,1.10861403702531,0.469374721419225,1.01681697201274,0.870356231074875,0.334676306577196,0.417065286936694,0.574274387360934,0.352955809692896,1.72044694828068,1.3549741744639,0.806738608146558,1.21170579716213,1.39763283041691,1.43454027353612,0.0856850151882683,0.818003069430686,1.24255650695347,1.51930894093944,0.86219733881694,0.633369450560674,1.63478307918716,0.83526902317855,1.23337347429892
81.5,0.168538904288529,0.454713603991801,0.552391503125075,0.412624039385541,0.340695193016856,0.515902425586274,0.276062445483752,0.519972573742889,0.526903876775853,0.102216508769945,0.300712106085973,0.560889583444487,0.524702409944818,0.45228849171467,0.394511014147595,0.298499507845438,0.204214976373619,0.413253072825424,0.488800065058947,0.602075274204443,0.34817733886705,0.467932244823244,0.774656987479222,0.506972243716051,0.296800261339542,0.42086757071048,0.267287775540438,0.427769476219524,0.179757047141189,0.558510034315161,0.0794721478929431,0.231411366802764,0.552030719227645,0.78622574319494,0.240856362983641,0.0882254429802537,0.635146712605298,0.337411679286953,0.535136381203763,0.0411920606187327,0.50684696079036,0.170329999690589,0.2769769273629,0.228800780909549,0.638440184773152,0.204836038080724,0.243387118043508,0.429757533426126,0.466803588155201,0.145783357806241,0.0517451015381794,0.204159886767129,0.470363100535821,0.476275285195962,0.293884372424635,0.449149311584164,0.636773128802641,0.457363693137558,0.334831797984747,0.607391579909455,0.113215307390318,0.366932265076197,0.188698546930517,0.0792982461762178,0.533173683640917,0.111334957167955,0.243151555481782,0.781618668563242,0.714544741915061,0.785749789894182,0.368932278457688,0.591289803301381,0.412106330401458,0.517533426623634,0.558076096847654,0.624304702754055,0.5500523544613,0.59819862083088,0.956214269553203,0.892832750804475,0.249850380591877,1.02688538319674,0.0760357976377157,0.990097466704742,0.414617984445499,0.453065463691665,0.314955779977339,0.845972185328062,0.978237854420437,0.891494238954959,0.726330902814133,0.543162375846807,0.740808947385062,0.771111319956801,0.527777976580761,0.251484217945411,0.697785383207155,0.468031721726144,0.654900524095931,0.231133157426785,0.71429418705231,1.23332210668417,1.1160148009662,0.663202262441016,0.62282197009284,1.10874144391529,0.797811997088813,0.313701491597339,0.630336943707553,0.566035075210392,0.149270549557444,0.275558731790191,0.458841110821966,0.308935087866462,1.36525664869654,1.07836115020312,0.687353600708432,0.882097530766585,0.985231635484335,1.06576957318891,0.0610275696621128,0.673241935934509,1.00823522927004,1.15347627570388,0.52763648191287,0.457183858596888,1.21747453843884,0.566075164063059,0.706120486531378
82,0.118140173395682,0.391215627845353,0.386449021635465,0.400791534719889,0.28260626260592,0.447929655962202,0.27391649307453,0.370607870881598,0.424532453052557,0.0822459279123532,0.271700915732211,0.377918868349076,0.267649657979384,0.365543922394507,0.26844446192398,0.4008190600675,0.221604850227708,0.318022157260074,0.425540524273432,0.353376767687325,0.450183159217946,0.406644945839587,0.476091927282191,0.280506140645819,0.30591448098823,0.415095484954132,0.152928071252142,0.342777317557989,0.108017725138442,0.529034220675686,0.180476217237781,0.11299775293321,0.364952186459029,0.54723208387562,0.0360484539109359,0.132914603259874,0.401227787547902,0.264820037552321,0.370036164385287,0.0202835714158317,0.355547534697453,0.196603841166515,0.294788020714605,0.262464290266814,0.552019662569618,0.175148218929531,0.063107790326581,0.320037297709793,0.474521368482406,0.304832739890546,0.0578355263879836,0.306254479171231,0.432954848808839,0.352730243783402,0.283825048821042,0.275030554981029,0.408061512233281,0.414654377331283,0.225020465199562,0.439164650096693,0.103195344146412,0.184003113705562,0.123178427371268,0.149253968542628,0.293809515370368,0.194334368595211,0.133791454014309,0.612818302800459,0.514482724351131,0.527616325400602,0.254632090861709,0.391681892020097,0.241935810894837,0.484456888223144,0.363266992273874,0.3622465126589,0.301195672010873,0.406125103914749,0.654988134946579,0.510796835094057,0.109462070454663,0.630263470396874,0.0647511796319635,0.600942602689784,0.14659443886101,0.289057714716989,0.138481147694931,0.448911454899542,0.527667705151669,0.494046215197555,0.422247505586032,0.463851713133893,0.491460000353888,0.40179818834453,0.310335908013278,0.175710491314539,0.329542605401152,0.226037448262046,0.445948837032768,0.188889675236602,0.372620592836166,0.734552204292452,0.735721332517724,0.479948673956553,0.202601074641638,0.72491235925769,0.547418508541821,0.240108205258397,0.283735247877507,0.347277842925316,0.082542020717458,0.202178721666685,0.329992275691185,0.252026271482459,0.875826913405069,0.673300539518563,0.484485020880577,0.506541230726628,0.542124968789519,0.638224523624614,0.0569817557358177,0.401363646354194,0.624373248797069,0.646774812840184,0.221984025952571,0.257133158146275,0.714820198379877,0.286224826963726,0.21305797829179
82.5,0.257633594980146,0.312356176075104,0.479462989239136,0.543912441891869,0.24582641618316,0.586194151047926,0.381798561008366,0.302355402700195,0.366436578591737,0.168456767205478,0.282093672180015,0.453148259264024,0.352526368484264,0.547596799655955,0.391291210275672,0.487198251008017,0.401002108396778,0.386844572055499,0.353536465113817,0.446895209405531,0.638359828795443,0.342003317208585,0.260784502541785,0.148442244441199,0.232581206048278,0.350758062601144,0.0725351850213847,0.350890061778976,0.151286721514578,0.625320753146643,0.289459373074989,0.0636270177512006,0.308964417886214,0.415413866012295,0.185729473218958,0.2129904893769,0.400874583537713,0.307940192267312,0.309159640699609,0.0294466494010245,0.338511912394294,0.160391997161702,0.243025258236372,0.253035464759555,0.466283621513844,0.145195283887931,0.120331996248957,0.224112992162053,0.469096419085682,0.391603335055147,0.0564110224441688,0.417409795680599,0.534047666794956,0.438395593707178,0.373284735971433,0.321571616553896,0.330199884407792,0.403726428265972,0.192105590851326,0.408162410678061,0.190628023888085,0.323827133322337,0.0740151878598645,0.250075823536384,0.456465556421106,0.162060958504077,0.251775127066425,0.537939723824393,0.266884354499177,0.295745328479146,0.198491513657925,0.306334546501965,0.397663452661535,0.439680359417117,0.106552490394262,0.169679867806849,0.0205247967654245,0.191173426526406,0.387438589544049,0.227359016413773,0.0632848932422438,0.400297823804093,0.0808802180848289,0.276143392612467,0.154268224478427,0.408483108598044,0.101659139064372,0.228332752040883,0.303041310411229,0.311085775176023,0.359482372924774,0.416207412694724,0.371275605052633,0.390249870305521,0.0800823140032648,0.0934137697413127,0.187655254455299,0.108986155391501,0.332773743076664,0.27557735077857,0.311436458584088,0.438661932779277,0.414287095979461,0.38378736791572,0.111936580164655,0.462809796816701,0.407826238624799,0.27571494907607,0.231671371839629,0.291754791254247,0.119048338833417,0.179819280447858,0.244767929066649,0.177571712387297,0.444910561539698,0.32418289776431,0.254101127635941,0.265145288253286,0.196029032676301,0.251141545271395,0.0313592720473359,0.0851597274757452,0.305894914380483,0.229253427400178,0.150240462688949,0.0685227245816457,0.197075177353621,0.10229416454761,0.309465135752446
83,0.435864177110443,0.256162845471799,0.66501836803466,0.740348677259522,0.225549612092783,0.804882124430759,0.503255805011638,0.335770667572514,0.401921513348539,0.250516730133369,0.264033845615193,0.591721541554671,0.526418319836684,0.685811836808485,0.567621851251691,0.607334755041188,0.577598158686983,0.488461297061943,0.325674263152413,0.730863611049909,0.738195215157305,0.190449139910361,0.30273274203172,0.220586119616341,0.181823202550924,0.323975396057051,0.178565304441386,0.388635977607714,0.23015455325461,0.675543803592678,0.254244206355166,0.143800128980107,0.43365683705455,0.554356731686684,0.2754717445348,0.208119650519322,0.551783265289879,0.39275049561994,0.402227937370237,0.047782429578156,0.434175359237595,0.10976883922498,0.168534607181872,0.249226483708833,0.571019510246015,0.164593244861772,0.306867348114692,0.162608706556033,0.523353952488014,0.467244541069522,0.0526275162082666,0.49442141219856,0.66840264042598,0.533866940750671,0.429302437687722,0.454698195023092,0.424558690774246,0.473768309124515,0.184024155015163,0.504190665235287,0.242326689794686,0.496402584062654,0.0692266097762405,0.313723841943931,0.700061023857454,0.14030240544079,0.404546742980309,0.640550628906245,0.200059473441698,0.290574710928347,0.269958890281785,0.406622285848456,0.583558137631711,0.34102150551573,0.122598611798028,0.289963880535358,0.226295760781976,0.100422281773575,0.274867189865101,0.212335780566335,0.184427656365633,0.478268293221132,0.0276243313033106,0.316978367760545,0.334664116537878,0.52890454963881,0.309243645380823,0.376195342583255,0.426004877118763,0.451991595473391,0.492739806801104,0.3566426291116,0.44935166242973,0.601937567794082,0.134941179103494,0.0279157236475413,0.33796998353379,0.0902417632950362,0.349902205435087,0.367292644017658,0.420682741197626,0.559350649274419,0.37054366818532,0.471279028535244,0.353071018548953,0.455644372540776,0.389993906712019,0.288522836019875,0.382041480584147,0.424079607254191,0.134538056943216,0.219424309812141,0.226188812241657,0.2118428477903,0.402196470425442,0.269797093785961,0.247183180810114,0.38273157314675,0.346682587117663,0.2728953788531,0.0307029913147801,0.104436060309244,0.251850148062285,0.275428931080785,0.343512176018653,0.148175635867969,0.377824572440963,0.205254214012878,0.653435567146551
83.5,0.554989287028472,0.169758440153122,0.81028830201726,0.805940512003046,0.17774481216909,0.832269360627058,0.478433615910369,0.386798385833955,0.413561232923234,0.267576063914792,0.286542216305588,0.705855037063989,0.609301845693092,0.716668555573397,0.641438412502753,0.574388787268236,0.593348811282705,0.546517815978851,0.287050972255292,0.815346771336696,0.738608544761016,0.0408719710682045,0.450465398622661,0.330857813863633,0.0526956809367303,0.307732742499021,0.358934462984926,0.398405169697003,0.257052648521857,0.67344148940843,0.225132012637197,0.220491262091,0.587265513610818,0.669361096633196,0.336622883476064,0.176890314511731,0.694366369291779,0.414596011014773,0.521896916986256,0.0741277589761855,0.488253886828605,0.057538781766716,0.0468273252822715,0.210885615782215,0.643401727787506,0.199698045441829,0.414835962002615,0.194555533901292,0.482075687342676,0.419642579760925,0.0494399084792129,0.494071757123461,0.727631236395433,0.643994113904569,0.448971543732964,0.564157558725104,0.605122005108477,0.475961209057612,0.0656771333404615,0.603672883325142,0.267348212569215,0.614093391273309,0.0849661032867612,0.303374469442575,0.824285045599048,0.0339603185520418,0.484311982863228,0.689209015431969,0.373508173395571,0.450699532643639,0.326500557082677,0.554978198993856,0.755399119250667,0.222945118640716,0.303995903616139,0.434340562849104,0.346055274865412,0.187547926869022,0.438670594471907,0.413870341140625,0.251481482050373,0.653373581050999,0.0327920602751333,0.524052579322618,0.381616931011205,0.537970474829948,0.412753590934489,0.530148071064946,0.594600516856395,0.594231861600411,0.582363844693174,0.380875475680439,0.546664033049729,0.658946059821812,0.209283352744318,0.0328887330715464,0.440025638177271,0.162879250425171,0.324847338973649,0.336607166403278,0.556246469158058,0.824800519283274,0.572951329152008,0.480773163301331,0.415886901633723,0.551775153197316,0.433059278406595,0.279262765602175,0.450473692325627,0.42113026983108,0.0942822119917743,0.216554091511252,0.284239522824841,0.230177625197366,0.620142376655524,0.442590273897407,0.340408732769538,0.489535189343707,0.60387386724313,0.55015702448356,0.0561405081421884,0.238759657778897,0.467932551559568,0.53561623498553,0.457117936855642,0.220656220964374,0.712808351224102,0.252627536564155,0.790938505846248
84,0.671805952283857,0.158719584188963,0.92200954321639,0.848354016952655,0.0955213999388928,0.767038329724777,0.435470929409219,0.360778514640928,0.412585702781133,0.255190188895728,0.281962335617652,0.745558834273661,0.651542552617752,0.700847229654689,0.689093563799339,0.540915348599456,0.584168921766652,0.535393453620601,0.321817469446403,0.885488884406774,0.613300962538887,0.0841706586113592,0.508811798509771,0.388930632664725,0.0750126830244071,0.280085329499961,0.424425308852035,0.399163808952308,0.306728120074364,0.576309922150656,0.229316493269195,0.255719588943981,0.586413150375886,0.707067697313486,0.379331654468251,0.164715089685531,0.732252948519651,0.427695710416206,0.58792536635339,0.0827171606850979,0.531529577726858,0.116117557471988,0.132246060226028,0.173315324590184,0.763697054479441,0.239937509469042,0.458232504227276,0.269510857491031,0.464629161266835,0.369623500894499,0.0431691760472378,0.436879069237984,0.663628974449926,0.562180634830808,0.395744489753964,0.556946294069255,0.65757861387294,0.486988922926169,0.140227368987452,0.689429042747421,0.2110238294577,0.623598161940983,0.135267179487479,0.225529228619589,0.795141120333793,0.103862715284423,0.564888547540971,0.728083558374382,0.519083440344506,0.541337896971161,0.341445469253149,0.606717384588346,0.743316542545715,0.0733512172852448,0.406948861987145,0.537988863013125,0.419507477022207,0.280127272491531,0.590479205895284,0.565632516825357,0.30006661056367,0.833186469318949,0.0438682482461361,0.634506002468523,0.398122276528937,0.493147368740751,0.412632607367702,0.590081795080351,0.74781116254313,0.734523614780501,0.584518920726413,0.370313076106178,0.600480356689652,0.657720308294407,0.249524501495775,0.0837167403171512,0.409538650310263,0.272652859220235,0.381452519146951,0.250995479083255,0.479506065758781,0.769248664536943,0.586922631896877,0.406718322981699,0.426675475540249,0.598226049722589,0.503542859757096,0.228620533912053,0.443704787105303,0.435606971172854,0.063112667999441,0.278079294105566,0.392907686710349,0.222384127728446,0.671663823067857,0.485409713219969,0.423908754919275,0.521906712931165,0.620534152008671,0.590034386288317,0.0874318584690312,0.238917738919258,0.537089489020683,0.693542265775278,0.561051616466965,0.24236310622696,0.859574081533664,0.274219785389644,0.872509083256561
84.5,0.722852871029693,0.206165544900123,0.847623066143213,0.776899514045636,0.0624935042421422,0.618234955956228,0.305981294573627,0.315746671473425,0.328357495136913,0.272696407356248,0.241943768959799,0.687942596212893,0.596967885584646,0.54694433190651,0.561293349276491,0.37249108852238,0.529287971079543,0.471342423555742,0.283616305927325,0.793413337383182,0.497169592755587,0.198672252435312,0.548594217759818,0.368772915515694,0.0932972715509556,0.308870520171123,0.541095517883381,0.357957788282403,0.323626669560583,0.40845596663791,0.230777500362814,0.263839488066635,0.576130576893145,0.643654654926101,0.369502120833838,0.220326056566592,0.669625770316806,0.380995597049362,0.555011834428422,0.0838387408781453,0.460070244220098,0.203694274378152,0.24321548000363,0.116069017436396,0.627814213027919,0.282594684793518,0.429010726508804,0.257156209797298,0.305571030950877,0.365398473663851,0.0895845917688803,0.327582934650788,0.459630349384314,0.435291300815686,0.291615507787059,0.43547642435926,0.554656691441348,0.361830225151713,0.231815591170387,0.641613356174119,0.160323963671286,0.572279630540373,0.238110515487566,0.190385289420608,0.682880436711748,0.0711153600277712,0.527798552425461,0.625878532966486,0.567033046780798,0.601589256933951,0.325906751060653,0.55382691154079,0.65075324819151,0.0801428308692723,0.395484431137326,0.516884831559172,0.386258783052157,0.333963685376535,0.623492572435692,0.640072650860655,0.293337529217701,0.822333174297482,0.0645101338335808,0.675151352591115,0.35325308269461,0.376382349851891,0.36103718746263,0.548177358167604,0.652587580371806,0.632921081820838,0.504807347499945,0.341439247388826,0.531829822213903,0.509455491758301,0.22684937392523,0.152158808980167,0.31177273690504,0.296214131511127,0.302802012743571,0.193278960107579,0.451349634399929,0.708759063065004,0.566476847052143,0.308474121624902,0.43888290708483,0.558540093828977,0.441943488509067,0.216412460910997,0.38776054197237,0.283344567791491,0.064466576945375,0.188873837071322,0.318169659869123,0.142855865899472,0.629997241252235,0.469159226447935,0.392425096090555,0.401056281758964,0.540808835894446,0.568785064401339,0.145569516510899,0.166040332011738,0.606297009331044,0.688305609457796,0.470350637516053,0.225208724929531,0.810324197786914,0.264319288076842,0.685876065378929
85,0.719222869712189,0.313332108248178,0.741204260590812,0.67661787040899,0.0776293371288386,0.444674727304684,0.197261996330139,0.229220143404503,0.153421044500432,0.324932198232276,0.0462293189345764,0.608235010864975,0.587962138280808,0.468456842521125,0.430741565791017,0.270403269224424,0.510030848868577,0.360040101899962,0.274491767104251,0.693417571857746,0.475601163653532,0.253972290454903,0.469558016884242,0.325828464482974,0.103304452069967,0.228777772491037,0.48471173227134,0.348680383621861,0.352871790997408,0.146702431484143,0.360076666676835,0.283715188019734,0.485283030773999,0.506987516965595,0.440974371755522,0.286740081059653,0.528321092628792,0.288418500480699,0.482698795567532,0.0834468878236691,0.397064517361349,0.286450826504689,0.302749047367241,0.125277011235178,0.48466674037163,0.315135313417564,0.382430830392219,0.198565839578497,0.190819621867771,0.411586226956263,0.133033696015953,0.337828636580198,0.26428694201428,0.288493811179132,0.246148331594636,0.317153510114663,0.394300502411269,0.192990655558744,0.336166203784513,0.523028494507486,0.0376396919671316,0.511465055040045,0.331702630447558,0.217340745875382,0.567425831499831,0.118287313846254,0.4817641559283,0.534990134361096,0.514961066850674,0.521842997952609,0.252702726250777,0.445035976009634,0.576190575056836,0.210497402539334,0.370444694426549,0.438083328195222,0.392663970173989,0.357255715857453,0.563895099255119,0.605961832893416,0.216310152687706,0.73584848639988,0.1184174258563,0.608640565040381,0.345099079168792,0.298386101516354,0.325106633052233,0.424238227251051,0.467490412834231,0.48189918354405,0.394999096616171,0.262690796933757,0.435915991712579,0.348621759097779,0.228750576493339,0.182666244017293,0.235592670892654,0.335849099556849,0.266471114135679,0.264840137759843,0.325556367137504,0.439109678824405,0.355138413294469,0.174916816055289,0.395527660885289,0.433004061409563,0.334084916860974,0.135851456941569,0.233721350098389,0.136864855013856,0.0534349874193439,0.12878151018984,0.255071461143276,0.102786473919095,0.430535371876858,0.27025693886614,0.293949731721696,0.199672343832055,0.323658273925564,0.372545010606255,0.105649976246553,0.122209525024078,0.491629204181168,0.585411067930016,0.385113267505152,0.189373702432865,0.686432990250346,0.201810055873879,0.451923856947034
85.5,0.719832200707682,0.334627914656794,0.605175785671384,0.677844767815626,0.115512913751958,0.446059052097705,0.291419431037378,0.142294598026323,0.0513020878084973,0.377406364004476,0.107692309069973,0.602645409850176,0.575532925886519,0.514405373803073,0.429802128532175,0.461960847717411,0.677217379431833,0.40440126007928,0.158463653913453,0.560024780515678,0.590904173988973,0.333656809396636,0.375698092517752,0.281494755791124,0.149263070958681,0.145950384853206,0.414165093077534,0.447422799239627,0.274883454669975,0.243239032756558,0.485977561778993,0.272535316534912,0.406731020019364,0.397020896590207,0.443595359615895,0.328986770492967,0.414096120372721,0.241483749207155,0.324212493410843,0.0401711117155725,0.286973735108841,0.347442006702675,0.368559989961879,0.139456739533822,0.307676306655943,0.314719223063652,0.343150447398212,0.169428230782358,0.358191132385911,0.528590430694616,0.0861803596158383,0.524506983373532,0.340635165753876,0.311836983674851,0.28126400795816,0.287133512843665,0.272430531367675,0.120287768405126,0.368855034966617,0.367055853505919,0.0462901110591154,0.420716853744108,0.341236435172282,0.352409345203223,0.579060844067296,0.00694677174872068,0.54578413677798,0.557942583464926,0.483169587156436,0.471633277668062,0.185705185231784,0.300179603594288,0.536845760739375,0.340422250564643,0.349425075002174,0.348884879691469,0.459040949248696,0.420598778470097,0.483047191587332,0.459669865156913,0.296199404307265,0.515339426681527,0.121913072648921,0.46990315058659,0.338154616428325,0.354920493837479,0.301595947643049,0.357253825899224,0.359168946865504,0.372062851753484,0.295427682686906,0.165985264933059,0.319967782785511,0.273466900671593,0.219772761955515,0.14117090739327,0.248916266235151,0.363451835773289,0.155105303854922,0.43551407891654,0.285142487694324,0.192613968852718,0.176699054364522,0.246358836516333,0.40253821940725,0.221953080754817,0.161912882768821,0.0789911334776687,0.0896947034411736,0.168341068837968,0.1534346474726,0.080582827429683,0.0915876114094436,0.0290109278333817,0.244576590187057,0.0783550346564654,0.10939843150895,0.014481488461275,0.0969848723179864,0.203165281323134,0.10249473334672,0.0568175000411839,0.368332003120093,0.451192574671111,0.168351109636671,0.182749703122367,0.431177348485483,0.261410325072021,0.191205664057113
86,0.721333174937887,0.315484496277435,0.597522728864787,0.789455980501678,0.142607028372521,0.677809535448114,0.454099414589636,0.0674249163364997,0.25606750843677,0.452571263450687,0.275549458778567,0.718103582183133,0.653999371806878,0.698115984366894,0.569765358175199,0.701174060066882,0.891681068535217,0.606534485618182,0.141911612239095,0.559097241652702,0.770929661841314,0.309125589331205,0.344446455220105,0.282374967334744,0.183641452847309,0.128877305775666,0.282903857516454,0.560951964150305,0.239667310180531,0.474272159507337,0.511085439266408,0.289601990959669,0.423106152058496,0.447124725829246,0.483009436105925,0.393367926209423,0.507414300452295,0.314368020194319,0.314703130565655,0.0475051871149065,0.285184764230727,0.394842016136562,0.401921855930882,0.140903082136996,0.211910728570291,0.358793517062657,0.34173267836215,0.166693458611775,0.55477248444857,0.645297466560441,0.0643438564625267,0.687756574664113,0.580821611312607,0.573806181104784,0.408030784717085,0.409435382018684,0.405493213606929,0.24151517686172,0.402823618493523,0.290442172020621,0.119739451139857,0.436444966320123,0.354266857864901,0.564372698217724,0.834844032449911,0.084863136537885,0.662625319754824,0.67702560092506,0.390079819901148,0.451622004443126,0.157860158960127,0.289019487255059,0.639241468793525,0.335692567940937,0.283231270052374,0.285398251697468,0.501852278979465,0.461839456315892,0.480413118825117,0.429328003689087,0.303651800388663,0.377634595240115,0.125082451185519,0.436564219684002,0.386043743732608,0.512893644669802,0.282112552094433,0.44465515002378,0.395763252118149,0.394063182397167,0.404559741842379,0.201547379615999,0.28534653359479,0.38585693263462,0.236867423891977,0.112343933757097,0.428863891012176,0.398534106939232,0.180656859366808,0.657413729996677,0.499743077504566,0.276652534560664,0.124475098490058,0.42686746438282,0.49587749134316,0.315258179487102,0.209718381024024,0.137753891416058,0.22732914343305,0.473342378251638,0.242771794306193,0.113790657208358,0.112697688413028,0.00883248477787024,0.35368056674553,0.256816065535498,0.0402863749178696,0.266092904326812,0.27813400858107,0.0787689480649676,0.0384113650383609,0.08391381349788,0.0459629954716785,0.215734627569357,0.0742217525087508,0.160890267989289,0.096938905275403,0.320832460194447,0.344053347539078
86.5,0.701557861469106,0.0943147680942032,0.795551006557247,0.978463180946003,0.186749654276157,0.942443590109612,0.602648026377896,0.173152018068596,0.431026074232219,0.535134605948742,0.38010272822026,0.915335551050211,0.844743064507094,0.916374926189319,0.735079561978273,0.821739402441277,0.998499927979414,0.762709220333321,0.0969274926816487,0.758730234107352,0.88814485832882,0.271557889171142,0.39799668217457,0.384250882147637,0.131793081073334,0.22197271922969,0.19948315329988,0.620396882672324,0.296865764107974,0.660267610545526,0.546081540459044,0.27787370160326,0.541772949448833,0.680834597400288,0.58531766957413,0.425788877589159,0.735649151330119,0.45893609255605,0.480310190703734,0.0446620384733704,0.404425202970427,0.288140557499065,0.319006609703203,0.0862269540226352,0.46621787018789,0.356591112536251,0.443594956737193,0.240943000120369,0.622032031807619,0.648553176624574,0.0159580094002081,0.767805155405552,0.787925563052207,0.83943519886349,0.546524221182373,0.562197564634695,0.653393978607805,0.400707185967426,0.362709413337148,0.506318526381131,0.187970451750724,0.510746314571554,0.341499289240914,0.630183331407832,1.10943995373723,0.126984898267402,0.745183721189733,0.861497443650534,0.431615914103245,0.550971886696503,0.268700503748005,0.49621359654666,0.814205284101355,0.310777179733965,0.36000557419241,0.3342512059607,0.570444093770937,0.474631783615706,0.65250032424855,0.590156984254984,0.302124120960818,0.565018079376313,0.0947362747886772,0.571910945685738,0.536283114075424,0.734684695531534,0.327183654597069,0.675740034485023,0.631301466015036,0.626387516012569,0.650920356520798,0.368972608782561,0.458642192003026,0.599485396577152,0.270192030416059,0.0789810600295736,0.66839726462756,0.474123680085005,0.17102944541684,0.764467649466967,0.694192510399059,0.614766054789549,0.36856181032697,0.576689515546654,0.655358364680512,0.667829375887703,0.481666051118169,0.243655781952778,0.470777060116121,0.663624578304552,0.309298009927417,0.171300337360084,0.257791289005602,0.173473210381024,0.667321901929887,0.596068434125737,0.319253178496192,0.517073095535036,0.602451917129687,0.389026220297714,0.055980114708662,0.198604488242767,0.278275114311994,0.277060886745554,0.407862701446687,0.228011539709226,0.387940531118617,0.36467899213737,0.840352084633444
87,0.753161743875926,0.120346654817646,1.01442964103161,1.18363308299973,0.209256047949899,1.18325943285175,0.719918935405209,0.3259538053805,0.5642713923808,0.604766492330153,0.437506254983304,1.04788635143513,0.951157910980604,1.00294441459178,0.876664952208905,0.911572552968973,1.08184815259101,0.828178875679659,0.174422263002265,0.965021828546081,0.868570169778262,0.10024519959765,0.552456541137092,0.487759639977403,0.146292564207882,0.291354891360942,0.332550768070582,0.649593937803108,0.364379087132624,0.741282124655326,0.463789860058695,0.235532839320663,0.709243437197345,0.96653738031244,0.662400916851044,0.437084802672343,0.95173798707204,0.62452227624479,0.656764254627087,0.0712674615565167,0.505820304531581,0.168273635232563,0.244085151048201,0.089674358276036,0.720136648932642,0.356432638638587,0.555968686160093,0.356514571755836,0.679598049315183,0.637947197811934,0.0055728665986298,0.746519581697383,0.88497047454813,0.93973020530994,0.545631241914762,0.633325981815284,0.83399552305453,0.56597895338218,0.343377329494973,0.754187613492899,0.217900437959392,0.557483362426897,0.317073004446789,0.629864037292174,1.25019624503324,0.225727275550381,0.855512653162579,1.0190326361239,0.597083349148941,0.804445331781961,0.44669667841822,0.722974201261028,0.931902079889803,0.146065022252508,0.485715903543386,0.475603566248308,0.621200966756408,0.528772879288558,0.911261482367104,0.790896517717866,0.407279873232048,0.867773992360447,0.0772530918214504,0.789609712302928,0.644592284584186,0.858083792241676,0.425750291926109,0.968070036927507,0.916327806517864,0.887326578699279,0.881523485635769,0.531671374783218,0.67262315814025,0.829961591172906,0.322698351864835,0.0893357440806616,0.83809077649971,0.510290062141532,0.238504976370523,0.820811183964589,0.904847472658427,1.01008475038014,0.675017808773514,0.73867531488611,0.83886572095672,0.942480324523575,0.691128255147086,0.331136053568976,0.699111709933167,0.839082854340513,0.360481957328411,0.236500363470471,0.403384190360926,0.264009836460162,1.01198563477863,0.912714276905121,0.519697078714593,0.824036947562757,0.918444982241226,0.655224170972697,0.126046621557301,0.341294278231021,0.549254828849863,0.651822766121886,0.7131393097692,0.34500810284482,0.814408488421733,0.487052107631974,1.30202763347933
87.5,0.693632338849219,0.368530616709204,1.08218015773481,1.07936356373285,0.249255468306838,1.16234388615687,0.651539413862619,0.49761595504216,0.594441248582018,0.548475760592666,0.434751271796336,1.0808645142706,0.983306518131591,0.989214683848116,0.870700534639196,0.723794561848951,0.898057442937279,0.769372330472318,0.240830075710927,0.967012399339306,0.726645998525034,0.108150891627732,0.701592456020522,0.55315005823956,0.182315113138244,0.406419066880399,0.539579964345892,0.522098156577896,0.361893205580235,0.671580822169151,0.405963093777076,0.221966887071577,0.838127956716539,1.09875414093487,0.6714342222376,0.431629605690173,1.0404738353836,0.650569045860448,0.807241917691191,0.129176866888048,0.595388331122151,0.118661119422156,0.209485716729976,0.0624433560940547,0.734245459664859,0.33273142287725,0.571224688990762,0.373000541469679,0.53879386630569,0.455920290254285,0.0514750487432552,0.57962373385198,0.816496457014534,0.968954253216833,0.515846606235065,0.65613772140618,0.911200907552394,0.543411365260562,0.391359833614738,0.836425334330609,0.244959976069371,0.575863169059258,0.214777541853025,0.507656911043184,1.19596140617212,0.168867093528808,0.81002049104763,0.970562145043895,0.729843259360659,0.963563845085329,0.5275068491781,0.883152558429869,1.00971658201522,0.0644455513005882,0.564997007694722,0.627050483952906,0.656189349561709,0.612913850037934,1.10927674449083,0.989325394316417,0.425809866026447,1.08314841846136,0.0814457253334352,0.993392270237709,0.674613752119579,0.833798979013721,0.482593535225705,1.10776243304735,1.06451442586777,0.962414438247197,0.992257505072935,0.640594131404535,0.757485846895672,0.926049487537585,0.395843889064983,0.137584872987017,0.935030915473477,0.542460257477603,0.289037471728563,0.712755805472053,1.07192074313159,1.37098554649915,0.956714440896521,0.707903905082656,0.887663698525006,1.13204924572083,0.824475404171868,0.394590631766601,0.863838916753527,0.81287821166099,0.282774119354189,0.270493895996147,0.431776303006676,0.289366273789437,1.29606229010965,1.18752284637848,0.729374577398682,0.960602038863317,1.14672951346826,0.920878813760635,0.244013561189164,0.535883242855128,0.817618873092931,0.90991570017574,0.820264000327374,0.391679370142416,1.14327806515721,0.583248179283211,1.41600540973268
88,0.613396814596763,0.510453195680113,1.0188978114788,0.895592254152279,0.269081337119859,1.03092576057128,0.586345683048482,0.524292843583795,0.505451920364545,0.442767343919737,0.428575577910639,0.923112180676669,0.904529100582604,0.833807288225845,0.823120093325313,0.528606830501559,0.671843029880364,0.60626618864355,0.420474690831056,0.93358936629986,0.391057242798539,0.333729023947131,0.745913871838472,0.566484214537395,0.202991859815667,0.387778388851112,0.572296635138043,0.343509875864431,0.349276427409517,0.544304098257354,0.327589617465194,0.138497415356139,0.757545946980807,1.12043910651457,0.629927296888152,0.348108717048629,0.97382170661967,0.611419821817475,0.772806302611074,0.152123312387685,0.604357243338376,0.229474539469399,0.239939494346615,0.107021361784062,0.74567749793221,0.300715120162633,0.480887322585622,0.38471130628498,0.40837646328275,0.241522904743704,0.0837522988431799,0.344491997951375,0.592753067478272,0.741214269996431,0.355473985396089,0.546661397855282,0.840704846323883,0.498578632329861,0.465646136607223,0.851363863603476,0.196141320639268,0.487285253956552,0.108105833701174,0.299429294091587,0.951378434232801,0.200637531633801,0.775464022496906,0.879120832261182,0.779965070185684,0.979732707434427,0.52277453942979,0.867105354604733,0.834295073292666,0.286450497615822,0.614253701755953,0.701840449289753,0.651997679961503,0.614805729651823,1.17090193443689,1.03752714882626,0.446017884963587,1.16614385681277,0.0796382488249569,1.00213248092261,0.658671093060477,0.738237847475566,0.474383704217235,1.11812113379103,1.15054772062488,0.99804783516911,0.924462228515585,0.611026457741289,0.803448243801708,0.96129559139244,0.458279814062565,0.167392811037095,0.894451666257665,0.586417073345276,0.398328580707548,0.549697038244059,0.966039671488947,1.3119390033792,0.984877671407781,0.593636590679109,0.84219348045795,1.12194118584736,0.846635419204854,0.336442340634437,0.878966024678462,0.782006800204257,0.223621094385192,0.322351917177291,0.444375864511032,0.318826463107083,1.30104700941013,1.17006053437471,0.836360310969625,0.979054662385363,1.1201644548731,0.99102534362578,0.235592574027031,0.549300323498197,0.916669523117454,1.09023066769117,0.889103543374353,0.441804091426778,1.323285514789,0.640557830273067,1.37039495638447
88.5,0.388443268095654,0.475047678985625,0.700594726395175,0.54480558816181,0.254157150433976,0.605841747208534,0.34598998502809,0.552949850278771,0.422511858139253,0.288328461309025,0.387824196119136,0.62377541601749,0.661715053255869,0.499894076619809,0.563350438025523,0.222509984856861,0.352364800138248,0.35220923641323,0.394874432805169,0.646911566585331,0.0602075158541472,0.529854157827385,0.739798932570028,0.49992623069052,0.252183257165783,0.439841620206188,0.571926589358797,0.122718238469905,0.264898014722752,0.357250916569657,0.282615107773223,0.104402246657601,0.638968549026828,0.874895389580577,0.440732190747226,0.300957559305985,0.795767186017813,0.474984132268525,0.609393791496018,0.126139422159139,0.502248160148672,0.297378272787266,0.264014655102165,0.159585196892688,0.588335798620295,0.311290320170481,0.325229102555181,0.268243134049973,0.276208384139652,0.127509245732096,0.0661112592024352,0.116386041567797,0.316355577659911,0.467324046181777,0.16625452732399,0.357779746226695,0.618164425111144,0.413218002094061,0.430065623480301,0.688829660014287,0.114809399245104,0.321027122832202,0.07088018648733,0.0540338350982234,0.563830503270466,0.0961036817567694,0.534999659631401,0.605046005462315,0.680442566362721,0.891272181636883,0.449554653888262,0.70880407541599,0.56039094429518,0.487253382451305,0.565744067058063,0.631545943977538,0.516338598143657,0.571467816806355,1.05061570840237,0.933126745588697,0.428495488241372,1.00973516250348,0.0784217145724669,0.907791674217174,0.535427707397694,0.531205209669054,0.390598310057189,0.971685141007914,0.958173836088822,0.797604464264421,0.738643820636783,0.460413328539319,0.633542048270843,0.740492984102361,0.457311448899361,0.198535270497681,0.67732044805625,0.539255810355733,0.439864307147842,0.292074149013129,0.818680775920778,1.21090922044598,0.95518621918757,0.415872713546075,0.682598218919807,0.909420669469732,0.674752497416646,0.230883052489183,0.708775046470338,0.491558393015206,0.169899027763786,0.18064427528497,0.328160135604981,0.278163369244607,1.18135991509112,1.05738062496157,0.771616063352511,0.74261246889205,0.965409488624283,0.990297235001723,0.217114059231398,0.474944511680396,0.969358724420373,1.02796731440274,0.659445266889815,0.384528536077328,1.22118755952054,0.60478528192724,0.920938761360697
89,0.255623455355275,0.401407841398733,0.342412733261501,0.236777604234577,0.137301742214104,0.185742490790815,0.173632873304779,0.44963095032229,0.317093984975899,0.155708969973167,0.331534952623965,0.313702687907621,0.376091614057366,0.162827051928,0.276383149426585,0.0881420251456573,0.179167961337852,0.0640525157467164,0.412391297975367,0.356282809599393,0.164470347050983,0.476878751861881,0.535499929111008,0.364935515059661,0.269670868212317,0.355621366389643,0.38910744696661,0.12055971796923,0.224750920990552,0.201895694915861,0.279497031808088,0.122683567545412,0.378358433560418,0.4995619598892,0.241163912579403,0.28357154797635,0.469776548501709,0.308288503531859,0.37090501773441,0.0928924003461167,0.355793224171593,0.340601664449087,0.27457398142307,0.162917627386484,0.470709922277293,0.354830981341702,0.117576601152208,0.144478587418311,0.376852486774522,0.333588463657194,0.0582802684008977,0.290661062372642,0.152814413435254,0.130391498993442,0.102175697839572,0.181822319557362,0.338302367998065,0.368802177555563,0.408887147564354,0.483965375937582,0.0194325010505573,0.187643848163019,0.203370732242124,0.232272915383064,0.121766405934377,0.0769235482427175,0.377703892105221,0.383509874587528,0.46674085658131,0.605037870080121,0.303529528365135,0.452441971105158,0.221221772198899,0.545965473056203,0.442687139540586,0.516619742179988,0.379247568015857,0.417560646042562,0.775884915378842,0.687927613855779,0.28811027083642,0.75233694172561,0.0837998839260763,0.655133290966059,0.382505412764569,0.267844275233404,0.271793121903337,0.704933713470621,0.65133819893978,0.551253609046117,0.444429717585488,0.261721382074514,0.392764642473761,0.449490609053522,0.389926439058529,0.189164433300409,0.396258801133893,0.504684604868939,0.464336436789576,0.152389431097611,0.443764748842342,0.725981385761934,0.644920100403014,0.154720877982046,0.463548165867585,0.569115203078789,0.449414403671771,0.108897318432456,0.468540764495877,0.197340874458295,0.171198068030713,0.0682089043639407,0.216368907123941,0.190234864033948,0.837268540626492,0.707946061014582,0.610148483716193,0.338871597872442,0.56476116586501,0.697239394751751,0.200513068781013,0.329252689728772,0.667114311882882,0.719964417852564,0.410316367980378,0.227078724821293,0.876533160950104,0.567850973186498,0.415726807867727
89.5,0.240700052415445,0.223229240904022,0.130564947598444,0.317072545935208,0.0211504471483693,0.38186128410236,0.212519251756993,0.305950588043302,0.323265070875968,0.150019488091299,0.299351628830402,0.221721759550171,0.106785237579163,0.220162689891135,0.0643820308660084,0.22921771723123,0.276310984344113,0.210436488387988,0.288216697731007,0.0201006576922017,0.376750991925274,0.400815846541584,0.298180350649711,0.191735430375862,0.17193793103613,0.210127760337766,0.16990211469754,0.243567811931932,0.150571584363987,0.197158379862972,0.331250515543426,0.169267412877005,0.145929636589743,0.120552307157148,0.166652606516101,0.30871256924151,0.0840119804236142,0.135379691025879,0.089380652730677,0.0236844244985656,0.119216840077957,0.257644299081216,0.259561613617129,0.136045392565382,0.302798179858882,0.294068603581352,0.106630529730417,0.0963920440853378,0.33514573661146,0.390303565141837,0.0428977185458171,0.440005483092111,0.328400113704329,0.2487117294943,0.247618686585642,0.236791898229418,0.102028782092062,0.2928524061708,0.280426355312976,0.262689787053363,0.0943859776745585,0.235484940114019,0.265129424876802,0.403973047826555,0.380642668947942,0.0710906671784609,0.308051366225941,0.278444600614988,0.199161201186594,0.27729436220704,0.133136187831729,0.179545508846703,0.14398095628188,0.550296904568012,0.253405723069716,0.2579448923612,0.206688777423357,0.267964757064877,0.354898772965122,0.312276416034958,0.130618081268831,0.38239341453528,0.070570474003459,0.315188646480415,0.18853086325625,0.0983595373095559,0.250961741188653,0.384131471505296,0.26961415691151,0.211384277250367,0.157751572446784,0.101173366562345,0.0992741602268145,0.134801708885973,0.230827840658181,0.106662545155804,0.272059518080224,0.376821003943478,0.295930577504584,0.247164777712865,0.163978596326484,0.260995091638972,0.33295627772178,0.045880469861183,0.293399898143081,0.146812699394771,0.0844184521801824,0.0902572297610316,0.247432179391403,0.146018674829257,0.219292419146752,0.106810120751207,0.0621758722042526,0.112004150450555,0.457625917072352,0.37256189503046,0.337565087615868,0.0935700995277373,0.255291200960062,0.342049368009886,0.193810122621056,0.129148612042557,0.343739131431954,0.324943569926662,0.0446551121369009,0.139263643375008,0.360297375518786,0.487133210454403,0.338696452043147
90,0.375574272079923,0.182013483583328,0.393415171337722,0.539287997818812,0.0768250216623081,0.618750077371983,0.329411458044913,0.142611903721163,0.348386862544175,0.328490394650217,0.17666222350293,0.426022474348367,0.269028314992974,0.451867994908605,0.342948145912796,0.353434331198153,0.41855118702235,0.351428196130173,0.0955970916044136,0.390436050041847,0.433451671553614,0.170948762531203,0.0269077861683093,0.0962872921641372,0.124272967319583,0.14328877140491,0.0627570000479577,0.313842454151039,0.146493272911537,0.220781437252662,0.247847603962288,0.152257439415598,0.146911150727136,0.257354403401527,0.31724251389154,0.318536672834114,0.304095282442036,0.222685687114091,0.187315058450293,0.0857517113831295,0.153086131634951,0.247256836836219,0.332874694907568,0.097764648034678,0.304876687218798,0.257610245118402,0.286095309324223,0.199993368248492,0.300080211340613,0.452171095305997,0.0588451148433578,0.490413829261332,0.498940214942032,0.458989545993098,0.297629692275993,0.338446577208403,0.304326737685822,0.269295087952905,0.173851892997688,0.354253149487056,0.166268732517642,0.338353924284296,0.309006987570762,0.489429158689242,0.640830223383344,0.112334248568438,0.47030943561938,0.398427511403228,0.124770944637878,0.191270520174071,0.0902796530820726,0.203526871434358,0.423228057214287,0.356278083023584,0.0617192932702346,0.0583792073754007,0.170705718786904,0.270464067968068,0.151592392772101,0.143199434034219,0.0653767246731022,0.0839695324130264,0.0930198549909033,0.0808534573784312,0.238164745962409,0.340708988260353,0.307320981081526,0.267081607677138,0.15683113418006,0.244262579025746,0.340678419665668,0.185763028234688,0.200096994299082,0.345795436347325,0.198522658435294,0.0519220631692235,0.460225716959396,0.276730656793269,0.102077796608391,0.397370279375719,0.323228647443133,0.262812490883169,0.195483336259559,0.234500607480662,0.403121005968211,0.307804742904073,0.216538760284385,0.181652950623727,0.397130695215944,0.465657936372212,0.279446792513557,0.271225634278937,0.170459849211767,0.140712714174784,0.327885555256243,0.223773370742059,0.116508970124306,0.481532865941153,0.437451989551149,0.208678972730499,0.141301305732539,0.116986847983927,0.0778502468925892,0.314257864233236,0.353291153715997,0.311964451516569,0.339533598816727,0.51197907576295,0.892208241004854
90.5,0.443617219711388,0.226525618243279,0.518408269326248,0.588491197379501,0.113544949328399,0.592231381162252,0.282786947468039,0.114700973042069,0.270692072730725,0.326053316912628,0.177969121644355,0.546149626081513,0.382115772554724,0.441659335106328,0.374445901766632,0.276311752168259,0.380233584810934,0.380808665890012,0.0660759314273089,0.46408741321068,0.349972587293973,0.17234449697185,0.290549816595208,0.21361656216892,0.0430868445543792,0.130783171988204,0.272948491475607,0.255674924854163,0.146032556600592,0.182160590635514,0.224651651368051,0.161395878204415,0.317643194842853,0.429341446556855,0.369330518081607,0.33031125821177,0.540887914432965,0.323046352307013,0.370132617179309,0.107152376831792,0.281854544569718,0.231022120483388,0.345529301045715,0.063137376700202,0.328456965288765,0.178200641487961,0.363066458844354,0.251717666180538,0.217072932882797,0.336584463958006,0.0910467058516002,0.387362193129918,0.496287333576631,0.587994376254654,0.322641680781461,0.391191821652888,0.457551855551747,0.217460607099619,0.120733016888102,0.504628667789403,0.183486582093223,0.373338247075457,0.211539095129995,0.428419689325046,0.742021641815269,0.0570478759524581,0.487416799136818,0.435980714356233,0.389125385239464,0.460993465069939,0.223447532964632,0.443927538992714,0.668435780503417,0.22552049026409,0.220577142968905,0.286712846177644,0.286775303055581,0.433492198137719,0.484294417123755,0.474079754035686,0.196370253216566,0.384806001260635,0.0920015369947163,0.406224494304064,0.341449573604052,0.46175218532923,0.383571797890148,0.429567210976208,0.418218667819659,0.444354176320033,0.531338822937927,0.304483167369898,0.379165978426204,0.539260995208914,0.265882964034943,0.124989563525758,0.610600082734324,0.261993074971098,0.159281574041372,0.318935312605127,0.560318790562325,0.685113744123066,0.497804018264307,0.274249824656199,0.497173072827178,0.591495602839135,0.446312115513085,0.309703724783742,0.555291467383158,0.514755827850743,0.232570439669916,0.291424915215538,0.252206872736418,0.177500441469473,0.613982818201363,0.533695351391069,0.290853428225199,0.654808952362151,0.751547592401109,0.517476820725907,0.0936275119585272,0.342207240277337,0.420520701754427,0.638347185600852,0.528367330372144,0.433847951187794,0.865676418471234,0.456137199527506,1.11348669427385
91,0.564842812124002,0.302849753117467,0.565065912980564,0.58999448792121,0.0809841942219848,0.472421532556272,0.21489696491754,0.19777332368369,0.233029233722782,0.272903558507089,0.124418421051698,0.466002729080592,0.393522865751854,0.323907391850413,0.376772873649922,0.213827814468911,0.350367079821099,0.305442450555531,0.233986790340956,0.489734648963756,0.168377042663686,0.324123802404797,0.438902861348609,0.278319586778653,0.0720159534100814,0.109060083584087,0.297206070623509,0.138955991936191,0.192585725214757,0.119507308280357,0.209561226725458,0.104423856294897,0.321535453320218,0.486937193574924,0.376581440645959,0.294554231168042,0.58870432776933,0.34734985900608,0.462497777535743,0.123615115326912,0.369271711254389,0.339858107439739,0.385663496714283,0.086980484242656,0.364512785338473,0.101766219722944,0.344290293359406,0.300549362050314,0.171739019408939,0.246326133782867,0.117068617192892,0.269098448522771,0.348250008888647,0.468425150993742,0.218821556188491,0.318019569412736,0.467309593026639,0.171112058878449,0.286684794265057,0.557304427616617,0.151819038659903,0.306561994955785,0.106141693545937,0.303478316238204,0.633251304119819,0.0621378080395723,0.551443748673419,0.440073235866838,0.497322622110763,0.571103891407655,0.29951703038175,0.542668135569233,0.680741779255652,0.24775871439187,0.30975435894813,0.498021060102553,0.431055413738093,0.506538220421936,0.70016169083336,0.640326359475786,0.297867132671785,0.572535446627226,0.120315558123812,0.551133578679072,0.405088981797733,0.450764016701171,0.358403388048583,0.523804610465026,0.633688972328421,0.637717494778862,0.565977144416178,0.309450328146011,0.499368611659219,0.655441170170825,0.361767335745889,0.185084590608393,0.582295262733955,0.37671843933527,0.400127280629431,0.212380537616305,0.530032986626165,0.71328820936829,0.556587878902064,0.243136028959156,0.574732959833205,0.668948812218124,0.52713863337067,0.254375975878871,0.626892794966605,0.548059632920854,0.173337850184351,0.336763273544638,0.34173429902151,0.249711281282707,0.739873697470574,0.638961514238671,0.472389641803339,0.686787826142297,0.778522984002864,0.641657365331296,0.0902678442129445,0.402003755015656,0.533764600158683,0.818446960716306,0.659533166772198,0.489560250433992,1.15588246248913,0.532242088969447,1.15898376224344
91.5,0.521276201017546,0.271080817000913,0.382749998789913,0.355344950378973,0.055429886501161,0.266035080819276,0.088798079344292,0.271704151961275,0.198783065823401,0.137491994275698,0.0706325124561809,0.287936483982864,0.317374425163334,0.118705036707337,0.213681027615005,0.156651403016211,0.301728061039429,0.148494596437242,0.235898829015333,0.255796824755822,0.189655446152578,0.497846433249746,0.514345673924035,0.252221169757531,0.0977835748940484,0.186387558879358,0.317815724442359,0.0831021088290323,0.162072776819377,0.0866803727467046,0.29413683429101,0.0772490489673663,0.314108470648132,0.375101760376799,0.280755538254369,0.287973313728258,0.535023493905425,0.293729347967538,0.447334178051019,0.0789590501464574,0.336500378173375,0.306004369203816,0.364176053951197,0.153260334016546,0.294648137638029,0.169264381019412,0.275462524555644,0.227847948852472,0.114170289514541,0.253263257195177,0.0770657354059863,0.202136608105382,0.152112315027469,0.295202844507898,0.0961702438444896,0.221317709688794,0.294394428012226,0.085298576143333,0.321934797022293,0.440776789852587,0.088786543284849,0.226230764879591,0.0259956304321239,0.134025569090968,0.350814710282674,0.00613000678069282,0.414786969224489,0.253404177556575,0.510320907768761,0.564861800246023,0.276477677843275,0.524501259966101,0.611297257864662,0.39050997592619,0.363373700552286,0.463868226994167,0.453273673429343,0.526040374036968,0.624354336768877,0.5657482083831,0.325883099581657,0.505080548489769,0.122447873671434,0.548594350470137,0.284351855389044,0.261859326771006,0.269382581651742,0.442293089405837,0.522888987646495,0.473064780522333,0.390157576125545,0.192925796401613,0.374078678704998,0.480417204012146,0.325599581540013,0.173347426309949,0.40659603555846,0.384029215258945,0.429869549681683,0.190220464695031,0.524664836591744,0.740591230616398,0.578101881302791,0.14159159396445,0.528922657946532,0.528772300973481,0.378030437194608,0.128582629439662,0.408307959304181,0.292231793015797,0.0490315418633179,0.196794185695065,0.199458115968896,0.253454863056635,0.749231780555219,0.705171157432061,0.531089898394378,0.523237123739658,0.673119539278576,0.672751518030344,0.108878856261533,0.398500223954541,0.618833592782863,0.705548307746117,0.450734954781192,0.403621219936291,1.08358063384273,0.490635101842548,0.748030837776822
92,0.554807800296533,0.253793866382487,0.25919531419775,0.295525779330236,0.0227632430115808,0.389161069063194,0.184332326204461,0.162340775078832,0.115462465321957,0.236742176505126,0.0336247458097204,0.19102636390279,0.268406672864231,0.226643916983041,0.229715080502313,0.333185308753823,0.424139282692534,0.115372020819342,0.269377219791676,0.12856625896835,0.350071477510345,0.410197794049568,0.292983058638407,0.13143219354628,0.140374053536207,0.137806171612866,0.246409500517553,0.236541750851452,0.192246485859055,0.229859527579718,0.389921705083935,0.061890763860404,0.1636236218365,0.210304617529958,0.244812687117153,0.299317045490296,0.425571183471804,0.228914533976861,0.32969517232124,0.0143548036651667,0.238339846176103,0.29428855946843,0.354077994871157,0.173908171646779,0.245747986382186,0.325656683938867,0.183390586946484,0.0900459998874734,0.184932490486335,0.316970951812235,0.0516813004875775,0.268235855091197,0.0954792876061866,0.0497596458031155,0.0948606244857247,0.211794220937736,0.0865701763254463,0.139482400365993,0.38745646234648,0.263625989343114,0.0721941511935912,0.287615605583059,0.147773137532663,0.0820693597559252,0.178038169815193,0.0429933666620945,0.415518490814076,0.107223321308095,0.386919956648774,0.381223598347506,0.169555625684773,0.357040315348993,0.43621610051423,0.356065375211809,0.283613857395169,0.381980196419329,0.437838711156892,0.441431363226075,0.43575180352505,0.348734816887756,0.205363414032461,0.32707737064501,0.0753382705199597,0.352957211418996,0.167237220534428,0.0417821305258615,0.140738402867562,0.241982348305296,0.310001579605698,0.262828509364348,0.173850004519687,0.131750781604765,0.177225164460646,0.251488491340013,0.284924426811882,0.153683103441904,0.180197840376522,0.355265688801607,0.412728709385824,0.334231368275967,0.288680855463513,0.358217626455801,0.313010577654188,0.105577468254626,0.442746863502925,0.243631828466162,0.196842988135109,0.108315849063709,0.201533189266678,0.122548392418952,0.186256013254009,0.0993277054058956,0.0661791495375929,0.23119705451266,0.449677596968066,0.393591785947597,0.327133362401,0.250726990592332,0.327661884080522,0.422763570677268,0.132335783867671,0.264435897578226,0.450737230302233,0.484268202756134,0.231106121123038,0.227965927205643,0.739951951788156,0.445979893259119,0.273424196151455
92.5,0.458555512604822,0.172904006528082,0.356820997442779,0.417060942769746,0.0852270710838691,0.54264031611121,0.25425617760324,0.082500369116245,0.0953994955531081,0.338472057460888,0.0591352545181445,0.377112295761356,0.342788968526673,0.401928445679946,0.325494283526431,0.379533716863379,0.478624540058143,0.303612411519607,0.185856961466927,0.354487162219598,0.483867067322136,0.347835846534471,0.0946824059403958,0.0676775235099358,0.124783138438084,0.0495587815824327,0.260194233671983,0.333963492033948,0.225468853459517,0.365625933294567,0.47933998306582,0.137682367946858,0.186614216247157,0.228958310499375,0.29755432019717,0.336412265029712,0.385004714813053,0.19588624263129,0.229605847204872,0.0306307822660621,0.130763524108387,0.200806352126439,0.233381278726242,0.169923801815756,0.119425487322456,0.310599563194844,0.0817691664204334,0.0342949823725774,0.198166794380937,0.247629785832304,0.0165078797022919,0.32322946343465,0.244244940630605,0.222151400918521,0.213291589390312,0.301397552732164,0.209254124423786,0.159328064181418,0.259954328604328,0.0913026509818312,0.190825264789958,0.445268157493979,0.209949609852731,0.198259035119881,0.451857399749942,0.0175164570179179,0.359390740149211,0.224240148037226,0.273596381569221,0.262168032626161,0.0873523370060302,0.234848585636301,0.405387064797145,0.314642908451939,0.213548956546488,0.222029283909263,0.4043312200105,0.343197384978432,0.209040361130644,0.161526037060742,0.118046010023929,0.182115104383018,0.0116718407725299,0.166644067554518,0.219685728192573,0.316310384586522,0.204632922110289,0.181609429734699,0.122129924937051,0.11856977377441,0.220612301186847,0.154317719770822,0.0745532443229896,0.149856373754744,0.146492777493728,0.136657823674312,0.22016545208094,0.271188211238119,0.19757482376688,0.364392334714551,0.369423690279088,0.356892221806607,0.203815518226888,0.215115941081117,0.347970529079699,0.174798899552776,0.128518091587524,0.209141268635412,0.203918576677715,0.240472296044106,0.263722544809785,0.0520457116256799,0.114873600754248,0.170759301549876,0.161341574206938,0.0514182725080194,0.120896080341234,0.0561860406127456,0.0656531830668488,0.139773391253738,0.0714193858754315,0.073001048199663,0.238645708123205,0.22489282577727,0.0642017666073332,0.159097446723199,0.259497092031972,0.285485587537817,0.254143712339483
93,0.393304537930084,0.182804114989404,0.509039197761898,0.568561766188685,0.100862362483964,0.661812080338782,0.35209514982748,0.0503203631698061,0.169059878672256,0.418277822635448,0.0911597704520367,0.506324689800413,0.467558810868793,0.522365615589157,0.463128516918493,0.444794082172773,0.576081953387731,0.448982543433553,0.0743859333293084,0.614264629766599,0.545420453271804,0.209330173475374,0.194677259978635,0.210509813148239,0.115660393225242,0.0443762782630619,0.316651798713508,0.411378846227022,0.296610384379676,0.410744851626063,0.402727938501342,0.180321014806273,0.29279424077925,0.445894805391753,0.397542164806306,0.333275882489325,0.404031017292044,0.216746948822584,0.242623487206718,0.080629153456511,0.138113077270361,0.21609759446435,0.166054705458951,0.130373495768187,0.127443753845397,0.323517715743769,0.135241282716237,0.154473036691426,0.218315949332276,0.210373234140982,0.0242968690151177,0.328975012263056,0.294729681884659,0.318105228955309,0.252829864392367,0.339864550281595,0.387672178999126,0.158756179524956,0.258947485777429,0.256429654186587,0.200149057930225,0.495775634946827,0.248907865113374,0.271255228418593,0.634418576732191,0.101612141983724,0.476677230554344,0.371134725856267,0.261594139296529,0.311185131790229,0.130328492717915,0.234545959194394,0.426407866584686,0.18320474833985,0.182690270034689,0.265574325762288,0.394252534476763,0.290379567817415,0.364287076036183,0.348674135479122,0.276525366708298,0.336040996753455,0.0655526476969814,0.269076180480141,0.378434844071972,0.505593136991322,0.305898005436535,0.46673482839018,0.455663773920344,0.432168575620975,0.412506312855265,0.188928690829431,0.305480199174533,0.449590556789205,0.261276065770738,0.0988257240151587,0.470408559863753,0.317805875805153,0.0471024321104809,0.384708258114059,0.508790796364048,0.52130768705124,0.325970915267323,0.345603595677712,0.449499443193401,0.505148008625728,0.327667174335785,0.271374213105877,0.412983275660254,0.40907886675886,0.32317897612301,0.180278830876672,0.217807749651693,0.150487594769182,0.405783402084046,0.369684635972526,0.206057893975364,0.332613995731017,0.40394548437627,0.199326193662742,0.0275413909091406,0.148114466352304,0.13376474796779,0.231993767909663,0.327081509842271,0.147748449900038,0.20722119225928,0.288415136717755,0.665987368379626
93.5,0.30151433183517,0.148000132266321,0.572387473562954,0.560659032376796,0.143255877736571,0.613630612233715,0.317628888874177,0.176180998768049,0.198639227203869,0.39850853126645,0.0699267487260916,0.557550299118881,0.553350462805249,0.539993359859154,0.427294355187207,0.347069797374556,0.532473799600367,0.48886481604332,0.0580551928106477,0.642639930738625,0.483375971608477,0.163080203893858,0.390378188013678,0.345628272692305,0.0619731458323308,0.213170850642721,0.410256544467624,0.363566796662645,0.257183909978837,0.405655878726977,0.340534267482939,0.238190106024678,0.418020263606497,0.56335697392951,0.389065602928308,0.262477860745731,0.456703231780392,0.213765175760145,0.377692264494945,0.114710229046706,0.189252859872276,0.19628680185092,0.177510756700101,0.0289047062254488,0.150651642689129,0.286845758495954,0.19599898624081,0.208016757655383,0.170119482011242,0.113671103080535,0.0580020269001898,0.209792439782465,0.257227086449303,0.379159458358566,0.258602849680048,0.300602281553402,0.465244887595681,0.156628522401712,0.220180895129396,0.389744761724596,0.161077706531918,0.396841310341348,0.155346723979155,0.253192940007713,0.656680793728702,0.0683474022455308,0.493760662597779,0.361435667545207,0.333772379545848,0.469256162256348,0.204612921026894,0.314412110719133,0.444275785748516,0.169291475341042,0.258589417201936,0.311008544068417,0.374168907443246,0.32399441025288,0.603416118822738,0.540892354705885,0.369614380325652,0.529548993453786,0.0739979471616781,0.44229903949145,0.424442657597018,0.524763561165334,0.384558771598612,0.64574686090548,0.58877294488311,0.550723064116227,0.530795617228863,0.252839720666878,0.434187486219153,0.580481107884335,0.354772018296637,0.0466708809219332,0.590705578354637,0.403416317751376,0.242352860211938,0.284035971048134,0.609899020031584,0.750439399259595,0.568350199139661,0.347905622001174,0.555838624117213,0.731829154030794,0.465853535857121,0.319269812168247,0.506652630401085,0.400856062228141,0.309496721742215,0.266306240171553,0.208950146120624,0.170594381672982,0.698276705832851,0.699268902583455,0.432692674506111,0.474671841364457,0.670872478341964,0.47971382369041,0.0905124264602671,0.288501276242722,0.478592593054755,0.456137982719429,0.373786110935707,0.171303257533804,0.537531804999518,0.301029763807379,0.739511036798413
94,0.271180334852442,0.238343625998835,0.587512961382498,0.512421407656778,0.141474330728825,0.498972739176147,0.28844403116566,0.224290955964684,0.214962769300405,0.332293951170356,0.163319596019318,0.483532362513779,0.555737428068921,0.472503622531009,0.366036515185718,0.243922690670418,0.458855750677468,0.441182517825378,0.207657772665566,0.641920228661436,0.306852884035436,0.265866974396504,0.463262655101397,0.354718189643856,0.109083728567425,0.182067215805811,0.330925856616564,0.240684120673616,0.237344013688661,0.447997603907653,0.21574202442806,0.266059949675566,0.418963510604674,0.588578500789809,0.292604069812161,0.116105371423723,0.454936856495042,0.190338930751354,0.378581003641486,0.0884505971477807,0.209474216597331,0.261970498039237,0.277928991158347,0.0841994598090807,0.184510007915671,0.222677638132327,0.198091147030399,0.240305711532237,0.160439351183857,0.164192868633159,0.0910169504855478,0.122850556877305,0.155431990237275,0.291492765020233,0.140396120725416,0.2048772398877,0.4508698954042,0.169773213500922,0.252895927272426,0.463345097532476,0.119767253378502,0.261251120061543,0.0623296822340825,0.208261401803732,0.515543057694146,0.118567609711696,0.563826840617657,0.318923880677185,0.364699630179213,0.539981118184954,0.256279472963194,0.306386920555916,0.309449237106012,0.252645689401907,0.334739057126937,0.390420495647245,0.34453774218972,0.351610268209281,0.720552837342972,0.640654396809671,0.369356928397526,0.644041975176876,0.11041160835518,0.509312849693273,0.451679012577399,0.463421717166988,0.363426604071398,0.703173699359231,0.635009102449907,0.650529492559827,0.569081185194526,0.279423707923709,0.49989784041992,0.640057780856114,0.435146309853229,0.0551897427530255,0.54568340097884,0.464336983032801,0.41965003183719,0.132574102346731,0.446400123990913,0.649148822487454,0.576030946156789,0.247993696675784,0.606452584085691,0.760952953239312,0.517146813100831,0.267109341576158,0.528482840214042,0.386061187998106,0.294504249827286,0.38473099937854,0.204172480208642,0.278974504690535,0.755689834658278,0.704008513797082,0.495327251216136,0.501548209865848,0.685681626222373,0.563008530823972,0.118126253616236,0.298777523218605,0.528420995433669,0.588479301862278,0.396024726175175,0.214858102545262,0.68797391856111,0.380998480865644,0.701907629922773
94.5,0.168063234260596,0.378340479270372,0.395174615376996,0.253963277519784,0.19084582632685,0.29573943319019,0.214374391436417,0.296253226562262,0.260073773577032,0.106919854299085,0.208727977080115,0.288086993764638,0.433956181343577,0.319951410354732,0.243576358684625,0.066135998387233,0.240287991946536,0.302021536019652,0.226735930419868,0.424252736904512,0.136568278620012,0.438985442288409,0.507159856898142,0.29264646530858,0.178116957905888,0.232718119139265,0.263880903900076,0.11138322222336,0.174928043510159,0.35034602618521,0.0666600911751593,0.267711510868813,0.402099213224901,0.488611342011648,0.185236518862187,0.200502526239684,0.390734493849999,0.124133192239274,0.304865907856893,0.0839481827108007,0.209328986693537,0.323088484151269,0.361932820760864,0.152967678672408,0.123985093927793,0.154297474727544,0.136505585960102,0.174062339091782,0.217671441495574,0.282682579542108,0.0716147843101437,0.114016972746697,0.0920421428531418,0.167291172627012,0.0418245190944528,0.162304486919268,0.301669560758098,0.16066307393677,0.248299800733563,0.41843250852759,0.0549519396135933,0.104087000850056,0.101070336247241,0.192143825487724,0.247317728980678,0.0891328006395954,0.427393182881673,0.245023627588062,0.322238466800297,0.497077967509594,0.208602595193785,0.246059132686862,0.146983567880313,0.381961259411657,0.326926122045612,0.303652631844334,0.2836112622134,0.390189297487759,0.61261339786858,0.57453564522581,0.295269884299763,0.553553340678639,0.0811377298385448,0.453071596136536,0.324327772956634,0.272335298770454,0.287637445569329,0.57773930074876,0.499179027972002,0.533699239164409,0.474649578389119,0.203375244078797,0.38366933232162,0.45964263982705,0.351917705033566,0.0899509690643906,0.376442116587155,0.404372266779756,0.453181452980931,0.13793463220163,0.272167700003905,0.541095476399466,0.537769793295338,0.0571440476995405,0.504051275363572,0.608579317783029,0.405588175599555,0.200716629426855,0.35580787852751,0.192779123081267,0.175237806950981,0.288090501761731,0.178500852598176,0.270028805637756,0.700112771222644,0.657819626672048,0.497760802565329,0.378300085364743,0.609165975476451,0.556743280142427,0.0999610660143387,0.285375000668997,0.536812637122727,0.558064663425236,0.229156209101591,0.206691818122021,0.575603707883787,0.355440136485318,0.439961334169724
95,0.274857898481733,0.467743846012175,0.130055040343648,0.220616173475645,0.227486677270944,0.131446404911197,0.189482847629113,0.227497989985735,0.253951392306117,0.195207008743906,0.263907620089085,0.127041439794617,0.215191158295618,0.106616365960468,0.101906279740666,0.115737955994555,0.106054810938868,0.143188938414716,0.303647759680017,0.191318295694364,0.307541959640903,0.454654618507954,0.347232252910553,0.166843689615858,0.229879891658614,0.226786448806501,0.178888751721767,0.202979012743435,0.143837215648629,0.332673465712591,0.188903198210967,0.125622034929842,0.179131178761887,0.321837098245839,0.248851201464301,0.403991004546982,0.158211406835951,0.109102685798124,0.156305439297302,0.0797824043229077,0.123505102868608,0.40465398661826,0.419578892473909,0.175022838249376,0.105549176817378,0.154263605198377,0.0939087153406876,0.128892279609661,0.35254660199414,0.404644032320024,0.0364676351263754,0.260240601331365,0.21174993129386,0.067465039463424,0.217840040109343,0.216892192713072,0.124445889384214,0.167164325876504,0.286845845005765,0.316474825336057,0.0998427077878622,0.230304428441646,0.251111503346966,0.295407908153578,0.122364806412963,0.126604423766076,0.472229243527126,0.258453188384468,0.212424839220929,0.278851697656127,0.0911110218178899,0.109478637903541,0.178027381972493,0.40208022425352,0.237117176710205,0.208287495545147,0.256254300485396,0.370764057693097,0.420361769695981,0.350445834591482,0.170141403246749,0.311291082465097,0.111409661348012,0.224920766195035,0.192552855892962,0.0543597962856724,0.227998926899071,0.330403995424479,0.314462047236367,0.404777964278864,0.307814951786527,0.154375785460405,0.22464381561238,0.208254753081241,0.267058258140376,0.0813973164246729,0.317470362032814,0.38384232994763,0.44781237731913,0.39473526487931,0.155035105536691,0.191991831860908,0.260012757158506,0.220679188466042,0.460998748199083,0.327070224446642,0.236313683440291,0.113716634765346,0.167358029640988,0.112719828805995,0.0930757366270328,0.173478342451396,0.158999038528678,0.19042497563839,0.393215782339181,0.373102675490315,0.319790083153808,0.186415629428405,0.342414264047717,0.323081456068135,0.0489156126492601,0.186686144321263,0.34163931606128,0.395993600275427,0.134185079130658,0.102649665317507,0.277748499054251,0.272360966400011,0.141556742711772
95.5,0.409284085249542,0.391197666226868,0.247071347201333,0.522634986270918,0.194474760061778,0.375322367485789,0.394798826871836,0.242224429093405,0.276268349094064,0.278557186064117,0.362604936339907,0.359865113265489,0.0393684381604297,0.20593369927386,0.147205986900155,0.324150607331021,0.312602319492683,0.225984245079962,0.246028803899118,0.204101867974006,0.550591083586065,0.510459949511371,0.193152503689143,0.0120571122532729,0.229724499929111,0.189367792229474,0.185488094172711,0.398931765495972,0.145076318034252,0.48548190013913,0.394100914843396,0.0336308353278532,0.0588993405181361,0.0957091904037824,0.383956325476517,0.537002789232864,0.159807409305476,0.222664722376092,0.0598361168538014,0.0218260800790999,0.0983746746458142,0.389666437266868,0.391771039303402,0.212393415304606,0.297357012588174,0.169492641411337,0.245713724147661,0.0692377802916857,0.477806831859134,0.499481289635484,0.0601781031007778,0.494069284318308,0.380728330683547,0.321818325041195,0.384439987402896,0.334307902863254,0.142735518985768,0.23747326864189,0.274958155060312,0.100259814217111,0.199341442726938,0.472017498072906,0.408244170686075,0.476271376729459,0.522641607506085,0.0316202688348858,0.527204356655107,0.461139325699763,0.14389482131784,0.165515907778538,0.109622086362504,0.172250126016367,0.434620533516267,0.405140990259059,0.0456362795077368,0.0778098746077319,0.326050288462977,0.392126536520417,0.05446223815174,0.0851095364857137,0.179866304878897,0.10495140081829,0.0814412702466107,0.082680693852598,0.241909884534309,0.319750278381971,0.319814771374598,0.16172491313107,0.106471194025145,0.17189238347655,0.277505660651013,0.174114170629949,0.116372789378263,0.226193065604306,0.217973946546352,0.0222104692003102,0.416190376303489,0.344661767195781,0.334600716646628,0.572205625343349,0.389938284449621,0.219373007189551,0.0433356872408591,0.463554414030201,0.490653739738474,0.154827552111514,0.12925937208684,0.11920509321363,0.175500891659511,0.3513931912077,0.158183781477911,0.0150709583276386,0.167176633533438,0.117554322246238,0.0872650697561803,0.172562324665391,0.178273213155094,0.0959145677119261,0.0616603307807631,0.0788497178107984,0.0275743155666771,0.0725909798442277,0.109973949340412,0.197510881038015,0.20679472721793,0.105277668867926,0.102135281801395,0.161311005932909,0.310445579663787
96,0.61369657728563,0.290970416142948,0.632213962555296,0.856807700321518,0.17795080689485,0.699273589852469,0.612611011450748,0.311694510868406,0.382018957612116,0.300057907494383,0.380231812204914,0.499832087767031,0.279111678248022,0.473328139394021,0.375965541920902,0.517050592106892,0.555899846075812,0.413612516537705,0.13842478821262,0.533177329835071,0.701504098481593,0.361199534895679,0.0671958493509017,0.164004197232876,0.220932411964905,0.145671007447434,0.23967465156599,0.595120663666919,0.243216474140732,0.605357504250979,0.494189140997868,0.123693370889839,0.346952793450925,0.386680706395048,0.491113061059768,0.547204686199143,0.48321534758782,0.380569348836548,0.275969525796113,0.0319742956752928,0.257607948832424,0.348539815867134,0.314505140249467,0.200622417001479,0.537252225352423,0.214018151079134,0.460406351408456,0.152579922043163,0.610008346023369,0.59032834613976,0.0617518910725146,0.658087347436387,0.576613424530417,0.538130452481463,0.464738347580178,0.452146114020038,0.386984028659607,0.384336912015676,0.32795684934059,0.318354715491268,0.233467617567644,0.672007734470821,0.557837991894141,0.673226252863605,0.885961943924396,0.121726778096174,0.768151516361018,0.708984643749892,0.291207091711592,0.374846279667109,0.211136878638576,0.403981572927466,0.709203001551043,0.295993870226367,0.201037840761052,0.208744086611169,0.481177290283214,0.407495208618518,0.328566484937576,0.306984358546521,0.27718041251168,0.409932656454811,0.111061625332586,0.416864766840516,0.426590228438744,0.57367236231466,0.407512589172324,0.386108448548028,0.465475673321337,0.50378107666857,0.57581905251864,0.292590526120187,0.35748657936456,0.612074585339106,0.390890030349308,0.0415069775627742,0.593972628339001,0.350156149137318,0.258154960561699,0.73137427673329,0.661549716661139,0.666347339458506,0.418027528561753,0.743599451113166,0.730486661947014,0.517731104055619,0.38486939477691,0.220988099692474,0.435200320830663,0.596108565127434,0.236461507606944,0.146467933448722,0.24718494065995,0.0683066505899576,0.422999289662938,0.40631975440944,0.266730801213304,0.435660162853302,0.485823385430766,0.350244784168389,0.0203106160750007,0.157156035932906,0.228925862965652,0.347026200459908,0.414536632616041,0.189618416173171,0.489868975987912,0.314084063612304,0.735879584988435
96.5,0.688275849665415,0.137058132251442,0.913303430183714,0.964689514622098,0.182834660295093,0.87652378120947,0.698233401961546,0.338007279536632,0.402231924273263,0.295845209599602,0.377763415362134,0.62751639117485,0.50552768146285,0.661910305133929,0.562427010635928,0.596702153749287,0.656107341934094,0.584377832140487,0.0292138277999832,0.78698283495385,0.749620466146603,0.204343493718399,0.280359893487403,0.315215833497047,0.0735137091106899,0.131123153495706,0.346536446343559,0.66312328574043,0.324218781922052,0.690937239914524,0.601442523171665,0.253583481530338,0.599353359549483,0.688184053555672,0.521475322339782,0.491564697614585,0.795951485840715,0.508296886186031,0.523257210544822,0.073068471047116,0.453689454142046,0.154596877083575,0.149064444944005,0.114431762182748,0.6571528124871,0.216576999127247,0.63006031952565,0.221729756078924,0.644917420907353,0.553532519004398,0.106065621531924,0.704638514997517,0.709328838782771,0.720382686242203,0.49498792523639,0.542226524787868,0.611150019322525,0.434082134117467,0.271083277200275,0.573920063068393,0.27190020973658,0.790045275384559,0.604358003015311,0.729722798750134,1.12614036135457,0.0784767591233636,0.787258946879076,0.880814265854554,0.521050840292336,0.649702859940644,0.302710320576472,0.647285736737427,0.999208601912985,0.251386693184106,0.463175224409771,0.417810315763917,0.598735225969154,0.4477446133073,0.621225632477011,0.601005920324171,0.375236600513184,0.660475636994457,0.130074919852268,0.744274712435856,0.532635690228727,0.728329824804822,0.515644843699894,0.649354773699416,0.701544316078965,0.743887632673547,0.832340833156099,0.46634617691455,0.557929020079825,0.811730787887633,0.457349718898699,0.113777330861886,0.732255698171806,0.391761815737995,0.219274984427011,0.751333119923895,0.893794396964961,1.11587458043376,0.771493800438561,0.779340948111053,0.823785713987819,0.861743757626984,0.631658154260679,0.344758777826532,0.621992278458723,0.659174405312848,0.248961480453118,0.187433469884808,0.332845277641929,0.194659535322492,0.806138588571009,0.717682314627006,0.440486536871353,0.706523105103828,0.872793429049745,0.699327434702306,0.0322147753722309,0.364857917263003,0.537227212238739,0.68088237888386,0.585917803322512,0.271092299219248,0.817585721624555,0.40579260475014,0.936360215176724
97,0.751318476629455,0.16191762865685,1.07688645492417,1.01358721268055,0.226116265697562,0.980597994750803,0.75524530412582,0.389338676610793,0.414202987102467,0.328010225724971,0.362575491114091,0.701826070430236,0.66275286432855,0.758806677082157,0.724253829071086,0.668744396807603,0.748232976477917,0.71577619147991,0.253229562801493,1.00215996092088,0.665264502254409,0.0865211802790768,0.451047551158762,0.420815726273953,0.0270385779450583,0.17945042704617,0.36529924975946,0.653749160289156,0.399762408048805,0.654754886162026,0.633099443896427,0.30263114486154,0.662046997516899,0.898140138991077,0.484579165762805,0.389245684497087,0.994000743257866,0.620347423894764,0.651158793482034,0.12429018444285,0.581280398917494,0.0416642138039625,0.15743844988223,0.126551025962854,0.780041792518177,0.259623634047737,0.672029955681965,0.265287286885282,0.673150334381445,0.517133548643272,0.121962246452385,0.709018271088277,0.78134260198209,0.770359025038524,0.416421713229775,0.518374027086561,0.722700799544336,0.466271120484554,0.31782023978028,0.755225158976512,0.266988080029668,0.800950017711806,0.62752323684152,0.720751602364846,1.17785881573643,0.105815785172642,0.801009548145156,1.02892139369739,0.682970071521539,0.83094156276556,0.37003743268716,0.711996501675712,1.08031805367582,0.22016097299757,0.595151372170602,0.623606138336933,0.67411374158577,0.511306875333726,0.79664022223351,0.7389764642969,0.443511396336679,0.82037032535367,0.0870204544625922,0.908374131925917,0.623155640385022,0.770967008749736,0.571041117004285,0.847868935469094,0.876692327127936,0.951505996084155,0.960815702326566,0.555960885629975,0.70770016790443,0.932930119280119,0.520886633072784,0.15917274445576,0.760237655481909,0.461208423588128,0.279140418278674,0.708555192462816,0.817846919685316,1.12888012536264,0.869013757660839,0.731860164737202,0.876343434809161,1.00701005927707,0.766988210854873,0.36410307375532,0.719074858853276,0.719273875756044,0.29456783424538,0.238274469348464,0.465631841335324,0.264569295910407,0.957882928556251,0.837870005473663,0.55754519833148,0.877617445289065,1.04783742160882,0.861106336908817,0.0372168891162807,0.451172295713754,0.66650398962224,0.908202807298659,0.741814278705957,0.301577005546383,1.00530374123043,0.441222520737539,1.03028549844263
97.5,0.770565378159138,0.256540977149901,1.0309301923829,0.934308757476204,0.153738409550721,0.893741170711127,0.646448478124724,0.450397573010705,0.374587805498789,0.386008854048435,0.309518652461669,0.710293297838712,0.720500804195535,0.724221662028348,0.674232592596038,0.547049230824839,0.676633027500724,0.691343903624464,0.234386962494597,0.889964087581951,0.561575492211138,0.252705795421303,0.598711837991776,0.464608374429622,0.119630904595328,0.235138148330715,0.422606778591513,0.553183873343465,0.37515962438871,0.519355253463805,0.641490316837377,0.330055795746929,0.708309432393243,0.905391043345318,0.453562409895188,0.355527119946496,1.03391022787838,0.617530414298942,0.683202639626212,0.133637331559036,0.57049227431696,0.153894640856754,0.295181451884877,0.187613568972741,0.753446847374896,0.324972837170681,0.650504376621468,0.289889165568162,0.543635621949392,0.459691766758569,0.116721828878788,0.666154691021105,0.778860491337312,0.77024722093876,0.348568095522135,0.453219662436304,0.643160260569508,0.40943606158479,0.328978012887398,0.71564000759659,0.273760767179668,0.673479605939785,0.481671914244522,0.617118306759544,1.0658199965983,0.0799251141420746,0.750364057965683,0.962763234065242,0.722380697672376,0.925360390906879,0.384727540189807,0.657010325949529,1.03340844280137,0.283329155587851,0.642980350969504,0.627394855157305,0.624404862464305,0.502311033902749,0.778591716509226,0.734202269508959,0.400230267601913,0.876204835757566,0.0952897881650483,0.946756677844452,0.563264491444933,0.65334555542299,0.518251953230957,0.879584772264779,0.853387345224319,0.911780551014894,0.912892670658799,0.516055817412997,0.675496319360856,0.802854101435066,0.407332410624887,0.155188383871562,0.707358631505929,0.457502061096558,0.240229617441458,0.591627244800109,0.743951903433936,1.11878428521205,0.922164143673423,0.671788931400194,0.886287395247625,0.953301682955205,0.72257582843512,0.345345562841741,0.713083845196956,0.669826111223737,0.280041528322485,0.202960728184152,0.452495917116457,0.22260063925228,1.02321912677902,0.912407215268922,0.613786904293332,0.886276267098502,1.10970432618967,0.957070066480922,0.0836539892626117,0.469369818958216,0.765610865231597,0.955861133020655,0.68528511697583,0.293258202306327,1.0194585487422,0.405147121864342,0.891511789440666
98,0.788779350027209,0.396171679257794,0.929178147196883,0.828370989727273,0.0307865682010817,0.754386545180174,0.518332037663876,0.376280906663477,0.239538478492725,0.475422640584944,0.18499897685732,0.737543070226708,0.7533618199231,0.67310909601071,0.598544323869547,0.428772372006653,0.579399748369065,0.53599498851214,0.236121428775476,0.778369519933144,0.481649292505461,0.364915630829223,0.5619613392526,0.420656338085457,0.147557683380586,0.179699412248909,0.389609719484222,0.433536997693353,0.333319492713514,0.30498250993604,0.66294829718686,0.316296993964407,0.624639567306534,0.851281889443957,0.492460481871272,0.363561879993629,0.929610776189624,0.562699217566337,0.671693804666384,0.151033575774609,0.534902651737309,0.277124109249721,0.384889509169977,0.189740249081748,0.716962040568657,0.397476138821517,0.56306178818555,0.35649844585655,0.39801421388748,0.40238155985245,0.127072783824335,0.595672195874992,0.691903306215576,0.642631551497744,0.264405335850333,0.389073073089502,0.508853180740283,0.325869098464182,0.329253893043575,0.62558713582699,0.233678432304912,0.508305627541334,0.33986437303917,0.502630468531739,0.904619473645908,0.110113666186585,0.704640339613958,0.874582201479224,0.718754488789238,0.887153461108945,0.359468465178401,0.598975556047948,0.979587130422408,0.321182568469485,0.589214112192888,0.591361994025713,0.575816800823471,0.500730611768324,0.729621888491843,0.678892225206194,0.291532366575381,0.870764469864441,0.0535426062699251,0.847483965180316,0.513503645394173,0.534154742046632,0.443106879817166,0.774304141593886,0.746103425234743,0.820017360498038,0.815401236612905,0.435650631816773,0.599173236783935,0.652883947308262,0.323340291316873,0.154525843154821,0.646996422762022,0.429005534099894,0.176867404534929,0.460018836202377,0.634580860292636,0.948289745231499,0.802574761891413,0.55124105127619,0.845547622109022,0.830855691957941,0.670570666533607,0.266525350136325,0.637419883952956,0.597277088684732,0.225849840527686,0.182134024566021,0.416715648382291,0.197642603858246,0.92795363599444,0.78191940817232,0.573344338118523,0.782816019816118,0.946798467991059,0.827946703611453,0.0899878568735228,0.434491752421591,0.719252566876688,0.918102288215453,0.621274458598666,0.266419101930282,0.914374339998779,0.339491673345971,0.726733402917632
98.5,NaN,0.521530243132831,NaN,NaN,NaN,NaN,0.411119081016902,NaN,NaN,NaN,NaN,NaN,NaN,0.578177112087847,NaN,NaN,NaN,NaN,NaN,NaN,NaN,NaN,NaN,NaN,0.193024966358979,NaN,NaN,NaN,NaN,NaN,NaN,NaN,NaN,NaN,NaN,NaN,NaN,NaN,NaN,0.1322638700042,NaN,NaN,NaN,NaN,NaN,NaN,NaN,NaN,NaN,NaN,NaN,0.533443140534518,NaN,NaN,0.265603816132524,0.393309660825011,NaN,NaN,NaN,NaN,NaN,0.453334492775239,0.257547447827117,NaN,NaN,NaN,NaN,0.671924308116273,NaN,NaN,NaN,NaN,NaN,NaN,NaN,NaN,NaN,0.526640892209084,0.666861899499359,NaN,NaN,NaN,0.0660032639973934,0.737209280963456,0.486548716111306,0.443626711005783,NaN,NaN,NaN,NaN,NaN,NaN,NaN,NaN,0.323064775350599,0.159057488357098,NaN,NaN,NaN,NaN,NaN,NaN,NaN,0.498068085734645,0.856964353780388,0.651477959341523,0.591390650381781,0.156468123103932,NaN,NaN,NaN,NaN,NaN,NaN,NaN,NaN,NaN,NaN,NaN,NaN,NaN,0.369734474285112,NaN,NaN,0.525408088473219,NaN,NaN,NaN,NaN
99,NaN,NaN,NaN,NaN,NaN,NaN,NaN,NaN,NaN,NaN,NaN,NaN,NaN,NaN,NaN,NaN,NaN,NaN,NaN,NaN,NaN,NaN,NaN,NaN,NaN,NaN,NaN,NaN,NaN,NaN,NaN,NaN,NaN,NaN,NaN,NaN,NaN,NaN,NaN,NaN,NaN,NaN,NaN,NaN,NaN,NaN,NaN,NaN,NaN,NaN,NaN,NaN,NaN,NaN,NaN,NaN,NaN,NaN,NaN,NaN,NaN,NaN,NaN,NaN,NaN,NaN,NaN,NaN,NaN,NaN,NaN,NaN,NaN,NaN,NaN,NaN,NaN,NaN,NaN,NaN,NaN,NaN,NaN,NaN,NaN,NaN,NaN,NaN,NaN,NaN,NaN,NaN,NaN,NaN,NaN,NaN,NaN,NaN,NaN,NaN,NaN,NaN,NaN,NaN,NaN,NaN,NaN,NaN,NaN,NaN,NaN,NaN,NaN,NaN,NaN,NaN,NaN,NaN,NaN,NaN,NaN,NaN,NaN,NaN,NaN,NaN,NaN,NaN,NaN
99.5,NaN,NaN,NaN,NaN,NaN,NaN,NaN,NaN,NaN,NaN,NaN,NaN,NaN,NaN,NaN,NaN,NaN,NaN,NaN,NaN,NaN,NaN,NaN,NaN,NaN,NaN,NaN,NaN,NaN,NaN,NaN,NaN,NaN,NaN,NaN,NaN,NaN,NaN,NaN,NaN,NaN,NaN,NaN,NaN,NaN,NaN,NaN,NaN,NaN,NaN,NaN,NaN,NaN,NaN,NaN,NaN,NaN,NaN,NaN,NaN,NaN,NaN,NaN,NaN,NaN,NaN,NaN,NaN,NaN,NaN,NaN,NaN,NaN,NaN,NaN,NaN,NaN,NaN,NaN,NaN,NaN,NaN,NaN,NaN,NaN,NaN,NaN,NaN,NaN,NaN,NaN,NaN,NaN,NaN,NaN,NaN,NaN,NaN,NaN,NaN,NaN,NaN,NaN,NaN,NaN,NaN,NaN,NaN,NaN,NaN,NaN,NaN,NaN,NaN,NaN,NaN,NaN,NaN,NaN,NaN,NaN,NaN,NaN,NaN,NaN,NaN,NaN,NaN,NaN
100,NaN,NaN,NaN,NaN,NaN,NaN,NaN,NaN,NaN,NaN,NaN,NaN,NaN,NaN,NaN,NaN,NaN,NaN,NaN,NaN,NaN,NaN,NaN,NaN,NaN,NaN,NaN,NaN,NaN,NaN,NaN,NaN,NaN,NaN,NaN,NaN,NaN,NaN,NaN,NaN,NaN,NaN,NaN,NaN,NaN,NaN,NaN,NaN,NaN,NaN,NaN,NaN,NaN,NaN,NaN,NaN,NaN,NaN,NaN,NaN,NaN,NaN,NaN,NaN,NaN,NaN,NaN,NaN,NaN,NaN,NaN,NaN,NaN,NaN,NaN,NaN,NaN,NaN,NaN,NaN,NaN,NaN,NaN,NaN,NaN,NaN,NaN,NaN,NaN,NaN,NaN,NaN,NaN,NaN,NaN,NaN,NaN,NaN,NaN,NaN,NaN,NaN,NaN,NaN,NaN,NaN,NaN,NaN,NaN,NaN,NaN,NaN,NaN,NaN,NaN,NaN,NaN,NaN,NaN,NaN,NaN,NaN,NaN,NaN,NaN,NaN,NaN,NaN,NaN
